feature_group,model_name,window_id,split,target_hit_bps,entry_policy,quantile,threshold,auc,train_start,train_end,valid_start,valid_end,test_start,test_end,trades,win_rate,avg_return,median_return,compound_return,max_drawdown,profit_factor
reversal_fundamental_regime,xgb_d2_200_lr003_mcw5,1,valid,80.0,all_days,0.8,0.42154568433761597,0.5418367346938775,2020-01-02,2023-02-16,2023-02-17,2023-08-21,2023-08-22,2023-11-24,26,0.6538461538461539,-0.0008225807786578066,0.008,-0.02330355663766226,-0.05297099265195193,0.8470399097920218
reversal_fundamental_regime,xgb_d2_200_lr003_mcw5,1,test,80.0,all_days,0.8,0.42154568433761597,0.5188470066518848,2020-01-02,2023-02-16,2023-02-17,2023-08-21,2023-08-22,2023-11-24,3,0.6666666666666666,0.0013420727448886598,0.003446636528029016,0.003968647891922306,-0.007420418293362929,1.5425864251166415
reversal_fundamental_regime,xgb_d2_200_lr003_mcw5,2,valid,80.0,all_days,0.8,0.2848922312259674,0.5109847505815457,2020-04-09,2023-05-22,2023-05-23,2023-11-24,2023-11-27,2024-03-01,26,0.5769230769230769,-0.001311094329431727,0.008,-0.035459282433019434,-0.0763002516349146,0.7720370999747997
reversal_fundamental_regime,xgb_d2_200_lr003_mcw5,2,test,80.0,all_days,0.8,0.2848922312259674,0.6374722838137472,2020-04-09,2023-05-22,2023-05-23,2023-11-24,2023-11-27,2024-03-01,31,0.7419354838709677,0.0018838228998437213,0.008,0.05714814994544004,-0.06832592187437891,1.4649507728483782
reversal_fundamental_regime,xgb_d2_200_lr003_mcw5,3,valid,80.0,all_days,0.8,0.42016392946243286,0.6686822877299068,2020-07-14,2023-08-21,2023-08-22,2024-03-01,2024-03-04,2024-06-05,26,0.8461538461538461,0.005126510067577779,0.008,0.14147372327925223,-0.02106930335655488,4.493145494335733
reversal_fundamental_regime,xgb_d2_200_lr003_mcw5,3,test,80.0,all_days,0.8,0.42016392946243286,0.5395061728395062,2020-07-14,2023-08-21,2023-08-22,2024-03-01,2024-03-04,2024-06-05,31,0.8064516129032258,0.004186451330825635,0.008,0.13696416662369404,-0.02968136913401065,3.0744553593485384
reversal_fundamental_regime,xgb_d2_200_lr003_mcw5,4,valid,80.0,all_days,0.7,0.464491531252861,0.6156976744186047,2020-10-19,2023-11-24,2023-11-27,2024-06-05,2024-06-06,2024-09-03,38,0.7894736842105263,0.004050266786065601,0.008,0.1644674179212624,-0.02968136913401065,2.9623673738330694
reversal_fundamental_regime,xgb_d2_200_lr003_mcw5,4,test,80.0,all_days,0.7,0.464491531252861,0.4526315789473685,2020-10-19,2023-11-24,2023-11-27,2024-06-05,2024-06-06,2024-09-03,6,0.6666666666666666,0.004659381676455295,0.008,0.028213800896988772,-0.00404136726812665,7.913525070980693
reversal_fundamental_regime,xgb_d2_200_lr003_mcw5,5,valid,80.0,all_days,0.8,0.5262377858161926,0.5177920986270664,2021-01-15,2024-03-01,2024-03-04,2024-09-03,2024-09-04,2024-12-10,26,0.7692307692307693,0.0044660936927296046,0.008,0.12221353104172983,-0.026009775443932237,4.205694667939862
reversal_fundamental_regime,xgb_d2_200_lr003_mcw5,5,test,80.0,all_days,0.8,0.5262377858161926,0.5941043083900227,2021-01-15,2024-03-01,2024-03-04,2024-09-03,2024-09-04,2024-12-10,33,0.7878787878787878,0.002632765812509784,0.008,0.0880765100874823,-0.0545989133336795,1.7173231845578525
reversal_fundamental_regime,xgb_d2_200_lr003_mcw5,6,valid,80.0,all_days,0.8,0.6364606022834778,0.5423913043478261,2021-04-22,2024-06-05,2024-06-06,2024-12-10,2024-12-11,2025-03-18,26,0.8076923076923077,0.004326066029965304,0.008,0.11782730504954131,-0.019443547497424052,3.02581216502916
reversal_fundamental_regime,xgb_d2_200_lr003_mcw5,6,test,80.0,all_days,0.8,0.6364606022834778,0.5663265306122449,2021-04-22,2024-06-05,2024-06-06,2024-12-10,2024-12-11,2025-03-18,1,1.0,0.008,0.008,0.008000000000000007,0.0,inf
reversal_fundamental_regime,xgb_d2_200_lr003_mcw5,7,valid,80.0,all_days,0.6,0.4881836473941803,0.5780545984627616,2021-07-26,2024-09-03,2024-09-04,2025-03-18,2025-03-19,2025-06-20,51,0.7647058823529411,0.0025707518724866593,0.008,0.13648978840715986,-0.05459891333367928,1.7818117827381106
reversal_fundamental_regime,xgb_d2_200_lr003_mcw5,7,test,80.0,all_days,0.6,0.4881836473941803,0.6091836734693878,2021-07-26,2024-09-03,2024-09-04,2025-03-18,2025-03-19,2025-06-20,14,0.8571428571428571,0.004614736027556596,0.008,0.06608619890760425,-0.022548236068451022,3.5950542009731232
reversal_fundamental_regime,xgb_d2_200_lr003_mcw5,8,valid,80.0,all_days,0.5,0.43967272341251373,0.5497448979591837,2021-11-01,2024-12-10,2024-12-11,2025-06-20,2025-06-23,2025-09-17,63,0.6666666666666666,0.0018673750684819173,0.008,0.12179817137895022,-0.03243664378131128,1.6104581009058805
reversal_fundamental_regime,xgb_d2_200_lr003_mcw5,8,test,80.0,all_days,0.5,0.43967272341251373,0.47505197505197505,2021-11-01,2024-12-10,2024-12-11,2025-06-20,2025-06-23,2025-09-17,42,0.5476190476190477,-0.0014244405004719628,0.008,-0.06081954700905434,-0.04572175672806511,0.7546349524371074
reversal_fundamental_regime,xgb_d2_200_lr003_mcw5,9,valid,80.0,all_days,0.6,0.47205764055252075,0.5648148148148148,2022-01-28,2025-03-18,2025-03-19,2025-09-17,2025-09-18,2025-12-23,51,0.6666666666666666,0.0009053911466077395,0.008,0.04402033782935222,-0.047724002725698655,1.21052987973986
reversal_fundamental_regime,xgb_d2_200_lr003_mcw5,9,test,80.0,all_days,0.6,0.47205764055252075,0.5666666666666668,2022-01-28,2025-03-18,2025-03-19,2025-09-17,2025-09-18,2025-12-23,54,0.7407407407407407,0.0008257077521249743,0.008,0.03993250902680079,-0.05509788623258627,1.1618965550074916
reversal_fundamental_regime,xgb_d2_200_lr003_mcw5,10,valid,80.0,all_days,0.8,0.602543830871582,0.5055432372505544,2022-05-11,2025-06-20,2025-06-23,2025-12-23,2025-12-24,2026-04-01,26,0.6923076923076923,-0.0005247504545389965,0.008,-0.016304840315759295,-0.057260939593134164,0.9134533882132482
reversal_fundamental_regime,xgb_d2_200_lr003_mcw5,10,test,80.0,all_days,0.8,0.602543830871582,0.5465425531914894,2022-05-11,2025-06-20,2025-06-23,2025-12-23,2025-12-24,2026-04-01,9,0.6666666666666666,-0.006507462586537921,0.008,-0.059345211648501595,-0.07421698992238845,0.450420171872308
reversal_fundamental_regime,xgb_d3_400_lr003_mcw3,1,valid,80.0,all_days,0.8,0.46489250659942627,0.4943877551020408,2020-01-02,2023-02-16,2023-02-17,2023-08-21,2023-08-22,2023-11-24,26,0.6153846153846154,-0.0016511734395787357,0.008,-0.044095194515934466,-0.09080487027541417,0.7268862600145406
reversal_fundamental_regime,xgb_d3_400_lr003_mcw3,1,test,80.0,all_days,0.8,0.46489250659942627,0.44900221729490025,2020-01-02,2023-02-16,2023-02-17,2023-08-21,2023-08-22,2023-11-24,8,0.625,-0.0011018255061861506,0.005723318264014508,-0.009527454854694528,-0.03420465346534651,0.8008504973092317
reversal_fundamental_regime,xgb_d3_400_lr003_mcw3,2,valid,80.0,all_days,0.7,0.28165188431739807,0.439131558542259,2020-04-09,2023-05-22,2023-05-23,2023-11-24,2023-11-27,2024-03-01,38,0.47368421052631576,-0.0025222867262504342,-0.0018368709000154936,-0.09393640599528974,-0.08697145442858467,0.5809177339835376
reversal_fundamental_regime,xgb_d3_400_lr003_mcw3,2,test,80.0,all_days,0.7,0.28165188431739807,0.6308203991130821,2020-04-09,2023-05-22,2023-05-23,2023-11-24,2023-11-27,2024-03-01,38,0.7368421052631579,0.002098879338455664,0.008,0.07972796089861145,-0.06919429778939801,1.562701872514148
reversal_fundamental_regime,xgb_d3_400_lr003_mcw3,3,valid,80.0,all_days,0.7,0.4831523299217224,0.6681783824640968,2020-07-14,2023-08-21,2023-08-22,2024-03-01,2024-03-04,2024-06-05,38,0.7894736842105263,0.003986725833138004,0.008,0.1619710665881191,-0.02441460200491119,3.059203387563788
reversal_fundamental_regime,xgb_d3_400_lr003_mcw3,3,test,80.0,all_days,0.7,0.4831523299217224,0.5320987654320988,2020-07-14,2023-08-21,2023-08-22,2024-03-01,2024-03-04,2024-06-05,30,0.7666666666666667,0.0035661366436200623,0.008,0.11138420512853187,-0.02968136913401065,2.542515878357109
reversal_fundamental_regime,xgb_d3_400_lr003_mcw3,4,valid,80.0,all_days,0.5,0.403219997882843,0.6180232558139535,2020-10-19,2023-11-24,2023-11-27,2024-06-05,2024-06-06,2024-09-03,63,0.8095238095238095,0.004092076970926377,0.008,0.2901655674716177,-0.02968136913401076,2.8086193442134855
reversal_fundamental_regime,xgb_d3_400_lr003_mcw3,4,test,80.0,all_days,0.5,0.403219997882843,0.45052631578947366,2020-10-19,2023-11-24,2023-11-27,2024-06-05,2024-06-06,2024-09-03,17,0.5882352941176471,0.00173024208194118,0.008,0.029169710842431362,-0.030682313582660825,1.6266522545808204
reversal_fundamental_regime,xgb_d3_400_lr003_mcw3,5,valid,80.0,all_days,0.7,0.5233288407325745,0.5214345755113476,2021-01-15,2024-03-01,2024-03-04,2024-09-03,2024-09-04,2024-12-10,38,0.7894736842105263,0.0040236122565191455,0.008,0.16332584630608582,-0.02415433675966694,2.924598506600569
reversal_fundamental_regime,xgb_d3_400_lr003_mcw3,5,test,80.0,all_days,0.7,0.5233288407325745,0.6428571428571428,2021-01-15,2024-03-01,2024-03-04,2024-09-03,2024-09-04,2024-12-10,37,0.8108108108108109,0.003128797143976922,0.008,0.11987698848173234,-0.0545989133336795,1.9748215854287896
reversal_fundamental_regime,xgb_d3_400_lr003_mcw3,6,valid,80.0,all_days,0.8,0.7587090730667114,0.538586956521739,2021-04-22,2024-06-05,2024-06-06,2024-12-10,2024-12-11,2025-03-18,26,0.7692307692307693,0.003134559893091822,0.008,0.08354506414313057,-0.02415433675966705,2.088766083553471
reversal_fundamental_regime,xgb_d3_400_lr003_mcw3,6,test,80.0,all_days,0.8,0.7587090730667114,0.5724489795918367,2021-04-22,2024-06-05,2024-06-06,2024-12-10,2024-12-11,2025-03-18,1,1.0,0.008,0.008,0.008000000000000007,0.0,inf
reversal_fundamental_regime,xgb_d3_400_lr003_mcw3,7,valid,80.0,all_days,0.8,0.7069661021232605,0.575139146567718,2021-07-26,2024-09-03,2024-09-04,2025-03-18,2025-03-19,2025-06-20,26,0.8076923076923077,0.004269905579750053,0.008,0.11632078979347171,-0.018000079349106968,3.1555331325891633
reversal_fundamental_regime,xgb_d3_400_lr003_mcw3,7,test,80.0,all_days,0.8,0.7069661021232605,0.620408163265306,2021-07-26,2024-09-03,2024-09-04,2025-03-18,2025-03-19,2025-06-20,4,0.75,0.0003629409828872455,0.008,0.0010987774598840705,-0.022548236068451022,1.0643848116163843
reversal_fundamental_regime,xgb_d3_400_lr003_mcw3,8,valid,80.0,all_days,0.8,0.5822521448135376,0.553826530612245,2021-11-01,2024-12-10,2024-12-11,2025-06-20,2025-06-23,2025-09-17,26,0.7307692307692307,0.003282087114477943,0.008,0.08807557171875802,-0.029746429946963637,2.5980049697002827
reversal_fundamental_regime,xgb_d3_400_lr003_mcw3,8,test,80.0,all_days,0.8,0.5822521448135376,0.5114345114345115,2021-11-01,2024-12-10,2024-12-11,2025-06-20,2025-06-23,2025-09-17,20,0.6,-0.0005742618237640301,0.008,-0.012888469381548306,-0.04132991522110907,0.8931459161098655
reversal_fundamental_regime,xgb_d3_400_lr003_mcw3,9,valid,80.0,all_days,0.5,0.4937976598739624,0.5733024691358024,2022-01-28,2025-03-18,2025-03-19,2025-09-17,2025-09-18,2025-12-23,63,0.6666666666666666,0.0015611888591686915,0.008,0.09980554958274479,-0.04572175672806533,1.4255073711398756
reversal_fundamental_regime,xgb_d3_400_lr003_mcw3,9,test,80.0,all_days,0.5,0.4937976598739624,0.4469135802469136,2022-01-28,2025-03-18,2025-03-19,2025-09-17,2025-09-18,2025-12-23,48,0.7291666666666666,0.0010120484574198706,0.008,0.045204765232994104,-0.06426197883611773,1.2099126028573708
reversal_fundamental_regime,xgb_d3_400_lr003_mcw3,10,valid,80.0,all_days,0.7,0.6463387310504913,0.5008314855875832,2022-05-11,2025-06-20,2025-06-23,2025-12-23,2025-12-24,2026-04-01,38,0.7368421052631579,0.001826980072264911,0.008,0.06907490119527693,-0.06258475869162006,1.4491369999825765
reversal_fundamental_regime,xgb_d3_400_lr003_mcw3,10,test,80.0,all_days,0.7,0.6463387310504913,0.5811170212765957,2022-05-11,2025-06-20,2025-06-23,2025-12-23,2025-12-24,2026-04-01,9,0.7777777777777778,0.0010021746140314114,0.008,0.008258881229014747,-0.04643932716185495,1.1919857229767201
reversal_fundamental_regime,xgb_d3_600_lr002_mcw3,1,valid,80.0,all_days,0.8,0.4743001461029053,0.48112244897959183,2020-01-02,2023-02-16,2023-02-17,2023-08-21,2023-08-22,2023-11-24,26,0.5769230769230769,-0.0022689195832097104,0.004699108729743882,-0.059502246479717136,-0.09623586666934192,0.6430152959504222
reversal_fundamental_regime,xgb_d3_600_lr002_mcw3,1,test,80.0,all_days,0.8,0.4743001461029053,0.5,2020-01-02,2023-02-16,2023-02-17,2023-08-21,2023-08-22,2023-11-24,7,0.7142857142857143,-0.00038257384818820135,0.008,-0.003411804578528521,-0.03420465346534651,0.9297562943161803
reversal_fundamental_regime,xgb_d3_600_lr002_mcw3,2,valid,80.0,all_days,0.5,0.20671606808900833,0.4654949599379684,2020-04-09,2023-05-22,2023-05-23,2023-11-24,2023-11-27,2024-03-01,63,0.47619047619047616,-0.002044951749655363,-0.0007670149253731183,-0.12443081902051989,-0.11770027937719552,0.632037263876756
reversal_fundamental_regime,xgb_d3_600_lr002_mcw3,2,test,80.0,all_days,0.5,0.20671606808900833,0.647450110864745,2020-04-09,2023-05-22,2023-05-23,2023-11-24,2023-11-27,2024-03-01,55,0.7272727272727273,0.0016804101464729033,0.008,0.09235951786278584,-0.07647920273112863,1.430411607164334
reversal_fundamental_regime,xgb_d3_600_lr002_mcw3,3,valid,80.0,all_days,0.8,0.5743100643157959,0.6465104560342655,2020-07-14,2023-08-21,2023-08-22,2024-03-01,2024-03-04,2024-06-05,26,0.8076923076923077,0.0038687039700418704,0.008,0.10458634220021867,-0.02106930335655477,2.600155422815471
reversal_fundamental_regime,xgb_d3_600_lr002_mcw3,3,test,80.0,all_days,0.8,0.5743100643157959,0.5172839506172839,2020-07-14,2023-08-21,2023-08-22,2024-03-01,2024-03-04,2024-06-05,21,0.7619047619047619,0.0030051089919840407,0.008,0.0639513965387033,-0.02968136913401065,2.1026247076405142
reversal_fundamental_regime,xgb_d3_600_lr002_mcw3,4,valid,80.0,all_days,0.8,0.5457781553268433,0.6081395348837209,2020-10-19,2023-11-24,2023-11-27,2024-06-05,2024-06-06,2024-09-03,26,0.8076923076923077,0.004712351493908704,0.008,0.12921087443999335,-0.02106930335655477,3.6940238985968397
reversal_fundamental_regime,xgb_d3_600_lr002_mcw3,4,test,80.0,all_days,0.8,0.5457781553268433,0.431578947368421,2020-10-19,2023-11-24,2023-11-27,2024-06-05,2024-06-06,2024-09-03,1,1.0,0.008,0.008,0.008000000000000007,0.0,inf
reversal_fundamental_regime,xgb_d3_600_lr002_mcw3,5,valid,80.0,all_days,0.8,0.5491861701011658,0.5093863827402635,2021-01-15,2024-03-01,2024-03-04,2024-09-03,2024-09-04,2024-12-10,26,0.7692307692307693,0.0043935806446256985,0.008,0.12006079052517604,-0.019233592141879363,3.9976232856143823
reversal_fundamental_regime,xgb_d3_600_lr002_mcw3,5,test,80.0,all_days,0.8,0.5491861701011658,0.6337868480725624,2021-01-15,2024-03-01,2024-03-04,2024-09-03,2024-09-04,2024-12-10,28,0.8214285714285714,0.0028694206329758576,0.008,0.08126542543325521,-0.05459891333367939,1.8183540145609551
reversal_fundamental_regime,xgb_d3_600_lr002_mcw3,6,valid,80.0,all_days,0.8,0.7372240424156189,0.5355978260869565,2021-04-22,2024-06-05,2024-06-06,2024-12-10,2024-12-11,2025-03-18,26,0.8076923076923077,0.004530864863496038,0.008,0.12395102082567888,-0.018000079349106968,3.5306587762186745
reversal_fundamental_regime,xgb_d3_600_lr002_mcw3,6,test,80.0,all_days,0.8,0.7372240424156189,0.5795918367346938,2021-04-22,2024-06-05,2024-06-06,2024-12-10,2024-12-11,2025-03-18,1,1.0,0.008,0.008,0.008000000000000007,0.0,inf
reversal_fundamental_regime,xgb_d3_600_lr002_mcw3,7,valid,80.0,all_days,0.8,0.6890140175819397,0.5714285714285715,2021-07-26,2024-09-03,2024-09-04,2025-03-18,2025-03-19,2025-06-20,26,0.8076923076923077,0.004269905579750053,0.008,0.11632078979347171,-0.018000079349106968,3.1555331325891633
reversal_fundamental_regime,xgb_d3_600_lr002_mcw3,7,test,80.0,all_days,0.8,0.6890140175819397,0.6377551020408163,2021-07-26,2024-09-03,2024-09-04,2025-03-18,2025-03-19,2025-06-20,5,0.8,0.0018903527863097964,0.008,0.009107567679563111,-0.022548236068451022,1.4191797488218458
reversal_fundamental_regime,xgb_d3_600_lr002_mcw3,8,valid,80.0,all_days,0.8,0.5672308206558228,0.5573979591836735,2021-11-01,2024-12-10,2024-12-11,2025-06-20,2025-06-23,2025-09-17,26,0.7692307692307693,0.0038730195992593506,0.008,0.10491705575859611,-0.02254823606845091,3.1873740143495572
reversal_fundamental_regime,xgb_d3_600_lr002_mcw3,8,test,80.0,all_days,0.8,0.5672308206558228,0.5498960498960499,2021-11-01,2024-12-10,2024-12-11,2025-06-20,2025-06-23,2025-09-17,24,0.625,0.0004562133852828142,0.008,0.009714757033987942,-0.029461318008968007,1.1061835766660113
reversal_fundamental_regime,xgb_d3_600_lr002_mcw3,9,valid,80.0,all_days,0.8,0.6117438077926636,0.5745884773662551,2022-01-28,2025-03-18,2025-03-19,2025-09-17,2025-09-18,2025-12-23,26,0.7307692307692307,0.0012503864045961053,0.008,0.031083017353282116,-0.04132991522110918,1.2720734720580826
reversal_fundamental_regime,xgb_d3_600_lr002_mcw3,9,test,80.0,all_days,0.8,0.6117438077926636,0.5061728395061729,2022-01-28,2025-03-18,2025-03-19,2025-09-17,2025-09-18,2025-12-23,20,0.75,0.0015453486367418738,0.008,0.02970580236790532,-0.041289417832320985,1.3469067522293396
reversal_fundamental_regime,xgb_d3_600_lr002_mcw3,10,valid,80.0,all_days,0.8,0.6929545998573303,0.477549889135255,2022-05-11,2025-06-20,2025-06-23,2025-12-23,2025-12-24,2026-04-01,26,0.7307692307692307,0.00033874230672143385,0.008,0.00638586231315541,-0.06258475869162017,1.0615066268965156
reversal_fundamental_regime,xgb_d3_600_lr002_mcw3,10,test,80.0,all_days,0.8,0.6929545998573303,0.5797872340425532,2022-05-11,2025-06-20,2025-06-23,2025-12-23,2025-12-24,2026-04-01,6,0.6666666666666666,-0.002496738078952883,0.008,-0.01555726153462178,-0.04643932716185495,0.68113469884384
reversal_fundamental_regime,xgb_d4_500_lr002_mcw5,1,valid,80.0,all_days,0.8,0.48950088024139404,0.5193877551020408,2020-01-02,2023-02-16,2023-02-17,2023-08-21,2023-08-22,2023-11-24,26,0.6923076923076923,0.0012075489396506393,0.008,0.03032800487606435,-0.06565970145651023,1.3175756499501974
reversal_fundamental_regime,xgb_d4_500_lr002_mcw5,1,test,80.0,all_days,0.8,0.48950088024139404,0.5277161862527715,2020-01-02,2023-02-16,2023-02-17,2023-08-21,2023-08-22,2023-11-24,7,0.5714285714285714,-0.0025854907472400643,0.003446636528029016,-0.018657644697205877,-0.041371258922417,0.6026258268608495
reversal_fundamental_regime,xgb_d4_500_lr002_mcw5,2,valid,80.0,all_days,0.8,0.32872262597084045,0.47815973119669164,2020-04-09,2023-05-22,2023-05-23,2023-11-24,2023-11-27,2024-03-01,26,0.5384615384615384,-0.0022383958925654927,0.005723318264014508,-0.058719659303416494,-0.05857972294506242,0.6486563560991387
reversal_fundamental_regime,xgb_d4_500_lr002_mcw5,2,test,80.0,all_days,0.8,0.32872262597084045,0.6241685144124168,2020-04-09,2023-05-22,2023-05-23,2023-11-24,2023-11-27,2024-03-01,34,0.7352941176470589,0.0020067163639467802,0.008,0.06751640693453753,-0.07995941655302297,1.5177772280653787
reversal_fundamental_regime,xgb_d4_500_lr002_mcw5,3,valid,80.0,all_days,0.8,0.5027586221694946,0.6669186192995719,2020-07-14,2023-08-21,2023-08-22,2024-03-01,2024-03-04,2024-06-05,26,0.8076923076923077,0.004365052106933771,0.008,0.11905428817024344,-0.02106930335655488,3.2718589668526397
reversal_fundamental_regime,xgb_d4_500_lr002_mcw5,3,test,80.0,all_days,0.8,0.5027586221694946,0.5308641975308642,2020-07-14,2023-08-21,2023-08-22,2024-03-01,2024-03-04,2024-06-05,27,0.7777777777777778,0.0036214811576146173,0.008,0.10129748877890643,-0.02968136913401065,2.5629545427980402
reversal_fundamental_regime,xgb_d4_500_lr002_mcw5,4,valid,80.0,all_days,0.8,0.5426084399223328,0.6026162790697674,2020-10-19,2023-11-24,2023-11-27,2024-06-05,2024-06-06,2024-09-03,26,0.7307692307692307,0.003979684278621916,0.008,0.10797158143649899,-0.02106930335655477,3.1321988570562844
reversal_fundamental_regime,xgb_d4_500_lr002_mcw5,4,test,80.0,all_days,0.8,0.5426084399223328,0.4168421052631579,2020-10-19,2023-11-24,2023-11-27,2024-06-05,2024-06-06,2024-09-03,2,1.0,0.008,0.008,0.016064000000000078,0.0,inf
reversal_fundamental_regime,xgb_d4_500_lr002_mcw5,5,valid,80.0,all_days,0.8,0.5860658884048462,0.49817876155785934,2021-01-15,2024-03-01,2024-03-04,2024-09-03,2024-09-04,2024-12-10,26,0.7692307692307693,0.0038613279571550058,0.008,0.10450876175598944,-0.026009775443932237,2.932653894131977
reversal_fundamental_regime,xgb_d4_500_lr002_mcw5,5,test,80.0,all_days,0.8,0.5860658884048462,0.6485260770975056,2021-01-15,2024-03-01,2024-03-04,2024-09-03,2024-09-04,2024-12-10,28,0.8214285714285714,0.0030650968593329275,0.008,0.08717471000672616,-0.05459891333367961,1.8741605504006915
reversal_fundamental_regime,xgb_d4_500_lr002_mcw5,6,valid,80.0,all_days,0.8,0.7021664977073669,0.5228260869565218,2021-04-22,2024-06-05,2024-06-06,2024-12-10,2024-12-11,2025-03-18,26,0.6923076923076923,0.002684797335750983,0.008,0.07125576076432183,-0.02708895237083031,1.98946599697014
reversal_fundamental_regime,xgb_d4_500_lr002_mcw5,6,test,80.0,all_days,0.8,0.7021664977073669,0.5561224489795918,2021-04-22,2024-06-05,2024-06-06,2024-12-10,2024-12-11,2025-03-18,1,1.0,0.008,0.008,0.008000000000000007,0.0,inf
reversal_fundamental_regime,xgb_d4_500_lr002_mcw5,7,valid,80.0,all_days,0.8,0.6363869309425354,0.5960773919957594,2021-07-26,2024-09-03,2024-09-04,2025-03-18,2025-03-19,2025-06-20,26,0.7692307692307693,0.0021053473593678532,0.008,0.05408554927320197,-0.05459891333367939,1.5485860427426605
reversal_fundamental_regime,xgb_d4_500_lr002_mcw5,7,test,80.0,all_days,0.8,0.6363869309425354,0.6234693877551021,2021-07-26,2024-09-03,2024-09-04,2025-03-18,2025-03-19,2025-06-20,5,0.6,-0.0011824961345535262,0.008,-0.006273558810412694,-0.022548236068451022,0.8023406772093509
reversal_fundamental_regime,xgb_d4_500_lr002_mcw5,8,valid,80.0,all_days,0.6,0.4931110441684723,0.5750000000000001,2021-11-01,2024-12-10,2024-12-11,2025-06-20,2025-06-23,2025-09-17,51,0.7450980392156863,0.003321810707866993,0.008,0.1825141153679739,-0.02904487665819,2.5926146277280817
reversal_fundamental_regime,xgb_d4_500_lr002_mcw5,8,test,80.0,all_days,0.6,0.4931110441684723,0.5561330561330562,2021-11-01,2024-12-10,2024-12-11,2025-06-20,2025-06-23,2025-09-17,35,0.6,0.00024111424402196603,0.008,0.006364127312139756,-0.04572175672806511,1.0528888541911354
reversal_fundamental_regime,xgb_d4_500_lr002_mcw5,9,valid,80.0,all_days,0.6,0.5167068243026733,0.5655864197530864,2022-01-28,2025-03-18,2025-03-19,2025-09-17,2025-09-18,2025-12-23,51,0.6470588235294118,0.0007622827548159649,0.008,0.036531506703818106,-0.04471128984010864,1.1778217249957577
reversal_fundamental_regime,xgb_d4_500_lr002_mcw5,9,test,80.0,all_days,0.6,0.5167068243026733,0.46543209876543207,2022-01-28,2025-03-18,2025-03-19,2025-09-17,2025-09-18,2025-12-23,43,0.6976744186046512,0.00019949595246869246,0.008,0.004381536551431253,-0.06653871339109907,1.0370679453063179
reversal_fundamental_regime,xgb_d4_500_lr002_mcw5,10,valid,80.0,all_days,0.7,0.6544449627399445,0.48835920177383596,2022-05-11,2025-06-20,2025-06-23,2025-12-23,2025-12-24,2026-04-01,38,0.7105263157894737,0.0004524757091200945,0.008,0.014256732060719424,-0.06183094654732868,1.0891485017750873
reversal_fundamental_regime,xgb_d4_500_lr002_mcw5,10,test,80.0,all_days,0.7,0.6544449627399445,0.5531914893617021,2022-05-11,2025-06-20,2025-06-23,2025-12-23,2025-12-24,2026-04-01,6,0.3333333333333333,-0.015603167943207466,-0.011636338739199111,-0.09163432185292164,-0.07288733131643477,0.14596008795971463
reversal_fundamental_regime,extra_trees_600_d3,1,valid,80.0,all_days,0.7,0.48095436846651685,0.5079081632653062,2020-01-02,2023-02-16,2023-02-17,2023-08-21,2023-08-22,2023-11-24,38,0.5,-0.004195468420231328,-0.0007542547075850524,-0.1507355158171999,-0.14779853478013838,0.47698755731602926
reversal_fundamental_regime,extra_trees_600_d3,1,test,80.0,all_days,0.7,0.48095436846651685,0.4312638580931264,2020-01-02,2023-02-16,2023-02-17,2023-08-21,2023-08-22,2023-11-24,34,0.38235294117647056,-0.002621574041186791,-0.003231239620403333,-0.0866966504914608,-0.09394508977327465,0.4915881201194109
reversal_fundamental_regime,extra_trees_600_d3,2,valid,80.0,all_days,0.5,0.3409931040276662,0.4887567846988886,2020-04-09,2023-05-22,2023-05-23,2023-11-24,2023-11-27,2024-03-01,63,0.4603174603174603,-0.0021551020150792194,-0.0018794017094017033,-0.13043288639842088,-0.12808585079190582,0.6161822753192362
reversal_fundamental_regime,extra_trees_600_d3,2,test,80.0,all_days,0.5,0.3409931040276662,0.647450110864745,2020-04-09,2023-05-22,2023-05-23,2023-11-24,2023-11-27,2024-03-01,59,0.711864406779661,0.0019637416152395257,0.008,0.11834183889743888,-0.0764792027311284,1.5522571687458604
reversal_fundamental_regime,extra_trees_600_d3,3,valid,80.0,all_days,0.7,0.36547556780500584,0.6888384983623079,2020-07-14,2023-08-21,2023-08-22,2024-03-01,2024-03-04,2024-06-05,38,0.7631578947368421,0.0028994664349027356,0.008,0.1143876331414071,-0.037991430765721756,1.9626445588462291
reversal_fundamental_regime,extra_trees_600_d3,3,test,80.0,all_days,0.7,0.36547556780500584,0.39876543209876547,2020-07-14,2023-08-21,2023-08-22,2024-03-01,2024-03-04,2024-06-05,63,0.7301587301587301,0.0014633851295965006,0.008,0.09140619934252947,-0.06817210565423593,1.343815200516329
reversal_fundamental_regime,extra_trees_600_d3,4,valid,80.0,all_days,0.6,0.32236521258865114,0.611046511627907,2020-10-19,2023-11-24,2023-11-27,2024-06-05,2024-06-06,2024-09-03,51,0.8235294117647058,0.0033541606221649486,0.008,0.18253768181064323,-0.06817210565423582,2.037131471098576
reversal_fundamental_regime,extra_trees_600_d3,4,test,80.0,all_days,0.6,0.32236521258865114,0.4242105263157895,2020-10-19,2023-11-24,2023-11-27,2024-06-05,2024-06-06,2024-09-03,42,0.6428571428571429,-0.001762694661745405,0.008,-0.07612123954806149,-0.14005595381269453,0.7343561392968675
reversal_fundamental_regime,extra_trees_600_d3,5,valid,80.0,all_days,0.5,0.4276673258870377,0.5040627626786215,2021-01-15,2024-03-01,2024-03-04,2024-09-03,2024-09-04,2024-12-10,63,0.7142857142857143,0.0016688130547205368,0.008,0.10619539423583935,-0.06817210565423604,1.4252943816923895
reversal_fundamental_regime,extra_trees_600_d3,5,test,80.0,all_days,0.5,0.4276673258870377,0.6303854875283447,2021-01-15,2024-03-01,2024-03-04,2024-09-03,2024-09-04,2024-12-10,35,0.8285714285714286,0.0034631914177231313,0.008,0.12603220855406438,-0.05459891333367961,2.094083934900133
reversal_fundamental_regime,extra_trees_600_d3,6,valid,80.0,all_days,0.6,0.540546482862224,0.5315217391304348,2021-04-22,2024-06-05,2024-06-06,2024-12-10,2024-12-11,2025-03-18,51,0.7058823529411765,0.00019398746233906917,0.008,0.0047191129795700615,-0.0950978954698175,1.037086175283712
reversal_fundamental_regime,extra_trees_600_d3,6,test,80.0,all_days,0.6,0.540546482862224,0.516326530612245,2021-04-22,2024-06-05,2024-06-06,2024-12-10,2024-12-11,2025-03-18,0,,,,,,
reversal_fundamental_regime,extra_trees_600_d3,7,valid,80.0,all_days,0.8,0.5031468310133027,0.6106546514709781,2021-07-26,2024-09-03,2024-09-04,2025-03-18,2025-03-19,2025-06-20,26,0.7692307692307693,0.0031869618830882105,0.008,0.08507655937267078,-0.019942205688335823,2.074178023895096
reversal_fundamental_regime,extra_trees_600_d3,7,test,80.0,all_days,0.8,0.5031468310133027,0.5357142857142858,2021-07-26,2024-09-03,2024-09-04,2025-03-18,2025-03-19,2025-06-20,29,0.6206896551724138,-0.0013600840524309273,0.008,-0.04217821394510379,-0.09819114742412705,0.772028609715625
reversal_fundamental_regime,extra_trees_600_d3,8,valid,80.0,all_days,0.6,0.5225010701994294,0.5214285714285715,2021-11-01,2024-12-10,2024-12-11,2025-06-20,2025-06-23,2025-09-17,51,0.6666666666666666,0.0007137266894710445,0.008,0.032507749919927775,-0.09819114742412682,1.1664576557473187
reversal_fundamental_regime,extra_trees_600_d3,8,test,80.0,all_days,0.6,0.5225010701994294,0.4677754677754678,2021-11-01,2024-12-10,2024-12-11,2025-06-20,2025-06-23,2025-09-17,46,0.6086956521739131,2.8005228546835547e-05,0.008,-0.0015647227130726193,-0.04572175672806522,1.0057843398845339
reversal_fundamental_regime,extra_trees_600_d3,9,valid,80.0,all_days,0.5,0.5220114045149742,0.5012860082304527,2022-01-28,2025-03-18,2025-03-19,2025-09-17,2025-09-18,2025-12-23,63,0.6190476190476191,0.0004612483502828923,0.008,0.02597521712394535,-0.04184227736368906,1.1075896867947348
reversal_fundamental_regime,extra_trees_600_d3,9,test,80.0,all_days,0.5,0.5220114045149742,0.5320987654320988,2022-01-28,2025-03-18,2025-03-19,2025-09-17,2025-09-18,2025-12-23,45,0.7333333333333333,-0.0002075344418328488,0.008,-0.014571459072536763,-0.09282878321861743,0.9658334588984139
reversal_fundamental_regime,extra_trees_600_d3,10,valid,80.0,all_days,0.6,0.5428907354043052,0.5643015521064302,2022-05-11,2025-06-20,2025-06-23,2025-12-23,2025-12-24,2026-04-01,51,0.7058823529411765,-0.00014921488557204365,0.008,-0.012954399077965029,-0.1000285547803742,0.9742567564851634
reversal_fundamental_regime,extra_trees_600_d3,10,test,80.0,all_days,0.6,0.5428907354043052,0.4574468085106383,2022-05-11,2025-06-20,2025-06-23,2025-12-23,2025-12-24,2026-04-01,47,0.7659574468085106,-0.0011466751051068494,0.008,-0.06214970251981089,-0.1221963768822728,0.8423670128449666
reversal_fundamental_regime,random_forest_600_d4,1,valid,80.0,all_days,0.7,0.48504464301500383,0.6066326530612246,2020-01-02,2023-02-16,2023-02-17,2023-08-21,2023-08-22,2023-11-24,38,0.631578947368421,-0.0009231360344101293,0.008,-0.03729076282403487,-0.10038600640121376,0.8380860134161879
reversal_fundamental_regime,random_forest_600_d4,1,test,80.0,all_days,0.7,0.48504464301500383,0.5376940133037693,2020-01-02,2023-02-16,2023-02-17,2023-08-21,2023-08-22,2023-11-24,9,0.5555555555555556,-0.0019269976372726298,0.008,-0.018041586211208882,-0.03420465346534651,0.6975570659580863
reversal_fundamental_regime,random_forest_600_d4,2,valid,80.0,all_days,0.8,0.38293786629732895,0.5681054536055828,2020-04-09,2023-05-22,2023-05-23,2023-11-24,2023-11-27,2024-03-01,26,0.5769230769230769,-0.0008613673636923366,0.008,-0.024058959023546045,-0.06904775673093011,0.8427229556892388
reversal_fundamental_regime,random_forest_600_d4,2,test,80.0,all_days,0.8,0.38293786629732895,0.6108647450110865,2020-04-09,2023-05-22,2023-05-23,2023-11-24,2023-11-27,2024-03-01,36,0.7222222222222222,0.0010932382645970746,0.008,0.03670803506010101,-0.07656864217469339,1.2442827208619034
reversal_fundamental_regime,random_forest_600_d4,3,valid,80.0,all_days,0.8,0.43618136413085334,0.7117661879566641,2020-07-14,2023-08-21,2023-08-22,2024-03-01,2024-03-04,2024-06-05,26,0.7692307692307693,0.003146177564232889,0.008,0.08385157808845278,-0.034232382902773306,2.110726918139057
reversal_fundamental_regime,random_forest_600_d4,3,test,80.0,all_days,0.8,0.43618136413085334,0.5111111111111112,2020-07-14,2023-08-21,2023-08-22,2024-03-01,2024-03-04,2024-06-05,44,0.75,0.0017943124219836689,0.008,0.07865599688204727,-0.06817210565423604,1.4450600082013223
reversal_fundamental_regime,random_forest_600_d4,4,valid,80.0,all_days,0.5,0.3668420835936679,0.6133720930232558,2020-10-19,2023-11-24,2023-11-27,2024-06-05,2024-06-06,2024-09-03,63,0.7619047619047619,0.0023411139476709536,0.008,0.15386370171401187,-0.06817210565423604,1.6444817928081987
reversal_fundamental_regime,random_forest_600_d4,4,test,80.0,all_days,0.5,0.3668420835936679,0.45684210526315777,2020-10-19,2023-11-24,2023-11-27,2024-06-05,2024-06-06,2024-09-03,35,0.6285714285714286,-0.0007561297111562638,0.008,-0.02920476867208721,-0.09449426891208967,0.8615326077681628
reversal_fundamental_regime,random_forest_600_d4,5,valid,80.0,all_days,0.7,0.4871548346114394,0.5063042869151022,2021-01-15,2024-03-01,2024-03-04,2024-09-03,2024-09-04,2024-12-10,38,0.6842105263157895,0.0017998620510550338,0.008,0.06842947725636539,-0.05142643849719297,1.4899153995287733
reversal_fundamental_regime,random_forest_600_d4,5,test,80.0,all_days,0.7,0.4871548346114394,0.6156462585034014,2021-01-15,2024-03-01,2024-03-04,2024-09-03,2024-09-04,2024-12-10,33,0.8181818181818182,0.003188233321827563,0.008,0.10822960812907856,-0.05459891333367961,1.9496643531828823
reversal_fundamental_regime,random_forest_600_d4,6,valid,80.0,all_days,0.7,0.5941112864464317,0.5453804347826087,2021-04-22,2024-06-05,2024-06-06,2024-12-10,2024-12-11,2025-03-18,38,0.7368421052631579,0.0008626270948011823,0.008,0.029914224035463732,-0.04174107877022426,1.1747579206176875
reversal_fundamental_regime,random_forest_600_d4,6,test,80.0,all_days,0.7,0.5941112864464317,0.5357142857142857,2021-04-22,2024-06-05,2024-06-06,2024-12-10,2024-12-11,2025-03-18,0,,,,,,
reversal_fundamental_regime,random_forest_600_d4,7,valid,80.0,all_days,0.5,0.4865947500404053,0.6117148157964485,2021-07-26,2024-09-03,2024-09-04,2025-03-18,2025-03-19,2025-06-20,63,0.7777777777777778,0.0021097151253463395,0.008,0.13654266051062125,-0.05459891333367939,1.5405249585656926
reversal_fundamental_regime,random_forest_600_d4,7,test,80.0,all_days,0.5,0.4865947500404053,0.6030612244897959,2021-07-26,2024-09-03,2024-09-04,2025-03-18,2025-03-19,2025-06-20,17,0.6470588235294118,0.0008463427023310727,0.008,0.013631185628833142,-0.02974642994696375,1.214377581462758
reversal_fundamental_regime,random_forest_600_d4,8,valid,80.0,all_days,0.8,0.5365529507922088,0.5589285714285713,2021-11-01,2024-12-10,2024-12-11,2025-06-20,2025-06-23,2025-09-17,26,0.6538461538461539,0.001838868521197255,0.008,0.04782869897698849,-0.02468922167596299,1.5852565854233562
reversal_fundamental_regime,random_forest_600_d4,8,test,80.0,all_days,0.8,0.5365529507922088,0.4823284823284823,2021-11-01,2024-12-10,2024-12-11,2025-06-20,2025-06-23,2025-09-17,38,0.5526315789473685,-0.0012396958086486032,0.008,-0.04849540626533455,-0.05965780721657332,0.7810014308640132
reversal_fundamental_regime,random_forest_600_d4,9,valid,80.0,all_days,0.5,0.5142651752921445,0.5552983539094649,2022-01-28,2025-03-18,2025-03-19,2025-09-17,2025-09-18,2025-12-23,63,0.6349206349206349,0.0003462684111383193,0.008,0.01806949752795295,-0.04572175672806522,1.0747886781175324
reversal_fundamental_regime,random_forest_600_d4,9,test,80.0,all_days,0.5,0.5142651752921445,0.4839506172839506,2022-01-28,2025-03-18,2025-03-19,2025-09-17,2025-09-18,2025-12-23,62,0.7258064516129032,0.0002798286970363725,0.008,0.010895311600081614,-0.07422478460852477,1.0506328550538504
reversal_fundamental_regime,random_forest_600_d4,10,valid,80.0,all_days,0.8,0.6004645688355048,0.5388026607538803,2022-05-11,2025-06-20,2025-06-23,2025-12-23,2025-12-24,2026-04-01,26,0.7307692307692307,-6.59762205244549e-05,0.008,-0.004633279903627607,-0.0665571440759597,0.9888405329753642
reversal_fundamental_regime,random_forest_600_d4,10,test,80.0,all_days,0.8,0.6004645688355048,0.511968085106383,2022-05-11,2025-06-20,2025-06-23,2025-12-23,2025-12-24,2026-04-01,11,0.6363636363636364,-0.004623029597303735,0.008,-0.05199707308044865,-0.06311483720863875,0.5240828930788443
reversal_fundamental_regime,lgbm_leaves7_400,1,valid,80.0,all_days,0.8,0.6090255472966832,0.5104591836734693,2020-01-02,2023-02-16,2023-02-17,2023-08-21,2023-08-22,2023-11-24,26,0.6923076923076923,-0.00028939102147311865,0.008,-0.009601293192866844,-0.06877367971531845,0.9453910966308398
reversal_fundamental_regime,lgbm_leaves7_400,1,test,80.0,all_days,0.8,0.6090255472966832,0.42017738359201773,2020-01-02,2023-02-16,2023-02-17,2023-08-21,2023-08-22,2023-11-24,9,0.5555555555555556,-0.0012979620967645841,0.008,-0.012416035816796067,-0.041371258922417,0.7739689645011957
reversal_fundamental_regime,lgbm_leaves7_400,2,valid,80.0,all_days,0.7,0.4341272859494616,0.5192556216076505,2020-04-09,2023-05-22,2023-05-23,2023-11-24,2023-11-27,2024-03-01,38,0.5526315789473685,-0.0012578355131899945,0.00704533579965849,-0.04934551358513006,-0.051844271123544505,0.7715331277020927
reversal_fundamental_regime,lgbm_leaves7_400,2,test,80.0,all_days,0.7,0.4341272859494616,0.6097560975609756,2020-04-09,2023-05-22,2023-05-23,2023-11-24,2023-11-27,2024-03-01,33,0.7575757575757576,0.0019868668623934283,0.008,0.06461212729508903,-0.06919429778939823,1.4877255920715724
reversal_fundamental_regime,lgbm_leaves7_400,3,valid,80.0,all_days,0.7,0.4336992542614203,0.6339128243890149,2020-07-14,2023-08-21,2023-08-22,2024-03-01,2024-03-04,2024-06-05,38,0.7631578947368421,0.003018604822928954,0.008,0.11967429446968647,-0.02106930335655466,2.090678961628334
reversal_fundamental_regime,lgbm_leaves7_400,3,test,80.0,all_days,0.7,0.4336992542614203,0.528395061728395,2020-07-14,2023-08-21,2023-08-22,2024-03-01,2024-03-04,2024-06-05,42,0.7142857142857143,0.0013494663035362984,0.008,0.0549871446654262,-0.06817210565423582,1.3226487946784569
reversal_fundamental_regime,lgbm_leaves7_400,4,valid,80.0,all_days,0.8,0.669802328351168,0.6061046511627907,2020-10-19,2023-11-24,2023-11-27,2024-06-05,2024-06-06,2024-09-03,26,0.8076923076923077,0.00442159559647955,0.008,0.12055021587298409,-0.034850545224238805,3.5333351788372047
reversal_fundamental_regime,lgbm_leaves7_400,4,test,80.0,all_days,0.8,0.669802328351168,0.5442105263157895,2020-10-19,2023-11-24,2023-11-27,2024-06-05,2024-06-06,2024-09-03,2,1.0,0.008,0.008,0.016064000000000078,0.0,inf
reversal_fundamental_regime,lgbm_leaves7_400,5,valid,80.0,all_days,0.8,0.7142844913083424,0.533202577752872,2021-01-15,2024-03-01,2024-03-04,2024-09-03,2024-09-04,2024-12-10,26,0.8076923076923077,0.004373916325465397,0.008,0.11930771713842514,-0.026009775443932126,3.439379435718634
reversal_fundamental_regime,lgbm_leaves7_400,5,test,80.0,all_days,0.8,0.7142844913083424,0.6609977324263038,2021-01-15,2024-03-01,2024-03-04,2024-09-03,2024-09-04,2024-12-10,36,0.8055555555555556,0.0029934859535318357,0.008,0.11098907587473472,-0.0545989133336795,1.9074563249186756
reversal_fundamental_regime,lgbm_leaves7_400,6,valid,80.0,all_days,0.8,0.8305980594532338,0.5032608695652174,2021-04-22,2024-06-05,2024-06-06,2024-12-10,2024-12-11,2025-03-18,26,0.8076923076923077,0.0035708262153470362,0.008,0.09587685812127167,-0.02415433675966705,2.298280137586275
reversal_fundamental_regime,lgbm_leaves7_400,6,test,80.0,all_days,0.8,0.8305980594532338,0.5367346938775511,2021-04-22,2024-06-05,2024-06-06,2024-12-10,2024-12-11,2025-03-18,1,1.0,0.008,0.008,0.008000000000000007,0.0,inf
reversal_fundamental_regime,lgbm_leaves7_400,7,valid,80.0,all_days,0.8,0.7911428936635787,0.5708984892658362,2021-07-26,2024-09-03,2024-09-04,2025-03-18,2025-03-19,2025-06-20,26,0.7307692307692307,0.0018666581166827873,0.008,0.04832099853596228,-0.01725671507902604,1.5068612462124051
reversal_fundamental_regime,lgbm_leaves7_400,7,test,80.0,all_days,0.8,0.7911428936635787,0.5724489795918367,2021-07-26,2024-09-03,2024-09-04,2025-03-18,2025-03-19,2025-06-20,4,0.75,0.0003629409828872455,0.008,0.0010987774598840705,-0.022548236068451022,1.0643848116163843
reversal_fundamental_regime,lgbm_leaves7_400,8,valid,80.0,all_days,0.8,0.6561670347340665,0.5607142857142857,2021-11-01,2024-12-10,2024-12-11,2025-06-20,2025-06-23,2025-09-17,26,0.7307692307692307,0.0036531317259537273,0.008,0.09869819811291447,-0.02254823606845091,3.1708382457210145
reversal_fundamental_regime,lgbm_leaves7_400,8,test,80.0,all_days,0.8,0.6561670347340665,0.5218295218295218,2021-11-01,2024-12-10,2024-12-11,2025-06-20,2025-06-23,2025-09-17,17,0.5294117647058824,-0.002797367653958538,0.008,-0.047907651232589,-0.051549562902367674,0.6022320218422956
reversal_fundamental_regime,lgbm_leaves7_400,9,valid,80.0,all_days,0.6,0.5468588311521686,0.606224279835391,2022-01-28,2025-03-18,2025-03-19,2025-09-17,2025-09-18,2025-12-23,51,0.7058823529411765,0.0019791116499641996,0.008,0.10320431375141959,-0.033660554542878085,1.5738529614226926
reversal_fundamental_regime,lgbm_leaves7_400,9,test,80.0,all_days,0.6,0.5468588311521686,0.5074074074074074,2022-01-28,2025-03-18,2025-03-19,2025-09-17,2025-09-18,2025-12-23,37,0.7297297297297297,0.0011789528337856734,0.008,0.041072914429606255,-0.05418357225593784,1.2530547186204972
reversal_fundamental_regime,lgbm_leaves7_400,10,valid,80.0,all_days,0.7,0.6679107194622098,0.47034368070953436,2022-05-11,2025-06-20,2025-06-23,2025-12-23,2025-12-24,2026-04-01,38,0.6842105263157895,0.00018791412230311684,0.008,0.004082918670488489,-0.05198074974377398,1.0355509451161702
reversal_fundamental_regime,lgbm_leaves7_400,10,test,80.0,all_days,0.7,0.6679107194622098,0.5013297872340425,2022-05-11,2025-06-20,2025-06-23,2025-12-23,2025-12-24,2026-04-01,11,0.5454545454545454,-0.013897988405653485,0.008,-0.14715262389489903,-0.16063616454760632,0.23895115679819406
reversal_fundamental_regime,lgbm_leaves15_700,1,valid,80.0,all_days,0.8,0.7344818716537895,0.5214285714285715,2020-01-02,2023-02-16,2023-02-17,2023-08-21,2023-08-22,2023-11-24,26,0.5769230769230769,-0.0020987289769203053,0.004699108729743882,-0.05522789056470545,-0.09668486151563471,0.6607072231917219
reversal_fundamental_regime,lgbm_leaves15_700,1,test,80.0,all_days,0.8,0.7344818716537895,0.4556541019955654,2020-01-02,2023-02-16,2023-02-17,2023-08-21,2023-08-22,2023-11-24,8,0.5,-0.003927141026458385,-0.0013449752920713896,-0.031712158016559466,-0.05201405669474901,0.46627388936813546
reversal_fundamental_regime,lgbm_leaves15_700,2,valid,80.0,all_days,0.6,0.44365849003303415,0.4554148358749031,2020-04-09,2023-05-22,2023-05-23,2023-11-24,2023-11-27,2024-03-01,51,0.5490196078431373,-0.0012590937530566476,0.0033224330616996624,-0.0653480156340811,-0.055632735388563614,0.7565916321772382
reversal_fundamental_regime,lgbm_leaves15_700,2,test,80.0,all_days,0.6,0.44365849003303415,0.5953436807095344,2020-04-09,2023-05-22,2023-05-23,2023-11-24,2023-11-27,2024-03-01,45,0.7333333333333333,0.0025665210945058823,0.008,0.11890840660369273,-0.07691060729390065,1.806561329454327
reversal_fundamental_regime,lgbm_leaves15_700,3,valid,80.0,all_days,0.8,0.6790776848480692,0.6641471403376166,2020-07-14,2023-08-21,2023-08-22,2024-03-01,2024-03-04,2024-06-05,26,0.8846153846153846,0.005114013597211201,0.008,0.14095538917748884,-0.02106930335655477,3.8605383587968967
reversal_fundamental_regime,lgbm_leaves15_700,3,test,80.0,all_days,0.8,0.6790776848480692,0.5246913580246914,2020-07-14,2023-08-21,2023-08-22,2024-03-01,2024-03-04,2024-06-05,26,0.7307692307692307,0.0031785812732780506,0.008,0.084762244020681,-0.02968136913401065,2.191563185796051
reversal_fundamental_regime,lgbm_leaves15_700,4,valid,80.0,all_days,0.7,0.6663428999438901,0.6011627906976745,2020-10-19,2023-11-24,2023-11-27,2024-06-05,2024-06-06,2024-09-03,38,0.7894736842105263,0.004293029347018549,0.008,0.1755240228371815,-0.026009775443932015,3.3572438694892655
reversal_fundamental_regime,lgbm_leaves15_700,4,test,80.0,all_days,0.7,0.6663428999438901,0.5463157894736842,2020-10-19,2023-11-24,2023-11-27,2024-06-05,2024-06-06,2024-09-03,3,0.6666666666666666,0.0042190252071214705,0.008,0.012667374884146154,-0.003342924378635481,4.7862285196323775
reversal_fundamental_regime,lgbm_leaves15_700,5,valid,80.0,all_days,0.8,0.7327004016008428,0.5049033342673017,2021-01-15,2024-03-01,2024-03-04,2024-09-03,2024-09-04,2024-12-10,26,0.8076923076923077,0.004689562854008862,0.008,0.12870917116063807,-0.019233592141879363,4.507227289833995
reversal_fundamental_regime,lgbm_leaves15_700,5,test,80.0,all_days,0.8,0.7327004016008428,0.653061224489796,2021-01-15,2024-03-01,2024-03-04,2024-09-03,2024-09-04,2024-12-10,31,0.8387096774193549,0.0033659283136556143,0.008,0.10742395221323453,-0.05459891333367939,2.062809738526262
reversal_fundamental_regime,lgbm_leaves15_700,6,valid,80.0,all_days,0.8,0.847673128182695,0.5377717391304347,2021-04-22,2024-06-05,2024-06-06,2024-12-10,2024-12-11,2025-03-18,26,0.7307692307692307,0.002707873575015521,0.008,0.07153475967492784,-0.04378454707917789,1.9032278335478154
reversal_fundamental_regime,lgbm_leaves15_700,6,test,80.0,all_days,0.8,0.847673128182695,0.5030612244897958,2021-04-22,2024-06-05,2024-06-06,2024-12-10,2024-12-11,2025-03-18,3,0.6666666666666666,-0.0005714350905720774,0.0012325245441795508,-0.0018056198882104857,-0.010946829815895787,0.8433971021247716
reversal_fundamental_regime,lgbm_leaves15_700,7,valid,80.0,all_days,0.8,0.8344988079632951,0.6008481314603763,2021-07-26,2024-09-03,2024-09-04,2025-03-18,2025-03-19,2025-06-20,26,0.8076923076923077,0.003695075782366924,0.008,0.099676744805824,-0.01688064204045725,2.6723895729515266
reversal_fundamental_regime,lgbm_leaves15_700,7,test,80.0,all_days,0.8,0.8344988079632951,0.6,2021-07-26,2024-09-03,2024-09-04,2025-03-18,2025-03-19,2025-06-20,2,1.0,0.008,0.008,0.016064000000000078,0.0,inf
reversal_fundamental_regime,lgbm_leaves15_700,8,valid,80.0,all_days,0.8,0.7134969488013453,0.5704081632653062,2021-11-01,2024-12-10,2024-12-11,2025-06-20,2025-06-23,2025-09-17,26,0.7692307692307693,0.004131169739952488,0.008,0.11237536756563316,-0.022548236068451022,3.6105949508906305
reversal_fundamental_regime,lgbm_leaves15_700,8,test,80.0,all_days,0.8,0.7134969488013453,0.5769230769230769,2021-11-01,2024-12-10,2024-12-11,2025-06-20,2025-06-23,2025-09-17,17,0.6470588235294118,0.0010347410660732932,0.008,0.016916017639987624,-0.02573334679405448,1.249833085559183
reversal_fundamental_regime,lgbm_leaves15_700,9,valid,80.0,all_days,0.8,0.7384959406225473,0.5684156378600823,2022-01-28,2025-03-18,2025-03-19,2025-09-17,2025-09-18,2025-12-23,26,0.7692307692307693,0.002320323812589684,0.008,0.060541296886575946,-0.033660554542877974,1.647482501442745
reversal_fundamental_regime,lgbm_leaves15_700,9,test,80.0,all_days,0.8,0.7384959406225473,0.4617283950617284,2022-01-28,2025-03-18,2025-03-19,2025-09-17,2025-09-18,2025-12-23,21,0.6666666666666666,0.0017678931741949237,0.008,0.03673509199684544,-0.03595840620805402,1.495841493697131
reversal_fundamental_regime,lgbm_leaves15_700,10,valid,80.0,all_days,0.8,0.7682822319220287,0.46452328159645234,2022-05-11,2025-06-20,2025-06-23,2025-12-23,2025-12-24,2026-04-01,26,0.6923076923076923,0.0002780369568915999,0.008,0.005207581113990223,-0.0519807497437742,1.0552524256786309
reversal_fundamental_regime,lgbm_leaves15_700,10,test,80.0,all_days,0.8,0.7682822319220287,0.4414893617021277,2022-05-11,2025-06-20,2025-06-23,2025-12-23,2025-12-24,2026-04-01,8,0.625,-0.008320895409855162,0.008,-0.0668107258417674,-0.08156447412935353,0.37535014322692334
reversal_fundamental_regime_sector,xgb_d2_200_lr003_mcw5,1,valid,80.0,all_days,0.8,0.4454139471054077,0.573469387755102,2020-01-02,2023-02-16,2023-02-17,2023-08-21,2023-08-22,2023-11-24,26,0.6153846153846154,-0.001516079594377595,0.006087863351038168,-0.040763382821854655,-0.08119543182439914,0.7369540511885037
reversal_fundamental_regime_sector,xgb_d2_200_lr003_mcw5,1,test,80.0,all_days,0.8,0.4454139471054077,0.5011086474501109,2020-01-02,2023-02-16,2023-02-17,2023-08-21,2023-08-22,2023-11-24,5,0.4,-0.0016733592289400064,-0.006136587112171795,-0.008435004518160039,-0.01630456797436508,0.577721019729409
reversal_fundamental_regime_sector,xgb_d2_200_lr003_mcw5,2,valid,80.0,all_days,0.7,0.28470510244369507,0.5272680279141897,2020-04-09,2023-05-22,2023-05-23,2023-11-24,2023-11-27,2024-03-01,38,0.5,-0.0014479781603187148,0.0007836174093136562,-0.05578220057154626,-0.09012901937889972,0.7282401212772341
reversal_fundamental_regime_sector,xgb_d2_200_lr003_mcw5,2,test,80.0,all_days,0.7,0.28470510244369507,0.6141906873614191,2020-04-09,2023-05-22,2023-05-23,2023-11-24,2023-11-27,2024-03-01,40,0.725,0.0015649825962237144,0.008,0.06091453339014241,-0.07604943015012922,1.3695339232439163
reversal_fundamental_regime_sector,xgb_d2_200_lr003_mcw5,3,valid,80.0,all_days,0.5,0.28668011724948883,0.6631393298059964,2020-07-14,2023-08-21,2023-08-22,2024-03-01,2024-03-04,2024-06-05,63,0.6825396825396826,0.0016080529891239251,0.008,0.10208119261766058,-0.06919429778939823,1.4448020819139635
reversal_fundamental_regime_sector,xgb_d2_200_lr003_mcw5,3,test,80.0,all_days,0.5,0.28668011724948883,0.5111111111111112,2020-07-14,2023-08-21,2023-08-22,2024-03-01,2024-03-04,2024-06-05,60,0.7166666666666667,0.0011365543860763251,0.008,0.06562602885201452,-0.06817210565423593,1.2543122961917306
reversal_fundamental_regime_sector,xgb_d2_200_lr003_mcw5,4,valid,80.0,all_days,0.8,0.5223003029823303,0.6145348837209302,2020-10-19,2023-11-24,2023-11-27,2024-06-05,2024-06-06,2024-09-03,26,0.8461538461538461,0.0049010990001841365,0.008,0.1345244210748917,-0.02968136913401065,3.6235296039557876
reversal_fundamental_regime_sector,xgb_d2_200_lr003_mcw5,4,test,80.0,all_days,0.8,0.5223003029823303,0.4242105263157895,2020-10-19,2023-11-24,2023-11-27,2024-06-05,2024-06-06,2024-09-03,2,1.0,0.008,0.008,0.016064000000000078,0.0,inf
reversal_fundamental_regime_sector,xgb_d2_200_lr003_mcw5,5,valid,80.0,all_days,0.8,0.5606898069381714,0.5264780050434295,2021-01-15,2024-03-01,2024-03-04,2024-09-03,2024-09-04,2024-12-10,26,0.7692307692307693,0.0027531236628822687,0.008,0.07266268913902363,-0.029681369134010538,1.8863474273957246
reversal_fundamental_regime_sector,xgb_d2_200_lr003_mcw5,5,test,80.0,all_days,0.8,0.5606898069381714,0.634920634920635,2021-01-15,2024-03-01,2024-03-04,2024-09-03,2024-09-04,2024-12-10,37,0.8108108108108109,0.0030649280398601345,0.008,0.11720928921979845,-0.05459891333367939,1.9362906890796665
reversal_fundamental_regime_sector,xgb_d2_200_lr003_mcw5,6,valid,80.0,all_days,0.8,0.665155827999115,0.5584239130434783,2021-04-22,2024-06-05,2024-06-06,2024-12-10,2024-12-11,2025-03-18,26,0.7692307692307693,0.003621049575831199,0.008,0.09749967338639798,-0.01800007934910708,2.4296645878561427
reversal_fundamental_regime_sector,xgb_d2_200_lr003_mcw5,6,test,80.0,all_days,0.8,0.665155827999115,0.5051020408163266,2021-04-22,2024-06-05,2024-06-06,2024-12-10,2024-12-11,2025-03-18,1,1.0,0.008,0.008,0.008000000000000007,0.0,inf
reversal_fundamental_regime_sector,xgb_d2_200_lr003_mcw5,7,valid,80.0,all_days,0.6,0.5556546449661255,0.6170156374238007,2021-07-26,2024-09-03,2024-09-04,2025-03-18,2025-03-19,2025-06-20,51,0.803921568627451,0.002496662740863014,0.008,0.13159455023550826,-0.05459891333367939,1.6791768844917485
reversal_fundamental_regime_sector,xgb_d2_200_lr003_mcw5,7,test,80.0,all_days,0.6,0.5556546449661255,0.5591836734693878,2021-07-26,2024-09-03,2024-09-04,2025-03-18,2025-03-19,2025-06-20,6,0.8333333333333334,0.0029086273219248305,0.008,0.017180428220999744,-0.022548236068451022,1.7739746860273073
reversal_fundamental_regime_sector,xgb_d2_200_lr003_mcw5,8,valid,80.0,all_days,0.7,0.554508239030838,0.4961734693877551,2021-11-01,2024-12-10,2024-12-11,2025-06-20,2025-06-23,2025-09-17,38,0.631578947368421,0.0009647375095361025,0.008,0.03512770456674441,-0.04204938491809018,1.235998656803512
reversal_fundamental_regime_sector,xgb_d2_200_lr003_mcw5,8,test,80.0,all_days,0.7,0.554508239030838,0.41476091476091476,2021-11-01,2024-12-10,2024-12-11,2025-06-20,2025-06-23,2025-09-17,17,0.5294117647058824,-0.0031583838775070335,0.008,-0.05377000217801564,-0.06127976406549174,0.572826422847049
reversal_fundamental_regime_sector,xgb_d2_200_lr003_mcw5,9,valid,80.0,all_days,0.5,0.4461323469877243,0.4645061728395061,2022-01-28,2025-03-18,2025-03-19,2025-09-17,2025-09-18,2025-12-23,63,0.6031746031746031,-0.0005421971125398978,0.008,-0.03898291154104894,-0.0649562494490965,0.89553444195302
reversal_fundamental_regime_sector,xgb_d2_200_lr003_mcw5,9,test,80.0,all_days,0.5,0.4461323469877243,0.45925925925925926,2022-01-28,2025-03-18,2025-03-19,2025-09-17,2025-09-18,2025-12-23,49,0.7142857142857143,0.0004342286404425553,0.008,0.01650731661099414,-0.10327825893625864,1.0822393838494053
reversal_fundamental_regime_sector,xgb_d2_200_lr003_mcw5,10,valid,80.0,all_days,0.5,0.503176212310791,0.4883592017738359,2022-05-11,2025-06-20,2025-06-23,2025-12-23,2025-12-24,2026-04-01,63,0.6825396825396826,-0.0005305942126203806,0.008,-0.039036882308871146,-0.09568731834414934,0.9114334776429469
reversal_fundamental_regime_sector,xgb_d2_200_lr003_mcw5,10,test,80.0,all_days,0.5,0.503176212310791,0.5997340425531915,2022-05-11,2025-06-20,2025-06-23,2025-12-23,2025-12-24,2026-04-01,38,0.7894736842105263,-0.00048428615050814897,0.008,-0.026231060865377742,-0.08265232521602506,0.9287822404819701
reversal_fundamental_regime_sector,xgb_d3_400_lr003_mcw3,1,valid,80.0,all_days,0.6,0.4460970163345337,0.5091836734693879,2020-01-02,2023-02-16,2023-02-17,2023-08-21,2023-08-22,2023-11-24,51,0.5686274509803921,-0.0033348559860910108,0.004175726702076336,-0.16067583443986033,-0.192231037516589,0.5525591289946263
reversal_fundamental_regime_sector,xgb_d3_400_lr003_mcw3,1,test,80.0,all_days,0.6,0.4460970163345337,0.5044345898004434,2020-01-02,2023-02-16,2023-02-17,2023-08-21,2023-08-22,2023-11-24,18,0.4444444444444444,-0.002726269612849607,-0.003231239620403333,-0.04885651875095354,-0.0743987833522376,0.4902714565990359
reversal_fundamental_regime_sector,xgb_d3_400_lr003_mcw3,2,valid,80.0,all_days,0.5,0.22727744281291962,0.4856552080640993,2020-04-09,2023-05-22,2023-05-23,2023-11-24,2023-11-27,2024-03-01,63,0.4603174603174603,-0.0022986229427614264,-0.0019223364485980686,-0.13840738753263004,-0.13178428639958206,0.603981560827999
reversal_fundamental_regime_sector,xgb_d3_400_lr003_mcw3,2,test,80.0,all_days,0.5,0.22727744281291962,0.6108647450110865,2020-04-09,2023-05-22,2023-05-23,2023-11-24,2023-11-27,2024-03-01,49,0.7755102040816326,0.0027996943356819242,0.008,0.1431759871625442,-0.07647920273112829,1.8909959844742878
reversal_fundamental_regime_sector,xgb_d3_400_lr003_mcw3,3,valid,80.0,all_days,0.8,0.4757404625415802,0.6286218190980096,2020-07-14,2023-08-21,2023-08-22,2024-03-01,2024-03-04,2024-06-05,26,0.7307692307692307,0.0029280843850672247,0.008,0.07807363136292955,-0.024779113059296254,2.1063192176060843
reversal_fundamental_regime_sector,xgb_d3_400_lr003_mcw3,3,test,80.0,all_days,0.8,0.4757404625415802,0.4666666666666667,2020-07-14,2023-08-21,2023-08-22,2024-03-01,2024-03-04,2024-06-05,34,0.7352941176470589,0.002209583208560791,0.008,0.07597044203462766,-0.03220707211006946,1.6409224791558967
reversal_fundamental_regime_sector,xgb_d3_400_lr003_mcw3,4,valid,80.0,all_days,0.6,0.4569316506385803,0.5784883720930233,2020-10-19,2023-11-24,2023-11-27,2024-06-05,2024-06-06,2024-09-03,51,0.8235294117647058,0.004248522581634696,0.008,0.23883986042135175,-0.029681369134010538,2.9403757860946764
reversal_fundamental_regime_sector,xgb_d3_400_lr003_mcw3,4,test,80.0,all_days,0.6,0.4569316506385803,0.3736842105263158,2020-10-19,2023-11-24,2023-11-27,2024-06-05,2024-06-06,2024-09-03,5,0.4,-0.00342793615897068,-0.0007007855626326408,-0.017381758674550496,-0.025180316145387405,0.4828048917865499
reversal_fundamental_regime_sector,xgb_d3_400_lr003_mcw3,5,valid,80.0,all_days,0.8,0.6234449744224548,0.5116279069767442,2021-01-15,2024-03-01,2024-03-04,2024-09-03,2024-09-04,2024-12-10,26,0.7307692307692307,0.002830556412683616,0.008,0.07498476299609846,-0.02968136913401076,2.0402556518308756
reversal_fundamental_regime_sector,xgb_d3_400_lr003_mcw3,5,test,80.0,all_days,0.8,0.6234449744224548,0.6700680272108843,2021-01-15,2024-03-01,2024-03-04,2024-09-03,2024-09-04,2024-12-10,34,0.8235294117647058,0.0031686107435974016,0.008,0.11102352773974689,-0.05459891333367939,1.972420056207136
reversal_fundamental_regime_sector,xgb_d3_400_lr003_mcw3,6,valid,80.0,all_days,0.8,0.7573805451393127,0.5611413043478262,2021-04-22,2024-06-05,2024-06-06,2024-12-10,2024-12-11,2025-03-18,26,0.8076923076923077,0.004115337786196152,0.008,0.1117514098059027,-0.018000079349106968,2.9271322473427897
reversal_fundamental_regime_sector,xgb_d3_400_lr003_mcw3,6,test,80.0,all_days,0.8,0.7573805451393127,0.45204081632653065,2021-04-22,2024-06-05,2024-06-06,2024-12-10,2024-12-11,2025-03-18,1,0.0,-0.001604034416825991,-0.001604034416825991,-0.0016040344168259946,0.0,0.0
reversal_fundamental_regime_sector,xgb_d3_400_lr003_mcw3,7,valid,80.0,all_days,0.5,0.6288248598575592,0.5539358600583091,2021-07-26,2024-09-03,2024-09-04,2025-03-18,2025-03-19,2025-06-20,63,0.6984126984126984,0.0009292950434396784,0.008,0.055793059773424636,-0.05459891333367939,1.2171743866159561
reversal_fundamental_regime_sector,xgb_d3_400_lr003_mcw3,7,test,80.0,all_days,0.5,0.6288248598575592,0.5795918367346939,2021-07-26,2024-09-03,2024-09-04,2025-03-18,2025-03-19,2025-06-20,7,0.7142857142857143,0.00013294931011309123,0.008,0.00037546956524270314,-0.022548236068451022,1.0238203362932394
reversal_fundamental_regime_sector,xgb_d3_400_lr003_mcw3,8,valid,80.0,all_days,0.5,0.5148531198501587,0.4755102040816327,2021-11-01,2024-12-10,2024-12-11,2025-06-20,2025-06-23,2025-09-17,63,0.6349206349206349,0.00031526742916188505,0.008,0.014947245926153485,-0.10402368755794633,1.0713735680565433
reversal_fundamental_regime_sector,xgb_d3_400_lr003_mcw3,8,test,80.0,all_days,0.5,0.5148531198501587,0.48960498960498955,2021-11-01,2024-12-10,2024-12-11,2025-06-20,2025-06-23,2025-09-17,51,0.6274509803921569,0.000553780733488168,0.008,0.025758767955853523,-0.045721756728065,1.1291642580167636
reversal_fundamental_regime_sector,xgb_d3_400_lr003_mcw3,9,valid,80.0,all_days,0.5,0.5006493330001831,0.4956275720164609,2022-01-28,2025-03-18,2025-03-19,2025-09-17,2025-09-18,2025-12-23,63,0.6507936507936508,0.00014398859716735021,0.008,0.0037382198960160817,-0.0649562494490965,1.0303738982278148
reversal_fundamental_regime_sector,xgb_d3_400_lr003_mcw3,9,test,80.0,all_days,0.5,0.5006493330001831,0.4271604938271604,2022-01-28,2025-03-18,2025-03-19,2025-09-17,2025-09-18,2025-12-23,34,0.6764705882352942,1.7641432786205076e-05,0.008,-0.002837214424160961,-0.08458945043436594,1.0032704912166535
reversal_fundamental_regime_sector,xgb_d3_400_lr003_mcw3,10,valid,80.0,all_days,0.8,0.632392406463623,0.4678492239467849,2022-05-11,2025-06-20,2025-06-23,2025-12-23,2025-12-24,2026-04-01,26,0.7307692307692307,0.003214594076435544,0.008,0.08604867325717724,-0.01801266017842673,2.221554651133633
reversal_fundamental_regime_sector,xgb_d3_400_lr003_mcw3,10,test,80.0,all_days,0.8,0.632392406463623,0.5944148936170213,2022-05-11,2025-06-20,2025-06-23,2025-12-23,2025-12-24,2026-04-01,17,0.7058823529411765,-0.0034849148890464757,0.008,-0.061173588794700806,-0.07601646037523302,0.618383166801356
reversal_fundamental_regime_sector,xgb_d3_600_lr002_mcw3,1,valid,80.0,all_days,0.7,0.47748321294784546,0.5058673469387756,2020-01-02,2023-02-16,2023-02-17,2023-08-21,2023-08-22,2023-11-24,38,0.6052631578947368,-0.0024994011679008734,0.008,-0.0940175872429323,-0.14022662274982023,0.6366754583910648
reversal_fundamental_regime_sector,xgb_d3_600_lr002_mcw3,1,test,80.0,all_days,0.7,0.47748321294784546,0.541019955654102,2020-01-02,2023-02-16,2023-02-17,2023-08-21,2023-08-22,2023-11-24,15,0.5333333333333333,-0.0018811767844740957,0.00043060060060052044,-0.02872659393119359,-0.04724790844835425,0.6258465424821743
reversal_fundamental_regime_sector,xgb_d3_600_lr002_mcw3,2,valid,80.0,all_days,0.6,0.26230958104133606,0.47893512535538907,2020-04-09,2023-05-22,2023-05-23,2023-11-24,2023-11-27,2024-03-01,51,0.47058823529411764,-0.002176251224679298,-0.0018794017094017033,-0.1081313194910496,-0.11574121685767536,0.6257030839667351
reversal_fundamental_regime_sector,xgb_d3_600_lr002_mcw3,2,test,80.0,all_days,0.6,0.26230958104133606,0.606430155210643,2020-04-09,2023-05-22,2023-05-23,2023-11-24,2023-11-27,2024-03-01,44,0.75,0.0022726518984881356,0.008,0.10159897506489557,-0.0868347587768652,1.649463344459327
reversal_fundamental_regime_sector,xgb_d3_600_lr002_mcw3,3,valid,80.0,all_days,0.8,0.48937293887138367,0.6255983875031493,2020-07-14,2023-08-21,2023-08-22,2024-03-01,2024-03-04,2024-06-05,26,0.7307692307692307,0.002924563866024548,0.008,0.07793816716326529,-0.018571113865986866,2.064848281157118
reversal_fundamental_regime_sector,xgb_d3_600_lr002_mcw3,3,test,80.0,all_days,0.8,0.48937293887138367,0.47901234567901235,2020-07-14,2023-08-21,2023-08-22,2024-03-01,2024-03-04,2024-06-05,31,0.7419354838709677,0.0026172214086437077,0.008,0.08278938576721795,-0.02968136913401065,1.8521827097313301
reversal_fundamental_regime_sector,xgb_d3_600_lr002_mcw3,4,valid,80.0,all_days,0.8,0.5748199820518494,0.5715116279069767,2020-10-19,2023-11-24,2023-11-27,2024-06-05,2024-06-06,2024-09-03,26,0.8461538461538461,0.0049010990001841365,0.008,0.1345244210748917,-0.02968136913401076,3.6235296039557876
reversal_fundamental_regime_sector,xgb_d3_600_lr002_mcw3,4,test,80.0,all_days,0.8,0.5748199820518494,0.4031578947368421,2020-10-19,2023-11-24,2023-11-27,2024-06-05,2024-06-06,2024-09-03,2,0.5,-0.00014227923627685608,-0.00014227923627685608,-0.00035083494033416596,-0.008284558472553716,0.9656519446997159
reversal_fundamental_regime_sector,xgb_d3_600_lr002_mcw3,5,valid,80.0,all_days,0.5,0.4510115832090378,0.5043429532081816,2021-01-15,2024-03-01,2024-03-04,2024-09-03,2024-09-04,2024-12-10,63,0.7142857142857143,0.002656137431594574,0.008,0.1786059063529053,-0.03220707211006946,1.9226923281544865
reversal_fundamental_regime_sector,xgb_d3_600_lr002_mcw3,5,test,80.0,all_days,0.5,0.4510115832090378,0.6882086167800453,2021-01-15,2024-03-01,2024-03-04,2024-09-03,2024-09-04,2024-12-10,51,0.7647058823529411,0.0021603967878231814,0.008,0.11276672453224945,-0.0545989133336795,1.5841194621496733
reversal_fundamental_regime_sector,xgb_d3_600_lr002_mcw3,6,valid,80.0,all_days,0.8,0.7498121857643127,0.563858695652174,2021-04-22,2024-06-05,2024-06-06,2024-12-10,2024-12-11,2025-03-18,26,0.8076923076923077,0.004115337786196152,0.008,0.11175140980590292,-0.018000079349106857,2.9271322473427897
reversal_fundamental_regime_sector,xgb_d3_600_lr002_mcw3,6,test,80.0,all_days,0.8,0.7498121857643127,0.4683673469387756,2021-04-22,2024-06-05,2024-06-06,2024-12-10,2024-12-11,2025-03-18,1,1.0,0.008,0.008,0.008000000000000007,0.0,inf
reversal_fundamental_regime_sector,xgb_d3_600_lr002_mcw3,7,valid,80.0,all_days,0.8,0.7539106607437134,0.5552610654651471,2021-07-26,2024-09-03,2024-09-04,2025-03-18,2025-03-19,2025-06-20,26,0.7307692307692307,0.0018216224698724588,0.008,0.04684235567374384,-0.040241212812096916,1.4776393554096527
reversal_fundamental_regime_sector,xgb_d3_600_lr002_mcw3,7,test,80.0,all_days,0.8,0.7539106607437134,0.5520408163265307,2021-07-26,2024-09-03,2024-09-04,2025-03-18,2025-03-19,2025-06-20,2,0.5,-0.007274118034225509,-0.007274118034225509,-0.014728621956998644,-0.022548236068451022,0.35479493720546146
reversal_fundamental_regime_sector,xgb_d3_600_lr002_mcw3,8,valid,80.0,all_days,0.8,0.6325156092643738,0.45841836734693875,2021-11-01,2024-12-10,2024-12-11,2025-06-20,2025-06-23,2025-09-17,26,0.6153846153846154,0.0007281450573461691,0.008,0.017870904698927825,-0.037959087836355154,1.1939280081570882
reversal_fundamental_regime_sector,xgb_d3_600_lr002_mcw3,8,test,80.0,all_days,0.8,0.6325156092643738,0.5176715176715176,2021-11-01,2024-12-10,2024-12-11,2025-06-20,2025-06-23,2025-09-17,21,0.6190476190476191,-6.308913881217403e-05,0.008,-0.002582663563437726,-0.03226155898908312,0.9874210916095476
reversal_fundamental_regime_sector,xgb_d3_600_lr002_mcw3,9,valid,80.0,all_days,0.7,0.5612271726131439,0.496656378600823,2022-01-28,2025-03-18,2025-03-19,2025-09-17,2025-09-18,2025-12-23,38,0.6578947368421053,0.0006060368209643775,0.008,0.02083332892198131,-0.05135430073501046,1.132499510650992
reversal_fundamental_regime_sector,xgb_d3_600_lr002_mcw3,9,test,80.0,all_days,0.7,0.5612271726131439,0.425925925925926,2022-01-28,2025-03-18,2025-03-19,2025-09-17,2025-09-18,2025-12-23,25,0.6,-0.0022800273235419094,0.008,-0.05839228663696938,-0.09302805604788167,0.6779634852593645
reversal_fundamental_regime_sector,xgb_d3_600_lr002_mcw3,10,valid,80.0,all_days,0.8,0.632662832736969,0.4526053215077605,2022-05-11,2025-06-20,2025-06-23,2025-12-23,2025-12-24,2026-04-01,26,0.6923076923076923,0.0004074138847005203,0.008,0.008683787419387912,-0.04167897416127808,1.0794016957534764
reversal_fundamental_regime_sector,xgb_d3_600_lr002_mcw3,10,test,80.0,all_days,0.8,0.632662832736969,0.5638297872340425,2022-05-11,2025-06-20,2025-06-23,2025-12-23,2025-12-24,2026-04-01,10,0.5,-0.011524355311379011,0.0024740778097982457,-0.11210507438733364,-0.11915185951124374,0.25765965283389825
reversal_fundamental_regime_sector,xgb_d4_500_lr002_mcw5,1,valid,80.0,all_days,0.5,0.4159245491027832,0.49770408163265306,2020-01-02,2023-02-16,2023-02-17,2023-08-21,2023-08-22,2023-11-24,63,0.5396825396825397,-0.003541471632410496,0.0036000282752122227,-0.20504549651183535,-0.22998329755210312,0.5284495639124599
reversal_fundamental_regime_sector,xgb_d4_500_lr002_mcw5,1,test,80.0,all_days,0.5,0.4159245491027832,0.5310421286031042,2020-01-02,2023-02-16,2023-02-17,2023-08-21,2023-08-22,2023-11-24,29,0.5517241379310345,-0.0002568580021015704,0.0033224330616996624,-0.008767611726955615,-0.051130621166907475,0.9361921227908884
reversal_fundamental_regime_sector,xgb_d4_500_lr002_mcw5,2,valid,80.0,all_days,0.6,0.26428061723709106,0.4890152494184544,2020-04-09,2023-05-22,2023-05-23,2023-11-24,2023-11-27,2024-03-01,51,0.49019607843137253,-0.002615578132548638,-0.0007670149253731183,-0.12824608143883187,-0.11404899836216953,0.5823099792586466
reversal_fundamental_regime_sector,xgb_d4_500_lr002_mcw5,2,test,80.0,all_days,0.6,0.26428061723709106,0.5975609756097562,2020-04-09,2023-05-22,2023-05-23,2023-11-24,2023-11-27,2024-03-01,46,0.717391304347826,0.0017272269164185935,0.008,0.07873093941565856,-0.07963154039989362,1.4305255369458452
reversal_fundamental_regime_sector,xgb_d4_500_lr002_mcw5,3,valid,80.0,all_days,0.8,0.45731452107429504,0.6422272612748803,2020-07-14,2023-08-21,2023-08-22,2024-03-01,2024-03-04,2024-06-05,26,0.6923076923076923,0.0018065137369262867,0.008,0.046851945356838565,-0.029990460055769774,1.5079015892455414
reversal_fundamental_regime_sector,xgb_d4_500_lr002_mcw5,3,test,80.0,all_days,0.8,0.45731452107429504,0.4962962962962963,2020-07-14,2023-08-21,2023-08-22,2024-03-01,2024-03-04,2024-06-05,35,0.7714285714285715,0.0027977634582302775,0.008,0.10073530944067,-0.03220707211006946,1.8868173582884964
reversal_fundamental_regime_sector,xgb_d4_500_lr002_mcw5,4,valid,80.0,all_days,0.8,0.5363129377365112,0.5808139534883721,2020-10-19,2023-11-24,2023-11-27,2024-06-05,2024-06-06,2024-09-03,26,0.8076923076923077,0.0039910746169899295,0.008,0.10803074341648156,-0.029681369134010538,2.8342293208900875
reversal_fundamental_regime_sector,xgb_d4_500_lr002_mcw5,4,test,80.0,all_days,0.8,0.5363129377365112,0.39999999999999997,2020-10-19,2023-11-24,2023-11-27,2024-06-05,2024-06-06,2024-09-03,1,1.0,0.008,0.008,0.008000000000000007,0.0,inf
reversal_fundamental_regime_sector,xgb_d4_500_lr002_mcw5,5,valid,80.0,all_days,0.8,0.6203757524490356,0.5063042869151023,2021-01-15,2024-03-01,2024-03-04,2024-09-03,2024-09-04,2024-12-10,26,0.7307692307692307,0.002754234366628439,0.008,0.07284443709713262,-0.02968136913401065,1.9845897788748008
reversal_fundamental_regime_sector,xgb_d4_500_lr002_mcw5,5,test,80.0,all_days,0.8,0.6203757524490356,0.6859410430839002,2021-01-15,2024-03-01,2024-03-04,2024-09-03,2024-09-04,2024-12-10,28,0.8214285714285714,0.0028694206329758576,0.008,0.08126542543325521,-0.05459891333367939,1.8183540145609551
reversal_fundamental_regime_sector,xgb_d4_500_lr002_mcw5,6,valid,80.0,all_days,0.7,0.6688728928565979,0.5771739130434782,2021-04-22,2024-06-05,2024-06-06,2024-12-10,2024-12-11,2025-03-18,38,0.8157894736842105,0.0041439317992942835,0.008,0.16862227721671985,-0.024858953780304893,2.8514560843705423
reversal_fundamental_regime_sector,xgb_d4_500_lr002_mcw5,6,test,80.0,all_days,0.7,0.6688728928565979,0.45204081632653065,2021-04-22,2024-06-05,2024-06-06,2024-12-10,2024-12-11,2025-03-18,9,0.6666666666666666,0.003167962256828642,0.008,0.028694054900769705,-0.010946829815895787,3.2413304465680457
reversal_fundamental_regime_sector,xgb_d4_500_lr002_mcw5,7,valid,80.0,all_days,0.7,0.6970658004283905,0.5793798038695998,2021-07-26,2024-09-03,2024-09-04,2025-03-18,2025-03-19,2025-06-20,38,0.7894736842105263,0.0033865252023610334,0.008,0.13550501907840107,-0.032409703322851424,2.2990171709481024
reversal_fundamental_regime_sector,xgb_d4_500_lr002_mcw5,7,test,80.0,all_days,0.7,0.6970658004283905,0.5204081632653061,2021-07-26,2024-09-03,2024-09-04,2025-03-18,2025-03-19,2025-06-20,4,0.75,0.0003629409828872455,0.008,0.0010987774598842925,-0.022548236068451022,1.0643848116163843
reversal_fundamental_regime_sector,xgb_d4_500_lr002_mcw5,8,valid,80.0,all_days,0.8,0.6842029094696045,0.45102040816326533,2021-11-01,2024-12-10,2024-12-11,2025-06-20,2025-06-23,2025-09-17,26,0.5384615384615384,-0.0004247037592664766,0.002658921846557808,-0.012176365323282035,-0.027185141474911245,0.9017240669155773
reversal_fundamental_regime_sector,xgb_d4_500_lr002_mcw5,8,test,80.0,all_days,0.8,0.6842029094696045,0.5738045738045738,2021-11-01,2024-12-10,2024-12-11,2025-06-20,2025-06-23,2025-09-17,8,0.875,0.005424251097293354,0.008,0.044032967152442426,-0.012605991221653068,4.442332143132814
reversal_fundamental_regime_sector,xgb_d4_500_lr002_mcw5,9,valid,80.0,all_days,0.5,0.47589246928691864,0.5162037037037037,2022-01-28,2025-03-18,2025-03-19,2025-09-17,2025-09-18,2025-12-23,63,0.6666666666666666,0.0003979219081871748,0.008,0.019744186842370226,-0.07304745204483953,1.0832113426752126
reversal_fundamental_regime_sector,xgb_d4_500_lr002_mcw5,9,test,80.0,all_days,0.5,0.47589246928691864,0.4197530864197531,2022-01-28,2025-03-18,2025-03-19,2025-09-17,2025-09-18,2025-12-23,37,0.6756756756756757,-0.00024095039276328717,0.008,-0.012670082867499599,-0.08671548366301618,0.9573263886697619
reversal_fundamental_regime_sector,xgb_d4_500_lr002_mcw5,10,valid,80.0,all_days,0.8,0.6503459215164185,0.4334811529933481,2022-05-11,2025-06-20,2025-06-23,2025-12-23,2025-12-24,2026-04-01,26,0.7307692307692307,0.001971153573150044,0.008,0.05113128187924487,-0.03263131349576465,1.5251732276915437
reversal_fundamental_regime_sector,xgb_d4_500_lr002_mcw5,10,test,80.0,all_days,0.8,0.6503459215164185,0.5625,2022-05-11,2025-06-20,2025-06-23,2025-12-23,2025-12-24,2026-04-01,5,0.2,-0.02032380153184896,-0.020220833097994714,-0.09884357326678739,-0.08024536836947904,0.07298004397985731
reversal_fundamental_regime_sector,extra_trees_600_d3,1,valid,80.0,all_days,0.5,0.47841968415267316,0.47321428571428575,2020-01-02,2023-02-16,2023-02-17,2023-08-21,2023-08-22,2023-11-24,63,0.42857142857142855,-0.004515627227657272,-0.0031008323563891348,-0.2515996842660807,-0.2634319139995913,0.4068326671409475
reversal_fundamental_regime_sector,extra_trees_600_d3,1,test,80.0,all_days,0.5,0.47841968415267316,0.4789356984478936,2020-01-02,2023-02-16,2023-02-17,2023-08-21,2023-08-22,2023-11-24,61,0.45901639344262296,-0.0013178614792577774,-0.0013704801920768582,-0.07965909342373478,-0.1200217817797743,0.7073237403366539
reversal_fundamental_regime_sector,extra_trees_600_d3,2,valid,80.0,all_days,0.6,0.3512576717935078,0.49418454380976995,2020-04-09,2023-05-22,2023-05-23,2023-11-24,2023-11-27,2024-03-01,51,0.5098039215686274,-0.0009768066692738598,0.00043060060060052044,-0.05150141913194528,-0.08208776419216968,0.7972393968140127
reversal_fundamental_regime_sector,extra_trees_600_d3,2,test,80.0,all_days,0.6,0.3512576717935078,0.6496674057649667,2020-04-09,2023-05-22,2023-05-23,2023-11-24,2023-11-27,2024-03-01,58,0.6896551724137931,0.001707838327303629,0.008,0.09977354517166614,-0.07647920273112851,1.4703424609466174
reversal_fundamental_regime_sector,extra_trees_600_d3,3,valid,80.0,all_days,0.8,0.3870399847625517,0.6883345930964978,2020-07-14,2023-08-21,2023-08-22,2024-03-01,2024-03-04,2024-06-05,26,0.8076923076923077,0.00403885164408921,0.008,0.10925161431672925,-0.02106930335655477,2.6670960583925387
reversal_fundamental_regime_sector,extra_trees_600_d3,3,test,80.0,all_days,0.8,0.3870399847625517,0.39382716049382716,2020-07-14,2023-08-21,2023-08-22,2024-03-01,2024-03-04,2024-06-05,63,0.7301587301587301,0.0014633851295965006,0.008,0.09140619934252947,-0.06817210565423593,1.343815200516329
reversal_fundamental_regime_sector,extra_trees_600_d3,4,valid,80.0,all_days,0.6,0.330749820031423,0.609593023255814,2020-10-19,2023-11-24,2023-11-27,2024-06-05,2024-06-06,2024-09-03,51,0.8235294117647058,0.0033541606221649486,0.008,0.18253768181064323,-0.06817210565423582,2.037131471098576
reversal_fundamental_regime_sector,extra_trees_600_d3,4,test,80.0,all_days,0.6,0.330749820031423,0.39263157894736844,2020-10-19,2023-11-24,2023-11-27,2024-06-05,2024-06-06,2024-09-03,29,0.6206896551724138,-0.0013601659502972155,0.008,-0.04124777071820496,-0.07869436760221726,0.770809581255444
reversal_fundamental_regime_sector,extra_trees_600_d3,5,valid,80.0,all_days,0.5,0.4422493815487965,0.49285514149621745,2021-01-15,2024-03-01,2024-03-04,2024-09-03,2024-09-04,2024-12-10,63,0.6825396825396826,0.0007494790819105019,0.008,0.04365100285262047,-0.09522796800481204,1.1677751275996442
reversal_fundamental_regime_sector,extra_trees_600_d3,5,test,80.0,all_days,0.5,0.4422493815487965,0.634920634920635,2021-01-15,2024-03-01,2024-03-04,2024-09-03,2024-09-04,2024-12-10,32,0.8125,0.003037865613134674,0.008,0.09943413504868936,-0.05459891333367961,1.877454562324257
reversal_fundamental_regime_sector,extra_trees_600_d3,6,valid,80.0,all_days,0.5,0.528618626834648,0.5388586956521739,2021-04-22,2024-06-05,2024-06-06,2024-12-10,2024-12-11,2025-03-18,63,0.6825396825396826,-0.0012008896294143769,0.008,-0.08013227527490219,-0.14166237069559795,0.8147121178611063
reversal_fundamental_regime_sector,extra_trees_600_d3,6,test,80.0,all_days,0.5,0.528618626834648,0.5428571428571428,2021-04-22,2024-06-05,2024-06-06,2024-12-10,2024-12-11,2025-03-18,0,,,,,,
reversal_fundamental_regime_sector,extra_trees_600_d3,7,valid,80.0,all_days,0.6,0.4955728871964526,0.6302676914921813,2021-07-26,2024-09-03,2024-09-04,2025-03-18,2025-03-19,2025-06-20,51,0.7843137254901961,0.002011623716565947,0.008,0.1035256664000277,-0.05459891333367939,1.4934356937947493
reversal_fundamental_regime_sector,extra_trees_600_d3,7,test,80.0,all_days,0.6,0.4955728871964526,0.5153061224489797,2021-07-26,2024-09-03,2024-09-04,2025-03-18,2025-03-19,2025-06-20,30,0.6666666666666666,0.0013847728867321233,0.008,0.04091981548145873,-0.04184227736368917,1.409165601972134
reversal_fundamental_regime_sector,extra_trees_600_d3,8,valid,80.0,all_days,0.7,0.5249344828923233,0.514795918367347,2021-11-01,2024-12-10,2024-12-11,2025-06-20,2025-06-23,2025-09-17,38,0.6842105263157895,0.0018906486429541788,0.008,0.07255745094272426,-0.04184227736368906,1.582673854395757
reversal_fundamental_regime_sector,extra_trees_600_d3,8,test,80.0,all_days,0.7,0.5249344828923233,0.4428274428274428,2021-11-01,2024-12-10,2024-12-11,2025-06-20,2025-06-23,2025-09-17,40,0.55,-0.001167793987171139,0.008,-0.04817583898332056,-0.04572175672806522,0.7902591241949909
reversal_fundamental_regime_sector,extra_trees_600_d3,9,valid,80.0,all_days,0.6,0.5239970895836733,0.5059156378600823,2022-01-28,2025-03-18,2025-03-19,2025-09-17,2025-09-18,2025-12-23,51,0.5686274509803921,-0.0004982445587839894,0.008,-0.028132762397474198,-0.06680166853305236,0.9012842319452153
reversal_fundamental_regime_sector,extra_trees_600_d3,9,test,80.0,all_days,0.6,0.5239970895836733,0.5395061728395061,2022-01-28,2025-03-18,2025-03-19,2025-09-17,2025-09-18,2025-12-23,48,0.7291666666666666,-2.6846426846605157e-05,0.008,-0.006701117863747608,-0.08557141348436603,0.9954188390211122
reversal_fundamental_regime_sector,extra_trees_600_d3,10,valid,80.0,all_days,0.7,0.5453277559340449,0.5670731707317074,2022-05-11,2025-06-20,2025-06-23,2025-12-23,2025-12-24,2026-04-01,38,0.7368421052631579,0.0004480834262008395,0.008,0.013141540569406418,-0.06893796528303464,1.0822676590532492
reversal_fundamental_regime_sector,extra_trees_600_d3,10,test,80.0,all_days,0.7,0.5453277559340449,0.526595744680851,2022-05-11,2025-06-20,2025-06-23,2025-12-23,2025-12-24,2026-04-01,43,0.7674418604651163,-0.0015255982744292894,0.008,-0.07290594894830915,-0.12916307230384183,0.8009691100007643
reversal_fundamental_regime_sector,random_forest_600_d4,1,valid,80.0,all_days,0.7,0.48327849961451913,0.5438775510204081,2020-01-02,2023-02-16,2023-02-17,2023-08-21,2023-08-22,2023-11-24,38,0.5789473684210527,-0.0027812292102540282,0.008,-0.10366198584025788,-0.12483443917256243,0.6103868792901428
reversal_fundamental_regime_sector,random_forest_600_d4,1,test,80.0,all_days,0.7,0.48327849961451913,0.5942350332594235,2020-01-02,2023-02-16,2023-02-17,2023-08-21,2023-08-22,2023-11-24,14,0.5,-0.001019073030286914,0.0013398108013279487,-0.015071731766120866,-0.03606123706187647,0.7828910663089376
reversal_fundamental_regime_sector,random_forest_600_d4,2,valid,80.0,all_days,0.8,0.37896144344086563,0.578444042388214,2020-04-09,2023-05-22,2023-05-23,2023-11-24,2023-11-27,2024-03-01,26,0.6153846153846154,-0.0003566667585259975,0.008,-0.011107488521207465,-0.05913636735789707,0.9301285589162973
reversal_fundamental_regime_sector,random_forest_600_d4,2,test,80.0,all_days,0.8,0.37896144344086563,0.6130820399113082,2020-04-09,2023-05-22,2023-05-23,2023-11-24,2023-11-27,2024-03-01,41,0.7317073170731707,0.00153821103606461,0.008,0.06141035034355169,-0.07561762311739884,1.3722927585989004
reversal_fundamental_regime_sector,random_forest_600_d4,3,valid,80.0,all_days,0.8,0.43436612868173435,0.7052154195011339,2020-07-14,2023-08-21,2023-08-22,2024-03-01,2024-03-04,2024-06-05,26,0.7692307692307693,0.0034264906897432668,0.008,0.09177947413772958,-0.034237749568337805,2.2563418061350307
reversal_fundamental_regime_sector,random_forest_600_d4,3,test,80.0,all_days,0.8,0.43436612868173435,0.5395061728395062,2020-07-14,2023-08-21,2023-08-22,2024-03-01,2024-03-04,2024-06-05,49,0.7346938775510204,0.0017990251929360548,0.008,0.08846389721292258,-0.06817210565423604,1.4586753056638935
reversal_fundamental_regime_sector,random_forest_600_d4,4,valid,80.0,all_days,0.5,0.3854375417410397,0.6482558139534884,2020-10-19,2023-11-24,2023-11-27,2024-06-05,2024-06-06,2024-09-03,63,0.7619047619047619,0.002613152492472218,0.008,0.1740437184969117,-0.06817210565423593,1.750456131921785
reversal_fundamental_regime_sector,random_forest_600_d4,4,test,80.0,all_days,0.5,0.3854375417410397,0.45789473684210524,2020-10-19,2023-11-24,2023-11-27,2024-06-05,2024-06-06,2024-09-03,25,0.64,0.002343794505804719,0.008,0.05919277490577746,-0.030682313582660714,1.844243882776443
reversal_fundamental_regime_sector,random_forest_600_d4,5,valid,80.0,all_days,0.5,0.4962351518473878,0.5301204819277109,2021-01-15,2024-03-01,2024-03-04,2024-09-03,2024-09-04,2024-12-10,63,0.7142857142857143,0.0019849820829799495,0.008,0.1287251473618629,-0.06817210565423604,1.550202202360403
reversal_fundamental_regime_sector,random_forest_600_d4,5,test,80.0,all_days,0.5,0.4962351518473878,0.6303854875283448,2021-01-15,2024-03-01,2024-03-04,2024-09-03,2024-09-04,2024-12-10,39,0.7435897435897436,0.0017838628152884622,0.008,0.0690022180761869,-0.0545989133336795,1.4432651510510013
reversal_fundamental_regime_sector,random_forest_600_d4,6,valid,80.0,all_days,0.7,0.6048386360307785,0.5869565217391305,2021-04-22,2024-06-05,2024-06-06,2024-12-10,2024-12-11,2025-03-18,38,0.7894736842105263,0.00230168980502148,0.008,0.08796400104433388,-0.05459891333367939,1.5874481310301274
reversal_fundamental_regime_sector,random_forest_600_d4,6,test,80.0,all_days,0.7,0.6048386360307785,0.5724489795918368,2021-04-22,2024-06-05,2024-06-06,2024-12-10,2024-12-11,2025-03-18,0,,,,,,
reversal_fundamental_regime_sector,random_forest_600_d4,7,valid,80.0,all_days,0.7,0.557457735370798,0.6559766763848397,2021-07-26,2024-09-03,2024-09-04,2025-03-18,2025-03-19,2025-06-20,38,0.8157894736842105,0.0030828540334230294,0.008,0.12134419361504944,-0.05459891333367961,1.9513674139370776
reversal_fundamental_regime_sector,random_forest_600_d4,7,test,80.0,all_days,0.7,0.557457735370798,0.4561224489795918,2021-07-26,2024-09-03,2024-09-04,2025-03-18,2025-03-19,2025-06-20,3,1.0,0.008,0.008,0.024192512000000166,0.0,inf
reversal_fundamental_regime_sector,random_forest_600_d4,8,valid,80.0,all_days,0.8,0.5632900079552472,0.5372448979591836,2021-11-01,2024-12-10,2024-12-11,2025-06-20,2025-06-23,2025-09-17,26,0.5769230769230769,0.0004548653136324004,0.008,0.01059917929614107,-0.03482989299329142,1.1093289756980178
reversal_fundamental_regime_sector,random_forest_600_d4,8,test,80.0,all_days,0.8,0.5632900079552472,0.4698544698544699,2021-11-01,2024-12-10,2024-12-11,2025-06-20,2025-06-23,2025-09-17,19,0.5789473684210527,-0.0005142579914225114,0.008,-0.010862718590548437,-0.028495251444454306,0.9000632943601706
reversal_fundamental_regime_sector,random_forest_600_d4,9,valid,80.0,all_days,0.8,0.5407574328250364,0.49254115226337447,2022-01-28,2025-03-18,2025-03-19,2025-09-17,2025-09-18,2025-12-23,26,0.6153846153846154,0.00010650370907486991,0.008,0.0011641304395069163,-0.03204995561952917,1.0221119257079405
reversal_fundamental_regime_sector,random_forest_600_d4,9,test,80.0,all_days,0.8,0.5407574328250364,0.5185185185185186,2022-01-28,2025-03-18,2025-03-19,2025-09-17,2025-09-18,2025-12-23,36,0.7222222222222222,-0.0005643483121294415,0.008,-0.02446491782411575,-0.08610494003062152,0.9110159110479469
reversal_fundamental_regime_sector,random_forest_600_d4,10,valid,80.0,all_days,0.7,0.5746593501161087,0.5279933481152994,2022-05-11,2025-06-20,2025-06-23,2025-12-23,2025-12-24,2026-04-01,38,0.7368421052631579,0.0009804758463165051,0.008,0.03437163531096532,-0.04800950617283939,1.1995164373965317
reversal_fundamental_regime_sector,random_forest_600_d4,10,test,80.0,all_days,0.7,0.5746593501161087,0.5212765957446809,2022-05-11,2025-06-20,2025-06-23,2025-12-23,2025-12-24,2026-04-01,28,0.7857142857142857,-0.001591513905675151,0.008,-0.050257892206769794,-0.08969913285410303,0.7979601622541762
reversal_fundamental_regime_sector,lgbm_leaves7_400,1,valid,80.0,all_days,0.7,0.6196874918041608,0.4987244897959183,2020-01-02,2023-02-16,2023-02-17,2023-08-21,2023-08-22,2023-11-24,38,0.631578947368421,-0.0010876502916247447,0.006087863351038168,-0.04293000738476671,-0.10916163768999954,0.7970632940312056
reversal_fundamental_regime_sector,lgbm_leaves7_400,1,test,80.0,all_days,0.7,0.6196874918041608,0.5266075388026608,2020-01-02,2023-02-16,2023-02-17,2023-08-21,2023-08-22,2023-11-24,7,0.42857142857142855,-0.00395452269584018,-0.00391999999999992,-0.0280297656612144,-0.045129083587441166,0.4643813787007174
reversal_fundamental_regime_sector,lgbm_leaves7_400,2,valid,80.0,all_days,0.6,0.4458387313605912,0.49831997932282246,2020-04-09,2023-05-22,2023-05-23,2023-11-24,2023-11-27,2024-03-01,51,0.5294117647058824,-0.0016269088609381806,0.003446636528029016,-0.08297379291075246,-0.07226450258958161,0.7117334935965038
reversal_fundamental_regime_sector,lgbm_leaves7_400,2,test,80.0,all_days,0.6,0.4458387313605912,0.6130820399113083,2020-04-09,2023-05-22,2023-05-23,2023-11-24,2023-11-27,2024-03-01,27,0.7037037037037037,0.0010740724261510469,0.008,0.026688992466268546,-0.07963154039989373,1.2357719106964338
reversal_fundamental_regime_sector,lgbm_leaves7_400,3,valid,80.0,all_days,0.8,0.46607301077811947,0.6482741244646008,2020-07-14,2023-08-21,2023-08-22,2024-03-01,2024-03-04,2024-06-05,26,0.7692307692307693,0.00350505861797531,0.008,0.09437060995910795,-0.026360232009907447,2.52808978419767
reversal_fundamental_regime_sector,lgbm_leaves7_400,3,test,80.0,all_days,0.8,0.46607301077811947,0.5185185185185185,2020-07-14,2023-08-21,2023-08-22,2024-03-01,2024-03-04,2024-06-05,38,0.7368421052631579,0.0012600069422097808,0.008,0.046032228398542596,-0.06817210565423593,1.2842221208719096
reversal_fundamental_regime_sector,lgbm_leaves7_400,4,valid,80.0,all_days,0.8,0.6572391592143496,0.5648255813953489,2020-10-19,2023-11-24,2023-11-27,2024-06-05,2024-06-06,2024-09-03,26,0.8076923076923077,0.004028891841516651,0.008,0.10892854502385996,-0.02968136913401065,2.656176367071568
reversal_fundamental_regime_sector,lgbm_leaves7_400,4,test,80.0,all_days,0.8,0.6572391592143496,0.47578947368421054,2020-10-19,2023-11-24,2023-11-27,2024-06-05,2024-06-06,2024-09-03,2,0.0,-0.0044926720175931766,-0.0044926720175931766,-0.008979538336216009,-0.0007007855626326442,0.0
reversal_fundamental_regime_sector,lgbm_leaves7_400,5,valid,80.0,all_days,0.5,0.5843394354745834,0.5561782011768003,2021-01-15,2024-03-01,2024-03-04,2024-09-03,2024-09-04,2024-12-10,63,0.7619047619047619,0.0029543237541616646,0.008,0.20038593953816886,-0.04800741639209016,1.9975944506027798
reversal_fundamental_regime_sector,lgbm_leaves7_400,5,test,80.0,all_days,0.5,0.5843394354745834,0.68140589569161,2021-01-15,2024-03-01,2024-03-04,2024-09-03,2024-09-04,2024-12-10,53,0.7547169811320755,0.001329328179837027,0.008,0.06838735208144686,-0.06855560890771095,1.2980908981402615
reversal_fundamental_regime_sector,lgbm_leaves7_400,6,valid,80.0,all_days,0.7,0.7886279992500681,0.5032608695652174,2021-04-22,2024-06-05,2024-06-06,2024-12-10,2024-12-11,2025-03-18,38,0.7105263157894737,0.001045096958490923,0.008,0.03759595227153234,-0.05459891333367939,1.2375788811662145
reversal_fundamental_regime_sector,lgbm_leaves7_400,6,test,80.0,all_days,0.7,0.7886279992500681,0.46632653061224494,2021-04-22,2024-06-05,2024-06-06,2024-12-10,2024-12-11,2025-03-18,8,0.625,-0.0012505964516780921,0.0046162622720897755,-0.010618407496808757,-0.04011571803701519,0.7686078339182835
reversal_fundamental_regime_sector,lgbm_leaves7_400,7,valid,80.0,all_days,0.6,0.7664489056112282,0.5645375033130136,2021-07-26,2024-09-03,2024-09-04,2025-03-18,2025-03-19,2025-06-20,51,0.7058823529411765,0.0012015888589785415,0.008,0.05926503191321242,-0.0645807360723335,1.2769888918400694
reversal_fundamental_regime_sector,lgbm_leaves7_400,7,test,80.0,all_days,0.6,0.7664489056112282,0.573469387755102,2021-07-26,2024-09-03,2024-09-04,2025-03-18,2025-03-19,2025-06-20,3,0.6666666666666666,-0.0021827453561503395,0.008,-0.006846450932654569,-0.022548236068451022,0.7095898744109229
reversal_fundamental_regime_sector,lgbm_leaves7_400,8,valid,80.0,all_days,0.7,0.69703733152553,0.4956632653061225,2021-11-01,2024-12-10,2024-12-11,2025-06-20,2025-06-23,2025-09-17,38,0.7105263157894737,0.0023461972165275476,0.008,0.09122298165667542,-0.030686431924882407,1.8186824155109944
reversal_fundamental_regime_sector,lgbm_leaves7_400,8,test,80.0,all_days,0.7,0.69703733152553,0.4792099792099792,2021-11-01,2024-12-10,2024-12-11,2025-06-20,2025-06-23,2025-09-17,20,0.65,-0.0006888634796476422,0.008,-0.015298494884800728,-0.04645542386723345,0.883022677970307
reversal_fundamental_regime_sector,lgbm_leaves7_400,9,valid,80.0,all_days,0.7,0.5986875241873577,0.5149176954732511,2022-01-28,2025-03-18,2025-03-19,2025-09-17,2025-09-18,2025-12-23,38,0.6842105263157895,0.0006026429437346207,0.008,0.02065465646353659,-0.043765135140890754,1.131669389525488
reversal_fundamental_regime_sector,lgbm_leaves7_400,9,test,80.0,all_days,0.7,0.5986875241873577,0.4555555555555555,2022-01-28,2025-03-18,2025-03-19,2025-09-17,2025-09-18,2025-12-23,23,0.6521739130434783,-0.001787897723668157,0.008,-0.04326049500508522,-0.07920774297370614,0.744778878284981
reversal_fundamental_regime_sector,lgbm_leaves7_400,10,valid,80.0,all_days,0.8,0.6991439398559605,0.4453991130820399,2022-05-11,2025-06-20,2025-06-23,2025-12-23,2025-12-24,2026-04-01,26,0.6538461538461539,-0.0006831384110974041,0.008,-0.019517402652425186,-0.05966506727741139,0.8772204900732613
reversal_fundamental_regime_sector,lgbm_leaves7_400,10,test,80.0,all_days,0.8,0.6991439398559605,0.5625,2022-05-11,2025-06-20,2025-06-23,2025-12-23,2025-12-24,2026-04-01,16,0.75,-0.0035119817958366613,0.008,-0.05829966592212099,-0.07342594318248441,0.6307833770903731
reversal_fundamental_regime_sector,lgbm_leaves15_700,1,valid,80.0,all_days,0.8,0.7414599090289417,0.49056122448979594,2020-01-02,2023-02-16,2023-02-17,2023-08-21,2023-08-22,2023-11-24,26,0.6153846153846154,-0.0020899526811183453,0.008,-0.055055082817367706,-0.10631849835499718,0.6828544633607918
reversal_fundamental_regime_sector,lgbm_leaves15_700,1,test,80.0,all_days,0.8,0.7414599090289417,0.5620842572062085,2020-01-02,2023-02-16,2023-02-17,2023-08-21,2023-08-22,2023-11-24,8,0.5,-0.0017890108355103226,0.003616492537313441,-0.014960704140721925,-0.04137125892241722,0.6909643311537151
reversal_fundamental_regime_sector,lgbm_leaves15_700,2,valid,80.0,all_days,0.5,0.3802400567298988,0.48022744895321795,2020-04-09,2023-05-22,2023-05-23,2023-11-24,2023-11-27,2024-03-01,63,0.47619047619047616,-0.0015232581712624606,-0.0018794017094017033,-0.09486138584272341,-0.08994041690096999,0.7019093629245887
reversal_fundamental_regime_sector,lgbm_leaves15_700,2,test,80.0,all_days,0.5,0.3802400567298988,0.6008869179600886,2020-04-09,2023-05-22,2023-05-23,2023-11-24,2023-11-27,2024-03-01,48,0.7291666666666666,0.0021811380897773292,0.008,0.10668036731933461,-0.0764792027311284,1.6334754326412435
reversal_fundamental_regime_sector,lgbm_leaves15_700,3,valid,80.0,all_days,0.8,0.5996759227943605,0.6273620559334846,2020-07-14,2023-08-21,2023-08-22,2024-03-01,2024-03-04,2024-06-05,26,0.7307692307692307,0.002667741974411852,0.008,0.0706170012538836,-0.023773318359748608,1.8882754012674976
reversal_fundamental_regime_sector,lgbm_leaves15_700,3,test,80.0,all_days,0.8,0.5996759227943605,0.5024691358024691,2020-07-14,2023-08-21,2023-08-22,2024-03-01,2024-03-04,2024-06-05,32,0.75,0.002668376869100687,0.008,0.08733035945441059,-0.02968136913401065,1.8629159634231431
reversal_fundamental_regime_sector,lgbm_leaves15_700,4,valid,80.0,all_days,0.7,0.6718490229543773,0.5857558139534884,2020-10-19,2023-11-24,2023-11-27,2024-06-05,2024-06-06,2024-09-03,38,0.8157894736842105,0.0035885788438510726,0.008,0.14372334508941775,-0.02968136913401065,2.311526895906601
reversal_fundamental_regime_sector,lgbm_leaves15_700,4,test,80.0,all_days,0.7,0.6718490229543773,0.5452631578947368,2020-10-19,2023-11-24,2023-11-27,2024-06-05,2024-06-06,2024-09-03,6,0.5,0.001945288597696343,0.0036496072186836797,0.011602682084494997,-0.008284558472553716,1.9467454142296414
reversal_fundamental_regime_sector,lgbm_leaves15_700,5,valid,80.0,all_days,0.8,0.7661965861943376,0.5180722891566265,2021-01-15,2024-03-01,2024-03-04,2024-09-03,2024-09-04,2024-12-10,26,0.7692307692307693,0.0031447871819143855,0.008,0.08376888180997577,-0.02968136913401065,2.1585222300507563
reversal_fundamental_regime_sector,lgbm_leaves15_700,5,test,80.0,all_days,0.8,0.7661965861943376,0.6700680272108843,2021-01-15,2024-03-01,2024-03-04,2024-09-03,2024-09-04,2024-12-10,32,0.8125,0.0025968425664987657,0.008,0.08389693456257596,-0.05459891333367939,1.6958423915575471
reversal_fundamental_regime_sector,lgbm_leaves15_700,6,valid,80.0,all_days,0.8,0.8340109220143602,0.5823369565217391,2021-04-22,2024-06-05,2024-06-06,2024-12-10,2024-12-11,2025-03-18,26,0.8076923076923077,0.0037656752260130486,0.008,0.10161032497596212,-0.01800007934910708,2.5152799499844556
reversal_fundamental_regime_sector,lgbm_leaves15_700,6,test,80.0,all_days,0.8,0.8340109220143602,0.4479591836734694,2021-04-22,2024-06-05,2024-06-06,2024-12-10,2024-12-11,2025-03-18,4,0.5,-0.0008295849221355558,-0.00018575493632322013,-0.0034067580285921384,-0.011316228202968404,0.7356086698881763
reversal_fundamental_regime_sector,lgbm_leaves15_700,7,valid,80.0,all_days,0.7,0.8362749905006135,0.5830903790087464,2021-07-26,2024-09-03,2024-09-04,2025-03-18,2025-03-19,2025-06-20,38,0.7105263157894737,0.002335477676042535,0.008,0.0909508264289216,-0.049927268611949516,1.7365947100604018
reversal_fundamental_regime_sector,lgbm_leaves15_700,7,test,80.0,all_days,0.7,0.8362749905006135,0.6112244897959183,2021-07-26,2024-09-03,2024-09-04,2025-03-18,2025-03-19,2025-06-20,4,0.75,0.0003629409828872455,0.008,0.0010987774598842925,-0.022548236068451022,1.0643848116163843
reversal_fundamental_regime_sector,lgbm_leaves15_700,8,valid,80.0,all_days,0.5,0.6825455077063004,0.48801020408163265,2021-11-01,2024-12-10,2024-12-11,2025-06-20,2025-06-23,2025-09-17,63,0.6507936507936508,0.000999194900492346,0.008,0.05988166593095179,-0.10064775291765815,1.261469965692141
reversal_fundamental_regime_sector,lgbm_leaves15_700,8,test,80.0,all_days,0.5,0.6825455077063004,0.49272349272349275,2021-11-01,2024-12-10,2024-12-11,2025-06-20,2025-06-23,2025-09-17,47,0.6382978723404256,0.001246520910228925,0.008,0.058030929990497304,-0.04572175672806522,1.3399974394905967
reversal_fundamental_regime_sector,lgbm_leaves15_700,9,valid,80.0,all_days,0.5,0.6158634664903623,0.5588991769547326,2022-01-28,2025-03-18,2025-03-19,2025-09-17,2025-09-18,2025-12-23,63,0.6666666666666666,0.0004979194464488062,0.008,0.026285341133082785,-0.07368984390047573,1.1063461026574557
reversal_fundamental_regime_sector,lgbm_leaves15_700,9,test,80.0,all_days,0.5,0.6158634664903623,0.43827160493827155,2022-01-28,2025-03-18,2025-03-19,2025-09-17,2025-09-18,2025-12-23,35,0.6857142857142857,-6.882732106835303e-05,0.008,-0.0060139328753806565,-0.06987204071169228,0.9876088206839052
reversal_fundamental_regime_sector,lgbm_leaves15_700,10,valid,80.0,all_days,0.7,0.6399276411141921,0.4506651884700666,2022-05-11,2025-06-20,2025-06-23,2025-12-23,2025-12-24,2026-04-01,38,0.7105263157894737,0.0009698744114724457,0.008,0.034991353108004386,-0.04601302817412911,1.2167371448550026
reversal_fundamental_regime_sector,lgbm_leaves15_700,10,test,80.0,all_days,0.7,0.6399276411141921,0.4707446808510638,2022-05-11,2025-06-20,2025-06-23,2025-12-23,2025-12-24,2026-04-01,20,0.75,-0.0036135666437634925,0.008,-0.07576672922032357,-0.09247722943997883,0.6241180013967363
reversal_fundamental_regime_sector_external,xgb_d2_200_lr003_mcw5,1,valid,80.0,all_days,0.5,0.41074031591415405,0.5224489795918367,2020-01-02,2023-02-16,2023-02-17,2023-08-21,2023-08-22,2023-11-24,63,0.5555555555555556,-0.0028691793135118197,0.0036000282752122227,-0.17001779077946144,-0.18962284971232202,0.5810783507521844
reversal_fundamental_regime_sector_external,xgb_d2_200_lr003_mcw5,1,test,80.0,all_days,0.5,0.41074031591415405,0.4523281596452329,2020-01-02,2023-02-16,2023-02-17,2023-08-21,2023-08-22,2023-11-24,31,0.3548387096774194,-0.002097816617007833,-0.0024171910112359384,-0.06389120009740046,-0.07132063501726238,0.5396056519646133
reversal_fundamental_regime_sector_external,xgb_d2_200_lr003_mcw5,2,valid,80.0,all_days,0.5,0.33362050354480743,0.556216076505557,2020-04-09,2023-05-22,2023-05-23,2023-11-24,2023-11-27,2024-03-01,63,0.5238095238095238,-0.0005401563779128223,0.003446636528029016,-0.03669322850292733,-0.06882282074006363,0.8811188540515368
reversal_fundamental_regime_sector_external,xgb_d2_200_lr003_mcw5,2,test,80.0,all_days,0.5,0.33362050354480743,0.5177383592017738,2020-04-09,2023-05-22,2023-05-23,2023-11-24,2023-11-27,2024-03-01,28,0.6428571428571429,0.0024340141939726964,0.008,0.0694106073357248,-0.02726533913806406,1.9292016670907728
reversal_fundamental_regime_sector_external,xgb_d2_200_lr003_mcw5,3,valid,80.0,all_days,0.8,0.44847872853279114,0.6099773242630385,2020-07-14,2023-08-21,2023-08-22,2024-03-01,2024-03-04,2024-06-05,26,0.6923076923076923,0.003519706162657588,0.008,0.09490057509982663,-0.02106930335655488,2.9091215575760496
reversal_fundamental_regime_sector_external,xgb_d2_200_lr003_mcw5,3,test,80.0,all_days,0.8,0.44847872853279114,0.5777777777777777,2020-07-14,2023-08-21,2023-08-22,2024-03-01,2024-03-04,2024-06-05,46,0.7391304347826086,0.0017615101365183559,0.008,0.08077383300571728,-0.06817210565423593,1.4243035022281674
reversal_fundamental_regime_sector_external,xgb_d2_200_lr003_mcw5,4,valid,80.0,all_days,0.8,0.5847197771072388,0.6188953488372093,2020-10-19,2023-11-24,2023-11-27,2024-06-05,2024-06-06,2024-09-03,26,0.8461538461538461,0.005044560905976576,0.008,0.1387837478162386,-0.02968136913401065,3.924942920066017
reversal_fundamental_regime_sector_external,xgb_d2_200_lr003_mcw5,4,test,80.0,all_days,0.8,0.5847197771072388,0.4052631578947368,2020-10-19,2023-11-24,2023-11-27,2024-06-05,2024-06-06,2024-09-03,4,0.75,0.00240449906069695,0.004153777459407924,0.00957738527757579,0.0,2.437762445713164
reversal_fundamental_regime_sector_external,xgb_d2_200_lr003_mcw5,5,valid,80.0,all_days,0.6,0.5728617906570435,0.5340431493415523,2021-01-15,2024-03-01,2024-03-04,2024-09-03,2024-09-04,2024-12-10,51,0.7450980392156863,0.002576076688661732,0.008,0.13681650818960067,-0.06817210565423604,1.7964297702154304
reversal_fundamental_regime_sector_external,xgb_d2_200_lr003_mcw5,5,test,80.0,all_days,0.6,0.5728617906570435,0.6836734693877551,2021-01-15,2024-03-01,2024-03-04,2024-09-03,2024-09-04,2024-12-10,40,0.775,0.0018382148678738233,0.008,0.07246354821091905,-0.05459891333367939,1.4214363642845875
reversal_fundamental_regime_sector_external,xgb_d2_200_lr003_mcw5,6,valid,80.0,all_days,0.6,0.5539030432701111,0.5796195652173913,2021-04-22,2024-06-05,2024-06-06,2024-12-10,2024-12-11,2025-03-18,51,0.7450980392156863,0.0017663097741100148,0.008,0.08974670531224538,-0.05929320009602779,1.4211039445889544
reversal_fundamental_regime_sector_external,xgb_d2_200_lr003_mcw5,6,test,80.0,all_days,0.6,0.5539030432701111,0.44795918367346943,2021-04-22,2024-06-05,2024-06-06,2024-12-10,2024-12-11,2025-03-18,10,0.8,0.004749768047232079,0.008,0.04830172294524315,-0.010006065573770373,3.8782426853784577
reversal_fundamental_regime_sector_external,xgb_d2_200_lr003_mcw5,7,valid,80.0,all_days,0.5,0.5132732093334198,0.5889212827988338,2021-07-26,2024-09-03,2024-09-04,2025-03-18,2025-03-19,2025-06-20,63,0.7619047619047619,0.002083050419984102,0.008,0.13521119827128913,-0.0592932000960279,1.5568718041504772
reversal_fundamental_regime_sector_external,xgb_d2_200_lr003_mcw5,7,test,80.0,all_days,0.5,0.5132732093334198,0.5010204081632653,2021-07-26,2024-09-03,2024-09-04,2025-03-18,2025-03-19,2025-06-20,24,0.5833333333333334,0.0005710569513417441,0.008,0.012490946957699034,-0.04184227736368917,1.1394314866489765
reversal_fundamental_regime_sector_external,xgb_d2_200_lr003_mcw5,8,valid,80.0,all_days,0.5,0.4368898272514343,0.4262755102040816,2021-11-01,2024-12-10,2024-12-11,2025-06-20,2025-06-23,2025-09-17,63,0.6031746031746031,-0.0002049686344088831,0.008,-0.01787228387425399,-0.10216120210876123,0.955085151570578
reversal_fundamental_regime_sector_external,xgb_d2_200_lr003_mcw5,8,test,80.0,all_days,0.5,0.4368898272514343,0.5114345114345114,2021-11-01,2024-12-10,2024-12-11,2025-06-20,2025-06-23,2025-09-17,39,0.6666666666666666,0.0004231729512586668,0.008,0.014068931783156602,-0.046776114693798276,1.0889400204139585
reversal_fundamental_regime_sector_external,xgb_d2_200_lr003_mcw5,9,valid,80.0,all_days,0.8,0.5797935128211975,0.5115740740740741,2022-01-28,2025-03-18,2025-03-19,2025-09-17,2025-09-18,2025-12-23,26,0.6153846153846154,8.998394798074953e-05,0.008,0.0005728749286963986,-0.04184227736368917,1.018618294422312
reversal_fundamental_regime_sector_external,xgb_d2_200_lr003_mcw5,9,test,80.0,all_days,0.8,0.5797935128211975,0.5506172839506173,2022-01-28,2025-03-18,2025-03-19,2025-09-17,2025-09-18,2025-12-23,17,0.8235294117647058,0.002359883493198269,0.008,0.03947037835011491,-0.045909661932342805,1.558109543459737
reversal_fundamental_regime_sector_external,xgb_d2_200_lr003_mcw5,10,valid,80.0,all_days,0.8,0.6041024923324585,0.553769401330377,2022-05-11,2025-06-20,2025-06-23,2025-12-23,2025-12-24,2026-04-01,26,0.8461538461538461,0.002813705340595593,0.008,0.07352017863593963,-0.05266435655652657,1.7113354196199524
reversal_fundamental_regime_sector_external,xgb_d2_200_lr003_mcw5,10,test,80.0,all_days,0.8,0.6041024923324585,0.5345744680851064,2022-05-11,2025-06-20,2025-06-23,2025-12-23,2025-12-24,2026-04-01,32,0.8125,-0.002013086093472707,0.008,-0.07136213373759881,-0.0996658275091662,0.7635303964544404
reversal_fundamental_regime_sector_external,xgb_d3_400_lr003_mcw3,1,valid,80.0,all_days,0.6,0.5142905116081238,0.5364795918367348,2020-01-02,2023-02-16,2023-02-17,2023-08-21,2023-08-22,2023-11-24,51,0.5686274509803921,-0.0026752154262607688,0.0036000282752122227,-0.13129811666922175,-0.14253991524827703,0.5977267033577682
reversal_fundamental_regime_sector_external,xgb_d3_400_lr003_mcw3,1,test,80.0,all_days,0.6,0.5142905116081238,0.45232815964523276,2020-01-02,2023-02-16,2023-02-17,2023-08-21,2023-08-22,2023-11-24,30,0.4,-0.0010532759368193862,-0.001900869078999886,-0.031964094584207015,-0.04631628383574171,0.7271764515604761
reversal_fundamental_regime_sector_external,xgb_d3_400_lr003_mcw3,2,valid,80.0,all_days,0.5,0.3391093760728836,0.5146032566554666,2020-04-09,2023-05-22,2023-05-23,2023-11-24,2023-11-27,2024-03-01,63,0.47619047619047616,-0.0018154209309125086,-0.0018794017094017033,-0.11148727574795625,-0.11298583516346428,0.666158922945698
reversal_fundamental_regime_sector_external,xgb_d3_400_lr003_mcw3,2,test,80.0,all_days,0.5,0.3391093760728836,0.5044345898004434,2020-04-09,2023-05-22,2023-05-23,2023-11-24,2023-11-27,2024-03-01,29,0.6551724137931034,0.0004923001562966712,0.008,0.011628105576235503,-0.07073593479265938,1.1055806824563463
reversal_fundamental_regime_sector_external,xgb_d3_400_lr003_mcw3,3,valid,80.0,all_days,0.8,0.54828280210495,0.54421768707483,2020-07-14,2023-08-21,2023-08-22,2024-03-01,2024-03-04,2024-06-05,26,0.6923076923076923,0.0016028195668561093,0.008,0.0400521152298956,-0.05515059508408804,1.4262236918831666
reversal_fundamental_regime_sector_external,xgb_d3_400_lr003_mcw3,3,test,80.0,all_days,0.8,0.54828280210495,0.6123456790123457,2020-07-14,2023-08-21,2023-08-22,2024-03-01,2024-03-04,2024-06-05,34,0.7647058823529411,0.0028602634732594234,0.008,0.09998681257272013,-0.02968136913401065,1.8780861688919241
reversal_fundamental_regime_sector_external,xgb_d3_400_lr003_mcw3,4,valid,80.0,all_days,0.8,0.6658540964126587,0.6151162790697674,2020-10-19,2023-11-24,2023-11-27,2024-06-05,2024-06-06,2024-09-03,26,0.8846153846153846,0.005422681273980664,0.008,0.14999981646601568,-0.029681369134010538,4.2780463317607484
reversal_fundamental_regime_sector_external,xgb_d3_400_lr003_mcw3,4,test,80.0,all_days,0.8,0.6658540964126587,0.4147368421052631,2020-10-19,2023-11-24,2023-11-27,2024-06-05,2024-06-06,2024-09-03,1,0.0,-0.00016999999999999999,-0.00016999999999999999,-0.00017000000000000348,0.0,0.0
reversal_fundamental_regime_sector_external,xgb_d3_400_lr003_mcw3,5,valid,80.0,all_days,0.8,0.7778083086013794,0.5620622022975623,2021-01-15,2024-03-01,2024-03-04,2024-09-03,2024-09-04,2024-12-10,26,0.8076923076923077,0.003970617969986511,0.008,0.10724835947259481,-0.029681369134010538,2.5940364148325923
reversal_fundamental_regime_sector_external,xgb_d3_400_lr003_mcw3,5,test,80.0,all_days,0.8,0.7778083086013794,0.6825396825396826,2021-01-15,2024-03-01,2024-03-04,2024-09-03,2024-09-04,2024-12-10,28,0.8214285714285714,0.0032426676010309558,0.008,0.09266412299624394,-0.05459891333367939,1.974136512013845
reversal_fundamental_regime_sector_external,xgb_d3_400_lr003_mcw3,6,valid,80.0,all_days,0.8,0.740240752696991,0.5581521739130434,2021-04-22,2024-06-05,2024-06-06,2024-12-10,2024-12-11,2025-03-18,26,0.8076923076923077,0.0028767189549564133,0.008,0.075389072928717,-0.05459891333367939,1.8024724674909018
reversal_fundamental_regime_sector_external,xgb_d3_400_lr003_mcw3,6,test,80.0,all_days,0.8,0.740240752696991,0.40306122448979587,2021-04-22,2024-06-05,2024-06-06,2024-12-10,2024-12-11,2025-03-18,1,1.0,0.008,0.008,0.008000000000000007,0.0,inf
reversal_fundamental_regime_sector_external,xgb_d3_400_lr003_mcw3,7,valid,80.0,all_days,0.5,0.5501846671104431,0.5881261595547309,2021-07-26,2024-09-03,2024-09-04,2025-03-18,2025-03-19,2025-06-20,63,0.7619047619047619,0.0020936256971338073,0.008,0.13606775218500533,-0.05459891333367939,1.5725671319399923
reversal_fundamental_regime_sector_external,xgb_d3_400_lr003_mcw3,7,test,80.0,all_days,0.5,0.5501846671104431,0.47551020408163264,2021-07-26,2024-09-03,2024-09-04,2025-03-18,2025-03-19,2025-06-20,20,0.55,-0.00023449252795512357,0.008,-0.005853184901471575,-0.04184227736368917,0.9494027605955409
reversal_fundamental_regime_sector_external,xgb_d3_400_lr003_mcw3,8,valid,80.0,all_days,0.6,0.5287578105926514,0.4163265306122449,2021-11-01,2024-12-10,2024-12-11,2025-06-20,2025-06-23,2025-09-17,51,0.5490196078431373,-0.0007203132933391566,0.0016440589569162202,-0.03895520327291502,-0.0738314599817349,0.8443398292654384
reversal_fundamental_regime_sector_external,xgb_d3_400_lr003_mcw3,8,test,80.0,all_days,0.6,0.5287578105926514,0.45114345114345117,2021-11-01,2024-12-10,2024-12-11,2025-06-20,2025-06-23,2025-09-17,26,0.6153846153846154,-0.0011331242188644909,0.008,-0.030929979336388636,-0.051918834180739504,0.801423605729735
reversal_fundamental_regime_sector_external,xgb_d3_400_lr003_mcw3,9,valid,80.0,all_days,0.5,0.4954245090484619,0.4848251028806584,2022-01-28,2025-03-18,2025-03-19,2025-09-17,2025-09-18,2025-12-23,63,0.6031746031746031,-0.0007460801113844718,0.008,-0.05138297807061187,-0.09819114742412693,0.8582009382392215
reversal_fundamental_regime_sector_external,xgb_d3_400_lr003_mcw3,9,test,80.0,all_days,0.5,0.4954245090484619,0.4753086419753086,2022-01-28,2025-03-18,2025-03-19,2025-09-17,2025-09-18,2025-12-23,38,0.631578947368421,-0.0024677639256733734,0.008,-0.09426648799751636,-0.12478294989931626,0.6718571617467312
reversal_fundamental_regime_sector_external,xgb_d3_400_lr003_mcw3,10,valid,80.0,all_days,0.7,0.6325763761997223,0.5354767184035477,2022-05-11,2025-06-20,2025-06-23,2025-12-23,2025-12-24,2026-04-01,38,0.7894736842105263,0.0020839267493529524,0.008,0.07930694419470297,-0.033660554542878085,1.5023178972693885
reversal_fundamental_regime_sector_external,xgb_d3_400_lr003_mcw3,10,test,80.0,all_days,0.7,0.6325763761997223,0.535904255319149,2022-05-11,2025-06-20,2025-06-23,2025-12-23,2025-12-24,2026-04-01,25,0.72,-0.005945583523564855,0.008,-0.14632938492769298,-0.17522045616176696,0.49207286321133625
reversal_fundamental_regime_sector_external,xgb_d3_600_lr002_mcw3,1,valid,80.0,all_days,0.5,0.49773573875427246,0.514795918367347,2020-01-02,2023-02-16,2023-02-17,2023-08-21,2023-08-22,2023-11-24,63,0.5396825396825397,-0.0034862003695172203,0.001398217459487764,-0.20229148382119633,-0.23953183904824005,0.5249761675059909
reversal_fundamental_regime_sector_external,xgb_d3_600_lr002_mcw3,1,test,80.0,all_days,0.5,0.49773573875427246,0.44567627494456763,2020-01-02,2023-02-16,2023-02-17,2023-08-21,2023-08-22,2023-11-24,35,0.4,-0.0020217904682254305,-0.0019223364485980686,-0.06986379273256005,-0.08922986546609613,0.5861441651354643
reversal_fundamental_regime_sector_external,xgb_d3_600_lr002_mcw3,2,valid,80.0,all_days,0.5,0.32601989805698395,0.514086327216335,2020-04-09,2023-05-22,2023-05-23,2023-11-24,2023-11-27,2024-03-01,63,0.49206349206349204,-0.0020254195902836654,-0.0007670149253731183,-0.1235341511212249,-0.11164220456048402,0.6492757021884635
reversal_fundamental_regime_sector_external,xgb_d3_600_lr002_mcw3,2,test,80.0,all_days,0.5,0.32601989805698395,0.5332594235033259,2020-04-09,2023-05-22,2023-05-23,2023-11-24,2023-11-27,2024-03-01,32,0.71875,0.0016097307666599998,0.008,0.04994457498859073,-0.06789050527063945,1.4206608793320417
reversal_fundamental_regime_sector_external,xgb_d3_600_lr002_mcw3,3,valid,80.0,all_days,0.7,0.4605758637189865,0.6069538926681785,2020-07-14,2023-08-21,2023-08-22,2024-03-01,2024-03-04,2024-06-05,38,0.6578947368421053,0.001660998999283473,0.008,0.06218994991245497,-0.061167909240973706,1.476978721240161
reversal_fundamental_regime_sector_external,xgb_d3_600_lr002_mcw3,3,test,80.0,all_days,0.7,0.4605758637189865,0.611111111111111,2020-07-14,2023-08-21,2023-08-22,2024-03-01,2024-03-04,2024-06-05,48,0.7291666666666666,0.0016698382177888892,0.008,0.07982529485409029,-0.06817210565423582,1.4170495605192086
reversal_fundamental_regime_sector_external,xgb_d3_600_lr002_mcw3,4,valid,80.0,all_days,0.8,0.6492095589637756,0.6148255813953488,2020-10-19,2023-11-24,2023-11-27,2024-06-05,2024-06-06,2024-09-03,26,0.8846153846153846,0.005422681273980664,0.008,0.14999981646601568,-0.02968136913401065,4.2780463317607484
reversal_fundamental_regime_sector_external,xgb_d3_600_lr002_mcw3,4,test,80.0,all_days,0.8,0.6492095589637756,0.4031578947368421,2020-10-19,2023-11-24,2023-11-27,2024-06-05,2024-06-06,2024-09-03,2,0.5,0.003915,0.003915,0.007828640000000053,0.0,47.05882352941177
reversal_fundamental_regime_sector_external,xgb_d3_600_lr002_mcw3,5,valid,80.0,all_days,0.8,0.7628521919250488,0.5589801064724012,2021-01-15,2024-03-01,2024-03-04,2024-09-03,2024-09-04,2024-12-10,26,0.7692307692307693,0.0026584212729246614,0.008,0.06986600396048592,-0.02968136913401065,1.7605430994768876
reversal_fundamental_regime_sector_external,xgb_d3_600_lr002_mcw3,5,test,80.0,all_days,0.8,0.7628521919250488,0.699546485260771,2021-01-15,2024-03-01,2024-03-04,2024-09-03,2024-09-04,2024-12-10,24,0.8333333333333334,0.003213546693181394,0.008,0.07799034040530906,-0.05459891333367961,1.930621211500487
reversal_fundamental_regime_sector_external,xgb_d3_600_lr002_mcw3,6,valid,80.0,all_days,0.8,0.7555722594261169,0.5608695652173913,2021-04-22,2024-06-05,2024-06-06,2024-12-10,2024-12-11,2025-03-18,26,0.8076923076923077,0.004517296059486258,0.008,0.12347149054419626,-0.017256715079026153,3.323422251627739
reversal_fundamental_regime_sector_external,xgb_d3_600_lr002_mcw3,6,test,80.0,all_days,0.8,0.7555722594261169,0.40816326530612246,2021-04-22,2024-06-05,2024-06-06,2024-12-10,2024-12-11,2025-03-18,1,1.0,0.008,0.008,0.008000000000000007,0.0,inf
reversal_fundamental_regime_sector_external,xgb_d3_600_lr002_mcw3,7,valid,80.0,all_days,0.6,0.6347025036811829,0.5966074741584946,2021-07-26,2024-09-03,2024-09-04,2025-03-18,2025-03-19,2025-06-20,51,0.7647058823529411,0.0020560980856519314,0.008,0.10628438277291319,-0.05459891333367939,1.540672697189979
reversal_fundamental_regime_sector_external,xgb_d3_600_lr002_mcw3,7,test,80.0,all_days,0.6,0.6347025036811829,0.46020408163265303,2021-07-26,2024-09-03,2024-09-04,2025-03-18,2025-03-19,2025-06-20,12,0.5,-0.002936573581787932,0.0028261498257839395,-0.035586637416581746,-0.04324071172279931,0.5766535816043318
reversal_fundamental_regime_sector_external,xgb_d3_600_lr002_mcw3,8,valid,80.0,all_days,0.8,0.6392760872840881,0.43698979591836734,2021-11-01,2024-12-10,2024-12-11,2025-06-20,2025-06-23,2025-09-17,26,0.5769230769230769,-0.0008590309101794469,0.008,-0.02389972603833923,-0.06708411010757265,0.8352493631042266
reversal_fundamental_regime_sector_external,xgb_d3_600_lr002_mcw3,8,test,80.0,all_days,0.8,0.6392760872840881,0.48336798336798337,2021-11-01,2024-12-10,2024-12-11,2025-06-20,2025-06-23,2025-09-17,9,0.5555555555555556,-0.002109045308892372,0.008,-0.019447630961690887,-0.039222183879515704,0.6781798113259402
reversal_fundamental_regime_sector_external,xgb_d3_600_lr002_mcw3,9,valid,80.0,all_days,0.8,0.6298637986183167,0.5,2022-01-28,2025-03-18,2025-03-19,2025-09-17,2025-09-18,2025-12-23,26,0.5769230769230769,-0.0006166768809288408,0.008,-0.01756610963515004,-0.06367031854818106,0.88213500904694
reversal_fundamental_regime_sector_external,xgb_d3_600_lr002_mcw3,9,test,80.0,all_days,0.8,0.6298637986183167,0.5185185185185185,2022-01-28,2025-03-18,2025-03-19,2025-09-17,2025-09-18,2025-12-23,21,0.8095238095238095,0.0016583242843096185,0.008,0.033286891150795306,-0.05266435655652657,1.344203059666591
reversal_fundamental_regime_sector_external,xgb_d3_600_lr002_mcw3,10,valid,80.0,all_days,0.6,0.6134896278381348,0.5388026607538803,2022-05-11,2025-06-20,2025-06-23,2025-12-23,2025-12-24,2026-04-01,51,0.7450980392156863,0.0017048423270647347,0.008,0.08693105298751691,-0.046776114693798276,1.4065033989844213
reversal_fundamental_regime_sector_external,xgb_d3_600_lr002_mcw3,10,test,80.0,all_days,0.6,0.6134896278381348,0.5106382978723404,2022-05-11,2025-06-20,2025-06-23,2025-12-23,2025-12-24,2026-04-01,29,0.7586206896551724,-0.004022054761693839,0.008,-0.11868236391513698,-0.148509102887307,0.6014223883694111
reversal_fundamental_regime_sector_external,xgb_d4_500_lr002_mcw5,1,valid,80.0,all_days,0.5,0.46298663318157196,0.5191326530612245,2020-01-02,2023-02-16,2023-02-17,2023-08-21,2023-08-22,2023-11-24,63,0.5079365079365079,-0.003721054578291597,0.0006920689655174374,-0.21385257731136975,-0.23851409935987056,0.49165135823811573
reversal_fundamental_regime_sector_external,xgb_d4_500_lr002_mcw5,1,test,80.0,all_days,0.5,0.46298663318157196,0.4412416851441242,2020-01-02,2023-02-16,2023-02-17,2023-08-21,2023-08-22,2023-11-24,34,0.38235294117647056,-0.0012477011900531919,-0.0019443718171133738,-0.04254997064327226,-0.07507114845866325,0.695237502610491
reversal_fundamental_regime_sector_external,xgb_d4_500_lr002_mcw5,2,valid,80.0,all_days,0.6,0.35601961612701416,0.4825536314293099,2020-04-09,2023-05-22,2023-05-23,2023-11-24,2023-11-27,2024-03-01,51,0.47058823529411764,-0.001729800930295714,-0.0013704801920768582,-0.08712241917867758,-0.09636153062741137,0.6713622906543177
reversal_fundamental_regime_sector_external,xgb_d4_500_lr002_mcw5,2,test,80.0,all_days,0.6,0.35601961612701416,0.5842572062084257,2020-04-09,2023-05-22,2023-05-23,2023-11-24,2023-11-27,2024-03-01,23,0.782608695652174,0.0025243566366652246,0.008,0.05726697321640728,-0.05515059508408804,1.6958542534417838
reversal_fundamental_regime_sector_external,xgb_d4_500_lr002_mcw5,3,valid,80.0,all_days,0.8,0.48289069533348083,0.546989166036785,2020-07-14,2023-08-21,2023-08-22,2024-03-01,2024-03-04,2024-06-05,26,0.7307692307692307,0.001652107580141249,0.008,0.04134455864925646,-0.05515059508408804,1.42116945423406
reversal_fundamental_regime_sector_external,xgb_d4_500_lr002_mcw5,3,test,80.0,all_days,0.8,0.48289069533348083,0.6283950617283951,2020-07-14,2023-08-21,2023-08-22,2024-03-01,2024-03-04,2024-06-05,45,0.7777777777777778,0.0019630298762268817,0.008,0.08872504519070024,-0.06817210565423582,1.4800767175162295
reversal_fundamental_regime_sector_external,xgb_d4_500_lr002_mcw5,4,valid,80.0,all_days,0.8,0.5910146832466125,0.6162790697674418,2020-10-19,2023-11-24,2023-11-27,2024-06-05,2024-06-06,2024-09-03,26,0.8461538461538461,0.005044560905976577,0.008,0.13878374781623815,-0.02968136913401065,3.924942920066017
reversal_fundamental_regime_sector_external,xgb_d4_500_lr002_mcw5,4,test,80.0,all_days,0.8,0.5910146832466125,0.431578947368421,2020-10-19,2023-11-24,2023-11-27,2024-06-05,2024-06-06,2024-09-03,1,0.0,-0.00016999999999999999,-0.00016999999999999999,-0.00017000000000000348,0.0,0.0
reversal_fundamental_regime_sector_external,xgb_d4_500_lr002_mcw5,5,valid,80.0,all_days,0.8,0.7135980725288391,0.5561782011768003,2021-01-15,2024-03-01,2024-03-04,2024-09-03,2024-09-04,2024-12-10,26,0.7692307692307693,0.0031947790201328594,0.008,0.08503957923213479,-0.033560355506017325,2.0796574987211502
reversal_fundamental_regime_sector_external,xgb_d4_500_lr002_mcw5,5,test,80.0,all_days,0.8,0.7135980725288391,0.6757369614512472,2021-01-15,2024-03-01,2024-03-04,2024-09-03,2024-09-04,2024-12-10,30,0.8333333333333334,0.002537368776497039,0.008,0.07580683593515092,-0.05459891333367939,1.6144794693881497
reversal_fundamental_regime_sector_external,xgb_d4_500_lr002_mcw5,6,valid,80.0,all_days,0.8,0.7184939384460449,0.5847826086956522,2021-04-22,2024-06-05,2024-06-06,2024-12-10,2024-12-11,2025-03-18,26,0.7692307692307693,0.0026769374090344247,0.008,0.0700699302277934,-0.045269104253972126,1.7699188001494066
reversal_fundamental_regime_sector_external,xgb_d4_500_lr002_mcw5,6,test,80.0,all_days,0.8,0.7184939384460449,0.4010204081632653,2021-04-22,2024-06-05,2024-06-06,2024-12-10,2024-12-11,2025-03-18,1,1.0,0.008,0.008,0.008000000000000007,0.0,inf
reversal_fundamental_regime_sector_external,xgb_d4_500_lr002_mcw5,7,valid,80.0,all_days,0.8,0.71207195520401,0.5981977206467003,2021-07-26,2024-09-03,2024-09-04,2025-03-18,2025-03-19,2025-06-20,26,0.8076923076923077,0.0032575638425551725,0.008,0.08641727236876728,-0.04526910425397224,2.0167258577063536
reversal_fundamental_regime_sector_external,xgb_d4_500_lr002_mcw5,7,test,80.0,all_days,0.8,0.71207195520401,0.4775510204081632,2021-07-26,2024-09-03,2024-09-04,2025-03-18,2025-03-19,2025-06-20,4,0.25,-0.00925879100333421,-0.01124346397244291,-0.03678723827928565,-0.028379526778756436,0.1776389666890268
reversal_fundamental_regime_sector_external,xgb_d4_500_lr002_mcw5,8,valid,80.0,all_days,0.8,0.6423600316047668,0.4385204081632653,2021-11-01,2024-12-10,2024-12-11,2025-06-20,2025-06-23,2025-09-17,26,0.5769230769230769,0.0001246813942875731,0.008,0.001725276702203793,-0.03308874030433606,1.0294726105007812
reversal_fundamental_regime_sector_external,xgb_d4_500_lr002_mcw5,8,test,80.0,all_days,0.8,0.6423600316047668,0.4584199584199584,2021-11-01,2024-12-10,2024-12-11,2025-06-20,2025-06-23,2025-09-17,10,0.5,-0.004922659574995616,6.884615384616759e-05,-0.04910462167760965,-0.04156914338106965,0.44829682970415974
reversal_fundamental_regime_sector_external,xgb_d4_500_lr002_mcw5,9,valid,80.0,all_days,0.5,0.5175805389881134,0.5005144032921812,2022-01-28,2025-03-18,2025-03-19,2025-09-17,2025-09-18,2025-12-23,63,0.6349206349206349,0.000738112392057151,0.008,0.0437852488520285,-0.05493603269946579,1.176153931803986
reversal_fundamental_regime_sector_external,xgb_d4_500_lr002_mcw5,9,test,80.0,all_days,0.5,0.5175805389881134,0.5246913580246914,2022-01-28,2025-03-18,2025-03-19,2025-09-17,2025-09-18,2025-12-23,43,0.6976744186046512,-0.0010075312782320735,0.008,-0.047641935837837934,-0.11009369034330918,0.847087191092274
reversal_fundamental_regime_sector_external,xgb_d4_500_lr002_mcw5,10,valid,80.0,all_days,0.8,0.6845133900642395,0.5302106430155211,2022-05-11,2025-06-20,2025-06-23,2025-12-23,2025-12-24,2026-04-01,26,0.7307692307692307,0.0005490028000615214,0.008,0.01221200315587967,-0.06053608037812419,1.1060774419670394
reversal_fundamental_regime_sector_external,xgb_d4_500_lr002_mcw5,10,test,80.0,all_days,0.8,0.6845133900642395,0.5226063829787233,2022-05-11,2025-06-20,2025-06-23,2025-12-23,2025-12-24,2026-04-01,15,0.7333333333333333,-0.007434799296201087,0.008,-0.11173017730144441,-0.1395952890925375,0.441054142682017
reversal_fundamental_regime_sector_external,extra_trees_600_d3,1,valid,80.0,all_days,0.5,0.4740963344582817,0.5025510204081632,2020-01-02,2023-02-16,2023-02-17,2023-08-21,2023-08-22,2023-11-24,63,0.5079365079365079,-0.003720189293022989,0.0008593360782294147,-0.21385292528939748,-0.2445545815713196,0.5007945057163221
reversal_fundamental_regime_sector_external,extra_trees_600_d3,1,test,80.0,all_days,0.5,0.4740963344582817,0.46563192904656314,2020-01-02,2023-02-16,2023-02-17,2023-08-21,2023-08-22,2023-11-24,61,0.4426229508196721,-0.0015285352507088223,-0.0018794017094017033,-0.09139261830305478,-0.12429064416567315,0.6664278094022522
reversal_fundamental_regime_sector_external,extra_trees_600_d3,2,valid,80.0,all_days,0.7,0.41390652551495105,0.5288188162315844,2020-04-09,2023-05-22,2023-05-23,2023-11-24,2023-11-27,2024-03-01,38,0.5263157894736842,-0.00039948461778289296,0.0030652589032839107,-0.01710368394318673,-0.06653654354179717,0.9081705294723317
reversal_fundamental_regime_sector_external,extra_trees_600_d3,2,test,80.0,all_days,0.7,0.41390652551495105,0.6407982261640799,2020-04-09,2023-05-22,2023-05-23,2023-11-24,2023-11-27,2024-03-01,19,0.8421052631578947,0.005290495986614768,0.008,0.10491986615715243,-0.02106930335655477,4.6578353676219155
reversal_fundamental_regime_sector_external,extra_trees_600_d3,3,valid,80.0,all_days,0.8,0.41585598319950706,0.63618039808516,2020-07-14,2023-08-21,2023-08-22,2024-03-01,2024-03-04,2024-06-05,26,0.8076923076923077,0.004790068314063465,0.008,0.13159281703911607,-0.02106930335655488,4.201188103635561
reversal_fundamental_regime_sector_external,extra_trees_600_d3,3,test,80.0,all_days,0.8,0.41585598319950706,0.4938271604938271,2020-07-14,2023-08-21,2023-08-22,2024-03-01,2024-03-04,2024-06-05,63,0.7301587301587301,0.0014633851295965006,0.008,0.09140619934252947,-0.06817210565423593,1.343815200516329
reversal_fundamental_regime_sector_external,extra_trees_600_d3,4,valid,80.0,all_days,0.6,0.3888834376370367,0.6354651162790698,2020-10-19,2023-11-24,2023-11-27,2024-06-05,2024-06-06,2024-09-03,51,0.8235294117647058,0.0033541606221649486,0.008,0.18253768181064367,-0.06817210565423604,2.037131471098576
reversal_fundamental_regime_sector_external,extra_trees_600_d3,4,test,80.0,all_days,0.6,0.3888834376370367,0.40631578947368424,2020-10-19,2023-11-24,2023-11-27,2024-06-05,2024-06-06,2024-09-03,9,0.5555555555555556,-0.003121069966166397,0.008,-0.028801634405826948,-0.058938065344443125,0.5874609713532485
reversal_fundamental_regime_sector_external,extra_trees_600_d3,5,valid,80.0,all_days,0.8,0.49450930658750203,0.4794059960773326,2021-01-15,2024-03-01,2024-03-04,2024-09-03,2024-09-04,2024-12-10,26,0.7692307692307693,0.002114753957376856,0.008,0.054286474185485156,-0.06817210565423582,1.5235715983966478
reversal_fundamental_regime_sector_external,extra_trees_600_d3,5,test,80.0,all_days,0.8,0.49450930658750203,0.6145124716553289,2021-01-15,2024-03-01,2024-03-04,2024-09-03,2024-09-04,2024-12-10,20,0.8,0.0023539713570174046,0.008,0.046250145728111924,-0.05459891333367961,1.5817979961906883
reversal_fundamental_regime_sector_external,extra_trees_600_d3,6,valid,80.0,all_days,0.7,0.5271670684728929,0.5744565217391304,2021-04-22,2024-06-05,2024-06-06,2024-12-10,2024-12-11,2025-03-18,38,0.7631578947368421,0.0023316527470549696,0.008,0.08954504163275256,-0.0545989133336795,1.6178838017717074
reversal_fundamental_regime_sector_external,extra_trees_600_d3,6,test,80.0,all_days,0.7,0.5271670684728929,0.5540816326530612,2021-04-22,2024-06-05,2024-06-06,2024-12-10,2024-12-11,2025-03-18,0,,,,,,
reversal_fundamental_regime_sector_external,extra_trees_600_d3,7,valid,80.0,all_days,0.8,0.520812440038262,0.635303472038166,2021-07-26,2024-09-03,2024-09-04,2025-03-18,2025-03-19,2025-06-20,26,0.7692307692307693,0.0018927576777042143,0.008,0.04810797153463087,-0.05459891333367939,1.4441958171725056
reversal_fundamental_regime_sector_external,extra_trees_600_d3,7,test,80.0,all_days,0.8,0.520812440038262,0.5204081632653061,2021-07-26,2024-09-03,2024-09-04,2025-03-18,2025-03-19,2025-06-20,4,0.5,-0.0024791299790356287,0.003915,-0.010264395673033389,-0.00017000000000000348,0.6173668398292221
reversal_fundamental_regime_sector_external,extra_trees_600_d3,8,valid,80.0,all_days,0.7,0.5106894196365915,0.523469387755102,2021-11-01,2024-12-10,2024-12-11,2025-06-20,2025-06-23,2025-09-17,38,0.631578947368421,0.0008692311925506215,0.008,0.03153982991407189,-0.041843973332287177,1.216434550737976
reversal_fundamental_regime_sector_external,extra_trees_600_d3,8,test,80.0,all_days,0.7,0.5106894196365915,0.5062370062370063,2021-11-01,2024-12-10,2024-12-11,2025-06-20,2025-06-23,2025-09-17,31,0.6129032258064516,-0.0006130657880244895,0.008,-0.021013889218800874,-0.047274472835660664,0.8888626937998708
reversal_fundamental_regime_sector_external,extra_trees_600_d3,9,valid,80.0,all_days,0.7,0.5187460764439404,0.5185185185185186,2022-01-28,2025-03-18,2025-03-19,2025-09-17,2025-09-18,2025-12-23,38,0.631578947368421,0.00033601090363277167,0.008,0.010250774419024555,-0.04572175672806511,1.071239755486667
reversal_fundamental_regime_sector_external,extra_trees_600_d3,9,test,80.0,all_days,0.7,0.5187460764439404,0.5592592592592592,2022-01-28,2025-03-18,2025-03-19,2025-09-17,2025-09-18,2025-12-23,40,0.775,0.001435361705794148,0.008,0.05503988015973271,-0.06893796528303453,1.3012530263922981
reversal_fundamental_regime_sector_external,extra_trees_600_d3,10,valid,80.0,all_days,0.5,0.5270017348771983,0.5831485587583148,2022-05-11,2025-06-20,2025-06-23,2025-12-23,2025-12-24,2026-04-01,63,0.746031746031746,0.001851825262306162,0.008,0.11832624330705799,-0.06893796528303464,1.4498621000360021
reversal_fundamental_regime_sector_external,extra_trees_600_d3,10,test,80.0,all_days,0.5,0.5270017348771983,0.5731382978723404,2022-05-11,2025-06-20,2025-06-23,2025-12-23,2025-12-24,2026-04-01,62,0.7419354838709677,-0.0016635087598349766,0.008,-0.10936477245588805,-0.17087261094903472,0.7810882520017325
reversal_fundamental_regime_sector_external,random_forest_600_d4,1,valid,80.0,all_days,0.6,0.4842801441990103,0.5502551020408163,2020-01-02,2023-02-16,2023-02-17,2023-08-21,2023-08-22,2023-11-24,51,0.5882352941176471,-0.0021684872235154706,0.004175726702076336,-0.10856305329354576,-0.13003470382184434,0.6558163389367404
reversal_fundamental_regime_sector_external,random_forest_600_d4,1,test,80.0,all_days,0.6,0.4842801441990103,0.5543237250554324,2020-01-02,2023-02-16,2023-02-17,2023-08-21,2023-08-22,2023-11-24,38,0.4473684210526316,-0.0006800990999304165,-0.0013232083173874108,-0.026784967881553157,-0.04479495776180209,0.8277828040373963
reversal_fundamental_regime_sector_external,random_forest_600_d4,2,valid,80.0,all_days,0.5,0.4127573367489328,0.5789609718273455,2020-04-09,2023-05-22,2023-05-23,2023-11-24,2023-11-27,2024-03-01,63,0.5396825396825397,-0.0002247043880563661,0.00609067159931698,-0.01731999112536542,-0.09424538761491985,0.9484054886064813
reversal_fundamental_regime_sector_external,random_forest_600_d4,2,test,80.0,all_days,0.5,0.4127573367489328,0.6385809312638581,2020-04-09,2023-05-22,2023-05-23,2023-11-24,2023-11-27,2024-03-01,27,0.7407407407407407,0.0034880324531084005,0.008,0.09753672514803391,-0.026246503718738934,2.430756713531541
reversal_fundamental_regime_sector_external,random_forest_600_d4,3,valid,80.0,all_days,0.8,0.4748244135376917,0.6316452506928698,2020-07-14,2023-08-21,2023-08-22,2024-03-01,2024-03-04,2024-06-05,26,0.8076923076923077,0.004738371094339944,0.008,0.13006569739196516,-0.02106930335655488,4.060888095439539
reversal_fundamental_regime_sector_external,random_forest_600_d4,3,test,80.0,all_days,0.8,0.4748244135376917,0.537037037037037,2020-07-14,2023-08-21,2023-08-22,2024-03-01,2024-03-04,2024-06-05,54,0.7592592592592593,0.002373189526923458,0.008,0.1327046652582171,-0.06817210565423604,1.666804031387317
reversal_fundamental_regime_sector_external,random_forest_600_d4,4,valid,80.0,all_days,0.5,0.44360966197631624,0.6517441860465116,2020-10-19,2023-11-24,2023-11-27,2024-06-05,2024-06-06,2024-09-03,63,0.7936507936507936,0.0033773969941171544,0.008,0.23236530058423566,-0.06817210565423604,2.1364783505824136
reversal_fundamental_regime_sector_external,random_forest_600_d4,4,test,80.0,all_days,0.5,0.44360966197631624,0.4347368421052632,2020-10-19,2023-11-24,2023-11-27,2024-06-05,2024-06-06,2024-09-03,17,0.5294117647058824,-0.004631307941501365,0.008,-0.07840241037608242,-0.11439783481830401,0.47766823066984815
reversal_fundamental_regime_sector_external,random_forest_600_d4,5,valid,80.0,all_days,0.8,0.5878369590248871,0.5466517231717568,2021-01-15,2024-03-01,2024-03-04,2024-09-03,2024-09-04,2024-12-10,26,0.7692307692307693,0.0022284947610877607,0.008,0.057430319721456735,-0.06817210565423593,1.5677185398481663
reversal_fundamental_regime_sector_external,random_forest_600_d4,5,test,80.0,all_days,0.8,0.5878369590248871,0.6485260770975056,2021-01-15,2024-03-01,2024-03-04,2024-09-03,2024-09-04,2024-12-10,30,0.7666666666666667,0.0010823344987817341,0.008,0.029721512616220247,-0.05459891333367961,1.2142812806405683
reversal_fundamental_regime_sector_external,random_forest_600_d4,6,valid,80.0,all_days,0.8,0.6234118958173048,0.5657608695652174,2021-04-22,2024-06-05,2024-06-06,2024-12-10,2024-12-11,2025-03-18,26,0.7692307692307693,0.002484865418458685,0.008,0.0644976522204519,-0.05459891333367928,1.6772631413656813
reversal_fundamental_regime_sector_external,random_forest_600_d4,6,test,80.0,all_days,0.8,0.6234118958173048,0.5530612244897959,2021-04-22,2024-06-05,2024-06-06,2024-12-10,2024-12-11,2025-03-18,0,,,,,,
reversal_fundamental_regime_sector_external,random_forest_600_d4,7,valid,80.0,all_days,0.5,0.5299165538255068,0.631857937980387,2021-07-26,2024-09-03,2024-09-04,2025-03-18,2025-03-19,2025-06-20,63,0.7777777777777778,0.0023373755812210297,0.008,0.15355745915106533,-0.05459891333367961,1.647112052589989
reversal_fundamental_regime_sector_external,random_forest_600_d4,7,test,80.0,all_days,0.5,0.5299165538255068,0.513265306122449,2021-07-26,2024-09-03,2024-09-04,2025-03-18,2025-03-19,2025-06-20,21,0.5714285714285714,-0.00012944295272373385,0.008,-0.003975515768606663,-0.048389703068217216,0.9724640522382549
reversal_fundamental_regime_sector_external,random_forest_600_d4,8,valid,80.0,all_days,0.7,0.5486062284909385,0.523469387755102,2021-11-01,2024-12-10,2024-12-11,2025-06-20,2025-06-23,2025-09-17,38,0.631578947368421,0.001019098440867567,0.008,0.037591150874477064,-0.04184227736368906,1.278159039994344
reversal_fundamental_regime_sector_external,random_forest_600_d4,8,test,80.0,all_days,0.7,0.5486062284909385,0.502079002079002,2021-11-01,2024-12-10,2024-12-11,2025-06-20,2025-06-23,2025-09-17,25,0.56,-0.0018190787571132616,0.008,-0.04634972556287453,-0.06142696283194227,0.7112151114067183
reversal_fundamental_regime_sector_external,random_forest_600_d4,9,valid,80.0,all_days,0.5,0.5065610166229179,0.47479423868312753,2022-01-28,2025-03-18,2025-03-19,2025-09-17,2025-09-18,2025-12-23,63,0.5873015873015873,-0.00038416640819884535,0.008,-0.027600420232888,-0.05858010171218275,0.9209403060715144
reversal_fundamental_regime_sector_external,random_forest_600_d4,9,test,80.0,all_days,0.5,0.5065610166229179,0.5444444444444445,2022-01-28,2025-03-18,2025-03-19,2025-09-17,2025-09-18,2025-12-23,59,0.711864406779661,-0.0002335772796653816,0.008,-0.02002673963413215,-0.09077576304175661,0.9606008984021408
reversal_fundamental_regime_sector_external,random_forest_600_d4,10,valid,80.0,all_days,0.8,0.5757431240613121,0.5825942350332595,2022-05-11,2025-06-20,2025-06-23,2025-12-23,2025-12-24,2026-04-01,26,0.8461538461538461,0.002964822885394333,0.008,0.07786965029985682,-0.05266435655652657,1.779312570029834
reversal_fundamental_regime_sector_external,random_forest_600_d4,10,test,80.0,all_days,0.8,0.5757431240613121,0.5824468085106382,2022-05-11,2025-06-20,2025-06-23,2025-12-23,2025-12-24,2026-04-01,35,0.8285714285714286,-0.00041367789809420636,0.008,-0.02304494233316312,-0.11131535897572553,0.941257703482919
reversal_fundamental_regime_sector_external,lgbm_leaves7_400,1,valid,80.0,all_days,0.7,0.6907657261879734,0.5915816326530613,2020-01-02,2023-02-16,2023-02-17,2023-08-21,2023-08-22,2023-11-24,38,0.6578947368421053,-0.00016109862297960582,0.008,-0.008882822803418011,-0.06329935240906237,0.9678799442103888
reversal_fundamental_regime_sector_external,lgbm_leaves7_400,1,test,80.0,all_days,0.7,0.6907657261879734,0.5221729490022173,2020-01-02,2023-02-16,2023-02-17,2023-08-21,2023-08-22,2023-11-24,34,0.4117647058823529,-0.0011530496402127365,-0.001900869078999886,-0.039510138541301476,-0.059367779520179464,0.7201004711981555
reversal_fundamental_regime_sector_external,lgbm_leaves7_400,2,valid,80.0,all_days,0.7,0.6203121299039516,0.5345050400620315,2020-04-09,2023-05-22,2023-05-23,2023-11-24,2023-11-27,2024-03-01,38,0.5263157894736842,-0.0007703235064908474,0.004768654063672998,-0.031116781460036602,-0.0607678258124551,0.8398755151444921
reversal_fundamental_regime_sector_external,lgbm_leaves7_400,2,test,80.0,all_days,0.7,0.6203121299039516,0.5266075388026608,2020-04-09,2023-05-22,2023-05-23,2023-11-24,2023-11-27,2024-03-01,17,0.7647058823529411,0.0011097844093424514,0.008,0.016792292314743218,-0.06765837713310174,1.2283198295901743
reversal_fundamental_regime_sector_external,lgbm_leaves7_400,3,valid,80.0,all_days,0.8,0.6836287232285426,0.5621063240110858,2020-07-14,2023-08-21,2023-08-22,2024-03-01,2024-03-04,2024-06-05,26,0.7692307692307693,0.0022857861876174296,0.008,0.058635709165906214,-0.05515059508408804,1.6315207658610036
reversal_fundamental_regime_sector_external,lgbm_leaves7_400,3,test,80.0,all_days,0.8,0.6836287232285426,0.5666666666666667,2020-07-14,2023-08-21,2023-08-22,2024-03-01,2024-03-04,2024-06-05,43,0.7674418604651163,0.0026008019928872106,0.008,0.11558322804809529,-0.03382480010772759,1.7739062623484725
reversal_fundamental_regime_sector_external,lgbm_leaves7_400,4,valid,80.0,all_days,0.6,0.6560391159365265,0.5770348837209301,2020-10-19,2023-11-24,2023-11-27,2024-06-05,2024-06-06,2024-09-03,51,0.803921568627451,0.0032008716995785306,0.008,0.17354758802954406,-0.06817210565423593,2.0391347101825343
reversal_fundamental_regime_sector_external,lgbm_leaves7_400,4,test,80.0,all_days,0.6,0.6560391159365265,0.46210526315789474,2020-10-19,2023-11-24,2023-11-27,2024-06-05,2024-06-06,2024-09-03,8,0.375,-0.0023301722858605494,-0.0017564621893177944,-0.018914794223494846,-0.041926193442360926,0.5628335894429074
reversal_fundamental_regime_sector_external,lgbm_leaves7_400,5,valid,80.0,all_days,0.8,0.8396415262710765,0.5477724852899972,2021-01-15,2024-03-01,2024-03-04,2024-09-03,2024-09-04,2024-12-10,26,0.6923076923076923,0.0035190258722678234,0.008,0.0948071287829122,-0.022072223248496337,2.7425788457527713
reversal_fundamental_regime_sector_external,lgbm_leaves7_400,5,test,80.0,all_days,0.8,0.8396415262710765,0.653061224489796,2021-01-15,2024-03-01,2024-03-04,2024-09-03,2024-09-04,2024-12-10,27,0.7407407407407407,0.0017734877890709586,0.008,0.046738371945709734,-0.0545989133336795,1.4270955353507537
reversal_fundamental_regime_sector_external,lgbm_leaves7_400,6,valid,80.0,all_days,0.7,0.7606616955535315,0.5502717391304348,2021-04-22,2024-06-05,2024-06-06,2024-12-10,2024-12-11,2025-03-18,38,0.7631578947368421,0.0019237769136044953,0.008,0.07229544260492027,-0.05459891333367939,1.476500413927001
reversal_fundamental_regime_sector_external,lgbm_leaves7_400,6,test,80.0,all_days,0.7,0.7606616955535315,0.45612244897959187,2021-04-22,2024-06-05,2024-06-06,2024-12-10,2024-12-11,2025-03-18,5,0.6,0.001590073606001094,0.008,0.007818161701278692,-0.0095533780160858,1.4953613917670523
reversal_fundamental_regime_sector_external,lgbm_leaves7_400,7,valid,80.0,all_days,0.6,0.6432573462640678,0.582030214683276,2021-07-26,2024-09-03,2024-09-04,2025-03-18,2025-03-19,2025-06-20,51,0.7647058823529411,0.001938769702036271,0.008,0.0995208102118248,-0.05586326711424061,1.4761868624699626
reversal_fundamental_regime_sector_external,lgbm_leaves7_400,7,test,80.0,all_days,0.6,0.6432573462640678,0.49081632653061225,2021-07-26,2024-09-03,2024-09-04,2025-03-18,2025-03-19,2025-06-20,20,0.6,0.00030616606235323864,0.008,0.004927021984819868,-0.04184227736368917,1.0681302572817293
reversal_fundamental_regime_sector_external,lgbm_leaves7_400,8,valid,80.0,all_days,0.5,0.5661143013703052,0.435969387755102,2021-11-01,2024-12-10,2024-12-11,2025-06-20,2025-06-23,2025-09-17,63,0.5873015873015873,-0.000615539361827427,0.008,-0.04329395450302764,-0.14134928315268125,0.8746156043588151
reversal_fundamental_regime_sector_external,lgbm_leaves7_400,8,test,80.0,all_days,0.5,0.5661143013703052,0.48128898128898134,2021-11-01,2024-12-10,2024-12-11,2025-06-20,2025-06-23,2025-09-17,31,0.6774193548387096,0.0010011826570753084,0.008,0.029619838302479717,-0.04125477851368564,1.2368714066212256
reversal_fundamental_regime_sector_external,lgbm_leaves7_400,9,valid,80.0,all_days,0.5,0.5296176049472578,0.49948559670781895,2022-01-28,2025-03-18,2025-03-19,2025-09-17,2025-09-18,2025-12-23,63,0.6190476190476191,-0.0003966273726480511,0.008,-0.0300320781700687,-0.1033982231020758,0.9211387985058259
reversal_fundamental_regime_sector_external,lgbm_leaves7_400,9,test,80.0,all_days,0.5,0.5296176049472578,0.49506172839506174,2022-01-28,2025-03-18,2025-03-19,2025-09-17,2025-09-18,2025-12-23,45,0.6888888888888889,-0.0007893175860560498,0.008,-0.03997035296070672,-0.07671053953748674,0.8747200192248907
reversal_fundamental_regime_sector_external,lgbm_leaves7_400,10,valid,80.0,all_days,0.8,0.737324451124012,0.5426829268292683,2022-05-11,2025-06-20,2025-06-23,2025-12-23,2025-12-24,2026-04-01,26,0.7692307692307693,0.0002725422028994361,0.008,0.004254610670038517,-0.053412449169492615,1.0463404383062986
reversal_fundamental_regime_sector_external,lgbm_leaves7_400,10,test,80.0,all_days,0.8,0.737324451124012,0.6103723404255319,2022-05-11,2025-06-20,2025-06-23,2025-12-23,2025-12-24,2026-04-01,16,0.875,0.0025471800767221265,0.008,0.039138124157389154,-0.05958673480512389,1.5720375224262522
reversal_fundamental_regime_sector_external,lgbm_leaves15_700,1,valid,80.0,all_days,0.8,0.8225751424918404,0.5048469387755102,2020-01-02,2023-02-16,2023-02-17,2023-08-21,2023-08-22,2023-11-24,26,0.5769230769230769,-0.001994592256333085,0.004699108729743882,-0.052676455403531386,-0.06383603983393082,0.6716714019706942
reversal_fundamental_regime_sector_external,lgbm_leaves15_700,1,test,80.0,all_days,0.8,0.8225751424918404,0.47560975609756095,2020-01-02,2023-02-16,2023-02-17,2023-08-21,2023-08-22,2023-11-24,20,0.4,-0.000383008431329346,-0.0013232083173874108,-0.008202694628569152,-0.04187871178552882,0.8901781168258657
reversal_fundamental_regime_sector_external,lgbm_leaves15_700,2,valid,80.0,all_days,0.6,0.5530284888049886,0.4988369087619541,2020-04-09,2023-05-22,2023-05-23,2023-11-24,2023-11-27,2024-03-01,51,0.47058823529411764,-0.0016650402413749081,-0.001329420289855162,-0.08413255664497965,-0.09135572896765998,0.679725369827727
reversal_fundamental_regime_sector_external,lgbm_leaves15_700,2,test,80.0,all_days,0.6,0.5530284888049886,0.508869179600887,2020-04-09,2023-05-22,2023-05-23,2023-11-24,2023-11-27,2024-03-01,18,0.7777777777777778,0.0014925741643789815,0.008,0.024926630653261173,-0.05515059508408804,1.325135593791759
reversal_fundamental_regime_sector_external,lgbm_leaves15_700,3,valid,80.0,all_days,0.6,0.5942501915957471,0.5434618291761149,2020-07-14,2023-08-21,2023-08-22,2024-03-01,2024-03-04,2024-06-05,51,0.6274509803921569,0.000990914219825523,0.008,0.04825698082668106,-0.06685340302192044,1.2571862133355296
reversal_fundamental_regime_sector_external,lgbm_leaves15_700,3,test,80.0,all_days,0.6,0.5942501915957471,0.5703703703703704,2020-07-14,2023-08-21,2023-08-22,2024-03-01,2024-03-04,2024-06-05,54,0.7777777777777778,0.00254389726820772,0.008,0.14315891938629166,-0.06817210565423604,1.7193280021121835
reversal_fundamental_regime_sector_external,lgbm_leaves15_700,4,valid,80.0,all_days,0.5,0.6214550124036937,0.5761627906976745,2020-10-19,2023-11-24,2023-11-27,2024-06-05,2024-06-06,2024-09-03,63,0.7619047619047619,0.0026361672172642014,0.008,0.1762338505758605,-0.06817210565423604,1.819211258376953
reversal_fundamental_regime_sector_external,lgbm_leaves15_700,4,test,80.0,all_days,0.5,0.6214550124036937,0.4094736842105263,2020-10-19,2023-11-24,2023-11-27,2024-06-05,2024-06-06,2024-09-03,12,0.4166666666666667,-0.006911995468619213,-0.0017564621893177944,-0.08153774824730786,-0.09590496574668295,0.28032220636444766
reversal_fundamental_regime_sector_external,lgbm_leaves15_700,5,valid,80.0,all_days,0.7,0.8179982199217459,0.5427290557579154,2021-01-15,2024-03-01,2024-03-04,2024-09-03,2024-09-04,2024-12-10,38,0.7105263157894737,0.0023771127477668595,0.008,0.09231302743240577,-0.03220707211006968,1.718791190023379
reversal_fundamental_regime_sector_external,lgbm_leaves15_700,5,test,80.0,all_days,0.7,0.8179982199217459,0.7063492063492063,2021-01-15,2024-03-01,2024-03-04,2024-09-03,2024-09-04,2024-12-10,39,0.7948717948717948,0.0025681415866528577,0.008,0.10222217896000729,-0.05459891333367939,1.7035334975395908
reversal_fundamental_regime_sector_external,lgbm_leaves15_700,6,valid,80.0,all_days,0.8,0.8789904741700134,0.552445652173913,2021-04-22,2024-06-05,2024-06-06,2024-12-10,2024-12-11,2025-03-18,26,0.8461538461538461,0.0038481310733804964,0.008,0.10302680480723425,-0.05459891333367928,2.317356979923406
reversal_fundamental_regime_sector_external,lgbm_leaves15_700,6,test,80.0,all_days,0.8,0.8789904741700134,0.4326530612244898,2021-04-22,2024-06-05,2024-06-06,2024-12-10,2024-12-11,2025-03-18,2,1.0,0.008,0.008,0.016064000000000078,0.0,inf
reversal_fundamental_regime_sector_external,lgbm_leaves15_700,7,valid,80.0,all_days,0.8,0.8267793778565204,0.6011131725417439,2021-07-26,2024-09-03,2024-09-04,2025-03-18,2025-03-19,2025-06-20,26,0.8076923076923077,0.0029350774188499715,0.008,0.07704943473329151,-0.05459891333367939,1.83230110394537
reversal_fundamental_regime_sector_external,lgbm_leaves15_700,7,test,80.0,all_days,0.8,0.8267793778565204,0.44591836734693874,2021-07-26,2024-09-03,2024-09-04,2025-03-18,2025-03-19,2025-06-20,2,0.5,-0.004260559380378672,-0.004260559380378672,-0.008653287710843394,0.0,0.48422870846993854
reversal_fundamental_regime_sector_external,lgbm_leaves15_700,8,valid,80.0,all_days,0.5,0.6058619910706218,0.45714285714285713,2021-11-01,2024-12-10,2024-12-11,2025-06-20,2025-06-23,2025-09-17,63,0.6190476190476191,0.00043928779002572774,0.008,0.02453844440367825,-0.09454033451395871,1.1102114786301305
reversal_fundamental_regime_sector_external,lgbm_leaves15_700,8,test,80.0,all_days,0.5,0.6058619910706218,0.4979209979209979,2021-11-01,2024-12-10,2024-12-11,2025-06-20,2025-06-23,2025-09-17,35,0.6285714285714286,-0.0001582408248003274,0.008,-0.00777945791355672,-0.0464272860531556,0.9678818816275828
reversal_fundamental_regime_sector_external,lgbm_leaves15_700,9,valid,80.0,all_days,0.8,0.7086516413170368,0.4861111111111111,2022-01-28,2025-03-18,2025-03-19,2025-09-17,2025-09-18,2025-12-23,26,0.6923076923076923,0.0009113284718534736,0.008,0.022186362347210276,-0.030245187969924814,1.19695315841036
reversal_fundamental_regime_sector_external,lgbm_leaves15_700,9,test,80.0,all_days,0.8,0.7086516413170368,0.4925925925925926,2022-01-28,2025-03-18,2025-03-19,2025-09-17,2025-09-18,2025-12-23,27,0.7407407407407407,-0.0009595480367762747,0.008,-0.029510160976742306,-0.08140693646071295,0.8606416868360796
reversal_fundamental_regime_sector_external,lgbm_leaves15_700,10,valid,80.0,all_days,0.5,0.6044158818641263,0.5044345898004434,2022-05-11,2025-06-20,2025-06-23,2025-12-23,2025-12-24,2026-04-01,63,0.7301587301587301,0.00075345830794825,0.008,0.042674907471603296,-0.0689379652830342,1.1524175646828985
reversal_fundamental_regime_sector_external,lgbm_leaves15_700,10,test,80.0,all_days,0.5,0.6044158818641263,0.5398936170212767,2022-05-11,2025-06-20,2025-06-23,2025-12-23,2025-12-24,2026-04-01,41,0.7560975609756098,-0.0031709096715332678,0.008,-0.13172613459946303,-0.1874274457810161,0.6560719919289677
all_no_ak,xgb_d2_200_lr003_mcw5,1,valid,80.0,all_days,0.7,0.448873907327652,0.4793367346938776,2020-01-02,2023-02-16,2023-02-17,2023-08-21,2023-08-22,2023-11-24,38,0.5526315789473685,-0.002860622658895503,0.002230212488971376,-0.10577948035147455,-0.14153865455164782,0.5720865415883679
all_no_ak,xgb_d2_200_lr003_mcw5,1,test,80.0,all_days,0.7,0.448873907327652,0.4611973392461197,2020-01-02,2023-02-16,2023-02-17,2023-08-21,2023-08-22,2023-11-24,28,0.39285714285714285,-0.0013246063294658171,-0.0019443718171133738,-0.0372179570111022,-0.06319869848678494,0.6726774099110753
all_no_ak,xgb_d2_200_lr003_mcw5,2,valid,80.0,all_days,0.5,0.32399848103523254,0.5357973636598604,2020-04-09,2023-05-22,2023-05-23,2023-11-24,2023-11-27,2024-03-01,63,0.49206349206349204,-0.001132629870503511,-0.0007517335660267542,-0.0720104812209067,-0.08854527357074116,0.768006997560365
all_no_ak,xgb_d2_200_lr003_mcw5,2,test,80.0,all_days,0.5,0.32399848103523254,0.6019955654101995,2020-04-09,2023-05-22,2023-05-23,2023-11-24,2023-11-27,2024-03-01,38,0.7368421052631579,0.0023443473116484155,0.008,0.08991939675747385,-0.0683259218743788,1.6727863812841195
all_no_ak,xgb_d2_200_lr003_mcw5,3,valid,80.0,all_days,0.8,0.46693024039268494,0.5925925925925926,2020-07-14,2023-08-21,2023-08-22,2024-03-01,2024-03-04,2024-06-05,26,0.6923076923076923,0.0032022432914470193,0.008,0.08581068135796155,-0.02106930335655477,2.4817730622141103
all_no_ak,xgb_d2_200_lr003_mcw5,3,test,80.0,all_days,0.8,0.46693024039268494,0.5506172839506173,2020-07-14,2023-08-21,2023-08-22,2024-03-01,2024-03-04,2024-06-05,30,0.7333333333333333,0.002014080592226867,0.008,0.06024763330616256,-0.02968136913401065,1.522786656368147
all_no_ak,xgb_d2_200_lr003_mcw5,4,valid,80.0,all_days,0.6,0.4323855936527252,0.6244186046511627,2020-10-19,2023-11-24,2023-11-27,2024-06-05,2024-06-06,2024-09-03,51,0.8235294117647058,0.0039728380980195935,0.008,0.2207799426375634,-0.06817210565423582,2.5190190246998525
all_no_ak,xgb_d2_200_lr003_mcw5,4,test,80.0,all_days,0.6,0.4323855936527252,0.4494736842105263,2020-10-19,2023-11-24,2023-11-27,2024-06-05,2024-06-06,2024-09-03,10,0.5,-0.0022426518781525247,6.877745940792394e-05,-0.02282444776785464,-0.0381100990476978,0.5902640299659352
all_no_ak,xgb_d2_200_lr003_mcw5,5,valid,80.0,all_days,0.6,0.521665632724762,0.5469319137013169,2021-01-15,2024-03-01,2024-03-04,2024-09-03,2024-09-04,2024-12-10,51,0.7254901960784313,0.0026768175575167395,0.008,0.14287258328853936,-0.06817210565423604,1.8991880938752017
all_no_ak,xgb_d2_200_lr003_mcw5,5,test,80.0,all_days,0.6,0.521665632724762,0.6507936507936509,2021-01-15,2024-03-01,2024-03-04,2024-09-03,2024-09-04,2024-12-10,42,0.7380952380952381,0.0007646616314344856,0.008,0.028638788445091157,-0.05929320009602801,1.1526377520398952
all_no_ak,xgb_d2_200_lr003_mcw5,6,valid,80.0,all_days,0.7,0.6034102737903595,0.5836956521739131,2021-04-22,2024-06-05,2024-06-06,2024-12-10,2024-12-11,2025-03-18,38,0.7894736842105263,0.001992735820405985,0.008,0.07492950279435462,-0.0545989133336795,1.4768598358279856
all_no_ak,xgb_d2_200_lr003_mcw5,6,test,80.0,all_days,0.7,0.6034102737903595,0.44591836734693874,2021-04-22,2024-06-05,2024-06-06,2024-12-10,2024-12-11,2025-03-18,1,1.0,0.008,0.008,0.008000000000000007,0.0,inf
all_no_ak,xgb_d2_200_lr003_mcw5,7,valid,80.0,all_days,0.6,0.5707202553749084,0.6048237476808905,2021-07-26,2024-09-03,2024-09-04,2025-03-18,2025-03-19,2025-06-20,51,0.7647058823529411,0.0017928846384427013,0.008,0.09141327758841289,-0.06344897471899114,1.440938492998254
all_no_ak,xgb_d2_200_lr003_mcw5,7,test,80.0,all_days,0.6,0.5707202553749084,0.4989795918367347,2021-07-26,2024-09-03,2024-09-04,2025-03-18,2025-03-19,2025-06-20,12,0.5833333333333334,-0.0015912811207412158,0.008,-0.01990226773216275,-0.04856402881373911,0.7457183768865633
all_no_ak,xgb_d2_200_lr003_mcw5,8,valid,80.0,all_days,0.6,0.47045162320137024,0.4599489795918367,2021-11-01,2024-12-10,2024-12-11,2025-06-20,2025-06-23,2025-09-17,51,0.5882352941176471,0.0002679203166256095,0.008,0.01106932401525973,-0.07078187608885489,1.0655236011886264
all_no_ak,xgb_d2_200_lr003_mcw5,8,test,80.0,all_days,0.6,0.47045162320137024,0.4937629937629938,2021-11-01,2024-12-10,2024-12-11,2025-06-20,2025-06-23,2025-09-17,31,0.6451612903225806,0.00010861222818814309,0.008,0.0012002848766377028,-0.046776114693798276,1.0214959722664072
all_no_ak,xgb_d2_200_lr003_mcw5,9,valid,80.0,all_days,0.8,0.5826125144958496,0.5090020576131687,2022-01-28,2025-03-18,2025-03-19,2025-09-17,2025-09-18,2025-12-23,26,0.5769230769230769,-0.0006242905575231515,0.008,-0.017908345488140243,-0.04184227736368917,0.8808531947264397
all_no_ak,xgb_d2_200_lr003_mcw5,9,test,80.0,all_days,0.8,0.5826125144958496,0.5740740740740741,2022-01-28,2025-03-18,2025-03-19,2025-09-17,2025-09-18,2025-12-23,15,0.8,0.00018495923844405598,0.008,0.000885766550146716,-0.05266435655652646,1.0297599397236703
all_no_ak,xgb_d2_200_lr003_mcw5,10,valid,80.0,all_days,0.8,0.5861088633537292,0.593680709534368,2022-05-11,2025-06-20,2025-06-23,2025-12-23,2025-12-24,2026-04-01,26,0.8461538461538461,0.003476230197930248,0.008,0.09244524412183486,-0.035575631446891465,2.05564214844863
all_no_ak,xgb_d2_200_lr003_mcw5,10,test,80.0,all_days,0.8,0.5861088633537292,0.5212765957446809,2022-05-11,2025-06-20,2025-06-23,2025-12-23,2025-12-24,2026-04-01,34,0.7647058823529411,-0.0032932779593187493,0.008,-0.11500813443476487,-0.1449592216318516,0.6500579961087773
all_no_ak,xgb_d3_400_lr003_mcw3,1,valid,80.0,all_days,0.8,0.609605073928833,0.5390306122448979,2020-01-02,2023-02-16,2023-02-17,2023-08-21,2023-08-22,2023-11-24,26,0.6153846153846154,-0.002049663368337261,0.008,-0.05395057896318267,-0.0838690201138157,0.6819379793951302
all_no_ak,xgb_d3_400_lr003_mcw3,1,test,80.0,all_days,0.8,0.609605073928833,0.49667405764966743,2020-01-02,2023-02-16,2023-02-17,2023-08-21,2023-08-22,2023-11-24,12,0.25,-0.00288752725238514,-0.0029432035928142995,-0.034427518245769506,-0.04969324594294211,0.40920487942527356
all_no_ak,xgb_d3_400_lr003_mcw3,2,valid,80.0,all_days,0.8,0.5078441500663757,0.5249418454380977,2020-04-09,2023-05-22,2023-05-23,2023-11-24,2023-11-27,2024-03-01,26,0.4230769230769231,-0.0022468026300548173,-0.0024145316616279687,-0.05793441754012352,-0.060542663227101556,0.582600034963843
all_no_ak,xgb_d3_400_lr003_mcw3,2,test,80.0,all_days,0.8,0.5078441500663757,0.4933481152993348,2020-04-09,2023-05-22,2023-05-23,2023-11-24,2023-11-27,2024-03-01,14,0.7857142857142857,0.004144066431636407,0.008,0.059128335993525516,-0.02106930335655466,3.1111977240211823
all_no_ak,xgb_d3_400_lr003_mcw3,3,valid,80.0,all_days,0.8,0.5379059910774231,0.5742000503905266,2020-07-14,2023-08-21,2023-08-22,2024-03-01,2024-03-04,2024-06-05,26,0.7307692307692307,0.001668016167482681,0.008,0.04175162092782414,-0.05515059508408804,1.416690657747847
all_no_ak,xgb_d3_400_lr003_mcw3,3,test,80.0,all_days,0.8,0.5379059910774231,0.6000000000000001,2020-07-14,2023-08-21,2023-08-22,2024-03-01,2024-03-04,2024-06-05,31,0.8064516129032258,0.0034995416643353434,0.008,0.11265715236705676,-0.02968136913401065,2.1854529857655614
all_no_ak,xgb_d3_400_lr003_mcw3,4,valid,80.0,all_days,0.8,0.5748745203018188,0.6162790697674418,2020-10-19,2023-11-24,2023-11-27,2024-06-05,2024-06-06,2024-09-03,26,0.8461538461538461,0.0042685260979465085,0.008,0.11576446502164361,-0.02968136913401065,2.7069293095511218
all_no_ak,xgb_d3_400_lr003_mcw3,4,test,80.0,all_days,0.8,0.5748745203018188,0.3884210526315789,2020-10-19,2023-11-24,2023-11-27,2024-06-05,2024-06-06,2024-09-03,3,0.3333333333333333,-0.010178780172293083,-0.006689558676028048,-0.03038419516030788,-0.006689558676028051,0.00997133839521191
all_no_ak,xgb_d3_400_lr003_mcw3,5,valid,80.0,all_days,0.8,0.7427682280540466,0.5617820117680022,2021-01-15,2024-03-01,2024-03-04,2024-09-03,2024-09-04,2024-12-10,26,0.7692307692307693,0.003263187008499262,0.008,0.08701546571456298,-0.02968136913401076,2.1288729817045464
all_no_ak,xgb_d3_400_lr003_mcw3,5,test,80.0,all_days,0.8,0.7427682280540466,0.7006802721088435,2021-01-15,2024-03-01,2024-03-04,2024-09-03,2024-09-04,2024-12-10,35,0.8,0.0020630754936819223,0.008,0.0712899993117091,-0.05459891333367939,1.4757001166786308
all_no_ak,xgb_d3_400_lr003_mcw3,6,valid,80.0,all_days,0.6,0.6235823631286621,0.5665760869565217,2021-04-22,2024-06-05,2024-06-06,2024-12-10,2024-12-11,2025-03-18,51,0.7647058823529411,0.0020131814184475294,0.008,0.10330333380761769,-0.05929320009602812,1.5036686290592074
all_no_ak,xgb_d3_400_lr003_mcw3,6,test,80.0,all_days,0.6,0.6235823631286621,0.4051020408163265,2021-04-22,2024-06-05,2024-06-06,2024-12-10,2024-12-11,2025-03-18,6,0.6666666666666666,0.002582946745386798,0.008,0.015416394687752799,-0.010006065573770484,1.9391213426892289
all_no_ak,xgb_d3_400_lr003_mcw3,7,valid,80.0,all_days,0.6,0.5983737111091614,0.580705009276438,2021-07-26,2024-09-03,2024-09-04,2025-03-18,2025-03-19,2025-06-20,51,0.7647058823529411,0.0016300412579389662,0.008,0.08222767686193899,-0.0592932000960279,1.385452001919018
all_no_ak,xgb_d3_400_lr003_mcw3,7,test,80.0,all_days,0.6,0.5983737111091614,0.4204081632653061,2021-07-26,2024-09-03,2024-09-04,2025-03-18,2025-03-19,2025-06-20,11,0.5454545454545454,-0.002990107512093006,0.008,-0.03331715576635119,-0.04860043832509686,0.5933897668150107
all_no_ak,xgb_d3_400_lr003_mcw3,8,valid,80.0,all_days,0.7,0.5512630343437195,0.45918367346938777,2021-11-01,2024-12-10,2024-12-11,2025-06-20,2025-06-23,2025-09-17,38,0.5526315789473685,-0.0006692723586967859,0.00482202947845811,-0.027276366001309893,-0.06146847147177914,0.8589512500086752
all_no_ak,xgb_d3_400_lr003_mcw3,8,test,80.0,all_days,0.7,0.5512630343437195,0.5540540540540542,2021-11-01,2024-12-10,2024-12-11,2025-06-20,2025-06-23,2025-09-17,21,0.6666666666666666,0.0008210002571846276,0.008,0.016029045198342917,-0.051918834180739504,1.1819458456035243
all_no_ak,xgb_d3_400_lr003_mcw3,9,valid,80.0,all_days,0.5,0.49789632856845856,0.5023148148148149,2022-01-28,2025-03-18,2025-03-19,2025-09-17,2025-09-18,2025-12-23,63,0.5873015873015873,-0.0011350032827136325,0.008,-0.07440401203952363,-0.10943200740854164,0.7954986808447811
all_no_ak,xgb_d3_400_lr003_mcw3,9,test,80.0,all_days,0.5,0.49789632856845856,0.5,2022-01-28,2025-03-18,2025-03-19,2025-09-17,2025-09-18,2025-12-23,43,0.7209302325581395,-0.0002882382152792799,0.008,-0.01749461415209519,-0.09611090940603528,0.9524020074254258
all_no_ak,xgb_d3_400_lr003_mcw3,10,valid,80.0,all_days,0.8,0.6730973720550537,0.5454545454545455,2022-05-11,2025-06-20,2025-06-23,2025-12-23,2025-12-24,2026-04-01,26,0.8076923076923077,0.0023008547244742212,0.008,0.059599447486472945,-0.04132991522110907,1.5696562209843068
all_no_ak,xgb_d3_400_lr003_mcw3,10,test,80.0,all_days,0.8,0.6730973720550537,0.45345744680851063,2022-05-11,2025-06-20,2025-06-23,2025-12-23,2025-12-24,2026-04-01,16,0.625,-0.010438440164661004,0.008,-0.1607587647185783,-0.17982846568872501,0.32386691574224785
all_no_ak,xgb_d3_600_lr002_mcw3,1,valid,80.0,all_days,0.6,0.5125276446342468,0.5191326530612246,2020-01-02,2023-02-16,2023-02-17,2023-08-21,2023-08-22,2023-11-24,51,0.5294117647058824,-0.004171427810177443,0.0008603967027305294,-0.19581182771075534,-0.18714118402322322,0.4674363173189899
all_no_ak,xgb_d3_600_lr002_mcw3,1,test,80.0,all_days,0.6,0.5125276446342468,0.46230598669623063,2020-01-02,2023-02-16,2023-02-17,2023-08-21,2023-08-22,2023-11-24,26,0.3076923076923077,-0.0022782187385526867,-0.0023027714940488907,-0.05826481812276163,-0.07604406332342917,0.49273629949700287
all_no_ak,xgb_d3_600_lr002_mcw3,2,valid,80.0,all_days,0.8,0.49432942271232605,0.5197725510467821,2020-04-09,2023-05-22,2023-05-23,2023-11-24,2023-11-27,2024-03-01,26,0.5,-0.0015529843914402369,0.0007836174093136562,-0.04122881837338144,-0.06387600925301584,0.7072282001243666
all_no_ak,xgb_d3_600_lr002_mcw3,2,test,80.0,all_days,0.8,0.49432942271232605,0.5055432372505544,2020-04-09,2023-05-22,2023-05-23,2023-11-24,2023-11-27,2024-03-01,12,0.75,0.0035014108369091413,0.008,0.04238348764794875,-0.02106930335655466,2.5289683030684422
all_no_ak,xgb_d3_600_lr002_mcw3,3,valid,80.0,all_days,0.7,0.4836946427822113,0.5422020660115898,2020-07-14,2023-08-21,2023-08-22,2024-03-01,2024-03-04,2024-06-05,38,0.6578947368421053,0.001236330408357008,0.008,0.04507924557228349,-0.05515059508408804,1.3218649005832606
all_no_ak,xgb_d3_600_lr002_mcw3,3,test,80.0,all_days,0.7,0.4836946427822113,0.5876543209876544,2020-07-14,2023-08-21,2023-08-22,2024-03-01,2024-03-04,2024-06-05,34,0.7647058823529411,0.002773757559338457,0.008,0.09668864455855908,-0.03220707211006968,1.8295003646997279
all_no_ak,xgb_d3_600_lr002_mcw3,4,valid,80.0,all_days,0.8,0.6185696125030518,0.6040697674418605,2020-10-19,2023-11-24,2023-11-27,2024-06-05,2024-06-06,2024-09-03,26,0.8461538461538461,0.005044560905976577,0.008,0.1387837478162386,-0.02968136913401065,3.924942920066017
all_no_ak,xgb_d3_600_lr002_mcw3,4,test,80.0,all_days,0.8,0.6185696125030518,0.3842105263157895,2020-10-19,2023-11-24,2023-11-27,2024-06-05,2024-06-06,2024-09-03,1,1.0,0.008,0.008,0.008000000000000007,0.0,inf
all_no_ak,xgb_d3_600_lr002_mcw3,5,valid,80.0,all_days,0.6,0.6060602068901062,0.5657046791818436,2021-01-15,2024-03-01,2024-03-04,2024-09-03,2024-09-04,2024-12-10,51,0.7254901960784313,0.002901131450664671,0.008,0.15670393254555837,-0.02968136913401076,2.053955297558737
all_no_ak,xgb_d3_600_lr002_mcw3,5,test,80.0,all_days,0.6,0.6060602068901062,0.6859410430839002,2021-01-15,2024-03-01,2024-03-04,2024-09-03,2024-09-04,2024-12-10,43,0.7674418604651163,0.0014605777856184067,0.008,0.060744172775463845,-0.05459891333367939,1.3208974938258564
all_no_ak,xgb_d3_600_lr002_mcw3,6,valid,80.0,all_days,0.6,0.6525903940200806,0.5668478260869565,2021-04-22,2024-06-05,2024-06-06,2024-12-10,2024-12-11,2025-03-18,51,0.7254901960784313,0.0009828436896162551,0.008,0.04652791554035307,-0.05929320009602801,1.2085102096251736
all_no_ak,xgb_d3_600_lr002_mcw3,6,test,80.0,all_days,0.6,0.6525903940200806,0.37448979591836734,2021-04-22,2024-06-05,2024-06-06,2024-12-10,2024-12-11,2025-03-18,4,0.5,-0.0008898608974640693,-0.0007766890080428985,-0.003712519179303153,-0.010006065573770484,0.8180191796610083
all_no_ak,xgb_d3_600_lr002_mcw3,7,valid,80.0,all_days,0.6,0.5951464176177979,0.5971375563212298,2021-07-26,2024-09-03,2024-09-04,2025-03-18,2025-03-19,2025-06-20,51,0.7647058823529411,0.0017995290298770863,0.008,0.09178537054345504,-0.05929320009602812,1.4432969968233962
all_no_ak,xgb_d3_600_lr002_mcw3,7,test,80.0,all_days,0.6,0.5951464176177979,0.4551020408163265,2021-07-26,2024-09-03,2024-09-04,2025-03-18,2025-03-19,2025-06-20,14,0.5714285714285714,-0.0016684984574645077,0.008,-0.02414110683193682,-0.04719192755818247,0.7326092997980959
all_no_ak,xgb_d3_600_lr002_mcw3,8,valid,80.0,all_days,0.5,0.4690978527069092,0.45255102040816325,2021-11-01,2024-12-10,2024-12-11,2025-06-20,2025-06-23,2025-09-17,63,0.5714285714285714,-0.0002291355379761822,0.004085319148936065,-0.0176831313946616,-0.08526627748283466,0.947126950469973
all_no_ak,xgb_d3_600_lr002_mcw3,8,test,80.0,all_days,0.5,0.4690978527069092,0.5239085239085239,2021-11-01,2024-12-10,2024-12-11,2025-06-20,2025-06-23,2025-09-17,33,0.696969696969697,0.0008169233609762035,0.008,0.025093084049500725,-0.03922218387951559,1.1822226335813881
all_no_ak,xgb_d3_600_lr002_mcw3,9,valid,80.0,all_days,0.7,0.5789528489112854,0.5097736625514403,2022-01-28,2025-03-18,2025-03-19,2025-09-17,2025-09-18,2025-12-23,38,0.6052631578947368,-0.000456936332904293,0.008,-0.019785433629233684,-0.059946924526333656,0.9137700045148069
all_no_ak,xgb_d3_600_lr002_mcw3,9,test,80.0,all_days,0.7,0.5789528489112854,0.5259259259259259,2022-01-28,2025-03-18,2025-03-19,2025-09-17,2025-09-18,2025-12-23,27,0.7407407407407407,0.0007461266195920171,0.008,0.017596602654041726,-0.06703427538959195,1.144045468842711
all_no_ak,xgb_d3_600_lr002_mcw3,10,valid,80.0,all_days,0.8,0.6696063876152039,0.5388026607538803,2022-05-11,2025-06-20,2025-06-23,2025-12-23,2025-12-24,2026-04-01,26,0.7692307692307693,0.0016527031336900282,0.008,0.041684961056038805,-0.03366055454287786,1.367174099176414
all_no_ak,xgb_d3_600_lr002_mcw3,10,test,80.0,all_days,0.8,0.6696063876152039,0.4454787234042553,2022-05-11,2025-06-20,2025-06-23,2025-12-23,2025-12-24,2026-04-01,20,0.7,-0.00858954883334744,0.008,-0.165726958202284,-0.18176632555730832,0.39465666356066315
all_no_ak,xgb_d4_500_lr002_mcw5,1,valid,80.0,all_days,0.6,0.49425414204597473,0.5474489795918367,2020-01-02,2023-02-16,2023-02-17,2023-08-21,2023-08-22,2023-11-24,51,0.5686274509803921,-0.003452705025151857,0.004175726702076336,-0.1662159732749302,-0.19129675377803268,0.5439581068248767
all_no_ak,xgb_d4_500_lr002_mcw5,1,test,80.0,all_days,0.6,0.49425414204597473,0.4368070953436807,2020-01-02,2023-02-16,2023-02-17,2023-08-21,2023-08-22,2023-11-24,30,0.4,-0.0011758923058869937,-0.001900869078999886,-0.035546856442466246,-0.05795002206339883,0.7047918676179163
all_no_ak,xgb_d4_500_lr002_mcw5,2,valid,80.0,all_days,0.5,0.34727655351161957,0.47402429568363924,2020-04-09,2023-05-22,2023-05-23,2023-11-24,2023-11-27,2024-03-01,63,0.4444444444444444,-0.0021227620454064636,-0.0013704801920768582,-0.12859720559991317,-0.125779510658672,0.613435469301459
all_no_ak,xgb_d4_500_lr002_mcw5,2,test,80.0,all_days,0.5,0.34727655351161957,0.48115299334811534,2020-04-09,2023-05-22,2023-05-23,2023-11-24,2023-11-27,2024-03-01,32,0.6875,0.0013029915038861555,0.008,0.039784393203820434,-0.057831158379961556,1.3355276503278195
all_no_ak,xgb_d4_500_lr002_mcw5,3,valid,80.0,all_days,0.5,0.38684166967868805,0.5585789871504157,2020-07-14,2023-08-21,2023-08-22,2024-03-01,2024-03-04,2024-06-05,63,0.6031746031746031,0.0008142259227486326,0.008,0.04871617268354722,-0.0753460252321757,1.2154593166350884
all_no_ak,xgb_d4_500_lr002_mcw5,3,test,80.0,all_days,0.5,0.38684166967868805,0.6209876543209876,2020-07-14,2023-08-21,2023-08-22,2024-03-01,2024-03-04,2024-06-05,50,0.74,0.0019230446890773339,0.008,0.09717160839062622,-0.06817210565423582,1.5003010508085781
all_no_ak,xgb_d4_500_lr002_mcw5,4,valid,80.0,all_days,0.7,0.5059668570756912,0.6075581395348837,2020-10-19,2023-11-24,2023-11-27,2024-06-05,2024-06-06,2024-09-03,38,0.8421052631578947,0.00529553807100591,0.008,0.22102356161924597,-0.02968136913401065,4.67412977771541
all_no_ak,xgb_d4_500_lr002_mcw5,4,test,80.0,all_days,0.7,0.5059668570756912,0.4242105263157895,2020-10-19,2023-11-24,2023-11-27,2024-06-05,2024-06-06,2024-09-03,7,0.5714285714285714,-0.00047995803135525525,0.00030755491881584787,-0.003750309262050111,-0.02415433675966705,0.8785674446526404
all_no_ak,xgb_d4_500_lr002_mcw5,5,valid,80.0,all_days,0.8,0.6804220080375671,0.5710282992434856,2021-01-15,2024-03-01,2024-03-04,2024-09-03,2024-09-04,2024-12-10,26,0.7692307692307693,0.0033852225615237075,0.008,0.09047605206415521,-0.02968136913401076,2.2227095698061397
all_no_ak,xgb_d4_500_lr002_mcw5,5,test,80.0,all_days,0.8,0.6804220080375671,0.6904761904761905,2021-01-15,2024-03-01,2024-03-04,2024-09-03,2024-09-04,2024-12-10,27,0.8518518518518519,0.003745374838383462,0.008,0.10406963465144892,-0.05459891333367961,2.2202143932255605
all_no_ak,xgb_d4_500_lr002_mcw5,6,valid,80.0,all_days,0.8,0.7383461594581604,0.5823369565217392,2021-04-22,2024-06-05,2024-06-06,2024-12-10,2024-12-11,2025-03-18,26,0.7307692307692307,0.0023182938540461688,0.008,0.06019054148385905,-0.04241371132255012,1.6571388488297498
all_no_ak,xgb_d4_500_lr002_mcw5,6,test,80.0,all_days,0.8,0.7383461594581604,0.45510204081632655,2021-04-22,2024-06-05,2024-06-06,2024-12-10,2024-12-11,2025-03-18,1,1.0,0.008,0.008,0.008000000000000007,0.0,inf
all_no_ak,xgb_d4_500_lr002_mcw5,7,valid,80.0,all_days,0.7,0.6671598553657532,0.6119798568778161,2021-07-26,2024-09-03,2024-09-04,2025-03-18,2025-03-19,2025-06-20,38,0.7894736842105263,0.0034346446834521696,0.008,0.13694501473348875,-0.04975800713093981,2.2549112108150515
all_no_ak,xgb_d4_500_lr002_mcw5,7,test,80.0,all_days,0.7,0.6671598553657532,0.4510204081632653,2021-07-26,2024-09-03,2024-09-04,2025-03-18,2025-03-19,2025-06-20,6,0.3333333333333333,-0.009130280654913225,-0.01124346397244291,-0.05407930775106995,-0.06158661483241068,0.2260471793231282
all_no_ak,xgb_d4_500_lr002_mcw5,8,valid,80.0,all_days,0.6,0.5709073543548584,0.4474489795918367,2021-11-01,2024-12-10,2024-12-11,2025-06-20,2025-06-23,2025-09-17,51,0.6078431372549019,-8.812953927583828e-05,0.008,-0.007541829324364868,-0.08123201969734994,0.980410334661522
all_no_ak,xgb_d4_500_lr002_mcw5,8,test,80.0,all_days,0.6,0.5709073543548584,0.4948024948024948,2021-11-01,2024-12-10,2024-12-11,2025-06-20,2025-06-23,2025-09-17,28,0.5714285714285714,-0.001423257922353405,0.008,-0.04107511298860855,-0.05399532346543234,0.7580199535367459
all_no_ak,xgb_d4_500_lr002_mcw5,9,valid,80.0,all_days,0.6,0.5448426604270935,0.5236625514403291,2022-01-28,2025-03-18,2025-03-19,2025-09-17,2025-09-18,2025-12-23,51,0.6078431372549019,0.000446388279752697,0.008,0.020067997427590578,-0.05630870696219581,1.1055364410595694
all_no_ak,xgb_d4_500_lr002_mcw5,9,test,80.0,all_days,0.6,0.5448426604270935,0.5790123456790124,2022-01-28,2025-03-18,2025-03-19,2025-09-17,2025-09-18,2025-12-23,36,0.7222222222222222,-0.00032164412050614635,0.008,-0.015727292941076332,-0.10467176057244898,0.9472664580561905
all_no_ak,xgb_d4_500_lr002_mcw5,10,valid,80.0,all_days,0.5,0.5287252068519592,0.5315964523281597,2022-05-11,2025-06-20,2025-06-23,2025-12-23,2025-12-24,2026-04-01,63,0.7142857142857143,0.0004722471796244615,0.008,0.024319649614512828,-0.07706891291314721,1.0926409110011979
all_no_ak,xgb_d4_500_lr002_mcw5,10,test,80.0,all_days,0.5,0.5287252068519592,0.4906914893617021,2022-05-11,2025-06-20,2025-06-23,2025-12-23,2025-12-24,2026-04-01,39,0.7435897435897436,-0.0032267270605064557,0.008,-0.1277374761542357,-0.17058153799041753,0.6483301837390436
all_no_ak,extra_trees_600_d3,1,valid,80.0,all_days,0.6,0.47341719685536116,0.4846938775510204,2020-01-02,2023-02-16,2023-02-17,2023-08-21,2023-08-22,2023-11-24,51,0.49019607843137253,-0.003511858565517747,-0.001329420289855162,-0.1675907791199428,-0.18074751448339998,0.5000183732042665
all_no_ak,extra_trees_600_d3,1,test,80.0,all_days,0.6,0.47341719685536116,0.49223946784922396,2020-01-02,2023-02-16,2023-02-17,2023-08-21,2023-08-22,2023-11-24,56,0.4642857142857143,-0.0007483310777029881,-0.0010687475587249883,-0.0427938367753411,-0.05873608623588189,0.8096779696744093
all_no_ak,extra_trees_600_d3,2,valid,80.0,all_days,0.6,0.40955482602314786,0.4967691910054278,2020-04-09,2023-05-22,2023-05-23,2023-11-24,2023-11-27,2024-03-01,51,0.47058823529411764,-0.0015423521628393215,-0.0018794017094017033,-0.07825541847090423,-0.10698914790531677,0.6961541603445791
all_no_ak,extra_trees_600_d3,2,test,80.0,all_days,0.6,0.40955482602314786,0.6618625277161863,2020-04-09,2023-05-22,2023-05-23,2023-11-24,2023-11-27,2024-03-01,33,0.7878787878787878,0.0043083901889068715,0.008,0.15128342963607588,-0.02106930335655477,3.159983727591003
all_no_ak,extra_trees_600_d3,3,valid,80.0,all_days,0.8,0.4108129837965388,0.6480221718316956,2020-07-14,2023-08-21,2023-08-22,2024-03-01,2024-03-04,2024-06-05,26,0.8076923076923077,0.004790068314063465,0.008,0.13159281703911585,-0.02106930335655488,4.201188103635561
all_no_ak,extra_trees_600_d3,3,test,80.0,all_days,0.8,0.4108129837965388,0.5098765432098766,2020-07-14,2023-08-21,2023-08-22,2024-03-01,2024-03-04,2024-06-05,62,0.7258064516129032,0.0013579558574932182,0.008,0.08274424537949354,-0.06817210565423593,1.313980899074796
all_no_ak,extra_trees_600_d3,4,valid,80.0,all_days,0.5,0.3715664676730074,0.6526162790697676,2020-10-19,2023-11-24,2023-11-27,2024-06-05,2024-06-06,2024-09-03,63,0.7936507936507936,0.003607344457195199,0.008,0.2505652095081181,-0.06817210565423593,2.31565505458381
all_no_ak,extra_trees_600_d3,4,test,80.0,all_days,0.5,0.3715664676730074,0.39263157894736833,2020-10-19,2023-11-24,2023-11-27,2024-06-05,2024-06-06,2024-09-03,31,0.5161290322580645,-0.004268739945125811,0.00030755491881584787,-0.12758018390906978,-0.13815558314924092,0.4762043716558211
all_no_ak,extra_trees_600_d3,5,valid,80.0,all_days,0.7,0.47543896364704546,0.4850098066685346,2021-01-15,2024-03-01,2024-03-04,2024-09-03,2024-09-04,2024-12-10,38,0.7368421052631579,0.0017310997445109217,0.008,0.06490003775027642,-0.06817210565423593,1.415766240893356
all_no_ak,extra_trees_600_d3,5,test,80.0,all_days,0.7,0.47543896364704546,0.63718820861678,2021-01-15,2024-03-01,2024-03-04,2024-09-03,2024-09-04,2024-12-10,33,0.7878787878787878,0.0017032618872384023,0.008,0.05435287473201389,-0.05459891333367961,1.3702929654873
all_no_ak,extra_trees_600_d3,6,valid,80.0,all_days,0.7,0.5278032181584833,0.5948369565217392,2021-04-22,2024-06-05,2024-06-06,2024-12-10,2024-12-11,2025-03-18,38,0.7368421052631579,0.0015848829079494321,0.008,0.05887212866979974,-0.05459891333367939,1.3677347149491885
all_no_ak,extra_trees_600_d3,6,test,80.0,all_days,0.7,0.5278032181584833,0.55,2021-04-22,2024-06-05,2024-06-06,2024-12-10,2024-12-11,2025-03-18,0,,,,,,
all_no_ak,extra_trees_600_d3,7,valid,80.0,all_days,0.5,0.47454155250760155,0.6254969520275642,2021-07-26,2024-09-03,2024-09-04,2025-03-18,2025-03-19,2025-06-20,63,0.7619047619047619,0.0019985528960057954,0.008,0.12912924440983864,-0.0627595154243833,1.5226547447600514
all_no_ak,extra_trees_600_d3,7,test,80.0,all_days,0.5,0.47454155250760155,0.5306122448979591,2021-07-26,2024-09-03,2024-09-04,2025-03-18,2025-03-19,2025-06-20,29,0.6551724137931034,-0.0008458017826449385,0.008,-0.02776790980962829,-0.09691325428208619,0.8501401013263025
all_no_ak,extra_trees_600_d3,8,valid,80.0,all_days,0.7,0.5100289586209469,0.514030612244898,2021-11-01,2024-12-10,2024-12-11,2025-06-20,2025-06-23,2025-09-17,38,0.631578947368421,0.0006551527594402194,0.008,0.022770524086056954,-0.05186798659850622,1.1489837214301
all_no_ak,extra_trees_600_d3,8,test,80.0,all_days,0.7,0.5100289586209469,0.497920997920998,2021-11-01,2024-12-10,2024-12-11,2025-06-20,2025-06-23,2025-09-17,44,0.6136363636363636,2.026271071256982e-05,0.008,-0.0018999393012801846,-0.04572175672806511,1.0041446968251597
all_no_ak,extra_trees_600_d3,9,valid,80.0,all_days,0.5,0.49922254890917905,0.5030864197530864,2022-01-28,2025-03-18,2025-03-19,2025-09-17,2025-09-18,2025-12-23,63,0.6349206349206349,0.00045981507036546186,0.008,0.02551834261512842,-0.045721756728065,1.1032356708670688
all_no_ak,extra_trees_600_d3,9,test,80.0,all_days,0.5,0.49922254890917905,0.5790123456790124,2022-01-28,2025-03-18,2025-03-19,2025-09-17,2025-09-18,2025-12-23,61,0.7049180327868853,-0.00010819998999842171,0.008,-0.012996110621064427,-0.09077576304175661,0.9811745703471104
all_no_ak,extra_trees_600_d3,10,valid,80.0,all_days,0.5,0.5338211646323239,0.5748337028824834,2022-05-11,2025-06-20,2025-06-23,2025-12-23,2025-12-24,2026-04-01,63,0.7142857142857143,0.0009825647738483999,0.008,0.05823357214785374,-0.06893796528303431,1.207654844023323
all_no_ak,extra_trees_600_d3,10,test,80.0,all_days,0.5,0.5338211646323239,0.5478723404255319,2022-05-11,2025-06-20,2025-06-23,2025-12-23,2025-12-24,2026-04-01,62,0.7419354838709677,-0.0016635087598349766,0.008,-0.10936477245588805,-0.17087261094903472,0.7810882520017325
all_no_ak,random_forest_600_d4,1,valid,80.0,all_days,0.5,0.47835468491937483,0.5525510204081633,2020-01-02,2023-02-16,2023-02-17,2023-08-21,2023-08-22,2023-11-24,63,0.5714285714285714,-0.0022233788580662125,0.004175726702076336,-0.1351432259168852,-0.1582527188419528,0.6463329842634838
all_no_ak,random_forest_600_d4,1,test,80.0,all_days,0.5,0.47835468491937483,0.5687361419068737,2020-01-02,2023-02-16,2023-02-17,2023-08-21,2023-08-22,2023-11-24,43,0.4883720930232558,9.578023419553038e-05,-0.0007517335660267542,0.0027036773840278805,-0.03075121383928414,1.0270774398682456
all_no_ak,random_forest_600_d4,2,valid,80.0,all_days,0.5,0.4018539106227239,0.5900749547686741,2020-04-09,2023-05-22,2023-05-23,2023-11-24,2023-11-27,2024-03-01,63,0.5396825396825397,9.085560036191755e-05,0.003446636528029016,0.002816098072198736,-0.06380542735277905,1.023180463284582
all_no_ak,random_forest_600_d4,2,test,80.0,all_days,0.5,0.4018539106227239,0.6496674057649667,2020-04-09,2023-05-22,2023-05-23,2023-11-24,2023-11-27,2024-03-01,34,0.7647058823529411,0.0025595965044070226,0.008,0.08778946338119664,-0.06116790924097382,1.7193817134581937
all_no_ak,random_forest_600_d4,3,valid,80.0,all_days,0.8,0.4664762108624376,0.6643990929705216,2020-07-14,2023-08-21,2023-08-22,2024-03-01,2024-03-04,2024-06-05,26,0.8076923076923077,0.004790068314063465,0.008,0.13159281703911563,-0.02106930335655488,4.201188103635561
all_no_ak,random_forest_600_d4,3,test,80.0,all_days,0.8,0.4664762108624376,0.5382716049382716,2020-07-14,2023-08-21,2023-08-22,2024-03-01,2024-03-04,2024-06-05,52,0.75,0.0021567737394974367,0.008,0.1147965731078131,-0.06817210565423604,1.5835525410979476
all_no_ak,random_forest_600_d4,4,valid,80.0,all_days,0.5,0.435606007160124,0.661046511627907,2020-10-19,2023-11-24,2023-11-27,2024-06-05,2024-06-06,2024-09-03,63,0.7777777777777778,0.0031459269435990915,0.008,0.2145006664105531,-0.06817210565423582,2.022634909418424
all_no_ak,random_forest_600_d4,4,test,80.0,all_days,0.5,0.435606007160124,0.41368421052631577,2020-10-19,2023-11-24,2023-11-27,2024-06-05,2024-06-06,2024-09-03,9,0.4444444444444444,-0.0025260081889267884,-0.00016999999999999999,-0.023124890512846052,-0.046037541727060094,0.5846449539859588
all_no_ak,random_forest_600_d4,5,valid,80.0,all_days,0.8,0.5829067781721439,0.5657046791818436,2021-01-15,2024-03-01,2024-03-04,2024-09-03,2024-09-04,2024-12-10,26,0.8076923076923077,0.0028816722978367315,0.008,0.07555102406895675,-0.06817210565423582,1.8049664892658899
all_no_ak,random_forest_600_d4,5,test,80.0,all_days,0.8,0.5829067781721439,0.6496598639455783,2021-01-15,2024-03-01,2024-03-04,2024-09-03,2024-09-04,2024-12-10,27,0.8148148148148148,0.0028823226689378497,0.008,0.07854633929238708,-0.05459891333367961,1.7926753090789223
all_no_ak,random_forest_600_d4,6,valid,80.0,all_days,0.8,0.6187202698449578,0.5690217391304349,2021-04-22,2024-06-05,2024-06-06,2024-12-10,2024-12-11,2025-03-18,26,0.7692307692307693,0.00237125815620469,0.008,0.061314037712888236,-0.05459891333367928,1.6268877704056661
all_no_ak,random_forest_600_d4,6,test,80.0,all_days,0.8,0.6187202698449578,0.5704081632653061,2021-04-22,2024-06-05,2024-06-06,2024-12-10,2024-12-11,2025-03-18,0,,,,,,
all_no_ak,random_forest_600_d4,7,valid,80.0,all_days,0.8,0.5796491861729246,0.6512059369202227,2021-07-26,2024-09-03,2024-09-04,2025-03-18,2025-03-19,2025-06-20,26,0.8461538461538461,0.003656901043859543,0.008,0.09748533095203715,-0.05459891333367961,2.174972244762197
all_no_ak,random_forest_600_d4,7,test,80.0,all_days,0.8,0.5796491861729246,0.5142857142857142,2021-07-26,2024-09-03,2024-09-04,2025-03-18,2025-03-19,2025-06-20,3,0.6666666666666666,0.0052766666666666665,0.008,0.015891269120000162,-0.00017000000000000348,94.11764705882354
all_no_ak,random_forest_600_d4,8,valid,80.0,all_days,0.8,0.5557788603938355,0.5033163265306122,2021-11-01,2024-12-10,2024-12-11,2025-06-20,2025-06-23,2025-09-17,26,0.5769230769230769,0.00031767861386373155,0.008,0.006873229301379125,-0.04184227736368906,1.0739181818745425
all_no_ak,random_forest_600_d4,8,test,80.0,all_days,0.8,0.5557788603938355,0.524948024948025,2021-11-01,2024-12-10,2024-12-11,2025-06-20,2025-06-23,2025-09-17,14,0.5,-0.0033245678376302135,0.002976913696060011,-0.046603209518104705,-0.044195294684455044,0.5461073047135785
all_no_ak,random_forest_600_d4,9,valid,80.0,all_days,0.5,0.4912376508947355,0.5290637860082305,2022-01-28,2025-03-18,2025-03-19,2025-09-17,2025-09-18,2025-12-23,63,0.6349206349206349,0.00030101663015793124,0.008,0.01516249509123102,-0.04572175672806511,1.0643547135045162
all_no_ak,random_forest_600_d4,9,test,80.0,all_days,0.5,0.4912376508947355,0.5839506172839506,2022-01-28,2025-03-18,2025-03-19,2025-09-17,2025-09-18,2025-12-23,59,0.6949152542372882,-0.00038305422694752113,0.008,-0.028600669466750217,-0.09799182841444076,0.9355385438193378
all_no_ak,random_forest_600_d4,10,valid,80.0,all_days,0.7,0.573912917901227,0.595620842572062,2022-05-11,2025-06-20,2025-06-23,2025-12-23,2025-12-24,2026-04-01,38,0.8421052631578947,0.0023964007544470182,0.008,0.09121434152343832,-0.06893796528303453,1.5521099263318967
all_no_ak,random_forest_600_d4,10,test,80.0,all_days,0.7,0.573912917901227,0.5811170212765957,2022-05-11,2025-06-20,2025-06-23,2025-12-23,2025-12-24,2026-04-01,44,0.8181818181818182,-0.0008452954182019075,0.008,-0.04675673340266473,-0.13288472838455745,0.8856279237751791
all_no_ak,lgbm_leaves7_400,1,valid,80.0,all_days,0.6,0.6669875557175917,0.5910714285714285,2020-01-02,2023-02-16,2023-02-17,2023-08-21,2023-08-22,2023-11-24,51,0.6274509803921569,-0.0011225426567574729,0.008,-0.05982646398861524,-0.11849798808351386,0.8077047012593842
all_no_ak,lgbm_leaves7_400,1,test,80.0,all_days,0.6,0.6669875557175917,0.5199556541019955,2020-01-02,2023-02-16,2023-02-17,2023-08-21,2023-08-22,2023-11-24,30,0.4666666666666667,-0.00038613850541697044,-0.0007593742456999363,-0.01248578072629336,-0.056657126422988924,0.8969783550874887
all_no_ak,lgbm_leaves7_400,2,valid,80.0,all_days,0.8,0.6441316133266047,0.5551822176272939,2020-04-09,2023-05-22,2023-05-23,2023-11-24,2023-11-27,2024-03-01,26,0.5384615384615384,-0.0001738113114768564,0.004768654063672998,-0.006008242038065159,-0.03823970509383379,0.9589383806211579
all_no_ak,lgbm_leaves7_400,2,test,80.0,all_days,0.8,0.6441316133266047,0.492239467849224,2020-04-09,2023-05-22,2023-05-23,2023-11-24,2023-11-27,2024-03-01,17,0.7058823529411765,0.0004449119340365373,0.008,0.005390871143636344,-0.06330364691445134,1.0880152509801881
all_no_ak,lgbm_leaves7_400,3,valid,80.0,all_days,0.7,0.6562109173434163,0.544469639707735,2020-07-14,2023-08-21,2023-08-22,2024-03-01,2024-03-04,2024-06-05,38,0.6842105263157895,0.0017147305026069361,0.008,0.06435448149944167,-0.0666160927155448,1.4878473096870677
all_no_ak,lgbm_leaves7_400,3,test,80.0,all_days,0.7,0.6562109173434163,0.5888888888888889,2020-07-14,2023-08-21,2023-08-22,2024-03-01,2024-03-04,2024-06-05,31,0.7419354838709677,0.002267992161855082,0.008,0.07078369711665955,-0.03220707211006957,1.6184041687728365
all_no_ak,lgbm_leaves7_400,4,valid,80.0,all_days,0.8,0.7260922625818709,0.5828488372093023,2020-10-19,2023-11-24,2023-11-27,2024-06-05,2024-06-06,2024-09-03,26,0.8076923076923077,0.003890405729942421,0.008,0.10488229733998056,-0.02968136913401065,2.5131096431289395
all_no_ak,lgbm_leaves7_400,4,test,80.0,all_days,0.8,0.7260922625818709,0.41368421052631577,2020-10-19,2023-11-24,2023-11-27,2024-06-05,2024-06-06,2024-09-03,5,0.6,-0.000699452227660527,0.008,-0.0038872773856483134,-0.0033429243786355922,0.8728142006321101
all_no_ak,lgbm_leaves7_400,5,valid,80.0,all_days,0.8,0.8286381537427989,0.535724292518913,2021-01-15,2024-03-01,2024-03-04,2024-09-03,2024-09-04,2024-12-10,26,0.7307692307692307,0.0028083670708299153,0.008,0.07424274184645352,-0.02968136913401065,1.9244780093331095
all_no_ak,lgbm_leaves7_400,5,test,80.0,all_days,0.8,0.8286381537427989,0.6473922902494331,2021-01-15,2024-03-01,2024-03-04,2024-09-03,2024-09-04,2024-12-10,30,0.7333333333333333,0.001121215207248645,0.008,0.03155260875027621,-0.05459891333367939,1.2362715574770946
all_no_ak,lgbm_leaves7_400,6,valid,80.0,all_days,0.6,0.7006533291137511,0.5646739130434784,2021-04-22,2024-06-05,2024-06-06,2024-12-10,2024-12-11,2025-03-18,51,0.7450980392156863,0.0011448334867050175,0.008,0.055165088425750186,-0.0592932000960279,1.2431407971727553
all_no_ak,lgbm_leaves7_400,6,test,80.0,all_days,0.6,0.7006533291137511,0.5,2021-04-22,2024-06-05,2024-06-06,2024-12-10,2024-12-11,2025-03-18,6,0.5,-0.0004994102976483856,0.0007518730230456332,-0.003214252200234191,-0.010946829815895787,0.8890053885707195
all_no_ak,lgbm_leaves7_400,7,valid,80.0,all_days,0.7,0.6849828601580877,0.588126159554731,2021-07-26,2024-09-03,2024-09-04,2025-03-18,2025-03-19,2025-06-20,38,0.8157894736842105,0.002591795445062972,0.008,0.09974142859067614,-0.05459891333367939,1.6587322515042568
all_no_ak,lgbm_leaves7_400,7,test,80.0,all_days,0.7,0.6849828601580877,0.43775510204081636,2021-07-26,2024-09-03,2024-09-04,2025-03-18,2025-03-19,2025-06-20,13,0.5384615384615384,-0.0024122291080387005,0.008,-0.0318860186824772,-0.04184227736368906,0.6410331373233339
all_no_ak,lgbm_leaves7_400,8,valid,80.0,all_days,0.5,0.566110399856937,0.43826530612244896,2021-11-01,2024-12-10,2024-12-11,2025-06-20,2025-06-23,2025-09-17,63,0.5873015873015873,-0.0006155393618274276,0.008,-0.0432939545030282,-0.14134928315268147,0.8746156043588151
all_no_ak,lgbm_leaves7_400,8,test,80.0,all_days,0.5,0.566110399856937,0.45945945945945943,2021-11-01,2024-12-10,2024-12-11,2025-06-20,2025-06-23,2025-09-17,32,0.625,-8.502711122739903e-05,0.008,-0.004703352246125836,-0.04125477851368553,0.9822885359983476
all_no_ak,lgbm_leaves7_400,9,valid,80.0,all_days,0.5,0.5456426380812074,0.5054012345679012,2022-01-28,2025-03-18,2025-03-19,2025-09-17,2025-09-18,2025-12-23,63,0.6031746031746031,-0.0005195105590208093,0.008,-0.0375814946535139,-0.10486986981021995,0.8996392611205648
all_no_ak,lgbm_leaves7_400,9,test,80.0,all_days,0.5,0.5456426380812074,0.5259259259259259,2022-01-28,2025-03-18,2025-03-19,2025-09-17,2025-09-18,2025-12-23,44,0.7272727272727273,0.00010012883684554069,0.008,-0.0005736308968794512,-0.06245003337228128,1.0175110019393596
all_no_ak,lgbm_leaves7_400,10,valid,80.0,all_days,0.8,0.6927079432052232,0.5454545454545454,2022-05-11,2025-06-20,2025-06-23,2025-12-23,2025-12-24,2026-04-01,26,0.8461538461538461,0.0036611411199155564,0.008,0.09811021261165687,-0.04376513514089064,2.2259259850698734
all_no_ak,lgbm_leaves7_400,10,test,80.0,all_days,0.8,0.6927079432052232,0.5571808510638299,2022-05-11,2025-06-20,2025-06-23,2025-12-23,2025-12-24,2026-04-01,24,0.8333333333333334,-0.002414399921433701,0.008,-0.06411186610959663,-0.1494544913896907,0.7341281557611881
all_no_ak,lgbm_leaves15_700,1,valid,80.0,all_days,0.8,0.8123380389236645,0.5408163265306123,2020-01-02,2023-02-16,2023-02-17,2023-08-21,2023-08-22,2023-11-24,26,0.6153846153846154,-0.0006827006835559851,0.008,-0.019220667220088528,-0.04527894005239941,0.8653659747396698
all_no_ak,lgbm_leaves15_700,1,test,80.0,all_days,0.8,0.8123380389236645,0.4556541019955654,2020-01-02,2023-02-16,2023-02-17,2023-08-21,2023-08-22,2023-11-24,21,0.2857142857142857,-0.0022131652726476245,-0.001966407185628679,-0.046036852361227454,-0.06356005231132289,0.49791611193457297
all_no_ak,lgbm_leaves15_700,2,valid,80.0,all_days,0.5,0.48323195902548755,0.5502713879555441,2020-04-09,2023-05-22,2023-05-23,2023-11-24,2023-11-27,2024-03-01,63,0.5079365079365079,-0.000976193368625418,0.0026838812785388057,-0.0629210566630568,-0.08316582478869594,0.7988358422715188
all_no_ak,lgbm_leaves15_700,2,test,80.0,all_days,0.5,0.48323195902548755,0.49223946784922396,2020-04-09,2023-05-22,2023-05-23,2023-11-24,2023-11-27,2024-03-01,29,0.7586206896551724,0.002526574396418688,0.008,0.07334382265167227,-0.057831158379961556,1.7904557084153112
all_no_ak,lgbm_leaves15_700,3,valid,80.0,all_days,0.6,0.6214182906188247,0.54472159234064,2020-07-14,2023-08-21,2023-08-22,2024-03-01,2024-03-04,2024-06-05,51,0.6274509803921569,0.0003322616955355194,0.008,0.01341896721996827,-0.09778236281449004,1.075491769476513
all_no_ak,lgbm_leaves15_700,3,test,80.0,all_days,0.6,0.6214182906188247,0.545679012345679,2020-07-14,2023-08-21,2023-08-22,2024-03-01,2024-03-04,2024-06-05,40,0.725,0.0011956339556709289,0.008,0.0456676046275728,-0.06817210565423593,1.2596739581866048
all_no_ak,lgbm_leaves15_700,4,valid,80.0,all_days,0.5,0.5871865976397017,0.5683139534883721,2020-10-19,2023-11-24,2023-11-27,2024-06-05,2024-06-06,2024-09-03,63,0.7619047619047619,0.001973972142340988,0.008,0.1265318033883498,-0.06817210565423604,1.5087388698183788
all_no_ak,lgbm_leaves15_700,4,test,80.0,all_days,0.5,0.5871865976397017,0.4252631578947369,2020-10-19,2023-11-24,2023-11-27,2024-06-05,2024-06-06,2024-09-03,12,0.5833333333333334,-0.0005355432317937706,0.004153777459407924,-0.007127099696797479,-0.0381100990476978,0.8825865069589146
all_no_ak,lgbm_leaves15_700,5,valid,80.0,all_days,0.8,0.7989419266709356,0.5273185766321098,2021-01-15,2024-03-01,2024-03-04,2024-09-03,2024-09-04,2024-12-10,26,0.7692307692307693,0.0034545271644068707,0.008,0.0926882930989743,-0.023103425482439044,2.2797772986157754
all_no_ak,lgbm_leaves15_700,5,test,80.0,all_days,0.8,0.7989419266709356,0.699546485260771,2021-01-15,2024-03-01,2024-03-04,2024-09-03,2024-09-04,2024-12-10,34,0.7647058823529411,0.0010283184318677584,0.008,0.03195334233589109,-0.05459891333367939,1.202053847814276
all_no_ak,lgbm_leaves15_700,6,valid,80.0,all_days,0.8,0.855198593120092,0.5377717391304349,2021-04-22,2024-06-05,2024-06-06,2024-12-10,2024-12-11,2025-03-18,26,0.8461538461538461,0.0038481310733804964,0.008,0.10302680480723425,-0.05459891333367928,2.317356979923406
all_no_ak,lgbm_leaves15_700,6,test,80.0,all_days,0.8,0.855198593120092,0.4193877551020408,2021-04-22,2024-06-05,2024-06-06,2024-12-10,2024-12-11,2025-03-18,3,0.6666666666666666,0.0021488739946380676,0.008,0.00635715651946378,0.0,1.6748002615472248
all_no_ak,lgbm_leaves15_700,7,valid,80.0,all_days,0.6,0.7122775239672554,0.6125099390405513,2021-07-26,2024-09-03,2024-09-04,2025-03-18,2025-03-19,2025-06-20,51,0.7647058823529411,0.002237328729801721,0.008,0.11644362339347802,-0.05459891333367939,1.5765838109384522
all_no_ak,lgbm_leaves15_700,7,test,80.0,all_days,0.6,0.7122775239672554,0.4448979591836734,2021-07-26,2024-09-03,2024-09-04,2025-03-18,2025-03-19,2025-06-20,12,0.5,-0.002936573581787932,0.0028261498257839395,-0.03558663741658186,-0.05083403940753917,0.5766535816043318
all_no_ak,lgbm_leaves15_700,8,valid,80.0,all_days,0.6,0.6596955421673067,0.4573979591836735,2021-11-01,2024-12-10,2024-12-11,2025-06-20,2025-06-23,2025-09-17,51,0.6470588235294118,0.0004578887788986142,0.008,0.020494840627988786,-0.0780624224085339,1.1085504110394264
all_no_ak,lgbm_leaves15_700,8,test,80.0,all_days,0.6,0.6596955421673067,0.5083160083160083,2021-11-01,2024-12-10,2024-12-11,2025-06-20,2025-06-23,2025-09-17,27,0.6666666666666666,0.0005537973875068286,0.008,0.013399646041566848,-0.044334184854185166,1.1246579780834904
all_no_ak,lgbm_leaves15_700,9,valid,80.0,all_days,0.8,0.7175806783283605,0.492798353909465,2022-01-28,2025-03-18,2025-03-19,2025-09-17,2025-09-18,2025-12-23,26,0.6153846153846154,-0.00022653708712603256,0.008,-0.007607789924139352,-0.0343221522029834,0.9560089189835989
all_no_ak,lgbm_leaves15_700,9,test,80.0,all_days,0.8,0.7175806783283605,0.47530864197530864,2022-01-28,2025-03-18,2025-03-19,2025-09-17,2025-09-18,2025-12-23,25,0.68,-0.0010906037744211872,0.008,-0.030014954798218363,-0.09362261477032463,0.833001080437184
all_no_ak,lgbm_leaves15_700,10,valid,80.0,all_days,0.5,0.6150797566849003,0.5368625277161864,2022-05-11,2025-06-20,2025-06-23,2025-12-23,2025-12-24,2026-04-01,63,0.7301587301587301,0.0006096157872621466,0.008,0.03315637830743512,-0.06893796528303464,1.119832678088454
all_no_ak,lgbm_leaves15_700,10,test,80.0,all_days,0.5,0.6150797566849003,0.4920212765957446,2022-05-11,2025-06-20,2025-06-23,2025-12-23,2025-12-24,2026-04-01,40,0.7,-0.004521468369604596,0.008,-0.17487977384815923,-0.20280460435015457,0.553279405270598
