feature_group,model_name,window_id,split,target_hit_bps,entry_policy,quantile,threshold,auc,train_start,train_end,valid_start,valid_end,test_start,test_end,trades,win_rate,avg_return,median_return,compound_return,max_drawdown,profit_factor
reversal_fundamental_regime,xgb_d2_200_lr003_mcw5,1,valid,50.0,all_days,0.5,0.48992249369621277,0.47401247401247404,2020-01-02,2023-02-16,2023-02-17,2023-08-21,2023-08-22,2023-11-24,63,0.42857142857142855,-0.0012689911456091644,-0.001112285041225066,-0.08235812323071978,-0.15615390043571897,0.7692839403993699
reversal_fundamental_regime,xgb_d2_200_lr003_mcw5,1,test,50.0,all_days,0.5,0.48992249369621277,0.5699797160243407,2020-01-02,2023-02-16,2023-02-17,2023-08-21,2023-08-22,2023-11-24,30,0.5,0.0018889800448469187,0.0008106325079676492,0.04797714210412796,-0.15690114490672935,1.2611601746257672
reversal_fundamental_regime,xgb_d2_200_lr003_mcw5,2,valid,50.0,all_days,0.8,0.5504365563392639,0.5079686314191753,2020-04-09,2023-05-22,2023-05-23,2023-11-24,2023-11-27,2024-03-01,26,0.5,0.0031385836651517812,0.0008106325079676492,0.07581009982651699,-0.11076915453370828,1.5021472060610592
reversal_fundamental_regime,xgb_d2_200_lr003_mcw5,2,test,50.0,all_days,0.8,0.5504365563392639,0.4107505070993915,2020-04-09,2023-05-22,2023-05-23,2023-11-24,2023-11-27,2024-03-01,19,0.42105263157894735,-0.001987322192770976,-0.0010210638297873907,-0.038365220588909454,-0.04681744489425099,0.668537880656369
reversal_fundamental_regime,xgb_d2_200_lr003_mcw5,3,valid,50.0,all_days,0.8,0.5574411153793335,0.5169878296146044,2020-07-14,2023-08-21,2023-08-22,2024-03-01,2024-03-04,2024-06-05,26,0.5,0.0034440408769617456,0.00038510059307395386,0.0822195784385884,-0.15269336750323648,1.4197795533169704
reversal_fundamental_regime,xgb_d2_200_lr003_mcw5,3,test,50.0,all_days,0.8,0.5574411153793335,0.5314401622718052,2020-07-14,2023-08-21,2023-08-22,2024-03-01,2024-03-04,2024-06-05,6,0.6666666666666666,0.008730005236934311,0.007864975276399958,0.05268701115404917,-0.017232057133012568,4.029103695490925
reversal_fundamental_regime,xgb_d2_200_lr003_mcw5,4,valid,50.0,all_days,0.6,0.5320523381233215,0.4373897707231041,2020-10-19,2023-11-24,2023-11-27,2024-06-05,2024-06-06,2024-09-03,51,0.45098039215686275,0.00042929696142415374,-0.003934393268379074,0.014386629796432127,-0.11748566748435696,1.0667998079139238
reversal_fundamental_regime,xgb_d2_200_lr003_mcw5,4,test,50.0,all_days,0.6,0.5320523381233215,0.6645299145299145,2020-10-19,2023-11-24,2023-11-27,2024-06-05,2024-06-06,2024-09-03,4,0.5,-0.004440213690097641,-0.0014837105661905069,-0.018116196741434276,-0.03166272324848263,0.4405951740128091
reversal_fundamental_regime,xgb_d2_200_lr003_mcw5,5,valid,50.0,all_days,0.8,0.5020649433135986,0.5986308316430021,2021-01-15,2024-03-01,2024-03-04,2024-09-03,2024-09-04,2024-12-10,26,0.6153846153846154,0.006214519080329477,0.0028601713491113213,0.17070829994612247,-0.022482972790559108,3.014178898783399
reversal_fundamental_regime,xgb_d2_200_lr003_mcw5,5,test,50.0,all_days,0.8,0.5020649433135986,0.5676767676767677,2021-01-15,2024-03-01,2024-03-04,2024-09-03,2024-09-04,2024-12-10,39,0.5128205128205128,0.0033826335879901534,0.00030607712449404537,0.12594117961800944,-0.09221698661965871,1.4665847884725716
reversal_fundamental_regime,xgb_d2_200_lr003_mcw5,6,valid,50.0,all_days,0.8,0.5950142741203308,0.5923353909465021,2021-04-22,2024-06-05,2024-06-06,2024-12-10,2024-12-11,2025-03-18,26,0.5,0.005011544562914804,-0.00135830998547087,0.1283321472054897,-0.05765764710600363,1.6822424875102813
reversal_fundamental_regime,xgb_d2_200_lr003_mcw5,6,test,50.0,all_days,0.8,0.5950142741203308,0.4959183673469388,2021-04-22,2024-06-05,2024-06-06,2024-12-10,2024-12-11,2025-03-18,22,0.5454545454545454,-0.0005072564793402776,0.0027115227709595437,-0.012394119032693385,-0.03585479515832757,0.8999897461802697
reversal_fundamental_regime,xgb_d2_200_lr003_mcw5,7,valid,50.0,all_days,0.8,0.6631397008895874,0.5006305170239596,2021-07-26,2024-09-03,2024-09-04,2025-03-18,2025-03-19,2025-06-20,26,0.5384615384615384,0.0019441705566720592,0.002272679022528371,0.04644729366177813,-0.05355460006704327,1.3190822047712216
reversal_fundamental_regime,xgb_d2_200_lr003_mcw5,7,test,50.0,all_days,0.8,0.6631397008895874,0.43347193347193347,2021-07-26,2024-09-03,2024-09-04,2025-03-18,2025-03-19,2025-06-20,4,0.5,5.12235984478672e-05,-0.0032458647544664175,-0.00017178394574590694,-0.024910953296189975,1.008173967197304
reversal_fundamental_regime,xgb_d2_200_lr003_mcw5,8,valid,50.0,all_days,0.8,0.6520790457725525,0.4895334174022698,2021-11-01,2024-12-10,2024-12-11,2025-06-20,2025-06-23,2025-09-17,26,0.5384615384615384,0.0009891355723850614,0.0008881728870034945,0.02218708451553275,-0.054216077676415564,1.1934528399630477
reversal_fundamental_regime,xgb_d2_200_lr003_mcw5,8,test,50.0,all_days,0.8,0.6520790457725525,0.4732510288065843,2021-11-01,2024-12-10,2024-12-11,2025-06-20,2025-06-23,2025-09-17,5,0.4,-0.0010551225639039395,-0.004109592908732803,-0.005727882094594294,-0.02704024639293212,0.8315809780236505
reversal_fundamental_regime,xgb_d2_200_lr003_mcw5,9,valid,50.0,all_days,0.8,0.6039972901344299,0.45589717741935487,2022-01-28,2025-03-18,2025-03-19,2025-09-17,2025-09-18,2025-12-23,26,0.46153846153846156,0.0038678976453276367,-0.0006628156323107391,0.10164138347410434,-0.03800986647278948,2.125079314516884
reversal_fundamental_regime,xgb_d2_200_lr003_mcw5,9,test,50.0,all_days,0.8,0.6039972901344299,0.5771739130434782,2022-01-28,2025-03-18,2025-03-19,2025-09-17,2025-09-18,2025-12-23,5,0.2,-0.0047144741278415565,-0.008177448789571603,-0.024739165367944627,-0.04716027269350298,0.6248293159922054
reversal_fundamental_regime,xgb_d2_200_lr003_mcw5,10,valid,50.0,all_days,0.8,0.5518465042114258,0.45484442195800656,2022-05-11,2025-06-20,2025-06-23,2025-12-23,2025-12-24,2026-04-01,26,0.4230769230769231,0.0014609178065552683,-0.0006063725566937649,0.034988811424043975,-0.07053390284450167,1.2825329994166161
reversal_fundamental_regime,xgb_d2_200_lr003_mcw5,10,test,50.0,all_days,0.8,0.5518465042114258,0.49999999999999994,2022-05-11,2025-06-20,2025-06-23,2025-12-23,2025-12-24,2026-04-01,9,0.3333333333333333,-0.004257976805948448,-0.012339086251067496,-0.03902280329230645,-0.06432190188494935,0.5598516153727178
reversal_fundamental_regime,xgb_d3_400_lr003_mcw3,1,valid,50.0,all_days,0.7,0.6340484917163849,0.49402286902286896,2020-01-02,2023-02-16,2023-02-17,2023-08-21,2023-08-22,2023-11-24,38,0.47368421052631576,1.886432184892965e-05,-0.0008243907115923453,-0.0028383356414269922,-0.050509236966920334,1.00380876460381
reversal_fundamental_regime,xgb_d3_400_lr003_mcw3,1,test,50.0,all_days,0.7,0.6340484917163849,0.5557809330628803,2020-01-02,2023-02-16,2023-02-17,2023-08-21,2023-08-22,2023-11-24,9,0.5555555555555556,-0.00043161053162281914,0.0017912650159352984,-0.009078228219684736,-0.09732241073174219,0.9608428719009471
reversal_fundamental_regime,xgb_d3_400_lr003_mcw3,2,valid,50.0,all_days,0.7,0.6155675053596497,0.4902605615987857,2020-04-09,2023-05-22,2023-05-23,2023-11-24,2023-11-27,2024-03-01,38,0.5263157894736842,0.0036231621588866977,0.00090309363726793,0.1410918600517761,-0.05564076877561974,2.03341001984619
reversal_fundamental_regime,xgb_d3_400_lr003_mcw3,2,test,50.0,all_days,0.7,0.6155675053596497,0.4553752535496957,2020-04-09,2023-05-22,2023-05-23,2023-11-24,2023-11-27,2024-03-01,33,0.3939393939393939,-0.0031805839776890285,-0.004173002251688703,-0.1027361474369447,-0.11453983842779625,0.5725502019691183
reversal_fundamental_regime,xgb_d3_400_lr003_mcw3,3,valid,50.0,all_days,0.7,0.529226154088974,0.4992393509127789,2020-07-14,2023-08-21,2023-08-22,2024-03-01,2024-03-04,2024-06-05,38,0.5,0.0026558086008764744,0.0008106325079676492,0.09927631317876018,-0.09045218496008489,1.5262580678859121
reversal_fundamental_regime,xgb_d3_400_lr003_mcw3,3,test,50.0,all_days,0.7,0.529226154088974,0.554766734279919,2020-07-14,2023-08-21,2023-08-22,2024-03-01,2024-03-04,2024-06-05,17,0.5882352941176471,0.004724769717361848,0.003996666666666652,0.08122309257463267,-0.023648946119153358,2.2504462795158156
reversal_fundamental_regime,xgb_d3_400_lr003_mcw3,4,valid,50.0,all_days,0.7,0.6355841159820557,0.4890400604686319,2020-10-19,2023-11-24,2023-11-27,2024-06-05,2024-06-06,2024-09-03,38,0.5263157894736842,0.0022144077045154462,0.0026601354401806256,0.08301383568683307,-0.03717941507384548,1.4596886790850043
reversal_fundamental_regime,xgb_d3_400_lr003_mcw3,4,test,50.0,all_days,0.7,0.6355841159820557,0.6378205128205128,2020-10-19,2023-11-24,2023-11-27,2024-06-05,2024-06-06,2024-09-03,3,0.3333333333333333,-0.0035777050543358523,-0.0030226970954357855,-0.011311720315370977,-0.03166272324848263,0.6619443995762572
reversal_fundamental_regime,xgb_d3_400_lr003_mcw3,5,valid,50.0,all_days,0.8,0.5046678781509399,0.5960953346855984,2021-01-15,2024-03-01,2024-03-04,2024-09-03,2024-09-04,2024-12-10,26,0.5769230769230769,0.003844695387418111,0.0025034875444839323,0.10063920276858518,-0.048698381320604445,1.8130525857527708
reversal_fundamental_regime,xgb_d3_400_lr003_mcw3,5,test,50.0,all_days,0.8,0.5046678781509399,0.6101010101010101,2021-01-15,2024-03-01,2024-03-04,2024-09-03,2024-09-04,2024-12-10,26,0.6538461538461539,0.00934190132161561,0.002548622232092849,0.2608505728454382,-0.04806161101311368,2.865184052523347
reversal_fundamental_regime,xgb_d3_400_lr003_mcw3,6,valid,50.0,all_days,0.8,0.6423922181129456,0.6337448559670783,2021-04-22,2024-06-05,2024-06-06,2024-12-10,2024-12-11,2025-03-18,26,0.5384615384615384,0.008735433798069328,0.0007831756301850436,0.24000888704363965,-0.06177278593684543,2.455046489234729
reversal_fundamental_regime,xgb_d3_400_lr003_mcw3,6,test,50.0,all_days,0.8,0.6423922181129456,0.41326530612244905,2021-04-22,2024-06-05,2024-06-06,2024-12-10,2024-12-11,2025-03-18,29,0.4827586206896552,-0.0005446693134559129,-0.0007131830526887449,-0.017702824591115274,-0.07980046537032004,0.8976737845356966
reversal_fundamental_regime,xgb_d3_400_lr003_mcw3,7,valid,50.0,all_days,0.8,0.7054244875907898,0.5513240857503153,2021-07-26,2024-09-03,2024-09-04,2025-03-18,2025-03-19,2025-06-20,26,0.6153846153846154,0.005130034922848076,0.002523325619049558,0.13623325743393644,-0.0347531244245084,2.227277618375481
reversal_fundamental_regime,xgb_d3_400_lr003_mcw3,7,test,50.0,all_days,0.8,0.7054244875907898,0.42099792099792094,2021-07-26,2024-09-03,2024-09-04,2025-03-18,2025-03-19,2025-06-20,4,0.0,-0.00791764278263021,-0.008650706782713676,-0.031346388874594844,-0.025573579094870347,0.0
reversal_fundamental_regime,xgb_d3_400_lr003_mcw3,8,valid,50.0,all_days,0.8,0.7390020489692688,0.49205548549810846,2021-11-01,2024-12-10,2024-12-11,2025-06-20,2025-06-23,2025-09-17,26,0.5,0.0013172547168849168,0.00023683452521605988,0.03137818571761497,-0.06154811794023052,1.2771821452755905
reversal_fundamental_regime,xgb_d3_400_lr003_mcw3,8,test,50.0,all_days,0.8,0.7390020489692688,0.45267489711934156,2021-11-01,2024-12-10,2024-12-11,2025-06-20,2025-06-23,2025-09-17,5,0.6,0.0052253848398417435,0.0031889251439538614,0.026205032192972766,-0.006801603018522839,4.508062067314469
reversal_fundamental_regime,xgb_d3_400_lr003_mcw3,9,valid,50.0,all_days,0.5,0.5442320704460144,0.4359879032258065,2022-01-28,2025-03-18,2025-03-19,2025-09-17,2025-09-18,2025-12-23,63,0.4444444444444444,0.0014475319879286121,-0.0006795541401273218,0.08751844821743693,-0.044363761411622904,1.3416170935628076
reversal_fundamental_regime,xgb_d3_400_lr003_mcw3,9,test,50.0,all_days,0.5,0.5442320704460144,0.5021739130434782,2022-01-28,2025-03-18,2025-03-19,2025-09-17,2025-09-18,2025-12-23,37,0.40540540540540543,-0.002232734757731699,-0.0024247914317925244,-0.08338891823433214,-0.10704044225417686,0.6867826056437403
reversal_fundamental_regime,xgb_d3_400_lr003_mcw3,10,valid,50.0,all_days,0.7,0.48751839995384216,0.39817859853275994,2022-05-11,2025-06-20,2025-06-23,2025-12-23,2025-12-24,2026-04-01,38,0.42105263157894735,0.00047116138929078217,-0.0006063725566937649,0.013777163319858676,-0.09862156176035519,1.0944978847233624
reversal_fundamental_regime,xgb_d3_400_lr003_mcw3,10,test,50.0,all_days,0.7,0.48751839995384216,0.5473251028806584,2022-05-11,2025-06-20,2025-06-23,2025-12-23,2025-12-24,2026-04-01,19,0.42105263157894735,-0.00127810739283821,-0.006151627857295502,-0.02762142124619904,-0.09525267634348866,0.8500666020941712
reversal_fundamental_regime,xgb_d3_600_lr002_mcw3,1,valid,50.0,all_days,0.6,0.5871237516403198,0.49194386694386694,2020-01-02,2023-02-16,2023-02-17,2023-08-21,2023-08-22,2023-11-24,51,0.43137254901960786,-0.00041966976101712666,-0.001112285041225066,-0.02507496413559962,-0.08189574908607578,0.9115260847941666
reversal_fundamental_regime,xgb_d3_600_lr002_mcw3,1,test,50.0,all_days,0.6,0.5871237516403198,0.5578093306288032,2020-01-02,2023-02-16,2023-02-17,2023-08-21,2023-08-22,2023-11-24,20,0.45,0.002804377898686864,-0.0011954900376018839,0.05003788668932563,-0.09630554908724032,1.4060186347734074
reversal_fundamental_regime,xgb_d3_600_lr002_mcw3,2,valid,50.0,all_days,0.8,0.6385999321937561,0.4925373134328358,2020-04-09,2023-05-22,2023-05-23,2023-11-24,2023-11-27,2024-03-01,26,0.5769230769230769,0.004000331427856419,0.00179319207564144,0.10461732452976613,-0.05722685646927772,2.0073792213468837
reversal_fundamental_regime,xgb_d3_600_lr002_mcw3,2,test,50.0,all_days,0.8,0.6385999321937561,0.46247464503042596,2020-04-09,2023-05-22,2023-05-23,2023-11-24,2023-11-27,2024-03-01,27,0.4444444444444444,-0.0022799598110742844,-0.002250083203328309,-0.06260668855858365,-0.09284535115151504,0.6839148545219448
reversal_fundamental_regime,xgb_d3_600_lr002_mcw3,3,valid,50.0,all_days,0.7,0.5158623456954956,0.5053245436105477,2020-07-14,2023-08-21,2023-08-22,2024-03-01,2024-03-04,2024-06-05,38,0.5526315789473685,0.005042892528385012,0.003666941828519347,0.20141888162695376,-0.08103171156177902,2.0813015147422034
reversal_fundamental_regime,xgb_d3_600_lr002_mcw3,3,test,50.0,all_days,0.7,0.5158623456954956,0.5476673427991886,2020-07-14,2023-08-21,2023-08-22,2024-03-01,2024-03-04,2024-06-05,21,0.5238095238095238,0.0018303938158742465,0.0023299999999999467,0.03719531851440916,-0.03849874253856411,1.4142997845445329
reversal_fundamental_regime,xgb_d3_600_lr002_mcw3,4,valid,50.0,all_days,0.7,0.6297599971294403,0.4827412446460065,2020-10-19,2023-11-24,2023-11-27,2024-06-05,2024-06-06,2024-09-03,38,0.5263157894736842,0.004482874549044382,0.0026601354401806256,0.17916394835458926,-0.03662030594717347,2.039865929509751
reversal_fundamental_regime,xgb_d3_600_lr002_mcw3,4,test,50.0,all_days,0.7,0.6297599971294403,0.6089743589743589,2020-10-19,2023-11-24,2023-11-27,2024-06-05,2024-06-06,2024-09-03,1,0.0,-0.0030226970954357855,-0.0030226970954357855,-0.003022697095435789,0.0,0.0
reversal_fundamental_regime,xgb_d3_600_lr002_mcw3,5,valid,50.0,all_days,0.5,0.4028986096382141,0.6016734279918865,2021-01-15,2024-03-01,2024-03-04,2024-09-03,2024-09-04,2024-12-10,63,0.5714285714285714,0.005157863761126601,0.0026826970954356745,0.3691606792093929,-0.054135325514842014,2.1204514439504636
reversal_fundamental_regime,xgb_d3_600_lr002_mcw3,5,test,50.0,all_days,0.5,0.4028986096382141,0.5939393939393939,2021-01-15,2024-03-01,2024-03-04,2024-09-03,2024-09-04,2024-12-10,46,0.5,0.0035988480173525512,-0.00017092345767177539,0.163965463070588,-0.08024934276307005,1.5781089340201173
reversal_fundamental_regime,xgb_d3_600_lr002_mcw3,6,valid,50.0,all_days,0.6,0.5520050525665283,0.6265432098765432,2021-04-22,2024-06-05,2024-06-06,2024-12-10,2024-12-11,2025-03-18,51,0.5882352941176471,0.00526731326785236,0.0012602741358760418,0.28850801347579,-0.07450183575642666,1.9202649191617533
reversal_fundamental_regime,xgb_d3_600_lr002_mcw3,6,test,50.0,all_days,0.6,0.5520050525665283,0.41020408163265304,2021-04-22,2024-06-05,2024-06-06,2024-12-10,2024-12-11,2025-03-18,49,0.5102040816326531,-0.0002489950330531275,0.0005894936708861244,-0.016514824735287092,-0.10888582997515461,0.952498897604406
reversal_fundamental_regime,xgb_d3_600_lr002_mcw3,7,valid,50.0,all_days,0.6,0.6342907547950745,0.5573770491803279,2021-07-26,2024-09-03,2024-09-04,2025-03-18,2025-03-19,2025-06-20,51,0.5686274509803921,0.004855746346694117,0.0017615673289184154,0.26500349857084293,-0.07844076643513131,1.942912600061068
reversal_fundamental_regime,xgb_d3_600_lr002_mcw3,7,test,50.0,all_days,0.6,0.6342907547950745,0.4345114345114345,2021-07-26,2024-09-03,2024-09-04,2025-03-18,2025-03-19,2025-06-20,14,0.21428571428571427,-0.0018460749735796094,-0.005298846634976314,-0.02644411445856687,-0.02684709440975719,0.6692783440709367
reversal_fundamental_regime,xgb_d3_600_lr002_mcw3,8,valid,50.0,all_days,0.8,0.7348116040229797,0.4842370744010088,2021-11-01,2024-12-10,2024-12-11,2025-06-20,2025-06-23,2025-09-17,26,0.5,0.00039944951286679153,0.00023683452521605988,0.007735641816416727,-0.07646020155882982,1.0847796302168906
reversal_fundamental_regime,xgb_d3_600_lr002_mcw3,8,test,50.0,all_days,0.8,0.7348116040229797,0.47016460905349794,2021-11-01,2024-12-10,2024-12-11,2025-06-20,2025-06-23,2025-09-17,3,0.6666666666666666,0.004376729583093434,0.0031889251439538614,0.013047649213109747,-0.006801603018522728,2.93045502854592
reversal_fundamental_regime,xgb_d3_600_lr002_mcw3,9,valid,50.0,all_days,0.5,0.5634250044822693,0.4415322580645161,2022-01-28,2025-03-18,2025-03-19,2025-09-17,2025-09-18,2025-12-23,63,0.4126984126984127,0.0005015491836974877,-0.0029347809442791216,0.024731928426258154,-0.09931697681723861,1.104488112720915
reversal_fundamental_regime,xgb_d3_600_lr002_mcw3,9,test,50.0,all_days,0.5,0.5634250044822693,0.48586956521739133,2022-01-28,2025-03-18,2025-03-19,2025-09-17,2025-09-18,2025-12-23,33,0.36363636363636365,-0.003139681843260149,-0.0038115132510621007,-0.10223469842685495,-0.09787004875002292,0.5931816165212371
reversal_fundamental_regime,xgb_d3_600_lr002_mcw3,10,valid,50.0,all_days,0.6,0.46933382749557495,0.39008348090058187,2022-05-11,2025-06-20,2025-06-23,2025-12-23,2025-12-24,2026-04-01,51,0.4117647058823529,-0.00014116368981489233,-0.0028252287581700362,-0.012754991465266041,-0.08909319524167203,0.9741533409788364
reversal_fundamental_regime,xgb_d3_600_lr002_mcw3,10,test,50.0,all_days,0.6,0.46933382749557495,0.5390946502057613,2022-05-11,2025-06-20,2025-06-23,2025-12-23,2025-12-24,2026-04-01,27,0.48148148148148145,0.0011699037816021007,-0.00016999999999999999,0.02793815557528645,-0.12017942192595421,1.1911751861181725
reversal_fundamental_regime,xgb_d4_500_lr002_mcw5,1,valid,50.0,all_days,0.6,0.5957162976264954,0.4786902286902287,2020-01-02,2023-02-16,2023-02-17,2023-08-21,2023-08-22,2023-11-24,51,0.43137254901960786,-0.0007722428188811833,-0.001413265644426006,-0.0425794622529172,-0.08401447369433923,0.8475137297641884
reversal_fundamental_regime,xgb_d4_500_lr002_mcw5,1,test,50.0,all_days,0.6,0.5957162976264954,0.5344827586206896,2020-01-02,2023-02-16,2023-02-17,2023-08-21,2023-08-22,2023-11-24,24,0.4583333333333333,-0.0005437002292031007,-0.0011954900376018839,-0.020979619240257597,-0.1673666796368124,0.9332712248485613
reversal_fundamental_regime,xgb_d4_500_lr002_mcw5,2,valid,50.0,all_days,0.8,0.612459659576416,0.4722995193523906,2020-04-09,2023-05-22,2023-05-23,2023-11-24,2023-11-27,2024-03-01,26,0.46153846153846156,0.0029010125318568556,-0.000403426704014994,0.07375399091890666,-0.06276204234342919,1.7453400302715876
reversal_fundamental_regime,xgb_d4_500_lr002_mcw5,2,test,50.0,all_days,0.8,0.612459659576416,0.48782961460446245,2020-04-09,2023-05-22,2023-05-23,2023-11-24,2023-11-27,2024-03-01,28,0.5357142857142857,0.000992222077120555,0.0037638535094313176,0.024851533208876786,-0.05512137177014598,1.1718510978124919
reversal_fundamental_regime,xgb_d4_500_lr002_mcw5,3,valid,50.0,all_days,0.6,0.5310245156288147,0.5114097363083164,2020-07-14,2023-08-21,2023-08-22,2024-03-01,2024-03-04,2024-06-05,51,0.47058823529411764,0.0019803685062162652,-0.0006735246727089771,0.09337420126120999,-0.13783194016067601,1.3207719526199686
reversal_fundamental_regime,xgb_d4_500_lr002_mcw5,3,test,50.0,all_days,0.6,0.5310245156288147,0.539553752535497,2020-07-14,2023-08-21,2023-08-22,2024-03-01,2024-03-04,2024-06-05,21,0.5238095238095238,0.0032713399610807582,0.0023299999999999467,0.06794174191289226,-0.04935246421186301,1.7549264671360036
reversal_fundamental_regime,xgb_d4_500_lr002_mcw5,4,valid,50.0,all_days,0.6,0.5958856344223022,0.44293272864701433,2020-10-19,2023-11-24,2023-11-27,2024-06-05,2024-06-06,2024-09-03,51,0.45098039215686275,0.0011132993820921187,-0.002196855839878383,0.05000310687315679,-0.09777281216314493,1.1797792052326446
reversal_fundamental_regime,xgb_d4_500_lr002_mcw5,4,test,50.0,all_days,0.6,0.5958856344223022,0.6645299145299145,2020-10-19,2023-11-24,2023-11-27,2024-06-05,2024-06-06,2024-09-03,4,0.25,-0.005860169044497706,-0.004323621274990638,-0.02369281314393501,-0.037109180276902465,0.3728096364740932
reversal_fundamental_regime,xgb_d4_500_lr002_mcw5,5,valid,50.0,all_days,0.6,0.43833833932876587,0.6229716024340771,2021-01-15,2024-03-01,2024-03-04,2024-09-03,2024-09-04,2024-12-10,51,0.5882352941176471,0.005009417610365166,0.0027169642460580547,0.2790126974783069,-0.05373569272517553,2.0018293419435866
reversal_fundamental_regime,xgb_d4_500_lr002_mcw5,5,test,50.0,all_days,0.6,0.43833833932876587,0.6434343434343435,2021-01-15,2024-03-01,2024-03-04,2024-09-03,2024-09-04,2024-12-10,46,0.5217391304347826,0.004185431666116975,9.157818748540064e-05,0.19583851021458587,-0.07450183575642677,1.6955780937874425
reversal_fundamental_regime,xgb_d4_500_lr002_mcw5,6,valid,50.0,all_days,0.7,0.5793662965297699,0.6430041152263375,2021-04-22,2024-06-05,2024-06-06,2024-12-10,2024-12-11,2025-03-18,38,0.5789473684210527,0.008734550264740584,0.0007831756301850436,0.3727766363756446,-0.055775406263482874,2.514487307868137
reversal_fundamental_regime,xgb_d4_500_lr002_mcw5,6,test,50.0,all_days,0.7,0.5793662965297699,0.4561224489795918,2021-04-22,2024-06-05,2024-06-06,2024-12-10,2024-12-11,2025-03-18,37,0.4864864864864865,-0.0009026330423565592,-0.0007131830526887449,-0.03509120771489649,-0.09606952777282873,0.8249287246256698
reversal_fundamental_regime,xgb_d4_500_lr002_mcw5,7,valid,50.0,all_days,0.5,0.6026058495044708,0.5339218158890291,2021-07-26,2024-09-03,2024-09-04,2025-03-18,2025-03-19,2025-06-20,63,0.5396825396825397,0.0034658634068517043,0.0011868521031208647,0.22736534754038829,-0.08651102232827335,1.649831288510416
reversal_fundamental_regime,xgb_d4_500_lr002_mcw5,7,test,50.0,all_days,0.5,0.6026058495044708,0.4553014553014553,2021-07-26,2024-09-03,2024-09-04,2025-03-18,2025-03-19,2025-06-20,10,0.4,0.0016122623958998918,-0.0020501834216515823,0.015481996905843287,-0.024910953296189975,1.4322332163749465
reversal_fundamental_regime,xgb_d4_500_lr002_mcw5,8,valid,50.0,all_days,0.8,0.6781259775161743,0.47894073139974774,2021-11-01,2024-12-10,2024-12-11,2025-06-20,2025-06-23,2025-09-17,26,0.46153846153846156,8.226380793012306e-06,-0.0008191399783957186,-0.002664712601474939,-0.06804105264665428,1.0015728506169934
reversal_fundamental_regime,xgb_d4_500_lr002_mcw5,8,test,50.0,all_days,0.8,0.6781259775161743,0.48148148148148157,2021-11-01,2024-12-10,2024-12-11,2025-06-20,2025-06-23,2025-09-17,3,1.0,0.025604807782250164,0.016742866623849165,0.07800462492609661,0.0,inf
reversal_fundamental_regime,xgb_d4_500_lr002_mcw5,9,valid,50.0,all_days,0.5,0.5295588374137878,0.4742943548387097,2022-01-28,2025-03-18,2025-03-19,2025-09-17,2025-09-18,2025-12-23,63,0.49206349206349204,0.00232419672543258,-0.0003815059221657889,0.1492170898390368,-0.04537708552950015,1.5989439138123258
reversal_fundamental_regime,xgb_d4_500_lr002_mcw5,9,test,50.0,all_days,0.5,0.5295588374137878,0.5021739130434782,2022-01-28,2025-03-18,2025-03-19,2025-09-17,2025-09-18,2025-12-23,36,0.4166666666666667,-0.002539730829330724,-0.002840605592439479,-0.09150710509685778,-0.115641196909812,0.6580927643145499
reversal_fundamental_regime,xgb_d4_500_lr002_mcw5,10,valid,50.0,all_days,0.5,0.40731707215309143,0.41183910953706043,2022-05-11,2025-06-20,2025-06-23,2025-12-23,2025-12-24,2026-04-01,63,0.42857142857142855,-8.002513850196033e-06,-0.0005742037186741121,-0.007586775739636509,-0.12594569005121348,0.9985353987623317
reversal_fundamental_regime,xgb_d4_500_lr002_mcw5,10,test,50.0,all_days,0.5,0.40731707215309143,0.5421810699588476,2022-05-11,2025-06-20,2025-06-23,2025-12-23,2025-12-24,2026-04-01,41,0.43902439024390244,-0.0009928702225254133,-0.0029442210840803194,-0.046338879694770796,-0.1222807407114449,0.8710384987908459
reversal_fundamental_regime,extra_trees_600_d3,1,valid,50.0,all_days,0.8,0.4964862173748332,0.5402806652806653,2020-01-02,2023-02-16,2023-02-17,2023-08-21,2023-08-22,2023-11-24,26,0.5,-0.00030549705942280555,0.0003061904761904079,-0.009973704198520617,-0.06984969317882417,0.933754242310035
reversal_fundamental_regime,extra_trees_600_d3,1,test,50.0,all_days,0.8,0.4964862173748332,0.5841784989858012,2020-01-02,2023-02-16,2023-02-17,2023-08-21,2023-08-22,2023-11-24,27,0.5925925925925926,0.005415590198476216,0.0040272717733471665,0.14731579039839415,-0.10053709195719196,1.9746331090210916
reversal_fundamental_regime,extra_trees_600_d3,2,valid,50.0,all_days,0.8,0.48834444147287304,0.5239058942575259,2020-04-09,2023-05-22,2023-05-23,2023-11-24,2023-11-27,2024-03-01,26,0.5769230769230769,0.005507381433825082,0.0025508655095195544,0.14434685262690872,-0.07644342306677221,2.121398152470824
reversal_fundamental_regime,extra_trees_600_d3,2,test,50.0,all_days,0.8,0.48834444147287304,0.4624746450304259,2020-04-09,2023-05-22,2023-05-23,2023-11-24,2023-11-27,2024-03-01,33,0.42424242424242425,-0.001822718446296092,-0.002196855839878383,-0.06093619535566486,-0.059097782584270786,0.6955020575782124
reversal_fundamental_regime,extra_trees_600_d3,3,valid,50.0,all_days,0.7,0.5018994391055431,0.5666835699797161,2020-07-14,2023-08-21,2023-08-22,2024-03-01,2024-03-04,2024-06-05,38,0.5526315789473685,0.004263395001686394,0.0035265304849266856,0.1631350779137144,-0.08041677717631046,1.688293540361057
reversal_fundamental_regime,extra_trees_600_d3,3,test,50.0,all_days,0.7,0.5018994391055431,0.5405679513184584,2020-07-14,2023-08-21,2023-08-22,2024-03-01,2024-03-04,2024-06-05,16,0.5,0.0016592436974576558,0.0011112299807815064,0.025604007468477574,-0.02594379136176128,1.4505242346143719
reversal_fundamental_regime,extra_trees_600_d3,4,valid,50.0,all_days,0.5,0.49074932493579243,0.4978584026203074,2020-10-19,2023-11-24,2023-11-27,2024-06-05,2024-06-06,2024-09-03,63,0.49206349206349204,0.0018030764812782681,-0.00016999999999999999,0.10996995422619937,-0.11788514922582016,1.3309516540150803
reversal_fundamental_regime,extra_trees_600_d3,4,test,50.0,all_days,0.5,0.49074932493579243,0.6527777777777778,2020-10-19,2023-11-24,2023-11-27,2024-06-05,2024-06-06,2024-09-03,9,0.6666666666666666,0.0032464449660242235,0.00623176600441511,0.02870076940554256,-0.03166272324848274,1.7641621764827333
reversal_fundamental_regime,extra_trees_600_d3,5,valid,50.0,all_days,0.7,0.4892386434431155,0.5945740365111561,2021-01-15,2024-03-01,2024-03-04,2024-09-03,2024-09-04,2024-12-10,38,0.5526315789473685,0.0057113921454965185,0.0023612299807814797,0.2344562729874824,-0.03166272324848263,2.497299630126707
reversal_fundamental_regime,extra_trees_600_d3,5,test,50.0,all_days,0.7,0.4892386434431155,0.5707070707070707,2021-01-15,2024-03-01,2024-03-04,2024-09-03,2024-09-04,2024-12-10,45,0.5111111111111111,0.0019621239633515457,9.062027625739505e-05,0.07367876351936964,-0.15119113192348244,1.23328479062659
reversal_fundamental_regime,extra_trees_600_d3,6,valid,50.0,all_days,0.8,0.5139788603642592,0.5887345679012346,2021-04-22,2024-06-05,2024-06-06,2024-12-10,2024-12-11,2025-03-18,26,0.6923076923076923,0.013806822263202682,0.011794510556765284,0.41338990688320054,-0.04275356084160975,3.7459014458902042
reversal_fundamental_regime,extra_trees_600_d3,6,test,50.0,all_days,0.8,0.5139788603642592,0.4275510204081633,2021-04-22,2024-06-05,2024-06-06,2024-12-10,2024-12-11,2025-03-18,5,0.6,0.002689410795267392,0.0034261983046495227,0.013188214858562253,-0.013255579691180408,1.7986299415358586
reversal_fundamental_regime,extra_trees_600_d3,7,valid,50.0,all_days,0.7,0.4988964307782212,0.5475409836065575,2021-07-26,2024-09-03,2024-09-04,2025-03-18,2025-03-19,2025-06-20,38,0.5526315789473685,2.4412663579084015e-05,0.0015109207323972286,-0.0032862843275436315,-0.07720487111134344,1.0042703292435837
reversal_fundamental_regime,extra_trees_600_d3,7,test,50.0,all_days,0.7,0.4988964307782212,0.5893970893970893,2021-07-26,2024-09-03,2024-09-04,2025-03-18,2025-03-19,2025-06-20,14,0.42857142857142855,0.0045253099334651645,-0.004047095118162921,0.06220436658838446,-0.0256616350886254,1.9843111699684215
reversal_fundamental_regime,extra_trees_600_d3,8,valid,50.0,all_days,0.8,0.5259584883346758,0.5861286254728877,2021-11-01,2024-12-10,2024-12-11,2025-06-20,2025-06-23,2025-09-17,26,0.5,0.002821884830322627,-0.001185429010600255,0.07002085869956742,-0.061979754476143234,1.4637210440695074
reversal_fundamental_regime,extra_trees_600_d3,8,test,50.0,all_days,0.8,0.5259584883346758,0.6502057613168725,2021-11-01,2024-12-10,2024-12-11,2025-06-20,2025-06-23,2025-09-17,2,0.5,-0.0038612168311906135,-0.0038612168311906135,-0.007749508665183091,-0.010340722847802408,0.2532017561980798
reversal_fundamental_regime,extra_trees_600_d3,9,valid,50.0,all_days,0.5,0.512886214985875,0.47353830645161293,2022-01-28,2025-03-18,2025-03-19,2025-09-17,2025-09-18,2025-12-23,63,0.4603174603174603,0.002574340212694991,-0.0006460771244941564,0.1669580844937233,-0.07166517389987515,1.6895934474870828
reversal_fundamental_regime,extra_trees_600_d3,9,test,50.0,all_days,0.5,0.512886214985875,0.5978260869565218,2022-01-28,2025-03-18,2025-03-19,2025-09-17,2025-09-18,2025-12-23,7,0.42857142857142855,-0.000305723223099214,-0.0005742037186741121,-0.0029618806129515507,-0.038426629004629564,0.9470085321017264
reversal_fundamental_regime,extra_trees_600_d3,10,valid,50.0,all_days,0.7,0.4776207425222938,0.568682013660511,2022-05-11,2025-06-20,2025-06-23,2025-12-23,2025-12-24,2026-04-01,38,0.5526315789473685,0.0034650290283226477,0.002007434409943002,0.13384436982001247,-0.07159487988714175,1.7822667199289342
reversal_fundamental_regime,extra_trees_600_d3,10,test,50.0,all_days,0.7,0.4776207425222938,0.5349794238683128,2022-05-11,2025-06-20,2025-06-23,2025-12-23,2025-12-24,2026-04-01,34,0.4117647058823529,-0.003248706391693847,-0.0025901683932798535,-0.1089094920888084,-0.14866204092789959,0.5852252639107051
reversal_fundamental_regime,random_forest_600_d4,1,valid,50.0,all_days,0.7,0.5182529348621671,0.5699064449064449,2020-01-02,2023-02-16,2023-02-17,2023-08-21,2023-08-22,2023-11-24,38,0.47368421052631576,0.0013853635934684583,-0.00016999999999999999,0.0510054413912826,-0.036996033590653066,1.4069975431751753
reversal_fundamental_regime,random_forest_600_d4,1,test,50.0,all_days,0.7,0.5182529348621671,0.5547667342799188,2020-01-02,2023-02-16,2023-02-17,2023-08-21,2023-08-22,2023-11-24,32,0.46875,0.0015951674130411377,-0.0004172799208704246,0.04212328292016587,-0.15760944429056112,1.2317725706874199
reversal_fundamental_regime,random_forest_600_d4,2,valid,50.0,all_days,0.8,0.5307829011469685,0.5327599291677207,2020-04-09,2023-05-22,2023-05-23,2023-11-24,2023-11-27,2024-03-01,26,0.6153846153846154,0.0046509097651173765,0.002982399743401313,0.11883405068487374,-0.09847522866696812,1.8032569069407522
reversal_fundamental_regime,random_forest_600_d4,2,test,50.0,all_days,0.8,0.5307829011469685,0.46450304259634884,2020-04-09,2023-05-22,2023-05-23,2023-11-24,2023-11-27,2024-03-01,24,0.4166666666666667,-0.0017884984479586011,-0.002597033040738047,-0.04430872989924395,-0.061234592527889986,0.7306356903069482
reversal_fundamental_regime,random_forest_600_d4,3,valid,50.0,all_days,0.8,0.526952101985889,0.5261156186612577,2020-07-14,2023-08-21,2023-08-22,2024-03-01,2024-03-04,2024-06-05,26,0.5769230769230769,0.004781457381921961,0.003666941828519347,0.121422308442942,-0.07644342306677221,1.6664263878902588
reversal_fundamental_regime,random_forest_600_d4,3,test,50.0,all_days,0.8,0.526952101985889,0.5517241379310345,2020-07-14,2023-08-21,2023-08-22,2024-03-01,2024-03-04,2024-06-05,8,0.5,0.005432528761835868,0.002137692307692233,0.04335546712153748,-0.022657936178193117,2.9041732953583312
reversal_fundamental_regime,random_forest_600_d4,4,valid,50.0,all_days,0.8,0.5232023530478588,0.4764424288233812,2020-10-19,2023-11-24,2023-11-27,2024-06-05,2024-06-06,2024-09-03,26,0.4230769230769231,0.0016515488609816684,-0.0040536977600338885,0.040213864135351995,-0.05014474311080441,1.2875485806966123
reversal_fundamental_regime,random_forest_600_d4,4,test,50.0,all_days,0.8,0.5232023530478588,0.6282051282051282,2020-10-19,2023-11-24,2023-11-27,2024-06-05,2024-06-06,2024-09-03,6,0.6666666666666666,0.003363607531496435,0.003143520983734941,0.019332963275947135,-0.03166272324848274,1.6356512604479823
reversal_fundamental_regime,random_forest_600_d4,5,valid,50.0,all_days,0.7,0.48423171194077375,0.5996450304259635,2021-01-15,2024-03-01,2024-03-04,2024-09-03,2024-09-04,2024-12-10,38,0.631578947368421,0.007603369860911889,0.004221025641025559,0.32647170441801654,-0.028726858745538042,3.651309282411878
reversal_fundamental_regime,random_forest_600_d4,5,test,50.0,all_days,0.7,0.48423171194077375,0.5616161616161616,2021-01-15,2024-03-01,2024-03-04,2024-09-03,2024-09-04,2024-12-10,38,0.5,0.004919194991212095,-0.00017092345767177539,0.18936833618156657,-0.07853836268789893,1.7583145447854545
reversal_fundamental_regime,random_forest_600_d4,6,valid,50.0,all_days,0.8,0.5450214964115359,0.5992798353909465,2021-04-22,2024-06-05,2024-06-06,2024-12-10,2024-12-11,2025-03-18,26,0.6153846153846154,0.011180775638522615,0.002272679022528371,0.320966750084851,-0.06177278593684543,3.1537918159374647
reversal_fundamental_regime,random_forest_600_d4,6,test,50.0,all_days,0.8,0.5450214964115359,0.40816326530612246,2021-04-22,2024-06-05,2024-06-06,2024-12-10,2024-12-11,2025-03-18,20,0.5,-0.0013701163596832732,-0.001185429010600255,-0.0290806375733883,-0.07849875154324393,0.8010816149861835
reversal_fundamental_regime,random_forest_600_d4,7,valid,50.0,all_days,0.8,0.5507132979054966,0.5616645649432535,2021-07-26,2024-09-03,2024-09-04,2025-03-18,2025-03-19,2025-06-20,26,0.6153846153846154,0.0051163610857520156,0.003314790672454885,0.13353752223706516,-0.04370430087324517,1.9719388608313322
reversal_fundamental_regime,random_forest_600_d4,7,test,50.0,all_days,0.8,0.5507132979054966,0.4355509355509355,2021-07-26,2024-09-03,2024-09-04,2025-03-18,2025-03-19,2025-06-20,11,0.36363636363636365,0.004175995925951406,-0.004673377533149999,0.04365950506706251,-0.0337463351772882,1.6338817380610202
reversal_fundamental_regime,random_forest_600_d4,8,valid,50.0,all_days,0.6,0.5420011494002905,0.49684741488020173,2021-11-01,2024-12-10,2024-12-11,2025-06-20,2025-06-23,2025-09-17,51,0.47058823529411764,0.0004690571268087837,-0.0035820734908136274,0.01653357885819795,-0.10185762288471345,1.0767810974388434
reversal_fundamental_regime,random_forest_600_d4,8,test,50.0,all_days,0.6,0.5420011494002905,0.6039094650205761,2021-11-01,2024-12-10,2024-12-11,2025-06-20,2025-06-23,2025-09-17,6,0.6666666666666666,0.0009147043987348518,0.002007434409943002,0.005425731365365616,-0.006801603018522728,1.502990362284655
reversal_fundamental_regime,random_forest_600_d4,9,valid,50.0,all_days,0.8,0.5584456005406224,0.49369959677419356,2022-01-28,2025-03-18,2025-03-19,2025-09-17,2025-09-18,2025-12-23,26,0.5,0.001959223058859862,0.0005063216263982463,0.049095380456880555,-0.03745440344198492,1.5335430793730618
reversal_fundamental_regime,random_forest_600_d4,9,test,50.0,all_days,0.8,0.5584456005406224,0.575,2022-01-28,2025-03-18,2025-03-19,2025-09-17,2025-09-18,2025-12-23,0,,,,,,
reversal_fundamental_regime,random_forest_600_d4,10,valid,50.0,all_days,0.8,0.48419631459525825,0.4902605615987857,2022-05-11,2025-06-20,2025-06-23,2025-12-23,2025-12-24,2026-04-01,26,0.5,0.0018510376106892763,0.0012241445927105889,0.046179315298194856,-0.05959342749958085,1.3779083013562947
reversal_fundamental_regime,random_forest_600_d4,10,test,50.0,all_days,0.8,0.48419631459525825,0.5277777777777778,2022-05-11,2025-06-20,2025-06-23,2025-12-23,2025-12-24,2026-04-01,15,0.4,-0.006735349762519205,-0.006151627857295502,-0.0989307015183074,-0.0955817904971833,0.4164801180861616
reversal_fundamental_regime,lgbm_leaves7_400,1,valid,50.0,all_days,0.8,0.6827092389715129,0.47115384615384615,2020-01-02,2023-02-16,2023-02-17,2023-08-21,2023-08-22,2023-11-24,26,0.38461538461538464,-0.0013355587500810636,-0.0013528862928545125,-0.036381300328291455,-0.05829448539347015,0.7294916521842592
reversal_fundamental_regime,lgbm_leaves7_400,1,test,50.0,all_days,0.8,0.6827092389715129,0.5476673427991887,2020-01-02,2023-02-16,2023-02-17,2023-08-21,2023-08-22,2023-11-24,18,0.5,-0.001545325692575769,0.0008106325079676492,-0.03369099794027597,-0.14248230090257397,0.8180996393856163
reversal_fundamental_regime,lgbm_leaves7_400,2,valid,50.0,all_days,0.8,0.7493551402917551,0.529724260055654,2020-04-09,2023-05-22,2023-05-23,2023-11-24,2023-11-27,2024-03-01,26,0.5384615384615384,0.002979640106822859,0.00090309363726793,0.0768532364890242,-0.03448888819938478,1.814509518634811
reversal_fundamental_regime,lgbm_leaves7_400,2,test,50.0,all_days,0.8,0.7493551402917551,0.3914807302231237,2020-04-09,2023-05-22,2023-05-23,2023-11-24,2023-11-27,2024-03-01,39,0.358974358974359,-0.003299684803168702,-0.004173002251688703,-0.12405829624382947,-0.13558148997062824,0.5466038026359447
reversal_fundamental_regime,lgbm_leaves7_400,3,valid,50.0,all_days,0.7,0.5520744425200239,0.5238336713995944,2020-07-14,2023-08-21,2023-08-22,2024-03-01,2024-03-04,2024-06-05,38,0.4473684210526316,0.002260924129352761,-0.0010138252779723876,0.08079610253160019,-0.08476354626489524,1.3700960576209837
reversal_fundamental_regime,lgbm_leaves7_400,3,test,50.0,all_days,0.7,0.5520744425200239,0.4776876267748479,2020-07-14,2023-08-21,2023-08-22,2024-03-01,2024-03-04,2024-06-05,24,0.4583333333333333,0.004697718435372907,-0.0011167455621301468,0.11432680934304429,-0.035815907502265154,1.9484006716132338
reversal_fundamental_regime,lgbm_leaves7_400,4,valid,50.0,all_days,0.6,0.5955559934167115,0.4623330813807004,2020-10-19,2023-11-24,2023-11-27,2024-06-05,2024-06-06,2024-09-03,51,0.49019607843137253,0.003788456355143757,-0.0010065867261573845,0.20326772175532648,-0.05567064916261477,1.7603794642503265
reversal_fundamental_regime,lgbm_leaves7_400,4,test,50.0,all_days,0.6,0.5955559934167115,0.6068376068376068,2020-10-19,2023-11-24,2023-11-27,2024-06-05,2024-06-06,2024-09-03,3,0.3333333333333333,-0.0049007484880180955,-0.0030226970954357855,-0.015155177142158527,-0.03166272324848263,0.5369306727409218
reversal_fundamental_regime,lgbm_leaves7_400,5,valid,50.0,all_days,0.5,0.3762069924414525,0.5674442190669371,2021-01-15,2024-03-01,2024-03-04,2024-09-03,2024-09-04,2024-12-10,63,0.5714285714285714,0.0032376698713517424,0.002676975088967918,0.21321685699549997,-0.07366869897309014,1.5872213269496092
reversal_fundamental_regime,lgbm_leaves7_400,5,test,50.0,all_days,0.5,0.3762069924414525,0.5878787878787879,2021-01-15,2024-03-01,2024-03-04,2024-09-03,2024-09-04,2024-12-10,49,0.5102040816326531,0.005045481501186166,9.062027625739505e-05,0.26175078902020554,-0.062287226151415465,1.8873790247654967
reversal_fundamental_regime,lgbm_leaves7_400,6,valid,50.0,all_days,0.6,0.5203905683162479,0.5720164609053497,2021-04-22,2024-06-05,2024-06-06,2024-12-10,2024-12-11,2025-03-18,51,0.5098039215686274,0.002089601435348436,5.5275963054771837e-05,0.09774656074014398,-0.1283822580085504,1.29793702187628
reversal_fundamental_regime,lgbm_leaves7_400,6,test,50.0,all_days,0.6,0.5203905683162479,0.39897959183673465,2021-04-22,2024-06-05,2024-06-06,2024-12-10,2024-12-11,2025-03-18,53,0.5094339622641509,-0.0018413335147579317,0.0005894936708861244,-0.09630693385141442,-0.16442195096869805,0.6783571244833283
reversal_fundamental_regime,lgbm_leaves7_400,7,valid,50.0,all_days,0.7,0.6535330535524169,0.5117276166456495,2021-07-26,2024-09-03,2024-09-04,2025-03-18,2025-03-19,2025-06-20,38,0.5526315789473685,0.0024242652734053753,0.001335234513289544,0.08836067341948128,-0.09365477966304636,1.4208622367487842
reversal_fundamental_regime,lgbm_leaves7_400,7,test,50.0,all_days,0.7,0.6535330535524169,0.36382536382536385,2021-07-26,2024-09-03,2024-09-04,2025-03-18,2025-03-19,2025-06-20,10,0.1,-0.006757109964871241,-0.006573606231121739,-0.0658649730910601,-0.06175064966947874,0.10778892786150225
reversal_fundamental_regime,lgbm_leaves7_400,8,valid,50.0,all_days,0.5,0.5933159955426376,0.4802017654476671,2021-11-01,2024-12-10,2024-12-11,2025-06-20,2025-06-23,2025-09-17,63,0.4444444444444444,-0.0011441688879442141,-0.0029248209366392573,-0.0751812794921497,-0.09763499541458953,0.7945881216730996
reversal_fundamental_regime,lgbm_leaves7_400,8,test,50.0,all_days,0.5,0.5933159955426376,0.4609053497942387,2021-11-01,2024-12-10,2024-12-11,2025-06-20,2025-06-23,2025-09-17,14,0.6428571428571429,0.005596202711845262,0.004156792222068887,0.0801797074694719,-0.02189808634207413,3.395045505069038
reversal_fundamental_regime,lgbm_leaves7_400,9,valid,50.0,all_days,0.6,0.5389084981593956,0.4579133064516129,2022-01-28,2025-03-18,2025-03-19,2025-09-17,2025-09-18,2025-12-23,51,0.45098039215686275,0.0036016819698826037,-0.0006795541401273218,0.1918858801002299,-0.05206378618496388,1.9220062964568791
reversal_fundamental_regime,lgbm_leaves7_400,9,test,50.0,all_days,0.6,0.5389084981593956,0.5358695652173913,2022-01-28,2025-03-18,2025-03-19,2025-09-17,2025-09-18,2025-12-23,25,0.4,-0.00133985190177282,-0.0015841414141414233,-0.03554689737223604,-0.06786861331354921,0.7774433184449784
reversal_fundamental_regime,lgbm_leaves7_400,10,valid,50.0,all_days,0.8,0.5345571337773442,0.44396660763976725,2022-05-11,2025-06-20,2025-06-23,2025-12-23,2025-12-24,2026-04-01,26,0.5384615384615384,0.001885356514880122,0.0010241341502060831,0.046151026028856235,-0.04852518244512083,1.350973059012327
reversal_fundamental_regime,lgbm_leaves7_400,10,test,50.0,all_days,0.8,0.5345571337773442,0.5185185185185186,2022-05-11,2025-06-20,2025-06-23,2025-12-23,2025-12-24,2026-04-01,17,0.5294117647058824,0.0003276702024632815,0.0022254703832751445,0.0021750605399368794,-0.10176745185850111,1.042538566216619
reversal_fundamental_regime,lgbm_leaves15_700,1,valid,50.0,all_days,0.5,0.526764682216835,0.46569646569646567,2020-01-02,2023-02-16,2023-02-17,2023-08-21,2023-08-22,2023-11-24,63,0.3968253968253968,-0.0014634646806714476,-0.001181531458628312,-0.0930206475931109,-0.1512605232116806,0.7185663404623582
reversal_fundamental_regime,lgbm_leaves15_700,1,test,50.0,all_days,0.5,0.526764682216835,0.5496957403651116,2020-01-02,2023-02-16,2023-02-17,2023-08-21,2023-08-22,2023-11-24,32,0.46875,0.001443979674791318,-0.0004172799208704246,0.037605543762973426,-0.1683427240763553,1.2251729533652218
reversal_fundamental_regime,lgbm_leaves15_700,2,valid,50.0,all_days,0.7,0.6443704006013947,0.4867189476347078,2020-04-09,2023-05-22,2023-05-23,2023-11-24,2023-11-27,2024-03-01,38,0.5,0.004349279889685149,0.00018435861091426267,0.17270390843973082,-0.056977997342476105,2.352482075549022
reversal_fundamental_regime,lgbm_leaves15_700,2,test,50.0,all_days,0.7,0.6443704006013947,0.40973630831643004,2020-04-09,2023-05-22,2023-05-23,2023-11-24,2023-11-27,2024-03-01,39,0.38461538461538464,-0.004421299777938578,-0.004173002251688703,-0.1626754079993834,-0.17185932417387417,0.47956452185208254
reversal_fundamental_regime,lgbm_leaves15_700,3,valid,50.0,all_days,0.7,0.58770015736187,0.5134381338742393,2020-07-14,2023-08-21,2023-08-22,2024-03-01,2024-03-04,2024-06-05,38,0.42105263157894735,0.0015206606525501737,-0.0013737420316251546,0.051086867825012705,-0.09672536934337328,1.2387418977354945
reversal_fundamental_regime,lgbm_leaves15_700,3,test,50.0,all_days,0.7,0.58770015736187,0.515212981744422,2020-07-14,2023-08-21,2023-08-22,2024-03-01,2024-03-04,2024-06-05,11,0.36363636363636365,-0.0019949334233945954,-0.0056540750896434365,-0.022519932062048942,-0.043467712992931395,0.682767573908234
reversal_fundamental_regime,lgbm_leaves15_700,4,valid,50.0,all_days,0.7,0.7024799155984578,0.4764424288233813,2020-10-19,2023-11-24,2023-11-27,2024-06-05,2024-06-06,2024-09-03,38,0.5263157894736842,0.0024435883695338597,0.0025034875444839323,0.09161478861908168,-0.040447084050993065,1.4670552210659018
reversal_fundamental_regime,lgbm_leaves15_700,4,test,50.0,all_days,0.7,0.7024799155984578,0.6025641025641026,2020-10-19,2023-11-24,2023-11-27,2024-06-05,2024-06-06,2024-09-03,0,,,,,,
reversal_fundamental_regime,lgbm_leaves15_700,5,valid,50.0,all_days,0.5,0.3849725796065713,0.5988843813387423,2021-01-15,2024-03-01,2024-03-04,2024-09-03,2024-09-04,2024-12-10,63,0.6031746031746031,0.005145273789276983,0.003996666666666652,0.36761882346637176,-0.0849151024035637,2.0601266428869116
reversal_fundamental_regime,lgbm_leaves15_700,5,test,50.0,all_days,0.5,0.3849725796065713,0.5838383838383838,2021-01-15,2024-03-01,2024-03-04,2024-09-03,2024-09-04,2024-12-10,47,0.46808510638297873,0.004683424707843178,-0.000902421875,0.2291159208189668,-0.0770468194473023,1.8322540964782992
reversal_fundamental_regime,lgbm_leaves15_700,6,valid,50.0,all_days,0.8,0.6251581550263414,0.5943930041152264,2021-04-22,2024-06-05,2024-06-06,2024-12-10,2024-12-11,2025-03-18,26,0.5769230769230769,0.010719723618875592,0.0010591188397495212,0.3047217409911427,-0.055775406263482874,2.864257504353116
reversal_fundamental_regime,lgbm_leaves15_700,6,test,50.0,all_days,0.8,0.6251581550263414,0.39081632653061227,2021-04-22,2024-06-05,2024-06-06,2024-12-10,2024-12-11,2025-03-18,27,0.5185185185185185,-0.0008061558117761018,0.0011868521031208647,-0.023154734624131645,-0.09385741696851502,0.8289508394223862
reversal_fundamental_regime,lgbm_leaves15_700,7,valid,50.0,all_days,0.8,0.7149715267227625,0.5709962168978562,2021-07-26,2024-09-03,2024-09-04,2025-03-18,2025-03-19,2025-06-20,26,0.6923076923076923,0.00728838186120651,0.004260244657293136,0.19982223585932002,-0.0285830284130284,2.620393628507783
reversal_fundamental_regime,lgbm_leaves15_700,7,test,50.0,all_days,0.8,0.7149715267227625,0.4386694386694387,2021-07-26,2024-09-03,2024-09-04,2025-03-18,2025-03-19,2025-06-20,7,0.2857142857142857,-0.00244012019631323,-0.008723654743390315,-0.017611159033706247,-0.024910953296189975,0.6732500720684688
reversal_fundamental_regime,lgbm_leaves15_700,8,valid,50.0,all_days,0.7,0.7230845171130821,0.47187894073139974,2021-11-01,2024-12-10,2024-12-11,2025-06-20,2025-06-23,2025-09-17,38,0.47368421052631576,-0.0007007576761995804,-0.0006963685964080334,-0.029076798452644104,-0.07138998483640957,0.8554189917860747
reversal_fundamental_regime,lgbm_leaves15_700,8,test,50.0,all_days,0.7,0.7230845171130821,0.44650205761316875,2021-11-01,2024-12-10,2024-12-11,2025-06-20,2025-06-23,2025-09-17,5,0.6,0.0033675337977989972,0.0031889251439538614,0.016829327917121883,-0.006801603018522839,3.260793786207693
reversal_fundamental_regime,lgbm_leaves15_700,9,valid,50.0,all_days,0.7,0.5557072952178365,0.45438508064516125,2022-01-28,2025-03-18,2025-03-19,2025-09-17,2025-09-18,2025-12-23,38,0.47368421052631576,0.0016512006781296566,-0.000802325522115007,0.060440871336213675,-0.05791382274517198,1.4186071506613938
reversal_fundamental_regime,lgbm_leaves15_700,9,test,50.0,all_days,0.7,0.5557072952178365,0.4826086956521739,2022-01-28,2025-03-18,2025-03-19,2025-09-17,2025-09-18,2025-12-23,18,0.3333333333333333,-0.0032643089672310934,-0.007595541068365238,-0.05956951669970245,-0.09399306405485885,0.609091840557646
reversal_fundamental_regime,lgbm_leaves15_700,10,valid,50.0,all_days,0.7,0.4708929386293773,0.44573741462180627,2022-05-11,2025-06-20,2025-06-23,2025-12-23,2025-12-24,2026-04-01,38,0.4473684210526316,0.0010080552170008289,-0.0006063725566937649,0.033406597023009965,-0.07123968935669867,1.1751677845517987
reversal_fundamental_regime,lgbm_leaves15_700,10,test,50.0,all_days,0.7,0.4708929386293773,0.5133744855967077,2022-05-11,2025-06-20,2025-06-23,2025-12-23,2025-12-24,2026-04-01,27,0.4444444444444444,8.197329672429982e-05,-0.0022361157024793875,-0.0019787074398104343,-0.12256156787129369,1.011887323767182
reversal_fundamental_regime_sector,xgb_d2_200_lr003_mcw5,1,valid,50.0,all_days,0.5,0.49586816132068634,0.49012474012474005,2020-01-02,2023-02-16,2023-02-17,2023-08-21,2023-08-22,2023-11-24,63,0.38095238095238093,-0.0017577360189828175,-0.001413265644426006,-0.10997943662245002,-0.18144370931937592,0.6830557965171564
reversal_fundamental_regime_sector,xgb_d2_200_lr003_mcw5,1,test,50.0,all_days,0.5,0.49586816132068634,0.5425963488843814,2020-01-02,2023-02-16,2023-02-17,2023-08-21,2023-08-22,2023-11-24,32,0.46875,0.0017402768913338876,-0.0004172799208704246,0.04687454291773174,-0.15612213568172184,1.2469057505102736
reversal_fundamental_regime_sector,xgb_d2_200_lr003_mcw5,2,valid,50.0,all_days,0.7,0.5616619288921356,0.497090817100936,2020-04-09,2023-05-22,2023-05-23,2023-11-24,2023-11-27,2024-03-01,38,0.5,0.0014435538870416636,0.00018435861091426267,0.048064218175583706,-0.1209853617604012,1.2793518473989642
reversal_fundamental_regime_sector,xgb_d2_200_lr003_mcw5,2,test,50.0,all_days,0.7,0.5616619288921356,0.4371196754563894,2020-04-09,2023-05-22,2023-05-23,2023-11-24,2023-11-27,2024-03-01,22,0.45454545454545453,8.346090933169927e-05,-0.0010138252779723876,-0.000171284915351122,-0.03421211597952456,1.0156781490449487
reversal_fundamental_regime_sector,xgb_d2_200_lr003_mcw5,3,valid,50.0,all_days,0.6,0.5271286368370056,0.5154665314401623,2020-07-14,2023-08-21,2023-08-22,2024-03-01,2024-03-04,2024-06-05,51,0.49019607843137253,0.0014086078639311082,-0.0010024084350720407,0.06138884761515784,-0.16501011663499232,1.2085484374129618
reversal_fundamental_regime_sector,xgb_d2_200_lr003_mcw5,3,test,50.0,all_days,0.6,0.5271286368370056,0.5405679513184585,2020-07-14,2023-08-21,2023-08-22,2024-03-01,2024-03-04,2024-06-05,16,0.5,0.0037784377458761863,-0.00047206119400888466,0.05933499528852049,-0.03615255669466455,1.7255803624071768
reversal_fundamental_regime_sector,xgb_d2_200_lr003_mcw5,4,valid,50.0,all_days,0.8,0.5525936484336853,0.4714033761652809,2020-10-19,2023-11-24,2023-11-27,2024-06-05,2024-06-06,2024-09-03,26,0.5384615384615384,0.0028289119866053546,0.0025413571596376618,0.07263963570054788,-0.048665070552425194,1.572637954728718
reversal_fundamental_regime_sector,xgb_d2_200_lr003_mcw5,4,test,50.0,all_days,0.8,0.5525936484336853,0.6057692307692307,2020-10-19,2023-11-24,2023-11-27,2024-06-05,2024-06-06,2024-09-03,2,0.5,0.005455364011046352,0.005455364011046352,0.010868611498460412,-0.0030226970954359,4.609600194001474
reversal_fundamental_regime_sector,xgb_d2_200_lr003_mcw5,5,valid,50.0,all_days,0.8,0.5797232985496521,0.5811359026369167,2021-01-15,2024-03-01,2024-03-04,2024-09-03,2024-09-04,2024-12-10,26,0.6153846153846154,0.00508317546366397,0.0026969696675129863,0.13692104330117072,-0.035572683492814616,2.451820913829354
reversal_fundamental_regime_sector,xgb_d2_200_lr003_mcw5,5,test,50.0,all_days,0.8,0.5797232985496521,0.6040404040404039,2021-01-15,2024-03-01,2024-03-04,2024-09-03,2024-09-04,2024-12-10,30,0.5333333333333333,0.0014824483688855282,0.0007831756301850436,0.039382575758500904,-0.07450183575642666,1.245061696562225
reversal_fundamental_regime_sector,xgb_d2_200_lr003_mcw5,6,valid,50.0,all_days,0.7,0.6103475093841553,0.5743312757201646,2021-04-22,2024-06-05,2024-06-06,2024-12-10,2024-12-11,2025-03-18,38,0.47368421052631576,0.003759846955183435,-0.0006458841114417267,0.14317833120920964,-0.06858582330787355,1.6973499789378022
reversal_fundamental_regime_sector,xgb_d2_200_lr003_mcw5,6,test,50.0,all_days,0.7,0.6103475093841553,0.43775510204081636,2021-04-22,2024-06-05,2024-06-06,2024-12-10,2024-12-11,2025-03-18,9,0.5555555555555556,0.003688742735152878,0.0034261983046495227,0.033160313079924286,-0.011581889596603001,2.279137755962226
reversal_fundamental_regime_sector,xgb_d2_200_lr003_mcw5,7,valid,50.0,all_days,0.5,0.5623623728752136,0.49785624211853724,2021-07-26,2024-09-03,2024-09-04,2025-03-18,2025-03-19,2025-06-20,63,0.5079365079365079,0.0007287973430653622,0.00030607712449404537,0.034897472011048425,-0.1674159295531965,1.1198874506207326
reversal_fundamental_regime_sector,xgb_d2_200_lr003_mcw5,7,test,50.0,all_days,0.5,0.5623623728752136,0.525987525987526,2021-07-26,2024-09-03,2024-09-04,2025-03-18,2025-03-19,2025-06-20,7,0.5714285714285714,0.013906035614785922,0.004885368319691889,0.09921331815443035,-0.007664379215588268,5.621829327055398
reversal_fundamental_regime_sector,xgb_d2_200_lr003_mcw5,8,valid,50.0,all_days,0.7,0.6188966631889343,0.5129886506935687,2021-11-01,2024-12-10,2024-12-11,2025-06-20,2025-06-23,2025-09-17,38,0.5263157894736842,0.002257130844245319,0.0006343072197376766,0.08315018178457212,-0.0400617649262871,1.4455119244680517
reversal_fundamental_regime_sector,xgb_d2_200_lr003_mcw5,8,test,50.0,all_days,0.7,0.6188966631889343,0.3981481481481482,2021-11-01,2024-12-10,2024-12-11,2025-06-20,2025-06-23,2025-09-17,13,0.5384615384615384,-0.0009907510716527608,0.0013965796344648264,-0.014112230935520165,-0.06389420553966707,0.8510009739509122
reversal_fundamental_regime_sector,xgb_d2_200_lr003_mcw5,9,valid,50.0,all_days,0.8,0.6018010973930359,0.5073084677419355,2022-01-28,2025-03-18,2025-03-19,2025-09-17,2025-09-18,2025-12-23,26,0.5384615384615384,0.00371330296936126,0.0005860803111064107,0.09772919813567627,-0.031574086693642145,2.1932529770210816
reversal_fundamental_regime_sector,xgb_d2_200_lr003_mcw5,9,test,50.0,all_days,0.8,0.6018010973930359,0.6173913043478261,2022-01-28,2025-03-18,2025-03-19,2025-09-17,2025-09-18,2025-12-23,1,1.0,0.02827862873516174,0.02827862873516174,0.028278628735161737,0.0,inf
reversal_fundamental_regime_sector,xgb_d2_200_lr003_mcw5,10,valid,50.0,all_days,0.5,0.4719226211309433,0.4672400708322793,2022-05-11,2025-06-20,2025-06-23,2025-12-23,2025-12-24,2026-04-01,63,0.4444444444444444,0.0006470391489605575,-0.0024247914317925244,0.03329908881911803,-0.08647278613517428,1.1116621433970697
reversal_fundamental_regime_sector,xgb_d2_200_lr003_mcw5,10,test,50.0,all_days,0.5,0.4719226211309433,0.48765432098765427,2022-05-11,2025-06-20,2025-06-23,2025-12-23,2025-12-24,2026-04-01,25,0.36,-0.006425908002318003,-0.007376443408223739,-0.1514146036891073,-0.15127031964344673,0.3630682660828456
reversal_fundamental_regime_sector,xgb_d3_400_lr003_mcw3,1,valid,50.0,all_days,0.6,0.5767994523048401,0.4909043659043659,2020-01-02,2023-02-16,2023-02-17,2023-08-21,2023-08-22,2023-11-24,51,0.4117647058823529,-0.001777741159621287,-0.001593487544483959,-0.09113063709300173,-0.14086120517525003,0.6931698860940926
reversal_fundamental_regime_sector,xgb_d3_400_lr003_mcw3,1,test,50.0,all_days,0.6,0.5767994523048401,0.5456389452332657,2020-01-02,2023-02-16,2023-02-17,2023-08-21,2023-08-22,2023-11-24,25,0.48,0.0017389497990542358,-0.0017264202334629185,0.0364245463089079,-0.11824859639982355,1.2486965719430836
reversal_fundamental_regime_sector,xgb_d3_400_lr003_mcw3,2,valid,50.0,all_days,0.8,0.6409700512886047,0.4996205413609916,2020-04-09,2023-05-22,2023-05-23,2023-11-24,2023-11-27,2024-03-01,26,0.5384615384615384,0.004572339078362938,0.00179319207564144,0.12101758993679201,-0.05329160020307222,2.2239618838545185
reversal_fundamental_regime_sector,xgb_d3_400_lr003_mcw3,2,test,50.0,all_days,0.8,0.6409700512886047,0.43610547667342797,2020-04-09,2023-05-22,2023-05-23,2023-11-24,2023-11-27,2024-03-01,23,0.43478260869565216,-0.002952901836921643,-0.004173002251688703,-0.06805134668411295,-0.09539157958478173,0.620408079014767
reversal_fundamental_regime_sector,xgb_d3_400_lr003_mcw3,3,valid,50.0,all_days,0.5,0.4672439247369766,0.49543610547667344,2020-07-14,2023-08-21,2023-08-22,2024-03-01,2024-03-04,2024-06-05,63,0.47619047619047616,0.001261128451268535,-0.0006735246727089771,0.06788152342903064,-0.1606412309949109,1.1907386355660448
reversal_fundamental_regime_sector,xgb_d3_400_lr003_mcw3,3,test,50.0,all_days,0.5,0.4672439247369766,0.579107505070994,2020-07-14,2023-08-21,2023-08-22,2024-03-01,2024-03-04,2024-06-05,24,0.5416666666666666,0.004216108920727481,0.001827149618662708,0.10181401506543164,-0.04951837678722715,1.823714442478654
reversal_fundamental_regime_sector,xgb_d3_400_lr003_mcw3,4,valid,50.0,all_days,0.7,0.6067864000797272,0.4572940287226001,2020-10-19,2023-11-24,2023-11-27,2024-06-05,2024-06-06,2024-09-03,38,0.5263157894736842,0.00385756969042127,0.0025034875444839323,0.15051077125147505,-0.045113173918064686,1.711362399591622
reversal_fundamental_regime_sector,xgb_d3_400_lr003_mcw3,4,test,50.0,all_days,0.7,0.6067864000797272,0.6314102564102565,2020-10-19,2023-11-24,2023-11-27,2024-06-05,2024-06-06,2024-09-03,3,0.3333333333333333,-0.0049007484880180955,-0.0030226970954357855,-0.015155177142158527,-0.03166272324848263,0.5369306727409218
reversal_fundamental_regime_sector,xgb_d3_400_lr003_mcw3,5,valid,50.0,all_days,0.8,0.5271351933479309,0.5593306288032455,2021-01-15,2024-03-01,2024-03-04,2024-09-03,2024-09-04,2024-12-10,26,0.6153846153846154,0.005793803703574378,0.0026998306707468646,0.158021756501588,-0.026468338926652568,2.7076785297263335
reversal_fundamental_regime_sector,xgb_d3_400_lr003_mcw3,5,test,50.0,all_days,0.8,0.5271351933479309,0.6464646464646465,2021-01-15,2024-03-01,2024-03-04,2024-09-03,2024-09-04,2024-12-10,30,0.6,0.005963278592454457,0.001730171186593358,0.18522564669480834,-0.05208801286644227,2.19021692766106
reversal_fundamental_regime_sector,xgb_d3_400_lr003_mcw3,6,valid,50.0,all_days,0.5,0.5633140504360199,0.5874485596707819,2021-04-22,2024-06-05,2024-06-06,2024-12-10,2024-12-11,2025-03-18,63,0.5238095238095238,0.004148152062614951,9.062027625739505e-05,0.27752691770508675,-0.13657003687518254,1.733772961320639
reversal_fundamental_regime_sector,xgb_d3_400_lr003_mcw3,6,test,50.0,all_days,0.5,0.5633140504360199,0.4214285714285714,2021-04-22,2024-06-05,2024-06-06,2024-12-10,2024-12-11,2025-03-18,34,0.5,-0.0011136689778338128,-6.184469090131026e-05,-0.039323438295203905,-0.07766882714494194,0.7877917963514327
reversal_fundamental_regime_sector,xgb_d3_400_lr003_mcw3,7,valid,50.0,all_days,0.8,0.6742964386940002,0.5533417402269861,2021-07-26,2024-09-03,2024-09-04,2025-03-18,2025-03-19,2025-06-20,26,0.6153846153846154,0.001944578315850896,0.001335234513289544,0.046781608974872047,-0.03967823902687673,1.3881875415743006
reversal_fundamental_regime_sector,xgb_d3_400_lr003_mcw3,7,test,50.0,all_days,0.8,0.6742964386940002,0.5550935550935552,2021-07-26,2024-09-03,2024-09-04,2025-03-18,2025-03-19,2025-06-20,9,0.5555555555555556,0.009283259517162705,0.0011209888974956818,0.08429754576976567,-0.0131044217415075,4.147549929435002
reversal_fundamental_regime_sector,xgb_d3_400_lr003_mcw3,8,valid,50.0,all_days,0.8,0.729002833366394,0.5117276166456494,2021-11-01,2024-12-10,2024-12-11,2025-06-20,2025-06-23,2025-09-17,26,0.5769230769230769,0.0025760574208954666,0.0012985234969119554,0.06620080642003856,-0.03505947971658019,1.6259532901696099
reversal_fundamental_regime_sector,xgb_d3_400_lr003_mcw3,8,test,50.0,all_days,0.8,0.729002833366394,0.3755144032921811,2021-11-01,2024-12-10,2024-12-11,2025-06-20,2025-06-23,2025-09-17,3,0.3333333333333333,-0.0027580810900830533,-0.010340722847802405,-0.008608974019018278,-0.026958096289457,0.6950344095681917
reversal_fundamental_regime_sector,xgb_d3_400_lr003_mcw3,9,valid,50.0,all_days,0.5,0.5294247269630432,0.4616935483870968,2022-01-28,2025-03-18,2025-03-19,2025-09-17,2025-09-18,2025-12-23,63,0.4603174603174603,0.001945930784516418,-0.0006795541401273218,0.1216803818713652,-0.07081569565929646,1.456712283796661
reversal_fundamental_regime_sector,xgb_d3_400_lr003_mcw3,9,test,50.0,all_days,0.5,0.5294247269630432,0.5576086956521739,2022-01-28,2025-03-18,2025-03-19,2025-09-17,2025-09-18,2025-12-23,23,0.30434782608695654,-0.0050792571602294246,-0.007013633347158873,-0.11328505555937318,-0.10840849422478915,0.45706033552663694
reversal_fundamental_regime_sector,xgb_d3_400_lr003_mcw3,10,valid,50.0,all_days,0.6,0.43607938289642334,0.4806476094105743,2022-05-11,2025-06-20,2025-06-23,2025-12-23,2025-12-24,2026-04-01,51,0.47058823529411764,0.002987417824062046,-0.0005666679888933733,0.15581941148209566,-0.05178004936271785,1.6550423506092706
reversal_fundamental_regime_sector,xgb_d3_400_lr003_mcw3,10,test,50.0,all_days,0.6,0.43607938289642334,0.5740740740740741,2022-05-11,2025-06-20,2025-06-23,2025-12-23,2025-12-24,2026-04-01,23,0.4782608695652174,-0.003361385734337425,-0.007376443408223739,-0.07868495005553966,-0.16640925146260777,0.6630490801963518
reversal_fundamental_regime_sector,xgb_d3_600_lr002_mcw3,1,valid,50.0,all_days,0.8,0.6319049000740051,0.4864864864864865,2020-01-02,2023-02-16,2023-02-17,2023-08-21,2023-08-22,2023-11-24,26,0.4230769230769231,-0.0008614685504654197,-0.0009587011980651781,-0.023394583648763012,-0.03036810433636883,0.7915072295958797
reversal_fundamental_regime_sector,xgb_d3_600_lr002_mcw3,1,test,50.0,all_days,0.8,0.6319049000740051,0.5537525354969574,2020-01-02,2023-02-16,2023-02-17,2023-08-21,2023-08-22,2023-11-24,16,0.4375,-0.0011412173797877953,-0.0017406031436727996,-0.02359657559691497,-0.1073906370368447,0.8742542059714302
reversal_fundamental_regime_sector,xgb_d3_600_lr002_mcw3,2,valid,50.0,all_days,0.8,0.6361059546470642,0.5059448520111308,2020-04-09,2023-05-22,2023-05-23,2023-11-24,2023-11-27,2024-03-01,26,0.5384615384615384,0.004004400080218825,0.001286822984158057,0.1049773801556182,-0.06230124298424344,2.1030645039484055
reversal_fundamental_regime_sector,xgb_d3_600_lr002_mcw3,2,test,50.0,all_days,0.8,0.6361059546470642,0.43002028397565917,2020-04-09,2023-05-22,2023-05-23,2023-11-24,2023-11-27,2024-03-01,22,0.4090909090909091,-0.0017735511875450914,-0.004943678545199167,-0.04037560943370222,-0.06852775520041965,0.7440563412097012
reversal_fundamental_regime_sector,xgb_d3_600_lr002_mcw3,3,valid,50.0,all_days,0.5,0.48366090655326843,0.5032961460446248,2020-07-14,2023-08-21,2023-08-22,2024-03-01,2024-03-04,2024-06-05,63,0.47619047619047616,0.0020062328657651446,-0.0006735246727089771,0.11946636157744184,-0.154477676085643,1.3297004548233273
reversal_fundamental_regime_sector,xgb_d3_600_lr002_mcw3,3,test,50.0,all_days,0.5,0.48366090655326843,0.5334685598377282,2020-07-14,2023-08-21,2023-08-22,2024-03-01,2024-03-04,2024-06-05,21,0.5238095238095238,0.0045895869825087,0.0006640283569641116,0.09702063081825929,-0.04214750906010656,1.947714389999423
reversal_fundamental_regime_sector,xgb_d3_600_lr002_mcw3,4,valid,50.0,all_days,0.8,0.6473617553710938,0.4696397077349458,2020-10-19,2023-11-24,2023-11-27,2024-06-05,2024-06-06,2024-09-03,26,0.5384615384615384,0.0036578473747518325,0.0031633333333332993,0.09513422802275207,-0.028218303190345462,1.701548480418316
reversal_fundamental_regime_sector,xgb_d3_600_lr002_mcw3,4,test,50.0,all_days,0.8,0.6473617553710938,0.6153846153846154,2020-10-19,2023-11-24,2023-11-27,2024-06-05,2024-06-06,2024-09-03,1,0.0,-0.0030226970954357855,-0.0030226970954357855,-0.003022697095435789,0.0,0.0
reversal_fundamental_regime_sector,xgb_d3_600_lr002_mcw3,5,valid,50.0,all_days,0.8,0.5668920874595642,0.5651622718052738,2021-01-15,2024-03-01,2024-03-04,2024-09-03,2024-09-04,2024-12-10,26,0.6153846153846154,0.006994708651247568,0.0026969696675129863,0.19395142581988822,-0.02646833892665268,3.1916054700573078
reversal_fundamental_regime_sector,xgb_d3_600_lr002_mcw3,5,test,50.0,all_days,0.8,0.5668920874595642,0.6282828282828283,2021-01-15,2024-03-01,2024-03-04,2024-09-03,2024-09-04,2024-12-10,29,0.6206896551724138,0.0065340663547941375,0.0032850839091807006,0.19831546858158,-0.05123182370985413,2.268284258476073
reversal_fundamental_regime_sector,xgb_d3_600_lr002_mcw3,6,valid,50.0,all_days,0.8,0.6803662776947021,0.588477366255144,2021-04-22,2024-06-05,2024-06-06,2024-12-10,2024-12-11,2025-03-18,26,0.5,0.004833641613805506,-0.0001484051245850236,0.12690067089767565,-0.0347531244245084,1.968848274162114
reversal_fundamental_regime_sector,xgb_d3_600_lr002_mcw3,6,test,50.0,all_days,0.8,0.6803662776947021,0.38673469387755105,2021-04-22,2024-06-05,2024-06-06,2024-12-10,2024-12-11,2025-03-18,11,0.36363636363636365,-0.0021142139732915665,-0.006688196632265161,-0.02359160356996204,-0.047592664901774384,0.6286675411937821
reversal_fundamental_regime_sector,xgb_d3_600_lr002_mcw3,7,valid,50.0,all_days,0.8,0.6894694566726685,0.5435056746532156,2021-07-26,2024-09-03,2024-09-04,2025-03-18,2025-03-19,2025-06-20,26,0.5769230769230769,0.001805582312491999,0.0012235631194984532,0.04272534283432483,-0.037837677339921605,1.3305479124701454
reversal_fundamental_regime_sector,xgb_d3_600_lr002_mcw3,7,test,50.0,all_days,0.8,0.6894694566726685,0.5405405405405406,2021-07-26,2024-09-03,2024-09-04,2025-03-18,2025-03-19,2025-06-20,6,0.6666666666666666,0.015057300412311977,0.004554005792107522,0.09179426045581018,-0.007222896725440742,8.594293852853168
reversal_fundamental_regime_sector,xgb_d3_600_lr002_mcw3,8,valid,50.0,all_days,0.6,0.6677947640419006,0.48852459016393446,2021-11-01,2024-12-10,2024-12-11,2025-06-20,2025-06-23,2025-09-17,51,0.49019607843137253,0.0002497060405576893,-0.0007131830526887449,0.007713553135009432,-0.07833519101067044,1.048709206883757
reversal_fundamental_regime_sector,xgb_d3_600_lr002_mcw3,8,test,50.0,all_days,0.6,0.6677947640419006,0.35905349794238683,2021-11-01,2024-12-10,2024-12-11,2025-06-20,2025-06-23,2025-09-17,11,0.36363636363636365,-0.003856706497271208,-0.004109592908732803,-0.042612185273380176,-0.06444051261261718,0.5101856100377762
reversal_fundamental_regime_sector,xgb_d3_600_lr002_mcw3,9,valid,50.0,all_days,0.5,0.5075581669807434,0.4422883064516129,2022-01-28,2025-03-18,2025-03-19,2025-09-17,2025-09-18,2025-12-23,63,0.4444444444444444,0.0023581821386388702,-0.0009250969041026923,0.15071012606114054,-0.05579038458801455,1.5530480216065476
reversal_fundamental_regime_sector,xgb_d3_600_lr002_mcw3,9,test,50.0,all_days,0.5,0.5075581669807434,0.5728260869565217,2022-01-28,2025-03-18,2025-03-19,2025-09-17,2025-09-18,2025-12-23,26,0.46153846153846156,-0.0008874954259146867,-0.0017834283340693556,-0.026302554161051428,-0.05979922362704615,0.8715069572778901
reversal_fundamental_regime_sector,xgb_d3_600_lr002_mcw3,10,valid,50.0,all_days,0.7,0.46682117879390717,0.48722489248671896,2022-05-11,2025-06-20,2025-06-23,2025-12-23,2025-12-24,2026-04-01,38,0.5,0.0028434051396146807,0.0012241445927105889,0.11049236189823408,-0.043099069667629886,1.7964830415462627
reversal_fundamental_regime_sector,xgb_d3_600_lr002_mcw3,10,test,50.0,all_days,0.7,0.46682117879390717,0.5185185185185185,2022-05-11,2025-06-20,2025-06-23,2025-12-23,2025-12-24,2026-04-01,17,0.35294117647058826,-0.008527891987887668,-0.012339086251067496,-0.13760053146082618,-0.1494975661185708,0.3113269137558046
reversal_fundamental_regime_sector,xgb_d4_500_lr002_mcw5,1,valid,50.0,all_days,0.7,0.5826835036277771,0.4864864864864865,2020-01-02,2023-02-16,2023-02-17,2023-08-21,2023-08-22,2023-11-24,38,0.4473684210526316,-0.0001364709719306668,-0.0009587011980651781,-0.007172240704644839,-0.05720107409027586,0.96664302162553
reversal_fundamental_regime_sector,xgb_d4_500_lr002_mcw5,1,test,50.0,all_days,0.7,0.5826835036277771,0.565922920892495,2020-01-02,2023-02-16,2023-02-17,2023-08-21,2023-08-22,2023-11-24,20,0.5,0.002600474883874801,3.242239123618998e-05,0.04560108511959382,-0.10739063703684482,1.35454736390187
reversal_fundamental_regime_sector,xgb_d4_500_lr002_mcw5,2,valid,50.0,all_days,0.8,0.6209110021591187,0.504679989881103,2020-04-09,2023-05-22,2023-05-23,2023-11-24,2023-11-27,2024-03-01,26,0.5384615384615384,0.004495029791659827,0.001286822984158057,0.11956558516495397,-0.040932002658290556,2.6565834025247064
reversal_fundamental_regime_sector,xgb_d4_500_lr002_mcw5,2,test,50.0,all_days,0.8,0.6209110021591187,0.4685598377281947,2020-04-09,2023-05-22,2023-05-23,2023-11-24,2023-11-27,2024-03-01,21,0.47619047619047616,0.0014255432647437376,-0.0010210638297873907,0.02766546744352061,-0.03554834918061367,1.2383171267651492
reversal_fundamental_regime_sector,xgb_d4_500_lr002_mcw5,3,valid,50.0,all_days,0.7,0.5756166875362396,0.5220588235294118,2020-07-14,2023-08-21,2023-08-22,2024-03-01,2024-03-04,2024-06-05,38,0.5263157894736842,0.0029743324262039767,0.002492718294342725,0.10764384633753488,-0.1125533680213121,1.428360994791292
reversal_fundamental_regime_sector,xgb_d4_500_lr002_mcw5,3,test,50.0,all_days,0.7,0.5756166875362396,0.4655172413793103,2020-07-14,2023-08-21,2023-08-22,2024-03-01,2024-03-04,2024-06-05,12,0.5,0.007161651860901318,0.0013930419701699316,0.08687520127863668,-0.027204954459412733,2.701998022132085
reversal_fundamental_regime_sector,xgb_d4_500_lr002_mcw5,4,valid,50.0,all_days,0.7,0.5686555504798889,0.48727639203829676,2020-10-19,2023-11-24,2023-11-27,2024-06-05,2024-06-06,2024-09-03,38,0.5263157894736842,0.003195587030063698,0.0026601354401806256,0.12192144908712876,-0.03640031533970567,1.5560954294777107
reversal_fundamental_regime_sector,xgb_d4_500_lr002_mcw5,4,test,50.0,all_days,0.7,0.5686555504798889,0.6314102564102564,2020-10-19,2023-11-24,2023-11-27,2024-06-05,2024-06-06,2024-09-03,3,0.6666666666666666,0.009319346133004081,0.01393342511752849,0.028101202468960418,-0.003022697095435789,10.249368202069714
reversal_fundamental_regime_sector,xgb_d4_500_lr002_mcw5,5,valid,50.0,all_days,0.7,0.4762136936187744,0.6108012170385396,2021-01-15,2024-03-01,2024-03-04,2024-09-03,2024-09-04,2024-12-10,38,0.5789473684210527,0.005121688165842952,0.0026969696675129863,0.2080756148280547,-0.0349459638718731,2.305660527569777
reversal_fundamental_regime_sector,xgb_d4_500_lr002_mcw5,5,test,50.0,all_days,0.7,0.4762136936187744,0.6191919191919191,2021-01-15,2024-03-01,2024-03-04,2024-09-03,2024-09-04,2024-12-10,35,0.5428571428571428,0.003447287104832717,0.0012602741358760418,0.11830851489018679,-0.07450183575642688,1.597993184132226
reversal_fundamental_regime_sector,xgb_d4_500_lr002_mcw5,6,valid,50.0,all_days,0.8,0.5991549491882324,0.5869341563786009,2021-04-22,2024-06-05,2024-06-06,2024-12-10,2024-12-11,2025-03-18,26,0.5384615384615384,0.006489503579050155,0.00019930661160372579,0.1734668285714227,-0.06341265679667996,2.3357192806888105
reversal_fundamental_regime_sector,xgb_d4_500_lr002_mcw5,6,test,50.0,all_days,0.8,0.5991549491882324,0.463265306122449,2021-04-22,2024-06-05,2024-06-06,2024-12-10,2024-12-11,2025-03-18,32,0.53125,0.0005079903141571966,0.0012985234969119554,0.014466397702487255,-0.05574265317500582,1.11603596775786
reversal_fundamental_regime_sector,xgb_d4_500_lr002_mcw5,7,valid,50.0,all_days,0.6,0.6188952922821045,0.5667087011349307,2021-07-26,2024-09-03,2024-09-04,2025-03-18,2025-03-19,2025-06-20,51,0.6274509803921569,0.002408033395540939,0.001410194890703046,0.1212175667054387,-0.08668486964065036,1.4872741686985396
reversal_fundamental_regime_sector,xgb_d4_500_lr002_mcw5,7,test,50.0,all_days,0.6,0.6188952922821045,0.5914760914760915,2021-07-26,2024-09-03,2024-09-04,2025-03-18,2025-03-19,2025-06-20,8,0.5,0.009858390986502683,-0.0017761943178271587,0.07898226224313398,-0.022265678252296306,3.2047072992964134
reversal_fundamental_regime_sector,xgb_d4_500_lr002_mcw5,8,valid,50.0,all_days,0.8,0.6865202188491821,0.5026481715006306,2021-11-01,2024-12-10,2024-12-11,2025-06-20,2025-06-23,2025-09-17,26,0.5384615384615384,0.0017636524404047809,0.0012985234969119554,0.04332588480953792,-0.042813095466043505,1.3392270343423183
reversal_fundamental_regime_sector,xgb_d4_500_lr002_mcw5,8,test,50.0,all_days,0.8,0.6865202188491821,0.44135802469135804,2021-11-01,2024-12-10,2024-12-11,2025-06-20,2025-06-23,2025-09-17,0,,,,,,
reversal_fundamental_regime_sector,xgb_d4_500_lr002_mcw5,9,valid,50.0,all_days,0.5,0.47108490765094757,0.4800907258064516,2022-01-28,2025-03-18,2025-03-19,2025-09-17,2025-09-18,2025-12-23,63,0.4603174603174603,0.002356232204453104,-0.0006795541401273218,0.15098494796112139,-0.05529751380034664,1.5829327747393587
reversal_fundamental_regime_sector,xgb_d4_500_lr002_mcw5,9,test,50.0,all_days,0.5,0.47108490765094757,0.5945652173913043,2022-01-28,2025-03-18,2025-03-19,2025-09-17,2025-09-18,2025-12-23,35,0.45714285714285713,-0.0017148808194958228,-0.0032564197530864335,-0.06238782079964378,-0.0780051691283955,0.7599428803994442
reversal_fundamental_regime_sector,xgb_d4_500_lr002_mcw5,10,valid,50.0,all_days,0.5,0.3928741067647934,0.44118391095370607,2022-05-11,2025-06-20,2025-06-23,2025-12-23,2025-12-24,2026-04-01,63,0.4603174603174603,0.00030673956797899434,-0.0006460771244941564,0.011099891802725859,-0.1403128322201007,1.0510942323171861
reversal_fundamental_regime_sector,xgb_d4_500_lr002_mcw5,10,test,50.0,all_days,0.5,0.3928741067647934,0.4732510288065843,2022-05-11,2025-06-20,2025-06-23,2025-12-23,2025-12-24,2026-04-01,29,0.3793103448275862,-0.003372941256728015,-0.0037028345802160266,-0.09745312156170693,-0.15233157175794998,0.6235454521749934
reversal_fundamental_regime_sector,extra_trees_600_d3,1,valid,50.0,all_days,0.8,0.49829885247032035,0.564968814968815,2020-01-02,2023-02-16,2023-02-17,2023-08-21,2023-08-22,2023-11-24,26,0.5769230769230769,0.0009139126158194883,0.0010249255025440752,0.023057482827167686,-0.03564314159033377,1.3328840306189669
reversal_fundamental_regime_sector,extra_trees_600_d3,1,test,50.0,all_days,0.8,0.49829885247032035,0.5385395537525355,2020-01-02,2023-02-16,2023-02-17,2023-08-21,2023-08-22,2023-11-24,31,0.5161290322580645,0.0007827956490513424,0.0008181422924902239,0.01154434758932954,-0.17404784613411528,1.0952461139046836
reversal_fundamental_regime_sector,extra_trees_600_d3,2,valid,50.0,all_days,0.8,0.4960298207575609,0.5089805211231975,2020-04-09,2023-05-22,2023-05-23,2023-11-24,2023-11-27,2024-03-01,26,0.5769230769230769,0.005027508132149603,0.0025508655095195544,0.1301221334611422,-0.07781782998533582,1.9532048118339438
reversal_fundamental_regime_sector,extra_trees_600_d3,2,test,50.0,all_days,0.8,0.4960298207575609,0.5304259634888437,2020-04-09,2023-05-22,2023-05-23,2023-11-24,2023-11-27,2024-03-01,31,0.5161290322580645,-0.00035230186382570304,9.007802340721754e-05,-0.01372617052587266,-0.05948754864265271,0.9381204087621172
reversal_fundamental_regime_sector,extra_trees_600_d3,3,valid,50.0,all_days,0.8,0.5114405403028353,0.5745436105476673,2020-07-14,2023-08-21,2023-08-22,2024-03-01,2024-03-04,2024-06-05,26,0.5769230769230769,0.00670893589247957,0.003666941828519347,0.18321801077544952,-0.0445135910554898,2.478377131995489
reversal_fundamental_regime_sector,extra_trees_600_d3,3,test,50.0,all_days,0.8,0.5114405403028353,0.5192697768762677,2020-07-14,2023-08-21,2023-08-22,2024-03-01,2024-03-04,2024-06-05,8,0.375,0.003953706593981341,-0.002052196634189537,0.031108672516211078,-0.02650318421499709,2.18206044952938
reversal_fundamental_regime_sector,extra_trees_600_d3,4,valid,50.0,all_days,0.5,0.4917574329786647,0.5190224237843285,2020-10-19,2023-11-24,2023-11-27,2024-06-05,2024-06-06,2024-09-03,63,0.5396825396825397,0.0032187237182809956,0.002392459961563013,0.21503668850859015,-0.04414682946105053,1.7178266562734714
reversal_fundamental_regime_sector,extra_trees_600_d3,4,test,50.0,all_days,0.5,0.4917574329786647,0.6527777777777778,2020-10-19,2023-11-24,2023-11-27,2024-06-05,2024-06-06,2024-09-03,19,0.631578947368421,0.0047586356636797715,0.00623176600441511,0.09136694936074896,-0.04275356084160975,2.015794090967189
reversal_fundamental_regime_sector,extra_trees_600_d3,5,valid,50.0,all_days,0.8,0.5100475285918563,0.5134381338742393,2021-01-15,2024-03-01,2024-03-04,2024-09-03,2024-09-04,2024-12-10,26,0.5384615384615384,0.0030248031388632147,0.0013689865292452232,0.07849203566428953,-0.04275356084160953,1.7043275753291571
reversal_fundamental_regime_sector,extra_trees_600_d3,5,test,50.0,all_days,0.8,0.5100475285918563,0.5444444444444444,2021-01-15,2024-03-01,2024-03-04,2024-09-03,2024-09-04,2024-12-10,19,0.5263157894736842,0.009086633205817646,9.062027625739505e-05,0.17108647090541163,-0.13131209282776668,1.8135740836490104
reversal_fundamental_regime_sector,extra_trees_600_d3,6,valid,50.0,all_days,0.8,0.5439164460724802,0.5128600823045267,2021-04-22,2024-06-05,2024-06-06,2024-12-10,2024-12-11,2025-03-18,26,0.5384615384615384,0.0064184528411485664,0.0013866586858465348,0.17119284935011714,-0.04313469256267721,2.061326904197218
reversal_fundamental_regime_sector,extra_trees_600_d3,6,test,50.0,all_days,0.8,0.5439164460724802,0.48673469387755103,2021-04-22,2024-06-05,2024-06-06,2024-12-10,2024-12-11,2025-03-18,0,,,,,,
reversal_fundamental_regime_sector,extra_trees_600_d3,7,valid,50.0,all_days,0.7,0.4914876248914469,0.5551071878940731,2021-07-26,2024-09-03,2024-09-04,2025-03-18,2025-03-19,2025-06-20,38,0.5526315789473685,0.00037802063264925125,0.001191748674403862,0.008258033082408023,-0.0858595865164925,1.0640523348344495
reversal_fundamental_regime_sector,extra_trees_600_d3,7,test,50.0,all_days,0.7,0.4914876248914469,0.525987525987526,2021-07-26,2024-09-03,2024-09-04,2025-03-18,2025-03-19,2025-06-20,8,0.625,0.013358664691116576,0.006539597385146537,0.10970901840215208,-0.013356263344455499,6.417092363881298
reversal_fundamental_regime_sector,extra_trees_600_d3,8,valid,50.0,all_days,0.5,0.5167344482352937,0.6068095838587642,2021-11-01,2024-12-10,2024-12-11,2025-06-20,2025-06-23,2025-09-17,63,0.6031746031746031,0.002513648175291847,0.001731657158380976,0.16227840526131376,-0.08320373453076824,1.5760992991569212
reversal_fundamental_regime_sector,extra_trees_600_d3,8,test,50.0,all_days,0.5,0.5167344482352937,0.5905349794238683,2021-11-01,2024-12-10,2024-12-11,2025-06-20,2025-06-23,2025-09-17,0,,,,,,
reversal_fundamental_regime_sector,extra_trees_600_d3,9,valid,50.0,all_days,0.5,0.49146836653107573,0.4884072580645161,2022-01-28,2025-03-18,2025-03-19,2025-09-17,2025-09-18,2025-12-23,63,0.47619047619047616,0.002990629199958602,-0.0006795541401273218,0.1975389466794173,-0.07250558995714995,1.7991846610663575
reversal_fundamental_regime_sector,extra_trees_600_d3,9,test,50.0,all_days,0.5,0.49146836653107573,0.6043478260869565,2022-01-28,2025-03-18,2025-03-19,2025-09-17,2025-09-18,2025-12-23,1,0.0,-0.015535952284674411,-0.015535952284674411,-0.015535952284674415,0.0,0.0
reversal_fundamental_regime_sector,extra_trees_600_d3,10,valid,50.0,all_days,0.6,0.46791526230943853,0.5155578041993423,2022-05-11,2025-06-20,2025-06-23,2025-12-23,2025-12-24,2026-04-01,51,0.5098039215686274,0.0024215019263962574,3.533880903483849e-05,0.12358499933481237,-0.07716223668718114,1.5297513437155483
reversal_fundamental_regime_sector,extra_trees_600_d3,10,test,50.0,all_days,0.6,0.46791526230943853,0.6358024691358024,2022-05-11,2025-06-20,2025-06-23,2025-12-23,2025-12-24,2026-04-01,38,0.5,-0.0004876304907628792,0.0005393635995134573,-0.023969275997298922,-0.10858930789779175,0.9305996227876431
reversal_fundamental_regime_sector,random_forest_600_d4,1,valid,50.0,all_days,0.7,0.5076947617266775,0.5480769230769231,2020-01-02,2023-02-16,2023-02-17,2023-08-21,2023-08-22,2023-11-24,38,0.47368421052631576,0.0009838185588292364,-0.00016999999999999999,0.0354602932168786,-0.04335806898265204,1.3033968646506358
reversal_fundamental_regime_sector,random_forest_600_d4,1,test,50.0,all_days,0.7,0.5076947617266775,0.5283975659229209,2020-01-02,2023-02-16,2023-02-17,2023-08-21,2023-08-22,2023-11-24,28,0.5,0.0038582755248402997,0.0008106325079676492,0.10448211694441012,-0.10874638771067469,1.665078663829733
reversal_fundamental_regime_sector,random_forest_600_d4,2,valid,50.0,all_days,0.8,0.5284569902995923,0.547685302302049,2020-04-09,2023-05-22,2023-05-23,2023-11-24,2023-11-27,2024-03-01,26,0.5769230769230769,0.003587908369771745,0.00222665336922934,0.0889843242702899,-0.10268528082832273,1.660524804047771
reversal_fundamental_regime_sector,random_forest_600_d4,2,test,50.0,all_days,0.8,0.5284569902995923,0.422920892494929,2020-04-09,2023-05-22,2023-05-23,2023-11-24,2023-11-27,2024-03-01,24,0.375,-0.0016292738478672689,-0.004611715864741458,-0.04045720517367268,-0.05413389511747824,0.7423818098462461
reversal_fundamental_regime_sector,random_forest_600_d4,3,valid,50.0,all_days,0.7,0.5168608808652791,0.5329614604462474,2020-07-14,2023-08-21,2023-08-22,2024-03-01,2024-03-04,2024-06-05,38,0.5526315789473685,0.0037246831267443554,0.0032718834546225962,0.13953315363522423,-0.09984168484721234,1.5817463413066708
reversal_fundamental_regime_sector,random_forest_600_d4,3,test,50.0,all_days,0.7,0.5168608808652791,0.49290060851926976,2020-07-14,2023-08-21,2023-08-22,2024-03-01,2024-03-04,2024-06-05,12,0.5,0.002958286425185201,0.0011112299807815064,0.03492132396555503,-0.024174132060522435,1.8545904944194358
reversal_fundamental_regime_sector,random_forest_600_d4,4,valid,50.0,all_days,0.8,0.5281923520457947,0.47291509196271103,2020-10-19,2023-11-24,2023-11-27,2024-06-05,2024-06-06,2024-09-03,26,0.46153846153846156,0.003369985162106741,-0.0024777285490832322,0.0864139478741417,-0.05053341257407806,1.5859399651813122
reversal_fundamental_regime_sector,random_forest_600_d4,4,test,50.0,all_days,0.8,0.5281923520457947,0.607905982905983,2020-10-19,2023-11-24,2023-11-27,2024-06-05,2024-06-06,2024-09-03,1,0.0,-0.0030226970954357855,-0.0030226970954357855,-0.003022697095435789,0.0,0.0
reversal_fundamental_regime_sector,random_forest_600_d4,5,valid,50.0,all_days,0.8,0.5312868781967715,0.5750507099391481,2021-01-15,2024-03-01,2024-03-04,2024-09-03,2024-09-04,2024-12-10,26,0.5769230769230769,0.006311605124220004,0.004706585348327467,0.1729904774774924,-0.04275356084160975,2.6907879866135285
reversal_fundamental_regime_sector,random_forest_600_d4,5,test,50.0,all_days,0.8,0.5312868781967715,0.5717171717171717,2021-01-15,2024-03-01,2024-03-04,2024-09-03,2024-09-04,2024-12-10,13,0.6923076923076923,0.017632139692865464,0.02045893081761019,0.24662457814499095,-0.03475312442450862,3.9050353623546648
reversal_fundamental_regime_sector,random_forest_600_d4,6,valid,50.0,all_days,0.7,0.5887940740431628,0.5334362139917694,2021-04-22,2024-06-05,2024-06-06,2024-12-10,2024-12-11,2025-03-18,38,0.47368421052631576,0.006001746522824092,-0.00039375029007221105,0.2377099059767107,-0.10174682013775171,1.8441588747913025
reversal_fundamental_regime_sector,random_forest_600_d4,6,test,50.0,all_days,0.7,0.5887940740431628,0.4428571428571429,2021-04-22,2024-06-05,2024-06-06,2024-12-10,2024-12-11,2025-03-18,0,,,,,,
reversal_fundamental_regime_sector,random_forest_600_d4,7,valid,50.0,all_days,0.8,0.5468341236797593,0.5551071878940731,2021-07-26,2024-09-03,2024-09-04,2025-03-18,2025-03-19,2025-06-20,26,0.6153846153846154,0.006535926801195637,0.003616961523048693,0.17552583243609554,-0.03950437541097174,2.29175068337116
reversal_fundamental_regime_sector,random_forest_600_d4,7,test,50.0,all_days,0.8,0.5468341236797593,0.5343035343035343,2021-07-26,2024-09-03,2024-09-04,2025-03-18,2025-03-19,2025-06-20,6,0.6666666666666666,0.01750110475318162,0.012635797823691178,0.10770317534861329,-0.004673377533150003,8.838051469277113
reversal_fundamental_regime_sector,random_forest_600_d4,8,valid,50.0,all_days,0.6,0.5355830331251358,0.5424968474148801,2021-11-01,2024-12-10,2024-12-11,2025-06-20,2025-06-23,2025-09-17,51,0.5490196078431373,0.0023278886301917657,0.0017615673289184154,0.1182431103055881,-0.052409943187840646,1.4800376078572715
reversal_fundamental_regime_sector,random_forest_600_d4,8,test,50.0,all_days,0.6,0.5355830331251358,0.48971193415637865,2021-11-01,2024-12-10,2024-12-11,2025-06-20,2025-06-23,2025-09-17,5,0.4,-0.001930794527302112,-0.00016999999999999999,-0.010024410258407168,-0.029702432803941914,0.6772114189431336
reversal_fundamental_regime_sector,random_forest_600_d4,9,valid,50.0,all_days,0.5,0.487982009009555,0.4873991935483871,2022-01-28,2025-03-18,2025-03-19,2025-09-17,2025-09-18,2025-12-23,63,0.49206349206349204,0.002160410288909421,-0.00016999999999999999,0.13814548497579193,-0.0653150100307035,1.5598347746571848
reversal_fundamental_regime_sector,random_forest_600_d4,9,test,50.0,all_days,0.5,0.487982009009555,0.6358695652173912,2022-01-28,2025-03-18,2025-03-19,2025-09-17,2025-09-18,2025-12-23,9,0.5555555555555556,-0.0007724712084009553,0.0027189806025589326,-0.008480546810239131,-0.06618211032279708,0.9011516583597022
reversal_fundamental_regime_sector,random_forest_600_d4,10,valid,50.0,all_days,0.5,0.4514813614213115,0.5228940045535037,2022-05-11,2025-06-20,2025-06-23,2025-12-23,2025-12-24,2026-04-01,63,0.5079365079365079,0.0012168103759576398,3.533880903483849e-05,0.07343386285547293,-0.05829711911511881,1.2792030499967548
reversal_fundamental_regime_sector,random_forest_600_d4,10,test,50.0,all_days,0.5,0.4514813614213115,0.4979423868312757,2022-05-11,2025-06-20,2025-06-23,2025-12-23,2025-12-24,2026-04-01,31,0.41935483870967744,-0.0021961195395320157,-0.0033392372702302185,-0.07042724909309206,-0.14324691541230827,0.7280511617612537
reversal_fundamental_regime_sector,lgbm_leaves7_400,1,valid,50.0,all_days,0.5,0.5472253679018343,0.4423076923076923,2020-01-02,2023-02-16,2023-02-17,2023-08-21,2023-08-22,2023-11-24,63,0.3492063492063492,-0.002576931587737786,-0.001413265644426006,-0.15356326665976228,-0.1705623737459111,0.5229235046170231
reversal_fundamental_regime_sector,lgbm_leaves7_400,1,test,50.0,all_days,0.5,0.5472253679018343,0.550709939148073,2020-01-02,2023-02-16,2023-02-17,2023-08-21,2023-08-22,2023-11-24,37,0.4864864864864865,0.0025228395892901065,-0.00016999999999999999,0.0863001548088822,-0.16363302222503884,1.3863304720786853
reversal_fundamental_regime_sector,lgbm_leaves7_400,2,valid,50.0,all_days,0.8,0.7527657770471483,0.5165696939033646,2020-04-09,2023-05-22,2023-05-23,2023-11-24,2023-11-27,2024-03-01,26,0.5384615384615384,0.002784630818784925,0.0012887500438641987,0.0671239139716,-0.09745008654826548,1.5073535716648219
reversal_fundamental_regime_sector,lgbm_leaves7_400,2,test,50.0,all_days,0.8,0.7527657770471483,0.42190669371196754,2020-04-09,2023-05-22,2023-05-23,2023-11-24,2023-11-27,2024-03-01,29,0.3793103448275862,-0.003577492175255546,-0.004173002251688703,-0.1015172503160574,-0.127875706381411,0.5475587049783924
reversal_fundamental_regime_sector,lgbm_leaves7_400,3,valid,50.0,all_days,0.8,0.6254894772882353,0.49290060851926976,2020-07-14,2023-08-21,2023-08-22,2024-03-01,2024-03-04,2024-06-05,26,0.46153846153846156,0.0021813702340130426,-0.0019353769479258896,0.051462015758432234,-0.08481463230426012,1.310348411347467
reversal_fundamental_regime_sector,lgbm_leaves7_400,3,test,50.0,all_days,0.8,0.6254894772882353,0.4776876267748479,2020-07-14,2023-08-21,2023-08-22,2024-03-01,2024-03-04,2024-06-05,16,0.5,0.0072829453365506735,-0.00047206119400888466,0.1194512216964394,-0.024582227681785085,2.560017542855769
reversal_fundamental_regime_sector,lgbm_leaves7_400,4,valid,50.0,all_days,0.8,0.6484755328611297,0.46661627614008566,2020-10-19,2023-11-24,2023-11-27,2024-06-05,2024-06-06,2024-09-03,26,0.5384615384615384,0.005412008491267606,0.0026601354401806256,0.14537905241079763,-0.05447265011815139,2.1265853782928663
reversal_fundamental_regime_sector,lgbm_leaves7_400,4,test,50.0,all_days,0.8,0.6484755328611297,0.5641025641025641,2020-10-19,2023-11-24,2023-11-27,2024-06-05,2024-06-06,2024-09-03,1,0.0,-0.0030226970954357855,-0.0030226970954357855,-0.003022697095435789,0.0,0.0
reversal_fundamental_regime_sector,lgbm_leaves7_400,5,valid,50.0,all_days,0.8,0.5895590775812507,0.5083671399594321,2021-01-15,2024-03-01,2024-03-04,2024-09-03,2024-09-04,2024-12-10,26,0.5769230769230769,0.0027848184595776755,0.0025034875444839323,0.07094412860197696,-0.04200061808175326,1.5376372214936258
reversal_fundamental_regime_sector,lgbm_leaves7_400,5,test,50.0,all_days,0.8,0.5895590775812507,0.6121212121212122,2021-01-15,2024-03-01,2024-03-04,2024-09-03,2024-09-04,2024-12-10,27,0.5925925925925926,0.008334784469489745,0.001812160555004997,0.2383579857569187,-0.04806161101311335,2.5368920833942705
reversal_fundamental_regime_sector,lgbm_leaves7_400,6,valid,50.0,all_days,0.7,0.6918307846586567,0.6008230452674896,2021-04-22,2024-06-05,2024-06-06,2024-12-10,2024-12-11,2025-03-18,38,0.47368421052631576,0.003960464995098688,-0.0009500642353942844,0.14958636359895383,-0.11084882945761032,1.6065691153168924
reversal_fundamental_regime_sector,lgbm_leaves7_400,6,test,50.0,all_days,0.7,0.6918307846586567,0.4091836734693878,2021-04-22,2024-06-05,2024-06-06,2024-12-10,2024-12-11,2025-03-18,5,0.4,-0.003411351836984552,-0.0067807297228577,-0.0171546356010136,-0.02468394462726109,0.4605398245743755
reversal_fundamental_regime_sector,lgbm_leaves7_400,7,valid,50.0,all_days,0.6,0.6115244579911239,0.5346784363177807,2021-07-26,2024-09-03,2024-09-04,2025-03-18,2025-03-19,2025-06-20,51,0.5686274509803921,0.0011275617823925293,0.0011722818791946067,0.051178340215680906,-0.0991905870877362,1.2184955058850153
reversal_fundamental_regime_sector,lgbm_leaves7_400,7,test,50.0,all_days,0.6,0.6115244579911239,0.4729729729729729,2021-07-26,2024-09-03,2024-09-04,2025-03-18,2025-03-19,2025-06-20,15,0.4666666666666667,0.004236234727980762,-0.001651481481481417,0.06273901594635634,-0.03280483556438818,2.2733402217942102
reversal_fundamental_regime_sector,lgbm_leaves7_400,8,valid,50.0,all_days,0.7,0.6432068533660167,0.5190416141235814,2021-11-01,2024-12-10,2024-12-11,2025-06-20,2025-06-23,2025-09-17,38,0.5526315789473685,0.004175817073279234,0.0012985234969119554,0.1633439539976047,-0.03140350237508094,1.8365421198533565
reversal_fundamental_regime_sector,lgbm_leaves7_400,8,test,50.0,all_days,0.7,0.6432068533660167,0.40432098765432095,2021-11-01,2024-12-10,2024-12-11,2025-06-20,2025-06-23,2025-09-17,15,0.4666666666666667,0.0014120873850118803,-0.00016999999999999999,0.020285942235780396,-0.0342595133877559,1.327746617412272
reversal_fundamental_regime_sector,lgbm_leaves7_400,9,valid,50.0,all_days,0.6,0.4697779738555151,0.48916330645161293,2022-01-28,2025-03-18,2025-03-19,2025-09-17,2025-09-18,2025-12-23,51,0.49019607843137253,0.0031760920279408703,-0.0006460771244941564,0.1670180366849392,-0.07502634300895461,1.7881987426298145
reversal_fundamental_regime_sector,lgbm_leaves7_400,9,test,50.0,all_days,0.6,0.4697779738555151,0.575,2022-01-28,2025-03-18,2025-03-19,2025-09-17,2025-09-18,2025-12-23,23,0.4782608695652174,-0.00021736001788131803,-0.0005666679888933733,-0.0075237367086838924,-0.04770021646551348,0.9614791228981434
reversal_fundamental_regime_sector,lgbm_leaves7_400,10,valid,50.0,all_days,0.7,0.444848210538376,0.48469516822666336,2022-05-11,2025-06-20,2025-06-23,2025-12-23,2025-12-24,2026-04-01,38,0.47368421052631576,0.0022139360976620942,-0.00036833399444668666,0.08120239025499232,-0.08445985644527809,1.4060770431571792
reversal_fundamental_regime_sector,lgbm_leaves7_400,10,test,50.0,all_days,0.7,0.444848210538376,0.5123456790123457,2022-05-11,2025-06-20,2025-06-23,2025-12-23,2025-12-24,2026-04-01,18,0.3888888888888889,-0.0059320814737865895,-0.010241783954879843,-0.104720810577135,-0.16227085751026105,0.4930861542711844
reversal_fundamental_regime_sector,lgbm_leaves15_700,1,valid,50.0,all_days,0.5,0.4922813632206992,0.43737006237006243,2020-01-02,2023-02-16,2023-02-17,2023-08-21,2023-08-22,2023-11-24,63,0.3492063492063492,-0.00312637883183229,-0.001413265644426006,-0.18461192384230674,-0.2001755791921186,0.5023121325332075
reversal_fundamental_regime_sector,lgbm_leaves15_700,1,test,50.0,all_days,0.5,0.4922813632206992,0.5821501014198783,2020-01-02,2023-02-16,2023-02-17,2023-08-21,2023-08-22,2023-11-24,33,0.5151515151515151,-0.001377144145011966,9.695141484234243e-05,-0.05665469681605928,-0.2065622094707228,0.8475469612962802
reversal_fundamental_regime_sector,lgbm_leaves15_700,2,valid,50.0,all_days,0.8,0.6788502642961433,0.5317480394636985,2020-04-09,2023-05-22,2023-05-23,2023-11-24,2023-11-27,2024-03-01,26,0.6153846153846154,0.004779342694357787,0.002494645354048867,0.12866011351500117,-0.030693066198666297,2.8920409204108877
reversal_fundamental_regime_sector,lgbm_leaves15_700,2,test,50.0,all_days,0.8,0.6788502642961433,0.449290060851927,2020-04-09,2023-05-22,2023-05-23,2023-11-24,2023-11-27,2024-03-01,31,0.41935483870967744,-0.001267482158007172,-0.004173002251688703,-0.041832569292388655,-0.10077141873202666,0.8149997979241482
reversal_fundamental_regime_sector,lgbm_leaves15_700,3,valid,50.0,all_days,0.5,0.46976782346671353,0.502028397565923,2020-07-14,2023-08-21,2023-08-22,2024-03-01,2024-03-04,2024-06-05,63,0.47619047619047616,0.0010147422388712924,-0.0010210638297873907,0.05167984669195613,-0.1676853512191735,1.1512232989888844
reversal_fundamental_regime_sector,lgbm_leaves15_700,3,test,50.0,all_days,0.5,0.46976782346671353,0.5,2020-07-14,2023-08-21,2023-08-22,2024-03-01,2024-03-04,2024-06-05,36,0.5277777777777778,0.0031087443563714815,0.0013782358979390653,0.11311089420189813,-0.05648067848922822,1.7137094680515506
reversal_fundamental_regime_sector,lgbm_leaves15_700,4,valid,50.0,all_days,0.8,0.6891272805497092,0.5006298815822626,2020-10-19,2023-11-24,2023-11-27,2024-06-05,2024-06-06,2024-09-03,26,0.5384615384615384,0.004148474802722542,0.0031633333333332993,0.10940251508482302,-0.033039630099989226,1.8170008341811186
reversal_fundamental_regime_sector,lgbm_leaves15_700,4,test,50.0,all_days,0.8,0.6891272805497092,0.6132478632478633,2020-10-19,2023-11-24,2023-11-27,2024-06-05,2024-06-06,2024-09-03,0,,,,,,
reversal_fundamental_regime_sector,lgbm_leaves15_700,5,valid,50.0,all_days,0.8,0.589469694701319,0.5496957403651117,2021-01-15,2024-03-01,2024-03-04,2024-09-03,2024-09-04,2024-12-10,26,0.5769230769230769,0.002465129767881606,0.0025034875444839323,0.06343945681558605,-0.041478618165760595,1.593730081634639
reversal_fundamental_regime_sector,lgbm_leaves15_700,5,test,50.0,all_days,0.8,0.589469694701319,0.6070707070707071,2021-01-15,2024-03-01,2024-03-04,2024-09-03,2024-09-04,2024-12-10,27,0.5555555555555556,0.004228126325425113,0.0012602741358760418,0.11153712471913235,-0.07761843718065708,1.6660321802499671
reversal_fundamental_regime_sector,lgbm_leaves15_700,6,valid,50.0,all_days,0.7,0.6210742469114541,0.614969135802469,2021-04-22,2024-06-05,2024-06-06,2024-12-10,2024-12-11,2025-03-18,38,0.5263157894736842,0.004836597006815446,9.157818748540064e-05,0.18946864347844872,-0.09159953371172058,1.932757815706597
reversal_fundamental_regime_sector,lgbm_leaves15_700,6,test,50.0,all_days,0.7,0.6210742469114541,0.33877551020408164,2021-04-22,2024-06-05,2024-06-06,2024-12-10,2024-12-11,2025-03-18,24,0.4583333333333333,-0.0017015199960220466,-0.003467041899085029,-0.041626418278984945,-0.09454655616597285,0.710207133519818
reversal_fundamental_regime_sector,lgbm_leaves15_700,7,valid,50.0,all_days,0.8,0.6876321931071827,0.5654476670870114,2021-07-26,2024-09-03,2024-09-04,2025-03-18,2025-03-19,2025-06-20,26,0.6923076923076923,0.005506481628191058,0.0033556411069151117,0.14846986342371782,-0.035902103671605734,2.9318083757763436
reversal_fundamental_regime_sector,lgbm_leaves15_700,7,test,50.0,all_days,0.8,0.6876321931071827,0.5363825363825363,2021-07-26,2024-09-03,2024-09-04,2025-03-18,2025-03-19,2025-06-20,10,0.3,0.004595226572749159,-0.004704793789406022,0.04426231068616926,-0.021138562050346255,1.9722968099034088
reversal_fundamental_regime_sector,lgbm_leaves15_700,8,valid,50.0,all_days,0.5,0.6160318428618845,0.4728877679697352,2021-11-01,2024-12-10,2024-12-11,2025-06-20,2025-06-23,2025-09-17,63,0.49206349206349204,0.0009252495588099812,-0.0006795541401273218,0.05139623897182144,-0.06728312268709191,1.1784300325434027
reversal_fundamental_regime_sector,lgbm_leaves15_700,8,test,50.0,all_days,0.5,0.6160318428618845,0.3950617283950617,2021-11-01,2024-12-10,2024-12-11,2025-06-20,2025-06-23,2025-09-17,17,0.4117647058823529,-0.000433422620109059,-0.0029347809442791216,-0.009036352668514103,-0.05239754465800994,0.9303790987224405
reversal_fundamental_regime_sector,lgbm_leaves15_700,9,valid,50.0,all_days,0.5,0.43061664464727956,0.4654737903225807,2022-01-28,2025-03-18,2025-03-19,2025-09-17,2025-09-18,2025-12-23,63,0.5079365079365079,0.0035494521523562568,8.176233635448854e-05,0.23979670867175984,-0.0697712741872506,1.9151231953671781
reversal_fundamental_regime_sector,lgbm_leaves15_700,9,test,50.0,all_days,0.5,0.43061664464727956,0.5260869565217391,2022-01-28,2025-03-18,2025-03-19,2025-09-17,2025-09-18,2025-12-23,39,0.38461538461538464,-0.002794506703551619,-0.003000188679245338,-0.10753187308779866,-0.11879997327989655,0.6270105608873613
reversal_fundamental_regime_sector,lgbm_leaves15_700,10,valid,50.0,all_days,0.5,0.3852880218933643,0.4983556792309638,2022-05-11,2025-06-20,2025-06-23,2025-12-23,2025-12-24,2026-04-01,63,0.49206349206349204,0.0014152499397863737,-0.00016999999999999999,0.08411829522092784,-0.10413869447379587,1.2641091318176043
reversal_fundamental_regime_sector,lgbm_leaves15_700,10,test,50.0,all_days,0.5,0.3852880218933643,0.5606995884773662,2022-05-11,2025-06-20,2025-06-23,2025-12-23,2025-12-24,2026-04-01,31,0.4838709677419355,-0.0008191750922445702,-0.0022361157024793875,-0.030899786660285367,-0.1190133497782222,0.9026988810355716
reversal_fundamental_regime_sector_external,xgb_d2_200_lr003_mcw5,1,valid,50.0,all_days,0.8,0.5221874713897705,0.5179313929313929,2020-01-02,2023-02-16,2023-02-17,2023-08-21,2023-08-22,2023-11-24,26,0.5,0.0005957107678076733,0.00018435861091426267,0.011805294598968397,-0.10388312002330824,1.109640659554925
reversal_fundamental_regime_sector_external,xgb_d2_200_lr003_mcw5,1,test,50.0,all_days,0.8,0.5221874713897705,0.6298174442190669,2020-01-02,2023-02-16,2023-02-17,2023-08-21,2023-08-22,2023-11-24,18,0.5555555555555556,0.006161434736285224,0.005455281654698666,0.1097428444829236,-0.07868834760255972,2.0457045716378714
reversal_fundamental_regime_sector_external,xgb_d2_200_lr003_mcw5,2,valid,50.0,all_days,0.8,0.534294605255127,0.4849481406526689,2020-04-09,2023-05-22,2023-05-23,2023-11-24,2023-11-27,2024-03-01,26,0.5769230769230769,0.005286778036874141,0.0028924584842185998,0.13712673898709582,-0.10203830482925569,1.9362570889746864
reversal_fundamental_regime_sector_external,xgb_d2_200_lr003_mcw5,2,test,50.0,all_days,0.8,0.534294605255127,0.5283975659229209,2020-04-09,2023-05-22,2023-05-23,2023-11-24,2023-11-27,2024-03-01,17,0.5882352941176471,0.0026113519768999607,0.0032371550255536653,0.04362523305855337,-0.03492483062177487,1.6060586738601146
reversal_fundamental_regime_sector_external,xgb_d2_200_lr003_mcw5,3,valid,50.0,all_days,0.8,0.5712575912475586,0.5595841784989859,2020-07-14,2023-08-21,2023-08-22,2024-03-01,2024-03-04,2024-06-05,26,0.6538461538461539,0.008038366648881412,0.006125704868258034,0.22229651870141298,-0.07868834760255972,2.7740582634550197
reversal_fundamental_regime_sector_external,xgb_d2_200_lr003_mcw5,3,test,50.0,all_days,0.8,0.5712575912475586,0.4695740365111562,2020-07-14,2023-08-21,2023-08-22,2024-03-01,2024-03-04,2024-06-05,10,0.6,0.006341018291740923,0.005469775841855932,0.0640394371073052,-0.0191310432169165,2.864716421249897
reversal_fundamental_regime_sector_external,xgb_d2_200_lr003_mcw5,4,valid,50.0,all_days,0.5,0.4984266608953476,0.4850088183421517,2020-10-19,2023-11-24,2023-11-27,2024-06-05,2024-06-06,2024-09-03,63,0.47619047619047616,0.0003592854763383075,-0.000644270808631716,0.014012907433817556,-0.14845020404901776,1.0581026501897046
reversal_fundamental_regime_sector_external,xgb_d2_200_lr003_mcw5,4,test,50.0,all_days,0.5,0.4984266608953476,0.4818376068376069,2020-10-19,2023-11-24,2023-11-27,2024-06-05,2024-06-06,2024-09-03,18,0.2777777777777778,-0.0053647101744407006,-0.0051587479961205905,-0.09459286189489047,-0.09015732215176864,0.4465937329747055
reversal_fundamental_regime_sector_external,xgb_d2_200_lr003_mcw5,5,valid,50.0,all_days,0.7,0.5321926474571228,0.5228194726166329,2021-01-15,2024-03-01,2024-03-04,2024-09-03,2024-09-04,2024-12-10,38,0.5263157894736842,0.0036394957816036602,0.0025034875444839323,0.1424983594889151,-0.053661766623141705,1.8170696853701127
reversal_fundamental_regime_sector_external,xgb_d2_200_lr003_mcw5,5,test,50.0,all_days,0.7,0.5321926474571228,0.5494949494949495,2021-01-15,2024-03-01,2024-03-04,2024-09-03,2024-09-04,2024-12-10,27,0.5185185185185185,0.0036313038761285436,0.0012602741358760418,0.08938498971205378,-0.11070823745779579,1.3937356584861278
reversal_fundamental_regime_sector_external,xgb_d2_200_lr003_mcw5,6,valid,50.0,all_days,0.8,0.6547489762306213,0.5213477366255144,2021-04-22,2024-06-05,2024-06-06,2024-12-10,2024-12-11,2025-03-18,26,0.4230769230769231,0.007424733884424813,-0.0004153107119309572,0.2006154821306121,-0.07450183575642666,2.2037551270227933
reversal_fundamental_regime_sector_external,xgb_d2_200_lr003_mcw5,6,test,50.0,all_days,0.8,0.6547489762306213,0.3653061224489796,2021-04-22,2024-06-05,2024-06-06,2024-12-10,2024-12-11,2025-03-18,2,0.0,-0.009467325484654173,-0.009467325484654173,-0.018849492098859555,-0.011581889596603001,0.0
reversal_fundamental_regime_sector_external,xgb_d2_200_lr003_mcw5,7,valid,50.0,all_days,0.8,0.5880100131034851,0.5122320302648171,2021-07-26,2024-09-03,2024-09-04,2025-03-18,2025-03-19,2025-06-20,26,0.5,0.001800596941419446,-0.0017726198607664855,0.04130693094843574,-0.07450183575642677,1.2603707202057748
reversal_fundamental_regime_sector_external,xgb_d2_200_lr003_mcw5,7,test,50.0,all_days,0.8,0.5880100131034851,0.5883575883575883,2021-07-26,2024-09-03,2024-09-04,2025-03-18,2025-03-19,2025-06-20,5,0.6,0.014036245911513489,8.176233635448854e-05,0.07016780536267553,-0.007664379215588379,5.282467911235745
reversal_fundamental_regime_sector_external,xgb_d2_200_lr003_mcw5,8,valid,50.0,all_days,0.8,0.5736479163169861,0.5215636822194198,2021-11-01,2024-12-10,2024-12-11,2025-06-20,2025-06-23,2025-09-17,26,0.5384615384615384,0.003722451826858728,0.0007459786135287673,0.09786166435200805,-0.041371708498643245,2.049748434952541
reversal_fundamental_regime_sector_external,xgb_d2_200_lr003_mcw5,8,test,50.0,all_days,0.8,0.5736479163169861,0.3508230452674897,2021-11-01,2024-12-10,2024-12-11,2025-06-20,2025-06-23,2025-09-17,15,0.5333333333333333,0.003355836065614599,0.0026182891854211778,0.049894950269499194,-0.038192517132167314,1.7733270827970609
reversal_fundamental_regime_sector_external,xgb_d2_200_lr003_mcw5,9,valid,50.0,all_days,0.5,0.5162089467048645,0.5226814516129031,2022-01-28,2025-03-18,2025-03-19,2025-09-17,2025-09-18,2025-12-23,63,0.5238095238095238,0.00352472395471797,0.001090398285858333,0.23735478388252007,-0.04377075636774985,1.871852392198004
reversal_fundamental_regime_sector_external,xgb_d2_200_lr003_mcw5,9,test,50.0,all_days,0.5,0.5162089467048645,0.5706521739130435,2022-01-28,2025-03-18,2025-03-19,2025-09-17,2025-09-18,2025-12-23,26,0.4230769230769231,-6.447082150376722e-05,-0.002004466422966974,-0.004430787225949806,-0.05593786268834178,0.9885392227611555
reversal_fundamental_regime_sector_external,xgb_d2_200_lr003_mcw5,10,valid,50.0,all_days,0.8,0.5101358890533447,0.5423728813559323,2022-05-11,2025-06-20,2025-06-23,2025-12-23,2025-12-24,2026-04-01,26,0.5769230769230769,0.003967848590321608,0.004008729132697234,0.10406662945556633,-0.04351219214231139,1.7573140053860254
reversal_fundamental_regime_sector_external,xgb_d2_200_lr003_mcw5,10,test,50.0,all_days,0.8,0.5101358890533447,0.3230452674897119,2022-05-11,2025-06-20,2025-06-23,2025-12-23,2025-12-24,2026-04-01,16,0.25,-0.00803732446664979,-0.009857764829645618,-0.12310906293486878,-0.14894765416861389,0.3146336581925237
reversal_fundamental_regime_sector_external,xgb_d3_400_lr003_mcw3,1,valid,50.0,all_days,0.6,0.4791169762611389,0.597972972972973,2020-01-02,2023-02-16,2023-02-17,2023-08-21,2023-08-22,2023-11-24,51,0.5294117647058824,0.001505562094839918,0.0007495402298849409,0.07328918985301702,-0.10430937544892327,1.3187021579152702
reversal_fundamental_regime_sector_external,xgb_d3_400_lr003_mcw3,1,test,50.0,all_days,0.6,0.4791169762611389,0.5993914807302231,2020-01-02,2023-02-16,2023-02-17,2023-08-21,2023-08-22,2023-11-24,41,0.5121951219512195,0.003268213858656277,0.0008181422924902239,0.13236719240785244,-0.11559160313837613,1.6349684123938322
reversal_fundamental_regime_sector_external,xgb_d3_400_lr003_mcw3,2,valid,50.0,all_days,0.8,0.6006847620010376,0.48140652668859096,2020-04-09,2023-05-22,2023-05-23,2023-11-24,2023-11-27,2024-03-01,26,0.5769230769230769,0.0045128624752566,0.003591505294421985,0.11531059331250604,-0.08647040148243035,1.8059188647027586
reversal_fundamental_regime_sector_external,xgb_d3_400_lr003_mcw3,2,test,50.0,all_days,0.8,0.6006847620010376,0.5273833671399594,2020-04-09,2023-05-22,2023-05-23,2023-11-24,2023-11-27,2024-03-01,18,0.6666666666666666,0.006790854405822743,0.006043799327262404,0.12763598083598504,-0.012221349227141909,3.5934697600238037
reversal_fundamental_regime_sector_external,xgb_d3_400_lr003_mcw3,3,valid,50.0,all_days,0.8,0.6288776397705078,0.5628803245436105,2020-07-14,2023-08-21,2023-08-22,2024-03-01,2024-03-04,2024-06-05,26,0.5769230769230769,0.005885989141731666,0.003556776865353054,0.156026023812893,-0.07868834760255983,2.0539993958694
reversal_fundamental_regime_sector_external,xgb_d3_400_lr003_mcw3,3,test,50.0,all_days,0.8,0.6288776397705078,0.5385395537525355,2020-07-14,2023-08-21,2023-08-22,2024-03-01,2024-03-04,2024-06-05,6,0.6666666666666666,0.004820709606117545,0.005469775841855932,0.02864533768149169,-0.010708641686182796,2.134717152800078
reversal_fundamental_regime_sector_external,xgb_d3_400_lr003_mcw3,4,valid,50.0,all_days,0.8,0.6376113891601562,0.5736961451247166,2020-10-19,2023-11-24,2023-11-27,2024-06-05,2024-06-06,2024-09-03,26,0.6923076923076923,0.006083121023486306,0.007388071005885458,0.16722846572654926,-0.042812507013558876,2.5420045149119943
reversal_fundamental_regime_sector_external,xgb_d3_400_lr003_mcw3,4,test,50.0,all_days,0.8,0.6376113891601562,0.5598290598290598,2020-10-19,2023-11-24,2023-11-27,2024-06-05,2024-06-06,2024-09-03,5,0.6,0.010853547771793173,0.01204443112418008,0.05506517735331706,-0.003022697095435678,16.86381098166699
reversal_fundamental_regime_sector_external,xgb_d3_400_lr003_mcw3,5,valid,50.0,all_days,0.6,0.49409544467926025,0.5542596348884381,2021-01-15,2024-03-01,2024-03-04,2024-09-03,2024-09-04,2024-12-10,51,0.5490196078431373,0.004381352037043009,0.0023299999999999467,0.23980308637204217,-0.09987021574762012,1.8790232844946586
reversal_fundamental_regime_sector_external,xgb_d3_400_lr003_mcw3,5,test,50.0,all_days,0.6,0.49409544467926025,0.6191919191919192,2021-01-15,2024-03-01,2024-03-04,2024-09-03,2024-09-04,2024-12-10,31,0.5806451612903226,0.007283519338877141,0.001812160555004997,0.23384088012948623,-0.1107082374577959,1.9292005477406446
reversal_fundamental_regime_sector_external,xgb_d3_400_lr003_mcw3,6,valid,50.0,all_days,0.8,0.6765477657318115,0.5308641975308641,2021-04-22,2024-06-05,2024-06-06,2024-12-10,2024-12-11,2025-03-18,26,0.5,0.004691191948741189,0.004079674866270148,0.11932308239902456,-0.10691128856454457,1.5464149905556157
reversal_fundamental_regime_sector_external,xgb_d3_400_lr003_mcw3,6,test,50.0,all_days,0.8,0.6765477657318115,0.4285714285714286,2021-04-22,2024-06-05,2024-06-06,2024-12-10,2024-12-11,2025-03-18,7,0.2857142857142857,-0.004560964849057101,-0.0073527613727053485,-0.031640468550156786,-0.025240949120839518,0.21425567120665687
reversal_fundamental_regime_sector_external,xgb_d3_400_lr003_mcw3,7,valid,50.0,all_days,0.8,0.6662283539772034,0.4920554854981084,2021-07-26,2024-09-03,2024-09-04,2025-03-18,2025-03-19,2025-06-20,26,0.38461538461538464,0.0012098991345428985,-0.005534583434695702,0.025522361833800522,-0.08302878728489127,1.1704315119631488
reversal_fundamental_regime_sector_external,xgb_d3_400_lr003_mcw3,7,test,50.0,all_days,0.8,0.6662283539772034,0.6237006237006236,2021-07-26,2024-09-03,2024-09-04,2025-03-18,2025-03-19,2025-06-20,5,0.6,0.005208259138771236,8.176233635448854e-05,0.02601683728177151,-0.006331137440758305,3.535437260372638
reversal_fundamental_regime_sector_external,xgb_d3_400_lr003_mcw3,8,valid,50.0,all_days,0.5,0.513984739780426,0.5727616645649432,2021-11-01,2024-12-10,2024-12-11,2025-06-20,2025-06-23,2025-09-17,63,0.5555555555555556,0.0016998767234640726,0.0011722818791946067,0.10637087763410924,-0.06599828362560611,1.4326643917110957
reversal_fundamental_regime_sector_external,xgb_d3_400_lr003_mcw3,8,test,50.0,all_days,0.5,0.513984739780426,0.3611111111111111,2021-11-01,2024-12-10,2024-12-11,2025-06-20,2025-06-23,2025-09-17,19,0.5263157894736842,0.003979297675694525,0.0026182891854211778,0.07656000608368019,-0.0435121921423115,2.0873150643823513
reversal_fundamental_regime_sector_external,xgb_d3_400_lr003_mcw3,9,valid,50.0,all_days,0.5,0.45153726637363434,0.4803427419354839,2022-01-28,2025-03-18,2025-03-19,2025-09-17,2025-09-18,2025-12-23,63,0.4603174603174603,0.0008029372398912702,-0.0006795541401273218,0.04522109170021582,-0.06436347002196374,1.179302329148837
reversal_fundamental_regime_sector_external,xgb_d3_400_lr003_mcw3,9,test,50.0,all_days,0.5,0.45153726637363434,0.5543478260869565,2022-01-28,2025-03-18,2025-03-19,2025-09-17,2025-09-18,2025-12-23,44,0.38636363636363635,-0.0013696765858286163,-0.0024064902914155938,-0.06246000069127189,-0.0650338274414568,0.7720231015040963
reversal_fundamental_regime_sector_external,xgb_d3_400_lr003_mcw3,10,valid,50.0,all_days,0.5,0.4288058429956436,0.51226916266127,2022-05-11,2025-06-20,2025-06-23,2025-12-23,2025-12-24,2026-04-01,63,0.5079365079365079,0.0015619852611148744,3.533880903483849e-05,0.0947657857879749,-0.10847323594722125,1.3054697736762448
reversal_fundamental_regime_sector_external,xgb_d3_400_lr003_mcw3,10,test,50.0,all_days,0.5,0.4288058429956436,0.38683127572016457,2022-05-11,2025-06-20,2025-06-23,2025-12-23,2025-12-24,2026-04-01,40,0.4,-0.005720323627401041,-0.004927231218755764,-0.21263361538157777,-0.2623428093397767,0.48161289425895254
reversal_fundamental_regime_sector_external,xgb_d3_600_lr002_mcw3,1,valid,50.0,all_days,0.8,0.5544172525405884,0.5595114345114345,2020-01-02,2023-02-16,2023-02-17,2023-08-21,2023-08-22,2023-11-24,26,0.5384615384615384,0.0023381563244365385,0.00090309363726793,0.057988821325784645,-0.07158144987073778,1.420619170868558
reversal_fundamental_regime_sector_external,xgb_d3_600_lr002_mcw3,1,test,50.0,all_days,0.8,0.5544172525405884,0.5912778904665315,2020-01-02,2023-02-16,2023-02-17,2023-08-21,2023-08-22,2023-11-24,24,0.5833333333333334,0.006679622847415699,0.003951835239249805,0.16341119555253836,-0.07868834760255994,2.177299797948677
reversal_fundamental_regime_sector_external,xgb_d3_600_lr002_mcw3,2,valid,50.0,all_days,0.7,0.5473887324333191,0.46091576018214014,2020-04-09,2023-05-22,2023-05-23,2023-11-24,2023-11-27,2024-03-01,38,0.5,0.0025232017657204685,0.0005487350263536674,0.0903907868324767,-0.11390032969045549,1.425241944775868
reversal_fundamental_regime_sector_external,xgb_d3_600_lr002_mcw3,2,test,50.0,all_days,0.7,0.5473887324333191,0.5486815415821501,2020-04-09,2023-05-22,2023-05-23,2023-11-24,2023-11-27,2024-03-01,24,0.5416666666666666,0.002332614212802984,0.0020917689724475642,0.05476372309343591,-0.03492483062177487,1.4800367623165414
reversal_fundamental_regime_sector_external,xgb_d3_600_lr002_mcw3,3,valid,50.0,all_days,0.8,0.6338099837303162,0.5661764705882353,2020-07-14,2023-08-21,2023-08-22,2024-03-01,2024-03-04,2024-06-05,26,0.6153846153846154,0.0068821896172479285,0.005492986026172878,0.18577040638581854,-0.07868834760255994,2.2121909637030988
reversal_fundamental_regime_sector_external,xgb_d3_600_lr002_mcw3,3,test,50.0,all_days,0.8,0.6338099837303162,0.5314401622718053,2020-07-14,2023-08-21,2023-08-22,2024-03-01,2024-03-04,2024-06-05,6,0.5,0.00339730045893607,0.0011995484003115044,0.0199290638866505,-0.011346013229576069,1.7799561245666362
reversal_fundamental_regime_sector_external,xgb_d3_600_lr002_mcw3,4,valid,50.0,all_days,0.6,0.5546318888664246,0.563618039808516,2020-10-19,2023-11-24,2023-11-27,2024-06-05,2024-06-06,2024-09-03,51,0.5490196078431373,0.0025552849352810203,0.0023299999999999467,0.13316621300194553,-0.05651200277281343,1.5921343795196417
reversal_fundamental_regime_sector_external,xgb_d3_600_lr002_mcw3,4,test,50.0,all_days,0.6,0.5546318888664246,0.5555555555555556,2020-10-19,2023-11-24,2023-11-27,2024-06-05,2024-06-06,2024-09-03,8,0.625,0.010438410000108955,0.012988928120854285,0.08592561919929853,-0.012173960740574308,7.627635368115932
reversal_fundamental_regime_sector_external,xgb_d3_600_lr002_mcw3,5,valid,50.0,all_days,0.7,0.5452677607536316,0.5856997971602435,2021-01-15,2024-03-01,2024-03-04,2024-09-03,2024-09-04,2024-12-10,38,0.6578947368421053,0.00741090324608049,0.007388071005885458,0.3172971547323089,-0.05228248144774317,3.2101265785801685
reversal_fundamental_regime_sector_external,xgb_d3_600_lr002_mcw3,5,test,50.0,all_days,0.7,0.5452677607536316,0.5828282828282829,2021-01-15,2024-03-01,2024-03-04,2024-09-03,2024-09-04,2024-12-10,26,0.5384615384615384,0.0066612684313911204,0.0015362173454405194,0.17740571279395567,-0.05255053407050703,1.9961348725064685
reversal_fundamental_regime_sector_external,xgb_d3_600_lr002_mcw3,6,valid,50.0,all_days,0.7,0.63209468126297,0.5491255144032922,2021-04-22,2024-06-05,2024-06-06,2024-12-10,2024-12-11,2025-03-18,38,0.47368421052631576,0.0027378005043981295,-0.0004153107119309572,0.09603476637897135,-0.133633278011434,1.3349503105861444
reversal_fundamental_regime_sector_external,xgb_d3_600_lr002_mcw3,6,test,50.0,all_days,0.7,0.63209468126297,0.39693877551020407,2021-04-22,2024-06-05,2024-06-06,2024-12-10,2024-12-11,2025-03-18,13,0.23076923076923078,-0.005313561346973026,-0.0067807297228577,-0.06715254586484853,-0.0600545548768423,0.16793034465714957
reversal_fundamental_regime_sector_external,xgb_d3_600_lr002_mcw3,7,valid,50.0,all_days,0.8,0.6535371541976929,0.49785624211853724,2021-07-26,2024-09-03,2024-09-04,2025-03-18,2025-03-19,2025-06-20,26,0.5,0.004601011149112517,0.00036990734379683046,0.12077746482605334,-0.04726992495136495,1.9858327162374598
reversal_fundamental_regime_sector_external,xgb_d3_600_lr002_mcw3,7,test,50.0,all_days,0.8,0.6535371541976929,0.6392931392931392,2021-07-26,2024-09-03,2024-09-04,2025-03-18,2025-03-19,2025-06-20,2,1.0,0.010233994832022478,0.010233994832022478,0.020469656489620736,0.0,inf
reversal_fundamental_regime_sector_external,xgb_d3_600_lr002_mcw3,8,valid,50.0,all_days,0.6,0.5512389540672302,0.5848675914249686,2021-11-01,2024-12-10,2024-12-11,2025-06-20,2025-06-23,2025-09-17,51,0.5294117647058824,0.0010937542220871427,0.001090398285858333,0.05223100669878544,-0.053398985722464154,1.2546301230693415
reversal_fundamental_regime_sector_external,xgb_d3_600_lr002_mcw3,8,test,50.0,all_days,0.6,0.5512389540672302,0.3621399176954733,2021-11-01,2024-12-10,2024-12-11,2025-06-20,2025-06-23,2025-09-17,14,0.5714285714285714,0.004626179328361007,0.0029036071646875196,0.06574157303980122,-0.016874013037278313,2.6667072285218842
reversal_fundamental_regime_sector_external,xgb_d3_600_lr002_mcw3,9,valid,50.0,all_days,0.6,0.49298378825187683,0.48739919354838707,2022-01-28,2025-03-18,2025-03-19,2025-09-17,2025-09-18,2025-12-23,51,0.47058823529411764,0.0015766422609149945,-0.00016999999999999999,0.07775705565225599,-0.06624305691048715,1.3784746757568305
reversal_fundamental_regime_sector_external,xgb_d3_600_lr002_mcw3,9,test,50.0,all_days,0.6,0.49298378825187683,0.6271739130434782,2022-01-28,2025-03-18,2025-03-19,2025-09-17,2025-09-18,2025-12-23,23,0.5217391304347826,0.00046611362542610044,3.533880903483849e-05,0.008295586595284066,-0.055580557332532976,1.0794536477451109
reversal_fundamental_regime_sector_external,xgb_d3_600_lr002_mcw3,10,valid,50.0,all_days,0.8,0.5051472783088684,0.5274475082216038,2022-05-11,2025-06-20,2025-06-23,2025-12-23,2025-12-24,2026-04-01,26,0.6538461538461539,0.0036101859799360122,0.005502285074746042,0.09552334199752388,-0.049306928536851036,1.9197185145182776
reversal_fundamental_regime_sector_external,xgb_d3_600_lr002_mcw3,10,test,50.0,all_days,0.8,0.5051472783088684,0.39814814814814814,2022-05-11,2025-06-20,2025-06-23,2025-12-23,2025-12-24,2026-04-01,18,0.3333333333333333,-0.006018278065601238,-0.004927231218755764,-0.10616199357876455,-0.13249994953301625,0.47543305076369424
reversal_fundamental_regime_sector_external,xgb_d4_500_lr002_mcw5,1,valid,50.0,all_days,0.7,0.523650735616684,0.5823804573804574,2020-01-02,2023-02-16,2023-02-17,2023-08-21,2023-08-22,2023-11-24,38,0.5263157894736842,0.002708747327976508,0.0008214365467816877,0.10313354169208577,-0.07904966330874197,1.6486544943464911
reversal_fundamental_regime_sector_external,xgb_d4_500_lr002_mcw5,1,test,50.0,all_days,0.7,0.523650735616684,0.5517241379310345,2020-01-02,2023-02-16,2023-02-17,2023-08-21,2023-08-22,2023-11-24,28,0.5,0.0017901125384239026,0.0015683059418457636,0.03786695233196746,-0.15020473800290912,1.2094060480499884
reversal_fundamental_regime_sector_external,xgb_d4_500_lr002_mcw5,2,valid,50.0,all_days,0.8,0.6162760853767395,0.44750822160384524,2020-04-09,2023-05-22,2023-05-23,2023-11-24,2023-11-27,2024-03-01,26,0.5384615384615384,0.004080057044000802,0.002571934378929889,0.10290001053308817,-0.07868834760255983,1.7072290449113776
reversal_fundamental_regime_sector_external,xgb_d4_500_lr002_mcw5,2,test,50.0,all_days,0.8,0.6162760853767395,0.5598377281947262,2020-04-09,2023-05-22,2023-05-23,2023-11-24,2023-11-27,2024-03-01,16,0.6875,0.007253382122173917,0.005492986026172878,0.12079575199569903,-0.02280524099878778,3.87055616415794
reversal_fundamental_regime_sector_external,xgb_d4_500_lr002_mcw5,3,valid,50.0,all_days,0.8,0.6456122994422913,0.5443711967545639,2020-07-14,2023-08-21,2023-08-22,2024-03-01,2024-03-04,2024-06-05,26,0.5769230769230769,0.00676318936455357,0.0050723597955326695,0.18216474655679193,-0.07868834760255983,2.204479251427363
reversal_fundamental_regime_sector_external,xgb_d4_500_lr002_mcw5,3,test,50.0,all_days,0.8,0.6456122994422913,0.5101419878296145,2020-07-14,2023-08-21,2023-08-22,2024-03-01,2024-03-04,2024-06-05,9,0.6666666666666666,0.0014708890370306227,0.003996666666666652,0.01257684499772771,-0.02646833892665268,1.3198461288005137
reversal_fundamental_regime_sector_external,xgb_d4_500_lr002_mcw5,4,valid,50.0,all_days,0.8,0.6031787991523743,0.54673721340388,2020-10-19,2023-11-24,2023-11-27,2024-06-05,2024-06-06,2024-09-03,26,0.6538461538461539,0.00490297001955319,0.005492986026172878,0.1322812971874685,-0.034592449883430576,2.1763690735327583
reversal_fundamental_regime_sector_external,xgb_d4_500_lr002_mcw5,4,test,50.0,all_days,0.8,0.6031787991523743,0.5202991452991453,2020-10-19,2023-11-24,2023-11-27,2024-06-05,2024-06-06,2024-09-03,6,0.3333333333333333,0.00036659314285782986,-0.001710425663848377,0.0009002026961295595,-0.046221275169286424,1.0467327307191683
reversal_fundamental_regime_sector_external,xgb_d4_500_lr002_mcw5,5,valid,50.0,all_days,0.8,0.5676400661468506,0.5593306288032455,2021-01-15,2024-03-01,2024-03-04,2024-09-03,2024-09-04,2024-12-10,26,0.5769230769230769,0.0067968209036499095,0.007388071005885458,0.18971797335164808,-0.021143154362416094,3.4649157259891816
reversal_fundamental_regime_sector_external,xgb_d4_500_lr002_mcw5,5,test,50.0,all_days,0.8,0.5676400661468506,0.5666666666666667,2021-01-15,2024-03-01,2024-03-04,2024-09-03,2024-09-04,2024-12-10,25,0.64,0.009137744849335497,0.0054769432850478895,0.24457567595107665,-0.047848753482405804,2.639192816402059
reversal_fundamental_regime_sector_external,xgb_d4_500_lr002_mcw5,6,valid,50.0,all_days,0.8,0.6090775728225708,0.5025720164609053,2021-04-22,2024-06-05,2024-06-06,2024-12-10,2024-12-11,2025-03-18,26,0.4230769230769231,0.0034113074887154988,-0.0022667396091704504,0.08468552784980177,-0.07303927846601388,1.493587262248393
reversal_fundamental_regime_sector_external,xgb_d4_500_lr002_mcw5,6,test,50.0,all_days,0.8,0.6090775728225708,0.4744897959183674,2021-04-22,2024-06-05,2024-06-06,2024-12-10,2024-12-11,2025-03-18,16,0.4375,-0.0023232415311770747,-0.003454464711772961,-0.03688760735242036,-0.029559331916660603,0.4671606914420053
reversal_fundamental_regime_sector_external,xgb_d4_500_lr002_mcw5,7,valid,50.0,all_days,0.8,0.6434594988822937,0.5245901639344263,2021-07-26,2024-09-03,2024-09-04,2025-03-18,2025-03-19,2025-06-20,26,0.46153846153846156,0.004843791680210126,-0.0005728251221448454,0.1280634810458563,-0.05082266790978307,2.2393235734229875
reversal_fundamental_regime_sector_external,xgb_d4_500_lr002_mcw5,7,test,50.0,all_days,0.8,0.6434594988822937,0.6330561330561331,2021-07-26,2024-09-03,2024-09-04,2025-03-18,2025-03-19,2025-06-20,3,1.0,0.028856421172182012,0.02038622732769047,0.08792400071140882,0.0,inf
reversal_fundamental_regime_sector_external,xgb_d4_500_lr002_mcw5,8,valid,50.0,all_days,0.6,0.5492711067199707,0.5649432534678436,2021-11-01,2024-12-10,2024-12-11,2025-06-20,2025-06-23,2025-09-17,51,0.5686274509803921,0.0007243541846024644,0.0011868521031208647,0.03510117788983669,-0.04841598329700636,1.204326333346043
reversal_fundamental_regime_sector_external,xgb_d4_500_lr002_mcw5,8,test,50.0,all_days,0.6,0.5492711067199707,0.37139917695473257,2021-11-01,2024-12-10,2024-12-11,2025-06-20,2025-06-23,2025-09-17,14,0.35714285714285715,0.0012536034210674939,-0.0018307768845279258,0.016559008774718276,-0.026602430655955467,1.3000619362599237
reversal_fundamental_regime_sector_external,xgb_d4_500_lr002_mcw5,9,valid,50.0,all_days,0.5,0.45177777111530304,0.4838709677419355,2022-01-28,2025-03-18,2025-03-19,2025-09-17,2025-09-18,2025-12-23,63,0.49206349206349204,0.002650077263213633,-0.00016999999999999999,0.1734638127491137,-0.062446066573458525,1.7018061292517217
reversal_fundamental_regime_sector_external,xgb_d4_500_lr002_mcw5,9,test,50.0,all_days,0.5,0.45177777111530304,0.5804347826086956,2022-01-28,2025-03-18,2025-03-19,2025-09-17,2025-09-18,2025-12-23,22,0.45454545454545453,-6.545574847173276e-05,-0.000981237373737339,-0.003486388131062501,-0.06272592870712668,0.9877858528434637
reversal_fundamental_regime_sector_external,xgb_d4_500_lr002_mcw5,10,valid,50.0,all_days,0.8,0.47952204942703247,0.5717176827725778,2022-05-11,2025-06-20,2025-06-23,2025-12-23,2025-12-24,2026-04-01,26,0.6923076923076923,0.005818649804017737,0.005675986472198694,0.16133131608722406,-0.030243847347658726,4.657852665474789
reversal_fundamental_regime_sector_external,xgb_d4_500_lr002_mcw5,10,test,50.0,all_days,0.8,0.47952204942703247,0.38786008230452673,2022-05-11,2025-06-20,2025-06-23,2025-12-23,2025-12-24,2026-04-01,22,0.3181818181818182,-0.0052800679833453915,-0.006764035632759621,-0.11349473536743004,-0.13961662372457095,0.5074209175100869
reversal_fundamental_regime_sector_external,extra_trees_600_d3,1,valid,50.0,all_days,0.8,0.5034269431195186,0.6029106029106028,2020-01-02,2023-02-16,2023-02-17,2023-08-21,2023-08-22,2023-11-24,26,0.5,0.00142742478098474,0.00018435861091426267,0.03598615464911492,-0.052117338379025435,1.4060922695490339
reversal_fundamental_regime_sector_external,extra_trees_600_d3,1,test,50.0,all_days,0.8,0.5034269431195186,0.5253549695740365,2020-01-02,2023-02-16,2023-02-17,2023-08-21,2023-08-22,2023-11-24,29,0.5172413793103449,0.005489893025768882,0.0017912650159352984,0.16236797503226374,-0.08004657756690037,2.216569919386031
reversal_fundamental_regime_sector_external,extra_trees_600_d3,2,valid,50.0,all_days,0.8,0.5023640684576578,0.5266885909435872,2020-04-09,2023-05-22,2023-05-23,2023-11-24,2023-11-27,2024-03-01,26,0.5384615384615384,0.007723473011235237,0.0028924584842185998,0.2157604405312501,-0.02608910588689828,4.013938389395255
reversal_fundamental_regime_sector_external,extra_trees_600_d3,2,test,50.0,all_days,0.8,0.5023640684576578,0.5496957403651115,2020-04-09,2023-05-22,2023-05-23,2023-11-24,2023-11-27,2024-03-01,14,0.5,-0.002887782844997415,-0.0006518501419934229,-0.040681136433236786,-0.0550595053988272,0.5532091168731463
reversal_fundamental_regime_sector_external,extra_trees_600_d3,3,valid,50.0,all_days,0.8,0.5101630836488841,0.5849391480730223,2020-07-14,2023-08-21,2023-08-22,2024-03-01,2024-03-04,2024-06-05,26,0.6538461538461539,0.010475690657142728,0.005492986026172878,0.3041590460380208,-0.024959881030187425,4.615200561288984
reversal_fundamental_regime_sector_external,extra_trees_600_d3,3,test,50.0,all_days,0.8,0.5101630836488841,0.5020283975659229,2020-07-14,2023-08-21,2023-08-22,2024-03-01,2024-03-04,2024-06-05,9,0.4444444444444444,0.004881711230963632,-0.004830587639310987,0.04347915783098122,-0.03911570109059559,2.1057657924507036
reversal_fundamental_regime_sector_external,extra_trees_600_d3,4,valid,50.0,all_days,0.7,0.5034845247923421,0.4771982867220963,2020-10-19,2023-11-24,2023-11-27,2024-06-05,2024-06-06,2024-09-03,38,0.5263157894736842,0.0019926178288142663,0.0010328536566794923,0.07361610471373381,-0.05030799901805827,1.380764031672207
reversal_fundamental_regime_sector_external,extra_trees_600_d3,4,test,50.0,all_days,0.7,0.5034845247923421,0.5747863247863249,2020-10-19,2023-11-24,2023-11-27,2024-06-05,2024-06-06,2024-09-03,7,0.5714285714285714,0.0016621270316253699,0.0026826970954356745,0.01088384291774247,-0.028033777089783274,1.3099144294304779
reversal_fundamental_regime_sector_external,extra_trees_600_d3,5,valid,50.0,all_days,0.8,0.5109522209279697,0.5240872210953348,2021-01-15,2024-03-01,2024-03-04,2024-09-03,2024-09-04,2024-12-10,26,0.5769230769230769,0.004610606141782402,0.0025063485477178106,0.12353735443347635,-0.07007351123807692,2.2110580262901247
reversal_fundamental_regime_sector_external,extra_trees_600_d3,5,test,50.0,all_days,0.8,0.5109522209279697,0.5151515151515151,2021-01-15,2024-03-01,2024-03-04,2024-09-03,2024-09-04,2024-12-10,19,0.5263157894736842,0.006683828596896217,9.062027625739505e-05,0.12190752227740487,-0.13131209282776646,1.639622897328544
reversal_fundamental_regime_sector_external,extra_trees_600_d3,6,valid,50.0,all_days,0.7,0.5330373788084747,0.5136316872427983,2021-04-22,2024-06-05,2024-06-06,2024-12-10,2024-12-11,2025-03-18,38,0.5526315789473685,0.005794532693888965,0.0013866586858465348,0.23244560295687555,-0.0653260407888927,1.9582956925184485
reversal_fundamental_regime_sector_external,extra_trees_600_d3,6,test,50.0,all_days,0.7,0.5330373788084747,0.4163265306122449,2021-04-22,2024-06-05,2024-06-06,2024-12-10,2024-12-11,2025-03-18,2,0.0,-0.014108862276092645,-0.014108862276092645,-0.028019392648629293,-0.014962144861004889,0.0
reversal_fundamental_regime_sector_external,extra_trees_600_d3,7,valid,50.0,all_days,0.8,0.5096944283017684,0.5109709962168979,2021-07-26,2024-09-03,2024-09-04,2025-03-18,2025-03-19,2025-06-20,26,0.5384615384615384,0.0017128297757385493,0.0010437337567634798,0.03418902479965413,-0.11550507929076326,1.1930096269618933
reversal_fundamental_regime_sector_external,extra_trees_600_d3,7,test,50.0,all_days,0.8,0.5096944283017684,0.5945945945945945,2021-07-26,2024-09-03,2024-09-04,2025-03-18,2025-03-19,2025-06-20,7,0.42857142857142855,0.00856667650824645,-0.004673377533149999,0.05904620248690029,-0.01814923524943013,2.583179618836072
reversal_fundamental_regime_sector_external,extra_trees_600_d3,8,valid,50.0,all_days,0.5,0.5147872167544838,0.5604035308953342,2021-11-01,2024-12-10,2024-12-11,2025-06-20,2025-06-23,2025-09-17,63,0.5396825396825397,0.000334078326832908,0.0011722818791946067,0.013634595893620594,-0.12173252322308037,1.0626398731474507
reversal_fundamental_regime_sector_external,extra_trees_600_d3,8,test,50.0,all_days,0.5,0.5147872167544838,0.5545267489711935,2021-11-01,2024-12-10,2024-12-11,2025-06-20,2025-06-23,2025-09-17,2,0.5,-0.0038612168311906135,-0.0038612168311906135,-0.007749508665183091,-0.010340722847802408,0.2532017561980798
reversal_fundamental_regime_sector_external,extra_trees_600_d3,9,valid,50.0,all_days,0.7,0.5276481357501016,0.453125,2022-01-28,2025-03-18,2025-03-19,2025-09-17,2025-09-18,2025-12-23,38,0.5,0.004016753656129033,-0.00029889590188641665,0.1575246700874,-0.054232394925710636,2.0290480216605875
reversal_fundamental_regime_sector_external,extra_trees_600_d3,9,test,50.0,all_days,0.7,0.5276481357501016,0.5815217391304348,2022-01-28,2025-03-18,2025-03-19,2025-09-17,2025-09-18,2025-12-23,3,0.6666666666666666,0.007272694220254675,0.005878387096774244,0.021883858940189738,-0.0015841414141414267,14.772812493882714
reversal_fundamental_regime_sector_external,extra_trees_600_d3,10,valid,50.0,all_days,0.6,0.4826203610912703,0.46218062231216794,2022-05-11,2025-06-20,2025-06-23,2025-12-23,2025-12-24,2026-04-01,51,0.47058823529411764,0.0006768772944374576,-0.0003783333333332549,0.03023964098361076,-0.05447886877672092,1.1366359266783974
reversal_fundamental_regime_sector_external,extra_trees_600_d3,10,test,50.0,all_days,0.6,0.4826203610912703,0.5555555555555556,2022-05-11,2025-06-20,2025-06-23,2025-12-23,2025-12-24,2026-04-01,58,0.43103448275862066,-0.0010406992556283472,-0.0025901683932798535,-0.07135485869958114,-0.16008652709917404,0.8740546283652573
reversal_fundamental_regime_sector_external,random_forest_600_d4,1,valid,50.0,all_days,0.8,0.5260796545342699,0.5548336798336798,2020-01-02,2023-02-16,2023-02-17,2023-08-21,2023-08-22,2023-11-24,26,0.5384615384615384,0.003470821070714528,0.00090309363726793,0.09001887496817895,-0.05305084287197648,1.740064268585773
reversal_fundamental_regime_sector_external,random_forest_600_d4,1,test,50.0,all_days,0.8,0.5260796545342699,0.5709939148073022,2020-01-02,2023-02-16,2023-02-17,2023-08-21,2023-08-22,2023-11-24,17,0.5294117647058824,0.0004936389109211056,0.0024783050847456724,0.004044343178974952,-0.07644342306677221,1.0793391109588482
reversal_fundamental_regime_sector_external,random_forest_600_d4,2,valid,50.0,all_days,0.5,0.46847056955665733,0.4852011130786744,2020-04-09,2023-05-22,2023-05-23,2023-11-24,2023-11-27,2024-03-01,63,0.5238095238095238,0.0028317699934196218,0.0009858021266759866,0.18074463924886186,-0.13618579452504764,1.5993757765026406
reversal_fundamental_regime_sector_external,random_forest_600_d4,2,test,50.0,all_days,0.5,0.46847056955665733,0.5344827586206896,2020-04-09,2023-05-22,2023-05-23,2023-11-24,2023-11-27,2024-03-01,37,0.4864864864864865,0.00023925370919628707,-0.002250083203328309,0.004083880615020075,-0.11364049066476745,1.0378773702261361
reversal_fundamental_regime_sector_external,random_forest_600_d4,3,valid,50.0,all_days,0.8,0.5335003247478897,0.545892494929006,2020-07-14,2023-08-21,2023-08-22,2024-03-01,2024-03-04,2024-06-05,26,0.6153846153846154,0.0056400396735965825,0.005492986026172878,0.14903589957872954,-0.07644342306677221,2.088370470080304
reversal_fundamental_regime_sector_external,random_forest_600_d4,3,test,50.0,all_days,0.8,0.5335003247478897,0.47870182555780927,2020-07-14,2023-08-21,2023-08-22,2024-03-01,2024-03-04,2024-06-05,8,0.375,-2.929850826663069e-05,-0.0036422222222222654,-0.0008753944730237606,-0.02777642537523317,0.9943533288210046
reversal_fundamental_regime_sector_external,random_forest_600_d4,4,valid,50.0,all_days,0.8,0.521234607025862,0.48626858150667673,2020-10-19,2023-11-24,2023-11-27,2024-06-05,2024-06-06,2024-09-03,26,0.5384615384615384,0.0024990635263594106,0.0029746330605420236,0.06375406597104871,-0.040059224429081386,1.4792596135769502
reversal_fundamental_regime_sector_external,random_forest_600_d4,4,test,50.0,all_days,0.8,0.521234607025862,0.5224358974358974,2020-10-19,2023-11-24,2023-11-27,2024-06-05,2024-06-06,2024-09-03,2,0.5,0.014344018424759136,0.014344018424759136,0.028592184906128804,-0.003022697095435678,10.490873859916912
reversal_fundamental_regime_sector_external,random_forest_600_d4,5,valid,50.0,all_days,0.5,0.4846245550884981,0.5139452332657202,2021-01-15,2024-03-01,2024-03-04,2024-09-03,2024-09-04,2024-12-10,63,0.49206349206349204,0.003071537475248137,-0.00016999999999999999,0.2011471544989729,-0.13491723363911579,1.579877604854662
reversal_fundamental_regime_sector_external,random_forest_600_d4,5,test,50.0,all_days,0.5,0.4846245550884981,0.5434343434343434,2021-01-15,2024-03-01,2024-03-04,2024-09-03,2024-09-04,2024-12-10,39,0.48717948717948717,0.002017210437212917,-0.0004324671916009458,0.06738058521259616,-0.11070823745779579,1.2527709642833684
reversal_fundamental_regime_sector_external,random_forest_600_d4,6,valid,50.0,all_days,0.8,0.5727352307382731,0.5239197530864197,2021-04-22,2024-06-05,2024-06-06,2024-12-10,2024-12-11,2025-03-18,26,0.4230769230769231,0.004482627525976953,-0.0022667396091704504,0.11274972727662602,-0.0827276712983398,1.6033628110100921
reversal_fundamental_regime_sector_external,random_forest_600_d4,6,test,50.0,all_days,0.8,0.5727352307382731,0.3744897959183674,2021-04-22,2024-06-05,2024-06-06,2024-12-10,2024-12-11,2025-03-18,8,0.125,-0.007982017463625323,-0.009899152938134034,-0.062237838433215176,-0.052446187524685994,0.0562741246361449
reversal_fundamental_regime_sector_external,random_forest_600_d4,7,valid,50.0,all_days,0.8,0.5388106435718896,0.464312736443884,2021-07-26,2024-09-03,2024-09-04,2025-03-18,2025-03-19,2025-06-20,26,0.38461538461538464,0.001136110477642999,-0.00673446317756143,0.02162069486153828,-0.12597760404376368,1.1492989278565289
reversal_fundamental_regime_sector_external,random_forest_600_d4,7,test,50.0,all_days,0.8,0.5388106435718896,0.6143451143451144,2021-07-26,2024-09-03,2024-09-04,2025-03-18,2025-03-19,2025-06-20,9,0.5555555555555556,0.007214874023752391,8.176233635448854e-05,0.064307046369934,-0.01814923524943013,2.714316655821828
reversal_fundamental_regime_sector_external,random_forest_600_d4,8,valid,50.0,all_days,0.8,0.5523442892900338,0.5508196721311476,2021-11-01,2024-12-10,2024-12-11,2025-06-20,2025-06-23,2025-09-17,26,0.4230769230769231,0.0007047399512250601,-0.004306584469012772,0.015014703521168293,-0.0780829696010743,1.1360760363726734
reversal_fundamental_regime_sector_external,random_forest_600_d4,8,test,50.0,all_days,0.8,0.5523442892900338,0.5205761316872428,2021-11-01,2024-12-10,2024-12-11,2025-06-20,2025-06-23,2025-09-17,0,,,,,,
reversal_fundamental_regime_sector_external,random_forest_600_d4,9,valid,50.0,all_days,0.5,0.500690779394179,0.5113407258064516,2022-01-28,2025-03-18,2025-03-19,2025-09-17,2025-09-18,2025-12-23,63,0.5079365079365079,0.00410620355949089,8.176233635448854e-05,0.2826143079219039,-0.05051968946854313,1.9736717594980695
reversal_fundamental_regime_sector_external,random_forest_600_d4,9,test,50.0,all_days,0.5,0.500690779394179,0.575,2022-01-28,2025-03-18,2025-03-19,2025-09-17,2025-09-18,2025-12-23,20,0.4,0.0018628493399657422,-0.002840605592439479,0.034672832139626575,-0.04052588732335105,1.3144532909433044
reversal_fundamental_regime_sector_external,random_forest_600_d4,10,valid,50.0,all_days,0.8,0.48446820877021546,0.4558563116620289,2022-05-11,2025-06-20,2025-06-23,2025-12-23,2025-12-24,2026-04-01,26,0.5769230769230769,0.0034568722398791805,0.0021530147197165207,0.09023684770110196,-0.06993530042630336,1.8119413604998067
reversal_fundamental_regime_sector_external,random_forest_600_d4,10,test,50.0,all_days,0.8,0.48446820877021546,0.4547325102880658,2022-05-11,2025-06-20,2025-06-23,2025-12-23,2025-12-24,2026-04-01,21,0.3333333333333333,-0.006845462274756785,-0.006151627857295502,-0.14004305920730153,-0.21498043839185388,0.4539142991176564
reversal_fundamental_regime_sector_external,lgbm_leaves7_400,1,valid,50.0,all_days,0.7,0.537887456719292,0.5673076923076923,2020-01-02,2023-02-16,2023-02-17,2023-08-21,2023-08-22,2023-11-24,38,0.5,0.0002759196211091141,0.00018435861091426267,0.0029833057371244642,-0.13735354389969978,1.0409365799748227
reversal_fundamental_regime_sector_external,lgbm_leaves7_400,1,test,50.0,all_days,0.7,0.537887456719292,0.6430020283975659,2020-01-02,2023-02-16,2023-02-17,2023-08-21,2023-08-22,2023-11-24,41,0.5121951219512195,0.0012345020014791859,0.0008181422924902239,0.04208063581175825,-0.15311505941346903,1.2071385751987103
reversal_fundamental_regime_sector_external,lgbm_leaves7_400,2,valid,50.0,all_days,0.8,0.5744233107342857,0.5254237288135594,2020-04-09,2023-05-22,2023-05-23,2023-11-24,2023-11-27,2024-03-01,26,0.6153846153846154,0.007357316474225639,0.0050243148395013905,0.19990122953504263,-0.08397358869184457,2.5432728553579262
reversal_fundamental_regime_sector_external,lgbm_leaves7_400,2,test,50.0,all_days,0.8,0.5744233107342857,0.5040567951318458,2020-04-09,2023-05-22,2023-05-23,2023-11-24,2023-11-27,2024-03-01,26,0.5384615384615384,0.0018020020189774806,0.0020917689724475642,0.04500044389284952,-0.057322391491633984,1.3617949382304493
reversal_fundamental_regime_sector_external,lgbm_leaves7_400,3,valid,50.0,all_days,0.8,0.6516990161830026,0.5935598377281948,2020-07-14,2023-08-21,2023-08-22,2024-03-01,2024-03-04,2024-06-05,26,0.5769230769230769,0.005526679334808318,0.0032718834546225962,0.14505910376135445,-0.07868834760255972,2.0074325736180327
reversal_fundamental_regime_sector_external,lgbm_leaves7_400,3,test,50.0,all_days,0.8,0.6516990161830026,0.5476673427991886,2020-07-14,2023-08-21,2023-08-22,2024-03-01,2024-03-04,2024-06-05,4,0.5,0.0044961764882483525,0.003742827352509751,0.01749000192484962,-0.010708641686182796,1.705551533569174
reversal_fundamental_regime_sector_external,lgbm_leaves7_400,4,valid,50.0,all_days,0.8,0.6381078625461966,0.5747039556563366,2020-10-19,2023-11-24,2023-11-27,2024-06-05,2024-06-06,2024-09-03,26,0.6153846153846154,0.002455665779900665,0.0025034875444839323,0.06340986133500537,-0.03364413547513101,1.6124252332264006
reversal_fundamental_regime_sector_external,lgbm_leaves7_400,4,test,50.0,all_days,0.8,0.6381078625461966,0.5042735042735043,2020-10-19,2023-11-24,2023-11-27,2024-06-05,2024-06-06,2024-09-03,3,0.3333333333333333,0.0035041912632772453,-0.00039815423226096866,0.010466129882532593,-0.003022697095435789,4.073087013375062
reversal_fundamental_regime_sector_external,lgbm_leaves7_400,5,valid,50.0,all_days,0.8,0.6138498197229294,0.5309330628803245,2021-01-15,2024-03-01,2024-03-04,2024-09-03,2024-09-04,2024-12-10,26,0.5769230769230769,0.0044117595321971305,0.0025034875444839323,0.11720087017346881,-0.05192349864005974,1.963294605267263
reversal_fundamental_regime_sector_external,lgbm_leaves7_400,5,test,50.0,all_days,0.8,0.6138498197229294,0.6373737373737374,2021-01-15,2024-03-01,2024-03-04,2024-09-03,2024-09-04,2024-12-10,16,0.625,0.012382191974730445,0.006794162451482903,0.20902110925375395,-0.050899117173360375,3.1324887577246816
reversal_fundamental_regime_sector_external,lgbm_leaves7_400,6,valid,50.0,all_days,0.8,0.6999425480286399,0.5136316872427984,2021-04-22,2024-06-05,2024-06-06,2024-12-10,2024-12-11,2025-03-18,26,0.46153846153846156,0.004532640279593875,-0.0004153107119309572,0.11582948704561669,-0.11483901292478571,1.5929098712053118
reversal_fundamental_regime_sector_external,lgbm_leaves7_400,6,test,50.0,all_days,0.8,0.6999425480286399,0.44489795918367353,2021-04-22,2024-06-05,2024-06-06,2024-12-10,2024-12-11,2025-03-18,2,0.0,-0.009001907426476326,-0.009001907426476326,-0.01792550019834449,-0.010651053480247308,0.0
reversal_fundamental_regime_sector_external,lgbm_leaves7_400,7,valid,50.0,all_days,0.7,0.6014874974151869,0.5203026481715007,2021-07-26,2024-09-03,2024-09-04,2025-03-18,2025-03-19,2025-06-20,38,0.5526315789473685,0.003465225182850599,0.0017719088566929865,0.13328935890973814,-0.06177278593684532,1.7589277004044104
reversal_fundamental_regime_sector_external,lgbm_leaves7_400,7,test,50.0,all_days,0.7,0.6014874974151869,0.6309771309771309,2021-07-26,2024-09-03,2024-09-04,2025-03-18,2025-03-19,2025-06-20,12,0.6666666666666666,0.009176993663927354,0.0057099275842914556,0.11348748785050677,-0.005924315736802521,5.740712769196457
reversal_fundamental_regime_sector_external,lgbm_leaves7_400,8,valid,50.0,all_days,0.6,0.49952110792824866,0.5644388398486759,2021-11-01,2024-12-10,2024-12-11,2025-06-20,2025-06-23,2025-09-17,51,0.5098039215686274,0.0015717978478899386,8.176233635448854e-05,0.07631036938161073,-0.06552711260118516,1.3183386588993486
reversal_fundamental_regime_sector_external,lgbm_leaves7_400,8,test,50.0,all_days,0.6,0.49952110792824866,0.36522633744855965,2021-11-01,2024-12-10,2024-12-11,2025-06-20,2025-06-23,2025-09-17,30,0.43333333333333335,-0.00043840883321391046,-0.000731957340645014,-0.0155970432374396,-0.08195884734872061,0.9180666451427673
reversal_fundamental_regime_sector_external,lgbm_leaves7_400,9,valid,50.0,all_days,0.6,0.5090978905388168,0.4495967741935483,2022-01-28,2025-03-18,2025-03-19,2025-09-17,2025-09-18,2025-12-23,51,0.45098039215686275,0.0010409172837368241,-0.0009250969041026923,0.048567981324929344,-0.07659854248622255,1.2290768151441986
reversal_fundamental_regime_sector_external,lgbm_leaves7_400,9,test,50.0,all_days,0.6,0.5090978905388168,0.6869565217391304,2022-01-28,2025-03-18,2025-03-19,2025-09-17,2025-09-18,2025-12-23,39,0.48717948717948717,0.0017405215096689543,-0.0005666679888933733,0.06564993043510547,-0.055321147023645545,1.370072068222237
reversal_fundamental_regime_sector_external,lgbm_leaves7_400,10,valid,50.0,all_days,0.8,0.5421308750057345,0.5583101441942828,2022-05-11,2025-06-20,2025-06-23,2025-12-23,2025-12-24,2026-04-01,26,0.6538461538461539,0.005637829288668461,0.005502285074746042,0.15167962418900816,-0.0531869527475296,2.119098060730747
reversal_fundamental_regime_sector_external,lgbm_leaves7_400,10,test,50.0,all_days,0.8,0.5421308750057345,0.35390946502057613,2022-05-11,2025-06-20,2025-06-23,2025-12-23,2025-12-24,2026-04-01,22,0.3181818181818182,-0.005617066402143447,-0.006722221224136623,-0.12046420200958274,-0.17960457736443813,0.49960390321302084
reversal_fundamental_regime_sector_external,lgbm_leaves15_700,1,valid,50.0,all_days,0.5,0.42587867417218817,0.5696465696465697,2020-01-02,2023-02-16,2023-02-17,2023-08-21,2023-08-22,2023-11-24,63,0.49206349206349204,0.0002516767825806029,-0.00016999999999999999,0.006649000699187502,-0.14326337227043273,1.0439287581380132
reversal_fundamental_regime_sector_external,lgbm_leaves15_700,1,test,50.0,all_days,0.5,0.42587867417218817,0.6257606490872212,2020-01-02,2023-02-16,2023-02-17,2023-08-21,2023-08-22,2023-11-24,49,0.4489795918367347,-0.0005046071140582196,-0.0006645598417408492,-0.03893131815534434,-0.2421719940440844,0.9335739773203859
reversal_fundamental_regime_sector_external,lgbm_leaves15_700,2,valid,50.0,all_days,0.8,0.5872335168972338,0.4907665064507969,2020-04-09,2023-05-22,2023-05-23,2023-11-24,2023-11-27,2024-03-01,26,0.5769230769230769,0.0035545617915343315,0.005379845120601304,0.08992435816398947,-0.08734425870216211,1.7027365961179546
reversal_fundamental_regime_sector_external,lgbm_leaves15_700,2,test,50.0,all_days,0.8,0.5872335168972338,0.502028397565923,2020-04-09,2023-05-22,2023-05-23,2023-11-24,2023-11-27,2024-03-01,18,0.5,0.0005298985507143646,-3.734045522296378e-05,0.006776470686553626,-0.06377630915280086,1.0899817239450833
reversal_fundamental_regime_sector_external,lgbm_leaves15_700,3,valid,50.0,all_days,0.8,0.6846801558739933,0.5905172413793103,2020-07-14,2023-08-21,2023-08-22,2024-03-01,2024-03-04,2024-06-05,26,0.6153846153846154,0.006479846624678743,0.008156398551801506,0.1746089055232214,-0.09680578198259882,2.2174428838454436
reversal_fundamental_regime_sector_external,lgbm_leaves15_700,3,test,50.0,all_days,0.8,0.6846801558739933,0.4989858012170385,2020-07-14,2023-08-21,2023-08-22,2024-03-01,2024-03-04,2024-06-05,10,0.4,0.0016885232203492622,-0.003009453833461847,0.015170344163230487,-0.03582750287220482,1.241523080725445
reversal_fundamental_regime_sector_external,lgbm_leaves15_700,4,valid,50.0,all_days,0.8,0.6402767815644882,0.5764676240866716,2020-10-19,2023-11-24,2023-11-27,2024-06-05,2024-06-06,2024-09-03,26,0.6923076923076923,0.005532255466922649,0.004646717597525777,0.14998359500473257,-0.03101733179291344,2.318424536068167
reversal_fundamental_regime_sector_external,lgbm_leaves15_700,4,test,50.0,all_days,0.8,0.6402767815644882,0.5128205128205128,2020-10-19,2023-11-24,2023-11-27,2024-06-05,2024-06-06,2024-09-03,6,0.3333333333333333,-0.002701726690051916,-0.001710425663848377,-0.017519198142586623,-0.06042893390197712,0.7379276348884909
reversal_fundamental_regime_sector_external,lgbm_leaves15_700,5,valid,50.0,all_days,0.8,0.6155575164429893,0.5671906693711968,2021-01-15,2024-03-01,2024-03-04,2024-09-03,2024-09-04,2024-12-10,26,0.6538461538461539,0.007715927097227353,0.0059550808073493035,0.2181359706397492,-0.034592449883430576,4.635673597699841
reversal_fundamental_regime_sector_external,lgbm_leaves15_700,5,test,50.0,all_days,0.8,0.6155575164429893,0.49292929292929294,2021-01-15,2024-03-01,2024-03-04,2024-09-03,2024-09-04,2024-12-10,15,0.4,-0.0023885817115900988,-0.006351645268663827,-0.03854124566831485,-0.06667889459007881,0.7670264947602415
reversal_fundamental_regime_sector_external,lgbm_leaves15_700,6,valid,50.0,all_days,0.8,0.6773182026172145,0.48894032921810704,2021-04-22,2024-06-05,2024-06-06,2024-12-10,2024-12-11,2025-03-18,26,0.46153846153846156,0.0060494465102227234,-0.0017275821435183657,0.15712095547029525,-0.15263311140914337,1.7187485226513441
reversal_fundamental_regime_sector_external,lgbm_leaves15_700,6,test,50.0,all_days,0.8,0.6773182026172145,0.4040816326530612,2021-04-22,2024-06-05,2024-06-06,2024-12-10,2024-12-11,2025-03-18,8,0.375,-0.0023900814545636077,-0.004032972212697047,-0.019205461611991104,-0.020713849782488913,0.5191416445573791
reversal_fundamental_regime_sector_external,lgbm_leaves15_700,7,valid,50.0,all_days,0.8,0.6304257755438272,0.5329129886506937,2021-07-26,2024-09-03,2024-09-04,2025-03-18,2025-03-19,2025-06-20,26,0.6153846153846154,0.005333286610151608,0.0019045038961372808,0.14289071414276178,-0.0478870817045548,2.546715513729086
reversal_fundamental_regime_sector_external,lgbm_leaves15_700,7,test,50.0,all_days,0.8,0.6304257755438272,0.6029106029106028,2021-07-26,2024-09-03,2024-09-04,2025-03-18,2025-03-19,2025-06-20,8,0.5,0.0030039136129562972,-0.0022799390248093264,0.023885284397760387,-0.010586172701209318,2.130287140044851
reversal_fundamental_regime_sector_external,lgbm_leaves15_700,8,valid,50.0,all_days,0.5,0.44424645473399293,0.5563682219419924,2021-11-01,2024-12-10,2024-12-11,2025-06-20,2025-06-23,2025-09-17,63,0.5396825396825397,0.0018287863845148976,0.0011722818791946067,0.11475148972357507,-0.0596934026954673,1.4452875451818996
reversal_fundamental_regime_sector_external,lgbm_leaves15_700,8,test,50.0,all_days,0.5,0.44424645473399293,0.3888888888888889,2021-11-01,2024-12-10,2024-12-11,2025-06-20,2025-06-23,2025-09-17,25,0.48,0.001618554939704916,-0.00016999999999999999,0.03908003093267842,-0.0678230931340047,1.3682792140717714
reversal_fundamental_regime_sector_external,lgbm_leaves15_700,9,valid,50.0,all_days,0.6,0.452186918773176,0.46068548387096775,2022-01-28,2025-03-18,2025-03-19,2025-09-17,2025-09-18,2025-12-23,51,0.47058823529411764,0.0028848149246538373,-0.0003815059221657889,0.1506225441796707,-0.05069902916835067,1.7533337930334538
reversal_fundamental_regime_sector_external,lgbm_leaves15_700,9,test,50.0,all_days,0.6,0.452186918773176,0.6239130434782608,2022-01-28,2025-03-18,2025-03-19,2025-09-17,2025-09-18,2025-12-23,32,0.46875,0.00022002113019088665,-0.0005704358537837427,0.004508202520507876,-0.05532114702364599,1.04577892325948
reversal_fundamental_regime_sector_external,lgbm_leaves15_700,10,valid,50.0,all_days,0.8,0.5657618205435231,0.47887680242853525,2022-05-11,2025-06-20,2025-06-23,2025-12-23,2025-12-24,2026-04-01,26,0.5769230769230769,0.0030767895965888702,0.0029204559614118865,0.07869156084330409,-0.07018948861834085,1.6025701959077128
reversal_fundamental_regime_sector_external,lgbm_leaves15_700,10,test,50.0,all_days,0.8,0.5657618205435231,0.3940329218106996,2022-05-11,2025-06-20,2025-06-23,2025-12-23,2025-12-24,2026-04-01,21,0.3333333333333333,-0.0052470816229633396,-0.006151627857295502,-0.10801086531708126,-0.13429434215760205,0.5043182485205762
all_no_ak,xgb_d2_200_lr003_mcw5,1,valid,50.0,all_days,0.7,0.542287677526474,0.5592515592515593,2020-01-02,2023-02-16,2023-02-17,2023-08-21,2023-08-22,2023-11-24,38,0.5,0.00045603455991647876,0.00018435861091426267,0.012190495923560585,-0.09065320808924193,1.0800335665912582
all_no_ak,xgb_d2_200_lr003_mcw5,1,test,50.0,all_days,0.7,0.542287677526474,0.6399594320486816,2020-01-02,2023-02-16,2023-02-17,2023-08-21,2023-08-22,2023-11-24,27,0.5925925925925926,0.0068204816186378135,0.003306611883691527,0.19167952966499735,-0.08761299358127961,2.534321174004456
all_no_ak,xgb_d2_200_lr003_mcw5,2,valid,50.0,all_days,0.8,0.5808489918708801,0.5082216038451808,2020-04-09,2023-05-22,2023-05-23,2023-11-24,2023-11-27,2024-03-01,26,0.5384615384615384,0.0035113831030208604,0.0018728875687265036,0.08629748902730294,-0.10211514221301543,1.5307242153969123
all_no_ak,xgb_d2_200_lr003_mcw5,2,test,50.0,all_days,0.8,0.5808489918708801,0.45740365111561865,2020-04-09,2023-05-22,2023-05-23,2023-11-24,2023-11-27,2024-03-01,15,0.5333333333333333,-0.0024319366217196944,0.0009463829193414632,-0.03840853345232009,-0.0659353565958819,0.6965383759169393
all_no_ak,xgb_d2_200_lr003_mcw5,3,valid,50.0,all_days,0.8,0.6050087213516235,0.5760649087221096,2020-07-14,2023-08-21,2023-08-22,2024-03-01,2024-03-04,2024-06-05,26,0.6538461538461539,0.006296387506385879,0.006125704868258034,0.16678816371329908,-0.07868834760255983,2.0257792441004687
all_no_ak,xgb_d2_200_lr003_mcw5,3,test,50.0,all_days,0.8,0.6050087213516235,0.5456389452332657,2020-07-14,2023-08-21,2023-08-22,2024-03-01,2024-03-04,2024-06-05,3,0.6666666666666666,0.0009596735733334895,0.003996666666666652,0.0026717704448642188,0.0,1.194770072972434
all_no_ak,xgb_d2_200_lr003_mcw5,4,valid,50.0,all_days,0.8,0.5652633905410767,0.4991181657848325,2020-10-19,2023-11-24,2023-11-27,2024-06-05,2024-06-06,2024-09-03,26,0.5384615384615384,0.0016147623656766127,0.0005182304713743403,0.039990767964452445,-0.0509262287169987,1.3089321460556824
all_no_ak,xgb_d2_200_lr003_mcw5,4,test,50.0,all_days,0.8,0.5652633905410767,0.5438034188034188,2020-10-19,2023-11-24,2023-11-27,2024-06-05,2024-06-06,2024-09-03,1,0.0,-0.0030226970954357855,-0.0030226970954357855,-0.003022697095435789,0.0,0.0
all_no_ak,xgb_d2_200_lr003_mcw5,5,valid,50.0,all_days,0.6,0.42816847562789917,0.560344827586207,2021-01-15,2024-03-01,2024-03-04,2024-09-03,2024-09-04,2024-12-10,51,0.5686274509803921,0.005336267387539562,0.0026826970954356745,0.30082099368005677,-0.08371030325527784,2.107147200768123
all_no_ak,xgb_d2_200_lr003_mcw5,5,test,50.0,all_days,0.6,0.42816847562789917,0.5949494949494949,2021-01-15,2024-03-01,2024-03-04,2024-09-03,2024-09-04,2024-12-10,39,0.5384615384615384,0.002334778224534268,0.00030607712449404537,0.08067282883884852,-0.11998986731636063,1.2988735969703136
all_no_ak,xgb_d2_200_lr003_mcw5,6,valid,50.0,all_days,0.8,0.6038933992385864,0.5087448559670782,2021-04-22,2024-06-05,2024-06-06,2024-12-10,2024-12-11,2025-03-18,26,0.46153846153846156,0.006023404764565417,-0.0017275821435183657,0.1562534360116261,-0.08667256010745972,1.7044344158733276
all_no_ak,xgb_d2_200_lr003_mcw5,6,test,50.0,all_days,0.8,0.6038933992385864,0.3948979591836735,2021-04-22,2024-06-05,2024-06-06,2024-12-10,2024-12-11,2025-03-18,5,0.0,-0.010397707307351364,-0.010333609320773315,-0.05092814861926109,-0.041018407496517084,0.0
all_no_ak,xgb_d2_200_lr003_mcw5,7,valid,50.0,all_days,0.8,0.5501076579093933,0.5172761664564943,2021-07-26,2024-09-03,2024-09-04,2025-03-18,2025-03-19,2025-06-20,26,0.5,0.0031415925776791006,-0.0023134506622350913,0.07708955518352556,-0.052550534070506805,1.4349547382153331
all_no_ak,xgb_d2_200_lr003_mcw5,7,test,50.0,all_days,0.8,0.5501076579093933,0.5686070686070686,2021-07-26,2024-09-03,2024-09-04,2025-03-18,2025-03-19,2025-06-20,8,0.625,0.011038035390332353,0.0024835653280231886,0.08959277674979216,-0.006331137440758305,5.648919135752184
all_no_ak,xgb_d2_200_lr003_mcw5,8,valid,50.0,all_days,0.5,0.45909009873867035,0.5422446406052963,2021-11-01,2024-12-10,2024-12-11,2025-06-20,2025-06-23,2025-09-17,63,0.5079365079365079,0.0017301002293303998,8.176233635448854e-05,0.10716063577070178,-0.05592936387033576,1.4218745723472845
all_no_ak,xgb_d2_200_lr003_mcw5,8,test,50.0,all_days,0.5,0.45909009873867035,0.4711934156378601,2021-11-01,2024-12-10,2024-12-11,2025-06-20,2025-06-23,2025-09-17,26,0.5769230769230769,0.003028603318222744,0.002315609338399253,0.07975015190725476,-0.041259816478021016,1.914267277052661
all_no_ak,xgb_d2_200_lr003_mcw5,9,valid,50.0,all_days,0.8,0.5525869131088257,0.5231854838709677,2022-01-28,2025-03-18,2025-03-19,2025-09-17,2025-09-18,2025-12-23,26,0.5769230769230769,0.003508296906473297,0.0015516638886178304,0.09113532156676563,-0.02697528687296946,1.8235203645694493
all_no_ak,xgb_d2_200_lr003_mcw5,9,test,50.0,all_days,0.8,0.5525869131088257,0.5434782608695653,2022-01-28,2025-03-18,2025-03-19,2025-09-17,2025-09-18,2025-12-23,9,0.4444444444444444,0.004690469707685758,-0.0003783333333332549,0.04202591963484603,-0.009760428549740352,2.45456028113219
all_no_ak,xgb_d2_200_lr003_mcw5,10,valid,50.0,all_days,0.8,0.499481737613678,0.5223880597014925,2022-05-11,2025-06-20,2025-06-23,2025-12-23,2025-12-24,2026-04-01,26,0.5769230769230769,0.004056277524731605,0.004294047111963576,0.1085632749860923,-0.029139320631178856,2.2671984194729484
all_no_ak,xgb_d2_200_lr003_mcw5,10,test,50.0,all_days,0.8,0.499481737613678,0.41666666666666663,2022-05-11,2025-06-20,2025-06-23,2025-12-23,2025-12-24,2026-04-01,30,0.36666666666666664,-0.00341169772998452,-0.0035210359252231226,-0.10256272294120039,-0.1669512566950908,0.6385673854040724
all_no_ak,xgb_d3_400_lr003_mcw3,1,valid,50.0,all_days,0.8,0.673656702041626,0.6231808731808731,2020-01-02,2023-02-16,2023-02-17,2023-08-21,2023-08-22,2023-11-24,26,0.6153846153846154,0.003052264596552594,0.0019077165401731912,0.07803990272838868,-0.06577249976838428,1.6409564732309265
all_no_ak,xgb_d3_400_lr003_mcw3,1,test,50.0,all_days,0.8,0.673656702041626,0.5709939148073022,2020-01-02,2023-02-16,2023-02-17,2023-08-21,2023-08-22,2023-11-24,23,0.4782608695652174,0.0017173355837363804,-0.00016999999999999999,0.033723609741170835,-0.08559932999663722,1.288068958102872
all_no_ak,xgb_d3_400_lr003_mcw3,2,valid,50.0,all_days,0.8,0.6423760652542114,0.49506703769289145,2020-04-09,2023-05-22,2023-05-23,2023-11-24,2023-11-27,2024-03-01,26,0.5769230769230769,0.009976896714339255,0.003591505294421985,0.2883272463437492,-0.02539185894441842,5.948921393817814
all_no_ak,xgb_d3_400_lr003_mcw3,2,test,50.0,all_days,0.8,0.6423760652542114,0.5243407707910751,2020-04-09,2023-05-22,2023-05-23,2023-11-24,2023-11-27,2024-03-01,13,0.6153846153846154,0.0009974919303572566,0.0032371550255536653,0.010575552426314472,-0.05381157707615081,1.154899681728045
all_no_ak,xgb_d3_400_lr003_mcw3,3,valid,50.0,all_days,0.8,0.6325643062591553,0.597870182555781,2020-07-14,2023-08-21,2023-08-22,2024-03-01,2024-03-04,2024-06-05,26,0.6923076923076923,0.0070917617535162705,0.007535563237953461,0.19019556333624688,-0.07868834760255994,2.059702272748497
all_no_ak,xgb_d3_400_lr003_mcw3,3,test,50.0,all_days,0.8,0.6325643062591553,0.6146044624746451,2020-07-14,2023-08-21,2023-08-22,2024-03-01,2024-03-04,2024-06-05,3,0.6666666666666666,0.001283380044868095,0.004967786081270468,0.0036416083487957884,0.0,1.2604677589714781
all_no_ak,xgb_d3_400_lr003_mcw3,4,valid,50.0,all_days,0.8,0.6223257780075073,0.5416981607457797,2020-10-19,2023-11-24,2023-11-27,2024-06-05,2024-06-06,2024-09-03,26,0.6538461538461539,0.0019767487055788965,0.004985334641506526,0.048681173711313974,-0.06313855198170382,1.3551889511106718
all_no_ak,xgb_d3_400_lr003_mcw3,4,test,50.0,all_days,0.8,0.6223257780075073,0.5288461538461539,2020-10-19,2023-11-24,2023-11-27,2024-06-05,2024-06-06,2024-09-03,1,0.0,-0.0030226970954357855,-0.0030226970954357855,-0.003022697095435789,0.0,0.0
all_no_ak,xgb_d3_400_lr003_mcw3,5,valid,50.0,all_days,0.6,0.41370701789855957,0.601419878296146,2021-01-15,2024-03-01,2024-03-04,2024-09-03,2024-09-04,2024-12-10,51,0.5686274509803921,0.005320476308533912,0.0026826970954356745,0.30178297906104223,-0.07327687856332665,2.363837477459312
all_no_ak,xgb_d3_400_lr003_mcw3,5,test,50.0,all_days,0.6,0.41370701789855957,0.6252525252525252,2021-01-15,2024-03-01,2024-03-04,2024-09-03,2024-09-04,2024-12-10,35,0.6,0.005144281094776127,0.0016481818181817189,0.1781056394070073,-0.11070823745779568,1.637127395996377
all_no_ak,xgb_d3_400_lr003_mcw3,6,valid,50.0,all_days,0.8,0.6606192588806152,0.5280349794238683,2021-04-22,2024-06-05,2024-06-06,2024-12-10,2024-12-11,2025-03-18,26,0.5,0.005972164215159361,0.0011251149519173644,0.15368768863534554,-0.11354744867404665,1.6371871437044363
all_no_ak,xgb_d3_400_lr003_mcw3,6,test,50.0,all_days,0.8,0.6606192588806152,0.44795918367346943,2021-04-22,2024-06-05,2024-06-06,2024-12-10,2024-12-11,2025-03-18,6,0.16666666666666666,-0.006769278071710661,-0.00840872896410005,-0.040021425395576626,-0.029997801637406285,0.10761637888430588
all_no_ak,xgb_d3_400_lr003_mcw3,7,valid,50.0,all_days,0.6,0.4682713747024536,0.4958385876418664,2021-07-26,2024-09-03,2024-09-04,2025-03-18,2025-03-19,2025-06-20,51,0.5686274509803921,0.0036104922334969356,0.0019968472372695646,0.18844434499617746,-0.07450183575642688,1.677581875344519
all_no_ak,xgb_d3_400_lr003_mcw3,7,test,50.0,all_days,0.6,0.4682713747024536,0.5977130977130978,2021-07-26,2024-09-03,2024-09-04,2025-03-18,2025-03-19,2025-06-20,19,0.47368421052631576,0.0044184831748424755,-0.0009250969041026923,0.08463560676949489,-0.02213715861524912,2.6451662481085334
all_no_ak,xgb_d3_400_lr003_mcw3,8,valid,50.0,all_days,0.5,0.4635874778032303,0.5185372005044135,2021-11-01,2024-12-10,2024-12-11,2025-06-20,2025-06-23,2025-09-17,63,0.5079365079365079,0.0005474803986392571,8.176233635448854e-05,0.029527025003124097,-0.08562681476523037,1.1289200649886737
all_no_ak,xgb_d3_400_lr003_mcw3,8,test,50.0,all_days,0.5,0.4635874778032303,0.3960905349794239,2021-11-01,2024-12-10,2024-12-11,2025-06-20,2025-06-23,2025-09-17,28,0.5,0.0018301602240763967,0.0009214647456886639,0.050660110680356585,-0.03849183591282057,1.5260320198558748
all_no_ak,xgb_d3_400_lr003_mcw3,9,valid,50.0,all_days,0.5,0.39181458950042725,0.4899193548387097,2022-01-28,2025-03-18,2025-03-19,2025-09-17,2025-09-18,2025-12-23,63,0.47619047619047616,0.002382518356694249,-0.0006795541401273218,0.1526882273062764,-0.062446066573458525,1.5500560704169244
all_no_ak,xgb_d3_400_lr003_mcw3,9,test,50.0,all_days,0.5,0.39181458950042725,0.6076086956521739,2022-01-28,2025-03-18,2025-03-19,2025-09-17,2025-09-18,2025-12-23,47,0.40425531914893614,-0.000975678016853054,-0.002388189151038663,-0.04996536712155053,-0.06862943612088179,0.8429124139130243
all_no_ak,xgb_d3_400_lr003_mcw3,10,valid,50.0,all_days,0.8,0.5185498595237732,0.49936756893498613,2022-05-11,2025-06-20,2025-06-23,2025-12-23,2025-12-24,2026-04-01,26,0.6153846153846154,0.003632527023132488,0.005539493458570969,0.09651843678491168,-0.040021336468594515,2.075254518373037
all_no_ak,xgb_d3_400_lr003_mcw3,10,test,50.0,all_days,0.8,0.5185498595237732,0.4125514403292181,2022-05-11,2025-06-20,2025-06-23,2025-12-23,2025-12-24,2026-04-01,28,0.32142857142857145,-0.0036286905288660997,-0.004927231218755764,-0.10067482831506414,-0.18008932726345417,0.5911042134884896
all_no_ak,xgb_d3_600_lr002_mcw3,1,valid,50.0,all_days,0.8,0.6674198508262634,0.5852390852390852,2020-01-02,2023-02-16,2023-02-17,2023-08-21,2023-08-22,2023-11-24,26,0.5769230769230769,0.0018711260367632251,0.0011858129622210924,0.04576085838423838,-0.07158144987073767,1.3700853987686508
all_no_ak,xgb_d3_600_lr002_mcw3,1,test,50.0,all_days,0.8,0.6674198508262634,0.6054766734279919,2020-01-02,2023-02-16,2023-02-17,2023-08-21,2023-08-22,2023-11-24,21,0.6190476190476191,0.006072077992931579,0.0040272717733471665,0.12756365159690608,-0.07868834760255983,2.09521990333744
all_no_ak,xgb_d3_600_lr002_mcw3,2,valid,50.0,all_days,0.8,0.6497330069541931,0.48393625094864656,2020-04-09,2023-05-22,2023-05-23,2023-11-24,2023-11-27,2024-03-01,26,0.5769230769230769,0.006776472168316773,0.005723361649704776,0.18147977123595638,-0.08444211237999866,2.202378279162631
all_no_ak,xgb_d3_600_lr002_mcw3,2,test,50.0,all_days,0.8,0.6497330069541931,0.5233265720081135,2020-04-09,2023-05-22,2023-05-23,2023-11-24,2023-11-27,2024-03-01,16,0.6875,0.006524163516727949,0.00563560204382774,0.10751401401350202,-0.03270087978668723,2.859719385255882
all_no_ak,xgb_d3_600_lr002_mcw3,3,valid,50.0,all_days,0.8,0.6357890367507935,0.5626267748478702,2020-07-14,2023-08-21,2023-08-22,2024-03-01,2024-03-04,2024-06-05,26,0.6538461538461539,0.004957476358305244,0.006197954205913295,0.12630902720482529,-0.09684165560584979,1.6545229306655893
all_no_ak,xgb_d3_600_lr002_mcw3,3,test,50.0,all_days,0.8,0.6357890367507935,0.5578093306288032,2020-07-14,2023-08-21,2023-08-22,2024-03-01,2024-03-04,2024-06-05,1,0.0,-0.014781638041527764,-0.014781638041527764,-0.014781638041527767,0.0,0.0
all_no_ak,xgb_d3_600_lr002_mcw3,4,valid,50.0,all_days,0.8,0.6193901896476746,0.5600907029478458,2020-10-19,2023-11-24,2023-11-27,2024-06-05,2024-06-06,2024-09-03,26,0.6538461538461539,0.0016174686339874753,0.004629169037289719,0.03897643762199032,-0.06723289365196361,1.2827368895670197
all_no_ak,xgb_d3_600_lr002_mcw3,4,test,50.0,all_days,0.8,0.6193901896476746,0.545940170940171,2020-10-19,2023-11-24,2023-11-27,2024-06-05,2024-06-06,2024-09-03,1,0.0,-0.0030226970954357855,-0.0030226970954357855,-0.003022697095435789,0.0,0.0
all_no_ak,xgb_d3_600_lr002_mcw3,5,valid,50.0,all_days,0.6,0.3958810269832611,0.6128296146044625,2021-01-15,2024-03-01,2024-03-04,2024-09-03,2024-09-04,2024-12-10,51,0.5882352941176471,0.0060695736746531155,0.0029902708803613044,0.35106980564405554,-0.09925642797363032,2.5053095739325384
all_no_ak,xgb_d3_600_lr002_mcw3,5,test,50.0,all_days,0.6,0.3958810269832611,0.5747474747474748,2021-01-15,2024-03-01,2024-03-04,2024-09-03,2024-09-04,2024-12-10,34,0.5588235294117647,0.005547151742772155,0.0015362173454405194,0.18804759873139032,-0.11070823745779568,1.6652477989364913
all_no_ak,xgb_d3_600_lr002_mcw3,6,valid,50.0,all_days,0.8,0.6099815368652344,0.522633744855967,2021-04-22,2024-06-05,2024-06-06,2024-12-10,2024-12-11,2025-03-18,26,0.4230769230769231,0.006108056850942138,-0.003118418562938593,0.15515374628269196,-0.149309026234547,1.5946620585286
all_no_ak,xgb_d3_600_lr002_mcw3,6,test,50.0,all_days,0.8,0.6099815368652344,0.45408163265306123,2021-04-22,2024-06-05,2024-06-06,2024-12-10,2024-12-11,2025-03-18,5,0.2,-0.0067669877414812535,-0.009464696555494753,-0.03346763063048863,-0.02337557537327095,0.1264560864200983
all_no_ak,xgb_d3_600_lr002_mcw3,7,valid,50.0,all_days,0.8,0.5772725939750671,0.4809583858764187,2021-07-26,2024-09-03,2024-09-04,2025-03-18,2025-03-19,2025-06-20,26,0.5,0.0051141964327886735,0.00036990734379683046,0.13449864620725704,-0.07450183575642677,1.928894318927555
all_no_ak,xgb_d3_600_lr002_mcw3,7,test,50.0,all_days,0.8,0.5772725939750671,0.6049896049896051,2021-07-26,2024-09-03,2024-09-04,2025-03-18,2025-03-19,2025-06-20,7,0.5714285714285714,0.011055059878341418,8.176233635448854e-05,0.07793706551856094,-0.009355866647810851,6.810744882493791
all_no_ak,xgb_d3_600_lr002_mcw3,8,valid,50.0,all_days,0.5,0.4175030440092087,0.5351828499369482,2021-11-01,2024-12-10,2024-12-11,2025-06-20,2025-06-23,2025-09-17,63,0.49206349206349204,0.0007576955953594097,-0.0007131830526887449,0.04067236396016849,-0.09054133393677721,1.1518929613388014
all_no_ak,xgb_d3_600_lr002_mcw3,8,test,50.0,all_days,0.5,0.4175030440092087,0.36111111111111116,2021-11-01,2024-12-10,2024-12-11,2025-06-20,2025-06-23,2025-09-17,24,0.5,0.0013125183880129214,0.0009214647456886639,0.029902399176683137,-0.057488187706955185,1.2888114726573674
all_no_ak,xgb_d3_600_lr002_mcw3,9,valid,50.0,all_days,0.5,0.4256186783313751,0.4879032258064517,2022-01-28,2025-03-18,2025-03-19,2025-09-17,2025-09-18,2025-12-23,63,0.47619047619047616,0.001197416168655336,-0.00016999999999999999,0.07089633693034014,-0.062446066573458525,1.2588777713108386
all_no_ak,xgb_d3_600_lr002_mcw3,9,test,50.0,all_days,0.5,0.4256186783313751,0.5739130434782609,2022-01-28,2025-03-18,2025-03-19,2025-09-17,2025-09-18,2025-12-23,43,0.37209302325581395,-0.002051998317348178,-0.0024247914317925244,-0.08853532993866031,-0.08665004757770989,0.6819907342476422
all_no_ak,xgb_d3_600_lr002_mcw3,10,valid,50.0,all_days,0.8,0.5042634010314941,0.5170756387553758,2022-05-11,2025-06-20,2025-06-23,2025-12-23,2025-12-24,2026-04-01,26,0.6538461538461539,0.0042528785354265216,0.005539493458570969,0.11400701171470451,-0.040021336468594404,2.228374873768475
all_no_ak,xgb_d3_600_lr002_mcw3,10,test,50.0,all_days,0.8,0.5042634010314941,0.3775720164609053,2022-05-11,2025-06-20,2025-06-23,2025-12-23,2025-12-24,2026-04-01,30,0.36666666666666664,-0.0027304100464095554,-0.0035210359252231226,-0.08284071345417277,-0.16383004577813953,0.6674787917394762
all_no_ak,xgb_d4_500_lr002_mcw5,1,valid,50.0,all_days,0.6,0.5477129220962524,0.6174636174636174,2020-01-02,2023-02-16,2023-02-17,2023-08-21,2023-08-22,2023-11-24,51,0.5490196078431373,0.0017626690524661817,0.00110415587173485,0.08774225729073071,-0.07904966330874197,1.398492467616869
all_no_ak,xgb_d4_500_lr002_mcw5,1,test,50.0,all_days,0.6,0.5477129220962524,0.5243407707910751,2020-01-02,2023-02-16,2023-02-17,2023-08-21,2023-08-22,2023-11-24,35,0.45714285714285713,0.001017169400067127,-0.0010024084350720407,0.022504074413746133,-0.18835907924408501,1.1291789581098208
all_no_ak,xgb_d4_500_lr002_mcw5,2,valid,50.0,all_days,0.8,0.6423043608665466,0.4760941057424741,2020-04-09,2023-05-22,2023-05-23,2023-11-24,2023-11-27,2024-03-01,26,0.5769230769230769,0.004105750472953233,0.005691970945666428,0.10316647560490355,-0.1001086374881287,1.636524587635884
all_no_ak,xgb_d4_500_lr002_mcw5,2,test,50.0,all_days,0.8,0.6423043608665466,0.5517241379310345,2020-04-09,2023-05-22,2023-05-23,2023-11-24,2023-11-27,2024-03-01,12,0.75,0.008294597992568221,0.00563560204382774,0.10282163470624472,-0.012221349227141687,4.676844179666301
all_no_ak,xgb_d4_500_lr002_mcw5,3,valid,50.0,all_days,0.7,0.5718264877796173,0.6049695740365112,2020-07-14,2023-08-21,2023-08-22,2024-03-01,2024-03-04,2024-06-05,38,0.5789473684210527,0.004700918215924412,0.003556776865353054,0.1810583116607678,-0.09684165560584956,1.7300900145856248
all_no_ak,xgb_d4_500_lr002_mcw5,3,test,50.0,all_days,0.7,0.5718264877796173,0.565922920892495,2020-07-14,2023-08-21,2023-08-22,2024-03-01,2024-03-04,2024-06-05,11,0.6363636363636364,0.0035989846518316502,0.006942375533428139,0.039337094537410966,-0.0280566637247861,1.895287238617556
all_no_ak,xgb_d4_500_lr002_mcw5,4,valid,50.0,all_days,0.5,0.4807485193014145,0.5331317712270094,2020-10-19,2023-11-24,2023-11-27,2024-06-05,2024-06-06,2024-09-03,63,0.5079365079365079,0.0010321400536861594,9.007802340721754e-05,0.05803666043710076,-0.18323959977843185,1.1823775279174824
all_no_ak,xgb_d4_500_lr002_mcw5,4,test,50.0,all_days,0.5,0.4807485193014145,0.5480769230769231,2020-10-19,2023-11-24,2023-11-27,2024-06-05,2024-06-06,2024-09-03,10,0.4,0.000460658207826763,-0.001710425663848377,0.002860986089329609,-0.046221275169286424,1.060901011200515
all_no_ak,xgb_d4_500_lr002_mcw5,5,valid,50.0,all_days,0.7,0.42447492480278015,0.5996450304259635,2021-01-15,2024-03-01,2024-03-04,2024-09-03,2024-09-04,2024-12-10,38,0.631578947368421,0.0044632829310501535,0.0033568154563623533,0.17979296083866037,-0.03720526023909976,2.2739669680668047
all_no_ak,xgb_d4_500_lr002_mcw5,5,test,50.0,all_days,0.7,0.42447492480278015,0.5616161616161616,2021-01-15,2024-03-01,2024-03-04,2024-09-03,2024-09-04,2024-12-10,28,0.5357142857142857,0.00494431659170345,0.0006754472060667184,0.13016028448482508,-0.11125141112345893,1.4881088170575858
all_no_ak,xgb_d4_500_lr002_mcw5,6,valid,50.0,all_days,0.7,0.5208244323730469,0.5390946502057613,2021-04-22,2024-06-05,2024-06-06,2024-12-10,2024-12-11,2025-03-18,38,0.5526315789473685,0.002701006405338762,0.0019886191909670482,0.09266636735489331,-0.12844520591770348,1.3108969820365821
all_no_ak,xgb_d4_500_lr002_mcw5,6,test,50.0,all_days,0.7,0.5208244323730469,0.4612244897959184,2021-04-22,2024-06-05,2024-06-06,2024-12-10,2024-12-11,2025-03-18,15,0.4666666666666667,-0.002258808343929749,-0.0007131830526887449,-0.03369211250008519,-0.03048807077401494,0.4628166484928351
all_no_ak,xgb_d4_500_lr002_mcw5,7,valid,50.0,all_days,0.5,0.4411396235227585,0.49735182849936954,2021-07-26,2024-09-03,2024-09-04,2025-03-18,2025-03-19,2025-06-20,63,0.5714285714285714,0.004397911109589793,0.001812160555004997,0.2969034142657405,-0.06492473504301322,1.7549889889324155
all_no_ak,xgb_d4_500_lr002_mcw5,7,test,50.0,all_days,0.5,0.4411396235227585,0.6112266112266113,2021-07-26,2024-09-03,2024-09-04,2025-03-18,2025-03-19,2025-06-20,24,0.5416666666666666,0.005707459400757719,0.0005860803111064107,0.1424629465708398,-0.024301595445824997,3.4020871654366713
all_no_ak,xgb_d4_500_lr002_mcw5,8,valid,50.0,all_days,0.6,0.4533420205116272,0.5488020176544767,2021-11-01,2024-12-10,2024-12-11,2025-06-20,2025-06-23,2025-09-17,51,0.5294117647058824,0.0015010295307506826,0.0005894936708861244,0.07351925657783354,-0.07449014258319864,1.3596629519991565
all_no_ak,xgb_d4_500_lr002_mcw5,8,test,50.0,all_days,0.6,0.4533420205116272,0.345679012345679,2021-11-01,2024-12-10,2024-12-11,2025-06-20,2025-06-23,2025-09-17,20,0.4,0.0010326550260885557,-0.0013448143252051646,0.019470695814551187,-0.03263522253166884,1.2564250030376398
all_no_ak,xgb_d4_500_lr002_mcw5,9,valid,50.0,all_days,0.7,0.47092193365097046,0.5231854838709677,2022-01-28,2025-03-18,2025-03-19,2025-09-17,2025-09-18,2025-12-23,38,0.5789473684210527,0.0037045830461429562,0.0021956747354948715,0.14552468763154502,-0.036335195745756055,2.037297544034727
all_no_ak,xgb_d4_500_lr002_mcw5,9,test,50.0,all_days,0.7,0.47092193365097046,0.633695652173913,2022-01-28,2025-03-18,2025-03-19,2025-09-17,2025-09-18,2025-12-23,19,0.47368421052631576,0.00041792276605561173,-0.0005742037186741121,0.005945766916962469,-0.05669164329282117,1.0746292111292977
all_no_ak,xgb_d4_500_lr002_mcw5,10,valid,50.0,all_days,0.8,0.4801669716835022,0.5598279787503163,2022-05-11,2025-06-20,2025-06-23,2025-12-23,2025-12-24,2026-04-01,26,0.6538461538461539,0.004526220813912676,0.005675986472198694,0.12230569226078347,-0.048406791091255785,2.5806082923423976
all_no_ak,xgb_d4_500_lr002_mcw5,10,test,50.0,all_days,0.8,0.4801669716835022,0.3930041152263374,2022-05-11,2025-06-20,2025-06-23,2025-12-23,2025-12-24,2026-04-01,26,0.3076923076923077,-0.004056778819311406,-0.006764035632759621,-0.10471520057837069,-0.1647725570770422,0.5922481747018042
all_no_ak,extra_trees_600_d3,1,valid,50.0,all_days,0.5,0.49954039507389636,0.5984927234927235,2020-01-02,2023-02-16,2023-02-17,2023-08-21,2023-08-22,2023-11-24,63,0.49206349206349204,-0.00041826833521681694,-0.00016999999999999999,-0.03352676912210639,-0.1396367572627637,0.9209651977611685
all_no_ak,extra_trees_600_d3,1,test,50.0,all_days,0.5,0.49954039507389636,0.5608519269776876,2020-01-02,2023-02-16,2023-02-17,2023-08-21,2023-08-22,2023-11-24,49,0.4489795918367347,0.0004465915539714055,-0.0006645598417408492,0.008012961565979193,-0.20239965598542153,1.0670035887571578
all_no_ak,extra_trees_600_d3,2,valid,50.0,all_days,0.8,0.5053340441646504,0.5049329623071085,2020-04-09,2023-05-22,2023-05-23,2023-11-24,2023-11-27,2024-03-01,26,0.5769230769230769,0.008947337395362097,0.003591505294421985,0.2545090415604776,-0.02608910588689839,4.59262352016271
all_no_ak,extra_trees_600_d3,2,test,50.0,all_days,0.8,0.5053340441646504,0.5862068965517241,2020-04-09,2023-05-22,2023-05-23,2023-11-24,2023-11-27,2024-03-01,18,0.6111111111111112,0.002544381975026221,0.004120019113648125,0.04482907238357692,-0.024510045762947463,1.5300960582697347
all_no_ak,extra_trees_600_d3,3,valid,50.0,all_days,0.8,0.5184445986598852,0.6470588235294118,2020-07-14,2023-08-21,2023-08-22,2024-03-01,2024-03-04,2024-06-05,26,0.6923076923076923,0.008855980794454672,0.00563560204382774,0.24681824882691106,-0.07842383652381069,2.846136029669164
all_no_ak,extra_trees_600_d3,3,test,50.0,all_days,0.8,0.5184445986598852,0.563894523326572,2020-07-14,2023-08-21,2023-08-22,2024-03-01,2024-03-04,2024-06-05,2,0.5,0.008273172005580257,0.008273172005580257,0.016325533742031606,0.0,2.8944000361642477
all_no_ak,extra_trees_600_d3,4,valid,50.0,all_days,0.8,0.5053396453518042,0.526832955404384,2020-10-19,2023-11-24,2023-11-27,2024-06-05,2024-06-06,2024-09-03,26,0.6153846153846154,0.004773535205131203,0.0038412698204690655,0.12841821181687263,-0.03212291578936832,2.2729073019844526
all_no_ak,extra_trees_600_d3,4,test,50.0,all_days,0.8,0.5053396453518042,0.5651709401709402,2020-10-19,2023-11-24,2023-11-27,2024-06-05,2024-06-06,2024-09-03,4,0.75,0.008055257666829161,0.007113643542393081,0.032444128629708135,-0.003022697095435789,11.659695513642363
all_no_ak,extra_trees_600_d3,5,valid,50.0,all_days,0.7,0.4968135302514941,0.533975659229209,2021-01-15,2024-03-01,2024-03-04,2024-09-03,2024-09-04,2024-12-10,38,0.5789473684210527,0.004489064148870207,0.00356404085541007,0.17650051150399437,-0.10140902380980044,1.7498945342933718
all_no_ak,extra_trees_600_d3,5,test,50.0,all_days,0.7,0.4968135302514941,0.5515151515151515,2021-01-15,2024-03-01,2024-03-04,2024-09-03,2024-09-04,2024-12-10,32,0.53125,0.006047074783644062,9.157818748540064e-05,0.1943682504618398,-0.11070823745779601,1.741533723021213
all_no_ak,extra_trees_600_d3,6,valid,50.0,all_days,0.8,0.5363322203476241,0.5280349794238683,2021-04-22,2024-06-05,2024-06-06,2024-12-10,2024-12-11,2025-03-18,26,0.5,0.005781102264360378,-0.00017092345767177539,0.15071535421677806,-0.09805487235640609,1.7869351980483927
all_no_ak,extra_trees_600_d3,6,test,50.0,all_days,0.8,0.5363322203476241,0.42448979591836733,2021-04-22,2024-06-05,2024-06-06,2024-12-10,2024-12-11,2025-03-18,0,,,,,,
all_no_ak,extra_trees_600_d3,7,valid,50.0,all_days,0.8,0.5072599535052479,0.5369482976040354,2021-07-26,2024-09-03,2024-09-04,2025-03-18,2025-03-19,2025-06-20,26,0.5384615384615384,0.0021124236388914077,0.0006314510777260009,0.04515210016828508,-0.10113591211267325,1.2495798301576908
all_no_ak,extra_trees_600_d3,7,test,50.0,all_days,0.8,0.5072599535052479,0.6091476091476091,2021-07-26,2024-09-03,2024-09-04,2025-03-18,2025-03-19,2025-06-20,6,0.3333333333333333,0.008101682702243802,-0.005502257486954151,0.0471540515851645,-0.022737794554321566,2.2833533938283677
all_no_ak,extra_trees_600_d3,8,valid,50.0,all_days,0.7,0.512702321258955,0.5808322824716268,2021-11-01,2024-12-10,2024-12-11,2025-06-20,2025-06-23,2025-09-17,38,0.5263157894736842,0.0021065361068679633,0.00231870688713132,0.07667564948999006,-0.07345039287130106,1.3839542679829346
all_no_ak,extra_trees_600_d3,8,test,50.0,all_days,0.7,0.512702321258955,0.6224279835390947,2021-11-01,2024-12-10,2024-12-11,2025-06-20,2025-06-23,2025-09-17,0,,,,,,
all_no_ak,extra_trees_600_d3,9,valid,50.0,all_days,0.7,0.5145023340983634,0.4760584677419355,2022-01-28,2025-03-18,2025-03-19,2025-09-17,2025-09-18,2025-12-23,38,0.5,0.002755385613889672,-0.00029889590188641665,0.10455395131051959,-0.049416124096881675,1.69027677358897
all_no_ak,extra_trees_600_d3,9,test,50.0,all_days,0.7,0.5145023340983634,0.6032608695652174,2022-01-28,2025-03-18,2025-03-19,2025-09-17,2025-09-18,2025-12-23,0,,,,,,
all_no_ak,extra_trees_600_d3,10,valid,50.0,all_days,0.7,0.4803567980604241,0.4358714900075891,2022-05-11,2025-06-20,2025-06-23,2025-12-23,2025-12-24,2026-04-01,38,0.47368421052631576,0.0006983209668575043,-0.0004725006611133141,0.02355029693906907,-0.04104175508127217,1.1529476657939222
all_no_ak,extra_trees_600_d3,10,test,50.0,all_days,0.7,0.4803567980604241,0.595679012345679,2022-05-11,2025-06-20,2025-06-23,2025-12-23,2025-12-24,2026-04-01,41,0.43902439024390244,-0.0016266363749493998,-0.0022361157024793875,-0.07540114742320148,-0.1589698812415694,0.8240143125989599
all_no_ak,random_forest_600_d4,1,valid,50.0,all_days,0.8,0.5529327243689888,0.6083679833679834,2020-01-02,2023-02-16,2023-02-17,2023-08-21,2023-08-22,2023-11-24,26,0.5769230769230769,0.0038247918546612542,0.004387506619443874,0.09957953152467547,-0.06577249976838417,1.7841083294183524
all_no_ak,random_forest_600_d4,1,test,50.0,all_days,0.8,0.5529327243689888,0.5709939148073022,2020-01-02,2023-02-16,2023-02-17,2023-08-21,2023-08-22,2023-11-24,27,0.5555555555555556,0.004647085799306049,0.003306611883691527,0.12448298155336479,-0.10747495985194999,1.8513096378284517
all_no_ak,random_forest_600_d4,2,valid,50.0,all_days,0.7,0.5080712969204522,0.4897546167467746,2020-04-09,2023-05-22,2023-05-23,2023-11-24,2023-11-27,2024-03-01,38,0.5,0.0024996792140984467,0.0005487350263536674,0.09027599384053642,-0.11548099648514176,1.509665249665132
all_no_ak,random_forest_600_d4,2,test,50.0,all_days,0.7,0.5080712969204522,0.5273833671399595,2020-04-09,2023-05-22,2023-05-23,2023-11-24,2023-11-27,2024-03-01,25,0.52,0.001387239788831995,0.0009463829193414632,0.03229744510567745,-0.05249146871685628,1.2487523308945951
all_no_ak,random_forest_600_d4,3,valid,50.0,all_days,0.8,0.5460534561528348,0.5758113590263692,2020-07-14,2023-08-21,2023-08-22,2024-03-01,2024-03-04,2024-06-05,26,0.6153846153846154,0.00505945158220857,0.004154747542717056,0.1303387719753233,-0.08634096332833185,1.782958868612193
all_no_ak,random_forest_600_d4,3,test,50.0,all_days,0.8,0.5460534561528348,0.5466531440162271,2020-07-14,2023-08-21,2023-08-22,2024-03-01,2024-03-04,2024-06-05,1,0.0,-0.014781638041527764,-0.014781638041527764,-0.014781638041527767,0.0,0.0
all_no_ak,random_forest_600_d4,4,valid,50.0,all_days,0.6,0.506858792843501,0.49029982363315705,2020-10-19,2023-11-24,2023-11-27,2024-06-05,2024-06-06,2024-09-03,51,0.47058823529411764,0.0006065474618452598,-0.0020634911242602937,0.023358307662651123,-0.13841067978682287,1.0978307712506825
all_no_ak,random_forest_600_d4,4,test,50.0,all_days,0.6,0.506858792843501,0.4668803418803419,2020-10-19,2023-11-24,2023-11-27,2024-06-05,2024-06-06,2024-09-03,6,0.3333333333333333,-0.0061940936742242965,-0.003118418562938593,-0.03744423115249562,-0.02249298692859325,0.37751208688878884
all_no_ak,random_forest_600_d4,5,valid,50.0,all_days,0.8,0.49035361560383944,0.5692190669371197,2021-01-15,2024-03-01,2024-03-04,2024-09-03,2024-09-04,2024-12-10,26,0.6153846153846154,0.005546962416742279,0.004706585348327467,0.15010718258776623,-0.05761053575525721,2.2478869959352736
all_no_ak,random_forest_600_d4,5,test,50.0,all_days,0.8,0.49035361560383944,0.5464646464646464,2021-01-15,2024-03-01,2024-03-04,2024-09-03,2024-09-04,2024-12-10,28,0.5357142857142857,0.006271733818756154,0.0006754472060667184,0.173289926725537,-0.1107082374577959,1.6782175541107809
all_no_ak,random_forest_600_d4,6,valid,50.0,all_days,0.7,0.5468791420481793,0.540895061728395,2021-04-22,2024-06-05,2024-06-06,2024-12-10,2024-12-11,2025-03-18,38,0.5,0.00684600336676758,-0.00015376697800178682,0.2767784863334073,-0.12924852041191048,1.9144578344644876
all_no_ak,random_forest_600_d4,6,test,50.0,all_days,0.7,0.5468791420481793,0.41632653061224495,2021-04-22,2024-06-05,2024-06-06,2024-12-10,2024-12-11,2025-03-18,10,0.3,-0.005558565842595805,-0.00840872896410005,-0.05447937429711269,-0.05526773054550915,0.1831652430660713
all_no_ak,random_forest_600_d4,7,valid,50.0,all_days,0.6,0.5182292402764005,0.5066834804539723,2021-07-26,2024-09-03,2024-09-04,2025-03-18,2025-03-19,2025-06-20,51,0.5294117647058824,0.003316170675506406,0.0011722818791946067,0.16729007342638536,-0.12713948624017435,1.5122126960931395
all_no_ak,random_forest_600_d4,7,test,50.0,all_days,0.6,0.5182292402764005,0.5686070686070686,2021-07-26,2024-09-03,2024-09-04,2025-03-18,2025-03-19,2025-06-20,8,0.5,0.006903293174838539,-0.0022958075983977554,0.05408284319392975,-0.01814923524943013,2.458028749520163
all_no_ak,random_forest_600_d4,8,valid,50.0,all_days,0.6,0.5165316287317143,0.5356872635561161,2021-11-01,2024-12-10,2024-12-11,2025-06-20,2025-06-23,2025-09-17,51,0.5098039215686274,0.0011237224569897889,8.176233635448854e-05,0.05209662406190896,-0.07836237670153157,1.224362628611315
all_no_ak,random_forest_600_d4,8,test,50.0,all_days,0.6,0.5165316287317143,0.5555555555555556,2021-11-01,2024-12-10,2024-12-11,2025-06-20,2025-06-23,2025-09-17,1,1.0,0.018857484143763207,0.018857484143763207,0.018857484143763203,0.0,inf
all_no_ak,random_forest_600_d4,9,valid,50.0,all_days,0.8,0.5204623474929734,0.5151209677419355,2022-01-28,2025-03-18,2025-03-19,2025-09-17,2025-09-18,2025-12-23,26,0.5769230769230769,0.004353632475668299,0.0011056935916770073,0.11507545420840448,-0.02697528687296946,2.2110173389608305
all_no_ak,random_forest_600_d4,9,test,50.0,all_days,0.8,0.5204623474929734,0.6565217391304348,2022-01-28,2025-03-18,2025-03-19,2025-09-17,2025-09-18,2025-12-23,3,0.3333333333333333,0.008746439368212145,-0.0015841414141414233,0.026122012300356934,-0.0015841414141414267,7.5452126820357215
all_no_ak,random_forest_600_d4,10,valid,50.0,all_days,0.8,0.4551062262879515,0.5289653427776372,2022-05-11,2025-06-20,2025-06-23,2025-12-23,2025-12-24,2026-04-01,26,0.5384615384615384,0.005557192380049028,0.0013771597057968855,0.15142214955520017,-0.04903555010870053,2.790922888074493
all_no_ak,random_forest_600_d4,10,test,50.0,all_days,0.8,0.4551062262879515,0.48559670781893005,2022-05-11,2025-06-20,2025-06-23,2025-12-23,2025-12-24,2026-04-01,32,0.4375,-0.0029756080024246276,-0.0021625461241607767,-0.09517605189649703,-0.13622971401091832,0.6370024520502415
all_no_ak,lgbm_leaves7_400,1,valid,50.0,all_days,0.8,0.6830216361615601,0.5784823284823285,2020-01-02,2023-02-16,2023-02-17,2023-08-21,2023-08-22,2023-11-24,26,0.5,3.110595223147879e-05,0.00018435861091426267,-0.005230307253346278,-0.14000130911642283,1.004292395382371
all_no_ak,lgbm_leaves7_400,1,test,50.0,all_days,0.8,0.6830216361615601,0.6399594320486816,2020-01-02,2023-02-16,2023-02-17,2023-08-21,2023-08-22,2023-11-24,37,0.5135135135135135,-0.0007683999762918922,0.0008181422924902239,-0.04085119401117032,-0.2143648516989295,0.9081090129469793
all_no_ak,lgbm_leaves7_400,2,valid,50.0,all_days,0.8,0.6689704573729883,0.5236529218315203,2020-04-09,2023-05-22,2023-05-23,2023-11-24,2023-11-27,2024-03-01,26,0.6153846153846154,0.005247458775380751,0.005438468238974318,0.13648824160383,-0.09061000372816508,1.9158632194497147
all_no_ak,lgbm_leaves7_400,2,test,50.0,all_days,0.8,0.6689704573729883,0.5010141987829615,2020-04-09,2023-05-22,2023-05-23,2023-11-24,2023-11-27,2024-03-01,20,0.55,0.000297026460618542,0.0020917689724475642,0.0028109541461203147,-0.06701248296403595,1.046772630215627
all_no_ak,lgbm_leaves7_400,3,valid,50.0,all_days,0.6,0.5555528100323152,0.5943204868154159,2020-07-14,2023-08-21,2023-08-22,2024-03-01,2024-03-04,2024-06-05,51,0.5098039215686274,0.0024509447558966994,0.0009463829193414632,0.11646943711975832,-0.1437198131471915,1.3366991275786246
all_no_ak,lgbm_leaves7_400,3,test,50.0,all_days,0.6,0.5555528100323152,0.5882352941176471,2020-07-14,2023-08-21,2023-08-22,2024-03-01,2024-03-04,2024-06-05,5,0.6,0.0047911338055003395,0.003996666666666652,0.023595257335338182,-0.00873434527834116,2.0186973132976025
all_no_ak,lgbm_leaves7_400,4,valid,50.0,all_days,0.8,0.6394793980366036,0.5595867976820358,2020-10-19,2023-11-24,2023-11-27,2024-06-05,2024-06-06,2024-09-03,26,0.6923076923076923,0.0036240502173714518,0.004629169037289719,0.0959504229367727,-0.028684480893289788,1.9507883883362325
all_no_ak,lgbm_leaves7_400,4,test,50.0,all_days,0.8,0.6394793980366036,0.5138888888888888,2020-10-19,2023-11-24,2023-11-27,2024-06-05,2024-06-06,2024-09-03,2,0.5,-0.00017000000000005552,-0.00017000000000005552,-0.0003481089807184645,-0.003022697095435789,0.8875176740290965
all_no_ak,lgbm_leaves7_400,5,valid,50.0,all_days,0.8,0.42808065670686984,0.5816430020283976,2021-01-15,2024-03-01,2024-03-04,2024-09-03,2024-09-04,2024-12-10,26,0.5769230769230769,0.004117207271555836,0.0025063485477178106,0.10804047084582447,-0.05314129992549044,1.7729476677156044
all_no_ak,lgbm_leaves7_400,5,test,50.0,all_days,0.8,0.42808065670686984,0.6131313131313132,2021-01-15,2024-03-01,2024-03-04,2024-09-03,2024-09-04,2024-12-10,29,0.5862068965517241,0.007312373637289379,0.0054769432850478895,0.2169292026534284,-0.08668976184387145,1.8635702805598362
all_no_ak,lgbm_leaves7_400,6,valid,50.0,all_days,0.7,0.6623658730485316,0.4843106995884774,2021-04-22,2024-06-05,2024-06-06,2024-12-10,2024-12-11,2025-03-18,38,0.39473684210526316,0.003936448534725348,-0.00237395352438979,0.14304550993400333,-0.17041427646706986,1.4341544316476016
all_no_ak,lgbm_leaves7_400,6,test,50.0,all_days,0.7,0.6623658730485316,0.45612244897959187,2021-04-22,2024-06-05,2024-06-06,2024-12-10,2024-12-11,2025-03-18,2,0.0,-0.009467325484654173,-0.009467325484654173,-0.018849492098859555,-0.011581889596603001,0.0
all_no_ak,lgbm_leaves7_400,7,valid,50.0,all_days,0.7,0.5234644990996283,0.4844892812105927,2021-07-26,2024-09-03,2024-09-04,2025-03-18,2025-03-19,2025-06-20,38,0.5263157894736842,0.0040442499798602595,0.0006314510777260009,0.15551622965119116,-0.07450183575642677,1.7290101868204697
all_no_ak,lgbm_leaves7_400,7,test,50.0,all_days,0.7,0.5234644990996283,0.5873180873180873,2021-07-26,2024-09-03,2024-09-04,2025-03-18,2025-03-19,2025-06-20,19,0.5263157894736842,0.004882307314539515,8.176233635448854e-05,0.09418887525039987,-0.020352527180804603,2.811911816134826
all_no_ak,lgbm_leaves7_400,8,valid,50.0,all_days,0.8,0.5299270315948829,0.5364438839848676,2021-11-01,2024-12-10,2024-12-11,2025-06-20,2025-06-23,2025-09-17,26,0.5,0.00435125079729867,-0.0018370903833407858,0.11447849044849012,-0.039889952104297466,1.9857258066913093
all_no_ak,lgbm_leaves7_400,8,test,50.0,all_days,0.8,0.5299270315948829,0.3991769547325103,2021-11-01,2024-12-10,2024-12-11,2025-06-20,2025-06-23,2025-09-17,18,0.4444444444444444,0.0005559611699540976,-0.00027575296108289446,0.007963407406103462,-0.054411996044892,1.0924861038113438
all_no_ak,lgbm_leaves7_400,9,valid,50.0,all_days,0.8,0.49967768592965917,0.44606854838709675,2022-01-28,2025-03-18,2025-03-19,2025-09-17,2025-09-18,2025-12-23,26,0.5,0.0024647496908942945,-0.0016892719576135883,0.06257753221104778,-0.02697528687296946,1.6117478390234392
all_no_ak,lgbm_leaves7_400,9,test,50.0,all_days,0.8,0.49967768592965917,0.6152173913043478,2022-01-28,2025-03-18,2025-03-19,2025-09-17,2025-09-18,2025-12-23,29,0.41379310344827586,0.0017075395280484965,-0.0015841414141414233,0.047194463255616714,-0.04455834387220747,1.3684180990902373
all_no_ak,lgbm_leaves7_400,10,valid,50.0,all_days,0.8,0.5195779261351794,0.5018972931950417,2022-05-11,2025-06-20,2025-06-23,2025-12-23,2025-12-24,2026-04-01,26,0.5384615384615384,0.0019467980010102232,0.0010241341502060831,0.04743243195860769,-0.11894587328772521,1.3517232636555885
all_no_ak,lgbm_leaves7_400,10,test,50.0,all_days,0.8,0.5195779261351794,0.3919753086419753,2022-05-11,2025-06-20,2025-06-23,2025-12-23,2025-12-24,2026-04-01,32,0.375,-0.004538142768903546,-0.006722221224136623,-0.14028452073244646,-0.20727022190468014,0.5479137144885328
all_no_ak,lgbm_leaves15_700,1,valid,50.0,all_days,0.7,0.6730470791016241,0.5758835758835759,2020-01-02,2023-02-16,2023-02-17,2023-08-21,2023-08-22,2023-11-24,38,0.4473684210526316,0.0011203971882020871,-0.0007711638945028208,0.03784046253631734,-0.09911609914735386,1.2078887315459002
all_no_ak,lgbm_leaves15_700,1,test,50.0,all_days,0.7,0.6730470791016241,0.5882352941176471,2020-01-02,2023-02-16,2023-02-17,2023-08-21,2023-08-22,2023-11-24,36,0.5,0.0035445719387869365,0.00032407114624511194,0.12540890160842166,-0.10237579211252945,1.668766697540186
all_no_ak,lgbm_leaves15_700,2,valid,50.0,all_days,0.8,0.6321692889163044,0.5056918795851252,2020-04-09,2023-05-22,2023-05-23,2023-11-24,2023-11-27,2024-03-01,26,0.6923076923076923,0.009591858163305924,0.007999562520344842,0.2716655256388638,-0.07644342306677221,3.4402303659535933
all_no_ak,lgbm_leaves15_700,2,test,50.0,all_days,0.8,0.6321692889163044,0.49188640973630837,2020-04-09,2023-05-22,2023-05-23,2023-11-24,2023-11-27,2024-03-01,23,0.43478260869565216,-0.0019938828914396666,-0.004173002251688703,-0.04805439006746204,-0.09231125053128719,0.7344629566188692
all_no_ak,lgbm_leaves15_700,3,valid,50.0,all_days,0.6,0.49603566760978596,0.598630831643002,2020-07-14,2023-08-21,2023-08-22,2024-03-01,2024-03-04,2024-06-05,51,0.5490196078431373,0.004083177084885366,0.003194171572750152,0.21512631071575194,-0.11265498194462142,1.6962339275251743
all_no_ak,lgbm_leaves15_700,3,test,50.0,all_days,0.6,0.49603566760978596,0.5517241379310345,2020-07-14,2023-08-21,2023-08-22,2024-03-01,2024-03-04,2024-06-05,17,0.7058823529411765,0.004906459457696283,0.0030433676092547247,0.08504712212265342,-0.02767489695588443,2.8017251823649816
all_no_ak,lgbm_leaves15_700,4,valid,50.0,all_days,0.7,0.5748335904441482,0.5719324766943815,2020-10-19,2023-11-24,2023-11-27,2024-06-05,2024-06-06,2024-09-03,38,0.5526315789473685,0.0009135267662067079,0.0026601354401806256,0.0295487985631242,-0.09211101782216014,1.1552079025838726
all_no_ak,lgbm_leaves15_700,4,test,50.0,all_days,0.7,0.5748335904441482,0.5502136752136753,2020-10-19,2023-11-24,2023-11-27,2024-06-05,2024-06-06,2024-09-03,4,0.75,0.014917193085991574,0.015490367747224013,0.060703046168941066,-0.003022697095435678,20.740242061986628
all_no_ak,lgbm_leaves15_700,5,valid,50.0,all_days,0.6,0.3207588453015031,0.6105476673427993,2021-01-15,2024-03-01,2024-03-04,2024-09-03,2024-09-04,2024-12-10,51,0.5686274509803921,0.0052913910510947225,0.002676975088967918,0.2986645648956876,-0.06233560281069106,2.1914068993405182
all_no_ak,lgbm_leaves15_700,5,test,50.0,all_days,0.6,0.3207588453015031,0.5232323232323233,2021-01-15,2024-03-01,2024-03-04,2024-09-03,2024-09-04,2024-12-10,39,0.5384615384615384,0.004312658262041369,0.0007286744551784387,0.16377391966703847,-0.11070823745779568,1.5348768319734865
all_no_ak,lgbm_leaves15_700,6,valid,50.0,all_days,0.7,0.5629664655447681,0.47968106995884774,2021-04-22,2024-06-05,2024-06-06,2024-12-10,2024-12-11,2025-03-18,38,0.42105263157894735,0.0018158281446810324,-0.00237395352438979,0.05640666815376005,-0.15718455393468067,1.1938730587711988
all_no_ak,lgbm_leaves15_700,6,test,50.0,all_days,0.7,0.5629664655447681,0.47755102040816333,2021-04-22,2024-06-05,2024-06-06,2024-12-10,2024-12-11,2025-03-18,11,0.36363636363636365,-0.002914752752565361,-0.0073527613727053485,-0.031978200650467414,-0.04291957908138455,0.47061630660761344
all_no_ak,lgbm_leaves15_700,7,valid,50.0,all_days,0.8,0.5831968019019342,0.4902900378310214,2021-07-26,2024-09-03,2024-09-04,2025-03-18,2025-03-19,2025-06-20,26,0.6153846153846154,0.005798449089830527,0.003244233474720474,0.1547903824020982,-0.052550534070506916,2.115950287584763
all_no_ak,lgbm_leaves15_700,7,test,50.0,all_days,0.8,0.5831968019019342,0.6496881496881497,2021-07-26,2024-09-03,2024-09-04,2025-03-18,2025-03-19,2025-06-20,8,0.625,0.005190511356253594,0.0033081245926227555,0.04196779348159052,-0.00565692549651442,5.03031186095594
all_no_ak,lgbm_leaves15_700,8,valid,50.0,all_days,0.5,0.39424377381297127,0.5598991172761665,2021-11-01,2024-12-10,2024-12-11,2025-06-20,2025-06-23,2025-09-17,63,0.5079365079365079,0.001174087488767575,8.176233635448854e-05,0.0702701508293222,-0.05138590759496098,1.30159122132386
all_no_ak,lgbm_leaves15_700,8,test,50.0,all_days,0.5,0.39424377381297127,0.360082304526749,2021-11-01,2024-12-10,2024-12-11,2025-06-20,2025-06-23,2025-09-17,29,0.4482758620689655,0.00298853364948269,-0.0003815059221657889,0.08519192235026796,-0.06539577097675053,1.5966429383965974
all_no_ak,lgbm_leaves15_700,9,valid,50.0,all_days,0.5,0.3774140842354705,0.4742943548387097,2022-01-28,2025-03-18,2025-03-19,2025-09-17,2025-09-18,2025-12-23,63,0.49206349206349204,0.0028291138962485782,-0.00016999999999999999,0.18445033209721018,-0.0660071308857132,1.6461362629240284
all_no_ak,lgbm_leaves15_700,9,test,50.0,all_days,0.5,0.3774140842354705,0.5934782608695651,2022-01-28,2025-03-18,2025-03-19,2025-09-17,2025-09-18,2025-12-23,43,0.37209302325581395,-0.0017213429727365396,-0.0028252287581700362,-0.07512297873855478,-0.08049202959039348,0.7247717294229268
all_no_ak,lgbm_leaves15_700,10,valid,50.0,all_days,0.7,0.4672813994695731,0.5489501644320769,2022-05-11,2025-06-20,2025-06-23,2025-12-23,2025-12-24,2026-04-01,38,0.6052631578947368,0.0029016016462059388,0.003160886550852452,0.11037058233007246,-0.08875373930258834,1.587559516655541
all_no_ak,lgbm_leaves15_700,10,test,50.0,all_days,0.7,0.4672813994695731,0.4022633744855967,2022-05-11,2025-06-20,2025-06-23,2025-12-23,2025-12-24,2026-04-01,35,0.4,-0.003072192630476026,-0.0033392372702302185,-0.1071801135057131,-0.19248869326960039,0.6384245391382976
