date,open,high,low,close,volume
2018-01-02,3.87171774,3.97635876,3.86220492,3.9478203,9948932
2018-01-03,3.93830748,3.9953844,3.90976902,3.98587158,9467611
2018-01-04,3.97635876,4.07148696,3.9478203,4.0429485,12686147
2018-01-05,4.02392286,4.07148696,4.01441004,4.06197414,7569477
2018-01-08,4.05246132,4.08099978,4.01441004,4.06197414,7312359
2018-01-09,4.05246132,4.05246132,3.9953844,4.02392286,6948520
2018-01-10,4.01441004,4.02392286,3.9002562,3.95733312,8579408
2018-01-11,3.93830748,3.97635876,3.90976902,3.96684594,5468933
2018-01-12,3.97635876,3.98587158,3.9478203,3.96684594,4645830
2018-01-15,3.97635876,3.97635876,3.83366646,3.8526921,9500646
2018-01-16,3.8526921,3.89074338,3.83366646,3.88123056,4603168
2018-01-17,3.87171774,3.96684594,3.81464082,3.90976902,8136988
2018-01-18,3.9002562,3.93830748,3.9002562,3.91928184,4400165
2018-01-19,3.92879466,3.9478203,3.89074338,3.93830748,5336775
2018-01-22,3.91928184,3.96684594,3.9002562,3.95733312,4967537
2018-01-23,3.95733312,3.97635876,3.91928184,3.93830748,4934668
2018-01-24,3.92879466,3.92879466,3.8526921,3.9002562,6592683
2018-01-25,3.9002562,4.29028182,3.88123056,4.21417926,33963012
2018-01-26,4.14758952,4.15710234,4.0429485,4.0429485,24764852
2018-01-29,4.0429485,4.11905106,3.98587158,3.9953844,15225378
2018-01-30,4.00489722,4.11905106,3.98587158,4.06197414,14790445
2018-01-31,3.65292288,3.65292288,3.65292288,3.65292288,9505400
2018-02-01,3.29143572,3.29143572,3.29143572,3.29143572,7803800
2018-02-02,2.95848702,3.11069214,2.95848702,2.96799984,55419127
2018-02-05,2.81579472,2.92043574,2.7111537,2.83482036,29195760
2018-02-06,2.76823062,2.92994856,2.73017934,2.83482036,23833652
2018-02-07,2.84433318,2.89189728,2.73969216,2.82530754,16111072
2018-02-08,2.82530754,2.9014101,2.79676908,2.87287164,11016153
2018-02-09,2.81579472,2.853846,2.7111537,2.7111537,16545064
2018-02-12,2.72066652,2.95848702,2.72066652,2.88238446,16816827
2018-02-13,2.87287164,2.87287164,2.79676908,2.81579472,11304471
2018-02-14,2.8062819,2.83482036,2.79676908,2.8062819,6164839
2018-02-22,2.82530754,2.84433318,2.79676908,2.82530754,15485235
2018-02-23,2.8062819,2.87287164,2.8062819,2.86335882,12789133
2018-02-26,2.86335882,2.9489742,2.84433318,2.92994856,13042910
2018-02-27,2.92994856,2.95848702,2.89189728,2.95848702,12967297
2018-02-28,2.92994856,2.95848702,2.91092292,2.92994856,10829617
2018-03-01,2.93946138,3.08215368,2.92994856,2.9965383,20373993
2018-03-02,2.98702548,3.01556394,2.95848702,2.98702548,9980128
2018-03-05,3.06312804,3.2819229,3.06312804,3.2819229,41660222
2018-03-06,3.2819229,3.2819229,3.1392306,3.1867947,40707186
2018-03-07,3.19630752,3.21533316,3.14874342,3.19630752,16099874
2018-03-08,3.16776906,3.25338444,3.16776906,3.19630752,11629803
2018-03-09,3.1867947,3.19630752,3.12020496,3.1867947,12480127
2018-03-12,3.17728188,3.25338444,3.14874342,3.22484598,17226920
2018-03-13,3.19630752,3.31046136,3.19630752,3.2343588,21329393
2018-03-14,3.24387162,3.31046136,3.19630752,3.20582034,15486567
2018-03-15,3.19630752,3.22484598,3.12020496,3.14874342,10690702
2018-03-16,3.1392306,3.17728188,3.12971778,3.15825624,7772866
2018-03-19,3.14874342,3.19630752,3.1392306,3.14874342,6467042
2018-03-20,3.12020496,3.12971778,3.03458958,3.08215368,11973973
2018-03-21,3.07264086,3.16776906,3.06312804,3.10117932,9503804
2018-03-22,3.08215368,3.10117932,3.0441024,3.07264086,6911598
2018-03-23,3.01556394,3.01556394,2.82530754,2.89189728,14271507
2018-03-26,2.83482036,2.89189728,2.79676908,2.88238446,8443724
2018-03-27,2.91092292,2.96799984,2.9014101,2.95848702,8005059
2018-03-28,2.91092292,2.9489742,2.91092292,2.92994856,6916267
2018-03-29,2.92994856,2.96799984,2.92043574,2.95848702,5151954
2018-03-30,2.9489742,2.98702548,2.92994856,2.9489742,8009058
2018-04-02,2.95848702,2.98702548,2.9489742,2.98702548,6950284
2018-04-03,2.95848702,2.95848702,2.89189728,2.91092292,9036831
2018-04-04,2.91092292,2.9489742,2.9014101,2.9014101,6039409
2018-04-09,2.88238446,2.89189728,2.81579472,2.83482036,10778945
2018-04-10,2.82530754,2.853846,2.8062819,2.84433318,8298830
2018-04-11,2.853846,2.853846,2.82530754,2.83482036,7690572
2018-04-12,2.83482036,2.88238446,2.82530754,2.853846,9395038
2018-04-13,2.853846,2.9014101,2.853846,2.9014101,9586874
2018-04-16,2.9014101,2.9014101,2.9014101,2.9014101,0
2018-04-17,2.9014101,2.9014101,2.9014101,2.9014101,0
2018-04-18,2.9014101,2.9014101,2.9014101,2.9014101,0
2018-04-19,2.9014101,2.9014101,2.9014101,2.9014101,0
2018-04-20,2.9014101,2.9014101,2.9014101,2.9014101,0
2018-04-23,2.9014101,2.9014101,2.9014101,2.9014101,0
2018-04-24,2.7587178,2.78725626,2.7587178,2.7587178,16335200
2018-04-25,2.64456396,2.69212806,2.62553832,2.62553832,11182770
2018-04-26,2.50187166,2.53992294,2.49235884,2.49235884,21819533
2018-04-27,2.4257691,2.4257691,2.36869218,2.36869218,25456128
2018-05-02,2.36869218,2.39723064,2.32112808,2.35917936,9456864
2018-05-03,2.36869218,2.38771782,2.34015372,2.378205,6448796
2018-05-04,2.378205,2.378205,2.34966654,2.36869218,4644483
2018-05-07,2.36869218,2.36869218,2.36869218,2.36869218,0
2018-05-08,2.36869218,2.36869218,2.36869218,2.36869218,0
2018-05-09,2.36869218,2.36869218,2.36869218,2.36869218,0
2018-05-10,2.36869218,2.36869218,2.36869218,2.36869218,0
2018-05-11,2.36869218,2.36869218,2.36869218,2.36869218,0
2018-05-14,2.36869218,2.36869218,2.36869218,2.36869218,0
2018-05-15,2.36869218,2.36869218,2.36869218,2.36869218,0
2018-05-16,2.36869218,2.36869218,2.36869218,2.36869218,0
2018-05-17,2.36869218,2.36869218,2.36869218,2.36869218,0
2018-05-18,2.36869218,2.36869218,2.36869218,2.36869218,0
2018-05-21,2.36869218,2.36869218,2.36869218,2.36869218,0
2018-05-22,2.36869218,2.36869218,2.36869218,2.36869218,0
2018-05-23,2.36869218,2.36869218,2.36869218,2.36869218,0
2018-05-24,2.48284602,2.48284602,2.48284602,2.48284602,1283477
2018-05-25,2.60651268,2.60651268,2.60651268,2.60651268,1494244
2018-05-28,2.55894858,2.55894858,2.4733332,2.4733332,20786714
2018-05-29,2.44479474,2.48284602,2.34966654,2.34966654,12602369
2018-05-30,2.32112808,2.32112808,2.2355127,2.2355127,8748843
2018-05-31,2.20697424,2.22599988,2.1403845,2.20697424,7854683
2018-06-01,2.19746142,2.24502552,2.17843578,2.20697424,5037533
2018-06-04,2.21648706,2.22599988,2.0928204,2.10233322,8702006
2018-06-05,2.07379476,2.11184604,2.06428194,2.0928204,6917695
2018-06-06,2.0928204,2.1403845,2.03574348,2.08330758,9632146
2018-06-07,2.08330758,2.10233322,2.07379476,2.08330758,5969101
2018-06-08,2.08330758,2.0928204,2.03574348,2.0452563,7059395
2018-06-11,2.0452563,2.14989732,2.01671784,2.14989732,10005194
2018-06-12,2.15941014,2.24502552,2.13087168,2.1879486,9624277
2018-06-13,2.1879486,2.20697424,2.1403845,2.14989732,5137000
2018-06-14,2.15941014,2.21648706,2.14989732,2.19746142,6800528
2018-06-15,2.19746142,2.19746142,2.08330758,2.08330758,8193000
2018-06-19,2.0452563,2.08330758,1.97866656,1.97866656,5751300
2018-06-20,1.9501281,1.9501281,1.88353836,1.93110246,9127555
2018-06-21,1.92158964,1.96915374,1.8549999,1.86451272,7954859
2018-06-22,1.8549999,1.902564,1.8074358,1.89305118,5460498
2018-06-25,1.92158964,1.93110246,1.89305118,1.902564,3715866
2018-06-26,1.88353836,1.93110246,1.86451272,1.91207682,3803787
2018-06-27,1.91207682,2.00720502,1.902564,1.97866656,9614721
2018-06-28,1.96915374,1.98817938,1.92158964,1.94061528,4058767
2018-06-29,1.94061528,1.98817938,1.93110246,1.96915374,4622877
2018-07-02,1.95964092,1.9976922,1.91207682,1.93110246,4140567
2018-07-03,1.93110246,1.96915374,1.92158964,1.95964092,3717092
2018-07-04,1.96915374,1.96915374,1.91207682,1.92158964,2613549
2018-07-05,1.92158964,1.93110246,1.87402554,1.87402554,2927540
2018-07-06,1.88353836,1.902564,1.8549999,1.902564,3227507
2018-07-09,1.8549999,1.92158964,1.8549999,1.92158964,3084638
2018-07-10,1.92158964,1.95964092,1.91207682,1.9501281,3860541
2018-07-11,1.93110246,1.93110246,1.87402554,1.89305118,4151323
2018-07-12,1.98817938,1.98817938,1.98817938,1.98817938,1194764
2018-07-13,2.08330758,2.08330758,2.08330758,2.08330758,1686000
2018-07-16,2.1879486,2.1879486,2.1879486,2.1879486,1076191
2018-07-17,2.19746142,2.30210244,2.1403845,2.27356398,35411245
2018-07-18,2.2355127,2.38771782,2.2355127,2.38771782,33741926
2018-07-19,2.39723064,2.48284602,2.26405116,2.34015372,26364287
2018-07-20,2.36869218,2.40674346,2.30210244,2.36869218,10593511
2018-07-23,2.34015372,2.39723064,2.27356398,2.29258962,12878044
2018-07-24,2.29258962,2.34966654,2.27356398,2.32112808,12536261
2018-07-25,2.32112808,2.34015372,2.30210244,2.3306409,6543101
2018-07-26,2.32112808,2.43528192,2.31161526,2.4257691,14110916
2018-07-27,2.43528192,2.54943576,2.41625628,2.54943576,13641015
2018-07-30,2.5684614,2.59699986,2.4257691,2.43528192,22399786
2018-07-31,2.39723064,2.55894858,2.39723064,2.55894858,15510433
2018-08-01,2.5684614,2.68261524,2.55894858,2.6635896,27222170
2018-08-02,2.62553832,2.73969216,2.53992294,2.7111537,26129652
2018-08-03,2.67310242,2.73017934,2.59699986,2.62553832,11589962
2018-08-06,2.60651268,2.68261524,2.57797422,2.59699986,9596227
2018-08-07,2.59699986,2.73017934,2.59699986,2.73017934,18159424
2018-08-08,2.74920498,2.86335882,2.70164088,2.79676908,25714489
2018-08-09,2.76823062,2.84433318,2.74920498,2.79676908,14874127
2018-08-10,2.77774344,2.81579472,2.76823062,2.8062819,8389442
2018-08-13,2.79676908,2.8062819,2.6635896,2.7587178,13771081
2018-08-14,2.73969216,2.88238446,2.73969216,2.82530754,11575647
2018-08-15,2.83482036,2.84433318,2.7111537,2.73969216,12620894
2018-08-16,2.69212806,2.7587178,2.62553832,2.64456396,13786627
2018-08-17,2.68261524,2.77774344,2.64456396,2.70164088,16233431
2018-08-20,2.70164088,2.76823062,2.6160255,2.7111537,12423211
2018-08-21,2.7111537,2.84433318,2.70164088,2.84433318,16392983
2018-08-22,2.91092292,2.98702548,2.88238446,2.98702548,36687001
2018-08-23,2.9965383,3.00605112,2.86335882,2.91092292,25759714
2018-08-24,2.9014101,3.05361522,2.89189728,3.05361522,14499176
2018-08-27,3.1392306,3.19630752,3.01556394,3.12020496,27832176
2018-08-28,3.08215368,3.22484598,3.08215368,3.19630752,18493450
2018-08-29,3.19630752,3.29143572,3.0916665,3.25338444,22953468
2018-08-30,3.20582034,3.24387162,3.0916665,3.0916665,27107152
2018-08-31,2.93946138,2.95848702,2.93946138,2.93946138,5915200
2018-09-03,2.79676908,2.79676908,2.79676908,2.79676908,4838600
2018-09-04,2.65407678,2.8062819,2.65407678,2.73017934,32948679
2018-09-05,2.67310242,2.86335882,2.67310242,2.83482036,20805807
2018-09-06,2.82530754,2.86335882,2.69212806,2.72066652,17832267
2018-09-07,2.7111537,2.76823062,2.60651268,2.69212806,12294956
2018-09-10,2.7111537,2.77774344,2.68261524,2.72066652,10078613
2018-09-11,2.69212806,2.72066652,2.58748704,2.64456396,11980757
2018-09-12,2.65407678,2.67310242,2.60651268,2.64456396,4216600
2018-09-13,2.67310242,2.70164088,2.62553832,2.65407678,5294205
2018-09-14,2.6635896,2.69212806,2.62553832,2.64456396,6636487
2018-09-17,2.6160255,2.63505114,2.51138448,2.51138448,9157663
2018-09-18,2.44479474,2.5208973,2.41625628,2.51138448,7253984
2018-09-19,2.51138448,2.5208973,2.44479474,2.50187166,8340196
2018-09-20,2.48284602,2.62553832,2.4733332,2.62553832,18149038
2018-09-21,2.63505114,2.65407678,2.59699986,2.65407678,11241946
2018-09-25,2.63505114,2.69212806,2.6160255,2.65407678,7951760
2018-09-26,2.65407678,2.68261524,2.62553832,2.65407678,5193723
2018-09-27,2.68261524,2.78725626,2.65407678,2.78725626,20231839
2018-09-28,2.79676908,2.8062819,2.69212806,2.74920498,11850031
2018-10-08,2.72066652,2.76823062,2.6635896,2.73969216,8987187
2018-10-09,2.73017934,2.87287164,2.73017934,2.84433318,15186226
2018-10-10,2.81579472,2.9014101,2.81579472,2.84433318,9057936
2018-10-11,2.7587178,2.79676908,2.70164088,2.70164088,11585274
2018-10-12,2.5684614,2.65407678,2.5684614,2.6160255,12637732
2018-10-15,2.69212806,2.69212806,2.59699986,2.63505114,7828043
2018-10-16,2.62553832,2.6635896,2.50187166,2.50187166,7600510
2018-10-17,2.53992294,2.5684614,2.43528192,2.5208973,8923047
2018-10-18,2.48284602,2.48284602,2.39723064,2.39723064,9290439
2018-10-19,2.3306409,2.5208973,2.27356398,2.4257691,10793561
2018-10-22,2.46382038,2.54943576,2.46382038,2.54943576,12518268
2018-10-23,2.53992294,2.63505114,2.49235884,2.53992294,11372283
2018-10-24,2.51138448,2.6160255,2.50187166,2.57797422,6753700
2018-10-25,2.50187166,2.5684614,2.48284602,2.5684614,5357420
2018-10-26,2.58748704,2.62553832,2.53992294,2.5684614,6149413
2018-10-29,2.57797422,2.58748704,2.51138448,2.53041012,4390460
2018-10-30,2.53041012,2.55894858,2.4733332,2.54943576,5889390
2018-10-31,2.55894858,2.67310242,2.53041012,2.58748704,8527993
2018-11-01,2.59699986,2.60651268,2.54943576,2.54943576,8724400
2018-11-02,2.57797422,2.58748704,2.53041012,2.57797422,10062050
2018-11-05,2.51138448,2.63505114,2.51138448,2.60651268,10763302
2018-11-06,2.58748704,2.59699986,2.54943576,2.55894858,6417660
2018-11-07,2.55894858,2.58748704,2.53992294,2.54943576,5795605
2018-11-08,2.55894858,2.6635896,2.54943576,2.59699986,14453847
2018-11-09,2.57797422,2.64456396,2.5684614,2.58748704,9454116
2018-11-12,2.5684614,2.72066652,2.5684614,2.72066652,20589865
2018-11-13,2.69212806,2.853846,2.68261524,2.79676908,24352786
2018-11-14,2.76823062,2.87287164,2.74920498,2.76823062,17826745
2018-11-15,2.73017934,2.7587178,2.70164088,2.7587178,11912687
2018-11-16,2.73017934,2.82530754,2.73017934,2.77774344,11460839
2018-11-19,2.74920498,2.77774344,2.72066652,2.7587178,9249482
2018-11-20,2.73969216,2.77774344,2.68261524,2.69212806,8800771
2018-11-21,2.6635896,2.73017934,2.65407678,2.72066652,5858555
2018-11-22,2.7111537,2.84433318,2.70164088,2.79676908,14122495
2018-11-23,2.79676908,2.83482036,2.69212806,2.70164088,13596229
2018-11-26,2.67310242,2.73017934,2.63505114,2.64456396,7313021
2018-11-27,2.6635896,2.69212806,2.6160255,2.64456396,6142166
2018-11-28,2.64456396,2.73017934,2.63505114,2.7111537,12777418
2018-11-29,2.73017934,2.73969216,2.6160255,2.63505114,8351500
2018-11-30,2.58748704,2.64456396,2.53041012,2.58748704,7086001
2018-12-03,2.65407678,2.67310242,2.6160255,2.67310242,9172292
2018-12-04,2.67310242,2.73017934,2.65407678,2.69212806,7961800
2018-12-05,2.64456396,2.70164088,2.6160255,2.69212806,7296500
2018-12-06,2.68261524,2.74920498,2.6635896,2.68261524,9180090
2018-12-07,2.68261524,2.81579472,2.68261524,2.78725626,22520826
2018-12-10,2.73969216,2.88238446,2.73969216,2.82530754,21738249
2018-12-11,2.82530754,2.84433318,2.7587178,2.77774344,10075925
2018-12-12,2.77774344,2.8062819,2.74920498,2.78725626,6108787
2018-12-13,2.78725626,2.91092292,2.7587178,2.87287164,19969689
2018-12-14,2.86335882,2.91092292,2.83482036,2.853846,16243339
2018-12-17,2.84433318,2.86335882,2.77774344,2.83482036,9007956
2018-12-18,2.83482036,2.88238446,2.8062819,2.87287164,7799928
2018-12-19,2.87287164,2.89189728,2.83482036,2.84433318,6165233
2018-12-20,2.82530754,2.93946138,2.81579472,2.89189728,12037886
2018-12-21,2.89189728,2.92994856,2.76823062,2.8062819,14406523
2018-12-24,2.76823062,2.8062819,2.76823062,2.78725626,6355942
2018-12-25,2.77774344,2.77774344,2.65407678,2.74920498,9493040
2018-12-26,2.74920498,2.7587178,2.70164088,2.7111537,4053600
2018-12-27,2.73969216,2.7587178,2.68261524,2.68261524,5917100
2018-12-28,2.68261524,2.74920498,2.68261524,2.74920498,4933222
2019-01-02,2.73969216,2.83482036,2.73017934,2.79676908,7784004
2019-01-03,2.83482036,2.86335882,2.78725626,2.79676908,6098694
2019-01-04,2.7587178,2.83482036,2.7587178,2.82530754,5453626
2019-01-07,2.86335882,2.87287164,2.8062819,2.86335882,8278580
2019-01-08,2.86335882,2.88238446,2.82530754,2.87287164,5377678
2019-01-09,2.86335882,3.01556394,2.853846,2.98702548,18164881
2019-01-10,2.97751266,2.9965383,2.9489742,2.95848702,8426314
2019-01-11,2.95848702,3.06312804,2.93946138,3.05361522,10704263
2019-01-14,3.06312804,3.20582034,3.03458958,3.20582034,23387219
2019-01-15,3.16776906,3.24387162,3.12020496,3.21533316,16579929
2019-01-16,3.21533316,3.22484598,3.05361522,3.05361522,14318100
2019-01-17,3.03458958,3.0916665,3.01556394,3.06312804,8042317
2019-01-18,3.0441024,3.12971778,2.91092292,3.01556394,11119378
2019-01-21,3.01556394,3.16776906,2.96799984,3.16776906,14382274
2019-01-22,3.16776906,3.26289726,3.14874342,3.15825624,13740963
2019-01-23,3.15825624,3.31046136,3.15825624,3.31046136,14223044
2019-01-24,3.27241008,3.34851264,3.22484598,3.31046136,12162216
2019-01-25,3.31046136,3.41510238,3.2819229,3.329487,13777816
2019-01-28,3.33899982,3.3770511,3.24387162,3.29143572,9818112
2019-01-29,3.38656392,3.45315366,3.34851264,3.45315366,20245988
2019-01-30,3.38656392,3.41510238,3.2819229,3.2819229,21385000
2019-01-31,3.2343588,3.27241008,3.12971778,3.14874342,10962375
2019-02-01,3.19630752,3.27241008,3.1867947,3.25338444,6938654
2019-02-11,3.2819229,3.33899982,3.21533316,3.31997418,6117949
2019-02-12,3.31046136,3.36753828,3.30094854,3.329487,7870730
2019-02-13,3.33899982,3.33899982,3.27241008,3.31997418,10640745
2019-02-14,3.31046136,3.31997418,3.27241008,3.31046136,6600225
2019-02-15,3.30094854,3.40558956,3.2819229,3.35802546,9285901
2019-02-18,3.36753828,3.4246152,3.36753828,3.39607674,9666848
2019-02-19,3.39607674,3.4246152,3.31046136,3.31997418,11350411
2019-02-20,3.31997418,3.38656392,3.31046136,3.34851264,8187188
2019-02-21,3.34851264,3.35802546,3.26289726,3.27241008,9777964
2019-02-22,3.27241008,3.31997418,3.26289726,3.31046136,6652790
2019-02-25,3.329487,3.40558956,3.31046136,3.38656392,22583949
2019-02-26,3.38656392,3.38656392,3.329487,3.34851264,17152169
2019-02-27,3.33899982,3.5197434,3.31997418,3.46266648,26748762
2019-02-28,3.46266648,3.57682032,3.44364084,3.49120494,13393620
2019-03-01,3.52925622,3.60535878,3.45315366,3.57682032,13358972
2019-03-04,3.59584596,3.63389724,3.53876904,3.5673075,15914017
2019-03-05,3.6148716,3.70048698,3.59584596,3.63389724,14017372
2019-03-06,3.60535878,3.74805108,3.5673075,3.6624357,21395721
2019-03-07,3.67194852,3.78610236,3.62438442,3.71951262,16699709
2019-03-08,3.6624357,3.69097416,3.52925622,3.52925622,21324200
2019-03-11,3.51023058,3.63389724,3.50071776,3.63389724,13201493
2019-03-12,3.65292288,3.69097416,3.58633314,3.63389724,13841930
2019-03-13,3.6148716,3.6148716,3.52925622,3.53876904,10570700
2019-03-14,3.54828186,3.7099998,3.53876904,3.59584596,15697626
2019-03-15,3.63389724,3.69097416,3.6148716,3.65292288,11102253
2019-03-18,3.65292288,3.805128,3.64341006,3.805128,19483440
2019-03-19,3.81464082,3.9478203,3.74805108,3.91928184,17393824
2019-03-20,3.91928184,4.02392286,3.79561518,3.90976902,19318858
2019-03-21,3.90976902,3.98587158,3.86220492,3.93830748,14800920
2019-03-22,3.90976902,4.12856388,3.90976902,4.12856388,22994069
2019-03-25,4.10002542,4.33784592,4.0905126,4.280769,26978461
2019-03-26,4.3283331,4.41394848,4.07148696,4.07148696,32354231
2019-03-27,4.10002542,4.1380767,3.91928184,4.0429485,17284957
2019-03-28,4.01441004,4.10953824,3.95733312,4.0429485,11079315
2019-03-29,4.0429485,4.24271772,3.9953844,4.1856408,15700193
2019-04-01,4.2332049,4.39492284,4.14758952,4.39492284,23728852
2019-04-02,4.44248694,4.6137177,4.44248694,4.6137177,32421779
2019-04-03,4.64225616,4.81348692,4.4234613,4.52810232,43282594
2019-04-04,4.62323052,4.75641,4.5661536,4.75641,51034364
2019-04-08,4.92764076,4.9942305,4.82299974,4.9942305,50640726
2019-04-09,4.98471768,5.20351254,4.8039741,5.07033306,48396103
2019-04-10,4.98471768,5.12740998,4.88007666,4.96569204,27184814
2019-04-11,4.90861512,5.00374332,4.71835872,4.72787154,31022145
2019-04-12,4.7088459,4.96569204,4.68982026,4.96569204,27551778
2019-04-15,5.06082024,5.0893587,4.81348692,4.87056384,33127901
2019-04-16,4.79446128,4.92764076,4.78494846,4.82299974,20210005
2019-04-17,4.8039741,4.8039741,4.58517924,4.69933308,31201991
2019-04-18,4.65176898,4.68030744,4.53761514,4.55664078,20992169
2019-04-19,4.54712796,4.75641,4.54712796,4.73738436,16796612
2019-04-22,4.74689718,4.74689718,4.59469206,4.60420488,12183715
2019-04-23,4.59469206,4.59469206,4.3758972,4.3758972,23047674
2019-04-24,4.31882028,4.34735874,4.15710234,4.27125618,26337808
2019-04-25,4.27125618,4.27125618,4.27125618,4.27125618,0
2019-04-26,4.06197414,4.06197414,4.06197414,4.06197414,3317100
2019-04-29,3.86220492,3.86220492,3.86220492,3.86220492,3369300
2019-04-30,3.67194852,3.84317928,3.67194852,3.68146134,27483493
2019-05-06,3.5673075,3.5673075,3.50071776,3.50071776,14233700
2019-05-07,3.51023058,3.64341006,3.329487,3.54828186,15818656
2019-05-08,3.4721793,3.5673075,3.39607674,3.45315366,9494959
2019-05-09,3.33899982,3.48169212,3.33899982,3.36753828,7456411
2019-05-10,3.4246152,3.48169212,3.29143572,3.4246152,12769385
2019-05-13,3.39607674,3.44364084,3.33899982,3.33899982,6707585
2019-05-14,3.30094854,3.35802546,3.22484598,3.22484598,10122203
2019-05-15,3.22484598,3.31997418,3.22484598,3.30094854,8202903
2019-05-16,3.31046136,3.46266648,3.2819229,3.46266648,13416296
2019-05-17,3.50071776,3.54828186,3.29143572,3.29143572,19606867
2019-05-20,3.25338444,3.27241008,3.12971778,3.1392306,12950720
2019-05-21,3.14874342,3.25338444,3.14874342,3.20582034,6012632
2019-05-22,3.22484598,3.26289726,3.17728188,3.1867947,4778063
2019-05-23,3.1867947,3.24387162,3.08215368,3.12971778,6461422
2019-05-24,3.10117932,3.14874342,3.01556394,3.06312804,6313912
2019-05-27,3.07264086,3.14874342,3.05361522,3.14874342,6062043
2019-05-28,3.14874342,3.21533316,3.10117932,3.10117932,5866587
2019-05-29,3.0916665,3.12971778,3.07264086,3.10117932,3525301
2019-05-30,3.0916665,3.25338444,3.05361522,3.22484598,8125330
2019-05-31,3.20582034,3.24387162,3.17728188,3.17728188,5521390
2019-06-03,3.1392306,3.1867947,3.02507676,3.05361522,7258079
2019-06-04,3.05361522,3.07264086,2.9965383,3.01556394,4163747
2019-06-05,3.05361522,3.0916665,3.01556394,3.02507676,2927326
2019-06-06,3.03458958,3.0441024,2.92043574,2.92994856,5183250
2019-06-10,2.9489742,2.98702548,2.86335882,2.91092292,2758301
2019-06-11,2.92994856,3.02507676,2.91092292,3.02507676,5521164
2019-06-12,3.02507676,3.07264086,2.97751266,2.98702548,5514510
2019-06-13,2.9965383,3.05361522,2.9489742,3.0441024,5749817
2019-06-14,3.03458958,3.06312804,2.96799984,2.97751266,4770200
2019-06-17,2.9489742,2.9965383,2.92994856,2.93946138,3126362
2019-06-18,2.9489742,2.97751266,2.91092292,2.93946138,3305195
2019-06-19,2.98702548,3.01556394,2.93946138,2.9489742,5662100
2019-06-20,2.93946138,2.98702548,2.9014101,2.96799984,6035132
2019-06-21,3.0441024,3.0916665,3.01556394,3.03458958,7920614
2019-06-24,3.02507676,3.05361522,2.9965383,3.05361522,5099035
2019-06-25,3.05361522,3.05361522,2.9965383,3.02507676,4682044
2019-06-26,3.01556394,3.05361522,2.98702548,3.03458958,3770444
2019-06-27,3.0441024,3.06312804,3.02507676,3.0441024,5062468
2019-06-28,3.0441024,3.05361522,2.97751266,2.9965383,3930022
2019-07-01,3.02507676,3.06312804,3.02507676,3.05361522,6340663
2019-07-02,3.06312804,3.20582034,3.03458958,3.20582034,18675620
2019-07-03,3.19630752,3.20582034,3.0916665,3.10117932,11345887
2019-07-04,3.11069214,3.16776906,3.0916665,3.12020496,5642844
2019-07-05,3.15825624,3.19630752,3.12020496,3.15825624,5296881
2019-07-08,3.1392306,3.1392306,2.9965383,3.02507676,6936327
2019-07-09,3.02507676,3.05361522,2.98702548,3.0441024,3419600
2019-07-10,3.05361522,3.19630752,3.05361522,3.12020496,10298182
2019-07-11,3.11069214,3.1392306,3.08215368,3.11069214,4390300
2019-07-12,3.12971778,3.24387162,3.12971778,3.20582034,9468141
2019-07-15,3.12020496,3.12020496,3.0441024,3.08215368,14337894
2019-07-16,3.05361522,3.1392306,3.0441024,3.11069214,6095651
2019-07-17,3.11069214,3.11069214,3.05361522,3.06312804,5647954
2019-07-18,3.07264086,3.0916665,3.03458958,3.07264086,3664878
2019-07-19,3.08215368,3.0916665,3.03458958,3.03458958,4755527
2019-07-22,3.03458958,3.05361522,2.88238446,2.88238446,9042671
2019-07-23,2.87287164,2.92043574,2.86335882,2.9014101,5857152
2019-07-24,2.9014101,2.9489742,2.89189728,2.92043574,3881977
2019-07-25,2.9014101,2.92043574,2.89189728,2.9014101,3508915
2019-07-26,2.9014101,2.9014101,2.853846,2.88238446,3713971
2019-07-29,2.89189728,2.89189728,2.73969216,2.7587178,10862511
2019-07-30,2.74920498,2.79676908,2.73969216,2.76823062,4584980
2019-07-31,2.74920498,2.7587178,2.72066652,2.72066652,3997005
2019-08-01,2.73017934,2.74920498,2.7111537,2.73017934,3679018
2019-08-02,2.67310242,2.67310242,2.59699986,2.6160255,9127676
2019-08-05,2.58748704,2.6160255,2.48284602,2.48284602,9037600
2019-08-06,2.40674346,2.41625628,2.35917936,2.35917936,12042943
2019-08-07,2.38771782,2.40674346,2.34966654,2.38771782,4339412
2019-08-08,2.38771782,2.51138448,2.38771782,2.51138448,10701716
2019-08-09,2.50187166,2.53992294,2.41625628,2.44479474,5693900
2019-08-12,2.44479474,2.4733332,2.38771782,2.46382038,3146900
2019-08-13,2.44479474,2.45430756,2.41625628,2.45430756,1785536
2019-08-14,2.4733332,2.51138448,2.4733332,2.48284602,3231709
2019-08-15,2.43528192,2.48284602,2.38771782,2.45430756,3998920
2019-08-16,2.46382038,2.55894858,2.44479474,2.50187166,4836292
2019-08-19,2.51138448,2.54943576,2.49235884,2.54943576,5554109
2019-08-20,2.54943576,2.58748704,2.51138448,2.53041012,5246765
2019-08-21,2.53041012,2.6160255,2.51138448,2.55894858,4273563
2019-08-22,2.54943576,2.59699986,2.53041012,2.55894858,4086664
2019-08-23,2.54943576,2.58748704,2.53041012,2.54943576,3905692
2019-08-26,2.4733332,2.53041012,2.43528192,2.51138448,4316126
2019-08-27,2.53992294,2.5684614,2.50187166,2.55894858,4186496
2019-08-28,2.5684614,2.6160255,2.54943576,2.59699986,4372799
2019-08-29,2.59699986,2.72066652,2.59699986,2.6635896,10009298
2019-08-30,2.64456396,2.6635896,2.57797422,2.60651268,7427602
2019-09-02,2.60651268,2.63505114,2.57797422,2.62553832,3779834
2019-09-03,2.62553832,2.65407678,2.57797422,2.60651268,5717715
2019-09-04,2.58748704,2.62553832,2.58748704,2.6160255,3281832
2019-09-05,2.62553832,2.67310242,2.62553832,2.64456396,6907472
2019-09-06,2.64456396,2.65407678,2.6160255,2.64456396,3962276
2019-09-09,2.6635896,2.68261524,2.62553832,2.64456396,5046939
2019-09-10,2.63505114,2.64456396,2.59699986,2.6160255,6433586
2019-09-11,2.62553832,2.63505114,2.58748704,2.59699986,4152900
2019-09-12,2.59699986,2.62553832,2.57797422,2.6160255,3715990
2019-09-16,2.60651268,2.64456396,2.59699986,2.6160255,4604638
2019-09-17,2.6160255,2.6160255,2.53041012,2.54943576,5078724
2019-09-18,2.54943576,2.5684614,2.53992294,2.54943576,3020822
2019-09-19,2.5684614,2.60651268,2.53992294,2.60651268,3875540
2019-09-20,2.73969216,2.73969216,2.73969216,2.73969216,3858199
2019-09-23,2.7587178,2.853846,2.7111537,2.7587178,24354088
2019-09-24,2.76823062,2.81579472,2.73969216,2.7587178,8925700
2019-09-25,2.73969216,2.7587178,2.7111537,2.7111537,7063200
2019-09-26,2.74920498,2.79676908,2.6635896,2.69212806,8097400
2019-09-27,2.69212806,2.73017934,2.67310242,2.70164088,3537800
2019-09-30,2.73969216,2.79676908,2.73969216,2.7587178,7066465
2019-10-08,2.77774344,2.82530754,2.7111537,2.73017934,6103979
2019-10-09,2.72066652,2.76823062,2.6635896,2.7587178,4962282
2019-10-10,2.7587178,2.77774344,2.72066652,2.7587178,5247593
2019-10-11,2.7587178,2.77774344,2.73017934,2.7587178,4744589
2019-10-14,2.7587178,2.78725626,2.74920498,2.77774344,5577929
2019-10-15,2.77774344,2.81579472,2.73969216,2.79676908,5659415
2019-10-16,2.79676908,2.89189728,2.78725626,2.82530754,11284467
2019-10-17,2.81579472,2.89189728,2.8062819,2.87287164,7274750
2019-10-18,2.853846,2.9014101,2.81579472,2.82530754,5893402
2019-10-21,2.83482036,2.84433318,2.76823062,2.8062819,4499563
2019-10-22,2.79676908,2.83482036,2.79676908,2.82530754,2924326
2019-10-23,2.82530754,2.87287164,2.81579472,2.87287164,4539712
2019-10-24,2.86335882,2.89189728,2.84433318,2.88238446,3972575
2019-10-25,2.853846,2.88238446,2.83482036,2.853846,2771676
2019-10-28,2.84433318,2.84433318,2.79676908,2.82530754,5635824
2019-10-29,2.79676908,2.82530754,2.7587178,2.76823062,4559000
2019-10-30,2.7587178,2.76823062,2.67310242,2.69212806,5070911
2019-10-31,2.64456396,2.72066652,2.64456396,2.68261524,3240687
2019-11-01,2.70164088,2.73969216,2.67310242,2.72066652,2662835
2019-11-04,2.7111537,2.73969216,2.70164088,2.72066652,2074701
2019-11-05,2.73969216,2.73969216,2.68261524,2.69212806,2516643
2019-11-06,2.70164088,2.70164088,2.64456396,2.64456396,3070416
2019-11-07,2.63505114,2.6635896,2.6160255,2.6160255,2796989
2019-11-08,2.62553832,2.63505114,2.57797422,2.58748704,3689222
2019-11-11,2.58748704,2.58748704,2.5208973,2.53041012,4603387
2019-11-12,2.5208973,2.55894858,2.5208973,2.54943576,2272225
2019-11-13,2.54943576,2.55894858,2.5208973,2.5208973,1668100
2019-11-14,2.51138448,2.54943576,2.51138448,2.53041012,1426687
2019-11-15,2.54943576,2.55894858,2.5208973,2.5208973,1966000
2019-11-18,2.64456396,2.64456396,2.64456396,2.64456396,1524552
2019-11-19,2.6635896,2.7111537,2.62553832,2.63505114,7983278
2019-11-20,2.60651268,2.65407678,2.59699986,2.63505114,3620056
2019-11-21,2.63505114,2.65407678,2.6160255,2.63505114,2365162
2019-11-22,2.63505114,2.65407678,2.60651268,2.60651268,2955100
2019-11-25,2.60651268,2.70164088,2.58748704,2.65407678,3877909
2019-11-26,2.64456396,2.68261524,2.63505114,2.65407678,2423887
2019-11-27,2.6635896,2.72066652,2.62553832,2.64456396,5810185
2019-11-28,2.64456396,2.64456396,2.6160255,2.63505114,2738630
2019-11-29,2.62553832,2.64456396,2.6160255,2.62553832,1342300
2019-12-02,2.6635896,2.69212806,2.63505114,2.6635896,4139232
2019-12-03,2.65407678,2.69212806,2.65407678,2.69212806,3009756
2019-12-04,2.67310242,2.76823062,2.6635896,2.73969216,5921651
2019-12-05,2.73017934,2.78725626,2.7111537,2.76823062,4944210
2019-12-06,2.76823062,2.78725626,2.72066652,2.73969216,3993803
2019-12-09,2.7587178,2.7587178,2.72066652,2.72066652,2824832
2019-12-10,2.72066652,2.74920498,2.72066652,2.73017934,2341719
2019-12-11,2.72066652,2.73969216,2.67310242,2.67310242,3980000
2019-12-12,2.68261524,2.69212806,2.67310242,2.69212806,1860949
2019-12-13,2.70164088,2.73017934,2.69212806,2.72066652,3513065
2019-12-16,2.7587178,2.77774344,2.73017934,2.74920498,3943300
2019-12-17,2.73969216,2.76823062,2.73017934,2.74920498,5315891
2019-12-18,2.7587178,2.8062819,2.74920498,2.78725626,5604251
2019-12-19,2.77774344,2.79676908,2.7587178,2.79676908,4069128
2019-12-20,2.79676908,2.8062819,2.76823062,2.76823062,4717031
2019-12-23,2.7587178,2.76823062,2.72066652,2.73017934,4809231
2019-12-24,2.78725626,2.8062819,2.7587178,2.79676908,7096260
2019-12-25,2.79676908,2.79676908,2.7587178,2.76823062,4866505
2019-12-26,2.7587178,2.76823062,2.73017934,2.74920498,4386101
2019-12-27,2.74920498,2.76823062,2.73969216,2.74920498,3734116
2019-12-30,2.73969216,2.74920498,2.69212806,2.73969216,4305103
2019-12-31,2.73017934,2.7587178,2.73017934,2.7587178,2813493
2020-01-02,2.7587178,2.77774344,2.74920498,2.76823062,5468586
2020-01-03,2.76823062,2.79676908,2.74920498,2.78725626,7434087
2020-01-06,2.77774344,2.853846,2.76823062,2.78725626,7190004
2020-01-07,2.78725626,2.81579472,2.77774344,2.81579472,6275064
2020-01-08,2.8062819,2.8062819,2.7587178,2.7587178,6685221
2020-01-09,2.76823062,2.78725626,2.7587178,2.77774344,4807095
2020-01-10,2.77774344,2.79676908,2.73969216,2.73969216,5909794
2020-01-13,2.73969216,2.74920498,2.70164088,2.74920498,3890413
2020-01-14,2.7587178,2.7587178,2.73017934,2.73969216,3180333
2020-01-15,2.73017934,2.73969216,2.7111537,2.72066652,3376937
2020-01-16,2.73017934,2.73017934,2.68261524,2.69212806,4456404
2020-01-17,2.69212806,2.7111537,2.68261524,2.70164088,2632683
2020-01-20,2.7111537,2.73017934,2.68261524,2.7111537,3490901
2020-01-21,2.7111537,2.7111537,2.67310242,2.68261524,3509799
2020-01-22,2.67310242,2.7111537,2.63505114,2.69212806,2929691
2020-01-23,2.68261524,2.69212806,2.5684614,2.59699986,6306890
2020-02-03,2.46382038,2.46382038,2.46382038,2.46382038,491800
2020-02-04,2.34015372,2.34015372,2.34015372,2.34015372,3825600
2020-02-05,2.3306409,2.38771782,2.3306409,2.3306409,10320912
2020-02-06,2.32112808,2.39723064,2.32112808,2.35917936,9058275
2020-02-07,2.35917936,2.39723064,2.34015372,2.378205,7052066
2020-02-10,2.34966654,2.50187166,2.34966654,2.50187166,10115877
2020-02-11,2.53041012,2.6160255,2.4733332,2.50187166,10669559
2020-02-12,2.48284602,2.5208973,2.45430756,2.51138448,4325792
2020-02-13,2.53041012,2.6160255,2.5208973,2.5208973,9300460
2020-02-14,2.53041012,2.55894858,2.50187166,2.5208973,5803725
2020-02-17,2.53992294,2.6160255,2.5208973,2.58748704,8668168
2020-02-18,2.58748704,2.59699986,2.53041012,2.57797422,7220055
2020-02-19,2.55894858,2.58748704,2.53041012,2.55894858,6806237
2020-02-20,2.55894858,2.57797422,2.53992294,2.5684614,6909456
2020-02-21,2.53992294,2.54943576,2.5208973,2.53041012,8712299
2020-02-24,2.53041012,2.55894858,2.5208973,2.53992294,7113822
2020-02-25,2.50187166,2.53041012,2.41625628,2.50187166,9779814
2020-02-26,2.48284602,2.5684614,2.46382038,2.5208973,8715980
2020-02-27,2.5208973,2.53992294,2.49235884,2.50187166,5694376
2020-02-28,2.45430756,2.4733332,2.39723064,2.40674346,7928188
2020-03-02,2.40674346,2.46382038,2.39723064,2.45430756,6481230
2020-03-03,2.46382038,2.49235884,2.44479474,2.4733332,5678411
2020-03-04,2.46382038,2.53041012,2.44479474,2.5208973,7538867
2020-03-05,2.53041012,2.59699986,2.5208973,2.58748704,11518100
2020-03-06,2.54943576,2.60651268,2.53992294,2.5684614,7194229
2020-03-09,2.53992294,2.58748704,2.51138448,2.54943576,8640742
2020-03-10,2.51138448,2.58748704,2.4733332,2.57797422,9958452
2020-03-11,2.60651268,2.6160255,2.54943576,2.54943576,8056552
2020-03-12,2.5208973,2.53992294,2.49235884,2.51138448,6152656
2020-03-13,2.40674346,2.49235884,2.38771782,2.46382038,9321005
2020-03-16,2.49235884,2.50187166,2.39723064,2.40674346,6134226
2020-03-17,2.40674346,2.44479474,2.34966654,2.38771782,5637729
2020-03-18,2.39723064,2.43528192,2.378205,2.378205,3798800
2020-03-19,2.36869218,2.41625628,2.34015372,2.39723064,4806865
2020-03-20,2.41625628,2.4257691,2.38771782,2.41625628,2998141
2020-03-23,2.39723064,2.39723064,2.35917936,2.36869218,3032338
2020-03-24,2.39723064,2.40674346,2.36869218,2.39723064,3043900
2020-03-25,2.43528192,2.44479474,2.40674346,2.4257691,4181240
2020-03-26,2.43528192,2.4733332,2.41625628,2.44479474,4979317
2020-03-27,2.44479474,2.46382038,2.40674346,2.41625628,4020010
2020-03-30,2.39723064,2.45430756,2.36869218,2.4257691,4670340
2020-03-31,2.4257691,2.51138448,2.41625628,2.50187166,5366108
2020-04-01,2.49235884,2.50187166,2.45430756,2.45430756,4170433
2020-04-02,2.43528192,2.4733332,2.41625628,2.46382038,3303301
2020-04-03,2.44479474,2.4733332,2.43528192,2.44479474,3067407
2020-04-07,2.46382038,2.5208973,2.43528192,2.49235884,9221580
2020-04-08,2.45430756,2.51138448,2.45430756,2.50187166,6853437
2020-04-09,2.50187166,2.53992294,2.4733332,2.53041012,9765613
2020-04-10,2.53992294,2.57797422,2.51138448,2.51138448,6947348
2020-04-13,2.49235884,2.50187166,2.46382038,2.48284602,3965579
2020-04-14,2.49235884,2.54943576,2.48284602,2.53992294,5044139
2020-04-15,2.54943576,2.54943576,2.51138448,2.53041012,4394364
2020-04-16,2.5208973,2.53041012,2.50187166,2.5208973,4369763
2020-04-17,2.5208973,2.54943576,2.49235884,2.50187166,4270000
2020-04-20,2.49235884,2.50187166,2.48284602,2.50187166,4128838
2020-04-21,2.4733332,2.49235884,2.46382038,2.48284602,5314380
2020-04-22,2.46382038,2.53041012,2.45430756,2.5208973,6928084
2020-04-23,2.53041012,2.5684614,2.50187166,2.55894858,7851562
2020-04-24,2.53992294,2.55894858,2.50187166,2.55894858,5941218
2020-04-27,2.53992294,2.68261524,2.53992294,2.60651268,10325997
2020-04-28,2.58748704,2.68261524,2.5208973,2.6160255,11391658
2020-04-29,2.48284602,2.48284602,2.48284602,2.48284602,3560100
2020-04-30,2.378205,2.44479474,2.378205,2.43528192,16440399
2020-05-06,2.39723064,2.45430756,2.39723064,2.44479474,5856598
2020-05-07,2.44479474,2.44479474,2.41625628,2.4257691,3750340
2020-05-08,2.43528192,2.45430756,2.41625628,2.44479474,5704787
2020-05-11,2.44479474,2.45430756,2.39723064,2.43528192,6723673
2020-05-12,2.41625628,2.43528192,2.40674346,2.40674346,3184766
2020-05-13,2.41625628,2.45430756,2.40674346,2.44479474,3276946
2020-05-14,2.44479474,2.44479474,2.4257691,2.4257691,2183837
2020-05-15,2.4257691,2.44479474,2.41625628,2.43528192,3455815
2020-05-18,2.41625628,2.4733332,2.41625628,2.44479474,4229044
2020-05-19,2.46382038,2.51138448,2.43528192,2.50187166,5084626
2020-05-20,2.51138448,2.54943576,2.4733332,2.50187166,4984607
2020-05-21,2.49235884,2.5208973,2.45430756,2.4733332,3464596
2020-05-22,2.4733332,2.49235884,2.44479474,2.46382038,2527613
2020-05-25,2.46382038,2.49235884,2.44479474,2.48284602,1729188
2020-05-26,2.48284602,2.5208973,2.46382038,2.48284602,2112404
2020-05-27,2.45430756,2.4733332,2.4257691,2.44479474,3350348
2020-05-28,2.44479474,2.48284602,2.4257691,2.46382038,3525744
2020-05-29,2.46382038,2.49235884,2.45430756,2.4733332,1363701
2020-06-01,2.4733332,2.49235884,2.46382038,2.49235884,3959839
2020-06-02,2.48284602,2.50187166,2.4733332,2.48284602,1651177
2020-06-03,2.4733332,2.5208973,2.4733332,2.50187166,3143419
2020-06-04,2.50187166,2.55894858,2.49235884,2.54943576,5105893
2020-06-05,2.57797422,2.57797422,2.53992294,2.5684614,3815510
2020-06-08,2.55894858,2.58748704,2.53041012,2.58748704,4958665
2020-06-09,2.57797422,2.64456396,2.5684614,2.6160255,5007949
2020-06-10,2.6160255,2.64456396,2.59699986,2.6160255,2151472
2020-06-11,2.6160255,2.63505114,2.57797422,2.58748704,2663179
2020-06-12,2.5684614,2.6160255,2.53041012,2.58748704,2690500
2020-06-15,2.5684614,2.59699986,2.50187166,2.53992294,2692100
2020-06-16,2.53992294,2.5684614,2.53992294,2.5684614,1904327
2020-06-17,2.54943576,2.5684614,2.53992294,2.55894858,1334057
2020-06-18,2.55894858,2.55894858,2.49235884,2.51138448,4425850
2020-06-19,2.51138448,2.53041012,2.49235884,2.51138448,2701591
2020-06-22,2.5208973,2.5208973,2.41625628,2.4733332,7103335
2020-06-23,2.48284602,2.48284602,2.4257691,2.43528192,3627360
2020-06-24,2.4257691,2.43528192,2.39723064,2.40674346,4365253
2020-06-29,2.39723064,2.4257691,2.39723064,2.41625628,2050692
2020-06-30,2.4257691,2.46382038,2.40674346,2.4257691,2012988
2020-07-01,2.44479474,2.44479474,2.41625628,2.4257691,2466895
2020-07-02,2.43528192,2.43528192,2.378205,2.40674346,6806719
2020-07-03,2.40674346,2.4257691,2.38771782,2.41625628,5045033
2020-07-06,2.41625628,2.49235884,2.40674346,2.4733332,12075276
2020-07-07,2.4733332,2.48284602,2.45430756,2.46382038,8660192
2020-07-08,2.45430756,2.46382038,2.43528192,2.46382038,7637652
2020-07-09,2.46382038,2.51138448,2.43528192,2.48284602,13100516
2020-07-10,2.46382038,2.4733332,2.44479474,2.45430756,7168247
2020-07-13,2.45430756,2.51138448,2.45430756,2.49235884,10324491
2020-07-14,2.50187166,2.51138448,2.4733332,2.50187166,10452750
2020-07-15,2.4733332,2.49235884,2.43528192,2.44479474,8764881
2020-07-16,2.4257691,2.44479474,2.39723064,2.39723064,6757840
2020-07-17,2.39723064,2.41625628,2.35917936,2.378205,5648088
2020-07-20,2.38771782,2.4257691,2.378205,2.41625628,5117306
2020-07-21,2.41625628,2.41625628,2.38771782,2.39723064,3806561
2020-07-22,2.39723064,2.39723064,2.378205,2.39723064,4302830
2020-07-23,2.38771782,2.38771782,2.34966654,2.36869218,5640490
2020-07-24,2.378205,2.38771782,2.32112808,2.34015372,4762588
2020-07-27,2.3306409,2.35917936,2.3306409,2.34015372,2605497
2020-07-28,2.35917936,2.45430756,2.3306409,2.45430756,14411186
2020-07-29,2.44479474,2.44479474,2.40674346,2.4257691,4973426
2020-07-30,2.41625628,2.4257691,2.40674346,2.40674346,2746643
2020-07-31,2.39723064,2.4257691,2.39723064,2.40674346,2903076
2020-08-03,2.41625628,2.48284602,2.41625628,2.44479474,5159989
2020-08-04,2.46382038,2.4733332,2.43528192,2.44479474,4356298
2020-08-05,2.50187166,2.50187166,2.44479474,2.4733332,8012527
2020-08-06,2.46382038,2.49235884,2.45430756,2.46382038,5050194
2020-08-07,2.45430756,2.49235884,2.44479474,2.46382038,4331722
2020-08-10,2.4733332,2.53992294,2.46382038,2.49235884,7344642
2020-08-11,2.49235884,2.50187166,2.43528192,2.44479474,4854200
2020-08-12,2.44479474,2.44479474,2.40674346,2.43528192,3279143
2020-08-13,2.44479474,2.4733332,2.4257691,2.46382038,4011933
2020-08-14,2.46382038,2.48284602,2.43528192,2.45430756,3389600
2020-08-17,2.4733332,2.48284602,2.44479474,2.4733332,5050625
2020-08-18,2.48284602,2.48284602,2.45430756,2.4733332,4286683
2020-08-19,2.4733332,2.48284602,2.45430756,2.46382038,5126785
2020-08-20,2.45430756,2.4733332,2.44479474,2.45430756,3022716
2020-08-21,2.45430756,2.4733332,2.44479474,2.46382038,3460325
2020-08-24,2.57797422,2.58748704,2.54943576,2.58748704,12508334
2020-08-25,2.6635896,2.6635896,2.51138448,2.5208973,15050410
2020-08-26,2.5208973,2.53992294,2.46382038,2.46382038,5902190
2020-08-27,2.49235884,2.49235884,2.45430756,2.46382038,3342430
2020-08-28,2.45430756,2.48284602,2.44479474,2.4733332,2374831
2020-08-31,2.48284602,2.5208973,2.46382038,2.48284602,4210818
2020-09-01,2.49235884,2.55894858,2.46382038,2.5208973,6247351
2020-09-02,2.51138448,2.53992294,2.50187166,2.5208973,3438768
2020-09-03,2.53992294,2.53992294,2.51138448,2.51138448,3026500
2020-09-04,2.49235884,2.55894858,2.4733332,2.5208973,6460409
2020-09-07,2.5684614,2.64456396,2.53041012,2.53992294,7316792
2020-09-08,2.53992294,2.5684614,2.53041012,2.54943576,4525484
2020-09-09,2.53041012,2.54943576,2.49235884,2.53041012,5664018
2020-09-10,2.5208973,2.5684614,2.49235884,2.49235884,6314148
2020-09-11,2.55894858,2.55894858,2.49235884,2.50187166,5799800
2020-09-14,2.48284602,2.50187166,2.4733332,2.49235884,3470700
2020-09-15,2.49235884,2.50187166,2.4733332,2.48284602,2294365
2020-09-16,2.49235884,2.50187166,2.46382038,2.49235884,2776734
2020-09-17,2.48284602,2.49235884,2.46382038,2.49235884,1954925
2020-09-18,2.49235884,2.51138448,2.4733332,2.50187166,2983573
2020-09-21,2.51138448,2.53992294,2.50187166,2.51138448,3648565
2020-09-22,2.50187166,2.51138448,2.48284602,2.48284602,2581147
2020-09-23,2.49235884,2.49235884,2.46382038,2.4733332,2055043
2020-09-24,2.46382038,2.4733332,2.44479474,2.45430756,2587563
2020-09-25,2.46382038,2.48284602,2.45430756,2.45430756,2052000
2020-09-28,2.45430756,2.48284602,2.4257691,2.43528192,2956500
2020-09-29,2.44479474,2.45430756,2.41625628,2.41625628,2313545
2020-09-30,2.4257691,2.43528192,2.40674346,2.40674346,2135745
2020-10-09,2.4257691,2.48284602,2.4257691,2.45430756,3060926
2020-10-12,2.45430756,2.57797422,2.45430756,2.53041012,7761282
2020-10-13,2.53041012,2.54943576,2.50187166,2.5208973,4032234
2020-10-14,2.5208973,2.5208973,2.48284602,2.49235884,3049168
2020-10-15,2.53041012,2.58748704,2.51138448,2.5208973,6503600
2020-10-16,2.5208973,2.55894858,2.5208973,2.53992294,3776412
2020-10-19,2.55894858,2.5684614,2.5208973,2.53992294,3440900
2020-10-20,2.54943576,2.55894858,2.53041012,2.54943576,1699706
2020-10-21,2.54943576,2.54943576,2.53041012,2.53992294,2135732
2020-10-22,2.53992294,2.53992294,2.5208973,2.53041012,1333163
2020-10-23,2.5208973,2.54943576,2.49235884,2.5208973,2250803
2020-10-26,2.5208973,2.53041012,2.4733332,2.48284602,1931900
2020-10-27,2.4733332,2.49235884,2.46382038,2.49235884,1369800
2020-10-28,2.49235884,2.49235884,2.46382038,2.49235884,1334230
2020-10-29,2.48284602,2.49235884,2.46382038,2.48284602,1336516
2020-10-30,2.46382038,2.49235884,2.43528192,2.46382038,3296436
2020-11-02,2.46382038,2.48284602,2.4257691,2.4257691,3738600
2020-11-03,2.43528192,2.4733332,2.43528192,2.46382038,1689289
2020-11-04,2.4733332,2.49235884,2.43528192,2.4733332,2106666
2020-11-05,2.4733332,2.50187166,2.46382038,2.48284602,2288827
2020-11-06,2.48284602,2.49235884,2.46382038,2.4733332,2838456
2020-11-09,2.4733332,2.51138448,2.4733332,2.49235884,2781977
2020-11-10,2.49235884,2.53041012,2.49235884,2.5208973,4113525
2020-11-11,2.5208973,2.53992294,2.49235884,2.53041012,3621839
2020-11-12,2.53041012,2.64456396,2.53041012,2.5684614,9819555
2020-11-13,2.5684614,2.58748704,2.53992294,2.57797422,3913011
2020-11-16,2.57797422,2.6160255,2.5684614,2.57797422,5108227
2020-11-17,2.55894858,2.5684614,2.53041012,2.54943576,3472079
2020-11-18,2.54943576,2.58748704,2.54943576,2.5684614,3162638
2020-11-19,2.57797422,2.57797422,2.53992294,2.54943576,2752800
2020-11-20,2.54943576,2.59699986,2.53041012,2.57797422,4646596
2020-11-23,2.58748704,2.65407678,2.5684614,2.60651268,7101426
2020-11-24,2.6160255,2.63505114,2.59699986,2.62553832,4374917
2020-11-25,2.63505114,2.7587178,2.60651268,2.7587178,18857479
2020-11-26,2.74920498,2.9014101,2.73969216,2.9014101,13245879
2020-11-27,3.01556394,3.0441024,2.7587178,2.83482036,26128313
2020-11-30,2.76823062,2.96799984,2.76823062,2.81579472,13341466
2020-12-01,2.79676908,2.87287164,2.78725626,2.81579472,6888186
2020-12-02,2.8062819,2.9014101,2.79676908,2.83482036,5681620
2020-12-03,2.82530754,2.87287164,2.79676908,2.853846,5413807
2020-12-04,2.853846,2.88238446,2.84433318,2.86335882,3573203
2020-12-07,2.853846,2.96799984,2.853846,2.93946138,8953331
2020-12-08,2.92994856,3.00605112,2.92994856,2.9489742,7568298
2020-12-09,2.93946138,3.00605112,2.89189728,2.91092292,7871570
2020-12-10,2.89189728,2.9965383,2.88238446,2.96799984,7309032
2020-12-11,2.98702548,3.0916665,2.98702548,3.07264086,12189499
2020-12-14,3.0916665,3.22484598,3.0916665,3.17728188,13083698
2020-12-15,3.1867947,3.24387162,3.11069214,3.1392306,9569832
2020-12-16,3.12971778,3.16776906,2.98702548,2.98702548,12442045
2020-12-17,2.97751266,3.02507676,2.83482036,3.00605112,12843991
2020-12-18,2.98702548,3.0441024,2.95848702,3.00605112,5735607
2020-12-21,3.00605112,3.12971778,2.98702548,3.02507676,8361080
2020-12-22,3.00605112,3.05361522,2.9965383,3.02507676,4457100
2020-12-23,3.02507676,3.11069214,3.02507676,3.08215368,4351833
2020-12-24,3.05361522,3.12971778,3.05361522,3.11069214,5489636
2020-12-25,3.0916665,3.12971778,2.95848702,3.03458958,6880798
2020-12-28,3.03458958,3.05361522,2.92043574,2.93946138,7369100
2020-12-29,2.9014101,2.95848702,2.9014101,2.92994856,4169967
2020-12-30,2.92994856,3.06312804,2.92994856,3.0441024,5743916
2020-12-31,3.0441024,3.06312804,3.02507676,3.0441024,3484416
2021-01-04,3.0441024,3.0441024,2.98702548,2.98702548,4852785
2021-01-05,2.98702548,3.02507676,2.96799984,2.9965383,4449585
2021-01-06,2.9965383,3.00605112,2.92994856,2.9489742,4670522
2021-01-07,2.9489742,2.98702548,2.92994856,2.93946138,4158891
2021-01-08,2.92994856,2.93946138,2.83482036,2.92994856,4924937
2021-01-11,2.91092292,2.9489742,2.853846,2.87287164,4455741
2021-01-12,2.86335882,2.92043574,2.77774344,2.81579472,6486414
2021-01-13,2.81579472,2.81579472,2.67310242,2.68261524,9796208
2021-01-14,2.67310242,2.67310242,2.6160255,2.65407678,4930160
2021-01-15,2.6635896,2.74920498,2.65407678,2.73969216,4467337
2021-01-18,2.72066652,2.87287164,2.70164088,2.87287164,5319320
2021-01-19,2.87287164,2.92994856,2.83482036,2.86335882,7041458
2021-01-20,2.87287164,2.89189728,2.81579472,2.88238446,3199240
2021-01-21,2.9014101,2.9014101,2.86335882,2.87287164,2069716
2021-01-22,2.87287164,2.9489742,2.853846,2.88238446,3882564
2021-01-25,2.87287164,2.9014101,2.77774344,2.79676908,6770300
2021-01-26,2.8062819,2.82530754,2.7111537,2.79676908,5806728
2021-01-27,2.8062819,2.87287164,2.7587178,2.86335882,4255773
2021-01-28,2.853846,2.98702548,2.83482036,2.91092292,7126016
2021-01-29,2.91092292,2.95848702,2.88238446,2.92994856,3625225
2021-02-01,2.83482036,2.87287164,2.78725626,2.78725626,9241016
2021-02-02,2.7587178,2.78725626,2.70164088,2.73017934,5674103
2021-02-03,2.72066652,2.78725626,2.7111537,2.73017934,2900070
2021-02-04,2.74920498,2.74920498,2.6635896,2.69212806,2849055
2021-02-05,2.69212806,2.73017934,2.67310242,2.67310242,2200600
2021-02-08,2.73017934,2.79676908,2.72066652,2.77774344,3567757
2021-02-09,2.77774344,2.84433318,2.7587178,2.8062819,2704814
2021-02-10,2.78725626,2.82530754,2.78725626,2.8062819,2641500
2021-02-18,2.9014101,2.9489742,2.83482036,2.9489742,9420895
2021-02-19,2.95848702,3.10117932,2.92043574,3.10117932,15634423
2021-02-22,3.15825624,3.25338444,3.15825624,3.24387162,20551089
2021-02-23,3.30094854,3.40558956,3.1867947,3.40558956,32252538
2021-02-24,3.5197434,3.57682032,3.4246152,3.57682032,21064975
2021-02-25,3.70048698,3.7575639,3.62438442,3.7575639,8103391
2021-02-26,3.8526921,3.9478203,3.5673075,3.5673075,52160251
2021-03-01,3.53876904,3.74805108,3.4246152,3.72902544,41141702
2021-03-02,3.65292288,3.79561518,3.53876904,3.53876904,30499500
2021-03-03,3.5197434,3.6624357,3.49120494,3.59584596,18944142
2021-03-04,3.53876904,3.58633314,3.41510238,3.41510238,21304733
2021-03-05,3.39607674,3.46266648,3.3770511,3.38656392,8617241
2021-03-08,3.45315366,3.49120494,3.30094854,3.35802546,11174273
2021-03-09,3.36753828,3.43412802,3.25338444,3.43412802,10372215
2021-03-10,3.4721793,3.4721793,3.39607674,3.4246152,7375049
2021-03-11,3.44364084,3.51023058,3.40558956,3.43412802,8704500
2021-03-12,3.43412802,3.48169212,3.38656392,3.46266648,7482104
2021-03-15,3.48169212,3.63389724,3.48169212,3.63389724,22969868
2021-03-16,3.7099998,3.76707672,3.58633314,3.62438442,14947034
2021-03-17,3.59584596,3.73853826,3.57682032,3.6624357,9608109
2021-03-18,3.71951262,3.84317928,3.6624357,3.84317928,16644745
2021-03-19,3.81464082,4.01441004,3.76707672,3.9002562,15619199
2021-03-22,3.91928184,3.95733312,3.78610236,3.805128,14719973
2021-03-23,3.77658954,3.79561518,3.6148716,3.6148716,17566744
2021-03-24,3.54828186,3.63389724,3.44364084,3.49120494,12685234
2021-03-25,3.49120494,3.6624357,3.48169212,3.65292288,10970018
2021-03-26,3.60535878,3.69097416,3.5673075,3.65292288,8708472
2021-03-29,3.68146134,3.73853826,3.65292288,3.69097416,6897205
2021-03-30,3.71951262,3.72902544,3.6148716,3.63389724,6883216
2021-03-31,3.63389724,3.7099998,3.63389724,3.68146134,4710774
2021-04-01,3.81464082,3.86220492,3.81464082,3.86220492,11476840
2021-04-02,4.05246132,4.05246132,4.05246132,4.05246132,3624336
2021-04-06,4.2332049,4.25223054,4.00489722,4.06197414,41540181
2021-04-07,4.03343568,4.26174336,3.96684594,4.26174336,32695394
2021-04-08,4.21417926,4.3283331,4.1380767,4.1856408,25223094
2021-04-09,4.17612798,4.22369208,4.05246132,4.08099978,15331506
2021-04-12,4.08099978,4.0905126,3.89074338,3.96684594,13961207
2021-04-13,3.97635876,4.03343568,3.90976902,3.91928184,8202119
2021-04-14,3.9002562,4.01441004,3.9002562,3.97635876,6205545
2021-04-15,3.98587158,4.17612798,3.98587158,4.10002542,12250750
2021-04-16,4.07148696,4.30930746,4.05246132,4.30930746,15410067
2021-04-19,4.31882028,4.3758972,4.2332049,4.25223054,14264643
2021-04-20,4.26174336,4.30930746,4.15710234,4.24271772,10018201
2021-04-21,4.20466644,4.31882028,4.16661516,4.29028182,7058015
2021-04-22,4.280769,4.50907668,4.280769,4.4710254,12668527
2021-04-23,4.44248694,4.60420488,4.39492284,4.45199976,10857378
2021-04-26,4.43297412,4.6612818,4.43297412,4.60420488,13004534
2021-04-27,4.59469206,4.68982026,4.50907668,4.63274334,10554713
2021-04-28,4.6137177,4.6612818,4.4710254,4.52810232,13274532
2021-04-29,4.5661536,4.63274334,4.40443566,4.49956386,12891400
2021-04-30,4.50907668,4.53761514,4.40443566,4.48053822,7736095
2021-05-06,4.52810232,4.67079462,4.5185895,4.62323052,11191741
2021-05-07,4.64225616,4.8515382,4.62323052,4.8515382,21092302
2021-05-10,4.88958948,5.09887152,4.8039741,5.06082024,19120030
2021-05-11,5.01325614,5.15594844,4.8039741,4.8039741,29002529
2021-05-12,4.74689718,4.91812794,4.67079462,4.8515382,15663373
2021-05-13,4.83251256,5.01325614,4.78494846,4.93715358,13334682
2021-05-14,4.96569204,5.0893587,4.8515382,4.91812794,13299355
2021-05-17,4.71835872,4.76592282,4.67079462,4.67079462,14402444
2021-05-18,4.5185895,4.82299974,4.5185895,4.74689718,13392280
2021-05-19,4.82299974,4.91812794,4.74689718,4.78494846,12842928
2021-05-20,4.74689718,4.74689718,4.64225616,4.7088459,8949859
2021-05-21,4.73738436,4.76592282,4.65176898,4.68982026,7119403
2021-05-24,4.68982026,4.71835872,4.45199976,4.45199976,16143246
2021-05-25,4.38541002,4.58517924,4.38541002,4.53761514,14734512
2021-05-26,4.53761514,4.69933308,4.50907668,4.68030744,10475165
2021-05-27,4.64225616,4.8515382,4.64225616,4.78494846,9689332
2021-05-28,4.78494846,4.8991023,4.76592282,4.83251256,9594589
2021-05-31,4.82299974,4.8991023,4.81348692,4.8991023,9596119
2021-06-01,4.92764076,5.14643562,4.8991023,5.11789716,14691495
2021-06-02,5.1369228,5.3271792,5.12740998,5.21302536,13087533
2021-06-03,5.17497408,5.2796151,5.14643562,5.16546126,9410260
2021-06-04,5.15594844,5.4223074,5.14643562,5.4223074,17417862
2021-06-07,5.53646124,5.69817918,5.45084586,5.69817918,23971118
2021-06-08,5.78379456,5.98356378,5.74574328,5.98356378,28352381
2021-06-09,6.01210224,6.2784612,5.8028202,5.9455125,51805922
2021-06-10,5.9455125,5.9455125,5.9455125,5.9455125,0
2021-06-11,6.03112788,6.54482016,5.95502532,6.40212786,93422996
2021-06-15,6.658974,7.0394868,6.658974,7.0394868,25621946
2021-06-16,7.38194832,7.74343548,6.92533296,6.96338424,113002725
2021-06-17,6.8492304,7.6578201,6.68751246,7.6578201,100310228
2021-06-18,7.45805088,7.4675637,6.8967945,6.91582014,76399064
2021-06-21,6.86825604,7.07753808,6.57335862,7.06802526,62113812
2021-06-22,6.95387142,7.49610216,6.9443586,7.06802526,60841688
2021-06-23,7.07753808,7.21071756,6.8492304,6.95387142,40394182
2021-06-24,6.95387142,7.09656372,6.7065381,6.9919227,34497981
2021-06-25,6.9919227,7.53415344,6.7541022,7.3724355,70799385
2021-06-28,7.36292268,8.11443546,7.36292268,8.11443546,77786980
2021-06-29,8.12394828,8.91351234,7.90515342,8.39982006,96362124
2021-06-30,8.29517904,8.73276876,8.16199956,8.33323032,43565162
2021-07-01,8.48543544,8.91351234,8.1810252,8.35225596,52557095
2021-07-02,8.085897,8.23810212,7.82905086,8.16199956,32204928
2021-07-05,8.09540982,8.4188457,8.0383329,8.28566622,23832682
2021-07-06,8.39982006,8.66617902,8.14297392,8.52348672,36538899
2021-07-07,8.50446108,8.69471748,8.30469186,8.48543544,28639301
2021-07-08,8.4188457,8.47592262,8.085897,8.11443546,25442903
2021-07-09,8.11443546,8.92302516,8.085897,8.87546106,57768051
2021-07-12,8.93253798,9.76015332,8.93253798,9.7506405,65494157
2021-07-13,9.73161486,9.9408969,9.42720462,9.69356358,58300929
2021-07-14,9.7030764,9.988461,9.28451232,9.52233282,58163875
2021-07-15,9.51282,9.61746102,8.88497388,9.33207642,50039436
2021-07-16,9.25597386,10.26433278,9.25597386,10.26433278,67237039
2021-07-19,10.62581994,11.1299994,10.19774304,10.2738456,67503712
2021-07-20,10.2738456,10.69240968,9.67453794,10.44507636,53613902
2021-07-21,10.38799944,11.07292248,10.3214097,10.78753788,48426427
2021-07-22,10.7494866,11.19658914,10.5592302,10.83510198,50785058
2021-07-23,10.7970507,11.29171734,10.68289686,11.05389684,54618830
2021-07-26,11.13951222,11.20610196,10.11212766,10.29287124,52989457
2021-07-27,10.5592302,10.68289686,9.3225636,9.48428154,65080936
2021-07-28,9.1798713,9.47476872,8.63764056,9.20840976,45934538
2021-07-29,9.48428154,9.76015332,9.2749995,9.72210204,38568693
2021-07-30,9.62697384,9.68405076,8.7517944,8.76130722,63348953
2021-08-02,8.8469226,9.20840976,8.6566662,9.15133284,41014780
2021-08-03,9.14182002,9.20840976,8.57105082,8.59958928,33472981
2021-08-04,8.68520466,9.0847431,8.68520466,8.9420508,35085098
2021-08-05,8.8944867,9.6079482,8.66617902,9.10376874,55987623
2021-08-06,9.12279438,9.42720462,8.7517944,9.3225636,46276699
2021-08-09,9.23694822,9.7030764,9.19889694,9.42720462,45786447
2021-08-10,9.28451232,9.58892256,9.09425592,9.29402514,35432744
2021-08-11,9.3701277,10.2262815,9.28451232,10.2262815,58869709
2021-08-12,10.3214097,11.25366606,10.2738456,11.25366606,89018517
2021-08-13,11.1775635,12.15738396,11.1299994,11.76735834,89557628
2021-08-16,12.02420448,12.94694802,12.02420448,12.40471728,95808767
2021-08-17,12.10981986,12.49033266,11.59612758,11.7007686,61428316
2021-08-18,11.96712756,12.87084546,11.80540962,12.40471728,91427990
2021-08-19,12.3191019,12.8898711,11.73881988,11.92907628,94122804
2021-08-20,12.0812814,12.15738396,11.415384,11.9861532,63864487
2021-08-23,12.0337173,12.842307,12.00517884,12.4142301,57156526
2021-08-24,12.52838394,13.2228198,11.9385891,12.72815316,63508389
2021-08-25,12.62351214,14.00287104,12.28105062,14.00287104,72210942
2021-08-26,14.06946078,15.40125558,13.9838454,15.0302556,98112340
2021-08-27,14.95415304,16.53328116,14.8399992,16.53328116,79868808
2021-08-30,17.70335802,18.18851184,17.123076,17.9792298,115921958
2021-08-31,17.84605032,19.77715278,16.7425632,19.77715278,99709804
2021-09-01,19.3110246,20.00546046,17.79848622,17.79848622,79413041
2021-09-02,17.6938452,19.57738356,17.09453754,19.57738356,86544257
2021-09-03,19.74861432,21.23261424,18.62610156,19.47274254,117503935
2021-09-06,18.91148616,19.67251176,17.52261444,17.52261444,60016224
2021-09-07,17.0755119,19.1683323,16.72353756,18.68317848,108076866
2021-09-08,18.6926913,20.5476912,18.074358,20.5476912,86927550
2021-09-09,20.79502452,21.5465373,20.24328096,21.5465373,79010466
2021-09-10,21.4989732,23.70594744,20.7379476,23.28738336,85326902
2021-09-13,23.04005004,25.61802426,21.6892296,25.57046016,108562630
2021-09-14,23.86766538,26.5407678,23.20176798,24.34330638,113356884
2021-09-15,23.38251156,24.13402434,22.4502552,22.82125518,90779496
2021-09-16,23.28738336,24.60966534,22.84028082,23.62984488,92380339
2021-09-17,22.9258962,24.75235764,21.403845,22.9734603,97939638
2021-09-22,22.96394748,25.208973,22.0697424,25.0662807,98085459
2021-09-23,25.4943576,25.53240888,22.56440904,22.56440904,92765014
2021-09-24,21.57507576,21.86997318,20.3098707,20.3098707,85948705
2021-09-27,19.76763996,21.1660245,19.02564,19.47274254,97181692
2021-09-28,19.47274254,20.1196143,18.96856308,19.02564,61382391
2021-09-29,18.549999,18.9305118,17.123076,17.123076,69424668
2021-09-30,17.13258882,18.6451272,16.66646064,18.15046056,100857706
2021-10-08,18.58805028,18.81635796,16.95184524,17.71287084,80255782
2021-10-11,18.17899902,18.549999,17.3133324,18.17899902,58562558
2021-10-12,18.17899902,19.99594764,16.9328196,19.99594764,172831897
2021-10-13,19.2158964,20.3574348,18.06484518,19.52030664,148159360
2021-10-14,18.549999,20.91869118,17.77946058,20.2147425,132252376
2021-10-15,19.976922,22.1648706,19.80569124,21.6892296,137007802
2021-10-18,21.76533216,23.85815256,21.1660245,23.85815256,115477672
2021-10-19,23.99133204,26.14122936,23.4015372,25.38020376,124748921
2021-10-20,23.9723064,26.57881908,23.5917936,24.4479474,129210841
2021-10-21,25.21848582,26.89274214,24.257691,26.89274214,117516162
2021-10-22,27.47302416,29.2043574,25.95097296,26.0651268,168249240
2021-10-25,26.64540882,28.67163948,26.17928064,28.67163948,122655002
2021-10-26,29.80366506,30.1080753,28.10087028,29.2519215,128316425
2021-10-27,29.22338304,32.18187006,28.7287164,32.18187006,142766191
2021-10-28,31.2020496,32.0582034,28.9665369,30.441024,146588873
2021-10-29,30.441024,32.76215208,28.40528052,31.35425472,156908388
2021-11-01,30.6312804,33.29487,29.78463942,31.38279318,138304042
2021-11-02,30.441024,30.6312804,28.24356258,28.24356258,117378260
2021-11-03,27.0164088,27.81548568,25.9224345,26.70248574,125448403
2021-11-04,27.41594724,27.8249985,25.60851144,25.88438322,141923655
2021-11-05,25.88438322,26.05561398,23.29689618,23.29689618,156014040
2021-11-08,23.20176798,24.15304998,22.6880757,23.53471668,105491984
2021-11-09,22.93540902,25.88438322,22.53587058,25.88438322,168621231
2021-11-10,25.208973,27.76792158,25.1138448,26.86420368,178173708
2021-11-11,26.74053702,29.32802406,26.45515242,28.81433178,156004511
2021-11-12,28.7287164,29.9178189,27.71084466,28.12940874,131267003
2021-11-15,26.81663958,27.2542293,25.31361402,25.31361402,56299027
2021-11-16,22.7832039,24.47648586,22.7832039,23.1161526,147091039
2021-11-17,23.60130642,25.1138448,23.17322952,24.69528072,121602780
2021-11-18,24.3052551,25.12335762,22.96394748,23.77253718,122800646
2021-11-19,24.0198705,25.0187166,23.10663978,24.23866536,108002399
2021-11-22,24.14353716,25.89389604,24.01035768,25.05676788,116142894
2021-11-23,24.94261404,25.7797422,24.15304998,24.21963972,101168718
2021-11-24,23.78205,24.67625508,23.31592182,23.3539731,85434666
2021-11-25,23.62984488,23.90571666,22.84028082,23.09712696,64975508
2021-11-26,22.7356398,23.72497308,22.4502552,23.0210244,77940029
2021-11-29,22.2599988,23.1637167,21.74630652,22.355127,73971706
2021-11-30,22.80222954,23.306409,22.17438342,23.17322952,88016410
2021-12-01,22.7356398,25.4943576,22.4026911,25.4943576,147651189
2021-12-02,25.77022938,27.27325494,24.90456276,26.0651268,170149228
2021-12-03,25.80828066,26.7310242,24.9235884,25.8273063,115294800
2021-12-06,25.4943576,26.00804988,24.4479474,24.48599868,91592012
2021-12-07,24.65722944,24.9235884,22.90687056,23.3539731,88129579
2021-12-08,23.34446028,24.0674346,23.15420388,23.71546026,68799439
2021-12-09,23.50617822,23.85815256,23.19225516,23.26835772,51396814
2021-12-10,22.93540902,25.04725506,22.6405116,24.5906397,102225359
2021-12-13,24.57161406,25.17092172,24.17207562,24.28622946,75111066
2021-12-14,24.0674346,24.41940894,23.09712696,23.3539731,66641369
2021-12-15,23.2588449,23.5917936,23.0210244,23.24933208,45737255
2021-12-16,23.3539731,23.70594744,23.15420388,23.32543464,42175734
2021-12-17,23.18274234,23.3539731,22.0221783,22.1173065,69121330
2021-12-20,21.7843578,22.0221783,20.38597326,20.50963992,72776956
2021-12-21,20.0720502,21.55605012,19.99594764,21.10894758,58766348
2021-12-22,20.89966554,21.36579372,20.81405016,20.89015272,37947199
2021-12-23,20.928204,21.0708963,20.48110146,20.66184504,33579224
2021-12-24,20.452563,20.76648606,19.10174256,19.3585887,60027264
2021-12-27,19.2158964,19.86276816,19.0732041,19.4537169,41826172
2021-12-28,19.5964092,20.84258862,19.42517844,20.60476812,73274495
2021-12-29,20.48110146,21.1184604,20.2623066,20.33840916,56508366
2021-12-30,20.33840916,20.84258862,19.8342297,19.91984508,47941807
2021-12-31,19.8817938,20.36694762,19.72007586,20.27181942,42318061
2022-01-04,20.3574348,20.43353736,18.76879386,19.3585887,53865601
2022-01-05,19.04466564,19.18735794,18.38828106,18.5975631,44194521
2022-01-06,18.3121785,19.52030664,18.3121785,19.27297332,42659122
2022-01-07,19.14930666,19.48225536,18.6926913,18.70220412,31803920
2022-01-10,18.60707592,19.10174256,18.27412722,18.42633234,27827512
2022-01-11,18.42633234,20.27181942,18.42633234,20.24328096,94139330
2022-01-12,19.89130662,20.28133224,19.30151178,19.77715278,73005378
2022-01-13,19.52981946,19.7391015,18.74976822,18.74976822,45991454
2022-01-14,18.549999,19.29199896,18.549999,18.95905026,33764471
2022-01-17,18.76879386,19.06369128,18.3597426,18.6926913,31172307
2022-01-18,18.5975631,18.92099898,18.48340926,18.52146054,25204826
2022-01-19,18.4548708,18.51194772,17.3133324,17.58920418,43491671
2022-01-20,17.48456316,17.60822982,16.89476832,17.0755119,33444474
2022-01-21,17.06599908,17.35138368,16.72353756,16.86622986,24883946
2022-01-24,16.58084526,18.24558876,16.43815296,17.86507596,51460896
2022-01-25,17.57017854,17.7889734,16.81866576,16.81866576,36478188
2022-01-26,17.14210164,17.37040932,16.67597346,16.9803837,24882103
2022-01-27,16.9803837,18.06484518,16.9328196,17.27528112,43531044
2022-01-28,16.32399912,16.4571786,15.54394788,15.58199916,63257216
2022-02-07,15.8388453,16.67597346,15.696153,16.49522988,53130321
2022-02-08,16.62840936,16.98989652,15.89592222,16.95184524,43283397
2022-02-09,16.95184524,17.42748624,16.65694782,17.16112728,40436711
2022-02-10,17.16112728,17.38943496,16.90428114,16.97087088,31506898
2022-02-11,16.80915294,17.42748624,16.53328116,16.56181962,39403837
2022-02-14,16.3620504,17.42748624,16.28594784,16.84720422,39813759
2022-02-15,16.78061448,17.18015292,16.37156322,17.18015292,31653394
2022-02-16,17.23722984,18.70220412,17.13258882,18.05533236,78305810
2022-02-17,18.1694862,19.86276816,17.6938452,19.86276816,141172749
2022-02-18,19.27297332,19.7391015,18.94002462,19.05417846,95420593
2022-02-21,18.86392206,18.91148616,18.34071696,18.70220412,55934473
2022-02-22,18.5024349,19.7866656,18.29315286,19.39663998,76777562
2022-02-23,19.34907588,21.28969116,19.02564,20.42402454,113655841
2022-02-24,19.976922,21.2135886,19.0732041,19.67251176,106049643
2022-02-25,19.80569124,20.24328096,19.39663998,19.68202458,57818768
2022-02-28,19.48225536,20.81405016,19.4061528,20.452563,74548903
2022-03-01,20.3098707,20.44305018,19.79617842,20.2623066,55430280
2022-03-02,20.0244861,20.31938352,19.7866656,19.91033226,41030483
2022-03-03,19.976922,20.04351174,18.9780759,19.01612718,52159759
2022-03-04,18.91148616,19.34907588,18.42633234,18.65464002,45050887
2022-03-07,18.55951182,19.18735794,18.3121785,18.38828106,39043296
2022-03-08,18.38828106,18.72122976,17.14210164,17.53212726,49303159
2022-03-09,17.5035888,17.6462811,15.92446068,16.7425632,46953718
2022-03-10,17.22771702,17.70335802,16.92330678,17.32284522,43165109
2022-03-11,17.3133324,18.6451272,16.8376914,18.15997338,56721582
2022-03-14,18.074358,18.22656312,17.48456316,17.49407598,35901631
2022-03-15,17.14210164,17.67481956,16.6949991,16.6949991,32086536
2022-03-16,17.123076,17.86507596,16.43815296,17.51310162,44218540
2022-03-17,17.67481956,17.9792298,17.41797342,17.51310162,43300964
2022-03-18,17.24674266,17.77946058,17.00892216,17.57969136,32401142
2022-03-21,17.598717,18.19802466,17.4084606,17.65579392,38552908
2022-03-22,17.5511529,18.1694862,17.3133324,17.71287084,33444310
2022-03-23,17.6938452,18.1219221,17.6462811,17.71287084,37069525
2022-03-24,17.598717,18.94002462,17.2657683,18.65464002,75359545
2022-03-25,18.66415284,19.58689638,18.47389644,18.75928104,71795006
2022-03-28,18.7878195,19.08271692,17.86507596,18.35022978,50125831
2022-03-29,18.3597426,20.18620404,18.10289646,20.18620404,112863325
2022-03-30,20.05302456,20.928204,19.6439733,20.5001271,123516366
2022-03-31,20.2623066,20.44305018,19.3110246,19.33005024,82604861
2022-04-01,19.02564,20.68087068,19.02564,20.2623066,78911554
2022-04-06,19.98643482,20.93771682,19.8817938,20.67135786,74957944
2022-04-07,20.7855117,22.52635776,20.452563,21.65117832,103689051
2022-04-08,21.44189628,23.82010128,21.43238346,23.43007566,151408312
2022-04-11,22.830768,23.8771782,21.98412702,23.0210244,109531785
2022-04-12,22.55489622,22.9258962,21.57507576,21.879486,80340531
2022-04-13,21.90802446,22.9734603,21.42287064,22.08876804,82535567
2022-04-14,21.4989732,23.2588449,20.7855117,22.830768,100171762
2022-04-15,22.52635776,23.2588449,21.4514091,21.52751166,56222407
2022-04-18,20.928204,22.17438342,20.53817838,21.53702448,45294500
2022-04-19,21.5465373,22.0221783,20.96625528,21.79387062,42763101
2022-04-20,21.55605012,22.08876804,20.55720402,20.90917836,50474290
2022-04-21,20.452563,20.66184504,18.81635796,18.81635796,62069269
2022-04-22,18.13143492,18.60707592,17.80799904,17.99825544,45637894
2022-04-25,17.598717,17.598717,16.20033246,16.20033246,53668930
2022-04-26,16.13374272,16.19081964,14.8875633,15.10635816,71211184
2022-04-27,14.6973069,16.5047427,14.6497428,16.4096145,78844470
2022-04-28,16.38107604,17.123076,16.05764016,16.33351194,73495280
2022-04-29,16.68548628,17.0755119,16.08617862,16.65694782,57550454
2022-05-05,16.66646064,18.2646144,16.66646064,17.86507596,60720140
2022-05-06,17.123076,18.47389644,17.01843498,17.86507596,70662471
2022-05-09,17.85556314,18.2646144,17.5035888,18.23607594,46585518
2022-05-10,17.7889734,18.05533236,17.41797342,17.86507596,42950389
2022-05-11,17.80799904,18.6926913,17.76994776,17.89361442,59784455
2022-05-12,17.6938452,18.10289646,17.33235804,17.71287084,39273321
2022-05-13,17.6938452,18.55951182,17.6938452,18.06484518,50241378
2022-05-16,18.4548708,19.2634605,18.3121785,18.41681952,58992183
2022-05-17,18.49292208,19.33005024,18.23607594,19.24443486,68635084
2022-05-18,19.06369128,19.06369128,18.41681952,18.48340926,52703644
2022-05-19,17.8841016,18.38828106,17.6938452,18.25510158,40319750
2022-05-20,18.39779388,18.6451272,18.074358,18.47389644,44085987
2022-05-23,18.39779388,19.7866656,18.36925542,19.56787074,75505528
2022-05-24,19.58689638,19.8817938,18.73074258,18.7402554,73491683
2022-05-25,18.7878195,19.28248614,18.4548708,19.13979384,46019445
2022-05-26,19.01612718,19.15881948,17.98874262,18.63561438,55080386
2022-05-27,18.73074258,19.17784512,18.55951182,18.75928104,47165277
2022-05-30,18.7402554,18.8829477,18.1694862,18.60707592,32645085
2022-05-31,18.60707592,18.96856308,18.4548708,18.66415284,35914605
2022-06-01,18.62610156,19.3585887,18.41681952,18.9305118,58268052
2022-06-02,18.7402554,18.7402554,17.92215288,18.14094774,66520014
2022-06-06,18.0267939,19.3585887,17.98874262,19.18735794,79019784
2022-06-07,19.63446048,20.452563,18.9780759,19.75812714,90314333
2022-06-08,19.7866656,20.452563,19.39663998,20.452563,89544621
2022-06-09,20.5476912,21.42287064,20.06253738,20.9757681,102178761
2022-06-10,20.452563,21.84143472,20.452563,21.29920398,85488350
2022-06-13,21.1184604,22.52635776,20.95674246,21.95558856,84967950
2022-06-14,21.57507576,22.0697424,20.77599888,21.85094754,79228360
2022-06-15,22.0697424,22.0697424,20.13863994,20.47158864,90031678
2022-06-16,20.2623066,20.68087068,19.976922,20.19571686,48732810
2022-06-17,19.8817938,20.61428094,19.86276816,20.44305018,47892988
2022-06-20,20.3574348,20.3574348,18.8829477,19.49176818,73212047
2022-06-21,19.501281,19.67251176,19.02564,19.34907588,39514082
2022-06-22,19.32053742,19.77715278,19.02564,19.17784512,40978300
2022-06-23,19.3585887,19.3585887,18.3121785,19.1207682,55318308
2022-06-24,18.98758872,19.91984508,18.82587078,19.57738356,52216609
2022-06-27,19.52030664,20.0244861,18.9780759,19.80569124,50123939
2022-06-28,20.05302456,20.61428094,19.82471688,20.42402454,62930284
2022-06-29,19.976922,20.37646044,19.3110246,19.501281,67295716
2022-06-30,19.51079382,19.68202458,19.13979384,19.32053742,44199458
2022-07-01,19.33956306,20.82356298,19.19687076,20.72843478,84584213
2022-07-04,21.10894758,21.55605012,20.7379476,21.25163988,88288453
2022-07-05,21.0708963,22.2599988,20.84258862,22.14584496,109745979
2022-07-06,21.6892296,21.6892296,20.39548608,20.63330658,84843467
2022-07-07,20.3098707,21.13748604,20.3098707,20.6428194,49076324
2022-07-08,20.6428194,20.8330758,19.976922,20.05302456,46203552
2022-07-11,19.89130662,19.89130662,19.33956306,19.56787074,33377034
2022-07-12,19.41566562,19.90081944,19.23492204,19.76763996,31914610
2022-07-13,19.5964092,20.08156302,19.3585887,20.01497328,35405601
2022-07-14,20.00546046,20.00546046,19.4061528,19.5964092,42153414
2022-07-15,19.42517844,20.09107584,19.33005024,19.48225536,34383003
2022-07-18,19.501281,20.08156302,19.33005024,20.03399892,34490543
2022-07-19,20.05302456,20.7379476,20.0244861,20.65233222,57430540
2022-07-20,20.41451172,20.65233222,20.19571686,20.48110146,36087724
2022-07-21,20.47158864,20.48110146,19.57738356,19.57738356,40622399
2022-07-22,19.52981946,19.91033226,19.29199896,19.80569124,30196057
2022-07-25,19.5964092,19.90081944,19.38712716,19.47274254,19692891
2022-07-26,19.58689638,19.77715278,19.33005024,19.57738356,20132862
2022-07-27,19.5488451,19.5488451,19.02564,19.05417846,31894282
2022-07-28,19.1683323,19.23492204,18.72122976,18.80684514,31084838
2022-07-29,18.81635796,19.00661436,18.47389644,18.54048618,25634929
2022-08-01,18.44535798,18.8829477,18.2170503,18.79733232,22418714
2022-08-02,18.52146054,18.53097336,17.39894778,17.49407598,36374303
2022-08-03,17.4560247,17.96971698,17.3608965,17.42748624,26435986
2022-08-04,17.57969136,17.80799904,17.4084606,17.67481956,16747015
2022-08-05,17.6938452,18.1219221,17.52261444,18.10289646,24733111
2022-08-08,17.96020416,18.29315286,17.9316657,18.11240928,18927933
2022-08-09,18.08387082,18.5024349,17.91264006,18.42633234,27375568
2022-08-10,18.35022978,18.47389644,17.98874262,18.04581954,19751947
2022-08-11,18.09338364,18.5024349,17.9792298,18.38828106,24034372
2022-08-12,18.33120414,18.56902464,18.29315286,18.34071696,17744433
2022-08-15,18.34071696,18.60707592,18.24558876,18.37876824,20244089
2022-08-16,18.38828106,18.44535798,18.08387082,18.1219221,23067362
2022-08-17,18.074358,18.11240928,17.73189648,17.95069134,24902266
2022-08-18,17.89361442,18.01728108,17.598717,17.6462811,18952269
2022-08-19,17.6462811,17.81751186,17.38943496,17.43699906,20587242
2022-08-22,17.44651188,18.0267939,17.10405036,17.99825544,28284891
2022-08-23,17.87458878,18.24558876,17.7414093,18.23607594,26267684
2022-08-24,18.23607594,18.3121785,17.598717,17.6462811,24264095
2022-08-25,17.76043494,18.39779388,17.46553752,18.23607594,32565359
2022-08-26,18.33120414,19.17784512,18.15997338,18.75928104,58151964
2022-08-29,18.43584516,18.62610156,17.98874262,18.41681952,28481689
2022-08-30,18.18851184,18.30266568,17.70335802,17.7889734,29432976
2022-08-31,17.66530674,17.96020416,17.46553752,17.48456316,18389293
2022-09-01,17.5035888,17.7414093,17.2657683,17.29430676,17133840
2022-09-02,17.29430676,17.39894778,17.00892216,17.06599908,17215255
2022-09-05,17.05648626,17.30381958,16.647435,17.18966574,16569362
2022-09-06,17.2182042,17.9792298,17.13258882,17.84605032,29973117
2022-09-07,17.6462811,17.77946058,17.49407598,17.62725546,18223915
2022-09-08,17.63676828,17.72238366,17.33235804,17.38943496,15508765
2022-09-09,17.4084606,17.76994776,17.4084606,17.49407598,13180047
2022-09-13,17.5511529,17.63676828,17.3608965,17.37992214,12794067
2022-09-14,16.98989652,17.1706401,16.84720422,16.95184524,16998194
2022-09-15,17.03746062,17.18966574,16.25740938,16.4571786,21854239
2022-09-16,16.47620424,16.47620424,15.7912812,15.7912812,17395653
2022-09-19,15.8388453,16.30497348,15.72469146,16.08617862,15671610
2022-09-20,16.23838374,16.48571706,16.18130682,16.25740938,13994418
2022-09-21,16.171794,16.54279398,15.99105042,16.32399912,14816523
2022-09-22,16.20984528,16.7901273,16.171794,16.61889654,20273011
2022-09-23,16.53328116,17.06599908,16.2669222,16.29546066,22077773
2022-09-26,15.9815376,16.06715298,15.62956326,15.63907608,17207582
2022-09-27,15.58199916,15.8388453,15.39174276,15.7912812,12978422
2022-09-28,15.696153,15.81981966,14.87805048,14.90658894,17083443
2022-09-29,15.220512,15.49638378,14.92561458,15.05879406,14302944
2022-09-30,14.87805048,15.5058966,14.87805048,15.0778197,11885192
2022-10-10,14.9826915,15.16343508,14.43094794,14.58315306,14660767
2022-10-11,14.5546146,14.87805048,14.42143512,14.78292228,12183259
2022-10-12,14.76389664,15.00171714,14.20264026,14.95415304,17822315
2022-10-13,14.8399992,14.86853766,14.61169152,14.63071716,17676464
2022-10-14,14.63071716,15.13489662,14.6021787,14.96366586,26787176
2022-10-17,14.80194792,15.03976842,14.64022998,15.00171714,18747755
2022-10-18,15.11587098,15.21099918,14.80194792,14.8399992,16595993
2022-10-19,14.8399992,14.9826915,14.49753768,14.49753768,15926436
2022-10-20,14.44046076,14.64022998,14.1265377,14.58315306,17110685
2022-10-21,14.52607614,14.64022998,14.25971718,14.3167941,12305827
2022-10-24,14.4594864,14.7924351,14.15507616,14.3167941,17831355
2022-10-25,14.25971718,14.25971718,13.77456336,14.08848642,13851458
2022-10-26,14.21215308,14.4594864,14.05994796,14.25971718,13457826
2022-10-27,14.26923,14.62120434,14.26923,14.34533256,12664922
2022-10-28,14.1741018,14.19312744,13.4606403,13.58430696,17901180
2022-10-31,13.317948,13.6508967,13.25135826,13.43210184,11424745
2022-11-01,13.43210184,13.91725566,13.39405056,13.8887172,16341563
2022-11-02,13.90774284,14.08848642,13.77456336,13.99335822,14786195
2022-11-03,13.8887172,14.23117872,13.8411531,14.02189668,12963986
2022-11-04,14.04092232,14.85902484,13.9838454,14.75438382,32700459
2022-11-07,14.744871,15.8388453,14.6497428,15.35369148,44900287
2022-11-08,15.3632043,15.6010248,15.23953764,15.4107684,27121395
2022-11-09,15.3632043,15.4107684,14.9826915,15.01122996,23656569
2022-11-10,15.06830688,15.06830688,14.72584536,14.80194792,14555262
2022-11-11,15.1729479,15.25856328,14.89707612,14.9826915,18766286
2022-11-14,14.9826915,15.220512,14.6973069,14.73535818,16368718
2022-11-15,14.73535818,15.14440944,14.58315306,15.1253838,17531366
2022-11-16,15.1253838,15.21099918,14.86853766,14.89707612,12177386
2022-11-17,14.7924351,14.7924351,14.38338384,14.58315306,19086124
2022-11-18,14.59266588,14.6497428,14.3167941,14.3643582,12329703
2022-11-21,14.3167941,14.5070505,14.04092232,14.4594864,10420298
2022-11-22,14.46899922,14.6021787,14.20264026,14.25020436,14914430
2022-11-23,14.30728128,14.62120434,14.25971718,14.44997358,15810039
2022-11-24,14.5070505,14.97317868,14.3643582,14.89707612,25611148
2022-11-25,14.89707612,14.92561458,14.56412742,14.58315306,14146994
2022-11-28,14.40240948,14.43094794,14.13605052,14.38338384,11099714
2022-11-29,14.44997358,14.89707612,14.37387102,14.744871,21002207
2022-11-30,14.744871,14.9351274,14.63071716,14.68779408,15148860
2022-12-01,14.81146074,14.95415304,14.72584536,14.73535818,14342288
2022-12-02,14.744871,14.96366586,14.54510178,14.82097356,17860514
2022-12-05,14.85902484,15.06830688,14.744871,15.01122996,17720591
2022-12-06,14.84951202,15.84835812,14.71633254,15.63907608,51560593
2022-12-07,15.46784532,15.70566582,15.23002482,15.28710174,33128005
2022-12-08,15.34417866,15.94348632,15.23953764,15.68664018,45307870
2022-12-09,15.5534607,15.75322992,15.4583325,15.68664018,25526502
2022-12-12,15.696153,15.696153,15.23002482,15.23953764,22969615
2022-12-13,15.220512,15.5058966,15.0778197,15.11587098,17800925
2022-12-14,15.08733252,15.23002482,14.9826915,15.15392226,12798117
2022-12-15,15.08733252,15.14440944,14.82097356,15.02074278,14328610
2022-12-16,14.89707612,15.03976842,14.66876844,14.68779408,13914273
2022-12-19,14.67828126,14.78292228,14.25020436,14.35484538,13304865
2022-12-20,14.27874282,14.46899922,14.18361462,14.39289666,8144470
2022-12-21,14.46899922,14.65925562,14.25020436,14.49753768,10518201
2022-12-22,14.54510178,14.58315306,13.86969156,13.91725566,16505709
2022-12-23,13.81261464,13.90774284,13.52723004,13.70797362,9919901
2022-12-26,13.6984608,14.05043514,13.6508967,13.99335822,7637424
2022-12-27,14.05994796,14.20264026,13.85066592,14.16458898,9595588
2022-12-28,14.09799924,14.10751206,13.87920438,13.87920438,7376200
2022-12-29,13.8411531,13.95530694,13.793589,13.81261464,5955500
2022-12-30,13.8411531,14.01238386,13.71748644,13.99335822,7260597
2023-01-03,13.91725566,14.16458898,13.81261464,14.15507616,9406094
2023-01-04,14.15507616,14.18361462,13.8887172,14.00287104,7876002
2023-01-05,14.0789736,14.25971718,14.01238386,14.18361462,8929236
2023-01-06,14.16458898,14.3643582,14.09799924,14.24069154,11072879
2023-01-09,14.26923,14.40240948,14.1741018,14.25971718,10323749
2023-01-10,14.18361462,14.21215308,14.00287104,14.06946078,8582141
2023-01-11,14.1265377,14.32630692,14.05043514,14.16458898,11472140
2023-01-12,14.15507616,14.25020436,14.0789736,14.1265377,6924632
2023-01-13,14.19312744,14.32630692,14.1741018,14.25971718,7848068
2023-01-16,14.25020436,14.47851204,14.20264026,14.42143512,13306365
2023-01-17,14.42143512,14.5070505,14.3643582,14.44046076,8881284
2023-01-18,14.48802486,14.59266588,14.44046076,14.53558896,6996725
2023-01-19,14.43094794,14.64022998,14.29776846,14.59266588,9888391
2023-01-20,14.58315306,14.89707612,14.56412742,14.87805048,13874218
2023-01-30,15.11587098,15.15392226,14.89707612,14.89707612,15640306
2023-01-31,14.8875633,15.27758892,14.83048638,15.24905046,20000781
2023-02-01,15.16343508,15.29661456,15.13489662,15.28710174,15044364
2023-02-02,15.3156402,15.33466584,15.15392226,15.1729479,12425534
2023-02-03,15.1253838,15.1253838,14.67828126,14.9351274,19240528
2023-02-06,14.85902484,14.96366586,14.75438382,14.80194792,10999140
2023-02-07,14.8399992,14.91610176,14.744871,14.86853766,9136400
2023-02-08,14.96366586,14.96366586,14.77340946,14.77340946,7888608
2023-02-09,14.7924351,14.99220432,14.75438382,14.99220432,10425346
2023-02-10,14.9826915,15.15392226,14.86853766,14.97317868,13332099
2023-02-13,14.97317868,15.0778197,14.94464022,15.01122996,10166381
2023-02-14,15.04928124,15.15392226,14.94464022,15.03976842,10629715
2023-02-15,15.08733252,15.08733252,14.78292228,14.80194792,12940161
2023-02-16,14.80194792,14.86853766,14.35484538,14.4594864,17437358
2023-02-17,14.4594864,14.65925562,14.4594864,14.5070505,8475106
2023-02-20,14.4594864,14.87805048,14.3167941,14.82097356,13628751
2023-02-21,14.8399992,15.40125558,14.82097356,15.14440944,34414182
2023-02-22,15.0302556,15.47735814,14.97317868,15.27758892,28470558
2023-02-23,15.29661456,15.3156402,15.03976842,15.13489662,14892731
2023-02-24,15.14440944,15.20148636,14.90658894,14.9351274,13810031
2023-02-27,14.84951202,15.59151198,14.76389664,15.48687096,47194637
2023-02-28,15.39174276,15.46784532,15.2680761,15.4583325,23085627
2023-03-01,15.46784532,15.5534607,15.23002482,15.33466584,18313670
2023-03-02,15.27758892,15.4583325,15.13489662,15.20148636,18362612
2023-03-03,15.15392226,15.29661456,15.0778197,15.29661456,14179690
2023-03-06,15.29661456,15.29661456,14.9826915,15.03976842,13631066
2023-03-07,15.0302556,15.15392226,14.744871,14.75438382,14755300
2023-03-08,14.744871,14.8399992,14.6497428,14.82097356,7956516
2023-03-09,14.81146074,14.8399992,14.57364024,14.61169152,11134424
2023-03-10,14.53558896,14.56412742,14.27874282,14.27874282,12113209
2023-03-13,14.26923,14.37387102,14.10751206,14.32630692,10268024
2023-03-14,14.28825564,14.28825564,13.85066592,13.9838454,12210774
2023-03-15,14.05994796,14.20264026,13.8887172,13.91725566,10346200
2023-03-16,13.87920438,14.02189668,13.64138388,13.71748644,10693486
2023-03-17,13.81261464,13.91725566,13.71748644,13.7460249,8535072
2023-03-20,13.81261464,13.96481976,13.72699926,13.95530694,8506035
2023-03-21,13.94579412,14.13605052,13.89823002,14.1265377,10595709
2023-03-22,14.15507616,14.16458898,13.96481976,14.02189668,7573584
2023-03-23,13.9838454,13.9838454,13.80310182,13.85066592,10136958
2023-03-24,13.82212746,13.9838454,13.73651208,13.83164028,8777636
2023-03-27,13.83164028,13.8411531,13.66040952,13.73651208,7924124
2023-03-28,13.78407618,13.8887172,13.66992234,13.80310182,8668716
2023-03-29,13.77456336,13.83164028,13.6033326,13.61284542,8875600
2023-03-30,13.61284542,13.63187106,13.34648646,13.52723004,8531185
2023-03-31,13.52723004,13.66040952,13.52723004,13.58430696,5598100
2023-04-03,13.66992234,13.83164028,13.57479414,13.80310182,10385958
2023-04-04,13.793589,13.80310182,13.47015312,13.51771722,10371150
2023-04-06,13.51771722,13.53674286,13.39405056,13.4606403,7419210
2023-04-07,13.44161466,13.5557685,13.43210184,13.47966594,6201158
2023-04-10,13.47966594,13.64138388,13.3655121,13.64138388,10414655
2023-04-11,13.52723004,13.61284542,13.3655121,13.43210184,10601425
2023-04-12,13.45112748,13.47015312,13.2703839,13.29892236,11641560
2023-04-13,13.2228198,13.2228198,12.90889674,12.99451212,13030263
2023-04-14,13.02305058,13.24184544,12.99451212,13.08964032,9256006
2023-04-17,12.90889674,13.16574288,12.85181982,13.10866596,11443235
2023-04-18,13.09915314,13.1752557,13.02305058,13.10866596,7813366
2023-04-19,13.09915314,13.11817878,13.02305058,13.04207622,8328033
2023-04-20,13.05158904,13.0801275,12.88035828,12.8898711,8966850
2023-04-21,12.92792238,12.94694802,12.25251216,12.28105062,16650683
2023-04-24,12.25251216,12.25251216,11.9861532,12.04323012,9705189
2023-04-25,12.00517884,12.07176858,11.415384,11.6056404,14563855
2023-04-26,11.44392246,11.9385891,11.44392246,11.7483327,9131616
2023-04-27,11.75784552,11.81492244,11.6056404,11.69125578,7097000
2023-04-28,11.69125578,11.86248654,11.68174296,11.8434609,6934812
2023-05-04,11.7007686,12.0812814,11.69125578,12.00517884,8210061
2023-05-05,11.96712756,12.10981986,11.87199936,11.94810192,7078427
2023-05-08,11.94810192,12.05274294,11.82443526,12.00517884,6513754
2023-05-09,12.00517884,12.04323012,11.83394808,11.88151218,7285698
2023-05-10,12.43325574,13.07061468,12.25251216,12.97548648,48346120
2023-05-11,12.52838394,12.58546086,12.2239737,12.40471728,33453216
2023-05-12,12.2715378,12.366666,12.07176858,12.09079422,11005301
2023-05-15,12.0812814,12.2239737,12.01469166,12.2239737,9534575
2023-05-16,12.24299934,12.26202498,12.06225576,12.13835832,7744098
2023-05-17,12.10030704,12.13835832,11.96712756,11.97664038,7460006
2023-05-18,11.99566602,12.06225576,11.77687116,11.83394808,7387725
2023-05-19,11.77687116,11.82443526,11.71979424,11.7958968,5237808
2023-05-22,11.85343776,11.94933936,11.71917552,11.93015904,5824503
2023-05-23,11.8917984,11.92056888,11.75753616,11.75753616,5349250
2023-05-24,11.747946,11.82466728,11.63286408,11.78630664,4759252
2023-05-25,11.747946,11.77671648,11.52737232,11.56573296,6510689
2023-05-26,11.69040504,11.83425744,11.62327392,11.6999952,6473762
2023-05-29,11.6999952,11.7958968,11.6040936,11.63286408,4888801
2023-05-30,11.68081488,11.69040504,11.28761832,11.48901168,8299600
2023-05-31,11.46983136,11.48901168,11.03827416,11.04786432,11816270
2023-06-01,11.028684,11.10540528,10.84647096,10.91360208,11677349
2023-06-02,10.9327824,11.29720848,10.9327824,11.23007736,12768554
2023-06-05,11.29720848,11.72876568,11.23007736,11.27802816,17859492
2023-06-06,11.34515928,11.34515928,10.9807332,11.03827416,8967773
2023-06-07,11.028684,11.05745448,10.79852016,10.84647096,7260148
2023-06-08,10.82729064,10.94237256,10.75056936,10.81770048,6784841
2023-06-09,10.81770048,10.8848316,10.67384808,10.77933984,7167000
2023-06-12,10.77933984,10.90401192,10.68343824,10.84647096,7817170
2023-06-13,10.82729064,10.84647096,10.6930284,10.73138904,6751379
2023-06-14,10.73138904,10.79852016,10.61630712,10.62589728,6509675
2023-06-15,10.62589728,10.80811032,10.4053236,10.79852016,12609866
2023-06-16,10.8368808,11.0766348,10.78893,11.01909384,14847800
2023-06-19,11.05745448,11.16294624,10.80811032,10.9327824,12076691
2023-06-20,10.9327824,11.0766348,10.78893,10.96155288,8567505
2023-06-21,10.90401192,11.00950368,10.80811032,10.81770048,6851836
2023-06-26,10.7409792,10.85606112,10.66425792,10.72179888,6751338
2023-06-27,10.76015952,11.00950368,10.72179888,10.97114304,10417559
2023-06-28,10.96155288,10.97114304,10.81770048,10.9327824,6668350
2023-06-29,10.94237256,11.00950368,10.78893,10.78893,9977100
2023-06-30,10.76974968,11.11499544,10.76974968,11.00950368,13273934
2023-07-03,11.1245856,11.5561428,11.11499544,11.19171672,13446078
2023-07-04,11.23966752,11.3643396,11.13417576,11.27802816,9984787
2023-07-05,11.25884784,11.33556912,11.16294624,11.30679864,7526357
2023-07-06,11.25884784,11.27802816,11.11499544,11.19171672,7106985
2023-07-07,11.1725364,11.30679864,11.05745448,11.1725364,5326856
2023-07-10,11.16294624,11.49860184,11.15335608,11.46983136,14194219
2023-07-11,11.40270024,11.44106088,11.23007736,11.3643396,11199254
2023-07-12,11.33556912,11.6999952,11.24925768,11.52737232,23187010
2023-07-13,11.48901168,11.68081488,11.47942152,11.62327392,13608500
2023-07-14,11.38351992,11.56573296,11.2204872,11.43147072,14282182
2023-07-17,11.4122904,11.70958536,11.37392976,11.508192,11625614
2023-07-18,11.508192,12.2754048,11.4602412,12.0836016,32716619
2023-07-19,12.0356508,12.1795032,11.85343776,11.93015904,17247300
2023-07-20,12.0356508,12.3233556,11.9877,12.0356508,24760546
2023-07-21,11.97810984,12.06442128,11.70958536,11.8917984,13701760
2023-07-24,11.91097872,11.91097872,11.46983136,11.54655264,12588203
2023-07-25,11.66163456,11.85343776,11.58491328,11.67122472,10299707
2023-07-26,11.83425744,12.44802768,11.81507712,12.227454,34233585
2023-07-27,12.07401144,12.31376544,11.9877,12.29458512,22589053
2023-07-28,12.31376544,12.40007688,12.1315524,12.34253592,18825595
2023-07-31,12.35212608,12.40966704,12.23704416,12.35212608,15476734
2023-08-01,12.31376544,12.39048672,12.11237208,12.35212608,13574192
2023-08-02,12.24663432,12.467208,12.16032288,12.16991304,9320446
2023-08-03,12.14114256,12.16991304,12.01647048,12.05483112,9831722
2023-08-04,12.11237208,12.16032288,11.8917984,11.93015904,11568204
2023-08-07,11.93015904,11.97810984,11.72876568,11.75753616,9674772
2023-08-08,11.73835584,11.95892952,11.64245424,11.7958968,8222953
2023-08-09,11.7958968,11.85343776,11.76712632,11.80548696,4474323
2023-08-10,11.78630664,11.91097872,11.78630664,11.81507712,4453769
2023-08-11,11.83425744,11.91097872,11.62327392,11.66163456,6738052
2023-08-14,11.51778216,11.56573296,11.32597896,11.44106088,7944766
2023-08-15,11.44106088,11.49860184,11.2204872,11.32597896,7008448
2023-08-16,11.3163888,11.39311008,11.2204872,11.27802816,3343400
2023-08-17,11.30679864,11.34515928,11.13417576,11.30679864,4410545
2023-08-18,11.25884784,11.34515928,10.99991352,11.01909384,6144297
2023-08-21,10.9807332,11.20130688,10.8848316,10.8848316,5617835
2023-08-22,10.8848316,11.00950368,10.63548744,10.77933984,7539165
2023-08-23,10.96155288,11.1245856,10.7409792,10.7409792,9759800
2023-08-24,10.7409792,10.8848316,10.66425792,10.7409792,5976400
2023-08-25,10.72179888,10.86565128,10.62589728,10.66425792,5848400
2023-08-28,11.25884784,11.28761832,10.6450776,10.66425792,11648286
2023-08-29,10.68343824,10.82729064,10.6450776,10.78893,8114775
2023-08-30,10.73138904,10.85606112,10.70261856,10.73138904,7566681
2023-08-31,10.70261856,11.01909384,10.6450776,10.7409792,9901363
2023-09-01,10.67384808,10.91360208,10.6450776,10.86565128,9229398
2023-09-04,10.8848316,11.3163888,10.8368808,11.24925768,15390622
2023-09-05,11.20130688,11.34515928,11.1245856,11.27802816,8150266
2023-09-06,11.27802816,11.5561428,11.09581512,11.43147072,13982261
2023-09-07,11.3643396,11.508192,11.20130688,11.20130688,11350274
2023-09-08,11.13417576,11.4602412,11.1245856,11.1725364,8515725
2023-09-11,11.30679864,11.44106088,11.23966752,11.25884784,8680100
2023-09-12,11.23966752,11.34515928,11.1725364,11.18212656,5811666
2023-09-13,11.21089704,11.24925768,11.028684,11.09581512,5495612
2023-09-14,11.0766348,11.1245856,10.96155288,11.028684,5578524
2023-09-15,11.06704464,11.10540528,10.94237256,11.028684,4372100
2023-09-18,10.97114304,11.03827416,10.8848316,11.00950368,6654195
2023-09-19,11.01909384,11.04786432,10.82729064,10.86565128,5474200
2023-09-20,10.95196272,10.97114304,10.80811032,10.81770048,4260000
2023-09-21,10.81770048,10.85606112,10.66425792,10.66425792,4493314
2023-09-22,10.68343824,10.75056936,10.61630712,10.7409792,5411995
2023-09-25,10.75056936,10.75056936,10.52999568,10.57794648,8229649
2023-09-26,10.5971268,10.5971268,10.28065152,10.28065152,10906215
2023-09-27,10.29024168,10.549176,10.24229088,10.43409408,8361266
2023-09-28,10.44368424,10.52999568,10.4053236,10.41491376,4026645
2023-10-09,10.41491376,10.41491376,10.23270072,10.2614712,5681400
2023-10-10,10.27106136,10.41491376,10.25188104,10.27106136,4125202
2023-10-11,10.2614712,10.309422,10.1655696,10.1655696,4828849
2023-10-12,10.23270072,10.42450392,10.18474992,10.37655312,8302254
2023-10-13,10.31901216,10.33819248,10.10802864,10.1176188,6613101
2023-10-16,10.14638928,10.17515976,9.90663528,9.94499592,6828600
2023-10-17,9.94499592,10.03130736,9.8778648,9.95458608,5303999
2023-10-18,9.96417624,9.96417624,9.6860616,9.6860616,5901620
2023-10-19,9.69565176,9.74360256,9.50384856,9.51343872,8215582
2023-10-20,9.4942584,9.71483208,9.47507808,9.50384856,8008974
2023-10-23,9.50384856,9.50384856,9.0627012,9.12024216,9116732
2023-10-24,9.16819296,9.32163552,9.13942248,9.2065536,7171703
2023-10-25,9.26409456,9.4942584,9.21614376,9.34081584,6853800
2023-10-26,9.2545044,9.29286504,9.110652,9.23532408,6651196
2023-10-27,9.24491424,9.4942584,9.14901264,9.46548792,8385101
2023-10-30,9.46548792,9.74360256,9.45589776,9.7340124,9004315
2023-10-31,9.70524192,9.7819632,9.67647144,9.75319272,5986486
2023-11-01,9.79155336,9.829914,9.70524192,9.76278288,6070248
2023-11-02,9.7819632,9.83950416,9.66688128,9.67647144,4613600
2023-11-03,9.69565176,9.84909432,9.67647144,9.76278288,4915627
2023-11-06,9.82032384,9.93540576,9.7819632,9.91622544,6152894
2023-11-07,9.88745496,9.9258156,9.79155336,9.8778648,6853715
2023-11-08,9.8778648,9.90663528,9.72442224,9.7819632,5990300
2023-11-09,9.82032384,9.96417624,9.75319272,9.82032384,7153221
2023-11-10,9.79155336,9.86827464,9.70524192,9.79155336,4503572
2023-11-13,9.76278288,9.8778648,9.75319272,9.84909432,5569200
2023-11-14,9.89704512,9.93540576,9.77237304,9.82032384,4674895
2023-11-15,9.8778648,9.96417624,9.84909432,9.88745496,6007248
2023-11-16,9.88745496,9.89704512,9.71483208,9.74360256,5136067
2023-11-17,9.74360256,9.829914,9.6860616,9.7819632,3753509
2023-11-20,9.74360256,9.829914,9.66688128,9.82032384,6069152
2023-11-21,9.81073368,9.89704512,9.74360256,9.76278288,5381902
2023-11-22,9.75319272,9.7819632,9.62852064,9.6381108,5460646
2023-11-23,9.60934032,9.7340124,9.60934032,9.71483208,4001005
2023-11-24,9.72442224,9.72442224,9.57097968,9.59975016,4990800
2023-11-27,9.58056984,9.59975016,9.45589776,9.48466824,5584238
2023-11-28,9.45589776,9.57097968,9.35999616,9.56138952,5338814
2023-11-29,9.55179936,9.59016,9.4463076,9.45589776,4034254
2023-11-30,9.45589776,9.47507808,9.28327488,9.31204536,5048623
2023-12-01,9.32163552,9.350406,9.23532408,9.24491424,6223700
2023-12-04,9.2545044,9.4463076,9.24491424,9.2545044,6695003
2023-12-05,9.2545044,9.35999616,9.10106184,9.110652,8292801
2023-12-06,9.110652,9.38876664,9.0147504,9.24491424,10123252
2023-12-07,9.22573392,9.23532408,9.0147504,9.16819296,10210535
2023-12-08,9.18737328,9.18737328,9.07229136,9.08188152,6252796
2023-12-11,9.05311104,9.110652,8.88048816,9.07229136,8577352
2023-12-12,9.08188152,9.08188152,8.9188488,8.9667996,6365738
2023-12-13,8.97638976,8.97638976,8.7749964,8.79417672,6122806
2023-12-14,8.79417672,8.93802912,8.76540624,8.78458656,5559477
2023-12-15,8.81335704,8.89007832,8.7270456,8.74622592,5293700
2023-12-18,8.7749964,8.7749964,8.52565224,8.57360304,7029885
2023-12-19,8.57360304,8.61196368,8.4872916,8.52565224,4855301
2023-12-20,8.52565224,8.65032432,8.4872916,8.49688176,5149447
2023-12-21,8.44893096,8.57360304,8.42016048,8.54483256,6406574
2023-12-22,8.55442272,8.71745544,8.42975064,8.59278336,12407427
2023-12-25,8.84212752,8.870898,8.55442272,8.60237352,13898076
2023-12-26,8.59278336,9.46548792,8.55442272,9.46548792,25694988
2023-12-27,9.72442224,10.3573728,9.59975016,10.09843848,83441178
2023-12-28,9.83950416,10.15597944,9.70524192,10.09843848,61457690
2023-12-29,9.96417624,10.31901216,9.96417624,10.03130736,39373834
2024-01-02,9.98335656,10.3573728,9.90663528,10.10802864,39895342
2024-01-03,10.069668,11.028684,10.01212704,10.63548744,76118614
2024-01-04,10.43409408,10.91360208,10.309422,10.3573728,56088612
2024-01-05,10.23270072,10.309422,9.86827464,9.96417624,42709899
2024-01-08,9.8778648,10.12720896,9.81073368,9.89704512,22936739
2024-01-09,9.85868448,10.04089752,9.70524192,9.84909432,20394281
2024-01-10,9.7819632,10.1176188,9.65729112,9.85868448,20162073
2024-01-11,9.80114352,10.00253688,9.66688128,9.96417624,18807880
2024-01-12,9.8778648,10.34778264,9.829914,10.07925816,33537119
2024-01-15,10.00253688,10.03130736,9.7340124,9.74360256,20291586
2024-01-16,9.64770096,9.75319272,9.48466824,9.65729112,18099049
2024-01-17,9.59016,9.6381108,9.23532408,9.23532408,17736049
2024-01-18,9.05311104,9.110652,8.81335704,9.05311104,29803588
2024-01-19,9.02434056,9.23532408,8.94761928,9.03393072,14002118
2024-01-22,9.0147504,9.02434056,8.4393408,8.4872916,20082942
2024-01-23,8.4393408,8.83253736,8.2954884,8.73663576,23431698
2024-01-24,8.79417672,8.86130784,8.4872916,8.78458656,18159271
2024-01-25,8.80376688,8.98597992,8.71745544,8.93802912,19602628
2024-01-26,8.9188488,9.08188152,8.85171768,8.870898,16592807
2024-01-29,8.92843896,8.99557008,8.65991448,8.66950464,13795117
2024-01-30,8.631144,8.8229472,8.45852112,8.52565224,12976053
2024-01-31,8.4872916,8.57360304,8.0077836,8.02696392,17986636
2024-02-01,8.0077836,8.151636,7.83516072,7.83516072,16535200
2024-02-02,7.911882,7.99819344,7.22139048,7.48991496,19301600
2024-02-05,7.45155432,7.47073464,6.75147264,7.1446692,29291248
2024-02-06,6.952866,7.70089848,6.9049152,7.5762264,22804247
2024-02-07,7.59540672,8.11327536,7.59540672,7.97901312,27026250
2024-02-08,8.04614424,8.41057032,7.98860328,8.1995868,23997378
2024-02-19,8.22835728,8.61196368,8.22835728,8.35302936,20190826
2024-02-20,8.27630808,8.45852112,8.16122616,8.39139,13051959
2024-02-21,8.32425888,8.61196368,8.25712776,8.38179984,16352334
2024-02-22,8.38179984,8.49688176,8.31466872,8.45852112,12324115
2024-02-23,8.42975064,8.49688176,8.33384904,8.47770144,16058314
2024-02-26,8.4393408,8.59278336,8.33384904,8.4393408,14727446
2024-02-27,8.45852112,8.57360304,8.37220968,8.57360304,13882257
2024-02-28,8.57360304,8.88048816,8.32425888,8.33384904,26342753
2024-02-29,8.27630808,8.5831932,8.25712776,8.5831932,19473617
2024-03-01,8.5831932,8.81335704,8.54483256,8.65032432,20079641
2024-03-04,8.631144,8.7270456,8.47770144,8.55442272,15066146
2024-03-05,8.52565224,8.52565224,8.39139,8.45852112,11526906
2024-03-06,8.41057032,8.61196368,8.37220968,8.50647192,12090519
2024-03-07,8.4872916,9.03393072,8.4872916,8.68868496,29785530
2024-03-08,8.70786528,8.86130784,8.631144,8.69827512,17275264
2024-03-11,8.66950464,8.94761928,8.64073416,8.9188488,20024773
2024-03-12,8.90925864,8.90925864,8.74622592,8.83253736,15572753
2024-03-13,8.78458656,8.83253736,8.70786528,8.7749964,10013277
2024-03-14,8.70786528,8.8229472,8.5831932,8.6790948,12153662
2024-03-15,8.7270456,8.78458656,8.56401288,8.7749964,14577586
2024-03-18,8.79417672,8.86130784,8.65032432,8.81335704,15694030
2024-03-19,8.78458656,8.93802912,8.75581608,8.80376688,12706168
2024-03-20,8.80376688,8.85171768,8.7270456,8.81335704,9294870
2024-03-21,8.8229472,8.89007832,8.73663576,8.75581608,11251470
2024-03-22,8.74622592,8.7749964,8.47770144,8.5352424,13999253
2024-03-25,8.50647192,8.65032432,8.39139,8.39139,10002700
2024-03-26,8.39139,8.59278336,8.28589824,8.52565224,11222195
2024-03-27,8.4872916,8.5352424,8.20917696,8.22835728,9433596
2024-03-28,8.20917696,8.47770144,8.1995868,8.3434392,9370082
2024-03-29,8.35302936,8.5352424,8.33384904,8.42975064,7740900
2024-04-01,8.41057032,8.90925864,8.40098016,8.83253736,21412870
2024-04-02,8.83253736,9.24491424,8.8229472,9.05311104,36256041
2024-04-03,9.0147504,9.2545044,8.98597992,9.19696344,31427732
2024-04-08,9.1586028,9.33122568,8.90925864,8.92843896,22392967
2024-04-09,8.89007832,9.33122568,8.8229472,9.29286504,28310064
2024-04-10,9.27368472,9.41753712,9.110652,9.19696344,19016066
2024-04-11,9.12983232,9.33122568,8.9667996,9.17778312,16505461
2024-04-12,9.12024216,9.23532408,8.95720944,9.110652,18079400
2024-04-15,9.34081584,9.51343872,9.05311104,9.24491424,33081924
2024-04-16,9.02434056,9.29286504,8.69827512,8.71745544,23230790
2024-04-17,8.7749964,9.00516024,8.7749964,8.89966848,14701928
2024-04-18,8.84212752,8.97638976,8.7270456,8.73663576,14171931
2024-04-19,8.73663576,9.60934032,8.69827512,9.60934032,24662553
2024-04-22,9.98335656,10.18474992,9.59016,9.70524192,86313202
2024-04-23,9.59016,9.71483208,9.26409456,9.350406,45221082
2024-04-24,9.350406,9.35999616,9.03393072,9.3024552,32200519
2024-04-25,9.3024552,9.85868448,9.23532408,9.6381108,53510092
2024-04-26,9.3983568,9.57097968,9.31204536,9.48466824,40609036
2024-04-29,9.32163552,9.72442224,9.29286504,9.65729112,41772934
2024-04-30,9.58056984,9.77237304,9.47507808,9.4942584,27782010
2024-05-06,9.59975016,10.22311056,9.51343872,10.07925816,54228948
2024-05-07,10.01212704,11.08622496,9.94499592,11.08622496,94085054
2024-05-08,11.6999952,12.19868352,11.6999952,12.19868352,177185964
2024-05-09,12.0356508,12.38089656,11.6040936,11.8438476,119373338
2024-05-10,11.83425744,12.83163408,11.77671648,12.20827368,119114573
2024-05-13,11.90138856,12.1795032,11.42188056,11.95892952,85368824
2024-05-14,11.68081488,11.88220824,11.25884784,11.38351992,64985595
2024-05-15,11.25884784,12.01647048,11.14376592,11.7958968,80430483
2024-05-16,11.508192,12.05483112,11.44106088,11.70958536,57989570
2024-05-17,11.58491328,12.83163408,11.46983136,12.5631096,91478839
2024-05-20,12.467208,12.8028636,12.20827368,12.76450296,77645622
2024-05-21,12.6110604,12.66860136,12.21786384,12.33294576,47733106
2024-05-22,12.227454,12.33294576,11.78630664,11.85343776,47209806
2024-05-23,11.80548696,11.80548696,11.39311008,11.45065104,34935603
2024-05-24,11.61368376,12.1315524,11.54655264,11.91097872,49697264
2024-05-27,11.83425744,12.01647048,11.68081488,11.97810984,26449888
2024-05-28,11.95892952,11.95892952,11.56573296,11.73835584,25024306
2024-05-29,11.61368376,11.9877,11.54655264,11.7958968,23029000
2024-05-30,11.97810984,12.97548648,11.96851968,12.55351944,99990359
2024-05-31,12.35212608,12.45761784,11.99729016,12.02606064,64962348
2024-06-03,11.70958536,12.16991304,11.6040936,11.9877,39395367
2024-06-04,11.9877,12.20827368,11.83425744,12.18909336,29123474
2024-06-05,12.0356508,12.10278192,11.73835584,11.80548696,23915300
2024-06-06,11.72876568,12.4192572,11.72876568,12.19868352,45702300
2024-06-07,12.14114256,13.29196176,12.14114256,12.9946668,67400556
2024-06-11,12.8987652,13.0905684,12.2754048,12.69737184,46479457
2024-06-12,12.5631096,12.92753568,12.50556864,12.63024072,35223786
2024-06-13,12.63024072,12.72614232,12.1795032,12.2754048,32906309
2024-06-14,12.38361213,12.50164497,12.04918575,12.34426785,27147145
2024-06-17,12.2950875,12.47213676,11.96066112,12.03934968,27933608
2024-06-18,12.04918575,12.43279248,11.73443151,12.37377606,27059293
2024-06-19,12.33443178,12.58033353,12.1967268,12.21639894,23228655
2024-06-20,12.11803824,12.44262855,11.4098412,11.96066112,36082143
2024-06-21,11.95082505,12.31475964,11.81312007,12.31475964,21626267
2024-06-24,12.32459571,12.32459571,11.68525116,11.76393972,24073204
2024-06-25,11.67541509,12.44262855,11.67541509,12.05902182,22879140
2024-06-26,12.05902182,12.18689073,11.85246435,12.18689073,20824111
2024-06-27,12.18689073,12.18689073,11.68525116,11.73443151,17455106
2024-06-28,11.63607081,11.94098898,11.6065626,11.72459544,15541300
2024-07-01,11.71475937,12.89508777,11.71475937,12.89508777,64913105
2024-07-02,13.06230096,13.14098952,12.72787458,12.786891,49668325
2024-07-03,12.72787458,12.91475991,12.54098925,12.786891,25622085
2024-07-04,12.70820244,12.85574349,12.40328427,12.46230069,22487885
2024-07-05,12.45246462,12.51148104,12.06885789,12.44262855,25337916
2024-07-08,12.9836124,12.9836124,11.9016447,12.15738252,49593425
2024-07-09,12.0983661,12.74754672,11.93115291,12.62951388,43725111
2024-07-10,12.46230069,13.62295695,12.40328427,13.19016987,57974127
2024-07-11,13.23935022,13.43607162,12.96394026,13.15082559,54970700
2024-07-12,13.09180917,13.20000594,12.47213676,12.50164497,48933563
2024-07-15,12.44262855,12.74754672,12.32459571,12.65902209,25232181
2024-07-16,12.67869423,12.67869423,12.2950875,12.63934995,21640985
2024-07-17,12.63934995,12.8852517,12.54098925,12.61967781,24345600
2024-07-18,12.38361213,12.50164497,12.0000054,12.3934482,23422520
2024-07-19,12.23607108,12.43279248,12.15738252,12.32459571,16256800
2024-07-22,12.26557929,12.26557929,11.85246435,11.94098898,24713400
2024-07-23,12.0000054,12.13771038,11.07541482,11.10492303,43281034
2024-07-24,11.05574268,11.18361159,10.75082451,10.79016879,25656327
2024-07-25,10.79016879,10.88852949,10.64262774,10.7213163,13458870
2024-07-26,10.76066058,11.20328373,10.73115237,11.04590661,16930100
2024-07-29,11.0163984,11.0163984,10.75082451,10.80000486,12800147
2024-07-30,10.63279167,10.94754591,10.6229556,10.85902128,10576605
2024-07-31,10.79016879,11.52787404,10.77049665,11.49836583,24640101
2024-08-01,11.48852976,11.85246435,11.4098412,11.46885762,15870400
2024-08-02,11.39016906,11.61639867,11.27213622,11.32131657,12363800
2024-08-05,11.17377552,11.48852976,10.96721805,10.97705412,17851150
2024-08-06,11.06557875,11.26230015,11.0163984,11.14426731,10251970
2024-08-07,11.09508696,11.29180836,10.96721805,11.12459517,9500445
2024-08-08,11.04590661,11.26230015,11.03607054,11.20328373,9963300
2024-08-09,11.19344766,11.4098412,11.13443124,11.13443124,11743216
2024-08-12,11.1147591,11.23279194,11.08525089,11.14426731,8106200
2024-08-13,11.10492303,11.33115264,11.0163984,11.33115264,9028700
2024-08-14,11.3114805,11.38033299,11.12459517,11.12459517,7816220
2024-08-15,11.1147591,11.3114805,11.04590661,11.19344766,8259868
2024-08-16,11.19344766,11.23279194,10.97705412,11.02623447,8845612
2024-08-19,10.97705412,11.3114805,10.96721805,11.24262801,10665968
2024-08-20,11.25246408,11.30164443,10.89836556,10.99672626,9513368
2024-08-21,10.92787377,11.13443124,10.87869342,11.07541482,6499895
2024-08-22,11.04590661,11.15410338,10.9180377,10.95738198,7782944
2024-08-23,10.93770984,11.27213622,10.83934914,10.99672626,11587900
2024-08-26,10.99672626,11.27213622,10.85902128,11.22295587,17697060
2024-08-27,11.2131198,11.29180836,11.04590661,11.22295587,13030200
2024-08-28,11.33115264,11.72459544,11.22295587,11.41967727,23395600
2024-08-29,11.38033299,11.58689046,11.20328373,11.45902155,14438056
2024-08-30,11.4098412,11.91148077,11.22295587,11.85246435,27678373
2024-09-02,12.38361213,12.77705493,12.13771038,12.38361213,53086185
2024-09-03,12.26557929,12.51148104,12.08853003,12.26557929,28167184
2024-09-04,12.16721859,12.24590715,11.92131684,11.94098898,17895975
2024-09-05,11.94098898,12.07869396,11.803284,11.9016447,13883052
2024-09-06,11.83279221,12.44262855,11.83279221,12.22623501,27960407
2024-09-09,12.22623501,12.31475964,11.9016447,11.94098898,15520601
2024-09-10,12.0000054,12.05902182,11.75410365,11.97049719,15790042
2024-09-11,11.95082505,12.04918575,11.69508723,11.803284,14912200
2024-09-12,11.83279221,11.93115291,11.69508723,11.69508723,8916016
2024-09-13,11.7049233,11.78361186,11.36066085,11.38033299,13336514
2024-09-18,11.38033299,11.55738225,11.26230015,11.44918548,10860563
2024-09-19,11.55738225,11.61639867,11.2131198,11.42951334,15586725
2024-09-20,11.43934941,11.55738225,11.20328373,11.30164443,12034249
2024-09-23,11.26230015,11.49836583,11.16393945,11.19344766,11555175
2024-09-24,11.19344766,11.79344793,11.19344766,11.7049233,23211874
2024-09-25,11.87213649,12.03934968,11.54754618,11.56721832,28066035
2024-09-26,11.52787404,12.07869396,11.48852976,12.07869396,24148058
2024-09-27,12.2950875,13.22951415,12.2950875,12.96394026,55344069
2024-09-30,13.5737766,14.21312115,13.29836664,14.15410473,62030900
2024-10-08,15.55082667,15.55082667,13.6721373,14.60656395,77164358
2024-10-09,14.2623015,14.2623015,13.15082559,13.15082559,51839997
2024-10-10,13.75082586,13.93771119,13.25902236,13.32787485,45549364
2024-10-11,13.49508804,13.5737766,12.53115318,12.72787458,34564540
2024-10-14,12.786891,13.1803338,12.56066139,13.12131738,27711150
2024-10-15,12.99344847,13.34754699,12.786891,12.82623528,26466212
2024-10-16,12.69836637,13.10164524,12.66885816,12.86557956,20791337
2024-10-17,12.86557956,13.05246489,12.48197283,12.50164497,24925733
2024-10-18,12.50164497,13.12131738,12.37377606,12.83607135,31727962
2024-10-21,12.8852517,12.95410419,12.66885816,12.74754672,31488477
2024-10-22,12.73771065,13.00328454,12.63934995,13.00328454,33713228
2024-10-23,13.10164524,13.61312088,12.80656314,13.40656341,63477728
2024-10-24,13.35738306,13.60328481,12.90492384,13.01312061,52222483
2024-10-25,12.9836124,13.60328481,12.91475991,13.5737766,66606556
2024-10-28,13.64262909,13.85902263,13.35738306,13.75082586,54099200
2024-10-29,13.8688587,13.92787512,13.20000594,13.25902236,52909351
2024-10-30,13.9672194,14.5573836,13.770498,14.13443259,94712168
2024-10-31,14.17377687,14.21312115,13.73115372,13.91803905,60791784
2024-11-01,13.770498,14.18361294,13.59344874,13.6721373,51405500
2024-11-04,13.84918656,13.85902263,13.48525197,13.6721373,33151730
2024-11-05,13.6721373,13.92787512,13.53443232,13.85902263,45188116
2024-11-06,13.770498,14.0655801,13.62295695,13.65246516,41528550
2024-11-07,13.53443232,14.12459652,13.35738306,13.94754726,49315397
2024-11-08,14.04590796,14.08525224,13.70164551,13.78033407,39489623
2024-11-11,13.6721373,13.76066193,13.40656341,13.75082586,35020705
2024-11-12,13.81967835,14.32131792,13.78033407,13.94754726,60293596
2024-11-13,13.89836691,14.2623015,13.68197337,13.8688587,35211035
2024-11-14,13.91803905,14.51803932,13.84918656,14.08525224,73197477
2024-11-15,13.9672194,14.23279329,13.60328481,13.6721373,52501008
2024-11-18,13.58361267,13.68197337,12.95410419,13.00328454,41400904
2024-11-19,12.9836124,13.46557983,12.80656314,13.41639948,35632046
2024-11-20,13.31803878,14.2623015,13.2786945,14.10492438,62095850
2024-11-21,14.02623582,14.41967862,13.97705547,14.0655801,42348324
2024-11-22,14.07541617,14.1639408,13.5737766,13.59344874,35106553
2024-11-25,13.59344874,14.08525224,13.42623555,13.69180944,29767398
2024-11-26,13.54426839,13.68197337,13.15082559,13.20000594,26880400
2024-11-27,13.19016987,13.34754699,12.87541563,13.32787485,22351862
2024-11-28,13.2786945,13.35738306,13.10164524,13.13115345,18333673
2024-11-29,13.21967808,13.48525197,13.20000594,13.26885843,27957847
2024-12-02,13.17049773,13.98689154,13.17049773,13.53443232,44566507
2024-12-03,13.52459625,13.54426839,13.32787485,13.4754159,18669887
2024-12-04,13.38689127,13.39672734,13.10164524,13.14098952,20668500
2024-12-05,13.12131738,13.22951415,13.03279275,13.17049773,15107642
2024-12-06,13.16066166,13.41639948,13.04262882,13.3770552,22641869
2024-12-09,13.3770552,13.62295695,13.31803878,13.42623555,20554188
2024-12-10,13.74098979,13.80984228,13.32787485,13.35738306,26284394
2024-12-11,13.32787485,13.59344874,13.28853057,13.49508804,17030571
2024-12-12,14.84262963,14.84262963,14.10492438,14.12459652,136694637
2024-12-13,13.94754726,14.07541617,13.46557983,13.52459625,76053127
2024-12-16,13.44590769,13.58361267,13.16066166,13.20000594,35836875
2024-12-17,13.34754699,13.50492411,13.20984201,13.2786945,27342757
2024-12-18,13.32787485,13.45574376,13.10164524,13.14098952,23966700
2024-12-19,13.14098952,13.14098952,12.81639921,13.03279275,20909359
2024-12-20,12.9836124,13.0819731,12.91475991,13.04262882,13991076
2024-12-23,13.05246489,13.06230096,12.73771065,12.73771065,20378089
2024-12-24,12.76721886,13.01312061,12.76721886,12.87541563,11902789
2024-12-25,12.8852517,12.8852517,12.60984174,12.70820244,12581203
2024-12-26,12.65902209,12.76721886,12.65902209,12.71803851,8208424
2024-12-27,12.69836637,12.96394026,12.60000567,12.87541563,13744443
2024-12-30,12.8852517,12.92459598,12.73771065,12.74754672,10721600
2024-12-31,12.76721886,12.786891,12.36393999,12.41312034,13356500
2025-01-02,12.44262855,12.54098925,11.93115291,12.05902182,14439700
2025-01-03,12.0983661,12.26557929,11.81312007,11.83279221,14958658
2025-01-06,11.81312007,12.00984147,11.72459544,11.92131684,11368600
2025-01-07,11.9016447,11.99016933,11.73443151,11.92131684,9069800
2025-01-08,11.91148077,11.91148077,11.44918548,11.69508723,13754400
2025-01-09,11.65574295,11.74426758,11.54754618,11.64590688,9216191
2025-01-10,11.62623474,11.68525116,11.36066085,11.36066085,11099600
2025-01-13,11.27213622,11.43934941,11.18361159,11.43934941,8618999
2025-01-14,11.43934941,11.71475937,11.38033299,11.68525116,14503625
2025-01-15,11.66557902,11.803284,11.52787404,11.62623474,11235934
2025-01-16,11.69508723,11.84262828,11.57705439,11.6065626,10885700
2025-01-17,11.57705439,11.82295614,11.56721832,11.76393972,12677218
2025-01-20,11.85246435,11.89180863,11.72459544,11.77377579,8795300
2025-01-21,11.803284,11.82295614,11.63607081,11.79344793,7763000
2025-01-22,11.73443151,11.78361186,11.64590688,11.74426758,7120820
2025-01-23,11.85246435,11.97049719,11.68525116,11.68525116,11082710
2025-01-24,11.66557902,11.83279221,11.66557902,11.82295614,8238100
2025-01-27,11.85246435,12.03934968,11.85246435,11.87213649,10578300
2025-02-05,11.98033326,11.98033326,11.72459544,11.77377579,9318800
2025-02-06,11.803284,11.83279221,11.61639867,11.83279221,11997200
2025-02-07,11.803284,12.0000054,11.75410365,11.95082505,16175900
2025-02-10,11.93115291,11.98033326,11.78361186,11.84262828,14870931
2025-02-11,11.84262828,11.9016447,11.65574295,11.86230042,16912800
2025-02-12,11.81312007,12.0000054,11.803284,11.91148077,15203678
2025-02-13,11.9016447,11.97049719,11.82295614,11.84262828,12863200
2025-02-14,11.82295614,11.9016447,11.74426758,11.81312007,10516827
2025-02-17,11.81312007,11.83279221,11.66557902,11.68525116,13886700
2025-02-18,11.73443151,11.75410365,11.44918548,11.51803797,13517155
2025-02-19,11.49836583,11.55738225,11.46885762,11.54754618,12176637
2025-02-20,11.6065626,11.98033326,11.43934941,11.87213649,26772772
2025-02-21,11.87213649,11.9016447,11.7049233,11.803284,17119596
2025-02-24,11.88197256,12.0983661,11.84262828,11.92131684,21096625
2025-02-25,11.85246435,11.86230042,11.67541509,11.71475937,15047052
2025-02-26,11.7049233,11.94098898,11.69508723,11.86230042,16317605
2025-02-27,11.88197256,11.89180863,11.7049233,11.803284,11412249
2025-02-28,11.78361186,12.07869396,11.75410365,11.95082505,29671791
2025-03-03,12.03934968,12.54098925,12.00984147,12.2950875,43615309
2025-03-04,12.31475964,12.34426785,12.0983661,12.15738252,21189720
2025-03-05,12.15738252,12.26557929,11.96066112,12.03934968,15771345
2025-03-06,12.06885789,12.11803824,11.94098898,11.99016933,21562549
2025-03-07,11.96066112,12.11803824,11.9016447,12.03934968,19362495
2025-03-10,11.98033326,12.01967754,11.86230042,11.95082505,13153198
2025-03-11,11.91148077,12.8852517,11.803284,12.64918602,58464323
2025-03-12,12.73771065,12.91475991,12.57049746,12.5901696,41057151
2025-03-13,12.56066139,12.79672707,12.44262855,12.63934995,24470483
2025-03-14,12.60984174,13.16066166,12.47213676,12.9836124,45989614
2025-03-17,12.81639921,13.88853084,12.71803851,13.58361267,71274625
2025-03-18,13.64262909,14.07541617,13.39672734,13.62295695,70575490
2025-03-19,13.56394053,13.62295695,13.23935022,13.33771092,37144236
2025-03-20,13.4754159,13.70164551,13.28853057,13.34754699,39206345
2025-03-21,13.34754699,13.68197337,13.16066166,13.1803338,33189779
2025-03-24,13.43607162,14.49836718,13.43607162,14.49836718,111538658
2025-03-25,14.72459679,15.94426947,14.2623015,15.37377741,242387436
2025-03-26,15.5409906,15.82623663,14.99017068,15.10820352,190799171
2025-03-27,15.21640029,16.2295155,15.00984282,15.18689208,191941098
2025-03-28,14.68525251,14.86230177,13.6721373,13.6721373,176382721
2025-03-31,13.55410446,13.770498,13.21967808,13.38689127,86190487
2025-04-01,13.36721913,13.74098979,13.36721913,13.58361267,58419545
2025-04-02,13.51476018,13.72131765,13.3770552,13.56394053,43361850
2025-04-03,12.91475991,13.05246489,12.43279248,12.786891,97089816
2025-04-07,11.86230042,12.18689073,11.5082019,11.5082019,49666494
2025-04-08,11.58689046,11.82295614,11.26230015,11.71475937,84928696
2025-04-09,11.48852976,11.7049233,10.70164416,11.51803797,75624651
2025-04-10,11.69508723,12.03934968,11.61639867,11.73443151,70060250
2025-04-11,11.58689046,11.87213649,11.5082019,11.74426758,46748680
2025-04-14,11.85246435,12.22623501,11.83279221,12.0983661,58574650
2025-04-15,12.2950875,12.66885816,11.97049719,12.54098925,96724848
2025-04-16,12.28525143,12.30492357,12.0000054,12.07869396,55365464
2025-04-17,11.95082505,12.23607108,11.84262828,11.86230042,44492767
2025-04-18,11.79344793,11.88197256,11.66557902,11.803284,29505642
2025-04-21,11.72459544,12.12787431,11.69508723,12.03934968,36264400
2025-04-22,11.98033326,12.00984147,11.78361186,11.85246435,30289796
2025-04-23,11.88197256,11.95082505,11.75410365,11.79344793,28691019
2025-04-24,11.79344793,11.81312007,11.6065626,11.64590688,24232261
2025-04-25,11.72459544,11.81312007,11.65574295,11.71475937,19648631
2025-04-28,10.93770984,11.10492303,10.77049665,10.78033272,58890173
2025-04-29,10.7213163,10.96721805,10.40656206,10.819677,41392820
2025-04-30,10.74098844,10.94754591,10.73115237,10.73115237,22225700
2025-05-06,10.76066058,11.0163984,10.74098844,11.0163984,31714641
2025-05-07,11.19344766,12.11803824,11.0163984,12.11803824,105586856
2025-05-08,11.99016933,12.10820217,11.64590688,11.803284,79369878
2025-05-09,11.7049233,11.75410365,11.42951334,11.52787404,36326889
2025-05-12,11.59672653,11.75410365,11.5082019,11.58689046,32280027
2025-05-13,11.69508723,12.0983661,11.5082019,11.94098898,75589715
2025-05-14,11.79344793,13.07213703,11.7049233,12.48197283,113205071
2025-05-15,12.3934482,12.69836637,12.01967754,12.04918575,74539017
2025-05-16,12.47213676,12.63934995,12.20656287,12.48197283,84654955
2025-05-19,12.42295641,13.1803338,12.15738252,12.99344847,97250322
2025-05-20,13.2786945,14.29180971,12.90492384,13.03279275,147444221
2025-05-21,12.87541563,13.6721373,12.6885303,13.1803338,102104866
2025-05-22,12.93443205,12.94426812,12.3934482,12.4918089,79978802
2025-05-23,12.55082532,12.6885303,12.16721859,12.16721859,56226830
2025-05-26,12.16721859,12.31475964,12.01967754,12.31475964,37259959
2025-05-27,12.2950875,13.17049773,12.13771038,12.93443205,74406993
2025-05-28,12.786891,12.79672707,12.43279248,12.44262855,53183989
2025-05-29,12.36393999,12.54098925,12.21639894,12.42295641,34459273
2025-05-30,12.35410392,12.45246462,12.0983661,12.17705466,27303768
2025-06-03,12.01967754,12.17705466,11.88197256,11.9016447,36816107
2025-06-04,11.95082505,12.00984147,11.89180863,11.93115291,21072522
2025-06-05,12.02951361,12.23607108,11.99016933,12.05902182,30251972
2025-06-06,12.07869396,12.35410392,12.06885789,12.17705466,32028000
2025-06-09,12.18689073,12.20656287,12.00984147,12.15738252,25999200
2025-06-10,12.11803824,12.18689073,11.86230042,11.9016447,28696401
2025-06-11,11.92131684,12.01967754,11.87213649,12.0000054,15823561
2025-06-12,12.03,12.14,11.91,12.05,20360168
2025-06-13,11.97,12.08,11.83,11.85,20151800
2025-06-16,11.82,12.09,11.8,11.94,16520000
2025-06-17,11.94,12.15,11.91,12.03,21808837
2025-06-18,12.14,12.22,11.95,12.06,20775700
2025-06-19,12.06,12.17,11.8,11.81,23008218
2025-06-20,11.8,11.86,11.48,11.54,20936400
2025-06-23,11.43,11.66,11.38,11.57,14245749
2025-06-24,11.57,11.73,11.49,11.68,17085600
2025-06-25,11.68,11.76,11.57,11.71,19962952
2025-06-26,11.71,11.72,11.56,11.56,20074869
2025-06-27,11.62,12.2,11.62,12.0,46755775
2025-06-30,12.0,12.06,11.78,11.92,24786572
2025-07-01,11.92,11.92,11.79,11.85,17118521
2025-07-02,11.85,11.99,11.82,11.95,22280601
2025-07-03,11.96,11.97,11.84,11.87,17539985
2025-07-04,11.87,11.87,11.78,11.82,14999716
2025-07-07,11.78,11.81,11.65,11.68,17414334
2025-07-08,11.68,11.76,11.66,11.76,14845636
2025-07-09,11.75,11.77,11.6,11.64,18295759
2025-07-10,11.63,11.81,11.6,11.7,15533942
2025-07-11,11.77,11.78,11.7,11.74,17469401
2025-07-14,11.74,11.84,11.7,11.79,15701962
2025-07-15,11.81,12.11,11.78,11.95,39401600
2025-07-16,11.97,12.0,11.81,11.84,19985500
2025-07-17,11.85,12.57,11.82,12.4,73092398
2025-07-18,12.65,13.19,12.5,13.03,119191351
2025-07-21,13.13,13.43,13.0,13.22,85460684
2025-07-22,13.15,13.86,13.05,13.79,90082307
2025-07-23,14.2,14.8,13.7,13.73,136841042
2025-07-24,13.53,14.3,13.3,14.19,81028360
2025-07-25,14.18,14.57,14.09,14.13,59755257
2025-07-28,13.91,14.25,13.73,14.0,48759889
2025-07-29,13.91,14.44,13.54,14.3,53841071
2025-07-30,14.16,14.49,14.1,14.22,38317899
2025-07-31,14.07,14.11,13.53,13.6,38939547
2025-08-01,13.8,13.95,13.39,13.41,28733192
2025-08-04,13.35,13.4,13.13,13.25,23733676
2025-08-05,13.26,13.58,13.16,13.54,27129035
2025-08-06,13.44,13.66,13.38,13.43,22233424
2025-08-07,13.4,13.42,13.1,13.25,23493191
2025-08-08,13.23,13.35,13.05,13.19,16563539
2025-08-11,13.34,13.72,13.24,13.56,32120791
2025-08-12,13.69,13.74,13.39,13.6,28429074
2025-08-13,13.5,13.61,13.32,13.51,27642051
2025-08-14,13.53,13.57,13.1,13.1,21559378
2025-08-15,13.11,13.96,13.1,13.65,41371848
2025-08-18,13.66,13.71,13.36,13.38,35133137
2025-08-19,13.43,13.55,13.26,13.3,24196545
2025-08-20,13.3,13.8,13.3,13.75,46921847
2025-08-21,13.69,14.24,13.65,14.0,47961703
2025-08-22,13.95,14.07,13.76,13.95,33340907
2025-08-25,14.0,14.24,13.69,14.01,45847379
2025-08-26,14.0,14.49,13.92,14.37,46101439
2025-08-27,14.3,14.52,13.95,13.95,44140334
2025-08-28,13.9,14.13,13.56,13.95,29042715
2025-08-29,13.96,14.3,13.91,13.99,30017783
2025-09-01,14.01,14.45,13.8,14.28,38357503
2025-09-02,14.36,14.36,13.65,13.72,33361760
2025-09-03,13.81,14.06,13.48,13.59,24617953
2025-09-04,13.51,13.59,13.09,13.29,27141543
2025-09-05,13.33,14.38,13.33,14.03,52728861
2025-09-08,14.0,14.6,13.7,14.55,51832340
2025-09-09,14.55,15.08,14.42,14.97,56315758
2025-09-10,14.66,15.39,14.66,15.03,49053305
2025-09-11,14.97,15.1,14.78,14.95,32990899
2025-09-12,14.9,15.2,14.66,14.99,29989933
2025-09-15,14.95,15.05,14.6,14.66,24659211
2025-09-16,14.68,15.04,14.32,14.51,29460958
2025-09-17,14.46,14.67,14.29,14.38,23291452
2025-09-18,14.37,14.38,13.54,13.71,43522350
2025-09-19,13.7,13.95,13.6,13.71,19665778
2025-09-22,13.74,13.84,13.21,13.36,30368035
2025-09-23,13.3,13.37,12.85,13.05,22725526
2025-09-24,12.99,13.24,12.92,13.23,21127381
2025-09-25,13.2,13.23,13.01,13.08,20047468
2025-09-26,13.07,13.42,12.95,13.21,23457645
2025-09-29,13.17,14.53,13.14,14.53,63126600
2025-09-30,14.75,15.03,14.49,14.72,75327511
2025-10-09,14.79,15.04,14.27,14.92,60611491
2025-10-10,14.79,15.26,14.67,15.12,48642833
2025-10-13,14.37,15.03,14.37,14.97,36536043
2025-10-14,14.97,15.28,14.6,14.7,39885556
2025-10-15,14.68,14.9,14.38,14.7,31873359
2025-10-16,14.65,14.79,13.26,13.31,76952880
2025-10-17,13.38,13.47,12.99,12.99,48759259
2025-10-20,13.18,13.43,12.93,13.19,49733987
2025-10-21,13.2,13.85,13.13,13.49,46600331
2025-10-22,13.63,13.65,13.17,13.22,38441799
2025-10-23,13.19,13.68,13.03,13.61,46639629
2025-10-24,13.56,13.79,13.3,13.37,35725019
2025-10-27,13.58,14.15,13.58,13.65,64468794
2025-10-28,13.66,13.7,13.32,13.42,34211090
2025-10-29,13.38,13.98,13.38,13.92,40097105
2025-10-30,13.8,13.86,13.56,13.73,29998699
2025-10-31,13.72,14.3,13.67,13.88,47538094
2025-11-03,13.93,14.23,13.71,14.08,38668341
2025-11-04,14.04,14.22,13.63,13.75,34012273
2025-11-05,13.58,14.38,13.4,14.19,60693373
2025-11-06,14.19,15.32,14.15,15.13,103826054
2025-11-07,15.0,15.63,14.94,15.33,97228588
2025-11-10,15.6,16.45,15.5,15.82,109912298
2025-11-11,15.78,16.18,15.69,15.91,61962719
2025-11-12,15.78,15.82,15.11,15.4,59287753
2025-11-13,15.4,16.34,15.4,16.04,70646641
2025-11-14,15.81,16.19,15.7,15.92,51367690
2025-11-17,15.96,16.29,15.72,15.86,49252441
2025-11-18,15.78,16.67,15.56,15.72,69812877
2025-11-19,15.66,16.43,15.63,15.98,59109144
2025-11-20,15.98,17.07,15.68,16.27,94984235
2025-11-21,15.8,16.27,15.12,15.13,81609011
2025-11-24,15.33,15.34,14.44,14.66,52561733
2025-11-25,14.76,14.93,14.45,14.74,51942511
2025-11-26,14.7,14.91,14.46,14.48,38845476
2025-11-27,14.51,15.01,14.5,14.62,40245339
2025-11-28,14.59,15.6,14.53,15.18,70936049
2025-12-01,15.19,15.32,14.82,14.88,42271978
2025-12-02,14.82,14.82,14.5,14.61,30552608
2025-12-03,14.63,14.85,14.48,14.57,36035730
2025-12-04,14.5,14.57,14.03,14.15,34836939
2025-12-05,14.17,14.51,14.06,14.46,27153533
2025-12-08,14.43,14.51,14.11,14.23,31272364
2025-12-09,14.18,14.18,13.78,13.81,34105681
2025-12-10,13.8,14.0,13.61,13.94,25533757
2025-12-11,14.02,14.65,13.96,14.08,52423552
2025-12-12,14.08,14.24,13.9,13.98,24683879
2025-12-15,13.86,14.18,13.78,14.08,25463881
2025-12-16,13.95,14.07,13.51,13.57,25456393
2025-12-17,13.62,13.99,13.56,13.96,25923062
2025-12-18,13.86,14.22,13.75,14.0,26311122
2025-12-19,13.95,14.21,13.95,14.17,22457715
2025-12-22,14.2,14.39,14.11,14.22,22060841
2025-12-23,14.2,14.49,14.12,14.31,33831562
2025-12-24,14.24,14.39,14.17,14.31,25434068
2025-12-25,14.31,14.53,14.14,14.41,27729998
2025-12-26,14.48,14.7,14.36,14.63,41914846
2025-12-29,14.64,14.65,14.18,14.21,37181678
2025-12-30,14.1,14.74,13.92,14.54,37447612
2025-12-31,14.47,14.48,14.18,14.21,26660277
2026-01-05,14.25,14.65,14.25,14.53,37500780
2026-01-06,14.55,15.15,14.48,15.09,61639094
2026-01-07,15.15,15.24,14.92,14.97,44250445
2026-01-08,15.0,15.26,14.78,14.94,42792326
2026-01-09,14.88,15.0,14.76,14.91,37039659
2026-01-12,14.86,14.89,14.58,14.76,50330876
2026-01-13,14.7,15.07,14.66,14.79,49976050
2026-01-14,14.75,15.15,14.75,15.0,64970122
2026-01-15,14.95,15.51,14.9,15.2,59870653
2026-01-16,15.22,15.55,14.97,15.06,48108511
2026-01-19,14.96,15.67,14.85,15.66,71324580
2026-01-20,15.66,15.96,15.54,15.84,59886154
2026-01-21,15.9,16.15,15.63,16.0,65523651
2026-01-22,16.17,16.46,15.9,16.27,65050793
2026-01-23,16.26,16.56,16.13,16.44,57106124
2026-01-26,16.66,17.14,16.4,16.57,88227664
2026-01-27,16.56,16.88,16.18,16.47,66096576
2026-01-28,16.47,17.32,16.41,17.2,76334734
2026-01-29,17.22,17.35,16.59,16.75,74599180
2026-01-30,16.63,16.88,15.89,16.59,64708560
2026-02-02,16.06,16.18,15.15,15.16,69274858
2026-02-03,15.58,15.61,15.13,15.59,43167212
2026-02-04,15.66,15.85,15.33,15.68,36047569
2026-02-05,15.56,15.83,15.06,15.14,37532341
2026-02-06,14.85,15.8,14.76,15.49,46571106
2026-02-09,15.68,15.81,15.41,15.7,45200376
2026-02-10,15.78,15.84,15.49,15.66,34045169
2026-02-11,15.6,16.32,15.58,15.93,47516883
2026-02-12,15.73,16.04,15.71,15.85,30925984
2026-02-13,15.78,15.79,15.39,15.41,27597000
2026-02-24,15.83,16.95,15.83,16.95,77589720
2026-02-25,17.18,18.47,16.95,18.07,156654207
2026-02-26,18.12,18.28,17.71,17.8,91878483
2026-02-27,17.69,18.32,17.58,18.14,66842389
2026-03-02,18.38,18.55,17.58,18.11,96955846
2026-03-03,18.2,18.36,17.18,17.53,104277254
2026-03-04,17.53,18.74,17.53,17.82,108844575
2026-03-05,18.27,18.29,17.35,17.48,71116754
2026-03-06,17.38,18.36,17.1,18.22,96841566
2026-03-09,19.15,19.6,18.21,18.28,124863560
2026-03-10,17.58,17.92,17.5,17.55,81869796
2026-03-11,17.5,18.6,17.26,18.38,85086298
2026-03-12,18.77,19.8,18.14,19.44,150831009
2026-03-13,19.5,20.19,19.29,19.38,116941665
2026-03-16,19.58,20.2,18.34,18.46,116182635
2026-03-17,18.33,19.0,17.66,17.78,89311386
2026-03-18,17.56,17.61,17.02,17.35,56540406
2026-03-19,17.6,17.63,16.34,16.48,69892416
2026-03-20,16.5,16.65,15.8,15.81,60107904
2026-03-23,15.6,17.39,15.46,17.05,143884056
2026-03-24,17.03,17.03,16.1,16.6,80635439
2026-03-25,16.39,17.14,16.18,16.94,69127175
2026-03-26,16.91,17.2,16.57,16.72,50047881
2026-03-27,16.5,17.59,16.43,17.27,74772925
2026-03-30,17.38,17.85,17.23,17.29,70331770
2026-03-31,17.01,17.16,16.4,16.44,56927514
2026-04-01,16.62,16.73,16.26,16.3,41025213
2026-04-02,16.3,16.3,15.65,15.79,46696162
2026-04-03,15.86,15.89,15.13,15.21,36279270
2026-04-07,15.22,16.07,15.13,16.0,48574951
2026-04-08,15.68,16.1,15.39,16.04,54445872
2026-04-09,16.0,16.23,15.78,16.0,34567026
2026-04-10,16.08,16.52,15.93,16.06,37855064
2026-04-13,16.2,16.29,15.68,16.12,39752062
2026-04-14,16.01,16.08,15.75,16.05,31094174
2026-04-15,16.04,16.04,15.46,15.51,46830854
2026-04-16,15.47,16.05,15.41,15.92,42792527
2026-04-17,15.91,16.17,15.78,15.83,29905079
2026-04-20,15.81,15.9,15.6,15.83,26777017
2026-04-21,15.84,16.6,15.47,16.26,61499918
2026-04-22,16.33,16.77,16.3,16.69,56083037
2026-04-23,16.62,16.69,16.0,16.28,47345399
2026-04-24,16.28,16.75,16.25,16.51,52276518
2026-04-27,16.1,16.29,15.68,16.09,46950949
2026-04-28,16.52,17.4,16.52,16.9,83790792
2026-04-29,16.82,17.16,16.38,17.08,53333053
2026-04-30,17.01,17.27,16.78,16.9,40389026
2026-05-06,16.93,17.1,16.39,16.75,53286453
2026-05-07,16.6,16.63,15.92,16.09,73600601
2026-05-08,16.05,16.59,15.9,16.16,50450550
2026-05-11,16.2,16.76,16.17,16.39,53252933
