=== nextday pipeline start: 2026-05-11T04:43:03 ===
symbol=002714.SZ, out_root=/root/workspace/stock_realtime_v021_full/saved_data/002714_pipeline_out

[2026-05-11T04:43:03] RUN update_data
  /usr/bin/python3 bootstrap/ashare_xgb_dual_opportunity_regression_baostock_full_v19_compressed_trading_axis.py --mode update_data --symbol 002714 --benchmark_symbol 000300 --daily_start 2018-01-01 --daily_end 2026-05-11 --intraday_start '2018-01-01 09:30:00' --intraday_end '2026-05-11 15:00:00' --output_dir /root/workspace/stock_realtime_v021_full/saved_data/002714_pipeline_out/00_base --cache_mode incremental --feature_cache_mode incremental --adjust qfq
/root/workspace/stock_realtime_v021_full/bootstrap/ashare_fetch_and_train_xgb_sell_signal_baostock_state_cache_helper_fix2.py:246: FutureWarning: The behavior of DataFrame concatenation with empty or all-NA entries is deprecated. In a future version, this will no longer exclude empty or all-NA columns when determining the result dtypes. To retain the old behavior, exclude the relevant entries before the concat operation.
  merged = _normalize_daily_df(pd.concat([df_old, df_new], axis=0, ignore_index=True))
/root/workspace/stock_realtime_v021_full/bootstrap/ashare_fetch_and_train_xgb_sell_signal_baostock_state_cache_helper_fix2.py:248: FutureWarning: The behavior of DataFrame concatenation with empty or all-NA entries is deprecated. In a future version, this will no longer exclude empty or all-NA columns when determining the result dtypes. To retain the old behavior, exclude the relevant entries before the concat operation.
  merged = _normalize_intraday_df(pd.concat([df_old, df_new], axis=0, ignore_index=True))
/root/workspace/stock_realtime_v021_full/bootstrap/ashare_fetch_and_train_xgb_sell_signal_baostock_state_cache_helper_fix2.py:254: FutureWarning: The behavior of DataFrame concatenation with empty or all-NA entries is deprecated. In a future version, this will no longer exclude empty or all-NA columns when determining the result dtypes. To retain the old behavior, exclude the relevant entries before the concat operation.
  merged = _normalize_bench_df(pd.concat([df_old, df_new], axis=0, ignore_index=True))
/root/workspace/stock_realtime_v021_full/bootstrap/ashare_fetch_and_train_xgb_sell_signal_baostock_state_cache_helper_fix2.py:250: FutureWarning: The behavior of DataFrame concatenation with empty or all-NA entries is deprecated. In a future version, this will no longer exclude empty or all-NA columns when determining the result dtypes. To retain the old behavior, exclude the relevant entries before the concat operation.
  merged = _normalize_daily_feature_df(pd.concat([df_old, df_new], axis=0, ignore_index=True))
/root/workspace/stock_realtime_v021_full/bootstrap/ashare_fetch_and_train_xgb_sell_signal_baostock_state_cache_helper_fix2.py:252: FutureWarning: The behavior of DataFrame concatenation with empty or all-NA entries is deprecated. In a future version, this will no longer exclude empty or all-NA columns when determining the result dtypes. To retain the old behavior, exclude the relevant entries before the concat operation.
  merged = _normalize_intraday_feature_df(pd.concat([df_old, df_new], axis=0, ignore_index=True))
login success!
logout success!
login success!
logout success!
login success!
logout success!
{
  "mode": "update_data",
  "symbol": "002714",
  "data_source": "baostock",
  "daily_rows": 2022,
  "intraday_rows": 73680,
  "daily_min": "2018-01-02 00:00:00",
  "daily_max": "2026-05-08 00:00:00",
  "intraday_min": "2020-01-02 09:35:00",
  "intraday_max": "2026-05-08 15:00:00",
  "base_paths": {
    "daily_csv": "/root/workspace/stock_realtime_v021_full/saved_data/002714_pipeline_out/00_base/002714_daily.csv",
    "intraday_csv": "/root/workspace/stock_realtime_v021_full/saved_data/002714_pipeline_out/00_base/002714_5m.csv",
    "benchmark_csv": "/root/workspace/stock_realtime_v021_full/saved_data/002714_pipeline_out/00_base/000300_benchmark_daily.csv",
    "raw_daily_cache_csv": "/root/workspace/stock_realtime_v021_full/saved_data/002714_pipeline_out/00_base/raw_cache/002714_daily_raw.csv",
    "raw_intraday_cache_csv": "/root/workspace/stock_realtime_v021_full/saved_data/002714_pipeline_out/00_base/raw_cache/002714_5m_raw.csv",
    "raw_benchmark_cache_csv": "/root/workspace/stock_realtime_v021_full/saved_data/002714_pipeline_out/00_base/raw_cache/000300_benchmark_daily_raw.csv",
    "daily_features_csv": "/root/workspace/stock_realtime_v021_full/saved_data/002714_pipeline_out/00_base/daily_features.csv",
    "intraday_features_csv": "/root/workspace/stock_realtime_v021_full/saved_data/002714_pipeline_out/00_base/intraday_features.csv",
    "daily_features_cache_csv": "/root/workspace/stock_realtime_v021_full/saved_data/002714_pipeline_out/00_base/feature_cache/daily_features_cache.csv",
    "intraday_features_cache_csv": "/root/workspace/stock_realtime_v021_full/saved_data/002714_pipeline_out/00_base/feature_cache/intraday_features_cache.csv",
    "feature_state_json": "/root/workspace/stock_realtime_v021_full/saved_data/002714_pipeline_out/00_base/feature_cache/feature_state.json"
  },
  "fetch_logs": {
    "symbol": "002714",
    "benchmark_symbol": "000300",
    "daily_start": "2018-01-01",
    "daily_end": "2026-05-11",
    "intraday_start": "2018-01-01 09:30:00",
    "intraday_end": "2026-05-11 15:00:00",
    "perf_start": "2018-01-01",
    "data_source": "baostock",
    "cache_mode": "incremental",
    "force_refresh": false,
    "raw_cache_dir": "/root/workspace/stock_realtime_v021_full/saved_data/002714_pipeline_out/00_base/raw_cache",
    "feature_cache_dir": "/root/workspace/stock_realtime_v021_full/saved_data/002714_pipeline_out/00_base/feature_cache",
    "feature_cache_mode": "incremental",
    "daily": {
      "cache_path": "/root/workspace/stock_realtime_v021_full/saved_data/002714_pipeline_out/00_base/raw_cache/002714_daily_raw.csv",
      "requested_start": "2018-01-01",
      "requested_end": "2026-05-11",
      "mode": "initial_fetch",
      "fetch_segments": [
        {
          "provider": "baostock",
          "code": "sz.002714",
          "adjustflag": "2",
          "rows": 2022,
          "start": "2018-01-01",
          "end": "2026-05-11"
        }
      ],
      "cache_after": {
        "rows": 2022,
        "min": "2018-01-02 00:00:00",
        "max": "2026-05-08 00:00:00"
      }
    },
    "intraday_5m": {
      "cache_path": "/root/workspace/stock_realtime_v021_full/saved_data/002714_pipeline_out/00_base/raw_cache/002714_5m_raw.csv",
      "requested_start": "2018-01-01 09:30:00",
      "requested_end": "2026-05-11 15:00:00",
      "mode": "initial_fetch",
      "fetch_segments": [
        {
          "provider": "baostock",
          "code": "sz.002714",
          "adjustflag": "2",
          "requested_start": "2018-01-01 09:30:00",
          "effective_start": "2018-01-01 09:30:00",
          "requested_end": "2026-05-11 15:00:00",
          "rows": 73680
        }
      ],
      "cache_after": {
        "rows": 73680,
        "min": "2020-01-02 09:35:00",
        "max": "2026-05-08 15:00:00"
      }
    },
    "benchmark_daily": {
      "cache_path": "/root/workspace/stock_realtime_v021_full/saved_data/002714_pipeline_out/00_base/raw_cache/000300_benchmark_daily_raw.csv",
      "requested_start": "2018-01-01",
      "requested_end": "2026-05-11",
      "mode": "initial_fetch",
      "fetch_segments": [
        {
          "provider": "baostock",
          "code": "sh.000300",
          "rows": 2022,
          "start": "2018-01-01",
          "end": "2026-05-11"
        }
      ],
      "cache_after": {
        "rows": 2022,
        "min": "2018-01-02 00:00:00",
        "max": "2026-05-08 00:00:00"
      }
    },
    "feature_build": {
      "mode": "full_rebuild",
      "reason": "feature_cache_missing",
      "daily_cache_after": {
        "rows": 2022,
        "min": "2018-01-02 00:00:00",
        "max": "2026-05-08 00:00:00"
      },
      "intraday_cache_after": {
        "rows": 73680,
        "min": "2020-01-02 09:35:00",
        "max": "2026-05-08 15:00:00"
      },
      "daily_context_days": 260,
      "intraday_context_days": 40,
      "daily_appended_rows": 2022,
      "intraday_appended_rows": 73680
    },
    "feature_state": {
      "daily_feature_max": "2026-05-08 00:00:00",
      "intraday_feature_max": "2026-05-08 15:00:00",
      "daily_context_days": 260,
      "intraday_context_days": 40,
      "feature_build_mode": "full_rebuild"
    }
  }
}

[2026-05-11T04:45:28] RUN samples
  /usr/bin/python3 feature_building/build_nextday_samples_from_baostock.py --daily-features /root/workspace/stock_realtime_v021_full/saved_data/002714_pipeline_out/00_base/daily_features.csv --intraday-bars /root/workspace/stock_realtime_v021_full/saved_data/002714_pipeline_out/00_base/002714_5m.csv --out-dir /root/workspace/stock_realtime_v021_full/saved_data/002714_pipeline_out/01_samples --min-bars 40 --keep-unlabeled-tail
{
  "rows": 1535,
  "date_min": "2020-01-02",
  "date_max": "2026-05-08",
  "out": "/root/workspace/stock_realtime_v021_full/saved_data/002714_pipeline_out/01_samples/training_samples.csv"
}

[2026-05-11T04:45:29] RUN fundamental
  /usr/bin/python3 feature_building/build_fundamental_features.py --symbol 002714.SZ --daily-samples /root/workspace/stock_realtime_v021_full/saved_data/002714_pipeline_out/01_samples/training_samples.csv --out-dir /root/workspace/stock_realtime_v021_full/saved_data/002714_pipeline_out/02_fundamental --start-date 2018-01-01 --end-date 2026-05-11 --fallback-lag-days 120
login success!
logout success!
{
  "rows": 1535,
  "date_min": "2020-01-02",
  "date_max": "2026-05-08",
  "source_errors": [],
  "top_missing_rates": {
    "ak_fund_小单净流入-净额_sum10": 0.9244299674267101,
    "ak_fund_主力净流入-净额_sum10": 0.9244299674267101,
    "ak_fund_主力净流入-净占比_sum10": 0.9244299674267101,
    "ak_fund_涨跌幅_sum10": 0.9244299674267101,
    "ak_fund_收盘价_sum10": 0.9244299674267101,
    "ak_fund_中单净流入-净额_sum10": 0.9244299674267101,
    "ak_fund_中单净流入-净占比_sum10": 0.9244299674267101,
    "ak_fund_小单净流入-净占比_sum10": 0.9244299674267101,
    "ak_fund_超大单净流入-净额_sum10": 0.9244299674267101,
    "ak_fund_大单净流入-净额_sum10": 0.9244299674267101,
    "ak_fund_大单净流入-净占比_sum10": 0.9244299674267101,
    "ak_fund_超大单净流入-净占比_sum10": 0.9244299674267101,
    "ak_fund_涨跌幅_sum5": 0.923127035830619,
    "ak_fund_主力净流入-净占比_sum5": 0.923127035830619,
    "ak_fund_主力净流入-净额_sum5": 0.923127035830619,
    "ak_fund_收盘价_sum5": 0.923127035830619,
    "ak_fund_超大单净流入-净占比_sum5": 0.923127035830619,
    "ak_fund_中单净流入-净占比_sum5": 0.923127035830619,
    "ak_fund_中单净流入-净额_sum5": 0.923127035830619,
    "ak_fund_小单净流入-净额_sum5": 0.923127035830619,
    "ak_fund_小单净流入-净占比_sum5": 0.923127035830619,
    "ak_fund_大单净流入-净占比_sum5": 0.923127035830619,
    "ak_fund_大单净流入-净额_sum5": 0.923127035830619,
    "ak_fund_超大单净流入-净额_sum5": 0.923127035830619,
    "ak_fund_大单净流入-净额": 0.9218241042345277,
    "ak_fund_超大单净流入-净占比": 0.9218241042345277,
    "ak_fund_超大单净流入-净额": 0.9218241042345277,
    "ak_fund_收盘价": 0.9218241042345277,
    "ak_fund_涨跌幅": 0.9218241042345277,
    "ak_fund_中单净流入-净额": 0.9218241042345277
  },
  "valuation_non_null": {
    "peTTM": 1535,
    "pbMRQ": 1535,
    "psTTM": 1535,
    "pcfNcfTTM": 1535
  },
  "future_effective_date_violations": 0,
  "rows_with_quarterly": 1535,
  "sample_rows": 1535,
  "quarterly_raw_rows": 37,
  "quarterly_used_pubDate_rows": 37,
  "quarterly_fallback_rows": 0,
  "elapsed_seconds": 55.016,
  "symbol": "002714",
  "baostock_code": "sz.002714",
  "valuation_rows": 2022,
  "fund_flow_rows": 120,
  "feature_columns": 125,
  "merged_columns": 194,
  "outputs": {
    "daily_valuation": "/root/workspace/stock_realtime_v021_full/saved_data/002714_pipeline_out/02_fundamental/baostock_daily_valuation.csv",
    "quarterly_fundamentals": "/root/workspace/stock_realtime_v021_full/saved_data/002714_pipeline_out/02_fundamental/baostock_quarterly_fundamentals_pit.csv",
    "fundamental_features": "/root/workspace/stock_realtime_v021_full/saved_data/002714_pipeline_out/02_fundamental/fundamental_features.csv",
    "merged_samples": "/root/workspace/stock_realtime_v021_full/saved_data/002714_pipeline_out/02_fundamental/training_samples_with_fundamentals.csv"
  }
}

[2026-05-11T04:46:25] RUN sector
  /usr/bin/python3 feature_building/build_sector_features.py --samples /root/workspace/stock_realtime_v021_full/saved_data/002714_pipeline_out/02_fundamental/training_samples_with_fundamentals.csv --out-dir /root/workspace/stock_realtime_v021_full/saved_data/002714_pipeline_out/03_sector --sector-symbol '养殖业' --start-date 2018-01-01 --end-date 2026-05-11

  0%|          | 0/9 [00:00<?, ?it/s]
 11%|█         | 1/9 [00:00<00:01,  4.35it/s]
 22%|██▏       | 2/9 [00:00<00:01,  4.06it/s]
 33%|███▎      | 3/9 [00:00<00:01,  4.26it/s]
 44%|████▍     | 4/9 [00:00<00:01,  3.98it/s]
 56%|█████▌    | 5/9 [00:01<00:00,  4.12it/s]
 67%|██████▋   | 6/9 [00:01<00:00,  4.36it/s]
 78%|███████▊  | 7/9 [00:01<00:00,  4.28it/s]
 89%|████████▉ | 8/9 [00:01<00:00,  4.34it/s]
100%|██████████| 9/9 [00:02<00:00,  4.67it/s]
                                             
{
  "sector_symbol": "养殖业",
  "sector_rows": 2022,
  "sector_date_min": "2018-01-02",
  "sector_date_max": "2026-05-08",
  "sample_rows": 1535,
  "merged_rows": 1535,
  "sector_feature_cols": 23,
  "top_missing": {
    "sector_ret60": 0.03908794788273615,
    "sector_ma60_gap": 0.019543973941368076,
    "stock_vs_sector_ret20": 0.013029315960912053,
    "sector_ret20": 0.013029315960912053,
    "sector_vol20": 0.0071661237785016286,
    "sector_ma20_gap": 0.006514657980456026,
    "sector_range_z20": 0.006514657980456026,
    "sector_volume_shock20": 0.006514657980456026,
    "sector_amount_z20": 0.006514657980456026,
    "sector_volume_z20": 0.006514657980456026,
    "sector_amount_shock20": 0.006514657980456026,
    "sector_ret5": 0.003257328990228013,
    "stock_vs_sector_ret5": 0.003257328990228013,
    "sector_vs_bench_ret5": 0.003257328990228013,
    "stock_vs_sector_ret1": 0.0006514657980456026,
    "sector_ret1": 0.0006514657980456026,
    "sector_amount": 0.0,
    "sector_volume": 0.0,
    "sector_close": 0.0,
    "sector_low": 0.0
  },
  "outputs": {
    "sector_index": "/root/workspace/stock_realtime_v021_full/saved_data/002714_pipeline_out/03_sector/sector_index_ths.csv",
    "sector_features": "/root/workspace/stock_realtime_v021_full/saved_data/002714_pipeline_out/03_sector/sector_features.csv",
    "merged_samples": "/root/workspace/stock_realtime_v021_full/saved_data/002714_pipeline_out/03_sector/training_samples_with_sector.csv"
  }
}

[2026-05-11T04:46:29] RUN external_hog
  /usr/bin/python3 feature_building/build_hog_industry_features.py --samples /root/workspace/stock_realtime_v021_full/saved_data/002714_pipeline_out/03_sector/training_samples_with_sector.csv --out-dir /root/workspace/stock_realtime_v021_full/saved_data/002714_pipeline_out/04_external/hog --lag-days 1
/root/workspace/stock_realtime_v021_full/feature_building/build_hog_industry_features.py:92: FutureWarning: The default fill_method='pad' in Series.pct_change is deprecated and will be removed in a future version. Either fill in any non-leading NA values prior to calling pct_change or specify 'fill_method=None' to not fill NA values.
  out[f"{col}_ret1"] = out[col].pct_change()
/root/workspace/stock_realtime_v021_full/feature_building/build_hog_industry_features.py:92: FutureWarning: The default fill_method='pad' in Series.pct_change is deprecated and will be removed in a future version. Either fill in any non-leading NA values prior to calling pct_change or specify 'fill_method=None' to not fill NA values.
  out[f"{col}_ret1"] = out[col].pct_change()
/root/workspace/stock_realtime_v021_full/feature_building/build_hog_industry_features.py:92: FutureWarning: The default fill_method='pad' in Series.pct_change is deprecated and will be removed in a future version. Either fill in any non-leading NA values prior to calling pct_change or specify 'fill_method=None' to not fill NA values.
  out[f"{col}_ret1"] = out[col].pct_change()
/root/workspace/stock_realtime_v021_full/feature_building/build_hog_industry_features.py:92: FutureWarning: The default fill_method='pad' in Series.pct_change is deprecated and will be removed in a future version. Either fill in any non-leading NA values prior to calling pct_change or specify 'fill_method=None' to not fill NA values.
  out[f"{col}_ret1"] = out[col].pct_change()
/root/workspace/stock_realtime_v021_full/feature_building/build_hog_industry_features.py:92: FutureWarning: The default fill_method='pad' in Series.pct_change is deprecated and will be removed in a future version. Either fill in any non-leading NA values prior to calling pct_change or specify 'fill_method=None' to not fill NA values.
  out[f"{col}_ret1"] = out[col].pct_change()
/root/workspace/stock_realtime_v021_full/feature_building/build_hog_industry_features.py:92: FutureWarning: The default fill_method='pad' in Series.pct_change is deprecated and will be removed in a future version. Either fill in any non-leading NA values prior to calling pct_change or specify 'fill_method=None' to not fill NA values.
  out[f"{col}_ret1"] = out[col].pct_change()
/root/workspace/stock_realtime_v021_full/feature_building/build_hog_industry_features.py:92: FutureWarning: The default fill_method='pad' in Series.pct_change is deprecated and will be removed in a future version. Either fill in any non-leading NA values prior to calling pct_change or specify 'fill_method=None' to not fill NA values.
  out[f"{col}_ret1"] = out[col].pct_change()
{
  "sample_rows": 1535,
  "raw_rows": 1551,
  "raw_date_min": "2018-11-04",
  "raw_date_max": "2026-05-11",
  "feature_cols": 80,
  "lag_days": 1,
  "errors": {},
  "top_missing": {
    "hog_pork_wholesale_ret20": 0.9700325732899023,
    "hog_pork_wholesale_z60": 0.9700325732899023,
    "hog_pork_wholesale_ret5": 0.9680781758957655,
    "hog_pork_wholesale_z20": 0.9674267100977199,
    "hog_pork_wholesale_ma20_gap": 0.9674267100977199,
    "hog_pork_wholesale_ret1": 0.9648208469055375,
    "hog_pork_wholesale": 0.9641693811074918,
    "hog_pig_corn_ratio_z60": 0.9322475570032573,
    "hog_pig_corn_ratio_ma20_gap": 0.9022801302931596,
    "hog_pig_corn_ratio_z20": 0.9022801302931596,
    "hog_sow_ret5": 0.9009771986970684,
    "hog_sow_ret20": 0.9009771986970684,
    "hog_fut_spot_basis_z60": 0.8866449511400651,
    "hog_fut_spot_basis": 0.8762214983713354,
    "hog_pig_corn_ratio_ret20": 0.8690553745928339,
    "hog_sow_z20": 0.8684039087947882,
    "hog_sow_ma20_gap": 0.8684039087947882,
    "hog_sow_z60": 0.8657980456026059,
    "hog_corn_ret20": 0.8527687296416938,
    "hog_soymeal_ret20": 0.8527687296416938,
    "hog_feed_cost_ret20": 0.8527687296416938,
    "hog_soymeal_z60": 0.8527687296416938,
    "hog_spot_ret20": 0.8527687296416938,
    "hog_corn_z60": 0.8527687296416938,
    "hog_spot_z60": 0.8527687296416938,
    "hog_soymeal_ma20_gap": 0.847557003257329,
    "hog_spot_z20": 0.847557003257329,
    "hog_corn_ma20_gap": 0.847557003257329,
    "hog_soymeal_z20": 0.847557003257329,
    "hog_corn_z20": 0.847557003257329
  },
  "outputs": {
    "raw": "/root/workspace/stock_realtime_v021_full/saved_data/002714_pipeline_out/04_external/hog/hog_industry_raw.csv",
    "features": "/root/workspace/stock_realtime_v021_full/saved_data/002714_pipeline_out/04_external/hog/hog_industry_features.csv",
    "merged_samples": "/root/workspace/stock_realtime_v021_full/saved_data/002714_pipeline_out/04_external/hog/training_samples_with_hog_industry.csv"
  }
}

[2026-05-11T04:46:32] RUN external_muyuan_hk
  /usr/bin/python3 feature_building/build_muyuan_hk_external_features.py --samples /root/workspace/stock_realtime_v021_full/saved_data/002714_pipeline_out/04_external/hog/training_samples_with_hog_industry.csv --out-dir /root/workspace/stock_realtime_v021_full/saved_data/002714_pipeline_out/04_external/muyuan_hk --lag-days 1
Traceback (most recent call last):
  File "/root/workspace/stock_realtime_v021_full/feature_building/build_muyuan_hk_external_features.py", line 180, in <module>
    main()
  File "/root/workspace/stock_realtime_v021_full/feature_building/build_muyuan_hk_external_features.py", line 149, in main
    raise RuntimeError(f"no HK proxy data fetched: {errors}")
RuntimeError: no HK proxy data fetched: {'hk_02714': "ConnectionError: ('Connection aborted.', RemoteDisconnected('Remote end closed connection without response'))", 'hk_01610': "ConnectionError: ('Connection aborted.', RemoteDisconnected('Remote end closed connection without response'))", 'hk_00288': "ConnectionError: ('Connection aborted.', RemoteDisconnected('Remote end closed connection without response'))", 'hk_01068': "ConnectionError: ('Connection aborted.', RemoteDisconnected('Remote end closed connection without response'))", 'hk_01117': "ConnectionError: ('Connection aborted.', RemoteDisconnected('Remote end closed connection without response'))"}
=== nextday pipeline start: 2026-05-11T04:46:35 ===
symbol=002714.SZ, out_root=/root/workspace/stock_realtime_v021_full/saved_data/002714_pipeline_out

[2026-05-11T04:46:35] SKIP update_data: outputs exist
  /usr/bin/python3 bootstrap/ashare_xgb_dual_opportunity_regression_baostock_full_v19_compressed_trading_axis.py --mode update_data --symbol 002714 --benchmark_symbol 000300 --daily_start 2018-01-01 --daily_end 2026-05-11 --intraday_start '2018-01-01 09:30:00' --intraday_end '2026-05-11 15:00:00' --output_dir /root/workspace/stock_realtime_v021_full/saved_data/002714_pipeline_out/00_base --cache_mode incremental --feature_cache_mode incremental --adjust qfq

[2026-05-11T04:46:35] SKIP samples: outputs exist
  /usr/bin/python3 feature_building/build_nextday_samples_from_baostock.py --daily-features /root/workspace/stock_realtime_v021_full/saved_data/002714_pipeline_out/00_base/daily_features.csv --intraday-bars /root/workspace/stock_realtime_v021_full/saved_data/002714_pipeline_out/00_base/002714_5m.csv --out-dir /root/workspace/stock_realtime_v021_full/saved_data/002714_pipeline_out/01_samples --min-bars 40 --keep-unlabeled-tail

[2026-05-11T04:46:35] SKIP fundamental: outputs exist
  /usr/bin/python3 feature_building/build_fundamental_features.py --symbol 002714.SZ --daily-samples /root/workspace/stock_realtime_v021_full/saved_data/002714_pipeline_out/01_samples/training_samples.csv --out-dir /root/workspace/stock_realtime_v021_full/saved_data/002714_pipeline_out/02_fundamental --start-date 2018-01-01 --end-date 2026-05-11 --fallback-lag-days 120

[2026-05-11T04:46:35] SKIP sector: outputs exist
  /usr/bin/python3 feature_building/build_sector_features.py --samples /root/workspace/stock_realtime_v021_full/saved_data/002714_pipeline_out/02_fundamental/training_samples_with_fundamentals.csv --out-dir /root/workspace/stock_realtime_v021_full/saved_data/002714_pipeline_out/03_sector --sector-symbol '养殖业' --start-date 2018-01-01 --end-date 2026-05-11
[INFO] final samples for search: /root/workspace/stock_realtime_v021_full/saved_data/002714_pipeline_out/04_external/hog/training_samples_with_hog_industry.csv

[2026-05-11T04:46:35] RUN search_vwap_low_hit_50bps
  /usr/bin/python3 model_training/search_walk_forward_model_complexity.py --samples /root/workspace/stock_realtime_v021_full/saved_data/002714_pipeline_out/04_external/hog/training_samples_with_hog_industry.csv --intraday-bars /root/workspace/stock_realtime_v021_full/saved_data/002714_pipeline_out/00_base/002714_5m.csv --out-dir /root/workspace/stock_realtime_v021_full/saved_data/002714_pipeline_out/10_search/search_vwap_low_hit_50bps --round-trip-cost-bps 1.7 --target-hit-bps 50.0 --label-mode hit --entry-policy vwap_low --entry-vwap-premium-bps 50.0 --max-missing 0.35 --groups reversal_fundamental_regime,reversal_fundamental_regime_sector,all_no_ak --models xgb_d2_200_lr003_mcw5,xgb_d3_400_lr003_mcw3,xgb_d3_600_lr002_mcw3,xgb_d4_500_lr002_mcw5,lgbm_leaves7_400,lgbm_leaves15_700,extra_trees_600_d3,random_forest_600_d4 --quantiles 0.5,0.6,0.7,0.8 --train-rows 756 --valid-rows 126 --test-rows 63 --min-valid-trades 8 --min-train-entries 80
{
  "rows": 1534,
  "target_hit_bps": 50.0,
  "label_mode": "hit",
  "entry_policy": "vwap_low",
  "entry_vwap_premium_bps": 50.0,
  "groups": {
    "reversal_fundamental_regime": 137,
    "reversal_fundamental_regime_sector": 160,
    "all_no_ak": 244
  },
  "models": [
    "xgb_d2_200_lr003_mcw5",
    "xgb_d3_400_lr003_mcw3",
    "xgb_d3_600_lr002_mcw3",
    "xgb_d4_500_lr002_mcw5",
    "extra_trees_600_d3",
    "random_forest_600_d4",
    "lgbm_leaves7_400",
    "lgbm_leaves15_700"
  ],
  "top": [
    {
      "entry_policy": "vwap_low",
      "feature_group": "reversal_fundamental_regime_sector",
      "model_name": "extra_trees_600_d3",
      "target_hit_bps": 50.0,
      "trades": 278,
      "win_rate": 0.7553956834532374,
      "avg_return": 0.0005771596345931717,
      "median_return": 0.005,
      "compound_return": 0.15949154026063073,
      "max_drawdown": -0.11184369456548293,
      "profit_factor": 1.1839359039572637,
      "windows": 10
    },
    {
      "entry_policy": "vwap_low",
      "feature_group": "reversal_fundamental_regime_sector",
      "model_name": "xgb_d4_500_lr002_mcw5",
      "target_hit_bps": 50.0,
      "trades": 212,
      "win_rate": 0.7688679245283019,
      "avg_return": 0.0007019741197414396,
      "median_return": 0.005,
      "compound_return": 0.15067032400177682,
      "max_drawdown": -0.08440113555740059,
      "profit_factor": 1.2269237786347398,
      "windows": 10
    },
    {
      "entry_policy": "vwap_low",
      "feature_group": "reversal_fundamental_regime_sector",
      "model_name": "xgb_d2_200_lr003_mcw5",
      "target_hit_bps": 50.0,
      "trades": 270,
      "win_rate": 0.762962962962963,
      "avg_return": 0.0003897581658009408,
      "median_return": 0.005,
      "compound_return": 0.09554130813240946,
      "max_drawdown": -0.10216941431899362,
      "profit_factor": 1.1161903622026557,
      "windows": 10
    },
    {
      "entry_policy": "vwap_low",
      "feature_group": "reversal_fundamental_regime_sector",
      "model_name": "lgbm_leaves7_400",
      "target_hit_bps": 50.0,
      "trades": 273,
      "win_rate": 0.7545787545787546,
      "avg_return": 0.0002766425392174644,
      "median_return": 0.005,
      "compound_return": 0.06283536690158864,
      "max_drawdown": -0.09600573024020109,
      "profit_factor": 1.0805694374585983,
      "windows": 10
    },
    {
      "entry_policy": "vwap_low",
      "feature_group": "reversal_fundamental_regime",
      "model_name": "random_forest_600_d4",
      "target_hit_bps": 50.0,
      "trades": 240,
      "win_rate": 0.7791666666666667,
      "avg_return": 0.00030095187304707223,
      "median_return": 0.005,
      "compound_return": 0.05887592708465372,
      "max_drawdown": -0.14035562010078695,
      "profit_factor": 1.0844198320890932,
      "windows": 10
    },
    {
      "entry_policy": "vwap_low",
      "feature_group": "all_no_ak",
      "model_name": "lgbm_leaves15_700",
      "target_hit_bps": 50.0,
      "trades": 173,
      "win_rate": 0.7456647398843931,
      "avg_return": 0.00035117100405970277,
      "median_return": 0.005,
      "compound_return": 0.05514584479955964,
      "max_drawdown": -0.07259009594910837,
      "profit_factor": 1.1043325279763354,
      "windows": 10
    },
    {
      "entry_policy": "vwap_low",
      "feature_group": "reversal_fundamental_regime_sector",
      "model_name": "xgb_d3_600_lr002_mcw3",
      "target_hit_bps": 50.0,
      "trades": 186,
      "win_rate": 0.7473118279569892,
      "avg_return": 8.591555827426736e-05,
      "median_return": 0.005,
      "compound_return": 0.007038614438867885,
      "max_drawdown": -0.0931358249876797,
      "profit_factor": 1.0237632237177097,
      "windows": 10
    },
    {
      "entry_policy": "vwap_low",
      "feature_group": "reversal_fundamental_regime",
      "model_name": "lgbm_leaves15_700",
      "target_hit_bps": 50.0,
      "trades": 230,
      "win_rate": 0.7434782608695653,
      "avg_return": 6.304382234835038e-05,
      "median_return": 0.005,
      "compound_return": 0.0022185688106282075,
      "max_drawdown": -0.13432560250788672,
      "profit_factor": 1.017320805116483,
      "windows": 10
    },
    {
      "entry_policy": "vwap_low",
      "feature_group": "reversal_fundamental_regime",
      "model_name": "lgbm_leaves7_400",
      "target_hit_bps": 50.0,
      "trades": 192,
      "win_rate": 0.7552083333333334,
      "avg_return": -6.89174293911574e-05,
      "median_return": 0.005,
      "compound_return": -0.02423811012054078,
      "max_drawdown": -0.18430917731431273,
      "profit_factor": 0.981994147979972,
      "windows": 10
    },
    {
      "entry_policy": "vwap_low",
      "feature_group": "reversal_fundamental_regime_sector",
      "model_name": "lgbm_leaves15_700",
      "target_hit_bps": 50.0,
      "trades": 231,
      "win_rate": 0.7402597402597403,
      "avg_return": -5.2753087479809585e-05,
      "median_return": 0.005,
      "compound_return": -0.024637832236197643,
      "max_drawdown": -0.12417599839811244,
      "profit_factor": 0.9858409161477671,
      "windows": 10
    },
    {
      "entry_policy": "vwap_low",
      "feature_group": "reversal_fundamental_regime",
      "model_name": "xgb_d4_500_lr002_mcw5",
      "target_hit_bps": 50.0,
      "trades": 196,
      "win_rate": 0.7551020408163265,
      "avg_return": -7.569106039358459e-05,
      "median_return": 0.005,
      "compound_return": -0.026012481151021838,
      "max_drawdown": -0.14177719683700163,
      "profit_factor": 0.9801572333976623,
      "windows": 10
    },
    {
      "entry_policy": "vwap_low",
      "feature_group": "reversal_fundamental_regime_sector",
      "model_name": "xgb_d3_400_lr003_mcw3",
      "target_hit_bps": 50.0,
      "trades": 169,
      "win_rate": 0.7455621301775148,
      "avg_return": -9.71766251022127e-05,
      "median_return": 0.005,
      "compound_return": -0.026143161008076454,
      "max_drawdown": -0.10638187608306704,
      "profit_factor": 0.9741799284096964,
      "windows": 10
    },
    {
      "entry_policy": "vwap_low",
      "feature_group": "reversal_fundamental_regime",
      "model_name": "xgb_d3_600_lr002_mcw3",
      "target_hit_bps": 50.0,
      "trades": 214,
      "win_rate": 0.7383177570093458,
      "avg_return": -8.717867041947758e-05,
      "median_return": 0.005,
      "compound_return": -0.030095567751806107,
      "max_drawdown": -0.11093785689570512,
      "profit_factor": 0.9768333128823538,
      "windows": 10
    },
    {
      "entry_policy": "vwap_low",
      "feature_group": "reversal_fundamental_regime",
      "model_name": "xgb_d2_200_lr003_mcw5",
      "target_hit_bps": 50.0,
      "trades": 204,
      "win_rate": 0.75,
      "avg_return": -0.00012366186589293405,
      "median_return": 0.005,
      "compound_return": -0.03672479971956799,
      "max_drawdown": -0.1166650554929366,
      "profit_factor": 0.9677833003772529,
      "windows": 10
    },
    {
      "entry_policy": "vwap_low",
      "feature_group": "all_no_ak",
      "model_name": "xgb_d2_200_lr003_mcw5",
      "target_hit_bps": 50.0,
      "trades": 203,
      "win_rate": 0.7438423645320197,
      "avg_return": -0.0001841583653453632,
      "median_return": 0.005,
      "compound_return": -0.04852339304578024,
      "max_drawdown": -0.10935802663058514,
      "profit_factor": 0.9526202580749759,
      "windows": 10
    },
    {
      "entry_policy": "vwap_low",
      "feature_group": "all_no_ak",
      "model_name": "xgb_d4_500_lr002_mcw5",
      "target_hit_bps": 50.0,
      "trades": 226,
      "win_rate": 0.7477876106194691,
      "avg_return": -0.00016419810584270296,
      "median_return": 0.005,
      "compound_return": -0.049307238071930715,
      "max_drawdown": -0.09841261372582266,
      "profit_factor": 0.957771290727688,
      "windows": 10
    },
    {
      "entry_policy": "vwap_low",
      "feature_group": "all_no_ak",
      "model_name": "xgb_d3_600_lr002_mcw3",
      "target_hit_bps": 50.0,
      "trades": 202,
      "win_rate": 0.7475247524752475,
      "avg_return": -0.00019165108761645084,
      "median_return": 0.005,
      "compound_return": -0.04997726316303386,
      "max_drawdown": -0.11363673367475335,
      "profit_factor": 0.9508968357983186,
      "windows": 10
    },
    {
      "entry_policy": "vwap_low",
      "feature_group": "all_no_ak",
      "model_name": "random_forest_600_d4",
      "target_hit_bps": 50.0,
      "trades": 253,
      "win_rate": 0.7391304347826086,
      "avg_return": -0.0001881335771181516,
      "median_return": 0.005,
      "compound_return": -0.061861017387145556,
      "max_drawdown": -0.11695282050768341,
      "profit_factor": 0.9509555201472462,
      "windows": 10
    },
    {
      "entry_policy": "vwap_low",
      "feature_group": "reversal_fundamental_regime",
      "model_name": "xgb_d3_400_lr003_mcw3",
      "target_hit_bps": 50.0,
      "trades": 189,
      "win_rate": 0.7354497354497355,
      "avg_return": -0.00033222699652846996,
      "median_return": 0.005,
      "compound_return": -0.07147018469375055,
      "max_drawdown": -0.13364334135143685,
      "profit_factor": 0.9167714085046094,
      "windows": 10
    },
    {
      "entry_policy": "vwap_low",
      "feature_group": "all_no_ak",
      "model_name": "xgb_d3_400_lr003_mcw3",
      "target_hit_bps": 50.0,
      "trades": 203,
      "win_rate": 0.7438423645320197,
      "avg_return": -0.00030708946066385296,
      "median_return": 0.005,
      "compound_return": -0.07230206059555788,
      "max_drawdown": -0.11412490013313337,
      "profit_factor": 0.9229286240843209,
      "windows": 10
    }
  ]
}

[2026-05-11T04:55:11] RUN search_vwap_low_hit_80bps
  /usr/bin/python3 model_training/search_walk_forward_model_complexity.py --samples /root/workspace/stock_realtime_v021_full/saved_data/002714_pipeline_out/04_external/hog/training_samples_with_hog_industry.csv --intraday-bars /root/workspace/stock_realtime_v021_full/saved_data/002714_pipeline_out/00_base/002714_5m.csv --out-dir /root/workspace/stock_realtime_v021_full/saved_data/002714_pipeline_out/10_search/search_vwap_low_hit_80bps --round-trip-cost-bps 1.7 --target-hit-bps 80.0 --label-mode hit --entry-policy vwap_low --entry-vwap-premium-bps 50.0 --max-missing 0.35 --groups reversal_fundamental_regime,reversal_fundamental_regime_sector,all_no_ak --models xgb_d2_200_lr003_mcw5,xgb_d3_400_lr003_mcw3,xgb_d3_600_lr002_mcw3,xgb_d4_500_lr002_mcw5,lgbm_leaves7_400,lgbm_leaves15_700,extra_trees_600_d3,random_forest_600_d4 --quantiles 0.5,0.6,0.7,0.8 --train-rows 756 --valid-rows 126 --test-rows 63 --min-valid-trades 8 --min-train-entries 80
{
  "rows": 1534,
  "target_hit_bps": 80.0,
  "label_mode": "hit",
  "entry_policy": "vwap_low",
  "entry_vwap_premium_bps": 50.0,
  "groups": {
    "reversal_fundamental_regime": 137,
    "reversal_fundamental_regime_sector": 160,
    "all_no_ak": 244
  },
  "models": [
    "xgb_d2_200_lr003_mcw5",
    "xgb_d3_400_lr003_mcw3",
    "xgb_d3_600_lr002_mcw3",
    "xgb_d4_500_lr002_mcw5",
    "extra_trees_600_d3",
    "random_forest_600_d4",
    "lgbm_leaves7_400",
    "lgbm_leaves15_700"
  ],
  "top": [
    {
      "entry_policy": "vwap_low",
      "feature_group": "reversal_fundamental_regime",
      "model_name": "xgb_d3_400_lr003_mcw3",
      "target_hit_bps": 80.0,
      "trades": 268,
      "win_rate": 0.6529850746268657,
      "avg_return": 0.0004551968086224276,
      "median_return": 0.008,
      "compound_return": 0.10658222788140326,
      "max_drawdown": -0.13216753906380885,
      "profit_factor": 1.0993647317912782,
      "windows": 10
    },
    {
      "entry_policy": "vwap_low",
      "feature_group": "all_no_ak",
      "model_name": "extra_trees_600_d3",
      "target_hit_bps": 80.0,
      "trades": 271,
      "win_rate": 0.6309963099630996,
      "avg_return": 0.00019267957443259542,
      "median_return": 0.008,
      "compound_return": 0.033682074253899685,
      "max_drawdown": -0.20987119680625,
      "profit_factor": 1.0414679007953376,
      "windows": 10
    },
    {
      "entry_policy": "vwap_low",
      "feature_group": "reversal_fundamental_regime_sector",
      "model_name": "random_forest_600_d4",
      "target_hit_bps": 80.0,
      "trades": 202,
      "win_rate": 0.6633663366336634,
      "avg_return": 0.00021325600018483546,
      "median_return": 0.008,
      "compound_return": 0.025073033438714587,
      "max_drawdown": -0.20720069730869162,
      "profit_factor": 1.0433367099143622,
      "windows": 10
    },
    {
      "entry_policy": "vwap_low",
      "feature_group": "all_no_ak",
      "model_name": "random_forest_600_d4",
      "target_hit_bps": 80.0,
      "trades": 214,
      "win_rate": 0.6448598130841121,
      "avg_return": 0.00011827394663289953,
      "median_return": 0.008,
      "compound_return": 0.006858989767798862,
      "max_drawdown": -0.20576788500830778,
      "profit_factor": 1.0241628844955784,
      "windows": 10
    },
    {
      "entry_policy": "vwap_low",
      "feature_group": "reversal_fundamental_regime_sector",
      "model_name": "extra_trees_600_d3",
      "target_hit_bps": 80.0,
      "trades": 255,
      "win_rate": 0.6431372549019608,
      "avg_return": 5.979248957346425e-05,
      "median_return": 0.008,
      "compound_return": -0.006164529288917531,
      "max_drawdown": -0.21152070174626758,
      "profit_factor": 1.0122242068566711,
      "windows": 10
    },
    {
      "entry_policy": "vwap_low",
      "feature_group": "reversal_fundamental_regime",
      "model_name": "extra_trees_600_d3",
      "target_hit_bps": 80.0,
      "trades": 245,
      "win_rate": 0.6408163265306123,
      "avg_return": 5.239587822238674e-05,
      "median_return": 0.008,
      "compound_return": -0.008031811023741842,
      "max_drawdown": -0.20043729568616042,
      "profit_factor": 1.0107313643917888,
      "windows": 10
    },
    {
      "entry_policy": "vwap_low",
      "feature_group": "reversal_fundamental_regime",
      "model_name": "random_forest_600_d4",
      "target_hit_bps": 80.0,
      "trades": 208,
      "win_rate": 0.6586538461538461,
      "avg_return": -1.151181100144913e-05,
      "median_return": 0.008,
      "compound_return": -0.022018360266083947,
      "max_drawdown": -0.22250721127861173,
      "profit_factor": 0.9977585537098661,
      "windows": 10
    },
    {
      "entry_policy": "vwap_low",
      "feature_group": "reversal_fundamental_regime_sector",
      "model_name": "xgb_d2_200_lr003_mcw5",
      "target_hit_bps": 80.0,
      "trades": 198,
      "win_rate": 0.6363636363636364,
      "avg_return": -7.139976755183502e-05,
      "median_return": 0.008,
      "compound_return": -0.028994120142961988,
      "max_drawdown": -0.16990704058971018,
      "profit_factor": 0.9854582769878528,
      "windows": 10
    },
    {
      "entry_policy": "vwap_low",
      "feature_group": "reversal_fundamental_regime",
      "model_name": "xgb_d2_200_lr003_mcw5",
      "target_hit_bps": 80.0,
      "trades": 206,
      "win_rate": 0.6407766990291263,
      "avg_return": -6.835152929901131e-05,
      "median_return": 0.008,
      "compound_return": -0.03141412501873719,
      "max_drawdown": -0.18115254144591864,
      "profit_factor": 0.9864460570080199,
      "windows": 10
    },
    {
      "entry_policy": "vwap_low",
      "feature_group": "reversal_fundamental_regime_sector",
      "model_name": "xgb_d3_600_lr002_mcw3",
      "target_hit_bps": 80.0,
      "trades": 169,
      "win_rate": 0.621301775147929,
      "avg_return": -0.0002487387746763655,
      "median_return": 0.008,
      "compound_return": -0.052207333760657226,
      "max_drawdown": -0.15480885901688846,
      "profit_factor": 0.9499949398912504,
      "windows": 10
    },
    {
      "entry_policy": "vwap_low",
      "feature_group": "all_no_ak",
      "model_name": "xgb_d4_500_lr002_mcw5",
      "target_hit_bps": 80.0,
      "trades": 184,
      "win_rate": 0.625,
      "avg_return": -0.00033485161066777367,
      "median_return": 0.008,
      "compound_return": -0.07376796017523557,
      "max_drawdown": -0.2350265956756551,
      "profit_factor": 0.9355344622300629,
      "windows": 10
    },
    {
      "entry_policy": "vwap_low",
      "feature_group": "reversal_fundamental_regime",
      "model_name": "xgb_d3_600_lr002_mcw3",
      "target_hit_bps": 80.0,
      "trades": 220,
      "win_rate": 0.6227272727272727,
      "avg_return": -0.0002879840467187086,
      "median_return": 0.008,
      "compound_return": -0.07884386626767648,
      "max_drawdown": -0.16760992898469085,
      "profit_factor": 0.9436800731209942,
      "windows": 10
    },
    {
      "entry_policy": "vwap_low",
      "feature_group": "reversal_fundamental_regime_sector",
      "model_name": "lgbm_leaves7_400",
      "target_hit_bps": 80.0,
      "trades": 241,
      "win_rate": 0.6182572614107884,
      "avg_return": -0.00028128819749026344,
      "median_return": 0.008,
      "compound_return": -0.08225350525648645,
      "max_drawdown": -0.15336602764350205,
      "profit_factor": 0.9431774261393379,
      "windows": 10
    },
    {
      "entry_policy": "vwap_low",
      "feature_group": "all_no_ak",
      "model_name": "xgb_d3_400_lr003_mcw3",
      "target_hit_bps": 80.0,
      "trades": 223,
      "win_rate": 0.6636771300448431,
      "avg_return": -0.0002917317762461821,
      "median_return": 0.008,
      "compound_return": -0.08271387800938323,
      "max_drawdown": -0.25957423938557256,
      "profit_factor": 0.9455249476030139,
      "windows": 10
    },
    {
      "entry_policy": "vwap_low",
      "feature_group": "reversal_fundamental_regime",
      "model_name": "lgbm_leaves7_400",
      "target_hit_bps": 80.0,
      "trades": 202,
      "win_rate": 0.6188118811881188,
      "avg_return": -0.0004001078388811185,
      "median_return": 0.008,
      "compound_return": -0.09210628956730804,
      "max_drawdown": -0.16868368282700408,
      "profit_factor": 0.92153506899939,
      "windows": 10
    },
    {
      "entry_policy": "vwap_low",
      "feature_group": "all_no_ak",
      "model_name": "xgb_d3_600_lr002_mcw3",
      "target_hit_bps": 80.0,
      "trades": 200,
      "win_rate": 0.64,
      "avg_return": -0.0004544336450337286,
      "median_return": 0.008,
      "compound_return": -0.10360219156175321,
      "max_drawdown": -0.2362714182325314,
      "profit_factor": 0.9144637253500046,
      "windows": 10
    },
    {
      "entry_policy": "vwap_low",
      "feature_group": "reversal_fundamental_regime",
      "model_name": "lgbm_leaves15_700",
      "target_hit_bps": 80.0,
      "trades": 224,
      "win_rate": 0.6026785714285714,
      "avg_return": -0.00042358519106631997,
      "median_return": 0.008,
      "compound_return": -0.10573216336463209,
      "max_drawdown": -0.16558410901728182,
      "profit_factor": 0.9165191508727836,
      "windows": 10
    },
    {
      "entry_policy": "vwap_low",
      "feature_group": "reversal_fundamental_regime_sector",
      "model_name": "xgb_d4_500_lr002_mcw5",
      "target_hit_bps": 80.0,
      "trades": 181,
      "win_rate": 0.6077348066298343,
      "avg_return": -0.0008114964456212148,
      "median_return": 0.008,
      "compound_return": -0.14943223462360866,
      "max_drawdown": -0.25033715636604525,
      "profit_factor": 0.8523851055113624,
      "windows": 10
    },
    {
      "entry_policy": "vwap_low",
      "feature_group": "all_no_ak",
      "model_name": "lgbm_leaves7_400",
      "target_hit_bps": 80.0,
      "trades": 234,
      "win_rate": 0.6196581196581197,
      "avg_return": -0.0008255583872202523,
      "median_return": 0.008,
      "compound_return": -0.19274844884655695,
      "max_drawdown": -0.25610907181843534,
      "profit_factor": 0.8520440551378817,
      "windows": 10
    },
    {
      "entry_policy": "vwap_low",
      "feature_group": "reversal_fundamental_regime_sector",
      "model_name": "lgbm_leaves15_700",
      "target_hit_bps": 80.0,
      "trades": 233,
      "win_rate": 0.5965665236051502,
      "avg_return": -0.0008603141184160413,
      "median_return": 0.008,
      "compound_return": -0.19818949893813398,
      "max_drawdown": -0.21086614518193147,
      "profit_factor": 0.8403778448293726,
      "windows": 10
    }
  ]
}

[2026-05-11T05:03:59] RUN search_vwap_low_close_profit_50bps
  /usr/bin/python3 model_training/search_walk_forward_model_complexity.py --samples /root/workspace/stock_realtime_v021_full/saved_data/002714_pipeline_out/04_external/hog/training_samples_with_hog_industry.csv --intraday-bars /root/workspace/stock_realtime_v021_full/saved_data/002714_pipeline_out/00_base/002714_5m.csv --out-dir /root/workspace/stock_realtime_v021_full/saved_data/002714_pipeline_out/10_search/search_vwap_low_close_profit_50bps --round-trip-cost-bps 1.7 --target-hit-bps 50.0 --label-mode close_profit --entry-policy vwap_low --entry-vwap-premium-bps 50.0 --max-missing 0.35 --groups reversal_fundamental_regime,reversal_fundamental_regime_sector,all_no_ak --models xgb_d2_200_lr003_mcw5,xgb_d3_400_lr003_mcw3,xgb_d3_600_lr002_mcw3,xgb_d4_500_lr002_mcw5,lgbm_leaves7_400,lgbm_leaves15_700,extra_trees_600_d3,random_forest_600_d4 --quantiles 0.5,0.6,0.7,0.8 --train-rows 756 --valid-rows 126 --test-rows 63 --min-valid-trades 8 --min-train-entries 80
{
  "rows": 1534,
  "target_hit_bps": 50.0,
  "label_mode": "close_profit",
  "entry_policy": "vwap_low",
  "entry_vwap_premium_bps": 50.0,
  "groups": {
    "reversal_fundamental_regime": 137,
    "reversal_fundamental_regime_sector": 160,
    "all_no_ak": 244
  },
  "models": [
    "xgb_d2_200_lr003_mcw5",
    "xgb_d3_400_lr003_mcw3",
    "xgb_d3_600_lr002_mcw3",
    "xgb_d4_500_lr002_mcw5",
    "extra_trees_600_d3",
    "random_forest_600_d4",
    "lgbm_leaves7_400",
    "lgbm_leaves15_700"
  ],
  "top": [
    {
      "entry_policy": "vwap_low",
      "feature_group": "reversal_fundamental_regime_sector",
      "model_name": "random_forest_600_d4",
      "target_hit_bps": 50.0,
      "trades": 125,
      "win_rate": 0.48,
      "avg_return": 0.003197912982433739,
      "median_return": -0.00016999999999999999,
      "compound_return": 0.44778607346613697,
      "max_drawdown": -0.11493262433060725,
      "profit_factor": 1.534120280449723,
      "windows": 10
    },
    {
      "entry_policy": "vwap_low",
      "feature_group": "reversal_fundamental_regime_sector",
      "model_name": "extra_trees_600_d3",
      "target_hit_bps": 50.0,
      "trades": 150,
      "win_rate": 0.52,
      "avg_return": 0.0024093680726997866,
      "median_return": 0.00045438128437380945,
      "compound_return": 0.3768367466324345,
      "max_drawdown": -0.17404784613411528,
      "profit_factor": 1.3535470988114169,
      "windows": 10
    },
    {
      "entry_policy": "vwap_low",
      "feature_group": "all_no_ak",
      "model_name": "extra_trees_600_d3",
      "target_hit_bps": 50.0,
      "trades": 135,
      "win_rate": 0.5037037037037037,
      "avg_return": 0.0025435522015373573,
      "median_return": 3.533880903483849e-05,
      "compound_return": 0.3544007640767568,
      "max_drawdown": -0.15726849761089845,
      "profit_factor": 1.3652777805975946,
      "windows": 10
    },
    {
      "entry_policy": "vwap_low",
      "feature_group": "reversal_fundamental_regime_sector",
      "model_name": "lgbm_leaves7_400",
      "target_hit_bps": 50.0,
      "trades": 183,
      "win_rate": 0.46994535519125685,
      "avg_return": 0.0017631658862277376,
      "median_return": -0.0017252099533437946,
      "compound_return": 0.3286227240853361,
      "max_drawdown": -0.16363302222503884,
      "profit_factor": 1.2849550777805792,
      "windows": 10
    },
    {
      "entry_policy": "vwap_low",
      "feature_group": "reversal_fundamental_regime_sector",
      "model_name": "xgb_d4_500_lr002_mcw5",
      "target_hit_bps": 50.0,
      "trades": 188,
      "win_rate": 0.48936170212765956,
      "avg_return": 0.0014774387455736885,
      "median_return": -0.0011158232780570897,
      "compound_return": 0.2754157029627855,
      "max_drawdown": -0.1692005796850563,
      "profit_factor": 1.2416888804346295,
      "windows": 10
    },
    {
      "entry_policy": "vwap_low",
      "feature_group": "all_no_ak",
      "model_name": "lgbm_leaves7_400",
      "target_hit_bps": 50.0,
      "trades": 176,
      "win_rate": 0.45454545454545453,
      "avg_return": 0.0014349308615070001,
      "median_return": -0.0011158232780570897,
      "compound_return": 0.23478988099999687,
      "max_drawdown": -0.1772015629332917,
      "profit_factor": 1.2111594314404146,
      "windows": 10
    },
    {
      "entry_policy": "vwap_low",
      "feature_group": "all_no_ak",
      "model_name": "xgb_d2_200_lr003_mcw5",
      "target_hit_bps": 50.0,
      "trades": 191,
      "win_rate": 0.5078534031413613,
      "avg_return": 0.0013140804402429125,
      "median_return": 9.062027625739505e-05,
      "compound_return": 0.2284063530797864,
      "max_drawdown": -0.23275697341910428,
      "profit_factor": 1.1934495497271518,
      "windows": 10
    },
    {
      "entry_policy": "vwap_low",
      "feature_group": "all_no_ak",
      "model_name": "lgbm_leaves15_700",
      "target_hit_bps": 50.0,
      "trades": 205,
      "win_rate": 0.47804878048780486,
      "avg_return": 0.0010674660070066095,
      "median_return": -0.0004324671916009458,
      "compound_return": 0.19109546725834736,
      "max_drawdown": -0.21145507511641537,
      "profit_factor": 1.167144378731106,
      "windows": 10
    },
    {
      "entry_policy": "vwap_low",
      "feature_group": "all_no_ak",
      "model_name": "xgb_d4_500_lr002_mcw5",
      "target_hit_bps": 50.0,
      "trades": 149,
      "win_rate": 0.4697986577181208,
      "avg_return": 0.001280631963149411,
      "median_return": -0.000902421875,
      "compound_return": 0.1732802072336539,
      "max_drawdown": -0.16495353407019908,
      "profit_factor": 1.203384034551269,
      "windows": 10
    },
    {
      "entry_policy": "vwap_low",
      "feature_group": "reversal_fundamental_regime",
      "model_name": "xgb_d4_500_lr002_mcw5",
      "target_hit_bps": 50.0,
      "trades": 226,
      "win_rate": 0.48672566371681414,
      "avg_return": 0.0008788473135594519,
      "median_return": -0.0006720569909340855,
      "compound_return": 0.17163394322686432,
      "max_drawdown": -0.19170769676514032,
      "profit_factor": 1.1436098495179983,
      "windows": 10
    },
    {
      "entry_policy": "vwap_low",
      "feature_group": "reversal_fundamental_regime",
      "model_name": "extra_trees_600_d3",
      "target_hit_bps": 50.0,
      "trades": 182,
      "win_rate": 0.5,
      "avg_return": 0.0010798839588271976,
      "median_return": -6.733059548258075e-05,
      "compound_return": 0.17084935607313678,
      "max_drawdown": -0.17452647374901165,
      "profit_factor": 1.1683121788728026,
      "windows": 10
    },
    {
      "entry_policy": "vwap_low",
      "feature_group": "reversal_fundamental_regime",
      "model_name": "random_forest_600_d4",
      "target_hit_bps": 50.0,
      "trades": 157,
      "win_rate": 0.4713375796178344,
      "avg_return": 0.0011902062076261587,
      "median_return": -0.000902421875,
      "compound_return": 0.16271061423973943,
      "max_drawdown": -0.15760944429056112,
      "profit_factor": 1.1764304148612206,
      "windows": 10
    },
    {
      "entry_policy": "vwap_low",
      "feature_group": "reversal_fundamental_regime_sector",
      "model_name": "xgb_d2_200_lr003_mcw5",
      "target_hit_bps": 50.0,
      "trades": 153,
      "win_rate": 0.48366013071895425,
      "avg_return": 0.0011182384649457977,
      "median_return": -0.0006645598417408492,
      "compound_return": 0.15364327127621014,
      "max_drawdown": -0.17090997273041542,
      "profit_factor": 1.180696850388625,
      "windows": 10
    },
    {
      "entry_policy": "vwap_low",
      "feature_group": "all_no_ak",
      "model_name": "xgb_d3_400_lr003_mcw3",
      "target_hit_bps": 50.0,
      "trades": 184,
      "win_rate": 0.4782608695652174,
      "avg_return": 0.0009804783272459683,
      "median_return": -0.0005214465875370521,
      "compound_return": 0.14694189619644482,
      "max_drawdown": -0.2371946025884829,
      "profit_factor": 1.1472870736437986,
      "windows": 10
    },
    {
      "entry_policy": "vwap_low",
      "feature_group": "all_no_ak",
      "model_name": "random_forest_600_d4",
      "target_hit_bps": 50.0,
      "trades": 169,
      "win_rate": 0.47337278106508873,
      "avg_return": 0.0009613225193635788,
      "median_return": -0.0010065867261573845,
      "compound_return": 0.12788517123869592,
      "max_drawdown": -0.15531057335801102,
      "profit_factor": 1.1331453596151744,
      "windows": 10
    },
    {
      "entry_policy": "vwap_low",
      "feature_group": "reversal_fundamental_regime",
      "model_name": "xgb_d2_200_lr003_mcw5",
      "target_hit_bps": 50.0,
      "trades": 143,
      "win_rate": 0.4825174825174825,
      "avg_return": 0.0007505429609205045,
      "median_return": -0.0010024084350720407,
      "compound_return": 0.07915845778736008,
      "max_drawdown": -0.17666729950456772,
      "profit_factor": 1.1094550714587617,
      "windows": 10
    },
    {
      "entry_policy": "vwap_low",
      "feature_group": "reversal_fundamental_regime",
      "model_name": "lgbm_leaves7_400",
      "target_hit_bps": 50.0,
      "trades": 249,
      "win_rate": 0.46184738955823296,
      "avg_return": 0.00045242493818392534,
      "median_return": -0.0009118397626114404,
      "compound_return": 0.07445844314170014,
      "max_drawdown": -0.1888070240798806,
      "profit_factor": 1.074606413701161,
      "windows": 10
    },
    {
      "entry_policy": "vwap_low",
      "feature_group": "reversal_fundamental_regime_sector",
      "model_name": "xgb_d3_600_lr002_mcw3",
      "target_hit_bps": 50.0,
      "trades": 157,
      "win_rate": 0.46496815286624205,
      "avg_return": 0.0006386268053079722,
      "median_return": -0.003000188679245338,
      "compound_return": 0.07226202840753748,
      "max_drawdown": -0.21962644497804273,
      "profit_factor": 1.0936155030550643,
      "windows": 10
    },
    {
      "entry_policy": "vwap_low",
      "feature_group": "reversal_fundamental_regime_sector",
      "model_name": "xgb_d3_400_lr003_mcw3",
      "target_hit_bps": 50.0,
      "trades": 193,
      "win_rate": 0.48186528497409326,
      "avg_return": 0.0004593353940195976,
      "median_return": -0.0010210638297873907,
      "compound_return": 0.05405274562596074,
      "max_drawdown": -0.2216005194529972,
      "profit_factor": 1.0689348137825756,
      "windows": 10
    },
    {
      "entry_policy": "vwap_low",
      "feature_group": "reversal_fundamental_regime",
      "model_name": "xgb_d3_400_lr003_mcw3",
      "target_hit_bps": 50.0,
      "trades": 179,
      "win_rate": 0.4692737430167598,
      "avg_return": 0.0003219287421360074,
      "median_return": -0.0007131830526887449,
      "compound_return": 0.024683944765507393,
      "max_drawdown": -0.19207193608584194,
      "profit_factor": 1.048515663383195,
      "windows": 10
    }
  ]
}

[2026-05-11T05:12:07] RUN search_all_days_hit_50bps
  /usr/bin/python3 model_training/search_walk_forward_model_complexity.py --samples /root/workspace/stock_realtime_v021_full/saved_data/002714_pipeline_out/04_external/hog/training_samples_with_hog_industry.csv --intraday-bars /root/workspace/stock_realtime_v021_full/saved_data/002714_pipeline_out/00_base/002714_5m.csv --out-dir /root/workspace/stock_realtime_v021_full/saved_data/002714_pipeline_out/10_search/search_all_days_hit_50bps --round-trip-cost-bps 1.7 --target-hit-bps 50.0 --label-mode hit --entry-policy all_days --entry-vwap-premium-bps 50.0 --max-missing 0.35 --groups reversal_fundamental_regime,reversal_fundamental_regime_sector,all_no_ak --models xgb_d2_200_lr003_mcw5,xgb_d3_400_lr003_mcw3,xgb_d3_600_lr002_mcw3,xgb_d4_500_lr002_mcw5,lgbm_leaves7_400,lgbm_leaves15_700,extra_trees_600_d3,random_forest_600_d4 --quantiles 0.5,0.6,0.7,0.8 --train-rows 756 --valid-rows 126 --test-rows 63 --min-valid-trades 8 --min-train-entries 80
{
  "rows": 1534,
  "target_hit_bps": 50.0,
  "label_mode": "hit",
  "entry_policy": "all_days",
  "entry_vwap_premium_bps": 50.0,
  "groups": {
    "reversal_fundamental_regime": 137,
    "reversal_fundamental_regime_sector": 160,
    "all_no_ak": 244
  },
  "models": [
    "xgb_d2_200_lr003_mcw5",
    "xgb_d3_400_lr003_mcw3",
    "xgb_d3_600_lr002_mcw3",
    "xgb_d4_500_lr002_mcw5",
    "extra_trees_600_d3",
    "random_forest_600_d4",
    "lgbm_leaves7_400",
    "lgbm_leaves15_700"
  ],
  "top": [
    {
      "entry_policy": "all_days",
      "feature_group": "reversal_fundamental_regime_sector",
      "model_name": "xgb_d4_500_lr002_mcw5",
      "target_hit_bps": 50.0,
      "trades": 216,
      "win_rate": 0.7638888888888888,
      "avg_return": 0.0005069198133377981,
      "median_return": 0.005,
      "compound_return": 0.10552578368227339,
      "max_drawdown": -0.08440113555740059,
      "profit_factor": 1.1552824833452329,
      "windows": 10
    },
    {
      "entry_policy": "all_days",
      "feature_group": "reversal_fundamental_regime_sector",
      "model_name": "lgbm_leaves7_400",
      "target_hit_bps": 50.0,
      "trades": 272,
      "win_rate": 0.7536764705882353,
      "avg_return": 0.0003078274823799235,
      "median_return": 0.005,
      "compound_return": 0.07193483750345142,
      "max_drawdown": -0.08826617852965535,
      "profit_factor": 1.0905997204360416,
      "windows": 10
    },
    {
      "entry_policy": "all_days",
      "feature_group": "reversal_fundamental_regime_sector",
      "model_name": "extra_trees_600_d3",
      "target_hit_bps": 50.0,
      "trades": 288,
      "win_rate": 0.75,
      "avg_return": 0.00022168759691882053,
      "median_return": 0.005,
      "compound_return": 0.04814801968193416,
      "max_drawdown": -0.2011258371636817,
      "profit_factor": 1.0639149828126373,
      "windows": 10
    },
    {
      "entry_policy": "all_days",
      "feature_group": "reversal_fundamental_regime",
      "model_name": "random_forest_600_d4",
      "target_hit_bps": 50.0,
      "trades": 247,
      "win_rate": 0.7773279352226721,
      "avg_return": 0.00021086975564865875,
      "median_return": 0.005,
      "compound_return": 0.03715658414575573,
      "max_drawdown": -0.14035562010078695,
      "profit_factor": 1.0578251371894654,
      "windows": 10
    },
    {
      "entry_policy": "all_days",
      "feature_group": "all_no_ak",
      "model_name": "lgbm_leaves15_700",
      "target_hit_bps": 50.0,
      "trades": 178,
      "win_rate": 0.7415730337078652,
      "avg_return": 0.0001671307361301938,
      "median_return": 0.005,
      "compound_return": 0.022260462614685395,
      "max_drawdown": -0.08627383532552202,
      "profit_factor": 1.0473487608287793,
      "windows": 10
    },
    {
      "entry_policy": "all_days",
      "feature_group": "reversal_fundamental_regime",
      "model_name": "lgbm_leaves7_400",
      "target_hit_bps": 50.0,
      "trades": 196,
      "win_rate": 0.7602040816326531,
      "avg_return": 3.452986508621324e-05,
      "median_return": 0.005,
      "compound_return": -0.004576019548673926,
      "max_drawdown": -0.18430917731431273,
      "profit_factor": 1.0092094634957915,
      "windows": 10
    },
    {
      "entry_policy": "all_days",
      "feature_group": "reversal_fundamental_regime",
      "model_name": "xgb_d4_500_lr002_mcw5",
      "target_hit_bps": 50.0,
      "trades": 200,
      "win_rate": 0.76,
      "avg_return": 2.5822760814286986e-05,
      "median_return": 0.005,
      "compound_return": -0.006386145043713709,
      "max_drawdown": -0.14177719683700163,
      "profit_factor": 1.0069077121431147,
      "windows": 10
    },
    {
      "entry_policy": "all_days",
      "feature_group": "reversal_fundamental_regime",
      "model_name": "xgb_d3_600_lr002_mcw3",
      "target_hit_bps": 50.0,
      "trades": 223,
      "win_rate": 0.7443946188340808,
      "avg_return": 1.7986746928214263e-05,
      "median_return": 0.005,
      "compound_return": -0.008109036792043112,
      "max_drawdown": -0.11093785689570512,
      "profit_factor": 1.004875836967906,
      "windows": 10
    },
    {
      "entry_policy": "all_days",
      "feature_group": "all_no_ak",
      "model_name": "xgb_d3_600_lr002_mcw3",
      "target_hit_bps": 50.0,
      "trades": 198,
      "win_rate": 0.7525252525252525,
      "avg_return": -2.2993513129200434e-05,
      "median_return": 0.005,
      "compound_return": -0.015918056537345016,
      "max_drawdown": -0.09999532359984686,
      "profit_factor": 0.9938828232357679,
      "windows": 10
    },
    {
      "entry_policy": "all_days",
      "feature_group": "reversal_fundamental_regime",
      "model_name": "lgbm_leaves15_700",
      "target_hit_bps": 50.0,
      "trades": 234,
      "win_rate": 0.7435897435897436,
      "avg_return": -2.491747369690091e-05,
      "median_return": 0.005,
      "compound_return": -0.018615810100733654,
      "max_drawdown": -0.13432560250788672,
      "profit_factor": 0.9933171002288657,
      "windows": 10
    },
    {
      "entry_policy": "all_days",
      "feature_group": "reversal_fundamental_regime_sector",
      "model_name": "xgb_d2_200_lr003_mcw5",
      "target_hit_bps": 50.0,
      "trades": 274,
      "win_rate": 0.7591240875912408,
      "avg_return": -1.0481052430851493e-05,
      "median_return": 0.005,
      "compound_return": -0.021115200812616752,
      "max_drawdown": -0.14608268103025634,
      "profit_factor": 0.9971949954163796,
      "windows": 10
    },
    {
      "entry_policy": "all_days",
      "feature_group": "reversal_fundamental_regime_sector",
      "model_name": "xgb_d3_600_lr002_mcw3",
      "target_hit_bps": 50.0,
      "trades": 179,
      "win_rate": 0.7374301675977654,
      "avg_return": -9.61621545280614e-05,
      "median_return": 0.005,
      "compound_return": -0.025424803326144385,
      "max_drawdown": -0.10963511482987476,
      "profit_factor": 0.9743347112306125,
      "windows": 10
    },
    {
      "entry_policy": "all_days",
      "feature_group": "reversal_fundamental_regime",
      "model_name": "xgb_d2_200_lr003_mcw5",
      "target_hit_bps": 50.0,
      "trades": 203,
      "win_rate": 0.7487684729064039,
      "avg_return": -0.00014890157951802252,
      "median_return": 0.005,
      "compound_return": -0.04151721365131156,
      "max_drawdown": -0.1166650554929366,
      "profit_factor": 0.9613979447540631,
      "windows": 10
    },
    {
      "entry_policy": "all_days",
      "feature_group": "all_no_ak",
      "model_name": "xgb_d4_500_lr002_mcw5",
      "target_hit_bps": 50.0,
      "trades": 233,
      "win_rate": 0.7467811158798283,
      "avg_return": -0.00012799916494781211,
      "median_return": 0.005,
      "compound_return": -0.04251730686433508,
      "max_drawdown": -0.09649094271065106,
      "profit_factor": 0.9667320274844355,
      "windows": 10
    },
    {
      "entry_policy": "all_days",
      "feature_group": "reversal_fundamental_regime_sector",
      "model_name": "xgb_d3_400_lr003_mcw3",
      "target_hit_bps": 50.0,
      "trades": 176,
      "win_rate": 0.7443181818181818,
      "avg_return": -0.00023151524628690182,
      "median_return": 0.005,
      "compound_return": -0.05024570342323542,
      "max_drawdown": -0.1098719967001952,
      "profit_factor": 0.9405482129408282,
      "windows": 10
    },
    {
      "entry_policy": "all_days",
      "feature_group": "reversal_fundamental_regime",
      "model_name": "extra_trees_600_d3",
      "target_hit_bps": 50.0,
      "trades": 286,
      "win_rate": 0.7342657342657343,
      "avg_return": -0.00012773463902688017,
      "median_return": 0.005,
      "compound_return": -0.05202681210596749,
      "max_drawdown": -0.17416857964448595,
      "profit_factor": 0.9656848366623748,
      "windows": 10
    },
    {
      "entry_policy": "all_days",
      "feature_group": "reversal_fundamental_regime",
      "model_name": "xgb_d3_400_lr003_mcw3",
      "target_hit_bps": 50.0,
      "trades": 191,
      "win_rate": 0.7382198952879581,
      "avg_return": -0.00027639215886848584,
      "median_return": 0.005,
      "compound_return": -0.06216167329530531,
      "max_drawdown": -0.13364334135143685,
      "profit_factor": 0.9300262891304014,
      "windows": 10
    },
    {
      "entry_policy": "all_days",
      "feature_group": "all_no_ak",
      "model_name": "xgb_d3_400_lr003_mcw3",
      "target_hit_bps": 50.0,
      "trades": 208,
      "win_rate": 0.7451923076923077,
      "avg_return": -0.00035735708775837954,
      "median_return": 0.005,
      "compound_return": -0.08388460135971998,
      "max_drawdown": -0.12953758436514806,
      "profit_factor": 0.9116000655152335,
      "windows": 10
    },
    {
      "entry_policy": "all_days",
      "feature_group": "reversal_fundamental_regime_sector",
      "model_name": "lgbm_leaves15_700",
      "target_hit_bps": 50.0,
      "trades": 249,
      "win_rate": 0.7389558232931727,
      "avg_return": -0.000417726259621608,
      "median_return": 0.005,
      "compound_return": -0.11456226338707065,
      "max_drawdown": -0.19396181839961013,
      "profit_factor": 0.8977725031394762,
      "windows": 10
    },
    {
      "entry_policy": "all_days",
      "feature_group": "all_no_ak",
      "model_name": "xgb_d2_200_lr003_mcw5",
      "target_hit_bps": 50.0,
      "trades": 208,
      "win_rate": 0.7403846153846154,
      "avg_return": -0.0006754358716221926,
      "median_return": 0.005,
      "compound_return": -0.14558865985417324,
      "max_drawdown": -0.2004984448661793,
      "profit_factor": 0.8451277195727872,
      "windows": 10
    }
  ]
}

[2026-05-11T05:20:33] RUN search_all_days_hit_80bps
  /usr/bin/python3 model_training/search_walk_forward_model_complexity.py --samples /root/workspace/stock_realtime_v021_full/saved_data/002714_pipeline_out/04_external/hog/training_samples_with_hog_industry.csv --intraday-bars /root/workspace/stock_realtime_v021_full/saved_data/002714_pipeline_out/00_base/002714_5m.csv --out-dir /root/workspace/stock_realtime_v021_full/saved_data/002714_pipeline_out/10_search/search_all_days_hit_80bps --round-trip-cost-bps 1.7 --target-hit-bps 80.0 --label-mode hit --entry-policy all_days --entry-vwap-premium-bps 50.0 --max-missing 0.35 --groups reversal_fundamental_regime,reversal_fundamental_regime_sector,all_no_ak --models xgb_d2_200_lr003_mcw5,xgb_d3_400_lr003_mcw3,xgb_d3_600_lr002_mcw3,xgb_d4_500_lr002_mcw5,lgbm_leaves7_400,lgbm_leaves15_700,extra_trees_600_d3,random_forest_600_d4 --quantiles 0.5,0.6,0.7,0.8 --train-rows 756 --valid-rows 126 --test-rows 63 --min-valid-trades 8 --min-train-entries 80
{
  "rows": 1534,
  "target_hit_bps": 80.0,
  "label_mode": "hit",
  "entry_policy": "all_days",
  "entry_vwap_premium_bps": 50.0,
  "groups": {
    "reversal_fundamental_regime": 137,
    "reversal_fundamental_regime_sector": 160,
    "all_no_ak": 244
  },
  "models": [
    "xgb_d2_200_lr003_mcw5",
    "xgb_d3_400_lr003_mcw3",
    "xgb_d3_600_lr002_mcw3",
    "xgb_d4_500_lr002_mcw5",
    "extra_trees_600_d3",
    "random_forest_600_d4",
    "lgbm_leaves7_400",
    "lgbm_leaves15_700"
  ],
  "top": [
    {
      "entry_policy": "all_days",
      "feature_group": "reversal_fundamental_regime",
      "model_name": "xgb_d3_400_lr003_mcw3",
      "target_hit_bps": 80.0,
      "trades": 273,
      "win_rate": 0.6556776556776557,
      "avg_return": 0.0005005861712291962,
      "median_return": 0.008,
      "compound_return": 0.12261881062168078,
      "max_drawdown": -0.13216753906380885,
      "profit_factor": 1.109761840285004,
      "windows": 10
    },
    {
      "entry_policy": "all_days",
      "feature_group": "all_no_ak",
      "model_name": "random_forest_600_d4",
      "target_hit_bps": 80.0,
      "trades": 220,
      "win_rate": 0.65,
      "avg_return": 0.00020020550627405438,
      "median_return": 0.008,
      "compound_return": 0.025501378255449847,
      "max_drawdown": -0.21392149399278537,
      "profit_factor": 1.041211294452191,
      "windows": 10
    },
    {
      "entry_policy": "all_days",
      "feature_group": "reversal_fundamental_regime_sector",
      "model_name": "random_forest_600_d4",
      "target_hit_bps": 80.0,
      "trades": 210,
      "win_rate": 0.6666666666666666,
      "avg_return": 0.0001801008814247972,
      "median_return": 0.008,
      "compound_return": 0.018737472652576193,
      "max_drawdown": -0.21785238128093465,
      "profit_factor": 1.0361137239498908,
      "windows": 10
    },
    {
      "entry_policy": "all_days",
      "feature_group": "reversal_fundamental_regime",
      "model_name": "extra_trees_600_d3",
      "target_hit_bps": 80.0,
      "trades": 259,
      "win_rate": 0.6447876447876448,
      "avg_return": 0.00014040400461565666,
      "median_return": 0.008,
      "compound_return": 0.014782091295278965,
      "max_drawdown": -0.18854013348720455,
      "profit_factor": 1.029029362564697,
      "windows": 10
    },
    {
      "entry_policy": "all_days",
      "feature_group": "reversal_fundamental_regime",
      "model_name": "random_forest_600_d4",
      "target_hit_bps": 80.0,
      "trades": 215,
      "win_rate": 0.6651162790697674,
      "avg_return": 0.0001132099075002328,
      "median_return": 0.008,
      "compound_return": 0.004058067599360893,
      "max_drawdown": -0.20177652084712994,
      "profit_factor": 1.022340036663306,
      "windows": 10
    },
    {
      "entry_policy": "all_days",
      "feature_group": "reversal_fundamental_regime_sector",
      "model_name": "xgb_d2_200_lr003_mcw5",
      "target_hit_bps": 80.0,
      "trades": 198,
      "win_rate": 0.6414141414141414,
      "avg_return": -0.00014013974925794216,
      "median_return": 0.008,
      "compound_return": -0.04261737341257532,
      "max_drawdown": -0.16990704058971018,
      "profit_factor": 0.972078919009421,
      "windows": 10
    },
    {
      "entry_policy": "all_days",
      "feature_group": "reversal_fundamental_regime",
      "model_name": "xgb_d3_600_lr002_mcw3",
      "target_hit_bps": 80.0,
      "trades": 223,
      "win_rate": 0.6278026905829597,
      "avg_return": -0.0001764865034893089,
      "median_return": 0.008,
      "compound_return": -0.056558785448483695,
      "max_drawdown": -0.16760992898469085,
      "profit_factor": 0.9650145605454503,
      "windows": 10
    },
    {
      "entry_policy": "all_days",
      "feature_group": "all_no_ak",
      "model_name": "xgb_d4_500_lr002_mcw5",
      "target_hit_bps": 80.0,
      "trades": 194,
      "win_rate": 0.634020618556701,
      "avg_return": -0.00024194087663448986,
      "median_return": 0.008,
      "compound_return": -0.060947449906502804,
      "max_drawdown": -0.2305934116155216,
      "profit_factor": 0.9533002418943851,
      "windows": 10
    },
    {
      "entry_policy": "all_days",
      "feature_group": "reversal_fundamental_regime_sector",
      "model_name": "xgb_d3_600_lr002_mcw3",
      "target_hit_bps": 80.0,
      "trades": 175,
      "win_rate": 0.6228571428571429,
      "avg_return": -0.000339203923568723,
      "median_return": 0.008,
      "compound_return": -0.0692322822598549,
      "max_drawdown": -0.17657817808258724,
      "profit_factor": 0.9333007869008982,
      "windows": 10
    },
    {
      "entry_policy": "all_days",
      "feature_group": "reversal_fundamental_regime",
      "model_name": "lgbm_leaves7_400",
      "target_hit_bps": 80.0,
      "trades": 210,
      "win_rate": 0.6238095238095238,
      "avg_return": -0.0002776142146567532,
      "median_return": 0.008,
      "compound_return": -0.07177532389224317,
      "max_drawdown": -0.16203315228962012,
      "profit_factor": 0.9447672195614111,
      "windows": 10
    },
    {
      "entry_policy": "all_days",
      "feature_group": "all_no_ak",
      "model_name": "xgb_d3_400_lr003_mcw3",
      "target_hit_bps": 80.0,
      "trades": 232,
      "win_rate": 0.6681034482758621,
      "avg_return": -0.0002516380164099973,
      "median_return": 0.008,
      "compound_return": -0.0773980092594353,
      "max_drawdown": -0.2611937640448184,
      "profit_factor": 0.9530541940752256,
      "windows": 10
    },
    {
      "entry_policy": "all_days",
      "feature_group": "reversal_fundamental_regime_sector",
      "model_name": "lgbm_leaves7_400",
      "target_hit_bps": 80.0,
      "trades": 242,
      "win_rate": 0.6157024793388429,
      "avg_return": -0.00030314139877237167,
      "median_return": 0.008,
      "compound_return": -0.08706685527760472,
      "max_drawdown": -0.1644904864415926,
      "profit_factor": 0.938794545781944,
      "windows": 10
    },
    {
      "entry_policy": "all_days",
      "feature_group": "all_no_ak",
      "model_name": "xgb_d3_600_lr002_mcw3",
      "target_hit_bps": 80.0,
      "trades": 212,
      "win_rate": 0.6462264150943396,
      "avg_return": -0.00036016530363046557,
      "median_return": 0.008,
      "compound_return": -0.09138515374081357,
      "max_drawdown": -0.23200648219370312,
      "profit_factor": 0.931827082199825,
      "windows": 10
    },
    {
      "entry_policy": "all_days",
      "feature_group": "all_no_ak",
      "model_name": "extra_trees_600_d3",
      "target_hit_bps": 80.0,
      "trades": 294,
      "win_rate": 0.6292517006802721,
      "avg_return": -0.00024545561361985735,
      "median_return": 0.008,
      "compound_return": -0.09296252327858823,
      "max_drawdown": -0.31217871972361033,
      "profit_factor": 0.9517483543514308,
      "windows": 10
    },
    {
      "entry_policy": "all_days",
      "feature_group": "reversal_fundamental_regime_sector",
      "model_name": "extra_trees_600_d3",
      "target_hit_bps": 80.0,
      "trades": 265,
      "win_rate": 0.6415094339622641,
      "avg_return": -0.00027973331525090475,
      "median_return": 0.008,
      "compound_return": -0.09529300838512944,
      "max_drawdown": -0.28223256776763384,
      "profit_factor": 0.9464639787262141,
      "windows": 10
    },
    {
      "entry_policy": "all_days",
      "feature_group": "reversal_fundamental_regime",
      "model_name": "lgbm_leaves15_700",
      "target_hit_bps": 80.0,
      "trades": 228,
      "win_rate": 0.6052631578947368,
      "avg_return": -0.0003869114156319984,
      "median_return": 0.008,
      "compound_return": -0.09997265819170387,
      "max_drawdown": -0.1602100785047118,
      "profit_factor": 0.9235510474415287,
      "windows": 10
    },
    {
      "entry_policy": "all_days",
      "feature_group": "reversal_fundamental_regime",
      "model_name": "xgb_d2_200_lr003_mcw5",
      "target_hit_bps": 80.0,
      "trades": 231,
      "win_rate": 0.6363636363636364,
      "avg_return": -0.0005091662373227036,
      "median_return": 0.008,
      "compound_return": -0.13002110014796064,
      "max_drawdown": -0.20531744300936872,
      "profit_factor": 0.9068288249020527,
      "windows": 10
    },
    {
      "entry_policy": "all_days",
      "feature_group": "reversal_fundamental_regime_sector",
      "model_name": "xgb_d4_500_lr002_mcw5",
      "target_hit_bps": 80.0,
      "trades": 187,
      "win_rate": 0.6096256684491979,
      "avg_return": -0.0008780999484580783,
      "median_return": 0.008,
      "compound_return": -0.16471075799314183,
      "max_drawdown": -0.26964598349807534,
      "profit_factor": 0.8427687031041142,
      "windows": 10
    },
    {
      "entry_policy": "all_days",
      "feature_group": "all_no_ak",
      "model_name": "lgbm_leaves7_400",
      "target_hit_bps": 80.0,
      "trades": 243,
      "win_rate": 0.6255144032921811,
      "avg_return": -0.0007675082152829621,
      "median_return": 0.008,
      "compound_return": -0.18807025390688936,
      "max_drawdown": -0.25773617579842045,
      "profit_factor": 0.8623570088889938,
      "windows": 10
    },
    {
      "entry_policy": "all_days",
      "feature_group": "reversal_fundamental_regime",
      "model_name": "xgb_d4_500_lr002_mcw5",
      "target_hit_bps": 80.0,
      "trades": 183,
      "win_rate": 0.5846994535519126,
      "avg_return": -0.0011206208211595335,
      "median_return": 0.008,
      "compound_return": -0.19820975228899873,
      "max_drawdown": -0.22002882782093658,
      "profit_factor": 0.8029908327188525,
      "windows": 10
    }
  ]
}

[2026-05-11T05:29:06] RUN search_all_days_close_profit_50bps
  /usr/bin/python3 model_training/search_walk_forward_model_complexity.py --samples /root/workspace/stock_realtime_v021_full/saved_data/002714_pipeline_out/04_external/hog/training_samples_with_hog_industry.csv --intraday-bars /root/workspace/stock_realtime_v021_full/saved_data/002714_pipeline_out/00_base/002714_5m.csv --out-dir /root/workspace/stock_realtime_v021_full/saved_data/002714_pipeline_out/10_search/search_all_days_close_profit_50bps --round-trip-cost-bps 1.7 --target-hit-bps 50.0 --label-mode close_profit --entry-policy all_days --entry-vwap-premium-bps 50.0 --max-missing 0.35 --groups reversal_fundamental_regime,reversal_fundamental_regime_sector,all_no_ak --models xgb_d2_200_lr003_mcw5,xgb_d3_400_lr003_mcw3,xgb_d3_600_lr002_mcw3,xgb_d4_500_lr002_mcw5,lgbm_leaves7_400,lgbm_leaves15_700,extra_trees_600_d3,random_forest_600_d4 --quantiles 0.5,0.6,0.7,0.8 --train-rows 756 --valid-rows 126 --test-rows 63 --min-valid-trades 8 --min-train-entries 80
{
  "rows": 1534,
  "target_hit_bps": 50.0,
  "label_mode": "close_profit",
  "entry_policy": "all_days",
  "entry_vwap_premium_bps": 50.0,
  "groups": {
    "reversal_fundamental_regime": 137,
    "reversal_fundamental_regime_sector": 160,
    "all_no_ak": 244
  },
  "models": [
    "xgb_d2_200_lr003_mcw5",
    "xgb_d3_400_lr003_mcw3",
    "xgb_d3_600_lr002_mcw3",
    "xgb_d4_500_lr002_mcw5",
    "extra_trees_600_d3",
    "random_forest_600_d4",
    "lgbm_leaves7_400",
    "lgbm_leaves15_700"
  ],
  "top": [
    {
      "entry_policy": "all_days",
      "feature_group": "reversal_fundamental_regime_sector",
      "model_name": "extra_trees_600_d3",
      "target_hit_bps": 50.0,
      "trades": 155,
      "win_rate": 0.5225806451612903,
      "avg_return": 0.0024570224207068714,
      "median_return": 0.0008181422924902239,
      "compound_return": 0.4019066726004663,
      "max_drawdown": -0.17404784613411528,
      "profit_factor": 1.3587703592736393,
      "windows": 10
    },
    {
      "entry_policy": "all_days",
      "feature_group": "all_no_ak",
      "model_name": "extra_trees_600_d3",
      "target_hit_bps": 50.0,
      "trades": 136,
      "win_rate": 0.5073529411764706,
      "avg_return": 0.0027762480645661973,
      "median_return": 6.297954264611677e-05,
      "compound_return": 0.40070798295897947,
      "max_drawdown": -0.15726849761089845,
      "profit_factor": 1.4016483701308609,
      "windows": 10
    },
    {
      "entry_policy": "all_days",
      "feature_group": "reversal_fundamental_regime_sector",
      "model_name": "random_forest_600_d4",
      "target_hit_bps": 50.0,
      "trades": 129,
      "win_rate": 0.4806201550387597,
      "avg_return": 0.0027204992840482918,
      "median_return": -0.00016999999999999999,
      "compound_return": 0.37779257371157215,
      "max_drawdown": -0.14324691541230838,
      "profit_factor": 1.4377704455521754,
      "windows": 10
    },
    {
      "entry_policy": "all_days",
      "feature_group": "reversal_fundamental_regime_sector",
      "model_name": "lgbm_leaves7_400",
      "target_hit_bps": 50.0,
      "trades": 186,
      "win_rate": 0.46774193548387094,
      "avg_return": 0.001527057668050855,
      "median_return": -0.0017258150934033566,
      "compound_return": 0.27734607997630034,
      "max_drawdown": -0.16454093721258645,
      "profit_factor": 1.2403715416342214,
      "windows": 10
    },
    {
      "entry_policy": "all_days",
      "feature_group": "all_no_ak",
      "model_name": "xgb_d2_200_lr003_mcw5",
      "target_hit_bps": 50.0,
      "trades": 199,
      "win_rate": 0.507537688442211,
      "avg_return": 0.0014244764829312332,
      "median_return": 9.062027625739505e-05,
      "compound_return": 0.2665927590226176,
      "max_drawdown": -0.23275697341910428,
      "profit_factor": 1.2090266857077243,
      "windows": 10
    },
    {
      "entry_policy": "all_days",
      "feature_group": "reversal_fundamental_regime_sector",
      "model_name": "xgb_d4_500_lr002_mcw5",
      "target_hit_bps": 50.0,
      "trades": 195,
      "win_rate": 0.48717948717948717,
      "avg_return": 0.0013014641459162717,
      "median_return": -0.0012105827263267886,
      "compound_return": 0.2437696272955414,
      "max_drawdown": -0.18981467535481655,
      "profit_factor": 1.2091669538911303,
      "windows": 10
    },
    {
      "entry_policy": "all_days",
      "feature_group": "all_no_ak",
      "model_name": "xgb_d4_500_lr002_mcw5",
      "target_hit_bps": 50.0,
      "trades": 153,
      "win_rate": 0.47058823529411764,
      "avg_return": 0.0015557136581078842,
      "median_return": -0.000902421875,
      "compound_return": 0.22837114345800136,
      "max_drawdown": -0.15262332048267147,
      "profit_factor": 1.2486997297438625,
      "windows": 10
    },
    {
      "entry_policy": "all_days",
      "feature_group": "all_no_ak",
      "model_name": "lgbm_leaves15_700",
      "target_hit_bps": 50.0,
      "trades": 218,
      "win_rate": 0.47706422018348627,
      "avg_return": 0.0011367342401270189,
      "median_return": -0.0004995675902471595,
      "compound_return": 0.2232904267157132,
      "max_drawdown": -0.21145507511641537,
      "profit_factor": 1.1774111265083207,
      "windows": 10
    },
    {
      "entry_policy": "all_days",
      "feature_group": "all_no_ak",
      "model_name": "xgb_d3_400_lr003_mcw3",
      "target_hit_bps": 50.0,
      "trades": 199,
      "win_rate": 0.47738693467336685,
      "avg_return": 0.0010649319625727401,
      "median_return": -0.0006645598417408492,
      "compound_return": 0.1802495342508712,
      "max_drawdown": -0.2371946025884829,
      "profit_factor": 1.158074300987488,
      "windows": 10
    },
    {
      "entry_policy": "all_days",
      "feature_group": "all_no_ak",
      "model_name": "random_forest_600_d4",
      "target_hit_bps": 50.0,
      "trades": 177,
      "win_rate": 0.4858757062146893,
      "avg_return": 0.0011422480293539622,
      "median_return": -0.0003783333333332549,
      "compound_return": 0.1707150204595218,
      "max_drawdown": -0.15531057335801102,
      "profit_factor": 1.157029134009273,
      "windows": 10
    },
    {
      "entry_policy": "all_days",
      "feature_group": "reversal_fundamental_regime",
      "model_name": "extra_trees_600_d3",
      "target_hit_bps": 50.0,
      "trades": 192,
      "win_rate": 0.4895833333333333,
      "avg_return": 0.0009719561892636954,
      "median_return": -0.00016999999999999999,
      "compound_return": 0.15790871889246194,
      "max_drawdown": -0.21063832171115415,
      "profit_factor": 1.1527825693805633,
      "windows": 10
    },
    {
      "entry_policy": "all_days",
      "feature_group": "reversal_fundamental_regime",
      "model_name": "random_forest_600_d4",
      "target_hit_bps": 50.0,
      "trades": 160,
      "win_rate": 0.475,
      "avg_return": 0.0011355267960153508,
      "median_return": -0.0007834908583704246,
      "compound_return": 0.15651598013153611,
      "max_drawdown": -0.15760944429056112,
      "profit_factor": 1.1690170753569893,
      "windows": 10
    },
    {
      "entry_policy": "all_days",
      "feature_group": "all_no_ak",
      "model_name": "lgbm_leaves7_400",
      "target_hit_bps": 50.0,
      "trades": 189,
      "win_rate": 0.4444444444444444,
      "avg_return": 0.0009847209751112746,
      "median_return": -0.0017252099533437946,
      "compound_return": 0.15297302466038332,
      "max_drawdown": -0.25711920845255065,
      "profit_factor": 1.139940011587572,
      "windows": 10
    },
    {
      "entry_policy": "all_days",
      "feature_group": "reversal_fundamental_regime",
      "model_name": "xgb_d4_500_lr002_mcw5",
      "target_hit_bps": 50.0,
      "trades": 250,
      "win_rate": 0.48,
      "avg_return": 0.0007196894722547824,
      "median_return": -0.0008671234412380678,
      "compound_return": 0.14486426507723738,
      "max_drawdown": -0.18714648632179387,
      "profit_factor": 1.1143442269591233,
      "windows": 10
    },
    {
      "entry_policy": "all_days",
      "feature_group": "reversal_fundamental_regime_sector",
      "model_name": "xgb_d2_200_lr003_mcw5",
      "target_hit_bps": 50.0,
      "trades": 157,
      "win_rate": 0.4840764331210191,
      "avg_return": 0.0010105495682564479,
      "median_return": -0.0006645598417408492,
      "compound_return": 0.13817029435192496,
      "max_drawdown": -0.18202995338605243,
      "profit_factor": 1.1592677186067388,
      "windows": 10
    },
    {
      "entry_policy": "all_days",
      "feature_group": "reversal_fundamental_regime",
      "model_name": "xgb_d2_200_lr003_mcw5",
      "target_hit_bps": 50.0,
      "trades": 143,
      "win_rate": 0.4825174825174825,
      "avg_return": 0.0007505429609205045,
      "median_return": -0.0010024084350720407,
      "compound_return": 0.07915845778736008,
      "max_drawdown": -0.17666729950456772,
      "profit_factor": 1.1094550714587617,
      "windows": 10
    },
    {
      "entry_policy": "all_days",
      "feature_group": "reversal_fundamental_regime",
      "model_name": "xgb_d3_600_lr002_mcw3",
      "target_hit_bps": 50.0,
      "trades": 241,
      "win_rate": 0.45643153526970953,
      "avg_return": 0.0004089357206892389,
      "median_return": -0.0017252099533437946,
      "compound_return": 0.06047665705201233,
      "max_drawdown": -0.2510473377050607,
      "profit_factor": 1.0667360011152633,
      "windows": 10
    },
    {
      "entry_policy": "all_days",
      "feature_group": "reversal_fundamental_regime_sector",
      "model_name": "xgb_d3_600_lr002_mcw3",
      "target_hit_bps": 50.0,
      "trades": 160,
      "win_rate": 0.46875,
      "avg_return": 0.0005136473878343077,
      "median_return": -0.0023774873665640094,
      "compound_return": 0.05243315795953585,
      "max_drawdown": -0.2340575501684018,
      "profit_factor": 1.0745081500203695,
      "windows": 10
    },
    {
      "entry_policy": "all_days",
      "feature_group": "reversal_fundamental_regime_sector",
      "model_name": "xgb_d3_400_lr003_mcw3",
      "target_hit_bps": 50.0,
      "trades": 197,
      "win_rate": 0.48223350253807107,
      "avg_return": 0.00042748878018794383,
      "median_return": -0.0010210638297873907,
      "compound_return": 0.04802021799783507,
      "max_drawdown": -0.25164193934978907,
      "profit_factor": 1.0630662464793488,
      "windows": 10
    },
    {
      "entry_policy": "all_days",
      "feature_group": "reversal_fundamental_regime",
      "model_name": "xgb_d3_400_lr003_mcw3",
      "target_hit_bps": 50.0,
      "trades": 182,
      "win_rate": 0.4725274725274725,
      "avg_return": 0.0004142821693641425,
      "median_return": -0.0006963685964080334,
      "compound_return": 0.04295095147914885,
      "max_drawdown": -0.17766902927437933,
      "profit_factor": 1.0633526053534557,
      "windows": 10
    }
  ]
}

[2026-05-11T05:37:34] RUN summarize
  /usr/bin/python3 model_training/summarize_nextday_search_results.py --pipeline-out /root/workspace/stock_realtime_v021_full/saved_data/002714_pipeline_out --out-dir /root/workspace/stock_realtime_v021_full/saved_data/002714_pipeline_out/99_summary --excel
{
  "rows": 144,
  "outputs": {
    "final_leaderboard": "/root/workspace/stock_realtime_v021_full/saved_data/002714_pipeline_out/99_summary/final_leaderboard.csv",
    "best_by_target_top5": "/root/workspace/stock_realtime_v021_full/saved_data/002714_pipeline_out/99_summary/best_by_target_top5.csv",
    "best_by_entry_policy_top5": "/root/workspace/stock_realtime_v021_full/saved_data/002714_pipeline_out/99_summary/best_by_entry_policy_top5.csv",
    "excel": "/root/workspace/stock_realtime_v021_full/saved_data/002714_pipeline_out/99_summary/final_leaderboard.xlsx",
    "summary_manifest": "/root/workspace/stock_realtime_v021_full/saved_data/002714_pipeline_out/99_summary/summary_manifest.json"
  }
}
=== nextday pipeline end: 2026-05-11T05:37:35 status=ok ===
=== nextday pipeline start: 2026-05-11T11:40:18 ===
symbol=002714.SZ, out_root=/root/workspace/stock_realtime_v021_full/saved_data/002714_pipeline_out

[2026-05-11T11:40:18] SKIP update_data: outputs exist
  /usr/bin/python3 bootstrap/ashare_xgb_dual_opportunity_regression_baostock_full_v19_compressed_trading_axis.py --mode update_data --symbol 002714 --benchmark_symbol 000300 --daily_start 2018-01-01 --daily_end 2026-05-11 --intraday_start '2018-01-01 09:30:00' --intraday_end '2026-05-11 15:00:00' --output_dir /root/workspace/stock_realtime_v021_full/saved_data/002714_pipeline_out/00_base --cache_mode incremental --feature_cache_mode incremental --adjust qfq

[2026-05-11T11:40:18] SKIP samples: outputs exist
  /usr/bin/python3 feature_building/build_nextday_samples_from_baostock.py --daily-features /root/workspace/stock_realtime_v021_full/saved_data/002714_pipeline_out/00_base/daily_features.csv --intraday-bars /root/workspace/stock_realtime_v021_full/saved_data/002714_pipeline_out/00_base/002714_5m.csv --out-dir /root/workspace/stock_realtime_v021_full/saved_data/002714_pipeline_out/01_samples --min-bars 40 --keep-unlabeled-tail

[2026-05-11T11:40:18] SKIP fundamental: outputs exist
  /usr/bin/python3 feature_building/build_fundamental_features.py --symbol 002714.SZ --daily-samples /root/workspace/stock_realtime_v021_full/saved_data/002714_pipeline_out/01_samples/training_samples.csv --out-dir /root/workspace/stock_realtime_v021_full/saved_data/002714_pipeline_out/02_fundamental --start-date 2018-01-01 --end-date 2026-05-11 --fallback-lag-days 120

[2026-05-11T11:40:18] SKIP sector: outputs exist
  /usr/bin/python3 feature_building/build_sector_features.py --samples /root/workspace/stock_realtime_v021_full/saved_data/002714_pipeline_out/02_fundamental/training_samples_with_fundamentals.csv --out-dir /root/workspace/stock_realtime_v021_full/saved_data/002714_pipeline_out/03_sector --sector-symbol '养殖业' --start-date 2018-01-01 --end-date 2026-05-11

[2026-05-11T11:40:18] SKIP external_hog: outputs exist
  /usr/bin/python3 feature_building/build_hog_industry_features.py --samples /root/workspace/stock_realtime_v021_full/saved_data/002714_pipeline_out/03_sector/training_samples_with_sector.csv --out-dir /root/workspace/stock_realtime_v021_full/saved_data/002714_pipeline_out/04_external/hog --lag-days 1

[2026-05-11T11:40:18] RUN external_muyuan_hk
  /usr/bin/python3 feature_building/build_muyuan_hk_external_features.py --samples /root/workspace/stock_realtime_v021_full/saved_data/002714_pipeline_out/04_external/hog/training_samples_with_hog_industry.csv --out-dir /root/workspace/stock_realtime_v021_full/saved_data/002714_pipeline_out/04_external/muyuan_hk --lag-days 1
Traceback (most recent call last):
  File "/root/workspace/stock_realtime_v021_full/feature_building/build_muyuan_hk_external_features.py", line 180, in <module>
    main()
  File "/root/workspace/stock_realtime_v021_full/feature_building/build_muyuan_hk_external_features.py", line 149, in main
    raise RuntimeError(f"no HK proxy data fetched: {errors}")
RuntimeError: no HK proxy data fetched: {'hk_02714': "ConnectionError: ('Connection aborted.', RemoteDisconnected('Remote end closed connection without response'))", 'hk_01610': "ConnectionError: ('Connection aborted.', RemoteDisconnected('Remote end closed connection without response'))", 'hk_00288': "ConnectionError: ('Connection aborted.', RemoteDisconnected('Remote end closed connection without response'))", 'hk_01068': "ConnectionError: ('Connection aborted.', RemoteDisconnected('Remote end closed connection without response'))", 'hk_01117': "ConnectionError: ('Connection aborted.', RemoteDisconnected('Remote end closed connection without response'))"}
=== nextday pipeline start: 2026-05-11T11:40:20 ===
symbol=002714.SZ, out_root=/root/workspace/stock_realtime_v021_full/saved_data/002714_pipeline_out

[2026-05-11T11:40:20] SKIP update_data: outputs exist
  /usr/bin/python3 bootstrap/ashare_xgb_dual_opportunity_regression_baostock_full_v19_compressed_trading_axis.py --mode update_data --symbol 002714 --benchmark_symbol 000300 --daily_start 2018-01-01 --daily_end 2026-05-11 --intraday_start '2018-01-01 09:30:00' --intraday_end '2026-05-11 15:00:00' --output_dir /root/workspace/stock_realtime_v021_full/saved_data/002714_pipeline_out/00_base --cache_mode incremental --feature_cache_mode incremental --adjust qfq

[2026-05-11T11:40:20] SKIP samples: outputs exist
  /usr/bin/python3 feature_building/build_nextday_samples_from_baostock.py --daily-features /root/workspace/stock_realtime_v021_full/saved_data/002714_pipeline_out/00_base/daily_features.csv --intraday-bars /root/workspace/stock_realtime_v021_full/saved_data/002714_pipeline_out/00_base/002714_5m.csv --out-dir /root/workspace/stock_realtime_v021_full/saved_data/002714_pipeline_out/01_samples --min-bars 40 --keep-unlabeled-tail

[2026-05-11T11:40:20] SKIP fundamental: outputs exist
  /usr/bin/python3 feature_building/build_fundamental_features.py --symbol 002714.SZ --daily-samples /root/workspace/stock_realtime_v021_full/saved_data/002714_pipeline_out/01_samples/training_samples.csv --out-dir /root/workspace/stock_realtime_v021_full/saved_data/002714_pipeline_out/02_fundamental --start-date 2018-01-01 --end-date 2026-05-11 --fallback-lag-days 120

[2026-05-11T11:40:20] SKIP sector: outputs exist
  /usr/bin/python3 feature_building/build_sector_features.py --samples /root/workspace/stock_realtime_v021_full/saved_data/002714_pipeline_out/02_fundamental/training_samples_with_fundamentals.csv --out-dir /root/workspace/stock_realtime_v021_full/saved_data/002714_pipeline_out/03_sector --sector-symbol '养殖业' --start-date 2018-01-01 --end-date 2026-05-11
[INFO] final samples for search: /root/workspace/stock_realtime_v021_full/saved_data/002714_pipeline_out/04_external/hog/training_samples_with_hog_industry.csv

[2026-05-11T11:40:20] SKIP search_vwap_low_hit_50bps: outputs exist
  /usr/bin/python3 model_training/search_walk_forward_model_complexity.py --samples /root/workspace/stock_realtime_v021_full/saved_data/002714_pipeline_out/04_external/hog/training_samples_with_hog_industry.csv --intraday-bars /root/workspace/stock_realtime_v021_full/saved_data/002714_pipeline_out/00_base/002714_5m.csv --out-dir /root/workspace/stock_realtime_v021_full/saved_data/002714_pipeline_out/10_search/search_vwap_low_hit_50bps --round-trip-cost-bps 1.7 --target-hit-bps 50.0 --label-mode hit --entry-policy vwap_low --entry-vwap-premium-bps 50.0 --max-missing 0.35 --groups reversal_fundamental_regime,reversal_fundamental_regime_sector,all_no_ak --models xgb_d2_200_lr003_mcw5,xgb_d3_400_lr003_mcw3,xgb_d3_600_lr002_mcw3,xgb_d4_500_lr002_mcw5,lgbm_leaves7_400,lgbm_leaves15_700,extra_trees_600_d3,random_forest_600_d4 --quantiles 0.5,0.6,0.7,0.8 --train-rows 756 --valid-rows 126 --test-rows 63 --min-valid-trades 8 --min-train-entries 80

[2026-05-11T11:40:20] SKIP search_vwap_low_hit_80bps: outputs exist
  /usr/bin/python3 model_training/search_walk_forward_model_complexity.py --samples /root/workspace/stock_realtime_v021_full/saved_data/002714_pipeline_out/04_external/hog/training_samples_with_hog_industry.csv --intraday-bars /root/workspace/stock_realtime_v021_full/saved_data/002714_pipeline_out/00_base/002714_5m.csv --out-dir /root/workspace/stock_realtime_v021_full/saved_data/002714_pipeline_out/10_search/search_vwap_low_hit_80bps --round-trip-cost-bps 1.7 --target-hit-bps 80.0 --label-mode hit --entry-policy vwap_low --entry-vwap-premium-bps 50.0 --max-missing 0.35 --groups reversal_fundamental_regime,reversal_fundamental_regime_sector,all_no_ak --models xgb_d2_200_lr003_mcw5,xgb_d3_400_lr003_mcw3,xgb_d3_600_lr002_mcw3,xgb_d4_500_lr002_mcw5,lgbm_leaves7_400,lgbm_leaves15_700,extra_trees_600_d3,random_forest_600_d4 --quantiles 0.5,0.6,0.7,0.8 --train-rows 756 --valid-rows 126 --test-rows 63 --min-valid-trades 8 --min-train-entries 80

[2026-05-11T11:40:20] SKIP search_vwap_low_close_profit_50bps: outputs exist
  /usr/bin/python3 model_training/search_walk_forward_model_complexity.py --samples /root/workspace/stock_realtime_v021_full/saved_data/002714_pipeline_out/04_external/hog/training_samples_with_hog_industry.csv --intraday-bars /root/workspace/stock_realtime_v021_full/saved_data/002714_pipeline_out/00_base/002714_5m.csv --out-dir /root/workspace/stock_realtime_v021_full/saved_data/002714_pipeline_out/10_search/search_vwap_low_close_profit_50bps --round-trip-cost-bps 1.7 --target-hit-bps 50.0 --label-mode close_profit --entry-policy vwap_low --entry-vwap-premium-bps 50.0 --max-missing 0.35 --groups reversal_fundamental_regime,reversal_fundamental_regime_sector,all_no_ak --models xgb_d2_200_lr003_mcw5,xgb_d3_400_lr003_mcw3,xgb_d3_600_lr002_mcw3,xgb_d4_500_lr002_mcw5,lgbm_leaves7_400,lgbm_leaves15_700,extra_trees_600_d3,random_forest_600_d4 --quantiles 0.5,0.6,0.7,0.8 --train-rows 756 --valid-rows 126 --test-rows 63 --min-valid-trades 8 --min-train-entries 80

[2026-05-11T11:40:20] SKIP search_all_days_hit_50bps: outputs exist
  /usr/bin/python3 model_training/search_walk_forward_model_complexity.py --samples /root/workspace/stock_realtime_v021_full/saved_data/002714_pipeline_out/04_external/hog/training_samples_with_hog_industry.csv --intraday-bars /root/workspace/stock_realtime_v021_full/saved_data/002714_pipeline_out/00_base/002714_5m.csv --out-dir /root/workspace/stock_realtime_v021_full/saved_data/002714_pipeline_out/10_search/search_all_days_hit_50bps --round-trip-cost-bps 1.7 --target-hit-bps 50.0 --label-mode hit --entry-policy all_days --entry-vwap-premium-bps 50.0 --max-missing 0.35 --groups reversal_fundamental_regime,reversal_fundamental_regime_sector,all_no_ak --models xgb_d2_200_lr003_mcw5,xgb_d3_400_lr003_mcw3,xgb_d3_600_lr002_mcw3,xgb_d4_500_lr002_mcw5,lgbm_leaves7_400,lgbm_leaves15_700,extra_trees_600_d3,random_forest_600_d4 --quantiles 0.5,0.6,0.7,0.8 --train-rows 756 --valid-rows 126 --test-rows 63 --min-valid-trades 8 --min-train-entries 80

[2026-05-11T11:40:20] SKIP search_all_days_hit_80bps: outputs exist
  /usr/bin/python3 model_training/search_walk_forward_model_complexity.py --samples /root/workspace/stock_realtime_v021_full/saved_data/002714_pipeline_out/04_external/hog/training_samples_with_hog_industry.csv --intraday-bars /root/workspace/stock_realtime_v021_full/saved_data/002714_pipeline_out/00_base/002714_5m.csv --out-dir /root/workspace/stock_realtime_v021_full/saved_data/002714_pipeline_out/10_search/search_all_days_hit_80bps --round-trip-cost-bps 1.7 --target-hit-bps 80.0 --label-mode hit --entry-policy all_days --entry-vwap-premium-bps 50.0 --max-missing 0.35 --groups reversal_fundamental_regime,reversal_fundamental_regime_sector,all_no_ak --models xgb_d2_200_lr003_mcw5,xgb_d3_400_lr003_mcw3,xgb_d3_600_lr002_mcw3,xgb_d4_500_lr002_mcw5,lgbm_leaves7_400,lgbm_leaves15_700,extra_trees_600_d3,random_forest_600_d4 --quantiles 0.5,0.6,0.7,0.8 --train-rows 756 --valid-rows 126 --test-rows 63 --min-valid-trades 8 --min-train-entries 80

[2026-05-11T11:40:20] SKIP search_all_days_close_profit_50bps: outputs exist
  /usr/bin/python3 model_training/search_walk_forward_model_complexity.py --samples /root/workspace/stock_realtime_v021_full/saved_data/002714_pipeline_out/04_external/hog/training_samples_with_hog_industry.csv --intraday-bars /root/workspace/stock_realtime_v021_full/saved_data/002714_pipeline_out/00_base/002714_5m.csv --out-dir /root/workspace/stock_realtime_v021_full/saved_data/002714_pipeline_out/10_search/search_all_days_close_profit_50bps --round-trip-cost-bps 1.7 --target-hit-bps 50.0 --label-mode close_profit --entry-policy all_days --entry-vwap-premium-bps 50.0 --max-missing 0.35 --groups reversal_fundamental_regime,reversal_fundamental_regime_sector,all_no_ak --models xgb_d2_200_lr003_mcw5,xgb_d3_400_lr003_mcw3,xgb_d3_600_lr002_mcw3,xgb_d4_500_lr002_mcw5,lgbm_leaves7_400,lgbm_leaves15_700,extra_trees_600_d3,random_forest_600_d4 --quantiles 0.5,0.6,0.7,0.8 --train-rows 756 --valid-rows 126 --test-rows 63 --min-valid-trades 8 --min-train-entries 80

[2026-05-11T11:40:20] RUN summarize
  /usr/bin/python3 model_training/summarize_nextday_search_results.py --pipeline-out /root/workspace/stock_realtime_v021_full/saved_data/002714_pipeline_out --out-dir /root/workspace/stock_realtime_v021_full/saved_data/002714_pipeline_out/99_summary --excel
{
  "rows": 144,
  "outputs": {
    "final_leaderboard": "/root/workspace/stock_realtime_v021_full/saved_data/002714_pipeline_out/99_summary/final_leaderboard.csv",
    "best_by_target_top5": "/root/workspace/stock_realtime_v021_full/saved_data/002714_pipeline_out/99_summary/best_by_target_top5.csv",
    "best_by_entry_policy_top5": "/root/workspace/stock_realtime_v021_full/saved_data/002714_pipeline_out/99_summary/best_by_entry_policy_top5.csv",
    "excel": "/root/workspace/stock_realtime_v021_full/saved_data/002714_pipeline_out/99_summary/final_leaderboard.xlsx",
    "summary_manifest": "/root/workspace/stock_realtime_v021_full/saved_data/002714_pipeline_out/99_summary/summary_manifest.json"
  }
}
=== nextday pipeline end: 2026-05-11T11:40:21 status=ok ===
=== nextday pipeline start: 2026-05-11T13:07:59 ===
symbol=002714.SZ, out_root=/root/workspace/stock_realtime_v021_full/saved_data/002714_pipeline_out

[2026-05-11T13:07:59] RUN update_data
  /usr/bin/python3 bootstrap/ashare_xgb_dual_opportunity_regression_baostock_full_v19_compressed_trading_axis.py --mode update_data --symbol 002714 --benchmark_symbol 000300 --daily_start 2018-01-01 --daily_end 2026-05-11 --intraday_start '2018-01-01 09:30:00' --intraday_end '2026-05-11 15:00:00' --output_dir /root/workspace/stock_realtime_v021_full/saved_data/002714_pipeline_out/00_base --cache_mode incremental --feature_cache_mode incremental --adjust qfq
/root/workspace/stock_realtime_v021_full/bootstrap/ashare_fetch_and_train_xgb_sell_signal_baostock_state_cache_helper_fix2.py:246: FutureWarning: The behavior of DataFrame concatenation with empty or all-NA entries is deprecated. In a future version, this will no longer exclude empty or all-NA columns when determining the result dtypes. To retain the old behavior, exclude the relevant entries before the concat operation.
  merged = _normalize_daily_df(pd.concat([df_old, df_new], axis=0, ignore_index=True))
/root/workspace/stock_realtime_v021_full/bootstrap/ashare_fetch_and_train_xgb_sell_signal_baostock_state_cache_helper_fix2.py:246: FutureWarning: The behavior of DataFrame concatenation with empty or all-NA entries is deprecated. In a future version, this will no longer exclude empty or all-NA columns when determining the result dtypes. To retain the old behavior, exclude the relevant entries before the concat operation.
  merged = _normalize_daily_df(pd.concat([df_old, df_new], axis=0, ignore_index=True))
/root/workspace/stock_realtime_v021_full/bootstrap/ashare_fetch_and_train_xgb_sell_signal_baostock_state_cache_helper_fix2.py:254: FutureWarning: The behavior of DataFrame concatenation with empty or all-NA entries is deprecated. In a future version, this will no longer exclude empty or all-NA columns when determining the result dtypes. To retain the old behavior, exclude the relevant entries before the concat operation.
  merged = _normalize_bench_df(pd.concat([df_old, df_new], axis=0, ignore_index=True))
/root/workspace/stock_realtime_v021_full/bootstrap/ashare_fetch_and_train_xgb_sell_signal_baostock_state_cache_helper_fix2.py:254: FutureWarning: The behavior of DataFrame concatenation with empty or all-NA entries is deprecated. In a future version, this will no longer exclude empty or all-NA columns when determining the result dtypes. To retain the old behavior, exclude the relevant entries before the concat operation.
  merged = _normalize_bench_df(pd.concat([df_old, df_new], axis=0, ignore_index=True))
login success!
logout success!
login success!
logout success!
login success!
logout success!
login success!
logout success!
login success!
logout success!
login success!
logout success!
{
  "mode": "update_data",
  "symbol": "002714",
  "data_source": "baostock",
  "daily_rows": 2022,
  "intraday_rows": 73680,
  "daily_min": "2018-01-02 00:00:00",
  "daily_max": "2026-05-08 00:00:00",
  "intraday_min": "2020-01-02 09:35:00",
  "intraday_max": "2026-05-08 15:00:00",
  "base_paths": {
    "daily_csv": "/root/workspace/stock_realtime_v021_full/saved_data/002714_pipeline_out/00_base/002714_daily.csv",
    "intraday_csv": "/root/workspace/stock_realtime_v021_full/saved_data/002714_pipeline_out/00_base/002714_5m.csv",
    "benchmark_csv": "/root/workspace/stock_realtime_v021_full/saved_data/002714_pipeline_out/00_base/000300_benchmark_daily.csv",
    "raw_daily_cache_csv": "/root/workspace/stock_realtime_v021_full/saved_data/002714_pipeline_out/00_base/raw_cache/002714_daily_raw.csv",
    "raw_intraday_cache_csv": "/root/workspace/stock_realtime_v021_full/saved_data/002714_pipeline_out/00_base/raw_cache/002714_5m_raw.csv",
    "raw_benchmark_cache_csv": "/root/workspace/stock_realtime_v021_full/saved_data/002714_pipeline_out/00_base/raw_cache/000300_benchmark_daily_raw.csv",
    "daily_features_csv": "/root/workspace/stock_realtime_v021_full/saved_data/002714_pipeline_out/00_base/daily_features.csv",
    "intraday_features_csv": "/root/workspace/stock_realtime_v021_full/saved_data/002714_pipeline_out/00_base/intraday_features.csv",
    "daily_features_cache_csv": "/root/workspace/stock_realtime_v021_full/saved_data/002714_pipeline_out/00_base/feature_cache/daily_features_cache.csv",
    "intraday_features_cache_csv": "/root/workspace/stock_realtime_v021_full/saved_data/002714_pipeline_out/00_base/feature_cache/intraday_features_cache.csv",
    "feature_state_json": "/root/workspace/stock_realtime_v021_full/saved_data/002714_pipeline_out/00_base/feature_cache/feature_state.json"
  },
  "fetch_logs": {
    "symbol": "002714",
    "benchmark_symbol": "000300",
    "daily_start": "2018-01-01",
    "daily_end": "2026-05-11",
    "intraday_start": "2018-01-01 09:30:00",
    "intraday_end": "2026-05-11 15:00:00",
    "perf_start": "2018-01-01",
    "data_source": "baostock",
    "cache_mode": "incremental",
    "force_refresh": false,
    "raw_cache_dir": "/root/workspace/stock_realtime_v021_full/saved_data/002714_pipeline_out/00_base/raw_cache",
    "feature_cache_dir": "/root/workspace/stock_realtime_v021_full/saved_data/002714_pipeline_out/00_base/feature_cache",
    "feature_cache_mode": "incremental",
    "daily": {
      "cache_path": "/root/workspace/stock_realtime_v021_full/saved_data/002714_pipeline_out/00_base/raw_cache/002714_daily_raw.csv",
      "requested_start": "2018-01-01",
      "requested_end": "2026-05-11",
      "mode": "incremental",
      "cache_before": {
        "rows": 2022,
        "min": "2018-01-02 00:00:00",
        "max": "2026-05-08 00:00:00"
      },
      "fetch_segments": [
        {
          "provider": "baostock",
          "code": "sz.002714",
          "adjustflag": "2",
          "rows": 0
        },
        {
          "provider": "baostock",
          "code": "sz.002714",
          "adjustflag": "2",
          "rows": 0
        }
      ],
      "cache_after": {
        "rows": 2022,
        "min": "2018-01-02 00:00:00",
        "max": "2026-05-08 00:00:00"
      }
    },
    "intraday_5m": {
      "cache_path": "/root/workspace/stock_realtime_v021_full/saved_data/002714_pipeline_out/00_base/raw_cache/002714_5m_raw.csv",
      "requested_start": "2018-01-01 09:30:00",
      "requested_end": "2026-05-11 15:00:00",
      "mode": "incremental",
      "cache_before": {
        "rows": 73680,
        "min": "2020-01-02 09:35:00",
        "max": "2026-05-08 15:00:00"
      },
      "fetch_segments": [
        {
          "provider": "baostock",
          "code": "sz.002714",
          "adjustflag": "2",
          "requested_start": "2018-01-01 09:30:00",
          "effective_start": "2018-01-01 09:30:00",
          "requested_end": "2020-01-02 09:30:00",
          "rows": 0
        },
        {
          "provider": "baostock",
          "code": "sz.002714",
          "adjustflag": "2",
          "requested_start": "2026-05-08 15:05:00",
          "effective_start": "2026-05-08 15:05:00",
          "requested_end": "2026-05-11 15:00:00",
          "rows": 0
        }
      ],
      "cache_after": {
        "rows": 73680,
        "min": "2020-01-02 09:35:00",
        "max": "2026-05-08 15:00:00"
      }
    },
    "benchmark_daily": {
      "cache_path": "/root/workspace/stock_realtime_v021_full/saved_data/002714_pipeline_out/00_base/raw_cache/000300_benchmark_daily_raw.csv",
      "requested_start": "2018-01-01",
      "requested_end": "2026-05-11",
      "mode": "incremental",
      "cache_before": {
        "rows": 2022,
        "min": "2018-01-02 00:00:00",
        "max": "2026-05-08 00:00:00"
      },
      "fetch_segments": [
        {
          "provider": "baostock",
          "code": "sh.000300",
          "rows": 0,
          "start": "2018-01-01",
          "end": "2018-01-01"
        },
        {
          "provider": "baostock",
          "code": "sh.000300",
          "rows": 0,
          "start": "2026-05-09",
          "end": "2026-05-11"
        }
      ],
      "cache_after": {
        "rows": 2022,
        "min": "2018-01-02 00:00:00",
        "max": "2026-05-08 00:00:00"
      }
    },
    "feature_build": {
      "mode": "cache_reuse_no_rebuild",
      "daily_cache": {
        "rows": 2022,
        "min": "2018-01-02 00:00:00",
        "max": "2026-05-08 00:00:00"
      },
      "intraday_cache": {
        "rows": 73680,
        "min": "2020-01-02 09:35:00",
        "max": "2026-05-08 15:00:00"
      },
      "daily_context_days": 260,
      "intraday_context_days": 40
    },
    "feature_state": {
      "daily_feature_max": "2026-05-08 00:00:00",
      "intraday_feature_max": "2026-05-08 15:00:00",
      "daily_context_days": 260,
      "intraday_context_days": 40,
      "feature_build_mode": "cache_reuse_no_rebuild"
    }
  }
}

[2026-05-11T13:08:10] RUN samples
  /usr/bin/python3 feature_building/build_nextday_samples_from_baostock.py --daily-features /root/workspace/stock_realtime_v021_full/saved_data/002714_pipeline_out/00_base/daily_features.csv --intraday-bars /root/workspace/stock_realtime_v021_full/saved_data/002714_pipeline_out/00_base/002714_5m.csv --out-dir /root/workspace/stock_realtime_v021_full/saved_data/002714_pipeline_out/01_samples --min-bars 40 --keep-unlabeled-tail
{
  "rows": 1535,
  "date_min": "2020-01-02",
  "date_max": "2026-05-08",
  "out": "/root/workspace/stock_realtime_v021_full/saved_data/002714_pipeline_out/01_samples/training_samples.csv"
}

[2026-05-11T13:08:11] RUN fundamental
  /usr/bin/python3 feature_building/build_fundamental_features.py --symbol 002714.SZ --daily-samples /root/workspace/stock_realtime_v021_full/saved_data/002714_pipeline_out/01_samples/training_samples.csv --out-dir /root/workspace/stock_realtime_v021_full/saved_data/002714_pipeline_out/02_fundamental --start-date 2018-01-01 --end-date 2026-05-11 --fallback-lag-days 120
login success!
logout success!
{
  "rows": 1535,
  "date_min": "2020-01-02",
  "date_max": "2026-05-08",
  "source_errors": [],
  "top_missing_rates": {
    "ak_fund_小单净流入-净额_sum10": 0.9244299674267101,
    "ak_fund_主力净流入-净额_sum10": 0.9244299674267101,
    "ak_fund_主力净流入-净占比_sum10": 0.9244299674267101,
    "ak_fund_涨跌幅_sum10": 0.9244299674267101,
    "ak_fund_收盘价_sum10": 0.9244299674267101,
    "ak_fund_中单净流入-净额_sum10": 0.9244299674267101,
    "ak_fund_中单净流入-净占比_sum10": 0.9244299674267101,
    "ak_fund_小单净流入-净占比_sum10": 0.9244299674267101,
    "ak_fund_超大单净流入-净额_sum10": 0.9244299674267101,
    "ak_fund_大单净流入-净额_sum10": 0.9244299674267101,
    "ak_fund_大单净流入-净占比_sum10": 0.9244299674267101,
    "ak_fund_超大单净流入-净占比_sum10": 0.9244299674267101,
    "ak_fund_涨跌幅_sum5": 0.923127035830619,
    "ak_fund_主力净流入-净占比_sum5": 0.923127035830619,
    "ak_fund_主力净流入-净额_sum5": 0.923127035830619,
    "ak_fund_收盘价_sum5": 0.923127035830619,
    "ak_fund_超大单净流入-净占比_sum5": 0.923127035830619,
    "ak_fund_中单净流入-净占比_sum5": 0.923127035830619,
    "ak_fund_中单净流入-净额_sum5": 0.923127035830619,
    "ak_fund_小单净流入-净额_sum5": 0.923127035830619,
    "ak_fund_小单净流入-净占比_sum5": 0.923127035830619,
    "ak_fund_大单净流入-净占比_sum5": 0.923127035830619,
    "ak_fund_大单净流入-净额_sum5": 0.923127035830619,
    "ak_fund_超大单净流入-净额_sum5": 0.923127035830619,
    "ak_fund_大单净流入-净额": 0.9218241042345277,
    "ak_fund_超大单净流入-净占比": 0.9218241042345277,
    "ak_fund_超大单净流入-净额": 0.9218241042345277,
    "ak_fund_收盘价": 0.9218241042345277,
    "ak_fund_涨跌幅": 0.9218241042345277,
    "ak_fund_中单净流入-净额": 0.9218241042345277
  },
  "valuation_non_null": {
    "peTTM": 1535,
    "pbMRQ": 1535,
    "psTTM": 1535,
    "pcfNcfTTM": 1535
  },
  "future_effective_date_violations": 0,
  "rows_with_quarterly": 1535,
  "sample_rows": 1535,
  "quarterly_raw_rows": 37,
  "quarterly_used_pubDate_rows": 37,
  "quarterly_fallback_rows": 0,
  "elapsed_seconds": 20.829,
  "symbol": "002714",
  "baostock_code": "sz.002714",
  "valuation_rows": 2022,
  "fund_flow_rows": 120,
  "feature_columns": 125,
  "merged_columns": 194,
  "outputs": {
    "daily_valuation": "/root/workspace/stock_realtime_v021_full/saved_data/002714_pipeline_out/02_fundamental/baostock_daily_valuation.csv",
    "quarterly_fundamentals": "/root/workspace/stock_realtime_v021_full/saved_data/002714_pipeline_out/02_fundamental/baostock_quarterly_fundamentals_pit.csv",
    "fundamental_features": "/root/workspace/stock_realtime_v021_full/saved_data/002714_pipeline_out/02_fundamental/fundamental_features.csv",
    "merged_samples": "/root/workspace/stock_realtime_v021_full/saved_data/002714_pipeline_out/02_fundamental/training_samples_with_fundamentals.csv"
  }
}

[2026-05-11T13:08:33] RUN sector
  /usr/bin/python3 feature_building/build_sector_features.py --samples /root/workspace/stock_realtime_v021_full/saved_data/002714_pipeline_out/02_fundamental/training_samples_with_fundamentals.csv --out-dir /root/workspace/stock_realtime_v021_full/saved_data/002714_pipeline_out/03_sector --sector-symbol '养殖业' --start-date 2018-01-01 --end-date 2026-05-11

  0%|          | 0/9 [00:00<?, ?it/s]
 11%|█         | 1/9 [00:00<00:01,  4.30it/s]
 22%|██▏       | 2/9 [00:00<00:01,  4.06it/s]
 33%|███▎      | 3/9 [00:00<00:01,  4.33it/s]
 44%|████▍     | 4/9 [00:00<00:01,  3.95it/s]
 56%|█████▌    | 5/9 [00:01<00:00,  4.09it/s]
 67%|██████▋   | 6/9 [00:01<00:00,  4.28it/s]
 78%|███████▊  | 7/9 [00:01<00:00,  4.15it/s]
 89%|████████▉ | 8/9 [00:01<00:00,  4.24it/s]
100%|██████████| 9/9 [00:02<00:00,  4.49it/s]
                                             
{
  "sector_symbol": "养殖业",
  "sector_rows": 2022,
  "sector_date_min": "2018-01-02",
  "sector_date_max": "2026-05-08",
  "sample_rows": 1535,
  "merged_rows": 1535,
  "sector_feature_cols": 23,
  "top_missing": {
    "sector_ret60": 0.03908794788273615,
    "sector_ma60_gap": 0.019543973941368076,
    "stock_vs_sector_ret20": 0.013029315960912053,
    "sector_ret20": 0.013029315960912053,
    "sector_vol20": 0.0071661237785016286,
    "sector_ma20_gap": 0.006514657980456026,
    "sector_range_z20": 0.006514657980456026,
    "sector_volume_shock20": 0.006514657980456026,
    "sector_amount_z20": 0.006514657980456026,
    "sector_volume_z20": 0.006514657980456026,
    "sector_amount_shock20": 0.006514657980456026,
    "sector_ret5": 0.003257328990228013,
    "stock_vs_sector_ret5": 0.003257328990228013,
    "sector_vs_bench_ret5": 0.003257328990228013,
    "stock_vs_sector_ret1": 0.0006514657980456026,
    "sector_ret1": 0.0006514657980456026,
    "sector_amount": 0.0,
    "sector_volume": 0.0,
    "sector_close": 0.0,
    "sector_low": 0.0
  },
  "outputs": {
    "sector_index": "/root/workspace/stock_realtime_v021_full/saved_data/002714_pipeline_out/03_sector/sector_index_ths.csv",
    "sector_features": "/root/workspace/stock_realtime_v021_full/saved_data/002714_pipeline_out/03_sector/sector_features.csv",
    "merged_samples": "/root/workspace/stock_realtime_v021_full/saved_data/002714_pipeline_out/03_sector/training_samples_with_sector.csv"
  }
}

[2026-05-11T13:08:37] RUN external_hog
  /usr/bin/python3 feature_building/build_hog_industry_features.py --samples /root/workspace/stock_realtime_v021_full/saved_data/002714_pipeline_out/03_sector/training_samples_with_sector.csv --out-dir /root/workspace/stock_realtime_v021_full/saved_data/002714_pipeline_out/04_external/hog --lag-days 1
/root/workspace/stock_realtime_v021_full/feature_building/build_hog_industry_features.py:92: FutureWarning: The default fill_method='pad' in Series.pct_change is deprecated and will be removed in a future version. Either fill in any non-leading NA values prior to calling pct_change or specify 'fill_method=None' to not fill NA values.
  out[f"{col}_ret1"] = out[col].pct_change()
/root/workspace/stock_realtime_v021_full/feature_building/build_hog_industry_features.py:92: FutureWarning: The default fill_method='pad' in Series.pct_change is deprecated and will be removed in a future version. Either fill in any non-leading NA values prior to calling pct_change or specify 'fill_method=None' to not fill NA values.
  out[f"{col}_ret1"] = out[col].pct_change()
/root/workspace/stock_realtime_v021_full/feature_building/build_hog_industry_features.py:92: FutureWarning: The default fill_method='pad' in Series.pct_change is deprecated and will be removed in a future version. Either fill in any non-leading NA values prior to calling pct_change or specify 'fill_method=None' to not fill NA values.
  out[f"{col}_ret1"] = out[col].pct_change()
/root/workspace/stock_realtime_v021_full/feature_building/build_hog_industry_features.py:92: FutureWarning: The default fill_method='pad' in Series.pct_change is deprecated and will be removed in a future version. Either fill in any non-leading NA values prior to calling pct_change or specify 'fill_method=None' to not fill NA values.
  out[f"{col}_ret1"] = out[col].pct_change()
/root/workspace/stock_realtime_v021_full/feature_building/build_hog_industry_features.py:92: FutureWarning: The default fill_method='pad' in Series.pct_change is deprecated and will be removed in a future version. Either fill in any non-leading NA values prior to calling pct_change or specify 'fill_method=None' to not fill NA values.
  out[f"{col}_ret1"] = out[col].pct_change()
/root/workspace/stock_realtime_v021_full/feature_building/build_hog_industry_features.py:92: FutureWarning: The default fill_method='pad' in Series.pct_change is deprecated and will be removed in a future version. Either fill in any non-leading NA values prior to calling pct_change or specify 'fill_method=None' to not fill NA values.
  out[f"{col}_ret1"] = out[col].pct_change()
/root/workspace/stock_realtime_v021_full/feature_building/build_hog_industry_features.py:92: FutureWarning: The default fill_method='pad' in Series.pct_change is deprecated and will be removed in a future version. Either fill in any non-leading NA values prior to calling pct_change or specify 'fill_method=None' to not fill NA values.
  out[f"{col}_ret1"] = out[col].pct_change()
{
  "sample_rows": 1535,
  "raw_rows": 1551,
  "raw_date_min": "2018-11-04",
  "raw_date_max": "2026-05-11",
  "feature_cols": 80,
  "lag_days": 1,
  "errors": {},
  "top_missing": {
    "hog_pork_wholesale_ret20": 0.9700325732899023,
    "hog_pork_wholesale_z60": 0.9700325732899023,
    "hog_pork_wholesale_ret5": 0.9680781758957655,
    "hog_pork_wholesale_z20": 0.9674267100977199,
    "hog_pork_wholesale_ma20_gap": 0.9674267100977199,
    "hog_pork_wholesale_ret1": 0.9648208469055375,
    "hog_pork_wholesale": 0.9641693811074918,
    "hog_pig_corn_ratio_z60": 0.9322475570032573,
    "hog_pig_corn_ratio_ma20_gap": 0.9022801302931596,
    "hog_pig_corn_ratio_z20": 0.9022801302931596,
    "hog_sow_ret5": 0.9009771986970684,
    "hog_sow_ret20": 0.9009771986970684,
    "hog_fut_spot_basis_z60": 0.8866449511400651,
    "hog_fut_spot_basis": 0.8762214983713354,
    "hog_pig_corn_ratio_ret20": 0.8690553745928339,
    "hog_sow_z20": 0.8684039087947882,
    "hog_sow_ma20_gap": 0.8684039087947882,
    "hog_sow_z60": 0.8657980456026059,
    "hog_corn_ret20": 0.8527687296416938,
    "hog_soymeal_ret20": 0.8527687296416938,
    "hog_feed_cost_ret20": 0.8527687296416938,
    "hog_soymeal_z60": 0.8527687296416938,
    "hog_spot_ret20": 0.8527687296416938,
    "hog_corn_z60": 0.8527687296416938,
    "hog_spot_z60": 0.8527687296416938,
    "hog_soymeal_ma20_gap": 0.847557003257329,
    "hog_spot_z20": 0.847557003257329,
    "hog_corn_ma20_gap": 0.847557003257329,
    "hog_soymeal_z20": 0.847557003257329,
    "hog_corn_z20": 0.847557003257329
  },
  "outputs": {
    "raw": "/root/workspace/stock_realtime_v021_full/saved_data/002714_pipeline_out/04_external/hog/hog_industry_raw.csv",
    "features": "/root/workspace/stock_realtime_v021_full/saved_data/002714_pipeline_out/04_external/hog/hog_industry_features.csv",
    "merged_samples": "/root/workspace/stock_realtime_v021_full/saved_data/002714_pipeline_out/04_external/hog/training_samples_with_hog_industry.csv"
  }
}

[2026-05-11T13:08:41] RUN external_muyuan_hk
  /usr/bin/python3 feature_building/build_muyuan_hk_external_features.py --samples /root/workspace/stock_realtime_v021_full/saved_data/002714_pipeline_out/04_external/hog/training_samples_with_hog_industry.csv --out-dir /root/workspace/stock_realtime_v021_full/saved_data/002714_pipeline_out/04_external/muyuan_hk --lag-days 1
{
  "sample_rows": 1535,
  "external_rows": 1560,
  "external_date_min": "2020-01-02",
  "external_date_max": "2026-05-08",
  "feature_cols": 121,
  "lag_days": 1,
  "symbols": {
    "02714": "hog_hk_muyuan",
    "01610": "hog_hk_cofco_joycome",
    "00288": "hog_hk_wh_group",
    "01068": "hog_hk_yurun_food",
    "01117": "hog_hk_modern_dairy"
  },
  "errors": {},
  "top_missing": {
    "hog_hk_muyuan_close_ret20": 0.9752442996742671,
    "hog_hk_muyuan_volume_ret20": 0.9752442996742671,
    "hog_hk_muyuan_amount_ret20": 0.9752442996742671,
    "hog_hk_muyuan_close_ma20_gap": 0.968729641693811,
    "hog_hk_muyuan_volume_ma20_gap": 0.968729641693811,
    "hog_hk_muyuan_close_z20": 0.968729641693811,
    "hog_hk_muyuan_volume_z20": 0.968729641693811,
    "hog_hk_muyuan_amount_z20": 0.968729641693811,
    "hog_hk_muyuan_amount_ma20_gap": 0.968729641693811,
    "hog_hk_muyuan_close_ret5": 0.9674267100977199,
    "hog_hk_muyuan_amount_ret5": 0.9674267100977199,
    "hog_hk_muyuan_volume_ret5": 0.9674267100977199,
    "hog_hk_muyuan_close_ret1": 0.9648208469055375,
    "hog_hk_muyuan_volume_ret1": 0.9648208469055375,
    "hog_hk_muyuan_amount_ret1": 0.9648208469055375,
    "hog_hk_muyuan_open": 0.9641693811074918,
    "hog_hk_muyuan_close": 0.9641693811074918,
    "hog_hk_muyuan_high": 0.9641693811074918,
    "hog_hk_muyuan_source": 0.9641693811074918,
    "hog_hk_muyuan_volume": 0.9641693811074918,
    "hog_hk_muyuan_amount": 0.9641693811074918,
    "hog_hk_muyuan_low": 0.9641693811074918,
    "hog_hk_proxy_close_mean_ret20": 0.013680781758957655,
    "stock_vs_hog_hk_proxy_ret20": 0.013029315960912053,
    "hog_hk_yurun_food_low": 0.011074918566775244,
    "hog_hk_yurun_food_volume_ret20": 0.011074918566775244,
    "hog_hk_yurun_food_volume_ma20_gap": 0.011074918566775244,
    "hog_hk_yurun_food_close_ret5": 0.011074918566775244,
    "hog_hk_yurun_food_close_ret20": 0.011074918566775244,
    "hog_hk_yurun_food_close_ma20_gap": 0.011074918566775244
  },
  "outputs": {
    "features": "/root/workspace/stock_realtime_v021_full/saved_data/002714_pipeline_out/04_external/muyuan_hk/hog_hk_external_features.csv",
    "merged_samples": "/root/workspace/stock_realtime_v021_full/saved_data/002714_pipeline_out/04_external/muyuan_hk/training_samples_with_hk_external.csv"
  }
}
[INFO] final samples for search: /root/workspace/stock_realtime_v021_full/saved_data/002714_pipeline_out/04_external/muyuan_hk/training_samples_with_hk_external.csv

[2026-05-11T13:08:45] RUN search_vwap_low_hit_50bps
  /usr/bin/python3 model_training/search_walk_forward_model_complexity.py --samples /root/workspace/stock_realtime_v021_full/saved_data/002714_pipeline_out/04_external/muyuan_hk/training_samples_with_hk_external.csv --intraday-bars /root/workspace/stock_realtime_v021_full/saved_data/002714_pipeline_out/00_base/002714_5m.csv --out-dir /root/workspace/stock_realtime_v021_full/saved_data/002714_pipeline_out/10_search/search_vwap_low_hit_50bps --round-trip-cost-bps 1.7 --target-hit-bps 50.0 --label-mode hit --entry-policy vwap_low --entry-vwap-premium-bps 50.0 --max-missing 0.35 --groups reversal_fundamental_regime,reversal_fundamental_regime_sector,all_no_ak --models xgb_d2_200_lr003_mcw5,xgb_d3_400_lr003_mcw3,xgb_d3_600_lr002_mcw3,xgb_d4_500_lr002_mcw5,lgbm_leaves7_400,lgbm_leaves15_700,extra_trees_600_d3,random_forest_600_d4 --quantiles 0.5,0.6,0.7,0.8 --train-rows 756 --valid-rows 126 --test-rows 63 --min-valid-trades 8 --min-train-entries 80
{
  "rows": 1534,
  "target_hit_bps": 50.0,
  "label_mode": "hit",
  "entry_policy": "vwap_low",
  "entry_vwap_premium_bps": 50.0,
  "groups": {
    "reversal_fundamental_regime": 137,
    "reversal_fundamental_regime_sector": 160,
    "all_no_ak": 338
  },
  "models": [
    "xgb_d2_200_lr003_mcw5",
    "xgb_d3_400_lr003_mcw3",
    "xgb_d3_600_lr002_mcw3",
    "xgb_d4_500_lr002_mcw5",
    "extra_trees_600_d3",
    "random_forest_600_d4",
    "lgbm_leaves7_400",
    "lgbm_leaves15_700"
  ],
  "top": [
    {
      "entry_policy": "vwap_low",
      "feature_group": "reversal_fundamental_regime_sector",
      "model_name": "extra_trees_600_d3",
      "target_hit_bps": 50.0,
      "trades": 278,
      "win_rate": 0.7553956834532374,
      "avg_return": 0.0005771596345931717,
      "median_return": 0.005,
      "compound_return": 0.15949154026063073,
      "max_drawdown": -0.11184369456548293,
      "profit_factor": 1.1839359039572637,
      "windows": 10
    },
    {
      "entry_policy": "vwap_low",
      "feature_group": "reversal_fundamental_regime_sector",
      "model_name": "xgb_d4_500_lr002_mcw5",
      "target_hit_bps": 50.0,
      "trades": 212,
      "win_rate": 0.7688679245283019,
      "avg_return": 0.0007019741197414396,
      "median_return": 0.005,
      "compound_return": 0.15067032400177682,
      "max_drawdown": -0.08440113555740059,
      "profit_factor": 1.2269237786347398,
      "windows": 10
    },
    {
      "entry_policy": "vwap_low",
      "feature_group": "all_no_ak",
      "model_name": "xgb_d3_600_lr002_mcw3",
      "target_hit_bps": 50.0,
      "trades": 242,
      "win_rate": 0.7727272727272727,
      "avg_return": 0.00046616747817546827,
      "median_return": 0.005,
      "compound_return": 0.1052467163429176,
      "max_drawdown": -0.08214087390711455,
      "profit_factor": 1.1393621508684915,
      "windows": 10
    },
    {
      "entry_policy": "vwap_low",
      "feature_group": "reversal_fundamental_regime_sector",
      "model_name": "xgb_d2_200_lr003_mcw5",
      "target_hit_bps": 50.0,
      "trades": 270,
      "win_rate": 0.762962962962963,
      "avg_return": 0.0003897581658009408,
      "median_return": 0.005,
      "compound_return": 0.09554130813240946,
      "max_drawdown": -0.10216941431899362,
      "profit_factor": 1.1161903622026557,
      "windows": 10
    },
    {
      "entry_policy": "vwap_low",
      "feature_group": "all_no_ak",
      "model_name": "xgb_d2_200_lr003_mcw5",
      "target_hit_bps": 50.0,
      "trades": 258,
      "win_rate": 0.7674418604651163,
      "avg_return": 0.0003858569455196143,
      "median_return": 0.005,
      "compound_return": 0.08900723208443861,
      "max_drawdown": -0.09059048912230072,
      "profit_factor": 1.113116498499299,
      "windows": 10
    },
    {
      "entry_policy": "vwap_low",
      "feature_group": "all_no_ak",
      "model_name": "lgbm_leaves15_700",
      "target_hit_bps": 50.0,
      "trades": 221,
      "win_rate": 0.7601809954751131,
      "avg_return": 0.00038515463393377783,
      "median_return": 0.005,
      "compound_return": 0.07650827439698049,
      "max_drawdown": -0.07868834760255983,
      "profit_factor": 1.115506396094622,
      "windows": 10
    },
    {
      "entry_policy": "vwap_low",
      "feature_group": "reversal_fundamental_regime_sector",
      "model_name": "lgbm_leaves7_400",
      "target_hit_bps": 50.0,
      "trades": 273,
      "win_rate": 0.7545787545787546,
      "avg_return": 0.0002766425392174644,
      "median_return": 0.005,
      "compound_return": 0.06283536690158864,
      "max_drawdown": -0.09600573024020109,
      "profit_factor": 1.0805694374585983,
      "windows": 10
    },
    {
      "entry_policy": "vwap_low",
      "feature_group": "reversal_fundamental_regime",
      "model_name": "random_forest_600_d4",
      "target_hit_bps": 50.0,
      "trades": 240,
      "win_rate": 0.7791666666666667,
      "avg_return": 0.00030095187304707223,
      "median_return": 0.005,
      "compound_return": 0.05887592708465372,
      "max_drawdown": -0.14035562010078695,
      "profit_factor": 1.0844198320890932,
      "windows": 10
    },
    {
      "entry_policy": "vwap_low",
      "feature_group": "reversal_fundamental_regime_sector",
      "model_name": "xgb_d3_600_lr002_mcw3",
      "target_hit_bps": 50.0,
      "trades": 186,
      "win_rate": 0.7473118279569892,
      "avg_return": 8.591555827426736e-05,
      "median_return": 0.005,
      "compound_return": 0.007038614438867885,
      "max_drawdown": -0.0931358249876797,
      "profit_factor": 1.0237632237177097,
      "windows": 10
    },
    {
      "entry_policy": "vwap_low",
      "feature_group": "reversal_fundamental_regime",
      "model_name": "lgbm_leaves15_700",
      "target_hit_bps": 50.0,
      "trades": 230,
      "win_rate": 0.7434782608695653,
      "avg_return": 6.304382234835038e-05,
      "median_return": 0.005,
      "compound_return": 0.0022185688106282075,
      "max_drawdown": -0.13432560250788672,
      "profit_factor": 1.017320805116483,
      "windows": 10
    },
    {
      "entry_policy": "vwap_low",
      "feature_group": "all_no_ak",
      "model_name": "xgb_d4_500_lr002_mcw5",
      "target_hit_bps": 50.0,
      "trades": 226,
      "win_rate": 0.7522123893805309,
      "avg_return": 4.842310006419945e-05,
      "median_return": 0.005,
      "compound_return": -0.0022599270784321446,
      "max_drawdown": -0.13883336183628792,
      "profit_factor": 1.013261368438481,
      "windows": 10
    },
    {
      "entry_policy": "vwap_low",
      "feature_group": "all_no_ak",
      "model_name": "random_forest_600_d4",
      "target_hit_bps": 50.0,
      "trades": 259,
      "win_rate": 0.7683397683397684,
      "avg_return": 4.357827262394145e-05,
      "median_return": 0.005,
      "compound_return": -0.005287108356605952,
      "max_drawdown": -0.127876586430001,
      "profit_factor": 1.011623653536923,
      "windows": 10
    },
    {
      "entry_policy": "vwap_low",
      "feature_group": "all_no_ak",
      "model_name": "extra_trees_600_d3",
      "target_hit_bps": 50.0,
      "trades": 292,
      "win_rate": 0.7328767123287672,
      "avg_return": 1.4064568325277431e-06,
      "median_return": 0.005,
      "compound_return": -0.014006418992598801,
      "max_drawdown": -0.178425597918342,
      "profit_factor": 1.0003903532016667,
      "windows": 10
    },
    {
      "entry_policy": "vwap_low",
      "feature_group": "reversal_fundamental_regime",
      "model_name": "lgbm_leaves7_400",
      "target_hit_bps": 50.0,
      "trades": 192,
      "win_rate": 0.7552083333333334,
      "avg_return": -6.89174293911574e-05,
      "median_return": 0.005,
      "compound_return": -0.02423811012054078,
      "max_drawdown": -0.18430917731431273,
      "profit_factor": 0.981994147979972,
      "windows": 10
    },
    {
      "entry_policy": "vwap_low",
      "feature_group": "reversal_fundamental_regime_sector",
      "model_name": "lgbm_leaves15_700",
      "target_hit_bps": 50.0,
      "trades": 231,
      "win_rate": 0.7402597402597403,
      "avg_return": -5.2753087479809585e-05,
      "median_return": 0.005,
      "compound_return": -0.024637832236197643,
      "max_drawdown": -0.12417599839811244,
      "profit_factor": 0.9858409161477671,
      "windows": 10
    },
    {
      "entry_policy": "vwap_low",
      "feature_group": "reversal_fundamental_regime",
      "model_name": "xgb_d4_500_lr002_mcw5",
      "target_hit_bps": 50.0,
      "trades": 196,
      "win_rate": 0.7551020408163265,
      "avg_return": -7.569106039358459e-05,
      "median_return": 0.005,
      "compound_return": -0.026012481151021838,
      "max_drawdown": -0.14177719683700163,
      "profit_factor": 0.9801572333976623,
      "windows": 10
    },
    {
      "entry_policy": "vwap_low",
      "feature_group": "reversal_fundamental_regime_sector",
      "model_name": "xgb_d3_400_lr003_mcw3",
      "target_hit_bps": 50.0,
      "trades": 169,
      "win_rate": 0.7455621301775148,
      "avg_return": -9.71766251022127e-05,
      "median_return": 0.005,
      "compound_return": -0.026143161008076454,
      "max_drawdown": -0.10638187608306704,
      "profit_factor": 0.9741799284096964,
      "windows": 10
    },
    {
      "entry_policy": "vwap_low",
      "feature_group": "reversal_fundamental_regime",
      "model_name": "xgb_d3_600_lr002_mcw3",
      "target_hit_bps": 50.0,
      "trades": 214,
      "win_rate": 0.7383177570093458,
      "avg_return": -8.717867041947758e-05,
      "median_return": 0.005,
      "compound_return": -0.030095567751806107,
      "max_drawdown": -0.11093785689570512,
      "profit_factor": 0.9768333128823538,
      "windows": 10
    },
    {
      "entry_policy": "vwap_low",
      "feature_group": "reversal_fundamental_regime",
      "model_name": "xgb_d2_200_lr003_mcw5",
      "target_hit_bps": 50.0,
      "trades": 204,
      "win_rate": 0.75,
      "avg_return": -0.00012366186589293405,
      "median_return": 0.005,
      "compound_return": -0.03672479971956799,
      "max_drawdown": -0.1166650554929366,
      "profit_factor": 0.9677833003772529,
      "windows": 10
    },
    {
      "entry_policy": "vwap_low",
      "feature_group": "all_no_ak",
      "model_name": "xgb_d3_400_lr003_mcw3",
      "target_hit_bps": 50.0,
      "trades": 193,
      "win_rate": 0.7357512953367875,
      "avg_return": -0.00016785882934502267,
      "median_return": 0.005,
      "compound_return": -0.04270217486545058,
      "max_drawdown": -0.14854626328108234,
      "profit_factor": 0.9556253740063585,
      "windows": 10
    }
  ]
}

[2026-05-11T13:18:49] RUN search_vwap_low_hit_80bps
  /usr/bin/python3 model_training/search_walk_forward_model_complexity.py --samples /root/workspace/stock_realtime_v021_full/saved_data/002714_pipeline_out/04_external/muyuan_hk/training_samples_with_hk_external.csv --intraday-bars /root/workspace/stock_realtime_v021_full/saved_data/002714_pipeline_out/00_base/002714_5m.csv --out-dir /root/workspace/stock_realtime_v021_full/saved_data/002714_pipeline_out/10_search/search_vwap_low_hit_80bps --round-trip-cost-bps 1.7 --target-hit-bps 80.0 --label-mode hit --entry-policy vwap_low --entry-vwap-premium-bps 50.0 --max-missing 0.35 --groups reversal_fundamental_regime,reversal_fundamental_regime_sector,all_no_ak --models xgb_d2_200_lr003_mcw5,xgb_d3_400_lr003_mcw3,xgb_d3_600_lr002_mcw3,xgb_d4_500_lr002_mcw5,lgbm_leaves7_400,lgbm_leaves15_700,extra_trees_600_d3,random_forest_600_d4 --quantiles 0.5,0.6,0.7,0.8 --train-rows 756 --valid-rows 126 --test-rows 63 --min-valid-trades 8 --min-train-entries 80
{
  "rows": 1534,
  "target_hit_bps": 80.0,
  "label_mode": "hit",
  "entry_policy": "vwap_low",
  "entry_vwap_premium_bps": 50.0,
  "groups": {
    "reversal_fundamental_regime": 137,
    "reversal_fundamental_regime_sector": 160,
    "all_no_ak": 338
  },
  "models": [
    "xgb_d2_200_lr003_mcw5",
    "xgb_d3_400_lr003_mcw3",
    "xgb_d3_600_lr002_mcw3",
    "xgb_d4_500_lr002_mcw5",
    "extra_trees_600_d3",
    "random_forest_600_d4",
    "lgbm_leaves7_400",
    "lgbm_leaves15_700"
  ],
  "top": [
    {
      "entry_policy": "vwap_low",
      "feature_group": "all_no_ak",
      "model_name": "xgb_d3_600_lr002_mcw3",
      "target_hit_bps": 80.0,
      "trades": 267,
      "win_rate": 0.6704119850187266,
      "avg_return": 0.0007264905586172088,
      "median_return": 0.008,
      "compound_return": 0.19216187046334587,
      "max_drawdown": -0.18784996829842704,
      "profit_factor": 1.169035245798159,
      "windows": 10
    },
    {
      "entry_policy": "vwap_low",
      "feature_group": "reversal_fundamental_regime",
      "model_name": "xgb_d3_400_lr003_mcw3",
      "target_hit_bps": 80.0,
      "trades": 268,
      "win_rate": 0.6529850746268657,
      "avg_return": 0.0004551968086224276,
      "median_return": 0.008,
      "compound_return": 0.10658222788140326,
      "max_drawdown": -0.13216753906380885,
      "profit_factor": 1.0993647317912782,
      "windows": 10
    },
    {
      "entry_policy": "vwap_low",
      "feature_group": "all_no_ak",
      "model_name": "xgb_d4_500_lr002_mcw5",
      "target_hit_bps": 80.0,
      "trades": 244,
      "win_rate": 0.6557377049180327,
      "avg_return": 0.0004106537926427529,
      "median_return": 0.008,
      "compound_return": 0.08630650733731104,
      "max_drawdown": -0.10711031348902333,
      "profit_factor": 1.0901814055314674,
      "windows": 10
    },
    {
      "entry_policy": "vwap_low",
      "feature_group": "all_no_ak",
      "model_name": "xgb_d2_200_lr003_mcw5",
      "target_hit_bps": 80.0,
      "trades": 228,
      "win_rate": 0.6578947368421053,
      "avg_return": 0.00023615060186426618,
      "median_return": 0.008,
      "compound_return": 0.03589468649775296,
      "max_drawdown": -0.2063901061880734,
      "profit_factor": 1.0502751703381634,
      "windows": 10
    },
    {
      "entry_policy": "vwap_low",
      "feature_group": "all_no_ak",
      "model_name": "random_forest_600_d4",
      "target_hit_bps": 80.0,
      "trades": 274,
      "win_rate": 0.6423357664233577,
      "avg_return": 0.0001715913777518883,
      "median_return": 0.008,
      "compound_return": 0.025465483952365142,
      "max_drawdown": -0.1860552234472047,
      "profit_factor": 1.0361156096478505,
      "windows": 10
    },
    {
      "entry_policy": "vwap_low",
      "feature_group": "reversal_fundamental_regime_sector",
      "model_name": "random_forest_600_d4",
      "target_hit_bps": 80.0,
      "trades": 202,
      "win_rate": 0.6633663366336634,
      "avg_return": 0.00021325600018483546,
      "median_return": 0.008,
      "compound_return": 0.025073033438714587,
      "max_drawdown": -0.20720069730869162,
      "profit_factor": 1.0433367099143622,
      "windows": 10
    },
    {
      "entry_policy": "vwap_low",
      "feature_group": "all_no_ak",
      "model_name": "xgb_d3_400_lr003_mcw3",
      "target_hit_bps": 80.0,
      "trades": 251,
      "win_rate": 0.6414342629482072,
      "avg_return": 5.786070505620179e-05,
      "median_return": 0.008,
      "compound_return": -0.005757804714874082,
      "max_drawdown": -0.17240238929771257,
      "profit_factor": 1.0120367562359307,
      "windows": 10
    },
    {
      "entry_policy": "vwap_low",
      "feature_group": "reversal_fundamental_regime_sector",
      "model_name": "extra_trees_600_d3",
      "target_hit_bps": 80.0,
      "trades": 255,
      "win_rate": 0.6431372549019608,
      "avg_return": 5.979248957346425e-05,
      "median_return": 0.008,
      "compound_return": -0.006164529288917531,
      "max_drawdown": -0.21152070174626758,
      "profit_factor": 1.0122242068566711,
      "windows": 10
    },
    {
      "entry_policy": "vwap_low",
      "feature_group": "reversal_fundamental_regime",
      "model_name": "extra_trees_600_d3",
      "target_hit_bps": 80.0,
      "trades": 245,
      "win_rate": 0.6408163265306123,
      "avg_return": 5.239587822238674e-05,
      "median_return": 0.008,
      "compound_return": -0.008031811023741842,
      "max_drawdown": -0.20043729568616042,
      "profit_factor": 1.0107313643917888,
      "windows": 10
    },
    {
      "entry_policy": "vwap_low",
      "feature_group": "reversal_fundamental_regime",
      "model_name": "random_forest_600_d4",
      "target_hit_bps": 80.0,
      "trades": 208,
      "win_rate": 0.6586538461538461,
      "avg_return": -1.151181100144913e-05,
      "median_return": 0.008,
      "compound_return": -0.022018360266083947,
      "max_drawdown": -0.22250721127861173,
      "profit_factor": 0.9977585537098661,
      "windows": 10
    },
    {
      "entry_policy": "vwap_low",
      "feature_group": "reversal_fundamental_regime_sector",
      "model_name": "xgb_d2_200_lr003_mcw5",
      "target_hit_bps": 80.0,
      "trades": 198,
      "win_rate": 0.6363636363636364,
      "avg_return": -7.139976755183502e-05,
      "median_return": 0.008,
      "compound_return": -0.028994120142961988,
      "max_drawdown": -0.16990704058971018,
      "profit_factor": 0.9854582769878528,
      "windows": 10
    },
    {
      "entry_policy": "vwap_low",
      "feature_group": "reversal_fundamental_regime",
      "model_name": "xgb_d2_200_lr003_mcw5",
      "target_hit_bps": 80.0,
      "trades": 206,
      "win_rate": 0.6407766990291263,
      "avg_return": -6.835152929901131e-05,
      "median_return": 0.008,
      "compound_return": -0.03141412501873719,
      "max_drawdown": -0.18115254144591864,
      "profit_factor": 0.9864460570080199,
      "windows": 10
    },
    {
      "entry_policy": "vwap_low",
      "feature_group": "all_no_ak",
      "model_name": "extra_trees_600_d3",
      "target_hit_bps": 80.0,
      "trades": 388,
      "win_rate": 0.634020618556701,
      "avg_return": -5.003896050055491e-05,
      "median_return": 0.008,
      "compound_return": -0.05041647199609922,
      "max_drawdown": -0.22793446187370148,
      "profit_factor": 0.9897235911358937,
      "windows": 10
    },
    {
      "entry_policy": "vwap_low",
      "feature_group": "reversal_fundamental_regime_sector",
      "model_name": "xgb_d3_600_lr002_mcw3",
      "target_hit_bps": 80.0,
      "trades": 169,
      "win_rate": 0.621301775147929,
      "avg_return": -0.0002487387746763655,
      "median_return": 0.008,
      "compound_return": -0.052207333760657226,
      "max_drawdown": -0.15480885901688846,
      "profit_factor": 0.9499949398912504,
      "windows": 10
    },
    {
      "entry_policy": "vwap_low",
      "feature_group": "reversal_fundamental_regime",
      "model_name": "xgb_d3_600_lr002_mcw3",
      "target_hit_bps": 80.0,
      "trades": 220,
      "win_rate": 0.6227272727272727,
      "avg_return": -0.0002879840467187086,
      "median_return": 0.008,
      "compound_return": -0.07884386626767648,
      "max_drawdown": -0.16760992898469085,
      "profit_factor": 0.9436800731209942,
      "windows": 10
    },
    {
      "entry_policy": "vwap_low",
      "feature_group": "reversal_fundamental_regime_sector",
      "model_name": "lgbm_leaves7_400",
      "target_hit_bps": 80.0,
      "trades": 241,
      "win_rate": 0.6182572614107884,
      "avg_return": -0.00028128819749026344,
      "median_return": 0.008,
      "compound_return": -0.08225350525648645,
      "max_drawdown": -0.15336602764350205,
      "profit_factor": 0.9431774261393379,
      "windows": 10
    },
    {
      "entry_policy": "vwap_low",
      "feature_group": "reversal_fundamental_regime",
      "model_name": "lgbm_leaves7_400",
      "target_hit_bps": 80.0,
      "trades": 202,
      "win_rate": 0.6188118811881188,
      "avg_return": -0.0004001078388811185,
      "median_return": 0.008,
      "compound_return": -0.09210628956730804,
      "max_drawdown": -0.16868368282700408,
      "profit_factor": 0.92153506899939,
      "windows": 10
    },
    {
      "entry_policy": "vwap_low",
      "feature_group": "all_no_ak",
      "model_name": "lgbm_leaves15_700",
      "target_hit_bps": 80.0,
      "trades": 272,
      "win_rate": 0.6470588235294118,
      "avg_return": -0.00027545328402017375,
      "median_return": 0.008,
      "compound_return": -0.09447011157230378,
      "max_drawdown": -0.2948543358945809,
      "profit_factor": 0.9470260988694974,
      "windows": 10
    },
    {
      "entry_policy": "vwap_low",
      "feature_group": "all_no_ak",
      "model_name": "lgbm_leaves7_400",
      "target_hit_bps": 80.0,
      "trades": 228,
      "win_rate": 0.6491228070175439,
      "avg_return": -0.0003561074962214961,
      "median_return": 0.008,
      "compound_return": -0.09710564940583488,
      "max_drawdown": -0.2695383209952581,
      "profit_factor": 0.9329789112038924,
      "windows": 10
    },
    {
      "entry_policy": "vwap_low",
      "feature_group": "reversal_fundamental_regime",
      "model_name": "lgbm_leaves15_700",
      "target_hit_bps": 80.0,
      "trades": 224,
      "win_rate": 0.6026785714285714,
      "avg_return": -0.00042358519106631997,
      "median_return": 0.008,
      "compound_return": -0.10573216336463209,
      "max_drawdown": -0.16558410901728182,
      "profit_factor": 0.9165191508727836,
      "windows": 10
    }
  ]
}

[2026-05-11T13:29:01] RUN search_vwap_low_close_profit_50bps
  /usr/bin/python3 model_training/search_walk_forward_model_complexity.py --samples /root/workspace/stock_realtime_v021_full/saved_data/002714_pipeline_out/04_external/muyuan_hk/training_samples_with_hk_external.csv --intraday-bars /root/workspace/stock_realtime_v021_full/saved_data/002714_pipeline_out/00_base/002714_5m.csv --out-dir /root/workspace/stock_realtime_v021_full/saved_data/002714_pipeline_out/10_search/search_vwap_low_close_profit_50bps --round-trip-cost-bps 1.7 --target-hit-bps 50.0 --label-mode close_profit --entry-policy vwap_low --entry-vwap-premium-bps 50.0 --max-missing 0.35 --groups reversal_fundamental_regime,reversal_fundamental_regime_sector,all_no_ak --models xgb_d2_200_lr003_mcw5,xgb_d3_400_lr003_mcw3,xgb_d3_600_lr002_mcw3,xgb_d4_500_lr002_mcw5,lgbm_leaves7_400,lgbm_leaves15_700,extra_trees_600_d3,random_forest_600_d4 --quantiles 0.5,0.6,0.7,0.8 --train-rows 756 --valid-rows 126 --test-rows 63 --min-valid-trades 8 --min-train-entries 80
{
  "rows": 1534,
  "target_hit_bps": 50.0,
  "label_mode": "close_profit",
  "entry_policy": "vwap_low",
  "entry_vwap_premium_bps": 50.0,
  "groups": {
    "reversal_fundamental_regime": 137,
    "reversal_fundamental_regime_sector": 160,
    "all_no_ak": 338
  },
  "models": [
    "xgb_d2_200_lr003_mcw5",
    "xgb_d3_400_lr003_mcw3",
    "xgb_d3_600_lr002_mcw3",
    "xgb_d4_500_lr002_mcw5",
    "extra_trees_600_d3",
    "random_forest_600_d4",
    "lgbm_leaves7_400",
    "lgbm_leaves15_700"
  ],
  "top": [
    {
      "entry_policy": "vwap_low",
      "feature_group": "all_no_ak",
      "model_name": "extra_trees_600_d3",
      "target_hit_bps": 50.0,
      "trades": 129,
      "win_rate": 0.5193798449612403,
      "avg_return": 0.0037756462819884496,
      "median_return": 0.0009463829193414632,
      "compound_return": 0.5687980244611703,
      "max_drawdown": -0.1283871656391321,
      "profit_factor": 1.5962811460076325,
      "windows": 10
    },
    {
      "entry_policy": "vwap_low",
      "feature_group": "reversal_fundamental_regime_sector",
      "model_name": "random_forest_600_d4",
      "target_hit_bps": 50.0,
      "trades": 125,
      "win_rate": 0.48,
      "avg_return": 0.003197912982433739,
      "median_return": -0.00016999999999999999,
      "compound_return": 0.44778607346613697,
      "max_drawdown": -0.11493262433060725,
      "profit_factor": 1.534120280449723,
      "windows": 10
    },
    {
      "entry_policy": "vwap_low",
      "feature_group": "reversal_fundamental_regime_sector",
      "model_name": "extra_trees_600_d3",
      "target_hit_bps": 50.0,
      "trades": 150,
      "win_rate": 0.52,
      "avg_return": 0.0024093680726997866,
      "median_return": 0.00045438128437380945,
      "compound_return": 0.3768367466324345,
      "max_drawdown": -0.17404784613411528,
      "profit_factor": 1.3535470988114169,
      "windows": 10
    },
    {
      "entry_policy": "vwap_low",
      "feature_group": "reversal_fundamental_regime_sector",
      "model_name": "lgbm_leaves7_400",
      "target_hit_bps": 50.0,
      "trades": 183,
      "win_rate": 0.46994535519125685,
      "avg_return": 0.0017631658862277376,
      "median_return": -0.0017252099533437946,
      "compound_return": 0.3286227240853361,
      "max_drawdown": -0.16363302222503884,
      "profit_factor": 1.2849550777805792,
      "windows": 10
    },
    {
      "entry_policy": "vwap_low",
      "feature_group": "all_no_ak",
      "model_name": "xgb_d2_200_lr003_mcw5",
      "target_hit_bps": 50.0,
      "trades": 155,
      "win_rate": 0.5096774193548387,
      "avg_return": 0.0019196591671226083,
      "median_return": 9.062027625739505e-05,
      "compound_return": 0.30134164305016253,
      "max_drawdown": -0.15437111249112612,
      "profit_factor": 1.3161942068258674,
      "windows": 10
    },
    {
      "entry_policy": "vwap_low",
      "feature_group": "all_no_ak",
      "model_name": "lgbm_leaves7_400",
      "target_hit_bps": 50.0,
      "trades": 189,
      "win_rate": 0.4708994708994709,
      "avg_return": 0.0016067794753896545,
      "median_return": -0.0004324671916009458,
      "compound_return": 0.29662673791473293,
      "max_drawdown": -0.24104814161456556,
      "profit_factor": 1.2508315192708799,
      "windows": 10
    },
    {
      "entry_policy": "vwap_low",
      "feature_group": "all_no_ak",
      "model_name": "xgb_d4_500_lr002_mcw5",
      "target_hit_bps": 50.0,
      "trades": 190,
      "win_rate": 0.48947368421052634,
      "avg_return": 0.0015406762285580192,
      "median_return": -0.00016999999999999999,
      "compound_return": 0.2806302357097761,
      "max_drawdown": -0.19601623681887048,
      "profit_factor": 1.2357122037032287,
      "windows": 10
    },
    {
      "entry_policy": "vwap_low",
      "feature_group": "all_no_ak",
      "model_name": "xgb_d3_600_lr002_mcw3",
      "target_hit_bps": 50.0,
      "trades": 189,
      "win_rate": 0.4708994708994709,
      "avg_return": 0.0015213476576779457,
      "median_return": -0.0004324671916009458,
      "compound_return": 0.2790403012454039,
      "max_drawdown": -0.2412666763808584,
      "profit_factor": 1.2374203707040605,
      "windows": 10
    },
    {
      "entry_policy": "vwap_low",
      "feature_group": "reversal_fundamental_regime_sector",
      "model_name": "xgb_d4_500_lr002_mcw5",
      "target_hit_bps": 50.0,
      "trades": 188,
      "win_rate": 0.48936170212765956,
      "avg_return": 0.0014774387455736885,
      "median_return": -0.0011158232780570897,
      "compound_return": 0.2754157029627855,
      "max_drawdown": -0.1692005796850563,
      "profit_factor": 1.2416888804346295,
      "windows": 10
    },
    {
      "entry_policy": "vwap_low",
      "feature_group": "all_no_ak",
      "model_name": "lgbm_leaves15_700",
      "target_hit_bps": 50.0,
      "trades": 223,
      "win_rate": 0.4977578475336323,
      "avg_return": 0.0009897244092379588,
      "median_return": -0.00016999999999999999,
      "compound_return": 0.1951517971220198,
      "max_drawdown": -0.2257577040346863,
      "profit_factor": 1.1583664179862085,
      "windows": 10
    },
    {
      "entry_policy": "vwap_low",
      "feature_group": "reversal_fundamental_regime",
      "model_name": "xgb_d4_500_lr002_mcw5",
      "target_hit_bps": 50.0,
      "trades": 226,
      "win_rate": 0.48672566371681414,
      "avg_return": 0.0008788473135594519,
      "median_return": -0.0006720569909340855,
      "compound_return": 0.17163394322686432,
      "max_drawdown": -0.19170769676514032,
      "profit_factor": 1.1436098495179983,
      "windows": 10
    },
    {
      "entry_policy": "vwap_low",
      "feature_group": "reversal_fundamental_regime",
      "model_name": "extra_trees_600_d3",
      "target_hit_bps": 50.0,
      "trades": 182,
      "win_rate": 0.5,
      "avg_return": 0.0010798839588271976,
      "median_return": -6.733059548258075e-05,
      "compound_return": 0.17084935607313678,
      "max_drawdown": -0.17452647374901165,
      "profit_factor": 1.1683121788728026,
      "windows": 10
    },
    {
      "entry_policy": "vwap_low",
      "feature_group": "reversal_fundamental_regime",
      "model_name": "random_forest_600_d4",
      "target_hit_bps": 50.0,
      "trades": 157,
      "win_rate": 0.4713375796178344,
      "avg_return": 0.0011902062076261587,
      "median_return": -0.000902421875,
      "compound_return": 0.16271061423973943,
      "max_drawdown": -0.15760944429056112,
      "profit_factor": 1.1764304148612206,
      "windows": 10
    },
    {
      "entry_policy": "vwap_low",
      "feature_group": "reversal_fundamental_regime_sector",
      "model_name": "xgb_d2_200_lr003_mcw5",
      "target_hit_bps": 50.0,
      "trades": 153,
      "win_rate": 0.48366013071895425,
      "avg_return": 0.0011182384649457977,
      "median_return": -0.0006645598417408492,
      "compound_return": 0.15364327127621014,
      "max_drawdown": -0.17090997273041542,
      "profit_factor": 1.180696850388625,
      "windows": 10
    },
    {
      "entry_policy": "vwap_low",
      "feature_group": "all_no_ak",
      "model_name": "random_forest_600_d4",
      "target_hit_bps": 50.0,
      "trades": 133,
      "win_rate": 0.47368421052631576,
      "avg_return": 0.0013139477938224485,
      "median_return": -0.0014924014810896412,
      "compound_return": 0.14963049835552744,
      "max_drawdown": -0.18167716519800625,
      "profit_factor": 1.1786539282641473,
      "windows": 10
    },
    {
      "entry_policy": "vwap_low",
      "feature_group": "all_no_ak",
      "model_name": "xgb_d3_400_lr003_mcw3",
      "target_hit_bps": 50.0,
      "trades": 217,
      "win_rate": 0.45622119815668205,
      "avg_return": 0.0006340548403610607,
      "median_return": -0.0006645598417408492,
      "compound_return": 0.09840230894979785,
      "max_drawdown": -0.24030792421407976,
      "profit_factor": 1.0994394792338003,
      "windows": 10
    },
    {
      "entry_policy": "vwap_low",
      "feature_group": "reversal_fundamental_regime",
      "model_name": "xgb_d2_200_lr003_mcw5",
      "target_hit_bps": 50.0,
      "trades": 143,
      "win_rate": 0.4825174825174825,
      "avg_return": 0.0007505429609205045,
      "median_return": -0.0010024084350720407,
      "compound_return": 0.07915845778736008,
      "max_drawdown": -0.17666729950456772,
      "profit_factor": 1.1094550714587617,
      "windows": 10
    },
    {
      "entry_policy": "vwap_low",
      "feature_group": "reversal_fundamental_regime",
      "model_name": "lgbm_leaves7_400",
      "target_hit_bps": 50.0,
      "trades": 249,
      "win_rate": 0.46184738955823296,
      "avg_return": 0.00045242493818392534,
      "median_return": -0.0009118397626114404,
      "compound_return": 0.07445844314170014,
      "max_drawdown": -0.1888070240798806,
      "profit_factor": 1.074606413701161,
      "windows": 10
    },
    {
      "entry_policy": "vwap_low",
      "feature_group": "reversal_fundamental_regime_sector",
      "model_name": "xgb_d3_600_lr002_mcw3",
      "target_hit_bps": 50.0,
      "trades": 157,
      "win_rate": 0.46496815286624205,
      "avg_return": 0.0006386268053079722,
      "median_return": -0.003000188679245338,
      "compound_return": 0.07226202840753748,
      "max_drawdown": -0.21962644497804273,
      "profit_factor": 1.0936155030550643,
      "windows": 10
    },
    {
      "entry_policy": "vwap_low",
      "feature_group": "reversal_fundamental_regime_sector",
      "model_name": "xgb_d3_400_lr003_mcw3",
      "target_hit_bps": 50.0,
      "trades": 193,
      "win_rate": 0.48186528497409326,
      "avg_return": 0.0004593353940195976,
      "median_return": -0.0010210638297873907,
      "compound_return": 0.05405274562596074,
      "max_drawdown": -0.2216005194529972,
      "profit_factor": 1.0689348137825756,
      "windows": 10
    }
  ]
}

[2026-05-11T13:39:20] RUN search_all_days_hit_50bps
  /usr/bin/python3 model_training/search_walk_forward_model_complexity.py --samples /root/workspace/stock_realtime_v021_full/saved_data/002714_pipeline_out/04_external/muyuan_hk/training_samples_with_hk_external.csv --intraday-bars /root/workspace/stock_realtime_v021_full/saved_data/002714_pipeline_out/00_base/002714_5m.csv --out-dir /root/workspace/stock_realtime_v021_full/saved_data/002714_pipeline_out/10_search/search_all_days_hit_50bps --round-trip-cost-bps 1.7 --target-hit-bps 50.0 --label-mode hit --entry-policy all_days --entry-vwap-premium-bps 50.0 --max-missing 0.35 --groups reversal_fundamental_regime,reversal_fundamental_regime_sector,all_no_ak --models xgb_d2_200_lr003_mcw5,xgb_d3_400_lr003_mcw3,xgb_d3_600_lr002_mcw3,xgb_d4_500_lr002_mcw5,lgbm_leaves7_400,lgbm_leaves15_700,extra_trees_600_d3,random_forest_600_d4 --quantiles 0.5,0.6,0.7,0.8 --train-rows 756 --valid-rows 126 --test-rows 63 --min-valid-trades 8 --min-train-entries 80
{
  "rows": 1534,
  "target_hit_bps": 50.0,
  "label_mode": "hit",
  "entry_policy": "all_days",
  "entry_vwap_premium_bps": 50.0,
  "groups": {
    "reversal_fundamental_regime": 137,
    "reversal_fundamental_regime_sector": 160,
    "all_no_ak": 338
  },
  "models": [
    "xgb_d2_200_lr003_mcw5",
    "xgb_d3_400_lr003_mcw3",
    "xgb_d3_600_lr002_mcw3",
    "xgb_d4_500_lr002_mcw5",
    "extra_trees_600_d3",
    "random_forest_600_d4",
    "lgbm_leaves7_400",
    "lgbm_leaves15_700"
  ],
  "top": [
    {
      "entry_policy": "all_days",
      "feature_group": "all_no_ak",
      "model_name": "xgb_d3_600_lr002_mcw3",
      "target_hit_bps": 50.0,
      "trades": 249,
      "win_rate": 0.7710843373493976,
      "avg_return": 0.00046597850055238153,
      "median_return": 0.005,
      "compound_return": 0.10854691830695717,
      "max_drawdown": -0.08214087390711455,
      "profit_factor": 1.139579008049144,
      "windows": 10
    },
    {
      "entry_policy": "all_days",
      "feature_group": "reversal_fundamental_regime_sector",
      "model_name": "xgb_d4_500_lr002_mcw5",
      "target_hit_bps": 50.0,
      "trades": 216,
      "win_rate": 0.7638888888888888,
      "avg_return": 0.0005069198133377981,
      "median_return": 0.005,
      "compound_return": 0.10552578368227339,
      "max_drawdown": -0.08440113555740059,
      "profit_factor": 1.1552824833452329,
      "windows": 10
    },
    {
      "entry_policy": "all_days",
      "feature_group": "all_no_ak",
      "model_name": "xgb_d2_200_lr003_mcw5",
      "target_hit_bps": 50.0,
      "trades": 261,
      "win_rate": 0.7701149425287356,
      "avg_return": 0.0004388930725826072,
      "median_return": 0.005,
      "compound_return": 0.10542415223401491,
      "max_drawdown": -0.09059048912230072,
      "profit_factor": 1.1301604851031115,
      "windows": 10
    },
    {
      "entry_policy": "all_days",
      "feature_group": "all_no_ak",
      "model_name": "lgbm_leaves15_700",
      "target_hit_bps": 50.0,
      "trades": 221,
      "win_rate": 0.7647058823529411,
      "avg_return": 0.0004895937674211278,
      "median_return": 0.005,
      "compound_return": 0.10181274545829178,
      "max_drawdown": -0.07868834760255983,
      "profit_factor": 1.1505204480768425,
      "windows": 10
    },
    {
      "entry_policy": "all_days",
      "feature_group": "reversal_fundamental_regime_sector",
      "model_name": "lgbm_leaves7_400",
      "target_hit_bps": 50.0,
      "trades": 272,
      "win_rate": 0.7536764705882353,
      "avg_return": 0.0003078274823799235,
      "median_return": 0.005,
      "compound_return": 0.07193483750345142,
      "max_drawdown": -0.08826617852965535,
      "profit_factor": 1.0905997204360416,
      "windows": 10
    },
    {
      "entry_policy": "all_days",
      "feature_group": "reversal_fundamental_regime_sector",
      "model_name": "extra_trees_600_d3",
      "target_hit_bps": 50.0,
      "trades": 288,
      "win_rate": 0.75,
      "avg_return": 0.00022168759691882053,
      "median_return": 0.005,
      "compound_return": 0.04814801968193416,
      "max_drawdown": -0.2011258371636817,
      "profit_factor": 1.0639149828126373,
      "windows": 10
    },
    {
      "entry_policy": "all_days",
      "feature_group": "reversal_fundamental_regime",
      "model_name": "random_forest_600_d4",
      "target_hit_bps": 50.0,
      "trades": 247,
      "win_rate": 0.7773279352226721,
      "avg_return": 0.00021086975564865875,
      "median_return": 0.005,
      "compound_return": 0.03715658414575573,
      "max_drawdown": -0.14035562010078695,
      "profit_factor": 1.0578251371894654,
      "windows": 10
    },
    {
      "entry_policy": "all_days",
      "feature_group": "all_no_ak",
      "model_name": "xgb_d4_500_lr002_mcw5",
      "target_hit_bps": 50.0,
      "trades": 250,
      "win_rate": 0.76,
      "avg_return": 6.193162567910698e-05,
      "median_return": 0.005,
      "compound_return": 0.0004146402239673108,
      "max_drawdown": -0.14854625634239138,
      "profit_factor": 1.0168167011098581,
      "windows": 10
    },
    {
      "entry_policy": "all_days",
      "feature_group": "reversal_fundamental_regime",
      "model_name": "lgbm_leaves7_400",
      "target_hit_bps": 50.0,
      "trades": 196,
      "win_rate": 0.7602040816326531,
      "avg_return": 3.452986508621324e-05,
      "median_return": 0.005,
      "compound_return": -0.004576019548673926,
      "max_drawdown": -0.18430917731431273,
      "profit_factor": 1.0092094634957915,
      "windows": 10
    },
    {
      "entry_policy": "all_days",
      "feature_group": "reversal_fundamental_regime",
      "model_name": "xgb_d4_500_lr002_mcw5",
      "target_hit_bps": 50.0,
      "trades": 200,
      "win_rate": 0.76,
      "avg_return": 2.5822760814286986e-05,
      "median_return": 0.005,
      "compound_return": -0.006386145043713709,
      "max_drawdown": -0.14177719683700163,
      "profit_factor": 1.0069077121431147,
      "windows": 10
    },
    {
      "entry_policy": "all_days",
      "feature_group": "reversal_fundamental_regime",
      "model_name": "xgb_d3_600_lr002_mcw3",
      "target_hit_bps": 50.0,
      "trades": 223,
      "win_rate": 0.7443946188340808,
      "avg_return": 1.7986746928214263e-05,
      "median_return": 0.005,
      "compound_return": -0.008109036792043112,
      "max_drawdown": -0.11093785689570512,
      "profit_factor": 1.004875836967906,
      "windows": 10
    },
    {
      "entry_policy": "all_days",
      "feature_group": "reversal_fundamental_regime",
      "model_name": "lgbm_leaves15_700",
      "target_hit_bps": 50.0,
      "trades": 234,
      "win_rate": 0.7435897435897436,
      "avg_return": -2.491747369690091e-05,
      "median_return": 0.005,
      "compound_return": -0.018615810100733654,
      "max_drawdown": -0.13432560250788672,
      "profit_factor": 0.9933171002288657,
      "windows": 10
    },
    {
      "entry_policy": "all_days",
      "feature_group": "reversal_fundamental_regime_sector",
      "model_name": "xgb_d2_200_lr003_mcw5",
      "target_hit_bps": 50.0,
      "trades": 274,
      "win_rate": 0.7591240875912408,
      "avg_return": -1.0481052430851493e-05,
      "median_return": 0.005,
      "compound_return": -0.021115200812616752,
      "max_drawdown": -0.14608268103025634,
      "profit_factor": 0.9971949954163796,
      "windows": 10
    },
    {
      "entry_policy": "all_days",
      "feature_group": "reversal_fundamental_regime_sector",
      "model_name": "xgb_d3_600_lr002_mcw3",
      "target_hit_bps": 50.0,
      "trades": 179,
      "win_rate": 0.7374301675977654,
      "avg_return": -9.61621545280614e-05,
      "median_return": 0.005,
      "compound_return": -0.025424803326144385,
      "max_drawdown": -0.10963511482987476,
      "profit_factor": 0.9743347112306125,
      "windows": 10
    },
    {
      "entry_policy": "all_days",
      "feature_group": "all_no_ak",
      "model_name": "xgb_d3_400_lr003_mcw3",
      "target_hit_bps": 50.0,
      "trades": 195,
      "win_rate": 0.7384615384615385,
      "avg_return": -0.00011485514904404811,
      "median_return": 0.005,
      "compound_return": -0.03310526416847692,
      "max_drawdown": -0.14854626328108234,
      "profit_factor": 0.9693226184607076,
      "windows": 10
    },
    {
      "entry_policy": "all_days",
      "feature_group": "all_no_ak",
      "model_name": "lgbm_leaves7_400",
      "target_hit_bps": 50.0,
      "trades": 228,
      "win_rate": 0.7456140350877193,
      "avg_return": -9.534625036406924e-05,
      "median_return": 0.005,
      "compound_return": -0.03464366784978201,
      "max_drawdown": -0.10276655924715428,
      "profit_factor": 0.9747732444694023,
      "windows": 10
    },
    {
      "entry_policy": "all_days",
      "feature_group": "reversal_fundamental_regime",
      "model_name": "xgb_d2_200_lr003_mcw5",
      "target_hit_bps": 50.0,
      "trades": 203,
      "win_rate": 0.7487684729064039,
      "avg_return": -0.00014890157951802252,
      "median_return": 0.005,
      "compound_return": -0.04151721365131156,
      "max_drawdown": -0.1166650554929366,
      "profit_factor": 0.9613979447540631,
      "windows": 10
    },
    {
      "entry_policy": "all_days",
      "feature_group": "reversal_fundamental_regime_sector",
      "model_name": "xgb_d3_400_lr003_mcw3",
      "target_hit_bps": 50.0,
      "trades": 176,
      "win_rate": 0.7443181818181818,
      "avg_return": -0.00023151524628690182,
      "median_return": 0.005,
      "compound_return": -0.05024570342323542,
      "max_drawdown": -0.1098719967001952,
      "profit_factor": 0.9405482129408282,
      "windows": 10
    },
    {
      "entry_policy": "all_days",
      "feature_group": "reversal_fundamental_regime",
      "model_name": "extra_trees_600_d3",
      "target_hit_bps": 50.0,
      "trades": 286,
      "win_rate": 0.7342657342657343,
      "avg_return": -0.00012773463902688017,
      "median_return": 0.005,
      "compound_return": -0.05202681210596749,
      "max_drawdown": -0.17416857964448595,
      "profit_factor": 0.9656848366623748,
      "windows": 10
    },
    {
      "entry_policy": "all_days",
      "feature_group": "reversal_fundamental_regime",
      "model_name": "xgb_d3_400_lr003_mcw3",
      "target_hit_bps": 50.0,
      "trades": 191,
      "win_rate": 0.7382198952879581,
      "avg_return": -0.00027639215886848584,
      "median_return": 0.005,
      "compound_return": -0.06216167329530531,
      "max_drawdown": -0.13364334135143685,
      "profit_factor": 0.9300262891304014,
      "windows": 10
    }
  ]
}

[2026-05-11T13:49:36] RUN search_all_days_hit_80bps
  /usr/bin/python3 model_training/search_walk_forward_model_complexity.py --samples /root/workspace/stock_realtime_v021_full/saved_data/002714_pipeline_out/04_external/muyuan_hk/training_samples_with_hk_external.csv --intraday-bars /root/workspace/stock_realtime_v021_full/saved_data/002714_pipeline_out/00_base/002714_5m.csv --out-dir /root/workspace/stock_realtime_v021_full/saved_data/002714_pipeline_out/10_search/search_all_days_hit_80bps --round-trip-cost-bps 1.7 --target-hit-bps 80.0 --label-mode hit --entry-policy all_days --entry-vwap-premium-bps 50.0 --max-missing 0.35 --groups reversal_fundamental_regime,reversal_fundamental_regime_sector,all_no_ak --models xgb_d2_200_lr003_mcw5,xgb_d3_400_lr003_mcw3,xgb_d3_600_lr002_mcw3,xgb_d4_500_lr002_mcw5,lgbm_leaves7_400,lgbm_leaves15_700,extra_trees_600_d3,random_forest_600_d4 --quantiles 0.5,0.6,0.7,0.8 --train-rows 756 --valid-rows 126 --test-rows 63 --min-valid-trades 8 --min-train-entries 80
{
  "rows": 1534,
  "target_hit_bps": 80.0,
  "label_mode": "hit",
  "entry_policy": "all_days",
  "entry_vwap_premium_bps": 50.0,
  "groups": {
    "reversal_fundamental_regime": 137,
    "reversal_fundamental_regime_sector": 160,
    "all_no_ak": 338
  },
  "models": [
    "xgb_d2_200_lr003_mcw5",
    "xgb_d3_400_lr003_mcw3",
    "xgb_d3_600_lr002_mcw3",
    "xgb_d4_500_lr002_mcw5",
    "extra_trees_600_d3",
    "random_forest_600_d4",
    "lgbm_leaves7_400",
    "lgbm_leaves15_700"
  ],
  "top": [
    {
      "entry_policy": "all_days",
      "feature_group": "reversal_fundamental_regime",
      "model_name": "xgb_d3_400_lr003_mcw3",
      "target_hit_bps": 80.0,
      "trades": 273,
      "win_rate": 0.6556776556776557,
      "avg_return": 0.0005005861712291962,
      "median_return": 0.008,
      "compound_return": 0.12261881062168078,
      "max_drawdown": -0.13216753906380885,
      "profit_factor": 1.109761840285004,
      "windows": 10
    },
    {
      "entry_policy": "all_days",
      "feature_group": "all_no_ak",
      "model_name": "xgb_d4_500_lr002_mcw5",
      "target_hit_bps": 80.0,
      "trades": 253,
      "win_rate": 0.6600790513833992,
      "avg_return": 0.00042243356403403535,
      "median_return": 0.008,
      "compound_return": 0.0926018852753181,
      "max_drawdown": -0.12119764850244108,
      "profit_factor": 1.0921014761147387,
      "windows": 10
    },
    {
      "entry_policy": "all_days",
      "feature_group": "all_no_ak",
      "model_name": "xgb_d3_600_lr002_mcw3",
      "target_hit_bps": 80.0,
      "trades": 276,
      "win_rate": 0.6702898550724637,
      "avg_return": 0.00038599183352625856,
      "median_return": 0.008,
      "compound_return": 0.08711532771627462,
      "max_drawdown": -0.18784996829842704,
      "profit_factor": 1.0830368813339601,
      "windows": 10
    },
    {
      "entry_policy": "all_days",
      "feature_group": "reversal_fundamental_regime_sector",
      "model_name": "random_forest_600_d4",
      "target_hit_bps": 80.0,
      "trades": 210,
      "win_rate": 0.6666666666666666,
      "avg_return": 0.0001801008814247972,
      "median_return": 0.008,
      "compound_return": 0.018737472652576193,
      "max_drawdown": -0.21785238128093465,
      "profit_factor": 1.0361137239498908,
      "windows": 10
    },
    {
      "entry_policy": "all_days",
      "feature_group": "reversal_fundamental_regime",
      "model_name": "extra_trees_600_d3",
      "target_hit_bps": 80.0,
      "trades": 259,
      "win_rate": 0.6447876447876448,
      "avg_return": 0.00014040400461565666,
      "median_return": 0.008,
      "compound_return": 0.014782091295278965,
      "max_drawdown": -0.18854013348720455,
      "profit_factor": 1.029029362564697,
      "windows": 10
    },
    {
      "entry_policy": "all_days",
      "feature_group": "all_no_ak",
      "model_name": "xgb_d2_200_lr003_mcw5",
      "target_hit_bps": 80.0,
      "trades": 228,
      "win_rate": 0.6535087719298246,
      "avg_return": 0.00012504218096409092,
      "median_return": 0.008,
      "compound_return": 0.009860926570642414,
      "max_drawdown": -0.2063901061880734,
      "profit_factor": 1.0261968162653428,
      "windows": 10
    },
    {
      "entry_policy": "all_days",
      "feature_group": "reversal_fundamental_regime",
      "model_name": "random_forest_600_d4",
      "target_hit_bps": 80.0,
      "trades": 215,
      "win_rate": 0.6651162790697674,
      "avg_return": 0.0001132099075002328,
      "median_return": 0.008,
      "compound_return": 0.004058067599360893,
      "max_drawdown": -0.20177652084712994,
      "profit_factor": 1.022340036663306,
      "windows": 10
    },
    {
      "entry_policy": "all_days",
      "feature_group": "reversal_fundamental_regime_sector",
      "model_name": "xgb_d2_200_lr003_mcw5",
      "target_hit_bps": 80.0,
      "trades": 198,
      "win_rate": 0.6414141414141414,
      "avg_return": -0.00014013974925794216,
      "median_return": 0.008,
      "compound_return": -0.04261737341257532,
      "max_drawdown": -0.16990704058971018,
      "profit_factor": 0.972078919009421,
      "windows": 10
    },
    {
      "entry_policy": "all_days",
      "feature_group": "reversal_fundamental_regime",
      "model_name": "xgb_d3_600_lr002_mcw3",
      "target_hit_bps": 80.0,
      "trades": 223,
      "win_rate": 0.6278026905829597,
      "avg_return": -0.0001764865034893089,
      "median_return": 0.008,
      "compound_return": -0.056558785448483695,
      "max_drawdown": -0.16760992898469085,
      "profit_factor": 0.9650145605454503,
      "windows": 10
    },
    {
      "entry_policy": "all_days",
      "feature_group": "all_no_ak",
      "model_name": "random_forest_600_d4",
      "target_hit_bps": 80.0,
      "trades": 282,
      "win_rate": 0.6418439716312057,
      "avg_return": -0.0001347143562439649,
      "median_return": 0.008,
      "compound_return": -0.06220542070596946,
      "max_drawdown": -0.2556424265457191,
      "profit_factor": 0.9732666604816055,
      "windows": 10
    },
    {
      "entry_policy": "all_days",
      "feature_group": "reversal_fundamental_regime_sector",
      "model_name": "xgb_d3_600_lr002_mcw3",
      "target_hit_bps": 80.0,
      "trades": 175,
      "win_rate": 0.6228571428571429,
      "avg_return": -0.000339203923568723,
      "median_return": 0.008,
      "compound_return": -0.0692322822598549,
      "max_drawdown": -0.17657817808258724,
      "profit_factor": 0.9333007869008982,
      "windows": 10
    },
    {
      "entry_policy": "all_days",
      "feature_group": "reversal_fundamental_regime",
      "model_name": "lgbm_leaves7_400",
      "target_hit_bps": 80.0,
      "trades": 210,
      "win_rate": 0.6238095238095238,
      "avg_return": -0.0002776142146567532,
      "median_return": 0.008,
      "compound_return": -0.07177532389224317,
      "max_drawdown": -0.16203315228962012,
      "profit_factor": 0.9447672195614111,
      "windows": 10
    },
    {
      "entry_policy": "all_days",
      "feature_group": "reversal_fundamental_regime_sector",
      "model_name": "lgbm_leaves7_400",
      "target_hit_bps": 80.0,
      "trades": 242,
      "win_rate": 0.6157024793388429,
      "avg_return": -0.00030314139877237167,
      "median_return": 0.008,
      "compound_return": -0.08706685527760472,
      "max_drawdown": -0.1644904864415926,
      "profit_factor": 0.938794545781944,
      "windows": 10
    },
    {
      "entry_policy": "all_days",
      "feature_group": "reversal_fundamental_regime_sector",
      "model_name": "extra_trees_600_d3",
      "target_hit_bps": 80.0,
      "trades": 265,
      "win_rate": 0.6415094339622641,
      "avg_return": -0.00027973331525090475,
      "median_return": 0.008,
      "compound_return": -0.09529300838512944,
      "max_drawdown": -0.28223256776763384,
      "profit_factor": 0.9464639787262141,
      "windows": 10
    },
    {
      "entry_policy": "all_days",
      "feature_group": "reversal_fundamental_regime",
      "model_name": "lgbm_leaves15_700",
      "target_hit_bps": 80.0,
      "trades": 228,
      "win_rate": 0.6052631578947368,
      "avg_return": -0.0003869114156319984,
      "median_return": 0.008,
      "compound_return": -0.09997265819170387,
      "max_drawdown": -0.1602100785047118,
      "profit_factor": 0.9235510474415287,
      "windows": 10
    },
    {
      "entry_policy": "all_days",
      "feature_group": "all_no_ak",
      "model_name": "xgb_d3_400_lr003_mcw3",
      "target_hit_bps": 80.0,
      "trades": 260,
      "win_rate": 0.6423076923076924,
      "avg_return": -0.0003256890507150777,
      "median_return": 0.008,
      "compound_return": -0.10438195053295973,
      "max_drawdown": -0.2448644792395498,
      "profit_factor": 0.9374488974517831,
      "windows": 10
    },
    {
      "entry_policy": "all_days",
      "feature_group": "all_no_ak",
      "model_name": "extra_trees_600_d3",
      "target_hit_bps": 80.0,
      "trades": 403,
      "win_rate": 0.6352357320099256,
      "avg_return": -0.0002030717445459626,
      "median_return": 0.008,
      "compound_return": -0.11208298591580423,
      "max_drawdown": -0.2780728529153734,
      "profit_factor": 0.9597197435945184,
      "windows": 10
    },
    {
      "entry_policy": "all_days",
      "feature_group": "reversal_fundamental_regime",
      "model_name": "xgb_d2_200_lr003_mcw5",
      "target_hit_bps": 80.0,
      "trades": 231,
      "win_rate": 0.6363636363636364,
      "avg_return": -0.0005091662373227036,
      "median_return": 0.008,
      "compound_return": -0.13002110014796064,
      "max_drawdown": -0.20531744300936872,
      "profit_factor": 0.9068288249020527,
      "windows": 10
    },
    {
      "entry_policy": "all_days",
      "feature_group": "reversal_fundamental_regime_sector",
      "model_name": "xgb_d4_500_lr002_mcw5",
      "target_hit_bps": 80.0,
      "trades": 187,
      "win_rate": 0.6096256684491979,
      "avg_return": -0.0008780999484580783,
      "median_return": 0.008,
      "compound_return": -0.16471075799314183,
      "max_drawdown": -0.26964598349807534,
      "profit_factor": 0.8427687031041142,
      "windows": 10
    },
    {
      "entry_policy": "all_days",
      "feature_group": "all_no_ak",
      "model_name": "lgbm_leaves15_700",
      "target_hit_bps": 80.0,
      "trades": 281,
      "win_rate": 0.6476868327402135,
      "avg_return": -0.0005778025848791266,
      "median_return": 0.008,
      "compound_return": -0.1742602696793556,
      "max_drawdown": -0.3620910442679275,
      "profit_factor": 0.895235298564531,
      "windows": 10
    }
  ]
}

[2026-05-11T13:59:54] RUN search_all_days_close_profit_50bps
  /usr/bin/python3 model_training/search_walk_forward_model_complexity.py --samples /root/workspace/stock_realtime_v021_full/saved_data/002714_pipeline_out/04_external/muyuan_hk/training_samples_with_hk_external.csv --intraday-bars /root/workspace/stock_realtime_v021_full/saved_data/002714_pipeline_out/00_base/002714_5m.csv --out-dir /root/workspace/stock_realtime_v021_full/saved_data/002714_pipeline_out/10_search/search_all_days_close_profit_50bps --round-trip-cost-bps 1.7 --target-hit-bps 50.0 --label-mode close_profit --entry-policy all_days --entry-vwap-premium-bps 50.0 --max-missing 0.35 --groups reversal_fundamental_regime,reversal_fundamental_regime_sector,all_no_ak --models xgb_d2_200_lr003_mcw5,xgb_d3_400_lr003_mcw3,xgb_d3_600_lr002_mcw3,xgb_d4_500_lr002_mcw5,lgbm_leaves7_400,lgbm_leaves15_700,extra_trees_600_d3,random_forest_600_d4 --quantiles 0.5,0.6,0.7,0.8 --train-rows 756 --valid-rows 126 --test-rows 63 --min-valid-trades 8 --min-train-entries 80
{
  "rows": 1534,
  "target_hit_bps": 50.0,
  "label_mode": "close_profit",
  "entry_policy": "all_days",
  "entry_vwap_premium_bps": 50.0,
  "groups": {
    "reversal_fundamental_regime": 137,
    "reversal_fundamental_regime_sector": 160,
    "all_no_ak": 338
  },
  "models": [
    "xgb_d2_200_lr003_mcw5",
    "xgb_d3_400_lr003_mcw3",
    "xgb_d3_600_lr002_mcw3",
    "xgb_d4_500_lr002_mcw5",
    "extra_trees_600_d3",
    "random_forest_600_d4",
    "lgbm_leaves7_400",
    "lgbm_leaves15_700"
  ],
  "top": [
    {
      "entry_policy": "all_days",
      "feature_group": "all_no_ak",
      "model_name": "extra_trees_600_d3",
      "target_hit_bps": 50.0,
      "trades": 127,
      "win_rate": 0.5354330708661418,
      "avg_return": 0.004503810910866637,
      "median_return": 0.0022254703832751445,
      "compound_return": 0.707176405466666,
      "max_drawdown": -0.11993154010394669,
      "profit_factor": 1.7364481301483374,
      "windows": 10
    },
    {
      "entry_policy": "all_days",
      "feature_group": "reversal_fundamental_regime_sector",
      "model_name": "extra_trees_600_d3",
      "target_hit_bps": 50.0,
      "trades": 155,
      "win_rate": 0.5225806451612903,
      "avg_return": 0.0024570224207068714,
      "median_return": 0.0008181422924902239,
      "compound_return": 0.4019066726004663,
      "max_drawdown": -0.17404784613411528,
      "profit_factor": 1.3587703592736393,
      "windows": 10
    },
    {
      "entry_policy": "all_days",
      "feature_group": "reversal_fundamental_regime_sector",
      "model_name": "random_forest_600_d4",
      "target_hit_bps": 50.0,
      "trades": 129,
      "win_rate": 0.4806201550387597,
      "avg_return": 0.0027204992840482918,
      "median_return": -0.00016999999999999999,
      "compound_return": 0.37779257371157215,
      "max_drawdown": -0.14324691541230838,
      "profit_factor": 1.4377704455521754,
      "windows": 10
    },
    {
      "entry_policy": "all_days",
      "feature_group": "all_no_ak",
      "model_name": "xgb_d3_600_lr002_mcw3",
      "target_hit_bps": 50.0,
      "trades": 191,
      "win_rate": 0.4712041884816754,
      "avg_return": 0.0016879779768677367,
      "median_return": -0.0004324671916009458,
      "compound_return": 0.325046594711057,
      "max_drawdown": -0.2399613699355312,
      "profit_factor": 1.2722872790858613,
      "windows": 10
    },
    {
      "entry_policy": "all_days",
      "feature_group": "all_no_ak",
      "model_name": "lgbm_leaves7_400",
      "target_hit_bps": 50.0,
      "trades": 196,
      "win_rate": 0.46938775510204084,
      "avg_return": 0.0016226836207401812,
      "median_return": -0.0004346736812020878,
      "compound_return": 0.31331663896980544,
      "max_drawdown": -0.24104814161456556,
      "profit_factor": 1.2515192874057193,
      "windows": 10
    },
    {
      "entry_policy": "all_days",
      "feature_group": "all_no_ak",
      "model_name": "xgb_d4_500_lr002_mcw5",
      "target_hit_bps": 50.0,
      "trades": 194,
      "win_rate": 0.4896907216494845,
      "avg_return": 0.0015646174510137321,
      "median_return": -0.00016999999999999999,
      "compound_return": 0.29305319874515345,
      "max_drawdown": -0.2150544964133374,
      "profit_factor": 1.237886400612643,
      "windows": 10
    },
    {
      "entry_policy": "all_days",
      "feature_group": "all_no_ak",
      "model_name": "xgb_d2_200_lr003_mcw5",
      "target_hit_bps": 50.0,
      "trades": 159,
      "win_rate": 0.5031446540880503,
      "avg_return": 0.0017630474857069241,
      "median_return": 8.176233635448854e-05,
      "compound_return": 0.2775249802958293,
      "max_drawdown": -0.1621196041804014,
      "profit_factor": 1.2824601049149327,
      "windows": 10
    },
    {
      "entry_policy": "all_days",
      "feature_group": "reversal_fundamental_regime_sector",
      "model_name": "lgbm_leaves7_400",
      "target_hit_bps": 50.0,
      "trades": 186,
      "win_rate": 0.46774193548387094,
      "avg_return": 0.001527057668050855,
      "median_return": -0.0017258150934033566,
      "compound_return": 0.27734607997630034,
      "max_drawdown": -0.16454093721258645,
      "profit_factor": 1.2403715416342214,
      "windows": 10
    },
    {
      "entry_policy": "all_days",
      "feature_group": "reversal_fundamental_regime_sector",
      "model_name": "xgb_d4_500_lr002_mcw5",
      "target_hit_bps": 50.0,
      "trades": 195,
      "win_rate": 0.48717948717948717,
      "avg_return": 0.0013014641459162717,
      "median_return": -0.0012105827263267886,
      "compound_return": 0.2437696272955414,
      "max_drawdown": -0.18981467535481655,
      "profit_factor": 1.2091669538911303,
      "windows": 10
    },
    {
      "entry_policy": "all_days",
      "feature_group": "all_no_ak",
      "model_name": "random_forest_600_d4",
      "target_hit_bps": 50.0,
      "trades": 137,
      "win_rate": 0.48175182481751827,
      "avg_return": 0.0017578959726282917,
      "median_return": -0.0010024084350720407,
      "compound_return": 0.22705866985835077,
      "max_drawdown": -0.15966186567919027,
      "profit_factor": 1.2456801533140895,
      "windows": 10
    },
    {
      "entry_policy": "all_days",
      "feature_group": "all_no_ak",
      "model_name": "lgbm_leaves15_700",
      "target_hit_bps": 50.0,
      "trades": 235,
      "win_rate": 0.49361702127659574,
      "avg_return": 0.0008585500071896431,
      "median_return": -0.00016999999999999999,
      "compound_return": 0.17100078183704936,
      "max_drawdown": -0.2664823047910543,
      "profit_factor": 1.1371186367401882,
      "windows": 10
    },
    {
      "entry_policy": "all_days",
      "feature_group": "reversal_fundamental_regime",
      "model_name": "extra_trees_600_d3",
      "target_hit_bps": 50.0,
      "trades": 192,
      "win_rate": 0.4895833333333333,
      "avg_return": 0.0009719561892636954,
      "median_return": -0.00016999999999999999,
      "compound_return": 0.15790871889246194,
      "max_drawdown": -0.21063832171115415,
      "profit_factor": 1.1527825693805633,
      "windows": 10
    },
    {
      "entry_policy": "all_days",
      "feature_group": "reversal_fundamental_regime",
      "model_name": "random_forest_600_d4",
      "target_hit_bps": 50.0,
      "trades": 160,
      "win_rate": 0.475,
      "avg_return": 0.0011355267960153508,
      "median_return": -0.0007834908583704246,
      "compound_return": 0.15651598013153611,
      "max_drawdown": -0.15760944429056112,
      "profit_factor": 1.1690170753569893,
      "windows": 10
    },
    {
      "entry_policy": "all_days",
      "feature_group": "reversal_fundamental_regime",
      "model_name": "xgb_d4_500_lr002_mcw5",
      "target_hit_bps": 50.0,
      "trades": 250,
      "win_rate": 0.48,
      "avg_return": 0.0007196894722547824,
      "median_return": -0.0008671234412380678,
      "compound_return": 0.14486426507723738,
      "max_drawdown": -0.18714648632179387,
      "profit_factor": 1.1143442269591233,
      "windows": 10
    },
    {
      "entry_policy": "all_days",
      "feature_group": "reversal_fundamental_regime_sector",
      "model_name": "xgb_d2_200_lr003_mcw5",
      "target_hit_bps": 50.0,
      "trades": 157,
      "win_rate": 0.4840764331210191,
      "avg_return": 0.0010105495682564479,
      "median_return": -0.0006645598417408492,
      "compound_return": 0.13817029435192496,
      "max_drawdown": -0.18202995338605243,
      "profit_factor": 1.1592677186067388,
      "windows": 10
    },
    {
      "entry_policy": "all_days",
      "feature_group": "all_no_ak",
      "model_name": "xgb_d3_400_lr003_mcw3",
      "target_hit_bps": 50.0,
      "trades": 235,
      "win_rate": 0.46808510638297873,
      "avg_return": 0.000602128479928283,
      "median_return": -0.0005666679888933733,
      "compound_return": 0.09492147348296576,
      "max_drawdown": -0.27141289126490853,
      "profit_factor": 1.0905202038950972,
      "windows": 10
    },
    {
      "entry_policy": "all_days",
      "feature_group": "reversal_fundamental_regime",
      "model_name": "xgb_d2_200_lr003_mcw5",
      "target_hit_bps": 50.0,
      "trades": 143,
      "win_rate": 0.4825174825174825,
      "avg_return": 0.0007505429609205045,
      "median_return": -0.0010024084350720407,
      "compound_return": 0.07915845778736008,
      "max_drawdown": -0.17666729950456772,
      "profit_factor": 1.1094550714587617,
      "windows": 10
    },
    {
      "entry_policy": "all_days",
      "feature_group": "reversal_fundamental_regime",
      "model_name": "xgb_d3_600_lr002_mcw3",
      "target_hit_bps": 50.0,
      "trades": 241,
      "win_rate": 0.45643153526970953,
      "avg_return": 0.0004089357206892389,
      "median_return": -0.0017252099533437946,
      "compound_return": 0.06047665705201233,
      "max_drawdown": -0.2510473377050607,
      "profit_factor": 1.0667360011152633,
      "windows": 10
    },
    {
      "entry_policy": "all_days",
      "feature_group": "reversal_fundamental_regime_sector",
      "model_name": "xgb_d3_600_lr002_mcw3",
      "target_hit_bps": 50.0,
      "trades": 160,
      "win_rate": 0.46875,
      "avg_return": 0.0005136473878343077,
      "median_return": -0.0023774873665640094,
      "compound_return": 0.05243315795953585,
      "max_drawdown": -0.2340575501684018,
      "profit_factor": 1.0745081500203695,
      "windows": 10
    },
    {
      "entry_policy": "all_days",
      "feature_group": "reversal_fundamental_regime_sector",
      "model_name": "xgb_d3_400_lr003_mcw3",
      "target_hit_bps": 50.0,
      "trades": 197,
      "win_rate": 0.48223350253807107,
      "avg_return": 0.00042748878018794383,
      "median_return": -0.0010210638297873907,
      "compound_return": 0.04802021799783507,
      "max_drawdown": -0.25164193934978907,
      "profit_factor": 1.0630662464793488,
      "windows": 10
    }
  ]
}

[2026-05-11T14:10:30] RUN summarize
  /usr/bin/python3 model_training/summarize_nextday_search_results.py --pipeline-out /root/workspace/stock_realtime_v021_full/saved_data/002714_pipeline_out --out-dir /root/workspace/stock_realtime_v021_full/saved_data/002714_pipeline_out/99_summary --excel
{
  "rows": 144,
  "outputs": {
    "final_leaderboard": "/root/workspace/stock_realtime_v021_full/saved_data/002714_pipeline_out/99_summary/final_leaderboard.csv",
    "best_by_target_top5": "/root/workspace/stock_realtime_v021_full/saved_data/002714_pipeline_out/99_summary/best_by_target_top5.csv",
    "best_by_entry_policy_top5": "/root/workspace/stock_realtime_v021_full/saved_data/002714_pipeline_out/99_summary/best_by_entry_policy_top5.csv",
    "excel": "/root/workspace/stock_realtime_v021_full/saved_data/002714_pipeline_out/99_summary/final_leaderboard.xlsx",
    "summary_manifest": "/root/workspace/stock_realtime_v021_full/saved_data/002714_pipeline_out/99_summary/summary_manifest.json"
  }
}
=== nextday pipeline end: 2026-05-11T14:10:31 status=ok ===
=== nextday pipeline start: 2026-05-11T17:37:22 ===
symbol=002714.SZ, out_root=/root/workspace/stock_realtime_v021_full/saved_data/002714_pipeline_out

[2026-05-11T17:37:22] RUN update_data
  /usr/bin/python3 bootstrap/ashare_xgb_dual_opportunity_regression_baostock_full_v19_compressed_trading_axis.py --mode update_data --symbol 002714 --benchmark_symbol 000300 --daily_start 2018-01-01 --daily_end 2026-05-11 --intraday_start '2018-01-01 09:30:00' --intraday_end '2026-05-11 15:00:00' --output_dir /root/workspace/stock_realtime_v021_full/saved_data/002714_pipeline_out/00_base --cache_mode incremental --feature_cache_mode incremental --adjust qfq
/root/workspace/stock_realtime_v021_full/bootstrap/ashare_fetch_and_train_xgb_sell_signal_baostock_state_cache_helper_fix2.py:246: FutureWarning: The behavior of DataFrame concatenation with empty or all-NA entries is deprecated. In a future version, this will no longer exclude empty or all-NA columns when determining the result dtypes. To retain the old behavior, exclude the relevant entries before the concat operation.
  merged = _normalize_daily_df(pd.concat([df_old, df_new], axis=0, ignore_index=True))
/root/workspace/stock_realtime_v021_full/bootstrap/ashare_fetch_and_train_xgb_sell_signal_baostock_state_cache_helper_fix2.py:254: FutureWarning: The behavior of DataFrame concatenation with empty or all-NA entries is deprecated. In a future version, this will no longer exclude empty or all-NA columns when determining the result dtypes. To retain the old behavior, exclude the relevant entries before the concat operation.
  merged = _normalize_bench_df(pd.concat([df_old, df_new], axis=0, ignore_index=True))
login success!
logout success!
login success!
logout success!
login success!
logout success!
login success!
logout success!
login success!
logout success!
login success!
logout success!
{
  "mode": "update_data",
  "symbol": "002714",
  "data_source": "baostock",
  "daily_rows": 2023,
  "intraday_rows": 73728,
  "daily_min": "2018-01-02 00:00:00",
  "daily_max": "2026-05-11 00:00:00",
  "intraday_min": "2020-01-02 09:35:00",
  "intraday_max": "2026-05-11 15:00:00",
  "base_paths": {
    "daily_csv": "/root/workspace/stock_realtime_v021_full/saved_data/002714_pipeline_out/00_base/002714_daily.csv",
    "intraday_csv": "/root/workspace/stock_realtime_v021_full/saved_data/002714_pipeline_out/00_base/002714_5m.csv",
    "benchmark_csv": "/root/workspace/stock_realtime_v021_full/saved_data/002714_pipeline_out/00_base/000300_benchmark_daily.csv",
    "raw_daily_cache_csv": "/root/workspace/stock_realtime_v021_full/saved_data/002714_pipeline_out/00_base/raw_cache/002714_daily_raw.csv",
    "raw_intraday_cache_csv": "/root/workspace/stock_realtime_v021_full/saved_data/002714_pipeline_out/00_base/raw_cache/002714_5m_raw.csv",
    "raw_benchmark_cache_csv": "/root/workspace/stock_realtime_v021_full/saved_data/002714_pipeline_out/00_base/raw_cache/000300_benchmark_daily_raw.csv",
    "daily_features_csv": "/root/workspace/stock_realtime_v021_full/saved_data/002714_pipeline_out/00_base/daily_features.csv",
    "intraday_features_csv": "/root/workspace/stock_realtime_v021_full/saved_data/002714_pipeline_out/00_base/intraday_features.csv",
    "daily_features_cache_csv": "/root/workspace/stock_realtime_v021_full/saved_data/002714_pipeline_out/00_base/feature_cache/daily_features_cache.csv",
    "intraday_features_cache_csv": "/root/workspace/stock_realtime_v021_full/saved_data/002714_pipeline_out/00_base/feature_cache/intraday_features_cache.csv",
    "feature_state_json": "/root/workspace/stock_realtime_v021_full/saved_data/002714_pipeline_out/00_base/feature_cache/feature_state.json"
  },
  "fetch_logs": {
    "symbol": "002714",
    "benchmark_symbol": "000300",
    "daily_start": "2018-01-01",
    "daily_end": "2026-05-11",
    "intraday_start": "2018-01-01 09:30:00",
    "intraday_end": "2026-05-11 15:00:00",
    "perf_start": "2018-01-01",
    "data_source": "baostock",
    "cache_mode": "incremental",
    "force_refresh": false,
    "raw_cache_dir": "/root/workspace/stock_realtime_v021_full/saved_data/002714_pipeline_out/00_base/raw_cache",
    "feature_cache_dir": "/root/workspace/stock_realtime_v021_full/saved_data/002714_pipeline_out/00_base/feature_cache",
    "feature_cache_mode": "incremental",
    "daily": {
      "cache_path": "/root/workspace/stock_realtime_v021_full/saved_data/002714_pipeline_out/00_base/raw_cache/002714_daily_raw.csv",
      "requested_start": "2018-01-01",
      "requested_end": "2026-05-11",
      "mode": "incremental",
      "cache_before": {
        "rows": 2022,
        "min": "2018-01-02 00:00:00",
        "max": "2026-05-08 00:00:00"
      },
      "fetch_segments": [
        {
          "provider": "baostock",
          "code": "sz.002714",
          "adjustflag": "2",
          "rows": 0
        },
        {
          "provider": "baostock",
          "code": "sz.002714",
          "adjustflag": "2",
          "rows": 1,
          "start": "2026-05-09",
          "end": "2026-05-11"
        }
      ],
      "cache_after": {
        "rows": 2023,
        "min": "2018-01-02 00:00:00",
        "max": "2026-05-11 00:00:00"
      }
    },
    "intraday_5m": {
      "cache_path": "/root/workspace/stock_realtime_v021_full/saved_data/002714_pipeline_out/00_base/raw_cache/002714_5m_raw.csv",
      "requested_start": "2018-01-01 09:30:00",
      "requested_end": "2026-05-11 15:00:00",
      "mode": "incremental",
      "cache_before": {
        "rows": 73680,
        "min": "2020-01-02 09:35:00",
        "max": "2026-05-08 15:00:00"
      },
      "fetch_segments": [
        {
          "provider": "baostock",
          "code": "sz.002714",
          "adjustflag": "2",
          "requested_start": "2018-01-01 09:30:00",
          "effective_start": "2018-01-01 09:30:00",
          "requested_end": "2020-01-02 09:30:00",
          "rows": 0
        },
        {
          "provider": "baostock",
          "code": "sz.002714",
          "adjustflag": "2",
          "requested_start": "2026-05-08 15:05:00",
          "effective_start": "2026-05-08 15:05:00",
          "requested_end": "2026-05-11 15:00:00",
          "rows": 48
        }
      ],
      "cache_after": {
        "rows": 73728,
        "min": "2020-01-02 09:35:00",
        "max": "2026-05-11 15:00:00"
      }
    },
    "benchmark_daily": {
      "cache_path": "/root/workspace/stock_realtime_v021_full/saved_data/002714_pipeline_out/00_base/raw_cache/000300_benchmark_daily_raw.csv",
      "requested_start": "2018-01-01",
      "requested_end": "2026-05-11",
      "mode": "incremental",
      "cache_before": {
        "rows": 2022,
        "min": "2018-01-02 00:00:00",
        "max": "2026-05-08 00:00:00"
      },
      "fetch_segments": [
        {
          "provider": "baostock",
          "code": "sh.000300",
          "rows": 0,
          "start": "2018-01-01",
          "end": "2018-01-01"
        },
        {
          "provider": "baostock",
          "code": "sh.000300",
          "rows": 1,
          "start": "2026-05-09",
          "end": "2026-05-11"
        }
      ],
      "cache_after": {
        "rows": 2023,
        "min": "2018-01-02 00:00:00",
        "max": "2026-05-11 00:00:00"
      }
    },
    "feature_build": {
      "mode": "stateful_incremental_append",
      "daily_context_days": 260,
      "intraday_context_days": 40,
      "daily_append": {
        "needed": true,
        "first_new_date": "2026-05-11 00:00:00",
        "context_start": "2025-04-10 00:00:00",
        "context_raw_rows": 261,
        "appended_rows": 1,
        "cache_before": {
          "rows": 2022,
          "min": "2018-01-02 00:00:00",
          "max": "2026-05-08 00:00:00"
        },
        "cache_after": {
          "rows": 2023,
          "min": "2018-01-02 00:00:00",
          "max": "2026-05-11 00:00:00"
        }
      },
      "intraday_append": {
        "needed": true,
        "first_new_datetime": "2026-05-11 09:35:00",
        "context_start_date": "2026-03-10 00:00:00",
        "context_raw_rows": 1968,
        "appended_rows": 48,
        "cache_before": {
          "rows": 73680,
          "min": "2020-01-02 09:35:00",
          "max": "2026-05-08 15:00:00"
        },
        "cache_after": {
          "rows": 73728,
          "min": "2020-01-02 09:35:00",
          "max": "2026-05-11 15:00:00"
        }
      }
    },
    "feature_state": {
      "daily_feature_max": "2026-05-11 00:00:00",
      "intraday_feature_max": "2026-05-11 15:00:00",
      "daily_context_days": 260,
      "intraday_context_days": 40,
      "feature_build_mode": "stateful_incremental_append"
    }
  }
}

[2026-05-11T17:37:39] RUN samples
  /usr/bin/python3 feature_building/build_nextday_samples_from_baostock.py --daily-features /root/workspace/stock_realtime_v021_full/saved_data/002714_pipeline_out/00_base/daily_features.csv --intraday-bars /root/workspace/stock_realtime_v021_full/saved_data/002714_pipeline_out/00_base/002714_5m.csv --out-dir /root/workspace/stock_realtime_v021_full/saved_data/002714_pipeline_out/01_samples --min-bars 40 --keep-unlabeled-tail
{
  "rows": 1536,
  "date_min": "2020-01-02",
  "date_max": "2026-05-11",
  "out": "/root/workspace/stock_realtime_v021_full/saved_data/002714_pipeline_out/01_samples/training_samples.csv"
}

[2026-05-11T17:37:40] RUN fundamental
  /usr/bin/python3 feature_building/build_fundamental_features.py --symbol 002714.SZ --daily-samples /root/workspace/stock_realtime_v021_full/saved_data/002714_pipeline_out/01_samples/training_samples.csv --out-dir /root/workspace/stock_realtime_v021_full/saved_data/002714_pipeline_out/02_fundamental --start-date 2018-01-01 --end-date 2026-05-11 --fallback-lag-days 120
login success!
logout success!
{
  "rows": 1536,
  "date_min": "2020-01-02",
  "date_max": "2026-05-11",
  "source_errors": [],
  "top_missing_rates": {
    "ak_fund_小单净流入-净额_sum10": 0.923828125,
    "ak_fund_主力净流入-净额_sum10": 0.923828125,
    "ak_fund_主力净流入-净占比_sum10": 0.923828125,
    "ak_fund_涨跌幅_sum10": 0.923828125,
    "ak_fund_收盘价_sum10": 0.923828125,
    "ak_fund_中单净流入-净额_sum10": 0.923828125,
    "ak_fund_中单净流入-净占比_sum10": 0.923828125,
    "ak_fund_小单净流入-净占比_sum10": 0.923828125,
    "ak_fund_超大单净流入-净额_sum10": 0.923828125,
    "ak_fund_大单净流入-净额_sum10": 0.923828125,
    "ak_fund_大单净流入-净占比_sum10": 0.923828125,
    "ak_fund_超大单净流入-净占比_sum10": 0.923828125,
    "ak_fund_涨跌幅_sum5": 0.9225260416666666,
    "ak_fund_主力净流入-净占比_sum5": 0.9225260416666666,
    "ak_fund_主力净流入-净额_sum5": 0.9225260416666666,
    "ak_fund_收盘价_sum5": 0.9225260416666666,
    "ak_fund_超大单净流入-净占比_sum5": 0.9225260416666666,
    "ak_fund_中单净流入-净占比_sum5": 0.9225260416666666,
    "ak_fund_中单净流入-净额_sum5": 0.9225260416666666,
    "ak_fund_小单净流入-净额_sum5": 0.9225260416666666,
    "ak_fund_小单净流入-净占比_sum5": 0.9225260416666666,
    "ak_fund_大单净流入-净占比_sum5": 0.9225260416666666,
    "ak_fund_大单净流入-净额_sum5": 0.9225260416666666,
    "ak_fund_超大单净流入-净额_sum5": 0.9225260416666666,
    "ak_fund_大单净流入-净额": 0.9212239583333334,
    "ak_fund_超大单净流入-净占比": 0.9212239583333334,
    "ak_fund_超大单净流入-净额": 0.9212239583333334,
    "ak_fund_收盘价": 0.9212239583333334,
    "ak_fund_涨跌幅": 0.9212239583333334,
    "ak_fund_中单净流入-净额": 0.9212239583333334
  },
  "valuation_non_null": {
    "peTTM": 1536,
    "pbMRQ": 1536,
    "psTTM": 1536,
    "pcfNcfTTM": 1536
  },
  "future_effective_date_violations": 0,
  "rows_with_quarterly": 1536,
  "sample_rows": 1536,
  "quarterly_raw_rows": 37,
  "quarterly_used_pubDate_rows": 37,
  "quarterly_fallback_rows": 0,
  "elapsed_seconds": 29.038,
  "symbol": "002714",
  "baostock_code": "sz.002714",
  "valuation_rows": 2023,
  "fund_flow_rows": 121,
  "feature_columns": 125,
  "merged_columns": 194,
  "outputs": {
    "daily_valuation": "/root/workspace/stock_realtime_v021_full/saved_data/002714_pipeline_out/02_fundamental/baostock_daily_valuation.csv",
    "quarterly_fundamentals": "/root/workspace/stock_realtime_v021_full/saved_data/002714_pipeline_out/02_fundamental/baostock_quarterly_fundamentals_pit.csv",
    "fundamental_features": "/root/workspace/stock_realtime_v021_full/saved_data/002714_pipeline_out/02_fundamental/fundamental_features.csv",
    "merged_samples": "/root/workspace/stock_realtime_v021_full/saved_data/002714_pipeline_out/02_fundamental/training_samples_with_fundamentals.csv"
  }
}

[2026-05-11T17:38:10] RUN sector
  /usr/bin/python3 feature_building/build_sector_features.py --samples /root/workspace/stock_realtime_v021_full/saved_data/002714_pipeline_out/02_fundamental/training_samples_with_fundamentals.csv --out-dir /root/workspace/stock_realtime_v021_full/saved_data/002714_pipeline_out/03_sector --sector-symbol '养殖业' --start-date 2018-01-01 --end-date 2026-05-11

  0%|          | 0/9 [00:00<?, ?it/s]
 11%|█         | 1/9 [00:00<00:02,  3.70it/s]
 22%|██▏       | 2/9 [00:00<00:01,  3.68it/s]
 33%|███▎      | 3/9 [00:00<00:01,  3.96it/s]
 44%|████▍     | 4/9 [00:01<00:01,  3.98it/s]
 56%|█████▌    | 5/9 [00:01<00:01,  3.83it/s]
 67%|██████▋   | 6/9 [00:01<00:00,  3.97it/s]
 78%|███████▊  | 7/9 [00:01<00:00,  3.94it/s]
 89%|████████▉ | 8/9 [00:02<00:00,  4.03it/s]
100%|██████████| 9/9 [00:02<00:00,  3.93it/s]
                                             
/root/workspace/stock_realtime_v021_full/feature_building/build_sector_features.py:53: FutureWarning: The default fill_method='pad' in Series.pct_change is deprecated and will be removed in a future version. Either fill in any non-leading NA values prior to calling pct_change or specify 'fill_method=None' to not fill NA values.
  out["sector_ret1"] = out["sector_close"].pct_change()
{
  "sector_symbol": "养殖业",
  "sector_rows": 2022,
  "sector_date_min": "2018-01-02",
  "sector_date_max": "2026-05-08",
  "sample_rows": 1536,
  "merged_rows": 1536,
  "sector_feature_cols": 23,
  "top_missing": {
    "sector_ret60": 0.039713541666666664,
    "sector_ma60_gap": 0.020182291666666668,
    "stock_vs_sector_ret20": 0.013671875,
    "sector_ret20": 0.013671875,
    "sector_ma20_gap": 0.007161458333333333,
    "sector_volume_shock20": 0.007161458333333333,
    "sector_vol20": 0.007161458333333333,
    "sector_range_z20": 0.007161458333333333,
    "sector_amount_z20": 0.007161458333333333,
    "sector_volume_z20": 0.007161458333333333,
    "sector_amount_shock20": 0.007161458333333333,
    "sector_ret5": 0.00390625,
    "stock_vs_sector_ret5": 0.00390625,
    "sector_vs_bench_ret5": 0.00390625,
    "sector_high": 0.0006510416666666666,
    "sector_open": 0.0006510416666666666,
    "sector_close": 0.0006510416666666666,
    "sector_ret1": 0.0006510416666666666,
    "sector_volume": 0.0006510416666666666,
    "sector_amount": 0.0006510416666666666
  },
  "outputs": {
    "sector_index": "/root/workspace/stock_realtime_v021_full/saved_data/002714_pipeline_out/03_sector/sector_index_ths.csv",
    "sector_features": "/root/workspace/stock_realtime_v021_full/saved_data/002714_pipeline_out/03_sector/sector_features.csv",
    "merged_samples": "/root/workspace/stock_realtime_v021_full/saved_data/002714_pipeline_out/03_sector/training_samples_with_sector.csv"
  }
}

[2026-05-11T17:38:14] RUN external_hog
  /usr/bin/python3 feature_building/build_hog_industry_features.py --samples /root/workspace/stock_realtime_v021_full/saved_data/002714_pipeline_out/03_sector/training_samples_with_sector.csv --out-dir /root/workspace/stock_realtime_v021_full/saved_data/002714_pipeline_out/04_external/hog --lag-days 1
/root/workspace/stock_realtime_v021_full/feature_building/build_hog_industry_features.py:92: FutureWarning: The default fill_method='pad' in Series.pct_change is deprecated and will be removed in a future version. Either fill in any non-leading NA values prior to calling pct_change or specify 'fill_method=None' to not fill NA values.
  out[f"{col}_ret1"] = out[col].pct_change()
/root/workspace/stock_realtime_v021_full/feature_building/build_hog_industry_features.py:92: FutureWarning: The default fill_method='pad' in Series.pct_change is deprecated and will be removed in a future version. Either fill in any non-leading NA values prior to calling pct_change or specify 'fill_method=None' to not fill NA values.
  out[f"{col}_ret1"] = out[col].pct_change()
/root/workspace/stock_realtime_v021_full/feature_building/build_hog_industry_features.py:92: FutureWarning: The default fill_method='pad' in Series.pct_change is deprecated and will be removed in a future version. Either fill in any non-leading NA values prior to calling pct_change or specify 'fill_method=None' to not fill NA values.
  out[f"{col}_ret1"] = out[col].pct_change()
/root/workspace/stock_realtime_v021_full/feature_building/build_hog_industry_features.py:92: FutureWarning: The default fill_method='pad' in Series.pct_change is deprecated and will be removed in a future version. Either fill in any non-leading NA values prior to calling pct_change or specify 'fill_method=None' to not fill NA values.
  out[f"{col}_ret1"] = out[col].pct_change()
/root/workspace/stock_realtime_v021_full/feature_building/build_hog_industry_features.py:92: FutureWarning: The default fill_method='pad' in Series.pct_change is deprecated and will be removed in a future version. Either fill in any non-leading NA values prior to calling pct_change or specify 'fill_method=None' to not fill NA values.
  out[f"{col}_ret1"] = out[col].pct_change()
/root/workspace/stock_realtime_v021_full/feature_building/build_hog_industry_features.py:92: FutureWarning: The default fill_method='pad' in Series.pct_change is deprecated and will be removed in a future version. Either fill in any non-leading NA values prior to calling pct_change or specify 'fill_method=None' to not fill NA values.
  out[f"{col}_ret1"] = out[col].pct_change()
/root/workspace/stock_realtime_v021_full/feature_building/build_hog_industry_features.py:92: FutureWarning: The default fill_method='pad' in Series.pct_change is deprecated and will be removed in a future version. Either fill in any non-leading NA values prior to calling pct_change or specify 'fill_method=None' to not fill NA values.
  out[f"{col}_ret1"] = out[col].pct_change()
{
  "sample_rows": 1536,
  "raw_rows": 1551,
  "raw_date_min": "2018-11-04",
  "raw_date_max": "2026-05-11",
  "feature_cols": 80,
  "lag_days": 1,
  "errors": {},
  "top_missing": {
    "hog_pork_wholesale_ret20": 0.9700520833333334,
    "hog_pork_wholesale_z60": 0.9700520833333334,
    "hog_pork_wholesale_ret5": 0.9680989583333334,
    "hog_pork_wholesale_z20": 0.9674479166666666,
    "hog_pork_wholesale_ma20_gap": 0.9674479166666666,
    "hog_pork_wholesale": 0.9641927083333334,
    "hog_pork_wholesale_ret1": 0.9641927083333334,
    "hog_pig_corn_ratio_z60": 0.9322916666666666,
    "hog_pig_corn_ratio_ma20_gap": 0.90234375,
    "hog_pig_corn_ratio_z20": 0.90234375,
    "hog_sow_ret5": 0.9010416666666666,
    "hog_sow_ret20": 0.9010416666666666,
    "hog_fut_spot_basis_z60": 0.88671875,
    "hog_fut_spot_basis": 0.8763020833333334,
    "hog_pig_corn_ratio_ret20": 0.869140625,
    "hog_sow_z20": 0.8684895833333334,
    "hog_sow_ma20_gap": 0.8684895833333334,
    "hog_sow_z60": 0.8658854166666666,
    "hog_corn_ret20": 0.8522135416666666,
    "hog_soymeal_ret20": 0.8522135416666666,
    "hog_feed_cost_ret20": 0.8522135416666666,
    "hog_soymeal_z60": 0.8522135416666666,
    "hog_spot_ret20": 0.8522135416666666,
    "hog_corn_z60": 0.8522135416666666,
    "hog_spot_z60": 0.8522135416666666,
    "hog_soymeal_ma20_gap": 0.8470052083333334,
    "hog_spot_z20": 0.8470052083333334,
    "hog_corn_ma20_gap": 0.8470052083333334,
    "hog_soymeal_z20": 0.8470052083333334,
    "hog_corn_z20": 0.8470052083333334
  },
  "outputs": {
    "raw": "/root/workspace/stock_realtime_v021_full/saved_data/002714_pipeline_out/04_external/hog/hog_industry_raw.csv",
    "features": "/root/workspace/stock_realtime_v021_full/saved_data/002714_pipeline_out/04_external/hog/hog_industry_features.csv",
    "merged_samples": "/root/workspace/stock_realtime_v021_full/saved_data/002714_pipeline_out/04_external/hog/training_samples_with_hog_industry.csv"
  }
}
[INFO] final samples for search: /root/workspace/stock_realtime_v021_full/saved_data/002714_pipeline_out/04_external/hog/training_samples_with_hog_industry.csv

[2026-05-11T17:38:18] RUN search_vwap_low_hit_50bps
  /usr/bin/python3 model_training/search_walk_forward_model_complexity.py --samples /root/workspace/stock_realtime_v021_full/saved_data/002714_pipeline_out/04_external/hog/training_samples_with_hog_industry.csv --intraday-bars /root/workspace/stock_realtime_v021_full/saved_data/002714_pipeline_out/00_base/002714_5m.csv --out-dir /root/workspace/stock_realtime_v021_full/saved_data/002714_pipeline_out/10_search/search_vwap_low_hit_50bps --round-trip-cost-bps 1.7 --target-hit-bps 50.0 --label-mode hit --entry-policy vwap_low --entry-vwap-premium-bps 50.0 --max-missing 0.35 --groups reversal_fundamental_regime,reversal_fundamental_regime_sector,all_no_ak --models xgb_d2_200_lr003_mcw5,xgb_d3_400_lr003_mcw3,xgb_d3_600_lr002_mcw3,xgb_d4_500_lr002_mcw5,lgbm_leaves7_400,lgbm_leaves15_700,extra_trees_600_d3,random_forest_600_d4 --quantiles 0.5,0.6,0.7,0.8 --train-rows 756 --valid-rows 126 --test-rows 63 --min-valid-trades 8 --min-train-entries 80
{
  "rows": 1535,
  "target_hit_bps": 50.0,
  "label_mode": "hit",
  "entry_policy": "vwap_low",
  "entry_vwap_premium_bps": 50.0,
  "groups": {
    "reversal_fundamental_regime": 137,
    "reversal_fundamental_regime_sector": 160,
    "all_no_ak": 244
  },
  "models": [
    "xgb_d2_200_lr003_mcw5",
    "xgb_d3_400_lr003_mcw3",
    "xgb_d3_600_lr002_mcw3",
    "xgb_d4_500_lr002_mcw5",
    "extra_trees_600_d3",
    "random_forest_600_d4",
    "lgbm_leaves7_400",
    "lgbm_leaves15_700"
  ],
  "top": [
    {
      "entry_policy": "vwap_low",
      "feature_group": "reversal_fundamental_regime_sector",
      "model_name": "extra_trees_600_d3",
      "target_hit_bps": 50.0,
      "trades": 278,
      "win_rate": 0.7553956834532374,
      "avg_return": 0.0005771596345931717,
      "median_return": 0.005,
      "compound_return": 0.15949154026063073,
      "max_drawdown": -0.11184369456548293,
      "profit_factor": 1.1839359039572637,
      "windows": 10
    },
    {
      "entry_policy": "vwap_low",
      "feature_group": "reversal_fundamental_regime_sector",
      "model_name": "xgb_d4_500_lr002_mcw5",
      "target_hit_bps": 50.0,
      "trades": 212,
      "win_rate": 0.7688679245283019,
      "avg_return": 0.0007019741197414396,
      "median_return": 0.005,
      "compound_return": 0.15067032400177682,
      "max_drawdown": -0.08440113555740059,
      "profit_factor": 1.2269237786347398,
      "windows": 10
    },
    {
      "entry_policy": "vwap_low",
      "feature_group": "reversal_fundamental_regime_sector",
      "model_name": "xgb_d2_200_lr003_mcw5",
      "target_hit_bps": 50.0,
      "trades": 270,
      "win_rate": 0.762962962962963,
      "avg_return": 0.0003897581658009408,
      "median_return": 0.005,
      "compound_return": 0.09554130813240946,
      "max_drawdown": -0.10216941431899362,
      "profit_factor": 1.1161903622026557,
      "windows": 10
    },
    {
      "entry_policy": "vwap_low",
      "feature_group": "reversal_fundamental_regime_sector",
      "model_name": "lgbm_leaves7_400",
      "target_hit_bps": 50.0,
      "trades": 273,
      "win_rate": 0.7545787545787546,
      "avg_return": 0.0002766425392174644,
      "median_return": 0.005,
      "compound_return": 0.06283536690158864,
      "max_drawdown": -0.09600573024020109,
      "profit_factor": 1.0805694374585983,
      "windows": 10
    },
    {
      "entry_policy": "vwap_low",
      "feature_group": "reversal_fundamental_regime",
      "model_name": "random_forest_600_d4",
      "target_hit_bps": 50.0,
      "trades": 240,
      "win_rate": 0.7791666666666667,
      "avg_return": 0.00030095187304707223,
      "median_return": 0.005,
      "compound_return": 0.05887592708465372,
      "max_drawdown": -0.14035562010078695,
      "profit_factor": 1.0844198320890932,
      "windows": 10
    },
    {
      "entry_policy": "vwap_low",
      "feature_group": "all_no_ak",
      "model_name": "lgbm_leaves15_700",
      "target_hit_bps": 50.0,
      "trades": 173,
      "win_rate": 0.7456647398843931,
      "avg_return": 0.00035117100405970277,
      "median_return": 0.005,
      "compound_return": 0.05514584479955964,
      "max_drawdown": -0.07259009594910837,
      "profit_factor": 1.1043325279763354,
      "windows": 10
    },
    {
      "entry_policy": "vwap_low",
      "feature_group": "reversal_fundamental_regime_sector",
      "model_name": "xgb_d3_600_lr002_mcw3",
      "target_hit_bps": 50.0,
      "trades": 186,
      "win_rate": 0.7473118279569892,
      "avg_return": 8.591555827426736e-05,
      "median_return": 0.005,
      "compound_return": 0.007038614438867885,
      "max_drawdown": -0.0931358249876797,
      "profit_factor": 1.0237632237177097,
      "windows": 10
    },
    {
      "entry_policy": "vwap_low",
      "feature_group": "reversal_fundamental_regime",
      "model_name": "lgbm_leaves15_700",
      "target_hit_bps": 50.0,
      "trades": 230,
      "win_rate": 0.7434782608695653,
      "avg_return": 6.304382234835038e-05,
      "median_return": 0.005,
      "compound_return": 0.0022185688106282075,
      "max_drawdown": -0.13432560250788672,
      "profit_factor": 1.017320805116483,
      "windows": 10
    },
    {
      "entry_policy": "vwap_low",
      "feature_group": "reversal_fundamental_regime",
      "model_name": "lgbm_leaves7_400",
      "target_hit_bps": 50.0,
      "trades": 192,
      "win_rate": 0.7552083333333334,
      "avg_return": -6.89174293911574e-05,
      "median_return": 0.005,
      "compound_return": -0.02423811012054078,
      "max_drawdown": -0.18430917731431273,
      "profit_factor": 0.981994147979972,
      "windows": 10
    },
    {
      "entry_policy": "vwap_low",
      "feature_group": "reversal_fundamental_regime_sector",
      "model_name": "lgbm_leaves15_700",
      "target_hit_bps": 50.0,
      "trades": 231,
      "win_rate": 0.7402597402597403,
      "avg_return": -5.2753087479809585e-05,
      "median_return": 0.005,
      "compound_return": -0.024637832236197643,
      "max_drawdown": -0.12417599839811244,
      "profit_factor": 0.9858409161477671,
      "windows": 10
    },
    {
      "entry_policy": "vwap_low",
      "feature_group": "reversal_fundamental_regime",
      "model_name": "xgb_d4_500_lr002_mcw5",
      "target_hit_bps": 50.0,
      "trades": 196,
      "win_rate": 0.7551020408163265,
      "avg_return": -7.569106039358459e-05,
      "median_return": 0.005,
      "compound_return": -0.026012481151021838,
      "max_drawdown": -0.14177719683700163,
      "profit_factor": 0.9801572333976623,
      "windows": 10
    },
    {
      "entry_policy": "vwap_low",
      "feature_group": "reversal_fundamental_regime_sector",
      "model_name": "xgb_d3_400_lr003_mcw3",
      "target_hit_bps": 50.0,
      "trades": 169,
      "win_rate": 0.7455621301775148,
      "avg_return": -9.71766251022127e-05,
      "median_return": 0.005,
      "compound_return": -0.026143161008076454,
      "max_drawdown": -0.10638187608306704,
      "profit_factor": 0.9741799284096964,
      "windows": 10
    },
    {
      "entry_policy": "vwap_low",
      "feature_group": "reversal_fundamental_regime",
      "model_name": "xgb_d3_600_lr002_mcw3",
      "target_hit_bps": 50.0,
      "trades": 214,
      "win_rate": 0.7383177570093458,
      "avg_return": -8.717867041947758e-05,
      "median_return": 0.005,
      "compound_return": -0.030095567751806107,
      "max_drawdown": -0.11093785689570512,
      "profit_factor": 0.9768333128823538,
      "windows": 10
    },
    {
      "entry_policy": "vwap_low",
      "feature_group": "reversal_fundamental_regime",
      "model_name": "xgb_d2_200_lr003_mcw5",
      "target_hit_bps": 50.0,
      "trades": 204,
      "win_rate": 0.75,
      "avg_return": -0.00012366186589293405,
      "median_return": 0.005,
      "compound_return": -0.03672479971956799,
      "max_drawdown": -0.1166650554929366,
      "profit_factor": 0.9677833003772529,
      "windows": 10
    },
    {
      "entry_policy": "vwap_low",
      "feature_group": "all_no_ak",
      "model_name": "xgb_d2_200_lr003_mcw5",
      "target_hit_bps": 50.0,
      "trades": 203,
      "win_rate": 0.7438423645320197,
      "avg_return": -0.0001841583653453632,
      "median_return": 0.005,
      "compound_return": -0.04852339304578024,
      "max_drawdown": -0.10935802663058514,
      "profit_factor": 0.9526202580749759,
      "windows": 10
    },
    {
      "entry_policy": "vwap_low",
      "feature_group": "all_no_ak",
      "model_name": "xgb_d4_500_lr002_mcw5",
      "target_hit_bps": 50.0,
      "trades": 226,
      "win_rate": 0.7477876106194691,
      "avg_return": -0.00016419810584270296,
      "median_return": 0.005,
      "compound_return": -0.049307238071930715,
      "max_drawdown": -0.09841261372582266,
      "profit_factor": 0.957771290727688,
      "windows": 10
    },
    {
      "entry_policy": "vwap_low",
      "feature_group": "all_no_ak",
      "model_name": "xgb_d3_600_lr002_mcw3",
      "target_hit_bps": 50.0,
      "trades": 202,
      "win_rate": 0.7475247524752475,
      "avg_return": -0.00019165108761645084,
      "median_return": 0.005,
      "compound_return": -0.04997726316303386,
      "max_drawdown": -0.11363673367475335,
      "profit_factor": 0.9508968357983186,
      "windows": 10
    },
    {
      "entry_policy": "vwap_low",
      "feature_group": "all_no_ak",
      "model_name": "random_forest_600_d4",
      "target_hit_bps": 50.0,
      "trades": 253,
      "win_rate": 0.7391304347826086,
      "avg_return": -0.0001881335771181516,
      "median_return": 0.005,
      "compound_return": -0.061861017387145556,
      "max_drawdown": -0.11695282050768341,
      "profit_factor": 0.9509555201472462,
      "windows": 10
    },
    {
      "entry_policy": "vwap_low",
      "feature_group": "reversal_fundamental_regime",
      "model_name": "xgb_d3_400_lr003_mcw3",
      "target_hit_bps": 50.0,
      "trades": 189,
      "win_rate": 0.7354497354497355,
      "avg_return": -0.00033222699652846996,
      "median_return": 0.005,
      "compound_return": -0.07147018469375055,
      "max_drawdown": -0.13364334135143685,
      "profit_factor": 0.9167714085046094,
      "windows": 10
    },
    {
      "entry_policy": "vwap_low",
      "feature_group": "all_no_ak",
      "model_name": "xgb_d3_400_lr003_mcw3",
      "target_hit_bps": 50.0,
      "trades": 203,
      "win_rate": 0.7438423645320197,
      "avg_return": -0.00030708946066385296,
      "median_return": 0.005,
      "compound_return": -0.07230206059555788,
      "max_drawdown": -0.11412490013313337,
      "profit_factor": 0.9229286240843209,
      "windows": 10
    }
  ]
}

[2026-05-11T17:46:41] RUN search_vwap_low_hit_80bps
  /usr/bin/python3 model_training/search_walk_forward_model_complexity.py --samples /root/workspace/stock_realtime_v021_full/saved_data/002714_pipeline_out/04_external/hog/training_samples_with_hog_industry.csv --intraday-bars /root/workspace/stock_realtime_v021_full/saved_data/002714_pipeline_out/00_base/002714_5m.csv --out-dir /root/workspace/stock_realtime_v021_full/saved_data/002714_pipeline_out/10_search/search_vwap_low_hit_80bps --round-trip-cost-bps 1.7 --target-hit-bps 80.0 --label-mode hit --entry-policy vwap_low --entry-vwap-premium-bps 50.0 --max-missing 0.35 --groups reversal_fundamental_regime,reversal_fundamental_regime_sector,all_no_ak --models xgb_d2_200_lr003_mcw5,xgb_d3_400_lr003_mcw3,xgb_d3_600_lr002_mcw3,xgb_d4_500_lr002_mcw5,lgbm_leaves7_400,lgbm_leaves15_700,extra_trees_600_d3,random_forest_600_d4 --quantiles 0.5,0.6,0.7,0.8 --train-rows 756 --valid-rows 126 --test-rows 63 --min-valid-trades 8 --min-train-entries 80
{
  "rows": 1535,
  "target_hit_bps": 80.0,
  "label_mode": "hit",
  "entry_policy": "vwap_low",
  "entry_vwap_premium_bps": 50.0,
  "groups": {
    "reversal_fundamental_regime": 137,
    "reversal_fundamental_regime_sector": 160,
    "all_no_ak": 244
  },
  "models": [
    "xgb_d2_200_lr003_mcw5",
    "xgb_d3_400_lr003_mcw3",
    "xgb_d3_600_lr002_mcw3",
    "xgb_d4_500_lr002_mcw5",
    "extra_trees_600_d3",
    "random_forest_600_d4",
    "lgbm_leaves7_400",
    "lgbm_leaves15_700"
  ],
  "top": [
    {
      "entry_policy": "vwap_low",
      "feature_group": "reversal_fundamental_regime",
      "model_name": "xgb_d3_400_lr003_mcw3",
      "target_hit_bps": 80.0,
      "trades": 268,
      "win_rate": 0.6529850746268657,
      "avg_return": 0.0004551968086224276,
      "median_return": 0.008,
      "compound_return": 0.10658222788140326,
      "max_drawdown": -0.13216753906380885,
      "profit_factor": 1.0993647317912782,
      "windows": 10
    },
    {
      "entry_policy": "vwap_low",
      "feature_group": "all_no_ak",
      "model_name": "extra_trees_600_d3",
      "target_hit_bps": 80.0,
      "trades": 271,
      "win_rate": 0.6309963099630996,
      "avg_return": 0.00019267957443259542,
      "median_return": 0.008,
      "compound_return": 0.033682074253899685,
      "max_drawdown": -0.20987119680625,
      "profit_factor": 1.0414679007953376,
      "windows": 10
    },
    {
      "entry_policy": "vwap_low",
      "feature_group": "reversal_fundamental_regime_sector",
      "model_name": "random_forest_600_d4",
      "target_hit_bps": 80.0,
      "trades": 202,
      "win_rate": 0.6633663366336634,
      "avg_return": 0.00021325600018483546,
      "median_return": 0.008,
      "compound_return": 0.025073033438714587,
      "max_drawdown": -0.20720069730869162,
      "profit_factor": 1.0433367099143622,
      "windows": 10
    },
    {
      "entry_policy": "vwap_low",
      "feature_group": "all_no_ak",
      "model_name": "random_forest_600_d4",
      "target_hit_bps": 80.0,
      "trades": 214,
      "win_rate": 0.6448598130841121,
      "avg_return": 0.00011827394663289953,
      "median_return": 0.008,
      "compound_return": 0.006858989767798862,
      "max_drawdown": -0.20576788500830778,
      "profit_factor": 1.0241628844955784,
      "windows": 10
    },
    {
      "entry_policy": "vwap_low",
      "feature_group": "reversal_fundamental_regime_sector",
      "model_name": "extra_trees_600_d3",
      "target_hit_bps": 80.0,
      "trades": 255,
      "win_rate": 0.6431372549019608,
      "avg_return": 5.979248957346425e-05,
      "median_return": 0.008,
      "compound_return": -0.006164529288917531,
      "max_drawdown": -0.21152070174626758,
      "profit_factor": 1.0122242068566711,
      "windows": 10
    },
    {
      "entry_policy": "vwap_low",
      "feature_group": "reversal_fundamental_regime",
      "model_name": "extra_trees_600_d3",
      "target_hit_bps": 80.0,
      "trades": 245,
      "win_rate": 0.6408163265306123,
      "avg_return": 5.239587822238674e-05,
      "median_return": 0.008,
      "compound_return": -0.008031811023741842,
      "max_drawdown": -0.20043729568616042,
      "profit_factor": 1.0107313643917888,
      "windows": 10
    },
    {
      "entry_policy": "vwap_low",
      "feature_group": "reversal_fundamental_regime",
      "model_name": "random_forest_600_d4",
      "target_hit_bps": 80.0,
      "trades": 208,
      "win_rate": 0.6586538461538461,
      "avg_return": -1.151181100144913e-05,
      "median_return": 0.008,
      "compound_return": -0.022018360266083947,
      "max_drawdown": -0.22250721127861173,
      "profit_factor": 0.9977585537098661,
      "windows": 10
    },
    {
      "entry_policy": "vwap_low",
      "feature_group": "reversal_fundamental_regime_sector",
      "model_name": "xgb_d2_200_lr003_mcw5",
      "target_hit_bps": 80.0,
      "trades": 198,
      "win_rate": 0.6363636363636364,
      "avg_return": -7.139976755183502e-05,
      "median_return": 0.008,
      "compound_return": -0.028994120142961988,
      "max_drawdown": -0.16990704058971018,
      "profit_factor": 0.9854582769878528,
      "windows": 10
    },
    {
      "entry_policy": "vwap_low",
      "feature_group": "reversal_fundamental_regime",
      "model_name": "xgb_d2_200_lr003_mcw5",
      "target_hit_bps": 80.0,
      "trades": 206,
      "win_rate": 0.6407766990291263,
      "avg_return": -6.835152929901131e-05,
      "median_return": 0.008,
      "compound_return": -0.03141412501873719,
      "max_drawdown": -0.18115254144591864,
      "profit_factor": 0.9864460570080199,
      "windows": 10
    },
    {
      "entry_policy": "vwap_low",
      "feature_group": "reversal_fundamental_regime_sector",
      "model_name": "xgb_d3_600_lr002_mcw3",
      "target_hit_bps": 80.0,
      "trades": 169,
      "win_rate": 0.621301775147929,
      "avg_return": -0.0002487387746763655,
      "median_return": 0.008,
      "compound_return": -0.052207333760657226,
      "max_drawdown": -0.15480885901688846,
      "profit_factor": 0.9499949398912504,
      "windows": 10
    },
    {
      "entry_policy": "vwap_low",
      "feature_group": "all_no_ak",
      "model_name": "xgb_d4_500_lr002_mcw5",
      "target_hit_bps": 80.0,
      "trades": 184,
      "win_rate": 0.625,
      "avg_return": -0.00033485161066777367,
      "median_return": 0.008,
      "compound_return": -0.07376796017523557,
      "max_drawdown": -0.2350265956756551,
      "profit_factor": 0.9355344622300629,
      "windows": 10
    },
    {
      "entry_policy": "vwap_low",
      "feature_group": "reversal_fundamental_regime",
      "model_name": "xgb_d3_600_lr002_mcw3",
      "target_hit_bps": 80.0,
      "trades": 220,
      "win_rate": 0.6227272727272727,
      "avg_return": -0.0002879840467187086,
      "median_return": 0.008,
      "compound_return": -0.07884386626767648,
      "max_drawdown": -0.16760992898469085,
      "profit_factor": 0.9436800731209942,
      "windows": 10
    },
    {
      "entry_policy": "vwap_low",
      "feature_group": "reversal_fundamental_regime_sector",
      "model_name": "lgbm_leaves7_400",
      "target_hit_bps": 80.0,
      "trades": 241,
      "win_rate": 0.6182572614107884,
      "avg_return": -0.00028128819749026344,
      "median_return": 0.008,
      "compound_return": -0.08225350525648645,
      "max_drawdown": -0.15336602764350205,
      "profit_factor": 0.9431774261393379,
      "windows": 10
    },
    {
      "entry_policy": "vwap_low",
      "feature_group": "all_no_ak",
      "model_name": "xgb_d3_400_lr003_mcw3",
      "target_hit_bps": 80.0,
      "trades": 223,
      "win_rate": 0.6636771300448431,
      "avg_return": -0.0002917317762461821,
      "median_return": 0.008,
      "compound_return": -0.08271387800938323,
      "max_drawdown": -0.25957423938557256,
      "profit_factor": 0.9455249476030139,
      "windows": 10
    },
    {
      "entry_policy": "vwap_low",
      "feature_group": "reversal_fundamental_regime",
      "model_name": "lgbm_leaves7_400",
      "target_hit_bps": 80.0,
      "trades": 202,
      "win_rate": 0.6188118811881188,
      "avg_return": -0.0004001078388811185,
      "median_return": 0.008,
      "compound_return": -0.09210628956730804,
      "max_drawdown": -0.16868368282700408,
      "profit_factor": 0.92153506899939,
      "windows": 10
    },
    {
      "entry_policy": "vwap_low",
      "feature_group": "all_no_ak",
      "model_name": "xgb_d3_600_lr002_mcw3",
      "target_hit_bps": 80.0,
      "trades": 200,
      "win_rate": 0.64,
      "avg_return": -0.0004544336450337286,
      "median_return": 0.008,
      "compound_return": -0.10360219156175321,
      "max_drawdown": -0.2362714182325314,
      "profit_factor": 0.9144637253500046,
      "windows": 10
    },
    {
      "entry_policy": "vwap_low",
      "feature_group": "reversal_fundamental_regime",
      "model_name": "lgbm_leaves15_700",
      "target_hit_bps": 80.0,
      "trades": 224,
      "win_rate": 0.6026785714285714,
      "avg_return": -0.00042358519106631997,
      "median_return": 0.008,
      "compound_return": -0.10573216336463209,
      "max_drawdown": -0.16558410901728182,
      "profit_factor": 0.9165191508727836,
      "windows": 10
    },
    {
      "entry_policy": "vwap_low",
      "feature_group": "reversal_fundamental_regime_sector",
      "model_name": "xgb_d4_500_lr002_mcw5",
      "target_hit_bps": 80.0,
      "trades": 181,
      "win_rate": 0.6077348066298343,
      "avg_return": -0.0008114964456212148,
      "median_return": 0.008,
      "compound_return": -0.14943223462360866,
      "max_drawdown": -0.25033715636604525,
      "profit_factor": 0.8523851055113624,
      "windows": 10
    },
    {
      "entry_policy": "vwap_low",
      "feature_group": "all_no_ak",
      "model_name": "lgbm_leaves7_400",
      "target_hit_bps": 80.0,
      "trades": 234,
      "win_rate": 0.6196581196581197,
      "avg_return": -0.0008255583872202523,
      "median_return": 0.008,
      "compound_return": -0.19274844884655695,
      "max_drawdown": -0.25610907181843534,
      "profit_factor": 0.8520440551378817,
      "windows": 10
    },
    {
      "entry_policy": "vwap_low",
      "feature_group": "reversal_fundamental_regime_sector",
      "model_name": "lgbm_leaves15_700",
      "target_hit_bps": 80.0,
      "trades": 233,
      "win_rate": 0.5965665236051502,
      "avg_return": -0.0008603141184160413,
      "median_return": 0.008,
      "compound_return": -0.19818949893813398,
      "max_drawdown": -0.21086614518193147,
      "profit_factor": 0.8403778448293726,
      "windows": 10
    }
  ]
}

[2026-05-11T17:55:27] RUN search_vwap_low_close_profit_50bps
  /usr/bin/python3 model_training/search_walk_forward_model_complexity.py --samples /root/workspace/stock_realtime_v021_full/saved_data/002714_pipeline_out/04_external/hog/training_samples_with_hog_industry.csv --intraday-bars /root/workspace/stock_realtime_v021_full/saved_data/002714_pipeline_out/00_base/002714_5m.csv --out-dir /root/workspace/stock_realtime_v021_full/saved_data/002714_pipeline_out/10_search/search_vwap_low_close_profit_50bps --round-trip-cost-bps 1.7 --target-hit-bps 50.0 --label-mode close_profit --entry-policy vwap_low --entry-vwap-premium-bps 50.0 --max-missing 0.35 --groups reversal_fundamental_regime,reversal_fundamental_regime_sector,all_no_ak --models xgb_d2_200_lr003_mcw5,xgb_d3_400_lr003_mcw3,xgb_d3_600_lr002_mcw3,xgb_d4_500_lr002_mcw5,lgbm_leaves7_400,lgbm_leaves15_700,extra_trees_600_d3,random_forest_600_d4 --quantiles 0.5,0.6,0.7,0.8 --train-rows 756 --valid-rows 126 --test-rows 63 --min-valid-trades 8 --min-train-entries 80
{
  "rows": 1535,
  "target_hit_bps": 50.0,
  "label_mode": "close_profit",
  "entry_policy": "vwap_low",
  "entry_vwap_premium_bps": 50.0,
  "groups": {
    "reversal_fundamental_regime": 137,
    "reversal_fundamental_regime_sector": 160,
    "all_no_ak": 244
  },
  "models": [
    "xgb_d2_200_lr003_mcw5",
    "xgb_d3_400_lr003_mcw3",
    "xgb_d3_600_lr002_mcw3",
    "xgb_d4_500_lr002_mcw5",
    "extra_trees_600_d3",
    "random_forest_600_d4",
    "lgbm_leaves7_400",
    "lgbm_leaves15_700"
  ],
  "top": [
    {
      "entry_policy": "vwap_low",
      "feature_group": "reversal_fundamental_regime_sector",
      "model_name": "random_forest_600_d4",
      "target_hit_bps": 50.0,
      "trades": 125,
      "win_rate": 0.48,
      "avg_return": 0.003197912982433739,
      "median_return": -0.00016999999999999999,
      "compound_return": 0.44778607346613697,
      "max_drawdown": -0.11493262433060725,
      "profit_factor": 1.534120280449723,
      "windows": 10
    },
    {
      "entry_policy": "vwap_low",
      "feature_group": "reversal_fundamental_regime_sector",
      "model_name": "extra_trees_600_d3",
      "target_hit_bps": 50.0,
      "trades": 150,
      "win_rate": 0.52,
      "avg_return": 0.0024093680726997866,
      "median_return": 0.00045438128437380945,
      "compound_return": 0.3768367466324345,
      "max_drawdown": -0.17404784613411528,
      "profit_factor": 1.3535470988114169,
      "windows": 10
    },
    {
      "entry_policy": "vwap_low",
      "feature_group": "all_no_ak",
      "model_name": "extra_trees_600_d3",
      "target_hit_bps": 50.0,
      "trades": 135,
      "win_rate": 0.5037037037037037,
      "avg_return": 0.0025435522015373573,
      "median_return": 3.533880903483849e-05,
      "compound_return": 0.3544007640767568,
      "max_drawdown": -0.15726849761089845,
      "profit_factor": 1.3652777805975946,
      "windows": 10
    },
    {
      "entry_policy": "vwap_low",
      "feature_group": "reversal_fundamental_regime_sector",
      "model_name": "lgbm_leaves7_400",
      "target_hit_bps": 50.0,
      "trades": 183,
      "win_rate": 0.46994535519125685,
      "avg_return": 0.0017631658862277376,
      "median_return": -0.0017252099533437946,
      "compound_return": 0.3286227240853361,
      "max_drawdown": -0.16363302222503884,
      "profit_factor": 1.2849550777805792,
      "windows": 10
    },
    {
      "entry_policy": "vwap_low",
      "feature_group": "reversal_fundamental_regime_sector",
      "model_name": "xgb_d4_500_lr002_mcw5",
      "target_hit_bps": 50.0,
      "trades": 188,
      "win_rate": 0.48936170212765956,
      "avg_return": 0.0014774387455736885,
      "median_return": -0.0011158232780570897,
      "compound_return": 0.2754157029627855,
      "max_drawdown": -0.1692005796850563,
      "profit_factor": 1.2416888804346295,
      "windows": 10
    },
    {
      "entry_policy": "vwap_low",
      "feature_group": "all_no_ak",
      "model_name": "lgbm_leaves7_400",
      "target_hit_bps": 50.0,
      "trades": 176,
      "win_rate": 0.45454545454545453,
      "avg_return": 0.0014349308615070001,
      "median_return": -0.0011158232780570897,
      "compound_return": 0.23478988099999687,
      "max_drawdown": -0.1772015629332917,
      "profit_factor": 1.2111594314404146,
      "windows": 10
    },
    {
      "entry_policy": "vwap_low",
      "feature_group": "all_no_ak",
      "model_name": "xgb_d2_200_lr003_mcw5",
      "target_hit_bps": 50.0,
      "trades": 191,
      "win_rate": 0.5078534031413613,
      "avg_return": 0.0013140804402429125,
      "median_return": 9.062027625739505e-05,
      "compound_return": 0.2284063530797864,
      "max_drawdown": -0.23275697341910428,
      "profit_factor": 1.1934495497271518,
      "windows": 10
    },
    {
      "entry_policy": "vwap_low",
      "feature_group": "all_no_ak",
      "model_name": "lgbm_leaves15_700",
      "target_hit_bps": 50.0,
      "trades": 205,
      "win_rate": 0.47804878048780486,
      "avg_return": 0.0010674660070066095,
      "median_return": -0.0004324671916009458,
      "compound_return": 0.19109546725834736,
      "max_drawdown": -0.21145507511641537,
      "profit_factor": 1.167144378731106,
      "windows": 10
    },
    {
      "entry_policy": "vwap_low",
      "feature_group": "all_no_ak",
      "model_name": "xgb_d4_500_lr002_mcw5",
      "target_hit_bps": 50.0,
      "trades": 149,
      "win_rate": 0.4697986577181208,
      "avg_return": 0.001280631963149411,
      "median_return": -0.000902421875,
      "compound_return": 0.1732802072336539,
      "max_drawdown": -0.16495353407019908,
      "profit_factor": 1.203384034551269,
      "windows": 10
    },
    {
      "entry_policy": "vwap_low",
      "feature_group": "reversal_fundamental_regime",
      "model_name": "xgb_d4_500_lr002_mcw5",
      "target_hit_bps": 50.0,
      "trades": 226,
      "win_rate": 0.48672566371681414,
      "avg_return": 0.0008788473135594519,
      "median_return": -0.0006720569909340855,
      "compound_return": 0.17163394322686432,
      "max_drawdown": -0.19170769676514032,
      "profit_factor": 1.1436098495179983,
      "windows": 10
    },
    {
      "entry_policy": "vwap_low",
      "feature_group": "reversal_fundamental_regime",
      "model_name": "extra_trees_600_d3",
      "target_hit_bps": 50.0,
      "trades": 182,
      "win_rate": 0.5,
      "avg_return": 0.0010798839588271976,
      "median_return": -6.733059548258075e-05,
      "compound_return": 0.17084935607313678,
      "max_drawdown": -0.17452647374901165,
      "profit_factor": 1.1683121788728026,
      "windows": 10
    },
    {
      "entry_policy": "vwap_low",
      "feature_group": "reversal_fundamental_regime",
      "model_name": "random_forest_600_d4",
      "target_hit_bps": 50.0,
      "trades": 157,
      "win_rate": 0.4713375796178344,
      "avg_return": 0.0011902062076261587,
      "median_return": -0.000902421875,
      "compound_return": 0.16271061423973943,
      "max_drawdown": -0.15760944429056112,
      "profit_factor": 1.1764304148612206,
      "windows": 10
    },
    {
      "entry_policy": "vwap_low",
      "feature_group": "reversal_fundamental_regime_sector",
      "model_name": "xgb_d2_200_lr003_mcw5",
      "target_hit_bps": 50.0,
      "trades": 153,
      "win_rate": 0.48366013071895425,
      "avg_return": 0.0011182384649457977,
      "median_return": -0.0006645598417408492,
      "compound_return": 0.15364327127621014,
      "max_drawdown": -0.17090997273041542,
      "profit_factor": 1.180696850388625,
      "windows": 10
    },
    {
      "entry_policy": "vwap_low",
      "feature_group": "all_no_ak",
      "model_name": "xgb_d3_400_lr003_mcw3",
      "target_hit_bps": 50.0,
      "trades": 184,
      "win_rate": 0.4782608695652174,
      "avg_return": 0.0009804783272459683,
      "median_return": -0.0005214465875370521,
      "compound_return": 0.14694189619644482,
      "max_drawdown": -0.2371946025884829,
      "profit_factor": 1.1472870736437986,
      "windows": 10
    },
    {
      "entry_policy": "vwap_low",
      "feature_group": "all_no_ak",
      "model_name": "random_forest_600_d4",
      "target_hit_bps": 50.0,
      "trades": 169,
      "win_rate": 0.47337278106508873,
      "avg_return": 0.0009613225193635788,
      "median_return": -0.0010065867261573845,
      "compound_return": 0.12788517123869592,
      "max_drawdown": -0.15531057335801102,
      "profit_factor": 1.1331453596151744,
      "windows": 10
    },
    {
      "entry_policy": "vwap_low",
      "feature_group": "reversal_fundamental_regime",
      "model_name": "xgb_d2_200_lr003_mcw5",
      "target_hit_bps": 50.0,
      "trades": 143,
      "win_rate": 0.4825174825174825,
      "avg_return": 0.0007505429609205045,
      "median_return": -0.0010024084350720407,
      "compound_return": 0.07915845778736008,
      "max_drawdown": -0.17666729950456772,
      "profit_factor": 1.1094550714587617,
      "windows": 10
    },
    {
      "entry_policy": "vwap_low",
      "feature_group": "reversal_fundamental_regime",
      "model_name": "lgbm_leaves7_400",
      "target_hit_bps": 50.0,
      "trades": 249,
      "win_rate": 0.46184738955823296,
      "avg_return": 0.00045242493818392534,
      "median_return": -0.0009118397626114404,
      "compound_return": 0.07445844314170014,
      "max_drawdown": -0.1888070240798806,
      "profit_factor": 1.074606413701161,
      "windows": 10
    },
    {
      "entry_policy": "vwap_low",
      "feature_group": "reversal_fundamental_regime_sector",
      "model_name": "xgb_d3_600_lr002_mcw3",
      "target_hit_bps": 50.0,
      "trades": 157,
      "win_rate": 0.46496815286624205,
      "avg_return": 0.0006386268053079722,
      "median_return": -0.003000188679245338,
      "compound_return": 0.07226202840753748,
      "max_drawdown": -0.21962644497804273,
      "profit_factor": 1.0936155030550643,
      "windows": 10
    },
    {
      "entry_policy": "vwap_low",
      "feature_group": "reversal_fundamental_regime_sector",
      "model_name": "xgb_d3_400_lr003_mcw3",
      "target_hit_bps": 50.0,
      "trades": 193,
      "win_rate": 0.48186528497409326,
      "avg_return": 0.0004593353940195976,
      "median_return": -0.0010210638297873907,
      "compound_return": 0.05405274562596074,
      "max_drawdown": -0.2216005194529972,
      "profit_factor": 1.0689348137825756,
      "windows": 10
    },
    {
      "entry_policy": "vwap_low",
      "feature_group": "reversal_fundamental_regime",
      "model_name": "xgb_d3_400_lr003_mcw3",
      "target_hit_bps": 50.0,
      "trades": 179,
      "win_rate": 0.4692737430167598,
      "avg_return": 0.0003219287421360074,
      "median_return": -0.0007131830526887449,
      "compound_return": 0.024683944765507393,
      "max_drawdown": -0.19207193608584194,
      "profit_factor": 1.048515663383195,
      "windows": 10
    }
  ]
}

[2026-05-11T18:04:17] RUN search_all_days_hit_50bps
  /usr/bin/python3 model_training/search_walk_forward_model_complexity.py --samples /root/workspace/stock_realtime_v021_full/saved_data/002714_pipeline_out/04_external/hog/training_samples_with_hog_industry.csv --intraday-bars /root/workspace/stock_realtime_v021_full/saved_data/002714_pipeline_out/00_base/002714_5m.csv --out-dir /root/workspace/stock_realtime_v021_full/saved_data/002714_pipeline_out/10_search/search_all_days_hit_50bps --round-trip-cost-bps 1.7 --target-hit-bps 50.0 --label-mode hit --entry-policy all_days --entry-vwap-premium-bps 50.0 --max-missing 0.35 --groups reversal_fundamental_regime,reversal_fundamental_regime_sector,all_no_ak --models xgb_d2_200_lr003_mcw5,xgb_d3_400_lr003_mcw3,xgb_d3_600_lr002_mcw3,xgb_d4_500_lr002_mcw5,lgbm_leaves7_400,lgbm_leaves15_700,extra_trees_600_d3,random_forest_600_d4 --quantiles 0.5,0.6,0.7,0.8 --train-rows 756 --valid-rows 126 --test-rows 63 --min-valid-trades 8 --min-train-entries 80
{
  "rows": 1535,
  "target_hit_bps": 50.0,
  "label_mode": "hit",
  "entry_policy": "all_days",
  "entry_vwap_premium_bps": 50.0,
  "groups": {
    "reversal_fundamental_regime": 137,
    "reversal_fundamental_regime_sector": 160,
    "all_no_ak": 244
  },
  "models": [
    "xgb_d2_200_lr003_mcw5",
    "xgb_d3_400_lr003_mcw3",
    "xgb_d3_600_lr002_mcw3",
    "xgb_d4_500_lr002_mcw5",
    "extra_trees_600_d3",
    "random_forest_600_d4",
    "lgbm_leaves7_400",
    "lgbm_leaves15_700"
  ],
  "top": [
    {
      "entry_policy": "all_days",
      "feature_group": "reversal_fundamental_regime_sector",
      "model_name": "xgb_d4_500_lr002_mcw5",
      "target_hit_bps": 50.0,
      "trades": 216,
      "win_rate": 0.7638888888888888,
      "avg_return": 0.0005069198133377981,
      "median_return": 0.005,
      "compound_return": 0.10552578368227339,
      "max_drawdown": -0.08440113555740059,
      "profit_factor": 1.1552824833452329,
      "windows": 10
    },
    {
      "entry_policy": "all_days",
      "feature_group": "reversal_fundamental_regime_sector",
      "model_name": "lgbm_leaves7_400",
      "target_hit_bps": 50.0,
      "trades": 272,
      "win_rate": 0.7536764705882353,
      "avg_return": 0.0003078274823799235,
      "median_return": 0.005,
      "compound_return": 0.07193483750345142,
      "max_drawdown": -0.08826617852965535,
      "profit_factor": 1.0905997204360416,
      "windows": 10
    },
    {
      "entry_policy": "all_days",
      "feature_group": "reversal_fundamental_regime_sector",
      "model_name": "extra_trees_600_d3",
      "target_hit_bps": 50.0,
      "trades": 288,
      "win_rate": 0.75,
      "avg_return": 0.00022168759691882053,
      "median_return": 0.005,
      "compound_return": 0.04814801968193416,
      "max_drawdown": -0.2011258371636817,
      "profit_factor": 1.0639149828126373,
      "windows": 10
    },
    {
      "entry_policy": "all_days",
      "feature_group": "reversal_fundamental_regime",
      "model_name": "random_forest_600_d4",
      "target_hit_bps": 50.0,
      "trades": 247,
      "win_rate": 0.7773279352226721,
      "avg_return": 0.00021086975564865875,
      "median_return": 0.005,
      "compound_return": 0.03715658414575573,
      "max_drawdown": -0.14035562010078695,
      "profit_factor": 1.0578251371894654,
      "windows": 10
    },
    {
      "entry_policy": "all_days",
      "feature_group": "all_no_ak",
      "model_name": "lgbm_leaves15_700",
      "target_hit_bps": 50.0,
      "trades": 178,
      "win_rate": 0.7415730337078652,
      "avg_return": 0.0001671307361301938,
      "median_return": 0.005,
      "compound_return": 0.022260462614685395,
      "max_drawdown": -0.08627383532552202,
      "profit_factor": 1.0473487608287793,
      "windows": 10
    },
    {
      "entry_policy": "all_days",
      "feature_group": "reversal_fundamental_regime",
      "model_name": "lgbm_leaves7_400",
      "target_hit_bps": 50.0,
      "trades": 196,
      "win_rate": 0.7602040816326531,
      "avg_return": 3.452986508621324e-05,
      "median_return": 0.005,
      "compound_return": -0.004576019548673926,
      "max_drawdown": -0.18430917731431273,
      "profit_factor": 1.0092094634957915,
      "windows": 10
    },
    {
      "entry_policy": "all_days",
      "feature_group": "reversal_fundamental_regime",
      "model_name": "xgb_d4_500_lr002_mcw5",
      "target_hit_bps": 50.0,
      "trades": 200,
      "win_rate": 0.76,
      "avg_return": 2.5822760814286986e-05,
      "median_return": 0.005,
      "compound_return": -0.006386145043713709,
      "max_drawdown": -0.14177719683700163,
      "profit_factor": 1.0069077121431147,
      "windows": 10
    },
    {
      "entry_policy": "all_days",
      "feature_group": "reversal_fundamental_regime",
      "model_name": "xgb_d3_600_lr002_mcw3",
      "target_hit_bps": 50.0,
      "trades": 223,
      "win_rate": 0.7443946188340808,
      "avg_return": 1.7986746928214263e-05,
      "median_return": 0.005,
      "compound_return": -0.008109036792043112,
      "max_drawdown": -0.11093785689570512,
      "profit_factor": 1.004875836967906,
      "windows": 10
    },
    {
      "entry_policy": "all_days",
      "feature_group": "all_no_ak",
      "model_name": "xgb_d3_600_lr002_mcw3",
      "target_hit_bps": 50.0,
      "trades": 198,
      "win_rate": 0.7525252525252525,
      "avg_return": -2.2993513129200434e-05,
      "median_return": 0.005,
      "compound_return": -0.015918056537345016,
      "max_drawdown": -0.09999532359984686,
      "profit_factor": 0.9938828232357679,
      "windows": 10
    },
    {
      "entry_policy": "all_days",
      "feature_group": "reversal_fundamental_regime",
      "model_name": "lgbm_leaves15_700",
      "target_hit_bps": 50.0,
      "trades": 234,
      "win_rate": 0.7435897435897436,
      "avg_return": -2.491747369690091e-05,
      "median_return": 0.005,
      "compound_return": -0.018615810100733654,
      "max_drawdown": -0.13432560250788672,
      "profit_factor": 0.9933171002288657,
      "windows": 10
    },
    {
      "entry_policy": "all_days",
      "feature_group": "reversal_fundamental_regime_sector",
      "model_name": "xgb_d2_200_lr003_mcw5",
      "target_hit_bps": 50.0,
      "trades": 274,
      "win_rate": 0.7591240875912408,
      "avg_return": -1.0481052430851493e-05,
      "median_return": 0.005,
      "compound_return": -0.021115200812616752,
      "max_drawdown": -0.14608268103025634,
      "profit_factor": 0.9971949954163796,
      "windows": 10
    },
    {
      "entry_policy": "all_days",
      "feature_group": "reversal_fundamental_regime_sector",
      "model_name": "xgb_d3_600_lr002_mcw3",
      "target_hit_bps": 50.0,
      "trades": 179,
      "win_rate": 0.7374301675977654,
      "avg_return": -9.61621545280614e-05,
      "median_return": 0.005,
      "compound_return": -0.025424803326144385,
      "max_drawdown": -0.10963511482987476,
      "profit_factor": 0.9743347112306125,
      "windows": 10
    },
    {
      "entry_policy": "all_days",
      "feature_group": "reversal_fundamental_regime",
      "model_name": "xgb_d2_200_lr003_mcw5",
      "target_hit_bps": 50.0,
      "trades": 203,
      "win_rate": 0.7487684729064039,
      "avg_return": -0.00014890157951802252,
      "median_return": 0.005,
      "compound_return": -0.04151721365131156,
      "max_drawdown": -0.1166650554929366,
      "profit_factor": 0.9613979447540631,
      "windows": 10
    },
    {
      "entry_policy": "all_days",
      "feature_group": "all_no_ak",
      "model_name": "xgb_d4_500_lr002_mcw5",
      "target_hit_bps": 50.0,
      "trades": 233,
      "win_rate": 0.7467811158798283,
      "avg_return": -0.00012799916494781211,
      "median_return": 0.005,
      "compound_return": -0.04251730686433508,
      "max_drawdown": -0.09649094271065106,
      "profit_factor": 0.9667320274844355,
      "windows": 10
    },
    {
      "entry_policy": "all_days",
      "feature_group": "reversal_fundamental_regime_sector",
      "model_name": "xgb_d3_400_lr003_mcw3",
      "target_hit_bps": 50.0,
      "trades": 176,
      "win_rate": 0.7443181818181818,
      "avg_return": -0.00023151524628690182,
      "median_return": 0.005,
      "compound_return": -0.05024570342323542,
      "max_drawdown": -0.1098719967001952,
      "profit_factor": 0.9405482129408282,
      "windows": 10
    },
    {
      "entry_policy": "all_days",
      "feature_group": "reversal_fundamental_regime",
      "model_name": "extra_trees_600_d3",
      "target_hit_bps": 50.0,
      "trades": 286,
      "win_rate": 0.7342657342657343,
      "avg_return": -0.00012773463902688017,
      "median_return": 0.005,
      "compound_return": -0.05202681210596749,
      "max_drawdown": -0.17416857964448595,
      "profit_factor": 0.9656848366623748,
      "windows": 10
    },
    {
      "entry_policy": "all_days",
      "feature_group": "reversal_fundamental_regime",
      "model_name": "xgb_d3_400_lr003_mcw3",
      "target_hit_bps": 50.0,
      "trades": 191,
      "win_rate": 0.7382198952879581,
      "avg_return": -0.00027639215886848584,
      "median_return": 0.005,
      "compound_return": -0.06216167329530531,
      "max_drawdown": -0.13364334135143685,
      "profit_factor": 0.9300262891304014,
      "windows": 10
    },
    {
      "entry_policy": "all_days",
      "feature_group": "all_no_ak",
      "model_name": "xgb_d3_400_lr003_mcw3",
      "target_hit_bps": 50.0,
      "trades": 208,
      "win_rate": 0.7451923076923077,
      "avg_return": -0.00035735708775837954,
      "median_return": 0.005,
      "compound_return": -0.08388460135971998,
      "max_drawdown": -0.12953758436514806,
      "profit_factor": 0.9116000655152335,
      "windows": 10
    },
    {
      "entry_policy": "all_days",
      "feature_group": "reversal_fundamental_regime_sector",
      "model_name": "lgbm_leaves15_700",
      "target_hit_bps": 50.0,
      "trades": 249,
      "win_rate": 0.7389558232931727,
      "avg_return": -0.000417726259621608,
      "median_return": 0.005,
      "compound_return": -0.11456226338707065,
      "max_drawdown": -0.19396181839961013,
      "profit_factor": 0.8977725031394762,
      "windows": 10
    },
    {
      "entry_policy": "all_days",
      "feature_group": "all_no_ak",
      "model_name": "xgb_d2_200_lr003_mcw5",
      "target_hit_bps": 50.0,
      "trades": 208,
      "win_rate": 0.7403846153846154,
      "avg_return": -0.0006754358716221926,
      "median_return": 0.005,
      "compound_return": -0.14558865985417324,
      "max_drawdown": -0.2004984448661793,
      "profit_factor": 0.8451277195727872,
      "windows": 10
    }
  ]
}

[2026-05-11T18:12:58] RUN search_all_days_hit_80bps
  /usr/bin/python3 model_training/search_walk_forward_model_complexity.py --samples /root/workspace/stock_realtime_v021_full/saved_data/002714_pipeline_out/04_external/hog/training_samples_with_hog_industry.csv --intraday-bars /root/workspace/stock_realtime_v021_full/saved_data/002714_pipeline_out/00_base/002714_5m.csv --out-dir /root/workspace/stock_realtime_v021_full/saved_data/002714_pipeline_out/10_search/search_all_days_hit_80bps --round-trip-cost-bps 1.7 --target-hit-bps 80.0 --label-mode hit --entry-policy all_days --entry-vwap-premium-bps 50.0 --max-missing 0.35 --groups reversal_fundamental_regime,reversal_fundamental_regime_sector,all_no_ak --models xgb_d2_200_lr003_mcw5,xgb_d3_400_lr003_mcw3,xgb_d3_600_lr002_mcw3,xgb_d4_500_lr002_mcw5,lgbm_leaves7_400,lgbm_leaves15_700,extra_trees_600_d3,random_forest_600_d4 --quantiles 0.5,0.6,0.7,0.8 --train-rows 756 --valid-rows 126 --test-rows 63 --min-valid-trades 8 --min-train-entries 80
{
  "rows": 1535,
  "target_hit_bps": 80.0,
  "label_mode": "hit",
  "entry_policy": "all_days",
  "entry_vwap_premium_bps": 50.0,
  "groups": {
    "reversal_fundamental_regime": 137,
    "reversal_fundamental_regime_sector": 160,
    "all_no_ak": 244
  },
  "models": [
    "xgb_d2_200_lr003_mcw5",
    "xgb_d3_400_lr003_mcw3",
    "xgb_d3_600_lr002_mcw3",
    "xgb_d4_500_lr002_mcw5",
    "extra_trees_600_d3",
    "random_forest_600_d4",
    "lgbm_leaves7_400",
    "lgbm_leaves15_700"
  ],
  "top": [
    {
      "entry_policy": "all_days",
      "feature_group": "reversal_fundamental_regime",
      "model_name": "xgb_d3_400_lr003_mcw3",
      "target_hit_bps": 80.0,
      "trades": 273,
      "win_rate": 0.6556776556776557,
      "avg_return": 0.0005005861712291962,
      "median_return": 0.008,
      "compound_return": 0.12261881062168078,
      "max_drawdown": -0.13216753906380885,
      "profit_factor": 1.109761840285004,
      "windows": 10
    },
    {
      "entry_policy": "all_days",
      "feature_group": "all_no_ak",
      "model_name": "random_forest_600_d4",
      "target_hit_bps": 80.0,
      "trades": 220,
      "win_rate": 0.65,
      "avg_return": 0.00020020550627405438,
      "median_return": 0.008,
      "compound_return": 0.025501378255449847,
      "max_drawdown": -0.21392149399278537,
      "profit_factor": 1.041211294452191,
      "windows": 10
    },
    {
      "entry_policy": "all_days",
      "feature_group": "reversal_fundamental_regime_sector",
      "model_name": "random_forest_600_d4",
      "target_hit_bps": 80.0,
      "trades": 210,
      "win_rate": 0.6666666666666666,
      "avg_return": 0.0001801008814247972,
      "median_return": 0.008,
      "compound_return": 0.018737472652576193,
      "max_drawdown": -0.21785238128093465,
      "profit_factor": 1.0361137239498908,
      "windows": 10
    },
    {
      "entry_policy": "all_days",
      "feature_group": "reversal_fundamental_regime",
      "model_name": "extra_trees_600_d3",
      "target_hit_bps": 80.0,
      "trades": 259,
      "win_rate": 0.6447876447876448,
      "avg_return": 0.00014040400461565666,
      "median_return": 0.008,
      "compound_return": 0.014782091295278965,
      "max_drawdown": -0.18854013348720455,
      "profit_factor": 1.029029362564697,
      "windows": 10
    },
    {
      "entry_policy": "all_days",
      "feature_group": "reversal_fundamental_regime",
      "model_name": "random_forest_600_d4",
      "target_hit_bps": 80.0,
      "trades": 215,
      "win_rate": 0.6651162790697674,
      "avg_return": 0.0001132099075002328,
      "median_return": 0.008,
      "compound_return": 0.004058067599360893,
      "max_drawdown": -0.20177652084712994,
      "profit_factor": 1.022340036663306,
      "windows": 10
    },
    {
      "entry_policy": "all_days",
      "feature_group": "reversal_fundamental_regime_sector",
      "model_name": "xgb_d2_200_lr003_mcw5",
      "target_hit_bps": 80.0,
      "trades": 198,
      "win_rate": 0.6414141414141414,
      "avg_return": -0.00014013974925794216,
      "median_return": 0.008,
      "compound_return": -0.04261737341257532,
      "max_drawdown": -0.16990704058971018,
      "profit_factor": 0.972078919009421,
      "windows": 10
    },
    {
      "entry_policy": "all_days",
      "feature_group": "reversal_fundamental_regime",
      "model_name": "xgb_d3_600_lr002_mcw3",
      "target_hit_bps": 80.0,
      "trades": 223,
      "win_rate": 0.6278026905829597,
      "avg_return": -0.0001764865034893089,
      "median_return": 0.008,
      "compound_return": -0.056558785448483695,
      "max_drawdown": -0.16760992898469085,
      "profit_factor": 0.9650145605454503,
      "windows": 10
    },
    {
      "entry_policy": "all_days",
      "feature_group": "all_no_ak",
      "model_name": "xgb_d4_500_lr002_mcw5",
      "target_hit_bps": 80.0,
      "trades": 194,
      "win_rate": 0.634020618556701,
      "avg_return": -0.00024194087663448986,
      "median_return": 0.008,
      "compound_return": -0.060947449906502804,
      "max_drawdown": -0.2305934116155216,
      "profit_factor": 0.9533002418943851,
      "windows": 10
    },
    {
      "entry_policy": "all_days",
      "feature_group": "reversal_fundamental_regime_sector",
      "model_name": "xgb_d3_600_lr002_mcw3",
      "target_hit_bps": 80.0,
      "trades": 175,
      "win_rate": 0.6228571428571429,
      "avg_return": -0.000339203923568723,
      "median_return": 0.008,
      "compound_return": -0.0692322822598549,
      "max_drawdown": -0.17657817808258724,
      "profit_factor": 0.9333007869008982,
      "windows": 10
    },
    {
      "entry_policy": "all_days",
      "feature_group": "reversal_fundamental_regime",
      "model_name": "lgbm_leaves7_400",
      "target_hit_bps": 80.0,
      "trades": 210,
      "win_rate": 0.6238095238095238,
      "avg_return": -0.0002776142146567532,
      "median_return": 0.008,
      "compound_return": -0.07177532389224317,
      "max_drawdown": -0.16203315228962012,
      "profit_factor": 0.9447672195614111,
      "windows": 10
    },
    {
      "entry_policy": "all_days",
      "feature_group": "all_no_ak",
      "model_name": "xgb_d3_400_lr003_mcw3",
      "target_hit_bps": 80.0,
      "trades": 232,
      "win_rate": 0.6681034482758621,
      "avg_return": -0.0002516380164099973,
      "median_return": 0.008,
      "compound_return": -0.0773980092594353,
      "max_drawdown": -0.2611937640448184,
      "profit_factor": 0.9530541940752256,
      "windows": 10
    },
    {
      "entry_policy": "all_days",
      "feature_group": "reversal_fundamental_regime_sector",
      "model_name": "lgbm_leaves7_400",
      "target_hit_bps": 80.0,
      "trades": 242,
      "win_rate": 0.6157024793388429,
      "avg_return": -0.00030314139877237167,
      "median_return": 0.008,
      "compound_return": -0.08706685527760472,
      "max_drawdown": -0.1644904864415926,
      "profit_factor": 0.938794545781944,
      "windows": 10
    },
    {
      "entry_policy": "all_days",
      "feature_group": "all_no_ak",
      "model_name": "xgb_d3_600_lr002_mcw3",
      "target_hit_bps": 80.0,
      "trades": 212,
      "win_rate": 0.6462264150943396,
      "avg_return": -0.00036016530363046557,
      "median_return": 0.008,
      "compound_return": -0.09138515374081357,
      "max_drawdown": -0.23200648219370312,
      "profit_factor": 0.931827082199825,
      "windows": 10
    },
    {
      "entry_policy": "all_days",
      "feature_group": "all_no_ak",
      "model_name": "extra_trees_600_d3",
      "target_hit_bps": 80.0,
      "trades": 294,
      "win_rate": 0.6292517006802721,
      "avg_return": -0.00024545561361985735,
      "median_return": 0.008,
      "compound_return": -0.09296252327858823,
      "max_drawdown": -0.31217871972361033,
      "profit_factor": 0.9517483543514308,
      "windows": 10
    },
    {
      "entry_policy": "all_days",
      "feature_group": "reversal_fundamental_regime_sector",
      "model_name": "extra_trees_600_d3",
      "target_hit_bps": 80.0,
      "trades": 265,
      "win_rate": 0.6415094339622641,
      "avg_return": -0.00027973331525090475,
      "median_return": 0.008,
      "compound_return": -0.09529300838512944,
      "max_drawdown": -0.28223256776763384,
      "profit_factor": 0.9464639787262141,
      "windows": 10
    },
    {
      "entry_policy": "all_days",
      "feature_group": "reversal_fundamental_regime",
      "model_name": "lgbm_leaves15_700",
      "target_hit_bps": 80.0,
      "trades": 228,
      "win_rate": 0.6052631578947368,
      "avg_return": -0.0003869114156319984,
      "median_return": 0.008,
      "compound_return": -0.09997265819170387,
      "max_drawdown": -0.1602100785047118,
      "profit_factor": 0.9235510474415287,
      "windows": 10
    },
    {
      "entry_policy": "all_days",
      "feature_group": "reversal_fundamental_regime",
      "model_name": "xgb_d2_200_lr003_mcw5",
      "target_hit_bps": 80.0,
      "trades": 231,
      "win_rate": 0.6363636363636364,
      "avg_return": -0.0005091662373227036,
      "median_return": 0.008,
      "compound_return": -0.13002110014796064,
      "max_drawdown": -0.20531744300936872,
      "profit_factor": 0.9068288249020527,
      "windows": 10
    },
    {
      "entry_policy": "all_days",
      "feature_group": "reversal_fundamental_regime_sector",
      "model_name": "xgb_d4_500_lr002_mcw5",
      "target_hit_bps": 80.0,
      "trades": 187,
      "win_rate": 0.6096256684491979,
      "avg_return": -0.0008780999484580783,
      "median_return": 0.008,
      "compound_return": -0.16471075799314183,
      "max_drawdown": -0.26964598349807534,
      "profit_factor": 0.8427687031041142,
      "windows": 10
    },
    {
      "entry_policy": "all_days",
      "feature_group": "all_no_ak",
      "model_name": "lgbm_leaves7_400",
      "target_hit_bps": 80.0,
      "trades": 243,
      "win_rate": 0.6255144032921811,
      "avg_return": -0.0007675082152829621,
      "median_return": 0.008,
      "compound_return": -0.18807025390688936,
      "max_drawdown": -0.25773617579842045,
      "profit_factor": 0.8623570088889938,
      "windows": 10
    },
    {
      "entry_policy": "all_days",
      "feature_group": "reversal_fundamental_regime",
      "model_name": "xgb_d4_500_lr002_mcw5",
      "target_hit_bps": 80.0,
      "trades": 183,
      "win_rate": 0.5846994535519126,
      "avg_return": -0.0011206208211595335,
      "median_return": 0.008,
      "compound_return": -0.19820975228899873,
      "max_drawdown": -0.22002882782093658,
      "profit_factor": 0.8029908327188525,
      "windows": 10
    }
  ]
}

[2026-05-11T18:21:20] RUN search_all_days_close_profit_50bps
  /usr/bin/python3 model_training/search_walk_forward_model_complexity.py --samples /root/workspace/stock_realtime_v021_full/saved_data/002714_pipeline_out/04_external/hog/training_samples_with_hog_industry.csv --intraday-bars /root/workspace/stock_realtime_v021_full/saved_data/002714_pipeline_out/00_base/002714_5m.csv --out-dir /root/workspace/stock_realtime_v021_full/saved_data/002714_pipeline_out/10_search/search_all_days_close_profit_50bps --round-trip-cost-bps 1.7 --target-hit-bps 50.0 --label-mode close_profit --entry-policy all_days --entry-vwap-premium-bps 50.0 --max-missing 0.35 --groups reversal_fundamental_regime,reversal_fundamental_regime_sector,all_no_ak --models xgb_d2_200_lr003_mcw5,xgb_d3_400_lr003_mcw3,xgb_d3_600_lr002_mcw3,xgb_d4_500_lr002_mcw5,lgbm_leaves7_400,lgbm_leaves15_700,extra_trees_600_d3,random_forest_600_d4 --quantiles 0.5,0.6,0.7,0.8 --train-rows 756 --valid-rows 126 --test-rows 63 --min-valid-trades 8 --min-train-entries 80
{
  "rows": 1535,
  "target_hit_bps": 50.0,
  "label_mode": "close_profit",
  "entry_policy": "all_days",
  "entry_vwap_premium_bps": 50.0,
  "groups": {
    "reversal_fundamental_regime": 137,
    "reversal_fundamental_regime_sector": 160,
    "all_no_ak": 244
  },
  "models": [
    "xgb_d2_200_lr003_mcw5",
    "xgb_d3_400_lr003_mcw3",
    "xgb_d3_600_lr002_mcw3",
    "xgb_d4_500_lr002_mcw5",
    "extra_trees_600_d3",
    "random_forest_600_d4",
    "lgbm_leaves7_400",
    "lgbm_leaves15_700"
  ],
  "top": [
    {
      "entry_policy": "all_days",
      "feature_group": "reversal_fundamental_regime_sector",
      "model_name": "extra_trees_600_d3",
      "target_hit_bps": 50.0,
      "trades": 155,
      "win_rate": 0.5225806451612903,
      "avg_return": 0.0024570224207068714,
      "median_return": 0.0008181422924902239,
      "compound_return": 0.4019066726004663,
      "max_drawdown": -0.17404784613411528,
      "profit_factor": 1.3587703592736393,
      "windows": 10
    },
    {
      "entry_policy": "all_days",
      "feature_group": "all_no_ak",
      "model_name": "extra_trees_600_d3",
      "target_hit_bps": 50.0,
      "trades": 136,
      "win_rate": 0.5073529411764706,
      "avg_return": 0.0027762480645661973,
      "median_return": 6.297954264611677e-05,
      "compound_return": 0.40070798295897947,
      "max_drawdown": -0.15726849761089845,
      "profit_factor": 1.4016483701308609,
      "windows": 10
    },
    {
      "entry_policy": "all_days",
      "feature_group": "reversal_fundamental_regime_sector",
      "model_name": "random_forest_600_d4",
      "target_hit_bps": 50.0,
      "trades": 129,
      "win_rate": 0.4806201550387597,
      "avg_return": 0.0027204992840482918,
      "median_return": -0.00016999999999999999,
      "compound_return": 0.37779257371157215,
      "max_drawdown": -0.14324691541230838,
      "profit_factor": 1.4377704455521754,
      "windows": 10
    },
    {
      "entry_policy": "all_days",
      "feature_group": "reversal_fundamental_regime_sector",
      "model_name": "lgbm_leaves7_400",
      "target_hit_bps": 50.0,
      "trades": 186,
      "win_rate": 0.46774193548387094,
      "avg_return": 0.001527057668050855,
      "median_return": -0.0017258150934033566,
      "compound_return": 0.27734607997630034,
      "max_drawdown": -0.16454093721258645,
      "profit_factor": 1.2403715416342214,
      "windows": 10
    },
    {
      "entry_policy": "all_days",
      "feature_group": "all_no_ak",
      "model_name": "xgb_d2_200_lr003_mcw5",
      "target_hit_bps": 50.0,
      "trades": 199,
      "win_rate": 0.507537688442211,
      "avg_return": 0.0014244764829312332,
      "median_return": 9.062027625739505e-05,
      "compound_return": 0.2665927590226176,
      "max_drawdown": -0.23275697341910428,
      "profit_factor": 1.2090266857077243,
      "windows": 10
    },
    {
      "entry_policy": "all_days",
      "feature_group": "reversal_fundamental_regime_sector",
      "model_name": "xgb_d4_500_lr002_mcw5",
      "target_hit_bps": 50.0,
      "trades": 195,
      "win_rate": 0.48717948717948717,
      "avg_return": 0.0013014641459162717,
      "median_return": -0.0012105827263267886,
      "compound_return": 0.2437696272955414,
      "max_drawdown": -0.18981467535481655,
      "profit_factor": 1.2091669538911303,
      "windows": 10
    },
    {
      "entry_policy": "all_days",
      "feature_group": "all_no_ak",
      "model_name": "xgb_d4_500_lr002_mcw5",
      "target_hit_bps": 50.0,
      "trades": 153,
      "win_rate": 0.47058823529411764,
      "avg_return": 0.0015557136581078842,
      "median_return": -0.000902421875,
      "compound_return": 0.22837114345800136,
      "max_drawdown": -0.15262332048267147,
      "profit_factor": 1.2486997297438625,
      "windows": 10
    },
    {
      "entry_policy": "all_days",
      "feature_group": "all_no_ak",
      "model_name": "lgbm_leaves15_700",
      "target_hit_bps": 50.0,
      "trades": 218,
      "win_rate": 0.47706422018348627,
      "avg_return": 0.0011367342401270189,
      "median_return": -0.0004995675902471595,
      "compound_return": 0.2232904267157132,
      "max_drawdown": -0.21145507511641537,
      "profit_factor": 1.1774111265083207,
      "windows": 10
    },
    {
      "entry_policy": "all_days",
      "feature_group": "all_no_ak",
      "model_name": "xgb_d3_400_lr003_mcw3",
      "target_hit_bps": 50.0,
      "trades": 199,
      "win_rate": 0.47738693467336685,
      "avg_return": 0.0010649319625727401,
      "median_return": -0.0006645598417408492,
      "compound_return": 0.1802495342508712,
      "max_drawdown": -0.2371946025884829,
      "profit_factor": 1.158074300987488,
      "windows": 10
    },
    {
      "entry_policy": "all_days",
      "feature_group": "all_no_ak",
      "model_name": "random_forest_600_d4",
      "target_hit_bps": 50.0,
      "trades": 177,
      "win_rate": 0.4858757062146893,
      "avg_return": 0.0011422480293539622,
      "median_return": -0.0003783333333332549,
      "compound_return": 0.1707150204595218,
      "max_drawdown": -0.15531057335801102,
      "profit_factor": 1.157029134009273,
      "windows": 10
    },
    {
      "entry_policy": "all_days",
      "feature_group": "reversal_fundamental_regime",
      "model_name": "extra_trees_600_d3",
      "target_hit_bps": 50.0,
      "trades": 192,
      "win_rate": 0.4895833333333333,
      "avg_return": 0.0009719561892636954,
      "median_return": -0.00016999999999999999,
      "compound_return": 0.15790871889246194,
      "max_drawdown": -0.21063832171115415,
      "profit_factor": 1.1527825693805633,
      "windows": 10
    },
    {
      "entry_policy": "all_days",
      "feature_group": "reversal_fundamental_regime",
      "model_name": "random_forest_600_d4",
      "target_hit_bps": 50.0,
      "trades": 160,
      "win_rate": 0.475,
      "avg_return": 0.0011355267960153508,
      "median_return": -0.0007834908583704246,
      "compound_return": 0.15651598013153611,
      "max_drawdown": -0.15760944429056112,
      "profit_factor": 1.1690170753569893,
      "windows": 10
    },
    {
      "entry_policy": "all_days",
      "feature_group": "all_no_ak",
      "model_name": "lgbm_leaves7_400",
      "target_hit_bps": 50.0,
      "trades": 189,
      "win_rate": 0.4444444444444444,
      "avg_return": 0.0009847209751112746,
      "median_return": -0.0017252099533437946,
      "compound_return": 0.15297302466038332,
      "max_drawdown": -0.25711920845255065,
      "profit_factor": 1.139940011587572,
      "windows": 10
    },
    {
      "entry_policy": "all_days",
      "feature_group": "reversal_fundamental_regime",
      "model_name": "xgb_d4_500_lr002_mcw5",
      "target_hit_bps": 50.0,
      "trades": 250,
      "win_rate": 0.48,
      "avg_return": 0.0007196894722547824,
      "median_return": -0.0008671234412380678,
      "compound_return": 0.14486426507723738,
      "max_drawdown": -0.18714648632179387,
      "profit_factor": 1.1143442269591233,
      "windows": 10
    },
    {
      "entry_policy": "all_days",
      "feature_group": "reversal_fundamental_regime_sector",
      "model_name": "xgb_d2_200_lr003_mcw5",
      "target_hit_bps": 50.0,
      "trades": 157,
      "win_rate": 0.4840764331210191,
      "avg_return": 0.0010105495682564479,
      "median_return": -0.0006645598417408492,
      "compound_return": 0.13817029435192496,
      "max_drawdown": -0.18202995338605243,
      "profit_factor": 1.1592677186067388,
      "windows": 10
    },
    {
      "entry_policy": "all_days",
      "feature_group": "reversal_fundamental_regime",
      "model_name": "xgb_d2_200_lr003_mcw5",
      "target_hit_bps": 50.0,
      "trades": 143,
      "win_rate": 0.4825174825174825,
      "avg_return": 0.0007505429609205045,
      "median_return": -0.0010024084350720407,
      "compound_return": 0.07915845778736008,
      "max_drawdown": -0.17666729950456772,
      "profit_factor": 1.1094550714587617,
      "windows": 10
    },
    {
      "entry_policy": "all_days",
      "feature_group": "reversal_fundamental_regime",
      "model_name": "xgb_d3_600_lr002_mcw3",
      "target_hit_bps": 50.0,
      "trades": 241,
      "win_rate": 0.45643153526970953,
      "avg_return": 0.0004089357206892389,
      "median_return": -0.0017252099533437946,
      "compound_return": 0.06047665705201233,
      "max_drawdown": -0.2510473377050607,
      "profit_factor": 1.0667360011152633,
      "windows": 10
    },
    {
      "entry_policy": "all_days",
      "feature_group": "reversal_fundamental_regime_sector",
      "model_name": "xgb_d3_600_lr002_mcw3",
      "target_hit_bps": 50.0,
      "trades": 160,
      "win_rate": 0.46875,
      "avg_return": 0.0005136473878343077,
      "median_return": -0.0023774873665640094,
      "compound_return": 0.05243315795953585,
      "max_drawdown": -0.2340575501684018,
      "profit_factor": 1.0745081500203695,
      "windows": 10
    },
    {
      "entry_policy": "all_days",
      "feature_group": "reversal_fundamental_regime_sector",
      "model_name": "xgb_d3_400_lr003_mcw3",
      "target_hit_bps": 50.0,
      "trades": 197,
      "win_rate": 0.48223350253807107,
      "avg_return": 0.00042748878018794383,
      "median_return": -0.0010210638297873907,
      "compound_return": 0.04802021799783507,
      "max_drawdown": -0.25164193934978907,
      "profit_factor": 1.0630662464793488,
      "windows": 10
    },
    {
      "entry_policy": "all_days",
      "feature_group": "reversal_fundamental_regime",
      "model_name": "xgb_d3_400_lr003_mcw3",
      "target_hit_bps": 50.0,
      "trades": 182,
      "win_rate": 0.4725274725274725,
      "avg_return": 0.0004142821693641425,
      "median_return": -0.0006963685964080334,
      "compound_return": 0.04295095147914885,
      "max_drawdown": -0.17766902927437933,
      "profit_factor": 1.0633526053534557,
      "windows": 10
    }
  ]
}

[2026-05-11T18:29:39] RUN summarize
  /usr/bin/python3 model_training/summarize_nextday_search_results.py --pipeline-out /root/workspace/stock_realtime_v021_full/saved_data/002714_pipeline_out --out-dir /root/workspace/stock_realtime_v021_full/saved_data/002714_pipeline_out/99_summary --excel
{
  "rows": 144,
  "outputs": {
    "final_leaderboard": "/root/workspace/stock_realtime_v021_full/saved_data/002714_pipeline_out/99_summary/final_leaderboard.csv",
    "best_by_target_top5": "/root/workspace/stock_realtime_v021_full/saved_data/002714_pipeline_out/99_summary/best_by_target_top5.csv",
    "best_by_entry_policy_top5": "/root/workspace/stock_realtime_v021_full/saved_data/002714_pipeline_out/99_summary/best_by_entry_policy_top5.csv",
    "excel": "/root/workspace/stock_realtime_v021_full/saved_data/002714_pipeline_out/99_summary/final_leaderboard.xlsx",
    "summary_manifest": "/root/workspace/stock_realtime_v021_full/saved_data/002714_pipeline_out/99_summary/summary_manifest.json"
  }
}
=== nextday pipeline end: 2026-05-11T18:29:40 status=ok ===
=== nextday pipeline start: 2026-05-11T20:46:31 ===
symbol=002714.SZ, out_root=/root/workspace/stock_realtime_v021_full/saved_data/002714_pipeline_out

[2026-05-11T20:46:31] RUN update_data
  /usr/bin/python3 bootstrap/ashare_xgb_dual_opportunity_regression_baostock_full_v19_compressed_trading_axis.py --mode update_data --symbol 002714 --benchmark_symbol 000300 --daily_start 2018-01-01 --daily_end 2026-05-11 --intraday_start '2018-01-01 09:30:00' --intraday_end '2026-05-11 15:00:00' --output_dir /root/workspace/stock_realtime_v021_full/saved_data/002714_pipeline_out/00_base --cache_mode incremental --feature_cache_mode incremental --adjust qfq
/root/workspace/stock_realtime_v021_full/bootstrap/ashare_fetch_and_train_xgb_sell_signal_baostock_state_cache_helper_fix2.py:246: FutureWarning: The behavior of DataFrame concatenation with empty or all-NA entries is deprecated. In a future version, this will no longer exclude empty or all-NA columns when determining the result dtypes. To retain the old behavior, exclude the relevant entries before the concat operation.
  merged = _normalize_daily_df(pd.concat([df_old, df_new], axis=0, ignore_index=True))
/root/workspace/stock_realtime_v021_full/bootstrap/ashare_fetch_and_train_xgb_sell_signal_baostock_state_cache_helper_fix2.py:254: FutureWarning: The behavior of DataFrame concatenation with empty or all-NA entries is deprecated. In a future version, this will no longer exclude empty or all-NA columns when determining the result dtypes. To retain the old behavior, exclude the relevant entries before the concat operation.
  merged = _normalize_bench_df(pd.concat([df_old, df_new], axis=0, ignore_index=True))
login success!
logout success!
login success!
logout success!
login success!
logout success!
{
  "mode": "update_data",
  "symbol": "002714",
  "data_source": "baostock",
  "daily_rows": 2023,
  "intraday_rows": 73728,
  "daily_min": "2018-01-02 00:00:00",
  "daily_max": "2026-05-11 00:00:00",
  "intraday_min": "2020-01-02 09:35:00",
  "intraday_max": "2026-05-11 15:00:00",
  "base_paths": {
    "daily_csv": "/root/workspace/stock_realtime_v021_full/saved_data/002714_pipeline_out/00_base/002714_daily.csv",
    "intraday_csv": "/root/workspace/stock_realtime_v021_full/saved_data/002714_pipeline_out/00_base/002714_5m.csv",
    "benchmark_csv": "/root/workspace/stock_realtime_v021_full/saved_data/002714_pipeline_out/00_base/000300_benchmark_daily.csv",
    "raw_daily_cache_csv": "/root/workspace/stock_realtime_v021_full/saved_data/002714_pipeline_out/00_base/raw_cache/002714_daily_raw.csv",
    "raw_intraday_cache_csv": "/root/workspace/stock_realtime_v021_full/saved_data/002714_pipeline_out/00_base/raw_cache/002714_5m_raw.csv",
    "raw_benchmark_cache_csv": "/root/workspace/stock_realtime_v021_full/saved_data/002714_pipeline_out/00_base/raw_cache/000300_benchmark_daily_raw.csv",
    "daily_features_csv": "/root/workspace/stock_realtime_v021_full/saved_data/002714_pipeline_out/00_base/daily_features.csv",
    "intraday_features_csv": "/root/workspace/stock_realtime_v021_full/saved_data/002714_pipeline_out/00_base/intraday_features.csv",
    "daily_features_cache_csv": "/root/workspace/stock_realtime_v021_full/saved_data/002714_pipeline_out/00_base/feature_cache/daily_features_cache.csv",
    "intraday_features_cache_csv": "/root/workspace/stock_realtime_v021_full/saved_data/002714_pipeline_out/00_base/feature_cache/intraday_features_cache.csv",
    "feature_state_json": "/root/workspace/stock_realtime_v021_full/saved_data/002714_pipeline_out/00_base/feature_cache/feature_state.json"
  },
  "fetch_logs": {
    "symbol": "002714",
    "benchmark_symbol": "000300",
    "daily_start": "2018-01-01",
    "daily_end": "2026-05-11",
    "intraday_start": "2018-01-01 09:30:00",
    "intraday_end": "2026-05-11 15:00:00",
    "perf_start": "2018-01-01",
    "data_source": "baostock",
    "cache_mode": "incremental",
    "force_refresh": false,
    "raw_cache_dir": "/root/workspace/stock_realtime_v021_full/saved_data/002714_pipeline_out/00_base/raw_cache",
    "feature_cache_dir": "/root/workspace/stock_realtime_v021_full/saved_data/002714_pipeline_out/00_base/feature_cache",
    "feature_cache_mode": "incremental",
    "daily": {
      "cache_path": "/root/workspace/stock_realtime_v021_full/saved_data/002714_pipeline_out/00_base/raw_cache/002714_daily_raw.csv",
      "requested_start": "2018-01-01",
      "requested_end": "2026-05-11",
      "mode": "incremental",
      "cache_before": {
        "rows": 2023,
        "min": "2018-01-02 00:00:00",
        "max": "2026-05-11 00:00:00"
      },
      "fetch_segments": [
        {
          "provider": "baostock",
          "code": "sz.002714",
          "adjustflag": "2",
          "rows": 0
        }
      ],
      "cache_after": {
        "rows": 2023,
        "min": "2018-01-02 00:00:00",
        "max": "2026-05-11 00:00:00"
      }
    },
    "intraday_5m": {
      "cache_path": "/root/workspace/stock_realtime_v021_full/saved_data/002714_pipeline_out/00_base/raw_cache/002714_5m_raw.csv",
      "requested_start": "2018-01-01 09:30:00",
      "requested_end": "2026-05-11 15:00:00",
      "mode": "incremental",
      "cache_before": {
        "rows": 73728,
        "min": "2020-01-02 09:35:00",
        "max": "2026-05-11 15:00:00"
      },
      "fetch_segments": [
        {
          "provider": "baostock",
          "code": "sz.002714",
          "adjustflag": "2",
          "requested_start": "2018-01-01 09:30:00",
          "effective_start": "2018-01-01 09:30:00",
          "requested_end": "2020-01-02 09:30:00",
          "rows": 0
        }
      ],
      "cache_after": {
        "rows": 73728,
        "min": "2020-01-02 09:35:00",
        "max": "2026-05-11 15:00:00"
      }
    },
    "benchmark_daily": {
      "cache_path": "/root/workspace/stock_realtime_v021_full/saved_data/002714_pipeline_out/00_base/raw_cache/000300_benchmark_daily_raw.csv",
      "requested_start": "2018-01-01",
      "requested_end": "2026-05-11",
      "mode": "incremental",
      "cache_before": {
        "rows": 2023,
        "min": "2018-01-02 00:00:00",
        "max": "2026-05-11 00:00:00"
      },
      "fetch_segments": [
        {
          "provider": "baostock",
          "code": "sh.000300",
          "rows": 0,
          "start": "2018-01-01",
          "end": "2018-01-01"
        }
      ],
      "cache_after": {
        "rows": 2023,
        "min": "2018-01-02 00:00:00",
        "max": "2026-05-11 00:00:00"
      }
    },
    "feature_build": {
      "mode": "cache_reuse_no_rebuild",
      "daily_cache": {
        "rows": 2023,
        "min": "2018-01-02 00:00:00",
        "max": "2026-05-11 00:00:00"
      },
      "intraday_cache": {
        "rows": 73728,
        "min": "2020-01-02 09:35:00",
        "max": "2026-05-11 15:00:00"
      },
      "daily_context_days": 260,
      "intraday_context_days": 40
    },
    "feature_state": {
      "daily_feature_max": "2026-05-11 00:00:00",
      "intraday_feature_max": "2026-05-11 15:00:00",
      "daily_context_days": 260,
      "intraday_context_days": 40,
      "feature_build_mode": "cache_reuse_no_rebuild"
    }
  }
}

[2026-05-11T20:46:45] RUN samples
  /usr/bin/python3 feature_building/build_nextday_samples_from_baostock.py --daily-features /root/workspace/stock_realtime_v021_full/saved_data/002714_pipeline_out/00_base/daily_features.csv --intraday-bars /root/workspace/stock_realtime_v021_full/saved_data/002714_pipeline_out/00_base/002714_5m.csv --out-dir /root/workspace/stock_realtime_v021_full/saved_data/002714_pipeline_out/01_samples --min-bars 40 --keep-unlabeled-tail
{
  "rows": 1536,
  "date_min": "2020-01-02",
  "date_max": "2026-05-11",
  "out": "/root/workspace/stock_realtime_v021_full/saved_data/002714_pipeline_out/01_samples/training_samples.csv"
}

[2026-05-11T20:46:46] RUN fundamental
  /usr/bin/python3 feature_building/build_fundamental_features.py --symbol 002714.SZ --daily-samples /root/workspace/stock_realtime_v021_full/saved_data/002714_pipeline_out/01_samples/training_samples.csv --out-dir /root/workspace/stock_realtime_v021_full/saved_data/002714_pipeline_out/02_fundamental --start-date 2018-01-01 --end-date 2026-05-11 --fallback-lag-days 120
login success!
logout success!
{
  "rows": 1536,
  "date_min": "2020-01-02",
  "date_max": "2026-05-11",
  "source_errors": [],
  "top_missing_rates": {
    "ak_fund_小单净流入-净额_sum10": 0.923828125,
    "ak_fund_主力净流入-净额_sum10": 0.923828125,
    "ak_fund_主力净流入-净占比_sum10": 0.923828125,
    "ak_fund_涨跌幅_sum10": 0.923828125,
    "ak_fund_收盘价_sum10": 0.923828125,
    "ak_fund_中单净流入-净额_sum10": 0.923828125,
    "ak_fund_中单净流入-净占比_sum10": 0.923828125,
    "ak_fund_小单净流入-净占比_sum10": 0.923828125,
    "ak_fund_超大单净流入-净额_sum10": 0.923828125,
    "ak_fund_大单净流入-净额_sum10": 0.923828125,
    "ak_fund_大单净流入-净占比_sum10": 0.923828125,
    "ak_fund_超大单净流入-净占比_sum10": 0.923828125,
    "ak_fund_涨跌幅_sum5": 0.9225260416666666,
    "ak_fund_主力净流入-净占比_sum5": 0.9225260416666666,
    "ak_fund_主力净流入-净额_sum5": 0.9225260416666666,
    "ak_fund_收盘价_sum5": 0.9225260416666666,
    "ak_fund_超大单净流入-净占比_sum5": 0.9225260416666666,
    "ak_fund_中单净流入-净占比_sum5": 0.9225260416666666,
    "ak_fund_中单净流入-净额_sum5": 0.9225260416666666,
    "ak_fund_小单净流入-净额_sum5": 0.9225260416666666,
    "ak_fund_小单净流入-净占比_sum5": 0.9225260416666666,
    "ak_fund_大单净流入-净占比_sum5": 0.9225260416666666,
    "ak_fund_大单净流入-净额_sum5": 0.9225260416666666,
    "ak_fund_超大单净流入-净额_sum5": 0.9225260416666666,
    "ak_fund_大单净流入-净额": 0.9212239583333334,
    "ak_fund_超大单净流入-净占比": 0.9212239583333334,
    "ak_fund_超大单净流入-净额": 0.9212239583333334,
    "ak_fund_收盘价": 0.9212239583333334,
    "ak_fund_涨跌幅": 0.9212239583333334,
    "ak_fund_中单净流入-净额": 0.9212239583333334
  },
  "valuation_non_null": {
    "peTTM": 1536,
    "pbMRQ": 1536,
    "psTTM": 1536,
    "pcfNcfTTM": 1536
  },
  "future_effective_date_violations": 0,
  "rows_with_quarterly": 1536,
  "sample_rows": 1536,
  "quarterly_raw_rows": 37,
  "quarterly_used_pubDate_rows": 37,
  "quarterly_fallback_rows": 0,
  "elapsed_seconds": 37.222,
  "symbol": "002714",
  "baostock_code": "sz.002714",
  "valuation_rows": 2023,
  "fund_flow_rows": 121,
  "feature_columns": 125,
  "merged_columns": 194,
  "outputs": {
    "daily_valuation": "/root/workspace/stock_realtime_v021_full/saved_data/002714_pipeline_out/02_fundamental/baostock_daily_valuation.csv",
    "quarterly_fundamentals": "/root/workspace/stock_realtime_v021_full/saved_data/002714_pipeline_out/02_fundamental/baostock_quarterly_fundamentals_pit.csv",
    "fundamental_features": "/root/workspace/stock_realtime_v021_full/saved_data/002714_pipeline_out/02_fundamental/fundamental_features.csv",
    "merged_samples": "/root/workspace/stock_realtime_v021_full/saved_data/002714_pipeline_out/02_fundamental/training_samples_with_fundamentals.csv"
  }
}

[2026-05-11T20:47:24] RUN sector
  /usr/bin/python3 feature_building/build_sector_features.py --samples /root/workspace/stock_realtime_v021_full/saved_data/002714_pipeline_out/02_fundamental/training_samples_with_fundamentals.csv --out-dir /root/workspace/stock_realtime_v021_full/saved_data/002714_pipeline_out/03_sector --sector-symbol '养殖业' --start-date 2018-01-01 --end-date 2026-05-11

  0%|          | 0/9 [00:00<?, ?it/s]
 11%|█         | 1/9 [00:00<00:02,  3.84it/s]
 22%|██▏       | 2/9 [00:00<00:01,  4.25it/s]
 33%|███▎      | 3/9 [00:00<00:01,  4.14it/s]
 44%|████▍     | 4/9 [00:00<00:01,  3.97it/s]
 56%|█████▌    | 5/9 [00:01<00:00,  4.19it/s]
 67%|██████▋   | 6/9 [00:01<00:00,  4.28it/s]
 78%|███████▊  | 7/9 [00:01<00:00,  4.03it/s]
 89%|████████▉ | 8/9 [00:01<00:00,  3.93it/s]
100%|██████████| 9/9 [00:02<00:00,  4.24it/s]
                                             
/root/workspace/stock_realtime_v021_full/feature_building/build_sector_features.py:53: FutureWarning: The default fill_method='pad' in Series.pct_change is deprecated and will be removed in a future version. Either fill in any non-leading NA values prior to calling pct_change or specify 'fill_method=None' to not fill NA values.
  out["sector_ret1"] = out["sector_close"].pct_change()
{
  "sector_symbol": "养殖业",
  "sector_rows": 2022,
  "sector_date_min": "2018-01-02",
  "sector_date_max": "2026-05-08",
  "sample_rows": 1536,
  "merged_rows": 1536,
  "sector_feature_cols": 23,
  "top_missing": {
    "sector_ret60": 0.039713541666666664,
    "sector_ma60_gap": 0.020182291666666668,
    "stock_vs_sector_ret20": 0.013671875,
    "sector_ret20": 0.013671875,
    "sector_ma20_gap": 0.007161458333333333,
    "sector_volume_shock20": 0.007161458333333333,
    "sector_vol20": 0.007161458333333333,
    "sector_range_z20": 0.007161458333333333,
    "sector_amount_z20": 0.007161458333333333,
    "sector_volume_z20": 0.007161458333333333,
    "sector_amount_shock20": 0.007161458333333333,
    "sector_ret5": 0.00390625,
    "stock_vs_sector_ret5": 0.00390625,
    "sector_vs_bench_ret5": 0.00390625,
    "sector_high": 0.0006510416666666666,
    "sector_open": 0.0006510416666666666,
    "sector_close": 0.0006510416666666666,
    "sector_ret1": 0.0006510416666666666,
    "sector_volume": 0.0006510416666666666,
    "sector_amount": 0.0006510416666666666
  },
  "outputs": {
    "sector_index": "/root/workspace/stock_realtime_v021_full/saved_data/002714_pipeline_out/03_sector/sector_index_ths.csv",
    "sector_features": "/root/workspace/stock_realtime_v021_full/saved_data/002714_pipeline_out/03_sector/sector_features.csv",
    "merged_samples": "/root/workspace/stock_realtime_v021_full/saved_data/002714_pipeline_out/03_sector/training_samples_with_sector.csv"
  }
}

[2026-05-11T20:47:28] RUN external_hog
  /usr/bin/python3 feature_building/build_hog_industry_features.py --samples /root/workspace/stock_realtime_v021_full/saved_data/002714_pipeline_out/03_sector/training_samples_with_sector.csv --out-dir /root/workspace/stock_realtime_v021_full/saved_data/002714_pipeline_out/04_external/hog --lag-days 1
/root/workspace/stock_realtime_v021_full/feature_building/build_hog_industry_features.py:92: FutureWarning: The default fill_method='pad' in Series.pct_change is deprecated and will be removed in a future version. Either fill in any non-leading NA values prior to calling pct_change or specify 'fill_method=None' to not fill NA values.
  out[f"{col}_ret1"] = out[col].pct_change()
/root/workspace/stock_realtime_v021_full/feature_building/build_hog_industry_features.py:92: FutureWarning: The default fill_method='pad' in Series.pct_change is deprecated and will be removed in a future version. Either fill in any non-leading NA values prior to calling pct_change or specify 'fill_method=None' to not fill NA values.
  out[f"{col}_ret1"] = out[col].pct_change()
/root/workspace/stock_realtime_v021_full/feature_building/build_hog_industry_features.py:92: FutureWarning: The default fill_method='pad' in Series.pct_change is deprecated and will be removed in a future version. Either fill in any non-leading NA values prior to calling pct_change or specify 'fill_method=None' to not fill NA values.
  out[f"{col}_ret1"] = out[col].pct_change()
/root/workspace/stock_realtime_v021_full/feature_building/build_hog_industry_features.py:92: FutureWarning: The default fill_method='pad' in Series.pct_change is deprecated and will be removed in a future version. Either fill in any non-leading NA values prior to calling pct_change or specify 'fill_method=None' to not fill NA values.
  out[f"{col}_ret1"] = out[col].pct_change()
/root/workspace/stock_realtime_v021_full/feature_building/build_hog_industry_features.py:92: FutureWarning: The default fill_method='pad' in Series.pct_change is deprecated and will be removed in a future version. Either fill in any non-leading NA values prior to calling pct_change or specify 'fill_method=None' to not fill NA values.
  out[f"{col}_ret1"] = out[col].pct_change()
/root/workspace/stock_realtime_v021_full/feature_building/build_hog_industry_features.py:92: FutureWarning: The default fill_method='pad' in Series.pct_change is deprecated and will be removed in a future version. Either fill in any non-leading NA values prior to calling pct_change or specify 'fill_method=None' to not fill NA values.
  out[f"{col}_ret1"] = out[col].pct_change()
/root/workspace/stock_realtime_v021_full/feature_building/build_hog_industry_features.py:92: FutureWarning: The default fill_method='pad' in Series.pct_change is deprecated and will be removed in a future version. Either fill in any non-leading NA values prior to calling pct_change or specify 'fill_method=None' to not fill NA values.
  out[f"{col}_ret1"] = out[col].pct_change()
{
  "sample_rows": 1536,
  "raw_rows": 1551,
  "raw_date_min": "2018-11-04",
  "raw_date_max": "2026-05-11",
  "feature_cols": 80,
  "lag_days": 1,
  "errors": {},
  "top_missing": {
    "hog_pork_wholesale_ret20": 0.9700520833333334,
    "hog_pork_wholesale_z60": 0.9700520833333334,
    "hog_pork_wholesale_ret5": 0.9680989583333334,
    "hog_pork_wholesale_z20": 0.9674479166666666,
    "hog_pork_wholesale_ma20_gap": 0.9674479166666666,
    "hog_pork_wholesale": 0.9641927083333334,
    "hog_pork_wholesale_ret1": 0.9641927083333334,
    "hog_pig_corn_ratio_z60": 0.9322916666666666,
    "hog_pig_corn_ratio_ma20_gap": 0.90234375,
    "hog_pig_corn_ratio_z20": 0.90234375,
    "hog_sow_ret5": 0.9010416666666666,
    "hog_sow_ret20": 0.9010416666666666,
    "hog_fut_spot_basis_z60": 0.88671875,
    "hog_fut_spot_basis": 0.8763020833333334,
    "hog_pig_corn_ratio_ret20": 0.869140625,
    "hog_sow_z20": 0.8684895833333334,
    "hog_sow_ma20_gap": 0.8684895833333334,
    "hog_sow_z60": 0.8658854166666666,
    "hog_corn_ret20": 0.8522135416666666,
    "hog_soymeal_ret20": 0.8522135416666666,
    "hog_feed_cost_ret20": 0.8522135416666666,
    "hog_soymeal_z60": 0.8522135416666666,
    "hog_spot_ret20": 0.8522135416666666,
    "hog_corn_z60": 0.8522135416666666,
    "hog_spot_z60": 0.8522135416666666,
    "hog_soymeal_ma20_gap": 0.8470052083333334,
    "hog_spot_z20": 0.8470052083333334,
    "hog_corn_ma20_gap": 0.8470052083333334,
    "hog_soymeal_z20": 0.8470052083333334,
    "hog_corn_z20": 0.8470052083333334
  },
  "outputs": {
    "raw": "/root/workspace/stock_realtime_v021_full/saved_data/002714_pipeline_out/04_external/hog/hog_industry_raw.csv",
    "features": "/root/workspace/stock_realtime_v021_full/saved_data/002714_pipeline_out/04_external/hog/hog_industry_features.csv",
    "merged_samples": "/root/workspace/stock_realtime_v021_full/saved_data/002714_pipeline_out/04_external/hog/training_samples_with_hog_industry.csv"
  }
}

[2026-05-11T20:47:33] RUN external_muyuan_hk
  /usr/bin/python3 feature_building/build_muyuan_hk_external_features.py --samples /root/workspace/stock_realtime_v021_full/saved_data/002714_pipeline_out/04_external/hog/training_samples_with_hog_industry.csv --out-dir /root/workspace/stock_realtime_v021_full/saved_data/002714_pipeline_out/04_external/muyuan_hk --lag-days 1
{
  "sample_rows": 1536,
  "external_rows": 1560,
  "external_date_min": "2020-01-02",
  "external_date_max": "2026-05-08",
  "feature_cols": 131,
  "lag_days": 1,
  "symbols": {
    "02714": "hog_hk_muyuan",
    "01610": "hog_hk_cofco_joycome",
    "00288": "hog_hk_wh_group",
    "01068": "hog_hk_yurun_food",
    "01117": "hog_hk_modern_dairy"
  },
  "providers": {
    "hog_hk_muyuan": "stock_hk_daily",
    "hog_hk_cofco_joycome": "stock_hk_daily",
    "hog_hk_wh_group": "stock_hk_daily",
    "hog_hk_yurun_food": "stock_hk_daily",
    "hog_hk_modern_dairy": "stock_hk_daily"
  },
  "errors": {},
  "top_missing": {
    "hog_hk_muyuan_amplitude": 1.0,
    "hog_hk_muyuan_turnover": 1.0,
    "hog_hk_muyuan_pct_chg": 1.0,
    "hog_hk_wh_group_pct_chg": 1.0,
    "hog_hk_yurun_food_pct_chg": 1.0,
    "hog_hk_modern_dairy_amplitude": 1.0,
    "hog_hk_cofco_joycome_turnover": 1.0,
    "hog_hk_cofco_joycome_amplitude": 1.0,
    "hog_hk_cofco_joycome_pct_chg": 1.0,
    "hog_hk_wh_group_amplitude": 1.0,
    "hog_hk_wh_group_turnover": 1.0,
    "hog_hk_modern_dairy_pct_chg": 1.0,
    "hog_hk_yurun_food_turnover": 1.0,
    "hog_hk_yurun_food_amplitude": 1.0,
    "hog_hk_modern_dairy_turnover": 1.0,
    "hog_hk_muyuan_volume_ret20": 0.974609375,
    "hog_hk_muyuan_close_ret20": 0.974609375,
    "hog_hk_muyuan_amount_ret20": 0.974609375,
    "hog_hk_muyuan_volume_ma20_gap": 0.9680989583333334,
    "hog_hk_muyuan_close_ma20_gap": 0.9680989583333334,
    "hog_hk_muyuan_amount_ma20_gap": 0.9680989583333334,
    "hog_hk_muyuan_volume_z20": 0.9680989583333334,
    "hog_hk_muyuan_close_z20": 0.9680989583333334,
    "hog_hk_muyuan_amount_z20": 0.9680989583333334,
    "hog_hk_muyuan_amount_ret5": 0.966796875,
    "hog_hk_muyuan_close_ret5": 0.966796875,
    "hog_hk_muyuan_volume_ret5": 0.966796875,
    "hog_hk_muyuan_amount_ret1": 0.9641927083333334,
    "hog_hk_muyuan_close_ret1": 0.9641927083333334,
    "hog_hk_muyuan_volume_ret1": 0.9641927083333334
  },
  "outputs": {
    "features": "/root/workspace/stock_realtime_v021_full/saved_data/002714_pipeline_out/04_external/muyuan_hk/hog_hk_external_features.csv",
    "merged_samples": "/root/workspace/stock_realtime_v021_full/saved_data/002714_pipeline_out/04_external/muyuan_hk/training_samples_with_hk_external.csv"
  }
}
[INFO] final samples for search: /root/workspace/stock_realtime_v021_full/saved_data/002714_pipeline_out/04_external/muyuan_hk/training_samples_with_hk_external.csv

[2026-05-11T20:47:37] RUN search_vwap_low_hit_50bps
  /usr/bin/python3 model_training/search_walk_forward_model_complexity.py --samples /root/workspace/stock_realtime_v021_full/saved_data/002714_pipeline_out/04_external/muyuan_hk/training_samples_with_hk_external.csv --intraday-bars /root/workspace/stock_realtime_v021_full/saved_data/002714_pipeline_out/00_base/002714_5m.csv --out-dir /root/workspace/stock_realtime_v021_full/saved_data/002714_pipeline_out/10_search/search_vwap_low_hit_50bps --round-trip-cost-bps 1.7 --target-hit-bps 50.0 --label-mode hit --entry-policy vwap_low --entry-vwap-premium-bps 50.0 --max-missing 0.35 --groups reversal_fundamental_regime,reversal_fundamental_regime_sector,all_no_ak --models xgb_d2_200_lr003_mcw5,xgb_d3_400_lr003_mcw3,xgb_d3_600_lr002_mcw3,xgb_d4_500_lr002_mcw5,lgbm_leaves7_400,lgbm_leaves15_700,extra_trees_600_d3,random_forest_600_d4 --quantiles 0.5,0.6,0.7,0.8 --train-rows 756 --valid-rows 126 --test-rows 63 --min-valid-trades 8 --min-train-entries 80
=== nextday pipeline start: 2026-05-11T22:47:15 ===
symbol=002714.SZ, out_root=/root/workspace/stock_realtime_v021_full/saved_data/002714_pipeline_out

[2026-05-11T22:47:15] RUN update_data
  /usr/bin/python3 bootstrap/ashare_xgb_dual_opportunity_regression_baostock_full_v19_compressed_trading_axis.py --mode update_data --symbol 002714 --benchmark_symbol 000300 --daily_start 2018-01-01 --daily_end 2026-05-11 --intraday_start '2018-01-01 09:30:00' --intraday_end '2026-05-11 15:00:00' --output_dir /root/workspace/stock_realtime_v021_full/saved_data/002714_pipeline_out/00_base --cache_mode incremental --feature_cache_mode incremental --adjust qfq
/root/workspace/stock_realtime_v021_full/bootstrap/ashare_fetch_and_train_xgb_sell_signal_baostock_state_cache_helper_fix2.py:246: FutureWarning: The behavior of DataFrame concatenation with empty or all-NA entries is deprecated. In a future version, this will no longer exclude empty or all-NA columns when determining the result dtypes. To retain the old behavior, exclude the relevant entries before the concat operation.
  merged = _normalize_daily_df(pd.concat([df_old, df_new], axis=0, ignore_index=True))
/root/workspace/stock_realtime_v021_full/bootstrap/ashare_fetch_and_train_xgb_sell_signal_baostock_state_cache_helper_fix2.py:254: FutureWarning: The behavior of DataFrame concatenation with empty or all-NA entries is deprecated. In a future version, this will no longer exclude empty or all-NA columns when determining the result dtypes. To retain the old behavior, exclude the relevant entries before the concat operation.
  merged = _normalize_bench_df(pd.concat([df_old, df_new], axis=0, ignore_index=True))
login success!
logout success!
login success!
logout success!
login success!
logout success!
{
  "mode": "update_data",
  "symbol": "002714",
  "data_source": "baostock",
  "daily_rows": 2023,
  "intraday_rows": 73728,
  "daily_min": "2018-01-02 00:00:00",
  "daily_max": "2026-05-11 00:00:00",
  "intraday_min": "2020-01-02 09:35:00",
  "intraday_max": "2026-05-11 15:00:00",
  "base_paths": {
    "daily_csv": "/root/workspace/stock_realtime_v021_full/saved_data/002714_pipeline_out/00_base/002714_daily.csv",
    "intraday_csv": "/root/workspace/stock_realtime_v021_full/saved_data/002714_pipeline_out/00_base/002714_5m.csv",
    "benchmark_csv": "/root/workspace/stock_realtime_v021_full/saved_data/002714_pipeline_out/00_base/000300_benchmark_daily.csv",
    "raw_daily_cache_csv": "/root/workspace/stock_realtime_v021_full/saved_data/002714_pipeline_out/00_base/raw_cache/002714_daily_raw.csv",
    "raw_intraday_cache_csv": "/root/workspace/stock_realtime_v021_full/saved_data/002714_pipeline_out/00_base/raw_cache/002714_5m_raw.csv",
    "raw_benchmark_cache_csv": "/root/workspace/stock_realtime_v021_full/saved_data/002714_pipeline_out/00_base/raw_cache/000300_benchmark_daily_raw.csv",
    "daily_features_csv": "/root/workspace/stock_realtime_v021_full/saved_data/002714_pipeline_out/00_base/daily_features.csv",
    "intraday_features_csv": "/root/workspace/stock_realtime_v021_full/saved_data/002714_pipeline_out/00_base/intraday_features.csv",
    "daily_features_cache_csv": "/root/workspace/stock_realtime_v021_full/saved_data/002714_pipeline_out/00_base/feature_cache/daily_features_cache.csv",
    "intraday_features_cache_csv": "/root/workspace/stock_realtime_v021_full/saved_data/002714_pipeline_out/00_base/feature_cache/intraday_features_cache.csv",
    "feature_state_json": "/root/workspace/stock_realtime_v021_full/saved_data/002714_pipeline_out/00_base/feature_cache/feature_state.json"
  },
  "fetch_logs": {
    "symbol": "002714",
    "benchmark_symbol": "000300",
    "daily_start": "2018-01-01",
    "daily_end": "2026-05-11",
    "intraday_start": "2018-01-01 09:30:00",
    "intraday_end": "2026-05-11 15:00:00",
    "perf_start": "2018-01-01",
    "data_source": "baostock",
    "cache_mode": "incremental",
    "force_refresh": false,
    "raw_cache_dir": "/root/workspace/stock_realtime_v021_full/saved_data/002714_pipeline_out/00_base/raw_cache",
    "feature_cache_dir": "/root/workspace/stock_realtime_v021_full/saved_data/002714_pipeline_out/00_base/feature_cache",
    "feature_cache_mode": "incremental",
    "daily": {
      "cache_path": "/root/workspace/stock_realtime_v021_full/saved_data/002714_pipeline_out/00_base/raw_cache/002714_daily_raw.csv",
      "requested_start": "2018-01-01",
      "requested_end": "2026-05-11",
      "mode": "incremental",
      "cache_before": {
        "rows": 2023,
        "min": "2018-01-02 00:00:00",
        "max": "2026-05-11 00:00:00"
      },
      "fetch_segments": [
        {
          "provider": "baostock",
          "code": "sz.002714",
          "adjustflag": "2",
          "rows": 0
        }
      ],
      "cache_after": {
        "rows": 2023,
        "min": "2018-01-02 00:00:00",
        "max": "2026-05-11 00:00:00"
      }
    },
    "intraday_5m": {
      "cache_path": "/root/workspace/stock_realtime_v021_full/saved_data/002714_pipeline_out/00_base/raw_cache/002714_5m_raw.csv",
      "requested_start": "2018-01-01 09:30:00",
      "requested_end": "2026-05-11 15:00:00",
      "mode": "incremental",
      "cache_before": {
        "rows": 73728,
        "min": "2020-01-02 09:35:00",
        "max": "2026-05-11 15:00:00"
      },
      "fetch_segments": [
        {
          "provider": "baostock",
          "code": "sz.002714",
          "adjustflag": "2",
          "requested_start": "2018-01-01 09:30:00",
          "effective_start": "2018-01-01 09:30:00",
          "requested_end": "2020-01-02 09:30:00",
          "rows": 0
        }
      ],
      "cache_after": {
        "rows": 73728,
        "min": "2020-01-02 09:35:00",
        "max": "2026-05-11 15:00:00"
      }
    },
    "benchmark_daily": {
      "cache_path": "/root/workspace/stock_realtime_v021_full/saved_data/002714_pipeline_out/00_base/raw_cache/000300_benchmark_daily_raw.csv",
      "requested_start": "2018-01-01",
      "requested_end": "2026-05-11",
      "mode": "incremental",
      "cache_before": {
        "rows": 2023,
        "min": "2018-01-02 00:00:00",
        "max": "2026-05-11 00:00:00"
      },
      "fetch_segments": [
        {
          "provider": "baostock",
          "code": "sh.000300",
          "rows": 0,
          "start": "2018-01-01",
          "end": "2018-01-01"
        }
      ],
      "cache_after": {
        "rows": 2023,
        "min": "2018-01-02 00:00:00",
        "max": "2026-05-11 00:00:00"
      }
    },
    "feature_build": {
      "mode": "cache_reuse_no_rebuild",
      "daily_cache": {
        "rows": 2023,
        "min": "2018-01-02 00:00:00",
        "max": "2026-05-11 00:00:00"
      },
      "intraday_cache": {
        "rows": 73728,
        "min": "2020-01-02 09:35:00",
        "max": "2026-05-11 15:00:00"
      },
      "daily_context_days": 260,
      "intraday_context_days": 40
    },
    "feature_state": {
      "daily_feature_max": "2026-05-11 00:00:00",
      "intraday_feature_max": "2026-05-11 15:00:00",
      "daily_context_days": 260,
      "intraday_context_days": 40,
      "feature_build_mode": "cache_reuse_no_rebuild"
    }
  }
}

[2026-05-11T22:47:26] RUN samples
  /usr/bin/python3 feature_building/build_nextday_samples_from_baostock.py --daily-features /root/workspace/stock_realtime_v021_full/saved_data/002714_pipeline_out/00_base/daily_features.csv --intraday-bars /root/workspace/stock_realtime_v021_full/saved_data/002714_pipeline_out/00_base/002714_5m.csv --out-dir /root/workspace/stock_realtime_v021_full/saved_data/002714_pipeline_out/01_samples --min-bars 40 --keep-unlabeled-tail
{
  "rows": 1536,
  "date_min": "2020-01-02",
  "date_max": "2026-05-11",
  "out": "/root/workspace/stock_realtime_v021_full/saved_data/002714_pipeline_out/01_samples/training_samples.csv"
}

[2026-05-11T22:47:26] RUN fundamental
  /usr/bin/python3 feature_building/build_fundamental_features.py --symbol 002714.SZ --daily-samples /root/workspace/stock_realtime_v021_full/saved_data/002714_pipeline_out/01_samples/training_samples.csv --out-dir /root/workspace/stock_realtime_v021_full/saved_data/002714_pipeline_out/02_fundamental --start-date 2018-01-01 --end-date 2026-05-11 --fallback-lag-days 120
login success!
logout success!
{
  "rows": 1536,
  "date_min": "2020-01-02",
  "date_max": "2026-05-11",
  "source_errors": [],
  "top_missing_rates": {
    "ak_fund_小单净流入-净额_sum10": 0.923828125,
    "ak_fund_主力净流入-净额_sum10": 0.923828125,
    "ak_fund_主力净流入-净占比_sum10": 0.923828125,
    "ak_fund_涨跌幅_sum10": 0.923828125,
    "ak_fund_收盘价_sum10": 0.923828125,
    "ak_fund_中单净流入-净额_sum10": 0.923828125,
    "ak_fund_中单净流入-净占比_sum10": 0.923828125,
    "ak_fund_小单净流入-净占比_sum10": 0.923828125,
    "ak_fund_超大单净流入-净额_sum10": 0.923828125,
    "ak_fund_大单净流入-净额_sum10": 0.923828125,
    "ak_fund_大单净流入-净占比_sum10": 0.923828125,
    "ak_fund_超大单净流入-净占比_sum10": 0.923828125,
    "ak_fund_涨跌幅_sum5": 0.9225260416666666,
    "ak_fund_主力净流入-净占比_sum5": 0.9225260416666666,
    "ak_fund_主力净流入-净额_sum5": 0.9225260416666666,
    "ak_fund_收盘价_sum5": 0.9225260416666666,
    "ak_fund_超大单净流入-净占比_sum5": 0.9225260416666666,
    "ak_fund_中单净流入-净占比_sum5": 0.9225260416666666,
    "ak_fund_中单净流入-净额_sum5": 0.9225260416666666,
    "ak_fund_小单净流入-净额_sum5": 0.9225260416666666,
    "ak_fund_小单净流入-净占比_sum5": 0.9225260416666666,
    "ak_fund_大单净流入-净占比_sum5": 0.9225260416666666,
    "ak_fund_大单净流入-净额_sum5": 0.9225260416666666,
    "ak_fund_超大单净流入-净额_sum5": 0.9225260416666666,
    "ak_fund_大单净流入-净额": 0.9212239583333334,
    "ak_fund_超大单净流入-净占比": 0.9212239583333334,
    "ak_fund_超大单净流入-净额": 0.9212239583333334,
    "ak_fund_收盘价": 0.9212239583333334,
    "ak_fund_涨跌幅": 0.9212239583333334,
    "ak_fund_中单净流入-净额": 0.9212239583333334
  },
  "valuation_non_null": {
    "peTTM": 1536,
    "pbMRQ": 1536,
    "psTTM": 1536,
    "pcfNcfTTM": 1536
  },
  "future_effective_date_violations": 0,
  "rows_with_quarterly": 1536,
  "sample_rows": 1536,
  "quarterly_raw_rows": 37,
  "quarterly_used_pubDate_rows": 37,
  "quarterly_fallback_rows": 0,
  "elapsed_seconds": 34.01,
  "symbol": "002714",
  "baostock_code": "sz.002714",
  "valuation_rows": 2023,
  "fund_flow_rows": 121,
  "feature_columns": 125,
  "merged_columns": 194,
  "outputs": {
    "daily_valuation": "/root/workspace/stock_realtime_v021_full/saved_data/002714_pipeline_out/02_fundamental/baostock_daily_valuation.csv",
    "quarterly_fundamentals": "/root/workspace/stock_realtime_v021_full/saved_data/002714_pipeline_out/02_fundamental/baostock_quarterly_fundamentals_pit.csv",
    "fundamental_features": "/root/workspace/stock_realtime_v021_full/saved_data/002714_pipeline_out/02_fundamental/fundamental_features.csv",
    "merged_samples": "/root/workspace/stock_realtime_v021_full/saved_data/002714_pipeline_out/02_fundamental/training_samples_with_fundamentals.csv"
  }
}

[2026-05-11T22:48:01] RUN sector
  /usr/bin/python3 feature_building/build_sector_features.py --samples /root/workspace/stock_realtime_v021_full/saved_data/002714_pipeline_out/02_fundamental/training_samples_with_fundamentals.csv --out-dir /root/workspace/stock_realtime_v021_full/saved_data/002714_pipeline_out/03_sector --sector-symbol '养殖业' --start-date 2018-01-01 --end-date 2026-05-11

  0%|          | 0/9 [00:00<?, ?it/s]
 11%|█         | 1/9 [00:00<00:01,  4.32it/s]
 22%|██▏       | 2/9 [00:00<00:01,  4.30it/s]
 33%|███▎      | 3/9 [00:00<00:01,  3.83it/s]
 44%|████▍     | 4/9 [00:01<00:01,  3.74it/s]
 56%|█████▌    | 5/9 [00:01<00:01,  3.79it/s]
 67%|██████▋   | 6/9 [00:01<00:00,  3.90it/s]
 78%|███████▊  | 7/9 [00:01<00:00,  3.95it/s]
 89%|████████▉ | 8/9 [00:02<00:00,  4.02it/s]
100%|██████████| 9/9 [00:02<00:00,  4.29it/s]
                                             
{
  "sector_symbol": "养殖业",
  "sector_rows": 2023,
  "sector_date_min": "2018-01-02",
  "sector_date_max": "2026-05-11",
  "sample_rows": 1536,
  "merged_rows": 1536,
  "sector_feature_cols": 23,
  "top_missing": {
    "sector_ret60": 0.0390625,
    "sector_ma60_gap": 0.01953125,
    "stock_vs_sector_ret20": 0.013020833333333334,
    "sector_ret20": 0.013020833333333334,
    "sector_vol20": 0.007161458333333333,
    "sector_ma20_gap": 0.006510416666666667,
    "sector_range_z20": 0.006510416666666667,
    "sector_volume_shock20": 0.006510416666666667,
    "sector_amount_z20": 0.006510416666666667,
    "sector_volume_z20": 0.006510416666666667,
    "sector_amount_shock20": 0.006510416666666667,
    "sector_ret5": 0.0032552083333333335,
    "stock_vs_sector_ret5": 0.0032552083333333335,
    "sector_vs_bench_ret5": 0.0032552083333333335,
    "stock_vs_sector_ret1": 0.0006510416666666666,
    "sector_ret1": 0.0006510416666666666,
    "sector_amount": 0.0,
    "sector_volume": 0.0,
    "sector_close": 0.0,
    "sector_low": 0.0
  },
  "outputs": {
    "sector_index": "/root/workspace/stock_realtime_v021_full/saved_data/002714_pipeline_out/03_sector/sector_index_ths.csv",
    "sector_features": "/root/workspace/stock_realtime_v021_full/saved_data/002714_pipeline_out/03_sector/sector_features.csv",
    "merged_samples": "/root/workspace/stock_realtime_v021_full/saved_data/002714_pipeline_out/03_sector/training_samples_with_sector.csv"
  }
}

[2026-05-11T22:48:05] RUN external_hog
  /usr/bin/python3 feature_building/build_hog_industry_features.py --samples /root/workspace/stock_realtime_v021_full/saved_data/002714_pipeline_out/03_sector/training_samples_with_sector.csv --out-dir /root/workspace/stock_realtime_v021_full/saved_data/002714_pipeline_out/04_external/hog --lag-days 1
/root/workspace/stock_realtime_v021_full/feature_building/build_hog_industry_features.py:92: FutureWarning: The default fill_method='pad' in Series.pct_change is deprecated and will be removed in a future version. Either fill in any non-leading NA values prior to calling pct_change or specify 'fill_method=None' to not fill NA values.
  out[f"{col}_ret1"] = out[col].pct_change()
/root/workspace/stock_realtime_v021_full/feature_building/build_hog_industry_features.py:92: FutureWarning: The default fill_method='pad' in Series.pct_change is deprecated and will be removed in a future version. Either fill in any non-leading NA values prior to calling pct_change or specify 'fill_method=None' to not fill NA values.
  out[f"{col}_ret1"] = out[col].pct_change()
/root/workspace/stock_realtime_v021_full/feature_building/build_hog_industry_features.py:92: FutureWarning: The default fill_method='pad' in Series.pct_change is deprecated and will be removed in a future version. Either fill in any non-leading NA values prior to calling pct_change or specify 'fill_method=None' to not fill NA values.
  out[f"{col}_ret1"] = out[col].pct_change()
/root/workspace/stock_realtime_v021_full/feature_building/build_hog_industry_features.py:92: FutureWarning: The default fill_method='pad' in Series.pct_change is deprecated and will be removed in a future version. Either fill in any non-leading NA values prior to calling pct_change or specify 'fill_method=None' to not fill NA values.
  out[f"{col}_ret1"] = out[col].pct_change()
/root/workspace/stock_realtime_v021_full/feature_building/build_hog_industry_features.py:92: FutureWarning: The default fill_method='pad' in Series.pct_change is deprecated and will be removed in a future version. Either fill in any non-leading NA values prior to calling pct_change or specify 'fill_method=None' to not fill NA values.
  out[f"{col}_ret1"] = out[col].pct_change()
/root/workspace/stock_realtime_v021_full/feature_building/build_hog_industry_features.py:92: FutureWarning: The default fill_method='pad' in Series.pct_change is deprecated and will be removed in a future version. Either fill in any non-leading NA values prior to calling pct_change or specify 'fill_method=None' to not fill NA values.
  out[f"{col}_ret1"] = out[col].pct_change()
/root/workspace/stock_realtime_v021_full/feature_building/build_hog_industry_features.py:92: FutureWarning: The default fill_method='pad' in Series.pct_change is deprecated and will be removed in a future version. Either fill in any non-leading NA values prior to calling pct_change or specify 'fill_method=None' to not fill NA values.
  out[f"{col}_ret1"] = out[col].pct_change()
{
  "sample_rows": 1536,
  "raw_rows": 1551,
  "raw_date_min": "2018-11-04",
  "raw_date_max": "2026-05-11",
  "feature_cols": 80,
  "lag_days": 1,
  "errors": {},
  "top_missing": {
    "hog_pork_wholesale_ret20": 0.9700520833333334,
    "hog_pork_wholesale_z60": 0.9700520833333334,
    "hog_pork_wholesale_ret5": 0.9680989583333334,
    "hog_pork_wholesale_z20": 0.9674479166666666,
    "hog_pork_wholesale_ma20_gap": 0.9674479166666666,
    "hog_pork_wholesale": 0.9641927083333334,
    "hog_pork_wholesale_ret1": 0.9641927083333334,
    "hog_pig_corn_ratio_z60": 0.9322916666666666,
    "hog_pig_corn_ratio_ma20_gap": 0.90234375,
    "hog_pig_corn_ratio_z20": 0.90234375,
    "hog_sow_ret5": 0.9010416666666666,
    "hog_sow_ret20": 0.9010416666666666,
    "hog_fut_spot_basis_z60": 0.88671875,
    "hog_fut_spot_basis": 0.8763020833333334,
    "hog_pig_corn_ratio_ret20": 0.869140625,
    "hog_sow_z20": 0.8684895833333334,
    "hog_sow_ma20_gap": 0.8684895833333334,
    "hog_sow_z60": 0.8658854166666666,
    "hog_corn_ret20": 0.8522135416666666,
    "hog_soymeal_ret20": 0.8522135416666666,
    "hog_feed_cost_ret20": 0.8522135416666666,
    "hog_soymeal_z60": 0.8522135416666666,
    "hog_spot_ret20": 0.8522135416666666,
    "hog_corn_z60": 0.8522135416666666,
    "hog_spot_z60": 0.8522135416666666,
    "hog_soymeal_ma20_gap": 0.8470052083333334,
    "hog_spot_z20": 0.8470052083333334,
    "hog_corn_ma20_gap": 0.8470052083333334,
    "hog_soymeal_z20": 0.8470052083333334,
    "hog_corn_z20": 0.8470052083333334
  },
  "outputs": {
    "raw": "/root/workspace/stock_realtime_v021_full/saved_data/002714_pipeline_out/04_external/hog/hog_industry_raw.csv",
    "features": "/root/workspace/stock_realtime_v021_full/saved_data/002714_pipeline_out/04_external/hog/hog_industry_features.csv",
    "merged_samples": "/root/workspace/stock_realtime_v021_full/saved_data/002714_pipeline_out/04_external/hog/training_samples_with_hog_industry.csv"
  }
}

[2026-05-11T22:48:09] RUN external_muyuan_hk
  /usr/bin/python3 feature_building/build_muyuan_hk_external_features.py --samples /root/workspace/stock_realtime_v021_full/saved_data/002714_pipeline_out/04_external/hog/training_samples_with_hog_industry.csv --out-dir /root/workspace/stock_realtime_v021_full/saved_data/002714_pipeline_out/04_external/muyuan_hk --lag-days 1
{
  "sample_rows": 1536,
  "external_rows": 1561,
  "external_date_min": "2020-01-02",
  "external_date_max": "2026-05-11",
  "feature_cols": 131,
  "lag_days": 1,
  "symbols": {
    "02714": "hog_hk_muyuan",
    "01610": "hog_hk_cofco_joycome",
    "00288": "hog_hk_wh_group",
    "01068": "hog_hk_yurun_food",
    "01117": "hog_hk_modern_dairy"
  },
  "providers": {
    "hog_hk_muyuan": "stock_hk_daily",
    "hog_hk_cofco_joycome": "stock_hk_daily",
    "hog_hk_wh_group": "stock_hk_daily",
    "hog_hk_yurun_food": "stock_hk_daily",
    "hog_hk_modern_dairy": "stock_hk_daily"
  },
  "errors": {},
  "top_missing": {
    "hog_hk_muyuan_amplitude": 1.0,
    "hog_hk_muyuan_turnover": 1.0,
    "hog_hk_muyuan_pct_chg": 1.0,
    "hog_hk_wh_group_pct_chg": 1.0,
    "hog_hk_yurun_food_pct_chg": 1.0,
    "hog_hk_modern_dairy_amplitude": 1.0,
    "hog_hk_cofco_joycome_turnover": 1.0,
    "hog_hk_cofco_joycome_amplitude": 1.0,
    "hog_hk_cofco_joycome_pct_chg": 1.0,
    "hog_hk_wh_group_amplitude": 1.0,
    "hog_hk_wh_group_turnover": 1.0,
    "hog_hk_modern_dairy_pct_chg": 1.0,
    "hog_hk_yurun_food_turnover": 1.0,
    "hog_hk_yurun_food_amplitude": 1.0,
    "hog_hk_modern_dairy_turnover": 1.0,
    "hog_hk_muyuan_volume_ret20": 0.974609375,
    "hog_hk_muyuan_close_ret20": 0.974609375,
    "hog_hk_muyuan_amount_ret20": 0.974609375,
    "hog_hk_muyuan_volume_ma20_gap": 0.9680989583333334,
    "hog_hk_muyuan_close_ma20_gap": 0.9680989583333334,
    "hog_hk_muyuan_amount_ma20_gap": 0.9680989583333334,
    "hog_hk_muyuan_volume_z20": 0.9680989583333334,
    "hog_hk_muyuan_close_z20": 0.9680989583333334,
    "hog_hk_muyuan_amount_z20": 0.9680989583333334,
    "hog_hk_muyuan_amount_ret5": 0.966796875,
    "hog_hk_muyuan_close_ret5": 0.966796875,
    "hog_hk_muyuan_volume_ret5": 0.966796875,
    "hog_hk_muyuan_amount_ret1": 0.9641927083333334,
    "hog_hk_muyuan_close_ret1": 0.9641927083333334,
    "hog_hk_muyuan_volume_ret1": 0.9641927083333334
  },
  "outputs": {
    "features": "/root/workspace/stock_realtime_v021_full/saved_data/002714_pipeline_out/04_external/muyuan_hk/hog_hk_external_features.csv",
    "merged_samples": "/root/workspace/stock_realtime_v021_full/saved_data/002714_pipeline_out/04_external/muyuan_hk/training_samples_with_hk_external.csv"
  }
}
[INFO] final samples for search: /root/workspace/stock_realtime_v021_full/saved_data/002714_pipeline_out/04_external/muyuan_hk/training_samples_with_hk_external.csv

[2026-05-11T22:48:13] RUN search_vwap_low_hit_50bps
  /usr/bin/python3 model_training/search_walk_forward_model_complexity.py --samples /root/workspace/stock_realtime_v021_full/saved_data/002714_pipeline_out/04_external/muyuan_hk/training_samples_with_hk_external.csv --intraday-bars /root/workspace/stock_realtime_v021_full/saved_data/002714_pipeline_out/00_base/002714_5m.csv --out-dir /root/workspace/stock_realtime_v021_full/saved_data/002714_pipeline_out/10_search/search_vwap_low_hit_50bps --round-trip-cost-bps 1.7 --target-hit-bps 50.0 --label-mode hit --entry-policy vwap_low --entry-vwap-premium-bps 50.0 --max-missing 0.35 --groups reversal_fundamental_regime,reversal_fundamental_regime_sector,all_no_ak --models xgb_d2_200_lr003_mcw5,xgb_d3_400_lr003_mcw3,xgb_d3_600_lr002_mcw3,xgb_d4_500_lr002_mcw5,lgbm_leaves7_400,lgbm_leaves15_700,extra_trees_600_d3,random_forest_600_d4 --quantiles 0.5,0.6,0.7,0.8 --train-rows 756 --valid-rows 126 --test-rows 63 --min-valid-trades 8 --min-train-entries 80
{
  "rows": 1535,
  "target_hit_bps": 50.0,
  "label_mode": "hit",
  "entry_policy": "vwap_low",
  "entry_vwap_premium_bps": 50.0,
  "groups": {
    "reversal_fundamental_regime": 137,
    "reversal_fundamental_regime_sector": 160,
    "all_no_ak": 338
  },
  "models": [
    "xgb_d2_200_lr003_mcw5",
    "xgb_d3_400_lr003_mcw3",
    "xgb_d3_600_lr002_mcw3",
    "xgb_d4_500_lr002_mcw5",
    "extra_trees_600_d3",
    "random_forest_600_d4",
    "lgbm_leaves7_400",
    "lgbm_leaves15_700"
  ],
  "top": [
    {
      "entry_policy": "vwap_low",
      "feature_group": "reversal_fundamental_regime_sector",
      "model_name": "extra_trees_600_d3",
      "target_hit_bps": 50.0,
      "trades": 278,
      "win_rate": 0.7553956834532374,
      "avg_return": 0.0005771596345931717,
      "median_return": 0.005,
      "compound_return": 0.15949154026063073,
      "max_drawdown": -0.11184369456548293,
      "profit_factor": 1.1839359039572637,
      "windows": 10
    },
    {
      "entry_policy": "vwap_low",
      "feature_group": "reversal_fundamental_regime_sector",
      "model_name": "xgb_d4_500_lr002_mcw5",
      "target_hit_bps": 50.0,
      "trades": 212,
      "win_rate": 0.7688679245283019,
      "avg_return": 0.0007019741197414396,
      "median_return": 0.005,
      "compound_return": 0.15067032400177682,
      "max_drawdown": -0.08440113555740059,
      "profit_factor": 1.2269237786347398,
      "windows": 10
    },
    {
      "entry_policy": "vwap_low",
      "feature_group": "all_no_ak",
      "model_name": "xgb_d3_600_lr002_mcw3",
      "target_hit_bps": 50.0,
      "trades": 259,
      "win_rate": 0.7722007722007722,
      "avg_return": 0.0005791477560126965,
      "median_return": 0.005,
      "compound_return": 0.1467828601992478,
      "max_drawdown": -0.08214087390711455,
      "profit_factor": 1.1798881378061765,
      "windows": 10
    },
    {
      "entry_policy": "vwap_low",
      "feature_group": "reversal_fundamental_regime_sector",
      "model_name": "xgb_d2_200_lr003_mcw5",
      "target_hit_bps": 50.0,
      "trades": 270,
      "win_rate": 0.762962962962963,
      "avg_return": 0.0003897581658009408,
      "median_return": 0.005,
      "compound_return": 0.09554130813240946,
      "max_drawdown": -0.10216941431899362,
      "profit_factor": 1.1161903622026557,
      "windows": 10
    },
    {
      "entry_policy": "vwap_low",
      "feature_group": "all_no_ak",
      "model_name": "xgb_d2_200_lr003_mcw5",
      "target_hit_bps": 50.0,
      "trades": 254,
      "win_rate": 0.7677165354330708,
      "avg_return": 0.00038437361817675536,
      "median_return": 0.005,
      "compound_return": 0.08699271014185062,
      "max_drawdown": -0.09059048912230039,
      "profit_factor": 1.1121125379507304,
      "windows": 10
    },
    {
      "entry_policy": "vwap_low",
      "feature_group": "reversal_fundamental_regime_sector",
      "model_name": "lgbm_leaves7_400",
      "target_hit_bps": 50.0,
      "trades": 273,
      "win_rate": 0.7545787545787546,
      "avg_return": 0.0002766425392174644,
      "median_return": 0.005,
      "compound_return": 0.06283536690158864,
      "max_drawdown": -0.09600573024020109,
      "profit_factor": 1.0805694374585983,
      "windows": 10
    },
    {
      "entry_policy": "vwap_low",
      "feature_group": "reversal_fundamental_regime",
      "model_name": "random_forest_600_d4",
      "target_hit_bps": 50.0,
      "trades": 240,
      "win_rate": 0.7791666666666667,
      "avg_return": 0.00030095187304707223,
      "median_return": 0.005,
      "compound_return": 0.05887592708465372,
      "max_drawdown": -0.14035562010078695,
      "profit_factor": 1.0844198320890932,
      "windows": 10
    },
    {
      "entry_policy": "vwap_low",
      "feature_group": "reversal_fundamental_regime_sector",
      "model_name": "xgb_d3_600_lr002_mcw3",
      "target_hit_bps": 50.0,
      "trades": 186,
      "win_rate": 0.7473118279569892,
      "avg_return": 8.591555827426736e-05,
      "median_return": 0.005,
      "compound_return": 0.007038614438867885,
      "max_drawdown": -0.0931358249876797,
      "profit_factor": 1.0237632237177097,
      "windows": 10
    },
    {
      "entry_policy": "vwap_low",
      "feature_group": "reversal_fundamental_regime",
      "model_name": "lgbm_leaves15_700",
      "target_hit_bps": 50.0,
      "trades": 230,
      "win_rate": 0.7434782608695653,
      "avg_return": 6.304382234835038e-05,
      "median_return": 0.005,
      "compound_return": 0.0022185688106282075,
      "max_drawdown": -0.13432560250788672,
      "profit_factor": 1.017320805116483,
      "windows": 10
    },
    {
      "entry_policy": "vwap_low",
      "feature_group": "all_no_ak",
      "model_name": "xgb_d4_500_lr002_mcw5",
      "target_hit_bps": 50.0,
      "trades": 229,
      "win_rate": 0.7467248908296943,
      "avg_return": 3.587174168067857e-05,
      "median_return": 0.005,
      "compound_return": -0.00501757713806994,
      "max_drawdown": -0.1388333618362878,
      "profit_factor": 1.009842518087163,
      "windows": 10
    },
    {
      "entry_policy": "vwap_low",
      "feature_group": "reversal_fundamental_regime",
      "model_name": "lgbm_leaves7_400",
      "target_hit_bps": 50.0,
      "trades": 192,
      "win_rate": 0.7552083333333334,
      "avg_return": -6.89174293911574e-05,
      "median_return": 0.005,
      "compound_return": -0.02423811012054078,
      "max_drawdown": -0.18430917731431273,
      "profit_factor": 0.981994147979972,
      "windows": 10
    },
    {
      "entry_policy": "vwap_low",
      "feature_group": "reversal_fundamental_regime_sector",
      "model_name": "lgbm_leaves15_700",
      "target_hit_bps": 50.0,
      "trades": 231,
      "win_rate": 0.7402597402597403,
      "avg_return": -5.2753087479809585e-05,
      "median_return": 0.005,
      "compound_return": -0.024637832236197643,
      "max_drawdown": -0.12417599839811244,
      "profit_factor": 0.9858409161477671,
      "windows": 10
    },
    {
      "entry_policy": "vwap_low",
      "feature_group": "reversal_fundamental_regime",
      "model_name": "xgb_d4_500_lr002_mcw5",
      "target_hit_bps": 50.0,
      "trades": 196,
      "win_rate": 0.7551020408163265,
      "avg_return": -7.569106039358459e-05,
      "median_return": 0.005,
      "compound_return": -0.026012481151021838,
      "max_drawdown": -0.14177719683700163,
      "profit_factor": 0.9801572333976623,
      "windows": 10
    },
    {
      "entry_policy": "vwap_low",
      "feature_group": "reversal_fundamental_regime_sector",
      "model_name": "xgb_d3_400_lr003_mcw3",
      "target_hit_bps": 50.0,
      "trades": 169,
      "win_rate": 0.7455621301775148,
      "avg_return": -9.71766251022127e-05,
      "median_return": 0.005,
      "compound_return": -0.026143161008076454,
      "max_drawdown": -0.10638187608306704,
      "profit_factor": 0.9741799284096964,
      "windows": 10
    },
    {
      "entry_policy": "vwap_low",
      "feature_group": "all_no_ak",
      "model_name": "random_forest_600_d4",
      "target_hit_bps": 50.0,
      "trades": 259,
      "win_rate": 0.7606177606177607,
      "avg_return": -4.73428837837946e-05,
      "median_return": 0.005,
      "compound_return": -0.028464132521335506,
      "max_drawdown": -0.12787658643000088,
      "profit_factor": 0.9875459804793492,
      "windows": 10
    },
    {
      "entry_policy": "vwap_low",
      "feature_group": "reversal_fundamental_regime",
      "model_name": "xgb_d3_600_lr002_mcw3",
      "target_hit_bps": 50.0,
      "trades": 214,
      "win_rate": 0.7383177570093458,
      "avg_return": -8.717867041947758e-05,
      "median_return": 0.005,
      "compound_return": -0.030095567751806107,
      "max_drawdown": -0.11093785689570512,
      "profit_factor": 0.9768333128823538,
      "windows": 10
    },
    {
      "entry_policy": "vwap_low",
      "feature_group": "reversal_fundamental_regime",
      "model_name": "xgb_d2_200_lr003_mcw5",
      "target_hit_bps": 50.0,
      "trades": 204,
      "win_rate": 0.75,
      "avg_return": -0.00012366186589293405,
      "median_return": 0.005,
      "compound_return": -0.03672479971956799,
      "max_drawdown": -0.1166650554929366,
      "profit_factor": 0.9677833003772529,
      "windows": 10
    },
    {
      "entry_policy": "vwap_low",
      "feature_group": "all_no_ak",
      "model_name": "xgb_d3_400_lr003_mcw3",
      "target_hit_bps": 50.0,
      "trades": 188,
      "win_rate": 0.7446808510638298,
      "avg_return": -0.00014135904011934955,
      "median_return": 0.005,
      "compound_return": -0.03703669682131672,
      "max_drawdown": -0.148546263281084,
      "profit_factor": 0.9627925754948228,
      "windows": 10
    },
    {
      "entry_policy": "vwap_low",
      "feature_group": "all_no_ak",
      "model_name": "extra_trees_600_d3",
      "target_hit_bps": 50.0,
      "trades": 302,
      "win_rate": 0.7384105960264901,
      "avg_return": -0.00010873697383749657,
      "median_return": 0.005,
      "compound_return": -0.049283377251837734,
      "max_drawdown": -0.17842559791834267,
      "profit_factor": 0.9709014702656561,
      "windows": 10
    },
    {
      "entry_policy": "vwap_low",
      "feature_group": "all_no_ak",
      "model_name": "lgbm_leaves15_700",
      "target_hit_bps": 50.0,
      "trades": 211,
      "win_rate": 0.7488151658767772,
      "avg_return": -0.0002303051985265872,
      "median_return": 0.005,
      "compound_return": -0.06012881135438197,
      "max_drawdown": -0.11687509969487675,
      "profit_factor": 0.9415971154347441,
      "windows": 10
    }
  ]
}

[2026-05-11T22:53:54] RUN search_vwap_low_hit_80bps
  /usr/bin/python3 model_training/search_walk_forward_model_complexity.py --samples /root/workspace/stock_realtime_v021_full/saved_data/002714_pipeline_out/04_external/muyuan_hk/training_samples_with_hk_external.csv --intraday-bars /root/workspace/stock_realtime_v021_full/saved_data/002714_pipeline_out/00_base/002714_5m.csv --out-dir /root/workspace/stock_realtime_v021_full/saved_data/002714_pipeline_out/10_search/search_vwap_low_hit_80bps --round-trip-cost-bps 1.7 --target-hit-bps 80.0 --label-mode hit --entry-policy vwap_low --entry-vwap-premium-bps 50.0 --max-missing 0.35 --groups reversal_fundamental_regime,reversal_fundamental_regime_sector,all_no_ak --models xgb_d2_200_lr003_mcw5,xgb_d3_400_lr003_mcw3,xgb_d3_600_lr002_mcw3,xgb_d4_500_lr002_mcw5,lgbm_leaves7_400,lgbm_leaves15_700,extra_trees_600_d3,random_forest_600_d4 --quantiles 0.5,0.6,0.7,0.8 --train-rows 756 --valid-rows 126 --test-rows 63 --min-valid-trades 8 --min-train-entries 80
{
  "rows": 1535,
  "target_hit_bps": 80.0,
  "label_mode": "hit",
  "entry_policy": "vwap_low",
  "entry_vwap_premium_bps": 50.0,
  "groups": {
    "reversal_fundamental_regime": 137,
    "reversal_fundamental_regime_sector": 160,
    "all_no_ak": 338
  },
  "models": [
    "xgb_d2_200_lr003_mcw5",
    "xgb_d3_400_lr003_mcw3",
    "xgb_d3_600_lr002_mcw3",
    "xgb_d4_500_lr002_mcw5",
    "extra_trees_600_d3",
    "random_forest_600_d4",
    "lgbm_leaves7_400",
    "lgbm_leaves15_700"
  ],
  "top": [
    {
      "entry_policy": "vwap_low",
      "feature_group": "all_no_ak",
      "model_name": "xgb_d3_600_lr002_mcw3",
      "target_hit_bps": 80.0,
      "trades": 251,
      "win_rate": 0.6733067729083665,
      "avg_return": 0.0006787468174816846,
      "median_return": 0.008,
      "compound_return": 0.16493047138387684,
      "max_drawdown": -0.18784996829842748,
      "profit_factor": 1.1544877278315764,
      "windows": 10
    },
    {
      "entry_policy": "vwap_low",
      "feature_group": "reversal_fundamental_regime",
      "model_name": "xgb_d3_400_lr003_mcw3",
      "target_hit_bps": 80.0,
      "trades": 268,
      "win_rate": 0.6529850746268657,
      "avg_return": 0.0004551968086224276,
      "median_return": 0.008,
      "compound_return": 0.10658222788140326,
      "max_drawdown": -0.13216753906380885,
      "profit_factor": 1.0993647317912782,
      "windows": 10
    },
    {
      "entry_policy": "vwap_low",
      "feature_group": "all_no_ak",
      "model_name": "xgb_d4_500_lr002_mcw5",
      "target_hit_bps": 80.0,
      "trades": 239,
      "win_rate": 0.6610878661087866,
      "avg_return": 0.00044849304111049316,
      "median_return": 0.008,
      "compound_return": 0.09415454356233566,
      "max_drawdown": -0.10711031348902411,
      "profit_factor": 1.0985111774712917,
      "windows": 10
    },
    {
      "entry_policy": "vwap_low",
      "feature_group": "reversal_fundamental_regime_sector",
      "model_name": "random_forest_600_d4",
      "target_hit_bps": 80.0,
      "trades": 202,
      "win_rate": 0.6633663366336634,
      "avg_return": 0.00021325600018483546,
      "median_return": 0.008,
      "compound_return": 0.025073033438714587,
      "max_drawdown": -0.20720069730869162,
      "profit_factor": 1.0433367099143622,
      "windows": 10
    },
    {
      "entry_policy": "vwap_low",
      "feature_group": "all_no_ak",
      "model_name": "xgb_d2_200_lr003_mcw5",
      "target_hit_bps": 80.0,
      "trades": 216,
      "win_rate": 0.6620370370370371,
      "avg_return": 0.00015099030238587729,
      "median_return": 0.008,
      "compound_return": 0.014376364807500153,
      "max_drawdown": -0.2063901061880734,
      "profit_factor": 1.031125467570824,
      "windows": 10
    },
    {
      "entry_policy": "vwap_low",
      "feature_group": "reversal_fundamental_regime_sector",
      "model_name": "extra_trees_600_d3",
      "target_hit_bps": 80.0,
      "trades": 255,
      "win_rate": 0.6431372549019608,
      "avg_return": 5.979248957346425e-05,
      "median_return": 0.008,
      "compound_return": -0.006164529288917531,
      "max_drawdown": -0.21152070174626758,
      "profit_factor": 1.0122242068566711,
      "windows": 10
    },
    {
      "entry_policy": "vwap_low",
      "feature_group": "reversal_fundamental_regime",
      "model_name": "extra_trees_600_d3",
      "target_hit_bps": 80.0,
      "trades": 245,
      "win_rate": 0.6408163265306123,
      "avg_return": 5.239587822238674e-05,
      "median_return": 0.008,
      "compound_return": -0.008031811023741842,
      "max_drawdown": -0.20043729568616042,
      "profit_factor": 1.0107313643917888,
      "windows": 10
    },
    {
      "entry_policy": "vwap_low",
      "feature_group": "all_no_ak",
      "model_name": "xgb_d3_400_lr003_mcw3",
      "target_hit_bps": 80.0,
      "trades": 237,
      "win_rate": 0.6497890295358649,
      "avg_return": 4.1844565394506036e-05,
      "median_return": 0.008,
      "compound_return": -0.0098346662255,
      "max_drawdown": -0.17240238929771268,
      "profit_factor": 1.0085850740370779,
      "windows": 10
    },
    {
      "entry_policy": "vwap_low",
      "feature_group": "reversal_fundamental_regime",
      "model_name": "random_forest_600_d4",
      "target_hit_bps": 80.0,
      "trades": 208,
      "win_rate": 0.6586538461538461,
      "avg_return": -1.151181100144913e-05,
      "median_return": 0.008,
      "compound_return": -0.022018360266083947,
      "max_drawdown": -0.22250721127861173,
      "profit_factor": 0.9977585537098661,
      "windows": 10
    },
    {
      "entry_policy": "vwap_low",
      "feature_group": "reversal_fundamental_regime_sector",
      "model_name": "xgb_d2_200_lr003_mcw5",
      "target_hit_bps": 80.0,
      "trades": 198,
      "win_rate": 0.6363636363636364,
      "avg_return": -7.139976755183502e-05,
      "median_return": 0.008,
      "compound_return": -0.028994120142961988,
      "max_drawdown": -0.16990704058971018,
      "profit_factor": 0.9854582769878528,
      "windows": 10
    },
    {
      "entry_policy": "vwap_low",
      "feature_group": "reversal_fundamental_regime",
      "model_name": "xgb_d2_200_lr003_mcw5",
      "target_hit_bps": 80.0,
      "trades": 206,
      "win_rate": 0.6407766990291263,
      "avg_return": -6.835152929901131e-05,
      "median_return": 0.008,
      "compound_return": -0.03141412501873719,
      "max_drawdown": -0.18115254144591864,
      "profit_factor": 0.9864460570080199,
      "windows": 10
    },
    {
      "entry_policy": "vwap_low",
      "feature_group": "all_no_ak",
      "model_name": "extra_trees_600_d3",
      "target_hit_bps": 80.0,
      "trades": 388,
      "win_rate": 0.634020618556701,
      "avg_return": -5.003896050055491e-05,
      "median_return": 0.008,
      "compound_return": -0.05041647199609922,
      "max_drawdown": -0.22793446187370148,
      "profit_factor": 0.9897235911358937,
      "windows": 10
    },
    {
      "entry_policy": "vwap_low",
      "feature_group": "reversal_fundamental_regime_sector",
      "model_name": "xgb_d3_600_lr002_mcw3",
      "target_hit_bps": 80.0,
      "trades": 169,
      "win_rate": 0.621301775147929,
      "avg_return": -0.0002487387746763655,
      "median_return": 0.008,
      "compound_return": -0.052207333760657226,
      "max_drawdown": -0.15480885901688846,
      "profit_factor": 0.9499949398912504,
      "windows": 10
    },
    {
      "entry_policy": "vwap_low",
      "feature_group": "all_no_ak",
      "model_name": "random_forest_600_d4",
      "target_hit_bps": 80.0,
      "trades": 284,
      "win_rate": 0.6408450704225352,
      "avg_return": -0.0001155084384017647,
      "median_return": 0.008,
      "compound_return": -0.05738218512201909,
      "max_drawdown": -0.18605522344720382,
      "profit_factor": 0.9769438948561406,
      "windows": 10
    },
    {
      "entry_policy": "vwap_low",
      "feature_group": "reversal_fundamental_regime",
      "model_name": "xgb_d3_600_lr002_mcw3",
      "target_hit_bps": 80.0,
      "trades": 220,
      "win_rate": 0.6227272727272727,
      "avg_return": -0.0002879840467187086,
      "median_return": 0.008,
      "compound_return": -0.07884386626767648,
      "max_drawdown": -0.16760992898469085,
      "profit_factor": 0.9436800731209942,
      "windows": 10
    },
    {
      "entry_policy": "vwap_low",
      "feature_group": "reversal_fundamental_regime_sector",
      "model_name": "lgbm_leaves7_400",
      "target_hit_bps": 80.0,
      "trades": 241,
      "win_rate": 0.6182572614107884,
      "avg_return": -0.00028128819749026344,
      "median_return": 0.008,
      "compound_return": -0.08225350525648645,
      "max_drawdown": -0.15336602764350205,
      "profit_factor": 0.9431774261393379,
      "windows": 10
    },
    {
      "entry_policy": "vwap_low",
      "feature_group": "reversal_fundamental_regime",
      "model_name": "lgbm_leaves7_400",
      "target_hit_bps": 80.0,
      "trades": 202,
      "win_rate": 0.6188118811881188,
      "avg_return": -0.0004001078388811185,
      "median_return": 0.008,
      "compound_return": -0.09210628956730804,
      "max_drawdown": -0.16868368282700408,
      "profit_factor": 0.92153506899939,
      "windows": 10
    },
    {
      "entry_policy": "vwap_low",
      "feature_group": "reversal_fundamental_regime",
      "model_name": "lgbm_leaves15_700",
      "target_hit_bps": 80.0,
      "trades": 224,
      "win_rate": 0.6026785714285714,
      "avg_return": -0.00042358519106631997,
      "median_return": 0.008,
      "compound_return": -0.10573216336463209,
      "max_drawdown": -0.16558410901728182,
      "profit_factor": 0.9165191508727836,
      "windows": 10
    },
    {
      "entry_policy": "vwap_low",
      "feature_group": "reversal_fundamental_regime_sector",
      "model_name": "xgb_d4_500_lr002_mcw5",
      "target_hit_bps": 80.0,
      "trades": 181,
      "win_rate": 0.6077348066298343,
      "avg_return": -0.0008114964456212148,
      "median_return": 0.008,
      "compound_return": -0.14943223462360866,
      "max_drawdown": -0.25033715636604525,
      "profit_factor": 0.8523851055113624,
      "windows": 10
    },
    {
      "entry_policy": "vwap_low",
      "feature_group": "all_no_ak",
      "model_name": "lgbm_leaves15_700",
      "target_hit_bps": 80.0,
      "trades": 267,
      "win_rate": 0.6329588014981273,
      "avg_return": -0.000553203452767195,
      "median_return": 0.008,
      "compound_return": -0.15816850130700455,
      "max_drawdown": -0.28840727815501743,
      "profit_factor": 0.8975478100413721,
      "windows": 10
    }
  ]
}

[2026-05-11T22:59:36] RUN search_vwap_low_close_profit_50bps
  /usr/bin/python3 model_training/search_walk_forward_model_complexity.py --samples /root/workspace/stock_realtime_v021_full/saved_data/002714_pipeline_out/04_external/muyuan_hk/training_samples_with_hk_external.csv --intraday-bars /root/workspace/stock_realtime_v021_full/saved_data/002714_pipeline_out/00_base/002714_5m.csv --out-dir /root/workspace/stock_realtime_v021_full/saved_data/002714_pipeline_out/10_search/search_vwap_low_close_profit_50bps --round-trip-cost-bps 1.7 --target-hit-bps 50.0 --label-mode close_profit --entry-policy vwap_low --entry-vwap-premium-bps 50.0 --max-missing 0.35 --groups reversal_fundamental_regime,reversal_fundamental_regime_sector,all_no_ak --models xgb_d2_200_lr003_mcw5,xgb_d3_400_lr003_mcw3,xgb_d3_600_lr002_mcw3,xgb_d4_500_lr002_mcw5,lgbm_leaves7_400,lgbm_leaves15_700,extra_trees_600_d3,random_forest_600_d4 --quantiles 0.5,0.6,0.7,0.8 --train-rows 756 --valid-rows 126 --test-rows 63 --min-valid-trades 8 --min-train-entries 80
{
  "rows": 1535,
  "target_hit_bps": 50.0,
  "label_mode": "close_profit",
  "entry_policy": "vwap_low",
  "entry_vwap_premium_bps": 50.0,
  "groups": {
    "reversal_fundamental_regime": 137,
    "reversal_fundamental_regime_sector": 160,
    "all_no_ak": 338
  },
  "models": [
    "xgb_d2_200_lr003_mcw5",
    "xgb_d3_400_lr003_mcw3",
    "xgb_d3_600_lr002_mcw3",
    "xgb_d4_500_lr002_mcw5",
    "extra_trees_600_d3",
    "random_forest_600_d4",
    "lgbm_leaves7_400",
    "lgbm_leaves15_700"
  ],
  "top": [
    {
      "entry_policy": "vwap_low",
      "feature_group": "reversal_fundamental_regime_sector",
      "model_name": "random_forest_600_d4",
      "target_hit_bps": 50.0,
      "trades": 125,
      "win_rate": 0.48,
      "avg_return": 0.003197912982433739,
      "median_return": -0.00016999999999999999,
      "compound_return": 0.44778607346613697,
      "max_drawdown": -0.11493262433060725,
      "profit_factor": 1.534120280449723,
      "windows": 10
    },
    {
      "entry_policy": "vwap_low",
      "feature_group": "reversal_fundamental_regime_sector",
      "model_name": "extra_trees_600_d3",
      "target_hit_bps": 50.0,
      "trades": 150,
      "win_rate": 0.52,
      "avg_return": 0.0024093680726997866,
      "median_return": 0.00045438128437380945,
      "compound_return": 0.3768367466324345,
      "max_drawdown": -0.17404784613411528,
      "profit_factor": 1.3535470988114169,
      "windows": 10
    },
    {
      "entry_policy": "vwap_low",
      "feature_group": "all_no_ak",
      "model_name": "extra_trees_600_d3",
      "target_hit_bps": 50.0,
      "trades": 148,
      "win_rate": 0.4864864864864865,
      "avg_return": 0.0022827924879306296,
      "median_return": -0.0003012335958004729,
      "compound_return": 0.34468609949132545,
      "max_drawdown": -0.20239965598542153,
      "profit_factor": 1.3381592176849322,
      "windows": 10
    },
    {
      "entry_policy": "vwap_low",
      "feature_group": "reversal_fundamental_regime_sector",
      "model_name": "lgbm_leaves7_400",
      "target_hit_bps": 50.0,
      "trades": 183,
      "win_rate": 0.46994535519125685,
      "avg_return": 0.0017631658862277376,
      "median_return": -0.0017252099533437946,
      "compound_return": 0.3286227240853361,
      "max_drawdown": -0.16363302222503884,
      "profit_factor": 1.2849550777805792,
      "windows": 10
    },
    {
      "entry_policy": "vwap_low",
      "feature_group": "all_no_ak",
      "model_name": "xgb_d2_200_lr003_mcw5",
      "target_hit_bps": 50.0,
      "trades": 153,
      "win_rate": 0.5098039215686274,
      "avg_return": 0.0020242384892855594,
      "median_return": 9.062027625739505e-05,
      "compound_return": 0.31769193064959866,
      "max_drawdown": -0.154371112491126,
      "profit_factor": 1.337337941437842,
      "windows": 10
    },
    {
      "entry_policy": "vwap_low",
      "feature_group": "all_no_ak",
      "model_name": "lgbm_leaves15_700",
      "target_hit_bps": 50.0,
      "trades": 242,
      "win_rate": 0.47520661157024796,
      "avg_return": 0.0013177145412572421,
      "median_return": -0.0005017740798483016,
      "compound_return": 0.3118690077546793,
      "max_drawdown": -0.21192108897634887,
      "profit_factor": 1.2115020412807431,
      "windows": 10
    },
    {
      "entry_policy": "vwap_low",
      "feature_group": "all_no_ak",
      "model_name": "xgb_d4_500_lr002_mcw5",
      "target_hit_bps": 50.0,
      "trades": 195,
      "win_rate": 0.48205128205128206,
      "avg_return": 0.0014856459933176277,
      "median_return": -0.0003815059221657889,
      "compound_return": 0.2766295208704017,
      "max_drawdown": -0.19601623681887015,
      "profit_factor": 1.230573185263938,
      "windows": 10
    },
    {
      "entry_policy": "vwap_low",
      "feature_group": "reversal_fundamental_regime_sector",
      "model_name": "xgb_d4_500_lr002_mcw5",
      "target_hit_bps": 50.0,
      "trades": 188,
      "win_rate": 0.48936170212765956,
      "avg_return": 0.0014774387455736885,
      "median_return": -0.0011158232780570897,
      "compound_return": 0.2754157029627855,
      "max_drawdown": -0.1692005796850563,
      "profit_factor": 1.2416888804346295,
      "windows": 10
    },
    {
      "entry_policy": "vwap_low",
      "feature_group": "all_no_ak",
      "model_name": "xgb_d3_600_lr002_mcw3",
      "target_hit_bps": 50.0,
      "trades": 176,
      "win_rate": 0.4772727272727273,
      "avg_return": 0.0015324616403601646,
      "median_return": -0.0003799196277495219,
      "compound_return": 0.25878089516393254,
      "max_drawdown": -0.24126667638085875,
      "profit_factor": 1.234044214864171,
      "windows": 10
    },
    {
      "entry_policy": "vwap_low",
      "feature_group": "all_no_ak",
      "model_name": "lgbm_leaves7_400",
      "target_hit_bps": 50.0,
      "trades": 184,
      "win_rate": 0.483695652173913,
      "avg_return": 0.0012023348415735914,
      "median_return": -0.00027416666666662745,
      "compound_return": 0.1926983036924621,
      "max_drawdown": -0.2143648516989295,
      "profit_factor": 1.177764031157443,
      "windows": 10
    },
    {
      "entry_policy": "vwap_low",
      "feature_group": "reversal_fundamental_regime",
      "model_name": "xgb_d4_500_lr002_mcw5",
      "target_hit_bps": 50.0,
      "trades": 226,
      "win_rate": 0.48672566371681414,
      "avg_return": 0.0008788473135594519,
      "median_return": -0.0006720569909340855,
      "compound_return": 0.17163394322686432,
      "max_drawdown": -0.19170769676514032,
      "profit_factor": 1.1436098495179983,
      "windows": 10
    },
    {
      "entry_policy": "vwap_low",
      "feature_group": "reversal_fundamental_regime",
      "model_name": "extra_trees_600_d3",
      "target_hit_bps": 50.0,
      "trades": 182,
      "win_rate": 0.5,
      "avg_return": 0.0010798839588271976,
      "median_return": -6.733059548258075e-05,
      "compound_return": 0.17084935607313678,
      "max_drawdown": -0.17452647374901165,
      "profit_factor": 1.1683121788728026,
      "windows": 10
    },
    {
      "entry_policy": "vwap_low",
      "feature_group": "reversal_fundamental_regime",
      "model_name": "random_forest_600_d4",
      "target_hit_bps": 50.0,
      "trades": 157,
      "win_rate": 0.4713375796178344,
      "avg_return": 0.0011902062076261587,
      "median_return": -0.000902421875,
      "compound_return": 0.16271061423973943,
      "max_drawdown": -0.15760944429056112,
      "profit_factor": 1.1764304148612206,
      "windows": 10
    },
    {
      "entry_policy": "vwap_low",
      "feature_group": "reversal_fundamental_regime_sector",
      "model_name": "xgb_d2_200_lr003_mcw5",
      "target_hit_bps": 50.0,
      "trades": 153,
      "win_rate": 0.48366013071895425,
      "avg_return": 0.0011182384649457977,
      "median_return": -0.0006645598417408492,
      "compound_return": 0.15364327127621014,
      "max_drawdown": -0.17090997273041542,
      "profit_factor": 1.180696850388625,
      "windows": 10
    },
    {
      "entry_policy": "vwap_low",
      "feature_group": "all_no_ak",
      "model_name": "random_forest_600_d4",
      "target_hit_bps": 50.0,
      "trades": 136,
      "win_rate": 0.47058823529411764,
      "avg_return": 0.0011329638014680793,
      "median_return": -0.0015382714476155322,
      "compound_return": 0.12587408761192997,
      "max_drawdown": -0.18167716519800603,
      "profit_factor": 1.1538789280281003,
      "windows": 10
    },
    {
      "entry_policy": "vwap_low",
      "feature_group": "reversal_fundamental_regime",
      "model_name": "xgb_d2_200_lr003_mcw5",
      "target_hit_bps": 50.0,
      "trades": 143,
      "win_rate": 0.4825174825174825,
      "avg_return": 0.0007505429609205045,
      "median_return": -0.0010024084350720407,
      "compound_return": 0.07915845778736008,
      "max_drawdown": -0.17666729950456772,
      "profit_factor": 1.1094550714587617,
      "windows": 10
    },
    {
      "entry_policy": "vwap_low",
      "feature_group": "all_no_ak",
      "model_name": "xgb_d3_400_lr003_mcw3",
      "target_hit_bps": 50.0,
      "trades": 198,
      "win_rate": 0.4595959595959596,
      "avg_return": 0.0005726082302707449,
      "median_return": -0.0007496503113884022,
      "compound_return": 0.07674516790645702,
      "max_drawdown": -0.2403079242140802,
      "profit_factor": 1.0897762498634713,
      "windows": 10
    },
    {
      "entry_policy": "vwap_low",
      "feature_group": "reversal_fundamental_regime",
      "model_name": "lgbm_leaves7_400",
      "target_hit_bps": 50.0,
      "trades": 249,
      "win_rate": 0.46184738955823296,
      "avg_return": 0.00045242493818392534,
      "median_return": -0.0009118397626114404,
      "compound_return": 0.07445844314170014,
      "max_drawdown": -0.1888070240798806,
      "profit_factor": 1.074606413701161,
      "windows": 10
    },
    {
      "entry_policy": "vwap_low",
      "feature_group": "reversal_fundamental_regime_sector",
      "model_name": "xgb_d3_600_lr002_mcw3",
      "target_hit_bps": 50.0,
      "trades": 157,
      "win_rate": 0.46496815286624205,
      "avg_return": 0.0006386268053079722,
      "median_return": -0.003000188679245338,
      "compound_return": 0.07226202840753748,
      "max_drawdown": -0.21962644497804273,
      "profit_factor": 1.0936155030550643,
      "windows": 10
    },
    {
      "entry_policy": "vwap_low",
      "feature_group": "reversal_fundamental_regime_sector",
      "model_name": "xgb_d3_400_lr003_mcw3",
      "target_hit_bps": 50.0,
      "trades": 193,
      "win_rate": 0.48186528497409326,
      "avg_return": 0.0004593353940195976,
      "median_return": -0.0010210638297873907,
      "compound_return": 0.05405274562596074,
      "max_drawdown": -0.2216005194529972,
      "profit_factor": 1.0689348137825756,
      "windows": 10
    }
  ]
}

[2026-05-11T23:05:20] RUN search_all_days_hit_50bps
  /usr/bin/python3 model_training/search_walk_forward_model_complexity.py --samples /root/workspace/stock_realtime_v021_full/saved_data/002714_pipeline_out/04_external/muyuan_hk/training_samples_with_hk_external.csv --intraday-bars /root/workspace/stock_realtime_v021_full/saved_data/002714_pipeline_out/00_base/002714_5m.csv --out-dir /root/workspace/stock_realtime_v021_full/saved_data/002714_pipeline_out/10_search/search_all_days_hit_50bps --round-trip-cost-bps 1.7 --target-hit-bps 50.0 --label-mode hit --entry-policy all_days --entry-vwap-premium-bps 50.0 --max-missing 0.35 --groups reversal_fundamental_regime,reversal_fundamental_regime_sector,all_no_ak --models xgb_d2_200_lr003_mcw5,xgb_d3_400_lr003_mcw3,xgb_d3_600_lr002_mcw3,xgb_d4_500_lr002_mcw5,lgbm_leaves7_400,lgbm_leaves15_700,extra_trees_600_d3,random_forest_600_d4 --quantiles 0.5,0.6,0.7,0.8 --train-rows 756 --valid-rows 126 --test-rows 63 --min-valid-trades 8 --min-train-entries 80
{
  "rows": 1535,
  "target_hit_bps": 50.0,
  "label_mode": "hit",
  "entry_policy": "all_days",
  "entry_vwap_premium_bps": 50.0,
  "groups": {
    "reversal_fundamental_regime": 137,
    "reversal_fundamental_regime_sector": 160,
    "all_no_ak": 338
  },
  "models": [
    "xgb_d2_200_lr003_mcw5",
    "xgb_d3_400_lr003_mcw3",
    "xgb_d3_600_lr002_mcw3",
    "xgb_d4_500_lr002_mcw5",
    "extra_trees_600_d3",
    "random_forest_600_d4",
    "lgbm_leaves7_400",
    "lgbm_leaves15_700"
  ],
  "top": [
    {
      "entry_policy": "all_days",
      "feature_group": "all_no_ak",
      "model_name": "xgb_d3_600_lr002_mcw3",
      "target_hit_bps": 50.0,
      "trades": 266,
      "win_rate": 0.7706766917293233,
      "avg_return": 0.0005759976907006317,
      "median_return": 0.005,
      "compound_return": 0.15020708665619575,
      "max_drawdown": -0.08214087390711455,
      "profit_factor": 1.1790670537738706,
      "windows": 10
    },
    {
      "entry_policy": "all_days",
      "feature_group": "reversal_fundamental_regime_sector",
      "model_name": "xgb_d4_500_lr002_mcw5",
      "target_hit_bps": 50.0,
      "trades": 216,
      "win_rate": 0.7638888888888888,
      "avg_return": 0.0005069198133377981,
      "median_return": 0.005,
      "compound_return": 0.10552578368227339,
      "max_drawdown": -0.08440113555740059,
      "profit_factor": 1.1552824833452329,
      "windows": 10
    },
    {
      "entry_policy": "all_days",
      "feature_group": "all_no_ak",
      "model_name": "xgb_d2_200_lr003_mcw5",
      "target_hit_bps": 50.0,
      "trades": 257,
      "win_rate": 0.7704280155642024,
      "avg_return": 0.00043825252535757133,
      "median_return": 0.005,
      "compound_return": 0.10337926112132778,
      "max_drawdown": -0.09059048912230039,
      "profit_factor": 1.1293374952766886,
      "windows": 10
    },
    {
      "entry_policy": "all_days",
      "feature_group": "reversal_fundamental_regime_sector",
      "model_name": "lgbm_leaves7_400",
      "target_hit_bps": 50.0,
      "trades": 272,
      "win_rate": 0.7536764705882353,
      "avg_return": 0.0003078274823799235,
      "median_return": 0.005,
      "compound_return": 0.07193483750345142,
      "max_drawdown": -0.08826617852965535,
      "profit_factor": 1.0905997204360416,
      "windows": 10
    },
    {
      "entry_policy": "all_days",
      "feature_group": "reversal_fundamental_regime_sector",
      "model_name": "extra_trees_600_d3",
      "target_hit_bps": 50.0,
      "trades": 288,
      "win_rate": 0.75,
      "avg_return": 0.00022168759691882053,
      "median_return": 0.005,
      "compound_return": 0.04814801968193416,
      "max_drawdown": -0.2011258371636817,
      "profit_factor": 1.0639149828126373,
      "windows": 10
    },
    {
      "entry_policy": "all_days",
      "feature_group": "reversal_fundamental_regime",
      "model_name": "random_forest_600_d4",
      "target_hit_bps": 50.0,
      "trades": 247,
      "win_rate": 0.7773279352226721,
      "avg_return": 0.00021086975564865875,
      "median_return": 0.005,
      "compound_return": 0.03715658414575573,
      "max_drawdown": -0.14035562010078695,
      "profit_factor": 1.0578251371894654,
      "windows": 10
    },
    {
      "entry_policy": "all_days",
      "feature_group": "all_no_ak",
      "model_name": "xgb_d4_500_lr002_mcw5",
      "target_hit_bps": 50.0,
      "trades": 253,
      "win_rate": 0.7549407114624506,
      "avg_return": 5.0410729842462765e-05,
      "median_return": 0.005,
      "compound_return": -0.002350402062244794,
      "max_drawdown": -0.14854625634239127,
      "profit_factor": 1.0137128967330793,
      "windows": 10
    },
    {
      "entry_policy": "all_days",
      "feature_group": "reversal_fundamental_regime",
      "model_name": "lgbm_leaves7_400",
      "target_hit_bps": 50.0,
      "trades": 196,
      "win_rate": 0.7602040816326531,
      "avg_return": 3.452986508621324e-05,
      "median_return": 0.005,
      "compound_return": -0.004576019548673926,
      "max_drawdown": -0.18430917731431273,
      "profit_factor": 1.0092094634957915,
      "windows": 10
    },
    {
      "entry_policy": "all_days",
      "feature_group": "reversal_fundamental_regime",
      "model_name": "xgb_d4_500_lr002_mcw5",
      "target_hit_bps": 50.0,
      "trades": 200,
      "win_rate": 0.76,
      "avg_return": 2.5822760814286986e-05,
      "median_return": 0.005,
      "compound_return": -0.006386145043713709,
      "max_drawdown": -0.14177719683700163,
      "profit_factor": 1.0069077121431147,
      "windows": 10
    },
    {
      "entry_policy": "all_days",
      "feature_group": "reversal_fundamental_regime",
      "model_name": "xgb_d3_600_lr002_mcw3",
      "target_hit_bps": 50.0,
      "trades": 223,
      "win_rate": 0.7443946188340808,
      "avg_return": 1.7986746928214263e-05,
      "median_return": 0.005,
      "compound_return": -0.008109036792043112,
      "max_drawdown": -0.11093785689570512,
      "profit_factor": 1.004875836967906,
      "windows": 10
    },
    {
      "entry_policy": "all_days",
      "feature_group": "reversal_fundamental_regime",
      "model_name": "lgbm_leaves15_700",
      "target_hit_bps": 50.0,
      "trades": 234,
      "win_rate": 0.7435897435897436,
      "avg_return": -2.491747369690091e-05,
      "median_return": 0.005,
      "compound_return": -0.018615810100733654,
      "max_drawdown": -0.13432560250788672,
      "profit_factor": 0.9933171002288657,
      "windows": 10
    },
    {
      "entry_policy": "all_days",
      "feature_group": "reversal_fundamental_regime_sector",
      "model_name": "xgb_d2_200_lr003_mcw5",
      "target_hit_bps": 50.0,
      "trades": 274,
      "win_rate": 0.7591240875912408,
      "avg_return": -1.0481052430851493e-05,
      "median_return": 0.005,
      "compound_return": -0.021115200812616752,
      "max_drawdown": -0.14608268103025634,
      "profit_factor": 0.9971949954163796,
      "windows": 10
    },
    {
      "entry_policy": "all_days",
      "feature_group": "reversal_fundamental_regime_sector",
      "model_name": "xgb_d3_600_lr002_mcw3",
      "target_hit_bps": 50.0,
      "trades": 179,
      "win_rate": 0.7374301675977654,
      "avg_return": -9.61621545280614e-05,
      "median_return": 0.005,
      "compound_return": -0.025424803326144385,
      "max_drawdown": -0.10963511482987476,
      "profit_factor": 0.9743347112306125,
      "windows": 10
    },
    {
      "entry_policy": "all_days",
      "feature_group": "all_no_ak",
      "model_name": "xgb_d3_400_lr003_mcw3",
      "target_hit_bps": 50.0,
      "trades": 190,
      "win_rate": 0.7473684210526316,
      "avg_return": -8.7239471275988e-05,
      "median_return": 0.005,
      "compound_return": -0.027382989706950633,
      "max_drawdown": -0.148546263281084,
      "profit_factor": 0.9767932246437736,
      "windows": 10
    },
    {
      "entry_policy": "all_days",
      "feature_group": "all_no_ak",
      "model_name": "lgbm_leaves15_700",
      "target_hit_bps": 50.0,
      "trades": 211,
      "win_rate": 0.7535545023696683,
      "avg_return": -0.00012091634307301214,
      "median_return": 0.005,
      "compound_return": -0.038036140206298974,
      "max_drawdown": -0.11687509969487675,
      "profit_factor": 0.9686558070881454,
      "windows": 10
    },
    {
      "entry_policy": "all_days",
      "feature_group": "reversal_fundamental_regime",
      "model_name": "xgb_d2_200_lr003_mcw5",
      "target_hit_bps": 50.0,
      "trades": 203,
      "win_rate": 0.7487684729064039,
      "avg_return": -0.00014890157951802252,
      "median_return": 0.005,
      "compound_return": -0.04151721365131156,
      "max_drawdown": -0.1166650554929366,
      "profit_factor": 0.9613979447540631,
      "windows": 10
    },
    {
      "entry_policy": "all_days",
      "feature_group": "reversal_fundamental_regime_sector",
      "model_name": "xgb_d3_400_lr003_mcw3",
      "target_hit_bps": 50.0,
      "trades": 176,
      "win_rate": 0.7443181818181818,
      "avg_return": -0.00023151524628690182,
      "median_return": 0.005,
      "compound_return": -0.05024570342323542,
      "max_drawdown": -0.1098719967001952,
      "profit_factor": 0.9405482129408282,
      "windows": 10
    },
    {
      "entry_policy": "all_days",
      "feature_group": "reversal_fundamental_regime",
      "model_name": "extra_trees_600_d3",
      "target_hit_bps": 50.0,
      "trades": 286,
      "win_rate": 0.7342657342657343,
      "avg_return": -0.00012773463902688017,
      "median_return": 0.005,
      "compound_return": -0.05202681210596749,
      "max_drawdown": -0.17416857964448595,
      "profit_factor": 0.9656848366623748,
      "windows": 10
    },
    {
      "entry_policy": "all_days",
      "feature_group": "reversal_fundamental_regime",
      "model_name": "xgb_d3_400_lr003_mcw3",
      "target_hit_bps": 50.0,
      "trades": 191,
      "win_rate": 0.7382198952879581,
      "avg_return": -0.00027639215886848584,
      "median_return": 0.005,
      "compound_return": -0.06216167329530531,
      "max_drawdown": -0.13364334135143685,
      "profit_factor": 0.9300262891304014,
      "windows": 10
    },
    {
      "entry_policy": "all_days",
      "feature_group": "reversal_fundamental_regime_sector",
      "model_name": "lgbm_leaves15_700",
      "target_hit_bps": 50.0,
      "trades": 249,
      "win_rate": 0.7389558232931727,
      "avg_return": -0.000417726259621608,
      "median_return": 0.005,
      "compound_return": -0.11456226338707065,
      "max_drawdown": -0.19396181839961013,
      "profit_factor": 0.8977725031394762,
      "windows": 10
    }
  ]
}

[2026-05-11T23:10:55] RUN search_all_days_hit_80bps
  /usr/bin/python3 model_training/search_walk_forward_model_complexity.py --samples /root/workspace/stock_realtime_v021_full/saved_data/002714_pipeline_out/04_external/muyuan_hk/training_samples_with_hk_external.csv --intraday-bars /root/workspace/stock_realtime_v021_full/saved_data/002714_pipeline_out/00_base/002714_5m.csv --out-dir /root/workspace/stock_realtime_v021_full/saved_data/002714_pipeline_out/10_search/search_all_days_hit_80bps --round-trip-cost-bps 1.7 --target-hit-bps 80.0 --label-mode hit --entry-policy all_days --entry-vwap-premium-bps 50.0 --max-missing 0.35 --groups reversal_fundamental_regime,reversal_fundamental_regime_sector,all_no_ak --models xgb_d2_200_lr003_mcw5,xgb_d3_400_lr003_mcw3,xgb_d3_600_lr002_mcw3,xgb_d4_500_lr002_mcw5,lgbm_leaves7_400,lgbm_leaves15_700,extra_trees_600_d3,random_forest_600_d4 --quantiles 0.5,0.6,0.7,0.8 --train-rows 756 --valid-rows 126 --test-rows 63 --min-valid-trades 8 --min-train-entries 80
{
  "rows": 1535,
  "target_hit_bps": 80.0,
  "label_mode": "hit",
  "entry_policy": "all_days",
  "entry_vwap_premium_bps": 50.0,
  "groups": {
    "reversal_fundamental_regime": 137,
    "reversal_fundamental_regime_sector": 160,
    "all_no_ak": 338
  },
  "models": [
    "xgb_d2_200_lr003_mcw5",
    "xgb_d3_400_lr003_mcw3",
    "xgb_d3_600_lr002_mcw3",
    "xgb_d4_500_lr002_mcw5",
    "extra_trees_600_d3",
    "random_forest_600_d4",
    "lgbm_leaves7_400",
    "lgbm_leaves15_700"
  ],
  "top": [
    {
      "entry_policy": "all_days",
      "feature_group": "reversal_fundamental_regime",
      "model_name": "xgb_d3_400_lr003_mcw3",
      "target_hit_bps": 80.0,
      "trades": 273,
      "win_rate": 0.6556776556776557,
      "avg_return": 0.0005005861712291962,
      "median_return": 0.008,
      "compound_return": 0.12261881062168078,
      "max_drawdown": -0.13216753906380885,
      "profit_factor": 1.109761840285004,
      "windows": 10
    },
    {
      "entry_policy": "all_days",
      "feature_group": "all_no_ak",
      "model_name": "xgb_d4_500_lr002_mcw5",
      "target_hit_bps": 80.0,
      "trades": 248,
      "win_rate": 0.6653225806451613,
      "avg_return": 0.00045913710935962534,
      "median_return": 0.008,
      "compound_return": 0.10049540254438893,
      "max_drawdown": -0.12119764850244152,
      "profit_factor": 1.1001088406735888,
      "windows": 10
    },
    {
      "entry_policy": "all_days",
      "feature_group": "all_no_ak",
      "model_name": "xgb_d3_600_lr002_mcw3",
      "target_hit_bps": 80.0,
      "trades": 260,
      "win_rate": 0.6730769230769231,
      "avg_return": 0.00031894699265521363,
      "median_return": 0.008,
      "compound_return": 0.062283405082359966,
      "max_drawdown": -0.18784996829842748,
      "profit_factor": 1.0669723451245305,
      "windows": 10
    },
    {
      "entry_policy": "all_days",
      "feature_group": "reversal_fundamental_regime_sector",
      "model_name": "random_forest_600_d4",
      "target_hit_bps": 80.0,
      "trades": 210,
      "win_rate": 0.6666666666666666,
      "avg_return": 0.0001801008814247972,
      "median_return": 0.008,
      "compound_return": 0.018737472652576193,
      "max_drawdown": -0.21785238128093465,
      "profit_factor": 1.0361137239498908,
      "windows": 10
    },
    {
      "entry_policy": "all_days",
      "feature_group": "reversal_fundamental_regime",
      "model_name": "extra_trees_600_d3",
      "target_hit_bps": 80.0,
      "trades": 259,
      "win_rate": 0.6447876447876448,
      "avg_return": 0.00014040400461565666,
      "median_return": 0.008,
      "compound_return": 0.014782091295278965,
      "max_drawdown": -0.18854013348720455,
      "profit_factor": 1.029029362564697,
      "windows": 10
    },
    {
      "entry_policy": "all_days",
      "feature_group": "reversal_fundamental_regime",
      "model_name": "random_forest_600_d4",
      "target_hit_bps": 80.0,
      "trades": 215,
      "win_rate": 0.6651162790697674,
      "avg_return": 0.0001132099075002328,
      "median_return": 0.008,
      "compound_return": 0.004058067599360893,
      "max_drawdown": -0.20177652084712994,
      "profit_factor": 1.022340036663306,
      "windows": 10
    },
    {
      "entry_policy": "all_days",
      "feature_group": "all_no_ak",
      "model_name": "xgb_d2_200_lr003_mcw5",
      "target_hit_bps": 80.0,
      "trades": 216,
      "win_rate": 0.6574074074074074,
      "avg_return": 3.370919143569216e-05,
      "median_return": 0.008,
      "compound_return": -0.01111660383240698,
      "max_drawdown": -0.2063901061880734,
      "profit_factor": 1.006835809819234,
      "windows": 10
    },
    {
      "entry_policy": "all_days",
      "feature_group": "reversal_fundamental_regime_sector",
      "model_name": "xgb_d2_200_lr003_mcw5",
      "target_hit_bps": 80.0,
      "trades": 198,
      "win_rate": 0.6414141414141414,
      "avg_return": -0.00014013974925794216,
      "median_return": 0.008,
      "compound_return": -0.04261737341257532,
      "max_drawdown": -0.16990704058971018,
      "profit_factor": 0.972078919009421,
      "windows": 10
    },
    {
      "entry_policy": "all_days",
      "feature_group": "reversal_fundamental_regime",
      "model_name": "xgb_d3_600_lr002_mcw3",
      "target_hit_bps": 80.0,
      "trades": 223,
      "win_rate": 0.6278026905829597,
      "avg_return": -0.0001764865034893089,
      "median_return": 0.008,
      "compound_return": -0.056558785448483695,
      "max_drawdown": -0.16760992898469085,
      "profit_factor": 0.9650145605454503,
      "windows": 10
    },
    {
      "entry_policy": "all_days",
      "feature_group": "reversal_fundamental_regime_sector",
      "model_name": "xgb_d3_600_lr002_mcw3",
      "target_hit_bps": 80.0,
      "trades": 175,
      "win_rate": 0.6228571428571429,
      "avg_return": -0.000339203923568723,
      "median_return": 0.008,
      "compound_return": -0.0692322822598549,
      "max_drawdown": -0.17657817808258724,
      "profit_factor": 0.9333007869008982,
      "windows": 10
    },
    {
      "entry_policy": "all_days",
      "feature_group": "reversal_fundamental_regime",
      "model_name": "lgbm_leaves7_400",
      "target_hit_bps": 80.0,
      "trades": 210,
      "win_rate": 0.6238095238095238,
      "avg_return": -0.0002776142146567532,
      "median_return": 0.008,
      "compound_return": -0.07177532389224317,
      "max_drawdown": -0.16203315228962012,
      "profit_factor": 0.9447672195614111,
      "windows": 10
    },
    {
      "entry_policy": "all_days",
      "feature_group": "reversal_fundamental_regime_sector",
      "model_name": "lgbm_leaves7_400",
      "target_hit_bps": 80.0,
      "trades": 242,
      "win_rate": 0.6157024793388429,
      "avg_return": -0.00030314139877237167,
      "median_return": 0.008,
      "compound_return": -0.08706685527760472,
      "max_drawdown": -0.1644904864415926,
      "profit_factor": 0.938794545781944,
      "windows": 10
    },
    {
      "entry_policy": "all_days",
      "feature_group": "reversal_fundamental_regime_sector",
      "model_name": "extra_trees_600_d3",
      "target_hit_bps": 80.0,
      "trades": 265,
      "win_rate": 0.6415094339622641,
      "avg_return": -0.00027973331525090475,
      "median_return": 0.008,
      "compound_return": -0.09529300838512944,
      "max_drawdown": -0.28223256776763384,
      "profit_factor": 0.9464639787262141,
      "windows": 10
    },
    {
      "entry_policy": "all_days",
      "feature_group": "reversal_fundamental_regime",
      "model_name": "lgbm_leaves15_700",
      "target_hit_bps": 80.0,
      "trades": 228,
      "win_rate": 0.6052631578947368,
      "avg_return": -0.0003869114156319984,
      "median_return": 0.008,
      "compound_return": -0.09997265819170387,
      "max_drawdown": -0.1602100785047118,
      "profit_factor": 0.9235510474415287,
      "windows": 10
    },
    {
      "entry_policy": "all_days",
      "feature_group": "all_no_ak",
      "model_name": "xgb_d3_400_lr003_mcw3",
      "target_hit_bps": 80.0,
      "trades": 246,
      "win_rate": 0.6504065040650406,
      "avg_return": -0.0003629472689289794,
      "median_return": 0.008,
      "compound_return": -0.10805440657174914,
      "max_drawdown": -0.24486447923955001,
      "profit_factor": 0.9314439514251768,
      "windows": 10
    },
    {
      "entry_policy": "all_days",
      "feature_group": "all_no_ak",
      "model_name": "extra_trees_600_d3",
      "target_hit_bps": 80.0,
      "trades": 403,
      "win_rate": 0.6352357320099256,
      "avg_return": -0.0002030717445459626,
      "median_return": 0.008,
      "compound_return": -0.11208298591580423,
      "max_drawdown": -0.2780728529153734,
      "profit_factor": 0.9597197435945184,
      "windows": 10
    },
    {
      "entry_policy": "all_days",
      "feature_group": "reversal_fundamental_regime",
      "model_name": "xgb_d2_200_lr003_mcw5",
      "target_hit_bps": 80.0,
      "trades": 231,
      "win_rate": 0.6363636363636364,
      "avg_return": -0.0005091662373227036,
      "median_return": 0.008,
      "compound_return": -0.13002110014796064,
      "max_drawdown": -0.20531744300936872,
      "profit_factor": 0.9068288249020527,
      "windows": 10
    },
    {
      "entry_policy": "all_days",
      "feature_group": "all_no_ak",
      "model_name": "random_forest_600_d4",
      "target_hit_bps": 80.0,
      "trades": 292,
      "win_rate": 0.6404109589041096,
      "avg_return": -0.0004034585016127284,
      "median_return": 0.008,
      "compound_return": -0.13797013066544472,
      "max_drawdown": -0.2556424265457188,
      "profit_factor": 0.9236011972928907,
      "windows": 10
    },
    {
      "entry_policy": "all_days",
      "feature_group": "reversal_fundamental_regime_sector",
      "model_name": "xgb_d4_500_lr002_mcw5",
      "target_hit_bps": 80.0,
      "trades": 187,
      "win_rate": 0.6096256684491979,
      "avg_return": -0.0008780999484580783,
      "median_return": 0.008,
      "compound_return": -0.16471075799314183,
      "max_drawdown": -0.26964598349807534,
      "profit_factor": 0.8427687031041142,
      "windows": 10
    },
    {
      "entry_policy": "all_days",
      "feature_group": "reversal_fundamental_regime",
      "model_name": "xgb_d4_500_lr002_mcw5",
      "target_hit_bps": 80.0,
      "trades": 183,
      "win_rate": 0.5846994535519126,
      "avg_return": -0.0011206208211595335,
      "median_return": 0.008,
      "compound_return": -0.19820975228899873,
      "max_drawdown": -0.22002882782093658,
      "profit_factor": 0.8029908327188525,
      "windows": 10
    }
  ]
}

[2026-05-11T23:16:37] RUN search_all_days_close_profit_50bps
  /usr/bin/python3 model_training/search_walk_forward_model_complexity.py --samples /root/workspace/stock_realtime_v021_full/saved_data/002714_pipeline_out/04_external/muyuan_hk/training_samples_with_hk_external.csv --intraday-bars /root/workspace/stock_realtime_v021_full/saved_data/002714_pipeline_out/00_base/002714_5m.csv --out-dir /root/workspace/stock_realtime_v021_full/saved_data/002714_pipeline_out/10_search/search_all_days_close_profit_50bps --round-trip-cost-bps 1.7 --target-hit-bps 50.0 --label-mode close_profit --entry-policy all_days --entry-vwap-premium-bps 50.0 --max-missing 0.35 --groups reversal_fundamental_regime,reversal_fundamental_regime_sector,all_no_ak --models xgb_d2_200_lr003_mcw5,xgb_d3_400_lr003_mcw3,xgb_d3_600_lr002_mcw3,xgb_d4_500_lr002_mcw5,lgbm_leaves7_400,lgbm_leaves15_700,extra_trees_600_d3,random_forest_600_d4 --quantiles 0.5,0.6,0.7,0.8 --train-rows 756 --valid-rows 126 --test-rows 63 --min-valid-trades 8 --min-train-entries 80
{
  "rows": 1535,
  "target_hit_bps": 50.0,
  "label_mode": "close_profit",
  "entry_policy": "all_days",
  "entry_vwap_premium_bps": 50.0,
  "groups": {
    "reversal_fundamental_regime": 137,
    "reversal_fundamental_regime_sector": 160,
    "all_no_ak": 338
  },
  "models": [
    "xgb_d2_200_lr003_mcw5",
    "xgb_d3_400_lr003_mcw3",
    "xgb_d3_600_lr002_mcw3",
    "xgb_d4_500_lr002_mcw5",
    "extra_trees_600_d3",
    "random_forest_600_d4",
    "lgbm_leaves7_400",
    "lgbm_leaves15_700"
  ],
  "top": [
    {
      "entry_policy": "all_days",
      "feature_group": "all_no_ak",
      "model_name": "extra_trees_600_d3",
      "target_hit_bps": 50.0,
      "trades": 146,
      "win_rate": 0.5,
      "avg_return": 0.0028957459145019593,
      "median_return": -3.968986187130247e-05,
      "compound_return": 0.4632963236928229,
      "max_drawdown": -0.20239965598542153,
      "profit_factor": 1.44087788915397,
      "windows": 10
    },
    {
      "entry_policy": "all_days",
      "feature_group": "reversal_fundamental_regime_sector",
      "model_name": "extra_trees_600_d3",
      "target_hit_bps": 50.0,
      "trades": 155,
      "win_rate": 0.5225806451612903,
      "avg_return": 0.0024570224207068714,
      "median_return": 0.0008181422924902239,
      "compound_return": 0.4019066726004663,
      "max_drawdown": -0.17404784613411528,
      "profit_factor": 1.3587703592736393,
      "windows": 10
    },
    {
      "entry_policy": "all_days",
      "feature_group": "reversal_fundamental_regime_sector",
      "model_name": "random_forest_600_d4",
      "target_hit_bps": 50.0,
      "trades": 129,
      "win_rate": 0.4806201550387597,
      "avg_return": 0.0027204992840482918,
      "median_return": -0.00016999999999999999,
      "compound_return": 0.37779257371157215,
      "max_drawdown": -0.14324691541230838,
      "profit_factor": 1.4377704455521754,
      "windows": 10
    },
    {
      "entry_policy": "all_days",
      "feature_group": "all_no_ak",
      "model_name": "lgbm_leaves15_700",
      "target_hit_bps": 50.0,
      "trades": 253,
      "win_rate": 0.4782608695652174,
      "avg_return": 0.0013148065429609578,
      "median_return": -0.0004368801708032298,
      "compound_return": 0.3279040995656386,
      "max_drawdown": -0.23251782826431278,
      "profit_factor": 1.2120359907711933,
      "windows": 10
    },
    {
      "entry_policy": "all_days",
      "feature_group": "all_no_ak",
      "model_name": "xgb_d3_600_lr002_mcw3",
      "target_hit_bps": 50.0,
      "trades": 178,
      "win_rate": 0.47752808988764045,
      "avg_return": 0.0017111367133932297,
      "median_return": -0.0003799196277495219,
      "compound_return": 0.3040584702454072,
      "max_drawdown": -0.23996136993553074,
      "profit_factor": 1.2706479622294304,
      "windows": 10
    },
    {
      "entry_policy": "all_days",
      "feature_group": "all_no_ak",
      "model_name": "xgb_d2_200_lr003_mcw5",
      "target_hit_bps": 50.0,
      "trades": 157,
      "win_rate": 0.5031847133757962,
      "avg_return": 0.0018629673132744406,
      "median_return": 8.176233635448854e-05,
      "compound_return": 0.29357603111315456,
      "max_drawdown": -0.16211960418040228,
      "profit_factor": 1.3016847063330865,
      "windows": 10
    },
    {
      "entry_policy": "all_days",
      "feature_group": "all_no_ak",
      "model_name": "xgb_d4_500_lr002_mcw5",
      "target_hit_bps": 50.0,
      "trades": 199,
      "win_rate": 0.4824120603015075,
      "avg_return": 0.0015100918129024013,
      "median_return": -0.0003815059221657889,
      "compound_return": 0.28901367431720404,
      "max_drawdown": -0.21505449641333696,
      "profit_factor": 1.232858582545316,
      "windows": 10
    },
    {
      "entry_policy": "all_days",
      "feature_group": "reversal_fundamental_regime_sector",
      "model_name": "lgbm_leaves7_400",
      "target_hit_bps": 50.0,
      "trades": 186,
      "win_rate": 0.46774193548387094,
      "avg_return": 0.001527057668050855,
      "median_return": -0.0017258150934033566,
      "compound_return": 0.27734607997630034,
      "max_drawdown": -0.16454093721258645,
      "profit_factor": 1.2403715416342214,
      "windows": 10
    },
    {
      "entry_policy": "all_days",
      "feature_group": "reversal_fundamental_regime_sector",
      "model_name": "xgb_d4_500_lr002_mcw5",
      "target_hit_bps": 50.0,
      "trades": 195,
      "win_rate": 0.48717948717948717,
      "avg_return": 0.0013014641459162717,
      "median_return": -0.0012105827263267886,
      "compound_return": 0.2437696272955414,
      "max_drawdown": -0.18981467535481655,
      "profit_factor": 1.2091669538911303,
      "windows": 10
    },
    {
      "entry_policy": "all_days",
      "feature_group": "all_no_ak",
      "model_name": "random_forest_600_d4",
      "target_hit_bps": 50.0,
      "trades": 140,
      "win_rate": 0.4785714285714286,
      "avg_return": 0.001572569776223922,
      "median_return": -0.001247404958080841,
      "compound_return": 0.20170225333204628,
      "max_drawdown": -0.15966186567918894,
      "profit_factor": 1.2194103370692233,
      "windows": 10
    },
    {
      "entry_policy": "all_days",
      "feature_group": "reversal_fundamental_regime",
      "model_name": "extra_trees_600_d3",
      "target_hit_bps": 50.0,
      "trades": 192,
      "win_rate": 0.4895833333333333,
      "avg_return": 0.0009719561892636954,
      "median_return": -0.00016999999999999999,
      "compound_return": 0.15790871889246194,
      "max_drawdown": -0.21063832171115415,
      "profit_factor": 1.1527825693805633,
      "windows": 10
    },
    {
      "entry_policy": "all_days",
      "feature_group": "reversal_fundamental_regime",
      "model_name": "random_forest_600_d4",
      "target_hit_bps": 50.0,
      "trades": 160,
      "win_rate": 0.475,
      "avg_return": 0.0011355267960153508,
      "median_return": -0.0007834908583704246,
      "compound_return": 0.15651598013153611,
      "max_drawdown": -0.15760944429056112,
      "profit_factor": 1.1690170753569893,
      "windows": 10
    },
    {
      "entry_policy": "all_days",
      "feature_group": "all_no_ak",
      "model_name": "lgbm_leaves7_400",
      "target_hit_bps": 50.0,
      "trades": 194,
      "win_rate": 0.4742268041237113,
      "avg_return": 0.0009511229429649453,
      "median_return": -0.00040698655688336735,
      "compound_return": 0.14735868693879994,
      "max_drawdown": -0.2262325497163049,
      "profit_factor": 1.1367416541876685,
      "windows": 10
    },
    {
      "entry_policy": "all_days",
      "feature_group": "reversal_fundamental_regime",
      "model_name": "xgb_d4_500_lr002_mcw5",
      "target_hit_bps": 50.0,
      "trades": 250,
      "win_rate": 0.48,
      "avg_return": 0.0007196894722547824,
      "median_return": -0.0008671234412380678,
      "compound_return": 0.14486426507723738,
      "max_drawdown": -0.18714648632179387,
      "profit_factor": 1.1143442269591233,
      "windows": 10
    },
    {
      "entry_policy": "all_days",
      "feature_group": "reversal_fundamental_regime_sector",
      "model_name": "xgb_d2_200_lr003_mcw5",
      "target_hit_bps": 50.0,
      "trades": 157,
      "win_rate": 0.4840764331210191,
      "avg_return": 0.0010105495682564479,
      "median_return": -0.0006645598417408492,
      "compound_return": 0.13817029435192496,
      "max_drawdown": -0.18202995338605243,
      "profit_factor": 1.1592677186067388,
      "windows": 10
    },
    {
      "entry_policy": "all_days",
      "feature_group": "reversal_fundamental_regime",
      "model_name": "xgb_d2_200_lr003_mcw5",
      "target_hit_bps": 50.0,
      "trades": 143,
      "win_rate": 0.4825174825174825,
      "avg_return": 0.0007505429609205045,
      "median_return": -0.0010024084350720407,
      "compound_return": 0.07915845778736008,
      "max_drawdown": -0.17666729950456772,
      "profit_factor": 1.1094550714587617,
      "windows": 10
    },
    {
      "entry_policy": "all_days",
      "feature_group": "all_no_ak",
      "model_name": "xgb_d3_400_lr003_mcw3",
      "target_hit_bps": 50.0,
      "trades": 216,
      "win_rate": 0.4722222222222222,
      "avg_return": 0.0005429940834185361,
      "median_return": -0.0004995675902471595,
      "compound_return": 0.07333296389099742,
      "max_drawdown": -0.27141289126490886,
      "profit_factor": 1.081312904848367,
      "windows": 10
    },
    {
      "entry_policy": "all_days",
      "feature_group": "reversal_fundamental_regime",
      "model_name": "xgb_d3_600_lr002_mcw3",
      "target_hit_bps": 50.0,
      "trades": 241,
      "win_rate": 0.45643153526970953,
      "avg_return": 0.0004089357206892389,
      "median_return": -0.0017252099533437946,
      "compound_return": 0.06047665705201233,
      "max_drawdown": -0.2510473377050607,
      "profit_factor": 1.0667360011152633,
      "windows": 10
    },
    {
      "entry_policy": "all_days",
      "feature_group": "reversal_fundamental_regime_sector",
      "model_name": "xgb_d3_600_lr002_mcw3",
      "target_hit_bps": 50.0,
      "trades": 160,
      "win_rate": 0.46875,
      "avg_return": 0.0005136473878343077,
      "median_return": -0.0023774873665640094,
      "compound_return": 0.05243315795953585,
      "max_drawdown": -0.2340575501684018,
      "profit_factor": 1.0745081500203695,
      "windows": 10
    },
    {
      "entry_policy": "all_days",
      "feature_group": "reversal_fundamental_regime_sector",
      "model_name": "xgb_d3_400_lr003_mcw3",
      "target_hit_bps": 50.0,
      "trades": 197,
      "win_rate": 0.48223350253807107,
      "avg_return": 0.00042748878018794383,
      "median_return": -0.0010210638297873907,
      "compound_return": 0.04802021799783507,
      "max_drawdown": -0.25164193934978907,
      "profit_factor": 1.0630662464793488,
      "windows": 10
    }
  ]
}

[2026-05-11T23:22:16] RUN summarize
  /usr/bin/python3 model_training/summarize_nextday_search_results.py --pipeline-out /root/workspace/stock_realtime_v021_full/saved_data/002714_pipeline_out --out-dir /root/workspace/stock_realtime_v021_full/saved_data/002714_pipeline_out/99_summary --excel
{
  "rows": 144,
  "outputs": {
    "final_leaderboard": "/root/workspace/stock_realtime_v021_full/saved_data/002714_pipeline_out/99_summary/final_leaderboard.csv",
    "best_by_target_top5": "/root/workspace/stock_realtime_v021_full/saved_data/002714_pipeline_out/99_summary/best_by_target_top5.csv",
    "best_by_entry_policy_top5": "/root/workspace/stock_realtime_v021_full/saved_data/002714_pipeline_out/99_summary/best_by_entry_policy_top5.csv",
    "excel": "/root/workspace/stock_realtime_v021_full/saved_data/002714_pipeline_out/99_summary/final_leaderboard.xlsx",
    "summary_manifest": "/root/workspace/stock_realtime_v021_full/saved_data/002714_pipeline_out/99_summary/summary_manifest.json"
  }
}
=== nextday pipeline end: 2026-05-11T23:22:17 status=ok ===
=== nextday pipeline start: 2026-05-12T00:33:23 ===
symbol=002714.SZ, out_root=/root/workspace/stock_realtime_v021_full/saved_data/002714_pipeline_out

[2026-05-12T00:33:23] RUN update_data
  /usr/bin/python3 bootstrap/ashare_xgb_dual_opportunity_regression_baostock_full_v19_compressed_trading_axis.py --mode update_data --symbol 002714 --benchmark_symbol 000300 --daily_start 2018-01-01 --daily_end 2026-05-12 --intraday_start '2018-01-01 09:30:00' --intraday_end '2026-05-12 15:00:00' --output_dir /root/workspace/stock_realtime_v021_full/saved_data/002714_pipeline_out/00_base --cache_mode incremental --feature_cache_mode incremental --adjust qfq
/root/workspace/stock_realtime_v021_full/bootstrap/ashare_fetch_and_train_xgb_sell_signal_baostock_state_cache_helper_fix2.py:246: FutureWarning: The behavior of DataFrame concatenation with empty or all-NA entries is deprecated. In a future version, this will no longer exclude empty or all-NA columns when determining the result dtypes. To retain the old behavior, exclude the relevant entries before the concat operation.
  merged = _normalize_daily_df(pd.concat([df_old, df_new], axis=0, ignore_index=True))
/root/workspace/stock_realtime_v021_full/bootstrap/ashare_fetch_and_train_xgb_sell_signal_baostock_state_cache_helper_fix2.py:246: FutureWarning: The behavior of DataFrame concatenation with empty or all-NA entries is deprecated. In a future version, this will no longer exclude empty or all-NA columns when determining the result dtypes. To retain the old behavior, exclude the relevant entries before the concat operation.
  merged = _normalize_daily_df(pd.concat([df_old, df_new], axis=0, ignore_index=True))
/root/workspace/stock_realtime_v021_full/bootstrap/ashare_fetch_and_train_xgb_sell_signal_baostock_state_cache_helper_fix2.py:254: FutureWarning: The behavior of DataFrame concatenation with empty or all-NA entries is deprecated. In a future version, this will no longer exclude empty or all-NA columns when determining the result dtypes. To retain the old behavior, exclude the relevant entries before the concat operation.
  merged = _normalize_bench_df(pd.concat([df_old, df_new], axis=0, ignore_index=True))
/root/workspace/stock_realtime_v021_full/bootstrap/ashare_fetch_and_train_xgb_sell_signal_baostock_state_cache_helper_fix2.py:254: FutureWarning: The behavior of DataFrame concatenation with empty or all-NA entries is deprecated. In a future version, this will no longer exclude empty or all-NA columns when determining the result dtypes. To retain the old behavior, exclude the relevant entries before the concat operation.
  merged = _normalize_bench_df(pd.concat([df_old, df_new], axis=0, ignore_index=True))
login success!
logout success!
login success!
logout success!
login success!
logout success!
login success!
logout success!
login success!
logout success!
login success!
logout success!
{
  "mode": "update_data",
  "symbol": "002714",
  "data_source": "baostock",
  "daily_rows": 2023,
  "intraday_rows": 73728,
  "daily_min": "2018-01-02 00:00:00",
  "daily_max": "2026-05-11 00:00:00",
  "intraday_min": "2020-01-02 09:35:00",
  "intraday_max": "2026-05-11 15:00:00",
  "base_paths": {
    "daily_csv": "/root/workspace/stock_realtime_v021_full/saved_data/002714_pipeline_out/00_base/002714_daily.csv",
    "intraday_csv": "/root/workspace/stock_realtime_v021_full/saved_data/002714_pipeline_out/00_base/002714_5m.csv",
    "benchmark_csv": "/root/workspace/stock_realtime_v021_full/saved_data/002714_pipeline_out/00_base/000300_benchmark_daily.csv",
    "raw_daily_cache_csv": "/root/workspace/stock_realtime_v021_full/saved_data/002714_pipeline_out/00_base/raw_cache/002714_daily_raw.csv",
    "raw_intraday_cache_csv": "/root/workspace/stock_realtime_v021_full/saved_data/002714_pipeline_out/00_base/raw_cache/002714_5m_raw.csv",
    "raw_benchmark_cache_csv": "/root/workspace/stock_realtime_v021_full/saved_data/002714_pipeline_out/00_base/raw_cache/000300_benchmark_daily_raw.csv",
    "daily_features_csv": "/root/workspace/stock_realtime_v021_full/saved_data/002714_pipeline_out/00_base/daily_features.csv",
    "intraday_features_csv": "/root/workspace/stock_realtime_v021_full/saved_data/002714_pipeline_out/00_base/intraday_features.csv",
    "daily_features_cache_csv": "/root/workspace/stock_realtime_v021_full/saved_data/002714_pipeline_out/00_base/feature_cache/daily_features_cache.csv",
    "intraday_features_cache_csv": "/root/workspace/stock_realtime_v021_full/saved_data/002714_pipeline_out/00_base/feature_cache/intraday_features_cache.csv",
    "feature_state_json": "/root/workspace/stock_realtime_v021_full/saved_data/002714_pipeline_out/00_base/feature_cache/feature_state.json"
  },
  "fetch_logs": {
    "symbol": "002714",
    "benchmark_symbol": "000300",
    "daily_start": "2018-01-01",
    "daily_end": "2026-05-12",
    "intraday_start": "2018-01-01 09:30:00",
    "intraday_end": "2026-05-12 15:00:00",
    "perf_start": "2018-01-01",
    "data_source": "baostock",
    "cache_mode": "incremental",
    "force_refresh": false,
    "raw_cache_dir": "/root/workspace/stock_realtime_v021_full/saved_data/002714_pipeline_out/00_base/raw_cache",
    "feature_cache_dir": "/root/workspace/stock_realtime_v021_full/saved_data/002714_pipeline_out/00_base/feature_cache",
    "feature_cache_mode": "incremental",
    "daily": {
      "cache_path": "/root/workspace/stock_realtime_v021_full/saved_data/002714_pipeline_out/00_base/raw_cache/002714_daily_raw.csv",
      "requested_start": "2018-01-01",
      "requested_end": "2026-05-12",
      "mode": "incremental",
      "cache_before": {
        "rows": 2023,
        "min": "2018-01-02 00:00:00",
        "max": "2026-05-11 00:00:00"
      },
      "fetch_segments": [
        {
          "provider": "baostock",
          "code": "sz.002714",
          "adjustflag": "2",
          "rows": 0
        },
        {
          "provider": "baostock",
          "code": "sz.002714",
          "adjustflag": "2",
          "rows": 0
        }
      ],
      "cache_after": {
        "rows": 2023,
        "min": "2018-01-02 00:00:00",
        "max": "2026-05-11 00:00:00"
      }
    },
    "intraday_5m": {
      "cache_path": "/root/workspace/stock_realtime_v021_full/saved_data/002714_pipeline_out/00_base/raw_cache/002714_5m_raw.csv",
      "requested_start": "2018-01-01 09:30:00",
      "requested_end": "2026-05-12 15:00:00",
      "mode": "incremental",
      "cache_before": {
        "rows": 73728,
        "min": "2020-01-02 09:35:00",
        "max": "2026-05-11 15:00:00"
      },
      "fetch_segments": [
        {
          "provider": "baostock",
          "code": "sz.002714",
          "adjustflag": "2",
          "requested_start": "2018-01-01 09:30:00",
          "effective_start": "2018-01-01 09:30:00",
          "requested_end": "2020-01-02 09:30:00",
          "rows": 0
        },
        {
          "provider": "baostock",
          "code": "sz.002714",
          "adjustflag": "2",
          "requested_start": "2026-05-11 15:05:00",
          "effective_start": "2026-05-11 15:05:00",
          "requested_end": "2026-05-12 15:00:00",
          "rows": 0
        }
      ],
      "cache_after": {
        "rows": 73728,
        "min": "2020-01-02 09:35:00",
        "max": "2026-05-11 15:00:00"
      }
    },
    "benchmark_daily": {
      "cache_path": "/root/workspace/stock_realtime_v021_full/saved_data/002714_pipeline_out/00_base/raw_cache/000300_benchmark_daily_raw.csv",
      "requested_start": "2018-01-01",
      "requested_end": "2026-05-12",
      "mode": "incremental",
      "cache_before": {
        "rows": 2023,
        "min": "2018-01-02 00:00:00",
        "max": "2026-05-11 00:00:00"
      },
      "fetch_segments": [
        {
          "provider": "baostock",
          "code": "sh.000300",
          "rows": 0,
          "start": "2018-01-01",
          "end": "2018-01-01"
        },
        {
          "provider": "baostock",
          "code": "sh.000300",
          "rows": 0,
          "start": "2026-05-12",
          "end": "2026-05-12"
        }
      ],
      "cache_after": {
        "rows": 2023,
        "min": "2018-01-02 00:00:00",
        "max": "2026-05-11 00:00:00"
      }
    },
    "feature_build": {
      "mode": "cache_reuse_no_rebuild",
      "daily_cache": {
        "rows": 2023,
        "min": "2018-01-02 00:00:00",
        "max": "2026-05-11 00:00:00"
      },
      "intraday_cache": {
        "rows": 73728,
        "min": "2020-01-02 09:35:00",
        "max": "2026-05-11 15:00:00"
      },
      "daily_context_days": 260,
      "intraday_context_days": 40
    },
    "feature_state": {
      "daily_feature_max": "2026-05-11 00:00:00",
      "intraday_feature_max": "2026-05-11 15:00:00",
      "daily_context_days": 260,
      "intraday_context_days": 40,
      "feature_build_mode": "cache_reuse_no_rebuild"
    }
  }
}

[2026-05-12T00:33:35] RUN samples
  /usr/bin/python3 feature_building/build_nextday_samples_from_baostock.py --daily-features /root/workspace/stock_realtime_v021_full/saved_data/002714_pipeline_out/00_base/daily_features.csv --intraday-bars /root/workspace/stock_realtime_v021_full/saved_data/002714_pipeline_out/00_base/002714_5m.csv --out-dir /root/workspace/stock_realtime_v021_full/saved_data/002714_pipeline_out/01_samples --min-bars 40 --keep-unlabeled-tail
{
  "rows": 1536,
  "date_min": "2020-01-02",
  "date_max": "2026-05-11",
  "out": "/root/workspace/stock_realtime_v021_full/saved_data/002714_pipeline_out/01_samples/training_samples.csv"
}

[2026-05-12T00:33:36] RUN fundamental
  /usr/bin/python3 feature_building/build_fundamental_features.py --symbol 002714.SZ --daily-samples /root/workspace/stock_realtime_v021_full/saved_data/002714_pipeline_out/01_samples/training_samples.csv --out-dir /root/workspace/stock_realtime_v021_full/saved_data/002714_pipeline_out/02_fundamental --start-date 2018-01-01 --end-date 2026-05-12 --fallback-lag-days 120
login success!
logout success!
{
  "rows": 1536,
  "date_min": "2020-01-02",
  "date_max": "2026-05-11",
  "source_errors": [],
  "top_missing_rates": {
    "ak_fund_小单净流入-净额_sum10": 0.9244791666666666,
    "ak_fund_主力净流入-净额_sum10": 0.9244791666666666,
    "ak_fund_主力净流入-净占比_sum10": 0.9244791666666666,
    "ak_fund_涨跌幅_sum10": 0.9244791666666666,
    "ak_fund_收盘价_sum10": 0.9244791666666666,
    "ak_fund_中单净流入-净额_sum10": 0.9244791666666666,
    "ak_fund_中单净流入-净占比_sum10": 0.9244791666666666,
    "ak_fund_小单净流入-净占比_sum10": 0.9244791666666666,
    "ak_fund_超大单净流入-净额_sum10": 0.9244791666666666,
    "ak_fund_大单净流入-净额_sum10": 0.9244791666666666,
    "ak_fund_大单净流入-净占比_sum10": 0.9244791666666666,
    "ak_fund_超大单净流入-净占比_sum10": 0.9244791666666666,
    "ak_fund_涨跌幅_sum5": 0.9231770833333334,
    "ak_fund_主力净流入-净占比_sum5": 0.9231770833333334,
    "ak_fund_主力净流入-净额_sum5": 0.9231770833333334,
    "ak_fund_收盘价_sum5": 0.9231770833333334,
    "ak_fund_超大单净流入-净占比_sum5": 0.9231770833333334,
    "ak_fund_中单净流入-净占比_sum5": 0.9231770833333334,
    "ak_fund_中单净流入-净额_sum5": 0.9231770833333334,
    "ak_fund_小单净流入-净额_sum5": 0.9231770833333334,
    "ak_fund_小单净流入-净占比_sum5": 0.9231770833333334,
    "ak_fund_大单净流入-净占比_sum5": 0.9231770833333334,
    "ak_fund_大单净流入-净额_sum5": 0.9231770833333334,
    "ak_fund_超大单净流入-净额_sum5": 0.9231770833333334,
    "ak_fund_大单净流入-净额": 0.921875,
    "ak_fund_超大单净流入-净占比": 0.921875,
    "ak_fund_超大单净流入-净额": 0.921875,
    "ak_fund_收盘价": 0.921875,
    "ak_fund_涨跌幅": 0.921875,
    "ak_fund_中单净流入-净额": 0.921875
  },
  "valuation_non_null": {
    "peTTM": 1536,
    "pbMRQ": 1536,
    "psTTM": 1536,
    "pcfNcfTTM": 1536
  },
  "future_effective_date_violations": 0,
  "rows_with_quarterly": 1536,
  "sample_rows": 1536,
  "quarterly_raw_rows": 37,
  "quarterly_used_pubDate_rows": 37,
  "quarterly_fallback_rows": 0,
  "elapsed_seconds": 19.972,
  "symbol": "002714",
  "baostock_code": "sz.002714",
  "valuation_rows": 2023,
  "fund_flow_rows": 120,
  "feature_columns": 125,
  "merged_columns": 194,
  "outputs": {
    "daily_valuation": "/root/workspace/stock_realtime_v021_full/saved_data/002714_pipeline_out/02_fundamental/baostock_daily_valuation.csv",
    "quarterly_fundamentals": "/root/workspace/stock_realtime_v021_full/saved_data/002714_pipeline_out/02_fundamental/baostock_quarterly_fundamentals_pit.csv",
    "fundamental_features": "/root/workspace/stock_realtime_v021_full/saved_data/002714_pipeline_out/02_fundamental/fundamental_features.csv",
    "merged_samples": "/root/workspace/stock_realtime_v021_full/saved_data/002714_pipeline_out/02_fundamental/training_samples_with_fundamentals.csv"
  }
}

[2026-05-12T00:33:57] RUN sector
  /usr/bin/python3 feature_building/build_sector_features.py --samples /root/workspace/stock_realtime_v021_full/saved_data/002714_pipeline_out/02_fundamental/training_samples_with_fundamentals.csv --out-dir /root/workspace/stock_realtime_v021_full/saved_data/002714_pipeline_out/03_sector --sector-symbol '养殖业' --start-date 2018-01-01 --end-date 2026-05-12

  0%|          | 0/9 [00:00<?, ?it/s]
 11%|█         | 1/9 [00:00<00:01,  4.26it/s]
 22%|██▏       | 2/9 [00:00<00:01,  3.89it/s]
 33%|███▎      | 3/9 [00:00<00:01,  4.12it/s]
 44%|████▍     | 4/9 [00:00<00:01,  4.20it/s]
 56%|█████▌    | 5/9 [00:01<00:01,  3.96it/s]
 67%|██████▋   | 6/9 [00:01<00:00,  3.87it/s]
 78%|███████▊  | 7/9 [00:01<00:00,  3.53it/s]
 89%|████████▉ | 8/9 [00:02<00:00,  3.60it/s]
100%|██████████| 9/9 [00:02<00:00,  3.81it/s]
                                             
{
  "sector_symbol": "养殖业",
  "sector_rows": 2023,
  "sector_date_min": "2018-01-02",
  "sector_date_max": "2026-05-11",
  "sample_rows": 1536,
  "merged_rows": 1536,
  "sector_feature_cols": 23,
  "top_missing": {
    "sector_ret60": 0.0390625,
    "sector_ma60_gap": 0.01953125,
    "stock_vs_sector_ret20": 0.013020833333333334,
    "sector_ret20": 0.013020833333333334,
    "sector_vol20": 0.007161458333333333,
    "sector_ma20_gap": 0.006510416666666667,
    "sector_range_z20": 0.006510416666666667,
    "sector_volume_shock20": 0.006510416666666667,
    "sector_amount_z20": 0.006510416666666667,
    "sector_volume_z20": 0.006510416666666667,
    "sector_amount_shock20": 0.006510416666666667,
    "sector_ret5": 0.0032552083333333335,
    "stock_vs_sector_ret5": 0.0032552083333333335,
    "sector_vs_bench_ret5": 0.0032552083333333335,
    "stock_vs_sector_ret1": 0.0006510416666666666,
    "sector_ret1": 0.0006510416666666666,
    "sector_amount": 0.0,
    "sector_volume": 0.0,
    "sector_close": 0.0,
    "sector_low": 0.0
  },
  "outputs": {
    "sector_index": "/root/workspace/stock_realtime_v021_full/saved_data/002714_pipeline_out/03_sector/sector_index_ths.csv",
    "sector_features": "/root/workspace/stock_realtime_v021_full/saved_data/002714_pipeline_out/03_sector/sector_features.csv",
    "merged_samples": "/root/workspace/stock_realtime_v021_full/saved_data/002714_pipeline_out/03_sector/training_samples_with_sector.csv"
  }
}
[INFO] final samples for search: /root/workspace/stock_realtime_v021_full/saved_data/002714_pipeline_out/04_external/muyuan_hk/training_samples_with_hk_external.csv
=== nextday pipeline end: 2026-05-12T00:34:01 status=ok ===
