raw_code,stock_code,label_mode,entry_policy,search_dir,summary_file,feature_group,model_name,target_hit_bps,trades,win_rate,avg_return,median_return,compound_return,max_drawdown,profit_factor,windows,sample_file,intraday_bars,feature_pipeline,external,entry_vwap_premium_bps,rank_score
600176,600176.SH,close_profit,vwap_low,/root/workspace/stock_realtime_v021_full/saved_data/600176_pipeline_out/10_search/search_vwap_low_close_profit_50bps,/root/workspace/stock_realtime_v021_full/saved_data/600176_pipeline_out/10_search/search_vwap_low_close_profit_50bps/summary_50bps.csv,reversal_fundamental_regime_sector,xgb_d4_500_lr002_mcw5,50.0,169,0.4674556213017751,0.0021141859166641,-0.0015975517487509,0.3624036583899062,-0.1714121714367764,1.2706075584942,10,/root/workspace/stock_realtime_v021_full/saved_data/600176_pipeline_out/03_sector/training_samples_with_sector.csv,/root/workspace/stock_realtime_v021_full/saved_data/600176_pipeline_out/00_base/600176_5m.csv,"fundamental,sector",,50.0,-0.0153686259425608
600176,600176.SH,hit,vwap_low,/root/workspace/stock_realtime_v021_full/saved_data/600176_pipeline_out/10_search/search_vwap_low_hit_50bps,/root/workspace/stock_realtime_v021_full/saved_data/600176_pipeline_out/10_search/search_vwap_low_hit_50bps/summary_50bps.csv,reversal_fundamental_regime,xgb_d3_400_lr003_mcw3,50.0,235,0.7829787234042553,0.0006444673940633,0.005,0.1514420727671375,-0.1045484124492591,1.1973492035903366,10,/root/workspace/stock_realtime_v021_full/saved_data/600176_pipeline_out/03_sector/training_samples_with_sector.csv,/root/workspace/stock_realtime_v021_full/saved_data/600176_pipeline_out/00_base/600176_5m.csv,"fundamental,sector",,50.0,-0.016257605039410254
600176,600176.SH,close_profit,all_days,/root/workspace/stock_realtime_v021_full/saved_data/600176_pipeline_out/10_search/search_all_days_close_profit_50bps,/root/workspace/stock_realtime_v021_full/saved_data/600176_pipeline_out/10_search/search_all_days_close_profit_50bps/summary_50bps.csv,reversal_fundamental_regime_sector,xgb_d4_500_lr002_mcw5,50.0,171,0.4619883040935672,0.0018897135358457,-0.0019981535648995,0.3170957360557866,-0.1714121714367764,1.2409002515829646,10,/root/workspace/stock_realtime_v021_full/saved_data/600176_pipeline_out/03_sector/training_samples_with_sector.csv,/root/workspace/stock_realtime_v021_full/saved_data/600176_pipeline_out/00_base/600176_5m.csv,"fundamental,sector",,50.0,-0.0181418318542171
600176,600176.SH,close_profit,all_days,/root/workspace/stock_realtime_v021_full/saved_data/600176_pipeline_out/10_search/search_all_days_close_profit_50bps,/root/workspace/stock_realtime_v021_full/saved_data/600176_pipeline_out/10_search/search_all_days_close_profit_50bps/summary_50bps.csv,reversal_fundamental_regime,xgb_d4_500_lr002_mcw5,50.0,225,0.4711111111111111,0.0026812356597842,-0.0008832667617688,0.7026791936485166,-0.244321659239326,1.338660411739959,10,/root/workspace/stock_realtime_v021_full/saved_data/600176_pipeline_out/03_sector/training_samples_with_sector.csv,/root/workspace/stock_realtime_v021_full/saved_data/600176_pipeline_out/00_base/600176_5m.csv,"fundamental,sector",,50.0,-0.020861879913068503
600176,600176.SH,hit,vwap_low,/root/workspace/stock_realtime_v021_full/saved_data/600176_pipeline_out/10_search/search_vwap_low_hit_50bps,/root/workspace/stock_realtime_v021_full/saved_data/600176_pipeline_out/10_search/search_vwap_low_hit_50bps/summary_50bps.csv,reversal_fundamental_regime,xgb_d4_500_lr002_mcw5,50.0,197,0.7766497461928934,0.0005467399220316,0.005,0.1039528119856587,-0.1156309170486792,1.163865870987011,10,/root/workspace/stock_realtime_v021_full/saved_data/600176_pipeline_out/03_sector/training_samples_with_sector.csv,/root/workspace/stock_realtime_v021_full/saved_data/600176_pipeline_out/00_base/600176_5m.csv,"fundamental,sector",,50.0,-0.02123386877076167
600176,600176.SH,hit,vwap_low,/root/workspace/stock_realtime_v021_full/saved_data/600176_pipeline_out/10_search/search_vwap_low_hit_80bps,/root/workspace/stock_realtime_v021_full/saved_data/600176_pipeline_out/10_search/search_vwap_low_hit_80bps/summary_80bps.csv,reversal_fundamental_regime,xgb_d4_500_lr002_mcw5,80.0,204,0.6715686274509803,0.0003595695952594,0.008,0.0599448388546701,-0.1111753472957717,1.0735057256078029,10,/root/workspace/stock_realtime_v021_full/saved_data/600176_pipeline_out/03_sector/training_samples_with_sector.csv,/root/workspace/stock_realtime_v021_full/saved_data/600176_pipeline_out/00_base/600176_5m.csv,"fundamental,sector",,50.0,-0.022658155764692677
600176,600176.SH,hit,vwap_low,/root/workspace/stock_realtime_v021_full/saved_data/600176_pipeline_out/10_search/search_vwap_low_hit_50bps,/root/workspace/stock_realtime_v021_full/saved_data/600176_pipeline_out/10_search/search_vwap_low_hit_50bps/summary_50bps.csv,reversal_fundamental_regime_sector,xgb_d2_200_lr003_mcw5,50.0,162,0.7962962962962963,0.0008512829090195,0.005,0.1387073663120543,-0.1466997261090322,1.2738916135308702,10,/root/workspace/stock_realtime_v021_full/saved_data/600176_pipeline_out/03_sector/training_samples_with_sector.csv,/root/workspace/stock_realtime_v021_full/saved_data/600176_pipeline_out/00_base/600176_5m.csv,"fundamental,sector",,50.0,-0.025839869009091864
600176,600176.SH,hit,vwap_low,/root/workspace/stock_realtime_v021_full/saved_data/600176_pipeline_out/10_search/search_vwap_low_hit_80bps,/root/workspace/stock_realtime_v021_full/saved_data/600176_pipeline_out/10_search/search_vwap_low_hit_80bps/summary_80bps.csv,reversal_fundamental_regime_sector,lgbm_leaves15_700,80.0,203,0.6945812807881774,0.0007457229296488,0.008,0.1440901847902296,-0.158033129979502,1.1595472193517409,10,/root/workspace/stock_realtime_v021_full/saved_data/600176_pipeline_out/03_sector/training_samples_with_sector.csv,/root/workspace/stock_realtime_v021_full/saved_data/600176_pipeline_out/00_base/600176_5m.csv,"fundamental,sector",,50.0,-0.028883366230536764
600176,600176.SH,hit,vwap_low,/root/workspace/stock_realtime_v021_full/saved_data/600176_pipeline_out/10_search/search_vwap_low_hit_50bps,/root/workspace/stock_realtime_v021_full/saved_data/600176_pipeline_out/10_search/search_vwap_low_hit_50bps/summary_50bps.csv,reversal_fundamental_regime,xgb_d2_200_lr003_mcw5,50.0,232,0.7887931034482759,0.0008053922516939,0.005,0.1927690761073612,-0.1657322532123876,1.2582643478579991,10,/root/workspace/stock_realtime_v021_full/saved_data/600176_pipeline_out/03_sector/training_samples_with_sector.csv,/root/workspace/stock_realtime_v021_full/saved_data/600176_pipeline_out/00_base/600176_5m.csv,"fundamental,sector",,50.0,-0.02916569400285374
600176,600176.SH,hit,vwap_low,/root/workspace/stock_realtime_v021_full/saved_data/600176_pipeline_out/10_search/search_vwap_low_hit_50bps,/root/workspace/stock_realtime_v021_full/saved_data/600176_pipeline_out/10_search/search_vwap_low_hit_50bps/summary_50bps.csv,reversal_fundamental_regime,xgb_d3_600_lr002_mcw3,50.0,235,0.7617021276595745,0.0002279194852196,0.005,0.0431383630371164,-0.1379761588808266,1.064008759942059,10,/root/workspace/stock_realtime_v021_full/saved_data/600176_pipeline_out/03_sector/training_samples_with_sector.csv,/root/workspace/stock_realtime_v021_full/saved_data/600176_pipeline_out/00_base/600176_5m.csv,"fundamental,sector",,50.0,-0.031000100172997744
600176,600176.SH,hit,all_days,/root/workspace/stock_realtime_v021_full/saved_data/600176_pipeline_out/10_search/search_all_days_hit_80bps,/root/workspace/stock_realtime_v021_full/saved_data/600176_pipeline_out/10_search/search_all_days_hit_80bps/summary_80bps.csv,reversal_fundamental_regime_sector,lgbm_leaves15_700,80.0,206,0.6941747572815534,0.0005630275948702,0.008,0.1027201940143756,-0.158033129979502,1.115958279721115,10,/root/workspace/stock_realtime_v021_full/saved_data/600176_pipeline_out/03_sector/training_samples_with_sector.csv,/root/workspace/stock_realtime_v021_full/saved_data/600176_pipeline_out/00_base/600176_5m.csv,"fundamental,sector",,50.0,-0.03142731628082805
600176,600176.SH,hit,vwap_low,/root/workspace/stock_realtime_v021_full/saved_data/600176_pipeline_out/10_search/search_vwap_low_hit_50bps,/root/workspace/stock_realtime_v021_full/saved_data/600176_pipeline_out/10_search/search_vwap_low_hit_50bps/summary_50bps.csv,reversal_fundamental_regime,lgbm_leaves15_700,50.0,207,0.7729468599033816,0.0002528965891483,0.005,0.0414857657537806,-0.1506176406990846,1.070124761756632,10,/root/workspace/stock_realtime_v021_full/saved_data/600176_pipeline_out/03_sector/training_samples_with_sector.csv,/root/workspace/stock_realtime_v021_full/saved_data/600176_pipeline_out/00_base/600176_5m.csv,"fundamental,sector",,50.0,-0.0340158618716441
600176,600176.SH,hit,all_days,/root/workspace/stock_realtime_v021_full/saved_data/600176_pipeline_out/10_search/search_all_days_hit_80bps,/root/workspace/stock_realtime_v021_full/saved_data/600176_pipeline_out/10_search/search_all_days_hit_80bps/summary_80bps.csv,reversal_fundamental_regime,xgb_d4_500_lr002_mcw5,80.0,228,0.6842105263157895,0.0001838031556026,0.008,0.0220225660102002,-0.1483162956351906,1.035473730618968,10,/root/workspace/stock_realtime_v021_full/saved_data/600176_pipeline_out/03_sector/training_samples_with_sector.csv,/root/workspace/stock_realtime_v021_full/saved_data/600176_pipeline_out/00_base/600176_5m.csv,"fundamental,sector",,50.0,-0.03430370712183778
600176,600176.SH,close_profit,vwap_low,/root/workspace/stock_realtime_v021_full/saved_data/600176_pipeline_out/10_search/search_vwap_low_close_profit_50bps,/root/workspace/stock_realtime_v021_full/saved_data/600176_pipeline_out/10_search/search_vwap_low_close_profit_50bps/summary_50bps.csv,reversal_fundamental_regime,xgb_d4_500_lr002_mcw5,50.0,204,0.4607843137254901,0.0018625489520089,-0.0009514422169082,0.3862535176489443,-0.244321659239326,1.2508406749681968,10,/root/workspace/stock_realtime_v021_full/saved_data/600176_pipeline_out/03_sector/training_samples_with_sector.csv,/root/workspace/stock_realtime_v021_full/saved_data/600176_pipeline_out/00_base/600176_5m.csv,"fundamental,sector",,50.0,-0.034477894738973405
600176,600176.SH,close_profit,all_days,/root/workspace/stock_realtime_v021_full/saved_data/600176_pipeline_out/10_search/search_all_days_close_profit_50bps,/root/workspace/stock_realtime_v021_full/saved_data/600176_pipeline_out/10_search/search_all_days_close_profit_50bps/summary_50bps.csv,all_no_ak,xgb_d3_600_lr002_mcw3,50.0,195,0.4769230769230769,0.0021943592074345,-0.0001699999999999,0.4642152502602636,-0.264406413541895,1.329047534225109,10,/root/workspace/stock_realtime_v021_full/saved_data/600176_pipeline_out/03_sector/training_samples_with_sector.csv,/root/workspace/stock_realtime_v021_full/saved_data/600176_pipeline_out/00_base/600176_5m.csv,"fundamental,sector",,50.0,-0.035459044670603825
600176,600176.SH,close_profit,all_days,/root/workspace/stock_realtime_v021_full/saved_data/600176_pipeline_out/10_search/search_all_days_close_profit_50bps,/root/workspace/stock_realtime_v021_full/saved_data/600176_pipeline_out/10_search/search_all_days_close_profit_50bps/summary_50bps.csv,reversal_fundamental_regime_sector,xgb_d3_600_lr002_mcw3,50.0,173,0.4682080924855491,0.0013052162545118,-0.0011700000000001,0.2026466781144833,-0.2125774215098067,1.1800108183381433,10,/root/workspace/stock_realtime_v021_full/saved_data/600176_pipeline_out/03_sector/training_samples_with_sector.csv,/root/workspace/stock_realtime_v021_full/saved_data/600176_pipeline_out/00_base/600176_5m.csv,"fundamental,sector",,50.0,-0.0359769158918955
600176,600176.SH,hit,all_days,/root/workspace/stock_realtime_v021_full/saved_data/600176_pipeline_out/10_search/search_all_days_hit_50bps,/root/workspace/stock_realtime_v021_full/saved_data/600176_pipeline_out/10_search/search_all_days_hit_50bps/summary_50bps.csv,reversal_fundamental_regime,xgb_d2_200_lr003_mcw5,50.0,239,0.7824267782426778,0.0003415485856167,0.005,0.0701463912262967,-0.1657322532123876,1.09618158861744,10,/root/workspace/stock_realtime_v021_full/saved_data/600176_pipeline_out/03_sector/training_samples_with_sector.csv,/root/workspace/stock_realtime_v021_full/saved_data/600176_pipeline_out/00_base/600176_5m.csv,"fundamental,sector",,50.0,-0.03615285030696809
600176,600176.SH,close_profit,all_days,/root/workspace/stock_realtime_v021_full/saved_data/600176_pipeline_out/10_search/search_all_days_close_profit_50bps,/root/workspace/stock_realtime_v021_full/saved_data/600176_pipeline_out/10_search/search_all_days_close_profit_50bps/summary_50bps.csv,all_no_ak,extra_trees_600_d3,50.0,156,0.4935897435897436,0.0033153286745841,-0.0001699999999999,0.6174305684593038,-0.3129024342822261,1.5842081649367057,10,/root/workspace/stock_realtime_v021_full/saved_data/600176_pipeline_out/03_sector/training_samples_with_sector.csv,/root/workspace/stock_realtime_v021_full/saved_data/600176_pipeline_out/00_base/600176_5m.csv,"fundamental,sector",,50.0,-0.03681716669693548
600176,600176.SH,hit,vwap_low,/root/workspace/stock_realtime_v021_full/saved_data/600176_pipeline_out/10_search/search_vwap_low_hit_50bps,/root/workspace/stock_realtime_v021_full/saved_data/600176_pipeline_out/10_search/search_vwap_low_hit_50bps/summary_50bps.csv,reversal_fundamental_regime_sector,xgb_d4_500_lr002_mcw5,50.0,160,0.75,-0.0001042460413973,0.005,-0.025198449155485,-0.142680966106297,0.972637381189332,10,/root/workspace/stock_realtime_v021_full/saved_data/600176_pipeline_out/03_sector/training_samples_with_sector.csv,/root/workspace/stock_realtime_v021_full/saved_data/600176_pipeline_out/00_base/600176_5m.csv,"fundamental,sector",,50.0,-0.03698886123806093
600176,600176.SH,hit,vwap_low,/root/workspace/stock_realtime_v021_full/saved_data/600176_pipeline_out/10_search/search_vwap_low_hit_50bps,/root/workspace/stock_realtime_v021_full/saved_data/600176_pipeline_out/10_search/search_vwap_low_hit_50bps/summary_50bps.csv,all_no_ak,xgb_d4_500_lr002_mcw5,50.0,176,0.7556818181818182,0.0003985313664877,0.005,0.0653511340728898,-0.1718633164870152,1.1194566621438138,10,/root/workspace/stock_realtime_v021_full/saved_data/600176_pipeline_out/03_sector/training_samples_with_sector.csv,/root/workspace/stock_realtime_v021_full/saved_data/600176_pipeline_out/00_base/600176_5m.csv,"fundamental,sector",,50.0,-0.037678713082444526
600176,600176.SH,hit,all_days,/root/workspace/stock_realtime_v021_full/saved_data/600176_pipeline_out/10_search/search_all_days_hit_50bps,/root/workspace/stock_realtime_v021_full/saved_data/600176_pipeline_out/10_search/search_all_days_hit_50bps/summary_50bps.csv,reversal_fundamental_regime,lgbm_leaves15_700,50.0,211,0.7677725118483413,-2.6596771775786956e-05,0.005,-0.0186683309912721,-0.1506176406990846,0.9931098334647556,10,/root/workspace/stock_realtime_v021_full/saved_data/600176_pipeline_out/03_sector/training_samples_with_sector.csv,/root/workspace/stock_realtime_v021_full/saved_data/600176_pipeline_out/00_base/600176_5m.csv,"fundamental,sector",,50.0,-0.038040750600738304
600176,600176.SH,close_profit,all_days,/root/workspace/stock_realtime_v021_full/saved_data/600176_pipeline_out/10_search/search_all_days_close_profit_50bps,/root/workspace/stock_realtime_v021_full/saved_data/600176_pipeline_out/10_search/search_all_days_close_profit_50bps/summary_50bps.csv,reversal_fundamental_regime,random_forest_600_d4,50.0,194,0.4793814432989691,0.0020755332931741,-0.0001699999999999,0.4298796548097634,-0.2682033207158448,1.304399684330518,10,/root/workspace/stock_realtime_v021_full/saved_data/600176_pipeline_out/03_sector/training_samples_with_sector.csv,/root/workspace/stock_realtime_v021_full/saved_data/600176_pipeline_out/00_base/600176_5m.csv,"fundamental,sector",,50.0,-0.03814199658940971
600176,600176.SH,close_profit,vwap_low,/root/workspace/stock_realtime_v021_full/saved_data/600176_pipeline_out/10_search/search_vwap_low_close_profit_50bps,/root/workspace/stock_realtime_v021_full/saved_data/600176_pipeline_out/10_search/search_vwap_low_close_profit_50bps/summary_50bps.csv,reversal_fundamental_regime,random_forest_600_d4,50.0,194,0.4793814432989691,0.0020755332931741,-0.0001699999999999,0.4298796548097634,-0.2682033207158448,1.304399684330518,10,/root/workspace/stock_realtime_v021_full/saved_data/600176_pipeline_out/03_sector/training_samples_with_sector.csv,/root/workspace/stock_realtime_v021_full/saved_data/600176_pipeline_out/00_base/600176_5m.csv,"fundamental,sector",,50.0,-0.03814199658940971
600176,600176.SH,close_profit,all_days,/root/workspace/stock_realtime_v021_full/saved_data/600176_pipeline_out/10_search/search_all_days_close_profit_50bps,/root/workspace/stock_realtime_v021_full/saved_data/600176_pipeline_out/10_search/search_all_days_close_profit_50bps/summary_50bps.csv,all_no_ak,xgb_d3_400_lr003_mcw3,50.0,190,0.4789473684210526,0.0017731211875561,-0.0001699999999999,0.3353929133366586,-0.2507140504381514,1.249266662107068,10,/root/workspace/stock_realtime_v021_full/saved_data/600176_pipeline_out/03_sector/training_samples_with_sector.csv,/root/workspace/stock_realtime_v021_full/saved_data/600176_pipeline_out/00_base/600176_5m.csv,"fundamental,sector",,50.0,-0.038237723716900464
600176,600176.SH,close_profit,all_days,/root/workspace/stock_realtime_v021_full/saved_data/600176_pipeline_out/10_search/search_all_days_close_profit_50bps,/root/workspace/stock_realtime_v021_full/saved_data/600176_pipeline_out/10_search/search_all_days_close_profit_50bps/summary_50bps.csv,reversal_fundamental_regime_sector,lgbm_leaves7_400,50.0,178,0.4662921348314606,0.0016962700493018,-0.0005266333808844,0.2900134012483344,-0.2440756221807013,1.2267468711675285,10,/root/workspace/stock_realtime_v021_full/saved_data/600176_pipeline_out/03_sector/training_samples_with_sector.csv,/root/workspace/stock_realtime_v021_full/saved_data/600176_pipeline_out/00_base/600176_5m.csv,"fundamental,sector",,50.0,-0.0383878403853517
600176,600176.SH,close_profit,vwap_low,/root/workspace/stock_realtime_v021_full/saved_data/600176_pipeline_out/10_search/search_vwap_low_close_profit_50bps,/root/workspace/stock_realtime_v021_full/saved_data/600176_pipeline_out/10_search/search_vwap_low_close_profit_50bps/summary_50bps.csv,reversal_fundamental_regime_sector,xgb_d3_600_lr002_mcw3,50.0,173,0.4624277456647399,0.0010756872996443,-0.0015975517487509,0.1563074893374694,-0.2125774215098067,1.14728082157305,10,/root/workspace/stock_realtime_v021_full/saved_data/600176_pipeline_out/03_sector/training_samples_with_sector.csv,/root/workspace/stock_realtime_v021_full/saved_data/600176_pipeline_out/00_base/600176_5m.csv,"fundamental,sector",,50.0,-0.03899589794123002
600176,600176.SH,close_profit,vwap_low,/root/workspace/stock_realtime_v021_full/saved_data/600176_pipeline_out/10_search/search_vwap_low_close_profit_50bps,/root/workspace/stock_realtime_v021_full/saved_data/600176_pipeline_out/10_search/search_vwap_low_close_profit_50bps/summary_50bps.csv,reversal_fundamental_regime_sector,xgb_d3_400_lr003_mcw3,50.0,183,0.4808743169398907,0.0016267196610359,-0.0008832667617688,0.2839616328026855,-0.2447617874632577,1.221847983646797,10,/root/workspace/stock_realtime_v021_full/saved_data/600176_pipeline_out/03_sector/training_samples_with_sector.csv,/root/workspace/stock_realtime_v021_full/saved_data/600176_pipeline_out/00_base/600176_5m.csv,"fundamental,sector",,50.0,-0.0391845911774996
600176,600176.SH,close_profit,vwap_low,/root/workspace/stock_realtime_v021_full/saved_data/600176_pipeline_out/10_search/search_vwap_low_close_profit_50bps,/root/workspace/stock_realtime_v021_full/saved_data/600176_pipeline_out/10_search/search_vwap_low_close_profit_50bps/summary_50bps.csv,reversal_fundamental_regime_sector,lgbm_leaves7_400,50.0,167,0.4550898203592814,0.0016298746003861,-0.0010196176720477,0.2569355157593782,-0.2440756221807013,1.224064827187299,10,/root/workspace/stock_realtime_v021_full/saved_data/600176_pipeline_out/03_sector/training_samples_with_sector.csv,/root/workspace/stock_realtime_v021_full/saved_data/600176_pipeline_out/00_base/600176_5m.csv,"fundamental,sector",,50.0,-0.03995628385251118
600176,600176.SH,hit,vwap_low,/root/workspace/stock_realtime_v021_full/saved_data/600176_pipeline_out/10_search/search_vwap_low_hit_50bps,/root/workspace/stock_realtime_v021_full/saved_data/600176_pipeline_out/10_search/search_vwap_low_hit_50bps/summary_50bps.csv,reversal_fundamental_regime_sector,xgb_d3_600_lr002_mcw3,50.0,204,0.7647058823529411,0.0001293960837798,0.005,0.016842717933255,-0.172824465828342,1.0353884369330624,10,/root/workspace/stock_realtime_v021_full/saved_data/600176_pipeline_out/03_sector/training_samples_with_sector.csv,/root/workspace/stock_realtime_v021_full/saved_data/600176_pipeline_out/00_base/600176_5m.csv,"fundamental,sector",,50.0,-0.041357970714591144
600176,600176.SH,close_profit,vwap_low,/root/workspace/stock_realtime_v021_full/saved_data/600176_pipeline_out/10_search/search_vwap_low_close_profit_50bps,/root/workspace/stock_realtime_v021_full/saved_data/600176_pipeline_out/10_search/search_vwap_low_close_profit_50bps/summary_50bps.csv,all_no_ak,xgb_d3_600_lr002_mcw3,50.0,191,0.4712041884816754,0.0017709459979459,-0.0001699999999999,0.3411088304046743,-0.264406413541895,1.2625338189127644,10,/root/workspace/stock_realtime_v021_full/saved_data/600176_pipeline_out/03_sector/training_samples_with_sector.csv,/root/workspace/stock_realtime_v021_full/saved_data/600176_pipeline_out/00_base/600176_5m.csv,"fundamental,sector",,50.0,-0.04162664275262788
600176,600176.SH,hit,all_days,/root/workspace/stock_realtime_v021_full/saved_data/600176_pipeline_out/10_search/search_all_days_hit_50bps,/root/workspace/stock_realtime_v021_full/saved_data/600176_pipeline_out/10_search/search_all_days_hit_50bps/summary_50bps.csv,reversal_fundamental_regime,xgb_d4_500_lr002_mcw5,50.0,210,0.7714285714285715,7.335724722196575e-05,0.005,0.0032024923467359,-0.1726005668566854,1.0193872631233722,10,/root/workspace/stock_realtime_v021_full/saved_data/600176_pipeline_out/03_sector/training_samples_with_sector.csv,/root/workspace/stock_realtime_v021_full/saved_data/600176_pipeline_out/00_base/600176_5m.csv,"fundamental,sector",,50.0,-0.04208709420761449
600176,600176.SH,close_profit,vwap_low,/root/workspace/stock_realtime_v021_full/saved_data/600176_pipeline_out/10_search/search_vwap_low_close_profit_50bps,/root/workspace/stock_realtime_v021_full/saved_data/600176_pipeline_out/10_search/search_vwap_low_close_profit_50bps/summary_50bps.csv,all_no_ak,xgb_d3_400_lr003_mcw3,50.0,188,0.4734042553191489,0.0014471601382777,-0.0005266333808844,0.2528617527927583,-0.2507140504381514,1.2013013180851224,10,/root/workspace/stock_realtime_v021_full/saved_data/600176_pipeline_out/03_sector/training_samples_with_sector.csv,/root/workspace/stock_realtime_v021_full/saved_data/600176_pipeline_out/00_base/600176_5m.csv,"fundamental,sector",,50.0,-0.042836052490536805
600176,600176.SH,hit,all_days,/root/workspace/stock_realtime_v021_full/saved_data/600176_pipeline_out/10_search/search_all_days_hit_50bps,/root/workspace/stock_realtime_v021_full/saved_data/600176_pipeline_out/10_search/search_all_days_hit_50bps/summary_50bps.csv,reversal_fundamental_regime_sector,xgb_d4_500_lr002_mcw5,50.0,166,0.7530120481927711,-0.0005373438102152,0.005,-0.0961696018692284,-0.1436643356282371,0.8738499923301667,10,/root/workspace/stock_realtime_v021_full/saved_data/600176_pipeline_out/03_sector/training_samples_with_sector.csv,/root/workspace/stock_realtime_v021_full/saved_data/600176_pipeline_out/00_base/600176_5m.csv,"fundamental,sector",,50.0,-0.04283927460806656
600176,600176.SH,hit,vwap_low,/root/workspace/stock_realtime_v021_full/saved_data/600176_pipeline_out/10_search/search_vwap_low_hit_50bps,/root/workspace/stock_realtime_v021_full/saved_data/600176_pipeline_out/10_search/search_vwap_low_hit_50bps/summary_50bps.csv,all_no_ak,xgb_d3_600_lr002_mcw3,50.0,189,0.7566137566137566,2.258242853614525e-05,0.005,-0.0060281559751959,-0.1791778375212013,1.006040503330199,10,/root/workspace/stock_realtime_v021_full/saved_data/600176_pipeline_out/03_sector/training_samples_with_sector.csv,/root/workspace/stock_realtime_v021_full/saved_data/600176_pipeline_out/00_base/600176_5m.csv,"fundamental,sector",,50.0,-0.04448400231587188
600176,600176.SH,close_profit,all_days,/root/workspace/stock_realtime_v021_full/saved_data/600176_pipeline_out/10_search/search_all_days_close_profit_50bps,/root/workspace/stock_realtime_v021_full/saved_data/600176_pipeline_out/10_search/search_all_days_close_profit_50bps/summary_50bps.csv,reversal_fundamental_regime,extra_trees_600_d3,50.0,189,0.4391534391534391,0.0012748465476321,-0.0010644543828265,0.2165281253118245,-0.2500704273876054,1.1841642064899864,10,/root/workspace/stock_realtime_v021_full/saved_data/600176_pipeline_out/03_sector/training_samples_with_sector.csv,/root/workspace/stock_realtime_v021_full/saved_data/600176_pipeline_out/00_base/600176_5m.csv,"fundamental,sector",,50.0,-0.04499136443496967
600176,600176.SH,hit,all_days,/root/workspace/stock_realtime_v021_full/saved_data/600176_pipeline_out/10_search/search_all_days_hit_50bps,/root/workspace/stock_realtime_v021_full/saved_data/600176_pipeline_out/10_search/search_all_days_hit_50bps/summary_50bps.csv,reversal_fundamental_regime_sector,xgb_d2_200_lr003_mcw5,50.0,177,0.7909604519774012,2.1662500107785903e-05,0.005,-0.0096115160565493,-0.1814475191117511,1.0055361536887304,10,/root/workspace/stock_realtime_v021_full/saved_data/600176_pipeline_out/03_sector/training_samples_with_sector.csv,/root/workspace/stock_realtime_v021_full/saved_data/600176_pipeline_out/00_base/600176_5m.csv,"fundamental,sector",,50.0,-0.04507367895865926
600176,600176.SH,close_profit,vwap_low,/root/workspace/stock_realtime_v021_full/saved_data/600176_pipeline_out/10_search/search_vwap_low_close_profit_50bps,/root/workspace/stock_realtime_v021_full/saved_data/600176_pipeline_out/10_search/search_vwap_low_close_profit_50bps/summary_50bps.csv,all_no_ak,xgb_d4_500_lr002_mcw5,50.0,185,0.4702702702702703,0.001789257362108,-0.002309037433155,0.3263417540587225,-0.2803941744277791,1.2430528374032066,10,/root/workspace/stock_realtime_v021_full/saved_data/600176_pipeline_out/03_sector/training_samples_with_sector.csv,/root/workspace/stock_realtime_v021_full/saved_data/600176_pipeline_out/00_base/600176_5m.csv,"fundamental,sector",,50.0,-0.04576201236369504
600176,600176.SH,close_profit,all_days,/root/workspace/stock_realtime_v021_full/saved_data/600176_pipeline_out/10_search/search_all_days_close_profit_50bps,/root/workspace/stock_realtime_v021_full/saved_data/600176_pipeline_out/10_search/search_all_days_close_profit_50bps/summary_50bps.csv,reversal_fundamental_regime_sector,xgb_d3_400_lr003_mcw3,50.0,183,0.4754098360655737,0.0011165709156913,-0.0011700000000001,0.1699783576978437,-0.2447617874632577,1.147231235720552,10,/root/workspace/stock_realtime_v021_full/saved_data/600176_pipeline_out/03_sector/training_samples_with_sector.csv,/root/workspace/stock_realtime_v021_full/saved_data/600176_pipeline_out/00_base/600176_5m.csv,"fundamental,sector",,50.0,-0.04608575548904374
600176,600176.SH,hit,vwap_low,/root/workspace/stock_realtime_v021_full/saved_data/600176_pipeline_out/10_search/search_vwap_low_hit_50bps,/root/workspace/stock_realtime_v021_full/saved_data/600176_pipeline_out/10_search/search_vwap_low_hit_50bps/summary_50bps.csv,all_no_ak,xgb_d2_200_lr003_mcw5,50.0,205,0.775609756097561,0.0003692293036649,0.005,0.0673180584830095,-0.20645581738695,1.1058403305858149,10,/root/workspace/stock_realtime_v021_full/saved_data/600176_pipeline_out/03_sector/training_samples_with_sector.csv,/root/workspace/stock_realtime_v021_full/saved_data/600176_pipeline_out/00_base/600176_5m.csv,"fundamental,sector",,50.0,-0.046327395245545334
600176,600176.SH,hit,all_days,/root/workspace/stock_realtime_v021_full/saved_data/600176_pipeline_out/10_search/search_all_days_hit_50bps,/root/workspace/stock_realtime_v021_full/saved_data/600176_pipeline_out/10_search/search_all_days_hit_50bps/summary_50bps.csv,all_no_ak,xgb_d4_500_lr002_mcw5,50.0,196,0.7551020408163265,-0.0002805526125442,0.005,-0.0646120058577539,-0.1718633164870152,0.9301559319570852,10,/root/workspace/stock_realtime_v021_full/saved_data/600176_pipeline_out/03_sector/training_samples_with_sector.csv,/root/workspace/stock_realtime_v021_full/saved_data/600176_pipeline_out/00_base/600176_5m.csv,"fundamental,sector",,50.0,-0.046893565697372595
600176,600176.SH,close_profit,vwap_low,/root/workspace/stock_realtime_v021_full/saved_data/600176_pipeline_out/10_search/search_vwap_low_close_profit_50bps,/root/workspace/stock_realtime_v021_full/saved_data/600176_pipeline_out/10_search/search_vwap_low_close_profit_50bps/summary_50bps.csv,all_no_ak,extra_trees_600_d3,50.0,154,0.487012987012987,0.0025122545648163,-0.0001699999999999,0.4271208146129797,-0.3129024342822261,1.4370194830968874,10,/root/workspace/stock_realtime_v021_full/saved_data/600176_pipeline_out/03_sector/training_samples_with_sector.csv,/root/workspace/stock_realtime_v021_full/saved_data/600176_pipeline_out/00_base/600176_5m.csv,"fundamental,sector",,50.0,-0.047049349305535455
600176,600176.SH,hit,vwap_low,/root/workspace/stock_realtime_v021_full/saved_data/600176_pipeline_out/10_search/search_vwap_low_hit_50bps,/root/workspace/stock_realtime_v021_full/saved_data/600176_pipeline_out/10_search/search_vwap_low_hit_50bps/summary_50bps.csv,all_no_ak,xgb_d3_400_lr003_mcw3,50.0,194,0.7577319587628866,-9.033301018341052e-05,0.005,-0.0280225361478385,-0.1851239133315894,0.9765829494779042,10,/root/workspace/stock_realtime_v021_full/saved_data/600176_pipeline_out/03_sector/training_samples_with_sector.csv,/root/workspace/stock_realtime_v021_full/saved_data/600176_pipeline_out/00_base/600176_5m.csv,"fundamental,sector",,50.0,-0.04753917157297872
600176,600176.SH,hit,all_days,/root/workspace/stock_realtime_v021_full/saved_data/600176_pipeline_out/10_search/search_all_days_hit_50bps,/root/workspace/stock_realtime_v021_full/saved_data/600176_pipeline_out/10_search/search_all_days_hit_50bps/summary_50bps.csv,reversal_fundamental_regime_sector,xgb_d3_600_lr002_mcw3,50.0,213,0.7605633802816901,-0.0003231177903262,0.005,-0.0785479796789938,-0.172824465828342,0.9209950920296518,10,/root/workspace/stock_realtime_v021_full/saved_data/600176_pipeline_out/03_sector/training_samples_with_sector.csv,/root/workspace/stock_realtime_v021_full/saved_data/600176_pipeline_out/00_base/600176_5m.csv,"fundamental,sector",,50.0,-0.04792186535504284
600176,600176.SH,hit,vwap_low,/root/workspace/stock_realtime_v021_full/saved_data/600176_pipeline_out/10_search/search_vwap_low_hit_80bps,/root/workspace/stock_realtime_v021_full/saved_data/600176_pipeline_out/10_search/search_vwap_low_hit_80bps/summary_80bps.csv,all_no_ak,lgbm_leaves7_400,80.0,182,0.6648351648351648,0.0001040437769579,0.008,0.003568520942673,-0.2012078742487807,1.0206586990734872,10,/root/workspace/stock_realtime_v021_full/saved_data/600176_pipeline_out/03_sector/training_samples_with_sector.csv,/root/workspace/stock_realtime_v021_full/saved_data/600176_pipeline_out/00_base/600176_5m.csv,"fundamental,sector",,50.0,-0.048898341272168695
600176,600176.SH,close_profit,all_days,/root/workspace/stock_realtime_v021_full/saved_data/600176_pipeline_out/10_search/search_all_days_close_profit_50bps,/root/workspace/stock_realtime_v021_full/saved_data/600176_pipeline_out/10_search/search_all_days_close_profit_50bps/summary_50bps.csv,reversal_fundamental_regime_sector,xgb_d2_200_lr003_mcw5,50.0,150,0.4266666666666667,0.0002163609962185,-0.0033925320893763,-0.006823209052266,-0.2072780476606923,1.0268810998788596,10,/root/workspace/stock_realtime_v021_full/saved_data/600176_pipeline_out/03_sector/training_samples_with_sector.csv,/root/workspace/stock_realtime_v021_full/saved_data/600176_pipeline_out/00_base/600176_5m.csv,"fundamental,sector",,50.0,-0.049169641710295246
600176,600176.SH,close_profit,vwap_low,/root/workspace/stock_realtime_v021_full/saved_data/600176_pipeline_out/10_search/search_vwap_low_close_profit_50bps,/root/workspace/stock_realtime_v021_full/saved_data/600176_pipeline_out/10_search/search_vwap_low_close_profit_50bps/summary_50bps.csv,reversal_fundamental_regime,extra_trees_600_d3,50.0,184,0.4347826086956521,0.0009079218407976,-0.0011172271914133,0.131692929247783,-0.2500704273876054,1.129655157408336,10,/root/workspace/stock_realtime_v021_full/saved_data/600176_pipeline_out/03_sector/training_samples_with_sector.csv,/root/workspace/stock_realtime_v021_full/saved_data/600176_pipeline_out/00_base/600176_5m.csv,"fundamental,sector",,50.0,-0.05020195580054965
600176,600176.SH,hit,all_days,/root/workspace/stock_realtime_v021_full/saved_data/600176_pipeline_out/10_search/search_all_days_hit_50bps,/root/workspace/stock_realtime_v021_full/saved_data/600176_pipeline_out/10_search/search_all_days_hit_50bps/summary_50bps.csv,reversal_fundamental_regime,xgb_d3_400_lr003_mcw3,50.0,256,0.78125,0.0001183375647256,0.005,0.0143476280737699,-0.2111637959309864,1.0312772740204823,10,/root/workspace/stock_realtime_v021_full/saved_data/600176_pipeline_out/03_sector/training_samples_with_sector.csv,/root/workspace/stock_realtime_v021_full/saved_data/600176_pipeline_out/00_base/600176_5m.csv,"fundamental,sector",,50.0,-0.050897547947136995
600176,600176.SH,hit,all_days,/root/workspace/stock_realtime_v021_full/saved_data/600176_pipeline_out/10_search/search_all_days_hit_80bps,/root/workspace/stock_realtime_v021_full/saved_data/600176_pipeline_out/10_search/search_all_days_hit_80bps/summary_80bps.csv,all_no_ak,lgbm_leaves7_400,80.0,183,0.6666666666666666,-0.0001086552615066,0.008,-0.0357965257288577,-0.2012078742487807,0.9793613256015702,10,/root/workspace/stock_realtime_v021_full/saved_data/600176_pipeline_out/03_sector/training_samples_with_sector.csv,/root/workspace/stock_realtime_v021_full/saved_data/600176_pipeline_out/00_base/600176_5m.csv,"fundamental,sector",,50.0,-0.051771829695469805
600176,600176.SH,hit,vwap_low,/root/workspace/stock_realtime_v021_full/saved_data/600176_pipeline_out/10_search/search_vwap_low_hit_50bps,/root/workspace/stock_realtime_v021_full/saved_data/600176_pipeline_out/10_search/search_vwap_low_hit_50bps/summary_50bps.csv,reversal_fundamental_regime_sector,xgb_d3_400_lr003_mcw3,50.0,182,0.7527472527472527,-0.0001766945745226,0.005,-0.041477245891298,-0.1981231166361727,0.9548651843211138,10,/root/workspace/stock_realtime_v021_full/saved_data/600176_pipeline_out/03_sector/training_samples_with_sector.csv,/root/workspace/stock_realtime_v021_full/saved_data/600176_pipeline_out/00_base/600176_5m.csv,"fundamental,sector",,50.0,-0.05191451929277452
600176,600176.SH,hit,all_days,/root/workspace/stock_realtime_v021_full/saved_data/600176_pipeline_out/10_search/search_all_days_hit_50bps,/root/workspace/stock_realtime_v021_full/saved_data/600176_pipeline_out/10_search/search_all_days_hit_50bps/summary_50bps.csv,all_no_ak,xgb_d3_400_lr003_mcw3,50.0,194,0.7525773195876289,-0.0004410285546361,0.005,-0.0939570523581961,-0.1851239133315894,0.8945537555401449,10,/root/workspace/stock_realtime_v021_full/saved_data/600176_pipeline_out/03_sector/training_samples_with_sector.csv,/root/workspace/stock_realtime_v021_full/saved_data/600176_pipeline_out/00_base/600176_5m.csv,"fundamental,sector",,50.0,-0.05242379528319426
600176,600176.SH,close_profit,all_days,/root/workspace/stock_realtime_v021_full/saved_data/600176_pipeline_out/10_search/search_all_days_close_profit_50bps,/root/workspace/stock_realtime_v021_full/saved_data/600176_pipeline_out/10_search/search_all_days_close_profit_50bps/summary_50bps.csv,reversal_fundamental_regime,xgb_d3_400_lr003_mcw3,50.0,207,0.4492753623188406,0.00111260606672,-0.001809344262295,0.1999488937214721,-0.2755452118471739,1.150272814724769,10,/root/workspace/stock_realtime_v021_full/saved_data/600176_pipeline_out/03_sector/training_samples_with_sector.csv,/root/workspace/stock_realtime_v021_full/saved_data/600176_pipeline_out/00_base/600176_5m.csv,"fundamental,sector",,50.0,-0.052878689218379224
600176,600176.SH,close_profit,all_days,/root/workspace/stock_realtime_v021_full/saved_data/600176_pipeline_out/10_search/search_all_days_close_profit_50bps,/root/workspace/stock_realtime_v021_full/saved_data/600176_pipeline_out/10_search/search_all_days_close_profit_50bps/summary_50bps.csv,reversal_fundamental_regime_sector,lgbm_leaves15_700,50.0,193,0.4611398963730569,0.0012763414187549,-0.0014840604467806,0.2209716109120454,-0.2839118561576952,1.178116623847106,10,/root/workspace/stock_realtime_v021_full/saved_data/600176_pipeline_out/03_sector/training_samples_with_sector.csv,/root/workspace/stock_realtime_v021_full/saved_data/600176_pipeline_out/00_base/600176_5m.csv,"fundamental,sector",,50.0,-0.05324646236795646
600176,600176.SH,close_profit,all_days,/root/workspace/stock_realtime_v021_full/saved_data/600176_pipeline_out/10_search/search_all_days_close_profit_50bps,/root/workspace/stock_realtime_v021_full/saved_data/600176_pipeline_out/10_search/search_all_days_close_profit_50bps/summary_50bps.csv,all_no_ak,xgb_d4_500_lr002_mcw5,50.0,190,0.4631578947368421,0.0011958112075426,-0.0030796499393529,0.1907243901337141,-0.2803941744277791,1.151847620691378,10,/root/workspace/stock_realtime_v021_full/saved_data/600176_pipeline_out/03_sector/training_samples_with_sector.csv,/root/workspace/stock_realtime_v021_full/saved_data/600176_pipeline_out/00_base/600176_5m.csv,"fundamental,sector",,50.0,-0.05361542362388169
600176,600176.SH,hit,all_days,/root/workspace/stock_realtime_v021_full/saved_data/600176_pipeline_out/10_search/search_all_days_hit_50bps,/root/workspace/stock_realtime_v021_full/saved_data/600176_pipeline_out/10_search/search_all_days_hit_50bps/summary_50bps.csv,reversal_fundamental_regime,xgb_d3_600_lr002_mcw3,50.0,248,0.7580645161290323,-0.000156216385875,0.005,-0.0520618324445883,-0.2048381142168246,0.9602274341555465,10,/root/workspace/stock_realtime_v021_full/saved_data/600176_pipeline_out/03_sector/training_samples_with_sector.csv,/root/workspace/stock_realtime_v021_full/saved_data/600176_pipeline_out/00_base/600176_5m.csv,"fundamental,sector",,50.0,-0.05366962665906499
600176,600176.SH,hit,vwap_low,/root/workspace/stock_realtime_v021_full/saved_data/600176_pipeline_out/10_search/search_vwap_low_hit_50bps,/root/workspace/stock_realtime_v021_full/saved_data/600176_pipeline_out/10_search/search_vwap_low_hit_50bps/summary_50bps.csv,reversal_fundamental_regime,random_forest_600_d4,50.0,257,0.7782101167315175,0.000215100894755,0.005,0.0395561070978411,-0.2292795301053679,1.0585857848885538,10,/root/workspace/stock_realtime_v021_full/saved_data/600176_pipeline_out/03_sector/training_samples_with_sector.csv,/root/workspace/stock_realtime_v021_full/saved_data/600176_pipeline_out/00_base/600176_5m.csv,"fundamental,sector",,50.0,-0.053871552858869444
600176,600176.SH,hit,all_days,/root/workspace/stock_realtime_v021_full/saved_data/600176_pipeline_out/10_search/search_all_days_hit_50bps,/root/workspace/stock_realtime_v021_full/saved_data/600176_pipeline_out/10_search/search_all_days_hit_50bps/summary_50bps.csv,all_no_ak,xgb_d3_600_lr002_mcw3,50.0,203,0.7487684729064039,-0.0006211532966905,0.005,-0.1313705056618739,-0.1802867383595019,0.8570262435462853,10,/root/workspace/stock_realtime_v021_full/saved_data/600176_pipeline_out/03_sector/training_samples_with_sector.csv,/root/workspace/stock_realtime_v021_full/saved_data/600176_pipeline_out/00_base/600176_5m.csv,"fundamental,sector",,50.0,-0.05392175678460155
600176,600176.SH,hit,all_days,/root/workspace/stock_realtime_v021_full/saved_data/600176_pipeline_out/10_search/search_all_days_hit_50bps,/root/workspace/stock_realtime_v021_full/saved_data/600176_pipeline_out/10_search/search_all_days_hit_50bps/summary_50bps.csv,all_no_ak,xgb_d2_200_lr003_mcw5,50.0,213,0.7652582159624414,-0.0001609250649603,0.005,-0.046954425856811,-0.20645581738695,0.9594413047328968,10,/root/workspace/stock_realtime_v021_full/saved_data/600176_pipeline_out/03_sector/training_samples_with_sector.csv,/root/workspace/stock_realtime_v021_full/saved_data/600176_pipeline_out/00_base/600176_5m.csv,"fundamental,sector",,50.0,-0.053962578348449475
600176,600176.SH,close_profit,vwap_low,/root/workspace/stock_realtime_v021_full/saved_data/600176_pipeline_out/10_search/search_vwap_low_close_profit_50bps,/root/workspace/stock_realtime_v021_full/saved_data/600176_pipeline_out/10_search/search_vwap_low_close_profit_50bps/summary_50bps.csv,reversal_fundamental_regime,xgb_d3_600_lr002_mcw3,50.0,190,0.4473684210526316,0.000845008911269,-0.0021121190656176,0.1236130226273393,-0.26293518602341,1.112929467768008,10,/root/workspace/stock_realtime_v021_full/saved_data/600176_pipeline_out/03_sector/training_samples_with_sector.csv,/root/workspace/stock_realtime_v021_full/saved_data/600176_pipeline_out/00_base/600176_5m.csv,"fundamental,sector",,50.0,-0.05408615247696992
600176,600176.SH,close_profit,vwap_low,/root/workspace/stock_realtime_v021_full/saved_data/600176_pipeline_out/10_search/search_vwap_low_close_profit_50bps,/root/workspace/stock_realtime_v021_full/saved_data/600176_pipeline_out/10_search/search_vwap_low_close_profit_50bps/summary_50bps.csv,reversal_fundamental_regime,xgb_d3_400_lr003_mcw3,50.0,208,0.4471153846153846,0.001015809704709,-0.0018622724801876,0.1761667878392954,-0.2755452118471739,1.13503016356489,10,/root/workspace/stock_realtime_v021_full/saved_data/600176_pipeline_out/03_sector/training_samples_with_sector.csv,/root/workspace/stock_realtime_v021_full/saved_data/600176_pipeline_out/00_base/600176_5m.csv,"fundamental,sector",,50.0,-0.05423608705602454
600176,600176.SH,close_profit,vwap_low,/root/workspace/stock_realtime_v021_full/saved_data/600176_pipeline_out/10_search/search_vwap_low_close_profit_50bps,/root/workspace/stock_realtime_v021_full/saved_data/600176_pipeline_out/10_search/search_vwap_low_close_profit_50bps/summary_50bps.csv,reversal_fundamental_regime_sector,xgb_d2_200_lr003_mcw5,50.0,148,0.4189189189189189,-0.0002187349338288,-0.0037682420063707,-0.0682044193039925,-0.2072780476606923,0.973186304848843,10,/root/workspace/stock_realtime_v021_full/saved_data/600176_pipeline_out/03_sector/training_samples_with_sector.csv,/root/workspace/stock_realtime_v021_full/saved_data/600176_pipeline_out/00_base/600176_5m.csv,"fundamental,sector",,50.0,-0.054480537234295245
600176,600176.SH,hit,all_days,/root/workspace/stock_realtime_v021_full/saved_data/600176_pipeline_out/10_search/search_all_days_hit_80bps,/root/workspace/stock_realtime_v021_full/saved_data/600176_pipeline_out/10_search/search_all_days_hit_80bps/summary_80bps.csv,all_no_ak,lgbm_leaves15_700,80.0,227,0.6696035242290749,-0.0001537654943319,0.008,-0.0541851589202185,-0.2087894733913209,0.9713602239348128,10,/root/workspace/stock_realtime_v021_full/saved_data/600176_pipeline_out/03_sector/training_samples_with_sector.csv,/root/workspace/stock_realtime_v021_full/saved_data/600176_pipeline_out/00_base/600176_5m.csv,"fundamental,sector",,50.0,-0.05451407911637673
600176,600176.SH,hit,vwap_low,/root/workspace/stock_realtime_v021_full/saved_data/600176_pipeline_out/10_search/search_vwap_low_hit_80bps,/root/workspace/stock_realtime_v021_full/saved_data/600176_pipeline_out/10_search/search_vwap_low_hit_80bps/summary_80bps.csv,all_no_ak,lgbm_leaves15_700,80.0,215,0.6604651162790698,-0.0002427859970163,0.008,-0.068954552010702,-0.2087894733913209,0.954846946955789,10,/root/workspace/stock_realtime_v021_full/saved_data/600176_pipeline_out/03_sector/training_samples_with_sector.csv,/root/workspace/stock_realtime_v021_full/saved_data/600176_pipeline_out/00_base/600176_5m.csv,"fundamental,sector",,50.0,-0.05575730987468818
600176,600176.SH,hit,vwap_low,/root/workspace/stock_realtime_v021_full/saved_data/600176_pipeline_out/10_search/search_vwap_low_hit_80bps,/root/workspace/stock_realtime_v021_full/saved_data/600176_pipeline_out/10_search/search_vwap_low_hit_80bps/summary_80bps.csv,reversal_fundamental_regime,lgbm_leaves7_400,80.0,175,0.6342857142857142,-0.0004021959781594,0.008,-0.0812049537887278,-0.2031114455344285,0.924822909433444,10,/root/workspace/stock_realtime_v021_full/saved_data/600176_pipeline_out/03_sector/training_samples_with_sector.csv,/root/workspace/stock_realtime_v021_full/saved_data/600176_pipeline_out/00_base/600176_5m.csv,"fundamental,sector",,50.0,-0.056098414066207816
600176,600176.SH,hit,vwap_low,/root/workspace/stock_realtime_v021_full/saved_data/600176_pipeline_out/10_search/search_vwap_low_hit_50bps,/root/workspace/stock_realtime_v021_full/saved_data/600176_pipeline_out/10_search/search_vwap_low_hit_50bps/summary_50bps.csv,reversal_fundamental_regime_sector,lgbm_leaves7_400,50.0,181,0.7458563535911602,-0.0003056488511882,0.005,-0.064710281734874,-0.2082551876220815,0.9234434756794656,10,/root/workspace/stock_realtime_v021_full/saved_data/600176_pipeline_out/03_sector/training_samples_with_sector.csv,/root/workspace/stock_realtime_v021_full/saved_data/600176_pipeline_out/00_base/600176_5m.csv,"fundamental,sector",,50.0,-0.0561758816398264
600176,600176.SH,close_profit,all_days,/root/workspace/stock_realtime_v021_full/saved_data/600176_pipeline_out/10_search/search_all_days_close_profit_50bps,/root/workspace/stock_realtime_v021_full/saved_data/600176_pipeline_out/10_search/search_all_days_close_profit_50bps/summary_50bps.csv,reversal_fundamental_regime_sector,random_forest_600_d4,50.0,140,0.4642857142857143,0.0015092704197193,-0.0009395152966564,0.199412580798092,-0.2970542299470522,1.2258092341432385,10,/root/workspace/stock_realtime_v021_full/saved_data/600176_pipeline_out/03_sector/training_samples_with_sector.csv,/root/workspace/stock_realtime_v021_full/saved_data/600176_pipeline_out/00_base/600176_5m.csv,"fundamental,sector",,50.0,-0.05640562905209981
600176,600176.SH,close_profit,all_days,/root/workspace/stock_realtime_v021_full/saved_data/600176_pipeline_out/10_search/search_all_days_close_profit_50bps,/root/workspace/stock_realtime_v021_full/saved_data/600176_pipeline_out/10_search/search_all_days_close_profit_50bps/summary_50bps.csv,reversal_fundamental_regime,xgb_d3_600_lr002_mcw3,50.0,194,0.4381443298969072,0.0006205537186071,-0.0021121190656176,0.0796595992903002,-0.26293518602341,1.0830978287390776,10,/root/workspace/stock_realtime_v021_full/saved_data/600176_pipeline_out/03_sector/training_samples_with_sector.csv,/root/workspace/stock_realtime_v021_full/saved_data/600176_pipeline_out/00_base/600176_5m.csv,"fundamental,sector",,50.0,-0.05709048336624235
600176,600176.SH,close_profit,vwap_low,/root/workspace/stock_realtime_v021_full/saved_data/600176_pipeline_out/10_search/search_vwap_low_close_profit_50bps,/root/workspace/stock_realtime_v021_full/saved_data/600176_pipeline_out/10_search/search_vwap_low_close_profit_50bps/summary_50bps.csv,all_no_ak,lgbm_leaves15_700,50.0,204,0.4362745098039216,0.0016199529090625,-0.0026433750252333,0.3292531026852914,-0.3236395519250845,1.2460248636618103,10,/root/workspace/stock_realtime_v021_full/saved_data/600176_pipeline_out/03_sector/training_samples_with_sector.csv,/root/workspace/stock_realtime_v021_full/saved_data/600176_pipeline_out/00_base/600176_5m.csv,"fundamental,sector",,50.0,-0.05777233246591187
600176,600176.SH,hit,all_days,/root/workspace/stock_realtime_v021_full/saved_data/600176_pipeline_out/10_search/search_all_days_hit_50bps,/root/workspace/stock_realtime_v021_full/saved_data/600176_pipeline_out/10_search/search_all_days_hit_50bps/summary_50bps.csv,reversal_fundamental_regime,random_forest_600_d4,50.0,274,0.7773722627737226,-3.5358088086978435e-05,0.005,-0.0291272732995988,-0.2292795301053679,0.9909756981536118,10,/root/workspace/stock_realtime_v021_full/saved_data/600176_pipeline_out/03_sector/training_samples_with_sector.csv,/root/workspace/stock_realtime_v021_full/saved_data/600176_pipeline_out/00_base/600176_5m.csv,"fundamental,sector",,50.0,-0.05790516302638245
600176,600176.SH,hit,all_days,/root/workspace/stock_realtime_v021_full/saved_data/600176_pipeline_out/10_search/search_all_days_hit_80bps,/root/workspace/stock_realtime_v021_full/saved_data/600176_pipeline_out/10_search/search_all_days_hit_80bps/summary_80bps.csv,reversal_fundamental_regime,lgbm_leaves7_400,80.0,181,0.6353591160220995,-0.0005585086963135,0.008,-0.1102034949527406,-0.2031114455344285,0.8988039116963167,10,/root/workspace/stock_realtime_v021_full/saved_data/600176_pipeline_out/03_sector/training_samples_with_sector.csv,/root/workspace/stock_realtime_v021_full/saved_data/600176_pipeline_out/00_base/600176_5m.csv,"fundamental,sector",,50.0,-0.058291827410830215
600176,600176.SH,close_profit,all_days,/root/workspace/stock_realtime_v021_full/saved_data/600176_pipeline_out/10_search/search_all_days_close_profit_50bps,/root/workspace/stock_realtime_v021_full/saved_data/600176_pipeline_out/10_search/search_all_days_close_profit_50bps/summary_50bps.csv,reversal_fundamental_regime,xgb_d2_200_lr003_mcw5,50.0,219,0.4474885844748858,0.0013992185027955,-0.0026637655860349,0.2802911928459284,-0.3165045439128389,1.183622020689223,10,/root/workspace/stock_realtime_v021_full/saved_data/600176_pipeline_out/03_sector/training_samples_with_sector.csv,/root/workspace/stock_realtime_v021_full/saved_data/600176_pipeline_out/00_base/600176_5m.csv,"fundamental,sector",,50.0,-0.05841959305898256
600176,600176.SH,close_profit,vwap_low,/root/workspace/stock_realtime_v021_full/saved_data/600176_pipeline_out/10_search/search_vwap_low_close_profit_50bps,/root/workspace/stock_realtime_v021_full/saved_data/600176_pipeline_out/10_search/search_vwap_low_close_profit_50bps/summary_50bps.csv,reversal_fundamental_regime_sector,lgbm_leaves15_700,50.0,187,0.4545454545454545,0.0008493445839477,-0.0015975517487509,0.120704397226369,-0.2839118561576952,1.116617193641132,10,/root/workspace/stock_realtime_v021_full/saved_data/600176_pipeline_out/03_sector/training_samples_with_sector.csv,/root/workspace/stock_realtime_v021_full/saved_data/600176_pipeline_out/00_base/600176_5m.csv,"fundamental,sector",,50.0,-0.059363351537639615
600176,600176.SH,hit,all_days,/root/workspace/stock_realtime_v021_full/saved_data/600176_pipeline_out/10_search/search_all_days_hit_50bps,/root/workspace/stock_realtime_v021_full/saved_data/600176_pipeline_out/10_search/search_all_days_hit_50bps/summary_50bps.csv,reversal_fundamental_regime_sector,xgb_d3_400_lr003_mcw3,50.0,189,0.746031746031746,-0.0007268746190143,0.005,-0.1400182258536442,-0.1981231166361727,0.8360076412715787,10,/root/workspace/stock_realtime_v021_full/saved_data/600176_pipeline_out/03_sector/training_samples_with_sector.csv,/root/workspace/stock_realtime_v021_full/saved_data/600176_pipeline_out/00_base/600176_5m.csv,"fundamental,sector",,50.0,-0.05952365304616883
600176,600176.SH,hit,vwap_low,/root/workspace/stock_realtime_v021_full/saved_data/600176_pipeline_out/10_search/search_vwap_low_hit_80bps,/root/workspace/stock_realtime_v021_full/saved_data/600176_pipeline_out/10_search/search_vwap_low_hit_80bps/summary_80bps.csv,reversal_fundamental_regime,xgb_d2_200_lr003_mcw5,80.0,193,0.6269430051813472,-0.0005876947372075,0.008,-0.123222523863521,-0.2063475714512993,0.8935090011705152,10,/root/workspace/stock_realtime_v021_full/saved_data/600176_pipeline_out/03_sector/training_samples_with_sector.csv,/root/workspace/stock_realtime_v021_full/saved_data/600176_pipeline_out/00_base/600176_5m.csv,"fundamental,sector",,50.0,-0.059751409082374446
600176,600176.SH,hit,vwap_low,/root/workspace/stock_realtime_v021_full/saved_data/600176_pipeline_out/10_search/search_vwap_low_hit_50bps,/root/workspace/stock_realtime_v021_full/saved_data/600176_pipeline_out/10_search/search_vwap_low_hit_50bps/summary_50bps.csv,reversal_fundamental_regime_sector,lgbm_leaves15_700,50.0,215,0.7627906976744186,-0.0002790189661868,0.005,-0.0722488645768617,-0.2247991707103799,0.931228993496366,10,/root/workspace/stock_realtime_v021_full/saved_data/600176_pipeline_out/03_sector/training_samples_with_sector.csv,/root/workspace/stock_realtime_v021_full/saved_data/600176_pipeline_out/00_base/600176_5m.csv,"fundamental,sector",,50.0,-0.06029101382179745
600176,600176.SH,hit,all_days,/root/workspace/stock_realtime_v021_full/saved_data/600176_pipeline_out/10_search/search_all_days_hit_80bps,/root/workspace/stock_realtime_v021_full/saved_data/600176_pipeline_out/10_search/search_all_days_hit_80bps/summary_80bps.csv,all_no_ak,xgb_d3_600_lr002_mcw3,80.0,244,0.6557377049180327,-5.0956653505443975e-06,0.008,-0.0220314698128079,-0.2449403023589819,0.9989849769776084,10,/root/workspace/stock_realtime_v021_full/saved_data/600176_pipeline_out/03_sector/training_samples_with_sector.csv,/root/workspace/stock_realtime_v021_full/saved_data/600176_pipeline_out/00_base/600176_5m.csv,"fundamental,sector",,50.0,-0.06131467242705071
600176,600176.SH,hit,all_days,/root/workspace/stock_realtime_v021_full/saved_data/600176_pipeline_out/10_search/search_all_days_hit_80bps,/root/workspace/stock_realtime_v021_full/saved_data/600176_pipeline_out/10_search/search_all_days_hit_80bps/summary_80bps.csv,reversal_fundamental_regime,xgb_d2_200_lr003_mcw5,80.0,222,0.6441441441441441,-0.0006839933678706,0.008,-0.1611231120462052,-0.2063475714512993,0.8813268562405722,10,/root/workspace/stock_realtime_v021_full/saved_data/600176_pipeline_out/03_sector/training_samples_with_sector.csv,/root/workspace/stock_realtime_v021_full/saved_data/600176_pipeline_out/00_base/600176_5m.csv,"fundamental,sector",,50.0,-0.06177816451353625
600176,600176.SH,close_profit,vwap_low,/root/workspace/stock_realtime_v021_full/saved_data/600176_pipeline_out/10_search/search_vwap_low_close_profit_50bps,/root/workspace/stock_realtime_v021_full/saved_data/600176_pipeline_out/10_search/search_vwap_low_close_profit_50bps/summary_50bps.csv,reversal_fundamental_regime_sector,random_forest_600_d4,50.0,137,0.4525547445255474,0.0010134489539448,-0.0011700000000001,0.1166210540899095,-0.2970542299470522,1.1483778410542356,10,/root/workspace/stock_realtime_v021_full/saved_data/600176_pipeline_out/03_sector/training_samples_with_sector.csv,/root/workspace/stock_realtime_v021_full/saved_data/600176_pipeline_out/00_base/600176_5m.csv,"fundamental,sector",,50.0,-0.062401441606006455
600176,600176.SH,hit,vwap_low,/root/workspace/stock_realtime_v021_full/saved_data/600176_pipeline_out/10_search/search_vwap_low_hit_80bps,/root/workspace/stock_realtime_v021_full/saved_data/600176_pipeline_out/10_search/search_vwap_low_hit_80bps/summary_80bps.csv,reversal_fundamental_regime,xgb_d3_400_lr003_mcw3,80.0,188,0.6436170212765957,-0.0004791090154409,0.008,-0.101683355220067,-0.2238255180255141,0.9121441962538896,10,/root/workspace/stock_realtime_v021_full/saved_data/600176_pipeline_out/03_sector/training_samples_with_sector.csv,/root/workspace/stock_realtime_v021_full/saved_data/600176_pipeline_out/00_base/600176_5m.csv,"fundamental,sector",,50.0,-0.06252559135798057
600176,600176.SH,close_profit,vwap_low,/root/workspace/stock_realtime_v021_full/saved_data/600176_pipeline_out/10_search/search_vwap_low_close_profit_50bps,/root/workspace/stock_realtime_v021_full/saved_data/600176_pipeline_out/10_search/search_vwap_low_close_profit_50bps/summary_50bps.csv,reversal_fundamental_regime,lgbm_leaves15_700,50.0,199,0.4221105527638191,0.0003047469484582,-0.0032281039755351,0.0078473096341102,-0.2678013591280745,1.0376269681536936,10,/root/workspace/stock_realtime_v021_full/saved_data/600176_pipeline_out/03_sector/training_samples_with_sector.csv,/root/workspace/stock_realtime_v021_full/saved_data/600176_pipeline_out/00_base/600176_5m.csv,"fundamental,sector",,50.0,-0.06265135503950996
600176,600176.SH,close_profit,vwap_low,/root/workspace/stock_realtime_v021_full/saved_data/600176_pipeline_out/10_search/search_vwap_low_close_profit_50bps,/root/workspace/stock_realtime_v021_full/saved_data/600176_pipeline_out/10_search/search_vwap_low_close_profit_50bps/summary_50bps.csv,reversal_fundamental_regime_sector,extra_trees_600_d3,50.0,225,0.44,0.0010402353881469,-0.0010644543828265,0.2061911045278939,-0.3145310896868601,1.1592146831646708,10,/root/workspace/stock_realtime_v021_full/saved_data/600176_pipeline_out/03_sector/training_samples_with_sector.csv,/root/workspace/stock_realtime_v021_full/saved_data/600176_pipeline_out/00_base/600176_5m.csv,"fundamental,sector",,50.0,-0.06302924159951152
600176,600176.SH,hit,all_days,/root/workspace/stock_realtime_v021_full/saved_data/600176_pipeline_out/10_search/search_all_days_hit_50bps,/root/workspace/stock_realtime_v021_full/saved_data/600176_pipeline_out/10_search/search_all_days_hit_50bps/summary_50bps.csv,reversal_fundamental_regime_sector,lgbm_leaves7_400,50.0,188,0.7393617021276596,-0.0008539538962535,0.005,-0.1608627882783966,-0.2082551876220815,0.8106479066686471,10,/root/workspace/stock_realtime_v021_full/saved_data/600176_pipeline_out/03_sector/training_samples_with_sector.csv,/root/workspace/stock_realtime_v021_full/saved_data/600176_pipeline_out/00_base/600176_5m.csv,"fundamental,sector",,50.0,-0.06377262282028179
600176,600176.SH,close_profit,vwap_low,/root/workspace/stock_realtime_v021_full/saved_data/600176_pipeline_out/10_search/search_vwap_low_close_profit_50bps,/root/workspace/stock_realtime_v021_full/saved_data/600176_pipeline_out/10_search/search_vwap_low_close_profit_50bps/summary_50bps.csv,reversal_fundamental_regime,lgbm_leaves7_400,50.0,207,0.4396135265700483,-0.000110047231639,-0.0030271428571428,-0.0696741543252355,-0.249602266708966,0.9864887098284396,10,/root/workspace/stock_realtime_v021_full/saved_data/600176_pipeline_out/03_sector/training_samples_with_sector.csv,/root/workspace/stock_realtime_v021_full/saved_data/600176_pipeline_out/00_base/600176_5m.csv,"fundamental,sector",,50.0,-0.06398387062488434
600176,600176.SH,hit,vwap_low,/root/workspace/stock_realtime_v021_full/saved_data/600176_pipeline_out/10_search/search_vwap_low_hit_80bps,/root/workspace/stock_realtime_v021_full/saved_data/600176_pipeline_out/10_search/search_vwap_low_hit_80bps/summary_80bps.csv,all_no_ak,xgb_d3_600_lr002_mcw3,80.0,238,0.6470588235294118,-0.0002069047997711,0.008,-0.067687113104044,-0.2449403023589819,0.9597993856158744,10,/root/workspace/stock_realtime_v021_full/saved_data/600176_pipeline_out/03_sector/training_samples_with_sector.csv,/root/workspace/stock_realtime_v021_full/saved_data/600176_pipeline_out/00_base/600176_5m.csv,"fundamental,sector",,50.0,-0.0644270473765976
600176,600176.SH,hit,all_days,/root/workspace/stock_realtime_v021_full/saved_data/600176_pipeline_out/10_search/search_all_days_hit_80bps,/root/workspace/stock_realtime_v021_full/saved_data/600176_pipeline_out/10_search/search_all_days_hit_80bps/summary_80bps.csv,reversal_fundamental_regime,xgb_d3_400_lr003_mcw3,80.0,194,0.6443298969072165,-0.000622568416277,0.008,-0.1300355675109227,-0.2238255180255141,0.8889841087442425,10,/root/workspace/stock_realtime_v021_full/saved_data/600176_pipeline_out/03_sector/training_samples_with_sector.csv,/root/workspace/stock_realtime_v021_full/saved_data/600176_pipeline_out/00_base/600176_5m.csv,"fundamental,sector",,50.0,-0.06462775413739617
600176,600176.SH,close_profit,all_days,/root/workspace/stock_realtime_v021_full/saved_data/600176_pipeline_out/10_search/search_all_days_close_profit_50bps,/root/workspace/stock_realtime_v021_full/saved_data/600176_pipeline_out/10_search/search_all_days_close_profit_50bps/summary_50bps.csv,reversal_fundamental_regime,lgbm_leaves15_700,50.0,199,0.4221105527638191,0.0001434504415304,-0.0032281039755351,-0.0225889677494937,-0.2678013591280745,1.0177125119637451,10,/root/workspace/stock_realtime_v021_full/saved_data/600176_pipeline_out/03_sector/training_samples_with_sector.csv,/root/workspace/stock_realtime_v021_full/saved_data/600176_pipeline_out/00_base/600176_5m.csv,"fundamental,sector",,50.0,-0.06492672227718278
600176,600176.SH,hit,vwap_low,/root/workspace/stock_realtime_v021_full/saved_data/600176_pipeline_out/10_search/search_vwap_low_hit_50bps,/root/workspace/stock_realtime_v021_full/saved_data/600176_pipeline_out/10_search/search_vwap_low_hit_50bps/summary_50bps.csv,reversal_fundamental_regime_sector,random_forest_600_d4,50.0,252,0.7857142857142857,-0.0002574679988803,0.005,-0.08200430532446,-0.2457994861840778,0.938284219280634,10,/root/workspace/stock_realtime_v021_full/saved_data/600176_pipeline_out/03_sector/training_samples_with_sector.csv,/root/workspace/stock_realtime_v021_full/saved_data/600176_pipeline_out/00_base/600176_5m.csv,"fundamental,sector",,50.0,-0.06553704931958783
600176,600176.SH,close_profit,all_days,/root/workspace/stock_realtime_v021_full/saved_data/600176_pipeline_out/10_search/search_all_days_close_profit_50bps,/root/workspace/stock_realtime_v021_full/saved_data/600176_pipeline_out/10_search/search_all_days_close_profit_50bps/summary_50bps.csv,all_no_ak,lgbm_leaves15_700,50.0,210,0.4238095238095238,0.0009934569294699,-0.003184200502619,0.1751718642135211,-0.3236395519250845,1.1429826806788712,10,/root/workspace/stock_realtime_v021_full/saved_data/600176_pipeline_out/03_sector/training_samples_with_sector.csv,/root/workspace/stock_realtime_v021_full/saved_data/600176_pipeline_out/00_base/600176_5m.csv,"fundamental,sector",,50.0,-0.06651332933521026
600176,600176.SH,hit,all_days,/root/workspace/stock_realtime_v021_full/saved_data/600176_pipeline_out/10_search/search_all_days_hit_50bps,/root/workspace/stock_realtime_v021_full/saved_data/600176_pipeline_out/10_search/search_all_days_hit_50bps/summary_50bps.csv,reversal_fundamental_regime_sector,random_forest_600_d4,50.0,271,0.7896678966789668,-0.0004062834913226,0.005,-0.1255797515816324,-0.2457994861840778,0.9064167736782835,10,/root/workspace/stock_realtime_v021_full/saved_data/600176_pipeline_out/03_sector/training_samples_with_sector.csv,/root/workspace/stock_realtime_v021_full/saved_data/600176_pipeline_out/00_base/600176_5m.csv,"fundamental,sector",,50.0,-0.06813814192124107
600176,600176.SH,hit,vwap_low,/root/workspace/stock_realtime_v021_full/saved_data/600176_pipeline_out/10_search/search_vwap_low_hit_50bps,/root/workspace/stock_realtime_v021_full/saved_data/600176_pipeline_out/10_search/search_vwap_low_hit_50bps/summary_50bps.csv,all_no_ak,random_forest_600_d4,50.0,258,0.7868217054263565,9.169143385670284e-05,0.005,0.0057138945308672,-0.2788481062865588,1.0239494383995502,10,/root/workspace/stock_realtime_v021_full/saved_data/600176_pipeline_out/03_sector/training_samples_with_sector.csv,/root/workspace/stock_realtime_v021_full/saved_data/600176_pipeline_out/00_base/600176_5m.csv,"fundamental,sector",,50.0,-0.06823924406460884
600176,600176.SH,hit,all_days,/root/workspace/stock_realtime_v021_full/saved_data/600176_pipeline_out/10_search/search_all_days_hit_50bps,/root/workspace/stock_realtime_v021_full/saved_data/600176_pipeline_out/10_search/search_all_days_hit_50bps/summary_50bps.csv,reversal_fundamental_regime_sector,lgbm_leaves15_700,50.0,221,0.751131221719457,-0.0008471587032756,0.005,-0.1857874076712123,-0.2247991707103799,0.8145462040317487,10,/root/workspace/stock_realtime_v021_full/saved_data/600176_pipeline_out/03_sector/training_samples_with_sector.csv,/root/workspace/stock_realtime_v021_full/saved_data/600176_pipeline_out/00_base/600176_5m.csv,"fundamental,sector",,50.0,-0.06879371220037923
600176,600176.SH,hit,all_days,/root/workspace/stock_realtime_v021_full/saved_data/600176_pipeline_out/10_search/search_all_days_hit_50bps,/root/workspace/stock_realtime_v021_full/saved_data/600176_pipeline_out/10_search/search_all_days_hit_50bps/summary_50bps.csv,all_no_ak,random_forest_600_d4,50.0,273,0.7912087912087912,-1.64540230453429e-05,0.005,-0.0249811301033808,-0.2788481062865588,0.9958442986755492,10,/root/workspace/stock_realtime_v021_full/saved_data/600176_pipeline_out/03_sector/training_samples_with_sector.csv,/root/workspace/stock_realtime_v021_full/saved_data/600176_pipeline_out/00_base/600176_5m.csv,"fundamental,sector",,50.0,-0.0699838916497664
600176,600176.SH,hit,all_days,/root/workspace/stock_realtime_v021_full/saved_data/600176_pipeline_out/10_search/search_all_days_hit_80bps,/root/workspace/stock_realtime_v021_full/saved_data/600176_pipeline_out/10_search/search_all_days_hit_80bps/summary_80bps.csv,reversal_fundamental_regime,lgbm_leaves15_700,80.0,190,0.631578947368421,-0.0002635528338911,0.008,-0.0640959962734146,-0.2702325216691417,0.9493135487441534,10,/root/workspace/stock_realtime_v021_full/saved_data/600176_pipeline_out/03_sector/training_samples_with_sector.csv,/root/workspace/stock_realtime_v021_full/saved_data/600176_pipeline_out/00_base/600176_5m.csv,"fundamental,sector",,50.0,-0.07119095552839189
600176,600176.SH,close_profit,all_days,/root/workspace/stock_realtime_v021_full/saved_data/600176_pipeline_out/10_search/search_all_days_close_profit_50bps,/root/workspace/stock_realtime_v021_full/saved_data/600176_pipeline_out/10_search/search_all_days_close_profit_50bps/summary_50bps.csv,reversal_fundamental_regime_sector,extra_trees_600_d3,50.0,229,0.4366812227074236,0.0004711146868348,-0.0011700000000001,0.0579828935051154,-0.3145310896868601,1.066318536996708,10,/root/workspace/stock_realtime_v021_full/saved_data/600176_pipeline_out/03_sector/training_samples_with_sector.csv,/root/workspace/stock_realtime_v021_full/saved_data/600176_pipeline_out/00_base/600176_5m.csv,"fundamental,sector",,50.0,-0.07150351355233159
600176,600176.SH,hit,vwap_low,/root/workspace/stock_realtime_v021_full/saved_data/600176_pipeline_out/10_search/search_vwap_low_hit_80bps,/root/workspace/stock_realtime_v021_full/saved_data/600176_pipeline_out/10_search/search_vwap_low_hit_80bps/summary_80bps.csv,reversal_fundamental_regime,lgbm_leaves15_700,80.0,176,0.625,-0.0003808403473901,0.008,-0.0790402230466289,-0.2702325216691417,0.9275288028022588,10,/root/workspace/stock_realtime_v021_full/saved_data/600176_pipeline_out/03_sector/training_samples_with_sector.csv,/root/workspace/stock_realtime_v021_full/saved_data/600176_pipeline_out/00_base/600176_5m.csv,"fundamental,sector",,50.0,-0.07261054856657169
600176,600176.SH,close_profit,all_days,/root/workspace/stock_realtime_v021_full/saved_data/600176_pipeline_out/10_search/search_all_days_close_profit_50bps,/root/workspace/stock_realtime_v021_full/saved_data/600176_pipeline_out/10_search/search_all_days_close_profit_50bps/summary_50bps.csv,reversal_fundamental_regime,lgbm_leaves7_400,50.0,227,0.4317180616740088,-0.0007206361910429,-0.0034344178454843,-0.1973804994397949,-0.249602266708966,0.9178319529727778,10,/root/workspace/stock_realtime_v021_full/saved_data/600176_pipeline_out/03_sector/training_samples_with_sector.csv,/root/workspace/stock_realtime_v021_full/saved_data/600176_pipeline_out/00_base/600176_5m.csv,"fundamental,sector",,50.0,-0.07325804566657719
600176,600176.SH,close_profit,all_days,/root/workspace/stock_realtime_v021_full/saved_data/600176_pipeline_out/10_search/search_all_days_close_profit_50bps,/root/workspace/stock_realtime_v021_full/saved_data/600176_pipeline_out/10_search/search_all_days_close_profit_50bps/summary_50bps.csv,all_no_ak,xgb_d2_200_lr003_mcw5,50.0,183,0.4153005464480874,-0.0002806854681161,-0.0032281039755351,-0.086078316336657,-0.2785689863785753,0.962892751269612,10,/root/workspace/stock_realtime_v021_full/saved_data/600176_pipeline_out/03_sector/training_samples_with_sector.csv,/root/workspace/stock_realtime_v021_full/saved_data/600176_pipeline_out/00_base/600176_5m.csv,"fundamental,sector",,50.0,-0.07343928922781433
600176,600176.SH,close_profit,vwap_low,/root/workspace/stock_realtime_v021_full/saved_data/600176_pipeline_out/10_search/search_vwap_low_close_profit_50bps,/root/workspace/stock_realtime_v021_full/saved_data/600176_pipeline_out/10_search/search_vwap_low_close_profit_50bps/summary_50bps.csv,reversal_fundamental_regime,xgb_d2_200_lr003_mcw5,50.0,206,0.441747572815534,0.0002532709674876,-0.0030340407719103,0.00520563629562,-0.3165045439128389,1.0328451968223615,10,/root/workspace/stock_realtime_v021_full/saved_data/600176_pipeline_out/03_sector/training_samples_with_sector.csv,/root/workspace/stock_realtime_v021_full/saved_data/600176_pipeline_out/00_base/600176_5m.csv,"fundamental,sector",,50.0,-0.0754910137392398
600176,600176.SH,close_profit,vwap_low,/root/workspace/stock_realtime_v021_full/saved_data/600176_pipeline_out/10_search/search_vwap_low_close_profit_50bps,/root/workspace/stock_realtime_v021_full/saved_data/600176_pipeline_out/10_search/search_vwap_low_close_profit_50bps/summary_50bps.csv,all_no_ak,xgb_d2_200_lr003_mcw5,50.0,182,0.412087912087912,-0.0004501388692966,-0.0032327943190559,-0.1131794060728863,-0.2785689863785753,0.9408158191944416,10,/root/workspace/stock_realtime_v021_full/saved_data/600176_pipeline_out/03_sector/training_samples_with_sector.csv,/root/workspace/stock_realtime_v021_full/saved_data/600176_pipeline_out/00_base/600176_5m.csv,"fundamental,sector",,50.0,-0.07571495194733427
600176,600176.SH,hit,vwap_low,/root/workspace/stock_realtime_v021_full/saved_data/600176_pipeline_out/10_search/search_vwap_low_hit_50bps,/root/workspace/stock_realtime_v021_full/saved_data/600176_pipeline_out/10_search/search_vwap_low_hit_50bps/summary_50bps.csv,reversal_fundamental_regime,lgbm_leaves7_400,50.0,241,0.7676348547717843,-0.0002314584912691,0.005,-0.0694273134877714,-0.2891764281303909,0.9426761651813588,10,/root/workspace/stock_realtime_v021_full/saved_data/600176_pipeline_out/03_sector/training_samples_with_sector.csv,/root/workspace/stock_realtime_v021_full/saved_data/600176_pipeline_out/00_base/600176_5m.csv,"fundamental,sector",,50.0,-0.075887309085992
600176,600176.SH,close_profit,all_days,/root/workspace/stock_realtime_v021_full/saved_data/600176_pipeline_out/10_search/search_all_days_close_profit_50bps,/root/workspace/stock_realtime_v021_full/saved_data/600176_pipeline_out/10_search/search_all_days_close_profit_50bps/summary_50bps.csv,all_no_ak,random_forest_600_d4,50.0,149,0.4563758389261745,0.0002996767601179,-0.000995763831544,0.0146070639736022,-0.326407098844894,1.0436971657996434,10,/root/workspace/stock_realtime_v021_full/saved_data/600176_pipeline_out/03_sector/training_samples_with_sector.csv,/root/workspace/stock_realtime_v021_full/saved_data/600176_pipeline_out/00_base/600176_5m.csv,"fundamental,sector",,50.0,-0.07794375367210146
600176,600176.SH,hit,all_days,/root/workspace/stock_realtime_v021_full/saved_data/600176_pipeline_out/10_search/search_all_days_hit_50bps,/root/workspace/stock_realtime_v021_full/saved_data/600176_pipeline_out/10_search/search_all_days_hit_50bps/summary_50bps.csv,reversal_fundamental_regime,lgbm_leaves7_400,50.0,256,0.76953125,-0.0004726655735407,0.005,-0.1311083661687593,-0.2891764281303909,0.8898290865129734,10,/root/workspace/stock_realtime_v021_full/saved_data/600176_pipeline_out/03_sector/training_samples_with_sector.csv,/root/workspace/stock_realtime_v021_full/saved_data/600176_pipeline_out/00_base/600176_5m.csv,"fundamental,sector",,50.0,-0.07985675620924892
600176,600176.SH,hit,vwap_low,/root/workspace/stock_realtime_v021_full/saved_data/600176_pipeline_out/10_search/search_vwap_low_hit_80bps,/root/workspace/stock_realtime_v021_full/saved_data/600176_pipeline_out/10_search/search_vwap_low_hit_80bps/summary_80bps.csv,all_no_ak,xgb_d4_500_lr002_mcw5,80.0,253,0.6482213438735178,-0.0003178330433585,0.008,-0.0951812258709537,-0.3009400215279388,0.939632782395832,10,/root/workspace/stock_realtime_v021_full/saved_data/600176_pipeline_out/03_sector/training_samples_with_sector.csv,/root/workspace/stock_realtime_v021_full/saved_data/600176_pipeline_out/00_base/600176_5m.csv,"fundamental,sector",,50.0,-0.08029044941717915
600176,600176.SH,close_profit,vwap_low,/root/workspace/stock_realtime_v021_full/saved_data/600176_pipeline_out/10_search/search_vwap_low_close_profit_50bps,/root/workspace/stock_realtime_v021_full/saved_data/600176_pipeline_out/10_search/search_vwap_low_close_profit_50bps/summary_50bps.csv,all_no_ak,random_forest_600_d4,50.0,152,0.4539473684210526,5.2756109169578645e-05,-0.0010828819157721,-0.0207199966760895,-0.326407098844894,1.0075237173525398,10,/root/workspace/stock_realtime_v021_full/saved_data/600176_pipeline_out/03_sector/training_samples_with_sector.csv,/root/workspace/stock_realtime_v021_full/saved_data/600176_pipeline_out/00_base/600176_5m.csv,"fundamental,sector",,50.0,-0.08095135371500928
600176,600176.SH,hit,vwap_low,/root/workspace/stock_realtime_v021_full/saved_data/600176_pipeline_out/10_search/search_vwap_low_hit_50bps,/root/workspace/stock_realtime_v021_full/saved_data/600176_pipeline_out/10_search/search_vwap_low_hit_50bps/summary_50bps.csv,all_no_ak,lgbm_leaves15_700,50.0,182,0.7307692307692307,-0.0005634699509288,0.005,-0.106962674736267,-0.2943527191662494,0.865097328841651,10,/root/workspace/stock_realtime_v021_full/saved_data/600176_pipeline_out/03_sector/training_samples_with_sector.csv,/root/workspace/stock_realtime_v021_full/saved_data/600176_pipeline_out/00_base/600176_5m.csv,"fundamental,sector",,50.0,-0.08118980502431003
600176,600176.SH,hit,vwap_low,/root/workspace/stock_realtime_v021_full/saved_data/600176_pipeline_out/10_search/search_vwap_low_hit_80bps,/root/workspace/stock_realtime_v021_full/saved_data/600176_pipeline_out/10_search/search_vwap_low_hit_80bps/summary_80bps.csv,all_no_ak,xgb_d2_200_lr003_mcw5,80.0,234,0.6367521367521367,-0.0005568228129809,0.008,-0.1416493781197584,-0.29075420083428,0.8966901505946064,10,/root/workspace/stock_realtime_v021_full/saved_data/600176_pipeline_out/03_sector/training_samples_with_sector.csv,/root/workspace/stock_realtime_v021_full/saved_data/600176_pipeline_out/00_base/600176_5m.csv,"fundamental,sector",,50.0,-0.0812063013755797
600176,600176.SH,hit,all_days,/root/workspace/stock_realtime_v021_full/saved_data/600176_pipeline_out/10_search/search_all_days_hit_80bps,/root/workspace/stock_realtime_v021_full/saved_data/600176_pipeline_out/10_search/search_all_days_hit_80bps/summary_80bps.csv,all_no_ak,xgb_d4_500_lr002_mcw5,80.0,265,0.6566037735849056,-0.0003696308127435,0.008,-0.1133861688636381,-0.3009400215279388,0.9314820453422102,10,/root/workspace/stock_realtime_v021_full/saved_data/600176_pipeline_out/03_sector/training_samples_with_sector.csv,/root/workspace/stock_realtime_v021_full/saved_data/600176_pipeline_out/00_base/600176_5m.csv,"fundamental,sector",,50.0,-0.08125215906942666
600176,600176.SH,close_profit,all_days,/root/workspace/stock_realtime_v021_full/saved_data/600176_pipeline_out/10_search/search_all_days_close_profit_50bps,/root/workspace/stock_realtime_v021_full/saved_data/600176_pipeline_out/10_search/search_all_days_close_profit_50bps/summary_50bps.csv,all_no_ak,lgbm_leaves7_400,50.0,189,0.4126984126984127,-0.0004719723913926,-0.0031402970297029,-0.1183372524948757,-0.3003834779029177,0.9360590936594372,10,/root/workspace/stock_realtime_v021_full/saved_data/600176_pipeline_out/03_sector/training_samples_with_sector.csv,/root/workspace/stock_realtime_v021_full/saved_data/600176_pipeline_out/00_base/600176_5m.csv,"fundamental,sector",,50.0,-0.08158441710418717
600176,600176.SH,hit,all_days,/root/workspace/stock_realtime_v021_full/saved_data/600176_pipeline_out/10_search/search_all_days_hit_80bps,/root/workspace/stock_realtime_v021_full/saved_data/600176_pipeline_out/10_search/search_all_days_hit_80bps/summary_80bps.csv,reversal_fundamental_regime_sector,xgb_d2_200_lr003_mcw5,80.0,237,0.6582278481012658,-0.0005162056683575,0.008,-0.1372428211351738,-0.2950389938279225,0.9095182350457668,10,/root/workspace/stock_realtime_v021_full/saved_data/600176_pipeline_out/03_sector/training_samples_with_sector.csv,/root/workspace/stock_realtime_v021_full/saved_data/600176_pipeline_out/00_base/600176_5m.csv,"fundamental,sector",,50.0,-0.08170663370936258
600176,600176.SH,hit,vwap_low,/root/workspace/stock_realtime_v021_full/saved_data/600176_pipeline_out/10_search/search_vwap_low_hit_80bps,/root/workspace/stock_realtime_v021_full/saved_data/600176_pipeline_out/10_search/search_vwap_low_hit_80bps/summary_80bps.csv,reversal_fundamental_regime_sector,xgb_d2_200_lr003_mcw5,80.0,229,0.6506550218340611,-0.00054075093035,0.008,-0.1371160265841382,-0.2950389938279225,0.9045681004347024,10,/root/workspace/stock_realtime_v021_full/saved_data/600176_pipeline_out/03_sector/training_samples_with_sector.csv,/root/workspace/stock_realtime_v021_full/saved_data/600176_pipeline_out/00_base/600176_5m.csv,"fundamental,sector",,50.0,-0.08194279490842127
600176,600176.SH,hit,all_days,/root/workspace/stock_realtime_v021_full/saved_data/600176_pipeline_out/10_search/search_all_days_hit_80bps,/root/workspace/stock_realtime_v021_full/saved_data/600176_pipeline_out/10_search/search_all_days_hit_80bps/summary_80bps.csv,all_no_ak,xgb_d2_200_lr003_mcw5,80.0,241,0.6390041493775933,-0.0006566724109375,0.008,-0.1667069899321929,-0.29075420083428,0.8809357895656293,10,/root/workspace/stock_realtime_v021_full/saved_data/600176_pipeline_out/03_sector/training_samples_with_sector.csv,/root/workspace/stock_realtime_v021_full/saved_data/600176_pipeline_out/00_base/600176_5m.csv,"fundamental,sector",,50.0,-0.08288284743417801
600176,600176.SH,hit,vwap_low,/root/workspace/stock_realtime_v021_full/saved_data/600176_pipeline_out/10_search/search_vwap_low_hit_80bps,/root/workspace/stock_realtime_v021_full/saved_data/600176_pipeline_out/10_search/search_vwap_low_hit_80bps/summary_80bps.csv,reversal_fundamental_regime_sector,lgbm_leaves7_400,80.0,178,0.6292134831460674,-0.00067258931185,0.008,-0.1268824119819267,-0.2979108380623757,0.8808528484515271,10,/root/workspace/stock_realtime_v021_full/saved_data/600176_pipeline_out/03_sector/training_samples_with_sector.csv,/root/workspace/stock_realtime_v021_full/saved_data/600176_pipeline_out/00_base/600176_5m.csv,"fundamental,sector",,50.0,-0.08345117016741854
600176,600176.SH,close_profit,vwap_low,/root/workspace/stock_realtime_v021_full/saved_data/600176_pipeline_out/10_search/search_vwap_low_close_profit_50bps,/root/workspace/stock_realtime_v021_full/saved_data/600176_pipeline_out/10_search/search_vwap_low_close_profit_50bps/summary_50bps.csv,all_no_ak,lgbm_leaves7_400,50.0,184,0.4076086956521739,-0.0006480476108942,-0.003184200502619,-0.1438157288223187,-0.3003834779029177,0.9132191750300112,10,/root/workspace/stock_realtime_v021_full/saved_data/600176_pipeline_out/03_sector/training_samples_with_sector.csv,/root/workspace/stock_realtime_v021_full/saved_data/600176_pipeline_out/00_base/600176_5m.csv,"fundamental,sector",,50.0,-0.08388641495945029
600176,600176.SH,hit,all_days,/root/workspace/stock_realtime_v021_full/saved_data/600176_pipeline_out/10_search/search_all_days_hit_80bps,/root/workspace/stock_realtime_v021_full/saved_data/600176_pipeline_out/10_search/search_all_days_hit_80bps/summary_80bps.csv,reversal_fundamental_regime_sector,lgbm_leaves7_400,80.0,185,0.6324324324324324,-0.0007982832989605,0.008,-0.1523711120882314,-0.2979108380623757,0.8623363319645673,10,/root/workspace/stock_realtime_v021_full/saved_data/600176_pipeline_out/03_sector/training_samples_with_sector.csv,/root/workspace/stock_realtime_v021_full/saved_data/600176_pipeline_out/00_base/600176_5m.csv,"fundamental,sector",,50.0,-0.08533553626402121
600176,600176.SH,hit,all_days,/root/workspace/stock_realtime_v021_full/saved_data/600176_pipeline_out/10_search/search_all_days_hit_80bps,/root/workspace/stock_realtime_v021_full/saved_data/600176_pipeline_out/10_search/search_all_days_hit_80bps/summary_80bps.csv,all_no_ak,xgb_d3_400_lr003_mcw3,80.0,211,0.6303317535545023,-0.000827556001969,0.008,-0.1760877537679011,-0.2969546796512899,0.8522186819029776,10,/root/workspace/stock_realtime_v021_full/saved_data/600176_pipeline_out/03_sector/training_samples_with_sector.csv,/root/workspace/stock_realtime_v021_full/saved_data/600176_pipeline_out/00_base/600176_5m.csv,"fundamental,sector",,50.0,-0.0862596151992518
600176,600176.SH,hit,vwap_low,/root/workspace/stock_realtime_v021_full/saved_data/600176_pipeline_out/10_search/search_vwap_low_hit_80bps,/root/workspace/stock_realtime_v021_full/saved_data/600176_pipeline_out/10_search/search_vwap_low_hit_80bps/summary_80bps.csv,all_no_ak,xgb_d3_400_lr003_mcw3,80.0,208,0.6298076923076923,-0.0008367830470794,0.008,-0.1754565511095585,-0.2969546796512899,0.8506012480963849,10,/root/workspace/stock_realtime_v021_full/saved_data/600176_pipeline_out/03_sector/training_samples_with_sector.csv,/root/workspace/stock_realtime_v021_full/saved_data/600176_pipeline_out/00_base/600176_5m.csv,"fundamental,sector",,50.0,-0.08630692664355757
600176,600176.SH,hit,all_days,/root/workspace/stock_realtime_v021_full/saved_data/600176_pipeline_out/10_search/search_all_days_hit_50bps,/root/workspace/stock_realtime_v021_full/saved_data/600176_pipeline_out/10_search/search_all_days_hit_50bps/summary_50bps.csv,all_no_ak,lgbm_leaves15_700,50.0,191,0.7329842931937173,-0.0009225600988307,0.005,-0.1729947468636739,-0.2943527191662494,0.7971920438521917,10,/root/workspace/stock_realtime_v021_full/saved_data/600176_pipeline_out/03_sector/training_samples_with_sector.csv,/root/workspace/stock_realtime_v021_full/saved_data/600176_pipeline_out/00_base/600176_5m.csv,"fundamental,sector",,50.0,-0.0863382140255286
600176,600176.SH,hit,vwap_low,/root/workspace/stock_realtime_v021_full/saved_data/600176_pipeline_out/10_search/search_vwap_low_hit_50bps,/root/workspace/stock_realtime_v021_full/saved_data/600176_pipeline_out/10_search/search_vwap_low_hit_50bps/summary_50bps.csv,all_no_ak,extra_trees_600_d3,50.0,268,0.7686567164179104,-0.0005159642105772,0.005,-0.1483619807303583,-0.3169966755925049,0.8815246119803162,10,/root/workspace/stock_realtime_v021_full/saved_data/600176_pipeline_out/03_sector/training_samples_with_sector.csv,/root/workspace/stock_realtime_v021_full/saved_data/600176_pipeline_out/00_base/600176_5m.csv,"fundamental,sector",,50.0,-0.08769586706059634
600176,600176.SH,hit,all_days,/root/workspace/stock_realtime_v021_full/saved_data/600176_pipeline_out/10_search/search_all_days_hit_80bps,/root/workspace/stock_realtime_v021_full/saved_data/600176_pipeline_out/10_search/search_all_days_hit_80bps/summary_80bps.csv,reversal_fundamental_regime,xgb_d3_600_lr002_mcw3,80.0,220,0.6181818181818182,-0.0008938925926952,0.008,-0.194663823292509,-0.3016360470783895,0.8440061121755849,10,/root/workspace/stock_realtime_v021_full/saved_data/600176_pipeline_out/03_sector/training_samples_with_sector.csv,/root/workspace/stock_realtime_v021_full/saved_data/600176_pipeline_out/00_base/600176_5m.csv,"fundamental,sector",,50.0,-0.08866758155674169
600176,600176.SH,hit,vwap_low,/root/workspace/stock_realtime_v021_full/saved_data/600176_pipeline_out/10_search/search_vwap_low_hit_80bps,/root/workspace/stock_realtime_v021_full/saved_data/600176_pipeline_out/10_search/search_vwap_low_hit_80bps/summary_80bps.csv,reversal_fundamental_regime,xgb_d3_600_lr002_mcw3,80.0,215,0.6139534883720931,-0.0009864787338139,0.008,-0.2067889934488739,-0.3016360470783895,0.829521505271468,10,/root/workspace/stock_realtime_v021_full/saved_data/600176_pipeline_out/03_sector/training_samples_with_sector.csv,/root/workspace/stock_realtime_v021_full/saved_data/600176_pipeline_out/00_base/600176_5m.csv,"fundamental,sector",,50.0,-0.08987362938768259
600176,600176.SH,hit,all_days,/root/workspace/stock_realtime_v021_full/saved_data/600176_pipeline_out/10_search/search_all_days_hit_80bps,/root/workspace/stock_realtime_v021_full/saved_data/600176_pipeline_out/10_search/search_all_days_hit_80bps/summary_80bps.csv,reversal_fundamental_regime_sector,xgb_d4_500_lr002_mcw5,80.0,231,0.6666666666666666,-0.0003802281582915,0.008,-0.1039673704496711,-0.3375468361564556,0.9316034142679424,10,/root/workspace/stock_realtime_v021_full/saved_data/600176_pipeline_out/03_sector/training_samples_with_sector.csv,/root/workspace/stock_realtime_v021_full/saved_data/600176_pipeline_out/00_base/600176_5m.csv,"fundamental,sector",,50.0,-0.09016567672328027
600176,600176.SH,hit,vwap_low,/root/workspace/stock_realtime_v021_full/saved_data/600176_pipeline_out/10_search/search_vwap_low_hit_50bps,/root/workspace/stock_realtime_v021_full/saved_data/600176_pipeline_out/10_search/search_vwap_low_hit_50bps/summary_50bps.csv,all_no_ak,lgbm_leaves7_400,50.0,197,0.751269035532995,-0.0006366029174731,0.005,-0.1301138128155625,-0.3324174682998344,0.85438610854261,10,/root/workspace/stock_realtime_v021_full/saved_data/600176_pipeline_out/03_sector/training_samples_with_sector.csv,/root/workspace/stock_realtime_v021_full/saved_data/600176_pipeline_out/00_base/600176_5m.csv,"fundamental,sector",,50.0,-0.09203951481203865
600176,600176.SH,hit,vwap_low,/root/workspace/stock_realtime_v021_full/saved_data/600176_pipeline_out/10_search/search_vwap_low_hit_80bps,/root/workspace/stock_realtime_v021_full/saved_data/600176_pipeline_out/10_search/search_vwap_low_hit_80bps/summary_80bps.csv,reversal_fundamental_regime_sector,xgb_d4_500_lr002_mcw5,80.0,209,0.6507177033492823,-0.0006242903786946,0.008,-0.1391914356487918,-0.3375468361564556,0.8896894060078621,10,/root/workspace/stock_realtime_v021_full/saved_data/600176_pipeline_out/03_sector/training_samples_with_sector.csv,/root/workspace/stock_realtime_v021_full/saved_data/600176_pipeline_out/00_base/600176_5m.csv,"fundamental,sector",,50.0,-0.0934119703471595
600176,600176.SH,hit,all_days,/root/workspace/stock_realtime_v021_full/saved_data/600176_pipeline_out/10_search/search_all_days_hit_50bps,/root/workspace/stock_realtime_v021_full/saved_data/600176_pipeline_out/10_search/search_all_days_hit_50bps/summary_50bps.csv,all_no_ak,lgbm_leaves7_400,50.0,205,0.751219512195122,-0.0009954547441455,0.005,-0.1984418573745567,-0.3324174682998344,0.7896015216814184,10,/root/workspace/stock_realtime_v021_full/saved_data/600176_pipeline_out/03_sector/training_samples_with_sector.csv,/root/workspace/stock_realtime_v021_full/saved_data/600176_pipeline_out/00_base/600176_5m.csv,"fundamental,sector",,50.0,-0.0973571099782234
600176,600176.SH,hit,all_days,/root/workspace/stock_realtime_v021_full/saved_data/600176_pipeline_out/10_search/search_all_days_hit_50bps,/root/workspace/stock_realtime_v021_full/saved_data/600176_pipeline_out/10_search/search_all_days_hit_50bps/summary_50bps.csv,all_no_ak,extra_trees_600_d3,50.0,283,0.7667844522968198,-0.0009623744776564,0.005,-0.2592895139470613,-0.3262584683535244,0.7991833928206128,10,/root/workspace/stock_realtime_v021_full/saved_data/600176_pipeline_out/03_sector/training_samples_with_sector.csv,/root/workspace/stock_realtime_v021_full/saved_data/600176_pipeline_out/00_base/600176_5m.csv,"fundamental,sector",,50.0,-0.09775426167293494
600176,600176.SH,hit,vwap_low,/root/workspace/stock_realtime_v021_full/saved_data/600176_pipeline_out/10_search/search_vwap_low_hit_50bps,/root/workspace/stock_realtime_v021_full/saved_data/600176_pipeline_out/10_search/search_vwap_low_hit_50bps/summary_50bps.csv,reversal_fundamental_regime,extra_trees_600_d3,50.0,335,0.7432835820895523,-0.0007251591045177,0.005,-0.2363636371012984,-0.348221342028845,0.8362207557944564,10,/root/workspace/stock_realtime_v021_full/saved_data/600176_pipeline_out/03_sector/training_samples_with_sector.csv,/root/workspace/stock_realtime_v021_full/saved_data/600176_pipeline_out/00_base/600176_5m.csv,"fundamental,sector",,50.0,-0.10032792638087815
600176,600176.SH,hit,vwap_low,/root/workspace/stock_realtime_v021_full/saved_data/600176_pipeline_out/10_search/search_vwap_low_hit_80bps,/root/workspace/stock_realtime_v021_full/saved_data/600176_pipeline_out/10_search/search_vwap_low_hit_80bps/summary_80bps.csv,all_no_ak,extra_trees_600_d3,80.0,286,0.6573426573426573,-0.0005865669480511,0.008,-0.178651277833947,-0.3726807354241477,0.8967643275995425,10,/root/workspace/stock_realtime_v021_full/saved_data/600176_pipeline_out/03_sector/training_samples_with_sector.csv,/root/workspace/stock_realtime_v021_full/saved_data/600176_pipeline_out/00_base/600176_5m.csv,"fundamental,sector",,50.0,-0.10308993104939577
600176,600176.SH,hit,all_days,/root/workspace/stock_realtime_v021_full/saved_data/600176_pipeline_out/10_search/search_all_days_hit_80bps,/root/workspace/stock_realtime_v021_full/saved_data/600176_pipeline_out/10_search/search_all_days_hit_80bps/summary_80bps.csv,reversal_fundamental_regime_sector,xgb_d3_600_lr002_mcw3,80.0,221,0.6199095022624435,-0.000879674991982,0.008,-0.1928030760737481,-0.3602879158091528,0.8459709470489336,10,/root/workspace/stock_realtime_v021_full/saved_data/600176_pipeline_out/03_sector/training_samples_with_sector.csv,/root/workspace/stock_realtime_v021_full/saved_data/600176_pipeline_out/00_base/600176_5m.csv,"fundamental,sector",,50.0,-0.10314928785838948
600176,600176.SH,hit,vwap_low,/root/workspace/stock_realtime_v021_full/saved_data/600176_pipeline_out/10_search/search_vwap_low_hit_80bps,/root/workspace/stock_realtime_v021_full/saved_data/600176_pipeline_out/10_search/search_vwap_low_hit_80bps/summary_80bps.csv,reversal_fundamental_regime_sector,xgb_d3_600_lr002_mcw3,80.0,204,0.6127450980392157,-0.0011199292632944,0.008,-0.2191247496880157,-0.3602879158091528,0.8096453404245681,10,/root/workspace/stock_realtime_v021_full/saved_data/600176_pipeline_out/03_sector/training_samples_with_sector.csv,/root/workspace/stock_realtime_v021_full/saved_data/600176_pipeline_out/00_base/600176_5m.csv,"fundamental,sector",,50.0,-0.10606776830998356
600176,600176.SH,hit,all_days,/root/workspace/stock_realtime_v021_full/saved_data/600176_pipeline_out/10_search/search_all_days_hit_80bps,/root/workspace/stock_realtime_v021_full/saved_data/600176_pipeline_out/10_search/search_all_days_hit_80bps/summary_80bps.csv,all_no_ak,random_forest_600_d4,80.0,288,0.6493055555555556,-0.0008889953550712,0.008,-0.2499507001643044,-0.3688582444236958,0.8492247569881017,10,/root/workspace/stock_realtime_v021_full/saved_data/600176_pipeline_out/03_sector/training_samples_with_sector.csv,/root/workspace/stock_realtime_v021_full/saved_data/600176_pipeline_out/00_base/600176_5m.csv,"fundamental,sector",,50.0,-0.10730131256226447
600176,600176.SH,hit,vwap_low,/root/workspace/stock_realtime_v021_full/saved_data/600176_pipeline_out/10_search/search_vwap_low_hit_80bps,/root/workspace/stock_realtime_v021_full/saved_data/600176_pipeline_out/10_search/search_vwap_low_hit_80bps/summary_80bps.csv,all_no_ak,random_forest_600_d4,80.0,284,0.647887323943662,-0.000927701477597,0.008,-0.2553334168866648,-0.3688582444236958,0.843317097770363,10,/root/workspace/stock_realtime_v021_full/saved_data/600176_pipeline_out/03_sector/training_samples_with_sector.csv,/root/workspace/stock_realtime_v021_full/saved_data/600176_pipeline_out/00_base/600176_5m.csv,"fundamental,sector",,50.0,-0.10784846429598262
600176,600176.SH,hit,all_days,/root/workspace/stock_realtime_v021_full/saved_data/600176_pipeline_out/10_search/search_all_days_hit_80bps,/root/workspace/stock_realtime_v021_full/saved_data/600176_pipeline_out/10_search/search_all_days_hit_80bps/summary_80bps.csv,all_no_ak,extra_trees_600_d3,80.0,313,0.6645367412140575,-0.0008589889504903,0.008,-0.2631815726660259,-0.3726807354241477,0.857450546262099,10,/root/workspace/stock_realtime_v021_full/saved_data/600176_pipeline_out/03_sector/training_samples_with_sector.csv,/root/workspace/stock_realtime_v021_full/saved_data/600176_pipeline_out/00_base/600176_5m.csv,"fundamental,sector",,50.0,-0.10836724973538238
600176,600176.SH,hit,vwap_low,/root/workspace/stock_realtime_v021_full/saved_data/600176_pipeline_out/10_search/search_vwap_low_hit_80bps,/root/workspace/stock_realtime_v021_full/saved_data/600176_pipeline_out/10_search/search_vwap_low_hit_80bps/summary_80bps.csv,reversal_fundamental_regime_sector,xgb_d3_400_lr003_mcw3,80.0,216,0.625,-0.0012177396956743,0.008,-0.2469286499252752,-0.3837449625358216,0.7951732642238127,10,/root/workspace/stock_realtime_v021_full/saved_data/600176_pipeline_out/03_sector/training_samples_with_sector.csv,/root/workspace/stock_realtime_v021_full/saved_data/600176_pipeline_out/00_base/600176_5m.csv,"fundamental,sector",,50.0,-0.11383328599756004
600176,600176.SH,hit,all_days,/root/workspace/stock_realtime_v021_full/saved_data/600176_pipeline_out/10_search/search_all_days_hit_80bps,/root/workspace/stock_realtime_v021_full/saved_data/600176_pipeline_out/10_search/search_all_days_hit_80bps/summary_80bps.csv,reversal_fundamental_regime_sector,xgb_d3_400_lr003_mcw3,80.0,231,0.6363636363636364,-0.0012170373259565,0.008,-0.2626453270828088,-0.3837449625358216,0.7989405386276496,10,/root/workspace/stock_realtime_v021_full/saved_data/600176_pipeline_out/03_sector/training_samples_with_sector.csv,/root/workspace/stock_realtime_v021_full/saved_data/600176_pipeline_out/00_base/600176_5m.csv,"fundamental,sector",,50.0,-0.11443360655427447
600176,600176.SH,hit,vwap_low,/root/workspace/stock_realtime_v021_full/saved_data/600176_pipeline_out/10_search/search_vwap_low_hit_80bps,/root/workspace/stock_realtime_v021_full/saved_data/600176_pipeline_out/10_search/search_vwap_low_hit_80bps/summary_80bps.csv,reversal_fundamental_regime,random_forest_600_d4,80.0,270,0.6222222222222222,-0.0011602896051485,0.008,-0.2894892127031305,-0.3957542298846757,0.8087875030723651,10,/root/workspace/stock_realtime_v021_full/saved_data/600176_pipeline_out/03_sector/training_samples_with_sector.csv,/root/workspace/stock_realtime_v021_full/saved_data/600176_pipeline_out/00_base/600176_5m.csv,"fundamental,sector",,50.0,-0.1180040611705268
600176,600176.SH,hit,all_days,/root/workspace/stock_realtime_v021_full/saved_data/600176_pipeline_out/10_search/search_all_days_hit_50bps,/root/workspace/stock_realtime_v021_full/saved_data/600176_pipeline_out/10_search/search_all_days_hit_50bps/summary_50bps.csv,reversal_fundamental_regime,extra_trees_600_d3,50.0,356,0.7443820224719101,-0.0010769930114967,0.005,-0.3404444205162564,-0.400850890816386,0.7749611265295689,10,/root/workspace/stock_realtime_v021_full/saved_data/600176_pipeline_out/03_sector/training_samples_with_sector.csv,/root/workspace/stock_realtime_v021_full/saved_data/600176_pipeline_out/00_base/600176_5m.csv,"fundamental,sector",,50.0,-0.12053338620372987
600176,600176.SH,hit,all_days,/root/workspace/stock_realtime_v021_full/saved_data/600176_pipeline_out/10_search/search_all_days_hit_80bps,/root/workspace/stock_realtime_v021_full/saved_data/600176_pipeline_out/10_search/search_all_days_hit_80bps/summary_80bps.csv,reversal_fundamental_regime,random_forest_600_d4,80.0,282,0.6276595744680851,-0.0013230226400709,0.008,-0.3333620761933475,-0.3957542298846757,0.7892361309051812,10,/root/workspace/stock_realtime_v021_full/saved_data/600176_pipeline_out/03_sector/training_samples_with_sector.csv,/root/workspace/stock_realtime_v021_full/saved_data/600176_pipeline_out/00_base/600176_5m.csv,"fundamental,sector",,50.0,-0.1211558856528277
600176,600176.SH,hit,vwap_low,/root/workspace/stock_realtime_v021_full/saved_data/600176_pipeline_out/10_search/search_vwap_low_hit_80bps,/root/workspace/stock_realtime_v021_full/saved_data/600176_pipeline_out/10_search/search_vwap_low_hit_80bps/summary_80bps.csv,reversal_fundamental_regime_sector,random_forest_600_d4,80.0,255,0.6274509803921569,-0.0011775861969968,0.008,-0.2786690769633237,-0.409774743721217,0.8062294073653598,10,/root/workspace/stock_realtime_v021_full/saved_data/600176_pipeline_out/03_sector/training_samples_with_sector.csv,/root/workspace/stock_realtime_v021_full/saved_data/600176_pipeline_out/00_base/600176_5m.csv,"fundamental,sector",,50.0,-0.1212482295061567
600176,600176.SH,hit,all_days,/root/workspace/stock_realtime_v021_full/saved_data/600176_pipeline_out/10_search/search_all_days_hit_80bps,/root/workspace/stock_realtime_v021_full/saved_data/600176_pipeline_out/10_search/search_all_days_hit_80bps/summary_80bps.csv,reversal_fundamental_regime_sector,random_forest_600_d4,80.0,270,0.6370370370370371,-0.001244809893867,0.008,-0.3068368172996535,-0.409774743721217,0.8001203098562568,10,/root/workspace/stock_realtime_v021_full/saved_data/600176_pipeline_out/03_sector/training_samples_with_sector.csv,/root/workspace/stock_realtime_v021_full/saved_data/600176_pipeline_out/00_base/600176_5m.csv,"fundamental,sector",,50.0,-0.12289799969060128
600176,600176.SH,hit,vwap_low,/root/workspace/stock_realtime_v021_full/saved_data/600176_pipeline_out/10_search/search_vwap_low_hit_50bps,/root/workspace/stock_realtime_v021_full/saved_data/600176_pipeline_out/10_search/search_vwap_low_hit_50bps/summary_50bps.csv,reversal_fundamental_regime_sector,extra_trees_600_d3,50.0,339,0.7345132743362832,-0.0012278763931542,0.005,-0.3611706341331031,-0.4072010447876651,0.7483583550967023,10,/root/workspace/stock_realtime_v021_full/saved_data/600176_pipeline_out/03_sector/training_samples_with_sector.csv,/root/workspace/stock_realtime_v021_full/saved_data/600176_pipeline_out/00_base/600176_5m.csv,"fundamental,sector",,50.0,-0.12440786319485847
600176,600176.SH,hit,vwap_low,/root/workspace/stock_realtime_v021_full/saved_data/600176_pipeline_out/10_search/search_vwap_low_hit_80bps,/root/workspace/stock_realtime_v021_full/saved_data/600176_pipeline_out/10_search/search_vwap_low_hit_80bps/summary_80bps.csv,reversal_fundamental_regime_sector,extra_trees_600_d3,80.0,286,0.6398601398601399,-0.0009370669589975,0.008,-0.2586060595512437,-0.4407714640731477,0.841466375134818,10,/root/workspace/stock_realtime_v021_full/saved_data/600176_pipeline_out/03_sector/training_samples_with_sector.csv,/root/workspace/stock_realtime_v021_full/saved_data/600176_pipeline_out/00_base/600176_5m.csv,"fundamental,sector",,50.0,-0.12604010624787956
600176,600176.SH,hit,all_days,/root/workspace/stock_realtime_v021_full/saved_data/600176_pipeline_out/10_search/search_all_days_hit_80bps,/root/workspace/stock_realtime_v021_full/saved_data/600176_pipeline_out/10_search/search_all_days_hit_80bps/summary_80bps.csv,reversal_fundamental_regime_sector,extra_trees_600_d3,80.0,311,0.6495176848874598,-0.0011661463873808,0.008,-0.3302047688114746,-0.4407714640731477,0.8127828800710026,10,/root/workspace/stock_realtime_v021_full/saved_data/600176_pipeline_out/03_sector/training_samples_with_sector.csv,/root/workspace/stock_realtime_v021_full/saved_data/600176_pipeline_out/00_base/600176_5m.csv,"fundamental,sector",,50.0,-0.1307580815631141
600176,600176.SH,hit,vwap_low,/root/workspace/stock_realtime_v021_full/saved_data/600176_pipeline_out/10_search/search_vwap_low_hit_80bps,/root/workspace/stock_realtime_v021_full/saved_data/600176_pipeline_out/10_search/search_vwap_low_hit_80bps/summary_80bps.csv,reversal_fundamental_regime,extra_trees_600_d3,80.0,327,0.617737003058104,-0.0011054835927436,0.008,-0.3266451810025439,-0.4742896194043555,0.8131425191446943,10,/root/workspace/stock_realtime_v021_full/saved_data/600176_pipeline_out/03_sector/training_samples_with_sector.csv,/root/workspace/stock_realtime_v021_full/saved_data/600176_pipeline_out/00_base/600176_5m.csv,"fundamental,sector",,50.0,-0.1385630208856405
600176,600176.SH,hit,all_days,/root/workspace/stock_realtime_v021_full/saved_data/600176_pipeline_out/10_search/search_all_days_hit_80bps,/root/workspace/stock_realtime_v021_full/saved_data/600176_pipeline_out/10_search/search_all_days_hit_80bps/summary_80bps.csv,reversal_fundamental_regime,extra_trees_600_d3,80.0,349,0.6275071633237822,-0.001362616732136,0.008,-0.4036268889747691,-0.4742896194043555,0.782320916457881,10,/root/workspace/stock_realtime_v021_full/saved_data/600176_pipeline_out/03_sector/training_samples_with_sector.csv,/root/workspace/stock_realtime_v021_full/saved_data/600176_pipeline_out/00_base/600176_5m.csv,"fundamental,sector",,50.0,-0.14402818614307145
600176,600176.SH,hit,all_days,/root/workspace/stock_realtime_v021_full/saved_data/600176_pipeline_out/10_search/search_all_days_hit_50bps,/root/workspace/stock_realtime_v021_full/saved_data/600176_pipeline_out/10_search/search_all_days_hit_50bps/summary_50bps.csv,reversal_fundamental_regime_sector,extra_trees_600_d3,50.0,364,0.739010989010989,-0.0014745365641721,0.005,-0.4371224637969877,-0.4711823532368112,0.713685209546321,10,/root/workspace/stock_realtime_v021_full/saved_data/600176_pipeline_out/03_sector/training_samples_with_sector.csv,/root/workspace/stock_realtime_v021_full/saved_data/600176_pipeline_out/00_base/600176_5m.csv,"fundamental,sector",,50.0,-0.14592795295893118
