=== nextday pipeline start: 2026-05-12T10:09:21 ===
symbol=600096.SH, out_root=/root/workspace/stock_realtime_v021_full/saved_data/600096_pipeline_out_v2_all14

[2026-05-12T10:09:21] RUN update_data
  /usr/bin/python3 bootstrap/ashare_xgb_dual_opportunity_regression_baostock_full_v19_compressed_trading_axis.py --mode update_data --symbol 600096 --benchmark_symbol 000300 --daily_start 2018-01-01 --daily_end 2026-05-12 --intraday_start '2018-01-01 09:30:00' --intraday_end '2026-05-12 15:00:00' --output_dir /root/workspace/stock_realtime_v021_full/saved_data/600096_pipeline_out_v2_all14/00_base --cache_mode incremental --feature_cache_mode incremental --adjust qfq
/root/workspace/stock_realtime_v021_full/bootstrap/ashare_fetch_and_train_xgb_sell_signal_baostock_state_cache_helper_fix2.py:246: FutureWarning: The behavior of DataFrame concatenation with empty or all-NA entries is deprecated. In a future version, this will no longer exclude empty or all-NA columns when determining the result dtypes. To retain the old behavior, exclude the relevant entries before the concat operation.
  merged = _normalize_daily_df(pd.concat([df_old, df_new], axis=0, ignore_index=True))
/root/workspace/stock_realtime_v021_full/bootstrap/ashare_fetch_and_train_xgb_sell_signal_baostock_state_cache_helper_fix2.py:248: FutureWarning: The behavior of DataFrame concatenation with empty or all-NA entries is deprecated. In a future version, this will no longer exclude empty or all-NA columns when determining the result dtypes. To retain the old behavior, exclude the relevant entries before the concat operation.
  merged = _normalize_intraday_df(pd.concat([df_old, df_new], axis=0, ignore_index=True))
/root/workspace/stock_realtime_v021_full/bootstrap/ashare_fetch_and_train_xgb_sell_signal_baostock_state_cache_helper_fix2.py:254: FutureWarning: The behavior of DataFrame concatenation with empty or all-NA entries is deprecated. In a future version, this will no longer exclude empty or all-NA columns when determining the result dtypes. To retain the old behavior, exclude the relevant entries before the concat operation.
  merged = _normalize_bench_df(pd.concat([df_old, df_new], axis=0, ignore_index=True))
/root/workspace/stock_realtime_v021_full/bootstrap/ashare_fetch_and_train_xgb_sell_signal_baostock_state_cache_helper_fix2.py:250: FutureWarning: The behavior of DataFrame concatenation with empty or all-NA entries is deprecated. In a future version, this will no longer exclude empty or all-NA columns when determining the result dtypes. To retain the old behavior, exclude the relevant entries before the concat operation.
  merged = _normalize_daily_feature_df(pd.concat([df_old, df_new], axis=0, ignore_index=True))
/root/workspace/stock_realtime_v021_full/bootstrap/ashare_fetch_and_train_xgb_sell_signal_baostock_state_cache_helper_fix2.py:252: FutureWarning: The behavior of DataFrame concatenation with empty or all-NA entries is deprecated. In a future version, this will no longer exclude empty or all-NA columns when determining the result dtypes. To retain the old behavior, exclude the relevant entries before the concat operation.
  merged = _normalize_intraday_feature_df(pd.concat([df_old, df_new], axis=0, ignore_index=True))
login success!
logout success!
login success!
logout success!
login success!
logout success!
{
  "mode": "update_data",
  "symbol": "600096",
  "data_source": "baostock",
  "daily_rows": 2023,
  "intraday_rows": 73728,
  "daily_min": "2018-01-02 00:00:00",
  "daily_max": "2026-05-11 00:00:00",
  "intraday_min": "2020-01-02 09:35:00",
  "intraday_max": "2026-05-11 15:00:00",
  "base_paths": {
    "daily_csv": "/root/workspace/stock_realtime_v021_full/saved_data/600096_pipeline_out_v2_all14/00_base/600096_daily.csv",
    "intraday_csv": "/root/workspace/stock_realtime_v021_full/saved_data/600096_pipeline_out_v2_all14/00_base/600096_5m.csv",
    "benchmark_csv": "/root/workspace/stock_realtime_v021_full/saved_data/600096_pipeline_out_v2_all14/00_base/000300_benchmark_daily.csv",
    "raw_daily_cache_csv": "/root/workspace/stock_realtime_v021_full/saved_data/600096_pipeline_out_v2_all14/00_base/raw_cache/600096_daily_raw.csv",
    "raw_intraday_cache_csv": "/root/workspace/stock_realtime_v021_full/saved_data/600096_pipeline_out_v2_all14/00_base/raw_cache/600096_5m_raw.csv",
    "raw_benchmark_cache_csv": "/root/workspace/stock_realtime_v021_full/saved_data/600096_pipeline_out_v2_all14/00_base/raw_cache/000300_benchmark_daily_raw.csv",
    "daily_features_csv": "/root/workspace/stock_realtime_v021_full/saved_data/600096_pipeline_out_v2_all14/00_base/daily_features.csv",
    "intraday_features_csv": "/root/workspace/stock_realtime_v021_full/saved_data/600096_pipeline_out_v2_all14/00_base/intraday_features.csv",
    "daily_features_cache_csv": "/root/workspace/stock_realtime_v021_full/saved_data/600096_pipeline_out_v2_all14/00_base/feature_cache/daily_features_cache.csv",
    "intraday_features_cache_csv": "/root/workspace/stock_realtime_v021_full/saved_data/600096_pipeline_out_v2_all14/00_base/feature_cache/intraday_features_cache.csv",
    "feature_state_json": "/root/workspace/stock_realtime_v021_full/saved_data/600096_pipeline_out_v2_all14/00_base/feature_cache/feature_state.json"
  },
  "fetch_logs": {
    "symbol": "600096",
    "benchmark_symbol": "000300",
    "daily_start": "2018-01-01",
    "daily_end": "2026-05-12",
    "intraday_start": "2018-01-01 09:30:00",
    "intraday_end": "2026-05-12 15:00:00",
    "perf_start": "2018-01-01",
    "data_source": "baostock",
    "cache_mode": "incremental",
    "force_refresh": false,
    "raw_cache_dir": "/root/workspace/stock_realtime_v021_full/saved_data/600096_pipeline_out_v2_all14/00_base/raw_cache",
    "feature_cache_dir": "/root/workspace/stock_realtime_v021_full/saved_data/600096_pipeline_out_v2_all14/00_base/feature_cache",
    "feature_cache_mode": "incremental",
    "daily": {
      "cache_path": "/root/workspace/stock_realtime_v021_full/saved_data/600096_pipeline_out_v2_all14/00_base/raw_cache/600096_daily_raw.csv",
      "requested_start": "2018-01-01",
      "requested_end": "2026-05-12",
      "mode": "initial_fetch",
      "fetch_segments": [
        {
          "provider": "baostock",
          "code": "sh.600096",
          "adjustflag": "2",
          "rows": 2023,
          "start": "2018-01-01",
          "end": "2026-05-12"
        }
      ],
      "cache_after": {
        "rows": 2023,
        "min": "2018-01-02 00:00:00",
        "max": "2026-05-11 00:00:00"
      }
    },
    "intraday_5m": {
      "cache_path": "/root/workspace/stock_realtime_v021_full/saved_data/600096_pipeline_out_v2_all14/00_base/raw_cache/600096_5m_raw.csv",
      "requested_start": "2018-01-01 09:30:00",
      "requested_end": "2026-05-12 15:00:00",
      "mode": "initial_fetch",
      "fetch_segments": [
        {
          "provider": "baostock",
          "code": "sh.600096",
          "adjustflag": "2",
          "requested_start": "2018-01-01 09:30:00",
          "effective_start": "2018-01-01 09:30:00",
          "requested_end": "2026-05-12 15:00:00",
          "rows": 73728
        }
      ],
      "cache_after": {
        "rows": 73728,
        "min": "2020-01-02 09:35:00",
        "max": "2026-05-11 15:00:00"
      }
    },
    "benchmark_daily": {
      "cache_path": "/root/workspace/stock_realtime_v021_full/saved_data/600096_pipeline_out_v2_all14/00_base/raw_cache/000300_benchmark_daily_raw.csv",
      "requested_start": "2018-01-01",
      "requested_end": "2026-05-12",
      "mode": "initial_fetch",
      "fetch_segments": [
        {
          "provider": "baostock",
          "code": "sh.000300",
          "rows": 2023,
          "start": "2018-01-01",
          "end": "2026-05-12"
        }
      ],
      "cache_after": {
        "rows": 2023,
        "min": "2018-01-02 00:00:00",
        "max": "2026-05-11 00:00:00"
      }
    },
    "feature_build": {
      "mode": "full_rebuild",
      "reason": "feature_cache_missing",
      "daily_cache_after": {
        "rows": 2023,
        "min": "2018-01-02 00:00:00",
        "max": "2026-05-11 00:00:00"
      },
      "intraday_cache_after": {
        "rows": 73728,
        "min": "2020-01-02 09:35:00",
        "max": "2026-05-11 15:00:00"
      },
      "daily_context_days": 260,
      "intraday_context_days": 40,
      "daily_appended_rows": 2023,
      "intraday_appended_rows": 73728
    },
    "feature_state": {
      "daily_feature_max": "2026-05-11 00:00:00",
      "intraday_feature_max": "2026-05-11 15:00:00",
      "daily_context_days": 260,
      "intraday_context_days": 40,
      "feature_build_mode": "full_rebuild"
    }
  }
}

[2026-05-12T10:11:55] RUN samples
  /usr/bin/python3 feature_building/build_nextday_samples_from_baostock.py --daily-features /root/workspace/stock_realtime_v021_full/saved_data/600096_pipeline_out_v2_all14/00_base/daily_features.csv --intraday-bars /root/workspace/stock_realtime_v021_full/saved_data/600096_pipeline_out_v2_all14/00_base/600096_5m.csv --out-dir /root/workspace/stock_realtime_v021_full/saved_data/600096_pipeline_out_v2_all14/01_samples --min-bars 40 --keep-unlabeled-tail
{
  "rows": 1536,
  "date_min": "2020-01-02",
  "date_max": "2026-05-11",
  "out": "/root/workspace/stock_realtime_v021_full/saved_data/600096_pipeline_out_v2_all14/01_samples/training_samples.csv"
}

[2026-05-12T10:11:56] RUN fundamental
  /usr/bin/python3 feature_building/build_fundamental_features.py --symbol 600096.SH --daily-samples /root/workspace/stock_realtime_v021_full/saved_data/600096_pipeline_out_v2_all14/01_samples/training_samples.csv --out-dir /root/workspace/stock_realtime_v021_full/saved_data/600096_pipeline_out_v2_all14/02_fundamental --start-date 2018-01-01 --end-date 2026-05-12 --fallback-lag-days 120
login success!
logout success!
{
  "rows": 1536,
  "date_min": "2020-01-02",
  "date_max": "2026-05-11",
  "source_errors": [],
  "top_missing_rates": {
    "ak_fund_小单净流入-净额_sum10": 0.9244791666666666,
    "ak_fund_主力净流入-净额_sum10": 0.9244791666666666,
    "ak_fund_主力净流入-净占比_sum10": 0.9244791666666666,
    "ak_fund_涨跌幅_sum10": 0.9244791666666666,
    "ak_fund_收盘价_sum10": 0.9244791666666666,
    "ak_fund_中单净流入-净额_sum10": 0.9244791666666666,
    "ak_fund_中单净流入-净占比_sum10": 0.9244791666666666,
    "ak_fund_小单净流入-净占比_sum10": 0.9244791666666666,
    "ak_fund_超大单净流入-净额_sum10": 0.9244791666666666,
    "ak_fund_大单净流入-净额_sum10": 0.9244791666666666,
    "ak_fund_大单净流入-净占比_sum10": 0.9244791666666666,
    "ak_fund_超大单净流入-净占比_sum10": 0.9244791666666666,
    "ak_fund_涨跌幅_sum5": 0.9231770833333334,
    "ak_fund_主力净流入-净占比_sum5": 0.9231770833333334,
    "ak_fund_主力净流入-净额_sum5": 0.9231770833333334,
    "ak_fund_收盘价_sum5": 0.9231770833333334,
    "ak_fund_超大单净流入-净占比_sum5": 0.9231770833333334,
    "ak_fund_中单净流入-净占比_sum5": 0.9231770833333334,
    "ak_fund_中单净流入-净额_sum5": 0.9231770833333334,
    "ak_fund_小单净流入-净额_sum5": 0.9231770833333334,
    "ak_fund_小单净流入-净占比_sum5": 0.9231770833333334,
    "ak_fund_大单净流入-净占比_sum5": 0.9231770833333334,
    "ak_fund_大单净流入-净额_sum5": 0.9231770833333334,
    "ak_fund_超大单净流入-净额_sum5": 0.9231770833333334,
    "ak_fund_大单净流入-净额": 0.921875,
    "ak_fund_超大单净流入-净占比": 0.921875,
    "ak_fund_超大单净流入-净额": 0.921875,
    "ak_fund_收盘价": 0.921875,
    "ak_fund_涨跌幅": 0.921875,
    "ak_fund_中单净流入-净额": 0.921875
  },
  "valuation_non_null": {
    "peTTM": 1536,
    "pbMRQ": 1536,
    "psTTM": 1536,
    "pcfNcfTTM": 1536
  },
  "future_effective_date_violations": 0,
  "rows_with_quarterly": 1536,
  "sample_rows": 1536,
  "quarterly_raw_rows": 37,
  "quarterly_used_pubDate_rows": 37,
  "quarterly_fallback_rows": 0,
  "elapsed_seconds": 23.79,
  "symbol": "600096",
  "baostock_code": "sh.600096",
  "valuation_rows": 2023,
  "fund_flow_rows": 120,
  "feature_columns": 125,
  "merged_columns": 194,
  "outputs": {
    "daily_valuation": "/root/workspace/stock_realtime_v021_full/saved_data/600096_pipeline_out_v2_all14/02_fundamental/baostock_daily_valuation.csv",
    "quarterly_fundamentals": "/root/workspace/stock_realtime_v021_full/saved_data/600096_pipeline_out_v2_all14/02_fundamental/baostock_quarterly_fundamentals_pit.csv",
    "fundamental_features": "/root/workspace/stock_realtime_v021_full/saved_data/600096_pipeline_out_v2_all14/02_fundamental/fundamental_features.csv",
    "merged_samples": "/root/workspace/stock_realtime_v021_full/saved_data/600096_pipeline_out_v2_all14/02_fundamental/training_samples_with_fundamentals.csv"
  }
}

[2026-05-12T10:12:21] RUN sector
  /usr/bin/python3 feature_building/build_sector_features.py --samples /root/workspace/stock_realtime_v021_full/saved_data/600096_pipeline_out_v2_all14/02_fundamental/training_samples_with_fundamentals.csv --out-dir /root/workspace/stock_realtime_v021_full/saved_data/600096_pipeline_out_v2_all14/03_sector --sector-symbol '农化制品' --start-date 2018-01-01 --end-date 2026-05-12

  0%|          | 0/9 [00:00<?, ?it/s]
 11%|█         | 1/9 [00:00<00:02,  3.38it/s]
 22%|██▏       | 2/9 [00:00<00:01,  3.81it/s]
 33%|███▎      | 3/9 [00:00<00:01,  4.03it/s]
 44%|████▍     | 4/9 [00:01<00:01,  3.93it/s]
 56%|█████▌    | 5/9 [00:01<00:01,  3.88it/s]
 67%|██████▋   | 6/9 [00:01<00:01,  2.60it/s]
 78%|███████▊  | 7/9 [00:02<00:00,  2.92it/s]
 89%|████████▉ | 8/9 [00:02<00:00,  3.14it/s]
100%|██████████| 9/9 [00:02<00:00,  3.55it/s]
                                             
{
  "sector_symbol": "农化制品",
  "sector_rows": 2023,
  "sector_date_min": "2018-01-02",
  "sector_date_max": "2026-05-11",
  "sample_rows": 1536,
  "merged_rows": 1536,
  "sector_feature_cols": 23,
  "top_missing": {
    "sector_ret60": 0.0390625,
    "sector_ma60_gap": 0.01953125,
    "stock_vs_sector_ret20": 0.013020833333333334,
    "sector_ret20": 0.013020833333333334,
    "sector_vol20": 0.007161458333333333,
    "sector_ma20_gap": 0.006510416666666667,
    "sector_range_z20": 0.006510416666666667,
    "sector_volume_shock20": 0.006510416666666667,
    "sector_amount_z20": 0.006510416666666667,
    "sector_volume_z20": 0.006510416666666667,
    "sector_amount_shock20": 0.006510416666666667,
    "sector_ret5": 0.0032552083333333335,
    "stock_vs_sector_ret5": 0.0032552083333333335,
    "sector_vs_bench_ret5": 0.0032552083333333335,
    "stock_vs_sector_ret1": 0.0006510416666666666,
    "sector_ret1": 0.0006510416666666666,
    "sector_amount": 0.0,
    "sector_volume": 0.0,
    "sector_close": 0.0,
    "sector_low": 0.0
  },
  "outputs": {
    "sector_index": "/root/workspace/stock_realtime_v021_full/saved_data/600096_pipeline_out_v2_all14/03_sector/sector_index_ths.csv",
    "sector_features": "/root/workspace/stock_realtime_v021_full/saved_data/600096_pipeline_out_v2_all14/03_sector/sector_features.csv",
    "merged_samples": "/root/workspace/stock_realtime_v021_full/saved_data/600096_pipeline_out_v2_all14/03_sector/training_samples_with_sector.csv"
  }
}

[2026-05-12T10:12:25] RUN external_fertilizer
  /usr/bin/python3 feature_building/build_stock_external_features.py --samples /root/workspace/stock_realtime_v021_full/saved_data/600096_pipeline_out_v2_all14/03_sector/training_samples_with_sector.csv --out-dir /root/workspace/stock_realtime_v021_full/saved_data/600096_pipeline_out_v2_all14/04_external/fertilizer --profile fertilizer --target-symbol 600096.SH --start-date 2018-01-01 --end-date 2026-05-12 --adjust qfq --domestic-lag-days 0 --future-lag-days 1 --us-lag-days 1
/root/workspace/stock_realtime_v021_full/feature_building/build_stock_external_features.py:497: FutureWarning: The default fill_method='pad' in DataFrame.pct_change is deprecated and will be removed in a future version. Either fill in any non-leading NA values prior to calling pct_change or specify 'fill_method=None' to not fill NA values.
  returns = out[cols].apply(pd.to_numeric, errors="coerce").pct_change()
login success!

  0%|          | 0/9 [00:00<?, ?it/s]
 11%|█         | 1/9 [00:00<00:02,  3.82it/s]
 22%|██▏       | 2/9 [00:00<00:01,  3.71it/s]
 33%|███▎      | 3/9 [00:00<00:01,  3.78it/s]
 44%|████▍     | 4/9 [00:01<00:01,  3.88it/s]
 56%|█████▌    | 5/9 [00:01<00:00,  4.16it/s]
 67%|██████▋   | 6/9 [00:01<00:00,  4.06it/s]
 78%|███████▊  | 7/9 [00:01<00:00,  4.01it/s]
 89%|████████▉ | 8/9 [00:02<00:00,  3.91it/s]
100%|██████████| 9/9 [00:02<00:00,  4.31it/s]
                                             

  0%|          | 0/9 [00:00<?, ?it/s]
 11%|█         | 1/9 [00:00<00:02,  3.77it/s]
 22%|██▏       | 2/9 [00:00<00:01,  3.92it/s]
 33%|███▎      | 3/9 [00:00<00:01,  4.12it/s]
 44%|████▍     | 4/9 [00:00<00:01,  4.04it/s]
 56%|█████▌    | 5/9 [00:01<00:01,  3.84it/s]
 67%|██████▋   | 6/9 [00:01<00:00,  4.03it/s]
 78%|███████▊  | 7/9 [00:01<00:00,  4.05it/s]
 89%|████████▉ | 8/9 [00:02<00:00,  3.92it/s]
100%|██████████| 9/9 [00:02<00:00,  3.80it/s]
                                             
{
  "profile": "fertilizer",
  "description": "Fertilizer/agri-chemical commodities and peer proxy for 云天化",
  "sample_rows": 1536,
  "merged_rows": 1536,
  "raw_rows": 2023,
  "raw_date_min": "2018-01-02",
  "raw_date_max": "2026-05-11",
  "lag_days_legacy": null,
  "lag_policy": {
    "domestic": 0,
    "futures": 1,
    "us": 1
  },
  "enable_us_yf": false,
  "feature_cols": 497,
  "source_meta": {
    "profile": {
      "key": "fertilizer",
      "prefix": "fert",
      "description": "Fertilizer/agri-chemical commodities and peer proxy for 云天化",
      "stocks": [
        "600141",
        "000422",
        "002895",
        "002539",
        "000830",
        "000893"
      ],
      "etfs": [
        "159865",
        "516220"
      ],
      "futures": [
        "UR0",
        "MA0",
        "SA0",
        "C0",
        "M0",
        "JM0",
        "ZC0"
      ],
      "boards": [
        "农化制品",
        "化学制品",
        "基础化工"
      ],
      "us_tickers": []
    },
    "used": {
      "stocks": [
        "600141",
        "000422",
        "002895",
        "002539",
        "000830",
        "000893"
      ],
      "etfs": [
        "159865",
        "516220"
      ],
      "futures": [
        "UR0",
        "MA0",
        "SA0",
        "C0",
        "M0",
        "JM0",
        "ZC0"
      ],
      "boards": [
        "农化制品",
        "化学制品"
      ],
      "us_yf": []
    },
    "start_date": "20180101",
    "end_date": "20260512",
    "target_symbol_excluded": "600096",
    "em_sources_used": false,
    "baostock_cache_dir": "/root/workspace/stock_realtime_v021_full/saved_data/600096_pipeline_out_v2_all14/04_external/fertilizer/baostock_external_cache",
    "us_yfinance_enabled": false
  },
  "errors": {
    "board_基础化工": "stock_board_industry_index_ths: KeyError: '基础化工' | stock_board_concept_hist_ths: not_available"
  },
  "top_missing": {
    "fert_etf_basket_close_ret60": 0.986328125,
    "fert_etf_516220_range_pct_ret60": 0.986328125,
    "fert_etf_159865_range_pct_ret60": 0.986328125,
    "fert_etf_159865_close_ret60": 0.986328125,
    "fert_etf_516220_close_ret60": 0.986328125,
    "fert_etf_159865_range_pct_z60": 0.9602864583333334,
    "fert_etf_516220_range_pct_z60": 0.9602864583333334,
    "fert_etf_516220_range_pct_ret20": 0.9602864583333334,
    "fert_etf_516220_close_z60": 0.9602864583333334,
    "fert_etf_159865_range_pct_ret20": 0.9602864583333334,
    "fert_etf_basket_close_ret20": 0.9602864583333334,
    "fert_etf_159865_close_z60": 0.9602864583333334,
    "fert_stock_vs_etf_basket_ret20": 0.9602864583333334,
    "fert_etf_516220_close_ret20": 0.9602864583333334,
    "fert_etf_159865_close_ret20": 0.9602864583333334,
    "fert_etf_basket_close_z60": 0.9602864583333334,
    "fert_etf_159865_close_vol20": 0.9544270833333334,
    "fert_etf_basket_close_vol20": 0.9544270833333334,
    "fert_etf_516220_close_vol20": 0.9544270833333334,
    "fert_etf_516220_range_pct_z20": 0.9537760416666666,
    "fert_etf_basket_close_ma20_gap": 0.9537760416666666,
    "fert_etf_basket_close_z20": 0.9537760416666666,
    "fert_etf_516220_close_z20": 0.9537760416666666,
    "fert_etf_516220_volume_z20": 0.9537760416666666,
    "fert_etf_516220_range_pct_ma20_gap": 0.9537760416666666,
    "fert_etf_516220_volume_shock20": 0.9537760416666666,
    "fert_etf_159865_close_z20": 0.9537760416666666,
    "fert_etf_159865_close_ma20_gap": 0.9537760416666666,
    "fert_etf_159865_range_pct_z20": 0.9537760416666666,
    "fert_etf_159865_range_pct_ma20_gap": 0.9537760416666666,
    "fert_etf_159865_volume_z20": 0.9537760416666666,
    "fert_etf_159865_volume_shock20": 0.9537760416666666,
    "fert_etf_516220_close_ma20_gap": 0.9537760416666666,
    "fert_etf_159865_close_ret5": 0.9505208333333334,
    "fert_stock_vs_etf_basket_ret5": 0.9505208333333334,
    "fert_etf_516220_close_ret5": 0.9505208333333334,
    "fert_etf_159865_range_pct_ret5": 0.9505208333333334,
    "fert_etf_516220_range_pct_ret5": 0.9505208333333334,
    "fert_etf_basket_close_ret5": 0.9505208333333334,
    "fert_etf_516220_close_ret3": 0.94921875,
    "fert_etf_159865_close_ret3": 0.94921875,
    "fert_etf_516220_range_pct_ret3": 0.94921875,
    "fert_etf_basket_close_ret3": 0.94921875,
    "fert_etf_159865_range_pct_ret3": 0.94921875,
    "fert_etf_159865_range_pct_ret1": 0.9479166666666666,
    "fert_etf_159865_close_ret1": 0.9479166666666666,
    "fert_etf_516220_range_pct_ret1": 0.9479166666666666,
    "fert_etf_basket_close_ret1": 0.9479166666666666,
    "fert_etf_516220_close_ret1": 0.9479166666666666,
    "fert_etf_516220_close": 0.947265625
  },
  "outputs": {
    "features": "/root/workspace/stock_realtime_v021_full/saved_data/600096_pipeline_out_v2_all14/04_external/fertilizer/stock_external_features_fertilizer.csv",
    "merged_samples": "/root/workspace/stock_realtime_v021_full/saved_data/600096_pipeline_out_v2_all14/04_external/fertilizer/training_samples_with_fertilizer_external.csv",
    "report": "/root/workspace/stock_realtime_v021_full/saved_data/600096_pipeline_out_v2_all14/04_external/fertilizer/validation_report.json"
  }
}
logout success!
[INFO] final samples for search: /root/workspace/stock_realtime_v021_full/saved_data/600096_pipeline_out_v2_all14/04_external/fertilizer/training_samples_with_fertilizer_external.csv

[2026-05-12T10:12:43] RUN search_vwap_low_hit_50bps
  /usr/bin/python3 model_training/search_walk_forward_model_complexity.py --samples /root/workspace/stock_realtime_v021_full/saved_data/600096_pipeline_out_v2_all14/04_external/fertilizer/training_samples_with_fertilizer_external.csv --intraday-bars /root/workspace/stock_realtime_v021_full/saved_data/600096_pipeline_out_v2_all14/00_base/600096_5m.csv --out-dir /root/workspace/stock_realtime_v021_full/saved_data/600096_pipeline_out_v2_all14/10_search/search_vwap_low_hit_50bps --round-trip-cost-bps 1.7 --target-hit-bps 50.0 --label-mode hit --entry-policy vwap_low --entry-vwap-premium-bps 50.0 --max-missing 0.35 --groups reversal_fundamental_regime,reversal_fundamental_regime_sector,reversal_fundamental_regime_sector_external,all_no_ak --models xgb_d2_200_lr003_mcw5,xgb_d3_400_lr003_mcw3,xgb_d3_600_lr002_mcw3,xgb_d4_500_lr002_mcw5,lgbm_leaves7_400,lgbm_leaves15_700,extra_trees_600_d3,random_forest_600_d4 --quantiles 0.5,0.6,0.7,0.8 --train-rows 756 --valid-rows 126 --test-rows 63 --min-valid-trades 8 --min-train-entries 80
{
  "rows": 1535,
  "target_hit_bps": 50.0,
  "label_mode": "hit",
  "entry_policy": "vwap_low",
  "entry_vwap_premium_bps": 50.0,
  "groups": {
    "reversal_fundamental_regime": 137,
    "reversal_fundamental_regime_sector": 160,
    "reversal_fundamental_regime_sector_external": 564,
    "all_no_ak": 619
  },
  "models": [
    "xgb_d2_200_lr003_mcw5",
    "xgb_d3_400_lr003_mcw3",
    "xgb_d3_600_lr002_mcw3",
    "xgb_d4_500_lr002_mcw5",
    "extra_trees_600_d3",
    "random_forest_600_d4",
    "lgbm_leaves7_400",
    "lgbm_leaves15_700"
  ],
  "top": [
    {
      "entry_policy": "vwap_low",
      "feature_group": "reversal_fundamental_regime_sector_external",
      "model_name": "lgbm_leaves15_700",
      "target_hit_bps": 50.0,
      "trades": 162,
      "win_rate": 0.7777777777777778,
      "avg_return": 0.00045411345286956197,
      "median_return": 0.005,
      "compound_return": 0.06753996938086604,
      "max_drawdown": -0.11258654914640076,
      "profit_factor": 1.1333349451235148,
      "windows": 10
    },
    {
      "entry_policy": "vwap_low",
      "feature_group": "reversal_fundamental_regime_sector",
      "model_name": "xgb_d3_600_lr002_mcw3",
      "target_hit_bps": 50.0,
      "trades": 196,
      "win_rate": 0.8010204081632653,
      "avg_return": 0.0003941218119093823,
      "median_return": 0.005,
      "compound_return": 0.06608437283519786,
      "max_drawdown": -0.1757634548770476,
      "profit_factor": 1.109848885085998,
      "windows": 10
    },
    {
      "entry_policy": "vwap_low",
      "feature_group": "reversal_fundamental_regime",
      "model_name": "lgbm_leaves7_400",
      "target_hit_bps": 50.0,
      "trades": 229,
      "win_rate": 0.7903930131004366,
      "avg_return": 0.00032653346072349234,
      "median_return": 0.005,
      "compound_return": 0.06203793288515547,
      "max_drawdown": -0.22823839688624414,
      "profit_factor": 1.0910795093433379,
      "windows": 10
    },
    {
      "entry_policy": "vwap_low",
      "feature_group": "reversal_fundamental_regime",
      "model_name": "xgb_d3_600_lr002_mcw3",
      "target_hit_bps": 50.0,
      "trades": 218,
      "win_rate": 0.7752293577981652,
      "avg_return": 6.79306620803543e-05,
      "median_return": 0.005,
      "compound_return": 0.0011271267164107979,
      "max_drawdown": -0.1497135270205302,
      "profit_factor": 1.018038364544829,
      "windows": 10
    },
    {
      "entry_policy": "vwap_low",
      "feature_group": "reversal_fundamental_regime",
      "model_name": "xgb_d4_500_lr002_mcw5",
      "target_hit_bps": 50.0,
      "trades": 190,
      "win_rate": 0.7947368421052632,
      "avg_return": 5.437276249715099e-05,
      "median_return": 0.005,
      "compound_return": -0.002429762026084914,
      "max_drawdown": -0.15961907967293865,
      "profit_factor": 1.0140470569741813,
      "windows": 10
    },
    {
      "entry_policy": "vwap_low",
      "feature_group": "all_no_ak",
      "model_name": "xgb_d2_200_lr003_mcw5",
      "target_hit_bps": 50.0,
      "trades": 217,
      "win_rate": 0.7880184331797235,
      "avg_return": 2.6491844447704766e-05,
      "median_return": 0.005,
      "compound_return": -0.009144638387512227,
      "max_drawdown": -0.20754560158528434,
      "profit_factor": 1.006830529230649,
      "windows": 10
    },
    {
      "entry_policy": "vwap_low",
      "feature_group": "all_no_ak",
      "model_name": "lgbm_leaves15_700",
      "target_hit_bps": 50.0,
      "trades": 189,
      "win_rate": 0.7619047619047619,
      "avg_return": -5.201769563348711e-05,
      "median_return": 0.005,
      "compound_return": -0.021045348284358334,
      "max_drawdown": -0.0983635507962628,
      "profit_factor": 0.9863207565351931,
      "windows": 10
    },
    {
      "entry_policy": "vwap_low",
      "feature_group": "reversal_fundamental_regime_sector_external",
      "model_name": "xgb_d3_400_lr003_mcw3",
      "target_hit_bps": 50.0,
      "trades": 199,
      "win_rate": 0.7386934673366834,
      "avg_return": -9.389337152706544e-05,
      "median_return": 0.005,
      "compound_return": -0.028708382499469498,
      "max_drawdown": -0.13011127460338823,
      "profit_factor": 0.9750534417516915,
      "windows": 10
    },
    {
      "entry_policy": "vwap_low",
      "feature_group": "reversal_fundamental_regime",
      "model_name": "lgbm_leaves15_700",
      "target_hit_bps": 50.0,
      "trades": 182,
      "win_rate": 0.7692307692307693,
      "avg_return": -0.00012470518202505816,
      "median_return": 0.005,
      "compound_return": -0.03444383346173896,
      "max_drawdown": -0.2456871420826141,
      "profit_factor": 0.9683966992636542,
      "windows": 10
    },
    {
      "entry_policy": "vwap_low",
      "feature_group": "reversal_fundamental_regime_sector",
      "model_name": "xgb_d3_400_lr003_mcw3",
      "target_hit_bps": 50.0,
      "trades": 227,
      "win_rate": 0.7841409691629956,
      "avg_return": -0.00010031111321762251,
      "median_return": 0.005,
      "compound_return": -0.0379790346078176,
      "max_drawdown": -0.19106482561887506,
      "profit_factor": 0.9747985884065711,
      "windows": 10
    },
    {
      "entry_policy": "vwap_low",
      "feature_group": "reversal_fundamental_regime",
      "model_name": "random_forest_600_d4",
      "target_hit_bps": 50.0,
      "trades": 252,
      "win_rate": 0.7777777777777778,
      "avg_return": -8.320626291663591e-05,
      "median_return": 0.005,
      "compound_return": -0.03918331603467662,
      "max_drawdown": -0.2685213714867365,
      "profit_factor": 0.978894826817662,
      "windows": 10
    },
    {
      "entry_policy": "vwap_low",
      "feature_group": "reversal_fundamental_regime",
      "model_name": "xgb_d3_400_lr003_mcw3",
      "target_hit_bps": 50.0,
      "trades": 205,
      "win_rate": 0.775609756097561,
      "avg_return": -0.00019408847766712157,
      "median_return": 0.005,
      "compound_return": -0.05306368549514162,
      "max_drawdown": -0.21882494326019408,
      "profit_factor": 0.9518048459983145,
      "windows": 10
    },
    {
      "entry_policy": "vwap_low",
      "feature_group": "reversal_fundamental_regime_sector",
      "model_name": "xgb_d4_500_lr002_mcw5",
      "target_hit_bps": 50.0,
      "trades": 210,
      "win_rate": 0.780952380952381,
      "avg_return": -0.0003122995671355482,
      "median_return": 0.005,
      "compound_return": -0.07820563025046579,
      "max_drawdown": -0.18204635534427838,
      "profit_factor": 0.9251642329742275,
      "windows": 10
    },
    {
      "entry_policy": "vwap_low",
      "feature_group": "reversal_fundamental_regime",
      "model_name": "xgb_d2_200_lr003_mcw5",
      "target_hit_bps": 50.0,
      "trades": 199,
      "win_rate": 0.7839195979899497,
      "avg_return": -0.0003354126219529688,
      "median_return": 0.005,
      "compound_return": -0.07895102980208835,
      "max_drawdown": -0.24711608498631665,
      "profit_factor": 0.9207480815075634,
      "windows": 10
    },
    {
      "entry_policy": "vwap_low",
      "feature_group": "all_no_ak",
      "model_name": "lgbm_leaves7_400",
      "target_hit_bps": 50.0,
      "trades": 205,
      "win_rate": 0.7658536585365854,
      "avg_return": -0.0003511021063560048,
      "median_return": 0.005,
      "compound_return": -0.08319133875954132,
      "max_drawdown": -0.25243276072490684,
      "profit_factor": 0.9155493061588845,
      "windows": 10
    },
    {
      "entry_policy": "vwap_low",
      "feature_group": "all_no_ak",
      "model_name": "xgb_d4_500_lr002_mcw5",
      "target_hit_bps": 50.0,
      "trades": 198,
      "win_rate": 0.7676767676767676,
      "avg_return": -0.00039537142651846843,
      "median_return": 0.005,
      "compound_return": -0.08843294745218433,
      "max_drawdown": -0.26898817504374783,
      "profit_factor": 0.9060887973759643,
      "windows": 10
    },
    {
      "entry_policy": "vwap_low",
      "feature_group": "reversal_fundamental_regime_sector",
      "model_name": "random_forest_600_d4",
      "target_hit_bps": 50.0,
      "trades": 227,
      "win_rate": 0.7929515418502202,
      "avg_return": -0.00035132521808957574,
      "median_return": 0.005,
      "compound_return": -0.09470620816683073,
      "max_drawdown": -0.22398838115959363,
      "profit_factor": 0.9182225816712613,
      "windows": 10
    },
    {
      "entry_policy": "vwap_low",
      "feature_group": "reversal_fundamental_regime_sector",
      "model_name": "xgb_d2_200_lr003_mcw5",
      "target_hit_bps": 50.0,
      "trades": 216,
      "win_rate": 0.7685185185185185,
      "avg_return": -0.0003882908356827523,
      "median_return": 0.005,
      "compound_return": -0.09480041285306096,
      "max_drawdown": -0.1752923531030448,
      "profit_factor": 0.9077671834813056,
      "windows": 10
    },
    {
      "entry_policy": "vwap_low",
      "feature_group": "reversal_fundamental_regime_sector",
      "model_name": "lgbm_leaves7_400",
      "target_hit_bps": 50.0,
      "trades": 195,
      "win_rate": 0.7538461538461538,
      "avg_return": -0.0005353700324573261,
      "median_return": 0.005,
      "compound_return": -0.11215835833561794,
      "max_drawdown": -0.23790777300170485,
      "profit_factor": 0.874548475544871,
      "windows": 10
    },
    {
      "entry_policy": "vwap_low",
      "feature_group": "reversal_fundamental_regime_sector",
      "model_name": "lgbm_leaves15_700",
      "target_hit_bps": 50.0,
      "trades": 190,
      "win_rate": 0.7368421052631579,
      "avg_return": -0.0006033163349704481,
      "median_return": 0.005,
      "compound_return": -0.12016942797025587,
      "max_drawdown": -0.19189554931032704,
      "profit_factor": 0.8584983777907235,
      "windows": 10
    }
  ]
}

[2026-05-12T10:26:12] RUN search_vwap_low_hit_80bps
  /usr/bin/python3 model_training/search_walk_forward_model_complexity.py --samples /root/workspace/stock_realtime_v021_full/saved_data/600096_pipeline_out_v2_all14/04_external/fertilizer/training_samples_with_fertilizer_external.csv --intraday-bars /root/workspace/stock_realtime_v021_full/saved_data/600096_pipeline_out_v2_all14/00_base/600096_5m.csv --out-dir /root/workspace/stock_realtime_v021_full/saved_data/600096_pipeline_out_v2_all14/10_search/search_vwap_low_hit_80bps --round-trip-cost-bps 1.7 --target-hit-bps 80.0 --label-mode hit --entry-policy vwap_low --entry-vwap-premium-bps 50.0 --max-missing 0.35 --groups reversal_fundamental_regime,reversal_fundamental_regime_sector,reversal_fundamental_regime_sector_external,all_no_ak --models xgb_d2_200_lr003_mcw5,xgb_d3_400_lr003_mcw3,xgb_d3_600_lr002_mcw3,xgb_d4_500_lr002_mcw5,lgbm_leaves7_400,lgbm_leaves15_700,extra_trees_600_d3,random_forest_600_d4 --quantiles 0.5,0.6,0.7,0.8 --train-rows 756 --valid-rows 126 --test-rows 63 --min-valid-trades 8 --min-train-entries 80
{
  "rows": 1535,
  "target_hit_bps": 80.0,
  "label_mode": "hit",
  "entry_policy": "vwap_low",
  "entry_vwap_premium_bps": 50.0,
  "groups": {
    "reversal_fundamental_regime": 137,
    "reversal_fundamental_regime_sector": 160,
    "reversal_fundamental_regime_sector_external": 564,
    "all_no_ak": 619
  },
  "models": [
    "xgb_d2_200_lr003_mcw5",
    "xgb_d3_400_lr003_mcw3",
    "xgb_d3_600_lr002_mcw3",
    "xgb_d4_500_lr002_mcw5",
    "extra_trees_600_d3",
    "random_forest_600_d4",
    "lgbm_leaves7_400",
    "lgbm_leaves15_700"
  ],
  "top": [
    {
      "entry_policy": "vwap_low",
      "feature_group": "reversal_fundamental_regime",
      "model_name": "xgb_d3_400_lr003_mcw3",
      "target_hit_bps": 80.0,
      "trades": 194,
      "win_rate": 0.7216494845360825,
      "avg_return": 0.0017104872572688867,
      "median_return": 0.008,
      "compound_return": 0.37364131797689737,
      "max_drawdown": -0.08276832227068387,
      "profit_factor": 1.4341541105787095,
      "windows": 10
    },
    {
      "entry_policy": "vwap_low",
      "feature_group": "reversal_fundamental_regime",
      "model_name": "xgb_d2_200_lr003_mcw5",
      "target_hit_bps": 80.0,
      "trades": 211,
      "win_rate": 0.7251184834123223,
      "avg_return": 0.0014299312402782387,
      "median_return": 0.008,
      "compound_return": 0.328635547692006,
      "max_drawdown": -0.09923759995065506,
      "profit_factor": 1.3339132904863764,
      "windows": 10
    },
    {
      "entry_policy": "vwap_low",
      "feature_group": "reversal_fundamental_regime",
      "model_name": "xgb_d3_600_lr002_mcw3",
      "target_hit_bps": 80.0,
      "trades": 184,
      "win_rate": 0.7336956521739131,
      "avg_return": 0.001500745328083394,
      "median_return": 0.008,
      "compound_return": 0.29937129106818494,
      "max_drawdown": -0.10844792751809695,
      "profit_factor": 1.3598399035317974,
      "windows": 10
    },
    {
      "entry_policy": "vwap_low",
      "feature_group": "reversal_fundamental_regime_sector",
      "model_name": "lgbm_leaves15_700",
      "target_hit_bps": 80.0,
      "trades": 214,
      "win_rate": 0.6915887850467289,
      "avg_return": 0.001071295441015857,
      "median_return": 0.008,
      "compound_return": 0.23690367076794105,
      "max_drawdown": -0.1464371991243395,
      "profit_factor": 1.250361941914149,
      "windows": 10
    },
    {
      "entry_policy": "vwap_low",
      "feature_group": "reversal_fundamental_regime_sector",
      "model_name": "xgb_d4_500_lr002_mcw5",
      "target_hit_bps": 80.0,
      "trades": 195,
      "win_rate": 0.7025641025641025,
      "avg_return": 0.001108022858486316,
      "median_return": 0.008,
      "compound_return": 0.22163984916462365,
      "max_drawdown": -0.17734646081506034,
      "profit_factor": 1.256815883451622,
      "windows": 10
    },
    {
      "entry_policy": "vwap_low",
      "feature_group": "reversal_fundamental_regime_sector",
      "model_name": "random_forest_600_d4",
      "target_hit_bps": 80.0,
      "trades": 254,
      "win_rate": 0.7047244094488189,
      "avg_return": 0.0008165722559004393,
      "median_return": 0.008,
      "compound_return": 0.20087186308135418,
      "max_drawdown": -0.13833435474698386,
      "profit_factor": 1.1729323948725705,
      "windows": 10
    },
    {
      "entry_policy": "vwap_low",
      "feature_group": "reversal_fundamental_regime",
      "model_name": "lgbm_leaves15_700",
      "target_hit_bps": 80.0,
      "trades": 168,
      "win_rate": 0.7142857142857143,
      "avg_return": 0.0011555965263260256,
      "median_return": 0.008,
      "compound_return": 0.19417698187158372,
      "max_drawdown": -0.16891632899027642,
      "profit_factor": 1.261030316983879,
      "windows": 10
    },
    {
      "entry_policy": "vwap_low",
      "feature_group": "reversal_fundamental_regime_sector",
      "model_name": "xgb_d2_200_lr003_mcw5",
      "target_hit_bps": 80.0,
      "trades": 234,
      "win_rate": 0.7222222222222222,
      "avg_return": 0.0007258891478986876,
      "median_return": 0.008,
      "compound_return": 0.15661305528866554,
      "max_drawdown": -0.15041905132386812,
      "profit_factor": 1.145869697310721,
      "windows": 10
    },
    {
      "entry_policy": "vwap_low",
      "feature_group": "reversal_fundamental_regime_sector",
      "model_name": "xgb_d3_400_lr003_mcw3",
      "target_hit_bps": 80.0,
      "trades": 236,
      "win_rate": 0.6822033898305084,
      "avg_return": 0.0006852919850750871,
      "median_return": 0.008,
      "compound_return": 0.15330783945753423,
      "max_drawdown": -0.17483146821689088,
      "profit_factor": 1.1505313379742121,
      "windows": 10
    },
    {
      "entry_policy": "vwap_low",
      "feature_group": "reversal_fundamental_regime",
      "model_name": "xgb_d4_500_lr002_mcw5",
      "target_hit_bps": 80.0,
      "trades": 177,
      "win_rate": 0.7005649717514124,
      "avg_return": 0.0008822667268826398,
      "median_return": 0.008,
      "compound_return": 0.1507246208569124,
      "max_drawdown": -0.15070396043805823,
      "profit_factor": 1.1896019947504473,
      "windows": 10
    },
    {
      "entry_policy": "vwap_low",
      "feature_group": "reversal_fundamental_regime",
      "model_name": "random_forest_600_d4",
      "target_hit_bps": 80.0,
      "trades": 267,
      "win_rate": 0.6928838951310862,
      "avg_return": 0.0004860769234194105,
      "median_return": 0.008,
      "compound_return": 0.11180789159183102,
      "max_drawdown": -0.11882797926379585,
      "profit_factor": 1.0985299883902244,
      "windows": 10
    },
    {
      "entry_policy": "vwap_low",
      "feature_group": "all_no_ak",
      "model_name": "random_forest_600_d4",
      "target_hit_bps": 80.0,
      "trades": 253,
      "win_rate": 0.6837944664031621,
      "avg_return": 0.0004972320022962579,
      "median_return": 0.008,
      "compound_return": 0.10519865449688104,
      "max_drawdown": -0.1874304273324744,
      "profit_factor": 1.101552717902492,
      "windows": 10
    },
    {
      "entry_policy": "vwap_low",
      "feature_group": "reversal_fundamental_regime_sector",
      "model_name": "xgb_d3_600_lr002_mcw3",
      "target_hit_bps": 80.0,
      "trades": 204,
      "win_rate": 0.6911764705882353,
      "avg_return": 0.0004987690648553067,
      "median_return": 0.008,
      "compound_return": 0.08776556228070365,
      "max_drawdown": -0.18945270619941712,
      "profit_factor": 1.1039778561741749,
      "windows": 10
    },
    {
      "entry_policy": "vwap_low",
      "feature_group": "reversal_fundamental_regime_sector_external",
      "model_name": "xgb_d2_200_lr003_mcw5",
      "target_hit_bps": 80.0,
      "trades": 259,
      "win_rate": 0.667953667953668,
      "avg_return": 0.00041011175765594087,
      "median_return": 0.008,
      "compound_return": 0.0854992627355331,
      "max_drawdown": -0.17845408743695768,
      "profit_factor": 1.0849838964053171,
      "windows": 10
    },
    {
      "entry_policy": "vwap_low",
      "feature_group": "reversal_fundamental_regime_sector_external",
      "model_name": "lgbm_leaves7_400",
      "target_hit_bps": 80.0,
      "trades": 235,
      "win_rate": 0.6595744680851063,
      "avg_return": 0.00039548704555536214,
      "median_return": 0.008,
      "compound_return": 0.07509761954741956,
      "max_drawdown": -0.12572752178844337,
      "profit_factor": 1.0829947792728738,
      "windows": 10
    },
    {
      "entry_policy": "vwap_low",
      "feature_group": "reversal_fundamental_regime",
      "model_name": "lgbm_leaves7_400",
      "target_hit_bps": 80.0,
      "trades": 180,
      "win_rate": 0.7111111111111111,
      "avg_return": 0.00033283707165999044,
      "median_return": 0.008,
      "compound_return": 0.04030627185800206,
      "max_drawdown": -0.20830485913339825,
      "profit_factor": 1.0630007739868943,
      "windows": 10
    },
    {
      "entry_policy": "vwap_low",
      "feature_group": "reversal_fundamental_regime_sector_external",
      "model_name": "random_forest_600_d4",
      "target_hit_bps": 80.0,
      "trades": 282,
      "win_rate": 0.6702127659574468,
      "avg_return": 0.00014916554109470294,
      "median_return": 0.008,
      "compound_return": 0.013499593959680478,
      "max_drawdown": -0.20344853329791368,
      "profit_factor": 1.0290001760024485,
      "windows": 10
    },
    {
      "entry_policy": "vwap_low",
      "feature_group": "reversal_fundamental_regime_sector",
      "model_name": "extra_trees_600_d3",
      "target_hit_bps": 80.0,
      "trades": 384,
      "win_rate": 0.6536458333333334,
      "avg_return": 7.534662871722517e-05,
      "median_return": 0.008,
      "compound_return": -0.005768160792696264,
      "max_drawdown": -0.18853016951860402,
      "profit_factor": 1.0152033096610735,
      "windows": 10
    },
    {
      "entry_policy": "vwap_low",
      "feature_group": "all_no_ak",
      "model_name": "xgb_d3_400_lr003_mcw3",
      "target_hit_bps": 80.0,
      "trades": 180,
      "win_rate": 0.6888888888888889,
      "avg_return": -0.00012576225026726844,
      "median_return": 0.008,
      "compound_return": -0.04303044888052576,
      "max_drawdown": -0.23831046466849293,
      "profit_factor": 0.9774629107033665,
      "windows": 10
    },
    {
      "entry_policy": "vwap_low",
      "feature_group": "reversal_fundamental_regime_sector_external",
      "model_name": "xgb_d3_600_lr002_mcw3",
      "target_hit_bps": 80.0,
      "trades": 200,
      "win_rate": 0.665,
      "avg_return": -0.0001287737638779593,
      "median_return": 0.008,
      "compound_return": -0.046892495998678174,
      "max_drawdown": -0.19254696653831238,
      "profit_factor": 0.9757095206378561,
      "windows": 10
    }
  ]
}

[2026-05-12T10:40:05] RUN search_vwap_low_close_profit_50bps
  /usr/bin/python3 model_training/search_walk_forward_model_complexity.py --samples /root/workspace/stock_realtime_v021_full/saved_data/600096_pipeline_out_v2_all14/04_external/fertilizer/training_samples_with_fertilizer_external.csv --intraday-bars /root/workspace/stock_realtime_v021_full/saved_data/600096_pipeline_out_v2_all14/00_base/600096_5m.csv --out-dir /root/workspace/stock_realtime_v021_full/saved_data/600096_pipeline_out_v2_all14/10_search/search_vwap_low_close_profit_50bps --round-trip-cost-bps 1.7 --target-hit-bps 50.0 --label-mode close_profit --entry-policy vwap_low --entry-vwap-premium-bps 50.0 --max-missing 0.35 --groups reversal_fundamental_regime,reversal_fundamental_regime_sector,reversal_fundamental_regime_sector_external,all_no_ak --models xgb_d2_200_lr003_mcw5,xgb_d3_400_lr003_mcw3,xgb_d3_600_lr002_mcw3,xgb_d4_500_lr002_mcw5,lgbm_leaves7_400,lgbm_leaves15_700,extra_trees_600_d3,random_forest_600_d4 --quantiles 0.5,0.6,0.7,0.8 --train-rows 756 --valid-rows 126 --test-rows 63 --min-valid-trades 8 --min-train-entries 80
{
  "rows": 1535,
  "target_hit_bps": 50.0,
  "label_mode": "close_profit",
  "entry_policy": "vwap_low",
  "entry_vwap_premium_bps": 50.0,
  "groups": {
    "reversal_fundamental_regime": 137,
    "reversal_fundamental_regime_sector": 160,
    "reversal_fundamental_regime_sector_external": 564,
    "all_no_ak": 619
  },
  "models": [
    "xgb_d2_200_lr003_mcw5",
    "xgb_d3_400_lr003_mcw3",
    "xgb_d3_600_lr002_mcw3",
    "xgb_d4_500_lr002_mcw5",
    "extra_trees_600_d3",
    "random_forest_600_d4",
    "lgbm_leaves7_400",
    "lgbm_leaves15_700"
  ],
  "top": [
    {
      "entry_policy": "vwap_low",
      "feature_group": "reversal_fundamental_regime",
      "model_name": "xgb_d3_400_lr003_mcw3",
      "target_hit_bps": 50.0,
      "trades": 135,
      "win_rate": 0.5185185185185185,
      "avg_return": 0.003710463871304741,
      "median_return": 0.001025457262402888,
      "compound_return": 0.5941247518772461,
      "max_drawdown": -0.1359681960149708,
      "profit_factor": 1.5775867715804335,
      "windows": 10
    },
    {
      "entry_policy": "vwap_low",
      "feature_group": "all_no_ak",
      "model_name": "xgb_d3_400_lr003_mcw3",
      "target_hit_bps": 50.0,
      "trades": 200,
      "win_rate": 0.46,
      "avg_return": 0.0024828325519878945,
      "median_return": -0.0008126361025838601,
      "compound_return": 0.5638152878064666,
      "max_drawdown": -0.18369720585825322,
      "profit_factor": 1.3740700094177036,
      "windows": 10
    },
    {
      "entry_policy": "vwap_low",
      "feature_group": "reversal_fundamental_regime_sector",
      "model_name": "xgb_d4_500_lr002_mcw5",
      "target_hit_bps": 50.0,
      "trades": 113,
      "win_rate": 0.5309734513274337,
      "avg_return": 0.004176544587599623,
      "median_return": 0.0025210656620020568,
      "compound_return": 0.5609477290474654,
      "max_drawdown": -0.11528858073674741,
      "profit_factor": 1.7131043658144205,
      "windows": 10
    },
    {
      "entry_policy": "vwap_low",
      "feature_group": "all_no_ak",
      "model_name": "xgb_d4_500_lr002_mcw5",
      "target_hit_bps": 50.0,
      "trades": 186,
      "win_rate": 0.4838709677419355,
      "avg_return": 0.002183394201146448,
      "median_return": -0.00016999999999999999,
      "compound_return": 0.42822762754316335,
      "max_drawdown": -0.18369720585825333,
      "profit_factor": 1.3083809099707695,
      "windows": 10
    },
    {
      "entry_policy": "vwap_low",
      "feature_group": "reversal_fundamental_regime",
      "model_name": "lgbm_leaves15_700",
      "target_hit_bps": 50.0,
      "trades": 141,
      "win_rate": 0.5106382978723404,
      "avg_return": 0.0026598732375532207,
      "median_return": 0.00019778227289446798,
      "compound_return": 0.40881961180111426,
      "max_drawdown": -0.1055206947156544,
      "profit_factor": 1.4194153920264951,
      "windows": 10
    },
    {
      "entry_policy": "vwap_low",
      "feature_group": "reversal_fundamental_regime",
      "model_name": "xgb_d4_500_lr002_mcw5",
      "target_hit_bps": 50.0,
      "trades": 123,
      "win_rate": 0.4878048780487805,
      "avg_return": 0.0029938139006670003,
      "median_return": -0.00016999999999999999,
      "compound_return": 0.40670007714868284,
      "max_drawdown": -0.12480285835075233,
      "profit_factor": 1.4691883208671739,
      "windows": 10
    },
    {
      "entry_policy": "vwap_low",
      "feature_group": "reversal_fundamental_regime_sector_external",
      "model_name": "random_forest_600_d4",
      "target_hit_bps": 50.0,
      "trades": 171,
      "win_rate": 0.4853801169590643,
      "avg_return": 0.002262322330347478,
      "median_return": -0.00016999999999999999,
      "compound_return": 0.3996118089017291,
      "max_drawdown": -0.21320684457119565,
      "profit_factor": 1.2964017213000438,
      "windows": 10
    },
    {
      "entry_policy": "vwap_low",
      "feature_group": "all_no_ak",
      "model_name": "xgb_d2_200_lr003_mcw5",
      "target_hit_bps": 50.0,
      "trades": 144,
      "win_rate": 0.4722222222222222,
      "avg_return": 0.002501388968650571,
      "median_return": -0.00048806615776075465,
      "compound_return": 0.37960192070349796,
      "max_drawdown": -0.25038472139296775,
      "profit_factor": 1.370739829189385,
      "windows": 10
    },
    {
      "entry_policy": "vwap_low",
      "feature_group": "reversal_fundamental_regime_sector",
      "model_name": "lgbm_leaves7_400",
      "target_hit_bps": 50.0,
      "trades": 82,
      "win_rate": 0.5365853658536586,
      "avg_return": 0.00395966090938012,
      "median_return": 0.0008528996669628953,
      "compound_return": 0.34849648168879077,
      "max_drawdown": -0.13578621595864893,
      "profit_factor": 1.540735023973517,
      "windows": 10
    },
    {
      "entry_policy": "vwap_low",
      "feature_group": "reversal_fundamental_regime",
      "model_name": "lgbm_leaves7_400",
      "target_hit_bps": 50.0,
      "trades": 137,
      "win_rate": 0.48905109489051096,
      "avg_return": 0.00239314246478483,
      "median_return": -0.00016999999999999999,
      "compound_return": 0.34771905961208094,
      "max_drawdown": -0.15019353293520876,
      "profit_factor": 1.3687971584253118,
      "windows": 10
    },
    {
      "entry_policy": "vwap_low",
      "feature_group": "reversal_fundamental_regime",
      "model_name": "xgb_d2_200_lr003_mcw5",
      "target_hit_bps": 50.0,
      "trades": 127,
      "win_rate": 0.49606299212598426,
      "avg_return": 0.002549754091584624,
      "median_return": -0.00016999999999999999,
      "compound_return": 0.34570906386987543,
      "max_drawdown": -0.09979427368907945,
      "profit_factor": 1.4041070140752412,
      "windows": 10
    },
    {
      "entry_policy": "vwap_low",
      "feature_group": "reversal_fundamental_regime_sector",
      "model_name": "xgb_d3_600_lr002_mcw3",
      "target_hit_bps": 50.0,
      "trades": 130,
      "win_rate": 0.4846153846153846,
      "avg_return": 0.002373631105682325,
      "median_return": -0.00016999999999999999,
      "compound_return": 0.31875568094611717,
      "max_drawdown": -0.1798662167266405,
      "profit_factor": 1.3412014068288296,
      "windows": 10
    },
    {
      "entry_policy": "vwap_low",
      "feature_group": "reversal_fundamental_regime",
      "model_name": "xgb_d3_600_lr002_mcw3",
      "target_hit_bps": 50.0,
      "trades": 124,
      "win_rate": 0.46774193548387094,
      "avg_return": 0.002429301378384204,
      "median_return": -0.0008807086168497978,
      "compound_return": 0.31652080355262746,
      "max_drawdown": -0.15210192917859722,
      "profit_factor": 1.380225994551825,
      "windows": 10
    },
    {
      "entry_policy": "vwap_low",
      "feature_group": "all_no_ak",
      "model_name": "lgbm_leaves7_400",
      "target_hit_bps": 50.0,
      "trades": 141,
      "win_rate": 0.4326241134751773,
      "avg_return": 0.0020683442199565995,
      "median_return": -0.0012182180293501786,
      "compound_return": 0.30059430069650217,
      "max_drawdown": -0.14607453294638995,
      "profit_factor": 1.3283676371420432,
      "windows": 10
    },
    {
      "entry_policy": "vwap_low",
      "feature_group": "reversal_fundamental_regime_sector_external",
      "model_name": "xgb_d3_600_lr002_mcw3",
      "target_hit_bps": 50.0,
      "trades": 171,
      "win_rate": 0.4678362573099415,
      "avg_return": 0.0017907870076230075,
      "median_return": -0.00016999999999999999,
      "compound_return": 0.29563072071135177,
      "max_drawdown": -0.18369720585825344,
      "profit_factor": 1.239109356622251,
      "windows": 10
    },
    {
      "entry_policy": "vwap_low",
      "feature_group": "reversal_fundamental_regime_sector_external",
      "model_name": "xgb_d3_400_lr003_mcw3",
      "target_hit_bps": 50.0,
      "trades": 171,
      "win_rate": 0.45614035087719296,
      "avg_return": 0.001702956007712469,
      "median_return": -0.0007670149253731183,
      "compound_return": 0.2859804374551602,
      "max_drawdown": -0.21244411318044298,
      "profit_factor": 1.2488567202320033,
      "windows": 10
    },
    {
      "entry_policy": "vwap_low",
      "feature_group": "reversal_fundamental_regime_sector_external",
      "model_name": "xgb_d2_200_lr003_mcw5",
      "target_hit_bps": 50.0,
      "trades": 183,
      "win_rate": 0.4371584699453552,
      "avg_return": 0.001540033383780838,
      "median_return": -0.0014628248222366934,
      "compound_return": 0.2639998278610902,
      "max_drawdown": -0.21488367076068682,
      "profit_factor": 1.2156456988329354,
      "windows": 10
    },
    {
      "entry_policy": "vwap_low",
      "feature_group": "reversal_fundamental_regime_sector",
      "model_name": "xgb_d2_200_lr003_mcw5",
      "target_hit_bps": 50.0,
      "trades": 104,
      "win_rate": 0.5,
      "avg_return": 0.0024091466202642393,
      "median_return": 1.3823529411819579e-05,
      "compound_return": 0.25213176899907785,
      "max_drawdown": -0.16650605558644227,
      "profit_factor": 1.348499064382349,
      "windows": 10
    },
    {
      "entry_policy": "vwap_low",
      "feature_group": "reversal_fundamental_regime_sector",
      "model_name": "xgb_d3_400_lr003_mcw3",
      "target_hit_bps": 50.0,
      "trades": 142,
      "win_rate": 0.4647887323943662,
      "avg_return": 0.0018216030448419396,
      "median_return": -0.0009163354967215397,
      "compound_return": 0.2476689125596827,
      "max_drawdown": -0.19946324063443366,
      "profit_factor": 1.249166872637071,
      "windows": 10
    },
    {
      "entry_policy": "vwap_low",
      "feature_group": "reversal_fundamental_regime_sector_external",
      "model_name": "lgbm_leaves7_400",
      "target_hit_bps": 50.0,
      "trades": 208,
      "win_rate": 0.4375,
      "avg_return": 0.0012066405451352387,
      "median_return": -0.0016469771951714805,
      "compound_return": 0.22537515260333874,
      "max_drawdown": -0.19938814724783793,
      "profit_factor": 1.1753264765840572,
      "windows": 10
    }
  ]
}

[2026-05-12T10:54:24] RUN search_all_days_hit_50bps
  /usr/bin/python3 model_training/search_walk_forward_model_complexity.py --samples /root/workspace/stock_realtime_v021_full/saved_data/600096_pipeline_out_v2_all14/04_external/fertilizer/training_samples_with_fertilizer_external.csv --intraday-bars /root/workspace/stock_realtime_v021_full/saved_data/600096_pipeline_out_v2_all14/00_base/600096_5m.csv --out-dir /root/workspace/stock_realtime_v021_full/saved_data/600096_pipeline_out_v2_all14/10_search/search_all_days_hit_50bps --round-trip-cost-bps 1.7 --target-hit-bps 50.0 --label-mode hit --entry-policy all_days --entry-vwap-premium-bps 50.0 --max-missing 0.35 --groups reversal_fundamental_regime,reversal_fundamental_regime_sector,reversal_fundamental_regime_sector_external,all_no_ak --models xgb_d2_200_lr003_mcw5,xgb_d3_400_lr003_mcw3,xgb_d3_600_lr002_mcw3,xgb_d4_500_lr002_mcw5,lgbm_leaves7_400,lgbm_leaves15_700,extra_trees_600_d3,random_forest_600_d4 --quantiles 0.5,0.6,0.7,0.8 --train-rows 756 --valid-rows 126 --test-rows 63 --min-valid-trades 8 --min-train-entries 80
{
  "rows": 1535,
  "target_hit_bps": 50.0,
  "label_mode": "hit",
  "entry_policy": "all_days",
  "entry_vwap_premium_bps": 50.0,
  "groups": {
    "reversal_fundamental_regime": 137,
    "reversal_fundamental_regime_sector": 160,
    "reversal_fundamental_regime_sector_external": 564,
    "all_no_ak": 619
  },
  "models": [
    "xgb_d2_200_lr003_mcw5",
    "xgb_d3_400_lr003_mcw3",
    "xgb_d3_600_lr002_mcw3",
    "xgb_d4_500_lr002_mcw5",
    "extra_trees_600_d3",
    "random_forest_600_d4",
    "lgbm_leaves7_400",
    "lgbm_leaves15_700"
  ],
  "top": [
    {
      "entry_policy": "all_days",
      "feature_group": "reversal_fundamental_regime",
      "model_name": "lgbm_leaves7_400",
      "target_hit_bps": 50.0,
      "trades": 235,
      "win_rate": 0.7957446808510639,
      "avg_return": 0.0004458560106624669,
      "median_return": 0.005,
      "compound_return": 0.09430000016790907,
      "max_drawdown": -0.20875044929145148,
      "profit_factor": 1.12762036927437,
      "windows": 10
    },
    {
      "entry_policy": "all_days",
      "feature_group": "reversal_fundamental_regime_sector_external",
      "model_name": "lgbm_leaves15_700",
      "target_hit_bps": 50.0,
      "trades": 174,
      "win_rate": 0.7816091954022989,
      "avg_return": 0.00045057141875798427,
      "median_return": 0.005,
      "compound_return": 0.0720167661658393,
      "max_drawdown": -0.10440944999950263,
      "profit_factor": 1.1313425352731588,
      "windows": 10
    },
    {
      "entry_policy": "all_days",
      "feature_group": "reversal_fundamental_regime_sector",
      "model_name": "xgb_d3_600_lr002_mcw3",
      "target_hit_bps": 50.0,
      "trades": 206,
      "win_rate": 0.8009708737864077,
      "avg_return": 0.00035969631227802945,
      "median_return": 0.005,
      "compound_return": 0.06212132376768875,
      "max_drawdown": -0.17718362473536786,
      "profit_factor": 1.0992771004099067,
      "windows": 10
    },
    {
      "entry_policy": "all_days",
      "feature_group": "reversal_fundamental_regime",
      "model_name": "lgbm_leaves15_700",
      "target_hit_bps": 50.0,
      "trades": 197,
      "win_rate": 0.7868020304568528,
      "avg_return": 0.00026550079630172297,
      "median_return": 0.005,
      "compound_return": 0.040563212850007524,
      "max_drawdown": -0.19113438236985214,
      "profit_factor": 1.0728297148291996,
      "windows": 10
    },
    {
      "entry_policy": "all_days",
      "feature_group": "reversal_fundamental_regime",
      "model_name": "xgb_d3_600_lr002_mcw3",
      "target_hit_bps": 50.0,
      "trades": 235,
      "win_rate": 0.7829787234042553,
      "avg_return": 0.00018248416710996737,
      "median_return": 0.005,
      "compound_return": 0.028863664961691127,
      "max_drawdown": -0.14613395231600002,
      "profit_factor": 1.049411473480079,
      "windows": 10
    },
    {
      "entry_policy": "all_days",
      "feature_group": "reversal_fundamental_regime_sector",
      "model_name": "xgb_d3_400_lr003_mcw3",
      "target_hit_bps": 50.0,
      "trades": 232,
      "win_rate": 0.7931034482758621,
      "avg_return": 0.00013482846580321954,
      "median_return": 0.005,
      "compound_return": 0.015683580717756662,
      "max_drawdown": -0.1501905557320019,
      "profit_factor": 1.0355661086812282,
      "windows": 10
    },
    {
      "entry_policy": "all_days",
      "feature_group": "reversal_fundamental_regime",
      "model_name": "xgb_d3_400_lr003_mcw3",
      "target_hit_bps": 50.0,
      "trades": 224,
      "win_rate": 0.7901785714285714,
      "avg_return": 0.0001170373157256041,
      "median_return": 0.005,
      "compound_return": 0.011024551432134766,
      "max_drawdown": -0.1701048318319084,
      "profit_factor": 1.0308588017649865,
      "windows": 10
    },
    {
      "entry_policy": "all_days",
      "feature_group": "all_no_ak",
      "model_name": "xgb_d2_200_lr003_mcw5",
      "target_hit_bps": 50.0,
      "trades": 232,
      "win_rate": 0.7931034482758621,
      "avg_return": 5.27736943590104e-05,
      "median_return": 0.005,
      "compound_return": -0.0037620123106876235,
      "max_drawdown": -0.20324074956060556,
      "profit_factor": 1.0136019482037935,
      "windows": 10
    },
    {
      "entry_policy": "all_days",
      "feature_group": "reversal_fundamental_regime",
      "model_name": "xgb_d4_500_lr002_mcw5",
      "target_hit_bps": 50.0,
      "trades": 201,
      "win_rate": 0.7960199004975125,
      "avg_return": 4.181950155116304e-05,
      "median_return": 0.005,
      "compound_return": -0.005016877635342087,
      "max_drawdown": -0.1636327504797752,
      "profit_factor": 1.010743930086352,
      "windows": 10
    },
    {
      "entry_policy": "all_days",
      "feature_group": "reversal_fundamental_regime",
      "model_name": "random_forest_600_d4",
      "target_hit_bps": 50.0,
      "trades": 280,
      "win_rate": 0.7857142857142857,
      "avg_return": -7.159621157092671e-05,
      "median_return": 0.005,
      "compound_return": -0.04042001631294845,
      "max_drawdown": -0.2694628828473623,
      "profit_factor": 0.9819815495424635,
      "windows": 10
    },
    {
      "entry_policy": "all_days",
      "feature_group": "reversal_fundamental_regime",
      "model_name": "xgb_d2_200_lr003_mcw5",
      "target_hit_bps": 50.0,
      "trades": 226,
      "win_rate": 0.7920353982300885,
      "avg_return": -0.00013518333582580706,
      "median_return": 0.005,
      "compound_return": -0.04607309161647555,
      "max_drawdown": -0.22544541884230918,
      "profit_factor": 0.9668286527090897,
      "windows": 10
    },
    {
      "entry_policy": "all_days",
      "feature_group": "all_no_ak",
      "model_name": "lgbm_leaves7_400",
      "target_hit_bps": 50.0,
      "trades": 217,
      "win_rate": 0.7741935483870968,
      "avg_return": -0.00024217310253397443,
      "median_return": 0.005,
      "compound_return": -0.06594260705322497,
      "max_drawdown": -0.2383681174816361,
      "profit_factor": 0.9408109212661283,
      "windows": 10
    },
    {
      "entry_policy": "all_days",
      "feature_group": "reversal_fundamental_regime_sector",
      "model_name": "xgb_d2_200_lr003_mcw5",
      "target_hit_bps": 50.0,
      "trades": 232,
      "win_rate": 0.7758620689655172,
      "avg_return": -0.0002620514033196092,
      "median_return": 0.005,
      "compound_return": -0.07434982777169707,
      "max_drawdown": -0.15863299427142663,
      "profit_factor": 0.936423444034259,
      "windows": 10
    },
    {
      "entry_policy": "all_days",
      "feature_group": "reversal_fundamental_regime_sector",
      "model_name": "lgbm_leaves7_400",
      "target_hit_bps": 50.0,
      "trades": 203,
      "win_rate": 0.7684729064039408,
      "avg_return": -0.0003128150380010973,
      "median_return": 0.005,
      "compound_return": -0.0753601612701923,
      "max_drawdown": -0.20632148707515074,
      "profit_factor": 0.9240663554972292,
      "windows": 10
    },
    {
      "entry_policy": "all_days",
      "feature_group": "reversal_fundamental_regime_sector_external",
      "model_name": "xgb_d3_400_lr003_mcw3",
      "target_hit_bps": 50.0,
      "trades": 210,
      "win_rate": 0.7428571428571429,
      "avg_return": -0.0003278435580281023,
      "median_return": 0.005,
      "compound_return": -0.07863625648996286,
      "max_drawdown": -0.1748266761211298,
      "profit_factor": 0.9184424999182661,
      "windows": 10
    },
    {
      "entry_policy": "all_days",
      "feature_group": "all_no_ak",
      "model_name": "lgbm_leaves15_700",
      "target_hit_bps": 50.0,
      "trades": 211,
      "win_rate": 0.7630331753554502,
      "avg_return": -0.0003361508571986755,
      "median_return": 0.005,
      "compound_return": -0.08132164420401855,
      "max_drawdown": -0.14702314851515996,
      "profit_factor": 0.9179837116388823,
      "windows": 10
    },
    {
      "entry_policy": "all_days",
      "feature_group": "all_no_ak",
      "model_name": "xgb_d4_500_lr002_mcw5",
      "target_hit_bps": 50.0,
      "trades": 210,
      "win_rate": 0.7761904761904762,
      "avg_return": -0.0003288787666530206,
      "median_return": 0.005,
      "compound_return": -0.08244670838647072,
      "max_drawdown": -0.26418763784594024,
      "profit_factor": 0.9214615276992649,
      "windows": 10
    },
    {
      "entry_policy": "all_days",
      "feature_group": "reversal_fundamental_regime_sector",
      "model_name": "lgbm_leaves15_700",
      "target_hit_bps": 50.0,
      "trades": 196,
      "win_rate": 0.7448979591836735,
      "avg_return": -0.0004317862430835976,
      "median_return": 0.005,
      "compound_return": -0.09344236650350013,
      "max_drawdown": -0.1688835996051552,
      "profit_factor": 0.8955309593841906,
      "windows": 10
    },
    {
      "entry_policy": "all_days",
      "feature_group": "reversal_fundamental_regime_sector",
      "model_name": "xgb_d4_500_lr002_mcw5",
      "target_hit_bps": 50.0,
      "trades": 218,
      "win_rate": 0.7798165137614679,
      "avg_return": -0.00037847712917954147,
      "median_return": 0.005,
      "compound_return": -0.09425051415305763,
      "max_drawdown": -0.20215304528314082,
      "profit_factor": 0.9106362604803587,
      "windows": 10
    },
    {
      "entry_policy": "all_days",
      "feature_group": "reversal_fundamental_regime_sector",
      "model_name": "random_forest_600_d4",
      "target_hit_bps": 50.0,
      "trades": 241,
      "win_rate": 0.7966804979253111,
      "avg_return": -0.00032471393219998015,
      "median_return": 0.005,
      "compound_return": -0.09431679444880225,
      "max_drawdown": -0.2236545783958367,
      "profit_factor": 0.9242969084534307,
      "windows": 10
    }
  ]
}

[2026-05-12T11:08:15] RUN search_all_days_hit_80bps
  /usr/bin/python3 model_training/search_walk_forward_model_complexity.py --samples /root/workspace/stock_realtime_v021_full/saved_data/600096_pipeline_out_v2_all14/04_external/fertilizer/training_samples_with_fertilizer_external.csv --intraday-bars /root/workspace/stock_realtime_v021_full/saved_data/600096_pipeline_out_v2_all14/00_base/600096_5m.csv --out-dir /root/workspace/stock_realtime_v021_full/saved_data/600096_pipeline_out_v2_all14/10_search/search_all_days_hit_80bps --round-trip-cost-bps 1.7 --target-hit-bps 80.0 --label-mode hit --entry-policy all_days --entry-vwap-premium-bps 50.0 --max-missing 0.35 --groups reversal_fundamental_regime,reversal_fundamental_regime_sector,reversal_fundamental_regime_sector_external,all_no_ak --models xgb_d2_200_lr003_mcw5,xgb_d3_400_lr003_mcw3,xgb_d3_600_lr002_mcw3,xgb_d4_500_lr002_mcw5,lgbm_leaves7_400,lgbm_leaves15_700,extra_trees_600_d3,random_forest_600_d4 --quantiles 0.5,0.6,0.7,0.8 --train-rows 756 --valid-rows 126 --test-rows 63 --min-valid-trades 8 --min-train-entries 80
{
  "rows": 1535,
  "target_hit_bps": 80.0,
  "label_mode": "hit",
  "entry_policy": "all_days",
  "entry_vwap_premium_bps": 50.0,
  "groups": {
    "reversal_fundamental_regime": 137,
    "reversal_fundamental_regime_sector": 160,
    "reversal_fundamental_regime_sector_external": 564,
    "all_no_ak": 619
  },
  "models": [
    "xgb_d2_200_lr003_mcw5",
    "xgb_d3_400_lr003_mcw3",
    "xgb_d3_600_lr002_mcw3",
    "xgb_d4_500_lr002_mcw5",
    "extra_trees_600_d3",
    "random_forest_600_d4",
    "lgbm_leaves7_400",
    "lgbm_leaves15_700"
  ],
  "top": [
    {
      "entry_policy": "all_days",
      "feature_group": "reversal_fundamental_regime",
      "model_name": "xgb_d3_400_lr003_mcw3",
      "target_hit_bps": 80.0,
      "trades": 212,
      "win_rate": 0.7264150943396226,
      "avg_return": 0.0017861837017890513,
      "median_return": 0.008,
      "compound_return": 0.4379886314280057,
      "max_drawdown": -0.07957407565240115,
      "profit_factor": 1.456511736555601,
      "windows": 10
    },
    {
      "entry_policy": "all_days",
      "feature_group": "reversal_fundamental_regime",
      "model_name": "xgb_d2_200_lr003_mcw5",
      "target_hit_bps": 80.0,
      "trades": 224,
      "win_rate": 0.7232142857142857,
      "avg_return": 0.001365371160530571,
      "median_return": 0.008,
      "compound_return": 0.33285519617748593,
      "max_drawdown": -0.09041603893557082,
      "profit_factor": 1.3148326434549589,
      "windows": 10
    },
    {
      "entry_policy": "all_days",
      "feature_group": "reversal_fundamental_regime",
      "model_name": "lgbm_leaves15_700",
      "target_hit_bps": 80.0,
      "trades": 164,
      "win_rate": 0.7195121951219512,
      "avg_return": 0.0017448486202548612,
      "median_return": 0.008,
      "compound_return": 0.3151434239475741,
      "max_drawdown": -0.08156447412935364,
      "profit_factor": 1.4501199713919048,
      "windows": 10
    },
    {
      "entry_policy": "all_days",
      "feature_group": "reversal_fundamental_regime",
      "model_name": "xgb_d3_600_lr002_mcw3",
      "target_hit_bps": 80.0,
      "trades": 168,
      "win_rate": 0.7380952380952381,
      "avg_return": 0.0016995418875782012,
      "median_return": 0.008,
      "compound_return": 0.3143053980724504,
      "max_drawdown": -0.07647920273112829,
      "profit_factor": 1.4261518895682332,
      "windows": 10
    },
    {
      "entry_policy": "all_days",
      "feature_group": "reversal_fundamental_regime_sector",
      "model_name": "lgbm_leaves15_700",
      "target_hit_bps": 80.0,
      "trades": 236,
      "win_rate": 0.7033898305084746,
      "avg_return": 0.0010702581061936178,
      "median_return": 0.008,
      "compound_return": 0.2603476727347722,
      "max_drawdown": -0.14303043083042566,
      "profit_factor": 1.2437146982450615,
      "windows": 10
    },
    {
      "entry_policy": "all_days",
      "feature_group": "reversal_fundamental_regime_sector",
      "model_name": "xgb_d4_500_lr002_mcw5",
      "target_hit_bps": 80.0,
      "trades": 202,
      "win_rate": 0.7029702970297029,
      "avg_return": 0.0010945164142849536,
      "median_return": 0.008,
      "compound_return": 0.2271685594726236,
      "max_drawdown": -0.1644519123765964,
      "profit_factor": 1.2523042132860174,
      "windows": 10
    },
    {
      "entry_policy": "all_days",
      "feature_group": "reversal_fundamental_regime_sector",
      "model_name": "xgb_d3_400_lr003_mcw3",
      "target_hit_bps": 80.0,
      "trades": 250,
      "win_rate": 0.692,
      "avg_return": 0.0008910270670337983,
      "median_return": 0.008,
      "compound_return": 0.22498282060548647,
      "max_drawdown": -0.14129237729585198,
      "profit_factor": 1.2007977073395557,
      "windows": 10
    },
    {
      "entry_policy": "all_days",
      "feature_group": "reversal_fundamental_regime_sector",
      "model_name": "xgb_d2_200_lr003_mcw5",
      "target_hit_bps": 80.0,
      "trades": 255,
      "win_rate": 0.7294117647058823,
      "avg_return": 0.000888085003999835,
      "median_return": 0.008,
      "compound_return": 0.22203508206232758,
      "max_drawdown": -0.1202380325286575,
      "profit_factor": 1.1820655384200633,
      "windows": 10
    },
    {
      "entry_policy": "all_days",
      "feature_group": "reversal_fundamental_regime_sector_external",
      "model_name": "xgb_d2_200_lr003_mcw5",
      "target_hit_bps": 80.0,
      "trades": 271,
      "win_rate": 0.6826568265682657,
      "avg_return": 0.0008143992484813003,
      "median_return": 0.008,
      "compound_return": 0.2171139000857376,
      "max_drawdown": -0.1069075489091601,
      "profit_factor": 1.1792303984958246,
      "windows": 10
    },
    {
      "entry_policy": "all_days",
      "feature_group": "reversal_fundamental_regime_sector",
      "model_name": "random_forest_600_d4",
      "target_hit_bps": 80.0,
      "trades": 254,
      "win_rate": 0.7086614173228346,
      "avg_return": 0.0008443604193593508,
      "median_return": 0.008,
      "compound_return": 0.20932301480918736,
      "max_drawdown": -0.15471658013459944,
      "profit_factor": 1.1786770219603258,
      "windows": 10
    },
    {
      "entry_policy": "all_days",
      "feature_group": "reversal_fundamental_regime",
      "model_name": "xgb_d4_500_lr002_mcw5",
      "target_hit_bps": 80.0,
      "trades": 188,
      "win_rate": 0.7021276595744681,
      "avg_return": 0.000932013088432643,
      "median_return": 0.008,
      "compound_return": 0.1720931259251941,
      "max_drawdown": -0.1391604771829592,
      "profit_factor": 1.2017323067290064,
      "windows": 10
    },
    {
      "entry_policy": "all_days",
      "feature_group": "reversal_fundamental_regime_sector_external",
      "model_name": "lgbm_leaves7_400",
      "target_hit_bps": 80.0,
      "trades": 246,
      "win_rate": 0.6666666666666666,
      "avg_return": 0.0006954710016471825,
      "median_return": 0.008,
      "compound_return": 0.1639207446848685,
      "max_drawdown": -0.10281115234537852,
      "profit_factor": 1.1536225875748767,
      "windows": 10
    },
    {
      "entry_policy": "all_days",
      "feature_group": "all_no_ak",
      "model_name": "random_forest_600_d4",
      "target_hit_bps": 80.0,
      "trades": 285,
      "win_rate": 0.6947368421052632,
      "avg_return": 0.0005890475667280119,
      "median_return": 0.008,
      "compound_return": 0.14898244488981494,
      "max_drawdown": -0.13288472838455745,
      "profit_factor": 1.1201979848712273,
      "windows": 10
    },
    {
      "entry_policy": "all_days",
      "feature_group": "reversal_fundamental_regime",
      "model_name": "random_forest_600_d4",
      "target_hit_bps": 80.0,
      "trades": 285,
      "win_rate": 0.6912280701754386,
      "avg_return": 0.00039819629454055484,
      "median_return": 0.008,
      "compound_return": 0.091934579180309,
      "max_drawdown": -0.11882797926379585,
      "profit_factor": 1.079389402370556,
      "windows": 10
    },
    {
      "entry_policy": "all_days",
      "feature_group": "reversal_fundamental_regime",
      "model_name": "lgbm_leaves7_400",
      "target_hit_bps": 80.0,
      "trades": 192,
      "win_rate": 0.7135416666666666,
      "avg_return": 0.00045295793159327033,
      "median_return": 0.008,
      "compound_return": 0.06810134628663245,
      "max_drawdown": -0.19402368991260743,
      "profit_factor": 1.0873264741035082,
      "windows": 10
    },
    {
      "entry_policy": "all_days",
      "feature_group": "reversal_fundamental_regime_sector",
      "model_name": "xgb_d3_600_lr002_mcw3",
      "target_hit_bps": 80.0,
      "trades": 202,
      "win_rate": 0.6881188118811881,
      "avg_return": 0.00040936251957874,
      "median_return": 0.008,
      "compound_return": 0.06729786715988406,
      "max_drawdown": -0.19092352418239955,
      "profit_factor": 1.0842394900080274,
      "windows": 10
    },
    {
      "entry_policy": "all_days",
      "feature_group": "reversal_fundamental_regime_sector",
      "model_name": "extra_trees_600_d3",
      "target_hit_bps": 80.0,
      "trades": 404,
      "win_rate": 0.6633663366336634,
      "avg_return": 0.00023902795990390492,
      "median_return": 0.008,
      "compound_return": 0.06240903613311555,
      "max_drawdown": -0.15121340987015852,
      "profit_factor": 1.0489829975141731,
      "windows": 10
    },
    {
      "entry_policy": "all_days",
      "feature_group": "reversal_fundamental_regime_sector_external",
      "model_name": "random_forest_600_d4",
      "target_hit_bps": 80.0,
      "trades": 306,
      "win_rate": 0.6764705882352942,
      "avg_return": 0.00024107218294046348,
      "median_return": 0.008,
      "compound_return": 0.04412775115586043,
      "max_drawdown": -0.1858894754017757,
      "profit_factor": 1.0472026920012714,
      "windows": 10
    },
    {
      "entry_policy": "all_days",
      "feature_group": "reversal_fundamental_regime",
      "model_name": "extra_trees_600_d3",
      "target_hit_bps": 80.0,
      "trades": 400,
      "win_rate": 0.68,
      "avg_return": 0.0001617801201513014,
      "median_return": 0.008,
      "compound_return": 0.024955761551252342,
      "max_drawdown": -0.1422352237996879,
      "profit_factor": 1.0315099621582522,
      "windows": 10
    },
    {
      "entry_policy": "all_days",
      "feature_group": "reversal_fundamental_regime_sector_external",
      "model_name": "extra_trees_600_d3",
      "target_hit_bps": 80.0,
      "trades": 309,
      "win_rate": 0.6731391585760518,
      "avg_return": 0.00014180323572481605,
      "median_return": 0.008,
      "compound_return": 0.013681224816425086,
      "max_drawdown": -0.1708726109490346,
      "profit_factor": 1.0276832620967329,
      "windows": 10
    }
  ]
}

[2026-05-12T11:22:01] RUN search_all_days_close_profit_50bps
  /usr/bin/python3 model_training/search_walk_forward_model_complexity.py --samples /root/workspace/stock_realtime_v021_full/saved_data/600096_pipeline_out_v2_all14/04_external/fertilizer/training_samples_with_fertilizer_external.csv --intraday-bars /root/workspace/stock_realtime_v021_full/saved_data/600096_pipeline_out_v2_all14/00_base/600096_5m.csv --out-dir /root/workspace/stock_realtime_v021_full/saved_data/600096_pipeline_out_v2_all14/10_search/search_all_days_close_profit_50bps --round-trip-cost-bps 1.7 --target-hit-bps 50.0 --label-mode close_profit --entry-policy all_days --entry-vwap-premium-bps 50.0 --max-missing 0.35 --groups reversal_fundamental_regime,reversal_fundamental_regime_sector,reversal_fundamental_regime_sector_external,all_no_ak --models xgb_d2_200_lr003_mcw5,xgb_d3_400_lr003_mcw3,xgb_d3_600_lr002_mcw3,xgb_d4_500_lr002_mcw5,lgbm_leaves7_400,lgbm_leaves15_700,extra_trees_600_d3,random_forest_600_d4 --quantiles 0.5,0.6,0.7,0.8 --train-rows 756 --valid-rows 126 --test-rows 63 --min-valid-trades 8 --min-train-entries 80
{
  "rows": 1535,
  "target_hit_bps": 50.0,
  "label_mode": "close_profit",
  "entry_policy": "all_days",
  "entry_vwap_premium_bps": 50.0,
  "groups": {
    "reversal_fundamental_regime": 137,
    "reversal_fundamental_regime_sector": 160,
    "reversal_fundamental_regime_sector_external": 564,
    "all_no_ak": 619
  },
  "models": [
    "xgb_d2_200_lr003_mcw5",
    "xgb_d3_400_lr003_mcw3",
    "xgb_d3_600_lr002_mcw3",
    "xgb_d4_500_lr002_mcw5",
    "extra_trees_600_d3",
    "random_forest_600_d4",
    "lgbm_leaves7_400",
    "lgbm_leaves15_700"
  ],
  "top": [
    {
      "entry_policy": "all_days",
      "feature_group": "all_no_ak",
      "model_name": "xgb_d4_500_lr002_mcw5",
      "target_hit_bps": 50.0,
      "trades": 192,
      "win_rate": 0.5052083333333334,
      "avg_return": 0.0035868895979840314,
      "median_return": 0.0002943170864377932,
      "compound_return": 0.8915167150544867,
      "max_drawdown": -0.1963721343620204,
      "profit_factor": 1.5709115077683087,
      "windows": 10
    },
    {
      "entry_policy": "all_days",
      "feature_group": "all_no_ak",
      "model_name": "xgb_d3_400_lr003_mcw3",
      "target_hit_bps": 50.0,
      "trades": 205,
      "win_rate": 0.47804878048780486,
      "avg_return": 0.0033147720623600114,
      "median_return": -0.00016999999999999999,
      "compound_return": 0.8666695976455847,
      "max_drawdown": -0.1963721343620204,
      "profit_factor": 1.5109200254075232,
      "windows": 10
    },
    {
      "entry_policy": "all_days",
      "feature_group": "all_no_ak",
      "model_name": "xgb_d2_200_lr003_mcw5",
      "target_hit_bps": 50.0,
      "trades": 158,
      "win_rate": 0.4873417721518987,
      "avg_return": 0.0030328738382653852,
      "median_return": -0.00016999999999999999,
      "compound_return": 0.5443229576938768,
      "max_drawdown": -0.23523139606196108,
      "profit_factor": 1.4609563289510343,
      "windows": 10
    },
    {
      "entry_policy": "all_days",
      "feature_group": "reversal_fundamental_regime",
      "model_name": "xgb_d3_400_lr003_mcw3",
      "target_hit_bps": 50.0,
      "trades": 132,
      "win_rate": 0.5075757575757576,
      "avg_return": 0.003426946846370835,
      "median_return": 0.0003325654512974542,
      "compound_return": 0.5193915163915854,
      "max_drawdown": -0.17258527810637259,
      "profit_factor": 1.521598773972704,
      "windows": 10
    },
    {
      "entry_policy": "all_days",
      "feature_group": "reversal_fundamental_regime_sector_external",
      "model_name": "xgb_d4_500_lr002_mcw5",
      "target_hit_bps": 50.0,
      "trades": 191,
      "win_rate": 0.4712041884816754,
      "avg_return": 0.0023895442436642064,
      "median_return": -0.0007670149253731183,
      "compound_return": 0.49761110003140097,
      "max_drawdown": -0.21687667785429532,
      "profit_factor": 1.3367156680016405,
      "windows": 10
    },
    {
      "entry_policy": "all_days",
      "feature_group": "reversal_fundamental_regime",
      "model_name": "xgb_d4_500_lr002_mcw5",
      "target_hit_bps": 50.0,
      "trades": 121,
      "win_rate": 0.49586776859504134,
      "avg_return": 0.003520541805871171,
      "median_return": -0.00016999999999999999,
      "compound_return": 0.49170907086147353,
      "max_drawdown": -0.1090353462463125,
      "profit_factor": 1.5858721680126016,
      "windows": 10
    },
    {
      "entry_policy": "all_days",
      "feature_group": "reversal_fundamental_regime_sector",
      "model_name": "xgb_d4_500_lr002_mcw5",
      "target_hit_bps": 50.0,
      "trades": 116,
      "win_rate": 0.5258620689655172,
      "avg_return": 0.003674178787662563,
      "median_return": 0.0019251938336730702,
      "compound_return": 0.49031459464652616,
      "max_drawdown": -0.11528858073674741,
      "profit_factor": 1.601756270396088,
      "windows": 10
    },
    {
      "entry_policy": "all_days",
      "feature_group": "all_no_ak",
      "model_name": "lgbm_leaves7_400",
      "target_hit_bps": 50.0,
      "trades": 168,
      "win_rate": 0.4523809523809524,
      "avg_return": 0.0026016203331276177,
      "median_return": -0.0008126361025838601,
      "compound_return": 0.4836902685161326,
      "max_drawdown": -0.17717263175662512,
      "profit_factor": 1.3910621407054646,
      "windows": 10
    },
    {
      "entry_policy": "all_days",
      "feature_group": "reversal_fundamental_regime_sector_external",
      "model_name": "lgbm_leaves7_400",
      "target_hit_bps": 50.0,
      "trades": 220,
      "win_rate": 0.44545454545454544,
      "avg_return": 0.0018622711205331121,
      "median_return": -0.0014166525071567758,
      "compound_return": 0.4247357319826226,
      "max_drawdown": -0.18369720585825322,
      "profit_factor": 1.2710055587532527,
      "windows": 10
    },
    {
      "entry_policy": "all_days",
      "feature_group": "reversal_fundamental_regime_sector_external",
      "model_name": "xgb_d3_400_lr003_mcw3",
      "target_hit_bps": 50.0,
      "trades": 183,
      "win_rate": 0.4644808743169399,
      "avg_return": 0.0021615728860903487,
      "median_return": -0.0007517335660267542,
      "compound_return": 0.4187904163679035,
      "max_drawdown": -0.21244411318044298,
      "profit_factor": 1.31893033666336,
      "windows": 10
    },
    {
      "entry_policy": "all_days",
      "feature_group": "reversal_fundamental_regime",
      "model_name": "lgbm_leaves15_700",
      "target_hit_bps": 50.0,
      "trades": 141,
      "win_rate": 0.5106382978723404,
      "avg_return": 0.0026598732375532207,
      "median_return": 0.00019778227289446798,
      "compound_return": 0.40881961180111426,
      "max_drawdown": -0.1055206947156544,
      "profit_factor": 1.4194153920264951,
      "windows": 10
    },
    {
      "entry_policy": "all_days",
      "feature_group": "all_no_ak",
      "model_name": "extra_trees_600_d3",
      "target_hit_bps": 50.0,
      "trades": 214,
      "win_rate": 0.48130841121495327,
      "avg_return": 0.0018663451827418507,
      "median_return": -0.00016999999999999999,
      "compound_return": 0.40656636151974257,
      "max_drawdown": -0.2834350813364829,
      "profit_factor": 1.2678930226011467,
      "windows": 10
    },
    {
      "entry_policy": "all_days",
      "feature_group": "reversal_fundamental_regime_sector_external",
      "model_name": "xgb_d2_200_lr003_mcw5",
      "target_hit_bps": 50.0,
      "trades": 185,
      "win_rate": 0.4486486486486487,
      "avg_return": 0.002044186818012709,
      "median_return": -0.0012609090909091424,
      "compound_return": 0.38789665258739525,
      "max_drawdown": -0.21488367076068682,
      "profit_factor": 1.2966726913805928,
      "windows": 10
    },
    {
      "entry_policy": "all_days",
      "feature_group": "reversal_fundamental_regime_sector",
      "model_name": "xgb_d3_600_lr002_mcw3",
      "target_hit_bps": 50.0,
      "trades": 136,
      "win_rate": 0.5,
      "avg_return": 0.002686585523108717,
      "median_return": 1.3891136447233998e-05,
      "compound_return": 0.38713756805073585,
      "max_drawdown": -0.16395214756273968,
      "profit_factor": 1.3701800025306368,
      "windows": 10
    },
    {
      "entry_policy": "all_days",
      "feature_group": "reversal_fundamental_regime_sector",
      "model_name": "lgbm_leaves7_400",
      "target_hit_bps": 50.0,
      "trades": 84,
      "win_rate": 0.5476190476190477,
      "avg_return": 0.0041023181807729485,
      "median_return": 0.0009688819733818556,
      "compound_return": 0.37535308594555983,
      "max_drawdown": -0.11857456735117422,
      "profit_factor": 1.5738802508410596,
      "windows": 10
    },
    {
      "entry_policy": "all_days",
      "feature_group": "reversal_fundamental_regime",
      "model_name": "lgbm_leaves7_400",
      "target_hit_bps": 50.0,
      "trades": 137,
      "win_rate": 0.48905109489051096,
      "avg_return": 0.00239314246478483,
      "median_return": -0.00016999999999999999,
      "compound_return": 0.34771905961208094,
      "max_drawdown": -0.15019353293520876,
      "profit_factor": 1.3687971584253118,
      "windows": 10
    },
    {
      "entry_policy": "all_days",
      "feature_group": "reversal_fundamental_regime_sector_external",
      "model_name": "xgb_d3_600_lr002_mcw3",
      "target_hit_bps": 50.0,
      "trades": 174,
      "win_rate": 0.47126436781609193,
      "avg_return": 0.0020134788641042985,
      "median_return": -0.00016999999999999999,
      "compound_return": 0.3470494019649766,
      "max_drawdown": -0.21466636017121465,
      "profit_factor": 1.264607964534905,
      "windows": 10
    },
    {
      "entry_policy": "all_days",
      "feature_group": "reversal_fundamental_regime_sector",
      "model_name": "extra_trees_600_d3",
      "target_hit_bps": 50.0,
      "trades": 159,
      "win_rate": 0.48427672955974843,
      "avg_return": 0.001920931705333403,
      "median_return": -0.00016999999999999999,
      "compound_return": 0.30253558559086624,
      "max_drawdown": -0.20270732921218104,
      "profit_factor": 1.271104582334421,
      "windows": 10
    },
    {
      "entry_policy": "all_days",
      "feature_group": "all_no_ak",
      "model_name": "lgbm_leaves15_700",
      "target_hit_bps": 50.0,
      "trades": 196,
      "win_rate": 0.45408163265306123,
      "avg_return": 0.0016247117878887757,
      "median_return": -0.0011419370487100698,
      "compound_return": 0.30178152883584586,
      "max_drawdown": -0.19744663002902918,
      "profit_factor": 1.2199876392087499,
      "windows": 10
    },
    {
      "entry_policy": "all_days",
      "feature_group": "reversal_fundamental_regime_sector",
      "model_name": "lgbm_leaves15_700",
      "target_hit_bps": 50.0,
      "trades": 130,
      "win_rate": 0.47692307692307695,
      "avg_return": 0.0023541569850661606,
      "median_return": -0.0007930774075096646,
      "compound_return": 0.2974444853072531,
      "max_drawdown": -0.1813992824163113,
      "profit_factor": 1.2867065976116963,
      "windows": 10
    }
  ]
}

[2026-05-12T11:36:11] RUN summarize
  /usr/bin/python3 model_training/summarize_nextday_search_results.py --pipeline-out /root/workspace/stock_realtime_v021_full/saved_data/600096_pipeline_out_v2_all14 --out-dir /root/workspace/stock_realtime_v021_full/saved_data/600096_pipeline_out_v2_all14/99_summary --excel
{
  "rows": 192,
  "outputs": {
    "final_leaderboard": "/root/workspace/stock_realtime_v021_full/saved_data/600096_pipeline_out_v2_all14/99_summary/final_leaderboard.csv",
    "best_by_target_top5": "/root/workspace/stock_realtime_v021_full/saved_data/600096_pipeline_out_v2_all14/99_summary/best_by_target_top5.csv",
    "best_by_entry_policy_top5": "/root/workspace/stock_realtime_v021_full/saved_data/600096_pipeline_out_v2_all14/99_summary/best_by_entry_policy_top5.csv",
    "excel": "/root/workspace/stock_realtime_v021_full/saved_data/600096_pipeline_out_v2_all14/99_summary/final_leaderboard.xlsx",
    "summary_manifest": "/root/workspace/stock_realtime_v021_full/saved_data/600096_pipeline_out_v2_all14/99_summary/summary_manifest.json"
  }
}
=== nextday pipeline end: 2026-05-12T11:36:11 status=ok ===
=== nextday pipeline start: 2026-05-13T01:42:44 ===
symbol=600096.SH, out_root=/root/stock_realtime_v021_full/saved_data/600096_pipeline_out

[2026-05-13T01:42:44] RUN update_data
  /usr/bin/python3 bootstrap/ashare_xgb_dual_opportunity_regression_baostock_full_v19_compressed_trading_axis.py --mode update_data --symbol 600096 --benchmark_symbol 000300 --daily_start 2018-01-01 --daily_end 2026-05-12 --intraday_start '2018-01-01 09:30:00' --intraday_end '2026-05-12 15:00:00' --output_dir /root/stock_realtime_v021_full/saved_data/600096_pipeline_out/00_base --cache_mode incremental --feature_cache_mode incremental --adjust qfq
/root/stock_realtime_v021_full/bootstrap/ashare_fetch_and_train_xgb_sell_signal_baostock_state_cache_helper_fix2.py:246: FutureWarning: The behavior of DataFrame concatenation with empty or all-NA entries is deprecated. In a future version, this will no longer exclude empty or all-NA columns when determining the result dtypes. To retain the old behavior, exclude the relevant entries before the concat operation.
  merged = _normalize_daily_df(pd.concat([df_old, df_new], axis=0, ignore_index=True))
/root/stock_realtime_v021_full/bootstrap/ashare_fetch_and_train_xgb_sell_signal_baostock_state_cache_helper_fix2.py:248: FutureWarning: The behavior of DataFrame concatenation with empty or all-NA entries is deprecated. In a future version, this will no longer exclude empty or all-NA columns when determining the result dtypes. To retain the old behavior, exclude the relevant entries before the concat operation.
  merged = _normalize_intraday_df(pd.concat([df_old, df_new], axis=0, ignore_index=True))
/root/stock_realtime_v021_full/bootstrap/ashare_fetch_and_train_xgb_sell_signal_baostock_state_cache_helper_fix2.py:254: FutureWarning: The behavior of DataFrame concatenation with empty or all-NA entries is deprecated. In a future version, this will no longer exclude empty or all-NA columns when determining the result dtypes. To retain the old behavior, exclude the relevant entries before the concat operation.
  merged = _normalize_bench_df(pd.concat([df_old, df_new], axis=0, ignore_index=True))
/root/stock_realtime_v021_full/bootstrap/ashare_fetch_and_train_xgb_sell_signal_baostock_state_cache_helper_fix2.py:250: FutureWarning: The behavior of DataFrame concatenation with empty or all-NA entries is deprecated. In a future version, this will no longer exclude empty or all-NA columns when determining the result dtypes. To retain the old behavior, exclude the relevant entries before the concat operation.
  merged = _normalize_daily_feature_df(pd.concat([df_old, df_new], axis=0, ignore_index=True))
/root/stock_realtime_v021_full/bootstrap/ashare_fetch_and_train_xgb_sell_signal_baostock_state_cache_helper_fix2.py:252: FutureWarning: The behavior of DataFrame concatenation with empty or all-NA entries is deprecated. In a future version, this will no longer exclude empty or all-NA columns when determining the result dtypes. To retain the old behavior, exclude the relevant entries before the concat operation.
  merged = _normalize_intraday_feature_df(pd.concat([df_old, df_new], axis=0, ignore_index=True))
login success!
logout success!
login success!
logout success!
login success!
logout success!
{
  "mode": "update_data",
  "symbol": "600096",
  "data_source": "baostock",
  "daily_rows": 2024,
  "intraday_rows": 73776,
  "daily_min": "2018-01-02 00:00:00",
  "daily_max": "2026-05-12 00:00:00",
  "intraday_min": "2020-01-02 09:35:00",
  "intraday_max": "2026-05-12 15:00:00",
  "base_paths": {
    "daily_csv": "/root/stock_realtime_v021_full/saved_data/600096_pipeline_out/00_base/600096_daily.csv",
    "intraday_csv": "/root/stock_realtime_v021_full/saved_data/600096_pipeline_out/00_base/600096_5m.csv",
    "benchmark_csv": "/root/stock_realtime_v021_full/saved_data/600096_pipeline_out/00_base/000300_benchmark_daily.csv",
    "raw_daily_cache_csv": "/root/stock_realtime_v021_full/saved_data/600096_pipeline_out/00_base/raw_cache/600096_daily_raw.csv",
    "raw_intraday_cache_csv": "/root/stock_realtime_v021_full/saved_data/600096_pipeline_out/00_base/raw_cache/600096_5m_raw.csv",
    "raw_benchmark_cache_csv": "/root/stock_realtime_v021_full/saved_data/600096_pipeline_out/00_base/raw_cache/000300_benchmark_daily_raw.csv",
    "daily_features_csv": "/root/stock_realtime_v021_full/saved_data/600096_pipeline_out/00_base/daily_features.csv",
    "intraday_features_csv": "/root/stock_realtime_v021_full/saved_data/600096_pipeline_out/00_base/intraday_features.csv",
    "daily_features_cache_csv": "/root/stock_realtime_v021_full/saved_data/600096_pipeline_out/00_base/feature_cache/daily_features_cache.csv",
    "intraday_features_cache_csv": "/root/stock_realtime_v021_full/saved_data/600096_pipeline_out/00_base/feature_cache/intraday_features_cache.csv",
    "feature_state_json": "/root/stock_realtime_v021_full/saved_data/600096_pipeline_out/00_base/feature_cache/feature_state.json"
  },
  "fetch_logs": {
    "symbol": "600096",
    "benchmark_symbol": "000300",
    "daily_start": "2018-01-01",
    "daily_end": "2026-05-12",
    "intraday_start": "2018-01-01 09:30:00",
    "intraday_end": "2026-05-12 15:00:00",
    "perf_start": "2018-01-01",
    "data_source": "baostock",
    "cache_mode": "incremental",
    "force_refresh": false,
    "raw_cache_dir": "/root/stock_realtime_v021_full/saved_data/600096_pipeline_out/00_base/raw_cache",
    "feature_cache_dir": "/root/stock_realtime_v021_full/saved_data/600096_pipeline_out/00_base/feature_cache",
    "feature_cache_mode": "incremental",
    "daily": {
      "cache_path": "/root/stock_realtime_v021_full/saved_data/600096_pipeline_out/00_base/raw_cache/600096_daily_raw.csv",
      "requested_start": "2018-01-01",
      "requested_end": "2026-05-12",
      "mode": "initial_fetch",
      "fetch_segments": [
        {
          "provider": "baostock",
          "code": "sh.600096",
          "adjustflag": "2",
          "rows": 2024,
          "start": "2018-01-01",
          "end": "2026-05-12"
        }
      ],
      "cache_after": {
        "rows": 2024,
        "min": "2018-01-02 00:00:00",
        "max": "2026-05-12 00:00:00"
      }
    },
    "intraday_5m": {
      "cache_path": "/root/stock_realtime_v021_full/saved_data/600096_pipeline_out/00_base/raw_cache/600096_5m_raw.csv",
      "requested_start": "2018-01-01 09:30:00",
      "requested_end": "2026-05-12 15:00:00",
      "mode": "initial_fetch",
      "fetch_segments": [
        {
          "provider": "baostock",
          "code": "sh.600096",
          "adjustflag": "2",
          "requested_start": "2018-01-01 09:30:00",
          "effective_start": "2018-01-01 09:30:00",
          "requested_end": "2026-05-12 15:00:00",
          "rows": 73776
        }
      ],
      "cache_after": {
        "rows": 73776,
        "min": "2020-01-02 09:35:00",
        "max": "2026-05-12 15:00:00"
      }
    },
    "benchmark_daily": {
      "cache_path": "/root/stock_realtime_v021_full/saved_data/600096_pipeline_out/00_base/raw_cache/000300_benchmark_daily_raw.csv",
      "requested_start": "2018-01-01",
      "requested_end": "2026-05-12",
      "mode": "initial_fetch",
      "fetch_segments": [
        {
          "provider": "baostock",
          "code": "sh.000300",
          "rows": 2024,
          "start": "2018-01-01",
          "end": "2026-05-12"
        }
      ],
      "cache_after": {
        "rows": 2024,
        "min": "2018-01-02 00:00:00",
        "max": "2026-05-12 00:00:00"
      }
    },
    "feature_build": {
      "mode": "full_rebuild",
      "reason": "feature_cache_missing",
      "daily_cache_after": {
        "rows": 2024,
        "min": "2018-01-02 00:00:00",
        "max": "2026-05-12 00:00:00"
      },
      "intraday_cache_after": {
        "rows": 73776,
        "min": "2020-01-02 09:35:00",
        "max": "2026-05-12 15:00:00"
      },
      "daily_context_days": 260,
      "intraday_context_days": 40,
      "daily_appended_rows": 2024,
      "intraday_appended_rows": 73776
    },
    "feature_state": {
      "daily_feature_max": "2026-05-12 00:00:00",
      "intraday_feature_max": "2026-05-12 15:00:00",
      "daily_context_days": 260,
      "intraday_context_days": 40,
      "feature_build_mode": "full_rebuild"
    }
  }
}

[2026-05-13T01:46:16] RUN samples
  /usr/bin/python3 feature_building/build_nextday_samples_from_baostock.py --daily-features /root/stock_realtime_v021_full/saved_data/600096_pipeline_out/00_base/daily_features.csv --intraday-bars /root/stock_realtime_v021_full/saved_data/600096_pipeline_out/00_base/600096_5m.csv --out-dir /root/stock_realtime_v021_full/saved_data/600096_pipeline_out/01_samples --min-bars 40 --keep-unlabeled-tail
{
  "rows": 1537,
  "date_min": "2020-01-02",
  "date_max": "2026-05-12",
  "out": "/root/stock_realtime_v021_full/saved_data/600096_pipeline_out/01_samples/training_samples.csv"
}

[2026-05-13T01:46:17] RUN fundamental
  /usr/bin/python3 feature_building/build_fundamental_features.py --symbol 600096.SH --daily-samples /root/stock_realtime_v021_full/saved_data/600096_pipeline_out/01_samples/training_samples.csv --out-dir /root/stock_realtime_v021_full/saved_data/600096_pipeline_out/02_fundamental --start-date 2018-01-01 --end-date 2026-05-12 --fallback-lag-days 120
login success!
logout success!
{
  "rows": 1537,
  "date_min": "2020-01-02",
  "date_max": "2026-05-12",
  "source_errors": [],
  "top_missing_rates": {
    "ak_fund_小单净流入-净额_sum10": 0.9245283018867925,
    "ak_fund_主力净流入-净额_sum10": 0.9245283018867925,
    "ak_fund_主力净流入-净占比_sum10": 0.9245283018867925,
    "ak_fund_涨跌幅_sum10": 0.9245283018867925,
    "ak_fund_收盘价_sum10": 0.9245283018867925,
    "ak_fund_中单净流入-净额_sum10": 0.9245283018867925,
    "ak_fund_中单净流入-净占比_sum10": 0.9245283018867925,
    "ak_fund_小单净流入-净占比_sum10": 0.9245283018867925,
    "ak_fund_超大单净流入-净额_sum10": 0.9245283018867925,
    "ak_fund_大单净流入-净额_sum10": 0.9245283018867925,
    "ak_fund_大单净流入-净占比_sum10": 0.9245283018867925,
    "ak_fund_超大单净流入-净占比_sum10": 0.9245283018867925,
    "ak_fund_涨跌幅_sum5": 0.9232270657124269,
    "ak_fund_主力净流入-净占比_sum5": 0.9232270657124269,
    "ak_fund_主力净流入-净额_sum5": 0.9232270657124269,
    "ak_fund_收盘价_sum5": 0.9232270657124269,
    "ak_fund_超大单净流入-净占比_sum5": 0.9232270657124269,
    "ak_fund_中单净流入-净占比_sum5": 0.9232270657124269,
    "ak_fund_中单净流入-净额_sum5": 0.9232270657124269,
    "ak_fund_小单净流入-净额_sum5": 0.9232270657124269,
    "ak_fund_小单净流入-净占比_sum5": 0.9232270657124269,
    "ak_fund_大单净流入-净占比_sum5": 0.9232270657124269,
    "ak_fund_大单净流入-净额_sum5": 0.9232270657124269,
    "ak_fund_超大单净流入-净额_sum5": 0.9232270657124269,
    "ak_fund_大单净流入-净额": 0.9219258295380611,
    "ak_fund_超大单净流入-净占比": 0.9219258295380611,
    "ak_fund_超大单净流入-净额": 0.9219258295380611,
    "ak_fund_收盘价": 0.9219258295380611,
    "ak_fund_涨跌幅": 0.9219258295380611,
    "ak_fund_中单净流入-净额": 0.9219258295380611
  },
  "valuation_non_null": {
    "peTTM": 1537,
    "pbMRQ": 1537,
    "psTTM": 1537,
    "pcfNcfTTM": 1537
  },
  "future_effective_date_violations": 0,
  "rows_with_quarterly": 1537,
  "sample_rows": 1537,
  "quarterly_raw_rows": 37,
  "quarterly_used_pubDate_rows": 37,
  "quarterly_fallback_rows": 0,
  "elapsed_seconds": 18.128,
  "symbol": "600096",
  "baostock_code": "sh.600096",
  "valuation_rows": 2024,
  "fund_flow_rows": 120,
  "feature_columns": 125,
  "merged_columns": 194,
  "outputs": {
    "daily_valuation": "/root/stock_realtime_v021_full/saved_data/600096_pipeline_out/02_fundamental/baostock_daily_valuation.csv",
    "quarterly_fundamentals": "/root/stock_realtime_v021_full/saved_data/600096_pipeline_out/02_fundamental/baostock_quarterly_fundamentals_pit.csv",
    "fundamental_features": "/root/stock_realtime_v021_full/saved_data/600096_pipeline_out/02_fundamental/fundamental_features.csv",
    "merged_samples": "/root/stock_realtime_v021_full/saved_data/600096_pipeline_out/02_fundamental/training_samples_with_fundamentals.csv"
  }
}

[2026-05-13T01:46:36] RUN sector
  /usr/bin/python3 feature_building/build_sector_features.py --samples /root/stock_realtime_v021_full/saved_data/600096_pipeline_out/02_fundamental/training_samples_with_fundamentals.csv --out-dir /root/stock_realtime_v021_full/saved_data/600096_pipeline_out/03_sector --sector-symbol '农化制品' --start-date 2018-01-01 --end-date 2026-05-12

  0%|          | 0/9 [00:00<?, ?it/s]
 11%|█         | 1/9 [00:00<00:02,  3.34it/s]
 22%|██▏       | 2/9 [00:00<00:02,  3.18it/s]
 33%|███▎      | 3/9 [00:00<00:01,  3.10it/s]
 44%|████▍     | 4/9 [00:01<00:01,  3.24it/s]
 56%|█████▌    | 5/9 [00:01<00:01,  3.28it/s]
 67%|██████▋   | 6/9 [00:01<00:00,  3.38it/s]
 78%|███████▊  | 7/9 [00:02<00:00,  3.56it/s]
 89%|████████▉ | 8/9 [00:02<00:00,  3.77it/s]
100%|██████████| 9/9 [00:02<00:00,  4.05it/s]
                                             
{
  "sector_symbol": "农化制品",
  "sector_rows": 2024,
  "sector_date_min": "2018-01-02",
  "sector_date_max": "2026-05-12",
  "sample_rows": 1537,
  "merged_rows": 1537,
  "sector_feature_cols": 23,
  "top_missing": {
    "sector_ret60": 0.03903708523096942,
    "sector_ma60_gap": 0.01951854261548471,
    "stock_vs_sector_ret20": 0.013012361743656473,
    "sector_ret20": 0.013012361743656473,
    "sector_vol20": 0.0071567989590110605,
    "sector_ma20_gap": 0.006506180871828237,
    "sector_range_z20": 0.006506180871828237,
    "sector_volume_shock20": 0.006506180871828237,
    "sector_amount_z20": 0.006506180871828237,
    "sector_volume_z20": 0.006506180871828237,
    "sector_amount_shock20": 0.006506180871828237,
    "sector_ret5": 0.0032530904359141183,
    "stock_vs_sector_ret5": 0.0032530904359141183,
    "sector_vs_bench_ret5": 0.0032530904359141183,
    "stock_vs_sector_ret1": 0.0006506180871828237,
    "sector_ret1": 0.0006506180871828237,
    "sector_amount": 0.0,
    "sector_volume": 0.0,
    "sector_close": 0.0,
    "sector_low": 0.0
  },
  "outputs": {
    "sector_index": "/root/stock_realtime_v021_full/saved_data/600096_pipeline_out/03_sector/sector_index_ths.csv",
    "sector_features": "/root/stock_realtime_v021_full/saved_data/600096_pipeline_out/03_sector/sector_features.csv",
    "merged_samples": "/root/stock_realtime_v021_full/saved_data/600096_pipeline_out/03_sector/training_samples_with_sector.csv"
  }
}
[INFO] final samples for search: /root/stock_realtime_v021_full/saved_data/600096_pipeline_out/03_sector/training_samples_with_sector.csv
=== nextday pipeline end: 2026-05-13T01:46:42 status=ok ===
=== nextday pipeline start: 2026-05-13T09:41:24 ===
symbol=600096.SH, out_root=/root/stock_realtime_v021_full/saved_data/600096_pipeline_out

[2026-05-13T09:41:24] RUN update_data
  /usr/bin/python3 bootstrap/ashare_xgb_dual_opportunity_regression_baostock_full_v19_compressed_trading_axis.py --mode update_data --symbol 600096 --benchmark_symbol 000300 --daily_start 2018-01-01 --daily_end 2026-05-13 --intraday_start '2018-01-01 09:30:00' --intraday_end '2026-05-13 15:00:00' --output_dir /root/stock_realtime_v021_full/saved_data/600096_pipeline_out/00_base --cache_mode incremental --feature_cache_mode incremental --adjust qfq
/root/stock_realtime_v021_full/bootstrap/ashare_fetch_and_train_xgb_sell_signal_baostock_state_cache_helper_fix2.py:246: FutureWarning: The behavior of DataFrame concatenation with empty or all-NA entries is deprecated. In a future version, this will no longer exclude empty or all-NA columns when determining the result dtypes. To retain the old behavior, exclude the relevant entries before the concat operation.
  merged = _normalize_daily_df(pd.concat([df_old, df_new], axis=0, ignore_index=True))
/root/stock_realtime_v021_full/bootstrap/ashare_fetch_and_train_xgb_sell_signal_baostock_state_cache_helper_fix2.py:246: FutureWarning: The behavior of DataFrame concatenation with empty or all-NA entries is deprecated. In a future version, this will no longer exclude empty or all-NA columns when determining the result dtypes. To retain the old behavior, exclude the relevant entries before the concat operation.
  merged = _normalize_daily_df(pd.concat([df_old, df_new], axis=0, ignore_index=True))
/root/stock_realtime_v021_full/bootstrap/ashare_fetch_and_train_xgb_sell_signal_baostock_state_cache_helper_fix2.py:254: FutureWarning: The behavior of DataFrame concatenation with empty or all-NA entries is deprecated. In a future version, this will no longer exclude empty or all-NA columns when determining the result dtypes. To retain the old behavior, exclude the relevant entries before the concat operation.
  merged = _normalize_bench_df(pd.concat([df_old, df_new], axis=0, ignore_index=True))
/root/stock_realtime_v021_full/bootstrap/ashare_fetch_and_train_xgb_sell_signal_baostock_state_cache_helper_fix2.py:254: FutureWarning: The behavior of DataFrame concatenation with empty or all-NA entries is deprecated. In a future version, this will no longer exclude empty or all-NA columns when determining the result dtypes. To retain the old behavior, exclude the relevant entries before the concat operation.
  merged = _normalize_bench_df(pd.concat([df_old, df_new], axis=0, ignore_index=True))
login success!
logout success!
login success!
logout success!
login success!
logout success!
login success!
logout success!
login success!
logout success!
login success!
logout success!
{
  "mode": "update_data",
  "symbol": "600096",
  "data_source": "baostock",
  "daily_rows": 2024,
  "intraday_rows": 73776,
  "daily_min": "2018-01-02 00:00:00",
  "daily_max": "2026-05-12 00:00:00",
  "intraday_min": "2020-01-02 09:35:00",
  "intraday_max": "2026-05-12 15:00:00",
  "base_paths": {
    "daily_csv": "/root/stock_realtime_v021_full/saved_data/600096_pipeline_out/00_base/600096_daily.csv",
    "intraday_csv": "/root/stock_realtime_v021_full/saved_data/600096_pipeline_out/00_base/600096_5m.csv",
    "benchmark_csv": "/root/stock_realtime_v021_full/saved_data/600096_pipeline_out/00_base/000300_benchmark_daily.csv",
    "raw_daily_cache_csv": "/root/stock_realtime_v021_full/saved_data/600096_pipeline_out/00_base/raw_cache/600096_daily_raw.csv",
    "raw_intraday_cache_csv": "/root/stock_realtime_v021_full/saved_data/600096_pipeline_out/00_base/raw_cache/600096_5m_raw.csv",
    "raw_benchmark_cache_csv": "/root/stock_realtime_v021_full/saved_data/600096_pipeline_out/00_base/raw_cache/000300_benchmark_daily_raw.csv",
    "daily_features_csv": "/root/stock_realtime_v021_full/saved_data/600096_pipeline_out/00_base/daily_features.csv",
    "intraday_features_csv": "/root/stock_realtime_v021_full/saved_data/600096_pipeline_out/00_base/intraday_features.csv",
    "daily_features_cache_csv": "/root/stock_realtime_v021_full/saved_data/600096_pipeline_out/00_base/feature_cache/daily_features_cache.csv",
    "intraday_features_cache_csv": "/root/stock_realtime_v021_full/saved_data/600096_pipeline_out/00_base/feature_cache/intraday_features_cache.csv",
    "feature_state_json": "/root/stock_realtime_v021_full/saved_data/600096_pipeline_out/00_base/feature_cache/feature_state.json"
  },
  "fetch_logs": {
    "symbol": "600096",
    "benchmark_symbol": "000300",
    "daily_start": "2018-01-01",
    "daily_end": "2026-05-13",
    "intraday_start": "2018-01-01 09:30:00",
    "intraday_end": "2026-05-13 15:00:00",
    "perf_start": "2018-01-01",
    "data_source": "baostock",
    "cache_mode": "incremental",
    "force_refresh": false,
    "raw_cache_dir": "/root/stock_realtime_v021_full/saved_data/600096_pipeline_out/00_base/raw_cache",
    "feature_cache_dir": "/root/stock_realtime_v021_full/saved_data/600096_pipeline_out/00_base/feature_cache",
    "feature_cache_mode": "incremental",
    "daily": {
      "cache_path": "/root/stock_realtime_v021_full/saved_data/600096_pipeline_out/00_base/raw_cache/600096_daily_raw.csv",
      "requested_start": "2018-01-01",
      "requested_end": "2026-05-13",
      "mode": "incremental",
      "cache_before": {
        "rows": 2024,
        "min": "2018-01-02 00:00:00",
        "max": "2026-05-12 00:00:00"
      },
      "fetch_segments": [
        {
          "provider": "baostock",
          "code": "sh.600096",
          "adjustflag": "2",
          "rows": 0
        },
        {
          "provider": "baostock",
          "code": "sh.600096",
          "adjustflag": "2",
          "rows": 0
        }
      ],
      "cache_after": {
        "rows": 2024,
        "min": "2018-01-02 00:00:00",
        "max": "2026-05-12 00:00:00"
      }
    },
    "intraday_5m": {
      "cache_path": "/root/stock_realtime_v021_full/saved_data/600096_pipeline_out/00_base/raw_cache/600096_5m_raw.csv",
      "requested_start": "2018-01-01 09:30:00",
      "requested_end": "2026-05-13 15:00:00",
      "mode": "incremental",
      "cache_before": {
        "rows": 73776,
        "min": "2020-01-02 09:35:00",
        "max": "2026-05-12 15:00:00"
      },
      "fetch_segments": [
        {
          "provider": "baostock",
          "code": "sh.600096",
          "adjustflag": "2",
          "requested_start": "2018-01-01 09:30:00",
          "effective_start": "2018-01-01 09:30:00",
          "requested_end": "2020-01-02 09:30:00",
          "rows": 0
        },
        {
          "provider": "baostock",
          "code": "sh.600096",
          "adjustflag": "2",
          "requested_start": "2026-05-12 15:05:00",
          "effective_start": "2026-05-12 15:05:00",
          "requested_end": "2026-05-13 15:00:00",
          "rows": 0
        }
      ],
      "cache_after": {
        "rows": 73776,
        "min": "2020-01-02 09:35:00",
        "max": "2026-05-12 15:00:00"
      }
    },
    "benchmark_daily": {
      "cache_path": "/root/stock_realtime_v021_full/saved_data/600096_pipeline_out/00_base/raw_cache/000300_benchmark_daily_raw.csv",
      "requested_start": "2018-01-01",
      "requested_end": "2026-05-13",
      "mode": "incremental",
      "cache_before": {
        "rows": 2024,
        "min": "2018-01-02 00:00:00",
        "max": "2026-05-12 00:00:00"
      },
      "fetch_segments": [
        {
          "provider": "baostock",
          "code": "sh.000300",
          "rows": 0,
          "start": "2018-01-01",
          "end": "2018-01-01"
        },
        {
          "provider": "baostock",
          "code": "sh.000300",
          "rows": 0,
          "start": "2026-05-13",
          "end": "2026-05-13"
        }
      ],
      "cache_after": {
        "rows": 2024,
        "min": "2018-01-02 00:00:00",
        "max": "2026-05-12 00:00:00"
      }
    },
    "feature_build": {
      "mode": "cache_reuse_no_rebuild",
      "daily_cache": {
        "rows": 2024,
        "min": "2018-01-02 00:00:00",
        "max": "2026-05-12 00:00:00"
      },
      "intraday_cache": {
        "rows": 73776,
        "min": "2020-01-02 09:35:00",
        "max": "2026-05-12 15:00:00"
      },
      "daily_context_days": 260,
      "intraday_context_days": 40
    },
    "feature_state": {
      "daily_feature_max": "2026-05-12 00:00:00",
      "intraday_feature_max": "2026-05-12 15:00:00",
      "daily_context_days": 260,
      "intraday_context_days": 40,
      "feature_build_mode": "cache_reuse_no_rebuild"
    }
  }
}

[2026-05-13T09:41:39] RUN samples
  /usr/bin/python3 feature_building/build_nextday_samples_from_baostock.py --daily-features /root/stock_realtime_v021_full/saved_data/600096_pipeline_out/00_base/daily_features.csv --intraday-bars /root/stock_realtime_v021_full/saved_data/600096_pipeline_out/00_base/600096_5m.csv --out-dir /root/stock_realtime_v021_full/saved_data/600096_pipeline_out/01_samples --min-bars 40 --keep-unlabeled-tail
{
  "rows": 1537,
  "date_min": "2020-01-02",
  "date_max": "2026-05-12",
  "out": "/root/stock_realtime_v021_full/saved_data/600096_pipeline_out/01_samples/training_samples.csv"
}

[2026-05-13T09:41:40] RUN fundamental
  /usr/bin/python3 feature_building/build_fundamental_features.py --symbol 600096.SH --daily-samples /root/stock_realtime_v021_full/saved_data/600096_pipeline_out/01_samples/training_samples.csv --out-dir /root/stock_realtime_v021_full/saved_data/600096_pipeline_out/02_fundamental --start-date 2018-01-01 --end-date 2026-05-13 --fallback-lag-days 120
login success!
logout success!
{
  "rows": 1537,
  "date_min": "2020-01-02",
  "date_max": "2026-05-12",
  "source_errors": [],
  "top_missing_rates": {
    "ak_fund_小单净流入-净额_sum10": 0.9245283018867925,
    "ak_fund_主力净流入-净额_sum10": 0.9245283018867925,
    "ak_fund_主力净流入-净占比_sum10": 0.9245283018867925,
    "ak_fund_涨跌幅_sum10": 0.9245283018867925,
    "ak_fund_收盘价_sum10": 0.9245283018867925,
    "ak_fund_中单净流入-净额_sum10": 0.9245283018867925,
    "ak_fund_中单净流入-净占比_sum10": 0.9245283018867925,
    "ak_fund_小单净流入-净占比_sum10": 0.9245283018867925,
    "ak_fund_超大单净流入-净额_sum10": 0.9245283018867925,
    "ak_fund_大单净流入-净额_sum10": 0.9245283018867925,
    "ak_fund_大单净流入-净占比_sum10": 0.9245283018867925,
    "ak_fund_超大单净流入-净占比_sum10": 0.9245283018867925,
    "ak_fund_涨跌幅_sum5": 0.9232270657124269,
    "ak_fund_主力净流入-净占比_sum5": 0.9232270657124269,
    "ak_fund_主力净流入-净额_sum5": 0.9232270657124269,
    "ak_fund_收盘价_sum5": 0.9232270657124269,
    "ak_fund_超大单净流入-净占比_sum5": 0.9232270657124269,
    "ak_fund_中单净流入-净占比_sum5": 0.9232270657124269,
    "ak_fund_中单净流入-净额_sum5": 0.9232270657124269,
    "ak_fund_小单净流入-净额_sum5": 0.9232270657124269,
    "ak_fund_小单净流入-净占比_sum5": 0.9232270657124269,
    "ak_fund_大单净流入-净占比_sum5": 0.9232270657124269,
    "ak_fund_大单净流入-净额_sum5": 0.9232270657124269,
    "ak_fund_超大单净流入-净额_sum5": 0.9232270657124269,
    "ak_fund_大单净流入-净额": 0.9219258295380611,
    "ak_fund_超大单净流入-净占比": 0.9219258295380611,
    "ak_fund_超大单净流入-净额": 0.9219258295380611,
    "ak_fund_收盘价": 0.9219258295380611,
    "ak_fund_涨跌幅": 0.9219258295380611,
    "ak_fund_中单净流入-净额": 0.9219258295380611
  },
  "valuation_non_null": {
    "peTTM": 1537,
    "pbMRQ": 1537,
    "psTTM": 1537,
    "pcfNcfTTM": 1537
  },
  "future_effective_date_violations": 0,
  "rows_with_quarterly": 1537,
  "sample_rows": 1537,
  "quarterly_raw_rows": 37,
  "quarterly_used_pubDate_rows": 37,
  "quarterly_fallback_rows": 0,
  "elapsed_seconds": 42.776,
  "symbol": "600096",
  "baostock_code": "sh.600096",
  "valuation_rows": 2024,
  "fund_flow_rows": 120,
  "feature_columns": 125,
  "merged_columns": 194,
  "outputs": {
    "daily_valuation": "/root/stock_realtime_v021_full/saved_data/600096_pipeline_out/02_fundamental/baostock_daily_valuation.csv",
    "quarterly_fundamentals": "/root/stock_realtime_v021_full/saved_data/600096_pipeline_out/02_fundamental/baostock_quarterly_fundamentals_pit.csv",
    "fundamental_features": "/root/stock_realtime_v021_full/saved_data/600096_pipeline_out/02_fundamental/fundamental_features.csv",
    "merged_samples": "/root/stock_realtime_v021_full/saved_data/600096_pipeline_out/02_fundamental/training_samples_with_fundamentals.csv"
  }
}

[2026-05-13T09:42:24] RUN sector
  /usr/bin/python3 feature_building/build_sector_features.py --samples /root/stock_realtime_v021_full/saved_data/600096_pipeline_out/02_fundamental/training_samples_with_fundamentals.csv --out-dir /root/stock_realtime_v021_full/saved_data/600096_pipeline_out/03_sector --sector-symbol '农化制品' --start-date 2018-01-01 --end-date 2026-05-13

  0%|          | 0/9 [00:00<?, ?it/s]
 11%|█         | 1/9 [00:00<00:01,  4.45it/s]
 22%|██▏       | 2/9 [00:00<00:01,  4.59it/s]
 33%|███▎      | 3/9 [00:00<00:01,  4.21it/s]
 44%|████▍     | 4/9 [00:00<00:01,  4.36it/s]
 56%|█████▌    | 5/9 [00:01<00:00,  4.14it/s]
 67%|██████▋   | 6/9 [00:01<00:00,  4.15it/s]
 78%|███████▊  | 7/9 [00:01<00:00,  4.24it/s]
 89%|████████▉ | 8/9 [00:01<00:00,  4.39it/s]
100%|██████████| 9/9 [00:02<00:00,  4.60it/s]
                                             
{
  "sector_symbol": "农化制品",
  "sector_rows": 2024,
  "sector_date_min": "2018-01-02",
  "sector_date_max": "2026-05-12",
  "sample_rows": 1537,
  "merged_rows": 1537,
  "sector_feature_cols": 23,
  "top_missing": {
    "sector_ret60": 0.03903708523096942,
    "sector_ma60_gap": 0.01951854261548471,
    "stock_vs_sector_ret20": 0.013012361743656473,
    "sector_ret20": 0.013012361743656473,
    "sector_vol20": 0.0071567989590110605,
    "sector_ma20_gap": 0.006506180871828237,
    "sector_range_z20": 0.006506180871828237,
    "sector_volume_shock20": 0.006506180871828237,
    "sector_amount_z20": 0.006506180871828237,
    "sector_volume_z20": 0.006506180871828237,
    "sector_amount_shock20": 0.006506180871828237,
    "sector_ret5": 0.0032530904359141183,
    "stock_vs_sector_ret5": 0.0032530904359141183,
    "sector_vs_bench_ret5": 0.0032530904359141183,
    "stock_vs_sector_ret1": 0.0006506180871828237,
    "sector_ret1": 0.0006506180871828237,
    "sector_amount": 0.0,
    "sector_volume": 0.0,
    "sector_close": 0.0,
    "sector_low": 0.0
  },
  "outputs": {
    "sector_index": "/root/stock_realtime_v021_full/saved_data/600096_pipeline_out/03_sector/sector_index_ths.csv",
    "sector_features": "/root/stock_realtime_v021_full/saved_data/600096_pipeline_out/03_sector/sector_features.csv",
    "merged_samples": "/root/stock_realtime_v021_full/saved_data/600096_pipeline_out/03_sector/training_samples_with_sector.csv"
  }
}
[INFO] final samples for search: /root/stock_realtime_v021_full/saved_data/600096_pipeline_out/03_sector/training_samples_with_sector.csv
=== nextday pipeline end: 2026-05-13T09:42:28 status=ok ===
=== nextday pipeline start: 2026-05-14T00:07:04 ===
symbol=600096.SH, out_root=/root/stock_realtime_v021_full/saved_data/600096_pipeline_out

[2026-05-14T00:07:04] RUN update_data
  /usr/bin/python3 bootstrap/ashare_xgb_dual_opportunity_regression_baostock_full_v19_compressed_trading_axis.py --mode update_data --symbol 600096 --benchmark_symbol 000300 --daily_start 2018-01-01 --daily_end 2026-05-14 --intraday_start '2018-01-01 09:30:00' --intraday_end '2026-05-14 15:00:00' --output_dir /root/stock_realtime_v021_full/saved_data/600096_pipeline_out/00_base --cache_mode incremental --feature_cache_mode incremental --adjust qfq
/root/stock_realtime_v021_full/bootstrap/ashare_fetch_and_train_xgb_sell_signal_baostock_state_cache_helper_fix2.py:246: FutureWarning: The behavior of DataFrame concatenation with empty or all-NA entries is deprecated. In a future version, this will no longer exclude empty or all-NA columns when determining the result dtypes. To retain the old behavior, exclude the relevant entries before the concat operation.
  merged = _normalize_daily_df(pd.concat([df_old, df_new], axis=0, ignore_index=True))
/root/stock_realtime_v021_full/bootstrap/ashare_fetch_and_train_xgb_sell_signal_baostock_state_cache_helper_fix2.py:254: FutureWarning: The behavior of DataFrame concatenation with empty or all-NA entries is deprecated. In a future version, this will no longer exclude empty or all-NA columns when determining the result dtypes. To retain the old behavior, exclude the relevant entries before the concat operation.
  merged = _normalize_bench_df(pd.concat([df_old, df_new], axis=0, ignore_index=True))
login success!
logout success!
login success!
logout success!
login success!
logout success!
login success!
logout success!
login success!
logout success!
login success!
logout success!
{
  "mode": "update_data",
  "symbol": "600096",
  "data_source": "baostock",
  "daily_rows": 2025,
  "intraday_rows": 73824,
  "daily_min": "2018-01-02 00:00:00",
  "daily_max": "2026-05-13 00:00:00",
  "intraday_min": "2020-01-02 09:35:00",
  "intraday_max": "2026-05-13 15:00:00",
  "base_paths": {
    "daily_csv": "/root/stock_realtime_v021_full/saved_data/600096_pipeline_out/00_base/600096_daily.csv",
    "intraday_csv": "/root/stock_realtime_v021_full/saved_data/600096_pipeline_out/00_base/600096_5m.csv",
    "benchmark_csv": "/root/stock_realtime_v021_full/saved_data/600096_pipeline_out/00_base/000300_benchmark_daily.csv",
    "raw_daily_cache_csv": "/root/stock_realtime_v021_full/saved_data/600096_pipeline_out/00_base/raw_cache/600096_daily_raw.csv",
    "raw_intraday_cache_csv": "/root/stock_realtime_v021_full/saved_data/600096_pipeline_out/00_base/raw_cache/600096_5m_raw.csv",
    "raw_benchmark_cache_csv": "/root/stock_realtime_v021_full/saved_data/600096_pipeline_out/00_base/raw_cache/000300_benchmark_daily_raw.csv",
    "daily_features_csv": "/root/stock_realtime_v021_full/saved_data/600096_pipeline_out/00_base/daily_features.csv",
    "intraday_features_csv": "/root/stock_realtime_v021_full/saved_data/600096_pipeline_out/00_base/intraday_features.csv",
    "daily_features_cache_csv": "/root/stock_realtime_v021_full/saved_data/600096_pipeline_out/00_base/feature_cache/daily_features_cache.csv",
    "intraday_features_cache_csv": "/root/stock_realtime_v021_full/saved_data/600096_pipeline_out/00_base/feature_cache/intraday_features_cache.csv",
    "feature_state_json": "/root/stock_realtime_v021_full/saved_data/600096_pipeline_out/00_base/feature_cache/feature_state.json"
  },
  "fetch_logs": {
    "symbol": "600096",
    "benchmark_symbol": "000300",
    "daily_start": "2018-01-01",
    "daily_end": "2026-05-14",
    "intraday_start": "2018-01-01 09:30:00",
    "intraday_end": "2026-05-14 15:00:00",
    "perf_start": "2018-01-01",
    "data_source": "baostock",
    "cache_mode": "incremental",
    "force_refresh": false,
    "raw_cache_dir": "/root/stock_realtime_v021_full/saved_data/600096_pipeline_out/00_base/raw_cache",
    "feature_cache_dir": "/root/stock_realtime_v021_full/saved_data/600096_pipeline_out/00_base/feature_cache",
    "feature_cache_mode": "incremental",
    "daily": {
      "cache_path": "/root/stock_realtime_v021_full/saved_data/600096_pipeline_out/00_base/raw_cache/600096_daily_raw.csv",
      "requested_start": "2018-01-01",
      "requested_end": "2026-05-14",
      "mode": "incremental",
      "cache_before": {
        "rows": 2024,
        "min": "2018-01-02 00:00:00",
        "max": "2026-05-12 00:00:00"
      },
      "fetch_segments": [
        {
          "provider": "baostock",
          "code": "sh.600096",
          "adjustflag": "2",
          "rows": 0
        },
        {
          "provider": "baostock",
          "code": "sh.600096",
          "adjustflag": "2",
          "rows": 1,
          "start": "2026-05-13",
          "end": "2026-05-14"
        }
      ],
      "cache_after": {
        "rows": 2025,
        "min": "2018-01-02 00:00:00",
        "max": "2026-05-13 00:00:00"
      }
    },
    "intraday_5m": {
      "cache_path": "/root/stock_realtime_v021_full/saved_data/600096_pipeline_out/00_base/raw_cache/600096_5m_raw.csv",
      "requested_start": "2018-01-01 09:30:00",
      "requested_end": "2026-05-14 15:00:00",
      "mode": "incremental",
      "cache_before": {
        "rows": 73776,
        "min": "2020-01-02 09:35:00",
        "max": "2026-05-12 15:00:00"
      },
      "fetch_segments": [
        {
          "provider": "baostock",
          "code": "sh.600096",
          "adjustflag": "2",
          "requested_start": "2018-01-01 09:30:00",
          "effective_start": "2018-01-01 09:30:00",
          "requested_end": "2020-01-02 09:30:00",
          "rows": 0
        },
        {
          "provider": "baostock",
          "code": "sh.600096",
          "adjustflag": "2",
          "requested_start": "2026-05-12 15:05:00",
          "effective_start": "2026-05-12 15:05:00",
          "requested_end": "2026-05-14 15:00:00",
          "rows": 48
        }
      ],
      "cache_after": {
        "rows": 73824,
        "min": "2020-01-02 09:35:00",
        "max": "2026-05-13 15:00:00"
      }
    },
    "benchmark_daily": {
      "cache_path": "/root/stock_realtime_v021_full/saved_data/600096_pipeline_out/00_base/raw_cache/000300_benchmark_daily_raw.csv",
      "requested_start": "2018-01-01",
      "requested_end": "2026-05-14",
      "mode": "incremental",
      "cache_before": {
        "rows": 2024,
        "min": "2018-01-02 00:00:00",
        "max": "2026-05-12 00:00:00"
      },
      "fetch_segments": [
        {
          "provider": "baostock",
          "code": "sh.000300",
          "rows": 0,
          "start": "2018-01-01",
          "end": "2018-01-01"
        },
        {
          "provider": "baostock",
          "code": "sh.000300",
          "rows": 1,
          "start": "2026-05-13",
          "end": "2026-05-14"
        }
      ],
      "cache_after": {
        "rows": 2025,
        "min": "2018-01-02 00:00:00",
        "max": "2026-05-13 00:00:00"
      }
    },
    "feature_build": {
      "mode": "stateful_incremental_append",
      "daily_context_days": 260,
      "intraday_context_days": 40,
      "daily_append": {
        "needed": true,
        "first_new_date": "2026-05-13 00:00:00",
        "context_start": "2025-04-14 00:00:00",
        "context_raw_rows": 261,
        "appended_rows": 1,
        "cache_before": {
          "rows": 2024,
          "min": "2018-01-02 00:00:00",
          "max": "2026-05-12 00:00:00"
        },
        "cache_after": {
          "rows": 2025,
          "min": "2018-01-02 00:00:00",
          "max": "2026-05-13 00:00:00"
        }
      },
      "intraday_append": {
        "needed": true,
        "first_new_datetime": "2026-05-13 09:35:00",
        "context_start_date": "2026-03-12 00:00:00",
        "context_raw_rows": 1968,
        "appended_rows": 48,
        "cache_before": {
          "rows": 73776,
          "min": "2020-01-02 09:35:00",
          "max": "2026-05-12 15:00:00"
        },
        "cache_after": {
          "rows": 73824,
          "min": "2020-01-02 09:35:00",
          "max": "2026-05-13 15:00:00"
        }
      }
    },
    "feature_state": {
      "daily_feature_max": "2026-05-13 00:00:00",
      "intraday_feature_max": "2026-05-13 15:00:00",
      "daily_context_days": 260,
      "intraday_context_days": 40,
      "feature_build_mode": "stateful_incremental_append"
    }
  }
}

[2026-05-14T00:07:27] RUN samples
  /usr/bin/python3 feature_building/build_nextday_samples_from_baostock.py --daily-features /root/stock_realtime_v021_full/saved_data/600096_pipeline_out/00_base/daily_features.csv --intraday-bars /root/stock_realtime_v021_full/saved_data/600096_pipeline_out/00_base/600096_5m.csv --out-dir /root/stock_realtime_v021_full/saved_data/600096_pipeline_out/01_samples --min-bars 40 --keep-unlabeled-tail
{
  "rows": 1538,
  "date_min": "2020-01-02",
  "date_max": "2026-05-13",
  "out": "/root/stock_realtime_v021_full/saved_data/600096_pipeline_out/01_samples/training_samples.csv"
}

[2026-05-14T00:07:28] RUN fundamental
  /usr/bin/python3 feature_building/build_fundamental_features.py --symbol 600096.SH --daily-samples /root/stock_realtime_v021_full/saved_data/600096_pipeline_out/01_samples/training_samples.csv --out-dir /root/stock_realtime_v021_full/saved_data/600096_pipeline_out/02_fundamental --start-date 2018-01-01 --end-date 2026-05-14 --fallback-lag-days 120
login success!
logout success!
{
  "rows": 1538,
  "date_min": "2020-01-02",
  "date_max": "2026-05-13",
  "source_errors": [],
  "top_missing_rates": {
    "ak_fund_小单净流入-净额_sum10": 0.9245773732119635,
    "ak_fund_主力净流入-净额_sum10": 0.9245773732119635,
    "ak_fund_主力净流入-净占比_sum10": 0.9245773732119635,
    "ak_fund_涨跌幅_sum10": 0.9245773732119635,
    "ak_fund_收盘价_sum10": 0.9245773732119635,
    "ak_fund_中单净流入-净额_sum10": 0.9245773732119635,
    "ak_fund_中单净流入-净占比_sum10": 0.9245773732119635,
    "ak_fund_小单净流入-净占比_sum10": 0.9245773732119635,
    "ak_fund_超大单净流入-净额_sum10": 0.9245773732119635,
    "ak_fund_大单净流入-净额_sum10": 0.9245773732119635,
    "ak_fund_大单净流入-净占比_sum10": 0.9245773732119635,
    "ak_fund_超大单净流入-净占比_sum10": 0.9245773732119635,
    "ak_fund_涨跌幅_sum5": 0.9232769830949284,
    "ak_fund_主力净流入-净占比_sum5": 0.9232769830949284,
    "ak_fund_主力净流入-净额_sum5": 0.9232769830949284,
    "ak_fund_收盘价_sum5": 0.9232769830949284,
    "ak_fund_超大单净流入-净占比_sum5": 0.9232769830949284,
    "ak_fund_中单净流入-净占比_sum5": 0.9232769830949284,
    "ak_fund_中单净流入-净额_sum5": 0.9232769830949284,
    "ak_fund_小单净流入-净额_sum5": 0.9232769830949284,
    "ak_fund_小单净流入-净占比_sum5": 0.9232769830949284,
    "ak_fund_大单净流入-净占比_sum5": 0.9232769830949284,
    "ak_fund_大单净流入-净额_sum5": 0.9232769830949284,
    "ak_fund_超大单净流入-净额_sum5": 0.9232769830949284,
    "ak_fund_大单净流入-净额": 0.9219765929778934,
    "ak_fund_超大单净流入-净占比": 0.9219765929778934,
    "ak_fund_超大单净流入-净额": 0.9219765929778934,
    "ak_fund_收盘价": 0.9219765929778934,
    "ak_fund_涨跌幅": 0.9219765929778934,
    "ak_fund_中单净流入-净额": 0.9219765929778934
  },
  "valuation_non_null": {
    "peTTM": 1538,
    "pbMRQ": 1538,
    "psTTM": 1538,
    "pcfNcfTTM": 1538
  },
  "future_effective_date_violations": 0,
  "rows_with_quarterly": 1538,
  "sample_rows": 1538,
  "quarterly_raw_rows": 37,
  "quarterly_used_pubDate_rows": 37,
  "quarterly_fallback_rows": 0,
  "elapsed_seconds": 24.772,
  "symbol": "600096",
  "baostock_code": "sh.600096",
  "valuation_rows": 2025,
  "fund_flow_rows": 120,
  "feature_columns": 125,
  "merged_columns": 194,
  "outputs": {
    "daily_valuation": "/root/stock_realtime_v021_full/saved_data/600096_pipeline_out/02_fundamental/baostock_daily_valuation.csv",
    "quarterly_fundamentals": "/root/stock_realtime_v021_full/saved_data/600096_pipeline_out/02_fundamental/baostock_quarterly_fundamentals_pit.csv",
    "fundamental_features": "/root/stock_realtime_v021_full/saved_data/600096_pipeline_out/02_fundamental/fundamental_features.csv",
    "merged_samples": "/root/stock_realtime_v021_full/saved_data/600096_pipeline_out/02_fundamental/training_samples_with_fundamentals.csv"
  }
}

[2026-05-14T00:07:54] RUN sector
  /usr/bin/python3 feature_building/build_sector_features.py --samples /root/stock_realtime_v021_full/saved_data/600096_pipeline_out/02_fundamental/training_samples_with_fundamentals.csv --out-dir /root/stock_realtime_v021_full/saved_data/600096_pipeline_out/03_sector --sector-symbol '农化制品' --start-date 2018-01-01 --end-date 2026-05-14

  0%|          | 0/9 [00:00<?, ?it/s]
 11%|█         | 1/9 [00:00<00:03,  2.12it/s]
 22%|██▏       | 2/9 [00:00<00:02,  2.70it/s]
 33%|███▎      | 3/9 [00:01<00:02,  2.41it/s]
 44%|████▍     | 4/9 [00:01<00:01,  2.63it/s]
 56%|█████▌    | 5/9 [00:01<00:01,  2.87it/s]
 67%|██████▋   | 6/9 [00:02<00:00,  3.02it/s]
 78%|███████▊  | 7/9 [00:02<00:00,  3.03it/s]
 89%|████████▉ | 8/9 [00:02<00:00,  2.91it/s]
100%|██████████| 9/9 [00:03<00:00,  3.06it/s]
                                             
{
  "sector_symbol": "农化制品",
  "sector_rows": 2025,
  "sector_date_min": "2018-01-02",
  "sector_date_max": "2026-05-13",
  "sample_rows": 1538,
  "merged_rows": 1538,
  "sector_feature_cols": 23,
  "top_missing": {
    "sector_ret60": 0.03901170351105332,
    "sector_ma60_gap": 0.01950585175552666,
    "stock_vs_sector_ret20": 0.013003901170351105,
    "sector_ret20": 0.013003901170351105,
    "sector_vol20": 0.007152145643693108,
    "sector_ma20_gap": 0.006501950585175552,
    "sector_range_z20": 0.006501950585175552,
    "sector_volume_shock20": 0.006501950585175552,
    "sector_amount_z20": 0.006501950585175552,
    "sector_volume_z20": 0.006501950585175552,
    "sector_amount_shock20": 0.006501950585175552,
    "sector_ret5": 0.003250975292587776,
    "stock_vs_sector_ret5": 0.003250975292587776,
    "sector_vs_bench_ret5": 0.003250975292587776,
    "stock_vs_sector_ret1": 0.0006501950585175553,
    "sector_ret1": 0.0006501950585175553,
    "sector_amount": 0.0,
    "sector_volume": 0.0,
    "sector_close": 0.0,
    "sector_low": 0.0
  },
  "outputs": {
    "sector_index": "/root/stock_realtime_v021_full/saved_data/600096_pipeline_out/03_sector/sector_index_ths.csv",
    "sector_features": "/root/stock_realtime_v021_full/saved_data/600096_pipeline_out/03_sector/sector_features.csv",
    "merged_samples": "/root/stock_realtime_v021_full/saved_data/600096_pipeline_out/03_sector/training_samples_with_sector.csv"
  }
}
[INFO] final samples for search: /root/stock_realtime_v021_full/saved_data/600096_pipeline_out/03_sector/training_samples_with_sector.csv
=== nextday pipeline end: 2026-05-14T00:08:00 status=ok ===
=== nextday pipeline start: 2026-05-15T08:59:16 ===
symbol=600096.SH, out_root=/root/stock_realtime_v021_full/saved_data/600096_pipeline_out

[2026-05-15T08:59:16] RUN update_data
  /usr/bin/python3 bootstrap/ashare_xgb_dual_opportunity_regression_baostock_full_v19_compressed_trading_axis.py --mode update_data --symbol 600096 --benchmark_symbol 000300 --daily_start 2018-01-01 --daily_end 2026-05-15 --intraday_start '2018-01-01 09:30:00' --intraday_end '2026-05-15 15:00:00' --output_dir /root/stock_realtime_v021_full/saved_data/600096_pipeline_out/00_base --cache_mode incremental --feature_cache_mode incremental --adjust qfq
/root/stock_realtime_v021_full/bootstrap/ashare_fetch_and_train_xgb_sell_signal_baostock_state_cache_helper_fix2.py:246: FutureWarning: The behavior of DataFrame concatenation with empty or all-NA entries is deprecated. In a future version, this will no longer exclude empty or all-NA columns when determining the result dtypes. To retain the old behavior, exclude the relevant entries before the concat operation.
  merged = _normalize_daily_df(pd.concat([df_old, df_new], axis=0, ignore_index=True))
/root/stock_realtime_v021_full/bootstrap/ashare_fetch_and_train_xgb_sell_signal_baostock_state_cache_helper_fix2.py:254: FutureWarning: The behavior of DataFrame concatenation with empty or all-NA entries is deprecated. In a future version, this will no longer exclude empty or all-NA columns when determining the result dtypes. To retain the old behavior, exclude the relevant entries before the concat operation.
  merged = _normalize_bench_df(pd.concat([df_old, df_new], axis=0, ignore_index=True))
login success!
logout success!
login success!
logout success!
login success!
logout success!
login success!
logout success!
login success!
logout success!
login success!
logout success!
{
  "mode": "update_data",
  "symbol": "600096",
  "data_source": "baostock",
  "daily_rows": 2026,
  "intraday_rows": 73872,
  "daily_min": "2018-01-02 00:00:00",
  "daily_max": "2026-05-14 00:00:00",
  "intraday_min": "2020-01-02 09:35:00",
  "intraday_max": "2026-05-14 15:00:00",
  "base_paths": {
    "daily_csv": "/root/stock_realtime_v021_full/saved_data/600096_pipeline_out/00_base/600096_daily.csv",
    "intraday_csv": "/root/stock_realtime_v021_full/saved_data/600096_pipeline_out/00_base/600096_5m.csv",
    "benchmark_csv": "/root/stock_realtime_v021_full/saved_data/600096_pipeline_out/00_base/000300_benchmark_daily.csv",
    "raw_daily_cache_csv": "/root/stock_realtime_v021_full/saved_data/600096_pipeline_out/00_base/raw_cache/600096_daily_raw.csv",
    "raw_intraday_cache_csv": "/root/stock_realtime_v021_full/saved_data/600096_pipeline_out/00_base/raw_cache/600096_5m_raw.csv",
    "raw_benchmark_cache_csv": "/root/stock_realtime_v021_full/saved_data/600096_pipeline_out/00_base/raw_cache/000300_benchmark_daily_raw.csv",
    "daily_features_csv": "/root/stock_realtime_v021_full/saved_data/600096_pipeline_out/00_base/daily_features.csv",
    "intraday_features_csv": "/root/stock_realtime_v021_full/saved_data/600096_pipeline_out/00_base/intraday_features.csv",
    "daily_features_cache_csv": "/root/stock_realtime_v021_full/saved_data/600096_pipeline_out/00_base/feature_cache/daily_features_cache.csv",
    "intraday_features_cache_csv": "/root/stock_realtime_v021_full/saved_data/600096_pipeline_out/00_base/feature_cache/intraday_features_cache.csv",
    "feature_state_json": "/root/stock_realtime_v021_full/saved_data/600096_pipeline_out/00_base/feature_cache/feature_state.json"
  },
  "fetch_logs": {
    "symbol": "600096",
    "benchmark_symbol": "000300",
    "daily_start": "2018-01-01",
    "daily_end": "2026-05-15",
    "intraday_start": "2018-01-01 09:30:00",
    "intraday_end": "2026-05-15 15:00:00",
    "perf_start": "2018-01-01",
    "data_source": "baostock",
    "cache_mode": "incremental",
    "force_refresh": false,
    "raw_cache_dir": "/root/stock_realtime_v021_full/saved_data/600096_pipeline_out/00_base/raw_cache",
    "feature_cache_dir": "/root/stock_realtime_v021_full/saved_data/600096_pipeline_out/00_base/feature_cache",
    "feature_cache_mode": "incremental",
    "daily": {
      "cache_path": "/root/stock_realtime_v021_full/saved_data/600096_pipeline_out/00_base/raw_cache/600096_daily_raw.csv",
      "requested_start": "2018-01-01",
      "requested_end": "2026-05-15",
      "mode": "incremental",
      "cache_before": {
        "rows": 2025,
        "min": "2018-01-02 00:00:00",
        "max": "2026-05-13 00:00:00"
      },
      "fetch_segments": [
        {
          "provider": "baostock",
          "code": "sh.600096",
          "adjustflag": "2",
          "rows": 0
        },
        {
          "provider": "baostock",
          "code": "sh.600096",
          "adjustflag": "2",
          "rows": 1,
          "start": "2026-05-14",
          "end": "2026-05-15"
        }
      ],
      "cache_after": {
        "rows": 2026,
        "min": "2018-01-02 00:00:00",
        "max": "2026-05-14 00:00:00"
      }
    },
    "intraday_5m": {
      "cache_path": "/root/stock_realtime_v021_full/saved_data/600096_pipeline_out/00_base/raw_cache/600096_5m_raw.csv",
      "requested_start": "2018-01-01 09:30:00",
      "requested_end": "2026-05-15 15:00:00",
      "mode": "incremental",
      "cache_before": {
        "rows": 73824,
        "min": "2020-01-02 09:35:00",
        "max": "2026-05-13 15:00:00"
      },
      "fetch_segments": [
        {
          "provider": "baostock",
          "code": "sh.600096",
          "adjustflag": "2",
          "requested_start": "2018-01-01 09:30:00",
          "effective_start": "2018-01-01 09:30:00",
          "requested_end": "2020-01-02 09:30:00",
          "rows": 0
        },
        {
          "provider": "baostock",
          "code": "sh.600096",
          "adjustflag": "2",
          "requested_start": "2026-05-13 15:05:00",
          "effective_start": "2026-05-13 15:05:00",
          "requested_end": "2026-05-15 15:00:00",
          "rows": 48
        }
      ],
      "cache_after": {
        "rows": 73872,
        "min": "2020-01-02 09:35:00",
        "max": "2026-05-14 15:00:00"
      }
    },
    "benchmark_daily": {
      "cache_path": "/root/stock_realtime_v021_full/saved_data/600096_pipeline_out/00_base/raw_cache/000300_benchmark_daily_raw.csv",
      "requested_start": "2018-01-01",
      "requested_end": "2026-05-15",
      "mode": "incremental",
      "cache_before": {
        "rows": 2025,
        "min": "2018-01-02 00:00:00",
        "max": "2026-05-13 00:00:00"
      },
      "fetch_segments": [
        {
          "provider": "baostock",
          "code": "sh.000300",
          "rows": 0,
          "start": "2018-01-01",
          "end": "2018-01-01"
        },
        {
          "provider": "baostock",
          "code": "sh.000300",
          "rows": 1,
          "start": "2026-05-14",
          "end": "2026-05-15"
        }
      ],
      "cache_after": {
        "rows": 2026,
        "min": "2018-01-02 00:00:00",
        "max": "2026-05-14 00:00:00"
      }
    },
    "feature_build": {
      "mode": "stateful_incremental_append",
      "daily_context_days": 260,
      "intraday_context_days": 40,
      "daily_append": {
        "needed": true,
        "first_new_date": "2026-05-14 00:00:00",
        "context_start": "2025-04-15 00:00:00",
        "context_raw_rows": 261,
        "appended_rows": 1,
        "cache_before": {
          "rows": 2025,
          "min": "2018-01-02 00:00:00",
          "max": "2026-05-13 00:00:00"
        },
        "cache_after": {
          "rows": 2026,
          "min": "2018-01-02 00:00:00",
          "max": "2026-05-14 00:00:00"
        }
      },
      "intraday_append": {
        "needed": true,
        "first_new_datetime": "2026-05-14 09:35:00",
        "context_start_date": "2026-03-13 00:00:00",
        "context_raw_rows": 1968,
        "appended_rows": 48,
        "cache_before": {
          "rows": 73824,
          "min": "2020-01-02 09:35:00",
          "max": "2026-05-13 15:00:00"
        },
        "cache_after": {
          "rows": 73872,
          "min": "2020-01-02 09:35:00",
          "max": "2026-05-14 15:00:00"
        }
      }
    },
    "feature_state": {
      "daily_feature_max": "2026-05-14 00:00:00",
      "intraday_feature_max": "2026-05-14 15:00:00",
      "daily_context_days": 260,
      "intraday_context_days": 40,
      "feature_build_mode": "stateful_incremental_append"
    }
  }
}

[2026-05-15T08:59:33] RUN samples
  /usr/bin/python3 feature_building/build_nextday_samples_from_baostock.py --daily-features /root/stock_realtime_v021_full/saved_data/600096_pipeline_out/00_base/daily_features.csv --intraday-bars /root/stock_realtime_v021_full/saved_data/600096_pipeline_out/00_base/600096_5m.csv --out-dir /root/stock_realtime_v021_full/saved_data/600096_pipeline_out/01_samples --min-bars 40 --keep-unlabeled-tail
{
  "rows": 1539,
  "date_min": "2020-01-02",
  "date_max": "2026-05-14",
  "out": "/root/stock_realtime_v021_full/saved_data/600096_pipeline_out/01_samples/training_samples.csv"
}

[2026-05-15T08:59:34] RUN fundamental
  /usr/bin/python3 feature_building/build_fundamental_features.py --symbol 600096.SH --daily-samples /root/stock_realtime_v021_full/saved_data/600096_pipeline_out/01_samples/training_samples.csv --out-dir /root/stock_realtime_v021_full/saved_data/600096_pipeline_out/02_fundamental --start-date 2018-01-01 --end-date 2026-05-15 --fallback-lag-days 120
login success!
logout success!
{
  "rows": 1539,
  "date_min": "2020-01-02",
  "date_max": "2026-05-14",
  "source_errors": [],
  "top_missing_rates": {
    "ak_fund_小单净流入-净额_sum10": 0.9246263807667316,
    "ak_fund_主力净流入-净额_sum10": 0.9246263807667316,
    "ak_fund_主力净流入-净占比_sum10": 0.9246263807667316,
    "ak_fund_涨跌幅_sum10": 0.9246263807667316,
    "ak_fund_收盘价_sum10": 0.9246263807667316,
    "ak_fund_中单净流入-净额_sum10": 0.9246263807667316,
    "ak_fund_中单净流入-净占比_sum10": 0.9246263807667316,
    "ak_fund_小单净流入-净占比_sum10": 0.9246263807667316,
    "ak_fund_超大单净流入-净额_sum10": 0.9246263807667316,
    "ak_fund_大单净流入-净额_sum10": 0.9246263807667316,
    "ak_fund_大单净流入-净占比_sum10": 0.9246263807667316,
    "ak_fund_超大单净流入-净占比_sum10": 0.9246263807667316,
    "ak_fund_涨跌幅_sum5": 0.9233268356075374,
    "ak_fund_主力净流入-净占比_sum5": 0.9233268356075374,
    "ak_fund_主力净流入-净额_sum5": 0.9233268356075374,
    "ak_fund_收盘价_sum5": 0.9233268356075374,
    "ak_fund_超大单净流入-净占比_sum5": 0.9233268356075374,
    "ak_fund_中单净流入-净占比_sum5": 0.9233268356075374,
    "ak_fund_中单净流入-净额_sum5": 0.9233268356075374,
    "ak_fund_小单净流入-净额_sum5": 0.9233268356075374,
    "ak_fund_小单净流入-净占比_sum5": 0.9233268356075374,
    "ak_fund_大单净流入-净占比_sum5": 0.9233268356075374,
    "ak_fund_大单净流入-净额_sum5": 0.9233268356075374,
    "ak_fund_超大单净流入-净额_sum5": 0.9233268356075374,
    "ak_fund_大单净流入-净额": 0.9220272904483431,
    "ak_fund_超大单净流入-净占比": 0.9220272904483431,
    "ak_fund_超大单净流入-净额": 0.9220272904483431,
    "ak_fund_收盘价": 0.9220272904483431,
    "ak_fund_涨跌幅": 0.9220272904483431,
    "ak_fund_中单净流入-净额": 0.9220272904483431
  },
  "valuation_non_null": {
    "peTTM": 1539,
    "pbMRQ": 1539,
    "psTTM": 1539,
    "pcfNcfTTM": 1539
  },
  "future_effective_date_violations": 0,
  "rows_with_quarterly": 1539,
  "sample_rows": 1539,
  "quarterly_raw_rows": 37,
  "quarterly_used_pubDate_rows": 37,
  "quarterly_fallback_rows": 0,
  "elapsed_seconds": 17.819,
  "symbol": "600096",
  "baostock_code": "sh.600096",
  "valuation_rows": 2026,
  "fund_flow_rows": 120,
  "feature_columns": 125,
  "merged_columns": 194,
  "outputs": {
    "daily_valuation": "/root/stock_realtime_v021_full/saved_data/600096_pipeline_out/02_fundamental/baostock_daily_valuation.csv",
    "quarterly_fundamentals": "/root/stock_realtime_v021_full/saved_data/600096_pipeline_out/02_fundamental/baostock_quarterly_fundamentals_pit.csv",
    "fundamental_features": "/root/stock_realtime_v021_full/saved_data/600096_pipeline_out/02_fundamental/fundamental_features.csv",
    "merged_samples": "/root/stock_realtime_v021_full/saved_data/600096_pipeline_out/02_fundamental/training_samples_with_fundamentals.csv"
  }
}

[2026-05-15T08:59:53] RUN sector
  /usr/bin/python3 feature_building/build_sector_features.py --samples /root/stock_realtime_v021_full/saved_data/600096_pipeline_out/02_fundamental/training_samples_with_fundamentals.csv --out-dir /root/stock_realtime_v021_full/saved_data/600096_pipeline_out/03_sector --sector-symbol '农化制品' --start-date 2018-01-01 --end-date 2026-05-15

  0%|          | 0/9 [00:00<?, ?it/s]
 11%|█         | 1/9 [00:00<00:02,  3.92it/s]
 22%|██▏       | 2/9 [00:00<00:01,  4.03it/s]
 33%|███▎      | 3/9 [00:00<00:01,  3.73it/s]
 44%|████▍     | 4/9 [00:01<00:01,  4.02it/s]
 56%|█████▌    | 5/9 [00:01<00:01,  3.94it/s]
 67%|██████▋   | 6/9 [00:01<00:00,  4.25it/s]
 78%|███████▊  | 7/9 [00:01<00:00,  4.01it/s]
 89%|████████▉ | 8/9 [00:01<00:00,  4.26it/s]
100%|██████████| 9/9 [00:02<00:00,  4.23it/s]
                                             
{
  "sector_symbol": "农化制品",
  "sector_rows": 2026,
  "sector_date_min": "2018-01-02",
  "sector_date_max": "2026-05-14",
  "sample_rows": 1539,
  "merged_rows": 1539,
  "sector_feature_cols": 23,
  "top_missing": {
    "sector_ret60": 0.03898635477582846,
    "sector_ma60_gap": 0.01949317738791423,
    "stock_vs_sector_ret20": 0.01299545159194282,
    "sector_ret20": 0.01299545159194282,
    "sector_vol20": 0.007147498375568551,
    "sector_ma20_gap": 0.00649772579597141,
    "sector_range_z20": 0.00649772579597141,
    "sector_volume_shock20": 0.00649772579597141,
    "sector_amount_z20": 0.00649772579597141,
    "sector_volume_z20": 0.00649772579597141,
    "sector_amount_shock20": 0.00649772579597141,
    "sector_ret5": 0.003248862897985705,
    "stock_vs_sector_ret5": 0.003248862897985705,
    "sector_vs_bench_ret5": 0.003248862897985705,
    "stock_vs_sector_ret1": 0.000649772579597141,
    "sector_ret1": 0.000649772579597141,
    "sector_amount": 0.0,
    "sector_volume": 0.0,
    "sector_close": 0.0,
    "sector_low": 0.0
  },
  "outputs": {
    "sector_index": "/root/stock_realtime_v021_full/saved_data/600096_pipeline_out/03_sector/sector_index_ths.csv",
    "sector_features": "/root/stock_realtime_v021_full/saved_data/600096_pipeline_out/03_sector/sector_features.csv",
    "merged_samples": "/root/stock_realtime_v021_full/saved_data/600096_pipeline_out/03_sector/training_samples_with_sector.csv"
  }
}
[INFO] final samples for search: /root/stock_realtime_v021_full/saved_data/600096_pipeline_out/03_sector/training_samples_with_sector.csv
=== nextday pipeline end: 2026-05-15T08:59:57 status=ok ===
=== nextday pipeline start: 2026-05-16T12:20:12 ===
symbol=600096.SH, out_root=/root/stock_realtime_v021_full/saved_data/600096_pipeline_out

[2026-05-16T12:20:12] RUN update_data
  /usr/bin/python3 bootstrap/ashare_xgb_dual_opportunity_regression_baostock_full_v19_compressed_trading_axis.py --mode update_data --symbol 600096 --benchmark_symbol 000300 --daily_start 2018-01-01 --daily_end 2026-05-16 --intraday_start '2018-01-01 09:30:00' --intraday_end '2026-05-16 15:00:00' --output_dir /root/stock_realtime_v021_full/saved_data/600096_pipeline_out/00_base --cache_mode incremental --feature_cache_mode incremental --adjust qfq
/root/stock_realtime_v021_full/bootstrap/ashare_fetch_and_train_xgb_sell_signal_baostock_state_cache_helper_fix2.py:246: FutureWarning: The behavior of DataFrame concatenation with empty or all-NA entries is deprecated. In a future version, this will no longer exclude empty or all-NA columns when determining the result dtypes. To retain the old behavior, exclude the relevant entries before the concat operation.
  merged = _normalize_daily_df(pd.concat([df_old, df_new], axis=0, ignore_index=True))
/root/stock_realtime_v021_full/bootstrap/ashare_fetch_and_train_xgb_sell_signal_baostock_state_cache_helper_fix2.py:254: FutureWarning: The behavior of DataFrame concatenation with empty or all-NA entries is deprecated. In a future version, this will no longer exclude empty or all-NA columns when determining the result dtypes. To retain the old behavior, exclude the relevant entries before the concat operation.
  merged = _normalize_bench_df(pd.concat([df_old, df_new], axis=0, ignore_index=True))
login success!
logout success!
login success!
logout success!
login success!
logout success!
login success!
logout success!
login success!
logout success!
login success!
logout success!
{
  "mode": "update_data",
  "symbol": "600096",
  "data_source": "baostock",
  "daily_rows": 2027,
  "intraday_rows": 73920,
  "daily_min": "2018-01-02 00:00:00",
  "daily_max": "2026-05-15 00:00:00",
  "intraday_min": "2020-01-02 09:35:00",
  "intraday_max": "2026-05-15 15:00:00",
  "base_paths": {
    "daily_csv": "/root/stock_realtime_v021_full/saved_data/600096_pipeline_out/00_base/600096_daily.csv",
    "intraday_csv": "/root/stock_realtime_v021_full/saved_data/600096_pipeline_out/00_base/600096_5m.csv",
    "benchmark_csv": "/root/stock_realtime_v021_full/saved_data/600096_pipeline_out/00_base/000300_benchmark_daily.csv",
    "raw_daily_cache_csv": "/root/stock_realtime_v021_full/saved_data/600096_pipeline_out/00_base/raw_cache/600096_daily_raw.csv",
    "raw_intraday_cache_csv": "/root/stock_realtime_v021_full/saved_data/600096_pipeline_out/00_base/raw_cache/600096_5m_raw.csv",
    "raw_benchmark_cache_csv": "/root/stock_realtime_v021_full/saved_data/600096_pipeline_out/00_base/raw_cache/000300_benchmark_daily_raw.csv",
    "daily_features_csv": "/root/stock_realtime_v021_full/saved_data/600096_pipeline_out/00_base/daily_features.csv",
    "intraday_features_csv": "/root/stock_realtime_v021_full/saved_data/600096_pipeline_out/00_base/intraday_features.csv",
    "daily_features_cache_csv": "/root/stock_realtime_v021_full/saved_data/600096_pipeline_out/00_base/feature_cache/daily_features_cache.csv",
    "intraday_features_cache_csv": "/root/stock_realtime_v021_full/saved_data/600096_pipeline_out/00_base/feature_cache/intraday_features_cache.csv",
    "feature_state_json": "/root/stock_realtime_v021_full/saved_data/600096_pipeline_out/00_base/feature_cache/feature_state.json"
  },
  "fetch_logs": {
    "symbol": "600096",
    "benchmark_symbol": "000300",
    "daily_start": "2018-01-01",
    "daily_end": "2026-05-16",
    "intraday_start": "2018-01-01 09:30:00",
    "intraday_end": "2026-05-16 15:00:00",
    "perf_start": "2018-01-01",
    "data_source": "baostock",
    "cache_mode": "incremental",
    "force_refresh": false,
    "raw_cache_dir": "/root/stock_realtime_v021_full/saved_data/600096_pipeline_out/00_base/raw_cache",
    "feature_cache_dir": "/root/stock_realtime_v021_full/saved_data/600096_pipeline_out/00_base/feature_cache",
    "feature_cache_mode": "incremental",
    "daily": {
      "cache_path": "/root/stock_realtime_v021_full/saved_data/600096_pipeline_out/00_base/raw_cache/600096_daily_raw.csv",
      "requested_start": "2018-01-01",
      "requested_end": "2026-05-16",
      "mode": "incremental",
      "cache_before": {
        "rows": 2026,
        "min": "2018-01-02 00:00:00",
        "max": "2026-05-14 00:00:00"
      },
      "fetch_segments": [
        {
          "provider": "baostock",
          "code": "sh.600096",
          "adjustflag": "2",
          "rows": 0
        },
        {
          "provider": "baostock",
          "code": "sh.600096",
          "adjustflag": "2",
          "rows": 1,
          "start": "2026-05-15",
          "end": "2026-05-16"
        }
      ],
      "cache_after": {
        "rows": 2027,
        "min": "2018-01-02 00:00:00",
        "max": "2026-05-15 00:00:00"
      }
    },
    "intraday_5m": {
      "cache_path": "/root/stock_realtime_v021_full/saved_data/600096_pipeline_out/00_base/raw_cache/600096_5m_raw.csv",
      "requested_start": "2018-01-01 09:30:00",
      "requested_end": "2026-05-16 15:00:00",
      "mode": "incremental",
      "cache_before": {
        "rows": 73872,
        "min": "2020-01-02 09:35:00",
        "max": "2026-05-14 15:00:00"
      },
      "fetch_segments": [
        {
          "provider": "baostock",
          "code": "sh.600096",
          "adjustflag": "2",
          "requested_start": "2018-01-01 09:30:00",
          "effective_start": "2018-01-01 09:30:00",
          "requested_end": "2020-01-02 09:30:00",
          "rows": 0
        },
        {
          "provider": "baostock",
          "code": "sh.600096",
          "adjustflag": "2",
          "requested_start": "2026-05-14 15:05:00",
          "effective_start": "2026-05-14 15:05:00",
          "requested_end": "2026-05-16 15:00:00",
          "rows": 48
        }
      ],
      "cache_after": {
        "rows": 73920,
        "min": "2020-01-02 09:35:00",
        "max": "2026-05-15 15:00:00"
      }
    },
    "benchmark_daily": {
      "cache_path": "/root/stock_realtime_v021_full/saved_data/600096_pipeline_out/00_base/raw_cache/000300_benchmark_daily_raw.csv",
      "requested_start": "2018-01-01",
      "requested_end": "2026-05-16",
      "mode": "incremental",
      "cache_before": {
        "rows": 2026,
        "min": "2018-01-02 00:00:00",
        "max": "2026-05-14 00:00:00"
      },
      "fetch_segments": [
        {
          "provider": "baostock",
          "code": "sh.000300",
          "rows": 0,
          "start": "2018-01-01",
          "end": "2018-01-01"
        },
        {
          "provider": "baostock",
          "code": "sh.000300",
          "rows": 1,
          "start": "2026-05-15",
          "end": "2026-05-16"
        }
      ],
      "cache_after": {
        "rows": 2027,
        "min": "2018-01-02 00:00:00",
        "max": "2026-05-15 00:00:00"
      }
    },
    "feature_build": {
      "mode": "stateful_incremental_append",
      "daily_context_days": 260,
      "intraday_context_days": 40,
      "daily_append": {
        "needed": true,
        "first_new_date": "2026-05-15 00:00:00",
        "context_start": "2025-04-16 00:00:00",
        "context_raw_rows": 261,
        "appended_rows": 1,
        "cache_before": {
          "rows": 2026,
          "min": "2018-01-02 00:00:00",
          "max": "2026-05-14 00:00:00"
        },
        "cache_after": {
          "rows": 2027,
          "min": "2018-01-02 00:00:00",
          "max": "2026-05-15 00:00:00"
        }
      },
      "intraday_append": {
        "needed": true,
        "first_new_datetime": "2026-05-15 09:35:00",
        "context_start_date": "2026-03-16 00:00:00",
        "context_raw_rows": 1968,
        "appended_rows": 48,
        "cache_before": {
          "rows": 73872,
          "min": "2020-01-02 09:35:00",
          "max": "2026-05-14 15:00:00"
        },
        "cache_after": {
          "rows": 73920,
          "min": "2020-01-02 09:35:00",
          "max": "2026-05-15 15:00:00"
        }
      }
    },
    "feature_state": {
      "daily_feature_max": "2026-05-15 00:00:00",
      "intraday_feature_max": "2026-05-15 15:00:00",
      "daily_context_days": 260,
      "intraday_context_days": 40,
      "feature_build_mode": "stateful_incremental_append"
    }
  }
}

[2026-05-16T12:20:29] RUN samples
  /usr/bin/python3 feature_building/build_nextday_samples_from_baostock.py --daily-features /root/stock_realtime_v021_full/saved_data/600096_pipeline_out/00_base/daily_features.csv --intraday-bars /root/stock_realtime_v021_full/saved_data/600096_pipeline_out/00_base/600096_5m.csv --out-dir /root/stock_realtime_v021_full/saved_data/600096_pipeline_out/01_samples --min-bars 40 --keep-unlabeled-tail
{
  "rows": 1540,
  "date_min": "2020-01-02",
  "date_max": "2026-05-15",
  "out": "/root/stock_realtime_v021_full/saved_data/600096_pipeline_out/01_samples/training_samples.csv"
}

[2026-05-16T12:20:30] RUN fundamental
  /usr/bin/python3 feature_building/build_fundamental_features.py --symbol 600096.SH --daily-samples /root/stock_realtime_v021_full/saved_data/600096_pipeline_out/01_samples/training_samples.csv --out-dir /root/stock_realtime_v021_full/saved_data/600096_pipeline_out/02_fundamental --start-date 2018-01-01 --end-date 2026-05-16 --fallback-lag-days 120
login success!
logout success!
{
  "rows": 1540,
  "date_min": "2020-01-02",
  "date_max": "2026-05-15",
  "source_errors": [],
  "top_missing_rates": {
    "ak_fund_小单净流入-净额_sum10": 0.9246753246753247,
    "ak_fund_主力净流入-净额_sum10": 0.9246753246753247,
    "ak_fund_主力净流入-净占比_sum10": 0.9246753246753247,
    "ak_fund_涨跌幅_sum10": 0.9246753246753247,
    "ak_fund_收盘价_sum10": 0.9246753246753247,
    "ak_fund_中单净流入-净额_sum10": 0.9246753246753247,
    "ak_fund_中单净流入-净占比_sum10": 0.9246753246753247,
    "ak_fund_小单净流入-净占比_sum10": 0.9246753246753247,
    "ak_fund_超大单净流入-净额_sum10": 0.9246753246753247,
    "ak_fund_大单净流入-净额_sum10": 0.9246753246753247,
    "ak_fund_大单净流入-净占比_sum10": 0.9246753246753247,
    "ak_fund_超大单净流入-净占比_sum10": 0.9246753246753247,
    "ak_fund_涨跌幅_sum5": 0.9233766233766234,
    "ak_fund_主力净流入-净占比_sum5": 0.9233766233766234,
    "ak_fund_主力净流入-净额_sum5": 0.9233766233766234,
    "ak_fund_收盘价_sum5": 0.9233766233766234,
    "ak_fund_超大单净流入-净占比_sum5": 0.9233766233766234,
    "ak_fund_中单净流入-净占比_sum5": 0.9233766233766234,
    "ak_fund_中单净流入-净额_sum5": 0.9233766233766234,
    "ak_fund_小单净流入-净额_sum5": 0.9233766233766234,
    "ak_fund_小单净流入-净占比_sum5": 0.9233766233766234,
    "ak_fund_大单净流入-净占比_sum5": 0.9233766233766234,
    "ak_fund_大单净流入-净额_sum5": 0.9233766233766234,
    "ak_fund_超大单净流入-净额_sum5": 0.9233766233766234,
    "ak_fund_大单净流入-净额": 0.922077922077922,
    "ak_fund_超大单净流入-净占比": 0.922077922077922,
    "ak_fund_超大单净流入-净额": 0.922077922077922,
    "ak_fund_收盘价": 0.922077922077922,
    "ak_fund_涨跌幅": 0.922077922077922,
    "ak_fund_中单净流入-净额": 0.922077922077922
  },
  "valuation_non_null": {
    "peTTM": 1540,
    "pbMRQ": 1540,
    "psTTM": 1540,
    "pcfNcfTTM": 1540
  },
  "future_effective_date_violations": 0,
  "rows_with_quarterly": 1540,
  "sample_rows": 1540,
  "quarterly_raw_rows": 37,
  "quarterly_used_pubDate_rows": 37,
  "quarterly_fallback_rows": 0,
  "elapsed_seconds": 24.48,
  "symbol": "600096",
  "baostock_code": "sh.600096",
  "valuation_rows": 2027,
  "fund_flow_rows": 120,
  "feature_columns": 125,
  "merged_columns": 194,
  "outputs": {
    "daily_valuation": "/root/stock_realtime_v021_full/saved_data/600096_pipeline_out/02_fundamental/baostock_daily_valuation.csv",
    "quarterly_fundamentals": "/root/stock_realtime_v021_full/saved_data/600096_pipeline_out/02_fundamental/baostock_quarterly_fundamentals_pit.csv",
    "fundamental_features": "/root/stock_realtime_v021_full/saved_data/600096_pipeline_out/02_fundamental/fundamental_features.csv",
    "merged_samples": "/root/stock_realtime_v021_full/saved_data/600096_pipeline_out/02_fundamental/training_samples_with_fundamentals.csv"
  }
}

[2026-05-16T12:20:55] RUN sector
  /usr/bin/python3 feature_building/build_sector_features.py --samples /root/stock_realtime_v021_full/saved_data/600096_pipeline_out/02_fundamental/training_samples_with_fundamentals.csv --out-dir /root/stock_realtime_v021_full/saved_data/600096_pipeline_out/03_sector --sector-symbol '农化制品' --start-date 2018-01-01 --end-date 2026-05-16

  0%|          | 0/9 [00:00<?, ?it/s]
 11%|█         | 1/9 [00:00<00:01,  4.46it/s]
 22%|██▏       | 2/9 [00:00<00:01,  4.69it/s]
 33%|███▎      | 3/9 [00:00<00:01,  4.12it/s]
 44%|████▍     | 4/9 [00:00<00:01,  4.30it/s]
 56%|█████▌    | 5/9 [00:01<00:00,  4.50it/s]
 67%|██████▋   | 6/9 [00:01<00:00,  4.46it/s]
 78%|███████▊  | 7/9 [00:01<00:00,  4.56it/s]
 89%|████████▉ | 8/9 [00:01<00:00,  4.53it/s]
100%|██████████| 9/9 [00:01<00:00,  4.70it/s]
                                             
{
  "sector_symbol": "农化制品",
  "sector_rows": 2027,
  "sector_date_min": "2018-01-02",
  "sector_date_max": "2026-05-15",
  "sample_rows": 1540,
  "merged_rows": 1540,
  "sector_feature_cols": 23,
  "top_missing": {
    "sector_ret60": 0.03896103896103896,
    "sector_ma60_gap": 0.01948051948051948,
    "stock_vs_sector_ret20": 0.012987012987012988,
    "sector_ret20": 0.012987012987012988,
    "sector_vol20": 0.007142857142857143,
    "sector_ma20_gap": 0.006493506493506494,
    "sector_range_z20": 0.006493506493506494,
    "sector_volume_shock20": 0.006493506493506494,
    "sector_amount_z20": 0.006493506493506494,
    "sector_volume_z20": 0.006493506493506494,
    "sector_amount_shock20": 0.006493506493506494,
    "sector_ret5": 0.003246753246753247,
    "stock_vs_sector_ret5": 0.003246753246753247,
    "sector_vs_bench_ret5": 0.003246753246753247,
    "stock_vs_sector_ret1": 0.0006493506493506494,
    "sector_ret1": 0.0006493506493506494,
    "sector_amount": 0.0,
    "sector_volume": 0.0,
    "sector_close": 0.0,
    "sector_low": 0.0
  },
  "outputs": {
    "sector_index": "/root/stock_realtime_v021_full/saved_data/600096_pipeline_out/03_sector/sector_index_ths.csv",
    "sector_features": "/root/stock_realtime_v021_full/saved_data/600096_pipeline_out/03_sector/sector_features.csv",
    "merged_samples": "/root/stock_realtime_v021_full/saved_data/600096_pipeline_out/03_sector/training_samples_with_sector.csv"
  }
}
[INFO] final samples for search: /root/stock_realtime_v021_full/saved_data/600096_pipeline_out/03_sector/training_samples_with_sector.csv
=== nextday pipeline end: 2026-05-16T12:20:59 status=ok ===
=== nextday pipeline start: 2026-05-17T21:46:25 ===
symbol=600096.SH, out_root=D:\VSCodeWorkspace\stock_realtime_v021_full\saved_data\600096_pipeline_out

[2026-05-17T21:46:25] RUN update_data
  'D:\VSCodeWorkspace\stockAnalysis\.venv\Scripts\python.exe' bootstrap/ashare_xgb_dual_opportunity_regression_baostock_full_v19_compressed_trading_axis.py --mode update_data --symbol 600096 --benchmark_symbol 000300 --daily_start 2018-01-01 --daily_end 2026-05-17 --intraday_start '2018-01-01 09:30:00' --intraday_end '2026-05-17 15:00:00' --output_dir 'D:\VSCodeWorkspace\stock_realtime_v021_full\saved_data\600096_pipeline_out\00_base' --cache_mode incremental --feature_cache_mode incremental --adjust qfq
=== nextday pipeline start: 2026-05-17T21:49:21 ===
symbol=600096.SH, out_root=D:\VSCodeWorkspace\stock_realtime_v021_full\saved_data\600096_pipeline_out

[2026-05-17T21:49:21] RUN update_data
  'D:\VSCodeWorkspace\stockAnalysis\.venv\Scripts\python.exe' bootstrap/ashare_xgb_dual_opportunity_regression_baostock_full_v19_compressed_trading_axis.py --mode update_data --symbol 600096 --benchmark_symbol 000300 --daily_start 2018-01-01 --daily_end 2026-05-17 --intraday_start '2018-01-01 09:30:00' --intraday_end '2026-05-17 15:00:00' --output_dir 'D:\VSCodeWorkspace\stock_realtime_v021_full\saved_data\600096_pipeline_out\00_base' --cache_mode incremental --feature_cache_mode incremental --adjust qfq
login success!
logout success!
login success!
logout success!
login success!
logout success!
{
  "mode": "update_data",
  "symbol": "600096",
  "data_source": "baostock",
  "daily_rows": 2027,
  "intraday_rows": 73920,
  "daily_min": "2018-01-02 00:00:00",
  "daily_max": "2026-05-15 00:00:00",
  "intraday_min": "2020-01-02 09:35:00",
  "intraday_max": "2026-05-15 15:00:00",
  "base_paths": {
    "daily_csv": "D:\\VSCodeWorkspace\\stock_realtime_v021_full\\saved_data\\600096_pipeline_out\\00_base\\600096_daily.csv",
    "intraday_csv": "D:\\VSCodeWorkspace\\stock_realtime_v021_full\\saved_data\\600096_pipeline_out\\00_base\\600096_5m.csv",
    "benchmark_csv": "D:\\VSCodeWorkspace\\stock_realtime_v021_full\\saved_data\\600096_pipeline_out\\00_base\\000300_benchmark_daily.csv",
    "raw_daily_cache_csv": "D:\\VSCodeWorkspace\\stock_realtime_v021_full\\saved_data\\600096_pipeline_out\\00_base\\raw_cache\\600096_daily_raw.csv",
    "raw_intraday_cache_csv": "D:\\VSCodeWorkspace\\stock_realtime_v021_full\\saved_data\\600096_pipeline_out\\00_base\\raw_cache\\600096_5m_raw.csv",
    "raw_benchmark_cache_csv": "D:\\VSCodeWorkspace\\stock_realtime_v021_full\\saved_data\\600096_pipeline_out\\00_base\\raw_cache\\000300_benchmark_daily_raw.csv",
    "daily_features_csv": "D:\\VSCodeWorkspace\\stock_realtime_v021_full\\saved_data\\600096_pipeline_out\\00_base\\daily_features.csv",
    "intraday_features_csv": "D:\\VSCodeWorkspace\\stock_realtime_v021_full\\saved_data\\600096_pipeline_out\\00_base\\intraday_features.csv",
    "daily_features_cache_csv": "D:\\VSCodeWorkspace\\stock_realtime_v021_full\\saved_data\\600096_pipeline_out\\00_base\\feature_cache\\daily_features_cache.csv",
    "intraday_features_cache_csv": "D:\\VSCodeWorkspace\\stock_realtime_v021_full\\saved_data\\600096_pipeline_out\\00_base\\feature_cache\\intraday_features_cache.csv",
    "feature_state_json": "D:\\VSCodeWorkspace\\stock_realtime_v021_full\\saved_data\\600096_pipeline_out\\00_base\\feature_cache\\feature_state.json"
  },
  "fetch_logs": {
    "symbol": "600096",
    "benchmark_symbol": "000300",
    "daily_start": "2018-01-01",
    "daily_end": "2026-05-17",
    "intraday_start": "2018-01-01 09:30:00",
    "intraday_end": "2026-05-17 15:00:00",
    "perf_start": "2018-01-01",
    "data_source": "baostock",
    "cache_mode": "incremental",
    "force_refresh": false,
    "raw_cache_dir": "D:\\VSCodeWorkspace\\stock_realtime_v021_full\\saved_data\\600096_pipeline_out\\00_base\\raw_cache",
    "feature_cache_dir": "D:\\VSCodeWorkspace\\stock_realtime_v021_full\\saved_data\\600096_pipeline_out\\00_base\\feature_cache",
    "feature_cache_mode": "incremental",
    "daily": {
      "cache_path": "D:\\VSCodeWorkspace\\stock_realtime_v021_full\\saved_data\\600096_pipeline_out\\00_base\\raw_cache\\600096_daily_raw.csv",
      "requested_start": "2018-01-01",
      "requested_end": "2026-05-17",
      "mode": "initial_fetch",
      "fetch_segments": [
        {
          "provider": "baostock",
          "code": "sh.600096",
          "adjustflag": "2",
          "rows": 2027,
          "start": "2018-01-01",
          "end": "2026-05-17"
        }
      ],
      "cache_after": {
        "rows": 2027,
        "min": "2018-01-02 00:00:00",
        "max": "2026-05-15 00:00:00"
      }
    },
    "intraday_5m": {
      "cache_path": "D:\\VSCodeWorkspace\\stock_realtime_v021_full\\saved_data\\600096_pipeline_out\\00_base\\raw_cache\\600096_5m_raw.csv",
      "requested_start": "2018-01-01 09:30:00",
      "requested_end": "2026-05-17 15:00:00",
      "mode": "initial_fetch",
      "fetch_segments": [
        {
          "provider": "baostock",
          "code": "sh.600096",
          "adjustflag": "2",
          "requested_start": "2018-01-01 09:30:00",
          "effective_start": "2018-01-01 09:30:00",
          "requested_end": "2026-05-17 15:00:00",
          "rows": 73920
        }
      ],
      "cache_after": {
        "rows": 73920,
        "min": "2020-01-02 09:35:00",
        "max": "2026-05-15 15:00:00"
      }
    },
    "benchmark_daily": {
      "cache_path": "D:\\VSCodeWorkspace\\stock_realtime_v021_full\\saved_data\\600096_pipeline_out\\00_base\\raw_cache\\000300_benchmark_daily_raw.csv",
      "requested_start": "2018-01-01",
      "requested_end": "2026-05-17",
      "mode": "initial_fetch",
      "fetch_segments": [
        {
          "provider": "baostock",
          "code": "sh.000300",
          "rows": 2027,
          "start": "2018-01-01",
          "end": "2026-05-17"
        }
      ],
      "cache_after": {
        "rows": 2027,
        "min": "2018-01-02 00:00:00",
        "max": "2026-05-15 00:00:00"
      }
    },
    "feature_build": {
      "mode": "full_rebuild",
      "reason": "feature_cache_missing",
      "daily_cache_after": {
        "rows": 2027,
        "min": "2018-01-02 00:00:00",
        "max": "2026-05-15 00:00:00"
      },
      "intraday_cache_after": {
        "rows": 73920,
        "min": "2020-01-02 09:35:00",
        "max": "2026-05-15 15:00:00"
      },
      "daily_context_days": 260,
      "intraday_context_days": 40,
      "daily_appended_rows": 2027,
      "intraday_appended_rows": 73920
    },
    "feature_state": {
      "daily_feature_max": "2026-05-15 00:00:00",
      "intraday_feature_max": "2026-05-15 15:00:00",
      "daily_context_days": 260,
      "intraday_context_days": 40,
      "feature_build_mode": "full_rebuild"
    }
  }
}

[2026-05-17T21:49:47] RUN samples
  'D:\VSCodeWorkspace\stockAnalysis\.venv\Scripts\python.exe' feature_building/build_nextday_samples_from_baostock.py --daily-features 'D:\VSCodeWorkspace\stock_realtime_v021_full\saved_data\600096_pipeline_out\00_base\daily_features.csv' --intraday-bars 'D:\VSCodeWorkspace\stock_realtime_v021_full\saved_data\600096_pipeline_out\00_base\600096_5m.csv' --out-dir 'D:\VSCodeWorkspace\stock_realtime_v021_full\saved_data\600096_pipeline_out\01_samples' --min-bars 40 --keep-unlabeled-tail
{
  "rows": 1540,
  "date_min": "2020-01-02",
  "date_max": "2026-05-15",
  "out": "D:\\VSCodeWorkspace\\stock_realtime_v021_full\\saved_data\\600096_pipeline_out\\01_samples\\training_samples.csv"
}

[2026-05-17T21:49:47] RUN fundamental
  'D:\VSCodeWorkspace\stockAnalysis\.venv\Scripts\python.exe' feature_building/build_fundamental_features.py --symbol 600096.SH --daily-samples 'D:\VSCodeWorkspace\stock_realtime_v021_full\saved_data\600096_pipeline_out\01_samples\training_samples.csv' --out-dir 'D:\VSCodeWorkspace\stock_realtime_v021_full\saved_data\600096_pipeline_out\02_fundamental' --start-date 2018-01-01 --end-date 2026-05-17 --fallback-lag-days 120
login success!
logout success!
login success!
logout success!
login success!
logout success!
login success!
logout success!
login success!
logout success!
login success!
logout success!
{
  "mode": "update_data",
  "symbol": "600096",
  "data_source": "baostock",
  "daily_rows": 2027,
  "intraday_rows": 73920,
  "daily_min": "2018-01-02 00:00:00",
  "daily_max": "2026-05-15 00:00:00",
  "intraday_min": "2020-01-02 09:35:00",
  "intraday_max": "2026-05-15 15:00:00",
  "base_paths": {
    "daily_csv": "D:\\VSCodeWorkspace\\stock_realtime_v021_full\\saved_data\\600096_pipeline_out\\00_base\\600096_daily.csv",
    "intraday_csv": "D:\\VSCodeWorkspace\\stock_realtime_v021_full\\saved_data\\600096_pipeline_out\\00_base\\600096_5m.csv",
    "benchmark_csv": "D:\\VSCodeWorkspace\\stock_realtime_v021_full\\saved_data\\600096_pipeline_out\\00_base\\000300_benchmark_daily.csv",
    "raw_daily_cache_csv": "D:\\VSCodeWorkspace\\stock_realtime_v021_full\\saved_data\\600096_pipeline_out\\00_base\\raw_cache\\600096_daily_raw.csv",
    "raw_intraday_cache_csv": "D:\\VSCodeWorkspace\\stock_realtime_v021_full\\saved_data\\600096_pipeline_out\\00_base\\raw_cache\\600096_5m_raw.csv",
    "raw_benchmark_cache_csv": "D:\\VSCodeWorkspace\\stock_realtime_v021_full\\saved_data\\600096_pipeline_out\\00_base\\raw_cache\\000300_benchmark_daily_raw.csv",
    "daily_features_csv": "D:\\VSCodeWorkspace\\stock_realtime_v021_full\\saved_data\\600096_pipeline_out\\00_base\\daily_features.csv",
    "intraday_features_csv": "D:\\VSCodeWorkspace\\stock_realtime_v021_full\\saved_data\\600096_pipeline_out\\00_base\\intraday_features.csv",
    "daily_features_cache_csv": "D:\\VSCodeWorkspace\\stock_realtime_v021_full\\saved_data\\600096_pipeline_out\\00_base\\feature_cache\\daily_features_cache.csv",
    "intraday_features_cache_csv": "D:\\VSCodeWorkspace\\stock_realtime_v021_full\\saved_data\\600096_pipeline_out\\00_base\\feature_cache\\intraday_features_cache.csv",
    "feature_state_json": "D:\\VSCodeWorkspace\\stock_realtime_v021_full\\saved_data\\600096_pipeline_out\\00_base\\feature_cache\\feature_state.json"
  },
  "fetch_logs": {
    "symbol": "600096",
    "benchmark_symbol": "000300",
    "daily_start": "2018-01-01",
    "daily_end": "2026-05-17",
    "intraday_start": "2018-01-01 09:30:00",
    "intraday_end": "2026-05-17 15:00:00",
    "perf_start": "2018-01-01",
    "data_source": "baostock",
    "cache_mode": "incremental",
    "force_refresh": false,
    "raw_cache_dir": "D:\\VSCodeWorkspace\\stock_realtime_v021_full\\saved_data\\600096_pipeline_out\\00_base\\raw_cache",
    "feature_cache_dir": "D:\\VSCodeWorkspace\\stock_realtime_v021_full\\saved_data\\600096_pipeline_out\\00_base\\feature_cache",
    "feature_cache_mode": "incremental",
    "daily": {
      "cache_path": "D:\\VSCodeWorkspace\\stock_realtime_v021_full\\saved_data\\600096_pipeline_out\\00_base\\raw_cache\\600096_daily_raw.csv",
      "requested_start": "2018-01-01",
      "requested_end": "2026-05-17",
      "mode": "incremental",
      "cache_before": {
        "rows": 2027,
        "min": "2018-01-02 00:00:00",
        "max": "2026-05-15 00:00:00"
      },
      "fetch_segments": [
        {
          "provider": "baostock",
          "code": "sh.600096",
          "adjustflag": "2",
          "rows": 0
        },
        {
          "provider": "baostock",
          "code": "sh.600096",
          "adjustflag": "2",
          "rows": 0
        }
      ],
      "cache_after": {
        "rows": 2027,
        "min": "2018-01-02 00:00:00",
        "max": "2026-05-15 00:00:00"
      }
    },
    "intraday_5m": {
      "cache_path": "D:\\VSCodeWorkspace\\stock_realtime_v021_full\\saved_data\\600096_pipeline_out\\00_base\\raw_cache\\600096_5m_raw.csv",
      "requested_start": "2018-01-01 09:30:00",
      "requested_end": "2026-05-17 15:00:00",
      "mode": "incremental",
      "cache_before": {
        "rows": 73920,
        "min": "2020-01-02 09:35:00",
        "max": "2026-05-15 15:00:00"
      },
      "fetch_segments": [
        {
          "provider": "baostock",
          "code": "sh.600096",
          "adjustflag": "2",
          "requested_start": "2018-01-01 09:30:00",
          "effective_start": "2018-01-01 09:30:00",
          "requested_end": "2020-01-02 09:30:00",
          "rows": 0
        },
        {
          "provider": "baostock",
          "code": "sh.600096",
          "adjustflag": "2",
          "requested_start": "2026-05-15 15:05:00",
          "effective_start": "2026-05-15 15:05:00",
          "requested_end": "2026-05-17 15:00:00",
          "rows": 0
        }
      ],
      "cache_after": {
        "rows": 73920,
        "min": "2020-01-02 09:35:00",
        "max": "2026-05-15 15:00:00"
      }
    },
    "benchmark_daily": {
      "cache_path": "D:\\VSCodeWorkspace\\stock_realtime_v021_full\\saved_data\\600096_pipeline_out\\00_base\\raw_cache\\000300_benchmark_daily_raw.csv",
      "requested_start": "2018-01-01",
      "requested_end": "2026-05-17",
      "mode": "incremental",
      "cache_before": {
        "rows": 2027,
        "min": "2018-01-02 00:00:00",
        "max": "2026-05-15 00:00:00"
      },
      "fetch_segments": [
        {
          "provider": "baostock",
          "code": "sh.000300",
          "rows": 0,
          "start": "2018-01-01",
          "end": "2018-01-01"
        },
        {
          "provider": "baostock",
          "code": "sh.000300",
          "rows": 0,
          "start": "2026-05-16",
          "end": "2026-05-17"
        }
      ],
      "cache_after": {
        "rows": 2027,
        "min": "2018-01-02 00:00:00",
        "max": "2026-05-15 00:00:00"
      }
    },
    "feature_build": {
      "mode": "full_rebuild",
      "reason": "feature_cache_missing",
      "daily_cache_after": {
        "rows": 2027,
        "min": "2018-01-02 00:00:00",
        "max": "2026-05-15 00:00:00"
      },
      "intraday_cache_after": {
        "rows": 73920,
        "min": "2020-01-02 09:35:00",
        "max": "2026-05-15 15:00:00"
      },
      "daily_context_days": 260,
      "intraday_context_days": 40,
      "daily_appended_rows": 2027,
      "intraday_appended_rows": 73920
    },
    "feature_state": {
      "daily_feature_max": "2026-05-15 00:00:00",
      "intraday_feature_max": "2026-05-15 15:00:00",
      "daily_context_days": 260,
      "intraday_context_days": 40,
      "feature_build_mode": "full_rebuild"
    }
  }
}

[2026-05-17T21:50:12] RUN samples
  'D:\VSCodeWorkspace\stockAnalysis\.venv\Scripts\python.exe' feature_building/build_nextday_samples_from_baostock.py --daily-features 'D:\VSCodeWorkspace\stock_realtime_v021_full\saved_data\600096_pipeline_out\00_base\daily_features.csv' --intraday-bars 'D:\VSCodeWorkspace\stock_realtime_v021_full\saved_data\600096_pipeline_out\00_base\600096_5m.csv' --out-dir 'D:\VSCodeWorkspace\stock_realtime_v021_full\saved_data\600096_pipeline_out\01_samples' --min-bars 40 --keep-unlabeled-tail
{
  "rows": 1540,
  "date_min": "2020-01-02",
  "date_max": "2026-05-15",
  "out": "D:\\VSCodeWorkspace\\stock_realtime_v021_full\\saved_data\\600096_pipeline_out\\01_samples\\training_samples.csv"
}

[2026-05-17T21:50:13] RUN fundamental
  'D:\VSCodeWorkspace\stockAnalysis\.venv\Scripts\python.exe' feature_building/build_fundamental_features.py --symbol 600096.SH --daily-samples 'D:\VSCodeWorkspace\stock_realtime_v021_full\saved_data\600096_pipeline_out\01_samples\training_samples.csv' --out-dir 'D:\VSCodeWorkspace\stock_realtime_v021_full\saved_data\600096_pipeline_out\02_fundamental' --start-date 2018-01-01 --end-date 2026-05-17 --fallback-lag-days 120
login success!
logout success!
{
  "rows": 1540,
  "date_min": "2020-01-02",
  "date_max": "2026-05-15",
  "source_errors": [],
  "top_missing_rates": {
    "ak_fund_小单净流入-净额_sum10": 0.9246753246753247,
    "ak_fund_主力净流入-净额_sum10": 0.9246753246753247,
    "ak_fund_主力净流入-净占比_sum10": 0.9246753246753247,
    "ak_fund_涨跌幅_sum10": 0.9246753246753247,
    "ak_fund_收盘价_sum10": 0.9246753246753247,
    "ak_fund_中单净流入-净额_sum10": 0.9246753246753247,
    "ak_fund_中单净流入-净占比_sum10": 0.9246753246753247,
    "ak_fund_小单净流入-净占比_sum10": 0.9246753246753247,
    "ak_fund_超大单净流入-净额_sum10": 0.9246753246753247,
    "ak_fund_大单净流入-净额_sum10": 0.9246753246753247,
    "ak_fund_大单净流入-净占比_sum10": 0.9246753246753247,
    "ak_fund_超大单净流入-净占比_sum10": 0.9246753246753247,
    "ak_fund_涨跌幅_sum5": 0.9233766233766234,
    "ak_fund_主力净流入-净占比_sum5": 0.9233766233766234,
    "ak_fund_主力净流入-净额_sum5": 0.9233766233766234,
    "ak_fund_收盘价_sum5": 0.9233766233766234,
    "ak_fund_超大单净流入-净占比_sum5": 0.9233766233766234,
    "ak_fund_中单净流入-净占比_sum5": 0.9233766233766234,
    "ak_fund_中单净流入-净额_sum5": 0.9233766233766234,
    "ak_fund_小单净流入-净额_sum5": 0.9233766233766234,
    "ak_fund_小单净流入-净占比_sum5": 0.9233766233766234,
    "ak_fund_大单净流入-净占比_sum5": 0.9233766233766234,
    "ak_fund_大单净流入-净额_sum5": 0.9233766233766234,
    "ak_fund_超大单净流入-净额_sum5": 0.9233766233766234,
    "ak_fund_大单净流入-净额": 0.922077922077922,
    "ak_fund_超大单净流入-净占比": 0.922077922077922,
    "ak_fund_超大单净流入-净额": 0.922077922077922,
    "ak_fund_收盘价": 0.922077922077922,
    "ak_fund_涨跌幅": 0.922077922077922,
    "ak_fund_中单净流入-净额": 0.922077922077922
  },
  "valuation_non_null": {
    "peTTM": 1540,
    "pbMRQ": 1540,
    "psTTM": 1540,
    "pcfNcfTTM": 1540
  },
  "future_effective_date_violations": 0,
  "rows_with_quarterly": 1540,
  "sample_rows": 1540,
  "quarterly_raw_rows": 37,
  "quarterly_used_pubDate_rows": 37,
  "quarterly_fallback_rows": 0,
  "elapsed_seconds": 54.586,
  "symbol": "600096",
  "baostock_code": "sh.600096",
  "valuation_rows": 2027,
  "fund_flow_rows": 120,
  "feature_columns": 125,
  "merged_columns": 194,
  "outputs": {
    "daily_valuation": "D:\\VSCodeWorkspace\\stock_realtime_v021_full\\saved_data\\600096_pipeline_out\\02_fundamental\\baostock_daily_valuation.csv",
    "quarterly_fundamentals": "D:\\VSCodeWorkspace\\stock_realtime_v021_full\\saved_data\\600096_pipeline_out\\02_fundamental\\baostock_quarterly_fundamentals_pit.csv",
    "fundamental_features": "D:\\VSCodeWorkspace\\stock_realtime_v021_full\\saved_data\\600096_pipeline_out\\02_fundamental\\fundamental_features.csv",
    "merged_samples": "D:\\VSCodeWorkspace\\stock_realtime_v021_full\\saved_data\\600096_pipeline_out\\02_fundamental\\training_samples_with_fundamentals.csv"
  }
}

[2026-05-17T21:50:42] RUN sector
  'D:\VSCodeWorkspace\stockAnalysis\.venv\Scripts\python.exe' feature_building/build_sector_features.py --samples 'D:\VSCodeWorkspace\stock_realtime_v021_full\saved_data\600096_pipeline_out\02_fundamental\training_samples_with_fundamentals.csv' --out-dir 'D:\VSCodeWorkspace\stock_realtime_v021_full\saved_data\600096_pipeline_out\03_sector' --sector-symbol '农化制品' --start-date 2018-01-01 --end-date 2026-05-17
login success!
logout failed!
{
  "rows": 1540,
  "date_min": "2020-01-02",
  "date_max": "2026-05-15",
  "source_errors": [],
  "top_missing_rates": {
    "solvency_quickRatio": 1.0,
    "solvency_currentRatio": 1.0,
    "solvency_cashRatio_chg4q": 1.0,
    "solvency_assetToEquity": 1.0,
    "solvency_liabilityToAsset": 1.0,
    "solvency_liabilityToAsset_chg4q": 1.0,
    "solvency_assetToEquity_chg4q": 1.0,
    "solvency_quickRatio_chg4q": 1.0,
    "solvency_currentRatio_chg4q": 1.0,
    "solvency_YOYLiability_chg4q": 1.0,
    "solvency_cashRatio": 1.0,
    "solvency_YOYLiability": 1.0,
    "ak_fund_收盘价_sum10": 0.9246753246753247,
    "ak_fund_涨跌幅_sum10": 0.9246753246753247,
    "ak_fund_小单净流入-净额_sum10": 0.9246753246753247,
    "ak_fund_主力净流入-净占比_sum10": 0.9246753246753247,
    "ak_fund_主力净流入-净额_sum10": 0.9246753246753247,
    "ak_fund_小单净流入-净占比_sum10": 0.9246753246753247,
    "ak_fund_中单净流入-净额_sum10": 0.9246753246753247,
    "ak_fund_大单净流入-净额_sum10": 0.9246753246753247,
    "ak_fund_大单净流入-净占比_sum10": 0.9246753246753247,
    "ak_fund_超大单净流入-净占比_sum10": 0.9246753246753247,
    "ak_fund_超大单净流入-净额_sum10": 0.9246753246753247,
    "ak_fund_中单净流入-净占比_sum10": 0.9246753246753247,
    "ak_fund_超大单净流入-净占比_sum5": 0.9233766233766234,
    "ak_fund_超大单净流入-净额_sum5": 0.9233766233766234,
    "ak_fund_大单净流入-净额_sum5": 0.9233766233766234,
    "ak_fund_收盘价_sum5": 0.9233766233766234,
    "ak_fund_涨跌幅_sum5": 0.9233766233766234,
    "ak_fund_主力净流入-净占比_sum5": 0.9233766233766234
  },
  "valuation_non_null": {
    "peTTM": 1540,
    "pbMRQ": 1540,
    "psTTM": 1540,
    "pcfNcfTTM": 1540
  },
  "future_effective_date_violations": 0,
  "rows_with_quarterly": 1540,
  "sample_rows": 1540,
  "quarterly_raw_rows": 37,
  "quarterly_used_pubDate_rows": 37,
  "quarterly_fallback_rows": 0,
  "elapsed_seconds": 55.949,
  "symbol": "600096",
  "baostock_code": "sh.600096",
  "valuation_rows": 2027,
  "fund_flow_rows": 120,
  "feature_columns": 95,
  "merged_columns": 164,
  "outputs": {
    "daily_valuation": "D:\\VSCodeWorkspace\\stock_realtime_v021_full\\saved_data\\600096_pipeline_out\\02_fundamental\\baostock_daily_valuation.csv",
    "quarterly_fundamentals": "D:\\VSCodeWorkspace\\stock_realtime_v021_full\\saved_data\\600096_pipeline_out\\02_fundamental\\baostock_quarterly_fundamentals_pit.csv",
    "fundamental_features": "D:\\VSCodeWorkspace\\stock_realtime_v021_full\\saved_data\\600096_pipeline_out\\02_fundamental\\fundamental_features.csv",
    "merged_samples": "D:\\VSCodeWorkspace\\stock_realtime_v021_full\\saved_data\\600096_pipeline_out\\02_fundamental\\training_samples_with_fundamentals.csv"
  }
}

[2026-05-17T21:51:09] RUN sector
  'D:\VSCodeWorkspace\stockAnalysis\.venv\Scripts\python.exe' feature_building/build_sector_features.py --samples 'D:\VSCodeWorkspace\stock_realtime_v021_full\saved_data\600096_pipeline_out\02_fundamental\training_samples_with_fundamentals.csv' --out-dir 'D:\VSCodeWorkspace\stock_realtime_v021_full\saved_data\600096_pipeline_out\03_sector' --sector-symbol '农化制品' --start-date 2018-01-01 --end-date 2026-05-17

  0%|          | 0/9 [00:00<?, ?it/s]
 11%|█         | 1/9 [00:03<00:30,  3.80s/it]
 22%|██▏       | 2/9 [00:09<00:34,  4.87s/it]
 33%|███▎      | 3/9 [00:13<00:27,  4.53s/it]
 44%|████▍     | 4/9 [00:17<00:20,  4.12s/it]
 56%|█████▌    | 5/9 [00:20<00:14,  3.72s/it]
 67%|██████▋   | 6/9 [00:23<00:10,  3.58s/it]
 78%|███████▊  | 7/9 [00:29<00:08,  4.31s/it]
 89%|████████▉ | 8/9 [00:31<00:03,  3.81s/it]
100%|██████████| 9/9 [00:35<00:00,  3.73s/it]
                                             
{
  "sector_symbol": "农化制品",
  "sector_rows": 2027,
  "sector_date_min": "2018-01-02",
  "sector_date_max": "2026-05-15",
  "sample_rows": 1540,
  "merged_rows": 1540,
  "sector_feature_cols": 23,
  "top_missing": {
    "sector_ret60": 0.03896103896103896,
    "sector_ma60_gap": 0.01948051948051948,
    "stock_vs_sector_ret20": 0.012987012987012988,
    "sector_ret20": 0.012987012987012988,
    "sector_vol20": 0.007142857142857143,
    "sector_ma20_gap": 0.006493506493506494,
    "sector_range_z20": 0.006493506493506494,
    "sector_volume_shock20": 0.006493506493506494,
    "sector_amount_z20": 0.006493506493506494,
    "sector_volume_z20": 0.006493506493506494,
    "sector_amount_shock20": 0.006493506493506494,
    "sector_ret5": 0.003246753246753247,
    "stock_vs_sector_ret5": 0.003246753246753247,
    "sector_vs_bench_ret5": 0.003246753246753247,
    "stock_vs_sector_ret1": 0.0006493506493506494,
    "sector_ret1": 0.0006493506493506494,
    "sector_amount": 0.0,
    "sector_volume": 0.0,
    "sector_close": 0.0,
    "sector_low": 0.0
  },
  "outputs": {
    "sector_index": "D:\\VSCodeWorkspace\\stock_realtime_v021_full\\saved_data\\600096_pipeline_out\\03_sector\\sector_index_ths.csv",
    "sector_features": "D:\\VSCodeWorkspace\\stock_realtime_v021_full\\saved_data\\600096_pipeline_out\\03_sector\\sector_features.csv",
    "merged_samples": "D:\\VSCodeWorkspace\\stock_realtime_v021_full\\saved_data\\600096_pipeline_out\\03_sector\\training_samples_with_sector.csv"
  }
}
[INFO] final samples for search: D:\VSCodeWorkspace\stock_realtime_v021_full\saved_data\600096_pipeline_out\03_sector\training_samples_with_sector.csv
=== nextday pipeline end: 2026-05-17T21:51:24 status=ok ===

  0%|          | 0/9 [00:00<?, ?it/s]
 11%|█         | 1/9 [00:03<00:31,  3.91s/it]
 22%|██▏       | 2/9 [00:06<00:23,  3.37s/it]
 33%|███▎      | 3/9 [00:09<00:17,  2.91s/it]
 44%|████▍     | 4/9 [00:12<00:15,  3.14s/it]
 56%|█████▌    | 5/9 [00:15<00:12,  3.04s/it]
 67%|██████▋   | 6/9 [00:19<00:10,  3.37s/it]
 78%|███████▊  | 7/9 [00:23<00:06,  3.45s/it]
 89%|████████▉ | 8/9 [00:25<00:03,  3.16s/it]
100%|██████████| 9/9 [00:28<00:00,  3.02s/it]
                                             
{
  "sector_symbol": "农化制品",
  "sector_rows": 2027,
  "sector_date_min": "2018-01-02",
  "sector_date_max": "2026-05-15",
  "sample_rows": 1540,
  "merged_rows": 1540,
  "sector_feature_cols": 23,
  "top_missing": {
    "sector_ret60": 0.03896103896103896,
    "sector_ma60_gap": 0.01948051948051948,
    "stock_vs_sector_ret20": 0.012987012987012988,
    "sector_ret20": 0.012987012987012988,
    "sector_vol20": 0.007142857142857143,
    "sector_ma20_gap": 0.006493506493506494,
    "sector_range_z20": 0.006493506493506494,
    "sector_volume_shock20": 0.006493506493506494,
    "sector_amount_z20": 0.006493506493506494,
    "sector_volume_z20": 0.006493506493506494,
    "sector_amount_shock20": 0.006493506493506494,
    "sector_ret5": 0.003246753246753247,
    "stock_vs_sector_ret5": 0.003246753246753247,
    "sector_vs_bench_ret5": 0.003246753246753247,
    "stock_vs_sector_ret1": 0.0006493506493506494,
    "sector_ret1": 0.0006493506493506494,
    "sector_amount": 0.0,
    "sector_volume": 0.0,
    "sector_close": 0.0,
    "sector_low": 0.0
  },
  "outputs": {
    "sector_index": "D:\\VSCodeWorkspace\\stock_realtime_v021_full\\saved_data\\600096_pipeline_out\\03_sector\\sector_index_ths.csv",
    "sector_features": "D:\\VSCodeWorkspace\\stock_realtime_v021_full\\saved_data\\600096_pipeline_out\\03_sector\\sector_features.csv",
    "merged_samples": "D:\\VSCodeWorkspace\\stock_realtime_v021_full\\saved_data\\600096_pipeline_out\\03_sector\\training_samples_with_sector.csv"
  }
}
[INFO] final samples for search: D:\VSCodeWorkspace\stock_realtime_v021_full\saved_data\600096_pipeline_out\03_sector\training_samples_with_sector.csv
=== nextday pipeline end: 2026-05-17T21:51:41 status=ok ===
<<<<<<< HEAD
=== nextday pipeline start: 2026-05-19T20:06:48 ===
symbol=600096.SH, out_root=D:\VSCodeWorkspace\stock_realtime_v021_full\saved_data\600096_pipeline_out

[2026-05-19T20:06:48] RUN update_data
  'D:\VSCodeWorkspace\stockAnalysis\.venv\Scripts\python.exe' bootstrap/ashare_xgb_dual_opportunity_regression_baostock_full_v19_compressed_trading_axis.py --mode update_data --symbol 600096 --benchmark_symbol 000300 --daily_start 2018-01-01 --daily_end 2026-05-19 --intraday_start '2018-01-01 09:30:00' --intraday_end '2026-05-19 15:00:00' --output_dir 'D:\VSCodeWorkspace\stock_realtime_v021_full\saved_data\600096_pipeline_out\00_base' --cache_mode incremental --feature_cache_mode incremental --adjust qfq
=======
=== nextday pipeline start: 2026-05-19T07:26:43 ===
symbol=600096.SH, out_root=/root/stock_realtime_v021_full/saved_data/600096_pipeline_out

[2026-05-19T07:26:43] RUN update_data
  /usr/bin/python3 bootstrap/ashare_xgb_dual_opportunity_regression_baostock_full_v19_compressed_trading_axis.py --mode update_data --symbol 600096 --benchmark_symbol 000300 --daily_start 2018-01-01 --daily_end 2026-05-19 --intraday_start '2018-01-01 09:30:00' --intraday_end '2026-05-19 15:00:00' --output_dir /root/stock_realtime_v021_full/saved_data/600096_pipeline_out/00_base --cache_mode incremental --feature_cache_mode incremental --adjust qfq
/root/stock_realtime_v021_full/bootstrap/ashare_fetch_and_train_xgb_sell_signal_baostock_state_cache_helper_fix2.py:246: FutureWarning: The behavior of DataFrame concatenation with empty or all-NA entries is deprecated. In a future version, this will no longer exclude empty or all-NA columns when determining the result dtypes. To retain the old behavior, exclude the relevant entries before the concat operation.
  merged = _normalize_daily_df(pd.concat([df_old, df_new], axis=0, ignore_index=True))
/root/stock_realtime_v021_full/bootstrap/ashare_fetch_and_train_xgb_sell_signal_baostock_state_cache_helper_fix2.py:254: FutureWarning: The behavior of DataFrame concatenation with empty or all-NA entries is deprecated. In a future version, this will no longer exclude empty or all-NA columns when determining the result dtypes. To retain the old behavior, exclude the relevant entries before the concat operation.
  merged = _normalize_bench_df(pd.concat([df_old, df_new], axis=0, ignore_index=True))
>>>>>>> 2a2a5a75404252d90fc88ad35628cdabcc944dba
login success!
logout success!
login success!
logout success!
login success!
logout success!
login success!
logout success!
login success!
logout success!
login success!
logout success!
{
  "mode": "update_data",
  "symbol": "600096",
  "data_source": "baostock",
<<<<<<< HEAD
  "daily_rows": 2029,
  "intraday_rows": 74016,
  "daily_min": "2018-01-02 00:00:00",
  "daily_max": "2026-05-19 00:00:00",
  "intraday_min": "2020-01-02 09:35:00",
  "intraday_max": "2026-05-19 15:00:00",
  "base_paths": {
    "daily_csv": "D:\\VSCodeWorkspace\\stock_realtime_v021_full\\saved_data\\600096_pipeline_out\\00_base\\600096_daily.csv",
    "intraday_csv": "D:\\VSCodeWorkspace\\stock_realtime_v021_full\\saved_data\\600096_pipeline_out\\00_base\\600096_5m.csv",
    "benchmark_csv": "D:\\VSCodeWorkspace\\stock_realtime_v021_full\\saved_data\\600096_pipeline_out\\00_base\\000300_benchmark_daily.csv",
    "raw_daily_cache_csv": "D:\\VSCodeWorkspace\\stock_realtime_v021_full\\saved_data\\600096_pipeline_out\\00_base\\raw_cache\\600096_daily_raw.csv",
    "raw_intraday_cache_csv": "D:\\VSCodeWorkspace\\stock_realtime_v021_full\\saved_data\\600096_pipeline_out\\00_base\\raw_cache\\600096_5m_raw.csv",
    "raw_benchmark_cache_csv": "D:\\VSCodeWorkspace\\stock_realtime_v021_full\\saved_data\\600096_pipeline_out\\00_base\\raw_cache\\000300_benchmark_daily_raw.csv",
    "daily_features_csv": "D:\\VSCodeWorkspace\\stock_realtime_v021_full\\saved_data\\600096_pipeline_out\\00_base\\daily_features.csv",
    "intraday_features_csv": "D:\\VSCodeWorkspace\\stock_realtime_v021_full\\saved_data\\600096_pipeline_out\\00_base\\intraday_features.csv",
    "daily_features_cache_csv": "D:\\VSCodeWorkspace\\stock_realtime_v021_full\\saved_data\\600096_pipeline_out\\00_base\\feature_cache\\daily_features_cache.csv",
    "intraday_features_cache_csv": "D:\\VSCodeWorkspace\\stock_realtime_v021_full\\saved_data\\600096_pipeline_out\\00_base\\feature_cache\\intraday_features_cache.csv",
    "feature_state_json": "D:\\VSCodeWorkspace\\stock_realtime_v021_full\\saved_data\\600096_pipeline_out\\00_base\\feature_cache\\feature_state.json"
=======
  "daily_rows": 2028,
  "intraday_rows": 73968,
  "daily_min": "2018-01-02 00:00:00",
  "daily_max": "2026-05-18 00:00:00",
  "intraday_min": "2020-01-02 09:35:00",
  "intraday_max": "2026-05-18 15:00:00",
  "base_paths": {
    "daily_csv": "/root/stock_realtime_v021_full/saved_data/600096_pipeline_out/00_base/600096_daily.csv",
    "intraday_csv": "/root/stock_realtime_v021_full/saved_data/600096_pipeline_out/00_base/600096_5m.csv",
    "benchmark_csv": "/root/stock_realtime_v021_full/saved_data/600096_pipeline_out/00_base/000300_benchmark_daily.csv",
    "raw_daily_cache_csv": "/root/stock_realtime_v021_full/saved_data/600096_pipeline_out/00_base/raw_cache/600096_daily_raw.csv",
    "raw_intraday_cache_csv": "/root/stock_realtime_v021_full/saved_data/600096_pipeline_out/00_base/raw_cache/600096_5m_raw.csv",
    "raw_benchmark_cache_csv": "/root/stock_realtime_v021_full/saved_data/600096_pipeline_out/00_base/raw_cache/000300_benchmark_daily_raw.csv",
    "daily_features_csv": "/root/stock_realtime_v021_full/saved_data/600096_pipeline_out/00_base/daily_features.csv",
    "intraday_features_csv": "/root/stock_realtime_v021_full/saved_data/600096_pipeline_out/00_base/intraday_features.csv",
    "daily_features_cache_csv": "/root/stock_realtime_v021_full/saved_data/600096_pipeline_out/00_base/feature_cache/daily_features_cache.csv",
    "intraday_features_cache_csv": "/root/stock_realtime_v021_full/saved_data/600096_pipeline_out/00_base/feature_cache/intraday_features_cache.csv",
    "feature_state_json": "/root/stock_realtime_v021_full/saved_data/600096_pipeline_out/00_base/feature_cache/feature_state.json"
>>>>>>> 2a2a5a75404252d90fc88ad35628cdabcc944dba
  },
  "fetch_logs": {
    "symbol": "600096",
    "benchmark_symbol": "000300",
    "daily_start": "2018-01-01",
    "daily_end": "2026-05-19",
    "intraday_start": "2018-01-01 09:30:00",
    "intraday_end": "2026-05-19 15:00:00",
    "perf_start": "2018-01-01",
    "data_source": "baostock",
    "cache_mode": "incremental",
    "force_refresh": false,
<<<<<<< HEAD
    "raw_cache_dir": "D:\\VSCodeWorkspace\\stock_realtime_v021_full\\saved_data\\600096_pipeline_out\\00_base\\raw_cache",
    "feature_cache_dir": "D:\\VSCodeWorkspace\\stock_realtime_v021_full\\saved_data\\600096_pipeline_out\\00_base\\feature_cache",
    "feature_cache_mode": "incremental",
    "daily": {
      "cache_path": "D:\\VSCodeWorkspace\\stock_realtime_v021_full\\saved_data\\600096_pipeline_out\\00_base\\raw_cache\\600096_daily_raw.csv",
=======
    "raw_cache_dir": "/root/stock_realtime_v021_full/saved_data/600096_pipeline_out/00_base/raw_cache",
    "feature_cache_dir": "/root/stock_realtime_v021_full/saved_data/600096_pipeline_out/00_base/feature_cache",
    "feature_cache_mode": "incremental",
    "daily": {
      "cache_path": "/root/stock_realtime_v021_full/saved_data/600096_pipeline_out/00_base/raw_cache/600096_daily_raw.csv",
>>>>>>> 2a2a5a75404252d90fc88ad35628cdabcc944dba
      "requested_start": "2018-01-01",
      "requested_end": "2026-05-19",
      "mode": "incremental",
      "cache_before": {
        "rows": 2027,
        "min": "2018-01-02 00:00:00",
        "max": "2026-05-15 00:00:00"
      },
      "fetch_segments": [
        {
          "provider": "baostock",
          "code": "sh.600096",
          "adjustflag": "2",
          "rows": 0
        },
        {
          "provider": "baostock",
          "code": "sh.600096",
          "adjustflag": "2",
<<<<<<< HEAD
          "rows": 2,
=======
          "rows": 1,
>>>>>>> 2a2a5a75404252d90fc88ad35628cdabcc944dba
          "start": "2026-05-16",
          "end": "2026-05-19"
        }
      ],
      "cache_after": {
<<<<<<< HEAD
        "rows": 2029,
        "min": "2018-01-02 00:00:00",
        "max": "2026-05-19 00:00:00"
      }
    },
    "intraday_5m": {
      "cache_path": "D:\\VSCodeWorkspace\\stock_realtime_v021_full\\saved_data\\600096_pipeline_out\\00_base\\raw_cache\\600096_5m_raw.csv",
=======
        "rows": 2028,
        "min": "2018-01-02 00:00:00",
        "max": "2026-05-18 00:00:00"
      }
    },
    "intraday_5m": {
      "cache_path": "/root/stock_realtime_v021_full/saved_data/600096_pipeline_out/00_base/raw_cache/600096_5m_raw.csv",
>>>>>>> 2a2a5a75404252d90fc88ad35628cdabcc944dba
      "requested_start": "2018-01-01 09:30:00",
      "requested_end": "2026-05-19 15:00:00",
      "mode": "incremental",
      "cache_before": {
        "rows": 73920,
        "min": "2020-01-02 09:35:00",
        "max": "2026-05-15 15:00:00"
      },
      "fetch_segments": [
        {
          "provider": "baostock",
          "code": "sh.600096",
          "adjustflag": "2",
          "requested_start": "2018-01-01 09:30:00",
          "effective_start": "2018-01-01 09:30:00",
          "requested_end": "2020-01-02 09:30:00",
          "rows": 0
        },
        {
          "provider": "baostock",
          "code": "sh.600096",
          "adjustflag": "2",
          "requested_start": "2026-05-15 15:05:00",
          "effective_start": "2026-05-15 15:05:00",
          "requested_end": "2026-05-19 15:00:00",
<<<<<<< HEAD
          "rows": 96
        }
      ],
      "cache_after": {
        "rows": 74016,
        "min": "2020-01-02 09:35:00",
        "max": "2026-05-19 15:00:00"
      }
    },
    "benchmark_daily": {
      "cache_path": "D:\\VSCodeWorkspace\\stock_realtime_v021_full\\saved_data\\600096_pipeline_out\\00_base\\raw_cache\\000300_benchmark_daily_raw.csv",
=======
          "rows": 48
        }
      ],
      "cache_after": {
        "rows": 73968,
        "min": "2020-01-02 09:35:00",
        "max": "2026-05-18 15:00:00"
      }
    },
    "benchmark_daily": {
      "cache_path": "/root/stock_realtime_v021_full/saved_data/600096_pipeline_out/00_base/raw_cache/000300_benchmark_daily_raw.csv",
>>>>>>> 2a2a5a75404252d90fc88ad35628cdabcc944dba
      "requested_start": "2018-01-01",
      "requested_end": "2026-05-19",
      "mode": "incremental",
      "cache_before": {
        "rows": 2027,
        "min": "2018-01-02 00:00:00",
        "max": "2026-05-15 00:00:00"
      },
      "fetch_segments": [
        {
          "provider": "baostock",
          "code": "sh.000300",
          "rows": 0,
          "start": "2018-01-01",
          "end": "2018-01-01"
        },
        {
          "provider": "baostock",
          "code": "sh.000300",
<<<<<<< HEAD
          "rows": 2,
=======
          "rows": 1,
>>>>>>> 2a2a5a75404252d90fc88ad35628cdabcc944dba
          "start": "2026-05-16",
          "end": "2026-05-19"
        }
      ],
      "cache_after": {
<<<<<<< HEAD
=======
        "rows": 2028,
        "min": "2018-01-02 00:00:00",
        "max": "2026-05-18 00:00:00"
      }
    },
    "feature_build": {
      "mode": "stateful_incremental_append",
      "daily_context_days": 260,
      "intraday_context_days": 40,
      "daily_append": {
        "needed": true,
        "first_new_date": "2026-05-18 00:00:00",
        "context_start": "2025-04-17 00:00:00",
        "context_raw_rows": 261,
        "appended_rows": 1,
        "cache_before": {
          "rows": 2027,
          "min": "2018-01-02 00:00:00",
          "max": "2026-05-15 00:00:00"
        },
        "cache_after": {
          "rows": 2028,
          "min": "2018-01-02 00:00:00",
          "max": "2026-05-18 00:00:00"
        }
      },
      "intraday_append": {
        "needed": true,
        "first_new_datetime": "2026-05-18 09:35:00",
        "context_start_date": "2026-03-17 00:00:00",
        "context_raw_rows": 1968,
        "appended_rows": 48,
        "cache_before": {
          "rows": 73920,
          "min": "2020-01-02 09:35:00",
          "max": "2026-05-15 15:00:00"
        },
        "cache_after": {
          "rows": 73968,
          "min": "2020-01-02 09:35:00",
          "max": "2026-05-18 15:00:00"
        }
      }
    },
    "feature_state": {
      "daily_feature_max": "2026-05-18 00:00:00",
      "intraday_feature_max": "2026-05-18 15:00:00",
      "daily_context_days": 260,
      "intraday_context_days": 40,
      "feature_build_mode": "stateful_incremental_append"
    }
  }
}

[2026-05-19T07:27:00] RUN samples
  /usr/bin/python3 feature_building/build_nextday_samples_from_baostock.py --daily-features /root/stock_realtime_v021_full/saved_data/600096_pipeline_out/00_base/daily_features.csv --intraday-bars /root/stock_realtime_v021_full/saved_data/600096_pipeline_out/00_base/600096_5m.csv --out-dir /root/stock_realtime_v021_full/saved_data/600096_pipeline_out/01_samples --min-bars 40 --keep-unlabeled-tail
{
  "rows": 1541,
  "date_min": "2020-01-02",
  "date_max": "2026-05-18",
  "out": "/root/stock_realtime_v021_full/saved_data/600096_pipeline_out/01_samples/training_samples.csv"
}

[2026-05-19T07:27:01] RUN fundamental
  /usr/bin/python3 feature_building/build_fundamental_features.py --symbol 600096.SH --daily-samples /root/stock_realtime_v021_full/saved_data/600096_pipeline_out/01_samples/training_samples.csv --out-dir /root/stock_realtime_v021_full/saved_data/600096_pipeline_out/02_fundamental --start-date 2018-01-01 --end-date 2026-05-19 --fallback-lag-days 120
login success!
logout success!
{
  "rows": 1541,
  "date_min": "2020-01-02",
  "date_max": "2026-05-18",
  "source_errors": [],
  "top_missing_rates": {
    "ak_fund_小单净流入-净额_sum10": 0.9247242050616483,
    "ak_fund_主力净流入-净额_sum10": 0.9247242050616483,
    "ak_fund_主力净流入-净占比_sum10": 0.9247242050616483,
    "ak_fund_涨跌幅_sum10": 0.9247242050616483,
    "ak_fund_收盘价_sum10": 0.9247242050616483,
    "ak_fund_中单净流入-净额_sum10": 0.9247242050616483,
    "ak_fund_中单净流入-净占比_sum10": 0.9247242050616483,
    "ak_fund_小单净流入-净占比_sum10": 0.9247242050616483,
    "ak_fund_超大单净流入-净额_sum10": 0.9247242050616483,
    "ak_fund_大单净流入-净额_sum10": 0.9247242050616483,
    "ak_fund_大单净流入-净占比_sum10": 0.9247242050616483,
    "ak_fund_超大单净流入-净占比_sum10": 0.9247242050616483,
    "ak_fund_涨跌幅_sum5": 0.9234263465282284,
    "ak_fund_主力净流入-净占比_sum5": 0.9234263465282284,
    "ak_fund_主力净流入-净额_sum5": 0.9234263465282284,
    "ak_fund_收盘价_sum5": 0.9234263465282284,
    "ak_fund_超大单净流入-净占比_sum5": 0.9234263465282284,
    "ak_fund_中单净流入-净占比_sum5": 0.9234263465282284,
    "ak_fund_中单净流入-净额_sum5": 0.9234263465282284,
    "ak_fund_小单净流入-净额_sum5": 0.9234263465282284,
    "ak_fund_小单净流入-净占比_sum5": 0.9234263465282284,
    "ak_fund_大单净流入-净占比_sum5": 0.9234263465282284,
    "ak_fund_大单净流入-净额_sum5": 0.9234263465282284,
    "ak_fund_超大单净流入-净额_sum5": 0.9234263465282284,
    "ak_fund_大单净流入-净额": 0.9221284879948086,
    "ak_fund_超大单净流入-净占比": 0.9221284879948086,
    "ak_fund_超大单净流入-净额": 0.9221284879948086,
    "ak_fund_收盘价": 0.9221284879948086,
    "ak_fund_涨跌幅": 0.9221284879948086,
    "ak_fund_中单净流入-净额": 0.9221284879948086
  },
  "valuation_non_null": {
    "peTTM": 1541,
    "pbMRQ": 1541,
    "psTTM": 1541,
    "pcfNcfTTM": 1541
  },
  "future_effective_date_violations": 0,
  "rows_with_quarterly": 1541,
  "sample_rows": 1541,
  "quarterly_raw_rows": 37,
  "quarterly_used_pubDate_rows": 37,
  "quarterly_fallback_rows": 0,
  "elapsed_seconds": 15.042,
  "symbol": "600096",
  "baostock_code": "sh.600096",
  "valuation_rows": 2028,
  "fund_flow_rows": 120,
  "feature_columns": 125,
  "merged_columns": 194,
  "outputs": {
    "daily_valuation": "/root/stock_realtime_v021_full/saved_data/600096_pipeline_out/02_fundamental/baostock_daily_valuation.csv",
    "quarterly_fundamentals": "/root/stock_realtime_v021_full/saved_data/600096_pipeline_out/02_fundamental/baostock_quarterly_fundamentals_pit.csv",
    "fundamental_features": "/root/stock_realtime_v021_full/saved_data/600096_pipeline_out/02_fundamental/fundamental_features.csv",
    "merged_samples": "/root/stock_realtime_v021_full/saved_data/600096_pipeline_out/02_fundamental/training_samples_with_fundamentals.csv"
  }
}

[2026-05-19T07:27:17] RUN sector
  /usr/bin/python3 feature_building/build_sector_features.py --samples /root/stock_realtime_v021_full/saved_data/600096_pipeline_out/02_fundamental/training_samples_with_fundamentals.csv --out-dir /root/stock_realtime_v021_full/saved_data/600096_pipeline_out/03_sector --sector-symbol '农化制品' --start-date 2018-01-01 --end-date 2026-05-19

  0%|          | 0/9 [00:00<?, ?it/s]
 11%|█         | 1/9 [00:00<00:02,  3.11it/s]
 22%|██▏       | 2/9 [00:00<00:01,  3.59it/s]
 33%|███▎      | 3/9 [00:00<00:01,  3.60it/s]
 44%|████▍     | 4/9 [00:01<00:01,  3.83it/s]
 56%|█████▌    | 5/9 [00:01<00:01,  3.90it/s]
 67%|██████▋   | 6/9 [00:01<00:00,  3.88it/s]
 78%|███████▊  | 7/9 [00:01<00:00,  3.99it/s]
 89%|████████▉ | 8/9 [00:02<00:00,  3.87it/s]
100%|██████████| 9/9 [00:02<00:00,  4.13it/s]
                                             
{
  "sector_symbol": "农化制品",
  "sector_rows": 2028,
  "sector_date_min": "2018-01-02",
  "sector_date_max": "2026-05-18",
  "sample_rows": 1541,
  "merged_rows": 1541,
  "sector_feature_cols": 23,
  "top_missing": {
    "sector_ret60": 0.03893575600259572,
    "sector_ma60_gap": 0.01946787800129786,
    "stock_vs_sector_ret20": 0.012978585334198572,
    "sector_ret20": 0.012978585334198572,
    "sector_vol20": 0.007138221933809215,
    "sector_ma20_gap": 0.006489292667099286,
    "sector_range_z20": 0.006489292667099286,
    "sector_volume_shock20": 0.006489292667099286,
    "sector_amount_z20": 0.006489292667099286,
    "sector_volume_z20": 0.006489292667099286,
    "sector_amount_shock20": 0.006489292667099286,
    "sector_ret5": 0.003244646333549643,
    "stock_vs_sector_ret5": 0.003244646333549643,
    "sector_vs_bench_ret5": 0.003244646333549643,
    "stock_vs_sector_ret1": 0.0006489292667099286,
    "sector_ret1": 0.0006489292667099286,
    "sector_amount": 0.0,
    "sector_volume": 0.0,
    "sector_close": 0.0,
    "sector_low": 0.0
  },
  "outputs": {
    "sector_index": "/root/stock_realtime_v021_full/saved_data/600096_pipeline_out/03_sector/sector_index_ths.csv",
    "sector_features": "/root/stock_realtime_v021_full/saved_data/600096_pipeline_out/03_sector/sector_features.csv",
    "merged_samples": "/root/stock_realtime_v021_full/saved_data/600096_pipeline_out/03_sector/training_samples_with_sector.csv"
  }
}
[INFO] final samples for search: /root/stock_realtime_v021_full/saved_data/600096_pipeline_out/03_sector/training_samples_with_sector.csv
=== nextday pipeline end: 2026-05-19T07:27:22 status=ok ===
=== nextday pipeline start: 2026-05-19T23:28:59 ===
symbol=600096.SH, out_root=/root/stock_realtime_v021_full/saved_data/600096_pipeline_out

[2026-05-19T23:28:59] RUN update_data
  /usr/bin/python3 bootstrap/ashare_xgb_dual_opportunity_regression_baostock_full_v19_compressed_trading_axis.py --mode update_data --symbol 600096 --benchmark_symbol 000300 --daily_start 2018-01-01 --daily_end 2026-05-19 --intraday_start '2018-01-01 09:30:00' --intraday_end '2026-05-19 15:00:00' --output_dir /root/stock_realtime_v021_full/saved_data/600096_pipeline_out/00_base --cache_mode incremental --feature_cache_mode incremental --adjust qfq
/root/stock_realtime_v021_full/bootstrap/ashare_fetch_and_train_xgb_sell_signal_baostock_state_cache_helper_fix2.py:246: FutureWarning: The behavior of DataFrame concatenation with empty or all-NA entries is deprecated. In a future version, this will no longer exclude empty or all-NA columns when determining the result dtypes. To retain the old behavior, exclude the relevant entries before the concat operation.
  merged = _normalize_daily_df(pd.concat([df_old, df_new], axis=0, ignore_index=True))
/root/stock_realtime_v021_full/bootstrap/ashare_fetch_and_train_xgb_sell_signal_baostock_state_cache_helper_fix2.py:254: FutureWarning: The behavior of DataFrame concatenation with empty or all-NA entries is deprecated. In a future version, this will no longer exclude empty or all-NA columns when determining the result dtypes. To retain the old behavior, exclude the relevant entries before the concat operation.
  merged = _normalize_bench_df(pd.concat([df_old, df_new], axis=0, ignore_index=True))
login success!
logout success!
login success!
logout success!
login success!
logout success!
login success!
logout success!
login success!
logout success!
login success!
logout success!
{
  "mode": "update_data",
  "symbol": "600096",
  "data_source": "baostock",
  "daily_rows": 2029,
  "intraday_rows": 74016,
  "daily_min": "2018-01-02 00:00:00",
  "daily_max": "2026-05-19 00:00:00",
  "intraday_min": "2020-01-02 09:35:00",
  "intraday_max": "2026-05-19 15:00:00",
  "base_paths": {
    "daily_csv": "/root/stock_realtime_v021_full/saved_data/600096_pipeline_out/00_base/600096_daily.csv",
    "intraday_csv": "/root/stock_realtime_v021_full/saved_data/600096_pipeline_out/00_base/600096_5m.csv",
    "benchmark_csv": "/root/stock_realtime_v021_full/saved_data/600096_pipeline_out/00_base/000300_benchmark_daily.csv",
    "raw_daily_cache_csv": "/root/stock_realtime_v021_full/saved_data/600096_pipeline_out/00_base/raw_cache/600096_daily_raw.csv",
    "raw_intraday_cache_csv": "/root/stock_realtime_v021_full/saved_data/600096_pipeline_out/00_base/raw_cache/600096_5m_raw.csv",
    "raw_benchmark_cache_csv": "/root/stock_realtime_v021_full/saved_data/600096_pipeline_out/00_base/raw_cache/000300_benchmark_daily_raw.csv",
    "daily_features_csv": "/root/stock_realtime_v021_full/saved_data/600096_pipeline_out/00_base/daily_features.csv",
    "intraday_features_csv": "/root/stock_realtime_v021_full/saved_data/600096_pipeline_out/00_base/intraday_features.csv",
    "daily_features_cache_csv": "/root/stock_realtime_v021_full/saved_data/600096_pipeline_out/00_base/feature_cache/daily_features_cache.csv",
    "intraday_features_cache_csv": "/root/stock_realtime_v021_full/saved_data/600096_pipeline_out/00_base/feature_cache/intraday_features_cache.csv",
    "feature_state_json": "/root/stock_realtime_v021_full/saved_data/600096_pipeline_out/00_base/feature_cache/feature_state.json"
  },
  "fetch_logs": {
    "symbol": "600096",
    "benchmark_symbol": "000300",
    "daily_start": "2018-01-01",
    "daily_end": "2026-05-19",
    "intraday_start": "2018-01-01 09:30:00",
    "intraday_end": "2026-05-19 15:00:00",
    "perf_start": "2018-01-01",
    "data_source": "baostock",
    "cache_mode": "incremental",
    "force_refresh": false,
    "raw_cache_dir": "/root/stock_realtime_v021_full/saved_data/600096_pipeline_out/00_base/raw_cache",
    "feature_cache_dir": "/root/stock_realtime_v021_full/saved_data/600096_pipeline_out/00_base/feature_cache",
    "feature_cache_mode": "incremental",
    "daily": {
      "cache_path": "/root/stock_realtime_v021_full/saved_data/600096_pipeline_out/00_base/raw_cache/600096_daily_raw.csv",
      "requested_start": "2018-01-01",
      "requested_end": "2026-05-19",
      "mode": "incremental",
      "cache_before": {
        "rows": 2028,
        "min": "2018-01-02 00:00:00",
        "max": "2026-05-18 00:00:00"
      },
      "fetch_segments": [
        {
          "provider": "baostock",
          "code": "sh.600096",
          "adjustflag": "2",
          "rows": 0
        },
        {
          "provider": "baostock",
          "code": "sh.600096",
          "adjustflag": "2",
          "rows": 1,
          "start": "2026-05-19",
          "end": "2026-05-19"
        }
      ],
      "cache_after": {
        "rows": 2029,
        "min": "2018-01-02 00:00:00",
        "max": "2026-05-19 00:00:00"
      }
    },
    "intraday_5m": {
      "cache_path": "/root/stock_realtime_v021_full/saved_data/600096_pipeline_out/00_base/raw_cache/600096_5m_raw.csv",
      "requested_start": "2018-01-01 09:30:00",
      "requested_end": "2026-05-19 15:00:00",
      "mode": "incremental",
      "cache_before": {
        "rows": 73968,
        "min": "2020-01-02 09:35:00",
        "max": "2026-05-18 15:00:00"
      },
      "fetch_segments": [
        {
          "provider": "baostock",
          "code": "sh.600096",
          "adjustflag": "2",
          "requested_start": "2018-01-01 09:30:00",
          "effective_start": "2018-01-01 09:30:00",
          "requested_end": "2020-01-02 09:30:00",
          "rows": 0
        },
        {
          "provider": "baostock",
          "code": "sh.600096",
          "adjustflag": "2",
          "requested_start": "2026-05-18 15:05:00",
          "effective_start": "2026-05-18 15:05:00",
          "requested_end": "2026-05-19 15:00:00",
          "rows": 48
        }
      ],
      "cache_after": {
        "rows": 74016,
        "min": "2020-01-02 09:35:00",
        "max": "2026-05-19 15:00:00"
      }
    },
    "benchmark_daily": {
      "cache_path": "/root/stock_realtime_v021_full/saved_data/600096_pipeline_out/00_base/raw_cache/000300_benchmark_daily_raw.csv",
      "requested_start": "2018-01-01",
      "requested_end": "2026-05-19",
      "mode": "incremental",
      "cache_before": {
        "rows": 2028,
        "min": "2018-01-02 00:00:00",
        "max": "2026-05-18 00:00:00"
      },
      "fetch_segments": [
        {
          "provider": "baostock",
          "code": "sh.000300",
          "rows": 0,
          "start": "2018-01-01",
          "end": "2018-01-01"
        },
        {
          "provider": "baostock",
          "code": "sh.000300",
          "rows": 1,
          "start": "2026-05-19",
          "end": "2026-05-19"
        }
      ],
      "cache_after": {
>>>>>>> 2a2a5a75404252d90fc88ad35628cdabcc944dba
        "rows": 2029,
        "min": "2018-01-02 00:00:00",
        "max": "2026-05-19 00:00:00"
      }
    },
    "feature_build": {
      "mode": "stateful_incremental_append",
      "daily_context_days": 260,
      "intraday_context_days": 40,
      "daily_append": {
        "needed": true,
<<<<<<< HEAD
        "first_new_date": "2026-05-18 00:00:00",
        "context_start": "2025-04-17 00:00:00",
        "context_raw_rows": 262,
        "appended_rows": 2,
        "cache_before": {
          "rows": 2027,
          "min": "2018-01-02 00:00:00",
          "max": "2026-05-15 00:00:00"
=======
        "first_new_date": "2026-05-19 00:00:00",
        "context_start": "2025-04-18 00:00:00",
        "context_raw_rows": 261,
        "appended_rows": 1,
        "cache_before": {
          "rows": 2028,
          "min": "2018-01-02 00:00:00",
          "max": "2026-05-18 00:00:00"
>>>>>>> 2a2a5a75404252d90fc88ad35628cdabcc944dba
        },
        "cache_after": {
          "rows": 2029,
          "min": "2018-01-02 00:00:00",
          "max": "2026-05-19 00:00:00"
        }
      },
      "intraday_append": {
        "needed": true,
<<<<<<< HEAD
        "first_new_datetime": "2026-05-18 09:35:00",
        "context_start_date": "2026-03-17 00:00:00",
        "context_raw_rows": 2016,
        "appended_rows": 96,
        "cache_before": {
          "rows": 73920,
          "min": "2020-01-02 09:35:00",
          "max": "2026-05-15 15:00:00"
=======
        "first_new_datetime": "2026-05-19 09:35:00",
        "context_start_date": "2026-03-18 00:00:00",
        "context_raw_rows": 1968,
        "appended_rows": 48,
        "cache_before": {
          "rows": 73968,
          "min": "2020-01-02 09:35:00",
          "max": "2026-05-18 15:00:00"
>>>>>>> 2a2a5a75404252d90fc88ad35628cdabcc944dba
        },
        "cache_after": {
          "rows": 74016,
          "min": "2020-01-02 09:35:00",
          "max": "2026-05-19 15:00:00"
        }
      }
    },
    "feature_state": {
      "daily_feature_max": "2026-05-19 00:00:00",
      "intraday_feature_max": "2026-05-19 15:00:00",
      "daily_context_days": 260,
      "intraday_context_days": 40,
      "feature_build_mode": "stateful_incremental_append"
    }
  }
}

<<<<<<< HEAD
[2026-05-19T20:06:59] RUN samples
  'D:\VSCodeWorkspace\stockAnalysis\.venv\Scripts\python.exe' feature_building/build_nextday_samples_from_baostock.py --daily-features 'D:\VSCodeWorkspace\stock_realtime_v021_full\saved_data\600096_pipeline_out\00_base\daily_features.csv' --intraday-bars 'D:\VSCodeWorkspace\stock_realtime_v021_full\saved_data\600096_pipeline_out\00_base\600096_5m.csv' --out-dir 'D:\VSCodeWorkspace\stock_realtime_v021_full\saved_data\600096_pipeline_out\01_samples' --min-bars 40 --keep-unlabeled-tail
=======
[2026-05-19T23:29:16] RUN samples
  /usr/bin/python3 feature_building/build_nextday_samples_from_baostock.py --daily-features /root/stock_realtime_v021_full/saved_data/600096_pipeline_out/00_base/daily_features.csv --intraday-bars /root/stock_realtime_v021_full/saved_data/600096_pipeline_out/00_base/600096_5m.csv --out-dir /root/stock_realtime_v021_full/saved_data/600096_pipeline_out/01_samples --min-bars 40 --keep-unlabeled-tail
>>>>>>> 2a2a5a75404252d90fc88ad35628cdabcc944dba
{
  "rows": 1542,
  "date_min": "2020-01-02",
  "date_max": "2026-05-19",
<<<<<<< HEAD
  "out": "D:\\VSCodeWorkspace\\stock_realtime_v021_full\\saved_data\\600096_pipeline_out\\01_samples\\training_samples.csv"
}

[2026-05-19T20:06:59] RUN fundamental
  'D:\VSCodeWorkspace\stockAnalysis\.venv\Scripts\python.exe' feature_building/build_fundamental_features.py --symbol 600096.SH --daily-samples 'D:\VSCodeWorkspace\stock_realtime_v021_full\saved_data\600096_pipeline_out\01_samples\training_samples.csv' --out-dir 'D:\VSCodeWorkspace\stock_realtime_v021_full\saved_data\600096_pipeline_out\02_fundamental' --start-date 2018-01-01 --end-date 2026-05-19 --fallback-lag-days 120
=== nextday pipeline start: 2026-05-19T20:32:31 ===
symbol=600096.SH, out_root=D:\VSCodeWorkspace\stock_realtime_v021_full\saved_data\600096_pipeline_out

[2026-05-19T20:32:31] RUN update_data
  'D:\VSCodeWorkspace\stockAnalysis\.venv\Scripts\python.exe' bootstrap/ashare_xgb_dual_opportunity_regression_baostock_full_v19_compressed_trading_axis.py --mode update_data --symbol 600096 --benchmark_symbol 000300 --daily_start 2018-01-01 --daily_end 2026-05-19 --intraday_start '2018-01-01 09:30:00' --intraday_end '2026-05-19 15:00:00' --output_dir 'D:\VSCodeWorkspace\stock_realtime_v021_full\saved_data\600096_pipeline_out\00_base' --cache_mode incremental --feature_cache_mode incremental --adjust qfq
login success!
logout success!
login success!
logout success!
login success!
logout success!
{
  "mode": "update_data",
  "symbol": "600096",
  "data_source": "baostock",
  "daily_rows": 2029,
  "intraday_rows": 74016,
  "daily_min": "2018-01-02 00:00:00",
  "daily_max": "2026-05-19 00:00:00",
  "intraday_min": "2020-01-02 09:35:00",
  "intraday_max": "2026-05-19 15:00:00",
  "base_paths": {
    "daily_csv": "D:\\VSCodeWorkspace\\stock_realtime_v021_full\\saved_data\\600096_pipeline_out\\00_base\\600096_daily.csv",
    "intraday_csv": "D:\\VSCodeWorkspace\\stock_realtime_v021_full\\saved_data\\600096_pipeline_out\\00_base\\600096_5m.csv",
    "benchmark_csv": "D:\\VSCodeWorkspace\\stock_realtime_v021_full\\saved_data\\600096_pipeline_out\\00_base\\000300_benchmark_daily.csv",
    "raw_daily_cache_csv": "D:\\VSCodeWorkspace\\stock_realtime_v021_full\\saved_data\\600096_pipeline_out\\00_base\\raw_cache\\600096_daily_raw.csv",
    "raw_intraday_cache_csv": "D:\\VSCodeWorkspace\\stock_realtime_v021_full\\saved_data\\600096_pipeline_out\\00_base\\raw_cache\\600096_5m_raw.csv",
    "raw_benchmark_cache_csv": "D:\\VSCodeWorkspace\\stock_realtime_v021_full\\saved_data\\600096_pipeline_out\\00_base\\raw_cache\\000300_benchmark_daily_raw.csv",
    "daily_features_csv": "D:\\VSCodeWorkspace\\stock_realtime_v021_full\\saved_data\\600096_pipeline_out\\00_base\\daily_features.csv",
    "intraday_features_csv": "D:\\VSCodeWorkspace\\stock_realtime_v021_full\\saved_data\\600096_pipeline_out\\00_base\\intraday_features.csv",
    "daily_features_cache_csv": "D:\\VSCodeWorkspace\\stock_realtime_v021_full\\saved_data\\600096_pipeline_out\\00_base\\feature_cache\\daily_features_cache.csv",
    "intraday_features_cache_csv": "D:\\VSCodeWorkspace\\stock_realtime_v021_full\\saved_data\\600096_pipeline_out\\00_base\\feature_cache\\intraday_features_cache.csv",
    "feature_state_json": "D:\\VSCodeWorkspace\\stock_realtime_v021_full\\saved_data\\600096_pipeline_out\\00_base\\feature_cache\\feature_state.json"
  },
  "fetch_logs": {
    "symbol": "600096",
    "benchmark_symbol": "000300",
    "daily_start": "2018-01-01",
    "daily_end": "2026-05-19",
    "intraday_start": "2018-01-01 09:30:00",
    "intraday_end": "2026-05-19 15:00:00",
    "perf_start": "2018-01-01",
    "data_source": "baostock",
    "cache_mode": "incremental",
    "force_refresh": false,
    "raw_cache_dir": "D:\\VSCodeWorkspace\\stock_realtime_v021_full\\saved_data\\600096_pipeline_out\\00_base\\raw_cache",
    "feature_cache_dir": "D:\\VSCodeWorkspace\\stock_realtime_v021_full\\saved_data\\600096_pipeline_out\\00_base\\feature_cache",
    "feature_cache_mode": "incremental",
    "daily": {
      "cache_path": "D:\\VSCodeWorkspace\\stock_realtime_v021_full\\saved_data\\600096_pipeline_out\\00_base\\raw_cache\\600096_daily_raw.csv",
      "requested_start": "2018-01-01",
      "requested_end": "2026-05-19",
      "mode": "incremental",
      "cache_before": {
        "rows": 2029,
        "min": "2018-01-02 00:00:00",
        "max": "2026-05-19 00:00:00"
      },
      "fetch_segments": [
        {
          "provider": "baostock",
          "code": "sh.600096",
          "adjustflag": "2",
          "rows": 0
        }
      ],
      "cache_after": {
        "rows": 2029,
        "min": "2018-01-02 00:00:00",
        "max": "2026-05-19 00:00:00"
      }
    },
    "intraday_5m": {
      "cache_path": "D:\\VSCodeWorkspace\\stock_realtime_v021_full\\saved_data\\600096_pipeline_out\\00_base\\raw_cache\\600096_5m_raw.csv",
      "requested_start": "2018-01-01 09:30:00",
      "requested_end": "2026-05-19 15:00:00",
      "mode": "incremental",
      "cache_before": {
        "rows": 74016,
        "min": "2020-01-02 09:35:00",
        "max": "2026-05-19 15:00:00"
      },
      "fetch_segments": [
        {
          "provider": "baostock",
          "code": "sh.600096",
          "adjustflag": "2",
          "requested_start": "2018-01-01 09:30:00",
          "effective_start": "2018-01-01 09:30:00",
          "requested_end": "2020-01-02 09:30:00",
          "rows": 0
        }
      ],
      "cache_after": {
        "rows": 74016,
        "min": "2020-01-02 09:35:00",
        "max": "2026-05-19 15:00:00"
      }
    },
    "benchmark_daily": {
      "cache_path": "D:\\VSCodeWorkspace\\stock_realtime_v021_full\\saved_data\\600096_pipeline_out\\00_base\\raw_cache\\000300_benchmark_daily_raw.csv",
      "requested_start": "2018-01-01",
      "requested_end": "2026-05-19",
      "mode": "incremental",
      "cache_before": {
        "rows": 2029,
        "min": "2018-01-02 00:00:00",
        "max": "2026-05-19 00:00:00"
      },
      "fetch_segments": [
        {
          "provider": "baostock",
          "code": "sh.000300",
          "rows": 0,
          "start": "2018-01-01",
          "end": "2018-01-01"
        }
      ],
      "cache_after": {
        "rows": 2029,
        "min": "2018-01-02 00:00:00",
        "max": "2026-05-19 00:00:00"
      }
    },
    "feature_build": {
      "mode": "cache_reuse_no_rebuild",
      "daily_cache": {
        "rows": 2029,
        "min": "2018-01-02 00:00:00",
        "max": "2026-05-19 00:00:00"
      },
      "intraday_cache": {
        "rows": 74016,
        "min": "2020-01-02 09:35:00",
        "max": "2026-05-19 15:00:00"
      },
      "daily_context_days": 260,
      "intraday_context_days": 40
    },
    "feature_state": {
      "daily_feature_max": "2026-05-19 00:00:00",
      "intraday_feature_max": "2026-05-19 15:00:00",
      "daily_context_days": 260,
      "intraday_context_days": 40,
      "feature_build_mode": "cache_reuse_no_rebuild"
    }
  }
}

[2026-05-19T20:32:42] RUN samples
  'D:\VSCodeWorkspace\stockAnalysis\.venv\Scripts\python.exe' feature_building/build_nextday_samples_from_baostock.py --daily-features 'D:\VSCodeWorkspace\stock_realtime_v021_full\saved_data\600096_pipeline_out\00_base\daily_features.csv' --intraday-bars 'D:\VSCodeWorkspace\stock_realtime_v021_full\saved_data\600096_pipeline_out\00_base\600096_5m.csv' --out-dir 'D:\VSCodeWorkspace\stock_realtime_v021_full\saved_data\600096_pipeline_out\01_samples' --min-bars 40 --keep-unlabeled-tail
{
  "rows": 1542,
  "date_min": "2020-01-02",
  "date_max": "2026-05-19",
  "out": "D:\\VSCodeWorkspace\\stock_realtime_v021_full\\saved_data\\600096_pipeline_out\\01_samples\\training_samples.csv"
}

[2026-05-19T20:32:43] RUN fundamental
  'D:\VSCodeWorkspace\stockAnalysis\.venv\Scripts\python.exe' feature_building/build_fundamental_features.py --symbol 600096.SH --daily-samples 'D:\VSCodeWorkspace\stock_realtime_v021_full\saved_data\600096_pipeline_out\01_samples\training_samples.csv' --out-dir 'D:\VSCodeWorkspace\stock_realtime_v021_full\saved_data\600096_pipeline_out\02_fundamental' --start-date 2018-01-01 --end-date 2026-05-19 --fallback-lag-days 120
login success!
logout success!
{
  "rows": 1542,
  "date_min": "2020-01-02",
  "date_max": "2026-05-19",
  "source_errors": [],
  "top_missing_rates": {
    "ak_fund_小单净流入-净额_sum10": 0.9241245136186771,
    "ak_fund_主力净流入-净额_sum10": 0.9241245136186771,
    "ak_fund_主力净流入-净占比_sum10": 0.9241245136186771,
    "ak_fund_涨跌幅_sum10": 0.9241245136186771,
    "ak_fund_收盘价_sum10": 0.9241245136186771,
    "ak_fund_中单净流入-净额_sum10": 0.9241245136186771,
    "ak_fund_中单净流入-净占比_sum10": 0.9241245136186771,
    "ak_fund_小单净流入-净占比_sum10": 0.9241245136186771,
    "ak_fund_超大单净流入-净额_sum10": 0.9241245136186771,
    "ak_fund_大单净流入-净额_sum10": 0.9241245136186771,
    "ak_fund_大单净流入-净占比_sum10": 0.9241245136186771,
    "ak_fund_超大单净流入-净占比_sum10": 0.9241245136186771,
    "ak_fund_涨跌幅_sum5": 0.9228274967574579,
    "ak_fund_主力净流入-净占比_sum5": 0.9228274967574579,
    "ak_fund_主力净流入-净额_sum5": 0.9228274967574579,
    "ak_fund_收盘价_sum5": 0.9228274967574579,
    "ak_fund_超大单净流入-净占比_sum5": 0.9228274967574579,
    "ak_fund_中单净流入-净占比_sum5": 0.9228274967574579,
    "ak_fund_中单净流入-净额_sum5": 0.9228274967574579,
    "ak_fund_小单净流入-净额_sum5": 0.9228274967574579,
    "ak_fund_小单净流入-净占比_sum5": 0.9228274967574579,
    "ak_fund_大单净流入-净占比_sum5": 0.9228274967574579,
    "ak_fund_大单净流入-净额_sum5": 0.9228274967574579,
    "ak_fund_超大单净流入-净额_sum5": 0.9228274967574579,
    "ak_fund_大单净流入-净额": 0.9215304798962386,
    "ak_fund_超大单净流入-净占比": 0.9215304798962386,
    "ak_fund_超大单净流入-净额": 0.9215304798962386,
    "ak_fund_收盘价": 0.9215304798962386,
    "ak_fund_涨跌幅": 0.9215304798962386,
    "ak_fund_中单净流入-净额": 0.9215304798962386
  },
  "valuation_non_null": {
    "peTTM": 1542,
    "pbMRQ": 1542,
    "psTTM": 1542,
    "pcfNcfTTM": 1542
  },
  "future_effective_date_violations": 0,
  "rows_with_quarterly": 1542,
  "sample_rows": 1542,
  "quarterly_raw_rows": 37,
  "quarterly_used_pubDate_rows": 37,
  "quarterly_fallback_rows": 0,
  "elapsed_seconds": 56.853,
  "symbol": "600096",
  "baostock_code": "sh.600096",
  "valuation_rows": 2029,
  "fund_flow_rows": 121,
  "feature_columns": 125,
  "merged_columns": 194,
  "outputs": {
    "daily_valuation": "D:\\VSCodeWorkspace\\stock_realtime_v021_full\\saved_data\\600096_pipeline_out\\02_fundamental\\baostock_daily_valuation.csv",
    "quarterly_fundamentals": "D:\\VSCodeWorkspace\\stock_realtime_v021_full\\saved_data\\600096_pipeline_out\\02_fundamental\\baostock_quarterly_fundamentals_pit.csv",
    "fundamental_features": "D:\\VSCodeWorkspace\\stock_realtime_v021_full\\saved_data\\600096_pipeline_out\\02_fundamental\\fundamental_features.csv",
    "merged_samples": "D:\\VSCodeWorkspace\\stock_realtime_v021_full\\saved_data\\600096_pipeline_out\\02_fundamental\\training_samples_with_fundamentals.csv"
  }
}

[2026-05-19T20:33:40] RUN sector
  'D:\VSCodeWorkspace\stockAnalysis\.venv\Scripts\python.exe' feature_building/build_sector_features.py --samples 'D:\VSCodeWorkspace\stock_realtime_v021_full\saved_data\600096_pipeline_out\02_fundamental\training_samples_with_fundamentals.csv' --out-dir 'D:\VSCodeWorkspace\stock_realtime_v021_full\saved_data\600096_pipeline_out\03_sector' --sector-symbol '农化制品' --start-date 2018-01-01 --end-date 2026-05-19

  0%|          | 0/9 [00:00<?, ?it/s]
 11%|█         | 1/9 [00:00<00:05,  1.56it/s]
 22%|██▏       | 2/9 [00:01<00:04,  1.64it/s]
 33%|███▎      | 3/9 [00:02<00:05,  1.19it/s]
 44%|████▍     | 4/9 [00:04<00:06,  1.33s/it]
 56%|█████▌    | 5/9 [00:06<00:05,  1.45s/it]
 67%|██████▋   | 6/9 [00:06<00:03,  1.16s/it]
 78%|███████▊  | 7/9 [00:07<00:01,  1.03it/s]
 89%|████████▉ | 8/9 [00:07<00:00,  1.17it/s]
100%|██████████| 9/9 [00:08<00:00,  1.30it/s]
                                             
{
  "sector_symbol": "农化制品",
  "sector_rows": 2028,
  "sector_date_min": "2018-01-02",
  "sector_date_max": "2026-05-18",
  "sample_rows": 1542,
  "merged_rows": 1542,
  "sector_feature_cols": 23,
  "top_missing": {
    "sector_ret60": 0.03955901426718547,
    "sector_ma60_gap": 0.020103761348897537,
    "stock_vs_sector_ret20": 0.013618677042801557,
    "sector_ret20": 0.013618677042801557,
    "sector_ma20_gap": 0.007133592736705577,
    "sector_volume_shock20": 0.007133592736705577,
    "sector_vol20": 0.007133592736705577,
    "sector_range_z20": 0.007133592736705577,
    "sector_amount_z20": 0.007133592736705577,
    "sector_volume_z20": 0.007133592736705577,
    "sector_amount_shock20": 0.007133592736705577,
    "sector_ret5": 0.0038910505836575876,
    "stock_vs_sector_ret5": 0.0038910505836575876,
    "sector_vs_bench_ret5": 0.0038910505836575876,
    "stock_vs_sector_ret1": 0.0012970168612191958,
    "sector_ret1": 0.0012970168612191958,
    "sector_high": 0.0006485084306095979,
    "sector_amount": 0.0006485084306095979,
    "sector_close": 0.0006485084306095979,
    "sector_volume": 0.0006485084306095979
  },
  "outputs": {
    "sector_index": "D:\\VSCodeWorkspace\\stock_realtime_v021_full\\saved_data\\600096_pipeline_out\\03_sector\\sector_index_ths.csv",
    "sector_features": "D:\\VSCodeWorkspace\\stock_realtime_v021_full\\saved_data\\600096_pipeline_out\\03_sector\\sector_features.csv",
    "merged_samples": "D:\\VSCodeWorkspace\\stock_realtime_v021_full\\saved_data\\600096_pipeline_out\\03_sector\\training_samples_with_sector.csv"
  }
}
[INFO] final samples for search: D:\VSCodeWorkspace\stock_realtime_v021_full\saved_data\600096_pipeline_out\03_sector\training_samples_with_sector.csv
=== nextday pipeline end: 2026-05-19T20:33:51 status=ok ===
=== nextday pipeline start: 2026-05-19T23:30:34 ===
symbol=600096.SH, out_root=D:\VSCodeWorkspace\stock_realtime_v021_full\saved_data\600096_pipeline_out

[2026-05-19T23:30:34] RUN update_data
  'D:\VSCodeWorkspace\stockAnalysis\.venv\Scripts\python.exe' bootstrap/ashare_xgb_dual_opportunity_regression_baostock_full_v19_compressed_trading_axis.py --mode update_data --symbol 600096 --benchmark_symbol 000300 --daily_start 2018-01-01 --daily_end 2026-05-19 --intraday_start '2018-01-01 09:30:00' --intraday_end '2026-05-19 15:00:00' --output_dir 'D:\VSCodeWorkspace\stock_realtime_v021_full\saved_data\600096_pipeline_out\00_base' --cache_mode incremental --feature_cache_mode incremental --adjust qfq
login success!
logout success!
login success!
logout success!
login success!
logout success!
{
  "mode": "update_data",
  "symbol": "600096",
  "data_source": "baostock",
  "daily_rows": 2029,
  "intraday_rows": 74016,
  "daily_min": "2018-01-02 00:00:00",
  "daily_max": "2026-05-19 00:00:00",
  "intraday_min": "2020-01-02 09:35:00",
  "intraday_max": "2026-05-19 15:00:00",
  "base_paths": {
    "daily_csv": "D:\\VSCodeWorkspace\\stock_realtime_v021_full\\saved_data\\600096_pipeline_out\\00_base\\600096_daily.csv",
    "intraday_csv": "D:\\VSCodeWorkspace\\stock_realtime_v021_full\\saved_data\\600096_pipeline_out\\00_base\\600096_5m.csv",
    "benchmark_csv": "D:\\VSCodeWorkspace\\stock_realtime_v021_full\\saved_data\\600096_pipeline_out\\00_base\\000300_benchmark_daily.csv",
    "raw_daily_cache_csv": "D:\\VSCodeWorkspace\\stock_realtime_v021_full\\saved_data\\600096_pipeline_out\\00_base\\raw_cache\\600096_daily_raw.csv",
    "raw_intraday_cache_csv": "D:\\VSCodeWorkspace\\stock_realtime_v021_full\\saved_data\\600096_pipeline_out\\00_base\\raw_cache\\600096_5m_raw.csv",
    "raw_benchmark_cache_csv": "D:\\VSCodeWorkspace\\stock_realtime_v021_full\\saved_data\\600096_pipeline_out\\00_base\\raw_cache\\000300_benchmark_daily_raw.csv",
    "daily_features_csv": "D:\\VSCodeWorkspace\\stock_realtime_v021_full\\saved_data\\600096_pipeline_out\\00_base\\daily_features.csv",
    "intraday_features_csv": "D:\\VSCodeWorkspace\\stock_realtime_v021_full\\saved_data\\600096_pipeline_out\\00_base\\intraday_features.csv",
    "daily_features_cache_csv": "D:\\VSCodeWorkspace\\stock_realtime_v021_full\\saved_data\\600096_pipeline_out\\00_base\\feature_cache\\daily_features_cache.csv",
    "intraday_features_cache_csv": "D:\\VSCodeWorkspace\\stock_realtime_v021_full\\saved_data\\600096_pipeline_out\\00_base\\feature_cache\\intraday_features_cache.csv",
    "feature_state_json": "D:\\VSCodeWorkspace\\stock_realtime_v021_full\\saved_data\\600096_pipeline_out\\00_base\\feature_cache\\feature_state.json"
  },
  "fetch_logs": {
    "symbol": "600096",
    "benchmark_symbol": "000300",
    "daily_start": "2018-01-01",
    "daily_end": "2026-05-19",
    "intraday_start": "2018-01-01 09:30:00",
    "intraday_end": "2026-05-19 15:00:00",
    "perf_start": "2018-01-01",
    "data_source": "baostock",
    "cache_mode": "incremental",
    "force_refresh": false,
    "raw_cache_dir": "D:\\VSCodeWorkspace\\stock_realtime_v021_full\\saved_data\\600096_pipeline_out\\00_base\\raw_cache",
    "feature_cache_dir": "D:\\VSCodeWorkspace\\stock_realtime_v021_full\\saved_data\\600096_pipeline_out\\00_base\\feature_cache",
    "feature_cache_mode": "incremental",
    "daily": {
      "cache_path": "D:\\VSCodeWorkspace\\stock_realtime_v021_full\\saved_data\\600096_pipeline_out\\00_base\\raw_cache\\600096_daily_raw.csv",
      "requested_start": "2018-01-01",
      "requested_end": "2026-05-19",
      "mode": "incremental",
      "cache_before": {
        "rows": 2029,
        "min": "2018-01-02 00:00:00",
        "max": "2026-05-19 00:00:00"
      },
      "fetch_segments": [
        {
          "provider": "baostock",
          "code": "sh.600096",
          "adjustflag": "2",
          "rows": 0
        }
      ],
      "cache_after": {
        "rows": 2029,
        "min": "2018-01-02 00:00:00",
        "max": "2026-05-19 00:00:00"
      }
    },
    "intraday_5m": {
      "cache_path": "D:\\VSCodeWorkspace\\stock_realtime_v021_full\\saved_data\\600096_pipeline_out\\00_base\\raw_cache\\600096_5m_raw.csv",
      "requested_start": "2018-01-01 09:30:00",
      "requested_end": "2026-05-19 15:00:00",
      "mode": "incremental",
      "cache_before": {
        "rows": 74016,
        "min": "2020-01-02 09:35:00",
        "max": "2026-05-19 15:00:00"
      },
      "fetch_segments": [
        {
          "provider": "baostock",
          "code": "sh.600096",
          "adjustflag": "2",
          "requested_start": "2018-01-01 09:30:00",
          "effective_start": "2018-01-01 09:30:00",
          "requested_end": "2020-01-02 09:30:00",
          "rows": 0
        }
      ],
      "cache_after": {
        "rows": 74016,
        "min": "2020-01-02 09:35:00",
        "max": "2026-05-19 15:00:00"
      }
    },
    "benchmark_daily": {
      "cache_path": "D:\\VSCodeWorkspace\\stock_realtime_v021_full\\saved_data\\600096_pipeline_out\\00_base\\raw_cache\\000300_benchmark_daily_raw.csv",
      "requested_start": "2018-01-01",
      "requested_end": "2026-05-19",
      "mode": "incremental",
      "cache_before": {
        "rows": 2029,
        "min": "2018-01-02 00:00:00",
        "max": "2026-05-19 00:00:00"
      },
      "fetch_segments": [
        {
          "provider": "baostock",
          "code": "sh.000300",
          "rows": 0,
          "start": "2018-01-01",
          "end": "2018-01-01"
        }
      ],
      "cache_after": {
        "rows": 2029,
        "min": "2018-01-02 00:00:00",
        "max": "2026-05-19 00:00:00"
      }
    },
    "feature_build": {
      "mode": "cache_reuse_no_rebuild",
      "daily_cache": {
        "rows": 2029,
        "min": "2018-01-02 00:00:00",
        "max": "2026-05-19 00:00:00"
      },
      "intraday_cache": {
        "rows": 74016,
        "min": "2020-01-02 09:35:00",
        "max": "2026-05-19 15:00:00"
      },
      "daily_context_days": 260,
      "intraday_context_days": 40
    },
    "feature_state": {
      "daily_feature_max": "2026-05-19 00:00:00",
      "intraday_feature_max": "2026-05-19 15:00:00",
      "daily_context_days": 260,
      "intraday_context_days": 40,
      "feature_build_mode": "cache_reuse_no_rebuild"
    }
  }
}

[2026-05-19T23:30:42] RUN samples
  'D:\VSCodeWorkspace\stockAnalysis\.venv\Scripts\python.exe' feature_building/build_nextday_samples_from_baostock.py --daily-features 'D:\VSCodeWorkspace\stock_realtime_v021_full\saved_data\600096_pipeline_out\00_base\daily_features.csv' --intraday-bars 'D:\VSCodeWorkspace\stock_realtime_v021_full\saved_data\600096_pipeline_out\00_base\600096_5m.csv' --out-dir 'D:\VSCodeWorkspace\stock_realtime_v021_full\saved_data\600096_pipeline_out\01_samples' --min-bars 40 --keep-unlabeled-tail
{
  "rows": 1542,
  "date_min": "2020-01-02",
  "date_max": "2026-05-19",
  "out": "D:\\VSCodeWorkspace\\stock_realtime_v021_full\\saved_data\\600096_pipeline_out\\01_samples\\training_samples.csv"
}

[2026-05-19T23:30:43] RUN fundamental
  'D:\VSCodeWorkspace\stockAnalysis\.venv\Scripts\python.exe' feature_building/build_fundamental_features.py --symbol 600096.SH --daily-samples 'D:\VSCodeWorkspace\stock_realtime_v021_full\saved_data\600096_pipeline_out\01_samples\training_samples.csv' --out-dir 'D:\VSCodeWorkspace\stock_realtime_v021_full\saved_data\600096_pipeline_out\02_fundamental' --start-date 2018-01-01 --end-date 2026-05-19 --fallback-lag-days 120
=======
  "out": "/root/stock_realtime_v021_full/saved_data/600096_pipeline_out/01_samples/training_samples.csv"
}

[2026-05-19T23:29:17] RUN fundamental
  /usr/bin/python3 feature_building/build_fundamental_features.py --symbol 600096.SH --daily-samples /root/stock_realtime_v021_full/saved_data/600096_pipeline_out/01_samples/training_samples.csv --out-dir /root/stock_realtime_v021_full/saved_data/600096_pipeline_out/02_fundamental --start-date 2018-01-01 --end-date 2026-05-19 --fallback-lag-days 120
>>>>>>> 2a2a5a75404252d90fc88ad35628cdabcc944dba
login success!
logout success!
{
  "rows": 1542,
  "date_min": "2020-01-02",
  "date_max": "2026-05-19",
  "source_errors": [],
  "top_missing_rates": {
    "ak_fund_小单净流入-净额_sum10": 0.9247730220492867,
    "ak_fund_主力净流入-净额_sum10": 0.9247730220492867,
    "ak_fund_主力净流入-净占比_sum10": 0.9247730220492867,
    "ak_fund_涨跌幅_sum10": 0.9247730220492867,
    "ak_fund_收盘价_sum10": 0.9247730220492867,
    "ak_fund_中单净流入-净额_sum10": 0.9247730220492867,
    "ak_fund_中单净流入-净占比_sum10": 0.9247730220492867,
    "ak_fund_小单净流入-净占比_sum10": 0.9247730220492867,
    "ak_fund_超大单净流入-净额_sum10": 0.9247730220492867,
    "ak_fund_大单净流入-净额_sum10": 0.9247730220492867,
    "ak_fund_大单净流入-净占比_sum10": 0.9247730220492867,
    "ak_fund_超大单净流入-净占比_sum10": 0.9247730220492867,
    "ak_fund_涨跌幅_sum5": 0.9234760051880675,
    "ak_fund_主力净流入-净占比_sum5": 0.9234760051880675,
    "ak_fund_主力净流入-净额_sum5": 0.9234760051880675,
    "ak_fund_收盘价_sum5": 0.9234760051880675,
    "ak_fund_超大单净流入-净占比_sum5": 0.9234760051880675,
    "ak_fund_中单净流入-净占比_sum5": 0.9234760051880675,
    "ak_fund_中单净流入-净额_sum5": 0.9234760051880675,
    "ak_fund_小单净流入-净额_sum5": 0.9234760051880675,
    "ak_fund_小单净流入-净占比_sum5": 0.9234760051880675,
    "ak_fund_大单净流入-净占比_sum5": 0.9234760051880675,
    "ak_fund_大单净流入-净额_sum5": 0.9234760051880675,
    "ak_fund_超大单净流入-净额_sum5": 0.9234760051880675,
    "ak_fund_大单净流入-净额": 0.9221789883268483,
    "ak_fund_超大单净流入-净占比": 0.9221789883268483,
    "ak_fund_超大单净流入-净额": 0.9221789883268483,
    "ak_fund_收盘价": 0.9221789883268483,
    "ak_fund_涨跌幅": 0.9221789883268483,
    "ak_fund_中单净流入-净额": 0.9221789883268483
  },
  "valuation_non_null": {
    "peTTM": 1542,
    "pbMRQ": 1542,
    "psTTM": 1542,
    "pcfNcfTTM": 1542
  },
  "future_effective_date_violations": 0,
  "rows_with_quarterly": 1542,
  "sample_rows": 1542,
  "quarterly_raw_rows": 37,
  "quarterly_used_pubDate_rows": 37,
  "quarterly_fallback_rows": 0,
<<<<<<< HEAD
  "elapsed_seconds": 32.279,
=======
  "elapsed_seconds": 26.407,
>>>>>>> 2a2a5a75404252d90fc88ad35628cdabcc944dba
  "symbol": "600096",
  "baostock_code": "sh.600096",
  "valuation_rows": 2029,
  "fund_flow_rows": 120,
  "feature_columns": 125,
  "merged_columns": 194,
  "outputs": {
<<<<<<< HEAD
    "daily_valuation": "D:\\VSCodeWorkspace\\stock_realtime_v021_full\\saved_data\\600096_pipeline_out\\02_fundamental\\baostock_daily_valuation.csv",
    "quarterly_fundamentals": "D:\\VSCodeWorkspace\\stock_realtime_v021_full\\saved_data\\600096_pipeline_out\\02_fundamental\\baostock_quarterly_fundamentals_pit.csv",
    "fundamental_features": "D:\\VSCodeWorkspace\\stock_realtime_v021_full\\saved_data\\600096_pipeline_out\\02_fundamental\\fundamental_features.csv",
    "merged_samples": "D:\\VSCodeWorkspace\\stock_realtime_v021_full\\saved_data\\600096_pipeline_out\\02_fundamental\\training_samples_with_fundamentals.csv"
  }
}

[2026-05-19T23:31:16] RUN sector
  'D:\VSCodeWorkspace\stockAnalysis\.venv\Scripts\python.exe' feature_building/build_sector_features.py --samples 'D:\VSCodeWorkspace\stock_realtime_v021_full\saved_data\600096_pipeline_out\02_fundamental\training_samples_with_fundamentals.csv' --out-dir 'D:\VSCodeWorkspace\stock_realtime_v021_full\saved_data\600096_pipeline_out\03_sector' --sector-symbol '农化制品' --start-date 2018-01-01 --end-date 2026-05-19

  0%|          | 0/9 [00:00<?, ?it/s]
 11%|█         | 1/9 [00:01<00:10,  1.30s/it]
 22%|██▏       | 2/9 [00:02<00:09,  1.29s/it]
 33%|███▎      | 3/9 [00:03<00:07,  1.32s/it]
 44%|████▍     | 4/9 [00:05<00:06,  1.34s/it]
 56%|█████▌    | 5/9 [00:06<00:05,  1.39s/it]
 67%|██████▋   | 6/9 [00:08<00:04,  1.37s/it]
 78%|███████▊  | 7/9 [00:09<00:02,  1.35s/it]
 89%|████████▉ | 8/9 [00:10<00:01,  1.34s/it]
100%|██████████| 9/9 [00:12<00:00,  1.34s/it]
=======
    "daily_valuation": "/root/stock_realtime_v021_full/saved_data/600096_pipeline_out/02_fundamental/baostock_daily_valuation.csv",
    "quarterly_fundamentals": "/root/stock_realtime_v021_full/saved_data/600096_pipeline_out/02_fundamental/baostock_quarterly_fundamentals_pit.csv",
    "fundamental_features": "/root/stock_realtime_v021_full/saved_data/600096_pipeline_out/02_fundamental/fundamental_features.csv",
    "merged_samples": "/root/stock_realtime_v021_full/saved_data/600096_pipeline_out/02_fundamental/training_samples_with_fundamentals.csv"
  }
}

[2026-05-19T23:29:44] RUN sector
  /usr/bin/python3 feature_building/build_sector_features.py --samples /root/stock_realtime_v021_full/saved_data/600096_pipeline_out/02_fundamental/training_samples_with_fundamentals.csv --out-dir /root/stock_realtime_v021_full/saved_data/600096_pipeline_out/03_sector --sector-symbol '农化制品' --start-date 2018-01-01 --end-date 2026-05-19

  0%|          | 0/9 [00:00<?, ?it/s]
 11%|█         | 1/9 [00:00<00:01,  4.41it/s]
 22%|██▏       | 2/9 [00:00<00:01,  3.79it/s]
 33%|███▎      | 3/9 [00:00<00:01,  3.99it/s]
 44%|████▍     | 4/9 [00:01<00:01,  3.79it/s]
 56%|█████▌    | 5/9 [00:01<00:00,  4.02it/s]
 67%|██████▋   | 6/9 [00:01<00:00,  3.93it/s]
 78%|███████▊  | 7/9 [00:01<00:00,  4.13it/s]
 89%|████████▉ | 8/9 [00:02<00:00,  3.98it/s]
100%|██████████| 9/9 [00:02<00:00,  4.05it/s]
>>>>>>> 2a2a5a75404252d90fc88ad35628cdabcc944dba
                                             
{
  "sector_symbol": "农化制品",
  "sector_rows": 2029,
  "sector_date_min": "2018-01-02",
  "sector_date_max": "2026-05-19",
  "sample_rows": 1542,
  "merged_rows": 1542,
  "sector_feature_cols": 23,
  "top_missing": {
    "sector_ret60": 0.038910505836575876,
    "sector_ma60_gap": 0.019455252918287938,
    "stock_vs_sector_ret20": 0.01297016861219196,
    "sector_ret20": 0.01297016861219196,
    "sector_vol20": 0.007133592736705577,
    "sector_ma20_gap": 0.00648508430609598,
    "sector_range_z20": 0.00648508430609598,
    "sector_volume_shock20": 0.00648508430609598,
    "sector_amount_z20": 0.00648508430609598,
    "sector_volume_z20": 0.00648508430609598,
    "sector_amount_shock20": 0.00648508430609598,
    "sector_ret5": 0.00324254215304799,
    "stock_vs_sector_ret5": 0.00324254215304799,
    "sector_vs_bench_ret5": 0.00324254215304799,
    "stock_vs_sector_ret1": 0.0006485084306095979,
    "sector_ret1": 0.0006485084306095979,
    "sector_amount": 0.0,
    "sector_volume": 0.0,
    "sector_close": 0.0,
    "sector_low": 0.0
  },
  "outputs": {
<<<<<<< HEAD
    "sector_index": "D:\\VSCodeWorkspace\\stock_realtime_v021_full\\saved_data\\600096_pipeline_out\\03_sector\\sector_index_ths.csv",
    "sector_features": "D:\\VSCodeWorkspace\\stock_realtime_v021_full\\saved_data\\600096_pipeline_out\\03_sector\\sector_features.csv",
    "merged_samples": "D:\\VSCodeWorkspace\\stock_realtime_v021_full\\saved_data\\600096_pipeline_out\\03_sector\\training_samples_with_sector.csv"
  }
}
[INFO] final samples for search: D:\VSCodeWorkspace\stock_realtime_v021_full\saved_data\600096_pipeline_out\03_sector\training_samples_with_sector.csv
=== nextday pipeline end: 2026-05-19T23:31:32 status=ok ===
=======
    "sector_index": "/root/stock_realtime_v021_full/saved_data/600096_pipeline_out/03_sector/sector_index_ths.csv",
    "sector_features": "/root/stock_realtime_v021_full/saved_data/600096_pipeline_out/03_sector/sector_features.csv",
    "merged_samples": "/root/stock_realtime_v021_full/saved_data/600096_pipeline_out/03_sector/training_samples_with_sector.csv"
  }
}
[INFO] final samples for search: /root/stock_realtime_v021_full/saved_data/600096_pipeline_out/03_sector/training_samples_with_sector.csv
=== nextday pipeline end: 2026-05-19T23:29:49 status=ok ===
>>>>>>> 2a2a5a75404252d90fc88ad35628cdabcc944dba
=== nextday pipeline start: 2026-05-21T00:22:17 ===
symbol=600096.SH, out_root=/root/stock_realtime_v021_full/saved_data/600096_pipeline_out

[2026-05-21T00:22:17] RUN update_data
  /usr/bin/python3 bootstrap/ashare_xgb_dual_opportunity_regression_baostock_full_v19_compressed_trading_axis.py --mode update_data --symbol 600096 --benchmark_symbol 000300 --daily_start 2018-01-01 --daily_end 2026-05-20 --intraday_start '2018-01-01 09:30:00' --intraday_end '2026-05-20 15:00:00' --output_dir /root/stock_realtime_v021_full/saved_data/600096_pipeline_out/00_base --cache_mode incremental --feature_cache_mode incremental --adjust qfq
/root/stock_realtime_v021_full/bootstrap/ashare_fetch_and_train_xgb_sell_signal_baostock_state_cache_helper_fix2.py:246: FutureWarning: The behavior of DataFrame concatenation with empty or all-NA entries is deprecated. In a future version, this will no longer exclude empty or all-NA columns when determining the result dtypes. To retain the old behavior, exclude the relevant entries before the concat operation.
  merged = _normalize_daily_df(pd.concat([df_old, df_new], axis=0, ignore_index=True))
/root/stock_realtime_v021_full/bootstrap/ashare_fetch_and_train_xgb_sell_signal_baostock_state_cache_helper_fix2.py:254: FutureWarning: The behavior of DataFrame concatenation with empty or all-NA entries is deprecated. In a future version, this will no longer exclude empty or all-NA columns when determining the result dtypes. To retain the old behavior, exclude the relevant entries before the concat operation.
  merged = _normalize_bench_df(pd.concat([df_old, df_new], axis=0, ignore_index=True))
login success!
logout success!
login success!
logout success!
login success!
logout success!
login success!
logout success!
login success!
logout success!
login success!
logout success!
{
  "mode": "update_data",
  "symbol": "600096",
  "data_source": "baostock",
  "daily_rows": 2030,
  "intraday_rows": 74064,
  "daily_min": "2018-01-02 00:00:00",
  "daily_max": "2026-05-20 00:00:00",
  "intraday_min": "2020-01-02 09:35:00",
  "intraday_max": "2026-05-20 15:00:00",
  "base_paths": {
    "daily_csv": "/root/stock_realtime_v021_full/saved_data/600096_pipeline_out/00_base/600096_daily.csv",
    "intraday_csv": "/root/stock_realtime_v021_full/saved_data/600096_pipeline_out/00_base/600096_5m.csv",
    "benchmark_csv": "/root/stock_realtime_v021_full/saved_data/600096_pipeline_out/00_base/000300_benchmark_daily.csv",
    "raw_daily_cache_csv": "/root/stock_realtime_v021_full/saved_data/600096_pipeline_out/00_base/raw_cache/600096_daily_raw.csv",
    "raw_intraday_cache_csv": "/root/stock_realtime_v021_full/saved_data/600096_pipeline_out/00_base/raw_cache/600096_5m_raw.csv",
    "raw_benchmark_cache_csv": "/root/stock_realtime_v021_full/saved_data/600096_pipeline_out/00_base/raw_cache/000300_benchmark_daily_raw.csv",
    "daily_features_csv": "/root/stock_realtime_v021_full/saved_data/600096_pipeline_out/00_base/daily_features.csv",
    "intraday_features_csv": "/root/stock_realtime_v021_full/saved_data/600096_pipeline_out/00_base/intraday_features.csv",
    "daily_features_cache_csv": "/root/stock_realtime_v021_full/saved_data/600096_pipeline_out/00_base/feature_cache/daily_features_cache.csv",
    "intraday_features_cache_csv": "/root/stock_realtime_v021_full/saved_data/600096_pipeline_out/00_base/feature_cache/intraday_features_cache.csv",
    "feature_state_json": "/root/stock_realtime_v021_full/saved_data/600096_pipeline_out/00_base/feature_cache/feature_state.json"
  },
  "fetch_logs": {
    "symbol": "600096",
    "benchmark_symbol": "000300",
    "daily_start": "2018-01-01",
    "daily_end": "2026-05-20",
    "intraday_start": "2018-01-01 09:30:00",
    "intraday_end": "2026-05-20 15:00:00",
    "perf_start": "2018-01-01",
    "data_source": "baostock",
    "cache_mode": "incremental",
    "force_refresh": false,
    "raw_cache_dir": "/root/stock_realtime_v021_full/saved_data/600096_pipeline_out/00_base/raw_cache",
    "feature_cache_dir": "/root/stock_realtime_v021_full/saved_data/600096_pipeline_out/00_base/feature_cache",
    "feature_cache_mode": "incremental",
    "daily": {
      "cache_path": "/root/stock_realtime_v021_full/saved_data/600096_pipeline_out/00_base/raw_cache/600096_daily_raw.csv",
      "requested_start": "2018-01-01",
      "requested_end": "2026-05-20",
      "mode": "incremental",
      "cache_before": {
        "rows": 2029,
        "min": "2018-01-02 00:00:00",
        "max": "2026-05-19 00:00:00"
      },
      "fetch_segments": [
        {
          "provider": "baostock",
          "code": "sh.600096",
          "adjustflag": "2",
          "rows": 0
        },
        {
          "provider": "baostock",
          "code": "sh.600096",
          "adjustflag": "2",
          "rows": 1,
          "start": "2026-05-20",
          "end": "2026-05-20"
        }
      ],
      "cache_after": {
        "rows": 2030,
        "min": "2018-01-02 00:00:00",
        "max": "2026-05-20 00:00:00"
      }
    },
    "intraday_5m": {
      "cache_path": "/root/stock_realtime_v021_full/saved_data/600096_pipeline_out/00_base/raw_cache/600096_5m_raw.csv",
      "requested_start": "2018-01-01 09:30:00",
      "requested_end": "2026-05-20 15:00:00",
      "mode": "incremental",
      "cache_before": {
        "rows": 74016,
        "min": "2020-01-02 09:35:00",
        "max": "2026-05-19 15:00:00"
      },
      "fetch_segments": [
        {
          "provider": "baostock",
          "code": "sh.600096",
          "adjustflag": "2",
          "requested_start": "2018-01-01 09:30:00",
          "effective_start": "2018-01-01 09:30:00",
          "requested_end": "2020-01-02 09:30:00",
          "rows": 0
        },
        {
          "provider": "baostock",
          "code": "sh.600096",
          "adjustflag": "2",
          "requested_start": "2026-05-19 15:05:00",
          "effective_start": "2026-05-19 15:05:00",
          "requested_end": "2026-05-20 15:00:00",
          "rows": 48
        }
      ],
      "cache_after": {
        "rows": 74064,
        "min": "2020-01-02 09:35:00",
        "max": "2026-05-20 15:00:00"
      }
    },
    "benchmark_daily": {
      "cache_path": "/root/stock_realtime_v021_full/saved_data/600096_pipeline_out/00_base/raw_cache/000300_benchmark_daily_raw.csv",
      "requested_start": "2018-01-01",
      "requested_end": "2026-05-20",
      "mode": "incremental",
      "cache_before": {
        "rows": 2029,
        "min": "2018-01-02 00:00:00",
        "max": "2026-05-19 00:00:00"
      },
      "fetch_segments": [
        {
          "provider": "baostock",
          "code": "sh.000300",
          "rows": 0,
          "start": "2018-01-01",
          "end": "2018-01-01"
        },
        {
          "provider": "baostock",
          "code": "sh.000300",
          "rows": 1,
          "start": "2026-05-20",
          "end": "2026-05-20"
        }
      ],
      "cache_after": {
        "rows": 2030,
        "min": "2018-01-02 00:00:00",
        "max": "2026-05-20 00:00:00"
      }
    },
    "feature_build": {
      "mode": "stateful_incremental_append",
      "daily_context_days": 260,
      "intraday_context_days": 40,
      "daily_append": {
        "needed": true,
        "first_new_date": "2026-05-20 00:00:00",
        "context_start": "2025-04-21 00:00:00",
        "context_raw_rows": 261,
        "appended_rows": 1,
        "cache_before": {
          "rows": 2029,
          "min": "2018-01-02 00:00:00",
          "max": "2026-05-19 00:00:00"
        },
        "cache_after": {
          "rows": 2030,
          "min": "2018-01-02 00:00:00",
          "max": "2026-05-20 00:00:00"
        }
      },
      "intraday_append": {
        "needed": true,
        "first_new_datetime": "2026-05-20 09:35:00",
        "context_start_date": "2026-03-19 00:00:00",
        "context_raw_rows": 1968,
        "appended_rows": 48,
        "cache_before": {
          "rows": 74016,
          "min": "2020-01-02 09:35:00",
          "max": "2026-05-19 15:00:00"
        },
        "cache_after": {
          "rows": 74064,
          "min": "2020-01-02 09:35:00",
          "max": "2026-05-20 15:00:00"
        }
      }
    },
    "feature_state": {
      "daily_feature_max": "2026-05-20 00:00:00",
      "intraday_feature_max": "2026-05-20 15:00:00",
      "daily_context_days": 260,
      "intraday_context_days": 40,
      "feature_build_mode": "stateful_incremental_append"
    }
  }
}

[2026-05-21T00:22:32] RUN samples
  /usr/bin/python3 feature_building/build_nextday_samples_from_baostock.py --daily-features /root/stock_realtime_v021_full/saved_data/600096_pipeline_out/00_base/daily_features.csv --intraday-bars /root/stock_realtime_v021_full/saved_data/600096_pipeline_out/00_base/600096_5m.csv --out-dir /root/stock_realtime_v021_full/saved_data/600096_pipeline_out/01_samples --min-bars 40 --keep-unlabeled-tail
{
  "rows": 1543,
  "date_min": "2020-01-02",
  "date_max": "2026-05-20",
  "out": "/root/stock_realtime_v021_full/saved_data/600096_pipeline_out/01_samples/training_samples.csv"
}

[2026-05-21T00:22:33] RUN fundamental
  /usr/bin/python3 feature_building/build_fundamental_features.py --symbol 600096.SH --daily-samples /root/stock_realtime_v021_full/saved_data/600096_pipeline_out/01_samples/training_samples.csv --out-dir /root/stock_realtime_v021_full/saved_data/600096_pipeline_out/02_fundamental --start-date 2018-01-01 --end-date 2026-05-20 --fallback-lag-days 120
login success!
logout success!
{
  "rows": 1543,
  "date_min": "2020-01-02",
  "date_max": "2026-05-20",
  "source_errors": [],
  "top_missing_rates": {
    "ak_fund_小单净流入-净额_sum10": 0.9248217757615036,
    "ak_fund_主力净流入-净额_sum10": 0.9248217757615036,
    "ak_fund_主力净流入-净占比_sum10": 0.9248217757615036,
    "ak_fund_涨跌幅_sum10": 0.9248217757615036,
    "ak_fund_收盘价_sum10": 0.9248217757615036,
    "ak_fund_中单净流入-净额_sum10": 0.9248217757615036,
    "ak_fund_中单净流入-净占比_sum10": 0.9248217757615036,
    "ak_fund_小单净流入-净占比_sum10": 0.9248217757615036,
    "ak_fund_超大单净流入-净额_sum10": 0.9248217757615036,
    "ak_fund_大单净流入-净额_sum10": 0.9248217757615036,
    "ak_fund_大单净流入-净占比_sum10": 0.9248217757615036,
    "ak_fund_超大单净流入-净占比_sum10": 0.9248217757615036,
    "ak_fund_涨跌幅_sum5": 0.9235255994815295,
    "ak_fund_主力净流入-净占比_sum5": 0.9235255994815295,
    "ak_fund_主力净流入-净额_sum5": 0.9235255994815295,
    "ak_fund_收盘价_sum5": 0.9235255994815295,
    "ak_fund_超大单净流入-净占比_sum5": 0.9235255994815295,
    "ak_fund_中单净流入-净占比_sum5": 0.9235255994815295,
    "ak_fund_中单净流入-净额_sum5": 0.9235255994815295,
    "ak_fund_小单净流入-净额_sum5": 0.9235255994815295,
    "ak_fund_小单净流入-净占比_sum5": 0.9235255994815295,
    "ak_fund_大单净流入-净占比_sum5": 0.9235255994815295,
    "ak_fund_大单净流入-净额_sum5": 0.9235255994815295,
    "ak_fund_超大单净流入-净额_sum5": 0.9235255994815295,
    "ak_fund_大单净流入-净额": 0.9222294232015554,
    "ak_fund_超大单净流入-净占比": 0.9222294232015554,
    "ak_fund_超大单净流入-净额": 0.9222294232015554,
    "ak_fund_收盘价": 0.9222294232015554,
    "ak_fund_涨跌幅": 0.9222294232015554,
    "ak_fund_中单净流入-净额": 0.9222294232015554
  },
  "valuation_non_null": {
    "peTTM": 1543,
    "pbMRQ": 1543,
    "psTTM": 1543,
    "pcfNcfTTM": 1543
  },
  "future_effective_date_violations": 0,
  "rows_with_quarterly": 1543,
  "sample_rows": 1543,
  "quarterly_raw_rows": 37,
  "quarterly_used_pubDate_rows": 37,
  "quarterly_fallback_rows": 0,
  "elapsed_seconds": 34.6,
  "symbol": "600096",
  "baostock_code": "sh.600096",
  "valuation_rows": 2030,
  "fund_flow_rows": 120,
  "feature_columns": 125,
  "merged_columns": 194,
  "outputs": {
    "daily_valuation": "/root/stock_realtime_v021_full/saved_data/600096_pipeline_out/02_fundamental/baostock_daily_valuation.csv",
    "quarterly_fundamentals": "/root/stock_realtime_v021_full/saved_data/600096_pipeline_out/02_fundamental/baostock_quarterly_fundamentals_pit.csv",
    "fundamental_features": "/root/stock_realtime_v021_full/saved_data/600096_pipeline_out/02_fundamental/fundamental_features.csv",
    "merged_samples": "/root/stock_realtime_v021_full/saved_data/600096_pipeline_out/02_fundamental/training_samples_with_fundamentals.csv"
  }
}

[2026-05-21T00:23:08] RUN sector
  /usr/bin/python3 feature_building/build_sector_features.py --samples /root/stock_realtime_v021_full/saved_data/600096_pipeline_out/02_fundamental/training_samples_with_fundamentals.csv --out-dir /root/stock_realtime_v021_full/saved_data/600096_pipeline_out/03_sector --sector-symbol '农化制品' --start-date 2018-01-01 --end-date 2026-05-20

  0%|          | 0/9 [00:00<?, ?it/s]
 11%|█         | 1/9 [00:01<00:09,  1.15s/it]
 22%|██▏       | 2/9 [00:01<00:04,  1.65it/s]
 33%|███▎      | 3/9 [00:01<00:02,  2.28it/s]
 44%|████▍     | 4/9 [00:01<00:02,  2.40it/s]
 56%|█████▌    | 5/9 [00:02<00:01,  2.76it/s]
 67%|██████▋   | 6/9 [00:02<00:00,  3.07it/s]
 78%|███████▊  | 7/9 [00:02<00:00,  3.24it/s]
 89%|████████▉ | 8/9 [00:03<00:00,  3.53it/s]
100%|██████████| 9/9 [00:03<00:00,  3.78it/s]
                                             
{
  "sector_symbol": "农化制品",
  "sector_rows": 2030,
  "sector_date_min": "2018-01-02",
  "sector_date_max": "2026-05-20",
  "sample_rows": 1543,
  "merged_rows": 1543,
  "sector_feature_cols": 23,
  "top_missing": {
    "sector_ret60": 0.03888528839922229,
    "sector_ma60_gap": 0.019442644199611146,
    "stock_vs_sector_ret20": 0.012961762799740765,
    "sector_ret20": 0.012961762799740765,
    "sector_vol20": 0.007128969539857421,
    "sector_ma20_gap": 0.0064808813998703824,
    "sector_range_z20": 0.0064808813998703824,
    "sector_volume_shock20": 0.0064808813998703824,
    "sector_amount_z20": 0.0064808813998703824,
    "sector_volume_z20": 0.0064808813998703824,
    "sector_amount_shock20": 0.0064808813998703824,
    "sector_ret5": 0.0032404406999351912,
    "stock_vs_sector_ret5": 0.0032404406999351912,
    "sector_vs_bench_ret5": 0.0032404406999351912,
    "stock_vs_sector_ret1": 0.0006480881399870382,
    "sector_ret1": 0.0006480881399870382,
    "sector_amount": 0.0,
    "sector_volume": 0.0,
    "sector_close": 0.0,
    "sector_low": 0.0
  },
  "outputs": {
    "sector_index": "/root/stock_realtime_v021_full/saved_data/600096_pipeline_out/03_sector/sector_index_ths.csv",
    "sector_features": "/root/stock_realtime_v021_full/saved_data/600096_pipeline_out/03_sector/sector_features.csv",
    "merged_samples": "/root/stock_realtime_v021_full/saved_data/600096_pipeline_out/03_sector/training_samples_with_sector.csv"
  }
}
[INFO] final samples for search: /root/stock_realtime_v021_full/saved_data/600096_pipeline_out/03_sector/training_samples_with_sector.csv
=== nextday pipeline end: 2026-05-21T00:23:13 status=ok ===
=== nextday pipeline start: 2026-05-21T22:47:46 ===
symbol=600096.SH, out_root=/root/stock_realtime_v021_full/saved_data/600096_pipeline_out

[2026-05-21T22:47:46] RUN update_data
  /usr/bin/python3 bootstrap/ashare_xgb_dual_opportunity_regression_baostock_full_v19_compressed_trading_axis.py --mode update_data --symbol 600096 --benchmark_symbol 000300 --daily_start 2018-01-01 --daily_end 2026-05-21 --intraday_start '2018-01-01 09:30:00' --intraday_end '2026-05-21 15:00:00' --output_dir /root/stock_realtime_v021_full/saved_data/600096_pipeline_out/00_base --cache_mode incremental --feature_cache_mode incremental --adjust qfq
/root/stock_realtime_v021_full/bootstrap/ashare_fetch_and_train_xgb_sell_signal_baostock_state_cache_helper_fix2.py:246: FutureWarning: The behavior of DataFrame concatenation with empty or all-NA entries is deprecated. In a future version, this will no longer exclude empty or all-NA columns when determining the result dtypes. To retain the old behavior, exclude the relevant entries before the concat operation.
  merged = _normalize_daily_df(pd.concat([df_old, df_new], axis=0, ignore_index=True))
/root/stock_realtime_v021_full/bootstrap/ashare_fetch_and_train_xgb_sell_signal_baostock_state_cache_helper_fix2.py:254: FutureWarning: The behavior of DataFrame concatenation with empty or all-NA entries is deprecated. In a future version, this will no longer exclude empty or all-NA columns when determining the result dtypes. To retain the old behavior, exclude the relevant entries before the concat operation.
  merged = _normalize_bench_df(pd.concat([df_old, df_new], axis=0, ignore_index=True))
login success!
logout success!
login success!
logout success!
login success!
logout success!
login success!
logout success!
login success!
logout success!
login success!
logout success!
{
  "mode": "update_data",
  "symbol": "600096",
  "data_source": "baostock",
  "daily_rows": 2031,
  "intraday_rows": 74112,
  "daily_min": "2018-01-02 00:00:00",
  "daily_max": "2026-05-21 00:00:00",
  "intraday_min": "2020-01-02 09:35:00",
  "intraday_max": "2026-05-21 15:00:00",
  "base_paths": {
    "daily_csv": "/root/stock_realtime_v021_full/saved_data/600096_pipeline_out/00_base/600096_daily.csv",
    "intraday_csv": "/root/stock_realtime_v021_full/saved_data/600096_pipeline_out/00_base/600096_5m.csv",
    "benchmark_csv": "/root/stock_realtime_v021_full/saved_data/600096_pipeline_out/00_base/000300_benchmark_daily.csv",
    "raw_daily_cache_csv": "/root/stock_realtime_v021_full/saved_data/600096_pipeline_out/00_base/raw_cache/600096_daily_raw.csv",
    "raw_intraday_cache_csv": "/root/stock_realtime_v021_full/saved_data/600096_pipeline_out/00_base/raw_cache/600096_5m_raw.csv",
    "raw_benchmark_cache_csv": "/root/stock_realtime_v021_full/saved_data/600096_pipeline_out/00_base/raw_cache/000300_benchmark_daily_raw.csv",
    "daily_features_csv": "/root/stock_realtime_v021_full/saved_data/600096_pipeline_out/00_base/daily_features.csv",
    "intraday_features_csv": "/root/stock_realtime_v021_full/saved_data/600096_pipeline_out/00_base/intraday_features.csv",
    "daily_features_cache_csv": "/root/stock_realtime_v021_full/saved_data/600096_pipeline_out/00_base/feature_cache/daily_features_cache.csv",
    "intraday_features_cache_csv": "/root/stock_realtime_v021_full/saved_data/600096_pipeline_out/00_base/feature_cache/intraday_features_cache.csv",
    "feature_state_json": "/root/stock_realtime_v021_full/saved_data/600096_pipeline_out/00_base/feature_cache/feature_state.json"
  },
  "fetch_logs": {
    "symbol": "600096",
    "benchmark_symbol": "000300",
    "daily_start": "2018-01-01",
    "daily_end": "2026-05-21",
    "intraday_start": "2018-01-01 09:30:00",
    "intraday_end": "2026-05-21 15:00:00",
    "perf_start": "2018-01-01",
    "data_source": "baostock",
    "cache_mode": "incremental",
    "force_refresh": false,
    "raw_cache_dir": "/root/stock_realtime_v021_full/saved_data/600096_pipeline_out/00_base/raw_cache",
    "feature_cache_dir": "/root/stock_realtime_v021_full/saved_data/600096_pipeline_out/00_base/feature_cache",
    "feature_cache_mode": "incremental",
    "daily": {
      "cache_path": "/root/stock_realtime_v021_full/saved_data/600096_pipeline_out/00_base/raw_cache/600096_daily_raw.csv",
      "requested_start": "2018-01-01",
      "requested_end": "2026-05-21",
      "mode": "incremental",
      "cache_before": {
        "rows": 2030,
        "min": "2018-01-02 00:00:00",
        "max": "2026-05-20 00:00:00"
      },
      "fetch_segments": [
        {
          "provider": "baostock",
          "code": "sh.600096",
          "adjustflag": "2",
          "rows": 0
        },
        {
          "provider": "baostock",
          "code": "sh.600096",
          "adjustflag": "2",
          "rows": 1,
          "start": "2026-05-21",
          "end": "2026-05-21"
        }
      ],
      "cache_after": {
        "rows": 2031,
        "min": "2018-01-02 00:00:00",
        "max": "2026-05-21 00:00:00"
      }
    },
    "intraday_5m": {
      "cache_path": "/root/stock_realtime_v021_full/saved_data/600096_pipeline_out/00_base/raw_cache/600096_5m_raw.csv",
      "requested_start": "2018-01-01 09:30:00",
      "requested_end": "2026-05-21 15:00:00",
      "mode": "incremental",
      "cache_before": {
        "rows": 74064,
        "min": "2020-01-02 09:35:00",
        "max": "2026-05-20 15:00:00"
      },
      "fetch_segments": [
        {
          "provider": "baostock",
          "code": "sh.600096",
          "adjustflag": "2",
          "requested_start": "2018-01-01 09:30:00",
          "effective_start": "2018-01-01 09:30:00",
          "requested_end": "2020-01-02 09:30:00",
          "rows": 0
        },
        {
          "provider": "baostock",
          "code": "sh.600096",
          "adjustflag": "2",
          "requested_start": "2026-05-20 15:05:00",
          "effective_start": "2026-05-20 15:05:00",
          "requested_end": "2026-05-21 15:00:00",
          "rows": 48
        }
      ],
      "cache_after": {
        "rows": 74112,
        "min": "2020-01-02 09:35:00",
        "max": "2026-05-21 15:00:00"
      }
    },
    "benchmark_daily": {
      "cache_path": "/root/stock_realtime_v021_full/saved_data/600096_pipeline_out/00_base/raw_cache/000300_benchmark_daily_raw.csv",
      "requested_start": "2018-01-01",
      "requested_end": "2026-05-21",
      "mode": "incremental",
      "cache_before": {
        "rows": 2030,
        "min": "2018-01-02 00:00:00",
        "max": "2026-05-20 00:00:00"
      },
      "fetch_segments": [
        {
          "provider": "baostock",
          "code": "sh.000300",
          "rows": 0,
          "start": "2018-01-01",
          "end": "2018-01-01"
        },
        {
          "provider": "baostock",
          "code": "sh.000300",
          "rows": 1,
          "start": "2026-05-21",
          "end": "2026-05-21"
        }
      ],
      "cache_after": {
        "rows": 2031,
        "min": "2018-01-02 00:00:00",
        "max": "2026-05-21 00:00:00"
      }
    },
    "feature_build": {
      "mode": "stateful_incremental_append",
      "daily_context_days": 260,
      "intraday_context_days": 40,
      "daily_append": {
        "needed": true,
        "first_new_date": "2026-05-21 00:00:00",
        "context_start": "2025-04-22 00:00:00",
        "context_raw_rows": 261,
        "appended_rows": 1,
        "cache_before": {
          "rows": 2030,
          "min": "2018-01-02 00:00:00",
          "max": "2026-05-20 00:00:00"
        },
        "cache_after": {
          "rows": 2031,
          "min": "2018-01-02 00:00:00",
          "max": "2026-05-21 00:00:00"
        }
      },
      "intraday_append": {
        "needed": true,
        "first_new_datetime": "2026-05-21 09:35:00",
        "context_start_date": "2026-03-20 00:00:00",
        "context_raw_rows": 1968,
        "appended_rows": 48,
        "cache_before": {
          "rows": 74064,
          "min": "2020-01-02 09:35:00",
          "max": "2026-05-20 15:00:00"
        },
        "cache_after": {
          "rows": 74112,
          "min": "2020-01-02 09:35:00",
          "max": "2026-05-21 15:00:00"
        }
      }
    },
    "feature_state": {
      "daily_feature_max": "2026-05-21 00:00:00",
      "intraday_feature_max": "2026-05-21 15:00:00",
      "daily_context_days": 260,
      "intraday_context_days": 40,
      "feature_build_mode": "stateful_incremental_append"
    }
  }
}

[2026-05-21T22:48:05] RUN samples
  /usr/bin/python3 feature_building/build_nextday_samples_from_baostock.py --daily-features /root/stock_realtime_v021_full/saved_data/600096_pipeline_out/00_base/daily_features.csv --intraday-bars /root/stock_realtime_v021_full/saved_data/600096_pipeline_out/00_base/600096_5m.csv --out-dir /root/stock_realtime_v021_full/saved_data/600096_pipeline_out/01_samples --min-bars 40 --keep-unlabeled-tail
{
  "rows": 1544,
  "date_min": "2020-01-02",
  "date_max": "2026-05-21",
  "out": "/root/stock_realtime_v021_full/saved_data/600096_pipeline_out/01_samples/training_samples.csv"
}

[2026-05-21T22:48:06] RUN fundamental
  /usr/bin/python3 feature_building/build_fundamental_features.py --symbol 600096.SH --daily-samples /root/stock_realtime_v021_full/saved_data/600096_pipeline_out/01_samples/training_samples.csv --out-dir /root/stock_realtime_v021_full/saved_data/600096_pipeline_out/02_fundamental --start-date 2018-01-01 --end-date 2026-05-21 --fallback-lag-days 120
login success!
logout success!
{
  "rows": 1544,
  "date_min": "2020-01-02",
  "date_max": "2026-05-21",
  "source_errors": [],
  "top_missing_rates": {
    "ak_fund_小单净流入-净额_sum10": 0.9242227979274611,
    "ak_fund_主力净流入-净额_sum10": 0.9242227979274611,
    "ak_fund_主力净流入-净占比_sum10": 0.9242227979274611,
    "ak_fund_涨跌幅_sum10": 0.9242227979274611,
    "ak_fund_收盘价_sum10": 0.9242227979274611,
    "ak_fund_中单净流入-净额_sum10": 0.9242227979274611,
    "ak_fund_中单净流入-净占比_sum10": 0.9242227979274611,
    "ak_fund_小单净流入-净占比_sum10": 0.9242227979274611,
    "ak_fund_超大单净流入-净额_sum10": 0.9242227979274611,
    "ak_fund_大单净流入-净额_sum10": 0.9242227979274611,
    "ak_fund_大单净流入-净占比_sum10": 0.9242227979274611,
    "ak_fund_超大单净流入-净占比_sum10": 0.9242227979274611,
    "ak_fund_涨跌幅_sum5": 0.9229274611398963,
    "ak_fund_主力净流入-净占比_sum5": 0.9229274611398963,
    "ak_fund_主力净流入-净额_sum5": 0.9229274611398963,
    "ak_fund_收盘价_sum5": 0.9229274611398963,
    "ak_fund_超大单净流入-净占比_sum5": 0.9229274611398963,
    "ak_fund_中单净流入-净占比_sum5": 0.9229274611398963,
    "ak_fund_中单净流入-净额_sum5": 0.9229274611398963,
    "ak_fund_小单净流入-净额_sum5": 0.9229274611398963,
    "ak_fund_小单净流入-净占比_sum5": 0.9229274611398963,
    "ak_fund_大单净流入-净占比_sum5": 0.9229274611398963,
    "ak_fund_大单净流入-净额_sum5": 0.9229274611398963,
    "ak_fund_超大单净流入-净额_sum5": 0.9229274611398963,
    "ak_fund_大单净流入-净额": 0.9216321243523317,
    "ak_fund_超大单净流入-净占比": 0.9216321243523317,
    "ak_fund_超大单净流入-净额": 0.9216321243523317,
    "ak_fund_收盘价": 0.9216321243523317,
    "ak_fund_涨跌幅": 0.9216321243523317,
    "ak_fund_中单净流入-净额": 0.9216321243523317
  },
  "valuation_non_null": {
    "peTTM": 1544,
    "pbMRQ": 1544,
    "psTTM": 1544,
    "pcfNcfTTM": 1544
  },
  "future_effective_date_violations": 0,
  "rows_with_quarterly": 1544,
  "sample_rows": 1544,
  "quarterly_raw_rows": 37,
  "quarterly_used_pubDate_rows": 37,
  "quarterly_fallback_rows": 0,
  "elapsed_seconds": 34.402,
  "symbol": "600096",
  "baostock_code": "sh.600096",
  "valuation_rows": 2031,
  "fund_flow_rows": 121,
  "feature_columns": 125,
  "merged_columns": 194,
  "outputs": {
    "daily_valuation": "/root/stock_realtime_v021_full/saved_data/600096_pipeline_out/02_fundamental/baostock_daily_valuation.csv",
    "quarterly_fundamentals": "/root/stock_realtime_v021_full/saved_data/600096_pipeline_out/02_fundamental/baostock_quarterly_fundamentals_pit.csv",
    "fundamental_features": "/root/stock_realtime_v021_full/saved_data/600096_pipeline_out/02_fundamental/fundamental_features.csv",
    "merged_samples": "/root/stock_realtime_v021_full/saved_data/600096_pipeline_out/02_fundamental/training_samples_with_fundamentals.csv"
  }
}

[2026-05-21T22:48:41] RUN sector
  /usr/bin/python3 feature_building/build_sector_features.py --samples /root/stock_realtime_v021_full/saved_data/600096_pipeline_out/02_fundamental/training_samples_with_fundamentals.csv --out-dir /root/stock_realtime_v021_full/saved_data/600096_pipeline_out/03_sector --sector-symbol '农化制品' --start-date 2018-01-01 --end-date 2026-05-21

  0%|          | 0/9 [00:00<?, ?it/s]
 11%|█         | 1/9 [00:00<00:02,  3.67it/s]
 22%|██▏       | 2/9 [00:00<00:01,  3.84it/s]
 33%|███▎      | 3/9 [00:00<00:01,  4.01it/s]
 44%|████▍     | 4/9 [00:01<00:01,  4.07it/s]
 56%|█████▌    | 5/9 [00:01<00:00,  4.01it/s]
 67%|██████▋   | 6/9 [00:01<00:00,  4.02it/s]
 78%|███████▊  | 7/9 [00:01<00:00,  3.98it/s]
 89%|████████▉ | 8/9 [00:02<00:00,  4.03it/s]
100%|██████████| 9/9 [00:02<00:00,  4.14it/s]
                                             
{
  "sector_symbol": "农化制品",
  "sector_rows": 2031,
  "sector_date_min": "2018-01-02",
  "sector_date_max": "2026-05-21",
  "sample_rows": 1544,
  "merged_rows": 1544,
  "sector_feature_cols": 23,
  "top_missing": {
    "sector_ret60": 0.038860103626943004,
    "sector_ma60_gap": 0.019430051813471502,
    "stock_vs_sector_ret20": 0.012953367875647668,
    "sector_ret20": 0.012953367875647668,
    "sector_vol20": 0.007124352331606218,
    "sector_ma20_gap": 0.006476683937823834,
    "sector_range_z20": 0.006476683937823834,
    "sector_volume_shock20": 0.006476683937823834,
    "sector_amount_z20": 0.006476683937823834,
    "sector_volume_z20": 0.006476683937823834,
    "sector_amount_shock20": 0.006476683937823834,
    "sector_ret5": 0.003238341968911917,
    "stock_vs_sector_ret5": 0.003238341968911917,
    "sector_vs_bench_ret5": 0.003238341968911917,
    "stock_vs_sector_ret1": 0.0006476683937823834,
    "sector_ret1": 0.0006476683937823834,
    "sector_amount": 0.0,
    "sector_volume": 0.0,
    "sector_close": 0.0,
    "sector_low": 0.0
  },
  "outputs": {
    "sector_index": "/root/stock_realtime_v021_full/saved_data/600096_pipeline_out/03_sector/sector_index_ths.csv",
    "sector_features": "/root/stock_realtime_v021_full/saved_data/600096_pipeline_out/03_sector/sector_features.csv",
    "merged_samples": "/root/stock_realtime_v021_full/saved_data/600096_pipeline_out/03_sector/training_samples_with_sector.csv"
  }
}
[INFO] final samples for search: /root/stock_realtime_v021_full/saved_data/600096_pipeline_out/03_sector/training_samples_with_sector.csv
=== nextday pipeline end: 2026-05-21T22:48:46 status=ok ===
=== nextday pipeline start: 2026-05-29T20:07:32 ===
symbol=600096.SH, out_root=/root/stock_realtime_v021_full/saved_data/600096_pipeline_out

[2026-05-29T20:07:32] RUN update_data
  /usr/bin/python3 bootstrap/ashare_xgb_dual_opportunity_regression_baostock_full_v19_compressed_trading_axis.py --mode update_data --symbol 600096 --benchmark_symbol 000300 --daily_start 2018-01-01 --daily_end 2026-05-29 --intraday_start '2018-01-01 09:30:00' --intraday_end '2026-05-29 15:00:00' --output_dir /root/stock_realtime_v021_full/saved_data/600096_pipeline_out/00_base --cache_mode incremental --feature_cache_mode incremental --adjust qfq
/root/stock_realtime_v021_full/bootstrap/ashare_fetch_and_train_xgb_sell_signal_baostock_state_cache_helper_fix2.py:246: FutureWarning: The behavior of DataFrame concatenation with empty or all-NA entries is deprecated. In a future version, this will no longer exclude empty or all-NA columns when determining the result dtypes. To retain the old behavior, exclude the relevant entries before the concat operation.
  merged = _normalize_daily_df(pd.concat([df_old, df_new], axis=0, ignore_index=True))
/root/stock_realtime_v021_full/bootstrap/ashare_fetch_and_train_xgb_sell_signal_baostock_state_cache_helper_fix2.py:254: FutureWarning: The behavior of DataFrame concatenation with empty or all-NA entries is deprecated. In a future version, this will no longer exclude empty or all-NA columns when determining the result dtypes. To retain the old behavior, exclude the relevant entries before the concat operation.
  merged = _normalize_bench_df(pd.concat([df_old, df_new], axis=0, ignore_index=True))
login success!
logout success!
login success!
logout success!
login success!
logout success!
login success!
logout success!
login success!
logout success!
login success!
logout success!
{
  "mode": "update_data",
  "symbol": "600096",
  "data_source": "baostock",
  "daily_rows": 2037,
  "intraday_rows": 74400,
  "daily_min": "2018-01-02 00:00:00",
  "daily_max": "2026-05-29 00:00:00",
  "intraday_min": "2020-01-02 09:35:00",
  "intraday_max": "2026-05-29 15:00:00",
  "base_paths": {
    "daily_csv": "/root/stock_realtime_v021_full/saved_data/600096_pipeline_out/00_base/600096_daily.csv",
    "intraday_csv": "/root/stock_realtime_v021_full/saved_data/600096_pipeline_out/00_base/600096_5m.csv",
    "benchmark_csv": "/root/stock_realtime_v021_full/saved_data/600096_pipeline_out/00_base/000300_benchmark_daily.csv",
    "raw_daily_cache_csv": "/root/stock_realtime_v021_full/saved_data/600096_pipeline_out/00_base/raw_cache/600096_daily_raw.csv",
    "raw_intraday_cache_csv": "/root/stock_realtime_v021_full/saved_data/600096_pipeline_out/00_base/raw_cache/600096_5m_raw.csv",
    "raw_benchmark_cache_csv": "/root/stock_realtime_v021_full/saved_data/600096_pipeline_out/00_base/raw_cache/000300_benchmark_daily_raw.csv",
    "daily_features_csv": "/root/stock_realtime_v021_full/saved_data/600096_pipeline_out/00_base/daily_features.csv",
    "intraday_features_csv": "/root/stock_realtime_v021_full/saved_data/600096_pipeline_out/00_base/intraday_features.csv",
    "daily_features_cache_csv": "/root/stock_realtime_v021_full/saved_data/600096_pipeline_out/00_base/feature_cache/daily_features_cache.csv",
    "intraday_features_cache_csv": "/root/stock_realtime_v021_full/saved_data/600096_pipeline_out/00_base/feature_cache/intraday_features_cache.csv",
    "feature_state_json": "/root/stock_realtime_v021_full/saved_data/600096_pipeline_out/00_base/feature_cache/feature_state.json"
  },
  "fetch_logs": {
    "symbol": "600096",
    "benchmark_symbol": "000300",
    "daily_start": "2018-01-01",
    "daily_end": "2026-05-29",
    "intraday_start": "2018-01-01 09:30:00",
    "intraday_end": "2026-05-29 15:00:00",
    "perf_start": "2018-01-01",
    "data_source": "baostock",
    "cache_mode": "incremental",
    "force_refresh": false,
    "raw_cache_dir": "/root/stock_realtime_v021_full/saved_data/600096_pipeline_out/00_base/raw_cache",
    "feature_cache_dir": "/root/stock_realtime_v021_full/saved_data/600096_pipeline_out/00_base/feature_cache",
    "feature_cache_mode": "incremental",
    "daily": {
      "cache_path": "/root/stock_realtime_v021_full/saved_data/600096_pipeline_out/00_base/raw_cache/600096_daily_raw.csv",
      "requested_start": "2018-01-01",
      "requested_end": "2026-05-29",
      "mode": "incremental",
      "cache_before": {
        "rows": 2031,
        "min": "2018-01-02 00:00:00",
        "max": "2026-05-21 00:00:00"
      },
      "fetch_segments": [
        {
          "provider": "baostock",
          "code": "sh.600096",
          "adjustflag": "2",
          "rows": 0
        },
        {
          "provider": "baostock",
          "code": "sh.600096",
          "adjustflag": "2",
          "rows": 6,
          "start": "2026-05-22",
          "end": "2026-05-29"
        }
      ],
      "cache_after": {
        "rows": 2037,
        "min": "2018-01-02 00:00:00",
        "max": "2026-05-29 00:00:00"
      }
    },
    "intraday_5m": {
      "cache_path": "/root/stock_realtime_v021_full/saved_data/600096_pipeline_out/00_base/raw_cache/600096_5m_raw.csv",
      "requested_start": "2018-01-01 09:30:00",
      "requested_end": "2026-05-29 15:00:00",
      "mode": "incremental",
      "cache_before": {
        "rows": 74112,
        "min": "2020-01-02 09:35:00",
        "max": "2026-05-21 15:00:00"
      },
      "fetch_segments": [
        {
          "provider": "baostock",
          "code": "sh.600096",
          "adjustflag": "2",
          "requested_start": "2018-01-01 09:30:00",
          "effective_start": "2018-01-01 09:30:00",
          "requested_end": "2020-01-02 09:30:00",
          "rows": 0
        },
        {
          "provider": "baostock",
          "code": "sh.600096",
          "adjustflag": "2",
          "requested_start": "2026-05-21 15:05:00",
          "effective_start": "2026-05-21 15:05:00",
          "requested_end": "2026-05-29 15:00:00",
          "rows": 288
        }
      ],
      "cache_after": {
        "rows": 74400,
        "min": "2020-01-02 09:35:00",
        "max": "2026-05-29 15:00:00"
      }
    },
    "benchmark_daily": {
      "cache_path": "/root/stock_realtime_v021_full/saved_data/600096_pipeline_out/00_base/raw_cache/000300_benchmark_daily_raw.csv",
      "requested_start": "2018-01-01",
      "requested_end": "2026-05-29",
      "mode": "incremental",
      "cache_before": {
        "rows": 2031,
        "min": "2018-01-02 00:00:00",
        "max": "2026-05-21 00:00:00"
      },
      "fetch_segments": [
        {
          "provider": "baostock",
          "code": "sh.000300",
          "rows": 0,
          "start": "2018-01-01",
          "end": "2018-01-01"
        },
        {
          "provider": "baostock",
          "code": "sh.000300",
          "rows": 6,
          "start": "2026-05-22",
          "end": "2026-05-29"
        }
      ],
      "cache_after": {
        "rows": 2037,
        "min": "2018-01-02 00:00:00",
        "max": "2026-05-29 00:00:00"
      }
    },
    "feature_build": {
      "mode": "stateful_incremental_append",
      "daily_context_days": 260,
      "intraday_context_days": 40,
      "daily_append": {
        "needed": true,
        "first_new_date": "2026-05-22 00:00:00",
        "context_start": "2025-04-23 00:00:00",
        "context_raw_rows": 266,
        "appended_rows": 6,
        "cache_before": {
          "rows": 2031,
          "min": "2018-01-02 00:00:00",
          "max": "2026-05-21 00:00:00"
        },
        "cache_after": {
          "rows": 2037,
          "min": "2018-01-02 00:00:00",
          "max": "2026-05-29 00:00:00"
        }
      },
      "intraday_append": {
        "needed": true,
        "first_new_datetime": "2026-05-22 09:35:00",
        "context_start_date": "2026-03-23 00:00:00",
        "context_raw_rows": 2208,
        "appended_rows": 288,
        "cache_before": {
          "rows": 74112,
          "min": "2020-01-02 09:35:00",
          "max": "2026-05-21 15:00:00"
        },
        "cache_after": {
          "rows": 74400,
          "min": "2020-01-02 09:35:00",
          "max": "2026-05-29 15:00:00"
        }
      }
    },
    "feature_state": {
      "daily_feature_max": "2026-05-29 00:00:00",
      "intraday_feature_max": "2026-05-29 15:00:00",
      "daily_context_days": 260,
      "intraday_context_days": 40,
      "feature_build_mode": "stateful_incremental_append"
    }
  }
}

[2026-05-29T20:07:47] RUN samples
  /usr/bin/python3 feature_building/build_nextday_samples_from_baostock.py --daily-features /root/stock_realtime_v021_full/saved_data/600096_pipeline_out/00_base/daily_features.csv --intraday-bars /root/stock_realtime_v021_full/saved_data/600096_pipeline_out/00_base/600096_5m.csv --out-dir /root/stock_realtime_v021_full/saved_data/600096_pipeline_out/01_samples --min-bars 40 --keep-unlabeled-tail
{
  "rows": 1550,
  "date_min": "2020-01-02",
  "date_max": "2026-05-29",
  "out": "/root/stock_realtime_v021_full/saved_data/600096_pipeline_out/01_samples/training_samples.csv"
}

[2026-05-29T20:07:48] RUN asof_samples
  /usr/bin/python3 feature_building/build_asof1455_training_samples.py --samples /root/stock_realtime_v021_full/saved_data/600096_pipeline_out/01_samples/training_samples.csv --intraday-bars /root/stock_realtime_v021_full/saved_data/600096_pipeline_out/00_base/600096_5m.csv --out-dir /root/stock_realtime_v021_full/saved_data/600096_pipeline_out/01_samples_asof1455 --cutoff-time 14:55 --min-bars 40
{
  "rows": 1550,
  "date_min": "2020-01-02",
  "date_max": "2026-05-29",
  "cutoff_time": "14:55",
  "min_bars": 40,
  "out": "/root/stock_realtime_v021_full/saved_data/600096_pipeline_out/01_samples_asof1455/training_samples_asof1455.csv"
}
[INFO] final samples for search: /root/stock_realtime_v021_full/saved_data/600096_pipeline_out/01_samples/training_samples.csv
=== nextday pipeline end: 2026-05-29T20:07:49 status=ok ===
=== nextday pipeline start: 2026-05-30T23:59:08 ===
symbol=600096.SH, out_root=/mnt/d/VSCodeWorkspace/stock_realtime_v021_full/saved_data/600096_pipeline_out

[2026-05-30T23:59:08] SKIP update_data: outputs exist
  /usr/bin/python3 bootstrap/ashare_xgb_dual_opportunity_regression_baostock_full_v19_compressed_trading_axis.py --mode update_data --symbol 600096 --benchmark_symbol 000300 --daily_start 2018-01-01 --daily_end 2026-05-30 --intraday_start '2018-01-01 09:30:00' --intraday_end '2026-05-30 15:00:00' --output_dir /mnt/d/VSCodeWorkspace/stock_realtime_v021_full/saved_data/600096_pipeline_out/00_base --cache_mode incremental --feature_cache_mode incremental --adjust qfq

[2026-05-30T23:59:08] SKIP samples: outputs exist
  /usr/bin/python3 feature_building/build_nextday_samples_from_baostock.py --daily-features /mnt/d/VSCodeWorkspace/stock_realtime_v021_full/saved_data/600096_pipeline_out/00_base/daily_features.csv --intraday-bars /mnt/d/VSCodeWorkspace/stock_realtime_v021_full/saved_data/600096_pipeline_out/00_base/600096_5m.csv --out-dir /mnt/d/VSCodeWorkspace/stock_realtime_v021_full/saved_data/600096_pipeline_out/01_samples --min-bars 40 --keep-unlabeled-tail

[2026-05-30T23:59:08] RUN asof_samples
  /usr/bin/python3 feature_building/build_asof1455_training_samples.py --samples /mnt/d/VSCodeWorkspace/stock_realtime_v021_full/saved_data/600096_pipeline_out/01_samples/training_samples.csv --intraday-bars /mnt/d/VSCodeWorkspace/stock_realtime_v021_full/saved_data/600096_pipeline_out/00_base/600096_5m.csv --out-dir /mnt/d/VSCodeWorkspace/stock_realtime_v021_full/saved_data/600096_pipeline_out/01_samples_asof1455 --cutoff-time 14:55 --min-bars 40
{
  "rows": 1542,
  "date_min": "2020-01-02",
  "date_max": "2026-05-19",
  "cutoff_time": "14:55",
  "min_bars": 40,
  "out": "/mnt/d/VSCodeWorkspace/stock_realtime_v021_full/saved_data/600096_pipeline_out/01_samples_asof1455/training_samples_asof1455.csv"
}

[2026-05-30T23:59:09] SKIP fundamental: outputs exist
  /usr/bin/python3 feature_building/build_fundamental_features.py --symbol 600096.SH --daily-samples /mnt/d/VSCodeWorkspace/stock_realtime_v021_full/saved_data/600096_pipeline_out/01_samples_asof1455/training_samples_asof1455.csv --out-dir /mnt/d/VSCodeWorkspace/stock_realtime_v021_full/saved_data/600096_pipeline_out/02_fundamental --start-date 2018-01-01 --end-date 2026-05-30 --fallback-lag-days 120 --skip-akshare

[2026-05-30T23:59:09] SKIP sector: outputs exist
  /usr/bin/python3 feature_building/build_sector_features.py --samples /mnt/d/VSCodeWorkspace/stock_realtime_v021_full/saved_data/600096_pipeline_out/02_fundamental/training_samples_with_fundamentals.csv --out-dir /mnt/d/VSCodeWorkspace/stock_realtime_v021_full/saved_data/600096_pipeline_out/03_sector --sector-symbol '农化制品' --start-date 2018-01-01 --end-date 2026-05-30

[2026-05-30T23:59:09] RUN external_fertilizer
  /usr/bin/python3 feature_building/build_stock_external_features.py --samples /mnt/d/VSCodeWorkspace/stock_realtime_v021_full/saved_data/600096_pipeline_out/03_sector/training_samples_with_sector.csv --out-dir /mnt/d/VSCodeWorkspace/stock_realtime_v021_full/saved_data/600096_pipeline_out/04_external/fertilizer --profile fertilizer --target-symbol 600096.SH --start-date 2018-01-01 --end-date 2026-05-30 --adjust qfq --domestic-lag-days 0 --future-lag-days 1 --us-lag-days 1
Traceback (most recent call last):
  File "/mnt/d/VSCodeWorkspace/stock_realtime_v021_full/feature_building/build_stock_external_features.py", line 837, in <module>
    main()
  File "/mnt/d/VSCodeWorkspace/stock_realtime_v021_full/feature_building/build_stock_external_features.py", line 762, in main
    features, errors, source_meta = build_external_features(
  File "/mnt/d/VSCodeWorkspace/stock_realtime_v021_full/feature_building/build_stock_external_features.py", line 568, in build_external_features
    frame, err = fetch_future(symbol, col_prefix, start_date, end_date)
  File "/mnt/d/VSCodeWorkspace/stock_realtime_v021_full/feature_building/build_stock_external_features.py", line 378, in fetch_future
    import akshare as ak
ModuleNotFoundError: No module named 'akshare'
[INFO] final samples for search: /mnt/d/VSCodeWorkspace/stock_realtime_v021_full/saved_data/600096_pipeline_out/03_sector/training_samples_with_sector.csv
=== nextday pipeline end: 2026-05-30T23:59:10 status=partial_failed ===
=== nextday pipeline start: 2026-05-30T23:59:52 ===
symbol=600096.SH, out_root=/mnt/d/VSCodeWorkspace/stock_realtime_v021_full/saved_data/600096_pipeline_out

[2026-05-30T23:59:52] SKIP update_data: outputs exist
  /usr/bin/python3 bootstrap/ashare_xgb_dual_opportunity_regression_baostock_full_v19_compressed_trading_axis.py --mode update_data --symbol 600096 --benchmark_symbol 000300 --daily_start 2018-01-01 --daily_end 2026-05-30 --intraday_start '2018-01-01 09:30:00' --intraday_end '2026-05-30 15:00:00' --output_dir /mnt/d/VSCodeWorkspace/stock_realtime_v021_full/saved_data/600096_pipeline_out/00_base --cache_mode incremental --feature_cache_mode incremental --adjust qfq

[2026-05-30T23:59:52] SKIP samples: outputs exist
  /usr/bin/python3 feature_building/build_nextday_samples_from_baostock.py --daily-features /mnt/d/VSCodeWorkspace/stock_realtime_v021_full/saved_data/600096_pipeline_out/00_base/daily_features.csv --intraday-bars /mnt/d/VSCodeWorkspace/stock_realtime_v021_full/saved_data/600096_pipeline_out/00_base/600096_5m.csv --out-dir /mnt/d/VSCodeWorkspace/stock_realtime_v021_full/saved_data/600096_pipeline_out/01_samples --min-bars 40 --keep-unlabeled-tail

[2026-05-30T23:59:52] SKIP asof_samples: outputs exist
  /usr/bin/python3 feature_building/build_asof1455_training_samples.py --samples /mnt/d/VSCodeWorkspace/stock_realtime_v021_full/saved_data/600096_pipeline_out/01_samples/training_samples.csv --intraday-bars /mnt/d/VSCodeWorkspace/stock_realtime_v021_full/saved_data/600096_pipeline_out/00_base/600096_5m.csv --out-dir /mnt/d/VSCodeWorkspace/stock_realtime_v021_full/saved_data/600096_pipeline_out/01_samples_asof1455 --cutoff-time 14:55 --min-bars 40

[2026-05-30T23:59:52] SKIP fundamental: outputs exist
  /usr/bin/python3 feature_building/build_fundamental_features.py --symbol 600096.SH --daily-samples /mnt/d/VSCodeWorkspace/stock_realtime_v021_full/saved_data/600096_pipeline_out/01_samples_asof1455/training_samples_asof1455.csv --out-dir /mnt/d/VSCodeWorkspace/stock_realtime_v021_full/saved_data/600096_pipeline_out/02_fundamental --start-date 2018-01-01 --end-date 2026-05-30 --fallback-lag-days 120 --skip-akshare

[2026-05-30T23:59:52] SKIP sector: outputs exist
  /usr/bin/python3 feature_building/build_sector_features.py --samples /mnt/d/VSCodeWorkspace/stock_realtime_v021_full/saved_data/600096_pipeline_out/02_fundamental/training_samples_with_fundamentals.csv --out-dir /mnt/d/VSCodeWorkspace/stock_realtime_v021_full/saved_data/600096_pipeline_out/03_sector --sector-symbol '农化制品' --start-date 2018-01-01 --end-date 2026-05-30

[2026-05-30T23:59:52] RUN external_fertilizer
  /usr/bin/python3 feature_building/build_stock_external_features.py --samples /mnt/d/VSCodeWorkspace/stock_realtime_v021_full/saved_data/600096_pipeline_out/03_sector/training_samples_with_sector.csv --out-dir /mnt/d/VSCodeWorkspace/stock_realtime_v021_full/saved_data/600096_pipeline_out/04_external/fertilizer --profile fertilizer --target-symbol 600096.SH --start-date 2018-01-01 --end-date 2026-05-30 --adjust qfq --domestic-lag-days 0 --future-lag-days 1 --us-lag-days 1
Traceback (most recent call last):
  File "/mnt/d/VSCodeWorkspace/stock_realtime_v021_full/feature_building/build_stock_external_features.py", line 837, in <module>
    main()
  File "/mnt/d/VSCodeWorkspace/stock_realtime_v021_full/feature_building/build_stock_external_features.py", line 762, in main
    features, errors, source_meta = build_external_features(
  File "/mnt/d/VSCodeWorkspace/stock_realtime_v021_full/feature_building/build_stock_external_features.py", line 568, in build_external_features
    frame, err = fetch_future(symbol, col_prefix, start_date, end_date)
  File "/mnt/d/VSCodeWorkspace/stock_realtime_v021_full/feature_building/build_stock_external_features.py", line 378, in fetch_future
    import akshare as ak
ModuleNotFoundError: No module named 'akshare'
[INFO] final samples for search: /mnt/d/VSCodeWorkspace/stock_realtime_v021_full/saved_data/600096_pipeline_out/03_sector/training_samples_with_sector.csv
=== nextday pipeline end: 2026-05-30T23:59:52 status=partial_failed ===
=== nextday pipeline start: 2026-05-31T00:02:37 ===
symbol=600096.SH, out_root=/mnt/d/VSCodeWorkspace/stock_realtime_v021_full/saved_data/600096_pipeline_out

[2026-05-31T00:02:37] SKIP update_data: outputs exist
  /usr/bin/python3 bootstrap/ashare_xgb_dual_opportunity_regression_baostock_full_v19_compressed_trading_axis.py --mode update_data --symbol 600096 --benchmark_symbol 000300 --daily_start 2018-01-01 --daily_end 2026-05-31 --intraday_start '2018-01-01 09:30:00' --intraday_end '2026-05-31 15:00:00' --output_dir /mnt/d/VSCodeWorkspace/stock_realtime_v021_full/saved_data/600096_pipeline_out/00_base --cache_mode incremental --feature_cache_mode incremental --adjust qfq

[2026-05-31T00:02:37] SKIP samples: outputs exist
  /usr/bin/python3 feature_building/build_nextday_samples_from_baostock.py --daily-features /mnt/d/VSCodeWorkspace/stock_realtime_v021_full/saved_data/600096_pipeline_out/00_base/daily_features.csv --intraday-bars /mnt/d/VSCodeWorkspace/stock_realtime_v021_full/saved_data/600096_pipeline_out/00_base/600096_5m.csv --out-dir /mnt/d/VSCodeWorkspace/stock_realtime_v021_full/saved_data/600096_pipeline_out/01_samples --min-bars 40 --keep-unlabeled-tail

[2026-05-31T00:02:37] SKIP asof_samples: outputs exist
  /usr/bin/python3 feature_building/build_asof1455_training_samples.py --samples /mnt/d/VSCodeWorkspace/stock_realtime_v021_full/saved_data/600096_pipeline_out/01_samples/training_samples.csv --intraday-bars /mnt/d/VSCodeWorkspace/stock_realtime_v021_full/saved_data/600096_pipeline_out/00_base/600096_5m.csv --out-dir /mnt/d/VSCodeWorkspace/stock_realtime_v021_full/saved_data/600096_pipeline_out/01_samples_asof1455 --cutoff-time 14:55 --min-bars 40

[2026-05-31T00:02:37] SKIP fundamental: outputs exist
  /usr/bin/python3 feature_building/build_fundamental_features.py --symbol 600096.SH --daily-samples /mnt/d/VSCodeWorkspace/stock_realtime_v021_full/saved_data/600096_pipeline_out/01_samples_asof1455/training_samples_asof1455.csv --out-dir /mnt/d/VSCodeWorkspace/stock_realtime_v021_full/saved_data/600096_pipeline_out/02_fundamental --start-date 2018-01-01 --end-date 2026-05-31 --fallback-lag-days 120 --skip-akshare

[2026-05-31T00:02:37] SKIP sector: outputs exist
  /usr/bin/python3 feature_building/build_sector_features.py --samples /mnt/d/VSCodeWorkspace/stock_realtime_v021_full/saved_data/600096_pipeline_out/02_fundamental/training_samples_with_fundamentals.csv --out-dir /mnt/d/VSCodeWorkspace/stock_realtime_v021_full/saved_data/600096_pipeline_out/03_sector --sector-symbol '农化制品' --start-date 2018-01-01 --end-date 2026-05-31

[2026-05-31T00:02:37] RUN external_fertilizer
  /usr/bin/python3 feature_building/build_stock_external_features.py --samples /mnt/d/VSCodeWorkspace/stock_realtime_v021_full/saved_data/600096_pipeline_out/03_sector/training_samples_with_sector.csv --out-dir /mnt/d/VSCodeWorkspace/stock_realtime_v021_full/saved_data/600096_pipeline_out/04_external/fertilizer --profile fertilizer --target-symbol 600096.SH --start-date 2018-01-01 --end-date 2026-05-31 --adjust qfq --domestic-lag-days 0 --future-lag-days 1 --us-lag-days 1
Traceback (most recent call last):
  File "/mnt/d/VSCodeWorkspace/stock_realtime_v021_full/feature_building/build_stock_external_features.py", line 837, in <module>
    main()
  File "/mnt/d/VSCodeWorkspace/stock_realtime_v021_full/feature_building/build_stock_external_features.py", line 762, in main
    features, errors, source_meta = build_external_features(
  File "/mnt/d/VSCodeWorkspace/stock_realtime_v021_full/feature_building/build_stock_external_features.py", line 568, in build_external_features
    frame, err = fetch_future(symbol, col_prefix, start_date, end_date)
  File "/mnt/d/VSCodeWorkspace/stock_realtime_v021_full/feature_building/build_stock_external_features.py", line 378, in fetch_future
    import akshare as ak
ModuleNotFoundError: No module named 'akshare'
[INFO] final samples for search: /mnt/d/VSCodeWorkspace/stock_realtime_v021_full/saved_data/600096_pipeline_out/03_sector/training_samples_with_sector.csv
=== nextday pipeline end: 2026-05-31T00:02:37 status=partial_failed ===
=== nextday pipeline start: 2026-05-31T00:21:51 ===
symbol=600096.SH, out_root=/mnt/d/VSCodeWorkspace/stock_realtime_v021_full/saved_data/600096_pipeline_out

[2026-05-31T00:21:51] SKIP update_data: outputs exist
  /usr/bin/python3 bootstrap/ashare_xgb_dual_opportunity_regression_baostock_full_v19_compressed_trading_axis.py --mode update_data --symbol 600096 --benchmark_symbol 000300 --daily_start 2018-01-01 --daily_end 2026-05-31 --intraday_start '2018-01-01 09:30:00' --intraday_end '2026-05-31 15:00:00' --output_dir /mnt/d/VSCodeWorkspace/stock_realtime_v021_full/saved_data/600096_pipeline_out/00_base --cache_mode incremental --feature_cache_mode incremental --adjust qfq

[2026-05-31T00:21:51] SKIP samples: outputs exist
  /usr/bin/python3 feature_building/build_nextday_samples_from_baostock.py --daily-features /mnt/d/VSCodeWorkspace/stock_realtime_v021_full/saved_data/600096_pipeline_out/00_base/daily_features.csv --intraday-bars /mnt/d/VSCodeWorkspace/stock_realtime_v021_full/saved_data/600096_pipeline_out/00_base/600096_5m.csv --out-dir /mnt/d/VSCodeWorkspace/stock_realtime_v021_full/saved_data/600096_pipeline_out/01_samples --min-bars 40 --keep-unlabeled-tail

[2026-05-31T00:21:51] SKIP asof_samples: outputs exist
  /usr/bin/python3 feature_building/build_asof1455_training_samples.py --samples /mnt/d/VSCodeWorkspace/stock_realtime_v021_full/saved_data/600096_pipeline_out/01_samples/training_samples.csv --intraday-bars /mnt/d/VSCodeWorkspace/stock_realtime_v021_full/saved_data/600096_pipeline_out/00_base/600096_5m.csv --out-dir /mnt/d/VSCodeWorkspace/stock_realtime_v021_full/saved_data/600096_pipeline_out/01_samples_asof1455 --cutoff-time 14:55 --min-bars 40

[2026-05-31T00:21:51] SKIP fundamental: outputs exist
  /usr/bin/python3 feature_building/build_fundamental_features.py --symbol 600096.SH --daily-samples /mnt/d/VSCodeWorkspace/stock_realtime_v021_full/saved_data/600096_pipeline_out/01_samples_asof1455/training_samples_asof1455.csv --out-dir /mnt/d/VSCodeWorkspace/stock_realtime_v021_full/saved_data/600096_pipeline_out/02_fundamental --start-date 2018-01-01 --end-date 2026-05-31 --fallback-lag-days 120 --skip-akshare

[2026-05-31T00:21:51] SKIP sector: outputs exist
  /usr/bin/python3 feature_building/build_sector_features.py --samples /mnt/d/VSCodeWorkspace/stock_realtime_v021_full/saved_data/600096_pipeline_out/02_fundamental/training_samples_with_fundamentals.csv --out-dir /mnt/d/VSCodeWorkspace/stock_realtime_v021_full/saved_data/600096_pipeline_out/03_sector --sector-symbol '农化制品' --start-date 2018-01-01 --end-date 2026-05-31

[2026-05-31T00:21:51] RUN external_fertilizer
  /usr/bin/python3 feature_building/build_stock_external_features.py --samples /mnt/d/VSCodeWorkspace/stock_realtime_v021_full/saved_data/600096_pipeline_out/03_sector/training_samples_with_sector.csv --out-dir /mnt/d/VSCodeWorkspace/stock_realtime_v021_full/saved_data/600096_pipeline_out/04_external/fertilizer --profile fertilizer --target-symbol 600096.SH --start-date 2018-01-01 --end-date 2026-05-31 --adjust qfq --domestic-lag-days 0 --future-lag-days 1 --us-lag-days 1
Traceback (most recent call last):
  File "/mnt/d/VSCodeWorkspace/stock_realtime_v021_full/feature_building/build_stock_external_features.py", line 837, in <module>
    main()
  File "/mnt/d/VSCodeWorkspace/stock_realtime_v021_full/feature_building/build_stock_external_features.py", line 762, in main
    features, errors, source_meta = build_external_features(
  File "/mnt/d/VSCodeWorkspace/stock_realtime_v021_full/feature_building/build_stock_external_features.py", line 568, in build_external_features
    frame, err = fetch_future(symbol, col_prefix, start_date, end_date)
  File "/mnt/d/VSCodeWorkspace/stock_realtime_v021_full/feature_building/build_stock_external_features.py", line 378, in fetch_future
    import akshare as ak
ModuleNotFoundError: No module named 'akshare'
[INFO] final samples for search: /mnt/d/VSCodeWorkspace/stock_realtime_v021_full/saved_data/600096_pipeline_out/03_sector/training_samples_with_sector.csv
=== nextday pipeline end: 2026-05-31T00:21:51 status=partial_failed ===
=== nextday pipeline start: 2026-05-31T02:21:03 ===
symbol=600096.SH, out_root=/root/stock_realtime_v021_full/saved_data/600096_pipeline_out

[2026-05-31T02:21:03] SKIP update_data: outputs exist
  /usr/bin/python3 bootstrap/ashare_xgb_dual_opportunity_regression_baostock_full_v19_compressed_trading_axis.py --mode update_data --symbol 600096 --benchmark_symbol 000300 --daily_start 2018-01-01 --daily_end 2026-05-31 --intraday_start '2018-01-01 09:30:00' --intraday_end '2026-05-31 15:00:00' --output_dir /root/stock_realtime_v021_full/saved_data/600096_pipeline_out/00_base --cache_mode incremental --feature_cache_mode incremental --adjust qfq

[2026-05-31T02:21:03] SKIP samples: outputs exist
  /usr/bin/python3 feature_building/build_nextday_samples_from_baostock.py --daily-features /root/stock_realtime_v021_full/saved_data/600096_pipeline_out/00_base/daily_features.csv --intraday-bars /root/stock_realtime_v021_full/saved_data/600096_pipeline_out/00_base/600096_5m.csv --out-dir /root/stock_realtime_v021_full/saved_data/600096_pipeline_out/01_samples --min-bars 40 --keep-unlabeled-tail

[2026-05-31T02:21:03] SKIP asof_samples: outputs exist
  /usr/bin/python3 feature_building/build_asof1455_training_samples.py --samples /root/stock_realtime_v021_full/saved_data/600096_pipeline_out/01_samples/training_samples.csv --intraday-bars /root/stock_realtime_v021_full/saved_data/600096_pipeline_out/00_base/600096_5m.csv --out-dir /root/stock_realtime_v021_full/saved_data/600096_pipeline_out/01_samples_asof1455 --cutoff-time 14:55 --min-bars 40

[2026-05-31T02:21:03] SKIP fundamental: outputs exist
  /usr/bin/python3 feature_building/build_fundamental_features.py --symbol 600096.SH --daily-samples /root/stock_realtime_v021_full/saved_data/600096_pipeline_out/01_samples_asof1455/training_samples_asof1455.csv --out-dir /root/stock_realtime_v021_full/saved_data/600096_pipeline_out/02_fundamental --start-date 2018-01-01 --end-date 2026-05-31 --fallback-lag-days 120 --skip-akshare

[2026-05-31T02:21:03] SKIP sector: outputs exist
  /usr/bin/python3 feature_building/build_sector_features.py --samples /root/stock_realtime_v021_full/saved_data/600096_pipeline_out/02_fundamental/training_samples_with_fundamentals.csv --out-dir /root/stock_realtime_v021_full/saved_data/600096_pipeline_out/03_sector --sector-symbol '农化制品' --start-date 2018-01-01 --end-date 2026-05-31

[2026-05-31T02:21:03] RUN external_fertilizer
  /usr/bin/python3 feature_building/build_stock_external_features.py --samples /root/stock_realtime_v021_full/saved_data/600096_pipeline_out/03_sector/training_samples_with_sector.csv --out-dir /root/stock_realtime_v021_full/saved_data/600096_pipeline_out/04_external/fertilizer --profile fertilizer --target-symbol 600096.SH --start-date 2018-01-01 --end-date 2026-05-31 --adjust qfq --domestic-lag-days 0 --future-lag-days 1 --us-lag-days 1
/root/stock_realtime_v021_full/feature_building/build_stock_external_features.py:497: FutureWarning: The default fill_method='pad' in DataFrame.pct_change is deprecated and will be removed in a future version. Either fill in any non-leading NA values prior to calling pct_change or specify 'fill_method=None' to not fill NA values.
  returns = out[cols].apply(pd.to_numeric, errors="coerce").pct_change()
login success!

  0%|          | 0/9 [00:00<?, ?it/s]
 11%|█         | 1/9 [00:00<00:01,  4.62it/s]
 22%|██▏       | 2/9 [00:00<00:01,  4.19it/s]
 33%|███▎      | 3/9 [00:00<00:01,  4.24it/s]
 44%|████▍     | 4/9 [00:00<00:01,  4.17it/s]
 56%|█████▌    | 5/9 [00:01<00:00,  4.36it/s]
 67%|██████▋   | 6/9 [00:01<00:00,  4.45it/s]
 78%|███████▊  | 7/9 [00:01<00:00,  4.52it/s]
 89%|████████▉ | 8/9 [00:01<00:00,  4.25it/s]
100%|██████████| 9/9 [00:02<00:00,  4.47it/s]
                                             

  0%|          | 0/9 [00:00<?, ?it/s]
 11%|█         | 1/9 [00:00<00:01,  4.05it/s]
 22%|██▏       | 2/9 [00:00<00:01,  4.12it/s]
 33%|███▎      | 3/9 [00:00<00:01,  4.33it/s]
 44%|████▍     | 4/9 [00:00<00:01,  4.48it/s]
 56%|█████▌    | 5/9 [00:01<00:00,  4.47it/s]
 67%|██████▋   | 6/9 [00:01<00:00,  4.51it/s]
 78%|███████▊  | 7/9 [00:01<00:00,  4.54it/s]
 89%|████████▉ | 8/9 [00:01<00:00,  4.62it/s]
100%|██████████| 9/9 [00:02<00:00,  4.44it/s]
                                             

  0%|          | 0/9 [00:00<?, ?it/s]
 11%|█         | 1/9 [00:00<00:01,  4.84it/s]
 22%|██▏       | 2/9 [00:00<00:01,  4.68it/s]
 33%|███▎      | 3/9 [00:00<00:01,  4.25it/s]
 44%|████▍     | 4/9 [00:00<00:01,  4.23it/s]
 56%|█████▌    | 5/9 [00:01<00:00,  4.46it/s]
 67%|██████▋   | 6/9 [00:01<00:00,  4.46it/s]
 78%|███████▊  | 7/9 [00:01<00:00,  4.47it/s]
 89%|████████▉ | 8/9 [00:01<00:00,  4.33it/s]
100%|██████████| 9/9 [00:01<00:00,  4.68it/s]
                                             
{
  "profile": "fertilizer",
  "description": "Fertilizer/agri-chemical commodities and peer proxy for 云天化",
  "sample_rows": 1544,
  "merged_rows": 1544,
  "raw_rows": 2037,
  "raw_date_min": "2018-01-02",
  "raw_date_max": "2026-05-29",
  "lag_days_legacy": null,
  "lag_policy": {
    "domestic": 0,
    "futures": 1,
    "us": 1
  },
  "enable_us_yf": false,
  "feature_cols": 537,
  "source_meta": {
    "profile": {
      "key": "fertilizer",
      "prefix": "fert",
      "description": "Fertilizer/agri-chemical commodities and peer proxy for 云天化",
      "stocks": [
        "600141",
        "000422",
        "002895",
        "002539",
        "000830",
        "000893"
      ],
      "etfs": [
        "159865",
        "516220"
      ],
      "futures": [
        "UR0",
        "MA0",
        "SA0",
        "C0",
        "M0",
        "JM0",
        "ZC0"
      ],
      "boards": [
        "农化制品",
        "化学制品",
        "化学原料"
      ],
      "us_tickers": []
    },
    "used": {
      "stocks": [
        "600141",
        "000422",
        "002895",
        "002539",
        "000830",
        "000893"
      ],
      "etfs": [
        "159865",
        "516220"
      ],
      "futures": [
        "UR0",
        "MA0",
        "SA0",
        "C0",
        "M0",
        "JM0",
        "ZC0"
      ],
      "boards": [
        "农化制品",
        "化学制品",
        "化学原料"
      ],
      "us_yf": []
    },
    "start_date": "20180101",
    "end_date": "20260531",
    "target_symbol_excluded": "600096",
    "em_sources_used": false,
    "baostock_cache_dir": "/root/stock_realtime_v021_full/saved_data/600096_pipeline_out/04_external/fertilizer/baostock_external_cache",
    "us_yfinance_enabled": false
  },
  "errors": {},
  "top_missing": {
    "fert_etf_516220_close_ret60": 0.9812176165803109,
    "fert_etf_basket_close_ret60": 0.9812176165803109,
    "fert_etf_516220_range_pct_ret60": 0.9812176165803109,
    "fert_etf_159865_close_ret60": 0.9812176165803109,
    "fert_etf_159865_range_pct_ret60": 0.9812176165803109,
    "fert_etf_basket_close_z60": 0.9553108808290155,
    "fert_etf_basket_close_ret20": 0.9553108808290155,
    "fert_etf_516220_range_pct_z60": 0.9553108808290155,
    "fert_etf_516220_range_pct_ret20": 0.9553108808290155,
    "fert_etf_516220_close_z60": 0.9553108808290155,
    "fert_etf_159865_close_ret20": 0.9553108808290155,
    "fert_etf_159865_close_z60": 0.9553108808290155,
    "fert_etf_159865_range_pct_z60": 0.9553108808290155,
    "fert_etf_159865_range_pct_ret20": 0.9553108808290155,
    "fert_stock_vs_etf_basket_ret20": 0.9553108808290155,
    "fert_etf_516220_close_ret20": 0.9553108808290155,
    "fert_etf_516220_close_vol20": 0.9494818652849741,
    "fert_etf_159865_close_vol20": 0.9494818652849741,
    "fert_etf_basket_close_vol20": 0.9494818652849741,
    "fert_etf_159865_close_z20": 0.9488341968911918,
    "fert_etf_159865_close_ma20_gap": 0.9488341968911918,
    "fert_etf_159865_range_pct_ma20_gap": 0.9488341968911918,
    "fert_etf_516220_close_ma20_gap": 0.9488341968911918,
    "fert_etf_516220_close_z20": 0.9488341968911918,
    "fert_etf_159865_range_pct_z20": 0.9488341968911918,
    "fert_etf_516220_range_pct_ma20_gap": 0.9488341968911918,
    "fert_etf_516220_range_pct_z20": 0.9488341968911918,
    "fert_etf_159865_volume_z20": 0.9488341968911918,
    "fert_etf_159865_volume_shock20": 0.9488341968911918,
    "fert_etf_basket_close_ma20_gap": 0.9488341968911918,
    "fert_etf_basket_close_z20": 0.9488341968911918,
    "fert_etf_516220_volume_shock20": 0.9488341968911918,
    "fert_etf_516220_volume_z20": 0.9488341968911918,
    "fert_stock_vs_etf_basket_ret5": 0.9455958549222798,
    "fert_etf_159865_range_pct_ret5": 0.9455958549222798,
    "fert_etf_159865_close_ret5": 0.9455958549222798,
    "fert_etf_basket_close_ret5": 0.9455958549222798,
    "fert_etf_516220_close_ret5": 0.9455958549222798,
    "fert_etf_516220_range_pct_ret5": 0.9455958549222798,
    "fert_etf_159865_range_pct_ret3": 0.944300518134715,
    "fert_etf_516220_range_pct_ret3": 0.944300518134715,
    "fert_etf_159865_close_ret3": 0.944300518134715,
    "fert_etf_516220_close_ret3": 0.944300518134715,
    "fert_etf_basket_close_ret3": 0.944300518134715,
    "fert_etf_159865_close_ret1": 0.9430051813471503,
    "fert_etf_basket_close_ret1": 0.9430051813471503,
    "fert_etf_516220_close_ret1": 0.9430051813471503,
    "fert_etf_516220_range_pct_ret1": 0.9430051813471503,
    "fert_etf_159865_range_pct_ret1": 0.9430051813471503,
    "fert_etf_159865_low": 0.9423575129533679
  },
  "outputs": {
    "features": "/root/stock_realtime_v021_full/saved_data/600096_pipeline_out/04_external/fertilizer/stock_external_features_fertilizer.csv",
    "merged_samples": "/root/stock_realtime_v021_full/saved_data/600096_pipeline_out/04_external/fertilizer/training_samples_with_fertilizer_external.csv",
    "report": "/root/stock_realtime_v021_full/saved_data/600096_pipeline_out/04_external/fertilizer/validation_report.json"
  }
}
logout success!
[INFO] final samples for search: /root/stock_realtime_v021_full/saved_data/600096_pipeline_out/04_external/fertilizer/training_samples_with_fertilizer_external.csv
=== nextday pipeline end: 2026-05-31T02:21:24 status=ok ===
=== nextday pipeline start: 2026-06-02T20:43:53 ===
symbol=600096.SH, out_root=/root/stock_realtime_v021_full/saved_data/600096_pipeline_out

[2026-06-02T20:43:53] RUN update_data
  /usr/bin/python3 bootstrap/ashare_xgb_dual_opportunity_regression_baostock_full_v19_compressed_trading_axis.py --mode update_data --symbol 600096 --benchmark_symbol 000300 --daily_start 2018-01-01 --daily_end 2026-06-02 --intraday_start '2018-01-01 09:30:00' --intraday_end '2026-06-02 15:00:00' --output_dir /root/stock_realtime_v021_full/saved_data/600096_pipeline_out/00_base --cache_mode incremental --feature_cache_mode incremental --adjust qfq
/root/stock_realtime_v021_full/bootstrap/ashare_fetch_and_train_xgb_sell_signal_baostock_state_cache_helper_fix2.py:246: FutureWarning: The behavior of DataFrame concatenation with empty or all-NA entries is deprecated. In a future version, this will no longer exclude empty or all-NA columns when determining the result dtypes. To retain the old behavior, exclude the relevant entries before the concat operation.
  merged = _normalize_daily_df(pd.concat([df_old, df_new], axis=0, ignore_index=True))
/root/stock_realtime_v021_full/bootstrap/ashare_fetch_and_train_xgb_sell_signal_baostock_state_cache_helper_fix2.py:254: FutureWarning: The behavior of DataFrame concatenation with empty or all-NA entries is deprecated. In a future version, this will no longer exclude empty or all-NA columns when determining the result dtypes. To retain the old behavior, exclude the relevant entries before the concat operation.
  merged = _normalize_bench_df(pd.concat([df_old, df_new], axis=0, ignore_index=True))
login success!
logout success!
login success!
logout success!
login success!
logout success!
login success!
logout success!
login success!
logout success!
login success!
logout success!
{
  "mode": "update_data",
  "symbol": "600096",
  "data_source": "baostock",
  "daily_rows": 2039,
  "intraday_rows": 74496,
  "daily_min": "2018-01-02 00:00:00",
  "daily_max": "2026-06-02 00:00:00",
  "intraday_min": "2020-01-02 09:35:00",
  "intraday_max": "2026-06-02 15:00:00",
  "base_paths": {
    "daily_csv": "/root/stock_realtime_v021_full/saved_data/600096_pipeline_out/00_base/600096_daily.csv",
    "intraday_csv": "/root/stock_realtime_v021_full/saved_data/600096_pipeline_out/00_base/600096_5m.csv",
    "benchmark_csv": "/root/stock_realtime_v021_full/saved_data/600096_pipeline_out/00_base/000300_benchmark_daily.csv",
    "raw_daily_cache_csv": "/root/stock_realtime_v021_full/saved_data/600096_pipeline_out/00_base/raw_cache/600096_daily_raw.csv",
    "raw_intraday_cache_csv": "/root/stock_realtime_v021_full/saved_data/600096_pipeline_out/00_base/raw_cache/600096_5m_raw.csv",
    "raw_benchmark_cache_csv": "/root/stock_realtime_v021_full/saved_data/600096_pipeline_out/00_base/raw_cache/000300_benchmark_daily_raw.csv",
    "daily_features_csv": "/root/stock_realtime_v021_full/saved_data/600096_pipeline_out/00_base/daily_features.csv",
    "intraday_features_csv": "/root/stock_realtime_v021_full/saved_data/600096_pipeline_out/00_base/intraday_features.csv",
    "daily_features_cache_csv": "/root/stock_realtime_v021_full/saved_data/600096_pipeline_out/00_base/feature_cache/daily_features_cache.csv",
    "intraday_features_cache_csv": "/root/stock_realtime_v021_full/saved_data/600096_pipeline_out/00_base/feature_cache/intraday_features_cache.csv",
    "feature_state_json": "/root/stock_realtime_v021_full/saved_data/600096_pipeline_out/00_base/feature_cache/feature_state.json"
  },
  "fetch_logs": {
    "symbol": "600096",
    "benchmark_symbol": "000300",
    "daily_start": "2018-01-01",
    "daily_end": "2026-06-02",
    "intraday_start": "2018-01-01 09:30:00",
    "intraday_end": "2026-06-02 15:00:00",
    "perf_start": "2018-01-01",
    "data_source": "baostock",
    "cache_mode": "incremental",
    "force_refresh": false,
    "raw_cache_dir": "/root/stock_realtime_v021_full/saved_data/600096_pipeline_out/00_base/raw_cache",
    "feature_cache_dir": "/root/stock_realtime_v021_full/saved_data/600096_pipeline_out/00_base/feature_cache",
    "feature_cache_mode": "incremental",
    "daily": {
      "cache_path": "/root/stock_realtime_v021_full/saved_data/600096_pipeline_out/00_base/raw_cache/600096_daily_raw.csv",
      "requested_start": "2018-01-01",
      "requested_end": "2026-06-02",
      "mode": "incremental",
      "cache_before": {
        "rows": 2037,
        "min": "2018-01-02 00:00:00",
        "max": "2026-05-29 00:00:00"
      },
      "fetch_segments": [
        {
          "provider": "baostock",
          "code": "sh.600096",
          "adjustflag": "2",
          "rows": 0
        },
        {
          "provider": "baostock",
          "code": "sh.600096",
          "adjustflag": "2",
          "rows": 2,
          "start": "2026-05-30",
          "end": "2026-06-02"
        }
      ],
      "cache_after": {
        "rows": 2039,
        "min": "2018-01-02 00:00:00",
        "max": "2026-06-02 00:00:00"
      }
    },
    "intraday_5m": {
      "cache_path": "/root/stock_realtime_v021_full/saved_data/600096_pipeline_out/00_base/raw_cache/600096_5m_raw.csv",
      "requested_start": "2018-01-01 09:30:00",
      "requested_end": "2026-06-02 15:00:00",
      "mode": "incremental",
      "cache_before": {
        "rows": 74400,
        "min": "2020-01-02 09:35:00",
        "max": "2026-05-29 15:00:00"
      },
      "fetch_segments": [
        {
          "provider": "baostock",
          "code": "sh.600096",
          "adjustflag": "2",
          "requested_start": "2018-01-01 09:30:00",
          "effective_start": "2018-01-01 09:30:00",
          "requested_end": "2020-01-02 09:30:00",
          "rows": 0
        },
        {
          "provider": "baostock",
          "code": "sh.600096",
          "adjustflag": "2",
          "requested_start": "2026-05-29 15:05:00",
          "effective_start": "2026-05-29 15:05:00",
          "requested_end": "2026-06-02 15:00:00",
          "rows": 96
        }
      ],
      "cache_after": {
        "rows": 74496,
        "min": "2020-01-02 09:35:00",
        "max": "2026-06-02 15:00:00"
      }
    },
    "benchmark_daily": {
      "cache_path": "/root/stock_realtime_v021_full/saved_data/600096_pipeline_out/00_base/raw_cache/000300_benchmark_daily_raw.csv",
      "requested_start": "2018-01-01",
      "requested_end": "2026-06-02",
      "mode": "incremental",
      "cache_before": {
        "rows": 2037,
        "min": "2018-01-02 00:00:00",
        "max": "2026-05-29 00:00:00"
      },
      "fetch_segments": [
        {
          "provider": "baostock",
          "code": "sh.000300",
          "rows": 0,
          "start": "2018-01-01",
          "end": "2018-01-01"
        },
        {
          "provider": "baostock",
          "code": "sh.000300",
          "rows": 2,
          "start": "2026-05-30",
          "end": "2026-06-02"
        }
      ],
      "cache_after": {
        "rows": 2039,
        "min": "2018-01-02 00:00:00",
        "max": "2026-06-02 00:00:00"
      }
    },
    "feature_build": {
      "mode": "stateful_incremental_append",
      "daily_context_days": 260,
      "intraday_context_days": 40,
      "daily_append": {
        "needed": true,
        "first_new_date": "2026-06-01 00:00:00",
        "context_start": "2025-05-06 00:00:00",
        "context_raw_rows": 262,
        "appended_rows": 2,
        "cache_before": {
          "rows": 2037,
          "min": "2018-01-02 00:00:00",
          "max": "2026-05-29 00:00:00"
        },
        "cache_after": {
          "rows": 2039,
          "min": "2018-01-02 00:00:00",
          "max": "2026-06-02 00:00:00"
        }
      },
      "intraday_append": {
        "needed": true,
        "first_new_datetime": "2026-06-01 09:35:00",
        "context_start_date": "2026-03-31 00:00:00",
        "context_raw_rows": 2016,
        "appended_rows": 96,
        "cache_before": {
          "rows": 74400,
          "min": "2020-01-02 09:35:00",
          "max": "2026-05-29 15:00:00"
        },
        "cache_after": {
          "rows": 74496,
          "min": "2020-01-02 09:35:00",
          "max": "2026-06-02 15:00:00"
        }
      }
    },
    "feature_state": {
      "daily_feature_max": "2026-06-02 00:00:00",
      "intraday_feature_max": "2026-06-02 15:00:00",
      "daily_context_days": 260,
      "intraday_context_days": 40,
      "feature_build_mode": "stateful_incremental_append"
    }
  }
}

[2026-06-02T20:44:10] RUN samples
  /usr/bin/python3 feature_building/build_nextday_samples_from_baostock.py --daily-features /root/stock_realtime_v021_full/saved_data/600096_pipeline_out/00_base/daily_features.csv --intraday-bars /root/stock_realtime_v021_full/saved_data/600096_pipeline_out/00_base/600096_5m.csv --out-dir /root/stock_realtime_v021_full/saved_data/600096_pipeline_out/01_samples --min-bars 40 --keep-unlabeled-tail
{
  "rows": 1552,
  "date_min": "2020-01-02",
  "date_max": "2026-06-02",
  "out": "/root/stock_realtime_v021_full/saved_data/600096_pipeline_out/01_samples/training_samples.csv"
}

[2026-06-02T20:44:11] RUN asof_samples
  /usr/bin/python3 feature_building/build_asof1455_training_samples.py --samples /root/stock_realtime_v021_full/saved_data/600096_pipeline_out/01_samples/training_samples.csv --intraday-bars /root/stock_realtime_v021_full/saved_data/600096_pipeline_out/00_base/600096_5m.csv --out-dir /root/stock_realtime_v021_full/saved_data/600096_pipeline_out/01_samples_asof1455 --cutoff-time 14:55 --min-bars 40
{
  "rows": 1552,
  "date_min": "2020-01-02",
  "date_max": "2026-06-02",
  "cutoff_time": "14:55",
  "min_bars": 40,
  "out": "/root/stock_realtime_v021_full/saved_data/600096_pipeline_out/01_samples_asof1455/training_samples_asof1455.csv"
}

[2026-06-02T20:44:12] RUN fundamental
  /usr/bin/python3 feature_building/build_fundamental_features.py --symbol 600096.SH --daily-samples /root/stock_realtime_v021_full/saved_data/600096_pipeline_out/01_samples_asof1455/training_samples_asof1455.csv --out-dir /root/stock_realtime_v021_full/saved_data/600096_pipeline_out/02_fundamental --start-date 2018-01-01 --end-date 2026-06-02 --fallback-lag-days 120 --skip-akshare
login success!
logout success!
{
  "rows": 1552,
  "date_min": "2020-01-02",
  "date_max": "2026-06-02",
  "source_errors": [],
  "top_missing_rates": {
    "profit_MBRevenue_chg4q": 0.8144329896907216,
    "profit_MBRevenue": 0.7809278350515464,
    "pbMRQ_rank252": 0.03801546391752577,
    "peTTM_rank252": 0.03801546391752577,
    "pcfNcfTTM_rank252": 0.03801546391752577,
    "psTTM_rank252": 0.03801546391752577,
    "profit_netProfit_chg4q": 0.002577319587628866,
    "growth_YOYNI_chg4q": 0.002577319587628866,
    "growth_YOYEPSBasic_chg4q": 0.002577319587628866,
    "growth_YOYPNI_chg4q": 0.002577319587628866,
    "profit_epsTTM_chg4q": 0.002577319587628866,
    "profit_totalShare_chg4q": 0.002577319587628866,
    "profit_liqaShare_chg4q": 0.002577319587628866,
    "growth_YOYEquity_chg4q": 0.002577319587628866,
    "growth_YOYAsset_chg4q": 0.002577319587628866,
    "dupont_dupontROE_chg4q": 0.002577319587628866,
    "cashflow_CAToAsset_chg4q": 0.002577319587628866,
    "cashflow_NCAToAsset_chg4q": 0.002577319587628866,
    "cashflow_tangibleAssetToAsset_chg4q": 0.002577319587628866,
    "cashflow_ebitToInterest_chg4q": 0.002577319587628866,
    "cashflow_CFOToOR_chg4q": 0.002577319587628866,
    "cashflow_CFOToNP_chg4q": 0.002577319587628866,
    "cashflow_CFOToGr_chg4q": 0.002577319587628866,
    "profit_npMargin_chg4q": 0.002577319587628866,
    "dupont_dupontAssetStoEquity_chg4q": 0.002577319587628866,
    "profit_roeAvg_chg4q": 0.002577319587628866,
    "solvency_currentRatio_chg4q": 0.002577319587628866,
    "solvency_quickRatio_chg4q": 0.002577319587628866,
    "solvency_cashRatio_chg4q": 0.002577319587628866,
    "solvency_YOYLiability_chg4q": 0.002577319587628866
  },
  "valuation_non_null": {
    "peTTM": 1552,
    "pbMRQ": 1552,
    "psTTM": 1552,
    "pcfNcfTTM": 1552
  },
  "future_effective_date_violations": 0,
  "rows_with_quarterly": 1552,
  "sample_rows": 1552,
  "quarterly_raw_rows": 37,
  "quarterly_used_pubDate_rows": 37,
  "quarterly_fallback_rows": 0,
  "elapsed_seconds": 27.107,
  "symbol": "600096",
  "baostock_code": "sh.600096",
  "valuation_rows": 2039,
  "fund_flow_rows": 0,
  "feature_columns": 95,
  "merged_columns": 185,
  "outputs": {
    "daily_valuation": "/root/stock_realtime_v021_full/saved_data/600096_pipeline_out/02_fundamental/baostock_daily_valuation.csv",
    "quarterly_fundamentals": "/root/stock_realtime_v021_full/saved_data/600096_pipeline_out/02_fundamental/baostock_quarterly_fundamentals_pit.csv",
    "fundamental_features": "/root/stock_realtime_v021_full/saved_data/600096_pipeline_out/02_fundamental/fundamental_features.csv",
    "merged_samples": "/root/stock_realtime_v021_full/saved_data/600096_pipeline_out/02_fundamental/training_samples_with_fundamentals.csv"
  }
}

[2026-06-02T20:44:40] RUN sector
  /usr/bin/python3 feature_building/build_sector_features.py --samples /root/stock_realtime_v021_full/saved_data/600096_pipeline_out/02_fundamental/training_samples_with_fundamentals.csv --out-dir /root/stock_realtime_v021_full/saved_data/600096_pipeline_out/03_sector --sector-symbol '农化制品' --start-date 2018-01-01 --end-date 2026-06-02

  0%|          | 0/9 [00:00<?, ?it/s]
 11%|█         | 1/9 [00:00<00:02,  4.00it/s]
 22%|██▏       | 2/9 [00:00<00:01,  3.78it/s]
 33%|███▎      | 3/9 [00:00<00:01,  3.94it/s]
 44%|████▍     | 4/9 [00:00<00:01,  4.17it/s]
 56%|█████▌    | 5/9 [00:01<00:00,  4.08it/s]
 67%|██████▋   | 6/9 [00:01<00:00,  4.28it/s]
 78%|███████▊  | 7/9 [00:01<00:00,  4.43it/s]
 89%|████████▉ | 8/9 [00:01<00:00,  4.44it/s]
100%|██████████| 9/9 [00:02<00:00,  4.69it/s]
                                             
/root/stock_realtime_v021_full/feature_building/build_sector_features.py:53: FutureWarning: The default fill_method='pad' in Series.pct_change is deprecated and will be removed in a future version. Either fill in any non-leading NA values prior to calling pct_change or specify 'fill_method=None' to not fill NA values.
  out["sector_ret1"] = out["sector_close"].pct_change()
{
  "sector_symbol": "农化制品",
  "sector_rows": 2038,
  "sector_date_min": "2018-01-02",
  "sector_date_max": "2026-06-01",
  "sample_rows": 1552,
  "merged_rows": 1552,
  "sector_feature_cols": 23,
  "top_missing": {
    "sector_ret60": 0.039304123711340205,
    "sector_ma60_gap": 0.01997422680412371,
    "stock_vs_sector_ret20": 0.013530927835051547,
    "sector_ret20": 0.013530927835051547,
    "sector_ma20_gap": 0.007087628865979381,
    "sector_volume_shock20": 0.007087628865979381,
    "sector_vol20": 0.007087628865979381,
    "sector_range_z20": 0.007087628865979381,
    "sector_amount_z20": 0.007087628865979381,
    "sector_volume_z20": 0.007087628865979381,
    "sector_amount_shock20": 0.007087628865979381,
    "sector_ret5": 0.003865979381443299,
    "stock_vs_sector_ret5": 0.003865979381443299,
    "sector_vs_bench_ret5": 0.003865979381443299,
    "sector_high": 0.0006443298969072165,
    "sector_open": 0.0006443298969072165,
    "sector_close": 0.0006443298969072165,
    "sector_ret1": 0.0006443298969072165,
    "sector_volume": 0.0006443298969072165,
    "sector_amount": 0.0006443298969072165
  },
  "outputs": {
    "sector_index": "/root/stock_realtime_v021_full/saved_data/600096_pipeline_out/03_sector/sector_index_ths.csv",
    "sector_features": "/root/stock_realtime_v021_full/saved_data/600096_pipeline_out/03_sector/sector_features.csv",
    "merged_samples": "/root/stock_realtime_v021_full/saved_data/600096_pipeline_out/03_sector/training_samples_with_sector.csv"
  }
}

[2026-06-02T20:44:44] RUN external_fertilizer
  /usr/bin/python3 feature_building/build_stock_external_features.py --samples /root/stock_realtime_v021_full/saved_data/600096_pipeline_out/03_sector/training_samples_with_sector.csv --out-dir /root/stock_realtime_v021_full/saved_data/600096_pipeline_out/04_external/fertilizer --profile fertilizer --target-symbol 600096.SH --start-date 2018-01-01 --end-date 2026-06-02 --adjust qfq --domestic-lag-days 0 --future-lag-days 1 --us-lag-days 1
/root/stock_realtime_v021_full/feature_building/build_stock_external_features.py:497: FutureWarning: The default fill_method='pad' in DataFrame.pct_change is deprecated and will be removed in a future version. Either fill in any non-leading NA values prior to calling pct_change or specify 'fill_method=None' to not fill NA values.
  returns = out[cols].apply(pd.to_numeric, errors="coerce").pct_change()
login success!

  0%|          | 0/9 [00:00<?, ?it/s]
 11%|█         | 1/9 [00:00<00:01,  4.67it/s]
 22%|██▏       | 2/9 [00:00<00:01,  4.18it/s]
 33%|███▎      | 3/9 [00:00<00:01,  3.91it/s]
 44%|████▍     | 4/9 [00:00<00:01,  3.96it/s]
 56%|█████▌    | 5/9 [00:01<00:00,  4.01it/s]
 67%|██████▋   | 6/9 [00:01<00:00,  3.98it/s]
 78%|███████▊  | 7/9 [00:01<00:00,  3.98it/s]
 89%|████████▉ | 8/9 [00:02<00:00,  2.02it/s]
100%|██████████| 9/9 [00:02<00:00,  2.45it/s]
                                             

  0%|          | 0/9 [00:00<?, ?it/s]
 11%|█         | 1/9 [00:00<00:01,  4.16it/s]
 22%|██▏       | 2/9 [00:00<00:01,  4.31it/s]
 33%|███▎      | 3/9 [00:00<00:01,  4.20it/s]
 44%|████▍     | 4/9 [00:00<00:01,  4.22it/s]
 56%|█████▌    | 5/9 [00:01<00:00,  4.18it/s]
 67%|██████▋   | 6/9 [00:01<00:00,  4.36it/s]
 78%|███████▊  | 7/9 [00:01<00:00,  4.09it/s]
 89%|████████▉ | 8/9 [00:01<00:00,  4.04it/s]
100%|██████████| 9/9 [00:02<00:00,  4.25it/s]
                                             

  0%|          | 0/9 [00:00<?, ?it/s]
 11%|█         | 1/9 [00:00<00:02,  3.68it/s]
 22%|██▏       | 2/9 [00:00<00:01,  3.97it/s]
 33%|███▎      | 3/9 [00:00<00:01,  4.20it/s]
 44%|████▍     | 4/9 [00:00<00:01,  4.09it/s]
 56%|█████▌    | 5/9 [00:01<00:00,  4.26it/s]
 67%|██████▋   | 6/9 [00:01<00:00,  4.13it/s]
 78%|███████▊  | 7/9 [00:01<00:00,  4.23it/s]
 89%|████████▉ | 8/9 [00:01<00:00,  4.17it/s]
100%|██████████| 9/9 [00:02<00:00,  4.35it/s]
                                             
{
  "profile": "fertilizer",
  "description": "Fertilizer/agri-chemical commodities and peer proxy for 云天化",
  "sample_rows": 1552,
  "merged_rows": 1552,
  "raw_rows": 2039,
  "raw_date_min": "2018-01-02",
  "raw_date_max": "2026-06-02",
  "lag_days_legacy": null,
  "lag_policy": {
    "domestic": 0,
    "futures": 1,
    "us": 1
  },
  "enable_us_yf": false,
  "feature_cols": 537,
  "source_meta": {
    "profile": {
      "key": "fertilizer",
      "prefix": "fert",
      "description": "Fertilizer/agri-chemical commodities and peer proxy for 云天化",
      "stocks": [
        "600141",
        "000422",
        "002895",
        "002539",
        "000830",
        "000893"
      ],
      "etfs": [
        "159865",
        "516220"
      ],
      "futures": [
        "UR0",
        "MA0",
        "SA0",
        "C0",
        "M0",
        "JM0",
        "ZC0"
      ],
      "boards": [
        "农化制品",
        "化学制品",
        "化学原料"
      ],
      "us_tickers": []
    },
    "used": {
      "stocks": [
        "600141",
        "000422",
        "002895",
        "002539",
        "000830",
        "000893"
      ],
      "etfs": [
        "159865",
        "516220"
      ],
      "futures": [
        "UR0",
        "MA0",
        "SA0",
        "C0",
        "M0",
        "JM0",
        "ZC0"
      ],
      "boards": [
        "农化制品",
        "化学制品",
        "化学原料"
      ],
      "us_yf": []
    },
    "start_date": "20180101",
    "end_date": "20260602",
    "target_symbol_excluded": "600096",
    "em_sources_used": false,
    "baostock_cache_dir": "/root/stock_realtime_v021_full/saved_data/600096_pipeline_out/04_external/fertilizer/baostock_external_cache",
    "us_yfinance_enabled": false
  },
  "errors": {},
  "top_missing": {
    "fert_etf_159865_range_pct_ret60": 0.976159793814433,
    "fert_etf_basket_close_ret60": 0.976159793814433,
    "fert_etf_159865_close_ret60": 0.976159793814433,
    "fert_etf_516220_close_ret60": 0.976159793814433,
    "fert_etf_516220_range_pct_ret60": 0.976159793814433,
    "fert_etf_basket_close_ret20": 0.9503865979381443,
    "fert_etf_159865_range_pct_z60": 0.9503865979381443,
    "fert_etf_516220_range_pct_z60": 0.9503865979381443,
    "fert_etf_516220_range_pct_ret20": 0.9503865979381443,
    "fert_etf_159865_close_ret20": 0.9503865979381443,
    "fert_etf_516220_close_ret20": 0.9503865979381443,
    "fert_etf_basket_close_z60": 0.9503865979381443,
    "fert_etf_159865_range_pct_ret20": 0.9503865979381443,
    "fert_etf_159865_close_z60": 0.9503865979381443,
    "fert_stock_vs_etf_basket_ret20": 0.9503865979381443,
    "fert_etf_516220_close_z60": 0.9503865979381443,
    "fert_etf_basket_close_vol20": 0.9445876288659794,
    "fert_etf_516220_close_vol20": 0.9445876288659794,
    "fert_etf_159865_close_vol20": 0.9445876288659794,
    "fert_etf_516220_range_pct_ma20_gap": 0.9439432989690721,
    "fert_etf_516220_range_pct_z20": 0.9439432989690721,
    "fert_etf_516220_volume_z20": 0.9439432989690721,
    "fert_etf_basket_close_ma20_gap": 0.9439432989690721,
    "fert_etf_159865_range_pct_ma20_gap": 0.9439432989690721,
    "fert_etf_516220_volume_shock20": 0.9439432989690721,
    "fert_etf_159865_range_pct_z20": 0.9439432989690721,
    "fert_etf_basket_close_z20": 0.9439432989690721,
    "fert_etf_159865_close_ma20_gap": 0.9439432989690721,
    "fert_etf_516220_close_z20": 0.9439432989690721,
    "fert_etf_159865_close_z20": 0.9439432989690721,
    "fert_etf_159865_volume_z20": 0.9439432989690721,
    "fert_etf_516220_close_ma20_gap": 0.9439432989690721,
    "fert_etf_159865_volume_shock20": 0.9439432989690721,
    "fert_stock_vs_etf_basket_ret5": 0.9407216494845361,
    "fert_etf_159865_range_pct_ret5": 0.9407216494845361,
    "fert_etf_basket_close_ret5": 0.9407216494845361,
    "fert_etf_516220_close_ret5": 0.9407216494845361,
    "fert_etf_516220_range_pct_ret5": 0.9407216494845361,
    "fert_etf_159865_close_ret5": 0.9407216494845361,
    "fert_etf_516220_range_pct_ret3": 0.9394329896907216,
    "fert_etf_159865_range_pct_ret3": 0.9394329896907216,
    "fert_etf_basket_close_ret3": 0.9394329896907216,
    "fert_etf_516220_close_ret3": 0.9394329896907216,
    "fert_etf_159865_close_ret3": 0.9394329896907216,
    "fert_etf_516220_range_pct_ret1": 0.9381443298969072,
    "fert_etf_159865_range_pct_ret1": 0.9381443298969072,
    "fert_etf_159865_close_ret1": 0.9381443298969072,
    "fert_etf_516220_close_ret1": 0.9381443298969072,
    "fert_etf_basket_close_ret1": 0.9381443298969072,
    "fert_etf_516220_high": 0.9375
  },
  "outputs": {
    "features": "/root/stock_realtime_v021_full/saved_data/600096_pipeline_out/04_external/fertilizer/stock_external_features_fertilizer.csv",
    "merged_samples": "/root/stock_realtime_v021_full/saved_data/600096_pipeline_out/04_external/fertilizer/training_samples_with_fertilizer_external.csv",
    "report": "/root/stock_realtime_v021_full/saved_data/600096_pipeline_out/04_external/fertilizer/validation_report.json"
  }
}
logout success!
[INFO] final samples for search: /root/stock_realtime_v021_full/saved_data/600096_pipeline_out/04_external/fertilizer/training_samples_with_fertilizer_external.csv
=== nextday pipeline end: 2026-06-02T20:45:13 status=ok ===
