=== nextday pipeline start: 2026-05-16T12:22:33 ===
symbol=600487.SH, out_root=/root/stock_realtime_v021_full/saved_data/600487_pipeline_out

[2026-05-16T12:22:33] RUN update_data
  /usr/bin/python3 bootstrap/ashare_xgb_dual_opportunity_regression_baostock_full_v19_compressed_trading_axis.py --mode update_data --symbol 600487 --benchmark_symbol 000300 --daily_start 2018-01-01 --daily_end 2026-05-16 --intraday_start '2018-01-01 09:30:00' --intraday_end '2026-05-16 15:00:00' --output_dir /root/stock_realtime_v021_full/saved_data/600487_pipeline_out/00_base --cache_mode incremental --feature_cache_mode incremental --adjust qfq
/root/stock_realtime_v021_full/bootstrap/ashare_fetch_and_train_xgb_sell_signal_baostock_state_cache_helper_fix2.py:246: FutureWarning: The behavior of DataFrame concatenation with empty or all-NA entries is deprecated. In a future version, this will no longer exclude empty or all-NA columns when determining the result dtypes. To retain the old behavior, exclude the relevant entries before the concat operation.
  merged = _normalize_daily_df(pd.concat([df_old, df_new], axis=0, ignore_index=True))
/root/stock_realtime_v021_full/bootstrap/ashare_fetch_and_train_xgb_sell_signal_baostock_state_cache_helper_fix2.py:248: FutureWarning: The behavior of DataFrame concatenation with empty or all-NA entries is deprecated. In a future version, this will no longer exclude empty or all-NA columns when determining the result dtypes. To retain the old behavior, exclude the relevant entries before the concat operation.
  merged = _normalize_intraday_df(pd.concat([df_old, df_new], axis=0, ignore_index=True))
/root/stock_realtime_v021_full/bootstrap/ashare_fetch_and_train_xgb_sell_signal_baostock_state_cache_helper_fix2.py:254: FutureWarning: The behavior of DataFrame concatenation with empty or all-NA entries is deprecated. In a future version, this will no longer exclude empty or all-NA columns when determining the result dtypes. To retain the old behavior, exclude the relevant entries before the concat operation.
  merged = _normalize_bench_df(pd.concat([df_old, df_new], axis=0, ignore_index=True))
/root/stock_realtime_v021_full/bootstrap/ashare_fetch_and_train_xgb_sell_signal_baostock_state_cache_helper_fix2.py:250: FutureWarning: The behavior of DataFrame concatenation with empty or all-NA entries is deprecated. In a future version, this will no longer exclude empty or all-NA columns when determining the result dtypes. To retain the old behavior, exclude the relevant entries before the concat operation.
  merged = _normalize_daily_feature_df(pd.concat([df_old, df_new], axis=0, ignore_index=True))
/root/stock_realtime_v021_full/bootstrap/ashare_fetch_and_train_xgb_sell_signal_baostock_state_cache_helper_fix2.py:252: FutureWarning: The behavior of DataFrame concatenation with empty or all-NA entries is deprecated. In a future version, this will no longer exclude empty or all-NA columns when determining the result dtypes. To retain the old behavior, exclude the relevant entries before the concat operation.
  merged = _normalize_intraday_feature_df(pd.concat([df_old, df_new], axis=0, ignore_index=True))
login success!
logout success!
login success!
logout success!
login success!
logout success!
{
  "mode": "update_data",
  "symbol": "600487",
  "data_source": "baostock",
  "daily_rows": 2027,
  "intraday_rows": 73920,
  "daily_min": "2018-01-02 00:00:00",
  "daily_max": "2026-05-15 00:00:00",
  "intraday_min": "2020-01-02 09:35:00",
  "intraday_max": "2026-05-15 15:00:00",
  "base_paths": {
    "daily_csv": "/root/stock_realtime_v021_full/saved_data/600487_pipeline_out/00_base/600487_daily.csv",
    "intraday_csv": "/root/stock_realtime_v021_full/saved_data/600487_pipeline_out/00_base/600487_5m.csv",
    "benchmark_csv": "/root/stock_realtime_v021_full/saved_data/600487_pipeline_out/00_base/000300_benchmark_daily.csv",
    "raw_daily_cache_csv": "/root/stock_realtime_v021_full/saved_data/600487_pipeline_out/00_base/raw_cache/600487_daily_raw.csv",
    "raw_intraday_cache_csv": "/root/stock_realtime_v021_full/saved_data/600487_pipeline_out/00_base/raw_cache/600487_5m_raw.csv",
    "raw_benchmark_cache_csv": "/root/stock_realtime_v021_full/saved_data/600487_pipeline_out/00_base/raw_cache/000300_benchmark_daily_raw.csv",
    "daily_features_csv": "/root/stock_realtime_v021_full/saved_data/600487_pipeline_out/00_base/daily_features.csv",
    "intraday_features_csv": "/root/stock_realtime_v021_full/saved_data/600487_pipeline_out/00_base/intraday_features.csv",
    "daily_features_cache_csv": "/root/stock_realtime_v021_full/saved_data/600487_pipeline_out/00_base/feature_cache/daily_features_cache.csv",
    "intraday_features_cache_csv": "/root/stock_realtime_v021_full/saved_data/600487_pipeline_out/00_base/feature_cache/intraday_features_cache.csv",
    "feature_state_json": "/root/stock_realtime_v021_full/saved_data/600487_pipeline_out/00_base/feature_cache/feature_state.json"
  },
  "fetch_logs": {
    "symbol": "600487",
    "benchmark_symbol": "000300",
    "daily_start": "2018-01-01",
    "daily_end": "2026-05-16",
    "intraday_start": "2018-01-01 09:30:00",
    "intraday_end": "2026-05-16 15:00:00",
    "perf_start": "2018-01-01",
    "data_source": "baostock",
    "cache_mode": "incremental",
    "force_refresh": false,
    "raw_cache_dir": "/root/stock_realtime_v021_full/saved_data/600487_pipeline_out/00_base/raw_cache",
    "feature_cache_dir": "/root/stock_realtime_v021_full/saved_data/600487_pipeline_out/00_base/feature_cache",
    "feature_cache_mode": "incremental",
    "daily": {
      "cache_path": "/root/stock_realtime_v021_full/saved_data/600487_pipeline_out/00_base/raw_cache/600487_daily_raw.csv",
      "requested_start": "2018-01-01",
      "requested_end": "2026-05-16",
      "mode": "initial_fetch",
      "fetch_segments": [
        {
          "provider": "baostock",
          "code": "sh.600487",
          "adjustflag": "2",
          "rows": 2027,
          "start": "2018-01-01",
          "end": "2026-05-16"
        }
      ],
      "cache_after": {
        "rows": 2027,
        "min": "2018-01-02 00:00:00",
        "max": "2026-05-15 00:00:00"
      }
    },
    "intraday_5m": {
      "cache_path": "/root/stock_realtime_v021_full/saved_data/600487_pipeline_out/00_base/raw_cache/600487_5m_raw.csv",
      "requested_start": "2018-01-01 09:30:00",
      "requested_end": "2026-05-16 15:00:00",
      "mode": "initial_fetch",
      "fetch_segments": [
        {
          "provider": "baostock",
          "code": "sh.600487",
          "adjustflag": "2",
          "requested_start": "2018-01-01 09:30:00",
          "effective_start": "2018-01-01 09:30:00",
          "requested_end": "2026-05-16 15:00:00",
          "rows": 73920
        }
      ],
      "cache_after": {
        "rows": 73920,
        "min": "2020-01-02 09:35:00",
        "max": "2026-05-15 15:00:00"
      }
    },
    "benchmark_daily": {
      "cache_path": "/root/stock_realtime_v021_full/saved_data/600487_pipeline_out/00_base/raw_cache/000300_benchmark_daily_raw.csv",
      "requested_start": "2018-01-01",
      "requested_end": "2026-05-16",
      "mode": "initial_fetch",
      "fetch_segments": [
        {
          "provider": "baostock",
          "code": "sh.000300",
          "rows": 2027,
          "start": "2018-01-01",
          "end": "2026-05-16"
        }
      ],
      "cache_after": {
        "rows": 2027,
        "min": "2018-01-02 00:00:00",
        "max": "2026-05-15 00:00:00"
      }
    },
    "feature_build": {
      "mode": "full_rebuild",
      "reason": "feature_cache_missing",
      "daily_cache_after": {
        "rows": 2027,
        "min": "2018-01-02 00:00:00",
        "max": "2026-05-15 00:00:00"
      },
      "intraday_cache_after": {
        "rows": 73920,
        "min": "2020-01-02 09:35:00",
        "max": "2026-05-15 15:00:00"
      },
      "daily_context_days": 260,
      "intraday_context_days": 40,
      "daily_appended_rows": 2027,
      "intraday_appended_rows": 73920
    },
    "feature_state": {
      "daily_feature_max": "2026-05-15 00:00:00",
      "intraday_feature_max": "2026-05-15 15:00:00",
      "daily_context_days": 260,
      "intraday_context_days": 40,
      "feature_build_mode": "full_rebuild"
    }
  }
}

[2026-05-16T12:25:29] RUN samples
  /usr/bin/python3 feature_building/build_nextday_samples_from_baostock.py --daily-features /root/stock_realtime_v021_full/saved_data/600487_pipeline_out/00_base/daily_features.csv --intraday-bars /root/stock_realtime_v021_full/saved_data/600487_pipeline_out/00_base/600487_5m.csv --out-dir /root/stock_realtime_v021_full/saved_data/600487_pipeline_out/01_samples --min-bars 40 --keep-unlabeled-tail
{
  "rows": 1540,
  "date_min": "2020-01-02",
  "date_max": "2026-05-15",
  "out": "/root/stock_realtime_v021_full/saved_data/600487_pipeline_out/01_samples/training_samples.csv"
}

[2026-05-16T12:25:30] RUN fundamental
  /usr/bin/python3 feature_building/build_fundamental_features.py --symbol 600487.SH --daily-samples /root/stock_realtime_v021_full/saved_data/600487_pipeline_out/01_samples/training_samples.csv --out-dir /root/stock_realtime_v021_full/saved_data/600487_pipeline_out/02_fundamental --start-date 2018-01-01 --end-date 2026-05-16 --fallback-lag-days 120
login success!
logout success!
{
  "rows": 1540,
  "date_min": "2020-01-02",
  "date_max": "2026-05-15",
  "source_errors": [],
  "top_missing_rates": {
    "ak_fund_小单净流入-净额_sum10": 0.9246753246753247,
    "ak_fund_主力净流入-净额_sum10": 0.9246753246753247,
    "ak_fund_主力净流入-净占比_sum10": 0.9246753246753247,
    "ak_fund_涨跌幅_sum10": 0.9246753246753247,
    "ak_fund_收盘价_sum10": 0.9246753246753247,
    "ak_fund_中单净流入-净额_sum10": 0.9246753246753247,
    "ak_fund_中单净流入-净占比_sum10": 0.9246753246753247,
    "ak_fund_小单净流入-净占比_sum10": 0.9246753246753247,
    "ak_fund_超大单净流入-净额_sum10": 0.9246753246753247,
    "ak_fund_大单净流入-净额_sum10": 0.9246753246753247,
    "ak_fund_大单净流入-净占比_sum10": 0.9246753246753247,
    "ak_fund_超大单净流入-净占比_sum10": 0.9246753246753247,
    "ak_fund_涨跌幅_sum5": 0.9233766233766234,
    "ak_fund_主力净流入-净占比_sum5": 0.9233766233766234,
    "ak_fund_主力净流入-净额_sum5": 0.9233766233766234,
    "ak_fund_收盘价_sum5": 0.9233766233766234,
    "ak_fund_超大单净流入-净占比_sum5": 0.9233766233766234,
    "ak_fund_中单净流入-净占比_sum5": 0.9233766233766234,
    "ak_fund_中单净流入-净额_sum5": 0.9233766233766234,
    "ak_fund_小单净流入-净额_sum5": 0.9233766233766234,
    "ak_fund_小单净流入-净占比_sum5": 0.9233766233766234,
    "ak_fund_大单净流入-净占比_sum5": 0.9233766233766234,
    "ak_fund_大单净流入-净额_sum5": 0.9233766233766234,
    "ak_fund_超大单净流入-净额_sum5": 0.9233766233766234,
    "ak_fund_大单净流入-净额": 0.922077922077922,
    "ak_fund_超大单净流入-净占比": 0.922077922077922,
    "ak_fund_超大单净流入-净额": 0.922077922077922,
    "ak_fund_收盘价": 0.922077922077922,
    "ak_fund_涨跌幅": 0.922077922077922,
    "ak_fund_中单净流入-净额": 0.922077922077922
  },
  "valuation_non_null": {
    "peTTM": 1540,
    "pbMRQ": 1540,
    "psTTM": 1540,
    "pcfNcfTTM": 1540
  },
  "future_effective_date_violations": 0,
  "rows_with_quarterly": 1540,
  "sample_rows": 1540,
  "quarterly_raw_rows": 37,
  "quarterly_used_pubDate_rows": 37,
  "quarterly_fallback_rows": 0,
  "elapsed_seconds": 19.44,
  "symbol": "600487",
  "baostock_code": "sh.600487",
  "valuation_rows": 2027,
  "fund_flow_rows": 120,
  "feature_columns": 125,
  "merged_columns": 194,
  "outputs": {
    "daily_valuation": "/root/stock_realtime_v021_full/saved_data/600487_pipeline_out/02_fundamental/baostock_daily_valuation.csv",
    "quarterly_fundamentals": "/root/stock_realtime_v021_full/saved_data/600487_pipeline_out/02_fundamental/baostock_quarterly_fundamentals_pit.csv",
    "fundamental_features": "/root/stock_realtime_v021_full/saved_data/600487_pipeline_out/02_fundamental/fundamental_features.csv",
    "merged_samples": "/root/stock_realtime_v021_full/saved_data/600487_pipeline_out/02_fundamental/training_samples_with_fundamentals.csv"
  }
}

[2026-05-16T12:25:51] RUN sector
  /usr/bin/python3 feature_building/build_sector_features.py --samples /root/stock_realtime_v021_full/saved_data/600487_pipeline_out/02_fundamental/training_samples_with_fundamentals.csv --out-dir /root/stock_realtime_v021_full/saved_data/600487_pipeline_out/03_sector --sector-symbol '通信设备' --start-date 2018-01-01 --end-date 2026-05-16

  0%|          | 0/9 [00:00<?, ?it/s]
 11%|█         | 1/9 [00:00<00:01,  4.58it/s]
 22%|██▏       | 2/9 [00:00<00:01,  4.61it/s]
 33%|███▎      | 3/9 [00:00<00:01,  4.50it/s]
 44%|████▍     | 4/9 [00:00<00:01,  4.23it/s]
 56%|█████▌    | 5/9 [00:01<00:00,  4.10it/s]
 67%|██████▋   | 6/9 [00:01<00:00,  3.86it/s]
 78%|███████▊  | 7/9 [00:01<00:00,  3.86it/s]
 89%|████████▉ | 8/9 [00:01<00:00,  3.99it/s]
100%|██████████| 9/9 [00:02<00:00,  4.35it/s]
                                             
{
  "sector_symbol": "通信设备",
  "sector_rows": 2027,
  "sector_date_min": "2018-01-02",
  "sector_date_max": "2026-05-15",
  "sample_rows": 1540,
  "merged_rows": 1540,
  "sector_feature_cols": 23,
  "top_missing": {
    "sector_ret60": 0.03896103896103896,
    "sector_ma60_gap": 0.01948051948051948,
    "stock_vs_sector_ret20": 0.012987012987012988,
    "sector_ret20": 0.012987012987012988,
    "sector_vol20": 0.007142857142857143,
    "sector_ma20_gap": 0.006493506493506494,
    "sector_range_z20": 0.006493506493506494,
    "sector_volume_shock20": 0.006493506493506494,
    "sector_amount_z20": 0.006493506493506494,
    "sector_volume_z20": 0.006493506493506494,
    "sector_amount_shock20": 0.006493506493506494,
    "sector_ret5": 0.003246753246753247,
    "stock_vs_sector_ret5": 0.003246753246753247,
    "sector_vs_bench_ret5": 0.003246753246753247,
    "stock_vs_sector_ret1": 0.0006493506493506494,
    "sector_ret1": 0.0006493506493506494,
    "sector_amount": 0.0,
    "sector_volume": 0.0,
    "sector_close": 0.0,
    "sector_low": 0.0
  },
  "outputs": {
    "sector_index": "/root/stock_realtime_v021_full/saved_data/600487_pipeline_out/03_sector/sector_index_ths.csv",
    "sector_features": "/root/stock_realtime_v021_full/saved_data/600487_pipeline_out/03_sector/sector_features.csv",
    "merged_samples": "/root/stock_realtime_v021_full/saved_data/600487_pipeline_out/03_sector/training_samples_with_sector.csv"
  }
}

[2026-05-16T12:25:55] RUN external_optical_cable_grid
  /usr/bin/python3 feature_building/build_stock_external_features.py --samples /root/stock_realtime_v021_full/saved_data/600487_pipeline_out/03_sector/training_samples_with_sector.csv --out-dir /root/stock_realtime_v021_full/saved_data/600487_pipeline_out/04_external/optical_cable_grid --profile optical_cable_grid --target-symbol 600487.SH --start-date 2018-01-01 --end-date 2026-05-16 --adjust qfq --domestic-lag-days 0 --future-lag-days 1 --us-lag-days 1
login success!

  0%|          | 0/9 [00:00<?, ?it/s]
 11%|█         | 1/9 [00:00<00:02,  3.93it/s]
 22%|██▏       | 2/9 [00:00<00:01,  3.80it/s]
 33%|███▎      | 3/9 [00:00<00:01,  4.18it/s]
 44%|████▍     | 4/9 [00:00<00:01,  4.04it/s]
 56%|█████▌    | 5/9 [00:01<00:00,  4.20it/s]
 67%|██████▋   | 6/9 [00:01<00:00,  4.39it/s]
 78%|███████▊  | 7/9 [00:01<00:00,  4.24it/s]
 89%|████████▉ | 8/9 [00:01<00:00,  4.14it/s]
100%|██████████| 9/9 [00:02<00:00,  4.25it/s]
                                             

  0%|          | 0/9 [00:00<?, ?it/s]
 11%|█         | 1/9 [00:00<00:01,  4.37it/s]
 22%|██▏       | 2/9 [00:00<00:01,  4.34it/s]
 33%|███▎      | 3/9 [00:00<00:01,  4.29it/s]
 44%|████▍     | 4/9 [00:00<00:01,  4.35it/s]
 56%|█████▌    | 5/9 [00:01<00:00,  4.24it/s]
 67%|██████▋   | 6/9 [00:01<00:00,  4.13it/s]
 78%|███████▊  | 7/9 [00:01<00:00,  4.31it/s]
 89%|████████▉ | 8/9 [00:01<00:00,  4.19it/s]
100%|██████████| 9/9 [00:02<00:00,  4.29it/s]
                                             

  0%|          | 0/9 [00:00<?, ?it/s]
 11%|█         | 1/9 [00:00<00:01,  4.56it/s]
 22%|██▏       | 2/9 [00:00<00:01,  4.22it/s]
 33%|███▎      | 3/9 [00:00<00:01,  4.10it/s]
 44%|████▍     | 4/9 [00:00<00:01,  3.98it/s]
 56%|█████▌    | 5/9 [00:01<00:01,  3.94it/s]
 67%|██████▋   | 6/9 [00:01<00:00,  4.12it/s]
 78%|███████▊  | 7/9 [00:01<00:00,  4.13it/s]
 89%|████████▉ | 8/9 [00:01<00:00,  4.05it/s]
100%|██████████| 9/9 [00:02<00:00,  4.41it/s]
                                             

  0%|          | 0/9 [00:00<?, ?it/s]
 11%|█         | 1/9 [00:00<00:01,  4.96it/s]
 22%|██▏       | 2/9 [00:00<00:01,  4.35it/s]
 33%|███▎      | 3/9 [00:00<00:01,  3.99it/s]
 44%|████▍     | 4/9 [00:00<00:01,  4.28it/s]
 56%|█████▌    | 5/9 [00:01<00:00,  4.05it/s]
 67%|██████▋   | 6/9 [00:01<00:00,  4.28it/s]
 78%|███████▊  | 7/9 [00:01<00:00,  4.14it/s]
 89%|████████▉ | 8/9 [00:01<00:00,  4.26it/s]
100%|██████████| 9/9 [00:02<00:00,  4.24it/s]
                                             
{
  "profile": "optical_cable_grid",
  "description": "Optical communication + power cable/grid/offshore-wind proxy for 中天科技/亨通光电",
  "sample_rows": 1540,
  "merged_rows": 1540,
  "raw_rows": 2027,
  "raw_date_min": "2018-01-02",
  "raw_date_max": "2026-05-15",
  "lag_days_legacy": null,
  "lag_policy": {
    "domestic": 0,
    "futures": 1,
    "us": 1
  },
  "enable_us_yf": false,
  "feature_cols": 595,
  "source_meta": {
    "profile": {
      "key": "optical_cable_grid",
      "prefix": "ocg",
      "description": "Optical communication + power cable/grid/offshore-wind proxy for 中天科技/亨通光电",
      "stocks": [
        "300308",
        "300502",
        "300394",
        "600522",
        "600487",
        "603606",
        "600973",
        "601869",
        "600498",
        "600406",
        "601179"
      ],
      "etfs": [
        "515050",
        "159994",
        "159819",
        "512480",
        "515790"
      ],
      "futures": [
        "CU0",
        "AL0"
      ],
      "boards": [
        "通信设备",
        "电网设备",
        "风电设备",
        "消费电子"
      ],
      "us_tickers": []
    },
    "used": {
      "stocks": [
        "300308",
        "300502",
        "300394",
        "600522",
        "603606",
        "600973",
        "601869",
        "600498",
        "600406",
        "601179"
      ],
      "etfs": [
        "515050",
        "159994",
        "159819",
        "512480",
        "515790"
      ],
      "futures": [
        "CU0",
        "AL0"
      ],
      "boards": [
        "通信设备",
        "电网设备",
        "风电设备",
        "消费电子"
      ],
      "us_yf": []
    },
    "start_date": "20180101",
    "end_date": "20260516",
    "target_symbol_excluded": "600487",
    "em_sources_used": false,
    "baostock_cache_dir": "/root/stock_realtime_v021_full/saved_data/600487_pipeline_out/04_external/optical_cable_grid/baostock_external_cache",
    "us_yfinance_enabled": false
  },
  "errors": {},
  "top_missing": {
    "ocg_etf_515790_close_ret60": 0.9837662337662337,
    "ocg_etf_515050_close_ret60": 0.9837662337662337,
    "ocg_etf_515790_range_pct_ret60": 0.9837662337662337,
    "ocg_etf_512480_range_pct_ret60": 0.9837662337662337,
    "ocg_etf_512480_close_ret60": 0.9837662337662337,
    "ocg_etf_159819_range_pct_ret60": 0.9837662337662337,
    "ocg_etf_basket_close_ret60": 0.9837662337662337,
    "ocg_etf_159819_close_ret60": 0.9837662337662337,
    "ocg_etf_515050_range_pct_ret60": 0.9837662337662337,
    "ocg_etf_159994_range_pct_ret60": 0.9837662337662337,
    "ocg_etf_159994_close_ret60": 0.9837662337662337,
    "ocg_etf_515790_close_z60": 0.9577922077922078,
    "ocg_etf_515790_close_ret20": 0.9577922077922078,
    "ocg_etf_515050_close_ret20": 0.9577922077922078,
    "ocg_etf_159994_close_z60": 0.9577922077922078,
    "ocg_etf_159994_range_pct_ret20": 0.9577922077922078,
    "ocg_etf_512480_range_pct_z60": 0.9577922077922078,
    "ocg_etf_512480_range_pct_ret20": 0.9577922077922078,
    "ocg_etf_159994_close_ret20": 0.9577922077922078,
    "ocg_etf_512480_close_ret20": 0.9577922077922078,
    "ocg_etf_515050_close_z60": 0.9577922077922078,
    "ocg_etf_515050_range_pct_ret20": 0.9577922077922078,
    "ocg_etf_159819_range_pct_z60": 0.9577922077922078,
    "ocg_etf_515050_range_pct_z60": 0.9577922077922078,
    "ocg_etf_159819_range_pct_ret20": 0.9577922077922078,
    "ocg_etf_159819_close_z60": 0.9577922077922078,
    "ocg_etf_159819_close_ret20": 0.9577922077922078,
    "ocg_etf_159994_range_pct_z60": 0.9577922077922078,
    "ocg_etf_512480_close_z60": 0.9577922077922078,
    "ocg_etf_basket_close_ret20": 0.9577922077922078,
    "ocg_stock_vs_etf_basket_ret20": 0.9577922077922078,
    "ocg_etf_515790_range_pct_z60": 0.9577922077922078,
    "ocg_etf_basket_close_z60": 0.9577922077922078,
    "ocg_etf_515790_range_pct_ret20": 0.9577922077922078,
    "ocg_etf_515050_close_vol20": 0.951948051948052,
    "ocg_etf_512480_close_vol20": 0.951948051948052,
    "ocg_etf_159819_close_vol20": 0.951948051948052,
    "ocg_etf_515790_close_vol20": 0.951948051948052,
    "ocg_etf_159994_close_vol20": 0.951948051948052,
    "ocg_etf_basket_close_vol20": 0.951948051948052,
    "ocg_etf_159994_close_ma20_gap": 0.9512987012987013,
    "ocg_etf_159819_volume_shock20": 0.9512987012987013,
    "ocg_etf_159819_range_pct_z20": 0.9512987012987013,
    "ocg_etf_159994_close_z20": 0.9512987012987013,
    "ocg_etf_159819_range_pct_ma20_gap": 0.9512987012987013,
    "ocg_etf_159994_range_pct_ma20_gap": 0.9512987012987013,
    "ocg_etf_159994_range_pct_z20": 0.9512987012987013,
    "ocg_etf_159819_close_z20": 0.9512987012987013,
    "ocg_etf_159819_close_ma20_gap": 0.9512987012987013,
    "ocg_etf_basket_close_z20": 0.9512987012987013
  },
  "outputs": {
    "features": "/root/stock_realtime_v021_full/saved_data/600487_pipeline_out/04_external/optical_cable_grid/stock_external_features_optical_cable_grid.csv",
    "merged_samples": "/root/stock_realtime_v021_full/saved_data/600487_pipeline_out/04_external/optical_cable_grid/training_samples_with_optical_cable_grid_external.csv",
    "report": "/root/stock_realtime_v021_full/saved_data/600487_pipeline_out/04_external/optical_cable_grid/validation_report.json"
  }
}
logout success!
[INFO] final samples for search: /root/stock_realtime_v021_full/saved_data/600487_pipeline_out/04_external/optical_cable_grid/training_samples_with_optical_cable_grid_external.csv
=== nextday pipeline end: 2026-05-16T12:26:26 status=ok ===
=== nextday pipeline start: 2026-05-17T21:58:51 ===
symbol=600487.SH, out_root=D:\VSCodeWorkspace\stock_realtime_v021_full\saved_data\600487_pipeline_out

[2026-05-17T21:58:51] RUN update_data
  'D:\VSCodeWorkspace\stockAnalysis\.venv\Scripts\python.exe' bootstrap/ashare_xgb_dual_opportunity_regression_baostock_full_v19_compressed_trading_axis.py --mode update_data --symbol 600487 --benchmark_symbol 000300 --daily_start 2018-01-01 --daily_end 2026-05-17 --intraday_start '2018-01-01 09:30:00' --intraday_end '2026-05-17 15:00:00' --output_dir 'D:\VSCodeWorkspace\stock_realtime_v021_full\saved_data\600487_pipeline_out\00_base' --cache_mode incremental --feature_cache_mode incremental --adjust qfq
login success!
logout success!
login success!
logout success!
login success!
logout success!
{
  "mode": "update_data",
  "symbol": "600487",
  "data_source": "baostock",
  "daily_rows": 2027,
  "intraday_rows": 73920,
  "daily_min": "2018-01-02 00:00:00",
  "daily_max": "2026-05-15 00:00:00",
  "intraday_min": "2020-01-02 09:35:00",
  "intraday_max": "2026-05-15 15:00:00",
  "base_paths": {
    "daily_csv": "D:\\VSCodeWorkspace\\stock_realtime_v021_full\\saved_data\\600487_pipeline_out\\00_base\\600487_daily.csv",
    "intraday_csv": "D:\\VSCodeWorkspace\\stock_realtime_v021_full\\saved_data\\600487_pipeline_out\\00_base\\600487_5m.csv",
    "benchmark_csv": "D:\\VSCodeWorkspace\\stock_realtime_v021_full\\saved_data\\600487_pipeline_out\\00_base\\000300_benchmark_daily.csv",
    "raw_daily_cache_csv": "D:\\VSCodeWorkspace\\stock_realtime_v021_full\\saved_data\\600487_pipeline_out\\00_base\\raw_cache\\600487_daily_raw.csv",
    "raw_intraday_cache_csv": "D:\\VSCodeWorkspace\\stock_realtime_v021_full\\saved_data\\600487_pipeline_out\\00_base\\raw_cache\\600487_5m_raw.csv",
    "raw_benchmark_cache_csv": "D:\\VSCodeWorkspace\\stock_realtime_v021_full\\saved_data\\600487_pipeline_out\\00_base\\raw_cache\\000300_benchmark_daily_raw.csv",
    "daily_features_csv": "D:\\VSCodeWorkspace\\stock_realtime_v021_full\\saved_data\\600487_pipeline_out\\00_base\\daily_features.csv",
    "intraday_features_csv": "D:\\VSCodeWorkspace\\stock_realtime_v021_full\\saved_data\\600487_pipeline_out\\00_base\\intraday_features.csv",
    "daily_features_cache_csv": "D:\\VSCodeWorkspace\\stock_realtime_v021_full\\saved_data\\600487_pipeline_out\\00_base\\feature_cache\\daily_features_cache.csv",
    "intraday_features_cache_csv": "D:\\VSCodeWorkspace\\stock_realtime_v021_full\\saved_data\\600487_pipeline_out\\00_base\\feature_cache\\intraday_features_cache.csv",
    "feature_state_json": "D:\\VSCodeWorkspace\\stock_realtime_v021_full\\saved_data\\600487_pipeline_out\\00_base\\feature_cache\\feature_state.json"
  },
  "fetch_logs": {
    "symbol": "600487",
    "benchmark_symbol": "000300",
    "daily_start": "2018-01-01",
    "daily_end": "2026-05-17",
    "intraday_start": "2018-01-01 09:30:00",
    "intraday_end": "2026-05-17 15:00:00",
    "perf_start": "2018-01-01",
    "data_source": "baostock",
    "cache_mode": "incremental",
    "force_refresh": false,
    "raw_cache_dir": "D:\\VSCodeWorkspace\\stock_realtime_v021_full\\saved_data\\600487_pipeline_out\\00_base\\raw_cache",
    "feature_cache_dir": "D:\\VSCodeWorkspace\\stock_realtime_v021_full\\saved_data\\600487_pipeline_out\\00_base\\feature_cache",
    "feature_cache_mode": "incremental",
    "daily": {
      "cache_path": "D:\\VSCodeWorkspace\\stock_realtime_v021_full\\saved_data\\600487_pipeline_out\\00_base\\raw_cache\\600487_daily_raw.csv",
      "requested_start": "2018-01-01",
      "requested_end": "2026-05-17",
      "mode": "initial_fetch",
      "fetch_segments": [
        {
          "provider": "baostock",
          "code": "sh.600487",
          "adjustflag": "2",
          "rows": 2027,
          "start": "2018-01-01",
          "end": "2026-05-17"
        }
      ],
      "cache_after": {
        "rows": 2027,
        "min": "2018-01-02 00:00:00",
        "max": "2026-05-15 00:00:00"
      }
    },
    "intraday_5m": {
      "cache_path": "D:\\VSCodeWorkspace\\stock_realtime_v021_full\\saved_data\\600487_pipeline_out\\00_base\\raw_cache\\600487_5m_raw.csv",
      "requested_start": "2018-01-01 09:30:00",
      "requested_end": "2026-05-17 15:00:00",
      "mode": "initial_fetch",
      "fetch_segments": [
        {
          "provider": "baostock",
          "code": "sh.600487",
          "adjustflag": "2",
          "requested_start": "2018-01-01 09:30:00",
          "effective_start": "2018-01-01 09:30:00",
          "requested_end": "2026-05-17 15:00:00",
          "rows": 73920
        }
      ],
      "cache_after": {
        "rows": 73920,
        "min": "2020-01-02 09:35:00",
        "max": "2026-05-15 15:00:00"
      }
    },
    "benchmark_daily": {
      "cache_path": "D:\\VSCodeWorkspace\\stock_realtime_v021_full\\saved_data\\600487_pipeline_out\\00_base\\raw_cache\\000300_benchmark_daily_raw.csv",
      "requested_start": "2018-01-01",
      "requested_end": "2026-05-17",
      "mode": "initial_fetch",
      "fetch_segments": [
        {
          "provider": "baostock",
          "code": "sh.000300",
          "rows": 2027,
          "start": "2018-01-01",
          "end": "2026-05-17"
        }
      ],
      "cache_after": {
        "rows": 2027,
        "min": "2018-01-02 00:00:00",
        "max": "2026-05-15 00:00:00"
      }
    },
    "feature_build": {
      "mode": "full_rebuild",
      "reason": "feature_cache_missing",
      "daily_cache_after": {
        "rows": 2027,
        "min": "2018-01-02 00:00:00",
        "max": "2026-05-15 00:00:00"
      },
      "intraday_cache_after": {
        "rows": 73920,
        "min": "2020-01-02 09:35:00",
        "max": "2026-05-15 15:00:00"
      },
      "daily_context_days": 260,
      "intraday_context_days": 40,
      "daily_appended_rows": 2027,
      "intraday_appended_rows": 73920
    },
    "feature_state": {
      "daily_feature_max": "2026-05-15 00:00:00",
      "intraday_feature_max": "2026-05-15 15:00:00",
      "daily_context_days": 260,
      "intraday_context_days": 40,
      "feature_build_mode": "full_rebuild"
    }
  }
}

[2026-05-17T22:01:09] RUN samples
  'D:\VSCodeWorkspace\stockAnalysis\.venv\Scripts\python.exe' feature_building/build_nextday_samples_from_baostock.py --daily-features 'D:\VSCodeWorkspace\stock_realtime_v021_full\saved_data\600487_pipeline_out\00_base\daily_features.csv' --intraday-bars 'D:\VSCodeWorkspace\stock_realtime_v021_full\saved_data\600487_pipeline_out\00_base\600487_5m.csv' --out-dir 'D:\VSCodeWorkspace\stock_realtime_v021_full\saved_data\600487_pipeline_out\01_samples' --min-bars 40 --keep-unlabeled-tail
{
  "rows": 1540,
  "date_min": "2020-01-02",
  "date_max": "2026-05-15",
  "out": "D:\\VSCodeWorkspace\\stock_realtime_v021_full\\saved_data\\600487_pipeline_out\\01_samples\\training_samples.csv"
}

[2026-05-17T22:01:10] RUN fundamental
  'D:\VSCodeWorkspace\stockAnalysis\.venv\Scripts\python.exe' feature_building/build_fundamental_features.py --symbol 600487.SH --daily-samples 'D:\VSCodeWorkspace\stock_realtime_v021_full\saved_data\600487_pipeline_out\01_samples\training_samples.csv' --out-dir 'D:\VSCodeWorkspace\stock_realtime_v021_full\saved_data\600487_pipeline_out\02_fundamental' --start-date 2018-01-01 --end-date 2026-05-17 --fallback-lag-days 120
login success!
logout success!
{
  "rows": 1540,
  "date_min": "2020-01-02",
  "date_max": "2026-05-15",
  "source_errors": [],
  "top_missing_rates": {
    "ak_fund_小单净流入-净额_sum10": 0.9246753246753247,
    "ak_fund_主力净流入-净额_sum10": 0.9246753246753247,
    "ak_fund_主力净流入-净占比_sum10": 0.9246753246753247,
    "ak_fund_涨跌幅_sum10": 0.9246753246753247,
    "ak_fund_收盘价_sum10": 0.9246753246753247,
    "ak_fund_中单净流入-净额_sum10": 0.9246753246753247,
    "ak_fund_中单净流入-净占比_sum10": 0.9246753246753247,
    "ak_fund_小单净流入-净占比_sum10": 0.9246753246753247,
    "ak_fund_超大单净流入-净额_sum10": 0.9246753246753247,
    "ak_fund_大单净流入-净额_sum10": 0.9246753246753247,
    "ak_fund_大单净流入-净占比_sum10": 0.9246753246753247,
    "ak_fund_超大单净流入-净占比_sum10": 0.9246753246753247,
    "ak_fund_涨跌幅_sum5": 0.9233766233766234,
    "ak_fund_主力净流入-净占比_sum5": 0.9233766233766234,
    "ak_fund_主力净流入-净额_sum5": 0.9233766233766234,
    "ak_fund_收盘价_sum5": 0.9233766233766234,
    "ak_fund_超大单净流入-净占比_sum5": 0.9233766233766234,
    "ak_fund_中单净流入-净占比_sum5": 0.9233766233766234,
    "ak_fund_中单净流入-净额_sum5": 0.9233766233766234,
    "ak_fund_小单净流入-净额_sum5": 0.9233766233766234,
    "ak_fund_小单净流入-净占比_sum5": 0.9233766233766234,
    "ak_fund_大单净流入-净占比_sum5": 0.9233766233766234,
    "ak_fund_大单净流入-净额_sum5": 0.9233766233766234,
    "ak_fund_超大单净流入-净额_sum5": 0.9233766233766234,
    "ak_fund_大单净流入-净额": 0.922077922077922,
    "ak_fund_超大单净流入-净占比": 0.922077922077922,
    "ak_fund_超大单净流入-净额": 0.922077922077922,
    "ak_fund_收盘价": 0.922077922077922,
    "ak_fund_涨跌幅": 0.922077922077922,
    "ak_fund_中单净流入-净额": 0.922077922077922
  },
  "valuation_non_null": {
    "peTTM": 1540,
    "pbMRQ": 1540,
    "psTTM": 1540,
    "pcfNcfTTM": 1540
  },
  "future_effective_date_violations": 0,
  "rows_with_quarterly": 1540,
  "sample_rows": 1540,
  "quarterly_raw_rows": 37,
  "quarterly_used_pubDate_rows": 37,
  "quarterly_fallback_rows": 0,
  "elapsed_seconds": 49.918,
  "symbol": "600487",
  "baostock_code": "sh.600487",
  "valuation_rows": 2027,
  "fund_flow_rows": 120,
  "feature_columns": 125,
  "merged_columns": 194,
  "outputs": {
    "daily_valuation": "D:\\VSCodeWorkspace\\stock_realtime_v021_full\\saved_data\\600487_pipeline_out\\02_fundamental\\baostock_daily_valuation.csv",
    "quarterly_fundamentals": "D:\\VSCodeWorkspace\\stock_realtime_v021_full\\saved_data\\600487_pipeline_out\\02_fundamental\\baostock_quarterly_fundamentals_pit.csv",
    "fundamental_features": "D:\\VSCodeWorkspace\\stock_realtime_v021_full\\saved_data\\600487_pipeline_out\\02_fundamental\\fundamental_features.csv",
    "merged_samples": "D:\\VSCodeWorkspace\\stock_realtime_v021_full\\saved_data\\600487_pipeline_out\\02_fundamental\\training_samples_with_fundamentals.csv"
  }
}

[2026-05-17T22:02:00] RUN sector
  'D:\VSCodeWorkspace\stockAnalysis\.venv\Scripts\python.exe' feature_building/build_sector_features.py --samples 'D:\VSCodeWorkspace\stock_realtime_v021_full\saved_data\600487_pipeline_out\02_fundamental\training_samples_with_fundamentals.csv' --out-dir 'D:\VSCodeWorkspace\stock_realtime_v021_full\saved_data\600487_pipeline_out\03_sector' --sector-symbol '通信设备' --start-date 2018-01-01 --end-date 2026-05-17

  0%|          | 0/9 [00:00<?, ?it/s]
 11%|█         | 1/9 [00:04<00:36,  4.55s/it]
 22%|██▏       | 2/9 [00:07<00:24,  3.51s/it]
 33%|███▎      | 3/9 [00:09<00:18,  3.03s/it]
 44%|████▍     | 4/9 [00:13<00:15,  3.13s/it]
 56%|█████▌    | 5/9 [00:16<00:13,  3.41s/it]
 67%|██████▋   | 6/9 [00:19<00:09,  3.23s/it]
 78%|███████▊  | 7/9 [00:24<00:07,  3.68s/it]
 89%|████████▉ | 8/9 [00:30<00:04,  4.39s/it]
100%|██████████| 9/9 [00:33<00:00,  3.95s/it]
                                             
{
  "sector_symbol": "通信设备",
  "sector_rows": 2027,
  "sector_date_min": "2018-01-02",
  "sector_date_max": "2026-05-15",
  "sample_rows": 1540,
  "merged_rows": 1540,
  "sector_feature_cols": 23,
  "top_missing": {
    "sector_ret60": 0.03896103896103896,
    "sector_ma60_gap": 0.01948051948051948,
    "stock_vs_sector_ret20": 0.012987012987012988,
    "sector_ret20": 0.012987012987012988,
    "sector_vol20": 0.007142857142857143,
    "sector_ma20_gap": 0.006493506493506494,
    "sector_range_z20": 0.006493506493506494,
    "sector_volume_shock20": 0.006493506493506494,
    "sector_amount_z20": 0.006493506493506494,
    "sector_volume_z20": 0.006493506493506494,
    "sector_amount_shock20": 0.006493506493506494,
    "sector_ret5": 0.003246753246753247,
    "stock_vs_sector_ret5": 0.003246753246753247,
    "sector_vs_bench_ret5": 0.003246753246753247,
    "stock_vs_sector_ret1": 0.0006493506493506494,
    "sector_ret1": 0.0006493506493506494,
    "sector_amount": 0.0,
    "sector_volume": 0.0,
    "sector_close": 0.0,
    "sector_low": 0.0
  },
  "outputs": {
    "sector_index": "D:\\VSCodeWorkspace\\stock_realtime_v021_full\\saved_data\\600487_pipeline_out\\03_sector\\sector_index_ths.csv",
    "sector_features": "D:\\VSCodeWorkspace\\stock_realtime_v021_full\\saved_data\\600487_pipeline_out\\03_sector\\sector_features.csv",
    "merged_samples": "D:\\VSCodeWorkspace\\stock_realtime_v021_full\\saved_data\\600487_pipeline_out\\03_sector\\training_samples_with_sector.csv"
  }
}

[2026-05-17T22:02:39] RUN external_optical_cable_grid
  'D:\VSCodeWorkspace\stockAnalysis\.venv\Scripts\python.exe' feature_building/build_stock_external_features.py --samples 'D:\VSCodeWorkspace\stock_realtime_v021_full\saved_data\600487_pipeline_out\03_sector\training_samples_with_sector.csv' --out-dir 'D:\VSCodeWorkspace\stock_realtime_v021_full\saved_data\600487_pipeline_out\04_external\optical_cable_grid' --profile optical_cable_grid --target-symbol 600487.SH --start-date 2018-01-01 --end-date 2026-05-17 --adjust qfq --domestic-lag-days 0 --future-lag-days 1 --us-lag-days 1
login success!

  0%|          | 0/9 [00:00<?, ?it/s]
 11%|█         | 1/9 [00:02<00:22,  2.81s/it]
 22%|██▏       | 2/9 [00:05<00:17,  2.56s/it]
 33%|███▎      | 3/9 [00:07<00:14,  2.37s/it]
 44%|████▍     | 4/9 [00:10<00:12,  2.59s/it]
 56%|█████▌    | 5/9 [00:12<00:10,  2.60s/it]
 67%|██████▋   | 6/9 [00:16<00:08,  2.94s/it]
 78%|███████▊  | 7/9 [00:18<00:05,  2.69s/it]
 89%|████████▉ | 8/9 [00:21<00:02,  2.79s/it]
100%|██████████| 9/9 [00:24<00:00,  2.74s/it]
                                             

  0%|          | 0/9 [00:00<?, ?it/s]
 11%|█         | 1/9 [00:03<00:24,  3.01s/it]
 22%|██▏       | 2/9 [00:05<00:19,  2.75s/it]
 33%|███▎      | 3/9 [00:08<00:17,  2.98s/it]
 44%|████▍     | 4/9 [00:12<00:16,  3.23s/it]
 56%|█████▌    | 5/9 [00:15<00:12,  3.14s/it]
 67%|██████▋   | 6/9 [00:18<00:09,  3.07s/it]
 78%|███████▊  | 7/9 [00:21<00:06,  3.22s/it]
 89%|████████▉ | 8/9 [00:25<00:03,  3.25s/it]
100%|██████████| 9/9 [00:28<00:00,  3.18s/it]
                                             

  0%|          | 0/9 [00:00<?, ?it/s]
 11%|█         | 1/9 [00:04<00:33,  4.20s/it]
 22%|██▏       | 2/9 [00:07<00:26,  3.79s/it]
 33%|███▎      | 3/9 [00:11<00:23,  3.88s/it]
 44%|████▍     | 4/9 [00:15<00:19,  3.93s/it]
 56%|█████▌    | 5/9 [00:18<00:14,  3.57s/it]
 67%|██████▋   | 6/9 [00:21<00:09,  3.19s/it]
 78%|███████▊  | 7/9 [00:24<00:06,  3.22s/it]
 89%|████████▉ | 8/9 [00:28<00:03,  3.43s/it]
100%|██████████| 9/9 [00:31<00:00,  3.53s/it]
                                             

  0%|          | 0/9 [00:00<?, ?it/s]
 11%|█         | 1/9 [00:04<00:38,  4.86s/it]
 22%|██▏       | 2/9 [00:08<00:27,  3.86s/it]
 33%|███▎      | 3/9 [00:11<00:22,  3.81s/it]
 44%|████▍     | 4/9 [00:15<00:19,  3.86s/it]
 56%|█████▌    | 5/9 [00:18<00:14,  3.60s/it]
                                             
{
  "profile": "optical_cable_grid",
  "description": "Optical communication + power cable/grid/offshore-wind proxy for 中天科技/亨通光电",
  "sample_rows": 1540,
  "merged_rows": 1540,
  "raw_rows": 2027,
  "raw_date_min": "2018-01-02",
  "raw_date_max": "2026-05-15",
  "lag_days_legacy": null,
  "lag_policy": {
    "domestic": 0,
    "futures": 1,
    "us": 1
  },
  "enable_us_yf": false,
  "feature_cols": 567,
  "source_meta": {
    "profile": {
      "key": "optical_cable_grid",
      "prefix": "ocg",
      "description": "Optical communication + power cable/grid/offshore-wind proxy for 中天科技/亨通光电",
      "stocks": [
        "300308",
        "300502",
        "300394",
        "600522",
        "600487",
        "603606",
        "600973",
        "601869",
        "600498",
        "600406",
        "601179"
      ],
      "etfs": [
        "515050",
        "159994",
        "159819",
        "512480",
        "515790"
      ],
      "futures": [
        "CU0",
        "AL0"
      ],
      "boards": [
        "通信设备",
        "电网设备",
        "风电设备",
        "消费电子"
      ],
      "us_tickers": []
    },
    "used": {
      "stocks": [
        "300308",
        "300502",
        "300394",
        "600522",
        "603606",
        "600973",
        "601869",
        "600498",
        "600406",
        "601179"
      ],
      "etfs": [
        "515050",
        "159994",
        "159819",
        "512480",
        "515790"
      ],
      "futures": [
        "CU0",
        "AL0"
      ],
      "boards": [
        "通信设备",
        "电网设备",
        "风电设备"
      ],
      "us_yf": []
    },
    "start_date": "20180101",
    "end_date": "20260517",
    "target_symbol_excluded": "600487",
    "em_sources_used": false,
    "baostock_cache_dir": "D:\\VSCodeWorkspace\\stock_realtime_v021_full\\saved_data\\600487_pipeline_out\\04_external\\optical_cable_grid\\baostock_external_cache",
    "us_yfinance_enabled": false
  },
  "errors": {
    "board_消费电子": "stock_board_industry_index_ths: ProxyError: HTTPSConnectionPool(host='d.10jqka.com.cn', port=443): Max retries exceeded with url: /v4/line/bk_881124/01/2023.js (Caused by ProxyError('Unable to connect to proxy', RemoteDisconnected('Remote end closed connection without response'))) | stock_board_concept_hist_ths: not_available"
  },
  "top_missing": {
    "ocg_etf_basket_close_ret60": 0.9837662337662337,
    "ocg_etf_515790_range_pct_ret60": 0.9837662337662337,
    "ocg_etf_515790_close_ret60": 0.9837662337662337,
    "ocg_etf_515050_close_ret60": 0.9837662337662337,
    "ocg_etf_159819_close_ret60": 0.9837662337662337,
    "ocg_etf_159994_close_ret60": 0.9837662337662337,
    "ocg_etf_515050_range_pct_ret60": 0.9837662337662337,
    "ocg_etf_159994_range_pct_ret60": 0.9837662337662337,
    "ocg_etf_512480_range_pct_ret60": 0.9837662337662337,
    "ocg_etf_159819_range_pct_ret60": 0.9837662337662337,
    "ocg_etf_512480_close_ret60": 0.9837662337662337,
    "ocg_etf_515790_range_pct_ret20": 0.9577922077922078,
    "ocg_etf_159819_close_ret20": 0.9577922077922078,
    "ocg_stock_vs_etf_basket_ret20": 0.9577922077922078,
    "ocg_etf_515050_close_ret20": 0.9577922077922078,
    "ocg_etf_515050_close_z60": 0.9577922077922078,
    "ocg_etf_515050_range_pct_ret20": 0.9577922077922078,
    "ocg_etf_515050_range_pct_z60": 0.9577922077922078,
    "ocg_etf_159994_range_pct_z60": 0.9577922077922078,
    "ocg_etf_159994_range_pct_ret20": 0.9577922077922078,
    "ocg_etf_basket_close_z60": 0.9577922077922078,
    "ocg_etf_512480_range_pct_ret20": 0.9577922077922078,
    "ocg_etf_159819_range_pct_z60": 0.9577922077922078,
    "ocg_etf_512480_range_pct_z60": 0.9577922077922078,
    "ocg_etf_515790_close_ret20": 0.9577922077922078,
    "ocg_etf_515790_close_z60": 0.9577922077922078,
    "ocg_etf_515790_range_pct_z60": 0.9577922077922078,
    "ocg_etf_basket_close_ret20": 0.9577922077922078,
    "ocg_etf_159994_close_z60": 0.9577922077922078,
    "ocg_etf_159819_close_z60": 0.9577922077922078,
    "ocg_etf_159994_close_ret20": 0.9577922077922078,
    "ocg_etf_159819_range_pct_ret20": 0.9577922077922078,
    "ocg_etf_512480_close_z60": 0.9577922077922078,
    "ocg_etf_512480_close_ret20": 0.9577922077922078,
    "ocg_etf_515790_close_vol20": 0.951948051948052,
    "ocg_etf_basket_close_vol20": 0.951948051948052,
    "ocg_etf_159819_close_vol20": 0.951948051948052,
    "ocg_etf_515050_close_vol20": 0.951948051948052,
    "ocg_etf_512480_close_vol20": 0.951948051948052,
    "ocg_etf_159994_close_vol20": 0.951948051948052,
    "ocg_etf_basket_close_ma20_gap": 0.9512987012987013,
    "ocg_etf_basket_close_z20": 0.9512987012987013,
    "ocg_etf_159994_close_ma20_gap": 0.9512987012987013,
    "ocg_etf_515790_range_pct_ma20_gap": 0.9512987012987013,
    "ocg_etf_512480_close_z20": 0.9512987012987013,
    "ocg_etf_515790_close_z20": 0.9512987012987013,
    "ocg_etf_515790_volume_shock20": 0.9512987012987013,
    "ocg_etf_159819_close_z20": 0.9512987012987013,
    "ocg_etf_159994_volume_z20": 0.9512987012987013,
    "ocg_etf_159994_close_z20": 0.9512987012987013
  },
  "outputs": {
    "features": "D:\\VSCodeWorkspace\\stock_realtime_v021_full\\saved_data\\600487_pipeline_out\\04_external\\optical_cable_grid\\stock_external_features_optical_cable_grid.csv",
    "merged_samples": "D:\\VSCodeWorkspace\\stock_realtime_v021_full\\saved_data\\600487_pipeline_out\\04_external\\optical_cable_grid\\training_samples_with_optical_cable_grid_external.csv",
    "report": "D:\\VSCodeWorkspace\\stock_realtime_v021_full\\saved_data\\600487_pipeline_out\\04_external\\optical_cable_grid\\validation_report.json"
  }
}
logout success!
[INFO] final samples for search: D:\VSCodeWorkspace\stock_realtime_v021_full\saved_data\600487_pipeline_out\04_external\optical_cable_grid\training_samples_with_optical_cable_grid_external.csv
=== nextday pipeline end: 2026-05-17T22:05:14 status=ok ===
<<<<<<< HEAD
=== nextday pipeline start: 2026-05-19T20:14:11 ===
symbol=600487.SH, out_root=D:\VSCodeWorkspace\stock_realtime_v021_full\saved_data\600487_pipeline_out

[2026-05-19T20:14:11] RUN update_data
  'D:\VSCodeWorkspace\stockAnalysis\.venv\Scripts\python.exe' bootstrap/ashare_xgb_dual_opportunity_regression_baostock_full_v19_compressed_trading_axis.py --mode update_data --symbol 600487 --benchmark_symbol 000300 --daily_start 2018-01-01 --daily_end 2026-05-19 --intraday_start '2018-01-01 09:30:00' --intraday_end '2026-05-19 15:00:00' --output_dir 'D:\VSCodeWorkspace\stock_realtime_v021_full\saved_data\600487_pipeline_out\00_base' --cache_mode incremental --feature_cache_mode incremental --adjust qfq
=======
=== nextday pipeline start: 2026-05-19T07:28:47 ===
symbol=600487.SH, out_root=/root/stock_realtime_v021_full/saved_data/600487_pipeline_out

[2026-05-19T07:28:47] RUN update_data
  /usr/bin/python3 bootstrap/ashare_xgb_dual_opportunity_regression_baostock_full_v19_compressed_trading_axis.py --mode update_data --symbol 600487 --benchmark_symbol 000300 --daily_start 2018-01-01 --daily_end 2026-05-19 --intraday_start '2018-01-01 09:30:00' --intraday_end '2026-05-19 15:00:00' --output_dir /root/stock_realtime_v021_full/saved_data/600487_pipeline_out/00_base --cache_mode incremental --feature_cache_mode incremental --adjust qfq
/root/stock_realtime_v021_full/bootstrap/ashare_fetch_and_train_xgb_sell_signal_baostock_state_cache_helper_fix2.py:246: FutureWarning: The behavior of DataFrame concatenation with empty or all-NA entries is deprecated. In a future version, this will no longer exclude empty or all-NA columns when determining the result dtypes. To retain the old behavior, exclude the relevant entries before the concat operation.
  merged = _normalize_daily_df(pd.concat([df_old, df_new], axis=0, ignore_index=True))
/root/stock_realtime_v021_full/bootstrap/ashare_fetch_and_train_xgb_sell_signal_baostock_state_cache_helper_fix2.py:254: FutureWarning: The behavior of DataFrame concatenation with empty or all-NA entries is deprecated. In a future version, this will no longer exclude empty or all-NA columns when determining the result dtypes. To retain the old behavior, exclude the relevant entries before the concat operation.
  merged = _normalize_bench_df(pd.concat([df_old, df_new], axis=0, ignore_index=True))
>>>>>>> 2a2a5a75404252d90fc88ad35628cdabcc944dba
login success!
logout success!
login success!
logout success!
login success!
logout success!
login success!
logout success!
login success!
logout success!
login success!
logout success!
{
  "mode": "update_data",
  "symbol": "600487",
  "data_source": "baostock",
<<<<<<< HEAD
  "daily_rows": 2029,
  "intraday_rows": 74016,
  "daily_min": "2018-01-02 00:00:00",
  "daily_max": "2026-05-19 00:00:00",
  "intraday_min": "2020-01-02 09:35:00",
  "intraday_max": "2026-05-19 15:00:00",
  "base_paths": {
    "daily_csv": "D:\\VSCodeWorkspace\\stock_realtime_v021_full\\saved_data\\600487_pipeline_out\\00_base\\600487_daily.csv",
    "intraday_csv": "D:\\VSCodeWorkspace\\stock_realtime_v021_full\\saved_data\\600487_pipeline_out\\00_base\\600487_5m.csv",
    "benchmark_csv": "D:\\VSCodeWorkspace\\stock_realtime_v021_full\\saved_data\\600487_pipeline_out\\00_base\\000300_benchmark_daily.csv",
    "raw_daily_cache_csv": "D:\\VSCodeWorkspace\\stock_realtime_v021_full\\saved_data\\600487_pipeline_out\\00_base\\raw_cache\\600487_daily_raw.csv",
    "raw_intraday_cache_csv": "D:\\VSCodeWorkspace\\stock_realtime_v021_full\\saved_data\\600487_pipeline_out\\00_base\\raw_cache\\600487_5m_raw.csv",
    "raw_benchmark_cache_csv": "D:\\VSCodeWorkspace\\stock_realtime_v021_full\\saved_data\\600487_pipeline_out\\00_base\\raw_cache\\000300_benchmark_daily_raw.csv",
    "daily_features_csv": "D:\\VSCodeWorkspace\\stock_realtime_v021_full\\saved_data\\600487_pipeline_out\\00_base\\daily_features.csv",
    "intraday_features_csv": "D:\\VSCodeWorkspace\\stock_realtime_v021_full\\saved_data\\600487_pipeline_out\\00_base\\intraday_features.csv",
    "daily_features_cache_csv": "D:\\VSCodeWorkspace\\stock_realtime_v021_full\\saved_data\\600487_pipeline_out\\00_base\\feature_cache\\daily_features_cache.csv",
    "intraday_features_cache_csv": "D:\\VSCodeWorkspace\\stock_realtime_v021_full\\saved_data\\600487_pipeline_out\\00_base\\feature_cache\\intraday_features_cache.csv",
    "feature_state_json": "D:\\VSCodeWorkspace\\stock_realtime_v021_full\\saved_data\\600487_pipeline_out\\00_base\\feature_cache\\feature_state.json"
=======
  "daily_rows": 2028,
  "intraday_rows": 73968,
  "daily_min": "2018-01-02 00:00:00",
  "daily_max": "2026-05-18 00:00:00",
  "intraday_min": "2020-01-02 09:35:00",
  "intraday_max": "2026-05-18 15:00:00",
  "base_paths": {
    "daily_csv": "/root/stock_realtime_v021_full/saved_data/600487_pipeline_out/00_base/600487_daily.csv",
    "intraday_csv": "/root/stock_realtime_v021_full/saved_data/600487_pipeline_out/00_base/600487_5m.csv",
    "benchmark_csv": "/root/stock_realtime_v021_full/saved_data/600487_pipeline_out/00_base/000300_benchmark_daily.csv",
    "raw_daily_cache_csv": "/root/stock_realtime_v021_full/saved_data/600487_pipeline_out/00_base/raw_cache/600487_daily_raw.csv",
    "raw_intraday_cache_csv": "/root/stock_realtime_v021_full/saved_data/600487_pipeline_out/00_base/raw_cache/600487_5m_raw.csv",
    "raw_benchmark_cache_csv": "/root/stock_realtime_v021_full/saved_data/600487_pipeline_out/00_base/raw_cache/000300_benchmark_daily_raw.csv",
    "daily_features_csv": "/root/stock_realtime_v021_full/saved_data/600487_pipeline_out/00_base/daily_features.csv",
    "intraday_features_csv": "/root/stock_realtime_v021_full/saved_data/600487_pipeline_out/00_base/intraday_features.csv",
    "daily_features_cache_csv": "/root/stock_realtime_v021_full/saved_data/600487_pipeline_out/00_base/feature_cache/daily_features_cache.csv",
    "intraday_features_cache_csv": "/root/stock_realtime_v021_full/saved_data/600487_pipeline_out/00_base/feature_cache/intraday_features_cache.csv",
    "feature_state_json": "/root/stock_realtime_v021_full/saved_data/600487_pipeline_out/00_base/feature_cache/feature_state.json"
>>>>>>> 2a2a5a75404252d90fc88ad35628cdabcc944dba
  },
  "fetch_logs": {
    "symbol": "600487",
    "benchmark_symbol": "000300",
    "daily_start": "2018-01-01",
    "daily_end": "2026-05-19",
    "intraday_start": "2018-01-01 09:30:00",
    "intraday_end": "2026-05-19 15:00:00",
    "perf_start": "2018-01-01",
    "data_source": "baostock",
    "cache_mode": "incremental",
    "force_refresh": false,
<<<<<<< HEAD
    "raw_cache_dir": "D:\\VSCodeWorkspace\\stock_realtime_v021_full\\saved_data\\600487_pipeline_out\\00_base\\raw_cache",
    "feature_cache_dir": "D:\\VSCodeWorkspace\\stock_realtime_v021_full\\saved_data\\600487_pipeline_out\\00_base\\feature_cache",
    "feature_cache_mode": "incremental",
    "daily": {
      "cache_path": "D:\\VSCodeWorkspace\\stock_realtime_v021_full\\saved_data\\600487_pipeline_out\\00_base\\raw_cache\\600487_daily_raw.csv",
=======
    "raw_cache_dir": "/root/stock_realtime_v021_full/saved_data/600487_pipeline_out/00_base/raw_cache",
    "feature_cache_dir": "/root/stock_realtime_v021_full/saved_data/600487_pipeline_out/00_base/feature_cache",
    "feature_cache_mode": "incremental",
    "daily": {
      "cache_path": "/root/stock_realtime_v021_full/saved_data/600487_pipeline_out/00_base/raw_cache/600487_daily_raw.csv",
>>>>>>> 2a2a5a75404252d90fc88ad35628cdabcc944dba
      "requested_start": "2018-01-01",
      "requested_end": "2026-05-19",
      "mode": "incremental",
      "cache_before": {
        "rows": 2027,
        "min": "2018-01-02 00:00:00",
        "max": "2026-05-15 00:00:00"
      },
      "fetch_segments": [
        {
          "provider": "baostock",
          "code": "sh.600487",
          "adjustflag": "2",
          "rows": 0
        },
        {
          "provider": "baostock",
          "code": "sh.600487",
          "adjustflag": "2",
<<<<<<< HEAD
          "rows": 2,
=======
          "rows": 1,
>>>>>>> 2a2a5a75404252d90fc88ad35628cdabcc944dba
          "start": "2026-05-16",
          "end": "2026-05-19"
        }
      ],
      "cache_after": {
<<<<<<< HEAD
        "rows": 2029,
        "min": "2018-01-02 00:00:00",
        "max": "2026-05-19 00:00:00"
      }
    },
    "intraday_5m": {
      "cache_path": "D:\\VSCodeWorkspace\\stock_realtime_v021_full\\saved_data\\600487_pipeline_out\\00_base\\raw_cache\\600487_5m_raw.csv",
=======
        "rows": 2028,
        "min": "2018-01-02 00:00:00",
        "max": "2026-05-18 00:00:00"
      }
    },
    "intraday_5m": {
      "cache_path": "/root/stock_realtime_v021_full/saved_data/600487_pipeline_out/00_base/raw_cache/600487_5m_raw.csv",
>>>>>>> 2a2a5a75404252d90fc88ad35628cdabcc944dba
      "requested_start": "2018-01-01 09:30:00",
      "requested_end": "2026-05-19 15:00:00",
      "mode": "incremental",
      "cache_before": {
        "rows": 73920,
        "min": "2020-01-02 09:35:00",
        "max": "2026-05-15 15:00:00"
      },
      "fetch_segments": [
        {
          "provider": "baostock",
          "code": "sh.600487",
          "adjustflag": "2",
          "requested_start": "2018-01-01 09:30:00",
          "effective_start": "2018-01-01 09:30:00",
          "requested_end": "2020-01-02 09:30:00",
          "rows": 0
        },
        {
          "provider": "baostock",
          "code": "sh.600487",
          "adjustflag": "2",
          "requested_start": "2026-05-15 15:05:00",
          "effective_start": "2026-05-15 15:05:00",
          "requested_end": "2026-05-19 15:00:00",
<<<<<<< HEAD
          "rows": 96
        }
      ],
      "cache_after": {
        "rows": 74016,
        "min": "2020-01-02 09:35:00",
        "max": "2026-05-19 15:00:00"
      }
    },
    "benchmark_daily": {
      "cache_path": "D:\\VSCodeWorkspace\\stock_realtime_v021_full\\saved_data\\600487_pipeline_out\\00_base\\raw_cache\\000300_benchmark_daily_raw.csv",
=======
          "rows": 48
        }
      ],
      "cache_after": {
        "rows": 73968,
        "min": "2020-01-02 09:35:00",
        "max": "2026-05-18 15:00:00"
      }
    },
    "benchmark_daily": {
      "cache_path": "/root/stock_realtime_v021_full/saved_data/600487_pipeline_out/00_base/raw_cache/000300_benchmark_daily_raw.csv",
>>>>>>> 2a2a5a75404252d90fc88ad35628cdabcc944dba
      "requested_start": "2018-01-01",
      "requested_end": "2026-05-19",
      "mode": "incremental",
      "cache_before": {
        "rows": 2027,
        "min": "2018-01-02 00:00:00",
        "max": "2026-05-15 00:00:00"
      },
      "fetch_segments": [
        {
          "provider": "baostock",
          "code": "sh.000300",
          "rows": 0,
          "start": "2018-01-01",
          "end": "2018-01-01"
        },
        {
          "provider": "baostock",
          "code": "sh.000300",
<<<<<<< HEAD
          "rows": 2,
=======
          "rows": 1,
>>>>>>> 2a2a5a75404252d90fc88ad35628cdabcc944dba
          "start": "2026-05-16",
          "end": "2026-05-19"
        }
      ],
      "cache_after": {
<<<<<<< HEAD
=======
        "rows": 2028,
        "min": "2018-01-02 00:00:00",
        "max": "2026-05-18 00:00:00"
      }
    },
    "feature_build": {
      "mode": "stateful_incremental_append",
      "daily_context_days": 260,
      "intraday_context_days": 40,
      "daily_append": {
        "needed": true,
        "first_new_date": "2026-05-18 00:00:00",
        "context_start": "2025-04-17 00:00:00",
        "context_raw_rows": 261,
        "appended_rows": 1,
        "cache_before": {
          "rows": 2027,
          "min": "2018-01-02 00:00:00",
          "max": "2026-05-15 00:00:00"
        },
        "cache_after": {
          "rows": 2028,
          "min": "2018-01-02 00:00:00",
          "max": "2026-05-18 00:00:00"
        }
      },
      "intraday_append": {
        "needed": true,
        "first_new_datetime": "2026-05-18 09:35:00",
        "context_start_date": "2026-03-17 00:00:00",
        "context_raw_rows": 1968,
        "appended_rows": 48,
        "cache_before": {
          "rows": 73920,
          "min": "2020-01-02 09:35:00",
          "max": "2026-05-15 15:00:00"
        },
        "cache_after": {
          "rows": 73968,
          "min": "2020-01-02 09:35:00",
          "max": "2026-05-18 15:00:00"
        }
      }
    },
    "feature_state": {
      "daily_feature_max": "2026-05-18 00:00:00",
      "intraday_feature_max": "2026-05-18 15:00:00",
      "daily_context_days": 260,
      "intraday_context_days": 40,
      "feature_build_mode": "stateful_incremental_append"
    }
  }
}

[2026-05-19T07:29:04] RUN samples
  /usr/bin/python3 feature_building/build_nextday_samples_from_baostock.py --daily-features /root/stock_realtime_v021_full/saved_data/600487_pipeline_out/00_base/daily_features.csv --intraday-bars /root/stock_realtime_v021_full/saved_data/600487_pipeline_out/00_base/600487_5m.csv --out-dir /root/stock_realtime_v021_full/saved_data/600487_pipeline_out/01_samples --min-bars 40 --keep-unlabeled-tail
{
  "rows": 1541,
  "date_min": "2020-01-02",
  "date_max": "2026-05-18",
  "out": "/root/stock_realtime_v021_full/saved_data/600487_pipeline_out/01_samples/training_samples.csv"
}

[2026-05-19T07:29:05] RUN fundamental
  /usr/bin/python3 feature_building/build_fundamental_features.py --symbol 600487.SH --daily-samples /root/stock_realtime_v021_full/saved_data/600487_pipeline_out/01_samples/training_samples.csv --out-dir /root/stock_realtime_v021_full/saved_data/600487_pipeline_out/02_fundamental --start-date 2018-01-01 --end-date 2026-05-19 --fallback-lag-days 120
login success!
logout success!
{
  "rows": 1541,
  "date_min": "2020-01-02",
  "date_max": "2026-05-18",
  "source_errors": [],
  "top_missing_rates": {
    "ak_fund_小单净流入-净额_sum10": 0.9247242050616483,
    "ak_fund_主力净流入-净额_sum10": 0.9247242050616483,
    "ak_fund_主力净流入-净占比_sum10": 0.9247242050616483,
    "ak_fund_涨跌幅_sum10": 0.9247242050616483,
    "ak_fund_收盘价_sum10": 0.9247242050616483,
    "ak_fund_中单净流入-净额_sum10": 0.9247242050616483,
    "ak_fund_中单净流入-净占比_sum10": 0.9247242050616483,
    "ak_fund_小单净流入-净占比_sum10": 0.9247242050616483,
    "ak_fund_超大单净流入-净额_sum10": 0.9247242050616483,
    "ak_fund_大单净流入-净额_sum10": 0.9247242050616483,
    "ak_fund_大单净流入-净占比_sum10": 0.9247242050616483,
    "ak_fund_超大单净流入-净占比_sum10": 0.9247242050616483,
    "ak_fund_涨跌幅_sum5": 0.9234263465282284,
    "ak_fund_主力净流入-净占比_sum5": 0.9234263465282284,
    "ak_fund_主力净流入-净额_sum5": 0.9234263465282284,
    "ak_fund_收盘价_sum5": 0.9234263465282284,
    "ak_fund_超大单净流入-净占比_sum5": 0.9234263465282284,
    "ak_fund_中单净流入-净占比_sum5": 0.9234263465282284,
    "ak_fund_中单净流入-净额_sum5": 0.9234263465282284,
    "ak_fund_小单净流入-净额_sum5": 0.9234263465282284,
    "ak_fund_小单净流入-净占比_sum5": 0.9234263465282284,
    "ak_fund_大单净流入-净占比_sum5": 0.9234263465282284,
    "ak_fund_大单净流入-净额_sum5": 0.9234263465282284,
    "ak_fund_超大单净流入-净额_sum5": 0.9234263465282284,
    "ak_fund_大单净流入-净额": 0.9221284879948086,
    "ak_fund_超大单净流入-净占比": 0.9221284879948086,
    "ak_fund_超大单净流入-净额": 0.9221284879948086,
    "ak_fund_收盘价": 0.9221284879948086,
    "ak_fund_涨跌幅": 0.9221284879948086,
    "ak_fund_中单净流入-净额": 0.9221284879948086
  },
  "valuation_non_null": {
    "peTTM": 1541,
    "pbMRQ": 1541,
    "psTTM": 1541,
    "pcfNcfTTM": 1541
  },
  "future_effective_date_violations": 0,
  "rows_with_quarterly": 1541,
  "sample_rows": 1541,
  "quarterly_raw_rows": 37,
  "quarterly_used_pubDate_rows": 37,
  "quarterly_fallback_rows": 0,
  "elapsed_seconds": 14.354,
  "symbol": "600487",
  "baostock_code": "sh.600487",
  "valuation_rows": 2028,
  "fund_flow_rows": 120,
  "feature_columns": 125,
  "merged_columns": 194,
  "outputs": {
    "daily_valuation": "/root/stock_realtime_v021_full/saved_data/600487_pipeline_out/02_fundamental/baostock_daily_valuation.csv",
    "quarterly_fundamentals": "/root/stock_realtime_v021_full/saved_data/600487_pipeline_out/02_fundamental/baostock_quarterly_fundamentals_pit.csv",
    "fundamental_features": "/root/stock_realtime_v021_full/saved_data/600487_pipeline_out/02_fundamental/fundamental_features.csv",
    "merged_samples": "/root/stock_realtime_v021_full/saved_data/600487_pipeline_out/02_fundamental/training_samples_with_fundamentals.csv"
  }
}

[2026-05-19T07:29:20] RUN sector
  /usr/bin/python3 feature_building/build_sector_features.py --samples /root/stock_realtime_v021_full/saved_data/600487_pipeline_out/02_fundamental/training_samples_with_fundamentals.csv --out-dir /root/stock_realtime_v021_full/saved_data/600487_pipeline_out/03_sector --sector-symbol '通信设备' --start-date 2018-01-01 --end-date 2026-05-19

  0%|          | 0/9 [00:00<?, ?it/s]
 11%|█         | 1/9 [00:00<00:01,  4.57it/s]
 22%|██▏       | 2/9 [00:00<00:01,  3.84it/s]
 33%|███▎      | 3/9 [00:00<00:01,  4.09it/s]
 44%|████▍     | 4/9 [00:01<00:01,  3.74it/s]
 56%|█████▌    | 5/9 [00:01<00:00,  4.08it/s]
 67%|██████▋   | 6/9 [00:01<00:00,  4.20it/s]
 78%|███████▊  | 7/9 [00:01<00:00,  4.13it/s]
 89%|████████▉ | 8/9 [00:01<00:00,  4.32it/s]
100%|██████████| 9/9 [00:02<00:00,  4.42it/s]
                                             
{
  "sector_symbol": "通信设备",
  "sector_rows": 2028,
  "sector_date_min": "2018-01-02",
  "sector_date_max": "2026-05-18",
  "sample_rows": 1541,
  "merged_rows": 1541,
  "sector_feature_cols": 23,
  "top_missing": {
    "sector_ret60": 0.03893575600259572,
    "sector_ma60_gap": 0.01946787800129786,
    "stock_vs_sector_ret20": 0.012978585334198572,
    "sector_ret20": 0.012978585334198572,
    "sector_vol20": 0.007138221933809215,
    "sector_ma20_gap": 0.006489292667099286,
    "sector_range_z20": 0.006489292667099286,
    "sector_volume_shock20": 0.006489292667099286,
    "sector_amount_z20": 0.006489292667099286,
    "sector_volume_z20": 0.006489292667099286,
    "sector_amount_shock20": 0.006489292667099286,
    "sector_ret5": 0.003244646333549643,
    "stock_vs_sector_ret5": 0.003244646333549643,
    "sector_vs_bench_ret5": 0.003244646333549643,
    "stock_vs_sector_ret1": 0.0006489292667099286,
    "sector_ret1": 0.0006489292667099286,
    "sector_amount": 0.0,
    "sector_volume": 0.0,
    "sector_close": 0.0,
    "sector_low": 0.0
  },
  "outputs": {
    "sector_index": "/root/stock_realtime_v021_full/saved_data/600487_pipeline_out/03_sector/sector_index_ths.csv",
    "sector_features": "/root/stock_realtime_v021_full/saved_data/600487_pipeline_out/03_sector/sector_features.csv",
    "merged_samples": "/root/stock_realtime_v021_full/saved_data/600487_pipeline_out/03_sector/training_samples_with_sector.csv"
  }
}

[2026-05-19T07:29:25] RUN external_optical_cable_grid
  /usr/bin/python3 feature_building/build_stock_external_features.py --samples /root/stock_realtime_v021_full/saved_data/600487_pipeline_out/03_sector/training_samples_with_sector.csv --out-dir /root/stock_realtime_v021_full/saved_data/600487_pipeline_out/04_external/optical_cable_grid --profile optical_cable_grid --target-symbol 600487.SH --start-date 2018-01-01 --end-date 2026-05-19 --adjust qfq --domestic-lag-days 0 --future-lag-days 1 --us-lag-days 1
login success!

  0%|          | 0/9 [00:00<?, ?it/s]
 11%|█         | 1/9 [00:00<00:02,  3.45it/s]
 22%|██▏       | 2/9 [00:00<00:02,  3.46it/s]
 33%|███▎      | 3/9 [00:00<00:01,  3.63it/s]
 44%|████▍     | 4/9 [00:01<00:01,  3.82it/s]
 56%|█████▌    | 5/9 [00:01<00:01,  3.92it/s]
 67%|██████▋   | 6/9 [00:01<00:00,  3.70it/s]
 78%|███████▊  | 7/9 [00:01<00:00,  3.96it/s]
 89%|████████▉ | 8/9 [00:02<00:00,  4.00it/s]
100%|██████████| 9/9 [00:02<00:00,  4.41it/s]
                                             

  0%|          | 0/9 [00:00<?, ?it/s]
 11%|█         | 1/9 [00:00<00:01,  4.41it/s]
 22%|██▏       | 2/9 [00:00<00:01,  4.55it/s]
 33%|███▎      | 3/9 [00:00<00:01,  4.65it/s]
 44%|████▍     | 4/9 [00:00<00:01,  3.99it/s]
 56%|█████▌    | 5/9 [00:01<00:01,  3.95it/s]
 67%|██████▋   | 6/9 [00:01<00:00,  4.06it/s]
 78%|███████▊  | 7/9 [00:01<00:00,  4.02it/s]
 89%|████████▉ | 8/9 [00:01<00:00,  4.10it/s]
100%|██████████| 9/9 [00:02<00:00,  4.07it/s]
                                             

  0%|          | 0/9 [00:00<?, ?it/s]
 11%|█         | 1/9 [00:00<00:02,  3.80it/s]
 22%|██▏       | 2/9 [00:00<00:01,  3.71it/s]
 33%|███▎      | 3/9 [00:00<00:01,  3.79it/s]
 44%|████▍     | 4/9 [00:01<00:01,  3.73it/s]
 56%|█████▌    | 5/9 [00:01<00:01,  3.73it/s]
 67%|██████▋   | 6/9 [00:01<00:00,  3.67it/s]
 78%|███████▊  | 7/9 [00:01<00:00,  3.93it/s]
 89%|████████▉ | 8/9 [00:02<00:00,  4.12it/s]
100%|██████████| 9/9 [00:02<00:00,  4.29it/s]
                                             

  0%|          | 0/9 [00:00<?, ?it/s]
 11%|█         | 1/9 [00:00<00:01,  4.90it/s]
 22%|██▏       | 2/9 [00:00<00:01,  4.28it/s]
 33%|███▎      | 3/9 [00:00<00:01,  4.33it/s]
 44%|████▍     | 4/9 [00:00<00:01,  4.48it/s]
 56%|█████▌    | 5/9 [00:01<00:00,  4.16it/s]
 67%|██████▋   | 6/9 [00:01<00:00,  4.01it/s]
 78%|███████▊  | 7/9 [00:01<00:00,  3.98it/s]
 89%|████████▉ | 8/9 [00:01<00:00,  3.79it/s]
100%|██████████| 9/9 [00:02<00:00,  3.72it/s]
                                             
{
  "profile": "optical_cable_grid",
  "description": "Optical communication + power cable/grid/offshore-wind proxy for 中天科技/亨通光电",
  "sample_rows": 1541,
  "merged_rows": 1541,
  "raw_rows": 2028,
  "raw_date_min": "2018-01-02",
  "raw_date_max": "2026-05-18",
  "lag_days_legacy": null,
  "lag_policy": {
    "domestic": 0,
    "futures": 1,
    "us": 1
  },
  "enable_us_yf": false,
  "feature_cols": 595,
  "source_meta": {
    "profile": {
      "key": "optical_cable_grid",
      "prefix": "ocg",
      "description": "Optical communication + power cable/grid/offshore-wind proxy for 中天科技/亨通光电",
      "stocks": [
        "300308",
        "300502",
        "300394",
        "600522",
        "600487",
        "603606",
        "600973",
        "601869",
        "600498",
        "600406",
        "601179"
      ],
      "etfs": [
        "515050",
        "159994",
        "159819",
        "512480",
        "515790"
      ],
      "futures": [
        "CU0",
        "AL0"
      ],
      "boards": [
        "通信设备",
        "电网设备",
        "风电设备",
        "消费电子"
      ],
      "us_tickers": []
    },
    "used": {
      "stocks": [
        "300308",
        "300502",
        "300394",
        "600522",
        "603606",
        "600973",
        "601869",
        "600498",
        "600406",
        "601179"
      ],
      "etfs": [
        "515050",
        "159994",
        "159819",
        "512480",
        "515790"
      ],
      "futures": [
        "CU0",
        "AL0"
      ],
      "boards": [
        "通信设备",
        "电网设备",
        "风电设备",
        "消费电子"
      ],
      "us_yf": []
    },
    "start_date": "20180101",
    "end_date": "20260519",
    "target_symbol_excluded": "600487",
    "em_sources_used": false,
    "baostock_cache_dir": "/root/stock_realtime_v021_full/saved_data/600487_pipeline_out/04_external/optical_cable_grid/baostock_external_cache",
    "us_yfinance_enabled": false
  },
  "errors": {},
  "top_missing": {
    "ocg_etf_515790_close_ret60": 0.9831278390655419,
    "ocg_etf_515050_close_ret60": 0.9831278390655419,
    "ocg_etf_515790_range_pct_ret60": 0.9831278390655419,
    "ocg_etf_512480_range_pct_ret60": 0.9831278390655419,
    "ocg_etf_512480_close_ret60": 0.9831278390655419,
    "ocg_etf_159819_range_pct_ret60": 0.9831278390655419,
    "ocg_etf_basket_close_ret60": 0.9831278390655419,
    "ocg_etf_159819_close_ret60": 0.9831278390655419,
    "ocg_etf_515050_range_pct_ret60": 0.9831278390655419,
    "ocg_etf_159994_range_pct_ret60": 0.9831278390655419,
    "ocg_etf_159994_close_ret60": 0.9831278390655419,
    "ocg_etf_515790_close_z60": 0.9571706683971447,
    "ocg_etf_515790_close_ret20": 0.9571706683971447,
    "ocg_etf_515050_close_ret20": 0.9571706683971447,
    "ocg_etf_159994_close_z60": 0.9571706683971447,
    "ocg_etf_159994_range_pct_ret20": 0.9571706683971447,
    "ocg_etf_512480_range_pct_z60": 0.9571706683971447,
    "ocg_etf_512480_range_pct_ret20": 0.9571706683971447,
    "ocg_etf_159994_close_ret20": 0.9571706683971447,
    "ocg_etf_512480_close_ret20": 0.9571706683971447,
    "ocg_etf_515050_close_z60": 0.9571706683971447,
    "ocg_etf_515050_range_pct_ret20": 0.9571706683971447,
    "ocg_etf_159819_range_pct_z60": 0.9571706683971447,
    "ocg_etf_515050_range_pct_z60": 0.9571706683971447,
    "ocg_etf_159819_range_pct_ret20": 0.9571706683971447,
    "ocg_etf_159819_close_z60": 0.9571706683971447,
    "ocg_etf_159819_close_ret20": 0.9571706683971447,
    "ocg_etf_159994_range_pct_z60": 0.9571706683971447,
    "ocg_etf_512480_close_z60": 0.9571706683971447,
    "ocg_etf_basket_close_ret20": 0.9571706683971447,
    "ocg_stock_vs_etf_basket_ret20": 0.9571706683971447,
    "ocg_etf_515790_range_pct_z60": 0.9571706683971447,
    "ocg_etf_basket_close_z60": 0.9571706683971447,
    "ocg_etf_515790_range_pct_ret20": 0.9571706683971447,
    "ocg_etf_515050_close_vol20": 0.9513303049967553,
    "ocg_etf_512480_close_vol20": 0.9513303049967553,
    "ocg_etf_159819_close_vol20": 0.9513303049967553,
    "ocg_etf_515790_close_vol20": 0.9513303049967553,
    "ocg_etf_159994_close_vol20": 0.9513303049967553,
    "ocg_etf_basket_close_vol20": 0.9513303049967553,
    "ocg_etf_159994_close_ma20_gap": 0.9506813757300454,
    "ocg_etf_159819_volume_shock20": 0.9506813757300454,
    "ocg_etf_159819_range_pct_z20": 0.9506813757300454,
    "ocg_etf_159994_close_z20": 0.9506813757300454,
    "ocg_etf_159819_range_pct_ma20_gap": 0.9506813757300454,
    "ocg_etf_159994_range_pct_ma20_gap": 0.9506813757300454,
    "ocg_etf_159994_range_pct_z20": 0.9506813757300454,
    "ocg_etf_159819_close_z20": 0.9506813757300454,
    "ocg_etf_159819_close_ma20_gap": 0.9506813757300454,
    "ocg_etf_basket_close_z20": 0.9506813757300454
  },
  "outputs": {
    "features": "/root/stock_realtime_v021_full/saved_data/600487_pipeline_out/04_external/optical_cable_grid/stock_external_features_optical_cable_grid.csv",
    "merged_samples": "/root/stock_realtime_v021_full/saved_data/600487_pipeline_out/04_external/optical_cable_grid/training_samples_with_optical_cable_grid_external.csv",
    "report": "/root/stock_realtime_v021_full/saved_data/600487_pipeline_out/04_external/optical_cable_grid/validation_report.json"
  }
}
logout success!
[INFO] final samples for search: /root/stock_realtime_v021_full/saved_data/600487_pipeline_out/04_external/optical_cable_grid/training_samples_with_optical_cable_grid_external.csv
=== nextday pipeline end: 2026-05-19T07:29:47 status=ok ===
=== nextday pipeline start: 2026-05-19T23:31:37 ===
symbol=600487.SH, out_root=/root/stock_realtime_v021_full/saved_data/600487_pipeline_out

[2026-05-19T23:31:37] RUN update_data
  /usr/bin/python3 bootstrap/ashare_xgb_dual_opportunity_regression_baostock_full_v19_compressed_trading_axis.py --mode update_data --symbol 600487 --benchmark_symbol 000300 --daily_start 2018-01-01 --daily_end 2026-05-19 --intraday_start '2018-01-01 09:30:00' --intraday_end '2026-05-19 15:00:00' --output_dir /root/stock_realtime_v021_full/saved_data/600487_pipeline_out/00_base --cache_mode incremental --feature_cache_mode incremental --adjust qfq
/root/stock_realtime_v021_full/bootstrap/ashare_fetch_and_train_xgb_sell_signal_baostock_state_cache_helper_fix2.py:246: FutureWarning: The behavior of DataFrame concatenation with empty or all-NA entries is deprecated. In a future version, this will no longer exclude empty or all-NA columns when determining the result dtypes. To retain the old behavior, exclude the relevant entries before the concat operation.
  merged = _normalize_daily_df(pd.concat([df_old, df_new], axis=0, ignore_index=True))
/root/stock_realtime_v021_full/bootstrap/ashare_fetch_and_train_xgb_sell_signal_baostock_state_cache_helper_fix2.py:254: FutureWarning: The behavior of DataFrame concatenation with empty or all-NA entries is deprecated. In a future version, this will no longer exclude empty or all-NA columns when determining the result dtypes. To retain the old behavior, exclude the relevant entries before the concat operation.
  merged = _normalize_bench_df(pd.concat([df_old, df_new], axis=0, ignore_index=True))
login success!
logout success!
login success!
logout success!
login success!
logout success!
login success!
logout success!
login success!
logout success!
login success!
logout success!
{
  "mode": "update_data",
  "symbol": "600487",
  "data_source": "baostock",
  "daily_rows": 2029,
  "intraday_rows": 74016,
  "daily_min": "2018-01-02 00:00:00",
  "daily_max": "2026-05-19 00:00:00",
  "intraday_min": "2020-01-02 09:35:00",
  "intraday_max": "2026-05-19 15:00:00",
  "base_paths": {
    "daily_csv": "/root/stock_realtime_v021_full/saved_data/600487_pipeline_out/00_base/600487_daily.csv",
    "intraday_csv": "/root/stock_realtime_v021_full/saved_data/600487_pipeline_out/00_base/600487_5m.csv",
    "benchmark_csv": "/root/stock_realtime_v021_full/saved_data/600487_pipeline_out/00_base/000300_benchmark_daily.csv",
    "raw_daily_cache_csv": "/root/stock_realtime_v021_full/saved_data/600487_pipeline_out/00_base/raw_cache/600487_daily_raw.csv",
    "raw_intraday_cache_csv": "/root/stock_realtime_v021_full/saved_data/600487_pipeline_out/00_base/raw_cache/600487_5m_raw.csv",
    "raw_benchmark_cache_csv": "/root/stock_realtime_v021_full/saved_data/600487_pipeline_out/00_base/raw_cache/000300_benchmark_daily_raw.csv",
    "daily_features_csv": "/root/stock_realtime_v021_full/saved_data/600487_pipeline_out/00_base/daily_features.csv",
    "intraday_features_csv": "/root/stock_realtime_v021_full/saved_data/600487_pipeline_out/00_base/intraday_features.csv",
    "daily_features_cache_csv": "/root/stock_realtime_v021_full/saved_data/600487_pipeline_out/00_base/feature_cache/daily_features_cache.csv",
    "intraday_features_cache_csv": "/root/stock_realtime_v021_full/saved_data/600487_pipeline_out/00_base/feature_cache/intraday_features_cache.csv",
    "feature_state_json": "/root/stock_realtime_v021_full/saved_data/600487_pipeline_out/00_base/feature_cache/feature_state.json"
  },
  "fetch_logs": {
    "symbol": "600487",
    "benchmark_symbol": "000300",
    "daily_start": "2018-01-01",
    "daily_end": "2026-05-19",
    "intraday_start": "2018-01-01 09:30:00",
    "intraday_end": "2026-05-19 15:00:00",
    "perf_start": "2018-01-01",
    "data_source": "baostock",
    "cache_mode": "incremental",
    "force_refresh": false,
    "raw_cache_dir": "/root/stock_realtime_v021_full/saved_data/600487_pipeline_out/00_base/raw_cache",
    "feature_cache_dir": "/root/stock_realtime_v021_full/saved_data/600487_pipeline_out/00_base/feature_cache",
    "feature_cache_mode": "incremental",
    "daily": {
      "cache_path": "/root/stock_realtime_v021_full/saved_data/600487_pipeline_out/00_base/raw_cache/600487_daily_raw.csv",
      "requested_start": "2018-01-01",
      "requested_end": "2026-05-19",
      "mode": "incremental",
      "cache_before": {
        "rows": 2028,
        "min": "2018-01-02 00:00:00",
        "max": "2026-05-18 00:00:00"
      },
      "fetch_segments": [
        {
          "provider": "baostock",
          "code": "sh.600487",
          "adjustflag": "2",
          "rows": 0
        },
        {
          "provider": "baostock",
          "code": "sh.600487",
          "adjustflag": "2",
          "rows": 1,
          "start": "2026-05-19",
          "end": "2026-05-19"
        }
      ],
      "cache_after": {
        "rows": 2029,
        "min": "2018-01-02 00:00:00",
        "max": "2026-05-19 00:00:00"
      }
    },
    "intraday_5m": {
      "cache_path": "/root/stock_realtime_v021_full/saved_data/600487_pipeline_out/00_base/raw_cache/600487_5m_raw.csv",
      "requested_start": "2018-01-01 09:30:00",
      "requested_end": "2026-05-19 15:00:00",
      "mode": "incremental",
      "cache_before": {
        "rows": 73968,
        "min": "2020-01-02 09:35:00",
        "max": "2026-05-18 15:00:00"
      },
      "fetch_segments": [
        {
          "provider": "baostock",
          "code": "sh.600487",
          "adjustflag": "2",
          "requested_start": "2018-01-01 09:30:00",
          "effective_start": "2018-01-01 09:30:00",
          "requested_end": "2020-01-02 09:30:00",
          "rows": 0
        },
        {
          "provider": "baostock",
          "code": "sh.600487",
          "adjustflag": "2",
          "requested_start": "2026-05-18 15:05:00",
          "effective_start": "2026-05-18 15:05:00",
          "requested_end": "2026-05-19 15:00:00",
          "rows": 48
        }
      ],
      "cache_after": {
        "rows": 74016,
        "min": "2020-01-02 09:35:00",
        "max": "2026-05-19 15:00:00"
      }
    },
    "benchmark_daily": {
      "cache_path": "/root/stock_realtime_v021_full/saved_data/600487_pipeline_out/00_base/raw_cache/000300_benchmark_daily_raw.csv",
      "requested_start": "2018-01-01",
      "requested_end": "2026-05-19",
      "mode": "incremental",
      "cache_before": {
        "rows": 2028,
        "min": "2018-01-02 00:00:00",
        "max": "2026-05-18 00:00:00"
      },
      "fetch_segments": [
        {
          "provider": "baostock",
          "code": "sh.000300",
          "rows": 0,
          "start": "2018-01-01",
          "end": "2018-01-01"
        },
        {
          "provider": "baostock",
          "code": "sh.000300",
          "rows": 1,
          "start": "2026-05-19",
          "end": "2026-05-19"
        }
      ],
      "cache_after": {
>>>>>>> 2a2a5a75404252d90fc88ad35628cdabcc944dba
        "rows": 2029,
        "min": "2018-01-02 00:00:00",
        "max": "2026-05-19 00:00:00"
      }
    },
    "feature_build": {
      "mode": "stateful_incremental_append",
      "daily_context_days": 260,
      "intraday_context_days": 40,
      "daily_append": {
        "needed": true,
<<<<<<< HEAD
        "first_new_date": "2026-05-18 00:00:00",
        "context_start": "2025-04-17 00:00:00",
        "context_raw_rows": 262,
        "appended_rows": 2,
        "cache_before": {
          "rows": 2027,
          "min": "2018-01-02 00:00:00",
          "max": "2026-05-15 00:00:00"
=======
        "first_new_date": "2026-05-19 00:00:00",
        "context_start": "2025-04-18 00:00:00",
        "context_raw_rows": 261,
        "appended_rows": 1,
        "cache_before": {
          "rows": 2028,
          "min": "2018-01-02 00:00:00",
          "max": "2026-05-18 00:00:00"
>>>>>>> 2a2a5a75404252d90fc88ad35628cdabcc944dba
        },
        "cache_after": {
          "rows": 2029,
          "min": "2018-01-02 00:00:00",
          "max": "2026-05-19 00:00:00"
        }
      },
      "intraday_append": {
        "needed": true,
<<<<<<< HEAD
        "first_new_datetime": "2026-05-18 09:35:00",
        "context_start_date": "2026-03-17 00:00:00",
        "context_raw_rows": 2016,
        "appended_rows": 96,
        "cache_before": {
          "rows": 73920,
          "min": "2020-01-02 09:35:00",
          "max": "2026-05-15 15:00:00"
=======
        "first_new_datetime": "2026-05-19 09:35:00",
        "context_start_date": "2026-03-18 00:00:00",
        "context_raw_rows": 1968,
        "appended_rows": 48,
        "cache_before": {
          "rows": 73968,
          "min": "2020-01-02 09:35:00",
          "max": "2026-05-18 15:00:00"
>>>>>>> 2a2a5a75404252d90fc88ad35628cdabcc944dba
        },
        "cache_after": {
          "rows": 74016,
          "min": "2020-01-02 09:35:00",
          "max": "2026-05-19 15:00:00"
        }
      }
    },
    "feature_state": {
      "daily_feature_max": "2026-05-19 00:00:00",
      "intraday_feature_max": "2026-05-19 15:00:00",
      "daily_context_days": 260,
      "intraday_context_days": 40,
      "feature_build_mode": "stateful_incremental_append"
    }
  }
}

<<<<<<< HEAD
[2026-05-19T20:14:38] RUN samples
  'D:\VSCodeWorkspace\stockAnalysis\.venv\Scripts\python.exe' feature_building/build_nextday_samples_from_baostock.py --daily-features 'D:\VSCodeWorkspace\stock_realtime_v021_full\saved_data\600487_pipeline_out\00_base\daily_features.csv' --intraday-bars 'D:\VSCodeWorkspace\stock_realtime_v021_full\saved_data\600487_pipeline_out\00_base\600487_5m.csv' --out-dir 'D:\VSCodeWorkspace\stock_realtime_v021_full\saved_data\600487_pipeline_out\01_samples' --min-bars 40 --keep-unlabeled-tail
=======
[2026-05-19T23:31:55] RUN samples
  /usr/bin/python3 feature_building/build_nextday_samples_from_baostock.py --daily-features /root/stock_realtime_v021_full/saved_data/600487_pipeline_out/00_base/daily_features.csv --intraday-bars /root/stock_realtime_v021_full/saved_data/600487_pipeline_out/00_base/600487_5m.csv --out-dir /root/stock_realtime_v021_full/saved_data/600487_pipeline_out/01_samples --min-bars 40 --keep-unlabeled-tail
>>>>>>> 2a2a5a75404252d90fc88ad35628cdabcc944dba
{
  "rows": 1542,
  "date_min": "2020-01-02",
  "date_max": "2026-05-19",
<<<<<<< HEAD
  "out": "D:\\VSCodeWorkspace\\stock_realtime_v021_full\\saved_data\\600487_pipeline_out\\01_samples\\training_samples.csv"
}

[2026-05-19T20:14:39] RUN fundamental
  'D:\VSCodeWorkspace\stockAnalysis\.venv\Scripts\python.exe' feature_building/build_fundamental_features.py --symbol 600487.SH --daily-samples 'D:\VSCodeWorkspace\stock_realtime_v021_full\saved_data\600487_pipeline_out\01_samples\training_samples.csv' --out-dir 'D:\VSCodeWorkspace\stock_realtime_v021_full\saved_data\600487_pipeline_out\02_fundamental' --start-date 2018-01-01 --end-date 2026-05-19 --fallback-lag-days 120
=== nextday pipeline start: 2026-05-19T20:36:39 ===
symbol=600487.SH, out_root=D:\VSCodeWorkspace\stock_realtime_v021_full\saved_data\600487_pipeline_out

[2026-05-19T20:36:39] RUN update_data
  'D:\VSCodeWorkspace\stockAnalysis\.venv\Scripts\python.exe' bootstrap/ashare_xgb_dual_opportunity_regression_baostock_full_v19_compressed_trading_axis.py --mode update_data --symbol 600487 --benchmark_symbol 000300 --daily_start 2018-01-01 --daily_end 2026-05-19 --intraday_start '2018-01-01 09:30:00' --intraday_end '2026-05-19 15:00:00' --output_dir 'D:\VSCodeWorkspace\stock_realtime_v021_full\saved_data\600487_pipeline_out\00_base' --cache_mode incremental --feature_cache_mode incremental --adjust qfq
login success!
logout success!
login success!
logout success!
login success!
logout success!
{
  "mode": "update_data",
  "symbol": "600487",
  "data_source": "baostock",
  "daily_rows": 2029,
  "intraday_rows": 74016,
  "daily_min": "2018-01-02 00:00:00",
  "daily_max": "2026-05-19 00:00:00",
  "intraday_min": "2020-01-02 09:35:00",
  "intraday_max": "2026-05-19 15:00:00",
  "base_paths": {
    "daily_csv": "D:\\VSCodeWorkspace\\stock_realtime_v021_full\\saved_data\\600487_pipeline_out\\00_base\\600487_daily.csv",
    "intraday_csv": "D:\\VSCodeWorkspace\\stock_realtime_v021_full\\saved_data\\600487_pipeline_out\\00_base\\600487_5m.csv",
    "benchmark_csv": "D:\\VSCodeWorkspace\\stock_realtime_v021_full\\saved_data\\600487_pipeline_out\\00_base\\000300_benchmark_daily.csv",
    "raw_daily_cache_csv": "D:\\VSCodeWorkspace\\stock_realtime_v021_full\\saved_data\\600487_pipeline_out\\00_base\\raw_cache\\600487_daily_raw.csv",
    "raw_intraday_cache_csv": "D:\\VSCodeWorkspace\\stock_realtime_v021_full\\saved_data\\600487_pipeline_out\\00_base\\raw_cache\\600487_5m_raw.csv",
    "raw_benchmark_cache_csv": "D:\\VSCodeWorkspace\\stock_realtime_v021_full\\saved_data\\600487_pipeline_out\\00_base\\raw_cache\\000300_benchmark_daily_raw.csv",
    "daily_features_csv": "D:\\VSCodeWorkspace\\stock_realtime_v021_full\\saved_data\\600487_pipeline_out\\00_base\\daily_features.csv",
    "intraday_features_csv": "D:\\VSCodeWorkspace\\stock_realtime_v021_full\\saved_data\\600487_pipeline_out\\00_base\\intraday_features.csv",
    "daily_features_cache_csv": "D:\\VSCodeWorkspace\\stock_realtime_v021_full\\saved_data\\600487_pipeline_out\\00_base\\feature_cache\\daily_features_cache.csv",
    "intraday_features_cache_csv": "D:\\VSCodeWorkspace\\stock_realtime_v021_full\\saved_data\\600487_pipeline_out\\00_base\\feature_cache\\intraday_features_cache.csv",
    "feature_state_json": "D:\\VSCodeWorkspace\\stock_realtime_v021_full\\saved_data\\600487_pipeline_out\\00_base\\feature_cache\\feature_state.json"
  },
  "fetch_logs": {
    "symbol": "600487",
    "benchmark_symbol": "000300",
    "daily_start": "2018-01-01",
    "daily_end": "2026-05-19",
    "intraday_start": "2018-01-01 09:30:00",
    "intraday_end": "2026-05-19 15:00:00",
    "perf_start": "2018-01-01",
    "data_source": "baostock",
    "cache_mode": "incremental",
    "force_refresh": false,
    "raw_cache_dir": "D:\\VSCodeWorkspace\\stock_realtime_v021_full\\saved_data\\600487_pipeline_out\\00_base\\raw_cache",
    "feature_cache_dir": "D:\\VSCodeWorkspace\\stock_realtime_v021_full\\saved_data\\600487_pipeline_out\\00_base\\feature_cache",
    "feature_cache_mode": "incremental",
    "daily": {
      "cache_path": "D:\\VSCodeWorkspace\\stock_realtime_v021_full\\saved_data\\600487_pipeline_out\\00_base\\raw_cache\\600487_daily_raw.csv",
      "requested_start": "2018-01-01",
      "requested_end": "2026-05-19",
      "mode": "incremental",
      "cache_before": {
        "rows": 2029,
        "min": "2018-01-02 00:00:00",
        "max": "2026-05-19 00:00:00"
      },
      "fetch_segments": [
        {
          "provider": "baostock",
          "code": "sh.600487",
          "adjustflag": "2",
          "rows": 0
        }
      ],
      "cache_after": {
        "rows": 2029,
        "min": "2018-01-02 00:00:00",
        "max": "2026-05-19 00:00:00"
      }
    },
    "intraday_5m": {
      "cache_path": "D:\\VSCodeWorkspace\\stock_realtime_v021_full\\saved_data\\600487_pipeline_out\\00_base\\raw_cache\\600487_5m_raw.csv",
      "requested_start": "2018-01-01 09:30:00",
      "requested_end": "2026-05-19 15:00:00",
      "mode": "incremental",
      "cache_before": {
        "rows": 74016,
        "min": "2020-01-02 09:35:00",
        "max": "2026-05-19 15:00:00"
      },
      "fetch_segments": [
        {
          "provider": "baostock",
          "code": "sh.600487",
          "adjustflag": "2",
          "requested_start": "2018-01-01 09:30:00",
          "effective_start": "2018-01-01 09:30:00",
          "requested_end": "2020-01-02 09:30:00",
          "rows": 0
        }
      ],
      "cache_after": {
        "rows": 74016,
        "min": "2020-01-02 09:35:00",
        "max": "2026-05-19 15:00:00"
      }
    },
    "benchmark_daily": {
      "cache_path": "D:\\VSCodeWorkspace\\stock_realtime_v021_full\\saved_data\\600487_pipeline_out\\00_base\\raw_cache\\000300_benchmark_daily_raw.csv",
      "requested_start": "2018-01-01",
      "requested_end": "2026-05-19",
      "mode": "incremental",
      "cache_before": {
        "rows": 2029,
        "min": "2018-01-02 00:00:00",
        "max": "2026-05-19 00:00:00"
      },
      "fetch_segments": [
        {
          "provider": "baostock",
          "code": "sh.000300",
          "rows": 0,
          "start": "2018-01-01",
          "end": "2018-01-01"
        }
      ],
      "cache_after": {
        "rows": 2029,
        "min": "2018-01-02 00:00:00",
        "max": "2026-05-19 00:00:00"
      }
    },
    "feature_build": {
      "mode": "cache_reuse_no_rebuild",
      "daily_cache": {
        "rows": 2029,
        "min": "2018-01-02 00:00:00",
        "max": "2026-05-19 00:00:00"
      },
      "intraday_cache": {
        "rows": 74016,
        "min": "2020-01-02 09:35:00",
        "max": "2026-05-19 15:00:00"
      },
      "daily_context_days": 260,
      "intraday_context_days": 40
    },
    "feature_state": {
      "daily_feature_max": "2026-05-19 00:00:00",
      "intraday_feature_max": "2026-05-19 15:00:00",
      "daily_context_days": 260,
      "intraday_context_days": 40,
      "feature_build_mode": "cache_reuse_no_rebuild"
    }
  }
}

[2026-05-19T20:36:48] RUN samples
  'D:\VSCodeWorkspace\stockAnalysis\.venv\Scripts\python.exe' feature_building/build_nextday_samples_from_baostock.py --daily-features 'D:\VSCodeWorkspace\stock_realtime_v021_full\saved_data\600487_pipeline_out\00_base\daily_features.csv' --intraday-bars 'D:\VSCodeWorkspace\stock_realtime_v021_full\saved_data\600487_pipeline_out\00_base\600487_5m.csv' --out-dir 'D:\VSCodeWorkspace\stock_realtime_v021_full\saved_data\600487_pipeline_out\01_samples' --min-bars 40 --keep-unlabeled-tail
{
  "rows": 1542,
  "date_min": "2020-01-02",
  "date_max": "2026-05-19",
  "out": "D:\\VSCodeWorkspace\\stock_realtime_v021_full\\saved_data\\600487_pipeline_out\\01_samples\\training_samples.csv"
}

[2026-05-19T20:36:48] RUN fundamental
  'D:\VSCodeWorkspace\stockAnalysis\.venv\Scripts\python.exe' feature_building/build_fundamental_features.py --symbol 600487.SH --daily-samples 'D:\VSCodeWorkspace\stock_realtime_v021_full\saved_data\600487_pipeline_out\01_samples\training_samples.csv' --out-dir 'D:\VSCodeWorkspace\stock_realtime_v021_full\saved_data\600487_pipeline_out\02_fundamental' --start-date 2018-01-01 --end-date 2026-05-19 --fallback-lag-days 120
login success!
[WinError 10060] 由于连接方在一段时间后没有正确答复或连接的主机没有反应，连接尝试失败。
接收数据异常，请稍后再试。
[WinError 10054] 远程主机强迫关闭了一个现有的连接。
接收数据异常，请稍后再试。
[WinError 10054] 远程主机强迫关闭了一个现有的连接。
接收数据异常，请稍后再试。
[WinError 10054] 远程主机强迫关闭了一个现有的连接。
接收数据异常，请稍后再试。
[WinError 10054] 远程主机强迫关闭了一个现有的连接。
接收数据异常，请稍后再试。
[WinError 10054] 远程主机强迫关闭了一个现有的连接。
接收数据异常，请稍后再试。
[WinError 10054] 远程主机强迫关闭了一个现有的连接。
接收数据异常，请稍后再试。
[WinError 10054] 远程主机强迫关闭了一个现有的连接。
接收数据异常，请稍后再试。
[WinError 10054] 远程主机强迫关闭了一个现有的连接。
接收数据异常，请稍后再试。
[WinError 10054] 远程主机强迫关闭了一个现有的连接。
接收数据异常，请稍后再试。
[WinError 10054] 远程主机强迫关闭了一个现有的连接。
接收数据异常，请稍后再试。
[WinError 10054] 远程主机强迫关闭了一个现有的连接。
接收数据异常，请稍后再试。
[WinError 10054] 远程主机强迫关闭了一个现有的连接。
接收数据异常，请稍后再试。
[WinError 10054] 远程主机强迫关闭了一个现有的连接。
接收数据异常，请稍后再试。
[WinError 10054] 远程主机强迫关闭了一个现有的连接。
接收数据异常，请稍后再试。
[WinError 10054] 远程主机强迫关闭了一个现有的连接。
接收数据异常，请稍后再试。
[WinError 10054] 远程主机强迫关闭了一个现有的连接。
接收数据异常，请稍后再试。
[WinError 10054] 远程主机强迫关闭了一个现有的连接。
接收数据异常，请稍后再试。
[WinError 10054] 远程主机强迫关闭了一个现有的连接。
接收数据异常，请稍后再试。
[WinError 10054] 远程主机强迫关闭了一个现有的连接。
接收数据异常，请稍后再试。
[WinError 10054] 远程主机强迫关闭了一个现有的连接。
接收数据异常，请稍后再试。
[WinError 10054] 远程主机强迫关闭了一个现有的连接。
接收数据异常，请稍后再试。
[WinError 10054] 远程主机强迫关闭了一个现有的连接。
接收数据异常，请稍后再试。
[WinError 10054] 远程主机强迫关闭了一个现有的连接。
接收数据异常，请稍后再试。
[WinError 10054] 远程主机强迫关闭了一个现有的连接。
接收数据异常，请稍后再试。
[WinError 10054] 远程主机强迫关闭了一个现有的连接。
接收数据异常，请稍后再试。
[WinError 10054] 远程主机强迫关闭了一个现有的连接。
接收数据异常，请稍后再试。
[WinError 10054] 远程主机强迫关闭了一个现有的连接。
接收数据异常，请稍后再试。
[WinError 10054] 远程主机强迫关闭了一个现有的连接。
接收数据异常，请稍后再试。
[WinError 10054] 远程主机强迫关闭了一个现有的连接。
接收数据异常，请稍后再试。
[WinError 10054] 远程主机强迫关闭了一个现有的连接。
接收数据异常，请稍后再试。
[WinError 10054] 远程主机强迫关闭了一个现有的连接。
接收数据异常，请稍后再试。
[WinError 10054] 远程主机强迫关闭了一个现有的连接。
接收数据异常，请稍后再试。
[WinError 10054] 远程主机强迫关闭了一个现有的连接。
接收数据异常，请稍后再试。
[WinError 10054] 远程主机强迫关闭了一个现有的连接。
接收数据异常，请稍后再试。
[WinError 10054] 远程主机强迫关闭了一个现有的连接。
接收数据异常，请稍后再试。
[WinError 10054] 远程主机强迫关闭了一个现有的连接。
接收数据异常，请稍后再试。
[WinError 10054] 远程主机强迫关闭了一个现有的连接。
接收数据异常，请稍后再试。
[WinError 10054] 远程主机强迫关闭了一个现有的连接。
接收数据异常，请稍后再试。
[WinError 10054] 远程主机强迫关闭了一个现有的连接。
接收数据异常，请稍后再试。
[WinError 10054] 远程主机强迫关闭了一个现有的连接。
接收数据异常，请稍后再试。
[WinError 10054] 远程主机强迫关闭了一个现有的连接。
接收数据异常，请稍后再试。
[WinError 10054] 远程主机强迫关闭了一个现有的连接。
接收数据异常，请稍后再试。
[WinError 10054] 远程主机强迫关闭了一个现有的连接。
接收数据异常，请稍后再试。
[WinError 10054] 远程主机强迫关闭了一个现有的连接。
接收数据异常，请稍后再试。
[WinError 10054] 远程主机强迫关闭了一个现有的连接。
接收数据异常，请稍后再试。
[WinError 10054] 远程主机强迫关闭了一个现有的连接。
接收数据异常，请稍后再试。
[WinError 10054] 远程主机强迫关闭了一个现有的连接。
接收数据异常，请稍后再试。
[WinError 10054] 远程主机强迫关闭了一个现有的连接。
接收数据异常，请稍后再试。
[WinError 10054] 远程主机强迫关闭了一个现有的连接。
接收数据异常，请稍后再试。
[WinError 10054] 远程主机强迫关闭了一个现有的连接。
接收数据异常，请稍后再试。
[WinError 10054] 远程主机强迫关闭了一个现有的连接。
接收数据异常，请稍后再试。
[WinError 10054] 远程主机强迫关闭了一个现有的连接。
接收数据异常，请稍后再试。
[WinError 10054] 远程主机强迫关闭了一个现有的连接。
接收数据异常，请稍后再试。
[WinError 10054] 远程主机强迫关闭了一个现有的连接。
接收数据异常，请稍后再试。
[WinError 10054] 远程主机强迫关闭了一个现有的连接。
接收数据异常，请稍后再试。
[WinError 10054] 远程主机强迫关闭了一个现有的连接。
接收数据异常，请稍后再试。
[WinError 10054] 远程主机强迫关闭了一个现有的连接。
接收数据异常，请稍后再试。
[WinError 10054] 远程主机强迫关闭了一个现有的连接。
接收数据异常，请稍后再试。
[WinError 10054] 远程主机强迫关闭了一个现有的连接。
接收数据异常，请稍后再试。
[WinError 10054] 远程主机强迫关闭了一个现有的连接。
接收数据异常，请稍后再试。
[WinError 10054] 远程主机强迫关闭了一个现有的连接。
接收数据异常，请稍后再试。
[WinError 10054] 远程主机强迫关闭了一个现有的连接。
接收数据异常，请稍后再试。
[WinError 10054] 远程主机强迫关闭了一个现有的连接。
接收数据异常，请稍后再试。
[WinError 10054] 远程主机强迫关闭了一个现有的连接。
接收数据异常，请稍后再试。
[WinError 10054] 远程主机强迫关闭了一个现有的连接。
接收数据异常，请稍后再试。
[WinError 10054] 远程主机强迫关闭了一个现有的连接。
接收数据异常，请稍后再试。
[WinError 10054] 远程主机强迫关闭了一个现有的连接。
接收数据异常，请稍后再试。
[WinError 10054] 远程主机强迫关闭了一个现有的连接。
接收数据异常，请稍后再试。
[WinError 10054] 远程主机强迫关闭了一个现有的连接。
接收数据异常，请稍后再试。
[WinError 10054] 远程主机强迫关闭了一个现有的连接。
接收数据异常，请稍后再试。
[WinError 10054] 远程主机强迫关闭了一个现有的连接。
接收数据异常，请稍后再试。
[WinError 10054] 远程主机强迫关闭了一个现有的连接。
接收数据异常，请稍后再试。
[WinError 10054] 远程主机强迫关闭了一个现有的连接。
接收数据异常，请稍后再试。
[WinError 10054] 远程主机强迫关闭了一个现有的连接。
接收数据异常，请稍后再试。
[WinError 10054] 远程主机强迫关闭了一个现有的连接。
接收数据异常，请稍后再试。
[WinError 10054] 远程主机强迫关闭了一个现有的连接。
接收数据异常，请稍后再试。
[WinError 10054] 远程主机强迫关闭了一个现有的连接。
接收数据异常，请稍后再试。
[WinError 10054] 远程主机强迫关闭了一个现有的连接。
接收数据异常，请稍后再试。
[WinError 10054] 远程主机强迫关闭了一个现有的连接。
接收数据异常，请稍后再试。
[WinError 10054] 远程主机强迫关闭了一个现有的连接。
接收数据异常，请稍后再试。
[WinError 10054] 远程主机强迫关闭了一个现有的连接。
接收数据异常，请稍后再试。
[WinError 10054] 远程主机强迫关闭了一个现有的连接。
接收数据异常，请稍后再试。
[WinError 10054] 远程主机强迫关闭了一个现有的连接。
接收数据异常，请稍后再试。
[WinError 10054] 远程主机强迫关闭了一个现有的连接。
接收数据异常，请稍后再试。
[WinError 10054] 远程主机强迫关闭了一个现有的连接。
接收数据异常，请稍后再试。
[WinError 10054] 远程主机强迫关闭了一个现有的连接。
接收数据异常，请稍后再试。
[WinError 10054] 远程主机强迫关闭了一个现有的连接。
接收数据异常，请稍后再试。
[WinError 10054] 远程主机强迫关闭了一个现有的连接。
接收数据异常，请稍后再试。
[WinError 10054] 远程主机强迫关闭了一个现有的连接。
接收数据异常，请稍后再试。
[WinError 10054] 远程主机强迫关闭了一个现有的连接。
接收数据异常，请稍后再试。
[WinError 10054] 远程主机强迫关闭了一个现有的连接。
接收数据异常，请稍后再试。
[WinError 10054] 远程主机强迫关闭了一个现有的连接。
接收数据异常，请稍后再试。
[WinError 10054] 远程主机强迫关闭了一个现有的连接。
接收数据异常，请稍后再试。
[WinError 10054] 远程主机强迫关闭了一个现有的连接。
接收数据异常，请稍后再试。
[WinError 10054] 远程主机强迫关闭了一个现有的连接。
接收数据异常，请稍后再试。
[WinError 10054] 远程主机强迫关闭了一个现有的连接。
接收数据异常，请稍后再试。
[WinError 10054] 远程主机强迫关闭了一个现有的连接。
接收数据异常，请稍后再试。
[WinError 10054] 远程主机强迫关闭了一个现有的连接。
接收数据异常，请稍后再试。
[WinError 10054] 远程主机强迫关闭了一个现有的连接。
接收数据异常，请稍后再试。
[WinError 10054] 远程主机强迫关闭了一个现有的连接。
接收数据异常，请稍后再试。
[WinError 10054] 远程主机强迫关闭了一个现有的连接。
接收数据异常，请稍后再试。
[WinError 10054] 远程主机强迫关闭了一个现有的连接。
接收数据异常，请稍后再试。
[WinError 10054] 远程主机强迫关闭了一个现有的连接。
接收数据异常，请稍后再试。
[WinError 10054] 远程主机强迫关闭了一个现有的连接。
接收数据异常，请稍后再试。
[WinError 10054] 远程主机强迫关闭了一个现有的连接。
接收数据异常，请稍后再试。
[WinError 10054] 远程主机强迫关闭了一个现有的连接。
接收数据异常，请稍后再试。
[WinError 10054] 远程主机强迫关闭了一个现有的连接。
接收数据异常，请稍后再试。
[WinError 10054] 远程主机强迫关闭了一个现有的连接。
接收数据异常，请稍后再试。
[WinError 10054] 远程主机强迫关闭了一个现有的连接。
接收数据异常，请稍后再试。
{
  "rows": 1542,
  "date_min": "2020-01-02",
  "date_max": "2026-05-19",
  "source_errors": [],
  "top_missing_rates": {
    "solvency_assetToEquity_chg4q": 0.9513618677042801,
    "solvency_quickRatio_chg4q": 0.9513618677042801,
    "solvency_currentRatio_chg4q": 0.9513618677042801,
    "solvency_liabilityToAsset_chg4q": 0.9513618677042801,
    "solvency_cashRatio_chg4q": 0.9513618677042801,
    "solvency_YOYLiability_chg4q": 0.9513618677042801,
    "solvency_quickRatio": 0.9487678339818417,
    "solvency_YOYLiability": 0.9487678339818417,
    "solvency_cashRatio": 0.9487678339818417,
    "solvency_currentRatio": 0.9487678339818417,
    "solvency_liabilityToAsset": 0.9487678339818417,
    "solvency_assetToEquity": 0.9487678339818417,
    "ak_fund_收盘价_sum10": 0.9241245136186771,
    "ak_fund_涨跌幅_sum10": 0.9241245136186771,
    "ak_fund_小单净流入-净额_sum10": 0.9241245136186771,
    "ak_fund_主力净流入-净占比_sum10": 0.9241245136186771,
    "ak_fund_主力净流入-净额_sum10": 0.9241245136186771,
    "ak_fund_小单净流入-净占比_sum10": 0.9241245136186771,
    "ak_fund_中单净流入-净额_sum10": 0.9241245136186771,
    "ak_fund_大单净流入-净额_sum10": 0.9241245136186771,
    "ak_fund_大单净流入-净占比_sum10": 0.9241245136186771,
    "ak_fund_超大单净流入-净占比_sum10": 0.9241245136186771,
    "ak_fund_超大单净流入-净额_sum10": 0.9241245136186771,
    "ak_fund_中单净流入-净占比_sum10": 0.9241245136186771,
    "ak_fund_超大单净流入-净占比_sum5": 0.9228274967574579,
    "ak_fund_超大单净流入-净额_sum5": 0.9228274967574579,
    "ak_fund_大单净流入-净额_sum5": 0.9228274967574579,
    "ak_fund_收盘价_sum5": 0.9228274967574579,
    "ak_fund_涨跌幅_sum5": 0.9228274967574579,
    "ak_fund_主力净流入-净占比_sum5": 0.9228274967574579
  },
  "valuation_non_null": {
    "peTTM": 1542,
    "pbMRQ": 1542,
    "psTTM": 1542,
    "pcfNcfTTM": 1542
  },
  "future_effective_date_violations": 0,
  "rows_with_quarterly": 1542,
  "sample_rows": 1542,
  "quarterly_raw_rows": 37,
  "quarterly_used_pubDate_rows": 37,
  "quarterly_fallback_rows": 0,
  "elapsed_seconds": 67.583,
  "symbol": "600487",
  "baostock_code": "sh.600487",
  "valuation_rows": 2029,
  "fund_flow_rows": 121,
  "feature_columns": 95,
  "merged_columns": 164,
  "outputs": {
    "daily_valuation": "D:\\VSCodeWorkspace\\stock_realtime_v021_full\\saved_data\\600487_pipeline_out\\02_fundamental\\baostock_daily_valuation.csv",
    "quarterly_fundamentals": "D:\\VSCodeWorkspace\\stock_realtime_v021_full\\saved_data\\600487_pipeline_out\\02_fundamental\\baostock_quarterly_fundamentals_pit.csv",
    "fundamental_features": "D:\\VSCodeWorkspace\\stock_realtime_v021_full\\saved_data\\600487_pipeline_out\\02_fundamental\\fundamental_features.csv",
    "merged_samples": "D:\\VSCodeWorkspace\\stock_realtime_v021_full\\saved_data\\600487_pipeline_out\\02_fundamental\\training_samples_with_fundamentals.csv"
  }
}

[2026-05-19T20:37:57] RUN sector
  'D:\VSCodeWorkspace\stockAnalysis\.venv\Scripts\python.exe' feature_building/build_sector_features.py --samples 'D:\VSCodeWorkspace\stock_realtime_v021_full\saved_data\600487_pipeline_out\02_fundamental\training_samples_with_fundamentals.csv' --out-dir 'D:\VSCodeWorkspace\stock_realtime_v021_full\saved_data\600487_pipeline_out\03_sector' --sector-symbol '通信设备' --start-date 2018-01-01 --end-date 2026-05-19

  0%|          | 0/9 [00:00<?, ?it/s]
 11%|█         | 1/9 [00:00<00:05,  1.46it/s]
 22%|██▏       | 2/9 [00:01<00:04,  1.46it/s]
 33%|███▎      | 3/9 [00:02<00:06,  1.07s/it]
 44%|████▍     | 4/9 [00:04<00:07,  1.43s/it]
 56%|█████▌    | 5/9 [00:07<00:06,  1.71s/it]
                                             
Traceback (most recent call last):
  File "D:\VSCodeWorkspace\stockAnalysis\.venv\Lib\site-packages\urllib3\connectionpool.py", line 464, in _make_request
    self._validate_conn(conn)
  File "D:\VSCodeWorkspace\stockAnalysis\.venv\Lib\site-packages\urllib3\connectionpool.py", line 1093, in _validate_conn
    conn.connect()
  File "D:\VSCodeWorkspace\stockAnalysis\.venv\Lib\site-packages\urllib3\connection.py", line 796, in connect
    sock_and_verified = _ssl_wrap_socket_and_match_hostname(
                        ^^^^^^^^^^^^^^^^^^^^^^^^^^^^^^^^^^^^
  File "D:\VSCodeWorkspace\stockAnalysis\.venv\Lib\site-packages\urllib3\connection.py", line 975, in _ssl_wrap_socket_and_match_hostname
    ssl_sock = ssl_wrap_socket(
               ^^^^^^^^^^^^^^^^
  File "D:\VSCodeWorkspace\stockAnalysis\.venv\Lib\site-packages\urllib3\util\ssl_.py", line 483, in ssl_wrap_socket
    ssl_sock = _ssl_wrap_socket_impl(sock, context, tls_in_tls, server_hostname)
               ^^^^^^^^^^^^^^^^^^^^^^^^^^^^^^^^^^^^^^^^^^^^^^^^^^^^^^^^^^^^^^^^^
  File "D:\VSCodeWorkspace\stockAnalysis\.venv\Lib\site-packages\urllib3\util\ssl_.py", line 527, in _ssl_wrap_socket_impl
    return ssl_context.wrap_socket(sock, server_hostname=server_hostname)
           ^^^^^^^^^^^^^^^^^^^^^^^^^^^^^^^^^^^^^^^^^^^^^^^^^^^^^^^^^^^^^^
  File "D:\Programs\Python\Python312\Lib\ssl.py", line 455, in wrap_socket
    return self.sslsocket_class._create(
           ^^^^^^^^^^^^^^^^^^^^^^^^^^^^^
  File "D:\Programs\Python\Python312\Lib\ssl.py", line 1042, in _create
    self.do_handshake()
  File "D:\Programs\Python\Python312\Lib\ssl.py", line 1320, in do_handshake
    self._sslobj.do_handshake()
ssl.SSLEOFError: [SSL: UNEXPECTED_EOF_WHILE_READING] EOF occurred in violation of protocol (_ssl.c:1000)

During handling of the above exception, another exception occurred:

Traceback (most recent call last):
  File "D:\VSCodeWorkspace\stockAnalysis\.venv\Lib\site-packages\urllib3\connectionpool.py", line 787, in urlopen
    response = self._make_request(
               ^^^^^^^^^^^^^^^^^^^
  File "D:\VSCodeWorkspace\stockAnalysis\.venv\Lib\site-packages\urllib3\connectionpool.py", line 488, in _make_request
    raise new_e
urllib3.exceptions.SSLError: [SSL: UNEXPECTED_EOF_WHILE_READING] EOF occurred in violation of protocol (_ssl.c:1000)

The above exception was the direct cause of the following exception:

Traceback (most recent call last):
  File "D:\VSCodeWorkspace\stockAnalysis\.venv\Lib\site-packages\requests\adapters.py", line 644, in send
    resp = conn.urlopen(
           ^^^^^^^^^^^^^
  File "D:\VSCodeWorkspace\stockAnalysis\.venv\Lib\site-packages\urllib3\connectionpool.py", line 841, in urlopen
    retries = retries.increment(
              ^^^^^^^^^^^^^^^^^^
  File "D:\VSCodeWorkspace\stockAnalysis\.venv\Lib\site-packages\urllib3\util\retry.py", line 535, in increment
    raise MaxRetryError(_pool, url, reason) from reason  # type: ignore[arg-type]
    ^^^^^^^^^^^^^^^^^^^^^^^^^^^^^^^^^^^^^^^^^^^^^^^^^^^
urllib3.exceptions.MaxRetryError: HTTPSConnectionPool(host='d.10jqka.com.cn', port=443): Max retries exceeded with url: /v4/line/bk_881129/01/2023.js (Caused by SSLError(SSLEOFError(8, '[SSL: UNEXPECTED_EOF_WHILE_READING] EOF occurred in violation of protocol (_ssl.c:1000)')))

During handling of the above exception, another exception occurred:

Traceback (most recent call last):
  File "D:\VSCodeWorkspace\stock_realtime_v021_full\feature_building\build_sector_features.py", line 133, in <module>
    main()
  File "D:\VSCodeWorkspace\stock_realtime_v021_full\feature_building\build_sector_features.py", line 101, in main
    sector = fetch_ths_sector_index(args.sector_symbol, start_date, end_date)
             ^^^^^^^^^^^^^^^^^^^^^^^^^^^^^^^^^^^^^^^^^^^^^^^^^^^^^^^^^^^^^^^^
  File "D:\VSCodeWorkspace\stock_realtime_v021_full\feature_building\build_sector_features.py", line 28, in fetch_ths_sector_index
    raw = ak.stock_board_industry_index_ths(
          ^^^^^^^^^^^^^^^^^^^^^^^^^^^^^^^^^^
  File "D:\VSCodeWorkspace\stockAnalysis\.venv\Lib\site-packages\akshare\stock_feature\stock_board_industry_ths.py", line 157, in stock_board_industry_index_ths
    r = requests.get(url, headers=headers)
        ^^^^^^^^^^^^^^^^^^^^^^^^^^^^^^^^^^
  File "D:\VSCodeWorkspace\stockAnalysis\.venv\Lib\site-packages\requests\api.py", line 73, in get
    return request("get", url, params=params, **kwargs)
           ^^^^^^^^^^^^^^^^^^^^^^^^^^^^^^^^^^^^^^^^^^^^
  File "D:\VSCodeWorkspace\stockAnalysis\.venv\Lib\site-packages\requests\api.py", line 59, in request
    return session.request(method=method, url=url, **kwargs)
           ^^^^^^^^^^^^^^^^^^^^^^^^^^^^^^^^^^^^^^^^^^^^^^^^^
  File "D:\VSCodeWorkspace\stockAnalysis\.venv\Lib\site-packages\requests\sessions.py", line 589, in request
    resp = self.send(prep, **send_kwargs)
           ^^^^^^^^^^^^^^^^^^^^^^^^^^^^^^
  File "D:\VSCodeWorkspace\stockAnalysis\.venv\Lib\site-packages\requests\sessions.py", line 703, in send
    r = adapter.send(request, **kwargs)
        ^^^^^^^^^^^^^^^^^^^^^^^^^^^^^^^
  File "D:\VSCodeWorkspace\stockAnalysis\.venv\Lib\site-packages\requests\adapters.py", line 675, in send
    raise SSLError(e, request=request)
requests.exceptions.SSLError: HTTPSConnectionPool(host='d.10jqka.com.cn', port=443): Max retries exceeded with url: /v4/line/bk_881129/01/2023.js (Caused by SSLError(SSLEOFError(8, '[SSL: UNEXPECTED_EOF_WHILE_READING] EOF occurred in violation of protocol (_ssl.c:1000)')))
=== nextday pipeline start: 2026-05-19T23:33:10 ===
symbol=600487.SH, out_root=D:\VSCodeWorkspace\stock_realtime_v021_full\saved_data\600487_pipeline_out

[2026-05-19T23:33:10] RUN update_data
  'D:\VSCodeWorkspace\stockAnalysis\.venv\Scripts\python.exe' bootstrap/ashare_xgb_dual_opportunity_regression_baostock_full_v19_compressed_trading_axis.py --mode update_data --symbol 600487 --benchmark_symbol 000300 --daily_start 2018-01-01 --daily_end 2026-05-19 --intraday_start '2018-01-01 09:30:00' --intraday_end '2026-05-19 15:00:00' --output_dir 'D:\VSCodeWorkspace\stock_realtime_v021_full\saved_data\600487_pipeline_out\00_base' --cache_mode incremental --feature_cache_mode incremental --adjust qfq
login success!
logout success!
login success!
logout success!
login success!
logout success!
{
  "mode": "update_data",
  "symbol": "600487",
  "data_source": "baostock",
  "daily_rows": 2029,
  "intraday_rows": 74016,
  "daily_min": "2018-01-02 00:00:00",
  "daily_max": "2026-05-19 00:00:00",
  "intraday_min": "2020-01-02 09:35:00",
  "intraday_max": "2026-05-19 15:00:00",
  "base_paths": {
    "daily_csv": "D:\\VSCodeWorkspace\\stock_realtime_v021_full\\saved_data\\600487_pipeline_out\\00_base\\600487_daily.csv",
    "intraday_csv": "D:\\VSCodeWorkspace\\stock_realtime_v021_full\\saved_data\\600487_pipeline_out\\00_base\\600487_5m.csv",
    "benchmark_csv": "D:\\VSCodeWorkspace\\stock_realtime_v021_full\\saved_data\\600487_pipeline_out\\00_base\\000300_benchmark_daily.csv",
    "raw_daily_cache_csv": "D:\\VSCodeWorkspace\\stock_realtime_v021_full\\saved_data\\600487_pipeline_out\\00_base\\raw_cache\\600487_daily_raw.csv",
    "raw_intraday_cache_csv": "D:\\VSCodeWorkspace\\stock_realtime_v021_full\\saved_data\\600487_pipeline_out\\00_base\\raw_cache\\600487_5m_raw.csv",
    "raw_benchmark_cache_csv": "D:\\VSCodeWorkspace\\stock_realtime_v021_full\\saved_data\\600487_pipeline_out\\00_base\\raw_cache\\000300_benchmark_daily_raw.csv",
    "daily_features_csv": "D:\\VSCodeWorkspace\\stock_realtime_v021_full\\saved_data\\600487_pipeline_out\\00_base\\daily_features.csv",
    "intraday_features_csv": "D:\\VSCodeWorkspace\\stock_realtime_v021_full\\saved_data\\600487_pipeline_out\\00_base\\intraday_features.csv",
    "daily_features_cache_csv": "D:\\VSCodeWorkspace\\stock_realtime_v021_full\\saved_data\\600487_pipeline_out\\00_base\\feature_cache\\daily_features_cache.csv",
    "intraday_features_cache_csv": "D:\\VSCodeWorkspace\\stock_realtime_v021_full\\saved_data\\600487_pipeline_out\\00_base\\feature_cache\\intraday_features_cache.csv",
    "feature_state_json": "D:\\VSCodeWorkspace\\stock_realtime_v021_full\\saved_data\\600487_pipeline_out\\00_base\\feature_cache\\feature_state.json"
  },
  "fetch_logs": {
    "symbol": "600487",
    "benchmark_symbol": "000300",
    "daily_start": "2018-01-01",
    "daily_end": "2026-05-19",
    "intraday_start": "2018-01-01 09:30:00",
    "intraday_end": "2026-05-19 15:00:00",
    "perf_start": "2018-01-01",
    "data_source": "baostock",
    "cache_mode": "incremental",
    "force_refresh": false,
    "raw_cache_dir": "D:\\VSCodeWorkspace\\stock_realtime_v021_full\\saved_data\\600487_pipeline_out\\00_base\\raw_cache",
    "feature_cache_dir": "D:\\VSCodeWorkspace\\stock_realtime_v021_full\\saved_data\\600487_pipeline_out\\00_base\\feature_cache",
    "feature_cache_mode": "incremental",
    "daily": {
      "cache_path": "D:\\VSCodeWorkspace\\stock_realtime_v021_full\\saved_data\\600487_pipeline_out\\00_base\\raw_cache\\600487_daily_raw.csv",
      "requested_start": "2018-01-01",
      "requested_end": "2026-05-19",
      "mode": "incremental",
      "cache_before": {
        "rows": 2029,
        "min": "2018-01-02 00:00:00",
        "max": "2026-05-19 00:00:00"
      },
      "fetch_segments": [
        {
          "provider": "baostock",
          "code": "sh.600487",
          "adjustflag": "2",
          "rows": 0
        }
      ],
      "cache_after": {
        "rows": 2029,
        "min": "2018-01-02 00:00:00",
        "max": "2026-05-19 00:00:00"
      }
    },
    "intraday_5m": {
      "cache_path": "D:\\VSCodeWorkspace\\stock_realtime_v021_full\\saved_data\\600487_pipeline_out\\00_base\\raw_cache\\600487_5m_raw.csv",
      "requested_start": "2018-01-01 09:30:00",
      "requested_end": "2026-05-19 15:00:00",
      "mode": "incremental",
      "cache_before": {
        "rows": 74016,
        "min": "2020-01-02 09:35:00",
        "max": "2026-05-19 15:00:00"
      },
      "fetch_segments": [
        {
          "provider": "baostock",
          "code": "sh.600487",
          "adjustflag": "2",
          "requested_start": "2018-01-01 09:30:00",
          "effective_start": "2018-01-01 09:30:00",
          "requested_end": "2020-01-02 09:30:00",
          "rows": 0
        }
      ],
      "cache_after": {
        "rows": 74016,
        "min": "2020-01-02 09:35:00",
        "max": "2026-05-19 15:00:00"
      }
    },
    "benchmark_daily": {
      "cache_path": "D:\\VSCodeWorkspace\\stock_realtime_v021_full\\saved_data\\600487_pipeline_out\\00_base\\raw_cache\\000300_benchmark_daily_raw.csv",
      "requested_start": "2018-01-01",
      "requested_end": "2026-05-19",
      "mode": "incremental",
      "cache_before": {
        "rows": 2029,
        "min": "2018-01-02 00:00:00",
        "max": "2026-05-19 00:00:00"
      },
      "fetch_segments": [
        {
          "provider": "baostock",
          "code": "sh.000300",
          "rows": 0,
          "start": "2018-01-01",
          "end": "2018-01-01"
        }
      ],
      "cache_after": {
        "rows": 2029,
        "min": "2018-01-02 00:00:00",
        "max": "2026-05-19 00:00:00"
      }
    },
    "feature_build": {
      "mode": "cache_reuse_no_rebuild",
      "daily_cache": {
        "rows": 2029,
        "min": "2018-01-02 00:00:00",
        "max": "2026-05-19 00:00:00"
      },
      "intraday_cache": {
        "rows": 74016,
        "min": "2020-01-02 09:35:00",
        "max": "2026-05-19 15:00:00"
      },
      "daily_context_days": 260,
      "intraday_context_days": 40
    },
    "feature_state": {
      "daily_feature_max": "2026-05-19 00:00:00",
      "intraday_feature_max": "2026-05-19 15:00:00",
      "daily_context_days": 260,
      "intraday_context_days": 40,
      "feature_build_mode": "cache_reuse_no_rebuild"
    }
  }
}

[2026-05-19T23:33:16] RUN samples
  'D:\VSCodeWorkspace\stockAnalysis\.venv\Scripts\python.exe' feature_building/build_nextday_samples_from_baostock.py --daily-features 'D:\VSCodeWorkspace\stock_realtime_v021_full\saved_data\600487_pipeline_out\00_base\daily_features.csv' --intraday-bars 'D:\VSCodeWorkspace\stock_realtime_v021_full\saved_data\600487_pipeline_out\00_base\600487_5m.csv' --out-dir 'D:\VSCodeWorkspace\stock_realtime_v021_full\saved_data\600487_pipeline_out\01_samples' --min-bars 40 --keep-unlabeled-tail
{
  "rows": 1542,
  "date_min": "2020-01-02",
  "date_max": "2026-05-19",
  "out": "D:\\VSCodeWorkspace\\stock_realtime_v021_full\\saved_data\\600487_pipeline_out\\01_samples\\training_samples.csv"
}

[2026-05-19T23:33:17] RUN fundamental
  'D:\VSCodeWorkspace\stockAnalysis\.venv\Scripts\python.exe' feature_building/build_fundamental_features.py --symbol 600487.SH --daily-samples 'D:\VSCodeWorkspace\stock_realtime_v021_full\saved_data\600487_pipeline_out\01_samples\training_samples.csv' --out-dir 'D:\VSCodeWorkspace\stock_realtime_v021_full\saved_data\600487_pipeline_out\02_fundamental' --start-date 2018-01-01 --end-date 2026-05-19 --fallback-lag-days 120
=======
  "out": "/root/stock_realtime_v021_full/saved_data/600487_pipeline_out/01_samples/training_samples.csv"
}

[2026-05-19T23:31:56] RUN fundamental
  /usr/bin/python3 feature_building/build_fundamental_features.py --symbol 600487.SH --daily-samples /root/stock_realtime_v021_full/saved_data/600487_pipeline_out/01_samples/training_samples.csv --out-dir /root/stock_realtime_v021_full/saved_data/600487_pipeline_out/02_fundamental --start-date 2018-01-01 --end-date 2026-05-19 --fallback-lag-days 120
>>>>>>> 2a2a5a75404252d90fc88ad35628cdabcc944dba
login success!
logout success!
{
  "rows": 1542,
  "date_min": "2020-01-02",
  "date_max": "2026-05-19",
  "source_errors": [],
  "top_missing_rates": {
    "ak_fund_小单净流入-净额_sum10": 0.9247730220492867,
    "ak_fund_主力净流入-净额_sum10": 0.9247730220492867,
    "ak_fund_主力净流入-净占比_sum10": 0.9247730220492867,
    "ak_fund_涨跌幅_sum10": 0.9247730220492867,
    "ak_fund_收盘价_sum10": 0.9247730220492867,
    "ak_fund_中单净流入-净额_sum10": 0.9247730220492867,
    "ak_fund_中单净流入-净占比_sum10": 0.9247730220492867,
    "ak_fund_小单净流入-净占比_sum10": 0.9247730220492867,
    "ak_fund_超大单净流入-净额_sum10": 0.9247730220492867,
    "ak_fund_大单净流入-净额_sum10": 0.9247730220492867,
    "ak_fund_大单净流入-净占比_sum10": 0.9247730220492867,
    "ak_fund_超大单净流入-净占比_sum10": 0.9247730220492867,
    "ak_fund_涨跌幅_sum5": 0.9234760051880675,
    "ak_fund_主力净流入-净占比_sum5": 0.9234760051880675,
    "ak_fund_主力净流入-净额_sum5": 0.9234760051880675,
    "ak_fund_收盘价_sum5": 0.9234760051880675,
    "ak_fund_超大单净流入-净占比_sum5": 0.9234760051880675,
    "ak_fund_中单净流入-净占比_sum5": 0.9234760051880675,
    "ak_fund_中单净流入-净额_sum5": 0.9234760051880675,
    "ak_fund_小单净流入-净额_sum5": 0.9234760051880675,
    "ak_fund_小单净流入-净占比_sum5": 0.9234760051880675,
    "ak_fund_大单净流入-净占比_sum5": 0.9234760051880675,
    "ak_fund_大单净流入-净额_sum5": 0.9234760051880675,
    "ak_fund_超大单净流入-净额_sum5": 0.9234760051880675,
    "ak_fund_大单净流入-净额": 0.9221789883268483,
    "ak_fund_超大单净流入-净占比": 0.9221789883268483,
    "ak_fund_超大单净流入-净额": 0.9221789883268483,
    "ak_fund_收盘价": 0.9221789883268483,
    "ak_fund_涨跌幅": 0.9221789883268483,
    "ak_fund_中单净流入-净额": 0.9221789883268483
  },
  "valuation_non_null": {
    "peTTM": 1542,
    "pbMRQ": 1542,
    "psTTM": 1542,
    "pcfNcfTTM": 1542
  },
  "future_effective_date_violations": 0,
  "rows_with_quarterly": 1542,
  "sample_rows": 1542,
  "quarterly_raw_rows": 37,
  "quarterly_used_pubDate_rows": 37,
  "quarterly_fallback_rows": 0,
<<<<<<< HEAD
  "elapsed_seconds": 42.162,
=======
  "elapsed_seconds": 25.718,
>>>>>>> 2a2a5a75404252d90fc88ad35628cdabcc944dba
  "symbol": "600487",
  "baostock_code": "sh.600487",
  "valuation_rows": 2029,
  "fund_flow_rows": 120,
  "feature_columns": 125,
  "merged_columns": 194,
  "outputs": {
<<<<<<< HEAD
    "daily_valuation": "D:\\VSCodeWorkspace\\stock_realtime_v021_full\\saved_data\\600487_pipeline_out\\02_fundamental\\baostock_daily_valuation.csv",
    "quarterly_fundamentals": "D:\\VSCodeWorkspace\\stock_realtime_v021_full\\saved_data\\600487_pipeline_out\\02_fundamental\\baostock_quarterly_fundamentals_pit.csv",
    "fundamental_features": "D:\\VSCodeWorkspace\\stock_realtime_v021_full\\saved_data\\600487_pipeline_out\\02_fundamental\\fundamental_features.csv",
    "merged_samples": "D:\\VSCodeWorkspace\\stock_realtime_v021_full\\saved_data\\600487_pipeline_out\\02_fundamental\\training_samples_with_fundamentals.csv"
  }
}

[2026-05-19T23:34:00] RUN sector
  'D:\VSCodeWorkspace\stockAnalysis\.venv\Scripts\python.exe' feature_building/build_sector_features.py --samples 'D:\VSCodeWorkspace\stock_realtime_v021_full\saved_data\600487_pipeline_out\02_fundamental\training_samples_with_fundamentals.csv' --out-dir 'D:\VSCodeWorkspace\stock_realtime_v021_full\saved_data\600487_pipeline_out\03_sector' --sector-symbol '通信设备' --start-date 2018-01-01 --end-date 2026-05-19

  0%|          | 0/9 [00:00<?, ?it/s]
 11%|█         | 1/9 [00:01<00:11,  1.46s/it]
 22%|██▏       | 2/9 [00:02<00:10,  1.45s/it]
 33%|███▎      | 3/9 [00:04<00:08,  1.41s/it]
 44%|████▍     | 4/9 [00:05<00:06,  1.39s/it]
 56%|█████▌    | 5/9 [00:07<00:05,  1.41s/it]
 67%|██████▋   | 6/9 [00:08<00:04,  1.40s/it]
 78%|███████▊  | 7/9 [00:09<00:02,  1.40s/it]
 89%|████████▉ | 8/9 [00:11<00:01,  1.38s/it]
100%|██████████| 9/9 [00:12<00:00,  1.36s/it]
=======
    "daily_valuation": "/root/stock_realtime_v021_full/saved_data/600487_pipeline_out/02_fundamental/baostock_daily_valuation.csv",
    "quarterly_fundamentals": "/root/stock_realtime_v021_full/saved_data/600487_pipeline_out/02_fundamental/baostock_quarterly_fundamentals_pit.csv",
    "fundamental_features": "/root/stock_realtime_v021_full/saved_data/600487_pipeline_out/02_fundamental/fundamental_features.csv",
    "merged_samples": "/root/stock_realtime_v021_full/saved_data/600487_pipeline_out/02_fundamental/training_samples_with_fundamentals.csv"
  }
}

[2026-05-19T23:32:22] RUN sector
  /usr/bin/python3 feature_building/build_sector_features.py --samples /root/stock_realtime_v021_full/saved_data/600487_pipeline_out/02_fundamental/training_samples_with_fundamentals.csv --out-dir /root/stock_realtime_v021_full/saved_data/600487_pipeline_out/03_sector --sector-symbol '通信设备' --start-date 2018-01-01 --end-date 2026-05-19

  0%|          | 0/9 [00:00<?, ?it/s]
 11%|█         | 1/9 [00:00<00:02,  3.63it/s]
 22%|██▏       | 2/9 [00:00<00:01,  3.85it/s]
 33%|███▎      | 3/9 [00:00<00:01,  3.84it/s]
 44%|████▍     | 4/9 [00:01<00:01,  3.88it/s]
 56%|█████▌    | 5/9 [00:01<00:01,  3.93it/s]
 67%|██████▋   | 6/9 [00:01<00:00,  4.11it/s]
 78%|███████▊  | 7/9 [00:01<00:00,  4.18it/s]
 89%|████████▉ | 8/9 [00:02<00:00,  3.97it/s]
100%|██████████| 9/9 [00:02<00:00,  4.13it/s]
>>>>>>> 2a2a5a75404252d90fc88ad35628cdabcc944dba
                                             
{
  "sector_symbol": "通信设备",
  "sector_rows": 2029,
  "sector_date_min": "2018-01-02",
  "sector_date_max": "2026-05-19",
  "sample_rows": 1542,
  "merged_rows": 1542,
  "sector_feature_cols": 23,
  "top_missing": {
    "sector_ret60": 0.038910505836575876,
    "sector_ma60_gap": 0.019455252918287938,
    "stock_vs_sector_ret20": 0.01297016861219196,
    "sector_ret20": 0.01297016861219196,
    "sector_vol20": 0.007133592736705577,
    "sector_ma20_gap": 0.00648508430609598,
    "sector_range_z20": 0.00648508430609598,
    "sector_volume_shock20": 0.00648508430609598,
    "sector_amount_z20": 0.00648508430609598,
    "sector_volume_z20": 0.00648508430609598,
    "sector_amount_shock20": 0.00648508430609598,
    "sector_ret5": 0.00324254215304799,
    "stock_vs_sector_ret5": 0.00324254215304799,
    "sector_vs_bench_ret5": 0.00324254215304799,
    "stock_vs_sector_ret1": 0.0006485084306095979,
    "sector_ret1": 0.0006485084306095979,
    "sector_amount": 0.0,
    "sector_volume": 0.0,
    "sector_close": 0.0,
    "sector_low": 0.0
  },
  "outputs": {
<<<<<<< HEAD
    "sector_index": "D:\\VSCodeWorkspace\\stock_realtime_v021_full\\saved_data\\600487_pipeline_out\\03_sector\\sector_index_ths.csv",
    "sector_features": "D:\\VSCodeWorkspace\\stock_realtime_v021_full\\saved_data\\600487_pipeline_out\\03_sector\\sector_features.csv",
    "merged_samples": "D:\\VSCodeWorkspace\\stock_realtime_v021_full\\saved_data\\600487_pipeline_out\\03_sector\\training_samples_with_sector.csv"
  }
}

[2026-05-19T23:34:17] RUN external_optical_cable_grid
  'D:\VSCodeWorkspace\stockAnalysis\.venv\Scripts\python.exe' feature_building/build_stock_external_features.py --samples 'D:\VSCodeWorkspace\stock_realtime_v021_full\saved_data\600487_pipeline_out\03_sector\training_samples_with_sector.csv' --out-dir 'D:\VSCodeWorkspace\stock_realtime_v021_full\saved_data\600487_pipeline_out\04_external\optical_cable_grid' --profile optical_cable_grid --target-symbol 600487.SH --start-date 2018-01-01 --end-date 2026-05-19 --adjust qfq --domestic-lag-days 0 --future-lag-days 1 --us-lag-days 1
login success!

  0%|          | 0/9 [00:00<?, ?it/s]
 11%|█         | 1/9 [00:00<00:05,  1.43it/s]
 22%|██▏       | 2/9 [00:01<00:05,  1.36it/s]
 33%|███▎      | 3/9 [00:02<00:04,  1.38it/s]
 44%|████▍     | 4/9 [00:02<00:03,  1.39it/s]
 56%|█████▌    | 5/9 [00:03<00:02,  1.39it/s]
 67%|██████▋   | 6/9 [00:04<00:02,  1.40it/s]
 78%|███████▊  | 7/9 [00:04<00:01,  1.42it/s]
 89%|████████▉ | 8/9 [00:05<00:00,  1.42it/s]
100%|██████████| 9/9 [00:06<00:00,  1.46it/s]
                                             

  0%|          | 0/9 [00:00<?, ?it/s]
 11%|█         | 1/9 [00:00<00:05,  1.40it/s]
 22%|██▏       | 2/9 [00:01<00:05,  1.38it/s]
 33%|███▎      | 3/9 [00:02<00:04,  1.41it/s]
 44%|████▍     | 4/9 [00:02<00:03,  1.43it/s]
 56%|█████▌    | 5/9 [00:03<00:02,  1.46it/s]
 67%|██████▋   | 6/9 [00:04<00:02,  1.47it/s]
 78%|███████▊  | 7/9 [00:04<00:01,  1.43it/s]
 89%|████████▉ | 8/9 [00:05<00:00,  1.44it/s]
100%|██████████| 9/9 [00:06<00:00,  1.45it/s]
                                             

  0%|          | 0/9 [00:00<?, ?it/s]
 11%|█         | 1/9 [00:00<00:05,  1.44it/s]
 22%|██▏       | 2/9 [00:01<00:04,  1.42it/s]
 33%|███▎      | 3/9 [00:02<00:06,  1.04s/it]
 44%|████▍     | 4/9 [00:04<00:05,  1.17s/it]
 56%|█████▌    | 5/9 [00:05<00:04,  1.23s/it]
 67%|██████▋   | 6/9 [00:06<00:03,  1.26s/it]
 78%|███████▊  | 7/9 [00:08<00:02,  1.27s/it]
 89%|████████▉ | 8/9 [00:09<00:01,  1.28s/it]
100%|██████████| 9/9 [00:10<00:00,  1.28s/it]
                                             

  0%|          | 0/9 [00:00<?, ?it/s]
 11%|█         | 1/9 [00:01<00:11,  1.38s/it]
 22%|██▏       | 2/9 [00:02<00:09,  1.33s/it]
 33%|███▎      | 3/9 [00:04<00:08,  1.38s/it]
 44%|████▍     | 4/9 [00:05<00:06,  1.39s/it]
 56%|█████▌    | 5/9 [00:06<00:05,  1.38s/it]
 67%|██████▋   | 6/9 [00:08<00:04,  1.36s/it]
 78%|███████▊  | 7/9 [00:09<00:02,  1.34s/it]
 89%|████████▉ | 8/9 [00:10<00:01,  1.33s/it]
100%|██████████| 9/9 [00:12<00:00,  1.31s/it]
=======
    "sector_index": "/root/stock_realtime_v021_full/saved_data/600487_pipeline_out/03_sector/sector_index_ths.csv",
    "sector_features": "/root/stock_realtime_v021_full/saved_data/600487_pipeline_out/03_sector/sector_features.csv",
    "merged_samples": "/root/stock_realtime_v021_full/saved_data/600487_pipeline_out/03_sector/training_samples_with_sector.csv"
  }
}

[2026-05-19T23:32:27] RUN external_optical_cable_grid
  /usr/bin/python3 feature_building/build_stock_external_features.py --samples /root/stock_realtime_v021_full/saved_data/600487_pipeline_out/03_sector/training_samples_with_sector.csv --out-dir /root/stock_realtime_v021_full/saved_data/600487_pipeline_out/04_external/optical_cable_grid --profile optical_cable_grid --target-symbol 600487.SH --start-date 2018-01-01 --end-date 2026-05-19 --adjust qfq --domestic-lag-days 0 --future-lag-days 1 --us-lag-days 1
login success!

  0%|          | 0/9 [00:00<?, ?it/s]
 11%|█         | 1/9 [00:00<00:02,  3.99it/s]
 22%|██▏       | 2/9 [00:00<00:01,  4.26it/s]
 33%|███▎      | 3/9 [00:00<00:01,  4.14it/s]
 44%|████▍     | 4/9 [00:00<00:01,  4.36it/s]
 56%|█████▌    | 5/9 [00:01<00:00,  4.27it/s]
 67%|██████▋   | 6/9 [00:01<00:00,  4.36it/s]
 78%|███████▊  | 7/9 [00:01<00:00,  4.24it/s]
 89%|████████▉ | 8/9 [00:01<00:00,  4.37it/s]
100%|██████████| 9/9 [00:02<00:00,  4.28it/s]
                                             

  0%|          | 0/9 [00:00<?, ?it/s]
 11%|█         | 1/9 [00:00<00:01,  4.48it/s]
 22%|██▏       | 2/9 [00:00<00:01,  4.50it/s]
 33%|███▎      | 3/9 [00:00<00:01,  4.22it/s]
 44%|████▍     | 4/9 [00:00<00:01,  4.16it/s]
 56%|█████▌    | 5/9 [00:01<00:00,  4.30it/s]
 67%|██████▋   | 6/9 [00:01<00:00,  4.37it/s]
 78%|███████▊  | 7/9 [00:01<00:00,  4.22it/s]
 89%|████████▉ | 8/9 [00:01<00:00,  4.06it/s]
100%|██████████| 9/9 [00:02<00:00,  4.31it/s]
                                             

  0%|          | 0/9 [00:00<?, ?it/s]
 11%|█         | 1/9 [00:00<00:01,  4.53it/s]
 22%|██▏       | 2/9 [00:00<00:01,  4.25it/s]
 33%|███▎      | 3/9 [00:00<00:01,  4.49it/s]
 44%|████▍     | 4/9 [00:00<00:01,  4.41it/s]
 56%|█████▌    | 5/9 [00:01<00:00,  4.10it/s]
 67%|██████▋   | 6/9 [00:01<00:00,  4.23it/s]
 78%|███████▊  | 7/9 [00:01<00:00,  4.01it/s]
 89%|████████▉ | 8/9 [00:01<00:00,  3.96it/s]
100%|██████████| 9/9 [00:02<00:00,  4.29it/s]
                                             

  0%|          | 0/9 [00:00<?, ?it/s]
 11%|█         | 1/9 [00:00<00:01,  4.06it/s]
 22%|██▏       | 2/9 [00:00<00:01,  4.11it/s]
 33%|███▎      | 3/9 [00:00<00:01,  3.79it/s]
 44%|████▍     | 4/9 [00:01<00:01,  3.94it/s]
 56%|█████▌    | 5/9 [00:01<00:01,  3.61it/s]
 67%|██████▋   | 6/9 [00:01<00:00,  3.59it/s]
 78%|███████▊  | 7/9 [00:01<00:00,  3.31it/s]
 89%|████████▉ | 8/9 [00:02<00:00,  3.47it/s]
100%|██████████| 9/9 [00:03<00:00,  1.89it/s]
>>>>>>> 2a2a5a75404252d90fc88ad35628cdabcc944dba
                                             
{
  "profile": "optical_cable_grid",
  "description": "Optical communication + power cable/grid/offshore-wind proxy for 中天科技/亨通光电",
  "sample_rows": 1542,
  "merged_rows": 1542,
  "raw_rows": 2029,
  "raw_date_min": "2018-01-02",
  "raw_date_max": "2026-05-19",
  "lag_days_legacy": null,
  "lag_policy": {
    "domestic": 0,
    "futures": 1,
    "us": 1
  },
  "enable_us_yf": false,
  "feature_cols": 595,
  "source_meta": {
    "profile": {
      "key": "optical_cable_grid",
      "prefix": "ocg",
      "description": "Optical communication + power cable/grid/offshore-wind proxy for 中天科技/亨通光电",
      "stocks": [
        "300308",
        "300502",
        "300394",
        "600522",
        "600487",
        "603606",
        "600973",
        "601869",
        "600498",
        "600406",
        "601179"
      ],
      "etfs": [
        "515050",
        "159994",
        "159819",
        "512480",
        "515790"
      ],
      "futures": [
        "CU0",
        "AL0"
      ],
      "boards": [
        "通信设备",
        "电网设备",
        "风电设备",
        "消费电子"
      ],
      "us_tickers": []
    },
    "used": {
      "stocks": [
        "300308",
        "300502",
        "300394",
        "600522",
        "603606",
        "600973",
        "601869",
        "600498",
        "600406",
        "601179"
      ],
      "etfs": [
        "515050",
        "159994",
        "159819",
        "512480",
        "515790"
      ],
      "futures": [
        "CU0",
        "AL0"
      ],
      "boards": [
        "通信设备",
        "电网设备",
        "风电设备",
        "消费电子"
      ],
      "us_yf": []
    },
    "start_date": "20180101",
    "end_date": "20260519",
    "target_symbol_excluded": "600487",
    "em_sources_used": false,
<<<<<<< HEAD
    "baostock_cache_dir": "D:\\VSCodeWorkspace\\stock_realtime_v021_full\\saved_data\\600487_pipeline_out\\04_external\\optical_cable_grid\\baostock_external_cache",
=======
    "baostock_cache_dir": "/root/stock_realtime_v021_full/saved_data/600487_pipeline_out/04_external/optical_cable_grid/baostock_external_cache",
>>>>>>> 2a2a5a75404252d90fc88ad35628cdabcc944dba
    "us_yfinance_enabled": false
  },
  "errors": {},
  "top_missing": {
    "ocg_etf_515790_close_ret60": 0.9824902723735408,
<<<<<<< HEAD
    "ocg_etf_basket_close_ret60": 0.9824902723735408,
    "ocg_etf_512480_range_pct_ret60": 0.9824902723735408,
    "ocg_etf_515050_close_ret60": 0.9824902723735408,
    "ocg_etf_159819_close_ret60": 0.9824902723735408,
    "ocg_etf_159994_close_ret60": 0.9824902723735408,
    "ocg_etf_159994_range_pct_ret60": 0.9824902723735408,
    "ocg_etf_515050_range_pct_ret60": 0.9824902723735408,
    "ocg_etf_512480_close_ret60": 0.9824902723735408,
    "ocg_etf_159819_range_pct_ret60": 0.9824902723735408,
    "ocg_etf_515790_range_pct_ret60": 0.9824902723735408,
    "ocg_etf_basket_close_ret20": 0.956549935149157,
    "ocg_etf_159819_close_ret20": 0.956549935149157,
    "ocg_etf_159994_close_ret20": 0.956549935149157,
    "ocg_etf_515050_range_pct_z60": 0.956549935149157,
    "ocg_etf_159994_range_pct_ret20": 0.956549935149157,
    "ocg_etf_515050_close_z60": 0.956549935149157,
    "ocg_stock_vs_etf_basket_ret20": 0.956549935149157,
    "ocg_etf_515050_close_ret20": 0.956549935149157,
    "ocg_etf_515050_range_pct_ret20": 0.956549935149157,
    "ocg_etf_basket_close_z60": 0.956549935149157,
    "ocg_etf_159819_close_z60": 0.956549935149157,
    "ocg_etf_159819_range_pct_z60": 0.956549935149157,
    "ocg_etf_159819_range_pct_ret20": 0.956549935149157,
    "ocg_etf_515790_range_pct_z60": 0.956549935149157,
    "ocg_etf_512480_range_pct_z60": 0.956549935149157,
    "ocg_etf_515790_range_pct_ret20": 0.956549935149157,
    "ocg_etf_515790_close_z60": 0.956549935149157,
    "ocg_etf_512480_close_ret20": 0.956549935149157,
    "ocg_etf_512480_close_z60": 0.956549935149157,
    "ocg_etf_159994_close_z60": 0.956549935149157,
    "ocg_etf_512480_range_pct_ret20": 0.956549935149157,
    "ocg_etf_515790_close_ret20": 0.956549935149157,
    "ocg_etf_159994_range_pct_z60": 0.956549935149157,
    "ocg_etf_512480_close_vol20": 0.9507133592736705,
    "ocg_etf_basket_close_vol20": 0.9507133592736705,
    "ocg_etf_515050_close_vol20": 0.9507133592736705,
    "ocg_etf_159994_close_vol20": 0.9507133592736705,
    "ocg_etf_515790_close_vol20": 0.9507133592736705,
    "ocg_etf_159819_close_vol20": 0.9507133592736705,
    "ocg_etf_basket_close_ma20_gap": 0.9500648508430609,
    "ocg_etf_515790_close_ma20_gap": 0.9500648508430609,
    "ocg_etf_basket_close_z20": 0.9500648508430609,
    "ocg_etf_515790_close_z20": 0.9500648508430609,
    "ocg_etf_159994_volume_shock20": 0.9500648508430609,
    "ocg_etf_159819_volume_z20": 0.9500648508430609,
    "ocg_etf_159819_volume_shock20": 0.9500648508430609,
    "ocg_etf_159819_range_pct_ma20_gap": 0.9500648508430609,
    "ocg_etf_159819_range_pct_z20": 0.9500648508430609,
    "ocg_etf_159819_close_ma20_gap": 0.9500648508430609
  },
  "outputs": {
    "features": "D:\\VSCodeWorkspace\\stock_realtime_v021_full\\saved_data\\600487_pipeline_out\\04_external\\optical_cable_grid\\stock_external_features_optical_cable_grid.csv",
    "merged_samples": "D:\\VSCodeWorkspace\\stock_realtime_v021_full\\saved_data\\600487_pipeline_out\\04_external\\optical_cable_grid\\training_samples_with_optical_cable_grid_external.csv",
    "report": "D:\\VSCodeWorkspace\\stock_realtime_v021_full\\saved_data\\600487_pipeline_out\\04_external\\optical_cable_grid\\validation_report.json"
  }
}
logout success!
[INFO] final samples for search: D:\VSCodeWorkspace\stock_realtime_v021_full\saved_data\600487_pipeline_out\04_external\optical_cable_grid\training_samples_with_optical_cable_grid_external.csv
=== nextday pipeline end: 2026-05-19T23:35:28 status=ok ===
=======
    "ocg_etf_515050_close_ret60": 0.9824902723735408,
    "ocg_etf_515790_range_pct_ret60": 0.9824902723735408,
    "ocg_etf_512480_range_pct_ret60": 0.9824902723735408,
    "ocg_etf_512480_close_ret60": 0.9824902723735408,
    "ocg_etf_159819_range_pct_ret60": 0.9824902723735408,
    "ocg_etf_basket_close_ret60": 0.9824902723735408,
    "ocg_etf_159819_close_ret60": 0.9824902723735408,
    "ocg_etf_515050_range_pct_ret60": 0.9824902723735408,
    "ocg_etf_159994_range_pct_ret60": 0.9824902723735408,
    "ocg_etf_159994_close_ret60": 0.9824902723735408,
    "ocg_etf_515790_close_z60": 0.956549935149157,
    "ocg_etf_515790_close_ret20": 0.956549935149157,
    "ocg_etf_515050_close_ret20": 0.956549935149157,
    "ocg_etf_159994_close_z60": 0.956549935149157,
    "ocg_etf_159994_range_pct_ret20": 0.956549935149157,
    "ocg_etf_512480_range_pct_z60": 0.956549935149157,
    "ocg_etf_512480_range_pct_ret20": 0.956549935149157,
    "ocg_etf_159994_close_ret20": 0.956549935149157,
    "ocg_etf_512480_close_ret20": 0.956549935149157,
    "ocg_etf_515050_close_z60": 0.956549935149157,
    "ocg_etf_515050_range_pct_ret20": 0.956549935149157,
    "ocg_etf_159819_range_pct_z60": 0.956549935149157,
    "ocg_etf_515050_range_pct_z60": 0.956549935149157,
    "ocg_etf_159819_range_pct_ret20": 0.956549935149157,
    "ocg_etf_159819_close_z60": 0.956549935149157,
    "ocg_etf_159819_close_ret20": 0.956549935149157,
    "ocg_etf_159994_range_pct_z60": 0.956549935149157,
    "ocg_etf_512480_close_z60": 0.956549935149157,
    "ocg_etf_basket_close_ret20": 0.956549935149157,
    "ocg_stock_vs_etf_basket_ret20": 0.956549935149157,
    "ocg_etf_515790_range_pct_z60": 0.956549935149157,
    "ocg_etf_basket_close_z60": 0.956549935149157,
    "ocg_etf_515790_range_pct_ret20": 0.956549935149157,
    "ocg_etf_515050_close_vol20": 0.9507133592736705,
    "ocg_etf_512480_close_vol20": 0.9507133592736705,
    "ocg_etf_159819_close_vol20": 0.9507133592736705,
    "ocg_etf_515790_close_vol20": 0.9507133592736705,
    "ocg_etf_159994_close_vol20": 0.9507133592736705,
    "ocg_etf_basket_close_vol20": 0.9507133592736705,
    "ocg_etf_159994_close_ma20_gap": 0.9500648508430609,
    "ocg_etf_159819_volume_shock20": 0.9500648508430609,
    "ocg_etf_159819_range_pct_z20": 0.9500648508430609,
    "ocg_etf_159994_close_z20": 0.9500648508430609,
    "ocg_etf_159819_range_pct_ma20_gap": 0.9500648508430609,
    "ocg_etf_159994_range_pct_ma20_gap": 0.9500648508430609,
    "ocg_etf_159994_range_pct_z20": 0.9500648508430609,
    "ocg_etf_159819_close_z20": 0.9500648508430609,
    "ocg_etf_159819_close_ma20_gap": 0.9500648508430609,
    "ocg_etf_basket_close_z20": 0.9500648508430609
  },
  "outputs": {
    "features": "/root/stock_realtime_v021_full/saved_data/600487_pipeline_out/04_external/optical_cable_grid/stock_external_features_optical_cable_grid.csv",
    "merged_samples": "/root/stock_realtime_v021_full/saved_data/600487_pipeline_out/04_external/optical_cable_grid/training_samples_with_optical_cable_grid_external.csv",
    "report": "/root/stock_realtime_v021_full/saved_data/600487_pipeline_out/04_external/optical_cable_grid/validation_report.json"
  }
}
logout success!
[INFO] final samples for search: /root/stock_realtime_v021_full/saved_data/600487_pipeline_out/04_external/optical_cable_grid/training_samples_with_optical_cable_grid_external.csv
=== nextday pipeline end: 2026-05-19T23:33:04 status=ok ===
>>>>>>> 2a2a5a75404252d90fc88ad35628cdabcc944dba
=== nextday pipeline start: 2026-05-21T00:24:57 ===
symbol=600487.SH, out_root=/root/stock_realtime_v021_full/saved_data/600487_pipeline_out

[2026-05-21T00:24:57] RUN update_data
  /usr/bin/python3 bootstrap/ashare_xgb_dual_opportunity_regression_baostock_full_v19_compressed_trading_axis.py --mode update_data --symbol 600487 --benchmark_symbol 000300 --daily_start 2018-01-01 --daily_end 2026-05-20 --intraday_start '2018-01-01 09:30:00' --intraday_end '2026-05-20 15:00:00' --output_dir /root/stock_realtime_v021_full/saved_data/600487_pipeline_out/00_base --cache_mode incremental --feature_cache_mode incremental --adjust qfq
/root/stock_realtime_v021_full/bootstrap/ashare_fetch_and_train_xgb_sell_signal_baostock_state_cache_helper_fix2.py:246: FutureWarning: The behavior of DataFrame concatenation with empty or all-NA entries is deprecated. In a future version, this will no longer exclude empty or all-NA columns when determining the result dtypes. To retain the old behavior, exclude the relevant entries before the concat operation.
  merged = _normalize_daily_df(pd.concat([df_old, df_new], axis=0, ignore_index=True))
/root/stock_realtime_v021_full/bootstrap/ashare_fetch_and_train_xgb_sell_signal_baostock_state_cache_helper_fix2.py:254: FutureWarning: The behavior of DataFrame concatenation with empty or all-NA entries is deprecated. In a future version, this will no longer exclude empty or all-NA columns when determining the result dtypes. To retain the old behavior, exclude the relevant entries before the concat operation.
  merged = _normalize_bench_df(pd.concat([df_old, df_new], axis=0, ignore_index=True))
login success!
logout success!
login success!
logout success!
login success!
logout success!
login success!
logout success!
login success!
logout success!
login success!
logout success!
{
  "mode": "update_data",
  "symbol": "600487",
  "data_source": "baostock",
  "daily_rows": 2030,
  "intraday_rows": 74064,
  "daily_min": "2018-01-02 00:00:00",
  "daily_max": "2026-05-20 00:00:00",
  "intraday_min": "2020-01-02 09:35:00",
  "intraday_max": "2026-05-20 15:00:00",
  "base_paths": {
    "daily_csv": "/root/stock_realtime_v021_full/saved_data/600487_pipeline_out/00_base/600487_daily.csv",
    "intraday_csv": "/root/stock_realtime_v021_full/saved_data/600487_pipeline_out/00_base/600487_5m.csv",
    "benchmark_csv": "/root/stock_realtime_v021_full/saved_data/600487_pipeline_out/00_base/000300_benchmark_daily.csv",
    "raw_daily_cache_csv": "/root/stock_realtime_v021_full/saved_data/600487_pipeline_out/00_base/raw_cache/600487_daily_raw.csv",
    "raw_intraday_cache_csv": "/root/stock_realtime_v021_full/saved_data/600487_pipeline_out/00_base/raw_cache/600487_5m_raw.csv",
    "raw_benchmark_cache_csv": "/root/stock_realtime_v021_full/saved_data/600487_pipeline_out/00_base/raw_cache/000300_benchmark_daily_raw.csv",
    "daily_features_csv": "/root/stock_realtime_v021_full/saved_data/600487_pipeline_out/00_base/daily_features.csv",
    "intraday_features_csv": "/root/stock_realtime_v021_full/saved_data/600487_pipeline_out/00_base/intraday_features.csv",
    "daily_features_cache_csv": "/root/stock_realtime_v021_full/saved_data/600487_pipeline_out/00_base/feature_cache/daily_features_cache.csv",
    "intraday_features_cache_csv": "/root/stock_realtime_v021_full/saved_data/600487_pipeline_out/00_base/feature_cache/intraday_features_cache.csv",
    "feature_state_json": "/root/stock_realtime_v021_full/saved_data/600487_pipeline_out/00_base/feature_cache/feature_state.json"
  },
  "fetch_logs": {
    "symbol": "600487",
    "benchmark_symbol": "000300",
    "daily_start": "2018-01-01",
    "daily_end": "2026-05-20",
    "intraday_start": "2018-01-01 09:30:00",
    "intraday_end": "2026-05-20 15:00:00",
    "perf_start": "2018-01-01",
    "data_source": "baostock",
    "cache_mode": "incremental",
    "force_refresh": false,
    "raw_cache_dir": "/root/stock_realtime_v021_full/saved_data/600487_pipeline_out/00_base/raw_cache",
    "feature_cache_dir": "/root/stock_realtime_v021_full/saved_data/600487_pipeline_out/00_base/feature_cache",
    "feature_cache_mode": "incremental",
    "daily": {
      "cache_path": "/root/stock_realtime_v021_full/saved_data/600487_pipeline_out/00_base/raw_cache/600487_daily_raw.csv",
      "requested_start": "2018-01-01",
      "requested_end": "2026-05-20",
      "mode": "incremental",
      "cache_before": {
        "rows": 2029,
        "min": "2018-01-02 00:00:00",
        "max": "2026-05-19 00:00:00"
      },
      "fetch_segments": [
        {
          "provider": "baostock",
          "code": "sh.600487",
          "adjustflag": "2",
          "rows": 0
        },
        {
          "provider": "baostock",
          "code": "sh.600487",
          "adjustflag": "2",
          "rows": 1,
          "start": "2026-05-20",
          "end": "2026-05-20"
        }
      ],
      "cache_after": {
        "rows": 2030,
        "min": "2018-01-02 00:00:00",
        "max": "2026-05-20 00:00:00"
      }
    },
    "intraday_5m": {
      "cache_path": "/root/stock_realtime_v021_full/saved_data/600487_pipeline_out/00_base/raw_cache/600487_5m_raw.csv",
      "requested_start": "2018-01-01 09:30:00",
      "requested_end": "2026-05-20 15:00:00",
      "mode": "incremental",
      "cache_before": {
        "rows": 74016,
        "min": "2020-01-02 09:35:00",
        "max": "2026-05-19 15:00:00"
      },
      "fetch_segments": [
        {
          "provider": "baostock",
          "code": "sh.600487",
          "adjustflag": "2",
          "requested_start": "2018-01-01 09:30:00",
          "effective_start": "2018-01-01 09:30:00",
          "requested_end": "2020-01-02 09:30:00",
          "rows": 0
        },
        {
          "provider": "baostock",
          "code": "sh.600487",
          "adjustflag": "2",
          "requested_start": "2026-05-19 15:05:00",
          "effective_start": "2026-05-19 15:05:00",
          "requested_end": "2026-05-20 15:00:00",
          "rows": 48
        }
      ],
      "cache_after": {
        "rows": 74064,
        "min": "2020-01-02 09:35:00",
        "max": "2026-05-20 15:00:00"
      }
    },
    "benchmark_daily": {
      "cache_path": "/root/stock_realtime_v021_full/saved_data/600487_pipeline_out/00_base/raw_cache/000300_benchmark_daily_raw.csv",
      "requested_start": "2018-01-01",
      "requested_end": "2026-05-20",
      "mode": "incremental",
      "cache_before": {
        "rows": 2029,
        "min": "2018-01-02 00:00:00",
        "max": "2026-05-19 00:00:00"
      },
      "fetch_segments": [
        {
          "provider": "baostock",
          "code": "sh.000300",
          "rows": 0,
          "start": "2018-01-01",
          "end": "2018-01-01"
        },
        {
          "provider": "baostock",
          "code": "sh.000300",
          "rows": 1,
          "start": "2026-05-20",
          "end": "2026-05-20"
        }
      ],
      "cache_after": {
        "rows": 2030,
        "min": "2018-01-02 00:00:00",
        "max": "2026-05-20 00:00:00"
      }
    },
    "feature_build": {
      "mode": "stateful_incremental_append",
      "daily_context_days": 260,
      "intraday_context_days": 40,
      "daily_append": {
        "needed": true,
        "first_new_date": "2026-05-20 00:00:00",
        "context_start": "2025-04-21 00:00:00",
        "context_raw_rows": 261,
        "appended_rows": 1,
        "cache_before": {
          "rows": 2029,
          "min": "2018-01-02 00:00:00",
          "max": "2026-05-19 00:00:00"
        },
        "cache_after": {
          "rows": 2030,
          "min": "2018-01-02 00:00:00",
          "max": "2026-05-20 00:00:00"
        }
      },
      "intraday_append": {
        "needed": true,
        "first_new_datetime": "2026-05-20 09:35:00",
        "context_start_date": "2026-03-19 00:00:00",
        "context_raw_rows": 1968,
        "appended_rows": 48,
        "cache_before": {
          "rows": 74016,
          "min": "2020-01-02 09:35:00",
          "max": "2026-05-19 15:00:00"
        },
        "cache_after": {
          "rows": 74064,
          "min": "2020-01-02 09:35:00",
          "max": "2026-05-20 15:00:00"
        }
      }
    },
    "feature_state": {
      "daily_feature_max": "2026-05-20 00:00:00",
      "intraday_feature_max": "2026-05-20 15:00:00",
      "daily_context_days": 260,
      "intraday_context_days": 40,
      "feature_build_mode": "stateful_incremental_append"
    }
  }
}

[2026-05-21T00:25:13] RUN samples
  /usr/bin/python3 feature_building/build_nextday_samples_from_baostock.py --daily-features /root/stock_realtime_v021_full/saved_data/600487_pipeline_out/00_base/daily_features.csv --intraday-bars /root/stock_realtime_v021_full/saved_data/600487_pipeline_out/00_base/600487_5m.csv --out-dir /root/stock_realtime_v021_full/saved_data/600487_pipeline_out/01_samples --min-bars 40 --keep-unlabeled-tail
{
  "rows": 1543,
  "date_min": "2020-01-02",
  "date_max": "2026-05-20",
  "out": "/root/stock_realtime_v021_full/saved_data/600487_pipeline_out/01_samples/training_samples.csv"
}

[2026-05-21T00:25:14] RUN fundamental
  /usr/bin/python3 feature_building/build_fundamental_features.py --symbol 600487.SH --daily-samples /root/stock_realtime_v021_full/saved_data/600487_pipeline_out/01_samples/training_samples.csv --out-dir /root/stock_realtime_v021_full/saved_data/600487_pipeline_out/02_fundamental --start-date 2018-01-01 --end-date 2026-05-20 --fallback-lag-days 120
login success!
logout success!
{
  "rows": 1543,
  "date_min": "2020-01-02",
  "date_max": "2026-05-20",
  "source_errors": [],
  "top_missing_rates": {
    "ak_fund_小单净流入-净额_sum10": 0.9248217757615036,
    "ak_fund_主力净流入-净额_sum10": 0.9248217757615036,
    "ak_fund_主力净流入-净占比_sum10": 0.9248217757615036,
    "ak_fund_涨跌幅_sum10": 0.9248217757615036,
    "ak_fund_收盘价_sum10": 0.9248217757615036,
    "ak_fund_中单净流入-净额_sum10": 0.9248217757615036,
    "ak_fund_中单净流入-净占比_sum10": 0.9248217757615036,
    "ak_fund_小单净流入-净占比_sum10": 0.9248217757615036,
    "ak_fund_超大单净流入-净额_sum10": 0.9248217757615036,
    "ak_fund_大单净流入-净额_sum10": 0.9248217757615036,
    "ak_fund_大单净流入-净占比_sum10": 0.9248217757615036,
    "ak_fund_超大单净流入-净占比_sum10": 0.9248217757615036,
    "ak_fund_涨跌幅_sum5": 0.9235255994815295,
    "ak_fund_主力净流入-净占比_sum5": 0.9235255994815295,
    "ak_fund_主力净流入-净额_sum5": 0.9235255994815295,
    "ak_fund_收盘价_sum5": 0.9235255994815295,
    "ak_fund_超大单净流入-净占比_sum5": 0.9235255994815295,
    "ak_fund_中单净流入-净占比_sum5": 0.9235255994815295,
    "ak_fund_中单净流入-净额_sum5": 0.9235255994815295,
    "ak_fund_小单净流入-净额_sum5": 0.9235255994815295,
    "ak_fund_小单净流入-净占比_sum5": 0.9235255994815295,
    "ak_fund_大单净流入-净占比_sum5": 0.9235255994815295,
    "ak_fund_大单净流入-净额_sum5": 0.9235255994815295,
    "ak_fund_超大单净流入-净额_sum5": 0.9235255994815295,
    "ak_fund_大单净流入-净额": 0.9222294232015554,
    "ak_fund_超大单净流入-净占比": 0.9222294232015554,
    "ak_fund_超大单净流入-净额": 0.9222294232015554,
    "ak_fund_收盘价": 0.9222294232015554,
    "ak_fund_涨跌幅": 0.9222294232015554,
    "ak_fund_中单净流入-净额": 0.9222294232015554
  },
  "valuation_non_null": {
    "peTTM": 1543,
    "pbMRQ": 1543,
    "psTTM": 1543,
    "pcfNcfTTM": 1543
  },
  "future_effective_date_violations": 0,
  "rows_with_quarterly": 1543,
  "sample_rows": 1543,
  "quarterly_raw_rows": 37,
  "quarterly_used_pubDate_rows": 37,
  "quarterly_fallback_rows": 0,
  "elapsed_seconds": 29.01,
  "symbol": "600487",
  "baostock_code": "sh.600487",
  "valuation_rows": 2030,
  "fund_flow_rows": 120,
  "feature_columns": 125,
  "merged_columns": 194,
  "outputs": {
    "daily_valuation": "/root/stock_realtime_v021_full/saved_data/600487_pipeline_out/02_fundamental/baostock_daily_valuation.csv",
    "quarterly_fundamentals": "/root/stock_realtime_v021_full/saved_data/600487_pipeline_out/02_fundamental/baostock_quarterly_fundamentals_pit.csv",
    "fundamental_features": "/root/stock_realtime_v021_full/saved_data/600487_pipeline_out/02_fundamental/fundamental_features.csv",
    "merged_samples": "/root/stock_realtime_v021_full/saved_data/600487_pipeline_out/02_fundamental/training_samples_with_fundamentals.csv"
  }
}

[2026-05-21T00:25:43] RUN sector
  /usr/bin/python3 feature_building/build_sector_features.py --samples /root/stock_realtime_v021_full/saved_data/600487_pipeline_out/02_fundamental/training_samples_with_fundamentals.csv --out-dir /root/stock_realtime_v021_full/saved_data/600487_pipeline_out/03_sector --sector-symbol '通信设备' --start-date 2018-01-01 --end-date 2026-05-20

  0%|          | 0/9 [00:00<?, ?it/s]
 11%|█         | 1/9 [00:00<00:02,  3.63it/s]
 22%|██▏       | 2/9 [00:00<00:01,  3.94it/s]
 33%|███▎      | 3/9 [00:00<00:01,  3.91it/s]
 44%|████▍     | 4/9 [00:00<00:01,  4.12it/s]
 56%|█████▌    | 5/9 [00:01<00:00,  4.08it/s]
 67%|██████▋   | 6/9 [00:01<00:00,  3.98it/s]
 78%|███████▊  | 7/9 [00:01<00:00,  3.95it/s]
 89%|████████▉ | 8/9 [00:02<00:00,  3.76it/s]
100%|██████████| 9/9 [00:02<00:00,  4.02it/s]
                                             
{
  "sector_symbol": "通信设备",
  "sector_rows": 2030,
  "sector_date_min": "2018-01-02",
  "sector_date_max": "2026-05-20",
  "sample_rows": 1543,
  "merged_rows": 1543,
  "sector_feature_cols": 23,
  "top_missing": {
    "sector_ret60": 0.03888528839922229,
    "sector_ma60_gap": 0.019442644199611146,
    "stock_vs_sector_ret20": 0.012961762799740765,
    "sector_ret20": 0.012961762799740765,
    "sector_vol20": 0.007128969539857421,
    "sector_ma20_gap": 0.0064808813998703824,
    "sector_range_z20": 0.0064808813998703824,
    "sector_volume_shock20": 0.0064808813998703824,
    "sector_amount_z20": 0.0064808813998703824,
    "sector_volume_z20": 0.0064808813998703824,
    "sector_amount_shock20": 0.0064808813998703824,
    "sector_ret5": 0.0032404406999351912,
    "stock_vs_sector_ret5": 0.0032404406999351912,
    "sector_vs_bench_ret5": 0.0032404406999351912,
    "stock_vs_sector_ret1": 0.0006480881399870382,
    "sector_ret1": 0.0006480881399870382,
    "sector_amount": 0.0,
    "sector_volume": 0.0,
    "sector_close": 0.0,
    "sector_low": 0.0
  },
  "outputs": {
    "sector_index": "/root/stock_realtime_v021_full/saved_data/600487_pipeline_out/03_sector/sector_index_ths.csv",
    "sector_features": "/root/stock_realtime_v021_full/saved_data/600487_pipeline_out/03_sector/sector_features.csv",
    "merged_samples": "/root/stock_realtime_v021_full/saved_data/600487_pipeline_out/03_sector/training_samples_with_sector.csv"
  }
}

[2026-05-21T00:25:47] RUN external_optical_cable_grid
  /usr/bin/python3 feature_building/build_stock_external_features.py --samples /root/stock_realtime_v021_full/saved_data/600487_pipeline_out/03_sector/training_samples_with_sector.csv --out-dir /root/stock_realtime_v021_full/saved_data/600487_pipeline_out/04_external/optical_cable_grid --profile optical_cable_grid --target-symbol 600487.SH --start-date 2018-01-01 --end-date 2026-05-20 --adjust qfq --domestic-lag-days 0 --future-lag-days 1 --us-lag-days 1
login success!

  0%|          | 0/9 [00:00<?, ?it/s]
 11%|█         | 1/9 [00:00<00:02,  3.77it/s]
 22%|██▏       | 2/9 [00:00<00:01,  3.89it/s]
 33%|███▎      | 3/9 [00:00<00:01,  3.83it/s]
 44%|████▍     | 4/9 [00:01<00:01,  3.71it/s]
 56%|█████▌    | 5/9 [00:01<00:01,  3.72it/s]
 67%|██████▋   | 6/9 [00:01<00:00,  3.84it/s]
 78%|███████▊  | 7/9 [00:01<00:00,  4.00it/s]
 89%|████████▉ | 8/9 [00:02<00:00,  4.16it/s]
100%|██████████| 9/9 [00:02<00:00,  4.43it/s]
                                             

  0%|          | 0/9 [00:00<?, ?it/s]
 11%|█         | 1/9 [00:00<00:01,  4.29it/s]
 22%|██▏       | 2/9 [00:00<00:01,  3.97it/s]
 33%|███▎      | 3/9 [00:00<00:01,  3.96it/s]
 44%|████▍     | 4/9 [00:00<00:01,  4.07it/s]
 56%|█████▌    | 5/9 [00:01<00:00,  4.02it/s]
 67%|██████▋   | 6/9 [00:01<00:00,  4.16it/s]
 78%|███████▊  | 7/9 [00:01<00:00,  4.21it/s]
 89%|████████▉ | 8/9 [00:01<00:00,  4.18it/s]
100%|██████████| 9/9 [00:02<00:00,  4.41it/s]
                                             

  0%|          | 0/9 [00:00<?, ?it/s]
 11%|█         | 1/9 [00:00<00:03,  2.26it/s]
 22%|██▏       | 2/9 [00:00<00:02,  2.94it/s]
 33%|███▎      | 3/9 [00:00<00:01,  3.34it/s]
 44%|████▍     | 4/9 [00:01<00:01,  3.68it/s]
 56%|█████▌    | 5/9 [00:01<00:01,  3.61it/s]
 67%|██████▋   | 6/9 [00:01<00:00,  3.73it/s]
 78%|███████▊  | 7/9 [00:02<00:00,  3.53it/s]
 89%|████████▉ | 8/9 [00:02<00:00,  3.72it/s]
100%|██████████| 9/9 [00:02<00:00,  4.02it/s]
                                             

  0%|          | 0/9 [00:00<?, ?it/s]
 11%|█         | 1/9 [00:00<00:03,  2.33it/s]
 22%|██▏       | 2/9 [00:00<00:02,  3.30it/s]
 33%|███▎      | 3/9 [00:00<00:01,  3.41it/s]
 44%|████▍     | 4/9 [00:01<00:01,  3.53it/s]
 56%|█████▌    | 5/9 [00:01<00:01,  3.77it/s]
 67%|██████▋   | 6/9 [00:01<00:00,  3.66it/s]
 78%|███████▊  | 7/9 [00:01<00:00,  3.90it/s]
 89%|████████▉ | 8/9 [00:02<00:00,  4.09it/s]
100%|██████████| 9/9 [00:02<00:00,  4.26it/s]
                                             
{
  "profile": "optical_cable_grid",
  "description": "Optical communication + power cable/grid/offshore-wind proxy for 中天科技/亨通光电",
  "sample_rows": 1543,
  "merged_rows": 1543,
  "raw_rows": 2030,
  "raw_date_min": "2018-01-02",
  "raw_date_max": "2026-05-20",
  "lag_days_legacy": null,
  "lag_policy": {
    "domestic": 0,
    "futures": 1,
    "us": 1
  },
  "enable_us_yf": false,
  "feature_cols": 595,
  "source_meta": {
    "profile": {
      "key": "optical_cable_grid",
      "prefix": "ocg",
      "description": "Optical communication + power cable/grid/offshore-wind proxy for 中天科技/亨通光电",
      "stocks": [
        "300308",
        "300502",
        "300394",
        "600522",
        "600487",
        "603606",
        "600973",
        "601869",
        "600498",
        "600406",
        "601179"
      ],
      "etfs": [
        "515050",
        "159994",
        "159819",
        "512480",
        "515790"
      ],
      "futures": [
        "CU0",
        "AL0"
      ],
      "boards": [
        "通信设备",
        "电网设备",
        "风电设备",
        "消费电子"
      ],
      "us_tickers": []
    },
    "used": {
      "stocks": [
        "300308",
        "300502",
        "300394",
        "600522",
        "603606",
        "600973",
        "601869",
        "600498",
        "600406",
        "601179"
      ],
      "etfs": [
        "515050",
        "159994",
        "159819",
        "512480",
        "515790"
      ],
      "futures": [
        "CU0",
        "AL0"
      ],
      "boards": [
        "通信设备",
        "电网设备",
        "风电设备",
        "消费电子"
      ],
      "us_yf": []
    },
    "start_date": "20180101",
    "end_date": "20260520",
    "target_symbol_excluded": "600487",
    "em_sources_used": false,
    "baostock_cache_dir": "/root/stock_realtime_v021_full/saved_data/600487_pipeline_out/04_external/optical_cable_grid/baostock_external_cache",
    "us_yfinance_enabled": false
  },
  "errors": {},
  "top_missing": {
    "ocg_etf_515790_close_ret60": 0.981853532080363,
    "ocg_etf_515050_close_ret60": 0.981853532080363,
    "ocg_etf_515790_range_pct_ret60": 0.981853532080363,
    "ocg_etf_512480_range_pct_ret60": 0.981853532080363,
    "ocg_etf_512480_close_ret60": 0.981853532080363,
    "ocg_etf_159819_range_pct_ret60": 0.981853532080363,
    "ocg_etf_basket_close_ret60": 0.981853532080363,
    "ocg_etf_159819_close_ret60": 0.981853532080363,
    "ocg_etf_515050_range_pct_ret60": 0.981853532080363,
    "ocg_etf_159994_range_pct_ret60": 0.981853532080363,
    "ocg_etf_159994_close_ret60": 0.981853532080363,
    "ocg_etf_515790_close_z60": 0.9559300064808814,
    "ocg_etf_515790_close_ret20": 0.9559300064808814,
    "ocg_etf_515050_close_ret20": 0.9559300064808814,
    "ocg_etf_159994_close_z60": 0.9559300064808814,
    "ocg_etf_159994_range_pct_ret20": 0.9559300064808814,
    "ocg_etf_512480_range_pct_z60": 0.9559300064808814,
    "ocg_etf_512480_range_pct_ret20": 0.9559300064808814,
    "ocg_etf_159994_close_ret20": 0.9559300064808814,
    "ocg_etf_512480_close_ret20": 0.9559300064808814,
    "ocg_etf_515050_close_z60": 0.9559300064808814,
    "ocg_etf_515050_range_pct_ret20": 0.9559300064808814,
    "ocg_etf_159819_range_pct_z60": 0.9559300064808814,
    "ocg_etf_515050_range_pct_z60": 0.9559300064808814,
    "ocg_etf_159819_range_pct_ret20": 0.9559300064808814,
    "ocg_etf_159819_close_z60": 0.9559300064808814,
    "ocg_etf_159819_close_ret20": 0.9559300064808814,
    "ocg_etf_159994_range_pct_z60": 0.9559300064808814,
    "ocg_etf_512480_close_z60": 0.9559300064808814,
    "ocg_etf_basket_close_ret20": 0.9559300064808814,
    "ocg_stock_vs_etf_basket_ret20": 0.9559300064808814,
    "ocg_etf_515790_range_pct_z60": 0.9559300064808814,
    "ocg_etf_basket_close_z60": 0.9559300064808814,
    "ocg_etf_515790_range_pct_ret20": 0.9559300064808814,
    "ocg_etf_515050_close_vol20": 0.950097213220998,
    "ocg_etf_512480_close_vol20": 0.950097213220998,
    "ocg_etf_159819_close_vol20": 0.950097213220998,
    "ocg_etf_515790_close_vol20": 0.950097213220998,
    "ocg_etf_159994_close_vol20": 0.950097213220998,
    "ocg_etf_basket_close_vol20": 0.950097213220998,
    "ocg_etf_159994_close_ma20_gap": 0.949449125081011,
    "ocg_etf_159819_volume_shock20": 0.949449125081011,
    "ocg_etf_159819_range_pct_z20": 0.949449125081011,
    "ocg_etf_159994_close_z20": 0.949449125081011,
    "ocg_etf_159819_range_pct_ma20_gap": 0.949449125081011,
    "ocg_etf_159994_range_pct_ma20_gap": 0.949449125081011,
    "ocg_etf_159994_range_pct_z20": 0.949449125081011,
    "ocg_etf_159819_close_z20": 0.949449125081011,
    "ocg_etf_159819_close_ma20_gap": 0.949449125081011,
    "ocg_etf_basket_close_z20": 0.949449125081011
  },
  "outputs": {
    "features": "/root/stock_realtime_v021_full/saved_data/600487_pipeline_out/04_external/optical_cable_grid/stock_external_features_optical_cable_grid.csv",
    "merged_samples": "/root/stock_realtime_v021_full/saved_data/600487_pipeline_out/04_external/optical_cable_grid/training_samples_with_optical_cable_grid_external.csv",
    "report": "/root/stock_realtime_v021_full/saved_data/600487_pipeline_out/04_external/optical_cable_grid/validation_report.json"
  }
}
logout success!
[INFO] final samples for search: /root/stock_realtime_v021_full/saved_data/600487_pipeline_out/04_external/optical_cable_grid/training_samples_with_optical_cable_grid_external.csv
=== nextday pipeline end: 2026-05-21T00:26:20 status=ok ===
=== nextday pipeline start: 2026-05-21T22:50:45 ===
symbol=600487.SH, out_root=/root/stock_realtime_v021_full/saved_data/600487_pipeline_out

[2026-05-21T22:50:45] RUN update_data
  /usr/bin/python3 bootstrap/ashare_xgb_dual_opportunity_regression_baostock_full_v19_compressed_trading_axis.py --mode update_data --symbol 600487 --benchmark_symbol 000300 --daily_start 2018-01-01 --daily_end 2026-05-21 --intraday_start '2018-01-01 09:30:00' --intraday_end '2026-05-21 15:00:00' --output_dir /root/stock_realtime_v021_full/saved_data/600487_pipeline_out/00_base --cache_mode incremental --feature_cache_mode incremental --adjust qfq
/root/stock_realtime_v021_full/bootstrap/ashare_fetch_and_train_xgb_sell_signal_baostock_state_cache_helper_fix2.py:246: FutureWarning: The behavior of DataFrame concatenation with empty or all-NA entries is deprecated. In a future version, this will no longer exclude empty or all-NA columns when determining the result dtypes. To retain the old behavior, exclude the relevant entries before the concat operation.
  merged = _normalize_daily_df(pd.concat([df_old, df_new], axis=0, ignore_index=True))
/root/stock_realtime_v021_full/bootstrap/ashare_fetch_and_train_xgb_sell_signal_baostock_state_cache_helper_fix2.py:254: FutureWarning: The behavior of DataFrame concatenation with empty or all-NA entries is deprecated. In a future version, this will no longer exclude empty or all-NA columns when determining the result dtypes. To retain the old behavior, exclude the relevant entries before the concat operation.
  merged = _normalize_bench_df(pd.concat([df_old, df_new], axis=0, ignore_index=True))
login success!
logout success!
login success!
logout success!
login success!
logout success!
login success!
logout success!
login success!
logout success!
login success!
logout success!
{
  "mode": "update_data",
  "symbol": "600487",
  "data_source": "baostock",
  "daily_rows": 2031,
  "intraday_rows": 74112,
  "daily_min": "2018-01-02 00:00:00",
  "daily_max": "2026-05-21 00:00:00",
  "intraday_min": "2020-01-02 09:35:00",
  "intraday_max": "2026-05-21 15:00:00",
  "base_paths": {
    "daily_csv": "/root/stock_realtime_v021_full/saved_data/600487_pipeline_out/00_base/600487_daily.csv",
    "intraday_csv": "/root/stock_realtime_v021_full/saved_data/600487_pipeline_out/00_base/600487_5m.csv",
    "benchmark_csv": "/root/stock_realtime_v021_full/saved_data/600487_pipeline_out/00_base/000300_benchmark_daily.csv",
    "raw_daily_cache_csv": "/root/stock_realtime_v021_full/saved_data/600487_pipeline_out/00_base/raw_cache/600487_daily_raw.csv",
    "raw_intraday_cache_csv": "/root/stock_realtime_v021_full/saved_data/600487_pipeline_out/00_base/raw_cache/600487_5m_raw.csv",
    "raw_benchmark_cache_csv": "/root/stock_realtime_v021_full/saved_data/600487_pipeline_out/00_base/raw_cache/000300_benchmark_daily_raw.csv",
    "daily_features_csv": "/root/stock_realtime_v021_full/saved_data/600487_pipeline_out/00_base/daily_features.csv",
    "intraday_features_csv": "/root/stock_realtime_v021_full/saved_data/600487_pipeline_out/00_base/intraday_features.csv",
    "daily_features_cache_csv": "/root/stock_realtime_v021_full/saved_data/600487_pipeline_out/00_base/feature_cache/daily_features_cache.csv",
    "intraday_features_cache_csv": "/root/stock_realtime_v021_full/saved_data/600487_pipeline_out/00_base/feature_cache/intraday_features_cache.csv",
    "feature_state_json": "/root/stock_realtime_v021_full/saved_data/600487_pipeline_out/00_base/feature_cache/feature_state.json"
  },
  "fetch_logs": {
    "symbol": "600487",
    "benchmark_symbol": "000300",
    "daily_start": "2018-01-01",
    "daily_end": "2026-05-21",
    "intraday_start": "2018-01-01 09:30:00",
    "intraday_end": "2026-05-21 15:00:00",
    "perf_start": "2018-01-01",
    "data_source": "baostock",
    "cache_mode": "incremental",
    "force_refresh": false,
    "raw_cache_dir": "/root/stock_realtime_v021_full/saved_data/600487_pipeline_out/00_base/raw_cache",
    "feature_cache_dir": "/root/stock_realtime_v021_full/saved_data/600487_pipeline_out/00_base/feature_cache",
    "feature_cache_mode": "incremental",
    "daily": {
      "cache_path": "/root/stock_realtime_v021_full/saved_data/600487_pipeline_out/00_base/raw_cache/600487_daily_raw.csv",
      "requested_start": "2018-01-01",
      "requested_end": "2026-05-21",
      "mode": "incremental",
      "cache_before": {
        "rows": 2030,
        "min": "2018-01-02 00:00:00",
        "max": "2026-05-20 00:00:00"
      },
      "fetch_segments": [
        {
          "provider": "baostock",
          "code": "sh.600487",
          "adjustflag": "2",
          "rows": 0
        },
        {
          "provider": "baostock",
          "code": "sh.600487",
          "adjustflag": "2",
          "rows": 1,
          "start": "2026-05-21",
          "end": "2026-05-21"
        }
      ],
      "cache_after": {
        "rows": 2031,
        "min": "2018-01-02 00:00:00",
        "max": "2026-05-21 00:00:00"
      }
    },
    "intraday_5m": {
      "cache_path": "/root/stock_realtime_v021_full/saved_data/600487_pipeline_out/00_base/raw_cache/600487_5m_raw.csv",
      "requested_start": "2018-01-01 09:30:00",
      "requested_end": "2026-05-21 15:00:00",
      "mode": "incremental",
      "cache_before": {
        "rows": 74064,
        "min": "2020-01-02 09:35:00",
        "max": "2026-05-20 15:00:00"
      },
      "fetch_segments": [
        {
          "provider": "baostock",
          "code": "sh.600487",
          "adjustflag": "2",
          "requested_start": "2018-01-01 09:30:00",
          "effective_start": "2018-01-01 09:30:00",
          "requested_end": "2020-01-02 09:30:00",
          "rows": 0
        },
        {
          "provider": "baostock",
          "code": "sh.600487",
          "adjustflag": "2",
          "requested_start": "2026-05-20 15:05:00",
          "effective_start": "2026-05-20 15:05:00",
          "requested_end": "2026-05-21 15:00:00",
          "rows": 48
        }
      ],
      "cache_after": {
        "rows": 74112,
        "min": "2020-01-02 09:35:00",
        "max": "2026-05-21 15:00:00"
      }
    },
    "benchmark_daily": {
      "cache_path": "/root/stock_realtime_v021_full/saved_data/600487_pipeline_out/00_base/raw_cache/000300_benchmark_daily_raw.csv",
      "requested_start": "2018-01-01",
      "requested_end": "2026-05-21",
      "mode": "incremental",
      "cache_before": {
        "rows": 2030,
        "min": "2018-01-02 00:00:00",
        "max": "2026-05-20 00:00:00"
      },
      "fetch_segments": [
        {
          "provider": "baostock",
          "code": "sh.000300",
          "rows": 0,
          "start": "2018-01-01",
          "end": "2018-01-01"
        },
        {
          "provider": "baostock",
          "code": "sh.000300",
          "rows": 1,
          "start": "2026-05-21",
          "end": "2026-05-21"
        }
      ],
      "cache_after": {
        "rows": 2031,
        "min": "2018-01-02 00:00:00",
        "max": "2026-05-21 00:00:00"
      }
    },
    "feature_build": {
      "mode": "stateful_incremental_append",
      "daily_context_days": 260,
      "intraday_context_days": 40,
      "daily_append": {
        "needed": true,
        "first_new_date": "2026-05-21 00:00:00",
        "context_start": "2025-04-22 00:00:00",
        "context_raw_rows": 261,
        "appended_rows": 1,
        "cache_before": {
          "rows": 2030,
          "min": "2018-01-02 00:00:00",
          "max": "2026-05-20 00:00:00"
        },
        "cache_after": {
          "rows": 2031,
          "min": "2018-01-02 00:00:00",
          "max": "2026-05-21 00:00:00"
        }
      },
      "intraday_append": {
        "needed": true,
        "first_new_datetime": "2026-05-21 09:35:00",
        "context_start_date": "2026-03-20 00:00:00",
        "context_raw_rows": 1968,
        "appended_rows": 48,
        "cache_before": {
          "rows": 74064,
          "min": "2020-01-02 09:35:00",
          "max": "2026-05-20 15:00:00"
        },
        "cache_after": {
          "rows": 74112,
          "min": "2020-01-02 09:35:00",
          "max": "2026-05-21 15:00:00"
        }
      }
    },
    "feature_state": {
      "daily_feature_max": "2026-05-21 00:00:00",
      "intraday_feature_max": "2026-05-21 15:00:00",
      "daily_context_days": 260,
      "intraday_context_days": 40,
      "feature_build_mode": "stateful_incremental_append"
    }
  }
}

[2026-05-21T22:51:07] RUN samples
  /usr/bin/python3 feature_building/build_nextday_samples_from_baostock.py --daily-features /root/stock_realtime_v021_full/saved_data/600487_pipeline_out/00_base/daily_features.csv --intraday-bars /root/stock_realtime_v021_full/saved_data/600487_pipeline_out/00_base/600487_5m.csv --out-dir /root/stock_realtime_v021_full/saved_data/600487_pipeline_out/01_samples --min-bars 40 --keep-unlabeled-tail
{
  "rows": 1544,
  "date_min": "2020-01-02",
  "date_max": "2026-05-21",
  "out": "/root/stock_realtime_v021_full/saved_data/600487_pipeline_out/01_samples/training_samples.csv"
}

[2026-05-21T22:51:08] RUN fundamental
  /usr/bin/python3 feature_building/build_fundamental_features.py --symbol 600487.SH --daily-samples /root/stock_realtime_v021_full/saved_data/600487_pipeline_out/01_samples/training_samples.csv --out-dir /root/stock_realtime_v021_full/saved_data/600487_pipeline_out/02_fundamental --start-date 2018-01-01 --end-date 2026-05-21 --fallback-lag-days 120
login success!
logout success!
{
  "rows": 1544,
  "date_min": "2020-01-02",
  "date_max": "2026-05-21",
  "source_errors": [],
  "top_missing_rates": {
    "ak_fund_小单净流入-净额_sum10": 0.9242227979274611,
    "ak_fund_主力净流入-净额_sum10": 0.9242227979274611,
    "ak_fund_主力净流入-净占比_sum10": 0.9242227979274611,
    "ak_fund_涨跌幅_sum10": 0.9242227979274611,
    "ak_fund_收盘价_sum10": 0.9242227979274611,
    "ak_fund_中单净流入-净额_sum10": 0.9242227979274611,
    "ak_fund_中单净流入-净占比_sum10": 0.9242227979274611,
    "ak_fund_小单净流入-净占比_sum10": 0.9242227979274611,
    "ak_fund_超大单净流入-净额_sum10": 0.9242227979274611,
    "ak_fund_大单净流入-净额_sum10": 0.9242227979274611,
    "ak_fund_大单净流入-净占比_sum10": 0.9242227979274611,
    "ak_fund_超大单净流入-净占比_sum10": 0.9242227979274611,
    "ak_fund_涨跌幅_sum5": 0.9229274611398963,
    "ak_fund_主力净流入-净占比_sum5": 0.9229274611398963,
    "ak_fund_主力净流入-净额_sum5": 0.9229274611398963,
    "ak_fund_收盘价_sum5": 0.9229274611398963,
    "ak_fund_超大单净流入-净占比_sum5": 0.9229274611398963,
    "ak_fund_中单净流入-净占比_sum5": 0.9229274611398963,
    "ak_fund_中单净流入-净额_sum5": 0.9229274611398963,
    "ak_fund_小单净流入-净额_sum5": 0.9229274611398963,
    "ak_fund_小单净流入-净占比_sum5": 0.9229274611398963,
    "ak_fund_大单净流入-净占比_sum5": 0.9229274611398963,
    "ak_fund_大单净流入-净额_sum5": 0.9229274611398963,
    "ak_fund_超大单净流入-净额_sum5": 0.9229274611398963,
    "ak_fund_大单净流入-净额": 0.9216321243523317,
    "ak_fund_超大单净流入-净占比": 0.9216321243523317,
    "ak_fund_超大单净流入-净额": 0.9216321243523317,
    "ak_fund_收盘价": 0.9216321243523317,
    "ak_fund_涨跌幅": 0.9216321243523317,
    "ak_fund_中单净流入-净额": 0.9216321243523317
  },
  "valuation_non_null": {
    "peTTM": 1544,
    "pbMRQ": 1544,
    "psTTM": 1544,
    "pcfNcfTTM": 1544
  },
  "future_effective_date_violations": 0,
  "rows_with_quarterly": 1544,
  "sample_rows": 1544,
  "quarterly_raw_rows": 37,
  "quarterly_used_pubDate_rows": 37,
  "quarterly_fallback_rows": 0,
  "elapsed_seconds": 28.985,
  "symbol": "600487",
  "baostock_code": "sh.600487",
  "valuation_rows": 2031,
  "fund_flow_rows": 121,
  "feature_columns": 125,
  "merged_columns": 194,
  "outputs": {
    "daily_valuation": "/root/stock_realtime_v021_full/saved_data/600487_pipeline_out/02_fundamental/baostock_daily_valuation.csv",
    "quarterly_fundamentals": "/root/stock_realtime_v021_full/saved_data/600487_pipeline_out/02_fundamental/baostock_quarterly_fundamentals_pit.csv",
    "fundamental_features": "/root/stock_realtime_v021_full/saved_data/600487_pipeline_out/02_fundamental/fundamental_features.csv",
    "merged_samples": "/root/stock_realtime_v021_full/saved_data/600487_pipeline_out/02_fundamental/training_samples_with_fundamentals.csv"
  }
}

[2026-05-21T22:51:38] RUN sector
  /usr/bin/python3 feature_building/build_sector_features.py --samples /root/stock_realtime_v021_full/saved_data/600487_pipeline_out/02_fundamental/training_samples_with_fundamentals.csv --out-dir /root/stock_realtime_v021_full/saved_data/600487_pipeline_out/03_sector --sector-symbol '通信设备' --start-date 2018-01-01 --end-date 2026-05-21

  0%|          | 0/9 [00:00<?, ?it/s]
 11%|█         | 1/9 [00:00<00:02,  3.08it/s]
 22%|██▏       | 2/9 [00:00<00:02,  3.25it/s]
 33%|███▎      | 3/9 [00:00<00:01,  3.32it/s]
 44%|████▍     | 4/9 [00:01<00:01,  3.48it/s]
 56%|█████▌    | 5/9 [00:01<00:01,  3.60it/s]
 67%|██████▋   | 6/9 [00:01<00:00,  3.54it/s]
 78%|███████▊  | 7/9 [00:01<00:00,  3.72it/s]
 89%|████████▉ | 8/9 [00:02<00:00,  3.76it/s]
100%|██████████| 9/9 [00:02<00:00,  4.09it/s]
                                             
{
  "sector_symbol": "通信设备",
  "sector_rows": 2031,
  "sector_date_min": "2018-01-02",
  "sector_date_max": "2026-05-21",
  "sample_rows": 1544,
  "merged_rows": 1544,
  "sector_feature_cols": 23,
  "top_missing": {
    "sector_ret60": 0.038860103626943004,
    "sector_ma60_gap": 0.019430051813471502,
    "stock_vs_sector_ret20": 0.012953367875647668,
    "sector_ret20": 0.012953367875647668,
    "sector_vol20": 0.007124352331606218,
    "sector_ma20_gap": 0.006476683937823834,
    "sector_range_z20": 0.006476683937823834,
    "sector_volume_shock20": 0.006476683937823834,
    "sector_amount_z20": 0.006476683937823834,
    "sector_volume_z20": 0.006476683937823834,
    "sector_amount_shock20": 0.006476683937823834,
    "sector_ret5": 0.003238341968911917,
    "stock_vs_sector_ret5": 0.003238341968911917,
    "sector_vs_bench_ret5": 0.003238341968911917,
    "stock_vs_sector_ret1": 0.0006476683937823834,
    "sector_ret1": 0.0006476683937823834,
    "sector_amount": 0.0,
    "sector_volume": 0.0,
    "sector_close": 0.0,
    "sector_low": 0.0
  },
  "outputs": {
    "sector_index": "/root/stock_realtime_v021_full/saved_data/600487_pipeline_out/03_sector/sector_index_ths.csv",
    "sector_features": "/root/stock_realtime_v021_full/saved_data/600487_pipeline_out/03_sector/sector_features.csv",
    "merged_samples": "/root/stock_realtime_v021_full/saved_data/600487_pipeline_out/03_sector/training_samples_with_sector.csv"
  }
}

[2026-05-21T22:51:43] RUN external_optical_cable_grid
  /usr/bin/python3 feature_building/build_stock_external_features.py --samples /root/stock_realtime_v021_full/saved_data/600487_pipeline_out/03_sector/training_samples_with_sector.csv --out-dir /root/stock_realtime_v021_full/saved_data/600487_pipeline_out/04_external/optical_cable_grid --profile optical_cable_grid --target-symbol 600487.SH --start-date 2018-01-01 --end-date 2026-05-21 --adjust qfq --domestic-lag-days 0 --future-lag-days 1 --us-lag-days 1
login success!

  0%|          | 0/9 [00:00<?, ?it/s]
 11%|█         | 1/9 [00:00<00:02,  3.19it/s]
 22%|██▏       | 2/9 [00:00<00:02,  3.43it/s]
 33%|███▎      | 3/9 [00:00<00:01,  3.62it/s]
 44%|████▍     | 4/9 [00:01<00:01,  3.52it/s]
 56%|█████▌    | 5/9 [00:01<00:01,  3.46it/s]
 67%|██████▋   | 6/9 [00:01<00:00,  3.39it/s]
 78%|███████▊  | 7/9 [00:02<00:00,  3.24it/s]
 89%|████████▉ | 8/9 [00:02<00:00,  3.34it/s]
100%|██████████| 9/9 [00:02<00:00,  3.60it/s]
                                             

  0%|          | 0/9 [00:00<?, ?it/s]
 11%|█         | 1/9 [00:00<00:02,  3.65it/s]
 22%|██▏       | 2/9 [00:00<00:01,  3.85it/s]
 33%|███▎      | 3/9 [00:00<00:01,  3.91it/s]
 44%|████▍     | 4/9 [00:01<00:01,  3.72it/s]
 56%|█████▌    | 5/9 [00:01<00:01,  3.68it/s]
 67%|██████▋   | 6/9 [00:01<00:00,  3.75it/s]
 78%|███████▊  | 7/9 [00:01<00:00,  3.92it/s]
 89%|████████▉ | 8/9 [00:02<00:00,  3.84it/s]
100%|██████████| 9/9 [00:02<00:00,  4.09it/s]
                                             

  0%|          | 0/9 [00:00<?, ?it/s]
 11%|█         | 1/9 [00:00<00:02,  3.70it/s]
 22%|██▏       | 2/9 [00:00<00:01,  3.82it/s]
 33%|███▎      | 3/9 [00:00<00:01,  3.60it/s]
 44%|████▍     | 4/9 [00:01<00:01,  3.72it/s]
 56%|█████▌    | 5/9 [00:01<00:01,  3.70it/s]
 67%|██████▋   | 6/9 [00:01<00:00,  3.79it/s]
 78%|███████▊  | 7/9 [00:01<00:00,  3.71it/s]
 89%|████████▉ | 8/9 [00:02<00:00,  3.89it/s]
100%|██████████| 9/9 [00:02<00:00,  4.01it/s]
                                             

  0%|          | 0/9 [00:00<?, ?it/s]
 11%|█         | 1/9 [00:00<00:01,  4.14it/s]
 22%|██▏       | 2/9 [00:00<00:01,  4.09it/s]
 33%|███▎      | 3/9 [00:00<00:01,  4.12it/s]
 44%|████▍     | 4/9 [00:00<00:01,  4.22it/s]
 56%|█████▌    | 5/9 [00:01<00:00,  4.12it/s]
 67%|██████▋   | 6/9 [00:01<00:00,  4.06it/s]
 78%|███████▊  | 7/9 [00:01<00:00,  3.93it/s]
 89%|████████▉ | 8/9 [00:02<00:00,  3.76it/s]
100%|██████████| 9/9 [00:02<00:00,  4.02it/s]
                                             
{
  "profile": "optical_cable_grid",
  "description": "Optical communication + power cable/grid/offshore-wind proxy for 中天科技/亨通光电",
  "sample_rows": 1544,
  "merged_rows": 1544,
  "raw_rows": 2031,
  "raw_date_min": "2018-01-02",
  "raw_date_max": "2026-05-21",
  "lag_days_legacy": null,
  "lag_policy": {
    "domestic": 0,
    "futures": 1,
    "us": 1
  },
  "enable_us_yf": false,
  "feature_cols": 595,
  "source_meta": {
    "profile": {
      "key": "optical_cable_grid",
      "prefix": "ocg",
      "description": "Optical communication + power cable/grid/offshore-wind proxy for 中天科技/亨通光电",
      "stocks": [
        "300308",
        "300502",
        "300394",
        "600522",
        "600487",
        "603606",
        "600973",
        "601869",
        "600498",
        "600406",
        "601179"
      ],
      "etfs": [
        "515050",
        "159994",
        "159819",
        "512480",
        "515790"
      ],
      "futures": [
        "CU0",
        "AL0"
      ],
      "boards": [
        "通信设备",
        "电网设备",
        "风电设备",
        "消费电子"
      ],
      "us_tickers": []
    },
    "used": {
      "stocks": [
        "300308",
        "300502",
        "300394",
        "600522",
        "603606",
        "600973",
        "601869",
        "600498",
        "600406",
        "601179"
      ],
      "etfs": [
        "515050",
        "159994",
        "159819",
        "512480",
        "515790"
      ],
      "futures": [
        "CU0",
        "AL0"
      ],
      "boards": [
        "通信设备",
        "电网设备",
        "风电设备",
        "消费电子"
      ],
      "us_yf": []
    },
    "start_date": "20180101",
    "end_date": "20260521",
    "target_symbol_excluded": "600487",
    "em_sources_used": false,
    "baostock_cache_dir": "/root/stock_realtime_v021_full/saved_data/600487_pipeline_out/04_external/optical_cable_grid/baostock_external_cache",
    "us_yfinance_enabled": false
  },
  "errors": {},
  "top_missing": {
    "ocg_etf_515790_close_ret60": 0.9812176165803109,
    "ocg_etf_515050_close_ret60": 0.9812176165803109,
    "ocg_etf_515790_range_pct_ret60": 0.9812176165803109,
    "ocg_etf_512480_range_pct_ret60": 0.9812176165803109,
    "ocg_etf_512480_close_ret60": 0.9812176165803109,
    "ocg_etf_159819_range_pct_ret60": 0.9812176165803109,
    "ocg_etf_basket_close_ret60": 0.9812176165803109,
    "ocg_etf_159819_close_ret60": 0.9812176165803109,
    "ocg_etf_515050_range_pct_ret60": 0.9812176165803109,
    "ocg_etf_159994_range_pct_ret60": 0.9812176165803109,
    "ocg_etf_159994_close_ret60": 0.9812176165803109,
    "ocg_etf_515790_close_z60": 0.9553108808290155,
    "ocg_etf_515790_close_ret20": 0.9553108808290155,
    "ocg_etf_515050_close_ret20": 0.9553108808290155,
    "ocg_etf_159994_close_z60": 0.9553108808290155,
    "ocg_etf_159994_range_pct_ret20": 0.9553108808290155,
    "ocg_etf_512480_range_pct_z60": 0.9553108808290155,
    "ocg_etf_512480_range_pct_ret20": 0.9553108808290155,
    "ocg_etf_159994_close_ret20": 0.9553108808290155,
    "ocg_etf_512480_close_ret20": 0.9553108808290155,
    "ocg_etf_515050_close_z60": 0.9553108808290155,
    "ocg_etf_515050_range_pct_ret20": 0.9553108808290155,
    "ocg_etf_159819_range_pct_z60": 0.9553108808290155,
    "ocg_etf_515050_range_pct_z60": 0.9553108808290155,
    "ocg_etf_159819_range_pct_ret20": 0.9553108808290155,
    "ocg_etf_159819_close_z60": 0.9553108808290155,
    "ocg_etf_159819_close_ret20": 0.9553108808290155,
    "ocg_etf_159994_range_pct_z60": 0.9553108808290155,
    "ocg_etf_512480_close_z60": 0.9553108808290155,
    "ocg_etf_basket_close_ret20": 0.9553108808290155,
    "ocg_stock_vs_etf_basket_ret20": 0.9553108808290155,
    "ocg_etf_515790_range_pct_z60": 0.9553108808290155,
    "ocg_etf_basket_close_z60": 0.9553108808290155,
    "ocg_etf_515790_range_pct_ret20": 0.9553108808290155,
    "ocg_etf_515050_close_vol20": 0.9494818652849741,
    "ocg_etf_512480_close_vol20": 0.9494818652849741,
    "ocg_etf_159819_close_vol20": 0.9494818652849741,
    "ocg_etf_515790_close_vol20": 0.9494818652849741,
    "ocg_etf_159994_close_vol20": 0.9494818652849741,
    "ocg_etf_basket_close_vol20": 0.9494818652849741,
    "ocg_etf_159994_close_ma20_gap": 0.9488341968911918,
    "ocg_etf_159819_volume_shock20": 0.9488341968911918,
    "ocg_etf_159819_range_pct_z20": 0.9488341968911918,
    "ocg_etf_159994_close_z20": 0.9488341968911918,
    "ocg_etf_159819_range_pct_ma20_gap": 0.9488341968911918,
    "ocg_etf_159994_range_pct_ma20_gap": 0.9488341968911918,
    "ocg_etf_159994_range_pct_z20": 0.9488341968911918,
    "ocg_etf_159819_close_z20": 0.9488341968911918,
    "ocg_etf_159819_close_ma20_gap": 0.9488341968911918,
    "ocg_etf_basket_close_z20": 0.9488341968911918
  },
  "outputs": {
    "features": "/root/stock_realtime_v021_full/saved_data/600487_pipeline_out/04_external/optical_cable_grid/stock_external_features_optical_cable_grid.csv",
    "merged_samples": "/root/stock_realtime_v021_full/saved_data/600487_pipeline_out/04_external/optical_cable_grid/training_samples_with_optical_cable_grid_external.csv",
    "report": "/root/stock_realtime_v021_full/saved_data/600487_pipeline_out/04_external/optical_cable_grid/validation_report.json"
  }
}
logout success!
[INFO] final samples for search: /root/stock_realtime_v021_full/saved_data/600487_pipeline_out/04_external/optical_cable_grid/training_samples_with_optical_cable_grid_external.csv
=== nextday pipeline end: 2026-05-21T22:52:19 status=ok ===
=== nextday pipeline start: 2026-05-29T20:14:35 ===
symbol=600487.SH, out_root=/root/stock_realtime_v021_full/saved_data/600487_pipeline_out

[2026-05-29T20:14:35] RUN update_data
  /usr/bin/python3 bootstrap/ashare_xgb_dual_opportunity_regression_baostock_full_v19_compressed_trading_axis.py --mode update_data --symbol 600487 --benchmark_symbol 000300 --daily_start 2018-01-01 --daily_end 2026-05-29 --intraday_start '2018-01-01 09:30:00' --intraday_end '2026-05-29 15:00:00' --output_dir /root/stock_realtime_v021_full/saved_data/600487_pipeline_out/00_base --cache_mode incremental --feature_cache_mode incremental --adjust qfq
/root/stock_realtime_v021_full/bootstrap/ashare_fetch_and_train_xgb_sell_signal_baostock_state_cache_helper_fix2.py:246: FutureWarning: The behavior of DataFrame concatenation with empty or all-NA entries is deprecated. In a future version, this will no longer exclude empty or all-NA columns when determining the result dtypes. To retain the old behavior, exclude the relevant entries before the concat operation.
  merged = _normalize_daily_df(pd.concat([df_old, df_new], axis=0, ignore_index=True))
/root/stock_realtime_v021_full/bootstrap/ashare_fetch_and_train_xgb_sell_signal_baostock_state_cache_helper_fix2.py:254: FutureWarning: The behavior of DataFrame concatenation with empty or all-NA entries is deprecated. In a future version, this will no longer exclude empty or all-NA columns when determining the result dtypes. To retain the old behavior, exclude the relevant entries before the concat operation.
  merged = _normalize_bench_df(pd.concat([df_old, df_new], axis=0, ignore_index=True))
login success!
logout success!
login success!
logout success!
login success!
logout success!
login success!
logout success!
login success!
logout success!
login success!
logout success!
{
  "mode": "update_data",
  "symbol": "600487",
  "data_source": "baostock",
  "daily_rows": 2037,
  "intraday_rows": 74400,
  "daily_min": "2018-01-02 00:00:00",
  "daily_max": "2026-05-29 00:00:00",
  "intraday_min": "2020-01-02 09:35:00",
  "intraday_max": "2026-05-29 15:00:00",
  "base_paths": {
    "daily_csv": "/root/stock_realtime_v021_full/saved_data/600487_pipeline_out/00_base/600487_daily.csv",
    "intraday_csv": "/root/stock_realtime_v021_full/saved_data/600487_pipeline_out/00_base/600487_5m.csv",
    "benchmark_csv": "/root/stock_realtime_v021_full/saved_data/600487_pipeline_out/00_base/000300_benchmark_daily.csv",
    "raw_daily_cache_csv": "/root/stock_realtime_v021_full/saved_data/600487_pipeline_out/00_base/raw_cache/600487_daily_raw.csv",
    "raw_intraday_cache_csv": "/root/stock_realtime_v021_full/saved_data/600487_pipeline_out/00_base/raw_cache/600487_5m_raw.csv",
    "raw_benchmark_cache_csv": "/root/stock_realtime_v021_full/saved_data/600487_pipeline_out/00_base/raw_cache/000300_benchmark_daily_raw.csv",
    "daily_features_csv": "/root/stock_realtime_v021_full/saved_data/600487_pipeline_out/00_base/daily_features.csv",
    "intraday_features_csv": "/root/stock_realtime_v021_full/saved_data/600487_pipeline_out/00_base/intraday_features.csv",
    "daily_features_cache_csv": "/root/stock_realtime_v021_full/saved_data/600487_pipeline_out/00_base/feature_cache/daily_features_cache.csv",
    "intraday_features_cache_csv": "/root/stock_realtime_v021_full/saved_data/600487_pipeline_out/00_base/feature_cache/intraday_features_cache.csv",
    "feature_state_json": "/root/stock_realtime_v021_full/saved_data/600487_pipeline_out/00_base/feature_cache/feature_state.json"
  },
  "fetch_logs": {
    "symbol": "600487",
    "benchmark_symbol": "000300",
    "daily_start": "2018-01-01",
    "daily_end": "2026-05-29",
    "intraday_start": "2018-01-01 09:30:00",
    "intraday_end": "2026-05-29 15:00:00",
    "perf_start": "2018-01-01",
    "data_source": "baostock",
    "cache_mode": "incremental",
    "force_refresh": false,
    "raw_cache_dir": "/root/stock_realtime_v021_full/saved_data/600487_pipeline_out/00_base/raw_cache",
    "feature_cache_dir": "/root/stock_realtime_v021_full/saved_data/600487_pipeline_out/00_base/feature_cache",
    "feature_cache_mode": "incremental",
    "daily": {
      "cache_path": "/root/stock_realtime_v021_full/saved_data/600487_pipeline_out/00_base/raw_cache/600487_daily_raw.csv",
      "requested_start": "2018-01-01",
      "requested_end": "2026-05-29",
      "mode": "incremental",
      "cache_before": {
        "rows": 2031,
        "min": "2018-01-02 00:00:00",
        "max": "2026-05-21 00:00:00"
      },
      "fetch_segments": [
        {
          "provider": "baostock",
          "code": "sh.600487",
          "adjustflag": "2",
          "rows": 0
        },
        {
          "provider": "baostock",
          "code": "sh.600487",
          "adjustflag": "2",
          "rows": 6,
          "start": "2026-05-22",
          "end": "2026-05-29"
        }
      ],
      "cache_after": {
        "rows": 2037,
        "min": "2018-01-02 00:00:00",
        "max": "2026-05-29 00:00:00"
      }
    },
    "intraday_5m": {
      "cache_path": "/root/stock_realtime_v021_full/saved_data/600487_pipeline_out/00_base/raw_cache/600487_5m_raw.csv",
      "requested_start": "2018-01-01 09:30:00",
      "requested_end": "2026-05-29 15:00:00",
      "mode": "incremental",
      "cache_before": {
        "rows": 74112,
        "min": "2020-01-02 09:35:00",
        "max": "2026-05-21 15:00:00"
      },
      "fetch_segments": [
        {
          "provider": "baostock",
          "code": "sh.600487",
          "adjustflag": "2",
          "requested_start": "2018-01-01 09:30:00",
          "effective_start": "2018-01-01 09:30:00",
          "requested_end": "2020-01-02 09:30:00",
          "rows": 0
        },
        {
          "provider": "baostock",
          "code": "sh.600487",
          "adjustflag": "2",
          "requested_start": "2026-05-21 15:05:00",
          "effective_start": "2026-05-21 15:05:00",
          "requested_end": "2026-05-29 15:00:00",
          "rows": 288
        }
      ],
      "cache_after": {
        "rows": 74400,
        "min": "2020-01-02 09:35:00",
        "max": "2026-05-29 15:00:00"
      }
    },
    "benchmark_daily": {
      "cache_path": "/root/stock_realtime_v021_full/saved_data/600487_pipeline_out/00_base/raw_cache/000300_benchmark_daily_raw.csv",
      "requested_start": "2018-01-01",
      "requested_end": "2026-05-29",
      "mode": "incremental",
      "cache_before": {
        "rows": 2031,
        "min": "2018-01-02 00:00:00",
        "max": "2026-05-21 00:00:00"
      },
      "fetch_segments": [
        {
          "provider": "baostock",
          "code": "sh.000300",
          "rows": 0,
          "start": "2018-01-01",
          "end": "2018-01-01"
        },
        {
          "provider": "baostock",
          "code": "sh.000300",
          "rows": 6,
          "start": "2026-05-22",
          "end": "2026-05-29"
        }
      ],
      "cache_after": {
        "rows": 2037,
        "min": "2018-01-02 00:00:00",
        "max": "2026-05-29 00:00:00"
      }
    },
    "feature_build": {
      "mode": "stateful_incremental_append",
      "daily_context_days": 260,
      "intraday_context_days": 40,
      "daily_append": {
        "needed": true,
        "first_new_date": "2026-05-22 00:00:00",
        "context_start": "2025-04-23 00:00:00",
        "context_raw_rows": 266,
        "appended_rows": 6,
        "cache_before": {
          "rows": 2031,
          "min": "2018-01-02 00:00:00",
          "max": "2026-05-21 00:00:00"
        },
        "cache_after": {
          "rows": 2037,
          "min": "2018-01-02 00:00:00",
          "max": "2026-05-29 00:00:00"
        }
      },
      "intraday_append": {
        "needed": true,
        "first_new_datetime": "2026-05-22 09:35:00",
        "context_start_date": "2026-03-23 00:00:00",
        "context_raw_rows": 2208,
        "appended_rows": 288,
        "cache_before": {
          "rows": 74112,
          "min": "2020-01-02 09:35:00",
          "max": "2026-05-21 15:00:00"
        },
        "cache_after": {
          "rows": 74400,
          "min": "2020-01-02 09:35:00",
          "max": "2026-05-29 15:00:00"
        }
      }
    },
    "feature_state": {
      "daily_feature_max": "2026-05-29 00:00:00",
      "intraday_feature_max": "2026-05-29 15:00:00",
      "daily_context_days": 260,
      "intraday_context_days": 40,
      "feature_build_mode": "stateful_incremental_append"
    }
  }
}

[2026-05-29T20:14:50] RUN samples
  /usr/bin/python3 feature_building/build_nextday_samples_from_baostock.py --daily-features /root/stock_realtime_v021_full/saved_data/600487_pipeline_out/00_base/daily_features.csv --intraday-bars /root/stock_realtime_v021_full/saved_data/600487_pipeline_out/00_base/600487_5m.csv --out-dir /root/stock_realtime_v021_full/saved_data/600487_pipeline_out/01_samples --min-bars 40 --keep-unlabeled-tail
{
  "rows": 1550,
  "date_min": "2020-01-02",
  "date_max": "2026-05-29",
  "out": "/root/stock_realtime_v021_full/saved_data/600487_pipeline_out/01_samples/training_samples.csv"
}

[2026-05-29T20:14:51] RUN asof_samples
  /usr/bin/python3 feature_building/build_asof1455_training_samples.py --samples /root/stock_realtime_v021_full/saved_data/600487_pipeline_out/01_samples/training_samples.csv --intraday-bars /root/stock_realtime_v021_full/saved_data/600487_pipeline_out/00_base/600487_5m.csv --out-dir /root/stock_realtime_v021_full/saved_data/600487_pipeline_out/01_samples_asof1455 --cutoff-time 14:55 --min-bars 40
{
  "rows": 1550,
  "date_min": "2020-01-02",
  "date_max": "2026-05-29",
  "cutoff_time": "14:55",
  "min_bars": 40,
  "out": "/root/stock_realtime_v021_full/saved_data/600487_pipeline_out/01_samples_asof1455/training_samples_asof1455.csv"
}
[INFO] final samples for search: /root/stock_realtime_v021_full/saved_data/600487_pipeline_out/04_external/optical_cable_grid/training_samples_with_optical_cable_grid_external.csv
=== nextday pipeline end: 2026-05-29T20:14:52 status=ok ===
=== nextday pipeline start: 2026-05-30T23:59:29 ===
symbol=600487.SH, out_root=/mnt/d/VSCodeWorkspace/stock_realtime_v021_full/saved_data/600487_pipeline_out

[2026-05-30T23:59:29] SKIP update_data: outputs exist
  /usr/bin/python3 bootstrap/ashare_xgb_dual_opportunity_regression_baostock_full_v19_compressed_trading_axis.py --mode update_data --symbol 600487 --benchmark_symbol 000300 --daily_start 2018-01-01 --daily_end 2026-05-30 --intraday_start '2018-01-01 09:30:00' --intraday_end '2026-05-30 15:00:00' --output_dir /mnt/d/VSCodeWorkspace/stock_realtime_v021_full/saved_data/600487_pipeline_out/00_base --cache_mode incremental --feature_cache_mode incremental --adjust qfq

[2026-05-30T23:59:29] SKIP samples: outputs exist
  /usr/bin/python3 feature_building/build_nextday_samples_from_baostock.py --daily-features /mnt/d/VSCodeWorkspace/stock_realtime_v021_full/saved_data/600487_pipeline_out/00_base/daily_features.csv --intraday-bars /mnt/d/VSCodeWorkspace/stock_realtime_v021_full/saved_data/600487_pipeline_out/00_base/600487_5m.csv --out-dir /mnt/d/VSCodeWorkspace/stock_realtime_v021_full/saved_data/600487_pipeline_out/01_samples --min-bars 40 --keep-unlabeled-tail

[2026-05-30T23:59:29] RUN asof_samples
  /usr/bin/python3 feature_building/build_asof1455_training_samples.py --samples /mnt/d/VSCodeWorkspace/stock_realtime_v021_full/saved_data/600487_pipeline_out/01_samples/training_samples.csv --intraday-bars /mnt/d/VSCodeWorkspace/stock_realtime_v021_full/saved_data/600487_pipeline_out/00_base/600487_5m.csv --out-dir /mnt/d/VSCodeWorkspace/stock_realtime_v021_full/saved_data/600487_pipeline_out/01_samples_asof1455 --cutoff-time 14:55 --min-bars 40
{
  "rows": 1542,
  "date_min": "2020-01-02",
  "date_max": "2026-05-19",
  "cutoff_time": "14:55",
  "min_bars": 40,
  "out": "/mnt/d/VSCodeWorkspace/stock_realtime_v021_full/saved_data/600487_pipeline_out/01_samples_asof1455/training_samples_asof1455.csv"
}

[2026-05-30T23:59:30] SKIP fundamental: outputs exist
  /usr/bin/python3 feature_building/build_fundamental_features.py --symbol 600487.SH --daily-samples /mnt/d/VSCodeWorkspace/stock_realtime_v021_full/saved_data/600487_pipeline_out/01_samples_asof1455/training_samples_asof1455.csv --out-dir /mnt/d/VSCodeWorkspace/stock_realtime_v021_full/saved_data/600487_pipeline_out/02_fundamental --start-date 2018-01-01 --end-date 2026-05-30 --fallback-lag-days 120 --skip-akshare

[2026-05-30T23:59:30] SKIP sector: outputs exist
  /usr/bin/python3 feature_building/build_sector_features.py --samples /mnt/d/VSCodeWorkspace/stock_realtime_v021_full/saved_data/600487_pipeline_out/02_fundamental/training_samples_with_fundamentals.csv --out-dir /mnt/d/VSCodeWorkspace/stock_realtime_v021_full/saved_data/600487_pipeline_out/03_sector --sector-symbol '通信设备' --start-date 2018-01-01 --end-date 2026-05-30

[2026-05-30T23:59:30] SKIP external_optical_cable_grid: outputs exist
  /usr/bin/python3 feature_building/build_stock_external_features.py --samples /mnt/d/VSCodeWorkspace/stock_realtime_v021_full/saved_data/600487_pipeline_out/03_sector/training_samples_with_sector.csv --out-dir /mnt/d/VSCodeWorkspace/stock_realtime_v021_full/saved_data/600487_pipeline_out/04_external/optical_cable_grid --profile optical_cable_grid --target-symbol 600487.SH --start-date 2018-01-01 --end-date 2026-05-30 --adjust qfq --domestic-lag-days 0 --future-lag-days 1 --us-lag-days 1
[INFO] final samples for search: /mnt/d/VSCodeWorkspace/stock_realtime_v021_full/saved_data/600487_pipeline_out/04_external/optical_cable_grid/training_samples_with_optical_cable_grid_external.csv
=== nextday pipeline end: 2026-05-30T23:59:30 status=ok ===
=== nextday pipeline start: 2026-05-31T00:00:11 ===
symbol=600487.SH, out_root=/mnt/d/VSCodeWorkspace/stock_realtime_v021_full/saved_data/600487_pipeline_out

[2026-05-31T00:00:11] SKIP update_data: outputs exist
  /usr/bin/python3 bootstrap/ashare_xgb_dual_opportunity_regression_baostock_full_v19_compressed_trading_axis.py --mode update_data --symbol 600487 --benchmark_symbol 000300 --daily_start 2018-01-01 --daily_end 2026-05-30 --intraday_start '2018-01-01 09:30:00' --intraday_end '2026-05-30 15:00:00' --output_dir /mnt/d/VSCodeWorkspace/stock_realtime_v021_full/saved_data/600487_pipeline_out/00_base --cache_mode incremental --feature_cache_mode incremental --adjust qfq

[2026-05-31T00:00:11] SKIP samples: outputs exist
  /usr/bin/python3 feature_building/build_nextday_samples_from_baostock.py --daily-features /mnt/d/VSCodeWorkspace/stock_realtime_v021_full/saved_data/600487_pipeline_out/00_base/daily_features.csv --intraday-bars /mnt/d/VSCodeWorkspace/stock_realtime_v021_full/saved_data/600487_pipeline_out/00_base/600487_5m.csv --out-dir /mnt/d/VSCodeWorkspace/stock_realtime_v021_full/saved_data/600487_pipeline_out/01_samples --min-bars 40 --keep-unlabeled-tail

[2026-05-31T00:00:11] SKIP asof_samples: outputs exist
  /usr/bin/python3 feature_building/build_asof1455_training_samples.py --samples /mnt/d/VSCodeWorkspace/stock_realtime_v021_full/saved_data/600487_pipeline_out/01_samples/training_samples.csv --intraday-bars /mnt/d/VSCodeWorkspace/stock_realtime_v021_full/saved_data/600487_pipeline_out/00_base/600487_5m.csv --out-dir /mnt/d/VSCodeWorkspace/stock_realtime_v021_full/saved_data/600487_pipeline_out/01_samples_asof1455 --cutoff-time 14:55 --min-bars 40

[2026-05-31T00:00:12] SKIP fundamental: outputs exist
  /usr/bin/python3 feature_building/build_fundamental_features.py --symbol 600487.SH --daily-samples /mnt/d/VSCodeWorkspace/stock_realtime_v021_full/saved_data/600487_pipeline_out/01_samples_asof1455/training_samples_asof1455.csv --out-dir /mnt/d/VSCodeWorkspace/stock_realtime_v021_full/saved_data/600487_pipeline_out/02_fundamental --start-date 2018-01-01 --end-date 2026-05-30 --fallback-lag-days 120 --skip-akshare

[2026-05-31T00:00:12] SKIP sector: outputs exist
  /usr/bin/python3 feature_building/build_sector_features.py --samples /mnt/d/VSCodeWorkspace/stock_realtime_v021_full/saved_data/600487_pipeline_out/02_fundamental/training_samples_with_fundamentals.csv --out-dir /mnt/d/VSCodeWorkspace/stock_realtime_v021_full/saved_data/600487_pipeline_out/03_sector --sector-symbol '通信设备' --start-date 2018-01-01 --end-date 2026-05-30

[2026-05-31T00:00:12] SKIP external_optical_cable_grid: outputs exist
  /usr/bin/python3 feature_building/build_stock_external_features.py --samples /mnt/d/VSCodeWorkspace/stock_realtime_v021_full/saved_data/600487_pipeline_out/03_sector/training_samples_with_sector.csv --out-dir /mnt/d/VSCodeWorkspace/stock_realtime_v021_full/saved_data/600487_pipeline_out/04_external/optical_cable_grid --profile optical_cable_grid --target-symbol 600487.SH --start-date 2018-01-01 --end-date 2026-05-30 --adjust qfq --domestic-lag-days 0 --future-lag-days 1 --us-lag-days 1
[INFO] final samples for search: /mnt/d/VSCodeWorkspace/stock_realtime_v021_full/saved_data/600487_pipeline_out/04_external/optical_cable_grid/training_samples_with_optical_cable_grid_external.csv
=== nextday pipeline end: 2026-05-31T00:00:12 status=ok ===
=== nextday pipeline start: 2026-05-31T00:02:53 ===
symbol=600487.SH, out_root=/mnt/d/VSCodeWorkspace/stock_realtime_v021_full/saved_data/600487_pipeline_out

[2026-05-31T00:02:53] SKIP update_data: outputs exist
  /usr/bin/python3 bootstrap/ashare_xgb_dual_opportunity_regression_baostock_full_v19_compressed_trading_axis.py --mode update_data --symbol 600487 --benchmark_symbol 000300 --daily_start 2018-01-01 --daily_end 2026-05-31 --intraday_start '2018-01-01 09:30:00' --intraday_end '2026-05-31 15:00:00' --output_dir /mnt/d/VSCodeWorkspace/stock_realtime_v021_full/saved_data/600487_pipeline_out/00_base --cache_mode incremental --feature_cache_mode incremental --adjust qfq

[2026-05-31T00:02:53] SKIP samples: outputs exist
  /usr/bin/python3 feature_building/build_nextday_samples_from_baostock.py --daily-features /mnt/d/VSCodeWorkspace/stock_realtime_v021_full/saved_data/600487_pipeline_out/00_base/daily_features.csv --intraday-bars /mnt/d/VSCodeWorkspace/stock_realtime_v021_full/saved_data/600487_pipeline_out/00_base/600487_5m.csv --out-dir /mnt/d/VSCodeWorkspace/stock_realtime_v021_full/saved_data/600487_pipeline_out/01_samples --min-bars 40 --keep-unlabeled-tail

[2026-05-31T00:02:53] SKIP asof_samples: outputs exist
  /usr/bin/python3 feature_building/build_asof1455_training_samples.py --samples /mnt/d/VSCodeWorkspace/stock_realtime_v021_full/saved_data/600487_pipeline_out/01_samples/training_samples.csv --intraday-bars /mnt/d/VSCodeWorkspace/stock_realtime_v021_full/saved_data/600487_pipeline_out/00_base/600487_5m.csv --out-dir /mnt/d/VSCodeWorkspace/stock_realtime_v021_full/saved_data/600487_pipeline_out/01_samples_asof1455 --cutoff-time 14:55 --min-bars 40

[2026-05-31T00:02:53] SKIP fundamental: outputs exist
  /usr/bin/python3 feature_building/build_fundamental_features.py --symbol 600487.SH --daily-samples /mnt/d/VSCodeWorkspace/stock_realtime_v021_full/saved_data/600487_pipeline_out/01_samples_asof1455/training_samples_asof1455.csv --out-dir /mnt/d/VSCodeWorkspace/stock_realtime_v021_full/saved_data/600487_pipeline_out/02_fundamental --start-date 2018-01-01 --end-date 2026-05-31 --fallback-lag-days 120 --skip-akshare

[2026-05-31T00:02:53] SKIP sector: outputs exist
  /usr/bin/python3 feature_building/build_sector_features.py --samples /mnt/d/VSCodeWorkspace/stock_realtime_v021_full/saved_data/600487_pipeline_out/02_fundamental/training_samples_with_fundamentals.csv --out-dir /mnt/d/VSCodeWorkspace/stock_realtime_v021_full/saved_data/600487_pipeline_out/03_sector --sector-symbol '通信设备' --start-date 2018-01-01 --end-date 2026-05-31

[2026-05-31T00:02:53] SKIP external_optical_cable_grid: outputs exist
  /usr/bin/python3 feature_building/build_stock_external_features.py --samples /mnt/d/VSCodeWorkspace/stock_realtime_v021_full/saved_data/600487_pipeline_out/03_sector/training_samples_with_sector.csv --out-dir /mnt/d/VSCodeWorkspace/stock_realtime_v021_full/saved_data/600487_pipeline_out/04_external/optical_cable_grid --profile optical_cable_grid --target-symbol 600487.SH --start-date 2018-01-01 --end-date 2026-05-31 --adjust qfq --domestic-lag-days 0 --future-lag-days 1 --us-lag-days 1
[INFO] final samples for search: /mnt/d/VSCodeWorkspace/stock_realtime_v021_full/saved_data/600487_pipeline_out/04_external/optical_cable_grid/training_samples_with_optical_cable_grid_external.csv
=== nextday pipeline end: 2026-05-31T00:02:53 status=ok ===
=== nextday pipeline start: 2026-05-31T00:22:10 ===
symbol=600487.SH, out_root=/mnt/d/VSCodeWorkspace/stock_realtime_v021_full/saved_data/600487_pipeline_out

[2026-05-31T00:22:10] SKIP update_data: outputs exist
  /usr/bin/python3 bootstrap/ashare_xgb_dual_opportunity_regression_baostock_full_v19_compressed_trading_axis.py --mode update_data --symbol 600487 --benchmark_symbol 000300 --daily_start 2018-01-01 --daily_end 2026-05-31 --intraday_start '2018-01-01 09:30:00' --intraday_end '2026-05-31 15:00:00' --output_dir /mnt/d/VSCodeWorkspace/stock_realtime_v021_full/saved_data/600487_pipeline_out/00_base --cache_mode incremental --feature_cache_mode incremental --adjust qfq

[2026-05-31T00:22:10] SKIP samples: outputs exist
  /usr/bin/python3 feature_building/build_nextday_samples_from_baostock.py --daily-features /mnt/d/VSCodeWorkspace/stock_realtime_v021_full/saved_data/600487_pipeline_out/00_base/daily_features.csv --intraday-bars /mnt/d/VSCodeWorkspace/stock_realtime_v021_full/saved_data/600487_pipeline_out/00_base/600487_5m.csv --out-dir /mnt/d/VSCodeWorkspace/stock_realtime_v021_full/saved_data/600487_pipeline_out/01_samples --min-bars 40 --keep-unlabeled-tail

[2026-05-31T00:22:10] SKIP asof_samples: outputs exist
  /usr/bin/python3 feature_building/build_asof1455_training_samples.py --samples /mnt/d/VSCodeWorkspace/stock_realtime_v021_full/saved_data/600487_pipeline_out/01_samples/training_samples.csv --intraday-bars /mnt/d/VSCodeWorkspace/stock_realtime_v021_full/saved_data/600487_pipeline_out/00_base/600487_5m.csv --out-dir /mnt/d/VSCodeWorkspace/stock_realtime_v021_full/saved_data/600487_pipeline_out/01_samples_asof1455 --cutoff-time 14:55 --min-bars 40

[2026-05-31T00:22:10] SKIP fundamental: outputs exist
  /usr/bin/python3 feature_building/build_fundamental_features.py --symbol 600487.SH --daily-samples /mnt/d/VSCodeWorkspace/stock_realtime_v021_full/saved_data/600487_pipeline_out/01_samples_asof1455/training_samples_asof1455.csv --out-dir /mnt/d/VSCodeWorkspace/stock_realtime_v021_full/saved_data/600487_pipeline_out/02_fundamental --start-date 2018-01-01 --end-date 2026-05-31 --fallback-lag-days 120 --skip-akshare

[2026-05-31T00:22:10] SKIP sector: outputs exist
  /usr/bin/python3 feature_building/build_sector_features.py --samples /mnt/d/VSCodeWorkspace/stock_realtime_v021_full/saved_data/600487_pipeline_out/02_fundamental/training_samples_with_fundamentals.csv --out-dir /mnt/d/VSCodeWorkspace/stock_realtime_v021_full/saved_data/600487_pipeline_out/03_sector --sector-symbol '通信设备' --start-date 2018-01-01 --end-date 2026-05-31

[2026-05-31T00:22:10] SKIP external_optical_cable_grid: outputs exist
  /usr/bin/python3 feature_building/build_stock_external_features.py --samples /mnt/d/VSCodeWorkspace/stock_realtime_v021_full/saved_data/600487_pipeline_out/03_sector/training_samples_with_sector.csv --out-dir /mnt/d/VSCodeWorkspace/stock_realtime_v021_full/saved_data/600487_pipeline_out/04_external/optical_cable_grid --profile optical_cable_grid --target-symbol 600487.SH --start-date 2018-01-01 --end-date 2026-05-31 --adjust qfq --domestic-lag-days 0 --future-lag-days 1 --us-lag-days 1
[INFO] final samples for search: /mnt/d/VSCodeWorkspace/stock_realtime_v021_full/saved_data/600487_pipeline_out/04_external/optical_cable_grid/training_samples_with_optical_cable_grid_external.csv
=== nextday pipeline end: 2026-05-31T00:22:10 status=ok ===
