=== nextday pipeline start: 2026-05-12T03:57:05 ===
symbol=600276.SH, out_root=/root/workspace/stock_realtime_v021_full/saved_data/600276_pipeline_out_v2_all14

[2026-05-12T03:57:05] RUN update_data
  /usr/bin/python3 bootstrap/ashare_xgb_dual_opportunity_regression_baostock_full_v19_compressed_trading_axis.py --mode update_data --symbol 600276 --benchmark_symbol 000300 --daily_start 2018-01-01 --daily_end 2026-05-12 --intraday_start '2018-01-01 09:30:00' --intraday_end '2026-05-12 15:00:00' --output_dir /root/workspace/stock_realtime_v021_full/saved_data/600276_pipeline_out_v2_all14/00_base --cache_mode incremental --feature_cache_mode incremental --adjust qfq
/root/workspace/stock_realtime_v021_full/bootstrap/ashare_fetch_and_train_xgb_sell_signal_baostock_state_cache_helper_fix2.py:246: FutureWarning: The behavior of DataFrame concatenation with empty or all-NA entries is deprecated. In a future version, this will no longer exclude empty or all-NA columns when determining the result dtypes. To retain the old behavior, exclude the relevant entries before the concat operation.
  merged = _normalize_daily_df(pd.concat([df_old, df_new], axis=0, ignore_index=True))
/root/workspace/stock_realtime_v021_full/bootstrap/ashare_fetch_and_train_xgb_sell_signal_baostock_state_cache_helper_fix2.py:248: FutureWarning: The behavior of DataFrame concatenation with empty or all-NA entries is deprecated. In a future version, this will no longer exclude empty or all-NA columns when determining the result dtypes. To retain the old behavior, exclude the relevant entries before the concat operation.
  merged = _normalize_intraday_df(pd.concat([df_old, df_new], axis=0, ignore_index=True))
/root/workspace/stock_realtime_v021_full/bootstrap/ashare_fetch_and_train_xgb_sell_signal_baostock_state_cache_helper_fix2.py:254: FutureWarning: The behavior of DataFrame concatenation with empty or all-NA entries is deprecated. In a future version, this will no longer exclude empty or all-NA columns when determining the result dtypes. To retain the old behavior, exclude the relevant entries before the concat operation.
  merged = _normalize_bench_df(pd.concat([df_old, df_new], axis=0, ignore_index=True))
/root/workspace/stock_realtime_v021_full/bootstrap/ashare_fetch_and_train_xgb_sell_signal_baostock_state_cache_helper_fix2.py:250: FutureWarning: The behavior of DataFrame concatenation with empty or all-NA entries is deprecated. In a future version, this will no longer exclude empty or all-NA columns when determining the result dtypes. To retain the old behavior, exclude the relevant entries before the concat operation.
  merged = _normalize_daily_feature_df(pd.concat([df_old, df_new], axis=0, ignore_index=True))
/root/workspace/stock_realtime_v021_full/bootstrap/ashare_fetch_and_train_xgb_sell_signal_baostock_state_cache_helper_fix2.py:252: FutureWarning: The behavior of DataFrame concatenation with empty or all-NA entries is deprecated. In a future version, this will no longer exclude empty or all-NA columns when determining the result dtypes. To retain the old behavior, exclude the relevant entries before the concat operation.
  merged = _normalize_intraday_feature_df(pd.concat([df_old, df_new], axis=0, ignore_index=True))
login success!
logout success!
login success!
logout success!
login success!
logout success!
{
  "mode": "update_data",
  "symbol": "600276",
  "data_source": "baostock",
  "daily_rows": 2023,
  "intraday_rows": 73728,
  "daily_min": "2018-01-02 00:00:00",
  "daily_max": "2026-05-11 00:00:00",
  "intraday_min": "2020-01-02 09:35:00",
  "intraday_max": "2026-05-11 15:00:00",
  "base_paths": {
    "daily_csv": "/root/workspace/stock_realtime_v021_full/saved_data/600276_pipeline_out_v2_all14/00_base/600276_daily.csv",
    "intraday_csv": "/root/workspace/stock_realtime_v021_full/saved_data/600276_pipeline_out_v2_all14/00_base/600276_5m.csv",
    "benchmark_csv": "/root/workspace/stock_realtime_v021_full/saved_data/600276_pipeline_out_v2_all14/00_base/000300_benchmark_daily.csv",
    "raw_daily_cache_csv": "/root/workspace/stock_realtime_v021_full/saved_data/600276_pipeline_out_v2_all14/00_base/raw_cache/600276_daily_raw.csv",
    "raw_intraday_cache_csv": "/root/workspace/stock_realtime_v021_full/saved_data/600276_pipeline_out_v2_all14/00_base/raw_cache/600276_5m_raw.csv",
    "raw_benchmark_cache_csv": "/root/workspace/stock_realtime_v021_full/saved_data/600276_pipeline_out_v2_all14/00_base/raw_cache/000300_benchmark_daily_raw.csv",
    "daily_features_csv": "/root/workspace/stock_realtime_v021_full/saved_data/600276_pipeline_out_v2_all14/00_base/daily_features.csv",
    "intraday_features_csv": "/root/workspace/stock_realtime_v021_full/saved_data/600276_pipeline_out_v2_all14/00_base/intraday_features.csv",
    "daily_features_cache_csv": "/root/workspace/stock_realtime_v021_full/saved_data/600276_pipeline_out_v2_all14/00_base/feature_cache/daily_features_cache.csv",
    "intraday_features_cache_csv": "/root/workspace/stock_realtime_v021_full/saved_data/600276_pipeline_out_v2_all14/00_base/feature_cache/intraday_features_cache.csv",
    "feature_state_json": "/root/workspace/stock_realtime_v021_full/saved_data/600276_pipeline_out_v2_all14/00_base/feature_cache/feature_state.json"
  },
  "fetch_logs": {
    "symbol": "600276",
    "benchmark_symbol": "000300",
    "daily_start": "2018-01-01",
    "daily_end": "2026-05-12",
    "intraday_start": "2018-01-01 09:30:00",
    "intraday_end": "2026-05-12 15:00:00",
    "perf_start": "2018-01-01",
    "data_source": "baostock",
    "cache_mode": "incremental",
    "force_refresh": false,
    "raw_cache_dir": "/root/workspace/stock_realtime_v021_full/saved_data/600276_pipeline_out_v2_all14/00_base/raw_cache",
    "feature_cache_dir": "/root/workspace/stock_realtime_v021_full/saved_data/600276_pipeline_out_v2_all14/00_base/feature_cache",
    "feature_cache_mode": "incremental",
    "daily": {
      "cache_path": "/root/workspace/stock_realtime_v021_full/saved_data/600276_pipeline_out_v2_all14/00_base/raw_cache/600276_daily_raw.csv",
      "requested_start": "2018-01-01",
      "requested_end": "2026-05-12",
      "mode": "initial_fetch",
      "fetch_segments": [
        {
          "provider": "baostock",
          "code": "sh.600276",
          "adjustflag": "2",
          "rows": 2023,
          "start": "2018-01-01",
          "end": "2026-05-12"
        }
      ],
      "cache_after": {
        "rows": 2023,
        "min": "2018-01-02 00:00:00",
        "max": "2026-05-11 00:00:00"
      }
    },
    "intraday_5m": {
      "cache_path": "/root/workspace/stock_realtime_v021_full/saved_data/600276_pipeline_out_v2_all14/00_base/raw_cache/600276_5m_raw.csv",
      "requested_start": "2018-01-01 09:30:00",
      "requested_end": "2026-05-12 15:00:00",
      "mode": "initial_fetch",
      "fetch_segments": [
        {
          "provider": "baostock",
          "code": "sh.600276",
          "adjustflag": "2",
          "requested_start": "2018-01-01 09:30:00",
          "effective_start": "2018-01-01 09:30:00",
          "requested_end": "2026-05-12 15:00:00",
          "rows": 73728
        }
      ],
      "cache_after": {
        "rows": 73728,
        "min": "2020-01-02 09:35:00",
        "max": "2026-05-11 15:00:00"
      }
    },
    "benchmark_daily": {
      "cache_path": "/root/workspace/stock_realtime_v021_full/saved_data/600276_pipeline_out_v2_all14/00_base/raw_cache/000300_benchmark_daily_raw.csv",
      "requested_start": "2018-01-01",
      "requested_end": "2026-05-12",
      "mode": "initial_fetch",
      "fetch_segments": [
        {
          "provider": "baostock",
          "code": "sh.000300",
          "rows": 2023,
          "start": "2018-01-01",
          "end": "2026-05-12"
        }
      ],
      "cache_after": {
        "rows": 2023,
        "min": "2018-01-02 00:00:00",
        "max": "2026-05-11 00:00:00"
      }
    },
    "feature_build": {
      "mode": "full_rebuild",
      "reason": "feature_cache_missing",
      "daily_cache_after": {
        "rows": 2023,
        "min": "2018-01-02 00:00:00",
        "max": "2026-05-11 00:00:00"
      },
      "intraday_cache_after": {
        "rows": 73728,
        "min": "2020-01-02 09:35:00",
        "max": "2026-05-11 15:00:00"
      },
      "daily_context_days": 260,
      "intraday_context_days": 40,
      "daily_appended_rows": 2023,
      "intraday_appended_rows": 73728
    },
    "feature_state": {
      "daily_feature_max": "2026-05-11 00:00:00",
      "intraday_feature_max": "2026-05-11 15:00:00",
      "daily_context_days": 260,
      "intraday_context_days": 40,
      "feature_build_mode": "full_rebuild"
    }
  }
}

[2026-05-12T03:59:13] RUN samples
  /usr/bin/python3 feature_building/build_nextday_samples_from_baostock.py --daily-features /root/workspace/stock_realtime_v021_full/saved_data/600276_pipeline_out_v2_all14/00_base/daily_features.csv --intraday-bars /root/workspace/stock_realtime_v021_full/saved_data/600276_pipeline_out_v2_all14/00_base/600276_5m.csv --out-dir /root/workspace/stock_realtime_v021_full/saved_data/600276_pipeline_out_v2_all14/01_samples --min-bars 40 --keep-unlabeled-tail
{
  "rows": 1536,
  "date_min": "2020-01-02",
  "date_max": "2026-05-11",
  "out": "/root/workspace/stock_realtime_v021_full/saved_data/600276_pipeline_out_v2_all14/01_samples/training_samples.csv"
}

[2026-05-12T03:59:14] RUN fundamental
  /usr/bin/python3 feature_building/build_fundamental_features.py --symbol 600276.SH --daily-samples /root/workspace/stock_realtime_v021_full/saved_data/600276_pipeline_out_v2_all14/01_samples/training_samples.csv --out-dir /root/workspace/stock_realtime_v021_full/saved_data/600276_pipeline_out_v2_all14/02_fundamental --start-date 2018-01-01 --end-date 2026-05-12 --fallback-lag-days 120
login success!
logout success!
{
  "rows": 1536,
  "date_min": "2020-01-02",
  "date_max": "2026-05-11",
  "source_errors": [],
  "top_missing_rates": {
    "cashflow_ebitToInterest_chg4q": 0.9967447916666666,
    "cashflow_ebitToInterest": 0.994140625,
    "ak_fund_主力净流入-净额_sum10": 0.9244791666666666,
    "ak_fund_涨跌幅_sum10": 0.9244791666666666,
    "ak_fund_主力净流入-净占比_sum10": 0.9244791666666666,
    "ak_fund_中单净流入-净额_sum10": 0.9244791666666666,
    "ak_fund_中单净流入-净占比_sum10": 0.9244791666666666,
    "ak_fund_小单净流入-净占比_sum10": 0.9244791666666666,
    "ak_fund_小单净流入-净额_sum10": 0.9244791666666666,
    "ak_fund_大单净流入-净额_sum10": 0.9244791666666666,
    "ak_fund_大单净流入-净占比_sum10": 0.9244791666666666,
    "ak_fund_超大单净流入-净占比_sum10": 0.9244791666666666,
    "ak_fund_超大单净流入-净额_sum10": 0.9244791666666666,
    "ak_fund_收盘价_sum10": 0.9244791666666666,
    "ak_fund_主力净流入-净占比_sum5": 0.9231770833333334,
    "ak_fund_收盘价_sum5": 0.9231770833333334,
    "ak_fund_主力净流入-净额_sum5": 0.9231770833333334,
    "ak_fund_中单净流入-净占比_sum5": 0.9231770833333334,
    "ak_fund_中单净流入-净额_sum5": 0.9231770833333334,
    "ak_fund_小单净流入-净额_sum5": 0.9231770833333334,
    "ak_fund_小单净流入-净占比_sum5": 0.9231770833333334,
    "ak_fund_大单净流入-净占比_sum5": 0.9231770833333334,
    "ak_fund_大单净流入-净额_sum5": 0.9231770833333334,
    "ak_fund_超大单净流入-净额_sum5": 0.9231770833333334,
    "ak_fund_超大单净流入-净占比_sum5": 0.9231770833333334,
    "ak_fund_涨跌幅_sum5": 0.9231770833333334,
    "ak_fund_超大单净流入-净占比": 0.921875,
    "ak_fund_收盘价": 0.921875,
    "ak_fund_涨跌幅": 0.921875,
    "ak_fund_中单净流入-净额": 0.921875
  },
  "valuation_non_null": {
    "peTTM": 1536,
    "pbMRQ": 1536,
    "psTTM": 1536,
    "pcfNcfTTM": 1536
  },
  "future_effective_date_violations": 0,
  "rows_with_quarterly": 1536,
  "sample_rows": 1536,
  "quarterly_raw_rows": 37,
  "quarterly_used_pubDate_rows": 37,
  "quarterly_fallback_rows": 0,
  "elapsed_seconds": 36.157,
  "symbol": "600276",
  "baostock_code": "sh.600276",
  "valuation_rows": 2023,
  "fund_flow_rows": 120,
  "feature_columns": 125,
  "merged_columns": 194,
  "outputs": {
    "daily_valuation": "/root/workspace/stock_realtime_v021_full/saved_data/600276_pipeline_out_v2_all14/02_fundamental/baostock_daily_valuation.csv",
    "quarterly_fundamentals": "/root/workspace/stock_realtime_v021_full/saved_data/600276_pipeline_out_v2_all14/02_fundamental/baostock_quarterly_fundamentals_pit.csv",
    "fundamental_features": "/root/workspace/stock_realtime_v021_full/saved_data/600276_pipeline_out_v2_all14/02_fundamental/fundamental_features.csv",
    "merged_samples": "/root/workspace/stock_realtime_v021_full/saved_data/600276_pipeline_out_v2_all14/02_fundamental/training_samples_with_fundamentals.csv"
  }
}

[2026-05-12T03:59:51] RUN sector
  /usr/bin/python3 feature_building/build_sector_features.py --samples /root/workspace/stock_realtime_v021_full/saved_data/600276_pipeline_out_v2_all14/02_fundamental/training_samples_with_fundamentals.csv --out-dir /root/workspace/stock_realtime_v021_full/saved_data/600276_pipeline_out_v2_all14/03_sector --sector-symbol '化学制药' --start-date 2018-01-01 --end-date 2026-05-12

  0%|          | 0/9 [00:00<?, ?it/s]
 11%|█         | 1/9 [00:00<00:01,  4.16it/s]
 22%|██▏       | 2/9 [00:00<00:01,  4.26it/s]
 33%|███▎      | 3/9 [00:00<00:01,  4.33it/s]
 44%|████▍     | 4/9 [00:00<00:01,  4.21it/s]
 56%|█████▌    | 5/9 [00:01<00:00,  4.18it/s]
 67%|██████▋   | 6/9 [00:01<00:00,  4.03it/s]
 78%|███████▊  | 7/9 [00:01<00:00,  4.12it/s]
 89%|████████▉ | 8/9 [00:01<00:00,  4.09it/s]
100%|██████████| 9/9 [00:02<00:00,  4.41it/s]
                                             
{
  "sector_symbol": "化学制药",
  "sector_rows": 2023,
  "sector_date_min": "2018-01-02",
  "sector_date_max": "2026-05-11",
  "sample_rows": 1536,
  "merged_rows": 1536,
  "sector_feature_cols": 23,
  "top_missing": {
    "sector_ret60": 0.0390625,
    "sector_ma60_gap": 0.01953125,
    "stock_vs_sector_ret20": 0.013020833333333334,
    "sector_ret20": 0.013020833333333334,
    "sector_vol20": 0.007161458333333333,
    "sector_ma20_gap": 0.006510416666666667,
    "sector_range_z20": 0.006510416666666667,
    "sector_volume_shock20": 0.006510416666666667,
    "sector_amount_z20": 0.006510416666666667,
    "sector_volume_z20": 0.006510416666666667,
    "sector_amount_shock20": 0.006510416666666667,
    "sector_ret5": 0.0032552083333333335,
    "stock_vs_sector_ret5": 0.0032552083333333335,
    "sector_vs_bench_ret5": 0.0032552083333333335,
    "stock_vs_sector_ret1": 0.0006510416666666666,
    "sector_ret1": 0.0006510416666666666,
    "sector_amount": 0.0,
    "sector_volume": 0.0,
    "sector_close": 0.0,
    "sector_low": 0.0
  },
  "outputs": {
    "sector_index": "/root/workspace/stock_realtime_v021_full/saved_data/600276_pipeline_out_v2_all14/03_sector/sector_index_ths.csv",
    "sector_features": "/root/workspace/stock_realtime_v021_full/saved_data/600276_pipeline_out_v2_all14/03_sector/sector_features.csv",
    "merged_samples": "/root/workspace/stock_realtime_v021_full/saved_data/600276_pipeline_out_v2_all14/03_sector/training_samples_with_sector.csv"
  }
}
[INFO] final samples for search: /root/workspace/stock_realtime_v021_full/saved_data/600276_pipeline_out_v2_all14/03_sector/training_samples_with_sector.csv

[2026-05-12T03:59:54] RUN search_vwap_low_hit_50bps
  /usr/bin/python3 model_training/search_walk_forward_model_complexity.py --samples /root/workspace/stock_realtime_v021_full/saved_data/600276_pipeline_out_v2_all14/03_sector/training_samples_with_sector.csv --intraday-bars /root/workspace/stock_realtime_v021_full/saved_data/600276_pipeline_out_v2_all14/00_base/600276_5m.csv --out-dir /root/workspace/stock_realtime_v021_full/saved_data/600276_pipeline_out_v2_all14/10_search/search_vwap_low_hit_50bps --round-trip-cost-bps 1.7 --target-hit-bps 50.0 --label-mode hit --entry-policy vwap_low --entry-vwap-premium-bps 50.0 --max-missing 0.35 --groups reversal_fundamental_regime,reversal_fundamental_regime_sector,reversal_fundamental_regime_sector_external,all_no_ak --models xgb_d2_200_lr003_mcw5,xgb_d3_400_lr003_mcw3,xgb_d3_600_lr002_mcw3,xgb_d4_500_lr002_mcw5,lgbm_leaves7_400,lgbm_leaves15_700,extra_trees_600_d3,random_forest_600_d4 --quantiles 0.5,0.6,0.7,0.8 --train-rows 756 --valid-rows 126 --test-rows 63 --min-valid-trades 8 --min-train-entries 80
{
  "rows": 1535,
  "target_hit_bps": 50.0,
  "label_mode": "hit",
  "entry_policy": "vwap_low",
  "entry_vwap_premium_bps": 50.0,
  "groups": {
    "reversal_fundamental_regime": 135,
    "reversal_fundamental_regime_sector": 158,
    "reversal_fundamental_regime_sector_external": 158,
    "all_no_ak": 213
  },
  "models": [
    "xgb_d2_200_lr003_mcw5",
    "xgb_d3_400_lr003_mcw3",
    "xgb_d3_600_lr002_mcw3",
    "xgb_d4_500_lr002_mcw5",
    "extra_trees_600_d3",
    "random_forest_600_d4",
    "lgbm_leaves7_400",
    "lgbm_leaves15_700"
  ],
  "top": [
    {
      "entry_policy": "vwap_low",
      "feature_group": "reversal_fundamental_regime",
      "model_name": "random_forest_600_d4",
      "target_hit_bps": 50.0,
      "trades": 154,
      "win_rate": 0.7857142857142857,
      "avg_return": 0.0008743088931781075,
      "median_return": 0.005,
      "compound_return": 0.13597338310929108,
      "max_drawdown": -0.1152813684705507,
      "profit_factor": 1.2888373147142265,
      "windows": 10
    },
    {
      "entry_policy": "vwap_low",
      "feature_group": "reversal_fundamental_regime_sector",
      "model_name": "extra_trees_600_d3",
      "target_hit_bps": 50.0,
      "trades": 159,
      "win_rate": 0.7861635220125787,
      "avg_return": 0.000727655777958687,
      "median_return": 0.005,
      "compound_return": 0.11371095365268857,
      "max_drawdown": -0.1313303174576207,
      "profit_factor": 1.2290565949292152,
      "windows": 10
    },
    {
      "entry_policy": "vwap_low",
      "feature_group": "reversal_fundamental_regime_sector_external",
      "model_name": "extra_trees_600_d3",
      "target_hit_bps": 50.0,
      "trades": 159,
      "win_rate": 0.7861635220125787,
      "avg_return": 0.000727655777958687,
      "median_return": 0.005,
      "compound_return": 0.11371095365268857,
      "max_drawdown": -0.1313303174576207,
      "profit_factor": 1.2290565949292152,
      "windows": 10
    },
    {
      "entry_policy": "vwap_low",
      "feature_group": "all_no_ak",
      "model_name": "extra_trees_600_d3",
      "target_hit_bps": 50.0,
      "trades": 146,
      "win_rate": 0.7671232876712328,
      "avg_return": 0.0005151485673421081,
      "median_return": 0.005,
      "compound_return": 0.07081686638720464,
      "max_drawdown": -0.0951004319430675,
      "profit_factor": 1.1571813317492727,
      "windows": 10
    },
    {
      "entry_policy": "vwap_low",
      "feature_group": "reversal_fundamental_regime",
      "model_name": "xgb_d4_500_lr002_mcw5",
      "target_hit_bps": 50.0,
      "trades": 218,
      "win_rate": 0.7522935779816514,
      "avg_return": 0.00032940390573090285,
      "median_return": 0.005,
      "compound_return": 0.06321016018567449,
      "max_drawdown": -0.11467616785108858,
      "profit_factor": 1.0971571812241228,
      "windows": 10
    },
    {
      "entry_policy": "vwap_low",
      "feature_group": "reversal_fundamental_regime",
      "model_name": "xgb_d3_400_lr003_mcw3",
      "target_hit_bps": 50.0,
      "trades": 210,
      "win_rate": 0.7428571428571429,
      "avg_return": -1.766460572673019e-05,
      "median_return": 0.005,
      "compound_return": -0.014891506544525757,
      "max_drawdown": -0.17108691199512338,
      "profit_factor": 0.9952111862252276,
      "windows": 10
    },
    {
      "entry_policy": "vwap_low",
      "feature_group": "reversal_fundamental_regime_sector",
      "model_name": "random_forest_600_d4",
      "target_hit_bps": 50.0,
      "trades": 126,
      "win_rate": 0.7063492063492064,
      "avg_return": -0.0001878965996355306,
      "median_return": 0.005,
      "compound_return": -0.02977631960406424,
      "max_drawdown": -0.1080074291990577,
      "profit_factor": 0.9487986235401242,
      "windows": 10
    },
    {
      "entry_policy": "vwap_low",
      "feature_group": "reversal_fundamental_regime_sector_external",
      "model_name": "random_forest_600_d4",
      "target_hit_bps": 50.0,
      "trades": 126,
      "win_rate": 0.7063492063492064,
      "avg_return": -0.0001878965996355306,
      "median_return": 0.005,
      "compound_return": -0.02977631960406424,
      "max_drawdown": -0.1080074291990577,
      "profit_factor": 0.9487986235401242,
      "windows": 10
    },
    {
      "entry_policy": "vwap_low",
      "feature_group": "reversal_fundamental_regime",
      "model_name": "lgbm_leaves7_400",
      "target_hit_bps": 50.0,
      "trades": 221,
      "win_rate": 0.751131221719457,
      "avg_return": -8.374235253367386e-05,
      "median_return": 0.005,
      "compound_return": -0.03043320963183116,
      "max_drawdown": -0.14802098703728905,
      "profit_factor": 0.9779528053917081,
      "windows": 10
    },
    {
      "entry_policy": "vwap_low",
      "feature_group": "all_no_ak",
      "model_name": "random_forest_600_d4",
      "target_hit_bps": 50.0,
      "trades": 118,
      "win_rate": 0.7372881355932204,
      "avg_return": -0.0003780887008926189,
      "median_return": 0.005,
      "compound_return": -0.050571059840247345,
      "max_drawdown": -0.10492604767587954,
      "profit_factor": 0.9056939606619765,
      "windows": 10
    },
    {
      "entry_policy": "vwap_low",
      "feature_group": "reversal_fundamental_regime",
      "model_name": "extra_trees_600_d3",
      "target_hit_bps": 50.0,
      "trades": 192,
      "win_rate": 0.7552083333333334,
      "avg_return": -0.00036419463594781435,
      "median_return": 0.005,
      "compound_return": -0.08095181430337506,
      "max_drawdown": -0.27011304612068465,
      "profit_factor": 0.9115681472439979,
      "windows": 10
    },
    {
      "entry_policy": "vwap_low",
      "feature_group": "reversal_fundamental_regime",
      "model_name": "xgb_d3_600_lr002_mcw3",
      "target_hit_bps": 50.0,
      "trades": 233,
      "win_rate": 0.7253218884120172,
      "avg_return": -0.00037069089775349976,
      "median_return": 0.005,
      "compound_return": -0.09419232963728963,
      "max_drawdown": -0.17778262260881883,
      "profit_factor": 0.9063519251964907,
      "windows": 10
    },
    {
      "entry_policy": "vwap_low",
      "feature_group": "reversal_fundamental_regime",
      "model_name": "lgbm_leaves15_700",
      "target_hit_bps": 50.0,
      "trades": 203,
      "win_rate": 0.7339901477832512,
      "avg_return": -0.0007788165494462624,
      "median_return": 0.005,
      "compound_return": -0.15814644953898593,
      "max_drawdown": -0.2580421894235123,
      "profit_factor": 0.8249365500677996,
      "windows": 10
    },
    {
      "entry_policy": "vwap_low",
      "feature_group": "reversal_fundamental_regime_sector",
      "model_name": "xgb_d3_400_lr003_mcw3",
      "target_hit_bps": 50.0,
      "trades": 156,
      "win_rate": 0.7243589743589743,
      "avg_return": -0.0010874992265633538,
      "median_return": 0.005,
      "compound_return": -0.16554804456898997,
      "max_drawdown": -0.276366308403874,
      "profit_factor": 0.7676399175981844,
      "windows": 10
    },
    {
      "entry_policy": "vwap_low",
      "feature_group": "reversal_fundamental_regime_sector_external",
      "model_name": "xgb_d3_400_lr003_mcw3",
      "target_hit_bps": 50.0,
      "trades": 156,
      "win_rate": 0.7243589743589743,
      "avg_return": -0.0010874992265633538,
      "median_return": 0.005,
      "compound_return": -0.16554804456898997,
      "max_drawdown": -0.276366308403874,
      "profit_factor": 0.7676399175981844,
      "windows": 10
    },
    {
      "entry_policy": "vwap_low",
      "feature_group": "reversal_fundamental_regime_sector",
      "model_name": "xgb_d2_200_lr003_mcw5",
      "target_hit_bps": 50.0,
      "trades": 167,
      "win_rate": 0.7125748502994012,
      "avg_return": -0.0011259894915779177,
      "median_return": 0.005,
      "compound_return": -0.18158137537709584,
      "max_drawdown": -0.2785661593789117,
      "profit_factor": 0.7598587731961898,
      "windows": 10
    },
    {
      "entry_policy": "vwap_low",
      "feature_group": "reversal_fundamental_regime_sector_external",
      "model_name": "xgb_d2_200_lr003_mcw5",
      "target_hit_bps": 50.0,
      "trades": 167,
      "win_rate": 0.7125748502994012,
      "avg_return": -0.0011259894915779177,
      "median_return": 0.005,
      "compound_return": -0.18158137537709584,
      "max_drawdown": -0.2785661593789117,
      "profit_factor": 0.7598587731961898,
      "windows": 10
    },
    {
      "entry_policy": "vwap_low",
      "feature_group": "reversal_fundamental_regime",
      "model_name": "xgb_d2_200_lr003_mcw5",
      "target_hit_bps": 50.0,
      "trades": 181,
      "win_rate": 0.7292817679558011,
      "avg_return": -0.0010684927065419683,
      "median_return": 0.005,
      "compound_return": -0.18799367579320825,
      "max_drawdown": -0.24876127800692727,
      "profit_factor": 0.7709430956374006,
      "windows": 10
    },
    {
      "entry_policy": "vwap_low",
      "feature_group": "all_no_ak",
      "model_name": "lgbm_leaves7_400",
      "target_hit_bps": 50.0,
      "trades": 179,
      "win_rate": 0.7039106145251397,
      "avg_return": -0.001145400217417127,
      "median_return": 0.005,
      "compound_return": -0.1954641897289502,
      "max_drawdown": -0.2463453929793118,
      "profit_factor": 0.7538519516588128,
      "windows": 10
    },
    {
      "entry_policy": "vwap_low",
      "feature_group": "all_no_ak",
      "model_name": "xgb_d2_200_lr003_mcw5",
      "target_hit_bps": 50.0,
      "trades": 170,
      "win_rate": 0.7176470588235294,
      "avg_return": -0.001231975255702135,
      "median_return": 0.005,
      "compound_return": -0.1994301807637675,
      "max_drawdown": -0.2869191198222055,
      "profit_factor": 0.7444146385372739,
      "windows": 10
    }
  ]
}

[2026-05-12T04:05:48] RUN search_vwap_low_hit_80bps
  /usr/bin/python3 model_training/search_walk_forward_model_complexity.py --samples /root/workspace/stock_realtime_v021_full/saved_data/600276_pipeline_out_v2_all14/03_sector/training_samples_with_sector.csv --intraday-bars /root/workspace/stock_realtime_v021_full/saved_data/600276_pipeline_out_v2_all14/00_base/600276_5m.csv --out-dir /root/workspace/stock_realtime_v021_full/saved_data/600276_pipeline_out_v2_all14/10_search/search_vwap_low_hit_80bps --round-trip-cost-bps 1.7 --target-hit-bps 80.0 --label-mode hit --entry-policy vwap_low --entry-vwap-premium-bps 50.0 --max-missing 0.35 --groups reversal_fundamental_regime,reversal_fundamental_regime_sector,reversal_fundamental_regime_sector_external,all_no_ak --models xgb_d2_200_lr003_mcw5,xgb_d3_400_lr003_mcw3,xgb_d3_600_lr002_mcw3,xgb_d4_500_lr002_mcw5,lgbm_leaves7_400,lgbm_leaves15_700,extra_trees_600_d3,random_forest_600_d4 --quantiles 0.5,0.6,0.7,0.8 --train-rows 756 --valid-rows 126 --test-rows 63 --min-valid-trades 8 --min-train-entries 80
{
  "rows": 1535,
  "target_hit_bps": 80.0,
  "label_mode": "hit",
  "entry_policy": "vwap_low",
  "entry_vwap_premium_bps": 50.0,
  "groups": {
    "reversal_fundamental_regime": 135,
    "reversal_fundamental_regime_sector": 158,
    "reversal_fundamental_regime_sector_external": 158,
    "all_no_ak": 213
  },
  "models": [
    "xgb_d2_200_lr003_mcw5",
    "xgb_d3_400_lr003_mcw3",
    "xgb_d3_600_lr002_mcw3",
    "xgb_d4_500_lr002_mcw5",
    "extra_trees_600_d3",
    "random_forest_600_d4",
    "lgbm_leaves7_400",
    "lgbm_leaves15_700"
  ],
  "top": [
    {
      "entry_policy": "vwap_low",
      "feature_group": "all_no_ak",
      "model_name": "extra_trees_600_d3",
      "target_hit_bps": 80.0,
      "trades": 156,
      "win_rate": 0.7243589743589743,
      "avg_return": 0.0015953422992935494,
      "median_return": 0.008,
      "compound_return": 0.268850856550116,
      "max_drawdown": -0.12309294127229309,
      "profit_factor": 1.4165741097630522,
      "windows": 10
    },
    {
      "entry_policy": "vwap_low",
      "feature_group": "reversal_fundamental_regime_sector",
      "model_name": "extra_trees_600_d3",
      "target_hit_bps": 80.0,
      "trades": 166,
      "win_rate": 0.6987951807228916,
      "avg_return": 0.0014894415081129985,
      "median_return": 0.008,
      "compound_return": 0.26699399987127514,
      "max_drawdown": -0.08199529493864999,
      "profit_factor": 1.3936448490028792,
      "windows": 10
    },
    {
      "entry_policy": "vwap_low",
      "feature_group": "reversal_fundamental_regime_sector_external",
      "model_name": "extra_trees_600_d3",
      "target_hit_bps": 80.0,
      "trades": 166,
      "win_rate": 0.6987951807228916,
      "avg_return": 0.0014894415081129985,
      "median_return": 0.008,
      "compound_return": 0.26699399987127514,
      "max_drawdown": -0.08199529493864999,
      "profit_factor": 1.3936448490028792,
      "windows": 10
    },
    {
      "entry_policy": "vwap_low",
      "feature_group": "reversal_fundamental_regime",
      "model_name": "extra_trees_600_d3",
      "target_hit_bps": 80.0,
      "trades": 185,
      "win_rate": 0.6918918918918919,
      "avg_return": 0.0010821760397680877,
      "median_return": 0.008,
      "compound_return": 0.20381300492090504,
      "max_drawdown": -0.18686553241367365,
      "profit_factor": 1.2593920446422744,
      "windows": 10
    },
    {
      "entry_policy": "vwap_low",
      "feature_group": "reversal_fundamental_regime",
      "model_name": "random_forest_600_d4",
      "target_hit_bps": 80.0,
      "trades": 149,
      "win_rate": 0.697986577181208,
      "avg_return": 0.0005252447373936195,
      "median_return": 0.008,
      "compound_return": 0.06616825814026694,
      "max_drawdown": -0.1935819935866463,
      "profit_factor": 1.1088994737285036,
      "windows": 10
    },
    {
      "entry_policy": "vwap_low",
      "feature_group": "all_no_ak",
      "model_name": "xgb_d4_500_lr002_mcw5",
      "target_hit_bps": 80.0,
      "trades": 183,
      "win_rate": 0.6502732240437158,
      "avg_return": 0.00039590119491797395,
      "median_return": 0.008,
      "compound_return": 0.0617685453259893,
      "max_drawdown": -0.1432086110766635,
      "profit_factor": 1.0875642259123723,
      "windows": 10
    },
    {
      "entry_policy": "vwap_low",
      "feature_group": "all_no_ak",
      "model_name": "random_forest_600_d4",
      "target_hit_bps": 80.0,
      "trades": 132,
      "win_rate": 0.6893939393939394,
      "avg_return": 0.000524129769317817,
      "median_return": 0.008,
      "compound_return": 0.06022225937978809,
      "max_drawdown": -0.1541507767382504,
      "profit_factor": 1.1088784395697315,
      "windows": 10
    },
    {
      "entry_policy": "vwap_low",
      "feature_group": "all_no_ak",
      "model_name": "xgb_d2_200_lr003_mcw5",
      "target_hit_bps": 80.0,
      "trades": 158,
      "win_rate": 0.6708860759493671,
      "avg_return": 0.0003919760850551576,
      "median_return": 0.008,
      "compound_return": 0.05082765757361041,
      "max_drawdown": -0.14720529806916505,
      "profit_factor": 1.082679367498372,
      "windows": 10
    },
    {
      "entry_policy": "vwap_low",
      "feature_group": "reversal_fundamental_regime_sector",
      "model_name": "random_forest_600_d4",
      "target_hit_bps": 80.0,
      "trades": 118,
      "win_rate": 0.652542372881356,
      "avg_return": 0.0004187600970940474,
      "median_return": 0.008,
      "compound_return": 0.04146929632422336,
      "max_drawdown": -0.1159040100981722,
      "profit_factor": 1.090312322050871,
      "windows": 10
    },
    {
      "entry_policy": "vwap_low",
      "feature_group": "reversal_fundamental_regime_sector_external",
      "model_name": "random_forest_600_d4",
      "target_hit_bps": 80.0,
      "trades": 118,
      "win_rate": 0.652542372881356,
      "avg_return": 0.0004187600970940474,
      "median_return": 0.008,
      "compound_return": 0.04146929632422336,
      "max_drawdown": -0.1159040100981722,
      "profit_factor": 1.090312322050871,
      "windows": 10
    },
    {
      "entry_policy": "vwap_low",
      "feature_group": "reversal_fundamental_regime_sector",
      "model_name": "xgb_d2_200_lr003_mcw5",
      "target_hit_bps": 80.0,
      "trades": 187,
      "win_rate": 0.6363636363636364,
      "avg_return": 0.00026592453582906586,
      "median_return": 0.008,
      "compound_return": 0.03755617916300835,
      "max_drawdown": -0.18447461049637826,
      "profit_factor": 1.0584976705913802,
      "windows": 10
    },
    {
      "entry_policy": "vwap_low",
      "feature_group": "reversal_fundamental_regime_sector_external",
      "model_name": "xgb_d2_200_lr003_mcw5",
      "target_hit_bps": 80.0,
      "trades": 187,
      "win_rate": 0.6363636363636364,
      "avg_return": 0.00026592453582906586,
      "median_return": 0.008,
      "compound_return": 0.03755617916300835,
      "max_drawdown": -0.18447461049637826,
      "profit_factor": 1.0584976705913802,
      "windows": 10
    },
    {
      "entry_policy": "vwap_low",
      "feature_group": "all_no_ak",
      "model_name": "xgb_d3_400_lr003_mcw3",
      "target_hit_bps": 80.0,
      "trades": 183,
      "win_rate": 0.644808743169399,
      "avg_return": 0.00014934220112648123,
      "median_return": 0.008,
      "compound_return": 0.01423101250060732,
      "max_drawdown": -0.1856046319233583,
      "profit_factor": 1.0316012799726506,
      "windows": 10
    },
    {
      "entry_policy": "vwap_low",
      "feature_group": "all_no_ak",
      "model_name": "lgbm_leaves15_700",
      "target_hit_bps": 80.0,
      "trades": 190,
      "win_rate": 0.6210526315789474,
      "avg_return": -0.00014631337554870356,
      "median_return": 0.008,
      "compound_return": -0.040115815218816686,
      "max_drawdown": -0.1699565920718472,
      "profit_factor": 0.9696925319876236,
      "windows": 10
    },
    {
      "entry_policy": "vwap_low",
      "feature_group": "all_no_ak",
      "model_name": "lgbm_leaves7_400",
      "target_hit_bps": 80.0,
      "trades": 213,
      "win_rate": 0.6197183098591549,
      "avg_return": -0.00017711141835373846,
      "median_return": 0.008,
      "compound_return": -0.05137697797681651,
      "max_drawdown": -0.1717188070324921,
      "profit_factor": 0.9636890417397278,
      "windows": 10
    },
    {
      "entry_policy": "vwap_low",
      "feature_group": "all_no_ak",
      "model_name": "xgb_d3_600_lr002_mcw3",
      "target_hit_bps": 80.0,
      "trades": 153,
      "win_rate": 0.6274509803921569,
      "avg_return": -0.000500310307819713,
      "median_return": 0.008,
      "compound_return": -0.08533755165477508,
      "max_drawdown": -0.21319445668935022,
      "profit_factor": 0.9043963666352113,
      "windows": 10
    },
    {
      "entry_policy": "vwap_low",
      "feature_group": "reversal_fundamental_regime_sector",
      "model_name": "lgbm_leaves15_700",
      "target_hit_bps": 80.0,
      "trades": 185,
      "win_rate": 0.6108108108108108,
      "avg_return": -0.0004276821063721989,
      "median_return": 0.008,
      "compound_return": -0.08870106494161245,
      "max_drawdown": -0.2021869439948042,
      "profit_factor": 0.9147158159002825,
      "windows": 10
    },
    {
      "entry_policy": "vwap_low",
      "feature_group": "reversal_fundamental_regime_sector_external",
      "model_name": "lgbm_leaves15_700",
      "target_hit_bps": 80.0,
      "trades": 185,
      "win_rate": 0.6108108108108108,
      "avg_return": -0.0004276821063721989,
      "median_return": 0.008,
      "compound_return": -0.08870106494161245,
      "max_drawdown": -0.2021869439948042,
      "profit_factor": 0.9147158159002825,
      "windows": 10
    },
    {
      "entry_policy": "vwap_low",
      "feature_group": "reversal_fundamental_regime",
      "model_name": "xgb_d2_200_lr003_mcw5",
      "target_hit_bps": 80.0,
      "trades": 183,
      "win_rate": 0.6338797814207651,
      "avg_return": -0.0005600815713012652,
      "median_return": 0.008,
      "compound_return": -0.11182558968524825,
      "max_drawdown": -0.1897208413290551,
      "profit_factor": 0.8976181608371226,
      "windows": 10
    },
    {
      "entry_policy": "vwap_low",
      "feature_group": "reversal_fundamental_regime_sector",
      "model_name": "xgb_d3_600_lr002_mcw3",
      "target_hit_bps": 80.0,
      "trades": 185,
      "win_rate": 0.5891891891891892,
      "avg_return": -0.000603487802775385,
      "median_return": 0.008,
      "compound_return": -0.11702163271973076,
      "max_drawdown": -0.2547414001594054,
      "profit_factor": 0.8801735593379881,
      "windows": 10
    }
  ]
}

[2026-05-12T04:11:43] RUN search_vwap_low_close_profit_50bps
  /usr/bin/python3 model_training/search_walk_forward_model_complexity.py --samples /root/workspace/stock_realtime_v021_full/saved_data/600276_pipeline_out_v2_all14/03_sector/training_samples_with_sector.csv --intraday-bars /root/workspace/stock_realtime_v021_full/saved_data/600276_pipeline_out_v2_all14/00_base/600276_5m.csv --out-dir /root/workspace/stock_realtime_v021_full/saved_data/600276_pipeline_out_v2_all14/10_search/search_vwap_low_close_profit_50bps --round-trip-cost-bps 1.7 --target-hit-bps 50.0 --label-mode close_profit --entry-policy vwap_low --entry-vwap-premium-bps 50.0 --max-missing 0.35 --groups reversal_fundamental_regime,reversal_fundamental_regime_sector,reversal_fundamental_regime_sector_external,all_no_ak --models xgb_d2_200_lr003_mcw5,xgb_d3_400_lr003_mcw3,xgb_d3_600_lr002_mcw3,xgb_d4_500_lr002_mcw5,lgbm_leaves7_400,lgbm_leaves15_700,extra_trees_600_d3,random_forest_600_d4 --quantiles 0.5,0.6,0.7,0.8 --train-rows 756 --valid-rows 126 --test-rows 63 --min-valid-trades 8 --min-train-entries 80
{
  "rows": 1535,
  "target_hit_bps": 50.0,
  "label_mode": "close_profit",
  "entry_policy": "vwap_low",
  "entry_vwap_premium_bps": 50.0,
  "groups": {
    "reversal_fundamental_regime": 135,
    "reversal_fundamental_regime_sector": 158,
    "reversal_fundamental_regime_sector_external": 158,
    "all_no_ak": 213
  },
  "models": [
    "xgb_d2_200_lr003_mcw5",
    "xgb_d3_400_lr003_mcw3",
    "xgb_d3_600_lr002_mcw3",
    "xgb_d4_500_lr002_mcw5",
    "extra_trees_600_d3",
    "random_forest_600_d4",
    "lgbm_leaves7_400",
    "lgbm_leaves15_700"
  ],
  "top": [
    {
      "entry_policy": "vwap_low",
      "feature_group": "all_no_ak",
      "model_name": "xgb_d4_500_lr002_mcw5",
      "target_hit_bps": 50.0,
      "trades": 191,
      "win_rate": 0.4607329842931937,
      "avg_return": 0.0016089015737397706,
      "median_return": -0.001557925052047212,
      "compound_return": 0.30610203703950756,
      "max_drawdown": -0.18568651395619384,
      "profit_factor": 1.2329222468017869,
      "windows": 10
    },
    {
      "entry_policy": "vwap_low",
      "feature_group": "reversal_fundamental_regime",
      "model_name": "xgb_d3_600_lr002_mcw3",
      "target_hit_bps": 50.0,
      "trades": 253,
      "win_rate": 0.48616600790513836,
      "avg_return": 0.0010217184877903969,
      "median_return": -0.0003982583884958278,
      "compound_return": 0.24272311087878573,
      "max_drawdown": -0.19768352430132363,
      "profit_factor": 1.161638835300227,
      "windows": 10
    },
    {
      "entry_policy": "vwap_low",
      "feature_group": "reversal_fundamental_regime_sector",
      "model_name": "extra_trees_600_d3",
      "target_hit_bps": 50.0,
      "trades": 86,
      "win_rate": 0.5232558139534884,
      "avg_return": 0.0025558539485585493,
      "median_return": 0.0012818420716179703,
      "compound_return": 0.22088875521822748,
      "max_drawdown": -0.1310269786158741,
      "profit_factor": 1.3716745871888014,
      "windows": 10
    },
    {
      "entry_policy": "vwap_low",
      "feature_group": "reversal_fundamental_regime_sector_external",
      "model_name": "extra_trees_600_d3",
      "target_hit_bps": 50.0,
      "trades": 86,
      "win_rate": 0.5232558139534884,
      "avg_return": 0.0025558539485585493,
      "median_return": 0.0012818420716179703,
      "compound_return": 0.22088875521822748,
      "max_drawdown": -0.1310269786158741,
      "profit_factor": 1.3716745871888014,
      "windows": 10
    },
    {
      "entry_policy": "vwap_low",
      "feature_group": "reversal_fundamental_regime",
      "model_name": "lgbm_leaves15_700",
      "target_hit_bps": 50.0,
      "trades": 209,
      "win_rate": 0.48325358851674644,
      "avg_return": 0.0007832183416979962,
      "median_return": -0.0003982583884958278,
      "compound_return": 0.14101733332737987,
      "max_drawdown": -0.163037810117163,
      "profit_factor": 1.1244586549425206,
      "windows": 10
    },
    {
      "entry_policy": "vwap_low",
      "feature_group": "reversal_fundamental_regime_sector",
      "model_name": "random_forest_600_d4",
      "target_hit_bps": 50.0,
      "trades": 167,
      "win_rate": 0.46107784431137727,
      "avg_return": 0.0008645808125233509,
      "median_return": -0.0006245454545454852,
      "compound_return": 0.12245277047095926,
      "max_drawdown": -0.16307564041954992,
      "profit_factor": 1.1317160010437648,
      "windows": 10
    },
    {
      "entry_policy": "vwap_low",
      "feature_group": "reversal_fundamental_regime_sector_external",
      "model_name": "random_forest_600_d4",
      "target_hit_bps": 50.0,
      "trades": 167,
      "win_rate": 0.46107784431137727,
      "avg_return": 0.0008645808125233509,
      "median_return": -0.0006245454545454852,
      "compound_return": 0.12245277047095926,
      "max_drawdown": -0.16307564041954992,
      "profit_factor": 1.1317160010437648,
      "windows": 10
    },
    {
      "entry_policy": "vwap_low",
      "feature_group": "reversal_fundamental_regime_sector",
      "model_name": "xgb_d4_500_lr002_mcw5",
      "target_hit_bps": 50.0,
      "trades": 182,
      "win_rate": 0.45604395604395603,
      "avg_return": 0.0007746212164340649,
      "median_return": -0.001289666172281042,
      "compound_return": 0.11384345304560717,
      "max_drawdown": -0.2047370902082073,
      "profit_factor": 1.1144827169434726,
      "windows": 10
    },
    {
      "entry_policy": "vwap_low",
      "feature_group": "reversal_fundamental_regime_sector_external",
      "model_name": "xgb_d4_500_lr002_mcw5",
      "target_hit_bps": 50.0,
      "trades": 182,
      "win_rate": 0.45604395604395603,
      "avg_return": 0.0007746212164340649,
      "median_return": -0.001289666172281042,
      "compound_return": 0.11384345304560717,
      "max_drawdown": -0.2047370902082073,
      "profit_factor": 1.1144827169434726,
      "windows": 10
    },
    {
      "entry_policy": "vwap_low",
      "feature_group": "reversal_fundamental_regime_sector",
      "model_name": "xgb_d3_400_lr003_mcw3",
      "target_hit_bps": 50.0,
      "trades": 205,
      "win_rate": 0.45365853658536587,
      "avg_return": 0.0006299774814971695,
      "median_return": -0.0014766202090592505,
      "compound_return": 0.09537540372370512,
      "max_drawdown": -0.24946476942608609,
      "profit_factor": 1.0912755453663587,
      "windows": 10
    },
    {
      "entry_policy": "vwap_low",
      "feature_group": "reversal_fundamental_regime_sector_external",
      "model_name": "xgb_d3_400_lr003_mcw3",
      "target_hit_bps": 50.0,
      "trades": 205,
      "win_rate": 0.45365853658536587,
      "avg_return": 0.0006299774814971695,
      "median_return": -0.0014766202090592505,
      "compound_return": 0.09537540372370512,
      "max_drawdown": -0.24946476942608609,
      "profit_factor": 1.0912755453663587,
      "windows": 10
    },
    {
      "entry_policy": "vwap_low",
      "feature_group": "all_no_ak",
      "model_name": "lgbm_leaves15_700",
      "target_hit_bps": 50.0,
      "trades": 197,
      "win_rate": 0.45685279187817257,
      "avg_return": 0.0005141708482589919,
      "median_return": -0.0015686013986013735,
      "compound_return": 0.06316099353455185,
      "max_drawdown": -0.19777833496642883,
      "profit_factor": 1.0692708958254045,
      "windows": 10
    },
    {
      "entry_policy": "vwap_low",
      "feature_group": "reversal_fundamental_regime",
      "model_name": "extra_trees_600_d3",
      "target_hit_bps": 50.0,
      "trades": 96,
      "win_rate": 0.4791666666666667,
      "avg_return": 0.0007645100230845612,
      "median_return": -0.00044934806401080926,
      "compound_return": 0.05783369921613479,
      "max_drawdown": -0.154586556764851,
      "profit_factor": 1.1150844005845224,
      "windows": 10
    },
    {
      "entry_policy": "vwap_low",
      "feature_group": "all_no_ak",
      "model_name": "xgb_d2_200_lr003_mcw5",
      "target_hit_bps": 50.0,
      "trades": 236,
      "win_rate": 0.4576271186440678,
      "avg_return": 0.00041595290607656196,
      "median_return": -0.0015085693158818324,
      "compound_return": 0.057658451023439916,
      "max_drawdown": -0.21855902432924823,
      "profit_factor": 1.0608215834803572,
      "windows": 10
    },
    {
      "entry_policy": "vwap_low",
      "feature_group": "all_no_ak",
      "model_name": "xgb_d3_600_lr002_mcw3",
      "target_hit_bps": 50.0,
      "trades": 207,
      "win_rate": 0.45893719806763283,
      "avg_return": 0.00034466084458150656,
      "median_return": -0.0015686013986013735,
      "compound_return": 0.03346028250132793,
      "max_drawdown": -0.22768557663669065,
      "profit_factor": 1.0475433825085072,
      "windows": 10
    },
    {
      "entry_policy": "vwap_low",
      "feature_group": "reversal_fundamental_regime_sector",
      "model_name": "lgbm_leaves7_400",
      "target_hit_bps": 50.0,
      "trades": 220,
      "win_rate": 0.4318181818181818,
      "avg_return": 0.0003125041401296419,
      "median_return": -0.0024074552330171604,
      "compound_return": 0.03303594539999244,
      "max_drawdown": -0.31523759652740535,
      "profit_factor": 1.0469049536789772,
      "windows": 10
    },
    {
      "entry_policy": "vwap_low",
      "feature_group": "reversal_fundamental_regime_sector_external",
      "model_name": "lgbm_leaves7_400",
      "target_hit_bps": 50.0,
      "trades": 220,
      "win_rate": 0.4318181818181818,
      "avg_return": 0.0003125041401296419,
      "median_return": -0.0024074552330171604,
      "compound_return": 0.03303594539999244,
      "max_drawdown": -0.31523759652740535,
      "profit_factor": 1.0469049536789772,
      "windows": 10
    },
    {
      "entry_policy": "vwap_low",
      "feature_group": "reversal_fundamental_regime",
      "model_name": "xgb_d3_400_lr003_mcw3",
      "target_hit_bps": 50.0,
      "trades": 251,
      "win_rate": 0.4701195219123506,
      "avg_return": 0.0002646736205550958,
      "median_return": -0.0014592135797164528,
      "compound_return": 0.026725470256821815,
      "max_drawdown": -0.28305471787561076,
      "profit_factor": 1.0396513843616542,
      "windows": 10
    },
    {
      "entry_policy": "vwap_low",
      "feature_group": "all_no_ak",
      "model_name": "extra_trees_600_d3",
      "target_hit_bps": 50.0,
      "trades": 151,
      "win_rate": 0.4503311258278146,
      "avg_return": 0.00020443653883393147,
      "median_return": -0.0020087986515476795,
      "compound_return": 0.0013663754670267814,
      "max_drawdown": -0.18583606095196858,
      "profit_factor": 1.027256903451822,
      "windows": 10
    },
    {
      "entry_policy": "vwap_low",
      "feature_group": "reversal_fundamental_regime_sector",
      "model_name": "xgb_d3_600_lr002_mcw3",
      "target_hit_bps": 50.0,
      "trades": 178,
      "win_rate": 0.42696629213483145,
      "avg_return": 0.00012158248364083817,
      "median_return": -0.0028580215294584065,
      "compound_return": -0.010806894787534271,
      "max_drawdown": -0.27022496518793937,
      "profit_factor": 1.017157199679753,
      "windows": 10
    }
  ]
}

[2026-05-12T04:17:48] RUN search_all_days_hit_50bps
  /usr/bin/python3 model_training/search_walk_forward_model_complexity.py --samples /root/workspace/stock_realtime_v021_full/saved_data/600276_pipeline_out_v2_all14/03_sector/training_samples_with_sector.csv --intraday-bars /root/workspace/stock_realtime_v021_full/saved_data/600276_pipeline_out_v2_all14/00_base/600276_5m.csv --out-dir /root/workspace/stock_realtime_v021_full/saved_data/600276_pipeline_out_v2_all14/10_search/search_all_days_hit_50bps --round-trip-cost-bps 1.7 --target-hit-bps 50.0 --label-mode hit --entry-policy all_days --entry-vwap-premium-bps 50.0 --max-missing 0.35 --groups reversal_fundamental_regime,reversal_fundamental_regime_sector,reversal_fundamental_regime_sector_external,all_no_ak --models xgb_d2_200_lr003_mcw5,xgb_d3_400_lr003_mcw3,xgb_d3_600_lr002_mcw3,xgb_d4_500_lr002_mcw5,lgbm_leaves7_400,lgbm_leaves15_700,extra_trees_600_d3,random_forest_600_d4 --quantiles 0.5,0.6,0.7,0.8 --train-rows 756 --valid-rows 126 --test-rows 63 --min-valid-trades 8 --min-train-entries 80
{
  "rows": 1535,
  "target_hit_bps": 50.0,
  "label_mode": "hit",
  "entry_policy": "all_days",
  "entry_vwap_premium_bps": 50.0,
  "groups": {
    "reversal_fundamental_regime": 135,
    "reversal_fundamental_regime_sector": 158,
    "reversal_fundamental_regime_sector_external": 158,
    "all_no_ak": 213
  },
  "models": [
    "xgb_d2_200_lr003_mcw5",
    "xgb_d3_400_lr003_mcw3",
    "xgb_d3_600_lr002_mcw3",
    "xgb_d4_500_lr002_mcw5",
    "extra_trees_600_d3",
    "random_forest_600_d4",
    "lgbm_leaves7_400",
    "lgbm_leaves15_700"
  ],
  "top": [
    {
      "entry_policy": "all_days",
      "feature_group": "reversal_fundamental_regime_sector",
      "model_name": "extra_trees_600_d3",
      "target_hit_bps": 50.0,
      "trades": 165,
      "win_rate": 0.7696969696969697,
      "avg_return": 0.0006452560281388575,
      "median_return": 0.005,
      "compound_return": 0.10427036972755532,
      "max_drawdown": -0.11232846184817624,
      "profit_factor": 1.2030525547039523,
      "windows": 10
    },
    {
      "entry_policy": "all_days",
      "feature_group": "reversal_fundamental_regime_sector_external",
      "model_name": "extra_trees_600_d3",
      "target_hit_bps": 50.0,
      "trades": 165,
      "win_rate": 0.7696969696969697,
      "avg_return": 0.0006452560281388575,
      "median_return": 0.005,
      "compound_return": 0.10427036972755532,
      "max_drawdown": -0.11232846184817624,
      "profit_factor": 1.2030525547039523,
      "windows": 10
    },
    {
      "entry_policy": "all_days",
      "feature_group": "all_no_ak",
      "model_name": "extra_trees_600_d3",
      "target_hit_bps": 50.0,
      "trades": 148,
      "win_rate": 0.7837837837837838,
      "avg_return": 0.0006460387239789265,
      "median_return": 0.005,
      "compound_return": 0.09245017308741943,
      "max_drawdown": -0.09222865786295198,
      "profit_factor": 1.1991177192998648,
      "windows": 10
    },
    {
      "entry_policy": "all_days",
      "feature_group": "reversal_fundamental_regime",
      "model_name": "random_forest_600_d4",
      "target_hit_bps": 50.0,
      "trades": 165,
      "win_rate": 0.7757575757575758,
      "avg_return": 0.0005819128397083308,
      "median_return": 0.005,
      "compound_return": 0.09134690386700806,
      "max_drawdown": -0.11045781200680771,
      "profit_factor": 1.1778775006311857,
      "windows": 10
    },
    {
      "entry_policy": "all_days",
      "feature_group": "reversal_fundamental_regime",
      "model_name": "extra_trees_600_d3",
      "target_hit_bps": 50.0,
      "trades": 210,
      "win_rate": 0.7666666666666667,
      "avg_return": 0.000309940867815257,
      "median_return": 0.005,
      "compound_return": 0.053989442151646916,
      "max_drawdown": -0.15681467808695526,
      "profit_factor": 1.0884687005984506,
      "windows": 10
    },
    {
      "entry_policy": "all_days",
      "feature_group": "all_no_ak",
      "model_name": "random_forest_600_d4",
      "target_hit_bps": 50.0,
      "trades": 127,
      "win_rate": 0.7559055118110236,
      "avg_return": -0.00023447321534682185,
      "median_return": 0.005,
      "compound_return": -0.03736971768641928,
      "max_drawdown": -0.17175847657961407,
      "profit_factor": 0.9408278762777016,
      "windows": 10
    },
    {
      "entry_policy": "all_days",
      "feature_group": "reversal_fundamental_regime",
      "model_name": "xgb_d3_400_lr003_mcw3",
      "target_hit_bps": 50.0,
      "trades": 240,
      "win_rate": 0.7333333333333333,
      "avg_return": -0.00018601904880285956,
      "median_return": 0.005,
      "compound_return": -0.055958712128467925,
      "max_drawdown": -0.18416736574468007,
      "profit_factor": 0.9510829551816072,
      "windows": 10
    },
    {
      "entry_policy": "all_days",
      "feature_group": "reversal_fundamental_regime",
      "model_name": "xgb_d2_200_lr003_mcw5",
      "target_hit_bps": 50.0,
      "trades": 279,
      "win_rate": 0.7419354838709677,
      "avg_return": -0.0001967019267615908,
      "median_return": 0.005,
      "compound_return": -0.06795422191287426,
      "max_drawdown": -0.2250737181508018,
      "profit_factor": 0.948886927867398,
      "windows": 10
    },
    {
      "entry_policy": "all_days",
      "feature_group": "reversal_fundamental_regime",
      "model_name": "xgb_d4_500_lr002_mcw5",
      "target_hit_bps": 50.0,
      "trades": 215,
      "win_rate": 0.7302325581395349,
      "avg_return": -0.0003356957470941384,
      "median_return": 0.005,
      "compound_return": -0.0806733030680935,
      "max_drawdown": -0.17976971527554064,
      "profit_factor": 0.9150399633925003,
      "windows": 10
    },
    {
      "entry_policy": "all_days",
      "feature_group": "reversal_fundamental_regime",
      "model_name": "xgb_d3_600_lr002_mcw3",
      "target_hit_bps": 50.0,
      "trades": 217,
      "win_rate": 0.7327188940092166,
      "avg_return": -0.0004025514292728939,
      "median_return": 0.005,
      "compound_return": -0.09578111051046334,
      "max_drawdown": -0.2126205247676155,
      "profit_factor": 0.9009992658304965,
      "windows": 10
    },
    {
      "entry_policy": "all_days",
      "feature_group": "reversal_fundamental_regime_sector",
      "model_name": "random_forest_600_d4",
      "target_hit_bps": 50.0,
      "trades": 121,
      "win_rate": 0.7024793388429752,
      "avg_return": -0.0008074832503270183,
      "median_return": 0.005,
      "compound_return": -0.09974438992135215,
      "max_drawdown": -0.1456833346689208,
      "profit_factor": 0.812328323235705,
      "windows": 10
    },
    {
      "entry_policy": "all_days",
      "feature_group": "reversal_fundamental_regime_sector_external",
      "model_name": "random_forest_600_d4",
      "target_hit_bps": 50.0,
      "trades": 121,
      "win_rate": 0.7024793388429752,
      "avg_return": -0.0008074832503270183,
      "median_return": 0.005,
      "compound_return": -0.09974438992135215,
      "max_drawdown": -0.1456833346689208,
      "profit_factor": 0.812328323235705,
      "windows": 10
    },
    {
      "entry_policy": "all_days",
      "feature_group": "reversal_fundamental_regime",
      "model_name": "lgbm_leaves7_400",
      "target_hit_bps": 50.0,
      "trades": 229,
      "win_rate": 0.7248908296943232,
      "avg_return": -0.00048671545618575104,
      "median_return": 0.005,
      "compound_return": -0.1173540433508885,
      "max_drawdown": -0.14185186069276579,
      "profit_factor": 0.8805016298878768,
      "windows": 10
    },
    {
      "entry_policy": "all_days",
      "feature_group": "reversal_fundamental_regime_sector",
      "model_name": "xgb_d4_500_lr002_mcw5",
      "target_hit_bps": 50.0,
      "trades": 197,
      "win_rate": 0.7258883248730964,
      "avg_return": -0.0007171334777402555,
      "median_return": 0.005,
      "compound_return": -0.14312988506870727,
      "max_drawdown": -0.2500323014613218,
      "profit_factor": 0.8344496119256721,
      "windows": 10
    },
    {
      "entry_policy": "all_days",
      "feature_group": "reversal_fundamental_regime_sector_external",
      "model_name": "xgb_d4_500_lr002_mcw5",
      "target_hit_bps": 50.0,
      "trades": 197,
      "win_rate": 0.7258883248730964,
      "avg_return": -0.0007171334777402555,
      "median_return": 0.005,
      "compound_return": -0.14312988506870727,
      "max_drawdown": -0.2500323014613218,
      "profit_factor": 0.8344496119256721,
      "windows": 10
    },
    {
      "entry_policy": "all_days",
      "feature_group": "all_no_ak",
      "model_name": "xgb_d4_500_lr002_mcw5",
      "target_hit_bps": 50.0,
      "trades": 170,
      "win_rate": 0.711764705882353,
      "avg_return": -0.0010636945025157831,
      "median_return": 0.005,
      "compound_return": -0.17532966628347713,
      "max_drawdown": -0.30129774688621813,
      "profit_factor": 0.7690338236064378,
      "windows": 10
    },
    {
      "entry_policy": "all_days",
      "feature_group": "reversal_fundamental_regime_sector",
      "model_name": "lgbm_leaves15_700",
      "target_hit_bps": 50.0,
      "trades": 170,
      "win_rate": 0.7235294117647059,
      "avg_return": -0.0011932631053796683,
      "median_return": 0.005,
      "compound_return": -0.19327227948412584,
      "max_drawdown": -0.24800366980080368,
      "profit_factor": 0.7519672858873054,
      "windows": 10
    },
    {
      "entry_policy": "all_days",
      "feature_group": "reversal_fundamental_regime_sector_external",
      "model_name": "lgbm_leaves15_700",
      "target_hit_bps": 50.0,
      "trades": 170,
      "win_rate": 0.7235294117647059,
      "avg_return": -0.0011932631053796683,
      "median_return": 0.005,
      "compound_return": -0.19327227948412584,
      "max_drawdown": -0.24800366980080368,
      "profit_factor": 0.7519672858873054,
      "windows": 10
    },
    {
      "entry_policy": "all_days",
      "feature_group": "reversal_fundamental_regime",
      "model_name": "lgbm_leaves15_700",
      "target_hit_bps": 50.0,
      "trades": 169,
      "win_rate": 0.6923076923076923,
      "avg_return": -0.0012942032444935095,
      "median_return": 0.005,
      "compound_return": -0.20552325182700426,
      "max_drawdown": -0.2514140625266257,
      "profit_factor": 0.7268769204340855,
      "windows": 10
    },
    {
      "entry_policy": "all_days",
      "feature_group": "all_no_ak",
      "model_name": "xgb_d3_600_lr002_mcw3",
      "target_hit_bps": 50.0,
      "trades": 212,
      "win_rate": 0.7264150943396226,
      "avg_return": -0.001048614937605703,
      "median_return": 0.005,
      "compound_return": -0.21139802421822984,
      "max_drawdown": -0.3352723087521021,
      "profit_factor": 0.7753115801919395,
      "windows": 10
    }
  ]
}

[2026-05-12T04:23:46] RUN search_all_days_hit_80bps
  /usr/bin/python3 model_training/search_walk_forward_model_complexity.py --samples /root/workspace/stock_realtime_v021_full/saved_data/600276_pipeline_out_v2_all14/03_sector/training_samples_with_sector.csv --intraday-bars /root/workspace/stock_realtime_v021_full/saved_data/600276_pipeline_out_v2_all14/00_base/600276_5m.csv --out-dir /root/workspace/stock_realtime_v021_full/saved_data/600276_pipeline_out_v2_all14/10_search/search_all_days_hit_80bps --round-trip-cost-bps 1.7 --target-hit-bps 80.0 --label-mode hit --entry-policy all_days --entry-vwap-premium-bps 50.0 --max-missing 0.35 --groups reversal_fundamental_regime,reversal_fundamental_regime_sector,reversal_fundamental_regime_sector_external,all_no_ak --models xgb_d2_200_lr003_mcw5,xgb_d3_400_lr003_mcw3,xgb_d3_600_lr002_mcw3,xgb_d4_500_lr002_mcw5,lgbm_leaves7_400,lgbm_leaves15_700,extra_trees_600_d3,random_forest_600_d4 --quantiles 0.5,0.6,0.7,0.8 --train-rows 756 --valid-rows 126 --test-rows 63 --min-valid-trades 8 --min-train-entries 80
{
  "rows": 1535,
  "target_hit_bps": 80.0,
  "label_mode": "hit",
  "entry_policy": "all_days",
  "entry_vwap_premium_bps": 50.0,
  "groups": {
    "reversal_fundamental_regime": 135,
    "reversal_fundamental_regime_sector": 158,
    "reversal_fundamental_regime_sector_external": 158,
    "all_no_ak": 213
  },
  "models": [
    "xgb_d2_200_lr003_mcw5",
    "xgb_d3_400_lr003_mcw3",
    "xgb_d3_600_lr002_mcw3",
    "xgb_d4_500_lr002_mcw5",
    "extra_trees_600_d3",
    "random_forest_600_d4",
    "lgbm_leaves7_400",
    "lgbm_leaves15_700"
  ],
  "top": [
    {
      "entry_policy": "all_days",
      "feature_group": "reversal_fundamental_regime_sector",
      "model_name": "extra_trees_600_d3",
      "target_hit_bps": 80.0,
      "trades": 164,
      "win_rate": 0.7134146341463414,
      "avg_return": 0.0018160878045551986,
      "median_return": 0.008,
      "compound_return": 0.33303259675590446,
      "max_drawdown": -0.0745189864347987,
      "profit_factor": 1.5071650737641573,
      "windows": 10
    },
    {
      "entry_policy": "all_days",
      "feature_group": "reversal_fundamental_regime_sector_external",
      "model_name": "extra_trees_600_d3",
      "target_hit_bps": 80.0,
      "trades": 164,
      "win_rate": 0.7134146341463414,
      "avg_return": 0.0018160878045551986,
      "median_return": 0.008,
      "compound_return": 0.33303259675590446,
      "max_drawdown": -0.0745189864347987,
      "profit_factor": 1.5071650737641573,
      "windows": 10
    },
    {
      "entry_policy": "all_days",
      "feature_group": "all_no_ak",
      "model_name": "extra_trees_600_d3",
      "target_hit_bps": 80.0,
      "trades": 161,
      "win_rate": 0.7329192546583851,
      "avg_return": 0.0017742694914392749,
      "median_return": 0.008,
      "compound_return": 0.31564101362491104,
      "max_drawdown": -0.12963035491332098,
      "profit_factor": 1.4611863006143253,
      "windows": 10
    },
    {
      "entry_policy": "all_days",
      "feature_group": "reversal_fundamental_regime",
      "model_name": "extra_trees_600_d3",
      "target_hit_bps": 80.0,
      "trades": 186,
      "win_rate": 0.7204301075268817,
      "avg_return": 0.0012709132921504402,
      "median_return": 0.008,
      "compound_return": 0.24724624555246422,
      "max_drawdown": -0.16563951284801792,
      "profit_factor": 1.3029489715562992,
      "windows": 10
    },
    {
      "entry_policy": "all_days",
      "feature_group": "reversal_fundamental_regime",
      "model_name": "random_forest_600_d4",
      "target_hit_bps": 80.0,
      "trades": 192,
      "win_rate": 0.703125,
      "avg_return": 0.0012151208273739349,
      "median_return": 0.008,
      "compound_return": 0.24625066982754062,
      "max_drawdown": -0.10274417213750542,
      "profit_factor": 1.290678479112302,
      "windows": 10
    },
    {
      "entry_policy": "all_days",
      "feature_group": "all_no_ak",
      "model_name": "xgb_d2_200_lr003_mcw5",
      "target_hit_bps": 80.0,
      "trades": 182,
      "win_rate": 0.6923076923076923,
      "avg_return": 0.0009913448969433856,
      "median_return": 0.008,
      "compound_return": 0.18162122975391637,
      "max_drawdown": -0.087021349676911,
      "profit_factor": 1.2331735994032162,
      "windows": 10
    },
    {
      "entry_policy": "all_days",
      "feature_group": "all_no_ak",
      "model_name": "random_forest_600_d4",
      "target_hit_bps": 80.0,
      "trades": 159,
      "win_rate": 0.6918238993710691,
      "avg_return": 0.0006094338759857691,
      "median_return": 0.008,
      "compound_return": 0.08696538243831275,
      "max_drawdown": -0.10578965963140607,
      "profit_factor": 1.1268598602870288,
      "windows": 10
    },
    {
      "entry_policy": "all_days",
      "feature_group": "reversal_fundamental_regime_sector",
      "model_name": "random_forest_600_d4",
      "target_hit_bps": 80.0,
      "trades": 112,
      "win_rate": 0.6696428571428571,
      "avg_return": 0.0006724925340913496,
      "median_return": 0.008,
      "compound_return": 0.06906943186847125,
      "max_drawdown": -0.11234738476530082,
      "profit_factor": 1.1480483712792167,
      "windows": 10
    },
    {
      "entry_policy": "all_days",
      "feature_group": "reversal_fundamental_regime_sector_external",
      "model_name": "random_forest_600_d4",
      "target_hit_bps": 80.0,
      "trades": 112,
      "win_rate": 0.6696428571428571,
      "avg_return": 0.0006724925340913496,
      "median_return": 0.008,
      "compound_return": 0.06906943186847125,
      "max_drawdown": -0.11234738476530082,
      "profit_factor": 1.1480483712792167,
      "windows": 10
    },
    {
      "entry_policy": "all_days",
      "feature_group": "all_no_ak",
      "model_name": "lgbm_leaves7_400",
      "target_hit_bps": 80.0,
      "trades": 211,
      "win_rate": 0.6540284360189573,
      "avg_return": 0.00030254555298780923,
      "median_return": 0.008,
      "compound_return": 0.0503931221065681,
      "max_drawdown": -0.1847736152028273,
      "profit_factor": 1.0659124926700279,
      "windows": 10
    },
    {
      "entry_policy": "all_days",
      "feature_group": "all_no_ak",
      "model_name": "xgb_d4_500_lr002_mcw5",
      "target_hit_bps": 80.0,
      "trades": 183,
      "win_rate": 0.639344262295082,
      "avg_return": 0.0002630167924394819,
      "median_return": 0.008,
      "compound_return": 0.03610152151422774,
      "max_drawdown": -0.1625399727731447,
      "profit_factor": 1.0573304841344806,
      "windows": 10
    },
    {
      "entry_policy": "all_days",
      "feature_group": "all_no_ak",
      "model_name": "xgb_d3_600_lr002_mcw3",
      "target_hit_bps": 80.0,
      "trades": 168,
      "win_rate": 0.6309523809523809,
      "avg_return": -5.634161773747172e-05,
      "median_return": 0.008,
      "compound_return": -0.022179551456660174,
      "max_drawdown": -0.2036523699077295,
      "profit_factor": 0.9885397107763644,
      "windows": 10
    },
    {
      "entry_policy": "all_days",
      "feature_group": "reversal_fundamental_regime_sector",
      "model_name": "xgb_d2_200_lr003_mcw5",
      "target_hit_bps": 80.0,
      "trades": 197,
      "win_rate": 0.6294416243654822,
      "avg_return": -9.169389104972046e-05,
      "median_return": 0.008,
      "compound_return": -0.030940923895210526,
      "max_drawdown": -0.18989026699770606,
      "profit_factor": 0.9808122164344779,
      "windows": 10
    },
    {
      "entry_policy": "all_days",
      "feature_group": "reversal_fundamental_regime_sector_external",
      "model_name": "xgb_d2_200_lr003_mcw5",
      "target_hit_bps": 80.0,
      "trades": 197,
      "win_rate": 0.6294416243654822,
      "avg_return": -9.169389104972046e-05,
      "median_return": 0.008,
      "compound_return": -0.030940923895210526,
      "max_drawdown": -0.18989026699770606,
      "profit_factor": 0.9808122164344779,
      "windows": 10
    },
    {
      "entry_policy": "all_days",
      "feature_group": "reversal_fundamental_regime",
      "model_name": "xgb_d3_600_lr002_mcw3",
      "target_hit_bps": 80.0,
      "trades": 227,
      "win_rate": 0.6299559471365639,
      "avg_return": -0.00011173316688349961,
      "median_return": 0.008,
      "compound_return": -0.04067320125970786,
      "max_drawdown": -0.17300123254447042,
      "profit_factor": 0.9774369505570012,
      "windows": 10
    },
    {
      "entry_policy": "all_days",
      "feature_group": "reversal_fundamental_regime",
      "model_name": "xgb_d2_200_lr003_mcw5",
      "target_hit_bps": 80.0,
      "trades": 199,
      "win_rate": 0.6231155778894473,
      "avg_return": -0.0002397256339321542,
      "median_return": 0.008,
      "compound_return": -0.060796208252409945,
      "max_drawdown": -0.16051166058329436,
      "profit_factor": 0.9525249697014354,
      "windows": 10
    },
    {
      "entry_policy": "all_days",
      "feature_group": "reversal_fundamental_regime_sector",
      "model_name": "lgbm_leaves7_400",
      "target_hit_bps": 80.0,
      "trades": 185,
      "win_rate": 0.5783783783783784,
      "avg_return": -0.0005435403866788825,
      "median_return": 0.008,
      "compound_return": -0.10621014285327113,
      "max_drawdown": -0.22657022666353976,
      "profit_factor": 0.8873725965114475,
      "windows": 10
    },
    {
      "entry_policy": "all_days",
      "feature_group": "reversal_fundamental_regime_sector_external",
      "model_name": "lgbm_leaves7_400",
      "target_hit_bps": 80.0,
      "trades": 185,
      "win_rate": 0.5783783783783784,
      "avg_return": -0.0005435403866788825,
      "median_return": 0.008,
      "compound_return": -0.10621014285327113,
      "max_drawdown": -0.22657022666353976,
      "profit_factor": 0.8873725965114475,
      "windows": 10
    },
    {
      "entry_policy": "all_days",
      "feature_group": "all_no_ak",
      "model_name": "xgb_d3_400_lr003_mcw3",
      "target_hit_bps": 80.0,
      "trades": 219,
      "win_rate": 0.6118721461187214,
      "avg_return": -0.0004870136371279182,
      "median_return": 0.008,
      "compound_return": -0.11677851293797525,
      "max_drawdown": -0.2862394543350376,
      "profit_factor": 0.9069203072586158,
      "windows": 10
    },
    {
      "entry_policy": "all_days",
      "feature_group": "all_no_ak",
      "model_name": "lgbm_leaves15_700",
      "target_hit_bps": 80.0,
      "trades": 204,
      "win_rate": 0.6127450980392157,
      "avg_return": -0.0006772205146343916,
      "median_return": 0.008,
      "compound_return": -0.14249927212883584,
      "max_drawdown": -0.2331551549732258,
      "profit_factor": 0.8704635258485397,
      "windows": 10
    }
  ]
}

[2026-05-12T04:29:50] RUN search_all_days_close_profit_50bps
  /usr/bin/python3 model_training/search_walk_forward_model_complexity.py --samples /root/workspace/stock_realtime_v021_full/saved_data/600276_pipeline_out_v2_all14/03_sector/training_samples_with_sector.csv --intraday-bars /root/workspace/stock_realtime_v021_full/saved_data/600276_pipeline_out_v2_all14/00_base/600276_5m.csv --out-dir /root/workspace/stock_realtime_v021_full/saved_data/600276_pipeline_out_v2_all14/10_search/search_all_days_close_profit_50bps --round-trip-cost-bps 1.7 --target-hit-bps 50.0 --label-mode close_profit --entry-policy all_days --entry-vwap-premium-bps 50.0 --max-missing 0.35 --groups reversal_fundamental_regime,reversal_fundamental_regime_sector,reversal_fundamental_regime_sector_external,all_no_ak --models xgb_d2_200_lr003_mcw5,xgb_d3_400_lr003_mcw3,xgb_d3_600_lr002_mcw3,xgb_d4_500_lr002_mcw5,lgbm_leaves7_400,lgbm_leaves15_700,extra_trees_600_d3,random_forest_600_d4 --quantiles 0.5,0.6,0.7,0.8 --train-rows 756 --valid-rows 126 --test-rows 63 --min-valid-trades 8 --min-train-entries 80
{
  "rows": 1535,
  "target_hit_bps": 50.0,
  "label_mode": "close_profit",
  "entry_policy": "all_days",
  "entry_vwap_premium_bps": 50.0,
  "groups": {
    "reversal_fundamental_regime": 135,
    "reversal_fundamental_regime_sector": 158,
    "reversal_fundamental_regime_sector_external": 158,
    "all_no_ak": 213
  },
  "models": [
    "xgb_d2_200_lr003_mcw5",
    "xgb_d3_400_lr003_mcw3",
    "xgb_d3_600_lr002_mcw3",
    "xgb_d4_500_lr002_mcw5",
    "extra_trees_600_d3",
    "random_forest_600_d4",
    "lgbm_leaves7_400",
    "lgbm_leaves15_700"
  ],
  "top": [
    {
      "entry_policy": "all_days",
      "feature_group": "all_no_ak",
      "model_name": "lgbm_leaves15_700",
      "target_hit_bps": 50.0,
      "trades": 221,
      "win_rate": 0.4841628959276018,
      "avg_return": 0.0018678678287294258,
      "median_return": -0.0004870577045021883,
      "compound_return": 0.45166102334562774,
      "max_drawdown": -0.17630734738838305,
      "profit_factor": 1.299531498014742,
      "windows": 10
    },
    {
      "entry_policy": "all_days",
      "feature_group": "reversal_fundamental_regime_sector",
      "model_name": "xgb_d3_400_lr003_mcw3",
      "target_hit_bps": 50.0,
      "trades": 241,
      "win_rate": 0.4605809128630705,
      "avg_return": 0.001357826824400574,
      "median_return": -0.001120118764845631,
      "compound_return": 0.333255594120041,
      "max_drawdown": -0.18629752565534652,
      "profit_factor": 1.2258253323736434,
      "windows": 10
    },
    {
      "entry_policy": "all_days",
      "feature_group": "reversal_fundamental_regime_sector_external",
      "model_name": "xgb_d3_400_lr003_mcw3",
      "target_hit_bps": 50.0,
      "trades": 241,
      "win_rate": 0.4605809128630705,
      "avg_return": 0.001357826824400574,
      "median_return": -0.001120118764845631,
      "compound_return": 0.333255594120041,
      "max_drawdown": -0.18629752565534652,
      "profit_factor": 1.2258253323736434,
      "windows": 10
    },
    {
      "entry_policy": "all_days",
      "feature_group": "reversal_fundamental_regime_sector",
      "model_name": "extra_trees_600_d3",
      "target_hit_bps": 50.0,
      "trades": 130,
      "win_rate": 0.47692307692307695,
      "avg_return": 0.001990939126802106,
      "median_return": -0.0004871331345666606,
      "compound_return": 0.26194375592186225,
      "max_drawdown": -0.15867938823965777,
      "profit_factor": 1.2988472129530662,
      "windows": 10
    },
    {
      "entry_policy": "all_days",
      "feature_group": "reversal_fundamental_regime_sector_external",
      "model_name": "extra_trees_600_d3",
      "target_hit_bps": 50.0,
      "trades": 130,
      "win_rate": 0.47692307692307695,
      "avg_return": 0.001990939126802106,
      "median_return": -0.0004871331345666606,
      "compound_return": 0.26194375592186225,
      "max_drawdown": -0.15867938823965777,
      "profit_factor": 1.2988472129530662,
      "windows": 10
    },
    {
      "entry_policy": "all_days",
      "feature_group": "reversal_fundamental_regime",
      "model_name": "xgb_d3_400_lr003_mcw3",
      "target_hit_bps": 50.0,
      "trades": 278,
      "win_rate": 0.5035971223021583,
      "avg_return": 0.0009325270126793367,
      "median_return": 4.535565957075954e-05,
      "compound_return": 0.24083759273766803,
      "max_drawdown": -0.2484933643188446,
      "profit_factor": 1.1494983937536392,
      "windows": 10
    },
    {
      "entry_policy": "all_days",
      "feature_group": "reversal_fundamental_regime",
      "model_name": "xgb_d4_500_lr002_mcw5",
      "target_hit_bps": 50.0,
      "trades": 236,
      "win_rate": 0.4745762711864407,
      "avg_return": 0.001057851504722799,
      "median_return": -0.001289666172281042,
      "compound_return": 0.23631510898342056,
      "max_drawdown": -0.2336576858229037,
      "profit_factor": 1.1687464952871531,
      "windows": 10
    },
    {
      "entry_policy": "all_days",
      "feature_group": "all_no_ak",
      "model_name": "xgb_d4_500_lr002_mcw5",
      "target_hit_bps": 50.0,
      "trades": 235,
      "win_rate": 0.4723404255319149,
      "avg_return": 0.000999567167709539,
      "median_return": -0.001120118764845631,
      "compound_return": 0.21212914350625955,
      "max_drawdown": -0.20195581743966073,
      "profit_factor": 1.1488963640186978,
      "windows": 10
    },
    {
      "entry_policy": "all_days",
      "feature_group": "all_no_ak",
      "model_name": "xgb_d3_400_lr003_mcw3",
      "target_hit_bps": 50.0,
      "trades": 266,
      "win_rate": 0.4774436090225564,
      "avg_return": 0.0007758554635781511,
      "median_return": -0.00044927263394633696,
      "compound_return": 0.17360908641430006,
      "max_drawdown": -0.2124685193853001,
      "profit_factor": 1.1157713751992582,
      "windows": 10
    },
    {
      "entry_policy": "all_days",
      "feature_group": "all_no_ak",
      "model_name": "lgbm_leaves7_400",
      "target_hit_bps": 50.0,
      "trades": 216,
      "win_rate": 0.4861111111111111,
      "avg_return": 0.0008309033827764274,
      "median_return": -0.0005558015795238368,
      "compound_return": 0.14998594282431976,
      "max_drawdown": -0.1858576558352969,
      "profit_factor": 1.1201702770825366,
      "windows": 10
    },
    {
      "entry_policy": "all_days",
      "feature_group": "all_no_ak",
      "model_name": "xgb_d3_600_lr002_mcw3",
      "target_hit_bps": 50.0,
      "trades": 239,
      "win_rate": 0.4769874476987448,
      "avg_return": 0.0007466248691746255,
      "median_return": -0.001120118764845631,
      "compound_return": 0.1433515726644996,
      "max_drawdown": -0.189801882021163,
      "profit_factor": 1.1079886283501266,
      "windows": 10
    },
    {
      "entry_policy": "all_days",
      "feature_group": "reversal_fundamental_regime",
      "model_name": "xgb_d3_600_lr002_mcw3",
      "target_hit_bps": 50.0,
      "trades": 242,
      "win_rate": 0.47520661157024796,
      "avg_return": 0.00034361916972474465,
      "median_return": -0.0005450728106746704,
      "compound_return": 0.04598518820887709,
      "max_drawdown": -0.24442394454291017,
      "profit_factor": 1.0524354554298214,
      "windows": 10
    },
    {
      "entry_policy": "all_days",
      "feature_group": "all_no_ak",
      "model_name": "random_forest_600_d4",
      "target_hit_bps": 50.0,
      "trades": 239,
      "win_rate": 0.4560669456066946,
      "avg_return": 0.0003574237018338161,
      "median_return": -0.001557925052047212,
      "compound_return": 0.03899686495885235,
      "max_drawdown": -0.2553731704312645,
      "profit_factor": 1.049811304467945,
      "windows": 10
    },
    {
      "entry_policy": "all_days",
      "feature_group": "reversal_fundamental_regime_sector",
      "model_name": "random_forest_600_d4",
      "target_hit_bps": 50.0,
      "trades": 218,
      "win_rate": 0.44954128440366975,
      "avg_return": 0.00026576031212771937,
      "median_return": -0.0018745047542170733,
      "compound_return": 0.02257315129116999,
      "max_drawdown": -0.24170700817657953,
      "profit_factor": 1.0401363415166582,
      "windows": 10
    },
    {
      "entry_policy": "all_days",
      "feature_group": "reversal_fundamental_regime_sector_external",
      "model_name": "random_forest_600_d4",
      "target_hit_bps": 50.0,
      "trades": 218,
      "win_rate": 0.44954128440366975,
      "avg_return": 0.00026576031212771937,
      "median_return": -0.0018745047542170733,
      "compound_return": 0.02257315129116999,
      "max_drawdown": -0.24170700817657953,
      "profit_factor": 1.0401363415166582,
      "windows": 10
    },
    {
      "entry_policy": "all_days",
      "feature_group": "reversal_fundamental_regime_sector",
      "model_name": "xgb_d4_500_lr002_mcw5",
      "target_hit_bps": 50.0,
      "trades": 184,
      "win_rate": 0.45108695652173914,
      "avg_return": 0.00016848148554520162,
      "median_return": -0.0014679168943878516,
      "compound_return": -0.0004448198866646713,
      "max_drawdown": -0.21417289804300255,
      "profit_factor": 1.0243801267895167,
      "windows": 10
    },
    {
      "entry_policy": "all_days",
      "feature_group": "reversal_fundamental_regime_sector_external",
      "model_name": "xgb_d4_500_lr002_mcw5",
      "target_hit_bps": 50.0,
      "trades": 184,
      "win_rate": 0.45108695652173914,
      "avg_return": 0.00016848148554520162,
      "median_return": -0.0014679168943878516,
      "compound_return": -0.0004448198866646713,
      "max_drawdown": -0.21417289804300255,
      "profit_factor": 1.0243801267895167,
      "windows": 10
    },
    {
      "entry_policy": "all_days",
      "feature_group": "reversal_fundamental_regime",
      "model_name": "extra_trees_600_d3",
      "target_hit_bps": 50.0,
      "trades": 111,
      "win_rate": 0.4864864864864865,
      "avg_return": 0.00011682914541769151,
      "median_return": -0.0003972210861166135,
      "compound_return": -0.005293709587722795,
      "max_drawdown": -0.20895830227685142,
      "profit_factor": 1.016738594458549,
      "windows": 10
    },
    {
      "entry_policy": "all_days",
      "feature_group": "reversal_fundamental_regime_sector",
      "model_name": "lgbm_leaves15_700",
      "target_hit_bps": 50.0,
      "trades": 219,
      "win_rate": 0.4520547945205479,
      "avg_return": 0.00013627206132382395,
      "median_return": -0.0014766202090592505,
      "compound_return": -0.009318023864634872,
      "max_drawdown": -0.26499018739890523,
      "profit_factor": 1.0193618499583106,
      "windows": 10
    },
    {
      "entry_policy": "all_days",
      "feature_group": "reversal_fundamental_regime_sector_external",
      "model_name": "lgbm_leaves15_700",
      "target_hit_bps": 50.0,
      "trades": 219,
      "win_rate": 0.4520547945205479,
      "avg_return": 0.00013627206132382395,
      "median_return": -0.0014766202090592505,
      "compound_return": -0.009318023864634872,
      "max_drawdown": -0.26499018739890523,
      "profit_factor": 1.0193618499583106,
      "windows": 10
    }
  ]
}

[2026-05-12T04:35:53] RUN summarize
  /usr/bin/python3 model_training/summarize_nextday_search_results.py --pipeline-out /root/workspace/stock_realtime_v021_full/saved_data/600276_pipeline_out_v2_all14 --out-dir /root/workspace/stock_realtime_v021_full/saved_data/600276_pipeline_out_v2_all14/99_summary --excel
{
  "rows": 192,
  "outputs": {
    "final_leaderboard": "/root/workspace/stock_realtime_v021_full/saved_data/600276_pipeline_out_v2_all14/99_summary/final_leaderboard.csv",
    "best_by_target_top5": "/root/workspace/stock_realtime_v021_full/saved_data/600276_pipeline_out_v2_all14/99_summary/best_by_target_top5.csv",
    "best_by_entry_policy_top5": "/root/workspace/stock_realtime_v021_full/saved_data/600276_pipeline_out_v2_all14/99_summary/best_by_entry_policy_top5.csv",
    "excel": "/root/workspace/stock_realtime_v021_full/saved_data/600276_pipeline_out_v2_all14/99_summary/final_leaderboard.xlsx",
    "summary_manifest": "/root/workspace/stock_realtime_v021_full/saved_data/600276_pipeline_out_v2_all14/99_summary/summary_manifest.json"
  }
}
=== nextday pipeline end: 2026-05-12T04:35:54 status=ok ===
=== nextday pipeline start: 2026-05-13T01:55:13 ===
symbol=600276.SH, out_root=/root/stock_realtime_v021_full/saved_data/600276_pipeline_out

[2026-05-13T01:55:13] RUN update_data
  /usr/bin/python3 bootstrap/ashare_xgb_dual_opportunity_regression_baostock_full_v19_compressed_trading_axis.py --mode update_data --symbol 600276 --benchmark_symbol 000300 --daily_start 2018-01-01 --daily_end 2026-05-12 --intraday_start '2018-01-01 09:30:00' --intraday_end '2026-05-12 15:00:00' --output_dir /root/stock_realtime_v021_full/saved_data/600276_pipeline_out/00_base --cache_mode incremental --feature_cache_mode incremental --adjust qfq
/root/stock_realtime_v021_full/bootstrap/ashare_fetch_and_train_xgb_sell_signal_baostock_state_cache_helper_fix2.py:246: FutureWarning: The behavior of DataFrame concatenation with empty or all-NA entries is deprecated. In a future version, this will no longer exclude empty or all-NA columns when determining the result dtypes. To retain the old behavior, exclude the relevant entries before the concat operation.
  merged = _normalize_daily_df(pd.concat([df_old, df_new], axis=0, ignore_index=True))
/root/stock_realtime_v021_full/bootstrap/ashare_fetch_and_train_xgb_sell_signal_baostock_state_cache_helper_fix2.py:248: FutureWarning: The behavior of DataFrame concatenation with empty or all-NA entries is deprecated. In a future version, this will no longer exclude empty or all-NA columns when determining the result dtypes. To retain the old behavior, exclude the relevant entries before the concat operation.
  merged = _normalize_intraday_df(pd.concat([df_old, df_new], axis=0, ignore_index=True))
/root/stock_realtime_v021_full/bootstrap/ashare_fetch_and_train_xgb_sell_signal_baostock_state_cache_helper_fix2.py:254: FutureWarning: The behavior of DataFrame concatenation with empty or all-NA entries is deprecated. In a future version, this will no longer exclude empty or all-NA columns when determining the result dtypes. To retain the old behavior, exclude the relevant entries before the concat operation.
  merged = _normalize_bench_df(pd.concat([df_old, df_new], axis=0, ignore_index=True))
/root/stock_realtime_v021_full/bootstrap/ashare_fetch_and_train_xgb_sell_signal_baostock_state_cache_helper_fix2.py:250: FutureWarning: The behavior of DataFrame concatenation with empty or all-NA entries is deprecated. In a future version, this will no longer exclude empty or all-NA columns when determining the result dtypes. To retain the old behavior, exclude the relevant entries before the concat operation.
  merged = _normalize_daily_feature_df(pd.concat([df_old, df_new], axis=0, ignore_index=True))
/root/stock_realtime_v021_full/bootstrap/ashare_fetch_and_train_xgb_sell_signal_baostock_state_cache_helper_fix2.py:252: FutureWarning: The behavior of DataFrame concatenation with empty or all-NA entries is deprecated. In a future version, this will no longer exclude empty or all-NA columns when determining the result dtypes. To retain the old behavior, exclude the relevant entries before the concat operation.
  merged = _normalize_intraday_feature_df(pd.concat([df_old, df_new], axis=0, ignore_index=True))
login success!
logout success!
login success!
logout success!
login success!
logout success!
{
  "mode": "update_data",
  "symbol": "600276",
  "data_source": "baostock",
  "daily_rows": 2024,
  "intraday_rows": 73776,
  "daily_min": "2018-01-02 00:00:00",
  "daily_max": "2026-05-12 00:00:00",
  "intraday_min": "2020-01-02 09:35:00",
  "intraday_max": "2026-05-12 15:00:00",
  "base_paths": {
    "daily_csv": "/root/stock_realtime_v021_full/saved_data/600276_pipeline_out/00_base/600276_daily.csv",
    "intraday_csv": "/root/stock_realtime_v021_full/saved_data/600276_pipeline_out/00_base/600276_5m.csv",
    "benchmark_csv": "/root/stock_realtime_v021_full/saved_data/600276_pipeline_out/00_base/000300_benchmark_daily.csv",
    "raw_daily_cache_csv": "/root/stock_realtime_v021_full/saved_data/600276_pipeline_out/00_base/raw_cache/600276_daily_raw.csv",
    "raw_intraday_cache_csv": "/root/stock_realtime_v021_full/saved_data/600276_pipeline_out/00_base/raw_cache/600276_5m_raw.csv",
    "raw_benchmark_cache_csv": "/root/stock_realtime_v021_full/saved_data/600276_pipeline_out/00_base/raw_cache/000300_benchmark_daily_raw.csv",
    "daily_features_csv": "/root/stock_realtime_v021_full/saved_data/600276_pipeline_out/00_base/daily_features.csv",
    "intraday_features_csv": "/root/stock_realtime_v021_full/saved_data/600276_pipeline_out/00_base/intraday_features.csv",
    "daily_features_cache_csv": "/root/stock_realtime_v021_full/saved_data/600276_pipeline_out/00_base/feature_cache/daily_features_cache.csv",
    "intraday_features_cache_csv": "/root/stock_realtime_v021_full/saved_data/600276_pipeline_out/00_base/feature_cache/intraday_features_cache.csv",
    "feature_state_json": "/root/stock_realtime_v021_full/saved_data/600276_pipeline_out/00_base/feature_cache/feature_state.json"
  },
  "fetch_logs": {
    "symbol": "600276",
    "benchmark_symbol": "000300",
    "daily_start": "2018-01-01",
    "daily_end": "2026-05-12",
    "intraday_start": "2018-01-01 09:30:00",
    "intraday_end": "2026-05-12 15:00:00",
    "perf_start": "2018-01-01",
    "data_source": "baostock",
    "cache_mode": "incremental",
    "force_refresh": false,
    "raw_cache_dir": "/root/stock_realtime_v021_full/saved_data/600276_pipeline_out/00_base/raw_cache",
    "feature_cache_dir": "/root/stock_realtime_v021_full/saved_data/600276_pipeline_out/00_base/feature_cache",
    "feature_cache_mode": "incremental",
    "daily": {
      "cache_path": "/root/stock_realtime_v021_full/saved_data/600276_pipeline_out/00_base/raw_cache/600276_daily_raw.csv",
      "requested_start": "2018-01-01",
      "requested_end": "2026-05-12",
      "mode": "initial_fetch",
      "fetch_segments": [
        {
          "provider": "baostock",
          "code": "sh.600276",
          "adjustflag": "2",
          "rows": 2024,
          "start": "2018-01-01",
          "end": "2026-05-12"
        }
      ],
      "cache_after": {
        "rows": 2024,
        "min": "2018-01-02 00:00:00",
        "max": "2026-05-12 00:00:00"
      }
    },
    "intraday_5m": {
      "cache_path": "/root/stock_realtime_v021_full/saved_data/600276_pipeline_out/00_base/raw_cache/600276_5m_raw.csv",
      "requested_start": "2018-01-01 09:30:00",
      "requested_end": "2026-05-12 15:00:00",
      "mode": "initial_fetch",
      "fetch_segments": [
        {
          "provider": "baostock",
          "code": "sh.600276",
          "adjustflag": "2",
          "requested_start": "2018-01-01 09:30:00",
          "effective_start": "2018-01-01 09:30:00",
          "requested_end": "2026-05-12 15:00:00",
          "rows": 73776
        }
      ],
      "cache_after": {
        "rows": 73776,
        "min": "2020-01-02 09:35:00",
        "max": "2026-05-12 15:00:00"
      }
    },
    "benchmark_daily": {
      "cache_path": "/root/stock_realtime_v021_full/saved_data/600276_pipeline_out/00_base/raw_cache/000300_benchmark_daily_raw.csv",
      "requested_start": "2018-01-01",
      "requested_end": "2026-05-12",
      "mode": "initial_fetch",
      "fetch_segments": [
        {
          "provider": "baostock",
          "code": "sh.000300",
          "rows": 2024,
          "start": "2018-01-01",
          "end": "2026-05-12"
        }
      ],
      "cache_after": {
        "rows": 2024,
        "min": "2018-01-02 00:00:00",
        "max": "2026-05-12 00:00:00"
      }
    },
    "feature_build": {
      "mode": "full_rebuild",
      "reason": "feature_cache_missing",
      "daily_cache_after": {
        "rows": 2024,
        "min": "2018-01-02 00:00:00",
        "max": "2026-05-12 00:00:00"
      },
      "intraday_cache_after": {
        "rows": 73776,
        "min": "2020-01-02 09:35:00",
        "max": "2026-05-12 15:00:00"
      },
      "daily_context_days": 260,
      "intraday_context_days": 40,
      "daily_appended_rows": 2024,
      "intraday_appended_rows": 73776
    },
    "feature_state": {
      "daily_feature_max": "2026-05-12 00:00:00",
      "intraday_feature_max": "2026-05-12 15:00:00",
      "daily_context_days": 260,
      "intraday_context_days": 40,
      "feature_build_mode": "full_rebuild"
    }
  }
}

[2026-05-13T01:58:59] RUN samples
  /usr/bin/python3 feature_building/build_nextday_samples_from_baostock.py --daily-features /root/stock_realtime_v021_full/saved_data/600276_pipeline_out/00_base/daily_features.csv --intraday-bars /root/stock_realtime_v021_full/saved_data/600276_pipeline_out/00_base/600276_5m.csv --out-dir /root/stock_realtime_v021_full/saved_data/600276_pipeline_out/01_samples --min-bars 40 --keep-unlabeled-tail
{
  "rows": 1537,
  "date_min": "2020-01-02",
  "date_max": "2026-05-12",
  "out": "/root/stock_realtime_v021_full/saved_data/600276_pipeline_out/01_samples/training_samples.csv"
}

[2026-05-13T01:59:00] RUN fundamental
  /usr/bin/python3 feature_building/build_fundamental_features.py --symbol 600276.SH --daily-samples /root/stock_realtime_v021_full/saved_data/600276_pipeline_out/01_samples/training_samples.csv --out-dir /root/stock_realtime_v021_full/saved_data/600276_pipeline_out/02_fundamental --start-date 2018-01-01 --end-date 2026-05-12 --fallback-lag-days 120
login success!
logout success!
{
  "rows": 1537,
  "date_min": "2020-01-02",
  "date_max": "2026-05-12",
  "source_errors": [],
  "top_missing_rates": {
    "cashflow_ebitToInterest_chg4q": 0.996096291476903,
    "cashflow_ebitToInterest": 0.9934938191281718,
    "ak_fund_主力净流入-净额_sum10": 0.9245283018867925,
    "ak_fund_涨跌幅_sum10": 0.9245283018867925,
    "ak_fund_主力净流入-净占比_sum10": 0.9245283018867925,
    "ak_fund_中单净流入-净额_sum10": 0.9245283018867925,
    "ak_fund_中单净流入-净占比_sum10": 0.9245283018867925,
    "ak_fund_小单净流入-净占比_sum10": 0.9245283018867925,
    "ak_fund_小单净流入-净额_sum10": 0.9245283018867925,
    "ak_fund_大单净流入-净额_sum10": 0.9245283018867925,
    "ak_fund_大单净流入-净占比_sum10": 0.9245283018867925,
    "ak_fund_超大单净流入-净占比_sum10": 0.9245283018867925,
    "ak_fund_超大单净流入-净额_sum10": 0.9245283018867925,
    "ak_fund_收盘价_sum10": 0.9245283018867925,
    "ak_fund_主力净流入-净占比_sum5": 0.9232270657124269,
    "ak_fund_收盘价_sum5": 0.9232270657124269,
    "ak_fund_主力净流入-净额_sum5": 0.9232270657124269,
    "ak_fund_中单净流入-净占比_sum5": 0.9232270657124269,
    "ak_fund_中单净流入-净额_sum5": 0.9232270657124269,
    "ak_fund_小单净流入-净额_sum5": 0.9232270657124269,
    "ak_fund_小单净流入-净占比_sum5": 0.9232270657124269,
    "ak_fund_大单净流入-净占比_sum5": 0.9232270657124269,
    "ak_fund_大单净流入-净额_sum5": 0.9232270657124269,
    "ak_fund_超大单净流入-净额_sum5": 0.9232270657124269,
    "ak_fund_超大单净流入-净占比_sum5": 0.9232270657124269,
    "ak_fund_涨跌幅_sum5": 0.9232270657124269,
    "ak_fund_超大单净流入-净占比": 0.9219258295380611,
    "ak_fund_收盘价": 0.9219258295380611,
    "ak_fund_涨跌幅": 0.9219258295380611,
    "ak_fund_中单净流入-净额": 0.9219258295380611
  },
  "valuation_non_null": {
    "peTTM": 1537,
    "pbMRQ": 1537,
    "psTTM": 1537,
    "pcfNcfTTM": 1537
  },
  "future_effective_date_violations": 0,
  "rows_with_quarterly": 1537,
  "sample_rows": 1537,
  "quarterly_raw_rows": 37,
  "quarterly_used_pubDate_rows": 37,
  "quarterly_fallback_rows": 0,
  "elapsed_seconds": 19.63,
  "symbol": "600276",
  "baostock_code": "sh.600276",
  "valuation_rows": 2024,
  "fund_flow_rows": 120,
  "feature_columns": 125,
  "merged_columns": 194,
  "outputs": {
    "daily_valuation": "/root/stock_realtime_v021_full/saved_data/600276_pipeline_out/02_fundamental/baostock_daily_valuation.csv",
    "quarterly_fundamentals": "/root/stock_realtime_v021_full/saved_data/600276_pipeline_out/02_fundamental/baostock_quarterly_fundamentals_pit.csv",
    "fundamental_features": "/root/stock_realtime_v021_full/saved_data/600276_pipeline_out/02_fundamental/fundamental_features.csv",
    "merged_samples": "/root/stock_realtime_v021_full/saved_data/600276_pipeline_out/02_fundamental/training_samples_with_fundamentals.csv"
  }
}

[2026-05-13T01:59:21] RUN sector
  /usr/bin/python3 feature_building/build_sector_features.py --samples /root/stock_realtime_v021_full/saved_data/600276_pipeline_out/02_fundamental/training_samples_with_fundamentals.csv --out-dir /root/stock_realtime_v021_full/saved_data/600276_pipeline_out/03_sector --sector-symbol '化学制药' --start-date 2018-01-01 --end-date 2026-05-12

  0%|          | 0/9 [00:00<?, ?it/s]
 11%|█         | 1/9 [00:00<00:02,  3.27it/s]
 22%|██▏       | 2/9 [00:00<00:02,  3.23it/s]
 33%|███▎      | 3/9 [00:00<00:01,  3.24it/s]
 44%|████▍     | 4/9 [00:01<00:01,  3.20it/s]
 56%|█████▌    | 5/9 [00:01<00:01,  3.26it/s]
 67%|██████▋   | 6/9 [00:01<00:00,  3.15it/s]
 78%|███████▊  | 7/9 [00:02<00:00,  3.17it/s]
 89%|████████▉ | 8/9 [00:02<00:00,  3.10it/s]
100%|██████████| 9/9 [00:02<00:00,  3.42it/s]
                                             
{
  "sector_symbol": "化学制药",
  "sector_rows": 2024,
  "sector_date_min": "2018-01-02",
  "sector_date_max": "2026-05-12",
  "sample_rows": 1537,
  "merged_rows": 1537,
  "sector_feature_cols": 23,
  "top_missing": {
    "sector_ret60": 0.03903708523096942,
    "sector_ma60_gap": 0.01951854261548471,
    "stock_vs_sector_ret20": 0.013012361743656473,
    "sector_ret20": 0.013012361743656473,
    "sector_vol20": 0.0071567989590110605,
    "sector_ma20_gap": 0.006506180871828237,
    "sector_range_z20": 0.006506180871828237,
    "sector_volume_shock20": 0.006506180871828237,
    "sector_amount_z20": 0.006506180871828237,
    "sector_volume_z20": 0.006506180871828237,
    "sector_amount_shock20": 0.006506180871828237,
    "sector_ret5": 0.0032530904359141183,
    "stock_vs_sector_ret5": 0.0032530904359141183,
    "sector_vs_bench_ret5": 0.0032530904359141183,
    "stock_vs_sector_ret1": 0.0006506180871828237,
    "sector_ret1": 0.0006506180871828237,
    "sector_amount": 0.0,
    "sector_volume": 0.0,
    "sector_close": 0.0,
    "sector_low": 0.0
  },
  "outputs": {
    "sector_index": "/root/stock_realtime_v021_full/saved_data/600276_pipeline_out/03_sector/sector_index_ths.csv",
    "sector_features": "/root/stock_realtime_v021_full/saved_data/600276_pipeline_out/03_sector/sector_features.csv",
    "merged_samples": "/root/stock_realtime_v021_full/saved_data/600276_pipeline_out/03_sector/training_samples_with_sector.csv"
  }
}
[INFO] final samples for search: /root/stock_realtime_v021_full/saved_data/600276_pipeline_out/03_sector/training_samples_with_sector.csv
=== nextday pipeline end: 2026-05-13T01:59:26 status=ok ===
=== nextday pipeline start: 2026-05-13T09:42:28 ===
symbol=600276.SH, out_root=/root/stock_realtime_v021_full/saved_data/600276_pipeline_out

[2026-05-13T09:42:28] RUN update_data
  /usr/bin/python3 bootstrap/ashare_xgb_dual_opportunity_regression_baostock_full_v19_compressed_trading_axis.py --mode update_data --symbol 600276 --benchmark_symbol 000300 --daily_start 2018-01-01 --daily_end 2026-05-13 --intraday_start '2018-01-01 09:30:00' --intraday_end '2026-05-13 15:00:00' --output_dir /root/stock_realtime_v021_full/saved_data/600276_pipeline_out/00_base --cache_mode incremental --feature_cache_mode incremental --adjust qfq
/root/stock_realtime_v021_full/bootstrap/ashare_fetch_and_train_xgb_sell_signal_baostock_state_cache_helper_fix2.py:246: FutureWarning: The behavior of DataFrame concatenation with empty or all-NA entries is deprecated. In a future version, this will no longer exclude empty or all-NA columns when determining the result dtypes. To retain the old behavior, exclude the relevant entries before the concat operation.
  merged = _normalize_daily_df(pd.concat([df_old, df_new], axis=0, ignore_index=True))
/root/stock_realtime_v021_full/bootstrap/ashare_fetch_and_train_xgb_sell_signal_baostock_state_cache_helper_fix2.py:246: FutureWarning: The behavior of DataFrame concatenation with empty or all-NA entries is deprecated. In a future version, this will no longer exclude empty or all-NA columns when determining the result dtypes. To retain the old behavior, exclude the relevant entries before the concat operation.
  merged = _normalize_daily_df(pd.concat([df_old, df_new], axis=0, ignore_index=True))
/root/stock_realtime_v021_full/bootstrap/ashare_fetch_and_train_xgb_sell_signal_baostock_state_cache_helper_fix2.py:254: FutureWarning: The behavior of DataFrame concatenation with empty or all-NA entries is deprecated. In a future version, this will no longer exclude empty or all-NA columns when determining the result dtypes. To retain the old behavior, exclude the relevant entries before the concat operation.
  merged = _normalize_bench_df(pd.concat([df_old, df_new], axis=0, ignore_index=True))
/root/stock_realtime_v021_full/bootstrap/ashare_fetch_and_train_xgb_sell_signal_baostock_state_cache_helper_fix2.py:254: FutureWarning: The behavior of DataFrame concatenation with empty or all-NA entries is deprecated. In a future version, this will no longer exclude empty or all-NA columns when determining the result dtypes. To retain the old behavior, exclude the relevant entries before the concat operation.
  merged = _normalize_bench_df(pd.concat([df_old, df_new], axis=0, ignore_index=True))
login success!
logout success!
login success!
logout success!
login success!
logout success!
login success!
logout success!
login success!
logout success!
login success!
logout success!
{
  "mode": "update_data",
  "symbol": "600276",
  "data_source": "baostock",
  "daily_rows": 2024,
  "intraday_rows": 73776,
  "daily_min": "2018-01-02 00:00:00",
  "daily_max": "2026-05-12 00:00:00",
  "intraday_min": "2020-01-02 09:35:00",
  "intraday_max": "2026-05-12 15:00:00",
  "base_paths": {
    "daily_csv": "/root/stock_realtime_v021_full/saved_data/600276_pipeline_out/00_base/600276_daily.csv",
    "intraday_csv": "/root/stock_realtime_v021_full/saved_data/600276_pipeline_out/00_base/600276_5m.csv",
    "benchmark_csv": "/root/stock_realtime_v021_full/saved_data/600276_pipeline_out/00_base/000300_benchmark_daily.csv",
    "raw_daily_cache_csv": "/root/stock_realtime_v021_full/saved_data/600276_pipeline_out/00_base/raw_cache/600276_daily_raw.csv",
    "raw_intraday_cache_csv": "/root/stock_realtime_v021_full/saved_data/600276_pipeline_out/00_base/raw_cache/600276_5m_raw.csv",
    "raw_benchmark_cache_csv": "/root/stock_realtime_v021_full/saved_data/600276_pipeline_out/00_base/raw_cache/000300_benchmark_daily_raw.csv",
    "daily_features_csv": "/root/stock_realtime_v021_full/saved_data/600276_pipeline_out/00_base/daily_features.csv",
    "intraday_features_csv": "/root/stock_realtime_v021_full/saved_data/600276_pipeline_out/00_base/intraday_features.csv",
    "daily_features_cache_csv": "/root/stock_realtime_v021_full/saved_data/600276_pipeline_out/00_base/feature_cache/daily_features_cache.csv",
    "intraday_features_cache_csv": "/root/stock_realtime_v021_full/saved_data/600276_pipeline_out/00_base/feature_cache/intraday_features_cache.csv",
    "feature_state_json": "/root/stock_realtime_v021_full/saved_data/600276_pipeline_out/00_base/feature_cache/feature_state.json"
  },
  "fetch_logs": {
    "symbol": "600276",
    "benchmark_symbol": "000300",
    "daily_start": "2018-01-01",
    "daily_end": "2026-05-13",
    "intraday_start": "2018-01-01 09:30:00",
    "intraday_end": "2026-05-13 15:00:00",
    "perf_start": "2018-01-01",
    "data_source": "baostock",
    "cache_mode": "incremental",
    "force_refresh": false,
    "raw_cache_dir": "/root/stock_realtime_v021_full/saved_data/600276_pipeline_out/00_base/raw_cache",
    "feature_cache_dir": "/root/stock_realtime_v021_full/saved_data/600276_pipeline_out/00_base/feature_cache",
    "feature_cache_mode": "incremental",
    "daily": {
      "cache_path": "/root/stock_realtime_v021_full/saved_data/600276_pipeline_out/00_base/raw_cache/600276_daily_raw.csv",
      "requested_start": "2018-01-01",
      "requested_end": "2026-05-13",
      "mode": "incremental",
      "cache_before": {
        "rows": 2024,
        "min": "2018-01-02 00:00:00",
        "max": "2026-05-12 00:00:00"
      },
      "fetch_segments": [
        {
          "provider": "baostock",
          "code": "sh.600276",
          "adjustflag": "2",
          "rows": 0
        },
        {
          "provider": "baostock",
          "code": "sh.600276",
          "adjustflag": "2",
          "rows": 0
        }
      ],
      "cache_after": {
        "rows": 2024,
        "min": "2018-01-02 00:00:00",
        "max": "2026-05-12 00:00:00"
      }
    },
    "intraday_5m": {
      "cache_path": "/root/stock_realtime_v021_full/saved_data/600276_pipeline_out/00_base/raw_cache/600276_5m_raw.csv",
      "requested_start": "2018-01-01 09:30:00",
      "requested_end": "2026-05-13 15:00:00",
      "mode": "incremental",
      "cache_before": {
        "rows": 73776,
        "min": "2020-01-02 09:35:00",
        "max": "2026-05-12 15:00:00"
      },
      "fetch_segments": [
        {
          "provider": "baostock",
          "code": "sh.600276",
          "adjustflag": "2",
          "requested_start": "2018-01-01 09:30:00",
          "effective_start": "2018-01-01 09:30:00",
          "requested_end": "2020-01-02 09:30:00",
          "rows": 0
        },
        {
          "provider": "baostock",
          "code": "sh.600276",
          "adjustflag": "2",
          "requested_start": "2026-05-12 15:05:00",
          "effective_start": "2026-05-12 15:05:00",
          "requested_end": "2026-05-13 15:00:00",
          "rows": 0
        }
      ],
      "cache_after": {
        "rows": 73776,
        "min": "2020-01-02 09:35:00",
        "max": "2026-05-12 15:00:00"
      }
    },
    "benchmark_daily": {
      "cache_path": "/root/stock_realtime_v021_full/saved_data/600276_pipeline_out/00_base/raw_cache/000300_benchmark_daily_raw.csv",
      "requested_start": "2018-01-01",
      "requested_end": "2026-05-13",
      "mode": "incremental",
      "cache_before": {
        "rows": 2024,
        "min": "2018-01-02 00:00:00",
        "max": "2026-05-12 00:00:00"
      },
      "fetch_segments": [
        {
          "provider": "baostock",
          "code": "sh.000300",
          "rows": 0,
          "start": "2018-01-01",
          "end": "2018-01-01"
        },
        {
          "provider": "baostock",
          "code": "sh.000300",
          "rows": 0,
          "start": "2026-05-13",
          "end": "2026-05-13"
        }
      ],
      "cache_after": {
        "rows": 2024,
        "min": "2018-01-02 00:00:00",
        "max": "2026-05-12 00:00:00"
      }
    },
    "feature_build": {
      "mode": "cache_reuse_no_rebuild",
      "daily_cache": {
        "rows": 2024,
        "min": "2018-01-02 00:00:00",
        "max": "2026-05-12 00:00:00"
      },
      "intraday_cache": {
        "rows": 73776,
        "min": "2020-01-02 09:35:00",
        "max": "2026-05-12 15:00:00"
      },
      "daily_context_days": 260,
      "intraday_context_days": 40
    },
    "feature_state": {
      "daily_feature_max": "2026-05-12 00:00:00",
      "intraday_feature_max": "2026-05-12 15:00:00",
      "daily_context_days": 260,
      "intraday_context_days": 40,
      "feature_build_mode": "cache_reuse_no_rebuild"
    }
  }
}

[2026-05-13T09:42:43] RUN samples
  /usr/bin/python3 feature_building/build_nextday_samples_from_baostock.py --daily-features /root/stock_realtime_v021_full/saved_data/600276_pipeline_out/00_base/daily_features.csv --intraday-bars /root/stock_realtime_v021_full/saved_data/600276_pipeline_out/00_base/600276_5m.csv --out-dir /root/stock_realtime_v021_full/saved_data/600276_pipeline_out/01_samples --min-bars 40 --keep-unlabeled-tail
{
  "rows": 1537,
  "date_min": "2020-01-02",
  "date_max": "2026-05-12",
  "out": "/root/stock_realtime_v021_full/saved_data/600276_pipeline_out/01_samples/training_samples.csv"
}

[2026-05-13T09:42:44] RUN fundamental
  /usr/bin/python3 feature_building/build_fundamental_features.py --symbol 600276.SH --daily-samples /root/stock_realtime_v021_full/saved_data/600276_pipeline_out/01_samples/training_samples.csv --out-dir /root/stock_realtime_v021_full/saved_data/600276_pipeline_out/02_fundamental --start-date 2018-01-01 --end-date 2026-05-13 --fallback-lag-days 120
login success!
logout success!
{
  "rows": 1537,
  "date_min": "2020-01-02",
  "date_max": "2026-05-12",
  "source_errors": [],
  "top_missing_rates": {
    "cashflow_ebitToInterest_chg4q": 0.996096291476903,
    "cashflow_ebitToInterest": 0.9934938191281718,
    "ak_fund_主力净流入-净额_sum10": 0.9245283018867925,
    "ak_fund_涨跌幅_sum10": 0.9245283018867925,
    "ak_fund_主力净流入-净占比_sum10": 0.9245283018867925,
    "ak_fund_中单净流入-净额_sum10": 0.9245283018867925,
    "ak_fund_中单净流入-净占比_sum10": 0.9245283018867925,
    "ak_fund_小单净流入-净占比_sum10": 0.9245283018867925,
    "ak_fund_小单净流入-净额_sum10": 0.9245283018867925,
    "ak_fund_大单净流入-净额_sum10": 0.9245283018867925,
    "ak_fund_大单净流入-净占比_sum10": 0.9245283018867925,
    "ak_fund_超大单净流入-净占比_sum10": 0.9245283018867925,
    "ak_fund_超大单净流入-净额_sum10": 0.9245283018867925,
    "ak_fund_收盘价_sum10": 0.9245283018867925,
    "ak_fund_主力净流入-净占比_sum5": 0.9232270657124269,
    "ak_fund_收盘价_sum5": 0.9232270657124269,
    "ak_fund_主力净流入-净额_sum5": 0.9232270657124269,
    "ak_fund_中单净流入-净占比_sum5": 0.9232270657124269,
    "ak_fund_中单净流入-净额_sum5": 0.9232270657124269,
    "ak_fund_小单净流入-净额_sum5": 0.9232270657124269,
    "ak_fund_小单净流入-净占比_sum5": 0.9232270657124269,
    "ak_fund_大单净流入-净占比_sum5": 0.9232270657124269,
    "ak_fund_大单净流入-净额_sum5": 0.9232270657124269,
    "ak_fund_超大单净流入-净额_sum5": 0.9232270657124269,
    "ak_fund_超大单净流入-净占比_sum5": 0.9232270657124269,
    "ak_fund_涨跌幅_sum5": 0.9232270657124269,
    "ak_fund_超大单净流入-净占比": 0.9219258295380611,
    "ak_fund_收盘价": 0.9219258295380611,
    "ak_fund_涨跌幅": 0.9219258295380611,
    "ak_fund_中单净流入-净额": 0.9219258295380611
  },
  "valuation_non_null": {
    "peTTM": 1537,
    "pbMRQ": 1537,
    "psTTM": 1537,
    "pcfNcfTTM": 1537
  },
  "future_effective_date_violations": 0,
  "rows_with_quarterly": 1537,
  "sample_rows": 1537,
  "quarterly_raw_rows": 37,
  "quarterly_used_pubDate_rows": 37,
  "quarterly_fallback_rows": 0,
  "elapsed_seconds": 31.191,
  "symbol": "600276",
  "baostock_code": "sh.600276",
  "valuation_rows": 2024,
  "fund_flow_rows": 120,
  "feature_columns": 125,
  "merged_columns": 194,
  "outputs": {
    "daily_valuation": "/root/stock_realtime_v021_full/saved_data/600276_pipeline_out/02_fundamental/baostock_daily_valuation.csv",
    "quarterly_fundamentals": "/root/stock_realtime_v021_full/saved_data/600276_pipeline_out/02_fundamental/baostock_quarterly_fundamentals_pit.csv",
    "fundamental_features": "/root/stock_realtime_v021_full/saved_data/600276_pipeline_out/02_fundamental/fundamental_features.csv",
    "merged_samples": "/root/stock_realtime_v021_full/saved_data/600276_pipeline_out/02_fundamental/training_samples_with_fundamentals.csv"
  }
}

[2026-05-13T09:43:16] RUN sector
  /usr/bin/python3 feature_building/build_sector_features.py --samples /root/stock_realtime_v021_full/saved_data/600276_pipeline_out/02_fundamental/training_samples_with_fundamentals.csv --out-dir /root/stock_realtime_v021_full/saved_data/600276_pipeline_out/03_sector --sector-symbol '化学制药' --start-date 2018-01-01 --end-date 2026-05-13

  0%|          | 0/9 [00:00<?, ?it/s]
 11%|█         | 1/9 [00:00<00:01,  4.76it/s]
 22%|██▏       | 2/9 [00:00<00:01,  3.96it/s]
 33%|███▎      | 3/9 [00:00<00:01,  4.25it/s]
 44%|████▍     | 4/9 [00:00<00:01,  4.31it/s]
 56%|█████▌    | 5/9 [00:01<00:00,  4.46it/s]
 67%|██████▋   | 6/9 [00:01<00:00,  4.29it/s]
 78%|███████▊  | 7/9 [00:01<00:00,  4.29it/s]
 89%|████████▉ | 8/9 [00:01<00:00,  4.16it/s]
100%|██████████| 9/9 [00:02<00:00,  4.29it/s]
                                             
{
  "sector_symbol": "化学制药",
  "sector_rows": 2024,
  "sector_date_min": "2018-01-02",
  "sector_date_max": "2026-05-12",
  "sample_rows": 1537,
  "merged_rows": 1537,
  "sector_feature_cols": 23,
  "top_missing": {
    "sector_ret60": 0.03903708523096942,
    "sector_ma60_gap": 0.01951854261548471,
    "stock_vs_sector_ret20": 0.013012361743656473,
    "sector_ret20": 0.013012361743656473,
    "sector_vol20": 0.0071567989590110605,
    "sector_ma20_gap": 0.006506180871828237,
    "sector_range_z20": 0.006506180871828237,
    "sector_volume_shock20": 0.006506180871828237,
    "sector_amount_z20": 0.006506180871828237,
    "sector_volume_z20": 0.006506180871828237,
    "sector_amount_shock20": 0.006506180871828237,
    "sector_ret5": 0.0032530904359141183,
    "stock_vs_sector_ret5": 0.0032530904359141183,
    "sector_vs_bench_ret5": 0.0032530904359141183,
    "stock_vs_sector_ret1": 0.0006506180871828237,
    "sector_ret1": 0.0006506180871828237,
    "sector_amount": 0.0,
    "sector_volume": 0.0,
    "sector_close": 0.0,
    "sector_low": 0.0
  },
  "outputs": {
    "sector_index": "/root/stock_realtime_v021_full/saved_data/600276_pipeline_out/03_sector/sector_index_ths.csv",
    "sector_features": "/root/stock_realtime_v021_full/saved_data/600276_pipeline_out/03_sector/sector_features.csv",
    "merged_samples": "/root/stock_realtime_v021_full/saved_data/600276_pipeline_out/03_sector/training_samples_with_sector.csv"
  }
}
[INFO] final samples for search: /root/stock_realtime_v021_full/saved_data/600276_pipeline_out/03_sector/training_samples_with_sector.csv
=== nextday pipeline end: 2026-05-13T09:43:21 status=ok ===
=== nextday pipeline start: 2026-05-14T00:08:01 ===
symbol=600276.SH, out_root=/root/stock_realtime_v021_full/saved_data/600276_pipeline_out

[2026-05-14T00:08:01] RUN update_data
  /usr/bin/python3 bootstrap/ashare_xgb_dual_opportunity_regression_baostock_full_v19_compressed_trading_axis.py --mode update_data --symbol 600276 --benchmark_symbol 000300 --daily_start 2018-01-01 --daily_end 2026-05-14 --intraday_start '2018-01-01 09:30:00' --intraday_end '2026-05-14 15:00:00' --output_dir /root/stock_realtime_v021_full/saved_data/600276_pipeline_out/00_base --cache_mode incremental --feature_cache_mode incremental --adjust qfq
/root/stock_realtime_v021_full/bootstrap/ashare_fetch_and_train_xgb_sell_signal_baostock_state_cache_helper_fix2.py:246: FutureWarning: The behavior of DataFrame concatenation with empty or all-NA entries is deprecated. In a future version, this will no longer exclude empty or all-NA columns when determining the result dtypes. To retain the old behavior, exclude the relevant entries before the concat operation.
  merged = _normalize_daily_df(pd.concat([df_old, df_new], axis=0, ignore_index=True))
/root/stock_realtime_v021_full/bootstrap/ashare_fetch_and_train_xgb_sell_signal_baostock_state_cache_helper_fix2.py:254: FutureWarning: The behavior of DataFrame concatenation with empty or all-NA entries is deprecated. In a future version, this will no longer exclude empty or all-NA columns when determining the result dtypes. To retain the old behavior, exclude the relevant entries before the concat operation.
  merged = _normalize_bench_df(pd.concat([df_old, df_new], axis=0, ignore_index=True))
login success!
logout success!
login success!
logout success!
login success!
logout success!
login success!
logout success!
login success!
logout success!
login success!
logout success!
{
  "mode": "update_data",
  "symbol": "600276",
  "data_source": "baostock",
  "daily_rows": 2025,
  "intraday_rows": 73824,
  "daily_min": "2018-01-02 00:00:00",
  "daily_max": "2026-05-13 00:00:00",
  "intraday_min": "2020-01-02 09:35:00",
  "intraday_max": "2026-05-13 15:00:00",
  "base_paths": {
    "daily_csv": "/root/stock_realtime_v021_full/saved_data/600276_pipeline_out/00_base/600276_daily.csv",
    "intraday_csv": "/root/stock_realtime_v021_full/saved_data/600276_pipeline_out/00_base/600276_5m.csv",
    "benchmark_csv": "/root/stock_realtime_v021_full/saved_data/600276_pipeline_out/00_base/000300_benchmark_daily.csv",
    "raw_daily_cache_csv": "/root/stock_realtime_v021_full/saved_data/600276_pipeline_out/00_base/raw_cache/600276_daily_raw.csv",
    "raw_intraday_cache_csv": "/root/stock_realtime_v021_full/saved_data/600276_pipeline_out/00_base/raw_cache/600276_5m_raw.csv",
    "raw_benchmark_cache_csv": "/root/stock_realtime_v021_full/saved_data/600276_pipeline_out/00_base/raw_cache/000300_benchmark_daily_raw.csv",
    "daily_features_csv": "/root/stock_realtime_v021_full/saved_data/600276_pipeline_out/00_base/daily_features.csv",
    "intraday_features_csv": "/root/stock_realtime_v021_full/saved_data/600276_pipeline_out/00_base/intraday_features.csv",
    "daily_features_cache_csv": "/root/stock_realtime_v021_full/saved_data/600276_pipeline_out/00_base/feature_cache/daily_features_cache.csv",
    "intraday_features_cache_csv": "/root/stock_realtime_v021_full/saved_data/600276_pipeline_out/00_base/feature_cache/intraday_features_cache.csv",
    "feature_state_json": "/root/stock_realtime_v021_full/saved_data/600276_pipeline_out/00_base/feature_cache/feature_state.json"
  },
  "fetch_logs": {
    "symbol": "600276",
    "benchmark_symbol": "000300",
    "daily_start": "2018-01-01",
    "daily_end": "2026-05-14",
    "intraday_start": "2018-01-01 09:30:00",
    "intraday_end": "2026-05-14 15:00:00",
    "perf_start": "2018-01-01",
    "data_source": "baostock",
    "cache_mode": "incremental",
    "force_refresh": false,
    "raw_cache_dir": "/root/stock_realtime_v021_full/saved_data/600276_pipeline_out/00_base/raw_cache",
    "feature_cache_dir": "/root/stock_realtime_v021_full/saved_data/600276_pipeline_out/00_base/feature_cache",
    "feature_cache_mode": "incremental",
    "daily": {
      "cache_path": "/root/stock_realtime_v021_full/saved_data/600276_pipeline_out/00_base/raw_cache/600276_daily_raw.csv",
      "requested_start": "2018-01-01",
      "requested_end": "2026-05-14",
      "mode": "incremental",
      "cache_before": {
        "rows": 2024,
        "min": "2018-01-02 00:00:00",
        "max": "2026-05-12 00:00:00"
      },
      "fetch_segments": [
        {
          "provider": "baostock",
          "code": "sh.600276",
          "adjustflag": "2",
          "rows": 0
        },
        {
          "provider": "baostock",
          "code": "sh.600276",
          "adjustflag": "2",
          "rows": 1,
          "start": "2026-05-13",
          "end": "2026-05-14"
        }
      ],
      "cache_after": {
        "rows": 2025,
        "min": "2018-01-02 00:00:00",
        "max": "2026-05-13 00:00:00"
      }
    },
    "intraday_5m": {
      "cache_path": "/root/stock_realtime_v021_full/saved_data/600276_pipeline_out/00_base/raw_cache/600276_5m_raw.csv",
      "requested_start": "2018-01-01 09:30:00",
      "requested_end": "2026-05-14 15:00:00",
      "mode": "incremental",
      "cache_before": {
        "rows": 73776,
        "min": "2020-01-02 09:35:00",
        "max": "2026-05-12 15:00:00"
      },
      "fetch_segments": [
        {
          "provider": "baostock",
          "code": "sh.600276",
          "adjustflag": "2",
          "requested_start": "2018-01-01 09:30:00",
          "effective_start": "2018-01-01 09:30:00",
          "requested_end": "2020-01-02 09:30:00",
          "rows": 0
        },
        {
          "provider": "baostock",
          "code": "sh.600276",
          "adjustflag": "2",
          "requested_start": "2026-05-12 15:05:00",
          "effective_start": "2026-05-12 15:05:00",
          "requested_end": "2026-05-14 15:00:00",
          "rows": 48
        }
      ],
      "cache_after": {
        "rows": 73824,
        "min": "2020-01-02 09:35:00",
        "max": "2026-05-13 15:00:00"
      }
    },
    "benchmark_daily": {
      "cache_path": "/root/stock_realtime_v021_full/saved_data/600276_pipeline_out/00_base/raw_cache/000300_benchmark_daily_raw.csv",
      "requested_start": "2018-01-01",
      "requested_end": "2026-05-14",
      "mode": "incremental",
      "cache_before": {
        "rows": 2024,
        "min": "2018-01-02 00:00:00",
        "max": "2026-05-12 00:00:00"
      },
      "fetch_segments": [
        {
          "provider": "baostock",
          "code": "sh.000300",
          "rows": 0,
          "start": "2018-01-01",
          "end": "2018-01-01"
        },
        {
          "provider": "baostock",
          "code": "sh.000300",
          "rows": 1,
          "start": "2026-05-13",
          "end": "2026-05-14"
        }
      ],
      "cache_after": {
        "rows": 2025,
        "min": "2018-01-02 00:00:00",
        "max": "2026-05-13 00:00:00"
      }
    },
    "feature_build": {
      "mode": "stateful_incremental_append",
      "daily_context_days": 260,
      "intraday_context_days": 40,
      "daily_append": {
        "needed": true,
        "first_new_date": "2026-05-13 00:00:00",
        "context_start": "2025-04-14 00:00:00",
        "context_raw_rows": 261,
        "appended_rows": 1,
        "cache_before": {
          "rows": 2024,
          "min": "2018-01-02 00:00:00",
          "max": "2026-05-12 00:00:00"
        },
        "cache_after": {
          "rows": 2025,
          "min": "2018-01-02 00:00:00",
          "max": "2026-05-13 00:00:00"
        }
      },
      "intraday_append": {
        "needed": true,
        "first_new_datetime": "2026-05-13 09:35:00",
        "context_start_date": "2026-03-12 00:00:00",
        "context_raw_rows": 1968,
        "appended_rows": 48,
        "cache_before": {
          "rows": 73776,
          "min": "2020-01-02 09:35:00",
          "max": "2026-05-12 15:00:00"
        },
        "cache_after": {
          "rows": 73824,
          "min": "2020-01-02 09:35:00",
          "max": "2026-05-13 15:00:00"
        }
      }
    },
    "feature_state": {
      "daily_feature_max": "2026-05-13 00:00:00",
      "intraday_feature_max": "2026-05-13 15:00:00",
      "daily_context_days": 260,
      "intraday_context_days": 40,
      "feature_build_mode": "stateful_incremental_append"
    }
  }
}

[2026-05-14T00:08:25] RUN samples
  /usr/bin/python3 feature_building/build_nextday_samples_from_baostock.py --daily-features /root/stock_realtime_v021_full/saved_data/600276_pipeline_out/00_base/daily_features.csv --intraday-bars /root/stock_realtime_v021_full/saved_data/600276_pipeline_out/00_base/600276_5m.csv --out-dir /root/stock_realtime_v021_full/saved_data/600276_pipeline_out/01_samples --min-bars 40 --keep-unlabeled-tail
{
  "rows": 1538,
  "date_min": "2020-01-02",
  "date_max": "2026-05-13",
  "out": "/root/stock_realtime_v021_full/saved_data/600276_pipeline_out/01_samples/training_samples.csv"
}

[2026-05-14T00:08:27] RUN fundamental
  /usr/bin/python3 feature_building/build_fundamental_features.py --symbol 600276.SH --daily-samples /root/stock_realtime_v021_full/saved_data/600276_pipeline_out/01_samples/training_samples.csv --out-dir /root/stock_realtime_v021_full/saved_data/600276_pipeline_out/02_fundamental --start-date 2018-01-01 --end-date 2026-05-14 --fallback-lag-days 120
login success!
logout success!
{
  "rows": 1538,
  "date_min": "2020-01-02",
  "date_max": "2026-05-13",
  "source_errors": [],
  "top_missing_rates": {
    "cashflow_ebitToInterest_chg4q": 0.9954486345903771,
    "cashflow_ebitToInterest": 0.9928478543563068,
    "ak_fund_主力净流入-净额_sum10": 0.9245773732119635,
    "ak_fund_涨跌幅_sum10": 0.9245773732119635,
    "ak_fund_主力净流入-净占比_sum10": 0.9245773732119635,
    "ak_fund_中单净流入-净额_sum10": 0.9245773732119635,
    "ak_fund_中单净流入-净占比_sum10": 0.9245773732119635,
    "ak_fund_小单净流入-净占比_sum10": 0.9245773732119635,
    "ak_fund_小单净流入-净额_sum10": 0.9245773732119635,
    "ak_fund_大单净流入-净额_sum10": 0.9245773732119635,
    "ak_fund_大单净流入-净占比_sum10": 0.9245773732119635,
    "ak_fund_超大单净流入-净占比_sum10": 0.9245773732119635,
    "ak_fund_超大单净流入-净额_sum10": 0.9245773732119635,
    "ak_fund_收盘价_sum10": 0.9245773732119635,
    "ak_fund_主力净流入-净占比_sum5": 0.9232769830949284,
    "ak_fund_收盘价_sum5": 0.9232769830949284,
    "ak_fund_主力净流入-净额_sum5": 0.9232769830949284,
    "ak_fund_中单净流入-净占比_sum5": 0.9232769830949284,
    "ak_fund_中单净流入-净额_sum5": 0.9232769830949284,
    "ak_fund_小单净流入-净额_sum5": 0.9232769830949284,
    "ak_fund_小单净流入-净占比_sum5": 0.9232769830949284,
    "ak_fund_大单净流入-净占比_sum5": 0.9232769830949284,
    "ak_fund_大单净流入-净额_sum5": 0.9232769830949284,
    "ak_fund_超大单净流入-净额_sum5": 0.9232769830949284,
    "ak_fund_超大单净流入-净占比_sum5": 0.9232769830949284,
    "ak_fund_涨跌幅_sum5": 0.9232769830949284,
    "ak_fund_超大单净流入-净占比": 0.9219765929778934,
    "ak_fund_收盘价": 0.9219765929778934,
    "ak_fund_涨跌幅": 0.9219765929778934,
    "ak_fund_中单净流入-净额": 0.9219765929778934
  },
  "valuation_non_null": {
    "peTTM": 1538,
    "pbMRQ": 1538,
    "psTTM": 1538,
    "pcfNcfTTM": 1538
  },
  "future_effective_date_violations": 0,
  "rows_with_quarterly": 1538,
  "sample_rows": 1538,
  "quarterly_raw_rows": 37,
  "quarterly_used_pubDate_rows": 37,
  "quarterly_fallback_rows": 0,
  "elapsed_seconds": 40.771,
  "symbol": "600276",
  "baostock_code": "sh.600276",
  "valuation_rows": 2025,
  "fund_flow_rows": 120,
  "feature_columns": 125,
  "merged_columns": 194,
  "outputs": {
    "daily_valuation": "/root/stock_realtime_v021_full/saved_data/600276_pipeline_out/02_fundamental/baostock_daily_valuation.csv",
    "quarterly_fundamentals": "/root/stock_realtime_v021_full/saved_data/600276_pipeline_out/02_fundamental/baostock_quarterly_fundamentals_pit.csv",
    "fundamental_features": "/root/stock_realtime_v021_full/saved_data/600276_pipeline_out/02_fundamental/fundamental_features.csv",
    "merged_samples": "/root/stock_realtime_v021_full/saved_data/600276_pipeline_out/02_fundamental/training_samples_with_fundamentals.csv"
  }
}

[2026-05-14T00:09:09] RUN sector
  /usr/bin/python3 feature_building/build_sector_features.py --samples /root/stock_realtime_v021_full/saved_data/600276_pipeline_out/02_fundamental/training_samples_with_fundamentals.csv --out-dir /root/stock_realtime_v021_full/saved_data/600276_pipeline_out/03_sector --sector-symbol '化学制药' --start-date 2018-01-01 --end-date 2026-05-14

  0%|          | 0/9 [00:00<?, ?it/s]
 11%|█         | 1/9 [00:00<00:04,  1.82it/s]
 22%|██▏       | 2/9 [00:01<00:03,  1.86it/s]
 33%|███▎      | 3/9 [00:01<00:02,  2.18it/s]
 44%|████▍     | 4/9 [00:01<00:02,  2.42it/s]
 56%|█████▌    | 5/9 [00:02<00:01,  2.07it/s]
 67%|██████▋   | 6/9 [00:02<00:01,  2.34it/s]
 78%|███████▊  | 7/9 [00:03<00:00,  2.58it/s]
 89%|████████▉ | 8/9 [00:03<00:00,  2.31it/s]
100%|██████████| 9/9 [00:03<00:00,  2.66it/s]
                                             
{
  "sector_symbol": "化学制药",
  "sector_rows": 2025,
  "sector_date_min": "2018-01-02",
  "sector_date_max": "2026-05-13",
  "sample_rows": 1538,
  "merged_rows": 1538,
  "sector_feature_cols": 23,
  "top_missing": {
    "sector_ret60": 0.03901170351105332,
    "sector_ma60_gap": 0.01950585175552666,
    "stock_vs_sector_ret20": 0.013003901170351105,
    "sector_ret20": 0.013003901170351105,
    "sector_vol20": 0.007152145643693108,
    "sector_ma20_gap": 0.006501950585175552,
    "sector_range_z20": 0.006501950585175552,
    "sector_volume_shock20": 0.006501950585175552,
    "sector_amount_z20": 0.006501950585175552,
    "sector_volume_z20": 0.006501950585175552,
    "sector_amount_shock20": 0.006501950585175552,
    "sector_ret5": 0.003250975292587776,
    "stock_vs_sector_ret5": 0.003250975292587776,
    "sector_vs_bench_ret5": 0.003250975292587776,
    "stock_vs_sector_ret1": 0.0006501950585175553,
    "sector_ret1": 0.0006501950585175553,
    "sector_amount": 0.0,
    "sector_volume": 0.0,
    "sector_close": 0.0,
    "sector_low": 0.0
  },
  "outputs": {
    "sector_index": "/root/stock_realtime_v021_full/saved_data/600276_pipeline_out/03_sector/sector_index_ths.csv",
    "sector_features": "/root/stock_realtime_v021_full/saved_data/600276_pipeline_out/03_sector/sector_features.csv",
    "merged_samples": "/root/stock_realtime_v021_full/saved_data/600276_pipeline_out/03_sector/training_samples_with_sector.csv"
  }
}
[INFO] final samples for search: /root/stock_realtime_v021_full/saved_data/600276_pipeline_out/03_sector/training_samples_with_sector.csv
=== nextday pipeline end: 2026-05-14T00:09:16 status=ok ===
=== nextday pipeline start: 2026-05-15T08:59:57 ===
symbol=600276.SH, out_root=/root/stock_realtime_v021_full/saved_data/600276_pipeline_out

[2026-05-15T08:59:57] RUN update_data
  /usr/bin/python3 bootstrap/ashare_xgb_dual_opportunity_regression_baostock_full_v19_compressed_trading_axis.py --mode update_data --symbol 600276 --benchmark_symbol 000300 --daily_start 2018-01-01 --daily_end 2026-05-15 --intraday_start '2018-01-01 09:30:00' --intraday_end '2026-05-15 15:00:00' --output_dir /root/stock_realtime_v021_full/saved_data/600276_pipeline_out/00_base --cache_mode incremental --feature_cache_mode incremental --adjust qfq
/root/stock_realtime_v021_full/bootstrap/ashare_fetch_and_train_xgb_sell_signal_baostock_state_cache_helper_fix2.py:246: FutureWarning: The behavior of DataFrame concatenation with empty or all-NA entries is deprecated. In a future version, this will no longer exclude empty or all-NA columns when determining the result dtypes. To retain the old behavior, exclude the relevant entries before the concat operation.
  merged = _normalize_daily_df(pd.concat([df_old, df_new], axis=0, ignore_index=True))
/root/stock_realtime_v021_full/bootstrap/ashare_fetch_and_train_xgb_sell_signal_baostock_state_cache_helper_fix2.py:254: FutureWarning: The behavior of DataFrame concatenation with empty or all-NA entries is deprecated. In a future version, this will no longer exclude empty or all-NA columns when determining the result dtypes. To retain the old behavior, exclude the relevant entries before the concat operation.
  merged = _normalize_bench_df(pd.concat([df_old, df_new], axis=0, ignore_index=True))
login success!
logout success!
login success!
logout success!
login success!
logout success!
login success!
logout success!
login success!
logout success!
login success!
logout success!
{
  "mode": "update_data",
  "symbol": "600276",
  "data_source": "baostock",
  "daily_rows": 2026,
  "intraday_rows": 73872,
  "daily_min": "2018-01-02 00:00:00",
  "daily_max": "2026-05-14 00:00:00",
  "intraday_min": "2020-01-02 09:35:00",
  "intraday_max": "2026-05-14 15:00:00",
  "base_paths": {
    "daily_csv": "/root/stock_realtime_v021_full/saved_data/600276_pipeline_out/00_base/600276_daily.csv",
    "intraday_csv": "/root/stock_realtime_v021_full/saved_data/600276_pipeline_out/00_base/600276_5m.csv",
    "benchmark_csv": "/root/stock_realtime_v021_full/saved_data/600276_pipeline_out/00_base/000300_benchmark_daily.csv",
    "raw_daily_cache_csv": "/root/stock_realtime_v021_full/saved_data/600276_pipeline_out/00_base/raw_cache/600276_daily_raw.csv",
    "raw_intraday_cache_csv": "/root/stock_realtime_v021_full/saved_data/600276_pipeline_out/00_base/raw_cache/600276_5m_raw.csv",
    "raw_benchmark_cache_csv": "/root/stock_realtime_v021_full/saved_data/600276_pipeline_out/00_base/raw_cache/000300_benchmark_daily_raw.csv",
    "daily_features_csv": "/root/stock_realtime_v021_full/saved_data/600276_pipeline_out/00_base/daily_features.csv",
    "intraday_features_csv": "/root/stock_realtime_v021_full/saved_data/600276_pipeline_out/00_base/intraday_features.csv",
    "daily_features_cache_csv": "/root/stock_realtime_v021_full/saved_data/600276_pipeline_out/00_base/feature_cache/daily_features_cache.csv",
    "intraday_features_cache_csv": "/root/stock_realtime_v021_full/saved_data/600276_pipeline_out/00_base/feature_cache/intraday_features_cache.csv",
    "feature_state_json": "/root/stock_realtime_v021_full/saved_data/600276_pipeline_out/00_base/feature_cache/feature_state.json"
  },
  "fetch_logs": {
    "symbol": "600276",
    "benchmark_symbol": "000300",
    "daily_start": "2018-01-01",
    "daily_end": "2026-05-15",
    "intraday_start": "2018-01-01 09:30:00",
    "intraday_end": "2026-05-15 15:00:00",
    "perf_start": "2018-01-01",
    "data_source": "baostock",
    "cache_mode": "incremental",
    "force_refresh": false,
    "raw_cache_dir": "/root/stock_realtime_v021_full/saved_data/600276_pipeline_out/00_base/raw_cache",
    "feature_cache_dir": "/root/stock_realtime_v021_full/saved_data/600276_pipeline_out/00_base/feature_cache",
    "feature_cache_mode": "incremental",
    "daily": {
      "cache_path": "/root/stock_realtime_v021_full/saved_data/600276_pipeline_out/00_base/raw_cache/600276_daily_raw.csv",
      "requested_start": "2018-01-01",
      "requested_end": "2026-05-15",
      "mode": "incremental",
      "cache_before": {
        "rows": 2025,
        "min": "2018-01-02 00:00:00",
        "max": "2026-05-13 00:00:00"
      },
      "fetch_segments": [
        {
          "provider": "baostock",
          "code": "sh.600276",
          "adjustflag": "2",
          "rows": 0
        },
        {
          "provider": "baostock",
          "code": "sh.600276",
          "adjustflag": "2",
          "rows": 1,
          "start": "2026-05-14",
          "end": "2026-05-15"
        }
      ],
      "cache_after": {
        "rows": 2026,
        "min": "2018-01-02 00:00:00",
        "max": "2026-05-14 00:00:00"
      }
    },
    "intraday_5m": {
      "cache_path": "/root/stock_realtime_v021_full/saved_data/600276_pipeline_out/00_base/raw_cache/600276_5m_raw.csv",
      "requested_start": "2018-01-01 09:30:00",
      "requested_end": "2026-05-15 15:00:00",
      "mode": "incremental",
      "cache_before": {
        "rows": 73824,
        "min": "2020-01-02 09:35:00",
        "max": "2026-05-13 15:00:00"
      },
      "fetch_segments": [
        {
          "provider": "baostock",
          "code": "sh.600276",
          "adjustflag": "2",
          "requested_start": "2018-01-01 09:30:00",
          "effective_start": "2018-01-01 09:30:00",
          "requested_end": "2020-01-02 09:30:00",
          "rows": 0
        },
        {
          "provider": "baostock",
          "code": "sh.600276",
          "adjustflag": "2",
          "requested_start": "2026-05-13 15:05:00",
          "effective_start": "2026-05-13 15:05:00",
          "requested_end": "2026-05-15 15:00:00",
          "rows": 48
        }
      ],
      "cache_after": {
        "rows": 73872,
        "min": "2020-01-02 09:35:00",
        "max": "2026-05-14 15:00:00"
      }
    },
    "benchmark_daily": {
      "cache_path": "/root/stock_realtime_v021_full/saved_data/600276_pipeline_out/00_base/raw_cache/000300_benchmark_daily_raw.csv",
      "requested_start": "2018-01-01",
      "requested_end": "2026-05-15",
      "mode": "incremental",
      "cache_before": {
        "rows": 2025,
        "min": "2018-01-02 00:00:00",
        "max": "2026-05-13 00:00:00"
      },
      "fetch_segments": [
        {
          "provider": "baostock",
          "code": "sh.000300",
          "rows": 0,
          "start": "2018-01-01",
          "end": "2018-01-01"
        },
        {
          "provider": "baostock",
          "code": "sh.000300",
          "rows": 1,
          "start": "2026-05-14",
          "end": "2026-05-15"
        }
      ],
      "cache_after": {
        "rows": 2026,
        "min": "2018-01-02 00:00:00",
        "max": "2026-05-14 00:00:00"
      }
    },
    "feature_build": {
      "mode": "stateful_incremental_append",
      "daily_context_days": 260,
      "intraday_context_days": 40,
      "daily_append": {
        "needed": true,
        "first_new_date": "2026-05-14 00:00:00",
        "context_start": "2025-04-15 00:00:00",
        "context_raw_rows": 261,
        "appended_rows": 1,
        "cache_before": {
          "rows": 2025,
          "min": "2018-01-02 00:00:00",
          "max": "2026-05-13 00:00:00"
        },
        "cache_after": {
          "rows": 2026,
          "min": "2018-01-02 00:00:00",
          "max": "2026-05-14 00:00:00"
        }
      },
      "intraday_append": {
        "needed": true,
        "first_new_datetime": "2026-05-14 09:35:00",
        "context_start_date": "2026-03-13 00:00:00",
        "context_raw_rows": 1968,
        "appended_rows": 48,
        "cache_before": {
          "rows": 73824,
          "min": "2020-01-02 09:35:00",
          "max": "2026-05-13 15:00:00"
        },
        "cache_after": {
          "rows": 73872,
          "min": "2020-01-02 09:35:00",
          "max": "2026-05-14 15:00:00"
        }
      }
    },
    "feature_state": {
      "daily_feature_max": "2026-05-14 00:00:00",
      "intraday_feature_max": "2026-05-14 15:00:00",
      "daily_context_days": 260,
      "intraday_context_days": 40,
      "feature_build_mode": "stateful_incremental_append"
    }
  }
}

[2026-05-15T09:00:14] RUN samples
  /usr/bin/python3 feature_building/build_nextday_samples_from_baostock.py --daily-features /root/stock_realtime_v021_full/saved_data/600276_pipeline_out/00_base/daily_features.csv --intraday-bars /root/stock_realtime_v021_full/saved_data/600276_pipeline_out/00_base/600276_5m.csv --out-dir /root/stock_realtime_v021_full/saved_data/600276_pipeline_out/01_samples --min-bars 40 --keep-unlabeled-tail
{
  "rows": 1539,
  "date_min": "2020-01-02",
  "date_max": "2026-05-14",
  "out": "/root/stock_realtime_v021_full/saved_data/600276_pipeline_out/01_samples/training_samples.csv"
}

[2026-05-15T09:00:15] RUN fundamental
  /usr/bin/python3 feature_building/build_fundamental_features.py --symbol 600276.SH --daily-samples /root/stock_realtime_v021_full/saved_data/600276_pipeline_out/01_samples/training_samples.csv --out-dir /root/stock_realtime_v021_full/saved_data/600276_pipeline_out/02_fundamental --start-date 2018-01-01 --end-date 2026-05-15 --fallback-lag-days 120
login success!
logout success!
{
  "rows": 1539,
  "date_min": "2020-01-02",
  "date_max": "2026-05-14",
  "source_errors": [],
  "top_missing_rates": {
    "cashflow_ebitToInterest_chg4q": 0.9948018193632229,
    "cashflow_ebitToInterest": 0.9922027290448343,
    "ak_fund_主力净流入-净额_sum10": 0.9246263807667316,
    "ak_fund_涨跌幅_sum10": 0.9246263807667316,
    "ak_fund_主力净流入-净占比_sum10": 0.9246263807667316,
    "ak_fund_中单净流入-净额_sum10": 0.9246263807667316,
    "ak_fund_中单净流入-净占比_sum10": 0.9246263807667316,
    "ak_fund_小单净流入-净占比_sum10": 0.9246263807667316,
    "ak_fund_小单净流入-净额_sum10": 0.9246263807667316,
    "ak_fund_大单净流入-净额_sum10": 0.9246263807667316,
    "ak_fund_大单净流入-净占比_sum10": 0.9246263807667316,
    "ak_fund_超大单净流入-净占比_sum10": 0.9246263807667316,
    "ak_fund_超大单净流入-净额_sum10": 0.9246263807667316,
    "ak_fund_收盘价_sum10": 0.9246263807667316,
    "ak_fund_主力净流入-净占比_sum5": 0.9233268356075374,
    "ak_fund_收盘价_sum5": 0.9233268356075374,
    "ak_fund_主力净流入-净额_sum5": 0.9233268356075374,
    "ak_fund_中单净流入-净占比_sum5": 0.9233268356075374,
    "ak_fund_中单净流入-净额_sum5": 0.9233268356075374,
    "ak_fund_小单净流入-净额_sum5": 0.9233268356075374,
    "ak_fund_小单净流入-净占比_sum5": 0.9233268356075374,
    "ak_fund_大单净流入-净占比_sum5": 0.9233268356075374,
    "ak_fund_大单净流入-净额_sum5": 0.9233268356075374,
    "ak_fund_超大单净流入-净额_sum5": 0.9233268356075374,
    "ak_fund_超大单净流入-净占比_sum5": 0.9233268356075374,
    "ak_fund_涨跌幅_sum5": 0.9233268356075374,
    "ak_fund_超大单净流入-净占比": 0.9220272904483431,
    "ak_fund_收盘价": 0.9220272904483431,
    "ak_fund_涨跌幅": 0.9220272904483431,
    "ak_fund_中单净流入-净额": 0.9220272904483431
  },
  "valuation_non_null": {
    "peTTM": 1539,
    "pbMRQ": 1539,
    "psTTM": 1539,
    "pcfNcfTTM": 1539
  },
  "future_effective_date_violations": 0,
  "rows_with_quarterly": 1539,
  "sample_rows": 1539,
  "quarterly_raw_rows": 37,
  "quarterly_used_pubDate_rows": 37,
  "quarterly_fallback_rows": 0,
  "elapsed_seconds": 15.713,
  "symbol": "600276",
  "baostock_code": "sh.600276",
  "valuation_rows": 2026,
  "fund_flow_rows": 120,
  "feature_columns": 125,
  "merged_columns": 194,
  "outputs": {
    "daily_valuation": "/root/stock_realtime_v021_full/saved_data/600276_pipeline_out/02_fundamental/baostock_daily_valuation.csv",
    "quarterly_fundamentals": "/root/stock_realtime_v021_full/saved_data/600276_pipeline_out/02_fundamental/baostock_quarterly_fundamentals_pit.csv",
    "fundamental_features": "/root/stock_realtime_v021_full/saved_data/600276_pipeline_out/02_fundamental/fundamental_features.csv",
    "merged_samples": "/root/stock_realtime_v021_full/saved_data/600276_pipeline_out/02_fundamental/training_samples_with_fundamentals.csv"
  }
}

[2026-05-15T09:00:32] RUN sector
  /usr/bin/python3 feature_building/build_sector_features.py --samples /root/stock_realtime_v021_full/saved_data/600276_pipeline_out/02_fundamental/training_samples_with_fundamentals.csv --out-dir /root/stock_realtime_v021_full/saved_data/600276_pipeline_out/03_sector --sector-symbol '化学制药' --start-date 2018-01-01 --end-date 2026-05-15

  0%|          | 0/9 [00:00<?, ?it/s]
 11%|█         | 1/9 [00:00<00:02,  3.23it/s]
 22%|██▏       | 2/9 [00:00<00:02,  3.31it/s]
 33%|███▎      | 3/9 [00:00<00:01,  3.50it/s]
 44%|████▍     | 4/9 [00:01<00:01,  3.49it/s]
 56%|█████▌    | 5/9 [00:01<00:01,  3.52it/s]
 67%|██████▋   | 6/9 [00:01<00:00,  3.62it/s]
 78%|███████▊  | 7/9 [00:01<00:00,  3.66it/s]
 89%|████████▉ | 8/9 [00:02<00:00,  3.76it/s]
100%|██████████| 9/9 [00:02<00:00,  3.93it/s]
                                             
{
  "sector_symbol": "化学制药",
  "sector_rows": 2026,
  "sector_date_min": "2018-01-02",
  "sector_date_max": "2026-05-14",
  "sample_rows": 1539,
  "merged_rows": 1539,
  "sector_feature_cols": 23,
  "top_missing": {
    "sector_ret60": 0.03898635477582846,
    "sector_ma60_gap": 0.01949317738791423,
    "stock_vs_sector_ret20": 0.01299545159194282,
    "sector_ret20": 0.01299545159194282,
    "sector_vol20": 0.007147498375568551,
    "sector_ma20_gap": 0.00649772579597141,
    "sector_range_z20": 0.00649772579597141,
    "sector_volume_shock20": 0.00649772579597141,
    "sector_amount_z20": 0.00649772579597141,
    "sector_volume_z20": 0.00649772579597141,
    "sector_amount_shock20": 0.00649772579597141,
    "sector_ret5": 0.003248862897985705,
    "stock_vs_sector_ret5": 0.003248862897985705,
    "sector_vs_bench_ret5": 0.003248862897985705,
    "stock_vs_sector_ret1": 0.000649772579597141,
    "sector_ret1": 0.000649772579597141,
    "sector_amount": 0.0,
    "sector_volume": 0.0,
    "sector_close": 0.0,
    "sector_low": 0.0
  },
  "outputs": {
    "sector_index": "/root/stock_realtime_v021_full/saved_data/600276_pipeline_out/03_sector/sector_index_ths.csv",
    "sector_features": "/root/stock_realtime_v021_full/saved_data/600276_pipeline_out/03_sector/sector_features.csv",
    "merged_samples": "/root/stock_realtime_v021_full/saved_data/600276_pipeline_out/03_sector/training_samples_with_sector.csv"
  }
}
[INFO] final samples for search: /root/stock_realtime_v021_full/saved_data/600276_pipeline_out/03_sector/training_samples_with_sector.csv
=== nextday pipeline end: 2026-05-15T09:00:36 status=ok ===
