date,sector_open,sector_high,sector_low,sector_close,sector_volume,sector_amount
2018-01-02,3440.135,3465.207,3432.649,3464.995,603238660,7970741700.0
2018-01-03,3462.438,3496.58,3458.608,3496.215,818964780,10058026900.0
2018-01-04,3492.285,3500.667,3479.966,3488.755,832370970,9258645300.0
2018-01-05,3482.458,3492.775,3479.825,3488.582,658505520,8007429600.0
2018-01-08,3479.937,3481.137,3450.783,3480.657,657036110,8415644700.0
2018-01-09,3479.984,3487.769,3477.571,3487.119,670411530,8567510900.0
2018-01-10,3482.654,3482.862,3416.368,3439.824,735000170,9101661700.0
2018-01-11,3428.162,3474.841,3418.307,3474.839,617459900,8304862700.0
2018-01-12,3469.52,3474.378,3452.33,3459.943,635639530,8484366400.0
2018-01-15,3447.308,3447.308,3358.308,3368.814,760262170,9992546900.0
2018-01-16,3353.645,3393.694,3351.931,3392.864,659605760,9049410600.0
2018-01-17,3383.986,3407.745,3344.14,3407.745,673552770,9415121100.0
2018-01-18,3398.197,3418.367,3394.44,3416.034,565838010,8506236900.0
2018-01-19,3409.315,3429.735,3394.593,3402.126,581330640,8151447000.0
2018-01-22,3389.638,3409.394,3346.857,3404.402,605066920,8110863400.0
2018-01-23,3394.832,3410.583,3392.814,3410.327,523144000,6969890600.0
2018-01-24,3404.049,3430.426,3386.8,3430.414,598773590,7988842100.0
2018-01-25,3427.344,3449.441,3420.252,3420.749,719098760,9529735100.0
2018-01-26,3408.462,3418.653,3391.578,3396.177,535763030,7336043500.0
2018-01-29,3395.586,3400.46,3356.399,3365.787,574706480,7317470000.0
2018-01-30,3362.243,3369.461,3355.35,3369.418,505727060,6921842300.0
2018-01-31,3357.057,3357.057,3261.025,3266.656,748221980,8639241800.0
2018-02-01,3251.255,3263.003,3103.241,3105.613,811527800,9037274000.0
2018-02-02,3066.358,3073.422,2990.224,3048.525,665574100,7190516000.0
2018-02-05,2995.579,3030.379,2980.347,3012.387,464537440,5046623700.0
2018-02-06,2954.035,2961.637,2817.089,2820.077,751321270,7396962900.0
2018-02-07,2870.96,2893.224,2766.019,2845.656,709439330,6850959000.0
2018-02-08,2839.714,2906.168,2837.119,2905.062,546996940,5277258900.0
2018-02-09,2831.658,2863.022,2783.903,2823.466,857213840,7214826500.0
2018-02-12,2837.953,2914.806,2837.953,2908.14,629017640,5620947900.0
2018-02-13,2914.334,2927.513,2898.494,2899.902,770885270,6288555300.0
2018-02-14,2888.707,2898.648,2877.379,2896.276,506002350,4279097300.0
2018-02-22,2910.044,2939.73,2906.251,2937.515,657678830,5628736400.0
2018-02-23,2935.025,2949.527,2926.113,2945.731,741861440,6394635300.0
2018-02-26,2956.139,3021.902,2956.139,3021.429,879810270,8017771600.0
2018-02-27,3018.256,3052.186,3010.234,3047.308,870348400,8422609800.0
2018-02-28,3025.517,3053.916,3000.879,3046.468,765684130,7421884400.0
2018-03-01,3036.611,3106.708,3028.805,3106.708,902168990,9182961900.0
2018-03-02,3089.495,3119.388,3084.071,3093.957,1058654870,9898975200.0
2018-03-05,3102.982,3130.407,3101.377,3130.395,1010656800,10023447600.0
2018-03-06,3128.7,3155.711,3124.357,3154.744,1028045730,10037887500.0
2018-03-07,3148.431,3154.229,3129.746,3133.341,897957730,8688280100.0
2018-03-08,3130.239,3174.542,3129.412,3174.542,907832820,9583403600.0
2018-03-09,3172.381,3235.355,3172.381,3235.07,1058102300,11892023400.0
2018-03-12,3244.452,3289.951,3244.452,3289.928,1271186630,13355369600.0
2018-03-13,3284.027,3297.792,3266.759,3269.148,1237384190,12204795600.0
2018-03-14,3259.579,3268.278,3230.289,3232.786,1091340180,10898560400.0
2018-03-15,3212.505,3214.469,3138.017,3179.725,935363950,9528780300.0
2018-03-16,3177.979,3213.819,3177.979,3193.443,877872960,8748014200.0
2018-03-19,3190.282,3224.957,3181.816,3214.485,780238350,7989672600.0
2018-03-20,3189.111,3227.079,3175.018,3227.067,798577920,8845738000.0
2018-03-21,3230.252,3267.581,3209.3,3210.626,875318700,10501138900.0
2018-03-22,3206.744,3239.445,3193.292,3219.227,708266110,8226674000.0
2018-03-23,3126.118,3141.73,2975.525,3004.54,1255777490,12406278200.0
2018-03-26,2946.056,3046.511,2896.243,3046.451,853550050,8666256700.0
2018-03-27,3069.744,3143.901,3069.704,3136.385,917067450,10215531800.0
2018-03-28,3092.428,3141.397,3084.201,3122.155,806107510,9208603400.0
2018-03-29,3135.273,3184.439,3135.273,3180.439,851240750,10190700000.0
2018-03-30,3189.123,3231.55,3188.876,3231.519,1076642340,12856638800.0
2018-04-02,3232.44,3268.649,3225.71,3245.626,1090277400,13029417200.0
2018-04-03,3197.082,3213.136,3178.819,3209.575,835254060,9655057000.0
2018-04-04,3221.01,3250.374,3203.681,3206.366,894983930,10604650800.0
2018-04-09,3180.176,3216.578,3142.907,3215.515,745817050,9077289300.0
2018-04-10,3213.338,3219.27,3165.076,3210.196,737975430,8519718500.0
2018-04-11,3217.595,3246.593,3213.866,3240.66,671526440,8325810400.0
2018-04-12,3234.299,3244.736,3211.541,3219.699,619096970,8021411900.0
2018-04-13,3229.824,3244.364,3204.413,3210.57,553038340,7194795400.0
2018-04-16,3193.518,3202.528,3144.694,3171.372,644995950,7293411200.0
2018-04-17,3172.526,3184.384,3083.305,3086.419,646087760,7317464600.0
2018-04-18,3101.473,3129.723,3028.259,3128.481,715537430,8038000900.0
2018-04-19,3121.956,3151.86,3117.358,3135.416,720275180,7789209500.0
2018-04-20,3125.044,3132.068,3051.671,3054.551,864453020,8525226900.0
2018-04-23,3049.768,3069.506,2998.7,3039.754,664520300,6560369900.0
2018-04-24,3041.409,3123.293,3041.409,3123.21,653615460,7374102100.0
2018-04-25,3117.199,3143.698,3110.682,3138.11,684844320,8924314400.0
2018-04-26,3122.889,3126.619,3054.348,3056.122,611652560,7633353200.0
2018-04-27,3058.528,3067.758,3030.222,3049.697,482360020,5973750600.0
2018-05-02,3048.699,3057.841,3002.142,3020.39,536582750,5911128400.0
2018-05-03,3015.465,3067.334,2978.826,3067.324,634427890,6972752900.0
2018-05-04,3058.24,3080.285,3054.54,3061.36,514036290,5759720700.0
2018-05-07,3066.734,3134.209,3066.734,3134.209,749384820,8663300600.0
2018-05-08,3146.137,3169.492,3146.102,3169.155,709142160,9014995300.0
2018-05-09,3169.187,3196.733,3161.99,3193.157,818074360,11226570100.0
2018-05-10,3195.508,3215.581,3191.91,3215.383,631535100,8974417800.0
2018-05-11,3213.955,3217.395,3162.289,3166.552,617706660,9316954400.0
2018-05-14,3160.083,3172.2,3136.518,3148.244,549607300,7882726200.0
2018-05-15,3150.22,3191.5,3144.391,3191.5,598172790,8055061100.0
2018-05-16,3175.577,3175.577,3144.35,3149.196,571836390,8566474300.0
2018-05-17,3139.496,3146.355,3132.786,3142.944,513770700,8082776600.0
2018-05-18,3136.991,3163.485,3130.741,3161.864,552453180,7568169800.0
2018-05-21,3186.649,3219.677,3186.649,3219.129,778958270,10424788000.0
2018-05-22,3211.648,3236.632,3208.778,3236.587,686068670,9338197100.0
2018-05-23,3230.145,3231.391,3186.647,3188.132,626554680,9051628500.0
2018-05-24,3183.413,3190.445,3166.648,3171.003,510394390,7123472600.0
2018-05-25,3166.008,3174.83,3152.244,3159.415,537830340,7192007200.0
2018-05-28,3156.407,3156.407,3106.32,3111.119,568156540,7289880000.0
2018-05-29,3097.936,3123.513,3082.914,3084.385,520223860,6866341200.0
2018-05-30,3032.354,3032.354,2934.076,2942.771,664854800,8573137500.0
2018-05-31,2966.816,3004.735,2966.816,3003.924,550288940,7374219500.0
2018-06-01,2998.286,3024.142,2971.876,2992.981,547197910,7993498100.0
2018-06-04,2992.189,3003.614,2976.946,2980.74,453995970,6904901500.0
2018-06-05,2982.02,3038.254,2982.008,3038.254,470350750,7142621500.0
2018-06-06,3043.427,3053.809,3035.817,3049.637,487813700,8425363700.0
2018-06-07,3050.074,3056.428,3011.147,3012.965,540347030,7558918800.0
2018-06-08,3006.182,3006.182,2958.688,2979.694,561646280,7315888500.0
2018-06-11,2965.682,2976.286,2942.095,2955.139,469582560,6577418700.0
2018-06-12,2947.168,2974.394,2917.212,2973.132,506057460,6832874800.0
2018-06-13,2968.003,2968.043,2915.227,2919.224,490981430,6206833600.0
2018-06-14,2908.95,2937.717,2890.323,2894.759,427227020,5415734600.0
2018-06-15,2897.93,2908.277,2806.804,2821.943,530046160,6417310100.0
2018-06-19,2760.932,2760.932,2566.68,2588.674,704241400,6667176700.0
2018-06-20,2549.711,2622.881,2541.114,2607.36,635425800,6509977500.0
2018-06-21,2600.493,2613.56,2515.001,2515.167,698104360,6749425600.0
2018-06-22,2485.079,2557.997,2475.436,2552.277,564937520,5026342000.0
2018-06-25,2573.417,2587.837,2550.64,2552.541,610149470,5274859500.0
2018-06-26,2516.323,2584.46,2502.69,2584.282,614763760,6016836100.0
2018-06-27,2580.602,2603.694,2565.973,2577.511,599545960,6129404000.0
2018-06-28,2575.766,2603.193,2556.362,2558.029,495775780,5149839700.0
2018-06-29,2556.968,2634.487,2556.492,2634.08,709481470,6913466200.0
2018-07-02,2629.144,2642.762,2578.709,2599.175,613131990,6386203200.0
2018-07-03,2593.992,2642.164,2576.381,2642.164,724363250,6751579600.0
2018-07-04,2623.859,2627.541,2566.109,2579.268,601190290,5839937400.0
2018-07-05,2568.867,2584.026,2505.04,2506.256,542536400,4938661000.0
2018-07-06,2512.518,2552.078,2462.964,2526.25,655164780,5965291500.0
2018-07-09,2524.182,2577.135,2524.182,2577.081,556172590,5371166900.0
2018-07-10,2574.83,2596.082,2567.826,2595.91,540459350,5650108400.0
2018-07-11,2570.773,2570.773,2502.803,2542.361,621994750,5816288000.0
2018-07-12,2545.756,2615.47,2545.578,2612.663,718545730,8261209800.0
2018-07-13,2615.647,2624.84,2604.05,2618.848,722966450,8709119200.0
2018-07-16,2607.628,2624.511,2597.828,2624.438,712171830,7049146300.0
2018-07-17,2610.629,2628.685,2593.775,2628.627,693472580,6628847200.0
2018-07-18,2628.214,2638.31,2611.454,2611.454,933915200,7695820800.0
2018-07-19,2604.742,2618.079,2575.675,2585.084,646863390,6216385800.0
2018-07-20,2579.861,2618.537,2565.275,2610.787,790244750,6913556500.0
2018-07-23,2605.977,2636.293,2599.082,2636.293,755738840,6674135100.0
2018-07-24,2638.464,2684.486,2635.723,2682.068,894864330,8277530000.0
2018-07-25,2676.154,2688.431,2664.212,2671.364,765756390,7418842000.0
2018-07-26,2670.162,2682.891,2661.58,2675.448,936284230,7402120600.0
2018-07-27,2667.769,2670.996,2647.774,2654.771,730588690,5923526300.0
2018-07-30,2646.566,2652.646,2587.32,2601.92,704059410,5725564700.0
2018-07-31,2600.534,2619.213,2595.869,2614.086,526604350,4331313700.0
2018-08-01,2621.006,2633.291,2575.668,2577.909,627241620,5159319900.0
2018-08-02,2564.082,2564.082,2434.953,2491.09,755522100,6163951500.0
2018-08-03,2486.666,2493.838,2459.381,2459.449,468220670,3772546200.0
2018-08-06,2448.701,2457.954,2382.687,2401.458,478221430,4046502200.0
2018-08-07,2398.79,2461.908,2383.229,2461.611,520056480,4166793000.0
2018-08-08,2455.758,2461.7,2412.92,2419.24,561810560,4419886900.0
2018-08-09,2408.125,2479.735,2403.478,2470.67,606853590,5003423000.0
2018-08-10,2473.231,2486.457,2461.286,2484.529,481916880,4379182700.0
2018-08-13,2453.84,2492.348,2440.573,2490.873,518233980,4492467700.0
2018-08-14,2485.495,2506.45,2484.64,2500.751,546991680,4567316500.0
2018-08-15,2496.132,2499.719,2442.835,2444.044,547718720,4536938000.0
2018-08-16,2418.358,2446.251,2395.346,2422.49,503705460,3972206900.0
2018-08-17,2438.908,2450.67,2378.217,2382.164,516582400,4071622500.0
2018-08-20,2375.874,2392.595,2338.624,2392.595,504739360,3930715500.0
2018-08-21,2390.438,2414.674,2382.062,2411.69,516144330,4333138200.0
2018-08-22,2406.707,2408.88,2382.676,2382.771,519945880,4166076300.0
2018-08-23,2378.287,2411.05,2377.938,2405.082,473093690,4087539500.0
2018-08-24,2406.575,2414.504,2393.376,2398.156,487504020,4405402200.0
2018-08-27,2397.636,2438.562,2397.636,2438.419,556351210,4777002500.0
2018-08-28,2437.3,2454.203,2436.093,2449.799,535727610,4213440500.0
2018-08-29,2443.223,2443.477,2427.543,2435.839,524924730,3962909800.0
2018-08-30,2434.634,2437.54,2390.26,2390.798,501461990,3748267200.0
2018-08-31,2384.043,2384.672,2355.127,2360.466,494739840,3463707300.0
2018-09-03,2355.153,2355.861,2315.862,2355.679,442112440,3331466100.0
2018-09-04,2353.864,2389.606,2348.972,2388.108,546343750,3925873200.0
2018-09-05,2388.733,2406.135,2367.679,2367.679,637810490,4295082000.0
2018-09-06,2358.761,2377.638,2343.22,2354.321,581709820,3842201800.0
2018-09-07,2353.976,2387.39,2348.812,2365.599,582478740,4345953800.0
2018-09-10,2363.892,2363.892,2309.89,2311.428,551332510,4068953800.0
2018-09-11,2311.455,2333.405,2301.53,2322.8,405673180,3026051800.0
2018-09-12,2324.596,2346.341,2320.174,2333.993,459007150,3427852700.0
2018-09-13,2350.286,2361.335,2330.947,2359.309,525355390,4033649900.0
2018-09-14,2364.691,2369.115,2332.676,2333.672,534633980,4048339700.0
2018-09-17,2323.282,2323.282,2292.541,2299.134,444944320,3276746800.0
2018-09-18,2298.421,2342.704,2295.947,2342.667,521806580,4155883000.0
2018-09-19,2345.28,2389.911,2343.571,2378.241,691999820,5356646600.0
2018-09-20,2380.77,2388.812,2372.543,2378.587,727837700,5316672600.0
2018-09-21,2374.03,2400.015,2370.328,2397.716,716852720,5264461800.0
2018-09-25,2385.728,2397.982,2380.053,2392.057,520662630,4025250800.0
2018-09-26,2396.165,2416.898,2396.165,2408.73,595115000,4633553200.0
2018-09-27,2407.962,2407.962,2353.948,2354.139,683588150,5367449600.0
2018-09-28,2351.439,2375.193,2351.439,2375.025,517763560,4054928500.0
2018-10-08,2342.092,2344.943,2290.326,2292.184,525680560,3842848300.0
2018-10-09,2296.162,2314.084,2291.977,2307.623,430798980,3282199600.0
2018-10-10,2311.814,2323.99,2298.061,2320.812,441731770,3422860300.0
2018-10-11,2249.962,2252.6,2124.377,2137.827,804301080,5846843900.0
2018-10-12,2109.166,2129.7,2033.392,2117.345,754310610,5114746600.0
2018-10-15,2115.354,2139.991,2089.741,2093.864,533846990,4056505500.0
2018-10-16,2096.981,2111.099,2042.341,2054.854,539144100,3739791900.0
2018-10-17,2077.865,2091.315,2024.99,2070.781,481318990,3575391700.0
2018-10-18,2057.27,2057.27,2000.895,2005.474,505897220,3422571200.0
2018-10-19,1975.966,2045.665,1966.8,2044.501,550242300,3712566500.0
2018-10-22,2068.24,2164.892,2068.24,2149.909,839636060,5914732900.0
2018-10-23,2153.441,2165.188,2117.587,2132.533,801042290,4975062300.0
2018-10-24,2127.058,2154.916,2118.099,2132.81,559262240,3676841900.0
2018-10-25,2061.646,2115.096,2052.951,2110.387,568184290,3728236400.0
2018-10-26,2123.047,2146.125,2113.321,2120.919,506065200,3228167200.0
2018-10-29,2116.243,2120.28,2086.19,2097.893,428451530,2817442200.0
2018-10-30,2094.446,2130.913,2073.552,2125.046,554391760,3659031400.0
2018-10-31,2123.67,2169.662,2123.67,2159.276,632119440,4270501200.0
2018-11-01,2180.225,2200.753,2170.541,2173.317,736631070,5266289100.0
2018-11-02,2198.426,2234.716,2196.968,2234.716,833855180,6147392000.0
2018-11-05,2237.181,2274.65,2228.59,2263.142,1047847960,7007572500.0
2018-11-06,2253.97,2253.97,2216.085,2248.183,931019360,5873596600.0
2018-11-07,2246.134,2268.521,2240.678,2245.249,835987130,5548968900.0
2018-11-08,2256.632,2279.863,2249.333,2252.696,794246260,4944237400.0
2018-11-09,2243.296,2263.86,2241.074,2253.569,677539870,4349204300.0
2018-11-12,2252.002,2329.772,2252.002,2329.767,851862850,5917776800.0
2018-11-13,2311.667,2392.055,2307.585,2376.746,1187425210,7923968900.0
2018-11-14,2383.527,2399.862,2362.651,2369.918,1047651550,6711114700.0
2018-11-15,2370.249,2419.357,2369.933,2419.357,1079946900,7551575300.0
2018-11-16,2420.967,2461.066,2417.397,2446.831,1126757040,8075804700.0
2018-11-19,2444.532,2464.977,2420.844,2464.926,1076464810,7564695700.0
2018-11-20,2450.484,2467.201,2399.369,2405.42,1105488610,8219787500.0
2018-11-21,2372.734,2433.925,2370.27,2433.925,1028178660,7234059200.0
2018-11-22,2440.078,2450.507,2426.113,2433.622,887531110,6186651300.0
2018-11-23,2433.958,2433.958,2317.936,2325.514,1214619410,7970025900.0
2018-11-26,2319.387,2345.412,2306.526,2318.301,810176300,5284293300.0
2018-11-27,2333.019,2353.824,2330.026,2349.218,776852130,5120713800.0
2018-11-28,2347.806,2369.575,2301.16,2369.575,819414700,5601990100.0
2018-11-29,2377.417,2381.784,2299.397,2299.397,784615630,5702640200.0
2018-11-30,2291.327,2309.74,2252.334,2307.366,649826990,4604478600.0
2018-12-03,2359.129,2387.386,2350.687,2377.332,819041970,6020443600.0
2018-12-04,2378.159,2406.754,2371.237,2406.754,832274930,5651996900.0
2018-12-05,2359.997,2398.482,2351.765,2387.369,845786530,6099545100.0
2018-12-06,2384.341,2394.198,2354.972,2357.297,772068500,5525897600.0
2018-12-07,2363.969,2378.471,2355.849,2370.615,704049030,5428374600.0
2018-12-10,2350.35,2353.391,2320.974,2329.113,642638590,4780262500.0
2018-12-11,2334.112,2351.06,2332.216,2351.06,550741130,4168822400.0
2018-12-12,2357.421,2367.086,2352.172,2358.538,586947270,4527104100.0
2018-12-13,2366.132,2397.925,2349.595,2384.895,718282710,5737559700.0
2018-12-14,2381.872,2384.038,2325.189,2326.808,722887520,5590598000.0
2018-12-17,2316.306,2328.921,2295.343,2327.554,572766050,4470968700.0
2018-12-18,2316.402,2333.219,2291.83,2314.287,578732740,4413725600.0
2018-12-19,2312.727,2316.807,2277.576,2281.53,515905310,3929804300.0
2018-12-20,2275.21,2294.539,2267.452,2286.585,543217490,3753934200.0
2018-12-21,2278.676,2284.703,2253.381,2271.22,470452710,3511932500.0
2018-12-24,2269.241,2299.073,2266.732,2298.558,490348740,4077747900.0
2018-12-25,2276.607,2276.607,2206.643,2263.905,711572220,5586943200.0
2018-12-26,2257.912,2271.96,2254.644,2257.83,493797080,4178109400.0
2018-12-27,2286.293,2292.503,2213.307,2213.307,535190070,4551426200.0
2018-12-28,2215.238,2233.13,2203.217,2212.393,494654210,3833847300.0
2019-01-02,2222.94,2225.022,2208.005,2214.636,452740570,3287958400.0
2019-01-03,2216.348,2240.449,2206.215,2207.962,499353850,3863943700.0
2019-01-04,2184.6,2264.677,2176.831,2263.86,682459600,5037793600.0
2019-01-07,2282.455,2324.789,2282.455,2321.346,812704370,6048661800.0
2019-01-08,2330.979,2334.024,2316.313,2327.601,962748330,6554568300.0
2019-01-09,2327.406,2356.287,2326.178,2326.178,1046644320,7110752500.0
2019-01-10,2328.077,2345.033,2321.671,2329.599,915233600,5952150200.0
2019-01-11,2330.687,2362.658,2326.815,2362.658,954685640,6787322800.0
2019-01-14,2369.688,2371.566,2349.461,2354.961,899942740,6486255200.0
2019-01-15,2352.53,2402.961,2348.649,2402.961,1045701010,7483431800.0
2019-01-16,2411.544,2414.823,2395.975,2398.694,1152190040,8132270000.0
2019-01-17,2396.276,2402.149,2378.483,2383.324,1313777300,9281587700.0
2019-01-18,2384.145,2396.354,2368.668,2384.0,1113217950,7880438300.0
2019-01-21,2388.13,2410.126,2386.861,2404.714,859446350,6787420000.0
2019-01-22,2406.044,2406.044,2370.073,2379.582,882969740,7155338600.0
2019-01-23,2374.914,2397.539,2373.779,2396.995,846344710,6578921300.0
2019-01-24,2396.597,2416.429,2389.662,2407.19,955811710,7160963600.0
2019-01-25,2406.424,2421.271,2397.193,2398.543,1054701020,8039733500.0
2019-01-28,2406.943,2413.309,2369.63,2375.896,1043102190,8054541600.0
2019-01-29,2361.736,2361.982,2279.691,2322.493,1003938870,7874069700.0
2019-01-30,2303.601,2317.756,2271.01,2271.01,620099900,5318190300.0
2019-01-31,2262.158,2283.381,2214.423,2227.482,891859610,6467695800.0
2019-02-01,2233.344,2285.475,2233.344,2285.408,722607040,5454349600.0
2019-02-11,2292.289,2348.78,2292.289,2348.78,755267970,5739440400.0
2019-02-12,2349.659,2386.537,2344.747,2385.836,1004896080,7424494100.0
2019-02-13,2387.749,2428.025,2382.873,2426.58,1166051180,8707986400.0
2019-02-14,2426.806,2454.231,2419.623,2445.838,1117339950,8989768100.0
2019-02-15,2440.68,2463.684,2435.051,2446.978,1189437600,9399715600.0
2019-02-18,2459.402,2528.583,2459.199,2528.583,1410351300,11174491900.0
2019-02-19,2535.368,2546.907,2496.575,2534.746,1680362400,12175938000.0
2019-02-20,2533.838,2542.684,2510.463,2540.637,1462660700,10897818000.0
2019-02-21,2536.899,2578.514,2523.715,2531.502,1518137800,11700147000.0
2019-02-22,2527.222,2583.205,2526.084,2583.205,1405171800,11659811800.0
2019-02-25,2608.252,2699.193,2601.847,2698.755,2296900600,18913714000.0
2019-02-26,2699.809,2750.58,2665.544,2692.564,2393009400,19964322000.0
2019-02-27,2685.742,2722.056,2656.394,2682.081,1792490500,14391369000.0
2019-02-28,2682.357,2706.193,2674.525,2692.876,1403462600,10906472000.0
2019-03-01,2703.544,2713.671,2680.388,2713.671,1393292200,11482869600.0
2019-03-04,2727.581,2793.65,2723.901,2760.721,2131539100,17949829000.0
2019-03-05,2756.671,2834.678,2749.045,2834.678,1970261700,16692316000.0
2019-03-06,2850.95,2895.074,2820.616,2895.074,2412770900,20439915000.0
2019-03-07,2897.733,2960.397,2874.159,2935.566,2412505600,21385589000.0
2019-03-08,2878.6,2919.778,2782.855,2782.855,2349586300,19493324000.0
2019-03-11,2787.945,2906.277,2787.945,2906.277,1772218000,15460647000.0
2019-03-12,2936.332,2984.848,2912.034,2961.119,2383452600,20633928000.0
2019-03-13,2966.822,2984.148,2892.521,2909.03,2151379500,18314069000.0
2019-03-14,2887.19,2911.012,2798.899,2830.264,1744311500,15144395000.0
2019-03-15,2847.28,2891.329,2845.022,2886.899,1749190700,14787442000.0
2019-03-18,2903.603,2955.563,2885.524,2955.563,1690320900,14888783000.0
2019-03-19,2980.038,2995.509,2962.303,2986.952,1729690700,14932981000.0
2019-03-20,2984.285,2998.24,2937.863,2998.24,1755104300,15605879000.0
2019-03-21,3001.873,3039.413,2988.092,3021.745,1731532500,15442422000.0
2019-03-22,3024.196,3038.055,2979.891,3032.94,1653761200,14606525000.0
2019-03-25,2984.025,3066.131,2970.455,3033.588,1699115700,15731756000.0
2019-03-26,3042.737,3052.556,2943.19,2948.548,1747890000,15494973000.0
2019-03-27,2970.58,2981.164,2909.171,2964.104,1453820700,12624279700.0
2019-03-28,2955.259,2992.455,2930.757,2931.144,1425945700,12562567300.0
2019-03-29,2927.259,3009.516,2902.44,3009.246,1538450500,13729408000.0
2019-04-01,3029.479,3114.831,3029.436,3114.831,1943614300,17885619000.0
2019-04-02,3132.505,3154.695,3108.566,3125.816,2037733100,18453645000.0
2019-04-03,3113.79,3158.796,3099.681,3157.362,1692879300,15475383000.0
2019-04-04,3167.973,3177.854,3133.769,3164.702,1856694800,17332925000.0
2019-04-08,3175.191,3189.581,3095.557,3157.382,2025063700,18724001000.0
2019-04-09,3153.756,3182.211,3138.973,3182.211,1747828300,15750929000.0
2019-04-10,3158.088,3196.55,3132.85,3171.778,1770823300,16321425000.0
2019-04-11,3174.225,3183.402,3117.522,3117.522,1753565200,16128257000.0
2019-04-12,3115.192,3142.551,3095.999,3124.848,1523416800,14566007000.0
2019-04-15,3152.822,3169.423,3096.244,3098.114,1531702100,15139211000.0
2019-04-16,3087.773,3167.93,3064.889,3167.93,1497675900,14805991000.0
2019-04-17,3168.34,3227.707,3165.645,3211.676,1877021100,18444775000.0
2019-04-18,3217.013,3229.079,3191.519,3200.814,1849820900,18396192000.0
2019-04-19,3193.859,3223.618,3159.588,3223.618,1791617400,16680654000.0
2019-04-22,3233.258,3244.097,3193.433,3202.62,1826739200,18503213000.0
2019-04-23,3197.684,3197.684,3115.358,3124.68,1647492600,15368229000.0
2019-04-24,3124.147,3161.937,3098.493,3161.937,1484959600,14365477000.0
2019-04-25,3155.241,3155.241,3025.548,3026.007,1587967800,14712197000.0
2019-04-26,3002.355,3031.636,2985.819,2989.754,1327827150,12403669900.0
2019-04-29,2984.041,2998.92,2869.358,2874.264,1284213070,12099706800.0
2019-04-30,2872.406,2929.895,2872.406,2917.936,997110590,9206424400.0
2019-05-06,2824.537,2827.673,2676.866,2691.264,1212951930,9980641400.0
2019-05-07,2702.631,2754.878,2683.826,2734.45,1056424560,9634431400.0
2019-05-08,2683.416,2778.273,2660.737,2742.283,1025632210,8918341400.0
2019-05-09,2720.074,2758.956,2719.325,2727.53,927423800,8259964800.0
2019-05-10,2754.597,2827.238,2705.747,2826.83,1325042820,11823320900.0
2019-05-13,2801.555,2832.725,2791.75,2821.124,1040010770,9544657200.0
2019-05-14,2782.078,2824.186,2778.004,2792.799,990112360,8496716200.0
2019-05-15,2812.973,2861.056,2812.973,2859.083,1161121040,10440963000.0
2019-05-16,2861.897,2881.493,2850.12,2878.842,1067075170,10076337700.0
2019-05-17,2880.906,2881.139,2747.458,2759.895,1232448070,10428634900.0
2019-05-20,2754.127,2762.716,2691.632,2761.756,934817760,7754765400.0
2019-05-21,2761.281,2813.686,2752.068,2806.525,989424860,8363367300.0
2019-05-22,2803.624,2816.412,2762.154,2780.521,1053448600,8206628900.0
2019-05-23,2771.9,2773.385,2706.515,2718.572,894575440,7027942300.0
2019-05-24,2708.616,2736.062,2701.277,2717.952,893981110,6702775500.0
2019-05-27,2711.272,2788.279,2701.714,2788.028,1035601080,7897885100.0
2019-05-28,2784.103,2811.753,2769.673,2778.579,958682790,7887817900.0
2019-05-29,2773.42,2806.941,2768.812,2792.035,757657550,6496837000.0
2019-05-30,2782.091,2782.091,2734.582,2767.287,768675520,6172251900.0
2019-05-31,2768.956,2796.456,2763.196,2771.3,771390940,6778028500.0
2019-06-03,2777.45,2787.18,2708.06,2715.323,907213970,7711309300.0
2019-06-04,2714.588,2718.412,2661.035,2674.397,752279240,6362296200.0
2019-06-05,2696.681,2708.261,2673.836,2678.308,635216620,5606905100.0
2019-06-06,2679.054,2679.913,2607.668,2618.182,743557690,6453076300.0
2019-06-10,2624.609,2657.089,2611.685,2645.553,626399880,5494752500.0
2019-06-11,2651.497,2739.089,2644.16,2737.388,938714680,8089601200.0
2019-06-12,2733.428,2752.961,2716.578,2718.739,798754010,6922891800.0
2019-06-13,2719.945,2761.385,2710.992,2758.588,830770420,7047711500.0
2019-06-14,2757.815,2760.095,2685.832,2688.099,859018600,7883345500.0
2019-06-17,2686.643,2700.114,2679.126,2690.216,589548910,5457473800.0
2019-06-18,2690.128,2698.401,2667.129,2685.465,526349450,4951201500.0
2019-06-19,2736.99,2747.883,2723.009,2725.32,826068560,7783368400.0
2019-06-20,2716.304,2762.366,2708.194,2761.998,900824370,8201470700.0
2019-06-21,2799.585,2837.559,2797.657,2827.541,1177665020,11148931000.0
2019-06-24,2830.851,2830.851,2801.103,2817.734,919304970,8725092000.0
2019-06-25,2815.822,2815.822,2764.201,2791.414,893299780,9178283800.0
2019-06-26,2778.28,2802.307,2765.288,2788.363,682462280,7037976200.0
2019-06-27,2794.287,2813.806,2794.287,2804.646,768787220,7891294200.0
2019-06-28,2808.154,2808.154,2745.263,2763.808,703769930,6827269200.0
2019-07-01,2813.438,2841.152,2806.052,2841.152,945268370,9233529400.0
2019-07-02,2843.858,2848.433,2824.479,2836.571,870587960,8543963900.0
2019-07-03,2830.375,2830.375,2796.515,2803.968,724219870,6956216600.0
2019-07-04,2807.66,2821.426,2789.392,2803.122,756978670,6594896200.0
2019-07-05,2801.363,2820.119,2785.145,2816.235,661065020,5875483300.0
2019-07-08,2808.237,2808.237,2699.902,2718.172,832133260,7499673300.0
2019-07-09,2717.664,2749.304,2709.97,2747.75,586185500,5497746600.0
2019-07-10,2755.012,2759.587,2724.053,2732.981,642886050,6012711900.0
2019-07-11,2739.072,2772.521,2730.676,2743.456,668724920,6387658400.0
2019-07-12,2742.041,2743.734,2713.051,2734.867,668914060,5905917500.0
2019-07-15,2713.006,2753.681,2680.416,2748.447,683103460,6309895600.0
2019-07-16,2743.924,2757.885,2739.447,2757.885,566293970,5426468600.0
2019-07-17,2754.984,2768.901,2748.105,2756.919,687705580,5849155300.0
2019-07-18,2745.295,2745.295,2701.608,2701.608,756082350,6277945000.0
2019-07-19,2707.075,2746.836,2707.075,2725.296,748388590,6652229600.0
2019-07-22,2722.449,2723.358,2627.223,2628.228,881315000,8465351600.0
2019-07-23,2616.845,2657.587,2616.785,2657.587,649267670,6132339700.0
2019-07-24,2666.932,2712.486,2666.932,2701.226,734278180,7480029400.0
2019-07-25,2701.009,2720.273,2695.984,2710.213,607381280,6944099000.0
2019-07-26,2703.808,2718.793,2698.141,2716.643,620813430,6540843300.0
2019-07-29,2722.022,2749.472,2718.836,2745.874,763899760,7519136500.0
2019-07-30,2749.363,2778.604,2747.466,2758.649,814806810,9478577800.0
2019-07-31,2762.36,2762.36,2741.151,2749.449,739114210,8474685500.0
2019-08-01,2737.428,2769.037,2728.696,2768.825,873655840,9897723200.0
2019-08-02,2713.117,2739.566,2698.632,2728.384,920659890,10987140900.0
2019-08-05,2719.318,2740.571,2691.807,2693.013,746416250,8671401200.0
2019-08-06,2641.336,2641.336,2556.554,2617.366,983121230,10930809200.0
2019-08-07,2632.96,2638.575,2597.307,2597.949,655449660,7921231700.0
2019-08-08,2602.854,2617.374,2599.371,2603.409,593408740,6826388400.0
2019-08-09,2615.233,2620.041,2561.0,2565.8,607833450,7335709700.0
2019-08-12,2570.545,2607.141,2558.011,2607.141,600043940,6460503300.0
2019-08-13,2589.839,2597.865,2580.62,2596.827,625220280,7210681300.0
2019-08-14,2625.627,2638.8,2610.962,2614.431,679984970,7761329300.0
2019-08-15,2551.6,2613.457,2540.064,2613.457,640651150,6873736800.0
2019-08-16,2614.844,2638.6,2611.403,2619.492,680603540,7579347000.0
2019-08-19,2634.865,2687.878,2632.649,2687.878,903944040,9539544800.0
2019-08-20,2689.796,2708.537,2684.892,2693.927,828622530,8694792900.0
2019-08-21,2691.231,2698.856,2685.075,2691.589,682494910,7635380200.0
2019-08-22,2696.301,2705.672,2682.58,2704.477,794208530,7586429800.0
2019-08-23,2702.577,2711.67,2681.255,2685.908,871180990,8571892600.0
2019-08-26,2626.309,2666.645,2620.55,2654.984,768736920,7788108000.0
2019-08-27,2668.705,2712.021,2668.705,2708.5,922570030,8871724600.0
2019-08-28,2711.829,2720.733,2705.228,2712.492,826492480,8015188500.0
2019-08-29,2716.588,2720.378,2703.941,2705.291,838975120,7605005400.0
2019-08-30,2714.378,2718.505,2654.99,2668.951,990378900,8473158600.0
2019-09-02,2673.332,2743.185,2673.332,2739.592,983312590,8495722000.0
2019-09-03,2745.045,2760.543,2739.968,2760.543,971430340,9046987000.0
2019-09-04,2759.618,2781.332,2753.291,2781.182,1186556040,9876904100.0
2019-09-05,2789.559,2833.244,2789.559,2803.678,1466293400,12298292400.0
2019-09-06,2807.504,2817.264,2792.838,2815.178,1131723790,9564888500.0
2019-09-09,2840.788,2874.22,2830.308,2874.22,1272468280,11617834300.0
2019-09-10,2879.107,2887.923,2866.618,2882.173,1212085800,11080715700.0
2019-09-11,2887.358,2898.723,2869.882,2871.76,1162110520,10666344500.0
2019-09-12,2875.651,2885.823,2864.885,2883.843,895499340,8493084200.0
2019-09-16,2895.433,2903.802,2874.604,2888.509,926871180,8658625400.0
2019-09-17,2883.422,2883.422,2810.351,2820.733,989942690,8886469800.0
2019-09-18,2824.472,2838.144,2817.844,2830.001,731021370,7068015100.0
2019-09-19,2836.525,2874.688,2832.364,2874.688,756796160,8242509300.0
2019-09-20,2877.174,2895.586,2873.584,2881.76,958754480,9125534700.0
2019-09-23,2875.726,2875.726,2834.349,2852.447,905431720,8173253800.0
2019-09-24,2851.872,2882.184,2850.265,2863.731,893903440,8554055400.0
2019-09-25,2853.18,2853.18,2811.283,2811.283,828655740,8303340900.0
2019-09-26,2822.127,2828.425,2743.847,2744.128,932377150,9297566100.0
2019-09-27,2745.098,2790.66,2745.098,2779.404,763396280,8617244300.0
2019-09-30,2776.653,2787.657,2750.966,2750.966,593877370,6500500000.0
2019-10-08,2752.645,2784.328,2752.645,2762.386,598356660,6383504600.0
2019-10-09,2758.408,2800.354,2743.757,2800.354,692018970,6934066000.0
2019-10-10,2808.812,2834.152,2803.922,2834.152,750058330,7635473200.0
2019-10-11,2840.243,2857.508,2824.168,2845.983,815106700,8735090800.0
2019-10-14,2864.805,2885.733,2858.802,2881.677,925461990,9765755300.0
2019-10-15,2870.403,2870.403,2841.777,2847.551,818059330,8527273900.0
2019-10-16,2847.074,2851.022,2815.812,2820.237,739872700,7583868700.0
2019-10-17,2815.934,2830.518,2805.456,2812.276,636435840,6099489400.0
2019-10-18,2812.789,2825.541,2766.308,2771.889,752189160,7726926100.0
2019-10-21,2773.153,2773.153,2733.768,2761.894,605320590,5425735100.0
2019-10-22,2761.929,2788.838,2761.43,2788.838,604108300,6109677000.0
2019-10-23,2788.997,2788.997,2760.388,2768.992,554043050,5631234800.0
2019-10-24,2767.187,2773.438,2751.367,2766.777,513268110,5230728600.0
2019-10-25,2763.608,2780.873,2742.906,2777.081,564763060,5431753500.0
2019-10-28,2771.597,2813.944,2771.026,2813.944,701245850,6670108700.0
2019-10-29,2808.294,2808.96,2764.53,2764.53,688468200,6425574600.0
2019-10-30,2749.955,2749.955,2711.411,2716.865,603573520,5730819100.0
2019-10-31,2718.74,2723.34,2676.845,2678.302,553606060,5280362400.0
2019-11-01,2673.811,2705.859,2663.813,2699.331,488124860,4918513500.0
2019-11-04,2704.462,2708.676,2688.503,2695.545,503433410,5106783500.0
2019-11-05,2695.251,2696.051,2664.797,2687.005,580895570,5750059500.0
2019-11-06,2689.178,2693.299,2658.913,2665.651,544071140,5345386800.0
2019-11-07,2663.912,2684.977,2657.543,2680.945,585737170,4835314700.0
2019-11-08,2691.094,2696.81,2669.889,2671.891,570352340,5324641900.0
2019-11-11,2656.904,2656.904,2598.182,2601.443,616566130,5700421600.0
2019-11-12,2599.831,2615.842,2583.286,2615.842,569564550,5260704000.0
2019-11-13,2612.737,2613.248,2598.207,2607.079,504082410,4885186900.0
2019-11-14,2610.746,2636.267,2608.248,2628.952,506820340,5151005900.0
2019-11-15,2632.301,2632.301,2600.274,2600.274,580943340,5780403800.0
2019-11-18,2594.858,2616.624,2593.352,2613.57,479384380,5289092900.0
2019-11-19,2615.654,2661.545,2611.96,2661.545,565428810,6134073800.0
2019-11-20,2655.774,2658.751,2629.526,2630.821,579114110,6283673800.0
2019-11-21,2622.622,2641.664,2614.673,2636.702,563545230,5666781800.0
2019-11-22,2634.995,2657.918,2605.401,2617.814,730089170,6925243000.0
2019-11-25,2613.422,2616.491,2588.804,2607.303,628204460,5373698900.0
2019-11-26,2605.892,2615.854,2598.38,2601.122,574294430,5766304700.0
2019-11-27,2596.699,2603.367,2584.789,2593.74,561725830,5623579000.0
2019-11-28,2592.391,2607.343,2585.225,2589.266,553060810,5796263300.0
2019-11-29,2593.251,2594.027,2569.381,2594.003,618183770,6050703800.0
2019-12-02,2594.407,2601.499,2585.226,2593.16,558925880,5171803800.0
2019-12-03,2584.655,2606.717,2571.398,2606.717,641663980,5466922600.0
2019-12-04,2595.001,2618.001,2591.63,2618.001,652211440,5622840100.0
2019-12-05,2626.016,2647.199,2626.016,2645.447,681964160,6354525800.0
2019-12-06,2650.712,2667.812,2644.945,2667.812,692334400,6764347700.0
2019-12-09,2672.074,2681.894,2664.116,2681.894,757404220,7763840500.0
2019-12-10,2680.844,2697.492,2669.119,2697.427,822102210,8284662700.0
2019-12-11,2696.766,2698.437,2679.754,2687.874,776302250,8357779600.0
2019-12-12,2683.891,2698.504,2678.47,2680.237,808022230,8546272200.0
2019-12-13,2694.514,2709.845,2692.951,2708.698,851225170,9148739800.0
2019-12-16,2719.048,2752.879,2711.774,2752.879,965976210,9570259100.0
2019-12-17,2754.706,2783.591,2751.399,2781.634,1130928320,10707964300.0
2019-12-18,2783.736,2808.54,2782.85,2799.052,1078399010,11415685600.0
2019-12-19,2798.513,2814.172,2789.806,2810.92,936886340,9972545100.0
2019-12-20,2810.751,2819.662,2786.018,2787.467,929399150,8637462400.0
2019-12-23,2779.378,2789.619,2737.3,2737.521,942384590,8859378100.0
2019-12-24,2740.391,2789.099,2740.182,2789.099,876357420,7786105100.0
2019-12-25,2790.729,2796.537,2773.588,2790.612,849077260,7772342600.0
2019-12-26,2790.251,2822.257,2789.464,2822.246,912695190,8283134300.0
2019-12-27,2824.708,2835.475,2798.372,2799.556,919421380,9304295200.0
2019-12-30,2785.46,2801.683,2748.639,2800.633,791859700,8473180000.0
2019-12-31,2800.265,2812.489,2791.254,2812.489,737817900,7366299700.0
2020-01-02,2824.241,2853.452,2819.362,2851.687,958673460,9278633600.0
2020-01-03,2854.46,2862.104,2840.97,2857.485,865353960,8391562400.0
2020-01-06,2842.306,2902.15,2836.823,2883.309,1166279700,10796494100.0
2020-01-07,2887.754,2921.27,2886.885,2921.27,1074211710,10340497900.0
2020-01-08,2911.238,2929.124,2879.26,2890.867,1223636100,11206417200.0
2020-01-09,2908.441,2939.509,2908.362,2939.509,1045024550,10170608000.0
2020-01-10,2940.253,2943.006,2910.756,2923.274,931339050,9124184400.0
2020-01-13,2920.17,2941.807,2894.627,2941.807,827717600,8851826200.0
2020-01-14,2949.927,2956.618,2942.848,2948.734,947295450,10468856500.0
2020-01-15,2942.625,2942.822,2908.904,2918.664,795270520,8919591100.0
2020-01-16,2924.464,2932.712,2903.602,2906.549,869524660,9149197600.0
2020-01-17,2910.152,2916.691,2891.432,2893.11,812247090,9166741500.0
2020-01-20,2888.419,2907.384,2871.808,2907.384,826907170,9057044900.0
2020-01-21,2901.629,2901.74,2863.623,2863.623,880221780,9748340500.0
2020-01-22,2849.726,2882.272,2812.2,2868.773,826873540,9413576200.0
2020-01-23,2843.425,2853.385,2736.619,2762.716,1003717420,9912194500.0
2020-02-03,2485.268,2492.42,2485.062,2490.601,429309270,4644030700.0
2020-02-04,2320.319,2461.732,2320.319,2452.416,1287280000,10471377100.0
2020-02-05,2464.133,2544.305,2464.133,2510.356,1041072280,9647496500.0
2020-02-06,2519.167,2578.201,2497.991,2567.681,1085654010,10106165000.0
2020-02-07,2574.067,2600.501,2557.524,2600.425,1257696910,12018205600.0
2020-02-10,2594.678,2661.58,2590.649,2661.153,1191020200,11382087400.0
2020-02-11,2664.711,2672.645,2641.716,2653.466,1186518300,13192444900.0
2020-02-12,2641.392,2692.917,2639.558,2692.917,1025126090,11880786100.0
2020-02-13,2686.674,2700.932,2653.35,2661.164,1186481270,12512926100.0
2020-02-14,2653.83,2678.722,2636.076,2656.268,1057415780,10132911200.0
2020-02-17,2668.249,2759.595,2668.249,2759.595,1281194240,12979811200.0
2020-02-18,2768.336,2815.334,2765.952,2815.334,1361295600,14017809000.0
2020-02-19,2810.277,2844.444,2800.658,2814.291,1577319300,15885682000.0
2020-02-20,2821.301,2867.329,2806.753,2865.582,1517384200,14895676000.0
2020-02-21,2860.411,2907.307,2859.734,2892.127,1708354000,17166427000.0
2020-02-24,2890.183,2935.895,2879.337,2930.895,1724770300,17006367000.0
2020-02-25,2869.365,2924.065,2811.827,2923.936,2021786300,19552195000.0
2020-02-26,2895.325,2958.159,2889.957,2907.593,2096958800,19684581000.0
2020-02-27,2920.364,2939.525,2878.576,2916.246,1690083600,17276665000.0
2020-02-28,2825.235,2853.689,2750.86,2750.86,1905684400,18079675000.0
2020-03-02,2774.647,2880.948,2774.647,2875.201,1379731700,14544602000.0
2020-03-03,2924.717,2963.991,2891.036,2919.91,1846339600,17873577000.0
2020-03-04,2903.339,2956.079,2897.827,2956.079,1721631400,16776263000.0
2020-03-05,2980.503,3010.965,2971.307,3007.678,1957384700,18118414000.0
2020-03-06,2965.463,3049.529,2959.719,3026.099,1928737800,17857662000.0
2020-03-09,2979.845,2994.326,2914.89,2914.89,1860015900,17824031000.0
2020-03-10,2860.992,2958.137,2814.573,2958.137,1830131800,17064900000.0
2020-03-11,2960.539,2990.848,2922.863,2922.863,1737873600,15064827000.0
2020-03-12,2870.611,2891.976,2840.168,2861.871,1442942100,12119171300.0
2020-03-13,2714.036,2839.545,2711.288,2815.069,1431685600,12331202900.0
2020-03-16,2844.502,2854.95,2704.525,2716.281,1307238850,11785949500.0
2020-03-17,2728.124,2760.005,2622.725,2718.65,1257117190,11485209600.0
2020-03-18,2739.979,2779.514,2676.067,2676.067,1567916800,12291959200.0
2020-03-19,2662.364,2706.292,2623.012,2697.796,1438944900,10630177800.0
2020-03-20,2722.227,2738.956,2691.77,2738.901,1142449290,9120055000.0
2020-03-23,2679.538,2712.937,2640.036,2651.801,1628339900,10997273800.0
2020-03-24,2693.399,2709.317,2627.819,2696.626,1460795200,10581031400.0
2020-03-25,2744.747,2750.955,2722.415,2747.898,1411362900,10196311600.0
2020-03-26,2729.321,2736.633,2695.933,2700.657,1238478810,8906715400.0
2020-03-27,2721.515,2733.566,2693.255,2694.774,1060955390,8132073500.0
2020-03-30,2658.072,2658.072,2595.95,2631.085,1087065630,8039316100.0
2020-03-31,2649.434,2654.056,2613.609,2617.291,875797350,6401774200.0
2020-04-01,2611.351,2642.381,2596.63,2600.21,871064760,6881952400.0
2020-04-02,2588.884,2650.2,2582.226,2650.2,833814870,6804240500.0
2020-04-03,2648.649,2654.603,2618.107,2627.991,739432740,6155093300.0
2020-04-07,2665.51,2699.331,2664.371,2699.331,1001389560,8173324600.0
2020-04-08,2687.124,2721.557,2681.846,2715.637,1055656780,8798415700.0
2020-04-09,2723.557,2734.922,2717.195,2725.535,927701950,7636854500.0
2020-04-10,2726.728,2726.728,2652.962,2665.746,941627300,7976756300.0
2020-04-13,2655.37,2655.885,2628.476,2651.392,637915510,5698199600.0
2020-04-14,2662.536,2697.209,2662.536,2697.209,726195660,6520305100.0
2020-04-15,2699.034,2699.034,2667.823,2670.372,1146102170,7774679500.0
2020-04-16,2657.997,2679.0,2645.92,2674.984,1179329790,7324402400.0
2020-04-17,2680.558,2698.29,2674.961,2677.745,1220761060,8639878700.0
2020-04-20,2681.249,2702.818,2674.382,2702.818,949368260,7205726800.0
2020-04-21,2695.017,2695.089,2660.73,2689.77,892393180,7337267400.0
2020-04-22,2676.006,2713.781,2667.052,2713.272,844249260,6948918800.0
2020-04-23,2720.035,2726.989,2703.194,2712.794,1231087010,8160793400.0
2020-04-24,2718.68,2723.978,2684.712,2694.237,1505202700,11009598100.0
2020-04-27,2690.26,2699.887,2675.786,2678.999,1234045450,8868317700.0
2020-04-28,2668.676,2669.528,2529.99,2598.875,1467153800,11075134600.0
2020-04-29,2587.176,2611.129,2579.964,2592.263,760318630,6228260200.0
2020-04-30,2600.558,2655.256,2600.558,2649.771,852795550,7101938000.0
2020-05-06,2625.971,2698.193,2621.948,2698.193,839786940,7505383000.0
2020-05-07,2698.293,2704.789,2685.324,2692.058,1123331320,8241782100.0
2020-05-08,2701.938,2721.727,2699.47,2720.016,1053156380,7638939800.0
2020-05-11,2728.142,2737.536,2711.644,2730.894,1054097070,8044141100.0
2020-05-12,2728.604,2730.543,2693.663,2729.631,997267840,8301030500.0
2020-05-13,2720.447,2740.724,2710.836,2739.543,834516560,7376046300.0
2020-05-14,2727.646,2733.852,2713.995,2716.452,883835080,7598464100.0
2020-05-15,2720.957,2733.278,2713.349,2714.749,809232880,7182558500.0
2020-05-18,2719.502,2735.159,2701.945,2713.002,1038124310,8769382000.0
2020-05-19,2729.235,2746.201,2725.44,2746.031,979352260,8618178500.0
2020-05-20,2740.101,2746.167,2722.036,2730.489,1031120810,9001321100.0
2020-05-21,2737.142,2739.017,2715.198,2720.685,1101219460,9547929900.0
2020-05-22,2708.98,2709.1,2656.882,2670.13,988593120,8816091300.0
2020-05-25,2663.552,2669.271,2651.795,2666.094,803947720,7299481400.0
2020-05-26,2669.996,2709.155,2669.996,2708.993,890549240,7956913800.0
2020-05-27,2710.62,2711.582,2694.636,2704.986,894088200,7717320400.0
2020-05-28,2702.846,2710.447,2660.342,2696.637,873938240,8022250900.0
2020-05-29,2682.799,2720.261,2678.279,2713.537,801572440,7383930900.0
2020-06-01,2723.032,2783.451,2723.032,2783.451,994765570,9146283600.0
2020-06-02,2790.808,2816.198,2785.076,2810.244,1011637420,10205381100.0
2020-06-03,2817.607,2835.31,2809.855,2815.548,1154689040,10503023200.0
2020-06-04,2817.683,2840.982,2812.781,2837.352,1176911980,10423345400.0
2020-06-05,2841.325,2847.797,2830.427,2847.556,1057021500,9918286700.0
2020-06-08,2855.629,2859.345,2836.897,2840.314,1000730960,9259712000.0
2020-06-09,2841.84,2843.766,2826.476,2843.556,877149320,8184895600.0
2020-06-10,2840.583,2840.709,2810.989,2824.529,847478630,7649153200.0
2020-06-11,2822.15,2842.274,2796.266,2811.022,874806580,8023119400.0
2020-06-12,2755.221,2818.114,2747.108,2807.314,903006100,7616126800.0
2020-06-15,2801.319,2830.073,2793.423,2793.423,925595920,8013830600.0
2020-06-16,2812.476,2845.726,2812.476,2845.726,855674600,7912147500.0
2020-06-17,2853.43,2853.801,2828.194,2849.966,855358680,8482791400.0
2020-06-18,2854.856,2855.062,2837.061,2847.812,746436040,7443544000.0
2020-06-19,2846.519,2854.219,2840.018,2848.08,812405220,8176918400.0
2020-06-22,2850.225,2857.533,2837.081,2842.013,891246190,8773440800.0
2020-06-23,2837.9,2837.956,2814.051,2824.529,778041480,7851429400.0
2020-06-24,2827.614,2831.039,2815.767,2822.502,694843080,7415396200.0
2020-06-29,2816.577,2816.577,2801.114,2808.627,782075630,7191770700.0
2020-06-30,2816.861,2857.101,2816.861,2854.786,837368500,9625279600.0
2020-07-01,2861.355,2873.394,2848.493,2873.394,956018320,10006182200.0
2020-07-02,2872.873,2902.323,2862.289,2902.323,993433190,10337790700.0
2020-07-03,2904.06,2929.868,2902.961,2929.868,1156039820,11199604000.0
2020-07-06,2943.173,3025.896,2943.173,3025.896,1699283600,16445236000.0
2020-07-07,3043.119,3082.117,3003.895,3056.096,1776764500,17883990000.0
2020-07-08,3051.934,3116.471,3036.235,3115.726,1628878000,16075886000.0
2020-07-09,3120.224,3196.859,3117.036,3196.859,1855445200,18813058000.0
2020-07-10,3196.623,3212.792,3160.157,3165.624,1585531300,16492830000.0
2020-07-13,3185.981,3278.151,3185.981,3278.151,1554905300,17218128000.0
2020-07-14,3291.292,3323.302,3242.163,3303.408,1991341800,19078389000.0
2020-07-15,3319.769,3321.968,3199.34,3207.705,1744543000,18403773000.0
2020-07-16,3203.008,3215.034,3064.352,3067.599,1688176500,15663932000.0
2020-07-17,3069.434,3105.605,3036.726,3069.268,1329557050,12776794300.0
2020-07-20,3093.874,3196.546,3093.841,3196.546,1374025100,13194093600.0
2020-07-21,3210.628,3215.352,3179.629,3203.069,1215255140,11831123900.0
2020-07-22,3201.392,3234.539,3187.371,3208.221,1225054250,13368239300.0
2020-07-23,3192.101,3211.676,3127.427,3206.283,1370260500,14488364000.0
2020-07-24,3202.215,3234.706,3104.827,3115.335,1671291000,17198011000.0
2020-07-27,3130.491,3140.521,3081.934,3123.686,1382314300,13079904300.0
2020-07-28,3139.988,3182.106,3135.196,3165.404,1258433170,12149316400.0
2020-07-29,3157.871,3236.783,3139.386,3236.783,1282554890,13450526000.0
2020-07-30,3241.672,3263.571,3225.908,3232.341,1275628580,13454071000.0
2020-07-31,3227.438,3276.998,3214.108,3276.998,1319679800,14586219000.0
2020-08-03,3301.231,3387.659,3301.231,3387.659,1731627500,18123763000.0
2020-08-04,3399.478,3399.478,3344.365,3365.367,1479590200,17060966000.0
2020-08-05,3365.887,3417.229,3348.915,3415.389,1348719800,16378649000.0
2020-08-06,3417.659,3432.982,3368.801,3422.476,1587088200,18001887000.0
2020-08-07,3408.069,3408.069,3330.048,3378.479,1524737900,16741569000.0
2020-08-10,3367.216,3427.598,3364.401,3412.644,1438034000,17092984000.0
2020-08-11,3409.897,3417.689,3344.369,3347.68,1488033500,15899343000.0
2020-08-12,3332.545,3336.2,3252.45,3326.95,1466306900,15220399000.0
2020-08-13,3338.789,3367.711,3338.083,3350.226,1330999220,12766334200.0
2020-08-14,3346.254,3373.057,3316.303,3373.057,1251390170,12034425300.0
2020-08-17,3375.648,3439.635,3366.173,3439.635,1488608800,14771248000.0
2020-08-18,3444.845,3473.405,3439.151,3465.801,1527017200,15930192000.0
2020-08-19,3461.756,3481.563,3425.788,3429.687,1559722000,15933383000.0
2020-08-20,3399.901,3413.829,3360.581,3369.839,1148853710,13302100700.0
2020-08-21,3386.5,3415.294,3373.737,3399.592,1201175310,13858308000.0
2020-08-24,3404.786,3425.674,3349.951,3417.013,1244379590,14427322000.0
2020-08-25,3413.796,3457.011,3410.165,3450.557,1606150200,17509396000.0
2020-08-26,3447.511,3450.422,3361.272,3369.905,1680148200,17416576000.0
2020-08-27,3365.839,3445.525,3352.569,3438.526,1632243700,17097970000.0
2020-08-28,3427.901,3465.509,3422.094,3460.518,1648143900,18799100000.0
2020-08-31,3474.207,3509.121,3474.207,3480.539,1570831700,18357573000.0
2020-09-01,3481.178,3542.472,3480.854,3542.472,1651547400,18560322000.0
2020-09-02,3547.948,3596.031,3529.597,3573.309,2041297500,22352800000.0
2020-09-03,3572.006,3572.006,3515.557,3527.113,1782487400,20754237000.0
2020-09-04,3460.352,3573.735,3449.748,3572.389,1759850700,18354926000.0
2020-09-07,3581.277,3637.71,3550.149,3574.844,2174853600,22259976000.0
2020-09-08,3571.496,3600.669,3539.05,3600.669,2119866000,20228911000.0
2020-09-09,3564.77,3616.92,3513.678,3513.678,2650004400,25290485000.0
2020-09-10,3519.416,3528.0,3310.821,3319.758,2117898900,20047114000.0
2020-09-11,3296.71,3412.632,3294.79,3400.413,1493128600,14921210000.0
2020-09-14,3429.103,3493.492,3425.223,3490.249,1721188500,17300055000.0
2020-09-15,3493.262,3503.366,3462.709,3491.357,1517068300,15632484000.0
2020-09-16,3482.73,3493.097,3459.31,3487.779,1346862200,14835842000.0
2020-09-17,3485.857,3543.574,3476.256,3520.485,1447311700,16944400000.0
2020-09-18,3511.674,3545.706,3506.731,3543.62,1504810500,16242301000.0
2020-09-21,3541.665,3554.587,3517.806,3529.251,1205778380,13579173000.0
2020-09-22,3492.218,3510.426,3459.303,3466.448,1702718500,15520930000.0
2020-09-23,3476.921,3514.289,3476.921,3507.383,1470965600,14342684000.0
2020-09-24,3481.766,3483.376,3395.328,3395.779,1887305100,16496180000.0
2020-09-25,3407.722,3415.79,3349.02,3365.429,1188158810,10963236100.0
2020-09-28,3369.068,3373.933,3307.127,3309.591,1278058070,11459937700.0
2020-09-29,3326.231,3355.152,3305.029,3337.476,1112266520,10037700600.0
2020-09-30,3347.496,3364.258,3331.908,3349.057,1216839720,10635503100.0
2020-10-09,3406.412,3479.114,3406.412,3479.016,1526527600,14679791000.0
2020-10-12,3499.797,3584.765,3499.797,3584.765,1942065200,19293214000.0
2020-10-13,3582.64,3616.873,3563.78,3612.4,1752615000,18190908000.0
2020-10-14,3616.535,3638.885,3609.78,3638.575,2139862700,21203503000.0
2020-10-15,3633.526,3652.246,3622.253,3626.012,1613327600,17665156000.0
2020-10-16,3618.239,3630.136,3600.455,3625.703,1803143300,18035517000.0
2020-10-19,3635.665,3657.013,3616.682,3624.23,1659834000,17676960000.0
2020-10-20,3615.515,3671.882,3592.06,3671.882,1769404400,18177248000.0
2020-10-21,3666.984,3667.067,3597.433,3605.798,1582819400,17821747000.0
2020-10-22,3593.298,3624.861,3560.717,3604.273,1363305000,15495305000.0
2020-10-23,3605.774,3621.665,3541.755,3549.271,1424357600,15869247000.0
2020-10-26,3543.115,3600.226,3519.599,3591.976,1301491340,15142747000.0
2020-10-27,3577.869,3609.12,3558.047,3589.925,1517867100,16675101000.0
2020-10-28,3586.031,3618.81,3540.904,3614.464,1670279200,18796643000.0
2020-10-29,3559.05,3614.189,3548.215,3595.335,1682856700,18383076000.0
2020-10-30,3597.852,3605.366,3491.158,3493.235,1955407600,19501435000.0
2020-11-02,3501.516,3543.441,3487.192,3541.913,1779702700,18366773000.0
2020-11-03,3555.562,3615.338,3550.049,3615.338,1724294100,18384940000.0
2020-11-04,3617.322,3636.579,3577.234,3610.06,1622936200,18221147000.0
2020-11-05,3636.807,3670.034,3622.477,3670.034,1691409500,19251852000.0
2020-11-06,3676.951,3676.951,3591.293,3617.086,1875051900,19670522000.0
2020-11-09,3632.428,3702.333,3627.753,3694.191,1863040300,20361230000.0
2020-11-10,3699.83,3699.83,3634.081,3655.88,1979297000,20211513000.0
2020-11-11,3646.563,3657.674,3605.992,3610.784,1620356900,17081391000.0
2020-11-12,3617.497,3619.009,3585.902,3600.695,1561068400,14428683000.0
2020-11-13,3591.42,3615.745,3570.761,3608.035,1567469700,14028158000.0
2020-11-16,3618.383,3623.244,3592.817,3618.333,1672004100,15063111000.0
2020-11-17,3616.338,3616.426,3579.726,3601.401,2047190300,16913202000.0
2020-11-18,3590.644,3618.287,3582.786,3616.586,1886225400,15695263000.0
2020-11-19,3609.71,3651.541,3595.747,3645.623,1831055800,15828283000.0
2020-11-20,3641.244,3667.872,3632.212,3665.247,1643395000,15414070000.0
2020-11-23,3670.562,3672.656,3641.287,3657.914,1719395400,15746759000.0
2020-11-24,3655.341,3668.651,3646.525,3658.623,1683229100,14486313000.0
2020-11-25,3659.212,3660.345,3611.422,3611.422,1861249100,16077388000.0
2020-11-26,3601.387,3609.007,3564.844,3583.849,1463644300,13055407400.0
2020-11-27,3587.62,3588.172,3551.633,3579.643,1261676980,11718418000.0
2020-11-30,3575.681,3586.883,3548.456,3556.053,1318252880,12560144200.0
2020-12-01,3546.565,3605.69,3540.294,3604.96,1286742860,12495894500.0
2020-12-02,3602.467,3604.501,3585.409,3602.408,1403701000,13504999000.0
2020-12-03,3597.575,3597.575,3568.13,3579.072,1271509680,12080345700.0
2020-12-04,3574.054,3582.309,3557.99,3575.729,1008940600,9571025100.0
2020-12-07,3579.968,3581.23,3563.412,3564.916,1029529380,9957494300.0
2020-12-08,3567.156,3580.895,3558.545,3560.577,1211576160,10268495400.0
2020-12-09,3562.271,3563.026,3491.621,3495.542,1466756500,12868385400.0
2020-12-10,3482.112,3517.066,3465.717,3497.324,1317866640,11696000500.0
2020-12-11,3489.966,3492.433,3384.512,3412.463,1392536600,12927607600.0
2020-12-14,3410.468,3446.871,3384.202,3443.158,1089606940,10705905700.0
2020-12-15,3438.864,3445.967,3415.798,3437.972,1206213820,10552072200.0
2020-12-16,3437.309,3438.655,3384.172,3387.434,1283745040,10906632800.0
2020-12-17,3381.205,3417.057,3333.035,3415.473,1358873200,11713648800.0
2020-12-18,3416.232,3432.561,3397.752,3400.452,1467140800,12633672700.0
2020-12-21,3397.428,3444.137,3390.813,3439.237,1357576000,12157652900.0
2020-12-22,3431.074,3437.395,3367.786,3369.369,1513214200,13996058000.0
2020-12-23,3366.618,3407.651,3366.618,3399.584,1449481500,13539325000.0
2020-12-24,3394.916,3397.821,3343.789,3348.934,1512954400,14389076000.0
2020-12-25,3343.347,3403.806,3334.75,3392.157,1582438100,13963493000.0
2020-12-28,3389.846,3389.846,3340.903,3348.665,1608059300,14884407000.0
2020-12-29,3350.852,3368.307,3324.335,3328.161,1585885200,13655194000.0
2020-12-30,3321.71,3349.302,3305.682,3331.035,1378452800,12587126500.0
2020-12-31,3328.276,3374.906,3328.276,3374.906,1394055600,12726017000.0
2021-01-04,3369.685,3433.924,3369.685,3428.807,1483830400,14817546000.0
2021-01-05,3417.749,3417.749,3375.189,3406.141,1527824000,14830824000.0
2021-01-06,3393.773,3394.062,3334.128,3340.295,1729779800,16090419000.0
2021-01-07,3335.895,3335.941,3209.337,3228.797,1737992800,16425168000.0
2021-01-08,3220.223,3245.708,3154.581,3214.589,1592851300,15926766000.0
2021-01-11,3216.148,3219.169,3121.604,3133.266,1528701900,15035658000.0
2021-01-12,3128.32,3179.978,3119.716,3168.056,1423893600,14638554000.0
2021-01-13,3162.231,3162.231,3115.786,3130.602,1568444200,15957782000.0
2021-01-14,3121.514,3167.991,3088.758,3148.698,1406228200,14056253000.0
2021-01-15,3141.36,3205.15,3137.397,3203.988,1342309300,13718019000.0
2021-01-18,3193.988,3254.369,3191.808,3254.369,1285225530,12605025000.0
2021-01-19,3251.287,3283.533,3248.223,3269.281,1365942500,13429593000.0
2021-01-20,3263.599,3286.073,3255.164,3286.073,1259832690,11794580600.0
2021-01-21,3279.185,3319.138,3275.417,3307.146,1365284500,13722767000.0
2021-01-22,3298.292,3298.292,3271.213,3281.489,1281608700,14981416000.0
2021-01-25,3269.989,3271.901,3216.602,3226.279,1193857450,14223771000.0
2021-01-26,3209.721,3238.493,3190.218,3205.642,1125017910,12552531800.0
2021-01-27,3200.354,3200.354,3169.919,3195.728,1126859190,11893884800.0
2021-01-28,3168.735,3204.714,3155.954,3159.688,1162772660,11680240800.0
2021-01-29,3171.864,3181.13,3087.326,3124.346,1185007420,12035020400.0
2021-02-01,3103.019,3138.272,3098.349,3137.999,1153355230,11353375300.0
2021-02-02,3135.565,3150.669,3112.233,3141.713,1081000780,10870568700.0
2021-02-03,3134.371,3136.184,3090.084,3091.009,1129395770,10859266500.0
2021-02-04,3080.137,3080.137,2983.197,3017.475,1078967980,10586613900.0
2021-02-05,3016.674,3050.22,2962.688,2962.688,984651030,9669251700.0
2021-02-08,2964.986,2982.495,2936.558,2961.598,864160250,11698575800.0
2021-02-09,2961.812,3015.885,2958.211,3007.108,924972530,10482236900.0
2021-02-10,3006.787,3017.253,2996.441,3013.964,792398300,9461109900.0
2021-02-18,3050.013,3101.016,3050.013,3098.357,1007932500,11689584800.0
2021-02-19,3095.564,3169.227,3083.831,3169.098,1104242630,12190419000.0
2021-02-22,3179.46,3273.842,3179.46,3217.997,1577264700,15868225000.0
2021-02-23,3207.656,3225.179,3179.193,3196.67,1370124000,12419337700.0
2021-02-24,3190.844,3237.223,3190.844,3219.582,1345951900,13106206600.0
2021-02-25,3234.593,3236.299,3188.774,3194.042,1219170200,11794679500.0
2021-02-26,3157.84,3222.52,3146.856,3208.053,1229481420,12847304100.0
2021-03-01,3220.255,3292.948,3220.255,3292.948,1445544700,13328558400.0
2021-03-02,3294.959,3297.326,3246.64,3264.729,1272183130,12755192100.0
2021-03-03,3254.753,3321.27,3254.753,3321.27,1457256400,13507471000.0
2021-03-04,3308.712,3336.276,3303.069,3311.772,1754052600,16105503000.0
2021-03-05,3291.665,3366.501,3289.736,3358.35,1691584200,14617019000.0
2021-03-08,3373.87,3389.097,3306.572,3306.572,1673257900,15366850000.0
2021-03-09,3296.125,3303.896,3161.72,3211.469,1582546600,14401432000.0
2021-03-10,3226.913,3238.519,3166.0,3170.001,1159443710,10991656300.0
2021-03-11,3167.135,3234.292,3150.718,3234.292,1153872850,10467437700.0
2021-03-12,3233.993,3246.815,3210.38,3239.165,1207498420,10601611800.0
2021-03-15,3239.485,3256.719,3208.244,3234.258,1049337470,9570630100.0
2021-03-16,3238.639,3283.342,3232.433,3283.342,1456181600,11491475400.0
2021-03-17,3281.857,3324.051,3264.467,3321.502,1433307200,11760961600.0
2021-03-18,3316.413,3332.28,3313.133,3320.842,1250997290,11355713500.0
2021-03-19,3289.041,3358.732,3281.008,3331.789,1165459590,13023550700.0
2021-03-22,3338.208,3378.681,3338.208,3378.58,1278814990,13311128400.0
2021-03-23,3381.986,3384.932,3318.255,3332.587,1366121300,12630316200.0
2021-03-24,3323.564,3363.967,3320.522,3323.989,1548166400,13179075200.0
2021-03-25,3319.478,3322.346,3282.923,3289.21,1503874700,12927486600.0
2021-03-26,3286.375,3341.135,3286.375,3334.363,1221818530,12516566200.0
2021-03-29,3342.296,3350.364,3323.88,3338.919,1143710850,11990959400.0
2021-03-30,3336.635,3336.635,3298.193,3301.37,1123513870,11693618900.0
2021-03-31,3288.503,3297.231,3272.257,3293.34,992915980,10537497800.0
2021-04-01,3291.041,3292.366,3271.767,3286.327,980611860,10518772500.0
2021-04-02,3288.491,3294.963,3272.946,3291.658,934563820,9968006600.0
2021-04-06,3298.556,3345.642,3298.556,3343.105,1104863240,10939767800.0
2021-04-07,3349.851,3378.259,3341.553,3378.144,1286280200,13412527700.0
2021-04-08,3380.759,3390.427,3361.185,3361.582,1508666900,14874965000.0
2021-04-09,3356.095,3375.576,3349.616,3372.863,1309773370,13377710800.0
2021-04-12,3372.3,3372.3,3328.864,3332.31,1381054800,13652315000.0
2021-04-13,3327.911,3329.677,3288.317,3297.072,1121196690,11073838200.0
2021-04-14,3298.043,3334.914,3287.065,3334.749,1073552270,10866565600.0
2021-04-15,3329.434,3336.199,3313.623,3334.643,1156213000,12424052900.0
2021-04-16,3334.83,3395.031,3334.379,3388.647,1278944150,13012272300.0
2021-04-19,3391.437,3453.26,3391.437,3452.014,1355990600,13746122000.0
2021-04-20,3449.44,3465.001,3437.7,3439.734,1506198900,15109917000.0
2021-04-21,3427.728,3441.259,3412.133,3429.284,1128712360,11532784800.0
2021-04-22,3432.212,3454.354,3431.535,3445.015,1090154470,10846563200.0
2021-04-23,3442.929,3442.929,3407.276,3417.297,1219688370,12997801900.0
2021-04-26,3414.494,3436.576,3398.132,3401.082,1146554860,12944204000.0
2021-04-27,3405.635,3406.956,3351.033,3377.281,1148582600,12502315800.0
2021-04-28,3368.219,3403.24,3365.678,3402.249,1174098700,12546765700.0
2021-04-29,3395.868,3406.04,3379.561,3380.266,1192374580,13352905300.0
2021-04-30,3372.564,3372.564,3337.743,3347.76,1182253850,12943940600.0
2021-05-06,3343.752,3392.913,3341.033,3389.695,1127074780,12714680600.0
2021-05-07,3389.137,3389.345,3367.609,3369.162,1263290420,13318341900.0
2021-05-10,3366.577,3376.981,3347.16,3374.17,1352215200,13650043000.0
2021-05-11,3362.444,3396.464,3353.616,3394.039,1523663700,14174531000.0
2021-05-12,3382.553,3415.7,3373.564,3415.368,1558500400,14723028000.0
2021-05-13,3384.572,3429.098,3384.017,3400.106,1549046700,14414836000.0
2021-05-14,3406.99,3441.709,3403.956,3441.709,1855498800,15486456000.0
2021-05-17,3427.214,3427.214,3386.566,3389.2,1660055400,15153855000.0
2021-05-18,3384.058,3408.101,3373.843,3407.622,1367451600,12675760200.0
2021-05-19,3398.0,3406.511,3395.159,3402.374,1506914100,12732376800.0
2021-05-20,3389.422,3403.465,3382.774,3391.805,1373102500,13731290000.0
2021-05-21,3391.802,3408.198,3391.719,3397.302,1334912310,13309412600.0
2021-05-24,3395.273,3417.756,3394.04,3417.218,1454080500,13050464900.0
2021-05-25,3415.781,3426.503,3400.38,3426.503,1269256950,12688652300.0
2021-05-26,3421.628,3447.146,3417.703,3447.146,1391103300,13713419000.0
2021-05-27,3442.491,3479.509,3437.964,3478.794,1481676900,14536278000.0
2021-05-28,3477.979,3488.211,3439.64,3446.56,1282531250,13673749000.0
2021-05-31,3451.841,3482.837,3440.406,3482.71,1294507460,14052258000.0
2021-06-01,3480.669,3507.336,3472.117,3506.778,1501166100,14252315000.0
2021-06-02,3508.549,3524.884,3496.042,3507.306,1798289700,16196377000.0
2021-06-03,3512.858,3542.604,3510.214,3518.021,1966927200,16842255000.0
2021-06-04,3507.531,3525.693,3507.349,3517.666,1656054400,14378649000.0
2021-06-07,3520.686,3545.989,3519.712,3545.989,1659822400,13963631000.0
2021-06-08,3548.038,3548.522,3522.22,3536.562,1581870300,13380255900.0
2021-06-09,3535.069,3567.317,3529.26,3565.302,1546184700,13860985000.0
2021-06-10,3562.29,3572.963,3553.274,3571.327,1607603300,14892074000.0
2021-06-11,3573.582,3584.725,3534.128,3536.16,1533640100,14235320000.0
2021-06-15,3531.746,3532.929,3512.135,3526.827,1357976900,13015643700.0
2021-06-16,3526.05,3526.747,3483.178,3489.584,1280237510,12205860300.0
2021-06-17,3491.384,3512.115,3487.978,3511.724,1224734250,11550840900.0
2021-06-18,3508.6,3557.282,3492.421,3554.114,1492394600,14239122000.0
2021-06-21,3542.82,3611.089,3539.642,3610.142,1630354300,15432557000.0
2021-06-22,3615.134,3651.535,3615.134,3651.455,1785768000,16844225000.0
2021-06-23,3650.981,3658.66,3640.723,3649.012,1563459900,15754576000.0
2021-06-24,3644.042,3645.484,3612.852,3615.512,1467297700,14747560000.0
2021-06-25,3613.16,3614.801,3583.718,3607.223,1316173130,14082789000.0
2021-06-28,3608.104,3627.207,3605.079,3620.825,1301203850,14010521000.0
2021-06-29,3618.073,3618.073,3590.767,3593.465,1353972100,13936512000.0
2021-06-30,3596.924,3642.112,3595.784,3642.112,1364261700,13976986000.0
2021-07-01,3647.087,3647.19,3570.133,3570.133,1457579200,16914534000.0
2021-07-02,3561.193,3568.629,3543.175,3556.872,1250935170,14648843000.0
2021-07-05,3562.798,3615.213,3562.592,3615.213,1295165310,14988746000.0
2021-07-06,3616.822,3629.582,3586.387,3625.756,1370882900,16465244000.0
2021-07-07,3616.112,3671.283,3611.268,3671.264,1467153100,18068443000.0
2021-07-08,3668.558,3677.081,3655.711,3662.305,1682744700,20032397000.0
2021-07-09,3650.403,3688.565,3639.22,3683.62,1488272500,18212264000.0
2021-07-12,3699.391,3744.339,3697.39,3735.043,1687649300,20362759000.0
2021-07-13,3736.641,3755.739,3719.52,3755.618,1679161700,19235438000.0
2021-07-14,3753.3,3753.37,3716.037,3721.789,1593339100,18745233000.0
2021-07-15,3708.087,3721.605,3646.011,3693.576,1590267100,18223069000.0
2021-07-16,3690.555,3712.397,3681.862,3682.652,1464267800,16794675000.0
2021-07-19,3684.975,3689.011,3661.022,3675.948,1582059500,17747442000.0
2021-07-20,3654.839,3701.288,3649.548,3701.1,1608603100,18649074000.0
2021-07-21,3707.176,3755.171,3707.176,3754.208,1645039400,19592746000.0
2021-07-22,3751.695,3786.724,3745.027,3783.073,1851598200,20517401000.0
2021-07-23,3779.551,3787.138,3744.826,3756.676,1870000700,23466378000.0
2021-07-26,3759.645,3768.189,3671.346,3738.627,1790751700,22036019000.0
2021-07-27,3738.779,3770.237,3675.82,3675.82,1791141000,23220411000.0
2021-07-28,3649.891,3657.867,3505.128,3567.15,1814719800,20480870000.0
2021-07-29,3600.829,3696.085,3600.829,3686.095,1697606300,20222855000.0
2021-07-30,3686.908,3748.745,3681.642,3741.646,1784843100,22087058000.0
2021-08-02,3746.868,3870.239,3731.662,3870.239,2211393100,28236657000.0
2021-08-03,3871.322,3911.632,3841.231,3851.518,2245823200,28850083000.0
2021-08-04,3840.111,3916.32,3840.111,3916.32,1948472500,24791117000.0
2021-08-05,3906.039,3922.434,3884.263,3908.208,1982833300,24042873000.0
2021-08-06,3903.431,3915.048,3876.022,3907.186,1935302000,22479170000.0
2021-08-09,3913.581,3936.707,3891.341,3935.488,2030260200,24142575000.0
2021-08-10,3927.614,3986.725,3927.019,3981.586,2131594000,25240100000.0
2021-08-11,3986.706,4048.686,3968.656,4048.656,2208202000,26880488000.0
2021-08-12,4047.139,4047.139,4003.142,4026.063,2174410800,26762218000.0
2021-08-13,4011.859,4047.562,4011.841,4045.241,2125786200,26776027000.0
2021-08-16,4041.769,4087.756,4022.788,4063.443,2358912500,28666802000.0
2021-08-17,4058.643,4071.406,3935.286,3944.884,2400784800,28455788000.0
2021-08-18,3934.406,3994.034,3933.956,3975.479,1967635000,24376732000.0
2021-08-19,3961.901,3972.822,3894.666,3951.893,1900566500,23012191000.0
2021-08-20,3956.797,4013.039,3909.162,3995.757,2086474500,27604008000.0
2021-08-23,4053.113,4283.649,4052.673,4283.32,2836970400,38387480000.0
2021-08-24,4354.982,4368.011,4319.693,4334.538,3496498300,48529609000.0
2021-08-25,4316.24,4343.215,4274.14,4342.712,3096888100,41071195000.0
2021-08-26,4331.789,4421.565,4313.771,4370.179,3400910800,44562609000.0
2021-08-27,4343.692,4435.822,4329.788,4397.459,3315253400,45359954000.0
2021-08-30,4374.031,4424.346,4357.751,4421.719,3330703100,46470217000.0
2021-08-31,4403.572,4408.564,4341.331,4346.888,2828826000,37411404000.0
2021-09-01,4334.349,4337.779,4187.823,4244.468,2743737300,35870658000.0
2021-09-02,4223.473,4325.07,4223.473,4321.199,2356030800,31348973000.0
2021-09-03,4316.518,4411.384,4281.086,4316.923,2512461000,33777365000.0
2021-09-06,4325.358,4369.18,4269.917,4369.18,2231133100,30894713000.0
2021-09-07,4367.518,4399.621,4348.074,4394.137,2178653400,30396628000.0
2021-09-08,4393.051,4395.319,4353.819,4369.122,2350205100,30931826000.0
2021-09-09,4368.214,4368.764,4319.493,4359.308,2237127700,29779168000.0
2021-09-10,4360.15,4360.15,4277.132,4302.623,2185517200,27968285000.0
2021-09-13,4302.707,4318.652,4266.773,4318.178,2479519500,28200514000.0
2021-09-14,4315.479,4362.798,4292.848,4331.822,2847541700,33889783000.0
2021-09-15,4315.359,4383.437,4296.325,4371.307,2558990700,31602613000.0
2021-09-16,4375.55,4416.265,4315.209,4316.345,2746176600,32260883000.0
2021-09-17,4298.721,4317.007,4220.466,4277.561,2576876400,31442734000.0
2021-09-22,4221.783,4316.142,4215.665,4308.156,2041129300,25768410000.0
2021-09-23,4320.876,4335.726,4289.989,4298.111,2078310600,25927372000.0
2021-09-24,4288.367,4288.367,4190.497,4190.822,1955553600,26368475000.0
2021-09-27,4192.408,4202.088,3970.391,4006.53,1781673400,20482560000.0
2021-09-28,4005.542,4064.343,4004.112,4054.947,1296373860,16210946000.0
2021-09-29,4012.239,4025.765,3907.375,3907.375,1325449720,15574042000.0
2021-09-30,3930.542,4023.275,3930.542,4016.182,1051312100,12893605800.0
2021-10-08,4056.589,4083.054,4029.597,4065.741,1105830230,12729285200.0
2021-10-11,4067.383,4067.465,4000.196,4043.004,1170362830,14147934000.0
2021-10-12,4039.589,4042.571,3914.823,3956.629,1192178060,13794709000.0
2021-10-13,3961.079,3997.151,3910.752,3992.138,1033857540,12883626900.0
2021-10-14,3998.266,4121.372,3985.07,4114.152,1251698080,17584433000.0
2021-10-15,4087.849,4121.357,4072.774,4078.726,1599489600,20429090000.0
2021-10-18,4066.993,4137.364,4060.406,4135.283,1391011000,18171902000.0
2021-10-19,4140.59,4172.733,4127.599,4168.425,1277683830,17377997000.0
2021-10-20,4165.844,4199.971,4147.67,4185.852,1348458300,19002278000.0
2021-10-21,4174.255,4174.255,4119.202,4123.456,1300263000,17579489000.0
2021-10-22,4120.986,4123.836,4067.581,4081.17,1420513900,19178882000.0
2021-10-25,4076.072,4135.881,4058.272,4135.881,1383867500,17967630000.0
2021-10-26,4134.428,4164.73,4118.327,4125.37,1495774300,21958044000.0
2021-10-27,4108.256,4109.367,4024.329,4045.679,1431371100,19469897000.0
2021-10-28,4025.622,4031.527,3936.536,3944.164,1358193200,17640725000.0
2021-10-29,3948.153,4003.24,3920.195,4001.977,1313840280,17441900000.0
2021-11-01,3996.489,4091.347,3975.996,4082.622,1426581400,19836011000.0
2021-11-02,4079.114,4113.51,4006.5,4040.613,1487222200,20436400000.0
2021-11-03,4038.937,4062.745,4015.651,4060.83,1226720020,16830140000.0
2021-11-04,4080.522,4154.488,4079.038,4153.343,1383207100,19679332000.0
2021-11-05,4155.895,4174.829,4135.015,4148.155,1493873400,21536138000.0
2021-11-08,4147.872,4207.572,4125.49,4195.871,1644985200,22940570000.0
2021-11-09,4193.909,4244.146,4193.909,4244.016,1468485900,20330820000.0
2021-11-10,4236.707,4303.491,4226.553,4303.491,1616723000,22636477000.0
2021-11-11,4295.32,4355.37,4283.844,4351.553,1671491600,24304103000.0
2021-11-12,4345.07,4409.078,4332.477,4402.954,1558723800,23431776000.0
2021-11-15,4411.334,4445.007,4410.546,4434.966,1576546400,22318813000.0
2021-11-16,4430.317,4430.317,4366.153,4369.458,1687398800,22844828000.0
2021-11-17,4364.302,4489.47,4364.302,4489.455,1716309500,22281978000.0
2021-11-18,4499.117,4521.732,4479.173,4481.312,2021413200,25181944000.0
2021-11-19,4476.797,4581.081,4472.162,4570.952,2080983200,25986669000.0
2021-11-22,4583.002,4626.269,4572.099,4624.331,1903843100,26256615000.0
2021-11-23,4623.536,4653.975,4617.389,4631.413,1947421900,25587686000.0
2021-11-24,4632.098,4639.278,4593.642,4626.107,1857112600,23881645000.0
2021-11-25,4628.747,4642.734,4596.503,4616.629,1611209700,20789210000.0
2021-11-26,4604.353,4630.682,4591.747,4610.701,1486815700,21355139000.0
2021-11-29,4545.652,4644.204,4533.871,4618.268,1598606700,22316185000.0
2021-11-30,4637.213,4689.997,4626.455,4658.978,1747104800,24534154000.0
2021-12-01,4650.923,4714.545,4649.603,4714.509,1635727600,21716679000.0
2021-12-02,4710.828,4710.828,4609.503,4610.71,1638078000,22246223000.0
2021-12-03,4609.383,4633.959,4588.248,4613.178,1528462700,19548932000.0
2021-12-06,4612.782,4613.763,4503.449,4507.307,1742753900,21919155000.0
2021-12-07,4527.172,4540.934,4411.397,4443.89,1508578900,19001635000.0
2021-12-08,4456.038,4530.987,4454.664,4528.62,1303053760,16601308000.0
2021-12-09,4546.431,4563.634,4535.356,4551.294,1439691800,17997835000.0
2021-12-10,4554.483,4597.114,4544.379,4595.839,1375682800,18392329000.0
2021-12-13,4595.929,4601.639,4545.308,4584.812,1422574400,17644976000.0
2021-12-14,4568.593,4635.263,4551.203,4634.684,1503325300,17962874000.0
2021-12-15,4638.336,4659.714,4621.702,4633.258,1518165000,17359757000.0
2021-12-16,4640.368,4712.067,4637.107,4712.067,1807992700,21819336000.0
2021-12-17,4715.352,4715.352,4653.021,4653.038,1699597700,21456099000.0
2021-12-20,4632.847,4649.65,4588.472,4592.027,1697779300,20425423000.0
2021-12-21,4587.448,4642.506,4587.367,4642.506,1483227300,17023463000.0
2021-12-22,4638.264,4660.286,4618.148,4652.861,1441147500,17007470000.0
2021-12-23,4651.281,4651.281,4604.466,4626.436,1385671400,16712864000.0
2021-12-24,4639.771,4646.51,4518.151,4518.151,1810675700,21396836000.0
2021-12-27,4518.777,4582.047,4497.929,4566.404,1430964100,18149115000.0
2021-12-28,4573.757,4613.388,4549.079,4613.388,1480291100,19552724000.0
2021-12-29,4599.748,4657.867,4572.885,4645.866,1595787800,19621192000.0
2021-12-30,4645.326,4687.365,4642.994,4669.419,1654674700,20548343000.0
2021-12-31,4684.606,4732.715,4684.606,4696.094,1693272300,21478697000.0
2022-01-04,4713.769,4736.5,4697.839,4736.204,1715610700,21550342000.0
2022-01-05,4732.644,4732.644,4609.033,4650.478,1871881400,22605070000.0
2022-01-06,4634.45,4750.314,4628.831,4731.991,1648446000,20784673000.0
2022-01-07,4736.063,4750.493,4620.543,4621.229,2024243600,24452555000.0
2022-01-10,4610.34,4662.508,4575.108,4654.124,1570223600,19101928000.0
2022-01-11,4656.627,4691.302,4604.887,4617.832,1496629700,18432230000.0
2022-01-12,4624.508,4677.036,4609.305,4676.987,1448390300,17878630000.0
2022-01-13,4679.102,4679.142,4624.285,4627.785,1492277200,19160504000.0
2022-01-14,4606.539,4634.977,4573.266,4578.854,1438569200,16832734000.0
2022-01-17,4576.759,4661.329,4576.171,4659.892,1425124900,17564229000.0
2022-01-18,4665.034,4672.017,4569.712,4575.149,1510466000,18596407000.0
2022-01-19,4561.321,4604.554,4541.512,4574.634,1236916540,14280279000.0
2022-01-20,4566.06,4566.06,4413.944,4415.19,1441684600,16971345000.0
2022-01-21,4401.369,4419.375,4353.602,4368.691,1115084790,12418500600.0
2022-01-24,4358.168,4390.605,4341.414,4361.335,1025294150,11261337100.0
2022-01-25,4353.325,4377.486,4183.953,4183.953,1193345570,12437636100.0
2022-01-26,4189.446,4242.268,4180.824,4230.128,1016601160,10870983400.0
2022-01-27,4231.31,4232.861,4087.3,4089.464,1054536950,10691121300.0
2022-01-28,4112.184,4218.82,4070.262,4182.249,1014876480,10288347000.0
2022-02-07,4243.884,4284.579,4219.419,4262.866,1077265680,11511791000.0
2022-02-08,4261.666,4306.832,4230.338,4306.832,1015962590,10579607600.0
2022-02-09,4307.385,4345.66,4270.663,4345.66,1093741920,11603051300.0
2022-02-10,4339.79,4339.79,4266.539,4288.025,1005975770,11204896200.0
2022-02-11,4272.389,4272.389,4170.845,4180.093,1048954300,11385822900.0
2022-02-14,4160.118,4226.137,4146.257,4193.702,878664910,9761346000.0
2022-02-15,4200.472,4221.688,4159.43,4221.688,973557740,10575636300.0
2022-02-16,4237.56,4332.067,4231.435,4328.03,1126736650,13267156600.0
2022-02-17,4324.643,4364.677,4308.841,4313.881,1224908850,14282085000.0
2022-02-18,4291.121,4312.055,4262.228,4312.055,875002290,9809299000.0
2022-02-21,4324.033,4372.097,4315.06,4372.097,1061505230,11221092700.0
2022-02-22,4353.344,4382.717,4303.5,4357.507,1357170300,14824208000.0
2022-02-23,4365.408,4451.399,4365.408,4451.27,1391807400,16121574000.0
2022-02-24,4440.738,4519.782,4327.33,4383.824,2125296200,24599462000.0
2022-02-25,4407.884,4464.467,4407.884,4448.382,1610576800,18852192000.0
2022-02-28,4446.107,4446.107,4346.098,4405.03,1309450120,15504165000.0
2022-03-01,4415.004,4459.554,4415.004,4452.552,1210545210,14485581000.0
2022-03-02,4439.55,4475.105,4423.115,4474.852,1258010470,15108249000.0
2022-03-03,4483.547,4484.578,4454.266,4473.291,1515878400,17418413000.0
2022-03-04,4461.83,4475.561,4384.522,4395.156,1664622100,19334818000.0
2022-03-07,4373.895,4373.93,4302.079,4316.423,1387018900,16025345000.0
2022-03-08,4313.351,4326.981,4160.452,4169.74,1471015400,16304050000.0
2022-03-09,4174.592,4211.607,3963.752,4132.49,1613380900,17595924000.0
2022-03-10,4202.448,4235.366,4176.827,4183.781,1346045800,15804118000.0
2022-03-11,4133.781,4191.41,4057.817,4180.69,1305547830,13819545000.0
2022-03-14,4153.472,4153.472,4043.841,4043.841,1036779850,11073616400.0
2022-03-15,4022.688,4023.24,3823.431,3823.431,1363055300,13376094800.0
2022-03-16,3881.481,3957.695,3767.708,3946.425,1443734800,14246082000.0
2022-03-17,3989.646,4083.787,3989.379,4033.285,1460216900,15928716000.0
2022-03-18,4029.947,4107.252,4024.259,4101.809,1244046860,13684298000.0
2022-03-21,4106.286,4153.597,4097.152,4150.997,1275279300,13630183000.0
2022-03-22,4152.072,4181.683,4124.105,4150.972,1358470700,15009740000.0
2022-03-23,4183.085,4207.14,4163.507,4180.44,1286998270,14635219000.0
2022-03-24,4171.625,4171.625,4117.626,4122.998,1463752100,18474131000.0
2022-03-25,4120.042,4157.147,4089.248,4089.625,1328845100,17641692000.0
2022-03-28,4065.437,4093.919,4005.688,4050.253,1069742330,12937844200.0
2022-03-29,4054.996,4062.751,3959.453,3977.039,1051732040,12124571700.0
2022-03-30,3991.923,4049.334,3982.44,4049.334,1020156210,12383431500.0
2022-03-31,4039.028,4059.999,4018.32,4033.481,1093438650,12909329300.0
2022-04-01,4010.233,4015.741,3977.851,3998.261,1028592870,11552660700.0
2022-04-06,3991.554,4045.313,3981.201,4045.099,1129634300,12376277100.0
2022-04-07,4035.751,4035.972,3957.998,3957.998,1292413880,14802053000.0
2022-04-08,3961.25,3968.426,3869.468,3910.795,1275460990,13209342000.0
2022-04-11,3892.043,3892.352,3759.808,3778.085,1292721000,12628941300.0
2022-04-12,3761.26,3857.762,3741.049,3857.762,1293217120,13049714100.0
2022-04-13,3841.669,3867.265,3774.66,3803.323,1382476500,15330234000.0
2022-04-14,3812.278,3827.665,3788.082,3807.471,1110484510,11789331200.0
2022-04-15,3782.288,3782.288,3684.474,3716.281,1172270310,11921552600.0
2022-04-18,3689.955,3767.363,3628.879,3759.533,933441020,9483753400.0
2022-04-19,3763.488,3811.391,3762.26,3793.584,1052733350,11325261500.0
2022-04-20,3784.626,3811.787,3734.942,3755.631,966737620,10472508800.0
2022-04-21,3752.997,3752.997,3588.391,3593.743,1206016180,11701809800.0
2022-04-22,3569.095,3612.707,3535.103,3569.105,1015026790,10395016500.0
2022-04-25,3514.023,3514.61,3292.589,3293.875,1288048360,11486265500.0
2022-04-26,3276.425,3299.099,3140.395,3153.235,1112785960,10035082100.0
2022-04-27,3100.816,3257.278,3061.717,3256.996,1236461170,11137368700.0
2022-04-28,3237.34,3270.502,3184.027,3210.069,1007840450,9750411400.0
2022-04-29,3232.452,3381.433,3232.452,3370.622,1237416180,11357972300.0
2022-05-05,3374.045,3468.822,3353.918,3442.013,1096651190,10672471700.0
2022-05-06,3370.196,3442.286,3341.941,3426.485,1009138520,9957532300.0
2022-05-09,3422.588,3499.708,3419.176,3486.259,982956570,9293300400.0
2022-05-10,3451.364,3574.055,3439.211,3573.888,1094229420,11997120100.0
2022-05-11,3586.449,3664.644,3572.617,3572.842,1528354800,14997830000.0
2022-05-12,3557.004,3609.484,3549.23,3596.273,1197498000,11130090600.0
2022-05-13,3616.35,3620.855,3577.843,3615.999,979926200,9196091400.0
2022-05-16,3631.282,3648.409,3589.717,3602.944,1068397000,9795541000.0
2022-05-17,3603.821,3619.921,3555.972,3618.519,1102487400,10328337300.0
2022-05-18,3615.223,3684.054,3603.778,3656.569,1169076420,10529515600.0
2022-05-19,3615.991,3700.473,3608.763,3700.473,1214927000,11767108400.0
2022-05-20,3717.535,3734.045,3695.934,3730.944,1133246050,11787997600.0
2022-05-23,3736.447,3786.221,3729.024,3786.221,1108429660,11973934200.0
2022-05-24,3791.539,3809.434,3637.641,3637.693,1464523900,16071790000.0
2022-05-25,3629.801,3692.904,3626.381,3692.904,1097280170,11871041100.0
2022-05-26,3700.868,3721.049,3634.24,3705.597,1052599470,11294293600.0
2022-05-27,3718.361,3733.765,3668.038,3698.243,1055491610,11098489000.0
2022-05-30,3710.982,3744.038,3672.649,3743.984,1038760480,11714645000.0
2022-05-31,3751.15,3792.68,3713.917,3790.445,1098803980,12099374500.0
2022-06-01,3789.25,3849.24,3781.087,3835.674,1072529510,12086864800.0
2022-06-02,3844.426,3919.801,3828.206,3915.201,1368730900,15017717000.0
2022-06-06,3919.283,3994.804,3919.283,3986.379,1364327600,15909018000.0
2022-06-07,3981.741,3987.751,3911.197,3937.791,1462370000,15228946000.0
2022-06-08,3934.831,3958.229,3837.794,3904.786,1697289200,15868904000.0
2022-06-09,3900.504,3900.504,3791.269,3809.773,1375042400,13199776700.0
2022-06-10,3794.392,3893.422,3789.999,3890.374,1433614600,14515805000.0
2022-06-13,3875.569,3938.013,3866.633,3936.83,1506143700,15559729000.0
2022-06-14,3910.062,3929.853,3816.968,3929.853,1586170000,16225369000.0
2022-06-15,3936.959,3961.583,3894.176,3894.279,1869153000,18446507000.0
2022-06-16,3894.159,3959.796,3894.159,3938.651,1547282300,15306845000.0
2022-06-17,3916.682,3982.612,3908.685,3980.112,1560052100,15683616000.0
2022-06-20,4001.34,4086.474,4000.674,4080.305,1943901800,20328446000.0
2022-06-21,4092.486,4124.039,4040.318,4077.376,2088641800,21201939000.0
2022-06-22,4075.056,4091.781,4026.869,4028.756,1664723100,17872178000.0
2022-06-23,4036.212,4144.367,4036.212,4144.367,1862479800,19092618000.0
2022-06-24,4157.959,4199.324,4148.139,4182.445,1948877300,20964053000.0
2022-06-27,4202.301,4251.06,4185.682,4248.348,1870646300,19818146000.0
2022-06-28,4256.424,4360.026,4235.366,4349.88,2241499800,24572078000.0
2022-06-29,4347.413,4347.565,4189.484,4189.484,2382769800,25042282000.0
2022-06-30,4185.387,4222.672,4165.593,4185.35,1802698400,18427850000.0
2022-07-01,4195.505,4239.172,4177.962,4209.843,1601729500,16972111000.0
2022-07-04,4217.268,4240.461,4166.681,4240.461,1383639800,15122495000.0
2022-07-05,4245.9,4259.661,4150.051,4189.289,1735570000,19437209000.0
2022-07-06,4177.232,4218.588,4153.418,4196.406,1533914400,16866394000.0
2022-07-07,4195.593,4253.001,4188.851,4244.44,1634841200,17126377000.0
2022-07-08,4258.71,4300.229,4235.871,4246.224,1533594800,16642137000.0
2022-07-11,4239.012,4239.012,4162.329,4202.334,1324145060,14217104000.0
2022-07-12,4203.635,4211.762,4131.533,4131.546,1531241300,15933900000.0
2022-07-13,4136.192,4234.985,4136.024,4228.957,1536675800,15584156000.0
2022-07-14,4230.243,4337.465,4220.526,4319.986,1869058900,21216910000.0
2022-07-15,4312.565,4338.82,4282.199,4288.294,1787072700,20539270000.0
2022-07-18,4298.158,4389.511,4298.158,4389.021,2117788400,23355442000.0
2022-07-19,4393.861,4423.884,4364.38,4412.457,1932927600,21665417000.0
2022-07-20,4421.195,4517.768,4410.142,4515.621,2255585300,25778194000.0
2022-07-21,4510.873,4562.751,4504.515,4525.298,2649344700,29183217000.0
2022-07-22,4524.429,4587.736,4510.919,4542.092,2766903000,29738407000.0
2022-07-25,4533.431,4554.091,4455.425,4476.075,2392690700,26226759000.0
2022-07-26,4472.506,4533.776,4400.473,4533.776,2109425700,23288268000.0
2022-07-27,4526.378,4658.067,4518.252,4658.067,2481090000,27205282000.0
2022-07-28,4680.78,4735.619,4680.367,4724.301,2807657200,30287799000.0
2022-07-29,4731.727,4765.546,4715.462,4740.223,2622925500,29750572000.0
2022-08-01,4744.513,4805.348,4722.693,4805.348,2649121000,33113132000.0
2022-08-02,4752.93,4752.93,4602.32,4646.998,2908518500,36003833000.0
2022-08-03,4653.044,4768.912,4579.76,4600.07,2747822000,34812126000.0
2022-08-04,4606.98,4640.478,4542.714,4634.091,2045338300,25056241000.0
2022-08-05,4637.32,4643.134,4537.86,4600.595,1996275000,22783794000.0
2022-08-08,4592.294,4713.866,4553.809,4713.866,1787143700,21765042000.0
2022-08-09,4715.921,4771.752,4705.667,4762.712,1951055100,25414169000.0
2022-08-10,4747.075,4850.932,4736.918,4850.894,2251352600,29262102000.0
2022-08-11,4867.934,4876.047,4840.249,4851.572,2244520800,27654067000.0
2022-08-12,4854.646,4913.466,4826.746,4830.019,2480200300,30365898000.0
2022-08-15,4827.507,4919.374,4821.163,4919.374,2305850700,28642281000.0
2022-08-16,4921.263,5003.599,4910.743,5003.415,2846285000,34906259000.0
2022-08-17,5004.958,5010.6,4958.525,4990.755,2589267200,31684051000.0
2022-08-18,4984.285,5069.781,4969.599,5069.781,2899591200,33357643000.0
2022-08-19,5069.664,5069.664,4919.348,4919.991,2583065900,30489767000.0
2022-08-22,4898.705,4924.003,4852.241,4888.692,2010096800,22689585000.0
2022-08-23,4879.752,4964.561,4879.406,4957.758,2238532000,24254180000.0
2022-08-24,4966.252,4966.693,4750.953,4755.651,2513427800,28223946000.0
2022-08-25,4763.716,4785.311,4619.571,4669.94,2096429400,22992275000.0
2022-08-26,4675.351,4727.2,4625.052,4635.335,1879100700,21875335000.0
2022-08-29,4574.976,4718.087,4552.468,4717.97,1827277400,21801342000.0
2022-08-30,4719.175,4739.144,4623.354,4648.123,1843006800,21850709000.0
2022-08-31,4639.396,4639.775,4444.899,4452.726,1948380900,22043623000.0
2022-09-01,4454.351,4489.915,4392.336,4403.146,1555205900,17463487000.0
2022-09-02,4412.103,4488.791,4374.52,4478.426,1523254600,16806786000.0
2022-09-05,4490.453,4549.261,4472.814,4513.048,1422190300,16962190000.0
2022-09-06,4525.322,4594.101,4489.932,4594.101,1548471600,19082712000.0
2022-09-07,4589.437,4687.649,4582.789,4680.413,1958955000,22282487000.0
2022-09-08,4677.466,4692.568,4628.252,4631.821,1811079700,20238257000.0
2022-09-09,4635.182,4640.814,4544.877,4579.413,1391970200,15166900000.0
2022-09-13,4580.914,4625.951,4557.061,4588.297,1284782820,14307180000.0
2022-09-14,4508.893,4562.849,4501.513,4549.521,1293456870,15769781000.0
2022-09-15,4582.49,4589.278,4346.487,4391.191,1795596300,20532526000.0
2022-09-16,4370.655,4400.394,4291.594,4291.641,1378691900,15481811000.0
2022-09-19,4291.141,4344.921,4236.937,4257.893,1233246830,14315719000.0
2022-09-20,4275.398,4367.985,4275.398,4355.997,1328150540,15789713000.0
2022-09-21,4341.479,4388.682,4291.731,4368.527,1453336000,15625636000.0
2022-09-22,4344.731,4434.142,4336.017,4381.533,1454206400,15736221000.0
2022-09-23,4378.316,4393.631,4237.084,4258.506,1413127600,15545288000.0
2022-09-26,4229.42,4299.492,4202.921,4222.9,1321988130,15042874000.0
2022-09-27,4232.802,4304.354,4230.84,4304.354,1342596300,15068881000.0
2022-09-28,4296.278,4309.119,4165.064,4165.064,1436587300,15154266000.0
2022-09-29,4197.381,4206.48,4115.995,4139.821,1260918500,13358996300.0
2022-09-30,4137.91,4145.849,4036.392,4036.587,1162573080,12474364200.0
2022-10-10,4041.749,4068.658,3935.064,3952.211,1198244030,11892832000.0
2022-10-11,3955.076,4011.928,3920.845,3999.812,1057339500,11195411300.0
2022-10-12,3995.443,4141.217,3949.062,4141.184,1595571500,16488689000.0
2022-10-13,4125.238,4199.816,4106.864,4162.915,1396875700,15805084000.0
2022-10-14,4189.244,4261.059,4172.705,4249.248,1453516700,16699630000.0
2022-10-17,4235.896,4391.48,4230.703,4391.48,1646289800,18792958000.0
2022-10-18,4416.466,4451.587,4381.594,4424.472,1760245600,21985171000.0
2022-10-19,4413.669,4460.967,4384.726,4399.713,1728058800,21417846000.0
2022-10-20,4373.483,4406.216,4302.627,4345.44,1536101900,18211845000.0
2022-10-21,4352.215,4412.599,4331.469,4386.151,1359657400,15989123000.0
2022-10-24,4408.256,4495.219,4373.936,4403.347,1841870000,22304211000.0
2022-10-25,4378.61,4478.598,4349.085,4461.572,2250432500,26655406000.0
2022-10-26,4458.08,4535.678,4424.057,4520.273,2303907500,27820581000.0
2022-10-27,4497.675,4557.278,4430.463,4431.404,1943988100,24021733000.0
2022-10-28,4400.387,4417.213,4237.799,4257.943,1759181400,20315591000.0
2022-10-31,4234.22,4350.494,4234.22,4315.532,1781002800,19755385000.0
2022-11-01,4321.564,4425.465,4320.68,4425.465,1701427000,19998175000.0
2022-11-02,4414.489,4501.832,4405.118,4481.776,1934973100,21491013000.0
2022-11-03,4452.414,4521.895,4441.504,4512.839,1631064400,19061137000.0
2022-11-04,4515.988,4591.179,4515.74,4589.177,1932526600,23848989000.0
2022-11-07,4584.845,4618.822,4561.059,4591.985,1751316900,21492915000.0
2022-11-08,4593.972,4593.972,4533.108,4573.312,1416042300,16793107000.0
2022-11-09,4576.487,4604.5,4552.109,4575.138,1278009800,15730918000.0
2022-11-10,4553.016,4572.407,4501.629,4508.027,1428433500,16907010000.0
2022-11-11,4584.258,4605.786,4522.478,4524.967,1686967400,19816056000.0
2022-11-14,4521.626,4529.306,4455.674,4472.038,1428664400,15831195000.0
2022-11-15,4463.997,4623.261,4448.812,4623.066,1614135800,19637110000.0
2022-11-16,4627.383,4640.767,4598.332,4611.211,1591447600,18801013000.0
2022-11-17,4605.245,4610.223,4563.064,4610.208,1354987100,15420838000.0
2022-11-18,4608.906,4659.718,4586.049,4590.541,1513150600,17523577000.0
2022-11-21,4579.506,4692.451,4563.99,4692.362,1660440200,19885096000.0
2022-11-22,4681.457,4686.039,4590.398,4608.565,1444930800,17682343000.0
2022-11-23,4599.789,4601.497,4483.708,4584.953,1347445800,16400167000.0
2022-11-24,4591.744,4645.549,4585.93,4605.88,1301290820,15928068000.0
2022-11-25,4604.189,4604.189,4521.994,4523.406,1153390290,13292875200.0
2022-11-28,4475.47,4501.898,4451.643,4489.271,1221859590,12709345500.0
2022-11-29,4491.803,4543.141,4485.704,4534.978,1396797200,13198638500.0
2022-11-30,4535.033,4569.016,4503.371,4550.654,1316255270,14318442000.0
2022-12-01,4575.0,4616.94,4572.921,4593.952,1350735800,15499313000.0
2022-12-02,4583.599,4642.419,4574.76,4619.753,1172133810,14237225000.0
2022-12-05,4636.521,4639.06,4585.072,4623.678,1427287400,17347875000.0
2022-12-06,4608.81,4629.927,4572.21,4607.123,1438964400,16926323000.0
2022-12-07,4596.457,4612.06,4567.81,4582.849,1130730940,13364544000.0
2022-12-08,4577.724,4585.333,4545.943,4548.433,1043157850,12533036700.0
2022-12-09,4555.131,4573.019,4524.332,4530.17,1084257700,13248152000.0
2022-12-12,4516.805,4540.07,4495.302,4523.362,1089925420,12831494800.0
2022-12-13,4514.062,4525.303,4466.862,4470.744,1004976660,12081613000.0
2022-12-14,4471.873,4510.269,4452.42,4462.317,970823790,11477234800.0
2022-12-15,4453.51,4499.657,4439.264,4497.742,1024245790,11505759700.0
2022-12-16,4474.095,4476.121,4387.39,4396.415,1053933270,12211594400.0
2022-12-19,4389.597,4399.763,4299.881,4313.741,973766160,10765414300.0
2022-12-20,4308.136,4375.118,4296.86,4360.282,989185360,11036757600.0
2022-12-21,4350.994,4352.936,4267.018,4284.346,833614470,9513911900.0
2022-12-22,4295.887,4298.697,4185.507,4197.041,883049250,9689546600.0
2022-12-23,4170.08,4196.924,4136.524,4166.15,852500310,9538508900.0
2022-12-26,4165.571,4293.243,4164.413,4293.243,958304020,10911898000.0
2022-12-27,4301.229,4320.09,4254.523,4301.701,925648420,11008067600.0
2022-12-28,4289.069,4289.069,4226.09,4234.49,842514370,9317554000.0
2022-12-29,4227.41,4260.427,4223.307,4225.658,828328370,9280941600.0
2022-12-30,4237.444,4254.313,4222.586,4249.685,820934140,8998045200.0
2023-01-03,4249.982,4374.14,4239.578,4372.34,1012734370,11717011700.0
2023-01-04,4377.223,4394.759,4353.896,4389.766,954266460,11095937400.0
2023-01-05,4395.449,4423.335,4377.401,4420.639,1004364590,13036754700.0
2023-01-06,4413.886,4459.225,4413.758,4433.391,1148382480,14649203000.0
2023-01-09,4447.199,4476.434,4439.982,4453.427,993089860,12458640200.0
2023-01-10,4460.26,4460.26,4427.999,4447.591,888519220,11023089200.0
2023-01-11,4452.779,4454.57,4395.714,4398.241,976711050,11487426000.0
2023-01-12,4416.034,4456.707,4416.034,4435.35,1174417080,13870892000.0
2023-01-13,4440.914,4447.217,4401.123,4420.958,1031454070,12051448700.0
2023-01-16,4424.096,4473.422,4415.382,4461.298,1020048790,11947519600.0
2023-01-17,4472.75,4482.889,4457.643,4474.205,898166090,10605195200.0
2023-01-18,4484.398,4502.093,4460.555,4495.06,913101440,10420562400.0
2023-01-19,4483.326,4506.04,4468.529,4505.558,894222760,10079366300.0
2023-01-20,4529.764,4552.335,4519.627,4536.5,1041807470,12258221300.0
2023-01-30,4590.721,4642.835,4590.721,4631.283,1616539700,17712315000.0
2023-01-31,4625.852,4705.154,4615.266,4705.154,1689113200,18568804000.0
2023-02-01,4717.322,4773.367,4711.169,4773.367,1727884300,19936543000.0
2023-02-02,4784.767,4814.913,4760.332,4788.273,1764624200,20177566000.0
2023-02-03,4786.036,4791.399,4719.728,4769.788,1519736500,16990680000.0
2023-02-06,4762.611,4769.28,4744.875,4754.349,1476267500,16133897000.0
2023-02-07,4756.754,4810.655,4745.63,4810.655,1674675200,19058025000.0
2023-02-08,4808.76,4813.534,4785.642,4788.723,1539856500,17662033000.0
2023-02-09,4781.209,4845.18,4764.777,4845.18,1630178400,18154754000.0
2023-02-10,4838.332,4846.937,4806.298,4830.585,1493341200,17036618000.0
2023-02-13,4830.247,4903.702,4830.247,4900.608,1684638900,20019721000.0
2023-02-14,4905.942,4905.942,4864.961,4890.677,1588037300,17541168000.0
2023-02-15,4891.615,4905.816,4884.095,4901.874,1616737100,18389271000.0
2023-02-16,4907.725,4907.736,4724.412,4756.857,1914485400,21759016000.0
2023-02-17,4756.925,4794.713,4720.164,4730.177,1272899370,14243836000.0
2023-02-20,4738.54,4777.79,4707.11,4777.79,1290404250,14728029000.0
2023-02-21,4779.461,4805.645,4763.0,4805.645,1225647400,14215618000.0
2023-02-22,4785.11,4810.955,4772.419,4798.437,1031866290,12401534500.0
2023-02-23,4801.049,4818.624,4786.923,4804.212,1070613020,12522561800.0
2023-02-24,4811.626,4823.757,4768.749,4797.529,1010246260,12447124700.0
2023-02-27,4782.992,4815.087,4750.757,4756.981,999720520,12739760800.0
2023-02-28,4763.843,4778.227,4729.69,4778.227,997564460,11531901100.0
2023-03-01,4775.977,4811.791,4760.947,4811.791,1068034020,12170236900.0
2023-03-02,4821.591,4854.51,4786.928,4789.489,1336928720,15414294000.0
2023-03-03,4784.234,4798.125,4745.625,4775.432,1221306740,13865480000.0
2023-03-06,4780.525,4800.063,4757.471,4793.197,1189216010,14680492000.0
2023-03-07,4791.709,4791.879,4665.277,4665.277,1167400120,13073483000.0
2023-03-08,4659.761,4707.277,4659.158,4707.277,756337750,8957636300.0
2023-03-09,4717.062,4730.101,4683.941,4719.345,912675230,10372956500.0
2023-03-10,4696.901,4712.184,4650.335,4656.898,940101630,10944833100.0
2023-03-13,4651.839,4671.954,4607.776,4642.44,868080660,10421744700.0
2023-03-14,4638.791,4638.791,4518.732,4571.762,993664580,11687694900.0
2023-03-15,4587.074,4648.279,4586.445,4620.434,832228790,9872820100.0
2023-03-16,4607.009,4609.393,4515.959,4531.411,937801820,10916384400.0
2023-03-17,4555.723,4569.477,4534.455,4545.738,945438810,11272680100.0
2023-03-20,4547.771,4558.746,4494.194,4544.879,1051927550,12393005800.0
2023-03-21,4548.947,4623.788,4538.163,4623.788,940041480,10885212200.0
2023-03-22,4632.183,4661.966,4618.816,4639.916,959727320,11403633100.0
2023-03-23,4627.352,4636.735,4604.647,4628.672,996031550,11561796400.0
2023-03-24,4630.474,4661.016,4613.281,4650.238,1148769160,13471616000.0
2023-03-27,4651.103,4670.141,4632.826,4662.03,1132479110,13890732000.0
2023-03-28,4664.59,4664.59,4602.024,4606.27,1023098310,11971249500.0
2023-03-29,4611.739,4633.514,4603.057,4607.55,1056097940,11927882100.0
2023-03-30,4606.221,4607.822,4566.064,4586.19,1001846520,11164975200.0
2023-03-31,4583.253,4621.8,4578.918,4612.297,855400120,10256284300.0
2023-04-03,4612.861,4637.119,4592.935,4637.119,1067227380,12506861100.0
2023-04-04,4639.653,4639.653,4542.412,4562.685,1234028970,14136604000.0
2023-04-06,4550.749,4603.798,4521.111,4602.692,1143684550,14004509000.0
2023-04-07,4603.693,4633.618,4600.395,4630.805,1196626940,14269128000.0
2023-04-10,4637.515,4660.676,4607.748,4624.61,1383423200,16836037000.0
2023-04-11,4618.087,4618.087,4559.47,4587.33,1176557490,13361103600.0
2023-04-12,4590.818,4645.548,4582.276,4645.548,1275028060,14923954000.0
2023-04-13,4640.27,4640.27,4584.713,4587.948,1228733420,14232133000.0
2023-04-14,4592.73,4611.148,4558.19,4610.832,1089950810,12843144400.0
2023-04-17,4615.469,4654.188,4614.675,4634.939,1205564610,14748402000.0
2023-04-18,4626.641,4626.641,4581.527,4593.503,1062994990,12228546700.0
2023-04-19,4589.733,4589.733,4561.043,4568.241,1032987300,12303511300.0
2023-04-20,4561.962,4563.409,4496.623,4541.095,1057286320,12800392100.0
2023-04-21,4539.953,4554.438,4437.16,4437.213,1298809350,15155656000.0
2023-04-24,4440.608,4440.761,4364.284,4395.427,1144036680,14488867000.0
2023-04-25,4384.559,4390.017,4226.718,4276.792,1299874770,14556812000.0
2023-04-26,4268.429,4372.048,4268.429,4348.859,1154558070,13741924000.0
2023-04-27,4349.331,4394.249,4321.645,4353.935,1055586720,12886331100.0
2023-04-28,4337.294,4428.297,4337.294,4425.644,1157825860,13073496400.0
2023-05-04,4420.203,4484.339,4417.859,4454.077,1196579650,13152712600.0
2023-05-05,4449.997,4449.997,4374.636,4398.228,970399330,11336126900.0
2023-05-08,4406.77,4448.394,4406.77,4446.987,1033568810,11690503300.0
2023-05-09,4446.812,4446.812,4348.377,4349.276,1154355310,11754568700.0
2023-05-10,4347.258,4402.782,4337.014,4385.66,916174720,10023948400.0
2023-05-11,4394.928,4441.181,4378.938,4416.835,1065263830,11296096200.0
2023-05-12,4413.972,4422.012,4362.557,4364.781,1004995930,9851989100.0
2023-05-15,4361.819,4428.194,4356.782,4428.194,973453070,10677059400.0
2023-05-16,4422.552,4441.101,4401.829,4415.581,981697030,11121321600.0
2023-05-17,4406.949,4506.268,4404.957,4506.268,1091938660,11620560800.0
2023-05-18,4516.324,4570.723,4516.324,4569.762,1379780600,15282800000.0
2023-05-19,4569.888,4602.133,4550.027,4595.211,1106796380,13303160400.0
2023-05-22,4588.883,4639.551,4580.203,4639.286,1046474590,12827441200.0
2023-05-23,4644.9,4664.725,4610.932,4614.608,1038427260,13306126400.0
2023-05-24,4600.92,4707.076,4596.621,4687.548,1154271170,15040939000.0
2023-05-25,4687.488,4746.258,4682.885,4743.249,1505591600,19562126000.0
2023-05-26,4731.077,4732.011,4659.026,4717.041,1348349600,18103632000.0
2023-05-29,4704.715,4717.987,4655.395,4659.852,1149558980,15653420000.0
2023-05-30,4653.476,4667.448,4610.508,4658.181,1111934280,15036304000.0
2023-05-31,4652.113,4652.113,4611.279,4613.778,1038925110,13859907000.0
2023-06-01,4603.302,4654.983,4582.346,4628.303,1080890630,14162716000.0
2023-06-02,4633.841,4652.829,4629.002,4639.842,1101276430,13654223000.0
2023-06-05,4641.044,4651.673,4618.813,4639.007,1026276690,12397838300.0
2023-06-06,4644.661,4644.661,4538.947,4547.249,1357065200,15681620000.0
2023-06-07,4545.373,4566.18,4524.101,4554.183,1079664990,13573841000.0
2023-06-08,4545.254,4559.755,4491.844,4501.796,967237800,11800102900.0
2023-06-09,4502.127,4534.416,4491.609,4524.273,1083554340,13407331100.0
2023-06-12,4518.601,4601.997,4496.755,4590.811,1213226010,14795085000.0
2023-06-13,4590.506,4629.213,4586.292,4629.213,1164003080,14009552000.0
2023-06-14,4626.31,4650.594,4579.623,4642.76,1316523600,16744283000.0
2023-06-15,4639.346,4740.019,4631.982,4730.925,1782581600,21608999000.0
2023-06-16,4747.959,4767.69,4733.08,4764.477,1629448600,19836199000.0
2023-06-19,4763.157,4815.454,4763.157,4794.3,1524150400,20679798000.0
2023-06-20,4793.079,4873.785,4759.582,4849.418,1691509500,23880197000.0
2023-06-21,4849.183,4877.939,4802.887,4830.495,1744759300,24041828000.0
2023-06-26,4800.601,4856.679,4744.889,4752.283,1723812800,23867022000.0
2023-06-27,4745.983,4852.8,4745.983,4847.237,1619534100,21569488000.0
2023-06-28,4831.729,4880.571,4729.325,4877.333,1900150500,25520323000.0
2023-06-29,4863.64,5024.223,4863.64,4990.789,2032715600,28162139000.0
2023-06-30,4978.353,5035.45,4961.419,5032.651,1882951300,26909186000.0
2023-07-03,5040.036,5066.68,4976.512,4986.604,1876979500,26495096000.0
2023-07-04,4978.793,5057.09,4975.404,5052.577,1618861800,22866644000.0
2023-07-05,5035.876,5061.732,4995.834,5006.157,1537206300,21695479000.0
2023-07-06,4993.576,5039.325,4961.724,5010.946,1223800070,18105849000.0
2023-07-07,5003.152,5029.221,4973.977,4993.282,1302946000,19232121000.0
2023-07-10,5003.929,5019.345,4952.554,4962.813,1231518570,18375877000.0
2023-07-11,4972.605,5030.34,4949.941,5030.34,1193207700,17917359000.0
2023-07-12,5023.401,5057.867,4974.077,4980.899,1444095200,21136147000.0
2023-07-13,4985.253,5012.22,4962.672,5005.99,1432413900,20723663000.0
2023-07-14,5002.661,5046.046,4971.722,5029.072,1527722400,22696112000.0
2023-07-17,5010.136,5015.249,4971.775,5005.998,1282331010,18891172000.0
2023-07-18,5011.023,5032.02,4968.674,5010.395,1501667700,20277155000.0
2023-07-19,5001.401,5004.449,4933.112,4959.776,1315172200,18264270000.0
2023-07-20,4963.434,4992.893,4903.824,4907.572,1323177250,19451458000.0
2023-07-21,4891.727,4892.766,4817.544,4821.215,1223390460,16780287000.0
2023-07-24,4807.09,4855.932,4777.865,4828.142,977465350,13204756600.0
2023-07-25,4858.302,4895.074,4850.993,4895.074,1150084690,15021445000.0
2023-07-26,4894.662,4894.662,4828.216,4837.722,1088207490,13475536000.0
2023-07-27,4841.347,4876.974,4805.817,4813.708,1161276720,13075685200.0
2023-07-28,4801.785,4826.182,4762.161,4821.559,1060542260,12180835100.0
2023-07-31,4825.854,4860.787,4813.726,4855.382,1274740610,13267607800.0
2023-08-01,4859.663,4859.663,4801.893,4828.519,1299738580,13756133000.0
2023-08-02,4821.107,4841.029,4808.925,4840.594,1159593000,13482163000.0
2023-08-03,4821.295,4827.767,4784.057,4792.851,892627260,10466375900.0
2023-08-04,4803.129,4821.53,4781.72,4799.416,1016293100,12554120600.0
2023-08-07,4796.254,4816.329,4775.484,4789.879,898520100,11122514800.0
2023-08-08,4790.393,4799.438,4749.676,4787.713,980410880,11526059800.0
2023-08-09,4778.529,4778.529,4729.98,4735.876,957803280,11063323800.0
2023-08-10,4742.706,4776.655,4742.706,4763.178,811944930,10293620800.0
2023-08-11,4763.894,4763.894,4690.953,4691.209,965509660,12082432100.0
2023-08-14,4667.121,4721.536,4647.211,4721.536,838037880,11641942800.0
2023-08-15,4718.095,4735.784,4651.267,4675.114,793948970,11174061400.0
2023-08-16,4666.229,4671.052,4598.05,4599.906,739873090,9747462000.0
2023-08-17,4592.707,4731.234,4567.164,4731.234,1104411630,14726714000.0
2023-08-18,4740.338,4784.092,4711.279,4712.135,1059412720,15723528000.0
2023-08-21,4707.889,4750.93,4663.017,4666.685,874727950,12839132900.0
2023-08-22,4679.008,4694.983,4567.349,4662.065,1093834320,14287834000.0
2023-08-23,4653.446,4653.446,4586.386,4598.148,1000859900,14194049000.0
2023-08-24,4590.378,4604.76,4518.595,4557.244,943954890,12527905100.0
2023-08-25,4539.059,4547.222,4424.78,4441.32,1025045990,12135240500.0
2023-08-28,4669.128,4669.128,4427.848,4441.955,1268809250,14251337000.0
2023-08-29,4431.82,4693.586,4431.431,4690.588,1458512300,18001544000.0
2023-08-30,4709.894,4795.924,4709.894,4762.153,1409813100,19671604000.0
2023-08-31,4755.649,4784.385,4732.801,4745.611,1082046620,16964935000.0
2023-09-01,4746.396,4769.32,4710.897,4760.485,1031610340,16973770000.0
2023-09-04,4786.718,4829.041,4774.921,4829.041,1264338380,19143048000.0
2023-09-05,4813.794,4837.07,4791.558,4807.839,1173128910,16995610000.0
2023-09-06,4796.305,4838.657,4780.022,4838.657,1133207070,15842726000.0
2023-09-07,4830.284,4830.284,4729.759,4729.759,1095952800,14844394000.0
2023-09-08,4719.889,4791.985,4716.683,4773.33,1130551010,16182072000.0
2023-09-11,4770.984,4798.746,4723.037,4787.01,1127797040,14922977000.0
2023-09-12,4787.188,4793.701,4760.715,4781.68,994793640,13823153000.0
2023-09-13,4771.152,4771.152,4665.342,4707.142,988320270,13057059000.0
2023-09-14,4699.356,4709.045,4629.079,4657.1,973164100,12045272200.0
2023-09-15,4682.072,4700.519,4623.625,4635.467,980645340,11869056900.0
2023-09-18,4620.565,4732.311,4597.878,4713.677,1091203270,13332879900.0
2023-09-19,4711.946,4711.946,4646.992,4661.545,1327251230,15539941000.0
2023-09-20,4644.763,4695.392,4640.528,4640.528,1275499110,14795487000.0
2023-09-21,4626.064,4650.763,4591.842,4596.807,1331337510,15001676000.0
2023-09-22,4585.569,4702.697,4585.569,4702.697,1435701000,16957942000.0
2023-09-25,4726.006,4753.746,4694.478,4709.179,1605189500,18404071000.0
2023-09-26,4702.105,4785.173,4696.12,4761.537,2103672400,22720732000.0
2023-09-27,4758.381,4812.535,4738.087,4771.319,2193692200,23130667000.0
2023-09-28,4773.87,4793.244,4759.535,4787.282,1708395300,19793916000.0
2023-10-09,4781.272,4781.272,4741.877,4762.378,1523648200,17468602000.0
2023-10-10,4771.138,4772.839,4725.467,4733.063,1781327000,18790224000.0
2023-10-11,4735.424,4779.636,4691.708,4745.177,1697738600,20002277000.0
2023-10-12,4753.831,4754.846,4706.858,4744.648,1485895300,18028818000.0
2023-10-13,4727.269,4727.735,4675.08,4678.679,1463197900,17424759000.0
2023-10-16,4687.826,4689.271,4625.596,4647.992,1530936600,17542453000.0
2023-10-17,4639.641,4639.641,4590.017,4622.975,1374062800,15571070000.0
2023-10-18,4607.611,4607.611,4540.142,4542.381,1390460300,15722380000.0
2023-10-19,4524.184,4581.084,4495.85,4497.727,1352947600,14563089000.0
2023-10-20,4481.673,4548.387,4457.355,4465.175,1182019070,12157539000.0
2023-10-23,4455.592,4455.592,4315.925,4334.248,1421166000,14152107000.0
2023-10-24,4345.603,4454.598,4345.363,4447.071,1449877000,14182801000.0
2023-10-25,4482.111,4562.207,4482.111,4546.956,1762597300,17981848000.0
2023-10-26,4527.624,4561.578,4478.504,4561.578,1602612700,16518881000.0
2023-10-27,4558.545,4642.731,4534.591,4631.622,1692703800,18986313000.0
2023-10-30,4602.192,4663.159,4590.798,4655.391,1762142500,20262066000.0
2023-10-31,4630.259,4649.097,4575.497,4602.249,1605589400,17248861000.0
2023-11-01,4599.07,4642.828,4578.323,4628.317,1365343300,16066860000.0
2023-11-02,4625.452,4651.505,4561.74,4563.532,1222272360,14470970000.0
2023-11-03,4603.543,4708.977,4603.543,4687.583,1455630800,18228395000.0
2023-11-06,4713.593,4789.62,4713.593,4789.587,1703950800,21501088000.0
2023-11-07,4789.728,4826.582,4766.767,4820.052,1699764500,20366912000.0
2023-11-08,4819.364,4869.802,4800.925,4844.934,1678832100,20648224000.0
2023-11-09,4843.097,4852.045,4800.61,4814.738,1541133800,20063942000.0
2023-11-10,4792.617,4829.001,4777.12,4817.776,1179967980,16116111000.0
2023-11-13,4826.22,4883.306,4821.241,4883.306,1527318400,21087648000.0
2023-11-14,4885.351,4923.957,4870.234,4923.957,1422046100,19769111000.0
2023-11-15,4949.052,4978.735,4917.352,4968.721,1552612100,22180910000.0
2023-11-16,4947.107,4949.593,4895.969,4895.969,1418483200,20339744000.0
2023-11-17,4883.344,4960.79,4879.127,4960.79,1549489700,19966823000.0
2023-11-20,4971.829,5089.541,4961.021,5085.346,2078856800,26978563000.0
2023-11-21,5091.052,5106.792,5024.211,5039.245,2403456800,28284482000.0
2023-11-22,5014.117,5049.695,4992.988,5021.936,1921296600,22379796000.0
2023-11-23,5012.39,5068.457,5000.393,5052.453,1690409400,20679912000.0
2023-11-24,5040.109,5040.109,4988.995,5026.295,1732293200,20256003000.0
2023-11-27,5035.962,5134.56,5035.962,5133.228,1677148200,20127523000.0
2023-11-28,5093.78,5205.361,5076.844,5186.749,1598598000,20563916000.0
2023-11-29,5190.408,5235.371,5146.927,5149.185,1685820100,22199477000.0
2023-11-30,5144.984,5170.508,5045.525,5092.981,1682153300,22565662000.0
2023-12-01,5077.428,5079.489,5009.083,5027.341,1387448500,17645460000.0
2023-12-04,5026.505,5050.222,5009.642,5033.772,1503397400,17457021000.0
2023-12-05,5019.797,5032.136,4993.737,4994.098,1471387700,16623522000.0
2023-12-06,4981.926,5053.582,4980.994,5009.369,1425511500,15759945000.0
2023-12-07,4998.601,5013.322,4978.299,4993.322,1462876400,15147377000.0
2023-12-08,5003.403,5033.181,4946.412,4954.084,1462404300,15808221000.0
2023-12-11,4942.41,5016.386,4909.89,5014.277,1526741100,16642187000.0
2023-12-12,5011.166,5029.805,4985.989,5029.805,1270744640,14503278000.0
2023-12-13,5030.474,5129.672,5005.441,5073.598,1584001600,19279980000.0
2023-12-14,5076.729,5134.564,5070.472,5080.464,1662295400,18635690000.0
2023-12-15,5083.023,5094.262,5041.226,5057.28,1250019510,14307625000.0
2023-12-18,5045.328,5052.339,4998.099,5011.023,1855744400,16031764000.0
2023-12-19,5010.917,5057.295,4972.139,5044.68,1551984100,14876512000.0
2023-12-20,5049.129,5124.878,5049.129,5072.348,1510496000,16670009000.0
2023-12-21,5060.31,5080.24,4971.689,5054.533,1579277100,17857116000.0
2023-12-22,5048.238,5081.169,5002.844,5034.769,1656904500,19104035000.0
2023-12-25,5027.485,5089.51,5015.61,5089.51,1415777700,17259845000.0
2023-12-26,5069.525,5069.525,4976.504,4996.22,1464150800,17362863000.0
2023-12-27,4977.922,5023.227,4949.737,5019.486,1265396820,14824055000.0
2023-12-28,5010.255,5156.78,4982.57,5136.893,1634725500,19535173000.0
2023-12-29,5131.986,5241.697,5117.805,5241.67,1790930600,20336999000.0
2024-01-02,5248.904,5318.901,5246.98,5299.697,1877112600,20318178000.0
2024-01-03,5286.311,5286.311,5181.247,5227.792,1682593700,19521049000.0
2024-01-04,5222.651,5222.651,5186.63,5215.169,1448835500,15862024000.0
2024-01-05,5224.485,5243.444,5060.261,5088.568,1690524900,18085385000.0
2024-01-08,5072.55,5089.03,4955.918,4955.918,1441852400,15188190000.0
2024-01-09,4969.31,5094.404,4969.31,5029.675,1522858300,16177715000.0
2024-01-10,5023.939,5055.546,4935.867,4963.928,1604580500,17560402000.0
2024-01-11,4943.275,5053.477,4943.275,5045.063,1500989300,15688248000.0
2024-01-12,5034.165,5059.422,4940.406,4940.406,1556720600,15887682000.0
2024-01-15,4918.741,4923.327,4853.947,4879.94,1263682480,13321483000.0
2024-01-16,4881.217,4895.628,4785.92,4895.628,1329250960,13270353100.0
2024-01-17,4881.165,4881.527,4747.6,4747.6,1155054440,11802168200.0
2024-01-18,4722.211,4740.188,4588.867,4717.683,1559477800,14975022000.0
2024-01-19,4717.487,4737.311,4656.029,4656.917,1215768200,12541322900.0
2024-01-22,4640.371,4644.608,4317.887,4359.797,1545058100,14786519000.0
2024-01-23,4346.617,4371.879,4264.24,4348.96,1328843880,12672221400.0
2024-01-24,4359.955,4409.467,4233.866,4389.571,1388435100,12835883900.0
2024-01-25,4388.908,4530.605,4357.864,4522.852,1492684600,15124039000.0
2024-01-26,4518.241,4567.521,4479.151,4485.715,1306546950,13099806900.0
2024-01-29,4514.523,4532.171,4323.448,4323.448,1289844060,12562286200.0
2024-01-30,4298.898,4340.383,4171.844,4182.957,1104239610,11696705100.0
2024-01-31,4170.855,4183.167,3975.361,3989.249,1479137900,13676408000.0
2024-02-01,3968.041,3994.171,3846.159,3906.115,1280098670,12009439300.0
2024-02-02,3912.922,3971.795,3580.31,3713.378,1617749000,14032850000.0
2024-02-05,3664.171,3664.171,3295.431,3376.417,1903574900,14792072000.0
2024-02-06,3278.344,3576.126,3160.863,3488.461,2161233200,16306961000.0
2024-02-07,3498.562,3548.59,3338.567,3380.654,2205350400,17575144000.0
2024-02-08,3378.957,3656.265,3333.167,3656.265,2329671500,18712205000.0
2024-02-19,3698.589,3810.984,3698.589,3787.299,2000833500,16896457000.0
2024-02-20,3780.469,3864.764,3735.096,3863.439,1559089400,14148188000.0
2024-02-21,3823.975,4054.046,3806.335,3947.243,1927072100,18033474000.0
2024-02-22,3943.104,4051.22,3936.813,4051.22,1778360700,16593649000.0
2024-02-23,4064.041,4198.254,4052.367,4194.935,2006197900,20257120000.0
2024-02-26,4318.683,4457.455,4307.84,4391.52,2741372100,29474841000.0
2024-02-27,4376.454,4503.221,4346.71,4503.117,2586699200,28553301000.0
2024-02-28,4506.161,4573.94,4160.571,4160.571,3369806000,33744446000.0
2024-02-29,4101.269,4381.724,4101.269,4381.724,2530296900,25574156000.0
2024-03-01,4403.943,4441.529,4369.269,4432.192,2485743100,26194400000.0
2024-03-04,4434.485,4450.229,4333.707,4426.645,2269239100,24195581000.0
2024-03-05,4392.837,4407.26,4316.471,4329.24,1930860400,20896038000.0
2024-03-06,4316.735,4483.076,4316.735,4467.693,2310422600,25351984000.0
2024-03-07,4512.606,4577.131,4457.645,4457.645,2904819100,30976813000.0
2024-03-08,4441.376,4494.997,4405.819,4488.691,2315823800,23369850000.0
2024-03-11,4465.668,4535.776,4446.484,4535.776,2127672400,22503919000.0
2024-03-12,4539.39,4576.596,4503.991,4576.596,2307124700,24661160000.0
2024-03-13,4571.129,4607.053,4547.062,4571.231,2166889900,23099966000.0
2024-03-14,4569.215,4604.994,4474.392,4541.351,2080483700,22127936000.0
2024-03-15,4525.639,4656.603,4519.144,4656.603,2117418300,22751235000.0
2024-03-18,4677.059,4754.577,4669.318,4754.577,2271838600,25937837000.0
2024-03-19,4748.135,4779.737,4718.726,4719.471,2370573400,26737031000.0
2024-03-20,4708.916,4757.919,4708.81,4755.342,1955545100,21532295000.0
2024-03-21,4762.129,4779.641,4693.674,4767.274,2433869100,25168830000.0
2024-03-22,4752.895,4754.822,4658.615,4679.256,2270181300,23935372000.0
2024-03-25,4658.835,4673.699,4534.177,4535.742,2086834900,21019737000.0
2024-03-26,4529.86,4566.358,4442.237,4522.692,1871036300,18539959000.0
2024-03-27,4516.795,4516.795,4347.892,4347.892,1807177300,17013478000.0
2024-03-28,4340.986,4519.441,4340.986,4471.39,1960590100,18619828000.0
2024-03-29,4474.46,4531.227,4458.975,4531.227,1739314500,17084174000.0
2024-04-01,4549.309,4626.246,4549.309,4626.246,1912407100,19206476000.0
2024-04-02,4629.519,4637.715,4570.132,4596.826,1866339600,18842607000.0
2024-04-03,4580.232,4581.152,4489.236,4526.2,1644822700,16501719000.0
2024-04-08,4512.488,4512.488,4372.913,4372.913,1458146700,14332535000.0
2024-04-09,4379.731,4442.016,4369.549,4442.016,1303077500,12894509800.0
2024-04-10,4464.49,4501.006,4385.239,4425.479,1959724800,19623659000.0
2024-04-11,4386.39,4479.587,4356.872,4424.467,1873813900,18179605000.0
2024-04-12,4420.085,4461.901,4377.618,4389.81,1605257900,15545200000.0
2024-04-15,4368.578,4399.355,4152.448,4213.069,2116049300,20133697000.0
2024-04-16,4172.609,4172.609,3887.56,3889.761,2104025200,19152238000.0
2024-04-17,3935.392,4182.57,3935.392,4182.57,1900630500,18766260000.0
2024-04-18,4183.375,4232.075,4108.556,4161.505,1794001300,18121030000.0
2024-04-19,4137.934,4187.591,4098.328,4132.626,1619755300,15982871000.0
2024-04-22,4110.404,4140.684,4016.694,4091.701,1458943300,14977368000.0
2024-04-23,4097.09,4171.538,4097.09,4152.824,1480281900,16849985000.0
2024-04-24,4149.201,4234.048,4149.201,4234.048,1572802100,17355047000.0
2024-04-25,4220.563,4268.943,4204.8,4245.301,1535986300,17105596000.0
2024-04-26,4227.448,4294.844,4200.156,4280.868,1880422700,20214002000.0
2024-04-29,4298.723,4395.579,4298.723,4393.938,2227333300,23237593000.0
2024-04-30,4389.886,4410.496,4321.329,4352.782,1776011400,17313046000.0
2024-05-06,4401.675,4451.02,4401.253,4450.73,1953782500,19034928000.0
2024-05-07,4452.675,4498.812,4433.609,4498.812,1817452600,18524199000.0
2024-05-08,4489.633,4489.69,4424.279,4429.017,1897571100,18156810000.0
2024-05-09,4427.531,4501.415,4427.531,4494.365,1641160300,16311331000.0
2024-05-10,4508.279,4513.546,4417.417,4423.352,1511081000,15794303000.0
2024-05-13,4389.88,4389.88,4310.168,4323.414,1473709400,14992580000.0
2024-05-14,4332.574,4386.096,4332.574,4365.267,1160452540,12576698100.0
2024-05-15,4362.506,4390.49,4329.848,4335.326,1188334290,12570775700.0
2024-05-16,4339.44,4382.35,4339.44,4351.356,1386130900,13703688000.0
2024-05-17,4351.337,4393.701,4334.403,4393.701,1543814800,16357177000.0
2024-05-20,4400.247,4420.381,4387.176,4409.613,1539254900,16988306000.0
2024-05-21,4400.15,4400.15,4334.101,4345.383,1421948000,14610116000.0
2024-05-22,4342.264,4394.461,4334.697,4391.548,1325862940,15548873000.0
2024-05-23,4387.218,4404.734,4345.583,4356.19,1473052200,16810219000.0
2024-05-24,4341.492,4372.957,4309.837,4309.837,1257522390,14745216000.0
2024-05-27,4302.098,4323.143,4234.772,4323.053,1463794500,14891597000.0
2024-05-28,4307.191,4335.42,4282.424,4290.895,1256939500,14071349000.0
2024-05-29,4282.31,4335.343,4281.463,4305.189,1253837230,13754414000.0
2024-05-30,4297.271,4317.835,4272.689,4279.795,1300989870,13863076000.0
2024-05-31,4286.873,4355.255,4286.873,4340.791,1482226600,16868689000.0
2024-06-03,4345.89,4345.89,4214.983,4248.85,1929127000,19019522000.0
2024-06-04,4224.092,4224.092,4137.645,4182.634,1669055200,17062273000.0
2024-06-05,4164.246,4164.246,4080.479,4080.479,1489636500,14951733000.0
2024-06-06,4077.592,4094.857,3873.29,3894.807,2141584900,18146846000.0
2024-06-07,3938.065,4013.614,3937.694,4004.146,1624732000,15314808000.0
2024-06-11,3994.597,4024.101,3921.886,4024.051,1445300300,14354002000.0
2024-06-12,4015.262,4104.943,4011.512,4100.648,1409560500,15183775000.0
2024-06-13,4102.201,4136.85,4079.931,4112.751,1511192800,15658514000.0
2024-06-14,4107.055,4107.055,4058.009,4089.456,1597091600,13217112300.0
2024-06-17,4065.561,4087.343,4054.858,4064.941,1616102600,13432932000.0
2024-06-18,4066.778,4150.664,4065.057,4150.664,1623659600,15176389000.0
2024-06-19,4165.101,4174.207,4133.05,4135.258,1498761600,15411542000.0
2024-06-20,4124.13,4132.655,4029.859,4034.279,1446843600,13911025000.0
2024-06-21,4022.266,4056.172,3988.619,4021.345,1201809040,11035662700.0
2024-06-24,3991.95,3991.95,3846.225,3850.474,1569131200,12208293100.0
2024-06-25,3857.68,3952.299,3857.68,3909.735,1415943900,11950111000.0
2024-06-26,3902.731,4017.655,3861.338,4017.655,1430376300,12570506500.0
2024-06-27,4005.256,4044.411,3940.284,3940.284,1353384200,12697053000.0
2024-06-28,3926.618,4014.101,3917.975,3963.598,1284519170,11977572400.0
2024-07-01,3961.768,3985.812,3898.39,3973.042,1449552100,14207064000.0
2024-07-02,3969.351,3978.346,3946.65,3960.056,1548041100,13936912000.0
2024-07-03,3955.255,3955.255,3889.211,3892.109,1449917700,12920313900.0
2024-07-04,3895.473,3927.198,3792.293,3800.675,1479729200,13269404200.0
2024-07-05,3792.543,3845.412,3737.69,3829.441,1311029770,11563170500.0
2024-07-08,3813.791,3813.791,3690.452,3702.845,1437472800,11503962000.0
2024-07-09,3697.454,3784.139,3634.853,3783.317,1771899400,14642423000.0
2024-07-10,3773.399,3810.261,3752.104,3760.158,1534737400,13751570000.0
2024-07-11,3822.079,3887.367,3812.256,3887.302,1811091400,15412700000.0
2024-07-12,3885.572,3898.161,3847.162,3867.204,1451138500,12999150800.0
2024-07-15,3859.734,3859.734,3780.626,3790.654,1290832620,11481342300.0
2024-07-16,3781.6,3822.342,3756.201,3821.797,1180241390,11218068400.0
2024-07-17,3821.794,3838.618,3793.919,3811.931,1311013990,12765527300.0
2024-07-18,3787.22,3826.817,3709.363,3807.037,1569717800,14554879000.0
2024-07-19,3788.412,3870.363,3778.328,3836.512,1387798400,13015722600.0
2024-07-22,3837.577,3866.926,3827.339,3866.279,1335638050,12166061600.0
2024-07-23,3875.372,3887.738,3784.833,3785.933,1464598300,13399646300.0
2024-07-24,3768.056,3804.653,3733.341,3743.605,1493948700,13966910000.0
2024-07-25,3723.207,3820.536,3706.943,3780.901,1538922100,14320867000.0
2024-07-26,3789.045,3889.912,3788.676,3889.651,1867120700,17336589000.0
2024-07-29,3902.916,3914.638,3872.998,3897.561,1713439700,16605299000.0
2024-07-30,3885.435,3940.249,3858.282,3907.995,1927014300,17020429000.0
2024-07-31,3902.138,4042.143,3893.181,4042.143,2248443800,22580285000.0
2024-08-01,4046.772,4081.195,4037.941,4052.099,2071582000,22525657000.0
2024-08-02,4026.218,4056.709,3964.147,3968.562,1936934900,20905662000.0
2024-08-05,3941.062,3994.19,3849.039,3849.039,1940219200,20137998000.0
2024-08-06,3891.596,3935.689,3879.379,3924.359,1661288200,17764087000.0
2024-08-07,3922.88,3958.79,3915.419,3932.516,1508068400,16601273000.0
2024-08-08,3917.735,3917.735,3834.841,3882.336,1703767000,16938500000.0
2024-08-09,3890.774,3915.183,3861.728,3861.728,1484924400,13667670000.0
2024-08-12,3860.528,3864.183,3822.46,3841.59,1459791700,12892026400.0
2024-08-13,3833.958,3882.939,3809.999,3882.939,1385764800,11756267500.0
2024-08-14,3878.767,3889.934,3854.871,3861.914,1420845900,12348025800.0
2024-08-15,3847.061,3911.322,3825.904,3896.774,1913941200,15466458000.0
2024-08-16,3904.887,3927.06,3886.545,3891.131,1868511400,16093573000.0
2024-08-19,3876.245,3907.819,3850.069,3859.286,1726147000,14488061000.0
2024-08-20,3859.7,3864.435,3784.239,3809.235,1772667500,15657429000.0
2024-08-21,3791.794,3822.744,3787.329,3800.781,1568992300,14899990000.0
2024-08-22,3796.512,3803.934,3714.616,3717.148,1685873100,15304937000.0
2024-08-23,3706.378,3712.172,3649.348,3683.971,1467659400,12748765400.0
2024-08-26,3687.142,3747.869,3680.712,3732.14,1398010600,12704412100.0
2024-08-27,3722.016,3722.016,3660.509,3665.622,1377416100,12579980800.0
2024-08-28,3658.587,3739.404,3648.146,3702.282,1336399450,12371542600.0
2024-08-29,3692.222,3796.219,3680.912,3781.531,1621701200,15746299000.0
2024-08-30,3781.819,3900.426,3773.598,3856.606,2195991500,21119361000.0
2024-09-02,3850.041,3869.579,3785.607,3786.275,1726569900,16855476000.0
2024-09-03,3790.594,3847.136,3784.823,3828.2,1553321100,14736333000.0
2024-09-04,3799.373,3832.393,3781.658,3800.677,1421115300,13108553900.0
2024-09-05,3800.83,3850.281,3800.83,3830.637,1348008000,11931711700.0
2024-09-06,3829.546,3829.984,3746.261,3747.936,1643522700,15111971000.0
2024-09-09,3730.886,3771.508,3700.954,3750.401,1388928200,12427578000.0
2024-09-10,3756.925,3797.876,3717.578,3787.04,1385973900,11970644200.0
2024-09-11,3773.28,3792.435,3754.917,3770.956,1285257880,10543444700.0
2024-09-12,3773.84,3808.894,3744.386,3744.719,1311516230,10775631700.0
2024-09-13,3745.946,3749.275,3696.111,3696.111,1344395900,10782192500.0
2024-09-18,3698.055,3703.721,3623.917,3680.163,1285751740,10395466300.0
2024-09-19,3697.252,3773.707,3675.914,3750.44,1688934500,14400243000.0
2024-09-20,3749.075,3750.065,3705.225,3725.263,1483186300,12426954700.0
2024-09-23,3716.424,3740.192,3695.092,3723.676,1315481170,10931022300.0
2024-09-24,3734.06,3852.565,3718.887,3852.565,2305105800,19306431000.0
2024-09-25,3883.811,3964.543,3875.746,3886.725,2698421600,22091994000.0
2024-09-26,3887.442,4007.965,3885.558,4007.965,2513213900,21797409000.0
2024-09-27,4059.508,4261.815,4050.547,4229.091,3478729200,29695707000.0
2024-09-30,4400.726,4809.145,4322.887,4769.411,5622372100,53270339000.0
2024-10-08,5510.039,5510.214,4908.989,5306.718,6765665700,73741853000.0
2024-10-09,5096.136,5100.858,4738.961,4738.961,5140587400,55058630000.0
2024-10-10,4792.333,4904.723,4679.601,4739.574,3575282900,37924127000.0
2024-10-11,4717.392,4717.392,4435.836,4489.568,3219231700,31805422000.0
2024-10-14,4517.185,4646.601,4445.906,4646.55,2768950200,28477643000.0
2024-10-15,4624.346,4720.001,4577.603,4579.787,3006265500,32133550000.0
2024-10-16,4518.508,4651.739,4510.884,4600.236,2545476100,25337374000.0
2024-10-17,4630.64,4725.066,4627.474,4629.94,3172363600,32248668000.0
2024-10-18,4620.553,4917.85,4620.553,4834.805,3626784600,40472915000.0
2024-10-21,4900.334,5069.324,4900.236,5019.153,3765080500,43642261000.0
2024-10-22,5031.693,5094.584,4947.698,5032.372,3753442400,44034034000.0
2024-10-23,5008.05,5146.1,4984.045,5080.355,3989412400,47440645000.0
2024-10-24,5069.508,5147.121,5031.154,5122.168,3474959400,40047062000.0
2024-10-25,5143.17,5302.514,5143.17,5217.838,3893936000,45173381000.0
2024-10-28,5237.146,5358.606,5211.26,5358.606,4230684100,45100344000.0
2024-10-29,5385.227,5403.743,5291.802,5322.539,5040123600,58138996000.0
2024-10-30,5302.418,5387.921,5255.365,5327.567,4557614300,53371865000.0
2024-10-31,5334.329,5427.94,5310.594,5400.17,5044085500,57894758000.0
2024-11-01,5390.401,5408.727,5163.48,5167.901,4912256100,49459210000.0
2024-11-04,5164.521,5370.229,5164.521,5370.229,3817346200,44717249000.0
2024-11-05,5380.33,5574.564,5379.588,5574.564,5089166200,60745806000.0
2024-11-06,5608.858,5703.856,5572.696,5633.185,5568123800,67185024000.0
2024-11-07,5606.153,5718.425,5583.094,5718.425,5442364800,56074978000.0
2024-11-08,5762.134,5844.175,5734.804,5764.266,5434723800,58884160000.0
2024-11-11,5752.73,5911.705,5752.73,5911.705,4694852300,57336757000.0
2024-11-12,5920.273,5923.061,5727.514,5790.93,4325927500,52087029000.0
2024-11-13,5758.601,5800.916,5625.055,5799.737,3067721400,38318306000.0
2024-11-14,5783.956,5793.195,5609.54,5619.857,3185465600,36999338000.0
2024-11-15,5601.44,5662.119,5514.816,5518.016,3372620900,35756328000.0
2024-11-18,5547.6,5575.454,5344.846,5381.925,3825458300,37732720000.0
2024-11-19,5377.254,5539.228,5328.922,5539.228,3302399400,36386717000.0
2024-11-20,5528.371,5696.547,5521.323,5696.547,3869098400,42360868000.0
2024-11-21,5693.101,5760.153,5663.171,5748.016,4386871900,44982859000.0
2024-11-22,5737.939,5763.431,5534.788,5535.7,4859323900,48041734000.0
2024-11-25,5535.294,5624.14,5465.119,5624.14,3908259100,38228046000.0
2024-11-26,5619.052,5659.342,5502.91,5504.994,4638288700,38470986000.0
2024-11-27,5472.535,5618.54,5342.744,5618.54,4532327100,38710023000.0
2024-11-28,5626.658,5721.075,5625.024,5636.475,5159530900,45291761000.0
2024-11-29,5622.174,5803.721,5585.53,5781.706,4258741300,48595764000.0
2024-12-02,5813.89,5942.378,5813.89,5937.948,4481012300,54029197000.0
2024-12-03,5951.948,6033.124,5949.93,6014.468,5803631900,58272549000.0
2024-12-04,6026.33,6119.262,5982.743,6021.241,8718106000,74785515000.0
2024-12-05,6009.452,6183.766,6009.452,6165.241,6680467000,67119530000.0
2024-12-06,6202.104,6218.591,6099.894,6169.287,8168722800,79722210000.0
2024-12-09,6155.156,6233.477,6108.086,6168.132,7486170800,74270960000.0
2024-12-10,6343.959,6362.083,6213.517,6221.827,9106364600,91076993000.0
2024-12-11,6187.543,6248.529,6138.426,6239.212,7293370400,76745845000.0
2024-12-12,6222.418,6228.929,6127.706,6226.868,6910928500,71118853000.0
2024-12-13,6192.603,6218.798,6116.01,6120.61,6172989300,68386952000.0
2024-12-16,6114.303,6145.496,6024.007,6054.729,5843049500,57461044000.0
2024-12-17,6039.622,6041.77,5771.7,5787.114,5220250800,48471109000.0
2024-12-18,5788.319,5862.342,5717.181,5796.044,4892928600,45249018000.0
2024-12-19,5734.764,5877.784,5723.834,5863.801,4689094600,46322442000.0
2024-12-20,5849.92,6002.811,5836.744,5957.439,5698910700,55014609000.0
2024-12-23,5934.123,5941.746,5671.677,5688.421,5901294400,53644495000.0
2024-12-24,5711.874,5786.397,5628.903,5751.556,4631526200,43750850000.0
2024-12-25,5731.324,5732.576,5553.4,5616.096,4264426000,43616819000.0
2024-12-26,5605.416,5781.658,5605.416,5730.532,4386997900,46717831000.0
2024-12-27,5732.588,5813.415,5711.058,5735.541,4120050100,43534150000.0
2024-12-30,5706.529,5710.382,5595.704,5640.867,3574353400,36698455000.0
2024-12-31,5647.886,5671.698,5509.224,5513.456,4063692800,39311430000.0
2025-01-02,5504.211,5594.35,5372.341,5425.055,4034354300,39925351000.0
2025-01-03,5438.78,5453.643,5203.324,5209.926,4047343700,38676258000.0
2025-01-06,5191.072,5247.474,5058.542,5170.612,2995131100,28768212000.0
2025-01-07,5184.503,5354.757,5184.503,5354.757,3833093000,35142330000.0
2025-01-08,5339.932,5418.508,5186.058,5381.683,5252319500,45648176000.0
2025-01-09,5355.627,5473.517,5346.671,5444.853,5456074900,46636150000.0
2025-01-10,5435.454,5511.031,5315.58,5315.58,5939397900,51086371000.0
2025-01-13,5235.141,5379.548,5174.435,5300.071,4627240700,42319568000.0
2025-01-14,5327.885,5643.05,5327.885,5643.05,4862087200,50415227000.0
2025-01-15,5658.503,5689.776,5599.979,5617.932,3978947100,46463567000.0
2025-01-16,5644.585,5735.542,5577.945,5648.976,6155584400,58324543000.0
2025-01-17,5639.26,5676.824,5593.413,5637.852,4790596400,50008309000.0
2025-01-20,5672.288,5721.877,5641.736,5707.894,4565310600,48809183000.0
2025-01-21,5738.269,5748.83,5639.895,5730.871,4346751900,53800314000.0
2025-01-22,5694.039,5732.154,5661.657,5687.137,4979601700,51698101000.0
2025-01-23,5740.981,5823.372,5684.283,5684.283,5156501400,57535101000.0
2025-01-24,5654.876,5767.561,5620.657,5765.933,4580266800,53363439000.0
2025-01-27,5770.418,5785.738,5629.356,5629.356,3759708000,43908458000.0
2025-02-05,5680.322,5735.573,5654.58,5708.716,4619213400,51188986000.0
2025-02-06,5694.727,5915.141,5688.851,5915.141,5542290900,64034697000.0
2025-02-07,5910.965,6052.504,5893.9,5988.289,6309850400,74567010000.0
2025-02-10,5995.217,6073.17,5944.345,6073.17,5636366900,61228871000.0
2025-02-11,6068.7,6112.768,6009.324,6086.995,6137051200,65191214000.0
2025-02-12,6064.745,6174.746,6052.461,6174.746,5522746500,62994121000.0
2025-02-13,6184.943,6185.577,6050.366,6050.366,5896763000,65285514000.0
2025-02-14,6028.632,6049.0,5975.973,6007.029,5156263000,56226191000.0
2025-02-17,6015.13,6193.042,6015.13,6193.042,5498013900,63686232000.0
2025-02-18,6182.916,6217.052,6056.779,6082.14,5544400900,64603645000.0
2025-02-19,6078.022,6332.894,6075.183,6332.894,5177139700,71114580000.0
2025-02-20,6335.949,6489.513,6322.847,6474.723,5781562000,81640683000.0
2025-02-21,6454.567,6571.284,6440.904,6571.284,6192683900,84346517000.0
2025-02-24,6574.69,6662.036,6496.126,6594.043,6156103200,86378828000.0
2025-02-25,6488.544,6707.599,6481.429,6644.527,5905524200,84805255000.0
2025-02-26,6663.855,6811.562,6663.765,6772.837,6311964000,93132428000.0
2025-02-27,6770.311,6776.959,6594.412,6728.078,5877451800,85728614000.0
2025-02-28,6690.926,6690.926,6398.998,6411.347,5172894300,70309724000.0
2025-03-03,6423.053,6547.684,6364.249,6424.297,4278912000,59086916000.0
2025-03-04,6381.401,6609.272,6381.401,6609.237,4038035100,58006885000.0
2025-03-05,6614.54,6726.024,6578.497,6721.806,4827113000,66686060000.0
2025-03-06,6748.933,6851.655,6746.453,6839.898,5433629700,75712241000.0
2025-03-07,6807.827,6932.819,6795.518,6866.548,6686901700,85463639000.0
2025-03-10,6877.183,6958.83,6849.089,6933.045,5267789200,71659825000.0
2025-03-11,6826.222,6960.228,6820.272,6960.228,5232135200,72268310000.0
2025-03-12,6998.293,7060.745,6972.33,7013.607,5497636600,75334969000.0
2025-03-13,6989.003,7007.526,6784.231,6904.421,5291187300,70670809000.0
2025-03-14,6898.026,7031.589,6814.817,7013.75,4498067100,64372419000.0
2025-03-17,7034.583,7107.09,7001.177,7106.753,4139856000,63458226000.0
2025-03-18,7118.315,7213.174,7114.531,7212.854,4441146400,68304278000.0
2025-03-19,7181.707,7248.962,7141.77,7180.958,5088335700,72077529000.0
2025-03-20,7173.213,7304.956,7148.98,7207.419,5762082000,79450974000.0
2025-03-21,7165.318,7175.795,7016.872,7036.57,6237479600,81673505000.0
2025-03-24,7026.288,7033.298,6682.447,6882.769,5589683700,67987378000.0
2025-03-25,6850.152,6944.9,6822.06,6850.815,4392954600,58117585000.0
2025-03-26,6806.135,6999.998,6806.135,6970.621,4579850400,59404975000.0
2025-03-27,6938.673,6949.786,6794.995,6856.211,4560455300,59901113000.0
2025-03-28,6838.661,6900.491,6744.437,6744.442,4351104700,54332951000.0
2025-03-31,6672.475,6672.475,6502.969,6638.523,4382761000,56449469000.0
2025-04-01,6657.997,6731.904,6652.508,6683.65,3726493700,49023325000.0
2025-04-02,6666.047,6778.994,6651.724,6710.237,3567618900,45430970000.0
2025-04-03,6625.89,6720.138,6525.069,6581.275,3456261600,43371032000.0
2025-04-07,6093.828,6134.019,5532.746,5588.411,3328564900,40404777000.0
2025-04-08,5564.944,5758.271,5453.984,5605.228,4644340000,48802183000.0
2025-04-09,5484.29,5895.796,5202.601,5843.985,5213740500,55269506000.0
2025-04-10,5970.763,6175.189,5970.763,6032.226,4554560900,54487940000.0
2025-04-11,5974.976,6210.725,5974.619,6124.236,3787845600,48675175000.0
2025-04-14,6214.091,6314.551,6214.091,6257.407,3601343800,43673185000.0
2025-04-15,6269.818,6296.135,6189.47,6262.831,3225538600,39210006000.0
2025-04-16,6246.125,6252.007,6028.604,6111.669,2958135900,35960516000.0
2025-04-17,6092.734,6213.466,6086.243,6142.96,2497690900,31537488000.0
2025-04-18,6139.111,6192.001,6089.288,6154.747,2284685000,28307288000.0
2025-04-21,6143.305,6303.92,6103.25,6303.92,2934800700,35523076000.0
2025-04-22,6302.675,6307.298,6249.135,6267.604,3421051600,36254168000.0
2025-04-23,6312.168,6470.968,6312.168,6439.199,3883424100,53496326000.0
2025-04-24,6422.861,6452.867,6304.158,6336.415,3531417800,47578389000.0
2025-04-25,6341.22,6399.471,6300.767,6354.983,2893309000,37896641000.0
2025-04-28,6353.629,6370.218,6245.271,6249.213,2838914900,34443338000.0
2025-04-29,6222.889,6363.301,6201.693,6340.763,3178753600,39205896000.0
2025-04-30,6343.634,6487.672,6343.634,6457.039,4010252900,47606477000.0
2025-05-06,6519.394,6709.43,6519.394,6709.337,4725847100,56448439000.0
2025-05-07,6786.175,6810.424,6691.629,6765.656,4930145000,61620161000.0
2025-05-08,6745.177,6929.841,6744.841,6927.33,5248369400,62985945000.0
2025-05-09,6934.763,6934.763,6795.179,6840.304,4376638700,56542264000.0
2025-05-12,6883.712,7004.972,6883.712,7004.972,4218273000,59634460000.0
2025-05-13,7072.082,7076.597,6953.345,6964.674,4344821000,57402255000.0
2025-05-14,6964.963,7004.472,6925.586,6962.953,4514031300,57276945000.0
2025-05-15,6949.65,6958.207,6854.793,6885.344,3966903800,49324209000.0
2025-05-16,6862.386,7014.335,6860.54,6962.206,3933193400,53428251000.0
2025-05-19,6972.95,6987.693,6847.507,6987.567,3882959000,51388859000.0
2025-05-20,6991.509,7072.701,6932.07,7063.098,4365993600,55394578000.0
2025-05-21,7037.061,7037.061,6914.235,6951.593,3489594000,45048123000.0
2025-05-22,6923.072,7003.064,6816.589,6822.683,3131585100,40190541000.0
2025-05-23,6811.405,6927.899,6751.411,6751.456,3169301800,41751871000.0
2025-05-26,6751.795,6872.188,6751.795,6872.188,2802799900,36585089000.0
2025-05-27,6889.489,6889.489,6814.902,6853.38,3167164100,41554426000.0
2025-05-28,6864.034,6923.724,6831.811,6855.169,3679366000,44105682000.0
2025-05-29,6842.167,6981.084,6842.167,6965.249,3947983200,47151121000.0
2025-05-30,6942.429,6942.429,6783.85,6796.591,3556751400,42183220000.0
2025-06-03,6771.588,6848.754,6771.588,6836.598,2713302900,34052242000.0
2025-06-04,6845.287,6894.519,6845.287,6889.797,2917143000,35878842000.0
2025-06-05,6896.242,6964.407,6844.738,6955.829,3469804100,45324658000.0
2025-06-06,6951.768,6951.768,6892.324,6915.338,2990164300,37388840000.0
2025-06-09,6940.218,7006.52,6940.218,7006.52,2932923600,37002662000.0
2025-06-10,7011.945,7014.181,6819.158,6915.328,3482863500,43734954000.0
2025-06-11,6909.322,6988.512,6907.667,6967.344,3027848000,35130143000.0
2025-06-12,6957.616,6992.512,6927.156,6972.435,2791408200,33493849000.0
2025-06-13,6949.644,6962.074,6852.393,6858.29,3434033700,39694767000.0
2025-06-16,6831.271,6942.239,6831.271,6928.676,2637658100,31971636000.0
2025-06-17,6930.269,6959.127,6886.287,6917.53,2785511800,34861048000.0
2025-06-18,6898.971,6914.271,6834.433,6913.415,2835062700,35202240000.0
2025-06-19,6888.369,6929.03,6762.377,6774.942,3435301500,43801120000.0
2025-06-20,6759.004,6821.141,6682.395,6682.395,2911657100,35224253000.0
2025-06-23,6635.483,6796.808,6631.232,6793.355,2711260100,32029617000.0
2025-06-24,6794.263,6975.944,6794.263,6975.944,3509265700,46302651000.0
2025-06-25,6991.14,7069.539,6970.801,7066.791,3563748700,48449849000.0
2025-06-26,7059.568,7131.402,7044.753,7048.962,3507055000,47240205000.0
2025-06-27,7055.054,7108.226,7034.961,7098.705,3068840700,39944785000.0
2025-06-30,7127.761,7227.456,7125.256,7227.364,3344894700,43491440000.0
2025-07-01,7245.52,7254.252,7175.015,7238.423,3436879700,44657291000.0
2025-07-02,7236.272,7243.101,7161.416,7199.522,3394298800,44785912000.0
2025-07-03,7196.241,7232.172,7158.809,7231.995,3131418300,42000678000.0
2025-07-04,7211.771,7211.771,7096.515,7102.077,3172590000,40660225000.0
2025-07-07,7088.418,7150.72,7065.371,7150.72,2713128700,34266485000.0
2025-07-08,7148.315,7231.883,7138.228,7231.837,3056813600,39486306000.0
2025-07-09,7255.042,7301.502,7203.273,7222.494,3680961600,49342658000.0
2025-07-10,7215.192,7231.515,7162.508,7218.577,3331785500,41337229000.0
2025-07-11,7220.003,7289.039,7173.958,7263.532,3414559600,43043040000.0
2025-07-14,7280.863,7388.042,7275.712,7381.83,3604987700,51600376000.0
2025-07-15,7366.087,7403.182,7276.477,7334.904,4413614900,55049684000.0
2025-07-16,7347.135,7430.588,7333.185,7414.696,4468777100,55801581000.0
2025-07-17,7406.837,7480.414,7382.13,7480.414,3742119200,55779498000.0
2025-07-18,7484.671,7490.458,7430.28,7481.28,3447955700,49313078000.0
2025-07-21,7522.976,7618.094,7518.081,7618.058,5287898700,66259697000.0
2025-07-22,7643.835,7675.468,7610.723,7675.468,5075881200,68988861000.0
2025-07-23,7673.915,7673.915,7562.486,7571.869,4315080500,60958515000.0
2025-07-24,7569.694,7646.067,7569.479,7645.402,3689599300,52261332000.0
2025-07-25,7640.479,7659.802,7586.752,7659.802,3648057400,49662398000.0
2025-07-28,7669.333,7705.801,7657.185,7703.358,3356230300,48678999000.0
2025-07-29,7697.019,7713.936,7640.468,7713.936,3287336100,49839447000.0
2025-07-30,7708.644,7708.644,7583.325,7643.63,3360048700,51277345000.0
2025-07-31,7622.276,7707.293,7568.92,7594.012,3978979500,50985247000.0
2025-08-01,7601.164,7653.457,7578.809,7640.977,3478143700,45405568000.0
2025-08-04,7610.41,7842.526,7600.586,7842.526,3580620800,54453676000.0
2025-08-05,7868.562,7931.174,7856.75,7931.174,4057394900,62094437000.0
2025-08-06,7935.269,8101.811,7921.825,8098.687,4599338400,77388610000.0
2025-08-07,8106.599,8114.611,8038.197,8095.911,4682566700,75676677000.0
2025-08-08,8069.768,8155.725,8056.84,8129.794,4559509500,72514602000.0
2025-08-11,8142.805,8255.579,8134.441,8255.528,5263245000,73839910000.0
2025-08-12,8250.642,8250.642,8160.983,8229.983,4617528600,68539076000.0
2025-08-13,8237.282,8323.926,8225.609,8310.673,5341535200,76667563000.0
2025-08-14,8329.129,8332.268,8132.206,8132.374,5608521600,80262392000.0
2025-08-15,8130.594,8379.575,8130.594,8379.575,5165893800,80452083000.0
2025-08-18,8450.936,8625.384,8425.199,8611.566,6552477600,100102571000.0
2025-08-19,8627.403,8742.972,8549.974,8697.116,6796328400,103051634000.0
2025-08-20,8650.753,8730.713,8592.439,8730.713,7137550100,96337093000.0
2025-08-21,8722.723,8740.814,8555.914,8595.949,6262958700,87051981000.0
2025-08-22,8593.182,8660.484,8593.182,8659.592,5445162200,77014333000.0
2025-08-25,8702.409,8795.189,8670.634,8754.0,6130289500,93675404000.0
2025-08-26,8742.616,8832.614,8683.792,8766.821,6130412600,87458829000.0
2025-08-27,8759.512,8799.928,8519.632,8519.632,7217556900,98951013000.0
2025-08-28,8511.821,8601.875,8276.39,8573.222,6055311500,86686456000.0
2025-08-29,8578.645,8635.395,8499.579,8539.816,4651044900,73847557000.0
2025-09-01,8551.368,8621.9,8513.725,8607.259,4939063300,70931021000.0
2025-09-02,8648.958,8654.474,8359.689,8556.482,6935159900,103135534000.0
2025-09-03,8579.306,8606.478,8335.331,8355.406,5539962300,77897215000.0
2025-09-04,8355.45,8426.047,8119.691,8243.236,5505588000,74792542000.0
2025-09-05,8264.13,8518.31,8240.175,8518.31,4926980500,67973605000.0
2025-09-08,8539.859,8691.2,8538.11,8686.052,5167582700,76997297000.0
2025-09-09,8655.472,8655.472,8504.105,8540.622,4306225500,61606919000.0
2025-09-10,8533.406,8634.774,8511.019,8560.673,4563495900,61090699000.0
2025-09-11,8544.04,8714.404,8482.772,8714.404,5494815000,73727843000.0
2025-09-12,8719.637,8758.862,8647.606,8681.787,5190946800,76269957000.0
2025-09-15,8673.15,8720.095,8629.879,8682.794,4162387200,65730356000.0
2025-09-16,8691.16,8876.297,8683.645,8876.297,6519796900,96117063000.0
2025-09-17,8875.995,8975.646,8847.846,8951.318,5590983400,93672009000.0
2025-09-18,8946.03,9099.822,8774.702,8877.185,7031712700,116410683000.0
2025-09-19,8867.899,8896.172,8695.257,8735.797,4898804300,79408578000.0
2025-09-22,8749.668,8803.684,8702.054,8803.684,4087762800,65445014000.0
2025-09-23,8822.575,8829.657,8494.378,8659.104,4852146400,75855918000.0
2025-09-24,8622.808,8799.505,8565.447,8799.505,4327062200,69073500000.0
2025-09-25,8787.497,8853.482,8720.442,8736.677,3917842600,66782450000.0
2025-09-26,8714.194,8740.516,8608.799,8608.799,3879353700,60677513000.0
2025-09-29,8605.333,8711.093,8529.635,8678.742,3020883300,49784658000.0
2025-09-30,8702.343,8725.796,8640.958,8642.467,2868584300,46906723000.0
2025-10-09,8681.725,8767.086,8655.252,8743.741,3866722700,58461919000.0
2025-10-10,8756.762,8819.263,8673.174,8694.078,3753513700,58649452000.0
2025-10-13,8319.339,8669.901,8266.67,8653.287,3707024600,57362645000.0
2025-10-14,8704.581,8750.045,8491.899,8517.138,3873603200,58292375000.0
2025-10-15,8527.721,8665.497,8456.282,8664.632,3247311100,52209228000.0
2025-10-16,8636.046,8652.665,8509.033,8534.036,3345851300,48127805000.0
2025-10-17,8532.021,8532.381,8274.513,8275.333,3028234300,42642097000.0
2025-10-20,8377.708,8466.854,8373.351,8456.049,2827417200,42147848000.0
2025-10-21,8493.196,8627.678,8455.751,8627.578,3170400600,46159388000.0
2025-10-22,8608.788,8688.789,8568.773,8630.987,3034818800,45635697000.0
2025-10-23,8598.843,8636.722,8487.94,8629.573,3441734700,47170109000.0
2025-10-24,8665.726,8762.249,8665.726,8750.408,3670021000,55366243000.0
2025-10-27,8800.755,8843.17,8760.951,8840.494,4016909900,60683519000.0
2025-10-28,8826.801,8867.11,8786.248,8825.711,3401047700,53474013000.0
2025-10-29,8816.922,8895.318,8755.119,8895.318,3326881400,54986604000.0
2025-10-30,8875.268,8890.386,8793.084,8793.084,3802110900,63881855000.0
2025-10-31,8774.061,8884.425,8769.164,8830.823,3819337000,59485372000.0
2025-11-03,8859.546,8882.201,8795.191,8882.201,3467522300,53396218000.0
2025-11-04,8871.106,8871.666,8747.497,8810.957,3399930400,53886578000.0
2025-11-05,8716.557,8888.99,8707.555,8868.485,3738029500,53692326000.0
2025-11-06,8880.122,8953.695,8844.02,8943.206,3992312300,64611619000.0
2025-11-07,8914.5,8925.369,8867.237,8873.304,3759631700,60323790000.0
2025-11-10,8873.01,8891.946,8810.964,8873.049,3604321700,55769663000.0
2025-11-11,8887.633,8961.421,8886.298,8932.56,3699790600,57642263000.0
2025-11-12,8910.215,8910.215,8762.625,8835.649,3535100800,52376796000.0
2025-11-13,8838.28,8916.008,8797.95,8876.134,3392253100,49579130000.0
2025-11-14,8824.532,8911.417,8801.843,8828.157,3393620500,47050352000.0
2025-11-17,8842.955,8867.093,8796.369,8844.648,3650697900,48343133000.0
2025-11-18,8825.2,8825.2,8702.139,8741.838,4078466900,49105898000.0
2025-11-19,8747.638,8757.534,8576.194,8596.844,3559129300,44555604000.0
2025-11-20,8622.738,8648.937,8488.899,8505.201,2866881700,38255806000.0
2025-11-21,8425.516,8491.986,8193.895,8209.74,3711472700,49784217000.0
2025-11-24,8265.201,8404.766,8231.094,8370.765,3108927300,43565753000.0
2025-11-25,8417.984,8545.123,8404.504,8460.509,3112473500,44429303000.0
2025-11-26,8465.166,8506.336,8387.557,8402.329,3028648800,45277527000.0
2025-11-27,8400.462,8492.853,8394.71,8441.817,2686352500,41935302000.0
2025-11-28,8443.22,8571.998,8410.82,8571.998,2664615300,45624060000.0
2025-12-01,8579.386,8666.044,8578.533,8649.634,2894075900,47480605000.0
2025-12-02,8633.485,8633.485,8542.113,8557.538,2887406100,42166449000.0
2025-12-03,8568.014,8583.781,8486.911,8520.013,3360086700,49616759000.0
2025-12-04,8544.617,8588.297,8460.818,8513.904,3486728400,55584637000.0
2025-12-05,8503.276,8694.892,8468.446,8692.645,3704085400,66063693000.0
2025-12-08,8727.56,8844.819,8726.718,8818.201,4202600900,72597461000.0
2025-12-09,8792.467,8842.975,8764.52,8773.546,3827541900,68887691000.0
2025-12-10,8758.102,8767.96,8672.474,8730.487,3408186100,59531438000.0
2025-12-11,8751.988,8762.096,8667.714,8682.049,3641666100,61976469000.0
2025-12-12,8687.745,8808.836,8651.162,8761.205,4106149300,69759373000.0
2025-12-15,8724.211,8779.257,8655.872,8691.737,3354920400,58548328000.0
2025-12-16,8672.625,8672.741,8492.243,8522.726,3348918300,57589539000.0
2025-12-17,8516.281,8602.426,8428.638,8591.806,3308581300,55908745000.0
2025-12-18,8540.229,8700.377,8530.721,8611.041,2820977000,54050279000.0
2025-12-19,8640.463,8759.968,8640.463,8746.66,3135230900,58012061000.0
2025-12-22,8791.588,8832.161,8765.654,8806.94,3122892200,60204220000.0
2025-12-23,8800.116,8819.02,8736.745,8770.989,3510528800,66077951000.0
2025-12-24,8764.142,8902.489,8747.464,8890.123,3684511200,65631711000.0
2025-12-25,8907.252,9073.058,8894.863,9065.126,3971704400,79304290000.0
2025-12-26,9079.498,9104.444,8979.975,9045.195,4113655700,81129074000.0
2025-12-29,9054.458,9112.658,9014.944,9088.687,3867950700,77625074000.0
2025-12-30,9048.984,9209.103,9025.507,9168.327,4323498800,90418053000.0
2025-12-31,9185.969,9201.644,9100.414,9186.336,4636311000,87915934000.0
2026-01-05,9196.275,9279.67,9160.191,9278.122,5613343800,100773837000.0
2026-01-06,9273.565,9345.278,9257.004,9345.278,6562401000,108818650000.0
2026-01-07,9330.169,9401.075,9296.764,9367.411,5953362700,103147233000.0
2026-01-08,9359.305,9523.004,9353.38,9516.747,6113961100,105421541000.0
2026-01-09,9544.354,9657.588,9538.926,9622.143,5274640900,109155204000.0
2026-01-12,9683.763,9891.319,9655.928,9881.542,5023015200,113252794000.0
2026-01-13,9899.942,9899.942,9653.987,9681.806,4934752400,109072757000.0
2026-01-14,9680.233,9889.209,9598.044,9731.361,5630768100,113244996000.0
2026-01-15,9646.77,9722.248,9588.561,9665.05,5711935400,94176899000.0
2026-01-16,9708.525,9832.964,9673.119,9801.679,3410562000,80982819000.0
2026-01-19,9800.302,9939.049,9796.729,9919.922,3530769100,82908166000.0
2026-01-20,9929.174,9948.941,9712.688,9783.551,3425453500,76709956000.0
2026-01-21,9730.84,9918.85,9712.391,9917.076,3130763700,73031198000.0
2026-01-22,9940.036,10012.962,9916.47,10008.662,3345620000,75982381000.0
2026-01-23,10036.753,10170.22,10024.718,10170.22,5983916600,110970385000.0
2026-01-26,10192.308,10194.611,9899.27,9968.399,5708336800,102957239000.0
2026-01-27,9928.314,10007.886,9713.491,10000.464,4985724100,87017717000.0
2026-01-28,9998.9,9999.43,9827.192,9862.221,4998472500,83249680000.0
2026-01-29,9839.392,9903.747,9671.838,9686.934,5394891800,86661272000.0
2026-01-30,9642.649,9781.45,9512.548,9729.832,4927361900,80130689000.0
2026-02-02,9679.359,9770.115,9562.194,9562.282,4615348000,81497631000.0
2026-02-03,9647.629,9809.877,9604.86,9809.759,4626060600,80616270000.0
2026-02-04,9808.154,9886.33,9778.982,9854.417,5027723500,81070339000.0
2026-02-05,9788.086,9804.966,9680.765,9694.458,4199994000,68662223000.0
2026-02-06,9641.677,9839.321,9609.878,9753.165,4213712500,72588810000.0
2026-02-09,9859.505,9969.819,9855.471,9969.819,4376115300,81890044000.0
2026-02-10,9977.286,10004.784,9941.598,9972.701,4343870700,78800402000.0
2026-02-11,9965.616,9997.736,9920.935,9922.73,3631295500,67754498000.0
2026-02-12,9955.011,10095.222,9927.11,10022.801,4315769800,72660251000.0
2026-02-13,9986.499,10080.286,9969.4,9990.58,3886615600,70833099000.0
2026-02-24,10100.534,10139.278,10025.136,10128.185,4424647600,81456451000.0
2026-02-25,10144.403,10218.869,10113.875,10215.776,4799570500,83526286000.0
2026-02-26,10213.766,10384.456,10203.467,10379.688,4930690000,90219212000.0
2026-02-27,10344.553,10451.084,10336.684,10450.605,4884338300,92603247000.0
2026-03-02,10305.596,10397.716,10187.559,10242.399,5215143900,100556918000.0
2026-03-03,10270.002,10285.731,9814.125,9820.81,5542494700,99465457000.0
2026-03-04,9700.132,9902.753,9700.132,9790.702,3897904300,70369878000.0
2026-03-05,9964.426,10040.758,9903.177,9957.418,4395603100,80406025000.0
2026-03-06,9912.539,10109.555,9908.782,10071.147,4015048800,72440503000.0
2026-03-09,9914.11,9958.418,9719.068,9925.881,4164221000,76447062000.0
2026-03-10,10021.811,10218.326,10021.811,10218.326,3794477300,74090535000.0
2026-03-11,10271.263,10347.936,10153.113,10191.834,4273049100,82324733000.0
2026-03-12,10177.39,10179.239,9951.211,9991.468,3940161800,71580314000.0
2026-03-13,9961.763,10057.849,9863.796,9881.529,3688507000,63585242000.0
2026-03-16,9888.241,9890.907,9732.617,9885.608,4177907300,66667091000.0
2026-03-17,9910.288,9917.751,9595.994,9597.22,3843694000,59248121000.0
2026-03-18,9628.156,9758.205,9592.008,9752.588,3404887600,52308063000.0
2026-03-19,9629.96,9635.336,9407.903,9448.608,3598498700,54014585000.0
2026-03-20,9486.34,9517.558,9177.899,9177.899,3348441700,51096609000.0
2026-03-23,9028.054,9091.408,8609.565,8662.566,3880483800,60240782000.0
2026-03-24,8865.522,8972.303,8700.979,8972.303,3132381800,49123823000.0
2026-03-25,9027.407,9193.43,9027.407,9146.975,3261040700,50426147000.0
2026-03-26,9152.666,9187.21,8943.72,8975.264,2865193200,44319637000.0
2026-03-27,8865.321,9110.964,8856.671,9080.839,2925403800,41935566000.0
2026-03-30,8982.538,9129.517,8952.305,9129.517,3072293300,51145009000.0
2026-03-31,9141.541,9250.624,9041.69,9045.648,3400904600,57978914000.0
2026-04-01,9209.01,9221.274,9124.095,9192.511,3257981100,55796904000.0
2026-04-02,9162.578,9181.094,8958.982,9015.276,2945019200,49033132000.0
2026-04-03,9025.784,9040.196,8821.501,8844.738,2786873400,44380006000.0
2026-04-07,8867.021,8992.759,8865.051,8944.697,2596873300,42077408000.0
2026-04-08,9144.879,9412.671,9144.879,9412.671,3621929900,63863906000.0
2026-04-09,9345.289,9382.221,9294.295,9329.992,3586986500,63365482000.0
2026-04-10,9396.373,9526.783,9396.373,9426.813,3765038300,69267237000.0
2026-04-13,9378.56,9462.081,9377.063,9462.081,3253440700,59254109000.0
2026-04-14,9534.452,9599.783,9486.751,9599.783,3825824200,73390205000.0
2026-04-15,9648.737,9671.971,9507.452,9529.43,3775142200,70859440000.0
2026-04-16,9561.212,9684.319,9530.309,9677.103,3482770700,66539546000.0
2026-04-17,9667.565,9821.778,9640.952,9805.801,3666749100,71055461000.0
2026-04-20,9811.465,9942.76,9786.997,9928.657,4285336300,85257534000.0
2026-04-21,9876.467,9876.467,9791.572,9862.98,3843634500,75070960000.0
2026-04-22,9815.474,9927.354,9775.328,9925.893,3414162700,73255080000.0
2026-04-23,9913.932,9914.537,9669.415,9716.506,3515074500,71478760000.0
2026-04-24,9675.426,9695.168,9562.438,9629.431,3615975800,76382721000.0
2026-04-27,9614.294,9738.226,9532.57,9732.983,3779212800,71840002000.0
2026-04-28,9682.04,9683.799,9522.547,9568.064,3364594400,66437118000.0
2026-04-29,9526.256,9727.887,9526.256,9694.823,3260531400,68001207000.0
2026-04-30,9699.749,9820.055,9698.359,9803.378,3637898100,74270537000.0
2026-05-06,9864.62,10012.444,9864.563,9983.016,4040947800,85924723000.0
2026-05-07,10000.214,10247.199,9997.881,10240.66,4450058600,95488115000.0
2026-05-08,10201.493,10428.069,10169.389,10420.864,4685163800,101391962000.0
2026-05-11,10491.179,10510.557,10411.34,10479.237,4647037500,103319220000.0
2026-05-12,10488.194,10513.85,10343.458,10409.266,4420197200,96487907000.0
2026-05-13,10372.051,10532.238,10327.179,10532.189,4348652000,97200220000.0
2026-05-14,10550.811,10550.811,10347.727,10347.727,4763575300,100395993000.0
2026-05-15,10362.135,10617.146,10315.629,10478.84,5313571600,114407591000.0
2026-05-18,10401.109,10497.003,10350.852,10457.709,4684282700,100123096000.0
2026-05-19,10458.902,10604.503,10414.39,10604.503,4743701000,98420404000.0
2026-05-20,10548.806,10579.91,10434.938,10531.571,4570343000,99718762000.0
2026-05-21,10545.079,10631.012,10219.386,10236.509,5326580900,122912588000.0
