date,open,high,low,close,volume,event_flag,no_price_limit_flag,ema20,ema60,atr14,atrp14,rsi14,rvol20,close_pos,b10_prev,r5,resistance,obv,obv_ma20,obv_std20,bench_close,bench_ret5,ret5,rs5,x1_price_vs_ema20,x2_ema20_vs_ema60,x3_break_b10,x4_close_pos,x5_log_rvol20,x6_obv_z,x7_rs5,x8_atrp_rank,z_x1_price_vs_ema20,z_x2_ema20_vs_ema60,z_x3_break_b10,z_x4_close_pos,z_x5_log_rvol20,z_x6_obv_z,z_x7_rs5,z_x8_atrp_rank,label_rev,p_rev,cv_best_l2,cv_logloss,cv_folds_used,train_n,coef_intercept,coef_z_x1_price_vs_ema20,coef_z_x2_ema20_vs_ema60,coef_z_x3_break_b10,coef_z_x4_close_pos,coef_z_x5_log_rvol20,coef_z_x6_obv_z,coef_z_x7_rs5,coef_z_x8_atrp_rank,atrp14_med60,price_limit_ratio
2025-01-02,16.88250578,16.97115371,16.19302188,16.36046797,46779490.0,0.0,0.0,16.36046797,16.36046797,,,,,0.21518987341744325,,,16.36046797,0.0,,,3820.3952,,,,,,,0.21518987341744325,,,,,,,,,,,,,0.0,,,,,,,,,,,,,,,,0.1
2025-01-03,16.43926613,16.69536015,16.0551251,16.07482464,34890393.0,0.0,0.0,16.33326384333333,16.35110261491803,,,,,0.030769230769179295,,,16.33326384333333,-34890393.0,,,3775.1648,,,,,,,0.030769230769179295,,,,,,,,,,,,,0.0,,,,,,,,,,,,,,,,0.1
2025-01-06,16.12407349,16.19302188,15.65128453,15.79903108,45639565.0,0.0,0.0,16.28238453253968,16.33300190885514,,,,,0.2727272727267708,,,16.28238453253968,-80529958.0,,,3768.9697,,,,,,,0.2727272727267708,,,,,,,,,,,,,0.0,,,,,,,,,,,,,,,,0.1
2025-01-07,15.87782924,16.04527533,15.54293706,16.00587625,44000323.0,0.0,0.0,16.256050410393044,16.322276477417265,,,,,0.9215686274491477,,,16.256050410393044,-36529635.0,,,3796.1055,,,,,,,0.9215686274491477,,,,,,,,,,,,,0.0,,,,,,,,,,,,,,,,0.1
2025-01-08,15.9566274,15.9566274,15.2671435,15.58233614,55636581.0,0.0,0.0,16.191887146546087,16.29801613848555,,,,,0.4571428571421952,,16.97115371,16.97115371,-92166216.0,,,3789.2153,,,,,,,0.4571428571421952,,,,,,,,,,,,,0.0,,,,,,,,,,,,,,,,0.1
2025-01-09,15.41489005,15.68083384,15.28684304,15.40504028,42465909.0,0.0,0.0,16.116949349732174,16.268738241486023,,,,,0.2999999999992363,,16.69536015,16.69536015,-134632125.0,,,3779.8773,-0.010605682888513712,-0.058398555087296744,-0.04779287219878303,,,,0.2999999999992363,,,-0.04779287219878303,,,,,,,,,,0.0,,,,,,,,,,,,,,,,0.1
2025-01-10,15.41489005,15.48383844,15.0701481,15.1686458,45860608.0,0.0,0.0,16.026634725948156,16.232669636847138,,,,,0.23809523809466174,,16.19302188,16.19302188,-180492733.0,,,3732.4806,-0.011306579251851523,-0.056372549019607754,-0.04506596976775623,,,,0.23809523809466174,,,-0.04506596976775623,,,,,,,,,,0.0,,,,,,,,,,,,,,,,0.1
2025-01-13,15.0701481,15.24744396,14.82390385,14.95195086,40904480.0,0.0,0.0,15.92428388157214,16.190678857278378,,,,,0.3023255813946344,,16.04527533,16.04527533,-221397213.0,,,3722.513,-0.01232610068475748,-0.05361596009975067,-0.04128985941499319,,,,0.3023255813946344,,,-0.04128985941499319,,,,,,,,,,0.0,,,,,,,,,,,,,,,,0.1
2025-01-14,15.02089925,15.74978223,14.8731527,15.71038315,53954739.0,0.0,0.0,15.903912383327174,16.17493145703974,,,,,0.9550561797741925,,15.9566274,15.9566274,-167442474.0,,,3820.5395,0.0064365966646606765,-0.018461538461538418,-0.024898135126199095,,,,0.9550561797741925,,,-0.024898135126199095,,,,,,,,,,0.0,,,,,,,,,,,,,,,,0.1
2025-01-15,15.71038315,15.71038315,15.25729373,15.34594166,36915205.0,0.0,0.0,15.850772314438872,16.147751463694174,,,,,0.19565217391260903,,15.74978223,15.850772314438872,-204357679.0,,,3796.026,0.0017973906101349524,-0.015170670037926715,-0.016968060648061667,,,,0.19565217391260903,,,-0.016968060648061667,,,,,,,,,,0.0,,,,,,,,,,,,,,,,0.1
2025-01-16,15.41489005,15.78918131,15.37549097,15.52323752,33422459.0,0.0,0.0,15.819578524492313,16.127275596687806,,,,,0.3571428571419954,16.97115371,15.78918131,15.819578524492313,-170935220.0,,,3800.3836,0.0054251231911681685,0.007672634271099765,0.0022475110799315967,,,,0.3571428571419954,,,0.0022475110799315967,,,,,,,,,,0.0,,,,,,,,,,,,,,,,0.1
2025-01-17,15.5626366,16.09452418,15.53308729,15.94677763,54354123.0,0.0,0.0,15.831692725016854,16.121357630566894,,,,,0.7368421052618447,16.69536015,16.09452418,16.09452418,-116581097.0,,,3812.3429,0.02139657470691203,0.05129870129870118,0.029902126591789147,,,,0.7368421052618447,,,0.029902126591789147,,,,,,,,,,0.0,,,,,,,,,,,,,,,,0.1
2025-01-20,15.759632,15.80888085,14.90270201,15.21789465,100046483.0,0.0,0.0,15.773235765491439,16.091735893499127,,,,,0.3478260869561376,16.19302188,16.09452418,16.09452418,-216627580.0,,,3829.6764,0.028787918269190804,0.01778656126482203,-0.011001357004368773,,,,0.3478260869561376,,,-0.011001357004368773,,,,,,,,,,0.0,,,,,,,,,,,,,,,,0.1
2025-01-21,15.39519051,15.759632,15.18834534,15.59218591,56701920.0,0.0,0.0,15.755992922111302,16.075357205515548,0.5994288599999995,0.038444183737927295,,,0.7068965517229001,16.09452418,16.09452418,16.09452418,-159925660.0,,,3832.6145,0.0031605483989893823,-0.007523510971786829,-0.010684059370776211,-0.2732718142917398,-0.5327809598685548,-0.8380281690126888,0.7068965517229001,,,-0.010684059370776211,,,,,,,,,,0.0,,,,,,,,,,,,,,,,0.1
2025-01-22,15.47398867,15.90737855,15.3656412,15.62173522,49519438.0,0.0,0.0,15.743206474291178,16.060484353531432,0.5825435399999995,0.03729057827418242,31.700011825603042,,0.47272727272639836,16.09452418,16.09452418,16.09452418,-110406222.0,,,3797.0166,0.00026095711673201905,0.01797175866495504,0.01771080154822302,-0.20851875602460476,-0.5446423442266827,-0.8115942028971597,0.47272727272639836,,,0.01771080154822302,,,,,,,,,,0.0,,,,,,,,,,,,,,,,0.1
2025-01-23,15.82858039,15.99602648,15.4641389,15.47398867,46063207.0,0.0,0.0,15.717566683406304,16.04125498685827,0.5748044349999997,0.03714649449849717,30.616894754603763,,0.01851851851848494,16.09452418,16.09452418,16.09452418,-156469429.0,,,3803.7439,0.0008842002159992202,-0.0031725888324872775,-0.004056789048486498,-0.42375806200221716,-0.5631277069937769,-1.0795593635232141,0.01851851851848494,,,-0.004056789048486498,,,,,,,,,,1.0,,,,,,,,,,,,,,,,0.1
2025-01-24,15.47398867,16.45896567,15.41489005,16.20287165,108647358.0,0.0,0.0,15.763786204034275,16.04655389384652,0.6106857399999998,0.03768996960486089,41.276747853323656,,0.7547169811313503,16.09452418,16.45896567,16.45896567,-47822071.0,,,3832.8637,0.005382726721670172,0.016059295861643008,0.010676569139972836,0.7190039282151972,-0.463033064783506,0.1774193548384163,0.7547169811313503,,,0.010676569139972836,,,,,,,,,,0.0,,,,,,,,,,,,,,,,0.1
2025-01-27,16.17332234,16.19302188,15.41489005,15.41489005,82375772.0,0.0,0.0,15.730557998888154,16.02584360388434,0.6310888349999997,0.04094020994979194,35.013789129284916,,0.0,16.45896567,16.45896567,16.45896567,-130197843.0,,,3817.0802,-0.003289102964417534,0.012944983818770295,0.01623408678318783,-0.5001957432627584,-0.4678986358484991,-1.6544035674444266,0.0,,,0.01623408678318783,,,,,,,,,,0.0,,,,,,,,,,,,,,,,0.1
2025-02-05,15.55278683,15.65128453,14.88300247,15.0701481,68354894.0,0.0,0.0,15.667661818041664,15.99450932506846,0.6331994999999997,0.04201680672268626,32.67770556877345,,0.24358974358942845,16.45896567,16.45896567,16.45896567,-198552737.0,,,3795.0848,-0.00979219277075738,-0.03348073278584962,-0.02368854001509224,-0.943642119175267,-0.5161840889423956,-2.1933333333298712,0.24358974358942845,,,-0.02368854001509224,,,,,,,,,,1.0,,,,,,,,,,,,,,,,0.1
2025-02-06,15.0701481,15.39519051,14.85345316,15.28684304,70387839.0,0.0,0.0,15.631393362990078,15.971307151787528,0.6437528249999998,0.042111561119290306,35.58683612971413,1.260390886843071,0.7999999999985233,16.45896567,16.45896567,16.45896567,-128164898.0,-129406059.15,62930868.0928082,3842.8314,0.01206599939542019,-0.021437578814627933,-0.033503578210048124,-0.5352214539633938,-0.5280191023579925,-1.8207650273195775,0.7999999999985233,0.23142190050596917,0.019722612886407125,-0.033503578210048124,,,,,,,,,,1.0,,,,,,,,,,,,,,,,0.1
2025-02-07,15.32624212,16.03542556,15.27699327,15.78918131,86318293.0,0.0,0.0,15.646420786514833,15.965335812712526,0.6683772499999998,0.042331343017553674,41.85902063822747,1.49280258162138,0.6753246753237847,16.45896567,16.45896567,16.45896567,-41846605.0,-131498389.4,59177299.75552274,3892.7028,0.023387194916040466,0.020369191597708447,-0.0030180033183320187,0.21359273297371156,-0.47714823656433003,-1.0021052631563976,0.6753246753237847,0.40065528049140026,1.5149691650409112,-0.0030180033183320187,,,,,,,,,,0.0,,,,,,,,,,,,,,,,0.1
2025-02-10,15.78918131,15.8581297,15.6611343,15.77933154,53891136.0,0.0,0.0,15.65907895351342,15.959237311967852,0.6521954849999998,0.04133226324237297,41.77312804824765,0.9169367018673668,0.5999999999969524,16.45896567,16.19302188,16.19302188,-95737741.0,-134540756.8,55587613.3435922,3901.0618,0.017792988568834378,-0.026139817629179274,-0.04393280619801365,0.18438120050216963,-0.46022759334798513,-1.0420711974094088,0.5999999999969524,-0.08671683651562508,0.6980514806447071,-0.04393280619801365,,,,,,,,,,0.0,,,,,,,,,,,,,,,,0.1
2025-02-11,15.759632,15.90737855,15.62173522,15.81873062,55457705.0,0.0,0.0,15.67428387413119,15.954630535182021,0.6099821849999999,0.03856075431417653,42.28329560293764,0.9357751163137635,0.6896551724113781,16.45896567,16.03542556,16.03542556,-40280036.0,-132528260.7,58174981.4922211,3883.1352,0.017305111902023995,0.026198083067092703,0.008892971165068708,0.2368048599133658,-0.45959811277172313,-1.0495963091101614,0.6896551724113781,-0.06638009172022963,1.5857026909812602,0.008892971165068708,,,,,,,,,,0.0,,,,,,,,,,,,,,,,0.1
2025-02-12,15.78918131,15.90737855,15.6611343,15.90737855,53868787.0,0.0,0.0,15.696483367071076,15.953081289766217,0.5952075299999999,0.03741707209199233,43.483166171972,0.9014588144331737,0.9999999999959389,16.45896567,16.03542556,16.03542556,13588751.0,-130022341.4,63125043.2766158,3919.8617,0.032878553859982285,0.05555555555555558,0.022677001695573296,0.35432210161818684,-0.4311066472810078,-0.926713947988988,0.9999999999959389,-0.10374092298063822,2.275025646646957,0.022677001695573296,,,,,,,,,,0.0,,,,,,,,,,,,,,,,0.1
2025-02-13,15.92707809,15.92707809,15.41489005,15.54293706,61797306.0,0.0,0.0,15.681859909254785,15.939633937970603,0.6001324149999999,0.03861126199528993,39.81828943030956,1.0288339616274202,0.24999999999951103,16.45896567,16.03542556,16.03542556,-48208555.0,-127824458.35,65138014.01265895,3905.1398,0.016214190401379502,0.01675257731958757,0.0005383869182080669,-0.23148699484021912,-0.42952858781238984,-1.5263774912049621,0.24999999999951103,0.02842608486949201,1.2222648257978421,0.0005383869182080669,,,,,,,,,,1.0,,,,,,,,,,,,,,,,0.1
2025-02-14,15.47398867,15.97632694,15.45428913,15.759632,70052505.0,0.0,0.0,15.689266775040043,15.933732235086321,0.59661464,0.03785714285714045,42.89991997912826,1.140090037868897,0.5849056603762385,16.45896567,15.97632694,15.97632694,21843950.0,-120000654.6,72797413.21664584,3939.0085,0.011895513831674975,-0.0018714909544603753,-0.01376700478613535,0.11794082853856751,-0.40975437687192623,-1.1721698113187926,0.5849056603762385,0.1311072398743535,1.948484133328598,-0.01376700478613535,,,,,,,,,,0.0,,,,,,,,,,,,,,,,0.1
2025-02-17,15.84827993,15.93692786,15.54293706,15.6611343,71247680.0,0.0,0.0,15.686587491702896,15.924794597870376,0.55018001,0.0351302785265027,41.85090214946014,1.1360717624139967,0.2999999999992395,16.45896567,15.97632694,15.97632694,-49403730.0,-113446204.45,72957071.38418841,3947.3983,0.011877920006291509,-0.0074906367041197575,-0.019368556710411267,-0.046263388782245445,-0.4329621248271931,-1.4501278772352173,0.2999999999992395,0.1275764894428288,0.8778103785547452,-0.019368556710411267,,,,,,,,,,0.0,,,,,,,,,,,,,,,,0.1
2025-02-18,15.6611343,15.70053338,15.1686458,15.22774442,56585853.0,0.0,0.0,15.642888151540715,15.901940493677904,0.54736579,0.03594529661799801,37.5052423579578,0.8911419667819503,0.11111111111090295,16.19302188,15.97632694,15.97632694,-105989583.0,-107675822.95,68626132.12272961,3912.7829,0.007634990406720776,-0.03735990037359893,-0.04499489078031971,-0.758439309003868,-0.47327097686670405,-1.7634961439556462,0.11111111111090295,-0.11525152999273178,0.024571397189985366,-0.04499489078031971,,,,,,,,,,1.0,,,,,,,,,,,,,,,,0.1
2025-02-19,15.19819511,15.60203568,15.19819511,15.54293706,48825310.0,0.0,0.0,15.633368999965409,15.890169889295022,0.53751602,0.03458265435451525,42.205477293935346,0.7720434154012012,0.8536585365832512,16.03542556,15.97632694,15.97632694,-57164273.0,-102161912.9,68030221.30728222,3940.1602,0.005178371471626031,-0.02291021671826632,-0.02808858818989235,-0.1682404553546906,-0.4777548571094402,-0.9162303664904428,0.8536585365832512,-0.2587144929723107,0.6614360358575414,-0.02808858818989235,,,,,,,,,,0.0,,,,,,,,,,,,,,,,0.1
2025-02-20,15.60203568,15.61188545,15.27699327,15.43458959,47169448.0,0.0,0.0,15.614437627587751,15.875232830301742,0.5234449200000001,0.033913756951406325,41.06221535693752,0.7398621256676158,0.4705882352927106,16.03542556,15.97632694,15.97632694,-104333721.0,-97160715.0,63883770.53497779,3928.8959,0.006083290539304231,-0.006970849176172411,-0.013054139715476643,-0.3435854102613275,-0.4982285485041922,-1.147849462363399,0.4705882352927106,-0.3012914268084118,-0.11228213269084703,-0.013054139715476643,,,,,,,,,,1.0,,,,,,,,,,,,,,,,0.1
2025-02-21,15.44443936,16.3506182,15.41489005,16.2521205,140775228.0,0.0,0.0,15.675169329722252,15.887589803078734,0.5157058149999999,0.03173160173159978,51.69484123700749,2.0366192960009117,0.8947368421043076,16.03542556,16.3506182,16.3506182,36441507.0,-86791878.65,67778810.68062297,3978.444,0.010011529551154918,0.03125,0.02123847044884508,1.1187602572924835,-0.4119024202898912,0.4201909959064159,0.8947368421043076,0.7112912253255455,1.8181697851070548,0.02123847044884508,,,,,,,,,,1.0,,,,,,,,,,,,,,,,0.1
2025-02-24,16.3506182,16.73475923,16.11422372,16.59686245,109991014.0,0.0,0.0,15.762949626891562,15.910844643961399,0.5037453800000004,0.03035184400169383,55.352619264034495,1.5296955662134784,0.7777777777765225,16.3506182,16.73475923,16.73475923,146432521.0,-73641197.75,84239764.49549258,3969.7169,0.005654002536303437,0.05974842767295585,0.05409442513665241,1.6554252529458078,-0.29359081579972707,0.4888268156414877,0.7777777777765225,0.4250687392748677,2.612468352303804,0.05409442513665241,,,,,,,,,,0.0,,,,,,,,,,,,,,,,0.1
2025-02-25,16.3506182,16.5476136,16.17332234,16.23242096,71450108.0,0.0,0.0,15.807661182425699,15.921388129733156,0.47912095500000035,0.029516296809984337,50.959552518545905,1.0138500354074707,0.15789473684168442,16.73475923,16.73475923,16.73475923,74982413.0,-59060698.1,83462210.37321994,3925.6505,0.003288605662225663,0.06597671410090555,0.06268810843867989,0.886539762330815,-0.2373658386684834,-1.0484581497775525,0.15789473684168442,0.013755000156111512,1.6060335629813332,0.06268810843867989,,,,,,,,,,1.0,,,,,,,,,,,,,,,0.037553520848426614,0.1
2025-02-26,16.3506182,16.5476136,16.18317211,16.4491159,58493038.0,0.0,0.0,15.868752107908966,15.93869067957797,0.46645696500000017,0.028357570573137727,53.33126113061013,0.8289407195382593,0.7297297297277272,16.73475923,16.73475923,16.73475923,133475451.0,-44390642.55,89975282.3785621,3959.9413,0.005020379628219107,0.0583016476552598,0.053281268027040696,1.2441957900441867,-0.14993574309444438,-0.6123680241314229,0.7297297297277272,-0.1876066348014466,1.976832846177087,0.053281268027040696,,,,,,,,,,0.0,,,,,,,,,,,,,,,0.03741707209199233,0.1
2025-02-27,16.4491159,16.48851498,15.79903108,16.01572602,80668847.0,0.0,0.0,15.882749623346207,15.941216428444266,0.4615320800000002,0.028817431031451388,48.300085430148165,1.1185198864447183,0.31428571428525554,16.73475923,16.73475923,16.73475923,52806604.0,-36230001.25,91013283.49759628,3968.1159,0.009982448249646891,0.03765156349712817,0.02766911524748128,0.28811950981501355,-0.12667982927195845,-1.5579268292649227,0.31428571428525554,0.11200628135612437,0.9782814313292137,0.02766911524748128,,,,,,,,,,0.0,,,,,,,,,,,,,,,0.03735382518308737,0.1
2025-02-28,15.90737855,15.92707809,15.31639235,15.32624212,79993571.0,0.0,0.0,15.829748908741808,15.921053336364125,0.49741338500000026,0.032455012853468336,41.57963542645281,1.0836655172810952,0.016129032258039137,16.73475923,16.73475923,16.73475923,-27186967.0,-29765878.15,86734339.85280477,3890.0487,-0.022218560824282085,-0.056969696969697003,-0.03475113614541492,-1.0122501804827693,-0.18355844530024773,-2.831683168311141,0.016129032258039137,0.08034929200815163,0.029733449915876696,-0.03475113614541492,,,,,,,,,,0.0,,,,,,,,,,,,,,,0.03729057827418242,0.1
2025-03-03,15.3656412,15.61188545,15.22774442,15.33609189,49147318.0,0.0,0.0,15.78273395457592,15.901874272548907,0.5044489350000002,0.03289292595650764,41.70442339111759,0.6937539004965638,0.2820512820505476,16.73475923,16.5476136,16.5476136,21960351.0,-26276757.05,87339284.27542481,3888.4738,-0.02046571633357519,-0.07596439169139457,-0.05549867535781938,-0.8854059025321063,-0.23617914461996076,-2.7726638772608925,0.2820512820505476,-0.3656379915999088,0.5522956645475141,-0.05549867535781938,,,,,,,,,,1.0,,,,,,,,,,,,,,,0.03721853638633979,0.1
2025-03-04,15.23759419,15.48383844,15.17849557,15.48383844,32686175.0,0.0,0.0,15.7542677150925,15.88816817967845,0.5086702650000001,0.03285169029443627,43.64883099501132,0.47816094486326277,0.9999999999967251,16.73475923,16.5476136,16.5476136,54646526.0,-17034538.6,85616477.7224227,3885.2208,-0.010298853654954754,-0.04611650485436891,-0.03581765119941416,-0.531639637107485,-0.2632362726877449,-2.4591977869937858,0.9999999999967251,-0.7378078984281401,0.8372344495693606,-0.03581765119941416,,,,,,,,,,1.0,,,,,,,,,,,,,,,0.03714649449849717,0.1
2025-03-05,15.61188545,15.72023292,15.45428913,15.60203568,40050876.0,0.0,0.0,15.73976942603607,15.87878678624637,0.49108139000000023,0.03147546897546697,45.22290580515897,0.598284133092148,0.5555555555534666,16.73475923,16.48851498,16.48851498,94697402.0,-2372031.65,78050949.11356501,3902.5706,-0.014487765260560836,-0.05149700598802387,-0.03700924072746303,-0.2804703025618395,-0.28308415476712856,-2.3065902578749613,0.5555555555534666,-0.5136894989241934,1.2436675626937332,-0.03700924072746303,,,,,,,,,,1.0,,,,,,,,,,,,,,,0.03654589555824759,0.1
2025-03-06,15.71038315,16.13392326,15.63158499,16.0551251,80600321.0,0.0,0.0,15.76980329974692,15.884568370303864,0.49178494500000014,0.03063102541629959,50.88641189381915,1.1949015246400176,0.843137254900286,16.73475923,16.13392326,16.13392326,175297723.0,12801099.4,81540551.72924668,3956.2369,-0.0029936121573465035,0.002460024600246191,0.005453636757592695,0.580175955269434,-0.23336434293796904,-1.3819742489242286,0.843137254900286,0.17806377582891889,1.992832034538666,0.005453636757592695,,,,,,,,,,0.0,,,,,,,,,,,,,,,0.03594529661799801,0.1
2025-03-07,16.01572602,16.10437395,15.71038315,15.80888085,59002924.0,0.0,0.0,15.773524971199596,15.882086812261113,0.49178494500000003,0.031108144192254376,47.98279834479562,0.8927965818782699,0.24999999999936434,16.73475923,16.13392326,16.13392326,116294799.0,20708169.6,83501907.3446678,3944.0143,0.013872731207709599,0.03149100257069404,0.01761827136298444,0.07189296695597734,-0.22075063941068077,-1.882689556505475,0.24999999999936434,-0.11339651590378376,1.1447239043947885,0.01761827136298444,,,,,,,,,,0.0,,,,,,,,,,,,,,,0.03553778757225036,0.1
2025-03-10,15.759632,15.79903108,15.47398867,15.63158499,45220984.0,0.0,0.0,15.760006877752016,15.873873637760749,0.47771384499999997,0.03056080655324316,45.94979656840978,0.6887746652939828,0.4848484848469922,16.73475923,16.13392326,16.13392326,71073815.0,29048747.4,79698530.09444027,3928.8018,0.010371164131284694,0.019267822736030782,0.008896658604746088,-0.26882596997318875,-0.23835767206724925,-2.309278350510633,0.4848484848469922,-0.3728411074771318,0.527300410060281,0.008896658604746088,,,,,,,,,,0.0,,,,,,,,,,,,,,,0.0351302785265027,0.1
2025-03-11,15.4641389,15.68083384,15.37549097,15.68083384,35943191.0,0.0,0.0,15.752466588442301,15.867544464063675,0.470678295,0.03001615218951711,46.62628719408471,0.5557206421231238,0.9999999999967251,16.5476136,16.13392326,16.13392326,107017006.0,36413599.5,79757401.59903121,3941.4157,0.01446375969159841,0.012722646310432628,-0.001741113381165782,-0.15219046470402672,-0.24449369525554487,-1.841554559039432,0.9999999999967251,-0.5874895532225429,0.885227014477583,-0.001741113381165782,,,,,,,,,,1.0,,,,,,,,,,,,,,,0.03485646644050898,0.1
2025-03-12,15.76948177,15.99602648,15.6611343,15.83843016,55767725.0,0.0,0.0,15.76065359525732,15.866589896717326,0.4706782949999999,0.029717484008526904,48.83321068676753,0.8609655164828738,0.529411764704301,16.5476136,16.13392326,16.13392326,162784731.0,43873398.5,84131022.61999352,3927.2315,0.006319142567209335,0.015151515151515138,0.008832372584305803,0.1652435762786005,-0.2250715671088682,-1.5067264573958992,0.529411764704301,-0.1497008258989898,1.4134064795230603,0.008832372584305803,,,,,,,,,,0.0,,,,,,,,,,,,,,,0.03458265435451525,0.1
2025-03-13,15.8581297,16.10437395,15.71038315,15.90737855,56515860.0,0.0,0.0,15.774627400470909,15.867927229611839,0.4319827699999999,0.027156125608136277,49.81096877412719,0.876087222192497,0.49999999999873324,16.48851498,16.10437395,16.10437395,219300591.0,57248855.8,89520426.68857501,3911.5793,-0.011287898356137416,-0.00920245398773012,0.0020854443684072965,0.3073065843084084,-0.21598044093451738,-1.3452768729610574,0.49999999999873324,-0.13228962428948476,1.8102207640692773,0.0020854443684072965,,,,,,,,,,1.0,,,,,,,,,,,,,,,0.034248205652960786,0.1
2025-03-14,16.09452418,16.86280624,16.09452418,16.6461113,158133456.0,0.0,0.0,15.857625867092727,15.893441461427845,0.4559036399999997,0.027387996618764187,58.878004701382736,2.294667650154461,0.7179487179477837,16.13392326,16.86280624,16.86280624,377434047.0,75028360.65,112964810.74762638,4006.5567,0.015857548995195092,0.052959501557632516,0.037101952562437424,1.729500191982554,-0.07855957091072789,1.1234567901209969,0.7179487179477837,0.830588018278329,2.6769901560371903,0.037101952562437424,,,,,,,,,,1.0,,,,,,,,,,,,,,,0.033913756951406325,0.1
2025-03-17,17.28634635,17.3355952,16.61656199,16.66581084,136294849.0,0.0,0.0,15.934595864512467,15.918765047610538,0.47701028999999956,0.02862208713272369,59.090249361068125,1.888634781774096,0.06849315068483341,16.86280624,17.3355952,17.3355952,513728896.0,103184991.95,144280952.68511793,3996.7876,0.01730446163000643,0.06616257088846877,0.048858109258462346,1.5329123727834046,0.03318757945849635,-0.4129793510315878,0.06849315068483341,0.6358542303743215,2.8454476936119244,0.048858109258462346,,,,,,,,,,0.0,,,,,,,,,,,,,,,0.033403341453956986,0.1
2025-03-18,16.60671222,17.16814911,16.5476136,16.68551038,77355039.0,0.0,0.0,16.006111532654135,15.943904238836422,0.49530272000000003,0.029684601113170766,59.316383860462125,1.0567012721325888,0.22222222222186602,17.3355952,17.3355952,17.3355952,591083935.0,138038667.85,171221445.43009996,4007.7229,0.016823193757512067,0.06407035175879394,0.047247158001281875,1.371684062919125,0.12559449263187306,-1.3124999999973501,0.22222222222186602,0.05515204833711364,2.6459610010415004,0.047247158001281875,,,,,,,,,,0.0,,,,,,,,,,,,,,,0.03289292595650764,0.1
2025-03-19,16.70520992,16.71505969,16.38016751,16.47866521,56150851.0,0.0,0.0,16.05111664478231,15.96143738543195,0.46997474,0.028520194688752436,55.8269280340262,0.7632246565308837,0.2941176470579428,17.3355952,17.3355952,17.3355952,534933084.0,167643535.7,185503058.3238044,4010.168,0.021118311971168646,0.040422885572139355,0.01930457360097071,0.9097266913042558,0.1908171901965861,-1.8233532934092964,0.2941176470579428,-0.27020285259464605,1.979964921434765,0.01930457360097071,,,,,,,,,,1.0,,,,,,,,,,,,,,,0.032872308125471955,0.1
2025-03-20,16.4491159,16.99085325,16.3506182,16.78400808,95039298.0,0.0,0.0,16.12091582908876,15.988406916401393,0.4657534100000001,0.02774983232729547,59.60474151337654,1.2511091556550065,0.6769230769220185,17.3355952,17.3355952,17.3355952,629972382.0,204358840.85,200130426.7551007,3974.9918,0.016211482661236065,0.05510835913312695,0.038896876471890884,1.4236981129345185,0.28450443913460727,-1.1842900302089387,0.6769230769220185,0.2240304823985314,2.1266808253540708,0.038896876471890884,,,,,,,,,,1.0,,,,,,,,,,,,,,,0.03285169029443627,0.1
2025-03-21,17.0401021,18.00537956,16.96130394,17.32574543,210804431.0,0.0,0.0,16.235661505366018,16.032254080781676,0.5255555850000002,0.030333793551529164,65.27845757027809,2.6527794759641954,0.349056603773251,17.3355952,18.00537956,18.00537956,840776813.0,244575606.15,239324841.40889916,3914.6956,-0.02292769249964688,0.040828402366863914,0.06375609486651079,2.074155342925162,0.38703313291581565,-0.01874163319942671,0.349056603773251,0.9756079491844118,2.491179784514549,0.06375609486651079,,,,,,,,,,1.0,,,,,,,,,,,,,,,0.0326533515739523,0.1
2025-03-24,17.67048738,17.77883485,16.93175463,17.729586,161153822.0,0.0,0.0,16.377940028664494,16.087904307641292,0.5642511100000002,0.03182539682539504,68.79682974542034,1.9647242355423455,0.9418604651151696,18.00537956,18.00537956,18.00537956,1001930635.0,287350511.85,289213443.47355646,3934.8486,-0.015497195797945396,0.06382978723404276,0.07932698303198815,2.3954688743689165,0.5140188754306351,-0.4887780548619771,0.9418604651151696,0.6753518973265165,2.4707707725050336,0.07932698303198815,,,,,,,,,,0.0,,,,,,,,,,,,,,,0.032455012853468336,0.1
2025-03-25,17.47349198,17.70988646,16.85295647,16.95145417,124297282.0,0.0,0.0,16.432560423077398,16.11621741788256,0.6078715200000003,0.035859550095457354,56.84435058577383,1.468089816732073,0.1149425287355013,18.00537956,18.00537956,18.00537956,877633353.0,327483058.85,311769908.2889054,3932.2951,-0.01882061257279044,0.015938606847697878,0.03475921942048832,0.8536240469396398,0.5204109664396147,-1.733796296293443,0.1149425287355013,0.383962111380712,1.7646035730946699,0.03475921942048832,,,,,,,,,,0.0,,,,,,,,,,,,,,,0.0326533515739523,0.1
2025-03-26,16.83325693,17.19769842,16.75445877,16.77415831,69312734.0,0.0,0.0,16.465093555165264,16.137789250411,0.6015395250000003,0.03586108547940397,54.52013407658097,0.8134631208730221,0.044444444444347204,18.00537956,18.00537956,18.00537956,808320619.0,361225317.25,325177222.5724095,3919.3566,-0.02264528568379176,0.0179318589360431,0.04057714461983486,0.5137896048214328,0.5441110536397754,-2.046783625727592,0.044444444444347204,-0.20645468724983065,1.3749281029375977,0.04057714461983486,,,,,,,,,,0.0,,,,,,,,,,,,,,,0.03285169029443627,0.1
2025-03-27,16.78400808,16.93175463,16.37031774,16.6461113,65338086.0,0.0,0.0,16.48233334038762,16.154455547118836,0.6134999600000003,0.03685545224006543,52.83976125103344,0.7737771886411536,0.49122807017456466,18.00537956,18.00537956,18.00537956,742982533.0,395734113.7,327231099.5339519,3932.4117,-0.010711996940471646,-0.008215962441314506,0.0024960344991571404,0.2669567567895441,0.534438165681785,-2.2155963302716177,0.49122807017456466,-0.25647131680759383,1.0611718134204149,0.0024960344991571404,,,,,,,,,,1.0,,,,,,,,,,,,,,,0.032872308125471955,0.1
2025-03-28,16.60671222,17.1385998,16.56731314,16.87265601,66998431.0,0.0,0.0,16.51950692796975,16.178003103278872,0.6303852800000005,0.037361354349092976,55.455600263116324,0.7995928530604948,0.5344827586197531,18.00537956,17.77883485,17.77883485,809980964.0,437592510.25,323982989.9309728,3915.1662,0.00012021368915626773,-0.026151222285389464,-0.02627143597454573,0.5602114980059321,0.541738259958,-1.7968749999971505,0.5344827586197531,-0.22365261453929075,1.1494074236099259,-0.02627143597454573,,,,,,,,,,0.0,,,,,,,,,,,,,,,0.03289292595650764,0.1
2025-03-31,16.72490946,16.85295647,16.2521205,16.39001728,58242829.0,0.0,0.0,16.50717458054406,16.184954387761533,0.6528990400000004,0.03983516483516244,49.195090353036996,0.691346812569179,0.22950819672092737,18.00537956,17.70988646,17.70988646,751738135.0,474081399.45,316117711.9632819,3887.3056,-0.012082548741519483,-0.07555555555555571,-0.06347300681403623,-0.1794416799018143,0.4935222339766861,-2.4741379310306963,0.22950819672092737,-0.3691136816026613,0.8783333709003016,-0.06347300681403623,,,,,,,,,,0.0,,,,,,,,,,,,,,,0.033403341453956986,0.1
2025-04-01,16.49836475,16.5476136,16.20287165,16.21272142,51841293.0,0.0,0.0,16.479131422397007,16.185864782261152,0.6536025950000005,0.040314181565697944,47.0919322770144,0.6084429272721532,0.028571428571352763,18.00537956,17.19769842,17.19769842,699896842.0,506343915.25,304372942.19847625,3887.6841,-0.011344774200695129,-0.043579314352120924,-0.032234540151425795,-0.40760242452311246,0.4486925883998451,-2.7427341227083963,0.028571428571352763,-0.49685216343953575,0.635907138630567,-0.032234540151425795,,,,,,,,,,0.0,,,,,,,,,,,,,,,0.033913756951406325,0.1
2025-04-02,16.18317211,16.45896567,16.1536228,16.2521205,35659899.0,0.0,0.0,16.45751133454967,16.18803710087554,0.6472706000000006,0.039826839826837414,47.627757915042345,0.4196088612452497,0.32258064516023127,18.00537956,17.1385998,17.1385998,735556741.0,538386882.2,292865873.04168624,3884.3858,-0.008922586936845667,-0.031121550205519655,-0.022198963268673988,-0.31731834343990606,0.4163239202795783,-2.708695652169728,0.32258064516023127,-0.8684322843673263,0.6732428628580258,-0.022198963268673988,,,,,,,,,,0.0,,,,,,,,,,,,,,,0.034248205652960786,0.1
2025-04-03,16.09452418,16.24227073,15.70053338,15.84827993,53128957.0,0.0,0.0,16.39948929602113,16.17689752150257,0.6184248450000006,0.03902157506880695,42.838736382917624,0.6354370928217934,0.2727272727267699,18.00537956,17.1385998,17.1385998,682427784.0,563743385.25,282087166.5614799,3861.5034,-0.0180317589839335,-0.04792899408284024,-0.029897235098906738,-0.8913118068861513,0.35993342815681817,-3.4880546075028906,0.2727272727267699,-0.4534421817309997,0.4207366120079523,-0.029897235098906738,,,,,-0.6322490742313838,,,,,0.0,,,,,,,,,,,,,,,0.03458265435451525,0.1
2025-04-07,14.76480523,15.0701481,14.26246696,14.26246696,69122740.0,0.0,0.0,16.195963359257213,16.11412930637134,0.6803376850000007,0.04770126282556893,30.057637448093786,0.8217540992070759,0.0,18.00537956,16.85295647,16.85295647,613305044.0,588593897.5,262807776.92763034,3589.4406,-0.08319585513381278,-0.15469935785172217,-0.0715035027179094,-2.841965750073612,0.12028446268672258,-5.5015511892369995,0.0,-0.19631407806317888,0.09402745530930287,-0.0715035027179094,,,,,-1.517855883872082,,,,,0.0,,,,,,,,,,,,,,,0.03485646644050898,0.1
2025-04-08,14.13441995,14.49886144,14.07532133,14.37081443,65297425.0,0.0,0.0,16.02213965170891,16.05697144157228,0.6662665850000006,0.04636247919318197,31.560061907233276,0.7671228162331502,0.6976744186030017,17.77883485,16.5476136,16.5476136,678602469.0,618970330.2,234859373.4720815,3650.759,-0.06085104294347221,-0.12319711538461531,-0.0623460724411431,-2.478475221305642,-0.05227905863434431,-5.115100316782181,0.6976744186030017,-0.2651083649666457,0.25390572204301914,-0.0623460724411431,,,,,0.8192880998212179,,,,,1.0,,,,,,,,,,,,,,,0.0351302785265027,0.1
2025-04-09,14.09502087,14.89285224,13.65178122,14.75495546,65889406.0,0.0,0.0,15.901455442974727,16.01428239299614,0.7309936450000005,0.04954224680526084,36.74787226242016,0.7606963777589185,0.8888888888881724,17.70988646,16.45896567,16.45896567,744491875.0,650844073.65,204513966.24352986,3686.7943,-0.05167338570538693,-0.08991494532199285,-0.038241559616605914,-1.568413064621319,-0.15434737469059437,-4.04234841192902,0.8888888888881724,-0.2735209787111092,0.4579041865458063,-0.038241559616605914,,,,,1.4288106897969164,,,,,1.0,,,,,,,,,,,,,,,0.03549491431098003,0.1
2025-04-10,15.11939695,15.27699327,14.94210109,15.04059879,56239125.0,0.0,0.0,15.819469095072373,15.98235834043889,0.7225509850000005,0.0480400411638101,40.36759167649307,0.6491067842073068,0.29411764705794813,17.19769842,16.24227073,16.24227073,800731000.0,682741387.1,173267804.91616762,3735.1151,-0.03842839194809122,-0.07454545454545447,-0.03611706259736325,-1.0779451156257074,-0.225436334248843,-2.9853943524788233,0.29411764705794813,-0.432158039283719,0.6809667436895565,-0.03611706259736325,,,,,-0.5552018847849912,,,,,0.0,,,,,,,,,,,,,,,0.035859550095457354,0.1
2025-04-11,14.8731527,15.15879603,14.81405408,14.99134994,38338109.0,0.0,0.0,15.740600604113098,15.949866261735975,0.6599345900000003,0.04402102496714558,39.94316861741203,0.4471860254318792,0.5142857142842209,17.1385998,15.27699327,15.740600604113098,762392891.0,709896002.1,137341576.49399322,3750.5167,-0.028741836663927267,-0.054070851460534586,-0.02532901479660732,-1.1353407981114658,-0.3171006048077585,-3.2537313432786537,0.5142857142842209,-0.8047806066637683,0.3822359568028985,-0.02532901479660732,,,,,0.18388300565292792,,,-0.6161918993496739,,1.0,,,,,,,,,,,,,,,0.035860317787430665,0.1
2025-04-14,15.20804488,15.31639235,15.06029833,15.12924672,36376102.0,0.0,0.0,15.682376424673755,15.922960702990533,0.6226461750000004,0.04115513392856874,41.78867820844781,0.4567335371356635,0.26923076922971584,17.1385998,15.31639235,15.682376424673755,798768993.0,730962749.4,115270436.965352,3759.1422,0.04727800760931933,0.06077348066298338,0.013495473053664053,-0.8883531721251918,-0.3863900365506802,-3.227118644062615,0.26923076922971584,-0.783655127864214,0.5882361981535754,0.013495473053664053,,,,,-0.6396476519421268,,,0.4786673885260738,,0.0,,,,,,,,,,,,,,,0.03586108547940397,0.1
2025-04-15,15.09969741,15.10954718,14.81405408,14.92240155,28506610.0,0.0,0.0,15.609997865181017,15.890155484859696,0.5825435400000002,0.039038189533236435,39.81239951895678,0.38390350224043857,0.366666666665426,16.85295647,15.31639235,15.609997865181017,770262383.0,743789423.75,104117461.4087681,3761.2348,0.030261049825529573,0.03838245373543536,0.008121403909905789,-1.1803346324634136,-0.4809213396790874,-3.314009661830057,0.366666666665426,-0.9573640542234612,0.2542605139599631,0.008121403909905789,,,,,-0.30544119837784484,,,0.3225588102875224,,0.0,,,,,,,,,,,,,,,0.03590319104870099,0.1
2025-04-16,14.82390385,14.8731527,14.4791619,14.66630753,34831478.0,0.0,0.0,15.520122595163777,15.850029322405279,0.5825435400000003,0.039719850330996065,37.450886254883336,0.4829090354968332,0.47499999999879283,16.5476136,15.31639235,15.520122595163777,735430905.0,751006772.25,98111674.01436868,3772.8204,0.023333577357434798,-0.006008010680907949,-0.029341588038342747,-1.465667381981974,-0.5663211495589419,-3.2294685990282694,0.47499999999879283,-0.7279269753710129,-0.15875651298864676,-0.029341588038342747,,,,,0.06537088640791755,,,-0.7438489258255253,,0.0,,,,,,,,,,,,,,,0.03594529661799801,0.1
2025-04-17,14.56780983,14.79435454,14.50871121,14.5776596,26474401.0,0.0,0.0,15.43036421467199,15.808312282326415,0.5628440000000003,0.038610038610035986,36.64069129099358,0.3747546510011875,0.24137931034398513,16.45896567,15.31639235,15.43036421467199,708956504.0,759707943.25,85464668.2344666,3772.2221,0.009934633607408871,-0.0307793058284217,-0.04071393943583057,-1.5149928126984982,-0.6714970180969404,-3.342499999994061,0.24137931034398513,-0.9814837311326493,-0.5938294771210815,-0.04071393943583057,,,,,-0.7329613935465491,,,-1.0537420151015526,,1.0,,,,,,,,,,,,,,,0.03640037442903172,0.1
2025-04-18,14.52841075,14.9716504,14.48901167,14.8731527,39232967.0,0.0,0.0,15.377296451369896,15.777651312414072,0.5565120050000002,0.037417218543043855,41.206524105887446,0.5781942091874321,0.7959183673452909,16.24227073,15.31639235,15.377296451369896,748189471.0,765618797.7,80214333.40497465,3772.523,0.00586753819813679,-0.007884362680683266,-0.013751900878820056,-0.9058991483373106,-0.71940022397802,-2.4601769911460227,0.7959183673452909,-0.5478454646914276,-0.2172844423203688,-0.013751900878820056,,,,,1.1678874677957387,,,-0.2752807944897813,,1.0,,,,,,,,,,,,,,,0.03685545224006543,0.1
2025-04-21,14.92240155,15.13909649,14.774655,15.03074902,29932743.0,0.0,0.0,15.34429193409657,15.75316271266279,0.5382195750000003,0.03580790114210586,43.54325562596978,0.5089674468789614,0.7027027027007753,15.31639235,15.13909649,15.34429193409657,778122214.0,762486067.75,78421334.43414241,3784.8806,0.0068468811847555155,-0.00651041666666663,-0.013357297851422145,-0.5825557609939924,-0.7596728130251671,-0.5307189542473782,0.7027027027007753,-0.6753712195279821,0.19938638334611747,-0.013357297851422145,,,,,0.8356827330454694,,,-0.2616953733038981,,0.0,,,,,,,,,,,,,,,0.03640037442903172,0.1
2025-04-22,15.05044856,15.10954718,14.94210109,15.01104948,27392702.0,0.0,0.0,15.312554557515945,15.728831131264009,0.5255555850000003,0.03501124859392345,43.31152796294035,0.5255429955612237,0.41176470587989883,15.31639235,15.13909649,15.312554557515945,750729512.0,749926011.6,55967637.74556341,3783.9522,0.006039878180431613,0.005940594059405946,-9.928412102566675e-05,-0.5736882760276834,-0.7920695462636397,-0.580990629182292,0.41176470587989883,-0.6433232736272512,0.01435651802301894,-9.928412102566675e-05,,,,,-0.17026565259272394,,,0.12449183779299512,,1.0,,,,,,,,,,,,,,,0.03594529661799801,0.1
2025-04-23,15.05044856,15.25729373,15.01104948,15.24744396,39149016.0,0.0,0.0,15.306353548228714,15.713047945320927,0.5213342550000003,0.03419158361018604,46.95933513926757,0.8179005402157843,0.9599999999960989,15.31639235,15.25729373,15.306353548228714,789878528.0,745538270.35,48759369.638085656,3786.8824,0.0037271851053393146,0.0396239086635326,0.03589672355819329,-0.11299773161577611,-0.7801029631007709,-0.13225371120082433,0.9599999999960989,-0.20101453875018788,0.9093689680386282,0.03589672355819329,0.4,-0.047039595123242794,-1.5321779590785998,1.2698844353438599,1.6938083531079666,,,1.1627581951365866,,0.0,,,,,,,,,,,,,,,0.03590319104870099,0.1
2025-04-24,15.22774442,15.22774442,14.92240155,15.02089925,33171157.0,0.0,0.0,15.279167424587884,15.690354545474339,0.5051524900000003,0.03362997658079404,44.034941545081445,0.7202013076775529,0.32258064516023127,15.31639235,15.25729373,15.279167424587884,756707371.0,742957607.95,46690176.530472435,3784.3574,0.0032170163045277533,0.03040540540540526,0.027188389100877508,-0.5112677452849403,-0.8139861309713438,-0.5849582172690364,0.32258064516023127,-0.32822451205455233,0.2944894209390308,0.027188389100877508,0.3770491803278688,-0.4344608204003908,-1.5752141749565243,0.8979858729974807,-0.4940081789301849,,,0.8953696163624142,,1.0,,,,,,,,,,,,,,,0.035860317787430665,0.1
2025-04-25,15.15879603,15.69068361,15.11939695,15.4641389,65904025.0,0.0,0.0,15.296783755579515,15.682937639065344,0.4397218750000003,0.0284349408553212,50.52659129350826,1.4300080680402285,0.6034482758610117,15.31639235,15.69068361,15.69068361,822611396.0,746939051.1,49813220.74874106,3786.9937,0.0038358149174968492,0.039735099337748325,0.035899284420251476,0.3805931747655364,-0.8781775604976447,0.3359999999992375,0.6034482758610117,0.35768008624207376,1.5191217062974685,0.035899284420251476,0.08064516129032258,0.44426106553516953,-1.6885330251045545,1.581357837373908,0.47292814953379175,,,1.132337262354333,,0.0,,,,,,,,,,,,,,,0.035833725618781606,0.1
2025-04-28,15.4641389,15.55278683,15.27699327,15.33609189,34288614.0,0.0,0.0,15.300527387429085,15.67156564729271,0.42916855000000026,0.027984218735662012,48.766734552857685,0.7713803852499549,0.21428571428493826,15.69068361,15.69068361,15.69068361,788322782.0,745856142.0,48652860.032063544,3781.6188,-0.0008617973312023963,0.020314547837483543,0.02117634516868594,0.08286838019895118,-0.8645513746586502,-0.826229508194796,0.21428571428493826,-0.2595736610008876,0.8728498175032946,0.02117634516868594,0.06349206349206349,0.14634298922086295,-1.6057186965504981,0.6641015435272889,-0.8690422770348522,,,0.6934349574859265,,0.0,,,,,,,,,,,,,,,0.03546908983430428,0.1
2025-04-29,15.31639235,15.42473982,15.1686458,15.30654258,22692139.0,0.0,0.0,15.30110026291203,15.659597677873276,0.3588130500000002,0.02344180915609335,48.34822971906844,0.531762523210746,0.5384615384594386,15.69068361,15.69068361,15.69068361,765630643.0,746550767.4,48830727.3881988,3775.0767,-0.0023455634561134753,0.019685039370078705,0.02203060282619218,0.01516755616317557,-0.9991203356740965,-1.0705882352911344,0.5384615384594386,-0.6315582742421164,0.39073502731829396,0.02203060282619218,0.015625,0.07772292449159014,-1.8783206596490631,0.4675087916715605,0.2572989279746491,,,0.7110138312055628,,0.0,,,,,,,,,,,,,,,0.035070763560213075,0.1
2025-04-30,15.37549097,15.38534074,15.1686458,15.17849557,32727957.0,0.0,0.0,15.289423625491837,15.643823838270873,0.33700284500000016,0.022202651339573963,46.486525550075115,0.78450862194278,0.04545454545433867,15.69068361,15.69068361,15.69068361,732902686.0,748201059.6,47772382.622691326,3770.5705,-0.004307474665703914,-0.004521963824289377,-0.00021448915858546247,-0.3291605905923648,-1.0516238009147476,-1.5198329853817103,0.04545454545433867,-0.242697716502611,-0.32023467870186306,-0.00021448915858546247,0.015384615384615385,-0.26861073360727744,-1.934602763781771,0.11133035535755692,-1.4396559065492591,,,0.05397211657933554,,1.0,,,,,,,,,,,,,,,0.03479695147421935,0.1
2025-05-06,15.30654258,15.61188545,15.29669281,15.53308729,34983429.0,0.0,0.0,15.31262968877833,15.640193131770188,0.3433348400000002,0.022103451399581885,51.99874521896386,0.8392540706867808,0.7499999999976164,15.69068361,15.69068361,15.69068361,767886115.0,749817528.3,47864064.8195792,3808.5424,0.006390781166704773,0.03409836065573768,0.027707579489032907,0.6421067003308701,-0.9540640937893273,-0.45901639344129,0.7499999999976164,-0.17524179274736223,0.37749795735294384,0.027707579489032907,0.015151515151515152,0.7134356689433983,-1.648158276556296,0.9429694839456275,0.9966916606388907,-0.027817759498399392,-0.7491700707067271,0.8733181192307818,,1.0,,,,,,,,,,,,,,,0.03438711898235064,0.1
2025-05-07,15.71038315,15.74978223,15.44443936,15.53308729,34070747.0,0.0,0.0,15.33362565079944,15.636681464826902,0.3419277300000001,0.022012863484009822,51.9987452189476,0.8364810511145103,0.2903225806442075,15.69068361,15.74978223,15.74978223,767886115.0,754090444.85,45408872.421977356,3831.627,0.011785945141656873,0.004458598726114538,-0.007327346415542335,0.5833444371416592,-0.8863154036280553,-0.4609053497928949,0.2903225806442075,-0.1785514113946051,0.3038100136422466,-0.007327346415542335,0.014925373134328358,0.6463478607735709,-1.4503401166168013,0.9282906054577318,-0.5960778686460487,-0.03511265638403754,-0.823223871689643,-0.16848626080262435,,1.0,,,,,,,,,,,,,,,0.034052670280796185,0.1
2025-05-08,15.53308729,15.70053338,15.44443936,15.6611343,30605912.0,0.0,0.0,15.364816950723304,15.63748319712766,0.3377064000000001,0.021563342318057926,53.983851885237144,0.7887063969813202,0.8461538461505453,15.74978223,15.74978223,15.74978223,798492027.0,763349794.0,32920794.61678,3852.8963,0.01884840957528544,0.021194605009633882,0.0023461954343484415,0.877440727436078,-0.8074062155871141,-0.26249999999921886,0.8461538461505453,-0.23736114781950282,1.0674782735070347,0.0023461954343484415,0.014705882352941176,0.9354726448420003,-1.2383771208347196,1.069414954294301,1.3208938311189036,-0.16961494151190654,0.06579214961383803,0.12056085298592034,,0.0,,,,,,,,,,,,,,,0.03377186676610018,0.1
2025-05-09,15.64143476,15.64143476,15.33609189,15.45428913,31373843.0,0.0,0.0,15.373338110654418,15.631476834271014,0.32926374,0.02130565419284211,50.360722561611965,0.8454505005428046,0.3870967741922786,15.74978223,15.74978223,15.74978223,767118184.0,767775579.75,26566816.18339186,3846.1566,0.018828730022889317,0.009652509652509522,-0.009176220370379795,0.24585464328788814,-0.7839877042513477,-0.8974358974331713,0.3870967741922786,-0.16788565695481475,-0.02474499561640993,-0.009176220370379795,0.014492753623188406,0.2834905820281675,-1.1624216287123528,0.5577686652930341,-0.27179418058570864,-0.007701314477253053,-1.1931838252289004,-0.22540560123467174,,1.0,,,,,,,,,,,,,,,0.033261451268650835,0.1
2025-05-12,15.52323752,15.73993246,15.51338775,15.70053338,30920586.0,0.0,0.0,15.404499564877806,15.63374098331131,0.32926374,0.020971500268864053,54.29353302253322,0.8744365417435664,0.8260869565180896,15.74978223,15.74978223,15.74978223,798038770.0,770452924.5,26782718.982076954,3890.6096,0.031835792488165815,0.03439325113562619,0.0025574586474603755,0.8990780919918306,-0.6962243046647248,-0.14957264957219432,0.8260869565180896,-0.13417555234392065,1.0299867432601035,0.0025574586474603755,0.014285714285714285,0.9469140007884764,-0.9415640524244675,1.1379500935834168,1.2421959759739654,0.07089798343962556,0.04061015420371561,0.1298334738659847,,1.0,,,,,,,,,,,,,,,0.032872308125471955,0.1
2025-05-13,15.90737855,15.92707809,15.5626366,15.61188545,31806391.0,0.0,0.0,15.42425060155611,15.633024408448643,0.3208210800000001,0.020549797205947313,52.67555047711841,0.9316746517988617,0.13513513513476802,15.74978223,15.92707809,15.92707809,766232379.0,768727993.45,25872595.663410828,3896.2583,0.023031357088213023,0.005072923272035679,-0.017958433816177344,0.5848582282788445,-0.6507484074671198,-0.4298245614021639,0.13513513513476802,-0.07077161129398922,-0.09645783061223191,-0.017958433816177344,0.014084507042253521,0.6152148504860206,-0.8238397399309082,0.9021299302432639,-1.1469914166689166,0.21917412707657027,-1.261875130391669,-0.49282121298806925,,0.0,,,,,,,,,,,,,,,0.0326533515739523,0.1
2025-05-14,15.61188545,15.79903108,15.45428913,15.63158499,27280014.0,0.0,0.0,15.443996733788863,15.632977214401146,0.31941397000000016,0.02043388243766186,53.01066802489142,0.8122426061482598,0.5142857142842234,15.92707809,15.92707809,15.92707809,793512393.0,770283968.55,26375685.673563574,3943.2108,0.029121780382067364,0.006341154090044432,-0.022780626292022932,0.5872888283832737,-0.5916475118846289,-0.9251101321556932,0.5142857142842234,-0.20795620740047827,0.8806756623310068,-0.022780626292022932,0.013888888888888888,0.6118207245228573,-0.6764658636811779,0.5012256420889939,0.1692306163337801,-0.10708886018938389,-0.11421543164965474,-0.6351606959362425,,0.0,,,,,,,,,,,,,,,0.03214020483943169,0.1
2025-05-15,15.58233614,15.59218591,15.13909649,15.15879603,33759001.0,0.0,0.0,15.416834761999446,15.61743029032242,0.3426312850000001,0.022602803304556208,44.80946948447026,1.0090812346567513,0.04347826086946824,15.92707809,15.92707809,15.92707809,759753392.0,768333188.5,25629008.431366686,3907.1992,0.0140940466007351,-0.03207547169811331,-0.04616951829884841,-0.7531090805052832,-0.5854559612744857,-2.242299794654648,0.04347826086946824,0.009040248196866324,-0.33476896006243484,-0.04616951829884841,0.1232876712328767,-0.7807170131942802,-0.6551898715750969,-0.5537220998476722,-1.4490464342135978,0.4105924666687818,-1.5129012755355171,-1.3321880577193068,,0.0,,,,,,,,,,,,,,,0.03177849927849741,0.1
2025-05-16,15.13909649,15.25729373,15.09969741,15.12924672,21524453.0,0.0,0.0,15.389445424666166,15.601424271623324,0.33629929000000025,0.022228422619046166,44.34767409078427,0.6501661873803161,0.18749999999880954,15.92707809,15.92707809,15.92707809,738228939.0,766731516.3,26446321.514830425,3889.0854,0.011161480008380353,-0.021032504780114758,-0.03219398478849511,-0.7737117276262829,-0.6303279645833578,-2.3723849372314403,0.18749999999880954,-0.43052727587840445,-1.0777520527388442,-0.03219398478849511,0.12162162162162163,-0.7934297482537478,-0.7544944965584803,-0.6525256117636907,-0.9388194498210298,-0.6452033889308643,-2.272089242807502,-0.8938790589736686,,0.0,,,,,,,,,,,,,,,0.03160353535353337,0.1
2025-05-19,15.11939695,15.12924672,14.91255178,15.06029833,24724796.0,0.0,0.0,15.358098082317007,15.58368243747174,0.3285601850000002,0.021816313183218226,43.228214149653006,0.758412001487825,0.6818181818150391,15.92707809,15.92707809,15.92707809,713504143.0,765635178.2,28122539.260697354,3877.1453,-0.0034607173127829682,-0.040777917189460444,-0.037317199876677476,-0.9063780881304891,-0.6865845755292805,-2.638115631683618,0.6818181818150391,-0.27652850341993035,-1.8537101047932667,-0.037317199876677476,0.08,-0.9212657381596819,-0.8790001778770907,-0.8581114293147413,0.7709890903855967,-0.26920501283910675,-2.9248828338681236,-1.0378512753953368,,0.0,,,,,,,,,,,,,,,0.031291806583860673,0.1
2025-05-20,15.03074902,15.14894626,14.93225132,15.11939695,21985160.0,0.0,0.0,15.335364641143958,15.568459962472666,0.29619665500000014,0.01959050721265576,44.520934951768965,0.679051399186885,0.8636363636323774,15.92707809,15.79903108,15.79903108,735489303.0,766961818.15,25960206.56770165,3898.1705,0.0004907785502825668,-0.03154574132492116,-0.03203651987520373,-0.7291361583513762,-0.7869613562243675,-2.72684085509768,0.8636363636323774,-0.38705845592776195,-1.212336853634919,-0.03203651987520373,0.013157894736842105,-0.72741526673376,-1.1038999023876326,-0.9188964429778553,1.3808182656364238,-0.5343979924021884,-2.148745385813931,-0.8667226180299634,,0.0,,,,,,,,,,,,,,,0.030869584804276984,0.1
2025-05-21,15.0701481,15.13909649,14.92240155,14.95195086,23195254.0,0.0,0.0,15.298849042939771,15.54824654927684,0.2919753250000001,0.019527573875398663,41.62861397597961,0.7346222332205145,0.13636363636300783,15.92707809,15.59218591,15.59218591,712294049.0,765167047.05,28328771.94747811,3916.3807,-0.006804125206798406,-0.04347826086956519,-0.03667413566276678,-1.1881078750013654,-0.8541732296597807,-3.3397590361331386,0.13636363636300783,-0.3083988803038003,-1.8664062864435893,-0.03667413566276678,0.012987012987012988,-1.1924375515488113,-1.2441595709125672,-1.3904693104519386,-1.1231889887439743,-0.3384547749599331,-2.661887158350712,-0.9972463329390426,,0.0,,,,,,,,,,,,,,,0.030595915984771377,0.1
2025-05-22,14.88300247,14.99134994,14.80420431,14.81405408,25165160.0,0.0,0.0,15.252678094088363,15.524174665038254,0.2870504400000002,0.019376899696047337,39.360787665523354,0.803074601266023,0.05263157894709068,15.92707809,15.25729373,15.25729373,687128889.0,760617380.8,32831779.499785762,3913.8651,0.0017060558366208678,-0.022742040285899878,-0.024448096122520746,-1.5280381179239264,-0.9458148573085097,-3.877450980378647,0.05263157894709068,-0.21930766615506447,-2.238334105541842,-0.024448096122520746,0.01282051282051282,-1.5168806473147225,-1.434391331159765,-1.7760415860816132,-1.3897460567764737,-0.11735825415476436,-2.834094900801394,-0.6167554517542907,,0.0,,,,,,,,,,,,,,,0.030456325277468492,0.1
2025-05-23,14.81405408,14.93225132,14.61705868,14.65645776,29523134.0,0.0,0.0,15.195895205127567,15.495724930446835,0.29408599000000024,0.020065284178186052,36.88750501994787,0.9389551404998796,0.12499999999960554,15.92707809,15.14894626,15.195895205127567,657605755.0,755961192.95,39773444.84521958,3882.2741,-0.0017513886426869796,-0.03124999999999989,-0.02949861135731291,-1.8342847448317128,-1.0195308022604164,-4.32057416266473,0.12499999999960554,-0.06298757461062236,-2.472892110119084,-0.02949861135731291,0.05063291139240506,-1.7868536487415518,-1.5736572542351857,-2.0575261179115665,-1.1267067311412757,0.2697840606624424,-2.8565237709588187,-0.7653529431135403,,0.0,,,,,,,,,,,,,,,0.03044730005238616,0.1
2025-05-26,14.59735914,14.72540615,14.59735914,14.68600707,21967251.0,0.0,0.0,15.147334430353512,15.469176803874808,0.2722757850000002,0.01853981029031206,37.67824842000615,0.7182724700446372,0.692307692302292,15.92707809,15.14894626,15.14894626,679573006.0,750445916.85,42258101.22127118,3860.1067,-0.0043946250866585546,-0.024852844996729906,-0.02045821991007135,-1.6943385558573145,-1.1820455260834657,-4.558139534866975,0.692307692302292,-0.33090629717820175,-1.6771437618291567,-0.02045821991007135,0.0125,-1.605847223642336,-1.898752576216739,-2.16186416918058,0.8138892809609587,-0.39829978076747136,-2.0692441493523948,-0.4826294419721341,,0.0,,,,,,,,,,,,,,,0.03044730005238616,0.1
2025-05-27,14.6761573,14.73525592,14.55796006,14.69585684,19769878.0,0.0,0.0,15.104336564605559,15.443822050960879,0.26312957000000037,0.017905017234774754,37.957293513096744,0.6609040249377042,0.7777777777733875,15.92707809,15.13909649,15.13909649,699342884.0,747577692.5,43659318.774175204,3839.3969,-0.015077226611816985,-0.028013029315960947,-0.012935802704143962,-1.5523900434451607,-1.290183715779377,-4.679144385008953,0.7777777777733875,-0.414146646438476,-1.1047998423770924,-0.012935802704143962,0.012345679012345678,-1.433621093115797,-2.0770983646782755,-2.172940113521735,1.0948612781715503,-0.6024936227243703,-1.5353731859671327,-0.24771215641096667,,1.0,,,,,,,,,,,,,,,0.03044730005238616,0.1
2025-05-28,14.70570661,14.93225132,14.69585684,14.90270201,26018885.0,0.0,0.0,15.085133273690744,15.426080410273638,0.26172246000000055,0.01756208101217901,43.66208156627221,0.9319375214633299,0.8749999999962985,15.79903108,14.99134994,15.085133273690744,725361769.0,742715211.15,40319560.02671091,3836.2366,-0.02046381752417481,-0.0032938076416336726,0.017170009882541137,-0.6970409176577579,-1.3027049210128578,-3.4247311827826072,0.8749999999962985,-0.07048950360014279,-0.43039760698042495,0.017170009882541137,0.012195121951219513,-0.5648078084660769,-2.0381895289019605,-1.2215743669806856,1.4063392103731502,0.2652366970985706,-0.9418325513512474,0.6857904482692126,,1.0,,,,,,,,,,,,,,,0.03044730005238616,0.1
2025-05-29,14.8731527,15.12924672,14.85345316,15.07999787,29219970.0,0.0,0.0,15.084644187624958,15.414733441740076,0.25820468500000043,0.01712232900998303,48.06973287058255,1.0561804730175253,0.8214285714255933,15.59218591,15.12924672,15.12924672,754581739.0,741028159.0,39062244.8664894,3858.6998,-0.014094839395461078,0.017952127659574435,0.03204696705503551,-0.017994706892868667,-1.2784014903286458,-1.9836512261503518,0.8214285714255933,0.0546590731606219,0.34697391423162427,0.03204696705503551,0.012048192771084338,0.12337684754785692,-1.927121088090292,-0.15289315218612853,1.2074889692391768,0.5787938728326694,-0.2690577491947069,1.136663161129101,,0.0,,,,,,,,,,,,,,,0.030174972870523138,0.1
2025-05-30,15.0701481,15.0701481,14.774655,14.774655,24966820.0,0.0,0.0,15.055121407851152,15.393747263322368,0.2596117950000004,0.017571428571427412,41.978475283818845,0.8987519959033864,0.0,15.25729373,15.12924672,15.12924672,729614919.0,739227372.8,38715179.63910065,3840.2323,-0.010829168399006162,0.008064516129032251,0.018893684528038412,-1.080329989822195,-1.30435466335384,-1.8590785907787497,0.0,-0.10674814919453547,-0.24828643156525074,0.018893684528038412,0.03571428571428571,-0.9499545945482865,-1.927233244937512,-0.05968674819303977,-1.5643040618398851,0.16495568062683827,-0.7777699306291797,0.7198167776487534,,0.0,,,,,,,,,,,,,,,0.02986681809902201,0.1
2025-06-03,14.78450477,14.95195086,14.71555638,14.80420431,20552105.0,0.0,0.0,15.031224541389138,15.374417986164255,0.2504655800000003,0.016918543864650526,42.73473467048367,0.7564085872112223,0.37499999999840894,15.14894626,15.12924672,15.12924672,750167024.0,740090589.7,38756982.67840734,3852.0127,-0.0020968332300242976,0.008048289738430414,0.010145122968454712,-0.906392931868051,-1.3702219872836294,-1.3764044943765308,0.37499999999840894,-0.2791735895240133,0.25999016444625944,0.010145122968454712,0.011764705882352941,-0.7650961801430314,-2.006346349529222,0.3002691499580748,-0.294081573212627,-0.2768302061639749,-0.3329803794424836,0.4429714158057072,,1.0,,,,,,,,,,,,,,,0.029701042560848837,0.1
2025-06-04,14.88300247,15.02089925,14.86330293,14.93225132,22486965.0,0.0,0.0,15.02179852030446,15.359920718421165,0.24131936500000023,0.016160949868072812,46.018223867157715,0.8471001527406414,0.43749999999723094,15.14894626,15.12924672,15.12924672,772653989.0,740328983.4,38941444.01715969,3868.7429,0.007643387949810565,0.01608579088471851,0.008442402934907944,-0.3710734126293084,-1.4011399297163907,-0.8979591836697475,0.43749999999723094,-0.16593634723460032,0.8300926279404505,0.008442402934907944,0.011627906976744186,-0.2157858075013062,-2.00979284933914,0.6554175557294043,-0.08124330714900395,0.01617196515999731,0.1650047943551138,0.38702850259413996,,1.0,,,,,,,,,,,,,,,0.029153344122947226,0.1
2025-06-05,14.92240155,15.06029833,14.85345316,15.02089925,20393245.0,0.0,0.0,15.02171287551356,15.348805260440143,0.22091627000000016,0.014707259953160625,48.231295404662234,0.7885427038024174,0.8095238095198913,15.13909649,15.12924672,15.12924672,793047234.0,741587039.35,40197565.5927506,3877.5557,0.010770738176055117,0.007931262392597338,-0.002839475783457779,-0.0036829587678459752,-1.4806169999389478,-0.5350318471313386,0.8095238095198913,-0.23756871576727864,1.280181869005533,-0.002839475783457779,0.011494252873563218,0.16143883486249622,-2.1049978548035155,0.9199896086120262,1.175316346947529,-0.169325826840154,0.5568615409036474,0.03041418214832974,,1.0,,,,,,,,,,,,,,,0.028571140910738063,0.1
2025-06-06,15.02089925,15.21789465,14.92240155,15.12924672,27013684.0,0.0,0.0,15.031954194036077,15.341606619769975,0.23076604000000003,0.015252976190475186,50.88178276515769,1.0518393098663488,0.6999999999976293,15.12924672,15.21789465,15.21789465,820060918.0,742665483.9,41960455.63959568,3873.9841,0.003960997432347568,0.003265839320705455,-0.0006951581116421135,0.42160677525818335,-1.3418457314280552,0.0,0.6999999999976293,0.0505403553731311,1.8444850733929206,-0.0006951581116421135,0.022727272727272728,0.5970402713109346,-1.7804925459858896,1.304490198554466,0.7954296600378215,0.580866674698737,1.0424740563218813,0.09800389687272415,,0.0,,,,,,,,,,,,,,,0.02847756777203682,0.1
2025-06-09,15.12924672,15.22774442,15.04059879,15.15879603,30850156.0,0.0,0.0,15.044034368889783,15.33561282994145,0.22865537500000002,0.015084006312075494,51.60944906045983,1.2024470363346165,0.6315789473650407,15.21789465,15.22774442,15.22774442,850911074.0,746855128.4,47948778.692912854,3885.2459,0.011721582571970979,0.026000000000000023,0.014278417428029044,0.5018979374953026,-1.2751874345853107,-0.2584615384604095,0.6315789473650407,0.1843586773996085,2.170147987843957,0.014278417428029044,0.02247191011235955,0.6748751006846416,-1.6136552413339271,1.095851169237544,0.5581311434255837,0.922497464945212,1.3084353163012015,0.5721213601634115,,0.0,,,,,,,,,,,,,,,0.02820957979549161,0.1
2025-06-10,15.15879603,15.15879603,14.8731527,15.00119971,25116310.0,0.0,0.0,15.039954877566945,15.324648465353205,0.23358025999999996,0.015570771972609409,47.56241402420099,0.9901591786993543,0.4482758620673958,15.22774442,15.22774442,15.22774442,825794764.0,748242928.1,49776946.82476811,3865.4652,0.003492330126533494,0.01330671989354637,0.009814389767012877,-0.16591799138668392,-1.2188255453823056,-0.9698795180681399,0.4482758620673958,-0.009889562213271414,1.5579869969327163,0.009814389767012877,0.044444444444444446,-0.020984472701614805,-1.4753822365856142,0.5561363201133201,-0.06967380622230394,0.4081108771649585,0.7624475147680071,0.4265037069384901,,1.0,,,,,,,,,,,,,,,0.02786702553147874,0.1
2025-06-11,15.02089925,15.17849557,14.9716504,15.13909649,25865158.0,0.0,0.0,15.049396935893903,15.318564794030149,0.23287670500000004,0.015382470489821462,51.17054546858273,1.0317640185452397,0.809523809519893,15.22774442,15.22774442,15.22774442,851659922.0,752514305.25,54571718.74350037,3894.6252,0.006690105977318783,0.01385224274406327,0.007162136766744487,0.38518045034050197,-1.1558384860138333,-0.3806646525663432,0.809523809519893,0.031269976711377497,1.8167948349951595,0.007162136766744487,0.04395604395604396,0.5525633169373222,-1.330853775616898,0.9905032118986752,1.1609526010646052,0.5131829520577055,0.9792816684324575,0.3392449847244987,,0.0,,,,,,,,,,,,,,,0.02756891447302983,0.1
2025-06-12,15.08984764,15.2671435,15.01104948,15.05044856,28425069.0,0.0,0.0,15.049497090570673,15.309774097832438,0.23780158999999998,0.015800299177261477,48.8438031454605,1.131295478390703,0.15384615384554992,15.22774442,15.2671435,15.2671435,823234853.0,754000428.25,56052578.520472616,3892.1992,0.003776477021335989,0.0019672131147541183,-0.0018092639065818705,0.004001106255522609,-1.0945133178490116,-0.7455621301743837,0.15384615384554992,0.12336341711625855,1.2351693102702288,-0.0018092639065818705,0.06521739130434782,0.15070944283831134,-1.1947793311707982,0.70884189044828,-1.0815623422012277,0.7510461663533734,0.4627850182067441,0.04905863075428299,,0.0,,,,,,,,,,,,,,,0.02756891447302983,0.1
2025-06-13,14.98150017,15.05044856,14.61705868,14.64660799,44389800.0,0.0,0.0,15.011126700040133,15.288030946755963,0.24624424999999991,0.016812373907194544,39.93519119681631,1.7300796493245656,0.06818181818166123,15.2671435,15.2671435,15.2671435,778845053.0,754955011.3,56304424.9535272,3864.1822,-0.0025301859137728533,-0.03190104166666663,-0.029370855752893776,-1.4803135912357486,-1.1245105082238696,-2.5199999999897664,0.06818181818166123,0.5481674475218792,0.4243013176978278,-0.029370855752893776,0.08602150537634409,-1.3964916808853878,-1.2361779018242047,-0.6311575648005736,-1.3572052364748848,1.835159699192583,-0.2543988551946682,-0.8389882716621561,,1.0,,,,,,,,,,,,,,,0.025595820741694413,0.1
2025-06-16,14.56780983,15.04059879,14.55796006,14.92240155,34743096.0,0.0,0.0,15.002676685750597,15.276043097681997,0.27157223,0.01819896275341698,47.039351058370194,1.320096922499829,0.7551020408147614,15.2671435,15.2671435,15.2671435,813588149.0,758722971.8,57566439.0953265,3873.7951,-0.002947252321918725,-0.015594541910331383,-0.012647289588412658,-0.29559405153576,-1.006606647264316,-1.2694300518087953,0.7551020408147614,0.27770516003894674,0.9530757514660004,-0.012647289588412658,0.14893617021276595,-0.14928159383057962,-0.9960000495759871,0.3178097579493154,0.9831623105589778,1.110248281904354,0.2155544039640247,-0.29343883979699714,,0.0,,,,,,,,,,,,,,,0.02302230623032478,0.1
2025-06-17,14.96180063,14.9716504,14.73525592,14.774655,19516028.0,0.0,0.0,14.98096033472673,15.259604143659637,0.27579355999999994,0.0186666666666654,44.0346252814654,0.7489412412921124,0.16666666666595786,15.2671435,15.2671435,15.2671435,794072121.0,762751370.7,57078086.03986668,3870.3786,0.0012711018585809253,-0.015101772816809023,-0.016372874675389948,-0.7480426110239207,-1.0103347189539047,-1.7857142857078125,0.16666666666595786,-0.2890947480854851,0.5487351183801732,-0.016372874675389948,0.16842105263157894,-0.6231738092180957,-0.9927158806548153,-0.07622004015252494,-1.01996812882253,-0.37430352248711496,-0.14591978263930858,-0.4128034935550265,,0.0,,,,,,,,,,,,,,,0.02241561296180119,0.1
2025-06-18,14.78450477,14.90270201,14.71555638,14.81405408,19407704.0,0.0,0.0,14.96506450094323,15.244995944851123,0.2722757849999998,0.018379559270515464,45.04276747497684,0.7484859319445293,0.5263157894708689,15.2671435,15.2671435,15.2671435,813479825.0,766650896.8,57742613.28680261,3874.9708,-0.005046544658520613,-0.021470396877033227,-0.016423852218512613,-0.5546230302583661,-1.0281172962438254,-1.664082687332389,0.5263157894708689,-0.28970287029637104,0.8109942646240269,-0.016423852218512613,0.15625,-0.41539863540109145,-1.016386654048661,0.017105678088894554,0.20901410174617213,-0.3735193498698709,0.08987878766574438,-0.4121381498658631,,0.0,,,,,,,,,,,,,,,0.022215536979310065,0.1
2025-06-19,14.79435454,14.88300247,14.5776596,14.59735914,22119483.0,0.0,0.0,14.93004494275816,15.223761951249445,0.27438644999999984,0.01879699248120171,40.70020256092309,0.8548428912087616,0.06451612903204547,15.2671435,15.05044856,15.05044856,791360342.0,770604211.45,56580696.19078845,3843.0912,-0.012617031522949795,-0.030104712041884807,-0.01748768051893501,-1.2124716900449997,-1.0704501205880055,-2.441025641016745,0.06451612903204547,-0.15683757990223138,0.36684120110524776,-0.01748768051893501,0.18556701030927836,-1.10355454918973,-1.086334764566499,-0.5787100637842736,-1.3593562902836955,-0.021452868684866285,-0.31065631040894215,-0.4446209719426416,,0.0,,,,,,,,,,,,,,,0.022153051369577924,0.1
2025-06-20,14.59735914,14.70570661,14.46931213,14.48901167,19178020.0,0.0,0.0,14.88804177392405,15.199671778093725,0.2694615649999998,0.018597649800911588,38.691606076609126,0.7498403379942656,0.08333333333297893,15.2671435,15.04059879,15.04059879,772182322.0,774856883.1,53244793.30423227,3846.6443,-0.004538579987248048,-0.01075991930060527,-0.0062213393133572215,-1.4808423751363913,-1.156491480217296,-2.8877284595193102,0.08333333333297893,-0.28789497778882633,-0.050231411073717716,-0.0062213393133572215,0.17346938775510204,-1.3686661691122446,-1.2372823779436877,-0.9160550046134418,-1.279499365556278,-0.3682400029810606,-0.6848990199564966,-0.07176075865997326,,0.0,,,,,,,,,,,,,,,0.022058157441795852,0.1
2025-06-23,14.4791619,14.58750937,14.39051397,14.53826052,18698850.0,0.0,0.0,14.854729273550332,15.177986163074259,0.2666473449999997,0.018341076267904256,40.13774885995314,0.7469106002493392,0.7499999999961928,15.2671435,14.9716504,14.9716504,790881172.0,781520653.95,46000540.342158094,3857.9016,-0.004102824127171778,-0.025742574257425765,-0.021639750130253987,-1.1868438200618328,-1.2123011745071577,-2.7335092348182473,0.7499999999961928,-0.29180977939242064,0.20348713255051318,-0.021639750130253987,0.15151515151515152,-1.0459648272344957,-1.3265688391575319,-0.7899269166149298,0.9858821178585462,-0.37638495247044285,-0.4502617997122321,-0.5803150157382216,,1.0,,,,,,,,,,,,,,,0.021914588333614024,0.1
2025-06-24,14.59735914,14.8731527,14.5776596,14.86330293,26655901.0,0.0,0.0,14.855545812259823,15.167668680022643,0.27509000499999975,0.01850799962131844,48.732986241338345,1.0548705962587763,0.9666666666633932,15.2671435,14.90270201,14.90270201,817537073.0,788418857.3,40170355.714693025,3904.0342,0.008695686773381839,0.006000000000000005,-0.0026956867733818335,0.028198471769806107,-1.134620895301834,-1.4680306905317488,0.9666666666633932,0.05341810183035474,0.7248682562536916,-0.0026956867733818335,0.17,0.23927880631008364,-1.1626864897089373,0.19206154361990166,1.6952273412146321,0.5479669642214101,0.027770135097065766,0.05074312171290142,,1.0,,,,,,,,,,,,,,,0.021689827750638074,0.1
2025-06-25,14.86330293,15.04059879,14.80420431,15.01104948,29147068.0,0.0,0.0,14.870355685377936,15.162533624284196,0.2772006699999999,0.018466441694786916,52.09969183698706,1.1324432186701083,0.8749999999962985,15.2671435,15.04059879,15.04059879,846684141.0,795785920.15,36502048.93528698,3960.0662,0.02196026870705703,0.013297872340425565,-0.008662396366631464,0.5075521448831898,-1.0540304210130735,-0.9238578680169686,0.8749999999962985,0.12437743907845906,1.394393529531327,-0.008662396366631464,0.16831683168316833,0.7434589160458398,-0.9973938068728306,0.6125978462727976,1.367614553900907,0.7334517287626181,0.6403051269799561,-0.14831689097835282,,1.0,,,,,,,,,,,,,,,0.02143449825545002,0.1
2025-06-26,15.06029833,15.25729373,14.9716504,15.07999787,35230225.0,0.0,0.0,14.890321607722894,15.159827533979795,0.276497115,0.018335355043387794,53.63005725653657,1.344727547142519,0.37931034482625703,15.2671435,15.25729373,15.25729373,881914366.0,803613550.0,37337048.535903275,3946.0195,0.02678268473045864,0.03306342780026994,0.006280743069811301,0.6859972563417862,-0.9747151475917799,-0.6768447837125643,0.37931034482625703,0.2961914253540168,2.0971345907190817,0.006280743069811301,0.14705882352941177,0.925183228278579,-0.8374864911577864,0.7994971536548428,-0.30102948619193126,1.1831702748871102,1.272562731271539,0.3524113194494735,,1.0,,,,,,,,,,,,,,,0.021138577230853082,0.1
2025-06-27,15.22,15.25,15.09,15.14,28164536.0,0.0,0.0,14.914100502225477,15.15917745089849,0.2752725792857143,0.01818180840724545,54.978112699370165,1.077202019016197,0.312499999998051,15.25729373,15.25729373,15.25729373,910078902.0,811388408.15,42191757.588976905,3921.7578,0.019527019953469615,0.04492979540819153,0.025402775454721915,0.8206393036308745,-0.890306434836539,-0.4261003050283154,0.312499999998051,0.07436695627233698,2.339094161741773,0.025402775454721915,0.13592233009708737,1.0577837406187658,-0.6698422779595208,0.9865761799519925,-0.524119023727328,0.5803613395208689,1.4710126326274005,0.9891325136403606,,1.0,,,,,,,,,,,,,,,0.020760648737405685,0.1
2025-06-30,15.14,15.36,15.1,15.3,35706894.0,0.0,0.0,14.95085283534686,15.163794583655916,0.27344091285714295,0.017871955088700986,58.44715766509864,1.3381881395609987,0.7692307692278154,15.25729373,15.36,15.36,945785796.0,822196952.0,47245184.99219294,3936.0791,0.020264254536714876,0.05239550350278099,0.03213124896606612,1.2768651223537772,-0.7787486740125364,0.1561809809425096,0.7692307692278154,0.2913165643479268,2.615903483506785,0.03213124896606612,0.125,1.519464498550191,-0.451358209880345,1.4221895038131114,1.0167171657714198,1.1540006945400438,1.6903196966586678,1.2029711248181372,,0.0,,,,,,,,,,,,,,,0.020491839821804587,0.1
2025-07-01,15.25,15.28,15.15,15.25,22559040.0,0.0,0.0,14.979343041504302,15.166620990749164,0.2693805435714286,0.017664297939108915,56.96986637081125,0.8422781403212657,0.7692307692248552,15.36,15.36,15.36,923226756.0,830849938.6,49073097.17428095,3942.762,0.009919943836557588,0.02601690026915171,0.016096956432594123,1.0047383337576714,-0.6952170589651684,-0.4083442647387176,0.7692307692248552,-0.17164498636459966,1.882432997288265,0.016096956432594123,0.12380952380952381,1.2165673885454948,-0.28761941606114894,0.9724838333335145,1.0079943437377654,-0.09721743548304666,1.014391304407701,0.658448456710758,,1.0,,,,,,,,,,,,,,,0.020249583307923955,0.1
2025-07-02,15.55,15.7,15.37,15.4,71643760.0,0.0,0.0,15.019405608980083,15.174272761544275,0.28323097071428577,0.018391621474952425,60.21842461865705,2.4500963261552178,0.09090909090881887,15.36,15.7,15.7,994870516.0,841960764.95,58826163.11757683,3943.6849,-0.004136622766558795,0.025910947833342357,0.030047570599901152,1.3437597945547586,-0.5467874935183907,0.14122749323275952,0.09090909090881887,0.8961273405817987,2.5993493871829902,0.030047570599901152,0.19811320754716982,1.5493790736118496,0.001935141102830669,1.382102530997658,-1.2786408465635513,2.686594955302859,1.6337891034253333,1.1185105361557333,,1.0,,,,,,,,,,,,,,,0.019827895695420907,0.1
2025-07-03,15.37,15.89,15.37,15.78,70948505.0,0.0,0.0,15.091843170029598,15.194132671001839,0.289417407857143,0.018340773628461638,67.01268195629267,2.233264648427231,0.7884615384600204,15.7,15.89,15.89,1065819021.0,855599354.3,75236331.73052345,3968.0676,0.005587428039826037,0.046419245946484944,0.04083181790665891,2.377731301870062,-0.35343244115563816,0.2764173744490581,0.7884615384600204,0.8034644828203152,2.7941243527522186,0.04083181790665891,0.17757009345794392,2.5411792864315124,0.37889263833361214,1.4651329390543884,1.0713921538423616,2.3620229428173602,1.7714796448471426,1.4620329900354367,,0.0,,,,,,,,,,,,,,,0.019559040544027212,0.1
2025-07-04,15.79,15.82,15.38,15.41,61387640.0,0.0,0.0,15.12214382050297,15.20121028834604,0.28637178428571425,0.018583503198293036,56.83440740479969,1.8331420009264516,0.06818181818166184,15.89,15.89,15.89,1004431381.0,864817877.45,81362915.56383233,3982.2034,0.01541288449786471,0.017833553500660404,0.0024206690027956945,1.0051834548365626,-0.27609726998770634,-1.6761427847913482,0.06818181818166184,0.6060314349930787,1.715935356820735,0.0024206690027956945,0.24074074074074073,1.1265111239556127,0.5279354271566111,-0.04368721246615581,-1.3532652783303487,1.815541344508202,0.8059830299898746,0.1717782233017372,,0.0,,,,,,,,,,,,,,,0.019452236785723,0.1
2025-07-07,15.38,15.41,15.14,15.18,39303165.0,0.0,0.0,15.12765393283602,15.200514869056004,0.28877217857142856,0.01902320016939457,51.58893595275146,1.1590328129266494,0.14814814814759653,15.89,15.89,15.89,965128216.0,870528734.55,84147182.853151,3965.1746,0.007392000836568435,-0.007843137254902044,-0.01523513809147048,0.18127115784753503,-0.2523128667733101,-2.4586856099155754,0.14814814814759653,0.1475858753689762,1.1242144804192653,-0.01523513809147048,0.27522935779816515,0.2842185696912925,0.5713913747677305,-0.6470325982864059,-1.0920784112363977,0.6474284453228815,0.2773728081003528,-0.4212977260952747,,1.0,,,,,,,,,,,,,,,0.019200049932720953,0.1
2025-07-08,15.16,15.8,15.16,15.7,65632667.0,0.0,0.0,15.182163082089733,15.2168914307263,0.32111891928571434,0.020453434349407256,60.47158966962574,1.8263699006580156,0.8437499999986796,15.89,15.89,15.89,1030760883.0,880777040.5,90329293.53794128,3998.4527,0.014124793735964758,0.02950819672131133,0.015383402985346573,1.6126017086147142,-0.10814793695029408,-0.5916811143424341,0.8437499999986796,0.6023303359498263,1.6604119951076761,0.015383402985346573,0.32727272727272727,1.719430266006566,0.8502052004167551,0.8004179315407091,1.2369492642585818,1.7687129473325691,0.7514940484698797,0.6109732981113809,,0.0,,,,,,,,,,,,,,,0.019200049932720953,0.1
2025-07-09,15.66,15.71,15.42,15.45,30926275.0,0.0,0.0,15.20767135998595,15.224534334636912,0.3200230000000002,0.020713462783170197,55.225241865741324,0.854572267627913,0.10344827586170972,15.89,15.89,15.89,999834608.0,888185774.8,93652745.91062064,3991.4006,0.01209926787000648,0.0032467532467532756,-0.008852514623253205,0.7572225746689832,-0.05269300847410846,-1.3749011789734678,0.10344827586170972,-0.15715420700327284,1.1921576042901543,-0.008852514623253205,0.34234234234234234,0.8441634658758271,0.9519024650354266,0.18879613661559128,-1.234342259401935,-0.1433521316530246,0.32982795547979016,-0.21020695217887217,,0.0,,,,,,,,,,,,,,,0.019200049932720953,0.1
2025-07-10,15.41,15.52,15.37,15.44,23678540.0,0.0,0.0,15.229797897130146,15.231598782681603,0.313851965714286,0.02032719985196021,55.01962063258251,0.6586179435164882,0.46666666666355633,15.89,15.82,15.82,976156068.0,895831835.55,94278216.37980749,4010.0243,0.01057358498630423,-0.021546261089987362,-0.03211984607629159,0.6697491997247541,-0.005738009470015524,-1.4337969780575572,0.46666666666355633,-0.4176116644725218,0.8519914306228209,-0.03211984607629159,0.3125,0.7499306151236554,1.0353473482216697,0.1420186527399569,-0.00894377407002038,-0.7961887575651809,0.02336755345341586,-0.9943062201629576,,0.0,,,,,,,,,,,,,,,0.019200049932720953,0.1
2025-07-11,15.4,15.55,15.36,15.4,36173029.0,0.0,0.0,15.24600762121299,15.237120134069091,0.3133522942857147,0.02034755157699314,54.15109576710528,1.0177824856147284,0.21052631578836908,15.89,15.8,15.8,939983039.0,903888734.85,90755933.86198825,4014.807,0.008187326644339743,-0.0006489292667098967,-0.00883625591104964,0.4914353001229648,0.028362604346423657,-1.563735159863404,0.21052631578836908,0.017626226943112222,0.39770737420749,-0.00883625591104964,0.3185840707964602,0.5649337233927773,1.0922215568455516,0.039628296352014605,-0.8691936426376281,0.3054234357818399,-0.38561073486972836,-0.2144303568078884,,0.0,,,,,,,,,,,,,,,0.019200049932720953,0.1
2025-07-14,15.4,15.49,15.3,15.34,30163725.0,0.0,0.0,15.254959276335562,15.240493244427482,0.30300285285714323,0.01975246759172904,52.80457771137936,0.8542048012204558,0.2105263157883617,15.89,15.8,15.8,909819314.0,908700293.1,88360269.55922274,4017.6678,0.013238559532788408,0.010540184453228019,-0.002698375079560389,0.2806598118211495,0.047742230053697966,-1.8151644277009302,0.2105263157883617,-0.1575842998688909,0.012664299300829561,-0.002698375079560389,0.2982456140350877,0.347819078210653,1.1193924832582334,-0.15831705161019796,-0.8678676535011706,-0.1399059207555084,-0.7301774454058566,-0.015624824329378529,,1.0,,,,,,,,,,,,,,,0.019200049932720953,0.1
2025-07-15,15.38,15.61,15.33,15.48,46601204.0,0.0,0.0,15.276391726208367,15.248345924938056,0.3061175328571431,0.01977503442229479,55.58009553735993,1.2709542364645074,0.535714285712375,15.89,15.71,15.71,956420518.0,916817712.95,84844120.79120925,4019.0644,0.00515491905156229,-0.01401273885350307,-0.01916765790506536,0.6651310426116209,0.09161775546945787,-1.3393548424748245,0.535714285712375,0.2397679856302976,0.4667713529315425,-0.01916765790506536,0.30434782608695654,0.7372363326813173,1.1934447719112844,0.21825166026578977,0.22048949791926672,0.8690844403638254,-0.31513794751006463,-0.5972978273599355,,0.0,,,,,,,,,,,,,,,0.019200049932720953,0.1
2025-07-16,15.52,15.6,15.33,15.36,33626940.0,0.0,0.0,15.284354418950427,15.252006714284349,0.30500015214285725,0.019856780738465977,52.718269789857224,0.8996627358319598,0.11111111111069741,15.89,15.61,15.61,922793578.0,922283400.6,81464720.49422622,4007.2019,0.003958835903366875,-0.005825242718446644,-0.009784078621813519,0.24801817480370775,0.10605799518034617,-1.7377040512098494,0.11111111111069741,-0.10573532385413269,0.00626255631769012,-0.009784078621813519,0.3103448275862069,0.30702987182935837,1.2089340855921002,-0.09873529631027338,-1.1930473300636388,-0.015307406920918967,-0.7309952915769252,-0.27465279685216504,,1.0,,,,,,,,,,,,,,,0.019200049932720953,0.1
2025-07-17,15.35,16.03,15.33,15.81,93022965.0,0.0,0.0,15.33441590285991,15.270301576111091,0.342857142857143,0.02168609379235429,60.857578767173024,2.2731525311055165,0.6857142857133057,15.89,16.03,16.03,1015816543.0,933506210.65,78044405.9012945,4034.491,0.006101384472906979,0.02396373056994827,0.017862346097041293,1.3871202833212193,0.18700011968350766,-0.23333333333265288,0.6857142857133057,0.8211676482526751,1.0546602462974835,0.017862346097041293,0.4017094017094017,1.4624828298004078,1.3518526739327064,1.0947209520549086,0.7407078524406465,2.3002552594078245,0.22841132703386274,0.6823892520579309,,0.0,,,,,,,,,,,,,,,0.019200049932720953,0.1
2025-07-18,15.88,15.95,15.64,15.71,44385425.0,0.0,0.0,15.370185816873251,15.284717917877941,0.34642857142857153,0.02205146858233924,58.44962537753081,1.0522157461283104,0.2258064516121767,16.03,16.03,16.03,971431118.0,943468650.45,69009594.71794353,4058.5486,0.01089506917767169,0.02012987012987022,0.00923480095219853,0.980906920363044,0.24671146101667665,-0.9237113402035197,0.2258064516121767,0.05089817516012338,0.40519680870882274,0.00923480095219853,0.423728813559322,1.0361688789142458,1.449692483427808,0.5397581954208862,-0.8137384019548296,0.3570548035599435,-0.36728080471276464,0.3783928832728588,,1.0,,,,,,,,,,,,,,,0.019200049932720953,0.1
2025-07-21,15.79,15.9,15.73,15.87,40546116.0,0.0,0.0,15.417787167647226,15.303907494340958,0.3492857142857143,0.022009181744530076,61.10160255160399,0.9369369477622751,0.8235294117598548,16.03,16.03,16.03,1011977234.0,954523453.55,60915021.6577977,4085.6072,0.016910158674642073,0.03455019556714478,0.01764003689250271,1.2946788656279535,0.3260358744955404,-0.458077709610146,0.8235294117598548,-0.06513929061699485,0.9431791844835603,0.01764003689250271,0.4117647058823529,1.3421444194218979,1.580971029369491,0.9061584154119808,1.203642370468458,0.06316544027211429,0.12905139648402028,0.6779516824978281,2.1534261724317467,1.0,,,,,,,,,,,,,,,0.019200049932720953,0.1
2025-07-22,15.9,16.16,15.8,16.1,62312616.0,0.0,0.0,15.48275981834749,15.330008887969123,0.3428571428571429,0.02129547471162246,64.59942448843097,1.38294182688367,0.8333333333310219,16.03,16.16,16.16,1074289850.0,967361092.4,57660826.87100835,4118.9582,0.024854988638649322,0.040051679586563305,0.015196690947913982,1.800283863147905,0.4455235469356054,0.204166666666072,0.8333333333310219,0.32421298880710997,1.8544437081904457,0.015196690947913982,0.375,1.82543144534385,1.7812152668185908,1.419457274198265,1.216280368069861,1.0430204244435417,0.9661443694336201,0.5840312747192978,1.801710740383774,0.0,,,,,,,,,,,,,,,0.019200049932720953,0.1
2025-07-23,16.15,16.16,15.8,15.85,55014716.0,0.0,0.0,15.517735073742967,15.347057776888168,0.33142857142857135,0.020910319963946402,58.44727202891922,1.1869051853637518,0.13888888888850034,16.16,16.16,16.16,1019275134.0,975990642.05,51545212.03845239,4119.7685,0.028091072725833888,0.03190104166666674,0.003809968940832853,1.0025234843931936,0.5149746025775838,-0.9353448275833866,0.13888888888850034,0.17134923490029452,0.8397383624634254,0.003809968940832853,0.36666666666666664,1.0028632016236179,1.8700221357209228,0.5097637060897416,-1.096342097368826,0.6506205719695859,0.024439607834721166,0.18091948556202433,1.6836311423618602,0.0,,,,,,,,,,,,,,,0.019200049932720953,0.1
2025-07-24,15.84,15.93,15.81,15.89,37718120.0,0.0,0.0,15.553188876243638,15.36485916125249,0.30857142857142844,0.019419221433065386,59.11813497722342,0.8115648348289969,0.6666666666611161,16.16,16.16,16.16,1056993254.0,984744586.45,49657136.57567314,4149.0368,0.028391636020504096,0.005060088551549713,-0.023331547468954383,1.0915175306883786,0.6103277800619294,-0.8749999999971634,0.6666666666611161,-0.20879100017395566,1.4549503360891398,-0.023331547468954383,0.26666666666666666,1.0766376619911149,1.998294685894565,0.5585591986283107,0.6644035155054624,-0.3160046291487129,0.5943263893297385,-0.7578746710566018,0.9200658793414428,1.0,,,,,,,,,,,,,,,0.019200049932720953,0.1
2025-07-25,16.1,16.15,15.74,15.79,55690863.0,0.0,0.0,15.575742316601387,15.378798205145848,0.3185714285714284,0.020175517958923892,56.65549461556785,1.1638120598871604,0.12195121951189557,16.16,16.16,16.16,1001302391.0,989305760.9,46690327.94260688,4127.1634,0.01690624081722225,0.005092297899427001,-0.01181394291779525,0.6725577505764928,0.6182102153293462,-1.1614349775748334,0.12195121951189557,0.15170087569504284,0.2569403692076576,-0.01181394291779525,0.325,0.6462466038049272,1.9623916170701627,0.3301573621277857,-1.1636764344599042,0.6021348741978207,-0.5224862707360354,-0.3520141261686265,1.3282793098154049,1.0,,,,,,,,,,,,,,,0.019200049932720953,0.1
2025-07-28,15.81,15.95,15.77,15.9,41317159.0,0.0,0.0,15.606624000734588,15.39588678858369,0.2857142857142855,0.01796945193171494,58.693816229865895,0.8584023889742889,0.7222222222182153,16.16,16.16,16.16,1042619550.0,994147448.6,46946388.804347366,4135.8242,0.012291196275549865,0.001890359168241984,-0.010400837107307881,1.026815997425352,0.7375802425255611,-0.9099999999968151,0.7222222222182153,-0.15268230461466445,1.0324990405973744,-0.010400837107307881,0.13333333333333333,0.996839134363993,2.1216163631314644,0.5422969542680817,0.8520953624970945,-0.1774317538126534,0.2037182585126088,-0.2965196222549091,-0.10054850429259272,1.0,,,,,,,,,,,,,,,0.018910096325298137,0.1
2025-07-29,15.85,16.05,15.72,16.05,53000184.0,0.0,0.0,15.648850286378913,15.417333123384223,0.28857142857142826,0.017979528259900953,61.36211962670638,1.067375386425554,0.9999999999969698,16.16,16.16,16.16,1095619734.0,1002767097.5,48918392.020603634,4152.0247,0.008027879476902644,-0.0031055900621118626,-0.011133469539014507,1.3901227699692509,0.802287198493671,-0.3811881188105587,0.9999999999969698,0.06520272527911157,1.8981130136266944,-0.011133469539014507,0.14166666666666666,1.3361527831635933,2.1744454907866793,0.9559596716205668,1.7524414011577427,0.38161643856766536,1.0098920238593134,-0.3145968970891396,-0.0376236913495581,1.0,,,,,,,,,,,,,,,0.018731829573933552,0.1
2025-07-30,16.06,16.55,15.9,16.33,103063479.0,0.0,0.0,15.71372168767616,15.447256627535559,0.32428571428571396,0.01985828011547423,65.80291425681143,2.0119499801570666,0.6615384615374402,16.16,16.55,16.55,1198683213.0,1012957732.35,64847501.53164417,4151.2379,0.007638633093097313,0.030283911671924235,0.022645278578826922,1.9004177031954077,0.821698423338525,0.5242290748882461,0.6615384615374402,0.6991043911715339,2.864034484958067,0.022645278578826922,0.3333333333333333,1.8024153352572356,2.146415899870726,1.6468299760168505,0.6076863554874516,1.9775977698030098,1.8823832491493961,0.8558786984714362,1.3829539051947177,0.0,,,,,,,,,,,,,,,0.018731829573933552,0.1
2025-07-31,16.25,16.55,15.86,15.93,92209473.0,0.0,0.0,15.734319622183193,15.46308427909177,0.3599999999999997,0.02259887005649574,55.9158187867284,1.763467947373092,0.10144927536217203,16.55,16.55,16.55,1106473740.0,1014990468.3,67071699.187563345,4075.5912,-0.017701843473646672,0.0025173064820640523,0.020219149955710725,0.5435566050451756,0.7534315085851931,-1.7222222222174426,0.10144927536217203,0.5672822949535676,1.3639623389318154,0.020219149955710725,0.5166666666666667,0.4575332144943113,1.976990324701669,-0.13731789266643535,-1.2485940522802301,1.6201925057582771,0.4760851995432054,0.75728661811856,2.5992894170926153,0.0,,,,,,,,,,,,,,,0.018731829573933552,0.1
2025-08-01,15.82,16.28,15.67,15.78,70309833.0,0.0,0.0,15.738670134356223,15.47347495846581,0.3899999999999998,0.024714828897336824,52.71699582962752,1.3332713894467538,0.18032786885216212,16.55,16.55,16.55,1036163907.0,1016577094.6,67178392.79098465,4054.9286,-0.017502287406406136,-0.0006333122229258414,0.016868975183480295,0.10597401447094984,0.6799876304864969,-1.9743589743539165,0.18032786885216212,0.28763561345764393,0.2915641709521299,0.016868975183480295,0.5416666666666666,0.02719831475478083,1.8104048073038617,-0.33119182055503216,-0.9687736013371233,0.9174745670540313,-0.5145938029000461,0.6326667903981373,2.616152872375777,0.0,,,,,,,,,,,,,,,0.018731829573933552,0.1
2025-08-04,15.7,15.93,15.59,15.8,38368570.0,0.0,0.0,15.744511073941345,15.484180697532505,0.39428571428571413,0.02495479204339805,53.102235565337395,0.7282208634874926,0.6176470588217156,16.55,16.55,16.55,1074532477.0,1022047307.65,67220571.17552683,4070.7023,-0.015745809505152586,-0.0062893081761006275,0.009456501329051958,0.1407327834817416,0.6602582010352384,-1.9021739130386548,0.6176470588217156,-0.3171508928856531,0.780790291307558,0.009456501329051958,0.55,0.061814459475730985,1.7392203903224974,-0.2682726064552302,0.4913930811374226,-0.6104770511714865,-0.05884997139472494,0.3602178459034991,2.52824800246209,1.0,,,,,,,,,,,,,,,0.018731829573933552,0.1
2025-08-05,15.8,16.2,15.79,16.14,64870354.0,0.0,0.0,15.782176685946931,15.505682969744553,0.4042857142857142,0.025048681182508623,59.18961424454502,1.2321059734965556,0.8536585365832869,16.55,16.55,16.55,1139402831.0,1027479405.05,71929945.9910099,4103.45,-0.01169903926631266,0.005607476635514086,0.017306515901826747,0.8850753351114106,0.6839067185200909,-1.0141342756158667,0.8536585365832869,0.20872487886054236,1.5560059778717015,0.017306515901826747,0.5583333333333333,0.7881009442269182,1.7401125615770003,0.4370717422921592,1.2691955666965251,0.7137572566984134,0.664715718930871,0.6348788856722879,2.4522172369121575,0.0,,,,,,,,,,,,,,,0.018731829573933552,0.1
2025-08-06,16.27,16.34,16.1,16.2,52881346.0,0.0,0.0,15.821969382523413,15.528447462539814,0.3714285714285711,0.02292768959435483,60.17209192005909,0.9838804949704962,0.41666666666492436,16.55,16.55,16.55,1192284177.0,1037101883.5,80007149.31446247,4113.4852,-0.009094323406519278,-0.007960808328230207,0.0011335150782890713,1.0177747393573005,0.790251323030639,-0.94230769230516,0.41666666666492436,-0.01625083750602873,1.9396053331442533,0.0011335150782890713,0.5333333333333333,0.9102077553006339,1.8692236489576217,0.49426714648973835,-0.16954135177560517,0.14346432378688093,1.0284267411955537,0.06954898887774096,2.198824693288551,0.0,,,,,,,,,,,,,,,0.018731829573933552,0.1
2025-08-07,16.1,16.22,15.9,16.06,43652412.0,0.0,0.0,15.84463896514023,15.545875414587687,0.37214285714285683,0.023172033446004592,56.739672992851595,0.7973563724724173,0.49999999999843475,16.55,16.34,16.34,1148631765.0,1045725668.35,82237463.3504087,4114.666,0.009587517020843483,0.008160703075957176,-0.001426813944886307,0.5787052760131773,0.8028195216361553,-1.3166986564264107,0.49999999999843475,-0.22645355775585777,1.2513286823004683,-0.001426813944886307,0.5416666666666666,0.47307625639511347,1.8459816496804577,0.1953771261509391,0.10432501227907634,-0.38212232051569234,0.3839591065741864,-0.02066146155440727,2.1610275143113684,1.0,,,,,,,,,,,,,,,0.018731829573933552,0.1
2025-08-08,16.06,17.27,16.03,16.97,175451591.0,0.0,0.0,15.951816206555446,15.592568023945468,0.44714285714285673,0.026349019277715408,69.08438795582873,2.8431467017069667,0.75806451612842,16.55,17.27,17.27,1324083356.0,1064930684.2,98535489.41935216,4104.9669,0.012340118639820208,0.0754119138149556,0.06307179517513539,2.2770883559411947,0.8034304403400074,0.9392971245985351,0.75806451612842,1.0449114323600754,2.630043990516811,0.06307179517513539,0.5833333333333334,2.0800353535180474,1.8056997609632042,1.9428443199693557,0.9672893907132295,2.72380557837525,1.657103483225417,2.1996667931202443,2.3058576947002543,1.0,,,,,,,,,,,,,,,0.018731829573933552,0.1
2025-08-11,17.25,18.12,17.25,17.65,158597760.0,0.0,0.0,16.11354799640731,15.660024810045616,0.5035714285714283,0.02853095912585835,74.85795346955571,2.3277994032891094,0.4597701149419981,17.27,18.12,18.12,1482681116.0,1093573774.3,128107807.60680762,4122.5106,0.01272711590823028,0.11708860759493667,0.10436149168670639,3.0511103617382904,0.9006134197235596,0.754609929076514,0.4597701149419981,0.8449233591845725,3.037342914291845,0.10436149168670639,0.65,2.7118061445047448,1.910516252354278,1.7606933254472885,-0.04074734702138949,2.1769495818862583,1.9851550817496058,3.423718443866181,2.5549421571022797,1.0,,,,,,,,,,,,,,,0.018731829573933552,0.1
2025-08-12,17.55,17.95,17.5,17.9,93089551.0,0.0,0.0,16.283686282463755,15.733466619552317,0.5099999999999998,0.028491620111730245,76.58897495489974,1.3212348869804669,0.8888888888869119,18.12,18.12,18.12,1575770667.0,1124541281.75,161671782.42646173,4143.8252,0.009839330319609152,0.10904584882280033,0.09920651850319118,3.1692425833981868,1.0788620841379595,-0.4313725490187669,0.8888888888869119,0.2785668197115112,2.791021280755947,0.09920651850319118,0.6416666666666667,2.711709975891723,2.1241379762640813,0.8344474730813652,1.3804949666593007,0.8067930840110343,1.721497709975935,3.110279432113894,2.3946304513748005,1.0,,,,,,,,,,,,,,,0.018731829573933552,0.1
2025-08-13,17.9,18.19,17.75,18.13,104794391.0,0.0,0.0,16.459525684133872,15.812041484485027,0.5328571428571428,0.02939090694192573,78.08395864462432,1.4158563636926127,0.8636363636343961,18.12,18.19,18.19,1680565058.0,1162429855.75,195256847.2103895,4176.5776,0.015337942628309342,0.1191358024691358,0.10379785984082646,3.13493839438095,1.2151178009472956,0.018766756032132632,0.8636363636343961,0.3477345520561503,2.653608360743983,0.10379785984082646,0.6833333333333333,2.5813682852517545,2.259194962687592,1.169177818120458,1.2948379298304704,0.9575736302476582,1.5660755313259271,3.1012381830015383,2.4941786773368024,0.0,,,,,,,,,,,,,,,0.018731829573933552,0.1
2025-08-14,18.25,18.31,17.48,17.56,104283479.0,0.0,0.0,16.56433276183541,15.869351599747812,0.5628571428571428,0.032053368044254606,66.71386973737354,1.398316636600085,0.09638554216855671,18.19,18.31,18.31,1576281579.0,1190453107.55,211728181.89643177,4173.3131,0.014253186042317845,0.09339975093399744,0.0791465648916796,1.7689519459745544,1.2347381052295776,-1.119289340099539,0.09638554216855671,0.3352691107269127,1.8222820788152356,0.0791465648916796,0.7916666666666666,1.355287220593499,2.2201163678692977,0.2973424942675478,-1.265138506363344,0.9132704574369627,0.8079509474733053,2.2697954324544796,2.8723254629596178,1.0,,,,,,,,,,,,,,,0.018731829573933552,0.1
2025-08-15,17.49,18.44,17.48,18.14,101759227.0,0.0,0.0,16.714396308327277,15.943799088280672,0.6185714285714285,0.03409985824539109,71.29431569457354,1.3139282670804677,0.6874999999992835,18.31,18.44,18.44,1678040806.0,1225783591.95,230367394.545965,4202.3533,0.02372404025961794,0.0689451974071893,0.045221157147571356,2.3046710950791987,1.245769177902429,-0.27482678983788994,0.6874999999992835,0.2730213273092994,1.9631997615867531,0.045221157147571356,0.825,1.7945546108203585,2.1719644237054863,0.9536612800370531,0.7186015153990359,0.7824656617909305,0.9322497589796247,1.2339232679905772,2.8562430996050527,0.0,,,,,,,,,,,,,,,0.018731829573933552,0.1
2025-08-18,18.2,18.24,17.89,18.02,106316808.0,0.0,0.0,16.838739517058013,16.01187124932065,0.6199999999999999,0.03440621531631329,69.17340896673352,1.316859859928625,0.3714285714275096,18.44,18.44,18.44,1571723998.0,1253770930.15,236609225.6491385,4239.4125,0.028356967717681814,0.020963172804532526,-0.0073937949131492875,1.9052588434517448,1.3336584963484364,-0.67741935483762,0.3714285714275096,0.27525000854098036,1.3437898162157211,-0.0073937949131492875,0.8333333333333334,1.444251584388956,2.229416164422905,0.656552770210048,-0.3331073802578626,0.7931662672050059,0.3907917523457224,-0.33237836611423655,2.7375837685755933,1.0,,,,,,,,,,,,,,,0.018731829573933552,0.1
2025-08-19,18.03,19.0,17.98,18.66,143686479.0,0.0,0.0,17.01219289638582,16.098695142785544,0.6464285714285712,0.03464247435308342,73.6719242032228,1.6943403051159043,0.666666666666013,18.44,19.0,19.0,1715410477.0,1285826961.5,252984618.44660822,4223.3741,0.01919697288389477,0.042458100558659284,0.023261127674764515,2.549093861940646,1.4131456961750355,0.3403314917121791,0.666666666666013,0.5272934645526428,1.698061795763534,0.023261127674764515,0.8333333333333334,1.9575275990641963,2.2699816849605234,1.4262313088121148,0.6501838683451082,1.381115875508546,0.7097806948562001,0.613086859883269,2.6028827327493382,0.0,,,,,,,,,,,,,,,0.018910096325298137,0.1
2025-08-20,18.46,18.54,18.12,18.48,78754244.0,0.0,0.0,17.15198404911098,16.176770711874543,0.6357142857142853,0.034400123685836094,70.55347056880102,0.9158453578913717,0.8571428571408188,19.0,19.0,19.0,1636656233.0,1316696016.45,256222332.4906543,4271.3958,0.02270236760356159,0.01930501930501949,-0.003397348298542102,2.08901385532776,1.5340434518301842,-0.8179775280886008,0.8571428571408188,-0.08790775182295257,1.2487600649005508,-0.003397348298542102,0.8166666666666667,1.5498565027161875,2.358331540896858,0.5358735277870885,1.285886022097697,-0.09644017979741057,0.31068014525366394,-0.19126426877887948,2.4220373744377333,0.0,,,,,,,,,,,,,,,0.019221210801229977,0.1
2025-08-21,18.5,18.56,18.11,18.23,65090899.0,0.0,0.0,17.254652234909933,16.244089704927834,0.6242857142857138,0.03424496512812285,66.35252622889932,0.745093203479244,0.26666666666607675,19.0,19.0,19.0,1571565334.0,1342424620.45,254683263.70881677,4288.0707,0.027497960792828957,0.03815489749430534,0.010656936701476383,1.5623419578076747,1.6187500480236543,-1.2334096109820063,0.26666666666607675,-0.294245963086331,0.8997085643286714,0.010656936701476383,0.8083333333333333,1.0914922868499473,2.392029000024707,0.2135302273280839,-0.7017119666844408,-0.5829447458530669,-0.004978521018950183,0.24862701422377742,2.2949857315937994,1.0,,,,,,,,,,,,,,,0.019585844512397213,0.1
2025-08-22,18.25,18.86,18.18,18.73,87507739.0,0.0,0.0,17.39516154587089,16.32559496050397,0.648571428571428,0.03462741209671081,70.17717848089866,0.9837829582509464,0.8088235294105767,19.0,19.0,19.0,1659073073.0,1375313154.55,250952191.64613095,4377.9977,0.04179667616237781,0.0325248070562294,-0.009271869106148412,2.058120964513076,1.6491114752327998,-0.4162995594707235,0.8088235294105767,-0.01634997714240305,1.1307329758256564,-0.009271869106148412,0.825,1.479193277471045,2.3547494470049393,0.828962186850626,1.1067211044177296,0.08528078426112723,0.196516162925376,-0.37800852502562754,2.274915432487667,1.0,,,,,,,,,,,,,,,0.019763751007011915,0.1
2025-08-25,19.28,20.33,19.22,20.22,162979984.0,0.0,0.0,17.664193779597475,16.453280371634985,0.7335714285714279,0.03627949696198772,78.14838388817451,1.7149760073038918,0.9009009009000897,19.0,20.33,20.33,1822053057.0,1414284829.9,256715379.96200943,4469.2217,0.05420779412241661,0.12208657047724736,0.06787877635483075,3.4840591125206024,1.6507096116311362,1.6630963972713455,0.9009009009000897,0.5393990906097763,1.5884059114819857,0.06787877635483075,0.8666666666666667,2.575099444963597,2.2850509873085483,2.358175225065317,1.3920171069895109,1.3919954494423425,0.6037286980108282,1.9895175569100816,2.346350499712544,0.0,,,,,,,,,,,,,,,0.019815907580380383,0.1
2025-08-26,19.75,19.8,19.35,19.36,154039555.0,0.0,0.0,17.825699133921525,16.5485826545322,0.7785714285714278,0.04021546635182788,67.01462682573654,1.5390818097752392,0.022222222222168454,20.33,20.33,20.33,1668013502.0,1442904518.3,251446295.5184655,4452.5905,0.05427328826967992,0.037513397642015,-0.01675989062766492,1.9706616628505575,1.640333092791522,-1.2458715596314272,0.022222222222168454,0.4311860111926126,0.8952567117198539,-0.01675989062766492,0.9416666666666667,1.318287939150842,2.2061219569810504,0.1497239653276507,-1.538794785412492,1.1177996586037768,-0.025622908977853062,-0.649654378788901,2.522703537218494,0.0,,,,,,,,,,,,,,,0.019857530426970103,0.1
2025-08-27,19.47,19.78,18.89,18.9,129606312.0,0.0,0.0,17.928013502119477,16.625678305203277,0.8192857142857137,0.04334845049130532,61.932079123874466,1.278011207224909,0.011235955056164908,20.33,20.33,20.33,1538407190.0,1459890717.15,245785565.67780352,4386.1266,0.02686025959008509,0.022727272727272707,-0.004132986862812382,1.186382822171814,1.589598322302054,-1.7454228421949063,0.011235955056164908,0.24530512526345674,0.3194511143625331,-0.004132986862812382,0.9583333333333334,0.6723485080217599,2.0866645129530252,-0.23307695157400848,-1.5452379224115662,0.6590348611540312,-0.5406168320415992,-0.26559858392823094,2.4771411061671817,1.0,,,,,,,,,,,,,,,0.02001689903719906,0.1
2025-08-28,18.88,20.79,18.88,20.51,246738048.0,0.0,0.0,18.1739169781081,16.753033114868742,0.8671428571428567,0.042279027652014356,70.39514203639597,2.260770286411029,0.853403141360811,20.33,20.79,20.79,1785145238.0,1493824292.05,241460978.15141892,4463.782,0.040976773074193895,0.1250685682940209,0.08409179521982701,2.694000189987556,1.6385810613944047,0.20757825370651903,0.853403141360811,0.81570558990839,1.2064928593443955,0.08409179521982701,0.95,1.851650883832427,2.0871224323087803,1.232526455647037,1.2650400869491008,1.9883954806793958,0.2704769773223969,2.4254661069300703,2.3540393510520037,0.0,,,,,,,,,,,,,,,0.020251358905442052,0.1
2025-08-29,20.78,20.97,20.2,20.48,172651844.0,0.0,0.0,18.393543932573994,16.875228750446816,0.8399999999999993,0.04101562499999797,70.0824923397235,1.5110961279582673,0.3636363636358931,20.79,20.97,20.97,1612493394.0,1522640766.4,218413555.35211435,4496.7591,0.027126875831844366,0.09343299519487447,0.0663061193630301,2.483876270742291,1.8075180739587766,-0.3690476190471785,0.3636363636358931,0.41283530003489494,0.4113875965946547,0.0663061193630301,0.9333333333333333,1.649171510869445,2.21730272948837,0.7861182708331738,-0.37295830749325865,1.018587763452252,-0.4471600292558558,1.8421526642351442,2.217270546881809,1.0,,,,,,,,,,,,,,,0.020337375714476677,0.1
2025-09-01,20.8,21.15,20.37,20.71,143528866.0,0.0,0.0,18.614158796138376,17.0009589553502,0.8635714285714278,0.041698282403253795,71.14075048495661,1.2009372342850204,0.43589743589687824,20.97,21.15,21.15,1756022260.0,1556715255.55,198057326.23918852,4523.7111,0.012192145222959194,0.024233432245301723,0.012041287022342528,2.4269459763464676,1.8680560604638827,-0.30107526881685365,0.43589743589687824,0.18310228052070837,1.006309679296096,0.012041287022342528,0.9416666666666667,1.5717803219323732,2.2191528987699813,0.8239349927123857,-0.1300485815533252,0.4662127753788783,0.0902362026630077,0.20071599564905832,2.173578115823286,0.0,,,,,,,,,,,,,,,0.0204004929632002,0.1
2025-09-02,20.91,22.01,19.99,20.24,180921917.0,0.0,0.0,18.769000815553767,17.1071570223879,0.9764285714285708,0.04824251835121159,66.00287288759039,1.443718424948998,0.1237623762375623,21.15,22.01,22.01,1575100343.0,1578500131.15,173382644.0562785,4490.4528,0.008503431878588374,0.045454545454545414,0.03695111357595704,1.5065097719258351,1.7019614560569383,-0.9319678127276492,0.1237623762375623,0.3672220248836149,-0.019608584056986428,0.03695111357595704,0.9916666666666667,0.8397176212820949,1.9818477029390462,0.34347702634675076,-1.157504097824658,0.8869341744827579,-0.8337911341664529,0.9406584952367288,2.263153686481267,1.0,,,,,,,,,,,,,,,0.02058344856628873,0.1
2025-09-03,20.46,21.46,20.01,20.9,165648024.0,0.0,0.0,18.97195311883436,17.23151252985059,1.0207142857142852,0.04883800410115964,69.35037762483213,1.2649236686203627,0.6137931034478508,22.01,22.01,22.01,1740748367.0,1605923340.65,152209050.91513926,4459.8296,0.016803664536267693,0.10582010582010581,0.08901644128383812,1.8889192677601472,1.705120241130085,-1.087473757871576,0.6137931034478508,0.23501177934732045,0.8857884964092482,0.08901644128383812,0.9916666666666667,1.1210198245542216,1.9365307919313555,0.22379302994279424,0.48983214110112816,0.5646558095198612,-0.008531253695834956,2.42663267081958,2.190666350646731,1.0,,,,,,,,,,,,,,,0.0208118913735583,0.1
2025-09-04,21.58,21.68,18.82,19.29,210352581.0,0.0,0.0,19.002243297992994,17.299003922314505,1.1564285714285707,0.059949640820555254,55.098153332045264,1.510177571481972,0.1643356643356065,22.01,22.01,22.01,1530395786.0,1625011541.7,112395182.6312397,4365.2085,-0.022082955664053605,-0.059483178937103975,-0.03740022327305037,0.24883223150676917,1.4728444261567784,-2.3520691785032195,0.1643356643356065,0.4122272409207754,-0.8418132653463215,-0.03740022327305037,1.0,-0.15127950363265244,1.6507186930933195,-0.7197418274260825,-1.008698915412294,0.9711667784161973,-1.5457717189336584,-1.2679341496128436,2.149641592203287,1.0,,,,,,,,,,,,,,,0.02110289733778443,0.1
2025-09-05,19.29,20.17,19.29,20.1,138363468.0,0.0,0.0,19.106791555326996,17.390839859287798,1.194285714285714,0.05941719971570421,59.596907408243055,1.0067515947699555,0.9204545454534994,22.01,22.01,22.01,1668759254.0,1642245336.6,88901506.51813497,4460.3249,-0.008102324182765464,-0.0185546875,-0.010452363317234536,0.8316338651561264,1.4368016593617623,-1.599282296649379,0.9204545454534994,0.006728904825604635,0.29823923618877635,-0.010452363317234536,0.9916666666666667,0.3079184440670236,1.581730875816695,-0.13968245927066542,1.5088355605005361,0.02852638551436015,-0.5053938541277291,-0.4714266145774095,2.062939040133923,0.0,,,,,,,,,,,,,,,0.021490784251988373,0.1
2025-09-08,20.11,20.12,19.39,19.71,103291107.0,0.0,0.0,19.164239978629187,17.4668778966882,1.1735714285714283,0.05954192940494007,56.653701722004854,0.7669928977838877,0.4383561643829613,22.01,22.01,22.01,1565468147.0,1646384688.15,83114640.39084186,4467.5733,-0.012409678416466563,-0.04828585224529214,-0.035876173828825575,0.4650420145578142,1.4463219200945574,-1.9598295800348495,0.4383561643829613,-0.2652777373919276,-0.9735534049054977,-0.035876173828825575,0.9916666666666667,0.029400392664990328,1.5631039346715387,-0.4053728461518848,-0.10670311983325247,-0.6127841154198149,-1.6387561111353184,-1.1951725481388678,2.0075785879703134,0.0,,,,,,,,,,,,,,,0.02184763776844218,0.1
2025-09-09,19.68,20.18,19.32,19.8,109891014.0,0.0,0.0,19.224788552093074,17.54337370335416,1.1964285714285712,0.060425685425682364,57.17925134831423,0.8109421539739746,0.5581395348830728,22.01,21.68,21.68,1675359161.0,1651364112.85,81706228.5364717,4436.2584,-0.012068805177063768,-0.021739130434782483,-0.009670325257718715,0.48077374750389545,1.4053616646164253,-1.8471641791029347,0.5581395348830728,-0.209558554199781,0.2936746510003125,-0.009670325257718715,1.0,0.047600676621437396,1.494957329433663,-0.3158267554410863,0.28626371049388416,-0.4718947432176004,-0.46900095350999915,-0.41671471144683453,1.9803642533785084,1.0,,,,,,,,,,,,,,,0.022030325163434658,0.1
2025-09-10,20.01,20.86,19.8,20.39,129815820.0,0.0,0.0,19.335761070941352,17.63670571308025,1.2399999999999998,0.06081412457086508,60.555556813870666,0.9492140893886148,0.5566037735843811,22.01,21.68,21.68,1805174981.0,1657594609.0,88189245.92913337,4445.3649,-0.003243330193602123,-0.02440191387559798,-0.021158583681995857,0.850192684724031,1.3702059337578485,-1.3064516129021733,0.5566037735843811,-0.05212091109557236,1.6734508889960553,-0.021158583681995857,1.0,0.3373227032004078,1.4359737429807868,0.09360232688915598,0.2740785733595368,-0.09488791566054768,0.8086146750276264,-0.7438139918286412,1.931470633796862,1.0,,,,,,,,,,,,,,,0.02232516931941749,0.1
2025-09-11,20.45,21.09,20.03,20.95,134243058.0,0.0,0.0,19.489498111804078,17.745338312651388,1.2671428571428567,0.06048414592567047,63.49747807599158,0.9709510300119689,0.8679245283010673,22.01,21.09,21.09,1939418039.0,1675751432.0,105301019.55135618,4548.0345,0.041882535507754115,0.08605495075168479,0.044172415243930674,1.1525945002664468,1.3764507997811952,-0.8365276211943813,0.8679245283010673,-0.02947924449401794,2.503932137821397,0.044172415243930674,0.9916666666666667,0.576626913520416,1.4214217394421809,0.4498508801237505,1.3095063443937427,-0.03484819641809273,1.5675353415179232,1.1733467526272847,1.8626621538869335,0.0,,,,,,,,,,,,,,,0.022763279825425285,0.1
2025-09-12,20.85,21.14,20.5,20.56,103425162.0,0.0,0.0,19.591450672584642,17.837622302400522,1.1985714285714284,0.058296275708724234,60.133721494345465,0.7476014421726426,0.09374999999985144,22.01,21.14,21.14,1835992877.0,1683649035.55,110948350.82073532,4521.998,0.013827042061442585,0.022885572139303312,0.009058530077860727,0.8080864471873468,1.463265624705435,-1.2097735399274794,0.09374999999985144,-0.29088527433270955,1.37310595716875,0.009058530077860727,0.95,0.316880248280603,1.48795060729585,0.17347836352429952,-1.2674162845148114,-0.6597051407545477,0.5391902089194012,0.1581958535116437,1.7054647714014424,0.0,,,,,,,,,,,,,,,0.02304986152017971,0.1
2025-09-15,20.57,20.63,20.01,20.08,79971166.0,0.0,0.0,19.637979179957533,17.911142882649685,1.1807142857142856,0.058800512236764295,56.18845377920878,0.5836230859837885,0.1129032258062647,22.01,21.14,21.14,1756021711.0,1692863921.2,108904324.69998391,4533.0557,0.014657263709584756,0.01877219685438858,0.004114933144803823,0.37436730070110547,1.462535279025372,-1.6346037507548192,0.1129032258062647,-0.5384999052272964,0.5799383079964067,0.004114933144803823,0.95,-0.012342465921260714,1.4674761721825447,-0.1451731833169062,-1.1858042738359802,-1.258365796854406,-0.18539940431310523,0.030510388640252344,1.672763309033674,0.0,,,,,,,,,,,,,,,0.023943431171670707,0.1
2025-09-16,20.09,20.21,19.53,20.14,96193182.0,0.0,0.0,19.685790686628245,17.98422016518576,1.1657142857142855,0.05788055043268261,56.57200456480422,0.7143905108342938,0.8970588235280921,22.01,21.14,21.14,1852214893.0,1699704142.0,114269779.7736781,4523.3367,0.019628770948058483,0.01717171717171717,-0.0024570537763413114,0.38964034235288764,1.459680594373428,-1.6041666666652916,0.8970588235280921,-0.33632553221481926,1.3346551581884702,-0.0024570537763413114,0.9333333333333333,0.002927486949031654,1.445551504127221,-0.12263859520778111,1.409463026045242,-0.738984719920397,0.528053319599776,-0.1603419022720695,1.5959166072169502,0.0,,,,,,,,,,,,,,,0.02483481047036744,0.1
2025-09-17,20.08,20.28,19.8,20.2,66740415.0,0.0,0.0,19.73476300218746,18.056868684359998,1.0635714285714284,0.05265205091937504,56.97761901730665,0.4978769936000761,0.8333333333315935,21.68,21.14,21.14,1918955308.0,1713819095.75,122732034.93104263,4551.023,0.023768150056703075,-0.009318293281020185,-0.03308644333772326,0.4374290107031179,1.5776037911056002,-1.391537944928175,0.8333333333315935,-0.6974022332702666,1.6714153917944603,-0.03308644333772326,0.925,0.04158146515238292,1.5407556782545508,0.03656475757487608,1.1784505511836376,-1.617813944387394,0.8413956510511816,-1.0764975009311002,1.5457351891018642,1.0,,,,,,,,,,,,,,,0.025001736612953337,0.1
2025-09-18,20.34,22.22,20.33,22.22,189319721.0,0.0,0.0,19.971452240074367,18.193364793069506,1.1528571428571426,0.05188375980454954,67.86094322571165,1.3497630471330404,0.9999999999994709,21.68,22.22,22.22,2108275029.0,1740654580.5,145296168.8543522,4498.109,-0.010977379349255023,0.060620525059665864,0.07159790440892089,1.9504131746549906,1.5423311188380708,0.46840148698844064,0.9999999999994709,0.2999290564025952,2.530145504858494,0.07159790440892089,0.9166666666666666,1.2302274740085122,1.4852928744464031,1.439151196604782,1.7004024585231445,0.8456958351908058,1.6193774348079615,2.062876228067685,1.4979022009159597,1.0,,,,,,,,,,,,,,,0.025698850230112015,0.1
2025-09-19,23.2,23.85,22.69,22.9,296449672.0,0.0,0.0,20.250361550543474,18.347680701493456,1.2135714285714287,0.05299438552713432,70.56076942041666,1.9670395625302357,0.18103448275846226,22.22,23.85,23.85,2404724701.0,1777937161.9,203562434.98408675,4501.9195,-0.0044401832995060175,0.11381322957198448,0.1182534128714905,2.1833395110277087,1.5678358968027248,0.5603296056499205,0.18103448275846226,0.6765296523364481,3.0790923637212253,0.1182534128714905,0.925,1.3928484205582192,1.489434748127012,1.4810235185792606,-0.9901876947770593,1.7395130373362235,2.077120820079434,3.2771992832934673,1.4975236424126133,0.0,,,,,,,,,,,,,,,0.027420319694722826,0.1
2025-09-22,22.68,23.06,21.97,22.87,170396943.0,0.0,0.0,20.499850926682193,18.495953465378914,1.147142857142857,0.0501592854019592,70.28026925483113,1.127863560810721,0.82568807339374,23.85,23.85,23.85,2234327758.0,1798550896.95,226561353.8632328,4522.608,-0.002304780856762889,0.13894422310756993,0.14124900396433282,2.06613244249193,1.746859555306441,-0.8542963885422196,0.82568807339374,0.12032518903192799,1.9234386342564993,0.14124900396433282,0.9,1.2782257189147965,1.6358969530317136,0.40131799933519324,1.111071096352902,0.36821969528521376,1.009484629397358,3.7142275498662576,1.406978201629953,0.0,,,,,,,,,,,,,,,0.028511289618794296,0.1
2025-09-23,23.1,23.3,21.56,22.04,161644551.0,0.0,0.0,20.6465317908077,18.61215171241567,1.167857142857143,0.05298807363235436,62.8375662181322,1.0672450245575662,0.27586206896535864,23.85,23.85,23.85,2072683207.0,1818784382.2,232004479.9904303,4519.7781,-0.0007867201218957343,0.09433962264150941,0.09512634276340515,1.193183787686574,1.7419768255329675,-1.549847094799898,0.27586206896535864,0.06508058471727765,1.094370353583141,0.09512634276340515,0.9166666666666666,0.5853518997900387,1.6042327447679539,-0.1341984293049684,-0.7050909612267832,0.22230988840460808,0.2520936505424302,2.374309160567971,1.4324408177149635,1.0,,,,,,,,,,,,,,,0.02896093303389204,0.1
2025-09-24,21.88,22.84,21.58,22.61,141738777.0,0.0,0.0,20.833528763111726,18.743228705451223,1.0535714285714288,0.0465975864029802,65.5367643844433,0.9320855965144269,0.8174603174596685,23.85,23.85,23.85,2214421984.0,1852585121.9,237864406.40408546,4566.0708,0.0033064653815197964,0.11930693069306941,0.11600046531154962,1.6861421909432008,1.9840136140487632,-1.1769491525412572,0.8174603174596685,-0.07033062676006459,1.5211896036488508,0.11600046531154962,0.8416666666666667,0.9556807807265747,1.7980804566840878,0.14067302017142055,1.068009869334693,-0.13065096548280847,0.6326962668711638,2.813008954662404,1.209907346050066,1.0,,,,,,,,,,,,,,,0.03072213749309017,0.1
2025-09-25,22.62,23.0,22.1,22.93,141080468.0,0.0,0.0,21.03319269043442,18.880499895436426,1.055,0.04600959441779128,66.98647822054723,0.9611473758340383,0.9222222222211971,23.85,23.85,23.85,2355502452.0,1881102982.6,261122753.89897904,4593.4875,0.021204132669973008,0.031953195319532,0.010749062649558994,1.797921620439605,2.040467104261566,-0.8720379146911181,0.9222222222211971,-0.03962752502261016,1.8167680231479626,0.010749062649558994,0.825,1.0257038625468682,1.8129489874013907,0.36105221365388807,1.387052600394186,-0.06245393851828796,0.8879778405101644,0.06594907730534577,1.1511154579163891,0.0,,,,,,,,,,,,,,,0.03307661314482285,0.1
2025-09-26,22.73,23.56,22.63,22.78,136834221.0,0.0,0.0,21.199555291345426,19.008352357881133,1.0692857142857142,0.04693967139094237,65.59359837261036,0.9437330532556869,0.16129032258047407,23.85,23.56,23.56,2218668231.0,1911411724.45,263356093.65122268,4550.0487,0.010690817550158327,-0.00524017467248894,-0.015930992222647267,1.478037803683591,2.0492211802586113,-1.0006680026710753,0.16129032258047407,-0.05791193539529432,1.1666960209279116,-0.015930992222647267,0.85,0.7680943327285302,1.7819177864840694,0.24338798704771333,-1.116040500084947,-0.11165449752451402,0.29189310348001907,-0.6540309887760949,1.206478100550685,1.0,,,,,,,,,,,,,,,0.03417241168675697,0.1
2025-09-29,22.7,23.5,22.66,23.13,113962708.0,0.0,0.0,21.38340716836015,19.143488346147322,1.0678571428571428,0.04616762398863367,67.302071746161,0.794086640852322,0.5595238095231422,23.85,23.56,23.56,2332630939.0,1940242158.4,276023957.6444216,4620.0528,0.02154615213169042,0.011368605159597589,-0.010177546972092832,1.6356053272866204,2.097582843541822,-0.6742474916381668,0.5595238095231422,-0.23056270422673403,1.421575083368239,-0.010177546972092832,0.8333333333333334,0.8858585303861454,1.7854781386783798,0.4972866649877894,0.20017273392133872,-0.5491689958847307,0.5141911380253527,-0.5199890726564892,1.1481604309637377,0.0,,,,,,,,,,,,,,,0.034322544406979474,0.1
2025-09-30,23.2,23.69,22.79,22.97,116902832.0,0.0,0.0,21.534511247563948,19.268947744634296,1.0564285714285717,0.04599166614839033,65.69607375718661,0.8331560745856746,0.199999999999777,23.85,23.69,23.69,2215728107.0,1972273546.6,268870625.9333514,4640.6935,0.026752508049012302,0.04219600725952821,0.01544349921051591,1.3588128826291872,2.1445496308982483,-0.8329952670715598,0.199999999999777,-0.18253428991723145,0.9054710218153339,0.01544349921051591,0.825,0.6462473071550732,1.7865536674437315,0.3489740574208254,-0.970298638428104,-0.43004282317910236,0.04289305392892814,0.15932635689335148,1.1137697191916442,1.0,,,,,,,,,,,,,,,0.03440316950107469,0.1
2025-10-09,22.99,24.48,22.98,24.11,147279294.0,0.0,0.0,21.779795890653094,19.427670769400383,1.088571428571429,0.04515020442021501,71.00502621664809,1.0565622644998371,0.7533333333328304,23.85,24.48,24.48,2363007401.0,2003386498.3,276182638.0053228,4709.482,0.03140801058100107,0.06634232640424598,0.03493431582324491,2.1406074495293104,2.1607448620411875,0.23884514435673404,0.7533333333328304,0.05502049102725379,1.3021126356721566,0.03493431582324491,0.825,1.2731168469170606,1.7606575225822076,1.253526665280922,0.8476399381929407,0.16197578119799524,0.39779419936333366,0.6750506047304036,1.102696609249145,0.0,,,,,,,,,,,,,,,0.03451681370651205,0.1
2025-10-10,23.81,23.81,22.46,22.56,129935734.0,0.0,0.0,21.854101043924228,19.530370088436435,1.160714285714286,0.051450101317120335,57.88726878136828,0.9598280834583794,0.07407407407401774,24.48,24.48,24.48,2233071667.0,2038520292.35,257864730.41338128,4616.8341,0.005082543492281211,-0.016136066288704787,-0.021218609780985997,0.6081591006186016,2.001983592418527,-1.654153846152422,0.07407407407401774,-0.04100109028779947,0.754470665058056,-0.021218609780985997,0.8916666666666667,-0.00997282532692016,1.5882970621043626,-0.39974550283113497,-1.374957949879984,-0.1002396654980472,-0.10161875528728324,-0.8567889021788268,1.2711426714546632,0.0,,,,,,,,,,,,,,,0.034634943224897116,0.1
2025-10-13,21.1,22.29,21.1,22.15,90777827.0,0.0,0.0,21.882281896883825,19.6162595937336,1.2207142857142859,0.05511125443405106,54.99315259000784,0.6825673368495461,0.8823529411757284,24.48,24.48,24.48,2142293840.0,2062197021.65,244204663.8914381,4593.9785,0.009654797760735967,-0.02765583845478503,-0.037310636215521,0.21931266492822477,1.856308498775727,-1.9087185488574194,0.8823529411757284,-0.3818940947391853,0.3279905349621299,-0.037310636215521,0.925,-0.3451987800217749,1.4342582727778705,-0.6397190042169786,1.2538350011543533,-1.0046793947984796,-0.4862616457675419,-1.275362993344549,1.3456903759518741,0.0,,,,,,,,,,,,,,,0.03546098565753557,0.1
2025-10-14,22.26,22.54,20.76,20.83,115496198.0,0.0,0.0,21.78206457337108,19.65605436115217,1.2992857142857144,0.0623756943968148,46.86875643317827,0.8644605476358285,0.039325842696605336,24.48,24.48,24.48,2026797642.0,2085263496.4,216401323.16454405,4539.0644,-0.017529756369883964,-0.09943795936013833,-0.08190820299025436,-0.732759979504392,1.6362915322178038,-2.8092358438680973,0.039325842696605336,-0.14564961094892942,-0.27017327595332996,-0.08190820299025436,1.0,-1.154800993508045,1.223170994361862,-1.4502529689470829,-1.4776194787810193,-0.4134908433672755,-1.021457197253982,-2.402605097984832,1.5280511325146726,1.0,,,,,,,,,,,,,,,0.0382474816569078,0.1
2025-10-15,20.97,21.79,20.84,21.75,82249122.0,0.0,0.0,21.779010804478595,19.72470831652423,1.3335714285714286,0.06131362889983299,52.17223855081862,0.6220492601106218,0.9578947368410978,24.48,24.48,24.48,2109046764.0,2106947876.55,194901319.40748036,4606.2879,-0.007413891910767245,-0.05311275576839347,-0.045698863857626226,-0.021754218677023526,1.540451785288675,-2.0471344402769867,0.9578947368410978,-0.47473599305949293,0.010768975070978877,-0.045698863857626226,0.9916666666666667,-0.5706380939338691,1.121934419101998,-0.7887212787056003,1.470143855427854,-1.3181504958582106,-0.7696312144487552,-1.4359309796390038,1.484474390310093,0.0,,,,,,,,,,,,,,,0.040615545675912926,0.1
2025-10-16,21.88,21.88,21.3,21.38,48632480.0,0.0,0.0,21.741009775480634,19.778980174998843,1.2307142857142856,0.0575638113056234,50.01017678006957,0.3794560308281044,0.13793103448251828,24.48,23.81,23.81,2060414284.0,2119709841.7,182698060.44300476,4618.4218,-0.019335502290910078,-0.11323102447117384,-0.09389552218026376,-0.29333353782500227,1.594220220935738,-2.518862449214437,0.13793103448251828,-0.9690165496543417,-0.32455493811056707,-0.09389552218026376,0.9083333333333333,-0.8213284169955934,1.1482620930984007,-1.2325161328886318,-1.1547698344896777,-2.66472510282304,-1.077696241085633,-2.6315323818352634,1.245445388742554,0.0,,,,,,,,,,,,,,,0.041356953701625884,0.1
2025-10-17,21.79,21.87,20.32,20.4,70825397.0,0.0,0.0,21.613294558768192,19.799341480736583,1.2249999999999999,0.0600490196078402,44.72360139549225,0.5666358436896604,0.05161290322577203,24.48,22.54,22.54,1989588887.0,2122218384.1,180536990.50672254,4514.2345,-0.022222934109761616,-0.0957446808510638,-0.07352174674130219,-0.9904445377691456,1.4807780228817375,-3.3306122448952418,0.05161290322577203,-0.5680384325741534,-0.7346389054550085,-0.07352174674130219,0.9583333333333334,-1.4231046013899717,1.03413935403027,-1.9451858367397414,-1.4047121658629051,-1.5718050929939908,-1.4389406360342574,-2.0599659951232385,1.3634278914807942,0.0,,,,,,,,,,,,,,,0.041988655027634075,0.1
2025-10-20,20.76,21.17,20.51,20.6,50142165.0,0.0,0.0,21.516790315075983,19.825592579728823,1.2021428571428572,0.05835644937586402,45.978676918086634,0.409897171291002,0.13636363636342952,24.48,22.54,22.54,2039731052.0,2132405292.85,169510435.61816424,4538.2201,-0.012137279266762002,-0.0699774266365687,-0.057840147369806694,-0.7626300897833077,1.4068192688556471,-3.2275698158024237,0.13636363636342952,-0.8918489524690603,-0.5467170237162036,-0.057840147369806694,0.9166666666666666,-1.222900647678969,0.9551694771781056,-1.8092078859668268,-1.1159592079210425,-2.4221127905732684,-1.2571335669505754,-1.6373279608890976,1.2381197095038965,1.0,,,,,,,,,,,,,,,0.042813739071659834,0.1
2025-10-21,20.77,21.14,20.7,20.99,63819447.0,0.0,0.0,21.46661980887827,19.86376987219673,1.1164285714285713,0.05318859320764737,48.43726277232534,0.5251719184139392,0.6590909090894074,24.48,21.88,21.88,2103550499.0,2149781732.25,146254049.7194266,4607.8715,0.015158872828506142,0.0076812289966394776,-0.007477643831866665,-0.426914736039017,1.4356941211466068,-3.126039667303664,0.6590909090894074,-0.6440296063494324,-0.3161022435870315,-0.007477643831866665,0.875,-0.9349421485410608,0.9635845207117194,-1.681727382105413,0.536356335303566,-1.7550482760480421,-1.0452206011849579,-0.3750490470884365,1.115874010945888,0.0,,,,,,,,,,,,,,,0.044249327455760164,0.1
2025-10-22,21.3,21.36,20.62,20.94,53833578.0,0.0,0.0,21.416465541366055,19.8990561058952,1.079285714285714,0.05154182016645952,48.134801740126804,0.45085586675938066,0.43243243243184937,24.48,21.88,21.88,2049716921.0,2159656833.65,131780410.39219522,4592.57,-0.0029780813309564502,-0.03724137931034477,-0.03426329797938832,-0.4414637709542402,1.4059385901106758,-3.2799470549274705,0.43243243243184937,-0.7966075764572929,-0.8342659756697142,-0.03426329797938832,0.8333333333333334,-0.9433620123472095,0.9227586387492334,-1.77703837972429,-0.1701001853412992,-2.1143385803614967,-1.4826595612075157,-1.0281682654994129,0.9906601590702547,0.0,,,,,,,,,,,,,,,0.04557093528430267,0.1
2025-10-23,20.71,21.06,20.22,21.04,53663939.0,0.0,0.0,21.38061168028357,19.936464102423226,1.0749999999999997,0.051093155893533686,48.82310284590172,0.451909694822781,0.9761904761893145,24.48,21.87,21.87,2103380860.0,2168878111.25,120592423.64493738,4606.3447,-0.002614984192219172,-0.015902712815715647,-0.013287728623496475,-0.3168480746820984,1.3433930956827929,-3.199999999997025,0.9761904761893145,-0.7942729093257159,-0.5431290728748004,-0.013287728623496475,0.8166666666666667,-0.8382845030000322,0.8549749824599635,-1.670683230694115,1.539277817561088,-2.066582216970216,-1.2116311292725817,-0.4962038890758887,0.9332244793642686,1.0,,,,,,,,,,,,,,,0.0460006302830908,0.1
2025-10-24,21.3,21.5,21.15,21.46,69805903.0,0.0,0.0,21.388172472637518,19.98641609906509,1.0414285714285714,0.048528824390891095,51.72107362692213,0.6189917323424317,0.885714285711758,23.81,21.5,21.5,2173186763.0,2172123697.95,119788523.45954502,4660.6835,0.032441602225139254,0.05196078431372553,0.019519182088586273,0.06897019088297675,1.3459937743480903,-2.2565157750321245,0.885714285711758,-0.4796633628610017,0.008874515014447183,0.019519182088586273,0.7916666666666666,-0.5021963035565776,0.842706802134646,-0.8418514656300317,1.2373942220281957,-1.2257477504842853,-0.7125971175520232,0.3267091174064341,0.85220844543376,1.0,,,,,,,,,,,,,,,0.04608860920321248,0.1
2025-10-27,21.75,22.46,21.73,21.89,98562054.0,0.0,0.0,21.435965570481564,20.048828685980986,1.0528571428571427,0.04809763101220167,54.558204579869766,0.9580369145606512,0.21917808219148066,22.54,22.46,22.46,2271748817.0,2165474903.75,109982638.51443563,4716.0186,0.03917802488248667,0.06262135922330092,0.023443334340814248,0.43124029940651826,1.3174977193344397,-0.617367706919358,0.21917808219148066,-0.042868968809339006,0.9662789935345218,0.023443334340814248,0.775,-0.19204876835680262,0.8043899545024802,0.578445425367432,-0.864987680129905,-0.09605391503019872,0.13176788536596215,0.42428780255794546,0.793928877148847,0.0,,,,,,,,,,,,,,,0.046382605195806934,0.1
2025-10-28,22.01,22.08,21.3,21.52,86998627.0,0.0,0.0,21.44396884948332,20.09706381103079,1.0442857142857138,0.04852628783855322,51.74065447470981,0.8813623121446752,0.2820512820509199,22.54,22.46,22.46,2184750190.0,2162996025.35,108956766.62124942,4691.973,0.018251702548562676,0.0252501191043355,0.006998416555772824,0.07280684727992523,1.2897859465333354,-0.9767441860455762,0.2820512820509199,-0.12628648657095662,0.19965868412396026,0.006998416555772824,0.7833333333333333,-0.5023443915436365,0.7669826753486314,0.26613767319182774,-0.6587843282261724,-0.32758708699196654,-0.5430969631006403,0.01627216237642912,0.8020518915295224,1.0,,,,,,,,,,,,,,,0.04676862889696129,0.1
2025-10-29,21.68,22.74,21.6,22.48,119506165.0,0.0,0.0,21.54263848286586,20.175192866406828,1.023571428571428,0.04553253685815758,57.82631007315871,1.2370938073318112,0.7719298245607275,22.46,22.74,22.74,2304256355.0,2174574682.75,111028894.72608562,4747.8378,0.03380847760622063,0.07354345749761215,0.03973497989139152,0.9157753831029404,1.3359552428756296,0.019539427773881412,0.7719298245607275,0.2127649250797711,1.1679993083776237,0.03973497989139152,0.7166666666666667,0.21798877456432955,0.7925633758240542,1.113046705940663,0.8691191100263043,0.5544608559549978,0.3012304226862784,0.8246740126701441,0.6110652426577853,0.0,,,,,,,,,,,,,,,0.04676862889696129,0.1
2025-10-30,22.48,23.08,22.19,22.53,119914233.0,0.0,0.0,21.636672913069113,20.252399657672175,0.9692857142857135,0.043022002409483825,58.12251345014598,1.2555002339225014,0.38202247190968425,22.74,23.08,23.08,2424170588.0,2185062112.95,123502812.5061502,4709.911,0.022483402078007808,0.07081749049429664,0.048334088416288834,0.9216344301414551,1.4281374779319933,-0.2166543846718446,0.38202247190968425,0.22753408593368635,1.9360569220890662,0.048334088416288834,0.6916666666666667,0.2210035524965044,0.857192010257397,0.906314101472364,-0.356008990402145,0.5841874828701886,0.9666280263340842,1.0314832804023086,0.5316669629748163,0.0,,,,,,,,,,,,,,,0.04676862889696129,0.1
2025-10-31,22.6,23.1,22.3,22.36,88911172.0,0.0,0.0,21.70556120706253,20.321501308240297,0.9221428571428566,0.041240736008176,56.66528028556507,0.9570358585705346,0.07499999999990459,23.08,23.1,23.1,2335259416.0,2184049961.15,122177683.22841848,4640.6676,-0.004294627601295065,0.04193849021435225,0.04623311781564732,0.7096935012482293,1.5009170087908803,-0.7807900852044197,0.07499999999990459,-0.04391441846048351,1.2376192677291546,0.04623311781564732,0.6666666666666666,0.03640045849039654,0.9046845005885653,0.4232549316469342,-1.316787505150455,-0.13279037098231164,0.3435125731206171,0.9648511875317345,0.4521663857295982,0.0,,,,,,,,,,,,,,,0.04676862889696129,0.1
2025-11-03,22.15,22.23,21.48,22.01,71270324.0,0.0,0.0,21.73455537781848,20.376861921084878,0.8578571428571424,0.03897579022522051,53.68119883889521,0.7952106382538933,0.706666666665726,23.1,23.1,23.1,2263989092.0,2186316004.2,123214623.03493698,4653.4028,-0.013277258914967116,0.005481955230699054,0.01875921414566617,0.3210844888040631,1.582656818838326,-1.2706078268095102,0.706666666665726,-0.22914824564337669,0.630388551998218,0.01875921414566617,0.6416666666666667,-0.29632937627221556,0.9592563097506727,0.00809518584081677,0.681545211583242,-0.6206475271695638,-0.18942059995718352,0.28053592773756153,0.37240927619070247,0.0,,,,,,,,,,,,,,,0.04676862889696129,0.1
2025-11-04,22.03,22.03,20.9,21.12,79679401.0,0.0,0.0,21.67602629421672,20.401227104000128,0.8699999999999998,0.04119318181817986,46.91544603121642,0.9063716753828284,0.19469026548655505,23.1,23.1,23.1,2184309691.0,2178899941.8,118560716.95750381,4618.699,-0.015616884410886489,-0.018587360594795488,-0.002970476183908999,-0.6391106830069871,1.4652864255346274,-2.2758620689629026,0.19469026548655505,-0.09830581933425732,0.045628512873609285,-0.002970476183908999,0.6583333333333333,-1.1166902496790951,0.8431028341734872,-0.8494985090560214,-0.9306322141317146,-0.2778638289069705,-0.7065190819100058,-0.25921186002270835,0.40621721686163226,1.0,,,,,,,,,,,,,,,0.04676862889696129,0.1
2025-11-05,20.77,22.08,20.66,21.68,77809833.0,0.0,0.0,21.676404742386556,20.443154084196845,0.9299999999999997,0.04289667896678768,51.09234051049746,0.9052323825483635,0.7183098591544244,23.1,23.1,23.1,2262119524.0,2181219512.65,119706818.73655471,4627.257,-0.025396992289837828,-0.03558718861209964,-0.010190196322261813,0.0038658684015486907,1.3260759765466505,-1.5268817204284681,0.7183098591544244,-0.0995635919470676,0.6758179041416258,-0.010190196322261813,0.6833333333333333,-0.5551069944472437,0.709386523913669,-0.19402297753751396,0.7258293328344407,-0.2820068930400539,-0.1472800741615594,-0.4352055878793864,0.4630991925929838,1.0,,,,,,,,,,,,,,,0.04676862889696129,0.1
2025-11-06,21.71,22.5,21.7,22.23,93781744.0,0.0,0.0,21.729128100254503,20.501739196190393,0.8778571428571426,0.039489750016064015,54.849880259692874,1.1260912598353747,0.6624999999991728,23.1,23.1,23.1,2355901268.0,2180864206.0,119176088.93683787,4693.4032,-0.0035049069929347088,-0.013315579227696439,-0.00981067223476173,0.5705619687899904,1.3981647401853519,-0.99104963384753,0.6624999999991728,0.11875257424446985,1.4687263490646005,-0.00981067223476173,0.625,-0.06680233447777323,0.758655159872681,0.2748249603240132,0.5376109882709247,0.2890056791761087,0.5424753898450493,-0.4278671223030232,0.28905764606252227,0.0,,,,,,,,,,,,,,,0.04676862889696129,0.1
2025-11-07,21.98,22.17,21.7,21.97,48259171.0,0.0,0.0,21.752068281182645,20.549878894675953,0.8607142857142852,0.03917679953182732,52.78528504409219,0.6093565181856334,0.5744680851051569,23.1,22.5,22.5,2307642097.0,2184592727.5,121886787.77793022,4678.7944,0.008215800674885587,-0.01744186046511631,-0.025657661140001897,0.25319867746385194,1.3967345569356138,-1.3128630705378976,0.5744680851051569,-0.49535176682123105,1.0095382095407086,-0.025657661140001897,0.6166666666666667,-0.33764874193699645,0.7442196095122842,-0.0017597296140042617,0.2564103326507349,-1.3146285239869542,0.1352399069611361,-0.8197305963312634,0.25373178650785694,0.0,,,,,,,,,,,,,,,0.04676862889696129,0.1
2025-11-10,22.02,22.29,21.23,21.36,65356467.0,0.0,0.0,21.714728444879537,20.576440242391495,0.8978571428571424,0.04203451043338485,48.201146143972665,0.8387005003768261,0.12264150943384576,23.1,22.5,22.5,2242285630.0,2189592317.0,122099782.53629504,4695.0507,0.00894998816779835,-0.029532030895047745,-0.038482019062846096,-0.39508339127350794,1.2677832008603693,-1.9379474940312578,0.12264150943384576,-0.17590160838192645,0.431559433648758,-0.038482019062846096,0.6666666666666666,-0.9008765254194385,0.6197327870243443,-0.5477132329693633,-1.183310755423323,-0.4735810408063226,-0.3833069760134671,-1.141317014958536,0.3840822856121572,0.0,,,,,,,,,,,,,,,0.04676862889696129,0.1
2025-11-11,21.46,21.69,20.9,20.96,56270690.0,0.0,0.0,21.642849545367202,20.58901597214915,0.9014285714285712,0.04300708833151375,45.415875344334815,0.7506302081618913,0.07594936708851407,23.1,22.5,22.5,2186014940.0,2197553181.9,116277754.0905685,4652.1655,0.007245871618826172,-0.007575757575757569,-0.01482162919458374,-0.75751930547783,1.1690705249632636,-2.3740095087136908,0.07594936708851407,-0.286842147738133,-0.09923000310973484,-0.01482162919458374,0.6833333333333333,-1.2140981319967064,0.5220314788187208,-0.9270103160962512,-1.324478156424401,-0.7692679181647859,-0.8702472440894498,-0.5590543941579896,0.42020068962678375,0.0,,,,,,,,,,,,,,,0.04676862889696129,0.1
2025-11-12,20.97,21.07,20.37,20.57,50906205.0,0.0,0.0,21.540673398189373,20.588392497652453,0.8914285714285712,0.04333634280158133,42.81795809898821,0.6935691249953817,0.28571428571387686,23.1,22.5,22.5,2135108735.0,2198856280.45,115421463.24437921,4645.9079,0.00403066006491537,-0.05119926199261993,-0.0552299220575353,-1.0888964402753187,1.0682638307293209,-2.8381410256378437,0.28571428571387686,-0.36590436864242804,-0.5523023505171529,-0.0552299220575353,0.6916666666666667,-1.496151826099459,0.4225558282481755,-1.326902494046248,-0.6483437390924,-0.9731526898818196,-1.310249529927564,-1.553615815269261,0.43218451549966536,0.0,,,,,,,,,,,,,,,0.04676862889696129,0.1
2025-11-13,20.6,20.9,20.5,20.72,35520342.0,0.0,0.0,21.462514026933242,20.59270749772942,0.8871428571428568,0.042815774958630023,44.14144204850583,0.4883068754973122,0.5499999999986241,23.1,22.29,22.29,2170629077.0,2204367020.1,111235225.34548485,4702.0738,0.0018474014761826751,-0.06792622582096275,-0.06977362729714542,-0.8369723330961103,0.9804582454782425,-2.6827697262449672,0.5499999999986241,-0.7168112275358464,-0.30330269026932266,-0.06977362729714542,0.6583333333333333,-1.277018070047007,0.33405444357221853,-1.1927731713290188,0.19932819656005119,-1.8657759675737955,-1.1012163825981542,-1.8850454205773874,0.3240217908526119,0.0,,,,,,,,,,,,,,,0.04676862889696129,0.1
2025-11-14,20.52,20.64,20.3,20.3,37203679.0,0.0,0.0,21.35179840532055,20.58311053059075,0.8457142857142852,0.04166080225193318,41.26172935841967,0.5235474627180987,0.0,23.1,22.29,22.29,2133425398.0,2211558845.65,101324756.93201569,4628.1398,-0.010826421438821954,-0.07601274465179786,-0.0651863232129759,-1.2436805468302619,0.9089214734969997,-3.310810810806899,0.0,-0.6471275885633437,-0.7711190237784048,-0.0651863232129759,0.625,-1.625800303626767,0.2593306810359747,-1.739160341293803,-1.5441105861092912,-1.6627389712942622,-1.56872705517076,-1.7524097940786791,0.2147438910816781,0.0,,,,,,,,,,,,,,,0.04676862889696129,0.1
2025-11-17,20.3,20.44,19.85,20.13,43481102.0,0.0,0.0,21.235436652432877,20.56825444762056,0.8321428571428567,0.041338442977785175,40.120805654902476,0.6147676181168489,0.47457627118563234,22.5,21.69,21.69,2089944296.0,2214069507.85,97589283.95805974,4598.0525,-0.020659670405689168,-0.057584269662921406,-0.03692459925723224,-1.3284217282439235,0.8017640229494606,-2.8480686695244772,0.47457627118563234,-0.48651093930202877,-1.2719143620660678,-0.03692459925723224,0.6166666666666667,-1.7045184602827668,0.15187258983091786,-1.3627983008150921,-0.04902522310417685,-1.237936399539532,-2.086548193591546,-1.0607134317626403,0.17745634043173386,0.0,,,,,,,,,,,,,,,0.04676862889696129,0.1
2025-11-18,20.0,20.28,19.94,20.01,30537619.0,0.0,0.0,21.118728399820224,20.54995102310841,0.769285714285714,0.03844506318269243,39.294840520245835,0.44216654673568734,0.20588235294057186,22.5,21.07,21.118728399820224,2059406677.0,2211862316.75,100519170.5465299,4568.1928,-0.018050239184311145,-0.04532442748091603,-0.027274188296604884,-1.4412439737662899,0.7393577784545083,-3.236768802224204,0.20588235294057186,-0.816068665307271,-1.5166822300769873,-0.027274188296604884,0.55,-1.8148294592495975,0.08326762916876175,-1.7437063804176698,-0.913125776580613,-2.028529176455921,-2.379672325638978,-0.8275257381641709,-0.0323873598918711,0.0,,,,,,,,,,,,,,,0.04676862889696129,0.1
2025-11-19,20.12,20.37,19.94,20.0,33007928.0,0.0,0.0,21.012182837932585,20.531919842022887,0.7364285714285713,0.03682142857142673,39.222375336337976,0.4852513586130486,0.13953488372060285,22.5,20.9,21.012182837932585,2026398749.0,2210696408.15,102508656.1441547,4588.2922,-0.012401386605188636,-0.0277102576567817,-0.015308871051593065,-1.3744480825448058,0.652151497839635,-3.3947623666297266,0.13953488372060285,-0.7230882571161258,-1.7978741121220836,-0.015308871051593065,0.5416666666666666,-1.7669578270723836,-0.009990060866802288,-1.9350254083829945,-1.1073683509590846,-1.7680149732770079,-2.6471337316420263,-0.5387167769580736,-0.07125233606043155,0.0,,,,,,,,,,,,,,,0.04676862889696129,0.1
2025-11-20,20.21,20.28,19.56,19.64,44376152.0,0.0,0.0,20.88149875812948,20.502676568513937,0.7307142857142858,0.03720541169624484,36.605250519011086,0.656860639011886,0.11111111111095899,22.5,20.64,20.88149875812948,1982022597.0,2204628495.0,111847929.19871671,4564.9483,-0.029162770690668416,-0.05212355212355202,-0.022960781432883604,-1.6990207833615785,0.5184272389648446,-3.9139784946182985,0.11111111111095899,-0.42028340017885757,-1.9902549791914614,-0.022960781432883604,0.5416666666666666,-2.0444238280560865,-0.14882746444820685,-2.4563932498497287,-1.1778798582206318,-1.0151134415812126,-2.7800977499347055,-0.7215021445550174,-0.0855836741289671,0.0,,,,,,,,,,,,,,,0.04676862889696129,0.1
2025-11-21,19.31,19.44,18.94,18.98,56383886.0,0.0,0.0,20.700403638307627,20.452752746595447,0.7178571428571429,0.03782176727382008,32.34423126910299,0.842974286913424,0.0799999999998383,22.29,20.44,20.700403638307627,1925638711.0,2192251092.4,127275665.48315118,4453.6076,-0.03771109074967871,-0.06502463054187191,-0.027313539792193198,-2.396582182713753,0.3449863168125062,-4.610945273625416,0.0799999999998383,-0.17081882332753276,-2.094763208567111,-0.027313539792193198,0.5416666666666666,-2.5788747151904783,-0.3278842140242158,-3.025943876566562,-1.256013230638268,-0.3928320289355142,-2.7910309194436627,-0.8159438308496025,-0.10029800541966606,0.0,,,,,,,,,,,,,,,0.04676862889696129,0.1
2025-11-24,19.09,19.26,18.91,19.08,33573682.0,0.0,0.0,20.54607948227833,20.407744459821828,0.6621428571428571,0.034703504043124875,33.60531571943247,0.5275776645197836,0.4857142857128907,22.29,20.37,20.54607948227833,1959212393.0,2176624271.2,135477875.84486088,4448.0478,-0.03262352920067779,-0.05216095380029806,-0.019537424599620268,-2.2141437704277935,0.2089202065143586,-4.847896440122129,0.4857142857128907,-0.6394591931522569,-1.604777731007265,-0.019537424599620268,0.5083333333333333,-2.354575132713224,-0.4747619732529321,-3.092955904093188,0.04722568184320878,-1.5274878097884292,-2.2697866384864116,-0.6175577514886027,-0.21900861167722682,1.0,,,,,,,,,,,,,,,0.04676862889696129,0.1
2025-11-25,19.2,19.91,19.2,19.62,50986290.0,0.0,0.0,20.457881436347062,20.381916772614552,0.6200000000000002,0.03160040774719514,40.09846965017146,0.8245298349162343,0.5915492957738164,21.69,20.37,20.457881436347062,2010198683.0,2167896695.85,140212897.28307518,4490.4047,-0.01702819986056625,-0.019490254872563728,-0.002462055011997477,-1.3514216715253375,0.1225236511812697,-3.338709677413969,0.5915492957738164,-0.19294195217174703,-1.1247040458170128,-0.002462055011997477,0.44166666666666665,-1.6311651801640081,-0.5772394272844419,-1.7420643765557446,0.3741314565562549,-0.4271859670760496,-1.8067707433540614,-0.2004783962785366,-0.4436090918601789,1.0,,,,,,,,,,,,,,,0.04676862889696129,0.1
2025-11-26,19.53,20.17,19.49,19.98,57290339.0,0.0,0.0,20.412368918599725,20.368739173512434,0.6100000000000004,0.030530530530529027,44.028388849362535,0.975553015131091,0.7205882352930575,21.07,20.28,20.412368918599725,2067489022.0,2156058329.2,138180667.44591135,4517.6255,-0.015401525648257475,-0.0010000000000000009,0.014401525648257474,-0.7088015059000254,0.0715241722741297,-1.7868852458987086,0.7205882352930575,-0.024750773772331928,-0.6409674293596018,0.014401525648257474,0.43333333333333335,-1.1018474474725073,-0.6487074305956283,-0.3985070344244164,0.7806570225611055,-0.018968558254343567,-1.3527994771140681,0.2064382295746235,-0.4874144149423929,0.0,,,,,,,,,,,,,,,0.04676862889696129,0.1
2025-11-27,19.9,20.13,19.67,19.88,48858175.0,0.0,0.0,20.361667116828325,20.352714938315305,0.6050000000000002,0.030432595573439126,43.180927591333294,0.8855416415996626,0.45652173912943916,20.9,20.17,20.361667116828325,2018630847.0,2135781342.15,126620879.5152732,4515.4027,-0.01085348546006537,0.012219959266802416,0.023073444726867787,-0.7961439947562481,0.0147969892776949,-1.6859504132203527,0.45652173912943916,-0.12155579677836502,-0.9252067715725291,0.023073444726867787,0.425,-1.1679779367282639,-0.7284859090059063,-0.3057717515065219,-0.07242464231760086,-0.25833642036532184,-1.578768601240033,0.41288076058882917,-0.5322533898673821,0.0,,,,,,,,,,,,,,,0.04676862889696129,0.1
2025-11-28,19.8,19.87,19.56,19.78,29829406.0,0.0,0.0,20.306270248558963,20.333937399354145,0.5521428571428574,0.027914199046654674,42.3040208854094,0.5712353061548762,0.709677419352552,20.64,20.17,20.306270248558963,1988801441.0,2118458443.4,121751155.13980334,4526.6616,0.016403331088262085,0.04214963119072701,0.025746300102464925,-0.9531414592253716,-0.0501086819058012,-1.5575679172028696,0.709677419352552,-0.5599540593717209,-1.06493447434744,0.025746300102464925,0.39166666666666666,-1.2837875485851098,-0.8207305585548373,-0.18792827281851499,0.749473714261529,-1.3233995795006521,-1.6670880617715846,0.4713566588743145,-0.6596974037088739,1.0,,,,,,,,,,,,,,,0.04676862889696129,0.1
2025-12-01,19.83,20.25,19.83,20.07,47684971.0,0.0,0.0,20.28376832012478,20.32528371412942,0.5292857142857142,0.026371983771085596,45.74501368160208,0.9342693438459496,0.5714285714272134,20.44,20.25,20.28376832012478,2036486412.0,2107083309.4,118198825.36156523,4576.4856,0.02887509437286173,0.051886792452830344,0.023011698079968612,-0.40388076676669915,-0.07843664184397764,-0.6990553306329592,0.5714285714272134,-0.06799050561713982,-0.5972724109909482,0.023011698079968612,0.38333333333333336,-0.8239991424665388,-0.8747670347149704,0.5620749418266933,0.30601871849375006,-0.11662920370446564,-1.2333759597079552,0.4003388533928011,-0.7061484379453393,0.0,,,,,,,,,,,,,,,0.04676862889696129,0.1
2025-12-02,20.0,20.01,19.76,19.84,32892889.0,0.0,0.0,20.241504670589084,20.30937277268255,0.5014285714285714,0.025273617511519467,43.527742167762085,0.6754113356285241,0.3199999999987132,20.37,20.25,20.25,2003593523.0,2098047501.0,118855490.31120406,4554.3347,0.014237024114998054,0.011213047910295648,-0.0030239762047024055,-0.8007215652757784,-0.13534949135422233,-1.0569800569779513,0.3199999999987132,-0.39243338759359697,-0.794695960217634,-0.0030239762047024055,0.36666666666666664,-1.1345002176365857,-0.95848255081458,0.25783487921378434,-0.5008035119345458,-0.8970737163181087,-1.3822678456489539,-0.22443143005313734,-0.7815144221935251,0.0,,,,,,,,,,,,,,,0.04676862889696129,0.1
2025-12-03,19.91,20.03,19.68,19.7,28394625.0,0.0,0.0,20.18993279719965,20.28939333751263,0.49785714285714305,0.0252719361856405,42.18731899987133,0.6142065203221299,0.05714285714269243,20.37,20.25,20.25,1975198898.0,2083701469.7,115453135.46821971,4531.0486,0.0029712732939017883,-0.014014014014014031,-0.01698528730791582,-0.9840830933689123,-0.19977726892094075,-1.345767575320112,0.05714285714269243,-0.4874240550725815,-0.9397975313530318,-0.01698528730791582,0.35833333333333334,-1.2718648086958106,-1.0504188861828294,0.008833348957697721,-1.3325195913652477,-1.1135295131994498,-1.4802978859752105,-0.5552171102175761,-0.8284944019013265,1.0,,,,,,,,,,,,,,,0.046382605195806934,0.1
2025-12-04,19.63,19.92,19.5,19.82,24285828.0,0.0,0.0,20.154701102228255,20.27400339202041,0.4978571428571433,0.025118927490268325,43.78527125255361,0.5680234764179698,0.7619047619029454,20.28,20.25,20.25,1999484726.0,2065880642.6,98294613.77490902,4546.5664,0.006901643567693405,-0.003018108651911433,-0.009919752219604838,-0.6722834191084872,-0.23963157203541258,-0.9239598278317176,0.7619047619029454,-0.5655925293933399,-0.6754786864725271,-0.009919752219604838,0.35,-1.0074141975423156,-1.1159107494542593,0.3815724031282484,0.9380744894428996,-1.2825356298320263,-1.2287502134727883,-0.38128333378252854,-0.8764472085290291,1.0,,,,,,,,,,,,,,,0.04608860920321248,0.1
2025-12-05,19.82,20.05,19.7,20.02,36837072.0,0.0,0.0,20.141872425825564,20.265675411954167,0.48071428571428626,0.024011702583129985,46.44229875577037,0.873250233184227,0.9142857142830992,20.25,20.25,20.25,2036321798.0,2052314627.65,81234540.42806602,4584.5368,0.012785404590438088,0.01213346814964611,-0.0006519364407919781,-0.2535236198446294,-0.2575396442491567,-0.4784546805339233,0.9142857142830992,-0.13553312826491126,-0.19687228567707482,-0.0006519364407919781,0.31666666666666665,-0.6665417093262962,-1.1569812348276485,0.7681270761888415,1.4031518385800232,-0.23962407062124996,-0.8015645843548754,-0.15831392219498208,-1.0098556742780511,1.0,,,,,,,,,,,,,,,0.0460006302830908,0.1
2025-12-08,20.05,20.64,20.05,20.38,52465565.0,0.0,0.0,20.16455124241361,20.26942375910321,0.5007142857142863,0.02456890508902168,50.937534644209855,1.263033727036796,0.5593220338973544,20.25,20.64,20.64,2088787363.0,2044639714.3,69297981.19809446,4621.7545,0.009891629507148503,0.015445939212755277,0.005554309705606775,0.4302828254213178,-0.20944582505727016,0.25962910128335936,0.5593220338973544,0.23351654692059642,0.63706976648858,0.005554309705606775,0.31666666666666665,-0.1286986529741765,-1.1278330875313225,1.3870517682984904,0.25243516963392926,0.6619471975727236,-0.08091848435187945,-0.01589354035567836,-1.0264361883415274,0.0,,,,,,,,,,,,,,,0.04576210150327395,0.1
2025-12-09,20.48,20.64,20.3,20.4,44059363.0,0.0,0.0,20.186974933612312,20.273704947329332,0.49428571428571494,0.02422969187674955,51.18267606838131,1.076489183000063,0.29411764705795235,20.64,20.64,20.64,2132846726.0,2041981303.6,64690178.34453293,4598.2232,0.009636643525562594,0.028225806451612767,0.018589162926050173,0.43097556783548746,-0.1754653456699159,-0.485549132946998,0.29411764705795235,0.07370498946716343,1.404624700770813,0.018589162926050173,0.30833333333333335,-0.13336132709109888,-1.1111173786004276,0.7315669121803028,-0.5934696948768767,0.27834166153551787,0.5799781399535773,0.292871733896268,-1.067364077653974,1.0,,,,,,,,,,,,,,,0.04534137063918629,0.1
2025-12-10,20.35,20.8,20.28,20.75,61450052.0,0.0,0.0,20.240596368506377,20.289321178564435,0.4800000000000004,0.023132530120480835,55.383951665138966,1.4822975856064273,0.9038461538444142,20.64,20.8,20.8,2194296778.0,2044940705.75,70017321.97312905,4591.8273,0.013413826547788554,0.053299492385786795,0.03988566583799824,1.0612575656095018,-0.10151002095407584,0.22916666666618785,0.9038461538444142,0.3935933067206096,2.1331303174851395,0.03988566583799824,0.2833333333333333,0.37196663354043824,-1.0501857298999742,1.3281995434634164,1.3563267816499005,1.040342530125865,1.1917752952831515,0.7951982280384964,-1.165214267340238,0.0,,,,,,,,,,,,,,,0.044243273610898165,0.1
2025-12-11,20.79,21.09,20.47,20.59,66106600.0,0.0,0.0,20.273872904839106,20.299179500578713,0.4742857142857148,0.023034760285851958,53.132791187091556,1.53788992392803,0.19354838709646333,20.8,21.09,21.09,2128190178.0,2042818760.8,66742551.07530184,4552.1848,0.0012357457267093697,0.03884964682139258,0.03761390109468321,0.6665330319643346,-0.053357280173758626,-0.44277108433641715,0.19354838709646333,0.43041129760407587,1.2791152843960116,0.03761390109468321,0.275,0.03913514793373624,-1.019267643743923,0.7388193650856213,-0.9235347624849655,1.111151018623077,0.453525190354342,0.7288383874909283,-1.204588600644761,1.0,,,,,,,,,,,,,,,0.04317917260553258,0.1
2025-12-12,20.63,21.1,20.42,20.92,64931560.0,0.0,0.0,20.335408818663954,20.31953427105154,0.4978571428571433,0.023798142583992328,57.01368183187703,1.4633567241818826,0.7352941176459779,21.09,21.1,21.1,2193121738.0,2045803577.8,71866056.68909593,4580.95,-0.0007823691152397672,0.0449550449550451,0.045737414070284865,1.1742147114330312,0.03188574843232827,-0.3414634146334565,0.7352941176459779,0.3807329229257613,2.0498990342175305,0.045737414070284865,0.2916666666666667,0.4457695875680994,-0.9469602179552608,0.8119607358686319,0.8044144650559482,0.9765914946292775,1.0987226999052764,0.9102356952991834,-1.1527568379370896,0.0,,,,,,,,,,,,,,,0.043014545370498786,0.1
2025-12-15,20.74,20.8,20.4,20.42,46812259.0,0.0,0.0,20.34346512164834,20.322828229377716,0.47571428571428626,0.02329648803693746,50.227236604150015,1.0510583113751575,0.049999999999882555,21.1,21.1,21.1,2146309479.0,2048621836.95,74595168.5971981,4552.0596,-0.01507974947609192,0.001962708537782243,0.017042458013874162,0.16088412866681934,0.043380854622840546,-1.4294294294264225,0.049999999999882555,0.049797572158950316,1.3095706315444837,0.017042458013874162,0.2833333333333333,-0.41480906098503134,-0.9641179723973208,-0.13680427294569927,-1.4073241966961179,0.17238771879113599,0.4563219759509789,0.21499460570374643,-1.191610135722029,0.0,,,,,,,,,,,,,,,0.042951883649150716,0.1
2025-12-16,20.32,20.38,19.71,19.91,47681641.0,0.0,0.0,20.302182729110402,20.30929287759484,0.4778571428571432,0.024000861017434417,44.41932414227325,1.0503625067158904,0.2985074626861214,21.1,21.1,21.1,2098627838.0,2050582895.0,75364499.58484675,4497.5545,-0.02189295639237354,-0.02401960784313717,-0.002126651450763628,-0.8207112417838772,-0.014879234496546958,-2.4902840059738627,0.2985074626861214,0.04913534907759022,0.6375009887236114,-0.002126651450763628,0.2916666666666667,-1.2497910994849286,-1.069105020054455,-1.061938978672102,-0.5941040269961316,0.16420497817776145,-0.12242438093086627,-0.2508978386971952,-1.1726838779131603,1.0,,,,,,,,,,,,,,,0.042856226962708854,0.1
2025-12-17,19.88,21.9,19.88,21.67,174406990.0,0.0,0.0,20.432451040623697,20.353906225870418,0.5892857142857147,0.027193618564175705,61.125384838782736,3.3242308048458384,0.8861386138609489,21.1,21.9,21.9,2273034828.0,2062914698.95,89290166.80406356,4579.875,-0.0026029506815292702,0.044337349397590486,0.04694030007911976,2.1000830825744066,0.1332881704901866,0.9672727272710856,0.8861386138609489,1.2012383104568423,2.3532280940977865,0.04694030007911976,0.38333333333333336,1.2020507091480819,-0.9200950622651387,1.8997159067938454,1.3116127884499176,2.8274874964565777,1.3267100048362135,0.9196549222637418,-0.8514882204439537,1.0,,,,,,,,,,,,,,,0.04242514269600744,0.1
2025-12-18,21.8,22.95,21.77,22.6,218978208.0,0.0,0.0,20.63888427485001,20.42754864469434,0.6578571428571431,0.029108723135270534,66.80342515650841,3.5783401585294303,0.7033898305078802,21.9,22.95,22.95,2492013036.0,2088414220.9,127285509.00742112,4552.7926,0.00013351830532015718,0.09762020398251581,0.09748668567719565,2.9810662488662465,0.3212485148941238,1.0640608034728707,0.7033898305078802,1.2748990500281459,3.170815108862619,0.09748668567719565,0.4083333333333333,1.897541208442517,-0.7143377024972497,1.9377903024032934,0.7270626851469664,2.8732100669009806,1.978570670261526,2.0765069557880365,-0.7737684356510904,1.0,,,,,,,,,,,,,,,0.041847656342659016,0.1
2025-12-19,22.58,24.29,22.5,23.76,200209171.0,0.0,0.0,20.936133391530962,20.5368093448683,0.7521428571428574,0.031655844155842834,72.24823484935067,2.9276024516936174,0.7039106145247476,22.95,24.29,24.29,2692222207.0,2126743395.7,177867608.16735572,4568.1781,-0.002788046147633061,0.13575525812619493,0.138543304273828,3.754428539270083,0.5309151617540216,1.0769230769216478,0.7039106145247476,1.074183812186044,3.1792118707074573,0.138543304273828,0.44166666666666665,2.453368312698988,-0.47164735022689286,1.9082225824494994,0.7187093286467915,2.3538316254410807,1.955600355994401,2.9107957890645673,-0.6664936537871212,1.0,,,,,,,,,,,,,,,0.04149962261485918,0.1
2025-12-22,24.4,26.14,24.25,26.14,184672154.0,0.0,0.0,21.431739735194682,20.72052051388901,0.9000000000000004,0.034429992348889285,79.63029798900776,2.431763528828622,0.9999999999994709,24.29,26.14,26.14,2876894361.0,2172627494.1,237201448.65269655,4611.6235,0.01308504396559318,0.28011753183153765,0.26703248786594447,5.231400294222317,0.7902435792276464,2.0555555555532723,0.9999999999994709,0.88861672616455,2.9690664660786585,0.26703248786594447,0.48333333333333334,3.4337063057849933,-0.15201510344520722,2.62966290062344,1.6460581619502086,1.9002953146818786,1.765609528928706,5.116074242921419,-0.527719784428988,0.0,,,,,,,,,,,,,,,0.04128958949298059,0.1
2025-12-23,25.92,26.68,25.56,26.21,227875648.0,0.0,0.0,21.88681214136662,20.90050344785986,0.9550000000000003,0.0364364746280032,79.80048789167283,2.6876525593058767,0.580357142856626,26.14,26.68,26.68,3104770009.0,2227356060.4,308860225.25427455,4620.7341,0.027388128370651188,0.31642390758412864,0.28903577921347745,4.526898281286758,1.0327839722573027,0.07329842931929526,0.580357142856626,0.9886681580959878,2.8408123703129906,0.28903577921347745,0.5166666666666667,2.779473406421566,0.15817553206750126,1.0285391645256032,0.3012285810467641,2.069896012637343,1.654559756207969,4.924722676071602,-0.41944609296257823,1.0,,,,,,,,,,,,,,,0.041216958913177934,0.1
2025-12-24,26.19,27.08,26.19,26.93,148761486.0,0.0,0.0,22.367115746950752,21.09819185940544,0.9885714285714285,0.03670892790833241,81.51156075781269,1.6647494793629423,0.8314606741563701,26.68,27.08,27.08,3253531495.0,2286658184.05,378486227.6294963,4634.0586,0.011830803242446564,0.24273188740193796,0.2309010841594914,4.615634360016246,1.2835935278624573,0.2528901734101488,0.8314606741563701,0.509674649266658,2.5545799037540706,0.2309010841594914,0.5166666666666667,2.7332731531054,0.49105189217339246,1.1646519146949914,1.1084491691372451,1.0308890124877257,1.4076768666319424,3.6292574741930026,-0.4386784431131704,0.0,,,,,,,,,,,,,,,0.04034146591712194,0.1
2025-12-25,26.73,26.91,25.43,25.5,164680633.0,0.0,0.0,22.665485675812583,21.242513437785586,1.0707142857142855,0.041988795518205634,69.00844894028455,1.7307329263554883,0.04729729729726551,27.08,27.08,27.08,3088850862.0,2340169184.8,411062184.178336,4642.5357,0.019711660047945223,0.12831858407079633,0.1086069240228511,2.64731157695709,1.3289934177691363,-1.4756504336210354,0.04729729729726551,0.5485449756453451,1.8213343528462114,0.1086069240228511,0.6333333333333333,1.302044522069367,0.5422588379242095,-0.2179480499026333,-1.415796860868367,1.1301526793428776,0.8192225252503249,1.5318914014070908,0.004039193353751403,0.0,,,,,,,,,,,,,,,0.04034146591712194,0.1
2025-12-26,25.4,25.92,25.01,25.45,117262760.0,0.0,0.0,22.930677516211386,21.38046381687458,1.0914285714285712,0.04288520909345888,68.61215392497702,1.1782540724878234,0.4835164835159496,27.08,27.08,27.08,2971588102.0,2389308517.85,424639815.7139899,4657.24,0.019496153181943532,0.07112794612794593,0.0516317929460024,2.308279762631432,1.4203528658832059,-1.4934554973808298,0.4835164835159496,0.16403374320259467,1.3712317182762395,0.0516317929460024,0.6583333333333333,1.060828764924564,0.6604145551588754,-0.22172165917545283,-0.0037513818100300155,0.3195754062051328,0.46397622922057874,0.5743344859394007,0.08846435955121404,0.0,,,,,,,,,,,,,,,0.04034146591712194,0.1
2025-12-29,25.45,25.75,24.7,24.95,106314518.0,0.0,0.0,23.122993943238875,21.49749779009181,1.1421428571428571,0.045777268823359175,64.61600963052197,1.0376809957893367,0.23809523809501115,27.08,27.08,27.08,2865273584.0,2430747876.45,428607883.6645089,4639.3721,0.006017100051641133,-0.04552410099464432,-0.051541201046285456,1.59963006845737,1.4231986331481539,-1.8649155722310116,0.23809523809501115,0.03698841168028108,1.0138070812764692,-0.051541201046285456,0.7166666666666667,0.5503485486543163,0.6517869886272273,-0.5225503377259577,-0.8052668458605927,0.05427225233092898,0.1726223286919423,-1.1413570548060916,0.3101419786870229,0.0,,,,,,,,,,,,,,,0.04034146591712194,0.1
2025-12-30,24.81,25.0,24.38,24.46,82713612.0,0.0,0.0,23.250327853406603,21.5946290100888,1.1492857142857142,0.04698633337226767,60.874180148065996,0.7881616279866669,0.1290322580643108,27.08,27.08,27.08,2782559972.0,2469696198.9,423383149.83345723,4651.2818,0.006611005813989657,-0.0667684090041969,-0.07337941481818655,1.0525425762767457,1.4406329276835979,-2.2796768178973306,0.1290322580643108,-0.23805209849857142,0.7389613243301453,-0.07337941481818655,0.7583333333333333,0.15490684288337758,0.6646352372549088,-0.8622084586871506,-1.1582087575387014,-0.539847446098685,-0.053305968692378844,-1.4852342531825555,0.4668892613584173,1.0,,,,,,,,,,,,,,,0.04034146591712194,0.1
2025-12-31,24.55,25.39,24.31,24.73,101633766.0,0.0,0.0,23.391249010225025,21.697428058938343,1.1821428571428572,0.04780197562243467,62.17401006388356,0.935794360618983,0.3888888888885297,27.08,26.91,26.91,2884193738.0,2515145940.9,416595299.99888575,4629.9395,-0.0008888752507358877,-0.08169327887114741,-0.08080440362041152,1.1324781786606528,1.4328394754074614,-1.9879154078533012,0.3888888888885297,-0.06635952683556212,0.8858664442469394,-0.08080440362041152,0.7583333333333333,0.21508565012849082,0.6401296819324195,-0.614774196044871,-0.30423870021020655,-0.15351114801110788,0.07443349668465146,-1.577998043387021,0.45502020080150657,0.0,,,,,,,,,,,,,,,0.04034146591712194,0.1
2026-01-05,24.96,24.96,24.51,24.8,85578747.0,0.0,0.0,23.525415771155973,21.799151729137087,1.1657142857142857,0.04700460829492898,62.52164431941983,0.7663430493683688,0.6444444444430115,27.08,25.92,25.92,2969772485.0,2563660328.85,410166964.10779685,4717.7457,0.016200198525129217,-0.027450980392156876,-0.04365117891728609,1.0933933335662422,1.4808637615345392,-1.9558823529394964,0.6444444444430115,-0.2661253643658258,0.99011425026241,-0.04365117891728609,0.75,0.18511575816962011,0.6990167846294373,-0.5839464495957482,0.5175398534022655,-0.5906147557147009,0.16280251211421093,-0.9621773329457781,0.40913297347404176,0.0,,,,,,,,,,,,,,,0.04034146591712194,0.1
2026-01-06,24.8,24.8,24.2,24.59,102666635.0,0.0,0.0,23.626804745331594,21.890654951132593,1.1714285714285713,0.04763841282751215,60.71878728316845,0.8930401426202712,0.6499999999989161,27.08,25.75,25.75,2867105850.0,2605199531.45,396498544.76669997,4790.6938,0.02865512621209132,-0.03379174852652256,-0.06244687473861388,0.8222398515454985,1.4820790926076381,-2.1256097560957454,0.6499999999989161,-0.11312374657367627,0.660547994455077,-0.06244687473861388,0.75,-0.00962127540661846,0.6877193076463718,-0.7157865399458038,0.530132932886644,-0.260636019679314,-0.11070942368962589,-1.2593486932762445,0.3970632441481694,1.0,,,,,,,,,,,,,,,0.04034146591712194,0.1
2026-01-07,24.63,25.38,24.53,24.92,112667313.0,0.0,0.0,23.749966198157157,21.989977739620045,1.181428571428571,0.04740885118091989,62.546478737549826,0.9550249990006625,0.4588235294112267,27.08,25.39,25.39,2979773163.0,2649748821.45,385885540.8655173,4776.6658,0.029593164126671345,-0.0012024048096191953,-0.03079556893629054,0.9903550922482445,1.4897121172611076,-1.8282950423200945,0.4588235294112267,-0.046017761879973036,0.85523894160371,-0.03079556893629054,0.7416666666666667,0.10760912551596537,0.6862195590675122,-0.4724520418562626,-0.10330646245586447,-0.11141836764000505,0.04849151588246742,-0.7410273279703465,0.3502629110785838,0.0,,,,,,,,,,,,,,,0.04034146591712194,0.1
2026-01-08,24.93,24.99,24.35,24.58,83079513.0,0.0,0.0,23.829017036427903,22.074896502255452,1.0828571428571423,0.044054399628034924,59.4759777262596,0.692767084746465,0.3593749999994353,27.08,25.39,25.39,2896693650.0,2687941167.65,370322418.9056903,4737.6536,0.018569461863179315,0.004905968928863302,-0.013663492934316013,0.693519887203142,1.6199002294453588,-2.308707124008423,0.3593749999994353,-0.3670614333324529,0.5637046846012386,-0.013663492934316013,0.65,-0.10715981471118262,0.872112270105618,-0.8567758575257421,-0.43551118023894897,-0.8139488752346548,-0.19889318951583224,-0.4614844600701878,-0.0484867883879543,0.0,,,,,,,,,,,,,,,0.04034146591712194,0.1
2026-01-09,24.48,24.91,24.15,24.59,79833338.0,0.0,0.0,23.90149160438715,22.157358912017568,1.0457142857142856,0.0425259977923645,59.53889210561443,0.6606350518934238,0.5789473684202914,27.08,25.38,25.38,2976526988.0,2727052678.15,357195791.2745865,4758.9221,0.027858376983111555,-0.005661140315406432,-0.03351951729851799,0.6584096679351557,1.6678864544501917,-2.381147540981328,0.5789473684202914,-0.4145537067406797,0.6984245501880003,-0.03351951729851799,0.5833333333333334,-0.1322391085692883,0.9314525039888659,-0.9052483104498382,0.2870418300533111,-0.9043930376107371,-0.087951013715004,-0.7803374459679504,-0.3449885856784849,1.0,,,,,,,,,,,,,,,0.04034146591712194,0.1
2026-01-12,24.59,25.1,24.28,25.04,115234267.0,0.0,0.0,24.0099209753979,22.25187173457437,0.9764285714285713,0.03899475125513308,62.37007497296292,0.9345866759308895,0.9268292682915499,26.91,25.38,25.38,3091761255.0,2775231232.0,337618812.9389456,4789.9155,0.015297518049775194,0.009677419354838568,-0.005620098694936626,1.0549455994451071,1.8004893468547358,-1.9151426481326412,0.9268292682915499,-0.06765090525774181,0.9375366859584354,-0.005620098694936626,0.475,0.14675369368970026,1.1206784538675185,-0.5280285576048501,1.4086630284308848,-0.1433253189472674,0.10563256090309174,-0.3293949835025393,-0.8214052128390513,0.0,,,,,,,,,,,,,,,0.039333274773945666,0.1
2026-01-13,25.11,25.11,23.78,24.05,143626992.0,0.0,0.0,24.013738025360006,22.31082675967029,0.9014285714285712,0.03748143748143592,53.50063056275362,1.1288370033143975,0.20300751879683976,25.92,25.38,25.38,2948134263.0,2812981858.25,311630474.8002642,4761.0324,-0.0061914622888233906,-0.02196014640097599,-0.015768684112152598,0.04022723018695463,1.8891250174032928,-2.0744849445301883,0.20300751879683976,0.12118790212690124,0.43369444158702486,-0.015768684112152598,0.44166666666666665,-0.5712587581193971,1.2393657309081971,-0.644802665796239,-0.9572062155682017,0.2881094888223423,-0.31190072579438016,-0.4886674258287196,-0.9683404834085326,1.0,,,,,,,,,,,,,,,0.039085775393480196,0.1
2026-01-14,24.04,25.33,24.04,24.95,144673926.0,0.0,0.0,24.102905832468576,22.397357029845036,0.9135714285714283,0.036616089321498665,59.183272938405786,1.0949564159041243,0.705426356588601,25.75,25.33,25.33,3092808189.0,2860306793.75,276706413.0273574,4741.9306,-0.007271850586658135,0.0012038523274477964,0.008475702914105931,0.9272336470232176,1.8669025204615657,-0.8756841282242185,0.705426356588601,0.09071455964902685,0.8402457778490774,0.008475702914105931,0.4083333333333333,0.06362946463787429,1.185286301055935,0.3220051848291195,0.6797260386394889,0.21949990597829142,0.025460296902601712,-0.09646198616592364,-1.1113674118797465,0.0,,,,,,,,,,,,,,,0.0389852707401768,0.1
2026-01-15,24.8,25.1,24.4,24.91,72336005.0,0.0,0.0,24.179771943662047,22.479738766571426,0.9000000000000001,0.036130068245683024,58.839104153113226,0.5424103996791051,0.728571428570387,25.39,25.33,25.33,3020472184.0,2906399011.05,216140816.47137415,4751.4293,0.0029077051982020485,0.013425549227013889,0.01051784402881184,0.8113645070412687,1.888925752320813,-0.5333333333327411,0.728571428570387,-0.611732369090082,0.5277724717261246,0.01051784402881184,0.38333333333333336,-0.01639167409607655,1.1998099247717147,0.5988745969868415,0.7602077921730148,-1.3242318333305696,-0.23333987477901266,-0.06247473038990704,-1.2170211456642095,1.0,,,,,,,,,,,,,,,0.03871042670395647,0.1
2026-01-16,25.29,26.0,25.17,25.63,144045818.0,0.0,0.0,24.31788890140852,22.58302602012646,0.8707142857142858,0.033972465302936086,63.009004773635375,1.0925620942283016,0.5542168674692097,25.39,26.0,26.0,3164518002.0,2950973169.75,167343234.63176516,4731.8728,-0.0056839131701692525,0.04229361529076847,0.047977528460937724,1.5069364544921753,1.9924594206661956,0.27563576702183096,0.5542168674692097,0.08852548319470124,1.2760888285678258,0.047977528460937724,0.30833333333333335,0.48370483592026253,1.3383394560220963,1.2504591906587073,0.1944065915296785,0.227940254136685,0.39843450176007034,0.5382745349924963,-1.533472172737344,1.0,,,,,,,,,,,,,,,0.03813341522825625,0.1
2026-01-19,26.91,28.14,26.91,27.08,195830557.0,0.0,0.0,24.580947101274372,22.730467789958382,0.9850000000000002,0.03637370753323353,69.67244460045778,1.4984947954134569,0.1382113821137072,26.0,28.14,28.14,3360348559.0,2994389945.9,154809340.7173846,4734.4556,-0.011578471478254637,0.08146964856230032,0.09304812004055496,2.5371095418508514,1.8786591993036659,1.096446700506499,0.1382113821137072,0.40446113457098964,2.36393108713048,0.09304812004055496,0.39166666666666666,1.205289803777353,1.1407308369669427,1.871217249673736,-1.183006031964053,0.9205952571179067,1.2920324840959405,1.246235762773054,-1.1768902463126916,1.0,,,,,,,,,,,,,,,0.037651602377628,0.1
2026-01-20,27.4,28.2,27.08,27.78,168272319.0,0.0,0.0,24.885618805914905,22.8960262230745,0.9900000000000002,0.03563714902807648,72.26946539818215,1.3035473362648615,0.6249999999994439,28.14,28.2,28.2,3528620878.0,3036209879.45,178666987.5781466,4718.8782,-0.008854004018120087,0.15509355509355505,0.16394755911167513,2.923617367759769,2.0096894776145406,-0.36363636363599566,0.6249999999994439,0.2650892684730306,2.7560267580748574,0.16394755911167513,0.36666666666666664,1.4566905270825543,1.321446857639701,0.7061828363126513,0.43018575357744027,0.6036893127477825,1.5945249335196416,2.3093582579207284,-1.2952400930189816,0.0,,,,,,,,,,,,,,,0.03734342458884038,0.1
2026-01-21,27.27,29.17,27.27,27.97,142227689.0,0.0,0.0,25.17936939582777,23.06238601903927,1.0814285714285716,0.03866387455947562,72.94663820176136,1.1202049264659681,0.36842105263138425,28.2,29.17,29.17,3670848567.0,3075907589.75,221845048.8809622,4723.0692,-0.003977578246294855,0.12104208416833662,0.12501966241463147,2.580503861187257,1.9575804012557192,-0.2126816380447178,0.36842105263138425,0.11351163862892362,2.6817861396998492,0.12501966241463147,0.4583333333333333,1.1961139351920649,1.2189917759838451,0.8173940816382371,-0.42909395845311793,0.2700111758497137,1.5034504279915426,1.6616686680407073,-0.9080309076664563,0.0,,,,,,,,,,,,,,,0.03734342458884038,0.1
2026-01-22,27.72,28.2,26.58,26.99,127680225.0,0.0,0.0,25.35181040574893,23.19116024792323,1.1200000000000003,0.04149685068543753,64.23375778494318,1.046936753999199,0.2530864197529301,29.17,29.17,29.17,3543168342.0,3097827506.4,244151021.98120564,4723.7091,-0.005834076074750727,0.08350060216780397,0.0893346782425547,1.462669280580003,1.929151926628369,-1.9464285714268357,0.2530864197529301,0.04586852318627497,1.8240383840551015,0.0893346782425547,0.5333333333333333,0.40897352163683,1.155184916379537,-0.5469949710923144,-0.8000859443048027,0.11712276328129746,0.7938107211770317,1.089595653816314,-0.6087211801204506,1.0,,,,,,,,,,,,,,,0.03734342458884038,0.1
2026-01-23,27.7,29.36,27.67,28.41,145320871.0,0.0,0.0,25.64306655758237,23.362269747991316,1.2571428571428576,0.04425001257102476,69.852670341695,1.1932675933869499,0.43786982248494766,29.17,29.36,29.36,3688489213.0,3119575392.3,274533471.49706805,4702.4966,-0.006208155045925978,0.10846664065548195,0.11467479570140793,2.200969783739546,1.8142701894459843,-0.6045454545449747,0.43786982248494766,0.176695420886481,2.0722931072762676,0.11467479570140793,0.65,0.9191380792187845,0.9622820795856318,0.5156172843591778,-0.17104793678677105,0.4036623742215852,0.9942548532515183,1.4537874042021925,-0.11054626940875037,1.0,,,,,,,,,,,,,,,0.03734342458884038,0.1
2026-01-26,29.0,31.25,29.0,31.01,243638686.0,0.0,0.0,26.15420307590786,23.613015002155535,1.4171428571428575,0.04569954392592105,76.98284651851002,1.9377638365559495,0.893333333332937,29.36,31.25,31.25,3932127899.0,3161739244.15,326428729.6463312,4706.964,-0.00580670774481451,0.14512555391432813,0.15093226165914264,3.4264696036916336,1.7931770681707364,1.1643145161282118,0.893333333332937,0.661534646680864,2.3600516280680215,0.15093226165914264,0.6666666666666666,1.7478247558971685,0.9152989742054048,1.8975790584958114,1.3492934430972332,1.475650666517321,1.2385086565992756,1.9615149982226758,-0.04768240722104442,1.0,,,,,,,,,,,,,,,0.03734342458884038,0.1
2026-01-27,30.7,31.93,30.08,31.86,188414592.0,0.0,0.0,26.697612306773777,23.883407952904534,1.488571428571429,0.046722267061248664,78.75212868262125,1.4573081071607723,0.9621621621616419,31.25,31.93,31.93,4120542491.0,3219186963.6,383943727.04078555,4705.6918,-0.002794392955512315,0.14686825053995678,0.1496626434954691,3.4680147651208504,1.8905403528859368,0.4097888675621042,0.9621621621616419,0.3765909716798784,2.3476240498760665,0.1496626434954691,0.7083333333333334,1.7376730937297182,1.047667778265604,1.282603845664791,1.5511367642446712,0.8529753035168921,1.214911708889286,1.8967152107335055,0.13727134802465407,1.0,,,,,,,,,,,,,,,0.03734342458884038,0.1
2026-01-28,33.99,35.0,33.14,33.62,196801330.0,0.0,0.0,27.356887325176274,24.20264047903881,1.667142857142858,0.0495878303730758,81.86121087417654,1.4707101600833614,0.2580645161288919,31.93,35.0,35.0,4317343821.0,3291790475.45,442917831.8387663,4717.9914,-0.001075105992518588,0.20200214515552384,0.20307725114804243,3.756794235110518,1.8920075341001712,1.0137103684655426,0.2580645161288919,0.3857453862319211,2.31544831079036,0.20307725114804243,0.8,1.8876858431558925,1.032625617516603,1.7154563150655577,-0.8041607333027385,0.8702541535791032,1.1692088938718546,2.5916910481468873,0.5509130641621667,0.0,,,,,,,,,,,,,,,0.03734342458884038,0.1
2026-01-29,33.0,33.47,31.5,31.83,140671783.0,0.0,0.0,27.782898056111865,24.452717840381798,1.7642857142857147,0.05542839190341374,70.5538211252249,1.0289665322077226,0.16751269035524413,35.0,35.0,35.0,4176672038.0,3361496078.75,466371438.1629583,4753.8697,0.006384940173390419,0.17932567617636153,0.1729407360029711,2.2939039358057385,1.8875515392791296,-1.796761133602221,0.16751269035524413,0.028554931743504264,1.7479114125448723,0.1729407360029711,0.8833333333333333,0.8886177773849641,1.008905274181808,-0.4551608446081315,-1.0898923618478829,0.07323195363830921,0.7008141999146014,2.097159952002673,0.921224769775745,1.0,,,,,,,,,,,,,,,0.03734342458884038,0.1
2026-01-30,32.0,35.01,32.0,35.01,176270673.0,0.0,0.0,28.471193479339306,24.798858239057804,1.9328571428571433,0.05520871587709478,76.70889268381023,1.2550996858977104,0.9999999999996677,35.0,35.01,35.01,4352942711.0,3434933527.4,499866686.7032514,4706.3401,0.0008173317977517858,0.23231256599788797,0.23149523420013618,3.382974548751009,1.8999517133745163,0.005173688100513662,0.9999999999996677,0.22721500042346437,1.8365080290797235,0.23149523420013618,0.875,1.5893989717863275,1.010957950707848,0.9266315840560999,1.6701517681761393,0.5134811010382926,0.769692363212989,2.804705678886415,0.8690832145062027,0.0,,,,,,,,,,,,,,,0.03734342458884038,0.1
2026-02-02,35.72,37.16,33.8,34.85,277225310.0,0.0,0.0,29.078698862259373,25.128403870564103,2.0778571428571433,0.05962287353965806,75.84980757752759,1.8478497685933775,0.3124999999999083,35.01,37.16,37.16,4075717401.0,3490230773.2,506478408.175096,4605.9799,-0.021454190004427387,0.12383102225088671,0.1452852122553141,2.7775254702072845,1.9011388753422875,-0.07700240632515894,0.3124999999999083,0.6140226758637493,1.1559952376046603,0.1452852122553141,0.9416666666666667,1.1703114326022634,0.9964178946099493,0.8553405688346168,-0.6036935251344738,1.3492860668904512,0.2253506774191847,1.5905198541358607,1.1561412494902839,1.0,,,,,,,,,,,,,,,0.03734342458884038,0.1
2026-02-03,35.5,37.8,35.16,36.28,172531463.0,0.0,0.0,29.764537065853716,25.49402997316856,2.1964285714285716,0.06054103008347604,78.19972785885761,1.1238433872478832,0.42424242424226516,37.16,37.8,37.8,4248248864.0,3559287923.9,510946989.1173938,4660.1074,-0.009687077253975662,0.13873195229127444,0.1484190295452501,2.9663896285530553,1.9442959121159342,-0.4006504065038805,0.42424242424226516,0.11675440657473415,1.3484000390923256,0.1484190295452501,0.975,1.2736652869935647,1.0448825921076852,0.6002496475656615,-0.23184535149211558,0.24877557952934184,0.3806329135022466,1.599691894431137,1.285935219491615,1.0,,,,,,,,,,,,,,,0.03734342458884038,0.1
2026-02-04,36.4,38.02,36.34,37.35,152216834.0,0.0,0.0,30.48696210720098,25.88275030191713,2.270714285714286,0.06079556320520013,79.78477958236745,0.9789077359339761,0.6011904761901172,37.8,38.02,38.02,4400465698.0,3630322550.65,524030573.50460064,4698.6832,-0.004092461889608212,0.11094586555621677,0.11503832744582498,3.0224136677931415,2.027649112109012,-0.1981755268951609,0.6011904761901172,-0.021317884065443077,1.4696530818792743,0.11503832744582498,0.975,1.300747766710703,1.1518861771871658,0.7693539089884776,0.3587473484832562,-0.03658883729777128,0.4904552582393424,1.1404001445627407,1.2638178258071604,0.0,,,,,,,,,,,,,,,0.03734342458884038,0.1
2026-02-05,35.81,36.24,34.2,34.73,142259760.0,0.0,0.0,30.89106095413422,26.172824062510013,2.417857142857143,0.06961869112747117,66.94886200051587,0.8977892882196311,0.25980392156849724,38.02,38.02,38.02,4258205938.0,3698398165.05,512615900.9469783,4670.4188,-0.017554309492327835,0.09110901665095827,0.10866332614328611,1.5877443616572722,1.9514125991938416,-1.3607090103391737,0.25980392156849724,-0.10781988384868633,1.0920608820675322,0.10866332614328611,1.0,0.37310946643116316,1.0200247160362452,-0.11669611285069437,-0.766130783265223,-0.21691030224336819,0.19785042000565192,1.0542040162887567,1.3537250516845516,1.0,,,,,,,,,,,,,,,0.03734342458884038,0.1
2026-02-06,34.17,37.8,34.17,36.7,180696440.0,0.0,0.0,31.444293244216674,26.517977371935913,2.4978571428571428,0.06806150253016552,70.75828600103165,1.1051852699791143,0.6969696969695062,38.02,38.02,38.02,4438902378.0,3771516934.55,508715177.7837432,4643.5959,-0.01333184569470447,0.04827192230791222,0.06160376800261669,2.1040862047737248,1.9722168204719197,-0.528452959679514,0.6969696969695062,0.10001298605495748,1.3119039348452621,0.06160376800261669,0.9916666666666667,0.7234124993149942,1.0358754333436448,0.5335890313389084,0.689241967674954,0.2624330775427774,0.39404686570721,0.43099668758535636,1.2942297645756764,1.0,,,,,,,,,,,,,,,0.03734342458884038,0.1
2026-02-09,38.07,39.15,35.63,38.69,205927059.0,0.0,0.0,32.13436055429128,26.917060081052767,2.6692857142857136,0.068991618358378,74.01624985254301,1.225512538914834,0.8693181818179344,38.02,39.15,39.15,4644829437.0,3849170343.65,517485678.3674727,4719.0559,0.02454982489176727,0.11018651362984211,0.08563668873807484,2.455952695742246,1.9545680124514795,0.251003478726155,0.8693181818179344,0.2033591556063382,1.5375480455035762,0.08563668873807484,0.9916666666666667,0.9645596103553177,0.9959481610044302,1.1387500954205168,1.2621168964240428,0.5029465703759531,0.5954184318560929,0.756314687335088,1.2739985754297658,1.0,,,,,,,,,,,,,,,0.03734342458884038,0.1
2026-02-10,39.0,41.88,38.76,41.51,182255957.0,0.0,0.0,33.02727859673973,27.395517127575626,2.761428571428571,0.06652441752417501,77.79222554206413,1.0723154880324668,0.8814102564099726,39.15,41.88,41.88,4827085394.0,3943117900.2,515933983.4582758,4724.2956,0.01377397439380923,0.14415656008820288,0.13038258569439365,3.0718597942473047,2.039437676364947,0.8546301086391109,0.8814102564099726,0.06982031788903914,1.7133345004235172,0.13038258569439365,0.975,1.3580272873919885,1.107247163787729,1.5796087306765034,1.2809622943150445,0.2019563241611767,0.7448561830210286,1.3433183857049253,1.1868372461314274,0.0,,,,,,,,,,,,,,,0.03734342458884038,0.1
2026-02-11,39.7,43.55,39.7,41.1,161804170.0,0.0,0.0,33.79610920657404,27.84484443486823,2.920714285714285,0.07106360792492004,76.06156439756113,0.9472126544948725,0.36363636363626933,41.88,43.55,43.55,4665281224.0,4021741551.95,499930854.9556237,4713.8185,0.0032211790741711877,0.10040160642570273,0.09718042735153154,2.5007207412063712,2.0376059379763465,-0.2670579603814204,0.36363636363626933,-0.05423165504418019,1.2872573590344287,0.09718042735153154,1.0,0.9784612867756313,1.089246000508665,0.7144769218923095,-0.43290357795375917,-0.07744748451351081,0.3913801583926234,0.8916946010783476,1.2833718496603208,1.0,,,,,,,,,,,,,,,0.03734342458884038,0.1
2026-02-12,41.1,42.05,40.4,41.85,120767531.0,0.0,0.0,34.56314642499556,28.304029863233204,2.8692857142857133,0.06856118791602496,77.06665528633752,0.6970992393324955,0.8787878787873487,43.55,43.55,43.55,4786048755.0,4110020380.5,470339202.95724505,4719.578,0.010525651361287025,0.20501007774258584,0.19448442638129881,2.539605428180898,2.1814197626249054,-0.5924819517050449,0.8787878787873487,-0.360827497678881,1.4373209170094472,0.19448442638129881,0.975,0.9978894518139646,1.2829487851871397,0.4628611583002663,1.2606896757673722,-0.7718231745938068,0.517572829912562,2.124331577928148,1.1631905955447666,0.0,,,,,,,,,,,,,,,0.03734342458884038,0.1
2026-02-13,40.97,41.2,38.38,38.5,143495674.0,0.0,0.0,34.93808486071027,28.638323966078016,2.9142857142857133,0.07569573283858798,64.11717902060012,0.8284230834456676,0.0425531914893457,43.55,43.55,43.55,4642553081.0,4183922134.45,430393207.508208,4660.4056,0.003619974769983658,0.049046321525885395,0.045426346755901736,1.2222257830891945,2.161682659922091,-1.732843137254307,0.0425531914893457,-0.18823128475276207,1.0656091651754371,0.045426346755901736,1.0,0.13822369234961493,1.2368161234690986,-0.4051457637799779,-1.477966890945436,-0.36257103534361645,0.20794898230451572,0.1752515866685139,1.2595451490961518,1.0,,,,,,,,,,,,,,,0.037651602377628,0.1
2026-02-24,40.86,42.35,40.41,42.23,148405770.0,0.0,0.0,35.63255296921405,29.083952688501686,3.057142857142856,0.07239267954399203,70.13451167851089,0.8686614125214809,0.9381443298964214,43.55,43.55,43.55,4790958851.0,4255452649.05,405749560.20096666,4707.544,-0.0024394498060513747,0.09149651072628595,0.09393596053233733,2.1580434212844164,2.14206551238185,-0.43177570093443846,0.9381443298964214,-0.14080185850084667,1.3197949042378876,0.09393596053233733,0.9916666666666667,0.7564660495667969,1.1940160008798795,0.6000529578811971,1.4561805638278928,-0.25149170673448007,0.42289680468454977,0.796716537745745,1.2105269076148726,0.0,,,,,,,,,,,,,,,0.03824282091664785,0.1
2026-02-25,42.23,42.76,39.15,40.3,152111316.0,0.0,0.0,36.077071734050804,29.451691944616382,3.0907142857142844,0.07669266217653121,64.14093721884537,0.8945821817950388,0.318559556786615,43.55,43.55,43.55,4638847535.0,4310963981.9,377473917.3595189,4735.8858,0.0024533181200598886,-0.029149602505420424,-0.03160292062548031,1.3663276108913704,2.1436403293749002,-1.0515368615665657,0.318559556786615,-0.11139850569232147,0.8686257196088942,-0.03160292062548031,1.0,0.23422468619279407,1.1838504840681945,0.11907866834583467,-0.5741932216087103,-0.18710293566454264,0.04062981276051374,-0.8330136216730833,1.232633789037157,1.0,,,,,,,,,,,,,,,0.03882931290730435,0.1
2026-02-26,41.22,44.33,41.2,44.33,130808142.0,0.0,0.0,36.86306490223644,29.93950532348142,3.2271428571428555,0.07279816957236145,69.92119409829547,0.7718880217182174,0.9999999999996805,43.55,44.33,44.33,4769655677.0,4365904337.4,359861962.3721435,4726.8739,0.002769601757046658,0.07858880778588806,0.0758192060288414,2.3137913096205733,2.145414654770701,0.24169986719780073,0.9999999999996805,-0.25891578906587104,1.1219617014772727,0.0758192060288414,0.9833333333333333,0.858440471108331,1.1746537762967282,1.1118803383076274,1.6421228263052967,-0.524370774475535,0.2554687032012408,0.5544432073546975,1.1499342142786597,1.0,,,,,,,,,,,,,,,0.04024580097028531,0.1
2026-02-27,42.24,47.6,42.24,47.5,187329451.0,0.0,0.0,37.87610634011868,30.5152592473017,3.3828571428571417,0.07121804511278043,73.53495738738508,1.0862975587733266,0.9813432835819061,44.33,47.6,47.6,4956985128.0,4436595176.7,328827517.6226375,4710.6469,-0.001892351392433933,0.13500597371565104,0.13689832510808497,2.844900997430293,2.175926083180053,0.9370777027024265,0.9813432835819061,0.08277517916914276,1.5825620527817255,0.13689832510808497,0.9666666666666667,1.2189157118279879,1.205932247847317,1.667981866902679,1.5742597148284998,0.2790031134215695,0.6460206708507635,1.3321776432819414,1.0717026071987896,1.0,,,,,,,,,,,,,,,0.04174282310182158,0.1
2026-03-02,46.0,52.19,46.0,49.6,178803640.0,0.0,0.0,38.99266764105976,31.1409884523082,3.5849999999999986,0.07227822580645012,75.62426127605285,1.0268884281767852,0.5815831987074994,47.6,52.19,52.19,5135788768.0,4508960154.45,315200418.1480127,4728.6688,0.014647480468223728,0.2883116883116883,0.27366420784346457,2.9588095840829247,2.1901476119245116,0.5578800557878502,0.5815831987074994,0.02653328646330909,1.9886668210435312,0.27366420784346457,0.9666666666666667,1.2823351658435043,1.2131536738898232,1.3506706955334518,0.2649145519074517,0.1562623290516975,0.9786515952557007,2.9576646415849854,1.069845139642811,0.0,,,,,,,,,,,,,,,0.042257396655285065,0.1
2026-03-03,50.07,50.96,47.3,47.52,162607416.0,0.0,0.0,39.804794532387405,31.678005224363666,3.6357142857142852,0.07650913900913738,69.75064006084332,0.9561193032779689,0.06010928961747149,52.19,52.19,52.19,4973181352.0,4561012827.1,301297388.5333807,4655.8962,-0.01097128353978205,0.12526639829505104,0.1362376818348331,2.1220604429576952,2.235266214387054,-1.284479371315952,0.06010928961747149,-0.0448725794930703,1.3679790817514355,0.1362376818348331,0.9916666666666667,0.7230051526252552,1.2619101527612775,-0.07530069507097356,-1.4475274112558545,-0.0057116397062359,0.4471312492495152,1.2251472305251059,1.173754102356892,1.0,,,,,,,,,,,,,,,0.04270560344291169,0.1
2026-03-04,46.9,48.95,45.99,48.38,147598604.0,0.0,0.0,40.621480767398126,32.2256116104501,3.722857142857142,0.07695033366798397,70.76178957490013,0.8784093129755245,0.8074324324321596,52.19,52.19,52.19,5120779956.0,4611024700.35,306993786.50341743,4602.6247,-0.02813857969294775,0.20049627791563296,0.2286348576085807,2.084022817659193,2.255221953132018,-1.023407521104866,0.8074324324321596,-0.12964260607960787,1.6604741791551703,0.2286348576085807,1.0,0.7034126951452531,1.2750248866463063,0.13506884692648893,1.0080571572212178,-0.18982302627077938,0.6898052271142778,2.304921129622346,1.2051213873439652,1.0,,,,,,,,,,,,,,,0.043469804360746905,0.1
2026-03-05,48.9,51.88,48.04,50.9,169785688.0,0.0,0.0,41.600387360979255,32.83788663961567,3.7721428571428564,0.07410889699691124,73.55166201607865,1.0186409851971066,0.7447916666664719,52.19,52.19,52.19,5290565644.0,4659685791.5,332646441.3154668,4647.6921,-0.01675140942515929,0.14820663207759988,0.16495804150275917,2.4653394612053763,2.322950390059794,-0.34198068547614474,0.7447916666664719,0.018469371451650354,1.8965477279875727,0.16495804150275917,0.9666666666666667,0.9556676105253875,1.3560609116231934,0.6640618348820798,0.790323959301925,0.1733665031303384,0.8760333820894415,1.5089289399537738,1.060988810615856,0.0,,,,,,,,,,,,,,,0.04415220609952984,0.1
2026-03-06,49.37,50.29,47.33,48.43,140507830.0,0.0,0.0,42.250826659933615,33.349103471103675,3.767857142857143,0.07780006489483925,66.82142458551655,0.8430279120574738,0.3716216216214964,52.19,52.19,52.19,5150057814.0,4708355080.3,329610492.80412096,4660.439,-0.010658387492384458,0.01957894736842114,0.030237334860805598,1.6399701755622071,2.3625426472717743,-0.9979146919428625,0.3716216216214964,-0.17075521113995595,1.3400748560589435,0.030237334860805598,1.0,0.41557480401688707,1.3971351445347986,0.15949286968662463,-0.4320251773026876,-0.2749632748331192,0.40558446925182445,-0.11154101476114112,1.1978069193482452,0.0,,,,,,,,,,,,,,,0.0449747782484729,0.1
2026-03-09,45.81,46.16,43.59,45.72,160204750.0,0.0,0.0,42.58122412089232,33.75470663598552,3.8621428571428567,0.08447381577302651,60.30176473617863,0.9658618925878539,0.828793774318744,52.19,51.88,51.88,4989853064.0,4740200597.95,324461242.83335483,4615.4551,-0.02394198130349079,-0.07822580645161292,-0.05428382514812213,0.812703205243131,2.2853938374082348,-1.675235805436962,0.828793774318744,-0.03473442332612067,0.769436940664815,-0.05428382514812213,1.0,-0.12913788348226204,1.2755716609808654,-0.36256726838472414,1.049802654652902,0.06087611555725093,-0.0795880258003567,-1.1124645572119662,1.1970971395304133,1.0,,,,,,,,,,,,,,,0.04573840637464011,0.1
2026-03-10,46.72,50.2,46.72,49.99,153667766.0,0.0,0.0,43.28682182366448,34.28701133644501,3.954285714285714,0.07910153459263122,65.94060068076317,0.9622924113056077,0.9396551724135229,52.19,51.88,51.88,5143520830.0,4793590769.4,297457647.77713054,4674.7562,0.00405077759250716,0.0519781144781144,0.04792733688560724,1.6951678914139008,2.2759636347731345,-0.5563583815027484,0.9396551724135229,-0.038436912647335314,1.176402971027945,0.04792733688560724,0.9916666666666667,0.4575049736616671,1.248888770560985,0.5037325331942301,1.3942625692650141,0.05755534029893728,0.26101750012486297,0.11390576022949941,1.161801892173251,1.0,,,,,,,,,,,,,,,0.04624976794230392,0.1
2026-03-11,51.0,54.3,50.63,50.8,168100591.0,0.0,0.0,44.0023626023631,34.828420800823864,3.9871428571428575,0.07848706411698383,66.90104967617646,1.0541355427905694,0.04632152588554456,52.19,54.3,54.3,5311621421.0,4846759397.25,290175890.3565948,4704.4959,0.022133284080277038,0.050020669698222386,0.02788738561794535,1.7048893508938139,2.30088113976204,-0.3486205661052513,0.04632152588554456,0.0527210403241218,1.60200085258198,0.02788738561794535,0.9833333333333333,0.4559893068096457,1.2651614694776114,0.6531869949667111,-1.5083925268214482,0.2872376892245765,0.6065422184572329,-0.133023817165884,1.1278661807454102,0.0,,,,,,,,,,,,,,,0.04685430021675817,0.1
2026-03-12,49.9,54.3,49.9,51.42,150679865.0,0.0,0.0,44.708804259280896,35.37240700407554,4.183571428571428,0.08136078235261272,67.65295521849089,0.9453481498322448,0.34545454545446774,54.3,54.3,54.3,5462301286.0,4899851176.65,300614367.32991934,4687.5601,0.008578020906333084,0.010216110019646507,0.0016380891133134234,1.6041785960396966,2.231681092245924,-0.6884070343177446,0.34545454545446774,-0.05620200681472977,1.8710020893070642,0.0016380891133134234,0.9916666666666667,0.38465271037928433,1.1551798962102813,0.3827846766819846,-0.5250910376511849,0.023157049782921612,0.8220578173913176,-0.44990468631894004,1.1631855809775216,0.0,,,,,,,,,,,,,,,0.04699547083359833,0.1
2026-03-13,51.05,53.0,49.45,49.68,130784094.0,0.0,0.0,45.182251472682715,35.84150841377798,4.189285714285714,0.08432539682539512,63.30645878237377,0.8234888064881699,0.06478873239434711,54.3,54.3,54.3,5331517192.0,4953516739.35,276080336.22762173,4669.14,0.0018669915001570114,0.025810448069378378,0.023943456569221366,1.0736313620192148,2.2296743874618086,-1.1028132992324728,0.06478873239434711,-0.19420532206378058,1.369168329099495,0.023943456569221366,0.9916666666666667,0.029340504484964797,1.137401791753705,0.054877910126806276,-1.4199152625584754,-0.31471784749056747,0.3845956495516132,-0.18834428589804095,1.1631855809775216,0.0,,,,,,,,,,,,,,,0.04720672973792443,0.1
2026-03-16,49.28,50.2,46.67,47.23,125450079.0,0.0,0.0,45.37727514195103,36.214901580539355,4.166428571428571,0.08821572245243453,57.686557370749185,0.8038849391233586,0.15864022662884883,54.3,54.3,54.3,5206067113.0,4991874976.1,254355430.92519566,4671.5591,0.012155681029157872,0.033027121609798815,0.020871440580640943,0.44467937618171255,2.1990953173278363,-1.696896965540481,0.15864022662884883,-0.2182991305875479,0.8420977532144466,0.020871440580640943,1.0,-0.3879170093770495,1.081840140836383,-0.4092290976979201,-1.0995989154046106,-0.3732555902021607,-0.0700519153958169,-0.2287579431861779,1.1985049812096322,0.0,,,,,,,,,,,,,,,0.04752363200421602,0.1
2026-03-17,47.89,48.29,43.09,43.22,160718227.0,0.0,0.0,45.17182036652712,36.44457693855446,4.28,0.09902822767237161,49.88139039580555,1.0450205091292375,0.02499999999999434,54.3,54.3,54.3,5045348886.0,5011900948.55,241695238.49284458,4637.4392,-0.00798266228300848,-0.13542708541708348,-0.127444423134075,-0.4560327959174455,2.039075567282855,-2.5887850467283666,0.02499999999999434,0.044036511185180496,0.1383888969372065,-0.127444423134075,1.0,-0.9746669496062971,0.8567672512309086,-1.0907826158621323,-1.5018969856398068,0.2642329998880939,-0.6614285486312297,-1.980442021984935,1.1985049812096322,1.0,,,,,,,,,,,,,,,0.04772019422497341,0.1
2026-03-18,43.1,44.65,42.42,44.51,137891286.0,0.0,0.0,45.1087898554293,36.70901703892972,4.15142857142857,0.0932695702410352,52.125489063894925,0.9097165780320327,0.9372197309412834,54.3,54.3,54.3,5183240172.0,5029708687.45,240539996.1749058,4658.3324,-0.009812634760718919,-0.1238188976377953,-0.11400626287707638,-0.14423706083978352,2.0233451381790397,-2.35822436338553,0.9372197309412834,-0.09462218069476222,0.6382784027250153,-0.11400626287707638,0.9916666666666667,-0.7595665204805191,0.8261093858394113,-0.8992918425703571,1.4059479765974137,-0.07236725275116287,-0.2219394486892121,-1.7806105250621194,1.1631855809775216,0.0,,,,,,,,,,,,,,,0.04869490299775524,0.1
2026-03-19,42.88,44.4,42.87,43.11,90545645.0,0.0,0.0,44.918428916816985,36.9188853327353,3.8857142857142852,0.09013487092818824,49.53331967649304,0.6117404692470665,0.15686274509793788,54.3,53.0,53.0,5092694527.0,5051079352.6,225744936.65247765,4583.2511,-0.022252301362493343,-0.16161026837806303,-0.13935796701556968,-0.4654045006513105,2.058706069432257,-2.8797794117639643,0.15686274509793788,-0.4914471562705966,0.18434599250420386,-0.13935796701556968,0.9833333333333333,-0.9607103798662632,0.863997420216562,-1.2829028554354613,-1.0838925213616295,-1.0320687573532674,-0.6044255579157773,-2.028776019568907,1.1252898821927682,0.0,,,,,,,,,,,,,,,0.052398273125085285,0.1
2026-03-20,44.5,45.4,42.89,42.98,128651148.0,0.0,0.0,44.733816639024894,37.11761040379316,3.6228571428571428,0.08429169713487805,49.288212345135236,0.8668785527144761,0.035856573705163555,54.3,50.2,50.2,4964043379.0,5059979083.8,218513782.99918115,4567.0179,-0.021871715133836345,-0.13486312399355882,-0.11299140885972248,-0.4840976527275589,2.102265128020798,-3.124605678232576,0.035856573705163555,-0.1428563896206735,-0.43903731601388135,-0.11299140885972248,0.95,-0.9651729485793926,0.9116984458089072,-1.4490852094079967,-1.464069326826064,-0.19430286547575062,-1.1285915939977162,-1.6933333959121175,0.984187702607468,0.0,,,,,,,,,,,,,,,0.05531855389025426,0.1
2026-03-23,42.03,42.97,40.92,41.36,106727762.0,0.0,0.0,44.41250076864157,37.2567051446524,3.5085714285714267,0.08483006355346571,46.218941544903295,0.7281744151908678,0.21463414634135788,54.3,48.29,48.29,4857315617.0,5070717210.6,202421260.34962532,4417.9971,-0.054277810592185505,-0.12428541181452457,-0.07000760122233907,-0.8700124340588324,2.039518296739004,-3.688110749184618,0.21463414634135788,-0.317214678174332,-1.054244960393042,-0.07000760122233907,0.9666666666666667,-1.2044124266150276,0.8197493466742708,-1.8389386474232756,-0.8800603699657823,-0.6207010916041961,-1.6218595631019264,-1.1901882990561303,1.0523465343673037,1.0,,,,,,,,,,,,,,,0.0575256327215359,0.1
2026-03-24,42.8,44.4,41.6,44.37,138690856.0,0.0,0.0,44.40845307638999,37.48992792679494,3.5142857142857133,0.07920409543127416,52.17773640205415,0.9493962933089425,0.9892857142853605,54.3,45.4,45.4,4996006473.0,5080969591.7,192963994.18192974,4474.7224,-0.03508764060992975,0.026608051827857526,0.061695692437787275,-0.0109419323060921,1.968686018176893,-2.8256097560967577,0.9892857142853605,-0.051928977118441036,-0.44030555576028935,0.061695692437787275,0.925,-0.6416718988758437,0.7203074952250804,-1.1755145670832372,1.58192224476272,0.014401890288004125,-1.0828344091943058,0.29661903966939057,0.876172449372777,1.0,,,,,,,,,,,,,,,0.06008195181156705,0.1
2026-03-25,46.08,48.6,46.0,48.17,180209572.0,0.0,0.0,44.766695640543325,37.840094224277074,3.5421428571428564,0.07353420919955952,58.43843461722667,1.221858216559307,0.8346153846150638,54.3,48.6,48.6,5176216045.0,5107838017.2,164903576.23191282,4537.4656,-0.0259463665581271,0.08222871264884302,0.10817507920697012,0.9608038119052233,1.9554833601068797,-1.7305908449279235,0.8346153846150638,0.2003728282890167,0.41465460824110006,0.10817507920697012,0.85,-0.004161313321074751,0.6969806468207634,-0.3465881883924044,1.1014354005364608,0.6401388486495869,-0.3474754314662515,0.8201799267295452,0.5623350401359369,0.0,,,,,,,,,,,,,,,0.060668296644338086,0.1
2026-03-26,47.81,49.88,47.17,47.88,138967101.0,0.0,0.0,45.06320081763444,38.169271462825364,3.480714285714284,0.07269662250865103,57.81636001339308,0.939626741687313,0.2619926199261028,54.3,49.88,49.88,5037248944.0,5121217680.55,146781981.7427168,4477.5343,-0.023065897480502473,0.11064718162839249,0.13371307910889496,0.8092589483502275,1.9806076537512693,-1.8444490047193545,0.2619926199261028,-0.06227256588791101,-0.5720643334628275,0.13371307910889496,0.8333333333333334,-0.09570085657104721,0.7240549454198003,-0.42012230998782335,-0.7323259856718847,0.006212362675847353,-1.1747690932560249,1.1069821094936043,0.4960888353473837,1.0,,,,,,,,,,,,,,,0.06365999036468757,0.1
2026-03-27,46.88,50.21,46.52,48.95,139297170.0,0.0,0.0,45.43337216833592,38.522737972240925,3.3985714285714272,0.06942944695753539,59.52821404624411,0.9574053559546492,0.6585365853656755,53.0,50.21,50.21,5176546114.0,5132195729.85,142228259.531758,4502.5698,-0.014111637267723354,0.13890181479758046,0.1530134520653038,1.0347370669037972,2.0333938365973414,-1.1916771752833817,0.6585365853656755,-0.0435284077688006,0.31182540161856276,0.1530134520653038,0.7833333333333333,0.05735385762037973,0.7888233927856818,0.0760980876687682,0.5439062084108585,0.05667607459189619,-0.4031039995625146,1.3228008650762586,0.2886211791447242,1.0,,,,,,,,,,,,,,,0.06729296002717026,0.1
2026-03-30,48.1,53.85,48.1,53.85,135108699.0,0.0,0.0,46.234955771351544,39.025271153478926,3.489285714285713,0.064796392094441,66.27726172306336,0.9427742293531561,0.999999999999826,50.21,53.85,53.85,5311654813.0,5140989032.1,147516738.96567738,4491.95,0.016739010534887022,0.3019825918762089,0.2852435813413219,2.182407762559834,2.066235100310906,1.0431934493343995,0.999999999999826,-0.058928442454590134,1.1569248486418096,0.2852435813413219,0.7416666666666667,0.8013415303456904,0.8265665346765307,1.7300633368255274,1.607379869035541,0.02063730631747886,0.32684576628278156,2.7183782930274956,0.11793208120241389,0.0,,,,,,,,,,,,,,,0.06729296002717026,0.1
2026-03-31,53.31,54.66,51.34,52.66,176089922.0,0.0,0.0,46.84686474550854,39.472311443528795,3.4185714285714264,0.06491780153002966,63.50744928360111,1.2229839881102902,0.3975903614456621,53.85,54.66,54.66,5135564891.0,5149108209.05,142438644.44394574,4450.0493,-0.005513883945068909,0.18683795357223354,0.19235183751730245,1.7004574501223702,2.157203222475685,-0.34809862097775185,0.3975903614456621,0.2012937643137622,-0.09508176733126612,0.19235183751730245,0.7416666666666667,0.4864935448610967,0.9423118950088315,0.6832615765510508,-0.30137707460934865,0.6669402402242778,-0.7430739736805652,1.6762734309440217,0.12163195102057396,1.0,,,,,,,,,,,,,,,0.06729296002717026,0.1
2026-04-01,54.66,54.7,50.58,51.96,128739639.0,0.0,0.0,47.33383000784106,39.88174385521638,3.3985714285714272,0.06540745628505315,61.86950836917248,0.9000198750868322,0.3349514563105986,54.66,54.7,54.7,5006825252.0,5143410473.85,145699693.69192535,4526.0668,-0.0025121512766952403,0.07867967614697946,0.0811918274236747,1.361210170033757,2.1927113521797996,-0.7944514501889204,0.3349514563105986,-0.10533843247184806,-0.9374434385483538,0.0811918274236747,0.7416666666666667,0.2675831544115579,0.9856237621377972,0.3496231896888109,-0.48946583860159393,-0.0999831759075923,-1.4430588071361883,0.45950092862355185,0.12471003631114055,1.0,,,,,,,,,,,,,,,0.06729296002717026,0.1
2026-04-02,52.03,55.8,52.03,53.39,146987529.0,0.0,0.0,47.91060810233239,40.32463749930765,3.4192857142857136,0.06404356085944277,63.91689625428956,1.0358457888991883,0.36074270557019633,54.7,55.8,55.8,5153812781.0,5136572830.7,141789723.08556968,4478.9141,0.0003081606767367795,0.11507936507936511,0.11477120440262834,1.6024960636583274,2.2185834226512497,-0.3831209525797926,0.36074270557019633,0.03521828034376037,0.12158815127663329,0.11477120440262834,0.7166666666666667,0.4245208064711144,1.0158577145082648,0.6516405711463225,-0.41337729947463714,0.25017706179247756,-0.5254534813374885,0.8119899670763315,0.022599374611868082,1.0,,,,,,,,,,,,,,,0.06729296002717026,0.1
2026-04-03,54.45,58.73,54.01,58.05,169832639.0,0.0,0.0,48.876264473538825,40.905796925559855,3.548571428571427,0.06112956810631122,69.63814232342081,1.1845988403332124,0.8559322033896491,55.8,58.73,58.73,5323645420.0,5145252211.0,147545617.94553816,4440.7889,-0.013721253138596734,0.18590398365679262,0.19962523679538935,2.585191170902179,2.246105991780881,0.6340579710143143,0.8559322033896491,0.16940418590803888,1.2090715501008527,0.19962523679538935,0.6916666666666667,1.0574457111149107,1.0485011739401189,1.390930252466632,1.1730758255995224,0.5775567591682892,0.4100654111864519,1.69637117629827,-0.07948417403065595,0.0,,,,,,,,,,,,,,,0.06729296002717026,0.1
2026-04-07,58.35,61.5,58.0,58.7,166875408.0,0.0,0.0,49.81185833320179,41.48921341980379,3.4271428571428553,0.05838403504502209,70.34446734646707,1.1612702655770901,0.19999999999994367,58.73,61.5,61.5,5490520828.0,5170285599.2,160922698.8339337,4440.6162,-0.011427954451852629,0.09006499535747459,0.10149294980932722,2.5934552591733793,2.4284499538878297,-0.008753647353059486,0.19999999999994367,0.14951446251319614,1.9899941470063904,0.10149294980932722,0.65,1.0515064858092842,1.278378616389499,0.9077216168682762,-0.9358179821256328,0.5204508066702246,1.068232889862756,0.6330438422955108,-0.25203806621225955,1.0,,,,,,,,,,,,,,,0.06729296002717026,0.1
2026-04-08,60.8,60.87,56.55,58.56,195107878.0,0.0,0.0,50.64501468242067,42.04891134046596,3.576428571428571,0.06107289227166171,69.96692263837481,1.338438567143639,0.4652777777776712,61.5,61.5,61.5,5295412950.0,5177880205.2,163050489.15012953,4595.556,0.032697772584227236,0.11203949867071783,0.0793417260864906,2.213097552348305,2.40354397418279,-0.8220491312160667,0.4652777777776712,0.29150368613277916,0.7208365053831967,0.0793417260864906,0.6833333333333333,0.8043444804756993,1.23992210593037,0.3161449025650121,-0.07542701883840712,0.8682121698202843,-0.012994825259706229,0.3910618256594049,-0.10407723792793089,1.0,,,,,,,,,,,,,,,0.06729296002717026,0.1
2026-04-09,57.21,60.8,56.11,59.54,194181874.0,0.0,0.0,51.49215614123776,42.62238965717199,3.7942857142857136,0.0637266663467526,71.13479611308956,1.3202751763472742,0.7313432835819339,61.5,61.5,61.5,5489594824.0,5186778875.35,174557269.17019618,4566.2237,0.008872361318220001,0.1458814472671286,0.1370090859489086,2.121043185667201,2.3376643595046684,-0.5165662650601052,0.7313432835819339,0.2778401818018217,1.734765616404947,0.1370090859489086,0.7083333333333334,0.7350274713875876,1.1472325031399768,0.5349165101015475,0.768780472149998,0.8251398623621885,0.845394395092989,0.9933721591153013,0.009867055665942467,0.0,,,,,,,,,,,,,,,0.06729296002717026,0.1
2026-04-10,59.21,59.21,55.71,55.98,208927553.0,0.0,0.0,51.91956984207225,43.06034409464176,3.8885714285714275,0.06946358393303605,61.74218089230799,1.3929506081674548,0.07714285714283396,61.5,61.5,61.5,5280667271.0,5177697174.6,164416801.25525796,4636.5655,0.035198576369213974,0.04851095710807263,0.013312380738858653,1.0441958525160517,2.2782726022041686,-1.4195444526080123,0.07714285714283396,0.3314242370028279,0.626274782223369,0.013312380738858653,0.7833333333333333,0.03430824892144181,1.0623266732465928,-0.1364037952368424,-1.3287637118643105,0.9427327390478003,-0.10280112586871946,-0.33611400389873364,0.3389769842426639,0.0,,,,,,,,,,,,,,,0.06831134522309523,0.1
2026-04-13,55.0,55.95,53.1,53.49,203511870.0,0.0,0.0,52.069134619017746,43.40230002596498,3.9471428571428566,0.07379216408941451,56.15694001514048,1.324726344253779,0.13684210526311,61.5,61.5,61.5,5077155401.0,5164979085.05,161844175.8528681,4646.1546,0.04624531915939545,-0.07855297157622732,-0.12479829073562276,0.3599731330753991,2.195723566824248,-2.029315960911538,0.13684210526311,0.28120590546872576,-0.542643462992702,-0.12479829073562276,0.85,-0.4163525131281947,0.9469676753683475,-0.5953841975577527,-1.1419525001452537,0.8070970351907772,-1.0968527179763152,-1.8037216856432134,0.6356386167718736,0.0,,,,,,,,,,,,,,,0.06877640313720149,0.1
2026-04-14,53.51,54.41,52.15,52.67,156956401.0,0.0,0.0,52.12635989339701,43.706159041507114,3.8914285714285697,0.0738832081152173,54.41132514180175,1.011311093871013,0.230088495575121,61.5,60.87,60.87,4920199000.0,5150685679.4,170002026.4944861,4701.2837,0.05870074968424421,-0.102725724020443,-0.1614264737046872,0.13970193635168776,2.1637814230254824,-2.2690895741550707,0.230088495575121,0.011247601776837172,-1.3557878347260484,-0.1614264737046872,0.85,-0.5607527508286113,0.8964475977949776,-0.7716259695482537,-0.8249912577328622,0.12856396500532696,-1.7597090600362146,-2.149711374897451,0.6438940154936519,0.0,,,,,,,,,,,,,,,0.0692105326579567,0.1
2026-04-15,52.86,53.99,51.73,52.13,130152540.0,0.0,0.0,52.12670657021634,43.98235054834294,3.750714285714284,0.07194924775972016,53.237701402962,0.8469468152755166,0.17699115044240166,61.5,60.8,60.8,4790046460.0,5137920558.1,186241727.3779177,4685.2464,0.019516767938417168,-0.10980191256830596,-0.12931868050672313,0.000878080688844672,2.1714146697047654,-2.498190820795373,0.17699115044240166,-0.16611737818408237,-1.8678633569269991,-0.12931868050672313,0.7916666666666666,-0.653441933805432,0.897108692259224,-0.9421187194937019,-1.0009542830230524,-0.3372987077320102,-2.1448779884920266,-1.8004300613175999,0.39469175387622435,1.0,,,,,,,,,,,,,,,0.06944651544528571,0.1
2026-04-16,51.81,53.44,50.89,53.14,142840210.0,0.0,0.0,52.22321070638621,44.282601350036614,3.739285714285713,0.07036668638098688,55.1847539180678,0.9280154904918351,0.8823529411761255,61.5,59.21,59.21,4932886670.0,5125402883.0,191124410.31974283,4736.6077,0.03731398441999234,-0.1074907625125966,-0.14480474693258893,0.24517765254230403,2.123563151649755,-2.2357211079268144,0.8823529411761255,-0.07470685399491253,-1.0072821816843214,-0.14480474693258893,0.7666666666666667,-0.5040773346098266,0.8270827513997537,-0.7598156059263198,1.289133023496072,-0.11584584260815703,-1.4262339660091183,-1.9370344528770191,0.29375400171913085,1.0,,,,,,,,,,,,,,,0.06954113753025361,0.1
2026-04-17,52.59,56.1,52.59,55.65,213417354.0,0.0,0.0,52.54957159149228,44.65530294511738,3.7264285714285705,0.06696187909125792,59.67800657798197,1.3333279958735167,0.8717948717946226,61.5,56.1,56.1,5146304024.0,5128083357.85,191022790.084827,4728.6716,0.01986515665528721,-0.005894962486602373,-0.02576011914188958,0.8320106904177957,2.118454304182845,-1.5698677400800856,0.8717948717946226,0.28767806934890605,0.09538477655942736,-0.02576011914188958,0.7083333333333334,-0.1289534858713774,0.8108630793194881,-0.2738894462495037,1.233443696167818,0.8037056592644524,-0.5208616407986113,-0.7098513196386227,0.045059577943439635,1.0,,,,,,,,,,,,,,,0.06954113753025361,0.1
2026-04-20,58.35,60.99,57.5,60.89,221872593.0,0.0,0.0,53.343898106588256,45.187588094457794,3.6971428571428566,0.060718391478778055,67.09515755349402,1.34692948059708,0.9713467048707815,61.5,60.99,60.99,5368176617.0,5148290019.75,193954066.90260175,4757.4419,0.023952560683193846,0.1383436156290896,0.11439105494589574,2.041063108727509,2.2061116725230985,-0.16499227202468475,0.9713467048707815,0.29782754312315396,1.1337044938605016,0.11439105494589574,0.625,0.6556530217932959,0.9103787819567032,0.7745980874686831,1.5376521598690571,0.8166396248236211,0.33138975157405387,0.7323459445416362,-0.31425359361925337,0.0,,,,,,,,,,,,,,,0.06954113753025361,0.1
2026-04-21,59.5,60.4,57.27,59.8,183209207.0,0.0,0.0,53.95876495357985,45.66668356677065,3.7185714285714275,0.06218346870520678,64.43976362619296,1.0869801872500122,0.8083067092649168,61.5,60.99,60.99,5184967410.0,5164672609.4,182164066.7623836,4767.997,0.014190443346356663,0.1353711790393013,0.12118073569294463,1.570827711291972,2.2299104766672615,-0.45716480983468394,0.8083067092649168,0.08340338097204987,0.11140946159526124,0.12118073569294463,0.65,0.3352447444799823,0.928365659889303,0.5395231275034558,0.9937043255044584,0.23617409083546378,-0.5287134125847768,0.7893628427658084,-0.19718131442416487,1.0,,,,,,,,,,,,,,,0.06954113753025361,0.1
2026-04-22,59.7,65.78,59.55,65.78,203696367.0,0.0,0.0,55.08459686276272,46.32613656458145,3.8692857142857133,0.058821613169438354,71.17894348391272,1.1856662526188448,0.9999999999998395,60.99,65.78,65.78,5388663777.0,5184305474.6,184077393.24312505,4799.627,0.024412931622977307,0.26184538653366585,0.23743245491068854,2.7641802459162492,2.2635858256323833,1.2379545874096856,0.9999999999998395,0.17030485508716478,1.110175990650237,0.23743245491068854,0.5916666666666667,1.1073459097168377,0.9574375617210736,1.8071197931024656,1.6118844476132619,0.4562115018805724,0.29692165505911666,1.943620536635682,-0.44744680686800076,1.0,,,,,,,,,,,,,,,0.06954113753025361,0.1
2026-04-23,66.77,70.3,66.03,69.52,273438882.0,0.0,0.0,56.45939716154723,47.08659110344763,3.9178571428571414,0.056355827716586385,74.44133231021341,1.5495752150070752,0.8173302107726419,65.78,70.3,70.3,5662102659.0,5208599805.3,211436770.0436439,4786.3273,0.010496879443910867,0.3082423786225066,0.2977454991785957,3.3336087463681334,2.3923297140084037,0.9546034639924628,0.8173302107726419,0.43798083853712166,2.1448627578182813,0.2977454991785957,0.575,1.4558184261221867,1.1020318663289632,1.5585404470290751,1.0252204623440853,1.1691602300297503,1.1472885033941878,2.470719476483461,-0.5131492548081975,0.0,,,,,,,,,,,,,,,0.06954113753025361,0.1
2026-04-24,68.0,71.3,66.55,69.54,221203009.0,0.0,0.0,57.70516886044749,47.8227684443182,3.875714285714285,0.05573359628579565,74.45798268814563,1.2250104995595084,0.6294736842103957,70.3,71.3,71.3,5883305668.0,5250902641.5,253395583.92087165,4769.3688,0.008606476288182119,0.2495956873315366,0.24098921104335447,3.053587098298792,2.5498268674119875,-0.19609288610389106,0.6294736842103957,0.2029494150289453,2.4957144742407262,0.24098921104335447,0.5666666666666667,1.2502573406813746,1.2766942265062262,0.6802131489244683,0.4065950285650365,0.5192626730041321,1.4184221737830305,1.8608738683246873,-0.5420221718340211,1.0,,,,,,,,,,,,,,,0.06954113753025361,0.1
2026-04-27,69.54,74.49,68.9,71.38,249512238.0,0.0,0.0,59.007533730881065,48.59513669204547,4.024999999999999,0.0563883440739695,76.00662036395588,1.3408646492031124,0.44364937388185166,71.3,74.49,74.49,6132817906.0,5298716231.1,317073279.58844846,4770.9469,0.0028387104422651355,0.17227787814090978,0.16943916769864464,3.0739046631343756,2.5869309413249715,0.019875776397510172,0.44364937388185166,0.29331466647104765,2.6306274561597824,0.16943916769864464,0.575,1.241624552694852,1.300292512024562,0.835417014388173,-0.2019956409286311,0.755590106725514,1.5007384324556914,1.1406182464249548,-0.4972895951046959,0.0,,,,,,,,,,,,,,,0.06954113753025361,0.1
2026-04-28,70.0,71.6,67.68,68.29,176584323.0,0.0,0.0,59.89157813746382,49.24086991525709,3.9964285714285688,0.05852143170930605,68.49585403564586,0.9384952104629962,0.15561224489791983,74.49,74.49,74.49,5956233583.0,5330945169.6,348001211.5058477,4758.2083,-0.0020530004528106494,0.14197324414715728,0.14402624459996793,2.101481788659112,2.665056570345968,-1.551385165325794,0.15561224489791983,-0.06347752636444437,1.7967995303645443,0.14402624459996793,0.5833333333333334,0.6019252018127701,1.371947376738085,-0.3447951904637147,-1.120702701341691,-0.21281744621724386,0.8080150763516177,0.8812817489836844,-0.45512579158328237,0.0,,,,,,,,,,,,,,,0.06954113753025361,0.1
2026-04-29,67.0,68.2,65.35,67.38,123763734.0,0.0,0.0,60.60476117199107,49.83559549180604,3.8714285714285697,0.05745664249671286,66.41441926929802,0.6670440813539326,0.7122807017541343,74.49,74.49,74.49,5832469849.0,5365790417.5,361328561.62694657,4810.3468,0.0022334652255269205,0.024323502584371992,0.02209003735884507,1.7500616898911525,2.7817033122241988,-1.8365313653131794,0.7122807017541343,-0.40489914626388857,1.2915652983497685,0.02209003735884507,0.5666666666666667,0.3690470994957256,1.486423733026916,-0.5512364413661942,0.6780666595367864,-1.1274042608468338,0.3986228021478792,-0.3027270946440381,-0.5236208390135839,0.0,,,,,,,,,,,,,,,0.06954113753025361,0.1
2026-04-30,67.7,68.0,63.3,65.7,160934768.0,0.0,0.0,61.09002201275383,50.35573990191076,3.933571428571427,0.05987171124157332,62.6305401872562,0.8599224889859172,0.5106382978722327,74.49,74.49,74.49,5671535081.0,5399025908.95,357330270.2211069,4807.3069,0.004383235555161402,-0.0549482163406213,-0.059331451895782705,1.1719573601131301,2.72888958692146,-2.2346104957321344,0.5106382978722327,-0.15091302288259661,0.7626254889667714,-0.059331451895782705,0.6,-0.008726925043394899,1.3987114051895801,-0.841963270414968,0.01211411303335967,-0.43300513302550264,-0.033840261503180265,-1.0806590491016808,-0.3737182797978295,1.0,,,,,,,,,,,,,,,0.06954113753025361,0.1
2026-05-06,67.5,72.27,67.5,71.8,191574699.0,0.0,0.0,62.11001991630108,51.05883039693008,4.197142857142856,0.058456028651013896,69.43898447741344,1.0115905871248438,0.9014675052409012,74.49,74.49,74.49,5863109780.0,5434490758.9,366318692.5298785,4877.0932,0.0225867204901411,0.0324992809893585,0.009912560499217404,2.308708665278295,2.6330267745261606,-0.6409121851598197,0.9014675052409012,0.011523930832505042,1.1700713882217202,0.009912560499217404,0.5666666666666667,0.7181092600676134,1.2649033842492188,0.3605290112473943,1.2787832321436612,0.0035895294615868973,0.29816996179253985,-0.4097533097003415,-0.5176111474198418,1.0,,,,,,,,,,,,,,,0.06954113753025361,0.1
2026-05-07,74.55,76.63,71.8,75.96,190890446.0,0.0,0.0,63.429065638558114,51.87526218719466,4.3807142857142845,0.057671330775595414,73.04566642341365,1.0024044117323532,0.8612836438921608,74.49,76.63,76.63,6054000226.0,5471008499.2,389141495.69753516,4900.5098,0.02715664263628681,0.06416363126926306,0.037006988632976245,2.8604774345368713,2.637424560884584,0.3355617153105379,0.8612836438921608,0.0024015257595826375,1.49814844534888,0.037006988632976245,0.55,1.0585762340687488,1.2503052994759702,1.0811823959986695,1.1288137302046972,-0.02357572680806315,0.558703096593215,-0.15101498386600126,-0.5863193883348629,1.0,,,,,,,,,,,,,,,0.06954113753025361,0.1
2026-05-08,74.25,79.49,74.25,77.27,163302292.0,0.0,0.0,64.74724986345734,52.707876541712864,4.593571428571427,0.05944831666327641,74.08292882099207,0.8583386820757403,0.5763358778624852,76.63,79.49,79.49,6217302518.0,5507347583.7,421828491.4363767,4871.9122,0.023896368723496098,0.13149802313662295,0.10760165441312686,2.72614681871496,2.620917843327415,0.13932514383452121,0.5763358778624852,-0.15275652302727444,1.6830416833213857,0.10760165441312686,0.5833333333333334,0.9554437893545306,1.2109887712163574,0.9195671782710815,0.20650701027030774,-0.4453004298618158,0.7027558630452142,0.5234211263338713,-0.435492478693343,0.0,,,,,,,,,,,,,,,0.06954113753025361,0.1
2026-05-11,79.3,79.9,73.83,74.99,238897082.0,0.0,0.0,65.7227498764614,53.43843796657474,4.844999999999999,0.06460861448193006,69.09891221266045,1.2413889831231033,0.1911037891268211,79.49,79.9,79.9,5978405436.0,5541497208.0,430838763.2400952,4951.8366,0.029413638118565455,0.1129415256752746,0.08352788755670915,1.912745123536982,2.5354616945065294,-0.9287925696592513,0.1911037891268211,0.21623090039955647,1.0140875549689627,0.08352788755670915,0.6666666666666666,0.42038043030710487,1.0941978788781517,0.11474577785498971,-1.0317592704206915,0.5577775534801551,0.15578866464003047,0.28298214539924965,-0.07030733531365407,0.0,,,,,,,,,,,,,,,0.06954113753025361,0.1
2026-05-12,75.5,78.5,74.66,75.1,177002325.0,0.0,0.0,66.61582131679842,54.14865311521163,4.868571428571427,0.06482784858284106,69.20654936916617,0.9238869654460137,0.1145833333333028,79.9,79.9,79.9,6155407761.0,5574787854.85,450803048.1524691,4948.0465,0.029276183719412874,0.1430745814307457,0.11379839771133282,1.7426423351642857,2.5607446423441784,-0.9859154929575465,0.1145833333333028,-0.07916554659197743,1.2879680129261777,0.11379839771133282,0.675,0.3023635586301796,1.1069264726808383,0.06968222170106274,-1.2594351244603734,-0.2581283923510548,0.3792062456344208,0.566046340886291,-0.03577752296312651,0.0,,,,,,,,,,,,,,,0.06954113753025361,0.1
2026-05-13,73.34,77.0,73.33,75.43,152332907.0,0.0,0.0,67.45526690567476,54.84640219340141,4.749285714285713,0.06296282267381215,69.5492324249744,0.8070418240453069,0.572207084468511,79.9,79.9,79.9,6307740668.0,5626141524.7,472357739.68413603,4998.3417,0.024860812584020175,0.05055710306406702,0.025696290480046846,1.679143680561437,2.6548970668038776,-0.9411941645358223,0.572207084468511,-0.2143797854810286,1.4429723195724138,0.025696290480046846,0.6333333333333333,0.25104427710135346,1.196502328694997,0.09727687176205321,0.20536087221508034,-0.6280402172451545,0.4995378184271058,-0.2958060713576248,-0.21799011069791893,0.0,,,,,,,,,,,,,,,0.06954113753025361,0.1
2026-05-14,76.88,77.2,73.68,74.0,143096362.0,0.0,0.0,68.07857481942003,55.47438900673251,4.7421428571428565,0.06408301158301072,66.11566616587689,0.7704375563869068,0.09090909090906324,79.9,79.9,79.9,6164644306.0,5680515969.95,468609888.9437724,4914.5971,0.0028746601016897966,-0.025803054239073142,-0.02867771434076294,1.2486813153803609,2.6579093444432607,-1.2441632776017875,0.09090909090906324,-0.2607966704822366,1.0331159189602375,-0.02867771434076294,0.65,-0.041272765367447485,1.180030974333637,-0.13896573672817705,-1.3574742542704648,-0.7563237375724295,0.15503438341284306,-0.8237740695898799,-0.14337802629386692,0.0,,,,,,,,,,,,,,,0.06944651544528571,0.1
2026-05-15,73.98,74.51,67.97,69.8,158376933.0,0.0,0.0,68.24252007471335,55.944081170446196,4.764285714285713,0.06825624232500925,57.185901752673416,0.8523829105164156,0.2798165137614246,79.9,79.9,79.9,6006267373.0,5734819388.6,439372246.3112252,4859.5927,-0.002528678575118737,-0.09667400025883266,-0.09414532168371392,0.326907330644804,2.5813814791559837,-2.1199400299845648,0.2798165137614246,-0.15971942762545702,0.6178086728940134,-0.09414532168371392,0.7166666666666667,-0.6612962513993497,1.0740951627360429,-0.8108719872030863,-0.743935140556128,-0.4853840470238334,-0.19648492519397648,-1.4521484456793472,0.14917357358639233,1.0,,,,,,,,,,,,,,,0.06944651544528571,0.1
2026-05-18,69.01,72.95,69.01,71.8,129168578.0,0.0,0.0,68.58132768664542,56.46394736157911,4.722857142857142,0.06577795463589244,59.95924288389992,0.6953679873972352,0.7081218274109862,79.9,78.5,78.5,6135435951.0,5802088863.15,389766180.9277803,4833.5237,-0.02389273103236078,-0.042539005200693425,-0.018646274168332644,0.6815095642310118,2.565688514078834,-1.715063520870782,0.7081218274109862,-0.36331409527210107,0.8552488752526383,-0.018646274168332644,0.6833333333333333,-0.43777547058444816,1.0387413700554682,-0.5115590611983338,0.6410657398189219,-1.0676911206816164,-0.007684362462678338,-0.7271279214088667,0.0015284921049083119,1.0,,,,,,,,,,,,,,,0.06944651544528571,0.1
2026-05-19,70.4,76.11,66.52,75.47,194173310.0,0.0,0.0,69.23739171648872,57.08709662841258,5.0685714285714285,0.06716008253042748,64.5031278641842,1.0310687441753152,0.9332638164753979,79.9,77.2,77.2,6329609261.0,5871924992.7,350968455.3960014,4852.8832,-0.019232499128696623,0.004926764314247656,0.02415926344294428,1.2296577785955574,2.3971833601047394,-0.8740135287484196,0.9332638164753979,0.030595879994651336,1.3040609811602306,0.02415926344294428,0.7,-0.08592108194487735,0.8317328461119706,0.11808694320276564,1.3507541682511532,0.015581402565767462,0.35401249731719253,-0.3193805391060259,0.07216300740115715,0.0,,,,,,,,,,,,,,,0.06944651544528571,0.1
2026-05-20,74.7,78.13,74.0,75.78,171065316.0,0.0,0.0,69.86049726729931,57.699978706169546,4.964285714285714,0.06550918071108008,64.86581755712987,0.9186946034309817,0.4309927360773782,79.9,78.13,78.13,6500674577.0,5939643520.35,334713414.9880845,4850.7,-0.029538136618390887,0.0046400636351584534,0.03417820025354934,1.1924178166588921,2.449600861234279,-0.8299280575537905,0.4309927360773782,-0.08480152585826849,1.6761534839288466,0.03417820025354934,0.6666666666666666,-0.1271572673860586,0.8768674274107194,0.1403929706539195,-0.2821019962317958,-0.32329360884320635,0.6532026049198346,-0.2278646629196045,-0.07646990789394524,0.0,,,,,,,,,,,,,,,0.06899531743678017,0.1
2026-05-21,75.99,76.0,69.38,69.9,163020418.0,0.0,0.0,69.86425943231842,58.09997940432792,5.157142857142858,0.07377886777028304,53.66528050684259,0.8895476195299101,0.07854984894258782,79.9,78.13,78.13,6337654159.0,5988117397.45,318237734.64909315,4783.0976,-0.026756923777129127,-0.055405405405405284,-0.028648481628276157,0.006930303982577627,2.2811623322968844,-1.939058171744776,0.07854984894258782,-0.1170422381434806,1.098351086289057,-0.028648481628276157,0.8333333333333334,-0.9615860708046822,0.671083215398096,-0.7428337334324658,-1.4190541839301059,-0.4425575076579625,0.14705484110890277,-0.8447224936200562,0.6470499027951628,1.0,,,,,,,,,,,,,,,0.06944651544528571,0.1
2026-05-22,70.66,73.3,69.69,73.05,131991938.0,0.0,0.0,70.16766329590715,58.59014401402209,5.205,0.07125256673511197,57.862921418201424,0.7304426734401787,0.9307479224374152,79.9,78.13,78.13,6469646097.0,6052351331.8,276568719.74244505,4845.0956,-0.0029831923979967145,0.04656160458452718,0.0495447969825239,0.5537630555412674,2.2243072587671153,-1.3160422670506613,0.9307479224374152,-0.3141045266542335,1.5088284950973705,0.0495447969825239,0.775,-0.6009532942251782,0.5933752481497034,-0.26834627724416893,1.3184912461062919,-1.0459656177199244,0.48892182974125237,-0.08230396897349795,0.3820432349319069,0.0,,,,,,,,,,,,,,,0.06944651544528571,0.1
2026-05-25,73.1,73.74,69.67,73.41,146251848.0,0.0,0.0,70.47645726772552,59.07604093159513,5.159999999999999,0.07029015120555687,58.32756956189115,0.8224293568595296,0.9189189189186934,79.9,78.13,78.13,6615897945.0,6113713040.2,258031351.24408334,4921.5974,0.01822142715468633,0.02242339832869078,0.0042019711740044485,0.5685160333864161,2.2093830108775547,-1.2577519379842543,0.9189189189186934,-0.19549268834790415,1.9462166220451294,0.0042019711740044485,0.7416666666666667,-0.6154466539628054,0.5636167841212414,-0.24505513455642544,1.259466353316453,-0.702903373608614,0.8689656463548081,-0.5315519858974938,0.22810773026539138,0.0,,,,,,,,,,,,,,,0.06944651544528571,0.1
