=== nextday pipeline start: 2026-05-10T23:51:00 ===
symbol=601899.SH, out_root=/root/workspace/stock_realtime_v021_full/saved_data/601899_pipeline_out

[2026-05-10T23:51:00] RUN update_data
  /usr/bin/python3 bootstrap/ashare_xgb_dual_opportunity_regression_baostock_full_v19_compressed_trading_axis.py --mode update_data --symbol 601899 --benchmark_symbol 000300 --daily_start 2018-01-01 --daily_end 2026-05-08 --intraday_start '2018-01-01 09:30:00' --intraday_end '2026-05-08 15:00:00' --output_dir /root/workspace/stock_realtime_v021_full/saved_data/601899_pipeline_out/00_base --cache_mode incremental --feature_cache_mode incremental --adjust qfq
/root/workspace/stock_realtime_v021_full/bootstrap/ashare_fetch_and_train_xgb_sell_signal_baostock_state_cache_helper_fix2.py:246: FutureWarning: The behavior of DataFrame concatenation with empty or all-NA entries is deprecated. In a future version, this will no longer exclude empty or all-NA columns when determining the result dtypes. To retain the old behavior, exclude the relevant entries before the concat operation.
  merged = _normalize_daily_df(pd.concat([df_old, df_new], axis=0, ignore_index=True))
/root/workspace/stock_realtime_v021_full/bootstrap/ashare_fetch_and_train_xgb_sell_signal_baostock_state_cache_helper_fix2.py:248: FutureWarning: The behavior of DataFrame concatenation with empty or all-NA entries is deprecated. In a future version, this will no longer exclude empty or all-NA columns when determining the result dtypes. To retain the old behavior, exclude the relevant entries before the concat operation.
  merged = _normalize_intraday_df(pd.concat([df_old, df_new], axis=0, ignore_index=True))
/root/workspace/stock_realtime_v021_full/bootstrap/ashare_fetch_and_train_xgb_sell_signal_baostock_state_cache_helper_fix2.py:254: FutureWarning: The behavior of DataFrame concatenation with empty or all-NA entries is deprecated. In a future version, this will no longer exclude empty or all-NA columns when determining the result dtypes. To retain the old behavior, exclude the relevant entries before the concat operation.
  merged = _normalize_bench_df(pd.concat([df_old, df_new], axis=0, ignore_index=True))
/root/workspace/stock_realtime_v021_full/bootstrap/ashare_fetch_and_train_xgb_sell_signal_baostock_state_cache_helper_fix2.py:250: FutureWarning: The behavior of DataFrame concatenation with empty or all-NA entries is deprecated. In a future version, this will no longer exclude empty or all-NA columns when determining the result dtypes. To retain the old behavior, exclude the relevant entries before the concat operation.
  merged = _normalize_daily_feature_df(pd.concat([df_old, df_new], axis=0, ignore_index=True))
/root/workspace/stock_realtime_v021_full/bootstrap/ashare_fetch_and_train_xgb_sell_signal_baostock_state_cache_helper_fix2.py:252: FutureWarning: The behavior of DataFrame concatenation with empty or all-NA entries is deprecated. In a future version, this will no longer exclude empty or all-NA columns when determining the result dtypes. To retain the old behavior, exclude the relevant entries before the concat operation.
  merged = _normalize_intraday_feature_df(pd.concat([df_old, df_new], axis=0, ignore_index=True))
login success!
logout success!
login success!
logout success!
login success!
logout success!
{
  "mode": "update_data",
  "symbol": "601899",
  "data_source": "baostock",
  "daily_rows": 2022,
  "intraday_rows": 73680,
  "daily_min": "2018-01-02 00:00:00",
  "daily_max": "2026-05-08 00:00:00",
  "intraday_min": "2020-01-02 09:35:00",
  "intraday_max": "2026-05-08 15:00:00",
  "base_paths": {
    "daily_csv": "/root/workspace/stock_realtime_v021_full/saved_data/601899_pipeline_out/00_base/601899_daily.csv",
    "intraday_csv": "/root/workspace/stock_realtime_v021_full/saved_data/601899_pipeline_out/00_base/601899_5m.csv",
    "benchmark_csv": "/root/workspace/stock_realtime_v021_full/saved_data/601899_pipeline_out/00_base/000300_benchmark_daily.csv",
    "raw_daily_cache_csv": "/root/workspace/stock_realtime_v021_full/saved_data/601899_pipeline_out/00_base/raw_cache/601899_daily_raw.csv",
    "raw_intraday_cache_csv": "/root/workspace/stock_realtime_v021_full/saved_data/601899_pipeline_out/00_base/raw_cache/601899_5m_raw.csv",
    "raw_benchmark_cache_csv": "/root/workspace/stock_realtime_v021_full/saved_data/601899_pipeline_out/00_base/raw_cache/000300_benchmark_daily_raw.csv",
    "daily_features_csv": "/root/workspace/stock_realtime_v021_full/saved_data/601899_pipeline_out/00_base/daily_features.csv",
    "intraday_features_csv": "/root/workspace/stock_realtime_v021_full/saved_data/601899_pipeline_out/00_base/intraday_features.csv",
    "daily_features_cache_csv": "/root/workspace/stock_realtime_v021_full/saved_data/601899_pipeline_out/00_base/feature_cache/daily_features_cache.csv",
    "intraday_features_cache_csv": "/root/workspace/stock_realtime_v021_full/saved_data/601899_pipeline_out/00_base/feature_cache/intraday_features_cache.csv",
    "feature_state_json": "/root/workspace/stock_realtime_v021_full/saved_data/601899_pipeline_out/00_base/feature_cache/feature_state.json"
  },
  "fetch_logs": {
    "symbol": "601899",
    "benchmark_symbol": "000300",
    "daily_start": "2018-01-01",
    "daily_end": "2026-05-08",
    "intraday_start": "2018-01-01 09:30:00",
    "intraday_end": "2026-05-08 15:00:00",
    "perf_start": "2018-01-01",
    "data_source": "baostock",
    "cache_mode": "incremental",
    "force_refresh": false,
    "raw_cache_dir": "/root/workspace/stock_realtime_v021_full/saved_data/601899_pipeline_out/00_base/raw_cache",
    "feature_cache_dir": "/root/workspace/stock_realtime_v021_full/saved_data/601899_pipeline_out/00_base/feature_cache",
    "feature_cache_mode": "incremental",
    "daily": {
      "cache_path": "/root/workspace/stock_realtime_v021_full/saved_data/601899_pipeline_out/00_base/raw_cache/601899_daily_raw.csv",
      "requested_start": "2018-01-01",
      "requested_end": "2026-05-08",
      "mode": "initial_fetch",
      "fetch_segments": [
        {
          "provider": "baostock",
          "code": "sh.601899",
          "adjustflag": "2",
          "rows": 2022,
          "start": "2018-01-01",
          "end": "2026-05-08"
        }
      ],
      "cache_after": {
        "rows": 2022,
        "min": "2018-01-02 00:00:00",
        "max": "2026-05-08 00:00:00"
      }
    },
    "intraday_5m": {
      "cache_path": "/root/workspace/stock_realtime_v021_full/saved_data/601899_pipeline_out/00_base/raw_cache/601899_5m_raw.csv",
      "requested_start": "2018-01-01 09:30:00",
      "requested_end": "2026-05-08 15:00:00",
      "mode": "initial_fetch",
      "fetch_segments": [
        {
          "provider": "baostock",
          "code": "sh.601899",
          "adjustflag": "2",
          "requested_start": "2018-01-01 09:30:00",
          "effective_start": "2018-01-01 09:30:00",
          "requested_end": "2026-05-08 15:00:00",
          "rows": 73680
        }
      ],
      "cache_after": {
        "rows": 73680,
        "min": "2020-01-02 09:35:00",
        "max": "2026-05-08 15:00:00"
      }
    },
    "benchmark_daily": {
      "cache_path": "/root/workspace/stock_realtime_v021_full/saved_data/601899_pipeline_out/00_base/raw_cache/000300_benchmark_daily_raw.csv",
      "requested_start": "2018-01-01",
      "requested_end": "2026-05-08",
      "mode": "initial_fetch",
      "fetch_segments": [
        {
          "provider": "baostock",
          "code": "sh.000300",
          "rows": 2022,
          "start": "2018-01-01",
          "end": "2026-05-08"
        }
      ],
      "cache_after": {
        "rows": 2022,
        "min": "2018-01-02 00:00:00",
        "max": "2026-05-08 00:00:00"
      }
    },
    "feature_build": {
      "mode": "full_rebuild",
      "reason": "feature_cache_missing",
      "daily_cache_after": {
        "rows": 2022,
        "min": "2018-01-02 00:00:00",
        "max": "2026-05-08 00:00:00"
      },
      "intraday_cache_after": {
        "rows": 73680,
        "min": "2020-01-02 09:35:00",
        "max": "2026-05-08 15:00:00"
      },
      "daily_context_days": 260,
      "intraday_context_days": 40,
      "daily_appended_rows": 2022,
      "intraday_appended_rows": 73680
    },
    "feature_state": {
      "daily_feature_max": "2026-05-08 00:00:00",
      "intraday_feature_max": "2026-05-08 15:00:00",
      "daily_context_days": 260,
      "intraday_context_days": 40,
      "feature_build_mode": "full_rebuild"
    }
  }
}

[2026-05-10T23:53:59] RUN samples
  /usr/bin/python3 feature_building/build_nextday_samples_from_baostock.py --daily-features /root/workspace/stock_realtime_v021_full/saved_data/601899_pipeline_out/00_base/daily_features.csv --intraday-bars /root/workspace/stock_realtime_v021_full/saved_data/601899_pipeline_out/00_base/601899_5m.csv --out-dir /root/workspace/stock_realtime_v021_full/saved_data/601899_pipeline_out/01_samples --min-bars 40 --keep-unlabeled-tail
{
  "rows": 1535,
  "date_min": "2020-01-02",
  "date_max": "2026-05-08",
  "out": "/root/workspace/stock_realtime_v021_full/saved_data/601899_pipeline_out/01_samples/training_samples.csv"
}

[2026-05-10T23:54:00] RUN fundamental
  /usr/bin/python3 feature_building/build_fundamental_features.py --symbol 601899.SH --daily-samples /root/workspace/stock_realtime_v021_full/saved_data/601899_pipeline_out/01_samples/training_samples.csv --out-dir /root/workspace/stock_realtime_v021_full/saved_data/601899_pipeline_out/02_fundamental --start-date 2018-01-01 --end-date 2026-05-08 --fallback-lag-days 120
login success!
logout success!
{
  "rows": 1535,
  "date_min": "2020-01-02",
  "date_max": "2026-05-08",
  "source_errors": [],
  "top_missing_rates": {
    "ak_fund_小单净流入-净额_sum10": 0.9244299674267101,
    "ak_fund_主力净流入-净额_sum10": 0.9244299674267101,
    "ak_fund_主力净流入-净占比_sum10": 0.9244299674267101,
    "ak_fund_涨跌幅_sum10": 0.9244299674267101,
    "ak_fund_收盘价_sum10": 0.9244299674267101,
    "ak_fund_中单净流入-净额_sum10": 0.9244299674267101,
    "ak_fund_中单净流入-净占比_sum10": 0.9244299674267101,
    "ak_fund_小单净流入-净占比_sum10": 0.9244299674267101,
    "ak_fund_超大单净流入-净额_sum10": 0.9244299674267101,
    "ak_fund_大单净流入-净额_sum10": 0.9244299674267101,
    "ak_fund_大单净流入-净占比_sum10": 0.9244299674267101,
    "ak_fund_超大单净流入-净占比_sum10": 0.9244299674267101,
    "ak_fund_涨跌幅_sum5": 0.923127035830619,
    "ak_fund_主力净流入-净占比_sum5": 0.923127035830619,
    "ak_fund_主力净流入-净额_sum5": 0.923127035830619,
    "ak_fund_收盘价_sum5": 0.923127035830619,
    "ak_fund_超大单净流入-净占比_sum5": 0.923127035830619,
    "ak_fund_中单净流入-净占比_sum5": 0.923127035830619,
    "ak_fund_中单净流入-净额_sum5": 0.923127035830619,
    "ak_fund_小单净流入-净额_sum5": 0.923127035830619,
    "ak_fund_小单净流入-净占比_sum5": 0.923127035830619,
    "ak_fund_大单净流入-净占比_sum5": 0.923127035830619,
    "ak_fund_大单净流入-净额_sum5": 0.923127035830619,
    "ak_fund_超大单净流入-净额_sum5": 0.923127035830619,
    "ak_fund_大单净流入-净额": 0.9218241042345277,
    "ak_fund_超大单净流入-净占比": 0.9218241042345277,
    "ak_fund_超大单净流入-净额": 0.9218241042345277,
    "ak_fund_收盘价": 0.9218241042345277,
    "ak_fund_涨跌幅": 0.9218241042345277,
    "ak_fund_中单净流入-净额": 0.9218241042345277
  },
  "valuation_non_null": {
    "peTTM": 1535,
    "pbMRQ": 1535,
    "psTTM": 1535,
    "pcfNcfTTM": 1535
  },
  "future_effective_date_violations": 0,
  "rows_with_quarterly": 1535,
  "sample_rows": 1535,
  "quarterly_raw_rows": 37,
  "quarterly_used_pubDate_rows": 37,
  "quarterly_fallback_rows": 0,
  "elapsed_seconds": 29.511,
  "symbol": "601899",
  "baostock_code": "sh.601899",
  "valuation_rows": 2022,
  "fund_flow_rows": 120,
  "feature_columns": 125,
  "merged_columns": 194,
  "outputs": {
    "daily_valuation": "/root/workspace/stock_realtime_v021_full/saved_data/601899_pipeline_out/02_fundamental/baostock_daily_valuation.csv",
    "quarterly_fundamentals": "/root/workspace/stock_realtime_v021_full/saved_data/601899_pipeline_out/02_fundamental/baostock_quarterly_fundamentals_pit.csv",
    "fundamental_features": "/root/workspace/stock_realtime_v021_full/saved_data/601899_pipeline_out/02_fundamental/fundamental_features.csv",
    "merged_samples": "/root/workspace/stock_realtime_v021_full/saved_data/601899_pipeline_out/02_fundamental/training_samples_with_fundamentals.csv"
  }
}

[2026-05-10T23:54:30] RUN sector
  /usr/bin/python3 feature_building/build_sector_features.py --samples /root/workspace/stock_realtime_v021_full/saved_data/601899_pipeline_out/02_fundamental/training_samples_with_fundamentals.csv --out-dir /root/workspace/stock_realtime_v021_full/saved_data/601899_pipeline_out/03_sector --sector-symbol '贵金属' --start-date 2018-01-01 --end-date 2026-05-08

  0%|          | 0/9 [00:00<?, ?it/s]
 11%|█         | 1/9 [00:00<00:02,  3.92it/s]
 22%|██▏       | 2/9 [00:00<00:01,  4.21it/s]
 33%|███▎      | 3/9 [00:00<00:01,  3.86it/s]
 44%|████▍     | 4/9 [00:01<00:01,  3.90it/s]
 56%|█████▌    | 5/9 [00:01<00:01,  3.82it/s]
 67%|██████▋   | 6/9 [00:01<00:00,  3.80it/s]
 78%|███████▊  | 7/9 [00:01<00:00,  3.90it/s]
 89%|████████▉ | 8/9 [00:02<00:00,  3.80it/s]
100%|██████████| 9/9 [00:02<00:00,  4.01it/s]
                                             
{
  "sector_symbol": "贵金属",
  "sector_rows": 2022,
  "sector_date_min": "2018-01-02",
  "sector_date_max": "2026-05-08",
  "sample_rows": 1535,
  "merged_rows": 1535,
  "sector_feature_cols": 23,
  "top_missing": {
    "sector_ret60": 0.03908794788273615,
    "sector_ma60_gap": 0.019543973941368076,
    "stock_vs_sector_ret20": 0.013029315960912053,
    "sector_ret20": 0.013029315960912053,
    "sector_vol20": 0.0071661237785016286,
    "sector_ma20_gap": 0.006514657980456026,
    "sector_range_z20": 0.006514657980456026,
    "sector_volume_shock20": 0.006514657980456026,
    "sector_amount_z20": 0.006514657980456026,
    "sector_volume_z20": 0.006514657980456026,
    "sector_amount_shock20": 0.006514657980456026,
    "sector_ret5": 0.003257328990228013,
    "stock_vs_sector_ret5": 0.003257328990228013,
    "sector_vs_bench_ret5": 0.003257328990228013,
    "stock_vs_sector_ret1": 0.0006514657980456026,
    "sector_ret1": 0.0006514657980456026,
    "sector_amount": 0.0,
    "sector_volume": 0.0,
    "sector_close": 0.0,
    "sector_low": 0.0
  },
  "outputs": {
    "sector_index": "/root/workspace/stock_realtime_v021_full/saved_data/601899_pipeline_out/03_sector/sector_index_ths.csv",
    "sector_features": "/root/workspace/stock_realtime_v021_full/saved_data/601899_pipeline_out/03_sector/sector_features.csv",
    "merged_samples": "/root/workspace/stock_realtime_v021_full/saved_data/601899_pipeline_out/03_sector/training_samples_with_sector.csv"
  }
}

[2026-05-10T23:54:35] RUN external_zijin_external
  /usr/bin/python3 feature_building/build_zijin_external_features.py --samples /root/workspace/stock_realtime_v021_full/saved_data/601899_pipeline_out/03_sector/training_samples_with_sector.csv --out-dir /root/workspace/stock_realtime_v021_full/saved_data/601899_pipeline_out/04_external/zijin_external --lag-days 1
/root/workspace/stock_realtime_v021_full/feature_building/build_zijin_external_features.py:41: FutureWarning: The default fill_method='pad' in Series.pct_change is deprecated and will be removed in a future version. Either fill in any non-leading NA values prior to calling pct_change or specify 'fill_method=None' to not fill NA values.
  out[f"{col}_ret1"] = out[col].pct_change()
/root/workspace/stock_realtime_v021_full/feature_building/build_zijin_external_features.py:41: FutureWarning: The default fill_method='pad' in Series.pct_change is deprecated and will be removed in a future version. Either fill in any non-leading NA values prior to calling pct_change or specify 'fill_method=None' to not fill NA values.
  out[f"{col}_ret1"] = out[col].pct_change()
/usr/local/lib/python3.10/dist-packages/akshare/futures/futures_basis.py:107: UserWarning: 20200104非交易日
  warnings.warn(f"{date.strftime('%Y%m%d')}非交易日")
/usr/local/lib/python3.10/dist-packages/akshare/futures/futures_basis.py:107: UserWarning: 20200105非交易日
  warnings.warn(f"{date.strftime('%Y%m%d')}非交易日")
/usr/local/lib/python3.10/dist-packages/akshare/futures/futures_basis.py:107: UserWarning: 20200111非交易日
  warnings.warn(f"{date.strftime('%Y%m%d')}非交易日")
/usr/local/lib/python3.10/dist-packages/akshare/futures/futures_basis.py:107: UserWarning: 20200112非交易日
  warnings.warn(f"{date.strftime('%Y%m%d')}非交易日")
/usr/local/lib/python3.10/dist-packages/akshare/futures/futures_basis.py:107: UserWarning: 20200118非交易日
  warnings.warn(f"{date.strftime('%Y%m%d')}非交易日")
/usr/local/lib/python3.10/dist-packages/akshare/futures/futures_basis.py:107: UserWarning: 20200119非交易日
  warnings.warn(f"{date.strftime('%Y%m%d')}非交易日")
/usr/local/lib/python3.10/dist-packages/akshare/futures/futures_basis.py:107: UserWarning: 20200124非交易日
  warnings.warn(f"{date.strftime('%Y%m%d')}非交易日")
/usr/local/lib/python3.10/dist-packages/akshare/futures/futures_basis.py:107: UserWarning: 20200125非交易日
  warnings.warn(f"{date.strftime('%Y%m%d')}非交易日")
/usr/local/lib/python3.10/dist-packages/akshare/futures/futures_basis.py:107: UserWarning: 20200126非交易日
  warnings.warn(f"{date.strftime('%Y%m%d')}非交易日")
/usr/local/lib/python3.10/dist-packages/akshare/futures/futures_basis.py:107: UserWarning: 20200127非交易日
  warnings.warn(f"{date.strftime('%Y%m%d')}非交易日")
/usr/local/lib/python3.10/dist-packages/akshare/futures/futures_basis.py:107: UserWarning: 20200128非交易日
  warnings.warn(f"{date.strftime('%Y%m%d')}非交易日")
/usr/local/lib/python3.10/dist-packages/akshare/futures/futures_basis.py:107: UserWarning: 20200129非交易日
  warnings.warn(f"{date.strftime('%Y%m%d')}非交易日")
/usr/local/lib/python3.10/dist-packages/akshare/futures/futures_basis.py:107: UserWarning: 20200130非交易日
  warnings.warn(f"{date.strftime('%Y%m%d')}非交易日")
/usr/local/lib/python3.10/dist-packages/akshare/futures/futures_basis.py:107: UserWarning: 20200131非交易日
  warnings.warn(f"{date.strftime('%Y%m%d')}非交易日")
/usr/local/lib/python3.10/dist-packages/akshare/futures/futures_basis.py:107: UserWarning: 20200201非交易日
  warnings.warn(f"{date.strftime('%Y%m%d')}非交易日")
/usr/local/lib/python3.10/dist-packages/akshare/futures/futures_basis.py:107: UserWarning: 20200202非交易日
  warnings.warn(f"{date.strftime('%Y%m%d')}非交易日")
/usr/local/lib/python3.10/dist-packages/akshare/futures/futures_basis.py:107: UserWarning: 20200208非交易日
  warnings.warn(f"{date.strftime('%Y%m%d')}非交易日")
/usr/local/lib/python3.10/dist-packages/akshare/futures/futures_basis.py:107: UserWarning: 20200209非交易日
  warnings.warn(f"{date.strftime('%Y%m%d')}非交易日")
/usr/local/lib/python3.10/dist-packages/akshare/futures/futures_basis.py:107: UserWarning: 20200215非交易日
  warnings.warn(f"{date.strftime('%Y%m%d')}非交易日")
/usr/local/lib/python3.10/dist-packages/akshare/futures/futures_basis.py:107: UserWarning: 20200216非交易日
  warnings.warn(f"{date.strftime('%Y%m%d')}非交易日")
/usr/local/lib/python3.10/dist-packages/akshare/futures/futures_basis.py:107: UserWarning: 20200222非交易日
  warnings.warn(f"{date.strftime('%Y%m%d')}非交易日")
/usr/local/lib/python3.10/dist-packages/akshare/futures/futures_basis.py:107: UserWarning: 20200223非交易日
  warnings.warn(f"{date.strftime('%Y%m%d')}非交易日")
/usr/local/lib/python3.10/dist-packages/akshare/futures/futures_basis.py:107: UserWarning: 20200229非交易日
  warnings.warn(f"{date.strftime('%Y%m%d')}非交易日")
/usr/local/lib/python3.10/dist-packages/akshare/futures/futures_basis.py:107: UserWarning: 20200301非交易日
  warnings.warn(f"{date.strftime('%Y%m%d')}非交易日")
/usr/local/lib/python3.10/dist-packages/akshare/futures/futures_basis.py:107: UserWarning: 20200307非交易日
  warnings.warn(f"{date.strftime('%Y%m%d')}非交易日")
/usr/local/lib/python3.10/dist-packages/akshare/futures/futures_basis.py:107: UserWarning: 20200308非交易日
  warnings.warn(f"{date.strftime('%Y%m%d')}非交易日")
/usr/local/lib/python3.10/dist-packages/akshare/futures/futures_basis.py:107: UserWarning: 20200314非交易日
  warnings.warn(f"{date.strftime('%Y%m%d')}非交易日")
/usr/local/lib/python3.10/dist-packages/akshare/futures/futures_basis.py:107: UserWarning: 20200315非交易日
  warnings.warn(f"{date.strftime('%Y%m%d')}非交易日")
/usr/local/lib/python3.10/dist-packages/akshare/futures/futures_basis.py:107: UserWarning: 20200321非交易日
  warnings.warn(f"{date.strftime('%Y%m%d')}非交易日")
/usr/local/lib/python3.10/dist-packages/akshare/futures/futures_basis.py:107: UserWarning: 20200322非交易日
  warnings.warn(f"{date.strftime('%Y%m%d')}非交易日")
/usr/local/lib/python3.10/dist-packages/akshare/futures/futures_basis.py:107: UserWarning: 20200328非交易日
  warnings.warn(f"{date.strftime('%Y%m%d')}非交易日")
/usr/local/lib/python3.10/dist-packages/akshare/futures/futures_basis.py:107: UserWarning: 20200329非交易日
  warnings.warn(f"{date.strftime('%Y%m%d')}非交易日")
/usr/local/lib/python3.10/dist-packages/akshare/futures/futures_basis.py:107: UserWarning: 20200404非交易日
  warnings.warn(f"{date.strftime('%Y%m%d')}非交易日")
/usr/local/lib/python3.10/dist-packages/akshare/futures/futures_basis.py:107: UserWarning: 20200405非交易日
  warnings.warn(f"{date.strftime('%Y%m%d')}非交易日")
/usr/local/lib/python3.10/dist-packages/akshare/futures/futures_basis.py:107: UserWarning: 20200406非交易日
  warnings.warn(f"{date.strftime('%Y%m%d')}非交易日")
/usr/local/lib/python3.10/dist-packages/akshare/futures/futures_basis.py:107: UserWarning: 20200411非交易日
  warnings.warn(f"{date.strftime('%Y%m%d')}非交易日")
/usr/local/lib/python3.10/dist-packages/akshare/futures/futures_basis.py:107: UserWarning: 20200412非交易日
  warnings.warn(f"{date.strftime('%Y%m%d')}非交易日")
/usr/local/lib/python3.10/dist-packages/akshare/futures/futures_basis.py:107: UserWarning: 20200418非交易日
  warnings.warn(f"{date.strftime('%Y%m%d')}非交易日")
/usr/local/lib/python3.10/dist-packages/akshare/futures/futures_basis.py:107: UserWarning: 20200419非交易日
  warnings.warn(f"{date.strftime('%Y%m%d')}非交易日")
/usr/local/lib/python3.10/dist-packages/akshare/futures/futures_basis.py:107: UserWarning: 20200425非交易日
  warnings.warn(f"{date.strftime('%Y%m%d')}非交易日")
/usr/local/lib/python3.10/dist-packages/akshare/futures/futures_basis.py:107: UserWarning: 20200426非交易日
  warnings.warn(f"{date.strftime('%Y%m%d')}非交易日")
/usr/local/lib/python3.10/dist-packages/akshare/futures/futures_basis.py:107: UserWarning: 20200501非交易日
  warnings.warn(f"{date.strftime('%Y%m%d')}非交易日")
/usr/local/lib/python3.10/dist-packages/akshare/futures/futures_basis.py:107: UserWarning: 20200502非交易日
  warnings.warn(f"{date.strftime('%Y%m%d')}非交易日")
/usr/local/lib/python3.10/dist-packages/akshare/futures/futures_basis.py:107: UserWarning: 20200503非交易日
  warnings.warn(f"{date.strftime('%Y%m%d')}非交易日")
/usr/local/lib/python3.10/dist-packages/akshare/futures/futures_basis.py:107: UserWarning: 20200504非交易日
  warnings.warn(f"{date.strftime('%Y%m%d')}非交易日")
/usr/local/lib/python3.10/dist-packages/akshare/futures/futures_basis.py:107: UserWarning: 20200505非交易日
  warnings.warn(f"{date.strftime('%Y%m%d')}非交易日")
/usr/local/lib/python3.10/dist-packages/akshare/futures/futures_basis.py:107: UserWarning: 20200509非交易日
  warnings.warn(f"{date.strftime('%Y%m%d')}非交易日")
/usr/local/lib/python3.10/dist-packages/akshare/futures/futures_basis.py:107: UserWarning: 20200510非交易日
  warnings.warn(f"{date.strftime('%Y%m%d')}非交易日")
/usr/local/lib/python3.10/dist-packages/akshare/futures/futures_basis.py:107: UserWarning: 20200516非交易日
  warnings.warn(f"{date.strftime('%Y%m%d')}非交易日")
/usr/local/lib/python3.10/dist-packages/akshare/futures/futures_basis.py:107: UserWarning: 20200517非交易日
  warnings.warn(f"{date.strftime('%Y%m%d')}非交易日")
/usr/local/lib/python3.10/dist-packages/akshare/futures/futures_basis.py:107: UserWarning: 20200523非交易日
  warnings.warn(f"{date.strftime('%Y%m%d')}非交易日")
/usr/local/lib/python3.10/dist-packages/akshare/futures/futures_basis.py:107: UserWarning: 20200524非交易日
  warnings.warn(f"{date.strftime('%Y%m%d')}非交易日")
/usr/local/lib/python3.10/dist-packages/akshare/futures/futures_basis.py:107: UserWarning: 20200530非交易日
  warnings.warn(f"{date.strftime('%Y%m%d')}非交易日")
/usr/local/lib/python3.10/dist-packages/akshare/futures/futures_basis.py:107: UserWarning: 20200531非交易日
  warnings.warn(f"{date.strftime('%Y%m%d')}非交易日")
/usr/local/lib/python3.10/dist-packages/akshare/futures/futures_basis.py:107: UserWarning: 20200606非交易日
  warnings.warn(f"{date.strftime('%Y%m%d')}非交易日")
/usr/local/lib/python3.10/dist-packages/akshare/futures/futures_basis.py:107: UserWarning: 20200607非交易日
  warnings.warn(f"{date.strftime('%Y%m%d')}非交易日")
/usr/local/lib/python3.10/dist-packages/akshare/futures/futures_basis.py:107: UserWarning: 20200613非交易日
  warnings.warn(f"{date.strftime('%Y%m%d')}非交易日")
/usr/local/lib/python3.10/dist-packages/akshare/futures/futures_basis.py:107: UserWarning: 20200614非交易日
  warnings.warn(f"{date.strftime('%Y%m%d')}非交易日")
/usr/local/lib/python3.10/dist-packages/akshare/futures/futures_basis.py:107: UserWarning: 20200620非交易日
  warnings.warn(f"{date.strftime('%Y%m%d')}非交易日")
/usr/local/lib/python3.10/dist-packages/akshare/futures/futures_basis.py:107: UserWarning: 20200621非交易日
  warnings.warn(f"{date.strftime('%Y%m%d')}非交易日")
/usr/local/lib/python3.10/dist-packages/akshare/futures/futures_basis.py:107: UserWarning: 20200625非交易日
  warnings.warn(f"{date.strftime('%Y%m%d')}非交易日")
/usr/local/lib/python3.10/dist-packages/akshare/futures/futures_basis.py:107: UserWarning: 20200626非交易日
  warnings.warn(f"{date.strftime('%Y%m%d')}非交易日")
/usr/local/lib/python3.10/dist-packages/akshare/futures/futures_basis.py:107: UserWarning: 20200627非交易日
  warnings.warn(f"{date.strftime('%Y%m%d')}非交易日")
/usr/local/lib/python3.10/dist-packages/akshare/futures/futures_basis.py:107: UserWarning: 20200628非交易日
  warnings.warn(f"{date.strftime('%Y%m%d')}非交易日")
/usr/local/lib/python3.10/dist-packages/akshare/futures/futures_basis.py:107: UserWarning: 20200704非交易日
  warnings.warn(f"{date.strftime('%Y%m%d')}非交易日")
/usr/local/lib/python3.10/dist-packages/akshare/futures/futures_basis.py:107: UserWarning: 20200705非交易日
  warnings.warn(f"{date.strftime('%Y%m%d')}非交易日")
/usr/local/lib/python3.10/dist-packages/akshare/futures/futures_basis.py:107: UserWarning: 20200711非交易日
  warnings.warn(f"{date.strftime('%Y%m%d')}非交易日")
/usr/local/lib/python3.10/dist-packages/akshare/futures/futures_basis.py:107: UserWarning: 20200712非交易日
  warnings.warn(f"{date.strftime('%Y%m%d')}非交易日")
/usr/local/lib/python3.10/dist-packages/akshare/futures/futures_basis.py:107: UserWarning: 20200718非交易日
  warnings.warn(f"{date.strftime('%Y%m%d')}非交易日")
/usr/local/lib/python3.10/dist-packages/akshare/futures/futures_basis.py:107: UserWarning: 20200719非交易日
  warnings.warn(f"{date.strftime('%Y%m%d')}非交易日")
/usr/local/lib/python3.10/dist-packages/akshare/futures/futures_basis.py:107: UserWarning: 20200725非交易日
  warnings.warn(f"{date.strftime('%Y%m%d')}非交易日")
/usr/local/lib/python3.10/dist-packages/akshare/futures/futures_basis.py:107: UserWarning: 20200726非交易日
  warnings.warn(f"{date.strftime('%Y%m%d')}非交易日")
/usr/local/lib/python3.10/dist-packages/akshare/futures/futures_basis.py:107: UserWarning: 20200801非交易日
  warnings.warn(f"{date.strftime('%Y%m%d')}非交易日")
/usr/local/lib/python3.10/dist-packages/akshare/futures/futures_basis.py:107: UserWarning: 20200802非交易日
  warnings.warn(f"{date.strftime('%Y%m%d')}非交易日")
/usr/local/lib/python3.10/dist-packages/akshare/futures/futures_basis.py:107: UserWarning: 20200808非交易日
  warnings.warn(f"{date.strftime('%Y%m%d')}非交易日")
/usr/local/lib/python3.10/dist-packages/akshare/futures/futures_basis.py:107: UserWarning: 20200809非交易日
  warnings.warn(f"{date.strftime('%Y%m%d')}非交易日")
/usr/local/lib/python3.10/dist-packages/akshare/futures/futures_basis.py:107: UserWarning: 20200815非交易日
  warnings.warn(f"{date.strftime('%Y%m%d')}非交易日")
/usr/local/lib/python3.10/dist-packages/akshare/futures/futures_basis.py:107: UserWarning: 20200816非交易日
  warnings.warn(f"{date.strftime('%Y%m%d')}非交易日")
/usr/local/lib/python3.10/dist-packages/akshare/futures/futures_basis.py:107: UserWarning: 20200822非交易日
  warnings.warn(f"{date.strftime('%Y%m%d')}非交易日")
/usr/local/lib/python3.10/dist-packages/akshare/futures/futures_basis.py:107: UserWarning: 20200823非交易日
  warnings.warn(f"{date.strftime('%Y%m%d')}非交易日")
/usr/local/lib/python3.10/dist-packages/akshare/futures/futures_basis.py:107: UserWarning: 20200829非交易日
  warnings.warn(f"{date.strftime('%Y%m%d')}非交易日")
/usr/local/lib/python3.10/dist-packages/akshare/futures/futures_basis.py:107: UserWarning: 20200830非交易日
  warnings.warn(f"{date.strftime('%Y%m%d')}非交易日")
/usr/local/lib/python3.10/dist-packages/akshare/futures/futures_basis.py:107: UserWarning: 20200905非交易日
  warnings.warn(f"{date.strftime('%Y%m%d')}非交易日")
/usr/local/lib/python3.10/dist-packages/akshare/futures/futures_basis.py:107: UserWarning: 20200906非交易日
  warnings.warn(f"{date.strftime('%Y%m%d')}非交易日")
/usr/local/lib/python3.10/dist-packages/akshare/futures/futures_basis.py:107: UserWarning: 20200912非交易日
  warnings.warn(f"{date.strftime('%Y%m%d')}非交易日")
/usr/local/lib/python3.10/dist-packages/akshare/futures/futures_basis.py:107: UserWarning: 20200913非交易日
  warnings.warn(f"{date.strftime('%Y%m%d')}非交易日")
/usr/local/lib/python3.10/dist-packages/akshare/futures/futures_basis.py:107: UserWarning: 20200919非交易日
  warnings.warn(f"{date.strftime('%Y%m%d')}非交易日")
/usr/local/lib/python3.10/dist-packages/akshare/futures/futures_basis.py:107: UserWarning: 20200920非交易日
  warnings.warn(f"{date.strftime('%Y%m%d')}非交易日")
/usr/local/lib/python3.10/dist-packages/akshare/futures/futures_basis.py:107: UserWarning: 20200926非交易日
  warnings.warn(f"{date.strftime('%Y%m%d')}非交易日")
/usr/local/lib/python3.10/dist-packages/akshare/futures/futures_basis.py:107: UserWarning: 20200927非交易日
  warnings.warn(f"{date.strftime('%Y%m%d')}非交易日")
/usr/local/lib/python3.10/dist-packages/akshare/futures/futures_basis.py:107: UserWarning: 20201001非交易日
  warnings.warn(f"{date.strftime('%Y%m%d')}非交易日")
/usr/local/lib/python3.10/dist-packages/akshare/futures/futures_basis.py:107: UserWarning: 20201002非交易日
  warnings.warn(f"{date.strftime('%Y%m%d')}非交易日")
/usr/local/lib/python3.10/dist-packages/akshare/futures/futures_basis.py:107: UserWarning: 20201003非交易日
  warnings.warn(f"{date.strftime('%Y%m%d')}非交易日")
/usr/local/lib/python3.10/dist-packages/akshare/futures/futures_basis.py:107: UserWarning: 20201004非交易日
  warnings.warn(f"{date.strftime('%Y%m%d')}非交易日")
/usr/local/lib/python3.10/dist-packages/akshare/futures/futures_basis.py:107: UserWarning: 20201005非交易日
  warnings.warn(f"{date.strftime('%Y%m%d')}非交易日")
/usr/local/lib/python3.10/dist-packages/akshare/futures/futures_basis.py:107: UserWarning: 20201006非交易日
  warnings.warn(f"{date.strftime('%Y%m%d')}非交易日")
/usr/local/lib/python3.10/dist-packages/akshare/futures/futures_basis.py:107: UserWarning: 20201007非交易日
  warnings.warn(f"{date.strftime('%Y%m%d')}非交易日")
/usr/local/lib/python3.10/dist-packages/akshare/futures/futures_basis.py:107: UserWarning: 20201008非交易日
  warnings.warn(f"{date.strftime('%Y%m%d')}非交易日")
/usr/local/lib/python3.10/dist-packages/akshare/futures/futures_basis.py:107: UserWarning: 20201010非交易日
  warnings.warn(f"{date.strftime('%Y%m%d')}非交易日")
/usr/local/lib/python3.10/dist-packages/akshare/futures/futures_basis.py:107: UserWarning: 20201011非交易日
  warnings.warn(f"{date.strftime('%Y%m%d')}非交易日")
/usr/local/lib/python3.10/dist-packages/akshare/futures/futures_basis.py:107: UserWarning: 20201017非交易日
  warnings.warn(f"{date.strftime('%Y%m%d')}非交易日")
/usr/local/lib/python3.10/dist-packages/akshare/futures/futures_basis.py:107: UserWarning: 20201018非交易日
  warnings.warn(f"{date.strftime('%Y%m%d')}非交易日")
/usr/local/lib/python3.10/dist-packages/akshare/futures/futures_basis.py:107: UserWarning: 20201024非交易日
  warnings.warn(f"{date.strftime('%Y%m%d')}非交易日")
/usr/local/lib/python3.10/dist-packages/akshare/futures/futures_basis.py:107: UserWarning: 20201025非交易日
  warnings.warn(f"{date.strftime('%Y%m%d')}非交易日")
/usr/local/lib/python3.10/dist-packages/akshare/futures/futures_basis.py:107: UserWarning: 20201031非交易日
  warnings.warn(f"{date.strftime('%Y%m%d')}非交易日")
/usr/local/lib/python3.10/dist-packages/akshare/futures/futures_basis.py:107: UserWarning: 20201101非交易日
  warnings.warn(f"{date.strftime('%Y%m%d')}非交易日")
/usr/local/lib/python3.10/dist-packages/akshare/futures/futures_basis.py:107: UserWarning: 20201107非交易日
  warnings.warn(f"{date.strftime('%Y%m%d')}非交易日")
/usr/local/lib/python3.10/dist-packages/akshare/futures/futures_basis.py:107: UserWarning: 20201108非交易日
  warnings.warn(f"{date.strftime('%Y%m%d')}非交易日")
/usr/local/lib/python3.10/dist-packages/akshare/futures/futures_basis.py:107: UserWarning: 20201114非交易日
  warnings.warn(f"{date.strftime('%Y%m%d')}非交易日")
/usr/local/lib/python3.10/dist-packages/akshare/futures/futures_basis.py:107: UserWarning: 20201115非交易日
  warnings.warn(f"{date.strftime('%Y%m%d')}非交易日")
/usr/local/lib/python3.10/dist-packages/akshare/futures/futures_basis.py:107: UserWarning: 20201121非交易日
  warnings.warn(f"{date.strftime('%Y%m%d')}非交易日")
/usr/local/lib/python3.10/dist-packages/akshare/futures/futures_basis.py:107: UserWarning: 20201122非交易日
  warnings.warn(f"{date.strftime('%Y%m%d')}非交易日")
/usr/local/lib/python3.10/dist-packages/akshare/futures/futures_basis.py:107: UserWarning: 20201128非交易日
  warnings.warn(f"{date.strftime('%Y%m%d')}非交易日")
/usr/local/lib/python3.10/dist-packages/akshare/futures/futures_basis.py:107: UserWarning: 20201129非交易日
  warnings.warn(f"{date.strftime('%Y%m%d')}非交易日")
/usr/local/lib/python3.10/dist-packages/akshare/futures/futures_basis.py:107: UserWarning: 20201205非交易日
  warnings.warn(f"{date.strftime('%Y%m%d')}非交易日")
/usr/local/lib/python3.10/dist-packages/akshare/futures/futures_basis.py:107: UserWarning: 20201206非交易日
  warnings.warn(f"{date.strftime('%Y%m%d')}非交易日")
/usr/local/lib/python3.10/dist-packages/akshare/futures/futures_basis.py:107: UserWarning: 20201212非交易日
  warnings.warn(f"{date.strftime('%Y%m%d')}非交易日")
/usr/local/lib/python3.10/dist-packages/akshare/futures/futures_basis.py:107: UserWarning: 20201213非交易日
  warnings.warn(f"{date.strftime('%Y%m%d')}非交易日")
/usr/local/lib/python3.10/dist-packages/akshare/futures/futures_basis.py:107: UserWarning: 20201219非交易日
  warnings.warn(f"{date.strftime('%Y%m%d')}非交易日")
/usr/local/lib/python3.10/dist-packages/akshare/futures/futures_basis.py:107: UserWarning: 20201220非交易日
  warnings.warn(f"{date.strftime('%Y%m%d')}非交易日")
/usr/local/lib/python3.10/dist-packages/akshare/futures/futures_basis.py:107: UserWarning: 20201226非交易日
  warnings.warn(f"{date.strftime('%Y%m%d')}非交易日")
/usr/local/lib/python3.10/dist-packages/akshare/futures/futures_basis.py:107: UserWarning: 20201227非交易日
  warnings.warn(f"{date.strftime('%Y%m%d')}非交易日")
/usr/local/lib/python3.10/dist-packages/akshare/futures/futures_basis.py:107: UserWarning: 20210101非交易日
  warnings.warn(f"{date.strftime('%Y%m%d')}非交易日")
/usr/local/lib/python3.10/dist-packages/akshare/futures/futures_basis.py:107: UserWarning: 20210102非交易日
  warnings.warn(f"{date.strftime('%Y%m%d')}非交易日")
/usr/local/lib/python3.10/dist-packages/akshare/futures/futures_basis.py:107: UserWarning: 20210103非交易日
  warnings.warn(f"{date.strftime('%Y%m%d')}非交易日")
/usr/local/lib/python3.10/dist-packages/akshare/futures/futures_basis.py:107: UserWarning: 20210109非交易日
  warnings.warn(f"{date.strftime('%Y%m%d')}非交易日")
/usr/local/lib/python3.10/dist-packages/akshare/futures/futures_basis.py:107: UserWarning: 20210110非交易日
  warnings.warn(f"{date.strftime('%Y%m%d')}非交易日")
/usr/local/lib/python3.10/dist-packages/akshare/futures/futures_basis.py:107: UserWarning: 20210116非交易日
  warnings.warn(f"{date.strftime('%Y%m%d')}非交易日")
/usr/local/lib/python3.10/dist-packages/akshare/futures/futures_basis.py:107: UserWarning: 20210117非交易日
  warnings.warn(f"{date.strftime('%Y%m%d')}非交易日")
/usr/local/lib/python3.10/dist-packages/akshare/futures/futures_basis.py:107: UserWarning: 20210123非交易日
  warnings.warn(f"{date.strftime('%Y%m%d')}非交易日")
/usr/local/lib/python3.10/dist-packages/akshare/futures/futures_basis.py:107: UserWarning: 20210124非交易日
  warnings.warn(f"{date.strftime('%Y%m%d')}非交易日")
/usr/local/lib/python3.10/dist-packages/akshare/futures/futures_basis.py:107: UserWarning: 20210130非交易日
  warnings.warn(f"{date.strftime('%Y%m%d')}非交易日")
/usr/local/lib/python3.10/dist-packages/akshare/futures/futures_basis.py:107: UserWarning: 20210131非交易日
  warnings.warn(f"{date.strftime('%Y%m%d')}非交易日")
/usr/local/lib/python3.10/dist-packages/akshare/futures/futures_basis.py:107: UserWarning: 20210206非交易日
  warnings.warn(f"{date.strftime('%Y%m%d')}非交易日")
/usr/local/lib/python3.10/dist-packages/akshare/futures/futures_basis.py:107: UserWarning: 20210207非交易日
  warnings.warn(f"{date.strftime('%Y%m%d')}非交易日")
/usr/local/lib/python3.10/dist-packages/akshare/futures/futures_basis.py:107: UserWarning: 20210211非交易日
  warnings.warn(f"{date.strftime('%Y%m%d')}非交易日")
/usr/local/lib/python3.10/dist-packages/akshare/futures/futures_basis.py:107: UserWarning: 20210212非交易日
  warnings.warn(f"{date.strftime('%Y%m%d')}非交易日")
/usr/local/lib/python3.10/dist-packages/akshare/futures/futures_basis.py:107: UserWarning: 20210213非交易日
  warnings.warn(f"{date.strftime('%Y%m%d')}非交易日")
/usr/local/lib/python3.10/dist-packages/akshare/futures/futures_basis.py:107: UserWarning: 20210214非交易日
  warnings.warn(f"{date.strftime('%Y%m%d')}非交易日")
/usr/local/lib/python3.10/dist-packages/akshare/futures/futures_basis.py:107: UserWarning: 20210215非交易日
  warnings.warn(f"{date.strftime('%Y%m%d')}非交易日")
/usr/local/lib/python3.10/dist-packages/akshare/futures/futures_basis.py:107: UserWarning: 20210216非交易日
  warnings.warn(f"{date.strftime('%Y%m%d')}非交易日")
/usr/local/lib/python3.10/dist-packages/akshare/futures/futures_basis.py:107: UserWarning: 20210217非交易日
  warnings.warn(f"{date.strftime('%Y%m%d')}非交易日")
/usr/local/lib/python3.10/dist-packages/akshare/futures/futures_basis.py:107: UserWarning: 20210220非交易日
  warnings.warn(f"{date.strftime('%Y%m%d')}非交易日")
/usr/local/lib/python3.10/dist-packages/akshare/futures/futures_basis.py:107: UserWarning: 20210221非交易日
  warnings.warn(f"{date.strftime('%Y%m%d')}非交易日")
/usr/local/lib/python3.10/dist-packages/akshare/futures/futures_basis.py:107: UserWarning: 20210227非交易日
  warnings.warn(f"{date.strftime('%Y%m%d')}非交易日")
/usr/local/lib/python3.10/dist-packages/akshare/futures/futures_basis.py:107: UserWarning: 20210228非交易日
  warnings.warn(f"{date.strftime('%Y%m%d')}非交易日")
/usr/local/lib/python3.10/dist-packages/akshare/futures/futures_basis.py:107: UserWarning: 20210306非交易日
  warnings.warn(f"{date.strftime('%Y%m%d')}非交易日")
/usr/local/lib/python3.10/dist-packages/akshare/futures/futures_basis.py:107: UserWarning: 20210307非交易日
  warnings.warn(f"{date.strftime('%Y%m%d')}非交易日")
/usr/local/lib/python3.10/dist-packages/akshare/futures/futures_basis.py:107: UserWarning: 20210313非交易日
  warnings.warn(f"{date.strftime('%Y%m%d')}非交易日")
/usr/local/lib/python3.10/dist-packages/akshare/futures/futures_basis.py:107: UserWarning: 20210314非交易日
  warnings.warn(f"{date.strftime('%Y%m%d')}非交易日")
/usr/local/lib/python3.10/dist-packages/akshare/futures/futures_basis.py:107: UserWarning: 20210320非交易日
  warnings.warn(f"{date.strftime('%Y%m%d')}非交易日")
/usr/local/lib/python3.10/dist-packages/akshare/futures/futures_basis.py:107: UserWarning: 20210321非交易日
  warnings.warn(f"{date.strftime('%Y%m%d')}非交易日")
/usr/local/lib/python3.10/dist-packages/akshare/futures/futures_basis.py:107: UserWarning: 20210327非交易日
  warnings.warn(f"{date.strftime('%Y%m%d')}非交易日")
/usr/local/lib/python3.10/dist-packages/akshare/futures/futures_basis.py:107: UserWarning: 20210328非交易日
  warnings.warn(f"{date.strftime('%Y%m%d')}非交易日")
/usr/local/lib/python3.10/dist-packages/akshare/futures/futures_basis.py:107: UserWarning: 20210403非交易日
  warnings.warn(f"{date.strftime('%Y%m%d')}非交易日")
/usr/local/lib/python3.10/dist-packages/akshare/futures/futures_basis.py:107: UserWarning: 20210404非交易日
  warnings.warn(f"{date.strftime('%Y%m%d')}非交易日")
/usr/local/lib/python3.10/dist-packages/akshare/futures/futures_basis.py:107: UserWarning: 20210405非交易日
  warnings.warn(f"{date.strftime('%Y%m%d')}非交易日")
/usr/local/lib/python3.10/dist-packages/akshare/futures/futures_basis.py:107: UserWarning: 20210410非交易日
  warnings.warn(f"{date.strftime('%Y%m%d')}非交易日")
/usr/local/lib/python3.10/dist-packages/akshare/futures/futures_basis.py:107: UserWarning: 20210411非交易日
  warnings.warn(f"{date.strftime('%Y%m%d')}非交易日")
/usr/local/lib/python3.10/dist-packages/akshare/futures/futures_basis.py:107: UserWarning: 20210417非交易日
  warnings.warn(f"{date.strftime('%Y%m%d')}非交易日")
/usr/local/lib/python3.10/dist-packages/akshare/futures/futures_basis.py:107: UserWarning: 20210418非交易日
  warnings.warn(f"{date.strftime('%Y%m%d')}非交易日")
/usr/local/lib/python3.10/dist-packages/akshare/futures/futures_basis.py:107: UserWarning: 20210424非交易日
  warnings.warn(f"{date.strftime('%Y%m%d')}非交易日")
/usr/local/lib/python3.10/dist-packages/akshare/futures/futures_basis.py:107: UserWarning: 20210425非交易日
  warnings.warn(f"{date.strftime('%Y%m%d')}非交易日")
/usr/local/lib/python3.10/dist-packages/akshare/futures/futures_basis.py:107: UserWarning: 20210501非交易日
  warnings.warn(f"{date.strftime('%Y%m%d')}非交易日")
/usr/local/lib/python3.10/dist-packages/akshare/futures/futures_basis.py:107: UserWarning: 20210502非交易日
  warnings.warn(f"{date.strftime('%Y%m%d')}非交易日")
/usr/local/lib/python3.10/dist-packages/akshare/futures/futures_basis.py:107: UserWarning: 20210503非交易日
  warnings.warn(f"{date.strftime('%Y%m%d')}非交易日")
/usr/local/lib/python3.10/dist-packages/akshare/futures/futures_basis.py:107: UserWarning: 20210504非交易日
  warnings.warn(f"{date.strftime('%Y%m%d')}非交易日")
/usr/local/lib/python3.10/dist-packages/akshare/futures/futures_basis.py:107: UserWarning: 20210505非交易日
  warnings.warn(f"{date.strftime('%Y%m%d')}非交易日")
/usr/local/lib/python3.10/dist-packages/akshare/futures/futures_basis.py:107: UserWarning: 20210508非交易日
  warnings.warn(f"{date.strftime('%Y%m%d')}非交易日")
/usr/local/lib/python3.10/dist-packages/akshare/futures/futures_basis.py:107: UserWarning: 20210509非交易日
  warnings.warn(f"{date.strftime('%Y%m%d')}非交易日")
/usr/local/lib/python3.10/dist-packages/akshare/futures/futures_basis.py:107: UserWarning: 20210515非交易日
  warnings.warn(f"{date.strftime('%Y%m%d')}非交易日")
/usr/local/lib/python3.10/dist-packages/akshare/futures/futures_basis.py:107: UserWarning: 20210516非交易日
  warnings.warn(f"{date.strftime('%Y%m%d')}非交易日")
/usr/local/lib/python3.10/dist-packages/akshare/futures/futures_basis.py:107: UserWarning: 20210522非交易日
  warnings.warn(f"{date.strftime('%Y%m%d')}非交易日")
/usr/local/lib/python3.10/dist-packages/akshare/futures/futures_basis.py:107: UserWarning: 20210523非交易日
  warnings.warn(f"{date.strftime('%Y%m%d')}非交易日")
/usr/local/lib/python3.10/dist-packages/akshare/futures/futures_basis.py:107: UserWarning: 20210529非交易日
  warnings.warn(f"{date.strftime('%Y%m%d')}非交易日")
/usr/local/lib/python3.10/dist-packages/akshare/futures/futures_basis.py:107: UserWarning: 20210530非交易日
  warnings.warn(f"{date.strftime('%Y%m%d')}非交易日")
/usr/local/lib/python3.10/dist-packages/akshare/futures/futures_basis.py:107: UserWarning: 20210605非交易日
  warnings.warn(f"{date.strftime('%Y%m%d')}非交易日")
/usr/local/lib/python3.10/dist-packages/akshare/futures/futures_basis.py:107: UserWarning: 20210606非交易日
  warnings.warn(f"{date.strftime('%Y%m%d')}非交易日")
/usr/local/lib/python3.10/dist-packages/akshare/futures/futures_basis.py:107: UserWarning: 20210612非交易日
  warnings.warn(f"{date.strftime('%Y%m%d')}非交易日")
/usr/local/lib/python3.10/dist-packages/akshare/futures/futures_basis.py:107: UserWarning: 20210613非交易日
  warnings.warn(f"{date.strftime('%Y%m%d')}非交易日")
/usr/local/lib/python3.10/dist-packages/akshare/futures/futures_basis.py:107: UserWarning: 20210614非交易日
  warnings.warn(f"{date.strftime('%Y%m%d')}非交易日")
/usr/local/lib/python3.10/dist-packages/akshare/futures/futures_basis.py:107: UserWarning: 20210619非交易日
  warnings.warn(f"{date.strftime('%Y%m%d')}非交易日")
/usr/local/lib/python3.10/dist-packages/akshare/futures/futures_basis.py:107: UserWarning: 20210620非交易日
  warnings.warn(f"{date.strftime('%Y%m%d')}非交易日")
/usr/local/lib/python3.10/dist-packages/akshare/futures/futures_basis.py:107: UserWarning: 20210626非交易日
  warnings.warn(f"{date.strftime('%Y%m%d')}非交易日")
/usr/local/lib/python3.10/dist-packages/akshare/futures/futures_basis.py:107: UserWarning: 20210627非交易日
  warnings.warn(f"{date.strftime('%Y%m%d')}非交易日")
/usr/local/lib/python3.10/dist-packages/akshare/futures/futures_basis.py:107: UserWarning: 20210703非交易日
  warnings.warn(f"{date.strftime('%Y%m%d')}非交易日")
/usr/local/lib/python3.10/dist-packages/akshare/futures/futures_basis.py:107: UserWarning: 20210704非交易日
  warnings.warn(f"{date.strftime('%Y%m%d')}非交易日")
/usr/local/lib/python3.10/dist-packages/akshare/futures/futures_basis.py:107: UserWarning: 20210710非交易日
  warnings.warn(f"{date.strftime('%Y%m%d')}非交易日")
/usr/local/lib/python3.10/dist-packages/akshare/futures/futures_basis.py:107: UserWarning: 20210711非交易日
  warnings.warn(f"{date.strftime('%Y%m%d')}非交易日")
/usr/local/lib/python3.10/dist-packages/akshare/futures/futures_basis.py:107: UserWarning: 20210717非交易日
  warnings.warn(f"{date.strftime('%Y%m%d')}非交易日")
/usr/local/lib/python3.10/dist-packages/akshare/futures/futures_basis.py:107: UserWarning: 20210718非交易日
  warnings.warn(f"{date.strftime('%Y%m%d')}非交易日")
/usr/local/lib/python3.10/dist-packages/akshare/futures/futures_basis.py:107: UserWarning: 20210724非交易日
  warnings.warn(f"{date.strftime('%Y%m%d')}非交易日")
/usr/local/lib/python3.10/dist-packages/akshare/futures/futures_basis.py:107: UserWarning: 20210725非交易日
  warnings.warn(f"{date.strftime('%Y%m%d')}非交易日")
/usr/local/lib/python3.10/dist-packages/akshare/futures/futures_basis.py:107: UserWarning: 20210731非交易日
  warnings.warn(f"{date.strftime('%Y%m%d')}非交易日")
/usr/local/lib/python3.10/dist-packages/akshare/futures/futures_basis.py:107: UserWarning: 20210801非交易日
  warnings.warn(f"{date.strftime('%Y%m%d')}非交易日")
/usr/local/lib/python3.10/dist-packages/akshare/futures/futures_basis.py:107: UserWarning: 20210807非交易日
  warnings.warn(f"{date.strftime('%Y%m%d')}非交易日")
/usr/local/lib/python3.10/dist-packages/akshare/futures/futures_basis.py:107: UserWarning: 20210808非交易日
  warnings.warn(f"{date.strftime('%Y%m%d')}非交易日")
/usr/local/lib/python3.10/dist-packages/akshare/futures/futures_basis.py:107: UserWarning: 20210814非交易日
  warnings.warn(f"{date.strftime('%Y%m%d')}非交易日")
/usr/local/lib/python3.10/dist-packages/akshare/futures/futures_basis.py:107: UserWarning: 20210815非交易日
  warnings.warn(f"{date.strftime('%Y%m%d')}非交易日")
/usr/local/lib/python3.10/dist-packages/akshare/futures/futures_basis.py:107: UserWarning: 20210821非交易日
  warnings.warn(f"{date.strftime('%Y%m%d')}非交易日")
/usr/local/lib/python3.10/dist-packages/akshare/futures/futures_basis.py:107: UserWarning: 20210822非交易日
  warnings.warn(f"{date.strftime('%Y%m%d')}非交易日")
/usr/local/lib/python3.10/dist-packages/akshare/futures/futures_basis.py:107: UserWarning: 20210828非交易日
  warnings.warn(f"{date.strftime('%Y%m%d')}非交易日")
/usr/local/lib/python3.10/dist-packages/akshare/futures/futures_basis.py:107: UserWarning: 20210829非交易日
  warnings.warn(f"{date.strftime('%Y%m%d')}非交易日")
/usr/local/lib/python3.10/dist-packages/akshare/futures/futures_basis.py:107: UserWarning: 20210904非交易日
  warnings.warn(f"{date.strftime('%Y%m%d')}非交易日")
/usr/local/lib/python3.10/dist-packages/akshare/futures/futures_basis.py:107: UserWarning: 20210905非交易日
  warnings.warn(f"{date.strftime('%Y%m%d')}非交易日")
/usr/local/lib/python3.10/dist-packages/akshare/futures/futures_basis.py:107: UserWarning: 20210911非交易日
  warnings.warn(f"{date.strftime('%Y%m%d')}非交易日")
/usr/local/lib/python3.10/dist-packages/akshare/futures/futures_basis.py:107: UserWarning: 20210912非交易日
  warnings.warn(f"{date.strftime('%Y%m%d')}非交易日")
/usr/local/lib/python3.10/dist-packages/akshare/futures/futures_basis.py:107: UserWarning: 20210918非交易日
  warnings.warn(f"{date.strftime('%Y%m%d')}非交易日")
/usr/local/lib/python3.10/dist-packages/akshare/futures/futures_basis.py:107: UserWarning: 20210919非交易日
  warnings.warn(f"{date.strftime('%Y%m%d')}非交易日")
/usr/local/lib/python3.10/dist-packages/akshare/futures/futures_basis.py:107: UserWarning: 20210920非交易日
  warnings.warn(f"{date.strftime('%Y%m%d')}非交易日")
/usr/local/lib/python3.10/dist-packages/akshare/futures/futures_basis.py:107: UserWarning: 20210921非交易日
  warnings.warn(f"{date.strftime('%Y%m%d')}非交易日")
/usr/local/lib/python3.10/dist-packages/akshare/futures/futures_basis.py:107: UserWarning: 20210925非交易日
  warnings.warn(f"{date.strftime('%Y%m%d')}非交易日")
/usr/local/lib/python3.10/dist-packages/akshare/futures/futures_basis.py:107: UserWarning: 20210926非交易日
  warnings.warn(f"{date.strftime('%Y%m%d')}非交易日")
/usr/local/lib/python3.10/dist-packages/akshare/futures/futures_basis.py:107: UserWarning: 20211001非交易日
  warnings.warn(f"{date.strftime('%Y%m%d')}非交易日")
/usr/local/lib/python3.10/dist-packages/akshare/futures/futures_basis.py:107: UserWarning: 20211002非交易日
  warnings.warn(f"{date.strftime('%Y%m%d')}非交易日")
/usr/local/lib/python3.10/dist-packages/akshare/futures/futures_basis.py:107: UserWarning: 20211003非交易日
  warnings.warn(f"{date.strftime('%Y%m%d')}非交易日")
/usr/local/lib/python3.10/dist-packages/akshare/futures/futures_basis.py:107: UserWarning: 20211004非交易日
  warnings.warn(f"{date.strftime('%Y%m%d')}非交易日")
/usr/local/lib/python3.10/dist-packages/akshare/futures/futures_basis.py:107: UserWarning: 20211005非交易日
  warnings.warn(f"{date.strftime('%Y%m%d')}非交易日")
/usr/local/lib/python3.10/dist-packages/akshare/futures/futures_basis.py:107: UserWarning: 20211006非交易日
  warnings.warn(f"{date.strftime('%Y%m%d')}非交易日")
/usr/local/lib/python3.10/dist-packages/akshare/futures/futures_basis.py:107: UserWarning: 20211007非交易日
  warnings.warn(f"{date.strftime('%Y%m%d')}非交易日")
/usr/local/lib/python3.10/dist-packages/akshare/futures/futures_basis.py:107: UserWarning: 20211009非交易日
  warnings.warn(f"{date.strftime('%Y%m%d')}非交易日")
/usr/local/lib/python3.10/dist-packages/akshare/futures/futures_basis.py:107: UserWarning: 20211010非交易日
  warnings.warn(f"{date.strftime('%Y%m%d')}非交易日")
/usr/local/lib/python3.10/dist-packages/akshare/futures/futures_basis.py:107: UserWarning: 20211016非交易日
  warnings.warn(f"{date.strftime('%Y%m%d')}非交易日")
/usr/local/lib/python3.10/dist-packages/akshare/futures/futures_basis.py:107: UserWarning: 20211017非交易日
  warnings.warn(f"{date.strftime('%Y%m%d')}非交易日")
/usr/local/lib/python3.10/dist-packages/akshare/futures/futures_basis.py:107: UserWarning: 20211023非交易日
  warnings.warn(f"{date.strftime('%Y%m%d')}非交易日")
/usr/local/lib/python3.10/dist-packages/akshare/futures/futures_basis.py:107: UserWarning: 20211024非交易日
  warnings.warn(f"{date.strftime('%Y%m%d')}非交易日")
/usr/local/lib/python3.10/dist-packages/akshare/futures/futures_basis.py:107: UserWarning: 20211030非交易日
  warnings.warn(f"{date.strftime('%Y%m%d')}非交易日")
/usr/local/lib/python3.10/dist-packages/akshare/futures/futures_basis.py:107: UserWarning: 20211031非交易日
  warnings.warn(f"{date.strftime('%Y%m%d')}非交易日")
/usr/local/lib/python3.10/dist-packages/akshare/futures/futures_basis.py:107: UserWarning: 20211106非交易日
  warnings.warn(f"{date.strftime('%Y%m%d')}非交易日")
/usr/local/lib/python3.10/dist-packages/akshare/futures/futures_basis.py:107: UserWarning: 20211107非交易日
  warnings.warn(f"{date.strftime('%Y%m%d')}非交易日")
/usr/local/lib/python3.10/dist-packages/akshare/futures/futures_basis.py:107: UserWarning: 20211113非交易日
  warnings.warn(f"{date.strftime('%Y%m%d')}非交易日")
/usr/local/lib/python3.10/dist-packages/akshare/futures/futures_basis.py:107: UserWarning: 20211114非交易日
  warnings.warn(f"{date.strftime('%Y%m%d')}非交易日")
/usr/local/lib/python3.10/dist-packages/akshare/futures/futures_basis.py:107: UserWarning: 20211120非交易日
  warnings.warn(f"{date.strftime('%Y%m%d')}非交易日")
/usr/local/lib/python3.10/dist-packages/akshare/futures/futures_basis.py:107: UserWarning: 20211121非交易日
  warnings.warn(f"{date.strftime('%Y%m%d')}非交易日")
/usr/local/lib/python3.10/dist-packages/akshare/futures/futures_basis.py:107: UserWarning: 20211127非交易日
  warnings.warn(f"{date.strftime('%Y%m%d')}非交易日")
/usr/local/lib/python3.10/dist-packages/akshare/futures/futures_basis.py:107: UserWarning: 20211128非交易日
  warnings.warn(f"{date.strftime('%Y%m%d')}非交易日")
/usr/local/lib/python3.10/dist-packages/akshare/futures/futures_basis.py:107: UserWarning: 20211204非交易日
  warnings.warn(f"{date.strftime('%Y%m%d')}非交易日")
/usr/local/lib/python3.10/dist-packages/akshare/futures/futures_basis.py:107: UserWarning: 20211205非交易日
  warnings.warn(f"{date.strftime('%Y%m%d')}非交易日")
/usr/local/lib/python3.10/dist-packages/akshare/futures/futures_basis.py:107: UserWarning: 20211211非交易日
  warnings.warn(f"{date.strftime('%Y%m%d')}非交易日")
/usr/local/lib/python3.10/dist-packages/akshare/futures/futures_basis.py:107: UserWarning: 20211212非交易日
  warnings.warn(f"{date.strftime('%Y%m%d')}非交易日")
/usr/local/lib/python3.10/dist-packages/akshare/futures/futures_basis.py:107: UserWarning: 20211218非交易日
  warnings.warn(f"{date.strftime('%Y%m%d')}非交易日")
/usr/local/lib/python3.10/dist-packages/akshare/futures/futures_basis.py:107: UserWarning: 20211219非交易日
  warnings.warn(f"{date.strftime('%Y%m%d')}非交易日")
/usr/local/lib/python3.10/dist-packages/akshare/futures/futures_basis.py:107: UserWarning: 20211225非交易日
  warnings.warn(f"{date.strftime('%Y%m%d')}非交易日")
/usr/local/lib/python3.10/dist-packages/akshare/futures/futures_basis.py:107: UserWarning: 20211226非交易日
  warnings.warn(f"{date.strftime('%Y%m%d')}非交易日")
/usr/local/lib/python3.10/dist-packages/akshare/futures/futures_basis.py:107: UserWarning: 20220101非交易日
  warnings.warn(f"{date.strftime('%Y%m%d')}非交易日")
/usr/local/lib/python3.10/dist-packages/akshare/futures/futures_basis.py:107: UserWarning: 20220102非交易日
  warnings.warn(f"{date.strftime('%Y%m%d')}非交易日")
/usr/local/lib/python3.10/dist-packages/akshare/futures/futures_basis.py:107: UserWarning: 20220103非交易日
  warnings.warn(f"{date.strftime('%Y%m%d')}非交易日")
/usr/local/lib/python3.10/dist-packages/akshare/futures/futures_basis.py:107: UserWarning: 20220108非交易日
  warnings.warn(f"{date.strftime('%Y%m%d')}非交易日")
/usr/local/lib/python3.10/dist-packages/akshare/futures/futures_basis.py:107: UserWarning: 20220109非交易日
  warnings.warn(f"{date.strftime('%Y%m%d')}非交易日")
/usr/local/lib/python3.10/dist-packages/akshare/futures/futures_basis.py:107: UserWarning: 20220115非交易日
  warnings.warn(f"{date.strftime('%Y%m%d')}非交易日")
/usr/local/lib/python3.10/dist-packages/akshare/futures/futures_basis.py:107: UserWarning: 20220116非交易日
  warnings.warn(f"{date.strftime('%Y%m%d')}非交易日")
/usr/local/lib/python3.10/dist-packages/akshare/futures/futures_basis.py:107: UserWarning: 20220122非交易日
  warnings.warn(f"{date.strftime('%Y%m%d')}非交易日")
/usr/local/lib/python3.10/dist-packages/akshare/futures/futures_basis.py:107: UserWarning: 20220123非交易日
  warnings.warn(f"{date.strftime('%Y%m%d')}非交易日")
/usr/local/lib/python3.10/dist-packages/akshare/futures/futures_basis.py:107: UserWarning: 20220129非交易日
  warnings.warn(f"{date.strftime('%Y%m%d')}非交易日")
/usr/local/lib/python3.10/dist-packages/akshare/futures/futures_basis.py:107: UserWarning: 20220130非交易日
  warnings.warn(f"{date.strftime('%Y%m%d')}非交易日")
/usr/local/lib/python3.10/dist-packages/akshare/futures/futures_basis.py:107: UserWarning: 20220131非交易日
  warnings.warn(f"{date.strftime('%Y%m%d')}非交易日")
/usr/local/lib/python3.10/dist-packages/akshare/futures/futures_basis.py:107: UserWarning: 20220201非交易日
  warnings.warn(f"{date.strftime('%Y%m%d')}非交易日")
/usr/local/lib/python3.10/dist-packages/akshare/futures/futures_basis.py:107: UserWarning: 20220202非交易日
  warnings.warn(f"{date.strftime('%Y%m%d')}非交易日")
/usr/local/lib/python3.10/dist-packages/akshare/futures/futures_basis.py:107: UserWarning: 20220203非交易日
  warnings.warn(f"{date.strftime('%Y%m%d')}非交易日")
/usr/local/lib/python3.10/dist-packages/akshare/futures/futures_basis.py:107: UserWarning: 20220204非交易日
  warnings.warn(f"{date.strftime('%Y%m%d')}非交易日")
/usr/local/lib/python3.10/dist-packages/akshare/futures/futures_basis.py:107: UserWarning: 20220205非交易日
  warnings.warn(f"{date.strftime('%Y%m%d')}非交易日")
/usr/local/lib/python3.10/dist-packages/akshare/futures/futures_basis.py:107: UserWarning: 20220206非交易日
  warnings.warn(f"{date.strftime('%Y%m%d')}非交易日")
/usr/local/lib/python3.10/dist-packages/akshare/futures/futures_basis.py:107: UserWarning: 20220212非交易日
  warnings.warn(f"{date.strftime('%Y%m%d')}非交易日")
/usr/local/lib/python3.10/dist-packages/akshare/futures/futures_basis.py:107: UserWarning: 20220213非交易日
  warnings.warn(f"{date.strftime('%Y%m%d')}非交易日")
/usr/local/lib/python3.10/dist-packages/akshare/futures/futures_basis.py:107: UserWarning: 20220219非交易日
  warnings.warn(f"{date.strftime('%Y%m%d')}非交易日")
/usr/local/lib/python3.10/dist-packages/akshare/futures/futures_basis.py:107: UserWarning: 20220220非交易日
  warnings.warn(f"{date.strftime('%Y%m%d')}非交易日")
/usr/local/lib/python3.10/dist-packages/akshare/futures/futures_basis.py:107: UserWarning: 20220226非交易日
  warnings.warn(f"{date.strftime('%Y%m%d')}非交易日")
/usr/local/lib/python3.10/dist-packages/akshare/futures/futures_basis.py:107: UserWarning: 20220227非交易日
  warnings.warn(f"{date.strftime('%Y%m%d')}非交易日")
/usr/local/lib/python3.10/dist-packages/akshare/futures/futures_basis.py:107: UserWarning: 20220305非交易日
  warnings.warn(f"{date.strftime('%Y%m%d')}非交易日")
/usr/local/lib/python3.10/dist-packages/akshare/futures/futures_basis.py:107: UserWarning: 20220306非交易日
  warnings.warn(f"{date.strftime('%Y%m%d')}非交易日")
/usr/local/lib/python3.10/dist-packages/akshare/futures/futures_basis.py:107: UserWarning: 20220312非交易日
  warnings.warn(f"{date.strftime('%Y%m%d')}非交易日")
/usr/local/lib/python3.10/dist-packages/akshare/futures/futures_basis.py:107: UserWarning: 20220313非交易日
  warnings.warn(f"{date.strftime('%Y%m%d')}非交易日")
/usr/local/lib/python3.10/dist-packages/akshare/futures/futures_basis.py:107: UserWarning: 20220319非交易日
  warnings.warn(f"{date.strftime('%Y%m%d')}非交易日")
/usr/local/lib/python3.10/dist-packages/akshare/futures/futures_basis.py:107: UserWarning: 20220320非交易日
  warnings.warn(f"{date.strftime('%Y%m%d')}非交易日")
/usr/local/lib/python3.10/dist-packages/akshare/futures/futures_basis.py:107: UserWarning: 20220326非交易日
  warnings.warn(f"{date.strftime('%Y%m%d')}非交易日")
/usr/local/lib/python3.10/dist-packages/akshare/futures/futures_basis.py:107: UserWarning: 20220327非交易日
  warnings.warn(f"{date.strftime('%Y%m%d')}非交易日")
/usr/local/lib/python3.10/dist-packages/akshare/futures/futures_basis.py:107: UserWarning: 20220402非交易日
  warnings.warn(f"{date.strftime('%Y%m%d')}非交易日")
/usr/local/lib/python3.10/dist-packages/akshare/futures/futures_basis.py:107: UserWarning: 20220403非交易日
  warnings.warn(f"{date.strftime('%Y%m%d')}非交易日")
/usr/local/lib/python3.10/dist-packages/akshare/futures/futures_basis.py:107: UserWarning: 20220404非交易日
  warnings.warn(f"{date.strftime('%Y%m%d')}非交易日")
/usr/local/lib/python3.10/dist-packages/akshare/futures/futures_basis.py:107: UserWarning: 20220405非交易日
  warnings.warn(f"{date.strftime('%Y%m%d')}非交易日")
/usr/local/lib/python3.10/dist-packages/akshare/futures/futures_basis.py:107: UserWarning: 20220409非交易日
  warnings.warn(f"{date.strftime('%Y%m%d')}非交易日")
/usr/local/lib/python3.10/dist-packages/akshare/futures/futures_basis.py:107: UserWarning: 20220410非交易日
  warnings.warn(f"{date.strftime('%Y%m%d')}非交易日")
/usr/local/lib/python3.10/dist-packages/akshare/futures/futures_basis.py:107: UserWarning: 20220416非交易日
  warnings.warn(f"{date.strftime('%Y%m%d')}非交易日")
/usr/local/lib/python3.10/dist-packages/akshare/futures/futures_basis.py:107: UserWarning: 20220417非交易日
  warnings.warn(f"{date.strftime('%Y%m%d')}非交易日")
/usr/local/lib/python3.10/dist-packages/akshare/futures/futures_basis.py:107: UserWarning: 20220423非交易日
  warnings.warn(f"{date.strftime('%Y%m%d')}非交易日")
/usr/local/lib/python3.10/dist-packages/akshare/futures/futures_basis.py:107: UserWarning: 20220424非交易日
  warnings.warn(f"{date.strftime('%Y%m%d')}非交易日")
/usr/local/lib/python3.10/dist-packages/akshare/futures/futures_basis.py:107: UserWarning: 20220430非交易日
  warnings.warn(f"{date.strftime('%Y%m%d')}非交易日")
/usr/local/lib/python3.10/dist-packages/akshare/futures/futures_basis.py:107: UserWarning: 20220501非交易日
  warnings.warn(f"{date.strftime('%Y%m%d')}非交易日")
/usr/local/lib/python3.10/dist-packages/akshare/futures/futures_basis.py:107: UserWarning: 20220502非交易日
  warnings.warn(f"{date.strftime('%Y%m%d')}非交易日")
/usr/local/lib/python3.10/dist-packages/akshare/futures/futures_basis.py:107: UserWarning: 20220503非交易日
  warnings.warn(f"{date.strftime('%Y%m%d')}非交易日")
/usr/local/lib/python3.10/dist-packages/akshare/futures/futures_basis.py:107: UserWarning: 20220504非交易日
  warnings.warn(f"{date.strftime('%Y%m%d')}非交易日")
/usr/local/lib/python3.10/dist-packages/akshare/futures/futures_basis.py:107: UserWarning: 20220507非交易日
  warnings.warn(f"{date.strftime('%Y%m%d')}非交易日")
/usr/local/lib/python3.10/dist-packages/akshare/futures/futures_basis.py:107: UserWarning: 20220508非交易日
  warnings.warn(f"{date.strftime('%Y%m%d')}非交易日")
/usr/local/lib/python3.10/dist-packages/akshare/futures/futures_basis.py:107: UserWarning: 20220514非交易日
  warnings.warn(f"{date.strftime('%Y%m%d')}非交易日")
/usr/local/lib/python3.10/dist-packages/akshare/futures/futures_basis.py:107: UserWarning: 20220515非交易日
  warnings.warn(f"{date.strftime('%Y%m%d')}非交易日")
/usr/local/lib/python3.10/dist-packages/akshare/futures/futures_basis.py:107: UserWarning: 20220521非交易日
  warnings.warn(f"{date.strftime('%Y%m%d')}非交易日")
/usr/local/lib/python3.10/dist-packages/akshare/futures/futures_basis.py:107: UserWarning: 20220522非交易日
  warnings.warn(f"{date.strftime('%Y%m%d')}非交易日")
/usr/local/lib/python3.10/dist-packages/akshare/futures/futures_basis.py:107: UserWarning: 20220528非交易日
  warnings.warn(f"{date.strftime('%Y%m%d')}非交易日")
/usr/local/lib/python3.10/dist-packages/akshare/futures/futures_basis.py:107: UserWarning: 20220529非交易日
  warnings.warn(f"{date.strftime('%Y%m%d')}非交易日")
/usr/local/lib/python3.10/dist-packages/akshare/futures/futures_basis.py:107: UserWarning: 20220603非交易日
  warnings.warn(f"{date.strftime('%Y%m%d')}非交易日")
/usr/local/lib/python3.10/dist-packages/akshare/futures/futures_basis.py:107: UserWarning: 20220604非交易日
  warnings.warn(f"{date.strftime('%Y%m%d')}非交易日")
/usr/local/lib/python3.10/dist-packages/akshare/futures/futures_basis.py:107: UserWarning: 20220605非交易日
  warnings.warn(f"{date.strftime('%Y%m%d')}非交易日")
/usr/local/lib/python3.10/dist-packages/akshare/futures/futures_basis.py:107: UserWarning: 20220611非交易日
  warnings.warn(f"{date.strftime('%Y%m%d')}非交易日")
/usr/local/lib/python3.10/dist-packages/akshare/futures/futures_basis.py:107: UserWarning: 20220612非交易日
  warnings.warn(f"{date.strftime('%Y%m%d')}非交易日")
/usr/local/lib/python3.10/dist-packages/akshare/futures/futures_basis.py:107: UserWarning: 20220618非交易日
  warnings.warn(f"{date.strftime('%Y%m%d')}非交易日")
/usr/local/lib/python3.10/dist-packages/akshare/futures/futures_basis.py:107: UserWarning: 20220619非交易日
  warnings.warn(f"{date.strftime('%Y%m%d')}非交易日")
/usr/local/lib/python3.10/dist-packages/akshare/futures/futures_basis.py:107: UserWarning: 20220625非交易日
  warnings.warn(f"{date.strftime('%Y%m%d')}非交易日")
/usr/local/lib/python3.10/dist-packages/akshare/futures/futures_basis.py:107: UserWarning: 20220626非交易日
  warnings.warn(f"{date.strftime('%Y%m%d')}非交易日")
/usr/local/lib/python3.10/dist-packages/akshare/futures/futures_basis.py:107: UserWarning: 20220702非交易日
  warnings.warn(f"{date.strftime('%Y%m%d')}非交易日")
/usr/local/lib/python3.10/dist-packages/akshare/futures/futures_basis.py:107: UserWarning: 20220703非交易日
  warnings.warn(f"{date.strftime('%Y%m%d')}非交易日")
/usr/local/lib/python3.10/dist-packages/akshare/futures/futures_basis.py:107: UserWarning: 20220709非交易日
  warnings.warn(f"{date.strftime('%Y%m%d')}非交易日")
/usr/local/lib/python3.10/dist-packages/akshare/futures/futures_basis.py:107: UserWarning: 20220710非交易日
  warnings.warn(f"{date.strftime('%Y%m%d')}非交易日")
/usr/local/lib/python3.10/dist-packages/akshare/futures/futures_basis.py:107: UserWarning: 20220716非交易日
  warnings.warn(f"{date.strftime('%Y%m%d')}非交易日")
/usr/local/lib/python3.10/dist-packages/akshare/futures/futures_basis.py:107: UserWarning: 20220717非交易日
  warnings.warn(f"{date.strftime('%Y%m%d')}非交易日")
/usr/local/lib/python3.10/dist-packages/akshare/futures/futures_basis.py:107: UserWarning: 20220723非交易日
  warnings.warn(f"{date.strftime('%Y%m%d')}非交易日")
/usr/local/lib/python3.10/dist-packages/akshare/futures/futures_basis.py:107: UserWarning: 20220724非交易日
  warnings.warn(f"{date.strftime('%Y%m%d')}非交易日")
/usr/local/lib/python3.10/dist-packages/akshare/futures/futures_basis.py:107: UserWarning: 20220730非交易日
  warnings.warn(f"{date.strftime('%Y%m%d')}非交易日")
/usr/local/lib/python3.10/dist-packages/akshare/futures/futures_basis.py:107: UserWarning: 20220731非交易日
  warnings.warn(f"{date.strftime('%Y%m%d')}非交易日")
/usr/local/lib/python3.10/dist-packages/akshare/futures/futures_basis.py:107: UserWarning: 20220806非交易日
  warnings.warn(f"{date.strftime('%Y%m%d')}非交易日")
/usr/local/lib/python3.10/dist-packages/akshare/futures/futures_basis.py:107: UserWarning: 20220807非交易日
  warnings.warn(f"{date.strftime('%Y%m%d')}非交易日")
/usr/local/lib/python3.10/dist-packages/akshare/futures/futures_basis.py:107: UserWarning: 20220813非交易日
  warnings.warn(f"{date.strftime('%Y%m%d')}非交易日")
/usr/local/lib/python3.10/dist-packages/akshare/futures/futures_basis.py:107: UserWarning: 20220814非交易日
  warnings.warn(f"{date.strftime('%Y%m%d')}非交易日")
/usr/local/lib/python3.10/dist-packages/akshare/futures/futures_basis.py:107: UserWarning: 20220820非交易日
  warnings.warn(f"{date.strftime('%Y%m%d')}非交易日")
/usr/local/lib/python3.10/dist-packages/akshare/futures/futures_basis.py:107: UserWarning: 20220821非交易日
  warnings.warn(f"{date.strftime('%Y%m%d')}非交易日")
/usr/local/lib/python3.10/dist-packages/akshare/futures/futures_basis.py:107: UserWarning: 20220827非交易日
  warnings.warn(f"{date.strftime('%Y%m%d')}非交易日")
/usr/local/lib/python3.10/dist-packages/akshare/futures/futures_basis.py:107: UserWarning: 20220828非交易日
  warnings.warn(f"{date.strftime('%Y%m%d')}非交易日")
/usr/local/lib/python3.10/dist-packages/akshare/futures/futures_basis.py:107: UserWarning: 20220903非交易日
  warnings.warn(f"{date.strftime('%Y%m%d')}非交易日")
/usr/local/lib/python3.10/dist-packages/akshare/futures/futures_basis.py:107: UserWarning: 20220904非交易日
  warnings.warn(f"{date.strftime('%Y%m%d')}非交易日")
/usr/local/lib/python3.10/dist-packages/akshare/futures/futures_basis.py:107: UserWarning: 20220910非交易日
  warnings.warn(f"{date.strftime('%Y%m%d')}非交易日")
/usr/local/lib/python3.10/dist-packages/akshare/futures/futures_basis.py:107: UserWarning: 20220911非交易日
  warnings.warn(f"{date.strftime('%Y%m%d')}非交易日")
/usr/local/lib/python3.10/dist-packages/akshare/futures/futures_basis.py:107: UserWarning: 20220912非交易日
  warnings.warn(f"{date.strftime('%Y%m%d')}非交易日")
/usr/local/lib/python3.10/dist-packages/akshare/futures/futures_basis.py:107: UserWarning: 20220917非交易日
  warnings.warn(f"{date.strftime('%Y%m%d')}非交易日")
/usr/local/lib/python3.10/dist-packages/akshare/futures/futures_basis.py:107: UserWarning: 20220918非交易日
  warnings.warn(f"{date.strftime('%Y%m%d')}非交易日")
/usr/local/lib/python3.10/dist-packages/akshare/futures/futures_basis.py:107: UserWarning: 20220924非交易日
  warnings.warn(f"{date.strftime('%Y%m%d')}非交易日")
/usr/local/lib/python3.10/dist-packages/akshare/futures/futures_basis.py:107: UserWarning: 20220925非交易日
  warnings.warn(f"{date.strftime('%Y%m%d')}非交易日")
/usr/local/lib/python3.10/dist-packages/akshare/futures/futures_basis.py:107: UserWarning: 20221001非交易日
  warnings.warn(f"{date.strftime('%Y%m%d')}非交易日")
/usr/local/lib/python3.10/dist-packages/akshare/futures/futures_basis.py:107: UserWarning: 20221002非交易日
  warnings.warn(f"{date.strftime('%Y%m%d')}非交易日")
/usr/local/lib/python3.10/dist-packages/akshare/futures/futures_basis.py:107: UserWarning: 20221003非交易日
  warnings.warn(f"{date.strftime('%Y%m%d')}非交易日")
/usr/local/lib/python3.10/dist-packages/akshare/futures/futures_basis.py:107: UserWarning: 20221004非交易日
  warnings.warn(f"{date.strftime('%Y%m%d')}非交易日")
/usr/local/lib/python3.10/dist-packages/akshare/futures/futures_basis.py:107: UserWarning: 20221005非交易日
  warnings.warn(f"{date.strftime('%Y%m%d')}非交易日")
/usr/local/lib/python3.10/dist-packages/akshare/futures/futures_basis.py:107: UserWarning: 20221006非交易日
  warnings.warn(f"{date.strftime('%Y%m%d')}非交易日")
/usr/local/lib/python3.10/dist-packages/akshare/futures/futures_basis.py:107: UserWarning: 20221007非交易日
  warnings.warn(f"{date.strftime('%Y%m%d')}非交易日")
/usr/local/lib/python3.10/dist-packages/akshare/futures/futures_basis.py:107: UserWarning: 20221008非交易日
  warnings.warn(f"{date.strftime('%Y%m%d')}非交易日")
/usr/local/lib/python3.10/dist-packages/akshare/futures/futures_basis.py:107: UserWarning: 20221009非交易日
  warnings.warn(f"{date.strftime('%Y%m%d')}非交易日")
/usr/local/lib/python3.10/dist-packages/akshare/futures/futures_basis.py:107: UserWarning: 20221015非交易日
  warnings.warn(f"{date.strftime('%Y%m%d')}非交易日")
/usr/local/lib/python3.10/dist-packages/akshare/futures/futures_basis.py:107: UserWarning: 20221016非交易日
  warnings.warn(f"{date.strftime('%Y%m%d')}非交易日")
/usr/local/lib/python3.10/dist-packages/akshare/futures/futures_basis.py:107: UserWarning: 20221022非交易日
  warnings.warn(f"{date.strftime('%Y%m%d')}非交易日")
/usr/local/lib/python3.10/dist-packages/akshare/futures/futures_basis.py:107: UserWarning: 20221023非交易日
  warnings.warn(f"{date.strftime('%Y%m%d')}非交易日")
/usr/local/lib/python3.10/dist-packages/akshare/futures/futures_basis.py:107: UserWarning: 20221029非交易日
  warnings.warn(f"{date.strftime('%Y%m%d')}非交易日")
/usr/local/lib/python3.10/dist-packages/akshare/futures/futures_basis.py:107: UserWarning: 20221030非交易日
  warnings.warn(f"{date.strftime('%Y%m%d')}非交易日")
/usr/local/lib/python3.10/dist-packages/akshare/futures/futures_basis.py:107: UserWarning: 20221105非交易日
  warnings.warn(f"{date.strftime('%Y%m%d')}非交易日")
/usr/local/lib/python3.10/dist-packages/akshare/futures/futures_basis.py:107: UserWarning: 20221106非交易日
  warnings.warn(f"{date.strftime('%Y%m%d')}非交易日")
/usr/local/lib/python3.10/dist-packages/akshare/futures/futures_basis.py:107: UserWarning: 20221112非交易日
  warnings.warn(f"{date.strftime('%Y%m%d')}非交易日")
/usr/local/lib/python3.10/dist-packages/akshare/futures/futures_basis.py:107: UserWarning: 20221113非交易日
  warnings.warn(f"{date.strftime('%Y%m%d')}非交易日")
/usr/local/lib/python3.10/dist-packages/akshare/futures/futures_basis.py:107: UserWarning: 20221119非交易日
  warnings.warn(f"{date.strftime('%Y%m%d')}非交易日")
/usr/local/lib/python3.10/dist-packages/akshare/futures/futures_basis.py:107: UserWarning: 20221120非交易日
  warnings.warn(f"{date.strftime('%Y%m%d')}非交易日")
/usr/local/lib/python3.10/dist-packages/akshare/futures/futures_basis.py:107: UserWarning: 20221126非交易日
  warnings.warn(f"{date.strftime('%Y%m%d')}非交易日")
/usr/local/lib/python3.10/dist-packages/akshare/futures/futures_basis.py:107: UserWarning: 20221127非交易日
  warnings.warn(f"{date.strftime('%Y%m%d')}非交易日")
/usr/local/lib/python3.10/dist-packages/akshare/futures/futures_basis.py:107: UserWarning: 20221203非交易日
  warnings.warn(f"{date.strftime('%Y%m%d')}非交易日")
/usr/local/lib/python3.10/dist-packages/akshare/futures/futures_basis.py:107: UserWarning: 20221204非交易日
  warnings.warn(f"{date.strftime('%Y%m%d')}非交易日")
/usr/local/lib/python3.10/dist-packages/akshare/futures/futures_basis.py:107: UserWarning: 20221210非交易日
  warnings.warn(f"{date.strftime('%Y%m%d')}非交易日")
/usr/local/lib/python3.10/dist-packages/akshare/futures/futures_basis.py:107: UserWarning: 20221211非交易日
  warnings.warn(f"{date.strftime('%Y%m%d')}非交易日")
/usr/local/lib/python3.10/dist-packages/akshare/futures/futures_basis.py:107: UserWarning: 20221217非交易日
  warnings.warn(f"{date.strftime('%Y%m%d')}非交易日")
/usr/local/lib/python3.10/dist-packages/akshare/futures/futures_basis.py:107: UserWarning: 20221218非交易日
  warnings.warn(f"{date.strftime('%Y%m%d')}非交易日")
/usr/local/lib/python3.10/dist-packages/akshare/futures/futures_basis.py:107: UserWarning: 20221224非交易日
  warnings.warn(f"{date.strftime('%Y%m%d')}非交易日")
/usr/local/lib/python3.10/dist-packages/akshare/futures/futures_basis.py:107: UserWarning: 20221225非交易日
  warnings.warn(f"{date.strftime('%Y%m%d')}非交易日")
/usr/local/lib/python3.10/dist-packages/akshare/futures/futures_basis.py:107: UserWarning: 20221231非交易日
  warnings.warn(f"{date.strftime('%Y%m%d')}非交易日")
/usr/local/lib/python3.10/dist-packages/akshare/futures/futures_basis.py:107: UserWarning: 20230101非交易日
  warnings.warn(f"{date.strftime('%Y%m%d')}非交易日")
/usr/local/lib/python3.10/dist-packages/akshare/futures/futures_basis.py:107: UserWarning: 20230102非交易日
  warnings.warn(f"{date.strftime('%Y%m%d')}非交易日")
/usr/local/lib/python3.10/dist-packages/akshare/futures/futures_basis.py:107: UserWarning: 20230107非交易日
  warnings.warn(f"{date.strftime('%Y%m%d')}非交易日")
/usr/local/lib/python3.10/dist-packages/akshare/futures/futures_basis.py:107: UserWarning: 20230108非交易日
  warnings.warn(f"{date.strftime('%Y%m%d')}非交易日")
/usr/local/lib/python3.10/dist-packages/akshare/futures/futures_basis.py:107: UserWarning: 20230114非交易日
  warnings.warn(f"{date.strftime('%Y%m%d')}非交易日")
/usr/local/lib/python3.10/dist-packages/akshare/futures/futures_basis.py:107: UserWarning: 20230115非交易日
  warnings.warn(f"{date.strftime('%Y%m%d')}非交易日")
/usr/local/lib/python3.10/dist-packages/akshare/futures/futures_basis.py:107: UserWarning: 20230121非交易日
  warnings.warn(f"{date.strftime('%Y%m%d')}非交易日")
/usr/local/lib/python3.10/dist-packages/akshare/futures/futures_basis.py:107: UserWarning: 20230122非交易日
  warnings.warn(f"{date.strftime('%Y%m%d')}非交易日")
/usr/local/lib/python3.10/dist-packages/akshare/futures/futures_basis.py:107: UserWarning: 20230123非交易日
  warnings.warn(f"{date.strftime('%Y%m%d')}非交易日")
/usr/local/lib/python3.10/dist-packages/akshare/futures/futures_basis.py:107: UserWarning: 20230124非交易日
  warnings.warn(f"{date.strftime('%Y%m%d')}非交易日")
/usr/local/lib/python3.10/dist-packages/akshare/futures/futures_basis.py:107: UserWarning: 20230125非交易日
  warnings.warn(f"{date.strftime('%Y%m%d')}非交易日")
/usr/local/lib/python3.10/dist-packages/akshare/futures/futures_basis.py:107: UserWarning: 20230126非交易日
  warnings.warn(f"{date.strftime('%Y%m%d')}非交易日")
/usr/local/lib/python3.10/dist-packages/akshare/futures/futures_basis.py:107: UserWarning: 20230127非交易日
  warnings.warn(f"{date.strftime('%Y%m%d')}非交易日")
/usr/local/lib/python3.10/dist-packages/akshare/futures/futures_basis.py:107: UserWarning: 20230128非交易日
  warnings.warn(f"{date.strftime('%Y%m%d')}非交易日")
/usr/local/lib/python3.10/dist-packages/akshare/futures/futures_basis.py:107: UserWarning: 20230129非交易日
  warnings.warn(f"{date.strftime('%Y%m%d')}非交易日")
/usr/local/lib/python3.10/dist-packages/akshare/futures/futures_basis.py:107: UserWarning: 20230204非交易日
  warnings.warn(f"{date.strftime('%Y%m%d')}非交易日")
/usr/local/lib/python3.10/dist-packages/akshare/futures/futures_basis.py:107: UserWarning: 20230205非交易日
  warnings.warn(f"{date.strftime('%Y%m%d')}非交易日")
/usr/local/lib/python3.10/dist-packages/akshare/futures/futures_basis.py:107: UserWarning: 20230211非交易日
  warnings.warn(f"{date.strftime('%Y%m%d')}非交易日")
/usr/local/lib/python3.10/dist-packages/akshare/futures/futures_basis.py:107: UserWarning: 20230212非交易日
  warnings.warn(f"{date.strftime('%Y%m%d')}非交易日")
/usr/local/lib/python3.10/dist-packages/akshare/futures/futures_basis.py:107: UserWarning: 20230218非交易日
  warnings.warn(f"{date.strftime('%Y%m%d')}非交易日")
/usr/local/lib/python3.10/dist-packages/akshare/futures/futures_basis.py:107: UserWarning: 20230219非交易日
  warnings.warn(f"{date.strftime('%Y%m%d')}非交易日")
/usr/local/lib/python3.10/dist-packages/akshare/futures/futures_basis.py:107: UserWarning: 20230225非交易日
  warnings.warn(f"{date.strftime('%Y%m%d')}非交易日")
/usr/local/lib/python3.10/dist-packages/akshare/futures/futures_basis.py:107: UserWarning: 20230226非交易日
  warnings.warn(f"{date.strftime('%Y%m%d')}非交易日")
/usr/local/lib/python3.10/dist-packages/akshare/futures/futures_basis.py:107: UserWarning: 20230304非交易日
  warnings.warn(f"{date.strftime('%Y%m%d')}非交易日")
/usr/local/lib/python3.10/dist-packages/akshare/futures/futures_basis.py:107: UserWarning: 20230305非交易日
  warnings.warn(f"{date.strftime('%Y%m%d')}非交易日")
/usr/local/lib/python3.10/dist-packages/akshare/futures/futures_basis.py:107: UserWarning: 20230311非交易日
  warnings.warn(f"{date.strftime('%Y%m%d')}非交易日")
/usr/local/lib/python3.10/dist-packages/akshare/futures/futures_basis.py:107: UserWarning: 20230312非交易日
  warnings.warn(f"{date.strftime('%Y%m%d')}非交易日")
/usr/local/lib/python3.10/dist-packages/akshare/futures/futures_basis.py:107: UserWarning: 20230318非交易日
  warnings.warn(f"{date.strftime('%Y%m%d')}非交易日")
/usr/local/lib/python3.10/dist-packages/akshare/futures/futures_basis.py:107: UserWarning: 20230319非交易日
  warnings.warn(f"{date.strftime('%Y%m%d')}非交易日")
/usr/local/lib/python3.10/dist-packages/akshare/futures/futures_basis.py:107: UserWarning: 20230325非交易日
  warnings.warn(f"{date.strftime('%Y%m%d')}非交易日")
/usr/local/lib/python3.10/dist-packages/akshare/futures/futures_basis.py:107: UserWarning: 20230326非交易日
  warnings.warn(f"{date.strftime('%Y%m%d')}非交易日")
/usr/local/lib/python3.10/dist-packages/akshare/futures/futures_basis.py:107: UserWarning: 20230401非交易日
  warnings.warn(f"{date.strftime('%Y%m%d')}非交易日")
/usr/local/lib/python3.10/dist-packages/akshare/futures/futures_basis.py:107: UserWarning: 20230402非交易日
  warnings.warn(f"{date.strftime('%Y%m%d')}非交易日")
/usr/local/lib/python3.10/dist-packages/akshare/futures/futures_basis.py:107: UserWarning: 20230405非交易日
  warnings.warn(f"{date.strftime('%Y%m%d')}非交易日")
/usr/local/lib/python3.10/dist-packages/akshare/futures/futures_basis.py:107: UserWarning: 20230408非交易日
  warnings.warn(f"{date.strftime('%Y%m%d')}非交易日")
/usr/local/lib/python3.10/dist-packages/akshare/futures/futures_basis.py:107: UserWarning: 20230409非交易日
  warnings.warn(f"{date.strftime('%Y%m%d')}非交易日")
/usr/local/lib/python3.10/dist-packages/akshare/futures/futures_basis.py:107: UserWarning: 20230415非交易日
  warnings.warn(f"{date.strftime('%Y%m%d')}非交易日")
/usr/local/lib/python3.10/dist-packages/akshare/futures/futures_basis.py:107: UserWarning: 20230416非交易日
  warnings.warn(f"{date.strftime('%Y%m%d')}非交易日")
/usr/local/lib/python3.10/dist-packages/akshare/futures/futures_basis.py:107: UserWarning: 20230422非交易日
  warnings.warn(f"{date.strftime('%Y%m%d')}非交易日")
/usr/local/lib/python3.10/dist-packages/akshare/futures/futures_basis.py:107: UserWarning: 20230423非交易日
  warnings.warn(f"{date.strftime('%Y%m%d')}非交易日")
/usr/local/lib/python3.10/dist-packages/akshare/futures/futures_basis.py:107: UserWarning: 20230429非交易日
  warnings.warn(f"{date.strftime('%Y%m%d')}非交易日")
/usr/local/lib/python3.10/dist-packages/akshare/futures/futures_basis.py:107: UserWarning: 20230430非交易日
  warnings.warn(f"{date.strftime('%Y%m%d')}非交易日")
/usr/local/lib/python3.10/dist-packages/akshare/futures/futures_basis.py:107: UserWarning: 20230501非交易日
  warnings.warn(f"{date.strftime('%Y%m%d')}非交易日")
/usr/local/lib/python3.10/dist-packages/akshare/futures/futures_basis.py:107: UserWarning: 20230502非交易日
  warnings.warn(f"{date.strftime('%Y%m%d')}非交易日")
/usr/local/lib/python3.10/dist-packages/akshare/futures/futures_basis.py:107: UserWarning: 20230503非交易日
  warnings.warn(f"{date.strftime('%Y%m%d')}非交易日")
/usr/local/lib/python3.10/dist-packages/akshare/futures/futures_basis.py:107: UserWarning: 20230506非交易日
  warnings.warn(f"{date.strftime('%Y%m%d')}非交易日")
/usr/local/lib/python3.10/dist-packages/akshare/futures/futures_basis.py:107: UserWarning: 20230507非交易日
  warnings.warn(f"{date.strftime('%Y%m%d')}非交易日")
/usr/local/lib/python3.10/dist-packages/akshare/futures/futures_basis.py:107: UserWarning: 20230513非交易日
  warnings.warn(f"{date.strftime('%Y%m%d')}非交易日")
/usr/local/lib/python3.10/dist-packages/akshare/futures/futures_basis.py:107: UserWarning: 20230514非交易日
  warnings.warn(f"{date.strftime('%Y%m%d')}非交易日")
/usr/local/lib/python3.10/dist-packages/akshare/futures/futures_basis.py:107: UserWarning: 20230520非交易日
  warnings.warn(f"{date.strftime('%Y%m%d')}非交易日")
/usr/local/lib/python3.10/dist-packages/akshare/futures/futures_basis.py:107: UserWarning: 20230521非交易日
  warnings.warn(f"{date.strftime('%Y%m%d')}非交易日")
/usr/local/lib/python3.10/dist-packages/akshare/futures/futures_basis.py:107: UserWarning: 20230527非交易日
  warnings.warn(f"{date.strftime('%Y%m%d')}非交易日")
/usr/local/lib/python3.10/dist-packages/akshare/futures/futures_basis.py:107: UserWarning: 20230528非交易日
  warnings.warn(f"{date.strftime('%Y%m%d')}非交易日")
/usr/local/lib/python3.10/dist-packages/akshare/futures/futures_basis.py:107: UserWarning: 20230603非交易日
  warnings.warn(f"{date.strftime('%Y%m%d')}非交易日")
/usr/local/lib/python3.10/dist-packages/akshare/futures/futures_basis.py:107: UserWarning: 20230604非交易日
  warnings.warn(f"{date.strftime('%Y%m%d')}非交易日")
/usr/local/lib/python3.10/dist-packages/akshare/futures/futures_basis.py:107: UserWarning: 20230610非交易日
  warnings.warn(f"{date.strftime('%Y%m%d')}非交易日")
/usr/local/lib/python3.10/dist-packages/akshare/futures/futures_basis.py:107: UserWarning: 20230611非交易日
  warnings.warn(f"{date.strftime('%Y%m%d')}非交易日")
/usr/local/lib/python3.10/dist-packages/akshare/futures/futures_basis.py:107: UserWarning: 20230617非交易日
  warnings.warn(f"{date.strftime('%Y%m%d')}非交易日")
/usr/local/lib/python3.10/dist-packages/akshare/futures/futures_basis.py:107: UserWarning: 20230618非交易日
  warnings.warn(f"{date.strftime('%Y%m%d')}非交易日")
/usr/local/lib/python3.10/dist-packages/akshare/futures/futures_basis.py:107: UserWarning: 20230622非交易日
  warnings.warn(f"{date.strftime('%Y%m%d')}非交易日")
/usr/local/lib/python3.10/dist-packages/akshare/futures/futures_basis.py:107: UserWarning: 20230623非交易日
  warnings.warn(f"{date.strftime('%Y%m%d')}非交易日")
/usr/local/lib/python3.10/dist-packages/akshare/futures/futures_basis.py:107: UserWarning: 20230624非交易日
  warnings.warn(f"{date.strftime('%Y%m%d')}非交易日")
/usr/local/lib/python3.10/dist-packages/akshare/futures/futures_basis.py:107: UserWarning: 20230625非交易日
  warnings.warn(f"{date.strftime('%Y%m%d')}非交易日")
/usr/local/lib/python3.10/dist-packages/akshare/futures/futures_basis.py:107: UserWarning: 20230701非交易日
  warnings.warn(f"{date.strftime('%Y%m%d')}非交易日")
/usr/local/lib/python3.10/dist-packages/akshare/futures/futures_basis.py:107: UserWarning: 20230702非交易日
  warnings.warn(f"{date.strftime('%Y%m%d')}非交易日")
/usr/local/lib/python3.10/dist-packages/akshare/futures/futures_basis.py:107: UserWarning: 20230708非交易日
  warnings.warn(f"{date.strftime('%Y%m%d')}非交易日")
/usr/local/lib/python3.10/dist-packages/akshare/futures/futures_basis.py:107: UserWarning: 20230709非交易日
  warnings.warn(f"{date.strftime('%Y%m%d')}非交易日")
/usr/local/lib/python3.10/dist-packages/akshare/futures/futures_basis.py:107: UserWarning: 20230715非交易日
  warnings.warn(f"{date.strftime('%Y%m%d')}非交易日")
/usr/local/lib/python3.10/dist-packages/akshare/futures/futures_basis.py:107: UserWarning: 20230716非交易日
  warnings.warn(f"{date.strftime('%Y%m%d')}非交易日")
/usr/local/lib/python3.10/dist-packages/akshare/futures/futures_basis.py:107: UserWarning: 20230722非交易日
  warnings.warn(f"{date.strftime('%Y%m%d')}非交易日")
/usr/local/lib/python3.10/dist-packages/akshare/futures/futures_basis.py:107: UserWarning: 20230723非交易日
  warnings.warn(f"{date.strftime('%Y%m%d')}非交易日")
/usr/local/lib/python3.10/dist-packages/akshare/futures/futures_basis.py:107: UserWarning: 20230729非交易日
  warnings.warn(f"{date.strftime('%Y%m%d')}非交易日")
/usr/local/lib/python3.10/dist-packages/akshare/futures/futures_basis.py:107: UserWarning: 20230730非交易日
  warnings.warn(f"{date.strftime('%Y%m%d')}非交易日")
/usr/local/lib/python3.10/dist-packages/akshare/futures/futures_basis.py:107: UserWarning: 20230805非交易日
  warnings.warn(f"{date.strftime('%Y%m%d')}非交易日")
/usr/local/lib/python3.10/dist-packages/akshare/futures/futures_basis.py:107: UserWarning: 20230806非交易日
  warnings.warn(f"{date.strftime('%Y%m%d')}非交易日")
/usr/local/lib/python3.10/dist-packages/akshare/futures/futures_basis.py:107: UserWarning: 20230812非交易日
  warnings.warn(f"{date.strftime('%Y%m%d')}非交易日")
/usr/local/lib/python3.10/dist-packages/akshare/futures/futures_basis.py:107: UserWarning: 20230813非交易日
  warnings.warn(f"{date.strftime('%Y%m%d')}非交易日")
/usr/local/lib/python3.10/dist-packages/akshare/futures/futures_basis.py:107: UserWarning: 20230819非交易日
  warnings.warn(f"{date.strftime('%Y%m%d')}非交易日")
/usr/local/lib/python3.10/dist-packages/akshare/futures/futures_basis.py:107: UserWarning: 20230820非交易日
  warnings.warn(f"{date.strftime('%Y%m%d')}非交易日")
/usr/local/lib/python3.10/dist-packages/akshare/futures/futures_basis.py:107: UserWarning: 20230826非交易日
  warnings.warn(f"{date.strftime('%Y%m%d')}非交易日")
/usr/local/lib/python3.10/dist-packages/akshare/futures/futures_basis.py:107: UserWarning: 20230827非交易日
  warnings.warn(f"{date.strftime('%Y%m%d')}非交易日")
/usr/local/lib/python3.10/dist-packages/akshare/futures/futures_basis.py:107: UserWarning: 20230902非交易日
  warnings.warn(f"{date.strftime('%Y%m%d')}非交易日")
/usr/local/lib/python3.10/dist-packages/akshare/futures/futures_basis.py:107: UserWarning: 20230903非交易日
  warnings.warn(f"{date.strftime('%Y%m%d')}非交易日")
/usr/local/lib/python3.10/dist-packages/akshare/futures/futures_basis.py:107: UserWarning: 20230909非交易日
  warnings.warn(f"{date.strftime('%Y%m%d')}非交易日")
/usr/local/lib/python3.10/dist-packages/akshare/futures/futures_basis.py:107: UserWarning: 20230910非交易日
  warnings.warn(f"{date.strftime('%Y%m%d')}非交易日")
/usr/local/lib/python3.10/dist-packages/akshare/futures/futures_basis.py:107: UserWarning: 20230916非交易日
  warnings.warn(f"{date.strftime('%Y%m%d')}非交易日")
/usr/local/lib/python3.10/dist-packages/akshare/futures/futures_basis.py:107: UserWarning: 20230917非交易日
  warnings.warn(f"{date.strftime('%Y%m%d')}非交易日")
/usr/local/lib/python3.10/dist-packages/akshare/futures/futures_basis.py:107: UserWarning: 20230923非交易日
  warnings.warn(f"{date.strftime('%Y%m%d')}非交易日")
/usr/local/lib/python3.10/dist-packages/akshare/futures/futures_basis.py:107: UserWarning: 20230924非交易日
  warnings.warn(f"{date.strftime('%Y%m%d')}非交易日")
/usr/local/lib/python3.10/dist-packages/akshare/futures/futures_basis.py:107: UserWarning: 20230929非交易日
  warnings.warn(f"{date.strftime('%Y%m%d')}非交易日")
/usr/local/lib/python3.10/dist-packages/akshare/futures/futures_basis.py:107: UserWarning: 20230930非交易日
  warnings.warn(f"{date.strftime('%Y%m%d')}非交易日")
/usr/local/lib/python3.10/dist-packages/akshare/futures/futures_basis.py:107: UserWarning: 20231001非交易日
  warnings.warn(f"{date.strftime('%Y%m%d')}非交易日")
/usr/local/lib/python3.10/dist-packages/akshare/futures/futures_basis.py:107: UserWarning: 20231002非交易日
  warnings.warn(f"{date.strftime('%Y%m%d')}非交易日")
/usr/local/lib/python3.10/dist-packages/akshare/futures/futures_basis.py:107: UserWarning: 20231003非交易日
  warnings.warn(f"{date.strftime('%Y%m%d')}非交易日")
/usr/local/lib/python3.10/dist-packages/akshare/futures/futures_basis.py:107: UserWarning: 20231004非交易日
  warnings.warn(f"{date.strftime('%Y%m%d')}非交易日")
/usr/local/lib/python3.10/dist-packages/akshare/futures/futures_basis.py:107: UserWarning: 20231005非交易日
  warnings.warn(f"{date.strftime('%Y%m%d')}非交易日")
/usr/local/lib/python3.10/dist-packages/akshare/futures/futures_basis.py:107: UserWarning: 20231006非交易日
  warnings.warn(f"{date.strftime('%Y%m%d')}非交易日")
/usr/local/lib/python3.10/dist-packages/akshare/futures/futures_basis.py:107: UserWarning: 20231007非交易日
  warnings.warn(f"{date.strftime('%Y%m%d')}非交易日")
/usr/local/lib/python3.10/dist-packages/akshare/futures/futures_basis.py:107: UserWarning: 20231008非交易日
  warnings.warn(f"{date.strftime('%Y%m%d')}非交易日")
/usr/local/lib/python3.10/dist-packages/akshare/futures/futures_basis.py:107: UserWarning: 20231014非交易日
  warnings.warn(f"{date.strftime('%Y%m%d')}非交易日")
/usr/local/lib/python3.10/dist-packages/akshare/futures/futures_basis.py:107: UserWarning: 20231015非交易日
  warnings.warn(f"{date.strftime('%Y%m%d')}非交易日")
/usr/local/lib/python3.10/dist-packages/akshare/futures/futures_basis.py:107: UserWarning: 20231021非交易日
  warnings.warn(f"{date.strftime('%Y%m%d')}非交易日")
/usr/local/lib/python3.10/dist-packages/akshare/futures/futures_basis.py:107: UserWarning: 20231022非交易日
  warnings.warn(f"{date.strftime('%Y%m%d')}非交易日")
/usr/local/lib/python3.10/dist-packages/akshare/futures/futures_basis.py:107: UserWarning: 20231028非交易日
  warnings.warn(f"{date.strftime('%Y%m%d')}非交易日")
/usr/local/lib/python3.10/dist-packages/akshare/futures/futures_basis.py:107: UserWarning: 20231029非交易日
  warnings.warn(f"{date.strftime('%Y%m%d')}非交易日")
/usr/local/lib/python3.10/dist-packages/akshare/futures/futures_basis.py:107: UserWarning: 20231104非交易日
  warnings.warn(f"{date.strftime('%Y%m%d')}非交易日")
/usr/local/lib/python3.10/dist-packages/akshare/futures/futures_basis.py:107: UserWarning: 20231105非交易日
  warnings.warn(f"{date.strftime('%Y%m%d')}非交易日")
/usr/local/lib/python3.10/dist-packages/akshare/futures/futures_basis.py:107: UserWarning: 20231111非交易日
  warnings.warn(f"{date.strftime('%Y%m%d')}非交易日")
/usr/local/lib/python3.10/dist-packages/akshare/futures/futures_basis.py:107: UserWarning: 20231112非交易日
  warnings.warn(f"{date.strftime('%Y%m%d')}非交易日")
/usr/local/lib/python3.10/dist-packages/akshare/futures/futures_basis.py:107: UserWarning: 20231118非交易日
  warnings.warn(f"{date.strftime('%Y%m%d')}非交易日")
/usr/local/lib/python3.10/dist-packages/akshare/futures/futures_basis.py:107: UserWarning: 20231119非交易日
  warnings.warn(f"{date.strftime('%Y%m%d')}非交易日")
/usr/local/lib/python3.10/dist-packages/akshare/futures/futures_basis.py:107: UserWarning: 20231125非交易日
  warnings.warn(f"{date.strftime('%Y%m%d')}非交易日")
/usr/local/lib/python3.10/dist-packages/akshare/futures/futures_basis.py:107: UserWarning: 20231126非交易日
  warnings.warn(f"{date.strftime('%Y%m%d')}非交易日")
/usr/local/lib/python3.10/dist-packages/akshare/futures/futures_basis.py:107: UserWarning: 20231202非交易日
  warnings.warn(f"{date.strftime('%Y%m%d')}非交易日")
/usr/local/lib/python3.10/dist-packages/akshare/futures/futures_basis.py:107: UserWarning: 20231203非交易日
  warnings.warn(f"{date.strftime('%Y%m%d')}非交易日")
/usr/local/lib/python3.10/dist-packages/akshare/futures/futures_basis.py:107: UserWarning: 20231209非交易日
  warnings.warn(f"{date.strftime('%Y%m%d')}非交易日")
/usr/local/lib/python3.10/dist-packages/akshare/futures/futures_basis.py:107: UserWarning: 20231210非交易日
  warnings.warn(f"{date.strftime('%Y%m%d')}非交易日")
/usr/local/lib/python3.10/dist-packages/akshare/futures/futures_basis.py:107: UserWarning: 20231216非交易日
  warnings.warn(f"{date.strftime('%Y%m%d')}非交易日")
/usr/local/lib/python3.10/dist-packages/akshare/futures/futures_basis.py:107: UserWarning: 20231217非交易日
  warnings.warn(f"{date.strftime('%Y%m%d')}非交易日")
/usr/local/lib/python3.10/dist-packages/akshare/futures/futures_basis.py:107: UserWarning: 20231223非交易日
  warnings.warn(f"{date.strftime('%Y%m%d')}非交易日")
/usr/local/lib/python3.10/dist-packages/akshare/futures/futures_basis.py:107: UserWarning: 20231224非交易日
  warnings.warn(f"{date.strftime('%Y%m%d')}非交易日")
/usr/local/lib/python3.10/dist-packages/akshare/futures/futures_basis.py:107: UserWarning: 20231230非交易日
  warnings.warn(f"{date.strftime('%Y%m%d')}非交易日")
/usr/local/lib/python3.10/dist-packages/akshare/futures/futures_basis.py:107: UserWarning: 20231231非交易日
  warnings.warn(f"{date.strftime('%Y%m%d')}非交易日")
/usr/local/lib/python3.10/dist-packages/akshare/futures/futures_basis.py:107: UserWarning: 20240101非交易日
  warnings.warn(f"{date.strftime('%Y%m%d')}非交易日")
/usr/local/lib/python3.10/dist-packages/akshare/futures/futures_basis.py:107: UserWarning: 20240106非交易日
  warnings.warn(f"{date.strftime('%Y%m%d')}非交易日")
/usr/local/lib/python3.10/dist-packages/akshare/futures/futures_basis.py:107: UserWarning: 20240107非交易日
  warnings.warn(f"{date.strftime('%Y%m%d')}非交易日")
/usr/local/lib/python3.10/dist-packages/akshare/futures/futures_basis.py:107: UserWarning: 20240113非交易日
  warnings.warn(f"{date.strftime('%Y%m%d')}非交易日")
/usr/local/lib/python3.10/dist-packages/akshare/futures/futures_basis.py:107: UserWarning: 20240114非交易日
  warnings.warn(f"{date.strftime('%Y%m%d')}非交易日")
/usr/local/lib/python3.10/dist-packages/akshare/futures/futures_basis.py:107: UserWarning: 20240120非交易日
  warnings.warn(f"{date.strftime('%Y%m%d')}非交易日")
/usr/local/lib/python3.10/dist-packages/akshare/futures/futures_basis.py:107: UserWarning: 20240121非交易日
  warnings.warn(f"{date.strftime('%Y%m%d')}非交易日")
/usr/local/lib/python3.10/dist-packages/akshare/futures/futures_basis.py:107: UserWarning: 20240127非交易日
  warnings.warn(f"{date.strftime('%Y%m%d')}非交易日")
/usr/local/lib/python3.10/dist-packages/akshare/futures/futures_basis.py:107: UserWarning: 20240128非交易日
  warnings.warn(f"{date.strftime('%Y%m%d')}非交易日")
/usr/local/lib/python3.10/dist-packages/akshare/futures/futures_basis.py:107: UserWarning: 20240203非交易日
  warnings.warn(f"{date.strftime('%Y%m%d')}非交易日")
/usr/local/lib/python3.10/dist-packages/akshare/futures/futures_basis.py:107: UserWarning: 20240204非交易日
  warnings.warn(f"{date.strftime('%Y%m%d')}非交易日")
/usr/local/lib/python3.10/dist-packages/akshare/futures/futures_basis.py:107: UserWarning: 20240209非交易日
  warnings.warn(f"{date.strftime('%Y%m%d')}非交易日")
/usr/local/lib/python3.10/dist-packages/akshare/futures/futures_basis.py:107: UserWarning: 20240210非交易日
  warnings.warn(f"{date.strftime('%Y%m%d')}非交易日")
/usr/local/lib/python3.10/dist-packages/akshare/futures/futures_basis.py:107: UserWarning: 20240211非交易日
  warnings.warn(f"{date.strftime('%Y%m%d')}非交易日")
/usr/local/lib/python3.10/dist-packages/akshare/futures/futures_basis.py:107: UserWarning: 20240212非交易日
  warnings.warn(f"{date.strftime('%Y%m%d')}非交易日")
/usr/local/lib/python3.10/dist-packages/akshare/futures/futures_basis.py:107: UserWarning: 20240213非交易日
  warnings.warn(f"{date.strftime('%Y%m%d')}非交易日")
/usr/local/lib/python3.10/dist-packages/akshare/futures/futures_basis.py:107: UserWarning: 20240214非交易日
  warnings.warn(f"{date.strftime('%Y%m%d')}非交易日")
/usr/local/lib/python3.10/dist-packages/akshare/futures/futures_basis.py:107: UserWarning: 20240215非交易日
  warnings.warn(f"{date.strftime('%Y%m%d')}非交易日")
/usr/local/lib/python3.10/dist-packages/akshare/futures/futures_basis.py:107: UserWarning: 20240216非交易日
  warnings.warn(f"{date.strftime('%Y%m%d')}非交易日")
/usr/local/lib/python3.10/dist-packages/akshare/futures/futures_basis.py:107: UserWarning: 20240217非交易日
  warnings.warn(f"{date.strftime('%Y%m%d')}非交易日")
/usr/local/lib/python3.10/dist-packages/akshare/futures/futures_basis.py:107: UserWarning: 20240218非交易日
  warnings.warn(f"{date.strftime('%Y%m%d')}非交易日")
/usr/local/lib/python3.10/dist-packages/akshare/futures/futures_basis.py:107: UserWarning: 20240224非交易日
  warnings.warn(f"{date.strftime('%Y%m%d')}非交易日")
/usr/local/lib/python3.10/dist-packages/akshare/futures/futures_basis.py:107: UserWarning: 20240225非交易日
  warnings.warn(f"{date.strftime('%Y%m%d')}非交易日")
/usr/local/lib/python3.10/dist-packages/akshare/futures/futures_basis.py:107: UserWarning: 20240302非交易日
  warnings.warn(f"{date.strftime('%Y%m%d')}非交易日")
/usr/local/lib/python3.10/dist-packages/akshare/futures/futures_basis.py:107: UserWarning: 20240303非交易日
  warnings.warn(f"{date.strftime('%Y%m%d')}非交易日")
/usr/local/lib/python3.10/dist-packages/akshare/futures/futures_basis.py:107: UserWarning: 20240309非交易日
  warnings.warn(f"{date.strftime('%Y%m%d')}非交易日")
/usr/local/lib/python3.10/dist-packages/akshare/futures/futures_basis.py:107: UserWarning: 20240310非交易日
  warnings.warn(f"{date.strftime('%Y%m%d')}非交易日")
/usr/local/lib/python3.10/dist-packages/akshare/futures/futures_basis.py:107: UserWarning: 20240316非交易日
  warnings.warn(f"{date.strftime('%Y%m%d')}非交易日")
/usr/local/lib/python3.10/dist-packages/akshare/futures/futures_basis.py:107: UserWarning: 20240317非交易日
  warnings.warn(f"{date.strftime('%Y%m%d')}非交易日")
/usr/local/lib/python3.10/dist-packages/akshare/futures/futures_basis.py:107: UserWarning: 20240323非交易日
  warnings.warn(f"{date.strftime('%Y%m%d')}非交易日")
/usr/local/lib/python3.10/dist-packages/akshare/futures/futures_basis.py:107: UserWarning: 20240324非交易日
  warnings.warn(f"{date.strftime('%Y%m%d')}非交易日")
/usr/local/lib/python3.10/dist-packages/akshare/futures/futures_basis.py:107: UserWarning: 20240330非交易日
  warnings.warn(f"{date.strftime('%Y%m%d')}非交易日")
/usr/local/lib/python3.10/dist-packages/akshare/futures/futures_basis.py:107: UserWarning: 20240331非交易日
  warnings.warn(f"{date.strftime('%Y%m%d')}非交易日")
/usr/local/lib/python3.10/dist-packages/akshare/futures/futures_basis.py:107: UserWarning: 20240404非交易日
  warnings.warn(f"{date.strftime('%Y%m%d')}非交易日")
/usr/local/lib/python3.10/dist-packages/akshare/futures/futures_basis.py:107: UserWarning: 20240405非交易日
  warnings.warn(f"{date.strftime('%Y%m%d')}非交易日")
/usr/local/lib/python3.10/dist-packages/akshare/futures/futures_basis.py:107: UserWarning: 20240406非交易日
  warnings.warn(f"{date.strftime('%Y%m%d')}非交易日")
/usr/local/lib/python3.10/dist-packages/akshare/futures/futures_basis.py:107: UserWarning: 20240407非交易日
  warnings.warn(f"{date.strftime('%Y%m%d')}非交易日")
/usr/local/lib/python3.10/dist-packages/akshare/futures/futures_basis.py:107: UserWarning: 20240413非交易日
  warnings.warn(f"{date.strftime('%Y%m%d')}非交易日")
/usr/local/lib/python3.10/dist-packages/akshare/futures/futures_basis.py:107: UserWarning: 20240414非交易日
  warnings.warn(f"{date.strftime('%Y%m%d')}非交易日")
/usr/local/lib/python3.10/dist-packages/akshare/futures/futures_basis.py:107: UserWarning: 20240420非交易日
  warnings.warn(f"{date.strftime('%Y%m%d')}非交易日")
/usr/local/lib/python3.10/dist-packages/akshare/futures/futures_basis.py:107: UserWarning: 20240421非交易日
  warnings.warn(f"{date.strftime('%Y%m%d')}非交易日")
/usr/local/lib/python3.10/dist-packages/akshare/futures/futures_basis.py:107: UserWarning: 20240427非交易日
  warnings.warn(f"{date.strftime('%Y%m%d')}非交易日")
/usr/local/lib/python3.10/dist-packages/akshare/futures/futures_basis.py:107: UserWarning: 20240428非交易日
  warnings.warn(f"{date.strftime('%Y%m%d')}非交易日")
/usr/local/lib/python3.10/dist-packages/akshare/futures/futures_basis.py:107: UserWarning: 20240501非交易日
  warnings.warn(f"{date.strftime('%Y%m%d')}非交易日")
/usr/local/lib/python3.10/dist-packages/akshare/futures/futures_basis.py:107: UserWarning: 20240502非交易日
  warnings.warn(f"{date.strftime('%Y%m%d')}非交易日")
/usr/local/lib/python3.10/dist-packages/akshare/futures/futures_basis.py:107: UserWarning: 20240503非交易日
  warnings.warn(f"{date.strftime('%Y%m%d')}非交易日")
/usr/local/lib/python3.10/dist-packages/akshare/futures/futures_basis.py:107: UserWarning: 20240504非交易日
  warnings.warn(f"{date.strftime('%Y%m%d')}非交易日")
/usr/local/lib/python3.10/dist-packages/akshare/futures/futures_basis.py:107: UserWarning: 20240505非交易日
  warnings.warn(f"{date.strftime('%Y%m%d')}非交易日")
/usr/local/lib/python3.10/dist-packages/akshare/futures/futures_basis.py:107: UserWarning: 20240511非交易日
  warnings.warn(f"{date.strftime('%Y%m%d')}非交易日")
/usr/local/lib/python3.10/dist-packages/akshare/futures/futures_basis.py:107: UserWarning: 20240512非交易日
  warnings.warn(f"{date.strftime('%Y%m%d')}非交易日")
/usr/local/lib/python3.10/dist-packages/akshare/futures/futures_basis.py:107: UserWarning: 20240518非交易日
  warnings.warn(f"{date.strftime('%Y%m%d')}非交易日")
/usr/local/lib/python3.10/dist-packages/akshare/futures/futures_basis.py:107: UserWarning: 20240519非交易日
  warnings.warn(f"{date.strftime('%Y%m%d')}非交易日")
/usr/local/lib/python3.10/dist-packages/akshare/futures/futures_basis.py:107: UserWarning: 20240525非交易日
  warnings.warn(f"{date.strftime('%Y%m%d')}非交易日")
/usr/local/lib/python3.10/dist-packages/akshare/futures/futures_basis.py:107: UserWarning: 20240526非交易日
  warnings.warn(f"{date.strftime('%Y%m%d')}非交易日")
/usr/local/lib/python3.10/dist-packages/akshare/futures/futures_basis.py:107: UserWarning: 20240601非交易日
  warnings.warn(f"{date.strftime('%Y%m%d')}非交易日")
/usr/local/lib/python3.10/dist-packages/akshare/futures/futures_basis.py:107: UserWarning: 20240602非交易日
  warnings.warn(f"{date.strftime('%Y%m%d')}非交易日")
/usr/local/lib/python3.10/dist-packages/akshare/futures/futures_basis.py:107: UserWarning: 20240608非交易日
  warnings.warn(f"{date.strftime('%Y%m%d')}非交易日")
/usr/local/lib/python3.10/dist-packages/akshare/futures/futures_basis.py:107: UserWarning: 20240609非交易日
  warnings.warn(f"{date.strftime('%Y%m%d')}非交易日")
/usr/local/lib/python3.10/dist-packages/akshare/futures/futures_basis.py:107: UserWarning: 20240610非交易日
  warnings.warn(f"{date.strftime('%Y%m%d')}非交易日")
/usr/local/lib/python3.10/dist-packages/akshare/futures/futures_basis.py:107: UserWarning: 20240615非交易日
  warnings.warn(f"{date.strftime('%Y%m%d')}非交易日")
/usr/local/lib/python3.10/dist-packages/akshare/futures/futures_basis.py:107: UserWarning: 20240616非交易日
  warnings.warn(f"{date.strftime('%Y%m%d')}非交易日")
/usr/local/lib/python3.10/dist-packages/akshare/futures/futures_basis.py:107: UserWarning: 20240622非交易日
  warnings.warn(f"{date.strftime('%Y%m%d')}非交易日")
/usr/local/lib/python3.10/dist-packages/akshare/futures/futures_basis.py:107: UserWarning: 20240623非交易日
  warnings.warn(f"{date.strftime('%Y%m%d')}非交易日")
/usr/local/lib/python3.10/dist-packages/akshare/futures/futures_basis.py:107: UserWarning: 20240629非交易日
  warnings.warn(f"{date.strftime('%Y%m%d')}非交易日")
/usr/local/lib/python3.10/dist-packages/akshare/futures/futures_basis.py:107: UserWarning: 20240630非交易日
  warnings.warn(f"{date.strftime('%Y%m%d')}非交易日")
/usr/local/lib/python3.10/dist-packages/akshare/futures/futures_basis.py:107: UserWarning: 20240706非交易日
  warnings.warn(f"{date.strftime('%Y%m%d')}非交易日")
/usr/local/lib/python3.10/dist-packages/akshare/futures/futures_basis.py:107: UserWarning: 20240707非交易日
  warnings.warn(f"{date.strftime('%Y%m%d')}非交易日")
/usr/local/lib/python3.10/dist-packages/akshare/futures/futures_basis.py:107: UserWarning: 20240713非交易日
  warnings.warn(f"{date.strftime('%Y%m%d')}非交易日")
/usr/local/lib/python3.10/dist-packages/akshare/futures/futures_basis.py:107: UserWarning: 20240714非交易日
  warnings.warn(f"{date.strftime('%Y%m%d')}非交易日")
/usr/local/lib/python3.10/dist-packages/akshare/futures/futures_basis.py:107: UserWarning: 20240720非交易日
  warnings.warn(f"{date.strftime('%Y%m%d')}非交易日")
/usr/local/lib/python3.10/dist-packages/akshare/futures/futures_basis.py:107: UserWarning: 20240721非交易日
  warnings.warn(f"{date.strftime('%Y%m%d')}非交易日")
/usr/local/lib/python3.10/dist-packages/akshare/futures/futures_basis.py:107: UserWarning: 20240727非交易日
  warnings.warn(f"{date.strftime('%Y%m%d')}非交易日")
/usr/local/lib/python3.10/dist-packages/akshare/futures/futures_basis.py:107: UserWarning: 20240728非交易日
  warnings.warn(f"{date.strftime('%Y%m%d')}非交易日")
/usr/local/lib/python3.10/dist-packages/akshare/futures/futures_basis.py:107: UserWarning: 20240803非交易日
  warnings.warn(f"{date.strftime('%Y%m%d')}非交易日")
/usr/local/lib/python3.10/dist-packages/akshare/futures/futures_basis.py:107: UserWarning: 20240804非交易日
  warnings.warn(f"{date.strftime('%Y%m%d')}非交易日")
/usr/local/lib/python3.10/dist-packages/akshare/futures/futures_basis.py:107: UserWarning: 20240810非交易日
  warnings.warn(f"{date.strftime('%Y%m%d')}非交易日")
/usr/local/lib/python3.10/dist-packages/akshare/futures/futures_basis.py:107: UserWarning: 20240811非交易日
  warnings.warn(f"{date.strftime('%Y%m%d')}非交易日")
/usr/local/lib/python3.10/dist-packages/akshare/futures/futures_basis.py:107: UserWarning: 20240817非交易日
  warnings.warn(f"{date.strftime('%Y%m%d')}非交易日")
/usr/local/lib/python3.10/dist-packages/akshare/futures/futures_basis.py:107: UserWarning: 20240818非交易日
  warnings.warn(f"{date.strftime('%Y%m%d')}非交易日")
/usr/local/lib/python3.10/dist-packages/akshare/futures/futures_basis.py:107: UserWarning: 20240824非交易日
  warnings.warn(f"{date.strftime('%Y%m%d')}非交易日")
/usr/local/lib/python3.10/dist-packages/akshare/futures/futures_basis.py:107: UserWarning: 20240825非交易日
  warnings.warn(f"{date.strftime('%Y%m%d')}非交易日")
/usr/local/lib/python3.10/dist-packages/akshare/futures/futures_basis.py:107: UserWarning: 20240831非交易日
  warnings.warn(f"{date.strftime('%Y%m%d')}非交易日")
/usr/local/lib/python3.10/dist-packages/akshare/futures/futures_basis.py:107: UserWarning: 20240901非交易日
  warnings.warn(f"{date.strftime('%Y%m%d')}非交易日")
/usr/local/lib/python3.10/dist-packages/akshare/futures/futures_basis.py:107: UserWarning: 20240907非交易日
  warnings.warn(f"{date.strftime('%Y%m%d')}非交易日")
/usr/local/lib/python3.10/dist-packages/akshare/futures/futures_basis.py:107: UserWarning: 20240908非交易日
  warnings.warn(f"{date.strftime('%Y%m%d')}非交易日")
/usr/local/lib/python3.10/dist-packages/akshare/futures/futures_basis.py:107: UserWarning: 20240914非交易日
  warnings.warn(f"{date.strftime('%Y%m%d')}非交易日")
/usr/local/lib/python3.10/dist-packages/akshare/futures/futures_basis.py:107: UserWarning: 20240915非交易日
  warnings.warn(f"{date.strftime('%Y%m%d')}非交易日")
/usr/local/lib/python3.10/dist-packages/akshare/futures/futures_basis.py:107: UserWarning: 20240916非交易日
  warnings.warn(f"{date.strftime('%Y%m%d')}非交易日")
/usr/local/lib/python3.10/dist-packages/akshare/futures/futures_basis.py:107: UserWarning: 20240917非交易日
  warnings.warn(f"{date.strftime('%Y%m%d')}非交易日")
/usr/local/lib/python3.10/dist-packages/akshare/futures/futures_basis.py:107: UserWarning: 20240921非交易日
  warnings.warn(f"{date.strftime('%Y%m%d')}非交易日")
/usr/local/lib/python3.10/dist-packages/akshare/futures/futures_basis.py:107: UserWarning: 20240922非交易日
  warnings.warn(f"{date.strftime('%Y%m%d')}非交易日")
/usr/local/lib/python3.10/dist-packages/akshare/futures/futures_basis.py:107: UserWarning: 20240928非交易日
  warnings.warn(f"{date.strftime('%Y%m%d')}非交易日")
/usr/local/lib/python3.10/dist-packages/akshare/futures/futures_basis.py:107: UserWarning: 20240929非交易日
  warnings.warn(f"{date.strftime('%Y%m%d')}非交易日")
/usr/local/lib/python3.10/dist-packages/akshare/futures/futures_basis.py:107: UserWarning: 20241001非交易日
  warnings.warn(f"{date.strftime('%Y%m%d')}非交易日")
/usr/local/lib/python3.10/dist-packages/akshare/futures/futures_basis.py:107: UserWarning: 20241002非交易日
  warnings.warn(f"{date.strftime('%Y%m%d')}非交易日")
/usr/local/lib/python3.10/dist-packages/akshare/futures/futures_basis.py:107: UserWarning: 20241003非交易日
  warnings.warn(f"{date.strftime('%Y%m%d')}非交易日")
/usr/local/lib/python3.10/dist-packages/akshare/futures/futures_basis.py:107: UserWarning: 20241004非交易日
  warnings.warn(f"{date.strftime('%Y%m%d')}非交易日")
/usr/local/lib/python3.10/dist-packages/akshare/futures/futures_basis.py:107: UserWarning: 20241005非交易日
  warnings.warn(f"{date.strftime('%Y%m%d')}非交易日")
/usr/local/lib/python3.10/dist-packages/akshare/futures/futures_basis.py:107: UserWarning: 20241006非交易日
  warnings.warn(f"{date.strftime('%Y%m%d')}非交易日")
/usr/local/lib/python3.10/dist-packages/akshare/futures/futures_basis.py:107: UserWarning: 20241007非交易日
  warnings.warn(f"{date.strftime('%Y%m%d')}非交易日")
/usr/local/lib/python3.10/dist-packages/akshare/futures/futures_basis.py:107: UserWarning: 20241012非交易日
  warnings.warn(f"{date.strftime('%Y%m%d')}非交易日")
/usr/local/lib/python3.10/dist-packages/akshare/futures/futures_basis.py:107: UserWarning: 20241013非交易日
  warnings.warn(f"{date.strftime('%Y%m%d')}非交易日")
/usr/local/lib/python3.10/dist-packages/akshare/futures/futures_basis.py:107: UserWarning: 20241019非交易日
  warnings.warn(f"{date.strftime('%Y%m%d')}非交易日")
/usr/local/lib/python3.10/dist-packages/akshare/futures/futures_basis.py:107: UserWarning: 20241020非交易日
  warnings.warn(f"{date.strftime('%Y%m%d')}非交易日")
/usr/local/lib/python3.10/dist-packages/akshare/futures/futures_basis.py:107: UserWarning: 20241026非交易日
  warnings.warn(f"{date.strftime('%Y%m%d')}非交易日")
/usr/local/lib/python3.10/dist-packages/akshare/futures/futures_basis.py:107: UserWarning: 20241027非交易日
  warnings.warn(f"{date.strftime('%Y%m%d')}非交易日")
/usr/local/lib/python3.10/dist-packages/akshare/futures/futures_basis.py:107: UserWarning: 20241102非交易日
  warnings.warn(f"{date.strftime('%Y%m%d')}非交易日")
/usr/local/lib/python3.10/dist-packages/akshare/futures/futures_basis.py:107: UserWarning: 20241103非交易日
  warnings.warn(f"{date.strftime('%Y%m%d')}非交易日")
/usr/local/lib/python3.10/dist-packages/akshare/futures/futures_basis.py:107: UserWarning: 20241109非交易日
  warnings.warn(f"{date.strftime('%Y%m%d')}非交易日")
/usr/local/lib/python3.10/dist-packages/akshare/futures/futures_basis.py:107: UserWarning: 20241110非交易日
  warnings.warn(f"{date.strftime('%Y%m%d')}非交易日")
/usr/local/lib/python3.10/dist-packages/akshare/futures/futures_basis.py:107: UserWarning: 20241116非交易日
  warnings.warn(f"{date.strftime('%Y%m%d')}非交易日")
/usr/local/lib/python3.10/dist-packages/akshare/futures/futures_basis.py:107: UserWarning: 20241117非交易日
  warnings.warn(f"{date.strftime('%Y%m%d')}非交易日")
/usr/local/lib/python3.10/dist-packages/akshare/futures/futures_basis.py:107: UserWarning: 20241123非交易日
  warnings.warn(f"{date.strftime('%Y%m%d')}非交易日")
/usr/local/lib/python3.10/dist-packages/akshare/futures/futures_basis.py:107: UserWarning: 20241124非交易日
  warnings.warn(f"{date.strftime('%Y%m%d')}非交易日")
/usr/local/lib/python3.10/dist-packages/akshare/futures/futures_basis.py:107: UserWarning: 20241130非交易日
  warnings.warn(f"{date.strftime('%Y%m%d')}非交易日")
/usr/local/lib/python3.10/dist-packages/akshare/futures/futures_basis.py:107: UserWarning: 20241201非交易日
  warnings.warn(f"{date.strftime('%Y%m%d')}非交易日")
/usr/local/lib/python3.10/dist-packages/akshare/futures/futures_basis.py:107: UserWarning: 20241207非交易日
  warnings.warn(f"{date.strftime('%Y%m%d')}非交易日")
/usr/local/lib/python3.10/dist-packages/akshare/futures/futures_basis.py:107: UserWarning: 20241208非交易日
  warnings.warn(f"{date.strftime('%Y%m%d')}非交易日")
/usr/local/lib/python3.10/dist-packages/akshare/futures/futures_basis.py:107: UserWarning: 20241214非交易日
  warnings.warn(f"{date.strftime('%Y%m%d')}非交易日")
/usr/local/lib/python3.10/dist-packages/akshare/futures/futures_basis.py:107: UserWarning: 20241215非交易日
  warnings.warn(f"{date.strftime('%Y%m%d')}非交易日")
/usr/local/lib/python3.10/dist-packages/akshare/futures/futures_basis.py:107: UserWarning: 20241221非交易日
  warnings.warn(f"{date.strftime('%Y%m%d')}非交易日")
/usr/local/lib/python3.10/dist-packages/akshare/futures/futures_basis.py:107: UserWarning: 20241222非交易日
  warnings.warn(f"{date.strftime('%Y%m%d')}非交易日")
/usr/local/lib/python3.10/dist-packages/akshare/futures/futures_basis.py:107: UserWarning: 20241228非交易日
  warnings.warn(f"{date.strftime('%Y%m%d')}非交易日")
/usr/local/lib/python3.10/dist-packages/akshare/futures/futures_basis.py:107: UserWarning: 20241229非交易日
  warnings.warn(f"{date.strftime('%Y%m%d')}非交易日")
/usr/local/lib/python3.10/dist-packages/akshare/futures/futures_basis.py:107: UserWarning: 20250101非交易日
  warnings.warn(f"{date.strftime('%Y%m%d')}非交易日")
/usr/local/lib/python3.10/dist-packages/akshare/futures/futures_basis.py:107: UserWarning: 20250104非交易日
  warnings.warn(f"{date.strftime('%Y%m%d')}非交易日")
/usr/local/lib/python3.10/dist-packages/akshare/futures/futures_basis.py:107: UserWarning: 20250105非交易日
  warnings.warn(f"{date.strftime('%Y%m%d')}非交易日")
/usr/local/lib/python3.10/dist-packages/akshare/futures/futures_basis.py:107: UserWarning: 20250111非交易日
  warnings.warn(f"{date.strftime('%Y%m%d')}非交易日")
/usr/local/lib/python3.10/dist-packages/akshare/futures/futures_basis.py:107: UserWarning: 20250112非交易日
  warnings.warn(f"{date.strftime('%Y%m%d')}非交易日")
/usr/local/lib/python3.10/dist-packages/akshare/futures/futures_basis.py:107: UserWarning: 20250118非交易日
  warnings.warn(f"{date.strftime('%Y%m%d')}非交易日")
/usr/local/lib/python3.10/dist-packages/akshare/futures/futures_basis.py:107: UserWarning: 20250119非交易日
  warnings.warn(f"{date.strftime('%Y%m%d')}非交易日")
/usr/local/lib/python3.10/dist-packages/akshare/futures/futures_basis.py:107: UserWarning: 20250125非交易日
  warnings.warn(f"{date.strftime('%Y%m%d')}非交易日")
/usr/local/lib/python3.10/dist-packages/akshare/futures/futures_basis.py:107: UserWarning: 20250126非交易日
  warnings.warn(f"{date.strftime('%Y%m%d')}非交易日")
/usr/local/lib/python3.10/dist-packages/akshare/futures/futures_basis.py:107: UserWarning: 20250128非交易日
  warnings.warn(f"{date.strftime('%Y%m%d')}非交易日")
/usr/local/lib/python3.10/dist-packages/akshare/futures/futures_basis.py:107: UserWarning: 20250129非交易日
  warnings.warn(f"{date.strftime('%Y%m%d')}非交易日")
/usr/local/lib/python3.10/dist-packages/akshare/futures/futures_basis.py:107: UserWarning: 20250130非交易日
  warnings.warn(f"{date.strftime('%Y%m%d')}非交易日")
/usr/local/lib/python3.10/dist-packages/akshare/futures/futures_basis.py:107: UserWarning: 20250131非交易日
  warnings.warn(f"{date.strftime('%Y%m%d')}非交易日")
/usr/local/lib/python3.10/dist-packages/akshare/futures/futures_basis.py:107: UserWarning: 20250201非交易日
  warnings.warn(f"{date.strftime('%Y%m%d')}非交易日")
/usr/local/lib/python3.10/dist-packages/akshare/futures/futures_basis.py:107: UserWarning: 20250202非交易日
  warnings.warn(f"{date.strftime('%Y%m%d')}非交易日")
/usr/local/lib/python3.10/dist-packages/akshare/futures/futures_basis.py:107: UserWarning: 20250203非交易日
  warnings.warn(f"{date.strftime('%Y%m%d')}非交易日")
/usr/local/lib/python3.10/dist-packages/akshare/futures/futures_basis.py:107: UserWarning: 20250204非交易日
  warnings.warn(f"{date.strftime('%Y%m%d')}非交易日")
/usr/local/lib/python3.10/dist-packages/akshare/futures/futures_basis.py:107: UserWarning: 20250208非交易日
  warnings.warn(f"{date.strftime('%Y%m%d')}非交易日")
/usr/local/lib/python3.10/dist-packages/akshare/futures/futures_basis.py:107: UserWarning: 20250209非交易日
  warnings.warn(f"{date.strftime('%Y%m%d')}非交易日")
/usr/local/lib/python3.10/dist-packages/akshare/futures/futures_basis.py:107: UserWarning: 20250215非交易日
  warnings.warn(f"{date.strftime('%Y%m%d')}非交易日")
/usr/local/lib/python3.10/dist-packages/akshare/futures/futures_basis.py:107: UserWarning: 20250216非交易日
  warnings.warn(f"{date.strftime('%Y%m%d')}非交易日")
/usr/local/lib/python3.10/dist-packages/akshare/futures/futures_basis.py:107: UserWarning: 20250222非交易日
  warnings.warn(f"{date.strftime('%Y%m%d')}非交易日")
/usr/local/lib/python3.10/dist-packages/akshare/futures/futures_basis.py:107: UserWarning: 20250223非交易日
  warnings.warn(f"{date.strftime('%Y%m%d')}非交易日")
/usr/local/lib/python3.10/dist-packages/akshare/futures/futures_basis.py:107: UserWarning: 20250301非交易日
  warnings.warn(f"{date.strftime('%Y%m%d')}非交易日")
/usr/local/lib/python3.10/dist-packages/akshare/futures/futures_basis.py:107: UserWarning: 20250302非交易日
  warnings.warn(f"{date.strftime('%Y%m%d')}非交易日")
/usr/local/lib/python3.10/dist-packages/akshare/futures/futures_basis.py:107: UserWarning: 20250308非交易日
  warnings.warn(f"{date.strftime('%Y%m%d')}非交易日")
/usr/local/lib/python3.10/dist-packages/akshare/futures/futures_basis.py:107: UserWarning: 20250309非交易日
  warnings.warn(f"{date.strftime('%Y%m%d')}非交易日")
/usr/local/lib/python3.10/dist-packages/akshare/futures/futures_basis.py:107: UserWarning: 20250315非交易日
  warnings.warn(f"{date.strftime('%Y%m%d')}非交易日")
/usr/local/lib/python3.10/dist-packages/akshare/futures/futures_basis.py:107: UserWarning: 20250316非交易日
  warnings.warn(f"{date.strftime('%Y%m%d')}非交易日")
/usr/local/lib/python3.10/dist-packages/akshare/futures/futures_basis.py:107: UserWarning: 20250322非交易日
  warnings.warn(f"{date.strftime('%Y%m%d')}非交易日")
/usr/local/lib/python3.10/dist-packages/akshare/futures/futures_basis.py:107: UserWarning: 20250323非交易日
  warnings.warn(f"{date.strftime('%Y%m%d')}非交易日")
/usr/local/lib/python3.10/dist-packages/akshare/futures/futures_basis.py:107: UserWarning: 20250329非交易日
  warnings.warn(f"{date.strftime('%Y%m%d')}非交易日")
/usr/local/lib/python3.10/dist-packages/akshare/futures/futures_basis.py:107: UserWarning: 20250330非交易日
  warnings.warn(f"{date.strftime('%Y%m%d')}非交易日")
/usr/local/lib/python3.10/dist-packages/akshare/futures/futures_basis.py:107: UserWarning: 20250404非交易日
  warnings.warn(f"{date.strftime('%Y%m%d')}非交易日")
/usr/local/lib/python3.10/dist-packages/akshare/futures/futures_basis.py:107: UserWarning: 20250405非交易日
  warnings.warn(f"{date.strftime('%Y%m%d')}非交易日")
/usr/local/lib/python3.10/dist-packages/akshare/futures/futures_basis.py:107: UserWarning: 20250406非交易日
  warnings.warn(f"{date.strftime('%Y%m%d')}非交易日")
/usr/local/lib/python3.10/dist-packages/akshare/futures/futures_basis.py:107: UserWarning: 20250412非交易日
  warnings.warn(f"{date.strftime('%Y%m%d')}非交易日")
/usr/local/lib/python3.10/dist-packages/akshare/futures/futures_basis.py:107: UserWarning: 20250413非交易日
  warnings.warn(f"{date.strftime('%Y%m%d')}非交易日")
/usr/local/lib/python3.10/dist-packages/akshare/futures/futures_basis.py:107: UserWarning: 20250419非交易日
  warnings.warn(f"{date.strftime('%Y%m%d')}非交易日")
/usr/local/lib/python3.10/dist-packages/akshare/futures/futures_basis.py:107: UserWarning: 20250420非交易日
  warnings.warn(f"{date.strftime('%Y%m%d')}非交易日")
/usr/local/lib/python3.10/dist-packages/akshare/futures/futures_basis.py:107: UserWarning: 20250426非交易日
  warnings.warn(f"{date.strftime('%Y%m%d')}非交易日")
/usr/local/lib/python3.10/dist-packages/akshare/futures/futures_basis.py:107: UserWarning: 20250427非交易日
  warnings.warn(f"{date.strftime('%Y%m%d')}非交易日")
/usr/local/lib/python3.10/dist-packages/akshare/futures/futures_basis.py:107: UserWarning: 20250501非交易日
  warnings.warn(f"{date.strftime('%Y%m%d')}非交易日")
/usr/local/lib/python3.10/dist-packages/akshare/futures/futures_basis.py:107: UserWarning: 20250502非交易日
  warnings.warn(f"{date.strftime('%Y%m%d')}非交易日")
/usr/local/lib/python3.10/dist-packages/akshare/futures/futures_basis.py:107: UserWarning: 20250503非交易日
  warnings.warn(f"{date.strftime('%Y%m%d')}非交易日")
/usr/local/lib/python3.10/dist-packages/akshare/futures/futures_basis.py:107: UserWarning: 20250504非交易日
  warnings.warn(f"{date.strftime('%Y%m%d')}非交易日")
/usr/local/lib/python3.10/dist-packages/akshare/futures/futures_basis.py:107: UserWarning: 20250505非交易日
  warnings.warn(f"{date.strftime('%Y%m%d')}非交易日")
/usr/local/lib/python3.10/dist-packages/akshare/futures/futures_basis.py:107: UserWarning: 20250510非交易日
  warnings.warn(f"{date.strftime('%Y%m%d')}非交易日")
/usr/local/lib/python3.10/dist-packages/akshare/futures/futures_basis.py:107: UserWarning: 20250511非交易日
  warnings.warn(f"{date.strftime('%Y%m%d')}非交易日")
/usr/local/lib/python3.10/dist-packages/akshare/futures/futures_basis.py:107: UserWarning: 20250517非交易日
  warnings.warn(f"{date.strftime('%Y%m%d')}非交易日")
/usr/local/lib/python3.10/dist-packages/akshare/futures/futures_basis.py:107: UserWarning: 20250518非交易日
  warnings.warn(f"{date.strftime('%Y%m%d')}非交易日")
/usr/local/lib/python3.10/dist-packages/akshare/futures/futures_basis.py:107: UserWarning: 20250524非交易日
  warnings.warn(f"{date.strftime('%Y%m%d')}非交易日")
/usr/local/lib/python3.10/dist-packages/akshare/futures/futures_basis.py:107: UserWarning: 20250525非交易日
  warnings.warn(f"{date.strftime('%Y%m%d')}非交易日")
/usr/local/lib/python3.10/dist-packages/akshare/futures/futures_basis.py:107: UserWarning: 20250531非交易日
  warnings.warn(f"{date.strftime('%Y%m%d')}非交易日")
/usr/local/lib/python3.10/dist-packages/akshare/futures/futures_basis.py:107: UserWarning: 20250601非交易日
  warnings.warn(f"{date.strftime('%Y%m%d')}非交易日")
/usr/local/lib/python3.10/dist-packages/akshare/futures/futures_basis.py:107: UserWarning: 20250602非交易日
  warnings.warn(f"{date.strftime('%Y%m%d')}非交易日")
/usr/local/lib/python3.10/dist-packages/akshare/futures/futures_basis.py:107: UserWarning: 20250607非交易日
  warnings.warn(f"{date.strftime('%Y%m%d')}非交易日")
/usr/local/lib/python3.10/dist-packages/akshare/futures/futures_basis.py:107: UserWarning: 20250608非交易日
  warnings.warn(f"{date.strftime('%Y%m%d')}非交易日")
/usr/local/lib/python3.10/dist-packages/akshare/futures/futures_basis.py:107: UserWarning: 20250614非交易日
  warnings.warn(f"{date.strftime('%Y%m%d')}非交易日")
/usr/local/lib/python3.10/dist-packages/akshare/futures/futures_basis.py:107: UserWarning: 20250615非交易日
  warnings.warn(f"{date.strftime('%Y%m%d')}非交易日")
/usr/local/lib/python3.10/dist-packages/akshare/futures/futures_basis.py:107: UserWarning: 20250621非交易日
  warnings.warn(f"{date.strftime('%Y%m%d')}非交易日")
/usr/local/lib/python3.10/dist-packages/akshare/futures/futures_basis.py:107: UserWarning: 20250622非交易日
  warnings.warn(f"{date.strftime('%Y%m%d')}非交易日")
/usr/local/lib/python3.10/dist-packages/akshare/futures/futures_basis.py:107: UserWarning: 20250628非交易日
  warnings.warn(f"{date.strftime('%Y%m%d')}非交易日")
/usr/local/lib/python3.10/dist-packages/akshare/futures/futures_basis.py:107: UserWarning: 20250629非交易日
  warnings.warn(f"{date.strftime('%Y%m%d')}非交易日")
/usr/local/lib/python3.10/dist-packages/akshare/futures/futures_basis.py:107: UserWarning: 20250705非交易日
  warnings.warn(f"{date.strftime('%Y%m%d')}非交易日")
/usr/local/lib/python3.10/dist-packages/akshare/futures/futures_basis.py:107: UserWarning: 20250706非交易日
  warnings.warn(f"{date.strftime('%Y%m%d')}非交易日")
/usr/local/lib/python3.10/dist-packages/akshare/futures/futures_basis.py:107: UserWarning: 20250712非交易日
  warnings.warn(f"{date.strftime('%Y%m%d')}非交易日")
/usr/local/lib/python3.10/dist-packages/akshare/futures/futures_basis.py:107: UserWarning: 20250713非交易日
  warnings.warn(f"{date.strftime('%Y%m%d')}非交易日")
/usr/local/lib/python3.10/dist-packages/akshare/futures/futures_basis.py:107: UserWarning: 20250719非交易日
  warnings.warn(f"{date.strftime('%Y%m%d')}非交易日")
/usr/local/lib/python3.10/dist-packages/akshare/futures/futures_basis.py:107: UserWarning: 20250720非交易日
  warnings.warn(f"{date.strftime('%Y%m%d')}非交易日")
/usr/local/lib/python3.10/dist-packages/akshare/futures/futures_basis.py:107: UserWarning: 20250726非交易日
  warnings.warn(f"{date.strftime('%Y%m%d')}非交易日")
/usr/local/lib/python3.10/dist-packages/akshare/futures/futures_basis.py:107: UserWarning: 20250727非交易日
  warnings.warn(f"{date.strftime('%Y%m%d')}非交易日")
/usr/local/lib/python3.10/dist-packages/akshare/futures/futures_basis.py:107: UserWarning: 20250802非交易日
  warnings.warn(f"{date.strftime('%Y%m%d')}非交易日")
/usr/local/lib/python3.10/dist-packages/akshare/futures/futures_basis.py:107: UserWarning: 20250803非交易日
  warnings.warn(f"{date.strftime('%Y%m%d')}非交易日")
/usr/local/lib/python3.10/dist-packages/akshare/futures/futures_basis.py:107: UserWarning: 20250809非交易日
  warnings.warn(f"{date.strftime('%Y%m%d')}非交易日")
/usr/local/lib/python3.10/dist-packages/akshare/futures/futures_basis.py:107: UserWarning: 20250810非交易日
  warnings.warn(f"{date.strftime('%Y%m%d')}非交易日")
/usr/local/lib/python3.10/dist-packages/akshare/futures/futures_basis.py:107: UserWarning: 20250816非交易日
  warnings.warn(f"{date.strftime('%Y%m%d')}非交易日")
/usr/local/lib/python3.10/dist-packages/akshare/futures/futures_basis.py:107: UserWarning: 20250817非交易日
  warnings.warn(f"{date.strftime('%Y%m%d')}非交易日")
/usr/local/lib/python3.10/dist-packages/akshare/futures/futures_basis.py:107: UserWarning: 20250823非交易日
  warnings.warn(f"{date.strftime('%Y%m%d')}非交易日")
/usr/local/lib/python3.10/dist-packages/akshare/futures/futures_basis.py:107: UserWarning: 20250824非交易日
  warnings.warn(f"{date.strftime('%Y%m%d')}非交易日")
/usr/local/lib/python3.10/dist-packages/akshare/futures/futures_basis.py:107: UserWarning: 20250830非交易日
  warnings.warn(f"{date.strftime('%Y%m%d')}非交易日")
/usr/local/lib/python3.10/dist-packages/akshare/futures/futures_basis.py:107: UserWarning: 20250831非交易日
  warnings.warn(f"{date.strftime('%Y%m%d')}非交易日")
/usr/local/lib/python3.10/dist-packages/akshare/futures/futures_basis.py:107: UserWarning: 20250906非交易日
  warnings.warn(f"{date.strftime('%Y%m%d')}非交易日")
/usr/local/lib/python3.10/dist-packages/akshare/futures/futures_basis.py:107: UserWarning: 20250907非交易日
  warnings.warn(f"{date.strftime('%Y%m%d')}非交易日")
/usr/local/lib/python3.10/dist-packages/akshare/futures/futures_basis.py:107: UserWarning: 20250913非交易日
  warnings.warn(f"{date.strftime('%Y%m%d')}非交易日")
/usr/local/lib/python3.10/dist-packages/akshare/futures/futures_basis.py:107: UserWarning: 20250914非交易日
  warnings.warn(f"{date.strftime('%Y%m%d')}非交易日")
/usr/local/lib/python3.10/dist-packages/akshare/futures/futures_basis.py:107: UserWarning: 20250920非交易日
  warnings.warn(f"{date.strftime('%Y%m%d')}非交易日")
/usr/local/lib/python3.10/dist-packages/akshare/futures/futures_basis.py:107: UserWarning: 20250921非交易日
  warnings.warn(f"{date.strftime('%Y%m%d')}非交易日")
/usr/local/lib/python3.10/dist-packages/akshare/futures/futures_basis.py:107: UserWarning: 20250927非交易日
  warnings.warn(f"{date.strftime('%Y%m%d')}非交易日")
/usr/local/lib/python3.10/dist-packages/akshare/futures/futures_basis.py:107: UserWarning: 20250928非交易日
  warnings.warn(f"{date.strftime('%Y%m%d')}非交易日")
/usr/local/lib/python3.10/dist-packages/akshare/futures/futures_basis.py:107: UserWarning: 20251001非交易日
  warnings.warn(f"{date.strftime('%Y%m%d')}非交易日")
/usr/local/lib/python3.10/dist-packages/akshare/futures/futures_basis.py:107: UserWarning: 20251002非交易日
  warnings.warn(f"{date.strftime('%Y%m%d')}非交易日")
/usr/local/lib/python3.10/dist-packages/akshare/futures/futures_basis.py:107: UserWarning: 20251003非交易日
  warnings.warn(f"{date.strftime('%Y%m%d')}非交易日")
/usr/local/lib/python3.10/dist-packages/akshare/futures/futures_basis.py:107: UserWarning: 20251004非交易日
  warnings.warn(f"{date.strftime('%Y%m%d')}非交易日")
/usr/local/lib/python3.10/dist-packages/akshare/futures/futures_basis.py:107: UserWarning: 20251005非交易日
  warnings.warn(f"{date.strftime('%Y%m%d')}非交易日")
/usr/local/lib/python3.10/dist-packages/akshare/futures/futures_basis.py:107: UserWarning: 20251006非交易日
  warnings.warn(f"{date.strftime('%Y%m%d')}非交易日")
/usr/local/lib/python3.10/dist-packages/akshare/futures/futures_basis.py:107: UserWarning: 20251007非交易日
  warnings.warn(f"{date.strftime('%Y%m%d')}非交易日")
/usr/local/lib/python3.10/dist-packages/akshare/futures/futures_basis.py:107: UserWarning: 20251008非交易日
  warnings.warn(f"{date.strftime('%Y%m%d')}非交易日")
/usr/local/lib/python3.10/dist-packages/akshare/futures/futures_basis.py:107: UserWarning: 20251011非交易日
  warnings.warn(f"{date.strftime('%Y%m%d')}非交易日")
/usr/local/lib/python3.10/dist-packages/akshare/futures/futures_basis.py:107: UserWarning: 20251012非交易日
  warnings.warn(f"{date.strftime('%Y%m%d')}非交易日")
/usr/local/lib/python3.10/dist-packages/akshare/futures/futures_basis.py:107: UserWarning: 20251018非交易日
  warnings.warn(f"{date.strftime('%Y%m%d')}非交易日")
/usr/local/lib/python3.10/dist-packages/akshare/futures/futures_basis.py:107: UserWarning: 20251019非交易日
  warnings.warn(f"{date.strftime('%Y%m%d')}非交易日")
/usr/local/lib/python3.10/dist-packages/akshare/futures/futures_basis.py:107: UserWarning: 20251025非交易日
  warnings.warn(f"{date.strftime('%Y%m%d')}非交易日")
/usr/local/lib/python3.10/dist-packages/akshare/futures/futures_basis.py:107: UserWarning: 20251026非交易日
  warnings.warn(f"{date.strftime('%Y%m%d')}非交易日")
/usr/local/lib/python3.10/dist-packages/akshare/futures/futures_basis.py:107: UserWarning: 20251101非交易日
  warnings.warn(f"{date.strftime('%Y%m%d')}非交易日")
/usr/local/lib/python3.10/dist-packages/akshare/futures/futures_basis.py:107: UserWarning: 20251102非交易日
  warnings.warn(f"{date.strftime('%Y%m%d')}非交易日")
/usr/local/lib/python3.10/dist-packages/akshare/futures/futures_basis.py:107: UserWarning: 20251108非交易日
  warnings.warn(f"{date.strftime('%Y%m%d')}非交易日")
/usr/local/lib/python3.10/dist-packages/akshare/futures/futures_basis.py:107: UserWarning: 20251109非交易日
  warnings.warn(f"{date.strftime('%Y%m%d')}非交易日")
/usr/local/lib/python3.10/dist-packages/akshare/futures/futures_basis.py:107: UserWarning: 20251115非交易日
  warnings.warn(f"{date.strftime('%Y%m%d')}非交易日")
/usr/local/lib/python3.10/dist-packages/akshare/futures/futures_basis.py:107: UserWarning: 20251116非交易日
  warnings.warn(f"{date.strftime('%Y%m%d')}非交易日")
/usr/local/lib/python3.10/dist-packages/akshare/futures/futures_basis.py:107: UserWarning: 20251122非交易日
  warnings.warn(f"{date.strftime('%Y%m%d')}非交易日")
/usr/local/lib/python3.10/dist-packages/akshare/futures/futures_basis.py:107: UserWarning: 20251123非交易日
  warnings.warn(f"{date.strftime('%Y%m%d')}非交易日")
/usr/local/lib/python3.10/dist-packages/akshare/futures/futures_basis.py:107: UserWarning: 20251129非交易日
  warnings.warn(f"{date.strftime('%Y%m%d')}非交易日")
/usr/local/lib/python3.10/dist-packages/akshare/futures/futures_basis.py:107: UserWarning: 20251130非交易日
  warnings.warn(f"{date.strftime('%Y%m%d')}非交易日")
/usr/local/lib/python3.10/dist-packages/akshare/futures/futures_basis.py:107: UserWarning: 20251206非交易日
  warnings.warn(f"{date.strftime('%Y%m%d')}非交易日")
/usr/local/lib/python3.10/dist-packages/akshare/futures/futures_basis.py:107: UserWarning: 20251207非交易日
  warnings.warn(f"{date.strftime('%Y%m%d')}非交易日")
/usr/local/lib/python3.10/dist-packages/akshare/futures/futures_basis.py:107: UserWarning: 20251213非交易日
  warnings.warn(f"{date.strftime('%Y%m%d')}非交易日")
/usr/local/lib/python3.10/dist-packages/akshare/futures/futures_basis.py:107: UserWarning: 20251214非交易日
  warnings.warn(f"{date.strftime('%Y%m%d')}非交易日")
/usr/local/lib/python3.10/dist-packages/akshare/futures/futures_basis.py:107: UserWarning: 20251220非交易日
  warnings.warn(f"{date.strftime('%Y%m%d')}非交易日")
/usr/local/lib/python3.10/dist-packages/akshare/futures/futures_basis.py:107: UserWarning: 20251221非交易日
  warnings.warn(f"{date.strftime('%Y%m%d')}非交易日")
/usr/local/lib/python3.10/dist-packages/akshare/futures/futures_basis.py:107: UserWarning: 20251227非交易日
  warnings.warn(f"{date.strftime('%Y%m%d')}非交易日")
/usr/local/lib/python3.10/dist-packages/akshare/futures/futures_basis.py:107: UserWarning: 20251228非交易日
  warnings.warn(f"{date.strftime('%Y%m%d')}非交易日")
/usr/local/lib/python3.10/dist-packages/akshare/futures/futures_basis.py:107: UserWarning: 20260101非交易日
  warnings.warn(f"{date.strftime('%Y%m%d')}非交易日")
/usr/local/lib/python3.10/dist-packages/akshare/futures/futures_basis.py:107: UserWarning: 20260102非交易日
  warnings.warn(f"{date.strftime('%Y%m%d')}非交易日")
/usr/local/lib/python3.10/dist-packages/akshare/futures/futures_basis.py:107: UserWarning: 20260103非交易日
  warnings.warn(f"{date.strftime('%Y%m%d')}非交易日")
/usr/local/lib/python3.10/dist-packages/akshare/futures/futures_basis.py:107: UserWarning: 20260104非交易日
  warnings.warn(f"{date.strftime('%Y%m%d')}非交易日")
/usr/local/lib/python3.10/dist-packages/akshare/futures/futures_basis.py:107: UserWarning: 20260110非交易日
  warnings.warn(f"{date.strftime('%Y%m%d')}非交易日")
/usr/local/lib/python3.10/dist-packages/akshare/futures/futures_basis.py:107: UserWarning: 20260111非交易日
  warnings.warn(f"{date.strftime('%Y%m%d')}非交易日")
/usr/local/lib/python3.10/dist-packages/akshare/futures/futures_basis.py:107: UserWarning: 20260117非交易日
  warnings.warn(f"{date.strftime('%Y%m%d')}非交易日")
/usr/local/lib/python3.10/dist-packages/akshare/futures/futures_basis.py:107: UserWarning: 20260118非交易日
  warnings.warn(f"{date.strftime('%Y%m%d')}非交易日")
/usr/local/lib/python3.10/dist-packages/akshare/futures/futures_basis.py:107: UserWarning: 20260124非交易日
  warnings.warn(f"{date.strftime('%Y%m%d')}非交易日")
/usr/local/lib/python3.10/dist-packages/akshare/futures/futures_basis.py:107: UserWarning: 20260125非交易日
  warnings.warn(f"{date.strftime('%Y%m%d')}非交易日")
/usr/local/lib/python3.10/dist-packages/akshare/futures/futures_basis.py:107: UserWarning: 20260131非交易日
  warnings.warn(f"{date.strftime('%Y%m%d')}非交易日")
/usr/local/lib/python3.10/dist-packages/akshare/futures/futures_basis.py:107: UserWarning: 20260201非交易日
  warnings.warn(f"{date.strftime('%Y%m%d')}非交易日")
/usr/local/lib/python3.10/dist-packages/akshare/futures/futures_basis.py:107: UserWarning: 20260207非交易日
  warnings.warn(f"{date.strftime('%Y%m%d')}非交易日")
/usr/local/lib/python3.10/dist-packages/akshare/futures/futures_basis.py:107: UserWarning: 20260208非交易日
  warnings.warn(f"{date.strftime('%Y%m%d')}非交易日")
/usr/local/lib/python3.10/dist-packages/akshare/futures/futures_basis.py:107: UserWarning: 20260214非交易日
  warnings.warn(f"{date.strftime('%Y%m%d')}非交易日")
/usr/local/lib/python3.10/dist-packages/akshare/futures/futures_basis.py:107: UserWarning: 20260215非交易日
  warnings.warn(f"{date.strftime('%Y%m%d')}非交易日")
/usr/local/lib/python3.10/dist-packages/akshare/futures/futures_basis.py:107: UserWarning: 20260216非交易日
  warnings.warn(f"{date.strftime('%Y%m%d')}非交易日")
/usr/local/lib/python3.10/dist-packages/akshare/futures/futures_basis.py:107: UserWarning: 20260217非交易日
  warnings.warn(f"{date.strftime('%Y%m%d')}非交易日")
/usr/local/lib/python3.10/dist-packages/akshare/futures/futures_basis.py:107: UserWarning: 20260218非交易日
  warnings.warn(f"{date.strftime('%Y%m%d')}非交易日")
/usr/local/lib/python3.10/dist-packages/akshare/futures/futures_basis.py:107: UserWarning: 20260219非交易日
  warnings.warn(f"{date.strftime('%Y%m%d')}非交易日")
/usr/local/lib/python3.10/dist-packages/akshare/futures/futures_basis.py:107: UserWarning: 20260220非交易日
  warnings.warn(f"{date.strftime('%Y%m%d')}非交易日")
/usr/local/lib/python3.10/dist-packages/akshare/futures/futures_basis.py:107: UserWarning: 20260221非交易日
  warnings.warn(f"{date.strftime('%Y%m%d')}非交易日")
/usr/local/lib/python3.10/dist-packages/akshare/futures/futures_basis.py:107: UserWarning: 20260222非交易日
  warnings.warn(f"{date.strftime('%Y%m%d')}非交易日")
/usr/local/lib/python3.10/dist-packages/akshare/futures/futures_basis.py:107: UserWarning: 20260223非交易日
  warnings.warn(f"{date.strftime('%Y%m%d')}非交易日")
/usr/local/lib/python3.10/dist-packages/akshare/futures/futures_basis.py:107: UserWarning: 20260228非交易日
  warnings.warn(f"{date.strftime('%Y%m%d')}非交易日")
/usr/local/lib/python3.10/dist-packages/akshare/futures/futures_basis.py:107: UserWarning: 20260301非交易日
  warnings.warn(f"{date.strftime('%Y%m%d')}非交易日")
/usr/local/lib/python3.10/dist-packages/akshare/futures/futures_basis.py:107: UserWarning: 20260307非交易日
  warnings.warn(f"{date.strftime('%Y%m%d')}非交易日")
/usr/local/lib/python3.10/dist-packages/akshare/futures/futures_basis.py:107: UserWarning: 20260308非交易日
  warnings.warn(f"{date.strftime('%Y%m%d')}非交易日")
/usr/local/lib/python3.10/dist-packages/akshare/futures/futures_basis.py:107: UserWarning: 20260314非交易日
  warnings.warn(f"{date.strftime('%Y%m%d')}非交易日")
/usr/local/lib/python3.10/dist-packages/akshare/futures/futures_basis.py:107: UserWarning: 20260315非交易日
  warnings.warn(f"{date.strftime('%Y%m%d')}非交易日")
/usr/local/lib/python3.10/dist-packages/akshare/futures/futures_basis.py:107: UserWarning: 20260321非交易日
  warnings.warn(f"{date.strftime('%Y%m%d')}非交易日")
/usr/local/lib/python3.10/dist-packages/akshare/futures/futures_basis.py:107: UserWarning: 20260322非交易日
  warnings.warn(f"{date.strftime('%Y%m%d')}非交易日")
/usr/local/lib/python3.10/dist-packages/akshare/futures/futures_basis.py:107: UserWarning: 20260328非交易日
  warnings.warn(f"{date.strftime('%Y%m%d')}非交易日")
/usr/local/lib/python3.10/dist-packages/akshare/futures/futures_basis.py:107: UserWarning: 20260329非交易日
  warnings.warn(f"{date.strftime('%Y%m%d')}非交易日")
/usr/local/lib/python3.10/dist-packages/akshare/futures/futures_basis.py:107: UserWarning: 20260404非交易日
  warnings.warn(f"{date.strftime('%Y%m%d')}非交易日")
/usr/local/lib/python3.10/dist-packages/akshare/futures/futures_basis.py:107: UserWarning: 20260405非交易日
  warnings.warn(f"{date.strftime('%Y%m%d')}非交易日")
/usr/local/lib/python3.10/dist-packages/akshare/futures/futures_basis.py:107: UserWarning: 20260406非交易日
  warnings.warn(f"{date.strftime('%Y%m%d')}非交易日")
/usr/local/lib/python3.10/dist-packages/akshare/futures/futures_basis.py:107: UserWarning: 20260411非交易日
  warnings.warn(f"{date.strftime('%Y%m%d')}非交易日")
/usr/local/lib/python3.10/dist-packages/akshare/futures/futures_basis.py:107: UserWarning: 20260412非交易日
  warnings.warn(f"{date.strftime('%Y%m%d')}非交易日")
/usr/local/lib/python3.10/dist-packages/akshare/futures/futures_basis.py:107: UserWarning: 20260418非交易日
  warnings.warn(f"{date.strftime('%Y%m%d')}非交易日")
/usr/local/lib/python3.10/dist-packages/akshare/futures/futures_basis.py:107: UserWarning: 20260419非交易日
  warnings.warn(f"{date.strftime('%Y%m%d')}非交易日")
/usr/local/lib/python3.10/dist-packages/akshare/futures/futures_basis.py:107: UserWarning: 20260425非交易日
  warnings.warn(f"{date.strftime('%Y%m%d')}非交易日")
/usr/local/lib/python3.10/dist-packages/akshare/futures/futures_basis.py:107: UserWarning: 20260426非交易日
  warnings.warn(f"{date.strftime('%Y%m%d')}非交易日")
/usr/local/lib/python3.10/dist-packages/akshare/futures/futures_basis.py:107: UserWarning: 20260501非交易日
  warnings.warn(f"{date.strftime('%Y%m%d')}非交易日")
/usr/local/lib/python3.10/dist-packages/akshare/futures/futures_basis.py:107: UserWarning: 20260502非交易日
  warnings.warn(f"{date.strftime('%Y%m%d')}非交易日")
/usr/local/lib/python3.10/dist-packages/akshare/futures/futures_basis.py:107: UserWarning: 20260503非交易日
  warnings.warn(f"{date.strftime('%Y%m%d')}非交易日")
/usr/local/lib/python3.10/dist-packages/akshare/futures/futures_basis.py:107: UserWarning: 20260504非交易日
  warnings.warn(f"{date.strftime('%Y%m%d')}非交易日")
/usr/local/lib/python3.10/dist-packages/akshare/futures/futures_basis.py:107: UserWarning: 20260505非交易日
  warnings.warn(f"{date.strftime('%Y%m%d')}非交易日")
/usr/local/lib/python3.10/dist-packages/akshare/futures/futures_basis.py:107: UserWarning: 20260509非交易日
  warnings.warn(f"{date.strftime('%Y%m%d')}非交易日")
/usr/local/lib/python3.10/dist-packages/akshare/futures/futures_basis.py:107: UserWarning: 20260510非交易日
  warnings.warn(f"{date.strftime('%Y%m%d')}非交易日")
/usr/local/lib/python3.10/dist-packages/akshare/futures/futures_basis.py:74: FutureWarning: The behavior of DataFrame concatenation with empty or all-NA entries is deprecated. In a future version, this will no longer exclude empty or all-NA columns when determining the result dtypes. To retain the old behavior, exclude the relevant entries before the concat operation.
  temp_df = pd.concat(df_list)

  0%|          | 0/7 [00:00<?, ?it/s]
 14%|█▍        | 1/7 [00:00<00:02,  2.26it/s]
 29%|██▊       | 2/7 [00:00<00:01,  2.97it/s]
 43%|████▎     | 3/7 [00:00<00:01,  3.18it/s]
 57%|█████▋    | 4/7 [00:01<00:00,  3.49it/s]
 71%|███████▏  | 5/7 [00:01<00:00,  3.02it/s]
 86%|████████▌ | 6/7 [00:01<00:00,  3.40it/s]
100%|██████████| 7/7 [00:02<00:00,  3.04it/s]
                                             

  0%|          | 0/7 [00:00<?, ?it/s]
 14%|█▍        | 1/7 [00:00<00:01,  4.58it/s]
 29%|██▊       | 2/7 [00:01<00:04,  1.21it/s]
 43%|████▎     | 3/7 [00:01<00:02,  1.53it/s]
 57%|█████▋    | 4/7 [00:02<00:01,  2.06it/s]
 71%|███████▏  | 5/7 [00:02<00:00,  2.40it/s]
 86%|████████▌ | 6/7 [00:02<00:00,  2.76it/s]
100%|██████████| 7/7 [00:02<00:00,  3.30it/s]
                                             

  0%|          | 0/7 [00:00<?, ?it/s]
 14%|█▍        | 1/7 [00:00<00:01,  4.54it/s]
 29%|██▊       | 2/7 [00:00<00:01,  4.53it/s]
 43%|████▎     | 3/7 [00:00<00:01,  3.19it/s]
 57%|█████▋    | 4/7 [00:01<00:00,  3.50it/s]
 71%|███████▏  | 5/7 [00:01<00:00,  3.60it/s]
 86%|████████▌ | 6/7 [00:01<00:00,  3.87it/s]
100%|██████████| 7/7 [00:01<00:00,  4.06it/s]
                                             
{
  "sample_rows": 1535,
  "external_rows": 5270,
  "external_date_min": "2005-01-04",
  "external_date_max": "2026-05-08",
  "feature_cols": 213,
  "lag_days": 1,
  "errors": {},
  "top_missing": {
    "zijin_hk_close_ret20": 0.04104234527687296,
    "zijin_hk_volume_ret20": 0.04104234527687296,
    "zijin_hk_close_z20": 0.03713355048859935,
    "zijin_hk_close_ma20_gap": 0.03713355048859935,
    "zijin_hk_volume_ma20_gap": 0.03713355048859935,
    "zijin_hk_volume_z20": 0.03713355048859935,
    "zijin_a_h_close_ratio_z20": 0.03713355048859935,
    "zijin_hk_volume_ret5": 0.033876221498371335,
    "zijin_hk_close_ret5": 0.033876221498371335,
    "copper_dom_basis_rate_ret20": 0.03257328990228013,
    "gold_dom_basis_rate_ret20": 0.03257328990228013,
    "copper_spot_ret20": 0.03257328990228013,
    "silver_dom_basis_rate_ret20": 0.03257328990228013,
    "gold_spot_ret20": 0.03257328990228013,
    "precious_sector_close_ret20": 0.03257328990228013,
    "silver_spot_ret20": 0.03257328990228013,
    "minor_metal_sector_amount_ret20": 0.03257328990228013,
    "industrial_metal_sector_close_ret20": 0.03257328990228013,
    "minor_metal_sector_volume_ret20": 0.03257328990228013,
    "industrial_metal_sector_amount_ret20": 0.03257328990228013,
    "industrial_metal_sector_volume_ret20": 0.03257328990228013,
    "minor_metal_sector_close_ret20": 0.03257328990228013,
    "stock_vs_industrial_metal_sector_ret20": 0.03257328990228013,
    "stock_vs_precious_sector_ret20": 0.03257328990228013,
    "precious_sector_volume_ret20": 0.03257328990228013,
    "precious_sector_amount_ret20": 0.03257328990228013,
    "stock_vs_gold_ret20": 0.031921824104234525,
    "stock_vs_copper_ret20": 0.031921824104234525,
    "zijin_hk_close_ret1": 0.031270358306188926,
    "zijin_hk_volume_ret1": 0.031270358306188926
  },
  "outputs": {
    "external": "/root/workspace/stock_realtime_v021_full/saved_data/601899_pipeline_out/04_external/zijin_external/zijin_external_features.csv",
    "merged_samples": "/root/workspace/stock_realtime_v021_full/saved_data/601899_pipeline_out/04_external/zijin_external/training_samples_with_zijin_external.csv"
  }
}
[INFO] final samples for search: /root/workspace/stock_realtime_v021_full/saved_data/601899_pipeline_out/04_external/zijin_external/training_samples_with_zijin_external.csv

[2026-05-11T00:06:19] RUN search_vwap_low_hit_50bps
  /usr/bin/python3 model_training/search_walk_forward_model_complexity.py --samples /root/workspace/stock_realtime_v021_full/saved_data/601899_pipeline_out/04_external/zijin_external/training_samples_with_zijin_external.csv --intraday-bars /root/workspace/stock_realtime_v021_full/saved_data/601899_pipeline_out/00_base/601899_5m.csv --out-dir /root/workspace/stock_realtime_v021_full/saved_data/601899_pipeline_out/10_search/search_vwap_low_hit_50bps --round-trip-cost-bps 1.7 --target-hit-bps 50.0 --label-mode hit --entry-policy vwap_low --entry-vwap-premium-bps 50.0 --max-missing 0.35 --groups reversal_fundamental_regime,reversal_fundamental_regime_sector,all_no_ak --models xgb_d2_200_lr003_mcw5,xgb_d3_400_lr003_mcw3,xgb_d3_600_lr002_mcw3,xgb_d4_500_lr002_mcw5,lgbm_leaves7_400,lgbm_leaves15_700,extra_trees_600_d3,random_forest_600_d4 --quantiles 0.5,0.6,0.7,0.8 --train-rows 756 --valid-rows 126 --test-rows 63 --min-valid-trades 8 --min-train-entries 80
{
  "rows": 1534,
  "target_hit_bps": 50.0,
  "label_mode": "hit",
  "entry_policy": "vwap_low",
  "entry_vwap_premium_bps": 50.0,
  "groups": {
    "reversal_fundamental_regime": 137,
    "reversal_fundamental_regime_sector": 160,
    "all_no_ak": 428
  },
  "models": [
    "xgb_d2_200_lr003_mcw5",
    "xgb_d3_400_lr003_mcw3",
    "xgb_d3_600_lr002_mcw3",
    "xgb_d4_500_lr002_mcw5",
    "extra_trees_600_d3",
    "random_forest_600_d4",
    "lgbm_leaves7_400",
    "lgbm_leaves15_700"
  ],
  "top": [
    {
      "entry_policy": "vwap_low",
      "feature_group": "reversal_fundamental_regime",
      "model_name": "xgb_d4_500_lr002_mcw5",
      "target_hit_bps": 50.0,
      "trades": 171,
      "win_rate": 0.7894736842105263,
      "avg_return": 2.520058975959948e-05,
      "median_return": 0.005,
      "compound_return": -0.006773651786998736,
      "max_drawdown": -0.12953076906895522,
      "profit_factor": 1.0065932979373498,
      "windows": 10
    },
    {
      "entry_policy": "vwap_low",
      "feature_group": "reversal_fundamental_regime_sector",
      "model_name": "random_forest_600_d4",
      "target_hit_bps": 50.0,
      "trades": 136,
      "win_rate": 0.7794117647058824,
      "avg_return": -0.0004401122829241372,
      "median_return": 0.005,
      "compound_return": -0.07009600590848952,
      "max_drawdown": -0.13492387623793278,
      "profit_factor": 0.8976675485402751,
      "windows": 10
    },
    {
      "entry_policy": "vwap_low",
      "feature_group": "reversal_fundamental_regime",
      "model_name": "xgb_d3_400_lr003_mcw3",
      "target_hit_bps": 50.0,
      "trades": 178,
      "win_rate": 0.7808988764044944,
      "avg_return": -0.0007112680649211829,
      "median_return": 0.005,
      "compound_return": -0.13302630785895908,
      "max_drawdown": -0.20647197624108993,
      "profit_factor": 0.8440938184149357,
      "windows": 10
    },
    {
      "entry_policy": "vwap_low",
      "feature_group": "reversal_fundamental_regime_sector",
      "model_name": "xgb_d2_200_lr003_mcw5",
      "target_hit_bps": 50.0,
      "trades": 198,
      "win_rate": 0.7474747474747475,
      "avg_return": -0.0006636547381959388,
      "median_return": 0.005,
      "compound_return": -0.13538273998694406,
      "max_drawdown": -0.1682205522205671,
      "profit_factor": 0.8475431614926016,
      "windows": 10
    },
    {
      "entry_policy": "vwap_low",
      "feature_group": "all_no_ak",
      "model_name": "xgb_d2_200_lr003_mcw5",
      "target_hit_bps": 50.0,
      "trades": 205,
      "win_rate": 0.7707317073170732,
      "avg_return": -0.0009560141989026043,
      "median_return": 0.005,
      "compound_return": -0.193483631572421,
      "max_drawdown": -0.2239842838317645,
      "profit_factor": 0.7984608391921665,
      "windows": 10
    },
    {
      "entry_policy": "vwap_low",
      "feature_group": "reversal_fundamental_regime_sector",
      "model_name": "xgb_d4_500_lr002_mcw5",
      "target_hit_bps": 50.0,
      "trades": 169,
      "win_rate": 0.7337278106508875,
      "avg_return": -0.0012603326068277294,
      "median_return": 0.005,
      "compound_return": -0.20248223734913673,
      "max_drawdown": -0.21900175790178433,
      "profit_factor": 0.7405174230859644,
      "windows": 10
    },
    {
      "entry_policy": "vwap_low",
      "feature_group": "reversal_fundamental_regime",
      "model_name": "lgbm_leaves15_700",
      "target_hit_bps": 50.0,
      "trades": 164,
      "win_rate": 0.7682926829268293,
      "avg_return": -0.0012813985742824877,
      "median_return": 0.005,
      "compound_return": -0.20295350636950182,
      "max_drawdown": -0.22724198405672735,
      "profit_factor": 0.7474283098462302,
      "windows": 10
    },
    {
      "entry_policy": "vwap_low",
      "feature_group": "all_no_ak",
      "model_name": "xgb_d4_500_lr002_mcw5",
      "target_hit_bps": 50.0,
      "trades": 203,
      "win_rate": 0.7339901477832512,
      "avg_return": -0.0011496021158221886,
      "median_return": 0.005,
      "compound_return": -0.22039032586650253,
      "max_drawdown": -0.2579703517806877,
      "profit_factor": 0.7572471664330902,
      "windows": 10
    },
    {
      "entry_policy": "vwap_low",
      "feature_group": "reversal_fundamental_regime_sector",
      "model_name": "xgb_d3_400_lr003_mcw3",
      "target_hit_bps": 50.0,
      "trades": 170,
      "win_rate": 0.7529411764705882,
      "avg_return": -0.0015674399286298491,
      "median_return": 0.005,
      "compound_return": -0.24761421593822597,
      "max_drawdown": -0.29430360739683636,
      "profit_factor": 0.7032283015579155,
      "windows": 10
    },
    {
      "entry_policy": "vwap_low",
      "feature_group": "reversal_fundamental_regime_sector",
      "model_name": "lgbm_leaves15_700",
      "target_hit_bps": 50.0,
      "trades": 177,
      "win_rate": 0.7401129943502824,
      "avg_return": -0.0015554783807809024,
      "median_return": 0.005,
      "compound_return": -0.2521708622544374,
      "max_drawdown": -0.2688261577148654,
      "profit_factor": 0.7010070122042628,
      "windows": 10
    },
    {
      "entry_policy": "vwap_low",
      "feature_group": "all_no_ak",
      "model_name": "xgb_d3_600_lr002_mcw3",
      "target_hit_bps": 50.0,
      "trades": 172,
      "win_rate": 0.7267441860465116,
      "avg_return": -0.0016900302735780633,
      "median_return": 0.005,
      "compound_return": -0.26368507932925855,
      "max_drawdown": -0.2881566236784827,
      "profit_factor": 0.6794007886125938,
      "windows": 10
    },
    {
      "entry_policy": "vwap_low",
      "feature_group": "all_no_ak",
      "model_name": "lgbm_leaves7_400",
      "target_hit_bps": 50.0,
      "trades": 178,
      "win_rate": 0.7471910112359551,
      "avg_return": -0.0016180824585818258,
      "median_return": 0.005,
      "compound_return": -0.2644739780928336,
      "max_drawdown": -0.31182846726198254,
      "profit_factor": 0.6940453325574351,
      "windows": 10
    },
    {
      "entry_policy": "vwap_low",
      "feature_group": "reversal_fundamental_regime",
      "model_name": "xgb_d2_200_lr003_mcw5",
      "target_hit_bps": 50.0,
      "trades": 185,
      "win_rate": 0.7405405405405405,
      "avg_return": -0.0016155990253667598,
      "median_return": 0.005,
      "compound_return": -0.2720751618139179,
      "max_drawdown": -0.34997915667817625,
      "profit_factor": 0.6945234925645772,
      "windows": 10
    },
    {
      "entry_policy": "vwap_low",
      "feature_group": "reversal_fundamental_regime",
      "model_name": "lgbm_leaves7_400",
      "target_hit_bps": 50.0,
      "trades": 178,
      "win_rate": 0.7528089887640449,
      "avg_return": -0.0017937242306414177,
      "median_return": 0.005,
      "compound_return": -0.28751118727293945,
      "max_drawdown": -0.3298141865996177,
      "profit_factor": 0.6725917943916305,
      "windows": 10
    },
    {
      "entry_policy": "vwap_low",
      "feature_group": "reversal_fundamental_regime_sector",
      "model_name": "xgb_d3_600_lr002_mcw3",
      "target_hit_bps": 50.0,
      "trades": 197,
      "win_rate": 0.7461928934010152,
      "avg_return": -0.0017312754431375599,
      "median_return": 0.005,
      "compound_return": -0.30345815344454297,
      "max_drawdown": -0.3248157750402624,
      "profit_factor": 0.6794280340261346,
      "windows": 10
    },
    {
      "entry_policy": "vwap_low",
      "feature_group": "reversal_fundamental_regime_sector",
      "model_name": "lgbm_leaves7_400",
      "target_hit_bps": 50.0,
      "trades": 212,
      "win_rate": 0.7311320754716981,
      "avg_return": -0.001629126908864912,
      "median_return": 0.005,
      "compound_return": -0.306288568945314,
      "max_drawdown": -0.31659104437744323,
      "profit_factor": 0.687815932790981,
      "windows": 10
    },
    {
      "entry_policy": "vwap_low",
      "feature_group": "all_no_ak",
      "model_name": "xgb_d3_400_lr003_mcw3",
      "target_hit_bps": 50.0,
      "trades": 183,
      "win_rate": 0.726775956284153,
      "avg_return": -0.0019068819382900015,
      "median_return": 0.005,
      "compound_return": -0.30810543144893865,
      "max_drawdown": -0.3270188942799256,
      "profit_factor": 0.6527397600403833,
      "windows": 10
    },
    {
      "entry_policy": "vwap_low",
      "feature_group": "reversal_fundamental_regime",
      "model_name": "random_forest_600_d4",
      "target_hit_bps": 50.0,
      "trades": 215,
      "win_rate": 0.7581395348837209,
      "avg_return": -0.0016580854147954633,
      "median_return": 0.005,
      "compound_return": -0.3155430897720428,
      "max_drawdown": -0.3688823168664622,
      "profit_factor": 0.6898145656967596,
      "windows": 10
    },
    {
      "entry_policy": "vwap_low",
      "feature_group": "reversal_fundamental_regime",
      "model_name": "xgb_d3_600_lr002_mcw3",
      "target_hit_bps": 50.0,
      "trades": 137,
      "win_rate": 0.7226277372262774,
      "avg_return": -0.00269550133236977,
      "median_return": 0.005,
      "compound_return": -0.3210218748327237,
      "max_drawdown": -0.36095557726402294,
      "profit_factor": 0.5684410309073087,
      "windows": 10
    },
    {
      "entry_policy": "vwap_low",
      "feature_group": "reversal_fundamental_regime",
      "model_name": "extra_trees_600_d3",
      "target_hit_bps": 50.0,
      "trades": 280,
      "win_rate": 0.7571428571428571,
      "avg_return": -0.0013114601053242157,
      "median_return": 0.005,
      "compound_return": -0.32718330140546714,
      "max_drawdown": -0.3789746501656047,
      "profit_factor": 0.7373399125058774,
      "windows": 10
    }
  ]
}

[2026-05-11T00:18:16] RUN search_vwap_low_hit_80bps
  /usr/bin/python3 model_training/search_walk_forward_model_complexity.py --samples /root/workspace/stock_realtime_v021_full/saved_data/601899_pipeline_out/04_external/zijin_external/training_samples_with_zijin_external.csv --intraday-bars /root/workspace/stock_realtime_v021_full/saved_data/601899_pipeline_out/00_base/601899_5m.csv --out-dir /root/workspace/stock_realtime_v021_full/saved_data/601899_pipeline_out/10_search/search_vwap_low_hit_80bps --round-trip-cost-bps 1.7 --target-hit-bps 80.0 --label-mode hit --entry-policy vwap_low --entry-vwap-premium-bps 50.0 --max-missing 0.35 --groups reversal_fundamental_regime,reversal_fundamental_regime_sector,all_no_ak --models xgb_d2_200_lr003_mcw5,xgb_d3_400_lr003_mcw3,xgb_d3_600_lr002_mcw3,xgb_d4_500_lr002_mcw5,lgbm_leaves7_400,lgbm_leaves15_700,extra_trees_600_d3,random_forest_600_d4 --quantiles 0.5,0.6,0.7,0.8 --train-rows 756 --valid-rows 126 --test-rows 63 --min-valid-trades 8 --min-train-entries 80
{
  "rows": 1534,
  "target_hit_bps": 80.0,
  "label_mode": "hit",
  "entry_policy": "vwap_low",
  "entry_vwap_premium_bps": 50.0,
  "groups": {
    "reversal_fundamental_regime": 137,
    "reversal_fundamental_regime_sector": 160,
    "all_no_ak": 428
  },
  "models": [
    "xgb_d2_200_lr003_mcw5",
    "xgb_d3_400_lr003_mcw3",
    "xgb_d3_600_lr002_mcw3",
    "xgb_d4_500_lr002_mcw5",
    "extra_trees_600_d3",
    "random_forest_600_d4",
    "lgbm_leaves7_400",
    "lgbm_leaves15_700"
  ],
  "top": [
    {
      "entry_policy": "vwap_low",
      "feature_group": "reversal_fundamental_regime",
      "model_name": "lgbm_leaves15_700",
      "target_hit_bps": 80.0,
      "trades": 180,
      "win_rate": 0.75,
      "avg_return": 0.00032425000614559894,
      "median_return": 0.008,
      "compound_return": 0.03475292023839138,
      "max_drawdown": -0.16897248463510306,
      "profit_factor": 1.0602152819871224,
      "windows": 10
    },
    {
      "entry_policy": "vwap_low",
      "feature_group": "reversal_fundamental_regime_sector",
      "model_name": "lgbm_leaves15_700",
      "target_hit_bps": 80.0,
      "trades": 214,
      "win_rate": 0.705607476635514,
      "avg_return": -6.177958288463804e-05,
      "median_return": 0.008,
      "compound_return": -0.035039687814532816,
      "max_drawdown": -0.1495646778159423,
      "profit_factor": 0.9886137821817733,
      "windows": 10
    },
    {
      "entry_policy": "vwap_low",
      "feature_group": "reversal_fundamental_regime",
      "model_name": "xgb_d3_400_lr003_mcw3",
      "target_hit_bps": 80.0,
      "trades": 169,
      "win_rate": 0.727810650887574,
      "avg_return": -0.00020582552924535856,
      "median_return": 0.008,
      "compound_return": -0.05836770036383865,
      "max_drawdown": -0.16897614014194473,
      "profit_factor": 0.9650735558031848,
      "windows": 10
    },
    {
      "entry_policy": "vwap_low",
      "feature_group": "reversal_fundamental_regime_sector",
      "model_name": "xgb_d4_500_lr002_mcw5",
      "target_hit_bps": 80.0,
      "trades": 221,
      "win_rate": 0.6968325791855203,
      "avg_return": -0.00021903747197209224,
      "median_return": 0.008,
      "compound_return": -0.06848007533423961,
      "max_drawdown": -0.218961241379229,
      "profit_factor": 0.9604769867774742,
      "windows": 10
    },
    {
      "entry_policy": "vwap_low",
      "feature_group": "reversal_fundamental_regime",
      "model_name": "extra_trees_600_d3",
      "target_hit_bps": 80.0,
      "trades": 206,
      "win_rate": 0.6941747572815534,
      "avg_return": -0.0005574851439621672,
      "median_return": 0.008,
      "compound_return": -0.13217703787129564,
      "max_drawdown": -0.2594575510056355,
      "profit_factor": 0.9059429162310211,
      "windows": 10
    },
    {
      "entry_policy": "vwap_low",
      "feature_group": "reversal_fundamental_regime",
      "model_name": "xgb_d3_600_lr002_mcw3",
      "target_hit_bps": 80.0,
      "trades": 176,
      "win_rate": 0.7215909090909091,
      "avg_return": -0.0007816928537840377,
      "median_return": 0.008,
      "compound_return": -0.15223474209881416,
      "max_drawdown": -0.2391388511912762,
      "profit_factor": 0.876961481521636,
      "windows": 10
    },
    {
      "entry_policy": "vwap_low",
      "feature_group": "reversal_fundamental_regime_sector",
      "model_name": "lgbm_leaves7_400",
      "target_hit_bps": 80.0,
      "trades": 234,
      "win_rate": 0.6752136752136753,
      "avg_return": -0.0006080478616339598,
      "median_return": 0.008,
      "compound_return": -0.15532107399917128,
      "max_drawdown": -0.23335769855020372,
      "profit_factor": 0.8939603180584056,
      "windows": 10
    },
    {
      "entry_policy": "vwap_low",
      "feature_group": "reversal_fundamental_regime",
      "model_name": "random_forest_600_d4",
      "target_hit_bps": 80.0,
      "trades": 217,
      "win_rate": 0.7004608294930875,
      "avg_return": -0.0007124334021709035,
      "median_return": 0.008,
      "compound_return": -0.16816515859650394,
      "max_drawdown": -0.24927714875073137,
      "profit_factor": 0.8850050804660589,
      "windows": 10
    },
    {
      "entry_policy": "vwap_low",
      "feature_group": "reversal_fundamental_regime",
      "model_name": "xgb_d4_500_lr002_mcw5",
      "target_hit_bps": 80.0,
      "trades": 171,
      "win_rate": 0.7076023391812866,
      "avg_return": -0.0011513123392402737,
      "median_return": 0.008,
      "compound_return": -0.1991046071110446,
      "max_drawdown": -0.24918031416099962,
      "profit_factor": 0.8283266814174035,
      "windows": 10
    },
    {
      "entry_policy": "vwap_low",
      "feature_group": "reversal_fundamental_regime_sector",
      "model_name": "xgb_d3_600_lr002_mcw3",
      "target_hit_bps": 80.0,
      "trades": 173,
      "win_rate": 0.6878612716763006,
      "avg_return": -0.0012028849190588633,
      "median_return": 0.008,
      "compound_return": -0.2073363530228023,
      "max_drawdown": -0.2502881727163715,
      "profit_factor": 0.8136517037508569,
      "windows": 10
    },
    {
      "entry_policy": "vwap_low",
      "feature_group": "all_no_ak",
      "model_name": "random_forest_600_d4",
      "target_hit_bps": 80.0,
      "trades": 194,
      "win_rate": 0.6597938144329897,
      "avg_return": -0.0010769450665438199,
      "median_return": 0.008,
      "compound_return": -0.20825703428654274,
      "max_drawdown": -0.23478496151596484,
      "profit_factor": 0.8261551062412718,
      "windows": 10
    },
    {
      "entry_policy": "vwap_low",
      "feature_group": "reversal_fundamental_regime_sector",
      "model_name": "extra_trees_600_d3",
      "target_hit_bps": 80.0,
      "trades": 216,
      "win_rate": 0.6898148148148148,
      "avg_return": -0.0009528886356713848,
      "median_return": 0.008,
      "compound_return": -0.20944478483647178,
      "max_drawdown": -0.3293654858856869,
      "profit_factor": 0.849518610842541,
      "windows": 10
    },
    {
      "entry_policy": "vwap_low",
      "feature_group": "reversal_fundamental_regime_sector",
      "model_name": "xgb_d3_400_lr003_mcw3",
      "target_hit_bps": 80.0,
      "trades": 203,
      "win_rate": 0.6748768472906403,
      "avg_return": -0.001094521483492795,
      "median_return": 0.008,
      "compound_return": -0.21958505224445612,
      "max_drawdown": -0.24685592932799094,
      "profit_factor": 0.8234860502384649,
      "windows": 10
    },
    {
      "entry_policy": "vwap_low",
      "feature_group": "reversal_fundamental_regime_sector",
      "model_name": "random_forest_600_d4",
      "target_hit_bps": 80.0,
      "trades": 257,
      "win_rate": 0.6809338521400778,
      "avg_return": -0.0009429924431272709,
      "median_return": 0.008,
      "compound_return": -0.23907804464058324,
      "max_drawdown": -0.3083371222539857,
      "profit_factor": 0.8475130429521068,
      "windows": 10
    },
    {
      "entry_policy": "vwap_low",
      "feature_group": "all_no_ak",
      "model_name": "lgbm_leaves7_400",
      "target_hit_bps": 80.0,
      "trades": 210,
      "win_rate": 0.680952380952381,
      "avg_return": -0.001182088093023979,
      "median_return": 0.008,
      "compound_return": -0.24363064908525145,
      "max_drawdown": -0.31762370755144986,
      "profit_factor": 0.814226632579967,
      "windows": 10
    },
    {
      "entry_policy": "vwap_low",
      "feature_group": "reversal_fundamental_regime",
      "model_name": "lgbm_leaves7_400",
      "target_hit_bps": 80.0,
      "trades": 212,
      "win_rate": 0.6981132075471698,
      "avg_return": -0.0012445940270062236,
      "median_return": 0.008,
      "compound_return": -0.2566566705033271,
      "max_drawdown": -0.31715431578920916,
      "profit_factor": 0.8107279257449882,
      "windows": 10
    },
    {
      "entry_policy": "vwap_low",
      "feature_group": "all_no_ak",
      "model_name": "extra_trees_600_d3",
      "target_hit_bps": 80.0,
      "trades": 204,
      "win_rate": 0.6519607843137255,
      "avg_return": -0.0015312483129820366,
      "median_return": 0.008,
      "compound_return": -0.29014844305624377,
      "max_drawdown": -0.33776918195249817,
      "profit_factor": 0.76798169758791,
      "windows": 10
    },
    {
      "entry_policy": "vwap_low",
      "feature_group": "reversal_fundamental_regime_sector",
      "model_name": "xgb_d2_200_lr003_mcw5",
      "target_hit_bps": 80.0,
      "trades": 225,
      "win_rate": 0.6444444444444445,
      "avg_return": -0.0016520558867232518,
      "median_return": 0.008,
      "compound_return": -0.33023279317462206,
      "max_drawdown": -0.38106543217347777,
      "profit_factor": 0.750573229623385,
      "windows": 10
    },
    {
      "entry_policy": "vwap_low",
      "feature_group": "all_no_ak",
      "model_name": "xgb_d2_200_lr003_mcw5",
      "target_hit_bps": 80.0,
      "trades": 234,
      "win_rate": 0.6752136752136753,
      "avg_return": -0.0015710432594693686,
      "median_return": 0.008,
      "compound_return": -0.3318570365013007,
      "max_drawdown": -0.38368620128494624,
      "profit_factor": 0.7697425963368769,
      "windows": 10
    },
    {
      "entry_policy": "vwap_low",
      "feature_group": "all_no_ak",
      "model_name": "xgb_d3_400_lr003_mcw3",
      "target_hit_bps": 80.0,
      "trades": 209,
      "win_rate": 0.6507177033492823,
      "avg_return": -0.0018551282545966985,
      "median_return": 0.008,
      "compound_return": -0.3429223276683435,
      "max_drawdown": -0.36634686786764104,
      "profit_factor": 0.7296813265054148,
      "windows": 10
    }
  ]
}

[2026-05-11T00:30:33] RUN search_vwap_low_close_profit_50bps
  /usr/bin/python3 model_training/search_walk_forward_model_complexity.py --samples /root/workspace/stock_realtime_v021_full/saved_data/601899_pipeline_out/04_external/zijin_external/training_samples_with_zijin_external.csv --intraday-bars /root/workspace/stock_realtime_v021_full/saved_data/601899_pipeline_out/00_base/601899_5m.csv --out-dir /root/workspace/stock_realtime_v021_full/saved_data/601899_pipeline_out/10_search/search_vwap_low_close_profit_50bps --round-trip-cost-bps 1.7 --target-hit-bps 50.0 --label-mode close_profit --entry-policy vwap_low --entry-vwap-premium-bps 50.0 --max-missing 0.35 --groups reversal_fundamental_regime,reversal_fundamental_regime_sector,all_no_ak --models xgb_d2_200_lr003_mcw5,xgb_d3_400_lr003_mcw3,xgb_d3_600_lr002_mcw3,xgb_d4_500_lr002_mcw5,lgbm_leaves7_400,lgbm_leaves15_700,extra_trees_600_d3,random_forest_600_d4 --quantiles 0.5,0.6,0.7,0.8 --train-rows 756 --valid-rows 126 --test-rows 63 --min-valid-trades 8 --min-train-entries 80
{
  "rows": 1534,
  "target_hit_bps": 50.0,
  "label_mode": "close_profit",
  "entry_policy": "vwap_low",
  "entry_vwap_premium_bps": 50.0,
  "groups": {
    "reversal_fundamental_regime": 137,
    "reversal_fundamental_regime_sector": 160,
    "all_no_ak": 428
  },
  "models": [
    "xgb_d2_200_lr003_mcw5",
    "xgb_d3_400_lr003_mcw3",
    "xgb_d3_600_lr002_mcw3",
    "xgb_d4_500_lr002_mcw5",
    "extra_trees_600_d3",
    "random_forest_600_d4",
    "lgbm_leaves7_400",
    "lgbm_leaves15_700"
  ],
  "top": [
    {
      "entry_policy": "vwap_low",
      "feature_group": "reversal_fundamental_regime_sector",
      "model_name": "extra_trees_600_d3",
      "target_hit_bps": 50.0,
      "trades": 162,
      "win_rate": 0.6234567901234568,
      "avg_return": 0.00417388696162682,
      "median_return": 0.004130252101949509,
      "compound_return": 0.9167694703188498,
      "max_drawdown": -0.0812130139323396,
      "profit_factor": 1.8844722973713781,
      "windows": 10
    },
    {
      "entry_policy": "vwap_low",
      "feature_group": "reversal_fundamental_regime_sector",
      "model_name": "xgb_d3_400_lr003_mcw3",
      "target_hit_bps": 50.0,
      "trades": 146,
      "win_rate": 0.6301369863013698,
      "avg_return": 0.0036744675601181704,
      "median_return": 0.00476220332111155,
      "compound_return": 0.6699534881288536,
      "max_drawdown": -0.10880494729109935,
      "profit_factor": 1.7176476306848227,
      "windows": 10
    },
    {
      "entry_policy": "vwap_low",
      "feature_group": "reversal_fundamental_regime",
      "model_name": "extra_trees_600_d3",
      "target_hit_bps": 50.0,
      "trades": 206,
      "win_rate": 0.587378640776699,
      "avg_return": 0.0025626352314224343,
      "median_return": 0.0032518919156158156,
      "compound_return": 0.6216619001597659,
      "max_drawdown": -0.14100784737379946,
      "profit_factor": 1.3877580003664107,
      "windows": 10
    },
    {
      "entry_policy": "vwap_low",
      "feature_group": "reversal_fundamental_regime",
      "model_name": "random_forest_600_d4",
      "target_hit_bps": 50.0,
      "trades": 132,
      "win_rate": 0.5909090909090909,
      "avg_return": 0.003736467561001762,
      "median_return": 0.004838352479096367,
      "compound_return": 0.588222136199333,
      "max_drawdown": -0.13242328135340553,
      "profit_factor": 1.5918703728322066,
      "windows": 10
    },
    {
      "entry_policy": "vwap_low",
      "feature_group": "reversal_fundamental_regime_sector",
      "model_name": "lgbm_leaves7_400",
      "target_hit_bps": 50.0,
      "trades": 203,
      "win_rate": 0.5960591133004927,
      "avg_return": 0.0024507223231942546,
      "median_return": 0.004752067268252617,
      "compound_return": 0.5719006003670952,
      "max_drawdown": -0.15865204795849508,
      "profit_factor": 1.3558615695134724,
      "windows": 10
    },
    {
      "entry_policy": "vwap_low",
      "feature_group": "reversal_fundamental_regime_sector",
      "model_name": "xgb_d3_600_lr002_mcw3",
      "target_hit_bps": 50.0,
      "trades": 199,
      "win_rate": 0.5678391959798995,
      "avg_return": 0.0020389228912812475,
      "median_return": 0.001527792869270076,
      "compound_return": 0.4536705098735758,
      "max_drawdown": -0.11998771879206471,
      "profit_factor": 1.3457919172604162,
      "windows": 10
    },
    {
      "entry_policy": "vwap_low",
      "feature_group": "reversal_fundamental_regime",
      "model_name": "xgb_d3_400_lr003_mcw3",
      "target_hit_bps": 50.0,
      "trades": 216,
      "win_rate": 0.5833333333333334,
      "avg_return": 0.0019586292522165817,
      "median_return": 0.0035623787323787494,
      "compound_return": 0.44366223810812144,
      "max_drawdown": -0.19577641562810244,
      "profit_factor": 1.259417722205785,
      "windows": 10
    },
    {
      "entry_policy": "vwap_low",
      "feature_group": "reversal_fundamental_regime",
      "model_name": "xgb_d4_500_lr002_mcw5",
      "target_hit_bps": 50.0,
      "trades": 207,
      "win_rate": 0.5893719806763285,
      "avg_return": 0.0019494636824446817,
      "median_return": 0.0033265034965035446,
      "compound_return": 0.43438566137938883,
      "max_drawdown": -0.1501609681478574,
      "profit_factor": 1.2882900495515623,
      "windows": 10
    },
    {
      "entry_policy": "vwap_low",
      "feature_group": "all_no_ak",
      "model_name": "extra_trees_600_d3",
      "target_hit_bps": 50.0,
      "trades": 79,
      "win_rate": 0.6075949367088608,
      "avg_return": 0.004714073701584692,
      "median_return": 0.004776996466431042,
      "compound_return": 0.4233095762711012,
      "max_drawdown": -0.08092873425684788,
      "profit_factor": 1.7459362931722853,
      "windows": 10
    },
    {
      "entry_policy": "vwap_low",
      "feature_group": "reversal_fundamental_regime_sector",
      "model_name": "xgb_d2_200_lr003_mcw5",
      "target_hit_bps": 50.0,
      "trades": 179,
      "win_rate": 0.5754189944134078,
      "avg_return": 0.0021191681943535557,
      "median_return": 0.002845681544028981,
      "compound_return": 0.41483595366549264,
      "max_drawdown": -0.10382789445656138,
      "profit_factor": 1.3366558858004174,
      "windows": 10
    },
    {
      "entry_policy": "vwap_low",
      "feature_group": "reversal_fundamental_regime_sector",
      "model_name": "lgbm_leaves15_700",
      "target_hit_bps": 50.0,
      "trades": 196,
      "win_rate": 0.5918367346938775,
      "avg_return": 0.0018157902701975601,
      "median_return": 0.0032518919156158156,
      "compound_return": 0.37235468187753673,
      "max_drawdown": -0.2096563232312727,
      "profit_factor": 1.2757189175169719,
      "windows": 10
    },
    {
      "entry_policy": "vwap_low",
      "feature_group": "reversal_fundamental_regime",
      "model_name": "xgb_d3_600_lr002_mcw3",
      "target_hit_bps": 50.0,
      "trades": 182,
      "win_rate": 0.5989010989010989,
      "avg_return": 0.0018231167213744097,
      "median_return": 0.004712732051950001,
      "compound_return": 0.3385837405835972,
      "max_drawdown": -0.2020067458239132,
      "profit_factor": 1.2555770797932324,
      "windows": 10
    },
    {
      "entry_policy": "vwap_low",
      "feature_group": "reversal_fundamental_regime",
      "model_name": "xgb_d2_200_lr003_mcw5",
      "target_hit_bps": 50.0,
      "trades": 203,
      "win_rate": 0.5566502463054187,
      "avg_return": 0.0015609719255412105,
      "median_return": 0.0030433676092545027,
      "compound_return": 0.31023618108917184,
      "max_drawdown": -0.15835066463197167,
      "profit_factor": 1.2071071852488626,
      "windows": 10
    },
    {
      "entry_policy": "vwap_low",
      "feature_group": "reversal_fundamental_regime",
      "model_name": "lgbm_leaves7_400",
      "target_hit_bps": 50.0,
      "trades": 163,
      "win_rate": 0.5950920245398773,
      "avg_return": 0.0017104326158281866,
      "median_return": 0.00440200914401823,
      "compound_return": 0.27018029994058224,
      "max_drawdown": -0.18583876115503528,
      "profit_factor": 1.233089056545111,
      "windows": 10
    },
    {
      "entry_policy": "vwap_low",
      "feature_group": "reversal_fundamental_regime_sector",
      "model_name": "random_forest_600_d4",
      "target_hit_bps": 50.0,
      "trades": 135,
      "win_rate": 0.5259259259259259,
      "avg_return": 0.0019172137164076162,
      "median_return": 0.0009927906976743318,
      "compound_return": 0.2664423991381333,
      "max_drawdown": -0.13159407078626606,
      "profit_factor": 1.3083160609784532,
      "windows": 10
    },
    {
      "entry_policy": "vwap_low",
      "feature_group": "all_no_ak",
      "model_name": "xgb_d4_500_lr002_mcw5",
      "target_hit_bps": 50.0,
      "trades": 126,
      "win_rate": 0.5317460317460317,
      "avg_return": 0.0020668179520416117,
      "median_return": 0.0014828327546256882,
      "compound_return": 0.2571372336998643,
      "max_drawdown": -0.15441489060848845,
      "profit_factor": 1.2943724991379313,
      "windows": 10
    },
    {
      "entry_policy": "vwap_low",
      "feature_group": "all_no_ak",
      "model_name": "xgb_d3_600_lr002_mcw3",
      "target_hit_bps": 50.0,
      "trades": 136,
      "win_rate": 0.5294117647058824,
      "avg_return": 0.0018949429571553697,
      "median_return": 0.0015163418396908525,
      "compound_return": 0.24621582995921232,
      "max_drawdown": -0.15535622188701326,
      "profit_factor": 1.2505947560340898,
      "windows": 10
    },
    {
      "entry_policy": "vwap_low",
      "feature_group": "all_no_ak",
      "model_name": "xgb_d2_200_lr003_mcw5",
      "target_hit_bps": 50.0,
      "trades": 149,
      "win_rate": 0.5436241610738255,
      "avg_return": 0.0017191575289578363,
      "median_return": 0.0033265034965035446,
      "compound_return": 0.23494245694259952,
      "max_drawdown": -0.19364167197913074,
      "profit_factor": 1.2076434438508203,
      "windows": 10
    },
    {
      "entry_policy": "vwap_low",
      "feature_group": "all_no_ak",
      "model_name": "xgb_d3_400_lr003_mcw3",
      "target_hit_bps": 50.0,
      "trades": 158,
      "win_rate": 0.5443037974683544,
      "avg_return": 0.0015438359478267241,
      "median_return": 0.0027126272737043634,
      "compound_return": 0.21115828645350776,
      "max_drawdown": -0.20820870756510745,
      "profit_factor": 1.1761367389132802,
      "windows": 10
    },
    {
      "entry_policy": "vwap_low",
      "feature_group": "reversal_fundamental_regime_sector",
      "model_name": "xgb_d4_500_lr002_mcw5",
      "target_hit_bps": 50.0,
      "trades": 203,
      "win_rate": 0.5467980295566502,
      "avg_return": 0.0010631301235976534,
      "median_return": 0.0010815644555695093,
      "compound_return": 0.19449035978640494,
      "max_drawdown": -0.18143780992189262,
      "profit_factor": 1.1531136492449954,
      "windows": 10
    }
  ]
}

[2026-05-11T00:42:58] RUN search_all_days_hit_50bps
  /usr/bin/python3 model_training/search_walk_forward_model_complexity.py --samples /root/workspace/stock_realtime_v021_full/saved_data/601899_pipeline_out/04_external/zijin_external/training_samples_with_zijin_external.csv --intraday-bars /root/workspace/stock_realtime_v021_full/saved_data/601899_pipeline_out/00_base/601899_5m.csv --out-dir /root/workspace/stock_realtime_v021_full/saved_data/601899_pipeline_out/10_search/search_all_days_hit_50bps --round-trip-cost-bps 1.7 --target-hit-bps 50.0 --label-mode hit --entry-policy all_days --entry-vwap-premium-bps 50.0 --max-missing 0.35 --groups reversal_fundamental_regime,reversal_fundamental_regime_sector,all_no_ak --models xgb_d2_200_lr003_mcw5,xgb_d3_400_lr003_mcw3,xgb_d3_600_lr002_mcw3,xgb_d4_500_lr002_mcw5,lgbm_leaves7_400,lgbm_leaves15_700,extra_trees_600_d3,random_forest_600_d4 --quantiles 0.5,0.6,0.7,0.8 --train-rows 756 --valid-rows 126 --test-rows 63 --min-valid-trades 8 --min-train-entries 80
{
  "rows": 1534,
  "target_hit_bps": 50.0,
  "label_mode": "hit",
  "entry_policy": "all_days",
  "entry_vwap_premium_bps": 50.0,
  "groups": {
    "reversal_fundamental_regime": 137,
    "reversal_fundamental_regime_sector": 160,
    "all_no_ak": 428
  },
  "models": [
    "xgb_d2_200_lr003_mcw5",
    "xgb_d3_400_lr003_mcw3",
    "xgb_d3_600_lr002_mcw3",
    "xgb_d4_500_lr002_mcw5",
    "extra_trees_600_d3",
    "random_forest_600_d4",
    "lgbm_leaves7_400",
    "lgbm_leaves15_700"
  ],
  "top": [
    {
      "entry_policy": "all_days",
      "feature_group": "reversal_fundamental_regime",
      "model_name": "xgb_d4_500_lr002_mcw5",
      "target_hit_bps": 50.0,
      "trades": 180,
      "win_rate": 0.7777777777777778,
      "avg_return": -0.0005833791162013102,
      "median_return": 0.005,
      "compound_return": -0.11208370584677818,
      "max_drawdown": -0.2073701828192307,
      "profit_factor": 0.8668785519553611,
      "windows": 10
    },
    {
      "entry_policy": "all_days",
      "feature_group": "all_no_ak",
      "model_name": "xgb_d2_200_lr003_mcw5",
      "target_hit_bps": 50.0,
      "trades": 218,
      "win_rate": 0.7752293577981652,
      "avg_return": -0.0006445161530557944,
      "median_return": 0.005,
      "compound_return": -0.14548083786252308,
      "max_drawdown": -0.19527285743207456,
      "profit_factor": 0.8554409628996734,
      "windows": 10
    },
    {
      "entry_policy": "all_days",
      "feature_group": "reversal_fundamental_regime_sector",
      "model_name": "random_forest_600_d4",
      "target_hit_bps": 50.0,
      "trades": 153,
      "win_rate": 0.7777777777777778,
      "avg_return": -0.0010070524137174397,
      "median_return": 0.005,
      "compound_return": -0.15770370848978588,
      "max_drawdown": -0.22032243209723246,
      "profit_factor": 0.7929417567194218,
      "windows": 10
    },
    {
      "entry_policy": "all_days",
      "feature_group": "reversal_fundamental_regime_sector",
      "model_name": "xgb_d4_500_lr002_mcw5",
      "target_hit_bps": 50.0,
      "trades": 180,
      "win_rate": 0.7444444444444445,
      "avg_return": -0.0009749581269370411,
      "median_return": 0.005,
      "compound_return": -0.17217271852926608,
      "max_drawdown": -0.1893200604829337,
      "profit_factor": 0.7894122482034371,
      "windows": 10
    },
    {
      "entry_policy": "all_days",
      "feature_group": "reversal_fundamental_regime_sector",
      "model_name": "xgb_d3_600_lr002_mcw3",
      "target_hit_bps": 50.0,
      "trades": 210,
      "win_rate": 0.7666666666666667,
      "avg_return": -0.0008368421648812328,
      "median_return": 0.005,
      "compound_return": -0.17465123995590492,
      "max_drawdown": -0.19995838638032948,
      "profit_factor": 0.818564323797557,
      "windows": 10
    },
    {
      "entry_policy": "all_days",
      "feature_group": "reversal_fundamental_regime",
      "model_name": "xgb_d3_400_lr003_mcw3",
      "target_hit_bps": 50.0,
      "trades": 178,
      "win_rate": 0.7752808988764045,
      "avg_return": -0.0010741399919111559,
      "median_return": 0.005,
      "compound_return": -0.1885348359831971,
      "max_drawdown": -0.25545148531588147,
      "profit_factor": 0.7808793077023531,
      "windows": 10
    },
    {
      "entry_policy": "all_days",
      "feature_group": "all_no_ak",
      "model_name": "lgbm_leaves7_400",
      "target_hit_bps": 50.0,
      "trades": 192,
      "win_rate": 0.7604166666666666,
      "avg_return": -0.001155176303775328,
      "median_return": 0.005,
      "compound_return": -0.2138302062263967,
      "max_drawdown": -0.26444523258240915,
      "profit_factor": 0.7640872786640593,
      "windows": 10
    },
    {
      "entry_policy": "all_days",
      "feature_group": "reversal_fundamental_regime_sector",
      "model_name": "xgb_d3_400_lr003_mcw3",
      "target_hit_bps": 50.0,
      "trades": 186,
      "win_rate": 0.7580645161290323,
      "avg_return": -0.0013364508816047765,
      "median_return": 0.005,
      "compound_return": -0.23306570459192832,
      "max_drawdown": -0.28065790569391114,
      "profit_factor": 0.7369506058292568,
      "windows": 10
    },
    {
      "entry_policy": "all_days",
      "feature_group": "reversal_fundamental_regime",
      "model_name": "lgbm_leaves15_700",
      "target_hit_bps": 50.0,
      "trades": 180,
      "win_rate": 0.7722222222222223,
      "avg_return": -0.0014242445149414066,
      "median_return": 0.005,
      "compound_return": -0.24079932589672803,
      "max_drawdown": -0.26759654142514255,
      "profit_factor": 0.7282129214395086,
      "windows": 10
    },
    {
      "entry_policy": "all_days",
      "feature_group": "all_no_ak",
      "model_name": "xgb_d4_500_lr002_mcw5",
      "target_hit_bps": 50.0,
      "trades": 227,
      "win_rate": 0.7400881057268722,
      "avg_return": -0.0012130926039474932,
      "median_return": 0.005,
      "compound_return": -0.25435614517588956,
      "max_drawdown": -0.2856489535266238,
      "profit_factor": 0.7492852298161763,
      "windows": 10
    },
    {
      "entry_policy": "all_days",
      "feature_group": "reversal_fundamental_regime_sector",
      "model_name": "xgb_d2_200_lr003_mcw5",
      "target_hit_bps": 50.0,
      "trades": 218,
      "win_rate": 0.7477064220183486,
      "avg_return": -0.001283225315863148,
      "median_return": 0.005,
      "compound_return": -0.2597875070405814,
      "max_drawdown": -0.2701498516395615,
      "profit_factor": 0.7422308324589016,
      "windows": 10
    },
    {
      "entry_policy": "all_days",
      "feature_group": "reversal_fundamental_regime",
      "model_name": "lgbm_leaves7_400",
      "target_hit_bps": 50.0,
      "trades": 192,
      "win_rate": 0.765625,
      "avg_return": -0.0015681595707056344,
      "median_return": 0.005,
      "compound_return": -0.27536519618116495,
      "max_drawdown": -0.3217804440534533,
      "profit_factor": 0.7053908498468928,
      "windows": 10
    },
    {
      "entry_policy": "all_days",
      "feature_group": "reversal_fundamental_regime_sector",
      "model_name": "lgbm_leaves15_700",
      "target_hit_bps": 50.0,
      "trades": 190,
      "win_rate": 0.7421052631578947,
      "avg_return": -0.0017140566580823935,
      "median_return": 0.005,
      "compound_return": -0.29045664033237095,
      "max_drawdown": -0.3062592531228743,
      "profit_factor": 0.6810820889924187,
      "windows": 10
    },
    {
      "entry_policy": "all_days",
      "feature_group": "all_no_ak",
      "model_name": "lgbm_leaves15_700",
      "target_hit_bps": 50.0,
      "trades": 205,
      "win_rate": 0.7365853658536585,
      "avg_return": -0.0016791854337815328,
      "median_return": 0.005,
      "compound_return": -0.3061094077492713,
      "max_drawdown": -0.33039739990076333,
      "profit_factor": 0.6830867154256319,
      "windows": 10
    },
    {
      "entry_policy": "all_days",
      "feature_group": "reversal_fundamental_regime",
      "model_name": "xgb_d2_200_lr003_mcw5",
      "target_hit_bps": 50.0,
      "trades": 197,
      "win_rate": 0.7411167512690355,
      "avg_return": -0.0017924503885144306,
      "median_return": 0.005,
      "compound_return": -0.31200060248292383,
      "max_drawdown": -0.38563169558361254,
      "profit_factor": 0.6726077150358026,
      "windows": 10
    },
    {
      "entry_policy": "all_days",
      "feature_group": "all_no_ak",
      "model_name": "xgb_d3_600_lr002_mcw3",
      "target_hit_bps": 50.0,
      "trades": 182,
      "win_rate": 0.7197802197802198,
      "avg_return": -0.002018444749817782,
      "median_return": 0.005,
      "compound_return": -0.31933168563362657,
      "max_drawdown": -0.35172660851826676,
      "profit_factor": 0.6374880973299805,
      "windows": 10
    },
    {
      "entry_policy": "all_days",
      "feature_group": "reversal_fundamental_regime",
      "model_name": "random_forest_600_d4",
      "target_hit_bps": 50.0,
      "trades": 219,
      "win_rate": 0.7625570776255708,
      "avg_return": -0.0017804453660246978,
      "median_return": 0.005,
      "compound_return": -0.3401097388735562,
      "max_drawdown": -0.3854346383587902,
      "profit_factor": 0.6770337288833442,
      "windows": 10
    },
    {
      "entry_policy": "all_days",
      "feature_group": "reversal_fundamental_regime",
      "model_name": "xgb_d3_600_lr002_mcw3",
      "target_hit_bps": 50.0,
      "trades": 157,
      "win_rate": 0.732484076433121,
      "avg_return": -0.0028091428840179883,
      "median_return": 0.005,
      "compound_return": -0.37017484872602135,
      "max_drawdown": -0.40721764766527535,
      "profit_factor": 0.5602187093372542,
      "windows": 10
    },
    {
      "entry_policy": "all_days",
      "feature_group": "all_no_ak",
      "model_name": "xgb_d3_400_lr003_mcw3",
      "target_hit_bps": 50.0,
      "trades": 186,
      "win_rate": 0.7150537634408602,
      "avg_return": -0.0024042638738953244,
      "median_return": 0.005,
      "compound_return": -0.37399842479440026,
      "max_drawdown": -0.3850065369657246,
      "profit_factor": 0.5946131354151748,
      "windows": 10
    },
    {
      "entry_policy": "all_days",
      "feature_group": "reversal_fundamental_regime_sector",
      "model_name": "lgbm_leaves7_400",
      "target_hit_bps": 50.0,
      "trades": 226,
      "win_rate": 0.7345132743362832,
      "avg_return": -0.002065593491326855,
      "median_return": 0.005,
      "compound_return": -0.38898693658504435,
      "max_drawdown": -0.3950515448479436,
      "profit_factor": 0.6347716169124324,
      "windows": 10
    }
  ]
}

[2026-05-11T00:54:59] RUN search_all_days_hit_80bps
  /usr/bin/python3 model_training/search_walk_forward_model_complexity.py --samples /root/workspace/stock_realtime_v021_full/saved_data/601899_pipeline_out/04_external/zijin_external/training_samples_with_zijin_external.csv --intraday-bars /root/workspace/stock_realtime_v021_full/saved_data/601899_pipeline_out/00_base/601899_5m.csv --out-dir /root/workspace/stock_realtime_v021_full/saved_data/601899_pipeline_out/10_search/search_all_days_hit_80bps --round-trip-cost-bps 1.7 --target-hit-bps 80.0 --label-mode hit --entry-policy all_days --entry-vwap-premium-bps 50.0 --max-missing 0.35 --groups reversal_fundamental_regime,reversal_fundamental_regime_sector,all_no_ak --models xgb_d2_200_lr003_mcw5,xgb_d3_400_lr003_mcw3,xgb_d3_600_lr002_mcw3,xgb_d4_500_lr002_mcw5,lgbm_leaves7_400,lgbm_leaves15_700,extra_trees_600_d3,random_forest_600_d4 --quantiles 0.5,0.6,0.7,0.8 --train-rows 756 --valid-rows 126 --test-rows 63 --min-valid-trades 8 --min-train-entries 80
{
  "rows": 1534,
  "target_hit_bps": 80.0,
  "label_mode": "hit",
  "entry_policy": "all_days",
  "entry_vwap_premium_bps": 50.0,
  "groups": {
    "reversal_fundamental_regime": 137,
    "reversal_fundamental_regime_sector": 160,
    "all_no_ak": 428
  },
  "models": [
    "xgb_d2_200_lr003_mcw5",
    "xgb_d3_400_lr003_mcw3",
    "xgb_d3_600_lr002_mcw3",
    "xgb_d4_500_lr002_mcw5",
    "extra_trees_600_d3",
    "random_forest_600_d4",
    "lgbm_leaves7_400",
    "lgbm_leaves15_700"
  ],
  "top": [
    {
      "entry_policy": "all_days",
      "feature_group": "reversal_fundamental_regime_sector",
      "model_name": "lgbm_leaves15_700",
      "target_hit_bps": 80.0,
      "trades": 231,
      "win_rate": 0.7229437229437229,
      "avg_return": 0.00046708544520740025,
      "median_return": 0.008,
      "compound_return": 0.08900306442271666,
      "max_drawdown": -0.10327628731648508,
      "profit_factor": 1.092376696745644,
      "windows": 10
    },
    {
      "entry_policy": "all_days",
      "feature_group": "reversal_fundamental_regime",
      "model_name": "lgbm_leaves15_700",
      "target_hit_bps": 80.0,
      "trades": 185,
      "win_rate": 0.7513513513513513,
      "avg_return": 0.0003046707836982144,
      "median_return": 0.008,
      "compound_return": 0.031797180409542714,
      "max_drawdown": -0.16897248463510306,
      "profit_factor": 1.0559621257332612,
      "windows": 10
    },
    {
      "entry_policy": "all_days",
      "feature_group": "reversal_fundamental_regime_sector",
      "model_name": "xgb_d4_500_lr002_mcw5",
      "target_hit_bps": 80.0,
      "trades": 249,
      "win_rate": 0.7108433734939759,
      "avg_return": -4.0490476073912226e-05,
      "median_return": 0.008,
      "compound_return": -0.03538440033943924,
      "max_drawdown": -0.218961241379229,
      "profit_factor": 0.992643263306681,
      "windows": 10
    },
    {
      "entry_policy": "all_days",
      "feature_group": "reversal_fundamental_regime",
      "model_name": "xgb_d3_400_lr003_mcw3",
      "target_hit_bps": 80.0,
      "trades": 185,
      "win_rate": 0.7405405405405405,
      "avg_return": -0.00013819844950375485,
      "median_return": 0.008,
      "compound_return": -0.052034955172014286,
      "max_drawdown": -0.1750867931874105,
      "profit_factor": 0.9767304249173223,
      "windows": 10
    },
    {
      "entry_policy": "all_days",
      "feature_group": "reversal_fundamental_regime",
      "model_name": "xgb_d3_600_lr002_mcw3",
      "target_hit_bps": 80.0,
      "trades": 186,
      "win_rate": 0.7365591397849462,
      "avg_return": -0.0003095588293870462,
      "median_return": 0.008,
      "compound_return": -0.081919134565418,
      "max_drawdown": -0.23305196200080636,
      "profit_factor": 0.9485069728711043,
      "windows": 10
    },
    {
      "entry_policy": "all_days",
      "feature_group": "reversal_fundamental_regime",
      "model_name": "xgb_d4_500_lr002_mcw5",
      "target_hit_bps": 80.0,
      "trades": 169,
      "win_rate": 0.7159763313609467,
      "avg_return": -0.0006591626791737337,
      "median_return": 0.008,
      "compound_return": -0.1244048213184813,
      "max_drawdown": -0.20429150814067354,
      "profit_factor": 0.8950378758700295,
      "windows": 10
    },
    {
      "entry_policy": "all_days",
      "feature_group": "reversal_fundamental_regime_sector",
      "model_name": "xgb_d3_400_lr003_mcw3",
      "target_hit_bps": 80.0,
      "trades": 208,
      "win_rate": 0.6923076923076923,
      "avg_return": -0.0006310563037295008,
      "median_return": 0.008,
      "compound_return": -0.14515096051697252,
      "max_drawdown": -0.20786751290575156,
      "profit_factor": 0.8927465235421285,
      "windows": 10
    },
    {
      "entry_policy": "all_days",
      "feature_group": "reversal_fundamental_regime_sector",
      "model_name": "lgbm_leaves7_400",
      "target_hit_bps": 80.0,
      "trades": 238,
      "win_rate": 0.6764705882352942,
      "avg_return": -0.0006402467628992636,
      "median_return": 0.008,
      "compound_return": -0.16474234066766769,
      "max_drawdown": -0.23335769855020372,
      "profit_factor": 0.8898587366069309,
      "windows": 10
    },
    {
      "entry_policy": "all_days",
      "feature_group": "reversal_fundamental_regime_sector",
      "model_name": "xgb_d3_600_lr002_mcw3",
      "target_hit_bps": 80.0,
      "trades": 188,
      "win_rate": 0.6968085106382979,
      "avg_return": -0.0008894017188266779,
      "median_return": 0.008,
      "compound_return": -0.17501601446066628,
      "max_drawdown": -0.2320554279416588,
      "profit_factor": 0.8573107215497001,
      "windows": 10
    },
    {
      "entry_policy": "all_days",
      "feature_group": "reversal_fundamental_regime",
      "model_name": "extra_trees_600_d3",
      "target_hit_bps": 80.0,
      "trades": 239,
      "win_rate": 0.702928870292887,
      "avg_return": -0.0008015863154096561,
      "median_return": 0.008,
      "compound_return": -0.2021267336553242,
      "max_drawdown": -0.3050459215744844,
      "profit_factor": 0.8720860216868542,
      "windows": 10
    },
    {
      "entry_policy": "all_days",
      "feature_group": "all_no_ak",
      "model_name": "random_forest_600_d4",
      "target_hit_bps": 80.0,
      "trades": 193,
      "win_rate": 0.6632124352331606,
      "avg_return": -0.0012917628407067006,
      "median_return": 0.008,
      "compound_return": -0.24177381096985096,
      "max_drawdown": -0.24944994680918797,
      "profit_factor": 0.8005171841183231,
      "windows": 10
    },
    {
      "entry_policy": "all_days",
      "feature_group": "reversal_fundamental_regime",
      "model_name": "random_forest_600_d4",
      "target_hit_bps": 80.0,
      "trades": 235,
      "win_rate": 0.7021276595744681,
      "avg_return": -0.0010628515743012303,
      "median_return": 0.008,
      "compound_return": -0.2480740477256821,
      "max_drawdown": -0.3113863272234634,
      "profit_factor": 0.8381859177673497,
      "windows": 10
    },
    {
      "entry_policy": "all_days",
      "feature_group": "reversal_fundamental_regime_sector",
      "model_name": "xgb_d2_200_lr003_mcw5",
      "target_hit_bps": 80.0,
      "trades": 239,
      "win_rate": 0.6610878661087866,
      "avg_return": -0.0010997778979958534,
      "median_return": 0.008,
      "compound_return": -0.2533804886818648,
      "max_drawdown": -0.2989624861761484,
      "profit_factor": 0.8230465757951788,
      "windows": 10
    },
    {
      "entry_policy": "all_days",
      "feature_group": "all_no_ak",
      "model_name": "lgbm_leaves7_400",
      "target_hit_bps": 80.0,
      "trades": 220,
      "win_rate": 0.6818181818181818,
      "avg_return": -0.0013484066643304974,
      "median_return": 0.008,
      "compound_return": -0.2804647821479155,
      "max_drawdown": -0.3307384028877707,
      "profit_factor": 0.7940870463266312,
      "windows": 10
    },
    {
      "entry_policy": "all_days",
      "feature_group": "reversal_fundamental_regime",
      "model_name": "lgbm_leaves7_400",
      "target_hit_bps": 80.0,
      "trades": 237,
      "win_rate": 0.70042194092827,
      "avg_return": -0.0013147449319468355,
      "median_return": 0.008,
      "compound_return": -0.2941533121870914,
      "max_drawdown": -0.351599260581401,
      "profit_factor": 0.8035078667666601,
      "windows": 10
    },
    {
      "entry_policy": "all_days",
      "feature_group": "all_no_ak",
      "model_name": "extra_trees_600_d3",
      "target_hit_bps": 80.0,
      "trades": 215,
      "win_rate": 0.6604651162790698,
      "avg_return": -0.001582783385364327,
      "median_return": 0.008,
      "compound_return": -0.3122046875397473,
      "max_drawdown": -0.3583457724867971,
      "profit_factor": 0.7647045358631678,
      "windows": 10
    },
    {
      "entry_policy": "all_days",
      "feature_group": "all_no_ak",
      "model_name": "xgb_d3_400_lr003_mcw3",
      "target_hit_bps": 80.0,
      "trades": 233,
      "win_rate": 0.6695278969957081,
      "avg_return": -0.0016385156080027548,
      "median_return": 0.008,
      "compound_return": -0.342171061160078,
      "max_drawdown": -0.3656223836916085,
      "profit_factor": 0.7596434928684794,
      "windows": 10
    },
    {
      "entry_policy": "all_days",
      "feature_group": "all_no_ak",
      "model_name": "xgb_d4_500_lr002_mcw5",
      "target_hit_bps": 80.0,
      "trades": 214,
      "win_rate": 0.6542056074766355,
      "avg_return": -0.0018708271849441982,
      "median_return": 0.008,
      "compound_return": -0.3502805323104433,
      "max_drawdown": -0.4118646097417066,
      "profit_factor": 0.7293290475998591,
      "windows": 10
    },
    {
      "entry_policy": "all_days",
      "feature_group": "all_no_ak",
      "model_name": "xgb_d2_200_lr003_mcw5",
      "target_hit_bps": 80.0,
      "trades": 261,
      "win_rate": 0.6819923371647509,
      "avg_return": -0.001536698804652158,
      "median_return": 0.008,
      "compound_return": -0.3570306606245619,
      "max_drawdown": -0.40972996388832006,
      "profit_factor": 0.775938018572828,
      "windows": 10
    },
    {
      "entry_policy": "all_days",
      "feature_group": "reversal_fundamental_regime_sector",
      "model_name": "extra_trees_600_d3",
      "target_hit_bps": 80.0,
      "trades": 246,
      "win_rate": 0.6829268292682927,
      "avg_return": -0.0016821940530887083,
      "median_return": 0.008,
      "compound_return": -0.36335117339036926,
      "max_drawdown": -0.4297222537758151,
      "profit_factor": 0.7594307615864517,
      "windows": 10
    }
  ]
}

[2026-05-11T01:07:12] RUN search_all_days_close_profit_50bps
  /usr/bin/python3 model_training/search_walk_forward_model_complexity.py --samples /root/workspace/stock_realtime_v021_full/saved_data/601899_pipeline_out/04_external/zijin_external/training_samples_with_zijin_external.csv --intraday-bars /root/workspace/stock_realtime_v021_full/saved_data/601899_pipeline_out/00_base/601899_5m.csv --out-dir /root/workspace/stock_realtime_v021_full/saved_data/601899_pipeline_out/10_search/search_all_days_close_profit_50bps --round-trip-cost-bps 1.7 --target-hit-bps 50.0 --label-mode close_profit --entry-policy all_days --entry-vwap-premium-bps 50.0 --max-missing 0.35 --groups reversal_fundamental_regime,reversal_fundamental_regime_sector,all_no_ak --models xgb_d2_200_lr003_mcw5,xgb_d3_400_lr003_mcw3,xgb_d3_600_lr002_mcw3,xgb_d4_500_lr002_mcw5,lgbm_leaves7_400,lgbm_leaves15_700,extra_trees_600_d3,random_forest_600_d4 --quantiles 0.5,0.6,0.7,0.8 --train-rows 756 --valid-rows 126 --test-rows 63 --min-valid-trades 8 --min-train-entries 80
{
  "rows": 1534,
  "target_hit_bps": 50.0,
  "label_mode": "close_profit",
  "entry_policy": "all_days",
  "entry_vwap_premium_bps": 50.0,
  "groups": {
    "reversal_fundamental_regime": 137,
    "reversal_fundamental_regime_sector": 160,
    "all_no_ak": 428
  },
  "models": [
    "xgb_d2_200_lr003_mcw5",
    "xgb_d3_400_lr003_mcw3",
    "xgb_d3_600_lr002_mcw3",
    "xgb_d4_500_lr002_mcw5",
    "extra_trees_600_d3",
    "random_forest_600_d4",
    "lgbm_leaves7_400",
    "lgbm_leaves15_700"
  ],
  "top": [
    {
      "entry_policy": "all_days",
      "feature_group": "reversal_fundamental_regime_sector",
      "model_name": "extra_trees_600_d3",
      "target_hit_bps": 50.0,
      "trades": 177,
      "win_rate": 0.615819209039548,
      "avg_return": 0.0038293706263964567,
      "median_return": 0.004146546762589857,
      "compound_return": 0.9020400510639497,
      "max_drawdown": -0.17506607523176743,
      "profit_factor": 1.6904241392775752,
      "windows": 10
    },
    {
      "entry_policy": "all_days",
      "feature_group": "reversal_fundamental_regime_sector",
      "model_name": "xgb_d3_400_lr003_mcw3",
      "target_hit_bps": 50.0,
      "trades": 147,
      "win_rate": 0.6394557823129252,
      "avg_return": 0.0044579750359037395,
      "median_return": 0.004776996466431042,
      "compound_return": 0.8777099491740137,
      "max_drawdown": -0.10880494729109935,
      "profit_factor": 1.91161683292405,
      "windows": 10
    },
    {
      "entry_policy": "all_days",
      "feature_group": "reversal_fundamental_regime",
      "model_name": "xgb_d3_400_lr003_mcw3",
      "target_hit_bps": 50.0,
      "trades": 227,
      "win_rate": 0.5947136563876652,
      "avg_return": 0.002607920442831854,
      "median_return": 0.004673396835647384,
      "compound_return": 0.6961437798165662,
      "max_drawdown": -0.2355026423743556,
      "profit_factor": 1.3438403777866874,
      "windows": 10
    },
    {
      "entry_policy": "all_days",
      "feature_group": "reversal_fundamental_regime_sector",
      "model_name": "xgb_d3_600_lr002_mcw3",
      "target_hit_bps": 50.0,
      "trades": 207,
      "win_rate": 0.5748792270531401,
      "avg_return": 0.0027239687678914,
      "median_return": 0.0022991358024691023,
      "compound_return": 0.6917177492361797,
      "max_drawdown": -0.11998771879206471,
      "profit_factor": 1.451758610922829,
      "windows": 10
    },
    {
      "entry_policy": "all_days",
      "feature_group": "reversal_fundamental_regime",
      "model_name": "extra_trees_600_d3",
      "target_hit_bps": 50.0,
      "trades": 218,
      "win_rate": 0.5825688073394495,
      "avg_return": 0.0025342602685002502,
      "median_return": 0.0032518919156158156,
      "compound_return": 0.6524568865735048,
      "max_drawdown": -0.19557413298166093,
      "profit_factor": 1.3714697674716931,
      "windows": 10
    },
    {
      "entry_policy": "all_days",
      "feature_group": "reversal_fundamental_regime",
      "model_name": "xgb_d4_500_lr002_mcw5",
      "target_hit_bps": 50.0,
      "trades": 238,
      "win_rate": 0.5966386554621849,
      "avg_return": 0.002370842744848547,
      "median_return": 0.0040019170977241315,
      "compound_return": 0.6503466465398506,
      "max_drawdown": -0.22209768587816914,
      "profit_factor": 1.3211418729364517,
      "windows": 10
    },
    {
      "entry_policy": "all_days",
      "feature_group": "reversal_fundamental_regime_sector",
      "model_name": "lgbm_leaves15_700",
      "target_hit_bps": 50.0,
      "trades": 189,
      "win_rate": 0.6031746031746031,
      "avg_return": 0.002742104814121989,
      "median_return": 0.00424640378548902,
      "compound_return": 0.6165661061724663,
      "max_drawdown": -0.1666201161488834,
      "profit_factor": 1.441162437625195,
      "windows": 10
    },
    {
      "entry_policy": "all_days",
      "feature_group": "reversal_fundamental_regime_sector",
      "model_name": "lgbm_leaves7_400",
      "target_hit_bps": 50.0,
      "trades": 194,
      "win_rate": 0.5927835051546392,
      "avg_return": 0.00265131327723236,
      "median_return": 0.004674605324628715,
      "compound_return": 0.6115958480542338,
      "max_drawdown": -0.11366908395801312,
      "profit_factor": 1.4135396638504398,
      "windows": 10
    },
    {
      "entry_policy": "all_days",
      "feature_group": "reversal_fundamental_regime",
      "model_name": "random_forest_600_d4",
      "target_hit_bps": 50.0,
      "trades": 139,
      "win_rate": 0.5827338129496403,
      "avg_return": 0.0036339619945091224,
      "median_return": 0.004146546762589857,
      "compound_return": 0.6039256109668851,
      "max_drawdown": -0.14094198486002762,
      "profit_factor": 1.5636051707304897,
      "windows": 10
    },
    {
      "entry_policy": "all_days",
      "feature_group": "reversal_fundamental_regime",
      "model_name": "xgb_d3_600_lr002_mcw3",
      "target_hit_bps": 50.0,
      "trades": 190,
      "win_rate": 0.6,
      "avg_return": 0.002328045675667651,
      "median_return": 0.004712732051950001,
      "compound_return": 0.48384695238788056,
      "max_drawdown": -0.16558831879373748,
      "profit_factor": 1.3206970197222145,
      "windows": 10
    },
    {
      "entry_policy": "all_days",
      "feature_group": "reversal_fundamental_regime_sector",
      "model_name": "xgb_d2_200_lr003_mcw5",
      "target_hit_bps": 50.0,
      "trades": 182,
      "win_rate": 0.5824175824175825,
      "avg_return": 0.0023368621853173837,
      "median_return": 0.0031103239719912947,
      "compound_return": 0.4810199200721541,
      "max_drawdown": -0.10382789445656138,
      "profit_factor": 1.376885825058201,
      "windows": 10
    },
    {
      "entry_policy": "all_days",
      "feature_group": "all_no_ak",
      "model_name": "extra_trees_600_d3",
      "target_hit_bps": 50.0,
      "trades": 83,
      "win_rate": 0.6144578313253012,
      "avg_return": 0.004650919096717297,
      "median_return": 0.004776996466431042,
      "compound_return": 0.43598200948687094,
      "max_drawdown": -0.1459886791195142,
      "profit_factor": 1.6726601775556569,
      "windows": 10
    },
    {
      "entry_policy": "all_days",
      "feature_group": "reversal_fundamental_regime",
      "model_name": "lgbm_leaves7_400",
      "target_hit_bps": 50.0,
      "trades": 181,
      "win_rate": 0.5911602209944752,
      "avg_return": 0.002044920722311489,
      "median_return": 0.00440200914401823,
      "compound_return": 0.37883701357185995,
      "max_drawdown": -0.18583876115503528,
      "profit_factor": 1.2701274571913321,
      "windows": 10
    },
    {
      "entry_policy": "all_days",
      "feature_group": "reversal_fundamental_regime_sector",
      "model_name": "random_forest_600_d4",
      "target_hit_bps": 50.0,
      "trades": 135,
      "win_rate": 0.5333333333333333,
      "avg_return": 0.0023584965620540286,
      "median_return": 0.0011337809647979959,
      "compound_return": 0.3427176207748912,
      "max_drawdown": -0.13159407078626606,
      "profit_factor": 1.3853995866040514,
      "windows": 10
    },
    {
      "entry_policy": "all_days",
      "feature_group": "all_no_ak",
      "model_name": "xgb_d3_400_lr003_mcw3",
      "target_hit_bps": 50.0,
      "trades": 173,
      "win_rate": 0.5606936416184971,
      "avg_return": 0.002002588196189053,
      "median_return": 0.004146546762589857,
      "compound_return": 0.3325011404367153,
      "max_drawdown": -0.21417982304517091,
      "profit_factor": 1.2283523663852918,
      "windows": 10
    },
    {
      "entry_policy": "all_days",
      "feature_group": "reversal_fundamental_regime",
      "model_name": "xgb_d2_200_lr003_mcw5",
      "target_hit_bps": 50.0,
      "trades": 197,
      "win_rate": 0.5583756345177665,
      "avg_return": 0.0015799518473906232,
      "median_return": 0.003798253968253954,
      "compound_return": 0.3049818554705048,
      "max_drawdown": -0.1756543444804698,
      "profit_factor": 1.2079139773875025,
      "windows": 10
    },
    {
      "entry_policy": "all_days",
      "feature_group": "reversal_fundamental_regime_sector",
      "model_name": "xgb_d4_500_lr002_mcw5",
      "target_hit_bps": 50.0,
      "trades": 222,
      "win_rate": 0.5585585585585585,
      "avg_return": 0.0013983954272526946,
      "median_return": 0.00152277829117509,
      "compound_return": 0.3043548955716231,
      "max_drawdown": -0.18143780992189262,
      "profit_factor": 1.195697889960039,
      "windows": 10
    },
    {
      "entry_policy": "all_days",
      "feature_group": "all_no_ak",
      "model_name": "xgb_d3_600_lr002_mcw3",
      "target_hit_bps": 50.0,
      "trades": 149,
      "win_rate": 0.5436241610738255,
      "avg_return": 0.0016704567352580349,
      "median_return": 0.0030433676092545027,
      "compound_return": 0.2249948068048253,
      "max_drawdown": -0.2242233980939604,
      "profit_factor": 1.2075741643618934,
      "windows": 10
    },
    {
      "entry_policy": "all_days",
      "feature_group": "all_no_ak",
      "model_name": "random_forest_600_d4",
      "target_hit_bps": 50.0,
      "trades": 87,
      "win_rate": 0.5632183908045977,
      "avg_return": 0.002505509990638025,
      "median_return": 0.004146546762589857,
      "compound_return": 0.20912671773456593,
      "max_drawdown": -0.15737085210828083,
      "profit_factor": 1.3061200823909769,
      "windows": 10
    },
    {
      "entry_policy": "all_days",
      "feature_group": "all_no_ak",
      "model_name": "xgb_d4_500_lr002_mcw5",
      "target_hit_bps": 50.0,
      "trades": 123,
      "win_rate": 0.5365853658536586,
      "avg_return": 0.001343278906037393,
      "median_return": 0.0014507455429497752,
      "compound_return": 0.14118327398632302,
      "max_drawdown": -0.1933492576852921,
      "profit_factor": 1.1792082812146074,
      "windows": 10
    }
  ]
}

[2026-05-11T01:19:50] RUN summarize
  /usr/bin/python3 model_training/summarize_nextday_search_results.py --pipeline-out /root/workspace/stock_realtime_v021_full/saved_data/601899_pipeline_out --out-dir /root/workspace/stock_realtime_v021_full/saved_data/601899_pipeline_out/99_summary --excel
{
  "rows": 144,
  "outputs": {
    "final_leaderboard": "/root/workspace/stock_realtime_v021_full/saved_data/601899_pipeline_out/99_summary/final_leaderboard.csv",
    "best_by_target_top5": "/root/workspace/stock_realtime_v021_full/saved_data/601899_pipeline_out/99_summary/best_by_target_top5.csv",
    "best_by_entry_policy_top5": "/root/workspace/stock_realtime_v021_full/saved_data/601899_pipeline_out/99_summary/best_by_entry_policy_top5.csv",
    "excel": "/root/workspace/stock_realtime_v021_full/saved_data/601899_pipeline_out/99_summary/final_leaderboard.xlsx",
    "summary_manifest": "/root/workspace/stock_realtime_v021_full/saved_data/601899_pipeline_out/99_summary/summary_manifest.json"
  }
}
=== nextday pipeline end: 2026-05-11T01:19:51 status=ok ===
=== nextday pipeline start: 2026-05-11T02:53:18 ===
symbol=601899.SH, out_root=/root/workspace/stock_realtime_v021_full/saved_data/601899_pipeline_out

[2026-05-11T02:53:18] RUN update_data
  /usr/bin/python3 bootstrap/ashare_xgb_dual_opportunity_regression_baostock_full_v19_compressed_trading_axis.py --mode update_data --symbol 601899 --benchmark_symbol 000300 --daily_start 2018-01-01 --daily_end 2026-05-11 --intraday_start '2018-01-01 09:30:00' --intraday_end '2026-05-11 15:00:00' --output_dir /root/workspace/stock_realtime_v021_full/saved_data/601899_pipeline_out/00_base --cache_mode incremental --feature_cache_mode incremental --adjust qfq
/root/workspace/stock_realtime_v021_full/bootstrap/ashare_fetch_and_train_xgb_sell_signal_baostock_state_cache_helper_fix2.py:246: FutureWarning: The behavior of DataFrame concatenation with empty or all-NA entries is deprecated. In a future version, this will no longer exclude empty or all-NA columns when determining the result dtypes. To retain the old behavior, exclude the relevant entries before the concat operation.
  merged = _normalize_daily_df(pd.concat([df_old, df_new], axis=0, ignore_index=True))
/root/workspace/stock_realtime_v021_full/bootstrap/ashare_fetch_and_train_xgb_sell_signal_baostock_state_cache_helper_fix2.py:246: FutureWarning: The behavior of DataFrame concatenation with empty or all-NA entries is deprecated. In a future version, this will no longer exclude empty or all-NA columns when determining the result dtypes. To retain the old behavior, exclude the relevant entries before the concat operation.
  merged = _normalize_daily_df(pd.concat([df_old, df_new], axis=0, ignore_index=True))
/root/workspace/stock_realtime_v021_full/bootstrap/ashare_fetch_and_train_xgb_sell_signal_baostock_state_cache_helper_fix2.py:254: FutureWarning: The behavior of DataFrame concatenation with empty or all-NA entries is deprecated. In a future version, this will no longer exclude empty or all-NA columns when determining the result dtypes. To retain the old behavior, exclude the relevant entries before the concat operation.
  merged = _normalize_bench_df(pd.concat([df_old, df_new], axis=0, ignore_index=True))
/root/workspace/stock_realtime_v021_full/bootstrap/ashare_fetch_and_train_xgb_sell_signal_baostock_state_cache_helper_fix2.py:254: FutureWarning: The behavior of DataFrame concatenation with empty or all-NA entries is deprecated. In a future version, this will no longer exclude empty or all-NA columns when determining the result dtypes. To retain the old behavior, exclude the relevant entries before the concat operation.
  merged = _normalize_bench_df(pd.concat([df_old, df_new], axis=0, ignore_index=True))
login success!
logout success!
login success!
logout success!
login success!
logout success!
login success!
logout success!
login success!
logout success!
login success!
logout success!
{
  "mode": "update_data",
  "symbol": "601899",
  "data_source": "baostock",
  "daily_rows": 2022,
  "intraday_rows": 73680,
  "daily_min": "2018-01-02 00:00:00",
  "daily_max": "2026-05-08 00:00:00",
  "intraday_min": "2020-01-02 09:35:00",
  "intraday_max": "2026-05-08 15:00:00",
  "base_paths": {
    "daily_csv": "/root/workspace/stock_realtime_v021_full/saved_data/601899_pipeline_out/00_base/601899_daily.csv",
    "intraday_csv": "/root/workspace/stock_realtime_v021_full/saved_data/601899_pipeline_out/00_base/601899_5m.csv",
    "benchmark_csv": "/root/workspace/stock_realtime_v021_full/saved_data/601899_pipeline_out/00_base/000300_benchmark_daily.csv",
    "raw_daily_cache_csv": "/root/workspace/stock_realtime_v021_full/saved_data/601899_pipeline_out/00_base/raw_cache/601899_daily_raw.csv",
    "raw_intraday_cache_csv": "/root/workspace/stock_realtime_v021_full/saved_data/601899_pipeline_out/00_base/raw_cache/601899_5m_raw.csv",
    "raw_benchmark_cache_csv": "/root/workspace/stock_realtime_v021_full/saved_data/601899_pipeline_out/00_base/raw_cache/000300_benchmark_daily_raw.csv",
    "daily_features_csv": "/root/workspace/stock_realtime_v021_full/saved_data/601899_pipeline_out/00_base/daily_features.csv",
    "intraday_features_csv": "/root/workspace/stock_realtime_v021_full/saved_data/601899_pipeline_out/00_base/intraday_features.csv",
    "daily_features_cache_csv": "/root/workspace/stock_realtime_v021_full/saved_data/601899_pipeline_out/00_base/feature_cache/daily_features_cache.csv",
    "intraday_features_cache_csv": "/root/workspace/stock_realtime_v021_full/saved_data/601899_pipeline_out/00_base/feature_cache/intraday_features_cache.csv",
    "feature_state_json": "/root/workspace/stock_realtime_v021_full/saved_data/601899_pipeline_out/00_base/feature_cache/feature_state.json"
  },
  "fetch_logs": {
    "symbol": "601899",
    "benchmark_symbol": "000300",
    "daily_start": "2018-01-01",
    "daily_end": "2026-05-11",
    "intraday_start": "2018-01-01 09:30:00",
    "intraday_end": "2026-05-11 15:00:00",
    "perf_start": "2018-01-01",
    "data_source": "baostock",
    "cache_mode": "incremental",
    "force_refresh": false,
    "raw_cache_dir": "/root/workspace/stock_realtime_v021_full/saved_data/601899_pipeline_out/00_base/raw_cache",
    "feature_cache_dir": "/root/workspace/stock_realtime_v021_full/saved_data/601899_pipeline_out/00_base/feature_cache",
    "feature_cache_mode": "incremental",
    "daily": {
      "cache_path": "/root/workspace/stock_realtime_v021_full/saved_data/601899_pipeline_out/00_base/raw_cache/601899_daily_raw.csv",
      "requested_start": "2018-01-01",
      "requested_end": "2026-05-11",
      "mode": "incremental",
      "cache_before": {
        "rows": 2022,
        "min": "2018-01-02 00:00:00",
        "max": "2026-05-08 00:00:00"
      },
      "fetch_segments": [
        {
          "provider": "baostock",
          "code": "sh.601899",
          "adjustflag": "2",
          "rows": 0
        },
        {
          "provider": "baostock",
          "code": "sh.601899",
          "adjustflag": "2",
          "rows": 0
        }
      ],
      "cache_after": {
        "rows": 2022,
        "min": "2018-01-02 00:00:00",
        "max": "2026-05-08 00:00:00"
      }
    },
    "intraday_5m": {
      "cache_path": "/root/workspace/stock_realtime_v021_full/saved_data/601899_pipeline_out/00_base/raw_cache/601899_5m_raw.csv",
      "requested_start": "2018-01-01 09:30:00",
      "requested_end": "2026-05-11 15:00:00",
      "mode": "incremental",
      "cache_before": {
        "rows": 73680,
        "min": "2020-01-02 09:35:00",
        "max": "2026-05-08 15:00:00"
      },
      "fetch_segments": [
        {
          "provider": "baostock",
          "code": "sh.601899",
          "adjustflag": "2",
          "requested_start": "2018-01-01 09:30:00",
          "effective_start": "2018-01-01 09:30:00",
          "requested_end": "2020-01-02 09:30:00",
          "rows": 0
        },
        {
          "provider": "baostock",
          "code": "sh.601899",
          "adjustflag": "2",
          "requested_start": "2026-05-08 15:05:00",
          "effective_start": "2026-05-08 15:05:00",
          "requested_end": "2026-05-11 15:00:00",
          "rows": 0
        }
      ],
      "cache_after": {
        "rows": 73680,
        "min": "2020-01-02 09:35:00",
        "max": "2026-05-08 15:00:00"
      }
    },
    "benchmark_daily": {
      "cache_path": "/root/workspace/stock_realtime_v021_full/saved_data/601899_pipeline_out/00_base/raw_cache/000300_benchmark_daily_raw.csv",
      "requested_start": "2018-01-01",
      "requested_end": "2026-05-11",
      "mode": "incremental",
      "cache_before": {
        "rows": 2022,
        "min": "2018-01-02 00:00:00",
        "max": "2026-05-08 00:00:00"
      },
      "fetch_segments": [
        {
          "provider": "baostock",
          "code": "sh.000300",
          "rows": 0,
          "start": "2018-01-01",
          "end": "2018-01-01"
        },
        {
          "provider": "baostock",
          "code": "sh.000300",
          "rows": 0,
          "start": "2026-05-09",
          "end": "2026-05-11"
        }
      ],
      "cache_after": {
        "rows": 2022,
        "min": "2018-01-02 00:00:00",
        "max": "2026-05-08 00:00:00"
      }
    },
    "feature_build": {
      "mode": "cache_reuse_no_rebuild",
      "daily_cache": {
        "rows": 2022,
        "min": "2018-01-02 00:00:00",
        "max": "2026-05-08 00:00:00"
      },
      "intraday_cache": {
        "rows": 73680,
        "min": "2020-01-02 09:35:00",
        "max": "2026-05-08 15:00:00"
      },
      "daily_context_days": 260,
      "intraday_context_days": 40
    },
    "feature_state": {
      "daily_feature_max": "2026-05-08 00:00:00",
      "intraday_feature_max": "2026-05-08 15:00:00",
      "daily_context_days": 260,
      "intraday_context_days": 40,
      "feature_build_mode": "cache_reuse_no_rebuild"
    }
  }
}

[2026-05-11T02:53:29] RUN samples
  /usr/bin/python3 feature_building/build_nextday_samples_from_baostock.py --daily-features /root/workspace/stock_realtime_v021_full/saved_data/601899_pipeline_out/00_base/daily_features.csv --intraday-bars /root/workspace/stock_realtime_v021_full/saved_data/601899_pipeline_out/00_base/601899_5m.csv --out-dir /root/workspace/stock_realtime_v021_full/saved_data/601899_pipeline_out/01_samples --min-bars 40 --keep-unlabeled-tail
{
  "rows": 1535,
  "date_min": "2020-01-02",
  "date_max": "2026-05-08",
  "out": "/root/workspace/stock_realtime_v021_full/saved_data/601899_pipeline_out/01_samples/training_samples.csv"
}

[2026-05-11T02:53:30] RUN fundamental
  /usr/bin/python3 feature_building/build_fundamental_features.py --symbol 601899.SH --daily-samples /root/workspace/stock_realtime_v021_full/saved_data/601899_pipeline_out/01_samples/training_samples.csv --out-dir /root/workspace/stock_realtime_v021_full/saved_data/601899_pipeline_out/02_fundamental --start-date 2018-01-01 --end-date 2026-05-11 --fallback-lag-days 120
login success!
logout success!
{
  "rows": 1535,
  "date_min": "2020-01-02",
  "date_max": "2026-05-08",
  "source_errors": [],
  "top_missing_rates": {
    "ak_fund_小单净流入-净额_sum10": 0.9244299674267101,
    "ak_fund_主力净流入-净额_sum10": 0.9244299674267101,
    "ak_fund_主力净流入-净占比_sum10": 0.9244299674267101,
    "ak_fund_涨跌幅_sum10": 0.9244299674267101,
    "ak_fund_收盘价_sum10": 0.9244299674267101,
    "ak_fund_中单净流入-净额_sum10": 0.9244299674267101,
    "ak_fund_中单净流入-净占比_sum10": 0.9244299674267101,
    "ak_fund_小单净流入-净占比_sum10": 0.9244299674267101,
    "ak_fund_超大单净流入-净额_sum10": 0.9244299674267101,
    "ak_fund_大单净流入-净额_sum10": 0.9244299674267101,
    "ak_fund_大单净流入-净占比_sum10": 0.9244299674267101,
    "ak_fund_超大单净流入-净占比_sum10": 0.9244299674267101,
    "ak_fund_涨跌幅_sum5": 0.923127035830619,
    "ak_fund_主力净流入-净占比_sum5": 0.923127035830619,
    "ak_fund_主力净流入-净额_sum5": 0.923127035830619,
    "ak_fund_收盘价_sum5": 0.923127035830619,
    "ak_fund_超大单净流入-净占比_sum5": 0.923127035830619,
    "ak_fund_中单净流入-净占比_sum5": 0.923127035830619,
    "ak_fund_中单净流入-净额_sum5": 0.923127035830619,
    "ak_fund_小单净流入-净额_sum5": 0.923127035830619,
    "ak_fund_小单净流入-净占比_sum5": 0.923127035830619,
    "ak_fund_大单净流入-净占比_sum5": 0.923127035830619,
    "ak_fund_大单净流入-净额_sum5": 0.923127035830619,
    "ak_fund_超大单净流入-净额_sum5": 0.923127035830619,
    "ak_fund_大单净流入-净额": 0.9218241042345277,
    "ak_fund_超大单净流入-净占比": 0.9218241042345277,
    "ak_fund_超大单净流入-净额": 0.9218241042345277,
    "ak_fund_收盘价": 0.9218241042345277,
    "ak_fund_涨跌幅": 0.9218241042345277,
    "ak_fund_中单净流入-净额": 0.9218241042345277
  },
  "valuation_non_null": {
    "peTTM": 1535,
    "pbMRQ": 1535,
    "psTTM": 1535,
    "pcfNcfTTM": 1535
  },
  "future_effective_date_violations": 0,
  "rows_with_quarterly": 1535,
  "sample_rows": 1535,
  "quarterly_raw_rows": 37,
  "quarterly_used_pubDate_rows": 37,
  "quarterly_fallback_rows": 0,
  "elapsed_seconds": 17.805,
  "symbol": "601899",
  "baostock_code": "sh.601899",
  "valuation_rows": 2022,
  "fund_flow_rows": 120,
  "feature_columns": 125,
  "merged_columns": 194,
  "outputs": {
    "daily_valuation": "/root/workspace/stock_realtime_v021_full/saved_data/601899_pipeline_out/02_fundamental/baostock_daily_valuation.csv",
    "quarterly_fundamentals": "/root/workspace/stock_realtime_v021_full/saved_data/601899_pipeline_out/02_fundamental/baostock_quarterly_fundamentals_pit.csv",
    "fundamental_features": "/root/workspace/stock_realtime_v021_full/saved_data/601899_pipeline_out/02_fundamental/fundamental_features.csv",
    "merged_samples": "/root/workspace/stock_realtime_v021_full/saved_data/601899_pipeline_out/02_fundamental/training_samples_with_fundamentals.csv"
  }
}

[2026-05-11T02:53:49] RUN sector
  /usr/bin/python3 feature_building/build_sector_features.py --samples /root/workspace/stock_realtime_v021_full/saved_data/601899_pipeline_out/02_fundamental/training_samples_with_fundamentals.csv --out-dir /root/workspace/stock_realtime_v021_full/saved_data/601899_pipeline_out/03_sector --sector-symbol '贵金属' --start-date 2018-01-01 --end-date 2026-05-11

  0%|          | 0/9 [00:00<?, ?it/s]
 11%|█         | 1/9 [00:00<00:01,  4.47it/s]
 22%|██▏       | 2/9 [00:00<00:01,  4.69it/s]
 33%|███▎      | 3/9 [00:00<00:01,  4.12it/s]
 44%|████▍     | 4/9 [00:00<00:01,  4.27it/s]
 56%|█████▌    | 5/9 [00:01<00:00,  4.27it/s]
 67%|██████▋   | 6/9 [00:01<00:00,  4.19it/s]
 78%|███████▊  | 7/9 [00:01<00:00,  4.40it/s]
 89%|████████▉ | 8/9 [00:01<00:00,  4.33it/s]
100%|██████████| 9/9 [00:02<00:00,  4.42it/s]
                                             
{
  "sector_symbol": "贵金属",
  "sector_rows": 2022,
  "sector_date_min": "2018-01-02",
  "sector_date_max": "2026-05-08",
  "sample_rows": 1535,
  "merged_rows": 1535,
  "sector_feature_cols": 23,
  "top_missing": {
    "sector_ret60": 0.03908794788273615,
    "sector_ma60_gap": 0.019543973941368076,
    "stock_vs_sector_ret20": 0.013029315960912053,
    "sector_ret20": 0.013029315960912053,
    "sector_vol20": 0.0071661237785016286,
    "sector_ma20_gap": 0.006514657980456026,
    "sector_range_z20": 0.006514657980456026,
    "sector_volume_shock20": 0.006514657980456026,
    "sector_amount_z20": 0.006514657980456026,
    "sector_volume_z20": 0.006514657980456026,
    "sector_amount_shock20": 0.006514657980456026,
    "sector_ret5": 0.003257328990228013,
    "stock_vs_sector_ret5": 0.003257328990228013,
    "sector_vs_bench_ret5": 0.003257328990228013,
    "stock_vs_sector_ret1": 0.0006514657980456026,
    "sector_ret1": 0.0006514657980456026,
    "sector_amount": 0.0,
    "sector_volume": 0.0,
    "sector_close": 0.0,
    "sector_low": 0.0
  },
  "outputs": {
    "sector_index": "/root/workspace/stock_realtime_v021_full/saved_data/601899_pipeline_out/03_sector/sector_index_ths.csv",
    "sector_features": "/root/workspace/stock_realtime_v021_full/saved_data/601899_pipeline_out/03_sector/sector_features.csv",
    "merged_samples": "/root/workspace/stock_realtime_v021_full/saved_data/601899_pipeline_out/03_sector/training_samples_with_sector.csv"
  }
}
[INFO] final samples for search: /root/workspace/stock_realtime_v021_full/saved_data/601899_pipeline_out/04_external/zijin_external/training_samples_with_zijin_external.csv
=== nextday pipeline end: 2026-05-11T02:53:53 status=ok ===
