date,open,high,low,close,volume,event_flag,no_price_limit_flag
2018-01-02,27.28471494,27.35203474,26.48360932,27.15680732,21324527,0,0
2018-01-03,27.1635393,28.86673024,27.1635393,28.50320332,45265819,0,0
2018-01-04,28.3416358,28.71862668,28.19353224,28.61764698,27086306,0,0
2018-01-05,28.60418302,28.69169876,27.937717,28.18006828,24511855,0,0
2018-01-08,28.01176878,28.01850076,26.86733218,27.58765404,37215768,0,0
2018-01-09,27.3991586,28.13294442,27.15007534,27.98484086,27670184,0,0
2018-01-10,28.21372818,28.22046016,27.01543574,27.25105504,31532918,0,0
2018-01-11,27.0962195,27.71556166,26.84713624,27.32510682,23853926,0,0
2018-01-12,27.1298794,27.5337982,26.86733218,27.14334336,17087207,0,0
2018-01-15,27.10295148,27.937717,26.83367228,27.25778702,36974511,0,0
2018-01-16,27.0288997,28.44934748,26.91445604,28.4089556,50421897,0,0
2018-01-17,28.58398708,28.65130688,27.1971992,27.58765404,38138277,0,0
2018-01-18,27.41262256,27.86366522,27.2981789,27.32510682,17771379,0,0
2018-01-19,27.37223068,27.80980938,27.1298794,27.41935454,18216115,0,0
2018-01-22,27.32510682,27.52033424,26.6249809,27.41262256,28415915,0,0
2018-01-23,27.47994236,28.06562462,27.264519,27.68863374,25337294,0,0
2018-01-24,27.7357576,28.6782348,27.30491088,28.4762754,40286560,0,0
2018-01-25,28.46281144,28.46954342,27.75595354,27.79634542,27007537,0,0
2018-01-26,27.601118,27.69536572,26.92792,26.94138396,33063450,0,0
2018-01-29,26.84713624,26.84713624,24.24859196,24.24859196,78807668,0,0
2018-01-30,23.3936305,24.1341483,23.0906914,23.5955899,42212839,0,0
2018-01-31,23.898529,24.65251076,23.74369346,24.25532394,33523084,0,0
2018-02-01,24.41015948,24.42362344,23.35323862,23.43402238,33469085,0,0
2018-02-02,23.73696148,24.47747928,23.33304268,24.06009652,24454428,0,0
2018-02-05,23.56193,24.34283968,23.37343456,23.63598178,20377219,0,0
2018-02-06,22.96278378,23.225331,21.32018066,21.49521214,47418535,0,0
2018-02-07,22.22899796,22.33670964,20.87586998,21.7442954,36484006,0,0
2018-02-08,21.68370758,23.00990764,21.66351164,22.59925686,31397273,0,0
2018-02-09,21.878935,22.4848132,21.54906798,21.9125949,28532605,0,0
2018-02-12,22.3838335,23.75042544,22.2828538,23.40036248,33324840,0,0
2018-02-13,23.8648691,23.88506504,23.33304268,23.4946102,21719721,0,0
2018-02-14,23.6292498,23.8648691,23.40709446,23.82447722,15044312,0,0
2018-02-22,24.1004884,24.6053869,23.7638894,24.32937572,21701907,0,0
2018-02-23,24.3697676,25.05642956,24.27551988,24.45055136,21449532,0,0
2018-02-26,24.8410062,25.8171433,24.57845898,25.5478641,34628512,0,0
2018-02-27,25.7498235,26.4566814,25.64211182,25.70269964,37627527,0,0
2018-02-28,25.3795646,26.37589764,25.16414124,26.26145398,28162141,0,0
2018-03-01,26.03929864,26.63171288,25.9517829,26.38262962,23698516,0,0
2018-03-02,26.1537423,26.7932804,25.92485498,26.03256666,22024474,0,0
2018-03-05,26.17393824,26.58458902,25.87773112,26.0864225,16739931,0,0
2018-03-06,26.1200824,26.7932804,26.1200824,26.71249664,27509446,0,0
2018-03-07,26.6586408,26.6586408,25.7834834,25.79694736,27466602,0,0
2018-03-08,25.79694736,26.18067022,25.79021538,26.01237072,12945287,0,0
2018-03-09,26.14701032,27.17027128,26.13354636,27.04909564,37740472,0,0
2018-03-12,27.24432306,27.52033424,27.04909564,27.3991586,26460115,0,0
2018-03-13,27.264519,27.31837484,26.73269258,26.84040426,18233136,0,0
2018-03-14,26.63844486,27.05582762,26.60478496,26.61824892,13845464,0,0
2018-03-15,26.5576611,27.0962195,26.22779408,26.71922862,16397220,0,0
2018-03-16,26.78654842,26.85386822,25.97871082,25.9854428,17897445,0,0
2018-03-19,26.254722,26.85386822,26.254722,26.51726922,18119244,0,0
2018-03-20,26.3220418,26.96831188,26.1874022,26.83367228,17727094,0,0
2018-03-21,26.9615799,27.11641544,26.32877378,26.40282556,18439033,0,0
2018-03-22,26.4566814,26.64517684,25.66230776,25.83060726,19845382,0,0
2018-03-23,24.24185998,25.22472906,23.65617772,24.1004884,33361331,0,0
2018-03-26,23.66964168,24.78041838,23.4272904,24.4370874,26156189,0,0
2018-03-27,25.13048134,25.35263668,24.78041838,25.25838896,24709016,0,0
2018-03-28,24.80061432,25.19106916,24.65924274,24.7400265,15466648,0,0
2018-03-29,25.0093057,25.06989352,24.36303562,24.79388234,15939262,0,0
2018-03-30,24.89486204,25.5142042,24.8073463,25.39976054,18246081,0,0
2018-04-02,25.37283262,25.8508032,25.13048134,25.46708034,20226239,0,0
2018-04-03,24.908326,25.13048134,24.27551988,24.36303562,27016812,0,0
2018-04-04,24.571727,24.72656254,23.8648691,23.99277672,22648079,0,0
2018-04-09,24.01970464,24.44381938,23.55519802,24.20820008,16657862,0,0
2018-04-10,24.18800414,24.64577878,24.15434424,24.62558284,13604201,0,0
2018-04-11,24.82081026,25.02950164,24.7063666,24.85447016,14987320,0,0
2018-04-12,24.8073463,24.86793412,24.0331686,24.05336454,18456697,0,0
2018-04-13,24.3024478,24.49094324,23.66964168,23.79081732,14572553,0,0
2018-04-16,23.7638894,24.04663256,22.8214122,23.28591882,26795250,0,0
2018-04-17,23.28591882,23.42055842,21.49521214,21.92605886,42711331,0,0
2018-04-18,21.91932688,21.91932688,20.04110446,21.21920096,58380496,0,0
2018-04-19,21.11148928,21.58945986,20.7344984,21.28652076,29428311,0,0
2018-04-20,21.13168522,21.1720771,20.3978994,20.45848722,23106382,0,0
2018-04-23,20.86240602,21.542336,20.6671786,21.12495324,25721510,0,0
2018-04-24,21.21246898,22.0808944,21.21246898,22.02703856,27752107,0,0
2018-04-25,21.8452751,22.93585586,21.76449134,22.53866904,29258400,0,0
2018-04-26,22.16841014,22.215534,21.01050958,21.15861314,35786801,0,0
2018-04-27,21.5086761,21.73756342,20.13535218,20.92299384,33786612,0,0
2018-05-02,21.7442954,22.15494618,21.46828422,21.7106355,30036765,0,0
2018-05-03,21.87220302,22.63964874,21.58945986,22.53193706,27834429,0,0
2018-05-04,22.5184731,22.90892794,22.2828538,22.41076142,22286898,0,0
2018-05-07,22.4848132,22.86180408,22.3165137,22.6867726,22244590,0,0
2018-05-08,22.79448428,22.84160814,22.4848132,22.64638072,18507520,0,0
2018-05-09,22.6531127,22.72716448,22.43768934,22.53193706,11203564,0,0
2018-05-10,22.6531127,23.20513506,22.6531127,22.96278378,22544502,0,0
2018-05-11,23.0570315,23.07722744,22.57232894,22.6531127,14046708,0,0
2018-05-14,23.56193,23.67637366,22.8550721,22.91565992,25179957,0,0
2018-05-15,23.1243513,23.2926508,22.3501736,22.84160814,25573898,0,0
2018-05-16,22.6531127,22.79448428,22.47808122,22.57906092,15445369,0,0
2018-05-17,22.60598884,22.70696854,22.29631776,22.62618478,14614843,0,0
2018-05-18,22.9560518,23.14454724,22.70696854,23.04356754,20486850,0,0
2018-05-21,23.44075436,24.55153106,23.44075436,24.29571582,48041739,0,0
2018-05-22,24.28898384,24.96218184,23.99277672,24.4707473,36951416,0,0
2018-05-23,24.19473612,24.22839602,23.73696148,23.7975493,25640662,0,0
2018-05-24,23.79081732,24.08029246,23.4946102,23.87160108,20316668,0,0
2018-05-25,23.70330158,23.74369346,23.17147516,23.27245486,17532654,0,0
2018-05-28,23.35323862,23.74369346,23.225331,23.33977466,15100292,0,0
2018-05-29,23.2926508,23.48787822,23.15127922,23.38689852,11041359,0,0
2018-05-30,22.77428834,22.7877523,21.4076964,21.62311976,35527948,0,0
2018-05-31,22.0135746,22.3501736,21.54906798,22.18860608,18210591,0,0
2018-06-01,22.13475024,22.2491939,21.8116152,21.9462548,11529953,0,0
2018-06-04,22.13475024,22.28958578,21.878935,22.0472345,12353148,0,0
2018-06-05,22.1482142,22.78102032,22.05396648,22.76755636,16765768,0,0
2018-06-06,23.0570315,23.20513506,22.8214122,22.97624774,17227503,0,0
2018-06-07,23.15127922,23.60232188,23.00990764,23.44075436,26902313,0,0
2018-06-08,23.45421832,23.78408534,23.14454724,23.17147516,23135315,0,0
2018-06-11,23.07049546,23.0906914,22.62618478,22.70023656,14594610,0,0
2018-06-12,22.87526804,23.24552694,22.552133,23.1580112,13479291,0,0
2018-06-13,22.9560518,23.7975493,22.7877523,23.00317566,18942754,0,0
2018-06-14,22.87526804,23.225331,22.49154518,22.53193706,15047272,0,0
2018-06-15,22.6194528,22.73389646,21.79141926,21.98664668,18253749,0,0
2018-06-19,21.3403766,21.3403766,19.7920212,20.16901208,34703509,0,0
2018-06-20,20.15554812,20.65371464,19.86607298,20.44502326,18665977,0,0
2018-06-21,20.45175524,20.57966286,19.48235012,19.4890821,20971777,0,0
2018-06-22,19.4217623,19.96705268,18.95725568,19.95358872,16014368,0,0
2018-06-25,20.2969197,20.4988791,19.91319684,19.95358872,13727486,0,0
2018-06-26,19.80548516,20.52580702,19.42849428,20.44502326,14513534,0,0
2018-06-27,20.532539,20.59312682,20.01417654,20.25652782,11115530,0,0
2018-06-28,20.18247604,20.532539,19.97378466,20.01417654,11096711,0,0
2018-06-29,20.32689945,20.99972456,20.06155997,20.89548405,15562722,0,0
2018-07-02,20.848102,21.16082353,20.04260715,20.29847022,21571089,0,0
2018-07-03,20.3742815,20.97129533,19.43611691,20.90496046,28387618,0,0
2018-07-04,20.58276252,20.7533379,19.81517331,19.86255536,21842653,0,0
2018-07-05,19.47402255,19.85307895,18.54533437,18.5737636,32562693,0,0
2018-07-06,18.52638155,19.0475841,17.92936772,18.40318822,30450641,0,0
2018-07-09,18.71590975,19.34135281,18.71590975,19.26554153,24994094,0,0
2018-07-10,19.3318764,19.77726767,19.2371123,19.55931024,22898198,0,0
2018-07-11,19.45506973,19.45506973,18.83910308,19.13287179,25033191,0,0
2018-07-12,19.91941382,21.04710661,19.77726767,21.01867738,64666469,0,0
2018-07-13,20.79124354,20.848102,20.34585227,20.44061637,43354196,0,0
2018-07-16,20.78176713,21.4166866,20.63014457,20.70595585,45853419,0,0
2018-07-17,20.6585738,21.0376302,20.3742815,20.81019636,27085760,0,0
2018-07-18,20.848102,20.9428661,20.19422971,20.26056458,25855320,0,0
2018-07-19,20.83862559,21.40721019,20.74386149,20.98077174,46475957,0,0
2018-07-20,21.0376302,21.3219225,20.86705482,21.1323943,31871431,0,0
2018-07-23,21.06605943,22.20322863,20.73438508,22.19375222,54914732,0,0
2018-07-24,22.22218145,22.27903991,21.74836095,22.16532299,40980794,0,0
2018-07-25,22.09898812,22.39275683,21.91893633,22.14637017,29850944,0,0
2018-07-26,22.04212966,22.12741735,21.25558763,21.31244609,33657025,0,0
2018-07-27,21.1323943,21.55883275,20.97129533,21.30296968,18220178,0,0
2018-07-30,21.24611122,21.62516762,20.90496046,21.11344148,23108960,0,0
2018-07-31,21.0376302,21.5114507,20.99972456,21.35982814,17221963,0,0
2018-08-01,21.49249788,22.07055889,21.38825737,21.44511583,33330991,0,0
2018-08-02,21.29349327,21.47354506,20.43113996,21.04710661,27501400,0,0
2018-08-03,20.98077174,21.17029994,19.86255536,19.90993741,33651134,0,0
2018-08-06,19.5214046,19.98574869,19.12339538,19.32239999,20531087,0,0
2018-08-07,19.5214046,20.22265894,19.10444256,20.17527689,21768951,0,0
2018-08-08,20.34585227,20.59223893,19.79622049,20.05208356,22285810,0,0
2018-08-09,19.93836664,21.55883275,19.74883844,21.25558763,40314281,0,0
2018-08-10,21.1323943,21.83364864,21.10396507,21.77679018,31866077,0,0
2018-08-13,21.62516762,22.68652554,21.47354506,22.24113427,57505229,0,0
2018-08-14,22.06108248,22.50647375,21.96631838,22.16532299,32955890,0,0
2018-08-15,22.19375222,22.3643276,21.40721019,21.59673839,32388483,0,0
2018-08-16,21.3219225,22.39275683,21.28401686,21.90945992,45839299,0,0
2018-08-17,22.3643276,22.49699734,21.62516762,21.68202608,31265064,0,0
2018-08-20,21.77679018,22.63914349,21.56830916,22.63914349,46532734,0,0
2018-08-21,22.71495477,22.98029425,22.2695635,22.60123785,46044717,0,0
2018-08-22,22.42118606,22.66757272,22.15584658,22.21270504,28892917,0,0
2018-08-23,22.12741735,22.8381481,22.10846453,22.56333221,37886587,0,0
2018-08-24,22.38328042,22.44961529,21.9852712,22.22218145,26853609,0,0
2018-08-27,22.39275683,23.73840705,22.39275683,23.53940244,60957582,0,0
2018-08-28,23.5962609,23.98479371,23.33092142,23.62469013,44183435,0,0
2018-08-29,23.57730808,23.95636448,23.43516193,23.94688807,32285177,0,0
2018-08-30,23.7857891,23.7857891,22.62966708,22.68652554,64922860,0,0
2018-08-31,22.4590917,22.82867169,22.2695635,22.32642196,32807321,0,0
2018-09-03,22.22218145,22.34537478,21.24611122,22.05160607,44208970,0,0
2018-09-04,22.03265325,22.6486199,21.92841274,22.50647375,35761763,0,0
2018-09-05,22.3643276,23.32144501,22.27903991,22.61071426,48769740,0,0
2018-09-06,22.53490298,22.98977066,22.29799273,22.60123785,31507917,0,0
2018-09-07,22.69600195,22.89500656,21.74836095,21.88103069,36880430,0,0
2018-09-10,21.80521941,22.05160607,21.46406865,21.57778557,20689912,0,0
2018-09-11,21.65359685,22.08951171,21.55883275,21.99474761,19876385,0,0
2018-09-12,21.90945992,22.07055889,21.56830916,21.74836095,19354018,0,0
2018-09-13,22.1747994,22.42118606,21.77679018,22.33589837,33657557,0,0
2018-09-14,22.38328042,22.44013888,21.94736556,22.08951171,20507288,0,0
2018-09-17,21.82417223,21.96631838,21.46406865,21.54935634,19098217,0,0
2018-09-18,21.37878096,21.85260146,20.91443687,21.74836095,30087917,0,0
2018-09-19,21.52092711,22.33589837,21.40721019,21.9852712,28476552,0,0
2018-09-20,22.08951171,22.41170965,21.90945992,21.95684197,21830133,0,0
2018-09-21,22.06108248,22.44013888,21.68202608,22.44013888,30032675,0,0
2018-09-25,22.20322863,22.61071426,22.12741735,22.42118606,22201000,0,0
2018-09-26,22.50647375,22.98977066,22.37380401,22.85710092,35785407,0,0
2018-09-27,22.80971887,22.92343579,22.53490298,22.70547836,23679736,0,0
2018-09-28,22.77181323,22.90448297,22.3643276,22.63914349,33305183,0,0
2018-10-08,21.84312505,22.24113427,21.50197429,21.6062148,29538878,0,0
2018-10-09,21.68202608,21.78626659,21.10396507,21.29349327,23196356,0,0
2018-10-10,21.34087532,21.46406865,21.04710661,21.30296968,15228707,0,0
2018-10-11,20.38375791,20.44061637,19.17077743,19.18973025,42091810,0,0
2018-10-12,18.95282,19.83412613,18.7632918,19.6161687,28403376,0,0
2018-10-15,19.79622049,20.0899892,19.3318764,19.4266405,20468816,0,0
2018-10-16,19.45506973,19.5214046,17.99570259,18.37475899,38894073,0,0
2018-10-17,18.79172103,18.83910308,17.35130671,18.06203746,40742265,0,0
2018-10-18,17.7208867,17.94832054,17.41764158,17.55031132,24742547,0,0
2018-10-19,17.09544364,18.14732515,17.06701441,18.0999431,42589723,0,0
2018-10-22,18.31790053,19.39821127,18.20418361,19.08548974,50880475,0,0
2018-10-23,18.97177282,19.01915487,18.22313643,18.29894771,37350993,0,0
2018-10-24,18.14732515,18.45057027,17.90093849,18.005179,23938847,0,0
2018-10-25,17.057538,17.67350465,16.89643903,17.48397645,34651942,0,0
2018-10-26,17.76826875,17.8156508,17.19968415,17.57874055,25145099,0,0
2018-10-29,17.39868876,17.74931593,16.70691083,16.75429288,31251469,0,0
2018-10-30,15.162256,15.65502932,15.07696831,15.07696831,79376784,0,0
2018-10-31,15.03906267,15.58869445,15.02010985,15.48445394,39521423,0,0
2018-11-01,15.8256047,16.45104776,15.6360765,15.97722726,52973756,0,0
2018-11-02,16.6784816,17.16177851,16.47000058,17.12387287,52924334,0,0
2018-11-05,17.057538,17.38921235,16.74481647,17.057538,40862033,0,0
2018-11-06,16.99120313,17.00067954,16.49842981,16.94382108,33416644,0,0
2018-11-07,16.95329749,17.60716978,16.69743442,17.08596723,51448752,0,0
2018-11-08,17.29444825,17.37025953,16.68795801,16.72586365,32814856,0,0
2018-11-09,16.57424109,17.20916056,16.45104776,16.74481647,33998504,0,0
2018-11-12,16.73534006,17.4365944,16.68795801,17.42711799,45180121,0,0
2018-11-13,17.07649082,17.56926414,16.99120313,17.35130671,49966162,0,0
2018-11-14,17.22811338,17.74931593,17.20916056,17.47450004,41787327,0,0
2018-11-15,17.42711799,17.7208867,17.28497184,17.70193388,39047337,0,0
2018-11-16,17.64507542,18.0999431,17.55978773,18.005179,46232828,0,0
2018-11-19,18.005179,18.05256105,17.63559901,17.86303285,30876324,0,0
2018-11-20,17.70193388,17.70193388,17.01963236,17.01963236,37828225,0,0
2018-11-21,16.68795801,17.18073133,16.63109955,17.11439646,23403224,0,0
2018-11-22,17.11439646,17.39868876,17.00067954,17.26601902,23882049,0,0
2018-11-23,17.1523021,17.26601902,16.50790622,16.56476468,27344031,0,0
2018-11-26,16.52685904,16.95329749,16.45104776,16.78272211,17917790,0,0
2018-11-27,16.97225031,17.09544364,16.7732457,16.88696262,21503142,0,0
2018-11-28,16.89643903,17.17125492,16.51738263,17.17125492,31678278,0,0
2018-11-29,17.32287748,17.39868876,16.63109955,16.63109955,28210063,0,0
2018-11-30,16.45104776,16.70691083,16.27099597,16.57424109,20423799,0,0
2018-12-03,17.27549543,17.6261226,17.01963236,17.45554722,50347060,0,0
2018-12-04,17.37973594,17.44607081,17.057538,17.22811338,39596548,0,0
2018-12-05,16.80167493,17.09544364,16.72586365,16.91539185,22570681,0,0
2018-12-06,16.4889534,16.57424109,16.12884982,16.18570828,37059361,0,0
2018-12-07,16.30890161,16.44157135,16.27099597,16.38471289,16076433,0,0
2018-12-10,16.21413751,16.50790622,16.17623187,16.31837802,18098160,0,0
2018-12-11,16.38471289,16.60267032,16.37523648,16.51738263,18134883,0,0
2018-12-12,16.66900519,16.70691083,16.36576007,16.40366571,15849132,0,0
2018-12-13,16.47000058,16.82062775,16.35628366,16.68795801,30603634,0,0
2018-12-14,16.5837175,16.59319391,16.23309033,16.25204315,24300929,0,0
2018-12-17,16.16675546,16.26151956,15.95827444,16.11937341,14278735,0,0
2018-12-18,16.06251495,16.2046611,15.9203688,16.05303854,12570236,0,0
2018-12-19,16.08146777,16.26151956,15.92984521,15.94879803,12297695,0,0
2018-12-20,15.88246316,16.11937341,15.80665188,16.08146777,12554555,0,0
2018-12-21,16.0151329,16.14780264,15.83508111,15.92984521,10900743,0,0
2018-12-24,15.99618008,16.46052417,15.94879803,16.44157135,30796374,0,0
2018-12-25,16.27099597,16.98172672,16.02460931,16.79219852,40607623,0,0
2018-12-26,16.69743442,16.87748621,16.41314212,16.42261853,24627799,0,0
2018-12-27,16.66900519,16.83958057,16.30890161,16.31837802,29389650,0,0
2018-12-28,16.37523648,16.45104776,15.94879803,16.15727905,19266643,0,0
2019-01-02,16.2994252,16.42261853,16.10042059,16.26151956,20586409,0,0
2019-01-03,16.26151956,16.26151956,15.57921804,15.59817086,30275189,0,0
2019-01-04,15.30440215,16.00565649,15.2570201,15.97722726,25188180,0,0
2019-01-07,16.109897,16.71638724,16.109897,16.66900519,48950015,0,0
2019-01-08,16.5837175,17.01963236,16.49842981,16.63109955,36783493,0,0
2019-01-09,16.63109955,16.97225031,16.47000058,16.65005237,40480822,0,0
2019-01-10,16.72586365,18.2894713,16.60267032,17.67350465,96168490,0,0
2019-01-11,17.90093849,18.14732515,17.40816517,17.7208867,69356693,0,0
2019-01-14,17.59769337,17.6261226,17.22811338,17.39868876,38667321,0,0
2019-01-15,17.29444825,17.97674977,17.19020774,17.82512721,49086557,0,0
2019-01-16,17.82512721,18.06203746,17.66402824,17.70193388,31661261,0,0
2019-01-17,17.68298106,17.85355644,17.27549543,17.39868876,30401724,0,0
2019-01-18,17.40816517,17.52188209,17.06701441,17.48397645,35249631,0,0
2019-01-21,17.42711799,18.05256105,17.28497184,17.84408003,48379272,0,0
2019-01-22,17.7208867,17.7208867,17.3418303,17.37973594,27686953,0,0
2019-01-23,17.23758979,17.33235389,17.01963236,17.32287748,25086204,0,0
2019-01-24,17.28497184,17.6261226,17.13334928,17.45554722,25940212,0,0
2019-01-25,17.4365944,17.56926414,17.20916056,17.21863697,23217750,0,0
2019-01-28,17.40816517,17.56926414,17.11439646,17.30392466,23402226,0,0
2019-01-29,17.21863697,17.22811338,16.62162314,16.91539185,28699153,0,0
2019-01-30,16.72586365,16.89643903,16.07199136,16.16675546,40573349,0,0
2019-01-31,16.3941893,16.56476468,16.19518469,16.3941893,25539702,0,0
2019-02-01,16.4889534,16.83958057,16.4889534,16.79219852,24013842,0,0
2019-02-11,16.82062775,17.56926414,16.79219852,17.56926414,43202034,0,0
2019-02-12,17.61664619,17.67350465,17.44607081,17.57874055,38025053,0,0
2019-02-13,17.80617439,18.93386718,17.71141029,18.73486257,104125049,0,0
2019-02-14,18.5737636,18.63062206,18.005179,18.50742873,60865034,0,0
2019-02-15,18.41266463,18.89596154,18.30842412,18.34632976,53008289,0,0
2019-02-18,18.63062206,19.40768768,18.48847591,19.27501794,82732338,0,0
2019-02-19,19.31292358,19.40768768,18.83910308,19.13287179,60581250,0,0
2019-02-20,19.11391897,19.13287179,18.64009847,19.03810769,41946079,0,0
2019-02-21,19.01915487,20.00470151,18.8580559,19.3318764,94397669,0,0
2019-02-22,19.22763589,20.50695124,19.21815948,20.3742815,89604702,0,0
2019-02-25,21.05658302,21.56830916,20.58276252,21.05658302,129510077,0,0
2019-02-26,21.0376302,21.36930455,20.38375791,20.63962098,90649642,0,0
2019-02-27,20.47852201,21.05658302,20.33637586,20.59223893,60910108,0,0
2019-02-28,20.60171534,20.77229072,20.33637586,20.43113996,34033275,0,0
2019-03-01,20.66805021,20.80071995,20.32689945,20.6585738,35879884,0,0
2019-03-04,21.25558763,21.46406865,20.72490867,20.82914918,80776927,0,0
2019-03-05,20.90496046,21.37878096,20.66805021,21.37878096,67170565,0,0
2019-03-06,21.64412044,22.00422402,20.97129533,21.30296968,68385895,0,0
2019-03-07,21.1323943,21.1323943,20.57328611,20.848102,74865600,0,0
2019-03-08,20.3742815,21.89998351,20.0899892,20.81019636,98727052,0,0
2019-03-11,21.24611122,22.2695635,20.99972456,22.23165786,101205848,0,0
2019-03-12,21.73888454,22.33589837,21.49249788,21.88103069,114246417,0,0
2019-03-13,21.5114507,21.53987993,20.77229072,20.86705482,86107339,0,0
2019-03-14,20.6585738,20.88600764,20.49747483,20.69647944,46331259,0,0
2019-03-15,20.88600764,21.05658302,20.38375791,20.57328611,47885058,0,0
2019-03-18,20.47852201,20.97129533,20.05208356,20.90496046,53603144,0,0
2019-03-19,21.00920097,21.50197429,20.89548405,21.02815379,58950515,0,0
2019-03-20,20.99024815,20.99024815,20.48799842,20.74386149,40781178,0,0
2019-03-21,20.848102,20.91443687,20.59223893,20.73438508,38004602,0,0
2019-03-22,20.74386149,20.81019636,20.34585227,20.59223893,33434367,0,0
2019-03-25,20.10894202,20.70595585,20.06155997,20.32689945,39509406,0,0
2019-03-26,20.3742815,20.47852201,19.43611691,19.45506973,49568192,0,0
2019-03-27,19.55931024,19.7109328,19.03810769,19.54983383,34602258,0,0
2019-03-28,19.54035742,20.30794663,19.4266405,19.66355075,48208869,0,0
2019-03-29,19.60669229,20.17527689,19.3318764,20.10894202,46788653,0,0
2019-04-01,20.20370612,20.79124354,20.20370612,20.74386149,60774269,0,0
2019-04-02,20.85757841,20.96181892,20.49747483,20.5638097,51602382,0,0
2019-04-03,20.49747483,20.71543226,20.27004099,20.57328611,51203040,0,0
2019-04-04,20.70595585,20.90496046,20.5638097,20.63962098,55263928,0,0
2019-04-08,20.71543226,20.87653123,19.96679587,20.17527689,54152245,0,0
2019-04-09,20.11841843,20.61119175,20.01417792,20.36480509,44443998,0,0
2019-04-10,20.32689945,22.0800353,20.20370612,21.58726198,142207895,0,0
2019-04-11,21.56830916,21.56830916,20.62066816,20.66805021,83996180,0,0
2019-04-12,20.63962098,20.78176713,19.900461,20.0899892,60831460,0,0
2019-04-15,20.42166355,20.70595585,19.92889023,19.98574869,45839835,0,0
2019-04-16,19.89098459,21.27454045,19.68250357,21.14187071,88158956,0,0
2019-04-17,21.14187071,21.30296968,20.71543226,20.85757841,61468492,0,0
2019-04-18,20.85757841,21.93788915,20.5638097,21.25558763,106126962,0,0
2019-04-19,21.16082353,21.76731377,20.89548405,21.7009789,87258889,0,0
2019-04-22,22.22218145,22.62019067,21.55883275,21.63464403,117731538,0,0
2019-04-23,21.4166866,21.55883275,20.96181892,21.01867738,58459345,0,0
2019-04-24,21.19872917,21.45459224,20.848102,21.33139891,41119893,0,0
2019-04-25,21.26506404,21.26506404,20.21318253,20.2795174,54126852,0,0
2019-04-26,20.10894202,20.6585738,20.06155997,20.19422971,37086055,0,0
2019-04-29,20.19422971,20.32689945,18.97177282,19.0475841,58501307,0,0
2019-04-30,18.86753231,19.19920666,18.6685277,19.02863128,33447703,0,0
2019-05-06,18.005179,18.31790053,17.12387287,17.12387287,61641059,0,0
2019-05-07,17.18073133,17.3418303,16.49842981,17.01015595,43355376,0,0
2019-05-08,16.52685904,17.22811338,16.3941893,16.72586365,31912072,0,0
2019-05-09,16.53633545,16.82062775,16.44157135,16.4889534,25313575,0,0
2019-05-10,16.72586365,17.14282569,15.98670367,17.08596723,50026672,0,0
2019-05-13,15.38021343,15.38021343,15.38021343,15.38021343,19646600,0,0
2019-05-14,14.12932731,15.12435036,14.12932731,14.86848729,110159896,0,0
2019-05-15,15.45602471,15.99618008,15.31387856,15.40864266,96823421,0,0
2019-05-16,15.18120882,15.31387856,14.82110524,15.17173241,63690827,0,0
2019-05-17,15.7308406,15.87298675,15.10539754,15.33283138,69203395,0,0
2019-05-20,15.30440215,15.31387856,13.8355586,14.96325139,53873095,0,0
2019-05-21,14.8779637,15.37073702,14.58419499,15.20016164,47270085,0,0
2019-05-22,15.30440215,15.76874624,15.18120882,15.3517842,50272799,0,0
2019-05-23,15.33283138,15.33283138,14.79267601,14.95377498,31749835,0,0
2019-05-24,14.82110524,15.02010985,14.66948268,14.6884355,23508388,0,0
2019-05-27,14.72634114,15.10539754,14.60314781,15.0674919,29868312,0,0
2019-05-28,15.11487395,15.17173241,14.85901088,15.03906267,32370370,0,0
2019-05-29,14.84953447,15.23806728,14.7831996,15.05801549,26999658,0,0
2019-05-30,14.92534575,14.98220421,14.51786012,14.66948268,34074125,0,0
2019-05-31,14.74529396,15.13382677,14.74529396,15.02010985,38150466,0,0
2019-06-03,15.02010985,15.02010985,15.02010985,15.02010985,0,0,0
2019-06-04,15.02010985,15.02010985,15.02010985,15.02010985,0,0,0
2019-06-05,15.02010985,15.02010985,15.02010985,15.02010985,0,0,0
2019-06-06,15.02010985,15.02010985,15.02010985,15.02010985,0,0,0
2019-06-10,15.02010985,15.02010985,15.02010985,15.02010985,0,0,0
2019-06-11,15.0201115,15.0201115,15.0201115,15.0201115,0,0,0
2019-06-12,15.0201115,15.0201115,15.0201115,15.0201115,0,0,0
2019-06-13,15.0201115,15.0201115,15.0201115,15.0201115,0,0,0
2019-06-14,15.0201115,15.0201115,15.0201115,15.0201115,0,0,0
2019-06-17,15.0201115,15.0201115,15.0201115,15.0201115,0,0,0
2019-06-18,16.52212265,16.52212265,15.6132624,15.8237353,100651753,0,0
2019-06-19,16.44558705,16.5316896,15.85243615,15.9002709,60317978,0,0
2019-06-20,15.69936495,16.2446811,15.43149035,16.0533421,54544337,0,0
2019-06-21,16.2829489,16.34991755,16.10117685,16.2064133,42513613,0,0
2019-06-24,15.9959404,16.2446811,15.9959404,16.08204295,22800329,0,0
2019-06-25,16.06290905,16.06290905,15.64196325,15.77590055,26764582,0,0
2019-06-26,15.6706641,16.00550735,15.64196325,15.8046014,17341029,0,0
2019-06-27,15.8428692,16.21598025,15.8428692,16.13944465,34169542,0,0
2019-06-28,16.1681455,16.21598025,15.8046014,16.0342082,25573014,0,0
2019-07-01,16.54125655,16.6082252,16.2446811,16.4934218,54653605,0,0
2019-07-02,16.48385485,16.9909032,16.3403506,16.77086335,52579680,0,0
2019-07-03,16.646493,16.9143676,16.4934218,16.56039045,31928024,0,0
2019-07-04,16.57952435,16.67519385,16.3594845,16.4742879,21511617,0,0
2019-07-05,16.46472095,16.50298875,16.3212167,16.36905145,15581511,0,0
2019-07-08,16.27338195,16.27338195,15.60369545,15.689798,27689848,0,0
2019-07-09,15.60369545,15.81416835,15.3453878,15.60369545,16514034,0,0
2019-07-10,15.62282935,15.73763275,15.52715985,15.5749946,11601158,0,0
2019-07-11,15.68023105,15.71849885,15.46975815,15.50802595,13149901,0,0
2019-07-12,15.52715985,15.5941285,15.2688522,15.48889205,13438416,0,0
2019-07-15,15.45062425,15.5749946,15.0775132,15.37408865,21452405,0,0
2019-07-16,15.33582085,15.54629375,15.31668695,15.4410573,14557974,0,0
2019-07-17,15.46975815,15.6132624,15.3836556,15.48889205,12949012,0,0
2019-07-18,15.498459,15.498459,15.12534795,15.18274965,17238145,0,0
2019-07-19,15.0966471,15.30712,15.08708015,15.1540488,12570077,0,0
2019-07-22,15.16361575,15.2305844,14.6374335,14.6948352,20399367,0,0
2019-07-23,14.70440215,15.0392454,14.5800318,14.97227675,16054216,0,0
2019-07-24,15.0392454,15.4793251,15.02967845,15.3453878,23624644,0,0
2019-07-25,15.3836556,15.5558607,15.3262539,15.4219234,18623743,0,0
2019-07-26,15.3453878,15.45062425,15.25928525,15.4410573,12781543,0,0
2019-07-29,15.41235645,15.54629375,15.2879861,15.37408865,13075401,0,0
2019-07-30,15.37408865,15.54629375,15.3453878,15.4410573,15735998,0,0
2019-07-31,15.5941285,15.6706641,15.33582085,15.39322255,25302144,0,0
2019-08-01,15.30712,15.3836556,15.12534795,15.2305844,17665448,0,0
2019-08-02,14.83833945,15.0009776,14.74266995,14.9818437,19233385,0,0
2019-08-05,14.924442,15.08708015,14.6182996,14.6182996,18983066,0,0
2019-08-06,14.34085805,14.34085805,13.6807385,13.9868809,29886609,0,0
2019-08-07,14.159086,14.18778685,13.8720775,13.8720775,13776281,0,0
2019-08-08,13.9486131,14.0825504,13.8720775,13.90077835,12616707,0,0
2019-08-09,14.03471565,14.0634165,13.38416305,13.44156475,23356790,0,0
2019-08-12,13.4702656,14.0442826,13.44156475,14.0251487,21747773,0,0
2019-08-13,13.86251055,13.97731395,13.70943935,13.76684105,14412430,0,0
2019-08-14,14.0634165,14.1973538,13.8720775,13.88164445,18628631,0,0
2019-08-15,13.47983255,13.93904615,13.38416305,13.8912114,16796818,0,0
2019-08-16,13.84337665,14.3312911,13.7955419,14.09211735,25503943,0,0
2019-08-19,14.28345635,14.6182996,14.14951905,14.5991657,31781416,0,0
2019-08-20,14.6374335,15.0392454,14.4843623,14.6182996,30602076,0,0
2019-08-21,14.49392925,14.72353605,14.45566145,14.541764,19491612,0,0
2019-08-22,14.62786655,14.6374335,14.350425,14.43652755,15912002,0,0
2019-08-23,14.4460945,14.47479535,14.1782199,14.2356216,18263647,0,0
2019-08-26,13.8720775,13.97731395,13.7955419,13.91991225,18252043,0,0
2019-08-27,14.0251487,14.2547555,14.0251487,14.1399521,20844945,0,0
2019-08-28,14.0442826,14.20692075,13.8912114,13.967747,18389827,0,0
2019-08-29,13.97731395,14.03471565,13.88164445,13.9103453,14161780,0,0
2019-08-30,13.99644785,14.1208182,13.67117155,13.6998724,23567824,0,0
2019-09-02,13.4893995,14.1016843,13.40329695,14.1016843,40553438,0,0
2019-09-03,14.07298345,14.6374335,14.0251487,14.5991657,45675794,0,0
2019-09-04,14.541764,14.733103,14.4078267,14.66613435,33732560,0,0
2019-09-05,14.78093775,14.97227675,14.66613435,14.6948352,46495267,0,0
2019-09-06,14.8670403,16.1490116,14.8287725,15.58456155,84069425,0,0
2019-09-09,15.87157005,16.21598025,15.58456155,16.13944465,69560468,0,0
2019-09-10,16.1490116,16.1490116,15.6323963,15.7471997,51286437,0,0
2019-09-11,15.81416835,15.881137,15.5367268,15.5367268,30065705,0,0
2019-09-12,15.6132624,15.69936495,15.4793251,15.64196325,22934082,0,0
2019-09-16,15.689798,15.77590055,15.5175929,15.64196325,23224161,0,0
2019-09-17,15.6132624,15.6132624,15.04881235,15.1923166,32746362,0,0
2019-09-18,15.22101745,15.29755305,15.08708015,15.12534795,16623448,0,0
2019-09-19,15.2114505,16.04377515,15.2114505,15.96723955,61439822,0,0
2019-09-20,15.98637345,16.1681455,15.75676665,16.0916099,47669067,0,0
2019-09-23,15.89070395,15.9768065,15.60369545,15.73763275,30322669,0,0
2019-09-24,15.7089319,16.02464125,15.54629375,15.73763275,30912964,0,0
2019-09-25,15.66109715,15.66109715,15.29755305,15.33582085,27890800,0,0
2019-09-26,15.45062425,15.48889205,14.8861742,14.8861742,26984145,0,0
2019-09-27,14.89574115,15.1540488,14.89574115,15.01054455,13687910,0,0
2019-09-30,15.04881235,15.20188355,14.80007165,14.8861742,14239757,0,0
2019-10-08,14.95314285,15.10621405,14.7139691,14.76180385,14289950,0,0
2019-10-09,14.58959875,14.85747335,14.39825975,14.80007165,10358568,0,0
2019-10-10,14.83833945,15.0775132,14.76180385,14.9818437,14428180,0,0
2019-10-11,14.9818437,15.04881235,14.6948352,14.85747335,12990221,0,0
2019-10-14,15.0392454,15.18274965,15.0009776,15.06794625,18204603,0,0
2019-10-15,15.06794625,15.0775132,14.7713708,14.924442,13769687,0,0
2019-10-16,15.25928525,15.27841915,14.9053081,14.924442,12292725,0,0
2019-10-17,14.9053081,15.0201115,14.733103,14.7522369,11691053,0,0
2019-10-18,14.81920555,14.87660725,14.49392925,14.49392925,12377748,0,0
2019-10-21,14.4843623,14.4843623,14.159086,14.24518855,11577579,0,0
2019-10-22,14.26432245,14.4652284,14.26432245,14.43652755,8765072,0,0
2019-10-23,14.350425,14.4269606,14.2356216,14.24518855,7757561,0,0
2019-10-24,14.2547555,14.34085805,13.967747,14.0251487,11566699,0,0
2019-10-25,14.0442826,14.159086,13.70943935,14.1208182,14737993,0,0
2019-10-28,14.1782199,14.51306315,14.1782199,14.5034962,16307836,0,0
2019-10-29,14.5034962,14.5034962,14.2164877,14.22605465,12849933,0,0
2019-10-30,14.22605465,14.22605465,13.91991225,13.93904615,11618441,0,0
2019-10-31,14.350425,14.5991657,13.97731395,14.0825504,20814900,0,0
2019-11-01,14.18778685,14.2547555,13.93904615,14.11125125,14540030,0,0
2019-11-04,14.24518855,15.52715985,14.20692075,15.33582085,91730447,0,0
2019-11-05,15.20188355,15.35495475,14.924442,15.31668695,51195089,0,0
2019-11-06,15.2497183,15.45062425,15.04881235,15.2497183,39596205,0,0
2019-11-07,15.24015135,15.4027895,15.06794625,15.1540488,28148921,0,0
2019-11-08,15.27841915,15.689798,14.924442,14.924442,44102671,0,0
2019-11-11,14.9053081,14.9053081,14.39825975,14.4652284,26745134,0,0
2019-11-12,14.39825975,14.49392925,14.20692075,14.47479535,16726076,0,0
2019-11-13,14.5034962,14.66613435,14.2356216,14.49392925,14635984,0,0
2019-11-14,14.51306315,15.14448185,14.45566145,15.01054455,35177829,0,0
2019-11-15,15.0201115,15.0583793,14.72353605,14.72353605,18714714,0,0
2019-11-18,14.733103,15.35495475,14.733103,15.25928525,33322131,0,0
2019-11-19,15.1923166,15.39322255,15.14448185,15.30712,27917338,0,0
2019-11-20,15.30712,15.3262539,14.9818437,14.99141065,23009733,0,0
2019-11-21,14.87660725,15.06794625,14.7713708,15.01054455,14091923,0,0
2019-11-22,14.99141065,15.2688522,14.74266995,14.8287725,21228223,0,0
2019-11-25,14.76180385,15.0009776,14.541764,14.6757013,16514187,0,0
2019-11-26,14.733103,14.97227675,14.6565674,14.97227675,14404299,0,0
2019-11-27,14.83833945,15.22101745,14.76180385,15.04881235,19268167,0,0
2019-11-28,15.01054455,15.24015135,14.9053081,15.0009776,16377142,0,0
2019-11-29,15.0009776,15.0009776,14.74266995,14.8096386,13729946,0,0
2019-12-02,14.93400895,14.97227675,14.66613435,14.6757013,12067506,0,0
2019-12-03,14.5991657,14.5991657,14.2930233,14.55133095,18425826,0,0
2019-12-04,14.5034962,14.5034962,14.32172415,14.4078267,11592018,0,0
2019-12-05,14.41739365,14.5226301,14.3695589,14.5034962,23614587,0,0
2019-12-06,14.57046485,15.16361575,14.55133095,14.93400895,35909502,0,0
2019-12-09,15.01054455,15.24015135,14.9435759,15.0392454,26070092,0,0
2019-12-10,15.0201115,15.2688522,14.83833945,15.2688522,34519639,0,0
2019-12-11,15.2879861,15.3453878,15.0392454,15.1731827,27374339,0,0
2019-12-12,15.1731827,15.1731827,15.1731827,15.1731827,0,0,0
2019-12-13,15.5941285,15.7854675,15.12534795,15.22101745,69821114,0,0
2019-12-16,15.22101745,15.498459,14.97227675,15.4410573,55065388,0,0
2019-12-17,15.54629375,15.92897175,15.41235645,15.881137,74672406,0,0
2019-12-18,15.9959404,16.19684635,15.6706641,15.7280658,63147719,0,0
2019-12-19,15.6515302,16.10117685,15.64196325,15.79503445,37137344,0,0
2019-12-20,15.7280658,15.881137,15.4601912,15.4601912,34442412,0,0
2019-12-23,15.43149035,15.43149035,15.02967845,15.0583793,26940678,0,0
2019-12-24,15.1731827,15.33582085,15.02967845,15.31668695,19763303,0,0
2019-12-25,15.22101745,15.4410573,15.16361575,15.30712,22751765,0,0
2019-12-26,15.30712,15.71849885,15.25928525,15.5749946,30172042,0,0
2019-12-27,15.6132624,15.6706641,15.2305844,15.24015135,31030454,0,0
2019-12-30,15.12534795,15.3836556,14.93400895,15.3453878,23642485,0,0
2019-12-31,15.4601912,15.73763275,15.3836556,15.5558607,27569241,0,0
2020-01-02,15.6515302,15.83330225,15.52715985,15.7663336,38667950,0,0
2020-01-03,15.8428692,16.00550735,15.5749946,15.7089319,36160206,0,0
2020-01-06,15.50802595,15.9576726,15.45062425,15.81416835,44477754,0,0
2020-01-07,15.87157005,16.54125655,15.689798,16.3594845,74311979,0,0
2020-01-08,16.3594845,16.48385485,16.10117685,16.1490116,55709638,0,0
2020-01-09,16.3594845,17.55535325,16.263815,17.22051,110960306,0,0
2020-01-10,17.26834475,17.40228205,17.05787185,17.2396439,57282098,0,0
2020-01-13,17.22051,17.7179914,17.03873795,17.63188885,63051197,0,0
2020-01-14,17.5457863,17.67015665,17.0674388,17.0865727,58313847,0,0
2020-01-15,16.96220235,17.05787185,16.71346165,16.8569659,42684754,0,0
2020-01-16,16.94306845,17.03873795,16.71346165,16.7421625,28140763,0,0
2020-01-17,16.82826505,17.0483049,16.646493,16.7230286,32380771,0,0
2020-01-20,16.61779215,17.19180915,16.56039045,17.1057066,42116886,0,0
2020-01-21,17.03873795,17.0674388,16.69432775,16.77086335,29439623,0,0
2020-01-22,16.63692605,17.17267525,16.3594845,16.9526354,39303382,0,0
2020-01-23,16.7804303,16.8760998,15.5941285,15.8620031,50231524,0,0
2020-02-03,14.2738894,14.2738894,14.2738894,14.2738894,8575600,0,0
2020-02-04,13.0875876,14.2164877,13.0875876,13.99644785,57536246,0,0
2020-02-05,14.0634165,14.6182996,14.0634165,14.159086,42868476,0,0
2020-02-06,14.20692075,14.5034962,14.0060148,14.35999195,45737394,0,0
2020-02-07,14.35999195,14.6182996,14.20692075,14.5991657,38689155,0,0
2020-02-10,14.4460945,14.97227675,14.350425,14.8861742,35691930,0,0
2020-02-11,14.8861742,15.0009776,14.60873265,14.72353605,31731223,0,0
2020-02-12,14.7139691,14.99141065,14.58959875,14.89574115,35719666,0,0
2020-02-13,14.8287725,15.06794625,14.7139691,14.74266995,33602223,0,0
2020-02-14,14.6757013,14.9818437,14.6565674,14.7713708,34502297,0,0
2020-02-17,14.8861742,15.39322255,14.8861742,15.3453878,52359829,0,0
2020-02-18,15.45062425,15.7471997,15.18274965,15.7280658,52735817,0,0
2020-02-19,15.5941285,15.89070395,15.498459,15.5175929,43969580,0,0
2020-02-20,15.5941285,15.7663336,15.3262539,15.7089319,45303573,0,0
2020-02-21,15.96723955,16.46472095,15.94810565,16.1681455,67002639,0,0
2020-02-24,16.25424805,17.21094305,16.17771245,17.0674388,89901936,0,0
2020-02-25,16.54125655,17.45968375,16.08204295,17.2587778,113795775,0,0
2020-02-26,16.9335015,18.5024813,16.88566675,17.5075185,142985088,0,0
2020-02-27,17.9093304,18.0432677,17.01960405,17.1248405,79098324,0,0
2020-02-28,16.263815,16.6273591,15.69936495,15.75676665,85206428,0,0
2020-03-02,16.0916099,17.22051,15.7471997,17.01960405,84046764,0,0
2020-03-03,17.4692507,17.88062955,16.646493,16.84739895,98440876,0,0
2020-03-04,16.46472095,16.86653285,16.2255472,16.73259555,54012107,0,0
2020-03-05,17.411849,17.82322785,16.9335015,17.6605897,111447489,0,0
2020-03-06,17.30661255,17.5649202,17.23007695,17.2396439,63379009,0,0
2020-03-09,16.86653285,17.72755835,16.75172945,17.0100371,82222594,0,0
2020-03-10,16.88566675,18.7129542,16.69432775,18.7129542,143556854,0,0
2020-03-11,19.92795685,20.5880764,19.33480595,19.46874325,283417920,0,0
2020-03-12,19.899256,20.67417895,19.4209085,20.67417895,234772479,0,0
2020-03-13,19.83228735,21.19079425,19.3443729,20.0714611,226399962,0,0
2020-03-16,20.0714611,20.0714611,18.1963389,18.41637875,163395099,0,0
2020-03-17,18.95212795,19.7461848,17.9667321,19.516578,159067916,0,0
2020-03-18,19.27740425,20.04276025,18.35897705,18.4259457,150942998,0,0
2020-03-19,18.3111423,19.73661785,18.07196855,19.39220765,139754205,0,0
2020-03-20,19.5739797,19.66008225,18.81819065,19.1339,105975092,0,0
2020-03-23,18.4450796,19.4209085,18.26330755,18.51204825,93274985,0,0
2020-03-24,19.02866355,19.08606525,16.6656269,17.63188885,152805861,0,0
2020-03-25,17.985866,17.985866,17.22051,17.5075185,104189012,0,0
2020-03-26,17.22051,17.51708545,16.88566675,17.21094305,72074136,0,0
2020-03-27,17.4692507,17.4692507,16.837832,16.837832,60247285,0,0
2020-03-30,16.3594845,16.455154,15.64196325,15.83330225,81622855,0,0
2020-03-31,16.0533421,16.1490116,15.43149035,15.4793251,57480661,0,0
2020-04-01,15.4027895,15.9002709,15.33582085,15.46975815,51690446,0,0
2020-04-02,15.60369545,16.23511415,15.48889205,16.2064133,71168133,0,0
2020-04-03,16.072476,16.1490116,15.689798,15.7089319,46766186,0,0
2020-04-07,16.12031075,16.2064133,15.881137,16.072476,52644848,0,0
2020-04-08,15.9385387,16.837832,15.881137,16.54125655,73476814,0,0
2020-04-09,16.5508235,16.6847608,16.31164975,16.455154,46831032,0,0
2020-04-10,16.31164975,16.455154,15.71849885,15.7854675,49519061,0,0
2020-04-13,15.5941285,15.7089319,15.3453878,15.45062425,28291027,0,0
2020-04-14,15.5941285,15.881137,15.54629375,15.881137,33104701,0,0
2020-04-15,15.96723955,16.0342082,15.6323963,15.7089319,36257355,0,0
2020-04-16,15.689798,16.19684635,15.43149035,16.10117685,55666907,0,0
2020-04-17,16.25424805,16.44558705,16.0342082,16.0916099,56900903,0,0
2020-04-20,16.1872794,16.5316896,16.04377515,16.50298875,50199438,0,0
2020-04-21,16.3594845,17.1057066,16.2446811,16.98133625,73132087,0,0
2020-04-22,16.73259555,17.0674388,16.67519385,16.8760998,40376093,0,0
2020-04-23,16.8760998,16.92393455,16.3403506,16.38818535,40663764,0,0
2020-04-24,16.38818535,16.67519385,15.9576726,16.0150743,33012183,0,0
2020-04-27,15.9768065,16.2829489,15.90983785,15.94810565,23658842,0,0
2020-04-28,15.94810565,15.9768065,14.924442,15.39322255,44117781,0,0
2020-04-29,15.37408865,15.58456155,15.25928525,15.4027895,20767549,0,0
2020-04-30,15.39322255,16.0533421,15.30712,15.9002709,40158816,0,0
2020-05-06,15.689798,16.50298875,15.689798,16.50298875,43376639,0,0
2020-05-07,16.7612964,17.07700575,16.40731925,16.4360201,53654608,0,0
2020-05-08,16.50298875,16.7804303,16.455154,16.5508235,44309314,0,0
2020-05-11,16.75172945,17.4501168,16.65605995,17.22051,73471513,0,0
2020-05-12,17.07700575,17.07700575,16.57952435,16.86653285,41469012,0,0
2020-05-13,16.71346165,16.80913115,16.5508235,16.6273591,26818129,0,0
2020-05-14,16.5316896,16.6847608,16.34991755,16.4360201,29687982,0,0
2020-05-15,16.5508235,16.80913115,16.4742879,16.56039045,30556170,0,0
2020-05-18,16.6082252,16.65605995,15.92897175,15.92897175,42568551,0,0
2020-05-19,16.12031075,16.2064133,15.90983785,16.1298777,27548684,0,0
2020-05-20,16.0916099,16.48385485,15.83330225,16.19684635,32616473,0,0
2020-05-21,16.21598025,16.6656269,16.1681455,16.4742879,43936906,0,0
2020-05-22,16.5508235,16.9143676,16.31164975,16.4934218,57888299,0,0
2020-05-25,16.38818535,16.38818535,15.64196325,15.689798,39042369,0,0
2020-05-26,15.79503445,15.92897175,15.77590055,15.9194048,18206445,0,0
2020-05-27,15.90983785,15.9194048,15.48889205,15.60369545,23702976,0,0
2020-05-28,15.48889205,15.71849885,15.30712,15.5749946,20633060,0,0
2020-05-29,15.498459,15.7280658,15.43149035,15.7089319,20076372,0,0
2020-06-01,15.8237353,16.3403506,15.79503445,16.2064133,34474389,0,0
2020-06-02,16.263815,16.38818535,16.08204295,16.19684635,27931417,0,0
2020-06-03,16.21598025,16.40731925,16.04377515,16.15857855,32812018,0,0
2020-06-04,16.19684635,16.23511415,15.90983785,15.92897175,22948585,0,0
2020-06-05,15.9768065,16.08204295,15.7663336,15.9194048,16604055,0,0
2020-06-08,16.072476,16.31164975,15.9576726,15.9768065,20752813,0,0
2020-06-09,15.98637345,16.00550735,15.75676665,15.87157005,23246632,0,0
2020-06-10,15.8046014,15.87157005,15.71849885,15.85243615,14245722,0,0
2020-06-11,16.04377515,16.3020828,15.89070395,16.00550735,37110017,0,0
2020-06-12,15.6323963,15.8620031,15.50802595,15.8046014,25335335,0,0
2020-06-15,15.689798,15.79503445,15.50802595,15.5175929,27531034,0,0
2020-06-16,15.64196325,15.8428692,15.64196325,15.81416835,25596033,0,0
2020-06-17,15.83330225,15.9385387,15.66109715,15.7854675,21259099,0,0
2020-06-18,15.79503445,16.2255472,15.7089319,16.072476,34594766,0,0
2020-06-19,16.3403506,16.3403506,16.0150743,16.02464125,36124622,0,0
2020-06-22,16.1490116,16.21598025,15.98637345,16.1107438,28558922,0,0
2020-06-23,16.08204295,16.08204295,15.7663336,15.8046014,28012292,0,0
2020-06-24,15.8046014,15.90983785,15.7663336,15.8428692,19384826,0,0
2020-06-29,15.79479977,15.84286672,15.58330519,15.65059892,17338995,0,0
2020-06-30,15.68905248,15.84286672,15.68905248,15.77557299,19969889,0,0
2020-07-01,15.8620935,15.8620935,15.62175875,15.82363994,23630685,0,0
2020-07-02,15.78518638,16.22740232,15.71789265,16.22740232,46883065,0,0
2020-07-03,16.26585588,16.49657724,16.16010859,16.40044334,45964520,0,0
2020-07-06,16.48696385,17.29448861,16.48696385,17.12144759,73249101,0,0
2020-07-07,17.38100912,17.66941082,16.96763335,17.14067437,83017830,0,0
2020-07-08,17.14067437,17.66941082,17.02531369,17.47714302,64384642,0,0
2020-07-09,17.57327692,19.01528542,17.32332878,18.35196151,100884739,0,0
2020-07-10,18.265441,18.265441,17.7847715,17.81361167,67502105,0,0
2020-07-13,17.71747777,18.24621422,17.63095726,18.12124015,57567591,0,0
2020-07-14,18.1693071,18.66920338,17.53482336,17.91935896,63880407,0,0
2020-07-15,17.92897235,18.08278659,17.07338064,17.15028776,59191916,0,0
2020-07-16,17.14067437,17.4002359,16.39082995,16.54464419,50625651,0,0
2020-07-17,16.66961826,16.78497894,16.40044334,16.58309775,28201154,0,0
2020-07-20,16.65039148,17.1118342,16.50619063,17.1118342,42673564,0,0
2020-07-21,17.12144759,17.16951454,16.73691199,16.88111284,33620387,0,0
2020-07-22,16.8234325,16.92917979,16.58309775,16.66961826,49458745,0,0
2020-07-23,16.35237639,16.35237639,15.74673282,16.01590774,74598735,0,0
2020-07-24,15.98706757,15.99668096,15.29490349,15.45833112,57103152,0,0
2020-07-27,15.52562485,15.63137214,15.33335705,15.63137214,23804511,0,0
2020-07-28,15.68905248,15.91016045,15.65059892,15.77557299,22426422,0,0
2020-07-29,15.78518638,16.00629435,15.5736918,15.99668096,29027484,0,0
2020-07-30,16.00629435,16.12165503,15.80441316,15.83325333,22744926,0,0
2020-07-31,15.81402655,16.01590774,15.72750604,15.89093367,24677112,0,0
2020-08-03,15.89093367,16.20817554,15.8620935,16.17933537,42199278,0,0
2020-08-04,16.18894876,16.21778893,15.8620935,16.01590774,35428141,0,0
2020-08-05,16.11204164,16.17933537,15.92938723,16.13126842,30504322,0,0
2020-08-06,16.07358808,16.08320147,15.7659596,15.97745418,36126667,0,0
2020-08-07,15.96784079,15.96784079,15.58330519,15.6698257,28196032,0,0
2020-08-10,15.62175875,15.85248011,15.53523824,15.79479977,20044811,0,0
2020-08-11,15.82363994,16.03513452,15.6698257,15.68905248,30464652,0,0
2020-08-12,15.6698257,15.79479977,15.49678468,15.78518638,25226106,0,0
2020-08-13,15.78518638,15.88132028,15.74673282,15.78518638,18026425,0,0
2020-08-14,15.79479977,15.9582274,15.5736918,15.94861401,23103166,0,0
2020-08-17,15.97745418,16.342763,15.91016045,16.33314961,46532973,0,0
2020-08-18,16.33314961,16.33314961,16.07358808,16.1504952,32814317,0,0
2020-08-19,16.14088181,16.14088181,15.78518638,15.79479977,25371087,0,0
2020-08-20,15.70827926,15.8620935,15.62175875,15.75634621,15121813,0,0
2020-08-21,15.77557299,15.91977384,15.70827926,15.7659596,13736799,0,0
2020-08-24,15.79479977,15.96784079,15.68905248,15.8620935,16955467,0,0
2020-08-25,15.91016045,16.16010859,15.8620935,16.03513452,27294167,0,0
2020-08-26,16.04474791,16.07358808,15.6698257,15.70827926,23451570,0,0
2020-08-27,15.74673282,15.87170689,15.69866587,15.79479977,15474398,0,0
2020-08-28,15.83325333,15.85248011,15.62175875,15.82363994,20473822,0,0
2020-08-31,15.7659596,15.92938723,15.71789265,15.71789265,26192353,0,0
2020-09-01,15.6698257,15.7659596,15.56407841,15.65059892,21447300,0,0
2020-09-02,15.6698257,15.70827926,15.53523824,15.58330519,19053236,0,0
2020-09-03,15.5736918,15.58330519,15.34297044,15.40065078,27332355,0,0
2020-09-04,15.21799637,15.36219722,15.0930223,15.35258383,17579314,0,0
2020-09-07,15.381424,15.7659596,15.381424,15.46794451,25171917,0,0
2020-09-08,15.52562485,15.58330519,15.39103739,15.49678468,13775955,0,0
2020-09-09,15.39103739,15.4775579,15.1891562,15.19876959,18197929,0,0
2020-09-10,15.29490349,15.33335705,14.3239511,14.41047161,32806986,0,0
2020-09-11,14.39124483,14.53544568,13.8432816,14.33356449,36856416,0,0
2020-09-14,14.34317788,14.46815195,14.18936364,14.27588415,17805415,0,0
2020-09-15,14.3239511,14.35279127,14.17975025,14.27588415,10632860,0,0
2020-09-16,14.27588415,14.88152772,14.20859042,14.59312602,27397082,0,0
2020-09-17,14.59312602,14.71810009,14.38163144,14.52583229,13695917,0,0
2020-09-18,14.50660551,14.65080636,14.47776534,14.63157958,12359686,0,0
2020-09-21,14.65080636,14.94882145,14.64119297,14.73732687,14304226,0,0
2020-09-22,14.63157958,14.67964653,14.44892517,14.47776534,9843902,0,0
2020-09-23,14.5162189,14.57389924,14.40085822,14.43931178,8086211,0,0
2020-09-24,14.47776534,14.63157958,14.27588415,14.29511093,12448336,0,0
2020-09-25,14.28549754,14.37201805,14.06438957,14.10284313,9638471,0,0
2020-09-28,14.04516279,14.16052347,13.9394155,13.96825567,7552258,0,0
2020-09-29,14.0355494,14.16052347,13.9394155,13.9394155,7350794,0,0
2020-09-30,14.02593601,14.05477618,13.86250838,13.86250838,7229370,0,0
2020-10-09,14.01632262,14.2278172,14.00670923,14.16052347,8647939,0,0
2020-10-12,14.18936364,14.56428585,14.18936364,14.53544568,13893638,0,0
2020-10-13,14.55467246,14.63157958,14.42969839,14.48737873,10858397,0,0
2020-10-14,14.5162189,14.77578043,14.48737873,14.55467246,15678004,0,0
2020-10-15,14.58351263,14.67964653,14.46815195,14.52583229,10066176,0,0
2020-10-16,14.48737873,14.68925992,14.46815195,14.67003314,11999715,0,0
2020-10-19,15.94861401,15.94861401,15.06418213,15.10263569,66966893,0,0
2020-10-20,14.9007545,15.04495535,14.78539382,15.01611518,20880097,0,0
2020-10-21,14.97766162,15.08340891,14.64119297,15.02572857,23276075,0,0
2020-10-22,14.93920806,14.94882145,14.73732687,14.81423399,11545321,0,0
2020-10-23,14.75655365,14.93920806,14.59312602,14.62196619,10754120,0,0
2020-10-26,14.57389924,14.59312602,14.30472432,14.35279127,12007017,0,0
2020-10-27,14.2278172,14.43931178,14.2278172,14.31433771,7585012,0,0
2020-10-28,14.31433771,14.420085,14.05477618,14.16052347,16609874,0,0
2020-10-29,13.99709584,14.19897703,13.9394155,14.15091008,10310373,0,0
2020-10-30,14.11245652,14.36240466,14.0355494,14.09322974,10450171,0,0
2020-11-02,14.09322974,14.23743059,14.07400296,14.16052347,9976093,0,0
2020-11-03,14.17013686,14.44892517,14.17013686,14.39124483,11956002,0,0
2020-11-04,14.41047161,14.56428585,14.28549754,14.40085822,8774048,0,0
2020-11-05,14.56428585,14.87191433,14.43931178,14.82384738,25910663,0,0
2020-11-06,14.8046206,14.87191433,14.56428585,14.64119297,16777109,0,0
2020-11-09,14.79500721,15.12186247,14.73732687,15.00650179,29720528,0,0
2020-11-10,14.9968884,14.9968884,14.66041975,14.75655365,17279664,0,0
2020-11-11,14.68925992,14.75655365,14.40085822,14.420085,14543193,0,0
2020-11-12,14.41047161,14.6123528,14.36240466,14.44892517,9584129,0,0
2020-11-13,14.43931178,14.45853856,14.28549754,14.420085,8091346,0,0
2020-11-16,14.420085,14.5162189,14.34317788,14.43931178,8502120,0,0
2020-11-17,14.44892517,14.46815195,14.29511093,14.35279127,9635645,0,0
2020-11-18,14.28549754,14.44892517,14.27588415,14.35279127,10116541,0,0
2020-11-19,14.36240466,14.43931178,14.27588415,14.41047161,9105854,0,0
2020-11-20,14.41047161,14.56428585,14.39124483,14.54505907,10691913,0,0
2020-11-23,14.54505907,14.60273941,14.41047161,14.50660551,13587471,0,0
2020-11-24,14.49699212,14.67964653,14.48737873,14.56428585,13083762,0,0
2020-11-25,14.59312602,14.63157958,14.43931178,14.44892517,15238329,0,0
2020-11-26,14.50660551,14.50660551,14.28549754,14.29511093,13503137,0,0
2020-11-27,14.29511093,14.34317788,14.07400296,14.19897703,15693044,0,0
2020-11-30,14.19897703,14.3239511,14.1316833,14.23743059,12688064,0,0
2020-12-01,14.17013686,14.38163144,14.17013686,14.35279127,10674417,0,0
2020-12-02,14.37201805,14.46815195,14.31433771,14.39124483,14846647,0,0
2020-12-03,14.39124483,14.420085,14.23743059,14.26627076,13901462,0,0
2020-12-04,14.25665737,14.30472432,14.18936364,14.28549754,10938738,0,0
2020-12-07,14.35279127,14.38163144,14.14129669,14.18936364,11238483,0,0
2020-12-08,14.15091008,14.19897703,14.0355494,14.0355494,12536707,0,0
2020-12-09,14.0355494,14.07400296,13.85289499,13.86250838,14180148,0,0
2020-12-10,13.86250838,14.07400296,13.80482804,13.92018872,11792072,0,0
2020-12-11,13.92018872,13.95864228,13.47797278,13.5548799,19504019,0,0
2020-12-14,13.62217363,13.62217363,13.458746,13.56449329,8113534,0,0
2020-12-15,13.56449329,13.64140041,13.48758617,13.56449329,6471898,0,0
2020-12-16,13.58372007,13.62217363,13.25686481,13.2664782,13525432,0,0
2020-12-17,13.23763803,13.34338532,12.93962294,13.33377193,13948040,0,0
2020-12-18,13.458746,13.64140041,13.42990583,13.46835939,12011023,0,0
2020-12-21,13.53565312,13.81444143,13.53565312,13.71830753,12343924,0,0
2020-12-22,13.71830753,13.7471477,13.28570498,13.28570498,14060678,0,0
2020-12-23,13.39145227,13.43951922,13.18957108,13.2664782,10284071,0,0
2020-12-24,13.35299871,13.35299871,12.9780765,13.25686481,13481389,0,0
2020-12-25,13.19918447,13.31454515,13.12227735,13.22802464,7140969,0,0
2020-12-28,13.25686481,13.25686481,12.9780765,13.02614345,10692828,0,0
2020-12-29,12.99730328,13.5548799,12.9780765,13.42990583,19547544,0,0
2020-12-30,13.31454515,13.39145227,13.18957108,13.32415854,10574717,0,0
2020-12-31,13.3626121,13.46835939,13.30493176,13.44913261,11578756,0,0
2021-01-04,13.44913261,13.71830753,13.27609159,13.6510138,17101550,0,0
2021-01-05,13.60294685,13.63178702,13.40106566,13.56449329,16101325,0,0
2021-01-06,13.57410668,13.60294685,13.30493176,13.34338532,14311966,0,0
2021-01-07,13.28570498,13.32415854,12.95884972,13.05498362,17777462,0,0
2021-01-08,13.04537023,13.28570498,12.74735514,13.28570498,17760881,0,0
2021-01-11,13.29531837,13.52603973,13.21841125,13.2664782,16724252,0,0
2021-01-12,13.23763803,13.42990583,13.12227735,13.19918447,12789609,0,0
2021-01-13,13.23763803,13.52603973,12.98768989,13.43951922,24320398,0,0
2021-01-14,13.43951922,13.89134855,13.38183888,13.77598787,34650198,0,0
2021-01-15,13.8432816,13.8432816,13.47797278,13.53565312,18980078,0,0
2021-01-18,13.48758617,13.66062719,13.39145227,13.5548799,16068265,0,0
2021-01-19,13.57410668,13.62217363,13.22802464,13.25686481,20277059,0,0
2021-01-20,13.2664782,13.28570498,13.09343718,13.12227735,13708111,0,0
2021-01-21,13.1703443,13.22802464,13.02614345,13.14150413,13747708,0,0
2021-01-22,13.11266396,13.11266396,12.84348904,12.89155599,20545119,0,0
2021-01-25,12.86271582,12.8819426,12.50702039,12.55508734,23636929,0,0
2021-01-26,12.55508734,12.6896748,12.51663378,12.56470073,11491545,0,0
2021-01-27,12.56470073,12.66083463,12.46856683,12.54547395,9576733,0,0
2021-01-28,12.43011327,12.497407,12.07441784,12.09364462,20390007,0,0
2021-01-29,12.09364462,12.21861869,11.70910902,11.83408309,16070496,0,0
2021-02-01,11.85330987,12.04557767,11.84369648,11.94944377,9424264,0,0
2021-02-02,11.93983038,11.99751072,11.85330987,11.87253665,8309034,0,0
2021-02-03,11.8244697,11.83408309,11.20921274,11.25727969,27351246,0,0
2021-02-04,11.25727969,11.25727969,10.58434239,10.85351731,27609152,0,0
2021-02-05,11.39186715,11.78601614,11.39186715,11.45916088,35938276,0,0
2021-02-08,11.4399341,11.56490817,11.17075918,11.21882613,20778436,0,0
2021-02-09,11.28611986,11.50722783,11.11307884,11.45916088,13456789,0,0
2021-02-10,11.44954749,11.62258851,11.35341359,11.61297512,14465010,0,0
2021-02-18,11.71872241,11.98789733,11.69949563,11.89176343,17671206,0,0
2021-02-19,11.88215004,12.41088649,11.83408309,12.38204632,22962188,0,0
2021-02-22,12.39165971,12.83387565,12.34359276,12.37243293,29505536,0,0
2021-02-23,12.37243293,12.62238107,12.2090053,12.42049988,17776040,0,0
2021-02-24,12.41088649,12.71851497,12.35320615,12.51663378,17732643,0,0
2021-02-25,12.57431412,12.67044802,12.26668564,12.28591242,15132764,0,0
2021-02-26,12.14171157,12.44934005,12.1128714,12.33397937,13856553,0,0
2021-03-01,12.47818022,12.73774175,12.4012731,12.67044802,18494091,0,0
2021-03-02,12.74735514,12.80503548,12.57431412,12.69928819,14919710,0,0
2021-03-03,12.70890158,12.77619531,12.5935409,12.71851497,14099085,0,0
2021-03-04,12.6896748,12.82426226,12.43011327,12.45895344,16492314,0,0
2021-03-05,12.48779361,12.71851497,12.43011327,12.63199446,13144420,0,0
2021-03-08,12.67044802,12.81464887,12.46856683,12.46856683,15600142,0,0
2021-03-09,12.43972666,12.5935409,11.9206036,12.25707225,18790714,0,0
2021-03-10,12.34359276,12.39165971,11.95905716,11.96867055,12022567,0,0
2021-03-11,11.96867055,12.10325801,11.8244697,12.0167375,12488118,0,0
2021-03-12,12.02635089,12.17055174,11.83408309,12.12248479,11905716,0,0
2021-03-15,12.12248479,12.34359276,11.99751072,12.18016513,12142988,0,0
2021-03-16,12.16093835,12.24745886,12.02635089,12.04557767,9715244,0,0
2021-03-17,12.02635089,12.12248479,11.93983038,12.04557767,8736552,0,0
2021-03-18,12.03596428,12.16093835,11.9206036,11.94944377,10865447,0,0
2021-03-19,11.90137682,12.09364462,11.79562953,11.94944377,10022623,0,0
2021-03-22,11.9206036,11.98789733,11.87253665,11.9206036,8286798,0,0
2021-03-23,11.93983038,11.98789733,11.75717597,11.80524292,9201503,0,0
2021-03-24,11.74756258,11.79562953,11.56490817,11.57452156,10930570,0,0
2021-03-25,11.58413495,11.67065546,11.54568139,11.59374834,7876171,0,0
2021-03-26,11.68988224,12.2090053,11.68988224,12.07441784,20230289,0,0
2021-03-29,12.17055174,12.2090053,11.93983038,11.99751072,11905421,0,0
2021-03-30,11.93021699,12.0167375,11.73794919,11.73794919,10185297,0,0
2021-03-31,11.7283358,11.81485631,11.68026885,11.78601614,6516306,0,0
2021-04-01,11.81485631,11.84369648,11.7283358,11.75717597,6173966,0,0
2021-04-02,11.75717597,11.81485631,11.73794919,11.80524292,5713246,0,0
2021-04-06,11.79562953,11.87253665,11.78601614,11.8244697,5927951,0,0
2021-04-07,11.8244697,11.90137682,11.74756258,11.80524292,6692972,0,0
2021-04-08,11.84369648,11.87253665,11.7283358,11.7283358,7914302,0,0
2021-04-09,11.71872241,11.7283358,11.56490817,11.58413495,8552224,0,0
2021-04-12,11.58413495,11.84369648,11.55529478,11.58413495,9428009,0,0
2021-04-13,11.58413495,11.80524292,11.58413495,11.73794919,8468612,0,0
2021-04-14,11.69949563,11.80524292,11.66104207,11.73794919,6690167,0,0
2021-04-15,11.70910902,11.70910902,11.58413495,11.58413495,5901031,0,0
2021-04-16,11.62258851,11.70910902,11.58413495,11.69949563,6041003,0,0
2021-04-19,11.70910902,11.87253665,11.68026885,11.86292326,10910882,0,0
2021-04-20,11.89176343,11.90137682,11.68988224,11.69949563,10971891,0,0
2021-04-21,11.71872241,11.7283358,11.58413495,11.59374834,7760665,0,0
2021-04-22,11.60336173,11.67065546,11.56490817,11.58413495,7543319,0,0
2021-04-23,11.58413495,11.62258851,11.41109393,11.45916088,10783089,0,0
2021-04-26,11.44954749,11.45916088,11.26689308,11.29573325,9312696,0,0
2021-04-27,11.26689308,11.36302698,11.09385206,11.16114579,8036243,0,0
2021-04-28,11.1515324,11.37264037,10.98810477,11.36302698,8629246,0,0
2021-04-29,11.29573325,11.40148054,11.2476663,11.25727969,7361081,0,0
2021-04-30,11.25727969,11.28611986,11.04578511,11.12269223,8130533,0,0
2021-05-06,11.12269223,11.26689308,11.07462528,11.13230562,5943970,0,0
2021-05-07,11.1515324,11.39186715,11.13230562,11.27650647,9145387,0,0
2021-05-10,11.21882613,11.2476663,11.06501189,11.10346545,8196092,0,0
2021-05-11,11.07462528,11.1515324,10.99771816,11.09385206,7612483,0,0
2021-05-12,11.02655833,11.09385206,10.94003782,11.06501189,7121478,0,0
2021-05-13,11.01694494,11.18998596,10.98810477,11.13230562,7118066,0,0
2021-05-14,11.14191901,11.23805291,11.07462528,11.22843952,8173119,0,0
2021-05-17,11.33418681,11.65142868,11.26689308,11.47838766,17351421,0,0
2021-05-18,11.536068,11.54568139,11.3438002,11.44954749,8039221,0,0
2021-05-19,11.4399341,11.44954749,11.32457342,11.36302698,6660442,0,0
2021-05-20,11.32457342,11.36302698,11.25727969,11.27650647,6754341,0,0
2021-05-21,11.26689308,11.35341359,11.06501189,11.06501189,11194459,0,0
2021-05-24,11.27650647,11.40148054,11.14191901,11.17075918,10856496,0,0
2021-05-25,11.12269223,11.29573325,11.07462528,11.28611986,11039252,0,0
2021-05-26,11.23805291,11.38225376,11.22843952,11.29573325,8944724,0,0
2021-05-27,11.26689308,11.51684122,11.25727969,11.51684122,15801083,0,0
2021-05-28,11.51684122,11.61297512,11.39186715,11.4399341,11101675,0,0
2021-05-31,11.46877427,11.52645461,11.36302698,11.39186715,10760473,0,0
2021-06-01,11.4399341,11.57452156,11.35341359,11.51684122,13745982,0,0
2021-06-02,11.49761444,11.51684122,11.26689308,11.28611986,12125646,0,0
2021-06-03,11.27650647,11.61297512,11.2476663,11.47838766,19360510,0,0
2021-06-04,11.4399341,11.61297512,11.42070732,11.57452156,15363309,0,0
2021-06-07,11.69949563,11.81485631,11.61297512,11.62258851,18692945,0,0
2021-06-08,11.64181529,11.74756258,11.57452156,11.67065546,15411097,0,0
2021-06-09,11.65142868,11.80524292,11.536068,11.55529478,18491241,0,0
2021-06-10,11.4399341,11.69949563,11.43032071,11.67065546,23308889,0,0
2021-06-11,11.56490817,11.66104207,11.06501189,11.07462528,50325409,0,0
2021-06-15,11.10346545,11.19959935,10.88235748,10.9592646,18620287,0,0
2021-06-16,10.94003782,11.26689308,10.92081104,11.01694494,22510834,0,0
2021-06-17,10.94003782,11.12269223,10.94003782,11.08423867,17648573,0,0
2021-06-18,11.08423867,11.17075918,11.00733155,11.11307884,13277158,0,0
2021-06-21,11.11307884,11.13230562,10.96887799,10.99771816,15014591,0,0
2021-06-22,10.96887799,11.07462528,10.96887799,11.01694494,12959530,0,0
2021-06-23,10.97849138,11.14191901,10.81506375,11.10346545,26704826,0,0
2021-06-24,11.07462528,11.30534664,11.03617172,11.2476663,25715967,0,0
2021-06-25,11.2476663,11.27650647,11.09385206,11.14191901,16347173,0,0
2021-06-28,11.16114579,11.27650647,11.13230562,11.14191901,14046686,0,0
2021-06-29,11.14191901,11.17075918,10.93042443,10.94003782,14557931,0,0
2021-06-30,10.94003782,10.99771816,10.89197087,10.9592646,11932287,0,0
2021-07-01,10.9592646,10.97849138,10.73815663,10.74777002,18589216,0,0
2021-07-02,10.74777002,10.80545036,10.58434239,10.62279595,18080416,0,0
2021-07-05,10.62279595,10.69970307,10.58434239,10.66124951,9608109,0,0
2021-07-06,10.97849138,11.18998596,10.96887799,11.03617172,33546426,0,0
2021-07-07,11.0553985,11.51684122,11.04578511,11.37264037,42027930,0,0
2021-07-08,11.36302698,11.44954749,11.2476663,11.38225376,27946320,0,0
2021-07-09,11.32457342,11.66104207,11.28611986,11.58413495,31233743,0,0
2021-07-12,11.66104207,11.78601614,11.536068,11.59374834,29154440,0,0
2021-07-13,11.59374834,11.78601614,11.536068,11.66104207,23650549,0,0
2021-07-14,11.67065546,11.8244697,11.58413495,11.65142868,26503960,0,0
2021-07-15,11.61297512,11.70910902,11.41109393,11.66104207,25977163,0,0
2021-07-16,11.66104207,11.79562953,11.58413495,11.62258851,17811492,0,0
2021-07-19,11.58413495,11.75717597,11.35341359,11.68026885,23013297,0,0
2021-07-20,11.58413495,11.77640275,11.55529478,11.65142868,16315341,0,0
2021-07-21,11.65142868,11.68026885,11.45916088,11.56490817,18545009,0,0
2021-07-22,11.60355758,11.70017338,11.48761862,11.68085022,19331662,0,0
2021-07-23,11.65186548,11.74848128,11.50694178,11.50694178,17524005,0,0
2021-07-26,11.50694178,11.52626494,11.0142012,11.13014016,25104928,0,0
2021-07-27,11.12047858,11.86442024,11.110817,11.61321916,45496631,0,0
2021-07-28,11.56491126,12.25088344,11.28472544,12.14460606,85947336,0,0
2021-07-29,12.25088344,12.61802348,12.05765184,12.45377662,77276418,0,0
2021-07-30,12.13494448,12.43445346,11.96103604,12.3185145,55293919,0,0
2021-08-02,12.33783766,13.02380984,12.30885292,12.84023982,69297487,0,0
2021-08-03,12.90787088,13.1397488,12.63734664,12.67599296,53679469,0,0
2021-08-04,12.7532856,12.83057824,12.560054,12.6083619,38896140,0,0
2021-08-05,12.50208452,12.8015935,12.37648398,12.40546872,35521819,0,0
2021-08-06,12.40546872,12.84023982,12.38614556,12.74362402,42129055,0,0
2021-08-09,12.8015935,12.8499014,12.49242294,12.68565454,30423322,0,0
2021-08-10,12.62768506,12.69531612,12.29919134,12.47309978,34143635,0,0
2021-08-11,12.39580714,12.62768506,12.26054502,12.45377662,31847256,0,0
2021-08-12,12.4151303,12.560054,12.3185145,12.4634382,23258032,0,0
2021-08-13,12.58903874,12.68565454,12.20257554,12.2702066,31225460,0,0
2021-08-16,12.19291396,12.37648398,12.05765184,12.21223712,24081854,0,0
2021-08-17,12.19291396,12.43445346,11.8837434,11.8837434,29520303,0,0
2021-08-18,11.8354355,12.05765184,11.67118864,12.04799026,21922531,0,0
2021-08-19,12.03832868,12.16392922,11.97069762,12.04799026,15884952,0,0
2021-08-20,11.9803592,12.00934394,11.7871276,11.9320513,16309217,0,0
2021-08-23,11.96103604,12.30885292,11.9320513,12.29919134,22815136,0,0
2021-08-24,12.29919134,12.3668224,12.1735908,12.2218987,24713168,0,0
2021-08-25,12.19291396,12.26054502,11.8837434,11.99002078,26791120,0,0
2021-08-26,11.89340498,12.1252829,11.84509708,11.89340498,15482538,0,0
2021-08-27,11.84509708,12.05765184,11.70983496,12.0286671,20853131,0,0
2021-08-30,12.076975,12.20257554,11.7871276,11.80645076,22098004,0,0
2021-08-31,11.7388197,11.87408182,11.6905118,11.81611234,19015092,0,0
2021-09-01,11.77746602,12.16392922,11.70983496,12.13494448,32746241,0,0
2021-09-02,12.1252829,12.5117461,12.00934394,12.48276136,43627221,0,0
2021-09-03,12.55039242,12.560054,12.3185145,12.37648398,28900336,0,0
2021-09-06,12.4634382,12.88854772,12.38614556,12.8499014,60524364,0,0
2021-09-07,12.90787088,13.51655042,12.90787088,12.9948251,104355933,0,0
2021-09-08,13.12042564,13.36196514,12.86922456,13.32331882,68540184,0,0
2021-09-09,13.32331882,13.89335204,13.10110248,13.40061146,86492931,0,0
2021-09-10,13.3329804,13.46824252,13.11076406,13.16873354,50393409,0,0
2021-09-13,13.26534934,13.29433408,12.95617878,13.043133,42152973,0,0
2021-09-14,13.10110248,13.19771828,12.56971558,12.62768506,50181450,0,0
2021-09-15,12.6083619,13.0914409,12.56971558,12.8982093,39039954,0,0
2021-09-16,12.8015935,13.16873354,12.76294718,12.98516352,48348580,0,0
2021-09-17,12.76294718,13.45858094,12.7532856,13.26534934,60732884,0,0
2021-09-22,13.16873354,13.5745199,13.16873354,13.50688884,57904650,0,0
2021-09-23,13.44891936,13.61316622,13.24602618,13.37162672,52091153,0,0
2021-09-24,13.35230356,13.4295962,12.96584036,13.19771828,44739948,0,0
2021-09-27,13.3329804,13.4295962,12.61802348,12.86922456,41305260,0,0
2021-09-28,12.86922456,13.5745199,12.76294718,13.5745199,68279872,0,0
2021-09-29,13.4779041,13.49722726,13.02380984,13.03347142,47581073,0,0
2021-09-30,13.15907196,13.46824252,12.8499014,13.3329804,40244985,0,0
2021-10-08,13.51655042,13.5745199,12.95617878,13.043133,39913845,0,0
2021-10-11,13.48756568,14.3474463,13.44891936,14.3474463,149254062,0,0
2021-10-12,14.47304684,14.7339095,14.1542147,14.2025226,171541954,0,0
2021-10-13,14.27015366,14.56966264,13.83538256,14.21218418,76326587,0,0
2021-10-14,14.02861416,14.41507736,13.85470572,13.99962942,48401196,0,0
2021-10-15,14.1059068,14.32812314,13.74842834,14.08658364,64736679,0,0
2021-10-18,14.1542147,14.42473894,13.88369046,14.12522996,54137864,0,0
2021-10-19,14.37643104,14.37643104,13.68079728,13.83538256,67977748,0,0
2021-10-20,13.90301362,14.6372937,13.84504414,14.21218418,78127303,0,0
2021-10-21,14.14455312,14.19286102,13.77741308,13.84504414,49214770,0,0
2021-10-22,13.79673624,13.98030626,13.6711357,13.88369046,35150440,0,0
2021-10-25,13.9126752,14.02861416,13.55519674,13.9609831,34004089,0,0
2021-10-26,13.99962942,14.2025226,13.77741308,14.12522996,52870272,0,0
2021-10-27,14.06726048,14.12522996,13.83538256,13.94165994,34484444,0,0
2021-10-28,13.9609831,14.49237,13.9126752,14.22184576,79865425,0,0
2021-10-29,14.31846156,14.77255582,14.08658364,14.6856016,83345161,0,0
2021-11-01,14.93680268,15.64209802,14.9271411,15.40055852,175031741,0,0
2021-11-02,15.54548222,16.58893286,15.32326588,15.44886642,175197641,0,0
2021-11-03,15.458528,15.458528,14.67594002,14.84018688,103615771,0,0
2021-11-04,14.8305253,16.07686912,14.75323266,15.72905224,156503375,0,0
2021-11-05,15.59379012,15.69040592,15.17834218,15.23631166,94818060,0,0
2021-11-08,15.08172638,15.39089694,14.76289424,14.91747952,73749432,0,0
2021-11-09,14.975449,15.6517596,14.9271411,15.08172638,72928986,0,0
2021-11-10,14.93680268,15.38123536,14.69526318,15.35225062,62013228,0,0
2021-11-11,15.1686806,15.6517596,14.91747952,15.37157378,64339878,0,0
2021-11-12,15.29428114,16.29908546,15.2652964,15.88363752,107117751,0,0
2021-11-15,15.96093016,16.2314544,15.7000675,15.97059174,70758923,0,0
2021-11-16,16.04788438,16.53096338,15.85465278,16.39570126,104875783,0,0
2021-11-17,16.27010072,16.907765,16.21213124,16.7628413,101389283,0,0
2021-11-18,16.7628413,17.33287452,16.35705494,16.4729939,119194891,0,0
2021-11-19,16.22179282,16.55994812,16.0382228,16.22179282,66538993,0,0
2021-11-22,16.22179282,16.6662255,16.00923806,16.49231706,69953598,0,0
2021-11-23,16.50197864,16.51164022,16.11551544,16.1348386,51539530,0,0
2021-11-24,16.01889964,16.36671652,15.90296068,16.07686912,38659483,0,0
2021-11-25,16.1348386,16.17348492,15.83532962,15.87397594,37356786,0,0
2021-11-26,15.86431436,16.15416176,15.80634488,15.90296068,38677426,0,0
2021-11-29,15.68074434,15.80634488,15.06240322,15.3619122,87171981,0,0
2021-11-30,15.49717432,16.00923806,15.4102201,15.92228384,77542837,0,0
2021-12-01,15.81600646,15.9899149,15.5551438,15.57446696,43820719,0,0
2021-12-02,15.57446696,15.70972908,15.2169885,15.52615906,39592980,0,0
2021-12-03,15.52615906,15.52615906,14.06726048,14.48270842,129419114,0,0
2021-12-06,14.45372368,14.62763212,14.22184576,14.31846156,46560763,0,0
2021-12-07,14.32812314,14.42473894,13.80639782,14.40541578,61769872,0,0
2021-12-08,14.32812314,14.6372937,14.27015366,14.49237,40623449,0,0
2021-12-09,14.47304684,14.89815636,14.2991384,14.62763212,58444350,0,0
2021-12-10,14.5406779,14.84018688,14.42473894,14.61797054,39082506,0,0
2021-12-13,14.5406779,14.81120214,14.51169316,14.64695528,31685865,0,0
2021-12-14,14.60830896,15.22665008,14.60830896,15.13969586,63725803,0,0
2021-12-15,15.0720648,15.27495798,14.90781794,14.9271411,45144597,0,0
2021-12-16,14.94646426,15.18800376,14.91747952,15.04308006,32500116,0,0
2021-12-17,14.59864738,15.05274164,14.28947682,14.70492476,59811779,0,0
2021-12-20,14.52135474,14.6372937,13.75808992,13.78707466,73807129,0,0
2021-12-21,13.87402888,14.37643104,13.87402888,14.32812314,49664709,0,0
2021-12-22,14.35710788,14.60830896,14.27981524,14.35710788,25554289,0,0
2021-12-23,14.55033948,14.7339095,14.21218418,14.3474463,33386335,0,0
2021-12-24,14.30879998,14.4440621,13.80639782,13.95132152,43185933,0,0
2021-12-27,13.94165994,14.13489154,13.68079728,13.74842834,39399933,0,0
2021-12-28,13.73876676,13.9126752,13.56485832,13.80639782,39798853,0,0
2021-12-29,13.77741308,14.17353786,13.68079728,14.08658364,48662389,0,0
2021-12-30,14.0575989,14.1542147,13.89335204,13.97064468,29133658,0,0
2021-12-31,14.009291,14.76289424,13.97064468,14.60830896,56220859,0,0
2022-01-04,14.60830896,15.18800376,14.50203158,15.10104954,68592252,0,0
2022-01-05,15.10104954,15.2169885,14.80154056,14.90781794,41593843,0,0
2022-01-06,14.8305253,14.9271411,14.45372368,14.76289424,32334424,0,0
2022-01-07,14.76289424,14.975449,14.67594002,14.76289424,29990287,0,0
2022-01-10,14.69526318,14.9271411,14.55033948,14.80154056,29337457,0,0
2022-01-11,14.75323266,14.86917162,14.55033948,14.6372937,22707935,0,0
2022-01-12,14.76289424,14.91747952,14.2991384,14.50203158,34023199,0,0
2022-01-13,14.64695528,15.10104954,14.27981524,14.2991384,46859283,0,0
2022-01-14,14.16387628,14.49237,13.9126752,14.31846156,29884587,0,0
2022-01-17,14.32812314,14.84984846,14.2991384,14.84018688,41875695,0,0
2022-01-18,14.84018688,14.98511058,14.69526318,14.84984846,29213537,0,0
2022-01-19,14.82086372,14.91747952,14.59864738,14.84018688,25297940,0,0
2022-01-20,14.84018688,14.90781794,14.45372368,14.47304684,25799086,0,0
2022-01-21,14.3474463,14.4440621,14.009291,14.09624522,28774476,0,0
2022-01-24,14.06726048,14.27015366,13.97064468,14.06726048,18653238,0,0
2022-01-25,14.06726048,14.07692206,12.8982093,12.92719404,52728273,0,0
2022-01-26,13.13008722,13.49722726,13.01414826,13.3812883,35778356,0,0
2022-01-27,13.41993462,13.45858094,13.02380984,13.02380984,21871060,0,0
2022-01-28,13.24602618,14.02861416,12.9948251,13.56485832,34707047,0,0
2022-02-07,13.8160594,14.24116892,13.56485832,13.65181254,41426391,0,0
2022-02-08,13.66147412,13.79673624,13.19771828,13.78707466,38217540,0,0
2022-02-09,13.77741308,14.009291,13.65181254,13.95132152,33286783,0,0
2022-02-10,13.99962942,14.009291,13.58418148,13.70012044,26817287,0,0
2022-02-11,13.60350464,13.70012044,13.17839512,13.2846725,28572716,0,0
2022-02-14,13.1880567,13.31365724,13.043133,13.15907196,20702729,0,0
2022-02-15,13.1397488,13.7194436,13.08177932,13.6228278,26159736,0,0
2022-02-16,13.63248938,14.27981524,13.63248938,13.7677515,47344173,0,0
2022-02-17,13.90301362,14.02861416,13.72910518,13.87402888,29887831,0,0
2022-02-18,14.009291,14.30879998,13.9126752,14.16387628,38411547,0,0
2022-02-21,14.46338526,14.65661686,14.22184576,14.56966264,57999891,0,0
2022-02-22,14.40541578,14.48270842,14.17353786,14.31846156,43313939,0,0
2022-02-23,14.30879998,14.6372937,14.27981524,14.6372937,40800303,0,0
2022-02-24,14.52135474,14.76289424,14.24116892,14.40541578,49045148,0,0
2022-02-25,14.62763212,14.6856016,14.28947682,14.31846156,37404993,0,0
2022-02-28,14.19286102,14.40541578,14.13489154,14.27981524,30431717,0,0
2022-03-01,14.2991384,15.15901902,14.2991384,14.57932422,59927753,0,0
2022-03-02,14.42473894,14.60830896,14.19286102,14.52135474,38691259,0,0
2022-03-03,14.66627844,14.76289424,14.27015366,14.27981524,27158297,0,0
2022-03-04,14.19286102,14.31846156,13.99962942,14.1059068,26136018,0,0
2022-03-07,14.009291,14.009291,13.34264198,13.48756568,43351947,0,0
2022-03-08,13.41027304,13.56485832,12.9465172,12.98516352,37141069,0,0
2022-03-09,13.02380984,13.10110248,11.8354355,12.45377662,65705252,0,0
2022-03-10,12.73396244,12.9465172,12.58903874,12.7049777,38087677,0,0
2022-03-11,12.68565454,13.46824252,12.56971558,13.41993462,57212039,0,0
2022-03-14,13.25568776,13.66147412,13.2363646,13.2846725,37565720,0,0
2022-03-15,13.12042564,13.43925778,12.32817608,12.37648398,50545559,0,0
2022-03-16,12.68565454,12.96584036,12.0286671,12.88854772,50506437,0,0
2022-03-17,13.1397488,13.9126752,13.06245616,13.46824252,75609002,0,0
2022-03-18,13.41027304,13.59384306,13.19771828,13.59384306,34634290,0,0
2022-03-21,13.4295962,13.65181254,13.1880567,13.2363646,42353973,0,0
2022-03-22,13.22670302,13.32331882,13.07211774,13.21704144,23422730,0,0
2022-03-23,13.32331882,13.53587358,13.19771828,13.48756568,33759652,0,0
2022-03-24,13.34264198,13.37162672,13.00448668,13.00448668,28497598,0,0
2022-03-25,13.07211774,13.12042564,12.52140768,12.52140768,39581382,0,0
2022-03-28,12.38614556,12.6566698,12.30885292,12.64700822,21459195,0,0
2022-03-29,12.6083619,12.73396244,12.3668224,12.59870032,21884423,0,0
2022-03-30,12.83057824,12.87888614,12.66633138,12.8015935,21091213,0,0
2022-03-31,12.7532856,12.7532856,12.43445346,12.53106926,22043619,0,0
2022-04-01,12.4634382,12.49242294,12.28952976,12.45377662,25953755,0,0
2022-04-06,12.42479188,12.44411504,12.09629816,12.21223712,24970084,0,0
2022-04-07,12.1735908,12.20257554,11.74848128,11.74848128,31791436,0,0
2022-04-08,11.8354355,11.85475866,11.31371018,11.57457284,37947176,0,0
2022-04-11,11.45863388,11.5455881,11.09149384,11.13980174,30515708,0,0
2022-04-12,11.14946332,11.41998756,10.90792382,11.38134124,26360061,0,0
2022-04-13,11.26540228,11.29438702,11.04318594,11.04318594,19931660,0,0
2022-04-14,11.1591249,11.23641754,10.9658933,11.03352436,19378364,0,0
2022-04-15,10.9658933,10.9658933,10.7726617,10.81130802,23902644,0,0
2022-04-18,10.7726617,11.08183226,10.64706116,11.0625091,23729457,0,0
2022-04-19,10.99487804,11.13980174,10.95623172,11.00453962,17740243,0,0
2022-04-20,11.110817,11.110817,10.76300012,10.80164644,16439536,0,0
2022-04-21,10.80164644,10.85961592,10.42484482,10.49247588,26154547,0,0
2022-04-22,10.32822902,10.5311222,10.27025954,10.3378906,22199764,0,0
2022-04-25,10.17364374,10.22195164,9.5166563,9.52631788,41018231,0,0
2022-04-26,9.68090316,9.7581958,9.20748574,9.25579364,46015814,0,0
2022-04-27,9.04323888,9.66158,8.9852694,9.63259526,50958743,0,0
2022-04-28,9.50699472,9.63259526,9.16883942,9.38139418,44429203,0,0
2022-04-29,9.42970208,9.79684212,9.41037892,9.7581958,39323363,0,0
2022-05-05,9.72921106,9.96108898,9.7098879,9.81616528,36920596,0,0
2022-05-06,9.6132721,9.71954948,9.49733314,9.57462578,26583032,0,0
2022-05-09,9.57462578,9.69056474,9.4683484,9.5649642,22884066,0,0
2022-05-10,9.47800998,9.79684212,9.33308628,9.71954948,34671728,0,0
2022-05-11,9.71954948,10.1929669,9.71954948,9.8548116,51036501,0,0
2022-05-12,9.83548844,10.01905846,9.78718054,9.9514274,24575521,0,0
2022-05-13,10.10601268,10.20262848,9.9514274,10.06736636,27168125,0,0
2022-05-16,10.12533584,10.16398216,9.88379634,9.9514274,22526006,0,0
2022-05-17,9.96108898,10.05770478,9.83548844,10.05770478,22471735,0,0
2022-05-18,10.07702794,10.0963511,9.88379634,9.94176582,26283542,0,0
2022-05-19,9.78718054,10.55044536,9.74853422,10.52146062,72472638,0,0
2022-05-20,10.51179904,11.05284752,10.3861985,11.02386278,68479588,0,0
2022-05-23,11.09149384,11.4006644,10.84995434,11.26540228,55488085,0,0
2022-05-24,11.19777122,11.4006644,10.61807642,10.61807642,48389039,0,0
2022-05-25,10.64706116,11.10115542,10.49247588,11.07217068,50395225,0,0
2022-05-26,11.0625091,11.99002078,10.88860066,11.7388197,82303231,0,0
2022-05-27,11.7871276,12.04799026,11.51660336,11.61321916,44603090,0,0
2022-05-30,11.67118864,11.8354355,11.4489723,11.72915812,39781383,0,0
2022-05-31,11.8354355,12.14460606,11.74848128,11.84509708,62960835,0,0
2022-06-01,11.84509708,12.25088344,11.82577392,12.16392922,49042065,0,0
2022-06-02,12.1735908,12.92719404,12.05765184,12.8015935,74170335,0,0
2022-06-06,12.76294718,13.03347142,12.560054,12.78227034,42218349,0,0
2022-06-07,12.77260876,12.93685562,12.2702066,12.37648398,69233444,0,0
2022-06-08,12.37648398,12.48276136,12.09629816,12.35716082,43642086,0,0
2022-06-09,12.23156028,12.38614556,12.13494448,12.26054502,31817005,0,0
2022-06-10,12.26054502,12.43445346,12.1252829,12.35716082,32931865,0,0
2022-06-13,12.3185145,12.8982093,12.20257554,12.78227034,41164748,0,0
2022-06-14,12.560054,12.66633138,11.9803592,12.5117461,47080022,0,0
2022-06-15,12.48276136,12.73396244,12.3185145,12.44411504,35205245,0,0
2022-06-16,12.44411504,13.2363646,12.37648398,12.92719404,59680055,0,0
2022-06-17,12.7532856,13.6711357,12.71463928,13.65181254,65924958,0,0
2022-06-20,13.94165994,14.26049208,13.74842834,13.7677515,62881391,0,0
2022-06-21,13.72910518,14.02861416,13.49722726,13.65181254,37334905,0,0
2022-06-22,13.63248938,13.9609831,13.51655042,13.54553516,31620522,0,0
2022-06-23,13.61316622,14.13489154,13.56485832,14.009291,36838679,0,0
2022-06-24,14.06726048,14.82086372,13.92233678,14.53101632,63634503,0,0
2022-06-27,14.5406779,14.65661686,14.2508305,14.37643104,42639879,0,0
2022-06-28,14.42473894,14.48270842,14.1542147,14.36676946,23247687,0,0
2022-06-29,14.2991384,14.36676946,13.3812883,13.4779041,77696794,0,0
2022-06-30,13.6711357,14.2025226,13.6711357,14.04793732,46127665,0,0
2022-07-01,13.98996784,14.09624522,13.45858094,13.66147412,51971526,0,0
2022-07-04,13.73876676,13.7677515,13.41027304,13.7194436,37829637,0,0
2022-07-05,13.7677515,13.89335204,13.50688884,13.74842834,30201884,0,0
2022-07-06,13.64215096,14.64695528,13.64215096,14.38609262,82671730,0,0
2022-07-07,14.21218418,15.48751274,14.17353786,15.34258904,97686493,0,0
2022-07-08,15.37170624,16.012194,15.34259316,15.51727164,83561784,0,0
2022-07-11,15.51727164,15.54638472,14.53713128,14.91560132,75334333,0,0
2022-07-12,15.01264492,15.78899372,15.00294056,15.25525392,55159308,0,0
2022-07-13,15.25525392,16.08982888,15.17761904,15.9636722,74993757,0,0
2022-07-14,15.97337656,17.00203872,15.9151504,16.61386432,95955071,0,0
2022-07-15,16.48770764,16.70120356,16.32273352,16.41977712,43792060,0,0
2022-07-18,16.66238612,17.40962184,16.32273352,17.31257824,69879045,0,0
2022-07-19,17.15730848,17.467848,16.84676896,17.1281954,54931323,0,0
2022-07-20,17.13789976,18.12774448,16.6914992,17.94336164,74644729,0,0
2022-07-21,17.88513548,17.96277036,17.15730848,17.24464772,48586899,0,0
2022-07-22,17.25435208,17.4193262,16.740021,17.01174308,52454881,0,0
2022-07-25,16.89529076,17.04085616,15.58520216,16.07042016,95853207,0,0
2022-07-26,16.3033248,16.80795152,15.90544604,16.62356868,56210661,0,0
2022-07-27,16.5944556,16.67209048,15.87633296,16.47800328,66154486,0,0
2022-07-28,16.497412,16.81765588,14.9932362,15.20673212,139703661,0,0
2022-07-29,15.19702776,15.7210632,15.1388016,15.17761904,77690176,0,0
2022-08-01,15.19702776,15.87633296,15.10968852,15.50756728,65456487,0,0
2022-08-02,15.2358452,15.5754978,14.9447144,15.16791468,54329999,0,0
2022-08-03,15.24554956,15.83751552,15.11939288,15.20673212,50251105,0,0
2022-08-04,15.20673212,15.61431524,14.96412312,15.32318444,35684077,0,0
2022-08-05,15.34259316,15.49786292,14.77003592,15.16791468,47000445,0,0
2022-08-08,14.93501004,15.60461088,14.61476616,15.284367,55354981,0,0
2022-08-09,15.26495828,16.254803,15.16791468,15.8181068,70438926,0,0
2022-08-10,15.8181068,16.23539428,15.53668036,15.80840244,38871497,0,0
2022-08-11,15.99278528,16.5944556,15.83751552,16.1092376,44703563,0,0
2022-08-12,16.04130708,16.04130708,15.48815856,15.68224576,40253008,0,0
2022-08-15,15.65313268,16.497412,15.61431524,16.29362044,46887914,0,0
2022-08-16,16.32273352,17.14760412,16.32273352,16.62356868,53155342,0,0
2022-08-17,16.51682072,17.06996924,16.51682072,16.60415996,30811754,0,0
2022-08-18,16.47800328,17.48725672,16.4488902,17.35139568,60402635,0,0
2022-08-19,17.38050876,17.39021312,16.74972536,16.95351692,41976450,0,0
2022-08-22,16.68179484,16.89529076,16.14805504,16.38095968,60458781,0,0
2022-08-23,16.2062812,16.8370646,16.19657684,16.5459338,33512492,0,0
2022-08-24,16.5459338,16.6429774,15.75017628,15.80840244,33723401,0,0
2022-08-25,15.9636722,15.97337656,15.3328888,15.50756728,32615681,0,0
2022-08-26,15.51727164,16.2062812,15.34259316,15.83751552,30602833,0,0
2022-08-29,15.5754978,16.27421172,15.24554956,16.0607158,24029682,0,0
2022-08-30,16.6914992,17.67163956,16.50711636,17.67163956,158837426,0,0
2022-08-31,17.65223084,17.76868316,16.1092376,16.33243788,123955201,0,0
2022-09-01,16.4003684,17.96277036,16.4003684,17.70075264,130844843,0,0
2022-09-02,17.62311776,17.93365728,17.02144744,17.47755236,88341342,0,0
2022-09-05,17.63282212,18.680893,17.5163698,18.25390116,93502313,0,0
2022-09-06,18.37035348,19.29226768,18.0501096,18.8264584,89088938,0,0
2022-09-07,18.8264584,19.2631546,18.64207556,19.03995432,56567163,0,0
2022-09-08,18.85557148,19.17581536,18.59355376,18.7779366,40402946,0,0
2022-09-09,18.923502,19.00113688,18.13744884,18.61296248,41534807,0,0
2022-09-13,18.680893,18.80704968,17.96277036,18.36064912,39001198,0,0
2022-09-14,18.06951832,18.54503196,17.74927444,18.11804012,28699170,0,0
2022-09-15,18.195675,18.27330988,16.6914992,17.01174308,60938658,0,0
2022-09-16,16.81765588,17.21553464,16.4003684,16.53622944,41142441,0,0
2022-09-19,16.50711636,17.11849104,16.32273352,16.79824716,41953332,0,0
2022-09-20,17.0311518,17.8560224,17.0311518,17.44843928,53536987,0,0
2022-09-21,17.30287388,18.06951832,17.1767172,17.5648916,44830518,0,0
2022-09-22,17.467848,18.03070088,16.90499512,17.6619352,34252389,0,0
2022-09-23,17.59400468,17.8075006,16.96322128,17.29316952,31517099,0,0
2022-09-26,17.19612592,18.42857964,17.10878668,18.0501096,53766026,0,0
2022-09-27,18.438284,19.56398976,18.438284,19.20492844,76936836,0,0
2022-09-28,19.2146328,19.53487668,18.51591888,18.6323712,42911118,0,0
2022-09-29,18.74882352,18.89438892,18.1471532,18.4868058,32335666,0,0
2022-09-30,18.46739708,18.73911916,17.6134134,17.6619352,37772956,0,0
2022-10-10,17.6619352,18.27330988,17.4193262,17.57459596,32306815,0,0
2022-10-11,17.710457,18.93320636,17.48725672,18.80704968,47143036,0,0
2022-10-12,18.67118864,19.63192028,18.33153604,19.44753744,63295539,0,0
2022-10-13,19.30197204,19.71925952,19.15640664,19.34078948,42508174,0,0
2022-10-14,19.40872,19.5057636,18.8264584,19.07877176,46714595,0,0
2022-10-17,18.8264584,19.03024996,18.38005784,18.78764096,37219913,0,0
2022-10-18,18.74882352,20.1850688,18.67118864,20.0395034,64312166,0,0
2022-10-19,19.7968944,19.83571184,19.20492844,19.3116764,50820489,0,0
2022-10-20,19.2631546,19.49605924,18.66148428,18.98172816,37203153,0,0
2022-10-21,19.3601982,20.3306342,19.2146328,20.15595572,71142843,0,0
2022-10-24,20.15595572,20.8158522,19.68044208,20.09772956,52714224,0,0
2022-10-25,20.0395034,20.73821732,19.69014644,20.35974728,41736180,0,0
2022-10-26,20.06861648,20.35974728,19.30197204,20.09772956,56062689,0,0
2022-10-27,19.893938,19.9424598,18.08892704,18.5838494,113257606,0,0
2022-10-28,18.26360552,19.33108512,18.25390116,18.84586712,55247057,0,0
2022-10-31,18.25390116,19.7483726,18.23449244,18.8749802,57470544,0,0
2022-11-01,18.90409328,19.04965868,17.39991748,18.0501096,94304611,0,0
2022-11-02,17.96277036,17.96277036,16.6914992,17.5163698,89306568,0,0
2022-11-03,17.40962184,17.49696108,16.76913408,17.28346516,85447244,0,0
2022-11-04,17.2737608,17.8560224,17.1767172,17.64252648,66472301,0,0
2022-11-07,17.64252648,17.6619352,15.97337656,16.5459338,137371612,0,0
2022-11-08,16.6914992,17.5648916,16.48770764,17.2737608,109923504,0,0
2022-11-09,17.3222826,17.3222826,16.50711636,16.67209048,56019892,0,0
2022-11-10,16.58475124,16.90499512,16.24509864,16.42948148,42155733,0,0
2022-11-11,16.98263,17.20583028,16.47800328,16.5459338,44149482,0,0
2022-11-14,16.94381256,17.4193262,16.55563816,16.90499512,83800019,0,0
2022-11-15,16.90499512,17.35139568,16.6429774,17.26405644,62517050,0,0
2022-11-16,17.16701284,17.23494336,16.5944556,16.71090792,44510785,0,0
2022-11-17,16.63327304,16.71090792,15.70165448,15.99278528,75614974,0,0
2022-11-18,15.92485476,15.95396784,15.55608908,15.64342832,50401269,0,0
2022-11-21,15.64342832,15.9636722,15.526976,15.83751552,32122252,0,0
2022-11-22,15.769585,16.012194,15.4299324,15.66283704,33379009,0,0
2022-11-23,15.66283704,16.56534252,15.44934112,16.34214224,70071127,0,0
2022-11-24,16.48770764,17.01174308,16.36155096,16.43918584,44453329,0,0
2022-11-25,16.012194,16.18687248,15.27466264,15.54638472,81499369,0,0
2022-11-28,15.2358452,16.3518466,15.2358452,16.0607158,71672364,0,0
2022-11-29,15.75988064,15.8666286,15.58520216,15.64342832,67600107,0,0
2022-11-30,15.55608908,15.9636722,15.3814106,15.9151504,55494937,0,0
2022-12-01,15.92485476,16.53622944,15.74047192,16.21598556,78710408,0,0
2022-12-02,16.13835068,16.80795152,16.0607158,16.497412,52792441,0,0
2022-12-05,16.52652508,16.63327304,16.0607158,16.18687248,52180794,0,0
2022-12-06,16.08982888,16.08982888,15.43963676,15.63372396,69219925,0,0
2022-12-07,15.526976,15.8181068,15.44934112,15.59490652,35539525,0,0
2022-12-08,15.53668036,15.79869808,15.41052368,15.45904548,33858475,0,0
2022-12-09,15.39111496,15.48815856,14.72151412,14.7506272,91667894,0,0
2022-12-12,14.76033156,14.93501004,14.40127024,14.88648824,50616737,0,0
2022-12-13,14.88648824,14.96412312,14.49831384,14.52742692,29519787,0,0
2022-12-14,14.56624436,14.64387924,14.11013944,14.25570484,45519651,0,0
2022-12-15,14.2168874,14.56624436,14.08102636,14.44979204,32382819,0,0
2022-12-16,14.3624528,14.3624528,13.81900864,14.071322,49365850,0,0
2022-12-19,14.0228002,14.18777432,13.84812172,13.94516532,25397957,0,0
2022-12-20,13.89664352,14.6050618,13.81900864,14.48860948,78486742,0,0
2022-12-21,14.59535744,15.1388016,14.4109746,14.92530568,72933837,0,0
2022-12-22,14.92530568,14.97382748,13.49876476,13.88693916,101969558,0,0
2022-12-23,13.56669528,14.03250456,13.3920168,13.6346258,54358101,0,0
2022-12-26,13.54728656,14.55654,13.51817348,14.46920076,63674073,0,0
2022-12-27,14.4594964,14.77003592,14.00339148,14.56624436,76896741,0,0
2022-12-28,14.44979204,14.76033156,14.22659176,14.56624436,49996687,0,0
2022-12-29,14.46920076,14.799149,14.46920076,14.6535836,36739755,0,0
2022-12-30,14.66328796,15.11939288,14.53713128,14.61476616,51363241,0,0
2023-01-03,14.69240104,15.89574168,14.55654,15.73076756,84719006,0,0
2023-01-04,15.73076756,15.8181068,15.284367,15.45904548,46856204,0,0
2023-01-05,15.54638472,15.68224576,15.29407136,15.63372396,35673942,0,0
2023-01-06,15.6240196,16.00248964,15.54638472,15.63372396,44121584,0,0
2023-01-09,15.68224576,15.93455912,15.45904548,15.79869808,41708934,0,0
2023-01-10,15.99278528,16.26450736,15.70165448,15.75017628,37965590,0,0
2023-01-11,15.7210632,15.84721988,15.44934112,15.53668036,38742512,0,0
2023-01-12,15.5754978,15.88603732,15.526976,15.63372396,30746498,0,0
2023-01-13,15.6240196,15.75017628,15.14850596,15.39111496,42840419,0,0
2023-01-16,15.60461088,15.6240196,15.21643648,15.31348008,42194234,0,0
2023-01-17,15.3814106,15.40081932,15.05146236,15.17761904,35092329,0,0
2023-01-18,15.22614084,15.3328888,15.0902798,15.2358452,27250922,0,0
2023-01-19,15.0902798,15.14850596,14.05191328,14.4109746,125306324,0,0
2023-01-20,14.44979204,14.74092284,14.44008768,14.6535836,53214033,0,0
2023-01-30,14.8476708,14.97382748,14.66328796,14.74092284,54205207,0,0
2023-01-31,14.78944464,15.16791468,14.71180976,15.041758,49472182,0,0
2023-02-01,15.1873234,15.4784542,14.9932362,15.27466264,62542397,0,0
2023-02-02,15.2358452,15.25525392,14.66328796,14.76033156,88207476,0,0
2023-02-03,14.64387924,14.73121848,13.89664352,14.08102636,118911064,0,0
2023-02-06,13.99368712,14.13925252,13.78989556,13.94516532,56570707,0,0
2023-02-07,13.99368712,14.06161764,13.79959992,13.93546096,46516253,0,0
2023-02-08,13.98398276,14.071322,13.83841736,13.86753044,42228237,0,0
2023-02-09,13.80930428,14.2168874,13.61521708,14.2168874,76367604,0,0
2023-02-10,14.20718304,14.33333972,14.00339148,14.06161764,49366000,0,0
2023-02-13,14.1198438,14.4109746,14.071322,14.32363536,58225321,0,0
2023-02-14,14.313931,14.5080182,14.22659176,14.34304408,49161066,0,0
2023-02-15,14.33333972,14.64387924,14.27511356,14.58565308,72862838,0,0
2023-02-16,14.57594872,14.57594872,14.00339148,14.1683656,79034217,0,0
2023-02-17,14.10043508,14.19747868,13.7801912,13.79959992,52547161,0,0
2023-02-20,13.7801912,13.91605224,13.62492144,13.90634788,54679761,0,0
2023-02-21,13.8772348,14.29452228,13.78989556,14.06161764,52427083,0,0
2023-02-22,13.98398276,14.2168874,13.91605224,13.98398276,35351400,0,0
2023-02-23,13.94516532,14.49831384,13.90634788,14.44979204,94970303,0,0
2023-02-24,14.28481792,14.32363536,14.10043508,14.17806996,62739335,0,0
2023-02-27,14.071322,14.47890512,13.96457404,14.29452228,67853695,0,0
2023-02-28,14.43038332,14.57594872,14.00339148,14.29452228,75259840,0,0
2023-03-01,14.2168874,14.53713128,14.18777432,14.4109746,68819514,0,0
2023-03-02,14.47890512,15.26495828,14.4594964,15.10968852,194411048,0,0
2023-03-03,15.14850596,15.22614084,14.87678388,15.0902798,107403113,0,0
2023-03-06,15.02234928,15.50756728,14.85737516,15.41052368,133498721,0,0
2023-03-07,15.22614084,15.26495828,14.6535836,14.72151412,106822541,0,0
2023-03-08,14.6050618,15.01264492,14.55654,14.9447144,72375354,0,0
2023-03-09,14.8476708,14.91560132,14.62447052,14.76033156,54142734,0,0
2023-03-10,14.61476616,14.7021054,14.071322,14.12954816,92385101,0,0
2023-03-13,14.03250456,14.2654092,13.90634788,14.20718304,56309522,0,0
2023-03-14,14.20718304,14.20718304,13.61521708,13.83841736,68588616,0,0
2023-03-15,13.9257566,14.10043508,13.79959992,13.96457404,46629502,0,0
2023-03-16,13.85782608,13.88693916,13.4890604,13.50846912,54874500,0,0
2023-03-17,13.61521708,13.71226068,13.47935604,13.52787784,56989688,0,0
2023-03-20,13.6831476,14.73121848,13.6831476,14.56624436,172344057,0,0
2023-03-21,14.55654,14.56624436,14.33333972,14.52742692,60993317,0,0
2023-03-22,14.57594872,15.19702776,14.49831384,14.97382748,109942790,0,0
2023-03-23,14.8476708,15.25525392,14.799149,15.09998416,92605312,0,0
2023-03-24,15.01264492,15.40081932,14.95441876,15.27466264,106538349,0,0
2023-03-27,15.34259316,15.77928936,15.14850596,15.42022804,136818307,0,0
2023-03-28,15.284367,15.35229752,14.78944464,14.81855772,91239736,0,0
2023-03-29,14.87678388,15.1388016,14.76033156,14.85737516,65758295,0,0
2023-03-30,14.82826208,14.88648824,14.46920076,14.58565308,62732217,0,0
2023-03-31,14.63417488,14.68269668,14.33333972,14.6535836,50580907,0,0
2023-04-03,14.66328796,15.46874984,14.66328796,15.30377572,107458601,0,0
2023-04-04,15.32318444,15.43963676,14.9932362,15.12909724,83526978,0,0
2023-04-06,15.26495828,16.26450736,14.9447144,16.12864632,206664426,0,0
2023-04-07,17.0796736,17.64252648,16.41977712,16.7885428,260820706,0,0
2023-04-10,16.72061228,16.97292564,15.92485476,16.03160272,165558695,0,0
2023-04-11,16.0607158,16.11894196,15.4784542,15.71135884,116432564,0,0
2023-04-12,15.70165448,16.08982888,15.54638472,15.97337656,121123670,0,0
2023-04-13,15.8181068,15.82781116,15.1873234,15.35229752,121954470,0,0
2023-04-14,15.27466264,15.4299324,15.05146236,15.41052368,75400006,0,0
2023-04-17,15.51727164,15.55608908,14.7506272,14.9932362,107487432,0,0
2023-04-18,15.00294056,15.64342832,14.88648824,15.49786292,110205758,0,0
2023-04-19,15.51727164,15.73076756,15.284367,15.4784542,113004986,0,0
2023-04-20,15.60461088,15.88603732,15.4784542,15.79869808,125119313,0,0
2023-04-21,15.9151504,16.00248964,14.73121848,14.83796644,135503176,0,0
2023-04-24,14.6535836,15.61431524,14.61476616,15.19702776,108201957,0,0
2023-04-25,15.0902798,15.11939288,14.01309584,14.20718304,124117091,0,0
2023-04-26,14.38186152,14.8476708,14.2654092,14.39156588,81059965,0,0
2023-04-27,14.1683656,14.23629612,13.83841736,13.90634788,72591880,0,0
2023-04-28,13.9742784,14.2168874,13.9257566,14.12954816,54057604,0,0
2023-05-04,14.06161764,14.48860948,13.98398276,14.34304408,54777386,0,0
2023-05-05,14.34304408,14.34304408,13.85782608,13.9742784,50180219,0,0
2023-05-08,13.98398276,14.2168874,13.93546096,14.1198438,35977282,0,0
2023-05-09,14.09073072,14.10043508,13.6831476,13.70255632,61529165,0,0
2023-05-10,13.74137376,13.98398276,13.6831476,13.94516532,43498221,0,0
2023-05-11,13.8772348,14.40127024,13.7801912,14.18777432,54944147,0,0
2023-05-12,14.08102636,14.2168874,13.94516532,13.96457404,33722791,0,0
2023-05-15,14.071322,14.5080182,14.071322,14.43038332,56971835,0,0
2023-05-16,14.42067896,14.7021054,14.313931,14.40127024,54883726,0,0
2023-05-17,14.33333972,14.56624436,14.28481792,14.43038332,29231574,0,0
2023-05-18,14.42067896,14.8961926,14.38186152,14.799149,69877670,0,0
2023-05-19,14.67299232,14.7506272,14.51772256,14.71180976,35978062,0,0
2023-05-22,14.72151412,14.72151412,14.29452228,14.44979204,41141267,0,0
2023-05-23,14.43038332,14.44008768,14.10043508,14.13925252,36621905,0,0
2023-05-24,14.08102636,14.2654092,14.01309584,14.04220892,25619195,0,0
2023-05-25,14.06161764,14.29452228,13.96457404,14.14895688,29577864,0,0
2023-05-26,14.11013944,14.18777432,13.93546096,14.071322,25231725,0,0
2023-05-29,14.08102636,14.30422664,14.0228002,14.14895688,30767967,0,0
2023-05-30,14.05191328,14.12954816,13.71226068,14.071322,53499015,0,0
2023-05-31,13.99368712,14.11013944,13.9257566,14.03250456,28570184,0,0
2023-06-01,14.071322,14.33333972,14.01309584,14.15866124,43350776,0,0
2023-06-02,14.2168874,14.799149,14.18777432,14.51772256,68364936,0,0
2023-06-05,14.52742692,14.58565308,14.3624528,14.44008768,35910187,0,0
2023-06-06,14.40127024,14.4109746,13.94516532,14.0228002,40791939,0,0
2023-06-07,14.04220892,14.14895688,13.6831476,13.77048684,61178411,0,0
2023-06-08,13.72196504,13.79959992,13.0523642,13.100886,103108725,0,0
2023-06-09,13.12029472,13.52787784,12.858277,13.4890604,82275052,0,0
2023-06-12,13.32408628,13.3920168,13.16881652,13.2949732,39422734,0,0
2023-06-13,13.33379064,13.586104,13.22704268,13.54728656,47538151,0,0
2023-06-14,13.55699092,13.86753044,13.45024296,13.76078248,58712940,0,0
2023-06-15,13.7801912,15.041758,13.76078248,14.62447052,177741225,0,0
2023-06-16,14.42067896,15.0902798,14.313931,15.02234928,128942397,0,0
2023-06-19,15.1873234,15.32318444,14.88648824,15.20673212,134196669,0,0
2023-06-20,15.1388016,15.5754978,14.9932362,15.14850596,96699659,0,0
2023-06-21,15.1388016,15.14850596,14.49831384,14.5080182,84946841,0,0
2023-06-26,14.44008768,14.7021054,14.22659176,14.38186152,74699509,0,0
2023-06-27,14.38186152,14.40127024,13.95486968,14.19747868,58888718,0,0
2023-06-28,14.22659176,14.22659176,13.49876476,13.98398276,62453141,0,0
2023-06-29,13.91605224,14.19747868,13.8772348,14.00339148,46092486,0,0
2023-06-30,13.93546096,14.3624528,13.85782608,14.22659176,53438150,0,0
2023-07-03,14.24600048,14.52742692,14.1198438,14.43038332,55937720,0,0
2023-07-04,14.43038332,14.92530568,14.38186152,14.64387924,66295904,0,0
2023-07-05,14.63417488,14.64387924,14.2168874,14.2654092,50162922,0,0
2023-07-06,14.18777432,14.44008768,14.1683656,14.22659176,29285689,0,0
2023-07-07,14.1680352,14.2265808,13.8362768,13.9631256,32794661,0,0
2023-07-10,14.1094896,14.2168232,13.9631256,14.0119136,24674631,0,0
2023-07-11,14.0119136,14.197308,13.953368,14.050944,28050666,0,0
2023-07-12,14.0411864,14.0411864,13.7387008,13.758216,42921629,0,0
2023-07-13,13.8753072,14.0802168,13.8167616,14.0314288,33415814,0,0
2023-07-14,14.6266424,15.4365232,14.6266424,15.4365232,220895935,0,0
2023-07-17,15.563372,15.5926448,15.2999168,15.5048264,170515444,0,0
2023-07-18,15.4267656,15.4267656,14.929128,14.977916,94886113,0,0
2023-07-19,15.1047648,15.2511288,14.9584008,14.9876736,72421988,0,0
2023-07-20,15.0462192,15.075492,14.6461576,14.6754304,68983572,0,0
2023-07-21,14.6364,14.8217944,14.5485816,14.5973696,54393837,0,0
2023-07-24,14.5680968,14.8608248,14.4314904,14.6656728,49729488,0,0
2023-07-25,14.8705824,14.9584008,14.7144608,14.9388856,63071553,0,0
2023-07-26,14.8608248,14.88034,14.6168848,14.782764,43324300,0,0
2023-07-27,14.7242184,14.8608248,14.5485816,14.6071272,36103615,0,0
2023-07-28,14.6559152,14.9486432,14.5778544,14.8900976,48373243,0,0
2023-07-31,14.8900976,15.026704,14.8217944,14.9974312,48829852,0,0
2023-08-01,14.9388856,14.9681584,14.7437336,14.929128,38327201,0,0
2023-08-02,15.026704,15.1437952,14.733976,14.8022792,38612518,0,0
2023-08-03,14.6949456,14.7730064,14.5973696,14.7242184,28459824,0,0
2023-08-04,14.7534912,14.9193704,14.7242184,14.8022792,36051322,0,0
2023-08-07,14.831552,14.9096128,14.538824,14.5973696,41418290,0,0
2023-08-08,14.538824,14.6559152,14.4119752,14.4705208,34711944,0,0
2023-08-09,14.441248,14.5095512,14.14852,14.1777928,42101967,0,0
2023-08-10,14.1777928,14.3143992,14.1582776,14.2851264,21890097,0,0
2023-08-11,14.2753688,14.343672,14.0314288,14.0411864,28998760,0,0
2023-08-14,13.8362768,14.1680352,13.807004,14.1290048,22344933,0,0
2023-08-15,14.1192472,14.2851264,13.9143376,14.050944,22228651,0,0
2023-08-16,13.953368,13.9923984,13.7679736,13.8265192,20060386,0,0
2023-08-17,13.7777312,14.0119136,13.7191856,13.9728832,22838256,0,0
2023-08-18,13.9436104,14.0802168,13.8167616,13.8167616,19770289,0,0
2023-08-21,13.90458,14.0314288,13.8167616,13.8362768,19157746,0,0
2023-08-22,13.8753072,13.9826408,13.5825792,13.9728832,30231686,0,0
2023-08-23,13.953368,13.953368,13.6801552,13.7191856,16419222,0,0
2023-08-24,13.7972464,13.9240952,13.6216096,13.8460344,22102019,0,0
2023-08-25,13.6899128,13.7289432,13.2996088,13.4557304,41503727,0,0
2023-08-28,14.2558536,14.2656112,13.5435488,13.5923368,38327309,0,0
2023-08-29,13.5923368,13.9631256,13.5337912,13.9143376,32581673,0,0
2023-08-30,13.9240952,14.1290048,13.8362768,13.9143376,33524202,0,0
2023-08-31,13.90458,13.9338528,13.758216,13.7972464,21689155,0,0
2023-09-01,13.8167616,13.8655496,13.709428,13.7777312,19102672,0,0
2023-09-04,13.8460344,13.9826408,13.758216,13.9728832,27942124,0,0
2023-09-05,13.9923984,14.0119136,13.7874888,13.8362768,23133715,0,0
2023-09-06,13.7874888,13.953368,13.6801552,13.9240952,23645403,0,0
2023-09-07,13.9143376,13.9143376,13.66064,13.709428,23501778,0,0
2023-09-08,13.6508824,13.7874888,13.6216096,13.7191856,16735422,0,0
2023-09-11,13.807004,14.0899744,13.7387008,13.9631256,36312927,0,0
2023-09-12,13.953368,14.0411864,13.9143376,13.9631256,23152699,0,0
2023-09-13,14.0119136,14.0119136,13.6216096,13.6996704,32481800,0,0
2023-09-14,13.6899128,13.8850648,13.6899128,13.758216,19051667,0,0
2023-09-15,13.7972464,13.8167616,13.5337912,13.5533064,27498595,0,0
2023-09-18,13.514276,13.6411248,13.4167,13.5533064,21030162,0,0
2023-09-19,13.4850032,13.5435488,13.221548,13.2800936,28257444,0,0
2023-09-20,13.2020328,13.3874272,13.1922752,13.2313056,15607931,0,0
2023-09-21,13.2020328,13.3288816,13.1630024,13.17276,15934162,0,0
2023-09-22,13.123972,13.5045184,13.123972,13.4850032,29832857,0,0
2023-09-25,13.5045184,13.5825792,13.4167,13.4362152,19834099,0,0
2023-09-26,13.4459728,13.6411248,13.4069424,13.4752456,21628259,0,0
2023-09-27,13.3971848,13.8362768,13.3776696,13.7289432,37637384,0,0
2023-09-28,13.709428,13.90458,13.6703976,13.7777312,26388791,0,0
2023-10-09,13.7777312,13.90458,13.6996704,13.8655496,28887950,0,0
2023-10-10,13.90458,13.9436104,13.7679736,13.7874888,17834456,0,0
2023-10-11,13.8655496,13.90458,13.758216,13.807004,22329745,0,0
2023-10-12,13.8948224,14.099732,13.8167616,13.9728832,38172778,0,0
2023-10-13,13.8655496,13.9338528,13.7777312,13.8265192,22855976,0,0
2023-10-16,13.7972464,13.855792,13.5728216,13.6899128,24848758,0,0
2023-10-17,13.7874888,13.8460344,13.6508824,13.6996704,16660672,0,0
2023-10-18,13.66064,13.6801552,13.3874272,13.4850032,19793403,0,0
2023-10-19,13.4069424,13.5240336,13.2313056,13.2508208,22760137,0,0
2023-10-20,13.221548,13.3386392,13.0361536,13.075184,27162544,0,0
2023-10-23,13.026396,13.0361536,12.489728,12.6068192,36902357,0,0
2023-10-24,12.6068192,12.7141528,12.3336064,12.6556072,27104192,0,0
2023-10-25,12.831244,12.8702744,12.6165768,12.6556072,25070358,0,0
2023-10-26,12.5580312,12.8214864,12.4604552,12.7629408,22271568,0,0
2023-10-27,12.68488,13.0166384,12.6068192,12.92882,27234265,0,0
2023-10-30,12.92882,13.2117904,12.8507592,13.2020328,30953020,0,0
2023-10-31,13.1044568,13.1044568,12.7531832,12.8605168,40566720,0,0
2023-11-01,12.8702744,12.9190624,12.68488,12.7726984,24167016,0,0
2023-11-02,12.8410016,12.880032,12.6068192,12.6165768,23444656,0,0
2023-11-03,12.6165768,12.8605168,12.6165768,12.8117288,23868145,0,0
2023-11-06,12.880032,13.075184,12.880032,12.9971232,34219070,0,0
2023-11-07,12.977608,13.0556688,12.8507592,12.9873656,33971425,0,0
2023-11-08,13.0068808,13.0556688,12.8605168,12.9678504,33013682,0,0
2023-11-09,12.8995472,13.026396,12.8897896,12.9483352,21436840,0,0
2023-11-10,12.8897896,12.8897896,12.7531832,12.8214864,21008717,0,0
2023-11-13,12.8410016,12.977608,12.831244,12.9190624,21485859,0,0
2023-11-14,12.977608,13.1142144,12.9385776,13.0556688,27180498,0,0
2023-11-15,13.17276,13.1922752,13.0361536,13.075184,23429493,0,0
2023-11-16,13.0459112,13.0556688,12.92882,12.9385776,16494834,0,0
2023-11-17,12.92882,13.1142144,12.8897896,13.075184,21411478,0,0
2023-11-20,13.075184,13.1044568,12.9678504,13.0556688,20509334,0,0
2023-11-21,13.075184,13.0946992,12.8507592,12.880032,27401572,0,0
2023-11-22,12.880032,12.880032,12.636092,12.6458496,27998924,0,0
2023-11-23,12.6068192,12.7141528,12.489728,12.7043952,24095075,0,0
2023-11-24,12.68488,12.6946376,12.4604552,12.5190008,22553852,0,0
2023-11-27,12.44094,12.538516,12.3043336,12.392152,26200018,0,0
2023-11-28,12.392152,12.44094,12.2750608,12.3823944,18376801,0,0
2023-11-29,12.343364,12.3823944,12.0896664,12.1091816,29461308,0,0
2023-11-30,12.1189392,12.2165152,12.0603936,12.148212,17596941,0,0
2023-12-01,12.148212,12.294576,12.0701512,12.2555456,19494409,0,0
2023-12-04,12.294576,12.4799704,12.2360304,12.3726368,29968708,0,0
2023-12-05,12.3238488,12.3336064,12.099424,12.1091816,19044041,0,0
2023-12-06,12.1189392,12.1384544,11.9237872,11.9823328,24196785,0,0
2023-12-07,11.9823328,11.9823328,11.7774232,11.8164536,28944098,0,0
2023-12-08,11.8359688,11.9433024,11.6700896,11.7969384,46431588,0,0
2023-12-11,11.6700896,11.8457264,11.4846952,11.8359688,36499313,0,0
2023-12-12,11.7871808,11.8457264,11.6798472,11.7676656,21774478,0,0
2023-12-13,11.7286352,11.7286352,11.5725136,11.5725136,17804869,0,0
2023-12-14,11.6213016,11.7286352,11.5432408,11.5432408,16759546,0,0
2023-12-15,11.5432408,11.6408168,11.46518,11.4944528,17525399,0,0
2023-12-18,11.4749376,11.4846952,11.2017248,11.2797856,22815657,0,0
2023-12-19,11.2797856,11.3383312,11.1822096,11.2895432,15014402,0,0
2023-12-20,11.2895432,11.6700896,11.123664,11.270028,35920576,0,0
2023-12-21,11.172452,11.3773616,11.1334216,11.318816,25367780,0,0
2023-12-22,11.2602704,11.4944528,11.172452,11.416392,27833646,0,0
2023-12-25,11.3578464,11.4261496,11.318816,11.3773616,16055000,0,0
2023-12-26,11.367604,11.3773616,10.9187544,11.0163304,29256102,0,0
2023-12-27,11.0163304,11.1431792,10.9187544,11.1041488,23767658,0,0
2023-12-28,11.2114824,11.757908,11.1919672,11.6505744,64444412,0,0
2023-12-29,11.611544,11.855484,11.5822712,11.6505744,40217459,0,0
2024-01-02,11.611544,11.6408168,11.4261496,11.46518,30369859,0,0
2024-01-03,11.4456648,11.5237256,11.2895432,11.416392,22213110,0,0
2024-01-04,11.3968768,11.3968768,11.22124,11.270028,21609177,0,0
2024-01-05,11.2797856,11.318816,11.0358456,11.1041488,26368303,0,0
2024-01-08,11.0943912,11.1041488,10.8602088,10.8992392,25403735,0,0
2024-01-09,10.9089968,10.9870576,10.7431176,10.8114208,25481660,0,0
2024-01-10,10.782148,10.8602088,10.5674808,10.684572,20761414,0,0
2024-01-11,10.684572,10.9187544,10.6552992,10.879724,19555678,0,0
2024-01-12,10.8699664,10.928512,10.7919056,10.8114208,14644828,0,0
2024-01-15,10.7626328,10.8699664,10.6943296,10.782148,11245300,0,0
2024-01-16,10.928512,11.0651184,10.7528752,10.928512,30472722,0,0
2024-01-17,10.9089968,10.9089968,10.6943296,10.6943296,16666768,0,0
2024-01-18,10.6455416,10.8406936,10.4503896,10.8016632,34741153,0,0
2024-01-19,10.8114208,10.928512,10.7723904,10.8211784,21801834,0,0
2024-01-22,10.8114208,10.830936,10.2845104,10.4113592,26431213,0,0
2024-01-23,10.3235408,10.7236024,10.2649952,10.6455416,24307498,0,0
2024-01-24,10.7528752,10.879724,10.4991776,10.8504512,27418350,0,0
2024-01-25,10.8602088,11.0651184,10.7723904,11.0456032,32509149,0,0
2024-01-26,11.0358456,11.1529368,10.928512,11.0065728,23146635,0,0
2024-01-29,11.026088,11.123664,10.8602088,10.9480272,24365907,0,0
2024-01-30,10.8992392,10.8992392,10.5772384,10.6162688,21537657,0,0
2024-01-31,10.7236024,11.0358456,10.7138448,10.7236024,32547652,0,0
2024-02-01,10.6260264,10.9577848,10.4503896,10.8211784,26982725,0,0
2024-02-02,10.8114208,10.9480272,10.2747528,10.684572,30452759,0,0
2024-02-05,10.5772384,10.6943296,9.8649336,10.3820864,41688753,0,0
2024-02-06,10.2259648,11.026088,10.0796008,10.9187544,37671732,0,0
2024-02-07,10.9870576,11.2017248,10.8894816,11.0553608,40302425,0,0
2024-02-08,11.22124,11.4554224,11.1334216,11.4359072,54120707,0,0
2024-02-19,11.611544,11.660332,11.3383312,11.562756,46479705,0,0
2024-02-20,11.5042104,11.5237256,11.3773616,11.4846952,28832380,0,0
2024-02-21,11.3968768,11.7481504,11.367604,11.5334832,47362825,0,0
2024-02-22,11.5042104,11.6896048,11.5042104,11.6310592,34943563,0,0
2024-02-23,11.6505744,11.6896048,11.5237256,11.6408168,37379316,0,0
2024-02-26,11.611544,11.70912,11.5432408,11.611544,33355452,0,0
2024-02-27,11.5725136,12.1286968,11.5432408,12.1189392,79094853,0,0
2024-02-28,12.1677272,12.2262728,11.5725136,11.5725136,79989079,0,0
2024-02-29,11.5432408,11.9725752,11.5334832,11.9433024,54136042,0,0
2024-03-01,11.9237872,12.2360304,11.9140296,12.2165152,68364030,0,0
2024-03-04,12.2653032,12.343364,12.0116056,12.343364,66322589,0,0
2024-03-05,12.2067576,12.3238488,12.0408784,12.0896664,49631588,0,0
2024-03-06,12.0799088,12.7726984,12.0116056,12.5482736,105701051,0,0
2024-03-07,12.4702128,12.4702128,12.099424,12.1189392,65936443,0,0
2024-03-08,12.1091816,12.7629408,12.1091816,12.7141528,99431959,0,0
2024-03-11,12.68488,12.831244,12.538516,12.831244,68555641,0,0
2024-03-12,12.831244,13.0459112,12.6653648,12.7239104,68123520,0,0
2024-03-13,12.8507592,13.2508208,12.7531832,13.0556688,94479009,0,0
2024-03-14,12.9580928,13.0459112,12.68488,12.9093048,61551606,0,0
2024-03-15,12.831244,12.880032,12.5775464,12.7726984,51589760,0,0
2024-03-18,12.831244,12.9190624,12.7141528,12.8995472,60185325,0,0
2024-03-19,12.8702744,12.8702744,12.7141528,12.7141528,40744350,0,0
2024-03-20,12.7239104,12.782456,12.5092432,12.6263344,47808670,0,0
2024-03-21,12.5970616,12.8117288,12.5775464,12.782456,47463312,0,0
2024-03-22,12.7043952,12.8507592,12.5677888,12.8410016,53928998,0,0
2024-03-25,12.8214864,13.0361536,12.5580312,12.5775464,52569649,0,0
2024-03-26,12.3823944,12.5092432,12.0896664,12.3043336,58485956,0,0
2024-03-27,12.294576,12.343364,11.7871808,11.7969384,42476185,0,0
2024-03-28,11.70912,12.099424,11.6993624,11.9433024,58718289,0,0
2024-03-29,11.9920904,12.0701512,11.806696,12.050636,33890243,0,0
2024-04-01,12.245788,12.6458496,12.245788,12.489728,50156402,0,0
2024-04-02,12.4702128,12.489728,12.197,12.245788,30527637,0,0
2024-04-03,12.2750608,12.2750608,12.0213632,12.0603936,24162493,0,0
2024-04-08,11.9920904,12.0896664,11.7188776,11.7383928,31910383,0,0
2024-04-09,11.806696,11.8749992,11.6798472,11.8262112,29127621,0,0
2024-04-10,11.8359688,11.8359688,11.4749376,11.5822712,33254592,0,0
2024-04-11,11.513968,11.7481504,11.4749376,11.6017864,21820983,0,0
2024-04-12,11.6213016,12.5092432,11.611544,12.2067576,99390521,0,0
2024-04-15,12.2165152,12.6068192,12.0213632,12.538516,75853239,0,0
2024-04-16,12.538516,12.977608,12.4702128,12.5190008,103756207,0,0
2024-04-17,12.5190008,12.8995472,12.5190008,12.8214864,58651734,0,0
2024-04-18,12.7434256,13.1630024,12.6263344,12.9678504,79031438,0,0
2024-04-19,12.880032,13.026396,12.5482736,12.6165768,61744714,0,0
2024-04-22,12.5580312,12.7629408,12.3726368,12.7239104,36451440,0,0
2024-04-23,12.6946376,12.7629408,12.4214248,12.4702128,30175741,0,0
2024-04-24,12.489728,13.123972,12.4702128,13.1142144,69385638,0,0
2024-04-25,13.0556688,13.2410632,12.8897896,13.2117904,60772315,0,0
2024-04-26,13.221548,13.66064,12.8019712,13.4947608,125556077,0,0
2024-04-29,13.6020944,14.099732,13.563064,13.8753072,113495030,0,0
2024-04-30,13.6703976,14.0216712,13.6216096,13.8167616,55395028,0,0
2024-05-06,13.9826408,14.050944,13.6899128,13.758216,54068870,0,0
2024-05-07,13.7191856,13.7289432,13.3483968,13.514276,76572818,0,0
2024-05-08,13.5045184,13.6216096,13.3776696,13.5045184,34777503,0,0
2024-05-09,13.5240336,13.90458,13.465488,13.8362768,71475191,0,0
2024-05-10,13.807004,14.343672,13.7679736,14.1582776,77084766,0,0
2024-05-13,14.0216712,15.417008,14.002156,15.075492,183021933,0,0
2024-05-14,15.0364616,15.2023408,14.88034,15.075492,65709541,0,0
2024-05-15,14.977916,15.1535528,14.733976,14.88034,44714609,0,0
2024-05-16,14.9193704,15.514584,14.7437336,14.8120368,98121948,0,0
2024-05-17,14.5485816,14.782764,14.538824,14.6364,52619045,0,0
2024-05-20,14.5973696,15.0169464,14.5095512,14.8705824,47858910,0,0
2024-05-21,14.88034,14.88034,14.6168848,14.6656728,28089161,0,0
2024-05-22,14.685188,14.8120368,14.4802784,14.538824,33862285,0,0
2024-05-23,14.441248,14.5290664,14.246096,14.3241568,39234924,0,0
2024-05-24,14.246096,14.8510672,14.2363384,14.4119752,39666710,0,0
2024-05-27,14.39246,15.1340376,14.3729448,15.075492,70390346,0,0
2024-05-28,15.1145224,15.4755536,14.8413096,14.8705824,54741896,0,0
2024-05-29,14.8900976,15.12428,14.6949456,14.9096128,28908885,0,0
2024-05-30,14.8120368,15.1047648,14.685188,14.8900976,25944047,0,0
2024-05-31,14.8608248,14.9388856,14.538824,14.5973696,33434042,0,0
2024-06-03,14.3143992,14.4705208,14.0802168,14.2168232,66923657,0,0
2024-06-04,14.3046416,14.733976,14.1582776,14.6656728,41184332,0,0
2024-06-05,14.7242184,14.7437336,14.3241568,14.3534296,22442240,0,0
2024-06-06,14.4119752,14.5973696,14.2363384,14.2851264,30369290,0,0
2024-06-07,14.343672,14.4119752,13.90458,14.0314288,33292235,0,0
2024-06-11,14.002156,14.3729448,13.9240952,14.2753688,26565277,0,0
2024-06-12,14.197308,14.3241568,14.0704592,14.1680352,19083397,0,0
2024-06-13,14.099732,14.4217328,14.0704592,14.1777928,26802870,0,0
2024-06-14,14.0899744,14.4607632,14.002156,14.4022176,37382208,0,0
2024-06-17,14.3729448,14.8217944,14.2753688,14.6364,40325378,0,0
2024-06-18,14.6168848,14.929128,14.6168848,14.7925216,33011182,0,0
2024-06-19,15.0071888,15.36822,14.9486432,15.173068,74491412,0,0
2024-06-20,15.221856,15.2804016,14.8510672,14.8998552,39622892,0,0
2024-06-21,14.831552,15.3584624,14.7632488,15.319432,47318851,0,0
2024-06-24,15.2804016,15.61216,15.0462192,15.1047648,56597165,0,0
2024-06-25,14.9681584,15.1047648,14.6754304,14.8120368,36978961,0,0
2024-06-26,14.8510672,15.1145224,14.685188,14.88034,28704580,0,0
2024-06-27,14.8022792,14.9584008,14.4802784,14.8120368,29825459,0,0
2024-06-28,14.7242184,15.5731296,14.685188,15.3877352,65274828,0,0
2024-07-01,15.563372,15.6024024,15.2023408,15.5243416,35263977,0,0
2024-07-02,15.4755536,15.5926448,14.4802784,14.9681584,62577881,0,0
2024-07-03,14.929128,15.026704,14.733976,14.88034,22413155,0,0
2024-07-04,14.8510672,15.270644,14.8510672,14.9096128,31608142,0,0
2024-07-05,14.8413096,15.0852496,14.4510056,15.026704,31425456,0,0
2024-07-08,14.929128,15.4755536,14.8413096,15.2120984,43343317,0,0
2024-07-09,15.1925832,16.10004,15.173068,16.0414944,75092508,0,0
2024-07-10,16.002464,16.10004,15.7390088,15.8561,37294852,0,0
2024-07-11,16.002464,16.0707672,15.6414328,15.9341608,48731517,0,0
2024-07-12,15.7975544,15.953676,15.5243416,15.8463424,31283963,0,0
2024-07-15,15.8365848,15.8365848,15.5340992,15.6414328,23240507,0,0
2024-07-16,15.65128453,15.65128453,14.98150017,15.2671435,48269975,0,0
2024-07-17,15.24744396,15.24744396,14.82390385,14.86330293,33862756,0,0
2024-07-18,14.75495546,14.8731527,14.29201627,14.74510569,39080413,0,0
2024-07-19,14.68600707,15.12924672,14.63675822,14.82390385,26164481,0,0
2024-07-22,14.76480523,15.68083384,14.73525592,15.49368821,42936099,0,0
2024-07-23,15.50353798,15.50353798,14.92240155,15.1686458,35955317,0,0
2024-07-24,15.20804488,15.64143476,15.18834534,15.33609189,29821373,0,0
2024-07-25,15.20804488,15.74978223,14.98150017,15.65128453,42192366,0,0
2024-07-26,15.54293706,16.02557579,15.49368821,15.89752878,40075706,0,0
2024-07-29,15.9566274,16.18317211,15.20804488,15.2671435,45578152,0,0
2024-07-30,15.29669281,15.44443936,15.11939695,15.15879603,16445820,0,0
2024-07-31,15.15879603,15.43458959,14.82390385,15.31639235,27602740,0,0
2024-08-01,15.1686458,15.72023292,15.11939695,15.49368821,25926604,0,0
2024-08-02,15.3656412,15.48383844,15.05044856,15.1686458,23607888,0,0
2024-08-05,15.00119971,15.40504028,14.58750937,14.60720891,26741305,0,0
2024-08-06,14.76480523,14.94210109,13.90787524,14.0851711,57735846,0,0
2024-08-07,14.22306788,14.63675822,14.19351857,14.20336834,40625738,0,0
2024-08-08,14.29201627,14.35111489,13.86847616,14.02607248,28061873,0,0
2024-08-09,13.99652317,14.31171581,13.789678,13.91772501,25462882,0,0
2024-08-12,13.89802547,14.03592225,13.67148076,13.75027892,21185081,0,0
2024-08-13,13.789678,13.8881757,13.62223191,13.82907708,15251123,0,0
2024-08-14,13.82907708,13.85862639,13.30703927,13.37598766,31895018,0,0
2024-08-15,13.31688904,13.62223191,13.28733973,13.52373421,18908140,0,0
2024-08-16,13.5926826,13.80937754,13.46463559,13.48433513,18284432,0,0
2024-08-19,13.3956872,13.65178122,13.18884203,13.25779042,24594002,0,0
2024-08-20,13.27748996,13.30703927,13.0016964,13.13959318,18417388,0,0
2024-08-21,13.05094525,13.17899226,12.9031987,12.93274801,16941951,0,0
2024-08-22,13.0016964,13.05094525,12.66680422,12.7062033,22982437,0,0
2024-08-23,12.69635353,12.76530192,12.5092079,12.64710468,23070064,0,0
2024-08-26,12.67665399,12.7062033,12.38116089,12.44025951,26974163,0,0
2024-08-27,12.4107102,12.4107102,11.99701986,12.14476641,32642905,0,0
2024-08-28,12.1152171,12.7062033,12.03641894,12.69635353,34948988,0,0
2024-08-29,13.11989364,13.96697386,13.11004387,13.96697386,78965952,0,0
2024-08-30,13.96697386,14.12457018,13.65178122,13.92757478,67407262,0,0
2024-09-02,13.87832593,14.12457018,13.79952777,13.91772501,34901980,0,0
2024-09-03,13.90787524,14.42991305,13.86847616,14.34126512,43315954,0,0
2024-09-04,14.19351857,14.52841075,14.14426972,14.36096466,32196560,0,0
2024-09-05,14.42991305,14.46931213,14.17381903,14.27231673,23550166,0,0
2024-09-06,14.31171581,14.35111489,13.8881757,13.94727432,24219469,0,0
2024-09-09,13.9866734,14.27231673,13.91772501,14.15411949,24232887,0,0
2024-09-10,14.07532133,14.20336834,13.94727432,14.11472041,15469080,0,0
2024-09-11,14.05562179,14.73525592,14.00637294,14.54811029,40310163,0,0
2024-09-12,14.61705868,14.84360339,14.30186604,14.35111489,27036803,0,0
2024-09-13,14.43976282,14.82390385,14.36096466,14.44961259,26983980,0,0
2024-09-18,14.42991305,14.73525592,14.21321811,14.6761573,24448379,0,0
2024-09-19,14.73525592,14.76480523,14.49886144,14.5776596,21377078,0,0
2024-09-20,14.62690845,14.6761573,14.30186604,14.41021351,22473734,0,0
2024-09-23,14.45946236,14.60720891,14.14426972,14.21321811,23143712,0,0
2024-09-24,14.29201627,14.56780983,14.04577202,14.50871121,34871223,0,0
2024-09-25,14.52841075,14.98150017,14.3806642,14.44961259,44469518,0,0
2024-09-26,14.34126512,14.52841075,14.05562179,14.52841075,58606450,0,0
2024-09-27,14.72540615,15.33609189,14.72540615,15.32624212,46756698,0,0
2024-09-30,16.10437395,16.744609,15.45428913,16.65596107,102920956,0,0
2024-10-08,18.3205722,18.3205722,16.75445877,17.729586,116954699,0,0
2024-10-09,17.38484405,17.79853439,16.66581084,16.66581084,82092015,0,0
2024-10-10,16.744609,17.51289106,16.58701268,16.89235555,67365501,0,0
2024-10-11,17.0401021,17.11890026,16.37031774,16.79385785,41770523,0,0
2024-10-14,16.78400808,17.17799888,16.63626153,17.06965141,45994670,0,0
2024-10-15,16.97115371,16.97115371,16.33091866,16.34076843,47799982,0,0
2024-10-16,16.14377303,16.37031774,15.94677763,16.11422372,39348835,0,0
2024-10-17,16.18317211,16.56731314,16.09452418,16.27182004,34548593,0,0
2024-10-18,16.16347257,17.10905049,16.13392326,16.81355739,60801287,0,0
2024-10-21,16.96130394,17.4340929,16.83325693,17.08935095,55773924,0,0
2024-10-22,17.28634635,17.84778324,16.99085325,17.67048738,89064467,0,0
2024-10-23,17.65078784,18.27132335,17.11890026,17.21739796,95520242,0,0
2024-10-24,17.0401021,17.59168922,16.96130394,17.37499428,43745339,0,0
2024-10-25,17.37499428,17.68033715,17.22724773,17.56213991,40849297,0,0
2024-10-28,17.77883485,17.79853439,17.12875003,17.60153899,53958455,0,0
2024-10-29,17.70988646,18.0250791,17.50304129,17.61138876,62405254,0,0
2024-10-30,17.61138876,18.09402749,17.47349198,17.64093807,45566317,0,0
2024-10-31,17.57198968,17.58183945,16.88250578,17.04995187,71550648,0,0
2024-11-01,16.98100348,17.1385998,16.68551038,16.77415831,43908205,0,0
2024-11-04,16.80370762,17.16814911,16.744609,16.89235555,36547988,0,0
2024-11-05,16.89235555,17.8280837,16.69536015,17.64093807,66689511,0,0
2024-11-06,17.729586,18.46831875,17.58183945,18.4190699,95359418,0,0
2024-11-07,18.42891967,18.62591507,18.14327634,18.6160653,63960287,0,0
2024-11-08,18.714563,18.8130607,18.20237496,18.30087266,52692343,0,0
2024-11-11,18.27132335,18.88200909,17.87733255,18.88200909,71305385,0,0
2024-11-12,18.8130607,19.15780265,18.25162381,18.4190699,56509430,0,0
2024-11-13,18.30087266,18.48801829,18.06447818,18.36982105,29514938,0,0
2024-11-14,18.40922013,18.40922013,17.39469382,17.47349198,50448295,0,0
2024-11-15,17.59168922,17.62123853,17.1385998,17.15829934,35571595,0,0
2024-11-18,17.15829934,17.729586,17.15829934,17.29619612,47206300,0,0
2024-11-19,17.27649658,17.5325906,16.95145417,17.34544497,28817576,0,0
2024-11-20,17.31589566,17.41439336,17.06965141,17.26664681,23416522,0,0
2024-11-21,17.27649658,17.36514451,16.86280624,17.02040256,30605559,0,0
2024-11-22,17.02040256,17.17799888,16.4491159,16.49836475,35342260,0,0
2024-11-25,16.50821452,16.78400808,16.26197027,16.49836475,32558280,0,0
2024-11-26,16.52791406,16.744609,16.4491159,16.46881544,21852950,0,0
2024-11-27,16.46881544,17.18784865,16.41956659,17.18784865,43089351,0,0
2024-11-28,17.16814911,17.28634635,16.69536015,16.87265601,31205514,0,0
2024-11-29,17.00070302,17.46364221,16.83325693,17.39469382,43508965,0,0
2024-12-02,17.61138876,18.6160653,17.49319152,18.44861921,87343916,0,0
2024-12-03,18.3205722,18.67516392,18.15312611,18.3205722,34029089,0,0
2024-12-04,18.20237496,18.30087266,17.64093807,18.04477864,34013184,0,0
2024-12-05,17.96598048,18.01522933,17.56213991,17.8280837,28980452,0,0
2024-12-06,17.85763301,18.00537956,17.66063761,17.84778324,26306338,0,0
2024-12-09,17.8280837,17.83793347,17.47349198,17.69018692,29599373,0,0
2024-12-10,18.08417772,18.17282565,17.4340929,17.47349198,43016850,0,0
2024-12-11,17.5325906,17.74928554,17.35529474,17.46364221,26414970,0,0
2024-12-12,17.50304129,17.78868462,17.40454359,17.62123853,36513635,0,0
2024-12-13,17.46364221,18.1235768,17.44394267,17.75913531,113138374,0,0
2024-12-16,17.729586,17.96598048,17.4340929,17.81823393,57651751,0,0
2024-12-17,17.8280837,18.39937036,17.74928554,17.97583025,57376235,0,0
2024-12-18,18.07432795,18.10387726,17.64093807,17.91673163,34952412,0,0
2024-12-19,17.71973623,18.26147358,17.60153899,18.20237496,51279048,0,0
2024-12-20,18.2220745,18.56681645,17.96598048,18.03492887,50430562,0,0
2024-12-23,17.91673163,18.17282565,17.84778324,17.90688186,29300139,0,0
2024-12-24,17.88718232,18.09402749,17.70988646,18.07432795,29140891,0,0
2024-12-25,18.00537956,18.07432795,17.56213991,17.66063761,28031451,0,0
2024-12-26,17.62123853,18.39937036,17.5325906,18.39937036,59593539,0,0
2024-12-27,18.3205722,18.34027174,17.60153899,17.70003669,74891633,0,0
2024-12-30,17.60153899,17.71973623,16.91205509,17.00070302,67233954,0,0
2024-12-31,17.12875003,17.38484405,16.80370762,16.96130394,42095450,0,0
2025-01-02,16.88250578,16.97115371,16.19302188,16.36046797,46779490,0,0
2025-01-03,16.43926613,16.69536015,16.0551251,16.07482464,34890393,0,0
2025-01-06,16.12407349,16.19302188,15.65128453,15.79903108,45639565,0,0
2025-01-07,15.87782924,16.04527533,15.54293706,16.00587625,44000323,0,0
2025-01-08,15.9566274,15.9566274,15.2671435,15.58233614,55636581,0,0
2025-01-09,15.41489005,15.68083384,15.28684304,15.40504028,42465909,0,0
2025-01-10,15.41489005,15.48383844,15.0701481,15.1686458,45860608,0,0
2025-01-13,15.0701481,15.24744396,14.82390385,14.95195086,40904480,0,0
2025-01-14,15.02089925,15.74978223,14.8731527,15.71038315,53954739,0,0
2025-01-15,15.71038315,15.71038315,15.25729373,15.34594166,36915205,0,0
2025-01-16,15.41489005,15.78918131,15.37549097,15.52323752,33422459,0,0
2025-01-17,15.5626366,16.09452418,15.53308729,15.94677763,54354123,0,0
2025-01-20,15.759632,15.80888085,14.90270201,15.21789465,100046483,0,0
2025-01-21,15.39519051,15.759632,15.18834534,15.59218591,56701920,0,0
2025-01-22,15.47398867,15.90737855,15.3656412,15.62173522,49519438,0,0
2025-01-23,15.82858039,15.99602648,15.4641389,15.47398867,46063207,0,0
2025-01-24,15.47398867,16.45896567,15.41489005,16.20287165,108647358,0,0
2025-01-27,16.17332234,16.19302188,15.41489005,15.41489005,82375772,0,0
2025-02-05,15.55278683,15.65128453,14.88300247,15.0701481,68354894,0,0
2025-02-06,15.0701481,15.39519051,14.85345316,15.28684304,70387839,0,0
2025-02-07,15.32624212,16.03542556,15.27699327,15.78918131,86318293,0,0
2025-02-10,15.78918131,15.8581297,15.6611343,15.77933154,53891136,0,0
2025-02-11,15.759632,15.90737855,15.62173522,15.81873062,55457705,0,0
2025-02-12,15.78918131,15.90737855,15.6611343,15.90737855,53868787,0,0
2025-02-13,15.92707809,15.92707809,15.41489005,15.54293706,61797306,0,0
2025-02-14,15.47398867,15.97632694,15.45428913,15.759632,70052505,0,0
2025-02-17,15.84827993,15.93692786,15.54293706,15.6611343,71247680,0,0
2025-02-18,15.6611343,15.70053338,15.1686458,15.22774442,56585853,0,0
2025-02-19,15.19819511,15.60203568,15.19819511,15.54293706,48825310,0,0
2025-02-20,15.60203568,15.61188545,15.27699327,15.43458959,47169448,0,0
2025-02-21,15.44443936,16.3506182,15.41489005,16.2521205,140775228,0,0
2025-02-24,16.3506182,16.73475923,16.11422372,16.59686245,109991014,0,0
2025-02-25,16.3506182,16.5476136,16.17332234,16.23242096,71450108,0,0
2025-02-26,16.3506182,16.5476136,16.18317211,16.4491159,58493038,0,0
2025-02-27,16.4491159,16.48851498,15.79903108,16.01572602,80668847,0,0
2025-02-28,15.90737855,15.92707809,15.31639235,15.32624212,79993571,0,0
2025-03-03,15.3656412,15.61188545,15.22774442,15.33609189,49147318,0,0
2025-03-04,15.23759419,15.48383844,15.17849557,15.48383844,32686175,0,0
2025-03-05,15.61188545,15.72023292,15.45428913,15.60203568,40050876,0,0
2025-03-06,15.71038315,16.13392326,15.63158499,16.0551251,80600321,0,0
2025-03-07,16.01572602,16.10437395,15.71038315,15.80888085,59002924,0,0
2025-03-10,15.759632,15.79903108,15.47398867,15.63158499,45220984,0,0
2025-03-11,15.4641389,15.68083384,15.37549097,15.68083384,35943191,0,0
2025-03-12,15.76948177,15.99602648,15.6611343,15.83843016,55767725,0,0
2025-03-13,15.8581297,16.10437395,15.71038315,15.90737855,56515860,0,0
2025-03-14,16.09452418,16.86280624,16.09452418,16.6461113,158133456,0,0
2025-03-17,17.28634635,17.3355952,16.61656199,16.66581084,136294849,0,0
2025-03-18,16.60671222,17.16814911,16.5476136,16.68551038,77355039,0,0
2025-03-19,16.70520992,16.71505969,16.38016751,16.47866521,56150851,0,0
2025-03-20,16.4491159,16.99085325,16.3506182,16.78400808,95039298,0,0
2025-03-21,17.0401021,18.00537956,16.96130394,17.32574543,210804431,0,0
2025-03-24,17.67048738,17.77883485,16.93175463,17.729586,161153822,0,0
2025-03-25,17.47349198,17.70988646,16.85295647,16.95145417,124297282,0,0
2025-03-26,16.83325693,17.19769842,16.75445877,16.77415831,69312734,0,0
2025-03-27,16.78400808,16.93175463,16.37031774,16.6461113,65338086,0,0
2025-03-28,16.60671222,17.1385998,16.56731314,16.87265601,66998431,0,0
2025-03-31,16.72490946,16.85295647,16.2521205,16.39001728,58242829,0,0
2025-04-01,16.49836475,16.5476136,16.20287165,16.21272142,51841293,0,0
2025-04-02,16.18317211,16.45896567,16.1536228,16.2521205,35659899,0,0
2025-04-03,16.09452418,16.24227073,15.70053338,15.84827993,53128957,0,0
2025-04-07,14.76480523,15.0701481,14.26246696,14.26246696,69122740,0,0
2025-04-08,14.13441995,14.49886144,14.07532133,14.37081443,65297425,0,0
2025-04-09,14.09502087,14.89285224,13.65178122,14.75495546,65889406,0,0
2025-04-10,15.11939695,15.27699327,14.94210109,15.04059879,56239125,0,0
2025-04-11,14.8731527,15.15879603,14.81405408,14.99134994,38338109,0,0
2025-04-14,15.20804488,15.31639235,15.06029833,15.12924672,36376102,0,0
2025-04-15,15.09969741,15.10954718,14.81405408,14.92240155,28506610,0,0
2025-04-16,14.82390385,14.8731527,14.4791619,14.66630753,34831478,0,0
2025-04-17,14.56780983,14.79435454,14.50871121,14.5776596,26474401,0,0
2025-04-18,14.52841075,14.9716504,14.48901167,14.8731527,39232967,0,0
2025-04-21,14.92240155,15.13909649,14.774655,15.03074902,29932743,0,0
2025-04-22,15.05044856,15.10954718,14.94210109,15.01104948,27392702,0,0
2025-04-23,15.05044856,15.25729373,15.01104948,15.24744396,39149016,0,0
2025-04-24,15.22774442,15.22774442,14.92240155,15.02089925,33171157,0,0
2025-04-25,15.15879603,15.69068361,15.11939695,15.4641389,65904025,0,0
2025-04-28,15.4641389,15.55278683,15.27699327,15.33609189,34288614,0,0
2025-04-29,15.31639235,15.42473982,15.1686458,15.30654258,22692139,0,0
2025-04-30,15.37549097,15.38534074,15.1686458,15.17849557,32727957,0,0
2025-05-06,15.30654258,15.61188545,15.29669281,15.53308729,34983429,0,0
2025-05-07,15.71038315,15.74978223,15.44443936,15.53308729,34070747,0,0
2025-05-08,15.53308729,15.70053338,15.44443936,15.6611343,30605912,0,0
2025-05-09,15.64143476,15.64143476,15.33609189,15.45428913,31373843,0,0
2025-05-12,15.52323752,15.73993246,15.51338775,15.70053338,30920586,0,0
2025-05-13,15.90737855,15.92707809,15.5626366,15.61188545,31806391,0,0
2025-05-14,15.61188545,15.79903108,15.45428913,15.63158499,27280014,0,0
2025-05-15,15.58233614,15.59218591,15.13909649,15.15879603,33759001,0,0
2025-05-16,15.13909649,15.25729373,15.09969741,15.12924672,21524453,0,0
2025-05-19,15.11939695,15.12924672,14.91255178,15.06029833,24724796,0,0
2025-05-20,15.03074902,15.14894626,14.93225132,15.11939695,21985160,0,0
2025-05-21,15.0701481,15.13909649,14.92240155,14.95195086,23195254,0,0
2025-05-22,14.88300247,14.99134994,14.80420431,14.81405408,25165160,0,0
2025-05-23,14.81405408,14.93225132,14.61705868,14.65645776,29523134,0,0
2025-05-26,14.59735914,14.72540615,14.59735914,14.68600707,21967251,0,0
2025-05-27,14.6761573,14.73525592,14.55796006,14.69585684,19769878,0,0
2025-05-28,14.70570661,14.93225132,14.69585684,14.90270201,26018885,0,0
2025-05-29,14.8731527,15.12924672,14.85345316,15.07999787,29219970,0,0
2025-05-30,15.0701481,15.0701481,14.774655,14.774655,24966820,0,0
2025-06-03,14.78450477,14.95195086,14.71555638,14.80420431,20552105,0,0
2025-06-04,14.88300247,15.02089925,14.86330293,14.93225132,22486965,0,0
2025-06-05,14.92240155,15.06029833,14.85345316,15.02089925,20393245,0,0
2025-06-06,15.02089925,15.21789465,14.92240155,15.12924672,27013684,0,0
2025-06-09,15.12924672,15.22774442,15.04059879,15.15879603,30850156,0,0
2025-06-10,15.15879603,15.15879603,14.8731527,15.00119971,25116310,0,0
2025-06-11,15.02089925,15.17849557,14.9716504,15.13909649,25865158,0,0
2025-06-12,15.08984764,15.2671435,15.01104948,15.05044856,28425069,0,0
2025-06-13,14.98150017,15.05044856,14.61705868,14.64660799,44389800,0,0
2025-06-16,14.56780983,15.04059879,14.55796006,14.92240155,34743096,0,0
2025-06-17,14.96180063,14.9716504,14.73525592,14.774655,19516028,0,0
2025-06-18,14.78450477,14.90270201,14.71555638,14.81405408,19407704,0,0
2025-06-19,14.79435454,14.88300247,14.5776596,14.59735914,22119483,0,0
2025-06-20,14.59735914,14.70570661,14.46931213,14.48901167,19178020,0,0
2025-06-23,14.4791619,14.58750937,14.39051397,14.53826052,18698850,0,0
2025-06-24,14.59735914,14.8731527,14.5776596,14.86330293,26655901,0,0
2025-06-25,14.86330293,15.04059879,14.80420431,15.01104948,29147068,0,0
2025-06-26,15.06029833,15.25729373,14.9716504,15.07999787,35230225,0,0
2025-06-27,15.22,15.25,15.09,15.14,28164536,0,0
2025-06-30,15.14,15.36,15.1,15.3,35706894,0,0
2025-07-01,15.25,15.28,15.15,15.25,22559040,0,0
2025-07-02,15.55,15.7,15.37,15.4,71643760,0,0
2025-07-03,15.37,15.89,15.37,15.78,70948505,0,0
2025-07-04,15.79,15.82,15.38,15.41,61387640,0,0
2025-07-07,15.38,15.41,15.14,15.18,39303165,0,0
2025-07-08,15.16,15.8,15.16,15.7,65632667,0,0
2025-07-09,15.66,15.71,15.42,15.45,30926275,0,0
2025-07-10,15.41,15.52,15.37,15.44,23678540,0,0
2025-07-11,15.4,15.55,15.36,15.4,36173029,0,0
2025-07-14,15.4,15.49,15.3,15.34,30163725,0,0
2025-07-15,15.38,15.61,15.33,15.48,46601204,0,0
2025-07-16,15.52,15.6,15.33,15.36,33626940,0,0
2025-07-17,15.35,16.03,15.33,15.81,93022965,0,0
2025-07-18,15.88,15.95,15.64,15.71,44385425,0,0
2025-07-21,15.79,15.9,15.73,15.87,40546116,0,0
2025-07-22,15.9,16.16,15.8,16.1,62312616,0,0
2025-07-23,16.15,16.16,15.8,15.85,55014716,0,0
2025-07-24,15.84,15.93,15.81,15.89,37718120,0,0
2025-07-25,16.1,16.15,15.74,15.79,55690863,0,0
2025-07-28,15.81,15.95,15.77,15.9,41317159,0,0
2025-07-29,15.85,16.05,15.72,16.05,53000184,0,0
2025-07-30,16.06,16.55,15.9,16.33,103063479,0,0
2025-07-31,16.25,16.55,15.86,15.93,92209473,0,0
2025-08-01,15.82,16.28,15.67,15.78,70309833,0,0
2025-08-04,15.7,15.93,15.59,15.8,38368570,0,0
2025-08-05,15.8,16.2,15.79,16.14,64870354,0,0
2025-08-06,16.27,16.34,16.1,16.2,52881346,0,0
2025-08-07,16.1,16.22,15.9,16.06,43652412,0,0
2025-08-08,16.06,17.27,16.03,16.97,175451591,0,0
2025-08-11,17.25,18.12,17.25,17.65,158597760,0,0
2025-08-12,17.55,17.95,17.5,17.9,93089551,0,0
2025-08-13,17.9,18.19,17.75,18.13,104794391,0,0
2025-08-14,18.25,18.31,17.48,17.56,104283479,0,0
2025-08-15,17.49,18.44,17.48,18.14,101759227,0,0
2025-08-18,18.2,18.24,17.89,18.02,106316808,0,0
2025-08-19,18.03,19.0,17.98,18.66,143686479,0,0
2025-08-20,18.46,18.54,18.12,18.48,78754244,0,0
2025-08-21,18.5,18.56,18.11,18.23,65090899,0,0
2025-08-22,18.25,18.86,18.18,18.73,87507739,0,0
2025-08-25,19.28,20.33,19.22,20.22,162979984,0,0
2025-08-26,19.75,19.8,19.35,19.36,154039555,0,0
2025-08-27,19.47,19.78,18.89,18.9,129606312,0,0
2025-08-28,18.88,20.79,18.88,20.51,246738048,0,0
2025-08-29,20.78,20.97,20.2,20.48,172651844,0,0
2025-09-01,20.8,21.15,20.37,20.71,143528866,0,0
2025-09-02,20.91,22.01,19.99,20.24,180921917,0,0
2025-09-03,20.46,21.46,20.01,20.9,165648024,0,0
2025-09-04,21.58,21.68,18.82,19.29,210352581,0,0
2025-09-05,19.29,20.17,19.29,20.1,138363468,0,0
2025-09-08,20.11,20.12,19.39,19.71,103291107,0,0
2025-09-09,19.68,20.18,19.32,19.8,109891014,0,0
2025-09-10,20.01,20.86,19.8,20.39,129815820,0,0
2025-09-11,20.45,21.09,20.03,20.95,134243058,0,0
2025-09-12,20.85,21.14,20.5,20.56,103425162,0,0
2025-09-15,20.57,20.63,20.01,20.08,79971166,0,0
2025-09-16,20.09,20.21,19.53,20.14,96193182,0,0
2025-09-17,20.08,20.28,19.8,20.2,66740415,0,0
2025-09-18,20.34,22.22,20.33,22.22,189319721,0,0
2025-09-19,23.2,23.85,22.69,22.9,296449672,0,0
2025-09-22,22.68,23.06,21.97,22.87,170396943,0,0
2025-09-23,23.1,23.3,21.56,22.04,161644551,0,0
2025-09-24,21.88,22.84,21.58,22.61,141738777,0,0
2025-09-25,22.62,23.0,22.1,22.93,141080468,0,0
2025-09-26,22.73,23.56,22.63,22.78,136834221,0,0
2025-09-29,22.7,23.5,22.66,23.13,113962708,0,0
2025-09-30,23.2,23.69,22.79,22.97,116902832,0,0
2025-10-09,22.99,24.48,22.98,24.11,147279294,0,0
2025-10-10,23.81,23.81,22.46,22.56,129935734,0,0
2025-10-13,21.1,22.29,21.1,22.15,90777827,0,0
2025-10-14,22.26,22.54,20.76,20.83,115496198,0,0
2025-10-15,20.97,21.79,20.84,21.75,82249122,0,0
2025-10-16,21.88,21.88,21.3,21.38,48632480,0,0
2025-10-17,21.79,21.87,20.32,20.4,70825397,0,0
2025-10-20,20.76,21.17,20.51,20.6,50142165,0,0
2025-10-21,20.77,21.14,20.7,20.99,63819447,0,0
2025-10-22,21.3,21.36,20.62,20.94,53833578,0,0
2025-10-23,20.71,21.06,20.22,21.04,53663939,0,0
2025-10-24,21.3,21.5,21.15,21.46,69805903,0,0
2025-10-27,21.75,22.46,21.73,21.89,98562054,0,0
2025-10-28,22.01,22.08,21.3,21.52,86998627,0,0
2025-10-29,21.68,22.74,21.6,22.48,119506165,0,0
2025-10-30,22.48,23.08,22.19,22.53,119914233,0,0
2025-10-31,22.6,23.1,22.3,22.36,88911172,0,0
2025-11-03,22.15,22.23,21.48,22.01,71270324,0,0
2025-11-04,22.03,22.03,20.9,21.12,79679401,0,0
2025-11-05,20.77,22.08,20.66,21.68,77809833,0,0
2025-11-06,21.71,22.5,21.7,22.23,93781744,0,0
2025-11-07,21.98,22.17,21.7,21.97,48259171,0,0
2025-11-10,22.02,22.29,21.23,21.36,65356467,0,0
2025-11-11,21.46,21.69,20.9,20.96,56270690,0,0
2025-11-12,20.97,21.07,20.37,20.57,50906205,0,0
2025-11-13,20.6,20.9,20.5,20.72,35520342,0,0
2025-11-14,20.52,20.64,20.3,20.3,37203679,0,0
2025-11-17,20.3,20.44,19.85,20.13,43481102,0,0
2025-11-18,20.0,20.28,19.94,20.01,30537619,0,0
2025-11-19,20.12,20.37,19.94,20.0,33007928,0,0
2025-11-20,20.21,20.28,19.56,19.64,44376152,0,0
2025-11-21,19.31,19.44,18.94,18.98,56383886,0,0
2025-11-24,19.09,19.26,18.91,19.08,33573682,0,0
2025-11-25,19.2,19.91,19.2,19.62,50986290,0,0
2025-11-26,19.53,20.17,19.49,19.98,57290339,0,0
2025-11-27,19.9,20.13,19.67,19.88,48858175,0,0
2025-11-28,19.8,19.87,19.56,19.78,29829406,0,0
2025-12-01,19.83,20.25,19.83,20.07,47684971,0,0
2025-12-02,20.0,20.01,19.76,19.84,32892889,0,0
2025-12-03,19.91,20.03,19.68,19.7,28394625,0,0
2025-12-04,19.63,19.92,19.5,19.82,24285828,0,0
2025-12-05,19.82,20.05,19.7,20.02,36837072,0,0
2025-12-08,20.05,20.64,20.05,20.38,52465565,0,0
2025-12-09,20.48,20.64,20.3,20.4,44059363,0,0
2025-12-10,20.35,20.8,20.28,20.75,61450052,0,0
2025-12-11,20.79,21.09,20.47,20.59,66106600,0,0
2025-12-12,20.63,21.1,20.42,20.92,64931560,0,0
2025-12-15,20.74,20.8,20.4,20.42,46812259,0,0
2025-12-16,20.32,20.38,19.71,19.91,47681641,0,0
2025-12-17,19.88,21.9,19.88,21.67,174406990,0,0
2025-12-18,21.8,22.95,21.77,22.6,218978208,0,0
2025-12-19,22.58,24.29,22.5,23.76,200209171,0,0
2025-12-22,24.4,26.14,24.25,26.14,184672154,0,0
2025-12-23,25.92,26.68,25.56,26.21,227875648,0,0
2025-12-24,26.19,27.08,26.19,26.93,148761486,0,0
2025-12-25,26.73,26.91,25.43,25.5,164680633,0,0
2025-12-26,25.4,25.92,25.01,25.45,117262760,0,0
2025-12-29,25.45,25.75,24.7,24.95,106314518,0,0
2025-12-30,24.81,25.0,24.38,24.46,82713612,0,0
2025-12-31,24.55,25.39,24.31,24.73,101633766,0,0
2026-01-05,24.96,24.96,24.51,24.8,85578747,0,0
2026-01-06,24.8,24.8,24.2,24.59,102666635,0,0
2026-01-07,24.63,25.38,24.53,24.92,112667313,0,0
2026-01-08,24.93,24.99,24.35,24.58,83079513,0,0
2026-01-09,24.48,24.91,24.15,24.59,79833338,0,0
2026-01-12,24.59,25.1,24.28,25.04,115234267,0,0
2026-01-13,25.11,25.11,23.78,24.05,143626992,0,0
2026-01-14,24.04,25.33,24.04,24.95,144673926,0,0
2026-01-15,24.8,25.1,24.4,24.91,72336005,0,0
2026-01-16,25.29,26.0,25.17,25.63,144045818,0,0
2026-01-19,26.91,28.14,26.91,27.08,195830557,0,0
2026-01-20,27.4,28.2,27.08,27.78,168272319,0,0
2026-01-21,27.27,29.17,27.27,27.97,142227689,0,0
2026-01-22,27.72,28.2,26.58,26.99,127680225,0,0
2026-01-23,27.7,29.36,27.67,28.41,145320871,0,0
2026-01-26,29.0,31.25,29.0,31.01,243638686,0,0
2026-01-27,30.7,31.93,30.08,31.86,188414592,0,0
2026-01-28,33.99,35.0,33.14,33.62,196801330,0,0
2026-01-29,33.0,33.47,31.5,31.83,140671783,0,0
2026-01-30,32.0,35.01,32.0,35.01,176270673,0,0
2026-02-02,35.72,37.16,33.8,34.85,277225310,0,0
2026-02-03,35.5,37.8,35.16,36.28,172531463,0,0
2026-02-04,36.4,38.02,36.34,37.35,152216834,0,0
2026-02-05,35.81,36.24,34.2,34.73,142259760,0,0
2026-02-06,34.17,37.8,34.17,36.7,180696440,0,0
2026-02-09,38.07,39.15,35.63,38.69,205927059,0,0
2026-02-10,39.0,41.88,38.76,41.51,182255957,0,0
2026-02-11,39.7,43.55,39.7,41.1,161804170,0,0
2026-02-12,41.1,42.05,40.4,41.85,120767531,0,0
2026-02-13,40.97,41.2,38.38,38.5,143495674,0,0
2026-02-24,40.86,42.35,40.41,42.23,148405770,0,0
2026-02-25,42.23,42.76,39.15,40.3,152111316,0,0
2026-02-26,41.22,44.33,41.2,44.33,130808142,0,0
2026-02-27,42.24,47.6,42.24,47.5,187329451,0,0
2026-03-02,46.0,52.19,46.0,49.6,178803640,0,0
2026-03-03,50.07,50.96,47.3,47.52,162607416,0,0
2026-03-04,46.9,48.95,45.99,48.38,147598604,0,0
2026-03-05,48.9,51.88,48.04,50.9,169785688,0,0
2026-03-06,49.37,50.29,47.33,48.43,140507830,0,0
2026-03-09,45.81,46.16,43.59,45.72,160204750,0,0
2026-03-10,46.72,50.2,46.72,49.99,153667766,0,0
2026-03-11,51.0,54.3,50.63,50.8,168100591,0,0
2026-03-12,49.9,54.3,49.9,51.42,150679865,0,0
2026-03-13,51.05,53.0,49.45,49.68,130784094,0,0
2026-03-16,49.28,50.2,46.67,47.23,125450079,0,0
2026-03-17,47.89,48.29,43.09,43.22,160718227,0,0
2026-03-18,43.1,44.65,42.42,44.51,137891286,0,0
2026-03-19,42.88,44.4,42.87,43.11,90545645,0,0
2026-03-20,44.5,45.4,42.89,42.98,128651148,0,0
2026-03-23,42.03,42.97,40.92,41.36,106727762,0,0
2026-03-24,42.8,44.4,41.6,44.37,138690856,0,0
2026-03-25,46.08,48.6,46.0,48.17,180209572,0,0
2026-03-26,47.81,49.88,47.17,47.88,138967101,0,0
2026-03-27,46.88,50.21,46.52,48.95,139297170,0,0
2026-03-30,48.1,53.85,48.1,53.85,135108699,0,0
2026-03-31,53.31,54.66,51.34,52.66,176089922,0,0
2026-04-01,54.66,54.7,50.58,51.96,128739639,0,0
2026-04-02,52.03,55.8,52.03,53.39,146987529,0,0
2026-04-03,54.45,58.73,54.01,58.05,169832639,0,0
2026-04-07,58.35,61.5,58.0,58.7,166875408,0,0
2026-04-08,60.8,60.87,56.55,58.56,195107878,0,0
2026-04-09,57.21,60.8,56.11,59.54,194181874,0,0
2026-04-10,59.21,59.21,55.71,55.98,208927553,0,0
2026-04-13,55.0,55.95,53.1,53.49,203511870,0,0
2026-04-14,53.51,54.41,52.15,52.67,156956401,0,0
2026-04-15,52.86,53.99,51.73,52.13,130152540,0,0
2026-04-16,51.81,53.44,50.89,53.14,142840210,0,0
2026-04-17,52.59,56.1,52.59,55.65,213417354,0,0
2026-04-20,58.35,60.99,57.5,60.89,221872593,0,0
2026-04-21,59.5,60.4,57.27,59.8,183209207,0,0
2026-04-22,59.7,65.78,59.55,65.78,203696367,0,0
2026-04-23,66.77,70.3,66.03,69.52,273438882,0,0
2026-04-24,68.0,71.3,66.55,69.54,221203009,0,0
2026-04-27,69.54,74.49,68.9,71.38,249512238,0,0
2026-04-28,70.0,71.6,67.68,68.29,176584323,0,0
2026-04-29,67.0,68.2,65.35,67.38,123763734,0,0
2026-04-30,67.7,68.0,63.3,65.7,160934768,0,0
2026-05-06,67.5,72.27,67.5,71.8,191574699,0,0
2026-05-07,74.55,76.63,71.8,75.96,190890446,0,0
2026-05-08,74.25,79.49,74.25,77.27,163302292,0,0
2026-05-11,79.3,79.9,73.83,74.99,238897082,0,0
