date,code,close,peTTM,pbMRQ,psTTM,pcfNcfTTM
2018-01-02,sh.603308,11.09223148,100.151898,2.509101,5.481171,-19.480776
2018-01-03,sh.603308,11.09223148,100.151898,2.509101,5.481171,-19.480776
2018-01-04,sh.603308,11.0377242,99.659751,2.496771,5.454236,-19.385048
2018-01-05,sh.603308,11.1058583,100.274935,2.512183,5.487905,-19.504709
2018-01-08,sh.603308,10.79925485,97.506608,2.442829,5.336398,-18.966235
2018-01-09,sh.603308,10.77200121,97.260535,2.436664,5.322931,-18.918371
2018-01-10,sh.603308,10.49946481,94.7998,2.375015,5.188258,-18.439728
2018-01-11,sh.603308,10.64935983,96.153204,2.408922,5.262328,-18.702981
2018-01-12,sh.603308,10.49946481,94.7998,2.375015,5.188258,-18.439728
2018-01-15,sh.603308,9.83175063,88.771,2.223976,4.858311,-17.267052
2018-01-16,sh.603308,9.85900427,89.017074,2.230141,4.871778,-17.314916
2018-01-17,sh.603308,9.92713837,89.632258,2.245553,4.905446,-17.434577
2018-01-18,sh.603308,9.73636289,87.909743,2.202399,4.811175,-17.099527
2018-01-19,sh.603308,9.66822879,87.29456,2.186987,4.777507,-16.979866
2018-01-22,sh.603308,9.83856404,88.832519,2.225517,4.861677,-17.279018
2018-01-23,sh.603308,9.77042994,88.217335,2.210105,4.828009,-17.159357
2018-01-24,sh.603308,9.73636289,87.909743,2.202399,4.811175,-17.099527
2018-01-25,sh.603308,9.90669814,89.447703,2.240929,4.895346,-17.398679
2018-01-26,sh.603308,9.91351155,89.509221,2.24247,4.898712,-17.410645
2018-01-29,sh.603308,9.70229584,87.602152,2.194693,4.794341,-17.039696
2018-01-30,sh.603308,9.71592266,87.725188,2.197775,4.801075,-17.063628
2018-01-31,sh.603308,9.20491691,83.111311,2.082184,4.548564,-16.166173
2018-02-01,sh.603308,8.81655254,79.604764,1.994335,4.356656,-15.484106
2018-02-02,sh.603308,8.68709775,78.435915,1.965051,4.292686,-15.256751
2018-02-05,sh.603308,8.83699277,79.789319,1.998958,4.366756,-15.520004
2018-02-06,sh.603308,8.30554679,74.990887,1.878743,4.104145,-14.58665
2018-02-07,sh.603308,8.27147974,74.683295,1.871037,4.087311,-14.52682
2018-02-08,sh.603308,8.46225522,76.405809,1.914191,4.181581,-14.86187
2018-02-09,sh.603308,8.55764296,77.267066,1.935768,4.228717,-15.029395
2018-02-12,sh.603308,8.71435139,78.681989,1.971216,4.306153,-15.304615
2018-02-13,sh.603308,8.70753798,78.62047,1.969675,4.302787,-15.292649
2018-02-14,sh.603308,8.84380618,79.850838,2.000499,4.370123,-15.53197
2018-02-22,sh.603308,8.95282074,80.835131,2.025159,4.423992,-15.723428
2018-02-23,sh.603308,8.85061959,79.912356,2.002041,4.37349,-15.543936
2018-02-26,sh.603308,9.05502189,81.757907,2.048277,4.474494,-15.902919
2018-02-27,sh.603308,9.18447668,82.926756,2.07756,4.538463,-16.130274
2018-02-28,sh.603308,9.15040963,82.619164,2.069854,4.521629,-16.070444
2018-03-01,sh.603308,9.58646787,86.556339,2.168492,4.737105,-16.836273
2018-03-02,sh.603308,9.55921423,86.310266,2.162327,4.723638,-16.788409
2018-03-05,sh.603308,9.51152036,85.879637,2.151539,4.70007,-16.704646
2018-03-06,sh.603308,9.64778856,87.110005,2.182363,4.767407,-16.943968
2018-03-07,sh.603308,9.72954948,87.848225,2.200858,4.807808,-17.087561
2018-03-08,sh.603308,9.65460197,87.171523,2.183904,4.770774,-16.955934
2018-03-09,sh.603308,9.73636289,87.909743,2.202399,4.811175,-17.099527
2018-03-12,sh.603308,9.76361653,88.155817,2.208564,4.824643,-17.147391
2018-03-13,sh.603308,9.77042994,88.217335,2.210105,4.828009,-17.159357
2018-03-14,sh.603308,9.77042994,88.217335,2.210105,4.828009,-17.159357
2018-03-15,sh.603308,9.51152036,85.879637,2.151539,4.70007,-16.704646
2018-03-16,sh.603308,9.54558741,86.187229,2.159245,4.716905,-16.764476
2018-03-19,sh.603308,9.49108013,85.695082,2.146915,4.68997,-16.668748
2018-03-20,sh.603308,9.63416174,86.986968,2.179281,4.760673,-16.920036
2018-03-21,sh.603308,9.49789354,85.756601,2.148456,4.693337,-16.680714
2018-03-22,sh.603308,9.50470695,85.818119,2.149997,4.696704,-16.69268
2018-03-23,sh.603308,8.79611231,79.420209,1.989711,4.346555,-15.448208
2018-03-26,sh.603308,9.00051461,81.26576,2.035947,4.44756,-15.80719
2018-03-27,sh.603308,9.19129009,82.988274,2.079101,4.54183,-16.14224
2018-03-28,sh.603308,9.97483224,90.062886,2.256341,4.929014,-17.518339
2018-03-29,sh.603308,10.21330159,92.216029,2.310284,5.046852,-17.937152
2018-03-30,sh.603308,10.32231615,93.200323,2.334943,5.100721,-18.128609
2018-04-02,sh.603308,10.32912956,93.261841,2.336485,5.104088,-18.140576
2018-04-03,sh.603308,10.23374182,92.400584,2.314908,5.056953,-17.97305
2018-04-04,sh.603308,10.55397209,95.291947,2.387345,5.215193,-18.535456
2018-04-09,sh.603308,10.4245173,94.123098,2.358062,5.151223,-18.308101
2018-04-10,sh.603308,10.30868933,93.077286,2.331861,5.093988,-18.104677
2018-04-11,sh.603308,10.22692841,92.339066,2.313366,5.053586,-17.961084
2018-04-12,sh.603308,10.44495753,94.307653,2.362685,5.161324,-18.343999
2018-04-13,sh.603308,10.11110044,91.293253,2.287166,4.99635,-17.757661
2018-04-16,sh.603308,10.09066021,91.108698,2.282542,4.98625,-17.721763
2018-04-17,sh.603308,9.93395178,89.693776,2.247094,4.908813,-17.446543
2018-04-18,sh.603308,10.0157127,90.431996,2.265589,4.949215,-17.590136
2018-04-19,sh.603308,10.07021998,90.924143,2.277918,4.976149,-17.685865
2018-04-20,sh.603308,9.70910925,87.66367,2.196234,4.797708,-17.051662
2018-04-23,sh.603308,9.25261078,83.541939,2.092972,4.572132,-16.249935
2018-04-24,sh.603308,9.65460197,87.171523,2.183904,4.770774,-16.955934
2018-04-25,sh.603308,9.85900427,89.017074,2.230141,4.871778,-17.314916
2018-04-26,sh.603308,10.25418205,92.585139,2.319531,5.067053,-18.008949
2018-04-27,sh.603308,10.19967477,105.400754,2.270369,4.547355,-234.354326
2018-05-02,sh.603308,10.38363684,107.301769,2.311317,4.629372,-238.581158
2018-05-03,sh.603308,10.40407707,107.512993,2.315867,4.638485,-239.050806
2018-05-04,sh.603308,10.25418205,105.964018,2.282502,4.571656,-235.606721
2018-05-07,sh.603308,10.39045025,107.372177,2.312834,4.632409,-238.737707
2018-05-08,sh.603308,10.80606826,111.667064,2.405347,4.817706,-248.287215
2018-05-09,sh.603308,11.05816443,114.27216,2.461462,4.930099,-254.07954
2018-05-10,sh.603308,10.90826941,112.723184,2.428096,4.86327,-250.635455
2018-05-11,sh.603308,10.75837439,111.174208,2.394731,4.796442,-247.19137
2018-05-14,sh.603308,10.68342688,110.399721,2.378048,4.763028,-245.469328
2018-05-15,sh.603308,10.74474757,111.033392,2.391698,4.790367,-246.878272
2018-05-16,sh.603308,10.51309163,108.639521,2.340133,4.687087,-241.555595
2018-05-17,sh.603308,10.79925485,111.596656,2.403831,4.814668,-248.130666
2018-05-18,sh.603308,10.82650849,111.878288,2.409897,4.826819,-248.756863
2018-05-21,sh.603308,11.09223148,114.6242,2.469045,4.945287,-254.862287
2018-05-22,sh.603308,11.01047056,113.779304,2.450846,4.908835,-252.983695
2018-05-23,sh.603308,10.94233646,113.075224,2.435679,4.878459,-251.418202
2018-05-24,sh.603308,10.52671845,108.780337,2.343166,4.693162,-241.868693
2018-05-25,sh.603308,10.73793416,110.962984,2.390181,4.787329,-246.721722
2018-05-28,sh.603308,10.73793416,110.962984,2.390181,4.787329,-246.721722
2018-05-29,sh.603308,10.63573301,109.906865,2.367432,4.741765,-244.373483
2018-05-30,sh.603308,10.1519809,104.907898,2.259752,4.526092,-233.258481
2018-05-31,sh.603308,10.2882491,106.316057,2.290085,4.586845,-236.389467
2018-06-01,sh.603308,10.09747362,104.344634,2.247619,4.501791,-232.006087
2018-06-04,sh.603308,9.79087017,101.176275,2.179372,4.365097,-224.961367
2018-06-05,sh.603308,10.2882491,106.316057,2.290085,4.586845,-236.389467
2018-06-06,sh.603308,10.220115,105.611978,2.274918,4.556468,-234.823974
2018-06-07,sh.603308,10.02933952,103.640554,2.232453,4.471414,-230.440593
2018-06-08,sh.603308,9.57284105,98.923219,2.13084,4.267892,-219.951789
2018-06-11,sh.603308,9.42294603,97.374243,2.097475,4.201064,-216.507704
2018-06-12,sh.603308,9.58646787,99.064035,2.133874,4.273967,-220.264888
2018-06-13,sh.603308,9.4706399,97.867099,2.108091,4.222327,-217.603549
2018-06-14,sh.603308,9.06864871,93.713028,2.018611,4.043106,-208.36714
2018-06-15,sh.603308,9.13678281,94.417108,2.033777,4.073483,-209.932633
2018-06-19,sh.603308,8.33039001,85.827334,1.84875,3.70289,-190.833616
2018-06-20,sh.603308,8.73358362,89.981405,1.938231,3.882111,-200.070026
2018-06-21,sh.603308,8.43289686,86.883454,1.8715,3.748455,-193.181856
2018-06-22,sh.603308,8.48756718,87.446717,1.883633,3.772756,-194.434251
2018-06-25,sh.603308,8.38506033,86.390598,1.860883,3.727191,-192.086011
2018-06-26,sh.603308,8.58324024,88.432429,1.904865,3.815283,-196.625941
2018-06-27,sh.603308,8.59007403,88.502837,1.906382,3.81832,-196.78249
2018-06-28,sh.603308,8.63791056,88.995693,1.916998,3.839584,-197.878336
2018-06-29,sh.603308,8.84292426,91.107933,1.962496,3.930713,-202.574815
2018-07-02,sh.603308,8.53540371,87.939573,1.894249,3.794019,-195.530096
2018-07-03,sh.603308,8.50123476,87.587533,1.886666,3.778831,-194.747349
2018-07-04,sh.603308,8.52173613,87.798757,1.891216,3.787944,-195.216997
2018-07-05,sh.603308,8.10487494,83.50387,1.798702,3.602648,-185.667489
2018-07-06,sh.603308,8.11854252,83.644686,1.801735,3.608723,-185.980588
2018-07-09,sh.603308,8.23471695,84.841622,1.827518,3.660363,-188.641926
2018-07-10,sh.603308,8.33039001,85.827334,1.84875,3.70289,-190.833616
2018-07-11,sh.603308,8.0638722,83.081422,1.789603,3.584422,-184.728193
2018-07-12,sh.603308,8.27571969,85.26407,1.836618,3.678589,-189.581222
2018-07-13,sh.603308,8.21421558,84.630398,1.822968,3.65125,-188.172278
2018-07-16,sh.603308,8.22104937,84.700806,1.824485,3.654288,-188.328827
2018-07-17,sh.603308,8.45339823,87.094678,1.876049,3.757567,-193.651504
2018-07-18,sh.603308,8.28938727,85.404886,1.839651,3.684664,-189.894321
2018-07-19,sh.603308,8.30305485,85.545702,1.842684,3.690739,-190.207419
2018-07-20,sh.603308,8.43289686,86.883454,1.8715,3.748455,-193.181856
2018-07-23,sh.603308,8.77458636,90.403853,1.94733,3.900337,-201.009322
2018-07-24,sh.603308,8.79508773,90.615077,1.95188,3.90945,-201.47897
2018-07-25,sh.603308,8.69941467,89.629365,1.930647,3.866923,-199.287279
2018-07-26,sh.603308,8.67207951,89.347733,1.924581,3.854772,-198.661082
2018-07-27,sh.603308,8.80875531,90.755893,1.954913,3.915525,-201.792069
2018-07-30,sh.603308,8.6789133,89.418141,1.926098,3.85781,-198.817632
2018-07-31,sh.603308,8.68574709,89.488549,1.927614,3.860847,-198.974181
2018-08-01,sh.603308,8.51490234,87.728349,1.889699,3.784906,-195.060448
2018-08-02,sh.603308,8.32355622,85.756926,1.847234,3.699852,-190.677067
2018-08-03,sh.603308,8.29622106,85.475294,1.841167,3.687702,-190.05087
2018-08-06,sh.603308,8.03653704,82.79979,1.783536,3.572271,-184.101996
2018-08-07,sh.603308,8.22788316,84.771214,1.826001,3.657325,-188.485377
2018-08-08,sh.603308,8.00236809,82.447751,1.775953,3.557083,-183.319249
2018-08-09,sh.603308,8.14587768,83.926318,1.807802,3.620873,-186.606785
2018-08-10,sh.603308,8.28255348,85.334478,1.838134,3.681626,-189.737771
2018-08-13,sh.603308,8.200548,84.489582,1.819935,3.645175,-187.859179
2018-08-14,sh.603308,8.14587768,83.926318,1.807802,3.620873,-186.606785
2018-08-15,sh.603308,8.03653704,82.79979,1.783536,3.572271,-184.101996
2018-08-16,sh.603308,7.87252608,81.109999,1.747137,3.499368,-180.344812
2018-08-17,sh.603308,7.5855069,78.152863,1.68344,3.371787,-173.769741
2018-08-20,sh.603308,7.63334343,78.645719,1.694056,3.39305,-174.865586
2018-08-21,sh.603308,7.42149594,76.463072,1.647041,3.298883,-170.012557
2018-08-22,sh.603308,7.43516352,76.603888,1.650074,3.304958,-170.325656
2018-08-23,sh.603308,7.29165393,75.12532,1.618225,3.241168,-167.03812
2018-08-24,sh.603308,7.23698361,74.562056,1.606092,3.216867,-165.785726
2018-08-27,sh.603308,7.37365941,75.970216,1.636425,3.277619,-168.916712
2018-08-28,sh.603308,7.45566489,76.815112,1.654624,3.314071,-170.795304
2018-08-29,sh.603308,7.42832973,76.53348,1.648558,3.301921,-170.169107
2018-08-30,sh.603308,7.27115256,75.535741,1.620463,3.126811,20.363874
2018-08-31,sh.603308,7.09347402,73.689943,1.580865,3.050404,19.866261
2018-09-03,sh.603308,7.12764297,74.044904,1.58848,3.065097,19.961956
2018-09-04,sh.603308,7.29848772,75.81971,1.626555,3.138566,20.44043
2018-09-05,sh.603308,7.27115256,75.535741,1.620463,3.126811,20.363874
2018-09-06,sh.603308,7.19598087,74.754827,1.60371,3.094485,20.153345
2018-09-07,sh.603308,7.19598087,74.754827,1.60371,3.094485,20.153345
2018-09-10,sh.603308,6.88846032,71.560176,1.535176,2.962242,19.292091
2018-09-11,sh.603308,6.91579548,71.844145,1.541268,2.973997,19.368647
2018-09-12,sh.603308,6.9704658,72.412083,1.553452,2.997506,19.521759
2018-09-13,sh.603308,7.04563749,73.192997,1.570204,3.029833,19.732288
2018-09-14,sh.603308,6.98413338,72.554067,1.556498,3.003384,19.560037
2018-09-17,sh.603308,7.13447676,74.115896,1.590003,3.068036,19.981095
2018-09-18,sh.603308,7.20964845,74.896811,1.606756,3.100362,20.191623
2018-09-19,sh.603308,7.22331603,75.038796,1.609802,3.10624,20.229901
2018-09-20,sh.603308,7.14131055,74.186889,1.591526,3.070975,20.000234
2018-09-21,sh.603308,7.27798635,75.606733,1.621986,3.129749,20.383013
2018-09-25,sh.603308,7.29165393,75.748718,1.625032,3.135627,20.421291
2018-09-26,sh.603308,7.29848772,75.81971,1.626555,3.138566,20.44043
2018-09-27,sh.603308,7.16864571,74.470858,1.597618,3.08273,20.07679
2018-09-28,sh.603308,7.22331603,75.038796,1.609802,3.10624,20.229901
2018-10-08,sh.603308,7.00463475,72.767044,1.561066,3.0122,19.617454
2018-10-09,sh.603308,6.91579548,71.844145,1.541268,2.973997,19.368647
2018-10-10,sh.603308,6.89529411,71.631168,1.536699,2.96518,19.31123
2018-10-11,sh.603308,6.20508132,64.460952,1.382876,2.668368,17.378193
2018-10-12,sh.603308,5.98640004,62.1892,1.334141,2.574329,16.765746
2018-10-15,sh.603308,5.74721739,59.704472,1.280836,2.471473,16.095882
2018-10-16,sh.603308,5.56270506,57.787682,1.239715,2.392128,15.579129
2018-10-17,sh.603308,5.64471054,58.639589,1.257991,2.427392,15.808797
2018-10-18,sh.603308,5.5353699,57.503713,1.233623,2.380373,15.502573
2018-10-19,sh.603308,5.65154433,58.710581,1.259514,2.430331,15.827936
2018-10-22,sh.603308,5.89756077,61.266301,1.314342,2.536126,16.516939
2018-10-23,sh.603308,5.80188771,60.27241,1.29302,2.494983,16.248994
2018-10-24,sh.603308,5.81555529,60.414395,1.296066,2.500861,16.287272
2018-10-25,sh.603308,5.73354981,59.562488,1.27779,2.465596,16.057604
2018-10-26,sh.603308,5.81555529,60.414395,1.296066,2.500861,16.287272
2018-10-29,sh.603308,5.84289045,60.698363,1.302158,2.512616,16.363828
2018-10-30,sh.603308,5.80188771,60.27241,1.29302,2.494983,16.248994
2018-10-31,sh.603308,6.34859091,64.429021,1.400105,2.515293,42.312378
2018-11-01,sh.603308,6.17774616,62.695194,1.362427,2.447605,41.173724
2018-11-02,sh.603308,6.38275986,64.775786,1.40764,2.528831,42.540109
2018-11-05,sh.603308,6.29392059,63.874196,1.388048,2.493633,41.948009
2018-11-06,sh.603308,6.32808954,64.220962,1.395584,2.507171,42.17574
2018-11-07,sh.603308,6.22558269,63.180665,1.372977,2.466558,41.492548
2018-11-08,sh.603308,6.150411,62.417781,1.356399,2.436775,40.99154
2018-11-09,sh.603308,6.150411,62.417781,1.356399,2.436775,40.99154
2018-11-12,sh.603308,6.28025301,63.73549,1.385034,2.488218,41.856917
2018-11-13,sh.603308,6.36909228,64.63708,1.404626,2.523416,42.449017
2018-11-14,sh.603308,6.39642744,64.914493,1.410655,2.534246,42.631201
2018-11-15,sh.603308,6.58777356,66.856379,1.452854,2.610057,43.906494
2018-11-16,sh.603308,6.64927767,67.480557,1.466418,2.634425,44.316409
2018-11-19,sh.603308,6.51943566,66.162848,1.437783,2.582981,43.451032
2018-11-20,sh.603308,6.26658543,63.596784,1.38202,2.482803,41.765824
2018-11-21,sh.603308,6.31442196,64.082255,1.392569,2.501756,42.084648
2018-11-22,sh.603308,6.34175712,64.359668,1.398598,2.512586,42.266832
2018-11-23,sh.603308,5.92489593,60.129129,1.306664,2.347427,39.488517
2018-11-26,sh.603308,5.87022561,59.574305,1.294607,2.325766,39.124147
2018-11-27,sh.603308,5.97273246,60.614601,1.317214,2.366379,39.80734
2018-11-28,sh.603308,6.02056899,61.100073,1.327764,2.385332,40.126163
2018-11-29,sh.603308,5.98640004,60.753307,1.320228,2.371794,39.898432
2018-11-30,sh.603308,6.07523931,61.654897,1.339821,2.406992,40.490532
2018-12-03,sh.603308,6.21191511,63.041959,1.369963,2.461143,41.401455
2018-12-04,sh.603308,6.27341922,63.666137,1.383527,2.48551,41.811371
2018-12-05,sh.603308,6.43059639,65.261258,1.41819,2.547784,42.858932
2018-12-06,sh.603308,6.17091237,62.625841,1.36092,2.444898,41.128178
2018-12-07,sh.603308,6.2187489,63.111312,1.37147,2.46385,41.447001
2018-12-10,sh.603308,6.10257447,61.93231,1.345849,2.417822,40.672717
2018-12-11,sh.603308,6.06157173,61.516191,1.336806,2.401577,40.39944
2018-12-12,sh.603308,6.150411,62.417781,1.356399,2.436775,40.99154
2018-12-13,sh.603308,6.17091237,62.625841,1.36092,2.444898,41.128178
2018-12-14,sh.603308,6.04107036,61.308132,1.332285,2.393455,40.262801
2018-12-17,sh.603308,5.93172972,60.198482,1.308171,2.350134,39.534063
2018-12-18,sh.603308,5.84972424,59.366245,1.290086,2.317644,38.987509
2018-12-19,sh.603308,5.65154433,57.355006,1.24638,2.239125,37.66667
2018-12-20,sh.603308,5.74721739,58.325949,1.267479,2.277031,38.304317
2018-12-21,sh.603308,5.72671602,58.11789,1.262958,2.268908,38.167678
2018-12-24,sh.603308,5.72671602,58.11789,1.262958,2.268908,38.167678
2018-12-25,sh.603308,5.7403836,58.256596,1.265972,2.274323,38.258771
2018-12-26,sh.603308,5.63104296,57.146946,1.241858,2.231003,37.530032
2018-12-27,sh.603308,5.54220369,56.245356,1.222266,2.195805,36.937932
2018-12-28,sh.603308,5.48069958,55.621178,1.208702,2.171437,36.528017
2019-01-02,sh.603308,5.54220369,56.245356,1.222266,2.195805,36.937932
2019-01-03,sh.603308,5.57637264,56.592122,1.229802,2.209343,37.165663
2019-01-04,sh.603308,5.72671602,58.11789,1.262958,2.268908,38.167678
2019-01-07,sh.603308,6.12990963,62.209722,1.351877,2.428652,40.854901
2019-01-08,sh.603308,6.03423657,61.238779,1.330778,2.390747,40.217255
2019-01-09,sh.603308,5.96589867,60.545248,1.315707,2.363672,39.761794
2019-01-10,sh.603308,5.95906488,60.475895,1.3142,2.360964,39.716247
2019-01-11,sh.603308,5.97273246,60.614601,1.317214,2.366379,39.80734
2019-01-14,sh.603308,5.89756077,59.851717,1.300636,2.336596,39.306332
2019-01-15,sh.603308,6.0137352,61.03072,1.326257,2.382624,40.080617
2019-01-16,sh.603308,5.95906488,60.475895,1.3142,2.360964,39.716247
2019-01-17,sh.603308,6.44426397,65.399964,1.421204,2.553199,42.950025
2019-01-18,sh.603308,6.28025301,63.73549,1.385034,2.488218,41.856917
2019-01-21,sh.603308,6.2870868,63.804843,1.386541,2.490926,41.902463
2019-01-22,sh.603308,6.16407858,62.556487,1.359413,2.44219,41.082632
2019-01-23,sh.603308,6.19141374,62.8339,1.365441,2.45302,41.264817
2019-01-24,sh.603308,6.2187489,63.111312,1.37147,2.46385,41.447001
2019-01-25,sh.603308,6.16407858,62.556487,1.359413,2.44219,41.082632
2019-01-28,sh.603308,6.2870868,63.804843,1.386541,2.490926,41.902463
2019-01-29,sh.603308,6.22558269,63.180665,1.372977,2.466558,41.492548
2019-01-30,sh.603308,6.19141374,62.8339,1.365441,2.45302,41.264817
2019-01-31,sh.603308,6.17091237,62.625841,1.36092,2.444898,41.128178
2019-02-01,sh.603308,6.32808954,64.220962,1.395584,2.507171,42.17574
2019-02-11,sh.603308,6.41692881,65.122552,1.415176,2.542369,42.76784
2019-02-12,sh.603308,6.43743018,65.330611,1.419697,2.550491,42.904478
2019-02-13,sh.603308,6.52626945,66.232201,1.43929,2.585689,43.496578
2019-02-14,sh.603308,6.64927767,67.480557,1.466418,2.634425,44.316409
2019-02-15,sh.603308,6.56727219,66.64832,1.448332,2.601934,43.769855
2019-02-18,sh.603308,6.6971142,67.966029,1.476968,2.653377,44.635232
2019-02-19,sh.603308,7.12764297,72.335273,1.571915,2.823951,47.50464
2019-02-20,sh.603308,7.07980644,71.849802,1.561366,2.804999,47.185817
2019-02-21,sh.603308,6.80645484,69.075678,1.501081,2.696698,45.363971
2019-02-22,sh.603308,6.82012242,69.214384,1.504095,2.702113,45.455063
2019-02-25,sh.603308,7.1071416,72.127214,1.567394,2.815829,47.368002
2019-02-26,sh.603308,7.10030781,72.057861,1.565887,2.813121,47.322455
2019-02-27,sh.603308,7.05247128,71.572389,1.555337,2.794169,47.003632
2019-02-28,sh.603308,7.20281466,73.098157,1.588494,2.853734,48.005648
2019-03-01,sh.603308,7.18914708,72.959451,1.585479,2.848319,47.914555
2019-03-04,sh.603308,7.21648224,73.236863,1.591508,2.859149,48.09674
2019-03-05,sh.603308,7.27115256,73.791688,1.603565,2.88081,48.461109
2019-03-06,sh.603308,7.68117996,77.952874,1.693991,3.043261,51.193879
2019-03-07,sh.603308,7.55133795,76.635165,1.665356,2.991818,50.328502
2019-03-08,sh.603308,7.12080918,72.26592,1.570408,2.821244,47.459094
2019-03-11,sh.603308,7.35315804,74.623925,1.62165,2.9133,49.007663
2019-03-12,sh.603308,7.40782836,75.17875,1.633707,2.93496,49.372032
2019-03-13,sh.603308,7.18914708,72.959451,1.585479,2.848319,47.914555
2019-03-14,sh.603308,6.94313064,70.46274,1.531223,2.750848,46.274894
2019-03-15,sh.603308,6.9021279,70.046621,1.522181,2.734603,46.001617
2019-03-18,sh.603308,7.23698361,73.444923,1.596029,2.867272,48.233379
2019-03-19,sh.603308,7.48983384,76.010987,1.651792,2.96745,49.918586
2019-03-20,sh.603308,7.59917448,77.120636,1.675906,3.010771,50.647325
2019-03-21,sh.603308,8.05020462,81.69794,1.775375,3.189468,53.653371
2019-03-22,sh.603308,7.84519092,79.617348,1.730162,3.108242,52.286986
2019-03-25,sh.603308,7.89986124,80.172172,1.742219,3.129902,52.651356
2019-03-26,sh.603308,7.48300005,75.941634,1.650285,2.964743,49.87304
2019-03-27,sh.603308,7.42149594,75.317456,1.636721,2.940375,49.463125
2019-03-28,sh.603308,7.26431877,73.722335,1.602058,2.878102,48.415563
2019-03-29,sh.603308,7.48983384,76.010987,1.651792,2.96745,49.918586
2019-04-01,sh.603308,7.87935987,79.964113,1.737697,3.121779,52.514717
2019-04-02,sh.603308,7.94769777,80.657644,1.752769,3.148855,52.970179
2019-04-03,sh.603308,8.09804115,82.183412,1.785925,3.20842,53.972194
2019-04-04,sh.603308,8.02286946,81.420528,1.769347,3.178638,53.471186
2019-04-08,sh.603308,7.98186672,81.00441,1.760304,3.162392,53.197909
2019-04-09,sh.603308,7.86569229,79.825407,1.734683,3.116364,52.423625
2019-04-10,sh.603308,7.82468955,79.409288,1.725641,3.100119,52.150348
2019-04-11,sh.603308,7.69484754,78.09158,1.697006,3.048676,51.284971
2019-04-12,sh.603308,7.82468955,79.409288,1.725641,3.100119,52.150348
2019-04-15,sh.603308,7.68117996,77.952874,1.693991,3.043261,51.193879
2019-04-16,sh.603308,7.77001923,78.854464,1.713584,3.078459,51.785979
2019-04-17,sh.603308,7.74268407,78.577051,1.707555,3.067629,51.603794
2019-04-18,sh.603308,7.66067859,77.744814,1.68947,3.035139,51.05724
2019-04-19,sh.603308,7.59917448,77.120636,1.675906,3.010771,50.647325
2019-04-22,sh.603308,7.55817174,76.704518,1.666863,2.994526,50.374048
2019-04-23,sh.603308,7.45566489,75.664222,1.644257,2.953913,49.690856
2019-04-24,sh.603308,7.3804932,74.901338,1.627678,2.92413,49.189848
2019-04-25,sh.603308,7.04563749,71.503036,1.55383,2.791461,46.958086
2019-04-26,sh.603308,6.91579548,70.185327,1.525195,2.740018,46.092709
2019-04-29,sh.603308,6.6287763,67.272498,1.461896,2.626302,44.179771
2019-04-30,sh.603308,6.73128315,54.787476,1.469811,2.404721,15.150463
2019-05-06,sh.603308,6.18457995,50.337732,1.350436,2.209414,13.919969
2019-05-07,sh.603308,6.36225849,51.783899,1.389233,2.272889,14.319879
2019-05-08,sh.603308,6.34175712,51.617034,1.384756,2.265565,14.273736
2019-05-09,sh.603308,6.33492333,51.561412,1.383264,2.263124,14.258355
2019-05-10,sh.603308,6.47159913,52.673848,1.413108,2.31195,14.565978
2019-05-13,sh.603308,6.4237626,52.284495,1.402662,2.294861,14.45831
2019-05-14,sh.603308,6.43743018,52.395739,1.405647,2.299744,14.489072
2019-05-15,sh.603308,6.58777356,53.619418,1.438475,2.353453,14.827458
2019-05-16,sh.603308,6.73128315,54.787476,1.469811,2.404721,15.150463
2019-05-17,sh.603308,6.4921005,52.840713,1.417584,2.319274,14.612122
2019-05-20,sh.603308,6.59460735,53.67504,1.439967,2.355895,14.842839
2019-05-21,sh.603308,6.68344662,54.398124,1.459366,2.387632,15.042795
2019-05-22,sh.603308,6.66977904,54.28688,1.456381,2.382749,15.012032
2019-05-23,sh.603308,6.51943566,53.0632,1.423553,2.32904,14.673647
2019-05-24,sh.603308,6.58093977,53.563797,1.436983,2.351012,14.812077
2019-05-27,sh.603308,6.81328863,55.454938,1.487717,2.434018,15.335037
2019-05-28,sh.603308,6.70394799,54.564989,1.463842,2.394956,15.088938
2019-05-29,sh.603308,6.71761557,54.676233,1.466827,2.399839,15.119701
2019-05-30,sh.603308,6.64927767,54.120015,1.451905,2.375425,14.965889
2019-05-31,sh.603308,6.62194251,53.897527,1.445936,2.36566,14.904364
2019-06-03,sh.603308,6.52626945,53.118822,1.425045,2.331481,14.689028
2019-06-04,sh.603308,6.33492333,51.561412,1.383264,2.263124,14.258355
2019-06-05,sh.603308,6.36909228,51.839521,1.390725,2.27533,14.335261
2019-06-06,sh.603308,6.23241648,50.727085,1.360881,2.226504,14.027637
2019-06-10,sh.603308,6.25975164,50.949572,1.36685,2.236269,14.089162
2019-06-11,sh.603308,6.47159913,52.673848,1.413108,2.31195,14.565978
2019-06-12,sh.603308,6.39642744,52.062008,1.396694,2.285096,14.396785
2019-06-13,sh.603308,6.71761557,54.676233,1.466827,2.399839,15.119701
2019-06-14,sh.603308,6.45109776,52.506982,1.408631,2.304626,14.519835
2019-06-17,sh.603308,6.29392059,51.227681,1.374311,2.248476,14.166068
2019-06-18,sh.603308,6.30075438,51.283303,1.375803,2.250917,14.181449
2019-06-19,sh.603308,6.38959365,52.006386,1.395201,2.282654,14.381404
2019-06-20,sh.603308,6.53993703,53.230066,1.42803,2.336364,14.71979
2019-06-21,sh.603308,6.66294525,54.231258,1.454889,2.380308,14.996651
2019-06-24,sh.603308,6.69028041,54.453745,1.460858,2.390073,15.058176
2019-06-25,sh.603308,6.64244388,54.064393,1.450413,2.372984,14.950508
2019-06-26,sh.603308,6.6287763,53.953149,1.447428,2.368101,14.919745
2019-06-27,sh.603308,6.64244388,54.064393,1.450413,2.372984,14.950508
2019-06-28,sh.603308,6.63561009,54.008771,1.44892,2.370543,14.935127
2019-07-01,sh.603308,6.75178452,54.954342,1.474288,2.412045,15.196607
2019-07-02,sh.603308,6.73811694,54.843098,1.471303,2.407163,15.165844
2019-07-03,sh.603308,6.66294525,54.231258,1.454889,2.380308,14.996651
2019-07-04,sh.603308,6.68344662,54.398124,1.459366,2.387632,15.042795
2019-07-05,sh.603308,6.6971142,54.509367,1.46235,2.392515,15.073557
2019-07-08,sh.603308,6.4237626,52.284495,1.402662,2.294861,14.45831
2019-07-09,sh.603308,6.51260187,53.007579,1.422061,2.326599,14.658265
2019-07-10,sh.603308,6.4921005,52.840713,1.417584,2.319274,14.612122
2019-07-11,sh.603308,6.33492333,51.561412,1.383264,2.263124,14.258355
2019-07-12,sh.603308,6.29392059,51.227681,1.374311,2.248476,14.166068
2019-07-15,sh.603308,6.46476534,52.618226,1.411616,2.309509,14.550597
2019-07-16,sh.603308,6.50576808,52.951957,1.420569,2.324157,14.642884
2019-07-17,sh.603308,6.51264624,52.72947,1.4146,2.314392,14.581359
2019-07-18,sh.603308,6.34776912,51.394546,1.378787,2.2558,14.212211
2019-07-19,sh.603308,6.30654984,51.060815,1.369834,2.241152,14.119924
2019-07-22,sh.603308,6.19663176,50.170867,1.345959,2.20209,13.873825
2019-07-23,sh.603308,6.16228236,49.892758,1.338498,2.189883,13.796919
2019-07-24,sh.603308,6.26533056,50.727085,1.360881,2.226504,14.027637
2019-07-25,sh.603308,6.27907032,50.838328,1.363865,2.231386,14.058399
2019-07-26,sh.603308,6.27220044,50.782706,1.362373,2.228945,14.043018
2019-07-29,sh.603308,6.36837876,51.561412,1.383264,2.263124,14.258355
2019-07-30,sh.603308,6.30654984,51.060815,1.369834,2.241152,14.119924
2019-07-31,sh.603308,6.4233378,52.006386,1.395201,2.282654,14.381404
2019-08-01,sh.603308,6.40959804,51.895143,1.392217,2.277772,14.350642
2019-08-02,sh.603308,6.34089924,51.338924,1.377295,2.253358,14.19683
2019-08-05,sh.603308,6.32715948,51.227681,1.374311,2.248476,14.166068
2019-08-06,sh.603308,6.21037152,50.28211,1.348943,2.206973,13.904587
2019-08-07,sh.603308,6.0454944,48.947187,1.313131,2.148381,13.535439
2019-08-08,sh.603308,6.07297392,49.169674,1.3191,2.158146,13.596964
2019-08-09,sh.603308,5.92870644,48.001616,1.287763,2.106878,13.273959
2019-08-12,sh.603308,6.00427512,48.613456,1.304178,2.133733,13.443152
2019-08-13,sh.603308,5.99740524,48.557834,1.302685,2.131291,13.427771
2019-08-14,sh.603308,6.06610404,49.114052,1.317607,2.155705,13.581583
2019-08-15,sh.603308,5.95618596,48.224104,1.293732,2.116643,13.335484
2019-08-16,sh.603308,5.96992572,48.335347,1.296717,2.121526,13.366246
2019-08-19,sh.603308,6.1141932,49.503405,1.328053,2.172794,13.689251
2019-08-20,sh.603308,6.18976188,50.115245,1.344467,2.199649,13.858444
2019-08-21,sh.603308,6.10732332,49.447783,1.32656,2.170353,13.67387
2019-08-22,sh.603308,6.15541248,49.837136,1.337006,2.187442,13.781538
2019-08-23,sh.603308,6.06610404,49.114052,1.317607,2.155705,13.581583
2019-08-26,sh.603308,5.95618596,48.224104,1.293732,2.116643,13.335484
2019-08-27,sh.603308,6.011145,48.669078,1.30567,2.136174,13.458533
2019-08-28,sh.603308,6.06610404,49.114052,1.317607,2.155705,13.581583
2019-08-29,sh.603308,6.41646792,51.950764,1.393709,2.280213,14.366023
2019-08-30,sh.603308,6.6294342,53.67504,1.439967,2.355895,14.842839
2019-09-02,sh.603308,6.95918844,50.933114,1.486974,2.430811,6.886256
2019-09-03,sh.603308,7.06223664,51.687306,1.508992,2.466805,6.988224
2019-09-04,sh.603308,7.17215472,52.491778,1.532478,2.505199,7.09699
2019-09-05,sh.603308,7.213374,52.793455,1.541286,2.519596,7.137778
2019-09-06,sh.603308,7.40573064,54.201281,1.582387,2.586786,7.328118
2019-09-09,sh.603308,7.88662224,57.720844,1.685139,2.754759,7.80397
2019-09-10,sh.603308,8.05836924,58.977831,1.721836,2.814749,7.973917
2019-09-11,sh.603308,8.85527532,64.810251,1.892112,3.093104,8.762472
2019-09-12,sh.603308,8.6903982,63.603543,1.856882,3.035514,8.599322
2019-09-16,sh.603308,8.62856928,63.151028,1.843671,3.013917,8.538141
2019-09-17,sh.603308,8.4843018,62.095159,1.812846,2.963525,8.395386
2019-09-18,sh.603308,8.3125548,60.838172,1.776148,2.903535,8.225439
2019-09-19,sh.603308,8.47056204,61.9946,1.80991,2.958726,8.38179
2019-09-20,sh.603308,8.58048012,62.799072,1.833396,2.99712,8.490556
2019-09-23,sh.603308,8.25072588,60.385657,1.762937,2.881938,8.164258
2019-09-24,sh.603308,8.77970664,64.257177,1.875965,3.066709,8.687695
2019-09-25,sh.603308,8.75222712,64.056059,1.870093,3.05711,8.660503
2019-09-26,sh.603308,8.3812536,61.340967,1.790827,2.927531,8.293418
2019-09-27,sh.603308,8.6560488,63.352146,1.849543,3.023516,8.565333
2019-09-30,sh.603308,8.5530006,62.597954,1.827525,2.987521,8.463365
2019-10-08,sh.603308,8.4843018,62.095159,1.812846,2.963525,8.395386
2019-10-09,sh.603308,8.42247288,61.642644,1.799635,2.941929,8.334205
2019-10-10,sh.603308,8.8277958,64.609133,1.88624,3.083506,8.73528
2019-10-11,sh.603308,9.50104404,69.536522,2.030094,3.318668,9.401473
2019-10-14,sh.603308,10.12620312,74.111955,2.163672,3.537033,10.02008
2019-10-15,sh.603308,9.617832,70.391273,2.055048,3.359462,9.517037
2019-10-16,sh.603308,9.37051632,68.581212,2.002204,3.273076,9.272313
2019-10-17,sh.603308,9.3773862,68.631492,2.003672,3.275475,9.279111
2019-10-18,sh.603308,9.0338922,66.117518,1.930277,3.155494,8.939217
2019-10-21,sh.603308,8.77970664,64.257177,1.875965,3.066709,8.687695
2019-10-22,sh.603308,8.84840544,64.759972,1.890644,3.090705,8.755674
2019-10-23,sh.603308,8.6216994,63.100749,1.842204,3.011518,8.531344
2019-10-24,sh.603308,8.56674036,62.698513,1.83046,2.992321,8.476961
2019-10-25,sh.603308,8.74535724,64.005779,1.868626,3.054711,8.653706
2019-10-28,sh.603308,8.83466568,64.659413,1.887708,3.085906,8.742078
2019-10-29,sh.603308,8.5530006,62.597954,1.827525,2.987521,8.463365
2019-10-30,sh.603308,8.73161748,63.90522,1.86569,3.049911,8.64011
2019-10-31,sh.603308,8.3812536,48.14476,1.785607,2.904454,13.628019
2019-11-01,sh.603308,8.58048012,49.289184,1.828052,2.973495,13.951964
2019-11-04,sh.603308,8.415603,48.342074,1.792925,2.916358,13.683872
2019-11-05,sh.603308,8.34003432,47.907982,1.776826,2.89017,13.560996
2019-11-06,sh.603308,8.36751384,48.065834,1.78268,2.899693,13.605678
2019-11-07,sh.603308,8.57361024,49.249721,1.826589,2.971114,13.940793
2019-11-08,sh.603308,8.27133552,47.513353,1.76219,2.866363,13.449291
2019-11-11,sh.603308,7.94845116,45.658596,1.6934,2.75447,12.924277
2019-11-12,sh.603308,8.0034102,45.974299,1.705109,2.773516,13.013641
2019-11-13,sh.603308,8.1064584,46.566243,1.727063,2.809226,13.181199
2019-11-14,sh.603308,8.23011624,47.276575,1.753408,2.852079,13.382268
2019-11-15,sh.603308,8.072109,46.368928,1.719745,2.797323,13.125346
2019-11-18,sh.603308,8.08584876,46.447854,1.722672,2.802084,13.147687
2019-11-19,sh.603308,8.3812536,54.161573,2.008761,3.267434,15.331159
2019-11-20,sh.603308,8.73848736,56.470099,2.09438,3.406701,15.984618
2019-11-21,sh.603308,8.61482952,55.670994,2.064743,3.358493,15.758421
2019-11-22,sh.603308,8.2782054,53.495652,1.984063,3.22726,15.142661
2019-11-25,sh.603308,8.12706804,52.518968,1.947839,3.168339,14.866197
2019-11-26,sh.603308,8.0377596,51.941836,1.926435,3.133523,14.702833
2019-11-27,sh.603308,7.98280056,51.586678,1.913262,3.112097,14.6023
2019-11-28,sh.603308,7.92097164,51.187126,1.898444,3.087993,14.489202
2019-11-29,sh.603308,7.94158128,51.32031,1.903383,3.096027,14.526901
2019-12-02,sh.603308,8.13393792,52.563362,1.949486,3.171018,14.878764
2019-12-03,sh.603308,8.1751572,52.829731,1.959365,3.187087,14.954163
2019-12-04,sh.603308,8.16828732,52.785336,1.957719,3.184409,14.941597
2019-12-05,sh.603308,8.2782054,53.495652,1.984063,3.22726,15.142661
2019-12-06,sh.603308,8.66978856,56.026151,2.077915,3.379919,15.858953
2019-12-09,sh.603308,8.81405604,56.958441,2.112492,3.436162,16.12285
2019-12-10,sh.603308,9.0682416,58.601046,2.173413,3.535256,16.587811
2019-12-11,sh.603308,8.82092592,57.002836,2.114138,3.43884,16.135416
2019-12-12,sh.603308,8.85527532,57.224809,2.122371,3.452231,16.198249
2019-12-13,sh.603308,8.86901508,57.313599,2.125664,3.457588,16.223382
2019-12-16,sh.603308,9.15755004,59.178177,2.194818,3.570073,16.751176
2019-12-17,sh.603308,9.46669464,61.17594,2.268912,3.690593,17.31667
2019-12-18,sh.603308,9.1712898,59.266967,2.198111,3.57543,16.776309
2019-12-19,sh.603308,8.73161748,56.425704,2.092734,3.404023,15.972052
2019-12-20,sh.603308,8.68352832,56.114941,2.081208,3.385276,15.884086
2019-12-23,sh.603308,8.6560488,55.937362,2.074622,3.374563,15.83382
2019-12-24,sh.603308,8.73848736,56.470099,2.09438,3.406701,15.984618
2019-12-25,sh.603308,9.30181752,60.110467,2.229395,3.626316,17.015073
2019-12-26,sh.603308,9.35677656,60.465625,2.242567,3.647742,17.115605
2019-12-27,sh.603308,9.4804344,61.26473,2.272205,3.69595,17.341803
2019-12-30,sh.603308,10.25673084,66.281335,2.458262,3.998589,18.76182
2019-12-31,sh.603308,10.31168988,66.636492,2.471434,4.020015,18.862352
2020-01-02,sh.603308,10.26360072,66.325729,2.459909,4.001267,18.774386
2020-01-03,sh.603308,11.20477428,72.407807,2.685483,4.368184,20.496
2020-01-06,sh.603308,11.2666032,72.80736,2.700301,4.392288,20.609099
2020-01-07,sh.603308,11.30782248,73.073728,2.710181,4.408357,20.684498
2020-01-08,sh.603308,11.507049,74.361176,2.75793,4.486026,21.048927
2020-01-09,sh.603308,11.54826828,74.627544,2.767809,4.502095,21.124326
2020-01-10,sh.603308,11.50017912,74.316781,2.756283,4.483348,21.036361
2020-01-13,sh.603308,11.80245384,76.270149,2.82873,4.60119,21.589288
2020-01-14,sh.603308,11.96733096,77.335623,2.868247,4.665467,21.890884
2020-01-15,sh.603308,11.72001528,75.737412,2.808972,4.569051,21.438489
2020-01-16,sh.603308,11.56887792,74.760728,2.772749,4.51013,21.162026
2020-01-17,sh.603308,11.45895984,74.050413,2.746404,4.467278,20.960961
2020-01-20,sh.603308,11.4383502,73.917228,2.741465,4.459244,20.923262
2020-01-21,sh.603308,11.28034296,72.89615,2.703594,4.397644,20.634232
2020-01-22,sh.603308,11.2322538,72.585386,2.692069,4.378897,20.546266
2020-01-23,sh.603308,10.86128028,70.188071,2.603156,4.234273,19.867674
2020-02-03,sh.603308,9.77583924,63.173703,2.343005,3.811113,17.882163
2020-02-04,sh.603308,9.617832,62.152624,2.305135,3.749514,17.593133
2020-02-05,sh.603308,10.00941516,64.683124,2.398987,3.902173,18.309425
2020-02-06,sh.603308,10.4422176,67.479992,2.502718,4.070901,19.101116
2020-02-07,sh.603308,10.26360072,66.325729,2.459909,4.001267,18.774386
2020-02-10,sh.603308,11.15668512,72.097044,2.673957,4.349436,20.408034
2020-02-11,sh.603308,10.82693088,69.966097,2.594924,4.220882,19.804841
2020-02-12,sh.603308,11.72001528,75.737412,2.808972,4.569051,21.438489
2020-02-13,sh.603308,11.69940564,75.604228,2.804032,4.561016,21.40079
2020-02-14,sh.603308,11.54826828,74.627544,2.767809,4.502095,21.124326
2020-02-17,sh.603308,12.70240812,82.085859,3.044425,4.952037,23.235502
2020-02-18,sh.603308,13.97333592,90.298884,3.349032,5.447508,25.560309
2020-02-19,sh.603308,13.55427324,90.298884,3.349032,5.447508,25.560309
2020-02-20,sh.603308,14.11073352,91.186779,3.381963,5.501073,25.81164
2020-02-21,sh.603308,14.57788536,94.205621,3.493927,5.683192,26.666163
2020-02-24,sh.603308,14.81833116,95.759436,3.551555,5.77693,27.105992
2020-02-25,sh.603308,14.426748,93.228937,3.457703,5.624271,26.3897
2020-02-26,sh.603308,13.21077924,85.371069,3.166268,5.150226,24.165425
2020-02-27,sh.603308,12.9840732,83.906043,3.111933,5.061844,23.75073
2020-02-28,sh.603308,11.86428276,76.669702,2.843549,4.625294,21.702386
2020-03-02,sh.603308,12.95659368,83.728464,3.105347,5.051131,23.700464
2020-03-03,sh.603308,13.1214708,84.793938,3.144863,5.115409,24.00206
2020-03-04,sh.603308,13.12834068,84.838332,3.14651,5.118087,24.014627
2020-03-05,sh.603308,12.95659368,83.728464,3.105347,5.051131,23.700464
2020-03-06,sh.603308,12.59935992,81.419938,3.019727,4.911864,23.047004
2020-03-09,sh.603308,11.89176228,76.847281,2.850135,4.636006,21.752652
2020-03-10,sh.603308,12.20090688,78.845044,2.924229,4.756527,22.318146
2020-03-11,sh.603308,12.1596876,78.578675,2.91435,4.740457,22.242747
2020-03-12,sh.603308,11.8848924,76.802886,2.848489,4.633328,21.740086
2020-03-13,sh.603308,11.70627552,75.648623,2.805679,4.563694,21.413356
2020-03-16,sh.603308,10.72388268,69.300176,2.570226,4.180708,19.616343
2020-03-17,sh.603308,11.05363692,71.431123,2.649259,4.309263,20.219537
2020-03-18,sh.603308,10.70327304,69.166992,2.565286,4.172674,19.578644
2020-03-19,sh.603308,10.60022484,68.501071,2.540588,4.1325,19.390146
2020-03-20,sh.603308,10.5109164,67.92394,2.519184,4.097683,19.226781
2020-03-23,sh.603308,9.64531152,62.330203,2.311721,3.760227,17.643399
2020-03-24,sh.603308,9.74148984,62.95173,2.334773,3.797722,17.819331
2020-03-25,sh.603308,9.961326,64.372361,2.387462,3.883425,18.221459
2020-03-26,sh.603308,9.70714044,62.729756,2.32654,3.784331,17.756498
2020-03-27,sh.603308,9.56287296,61.797467,2.291963,3.728088,17.492601
2020-03-30,sh.603308,9.37051632,60.554414,2.24586,3.653098,17.140738
2020-03-31,sh.603308,9.31555728,60.199256,2.232688,3.631672,17.040206
2020-04-01,sh.603308,9.2056392,59.488941,2.206344,3.588821,16.839142
2020-04-02,sh.603308,9.5491332,61.708677,2.28867,3.722732,17.467468
2020-04-03,sh.603308,9.3430368,60.376835,2.239274,3.642385,17.090472
2020-04-07,sh.603308,9.87888744,63.839624,2.367703,3.851287,18.070661
2020-04-08,sh.603308,10.25673084,66.281334,2.458262,3.998589,18.76182
2020-04-09,sh.603308,10.22925132,66.103756,2.451676,3.987876,18.711554
2020-04-10,sh.603308,9.73461996,62.907335,2.333126,3.795044,17.806764
2020-04-13,sh.603308,9.5491332,61.708677,2.28867,3.722732,17.467468
2020-04-14,sh.603308,9.6865308,62.596572,2.321601,3.776296,17.718798
2020-04-15,sh.603308,9.6865308,62.596572,2.321601,3.776296,17.718798
2020-04-16,sh.603308,9.63157176,62.241414,2.308428,3.754871,17.618266
2020-04-17,sh.603308,10.0643742,65.038282,2.412159,3.923599,18.409957
2020-04-20,sh.603308,10.2704706,66.370124,2.461555,4.003945,18.786953
2020-04-21,sh.603308,9.961326,64.372361,2.387462,3.883425,18.221459
2020-04-22,sh.603308,10.0300248,64.816308,2.403927,3.910208,18.347125
2020-04-23,sh.603308,9.72775008,62.86294,2.33148,3.792366,17.794198
2020-04-24,sh.603308,9.62470188,62.197019,2.306782,3.752192,17.6057
2020-04-27,sh.603308,9.36364644,60.510019,2.244214,3.65042,17.128172
2020-04-28,sh.603308,8.75222712,56.558888,2.097673,3.412058,16.009751
2020-04-29,sh.603308,9.15755004,49.593461,1.788677,3.649439,-45.147074
2020-04-30,sh.603308,9.87888744,53.499923,1.929571,3.936905,-48.703296
2020-05-06,sh.603308,10.00941516,54.206806,1.955066,3.988922,-49.346802
2020-05-07,sh.603308,9.7552296,52.830244,1.905418,3.887625,-48.093658
2020-05-08,sh.603308,10.53152604,57.03434,2.057046,4.196992,-51.920829
2020-05-11,sh.603308,10.81319112,58.559721,2.112061,4.30924,-53.309449
2020-05-12,sh.603308,11.06737668,59.936283,2.16171,4.410538,-54.562593
2020-05-13,sh.603308,11.37652128,61.610481,2.222093,4.533737,-56.086688
2020-05-14,sh.603308,11.23912368,60.866393,2.195256,4.478982,-55.409313
2020-05-15,sh.603308,11.19103452,60.605963,2.185863,4.459817,-55.172231
2020-05-18,sh.603308,11.1979044,60.643167,2.187205,4.462555,-55.2061
2020-05-19,sh.603308,11.0948562,60.085101,2.167077,4.421489,-54.698068
2020-05-20,sh.603308,11.34217188,61.424459,2.215383,4.520048,-55.917344
2020-05-21,sh.603308,10.8544104,58.782947,2.120113,4.325667,-53.512661
2020-05-22,sh.603308,10.72388268,58.076064,2.094617,4.27365,-52.869155
2020-05-25,sh.603308,10.53152604,57.03434,2.057046,4.196992,-51.920829
2020-05-26,sh.603308,11.163555,60.457145,2.180495,4.448866,-55.036756
2020-05-27,sh.603308,10.98493812,59.489831,2.145608,4.377685,-54.156168
2020-05-28,sh.603308,11.25973332,60.978007,2.199281,4.487195,-55.510919
2020-05-29,sh.603308,11.54826828,62.540591,2.255639,4.602181,-56.933407
2020-06-01,sh.603308,12.02915988,65.144899,2.349568,4.793825,-59.304222
2020-06-02,sh.603308,11.66505624,63.173066,2.27845,4.648723,-57.509177
2020-06-03,sh.603308,12.00855024,65.033286,2.345542,4.785611,-59.202615
2020-06-04,sh.603308,12.33830448,66.819097,2.409951,4.917024,-60.828316
2020-06-05,sh.603308,12.11159844,65.591352,2.36567,4.826678,-59.710647
2020-06-08,sh.603308,11.96046108,64.772855,2.336149,4.766447,-58.965534
2020-06-09,sh.603308,11.90550204,64.47522,2.325415,4.744545,-58.694584
2020-06-10,sh.603308,11.83680324,64.103176,2.311996,4.717167,-58.355896
2020-06-11,sh.603308,11.7474948,63.619519,2.294552,4.681576,-57.915602
2020-06-12,sh.603308,11.79558396,63.87995,2.303945,4.700741,-58.152683
2020-06-15,sh.603308,11.53452852,62.466182,2.252955,4.596706,-56.86567
2020-06-16,sh.603308,12.1253382,65.665761,2.368354,4.832153,-59.778384
2020-06-17,sh.603308,12.63370932,68.418886,2.46765,5.034748,-62.284674
2020-06-18,sh.603308,12.54400002,67.637594,2.439471,4.977255,-61.573429
2020-06-19,sh.603308,12.49570079,67.377163,2.430078,4.958091,-61.336348
2020-06-22,sh.603308,12.57849947,67.823616,2.44618,4.990944,-61.742773
2020-06-23,sh.603308,13.83427945,74.594816,2.690396,5.489217,-67.90689
2020-06-24,sh.603308,13.4547855,72.548574,2.616595,5.33864,-66.044107
2020-06-29,sh.603308,13.32368759,71.84169,2.5911,5.286622,-65.400601
2020-06-30,sh.603308,14.0757756,75.89697,2.73736,5.585038,-69.092297
2020-07-01,sh.603308,14.02747637,75.636539,2.727968,5.565874,-68.855216
2020-07-02,sh.603308,14.0067767,75.524926,2.723942,5.557661,-68.753609
2020-07-03,sh.603308,14.33797142,77.310737,2.788351,5.689073,-70.37931
2020-07-06,sh.603308,14.67606603,79.133752,2.854101,5.823224,-72.03888
2020-07-07,sh.603308,14.40697032,77.682781,2.801769,5.716451,-70.717998
2020-07-08,sh.603308,14.9037624,80.361497,2.898382,5.91357,-73.15655
2020-07-09,sh.603308,16.39413864,88.397647,3.18822,6.504927,-80.472205
2020-07-10,sh.603308,16.3527393,88.174421,3.180169,6.488501,-80.268992
2020-07-13,sh.603308,16.4907371,88.918509,3.207006,6.543256,-80.946368
2020-07-14,sh.603308,15.64895052,84.379572,3.043301,6.209249,-76.814377
2020-07-15,sh.603308,14.74506493,79.505796,2.867519,5.850602,-72.377568
2020-07-16,sh.603308,14.10337516,76.045787,2.742728,5.59599,-69.227772
2020-07-17,sh.603308,14.53116834,78.35246,2.825922,5.765731,-71.327636
2020-07-20,sh.603308,15.98704513,86.202588,3.109051,6.343399,-78.473947
2020-07-21,sh.603308,16.82883171,90.741524,3.272756,6.677406,-82.605937
2020-07-22,sh.603308,16.50453688,88.992917,3.209689,6.548731,-81.014105
2020-07-23,sh.603308,16.6287349,89.662597,3.233843,6.598011,-81.623743
2020-07-24,sh.603308,15.67655008,84.52839,3.048668,6.2202,-76.949852
2020-07-27,sh.603308,16.63563479,89.699801,3.235184,6.600749,-81.657612
2020-07-28,sh.603308,17.90521455,96.54541,3.482084,7.104497,-87.889466
2020-07-29,sh.603308,17.93281411,96.694228,3.487451,7.115449,-88.024941
2020-07-30,sh.603308,17.67061829,95.280461,3.436461,7.011413,-86.737928
2020-07-31,sh.603308,17.85001543,96.247775,3.471349,7.082595,-87.618516
2020-08-03,sh.603308,18.26400883,98.480039,3.551859,7.246861,-89.650642
2020-08-04,sh.603308,18.41580641,99.298535,3.58138,7.307092,-90.395755
2020-08-05,sh.603308,20.16147858,108.711248,3.920866,7.999746,-98.964555
2020-08-06,sh.603308,20.93426626,112.87814,4.071153,8.306376,-102.757857
2020-08-07,sh.603308,21.36205944,115.184813,4.154347,8.476117,-104.857721
2020-08-10,sh.603308,20.45127396,110.273832,3.977224,8.114732,-100.387043
2020-08-11,sh.603308,19.76818485,106.590597,3.844381,7.843694,-97.034035
2020-08-12,sh.603308,18.62280311,100.414667,3.621635,7.389225,-91.411818
2020-08-13,sh.603308,19.69228606,106.181349,3.829621,7.813578,-96.661478
2020-08-14,sh.603308,19.67158639,106.069736,3.825595,7.805365,-96.559872
2020-08-17,sh.603308,19.21619365,103.614245,3.737034,7.624673,-94.324533
2020-08-18,sh.603308,19.34729156,104.321129,3.762529,7.67669,-94.96804
2020-08-19,sh.603308,18.4227063,99.33574,3.582722,7.30983,-90.429624
2020-08-20,sh.603308,17.89831466,96.508206,3.480742,7.10176,-87.855597
2020-08-21,sh.603308,17.42222225,93.941102,3.388155,6.912854,-85.518652
2020-08-24,sh.603308,17.68441807,95.354869,3.439145,7.016889,-86.805665
2020-08-25,sh.603308,17.07722775,92.080882,3.321062,6.775966,-83.825213
2020-08-26,sh.603308,16.53903633,89.178939,3.216399,6.56242,-81.183449
2020-08-27,sh.603308,17.40842247,93.866693,3.385471,6.907378,-85.450914
2020-08-28,sh.603308,17.62231906,95.02003,3.427068,6.992249,-86.500846
2020-08-31,sh.603308,18.65040267,93.158352,3.62003,7.445807,-33.123924
2020-09-01,sh.603308,19.20929376,95.950001,3.72851,7.668934,-34.116538
2020-09-02,sh.603308,19.05749618,95.191775,3.699046,7.608331,-33.846939
2020-09-03,sh.603308,19.5266887,97.535381,3.790116,7.795647,-34.680246
2020-09-04,sh.603308,19.05749618,95.191775,3.699046,7.608331,-33.846939
2020-09-07,sh.603308,19.1816942,95.812141,3.723153,7.657915,-34.06752
2020-09-08,sh.603308,19.42319035,97.018409,3.770027,7.754328,-34.496428
2020-09-09,sh.603308,18.27090872,91.262788,3.54637,7.294302,-32.449926
2020-09-10,sh.603308,18.48480531,92.331197,3.587887,7.379696,-32.829816
2020-09-11,sh.603308,18.77460069,93.778718,3.644136,7.495391,-33.344505
2020-09-14,sh.603308,18.42960619,92.055478,3.577173,7.357659,-32.73178
2020-09-15,sh.603308,18.76080091,93.709789,3.641458,7.489882,-33.319996
2020-09-16,sh.603308,20.0786799,100.292565,3.897257,8.016019,-35.660606
2020-09-17,sh.603308,20.39607484,101.877946,3.958863,8.142733,-36.224313
2020-09-18,sh.603308,20.55477231,102.670637,3.989667,8.20609,-36.506167
2020-09-21,sh.603308,20.31327616,101.464369,3.942792,8.109677,-36.077259
2020-09-22,sh.603308,20.6306711,103.049749,4.004398,8.236391,-36.640966
2020-09-23,sh.603308,21.01016505,104.945313,4.078058,8.387896,-37.314964
2020-09-24,sh.603308,20.25117715,101.154185,3.930739,8.084885,-35.966969
2020-09-25,sh.603308,19.77508474,98.776114,3.83833,7.894815,-35.121408
2020-09-28,sh.603308,18.48480531,92.331197,3.587887,7.379696,-32.829816
2020-09-29,sh.603308,19.1816942,95.812141,3.723153,7.657915,-34.06752
2020-09-30,sh.603308,19.42319035,97.018409,3.770027,7.754328,-34.496428
2020-10-09,sh.603308,18.87809904,94.29569,3.664225,7.536711,-33.528322
2020-10-12,sh.603308,18.65040267,93.158352,3.62003,7.445807,-33.123924
2020-10-13,sh.603308,18.25020905,91.159394,3.542352,7.286038,-32.413162
2020-10-14,sh.603308,18.9746975,94.778198,3.682975,7.575276,-33.699885
2020-10-15,sh.603308,18.61590322,92.986028,3.613333,7.432034,-33.062651
2020-10-16,sh.603308,18.2847085,91.331718,3.549049,7.299811,-32.474435
2020-10-19,sh.603308,18.06391202,90.228844,3.506192,7.211662,-32.082291
2020-10-20,sh.603308,18.84359959,94.123366,3.657529,7.522937,-33.46705
2020-10-21,sh.603308,18.40200663,91.917619,3.571816,7.34664,-32.682762
2020-10-22,sh.603308,18.34680751,91.641901,3.561102,7.324603,-32.584726
2020-10-23,sh.603308,17.63611884,88.092026,3.423158,7.040874,-31.322512
2020-10-26,sh.603308,17.5257206,87.54059,3.40173,6.9968,-31.12644
2020-10-27,sh.603308,18.0777118,90.297774,3.508871,7.217172,-32.1068
2020-10-28,sh.603308,18.15361059,90.676886,3.523603,7.247473,-32.241599
2020-10-29,sh.603308,18.32610784,91.538506,3.557084,7.316339,-32.547962
2020-10-30,sh.603308,18.1467107,90.642422,3.522263,7.244718,-32.229345
2020-11-02,sh.603308,18.4227063,92.021014,3.5184,7.354904,-26.998922
2020-11-03,sh.603308,18.38820685,91.84869,3.511812,7.341131,-26.948362
2020-11-04,sh.603308,18.55380421,92.675845,3.543438,7.407242,-27.191049
2020-11-05,sh.603308,18.49860509,92.400126,3.532896,7.385205,-27.110153
2020-11-06,sh.603308,17.49122115,87.368266,3.340504,6.983027,-25.633808
2020-11-09,sh.603308,17.64301873,88.126491,3.369494,7.043629,-25.856271
2020-11-10,sh.603308,17.14622665,85.645026,3.274616,6.845295,-25.12821
2020-11-11,sh.603308,16.63563479,83.094631,3.177102,6.641451,-24.379925
2020-11-12,sh.603308,16.2837404,81.336926,3.109897,6.500964,-23.864215
2020-11-13,sh.603308,16.7667327,83.749462,3.20214,6.693789,-24.572052
2020-11-16,sh.603308,16.75983281,83.714997,3.200822,6.691034,-24.56194
2020-11-17,sh.603308,16.51143677,82.474264,3.153383,6.591867,-24.19791
2020-11-18,sh.603308,16.53903633,82.612123,3.158654,6.602886,-24.238358
2020-11-19,sh.603308,17.55332016,87.678449,3.352364,7.007819,-25.724815
2020-11-20,sh.603308,18.25020905,91.159394,3.485457,7.286038,-26.746123
2020-11-23,sh.603308,17.40842247,86.954688,3.324691,6.949971,-25.512464
2020-11-24,sh.603308,17.87761499,89.298294,3.414298,7.137287,-26.200077
2020-11-25,sh.603308,17.67751818,88.298815,3.376083,7.057402,-25.906831
2020-11-26,sh.603308,17.89831466,89.401689,3.418251,7.145551,-26.230413
2020-11-27,sh.603308,17.91901433,89.505083,3.422204,7.153815,-26.260749
2020-11-30,sh.603308,17.84311554,89.12597,3.407709,7.123514,-26.149517
2020-12-01,sh.603308,18.10531136,90.435633,3.457784,7.22819,-26.533772
2020-12-02,sh.603308,17.31182401,86.472181,3.306242,6.911406,-25.370897
2020-12-03,sh.603308,17.3187239,86.506646,3.30756,6.914161,-25.381009
2020-12-04,sh.603308,17.35322335,86.67897,3.314149,6.927934,-25.431569
2020-12-07,sh.603308,17.54642027,87.643984,3.351046,7.005064,-25.714703
2020-12-08,sh.603308,17.29802423,86.403251,3.303607,6.905897,-25.350673
2020-12-09,sh.603308,17.33252368,86.575575,3.310195,6.91967,-25.401233
2020-12-10,sh.603308,17.44982181,87.161477,3.332597,6.966499,-25.573136
2020-12-11,sh.603308,16.82193182,84.02518,3.212682,6.715826,-24.652948
2020-12-14,sh.603308,17.80861609,88.953646,3.40112,7.109741,-26.098958
2020-12-15,sh.603308,17.94661389,89.642942,3.427475,7.164833,-26.301197
2020-12-16,sh.603308,17.83621565,89.091506,3.406391,7.120759,-26.139405
2020-12-17,sh.603308,17.5257206,87.54059,3.347093,6.9968,-25.684367
2020-12-18,sh.603308,17.60161939,87.919702,3.361588,7.027101,-25.795599
2020-12-21,sh.603308,19.21619365,95.984465,3.669942,7.671688,-28.161797
2020-12-22,sh.603308,20.34777561,101.636693,3.886054,8.12345,-29.820157
2020-12-23,sh.603308,20.27187682,101.25758,3.871558,8.093149,-29.708926
2020-12-24,sh.603308,20.4236744,102.015805,3.900549,8.153751,-29.931389
2020-12-25,sh.603308,20.5616722,102.705101,3.926904,8.208844,-30.133628
2020-12-28,sh.603308,20.73416945,103.566721,3.959848,8.27771,-30.386427
2020-12-29,sh.603308,19.37489112,96.777156,3.70025,7.735045,-28.394372
2020-12-30,sh.603308,19.86478331,99.224157,3.793811,7.930625,-29.11232
2020-12-31,sh.603308,20.4926733,102.360453,3.913726,8.181298,-30.032508
2021-01-04,sh.603308,21.72085372,108.495188,4.148286,8.671625,-31.832437
2021-01-05,sh.603308,23.1836304,115.801725,4.42765,9.25561,-33.976171
2021-01-06,sh.603308,22.9766337,114.767781,4.388117,9.17297,-33.672812
2021-01-07,sh.603308,23.60452369,117.904078,4.508033,9.423643,-34.593
2021-01-08,sh.603308,22.7006381,113.389189,4.335407,9.062784,-33.268334
2021-01-11,sh.603308,22.12104734,100.415177,4.224716,8.729867,-32.41893
2021-01-12,sh.603308,24.33591203,110.469223,4.647715,9.603943,-35.664868
2021-01-13,sh.603308,24.14271511,109.592234,4.610818,9.5277,-35.381733
2021-01-14,sh.603308,24.72920576,112.254521,4.722827,9.759153,-36.241249
2021-01-15,sh.603308,23.8046205,108.057505,4.546248,9.394274,-34.886247
2021-01-18,sh.603308,25.14319916,114.133782,4.801892,9.922532,-36.847967
2021-01-19,sh.603308,24.47390983,111.095643,4.67407,9.658403,-35.867107
2021-01-20,sh.603308,25.1845985,114.321708,4.809798,9.93887,-36.908638
2021-01-21,sh.603308,24.45321016,111.00168,4.670117,9.650234,-35.836771
2021-01-22,sh.603308,24.98450169,113.413398,4.771584,9.859903,-36.615392
2021-01-25,sh.603308,24.4946095,111.189606,4.678023,9.666572,-35.897443
2021-01-26,sh.603308,23.60452369,107.149195,4.508033,9.315308,-34.593
2021-01-27,sh.603308,23.21812985,105.395218,4.434239,9.162821,-34.026731
2021-01-28,sh.603308,22.23144558,100.916313,4.2458,8.773435,-32.580721
2021-01-29,sh.603308,21.8036524,98.97441,4.164099,8.60461,-31.95378
2021-02-01,sh.603308,21.5966557,98.03478,4.124567,8.522921,-31.650421
2021-02-02,sh.603308,23.3906271,106.178244,4.467183,9.230895,-34.27953
2021-02-03,sh.603308,22.85933557,103.766526,4.365716,9.021226,-33.500909
2021-02-04,sh.603308,21.96234987,99.694793,4.194408,8.667239,-32.186355
2021-02-05,sh.603308,21.17576241,96.124198,4.044184,8.356819,-31.033592
2021-02-08,sh.603308,22.29354459,101.198202,4.25766,8.797942,-32.671729
2021-02-09,sh.603308,22.4936414,102.106512,4.295875,8.876908,-32.964976
2021-02-10,sh.603308,22.72133777,103.140105,4.339361,8.966766,-33.29867
2021-02-18,sh.603308,21.93475031,99.569509,4.189137,8.656347,-32.145907
2021-02-19,sh.603308,22.0106491,99.914041,4.203632,8.6863,-32.257139
2021-02-22,sh.603308,21.20336197,96.249482,4.049455,8.367711,-31.07404
2021-02-23,sh.603308,21.22406164,96.343445,4.053408,8.37588,-31.104376
2021-02-24,sh.603308,20.58237187,93.43059,3.930857,8.122643,-30.163964
2021-02-25,sh.603308,20.38917495,92.553602,3.89396,8.0464,-29.880829
2021-02-26,sh.603308,19.60258749,88.983006,3.743736,7.73598,-28.728066
2021-03-01,sh.603308,20.3546755,92.396997,3.887371,8.032785,-29.830269
2021-03-02,sh.603308,20.009681,90.830946,3.821484,7.896636,-29.324672
2021-03-03,sh.603308,19.89238287,90.298489,3.799082,7.850345,-29.152768
2021-03-04,sh.603308,19.00229706,86.258078,3.629092,7.499081,-27.848326
2021-03-05,sh.603308,18.92639827,85.913546,3.614596,7.469129,-27.737095
2021-03-08,sh.603308,18.31920795,83.157297,3.498634,7.229506,-26.847242
2021-03-09,sh.603308,17.49812104,79.430096,3.341822,6.905472,-25.64392
2021-03-10,sh.603308,17.12552698,77.738761,3.270663,6.758431,-25.097874
2021-03-11,sh.603308,18.17431026,82.499556,3.470961,7.172324,-26.634891
2021-03-12,sh.603308,18.629703,84.566743,3.557933,7.35204,-27.30228
2021-03-15,sh.603308,18.02941257,81.841814,3.443289,7.115141,-26.42254
2021-03-16,sh.603308,17.79481631,80.7769,3.398485,7.02256,-26.078734
2021-03-17,sh.603308,17.87761499,81.152752,3.414298,7.055236,-26.200077
2021-03-18,sh.603308,18.43650608,83.689754,3.521036,7.275797,-27.019146
2021-03-19,sh.603308,17.93281411,81.40332,3.42484,7.07702,-26.280973
2021-03-22,sh.603308,18.36750718,83.376544,3.507858,7.248567,-26.918026
2021-03-23,sh.603308,17.91211444,81.309357,3.420887,7.068851,-26.250637
2021-03-24,sh.603308,17.37392302,78.866318,3.318102,6.856458,-25.461904
2021-03-25,sh.603308,17.35322335,78.772355,3.314149,6.84829,-25.431569
2021-03-26,sh.603308,17.98801323,81.653888,3.435382,7.098804,-26.361869
2021-03-29,sh.603308,18.45720575,83.783717,3.524989,7.283966,-27.049482
2021-03-30,sh.603308,18.30540817,83.094655,3.495999,7.224061,-26.827018
2021-03-31,sh.603308,18.16741037,82.468235,3.469644,7.169601,-26.624779
2021-04-01,sh.603308,18.05011224,81.935777,3.447242,7.12331,-26.452876
2021-04-02,sh.603308,18.33300773,83.219939,3.50127,7.234952,-26.867466
2021-04-06,sh.603308,18.4227063,83.627112,3.5184,7.270351,-26.998922
2021-04-07,sh.603308,18.30540817,83.094655,3.495999,7.224061,-26.827018
2021-04-08,sh.603308,18.43650608,83.689754,3.521036,7.275797,-27.019146
2021-04-09,sh.603308,18.62280311,84.535422,3.556615,7.349317,-27.292168
2021-04-12,sh.603308,17.55332016,79.680664,3.352364,6.927256,-25.724815
2021-04-13,sh.603308,17.56711994,79.743306,3.354999,6.932702,-25.745039
2021-04-14,sh.603308,17.73961719,80.526332,3.387943,7.000776,-25.997838
2021-04-15,sh.603308,18.07081191,82.029741,3.451195,7.131479,-26.483212
2021-04-16,sh.603308,18.05701213,81.967098,3.44856,7.126033,-26.462988
2021-04-19,sh.603308,18.70560179,84.911274,3.572428,7.381993,-27.413512
2021-04-20,sh.603308,18.629703,84.566743,3.557933,7.35204,-27.30228
2021-04-21,sh.603308,18.629703,84.566743,3.557933,7.35204,-27.30228
2021-04-22,sh.603308,18.9056986,85.819583,3.610643,7.46096,-27.706759
2021-04-23,sh.603308,19.11959519,86.790535,3.651493,7.545372,-28.020229
2021-04-26,sh.603308,18.91259849,85.850904,3.611961,7.463683,-27.716871
2021-04-27,sh.603308,18.9056986,85.819583,3.610643,7.46096,-27.706759
2021-04-28,sh.603308,18.72630146,85.005237,3.576382,7.390162,-27.443848
2021-04-29,sh.603308,19.18859409,87.103745,3.664671,7.572602,-28.121349
2021-04-30,sh.603308,18.42960619,58.268654,3.398114,6.983277,-26.683847
2021-05-06,sh.603308,17.90521455,56.610692,3.301425,6.784576,-25.924592
2021-05-07,sh.603308,17.67061829,55.868972,3.25817,6.695684,-25.584924
2021-05-10,sh.603308,17.03582841,53.861964,3.141125,6.455152,-24.665825
2021-05-11,sh.603308,17.33942357,54.821837,3.197103,6.570189,-25.105394
2021-05-12,sh.603308,17.43602203,55.127252,3.214914,6.606792,-25.245257
2021-05-13,sh.603308,17.12552698,54.145563,3.157664,6.48914,-24.795698
2021-05-14,sh.603308,17.64301873,55.78171,3.253081,6.685226,-25.544964
2021-05-17,sh.603308,17.92591422,56.676138,3.305242,6.79242,-25.954562
2021-05-18,sh.603308,18.17431026,57.461488,3.351042,6.886541,-26.31421
2021-05-19,sh.603308,18.76080091,59.315788,3.459181,7.108772,-27.163377
2021-05-20,sh.603308,18.49860509,58.486807,3.410837,7.009422,-26.78375
2021-05-21,sh.603308,18.4227063,58.246839,3.396842,6.980662,-26.673857
2021-05-24,sh.603308,18.39510674,58.159578,3.391753,6.970204,-26.633896
2021-05-25,sh.603308,18.76080091,59.315788,3.459181,7.108772,-27.163377
2021-05-26,sh.603308,18.3537074,58.028686,3.38412,6.954518,-26.573955
2021-05-27,sh.603308,18.65730256,58.988559,3.440098,7.069555,-27.013524
2021-05-28,sh.603308,18.5607041,58.683145,3.422287,7.032952,-26.873661
2021-05-31,sh.603308,20.33397583,64.289676,3.749249,7.704873,-29.441145
2021-06-01,sh.603308,19.9406821,63.046204,3.676732,7.555848,-28.871703
2021-06-02,sh.603308,19.75438507,62.457191,3.642382,7.485257,-28.601968
2021-06-03,sh.603308,19.41629046,61.388241,3.580043,7.357147,-28.112447
2021-06-04,sh.603308,19.43699013,61.453687,3.583859,7.364991,-28.142418
2021-06-07,sh.603308,19.36799123,61.235534,3.571137,7.338846,-28.042516
2021-06-08,sh.603308,19.5956876,61.955439,3.61312,7.425124,-28.372193
2021-06-09,sh.603308,20.49957319,64.813243,3.779782,7.767621,-29.68091
2021-06-10,sh.603308,20.62377121,65.205918,3.802682,7.814682,-29.860734
2021-06-11,sh.603308,20.2856766,64.136969,3.740343,7.686572,-29.371214
2021-06-15,sh.603308,20.92046648,66.143976,3.857388,7.927104,-30.290313
2021-06-16,sh.603308,20.84456769,65.904008,3.843393,7.898345,-30.18042
2021-06-17,sh.603308,20.43057429,64.59509,3.76706,7.741476,-29.581008
2021-06-18,sh.603308,20.60520012,64.869963,3.78309,7.774419,-29.706885
2021-06-21,sh.603308,21.35218713,67.221651,3.920236,8.05626,-30.783829
2021-06-22,sh.603308,21.49770408,67.679773,3.946952,8.111164,-30.993624
2021-06-23,sh.603308,21.50740521,67.710314,3.948734,8.114824,-31.00761
2021-06-24,sh.603308,20.71191255,65.205918,3.802682,7.814682,-29.860734
2021-06-25,sh.603308,20.72161368,65.23646,3.804463,7.818342,-29.87472
2021-06-28,sh.603308,20.31416622,63.95372,3.729656,7.66461,-29.287296
2021-06-29,sh.603308,19.82910972,62.42665,3.640601,7.481597,-28.587981
2021-06-30,sh.603308,20.03283345,63.068019,3.678004,7.558462,-28.881693
2021-07-01,sh.603308,19.62538599,61.78528,3.603197,7.404731,-28.294269
2021-07-02,sh.603308,19.18883514,60.410916,3.523047,7.240019,-27.664886
2021-07-05,sh.603308,18.95600802,59.677922,3.4803,7.152172,-27.329215
2021-07-06,sh.603308,18.9172035,59.555757,3.473176,7.137531,-27.27327
2021-07-07,sh.603308,19.90671876,62.670981,3.654849,7.510879,-28.699872
2021-07-08,sh.603308,20.48878656,64.503466,3.761716,7.730495,-29.539049
2021-07-09,sh.603308,20.4693843,64.442383,3.758154,7.723175,-29.511077
2021-07-12,sh.603308,20.64400464,64.992128,3.790214,7.78906,-29.76283
2021-07-13,sh.603308,20.35297074,64.075886,3.736781,7.679251,-29.343241
2021-07-14,sh.603308,20.36267187,64.106427,3.738562,7.682912,-29.357227
2021-07-15,sh.603308,20.28506283,63.862096,3.724313,7.65363,-29.245337
2021-07-16,sh.603308,20.93503854,65.908371,3.843648,7.898868,-30.182419
2021-07-19,sh.603308,21.96335832,69.145761,4.032446,8.286857,-31.664966
2021-07-20,sh.603308,22.83646002,71.894488,4.192746,8.616281,-32.923732
2021-07-21,sh.603308,23.1857007,72.993979,4.256867,8.748051,-33.427238
2021-07-22,sh.603308,23.40882669,73.696431,4.297832,8.832237,-33.748923
2021-07-23,sh.603308,24.63116907,77.544649,4.522253,9.293432,-35.511196
2021-07-26,sh.603308,24.66027246,77.636274,4.527596,9.304412,-35.553155
2021-07-27,sh.603308,24.5438589,77.269777,4.506223,9.260489,-35.385319
2021-07-28,sh.603308,22.71034533,71.497449,4.169592,8.568698,-32.74191
2021-07-29,sh.603308,23.69986059,74.612674,4.351266,8.942045,-34.168512
2021-07-30,sh.603308,22.78795437,71.741781,4.183841,8.59798,-32.8538
2021-08-02,sh.603308,24.68937585,77.727898,4.53294,9.315393,-35.595114
2021-08-03,sh.603308,23.95208997,75.40675,4.397575,9.037213,-34.532155
2021-08-04,sh.603308,24.26252613,76.384076,4.45457,9.154341,-34.979717
2021-08-05,sh.603308,26.11544196,82.217486,4.794764,9.853453,-37.651099
2021-08-06,sh.603308,25.20353574,79.346593,4.627339,9.509388,-36.336387
2021-08-09,sh.603308,25.59158094,80.568249,4.698583,9.655799,-36.895839
2021-08-10,sh.603308,25.33935156,79.774173,4.652274,9.560631,-36.532195
2021-08-11,sh.603308,24.57296229,77.361401,4.511566,9.27147,-35.427278
2021-08-12,sh.603308,24.61176681,77.483566,4.518691,9.286111,-35.483223
2021-08-13,sh.603308,24.96100749,78.583057,4.582811,9.417881,-35.98673
2021-08-16,sh.603308,25.03861653,78.827389,4.59706,9.447163,-36.09862
2021-08-17,sh.603308,22.55512725,71.008787,4.141094,8.510133,-32.518129
2021-08-18,sh.603308,23.20510296,73.055061,4.260429,8.755372,-33.455211
2021-08-19,sh.603308,22.41931143,70.581207,4.116158,8.458889,-32.322321
2021-08-20,sh.603308,21.52680747,67.771397,3.952296,8.122144,-31.035582
2021-08-23,sh.603308,23.68045833,74.551591,4.347704,8.934725,-34.140539
2021-08-24,sh.603308,24.06850353,75.773247,4.418948,9.081136,-34.699991
2021-08-25,sh.603308,22.75885098,71.650156,4.178498,8.586999,-32.811841
2021-08-26,sh.603308,22.46781708,70.733914,4.125064,8.477191,-32.392253
2021-08-27,sh.603308,22.26409335,70.092544,4.087661,8.400325,-32.098541
2021-08-30,sh.603308,22.93347132,72.199902,4.210558,8.652884,-33.063595
2021-08-31,sh.603308,23.34091878,74.229913,4.307152,8.509308,-26.372052
2021-09-01,sh.603308,22.39020804,71.206417,4.131715,8.162711,-25.297878
2021-09-02,sh.603308,22.29319674,70.897897,4.113813,8.127344,-25.188269
2021-09-03,sh.603308,21.81784137,69.386149,4.026095,7.954046,-24.651182
2021-09-06,sh.603308,22.16708205,70.496821,4.090541,8.081367,-25.045777
2021-09-07,sh.603308,22.35140352,71.083009,4.124554,8.148564,-25.254035
2021-09-08,sh.603308,21.38129052,67.997809,3.945537,7.794894,-24.157939
2021-09-09,sh.603308,21.38129052,67.997809,3.945537,7.794894,-24.157939
2021-09-10,sh.603308,21.44919843,68.213773,3.958068,7.819651,-24.234666
2021-09-13,sh.603308,20.86713063,66.362653,3.850658,7.607449,-23.577009
2021-09-14,sh.603308,20.74101594,65.961577,3.827386,7.561471,-23.434517
2021-09-15,sh.603308,20.8574295,66.331801,3.848868,7.603912,-23.566048
2021-09-16,sh.603308,19.90671876,63.308305,3.673431,7.257315,-22.491875
2021-09-17,sh.603308,20.32386735,64.634941,3.750409,7.409393,-22.963196
2021-09-22,sh.603308,19.96492554,63.493417,3.684172,7.278535,-22.55764
2021-09-23,sh.603308,20.94473967,66.609469,3.864979,7.635742,-23.664697
2021-09-24,sh.603308,21.17756679,67.349917,3.907944,7.720623,-23.927759
2021-09-27,sh.603308,21.09995775,67.103101,3.893622,7.692329,-23.840072
2021-09-28,sh.603308,21.69172668,68.985073,4.002823,7.908068,-24.50869
2021-09-29,sh.603308,21.45889956,68.244625,3.959859,7.823188,-24.245627
2021-09-30,sh.603308,21.9245538,69.725521,4.045787,7.992949,-24.771753
2021-10-08,sh.603308,21.89545041,69.632965,4.040416,7.982339,-24.73887
2021-10-11,sh.603308,21.51710634,68.429737,3.9706,7.844408,-24.311393
2021-10-12,sh.603308,20.67310803,65.745613,3.814855,7.536715,-23.35779
2021-10-13,sh.603308,21.06115323,66.979693,3.886462,7.678183,-23.796228
2021-10-14,sh.603308,21.0514521,66.948841,3.884671,7.674646,-23.785267
2021-10-15,sh.603308,22.35140352,71.083009,4.124554,8.148564,-25.254035
2021-10-18,sh.603308,22.07977188,70.219153,4.07443,8.049537,-24.947128
2021-10-19,sh.603308,21.9245538,69.725521,4.045787,7.992949,-24.771753
2021-10-20,sh.603308,22.07977188,70.219153,4.07443,8.049537,-24.947128
2021-10-21,sh.603308,22.22528883,70.681933,4.101282,8.102587,-25.111542
2021-10-22,sh.603308,21.98276058,69.910633,4.056528,8.014169,-24.837518
2021-10-25,sh.603308,21.76933572,69.231889,4.017144,7.936362,-24.596378
2021-10-26,sh.603308,22.09917414,70.280857,4.07801,8.05661,-24.96905
2021-10-27,sh.603308,20.78952159,66.316875,3.790418,7.320742,-30.430318
2021-10-28,sh.603308,19.16943288,61.148924,3.495038,6.75025,-28.05894
2021-10-29,sh.603308,19.24704192,61.39649,3.509188,6.777579,-28.172539
2021-11-01,sh.603308,19.45076565,62.046352,3.546332,6.849318,-28.470736
2021-11-02,sh.603308,19.86791424,63.377022,3.622388,6.996211,-29.081331
2021-11-03,sh.603308,19.95522441,63.655535,3.638306,7.026956,-29.20913
2021-11-04,sh.603308,21.58501425,68.854431,3.935455,7.600864,-31.594708
2021-11-05,sh.603308,21.00294645,66.997682,3.829331,7.395896,-30.742715
2021-11-08,sh.603308,20.2753617,64.676746,3.696675,7.139688,-29.677725
2021-11-09,sh.603308,20.6634069,65.914579,3.767425,7.276332,-30.24572
2021-11-10,sh.603308,20.44998204,65.233771,3.728512,7.201178,-29.933323
2021-11-11,sh.603308,20.44998204,65.233771,3.728512,7.201178,-29.933323
2021-11-12,sh.603308,20.9544408,66.842953,3.820487,7.378816,-30.671716
2021-11-15,sh.603308,20.23655718,64.552963,3.6896,7.126023,-29.620926
2021-11-16,sh.603308,19.8873165,63.438914,3.625925,7.003043,-29.109731
2021-11-17,sh.603308,20.372373,64.986205,3.714362,7.173849,-29.819724
2021-11-18,sh.603308,21.19696905,67.616599,3.864706,7.464219,-31.026713
2021-11-19,sh.603308,21.13876227,67.430924,3.854093,7.443722,-30.941514
2021-11-22,sh.603308,21.61411764,68.947269,3.940762,7.611112,-31.637307
2021-11-23,sh.603308,21.88574928,69.813751,3.990286,7.706763,-32.034903
2021-11-24,sh.603308,21.25517583,67.802273,3.875318,7.484716,-31.111912
2021-11-25,sh.603308,20.98354419,66.935791,3.825793,7.389064,-30.714316
2021-11-26,sh.603308,20.50818882,65.419446,3.739125,7.221674,-30.018522
2021-11-29,sh.603308,20.4693843,65.295663,3.73205,7.20801,-29.961723
2021-11-30,sh.603308,21.76933572,69.442401,3.969062,7.66577,-31.864505
2021-12-01,sh.603308,22.18648431,70.773071,4.045118,7.812663,-32.475099
2021-12-02,sh.603308,21.36188826,68.142677,3.894774,7.522293,-31.268111
2021-12-03,sh.603308,22.75885098,72.598874,4.149473,8.014214,-33.312892
2021-12-06,sh.603308,24.08790579,76.83845,4.391791,8.482222,-35.258274
2021-12-07,sh.603308,23.3797233,74.579406,4.262673,8.232846,-34.221683
2021-12-08,sh.603308,23.3797233,74.579406,4.262673,8.232846,-34.221683
2021-12-09,sh.603308,22.97227584,73.279682,4.188386,8.089369,-33.625289
2021-12-10,sh.603308,22.97227584,73.279682,4.188386,8.089369,-33.625289
2021-12-13,sh.603308,23.282712,74.269948,4.244986,8.198684,-34.079685
2021-12-14,sh.603308,23.70956172,75.631564,4.32281,8.348994,-34.704479
2021-12-15,sh.603308,22.54542612,71.918066,4.110561,7.939059,-33.000495
2021-12-16,sh.603308,22.75885098,72.598874,4.149473,8.014214,-33.312892
2021-12-17,sh.603308,22.59393177,72.072795,4.119405,7.95614,-33.071494
2021-12-20,sh.603308,21.8275425,69.628076,3.979674,7.686267,-31.949704
2021-12-21,sh.603308,21.55591086,68.761594,3.930149,7.590615,-31.552108
2021-12-22,sh.603308,21.39099165,68.235515,3.900081,7.532541,-31.31071
2021-12-23,sh.603308,21.50740521,68.606865,3.921305,7.573535,-31.481109
2021-12-24,sh.603308,22.2155877,70.865909,4.050424,7.822911,-32.517699
2021-12-27,sh.603308,22.07007075,70.401722,4.023893,7.77167,-32.304701
2021-12-28,sh.603308,21.28427922,67.895111,3.880624,7.494964,-31.154512
2021-12-29,sh.603308,21.342486,68.080786,3.891237,7.515461,-31.239711
2021-12-30,sh.603308,21.65292216,69.071052,3.947837,7.624776,-31.694107
2021-12-31,sh.603308,21.65292216,69.071052,3.947837,7.624776,-31.694107
2022-01-04,sh.603308,20.77011933,66.254983,3.786881,7.31391,-30.401919
2022-01-05,sh.603308,20.51788995,65.450392,3.740894,7.225091,-30.032722
2022-01-06,sh.603308,20.72161368,66.100254,3.778037,7.296829,-30.330919
2022-01-07,sh.603308,20.22685605,64.522017,3.687831,7.122607,-29.606726
2022-01-10,sh.603308,19.58658147,62.479594,3.571094,6.897143,-28.669535
2022-01-11,sh.603308,19.55747808,62.386756,3.565788,6.886895,-28.626935
2022-01-12,sh.603308,19.50897243,62.232027,3.556944,6.869814,-28.555936
2022-01-13,sh.603308,19.3052487,61.582165,3.519801,6.798076,-28.257738
2022-01-14,sh.603308,19.51867356,62.262973,3.558713,6.87323,-28.570136
2022-01-17,sh.603308,19.7903052,63.129456,3.608238,6.968882,-28.967732
2022-01-18,sh.603308,19.62538599,62.603377,3.578169,6.910808,-28.726334
2022-01-19,sh.603308,19.40226,61.891623,3.537488,6.832237,-28.399737
2022-01-20,sh.603308,19.14032949,61.056087,3.489732,6.740002,-28.016341
2022-01-21,sh.603308,18.7231809,59.725417,3.413676,6.593109,-27.405746
2022-01-24,sh.603308,18.0441018,57.55921,3.289864,6.35398,-26.411756
2022-01-25,sh.603308,18.30603231,58.394747,3.33762,6.446216,-26.795152
2022-01-26,sh.603308,18.7231809,59.725417,3.413676,6.593109,-27.405746
2022-01-27,sh.603308,18.11200971,57.77583,3.302245,6.377893,-26.511155
2022-01-28,sh.603308,18.78138768,59.911091,3.424288,6.613605,-27.490946
2022-02-07,sh.603308,18.86869785,60.189604,3.440207,6.64435,-27.618744
2022-02-08,sh.603308,18.78138768,59.911091,3.424288,6.613605,-27.490946
2022-02-09,sh.603308,18.7231809,59.725417,3.413676,6.593109,-27.405746
2022-02-10,sh.603308,18.432147,58.797042,3.360614,6.490625,-26.97975
2022-02-11,sh.603308,17.96649276,57.311643,3.275714,6.326651,-26.298157
2022-02-14,sh.603308,17.1710001,54.774087,3.130677,6.04653,-25.133767
2022-02-15,sh.603308,17.68515999,56.414215,3.22442,6.227584,-25.88636
2022-02-16,sh.603308,17.54934417,55.980973,3.199658,6.179758,-25.687562
2022-02-17,sh.603308,17.34562044,55.331111,3.162514,6.10802,-25.389365
2022-02-18,sh.603308,17.5590453,56.011919,3.201427,6.183174,-25.701762
2022-02-21,sh.603308,17.24860914,55.021653,3.144827,6.073859,-25.247366
2022-02-22,sh.603308,17.05458654,54.402737,3.109452,6.005536,-24.963369
2022-02-23,sh.603308,17.38442496,55.454895,3.169589,6.121684,-25.446164
2022-02-24,sh.603308,17.19040236,54.835978,3.134214,6.053362,-25.162167
2022-02-25,sh.603308,17.53964304,55.950028,3.197889,6.176342,-25.673362
2022-02-28,sh.603308,17.02548315,54.3099,3.104146,5.995288,0.0
2022-03-01,sh.603308,16.95757524,54.093279,3.091765,5.971375,-24.82137
2022-03-02,sh.603308,16.84116168,53.721929,3.07054,5.930382,-24.650972
2022-03-03,sh.603308,16.46281761,52.515042,3.001559,5.797153,-24.097177
2022-03-04,sh.603308,16.3949097,52.298422,2.989177,5.77324,-23.997778
2022-03-07,sh.603308,15.7158306,50.132215,2.865365,5.534112,-23.003787
2022-03-08,sh.603308,14.91063681,47.563713,2.71856,5.250574,-21.825198
2022-03-09,sh.603308,14.41587918,45.985476,2.628354,5.076352,-21.101005
2022-03-10,sh.603308,14.96884359,47.749387,2.729172,5.271071,-21.910397
2022-03-11,sh.603308,15.29868201,48.801545,2.789309,5.387219,-22.393193
2022-03-14,sh.603308,14.53229274,46.356826,2.649579,5.117345,-21.271403
2022-03-15,sh.603308,13.4845707,43.014678,2.458554,4.748405,-19.737817
2022-03-16,sh.603308,13.76590347,43.912107,2.509848,4.847472,-20.149613
2022-03-17,sh.603308,14.31886788,45.676018,2.610666,5.042191,-20.959006
2022-03-18,sh.603308,14.21215545,45.335614,2.59121,5.004614,-20.802807
2022-03-21,sh.603308,14.17335093,45.211831,2.584135,4.990949,-20.746008
2022-03-22,sh.603308,13.98902946,44.62386,2.550529,4.926043,-20.47621
2022-03-23,sh.603308,14.14424754,45.118993,2.578829,4.980701,-20.703408
2022-03-24,sh.603308,13.82411025,44.097782,2.52046,4.867969,-20.234813
2022-03-25,sh.603308,13.79500686,44.004944,2.515154,4.85772,-20.192213
2022-03-28,sh.603308,13.1935368,42.086304,2.405492,4.645921,-19.311821
2022-03-29,sh.603308,13.25174358,42.271979,2.416104,4.666418,-19.39702
2022-03-30,sh.603308,13.73680008,43.819269,2.504542,4.837224,-20.107014
2022-03-31,sh.603308,13.62038652,43.44792,2.483317,4.79623,-19.936615
2022-04-01,sh.603308,13.49427183,43.045624,2.460323,4.751821,-19.752017
2022-04-06,sh.603308,13.21293906,42.148196,2.409029,4.652753,-19.340221
2022-04-07,sh.603308,12.69877917,40.508068,2.315286,4.471699,-18.587628
2022-04-08,sh.603308,12.58236561,40.136718,2.294061,4.430706,-18.41723
2022-04-11,sh.603308,11.8353786,37.75389,2.157868,4.167665,-17.32384
2022-04-12,sh.603308,11.9323899,38.063348,2.175555,4.201826,-17.465838
2022-04-13,sh.603308,11.41823001,36.42322,2.081812,4.020771,-16.713245
2022-04-14,sh.603308,11.61225261,37.042137,2.117187,4.089094,-16.997243
2022-04-15,sh.603308,11.77717182,37.568215,2.147255,4.147168,-17.23864
2022-04-18,sh.603308,11.99059668,38.249023,2.186168,4.222322,-17.551038
2022-04-19,sh.603308,12.48535431,39.82726,2.276374,4.396544,-18.275231
2022-04-20,sh.603308,12.45625092,39.734422,2.271067,4.386296,-18.232631
2022-04-21,sh.603308,11.67045939,37.227812,2.127799,4.109591,-17.082442
2022-04-22,sh.603308,11.42793114,36.454166,2.08358,4.024188,-16.727445
2022-04-25,sh.603308,10.2831978,32.80256,1.874869,3.621086,-15.051861
2022-04-26,sh.603308,9.37129158,29.893654,1.708607,3.29997,-13.717073
2022-04-27,sh.603308,10.07947407,32.152698,1.837725,3.549347,-14.753663
2022-04-28,sh.603308,10.7682543,31.963136,1.897473,3.601463,19.954118
2022-04-29,sh.603308,11.63165487,34.525946,2.049612,3.890229,21.554043
2022-05-05,sh.603308,12.00029781,35.62018,2.114571,4.013522,22.237157
2022-05-06,sh.603308,12.2234238,36.282479,2.153888,4.088147,22.650621
2022-05-09,sh.603308,12.73758369,37.808647,2.244488,4.260109,23.603385
2022-05-10,sh.603308,12.96070968,38.470946,2.283805,4.334734,24.016849
2022-05-11,sh.603308,12.76668708,37.895034,2.249616,4.269843,23.657315
2022-05-12,sh.603308,12.79579047,37.98142,2.254744,4.279576,23.711245
2022-05-13,sh.603308,12.98981307,38.557333,2.288933,4.344467,24.070779
2022-05-16,sh.603308,12.81519273,38.039012,2.258163,4.286065,23.747198
2022-05-17,sh.603308,12.87339951,38.211785,2.26842,4.305533,23.855058
2022-05-18,sh.603308,13.01891646,38.64372,2.294061,4.354201,24.124709
2022-05-19,sh.603308,13.11592776,38.931676,2.311156,4.386647,24.304476
2022-05-20,sh.603308,13.43606505,39.881931,2.367567,4.493717,24.897706
2022-05-23,sh.603308,13.06742211,38.787698,2.302609,4.370424,24.214592
2022-05-24,sh.603308,12.30103284,36.512844,2.167563,4.114104,22.794434
2022-05-25,sh.603308,12.53385996,37.203939,2.20859,4.191973,23.225875
2022-05-26,sh.603308,12.68907804,37.664669,2.235941,4.243886,23.513501
2022-05-27,sh.603308,12.68907804,37.664669,2.235941,4.243886,23.513501
2022-05-30,sh.603308,12.84429612,38.125399,2.263292,4.295799,23.801128
2022-05-31,sh.603308,12.96070968,38.470946,2.283805,4.334734,24.016849
2022-06-01,sh.603308,14.2606611,42.329559,2.512869,4.769505,26.425724
2022-06-02,sh.603308,14.2606611,42.329559,2.512869,4.769505,26.425724
2022-06-06,sh.603308,15.521808,46.072989,2.735096,5.191298,28.762693
2022-06-07,sh.603308,15.38599218,45.669851,2.711164,5.145874,28.511019
2022-06-08,sh.603308,15.01734924,44.575617,2.646205,5.022581,27.827905
2022-06-09,sh.603308,14.65840743,43.510179,2.582956,4.902532,27.162768
2022-06-10,sh.603308,15.06585489,44.719595,2.654752,5.038804,27.917789
2022-06-13,sh.603308,14.919392,43.999705,2.612016,4.95769,27.468372
2022-06-14,sh.603308,14.714348,43.394997,2.576118,4.889554,27.090861
2022-06-15,sh.603308,14.616708,43.107041,2.559024,4.857108,26.911095
2022-06-16,sh.603308,14.616708,43.107041,2.559024,4.857108,26.911095
2022-06-17,sh.603308,14.665528,43.251019,2.567571,4.873331,27.000978
2022-06-20,sh.603308,15.270896,45.036347,2.673556,5.074494,28.115532
2022-06-21,sh.603308,15.075616,44.460435,2.639367,5.009603,27.755999
2022-06-22,sh.603308,14.811988,43.682953,2.593213,4.921999,27.270628
2022-06-23,sh.603308,15.446648,45.554668,2.704326,5.132896,28.439113
2022-06-24,sh.603308,16.227768,47.858318,2.841081,5.392461,29.877247
2022-06-27,sh.603308,16.120364,47.541566,2.822277,5.356771,29.679504
2022-06-28,sh.603308,16.637856,49.067734,2.912877,5.528732,30.632268
2022-06-29,sh.603308,15.710276,46.33215,2.750481,5.220499,28.924483
2022-06-30,sh.603308,15.895792,46.879267,2.78296,5.282146,29.26604
2022-07-01,sh.603308,16.042252,47.311201,2.808601,5.330814,29.53569
2022-07-04,sh.603308,16.725732,49.326894,2.928262,5.557933,30.794058
2022-07-05,sh.603308,16.510924,48.69339,2.890654,5.486553,30.398571
2022-07-06,sh.603308,16.462104,48.549412,2.882107,5.47033,30.308688
2022-07-07,sh.603308,16.510924,48.69339,2.890654,5.486553,30.398571
2022-07-08,sh.603308,16.442576,48.491821,2.878688,5.463841,30.272734
2022-07-11,sh.603308,16.188712,47.743135,2.834243,5.379482,29.805341
2022-07-12,sh.603308,15.846972,46.735288,2.774413,5.265923,29.176157
2022-07-13,sh.603308,15.944612,47.023245,2.791507,5.298368,29.355923
2022-07-14,sh.603308,16.462104,48.549412,2.882107,5.47033,30.308688
2022-07-15,sh.603308,16.218004,47.829522,2.839371,5.389216,29.859271
2022-07-18,sh.603308,16.071544,47.397588,2.81373,5.340548,29.58962
2022-07-19,sh.603308,16.01296,47.224814,2.803473,5.32108,29.48176
2022-07-20,sh.603308,16.676912,49.182916,2.919715,5.541711,30.704175
2022-07-21,sh.603308,16.315644,48.117478,2.856465,5.421662,30.039037
2022-07-22,sh.603308,16.139892,47.599157,2.825696,5.36326,29.715457
2022-07-25,sh.603308,15.602872,46.015398,2.731677,5.184809,28.72674
2022-07-26,sh.603308,16.032488,47.282405,2.806892,5.32757,29.517714
2022-07-27,sh.603308,16.25706,47.944704,2.846209,5.402194,29.931177
2022-07-28,sh.603308,16.755024,49.413281,2.93339,5.567667,30.847988
2022-07-29,sh.603308,17.350628,51.169814,3.037666,5.765585,31.944566
2022-08-01,sh.603308,16.784316,49.499668,2.938518,5.577401,30.901918
2022-08-02,sh.603308,16.559744,48.837369,2.899201,5.502776,30.488455
2022-08-03,sh.603308,16.8429,49.672441,2.948775,5.596868,31.009778
2022-08-04,sh.603308,16.715968,49.298098,2.926552,5.554689,30.776081
2022-08-05,sh.603308,16.803844,49.557259,2.941937,5.58389,30.937872
2022-08-08,sh.603308,17.409212,51.342587,3.047922,5.785053,32.052426
2022-08-09,sh.603308,17.663076,52.091273,3.092367,5.869411,32.51982
2022-08-10,sh.603308,17.467796,51.515361,3.058179,5.80452,32.160286
2022-08-11,sh.603308,18.141512,53.502259,3.17613,6.028395,33.400677
2022-08-12,sh.603308,17.389684,51.284996,3.044503,5.778564,32.016473
2022-08-15,sh.603308,17.946232,52.926346,3.141941,5.963504,33.041144
2022-08-16,sh.603308,18.11222,53.415872,3.171001,6.018661,33.346747
2022-08-17,sh.603308,17.907176,52.811164,3.135103,5.950525,32.969237
2022-08-18,sh.603308,19.2839,56.871346,3.376134,6.408008,35.503949
2022-08-19,sh.603308,19.166732,56.525799,3.35562,6.369074,35.288229
2022-08-22,sh.603308,20.104076,59.290178,3.519726,6.680552,37.01399
2022-08-23,sh.603308,20.055256,59.1462,3.511179,6.664329,36.924107
2022-08-24,sh.603308,18.610184,54.884448,3.258183,6.184134,34.263558
2022-08-25,sh.603308,18.395376,54.250945,3.220575,6.112753,33.868071
2022-08-26,sh.603308,19.020272,56.093864,3.329979,6.320405,35.018579
2022-08-29,sh.603308,19.47918,57.447258,3.410322,6.4729,35.863483
2022-08-30,sh.603308,19.244844,48.615958,3.36404,6.179122,34.883098
2022-08-31,sh.603308,18.25868,46.124729,3.191657,5.862485,33.095582
2022-09-01,sh.603308,18.50278,46.74137,3.234326,5.94086,33.538037
2022-09-02,sh.603308,18.5516,46.864698,3.24286,5.956535,33.626528
2022-09-05,sh.603308,17.653312,44.59546,3.085837,5.668114,31.998296
2022-09-06,sh.603308,18.561364,46.889364,3.244566,5.95967,33.644226
2022-09-07,sh.603308,18.766408,47.407342,3.280409,6.025506,34.015887
2022-09-08,sh.603308,19.62564,49.577918,3.430604,6.301387,35.573327
2022-09-09,sh.603308,19.166732,48.418633,3.350386,6.154042,34.741513
2022-09-13,sh.603308,18.932396,47.826658,3.309424,6.078801,34.316756
2022-09-14,sh.603308,19.313192,48.788618,3.375988,6.201067,35.006985
2022-09-15,sh.603308,19.508472,49.28193,3.410123,6.263767,35.360949
2022-09-16,sh.603308,20.035728,50.613874,3.502288,6.433058,36.31665
2022-09-19,sh.603308,18.785936,47.456674,3.283822,6.031776,34.051284
2022-09-20,sh.603308,19.13744,48.344636,3.345266,6.144636,34.688418
2022-09-21,sh.603308,19.606112,49.528586,3.427191,6.295117,35.53793
2022-09-22,sh.603308,20.025964,50.589209,3.500582,6.429923,36.298952
2022-09-23,sh.603308,19.13744,48.344636,3.345266,6.144636,34.688418
2022-09-26,sh.603308,19.078856,48.196642,3.335025,6.125826,34.582229
2022-09-27,sh.603308,19.469416,49.183268,3.403296,6.251227,35.290156
2022-09-28,sh.603308,19.020272,48.048649,3.324785,6.107016,34.47604
2022-09-29,sh.603308,19.313192,48.788618,3.375988,6.201067,35.006985
2022-09-30,sh.603308,18.336792,46.322055,3.205311,5.887565,33.237168
2022-10-10,sh.603308,17.663076,44.620126,3.087544,5.671249,32.015994
2022-10-11,sh.603308,17.67284,44.644792,3.089251,5.674384,32.033692
2022-10-12,sh.603308,18.092692,45.705414,3.162642,5.809189,32.794714
2022-10-13,sh.603308,18.84452,47.604667,3.294063,6.050586,34.157473
2022-10-14,sh.603308,19.196024,48.49263,3.355506,6.163447,34.794607
2022-10-17,sh.603308,19.72328,49.824574,3.447672,6.332738,35.750308
2022-10-18,sh.603308,20.289592,51.255181,3.546664,6.514569,36.776802
2022-10-19,sh.603308,19.410832,49.035274,3.393055,6.232417,35.183967
2022-10-20,sh.603308,19.13744,48.344636,3.345266,6.144636,34.688418
2022-10-21,sh.603308,19.879504,50.219224,3.47498,6.382898,36.033479
2022-10-24,sh.603308,20.055256,50.663206,3.505702,6.439328,36.352046
2022-10-25,sh.603308,20.0162,50.564543,3.498875,6.426788,36.281254
2022-10-26,sh.603308,20.768028,52.463797,3.630296,6.668185,37.644013
2022-10-27,sh.603308,19.859976,50.169893,3.471567,6.376628,35.998083
2022-10-28,sh.603308,19.567056,49.429924,3.420364,6.282577,35.467138
2022-10-31,sh.603308,18.737116,42.553029,3.205134,6.028265,23.874619
2022-11-01,sh.603308,19.215552,43.639583,3.286975,6.182191,24.484237
2022-11-02,sh.603308,18.434432,41.865616,3.153358,5.930883,23.488943
2022-11-03,sh.603308,18.717588,42.508679,3.201794,6.021982,23.849737
2022-11-04,sh.603308,19.752572,44.859185,3.378836,6.354966,25.168502
2022-11-07,sh.603308,19.742808,44.837011,3.377166,6.351825,25.156061
2022-11-08,sh.603308,19.254608,43.728282,3.293655,6.194757,24.534002
2022-11-09,sh.603308,19.459652,44.193948,3.32873,6.260725,24.795267
2022-11-10,sh.603308,18.64924,42.353457,3.190102,5.999993,23.762649
2022-11-11,sh.603308,18.94216,43.018695,3.240209,6.094233,24.135884
2022-11-14,sh.603308,18.629712,42.309108,3.186762,5.99371,23.737766
2022-11-15,sh.603308,19.801392,44.970058,3.387187,6.370673,25.230708
2022-11-16,sh.603308,19.420596,44.10525,3.322049,6.24816,24.745502
2022-11-17,sh.603308,19.469416,44.216122,3.3304,6.263867,24.807708
2022-11-18,sh.603308,19.7721,44.903535,3.382177,6.361249,25.193384
2022-11-21,sh.603308,20.035728,45.502248,3.427272,6.446065,25.529296
2022-11-22,sh.603308,19.67446,44.681789,3.365474,6.329835,25.068972
2022-11-23,sh.603308,19.72328,44.792662,3.373825,6.345542,25.131178
2022-11-24,sh.603308,19.528,44.34917,3.340421,6.282715,24.882355
2022-11-25,sh.603308,19.440124,44.149599,3.325389,6.254442,24.770384
2022-11-28,sh.603308,19.166732,43.52871,3.278623,6.166484,24.422031
2022-11-29,sh.603308,19.43036,44.127424,3.323719,6.251301,24.757943
2022-11-30,sh.603308,19.703752,44.748312,3.370485,6.339259,25.106296
2022-12-01,sh.603308,19.693988,44.726138,3.368815,6.336118,25.093855
2022-12-02,sh.603308,19.47918,44.238297,3.33207,6.267008,24.820149
2022-12-05,sh.603308,19.635404,44.59309,3.358794,6.31727,25.019208
2022-12-06,sh.603308,19.908796,45.213979,3.405559,6.405228,25.367561
2022-12-07,sh.603308,19.908796,45.213979,3.405559,6.405228,25.367561
2022-12-08,sh.603308,19.938088,45.280503,3.41057,6.414652,25.404884
2022-12-09,sh.603308,20.436052,46.411406,3.495751,6.574861,26.039384
2022-12-12,sh.603308,20.543456,46.655327,3.514123,6.609416,26.176237
2022-12-13,sh.603308,20.055256,45.546598,3.430613,6.452348,25.554178
2022-12-14,sh.603308,19.91856,45.236153,3.40723,6.408369,25.380002
2022-12-15,sh.603308,19.86974,45.12528,3.398879,6.392662,25.317796
2022-12-16,sh.603308,19.72328,44.792662,3.373825,6.345542,25.131178
2022-12-19,sh.603308,19.156968,43.506536,3.276953,6.163343,24.40959
2022-12-20,sh.603308,19.000744,43.151742,3.25023,6.113081,24.210531
2022-12-21,sh.603308,18.40514,41.799093,3.148347,5.921459,23.451619
2022-12-22,sh.603308,18.151276,41.222553,3.104922,5.839783,23.128149
2022-12-23,sh.603308,18.84452,42.796949,3.223507,6.06282,24.011472
2022-12-26,sh.603308,18.74688,42.575203,3.206804,6.031406,23.887061
2022-12-27,sh.603308,18.619948,42.286934,3.185092,5.990568,23.725325
2022-12-28,sh.603308,18.610184,42.264759,3.183421,5.987427,23.712884
2022-12-29,sh.603308,20.084548,45.613121,3.435623,6.461772,25.591502
2022-12-30,sh.603308,20.79732,47.231866,3.557549,6.691091,26.499708
2023-01-03,sh.603308,20.21148,45.901391,3.457336,6.50261,25.753237
2023-01-04,sh.603308,20.416524,46.367057,3.49241,6.568578,26.014502
2023-01-05,sh.603308,20.69968,47.01012,3.540847,6.659678,26.375296
2023-01-06,sh.603308,21.392924,48.584516,3.659431,6.882714,27.25862
2023-01-09,sh.603308,21.051184,47.808405,3.600974,6.772766,26.823178
2023-01-10,sh.603308,21.168352,48.0745,3.621017,6.810463,26.972473
2023-01-11,sh.603308,20.582512,46.744025,3.520804,6.621981,26.226002
2023-01-12,sh.603308,19.996672,45.41355,3.420591,6.4335,25.479531
2023-01-13,sh.603308,20.299356,46.100962,3.472368,6.530882,25.865208
2023-01-16,sh.603308,19.830684,45.036582,3.392198,6.380097,25.268031
2023-01-17,sh.603308,19.996672,45.41355,3.420591,6.4335,25.479531
2023-01-18,sh.603308,19.928324,45.258328,3.4089,6.41151,25.392443
2023-01-19,sh.603308,20.025964,45.480074,3.425602,6.442924,25.516855
2023-01-20,sh.603308,20.143132,45.746169,3.445645,6.48062,25.666149
2023-01-30,sh.603308,20.69968,47.01012,3.540847,6.659678,26.375296
2023-01-31,sh.603308,20.9926,47.675358,3.590953,6.753918,26.748531
2023-02-01,sh.603308,20.973072,47.631009,3.587612,6.747636,26.723649
2023-02-02,sh.603308,21.129296,47.985802,3.614336,6.797897,26.922708
2023-02-03,sh.603308,21.314812,48.407119,3.64607,6.857583,27.15909
2023-02-06,sh.603308,20.9926,47.675358,3.590953,6.753918,26.748531
2023-02-07,sh.603308,21.129296,47.985802,3.614336,6.797897,26.922708
2023-02-08,sh.603308,20.973072,47.631009,3.587612,6.747636,26.723649
2023-02-09,sh.603308,21.656552,49.183229,3.704527,6.967531,27.594531
2023-02-10,sh.603308,21.13906,48.007976,3.616006,6.801039,26.935149
2023-02-13,sh.603308,21.129296,47.985802,3.614336,6.797897,26.922708
2023-02-14,sh.603308,21.305048,48.384944,3.6444,6.854442,27.146649
2023-02-15,sh.603308,21.295284,48.36277,3.642729,6.8513,27.134208
2023-02-16,sh.603308,20.680152,46.965771,3.537506,6.653395,26.350414
2023-02-17,sh.603308,20.5044,46.566628,3.507442,6.59685,26.126472
2023-02-20,sh.603308,20.231008,45.94574,3.460676,6.508892,25.77812
2023-02-21,sh.603308,20.494636,46.544454,3.505772,6.593709,26.114031
2023-02-22,sh.603308,20.9926,47.675358,3.590953,6.753918,26.748531
2023-02-23,sh.603308,21.051184,47.808405,3.600974,6.772766,26.823178
2023-02-24,sh.603308,21.295284,48.36277,3.642729,6.8513,27.134208
2023-02-27,sh.603308,21.2367,48.229722,3.632708,6.832452,27.059561
2023-02-28,sh.603308,21.451508,48.717563,3.669453,6.901562,27.333267
2023-03-01,sh.603308,21.080476,47.874929,3.605985,6.782191,26.860502
2023-03-02,sh.603308,21.060948,47.83058,3.602644,6.775908,26.83562
2023-03-03,sh.603308,20.758264,47.143168,3.550868,6.678526,26.449943
2023-03-06,sh.603308,21.119532,47.963627,3.612666,6.794756,26.910267
2023-03-07,sh.603308,20.533692,46.633152,3.512453,6.606275,26.163796
2023-03-08,sh.603308,20.611804,46.810549,3.525815,6.631405,26.263325
2023-03-09,sh.603308,20.436052,46.411406,3.495751,6.574861,26.039384
2023-03-10,sh.603308,20.191952,45.857042,3.453996,6.496327,25.728355
2023-03-13,sh.603308,19.928324,45.258328,3.4089,6.41151,25.392443
2023-03-14,sh.603308,20.11384,45.679645,3.440634,6.471196,25.628825
2023-03-15,sh.603308,19.928324,45.258328,3.4089,6.41151,25.392443
2023-03-16,sh.603308,19.459652,44.193948,3.32873,6.260725,24.795267
2023-03-17,sh.603308,19.567056,44.437868,3.347102,6.29528,24.932119
2023-03-20,sh.603308,19.635404,44.59309,3.358794,6.31727,25.019208
2023-03-21,sh.603308,19.811156,44.992233,3.388857,6.373814,25.243149
2023-03-22,sh.603308,19.567056,44.437868,3.347102,6.29528,24.932119
2023-03-23,sh.603308,19.410832,44.083075,3.320379,6.245018,24.733061
2023-03-24,sh.603308,19.117912,43.417837,3.270272,6.150778,24.359825
2023-03-27,sh.603308,19.23508,43.683932,3.290315,6.188474,24.509119
2023-03-28,sh.603308,19.420596,44.10525,3.322049,6.24816,24.745502
2023-03-29,sh.603308,19.488944,44.260472,3.33374,6.270149,24.83259
2023-03-30,sh.603308,19.547528,44.393519,3.343762,6.288997,24.907237
2023-03-31,sh.603308,19.469416,44.216122,3.3304,6.263867,24.807708
2023-04-03,sh.603308,19.303428,43.839155,3.302006,6.210463,24.596208
2023-04-04,sh.603308,18.785936,42.663902,3.213485,6.043972,23.936825
2023-04-06,sh.603308,19.000744,43.151742,3.25023,6.113081,24.210531
2023-04-07,sh.603308,18.873812,42.863473,3.228517,6.072244,24.048796
2023-04-10,sh.603308,19.274136,43.772631,3.296996,6.201039,24.558884
2023-04-11,sh.603308,18.864048,42.841298,3.226847,6.069102,24.036355
2023-04-12,sh.603308,18.532072,42.087362,3.17006,5.962296,23.613355
2023-04-13,sh.603308,18.444196,41.887791,3.155028,5.934024,23.501384
2023-04-14,sh.603308,18.737116,42.553029,3.205134,6.028265,23.874619
2023-04-17,sh.603308,18.89334,42.907822,3.231858,6.078526,24.073678
2023-04-18,sh.603308,18.473488,41.954315,3.160039,5.943448,23.538708
2023-04-19,sh.603308,18.717588,42.508679,3.201794,6.021982,23.849737
2023-04-20,sh.603308,18.3075,41.577347,3.131645,5.890045,23.327208
2023-04-21,sh.603308,18.278208,41.510823,3.126634,5.880621,23.289884
2023-04-24,sh.603308,17.8193,40.468618,3.048134,5.732977,22.705149
2023-04-25,sh.603308,17.545908,39.847729,3.001368,5.645019,22.356796
2023-04-26,sh.603308,18.141512,41.200379,3.103251,5.836642,23.115708
2023-04-27,sh.603308,18.688296,42.442156,3.196783,6.012558,23.812413
2023-04-28,sh.603308,19.342484,43.927853,3.308687,6.223029,24.645972
2023-05-04,sh.603308,17.42874,29.246918,2.798656,5.343613,-108.358204
2023-05-05,sh.603308,17.47756,29.328842,2.806496,5.358582,-108.661728
2023-05-08,sh.603308,17.731424,29.754847,2.84726,5.436416,-110.240055
2023-05-09,sh.603308,17.389684,29.181378,2.792385,5.331639,-108.115384
2023-05-10,sh.603308,17.272516,28.98476,2.77357,5.295715,-107.386926
2023-05-11,sh.603308,17.174876,28.820912,2.757892,5.265779,-106.779877
2023-05-12,sh.603308,16.774552,28.149134,2.693609,5.143041,-104.290977
2023-05-15,sh.603308,16.921012,28.394907,2.717127,5.187945,-105.20155
2023-05-16,sh.603308,16.667148,27.968901,2.676362,5.110111,-103.623223
2023-05-17,sh.603308,16.676912,27.985286,2.67793,5.113105,-103.683928
2023-05-18,sh.603308,16.569508,27.805053,2.660683,5.080175,-103.016175
2023-05-19,sh.603308,16.979596,28.493216,2.726534,5.205907,-105.565779
2023-05-22,sh.603308,17.145584,28.771758,2.753188,5.256798,-106.597762
2023-05-23,sh.603308,16.921012,28.394907,2.717127,5.187945,-105.20155
2023-05-24,sh.603308,16.64762,27.936131,2.673226,5.104124,-103.501814
2023-05-25,sh.603308,16.69644,28.018056,2.681066,5.119092,-103.805338
2023-05-26,sh.603308,16.442576,27.59205,2.640301,5.041258,-102.227011
2023-05-29,sh.603308,16.3547,27.444587,2.62619,5.014315,-101.680667
2023-05-30,sh.603308,16.052016,26.936657,2.577586,4.921513,-99.798816
2023-05-31,sh.603308,15.973904,26.805578,2.565043,4.897564,-99.313177
2023-06-01,sh.603308,16.169184,27.133275,2.596401,4.957436,-100.527275
2023-06-02,sh.603308,16.01296,26.871118,2.571315,4.909538,-99.555997
2023-06-05,sh.603308,15.632164,26.232109,2.510167,4.792787,-97.188507
2023-06-06,sh.603308,15.485704,25.986337,2.486649,4.747883,-96.277933
2023-06-07,sh.603308,15.52476,26.051876,2.492921,4.759857,-96.520753
2023-06-08,sh.603308,15.72004,26.379573,2.524278,4.81973,-97.73485
2023-06-09,sh.603308,15.983668,26.821963,2.566611,4.900558,-99.373882
2023-06-12,sh.603308,16.042252,26.920272,2.576018,4.918519,-99.738111
2023-06-13,sh.603308,15.8665,26.625345,2.547796,4.864634,-98.645424
2023-06-14,sh.603308,15.827444,26.559806,2.541525,4.85266,-98.402604
2023-06-15,sh.603308,16.1106,27.034966,2.586993,4.939475,-100.163045
2023-06-16,sh.603308,17.126056,28.738988,2.750052,5.250811,-106.476353
2023-06-19,sh.603308,17.047944,28.607909,2.737509,5.226862,-105.990714
2023-06-20,sh.603308,17.360392,29.132224,2.787681,5.322658,-107.93327
2023-06-21,sh.603308,16.930776,28.411291,2.718695,5.190939,-105.262255
2023-06-26,sh.603308,17.096764,28.689833,2.745349,5.24183,-106.294238
2023-06-27,sh.603308,17.37992,29.164993,2.790817,5.328645,-108.054679
2023-06-28,sh.603308,17.643548,29.607384,2.83315,5.409473,-109.693711
2023-06-29,sh.603308,17.62402,29.574614,2.830014,5.403486,-109.572301
2023-06-30,sh.603308,17.86812,29.984235,2.869211,5.478326,-111.089923
2023-07-03,sh.603308,17.545908,29.443536,2.817471,5.379537,-109.086662
2023-07-04,sh.603308,17.555672,29.45992,2.819039,5.38253,-109.147367
2023-07-05,sh.603308,17.360392,29.132224,2.787681,5.322658,-107.93327
2023-07-06,sh.603308,17.174876,28.820912,2.757892,5.265779,-106.779877
2023-07-07,sh.603308,17.174876,28.820912,2.757892,5.265779,-106.779877
2023-07-10,sh.603308,17.155348,28.788142,2.754756,5.259792,-106.658467
2023-07-11,sh.603308,17.6584753,29.328842,2.806496,5.358582,-108.661728
2023-07-12,sh.603308,17.33292799,28.788142,2.754756,5.259792,-106.658467
2023-07-13,sh.603308,17.35265813,28.820912,2.757892,5.265779,-106.779877
2023-07-14,sh.603308,17.2638725,28.673449,2.743781,5.238837,-106.233533
2023-07-17,sh.603308,17.01724575,28.263828,2.704584,5.163996,-104.715911
2023-07-18,sh.603308,16.98765054,28.214673,2.69988,5.155015,-104.533797
2023-07-19,sh.603308,16.78048407,27.870592,2.666955,5.092149,-103.258994
2023-07-20,sh.603308,16.63250802,27.62482,2.643437,5.047245,-102.348421
2023-07-21,sh.603308,16.72129365,27.772283,2.657548,5.074188,-102.894765
2023-07-24,sh.603308,16.41547648,27.264353,2.608944,4.981385,-101.012914
2023-07-25,sh.603308,16.70156351,27.739513,2.654412,5.0682,-102.773355
2023-07-26,sh.603308,16.75088886,27.821438,2.662251,5.083168,-103.07688
2023-07-27,sh.603308,16.54372239,27.477356,2.629326,5.020302,-101.802077
2023-07-28,sh.603308,16.36615113,27.182429,2.601104,4.966417,-100.709389
2023-07-31,sh.603308,16.41547648,27.264353,2.608944,4.981385,-101.012914
2023-08-01,sh.603308,16.03073875,26.625345,2.547796,4.864634,-98.645424
2023-08-02,sh.603308,15.99127847,26.559806,2.541525,4.85266,-98.402604
2023-08-03,sh.603308,15.87289763,26.363188,2.52271,4.816736,-97.674146
2023-08-04,sh.603308,15.91235791,26.428727,2.528982,4.828711,-97.916965
2023-08-07,sh.603308,15.73478665,26.1338,2.50076,4.774825,-96.824277
2023-08-08,sh.603308,15.65586609,26.002722,2.488217,4.750876,-96.338638
2023-08-09,sh.603308,15.62627088,25.953567,2.483514,4.741896,-96.156524
2023-08-10,sh.603308,15.47829483,25.707795,2.459995,4.696991,-95.245951
2023-08-11,sh.603308,15.15274752,25.167096,2.408256,4.598202,-93.24269
2023-08-14,sh.603308,15.17247766,25.199865,2.411391,4.604189,-93.364099
2023-08-15,sh.603308,15.08369203,25.052402,2.39728,4.577246,-92.817755
2023-08-16,sh.603308,14.85679542,24.675551,2.361219,4.508393,-91.421543
2023-08-17,sh.603308,15.37964413,25.543947,2.444317,4.667055,-94.638902
2023-08-18,sh.603308,15.18234273,25.21625,2.412959,4.607183,-93.424804
2023-08-21,sh.603308,14.84693035,24.659166,2.359651,4.5054,-91.360838
2023-08-22,sh.603308,14.797605,24.577242,2.351812,4.490431,-91.057314
2023-08-23,sh.603308,14.57070839,24.200391,2.315751,4.421578,-89.661102
2023-08-24,sh.603308,14.83706528,24.642781,2.358084,4.502406,-91.300134
2023-08-25,sh.603308,13.35730478,22.199944,2.079545,4.054307,-93.333201
2023-08-28,sh.603308,12.7259403,21.150611,1.98125,3.862671,-88.921587
2023-08-29,sh.603308,13.62366167,22.642631,2.121013,4.135154,-95.19435
2023-08-30,sh.603308,13.95907405,23.200089,2.173232,4.236961,-97.53802
2023-08-31,sh.603308,13.78150279,22.904964,2.145587,4.183063,-96.297254
2023-09-01,sh.603308,13.96893912,23.216485,2.174768,4.239955,-97.606951
2023-09-04,sh.603308,14.14651038,23.511609,2.202413,4.293853,-98.847718
2023-09-05,sh.603308,14.14651038,23.511609,2.202413,4.293853,-98.847718
2023-09-06,sh.603308,14.45232755,24.01988,2.250025,4.386677,-100.984593
2023-09-07,sh.603308,14.16624052,23.544401,2.205485,4.299841,-98.985581
2023-09-08,sh.603308,14.22543094,23.642776,2.2147,4.317807,-99.399169
2023-09-11,sh.603308,14.14651038,23.511609,2.202413,4.293853,-98.847718
2023-09-12,sh.603308,14.16624052,23.544401,2.205485,4.299841,-98.985581
2023-09-13,sh.603308,13.96893912,23.216485,2.174768,4.239955,-97.606951
2023-09-14,sh.603308,13.86042335,23.036131,2.157874,4.207018,-96.848705
2023-09-15,sh.603308,13.80123293,22.937756,2.148658,4.189052,-96.435116
2023-09-18,sh.603308,13.94920898,23.183693,2.171696,4.233966,-97.469088
2023-09-19,sh.603308,13.80123293,22.937756,2.148658,4.189052,-96.435116
2023-09-20,sh.603308,13.59406646,22.593443,2.116406,4.126171,-94.987556
2023-09-21,sh.603308,13.49541576,22.429485,2.101047,4.096228,-94.298241
2023-09-22,sh.603308,13.9097487,23.11811,2.165553,4.221989,-97.193363
2023-09-25,sh.603308,13.63352674,22.659027,2.122549,4.138148,-95.263282
2023-09-26,sh.603308,13.57433632,22.560652,2.113334,4.120182,-94.849693
2023-09-27,sh.603308,13.88015349,23.068922,2.160945,4.213006,-96.986568
2023-09-28,sh.603308,13.79136786,22.92136,2.147123,4.186057,-96.366185
2023-10-09,sh.603308,13.79136786,22.92136,2.147123,4.186057,-96.366185
2023-10-10,sh.603308,13.88015349,23.068922,2.160945,4.213006,-96.986568
2023-10-11,sh.603308,13.56447125,22.544256,2.111798,4.117188,-94.780761
2023-10-12,sh.603308,13.79136786,22.92136,2.147123,4.186057,-96.366185
2023-10-13,sh.603308,13.79136786,22.92136,2.147123,4.186057,-96.366185
2023-10-16,sh.603308,13.54474111,22.511464,2.108726,4.111199,-94.642898
2023-10-17,sh.603308,13.39676506,22.265527,2.085688,4.066285,-93.608926
2023-10-18,sh.603308,13.22905887,21.986798,2.059579,4.015381,-92.437092
2023-10-19,sh.603308,13.1205431,21.806444,2.042685,3.982444,-91.678846
2023-10-20,sh.603308,13.17973352,21.904819,2.0519,4.00041,-92.092434
2023-10-23,sh.603308,12.56809918,20.888278,1.956677,3.814762,-87.818684
2023-10-24,sh.603308,12.95283691,21.527715,2.016575,3.93154,-90.507011
2023-10-25,sh.603308,13.32770957,22.150756,2.074937,4.045324,-93.126406
2023-10-26,sh.603308,13.29811436,22.101569,2.07033,4.036341,-92.919612
2023-10-27,sh.603308,13.60393153,22.609839,2.117941,4.129165,-95.056487
2023-10-30,sh.603308,13.66312195,22.650575,2.148801,4.026174,-21.272785
2023-10-31,sh.603308,13.42636027,22.258074,2.111566,3.956407,-20.904159
2023-11-01,sh.603308,13.47568562,22.339845,2.119323,3.970942,-20.980956
2023-11-02,sh.603308,13.20932873,21.898282,2.077433,3.892453,-20.566252
2023-11-03,sh.603308,13.63352674,22.601513,2.144147,4.017453,-21.226706
2023-11-06,sh.603308,13.99853433,23.206618,2.201552,4.125012,-21.795005
2023-11-07,sh.603308,13.87028842,22.994014,2.181382,4.087221,-21.595332
2023-11-08,sh.603308,13.83082814,22.928597,2.175177,4.075593,-21.533895
2023-11-09,sh.603308,13.811098,22.895888,2.172074,4.069779,-21.503176
2023-11-10,sh.603308,13.85055828,22.961305,2.17828,4.081407,-21.564613
2023-11-13,sh.603308,14.1070501,23.386515,2.218618,4.156989,-21.963958
2023-11-14,sh.603308,14.6989543,24.367767,2.311707,4.331408,-22.885523
2023-11-15,sh.603308,14.61016867,24.220579,2.297744,4.305245,-22.747288
2023-11-16,sh.603308,14.41286727,23.893495,2.266714,4.247105,-22.4401
2023-11-17,sh.603308,14.53124811,24.089745,2.285332,4.281989,-22.624413
2023-11-20,sh.603308,14.95544612,24.792976,2.352045,4.406989,-23.284868
2023-11-21,sh.603308,14.66935909,24.318704,2.307052,4.322687,-22.839445
2023-11-22,sh.603308,14.41286727,23.893495,2.266714,4.247105,-22.4401
2023-11-23,sh.603308,14.65949402,24.30235,2.305501,4.31978,-22.824085
2023-11-24,sh.603308,14.34381178,23.779016,2.255854,4.226756,-22.332584
2023-11-27,sh.603308,14.67922416,24.335059,2.308604,4.325594,-22.854804
2023-11-28,sh.603308,14.71868444,24.400475,2.31481,4.337222,-22.916242
2023-11-29,sh.603308,14.97517626,24.825685,2.355148,4.412803,-23.315586
2023-11-30,sh.603308,14.62003374,24.236933,2.299295,4.308152,-22.762648
2023-12-01,sh.603308,14.57070839,24.155162,2.291538,4.293617,-22.685851
2023-12-04,sh.603308,14.52138304,24.073391,2.28378,4.279082,-22.609053
2023-12-05,sh.603308,14.41286727,23.893495,2.266714,4.247105,-22.4401
2023-12-06,sh.603308,14.55097825,24.122454,2.288435,4.287803,-22.655132
2023-12-07,sh.603308,14.74827965,24.449538,2.319464,4.345943,-22.96232
2023-12-08,sh.603308,14.5016529,24.040683,2.280677,4.273268,-22.578335
2023-12-11,sh.603308,14.6003036,24.204225,2.296192,4.302338,-22.731929
2023-12-12,sh.603308,14.3043515,23.713599,2.249648,4.215128,-22.271146
2023-12-13,sh.603308,14.3043515,23.713599,2.249648,4.215128,-22.271146
2023-12-14,sh.603308,14.14651038,23.451931,2.224824,4.168617,-22.025396
2023-12-15,sh.603308,14.18597066,23.517348,2.23103,4.180245,-22.086833
2023-12-18,sh.603308,13.89001856,23.026722,2.184485,4.093035,-21.626051
2023-12-19,sh.603308,14.07745489,23.337452,2.213964,4.148268,-21.91788
2023-12-20,sh.603308,13.95907405,23.141202,2.195346,4.113384,-21.733567
2023-12-21,sh.603308,14.0083994,23.222973,2.203103,4.127919,-21.810364
2023-12-22,sh.603308,13.9097487,23.05943,2.187588,4.098849,-21.65677
2023-12-25,sh.603308,13.93934391,23.108493,2.192243,4.10757,-21.702848
2023-12-26,sh.603308,13.60393153,22.55245,2.139492,4.008732,-21.180628
2023-12-27,sh.603308,13.69271716,22.699638,2.153456,4.034895,-21.318863
2023-12-28,sh.603308,13.78150279,22.846826,2.167419,4.061058,-21.457098
2023-12-29,sh.603308,14.13664531,23.435577,2.223272,4.16571,-22.010036
2024-01-02,sh.603308,13.79136786,22.86318,2.168971,4.063965,-21.472457
2024-01-03,sh.603308,13.56447125,22.487033,2.133287,3.997105,-21.119191
2024-01-04,sh.603308,13.43622534,22.274429,2.113117,3.959314,-20.919518
2024-01-05,sh.603308,13.37703492,22.176303,2.103808,3.941872,-20.827362
2024-01-08,sh.603308,12.56809918,20.835258,1.976587,3.703499,-19.56789
2024-01-09,sh.603308,12.58782932,20.867967,1.97969,3.709313,-19.598609
2024-01-10,sh.603308,12.45958341,20.655362,1.959521,3.671522,-19.398937
2024-01-11,sh.603308,12.46944848,20.671716,1.961072,3.674429,-19.414296
2024-01-12,sh.603308,12.31160736,20.410049,1.936248,3.627917,-19.168545
2024-01-15,sh.603308,11.75916344,19.494214,1.849366,3.465126,-18.308418
2024-01-16,sh.603308,11.6407826,19.297963,1.830748,3.430242,-18.124105
2024-01-17,sh.603308,11.18698938,18.54567,1.75938,3.296521,-17.417572
2024-01-18,sh.603308,11.16725924,18.512961,1.756277,3.290707,-17.386854
2024-01-19,sh.603308,10.99955305,18.23494,1.729901,3.241288,-17.125744
2024-01-22,sh.603308,10.28926801,17.057437,1.618195,3.031985,-16.019866
2024-01-23,sh.603308,10.40764885,17.253687,1.636813,3.066869,-16.204179
2024-01-24,sh.603308,10.50629955,17.417229,1.652327,3.095939,-16.357773
2024-01-25,sh.603308,11.12779896,18.447544,1.750071,3.279079,-17.325416
2024-01-26,sh.603308,10.88117221,18.038689,1.711284,3.206405,-16.941431
2024-01-29,sh.603308,10.58522011,17.548063,1.664739,3.119195,-16.480648
2024-01-30,sh.603308,10.23007759,16.959312,1.608886,3.014544,-15.92771
2024-01-31,sh.603308,9.83547479,16.305143,1.546827,2.898264,-15.313333
2024-02-01,sh.603308,9.72695902,16.125247,1.52976,2.866287,-15.14438
2024-02-02,sh.603308,9.52965762,15.798163,1.498731,2.808148,-14.837191
2024-02-05,sh.603308,8.82923765,14.637014,1.388576,2.601752,-13.746673
2024-02-06,sh.603308,9.50992748,15.765455,1.495628,2.802334,-14.806473
2024-02-07,sh.603308,9.92426042,16.452331,1.56079,2.924427,-15.451568
2024-02-08,sh.603308,10.83184686,17.956918,1.703526,3.19187,-16.864634
2024-02-19,sh.603308,10.50629955,17.417229,1.652327,3.095939,-16.357773
2024-02-20,sh.603308,10.56548997,17.515355,1.661636,3.113381,-16.44993
2024-02-21,sh.603308,10.61481532,17.597126,1.669394,3.127916,-16.526727
2024-02-22,sh.603308,10.73319616,17.793376,1.688011,3.1628,-16.71104
2024-02-23,sh.603308,10.94036263,18.136814,1.720593,3.223847,-17.033587
2024-02-26,sh.603308,11.42375106,18.938171,1.796615,3.366289,-17.786198
2024-02-27,sh.603308,11.60132232,19.232546,1.824542,3.418615,-18.062668
2024-02-28,sh.603308,10.98968798,18.218586,1.72835,3.238381,-17.110384
2024-02-29,sh.603308,11.39415585,18.889108,1.791961,3.357568,-17.74012
2024-03-01,sh.603308,11.4434812,18.970879,1.799718,3.372103,-17.816917
2024-03-04,sh.603308,11.26590994,18.676503,1.771791,3.319777,-17.540448
2024-03-05,sh.603308,10.96995784,18.185877,1.725247,3.232567,-17.079665
2024-03-06,sh.603308,11.22644966,18.611086,1.765586,3.308149,-17.47901
2024-03-07,sh.603308,10.9502277,18.153169,1.722144,3.226754,-17.048947
2024-03-08,sh.603308,11.02914826,18.284002,1.734556,3.250009,-17.171822
2024-03-11,sh.603308,11.22644966,18.611086,1.765586,3.308149,-17.47901
2024-03-12,sh.603308,11.59145725,19.216192,1.82299,3.415708,-18.047308
2024-03-13,sh.603308,12.19322652,20.213799,1.917631,3.593034,-18.984232
2024-03-14,sh.603308,12.35106764,20.475466,1.942454,3.639545,-19.229983
2024-03-15,sh.603308,13.58420139,22.519742,2.13639,4.002919,-21.149909
2024-03-18,sh.603308,13.78150279,22.846826,2.167419,4.061058,-21.457098
2024-03-19,sh.603308,13.2191938,21.914636,2.078985,3.89536,-20.581611
2024-03-20,sh.603308,14.32408164,23.746307,2.252751,4.220942,-22.301865
2024-03-21,sh.603308,14.57070839,24.155162,2.291538,4.293617,-22.685851
2024-03-22,sh.603308,13.811098,22.895888,2.172074,4.069779,-21.503176
2024-03-25,sh.603308,13.20932873,21.898282,2.077433,3.892453,-20.566252
2024-03-26,sh.603308,12.75553551,21.145988,2.006065,3.758732,-19.859719
2024-03-27,sh.603308,12.3313375,20.442758,1.939351,3.633731,-19.199264
2024-03-28,sh.603308,13.56447125,22.487033,2.133287,3.997105,-21.119191
2024-03-29,sh.603308,14.63976388,24.269642,2.302398,4.313966,-22.793366
2024-04-01,sh.603308,14.42273234,23.909849,2.268265,4.250012,-22.455459
2024-04-02,sh.603308,14.18597066,23.517348,2.23103,4.180245,-22.086833
2024-04-03,sh.603308,13.63352674,22.601513,2.144147,4.017453,-21.226706
2024-04-08,sh.603308,13.3178445,22.078178,2.0945,3.92443,-20.735205
2024-04-09,sh.603308,13.29811436,22.04547,2.091397,3.918616,-20.704486
2024-04-10,sh.603308,13.20932873,21.898282,2.077433,3.892453,-20.566252
2024-04-11,sh.603308,12.96270198,21.489427,2.038646,3.819778,-20.182266
2024-04-12,sh.603308,12.79499579,21.211405,2.012271,3.77036,-19.921156
2024-04-15,sh.603308,12.44971834,20.639008,1.957969,3.668615,-19.383577
2024-04-16,sh.603308,11.45334627,18.987233,1.80127,3.37501,-17.832277
2024-04-17,sh.603308,12.32147243,20.426403,1.9378,3.630824,-19.183905
2024-04-18,sh.603308,12.87391635,21.342239,2.024683,3.793616,-20.044032
2024-04-19,sh.603308,12.64701974,20.966092,1.988999,3.726755,-19.690765
2024-04-22,sh.603308,13.46582055,22.323491,2.117772,3.968035,-20.965596
2024-04-23,sh.603308,13.43622534,22.274429,2.113117,3.959314,-20.919518
2024-04-24,sh.603308,14.77787486,32.765399,2.261643,4.148183,-68.207168
2024-04-25,sh.603308,15.51775511,34.405856,2.374876,4.355869,-71.622079
2024-04-26,sh.603308,15.95181819,35.368258,2.441306,4.477711,-73.625494
2024-04-29,sh.603308,15.52762018,34.427729,2.376386,4.358638,-71.667611
2024-04-30,sh.603308,14.74827965,32.699781,2.257114,4.139875,-68.070571
2024-05-06,sh.603308,15.1922078,33.684055,2.325053,4.264487,-70.119518
2024-05-07,sh.603308,15.33031878,33.785755,2.332073,4.277363,-70.331225
2024-05-08,sh.603308,15.0935571,33.263967,2.296057,4.211303,-69.245029
2024-05-09,sh.603308,15.40923934,33.959684,2.344079,4.299382,-70.693291
2024-05-10,sh.603308,14.88639063,32.807403,2.264542,4.153501,-68.294607
2024-05-13,sh.603308,14.26489122,31.43771,2.169999,3.980094,-65.443341
2024-05-14,sh.603308,14.36354192,31.655122,2.185006,4.007619,-65.895923
2024-05-15,sh.603308,14.24516108,31.394228,2.166997,3.974589,-65.352824
2024-05-16,sh.603308,14.28462136,31.481193,2.173,3.985599,-65.533857
2024-05-17,sh.603308,14.797605,32.611733,2.251036,4.128728,-67.887283
2024-05-20,sh.603308,14.84693035,32.720438,2.258539,4.142491,-68.113574
2024-05-21,sh.603308,14.33394671,31.589898,2.180504,3.999362,-65.760148
2024-05-22,sh.603308,14.6989543,32.394321,2.236029,4.101203,-67.434701
2024-05-23,sh.603308,14.33394671,31.589898,2.180504,3.999362,-65.760148
2024-05-24,sh.603308,13.99853433,30.850699,2.12948,3.905777,-64.22137
2024-05-27,sh.603308,14.33394671,31.589898,2.180504,3.999362,-65.760148
2024-05-28,sh.603308,14.19583573,31.285522,2.159494,3.960827,-65.126534
2024-05-29,sh.603308,14.1070501,31.089852,2.145988,3.936054,-64.71921
2024-05-30,sh.603308,14.09718503,31.068111,2.144487,3.933302,-64.673952
2024-05-31,sh.603308,13.89988363,30.633287,2.114473,3.878252,-63.768788
2024-06-03,sh.603308,13.63352674,30.046276,2.073955,3.803935,-62.546817
2024-06-04,sh.603308,13.67298702,30.133241,2.079957,3.814945,-62.72785
2024-06-05,sh.603308,13.48555069,29.720159,2.051444,3.762648,-61.867944
2024-06-06,sh.603308,13.14027324,28.959219,1.99892,3.666311,-60.283907
2024-06-07,sh.603308,13.17973352,29.046183,2.004923,3.677321,-60.46494
2024-06-11,sh.603308,13.14027324,28.959219,1.99892,3.666311,-60.283907
2024-06-12,sh.603308,13.16986845,29.024442,2.003422,3.674568,-60.419682
2024-06-13,sh.603308,13.59406646,29.959312,2.067952,3.792925,-62.365784
2024-06-14,sh.603308,13.35730478,29.437524,2.031935,3.726865,-61.279588
2024-06-17,sh.603308,13.32770957,29.3723,2.027433,3.718608,-61.143813
2024-06-18,sh.603308,13.70258223,30.198464,2.084459,3.823202,-62.863624
2024-06-19,sh.603308,13.3178445,29.350559,2.025932,3.715855,-61.098555
2024-06-20,sh.603308,12.88378142,28.393949,1.959902,3.594746,-59.107194
2024-06-21,sh.603308,12.93310677,28.502654,1.967405,3.608509,-59.333485
2024-06-24,sh.603308,12.28201215,27.067738,1.86836,3.426845,-56.346445
2024-06-25,sh.603308,12.26228201,27.024256,1.865358,3.42134,-56.255929
2024-06-26,sh.603308,12.43985327,27.415597,1.892371,3.470884,-57.070576
2024-06-27,sh.603308,12.04525047,26.54595,1.832343,3.360785,-55.260248
2024-06-28,sh.603308,12.25241694,27.002515,1.863858,3.418587,-56.21067
2024-07-01,sh.603308,12.31160736,27.132962,1.872862,3.435102,-56.48222
2024-07-02,sh.603308,12.06498061,26.589433,1.835345,3.36629,-55.350765
2024-07-03,sh.603308,11.838084,26.089386,1.800829,3.302983,-54.309826
2024-07-04,sh.603308,11.67037781,25.719786,1.775317,3.25619,-53.540437
2024-07-05,sh.603308,11.82821893,26.067645,1.799328,3.30023,-54.264568
2024-07-08,sh.603308,11.4434812,25.21974,1.740801,3.192883,-52.499499
2024-07-09,sh.603308,11.63091753,25.632822,1.769314,3.24518,-53.359404
2024-07-10,sh.603308,11.68074972,25.480634,1.758809,3.225913,-53.042597
2024-07-11,sh.603308,12.04951059,26.285056,1.814335,3.327755,-54.71715
2024-07-12,sh.603308,11.91994596,26.002421,1.794826,3.291973,-54.128794
2024-07-15,sh.603308,11.65085019,25.41541,1.754307,3.217656,-52.906823
2024-07-16,sh.603308,11.59105113,25.284963,1.745303,3.201141,-52.635273
2024-07-17,sh.603308,11.4614865,25.002328,1.725794,3.165358,-52.046917
2024-07-18,sh.603308,11.51131905,25.111034,1.733298,3.179121,-52.273208
2024-07-19,sh.603308,11.51131905,25.111034,1.733298,3.179121,-52.273208
2024-07-22,sh.603308,11.59105113,25.284963,1.745303,3.201141,-52.635273
2024-07-23,sh.603308,11.09272563,24.197906,1.670269,3.063516,-50.372364
2024-07-24,sh.603308,11.10269214,24.219647,1.671769,3.066269,-50.417622
2024-07-25,sh.603308,11.11265865,24.241388,1.67327,3.069021,-50.46288
2024-07-26,sh.603308,11.5611516,25.21974,1.740801,3.192883,-52.499499
2024-07-29,sh.603308,11.5611516,25.21974,1.740801,3.192883,-52.499499
2024-07-30,sh.603308,11.73058227,25.58934,1.766313,3.239676,-53.268888
2024-07-31,sh.603308,12.2588073,26.741621,1.84585,3.385557,-55.667572
2024-08-01,sh.603308,12.41827146,27.089479,1.869861,3.429597,-56.391703
2024-08-02,sh.603308,12.33853938,26.91555,1.857855,3.407577,-56.029638
2024-08-05,sh.603308,11.87011341,25.893716,1.787323,3.27821,-53.902503
2024-08-06,sh.603308,12.26877381,26.763362,1.84735,3.38831,-55.71283
2024-08-07,sh.603308,12.08937663,26.372021,1.820338,3.338765,-54.898183
2024-08-08,sh.603308,11.78041482,25.698045,1.773816,3.253438,-53.495179
2024-08-09,sh.603308,11.70068274,25.524116,1.761811,3.231418,-53.133114
2024-08-12,sh.603308,11.63091717,25.371928,1.751306,3.212151,-52.816306
2024-08-13,sh.603308,11.75051529,25.632822,1.769314,3.24518,-53.359404
2024-08-14,sh.603308,11.50135254,25.089293,1.731797,3.176368,-52.22795
2024-08-15,sh.603308,11.53125207,25.154516,1.736299,3.184626,-52.363724
2024-08-16,sh.603308,11.3618214,24.784917,1.710787,3.137834,-51.594335
2024-08-19,sh.603308,11.41165395,24.893623,1.718291,3.151596,-51.820626
2024-08-20,sh.603308,11.03292657,24.067459,1.661265,3.047002,-50.100815
2024-08-21,sh.603308,11.02296006,24.045717,1.659764,3.044249,-50.055557
2024-08-22,sh.603308,10.87346241,23.7196,1.637254,3.002962,-49.376684
2024-08-23,sh.603308,10.65419919,23.241295,1.604238,2.942407,-48.381004
2024-08-26,sh.603308,10.58443362,23.089107,1.593733,2.92314,-48.064196
2024-08-27,sh.603308,10.28543832,22.436872,1.548713,2.840565,-46.706451
2024-08-28,sh.603308,9.85687839,22.869961,1.468736,2.690304,-38.171853
2024-08-29,sh.603308,10.18577322,23.633064,1.517743,2.780072,-39.445535
2024-08-30,sh.603308,10.34523738,24.003053,1.541504,2.823596,-40.063078
2024-09-02,sh.603308,9.84691188,22.846837,1.467251,2.687584,-38.133257
2024-09-03,sh.603308,9.81701235,22.777464,1.462795,2.679423,-38.017468
2024-09-04,sh.603308,9.82697886,22.800588,1.46428,2.682144,-38.056064
2024-09-05,sh.603308,9.96651,23.124329,1.485071,2.720227,-38.596414
2024-09-06,sh.603308,9.75721329,22.638718,1.453885,2.663102,-37.785889
2024-09-09,sh.603308,9.73728027,22.592469,1.450915,2.657662,-37.708696
2024-09-10,sh.603308,9.81701235,22.777464,1.462795,2.679423,-38.017468
2024-09-11,sh.603308,9.79707933,22.731215,1.459825,2.673983,-37.940275
2024-09-12,sh.603308,9.67748121,22.453723,1.442004,2.64134,-37.477118
2024-09-13,sh.603308,9.53795007,22.129983,1.421213,2.603257,-36.936768
2024-09-18,sh.603308,9.62764866,22.338102,1.434579,2.627739,-37.284136
2024-09-19,sh.603308,9.97647651,23.147453,1.486557,2.722947,-38.63501
2024-09-20,sh.603308,9.78711282,22.708091,1.45834,2.671263,-37.901678
2024-09-23,sh.603308,9.75721329,22.638718,1.453885,2.663102,-37.785889
2024-09-24,sh.603308,10.22563926,23.725561,1.523683,2.790953,-39.599921
2024-09-25,sh.603308,10.21567275,23.702437,1.522198,2.788233,-39.561324
2024-09-26,sh.603308,10.70403174,24.835529,1.594967,2.921524,-41.452548
2024-09-27,sh.603308,11.34188838,26.315486,1.690011,3.095618,-43.922719
2024-09-30,sh.603308,12.40830495,28.789789,1.848914,3.386682,-48.052535
2024-10-08,sh.603308,13.53452058,31.402838,2.016727,3.694068,-52.41393
2024-10-09,sh.603308,12.40830495,28.789789,1.848914,3.386682,-48.052535
2024-10-10,sh.603308,12.46810401,28.928535,1.857824,3.403004,-48.284114
2024-10-11,sh.603308,11.74054878,27.240459,1.749414,3.204427,-45.466575
2024-10-14,sh.603308,12.26877381,28.466049,1.828123,3.348599,-47.512185
2024-10-15,sh.603308,11.79038133,27.356081,1.75684,3.218028,-45.659558
2024-10-16,sh.603308,11.90001294,27.610449,1.773175,3.247951,-46.084118
2024-10-17,sh.603308,11.91994596,27.656697,1.776145,3.253391,-46.161311
2024-10-18,sh.603308,12.41827146,28.812914,1.850399,3.389403,-48.091132
2024-10-21,sh.603308,12.69733374,29.460395,1.891981,3.465569,-49.171831
2024-10-22,sh.603308,13.5544536,31.449087,2.019697,3.699509,-52.491123
2024-10-23,sh.603308,13.33519038,30.940352,1.987026,3.639664,-51.642002
2024-10-24,sh.603308,13.18569273,30.593487,1.96475,3.59886,-51.063055
2024-10-25,sh.603308,13.17572622,30.570363,1.963264,3.59614,-51.024459
2024-10-28,sh.603308,13.46475501,31.240968,2.006332,3.675027,-52.143755
2024-10-29,sh.603308,14.01291306,32.512806,2.08801,3.824639,-54.266558
2024-10-30,sh.603308,14.19231024,33.754803,2.114797,3.844193,316.518728
2024-10-31,sh.603308,14.96969802,35.603732,2.230635,4.05476,333.85613
2024-11-01,sh.603308,13.94314749,33.162198,2.077669,3.776704,310.961868
2024-11-04,sh.603308,14.2521093,33.897029,2.123708,3.860391,317.852374
2024-11-05,sh.603308,14.44147299,34.347409,2.151925,3.911683,322.075587
2024-11-06,sh.603308,14.3517744,34.134071,2.138559,3.887386,320.075118
2024-11-07,sh.603308,14.40160695,34.252592,2.145984,3.900884,321.18649
2024-11-08,sh.603308,14.53117158,34.560747,2.165291,3.935979,324.076057
2024-11-11,sh.603308,15.51785607,36.907464,2.312317,4.203237,346.081221
2024-11-12,sh.603308,15.13912869,36.006704,2.255882,4.100653,337.634794
2024-11-13,sh.603308,14.76040131,35.105944,2.199448,3.998069,329.188368
2024-11-14,sh.603308,14.19231024,33.754803,2.114797,3.844193,316.518728
2024-11-15,sh.603308,13.5544536,32.237734,2.01975,3.671421,302.293167
2024-11-18,sh.603308,13.56442011,32.261438,2.021235,3.67412,302.515441
2024-11-19,sh.603308,14.47137252,34.418522,2.15638,3.919781,322.742411
2024-11-20,sh.603308,14.26207581,33.920733,2.125193,3.86309,318.074648
2024-11-21,sh.603308,14.16241071,33.683691,2.110342,3.836095,315.851905
2024-11-22,sh.603308,13.60428615,32.356255,2.027175,3.684918,303.404539
2024-11-25,sh.603308,13.94314749,33.162198,2.077669,3.776704,310.961868
2024-11-26,sh.603308,13.49465454,32.095508,2.010839,3.655223,300.959521
2024-11-27,sh.603308,14.07271212,33.470353,2.096976,3.811798,313.851435
2024-11-28,sh.603308,13.78368333,32.782931,2.053907,3.733511,307.405478
2024-11-29,sh.603308,13.96308051,33.209606,2.080639,3.782103,311.406417
2024-12-02,sh.603308,14.10261165,33.541466,2.101431,3.819897,314.518258
2024-12-03,sh.603308,14.21224326,33.802212,2.117767,3.849592,316.963276
2024-12-04,sh.603308,13.72388427,32.640705,2.044997,3.717313,306.071831
2024-12-05,sh.603308,13.69398474,32.569593,2.040541,3.709215,305.405008
2024-12-06,sh.603308,13.8534489,32.94886,2.064303,3.752408,308.961399
2024-12-09,sh.603308,13.79364984,32.806635,2.055392,3.73621,307.627752
2024-12-10,sh.603308,13.953114,33.185902,2.079154,3.779404,311.184142
2024-12-11,sh.603308,13.90328145,33.067381,2.071729,3.765906,310.07277
2024-12-12,sh.603308,13.87338192,32.996269,2.067273,3.757807,309.405947
2024-12-13,sh.603308,13.42488897,31.929579,2.000443,3.636326,299.4036
2024-12-16,sh.603308,13.39498944,31.858466,1.995988,3.628227,298.736777
2024-12-17,sh.603308,13.18569273,31.360678,1.964801,3.571536,294.069015
2024-12-18,sh.603308,13.36508991,31.787354,1.991533,3.620129,298.069954
2024-12-19,sh.603308,13.3551234,31.763649,1.990048,3.617429,297.847679
2024-12-20,sh.603308,13.29532434,31.621424,1.981137,3.601232,296.514033
2024-12-23,sh.603308,12.956463,30.815481,1.930643,3.509446,288.956704
2024-12-24,sh.603308,13.12589367,31.218452,1.95589,3.555339,292.735368
2024-12-25,sh.603308,13.16575971,31.313269,1.961831,3.566137,293.624466
2024-12-26,sh.603308,13.8534489,32.94886,2.064303,3.752408,308.961399
2024-12-27,sh.603308,14.1524442,33.659987,2.108856,3.833395,315.62963
2024-12-30,sh.603308,14.39164044,34.228888,2.144499,3.898185,320.964215
2024-12-31,sh.603308,14.0527791,33.422944,2.094005,3.806399,313.406886
2025-01-02,sh.603308,13.11592716,31.194748,1.954405,3.552639,292.513094
2025-01-03,sh.603308,13.53452058,32.190325,2.01678,3.666021,301.848618
2025-01-06,sh.603308,14.16241071,33.683691,2.110342,3.836095,315.851905
2025-01-07,sh.603308,15.57765513,37.049689,2.321227,4.219434,347.414868
2025-01-08,sh.603308,16.25537781,38.661576,2.422215,4.403005,362.529526
2025-01-09,sh.603308,16.29524385,38.756393,2.428155,4.413803,363.418623
2025-01-10,sh.603308,15.92648298,37.879337,2.373206,4.313919,355.194471
2025-01-13,sh.603308,15.71718627,37.381549,2.342019,4.257228,350.526709
2025-01-14,sh.603308,17.29189485,41.126815,2.576666,4.683761,385.646062
2025-01-15,sh.603308,17.3417274,41.245336,2.584092,4.697259,386.757434
2025-01-16,sh.603308,18.05931612,42.952039,2.69102,4.891628,402.76119
2025-01-17,sh.603308,18.20881377,43.307602,2.713296,4.932122,406.095306
2025-01-20,sh.603308,18.936369,45.03801,2.821709,5.12919,422.321336
2025-01-21,sh.603308,18.6373737,44.326884,2.777156,5.048203,415.653104
2025-01-22,sh.603308,20.50111107,48.759572,3.054872,5.553024,457.218415
2025-01-23,sh.603308,20.3316804,48.3566,3.029625,5.507131,453.43975
2025-01-24,sh.603308,21.96618804,52.244092,3.273183,5.949861,489.89275
2025-01-27,sh.603308,22.26518334,52.955218,3.317736,6.030848,496.560981
2025-02-05,sh.603308,20.04265161,47.669178,2.986557,5.428843,446.993793
2025-02-06,sh.603308,19.54432611,46.483967,2.912301,5.293864,435.880074
2025-02-07,sh.603308,20.14231671,47.90622,3.001408,5.455839,449.216537
2025-02-10,sh.603308,19.79348886,47.076573,2.949429,5.361354,441.436933
2025-02-11,sh.603308,20.37154644,48.451417,3.035565,5.517929,454.328848
2025-02-12,sh.603308,20.06258463,47.716587,2.989527,5.434242,447.438342
2025-02-13,sh.603308,20.42137899,48.569938,3.042991,5.531427,455.44022
2025-02-14,sh.603308,19.4346945,46.223221,2.895965,5.264169,433.435055
2025-02-17,sh.603308,19.5343596,46.460263,2.910816,5.291165,435.657799
2025-02-18,sh.603308,19.34499591,46.009883,2.882599,5.239873,431.434586
2025-02-19,sh.603308,19.48452705,46.341742,2.90339,5.277667,434.546427
2025-02-20,sh.603308,19.5343596,46.460263,2.910816,5.291165,435.657799
2025-02-21,sh.603308,20.1323502,47.882516,2.999923,5.453139,448.994263
2025-02-24,sh.603308,18.3383784,43.615757,2.732603,4.967216,408.984873
2025-02-25,sh.603308,18.04934961,42.928335,2.689535,4.888928,402.538916
2025-02-26,sh.603308,18.06928263,42.975743,2.692505,4.894328,402.983464
2025-02-27,sh.603308,18.24867981,43.402419,2.719237,4.94292,406.984403
2025-02-28,sh.603308,18.22874679,43.355011,2.716267,4.937521,406.539855
2025-03-03,sh.603308,17.67062223,42.027575,2.6331,4.786345,394.092489
2025-03-04,sh.603308,17.75035431,42.217209,2.644981,4.807941,395.870684
2025-03-05,sh.603308,18.81677088,44.75356,2.803888,5.096796,419.654043
2025-03-06,sh.603308,20.01275208,47.598066,2.982101,5.420744,446.32697
2025-03-07,sh.603308,19.78352235,47.052869,2.947944,5.358654,441.214659
2025-03-10,sh.603308,19.75362282,46.981756,2.943488,5.350556,440.547836
2025-03-11,sh.603308,19.29516336,45.891362,2.875173,5.226375,430.323214
2025-03-12,sh.603308,19.75362282,46.981756,2.943488,5.350556,440.547836
2025-03-13,sh.603308,19.78352235,47.052869,2.947944,5.358654,441.214659
2025-03-14,sh.603308,19.88318745,47.289911,2.962795,5.38565,443.437403
2025-03-17,sh.603308,19.66392423,46.768418,2.930122,5.326259,438.547366
2025-03-18,sh.603308,20.8300059,49.541811,3.10388,5.64211,464.55347
2025-03-19,sh.603308,20.929671,49.778853,3.118731,5.669105,466.776214
2025-03-20,sh.603308,20.28184785,48.238079,3.022199,5.493633,452.328378
2025-03-21,sh.603308,19.72372329,46.910643,2.939033,5.342457,439.881013
2025-03-24,sh.603308,19.60412517,46.626193,2.921212,5.310062,437.21372
2025-03-25,sh.603308,18.97623504,45.132827,2.82765,5.139989,423.210434
2025-03-26,sh.603308,18.66727323,44.397996,2.781611,5.056302,416.319928
2025-03-27,sh.603308,18.51777558,44.042433,2.759335,5.015808,412.985812
2025-03-28,sh.603308,18.42807699,43.829095,2.745969,4.991512,410.985342
2025-03-31,sh.603308,18.55764162,44.13725,2.765275,5.026607,413.874909
2025-04-01,sh.603308,18.7370388,44.576613,2.759026,5.079006,-416.148137
2025-04-02,sh.603308,19.4346945,46.236381,2.861756,5.268118,-431.643014
2025-04-03,sh.603308,19.11576618,45.47763,2.814793,5.181666,-424.559642
2025-04-07,sh.603308,17.20219626,40.925125,2.533021,4.662959,-382.059407
2025-04-08,sh.603308,15.91651647,37.86641,2.343704,4.314453,-353.504561
2025-04-09,sh.603308,16.40487546,39.028248,2.415615,4.446832,-364.350975
2025-04-10,sh.603308,17.09256465,40.664304,2.516877,4.633242,-379.624497
2025-04-11,sh.603308,18.09918216,43.059112,2.665102,4.906103,-401.981392
2025-04-14,sh.603308,18.22874679,43.367354,2.68418,4.941224,-404.859012
2025-04-15,sh.603308,17.75035431,42.229228,2.613737,4.811547,-394.233953
2025-04-16,sh.603308,16.92313398,40.261218,2.491929,4.587315,-375.861456
2025-04-17,sh.603308,17.17229673,40.853992,2.528618,4.654855,-381.39534
2025-04-18,sh.603308,17.66065572,42.015829,2.600529,4.787233,-392.241755
2025-04-21,sh.603308,19.42472799,46.21267,2.860288,5.265416,-431.421659
2025-04-22,sh.603308,19.21543128,45.71474,2.829469,5.208682,-426.773196
2025-04-23,sh.603308,19.1356992,45.525052,2.817729,5.18707,-425.002353
2025-04-24,sh.603308,19.60412517,46.639467,2.886704,5.314045,-435.406056
2025-04-25,sh.603308,19.58419215,46.592045,2.883769,5.308642,-434.963345
2025-04-28,sh.603308,19.12573269,45.501341,2.816261,5.184368,-424.780997
2025-04-29,sh.603308,19.8333549,47.184819,2.920458,5.376182,-440.49723
2025-04-30,sh.603308,19.69382376,46.609773,2.836152,5.338,-61.512223
2025-05-06,sh.603308,20.56091013,48.661924,2.961023,5.573023,-64.220504
2025-05-07,sh.603308,20.67054174,48.921391,2.976811,5.602739,-64.562931
2025-05-08,sh.603308,20.76024033,49.133683,2.989729,5.627051,-64.843098
2025-05-09,sh.603308,20.21208228,47.836346,2.910787,5.478473,-63.130966
2025-05-12,sh.603308,20.48117805,48.47322,2.94954,5.551412,-63.971467
2025-05-13,sh.603308,20.5310106,48.59116,2.956717,5.564919,-64.127115
2025-05-14,sh.603308,20.83997241,49.322386,3.001211,5.648663,-65.092135
2025-05-15,sh.603308,20.56091013,48.661924,2.961023,5.573023,-64.220504
2025-05-16,sh.603308,20.97950355,49.652618,3.021305,5.686483,-65.52795
2025-05-19,sh.603308,20.4313455,48.355281,2.942364,5.537905,-63.815819
2025-05-20,sh.603308,21.41802999,50.690487,3.084459,5.805345,-66.897656
2025-05-21,sh.603308,21.21869979,50.218728,3.055753,5.751317,-66.275062
2025-05-22,sh.603308,20.84993892,49.345974,3.002646,5.651364,-65.123265
2025-05-23,sh.603308,20.50111107,48.520396,2.952411,5.556815,-64.033726
2025-05-26,sh.603308,20.87983845,49.416738,3.006952,5.659468,-65.216654
2025-05-27,sh.603308,19.50446007,46.161602,2.808881,5.286673,-60.92076
2025-05-28,sh.603308,20.12238369,47.624055,2.89787,5.454161,-62.850799
2025-05-29,sh.603308,20.95957053,49.605442,3.018435,5.68108,-65.465691
2025-05-30,sh.603308,20.76024033,49.133683,2.989729,5.627051,-64.843098
2025-06-03,sh.603308,20.60077617,48.756276,2.966764,5.583829,-64.345023
2025-06-04,sh.603308,20.75027382,49.110095,2.988293,5.62435,-64.811968
2025-06-05,sh.603308,20.8300059,49.298798,2.999776,5.645961,-65.061005
2025-06-06,sh.603308,21.18,49.959261,3.039964,5.721601,-65.932636
2025-06-09,sh.603308,21.78,51.374537,3.126082,5.883686,-67.800416
2025-06-10,sh.603308,22.4,52.83699,3.215071,6.051174,-69.730456
2025-06-11,sh.603308,22.32,52.648286,3.203588,6.029563,-69.481418
2025-06-12,sh.603308,23.68,55.856246,3.398789,6.396955,-73.715053
2025-06-13,sh.603308,22.88,53.969211,3.283965,6.180842,-71.22468
2025-06-16,sh.603308,22.57,53.237985,3.239471,6.097098,-70.25966
2025-06-17,sh.603308,22.7,53.544628,3.25813,6.132216,-70.664346
2025-06-18,sh.603308,22.63,53.379512,3.248083,6.113306,-70.446438
2025-06-19,sh.603308,21.74,51.280186,3.120341,5.87288,-67.675897
2025-06-20,sh.603308,21.5,50.714075,3.085894,5.808046,-66.928785
2025-06-23,sh.603308,21.55,50.832015,3.09307,5.821553,-67.084434
2025-06-24,sh.603308,21.61,50.973542,3.101682,5.837762,-67.271212
2025-06-25,sh.603308,22.4,52.83699,3.215071,6.051174,-69.730456
2025-06-26,sh.603308,22.35,52.71905,3.207894,6.037667,-69.574807
2025-06-27,sh.603308,22.22,52.412407,3.189235,6.002548,-69.170122
2025-06-30,sh.603308,23.08,54.44097,3.312671,6.23487,-71.847273
2025-07-01,sh.603308,23.5,55.431663,3.372954,6.34833,-73.154719
2025-07-02,sh.603308,22.9,54.016387,3.286836,6.186245,-71.286939
2025-07-03,sh.603308,22.83,53.851271,3.276789,6.167335,-71.069031
2025-07-04,sh.603308,22.8,53.780507,3.272483,6.159231,-70.975642
2025-07-07,sh.603308,22.43,52.907754,3.219377,6.059278,-69.823845
2025-07-08,sh.603308,23.24,54.818377,3.335636,6.278093,-72.345348
2025-07-09,sh.603308,23.27,54.889141,3.339942,6.286197,-72.438737
2025-07-10,sh.603308,23.1,54.488146,3.315542,6.240273,-71.909532
2025-07-11,sh.603308,23.71,55.92701,3.403095,6.405059,-73.808442
2025-07-14,sh.603308,23.95,56.493121,3.437542,6.469893,-74.555554
2025-07-15,sh.603308,25.04,59.064206,3.59399,6.764348,-77.948688
2025-07-16,sh.603308,25.08,59.158558,3.599731,6.775154,-78.073206
2025-07-17,sh.603308,27.59,65.079132,3.959991,7.453209,-85.886753
2025-07-18,sh.603308,28.54,67.319986,4.096345,7.709844,-88.844071
2025-07-21,sh.603308,28.47,67.15487,4.086298,7.690934,-88.626164
2025-07-22,sh.603308,27.3,64.395081,3.918368,7.374868,-84.983993
2025-07-23,sh.603308,26.78,63.168508,3.843732,7.234394,-83.36525
2025-07-24,sh.603308,27.16,64.06485,3.898273,7.337048,-84.548177
2025-07-25,sh.603308,27.33,64.465845,3.922673,7.382972,-85.077382
2025-07-28,sh.603308,27.18,64.112026,3.901144,7.342451,-84.610437
2025-07-29,sh.603308,27.59,65.079132,3.959991,7.453209,-85.886753
2025-07-30,sh.603308,26.32,62.083463,3.777708,7.110129,-81.933285
2025-07-31,sh.603308,26.2,61.800408,3.760485,7.077712,-81.559729
2025-08-01,sh.603308,25.82,60.904066,3.705943,6.975058,-80.376802
2025-08-04,sh.603308,26.66,62.885453,3.826508,7.201977,-82.991694
2025-08-05,sh.603308,26.59,62.720337,3.816461,7.183068,-82.773786
2025-08-06,sh.603308,27.55,64.98478,3.95425,7.442404,-85.762234
2025-08-07,sh.603308,27.08,63.876146,3.886791,7.315437,-84.29914
2025-08-08,sh.603308,26.99,63.663855,3.873873,7.291124,-84.018973
2025-08-11,sh.603308,26.8,63.215684,3.846603,7.239797,-83.427509
2025-08-12,sh.603308,27.5,57.86462,3.882678,7.102933,-183.247973
2025-08-13,sh.603308,27.57,58.011911,3.892561,7.121013,-183.714422
2025-08-14,sh.603308,26.68,56.139202,3.766903,6.891137,-177.783851
2025-08-15,sh.603308,28.37,59.695246,4.005512,7.327644,-189.045272
2025-08-18,sh.603308,29.01,61.041913,4.095872,7.492949,-193.309952
2025-08-19,sh.603308,28.4,59.758371,4.009747,7.335393,-189.245179
2025-08-20,sh.603308,28.39,59.737329,4.008335,7.33281,-189.178543
2025-08-21,sh.603308,27.96,58.832537,3.947624,7.221746,-186.313211
2025-08-22,sh.603308,28.55,60.073996,4.030926,7.374136,-190.244713
2025-08-25,sh.603308,28.65,60.284413,4.045044,7.399965,-190.91107
2025-08-26,sh.603308,28.25,59.442746,3.988569,7.29665,-188.245645
2025-08-27,sh.603308,27.78,58.453787,3.922211,7.175254,-185.11377
2025-08-28,sh.603308,27.37,57.591078,3.864323,7.069356,-182.381709
2025-08-29,sh.603308,27.7,58.285453,3.910915,7.154591,-184.580685
2025-09-01,sh.603308,28.19,59.316495,3.980098,7.281152,-187.845831
2025-09-02,sh.603308,30.13,63.398581,4.254003,7.782232,-200.773142
2025-09-03,sh.603308,28.95,60.915663,4.087401,7.477452,-192.910138
2025-09-04,sh.603308,28.27,59.484829,3.991393,7.301815,-188.378916
2025-09-05,sh.603308,30.88,64.976707,4.359894,7.975948,-205.770814
2025-09-08,sh.603308,30.5,64.177124,4.306243,7.877799,-203.238661
2025-09-09,sh.603308,29.61,62.304414,4.180585,7.647922,-197.30809
2025-09-10,sh.603308,29.24,61.525872,4.128345,7.552355,-194.842572
2025-09-11,sh.603308,32.16,67.670042,4.540615,8.306558,-214.300175
2025-09-12,sh.603308,31.42,66.112958,4.436136,8.115424,-209.369138
2025-09-15,sh.603308,30.67,64.534832,4.330245,7.921708,-204.371466
2025-09-16,sh.603308,31.01,65.250249,4.378249,8.009526,-206.637077
2025-09-17,sh.603308,32.4,68.175043,4.5745,8.368547,-215.89943
2025-09-18,sh.603308,31.98,67.291292,4.515201,8.260066,-213.100733
2025-09-19,sh.603308,31.0,65.229208,4.376837,8.006943,-206.570442
2025-09-22,sh.603308,31.54,66.365458,4.453078,8.146419,-210.168766
2025-09-23,sh.603308,32.37,68.111918,4.570265,8.360798,-215.699523
2025-09-24,sh.603308,32.99,69.416502,4.657801,8.520937,-219.830931
2025-09-25,sh.603308,33.56,70.615878,4.738279,8.668162,-223.629162
2025-09-26,sh.603308,32.56,68.51171,4.597091,8.409873,-216.9656
2025-09-29,sh.603308,32.8,69.01671,4.630976,8.471862,-218.564855
2025-09-30,sh.603308,32.52,68.427543,4.591443,8.399541,-216.699057
2025-10-09,sh.603308,34.4,72.383379,4.856877,8.885124,-229.226555
2025-10-10,sh.603308,33.67,70.847336,4.75381,8.696573,-224.362154
2025-10-13,sh.603308,34.69,72.993587,4.897822,8.960027,-231.158988
2025-10-14,sh.603308,33.86,71.247128,4.780635,8.745648,-225.628231
2025-10-15,sh.603308,35.4,74.487547,4.998065,9.143412,-235.890117
2025-10-16,sh.603308,37.9,79.747967,5.351036,9.789134,-252.549024
2025-10-17,sh.603308,34.11,71.77317,4.815932,8.81022,-227.294122
2025-10-20,sh.603308,34.27,72.109837,4.838522,8.851546,-228.360292
2025-10-21,sh.603308,36.14,76.044631,5.102545,9.334546,-240.821154
2025-10-22,sh.603308,35.3,74.27713,4.983946,9.117583,-235.223761
2025-10-23,sh.603308,36.05,75.855256,5.089838,9.3113,-240.221433
2025-10-24,sh.603308,38.07,80.105675,5.375038,9.833043,-253.68183
2025-10-27,sh.603308,38.94,81.936301,5.497872,10.057754,-259.479129
2025-10-28,sh.603308,38.99,82.04151,5.504931,10.070668,-259.812307
2025-10-29,sh.603308,41.55,87.42818,5.866373,10.731886,-276.871028
2025-10-30,sh.603308,41.04,86.355054,5.794367,10.600159,-273.472611
2025-10-31,sh.603308,39.93,76.704613,5.524522,9.9534,17.960336
2025-11-03,sh.603308,39.13,75.167832,5.413838,9.753983,17.6005
2025-11-04,sh.603308,39.55,75.974642,5.471947,9.858677,17.789414
2025-11-05,sh.603308,42.23,81.122861,5.842739,10.526724,18.994866
2025-11-06,sh.603308,41.82,80.33526,5.786014,10.424522,18.81045
2025-11-07,sh.603308,41.07,78.894527,5.682247,10.237569,18.473103
2025-11-10,sh.603308,40.83,78.433493,5.649042,10.177744,18.365152
2025-11-11,sh.603308,39.6,76.070691,5.478865,9.87114,17.811903
2025-11-12,sh.603308,37.11,71.287458,5.134361,9.250455,16.691913
2025-11-13,sh.603308,37.32,71.690863,5.163415,9.302802,16.78637
2025-11-14,sh.603308,37.38,71.806122,5.171717,9.317758,16.813357
2025-11-17,sh.603308,38.25,73.477372,5.292086,9.534624,17.204679
2025-11-18,sh.603308,37.25,71.556395,5.15373,9.285353,16.754884
2025-11-19,sh.603308,36.11,69.366481,4.996006,9.001184,16.242117
2025-11-20,sh.603308,36.21,69.558579,5.009841,9.026111,16.287097
2025-11-21,sh.603308,36.27,69.673837,5.018142,9.041067,16.314084
2025-11-24,sh.603308,36.9,70.884053,5.105306,9.198108,16.597456
2025-11-25,sh.603308,36.76,70.615116,5.085936,9.16321,16.534484
2025-11-26,sh.603308,36.77,70.634326,5.08732,9.165703,16.538982
2025-11-27,sh.603308,36.35,69.827516,5.029211,9.061009,16.350068
2025-11-28,sh.603308,37.47,71.97901,5.184169,9.340193,16.853839
2025-12-01,sh.603308,35.99,69.135964,4.979403,8.971271,16.188142
2025-12-02,sh.603308,35.4,68.002587,4.897773,8.824201,15.922762
2025-12-03,sh.603308,36.88,70.845633,5.102539,9.193123,16.58846
2025-12-04,sh.603308,38.46,73.880777,5.32114,9.586971,17.299137
2025-12-05,sh.603308,40.9,78.567961,5.658727,10.195193,18.396638
2025-12-08,sh.603308,42.01,80.700246,5.812301,10.471884,18.895911
2025-12-09,sh.603308,41.6,79.912645,5.755575,10.369683,18.711495
2025-12-10,sh.603308,41.94,80.565777,5.802616,10.454435,18.864425
2025-12-11,sh.603308,41.73,80.162372,5.773562,10.402088,18.769968
2025-12-12,sh.603308,44.16,84.830346,6.109765,11.007817,19.862971
2025-12-15,sh.603308,44.05,84.619039,6.094546,10.980397,19.813494
2025-12-16,sh.603308,41.7,80.104743,5.769411,10.39461,18.756474
2025-12-17,sh.603308,42.51,81.660734,5.881479,10.59652,19.120808
2025-12-18,sh.603308,41.64,79.989484,5.76111,10.379654,18.729486
2025-12-19,sh.603308,40.39,77.588263,5.588166,10.068065,18.167242
2025-12-22,sh.603308,41.02,78.798478,5.675329,10.225105,18.450613
2025-12-23,sh.603308,40.69,78.164556,5.629672,10.142846,18.302181
2025-12-24,sh.603308,41.99,80.661826,5.809534,10.466899,18.886915
2025-12-25,sh.603308,42.42,81.487846,5.869027,10.574085,19.080327
2025-12-26,sh.603308,43.06,82.717272,5.957574,10.733619,19.368196
2025-12-29,sh.603308,42.89,82.390706,5.934054,10.691243,19.291731
2025-12-30,sh.603308,43.17,82.928579,5.972793,10.761039,19.417674
2025-12-31,sh.603308,41.75,80.200792,5.776329,10.407073,18.778964
2026-01-05,sh.603308,43.27,83.120677,5.986629,10.785966,19.462653
2026-01-06,sh.603308,40.87,78.510332,5.654576,10.187715,18.383144
2026-01-07,sh.603308,41.6,79.912645,5.755575,10.369683,18.711495
2026-01-08,sh.603308,43.9,84.330892,6.073792,10.943007,19.746024
2026-01-09,sh.603308,44.76,85.982933,6.192778,11.15738,20.132848
2026-01-12,sh.603308,45.71,87.807861,6.324215,11.394187,20.560154
2026-01-13,sh.603308,43.77,84.081165,6.055806,10.910601,19.687551
2026-01-14,sh.603308,45.77,87.923119,6.332517,11.409144,20.587142
2026-01-15,sh.603308,48.44,93.052128,6.701925,12.074698,21.788096
2026-01-16,sh.603308,50.66,97.316697,7.009073,12.62808,22.786642
2026-01-19,sh.603308,54.53,104.750878,7.544508,13.59276,24.527351
2026-01-20,sh.603308,52.0,99.890806,7.194469,12.962103,23.389368
2026-01-21,sh.603308,51.55,99.026367,7.132209,12.849931,23.18696
2026-01-22,sh.603308,51.61,99.141625,7.140511,12.864888,23.213948
2026-01-23,sh.603308,52.17,100.217373,7.21799,13.00448,23.465833
2026-01-26,sh.603308,52.98,101.773364,7.330057,13.206389,23.830168
2026-01-27,sh.603308,54.17,104.059327,7.4947,13.503022,24.365425
2026-01-28,sh.603308,53.15,102.09993,7.353578,13.248765,23.906633
2026-01-29,sh.603308,52.64,101.120232,7.283017,13.121637,23.677237
2026-01-30,sh.603308,51.4,98.73822,7.111456,12.812541,23.119491
2026-02-02,sh.603308,50.32,96.663565,6.962033,12.543328,22.633712
2026-02-03,sh.603308,53.15,102.09993,7.353578,13.248765,23.906633
2026-02-04,sh.603308,54.72,105.115864,7.570795,13.640121,24.612812
2026-02-05,sh.603308,52.62,101.081812,7.28025,13.116652,23.668241
2026-02-06,sh.603308,51.98,99.852387,7.191702,12.957118,23.380372
2026-02-09,sh.603308,57.18,109.841468,7.911149,14.253328,25.719309
2026-02-10,sh.603308,61.16,117.486956,8.461803,15.245428,27.509495
2026-02-11,sh.603308,61.17,117.506166,8.463186,15.247921,27.513993
2026-02-12,sh.603308,67.29,129.262545,9.30992,16.77346,30.266742
2026-02-13,sh.603308,64.91,124.69062,8.980635,16.180195,29.196229
2026-02-24,sh.603308,67.44,129.550692,9.330673,16.810851,30.334211
2026-02-25,sh.603308,66.42,127.591295,9.189551,16.556594,29.87542
2026-02-26,sh.603308,73.06,140.346583,10.108229,18.211755,32.862062
2026-02-27,sh.603308,70.0,134.468393,9.684863,17.448985,31.485688
2026-03-02,sh.603308,67.12,128.935979,9.2864,16.731084,30.190277
2026-03-03,sh.603308,63.0,121.021554,8.716376,15.704087,28.337119
2026-03-04,sh.603308,64.6,124.095117,8.937745,16.102921,29.056792
2026-03-05,sh.603308,66.8,128.321267,9.242126,16.651318,30.046342
2026-03-06,sh.603308,67.7,130.050146,9.366646,16.875662,30.451158
2026-03-09,sh.603308,68.27,131.145103,9.445508,17.017746,30.707542
2026-03-10,sh.603308,68.01,130.645649,9.409536,16.952936,30.590595
2026-03-11,sh.603308,64.52,123.941439,8.926676,16.082979,29.020808
2026-03-12,sh.603308,63.94,122.827272,8.84643,15.938402,28.759927
2026-03-13,sh.603308,61.82,118.754801,8.553117,15.409947,27.80636
2026-03-16,sh.603308,61.75,118.620333,8.543432,15.392498,27.774875
2026-03-17,sh.603308,60.05,115.354672,8.308228,14.968737,27.010222
2026-03-18,sh.603308,63.49,121.962833,8.78417,15.82623,28.557519
2026-03-19,sh.603308,61.16,117.486956,8.461803,15.245428,27.509495
2026-03-20,sh.603308,60.19,115.623608,8.327598,15.003635,27.073194
2026-03-23,sh.603308,57.66,110.763537,7.97756,14.372979,25.935211
2026-03-24,sh.603308,61.73,118.581913,8.540665,15.387512,27.765879
2026-03-25,sh.603308,63.53,122.039672,8.789705,15.836201,28.575511
2026-03-26,sh.603308,62.12,119.331094,8.594624,15.484728,27.941299
2026-03-27,sh.603308,62.37,119.811338,8.629212,15.547046,28.053748
2026-03-30,sh.603308,63.95,122.846482,8.847814,15.940895,28.764425
2026-03-31,sh.603308,61.73,118.581913,8.540665,15.387512,27.765879
2026-04-01,sh.603308,64.14,123.212259,8.874158,15.988359,28.850071
2026-04-02,sh.603308,63.53,122.040456,8.789761,15.836302,28.575694
2026-04-03,sh.603308,63.3,121.598628,8.757939,15.77897,28.472241
2026-04-07,sh.603308,60.91,117.007463,8.427268,15.183208,27.397222
2026-04-08,sh.603308,67.0,128.706412,9.269865,16.701295,30.136524
2026-04-09,sh.603308,68.7,131.972097,9.505071,17.125059,30.901182
2026-04-10,sh.603308,71.41,137.177983,9.880016,17.800589,32.120137
2026-04-13,sh.603308,68.28,131.16528,9.446961,17.020364,30.712266
2026-04-14,sh.603308,66.78,128.283794,9.239427,16.646455,30.037568
2026-04-15,sh.603308,65.01,124.883639,8.994537,16.205242,29.241424
2026-04-16,sh.603308,69.0,132.548394,9.546578,17.199841,31.036121
2026-04-17,sh.603308,71.1,136.582476,9.837126,17.723315,31.980699
2026-04-20,sh.603308,71.49,137.331662,9.891085,17.820531,32.156121
2026-04-21,sh.603308,70.68,135.775659,9.779016,17.61862,31.791783
2026-04-22,sh.603308,75.45,144.938788,10.438975,18.807652,33.937324
2026-04-23,sh.603308,83.0,159.442271,11.483565,20.689664,37.333305
2026-04-24,sh.603308,82.19,148.131125,10.977547,17.745894,160.964682
2026-04-27,sh.603308,80.4,144.905006,10.738469,17.35941,157.459064
2026-04-28,sh.603308,76.47,137.821963,10.213566,16.510871,149.76237
2026-04-29,sh.603308,76.41,137.713825,10.205552,16.497917,149.644864
2026-04-30,sh.603308,75.58,136.217915,10.094695,16.318709,148.019353
2026-05-06,sh.603308,81.39,146.689284,10.870696,17.573164,159.397925
2026-05-07,sh.603308,80.41,144.923029,10.739804,17.361569,157.478648
2026-05-08,sh.603308,78.76,141.949232,10.519425,17.005312,154.247212
2026-05-11,sh.603308,77.16,139.065551,10.305725,16.659851,151.113698
