feature_group,model_name,window_id,feature,importance
all_no_ak,xgb_d3_400_lr003_mcw3,1,open_asof1455,0.023706326261162758
all_no_ak,xgb_d3_400_lr003_mcw3,1,high_asof1455,0.019401034340262413
all_no_ak,xgb_d3_400_lr003_mcw3,1,low_asof1455,0.020083853974938393
all_no_ak,xgb_d3_400_lr003_mcw3,1,close_asof1455,0.02068811096251011
all_no_ak,xgb_d3_400_lr003_mcw3,1,amount_asof1455,0.027412118390202522
all_no_ak,xgb_d3_400_lr003_mcw3,1,n_intraday_bars_asof1455,0.0
all_no_ak,xgb_d3_400_lr003_mcw3,1,vwap_asof1455,0.024192767217755318
all_no_ak,xgb_d3_400_lr003_mcw3,1,close_ret1_asof,0.020012395456433296
all_no_ak,xgb_d3_400_lr003_mcw3,1,close_ret3_asof,0.020022444427013397
all_no_ak,xgb_d3_400_lr003_mcw3,1,close_ret5_asof,0.023361967876553535
all_no_ak,xgb_d3_400_lr003_mcw3,1,close_ret20_asof,0.023388827219605446
all_no_ak,xgb_d3_400_lr003_mcw3,1,close_ret60_asof,0.0238106120377779
all_no_ak,xgb_d3_400_lr003_mcw3,1,close_ma20_gap_asof,0.02889714576303959
all_no_ak,xgb_d3_400_lr003_mcw3,1,close_ma60_gap_asof,0.021296469494700432
all_no_ak,xgb_d3_400_lr003_mcw3,1,close_z20_asof,0.023675115779042244
all_no_ak,xgb_d3_400_lr003_mcw3,1,close_z60_asof,0.030223669484257698
all_no_ak,xgb_d3_400_lr003_mcw3,1,volume_asof1455,0.03532599285244942
all_no_ak,xgb_d3_400_lr003_mcw3,1,peTTM,0.0219043530523777
all_no_ak,xgb_d3_400_lr003_mcw3,1,pbMRQ,0.02410566806793213
all_no_ak,xgb_d3_400_lr003_mcw3,1,psTTM,0.023120177909731865
all_no_ak,xgb_d3_400_lr003_mcw3,1,pcfNcfTTM,0.018788529559969902
all_no_ak,xgb_d3_400_lr003_mcw3,1,profit_roeAvg,0.017592942342162132
all_no_ak,xgb_d3_400_lr003_mcw3,1,profit_npMargin,0.01781744882464409
all_no_ak,xgb_d3_400_lr003_mcw3,1,profit_gpMargin,0.013028537854552269
all_no_ak,xgb_d3_400_lr003_mcw3,1,profit_netProfit,0.020740950480103493
all_no_ak,xgb_d3_400_lr003_mcw3,1,profit_epsTTM,0.02161708101630211
all_no_ak,xgb_d3_400_lr003_mcw3,1,profit_totalShare,0.0
all_no_ak,xgb_d3_400_lr003_mcw3,1,profit_liqaShare,0.0
all_no_ak,xgb_d3_400_lr003_mcw3,1,operation_NRTurnRatio,0.0
all_no_ak,xgb_d3_400_lr003_mcw3,1,operation_NRTurnDays,0.0
all_no_ak,xgb_d3_400_lr003_mcw3,1,operation_INVTurnRatio,0.0318584106862545
all_no_ak,xgb_d3_400_lr003_mcw3,1,operation_INVTurnDays,0.0
all_no_ak,xgb_d3_400_lr003_mcw3,1,operation_CATurnRatio,0.027067095041275024
all_no_ak,xgb_d3_400_lr003_mcw3,1,operation_AssetTurnRatio,0.0
all_no_ak,xgb_d3_400_lr003_mcw3,1,growth_YOYEquity,0.014490515924990177
all_no_ak,xgb_d3_400_lr003_mcw3,1,growth_YOYAsset,0.03500094637274742
all_no_ak,xgb_d3_400_lr003_mcw3,1,growth_YOYNI,0.02960711158812046
all_no_ak,xgb_d3_400_lr003_mcw3,1,growth_YOYEPSBasic,0.025373540818691254
all_no_ak,xgb_d3_400_lr003_mcw3,1,growth_YOYPNI,0.017399614676833153
all_no_ak,xgb_d3_400_lr003_mcw3,1,solvency_currentRatio,0.0
all_no_ak,xgb_d3_400_lr003_mcw3,1,solvency_quickRatio,0.008033337071537971
all_no_ak,xgb_d3_400_lr003_mcw3,1,solvency_cashRatio,0.022333625704050064
all_no_ak,xgb_d3_400_lr003_mcw3,1,solvency_YOYLiability,0.0
all_no_ak,xgb_d3_400_lr003_mcw3,1,solvency_liabilityToAsset,0.014452067203819752
all_no_ak,xgb_d3_400_lr003_mcw3,1,solvency_assetToEquity,0.0
all_no_ak,xgb_d3_400_lr003_mcw3,1,cashflow_CAToAsset,0.0
all_no_ak,xgb_d3_400_lr003_mcw3,1,cashflow_NCAToAsset,0.0
all_no_ak,xgb_d3_400_lr003_mcw3,1,cashflow_tangibleAssetToAsset,0.0
all_no_ak,xgb_d3_400_lr003_mcw3,1,cashflow_CFOToOR,0.02965218387544155
all_no_ak,xgb_d3_400_lr003_mcw3,1,cashflow_CFOToNP,0.01917397603392601
all_no_ak,xgb_d3_400_lr003_mcw3,1,cashflow_CFOToGr,0.0
all_no_ak,xgb_d3_400_lr003_mcw3,1,dupont_dupontROE,0.0
all_no_ak,xgb_d3_400_lr003_mcw3,1,dupont_dupontAssetStoEquity,0.0
all_no_ak,xgb_d3_400_lr003_mcw3,1,dupont_dupontAssetTurn,0.0
all_no_ak,xgb_d3_400_lr003_mcw3,1,dupont_dupontPnitoni,0.02472981996834278
all_no_ak,xgb_d3_400_lr003_mcw3,1,dupont_dupontNitogr,0.0
all_no_ak,xgb_d3_400_lr003_mcw3,1,dupont_dupontTaxBurden,0.010527811013162136
all_no_ak,xgb_d3_400_lr003_mcw3,1,dupont_dupontIntburden,0.014128994196653366
all_no_ak,xgb_d3_400_lr003_mcw3,1,dupont_dupontEbittogr,0.0
all_no_ak,xgb_d3_400_lr003_mcw3,1,fund_days_since_effective,0.021438661962747574
all_no_ak,xgb_d3_400_lr003_mcw3,1,peTTM_rank252,0.021150974556803703
all_no_ak,xgb_d3_400_lr003_mcw3,1,pbMRQ_rank252,0.021109092980623245
all_no_ak,xgb_d3_400_lr003_mcw3,1,psTTM_rank252,0.022813474759459496
all_no_ak,xgb_d3_400_lr003_mcw3,1,pcfNcfTTM_rank252,0.025444218888878822
all_no_ak,xgb_d3_400_lr003_mcw3,1,profit_roeAvg_chg4q,0.0
all_no_ak,xgb_d3_400_lr003_mcw3,1,profit_npMargin_chg4q,0.0
all_no_ak,xgb_d3_400_lr003_mcw3,1,profit_gpMargin_chg4q,0.0
all_no_ak,xgb_d3_400_lr003_mcw3,1,profit_netProfit_chg4q,0.0
all_no_ak,xgb_d3_400_lr003_mcw3,1,profit_epsTTM_chg4q,0.0
all_no_ak,xgb_d3_400_lr003_mcw3,1,profit_totalShare_chg4q,0.0
all_no_ak,xgb_d3_400_lr003_mcw3,1,profit_liqaShare_chg4q,0.0
all_no_ak,xgb_d3_400_lr003_mcw3,1,growth_YOYEquity_chg4q,0.0
all_no_ak,xgb_d3_400_lr003_mcw3,1,growth_YOYAsset_chg4q,0.0
all_no_ak,xgb_d3_400_lr003_mcw3,1,growth_YOYNI_chg4q,0.0
all_no_ak,xgb_d3_400_lr003_mcw3,1,growth_YOYEPSBasic_chg4q,0.0
all_no_ak,xgb_d3_400_lr003_mcw3,1,growth_YOYPNI_chg4q,0.0
all_no_ak,xgb_d3_400_lr003_mcw3,1,solvency_currentRatio_chg4q,0.0
all_no_ak,xgb_d3_400_lr003_mcw3,1,solvency_quickRatio_chg4q,0.0
all_no_ak,xgb_d3_400_lr003_mcw3,1,solvency_cashRatio_chg4q,0.0
all_no_ak,xgb_d3_400_lr003_mcw3,1,solvency_YOYLiability_chg4q,0.0
all_no_ak,xgb_d3_400_lr003_mcw3,1,solvency_liabilityToAsset_chg4q,0.0
all_no_ak,xgb_d3_400_lr003_mcw3,1,solvency_assetToEquity_chg4q,0.0
all_no_ak,xgb_d3_400_lr003_mcw3,1,cashflow_CAToAsset_chg4q,0.0
all_no_ak,xgb_d3_400_lr003_mcw3,1,cashflow_NCAToAsset_chg4q,0.0
all_no_ak,xgb_d3_400_lr003_mcw3,1,cashflow_tangibleAssetToAsset_chg4q,0.0
all_no_ak,xgb_d3_400_lr003_mcw3,1,cashflow_CFOToOR_chg4q,0.0
all_no_ak,xgb_d3_400_lr003_mcw3,1,cashflow_CFOToNP_chg4q,0.0
all_no_ak,xgb_d3_400_lr003_mcw3,1,cashflow_CFOToGr_chg4q,0.0
all_no_ak,xgb_d3_400_lr003_mcw3,1,dupont_dupontROE_chg4q,0.0
all_no_ak,xgb_d3_400_lr003_mcw3,1,dupont_dupontAssetStoEquity_chg4q,0.0
all_no_ak,xgb_d3_400_lr003_mcw3,1,dupont_dupontAssetTurn_chg4q,0.0
all_no_ak,xgb_d3_400_lr003_mcw3,1,dupont_dupontPnitoni_chg4q,0.0
all_no_ak,xgb_d3_400_lr003_mcw3,1,dupont_dupontNitogr_chg4q,0.0
all_no_ak,xgb_d3_400_lr003_mcw3,1,dupont_dupontTaxBurden_chg4q,0.0
all_no_ak,xgb_d3_400_lr003_mcw3,1,dupont_dupontIntburden_chg4q,0.0
all_no_ak,xgb_d3_400_lr003_mcw3,1,dupont_dupontEbittogr_chg4q,0.0
all_no_ak,xgb_d3_400_lr003_mcw3,2,open_asof1455,0.020116450265049934
all_no_ak,xgb_d3_400_lr003_mcw3,2,high_asof1455,0.021169744431972504
all_no_ak,xgb_d3_400_lr003_mcw3,2,low_asof1455,0.02103349193930626
all_no_ak,xgb_d3_400_lr003_mcw3,2,close_asof1455,0.022497618570923805
all_no_ak,xgb_d3_400_lr003_mcw3,2,amount_asof1455,0.030233416706323624
all_no_ak,xgb_d3_400_lr003_mcw3,2,n_intraday_bars_asof1455,0.0
all_no_ak,xgb_d3_400_lr003_mcw3,2,vwap_asof1455,0.027386056259274483
all_no_ak,xgb_d3_400_lr003_mcw3,2,close_ret1_asof,0.025735529139637947
all_no_ak,xgb_d3_400_lr003_mcw3,2,close_ret3_asof,0.019969459623098373
all_no_ak,xgb_d3_400_lr003_mcw3,2,close_ret5_asof,0.02307741343975067
all_no_ak,xgb_d3_400_lr003_mcw3,2,close_ret20_asof,0.021754298359155655
all_no_ak,xgb_d3_400_lr003_mcw3,2,close_ret60_asof,0.023405270650982857
all_no_ak,xgb_d3_400_lr003_mcw3,2,close_ma20_gap_asof,0.027715150266885757
all_no_ak,xgb_d3_400_lr003_mcw3,2,close_ma60_gap_asof,0.023080313578248024
all_no_ak,xgb_d3_400_lr003_mcw3,2,close_z20_asof,0.023267995566129684
all_no_ak,xgb_d3_400_lr003_mcw3,2,close_z60_asof,0.029321642592549324
all_no_ak,xgb_d3_400_lr003_mcw3,2,volume_asof1455,0.030638715252280235
all_no_ak,xgb_d3_400_lr003_mcw3,2,peTTM,0.019478820264339447
all_no_ak,xgb_d3_400_lr003_mcw3,2,pbMRQ,0.019623784348368645
all_no_ak,xgb_d3_400_lr003_mcw3,2,psTTM,0.024294788017868996
all_no_ak,xgb_d3_400_lr003_mcw3,2,pcfNcfTTM,0.022264935076236725
all_no_ak,xgb_d3_400_lr003_mcw3,2,profit_roeAvg,0.02273247018456459
all_no_ak,xgb_d3_400_lr003_mcw3,2,profit_npMargin,0.009501636028289795
all_no_ak,xgb_d3_400_lr003_mcw3,2,profit_gpMargin,0.012231053784489632
all_no_ak,xgb_d3_400_lr003_mcw3,2,profit_netProfit,0.00133428443223238
all_no_ak,xgb_d3_400_lr003_mcw3,2,profit_epsTTM,0.0
all_no_ak,xgb_d3_400_lr003_mcw3,2,profit_totalShare,0.0
all_no_ak,xgb_d3_400_lr003_mcw3,2,profit_liqaShare,0.0
all_no_ak,xgb_d3_400_lr003_mcw3,2,operation_NRTurnRatio,0.014235807582736015
all_no_ak,xgb_d3_400_lr003_mcw3,2,operation_NRTurnDays,0.0
all_no_ak,xgb_d3_400_lr003_mcw3,2,operation_INVTurnRatio,0.02349042519927025
all_no_ak,xgb_d3_400_lr003_mcw3,2,operation_INVTurnDays,0.0
all_no_ak,xgb_d3_400_lr003_mcw3,2,operation_CATurnRatio,0.0
all_no_ak,xgb_d3_400_lr003_mcw3,2,operation_AssetTurnRatio,0.01122665498405695
all_no_ak,xgb_d3_400_lr003_mcw3,2,growth_YOYEquity,0.0
all_no_ak,xgb_d3_400_lr003_mcw3,2,growth_YOYAsset,0.02095375396311283
all_no_ak,xgb_d3_400_lr003_mcw3,2,growth_YOYNI,0.04142966493964195
all_no_ak,xgb_d3_400_lr003_mcw3,2,growth_YOYEPSBasic,0.049098752439022064
all_no_ak,xgb_d3_400_lr003_mcw3,2,growth_YOYPNI,0.02093544416129589
all_no_ak,xgb_d3_400_lr003_mcw3,2,solvency_currentRatio,0.0
all_no_ak,xgb_d3_400_lr003_mcw3,2,solvency_quickRatio,0.024204034358263016
all_no_ak,xgb_d3_400_lr003_mcw3,2,solvency_cashRatio,0.01192506868392229
all_no_ak,xgb_d3_400_lr003_mcw3,2,solvency_YOYLiability,0.0
all_no_ak,xgb_d3_400_lr003_mcw3,2,solvency_liabilityToAsset,0.0056639183312654495
all_no_ak,xgb_d3_400_lr003_mcw3,2,solvency_assetToEquity,0.0
all_no_ak,xgb_d3_400_lr003_mcw3,2,cashflow_CAToAsset,0.0
all_no_ak,xgb_d3_400_lr003_mcw3,2,cashflow_NCAToAsset,0.0
all_no_ak,xgb_d3_400_lr003_mcw3,2,cashflow_tangibleAssetToAsset,0.0
all_no_ak,xgb_d3_400_lr003_mcw3,2,cashflow_CFOToOR,0.024672014638781548
all_no_ak,xgb_d3_400_lr003_mcw3,2,cashflow_CFOToNP,0.02430984191596508
all_no_ak,xgb_d3_400_lr003_mcw3,2,cashflow_CFOToGr,0.0
all_no_ak,xgb_d3_400_lr003_mcw3,2,dupont_dupontROE,0.0
all_no_ak,xgb_d3_400_lr003_mcw3,2,dupont_dupontAssetStoEquity,0.0
all_no_ak,xgb_d3_400_lr003_mcw3,2,dupont_dupontAssetTurn,0.0
all_no_ak,xgb_d3_400_lr003_mcw3,2,dupont_dupontPnitoni,0.028546856716275215
all_no_ak,xgb_d3_400_lr003_mcw3,2,dupont_dupontNitogr,0.0
all_no_ak,xgb_d3_400_lr003_mcw3,2,dupont_dupontTaxBurden,0.03250301256775856
all_no_ak,xgb_d3_400_lr003_mcw3,2,dupont_dupontIntburden,0.007557259406894445
all_no_ak,xgb_d3_400_lr003_mcw3,2,dupont_dupontEbittogr,0.011638610623776913
all_no_ak,xgb_d3_400_lr003_mcw3,2,fund_days_since_effective,0.023786449804902077
all_no_ak,xgb_d3_400_lr003_mcw3,2,peTTM_rank252,0.018578259274363518
all_no_ak,xgb_d3_400_lr003_mcw3,2,pbMRQ_rank252,0.021132703870534897
all_no_ak,xgb_d3_400_lr003_mcw3,2,psTTM_rank252,0.024051152169704437
all_no_ak,xgb_d3_400_lr003_mcw3,2,pcfNcfTTM_rank252,0.024540426209568977
all_no_ak,xgb_d3_400_lr003_mcw3,2,profit_roeAvg_chg4q,0.0
all_no_ak,xgb_d3_400_lr003_mcw3,2,profit_npMargin_chg4q,0.0
all_no_ak,xgb_d3_400_lr003_mcw3,2,profit_gpMargin_chg4q,0.0
all_no_ak,xgb_d3_400_lr003_mcw3,2,profit_netProfit_chg4q,0.0
all_no_ak,xgb_d3_400_lr003_mcw3,2,profit_epsTTM_chg4q,0.0
all_no_ak,xgb_d3_400_lr003_mcw3,2,profit_totalShare_chg4q,0.0
all_no_ak,xgb_d3_400_lr003_mcw3,2,profit_liqaShare_chg4q,0.0
all_no_ak,xgb_d3_400_lr003_mcw3,2,growth_YOYEquity_chg4q,0.0
all_no_ak,xgb_d3_400_lr003_mcw3,2,growth_YOYAsset_chg4q,0.0
all_no_ak,xgb_d3_400_lr003_mcw3,2,growth_YOYNI_chg4q,0.0
all_no_ak,xgb_d3_400_lr003_mcw3,2,growth_YOYEPSBasic_chg4q,0.0
all_no_ak,xgb_d3_400_lr003_mcw3,2,growth_YOYPNI_chg4q,0.0
all_no_ak,xgb_d3_400_lr003_mcw3,2,solvency_currentRatio_chg4q,0.0
all_no_ak,xgb_d3_400_lr003_mcw3,2,solvency_quickRatio_chg4q,0.0
all_no_ak,xgb_d3_400_lr003_mcw3,2,solvency_cashRatio_chg4q,0.0
all_no_ak,xgb_d3_400_lr003_mcw3,2,solvency_YOYLiability_chg4q,0.0136555265635252
all_no_ak,xgb_d3_400_lr003_mcw3,2,solvency_liabilityToAsset_chg4q,0.0
all_no_ak,xgb_d3_400_lr003_mcw3,2,solvency_assetToEquity_chg4q,0.0
all_no_ak,xgb_d3_400_lr003_mcw3,2,cashflow_CAToAsset_chg4q,0.0
all_no_ak,xgb_d3_400_lr003_mcw3,2,cashflow_NCAToAsset_chg4q,0.0
all_no_ak,xgb_d3_400_lr003_mcw3,2,cashflow_tangibleAssetToAsset_chg4q,0.0
all_no_ak,xgb_d3_400_lr003_mcw3,2,cashflow_CFOToOR_chg4q,0.0
all_no_ak,xgb_d3_400_lr003_mcw3,2,cashflow_CFOToNP_chg4q,0.0
all_no_ak,xgb_d3_400_lr003_mcw3,2,cashflow_CFOToGr_chg4q,0.0
all_no_ak,xgb_d3_400_lr003_mcw3,2,dupont_dupontROE_chg4q,0.0
all_no_ak,xgb_d3_400_lr003_mcw3,2,dupont_dupontAssetStoEquity_chg4q,0.0
all_no_ak,xgb_d3_400_lr003_mcw3,2,dupont_dupontAssetTurn_chg4q,0.0
all_no_ak,xgb_d3_400_lr003_mcw3,2,dupont_dupontPnitoni_chg4q,0.0
all_no_ak,xgb_d3_400_lr003_mcw3,2,dupont_dupontNitogr_chg4q,0.0
all_no_ak,xgb_d3_400_lr003_mcw3,2,dupont_dupontTaxBurden_chg4q,0.0
all_no_ak,xgb_d3_400_lr003_mcw3,2,dupont_dupontIntburden_chg4q,0.0
all_no_ak,xgb_d3_400_lr003_mcw3,2,dupont_dupontEbittogr_chg4q,0.0
all_no_ak,xgb_d3_400_lr003_mcw3,3,open_asof1455,0.016749126836657524
all_no_ak,xgb_d3_400_lr003_mcw3,3,high_asof1455,0.01865723915398121
all_no_ak,xgb_d3_400_lr003_mcw3,3,low_asof1455,0.01899092085659504
all_no_ak,xgb_d3_400_lr003_mcw3,3,close_asof1455,0.022012820467352867
all_no_ak,xgb_d3_400_lr003_mcw3,3,amount_asof1455,0.027787134051322937
all_no_ak,xgb_d3_400_lr003_mcw3,3,n_intraday_bars_asof1455,0.0
all_no_ak,xgb_d3_400_lr003_mcw3,3,vwap_asof1455,0.020634260028600693
all_no_ak,xgb_d3_400_lr003_mcw3,3,close_ret1_asof,0.022809257730841637
all_no_ak,xgb_d3_400_lr003_mcw3,3,close_ret3_asof,0.018305888399481773
all_no_ak,xgb_d3_400_lr003_mcw3,3,close_ret5_asof,0.023251237347722054
all_no_ak,xgb_d3_400_lr003_mcw3,3,close_ret20_asof,0.01967010833323002
all_no_ak,xgb_d3_400_lr003_mcw3,3,close_ret60_asof,0.022092286497354507
all_no_ak,xgb_d3_400_lr003_mcw3,3,close_ma20_gap_asof,0.023872125893831253
all_no_ak,xgb_d3_400_lr003_mcw3,3,close_ma60_gap_asof,0.02235380746424198
all_no_ak,xgb_d3_400_lr003_mcw3,3,close_z20_asof,0.024173542857170105
all_no_ak,xgb_d3_400_lr003_mcw3,3,close_z60_asof,0.026112427935004234
all_no_ak,xgb_d3_400_lr003_mcw3,3,volume_asof1455,0.02510986477136612
all_no_ak,xgb_d3_400_lr003_mcw3,3,peTTM,0.020391015335917473
all_no_ak,xgb_d3_400_lr003_mcw3,3,pbMRQ,0.018427938222885132
all_no_ak,xgb_d3_400_lr003_mcw3,3,psTTM,0.021162351593375206
all_no_ak,xgb_d3_400_lr003_mcw3,3,pcfNcfTTM,0.021805159747600555
all_no_ak,xgb_d3_400_lr003_mcw3,3,profit_roeAvg,0.019479919224977493
all_no_ak,xgb_d3_400_lr003_mcw3,3,profit_npMargin,0.009792840108275414
all_no_ak,xgb_d3_400_lr003_mcw3,3,profit_gpMargin,0.02775980904698372
all_no_ak,xgb_d3_400_lr003_mcw3,3,profit_netProfit,0.01860591396689415
all_no_ak,xgb_d3_400_lr003_mcw3,3,profit_epsTTM,0.0
all_no_ak,xgb_d3_400_lr003_mcw3,3,profit_totalShare,0.0
all_no_ak,xgb_d3_400_lr003_mcw3,3,profit_liqaShare,0.0
all_no_ak,xgb_d3_400_lr003_mcw3,3,operation_NRTurnRatio,0.00838024728000164
all_no_ak,xgb_d3_400_lr003_mcw3,3,operation_NRTurnDays,0.055526990443468094
all_no_ak,xgb_d3_400_lr003_mcw3,3,operation_INVTurnRatio,0.011277308687567711
all_no_ak,xgb_d3_400_lr003_mcw3,3,operation_INVTurnDays,0.018482642248272896
all_no_ak,xgb_d3_400_lr003_mcw3,3,operation_CATurnRatio,0.023750556632876396
all_no_ak,xgb_d3_400_lr003_mcw3,3,operation_AssetTurnRatio,0.0
all_no_ak,xgb_d3_400_lr003_mcw3,3,growth_YOYEquity,0.012063187547028065
all_no_ak,xgb_d3_400_lr003_mcw3,3,growth_YOYAsset,0.01610739715397358
all_no_ak,xgb_d3_400_lr003_mcw3,3,growth_YOYNI,0.02807292528450489
all_no_ak,xgb_d3_400_lr003_mcw3,3,growth_YOYEPSBasic,0.01164065022021532
all_no_ak,xgb_d3_400_lr003_mcw3,3,growth_YOYPNI,0.026538072153925896
all_no_ak,xgb_d3_400_lr003_mcw3,3,solvency_currentRatio,0.0
all_no_ak,xgb_d3_400_lr003_mcw3,3,solvency_quickRatio,0.0
all_no_ak,xgb_d3_400_lr003_mcw3,3,solvency_cashRatio,0.0
all_no_ak,xgb_d3_400_lr003_mcw3,3,solvency_YOYLiability,0.01908756047487259
all_no_ak,xgb_d3_400_lr003_mcw3,3,solvency_liabilityToAsset,0.0
all_no_ak,xgb_d3_400_lr003_mcw3,3,solvency_assetToEquity,0.0
all_no_ak,xgb_d3_400_lr003_mcw3,3,cashflow_CAToAsset,0.01841469295322895
all_no_ak,xgb_d3_400_lr003_mcw3,3,cashflow_NCAToAsset,0.0
all_no_ak,xgb_d3_400_lr003_mcw3,3,cashflow_tangibleAssetToAsset,0.0
all_no_ak,xgb_d3_400_lr003_mcw3,3,cashflow_CFOToOR,0.027990655973553658
all_no_ak,xgb_d3_400_lr003_mcw3,3,cashflow_CFOToNP,0.020752038806676865
all_no_ak,xgb_d3_400_lr003_mcw3,3,cashflow_CFOToGr,0.03222914785146713
all_no_ak,xgb_d3_400_lr003_mcw3,3,dupont_dupontROE,0.0
all_no_ak,xgb_d3_400_lr003_mcw3,3,dupont_dupontAssetStoEquity,0.0
all_no_ak,xgb_d3_400_lr003_mcw3,3,dupont_dupontAssetTurn,0.0
all_no_ak,xgb_d3_400_lr003_mcw3,3,dupont_dupontPnitoni,0.020034486427903175
all_no_ak,xgb_d3_400_lr003_mcw3,3,dupont_dupontNitogr,0.0
all_no_ak,xgb_d3_400_lr003_mcw3,3,dupont_dupontTaxBurden,0.017733154818415642
all_no_ak,xgb_d3_400_lr003_mcw3,3,dupont_dupontIntburden,0.010706470347940922
all_no_ak,xgb_d3_400_lr003_mcw3,3,dupont_dupontEbittogr,0.0
all_no_ak,xgb_d3_400_lr003_mcw3,3,fund_days_since_effective,0.02317887544631958
all_no_ak,xgb_d3_400_lr003_mcw3,3,peTTM_rank252,0.019876256585121155
all_no_ak,xgb_d3_400_lr003_mcw3,3,pbMRQ_rank252,0.023785341531038284
all_no_ak,xgb_d3_400_lr003_mcw3,3,psTTM_rank252,0.022653337568044662
all_no_ak,xgb_d3_400_lr003_mcw3,3,pcfNcfTTM_rank252,0.021711071953177452
all_no_ak,xgb_d3_400_lr003_mcw3,3,profit_roeAvg_chg4q,0.0
all_no_ak,xgb_d3_400_lr003_mcw3,3,profit_npMargin_chg4q,0.0
all_no_ak,xgb_d3_400_lr003_mcw3,3,profit_gpMargin_chg4q,0.0
all_no_ak,xgb_d3_400_lr003_mcw3,3,profit_netProfit_chg4q,0.0
all_no_ak,xgb_d3_400_lr003_mcw3,3,profit_epsTTM_chg4q,0.0
all_no_ak,xgb_d3_400_lr003_mcw3,3,profit_totalShare_chg4q,0.0
all_no_ak,xgb_d3_400_lr003_mcw3,3,profit_liqaShare_chg4q,0.0
all_no_ak,xgb_d3_400_lr003_mcw3,3,growth_YOYEquity_chg4q,0.0
all_no_ak,xgb_d3_400_lr003_mcw3,3,growth_YOYAsset_chg4q,0.0
all_no_ak,xgb_d3_400_lr003_mcw3,3,growth_YOYNI_chg4q,0.0
all_no_ak,xgb_d3_400_lr003_mcw3,3,growth_YOYEPSBasic_chg4q,0.0
all_no_ak,xgb_d3_400_lr003_mcw3,3,growth_YOYPNI_chg4q,0.0
all_no_ak,xgb_d3_400_lr003_mcw3,3,solvency_currentRatio_chg4q,0.0
all_no_ak,xgb_d3_400_lr003_mcw3,3,solvency_quickRatio_chg4q,0.0
all_no_ak,xgb_d3_400_lr003_mcw3,3,solvency_cashRatio_chg4q,0.0
all_no_ak,xgb_d3_400_lr003_mcw3,3,solvency_YOYLiability_chg4q,0.0
all_no_ak,xgb_d3_400_lr003_mcw3,3,solvency_liabilityToAsset_chg4q,0.0
all_no_ak,xgb_d3_400_lr003_mcw3,3,solvency_assetToEquity_chg4q,0.0
all_no_ak,xgb_d3_400_lr003_mcw3,3,cashflow_CAToAsset_chg4q,0.0
all_no_ak,xgb_d3_400_lr003_mcw3,3,cashflow_NCAToAsset_chg4q,0.0
all_no_ak,xgb_d3_400_lr003_mcw3,3,cashflow_tangibleAssetToAsset_chg4q,0.0
all_no_ak,xgb_d3_400_lr003_mcw3,3,cashflow_CFOToOR_chg4q,0.0
all_no_ak,xgb_d3_400_lr003_mcw3,3,cashflow_CFOToNP_chg4q,0.0
all_no_ak,xgb_d3_400_lr003_mcw3,3,cashflow_CFOToGr_chg4q,0.0
all_no_ak,xgb_d3_400_lr003_mcw3,3,dupont_dupontROE_chg4q,0.0
all_no_ak,xgb_d3_400_lr003_mcw3,3,dupont_dupontAssetStoEquity_chg4q,0.0
all_no_ak,xgb_d3_400_lr003_mcw3,3,dupont_dupontAssetTurn_chg4q,0.0
all_no_ak,xgb_d3_400_lr003_mcw3,3,dupont_dupontPnitoni_chg4q,0.0
all_no_ak,xgb_d3_400_lr003_mcw3,3,dupont_dupontNitogr_chg4q,0.0
all_no_ak,xgb_d3_400_lr003_mcw3,3,dupont_dupontTaxBurden_chg4q,0.0
all_no_ak,xgb_d3_400_lr003_mcw3,3,dupont_dupontIntburden_chg4q,0.0
all_no_ak,xgb_d3_400_lr003_mcw3,3,dupont_dupontEbittogr_chg4q,0.0
all_no_ak,xgb_d3_400_lr003_mcw3,4,open_asof1455,0.015493067912757397
all_no_ak,xgb_d3_400_lr003_mcw3,4,high_asof1455,0.018586618825793266
all_no_ak,xgb_d3_400_lr003_mcw3,4,low_asof1455,0.020524762570858
all_no_ak,xgb_d3_400_lr003_mcw3,4,close_asof1455,0.020309308543801308
all_no_ak,xgb_d3_400_lr003_mcw3,4,amount_asof1455,0.028873849660158157
all_no_ak,xgb_d3_400_lr003_mcw3,4,n_intraday_bars_asof1455,0.0
all_no_ak,xgb_d3_400_lr003_mcw3,4,vwap_asof1455,0.019438471645116806
all_no_ak,xgb_d3_400_lr003_mcw3,4,close_ret1_asof,0.024029236286878586
all_no_ak,xgb_d3_400_lr003_mcw3,4,close_ret3_asof,0.017009126022458076
all_no_ak,xgb_d3_400_lr003_mcw3,4,close_ret5_asof,0.01946071907877922
all_no_ak,xgb_d3_400_lr003_mcw3,4,close_ret20_asof,0.018620433285832405
all_no_ak,xgb_d3_400_lr003_mcw3,4,close_ret60_asof,0.022325657308101654
all_no_ak,xgb_d3_400_lr003_mcw3,4,close_ma20_gap_asof,0.02473127469420433
all_no_ak,xgb_d3_400_lr003_mcw3,4,close_ma60_gap_asof,0.020338809117674828
all_no_ak,xgb_d3_400_lr003_mcw3,4,close_z20_asof,0.021522341296076775
all_no_ak,xgb_d3_400_lr003_mcw3,4,close_z60_asof,0.026781272143125534
all_no_ak,xgb_d3_400_lr003_mcw3,4,volume_asof1455,0.02521291747689247
all_no_ak,xgb_d3_400_lr003_mcw3,4,peTTM,0.01894921250641346
all_no_ak,xgb_d3_400_lr003_mcw3,4,pbMRQ,0.02257099188864231
all_no_ak,xgb_d3_400_lr003_mcw3,4,psTTM,0.018172189593315125
all_no_ak,xgb_d3_400_lr003_mcw3,4,pcfNcfTTM,0.02528403326869011
all_no_ak,xgb_d3_400_lr003_mcw3,4,profit_roeAvg,0.0020988574251532555
all_no_ak,xgb_d3_400_lr003_mcw3,4,profit_npMargin,0.015529920347034931
all_no_ak,xgb_d3_400_lr003_mcw3,4,profit_gpMargin,0.0
all_no_ak,xgb_d3_400_lr003_mcw3,4,profit_netProfit,0.0
all_no_ak,xgb_d3_400_lr003_mcw3,4,profit_epsTTM,0.0
all_no_ak,xgb_d3_400_lr003_mcw3,4,profit_totalShare,0.0
all_no_ak,xgb_d3_400_lr003_mcw3,4,profit_liqaShare,0.0
all_no_ak,xgb_d3_400_lr003_mcw3,4,operation_NRTurnRatio,0.023689787834882736
all_no_ak,xgb_d3_400_lr003_mcw3,4,operation_NRTurnDays,0.0
all_no_ak,xgb_d3_400_lr003_mcw3,4,operation_INVTurnRatio,0.01500159502029419
all_no_ak,xgb_d3_400_lr003_mcw3,4,operation_INVTurnDays,0.021676156669855118
all_no_ak,xgb_d3_400_lr003_mcw3,4,operation_CATurnRatio,0.0
all_no_ak,xgb_d3_400_lr003_mcw3,4,operation_AssetTurnRatio,0.0
all_no_ak,xgb_d3_400_lr003_mcw3,4,growth_YOYEquity,0.005812556017190218
all_no_ak,xgb_d3_400_lr003_mcw3,4,growth_YOYAsset,0.018434852361679077
all_no_ak,xgb_d3_400_lr003_mcw3,4,growth_YOYNI,0.025059908628463745
all_no_ak,xgb_d3_400_lr003_mcw3,4,growth_YOYEPSBasic,0.0
all_no_ak,xgb_d3_400_lr003_mcw3,4,growth_YOYPNI,0.02710244059562683
all_no_ak,xgb_d3_400_lr003_mcw3,4,solvency_currentRatio,0.0
all_no_ak,xgb_d3_400_lr003_mcw3,4,solvency_quickRatio,0.0
all_no_ak,xgb_d3_400_lr003_mcw3,4,solvency_cashRatio,0.0
all_no_ak,xgb_d3_400_lr003_mcw3,4,solvency_YOYLiability,0.023453321307897568
all_no_ak,xgb_d3_400_lr003_mcw3,4,solvency_liabilityToAsset,0.0431828647851944
all_no_ak,xgb_d3_400_lr003_mcw3,4,solvency_assetToEquity,0.0
all_no_ak,xgb_d3_400_lr003_mcw3,4,cashflow_CAToAsset,0.01454169861972332
all_no_ak,xgb_d3_400_lr003_mcw3,4,cashflow_NCAToAsset,0.01836012676358223
all_no_ak,xgb_d3_400_lr003_mcw3,4,cashflow_tangibleAssetToAsset,0.0
all_no_ak,xgb_d3_400_lr003_mcw3,4,cashflow_CFOToOR,0.030958617106080055
all_no_ak,xgb_d3_400_lr003_mcw3,4,cashflow_CFOToNP,0.03981231153011322
all_no_ak,xgb_d3_400_lr003_mcw3,4,cashflow_CFOToGr,0.06198210269212723
all_no_ak,xgb_d3_400_lr003_mcw3,4,dupont_dupontROE,0.0
all_no_ak,xgb_d3_400_lr003_mcw3,4,dupont_dupontAssetStoEquity,0.0
all_no_ak,xgb_d3_400_lr003_mcw3,4,dupont_dupontAssetTurn,0.0
all_no_ak,xgb_d3_400_lr003_mcw3,4,dupont_dupontPnitoni,0.0
all_no_ak,xgb_d3_400_lr003_mcw3,4,dupont_dupontNitogr,0.0
all_no_ak,xgb_d3_400_lr003_mcw3,4,dupont_dupontTaxBurden,0.021736735478043556
all_no_ak,xgb_d3_400_lr003_mcw3,4,dupont_dupontIntburden,0.01720336265861988
all_no_ak,xgb_d3_400_lr003_mcw3,4,dupont_dupontEbittogr,0.0
all_no_ak,xgb_d3_400_lr003_mcw3,4,fund_days_since_effective,0.019762195646762848
all_no_ak,xgb_d3_400_lr003_mcw3,4,peTTM_rank252,0.021501511335372925
all_no_ak,xgb_d3_400_lr003_mcw3,4,pbMRQ_rank252,0.02247784659266472
all_no_ak,xgb_d3_400_lr003_mcw3,4,psTTM_rank252,0.02010991983115673
all_no_ak,xgb_d3_400_lr003_mcw3,4,pcfNcfTTM_rank252,0.021572638303041458
all_no_ak,xgb_d3_400_lr003_mcw3,4,profit_roeAvg_chg4q,0.0
all_no_ak,xgb_d3_400_lr003_mcw3,4,profit_npMargin_chg4q,0.0
all_no_ak,xgb_d3_400_lr003_mcw3,4,profit_gpMargin_chg4q,0.0
all_no_ak,xgb_d3_400_lr003_mcw3,4,profit_netProfit_chg4q,0.0
all_no_ak,xgb_d3_400_lr003_mcw3,4,profit_epsTTM_chg4q,0.0
all_no_ak,xgb_d3_400_lr003_mcw3,4,profit_totalShare_chg4q,0.0
all_no_ak,xgb_d3_400_lr003_mcw3,4,profit_liqaShare_chg4q,0.0
all_no_ak,xgb_d3_400_lr003_mcw3,4,growth_YOYEquity_chg4q,0.019989801570773125
all_no_ak,xgb_d3_400_lr003_mcw3,4,growth_YOYAsset_chg4q,0.0
all_no_ak,xgb_d3_400_lr003_mcw3,4,growth_YOYNI_chg4q,0.0
all_no_ak,xgb_d3_400_lr003_mcw3,4,growth_YOYEPSBasic_chg4q,0.0
all_no_ak,xgb_d3_400_lr003_mcw3,4,growth_YOYPNI_chg4q,0.0
all_no_ak,xgb_d3_400_lr003_mcw3,4,solvency_currentRatio_chg4q,0.0
all_no_ak,xgb_d3_400_lr003_mcw3,4,solvency_quickRatio_chg4q,0.02071455866098404
all_no_ak,xgb_d3_400_lr003_mcw3,4,solvency_cashRatio_chg4q,0.0
all_no_ak,xgb_d3_400_lr003_mcw3,4,solvency_YOYLiability_chg4q,0.0
all_no_ak,xgb_d3_400_lr003_mcw3,4,solvency_liabilityToAsset_chg4q,0.0
all_no_ak,xgb_d3_400_lr003_mcw3,4,solvency_assetToEquity_chg4q,0.0
all_no_ak,xgb_d3_400_lr003_mcw3,4,cashflow_CAToAsset_chg4q,0.0
all_no_ak,xgb_d3_400_lr003_mcw3,4,cashflow_NCAToAsset_chg4q,0.0
all_no_ak,xgb_d3_400_lr003_mcw3,4,cashflow_tangibleAssetToAsset_chg4q,0.0
all_no_ak,xgb_d3_400_lr003_mcw3,4,cashflow_CFOToOR_chg4q,0.0
all_no_ak,xgb_d3_400_lr003_mcw3,4,cashflow_CFOToNP_chg4q,0.0
all_no_ak,xgb_d3_400_lr003_mcw3,4,cashflow_CFOToGr_chg4q,0.0
all_no_ak,xgb_d3_400_lr003_mcw3,4,dupont_dupontROE_chg4q,0.0
all_no_ak,xgb_d3_400_lr003_mcw3,4,dupont_dupontAssetStoEquity_chg4q,0.0
all_no_ak,xgb_d3_400_lr003_mcw3,4,dupont_dupontAssetTurn_chg4q,0.0
all_no_ak,xgb_d3_400_lr003_mcw3,4,dupont_dupontPnitoni_chg4q,0.0
all_no_ak,xgb_d3_400_lr003_mcw3,4,dupont_dupontNitogr_chg4q,0.0
all_no_ak,xgb_d3_400_lr003_mcw3,4,dupont_dupontTaxBurden_chg4q,0.0
all_no_ak,xgb_d3_400_lr003_mcw3,4,dupont_dupontIntburden_chg4q,0.0
all_no_ak,xgb_d3_400_lr003_mcw3,4,dupont_dupontEbittogr_chg4q,0.0
all_no_ak,xgb_d3_400_lr003_mcw3,5,open_asof1455,0.02244408428668976
all_no_ak,xgb_d3_400_lr003_mcw3,5,high_asof1455,0.02364213950932026
all_no_ak,xgb_d3_400_lr003_mcw3,5,low_asof1455,0.024912863969802856
all_no_ak,xgb_d3_400_lr003_mcw3,5,close_asof1455,0.021856430917978287
all_no_ak,xgb_d3_400_lr003_mcw3,5,amount_asof1455,0.029359476640820503
all_no_ak,xgb_d3_400_lr003_mcw3,5,n_intraday_bars_asof1455,0.0
all_no_ak,xgb_d3_400_lr003_mcw3,5,vwap_asof1455,0.028234314173460007
all_no_ak,xgb_d3_400_lr003_mcw3,5,close_ret1_asof,0.025256330147385597
all_no_ak,xgb_d3_400_lr003_mcw3,5,close_ret3_asof,0.020160168409347534
all_no_ak,xgb_d3_400_lr003_mcw3,5,close_ret5_asof,0.02304527722299099
all_no_ak,xgb_d3_400_lr003_mcw3,5,close_ret20_asof,0.022464407607913017
all_no_ak,xgb_d3_400_lr003_mcw3,5,close_ret60_asof,0.021743306890130043
all_no_ak,xgb_d3_400_lr003_mcw3,5,close_ma20_gap_asof,0.028549715876579285
all_no_ak,xgb_d3_400_lr003_mcw3,5,close_ma60_gap_asof,0.022917211055755615
all_no_ak,xgb_d3_400_lr003_mcw3,5,close_z20_asof,0.024078205227851868
all_no_ak,xgb_d3_400_lr003_mcw3,5,close_z60_asof,0.027376249432563782
all_no_ak,xgb_d3_400_lr003_mcw3,5,volume_asof1455,0.025871194899082184
all_no_ak,xgb_d3_400_lr003_mcw3,5,peTTM,0.021578120067715645
all_no_ak,xgb_d3_400_lr003_mcw3,5,pbMRQ,0.02405508980154991
all_no_ak,xgb_d3_400_lr003_mcw3,5,psTTM,0.023246711120009422
all_no_ak,xgb_d3_400_lr003_mcw3,5,pcfNcfTTM,0.04318230599164963
all_no_ak,xgb_d3_400_lr003_mcw3,5,profit_roeAvg,0.020193085074424744
all_no_ak,xgb_d3_400_lr003_mcw3,5,profit_npMargin,0.0
all_no_ak,xgb_d3_400_lr003_mcw3,5,profit_gpMargin,0.0
all_no_ak,xgb_d3_400_lr003_mcw3,5,profit_netProfit,0.0
all_no_ak,xgb_d3_400_lr003_mcw3,5,profit_epsTTM,0.015017612837255001
all_no_ak,xgb_d3_400_lr003_mcw3,5,profit_totalShare,0.0
all_no_ak,xgb_d3_400_lr003_mcw3,5,profit_liqaShare,0.0
all_no_ak,xgb_d3_400_lr003_mcw3,5,operation_NRTurnRatio,0.017003288492560387
all_no_ak,xgb_d3_400_lr003_mcw3,5,operation_NRTurnDays,0.0
all_no_ak,xgb_d3_400_lr003_mcw3,5,operation_INVTurnRatio,0.014766715466976166
all_no_ak,xgb_d3_400_lr003_mcw3,5,operation_INVTurnDays,0.026228422299027443
all_no_ak,xgb_d3_400_lr003_mcw3,5,operation_CATurnRatio,0.0
all_no_ak,xgb_d3_400_lr003_mcw3,5,operation_AssetTurnRatio,0.0
all_no_ak,xgb_d3_400_lr003_mcw3,5,growth_YOYEquity,0.03214923292398453
all_no_ak,xgb_d3_400_lr003_mcw3,5,growth_YOYAsset,0.0
all_no_ak,xgb_d3_400_lr003_mcw3,5,growth_YOYNI,0.010489143431186676
all_no_ak,xgb_d3_400_lr003_mcw3,5,growth_YOYEPSBasic,0.0
all_no_ak,xgb_d3_400_lr003_mcw3,5,growth_YOYPNI,0.0
all_no_ak,xgb_d3_400_lr003_mcw3,5,solvency_currentRatio,0.0
all_no_ak,xgb_d3_400_lr003_mcw3,5,solvency_quickRatio,0.0
all_no_ak,xgb_d3_400_lr003_mcw3,5,solvency_cashRatio,0.0
all_no_ak,xgb_d3_400_lr003_mcw3,5,solvency_YOYLiability,0.021183369681239128
all_no_ak,xgb_d3_400_lr003_mcw3,5,solvency_liabilityToAsset,0.0493643581867218
all_no_ak,xgb_d3_400_lr003_mcw3,5,solvency_assetToEquity,0.04535800963640213
all_no_ak,xgb_d3_400_lr003_mcw3,5,cashflow_CAToAsset,0.021445496007800102
all_no_ak,xgb_d3_400_lr003_mcw3,5,cashflow_NCAToAsset,0.0
all_no_ak,xgb_d3_400_lr003_mcw3,5,cashflow_tangibleAssetToAsset,0.0
all_no_ak,xgb_d3_400_lr003_mcw3,5,cashflow_CFOToOR,0.0
all_no_ak,xgb_d3_400_lr003_mcw3,5,cashflow_CFOToNP,0.03917311504483223
all_no_ak,xgb_d3_400_lr003_mcw3,5,cashflow_CFOToGr,0.0
all_no_ak,xgb_d3_400_lr003_mcw3,5,dupont_dupontROE,0.0
all_no_ak,xgb_d3_400_lr003_mcw3,5,dupont_dupontAssetStoEquity,0.0
all_no_ak,xgb_d3_400_lr003_mcw3,5,dupont_dupontAssetTurn,0.0
all_no_ak,xgb_d3_400_lr003_mcw3,5,dupont_dupontPnitoni,0.0
all_no_ak,xgb_d3_400_lr003_mcw3,5,dupont_dupontNitogr,0.0
all_no_ak,xgb_d3_400_lr003_mcw3,5,dupont_dupontTaxBurden,0.019674453884363174
all_no_ak,xgb_d3_400_lr003_mcw3,5,dupont_dupontIntburden,0.027648041024804115
all_no_ak,xgb_d3_400_lr003_mcw3,5,dupont_dupontEbittogr,0.0
all_no_ak,xgb_d3_400_lr003_mcw3,5,fund_days_since_effective,0.022228606045246124
all_no_ak,xgb_d3_400_lr003_mcw3,5,peTTM_rank252,0.022056272253394127
all_no_ak,xgb_d3_400_lr003_mcw3,5,pbMRQ_rank252,0.024461692199110985
all_no_ak,xgb_d3_400_lr003_mcw3,5,psTTM_rank252,0.025590214878320694
all_no_ak,xgb_d3_400_lr003_mcw3,5,pcfNcfTTM_rank252,0.020310239866375923
all_no_ak,xgb_d3_400_lr003_mcw3,5,profit_roeAvg_chg4q,0.0
all_no_ak,xgb_d3_400_lr003_mcw3,5,profit_npMargin_chg4q,0.0
all_no_ak,xgb_d3_400_lr003_mcw3,5,profit_gpMargin_chg4q,0.0
all_no_ak,xgb_d3_400_lr003_mcw3,5,profit_netProfit_chg4q,0.0
all_no_ak,xgb_d3_400_lr003_mcw3,5,profit_epsTTM_chg4q,0.0
all_no_ak,xgb_d3_400_lr003_mcw3,5,profit_totalShare_chg4q,0.0
all_no_ak,xgb_d3_400_lr003_mcw3,5,profit_liqaShare_chg4q,0.0
all_no_ak,xgb_d3_400_lr003_mcw3,5,growth_YOYEquity_chg4q,0.0
all_no_ak,xgb_d3_400_lr003_mcw3,5,growth_YOYAsset_chg4q,0.0
all_no_ak,xgb_d3_400_lr003_mcw3,5,growth_YOYNI_chg4q,0.0
all_no_ak,xgb_d3_400_lr003_mcw3,5,growth_YOYEPSBasic_chg4q,0.0
all_no_ak,xgb_d3_400_lr003_mcw3,5,growth_YOYPNI_chg4q,0.0
all_no_ak,xgb_d3_400_lr003_mcw3,5,solvency_currentRatio_chg4q,0.0
all_no_ak,xgb_d3_400_lr003_mcw3,5,solvency_quickRatio_chg4q,0.021685082465410233
all_no_ak,xgb_d3_400_lr003_mcw3,5,solvency_cashRatio_chg4q,0.0
all_no_ak,xgb_d3_400_lr003_mcw3,5,solvency_YOYLiability_chg4q,0.0
all_no_ak,xgb_d3_400_lr003_mcw3,5,solvency_liabilityToAsset_chg4q,0.0
all_no_ak,xgb_d3_400_lr003_mcw3,5,solvency_assetToEquity_chg4q,0.0
all_no_ak,xgb_d3_400_lr003_mcw3,5,cashflow_CAToAsset_chg4q,0.0
all_no_ak,xgb_d3_400_lr003_mcw3,5,cashflow_NCAToAsset_chg4q,0.0
all_no_ak,xgb_d3_400_lr003_mcw3,5,cashflow_tangibleAssetToAsset_chg4q,0.0
all_no_ak,xgb_d3_400_lr003_mcw3,5,cashflow_CFOToOR_chg4q,0.0
all_no_ak,xgb_d3_400_lr003_mcw3,5,cashflow_CFOToNP_chg4q,0.0
all_no_ak,xgb_d3_400_lr003_mcw3,5,cashflow_CFOToGr_chg4q,0.0
all_no_ak,xgb_d3_400_lr003_mcw3,5,dupont_dupontROE_chg4q,0.0
all_no_ak,xgb_d3_400_lr003_mcw3,5,dupont_dupontAssetStoEquity_chg4q,0.0
all_no_ak,xgb_d3_400_lr003_mcw3,5,dupont_dupontAssetTurn_chg4q,0.0
all_no_ak,xgb_d3_400_lr003_mcw3,5,dupont_dupontPnitoni_chg4q,0.0
all_no_ak,xgb_d3_400_lr003_mcw3,5,dupont_dupontNitogr_chg4q,0.0
all_no_ak,xgb_d3_400_lr003_mcw3,5,dupont_dupontTaxBurden_chg4q,0.0
all_no_ak,xgb_d3_400_lr003_mcw3,5,dupont_dupontIntburden_chg4q,0.0
all_no_ak,xgb_d3_400_lr003_mcw3,5,dupont_dupontEbittogr_chg4q,0.0
all_no_ak,xgb_d3_400_lr003_mcw3,6,open_asof1455,0.019756466150283813
all_no_ak,xgb_d3_400_lr003_mcw3,6,high_asof1455,0.02289779670536518
all_no_ak,xgb_d3_400_lr003_mcw3,6,low_asof1455,0.021314961835741997
all_no_ak,xgb_d3_400_lr003_mcw3,6,close_asof1455,0.019626321271061897
all_no_ak,xgb_d3_400_lr003_mcw3,6,amount_asof1455,0.02516336552798748
all_no_ak,xgb_d3_400_lr003_mcw3,6,n_intraday_bars_asof1455,0.0
all_no_ak,xgb_d3_400_lr003_mcw3,6,vwap_asof1455,0.028255067765712738
all_no_ak,xgb_d3_400_lr003_mcw3,6,close_ret1_asof,0.021797478199005127
all_no_ak,xgb_d3_400_lr003_mcw3,6,close_ret3_asof,0.018826110288500786
all_no_ak,xgb_d3_400_lr003_mcw3,6,close_ret5_asof,0.02078992873430252
all_no_ak,xgb_d3_400_lr003_mcw3,6,close_ret20_asof,0.021473919972777367
all_no_ak,xgb_d3_400_lr003_mcw3,6,close_ret60_asof,0.022389955818653107
all_no_ak,xgb_d3_400_lr003_mcw3,6,close_ma20_gap_asof,0.02884235791862011
all_no_ak,xgb_d3_400_lr003_mcw3,6,close_ma60_gap_asof,0.021571677178144455
all_no_ak,xgb_d3_400_lr003_mcw3,6,close_z20_asof,0.021788017824292183
all_no_ak,xgb_d3_400_lr003_mcw3,6,close_z60_asof,0.02584047056734562
all_no_ak,xgb_d3_400_lr003_mcw3,6,volume_asof1455,0.025036245584487915
all_no_ak,xgb_d3_400_lr003_mcw3,6,peTTM,0.02204406075179577
all_no_ak,xgb_d3_400_lr003_mcw3,6,pbMRQ,0.026088261976838112
all_no_ak,xgb_d3_400_lr003_mcw3,6,psTTM,0.02228226698935032
all_no_ak,xgb_d3_400_lr003_mcw3,6,pcfNcfTTM,0.023886892944574356
all_no_ak,xgb_d3_400_lr003_mcw3,6,profit_roeAvg,0.0
all_no_ak,xgb_d3_400_lr003_mcw3,6,profit_npMargin,0.0
all_no_ak,xgb_d3_400_lr003_mcw3,6,profit_gpMargin,0.029705984517931938
all_no_ak,xgb_d3_400_lr003_mcw3,6,profit_netProfit,0.0
all_no_ak,xgb_d3_400_lr003_mcw3,6,profit_epsTTM,0.0
all_no_ak,xgb_d3_400_lr003_mcw3,6,profit_totalShare,0.0
all_no_ak,xgb_d3_400_lr003_mcw3,6,profit_liqaShare,0.0
all_no_ak,xgb_d3_400_lr003_mcw3,6,operation_NRTurnRatio,0.02674875780940056
all_no_ak,xgb_d3_400_lr003_mcw3,6,operation_NRTurnDays,0.0
all_no_ak,xgb_d3_400_lr003_mcw3,6,operation_INVTurnRatio,0.023570172488689423
all_no_ak,xgb_d3_400_lr003_mcw3,6,operation_INVTurnDays,0.027147110551595688
all_no_ak,xgb_d3_400_lr003_mcw3,6,operation_CATurnRatio,0.0
all_no_ak,xgb_d3_400_lr003_mcw3,6,operation_AssetTurnRatio,0.0
all_no_ak,xgb_d3_400_lr003_mcw3,6,growth_YOYEquity,0.0
all_no_ak,xgb_d3_400_lr003_mcw3,6,growth_YOYAsset,0.05769682675600052
all_no_ak,xgb_d3_400_lr003_mcw3,6,growth_YOYNI,0.02556794323027134
all_no_ak,xgb_d3_400_lr003_mcw3,6,growth_YOYEPSBasic,0.0
all_no_ak,xgb_d3_400_lr003_mcw3,6,growth_YOYPNI,0.0
all_no_ak,xgb_d3_400_lr003_mcw3,6,solvency_currentRatio,0.0
all_no_ak,xgb_d3_400_lr003_mcw3,6,solvency_quickRatio,0.0
all_no_ak,xgb_d3_400_lr003_mcw3,6,solvency_cashRatio,0.0
all_no_ak,xgb_d3_400_lr003_mcw3,6,solvency_YOYLiability,0.01411557849496603
all_no_ak,xgb_d3_400_lr003_mcw3,6,solvency_liabilityToAsset,0.018786802887916565
all_no_ak,xgb_d3_400_lr003_mcw3,6,solvency_assetToEquity,0.0
all_no_ak,xgb_d3_400_lr003_mcw3,6,cashflow_CAToAsset,0.015702491626143456
all_no_ak,xgb_d3_400_lr003_mcw3,6,cashflow_NCAToAsset,0.022630322724580765
all_no_ak,xgb_d3_400_lr003_mcw3,6,cashflow_tangibleAssetToAsset,0.0
all_no_ak,xgb_d3_400_lr003_mcw3,6,cashflow_CFOToOR,0.0233913566917181
all_no_ak,xgb_d3_400_lr003_mcw3,6,cashflow_CFOToNP,0.03440000116825104
all_no_ak,xgb_d3_400_lr003_mcw3,6,cashflow_CFOToGr,0.01649472303688526
all_no_ak,xgb_d3_400_lr003_mcw3,6,dupont_dupontROE,0.034094858914613724
all_no_ak,xgb_d3_400_lr003_mcw3,6,dupont_dupontAssetStoEquity,0.0
all_no_ak,xgb_d3_400_lr003_mcw3,6,dupont_dupontAssetTurn,0.0
all_no_ak,xgb_d3_400_lr003_mcw3,6,dupont_dupontPnitoni,0.0
all_no_ak,xgb_d3_400_lr003_mcw3,6,dupont_dupontNitogr,0.0
all_no_ak,xgb_d3_400_lr003_mcw3,6,dupont_dupontTaxBurden,0.029433153569698334
all_no_ak,xgb_d3_400_lr003_mcw3,6,dupont_dupontIntburden,0.020541910082101822
all_no_ak,xgb_d3_400_lr003_mcw3,6,dupont_dupontEbittogr,0.0
all_no_ak,xgb_d3_400_lr003_mcw3,6,fund_days_since_effective,0.02144172601401806
all_no_ak,xgb_d3_400_lr003_mcw3,6,peTTM_rank252,0.026081373915076256
all_no_ak,xgb_d3_400_lr003_mcw3,6,pbMRQ_rank252,0.023777691647410393
all_no_ak,xgb_d3_400_lr003_mcw3,6,psTTM_rank252,0.026793580502271652
all_no_ak,xgb_d3_400_lr003_mcw3,6,pcfNcfTTM_rank252,0.02220599725842476
all_no_ak,xgb_d3_400_lr003_mcw3,6,profit_roeAvg_chg4q,0.0
all_no_ak,xgb_d3_400_lr003_mcw3,6,profit_npMargin_chg4q,0.0
all_no_ak,xgb_d3_400_lr003_mcw3,6,profit_gpMargin_chg4q,0.0
all_no_ak,xgb_d3_400_lr003_mcw3,6,profit_netProfit_chg4q,0.0
all_no_ak,xgb_d3_400_lr003_mcw3,6,profit_epsTTM_chg4q,0.0
all_no_ak,xgb_d3_400_lr003_mcw3,6,profit_totalShare_chg4q,0.0
all_no_ak,xgb_d3_400_lr003_mcw3,6,profit_liqaShare_chg4q,0.0
all_no_ak,xgb_d3_400_lr003_mcw3,6,growth_YOYEquity_chg4q,0.0
all_no_ak,xgb_d3_400_lr003_mcw3,6,growth_YOYAsset_chg4q,0.0
all_no_ak,xgb_d3_400_lr003_mcw3,6,growth_YOYNI_chg4q,0.0
all_no_ak,xgb_d3_400_lr003_mcw3,6,growth_YOYEPSBasic_chg4q,0.0
all_no_ak,xgb_d3_400_lr003_mcw3,6,growth_YOYPNI_chg4q,0.0
all_no_ak,xgb_d3_400_lr003_mcw3,6,solvency_currentRatio_chg4q,0.0
all_no_ak,xgb_d3_400_lr003_mcw3,6,solvency_quickRatio_chg4q,0.0
all_no_ak,xgb_d3_400_lr003_mcw3,6,solvency_cashRatio_chg4q,0.0
all_no_ak,xgb_d3_400_lr003_mcw3,6,solvency_YOYLiability_chg4q,0.0
all_no_ak,xgb_d3_400_lr003_mcw3,6,solvency_liabilityToAsset_chg4q,0.0
all_no_ak,xgb_d3_400_lr003_mcw3,6,solvency_assetToEquity_chg4q,0.0
all_no_ak,xgb_d3_400_lr003_mcw3,6,cashflow_CAToAsset_chg4q,0.0
all_no_ak,xgb_d3_400_lr003_mcw3,6,cashflow_NCAToAsset_chg4q,0.0
all_no_ak,xgb_d3_400_lr003_mcw3,6,cashflow_tangibleAssetToAsset_chg4q,0.0
all_no_ak,xgb_d3_400_lr003_mcw3,6,cashflow_CFOToOR_chg4q,0.0
all_no_ak,xgb_d3_400_lr003_mcw3,6,cashflow_CFOToNP_chg4q,0.0
all_no_ak,xgb_d3_400_lr003_mcw3,6,cashflow_CFOToGr_chg4q,0.0
all_no_ak,xgb_d3_400_lr003_mcw3,6,dupont_dupontROE_chg4q,0.0
all_no_ak,xgb_d3_400_lr003_mcw3,6,dupont_dupontAssetStoEquity_chg4q,0.0
all_no_ak,xgb_d3_400_lr003_mcw3,6,dupont_dupontAssetTurn_chg4q,0.0
all_no_ak,xgb_d3_400_lr003_mcw3,6,dupont_dupontPnitoni_chg4q,0.0
all_no_ak,xgb_d3_400_lr003_mcw3,6,dupont_dupontNitogr_chg4q,0.0
all_no_ak,xgb_d3_400_lr003_mcw3,6,dupont_dupontTaxBurden_chg4q,0.0
all_no_ak,xgb_d3_400_lr003_mcw3,6,dupont_dupontIntburden_chg4q,0.0
all_no_ak,xgb_d3_400_lr003_mcw3,6,dupont_dupontEbittogr_chg4q,0.0
all_no_ak,xgb_d3_400_lr003_mcw3,7,open_asof1455,0.020210497081279755
all_no_ak,xgb_d3_400_lr003_mcw3,7,high_asof1455,0.021103020757436752
all_no_ak,xgb_d3_400_lr003_mcw3,7,low_asof1455,0.020549068227410316
all_no_ak,xgb_d3_400_lr003_mcw3,7,close_asof1455,0.019538216292858124
all_no_ak,xgb_d3_400_lr003_mcw3,7,amount_asof1455,0.02474430948495865
all_no_ak,xgb_d3_400_lr003_mcw3,7,n_intraday_bars_asof1455,0.0
all_no_ak,xgb_d3_400_lr003_mcw3,7,vwap_asof1455,0.029426762834191322
all_no_ak,xgb_d3_400_lr003_mcw3,7,close_ret1_asof,0.023262228816747665
all_no_ak,xgb_d3_400_lr003_mcw3,7,close_ret3_asof,0.02097044512629509
all_no_ak,xgb_d3_400_lr003_mcw3,7,close_ret5_asof,0.02326185256242752
all_no_ak,xgb_d3_400_lr003_mcw3,7,close_ret20_asof,0.021623922511935234
all_no_ak,xgb_d3_400_lr003_mcw3,7,close_ret60_asof,0.02328447997570038
all_no_ak,xgb_d3_400_lr003_mcw3,7,close_ma20_gap_asof,0.03198597580194473
all_no_ak,xgb_d3_400_lr003_mcw3,7,close_ma60_gap_asof,0.025873996317386627
all_no_ak,xgb_d3_400_lr003_mcw3,7,close_z20_asof,0.022819139063358307
all_no_ak,xgb_d3_400_lr003_mcw3,7,close_z60_asof,0.024451585486531258
all_no_ak,xgb_d3_400_lr003_mcw3,7,volume_asof1455,0.027707023546099663
all_no_ak,xgb_d3_400_lr003_mcw3,7,peTTM,0.02337479591369629
all_no_ak,xgb_d3_400_lr003_mcw3,7,pbMRQ,0.024327434599399567
all_no_ak,xgb_d3_400_lr003_mcw3,7,psTTM,0.021825579926371574
all_no_ak,xgb_d3_400_lr003_mcw3,7,pcfNcfTTM,0.023970311507582664
all_no_ak,xgb_d3_400_lr003_mcw3,7,profit_roeAvg,0.027094967663288116
all_no_ak,xgb_d3_400_lr003_mcw3,7,profit_npMargin,0.0
all_no_ak,xgb_d3_400_lr003_mcw3,7,profit_gpMargin,0.0
all_no_ak,xgb_d3_400_lr003_mcw3,7,profit_netProfit,0.0
all_no_ak,xgb_d3_400_lr003_mcw3,7,profit_epsTTM,0.0197724811732769
all_no_ak,xgb_d3_400_lr003_mcw3,7,profit_totalShare,0.0
all_no_ak,xgb_d3_400_lr003_mcw3,7,profit_liqaShare,0.0
all_no_ak,xgb_d3_400_lr003_mcw3,7,operation_NRTurnRatio,0.027031883597373962
all_no_ak,xgb_d3_400_lr003_mcw3,7,operation_NRTurnDays,0.0
all_no_ak,xgb_d3_400_lr003_mcw3,7,operation_INVTurnRatio,0.021407097578048706
all_no_ak,xgb_d3_400_lr003_mcw3,7,operation_INVTurnDays,0.019387714564800262
all_no_ak,xgb_d3_400_lr003_mcw3,7,operation_CATurnRatio,0.0
all_no_ak,xgb_d3_400_lr003_mcw3,7,operation_AssetTurnRatio,0.0
all_no_ak,xgb_d3_400_lr003_mcw3,7,growth_YOYEquity,0.021564751863479614
all_no_ak,xgb_d3_400_lr003_mcw3,7,growth_YOYAsset,0.0
all_no_ak,xgb_d3_400_lr003_mcw3,7,growth_YOYNI,0.010700535029172897
all_no_ak,xgb_d3_400_lr003_mcw3,7,growth_YOYEPSBasic,0.012486274354159832
all_no_ak,xgb_d3_400_lr003_mcw3,7,growth_YOYPNI,0.0
all_no_ak,xgb_d3_400_lr003_mcw3,7,solvency_currentRatio,0.0
all_no_ak,xgb_d3_400_lr003_mcw3,7,solvency_quickRatio,0.019964411854743958
all_no_ak,xgb_d3_400_lr003_mcw3,7,solvency_cashRatio,0.0
all_no_ak,xgb_d3_400_lr003_mcw3,7,solvency_YOYLiability,0.018177064135670662
all_no_ak,xgb_d3_400_lr003_mcw3,7,solvency_liabilityToAsset,0.03784601390361786
all_no_ak,xgb_d3_400_lr003_mcw3,7,solvency_assetToEquity,0.06664111465215683
all_no_ak,xgb_d3_400_lr003_mcw3,7,cashflow_CAToAsset,0.017350953072309494
all_no_ak,xgb_d3_400_lr003_mcw3,7,cashflow_NCAToAsset,0.0
all_no_ak,xgb_d3_400_lr003_mcw3,7,cashflow_tangibleAssetToAsset,0.0
all_no_ak,xgb_d3_400_lr003_mcw3,7,cashflow_CFOToOR,0.03126463666558266
all_no_ak,xgb_d3_400_lr003_mcw3,7,cashflow_CFOToNP,0.026655172929167747
all_no_ak,xgb_d3_400_lr003_mcw3,7,cashflow_CFOToGr,0.0
all_no_ak,xgb_d3_400_lr003_mcw3,7,dupont_dupontROE,0.0
all_no_ak,xgb_d3_400_lr003_mcw3,7,dupont_dupontAssetStoEquity,0.0
all_no_ak,xgb_d3_400_lr003_mcw3,7,dupont_dupontAssetTurn,0.0
all_no_ak,xgb_d3_400_lr003_mcw3,7,dupont_dupontPnitoni,0.015518611297011375
all_no_ak,xgb_d3_400_lr003_mcw3,7,dupont_dupontNitogr,0.0
all_no_ak,xgb_d3_400_lr003_mcw3,7,dupont_dupontTaxBurden,0.017367392778396606
all_no_ak,xgb_d3_400_lr003_mcw3,7,dupont_dupontIntburden,0.0
all_no_ak,xgb_d3_400_lr003_mcw3,7,dupont_dupontEbittogr,0.0
all_no_ak,xgb_d3_400_lr003_mcw3,7,fund_days_since_effective,0.02298187091946602
all_no_ak,xgb_d3_400_lr003_mcw3,7,peTTM_rank252,0.021816376596689224
all_no_ak,xgb_d3_400_lr003_mcw3,7,pbMRQ_rank252,0.022016936913132668
all_no_ak,xgb_d3_400_lr003_mcw3,7,psTTM_rank252,0.03041093796491623
all_no_ak,xgb_d3_400_lr003_mcw3,7,pcfNcfTTM_rank252,0.018232176080346107
all_no_ak,xgb_d3_400_lr003_mcw3,7,profit_roeAvg_chg4q,0.0
all_no_ak,xgb_d3_400_lr003_mcw3,7,profit_npMargin_chg4q,0.0
all_no_ak,xgb_d3_400_lr003_mcw3,7,profit_gpMargin_chg4q,0.0
all_no_ak,xgb_d3_400_lr003_mcw3,7,profit_netProfit_chg4q,0.0
all_no_ak,xgb_d3_400_lr003_mcw3,7,profit_epsTTM_chg4q,0.0
all_no_ak,xgb_d3_400_lr003_mcw3,7,profit_totalShare_chg4q,0.0
all_no_ak,xgb_d3_400_lr003_mcw3,7,profit_liqaShare_chg4q,0.0
all_no_ak,xgb_d3_400_lr003_mcw3,7,growth_YOYEquity_chg4q,0.0
all_no_ak,xgb_d3_400_lr003_mcw3,7,growth_YOYAsset_chg4q,0.0
all_no_ak,xgb_d3_400_lr003_mcw3,7,growth_YOYNI_chg4q,0.0
all_no_ak,xgb_d3_400_lr003_mcw3,7,growth_YOYEPSBasic_chg4q,0.0
all_no_ak,xgb_d3_400_lr003_mcw3,7,growth_YOYPNI_chg4q,0.0
all_no_ak,xgb_d3_400_lr003_mcw3,7,solvency_currentRatio_chg4q,0.0
all_no_ak,xgb_d3_400_lr003_mcw3,7,solvency_quickRatio_chg4q,0.0
all_no_ak,xgb_d3_400_lr003_mcw3,7,solvency_cashRatio_chg4q,0.0
all_no_ak,xgb_d3_400_lr003_mcw3,7,solvency_YOYLiability_chg4q,0.0
all_no_ak,xgb_d3_400_lr003_mcw3,7,solvency_liabilityToAsset_chg4q,0.0
all_no_ak,xgb_d3_400_lr003_mcw3,7,solvency_assetToEquity_chg4q,0.0
all_no_ak,xgb_d3_400_lr003_mcw3,7,cashflow_CAToAsset_chg4q,0.0
all_no_ak,xgb_d3_400_lr003_mcw3,7,cashflow_NCAToAsset_chg4q,0.0
all_no_ak,xgb_d3_400_lr003_mcw3,7,cashflow_tangibleAssetToAsset_chg4q,0.0
all_no_ak,xgb_d3_400_lr003_mcw3,7,cashflow_CFOToOR_chg4q,0.0
all_no_ak,xgb_d3_400_lr003_mcw3,7,cashflow_CFOToNP_chg4q,0.0
all_no_ak,xgb_d3_400_lr003_mcw3,7,cashflow_CFOToGr_chg4q,0.0
all_no_ak,xgb_d3_400_lr003_mcw3,7,dupont_dupontROE_chg4q,0.0
all_no_ak,xgb_d3_400_lr003_mcw3,7,dupont_dupontAssetStoEquity_chg4q,0.0
all_no_ak,xgb_d3_400_lr003_mcw3,7,dupont_dupontAssetTurn_chg4q,0.0
all_no_ak,xgb_d3_400_lr003_mcw3,7,dupont_dupontPnitoni_chg4q,0.0
all_no_ak,xgb_d3_400_lr003_mcw3,7,dupont_dupontNitogr_chg4q,0.0
all_no_ak,xgb_d3_400_lr003_mcw3,7,dupont_dupontTaxBurden_chg4q,0.0
all_no_ak,xgb_d3_400_lr003_mcw3,7,dupont_dupontIntburden_chg4q,0.0
all_no_ak,xgb_d3_400_lr003_mcw3,7,dupont_dupontEbittogr_chg4q,0.0
all_no_ak,xgb_d3_400_lr003_mcw3,8,open_asof1455,0.023186085745692253
all_no_ak,xgb_d3_400_lr003_mcw3,8,high_asof1455,0.021190157160162926
all_no_ak,xgb_d3_400_lr003_mcw3,8,low_asof1455,0.018647881224751472
all_no_ak,xgb_d3_400_lr003_mcw3,8,close_asof1455,0.025409406051039696
all_no_ak,xgb_d3_400_lr003_mcw3,8,amount_asof1455,0.02334337867796421
all_no_ak,xgb_d3_400_lr003_mcw3,8,n_intraday_bars_asof1455,0.0
all_no_ak,xgb_d3_400_lr003_mcw3,8,vwap_asof1455,0.02700667269527912
all_no_ak,xgb_d3_400_lr003_mcw3,8,close_ret1_asof,0.02448105439543724
all_no_ak,xgb_d3_400_lr003_mcw3,8,close_ret3_asof,0.021823257207870483
all_no_ak,xgb_d3_400_lr003_mcw3,8,close_ret5_asof,0.022171569988131523
all_no_ak,xgb_d3_400_lr003_mcw3,8,close_ret20_asof,0.02260005474090576
all_no_ak,xgb_d3_400_lr003_mcw3,8,close_ret60_asof,0.023836392909288406
all_no_ak,xgb_d3_400_lr003_mcw3,8,close_ma20_gap_asof,0.026937516406178474
all_no_ak,xgb_d3_400_lr003_mcw3,8,close_ma60_gap_asof,0.026840312406420708
all_no_ak,xgb_d3_400_lr003_mcw3,8,close_z20_asof,0.020448049530386925
all_no_ak,xgb_d3_400_lr003_mcw3,8,close_z60_asof,0.024797024205327034
all_no_ak,xgb_d3_400_lr003_mcw3,8,volume_asof1455,0.02688387595117092
all_no_ak,xgb_d3_400_lr003_mcw3,8,peTTM,0.023326804861426353
all_no_ak,xgb_d3_400_lr003_mcw3,8,pbMRQ,0.026618685573339462
all_no_ak,xgb_d3_400_lr003_mcw3,8,psTTM,0.02252933569252491
all_no_ak,xgb_d3_400_lr003_mcw3,8,pcfNcfTTM,0.018356315791606903
all_no_ak,xgb_d3_400_lr003_mcw3,8,profit_roeAvg,0.03303873538970947
all_no_ak,xgb_d3_400_lr003_mcw3,8,profit_npMargin,0.0
all_no_ak,xgb_d3_400_lr003_mcw3,8,profit_gpMargin,0.010686495341360569
all_no_ak,xgb_d3_400_lr003_mcw3,8,profit_netProfit,0.038494814187288284
all_no_ak,xgb_d3_400_lr003_mcw3,8,profit_epsTTM,0.015266599133610725
all_no_ak,xgb_d3_400_lr003_mcw3,8,profit_totalShare,0.0
all_no_ak,xgb_d3_400_lr003_mcw3,8,profit_liqaShare,0.0
all_no_ak,xgb_d3_400_lr003_mcw3,8,operation_NRTurnRatio,0.030267147347331047
all_no_ak,xgb_d3_400_lr003_mcw3,8,operation_NRTurnDays,0.0
all_no_ak,xgb_d3_400_lr003_mcw3,8,operation_INVTurnRatio,0.01903599500656128
all_no_ak,xgb_d3_400_lr003_mcw3,8,operation_INVTurnDays,0.017065688967704773
all_no_ak,xgb_d3_400_lr003_mcw3,8,operation_CATurnRatio,0.0
all_no_ak,xgb_d3_400_lr003_mcw3,8,operation_AssetTurnRatio,0.014464420266449451
all_no_ak,xgb_d3_400_lr003_mcw3,8,growth_YOYEquity,0.0
all_no_ak,xgb_d3_400_lr003_mcw3,8,growth_YOYAsset,0.0
all_no_ak,xgb_d3_400_lr003_mcw3,8,growth_YOYNI,0.019297102466225624
all_no_ak,xgb_d3_400_lr003_mcw3,8,growth_YOYEPSBasic,0.02621486596763134
all_no_ak,xgb_d3_400_lr003_mcw3,8,growth_YOYPNI,0.0
all_no_ak,xgb_d3_400_lr003_mcw3,8,solvency_currentRatio,0.01799130067229271
all_no_ak,xgb_d3_400_lr003_mcw3,8,solvency_quickRatio,0.0
all_no_ak,xgb_d3_400_lr003_mcw3,8,solvency_cashRatio,0.0
all_no_ak,xgb_d3_400_lr003_mcw3,8,solvency_YOYLiability,0.015655657276511192
all_no_ak,xgb_d3_400_lr003_mcw3,8,solvency_liabilityToAsset,0.017309589311480522
all_no_ak,xgb_d3_400_lr003_mcw3,8,solvency_assetToEquity,0.020947173237800598
all_no_ak,xgb_d3_400_lr003_mcw3,8,cashflow_CAToAsset,0.018595144152641296
all_no_ak,xgb_d3_400_lr003_mcw3,8,cashflow_NCAToAsset,0.0
all_no_ak,xgb_d3_400_lr003_mcw3,8,cashflow_tangibleAssetToAsset,0.022743122652173042
all_no_ak,xgb_d3_400_lr003_mcw3,8,cashflow_CFOToOR,0.03324821963906288
all_no_ak,xgb_d3_400_lr003_mcw3,8,cashflow_CFOToNP,0.0
all_no_ak,xgb_d3_400_lr003_mcw3,8,cashflow_CFOToGr,0.0
all_no_ak,xgb_d3_400_lr003_mcw3,8,dupont_dupontROE,0.0
all_no_ak,xgb_d3_400_lr003_mcw3,8,dupont_dupontAssetStoEquity,0.0
all_no_ak,xgb_d3_400_lr003_mcw3,8,dupont_dupontAssetTurn,0.0
all_no_ak,xgb_d3_400_lr003_mcw3,8,dupont_dupontPnitoni,0.0
all_no_ak,xgb_d3_400_lr003_mcw3,8,dupont_dupontNitogr,0.0
all_no_ak,xgb_d3_400_lr003_mcw3,8,dupont_dupontTaxBurden,0.025912389159202576
all_no_ak,xgb_d3_400_lr003_mcw3,8,dupont_dupontIntburden,0.0
all_no_ak,xgb_d3_400_lr003_mcw3,8,dupont_dupontEbittogr,0.0
all_no_ak,xgb_d3_400_lr003_mcw3,8,fund_days_since_effective,0.019608328118920326
all_no_ak,xgb_d3_400_lr003_mcw3,8,peTTM_rank252,0.02071978710591793
all_no_ak,xgb_d3_400_lr003_mcw3,8,pbMRQ_rank252,0.027269437909126282
all_no_ak,xgb_d3_400_lr003_mcw3,8,psTTM_rank252,0.03256899490952492
all_no_ak,xgb_d3_400_lr003_mcw3,8,pcfNcfTTM_rank252,0.020359143614768982
all_no_ak,xgb_d3_400_lr003_mcw3,8,profit_roeAvg_chg4q,0.0
all_no_ak,xgb_d3_400_lr003_mcw3,8,profit_npMargin_chg4q,0.0
all_no_ak,xgb_d3_400_lr003_mcw3,8,profit_gpMargin_chg4q,0.0
all_no_ak,xgb_d3_400_lr003_mcw3,8,profit_netProfit_chg4q,0.0
all_no_ak,xgb_d3_400_lr003_mcw3,8,profit_epsTTM_chg4q,0.012806050479412079
all_no_ak,xgb_d3_400_lr003_mcw3,8,profit_totalShare_chg4q,0.0
all_no_ak,xgb_d3_400_lr003_mcw3,8,profit_liqaShare_chg4q,0.0
all_no_ak,xgb_d3_400_lr003_mcw3,8,growth_YOYEquity_chg4q,0.0
all_no_ak,xgb_d3_400_lr003_mcw3,8,growth_YOYAsset_chg4q,0.0
all_no_ak,xgb_d3_400_lr003_mcw3,8,growth_YOYNI_chg4q,0.0
all_no_ak,xgb_d3_400_lr003_mcw3,8,growth_YOYEPSBasic_chg4q,0.0
all_no_ak,xgb_d3_400_lr003_mcw3,8,growth_YOYPNI_chg4q,0.0
all_no_ak,xgb_d3_400_lr003_mcw3,8,solvency_currentRatio_chg4q,0.0
all_no_ak,xgb_d3_400_lr003_mcw3,8,solvency_quickRatio_chg4q,0.0
all_no_ak,xgb_d3_400_lr003_mcw3,8,solvency_cashRatio_chg4q,0.0
all_no_ak,xgb_d3_400_lr003_mcw3,8,solvency_YOYLiability_chg4q,0.0
all_no_ak,xgb_d3_400_lr003_mcw3,8,solvency_liabilityToAsset_chg4q,0.0
all_no_ak,xgb_d3_400_lr003_mcw3,8,solvency_assetToEquity_chg4q,0.0
all_no_ak,xgb_d3_400_lr003_mcw3,8,cashflow_CAToAsset_chg4q,0.0
all_no_ak,xgb_d3_400_lr003_mcw3,8,cashflow_NCAToAsset_chg4q,0.0
all_no_ak,xgb_d3_400_lr003_mcw3,8,cashflow_tangibleAssetToAsset_chg4q,0.0
all_no_ak,xgb_d3_400_lr003_mcw3,8,cashflow_CFOToOR_chg4q,0.0
all_no_ak,xgb_d3_400_lr003_mcw3,8,cashflow_CFOToNP_chg4q,0.0
all_no_ak,xgb_d3_400_lr003_mcw3,8,cashflow_CFOToGr_chg4q,0.0
all_no_ak,xgb_d3_400_lr003_mcw3,8,dupont_dupontROE_chg4q,0.0
all_no_ak,xgb_d3_400_lr003_mcw3,8,dupont_dupontAssetStoEquity_chg4q,0.0
all_no_ak,xgb_d3_400_lr003_mcw3,8,dupont_dupontAssetTurn_chg4q,0.0
all_no_ak,xgb_d3_400_lr003_mcw3,8,dupont_dupontPnitoni_chg4q,0.0
all_no_ak,xgb_d3_400_lr003_mcw3,8,dupont_dupontNitogr_chg4q,0.0
all_no_ak,xgb_d3_400_lr003_mcw3,8,dupont_dupontTaxBurden_chg4q,0.0
all_no_ak,xgb_d3_400_lr003_mcw3,8,dupont_dupontIntburden_chg4q,0.0
all_no_ak,xgb_d3_400_lr003_mcw3,8,dupont_dupontEbittogr_chg4q,0.0
all_no_ak,xgb_d3_400_lr003_mcw3,9,open_asof1455,0.019859787076711655
all_no_ak,xgb_d3_400_lr003_mcw3,9,high_asof1455,0.020676692947745323
all_no_ak,xgb_d3_400_lr003_mcw3,9,low_asof1455,0.019933141767978668
all_no_ak,xgb_d3_400_lr003_mcw3,9,close_asof1455,0.02321973629295826
all_no_ak,xgb_d3_400_lr003_mcw3,9,amount_asof1455,0.02298634685575962
all_no_ak,xgb_d3_400_lr003_mcw3,9,n_intraday_bars_asof1455,0.0
all_no_ak,xgb_d3_400_lr003_mcw3,9,vwap_asof1455,0.02202167920768261
all_no_ak,xgb_d3_400_lr003_mcw3,9,close_ret1_asof,0.023076729848980904
all_no_ak,xgb_d3_400_lr003_mcw3,9,close_ret3_asof,0.021656081080436707
all_no_ak,xgb_d3_400_lr003_mcw3,9,close_ret5_asof,0.022760465741157532
all_no_ak,xgb_d3_400_lr003_mcw3,9,close_ret20_asof,0.022660495713353157
all_no_ak,xgb_d3_400_lr003_mcw3,9,close_ret60_asof,0.02304321713745594
all_no_ak,xgb_d3_400_lr003_mcw3,9,close_ma20_gap_asof,0.027071582153439522
all_no_ak,xgb_d3_400_lr003_mcw3,9,close_ma60_gap_asof,0.024154888466000557
all_no_ak,xgb_d3_400_lr003_mcw3,9,close_z20_asof,0.021054217591881752
all_no_ak,xgb_d3_400_lr003_mcw3,9,close_z60_asof,0.02681172825396061
all_no_ak,xgb_d3_400_lr003_mcw3,9,volume_asof1455,0.02439182996749878
all_no_ak,xgb_d3_400_lr003_mcw3,9,peTTM,0.02574416622519493
all_no_ak,xgb_d3_400_lr003_mcw3,9,pbMRQ,0.025258421897888184
all_no_ak,xgb_d3_400_lr003_mcw3,9,psTTM,0.02294749766588211
all_no_ak,xgb_d3_400_lr003_mcw3,9,pcfNcfTTM,0.024409007281064987
all_no_ak,xgb_d3_400_lr003_mcw3,9,profit_roeAvg,0.024384083226323128
all_no_ak,xgb_d3_400_lr003_mcw3,9,profit_npMargin,0.0187248382717371
all_no_ak,xgb_d3_400_lr003_mcw3,9,profit_gpMargin,0.011266405694186687
all_no_ak,xgb_d3_400_lr003_mcw3,9,profit_netProfit,0.0
all_no_ak,xgb_d3_400_lr003_mcw3,9,profit_epsTTM,0.0
all_no_ak,xgb_d3_400_lr003_mcw3,9,profit_totalShare,0.0
all_no_ak,xgb_d3_400_lr003_mcw3,9,profit_liqaShare,0.0
all_no_ak,xgb_d3_400_lr003_mcw3,9,operation_NRTurnRatio,0.0268310084939003
all_no_ak,xgb_d3_400_lr003_mcw3,9,operation_NRTurnDays,0.006727773696184158
all_no_ak,xgb_d3_400_lr003_mcw3,9,operation_INVTurnRatio,0.01575530879199505
all_no_ak,xgb_d3_400_lr003_mcw3,9,operation_INVTurnDays,0.027483906596899033
all_no_ak,xgb_d3_400_lr003_mcw3,9,operation_CATurnRatio,0.013331881724298
all_no_ak,xgb_d3_400_lr003_mcw3,9,operation_AssetTurnRatio,0.0026571527123451233
all_no_ak,xgb_d3_400_lr003_mcw3,9,growth_YOYEquity,0.03289666399359703
all_no_ak,xgb_d3_400_lr003_mcw3,9,growth_YOYAsset,0.0
all_no_ak,xgb_d3_400_lr003_mcw3,9,growth_YOYNI,0.02444762922823429
all_no_ak,xgb_d3_400_lr003_mcw3,9,growth_YOYEPSBasic,0.017353655770421028
all_no_ak,xgb_d3_400_lr003_mcw3,9,growth_YOYPNI,0.0
all_no_ak,xgb_d3_400_lr003_mcw3,9,solvency_currentRatio,0.021122779697179794
all_no_ak,xgb_d3_400_lr003_mcw3,9,solvency_quickRatio,0.0
all_no_ak,xgb_d3_400_lr003_mcw3,9,solvency_cashRatio,0.0
all_no_ak,xgb_d3_400_lr003_mcw3,9,solvency_YOYLiability,0.021484484896063805
all_no_ak,xgb_d3_400_lr003_mcw3,9,solvency_liabilityToAsset,0.016120007261633873
all_no_ak,xgb_d3_400_lr003_mcw3,9,solvency_assetToEquity,0.02221830002963543
all_no_ak,xgb_d3_400_lr003_mcw3,9,cashflow_CAToAsset,0.0
all_no_ak,xgb_d3_400_lr003_mcw3,9,cashflow_NCAToAsset,0.0
all_no_ak,xgb_d3_400_lr003_mcw3,9,cashflow_tangibleAssetToAsset,0.02528391033411026
all_no_ak,xgb_d3_400_lr003_mcw3,9,cashflow_CFOToOR,0.0361144058406353
all_no_ak,xgb_d3_400_lr003_mcw3,9,cashflow_CFOToNP,0.0
all_no_ak,xgb_d3_400_lr003_mcw3,9,cashflow_CFOToGr,0.0
all_no_ak,xgb_d3_400_lr003_mcw3,9,dupont_dupontROE,0.0
all_no_ak,xgb_d3_400_lr003_mcw3,9,dupont_dupontAssetStoEquity,0.008366101421415806
all_no_ak,xgb_d3_400_lr003_mcw3,9,dupont_dupontAssetTurn,0.0
all_no_ak,xgb_d3_400_lr003_mcw3,9,dupont_dupontPnitoni,0.0
all_no_ak,xgb_d3_400_lr003_mcw3,9,dupont_dupontNitogr,0.0
all_no_ak,xgb_d3_400_lr003_mcw3,9,dupont_dupontTaxBurden,0.025524955242872238
all_no_ak,xgb_d3_400_lr003_mcw3,9,dupont_dupontIntburden,0.01685982570052147
all_no_ak,xgb_d3_400_lr003_mcw3,9,dupont_dupontEbittogr,0.0
all_no_ak,xgb_d3_400_lr003_mcw3,9,fund_days_since_effective,0.022943289950489998
all_no_ak,xgb_d3_400_lr003_mcw3,9,peTTM_rank252,0.020753612741827965
all_no_ak,xgb_d3_400_lr003_mcw3,9,pbMRQ_rank252,0.028175830841064453
all_no_ak,xgb_d3_400_lr003_mcw3,9,psTTM_rank252,0.029622983187437057
all_no_ak,xgb_d3_400_lr003_mcw3,9,pcfNcfTTM_rank252,0.019811520352959633
all_no_ak,xgb_d3_400_lr003_mcw3,9,profit_roeAvg_chg4q,0.0
all_no_ak,xgb_d3_400_lr003_mcw3,9,profit_npMargin_chg4q,0.0
all_no_ak,xgb_d3_400_lr003_mcw3,9,profit_gpMargin_chg4q,0.0
all_no_ak,xgb_d3_400_lr003_mcw3,9,profit_netProfit_chg4q,0.0
all_no_ak,xgb_d3_400_lr003_mcw3,9,profit_epsTTM_chg4q,0.0
all_no_ak,xgb_d3_400_lr003_mcw3,9,profit_totalShare_chg4q,0.0
all_no_ak,xgb_d3_400_lr003_mcw3,9,profit_liqaShare_chg4q,0.0
all_no_ak,xgb_d3_400_lr003_mcw3,9,growth_YOYEquity_chg4q,0.0
all_no_ak,xgb_d3_400_lr003_mcw3,9,growth_YOYAsset_chg4q,0.0
all_no_ak,xgb_d3_400_lr003_mcw3,9,growth_YOYNI_chg4q,0.0
all_no_ak,xgb_d3_400_lr003_mcw3,9,growth_YOYEPSBasic_chg4q,0.0
all_no_ak,xgb_d3_400_lr003_mcw3,9,growth_YOYPNI_chg4q,0.0
all_no_ak,xgb_d3_400_lr003_mcw3,9,solvency_currentRatio_chg4q,0.0
all_no_ak,xgb_d3_400_lr003_mcw3,9,solvency_quickRatio_chg4q,0.0
all_no_ak,xgb_d3_400_lr003_mcw3,9,solvency_cashRatio_chg4q,0.0
all_no_ak,xgb_d3_400_lr003_mcw3,9,solvency_YOYLiability_chg4q,0.0
all_no_ak,xgb_d3_400_lr003_mcw3,9,solvency_liabilityToAsset_chg4q,0.0
all_no_ak,xgb_d3_400_lr003_mcw3,9,solvency_assetToEquity_chg4q,0.0
all_no_ak,xgb_d3_400_lr003_mcw3,9,cashflow_CAToAsset_chg4q,0.0
all_no_ak,xgb_d3_400_lr003_mcw3,9,cashflow_NCAToAsset_chg4q,0.0
all_no_ak,xgb_d3_400_lr003_mcw3,9,cashflow_tangibleAssetToAsset_chg4q,0.0
all_no_ak,xgb_d3_400_lr003_mcw3,9,cashflow_CFOToOR_chg4q,0.0
all_no_ak,xgb_d3_400_lr003_mcw3,9,cashflow_CFOToNP_chg4q,0.0
all_no_ak,xgb_d3_400_lr003_mcw3,9,cashflow_CFOToGr_chg4q,0.0
all_no_ak,xgb_d3_400_lr003_mcw3,9,dupont_dupontROE_chg4q,0.0
all_no_ak,xgb_d3_400_lr003_mcw3,9,dupont_dupontAssetStoEquity_chg4q,0.0
all_no_ak,xgb_d3_400_lr003_mcw3,9,dupont_dupontAssetTurn_chg4q,0.0
all_no_ak,xgb_d3_400_lr003_mcw3,9,dupont_dupontPnitoni_chg4q,0.0
all_no_ak,xgb_d3_400_lr003_mcw3,9,dupont_dupontNitogr_chg4q,0.0
all_no_ak,xgb_d3_400_lr003_mcw3,9,dupont_dupontTaxBurden_chg4q,0.0
all_no_ak,xgb_d3_400_lr003_mcw3,9,dupont_dupontIntburden_chg4q,0.0
all_no_ak,xgb_d3_400_lr003_mcw3,9,dupont_dupontEbittogr_chg4q,0.0
all_no_ak,xgb_d3_400_lr003_mcw3,10,open_asof1455,0.021299825981259346
all_no_ak,xgb_d3_400_lr003_mcw3,10,high_asof1455,0.021304355934262276
all_no_ak,xgb_d3_400_lr003_mcw3,10,low_asof1455,0.01678735576570034
all_no_ak,xgb_d3_400_lr003_mcw3,10,close_asof1455,0.019921138882637024
all_no_ak,xgb_d3_400_lr003_mcw3,10,amount_asof1455,0.020313914865255356
all_no_ak,xgb_d3_400_lr003_mcw3,10,n_intraday_bars_asof1455,0.0
all_no_ak,xgb_d3_400_lr003_mcw3,10,vwap_asof1455,0.015629051253199577
all_no_ak,xgb_d3_400_lr003_mcw3,10,close_ret1_asof,0.02336779236793518
all_no_ak,xgb_d3_400_lr003_mcw3,10,close_ret3_asof,0.020311882719397545
all_no_ak,xgb_d3_400_lr003_mcw3,10,close_ret5_asof,0.020327167585492134
all_no_ak,xgb_d3_400_lr003_mcw3,10,close_ret20_asof,0.02130514569580555
all_no_ak,xgb_d3_400_lr003_mcw3,10,close_ret60_asof,0.021076450124382973
all_no_ak,xgb_d3_400_lr003_mcw3,10,close_ma20_gap_asof,0.025000860914587975
all_no_ak,xgb_d3_400_lr003_mcw3,10,close_ma60_gap_asof,0.02178335376083851
all_no_ak,xgb_d3_400_lr003_mcw3,10,close_z20_asof,0.020790142938494682
all_no_ak,xgb_d3_400_lr003_mcw3,10,close_z60_asof,0.024766596034169197
all_no_ak,xgb_d3_400_lr003_mcw3,10,volume_asof1455,0.023161506280303
all_no_ak,xgb_d3_400_lr003_mcw3,10,peTTM,0.023058801889419556
all_no_ak,xgb_d3_400_lr003_mcw3,10,pbMRQ,0.02333606220781803
all_no_ak,xgb_d3_400_lr003_mcw3,10,psTTM,0.025795811787247658
all_no_ak,xgb_d3_400_lr003_mcw3,10,pcfNcfTTM,0.023488830775022507
all_no_ak,xgb_d3_400_lr003_mcw3,10,profit_roeAvg,0.02825026586651802
all_no_ak,xgb_d3_400_lr003_mcw3,10,profit_npMargin,0.049166422337293625
all_no_ak,xgb_d3_400_lr003_mcw3,10,profit_gpMargin,0.03501782566308975
all_no_ak,xgb_d3_400_lr003_mcw3,10,profit_netProfit,0.0039900545962154865
all_no_ak,xgb_d3_400_lr003_mcw3,10,profit_epsTTM,0.0
all_no_ak,xgb_d3_400_lr003_mcw3,10,profit_totalShare,0.0
all_no_ak,xgb_d3_400_lr003_mcw3,10,profit_liqaShare,0.0
all_no_ak,xgb_d3_400_lr003_mcw3,10,operation_NRTurnRatio,0.019980469718575478
all_no_ak,xgb_d3_400_lr003_mcw3,10,operation_NRTurnDays,0.016015512868762016
all_no_ak,xgb_d3_400_lr003_mcw3,10,operation_INVTurnRatio,0.02245735004544258
all_no_ak,xgb_d3_400_lr003_mcw3,10,operation_INVTurnDays,0.012366254813969135
all_no_ak,xgb_d3_400_lr003_mcw3,10,operation_CATurnRatio,0.0
all_no_ak,xgb_d3_400_lr003_mcw3,10,operation_AssetTurnRatio,0.0
all_no_ak,xgb_d3_400_lr003_mcw3,10,growth_YOYEquity,0.015772394835948944
all_no_ak,xgb_d3_400_lr003_mcw3,10,growth_YOYAsset,0.0
all_no_ak,xgb_d3_400_lr003_mcw3,10,growth_YOYNI,0.010857212357223034
all_no_ak,xgb_d3_400_lr003_mcw3,10,growth_YOYEPSBasic,0.0
all_no_ak,xgb_d3_400_lr003_mcw3,10,growth_YOYPNI,0.0
all_no_ak,xgb_d3_400_lr003_mcw3,10,solvency_currentRatio,0.015854839235544205
all_no_ak,xgb_d3_400_lr003_mcw3,10,solvency_quickRatio,0.024421939626336098
all_no_ak,xgb_d3_400_lr003_mcw3,10,solvency_cashRatio,0.028622576966881752
all_no_ak,xgb_d3_400_lr003_mcw3,10,solvency_YOYLiability,0.0
all_no_ak,xgb_d3_400_lr003_mcw3,10,solvency_liabilityToAsset,0.0414675697684288
all_no_ak,xgb_d3_400_lr003_mcw3,10,solvency_assetToEquity,0.02064639702439308
all_no_ak,xgb_d3_400_lr003_mcw3,10,cashflow_CAToAsset,0.0
all_no_ak,xgb_d3_400_lr003_mcw3,10,cashflow_NCAToAsset,0.0
all_no_ak,xgb_d3_400_lr003_mcw3,10,cashflow_tangibleAssetToAsset,0.026642359793186188
all_no_ak,xgb_d3_400_lr003_mcw3,10,cashflow_CFOToOR,0.01227485854178667
all_no_ak,xgb_d3_400_lr003_mcw3,10,cashflow_CFOToNP,0.0
all_no_ak,xgb_d3_400_lr003_mcw3,10,cashflow_CFOToGr,0.0
all_no_ak,xgb_d3_400_lr003_mcw3,10,dupont_dupontROE,0.0
all_no_ak,xgb_d3_400_lr003_mcw3,10,dupont_dupontAssetStoEquity,0.016981231048703194
all_no_ak,xgb_d3_400_lr003_mcw3,10,dupont_dupontAssetTurn,0.0
all_no_ak,xgb_d3_400_lr003_mcw3,10,dupont_dupontPnitoni,0.0
all_no_ak,xgb_d3_400_lr003_mcw3,10,dupont_dupontNitogr,0.0
all_no_ak,xgb_d3_400_lr003_mcw3,10,dupont_dupontTaxBurden,0.0
all_no_ak,xgb_d3_400_lr003_mcw3,10,dupont_dupontIntburden,0.0
all_no_ak,xgb_d3_400_lr003_mcw3,10,dupont_dupontEbittogr,0.0
all_no_ak,xgb_d3_400_lr003_mcw3,10,fund_days_since_effective,0.018673110753297806
all_no_ak,xgb_d3_400_lr003_mcw3,10,peTTM_rank252,0.020134855061769485
all_no_ak,xgb_d3_400_lr003_mcw3,10,pbMRQ_rank252,0.024484921246767044
all_no_ak,xgb_d3_400_lr003_mcw3,10,psTTM_rank252,0.029524212703108788
all_no_ak,xgb_d3_400_lr003_mcw3,10,pcfNcfTTM_rank252,0.021671615540981293
all_no_ak,xgb_d3_400_lr003_mcw3,10,profit_roeAvg_chg4q,0.0
all_no_ak,xgb_d3_400_lr003_mcw3,10,profit_npMargin_chg4q,0.016703490167856216
all_no_ak,xgb_d3_400_lr003_mcw3,10,profit_gpMargin_chg4q,0.0
all_no_ak,xgb_d3_400_lr003_mcw3,10,profit_netProfit_chg4q,0.0
all_no_ak,xgb_d3_400_lr003_mcw3,10,profit_epsTTM_chg4q,0.014054480008780956
all_no_ak,xgb_d3_400_lr003_mcw3,10,profit_totalShare_chg4q,0.0
all_no_ak,xgb_d3_400_lr003_mcw3,10,profit_liqaShare_chg4q,0.0
all_no_ak,xgb_d3_400_lr003_mcw3,10,growth_YOYEquity_chg4q,0.0
all_no_ak,xgb_d3_400_lr003_mcw3,10,growth_YOYAsset_chg4q,0.0
all_no_ak,xgb_d3_400_lr003_mcw3,10,growth_YOYNI_chg4q,0.0
all_no_ak,xgb_d3_400_lr003_mcw3,10,growth_YOYEPSBasic_chg4q,0.0
all_no_ak,xgb_d3_400_lr003_mcw3,10,growth_YOYPNI_chg4q,0.0
all_no_ak,xgb_d3_400_lr003_mcw3,10,solvency_currentRatio_chg4q,0.0
all_no_ak,xgb_d3_400_lr003_mcw3,10,solvency_quickRatio_chg4q,0.0
all_no_ak,xgb_d3_400_lr003_mcw3,10,solvency_cashRatio_chg4q,0.0
all_no_ak,xgb_d3_400_lr003_mcw3,10,solvency_YOYLiability_chg4q,0.0
all_no_ak,xgb_d3_400_lr003_mcw3,10,solvency_liabilityToAsset_chg4q,0.0
all_no_ak,xgb_d3_400_lr003_mcw3,10,solvency_assetToEquity_chg4q,0.0
all_no_ak,xgb_d3_400_lr003_mcw3,10,cashflow_CAToAsset_chg4q,0.0
all_no_ak,xgb_d3_400_lr003_mcw3,10,cashflow_NCAToAsset_chg4q,0.0
all_no_ak,xgb_d3_400_lr003_mcw3,10,cashflow_tangibleAssetToAsset_chg4q,0.0
all_no_ak,xgb_d3_400_lr003_mcw3,10,cashflow_CFOToOR_chg4q,0.0
all_no_ak,xgb_d3_400_lr003_mcw3,10,cashflow_CFOToNP_chg4q,0.0
all_no_ak,xgb_d3_400_lr003_mcw3,10,cashflow_CFOToGr_chg4q,0.0
all_no_ak,xgb_d3_400_lr003_mcw3,10,dupont_dupontROE_chg4q,0.0
all_no_ak,xgb_d3_400_lr003_mcw3,10,dupont_dupontAssetStoEquity_chg4q,0.0
all_no_ak,xgb_d3_400_lr003_mcw3,10,dupont_dupontAssetTurn_chg4q,0.0
all_no_ak,xgb_d3_400_lr003_mcw3,10,dupont_dupontPnitoni_chg4q,0.0
all_no_ak,xgb_d3_400_lr003_mcw3,10,dupont_dupontNitogr_chg4q,0.0
all_no_ak,xgb_d3_400_lr003_mcw3,10,dupont_dupontTaxBurden_chg4q,0.0
all_no_ak,xgb_d3_400_lr003_mcw3,10,dupont_dupontIntburden_chg4q,0.02114168554544449
all_no_ak,xgb_d3_400_lr003_mcw3,10,dupont_dupontEbittogr_chg4q,0.0
all_no_ak,extra_trees_600_d3,1,open_asof1455,0.018257982156609884
all_no_ak,extra_trees_600_d3,1,high_asof1455,0.01996651475269371
all_no_ak,extra_trees_600_d3,1,low_asof1455,0.01656257973886251
all_no_ak,extra_trees_600_d3,1,close_asof1455,0.01693608315093203
all_no_ak,extra_trees_600_d3,1,amount_asof1455,0.02417882847795158
all_no_ak,extra_trees_600_d3,1,n_intraday_bars_asof1455,0.0
all_no_ak,extra_trees_600_d3,1,vwap_asof1455,0.01848728147886665
all_no_ak,extra_trees_600_d3,1,close_ret1_asof,0.010707516972563023
all_no_ak,extra_trees_600_d3,1,close_ret3_asof,0.011430308484539997
all_no_ak,extra_trees_600_d3,1,close_ret5_asof,0.010856952129648906
all_no_ak,extra_trees_600_d3,1,close_ret20_asof,0.024537178047278414
all_no_ak,extra_trees_600_d3,1,close_ret60_asof,0.00946532445205303
all_no_ak,extra_trees_600_d3,1,close_ma20_gap_asof,0.02202200813144338
all_no_ak,extra_trees_600_d3,1,close_ma60_gap_asof,0.013801553791660362
all_no_ak,extra_trees_600_d3,1,close_z20_asof,0.008381935723021303
all_no_ak,extra_trees_600_d3,1,close_z60_asof,0.018816668594184526
all_no_ak,extra_trees_600_d3,1,volume_asof1455,0.033549664220908194
all_no_ak,extra_trees_600_d3,1,peTTM,0.013907228626447752
all_no_ak,extra_trees_600_d3,1,pbMRQ,0.015201596292796197
all_no_ak,extra_trees_600_d3,1,psTTM,0.023657016436563066
all_no_ak,extra_trees_600_d3,1,pcfNcfTTM,0.021814372175414775
all_no_ak,extra_trees_600_d3,1,profit_roeAvg,0.013349744729790555
all_no_ak,extra_trees_600_d3,1,profit_npMargin,0.02431564908005198
all_no_ak,extra_trees_600_d3,1,profit_gpMargin,0.0123304642194521
all_no_ak,extra_trees_600_d3,1,profit_netProfit,0.015356181565501203
all_no_ak,extra_trees_600_d3,1,profit_epsTTM,0.015200974660061001
all_no_ak,extra_trees_600_d3,1,profit_totalShare,0.0
all_no_ak,extra_trees_600_d3,1,profit_liqaShare,0.0
all_no_ak,extra_trees_600_d3,1,operation_NRTurnRatio,0.006593662151481969
all_no_ak,extra_trees_600_d3,1,operation_NRTurnDays,0.015767437873698338
all_no_ak,extra_trees_600_d3,1,operation_INVTurnRatio,0.005240910517404127
all_no_ak,extra_trees_600_d3,1,operation_INVTurnDays,0.011628002805740093
all_no_ak,extra_trees_600_d3,1,operation_CATurnRatio,0.006441709378129457
all_no_ak,extra_trees_600_d3,1,operation_AssetTurnRatio,0.009759721737290132
all_no_ak,extra_trees_600_d3,1,growth_YOYEquity,0.00997591951565855
all_no_ak,extra_trees_600_d3,1,growth_YOYAsset,0.004564305451769566
all_no_ak,extra_trees_600_d3,1,growth_YOYNI,0.017474789823284657
all_no_ak,extra_trees_600_d3,1,growth_YOYEPSBasic,0.004532994097226021
all_no_ak,extra_trees_600_d3,1,growth_YOYPNI,0.007014771255090216
all_no_ak,extra_trees_600_d3,1,solvency_currentRatio,0.02671510420609148
all_no_ak,extra_trees_600_d3,1,solvency_quickRatio,0.041879125451969826
all_no_ak,extra_trees_600_d3,1,solvency_cashRatio,0.01138553827701971
all_no_ak,extra_trees_600_d3,1,solvency_YOYLiability,0.004834873206038324
all_no_ak,extra_trees_600_d3,1,solvency_liabilityToAsset,0.015374498303283258
all_no_ak,extra_trees_600_d3,1,solvency_assetToEquity,0.01447468802809875
all_no_ak,extra_trees_600_d3,1,cashflow_CAToAsset,0.006344519838641554
all_no_ak,extra_trees_600_d3,1,cashflow_NCAToAsset,0.0025644917351473847
all_no_ak,extra_trees_600_d3,1,cashflow_tangibleAssetToAsset,0.017248881504903682
all_no_ak,extra_trees_600_d3,1,cashflow_CFOToOR,0.008852056798075603
all_no_ak,extra_trees_600_d3,1,cashflow_CFOToNP,0.007581663168194168
all_no_ak,extra_trees_600_d3,1,cashflow_CFOToGr,0.009695062462115028
all_no_ak,extra_trees_600_d3,1,dupont_dupontROE,0.01586900799200363
all_no_ak,extra_trees_600_d3,1,dupont_dupontAssetStoEquity,0.014858995457874221
all_no_ak,extra_trees_600_d3,1,dupont_dupontAssetTurn,0.006665704063918735
all_no_ak,extra_trees_600_d3,1,dupont_dupontPnitoni,0.03812610064929198
all_no_ak,extra_trees_600_d3,1,dupont_dupontNitogr,0.022934862975270927
all_no_ak,extra_trees_600_d3,1,dupont_dupontTaxBurden,0.030417039757319218
all_no_ak,extra_trees_600_d3,1,dupont_dupontIntburden,0.008371550560315915
all_no_ak,extra_trees_600_d3,1,dupont_dupontEbittogr,0.02517405155860059
all_no_ak,extra_trees_600_d3,1,fund_days_since_effective,0.01609258632861507
all_no_ak,extra_trees_600_d3,1,peTTM_rank252,0.01247500976409421
all_no_ak,extra_trees_600_d3,1,pbMRQ_rank252,0.030045955221387637
all_no_ak,extra_trees_600_d3,1,psTTM_rank252,0.03249348175274393
all_no_ak,extra_trees_600_d3,1,pcfNcfTTM_rank252,0.029061176276177412
all_no_ak,extra_trees_600_d3,1,profit_roeAvg_chg4q,0.0007221554238642265
all_no_ak,extra_trees_600_d3,1,profit_npMargin_chg4q,0.00022132182534026485
all_no_ak,extra_trees_600_d3,1,profit_gpMargin_chg4q,0.00037993531390158905
all_no_ak,extra_trees_600_d3,1,profit_netProfit_chg4q,0.0006355750061062556
all_no_ak,extra_trees_600_d3,1,profit_epsTTM_chg4q,5.477776038288434e-05
all_no_ak,extra_trees_600_d3,1,profit_totalShare_chg4q,0.0
all_no_ak,extra_trees_600_d3,1,profit_liqaShare_chg4q,0.0
all_no_ak,extra_trees_600_d3,1,growth_YOYEquity_chg4q,0.000493759106601043
all_no_ak,extra_trees_600_d3,1,growth_YOYAsset_chg4q,0.0005480116023543008
all_no_ak,extra_trees_600_d3,1,growth_YOYNI_chg4q,3.785215150691321e-05
all_no_ak,extra_trees_600_d3,1,growth_YOYEPSBasic_chg4q,0.0
all_no_ak,extra_trees_600_d3,1,growth_YOYPNI_chg4q,0.0002158912592510446
all_no_ak,extra_trees_600_d3,1,solvency_currentRatio_chg4q,0.00015981195820858506
all_no_ak,extra_trees_600_d3,1,solvency_quickRatio_chg4q,0.00045465030248234464
all_no_ak,extra_trees_600_d3,1,solvency_cashRatio_chg4q,0.00046003861676960687
all_no_ak,extra_trees_600_d3,1,solvency_YOYLiability_chg4q,0.0004981469868152373
all_no_ak,extra_trees_600_d3,1,solvency_liabilityToAsset_chg4q,0.0016678322053187472
all_no_ak,extra_trees_600_d3,1,solvency_assetToEquity_chg4q,0.0008860639162350414
all_no_ak,extra_trees_600_d3,1,cashflow_CAToAsset_chg4q,0.0002437217689802196
all_no_ak,extra_trees_600_d3,1,cashflow_NCAToAsset_chg4q,0.0
all_no_ak,extra_trees_600_d3,1,cashflow_tangibleAssetToAsset_chg4q,0.002054258405914726
all_no_ak,extra_trees_600_d3,1,cashflow_CFOToOR_chg4q,0.00027932362433337834
all_no_ak,extra_trees_600_d3,1,cashflow_CFOToNP_chg4q,1.6337346693293272e-05
all_no_ak,extra_trees_600_d3,1,cashflow_CFOToGr_chg4q,0.0012555107870726163
all_no_ak,extra_trees_600_d3,1,dupont_dupontROE_chg4q,0.0003642126153562717
all_no_ak,extra_trees_600_d3,1,dupont_dupontAssetStoEquity_chg4q,0.0029138166876823074
all_no_ak,extra_trees_600_d3,1,dupont_dupontAssetTurn_chg4q,0.0006010878838394927
all_no_ak,extra_trees_600_d3,1,dupont_dupontPnitoni_chg4q,9.338380845741651e-05
all_no_ak,extra_trees_600_d3,1,dupont_dupontNitogr_chg4q,0.0004913387958137487
all_no_ak,extra_trees_600_d3,1,dupont_dupontTaxBurden_chg4q,0.00040599924241949175
all_no_ak,extra_trees_600_d3,1,dupont_dupontIntburden_chg4q,0.0021362444338947455
all_no_ak,extra_trees_600_d3,1,dupont_dupontEbittogr_chg4q,8.708313114286734e-05
all_no_ak,extra_trees_600_d3,2,open_asof1455,0.016200276166607887
all_no_ak,extra_trees_600_d3,2,high_asof1455,0.01961938337391596
all_no_ak,extra_trees_600_d3,2,low_asof1455,0.012006759453749802
all_no_ak,extra_trees_600_d3,2,close_asof1455,0.02164996122594895
all_no_ak,extra_trees_600_d3,2,amount_asof1455,0.019092914596189683
all_no_ak,extra_trees_600_d3,2,n_intraday_bars_asof1455,0.0
all_no_ak,extra_trees_600_d3,2,vwap_asof1455,0.014304812704960522
all_no_ak,extra_trees_600_d3,2,close_ret1_asof,0.011826561232459261
all_no_ak,extra_trees_600_d3,2,close_ret3_asof,0.01109051787689024
all_no_ak,extra_trees_600_d3,2,close_ret5_asof,0.012957225146486659
all_no_ak,extra_trees_600_d3,2,close_ret20_asof,0.015475655729385732
all_no_ak,extra_trees_600_d3,2,close_ret60_asof,0.010286676913878079
all_no_ak,extra_trees_600_d3,2,close_ma20_gap_asof,0.025567110878584064
all_no_ak,extra_trees_600_d3,2,close_ma60_gap_asof,0.020382058872605715
all_no_ak,extra_trees_600_d3,2,close_z20_asof,0.00924739655612567
all_no_ak,extra_trees_600_d3,2,close_z60_asof,0.026906632465017358
all_no_ak,extra_trees_600_d3,2,volume_asof1455,0.027314630837217545
all_no_ak,extra_trees_600_d3,2,peTTM,0.012971355585085897
all_no_ak,extra_trees_600_d3,2,pbMRQ,0.014021016336194049
all_no_ak,extra_trees_600_d3,2,psTTM,0.019286318864066603
all_no_ak,extra_trees_600_d3,2,pcfNcfTTM,0.02502401516445525
all_no_ak,extra_trees_600_d3,2,profit_roeAvg,0.016088266245109072
all_no_ak,extra_trees_600_d3,2,profit_npMargin,0.016507249401490173
all_no_ak,extra_trees_600_d3,2,profit_gpMargin,0.010666576029914481
all_no_ak,extra_trees_600_d3,2,profit_netProfit,0.013074880604934053
all_no_ak,extra_trees_600_d3,2,profit_epsTTM,0.018557965870997138
all_no_ak,extra_trees_600_d3,2,profit_totalShare,0.0
all_no_ak,extra_trees_600_d3,2,profit_liqaShare,0.0
all_no_ak,extra_trees_600_d3,2,operation_NRTurnRatio,0.008086982922663162
all_no_ak,extra_trees_600_d3,2,operation_NRTurnDays,0.018782166446717548
all_no_ak,extra_trees_600_d3,2,operation_INVTurnRatio,0.006005141573207319
all_no_ak,extra_trees_600_d3,2,operation_INVTurnDays,0.014866851435967386
all_no_ak,extra_trees_600_d3,2,operation_CATurnRatio,0.008454806984304621
all_no_ak,extra_trees_600_d3,2,operation_AssetTurnRatio,0.01115595894738135
all_no_ak,extra_trees_600_d3,2,growth_YOYEquity,0.011378098124578356
all_no_ak,extra_trees_600_d3,2,growth_YOYAsset,0.004662945899359756
all_no_ak,extra_trees_600_d3,2,growth_YOYNI,0.017893221913339495
all_no_ak,extra_trees_600_d3,2,growth_YOYEPSBasic,0.005152457880281183
all_no_ak,extra_trees_600_d3,2,growth_YOYPNI,0.013008430713372184
all_no_ak,extra_trees_600_d3,2,solvency_currentRatio,0.02200764331850166
all_no_ak,extra_trees_600_d3,2,solvency_quickRatio,0.029793221959293598
all_no_ak,extra_trees_600_d3,2,solvency_cashRatio,0.012492054081218921
all_no_ak,extra_trees_600_d3,2,solvency_YOYLiability,0.0050365183586502564
all_no_ak,extra_trees_600_d3,2,solvency_liabilityToAsset,0.014220858747857609
all_no_ak,extra_trees_600_d3,2,solvency_assetToEquity,0.016105093432862858
all_no_ak,extra_trees_600_d3,2,cashflow_CAToAsset,0.005507263437573646
all_no_ak,extra_trees_600_d3,2,cashflow_NCAToAsset,0.00695471260215119
all_no_ak,extra_trees_600_d3,2,cashflow_tangibleAssetToAsset,0.014761669202552972
all_no_ak,extra_trees_600_d3,2,cashflow_CFOToOR,0.009076363429980703
all_no_ak,extra_trees_600_d3,2,cashflow_CFOToNP,0.010610144653494741
all_no_ak,extra_trees_600_d3,2,cashflow_CFOToGr,0.013020401236716207
all_no_ak,extra_trees_600_d3,2,dupont_dupontROE,0.016407621405141227
all_no_ak,extra_trees_600_d3,2,dupont_dupontAssetStoEquity,0.011367873398416536
all_no_ak,extra_trees_600_d3,2,dupont_dupontAssetTurn,0.00932058624965665
all_no_ak,extra_trees_600_d3,2,dupont_dupontPnitoni,0.04274903295888473
all_no_ak,extra_trees_600_d3,2,dupont_dupontNitogr,0.013264557595541591
all_no_ak,extra_trees_600_d3,2,dupont_dupontTaxBurden,0.03343190745515822
all_no_ak,extra_trees_600_d3,2,dupont_dupontIntburden,0.010001623603983097
all_no_ak,extra_trees_600_d3,2,dupont_dupontEbittogr,0.018055108756422182
all_no_ak,extra_trees_600_d3,2,fund_days_since_effective,0.015994489634769998
all_no_ak,extra_trees_600_d3,2,peTTM_rank252,0.012036794222404855
all_no_ak,extra_trees_600_d3,2,pbMRQ_rank252,0.029276052149513766
all_no_ak,extra_trees_600_d3,2,psTTM_rank252,0.040755345566834876
all_no_ak,extra_trees_600_d3,2,pcfNcfTTM_rank252,0.02403967806027012
all_no_ak,extra_trees_600_d3,2,profit_roeAvg_chg4q,0.0011069287463191233
all_no_ak,extra_trees_600_d3,2,profit_npMargin_chg4q,0.0007162135920403884
all_no_ak,extra_trees_600_d3,2,profit_gpMargin_chg4q,0.00030257081414079655
all_no_ak,extra_trees_600_d3,2,profit_netProfit_chg4q,0.000871100473792258
all_no_ak,extra_trees_600_d3,2,profit_epsTTM_chg4q,0.0003557831216721921
all_no_ak,extra_trees_600_d3,2,profit_totalShare_chg4q,0.0
all_no_ak,extra_trees_600_d3,2,profit_liqaShare_chg4q,0.0
all_no_ak,extra_trees_600_d3,2,growth_YOYEquity_chg4q,0.0016957321815962464
all_no_ak,extra_trees_600_d3,2,growth_YOYAsset_chg4q,0.0003403046117343375
all_no_ak,extra_trees_600_d3,2,growth_YOYNI_chg4q,0.00020595648177829933
all_no_ak,extra_trees_600_d3,2,growth_YOYEPSBasic_chg4q,0.00018905654561645084
all_no_ak,extra_trees_600_d3,2,growth_YOYPNI_chg4q,0.0004313079326034761
all_no_ak,extra_trees_600_d3,2,solvency_currentRatio_chg4q,0.00036208757494519527
all_no_ak,extra_trees_600_d3,2,solvency_quickRatio_chg4q,0.001304405034083906
all_no_ak,extra_trees_600_d3,2,solvency_cashRatio_chg4q,0.0008331391787475089
all_no_ak,extra_trees_600_d3,2,solvency_YOYLiability_chg4q,0.0004597235944788852
all_no_ak,extra_trees_600_d3,2,solvency_liabilityToAsset_chg4q,0.0011839579191952768
all_no_ak,extra_trees_600_d3,2,solvency_assetToEquity_chg4q,0.0011753313373126357
all_no_ak,extra_trees_600_d3,2,cashflow_CAToAsset_chg4q,0.00022533093043251054
all_no_ak,extra_trees_600_d3,2,cashflow_NCAToAsset_chg4q,2.727979086363714e-05
all_no_ak,extra_trees_600_d3,2,cashflow_tangibleAssetToAsset_chg4q,0.0013891298840318614
all_no_ak,extra_trees_600_d3,2,cashflow_CFOToOR_chg4q,0.0012006159608857025
all_no_ak,extra_trees_600_d3,2,cashflow_CFOToNP_chg4q,0.0001230207819890014
all_no_ak,extra_trees_600_d3,2,cashflow_CFOToGr_chg4q,0.0014698077190826286
all_no_ak,extra_trees_600_d3,2,dupont_dupontROE_chg4q,0.0007782221263193066
all_no_ak,extra_trees_600_d3,2,dupont_dupontAssetStoEquity_chg4q,0.002867042451514476
all_no_ak,extra_trees_600_d3,2,dupont_dupontAssetTurn_chg4q,0.0005011471257421456
all_no_ak,extra_trees_600_d3,2,dupont_dupontPnitoni_chg4q,0.00035739287941765767
all_no_ak,extra_trees_600_d3,2,dupont_dupontNitogr_chg4q,0.0005217212571563677
all_no_ak,extra_trees_600_d3,2,dupont_dupontTaxBurden_chg4q,0.0006825436730632758
all_no_ak,extra_trees_600_d3,2,dupont_dupontIntburden_chg4q,0.0022914668534041406
all_no_ak,extra_trees_600_d3,2,dupont_dupontEbittogr_chg4q,0.00017178293474586824
all_no_ak,extra_trees_600_d3,3,open_asof1455,0.016115038356545094
all_no_ak,extra_trees_600_d3,3,high_asof1455,0.014966808125150012
all_no_ak,extra_trees_600_d3,3,low_asof1455,0.014022201229471929
all_no_ak,extra_trees_600_d3,3,close_asof1455,0.013754443132924305
all_no_ak,extra_trees_600_d3,3,amount_asof1455,0.013036132107326716
all_no_ak,extra_trees_600_d3,3,n_intraday_bars_asof1455,0.0
all_no_ak,extra_trees_600_d3,3,vwap_asof1455,0.013250982755360243
all_no_ak,extra_trees_600_d3,3,close_ret1_asof,0.010589325425738486
all_no_ak,extra_trees_600_d3,3,close_ret3_asof,0.005974559833543798
all_no_ak,extra_trees_600_d3,3,close_ret5_asof,0.010025107358303588
all_no_ak,extra_trees_600_d3,3,close_ret20_asof,0.01706705068191481
all_no_ak,extra_trees_600_d3,3,close_ret60_asof,0.008623616665566514
all_no_ak,extra_trees_600_d3,3,close_ma20_gap_asof,0.018842281075354548
all_no_ak,extra_trees_600_d3,3,close_ma60_gap_asof,0.018042858020868573
all_no_ak,extra_trees_600_d3,3,close_z20_asof,0.007613365322728841
all_no_ak,extra_trees_600_d3,3,close_z60_asof,0.022624355052178382
all_no_ak,extra_trees_600_d3,3,volume_asof1455,0.021662404373180906
all_no_ak,extra_trees_600_d3,3,peTTM,0.01346914239382108
all_no_ak,extra_trees_600_d3,3,pbMRQ,0.013036941353359935
all_no_ak,extra_trees_600_d3,3,psTTM,0.018364051307766846
all_no_ak,extra_trees_600_d3,3,pcfNcfTTM,0.014618572994073369
all_no_ak,extra_trees_600_d3,3,profit_roeAvg,0.007850264970666036
all_no_ak,extra_trees_600_d3,3,profit_npMargin,0.011808765394650948
all_no_ak,extra_trees_600_d3,3,profit_gpMargin,0.00871291952205865
all_no_ak,extra_trees_600_d3,3,profit_netProfit,0.012831012992882222
all_no_ak,extra_trees_600_d3,3,profit_epsTTM,0.014235133443112828
all_no_ak,extra_trees_600_d3,3,profit_totalShare,0.0
all_no_ak,extra_trees_600_d3,3,profit_liqaShare,0.0
all_no_ak,extra_trees_600_d3,3,operation_NRTurnRatio,0.008240091351679722
all_no_ak,extra_trees_600_d3,3,operation_NRTurnDays,0.01751531201726956
all_no_ak,extra_trees_600_d3,3,operation_INVTurnRatio,0.0061577819202663165
all_no_ak,extra_trees_600_d3,3,operation_INVTurnDays,0.022623657611230596
all_no_ak,extra_trees_600_d3,3,operation_CATurnRatio,0.008279393916136616
all_no_ak,extra_trees_600_d3,3,operation_AssetTurnRatio,0.00902713488481633
all_no_ak,extra_trees_600_d3,3,growth_YOYEquity,0.008614772607855448
all_no_ak,extra_trees_600_d3,3,growth_YOYAsset,0.003105136508374518
all_no_ak,extra_trees_600_d3,3,growth_YOYNI,0.03396559545583041
all_no_ak,extra_trees_600_d3,3,growth_YOYEPSBasic,0.025141125629147592
all_no_ak,extra_trees_600_d3,3,growth_YOYPNI,0.023948210818670608
all_no_ak,extra_trees_600_d3,3,solvency_currentRatio,0.019802634377687336
all_no_ak,extra_trees_600_d3,3,solvency_quickRatio,0.04101634864572275
all_no_ak,extra_trees_600_d3,3,solvency_cashRatio,0.014148562352099207
all_no_ak,extra_trees_600_d3,3,solvency_YOYLiability,0.006741496875112
all_no_ak,extra_trees_600_d3,3,solvency_liabilityToAsset,0.018178926944685973
all_no_ak,extra_trees_600_d3,3,solvency_assetToEquity,0.030474737356506028
all_no_ak,extra_trees_600_d3,3,cashflow_CAToAsset,0.012208326354786544
all_no_ak,extra_trees_600_d3,3,cashflow_NCAToAsset,0.00911958161797348
all_no_ak,extra_trees_600_d3,3,cashflow_tangibleAssetToAsset,0.02395000104372722
all_no_ak,extra_trees_600_d3,3,cashflow_CFOToOR,0.011092473051590907
all_no_ak,extra_trees_600_d3,3,cashflow_CFOToNP,0.010515994442439449
all_no_ak,extra_trees_600_d3,3,cashflow_CFOToGr,0.01209680030247691
all_no_ak,extra_trees_600_d3,3,dupont_dupontROE,0.010907917832026333
all_no_ak,extra_trees_600_d3,3,dupont_dupontAssetStoEquity,0.017167161257304466
all_no_ak,extra_trees_600_d3,3,dupont_dupontAssetTurn,0.006399932890973638
all_no_ak,extra_trees_600_d3,3,dupont_dupontPnitoni,0.04847452655102635
all_no_ak,extra_trees_600_d3,3,dupont_dupontNitogr,0.0147909663678331
all_no_ak,extra_trees_600_d3,3,dupont_dupontTaxBurden,0.024308486503311508
all_no_ak,extra_trees_600_d3,3,dupont_dupontIntburden,0.014690578584693527
all_no_ak,extra_trees_600_d3,3,dupont_dupontEbittogr,0.015442527727320432
all_no_ak,extra_trees_600_d3,3,fund_days_since_effective,0.016508086124262376
all_no_ak,extra_trees_600_d3,3,peTTM_rank252,0.017588354282121618
all_no_ak,extra_trees_600_d3,3,pbMRQ_rank252,0.023902455998427306
all_no_ak,extra_trees_600_d3,3,psTTM_rank252,0.03164576453512956
all_no_ak,extra_trees_600_d3,3,pcfNcfTTM_rank252,0.013296376751355672
all_no_ak,extra_trees_600_d3,3,profit_roeAvg_chg4q,0.002388341231708777
all_no_ak,extra_trees_600_d3,3,profit_npMargin_chg4q,0.00030283554729643885
all_no_ak,extra_trees_600_d3,3,profit_gpMargin_chg4q,0.000553286937942933
all_no_ak,extra_trees_600_d3,3,profit_netProfit_chg4q,0.002565227072309462
all_no_ak,extra_trees_600_d3,3,profit_epsTTM_chg4q,0.00044063969782137804
all_no_ak,extra_trees_600_d3,3,profit_totalShare_chg4q,0.0
all_no_ak,extra_trees_600_d3,3,profit_liqaShare_chg4q,0.0
all_no_ak,extra_trees_600_d3,3,growth_YOYEquity_chg4q,0.0006906041164550262
all_no_ak,extra_trees_600_d3,3,growth_YOYAsset_chg4q,0.0008105081858743754
all_no_ak,extra_trees_600_d3,3,growth_YOYNI_chg4q,0.0003298198614019965
all_no_ak,extra_trees_600_d3,3,growth_YOYEPSBasic_chg4q,0.0004708949465989624
all_no_ak,extra_trees_600_d3,3,growth_YOYPNI_chg4q,0.0005715218022897146
all_no_ak,extra_trees_600_d3,3,solvency_currentRatio_chg4q,0.0002304653522655422
all_no_ak,extra_trees_600_d3,3,solvency_quickRatio_chg4q,0.0010438841400608689
all_no_ak,extra_trees_600_d3,3,solvency_cashRatio_chg4q,0.00048278022299006894
all_no_ak,extra_trees_600_d3,3,solvency_YOYLiability_chg4q,0.0013804588994338976
all_no_ak,extra_trees_600_d3,3,solvency_liabilityToAsset_chg4q,0.0003522856942073485
all_no_ak,extra_trees_600_d3,3,solvency_assetToEquity_chg4q,0.0005156187390053978
all_no_ak,extra_trees_600_d3,3,cashflow_CAToAsset_chg4q,0.00039921756955239315
all_no_ak,extra_trees_600_d3,3,cashflow_NCAToAsset_chg4q,0.000658162035015316
all_no_ak,extra_trees_600_d3,3,cashflow_tangibleAssetToAsset_chg4q,0.00035802631608451994
all_no_ak,extra_trees_600_d3,3,cashflow_CFOToOR_chg4q,0.002097925701320958
all_no_ak,extra_trees_600_d3,3,cashflow_CFOToNP_chg4q,4.2911381469606794e-05
all_no_ak,extra_trees_600_d3,3,cashflow_CFOToGr_chg4q,0.0028362551135194007
all_no_ak,extra_trees_600_d3,3,dupont_dupontROE_chg4q,0.001804817520569837
all_no_ak,extra_trees_600_d3,3,dupont_dupontAssetStoEquity_chg4q,0.0008852171062000078
all_no_ak,extra_trees_600_d3,3,dupont_dupontAssetTurn_chg4q,0.003394251662544346
all_no_ak,extra_trees_600_d3,3,dupont_dupontPnitoni_chg4q,0.0006893876392318991
all_no_ak,extra_trees_600_d3,3,dupont_dupontNitogr_chg4q,0.00016843170931617554
all_no_ak,extra_trees_600_d3,3,dupont_dupontTaxBurden_chg4q,0.0001365883736332412
all_no_ak,extra_trees_600_d3,3,dupont_dupontIntburden_chg4q,0.0008145264200240467
all_no_ak,extra_trees_600_d3,3,dupont_dupontEbittogr_chg4q,0.0003605436234361762
all_no_ak,extra_trees_600_d3,4,open_asof1455,0.01651834642170281
all_no_ak,extra_trees_600_d3,4,high_asof1455,0.01816648607498318
all_no_ak,extra_trees_600_d3,4,low_asof1455,0.014130938607534305
all_no_ak,extra_trees_600_d3,4,close_asof1455,0.014695052635559081
all_no_ak,extra_trees_600_d3,4,amount_asof1455,0.011556785885970424
all_no_ak,extra_trees_600_d3,4,n_intraday_bars_asof1455,0.0
all_no_ak,extra_trees_600_d3,4,vwap_asof1455,0.015969684178138217
all_no_ak,extra_trees_600_d3,4,close_ret1_asof,0.010938446760356815
all_no_ak,extra_trees_600_d3,4,close_ret3_asof,0.0034618917378997824
all_no_ak,extra_trees_600_d3,4,close_ret5_asof,0.0052122280795421395
all_no_ak,extra_trees_600_d3,4,close_ret20_asof,0.010539614705442941
all_no_ak,extra_trees_600_d3,4,close_ret60_asof,0.007715174590258522
all_no_ak,extra_trees_600_d3,4,close_ma20_gap_asof,0.007722576028302792
all_no_ak,extra_trees_600_d3,4,close_ma60_gap_asof,0.012569105485893864
all_no_ak,extra_trees_600_d3,4,close_z20_asof,0.005971579476869136
all_no_ak,extra_trees_600_d3,4,close_z60_asof,0.01650309244268389
all_no_ak,extra_trees_600_d3,4,volume_asof1455,0.017187547463966432
all_no_ak,extra_trees_600_d3,4,peTTM,0.012968198199467096
all_no_ak,extra_trees_600_d3,4,pbMRQ,0.01070513417282465
all_no_ak,extra_trees_600_d3,4,psTTM,0.01964119136931337
all_no_ak,extra_trees_600_d3,4,pcfNcfTTM,0.043500807240610916
all_no_ak,extra_trees_600_d3,4,profit_roeAvg,0.013136268942792595
all_no_ak,extra_trees_600_d3,4,profit_npMargin,0.01131363623166104
all_no_ak,extra_trees_600_d3,4,profit_gpMargin,0.006932947105212007
all_no_ak,extra_trees_600_d3,4,profit_netProfit,0.013826409222406662
all_no_ak,extra_trees_600_d3,4,profit_epsTTM,0.011719881448672727
all_no_ak,extra_trees_600_d3,4,profit_totalShare,0.0
all_no_ak,extra_trees_600_d3,4,profit_liqaShare,0.0
all_no_ak,extra_trees_600_d3,4,operation_NRTurnRatio,0.01195318235951118
all_no_ak,extra_trees_600_d3,4,operation_NRTurnDays,0.02298365181279865
all_no_ak,extra_trees_600_d3,4,operation_INVTurnRatio,0.006079078070063162
all_no_ak,extra_trees_600_d3,4,operation_INVTurnDays,0.022517093648958902
all_no_ak,extra_trees_600_d3,4,operation_CATurnRatio,0.00859623465413766
all_no_ak,extra_trees_600_d3,4,operation_AssetTurnRatio,0.012011989594915585
all_no_ak,extra_trees_600_d3,4,growth_YOYEquity,0.015190458630673406
all_no_ak,extra_trees_600_d3,4,growth_YOYAsset,0.0059317577166437515
all_no_ak,extra_trees_600_d3,4,growth_YOYNI,0.029523559968193107
all_no_ak,extra_trees_600_d3,4,growth_YOYEPSBasic,0.01947338632737275
all_no_ak,extra_trees_600_d3,4,growth_YOYPNI,0.027065348364437993
all_no_ak,extra_trees_600_d3,4,solvency_currentRatio,0.02548217155572292
all_no_ak,extra_trees_600_d3,4,solvency_quickRatio,0.034797210997488615
all_no_ak,extra_trees_600_d3,4,solvency_cashRatio,0.010427027324994155
all_no_ak,extra_trees_600_d3,4,solvency_YOYLiability,0.006291742883881965
all_no_ak,extra_trees_600_d3,4,solvency_liabilityToAsset,0.02044635806097437
all_no_ak,extra_trees_600_d3,4,solvency_assetToEquity,0.02476481498969368
all_no_ak,extra_trees_600_d3,4,cashflow_CAToAsset,0.007791601416927613
all_no_ak,extra_trees_600_d3,4,cashflow_NCAToAsset,0.007497460006403149
all_no_ak,extra_trees_600_d3,4,cashflow_tangibleAssetToAsset,0.020153158416160118
all_no_ak,extra_trees_600_d3,4,cashflow_CFOToOR,0.01981804286396494
all_no_ak,extra_trees_600_d3,4,cashflow_CFOToNP,0.02450443585083155
all_no_ak,extra_trees_600_d3,4,cashflow_CFOToGr,0.023108999115291105
all_no_ak,extra_trees_600_d3,4,dupont_dupontROE,0.01484273646806764
all_no_ak,extra_trees_600_d3,4,dupont_dupontAssetStoEquity,0.01906318791220435
all_no_ak,extra_trees_600_d3,4,dupont_dupontAssetTurn,0.012706568512959806
all_no_ak,extra_trees_600_d3,4,dupont_dupontPnitoni,0.03987674056545178
all_no_ak,extra_trees_600_d3,4,dupont_dupontNitogr,0.012816684402850498
all_no_ak,extra_trees_600_d3,4,dupont_dupontTaxBurden,0.020721776877098957
all_no_ak,extra_trees_600_d3,4,dupont_dupontIntburden,0.011556715357263605
all_no_ak,extra_trees_600_d3,4,dupont_dupontEbittogr,0.012798187937356782
all_no_ak,extra_trees_600_d3,4,fund_days_since_effective,0.021628999530484784
all_no_ak,extra_trees_600_d3,4,peTTM_rank252,0.022265331768599083
all_no_ak,extra_trees_600_d3,4,pbMRQ_rank252,0.020263865435928164
all_no_ak,extra_trees_600_d3,4,psTTM_rank252,0.020998456403146695
all_no_ak,extra_trees_600_d3,4,pcfNcfTTM_rank252,0.010515603379162332
all_no_ak,extra_trees_600_d3,4,profit_roeAvg_chg4q,0.0013094313898378432
all_no_ak,extra_trees_600_d3,4,profit_npMargin_chg4q,0.00022283524534403603
all_no_ak,extra_trees_600_d3,4,profit_gpMargin_chg4q,0.0006139918493075578
all_no_ak,extra_trees_600_d3,4,profit_netProfit_chg4q,0.001384030471155194
all_no_ak,extra_trees_600_d3,4,profit_epsTTM_chg4q,0.00011183240402740307
all_no_ak,extra_trees_600_d3,4,profit_totalShare_chg4q,0.0
all_no_ak,extra_trees_600_d3,4,profit_liqaShare_chg4q,0.0
all_no_ak,extra_trees_600_d3,4,growth_YOYEquity_chg4q,0.0013526127931544475
all_no_ak,extra_trees_600_d3,4,growth_YOYAsset_chg4q,0.0002841479948844652
all_no_ak,extra_trees_600_d3,4,growth_YOYNI_chg4q,0.0003205256424831337
all_no_ak,extra_trees_600_d3,4,growth_YOYEPSBasic_chg4q,0.0
all_no_ak,extra_trees_600_d3,4,growth_YOYPNI_chg4q,7.703411846579985e-05
all_no_ak,extra_trees_600_d3,4,solvency_currentRatio_chg4q,0.0004113486305732748
all_no_ak,extra_trees_600_d3,4,solvency_quickRatio_chg4q,0.0007513249925199536
all_no_ak,extra_trees_600_d3,4,solvency_cashRatio_chg4q,0.0006053631397356842
all_no_ak,extra_trees_600_d3,4,solvency_YOYLiability_chg4q,0.000975747639582688
all_no_ak,extra_trees_600_d3,4,solvency_liabilityToAsset_chg4q,0.00013114327914750122
all_no_ak,extra_trees_600_d3,4,solvency_assetToEquity_chg4q,0.0007397617956597125
all_no_ak,extra_trees_600_d3,4,cashflow_CAToAsset_chg4q,0.00021498838968217433
all_no_ak,extra_trees_600_d3,4,cashflow_NCAToAsset_chg4q,0.00018392717618223356
all_no_ak,extra_trees_600_d3,4,cashflow_tangibleAssetToAsset_chg4q,0.0009211304258576381
all_no_ak,extra_trees_600_d3,4,cashflow_CFOToOR_chg4q,0.0024242068457734785
all_no_ak,extra_trees_600_d3,4,cashflow_CFOToNP_chg4q,0.0
all_no_ak,extra_trees_600_d3,4,cashflow_CFOToGr_chg4q,0.0030844232006902207
all_no_ak,extra_trees_600_d3,4,dupont_dupontROE_chg4q,0.0008845685572962626
all_no_ak,extra_trees_600_d3,4,dupont_dupontAssetStoEquity_chg4q,0.0002279297028791054
all_no_ak,extra_trees_600_d3,4,dupont_dupontAssetTurn_chg4q,0.0021311442871182204
all_no_ak,extra_trees_600_d3,4,dupont_dupontPnitoni_chg4q,0.0007236996698797985
all_no_ak,extra_trees_600_d3,4,dupont_dupontNitogr_chg4q,0.00014663324772845834
all_no_ak,extra_trees_600_d3,4,dupont_dupontTaxBurden_chg4q,4.8500854778812727e-05
all_no_ak,extra_trees_600_d3,4,dupont_dupontIntburden_chg4q,0.0005237930892358532
all_no_ak,extra_trees_600_d3,4,dupont_dupontEbittogr_chg4q,0.00012727947833896991
all_no_ak,extra_trees_600_d3,5,open_asof1455,0.02018329120453144
all_no_ak,extra_trees_600_d3,5,high_asof1455,0.013851576324297152
all_no_ak,extra_trees_600_d3,5,low_asof1455,0.01634392503425627
all_no_ak,extra_trees_600_d3,5,close_asof1455,0.014263608733806622
all_no_ak,extra_trees_600_d3,5,amount_asof1455,0.008230030818721127
all_no_ak,extra_trees_600_d3,5,n_intraday_bars_asof1455,0.0
all_no_ak,extra_trees_600_d3,5,vwap_asof1455,0.01241919199682727
all_no_ak,extra_trees_600_d3,5,close_ret1_asof,0.007664193828971849
all_no_ak,extra_trees_600_d3,5,close_ret3_asof,0.002742700249539442
all_no_ak,extra_trees_600_d3,5,close_ret5_asof,0.005244187001203902
all_no_ak,extra_trees_600_d3,5,close_ret20_asof,0.008565669291918985
all_no_ak,extra_trees_600_d3,5,close_ret60_asof,0.006920764668048474
all_no_ak,extra_trees_600_d3,5,close_ma20_gap_asof,0.008777668509626487
all_no_ak,extra_trees_600_d3,5,close_ma60_gap_asof,0.015267700079368764
all_no_ak,extra_trees_600_d3,5,close_z20_asof,0.004975907217214439
all_no_ak,extra_trees_600_d3,5,close_z60_asof,0.017070153970807817
all_no_ak,extra_trees_600_d3,5,volume_asof1455,0.016225121381434726
all_no_ak,extra_trees_600_d3,5,peTTM,0.013236597628560744
all_no_ak,extra_trees_600_d3,5,pbMRQ,0.014508201147116765
all_no_ak,extra_trees_600_d3,5,psTTM,0.020600565791116132
all_no_ak,extra_trees_600_d3,5,pcfNcfTTM,0.053343643045384206
all_no_ak,extra_trees_600_d3,5,profit_roeAvg,0.011045381900933628
all_no_ak,extra_trees_600_d3,5,profit_npMargin,0.012736505318570731
all_no_ak,extra_trees_600_d3,5,profit_gpMargin,0.00588646113752448
all_no_ak,extra_trees_600_d3,5,profit_netProfit,0.011373549280763997
all_no_ak,extra_trees_600_d3,5,profit_epsTTM,0.008745659452510903
all_no_ak,extra_trees_600_d3,5,profit_totalShare,0.0
all_no_ak,extra_trees_600_d3,5,profit_liqaShare,0.0
all_no_ak,extra_trees_600_d3,5,operation_NRTurnRatio,0.005769840316108983
all_no_ak,extra_trees_600_d3,5,operation_NRTurnDays,0.024968688424299702
all_no_ak,extra_trees_600_d3,5,operation_INVTurnRatio,0.006327690819747362
all_no_ak,extra_trees_600_d3,5,operation_INVTurnDays,0.025910243568517594
all_no_ak,extra_trees_600_d3,5,operation_CATurnRatio,0.008632969047726076
all_no_ak,extra_trees_600_d3,5,operation_AssetTurnRatio,0.012714224727232862
all_no_ak,extra_trees_600_d3,5,growth_YOYEquity,0.011773555259719142
all_no_ak,extra_trees_600_d3,5,growth_YOYAsset,0.002714369022037274
all_no_ak,extra_trees_600_d3,5,growth_YOYNI,0.029114426229231428
all_no_ak,extra_trees_600_d3,5,growth_YOYEPSBasic,0.020368759082468255
all_no_ak,extra_trees_600_d3,5,growth_YOYPNI,0.029054059100443095
all_no_ak,extra_trees_600_d3,5,solvency_currentRatio,0.022748664043537724
all_no_ak,extra_trees_600_d3,5,solvency_quickRatio,0.03591070019485117
all_no_ak,extra_trees_600_d3,5,solvency_cashRatio,0.013004272040954582
all_no_ak,extra_trees_600_d3,5,solvency_YOYLiability,0.003627099268892074
all_no_ak,extra_trees_600_d3,5,solvency_liabilityToAsset,0.018577768269216085
all_no_ak,extra_trees_600_d3,5,solvency_assetToEquity,0.019933160905438514
all_no_ak,extra_trees_600_d3,5,cashflow_CAToAsset,0.011231322630275329
all_no_ak,extra_trees_600_d3,5,cashflow_NCAToAsset,0.008887582438229825
all_no_ak,extra_trees_600_d3,5,cashflow_tangibleAssetToAsset,0.015345382121267601
all_no_ak,extra_trees_600_d3,5,cashflow_CFOToOR,0.02003504819487463
all_no_ak,extra_trees_600_d3,5,cashflow_CFOToNP,0.029471494100133486
all_no_ak,extra_trees_600_d3,5,cashflow_CFOToGr,0.018241210089005016
all_no_ak,extra_trees_600_d3,5,dupont_dupontROE,0.013688392786450603
all_no_ak,extra_trees_600_d3,5,dupont_dupontAssetStoEquity,0.014993329919685579
all_no_ak,extra_trees_600_d3,5,dupont_dupontAssetTurn,0.009636991374124937
all_no_ak,extra_trees_600_d3,5,dupont_dupontPnitoni,0.034415111744757095
all_no_ak,extra_trees_600_d3,5,dupont_dupontNitogr,0.014152528397538895
all_no_ak,extra_trees_600_d3,5,dupont_dupontTaxBurden,0.02336482605440492
all_no_ak,extra_trees_600_d3,5,dupont_dupontIntburden,0.01809516351111113
all_no_ak,extra_trees_600_d3,5,dupont_dupontEbittogr,0.015113461080763908
all_no_ak,extra_trees_600_d3,5,fund_days_since_effective,0.022179697784569154
all_no_ak,extra_trees_600_d3,5,peTTM_rank252,0.02594658672648676
all_no_ak,extra_trees_600_d3,5,pbMRQ_rank252,0.02618197083017953
all_no_ak,extra_trees_600_d3,5,psTTM_rank252,0.022221059667257893
all_no_ak,extra_trees_600_d3,5,pcfNcfTTM_rank252,0.010884050272893141
all_no_ak,extra_trees_600_d3,5,profit_roeAvg_chg4q,0.001193350591373646
all_no_ak,extra_trees_600_d3,5,profit_npMargin_chg4q,0.00037316034049979956
all_no_ak,extra_trees_600_d3,5,profit_gpMargin_chg4q,0.0010709281434180273
all_no_ak,extra_trees_600_d3,5,profit_netProfit_chg4q,0.0011101619843308637
all_no_ak,extra_trees_600_d3,5,profit_epsTTM_chg4q,9.933302903042034e-05
all_no_ak,extra_trees_600_d3,5,profit_totalShare_chg4q,0.0
all_no_ak,extra_trees_600_d3,5,profit_liqaShare_chg4q,0.0
all_no_ak,extra_trees_600_d3,5,growth_YOYEquity_chg4q,0.0006502991076643875
all_no_ak,extra_trees_600_d3,5,growth_YOYAsset_chg4q,3.5329580675227384e-05
all_no_ak,extra_trees_600_d3,5,growth_YOYNI_chg4q,0.00021186751761918457
all_no_ak,extra_trees_600_d3,5,growth_YOYEPSBasic_chg4q,0.00032950852390841524
all_no_ak,extra_trees_600_d3,5,growth_YOYPNI_chg4q,0.00011411807070066315
all_no_ak,extra_trees_600_d3,5,solvency_currentRatio_chg4q,0.0008319618407295822
all_no_ak,extra_trees_600_d3,5,solvency_quickRatio_chg4q,0.0012520162556770764
all_no_ak,extra_trees_600_d3,5,solvency_cashRatio_chg4q,0.0007329059067858573
all_no_ak,extra_trees_600_d3,5,solvency_YOYLiability_chg4q,0.0007644408567581753
all_no_ak,extra_trees_600_d3,5,solvency_liabilityToAsset_chg4q,0.000604673356680876
all_no_ak,extra_trees_600_d3,5,solvency_assetToEquity_chg4q,0.000654658380280669
all_no_ak,extra_trees_600_d3,5,cashflow_CAToAsset_chg4q,0.0002798165682891948
all_no_ak,extra_trees_600_d3,5,cashflow_NCAToAsset_chg4q,2.9638782508718866e-05
all_no_ak,extra_trees_600_d3,5,cashflow_tangibleAssetToAsset_chg4q,0.0011377693545078541
all_no_ak,extra_trees_600_d3,5,cashflow_CFOToOR_chg4q,0.0016743327895333508
all_no_ak,extra_trees_600_d3,5,cashflow_CFOToNP_chg4q,6.162944641329607e-05
all_no_ak,extra_trees_600_d3,5,cashflow_CFOToGr_chg4q,0.0029500938140618075
all_no_ak,extra_trees_600_d3,5,dupont_dupontROE_chg4q,0.0013253856144200284
all_no_ak,extra_trees_600_d3,5,dupont_dupontAssetStoEquity_chg4q,0.0016715068931288071
all_no_ak,extra_trees_600_d3,5,dupont_dupontAssetTurn_chg4q,0.002624064274461759
all_no_ak,extra_trees_600_d3,5,dupont_dupontPnitoni_chg4q,0.000703245342273266
all_no_ak,extra_trees_600_d3,5,dupont_dupontNitogr_chg4q,0.0001779861866485951
all_no_ak,extra_trees_600_d3,5,dupont_dupontTaxBurden_chg4q,0.0
all_no_ak,extra_trees_600_d3,5,dupont_dupontIntburden_chg4q,0.0017656459002435773
all_no_ak,extra_trees_600_d3,5,dupont_dupontEbittogr_chg4q,0.00011221648988913621
all_no_ak,extra_trees_600_d3,6,open_asof1455,0.01436912006611213
all_no_ak,extra_trees_600_d3,6,high_asof1455,0.014371920038124984
all_no_ak,extra_trees_600_d3,6,low_asof1455,0.017408677334369536
all_no_ak,extra_trees_600_d3,6,close_asof1455,0.014079940376042066
all_no_ak,extra_trees_600_d3,6,amount_asof1455,0.01314100488857324
all_no_ak,extra_trees_600_d3,6,n_intraday_bars_asof1455,0.0
all_no_ak,extra_trees_600_d3,6,vwap_asof1455,0.016529598806240164
all_no_ak,extra_trees_600_d3,6,close_ret1_asof,0.007888925152091513
all_no_ak,extra_trees_600_d3,6,close_ret3_asof,0.005061294598778311
all_no_ak,extra_trees_600_d3,6,close_ret5_asof,0.0073701234529730455
all_no_ak,extra_trees_600_d3,6,close_ret20_asof,0.006989992634710772
all_no_ak,extra_trees_600_d3,6,close_ret60_asof,0.007434795636176349
all_no_ak,extra_trees_600_d3,6,close_ma20_gap_asof,0.011636577085051626
all_no_ak,extra_trees_600_d3,6,close_ma60_gap_asof,0.017743212928708115
all_no_ak,extra_trees_600_d3,6,close_z20_asof,0.005195555322431602
all_no_ak,extra_trees_600_d3,6,close_z60_asof,0.01704566325068351
all_no_ak,extra_trees_600_d3,6,volume_asof1455,0.0193554643621797
all_no_ak,extra_trees_600_d3,6,peTTM,0.01762406000268435
all_no_ak,extra_trees_600_d3,6,pbMRQ,0.019613965823232795
all_no_ak,extra_trees_600_d3,6,psTTM,0.018077104702686787
all_no_ak,extra_trees_600_d3,6,pcfNcfTTM,0.041617980533829146
all_no_ak,extra_trees_600_d3,6,profit_roeAvg,0.0135988945953099
all_no_ak,extra_trees_600_d3,6,profit_npMargin,0.02212049437144625
all_no_ak,extra_trees_600_d3,6,profit_gpMargin,0.005846743402613725
all_no_ak,extra_trees_600_d3,6,profit_netProfit,0.01195300337366742
all_no_ak,extra_trees_600_d3,6,profit_epsTTM,0.007985376914972434
all_no_ak,extra_trees_600_d3,6,profit_totalShare,0.0
all_no_ak,extra_trees_600_d3,6,profit_liqaShare,0.0
all_no_ak,extra_trees_600_d3,6,operation_NRTurnRatio,0.006184079836695083
all_no_ak,extra_trees_600_d3,6,operation_NRTurnDays,0.026872357208052245
all_no_ak,extra_trees_600_d3,6,operation_INVTurnRatio,0.0029044978242854756
all_no_ak,extra_trees_600_d3,6,operation_INVTurnDays,0.023423271621211952
all_no_ak,extra_trees_600_d3,6,operation_CATurnRatio,0.008127227753248846
all_no_ak,extra_trees_600_d3,6,operation_AssetTurnRatio,0.011101298529325494
all_no_ak,extra_trees_600_d3,6,growth_YOYEquity,0.007318284213555037
all_no_ak,extra_trees_600_d3,6,growth_YOYAsset,0.0030004443290501974
all_no_ak,extra_trees_600_d3,6,growth_YOYNI,0.03388900515839634
all_no_ak,extra_trees_600_d3,6,growth_YOYEPSBasic,0.018240777934825644
all_no_ak,extra_trees_600_d3,6,growth_YOYPNI,0.03234929152758348
all_no_ak,extra_trees_600_d3,6,solvency_currentRatio,0.01358271030717417
all_no_ak,extra_trees_600_d3,6,solvency_quickRatio,0.0182739229561005
all_no_ak,extra_trees_600_d3,6,solvency_cashRatio,0.0050042191189301035
all_no_ak,extra_trees_600_d3,6,solvency_YOYLiability,0.003793565948169992
all_no_ak,extra_trees_600_d3,6,solvency_liabilityToAsset,0.005598669727236423
all_no_ak,extra_trees_600_d3,6,solvency_assetToEquity,0.00983314380787822
all_no_ak,extra_trees_600_d3,6,cashflow_CAToAsset,0.008146736294100612
all_no_ak,extra_trees_600_d3,6,cashflow_NCAToAsset,0.004673969374620928
all_no_ak,extra_trees_600_d3,6,cashflow_tangibleAssetToAsset,0.010690712205803728
all_no_ak,extra_trees_600_d3,6,cashflow_CFOToOR,0.01995335743228751
all_no_ak,extra_trees_600_d3,6,cashflow_CFOToNP,0.016725649206175194
all_no_ak,extra_trees_600_d3,6,cashflow_CFOToGr,0.021796011039903765
all_no_ak,extra_trees_600_d3,6,dupont_dupontROE,0.016258997206988028
all_no_ak,extra_trees_600_d3,6,dupont_dupontAssetStoEquity,0.007420246600299791
all_no_ak,extra_trees_600_d3,6,dupont_dupontAssetTurn,0.00927097769024825
all_no_ak,extra_trees_600_d3,6,dupont_dupontPnitoni,0.028661744567595668
all_no_ak,extra_trees_600_d3,6,dupont_dupontNitogr,0.018677308127084503
all_no_ak,extra_trees_600_d3,6,dupont_dupontTaxBurden,0.03066305653396917
all_no_ak,extra_trees_600_d3,6,dupont_dupontIntburden,0.0017672941657160867
all_no_ak,extra_trees_600_d3,6,dupont_dupontEbittogr,0.01641611234676948
all_no_ak,extra_trees_600_d3,6,fund_days_since_effective,0.029333131880357032
all_no_ak,extra_trees_600_d3,6,peTTM_rank252,0.03486541772364939
all_no_ak,extra_trees_600_d3,6,pbMRQ_rank252,0.028425604711013547
all_no_ak,extra_trees_600_d3,6,psTTM_rank252,0.029679511754051462
all_no_ak,extra_trees_600_d3,6,pcfNcfTTM_rank252,0.009113433475611148
all_no_ak,extra_trees_600_d3,6,profit_roeAvg_chg4q,0.001457401440774601
all_no_ak,extra_trees_600_d3,6,profit_npMargin_chg4q,0.005374359473994828
all_no_ak,extra_trees_600_d3,6,profit_gpMargin_chg4q,0.0004104705029551244
all_no_ak,extra_trees_600_d3,6,profit_netProfit_chg4q,0.001981466418031583
all_no_ak,extra_trees_600_d3,6,profit_epsTTM_chg4q,0.0016294687867193084
all_no_ak,extra_trees_600_d3,6,profit_totalShare_chg4q,0.0
all_no_ak,extra_trees_600_d3,6,profit_liqaShare_chg4q,0.0
all_no_ak,extra_trees_600_d3,6,growth_YOYEquity_chg4q,0.0026875187136103634
all_no_ak,extra_trees_600_d3,6,growth_YOYAsset_chg4q,0.0017190171443155866
all_no_ak,extra_trees_600_d3,6,growth_YOYNI_chg4q,0.00015577476049532347
all_no_ak,extra_trees_600_d3,6,growth_YOYEPSBasic_chg4q,0.000323935558975359
all_no_ak,extra_trees_600_d3,6,growth_YOYPNI_chg4q,0.00020205791412244162
all_no_ak,extra_trees_600_d3,6,solvency_currentRatio_chg4q,0.00296013695483442
all_no_ak,extra_trees_600_d3,6,solvency_quickRatio_chg4q,0.0009591017614421812
all_no_ak,extra_trees_600_d3,6,solvency_cashRatio_chg4q,0.0013537332971991
all_no_ak,extra_trees_600_d3,6,solvency_YOYLiability_chg4q,0.0024711849333603417
all_no_ak,extra_trees_600_d3,6,solvency_liabilityToAsset_chg4q,0.002697578087478256
all_no_ak,extra_trees_600_d3,6,solvency_assetToEquity_chg4q,0.0016717368340915875
all_no_ak,extra_trees_600_d3,6,cashflow_CAToAsset_chg4q,0.004442107577134536
all_no_ak,extra_trees_600_d3,6,cashflow_NCAToAsset_chg4q,0.00463274858283224
all_no_ak,extra_trees_600_d3,6,cashflow_tangibleAssetToAsset_chg4q,0.001565585200454353
all_no_ak,extra_trees_600_d3,6,cashflow_CFOToOR_chg4q,0.007296929117911528
all_no_ak,extra_trees_600_d3,6,cashflow_CFOToNP_chg4q,0.0008419569228181011
all_no_ak,extra_trees_600_d3,6,cashflow_CFOToGr_chg4q,0.0073657321011675134
all_no_ak,extra_trees_600_d3,6,dupont_dupontROE_chg4q,0.0013319518094246786
all_no_ak,extra_trees_600_d3,6,dupont_dupontAssetStoEquity_chg4q,0.005305334269712974
all_no_ak,extra_trees_600_d3,6,dupont_dupontAssetTurn_chg4q,0.0015467478452777896
all_no_ak,extra_trees_600_d3,6,dupont_dupontPnitoni_chg4q,0.00030206033439868267
all_no_ak,extra_trees_600_d3,6,dupont_dupontNitogr_chg4q,0.002251383282274797
all_no_ak,extra_trees_600_d3,6,dupont_dupontTaxBurden_chg4q,0.00043860088510925497
all_no_ak,extra_trees_600_d3,6,dupont_dupontIntburden_chg4q,0.002493490622659399
all_no_ak,extra_trees_600_d3,6,dupont_dupontEbittogr_chg4q,0.006034899074769798
all_no_ak,extra_trees_600_d3,7,open_asof1455,0.010863741001321163
all_no_ak,extra_trees_600_d3,7,high_asof1455,0.010505591589565553
all_no_ak,extra_trees_600_d3,7,low_asof1455,0.009806881961138394
all_no_ak,extra_trees_600_d3,7,close_asof1455,0.012195080614862942
all_no_ak,extra_trees_600_d3,7,amount_asof1455,0.013402058342429
all_no_ak,extra_trees_600_d3,7,n_intraday_bars_asof1455,0.0
all_no_ak,extra_trees_600_d3,7,vwap_asof1455,0.008524056860505492
all_no_ak,extra_trees_600_d3,7,close_ret1_asof,0.01609743917662931
all_no_ak,extra_trees_600_d3,7,close_ret3_asof,0.018765362097774557
all_no_ak,extra_trees_600_d3,7,close_ret5_asof,0.011423143789839192
all_no_ak,extra_trees_600_d3,7,close_ret20_asof,0.009161474397811635
all_no_ak,extra_trees_600_d3,7,close_ret60_asof,0.0146154888580752
all_no_ak,extra_trees_600_d3,7,close_ma20_gap_asof,0.022616967642136665
all_no_ak,extra_trees_600_d3,7,close_ma60_gap_asof,0.014000663824508996
all_no_ak,extra_trees_600_d3,7,close_z20_asof,0.00829403719056797
all_no_ak,extra_trees_600_d3,7,close_z60_asof,0.02030050022287359
all_no_ak,extra_trees_600_d3,7,volume_asof1455,0.01941341005254261
all_no_ak,extra_trees_600_d3,7,peTTM,0.006922446561299727
all_no_ak,extra_trees_600_d3,7,pbMRQ,0.013682400154995701
all_no_ak,extra_trees_600_d3,7,psTTM,0.015287951841198372
all_no_ak,extra_trees_600_d3,7,pcfNcfTTM,0.015940202145079175
all_no_ak,extra_trees_600_d3,7,profit_roeAvg,0.014532884494308791
all_no_ak,extra_trees_600_d3,7,profit_npMargin,0.005310440715804186
all_no_ak,extra_trees_600_d3,7,profit_gpMargin,0.011560928512704825
all_no_ak,extra_trees_600_d3,7,profit_netProfit,0.013885959263862574
all_no_ak,extra_trees_600_d3,7,profit_epsTTM,0.00540074809516709
all_no_ak,extra_trees_600_d3,7,profit_totalShare,0.0
all_no_ak,extra_trees_600_d3,7,profit_liqaShare,0.0
all_no_ak,extra_trees_600_d3,7,operation_NRTurnRatio,0.014354398775784618
all_no_ak,extra_trees_600_d3,7,operation_NRTurnDays,0.008958360090994282
all_no_ak,extra_trees_600_d3,7,operation_INVTurnRatio,0.006957453501770417
all_no_ak,extra_trees_600_d3,7,operation_INVTurnDays,0.008464454353597568
all_no_ak,extra_trees_600_d3,7,operation_CATurnRatio,0.011685716861190677
all_no_ak,extra_trees_600_d3,7,operation_AssetTurnRatio,0.011498239172530652
all_no_ak,extra_trees_600_d3,7,growth_YOYEquity,0.00540210515103545
all_no_ak,extra_trees_600_d3,7,growth_YOYAsset,0.005788048995956449
all_no_ak,extra_trees_600_d3,7,growth_YOYNI,0.007301018892173161
all_no_ak,extra_trees_600_d3,7,growth_YOYEPSBasic,0.0023944787313468397
all_no_ak,extra_trees_600_d3,7,growth_YOYPNI,0.0026775195836461207
all_no_ak,extra_trees_600_d3,7,solvency_currentRatio,0.010942082011203478
all_no_ak,extra_trees_600_d3,7,solvency_quickRatio,0.010893190178562398
all_no_ak,extra_trees_600_d3,7,solvency_cashRatio,0.006344076467063634
all_no_ak,extra_trees_600_d3,7,solvency_YOYLiability,0.008212058149458183
all_no_ak,extra_trees_600_d3,7,solvency_liabilityToAsset,0.005139814254985677
all_no_ak,extra_trees_600_d3,7,solvency_assetToEquity,0.024679358809263755
all_no_ak,extra_trees_600_d3,7,cashflow_CAToAsset,0.006783131668891476
all_no_ak,extra_trees_600_d3,7,cashflow_NCAToAsset,0.008542605808625236
all_no_ak,extra_trees_600_d3,7,cashflow_tangibleAssetToAsset,0.017995753372903166
all_no_ak,extra_trees_600_d3,7,cashflow_CFOToOR,0.02191799552953044
all_no_ak,extra_trees_600_d3,7,cashflow_CFOToNP,0.031671084050767635
all_no_ak,extra_trees_600_d3,7,cashflow_CFOToGr,0.019547462917452255
all_no_ak,extra_trees_600_d3,7,dupont_dupontROE,0.010598543432302713
all_no_ak,extra_trees_600_d3,7,dupont_dupontAssetStoEquity,0.01626158228476598
all_no_ak,extra_trees_600_d3,7,dupont_dupontAssetTurn,0.011139536253378223
all_no_ak,extra_trees_600_d3,7,dupont_dupontPnitoni,0.008154851887017247
all_no_ak,extra_trees_600_d3,7,dupont_dupontNitogr,0.006904605884539106
all_no_ak,extra_trees_600_d3,7,dupont_dupontTaxBurden,0.01128660234877761
all_no_ak,extra_trees_600_d3,7,dupont_dupontIntburden,0.008985765767637821
all_no_ak,extra_trees_600_d3,7,dupont_dupontEbittogr,0.003708913458088975
all_no_ak,extra_trees_600_d3,7,fund_days_since_effective,0.03450542138648246
all_no_ak,extra_trees_600_d3,7,peTTM_rank252,0.013206229195521717
all_no_ak,extra_trees_600_d3,7,pbMRQ_rank252,0.037366608793982535
all_no_ak,extra_trees_600_d3,7,psTTM_rank252,0.048438226234511515
all_no_ak,extra_trees_600_d3,7,pcfNcfTTM_rank252,0.009971212167862044
all_no_ak,extra_trees_600_d3,7,profit_roeAvg_chg4q,0.004414597673900092
all_no_ak,extra_trees_600_d3,7,profit_npMargin_chg4q,0.011686978460864163
all_no_ak,extra_trees_600_d3,7,profit_gpMargin_chg4q,0.005283361316644764
all_no_ak,extra_trees_600_d3,7,profit_netProfit_chg4q,0.004957989702864719
all_no_ak,extra_trees_600_d3,7,profit_epsTTM_chg4q,0.007270310531479724
all_no_ak,extra_trees_600_d3,7,profit_totalShare_chg4q,0.0
all_no_ak,extra_trees_600_d3,7,profit_liqaShare_chg4q,0.0
all_no_ak,extra_trees_600_d3,7,growth_YOYEquity_chg4q,0.005243468298590808
all_no_ak,extra_trees_600_d3,7,growth_YOYAsset_chg4q,0.00455112500717661
all_no_ak,extra_trees_600_d3,7,growth_YOYNI_chg4q,0.0007872280733789149
all_no_ak,extra_trees_600_d3,7,growth_YOYEPSBasic_chg4q,0.001623559130879281
all_no_ak,extra_trees_600_d3,7,growth_YOYPNI_chg4q,0.0016605591068267157
all_no_ak,extra_trees_600_d3,7,solvency_currentRatio_chg4q,0.0037195788847014634
all_no_ak,extra_trees_600_d3,7,solvency_quickRatio_chg4q,0.003176313627388378
all_no_ak,extra_trees_600_d3,7,solvency_cashRatio_chg4q,0.0024761624763535908
all_no_ak,extra_trees_600_d3,7,solvency_YOYLiability_chg4q,0.0035842590711245167
all_no_ak,extra_trees_600_d3,7,solvency_liabilityToAsset_chg4q,0.0017579204961723173
all_no_ak,extra_trees_600_d3,7,solvency_assetToEquity_chg4q,0.0034583336025138913
all_no_ak,extra_trees_600_d3,7,cashflow_CAToAsset_chg4q,0.012212091040585375
all_no_ak,extra_trees_600_d3,7,cashflow_NCAToAsset_chg4q,0.020480969235677035
all_no_ak,extra_trees_600_d3,7,cashflow_tangibleAssetToAsset_chg4q,0.004558986989262207
all_no_ak,extra_trees_600_d3,7,cashflow_CFOToOR_chg4q,0.02480368959547221
all_no_ak,extra_trees_600_d3,7,cashflow_CFOToNP_chg4q,0.0006630526864347947
all_no_ak,extra_trees_600_d3,7,cashflow_CFOToGr_chg4q,0.0197291748303574
all_no_ak,extra_trees_600_d3,7,dupont_dupontROE_chg4q,0.006221179619157558
all_no_ak,extra_trees_600_d3,7,dupont_dupontAssetStoEquity_chg4q,0.004761458543440009
all_no_ak,extra_trees_600_d3,7,dupont_dupontAssetTurn_chg4q,0.00964189795253618
all_no_ak,extra_trees_600_d3,7,dupont_dupontPnitoni_chg4q,0.0008165783036662504
all_no_ak,extra_trees_600_d3,7,dupont_dupontNitogr_chg4q,0.005500776666584093
all_no_ak,extra_trees_600_d3,7,dupont_dupontTaxBurden_chg4q,0.0010500743109502124
all_no_ak,extra_trees_600_d3,7,dupont_dupontIntburden_chg4q,0.0058607304246098835
all_no_ak,extra_trees_600_d3,7,dupont_dupontEbittogr_chg4q,0.01685922850980258
all_no_ak,extra_trees_600_d3,8,open_asof1455,0.010242126210073664
all_no_ak,extra_trees_600_d3,8,high_asof1455,0.01312413995553201
all_no_ak,extra_trees_600_d3,8,low_asof1455,0.011011947346939473
all_no_ak,extra_trees_600_d3,8,close_asof1455,0.014803752008432841
all_no_ak,extra_trees_600_d3,8,amount_asof1455,0.02046018698582167
all_no_ak,extra_trees_600_d3,8,n_intraday_bars_asof1455,0.0
all_no_ak,extra_trees_600_d3,8,vwap_asof1455,0.01343664501536115
all_no_ak,extra_trees_600_d3,8,close_ret1_asof,0.026216745242260864
all_no_ak,extra_trees_600_d3,8,close_ret3_asof,0.018161226151691044
all_no_ak,extra_trees_600_d3,8,close_ret5_asof,0.027786128777291405
all_no_ak,extra_trees_600_d3,8,close_ret20_asof,0.012486664950432802
all_no_ak,extra_trees_600_d3,8,close_ret60_asof,0.029379683931075675
all_no_ak,extra_trees_600_d3,8,close_ma20_gap_asof,0.025848934859723515
all_no_ak,extra_trees_600_d3,8,close_ma60_gap_asof,0.0235934185410462
all_no_ak,extra_trees_600_d3,8,close_z20_asof,0.01431279282218395
all_no_ak,extra_trees_600_d3,8,close_z60_asof,0.019066400001163466
all_no_ak,extra_trees_600_d3,8,volume_asof1455,0.03208980131153016
all_no_ak,extra_trees_600_d3,8,peTTM,0.01527770939207065
all_no_ak,extra_trees_600_d3,8,pbMRQ,0.01650359339088027
all_no_ak,extra_trees_600_d3,8,psTTM,0.011735184286148934
all_no_ak,extra_trees_600_d3,8,pcfNcfTTM,0.018763681401987274
all_no_ak,extra_trees_600_d3,8,profit_roeAvg,0.009519407637214816
all_no_ak,extra_trees_600_d3,8,profit_npMargin,0.005552567936217821
all_no_ak,extra_trees_600_d3,8,profit_gpMargin,0.008021765891852616
all_no_ak,extra_trees_600_d3,8,profit_netProfit,0.014554517532494673
all_no_ak,extra_trees_600_d3,8,profit_epsTTM,0.004904097892495286
all_no_ak,extra_trees_600_d3,8,profit_totalShare,0.0
all_no_ak,extra_trees_600_d3,8,profit_liqaShare,0.0
all_no_ak,extra_trees_600_d3,8,operation_NRTurnRatio,0.011126672879406411
all_no_ak,extra_trees_600_d3,8,operation_NRTurnDays,0.007621668167264139
all_no_ak,extra_trees_600_d3,8,operation_INVTurnRatio,0.009085009133973462
all_no_ak,extra_trees_600_d3,8,operation_INVTurnDays,0.009360000524754934
all_no_ak,extra_trees_600_d3,8,operation_CATurnRatio,0.012742783560056406
all_no_ak,extra_trees_600_d3,8,operation_AssetTurnRatio,0.011700139843370778
all_no_ak,extra_trees_600_d3,8,growth_YOYEquity,0.008808247098795073
all_no_ak,extra_trees_600_d3,8,growth_YOYAsset,0.007344303785418691
all_no_ak,extra_trees_600_d3,8,growth_YOYNI,0.011727551854992035
all_no_ak,extra_trees_600_d3,8,growth_YOYEPSBasic,0.00390596860780071
all_no_ak,extra_trees_600_d3,8,growth_YOYPNI,0.003996317512854675
all_no_ak,extra_trees_600_d3,8,solvency_currentRatio,0.010293908707037907
all_no_ak,extra_trees_600_d3,8,solvency_quickRatio,0.006671458523875398
all_no_ak,extra_trees_600_d3,8,solvency_cashRatio,0.003395645334982335
all_no_ak,extra_trees_600_d3,8,solvency_YOYLiability,0.008349543228356121
all_no_ak,extra_trees_600_d3,8,solvency_liabilityToAsset,0.004969910906653021
all_no_ak,extra_trees_600_d3,8,solvency_assetToEquity,0.013427584662166682
all_no_ak,extra_trees_600_d3,8,cashflow_CAToAsset,0.012542698138109874
all_no_ak,extra_trees_600_d3,8,cashflow_NCAToAsset,0.009877894718525267
all_no_ak,extra_trees_600_d3,8,cashflow_tangibleAssetToAsset,0.013643672210858281
all_no_ak,extra_trees_600_d3,8,cashflow_CFOToOR,0.020905921912981695
all_no_ak,extra_trees_600_d3,8,cashflow_CFOToNP,0.03249826837713852
all_no_ak,extra_trees_600_d3,8,cashflow_CFOToGr,0.02549172802128989
all_no_ak,extra_trees_600_d3,8,dupont_dupontROE,0.007843222540976262
all_no_ak,extra_trees_600_d3,8,dupont_dupontAssetStoEquity,0.004253648310935983
all_no_ak,extra_trees_600_d3,8,dupont_dupontAssetTurn,0.011202892323231435
all_no_ak,extra_trees_600_d3,8,dupont_dupontPnitoni,0.010797305335200732
all_no_ak,extra_trees_600_d3,8,dupont_dupontNitogr,0.0051694588761748705
all_no_ak,extra_trees_600_d3,8,dupont_dupontTaxBurden,0.019232081268932538
all_no_ak,extra_trees_600_d3,8,dupont_dupontIntburden,0.008197305019709932
all_no_ak,extra_trees_600_d3,8,dupont_dupontEbittogr,0.004114359712842658
all_no_ak,extra_trees_600_d3,8,fund_days_since_effective,0.030336742514337562
all_no_ak,extra_trees_600_d3,8,peTTM_rank252,0.028253040660595974
all_no_ak,extra_trees_600_d3,8,pbMRQ_rank252,0.04419341108125862
all_no_ak,extra_trees_600_d3,8,psTTM_rank252,0.05926527798245798
all_no_ak,extra_trees_600_d3,8,pcfNcfTTM_rank252,0.01862074316522751
all_no_ak,extra_trees_600_d3,8,profit_roeAvg_chg4q,0.001598039851071019
all_no_ak,extra_trees_600_d3,8,profit_npMargin_chg4q,0.0013041344413451976
all_no_ak,extra_trees_600_d3,8,profit_gpMargin_chg4q,0.0051716983920357855
all_no_ak,extra_trees_600_d3,8,profit_netProfit_chg4q,0.001343697111515307
all_no_ak,extra_trees_600_d3,8,profit_epsTTM_chg4q,0.0006339865656345671
all_no_ak,extra_trees_600_d3,8,profit_totalShare_chg4q,0.0
all_no_ak,extra_trees_600_d3,8,profit_liqaShare_chg4q,0.0
all_no_ak,extra_trees_600_d3,8,growth_YOYEquity_chg4q,0.003648375509938859
all_no_ak,extra_trees_600_d3,8,growth_YOYAsset_chg4q,0.004154499393964631
all_no_ak,extra_trees_600_d3,8,growth_YOYNI_chg4q,0.0017514525595686895
all_no_ak,extra_trees_600_d3,8,growth_YOYEPSBasic_chg4q,0.001633986824407219
all_no_ak,extra_trees_600_d3,8,growth_YOYPNI_chg4q,0.0014527187840554139
all_no_ak,extra_trees_600_d3,8,solvency_currentRatio_chg4q,0.005794892534939713
all_no_ak,extra_trees_600_d3,8,solvency_quickRatio_chg4q,0.002783805605127624
all_no_ak,extra_trees_600_d3,8,solvency_cashRatio_chg4q,0.0017977336385150108
all_no_ak,extra_trees_600_d3,8,solvency_YOYLiability_chg4q,0.009887552681994385
all_no_ak,extra_trees_600_d3,8,solvency_liabilityToAsset_chg4q,0.0013720518611260446
all_no_ak,extra_trees_600_d3,8,solvency_assetToEquity_chg4q,0.002913077828015749
all_no_ak,extra_trees_600_d3,8,cashflow_CAToAsset_chg4q,0.0006843365393549155
all_no_ak,extra_trees_600_d3,8,cashflow_NCAToAsset_chg4q,0.0019487800506935312
all_no_ak,extra_trees_600_d3,8,cashflow_tangibleAssetToAsset_chg4q,0.0035547352324930173
all_no_ak,extra_trees_600_d3,8,cashflow_CFOToOR_chg4q,0.0006954253977032708
all_no_ak,extra_trees_600_d3,8,cashflow_CFOToNP_chg4q,0.0005518142318123896
all_no_ak,extra_trees_600_d3,8,cashflow_CFOToGr_chg4q,0.000877428177195975
all_no_ak,extra_trees_600_d3,8,dupont_dupontROE_chg4q,0.0019338467616063788
all_no_ak,extra_trees_600_d3,8,dupont_dupontAssetStoEquity_chg4q,0.004222189042936913
all_no_ak,extra_trees_600_d3,8,dupont_dupontAssetTurn_chg4q,0.0021054981276027885
all_no_ak,extra_trees_600_d3,8,dupont_dupontPnitoni_chg4q,0.0006015565483135628
all_no_ak,extra_trees_600_d3,8,dupont_dupontNitogr_chg4q,0.0021134376909856816
all_no_ak,extra_trees_600_d3,8,dupont_dupontTaxBurden_chg4q,0.00023070684477894025
all_no_ak,extra_trees_600_d3,8,dupont_dupontIntburden_chg4q,0.0034435770737167607
all_no_ak,extra_trees_600_d3,8,dupont_dupontEbittogr_chg4q,0.0019754587230840946
all_no_ak,extra_trees_600_d3,9,open_asof1455,0.00899725457027684
all_no_ak,extra_trees_600_d3,9,high_asof1455,0.009921146660686442
all_no_ak,extra_trees_600_d3,9,low_asof1455,0.009860659871690332
all_no_ak,extra_trees_600_d3,9,close_asof1455,0.01382606459698896
all_no_ak,extra_trees_600_d3,9,amount_asof1455,0.02370911381800403
all_no_ak,extra_trees_600_d3,9,n_intraday_bars_asof1455,0.0
all_no_ak,extra_trees_600_d3,9,vwap_asof1455,0.01507182560185386
all_no_ak,extra_trees_600_d3,9,close_ret1_asof,0.01711305631832444
all_no_ak,extra_trees_600_d3,9,close_ret3_asof,0.01808852592010131
all_no_ak,extra_trees_600_d3,9,close_ret5_asof,0.015291919369497774
all_no_ak,extra_trees_600_d3,9,close_ret20_asof,0.01430740217385111
all_no_ak,extra_trees_600_d3,9,close_ret60_asof,0.019361197658642755
all_no_ak,extra_trees_600_d3,9,close_ma20_gap_asof,0.02366347331325514
all_no_ak,extra_trees_600_d3,9,close_ma60_gap_asof,0.026764794720144754
all_no_ak,extra_trees_600_d3,9,close_z20_asof,0.010786301058106833
all_no_ak,extra_trees_600_d3,9,close_z60_asof,0.022527885807099607
all_no_ak,extra_trees_600_d3,9,volume_asof1455,0.02388331833717617
all_no_ak,extra_trees_600_d3,9,peTTM,0.01651452772638103
all_no_ak,extra_trees_600_d3,9,pbMRQ,0.017251888194319342
all_no_ak,extra_trees_600_d3,9,psTTM,0.018658676273838624
all_no_ak,extra_trees_600_d3,9,pcfNcfTTM,0.017447728628157737
all_no_ak,extra_trees_600_d3,9,profit_roeAvg,0.006667560044995482
all_no_ak,extra_trees_600_d3,9,profit_npMargin,0.007186689829326599
all_no_ak,extra_trees_600_d3,9,profit_gpMargin,0.005252951383568624
all_no_ak,extra_trees_600_d3,9,profit_netProfit,0.008109675802072976
all_no_ak,extra_trees_600_d3,9,profit_epsTTM,0.006391686818197853
all_no_ak,extra_trees_600_d3,9,profit_totalShare,0.0
all_no_ak,extra_trees_600_d3,9,profit_liqaShare,0.0
all_no_ak,extra_trees_600_d3,9,operation_NRTurnRatio,0.012912936594722707
all_no_ak,extra_trees_600_d3,9,operation_NRTurnDays,0.00601735908900412
all_no_ak,extra_trees_600_d3,9,operation_INVTurnRatio,0.01720818129976765
all_no_ak,extra_trees_600_d3,9,operation_INVTurnDays,0.011903600687037988
all_no_ak,extra_trees_600_d3,9,operation_CATurnRatio,0.022316053605981177
all_no_ak,extra_trees_600_d3,9,operation_AssetTurnRatio,0.022494098097961344
all_no_ak,extra_trees_600_d3,9,growth_YOYEquity,0.009781409829697215
all_no_ak,extra_trees_600_d3,9,growth_YOYAsset,0.0064815547709602865
all_no_ak,extra_trees_600_d3,9,growth_YOYNI,0.019337472338545696
all_no_ak,extra_trees_600_d3,9,growth_YOYEPSBasic,0.011716109897358159
all_no_ak,extra_trees_600_d3,9,growth_YOYPNI,0.011383270917119473
all_no_ak,extra_trees_600_d3,9,solvency_currentRatio,0.008219938497411372
all_no_ak,extra_trees_600_d3,9,solvency_quickRatio,0.007954097014768154
all_no_ak,extra_trees_600_d3,9,solvency_cashRatio,0.0040546701030955545
all_no_ak,extra_trees_600_d3,9,solvency_YOYLiability,0.007391726494498803
all_no_ak,extra_trees_600_d3,9,solvency_liabilityToAsset,0.002451642937644823
all_no_ak,extra_trees_600_d3,9,solvency_assetToEquity,0.005076916141194215
all_no_ak,extra_trees_600_d3,9,cashflow_CAToAsset,0.008607378177609272
all_no_ak,extra_trees_600_d3,9,cashflow_NCAToAsset,0.008510832312461827
all_no_ak,extra_trees_600_d3,9,cashflow_tangibleAssetToAsset,0.010752706754154533
all_no_ak,extra_trees_600_d3,9,cashflow_CFOToOR,0.022598164275652758
all_no_ak,extra_trees_600_d3,9,cashflow_CFOToNP,0.037509900834502466
all_no_ak,extra_trees_600_d3,9,cashflow_CFOToGr,0.025951185523188966
all_no_ak,extra_trees_600_d3,9,dupont_dupontROE,0.008814405399661853
all_no_ak,extra_trees_600_d3,9,dupont_dupontAssetStoEquity,0.005844335362168685
all_no_ak,extra_trees_600_d3,9,dupont_dupontAssetTurn,0.01564547963491025
all_no_ak,extra_trees_600_d3,9,dupont_dupontPnitoni,0.01027895532057126
all_no_ak,extra_trees_600_d3,9,dupont_dupontNitogr,0.005807363019934925
all_no_ak,extra_trees_600_d3,9,dupont_dupontTaxBurden,0.017948065805189747
all_no_ak,extra_trees_600_d3,9,dupont_dupontIntburden,0.01006486237844016
all_no_ak,extra_trees_600_d3,9,dupont_dupontEbittogr,0.007252609278883549
all_no_ak,extra_trees_600_d3,9,fund_days_since_effective,0.03513821919762992
all_no_ak,extra_trees_600_d3,9,peTTM_rank252,0.034552871106229184
all_no_ak,extra_trees_600_d3,9,pbMRQ_rank252,0.034779546039568565
all_no_ak,extra_trees_600_d3,9,psTTM_rank252,0.047168786142732046
all_no_ak,extra_trees_600_d3,9,pcfNcfTTM_rank252,0.0153136738950575
all_no_ak,extra_trees_600_d3,9,profit_roeAvg_chg4q,0.0008081677012075608
all_no_ak,extra_trees_600_d3,9,profit_npMargin_chg4q,0.0018955913822627857
all_no_ak,extra_trees_600_d3,9,profit_gpMargin_chg4q,0.0038026597777399487
all_no_ak,extra_trees_600_d3,9,profit_netProfit_chg4q,0.0006893913358286437
all_no_ak,extra_trees_600_d3,9,profit_epsTTM_chg4q,0.0024012613981939045
all_no_ak,extra_trees_600_d3,9,profit_totalShare_chg4q,0.0
all_no_ak,extra_trees_600_d3,9,profit_liqaShare_chg4q,0.0
all_no_ak,extra_trees_600_d3,9,growth_YOYEquity_chg4q,0.0038143375868942408
all_no_ak,extra_trees_600_d3,9,growth_YOYAsset_chg4q,0.006478996170246046
all_no_ak,extra_trees_600_d3,9,growth_YOYNI_chg4q,0.0017369399684632322
all_no_ak,extra_trees_600_d3,9,growth_YOYEPSBasic_chg4q,0.001905844274070958
all_no_ak,extra_trees_600_d3,9,growth_YOYPNI_chg4q,0.00212467720880938
all_no_ak,extra_trees_600_d3,9,solvency_currentRatio_chg4q,0.0046728657519532184
all_no_ak,extra_trees_600_d3,9,solvency_quickRatio_chg4q,0.002608160853520168
all_no_ak,extra_trees_600_d3,9,solvency_cashRatio_chg4q,0.0036290108919903143
all_no_ak,extra_trees_600_d3,9,solvency_YOYLiability_chg4q,0.00870602801180561
all_no_ak,extra_trees_600_d3,9,solvency_liabilityToAsset_chg4q,0.0010339869220624578
all_no_ak,extra_trees_600_d3,9,solvency_assetToEquity_chg4q,0.003923589232813668
all_no_ak,extra_trees_600_d3,9,cashflow_CAToAsset_chg4q,0.0017510287376281115
all_no_ak,extra_trees_600_d3,9,cashflow_NCAToAsset_chg4q,0.0008857583591561054
all_no_ak,extra_trees_600_d3,9,cashflow_tangibleAssetToAsset_chg4q,0.0040351827540459715
all_no_ak,extra_trees_600_d3,9,cashflow_CFOToOR_chg4q,0.001127061363204117
all_no_ak,extra_trees_600_d3,9,cashflow_CFOToNP_chg4q,0.0003606454403116001
all_no_ak,extra_trees_600_d3,9,cashflow_CFOToGr_chg4q,0.0005082990133125939
all_no_ak,extra_trees_600_d3,9,dupont_dupontROE_chg4q,0.0007984239185235526
all_no_ak,extra_trees_600_d3,9,dupont_dupontAssetStoEquity_chg4q,0.004987165018724529
all_no_ak,extra_trees_600_d3,9,dupont_dupontAssetTurn_chg4q,0.0006888688558317714
all_no_ak,extra_trees_600_d3,9,dupont_dupontPnitoni_chg4q,0.0006458326541000579
all_no_ak,extra_trees_600_d3,9,dupont_dupontNitogr_chg4q,0.0020600750434752835
all_no_ak,extra_trees_600_d3,9,dupont_dupontTaxBurden_chg4q,0.0004209835561966608
all_no_ak,extra_trees_600_d3,9,dupont_dupontIntburden_chg4q,0.002882460023174693
all_no_ak,extra_trees_600_d3,9,dupont_dupontEbittogr_chg4q,0.0027210035225779467
all_no_ak,extra_trees_600_d3,10,open_asof1455,0.01138009881205007
all_no_ak,extra_trees_600_d3,10,high_asof1455,0.009749539030314634
all_no_ak,extra_trees_600_d3,10,low_asof1455,0.009177059538465688
all_no_ak,extra_trees_600_d3,10,close_asof1455,0.01403777308420855
all_no_ak,extra_trees_600_d3,10,amount_asof1455,0.008703752740471632
all_no_ak,extra_trees_600_d3,10,n_intraday_bars_asof1455,0.0
all_no_ak,extra_trees_600_d3,10,vwap_asof1455,0.010456321891771302
all_no_ak,extra_trees_600_d3,10,close_ret1_asof,0.009607962925388777
all_no_ak,extra_trees_600_d3,10,close_ret3_asof,0.005343958225079345
all_no_ak,extra_trees_600_d3,10,close_ret5_asof,0.006600571855904292
all_no_ak,extra_trees_600_d3,10,close_ret20_asof,0.00925224113190265
all_no_ak,extra_trees_600_d3,10,close_ret60_asof,0.013735637381089107
all_no_ak,extra_trees_600_d3,10,close_ma20_gap_asof,0.008265138016909595
all_no_ak,extra_trees_600_d3,10,close_ma60_gap_asof,0.011465851048608533
all_no_ak,extra_trees_600_d3,10,close_z20_asof,0.005410971696895106
all_no_ak,extra_trees_600_d3,10,close_z60_asof,0.01045074687894682
all_no_ak,extra_trees_600_d3,10,volume_asof1455,0.013544600688191171
all_no_ak,extra_trees_600_d3,10,peTTM,0.010890156651637336
all_no_ak,extra_trees_600_d3,10,pbMRQ,0.017266898619443447
all_no_ak,extra_trees_600_d3,10,psTTM,0.017341561266017123
all_no_ak,extra_trees_600_d3,10,pcfNcfTTM,0.008745619678560202
all_no_ak,extra_trees_600_d3,10,profit_roeAvg,0.013957356849267504
all_no_ak,extra_trees_600_d3,10,profit_npMargin,0.031854031892144904
all_no_ak,extra_trees_600_d3,10,profit_gpMargin,0.03425246849332773
all_no_ak,extra_trees_600_d3,10,profit_netProfit,0.013353352818444447
all_no_ak,extra_trees_600_d3,10,profit_epsTTM,0.012306838980685783
all_no_ak,extra_trees_600_d3,10,profit_totalShare,0.0
all_no_ak,extra_trees_600_d3,10,profit_liqaShare,0.0
all_no_ak,extra_trees_600_d3,10,operation_NRTurnRatio,0.005225437928678293
all_no_ak,extra_trees_600_d3,10,operation_NRTurnDays,0.02307011994376322
all_no_ak,extra_trees_600_d3,10,operation_INVTurnRatio,0.0070749822362092445
all_no_ak,extra_trees_600_d3,10,operation_INVTurnDays,0.00899431209685129
all_no_ak,extra_trees_600_d3,10,operation_CATurnRatio,0.012194711501575929
all_no_ak,extra_trees_600_d3,10,operation_AssetTurnRatio,0.007996634311134492
all_no_ak,extra_trees_600_d3,10,growth_YOYEquity,0.01526558359807438
all_no_ak,extra_trees_600_d3,10,growth_YOYAsset,0.0037155779706066457
all_no_ak,extra_trees_600_d3,10,growth_YOYNI,0.022264631217570798
all_no_ak,extra_trees_600_d3,10,growth_YOYEPSBasic,0.009356627855659681
all_no_ak,extra_trees_600_d3,10,growth_YOYPNI,0.009367922473247815
all_no_ak,extra_trees_600_d3,10,solvency_currentRatio,0.04137155485760143
all_no_ak,extra_trees_600_d3,10,solvency_quickRatio,0.02321284708302982
all_no_ak,extra_trees_600_d3,10,solvency_cashRatio,0.0274200085098722
all_no_ak,extra_trees_600_d3,10,solvency_YOYLiability,0.003096491155794859
all_no_ak,extra_trees_600_d3,10,solvency_liabilityToAsset,0.02094955648542922
all_no_ak,extra_trees_600_d3,10,solvency_assetToEquity,0.015051768378335011
all_no_ak,extra_trees_600_d3,10,cashflow_CAToAsset,0.013286315634700575
all_no_ak,extra_trees_600_d3,10,cashflow_NCAToAsset,0.015812991125895726
all_no_ak,extra_trees_600_d3,10,cashflow_tangibleAssetToAsset,0.02801796283658198
all_no_ak,extra_trees_600_d3,10,cashflow_CFOToOR,0.04119348758158118
all_no_ak,extra_trees_600_d3,10,cashflow_CFOToNP,0.028034466133061493
all_no_ak,extra_trees_600_d3,10,cashflow_CFOToGr,0.0398885309104705
all_no_ak,extra_trees_600_d3,10,dupont_dupontROE,0.011263459745654373
all_no_ak,extra_trees_600_d3,10,dupont_dupontAssetStoEquity,0.018352910414030803
all_no_ak,extra_trees_600_d3,10,dupont_dupontAssetTurn,0.010371557795899215
all_no_ak,extra_trees_600_d3,10,dupont_dupontPnitoni,0.008790747213164161
all_no_ak,extra_trees_600_d3,10,dupont_dupontNitogr,0.024292132385175504
all_no_ak,extra_trees_600_d3,10,dupont_dupontTaxBurden,0.015699970922314063
all_no_ak,extra_trees_600_d3,10,dupont_dupontIntburden,0.006406433084669949
all_no_ak,extra_trees_600_d3,10,dupont_dupontEbittogr,0.030251342883916243
all_no_ak,extra_trees_600_d3,10,fund_days_since_effective,0.014525605932928586
all_no_ak,extra_trees_600_d3,10,peTTM_rank252,0.015769500593875635
all_no_ak,extra_trees_600_d3,10,pbMRQ_rank252,0.023081300474818423
all_no_ak,extra_trees_600_d3,10,psTTM_rank252,0.036896616454698564
all_no_ak,extra_trees_600_d3,10,pcfNcfTTM_rank252,0.021335989264333086
all_no_ak,extra_trees_600_d3,10,profit_roeAvg_chg4q,0.0002485334558799916
all_no_ak,extra_trees_600_d3,10,profit_npMargin_chg4q,0.0006732710867313429
all_no_ak,extra_trees_600_d3,10,profit_gpMargin_chg4q,0.0006362392703106418
all_no_ak,extra_trees_600_d3,10,profit_netProfit_chg4q,0.0006981035870939046
all_no_ak,extra_trees_600_d3,10,profit_epsTTM_chg4q,0.0005219328977977659
all_no_ak,extra_trees_600_d3,10,profit_totalShare_chg4q,0.0
all_no_ak,extra_trees_600_d3,10,profit_liqaShare_chg4q,0.0
all_no_ak,extra_trees_600_d3,10,growth_YOYEquity_chg4q,0.009363724103767368
all_no_ak,extra_trees_600_d3,10,growth_YOYAsset_chg4q,0.001929149179302885
all_no_ak,extra_trees_600_d3,10,growth_YOYNI_chg4q,0.0008414936065839359
all_no_ak,extra_trees_600_d3,10,growth_YOYEPSBasic_chg4q,8.451757737770846e-05
all_no_ak,extra_trees_600_d3,10,growth_YOYPNI_chg4q,0.00011524345469625432
all_no_ak,extra_trees_600_d3,10,solvency_currentRatio_chg4q,0.00037513512678521527
all_no_ak,extra_trees_600_d3,10,solvency_quickRatio_chg4q,0.0010153565869123885
all_no_ak,extra_trees_600_d3,10,solvency_cashRatio_chg4q,0.0010642567772903336
all_no_ak,extra_trees_600_d3,10,solvency_YOYLiability_chg4q,0.0004631290155688519
all_no_ak,extra_trees_600_d3,10,solvency_liabilityToAsset_chg4q,0.0
all_no_ak,extra_trees_600_d3,10,solvency_assetToEquity_chg4q,0.00034991753367720545
all_no_ak,extra_trees_600_d3,10,cashflow_CAToAsset_chg4q,0.0008810150063090434
all_no_ak,extra_trees_600_d3,10,cashflow_NCAToAsset_chg4q,0.0010255035104037192
all_no_ak,extra_trees_600_d3,10,cashflow_tangibleAssetToAsset_chg4q,0.0008218890072248005
all_no_ak,extra_trees_600_d3,10,cashflow_CFOToOR_chg4q,2.4885935714321672e-05
all_no_ak,extra_trees_600_d3,10,cashflow_CFOToNP_chg4q,0.0007074239211667121
all_no_ak,extra_trees_600_d3,10,cashflow_CFOToGr_chg4q,6.286462424589261e-05
all_no_ak,extra_trees_600_d3,10,dupont_dupontROE_chg4q,0.0003608892401602858
all_no_ak,extra_trees_600_d3,10,dupont_dupontAssetStoEquity_chg4q,0.0
all_no_ak,extra_trees_600_d3,10,dupont_dupontAssetTurn_chg4q,0.0003743743348557263
all_no_ak,extra_trees_600_d3,10,dupont_dupontPnitoni_chg4q,5.739466537376069e-05
all_no_ak,extra_trees_600_d3,10,dupont_dupontNitogr_chg4q,0.0005817709179685694
all_no_ak,extra_trees_600_d3,10,dupont_dupontTaxBurden_chg4q,8.69556867028521e-05
all_no_ak,extra_trees_600_d3,10,dupont_dupontIntburden_chg4q,0.0003250401420871732
all_no_ak,extra_trees_600_d3,10,dupont_dupontEbittogr_chg4q,0.00025939056108122165
all_no_ak,lgbm_leaves7_400,1,open_asof1455,37.0
all_no_ak,lgbm_leaves7_400,1,high_asof1455,42.0
all_no_ak,lgbm_leaves7_400,1,low_asof1455,38.0
all_no_ak,lgbm_leaves7_400,1,close_asof1455,91.0
all_no_ak,lgbm_leaves7_400,1,amount_asof1455,36.0
all_no_ak,lgbm_leaves7_400,1,n_intraday_bars_asof1455,0.0
all_no_ak,lgbm_leaves7_400,1,vwap_asof1455,11.0
all_no_ak,lgbm_leaves7_400,1,close_ret1_asof,85.0
all_no_ak,lgbm_leaves7_400,1,close_ret3_asof,178.0
all_no_ak,lgbm_leaves7_400,1,close_ret5_asof,192.0
all_no_ak,lgbm_leaves7_400,1,close_ret20_asof,126.0
all_no_ak,lgbm_leaves7_400,1,close_ret60_asof,96.0
all_no_ak,lgbm_leaves7_400,1,close_ma20_gap_asof,174.0
all_no_ak,lgbm_leaves7_400,1,close_ma60_gap_asof,30.0
all_no_ak,lgbm_leaves7_400,1,close_z20_asof,115.0
all_no_ak,lgbm_leaves7_400,1,close_z60_asof,57.0
all_no_ak,lgbm_leaves7_400,1,volume_asof1455,109.0
all_no_ak,lgbm_leaves7_400,1,peTTM,52.0
all_no_ak,lgbm_leaves7_400,1,pbMRQ,28.0
all_no_ak,lgbm_leaves7_400,1,psTTM,53.0
all_no_ak,lgbm_leaves7_400,1,pcfNcfTTM,29.0
all_no_ak,lgbm_leaves7_400,1,profit_roeAvg,7.0
all_no_ak,lgbm_leaves7_400,1,profit_npMargin,1.0
all_no_ak,lgbm_leaves7_400,1,profit_gpMargin,3.0
all_no_ak,lgbm_leaves7_400,1,profit_netProfit,0.0
all_no_ak,lgbm_leaves7_400,1,profit_epsTTM,1.0
all_no_ak,lgbm_leaves7_400,1,profit_totalShare,0.0
all_no_ak,lgbm_leaves7_400,1,profit_liqaShare,0.0
all_no_ak,lgbm_leaves7_400,1,operation_NRTurnRatio,1.0
all_no_ak,lgbm_leaves7_400,1,operation_NRTurnDays,0.0
all_no_ak,lgbm_leaves7_400,1,operation_INVTurnRatio,3.0
all_no_ak,lgbm_leaves7_400,1,operation_INVTurnDays,0.0
all_no_ak,lgbm_leaves7_400,1,operation_CATurnRatio,0.0
all_no_ak,lgbm_leaves7_400,1,operation_AssetTurnRatio,0.0
all_no_ak,lgbm_leaves7_400,1,growth_YOYEquity,0.0
all_no_ak,lgbm_leaves7_400,1,growth_YOYAsset,0.0
all_no_ak,lgbm_leaves7_400,1,growth_YOYNI,6.0
all_no_ak,lgbm_leaves7_400,1,growth_YOYEPSBasic,3.0
all_no_ak,lgbm_leaves7_400,1,growth_YOYPNI,1.0
all_no_ak,lgbm_leaves7_400,1,solvency_currentRatio,0.0
all_no_ak,lgbm_leaves7_400,1,solvency_quickRatio,0.0
all_no_ak,lgbm_leaves7_400,1,solvency_cashRatio,0.0
all_no_ak,lgbm_leaves7_400,1,solvency_YOYLiability,0.0
all_no_ak,lgbm_leaves7_400,1,solvency_liabilityToAsset,0.0
all_no_ak,lgbm_leaves7_400,1,solvency_assetToEquity,0.0
all_no_ak,lgbm_leaves7_400,1,cashflow_CAToAsset,2.0
all_no_ak,lgbm_leaves7_400,1,cashflow_NCAToAsset,0.0
all_no_ak,lgbm_leaves7_400,1,cashflow_tangibleAssetToAsset,0.0
all_no_ak,lgbm_leaves7_400,1,cashflow_CFOToOR,0.0
all_no_ak,lgbm_leaves7_400,1,cashflow_CFOToNP,3.0
all_no_ak,lgbm_leaves7_400,1,cashflow_CFOToGr,0.0
all_no_ak,lgbm_leaves7_400,1,dupont_dupontROE,0.0
all_no_ak,lgbm_leaves7_400,1,dupont_dupontAssetStoEquity,0.0
all_no_ak,lgbm_leaves7_400,1,dupont_dupontAssetTurn,0.0
all_no_ak,lgbm_leaves7_400,1,dupont_dupontPnitoni,2.0
all_no_ak,lgbm_leaves7_400,1,dupont_dupontNitogr,0.0
all_no_ak,lgbm_leaves7_400,1,dupont_dupontTaxBurden,0.0
all_no_ak,lgbm_leaves7_400,1,dupont_dupontIntburden,0.0
all_no_ak,lgbm_leaves7_400,1,dupont_dupontEbittogr,0.0
all_no_ak,lgbm_leaves7_400,1,fund_days_since_effective,120.0
all_no_ak,lgbm_leaves7_400,1,peTTM_rank252,61.0
all_no_ak,lgbm_leaves7_400,1,pbMRQ_rank252,11.0
all_no_ak,lgbm_leaves7_400,1,psTTM_rank252,65.0
all_no_ak,lgbm_leaves7_400,1,pcfNcfTTM_rank252,91.0
all_no_ak,lgbm_leaves7_400,1,profit_roeAvg_chg4q,0.0
all_no_ak,lgbm_leaves7_400,1,profit_npMargin_chg4q,0.0
all_no_ak,lgbm_leaves7_400,1,profit_gpMargin_chg4q,0.0
all_no_ak,lgbm_leaves7_400,1,profit_netProfit_chg4q,0.0
all_no_ak,lgbm_leaves7_400,1,profit_epsTTM_chg4q,0.0
all_no_ak,lgbm_leaves7_400,1,profit_totalShare_chg4q,0.0
all_no_ak,lgbm_leaves7_400,1,profit_liqaShare_chg4q,0.0
all_no_ak,lgbm_leaves7_400,1,growth_YOYEquity_chg4q,0.0
all_no_ak,lgbm_leaves7_400,1,growth_YOYAsset_chg4q,0.0
all_no_ak,lgbm_leaves7_400,1,growth_YOYNI_chg4q,0.0
all_no_ak,lgbm_leaves7_400,1,growth_YOYEPSBasic_chg4q,0.0
all_no_ak,lgbm_leaves7_400,1,growth_YOYPNI_chg4q,0.0
all_no_ak,lgbm_leaves7_400,1,solvency_currentRatio_chg4q,0.0
all_no_ak,lgbm_leaves7_400,1,solvency_quickRatio_chg4q,0.0
all_no_ak,lgbm_leaves7_400,1,solvency_cashRatio_chg4q,0.0
all_no_ak,lgbm_leaves7_400,1,solvency_YOYLiability_chg4q,1.0
all_no_ak,lgbm_leaves7_400,1,solvency_liabilityToAsset_chg4q,0.0
all_no_ak,lgbm_leaves7_400,1,solvency_assetToEquity_chg4q,0.0
all_no_ak,lgbm_leaves7_400,1,cashflow_CAToAsset_chg4q,0.0
all_no_ak,lgbm_leaves7_400,1,cashflow_NCAToAsset_chg4q,0.0
all_no_ak,lgbm_leaves7_400,1,cashflow_tangibleAssetToAsset_chg4q,0.0
all_no_ak,lgbm_leaves7_400,1,cashflow_CFOToOR_chg4q,0.0
all_no_ak,lgbm_leaves7_400,1,cashflow_CFOToNP_chg4q,0.0
all_no_ak,lgbm_leaves7_400,1,cashflow_CFOToGr_chg4q,0.0
all_no_ak,lgbm_leaves7_400,1,dupont_dupontROE_chg4q,0.0
all_no_ak,lgbm_leaves7_400,1,dupont_dupontAssetStoEquity_chg4q,0.0
all_no_ak,lgbm_leaves7_400,1,dupont_dupontAssetTurn_chg4q,0.0
all_no_ak,lgbm_leaves7_400,1,dupont_dupontPnitoni_chg4q,0.0
all_no_ak,lgbm_leaves7_400,1,dupont_dupontNitogr_chg4q,0.0
all_no_ak,lgbm_leaves7_400,1,dupont_dupontTaxBurden_chg4q,0.0
all_no_ak,lgbm_leaves7_400,1,dupont_dupontIntburden_chg4q,0.0
all_no_ak,lgbm_leaves7_400,1,dupont_dupontEbittogr_chg4q,0.0
all_no_ak,lgbm_leaves7_400,2,open_asof1455,13.0
all_no_ak,lgbm_leaves7_400,2,high_asof1455,18.0
all_no_ak,lgbm_leaves7_400,2,low_asof1455,32.0
all_no_ak,lgbm_leaves7_400,2,close_asof1455,42.0
all_no_ak,lgbm_leaves7_400,2,amount_asof1455,65.0
all_no_ak,lgbm_leaves7_400,2,n_intraday_bars_asof1455,0.0
all_no_ak,lgbm_leaves7_400,2,vwap_asof1455,12.0
all_no_ak,lgbm_leaves7_400,2,close_ret1_asof,151.0
all_no_ak,lgbm_leaves7_400,2,close_ret3_asof,101.0
all_no_ak,lgbm_leaves7_400,2,close_ret5_asof,231.0
all_no_ak,lgbm_leaves7_400,2,close_ret20_asof,58.0
all_no_ak,lgbm_leaves7_400,2,close_ret60_asof,134.0
all_no_ak,lgbm_leaves7_400,2,close_ma20_gap_asof,148.0
all_no_ak,lgbm_leaves7_400,2,close_ma60_gap_asof,71.0
all_no_ak,lgbm_leaves7_400,2,close_z20_asof,140.0
all_no_ak,lgbm_leaves7_400,2,close_z60_asof,110.0
all_no_ak,lgbm_leaves7_400,2,volume_asof1455,95.0
all_no_ak,lgbm_leaves7_400,2,peTTM,34.0
all_no_ak,lgbm_leaves7_400,2,pbMRQ,1.0
all_no_ak,lgbm_leaves7_400,2,psTTM,49.0
all_no_ak,lgbm_leaves7_400,2,pcfNcfTTM,30.0
all_no_ak,lgbm_leaves7_400,2,profit_roeAvg,0.0
all_no_ak,lgbm_leaves7_400,2,profit_npMargin,0.0
all_no_ak,lgbm_leaves7_400,2,profit_gpMargin,0.0
all_no_ak,lgbm_leaves7_400,2,profit_netProfit,0.0
all_no_ak,lgbm_leaves7_400,2,profit_epsTTM,0.0
all_no_ak,lgbm_leaves7_400,2,profit_totalShare,0.0
all_no_ak,lgbm_leaves7_400,2,profit_liqaShare,0.0
all_no_ak,lgbm_leaves7_400,2,operation_NRTurnRatio,2.0
all_no_ak,lgbm_leaves7_400,2,operation_NRTurnDays,0.0
all_no_ak,lgbm_leaves7_400,2,operation_INVTurnRatio,0.0
all_no_ak,lgbm_leaves7_400,2,operation_INVTurnDays,0.0
all_no_ak,lgbm_leaves7_400,2,operation_CATurnRatio,0.0
all_no_ak,lgbm_leaves7_400,2,operation_AssetTurnRatio,0.0
all_no_ak,lgbm_leaves7_400,2,growth_YOYEquity,0.0
all_no_ak,lgbm_leaves7_400,2,growth_YOYAsset,0.0
all_no_ak,lgbm_leaves7_400,2,growth_YOYNI,5.0
all_no_ak,lgbm_leaves7_400,2,growth_YOYEPSBasic,1.0
all_no_ak,lgbm_leaves7_400,2,growth_YOYPNI,3.0
all_no_ak,lgbm_leaves7_400,2,solvency_currentRatio,0.0
all_no_ak,lgbm_leaves7_400,2,solvency_quickRatio,0.0
all_no_ak,lgbm_leaves7_400,2,solvency_cashRatio,11.0
all_no_ak,lgbm_leaves7_400,2,solvency_YOYLiability,2.0
all_no_ak,lgbm_leaves7_400,2,solvency_liabilityToAsset,0.0
all_no_ak,lgbm_leaves7_400,2,solvency_assetToEquity,0.0
all_no_ak,lgbm_leaves7_400,2,cashflow_CAToAsset,0.0
all_no_ak,lgbm_leaves7_400,2,cashflow_NCAToAsset,0.0
all_no_ak,lgbm_leaves7_400,2,cashflow_tangibleAssetToAsset,0.0
all_no_ak,lgbm_leaves7_400,2,cashflow_CFOToOR,4.0
all_no_ak,lgbm_leaves7_400,2,cashflow_CFOToNP,5.0
all_no_ak,lgbm_leaves7_400,2,cashflow_CFOToGr,0.0
all_no_ak,lgbm_leaves7_400,2,dupont_dupontROE,0.0
all_no_ak,lgbm_leaves7_400,2,dupont_dupontAssetStoEquity,1.0
all_no_ak,lgbm_leaves7_400,2,dupont_dupontAssetTurn,0.0
all_no_ak,lgbm_leaves7_400,2,dupont_dupontPnitoni,3.0
all_no_ak,lgbm_leaves7_400,2,dupont_dupontNitogr,0.0
all_no_ak,lgbm_leaves7_400,2,dupont_dupontTaxBurden,0.0
all_no_ak,lgbm_leaves7_400,2,dupont_dupontIntburden,0.0
all_no_ak,lgbm_leaves7_400,2,dupont_dupontEbittogr,0.0
all_no_ak,lgbm_leaves7_400,2,fund_days_since_effective,142.0
all_no_ak,lgbm_leaves7_400,2,peTTM_rank252,30.0
all_no_ak,lgbm_leaves7_400,2,pbMRQ_rank252,34.0
all_no_ak,lgbm_leaves7_400,2,psTTM_rank252,117.0
all_no_ak,lgbm_leaves7_400,2,pcfNcfTTM_rank252,68.0
all_no_ak,lgbm_leaves7_400,2,profit_roeAvg_chg4q,0.0
all_no_ak,lgbm_leaves7_400,2,profit_npMargin_chg4q,0.0
all_no_ak,lgbm_leaves7_400,2,profit_gpMargin_chg4q,0.0
all_no_ak,lgbm_leaves7_400,2,profit_netProfit_chg4q,0.0
all_no_ak,lgbm_leaves7_400,2,profit_epsTTM_chg4q,0.0
all_no_ak,lgbm_leaves7_400,2,profit_totalShare_chg4q,0.0
all_no_ak,lgbm_leaves7_400,2,profit_liqaShare_chg4q,0.0
all_no_ak,lgbm_leaves7_400,2,growth_YOYEquity_chg4q,0.0
all_no_ak,lgbm_leaves7_400,2,growth_YOYAsset_chg4q,5.0
all_no_ak,lgbm_leaves7_400,2,growth_YOYNI_chg4q,0.0
all_no_ak,lgbm_leaves7_400,2,growth_YOYEPSBasic_chg4q,0.0
all_no_ak,lgbm_leaves7_400,2,growth_YOYPNI_chg4q,0.0
all_no_ak,lgbm_leaves7_400,2,solvency_currentRatio_chg4q,0.0
all_no_ak,lgbm_leaves7_400,2,solvency_quickRatio_chg4q,0.0
all_no_ak,lgbm_leaves7_400,2,solvency_cashRatio_chg4q,0.0
all_no_ak,lgbm_leaves7_400,2,solvency_YOYLiability_chg4q,14.0
all_no_ak,lgbm_leaves7_400,2,solvency_liabilityToAsset_chg4q,0.0
all_no_ak,lgbm_leaves7_400,2,solvency_assetToEquity_chg4q,0.0
all_no_ak,lgbm_leaves7_400,2,cashflow_CAToAsset_chg4q,0.0
all_no_ak,lgbm_leaves7_400,2,cashflow_NCAToAsset_chg4q,0.0
all_no_ak,lgbm_leaves7_400,2,cashflow_tangibleAssetToAsset_chg4q,0.0
all_no_ak,lgbm_leaves7_400,2,cashflow_CFOToOR_chg4q,0.0
all_no_ak,lgbm_leaves7_400,2,cashflow_CFOToNP_chg4q,0.0
all_no_ak,lgbm_leaves7_400,2,cashflow_CFOToGr_chg4q,0.0
all_no_ak,lgbm_leaves7_400,2,dupont_dupontROE_chg4q,0.0
all_no_ak,lgbm_leaves7_400,2,dupont_dupontAssetStoEquity_chg4q,0.0
all_no_ak,lgbm_leaves7_400,2,dupont_dupontAssetTurn_chg4q,0.0
all_no_ak,lgbm_leaves7_400,2,dupont_dupontPnitoni_chg4q,0.0
all_no_ak,lgbm_leaves7_400,2,dupont_dupontNitogr_chg4q,0.0
all_no_ak,lgbm_leaves7_400,2,dupont_dupontTaxBurden_chg4q,0.0
all_no_ak,lgbm_leaves7_400,2,dupont_dupontIntburden_chg4q,6.0
all_no_ak,lgbm_leaves7_400,2,dupont_dupontEbittogr_chg4q,0.0
all_no_ak,lgbm_leaves7_400,3,open_asof1455,28.0
all_no_ak,lgbm_leaves7_400,3,high_asof1455,44.0
all_no_ak,lgbm_leaves7_400,3,low_asof1455,5.0
all_no_ak,lgbm_leaves7_400,3,close_asof1455,54.0
all_no_ak,lgbm_leaves7_400,3,amount_asof1455,79.0
all_no_ak,lgbm_leaves7_400,3,n_intraday_bars_asof1455,0.0
all_no_ak,lgbm_leaves7_400,3,vwap_asof1455,11.0
all_no_ak,lgbm_leaves7_400,3,close_ret1_asof,122.0
all_no_ak,lgbm_leaves7_400,3,close_ret3_asof,98.0
all_no_ak,lgbm_leaves7_400,3,close_ret5_asof,196.0
all_no_ak,lgbm_leaves7_400,3,close_ret20_asof,91.0
all_no_ak,lgbm_leaves7_400,3,close_ret60_asof,153.0
all_no_ak,lgbm_leaves7_400,3,close_ma20_gap_asof,116.0
all_no_ak,lgbm_leaves7_400,3,close_ma60_gap_asof,100.0
all_no_ak,lgbm_leaves7_400,3,close_z20_asof,149.0
all_no_ak,lgbm_leaves7_400,3,close_z60_asof,127.0
all_no_ak,lgbm_leaves7_400,3,volume_asof1455,134.0
all_no_ak,lgbm_leaves7_400,3,peTTM,47.0
all_no_ak,lgbm_leaves7_400,3,pbMRQ,0.0
all_no_ak,lgbm_leaves7_400,3,psTTM,39.0
all_no_ak,lgbm_leaves7_400,3,pcfNcfTTM,22.0
all_no_ak,lgbm_leaves7_400,3,profit_roeAvg,0.0
all_no_ak,lgbm_leaves7_400,3,profit_npMargin,0.0
all_no_ak,lgbm_leaves7_400,3,profit_gpMargin,0.0
all_no_ak,lgbm_leaves7_400,3,profit_netProfit,0.0
all_no_ak,lgbm_leaves7_400,3,profit_epsTTM,1.0
all_no_ak,lgbm_leaves7_400,3,profit_totalShare,0.0
all_no_ak,lgbm_leaves7_400,3,profit_liqaShare,0.0
all_no_ak,lgbm_leaves7_400,3,operation_NRTurnRatio,14.0
all_no_ak,lgbm_leaves7_400,3,operation_NRTurnDays,0.0
all_no_ak,lgbm_leaves7_400,3,operation_INVTurnRatio,5.0
all_no_ak,lgbm_leaves7_400,3,operation_INVTurnDays,2.0
all_no_ak,lgbm_leaves7_400,3,operation_CATurnRatio,0.0
all_no_ak,lgbm_leaves7_400,3,operation_AssetTurnRatio,0.0
all_no_ak,lgbm_leaves7_400,3,growth_YOYEquity,0.0
all_no_ak,lgbm_leaves7_400,3,growth_YOYAsset,0.0
all_no_ak,lgbm_leaves7_400,3,growth_YOYNI,4.0
all_no_ak,lgbm_leaves7_400,3,growth_YOYEPSBasic,0.0
all_no_ak,lgbm_leaves7_400,3,growth_YOYPNI,1.0
all_no_ak,lgbm_leaves7_400,3,solvency_currentRatio,0.0
all_no_ak,lgbm_leaves7_400,3,solvency_quickRatio,0.0
all_no_ak,lgbm_leaves7_400,3,solvency_cashRatio,0.0
all_no_ak,lgbm_leaves7_400,3,solvency_YOYLiability,2.0
all_no_ak,lgbm_leaves7_400,3,solvency_liabilityToAsset,0.0
all_no_ak,lgbm_leaves7_400,3,solvency_assetToEquity,0.0
all_no_ak,lgbm_leaves7_400,3,cashflow_CAToAsset,2.0
all_no_ak,lgbm_leaves7_400,3,cashflow_NCAToAsset,7.0
all_no_ak,lgbm_leaves7_400,3,cashflow_tangibleAssetToAsset,0.0
all_no_ak,lgbm_leaves7_400,3,cashflow_CFOToOR,1.0
all_no_ak,lgbm_leaves7_400,3,cashflow_CFOToNP,6.0
all_no_ak,lgbm_leaves7_400,3,cashflow_CFOToGr,0.0
all_no_ak,lgbm_leaves7_400,3,dupont_dupontROE,0.0
all_no_ak,lgbm_leaves7_400,3,dupont_dupontAssetStoEquity,0.0
all_no_ak,lgbm_leaves7_400,3,dupont_dupontAssetTurn,0.0
all_no_ak,lgbm_leaves7_400,3,dupont_dupontPnitoni,6.0
all_no_ak,lgbm_leaves7_400,3,dupont_dupontNitogr,0.0
all_no_ak,lgbm_leaves7_400,3,dupont_dupontTaxBurden,0.0
all_no_ak,lgbm_leaves7_400,3,dupont_dupontIntburden,0.0
all_no_ak,lgbm_leaves7_400,3,dupont_dupontEbittogr,0.0
all_no_ak,lgbm_leaves7_400,3,fund_days_since_effective,167.0
all_no_ak,lgbm_leaves7_400,3,peTTM_rank252,32.0
all_no_ak,lgbm_leaves7_400,3,pbMRQ_rank252,36.0
all_no_ak,lgbm_leaves7_400,3,psTTM_rank252,111.0
all_no_ak,lgbm_leaves7_400,3,pcfNcfTTM_rank252,15.0
all_no_ak,lgbm_leaves7_400,3,profit_roeAvg_chg4q,0.0
all_no_ak,lgbm_leaves7_400,3,profit_npMargin_chg4q,0.0
all_no_ak,lgbm_leaves7_400,3,profit_gpMargin_chg4q,0.0
all_no_ak,lgbm_leaves7_400,3,profit_netProfit_chg4q,0.0
all_no_ak,lgbm_leaves7_400,3,profit_epsTTM_chg4q,0.0
all_no_ak,lgbm_leaves7_400,3,profit_totalShare_chg4q,0.0
all_no_ak,lgbm_leaves7_400,3,profit_liqaShare_chg4q,0.0
all_no_ak,lgbm_leaves7_400,3,growth_YOYEquity_chg4q,0.0
all_no_ak,lgbm_leaves7_400,3,growth_YOYAsset_chg4q,0.0
all_no_ak,lgbm_leaves7_400,3,growth_YOYNI_chg4q,0.0
all_no_ak,lgbm_leaves7_400,3,growth_YOYEPSBasic_chg4q,0.0
all_no_ak,lgbm_leaves7_400,3,growth_YOYPNI_chg4q,0.0
all_no_ak,lgbm_leaves7_400,3,solvency_currentRatio_chg4q,0.0
all_no_ak,lgbm_leaves7_400,3,solvency_quickRatio_chg4q,0.0
all_no_ak,lgbm_leaves7_400,3,solvency_cashRatio_chg4q,0.0
all_no_ak,lgbm_leaves7_400,3,solvency_YOYLiability_chg4q,9.0
all_no_ak,lgbm_leaves7_400,3,solvency_liabilityToAsset_chg4q,0.0
all_no_ak,lgbm_leaves7_400,3,solvency_assetToEquity_chg4q,0.0
all_no_ak,lgbm_leaves7_400,3,cashflow_CAToAsset_chg4q,0.0
all_no_ak,lgbm_leaves7_400,3,cashflow_NCAToAsset_chg4q,0.0
all_no_ak,lgbm_leaves7_400,3,cashflow_tangibleAssetToAsset_chg4q,0.0
all_no_ak,lgbm_leaves7_400,3,cashflow_CFOToOR_chg4q,0.0
all_no_ak,lgbm_leaves7_400,3,cashflow_CFOToNP_chg4q,0.0
all_no_ak,lgbm_leaves7_400,3,cashflow_CFOToGr_chg4q,0.0
all_no_ak,lgbm_leaves7_400,3,dupont_dupontROE_chg4q,0.0
all_no_ak,lgbm_leaves7_400,3,dupont_dupontAssetStoEquity_chg4q,0.0
all_no_ak,lgbm_leaves7_400,3,dupont_dupontAssetTurn_chg4q,0.0
all_no_ak,lgbm_leaves7_400,3,dupont_dupontPnitoni_chg4q,0.0
all_no_ak,lgbm_leaves7_400,3,dupont_dupontNitogr_chg4q,0.0
all_no_ak,lgbm_leaves7_400,3,dupont_dupontTaxBurden_chg4q,0.0
all_no_ak,lgbm_leaves7_400,3,dupont_dupontIntburden_chg4q,0.0
all_no_ak,lgbm_leaves7_400,3,dupont_dupontEbittogr_chg4q,0.0
all_no_ak,lgbm_leaves7_400,4,open_asof1455,27.0
all_no_ak,lgbm_leaves7_400,4,high_asof1455,22.0
all_no_ak,lgbm_leaves7_400,4,low_asof1455,16.0
all_no_ak,lgbm_leaves7_400,4,close_asof1455,15.0
all_no_ak,lgbm_leaves7_400,4,amount_asof1455,109.0
all_no_ak,lgbm_leaves7_400,4,n_intraday_bars_asof1455,0.0
all_no_ak,lgbm_leaves7_400,4,vwap_asof1455,9.0
all_no_ak,lgbm_leaves7_400,4,close_ret1_asof,93.0
all_no_ak,lgbm_leaves7_400,4,close_ret3_asof,74.0
all_no_ak,lgbm_leaves7_400,4,close_ret5_asof,143.0
all_no_ak,lgbm_leaves7_400,4,close_ret20_asof,64.0
all_no_ak,lgbm_leaves7_400,4,close_ret60_asof,171.0
all_no_ak,lgbm_leaves7_400,4,close_ma20_gap_asof,107.0
all_no_ak,lgbm_leaves7_400,4,close_ma60_gap_asof,78.0
all_no_ak,lgbm_leaves7_400,4,close_z20_asof,117.0
all_no_ak,lgbm_leaves7_400,4,close_z60_asof,117.0
all_no_ak,lgbm_leaves7_400,4,volume_asof1455,164.0
all_no_ak,lgbm_leaves7_400,4,peTTM,97.0
all_no_ak,lgbm_leaves7_400,4,pbMRQ,7.0
all_no_ak,lgbm_leaves7_400,4,psTTM,64.0
all_no_ak,lgbm_leaves7_400,4,pcfNcfTTM,58.0
all_no_ak,lgbm_leaves7_400,4,profit_roeAvg,3.0
all_no_ak,lgbm_leaves7_400,4,profit_npMargin,0.0
all_no_ak,lgbm_leaves7_400,4,profit_gpMargin,0.0
all_no_ak,lgbm_leaves7_400,4,profit_netProfit,0.0
all_no_ak,lgbm_leaves7_400,4,profit_epsTTM,0.0
all_no_ak,lgbm_leaves7_400,4,profit_totalShare,0.0
all_no_ak,lgbm_leaves7_400,4,profit_liqaShare,0.0
all_no_ak,lgbm_leaves7_400,4,operation_NRTurnRatio,4.0
all_no_ak,lgbm_leaves7_400,4,operation_NRTurnDays,0.0
all_no_ak,lgbm_leaves7_400,4,operation_INVTurnRatio,2.0
all_no_ak,lgbm_leaves7_400,4,operation_INVTurnDays,0.0
all_no_ak,lgbm_leaves7_400,4,operation_CATurnRatio,0.0
all_no_ak,lgbm_leaves7_400,4,operation_AssetTurnRatio,0.0
all_no_ak,lgbm_leaves7_400,4,growth_YOYEquity,0.0
all_no_ak,lgbm_leaves7_400,4,growth_YOYAsset,1.0
all_no_ak,lgbm_leaves7_400,4,growth_YOYNI,1.0
all_no_ak,lgbm_leaves7_400,4,growth_YOYEPSBasic,0.0
all_no_ak,lgbm_leaves7_400,4,growth_YOYPNI,0.0
all_no_ak,lgbm_leaves7_400,4,solvency_currentRatio,0.0
all_no_ak,lgbm_leaves7_400,4,solvency_quickRatio,0.0
all_no_ak,lgbm_leaves7_400,4,solvency_cashRatio,1.0
all_no_ak,lgbm_leaves7_400,4,solvency_YOYLiability,0.0
all_no_ak,lgbm_leaves7_400,4,solvency_liabilityToAsset,0.0
all_no_ak,lgbm_leaves7_400,4,solvency_assetToEquity,0.0
all_no_ak,lgbm_leaves7_400,4,cashflow_CAToAsset,1.0
all_no_ak,lgbm_leaves7_400,4,cashflow_NCAToAsset,1.0
all_no_ak,lgbm_leaves7_400,4,cashflow_tangibleAssetToAsset,0.0
all_no_ak,lgbm_leaves7_400,4,cashflow_CFOToOR,0.0
all_no_ak,lgbm_leaves7_400,4,cashflow_CFOToNP,15.0
all_no_ak,lgbm_leaves7_400,4,cashflow_CFOToGr,0.0
all_no_ak,lgbm_leaves7_400,4,dupont_dupontROE,0.0
all_no_ak,lgbm_leaves7_400,4,dupont_dupontAssetStoEquity,0.0
all_no_ak,lgbm_leaves7_400,4,dupont_dupontAssetTurn,0.0
all_no_ak,lgbm_leaves7_400,4,dupont_dupontPnitoni,0.0
all_no_ak,lgbm_leaves7_400,4,dupont_dupontNitogr,0.0
all_no_ak,lgbm_leaves7_400,4,dupont_dupontTaxBurden,6.0
all_no_ak,lgbm_leaves7_400,4,dupont_dupontIntburden,1.0
all_no_ak,lgbm_leaves7_400,4,dupont_dupontEbittogr,0.0
all_no_ak,lgbm_leaves7_400,4,fund_days_since_effective,126.0
all_no_ak,lgbm_leaves7_400,4,peTTM_rank252,45.0
all_no_ak,lgbm_leaves7_400,4,pbMRQ_rank252,14.0
all_no_ak,lgbm_leaves7_400,4,psTTM_rank252,101.0
all_no_ak,lgbm_leaves7_400,4,pcfNcfTTM_rank252,30.0
all_no_ak,lgbm_leaves7_400,4,profit_roeAvg_chg4q,0.0
all_no_ak,lgbm_leaves7_400,4,profit_npMargin_chg4q,0.0
all_no_ak,lgbm_leaves7_400,4,profit_gpMargin_chg4q,0.0
all_no_ak,lgbm_leaves7_400,4,profit_netProfit_chg4q,0.0
all_no_ak,lgbm_leaves7_400,4,profit_epsTTM_chg4q,0.0
all_no_ak,lgbm_leaves7_400,4,profit_totalShare_chg4q,0.0
all_no_ak,lgbm_leaves7_400,4,profit_liqaShare_chg4q,0.0
all_no_ak,lgbm_leaves7_400,4,growth_YOYEquity_chg4q,0.0
all_no_ak,lgbm_leaves7_400,4,growth_YOYAsset_chg4q,3.0
all_no_ak,lgbm_leaves7_400,4,growth_YOYNI_chg4q,0.0
all_no_ak,lgbm_leaves7_400,4,growth_YOYEPSBasic_chg4q,0.0
all_no_ak,lgbm_leaves7_400,4,growth_YOYPNI_chg4q,0.0
all_no_ak,lgbm_leaves7_400,4,solvency_currentRatio_chg4q,0.0
all_no_ak,lgbm_leaves7_400,4,solvency_quickRatio_chg4q,0.0
all_no_ak,lgbm_leaves7_400,4,solvency_cashRatio_chg4q,0.0
all_no_ak,lgbm_leaves7_400,4,solvency_YOYLiability_chg4q,1.0
all_no_ak,lgbm_leaves7_400,4,solvency_liabilityToAsset_chg4q,0.0
all_no_ak,lgbm_leaves7_400,4,solvency_assetToEquity_chg4q,0.0
all_no_ak,lgbm_leaves7_400,4,cashflow_CAToAsset_chg4q,12.0
all_no_ak,lgbm_leaves7_400,4,cashflow_NCAToAsset_chg4q,3.0
all_no_ak,lgbm_leaves7_400,4,cashflow_tangibleAssetToAsset_chg4q,0.0
all_no_ak,lgbm_leaves7_400,4,cashflow_CFOToOR_chg4q,0.0
all_no_ak,lgbm_leaves7_400,4,cashflow_CFOToNP_chg4q,0.0
all_no_ak,lgbm_leaves7_400,4,cashflow_CFOToGr_chg4q,0.0
all_no_ak,lgbm_leaves7_400,4,dupont_dupontROE_chg4q,0.0
all_no_ak,lgbm_leaves7_400,4,dupont_dupontAssetStoEquity_chg4q,0.0
all_no_ak,lgbm_leaves7_400,4,dupont_dupontAssetTurn_chg4q,0.0
all_no_ak,lgbm_leaves7_400,4,dupont_dupontPnitoni_chg4q,0.0
all_no_ak,lgbm_leaves7_400,4,dupont_dupontNitogr_chg4q,0.0
all_no_ak,lgbm_leaves7_400,4,dupont_dupontTaxBurden_chg4q,0.0
all_no_ak,lgbm_leaves7_400,4,dupont_dupontIntburden_chg4q,0.0
all_no_ak,lgbm_leaves7_400,4,dupont_dupontEbittogr_chg4q,0.0
all_no_ak,lgbm_leaves7_400,5,open_asof1455,43.0
all_no_ak,lgbm_leaves7_400,5,high_asof1455,16.0
all_no_ak,lgbm_leaves7_400,5,low_asof1455,7.0
all_no_ak,lgbm_leaves7_400,5,close_asof1455,10.0
all_no_ak,lgbm_leaves7_400,5,amount_asof1455,119.0
all_no_ak,lgbm_leaves7_400,5,n_intraday_bars_asof1455,0.0
all_no_ak,lgbm_leaves7_400,5,vwap_asof1455,19.0
all_no_ak,lgbm_leaves7_400,5,close_ret1_asof,90.0
all_no_ak,lgbm_leaves7_400,5,close_ret3_asof,75.0
all_no_ak,lgbm_leaves7_400,5,close_ret5_asof,155.0
all_no_ak,lgbm_leaves7_400,5,close_ret20_asof,106.0
all_no_ak,lgbm_leaves7_400,5,close_ret60_asof,135.0
all_no_ak,lgbm_leaves7_400,5,close_ma20_gap_asof,113.0
all_no_ak,lgbm_leaves7_400,5,close_ma60_gap_asof,70.0
all_no_ak,lgbm_leaves7_400,5,close_z20_asof,95.0
all_no_ak,lgbm_leaves7_400,5,close_z60_asof,112.0
all_no_ak,lgbm_leaves7_400,5,volume_asof1455,194.0
all_no_ak,lgbm_leaves7_400,5,peTTM,43.0
all_no_ak,lgbm_leaves7_400,5,pbMRQ,4.0
all_no_ak,lgbm_leaves7_400,5,psTTM,50.0
all_no_ak,lgbm_leaves7_400,5,pcfNcfTTM,44.0
all_no_ak,lgbm_leaves7_400,5,profit_roeAvg,0.0
all_no_ak,lgbm_leaves7_400,5,profit_npMargin,0.0
all_no_ak,lgbm_leaves7_400,5,profit_gpMargin,0.0
all_no_ak,lgbm_leaves7_400,5,profit_netProfit,0.0
all_no_ak,lgbm_leaves7_400,5,profit_epsTTM,0.0
all_no_ak,lgbm_leaves7_400,5,profit_totalShare,0.0
all_no_ak,lgbm_leaves7_400,5,profit_liqaShare,0.0
all_no_ak,lgbm_leaves7_400,5,operation_NRTurnRatio,0.0
all_no_ak,lgbm_leaves7_400,5,operation_NRTurnDays,0.0
all_no_ak,lgbm_leaves7_400,5,operation_INVTurnRatio,1.0
all_no_ak,lgbm_leaves7_400,5,operation_INVTurnDays,1.0
all_no_ak,lgbm_leaves7_400,5,operation_CATurnRatio,0.0
all_no_ak,lgbm_leaves7_400,5,operation_AssetTurnRatio,0.0
all_no_ak,lgbm_leaves7_400,5,growth_YOYEquity,0.0
all_no_ak,lgbm_leaves7_400,5,growth_YOYAsset,0.0
all_no_ak,lgbm_leaves7_400,5,growth_YOYNI,0.0
all_no_ak,lgbm_leaves7_400,5,growth_YOYEPSBasic,0.0
all_no_ak,lgbm_leaves7_400,5,growth_YOYPNI,0.0
all_no_ak,lgbm_leaves7_400,5,solvency_currentRatio,0.0
all_no_ak,lgbm_leaves7_400,5,solvency_quickRatio,0.0
all_no_ak,lgbm_leaves7_400,5,solvency_cashRatio,0.0
all_no_ak,lgbm_leaves7_400,5,solvency_YOYLiability,0.0
all_no_ak,lgbm_leaves7_400,5,solvency_liabilityToAsset,3.0
all_no_ak,lgbm_leaves7_400,5,solvency_assetToEquity,2.0
all_no_ak,lgbm_leaves7_400,5,cashflow_CAToAsset,4.0
all_no_ak,lgbm_leaves7_400,5,cashflow_NCAToAsset,2.0
all_no_ak,lgbm_leaves7_400,5,cashflow_tangibleAssetToAsset,0.0
all_no_ak,lgbm_leaves7_400,5,cashflow_CFOToOR,0.0
all_no_ak,lgbm_leaves7_400,5,cashflow_CFOToNP,14.0
all_no_ak,lgbm_leaves7_400,5,cashflow_CFOToGr,0.0
all_no_ak,lgbm_leaves7_400,5,dupont_dupontROE,0.0
all_no_ak,lgbm_leaves7_400,5,dupont_dupontAssetStoEquity,0.0
all_no_ak,lgbm_leaves7_400,5,dupont_dupontAssetTurn,0.0
all_no_ak,lgbm_leaves7_400,5,dupont_dupontPnitoni,0.0
all_no_ak,lgbm_leaves7_400,5,dupont_dupontNitogr,0.0
all_no_ak,lgbm_leaves7_400,5,dupont_dupontTaxBurden,6.0
all_no_ak,lgbm_leaves7_400,5,dupont_dupontIntburden,4.0
all_no_ak,lgbm_leaves7_400,5,dupont_dupontEbittogr,0.0
all_no_ak,lgbm_leaves7_400,5,fund_days_since_effective,103.0
all_no_ak,lgbm_leaves7_400,5,peTTM_rank252,59.0
all_no_ak,lgbm_leaves7_400,5,pbMRQ_rank252,33.0
all_no_ak,lgbm_leaves7_400,5,psTTM_rank252,147.0
all_no_ak,lgbm_leaves7_400,5,pcfNcfTTM_rank252,45.0
all_no_ak,lgbm_leaves7_400,5,profit_roeAvg_chg4q,0.0
all_no_ak,lgbm_leaves7_400,5,profit_npMargin_chg4q,0.0
all_no_ak,lgbm_leaves7_400,5,profit_gpMargin_chg4q,0.0
all_no_ak,lgbm_leaves7_400,5,profit_netProfit_chg4q,0.0
all_no_ak,lgbm_leaves7_400,5,profit_epsTTM_chg4q,0.0
all_no_ak,lgbm_leaves7_400,5,profit_totalShare_chg4q,0.0
all_no_ak,lgbm_leaves7_400,5,profit_liqaShare_chg4q,0.0
all_no_ak,lgbm_leaves7_400,5,growth_YOYEquity_chg4q,0.0
all_no_ak,lgbm_leaves7_400,5,growth_YOYAsset_chg4q,0.0
all_no_ak,lgbm_leaves7_400,5,growth_YOYNI_chg4q,0.0
all_no_ak,lgbm_leaves7_400,5,growth_YOYEPSBasic_chg4q,0.0
all_no_ak,lgbm_leaves7_400,5,growth_YOYPNI_chg4q,0.0
all_no_ak,lgbm_leaves7_400,5,solvency_currentRatio_chg4q,0.0
all_no_ak,lgbm_leaves7_400,5,solvency_quickRatio_chg4q,0.0
all_no_ak,lgbm_leaves7_400,5,solvency_cashRatio_chg4q,0.0
all_no_ak,lgbm_leaves7_400,5,solvency_YOYLiability_chg4q,0.0
all_no_ak,lgbm_leaves7_400,5,solvency_liabilityToAsset_chg4q,9.0
all_no_ak,lgbm_leaves7_400,5,solvency_assetToEquity_chg4q,3.0
all_no_ak,lgbm_leaves7_400,5,cashflow_CAToAsset_chg4q,0.0
all_no_ak,lgbm_leaves7_400,5,cashflow_NCAToAsset_chg4q,0.0
all_no_ak,lgbm_leaves7_400,5,cashflow_tangibleAssetToAsset_chg4q,1.0
all_no_ak,lgbm_leaves7_400,5,cashflow_CFOToOR_chg4q,0.0
all_no_ak,lgbm_leaves7_400,5,cashflow_CFOToNP_chg4q,0.0
all_no_ak,lgbm_leaves7_400,5,cashflow_CFOToGr_chg4q,0.0
all_no_ak,lgbm_leaves7_400,5,dupont_dupontROE_chg4q,0.0
all_no_ak,lgbm_leaves7_400,5,dupont_dupontAssetStoEquity_chg4q,0.0
all_no_ak,lgbm_leaves7_400,5,dupont_dupontAssetTurn_chg4q,0.0
all_no_ak,lgbm_leaves7_400,5,dupont_dupontPnitoni_chg4q,0.0
all_no_ak,lgbm_leaves7_400,5,dupont_dupontNitogr_chg4q,0.0
all_no_ak,lgbm_leaves7_400,5,dupont_dupontTaxBurden_chg4q,0.0
all_no_ak,lgbm_leaves7_400,5,dupont_dupontIntburden_chg4q,0.0
all_no_ak,lgbm_leaves7_400,5,dupont_dupontEbittogr_chg4q,0.0
all_no_ak,lgbm_leaves7_400,6,open_asof1455,40.0
all_no_ak,lgbm_leaves7_400,6,high_asof1455,54.0
all_no_ak,lgbm_leaves7_400,6,low_asof1455,32.0
all_no_ak,lgbm_leaves7_400,6,close_asof1455,11.0
all_no_ak,lgbm_leaves7_400,6,amount_asof1455,117.0
all_no_ak,lgbm_leaves7_400,6,n_intraday_bars_asof1455,0.0
all_no_ak,lgbm_leaves7_400,6,vwap_asof1455,10.0
all_no_ak,lgbm_leaves7_400,6,close_ret1_asof,111.0
all_no_ak,lgbm_leaves7_400,6,close_ret3_asof,52.0
all_no_ak,lgbm_leaves7_400,6,close_ret5_asof,157.0
all_no_ak,lgbm_leaves7_400,6,close_ret20_asof,120.0
all_no_ak,lgbm_leaves7_400,6,close_ret60_asof,190.0
all_no_ak,lgbm_leaves7_400,6,close_ma20_gap_asof,114.0
all_no_ak,lgbm_leaves7_400,6,close_ma60_gap_asof,104.0
all_no_ak,lgbm_leaves7_400,6,close_z20_asof,65.0
all_no_ak,lgbm_leaves7_400,6,close_z60_asof,161.0
all_no_ak,lgbm_leaves7_400,6,volume_asof1455,203.0
all_no_ak,lgbm_leaves7_400,6,peTTM,51.0
all_no_ak,lgbm_leaves7_400,6,pbMRQ,20.0
all_no_ak,lgbm_leaves7_400,6,psTTM,19.0
all_no_ak,lgbm_leaves7_400,6,pcfNcfTTM,42.0
all_no_ak,lgbm_leaves7_400,6,profit_roeAvg,1.0
all_no_ak,lgbm_leaves7_400,6,profit_npMargin,1.0
all_no_ak,lgbm_leaves7_400,6,profit_gpMargin,0.0
all_no_ak,lgbm_leaves7_400,6,profit_netProfit,0.0
all_no_ak,lgbm_leaves7_400,6,profit_epsTTM,0.0
all_no_ak,lgbm_leaves7_400,6,profit_totalShare,0.0
all_no_ak,lgbm_leaves7_400,6,profit_liqaShare,0.0
all_no_ak,lgbm_leaves7_400,6,operation_NRTurnRatio,9.0
all_no_ak,lgbm_leaves7_400,6,operation_NRTurnDays,0.0
all_no_ak,lgbm_leaves7_400,6,operation_INVTurnRatio,0.0
all_no_ak,lgbm_leaves7_400,6,operation_INVTurnDays,3.0
all_no_ak,lgbm_leaves7_400,6,operation_CATurnRatio,0.0
all_no_ak,lgbm_leaves7_400,6,operation_AssetTurnRatio,0.0
all_no_ak,lgbm_leaves7_400,6,growth_YOYEquity,0.0
all_no_ak,lgbm_leaves7_400,6,growth_YOYAsset,0.0
all_no_ak,lgbm_leaves7_400,6,growth_YOYNI,14.0
all_no_ak,lgbm_leaves7_400,6,growth_YOYEPSBasic,2.0
all_no_ak,lgbm_leaves7_400,6,growth_YOYPNI,0.0
all_no_ak,lgbm_leaves7_400,6,solvency_currentRatio,0.0
all_no_ak,lgbm_leaves7_400,6,solvency_quickRatio,0.0
all_no_ak,lgbm_leaves7_400,6,solvency_cashRatio,0.0
all_no_ak,lgbm_leaves7_400,6,solvency_YOYLiability,0.0
all_no_ak,lgbm_leaves7_400,6,solvency_liabilityToAsset,9.0
all_no_ak,lgbm_leaves7_400,6,solvency_assetToEquity,1.0
all_no_ak,lgbm_leaves7_400,6,cashflow_CAToAsset,0.0
all_no_ak,lgbm_leaves7_400,6,cashflow_NCAToAsset,13.0
all_no_ak,lgbm_leaves7_400,6,cashflow_tangibleAssetToAsset,0.0
all_no_ak,lgbm_leaves7_400,6,cashflow_CFOToOR,0.0
all_no_ak,lgbm_leaves7_400,6,cashflow_CFOToNP,8.0
all_no_ak,lgbm_leaves7_400,6,cashflow_CFOToGr,0.0
all_no_ak,lgbm_leaves7_400,6,dupont_dupontROE,0.0
all_no_ak,lgbm_leaves7_400,6,dupont_dupontAssetStoEquity,0.0
all_no_ak,lgbm_leaves7_400,6,dupont_dupontAssetTurn,0.0
all_no_ak,lgbm_leaves7_400,6,dupont_dupontPnitoni,1.0
all_no_ak,lgbm_leaves7_400,6,dupont_dupontNitogr,0.0
all_no_ak,lgbm_leaves7_400,6,dupont_dupontTaxBurden,1.0
all_no_ak,lgbm_leaves7_400,6,dupont_dupontIntburden,0.0
all_no_ak,lgbm_leaves7_400,6,dupont_dupontEbittogr,0.0
all_no_ak,lgbm_leaves7_400,6,fund_days_since_effective,111.0
all_no_ak,lgbm_leaves7_400,6,peTTM_rank252,59.0
all_no_ak,lgbm_leaves7_400,6,pbMRQ_rank252,20.0
all_no_ak,lgbm_leaves7_400,6,psTTM_rank252,84.0
all_no_ak,lgbm_leaves7_400,6,pcfNcfTTM_rank252,35.0
all_no_ak,lgbm_leaves7_400,6,profit_roeAvg_chg4q,0.0
all_no_ak,lgbm_leaves7_400,6,profit_npMargin_chg4q,0.0
all_no_ak,lgbm_leaves7_400,6,profit_gpMargin_chg4q,0.0
all_no_ak,lgbm_leaves7_400,6,profit_netProfit_chg4q,0.0
all_no_ak,lgbm_leaves7_400,6,profit_epsTTM_chg4q,0.0
all_no_ak,lgbm_leaves7_400,6,profit_totalShare_chg4q,0.0
all_no_ak,lgbm_leaves7_400,6,profit_liqaShare_chg4q,0.0
all_no_ak,lgbm_leaves7_400,6,growth_YOYEquity_chg4q,0.0
all_no_ak,lgbm_leaves7_400,6,growth_YOYAsset_chg4q,0.0
all_no_ak,lgbm_leaves7_400,6,growth_YOYNI_chg4q,0.0
all_no_ak,lgbm_leaves7_400,6,growth_YOYEPSBasic_chg4q,0.0
all_no_ak,lgbm_leaves7_400,6,growth_YOYPNI_chg4q,0.0
all_no_ak,lgbm_leaves7_400,6,solvency_currentRatio_chg4q,0.0
all_no_ak,lgbm_leaves7_400,6,solvency_quickRatio_chg4q,0.0
all_no_ak,lgbm_leaves7_400,6,solvency_cashRatio_chg4q,0.0
all_no_ak,lgbm_leaves7_400,6,solvency_YOYLiability_chg4q,0.0
all_no_ak,lgbm_leaves7_400,6,solvency_liabilityToAsset_chg4q,19.0
all_no_ak,lgbm_leaves7_400,6,solvency_assetToEquity_chg4q,4.0
all_no_ak,lgbm_leaves7_400,6,cashflow_CAToAsset_chg4q,0.0
all_no_ak,lgbm_leaves7_400,6,cashflow_NCAToAsset_chg4q,0.0
all_no_ak,lgbm_leaves7_400,6,cashflow_tangibleAssetToAsset_chg4q,0.0
all_no_ak,lgbm_leaves7_400,6,cashflow_CFOToOR_chg4q,0.0
all_no_ak,lgbm_leaves7_400,6,cashflow_CFOToNP_chg4q,0.0
all_no_ak,lgbm_leaves7_400,6,cashflow_CFOToGr_chg4q,0.0
all_no_ak,lgbm_leaves7_400,6,dupont_dupontROE_chg4q,0.0
all_no_ak,lgbm_leaves7_400,6,dupont_dupontAssetStoEquity_chg4q,0.0
all_no_ak,lgbm_leaves7_400,6,dupont_dupontAssetTurn_chg4q,0.0
all_no_ak,lgbm_leaves7_400,6,dupont_dupontPnitoni_chg4q,0.0
all_no_ak,lgbm_leaves7_400,6,dupont_dupontNitogr_chg4q,0.0
all_no_ak,lgbm_leaves7_400,6,dupont_dupontTaxBurden_chg4q,0.0
all_no_ak,lgbm_leaves7_400,6,dupont_dupontIntburden_chg4q,0.0
all_no_ak,lgbm_leaves7_400,6,dupont_dupontEbittogr_chg4q,0.0
all_no_ak,lgbm_leaves7_400,7,open_asof1455,47.0
all_no_ak,lgbm_leaves7_400,7,high_asof1455,30.0
all_no_ak,lgbm_leaves7_400,7,low_asof1455,26.0
all_no_ak,lgbm_leaves7_400,7,close_asof1455,44.0
all_no_ak,lgbm_leaves7_400,7,amount_asof1455,91.0
all_no_ak,lgbm_leaves7_400,7,n_intraday_bars_asof1455,0.0
all_no_ak,lgbm_leaves7_400,7,vwap_asof1455,10.0
all_no_ak,lgbm_leaves7_400,7,close_ret1_asof,107.0
all_no_ak,lgbm_leaves7_400,7,close_ret3_asof,92.0
all_no_ak,lgbm_leaves7_400,7,close_ret5_asof,168.0
all_no_ak,lgbm_leaves7_400,7,close_ret20_asof,109.0
all_no_ak,lgbm_leaves7_400,7,close_ret60_asof,135.0
all_no_ak,lgbm_leaves7_400,7,close_ma20_gap_asof,120.0
all_no_ak,lgbm_leaves7_400,7,close_ma60_gap_asof,93.0
all_no_ak,lgbm_leaves7_400,7,close_z20_asof,71.0
all_no_ak,lgbm_leaves7_400,7,close_z60_asof,106.0
all_no_ak,lgbm_leaves7_400,7,volume_asof1455,220.0
all_no_ak,lgbm_leaves7_400,7,peTTM,46.0
all_no_ak,lgbm_leaves7_400,7,pbMRQ,12.0
all_no_ak,lgbm_leaves7_400,7,psTTM,29.0
all_no_ak,lgbm_leaves7_400,7,pcfNcfTTM,66.0
all_no_ak,lgbm_leaves7_400,7,profit_roeAvg,0.0
all_no_ak,lgbm_leaves7_400,7,profit_npMargin,0.0
all_no_ak,lgbm_leaves7_400,7,profit_gpMargin,0.0
all_no_ak,lgbm_leaves7_400,7,profit_netProfit,0.0
all_no_ak,lgbm_leaves7_400,7,profit_epsTTM,0.0
all_no_ak,lgbm_leaves7_400,7,profit_totalShare,0.0
all_no_ak,lgbm_leaves7_400,7,profit_liqaShare,0.0
all_no_ak,lgbm_leaves7_400,7,operation_NRTurnRatio,0.0
all_no_ak,lgbm_leaves7_400,7,operation_NRTurnDays,0.0
all_no_ak,lgbm_leaves7_400,7,operation_INVTurnRatio,2.0
all_no_ak,lgbm_leaves7_400,7,operation_INVTurnDays,3.0
all_no_ak,lgbm_leaves7_400,7,operation_CATurnRatio,0.0
all_no_ak,lgbm_leaves7_400,7,operation_AssetTurnRatio,0.0
all_no_ak,lgbm_leaves7_400,7,growth_YOYEquity,0.0
all_no_ak,lgbm_leaves7_400,7,growth_YOYAsset,0.0
all_no_ak,lgbm_leaves7_400,7,growth_YOYNI,0.0
all_no_ak,lgbm_leaves7_400,7,growth_YOYEPSBasic,0.0
all_no_ak,lgbm_leaves7_400,7,growth_YOYPNI,0.0
all_no_ak,lgbm_leaves7_400,7,solvency_currentRatio,0.0
all_no_ak,lgbm_leaves7_400,7,solvency_quickRatio,0.0
all_no_ak,lgbm_leaves7_400,7,solvency_cashRatio,0.0
all_no_ak,lgbm_leaves7_400,7,solvency_YOYLiability,0.0
all_no_ak,lgbm_leaves7_400,7,solvency_liabilityToAsset,1.0
all_no_ak,lgbm_leaves7_400,7,solvency_assetToEquity,3.0
all_no_ak,lgbm_leaves7_400,7,cashflow_CAToAsset,0.0
all_no_ak,lgbm_leaves7_400,7,cashflow_NCAToAsset,0.0
all_no_ak,lgbm_leaves7_400,7,cashflow_tangibleAssetToAsset,0.0
all_no_ak,lgbm_leaves7_400,7,cashflow_CFOToOR,0.0
all_no_ak,lgbm_leaves7_400,7,cashflow_CFOToNP,1.0
all_no_ak,lgbm_leaves7_400,7,cashflow_CFOToGr,0.0
all_no_ak,lgbm_leaves7_400,7,dupont_dupontROE,0.0
all_no_ak,lgbm_leaves7_400,7,dupont_dupontAssetStoEquity,0.0
all_no_ak,lgbm_leaves7_400,7,dupont_dupontAssetTurn,0.0
all_no_ak,lgbm_leaves7_400,7,dupont_dupontPnitoni,0.0
all_no_ak,lgbm_leaves7_400,7,dupont_dupontNitogr,0.0
all_no_ak,lgbm_leaves7_400,7,dupont_dupontTaxBurden,5.0
all_no_ak,lgbm_leaves7_400,7,dupont_dupontIntburden,0.0
all_no_ak,lgbm_leaves7_400,7,dupont_dupontEbittogr,0.0
all_no_ak,lgbm_leaves7_400,7,fund_days_since_effective,86.0
all_no_ak,lgbm_leaves7_400,7,peTTM_rank252,39.0
all_no_ak,lgbm_leaves7_400,7,pbMRQ_rank252,43.0
all_no_ak,lgbm_leaves7_400,7,psTTM_rank252,139.0
all_no_ak,lgbm_leaves7_400,7,pcfNcfTTM_rank252,37.0
all_no_ak,lgbm_leaves7_400,7,profit_roeAvg_chg4q,0.0
all_no_ak,lgbm_leaves7_400,7,profit_npMargin_chg4q,0.0
all_no_ak,lgbm_leaves7_400,7,profit_gpMargin_chg4q,0.0
all_no_ak,lgbm_leaves7_400,7,profit_netProfit_chg4q,0.0
all_no_ak,lgbm_leaves7_400,7,profit_epsTTM_chg4q,0.0
all_no_ak,lgbm_leaves7_400,7,profit_totalShare_chg4q,0.0
all_no_ak,lgbm_leaves7_400,7,profit_liqaShare_chg4q,0.0
all_no_ak,lgbm_leaves7_400,7,growth_YOYEquity_chg4q,0.0
all_no_ak,lgbm_leaves7_400,7,growth_YOYAsset_chg4q,0.0
all_no_ak,lgbm_leaves7_400,7,growth_YOYNI_chg4q,0.0
all_no_ak,lgbm_leaves7_400,7,growth_YOYEPSBasic_chg4q,0.0
all_no_ak,lgbm_leaves7_400,7,growth_YOYPNI_chg4q,0.0
all_no_ak,lgbm_leaves7_400,7,solvency_currentRatio_chg4q,0.0
all_no_ak,lgbm_leaves7_400,7,solvency_quickRatio_chg4q,0.0
all_no_ak,lgbm_leaves7_400,7,solvency_cashRatio_chg4q,0.0
all_no_ak,lgbm_leaves7_400,7,solvency_YOYLiability_chg4q,0.0
all_no_ak,lgbm_leaves7_400,7,solvency_liabilityToAsset_chg4q,0.0
all_no_ak,lgbm_leaves7_400,7,solvency_assetToEquity_chg4q,0.0
all_no_ak,lgbm_leaves7_400,7,cashflow_CAToAsset_chg4q,0.0
all_no_ak,lgbm_leaves7_400,7,cashflow_NCAToAsset_chg4q,1.0
all_no_ak,lgbm_leaves7_400,7,cashflow_tangibleAssetToAsset_chg4q,0.0
all_no_ak,lgbm_leaves7_400,7,cashflow_CFOToOR_chg4q,0.0
all_no_ak,lgbm_leaves7_400,7,cashflow_CFOToNP_chg4q,0.0
all_no_ak,lgbm_leaves7_400,7,cashflow_CFOToGr_chg4q,0.0
all_no_ak,lgbm_leaves7_400,7,dupont_dupontROE_chg4q,0.0
all_no_ak,lgbm_leaves7_400,7,dupont_dupontAssetStoEquity_chg4q,0.0
all_no_ak,lgbm_leaves7_400,7,dupont_dupontAssetTurn_chg4q,0.0
all_no_ak,lgbm_leaves7_400,7,dupont_dupontPnitoni_chg4q,0.0
all_no_ak,lgbm_leaves7_400,7,dupont_dupontNitogr_chg4q,0.0
all_no_ak,lgbm_leaves7_400,7,dupont_dupontTaxBurden_chg4q,0.0
all_no_ak,lgbm_leaves7_400,7,dupont_dupontIntburden_chg4q,2.0
all_no_ak,lgbm_leaves7_400,7,dupont_dupontEbittogr_chg4q,0.0
all_no_ak,lgbm_leaves7_400,8,open_asof1455,31.0
all_no_ak,lgbm_leaves7_400,8,high_asof1455,76.0
all_no_ak,lgbm_leaves7_400,8,low_asof1455,10.0
all_no_ak,lgbm_leaves7_400,8,close_asof1455,71.0
all_no_ak,lgbm_leaves7_400,8,amount_asof1455,82.0
all_no_ak,lgbm_leaves7_400,8,n_intraday_bars_asof1455,0.0
all_no_ak,lgbm_leaves7_400,8,vwap_asof1455,51.0
all_no_ak,lgbm_leaves7_400,8,close_ret1_asof,106.0
all_no_ak,lgbm_leaves7_400,8,close_ret3_asof,47.0
all_no_ak,lgbm_leaves7_400,8,close_ret5_asof,157.0
all_no_ak,lgbm_leaves7_400,8,close_ret20_asof,96.0
all_no_ak,lgbm_leaves7_400,8,close_ret60_asof,132.0
all_no_ak,lgbm_leaves7_400,8,close_ma20_gap_asof,97.0
all_no_ak,lgbm_leaves7_400,8,close_ma60_gap_asof,110.0
all_no_ak,lgbm_leaves7_400,8,close_z20_asof,86.0
all_no_ak,lgbm_leaves7_400,8,close_z60_asof,88.0
all_no_ak,lgbm_leaves7_400,8,volume_asof1455,198.0
all_no_ak,lgbm_leaves7_400,8,peTTM,61.0
all_no_ak,lgbm_leaves7_400,8,pbMRQ,5.0
all_no_ak,lgbm_leaves7_400,8,psTTM,20.0
all_no_ak,lgbm_leaves7_400,8,pcfNcfTTM,36.0
all_no_ak,lgbm_leaves7_400,8,profit_roeAvg,0.0
all_no_ak,lgbm_leaves7_400,8,profit_npMargin,0.0
all_no_ak,lgbm_leaves7_400,8,profit_gpMargin,0.0
all_no_ak,lgbm_leaves7_400,8,profit_netProfit,0.0
all_no_ak,lgbm_leaves7_400,8,profit_epsTTM,0.0
all_no_ak,lgbm_leaves7_400,8,profit_totalShare,0.0
all_no_ak,lgbm_leaves7_400,8,profit_liqaShare,0.0
all_no_ak,lgbm_leaves7_400,8,operation_NRTurnRatio,10.0
all_no_ak,lgbm_leaves7_400,8,operation_NRTurnDays,0.0
all_no_ak,lgbm_leaves7_400,8,operation_INVTurnRatio,1.0
all_no_ak,lgbm_leaves7_400,8,operation_INVTurnDays,0.0
all_no_ak,lgbm_leaves7_400,8,operation_CATurnRatio,0.0
all_no_ak,lgbm_leaves7_400,8,operation_AssetTurnRatio,0.0
all_no_ak,lgbm_leaves7_400,8,growth_YOYEquity,0.0
all_no_ak,lgbm_leaves7_400,8,growth_YOYAsset,0.0
all_no_ak,lgbm_leaves7_400,8,growth_YOYNI,3.0
all_no_ak,lgbm_leaves7_400,8,growth_YOYEPSBasic,0.0
all_no_ak,lgbm_leaves7_400,8,growth_YOYPNI,0.0
all_no_ak,lgbm_leaves7_400,8,solvency_currentRatio,0.0
all_no_ak,lgbm_leaves7_400,8,solvency_quickRatio,0.0
all_no_ak,lgbm_leaves7_400,8,solvency_cashRatio,0.0
all_no_ak,lgbm_leaves7_400,8,solvency_YOYLiability,0.0
all_no_ak,lgbm_leaves7_400,8,solvency_liabilityToAsset,0.0
all_no_ak,lgbm_leaves7_400,8,solvency_assetToEquity,6.0
all_no_ak,lgbm_leaves7_400,8,cashflow_CAToAsset,0.0
all_no_ak,lgbm_leaves7_400,8,cashflow_NCAToAsset,0.0
all_no_ak,lgbm_leaves7_400,8,cashflow_tangibleAssetToAsset,6.0
all_no_ak,lgbm_leaves7_400,8,cashflow_CFOToOR,0.0
all_no_ak,lgbm_leaves7_400,8,cashflow_CFOToNP,0.0
all_no_ak,lgbm_leaves7_400,8,cashflow_CFOToGr,0.0
all_no_ak,lgbm_leaves7_400,8,dupont_dupontROE,0.0
all_no_ak,lgbm_leaves7_400,8,dupont_dupontAssetStoEquity,3.0
all_no_ak,lgbm_leaves7_400,8,dupont_dupontAssetTurn,0.0
all_no_ak,lgbm_leaves7_400,8,dupont_dupontPnitoni,0.0
all_no_ak,lgbm_leaves7_400,8,dupont_dupontNitogr,0.0
all_no_ak,lgbm_leaves7_400,8,dupont_dupontTaxBurden,12.0
all_no_ak,lgbm_leaves7_400,8,dupont_dupontIntburden,0.0
all_no_ak,lgbm_leaves7_400,8,dupont_dupontEbittogr,0.0
all_no_ak,lgbm_leaves7_400,8,fund_days_since_effective,57.0
all_no_ak,lgbm_leaves7_400,8,peTTM_rank252,38.0
all_no_ak,lgbm_leaves7_400,8,pbMRQ_rank252,43.0
all_no_ak,lgbm_leaves7_400,8,psTTM_rank252,221.0
all_no_ak,lgbm_leaves7_400,8,pcfNcfTTM_rank252,27.0
all_no_ak,lgbm_leaves7_400,8,profit_roeAvg_chg4q,0.0
all_no_ak,lgbm_leaves7_400,8,profit_npMargin_chg4q,8.0
all_no_ak,lgbm_leaves7_400,8,profit_gpMargin_chg4q,0.0
all_no_ak,lgbm_leaves7_400,8,profit_netProfit_chg4q,0.0
all_no_ak,lgbm_leaves7_400,8,profit_epsTTM_chg4q,0.0
all_no_ak,lgbm_leaves7_400,8,profit_totalShare_chg4q,0.0
all_no_ak,lgbm_leaves7_400,8,profit_liqaShare_chg4q,0.0
all_no_ak,lgbm_leaves7_400,8,growth_YOYEquity_chg4q,0.0
all_no_ak,lgbm_leaves7_400,8,growth_YOYAsset_chg4q,0.0
all_no_ak,lgbm_leaves7_400,8,growth_YOYNI_chg4q,0.0
all_no_ak,lgbm_leaves7_400,8,growth_YOYEPSBasic_chg4q,0.0
all_no_ak,lgbm_leaves7_400,8,growth_YOYPNI_chg4q,0.0
all_no_ak,lgbm_leaves7_400,8,solvency_currentRatio_chg4q,0.0
all_no_ak,lgbm_leaves7_400,8,solvency_quickRatio_chg4q,0.0
all_no_ak,lgbm_leaves7_400,8,solvency_cashRatio_chg4q,0.0
all_no_ak,lgbm_leaves7_400,8,solvency_YOYLiability_chg4q,0.0
all_no_ak,lgbm_leaves7_400,8,solvency_liabilityToAsset_chg4q,0.0
all_no_ak,lgbm_leaves7_400,8,solvency_assetToEquity_chg4q,0.0
all_no_ak,lgbm_leaves7_400,8,cashflow_CAToAsset_chg4q,0.0
all_no_ak,lgbm_leaves7_400,8,cashflow_NCAToAsset_chg4q,0.0
all_no_ak,lgbm_leaves7_400,8,cashflow_tangibleAssetToAsset_chg4q,0.0
all_no_ak,lgbm_leaves7_400,8,cashflow_CFOToOR_chg4q,0.0
all_no_ak,lgbm_leaves7_400,8,cashflow_CFOToNP_chg4q,0.0
all_no_ak,lgbm_leaves7_400,8,cashflow_CFOToGr_chg4q,0.0
all_no_ak,lgbm_leaves7_400,8,dupont_dupontROE_chg4q,0.0
all_no_ak,lgbm_leaves7_400,8,dupont_dupontAssetStoEquity_chg4q,0.0
all_no_ak,lgbm_leaves7_400,8,dupont_dupontAssetTurn_chg4q,0.0
all_no_ak,lgbm_leaves7_400,8,dupont_dupontPnitoni_chg4q,0.0
all_no_ak,lgbm_leaves7_400,8,dupont_dupontNitogr_chg4q,4.0
all_no_ak,lgbm_leaves7_400,8,dupont_dupontTaxBurden_chg4q,0.0
all_no_ak,lgbm_leaves7_400,8,dupont_dupontIntburden_chg4q,0.0
all_no_ak,lgbm_leaves7_400,8,dupont_dupontEbittogr_chg4q,0.0
all_no_ak,lgbm_leaves7_400,9,open_asof1455,46.0
all_no_ak,lgbm_leaves7_400,9,high_asof1455,42.0
all_no_ak,lgbm_leaves7_400,9,low_asof1455,7.0
all_no_ak,lgbm_leaves7_400,9,close_asof1455,37.0
all_no_ak,lgbm_leaves7_400,9,amount_asof1455,77.0
all_no_ak,lgbm_leaves7_400,9,n_intraday_bars_asof1455,0.0
all_no_ak,lgbm_leaves7_400,9,vwap_asof1455,17.0
all_no_ak,lgbm_leaves7_400,9,close_ret1_asof,122.0
all_no_ak,lgbm_leaves7_400,9,close_ret3_asof,70.0
all_no_ak,lgbm_leaves7_400,9,close_ret5_asof,156.0
all_no_ak,lgbm_leaves7_400,9,close_ret20_asof,118.0
all_no_ak,lgbm_leaves7_400,9,close_ret60_asof,116.0
all_no_ak,lgbm_leaves7_400,9,close_ma20_gap_asof,121.0
all_no_ak,lgbm_leaves7_400,9,close_ma60_gap_asof,46.0
all_no_ak,lgbm_leaves7_400,9,close_z20_asof,80.0
all_no_ak,lgbm_leaves7_400,9,close_z60_asof,102.0
all_no_ak,lgbm_leaves7_400,9,volume_asof1455,208.0
all_no_ak,lgbm_leaves7_400,9,peTTM,65.0
all_no_ak,lgbm_leaves7_400,9,pbMRQ,13.0
all_no_ak,lgbm_leaves7_400,9,psTTM,18.0
all_no_ak,lgbm_leaves7_400,9,pcfNcfTTM,14.0
all_no_ak,lgbm_leaves7_400,9,profit_roeAvg,4.0
all_no_ak,lgbm_leaves7_400,9,profit_npMargin,0.0
all_no_ak,lgbm_leaves7_400,9,profit_gpMargin,0.0
all_no_ak,lgbm_leaves7_400,9,profit_netProfit,1.0
all_no_ak,lgbm_leaves7_400,9,profit_epsTTM,0.0
all_no_ak,lgbm_leaves7_400,9,profit_totalShare,0.0
all_no_ak,lgbm_leaves7_400,9,profit_liqaShare,0.0
all_no_ak,lgbm_leaves7_400,9,operation_NRTurnRatio,10.0
all_no_ak,lgbm_leaves7_400,9,operation_NRTurnDays,0.0
all_no_ak,lgbm_leaves7_400,9,operation_INVTurnRatio,2.0
all_no_ak,lgbm_leaves7_400,9,operation_INVTurnDays,2.0
all_no_ak,lgbm_leaves7_400,9,operation_CATurnRatio,0.0
all_no_ak,lgbm_leaves7_400,9,operation_AssetTurnRatio,0.0
all_no_ak,lgbm_leaves7_400,9,growth_YOYEquity,0.0
all_no_ak,lgbm_leaves7_400,9,growth_YOYAsset,0.0
all_no_ak,lgbm_leaves7_400,9,growth_YOYNI,8.0
all_no_ak,lgbm_leaves7_400,9,growth_YOYEPSBasic,0.0
all_no_ak,lgbm_leaves7_400,9,growth_YOYPNI,0.0
all_no_ak,lgbm_leaves7_400,9,solvency_currentRatio,0.0
all_no_ak,lgbm_leaves7_400,9,solvency_quickRatio,0.0
all_no_ak,lgbm_leaves7_400,9,solvency_cashRatio,0.0
all_no_ak,lgbm_leaves7_400,9,solvency_YOYLiability,1.0
all_no_ak,lgbm_leaves7_400,9,solvency_liabilityToAsset,1.0
all_no_ak,lgbm_leaves7_400,9,solvency_assetToEquity,7.0
all_no_ak,lgbm_leaves7_400,9,cashflow_CAToAsset,0.0
all_no_ak,lgbm_leaves7_400,9,cashflow_NCAToAsset,8.0
all_no_ak,lgbm_leaves7_400,9,cashflow_tangibleAssetToAsset,1.0
all_no_ak,lgbm_leaves7_400,9,cashflow_CFOToOR,0.0
all_no_ak,lgbm_leaves7_400,9,cashflow_CFOToNP,0.0
all_no_ak,lgbm_leaves7_400,9,cashflow_CFOToGr,0.0
all_no_ak,lgbm_leaves7_400,9,dupont_dupontROE,0.0
all_no_ak,lgbm_leaves7_400,9,dupont_dupontAssetStoEquity,0.0
all_no_ak,lgbm_leaves7_400,9,dupont_dupontAssetTurn,0.0
all_no_ak,lgbm_leaves7_400,9,dupont_dupontPnitoni,0.0
all_no_ak,lgbm_leaves7_400,9,dupont_dupontNitogr,0.0
all_no_ak,lgbm_leaves7_400,9,dupont_dupontTaxBurden,7.0
all_no_ak,lgbm_leaves7_400,9,dupont_dupontIntburden,2.0
all_no_ak,lgbm_leaves7_400,9,dupont_dupontEbittogr,0.0
all_no_ak,lgbm_leaves7_400,9,fund_days_since_effective,97.0
all_no_ak,lgbm_leaves7_400,9,peTTM_rank252,44.0
all_no_ak,lgbm_leaves7_400,9,pbMRQ_rank252,85.0
all_no_ak,lgbm_leaves7_400,9,psTTM_rank252,235.0
all_no_ak,lgbm_leaves7_400,9,pcfNcfTTM_rank252,19.0
all_no_ak,lgbm_leaves7_400,9,profit_roeAvg_chg4q,0.0
all_no_ak,lgbm_leaves7_400,9,profit_npMargin_chg4q,0.0
all_no_ak,lgbm_leaves7_400,9,profit_gpMargin_chg4q,0.0
all_no_ak,lgbm_leaves7_400,9,profit_netProfit_chg4q,0.0
all_no_ak,lgbm_leaves7_400,9,profit_epsTTM_chg4q,0.0
all_no_ak,lgbm_leaves7_400,9,profit_totalShare_chg4q,0.0
all_no_ak,lgbm_leaves7_400,9,profit_liqaShare_chg4q,0.0
all_no_ak,lgbm_leaves7_400,9,growth_YOYEquity_chg4q,0.0
all_no_ak,lgbm_leaves7_400,9,growth_YOYAsset_chg4q,0.0
all_no_ak,lgbm_leaves7_400,9,growth_YOYNI_chg4q,0.0
all_no_ak,lgbm_leaves7_400,9,growth_YOYEPSBasic_chg4q,0.0
all_no_ak,lgbm_leaves7_400,9,growth_YOYPNI_chg4q,0.0
all_no_ak,lgbm_leaves7_400,9,solvency_currentRatio_chg4q,0.0
all_no_ak,lgbm_leaves7_400,9,solvency_quickRatio_chg4q,0.0
all_no_ak,lgbm_leaves7_400,9,solvency_cashRatio_chg4q,0.0
all_no_ak,lgbm_leaves7_400,9,solvency_YOYLiability_chg4q,0.0
all_no_ak,lgbm_leaves7_400,9,solvency_liabilityToAsset_chg4q,0.0
all_no_ak,lgbm_leaves7_400,9,solvency_assetToEquity_chg4q,0.0
all_no_ak,lgbm_leaves7_400,9,cashflow_CAToAsset_chg4q,0.0
all_no_ak,lgbm_leaves7_400,9,cashflow_NCAToAsset_chg4q,0.0
all_no_ak,lgbm_leaves7_400,9,cashflow_tangibleAssetToAsset_chg4q,0.0
all_no_ak,lgbm_leaves7_400,9,cashflow_CFOToOR_chg4q,0.0
all_no_ak,lgbm_leaves7_400,9,cashflow_CFOToNP_chg4q,0.0
all_no_ak,lgbm_leaves7_400,9,cashflow_CFOToGr_chg4q,0.0
all_no_ak,lgbm_leaves7_400,9,dupont_dupontROE_chg4q,0.0
all_no_ak,lgbm_leaves7_400,9,dupont_dupontAssetStoEquity_chg4q,0.0
all_no_ak,lgbm_leaves7_400,9,dupont_dupontAssetTurn_chg4q,0.0
all_no_ak,lgbm_leaves7_400,9,dupont_dupontPnitoni_chg4q,0.0
all_no_ak,lgbm_leaves7_400,9,dupont_dupontNitogr_chg4q,0.0
all_no_ak,lgbm_leaves7_400,9,dupont_dupontTaxBurden_chg4q,0.0
all_no_ak,lgbm_leaves7_400,9,dupont_dupontIntburden_chg4q,0.0
all_no_ak,lgbm_leaves7_400,9,dupont_dupontEbittogr_chg4q,0.0
all_no_ak,lgbm_leaves7_400,10,open_asof1455,40.0
all_no_ak,lgbm_leaves7_400,10,high_asof1455,33.0
all_no_ak,lgbm_leaves7_400,10,low_asof1455,41.0
all_no_ak,lgbm_leaves7_400,10,close_asof1455,30.0
all_no_ak,lgbm_leaves7_400,10,amount_asof1455,76.0
all_no_ak,lgbm_leaves7_400,10,n_intraday_bars_asof1455,0.0
all_no_ak,lgbm_leaves7_400,10,vwap_asof1455,11.0
all_no_ak,lgbm_leaves7_400,10,close_ret1_asof,113.0
all_no_ak,lgbm_leaves7_400,10,close_ret3_asof,70.0
all_no_ak,lgbm_leaves7_400,10,close_ret5_asof,109.0
all_no_ak,lgbm_leaves7_400,10,close_ret20_asof,144.0
all_no_ak,lgbm_leaves7_400,10,close_ret60_asof,138.0
all_no_ak,lgbm_leaves7_400,10,close_ma20_gap_asof,116.0
all_no_ak,lgbm_leaves7_400,10,close_ma60_gap_asof,69.0
all_no_ak,lgbm_leaves7_400,10,close_z20_asof,66.0
all_no_ak,lgbm_leaves7_400,10,close_z60_asof,87.0
all_no_ak,lgbm_leaves7_400,10,volume_asof1455,133.0
all_no_ak,lgbm_leaves7_400,10,peTTM,22.0
all_no_ak,lgbm_leaves7_400,10,pbMRQ,26.0
all_no_ak,lgbm_leaves7_400,10,psTTM,34.0
all_no_ak,lgbm_leaves7_400,10,pcfNcfTTM,36.0
all_no_ak,lgbm_leaves7_400,10,profit_roeAvg,0.0
all_no_ak,lgbm_leaves7_400,10,profit_npMargin,0.0
all_no_ak,lgbm_leaves7_400,10,profit_gpMargin,0.0
all_no_ak,lgbm_leaves7_400,10,profit_netProfit,0.0
all_no_ak,lgbm_leaves7_400,10,profit_epsTTM,0.0
all_no_ak,lgbm_leaves7_400,10,profit_totalShare,0.0
all_no_ak,lgbm_leaves7_400,10,profit_liqaShare,0.0
all_no_ak,lgbm_leaves7_400,10,operation_NRTurnRatio,5.0
all_no_ak,lgbm_leaves7_400,10,operation_NRTurnDays,4.0
all_no_ak,lgbm_leaves7_400,10,operation_INVTurnRatio,1.0
all_no_ak,lgbm_leaves7_400,10,operation_INVTurnDays,4.0
all_no_ak,lgbm_leaves7_400,10,operation_CATurnRatio,0.0
all_no_ak,lgbm_leaves7_400,10,operation_AssetTurnRatio,0.0
all_no_ak,lgbm_leaves7_400,10,growth_YOYEquity,0.0
all_no_ak,lgbm_leaves7_400,10,growth_YOYAsset,0.0
all_no_ak,lgbm_leaves7_400,10,growth_YOYNI,2.0
all_no_ak,lgbm_leaves7_400,10,growth_YOYEPSBasic,0.0
all_no_ak,lgbm_leaves7_400,10,growth_YOYPNI,0.0
all_no_ak,lgbm_leaves7_400,10,solvency_currentRatio,1.0
all_no_ak,lgbm_leaves7_400,10,solvency_quickRatio,9.0
all_no_ak,lgbm_leaves7_400,10,solvency_cashRatio,0.0
all_no_ak,lgbm_leaves7_400,10,solvency_YOYLiability,0.0
all_no_ak,lgbm_leaves7_400,10,solvency_liabilityToAsset,17.0
all_no_ak,lgbm_leaves7_400,10,solvency_assetToEquity,6.0
all_no_ak,lgbm_leaves7_400,10,cashflow_CAToAsset,0.0
all_no_ak,lgbm_leaves7_400,10,cashflow_NCAToAsset,5.0
all_no_ak,lgbm_leaves7_400,10,cashflow_tangibleAssetToAsset,9.0
all_no_ak,lgbm_leaves7_400,10,cashflow_CFOToOR,4.0
all_no_ak,lgbm_leaves7_400,10,cashflow_CFOToNP,0.0
all_no_ak,lgbm_leaves7_400,10,cashflow_CFOToGr,0.0
all_no_ak,lgbm_leaves7_400,10,dupont_dupontROE,0.0
all_no_ak,lgbm_leaves7_400,10,dupont_dupontAssetStoEquity,0.0
all_no_ak,lgbm_leaves7_400,10,dupont_dupontAssetTurn,0.0
all_no_ak,lgbm_leaves7_400,10,dupont_dupontPnitoni,0.0
all_no_ak,lgbm_leaves7_400,10,dupont_dupontNitogr,0.0
all_no_ak,lgbm_leaves7_400,10,dupont_dupontTaxBurden,1.0
all_no_ak,lgbm_leaves7_400,10,dupont_dupontIntburden,6.0
all_no_ak,lgbm_leaves7_400,10,dupont_dupontEbittogr,0.0
all_no_ak,lgbm_leaves7_400,10,fund_days_since_effective,129.0
all_no_ak,lgbm_leaves7_400,10,peTTM_rank252,24.0
all_no_ak,lgbm_leaves7_400,10,pbMRQ_rank252,112.0
all_no_ak,lgbm_leaves7_400,10,psTTM_rank252,107.0
all_no_ak,lgbm_leaves7_400,10,pcfNcfTTM_rank252,63.0
all_no_ak,lgbm_leaves7_400,10,profit_roeAvg_chg4q,0.0
all_no_ak,lgbm_leaves7_400,10,profit_npMargin_chg4q,9.0
all_no_ak,lgbm_leaves7_400,10,profit_gpMargin_chg4q,0.0
all_no_ak,lgbm_leaves7_400,10,profit_netProfit_chg4q,0.0
all_no_ak,lgbm_leaves7_400,10,profit_epsTTM_chg4q,0.0
all_no_ak,lgbm_leaves7_400,10,profit_totalShare_chg4q,0.0
all_no_ak,lgbm_leaves7_400,10,profit_liqaShare_chg4q,0.0
all_no_ak,lgbm_leaves7_400,10,growth_YOYEquity_chg4q,1.0
all_no_ak,lgbm_leaves7_400,10,growth_YOYAsset_chg4q,0.0
all_no_ak,lgbm_leaves7_400,10,growth_YOYNI_chg4q,0.0
all_no_ak,lgbm_leaves7_400,10,growth_YOYEPSBasic_chg4q,0.0
all_no_ak,lgbm_leaves7_400,10,growth_YOYPNI_chg4q,0.0
all_no_ak,lgbm_leaves7_400,10,solvency_currentRatio_chg4q,0.0
all_no_ak,lgbm_leaves7_400,10,solvency_quickRatio_chg4q,0.0
all_no_ak,lgbm_leaves7_400,10,solvency_cashRatio_chg4q,0.0
all_no_ak,lgbm_leaves7_400,10,solvency_YOYLiability_chg4q,0.0
all_no_ak,lgbm_leaves7_400,10,solvency_liabilityToAsset_chg4q,0.0
all_no_ak,lgbm_leaves7_400,10,solvency_assetToEquity_chg4q,0.0
all_no_ak,lgbm_leaves7_400,10,cashflow_CAToAsset_chg4q,0.0
all_no_ak,lgbm_leaves7_400,10,cashflow_NCAToAsset_chg4q,0.0
all_no_ak,lgbm_leaves7_400,10,cashflow_tangibleAssetToAsset_chg4q,0.0
all_no_ak,lgbm_leaves7_400,10,cashflow_CFOToOR_chg4q,0.0
all_no_ak,lgbm_leaves7_400,10,cashflow_CFOToNP_chg4q,0.0
all_no_ak,lgbm_leaves7_400,10,cashflow_CFOToGr_chg4q,0.0
all_no_ak,lgbm_leaves7_400,10,dupont_dupontROE_chg4q,0.0
all_no_ak,lgbm_leaves7_400,10,dupont_dupontAssetStoEquity_chg4q,8.0
all_no_ak,lgbm_leaves7_400,10,dupont_dupontAssetTurn_chg4q,0.0
all_no_ak,lgbm_leaves7_400,10,dupont_dupontPnitoni_chg4q,0.0
all_no_ak,lgbm_leaves7_400,10,dupont_dupontNitogr_chg4q,1.0
all_no_ak,lgbm_leaves7_400,10,dupont_dupontTaxBurden_chg4q,0.0
all_no_ak,lgbm_leaves7_400,10,dupont_dupontIntburden_chg4q,0.0
all_no_ak,lgbm_leaves7_400,10,dupont_dupontEbittogr_chg4q,1.0
