date,hog_hk_yurun_food_open,hog_hk_yurun_food_high,hog_hk_yurun_food_low,hog_hk_yurun_food_close,hog_hk_yurun_food_volume,hog_hk_yurun_food_amount,hog_hk_yurun_food_amplitude,hog_hk_yurun_food_pct_chg,hog_hk_yurun_food_turnover,hog_hk_yurun_food_close_ret1,hog_hk_yurun_food_close_ret5,hog_hk_yurun_food_close_ret20,hog_hk_yurun_food_close_ma20_gap,hog_hk_yurun_food_close_z20,hog_hk_yurun_food_volume_ret1,hog_hk_yurun_food_volume_ret5,hog_hk_yurun_food_volume_ret20,hog_hk_yurun_food_volume_ma20_gap,hog_hk_yurun_food_volume_z20,hog_hk_yurun_food_amount_ret1,hog_hk_yurun_food_amount_ret5,hog_hk_yurun_food_amount_ret20,hog_hk_yurun_food_amount_ma20_gap,hog_hk_yurun_food_amount_z20
2020-01-02,0.81,0.83,0.81,0.83,1326000.0,1088740.0,,,,,,,,,,,,,,,,,,
2020-01-03,0.83,0.84,0.82,0.83,3351000.0,2771790.0,,,,0.0,,,,,1.5271493212669682,,,,,1.5458695372632585,,,,
2020-01-06,0.82,0.83,0.8,0.82,6091000.0,4915320.0,,,,-0.012048192771084376,,,,,0.8176663682482841,,,,,0.7733378069767189,,,,
2020-01-07,0.81,0.82,0.79,0.8,3224000.0,2585220.0,,,,-0.024390243902438935,,,,,-0.47069446724675756,,,,,-0.4740484851444057,,,,
2020-01-08,0.79,0.81,0.79,0.81,811000.0,646260.0,,,,0.012499999999999956,,,,,-0.7484491315136477,,,,,-0.7500174066423747,,,,
2020-01-09,0.81,0.82,0.8,0.82,1067000.0,862310.0,,,,0.012345679012345512,-0.012048192771084376,,,,0.3156596794081381,-0.19532428355957765,,,,0.33430817318107264,-0.2079743556772048,,,
2020-01-10,0.82,0.82,0.79,0.8,2404000.0,1920720.0,,,,-0.024390243902438935,-0.036144578313252906,,,,1.253045923149016,-0.282602208296031,,,,1.2274124154886294,-0.3070470706655266,,,
2020-01-13,0.81,0.82,0.79,0.79,4445877.0,3558239.0,,,,-0.012499999999999956,-0.03658536585365846,,,,0.849366472545757,-0.2700907896897061,,,,0.8525547711274939,-0.2760920957333398,,,
2020-01-14,0.8,0.82,0.8,0.81,1066000.0,860500.0,,,,0.025316455696202445,0.012499999999999956,,,,-0.7602272847404461,-0.6693548387096775,,,,-0.7581668909817468,-0.6671463163676592,,,
2020-01-15,0.81,0.81,0.8,0.81,770000.0,618280.0,,,,0.0,0.0,,,,-0.27767354596622884,-0.05055487053020957,,,,-0.28148750726321903,-0.043295268158326405,,,
2020-01-16,0.81,0.81,0.78,0.79,2772000.0,2202250.0,,,,-0.024691358024691357,-0.03658536585365846,,-0.027093596059113323,-1.6710199556880532,2.6,1.597938144329897,,0.1288540010197965,0.17550397863014702,2.5618975221582456,1.5538959306977769,,0.1107116074192156,0.1509451683929298
2020-01-17,0.8,0.8,0.75,0.78,6789000.0,5225100.0,,,,-0.012658227848101222,-0.025000000000000022,,-0.03703703703703709,-2.121320343559648,1.4491341991341993,1.8240432612312811,,1.732704044298794,2.5129010953888113,1.3726189124758768,1.720386105210546,,1.609036221172858,2.3330316715758066
2020-01-20,0.78,0.79,0.77,0.78,1457000.0,1136780.0,,,,0.0,-0.012658227848101222,,-0.034055727554179516,-1.716009984087135,-0.7853881278538812,-0.6722806321452438,,-0.48752636415109163,-0.6753836332828765,-0.7824386136150504,-0.6805217412321094,,-0.4994864927844265,-0.703603796835736
2020-01-21,0.78,0.78,0.76,0.76,1433000.0,1100120.0,,,,-0.02564102564102566,-0.06172839506172845,,-0.0563514804202484,-2.6487332266092953,-0.016472203157172238,0.3442776735459663,,-0.4763292176447341,-0.6510239709810389,-0.032248983972272605,0.2784660081348054,,-0.49627334003275425,-0.6879636264191232
2020-01-22,0.77,0.77,0.74,0.74,1915000.0,1434250.0,,,,-0.02631578947368418,-0.0864197530864198,,-0.07747105966162071,-3.0390271679068896,0.3363572923935798,1.487012987012987,,-0.275540057054801,-0.3725758683143873,0.30372141220957705,1.3197418645273986,,-0.31914578201156674,-0.4362442142540981
2020-01-23,0.74,0.76,0.73,0.75,3197000.0,2374910.0,,,,0.013513513513513598,-0.05063291139240511,,-0.06015037593984962,-1.8889525120871524,0.6694516971279374,0.1533189033189033,,0.23208343729157788,0.31809818941046747,0.6558549764685375,0.0784016346917924,,0.15190420294925167,0.20946715188750814
2020-01-24,0.75,0.75,0.73,0.73,986000.0,725980.0,,,,-0.026666666666666727,-0.06410256410256421,,-0.08176100628930827,-2.3787564278120525,-0.6915858617453863,-0.8547650611282958,,-0.6254411056591086,-0.8971663259892275,-0.6943126265837443,-0.8610591184857705,,-0.6511890454006961,-0.9369178329847254
2020-01-29,0.73,0.73,0.66,0.71,2835000.0,1966250.0,,,,-0.0273972602739726,-0.08974358974358987,,-0.10260223048327133,-2.6357533311057426,1.8752535496957403,0.9457789979409745,,0.11808693944307036,0.1644086284587442,1.7084079451224552,0.7296662502858953,,-0.01764842850639159,-0.024553288481947086
2020-01-30,0.7,0.7,0.65,0.65,4818000.0,3201330.0,,,,-0.08450704225352101,-0.14473684210526316,,-0.17372881355932202,-3.851945874454881,0.6994708994708996,2.3621772505233776,,0.8877717064849782,1.2813924287280736,0.6281398601398602,1.90998254735847,,0.6009754558238085,0.8609760750566173
2020-01-31,0.66,0.69,0.62,0.65,3872000.0,2494490.0,,,,0.0,-0.1216216216216216,,-0.16610398379473323,-2.7781686845277216,-0.19634703196347036,1.0219321148825067,,0.4493908009588343,0.6687086264417323,-0.22079573177398149,0.7392295624891059,,0.2092383521920469,0.31183262862887073
2020-02-03,0.66,0.66,0.61,0.66,8071858.0,5014079.0,,,,0.01538461538461533,-0.12,-0.20481927710843362,-0.14618369987063384,-2.099882290585543,1.0846740702479338,1.5248226462308416,5.087374057315234,1.955107513787739,3.0207099865022524,1.0100617761546449,1.1112711639598976,3.6053961460036374,1.4054778786235809,2.168968317010603
2020-02-04,0.66,0.68,0.63,0.65,3015200.0,1958808.0,,,,-0.015151515151515138,-0.1095890410958904,-0.216867469879518,-0.14977109221713547,-1.9869402835284862,-0.6264552721318932,2.0580121703853957,-0.10020889286780066,-0.017461868277422687,-0.025538261891730123,-0.6093384248632701,1.6981569740213227,-0.29330576991763446,-0.1411407216414159,-0.21784890727879588
2020-02-05,0.65,0.72,0.65,0.7,7943000.0,5408120.0,,,,0.07692307692307687,-0.014084507042253502,-0.14634146341463417,-0.07346128391793516,-0.9124468284442047,1.6343194481294772,1.8017636684303353,0.3040551633557709,1.602558472580287,2.3320931631089676,1.7609239905085134,1.7504742530197075,0.1002579689623464,1.4142748331986494,2.1484308737769737
2020-02-06,0.74,0.74,0.69,0.7,5768000.0,4128370.0,,,,0.0,0.07692307692307687,-0.1250000000000001,-0.0660440293529021,-0.8244276794316393,-0.27382601032355536,0.1971772519717725,0.7890818858560793,0.8342574449331221,1.154616376441046,-0.23663491194722008,0.28957964346068654,0.5969124484569979,0.8229215192229895,1.222153330319423
2020-02-07,0.69,0.69,0.65,0.68,6432000.0,4279400.0,,,,-0.02857142857142847,0.04615384615384621,-0.16049382716049387,-0.08663532572196109,-1.0789904946372262,0.11511789181692089,0.6611570247933884,6.93094944512947,0.9658922883886354,1.3466222958861684,0.036583445766731115,0.7155410524796653,5.621793086373906,0.8273530159160425,1.2262753307831238
2020-02-10,0.68,0.7,0.65,0.68,2271000.0,1546000.0,,,,0.0,0.030303030303030276,-0.1707317073170731,-0.07859078590785895,-0.9772975901928574,-0.6469216417910448,-0.7186521368438344,1.128397375820056,-0.3607942701159289,-0.540182972678674,-0.6387344020189747,-0.6916682006805237,0.7928587167028098,-0.387362298680059,-0.6172475756384155
2020-02-11,0.68,0.7,0.67,0.68,2100000.0,1439370.0,,,,0.0,0.04615384615384621,-0.15000000000000002,-0.06976744186046513,-0.8886468323880551,-0.07529722589167764,-0.30352878747678425,-0.1264559068219634,-0.418773089498496,-0.6518063144698263,-0.06897153945666235,-0.265180660891726,-0.2506091465700362,-0.4372402254714276,-0.7201072533606675
2020-02-12,0.68,0.81,0.68,0.77,10709694.0,8066469.0,,,,0.13235294117647056,0.10000000000000009,-0.025316455696202556,0.0620689655172415,0.8027903598132222,4.099854285714286,0.34831851945108894,1.4089046997926395,1.976695435957632,3.0514782721150744,4.6041664061360175,0.4915477097401686,1.2669834713182562,2.1837580314073324,3.530711235170287
2020-02-13,0.77,0.79,0.74,0.74,3710000.0,2828240.0,,,,-0.038961038961038974,0.05714285714285716,-0.0864197530864198,0.022099447513812098,0.2908964380116697,-0.653584873666792,-0.3567961165048543,2.480300187617261,-0.051402625226615095,-0.07128847449822008,-0.6493831439753874,-0.31492574551215125,2.2867402672864614,0.025080147361251637,0.03478118811042712
2020-02-14,0.74,0.76,0.73,0.73,2746000.0,2033340.0,,,,-0.013513513513513487,0.07352941176470584,-0.09876543209876554,0.013185287994448291,0.18501341321689657,-0.2598382749326146,-0.5730721393034826,2.566233766233766,-0.32084129807261386,-0.47335477996643394,-0.2810581845953667,-0.5248539514885264,2.2887041469884193,-0.28840246574036565,-0.42507852132050605
2020-02-17,0.75,0.76,0.72,0.76,1938000.0,1439520.0,,,,0.041095890410958846,0.11764705882352944,-0.03797468354430378,0.06071179344033473,0.9268135708190416,-0.29424617625637295,-0.1466314398943197,-0.30086580086580084,-0.5321143390876026,-0.8315738961386752,-0.2920416654371625,-0.06887451487710217,-0.34634124191168125,-0.5083913476986477,-0.7928905627802443
2020-02-18,0.76,0.87,0.75,0.87,39344170.0,32045116.0,,,,0.14473684210526305,0.27941176470588225,0.11538461538461542,0.21678321678321666,3.4523046375870203,19.30142930856553,17.735319047619047,4.795282073943143,8.59534892931743,13.152981729709934,21.260973102145158,21.263292968451474,5.132919178580314,10.088097792758546,15.339615153570195
2020-02-19,0.86,0.92,0.8,0.8,36890000.0,31071070.0,,,,-0.08045977011494243,0.038961038961039085,0.025641025641025772,0.11188325225851292,1.460843161923488,-0.06237696715930208,2.444542859954729,24.319148936170212,5.4401852475903825,3.741016092960469,-0.03039608282273032,2.851879924165084,26.33252696212108,6.343588777350175,3.9500394908668586
2020-02-20,0.8,0.83,0.8,0.81,3721000.0,3043210.0,,,,0.012499999999999956,0.09459459459459474,0.06578947368421062,0.12421929215822347,1.5861348056791742,-0.8991325562483058,0.0029649595687331054,1.5966503838101884,-0.5038498703309435,-0.3505003098589426,-0.9020564789046531,0.0760084009843578,1.7662527724248265,-0.4686912248582412,-0.297872951632182
2020-02-21,0.8,0.83,0.8,0.83,1549650.0,1264667.0,,,,0.024691358024691246,0.1369863013698629,0.12162162162162149,0.14799446749654188,1.804294156166181,-0.5835393711367911,-0.43567006554989074,-0.19078328981723236,-0.796477506519083,-0.5654416607275388,-0.5844299276093335,-0.37803466218143544,-0.11823810353843467,-0.7828866582301504,-0.5083738084153655
2020-02-24,0.81,0.81,0.77,0.78,4079000.0,3197910.0,,,,-0.06024096385542166,0.026315789473684292,0.040000000000000036,0.07216494845360844,0.8216279635417324,1.6322072726099441,1.1047471620227038,0.27588364091335627,-0.46299826329504523,-0.32758539472797343,1.5286577415240532,1.221511337112371,0.3465394478106538,-0.4501943324598404,-0.291767130857329
2020-02-25,0.79,0.79,0.76,0.76,2206000.0,1688880.0,,,,-0.02564102564102566,-0.12643678160919536,0.041095890410958846,0.04252400548696844,0.47840033855632774,-0.45918117185584706,-0.9439307018041047,1.2373225152129819,-0.7112557357163278,-0.5069701105531913,-0.4718800716718107,-0.9472968049171674,1.3263450783768147,-0.7116764950454555,-0.4652585231490424
2020-02-26,0.77,0.8,0.76,0.77,1739000.0,1353880.0,,,,0.013157894736842035,-0.03749999999999998,0.08450704225352124,0.054072553045859006,0.6061087911080013,-0.21169537624660018,-0.9528598536188669,-0.3865961199294533,-0.7741845432475296,-0.5581286513625341,-0.19835630713845864,-0.9564263477247484,-0.3114405594405595,-0.7707515323312295,-0.5095260164036187
2020-02-27,0.78,0.78,0.73,0.75,5422000.0,4064740.0,,,,-0.025974025974025983,-0.07407407407407418,0.15384615384615374,0.02249488752556239,0.2516919660089974,2.1178838412880965,0.457135178715399,0.1253632212536322,-0.2908876075690934,-0.20765106350104562,2.0022897154843857,0.3356751587961395,0.26970352947056386,-0.3081427219077787,-0.2023045806813289
2020-02-28,0.74,0.74,0.68,0.71,6848000.0,4814650.0,,,,-0.053333333333333344,-0.14457831325301207,0.0923076923076922,-0.03859174001354093,-0.4552759680731687,0.26300258207303573,3.419062368922015,0.7685950413223142,-0.10791268163870915,-0.07739259277247341,0.18449150499170908,2.807049602780811,0.9301139711925084,-0.18647870891696572,-0.12348698477760194
2020-03-02,0.71,0.73,0.68,0.71,4206000.0,2944340.0,,,,0.0,-0.08974358974358987,0.07575757575757569,-0.04248145650708035,-0.5294501378948147,-0.3858060747663551,0.031135082127972558,-0.4789303776156617,-0.46250428073296623,-0.3392381836227552,-0.3884622973632559,-0.07929241285714728,-0.41278547864921955,-0.5120653716464614,-0.34697236207444326
2020-03-03,0.72,0.72,0.69,0.7,1167000.0,820330.0,,,,-0.014084507042253502,-0.07894736842105265,0.07692307692307687,-0.05913978494623662,-0.7735039708840029,-0.7225392296718973,-0.47098821396192203,-0.6129609976120987,-0.8470889049085208,-0.6042615300124349,-0.7213874756312111,-0.5142757330301738,-0.5812095927727475,-0.8616831947771002,-0.5722853763167393
2020-03-04,0.7,0.73,0.69,0.69,3059000.0,2154990.0,,,,-0.014285714285714346,-0.10389610389610393,-0.014285714285714346,-0.0756865371734764,-1.0553739424864872,1.6212510711225363,0.7590569292696951,-0.6148810273196526,-0.5942688693857054,-0.4168403490962101,1.6269793863445199,0.5917141844181169,-0.6015269631591015,-0.6331233194352538,-0.4150468817685132
2020-03-05,0.71,0.76,0.7,0.76,7308000.0,5377570.0,,,,0.10144927536231885,0.01333333333333342,0.08571428571428585,0.018766756032171594,0.25908162356916076,1.389016018306636,0.34784212467724096,0.266990291262136,0.0017441835680040985,0.0011787878280246017,1.4954036909684034,0.3229800676058001,0.302589157464084,-0.05842085075764658,-0.03707884435424374
2020-03-06,0.73,0.76,0.71,0.73,2568000.0,1874720.0,,,,-0.03947368421052633,0.028169014084507005,0.07352941176470584,-0.025367156208277675,-0.35846034356582346,-0.6486042692939245,-0.625,-0.6007462686567164,-0.6516679374863856,-0.4453179531582735,-0.6513815719739585,-0.6106217482059964,-0.5619198953124269,-0.675299201483919,-0.43363823606852037
2020-03-09,0.72,0.72,0.67,0.67,6008000.0,4153130.0,,,,-0.08219178082191769,-0.05633802816901401,-0.014705882352941235,-0.10844976713240184,-1.6072369212189128,1.3395638629283488,0.4284355682358536,1.6455306032584764,-0.16312346448721804,-0.1080266969383737,1.2153334898011434,0.4105470156299884,1.6863712807244502,-0.26538139379868286,-0.16617938532520427
2020-03-10,0.67,0.69,0.65,0.68,5576000.0,3718040.0,,,,0.014925373134328401,-0.02857142857142847,0.0,-0.09454061251664458,-1.3788152165354581,-0.07190412782956057,3.7780634104541564,1.6552380952380954,-0.24300078128672953,-0.1659855892485295,-0.10476195062519111,3.532371118939939,1.5831023294913749,-0.3571638998817923,-0.22992289286088802
2020-03-11,0.7,0.7,0.66,0.66,1683822.0,1129029.0,,,,-0.02941176470588236,-0.04347826086956508,-0.1428571428571428,-0.12117177097203724,-1.7672138690806556,-0.6980233142037302,-0.4495514874141876,-0.842775900039721,-0.7766733078897021,-0.5461517117247237,-0.6963375864702908,-0.4760861999359626,-0.8600342975346462,-0.8085658429941798,-0.533355730007672
2020-03-12,0.65,0.66,0.62,0.63,5758000.0,3628180.0,,,,-0.045454545454545525,-0.17105263157894735,-0.14864864864864868,-0.15492957746478875,-2.095992362759784,2.419601359288571,-0.21209633278598794,0.552021563342318,-0.18769060368089008,-0.12351399989223429,2.2135401305015194,-0.32531236227515403,0.2828402115803468,-0.34637616894768497,-0.21394473509422565
2020-03-13,0.61,0.63,0.58,0.59,12864000.0,7748150.0,,,,-0.0634920634920636,-0.1917808219178082,-0.1917808219178082,-0.20270270270270274,-2.4642327775228825,1.2341090656477944,4.009345794392523,3.68463219227968,0.7889445645657616,0.5278637955518034,1.1355472991968423,3.13296385593582,2.8105530801538356,0.3858587478833333,0.24034277867185444
2020-03-16,0.59,0.59,0.56,0.57,5584000.0,3213480.0,,,,-0.03389830508474578,-0.14925373134328368,-0.2500000000000001,-0.2223738062755799,-2.3447457679210797,-0.5659203980099503,-0.07057256990679095,1.8813209494324044,-0.2744972895704658,-0.19625404832183363,-0.585258416525235,-0.22625104439302401,1.2323274424808268,-0.4531741713980115,-0.2976367258155763
2020-03-17,0.56,0.57,0.53,0.56,3050000.0,1682030.0,,,,-0.01754385964912264,-0.17647058823529405,-0.35632183908045967,-0.22598479612992384,-2.0938095036206055,-0.4537965616045845,-0.453012912482066,-0.9224789848152852,-0.612896614547363,-0.4515954331339549,-0.4765705714676923,-0.5476030381598906,-0.9475105660407034,-0.7180311394351211,-0.4807273777747447
2020-03-18,0.56,0.6,0.54,0.57,4692000.0,2695600.0,,,,0.01785714285714257,-0.13636363636363646,-0.2875000000000001,-0.19491525423728817,-1.7637161436830768,0.538360655737705,1.7865178148284082,-0.8728110599078341,-0.22629458625855647,-0.17716808500167675,0.6025873498094565,1.3875383183248613,-0.91324405628773,-0.3938589610810951,-0.26985386100799796
2020-03-19,0.56,0.56,0.53,0.55,3371000.0,1829760.0,,,,-0.0350877192982455,-0.12698412698412687,-0.32098765432098764,-0.21033740129217515,-1.8115798787456683,-0.28154305200341,-0.41455366446682873,-0.09406073636119328,-0.2432241962798508,-0.39941047928279055,-0.3212049265469654,-0.4956810301583714,-0.3987401460957345,-0.395795033794182,-0.7081085525984562
2020-03-20,0.56,0.6,0.54,0.57,5237400.0,3014896.0,,,,0.036363636363636154,-0.03389830508474578,-0.3132530120481928,-0.16605705925384073,-1.3750334001090867,0.5536636013052507,-0.5928638059701492,2.3797309069789954,0.18041248219825112,0.2944378896879075,0.6477002448408535,-0.6108882765563393,1.3839445482486692,0.015901923904939608,0.027537261734540394
2020-03-23,0.57,0.61,0.56,0.58,1788000.0,1032890.0,,,,0.01754385964912286,0.01754385964912286,-0.2564102564102565,-0.13497390007457122,-1.1508419570445148,-0.6586092335891855,-0.6797994269340975,-0.5616572689384653,-0.6130968114221957,-1.0747136531911146,-0.6574044345144907,-0.6785758741302264,-0.6770109227589269,-0.6619256204616025,-1.2137021118160038
2020-03-24,0.6,0.63,0.58,0.63,2923000.0,1785080.0,,,,0.0862068965517242,0.125,-0.17105263157894735,-0.046177138531415585,-0.39779541542511254,0.6347874720357942,-0.0416393442622951,0.3250226654578423,-0.35141891590392926,-0.584437256332174,0.7282382441499096,0.06126525686224382,0.05696082610961106,-0.394264792998422,-0.6732627178597507
2020-03-25,0.64,0.66,0.62,0.66,3897000.0,2506050.0,,,,0.04761904761904767,0.1578947368421053,-0.1428571428571428,0.00917431192660545,0.08193766483570268,0.3332192952446118,-0.1694373401534527,1.2409430707303049,-0.1421233483975768,-0.24067918381892367,0.40388666054182454,-0.0703182964831578,0.8510133837563152,-0.15100214726786776,-0.25881232541579174
2020-03-26,0.64,0.68,0.64,0.67,1946000.0,1282570.0,,,,0.015151515151515138,0.21818181818181825,-0.10666666666666658,0.033153430994602884,0.3161782700052912,-0.5006415191172697,-0.4227232275289232,-0.6410918480265584,-0.581551369697838,-1.0377775766543034,-0.48821053051615093,-0.2990501486533753,-0.6844644429902036,-0.5738096126190662,-1.0249415440931613
2020-03-27,0.68,0.71,0.67,0.69,5711000.0,3964170.0,,,,0.02985074626865658,0.21052631578947367,-0.028169014084507116,0.0705973622963536,0.7115274536731432,1.9347379239465572,0.09042654752358037,-0.16603387850467288,0.2757133244537493,0.4627839894844446,2.0908020614859226,0.3148612754801492,-0.17664420051301755,0.38111192684810513,0.6405409437514793
2020-03-30,0.65,0.65,0.62,0.63,4272000.0,2714964.0,,,,-0.08695652173913038,0.0862068965517242,-0.11267605633802813,-0.020979020979020935,-0.214223227065862,-0.2519698826825425,1.389261744966443,0.015691868758915817,-0.033453788853228805,-0.05631331424302482,-0.31512422524765593,1.6285122326675636,-0.07790404640768389,-0.03988550615458353,-0.06766209101709589
2020-03-31,0.63,0.66,0.63,0.65,2419000.0,1547440.0,,,,0.031746031746031855,0.031746031746031855,-0.07142857142857129,0.016419077404221882,0.17189304150064064,-0.43375468164794007,-0.17242559014710912,1.0728363324764354,-0.45310606027892586,-0.763360571663235,-0.43003295807973885,-0.13312568624375376,0.8863628052125365,-0.4505378714900814,-0.7612214628313341
2020-04-01,0.65,0.65,0.63,0.64,1047000.0,668460.0,,,,-0.015384615384615441,-0.030303030303030276,-0.0724637681159419,0.004709576138147709,0.0504369482452042,-0.5671765192228193,-0.7313317936874519,-0.657731284733573,-0.7665947925760023,-1.3444350424690634,-0.5680220234710232,-0.7332615071526905,-0.689808305374967,-0.7656694448972906,-1.3412092853806723
2020-04-02,0.63,0.64,0.61,0.63,1307000.0,813210.0,,,,-0.015625,-0.059701492537313494,-0.17105263157894735,-0.007092198581560183,-0.07735719504256916,0.2483285577841452,-0.328365878725591,-0.8211548987411057,-0.7019493765006717,-1.1595666861481753,0.21654250067318914,-0.3659527355232073,-0.8487774217722874,-0.7073005286360277,-1.1596168666659792
2020-04-03,0.63,0.65,0.61,0.64,1453000.0,920760.0,,,,0.015873015873015817,-0.0724637681159419,-0.12328767123287665,0.019108280254777066,0.23944613374192752,0.11170619739862286,-0.7455787077569602,-0.434190031152648,-0.6443181190347553,-0.9947679418577576,0.13225366141587047,-0.767729436426793,-0.5088546556285738,-0.6389307375895332,-0.9981562203463414
2020-04-06,0.64,0.66,0.61,0.63,2893000.0,1812120.0,,,,-0.015625,0.0,-0.059701492537313494,0.010425020048115519,0.14718608318929016,0.9910529938059187,-0.32279962546816476,-0.5184753661784287,-0.2820201694010497,-0.42228738163597257,0.9680698553368956,-0.3325436359377141,-0.5636736629963426,-0.27584558061979403,-0.41415842275058257
2020-04-07,0.62,0.63,0.61,0.61,4337000.0,2682630.0,,,,-0.031746031746031744,-0.06153846153846154,-0.10294117647058831,-0.018503620273531696,-0.2684986443537411,0.4991358451434498,0.7928896238114924,-0.22220229555236726,0.11962710970133261,0.17418080969032723,0.4803820939010661,0.7335922555963397,-0.2784827489752666,0.12463026558496937,0.1827904336175857
2020-04-08,0.61,0.63,0.61,0.63,1604000.0,991140.0,,,,0.032786885245901676,-0.015625,-0.045454545454545525,0.01941747572815533,0.2955610289586265,-0.630159096149412,0.5319961795606494,-0.047405248298216796,-0.5791860929084173,-0.8384756774713034,-0.6305342145581015,0.4827214792208958,-0.12213060957690192,-0.5752694220959704,-0.8400958845833978
2020-04-09,0.64,0.64,0.6,0.61,5105000.0,3160560.0,,,,-0.031746031746031744,-0.031746031746031744,-0.031746031746031744,-0.010543390105434036,-0.16452852070623133,2.182668329177057,2.9058913542463656,-0.1134074331365057,0.340714925400573,0.4920840253627996,2.1888128821357227,2.8865237761463827,-0.12888555694590675,0.3583996761048689,0.5199698320593674
2020-04-14,0.61,0.62,0.61,0.61,1176000.0,719250.0,,,,0.0,-0.046875,0.033898305084745894,-0.008935824532900205,-0.1395935300050052,-0.769637610186092,-0.19064005505849968,-0.9085820895522388,-0.6884784716372363,-0.9939154525164936,-0.7724295694433898,-0.21885181806333898,-0.9071713892993811,-0.6877303761823264,-0.9981027715646876
2020-04-15,0.61,0.63,0.6,0.6,1445675.0,878049.0,,,,-0.016393442622950838,-0.04761904761904767,0.05263157894736836,-0.02676399026763987,-0.4233993679483593,0.2293154761904761,-0.5002851711026616,-0.7411040472779369,-0.5468984084597978,-1.1067001208268947,0.22078415015641295,-0.5154575855903583,-0.7267607080174764,-0.5501459382443248,-1.0956795507321433
2020-04-16,0.61,0.61,0.59,0.61,1040000.0,627150.0,,,,0.016666666666666607,0.0,0.08928571428571419,-0.012944983818770406,-0.2125344129114667,-0.2806128625036748,-0.7602029052340328,-0.659016393442623,-0.6514399259644996,-1.2817203045590742,-0.28574601189683035,-0.766218226143747,-0.6271469593289061,-0.6582440523280315,-1.2572881835794572
2020-04-17,0.62,0.62,0.6,0.62,2407000.0,1479805.0,,,,0.016393442622950838,-0.015873015873015928,0.08771929824561409,-0.0008058017727640143,-0.014218673447676794,1.314423076923077,0.5006234413965087,-0.486999147485081,-0.16516479281077512,-0.3019218855148087,1.3595710755002792,0.4930332748148596,-0.45102945540881434,-0.16973915349194957,-0.30319086221271646
2020-04-20,0.62,0.62,0.6,0.6,2208000.0,1340580.0,,,,-0.032258064516129115,-0.016393442622950838,0.09090909090909083,-0.036918138041733606,-0.6948071419158449,-0.082675529705027,-0.567482859941234,-0.34500148323939483,-0.2025868976684786,-0.36878610715827576,-0.0940833420619609,-0.5758409902042676,-0.26734653725078694,-0.22129372308417594,-0.3903121020556895
2020-04-21,0.6,0.61,0.58,0.58,1484000.0,871550.0,,,,-0.033333333333333326,-0.049180327868852514,0.01754385964912286,-0.07274180655475637,-1.5731057953446892,-0.3278985507246377,0.26190476190476186,-0.7166533012563485,-0.4525608871538561,-0.8075947182597609,-0.3498709513792537,0.21174834897462635,-0.7109187182576115,-0.48644404974236166,-0.8429640845470422
2020-04-22,0.58,0.62,0.58,0.62,2010000.0,1213570.0,,,,0.06896551724137945,0.03333333333333344,0.06896551724137945,-0.009584664536741228,-0.21440089070590493,0.35444743935309964,0.39035398689193634,0.12416107382550345,-0.2033716008911537,-0.36159767628156153,0.3924272847226207,0.38212104335862795,0.1749266620840555,-0.2367106952582687,-0.3986041561549338
2020-04-23,0.62,0.62,0.6,0.6,875000.0,532540.0,,,,-0.032258064516129115,-0.016393442622950838,-0.04761904761904767,-0.04458598726114649,-1.0821594995147341,-0.5646766169154229,-0.15865384615384615,-0.7006500171057133,-0.6547279823733703,-1.1735325891840567,-0.5611790007992947,-0.15085705174200748,-0.7016716337643131,-0.6669450567539281,-1.135190439511856
2020-04-24,0.6,0.62,0.6,0.61,775000.0,470980.0,,,,0.016666666666666607,-0.016129032258064502,-0.0757575757575758,-0.026336791699920092,-0.6200388379247934,-0.11428571428571432,-0.6780224345658497,-0.8011290736463946,-0.6813104514237456,-1.1365890556174523,-0.11559695046381491,-0.6817283358280314,-0.8120628080046288,-0.6934379394405519,-1.1009306357709254
2020-04-27,0.61,0.62,0.59,0.6,1624000.0,977550.0,,,,-0.016393442622950838,0.0,-0.10447761194029859,-0.038461538461538325,-0.9364417103712889,1.0954838709677421,-0.26449275362318836,-0.16546762589928055,-0.2863840069164506,-0.44647623388212604,1.0755658414370037,-0.27080069820525443,-0.23781937827954813,-0.31857862562630923,-0.4724549349929077
2020-04-28,0.6,0.6,0.59,0.59,962000.0,573440.0,,,,-0.01666666666666672,0.01724137931034475,-0.14492753623188404,-0.04915390813859799,-1.2855419268992725,-0.4076354679802956,-0.3517520215633423,-0.8315531430572579,-0.5742672899977707,-0.8855628042826857,-0.413390619405657,-0.3420457805059951,-0.8553442460843002,-0.5959766477546105,-0.8700223878212762
2020-04-29,0.6,0.6,0.59,0.6,1290000.0,770380.0,,,,0.016949152542372836,-0.032258064516129115,-0.04761904761904767,-0.025182778229082103,-0.8515509375285751,0.340956340956341,-0.35820895522388063,-0.6980337078651686,-0.36207577575479977,-0.5881998196362173,0.3434361049107142,-0.36519525037698686,-0.7162466979304329,-0.3835911611846943,-0.6129000551060256
2020-05-04,0.59,0.59,0.55,0.55,8004000.0,4455790.0,,,,-0.08333333333333326,-0.08333333333333326,-0.15384615384615385,-0.10423452768729635,-3.5202779276499343,5.2046511627906975,8.147428571428572,2.308805291442745,3.273167176854746,5.402356203285078,4.783885874503492,7.3670522402073075,1.8794589774078476,2.865999998958838,4.666866625121552
2020-05-05,0.56,0.57,0.55,0.56,1013000.0,568290.0,,,,0.0181818181818183,-0.08196721311475397,-0.12499999999999989,-0.08045977011494243,-2.3058403602375,-0.8734382808595702,0.3070967741935484,-0.03247373447946511,-0.5293480855373847,-0.6400691768543647,-0.8724603269005047,0.20661174572168672,-0.14985189839332191,-0.5621720807253942,-0.7138691990753648
2020-05-06,0.55,0.56,0.53,0.55,10380000.0,5573200.0,,,,-0.017857142857142905,-0.08333333333333326,-0.12698412698412687,-0.09090909090909083,-2.434185229591052,9.246791707798618,5.391625615763547,6.941851568477429,3.8264842863179283,4.620270891006346,8.806964753910856,4.701191754897447,5.853334317089066,3.3103954995919462,4.173221296666776
2020-05-07,0.54,0.55,0.53,0.55,1370000.0,738140.0,,,,0.0,-0.06779661016949146,-0.140625,-0.08485856905158062,-2.0482092887014467,-0.8680154142581888,0.42411642411642414,-0.05712319339298,-0.4739436514934289,-0.48477054682385706,-0.8675554439101414,0.2872140066964286,-0.1983361570876233,-0.5178601859857566,-0.5685669440057943
2020-05-08,0.55,0.55,0.54,0.55,444000.0,243240.0,,,,0.0,-0.08333333333333326,-0.12698412698412687,-0.07795473595976532,-1.8161758121090652,-0.6759124087591241,-0.655813953488372,-0.8465260974766678,-0.8292395535421976,-0.8461526678987696,-0.6704690167176959,-0.6842597159843194,-0.8657704787762399,-0.8401667144488725,-0.9137881357037111
2020-05-11,0.54,0.56,0.54,0.54,1760000.0,963200.0,,,,-0.018181818181818188,-0.018181818181818188,-0.11475409836065564,-0.08860759493670889,-1.993704512963195,2.963963963963964,-0.7801099450274862,-0.594189531934517,-0.2896591423340449,-0.2769038265839697,2.9598750205558297,-0.7838318233130377,-0.6409493668526782,-0.33268287464864876,-0.33678286751064346
2020-05-12,0.54,0.54,0.53,0.54,912643.0,491051.0,,,,0.0,-0.0357142857142857,-0.1428571428571428,-0.08319185059422751,-1.72224412829641,-0.4814528409090909,-0.09906910167818361,-0.4310205735660848,-0.6114484475540255,-0.5613722236507218,-0.49018791528239203,-0.1359147618293477,-0.5045593962507819,-0.6382468744755676,-0.6193898019845349
2020-05-13,0.54,0.55,0.53,0.55,1461257.0,790719.0,,,,0.0185185185185186,0.0,-0.0983606557377048,-0.05902480752780148,-1.200370283743748,0.601126617965623,-0.859223795761079,-0.7137596474045054,-0.3685872483365027,-0.33144882583672397,0.6102584049314634,-0.8581211871097395,-0.7498168046169034,-0.40655234674312424,-0.3841649889218799
2020-05-14,0.54,0.55,0.53,0.55,15402000.0,8416140.0,,,,0.0,0.0,-0.0983606557377048,-0.05417024935511605,-1.0836329429422482,9.54024035470831,10.242335766423357,12.096938775510203,6.223935795054475,5.322145284200164,9.643654699077675,10.401820792803534,10.701272158498435,5.933005756457346,5.348873661683749
2020-05-15,0.54,0.55,0.53,0.53,2052000.0,1102770.0,,,,-0.036363636363636376,-0.036363636363636376,-0.11666666666666659,-0.08383751080380286,-1.6684507216729894,-0.8667705492793144,3.621621621621622,0.41940615975236484,-0.2783233679297913,-0.20499014496982776,-0.8689696226536155,3.5336704489393194,0.25593218601695344,-0.31023771926411847,-0.23714976787284542
2020-05-18,0.53,0.55,0.52,0.55,3220000.0,1739440.0,,,,0.037735849056603765,0.0185185185185186,-0.0983606557377048,-0.04347826086956508,-0.8190872693445482,0.5692007797270955,0.8295454545454546,2.0961538461538463,0.12050861347498598,0.08991698214657366,0.5773370693798343,0.8058970099667775,1.773562943474448,0.08039466355445946,0.06198962483983676
2020-05-19,0.54,0.57,0.53,0.56,2917000.0,1616230.0,,,,0.0181818181818183,0.03703703703703698,-0.09677419354838701,-0.020979020979020824,-0.40212203080605485,-0.0940993788819876,2.196211443028654,0.211882010801828,-0.02202538308476054,-0.0171637971646973,-0.07083314170077726,2.2913689209471113,0.09219120086768195,-0.02965189362811871,-0.023799049243758735
2020-05-20,0.56,0.56,0.55,0.56,772000.0,430690.0,,,,0.0,0.0181818181818183,-0.06666666666666654,-0.01581722319859402,-0.32489314482698256,-0.7353445320534796,-0.47168773186373103,-0.6503623188405797,-0.7433677005646243,-0.584596514180831,-0.7335218378572357,-0.4553185139094925,-0.6787286100046248,-0.7424780560139677,-0.5984851542243901
2020-05-21,0.55,0.57,0.55,0.56,851844.0,473539.0,,,,0.0,0.0181818181818183,-0.0344827586206895,-0.012345679012345512,-0.2614485795812574,0.1034248704663212,-0.9446926373198286,-0.4259811320754717,-0.7099014267494665,-0.5408279323266061,0.09948919176205617,-0.9437344198171609,-0.4566703000401583,-0.7089398507817256,-0.5512407187912659
2020-05-22,0.55,0.55,0.52,0.53,2018000.0,1074660.0,,,,-0.0535714285714286,0.0,-0.14516129032258063,-0.06360424028268552,-1.351556965671155,1.3689783575396435,-0.016569200779727122,0.003980099502487455,-0.30528473824175495,-0.22917538025350442,1.2694223707023076,-0.02549035610326722,-0.11446393697932544,-0.3312819283617424,-0.25329751063303757
2020-05-25,0.51,0.53,0.51,0.52,5095000.0,2630470.0,,,,-0.018867924528301883,-0.054545454545454564,-0.1333333333333333,-0.07390917186108636,-1.6901581752472956,1.524777006937562,0.5822981366459627,4.822857142857143,0.7537596200341237,0.5659348215478405,1.4477230007630322,0.5122510693096629,3.9394787246028464,0.643941568756867,0.48985619806268144
2020-05-26,0.51,0.52,0.485,0.51,5854000.0,2925615.0,,,,-0.019230769230769273,-0.0892857142857143,-0.16393442622950816,-0.08520179372197312,-1.9413091764790764,0.1489695780176643,1.0068563592732258,6.553548387096774,0.8785777696538897,0.7078296194803904,0.11220238208381006,0.8101476893758932,5.211760584313559,0.7159073017152915,0.5813352847583846
2020-05-27,0.51,0.51,0.495,0.51,718000.0,359215.0,,,,0.0,-0.0892857142857143,-0.1499999999999999,-0.07692307692307687,-1.8187444365005652,-0.8773488213187564,-0.06994818652849744,-0.5578817733990148,-0.7869522938116584,-0.6848068505872611,-0.8772172688477465,-0.16595463094104812,-0.6325354201831108,-0.8034636122218862,-0.7007969503505017
2020-05-28,0.495,0.51,0.49,0.49,1837000.0,904805.0,,,,-0.03921568627450989,-0.1250000000000001,-0.1694915254237288,-0.1058394160583942,-2.5911128007517883,1.5584958217270195,1.1564981381567518,0.9095634095634095,-0.44749174485896637,-0.3815425903563465,1.5188396921063987,0.910729633673256,0.5778547014508928,-0.49643839826332314,-0.4221154605882044
2020-05-29,0.49,0.54,0.485,0.52,2661000.0,1334595.0,,,,0.061224489795918435,-0.018867924528301883,-0.1333333333333333,-0.04235727440147319,-0.9728421483337097,0.44855743059335884,0.31863230921704666,1.0627906976744188,-0.21005458905739482,-0.1825340568868667,0.47500842723017667,0.24187650047456866,0.7323853163373919,-0.2640287260381061,-0.22751966368211884
2020-06-01,0.52,0.52,0.5,0.51,1298000.0,665310.0,,,,-0.019230769230769273,-0.019230769230769273,-0.07272727272727275,-0.05380333951762528,-1.4519116685956592,-0.5122134535888764,-0.7452404317958783,-0.8378310844577711,-0.6223601432028958,-0.5556481028123352,-0.5014892158295213,-0.7470756176652842,-0.850686410266193,-0.6387306522822846,-0.5618994975671087
2020-06-02,0.5,0.51,0.475,0.5,4204000.0,2048190.0,,,,-0.019607843137254943,-0.019607843137254943,-0.1071428571428572,-0.06890130353817514,-1.7788634661334486,2.238828967642527,-0.28185855825076866,3.15004935834156,0.35532580497777255,0.2962011281919174,2.078549848942598,-0.29991130070087824,2.6041281739956714,0.23977496176832402,0.19665006408292515
2020-06-03,0.5,0.51,0.495,0.5,1198000.0,596760.0,,,,0.0,-0.019607843137254943,-0.09090909090909094,-0.06367041198501877,-1.5727121235063903,-0.7150333016175071,0.6685236768802227,-0.8845857418111753,-0.632671643526411,-0.5584213156995356,-0.7086403116898334,0.6612892000612447,-0.8929232756764516,-0.6542648160831168,-0.5647689134732397
2020-06-04,0.5,0.5,0.485,0.495,3036000.0,1489225.0,,,,-0.010000000000000009,0.010204081632652962,-0.10000000000000009,-0.06867356538099734,-1.6191740163061001,1.5342237061769617,0.652694610778443,1.216058394160584,0.08340073066029774,0.07050416489853585,1.4955174609558282,0.6459071291604268,1.0175373235429594,0.00811381936551303,0.006678215410817179
2020-06-05,0.495,0.51,0.495,0.51,2833000.0,1421225.0,,,,0.030303030303030276,-0.019230769230769273,-0.07272727272727275,-0.03546099290780147,-0.7978343229700019,-0.06686429512516467,0.0646373543780534,5.38063063063063,-0.018224089710406344,-0.015945749976799903,-0.04566133391529148,0.06491107789254413,4.84289179411281,-0.0617696197738411,-0.05237932412113335
2020-06-08,0.52,0.52,0.5,0.52,1930000.0,980950.0,,,,0.019607843137254832,0.019607843137254832,-0.03703703703703709,-0.012814428096820207,-0.28971586178887326,-0.3187433815743028,0.4869029275808936,0.09659090909090917,-0.357745055535419,-0.331017432355924,-0.30978557230558146,0.47442545580255824,0.01842815614617943,-0.3766571098437944,-0.33650396414590916
2020-06-09,0.52,0.52,0.51,0.52,2143000.0,1111570.0,,,,0.0,0.040000000000000036,-0.03703703703703709,-0.010936757013789933,-0.248609464515679,0.11036269430051804,-0.4902473834443387,1.3481251705212225,-0.2888755446589477,-0.2683144545137573,0.13315663387532495,-0.45729155986505154,1.2636548953163724,-0.29405299489555925,-0.26290159329094487
2020-06-10,0.51,0.52,0.5,0.51,1106000.0,563610.0,,,,-0.019230769230769273,0.020000000000000018,-0.07272727272727275,-0.02810862315388285,-0.6437831147479168,-0.48390107326178255,-0.07679465776293826,-0.24311739824000844,-0.6403316421928771,-0.6126385416749535,-0.4929604073517637,-0.05554996983712046,-0.28721834178766414,-0.6489736366813301,-0.5966315570230075
2020-06-11,0.51,0.51,0.5,0.51,412723.0,209619.0,,,,0.0,0.030303030303030276,-0.07272727272727275,-0.024390243902439046,-0.5709867432187861,-0.6268327305605786,-0.8640569828722002,-0.973203285287625,-0.8650037441628903,-0.8201714976782781,-0.6280779262255816,-0.8592428947942722,-0.9750932137535735,-0.8685156400614471,-0.7899681124979474
2020-06-12,0.5,0.51,0.49,0.51,692000.0,345095.0,,,,0.0,0.0,-0.037735849056603765,-0.02064330292846861,-0.49911991755536406,0.6766693399689381,-0.755735968937522,-0.6627680311890838,-0.7001510099310462,-1.1012097611900695,0.6462963758056284,-0.7571848229520308,-0.6870652992011026,-0.7085160167321494,-1.1346963326940454
2020-06-15,0.51,0.51,0.49,0.51,1425000.0,706690.0,,,,0.0,-0.019230769230769273,-0.07272727272727275,-0.018759018759018642,-0.45243356705347565,1.0592485549132946,-0.26165803108808294,-0.5574534161490683,-0.36379053332368083,-0.5393807606264197,1.0478129210797027,-0.27958611550028034,-0.5937255668491008,-0.383363932160696,-0.5760652828471444
2020-06-16,0.51,0.51,0.495,0.5,1352000.0,679330.0,,,,-0.019607843137254943,-0.03846153846153855,-0.1071428571428572,-0.03428295509415746,-0.8691801018976665,-0.05122807017543862,-0.3691087260849276,-0.536510113129928,-0.37118570586044,-0.5311046979460179,-0.03871570278339864,-0.38885540271867713,-0.5796823471906845,-0.379268965006177,-0.5495401264807064
2020-06-17,0.5,0.5,0.495,0.5,430000.0,213705.0,,,,0.0,-0.019607843137254943,-0.1071428571428572,-0.02865468674113658,-0.8117180744060285,-0.6819526627218935,-0.6112115732368897,-0.4430051813471503,-0.7924538487949545,-1.0935426210911334,-0.6854179853679361,-0.6208282322882844,-0.5038078432283081,-0.7959970050349949,-1.1113901925860612
2020-06-18,0.5,0.5,0.485,0.495,2534000.0,1243995.0,,,,-0.010000000000000009,-0.02941176470588236,-0.11607142857142871,-0.03273082559843665,-1.1181388712174953,4.8930232558139535,5.1397111379787415,1.9747230713604838,0.2332530477812309,0.3155563358317305,4.821085140731382,4.934552688449044,1.6270169933205079,0.1999462915771244,0.2723296011468028
2020-06-19,0.485,0.495,0.475,0.49,4412000.0,2143130.0,,,,-0.010101010101010055,-0.03921568627450989,-0.07547169811320764,-0.03638151425762037,-1.8009072249623015,0.7411207576953434,5.375722543352601,1.1863230921704657,1.0628041096088636,1.5204216850042105,0.7227802362549689,5.210260942638984,0.9942400387099175,0.9931797025701532,1.4227651083854023
2020-06-22,0.485,0.49,0.48,0.49,547000.0,265585.0,,,,0.0,-0.03921568627450989,-0.05769230769230771,-0.0325765054294177,-1.692864280941607,-0.8760199456029012,-0.616140350877193,-0.892639842983317,-0.7578077286918785,-1.0843374999068776,-0.8760761129749479,-0.6241845788110769,-0.8990351534136485,-0.7646889856175739,-1.0957586135759867
2020-06-23,0.49,0.5,0.485,0.5,1837000.0,904255.0,,,,0.020408163265306145,0.0,-0.019607843137254943,-0.009900990099010132,-0.5067117097098665,2.3583180987202925,0.35872781065088755,-0.6861974718141441,-0.09558007718980333,-0.131858287109322,2.4047668354764014,0.3310982880190776,-0.6909179779294268,-0.10506215317638823,-0.1463466973976043
2020-06-24,0.5,0.5,0.47,0.48,10110000.0,4847970.0,,,,-0.040000000000000036,-0.040000000000000036,-0.05882352941176472,-0.048562933597621316,-2.486249447334489,4.503538377789875,22.511627906976745,13.080779944289693,4.523726440261814,7.104916041900797,4.361286362806951,21.6853372639854,12.496012137577774,4.33128892680149,6.930660684920919
2020-06-26,0.485,0.495,0.475,0.495,1767000.0,860215.0,,,,0.03125,0.0,0.010204081632652962,-0.015904572564612085,-0.7162961460016889,-0.8252225519287834,-0.3026835043409629,-0.038105606967882455,-0.2317010996392147,-0.24661980865865435,-0.8225618145326807,-0.30850606312726336,-0.049281336862638914,-0.24128625579885066,-0.26440860100996877
2020-06-29,0.495,0.495,0.475,0.485,2610000.0,1260625.0,,,,-0.02020202020202022,-0.010204081632653073,-0.0673076923076924,-0.0362642821659217,-1.6719582847071475,0.47707979626485564,-0.40843155031731637,-0.01916572717023679,0.13656842948647818,0.1450837584585155,0.4654766540922908,-0.4117832329350063,-0.05542505404261222,0.114068015658505,0.12468493406885871
2020-06-30,0.485,0.495,0.48,0.49,644000.0,312780.0,,,,0.010309278350515427,0.0,-0.03921568627450989,-0.022931206380857327,-1.0556048276261356,-0.753256704980843,0.17733089579524686,-0.5038520801232665,-0.7192476018829854,-0.7633950123845324,-0.7518849776896381,0.17770205395636052,-0.5298732921495243,-0.722676551645441,-0.787838698776769
2020-07-02,0.48,0.51,0.48,0.5,3557000.0,1766635.0,,,,0.020408163265306145,0.0,0.0,-0.0009990009990008542,-0.04549414001386152,4.523291925465839,0.9363091997822537,-0.15390104662226456,0.5731029730341537,0.5939175325841685,4.648171238570241,0.9536911601262918,-0.13746527421772392,0.5912387944006365,0.6276586180005596
2020-07-03,0.5,0.51,0.485,0.5,2621000.0,1295395.0,,,,0.0,0.04166666666666674,0.0,-0.0009990009990008542,-0.04549414001386152,-0.26314309811639025,-0.740751730959446,1.187813021702838,0.17597643901367577,0.18189922482784887,-0.2667444039091267,-0.7327964075685287,1.1707135196729004,0.18176967727318316,0.19263026042183393
2020-07-06,0.5,0.6,0.485,0.53,18604000.0,9802220.0,,,,0.06000000000000005,0.07070707070707072,0.07070707070707072,0.058941058941059055,2.684154260818133,6.098054177794735,9.528579513299377,5.127799736495389,7.088920207632722,7.6050261039225,6.5669737801983175,10.395081462192591,5.582094713693364,7.666246655188553,8.431892942488934
2020-07-07,0.54,0.55,0.52,0.54,5922000.0,3194170.0,,,,0.018867924528301883,0.11340206185567014,0.05882352941176472,0.0751617720258837,2.9679698547953492,-0.6816813588475596,1.2689655172413792,1.090363572184963,0.9237665126337811,0.671743912659014,-0.6741381034092278,1.5337987109568667,1.2474766486657636,1.0651116246892354,0.7499029041102389
2020-07-08,0.55,0.55,0.53,0.55,4850000.0,2624360.0,,,,0.0185185185185186,0.12244897959183687,0.05769230769230771,0.09181141439205964,3.0413812651499335,-0.18101992570077674,6.531055900621118,1.5129533678756477,0.5002538909045995,0.3778601165640093,-0.1783906304298143,7.3904341709827985,1.675324940109078,0.6047429302548673,0.44406696563875653
2020-07-09,0.55,0.58,0.54,0.58,5885000.0,3284380.0,,,,0.05454545454545445,0.15999999999999992,0.1153846153846152,0.14794656110836213,4.13011294012389,0.21340206185567,0.6544841158279449,1.7461502566495568,0.7417497701060483,0.585160625892233,0.2514975079638464,0.8591163426514248,1.9547216999379255,0.9122496568799807,0.7019862785332878
2020-07-10,0.57,0.65,0.57,0.62,14867000.0,9214140.0,,,,0.06896551724137945,0.24,0.21568627450980382,0.21987211018199715,4.559425820821918,1.52625318606627,4.672262495230828,12.442133815551538,3.1692301365258118,2.6234157155367277,1.805442731961588,6.112996421940798,15.348432426678023,4.0455588312310855,3.278107478841629
2020-07-13,0.62,0.66,0.62,0.64,6998522.0,4506699.0,,,,0.032258064516129004,0.2075471698113207,0.2549019607843137,0.24574209245742096,3.605690803602626,-0.5292579538575368,-0.6238162760696624,15.956946911124412,0.6451873637078449,0.5549198225466568,-0.5108931490079378,-0.5402369055173215,20.49947762368869,0.995249333614378,0.8116377930192853
2020-07-14,0.63,0.64,0.58,0.61,7114211.0,4304170.0,,,,-0.046875,0.12962962962962954,0.196078431372549,0.17251321480057658,1.9970739043133745,0.016530490294950795,0.20131898007429916,9.280651734104046,0.5522278073953193,0.516981895280624,-0.044939544442617496,0.3475081163494742,11.47242063779539,0.7400648706462043,0.6610966975028288
2020-07-15,0.61,0.61,0.59,0.6,4341000.0,2600120.0,,,,-0.016393442622950838,0.09090909090909083,0.17647058823529416,0.14231318419800099,1.5220982407974888,-0.38981286891828204,-0.10494845360824745,2.046315789473684,-0.11486500422029555,-0.1164567659713087,-0.39590676018837545,-0.009236537670136769,2.679293608229917,-0.026727250598249763,-0.025961523389884358
2020-07-16,0.58,0.59,0.56,0.58,2953800.0,1714596.0,,,,-0.033333333333333326,0.0,0.15999999999999992,0.09485606418121728,0.97206038949353,-0.3195577055977885,-0.49807986406117244,1.1847633136094675,-0.4151049358238653,-0.4394470845409863,-0.34057043521068253,-0.4779544388895317,1.5239515404884223,-0.3801605993679511,-0.38783771827464425
2020-07-17,0.58,0.58,0.56,0.57,3368000.0,1899740.0,,,,-0.017241379310344862,-0.08064516129032262,0.1399999999999999,0.06791569086651039,0.6922962842388968,0.14022614936691724,-0.7734579942153763,6.832558139534884,-0.3434987906430996,-0.3734954468893453,0.10798112208356958,-0.7938234061996019,7.88954399756674,-0.32584498930918837,-0.34272173853808424
2020-07-20,0.56,0.58,0.55,0.56,2809000.0,1586660.0,,,,-0.01754385964912264,-0.12499999999999989,0.1313131313131315,0.04234527687296419,0.4347678028102692,-0.16597387173396672,-0.5986295392084214,0.10852407261247032,-0.46770275070051615,-0.5355453384560896,-0.16480149915251563,-0.6479329992972683,0.27545528719970735,-0.45330172117650425,-0.5023709681880402
2020-07-21,0.59,0.6,0.56,0.57,1631000.0,943630.0,,,,0.01785714285714257,-0.06557377049180335,0.16326530612244894,0.0545790934320074,0.5719521752131423,-0.41936632253470985,-0.770740564203114,-0.6303263825929284,-0.6917335050704688,-0.7955542586007993,-0.40527271122987907,-0.7807637709477089,-0.5596953987858879,-0.6767717664524183,-0.7574438380573615
2020-07-22,0.57,0.57,0.55,0.55,2441600.0,1370462.0,,,,-0.0350877192982455,-0.08333333333333326,0.12244897959183687,0.010101010101010166,0.10880960588423154,0.49699570815450644,-0.43754895185441145,3.4636197440585006,-0.5260710101726734,-0.5803634876042224,0.45232983266746496,-0.47292355737427505,4.160163412843346,-0.5207198249923126,-0.5638194893753243
2020-07-23,0.55,0.55,0.53,0.55,1354000.0,723860.0,,,,0.0,-0.051724137931034364,0.10000000000000009,0.004566210045662267,0.051129240454943346,-0.4454456094364351,-0.5416074209492856,-0.26292868807838865,-0.7419259734858672,-0.848035706275354,-0.47181315497985354,-0.5778247470541165,-0.1994957174690768,-0.7516486565110434,-0.8442793691166671
2020-07-24,0.53,0.56,0.53,0.54,1868000.0,1013610.0,,,,-0.018181818181818188,-0.05263157894736825,0.12500000000000022,-0.018181818181818188,-0.21008266720878838,0.3796159527326439,-0.4453681710213777,-0.8152324431256182,-0.6423105044874282,-0.7276061858895604,0.40028458541706957,-0.4664480402581406,-0.7909207358956429,-0.6511579104558104,-0.7269955055015189
2020-07-27,0.53,0.61,0.53,0.55,8769000.0,4883560.0,,,,0.0185185185185186,-0.017857142857142905,0.11111111111111116,-0.005424954792043413,-0.06702033846767531,3.694325481798715,2.121751512993948,3.9626485568760614,0.8229607045945813,0.8762534908913006,3.817987194285771,2.077886881877655,4.6771388548211785,0.7994465466388356,0.8366848476402406
2020-07-28,0.56,0.57,0.55,0.56,1725000.0,961920.0,,,,0.0181818181818183,-0.01754385964912264,0.15463917525773208,0.007647323436797304,0.09964495214335051,-0.803284296955183,0.057633353770692786,-0.3390804597701149,-0.6657240180868305,-0.7565730903157618,-0.8030289379059539,0.01938259699246525,-0.2369499256321269,-0.67002054756034,-0.751850922370922
2020-07-29,0.56,0.57,0.54,0.57,832000.0,463770.0,,,,0.01785714285714257,0.036363636363636154,0.16326530612244894,0.018766756032171594,0.26740489214689045,-0.5176811594202899,-0.6592398427260813,0.2919254658385093,-0.8373779270421675,-0.9372226879275187,-0.5178705089820359,-0.661595870589626,0.4827354690197583,-0.8400878766718479,-0.933958790214353
2020-07-30,0.56,0.68,0.55,0.64,38482000.0,24512080.0,,,,0.12280701754385981,0.16363636363636358,0.28,0.13575865128660158,2.14110317827924,45.25240384615385,27.420974889217135,9.818667416362103,6.507867462551603,7.312408241238924,51.85395778079651,32.86301218467659,12.875010967177714,7.430044060352273,8.30621253103986
2020-07-31,0.64,0.71,0.62,0.64,21136000.0,13970700.0,,,,0.0,0.18518518518518512,0.28,0.12182296231375989,1.9123527515664713,-0.45075619770282205,10.314775160599572,7.06409767264403,2.0757559222071533,1.6358959202061323,-0.4300483679883551,12.783111847752094,9.784895726786038,2.45383908353894,1.81518141884275
2020-08-03,0.65,0.75,0.63,0.66,35166000.0,24343330.0,,,,0.03125,0.19999999999999996,0.24528301886792447,0.1428571428571428,2.3224771033801606,0.6637963663890991,3.010263427984947,0.8902386583530424,3.5098742565724095,2.9705288396244978,0.7424559971941278,3.9847508784575183,1.4834506877013576,4.2029644248309594,3.3593603384838846
2020-08-04,0.66,0.69,0.66,0.68,7470000.0,5006840.0,,,,0.030303030303030276,0.2142857142857142,0.2592592592592593,0.16438356164383583,2.5151563690343433,-0.7875789114485583,3.3304347826086955,0.2613981762917934,-0.13397897654551327,-0.10664019264840906,-0.7943239482848073,4.205048236859614,0.5674932768136949,-0.07380184407006629,-0.054967335674365875
2020-08-05,0.69,0.71,0.67,0.7,10216000.0,7058190.0,,,,0.02941176470588225,0.22807017543859653,0.2727272727272725,0.18443316412859567,2.5774580832069662,0.3676037483266399,11.278846153846153,1.1063917525773195,0.1738404575362611,0.13980046762758616,0.4097095173802239,14.21916035966104,1.6894900089926685,0.28414048144165394,0.21570314044025035
2020-08-06,0.72,0.72,0.67,0.71,6002000.0,4185700.0,,,,0.014285714285714235,0.109375,0.22413793103448287,0.18629908103592308,2.342285722089036,-0.4124902114330462,-0.8440309755210228,0.019881053525913295,-0.3309818978158672,-0.2752443890315833,-0.4069726091250023,-0.829239297521875,0.27442622351859414,-0.267994041086403,-0.21237683131878937
2020-08-07,0.71,0.72,0.67,0.67,7108000.0,4911240.0,,,,-0.05633802816901401,0.046875,0.08064516129032273,0.10743801652892548,1.2158786771889536,0.18427190936354543,-0.6637017411052233,-0.5218941279343512,-0.20821695688602648,-0.1732938231547328,0.17333779296175078,-0.6484614228349331,-0.4669887802876883,-0.14782594708830332,-0.11828702686265766
2020-08-10,0.67,0.69,0.67,0.67,2974000.0,2010270.0,,,,0.0,0.015151515151515138,0.046875,0.10288065843621408,1.1295062069746922,-0.5815981992121553,-0.9154296763919695,-0.5750531326471504,-0.6537535061314066,-0.5246645807399481,-0.5906797468663718,-0.9174200900205518,-0.553937371899033,-0.6376614795501301,-0.49424012707104914
2020-08-11,0.68,0.76,0.67,0.7,17602000.0,12439670.0,,,,0.04477611940298498,0.02941176470588225,0.14754098360655732,0.14942528735632155,1.6062919496419283,4.9186281102891725,1.3563587684069613,1.4742026909238426,1.0984663676505089,0.855390069140867,5.188059315415342,1.4845351559067197,1.8901437443223665,1.2937783263323297,0.9746729621723303
2020-08-12,0.7,0.7,0.68,0.69,1937796.0,1335559.0,,,,-0.014285714285714346,-0.014285714285714346,0.1499999999999999,0.12469437652811743,1.2707803604738885,-0.8899104647199182,-0.8103175411119812,-0.5536060815480304,-0.782573532216839,-0.6363696434367455,-0.8926371037173816,-0.8107788257329429,-0.4863471685922188,-0.7709160213347608,-0.6106365206657703
2020-08-13,0.7,0.72,0.69,0.72,2989000.0,2091740.0,,,,0.04347826086956519,0.014084507042253502,0.24137931034482762,0.16504854368932032,1.6330867941001364,0.5424740271937809,-0.5019993335554815,0.011916852867492667,-0.6600418927566267,-0.5263368121142564,0.566190636280389,-0.5002651886183912,0.2199608537521376,-0.6372769790073189,-0.49697424063583934
2020-08-14,0.72,0.72,0.7,0.7,2894000.0,2053060.0,,,,-0.02777777777777779,0.04477611940298498,0.22807017543859653,0.11999999999999988,1.140949665346842,-0.03178320508531285,-0.5928531232414181,-0.1407363420427553,-0.6709127263961812,-0.5351601117170964,-0.0184917819614292,-0.581967079597006,0.08070578079105561,-0.6451447423615684,-0.5054661253086812
2020-08-17,0.72,0.74,0.7,0.73,5888000.0,4262250.0,,,,0.04285714285714293,0.08955223880596996,0.3035714285714284,0.15597783056215375,1.4826838235889146,1.0345542501727714,0.9798251513113652,1.096119615521538,-0.32864477758268296,-0.26113751882899866,1.0760474608632968,1.1202375800265636,1.6863033037953943,-0.26427848011921995,-0.20745167938581482
2020-08-18,0.74,0.76,0.72,0.74,4423000.0,3253570.0,,,,0.013698630136986356,0.05714285714285716,0.29824561403508776,0.15625,1.4778051447931266,-0.24881114130434778,-0.7487217361663447,1.711833231146536,-0.5043852215225497,-0.41027659071350514,-0.23665434922869377,-0.7384520650467417,2.447929802994818,-0.45106623092256826,-0.3650327081362443
2020-08-19,0.72,0.73,0.66,0.67,8043000.0,5526670.0,,,,-0.09459459459459452,-0.02898550724637672,0.21818181818181825,0.033153430994602884,0.3112571806172483,0.818449016504635,3.1505917031514157,2.294151376146789,-0.11263067790316239,-0.0937343966129477,0.6986479467169908,3.1380949849463784,3.032705759079785,-0.08537743561242384,-0.07106820470963822
2020-08-20,0.67,0.71,0.67,0.68,3689000.0,2552430.0,,,,0.014925373134328401,-0.05555555555555547,0.23636363636363633,0.038961038961039085,0.39128542210770123,-0.5413402959094865,0.23419203747072603,1.7245199409158052,-0.6051986550683899,-0.524415428618197,-0.5381613159461303,0.22024247755457171,2.526137650926975,-0.5916359925956176,-0.5152176033182642
2020-08-21,0.69,0.71,0.68,0.69,2813000.0,1949370.0,,,,0.014705882352941124,-0.014285714285714346,0.2777777777777777,0.04387291981845687,0.47921740840514354,-0.23746272702629434,-0.02798894263994467,0.5058886509635974,-0.7026643871147746,-0.6210115910392374,-0.2362689672194732,-0.05050509970483086,0.9231953118063161,-0.6926160465013766,-0.6173732392827022
2020-08-24,0.7,0.7,0.66,0.67,3991000.0,2687410.0,,,,-0.02898550724637672,-0.08219178082191769,0.21818181818181825,0.002243829468960401,0.027967465448150923,0.4187699964450764,-0.32218070652173914,-0.5448739879119626,-0.580245554352374,-0.5169851108766857,0.3786043696168506,-0.369485600328465,-0.4497026759167493,-0.5793426253541673,-0.522704883617873
2020-08-25,0.67,0.68,0.66,0.66,2988000.0,1985040.0,,,,-0.014925373134328401,-0.108108108108108,0.1785714285714286,-0.021497405485544574,-0.3164357682658893,-0.2513154597845152,-0.32444042505087045,0.7321739130434783,-0.6776365120365542,-0.584716132117041,-0.2613557291220915,-0.38988864539567303,1.0636227544910182,-0.6838498357115377,-0.6028591238424325
2020-08-26,0.66,0.68,0.66,0.68,2396000.0,1601950.0,,,,0.030303030303030276,0.014925373134328401,0.19298245614035103,0.0007358351729214174,0.013389514900321866,-0.19812583668005357,-0.702101206017655,1.8798076923076925,-0.7432542574305551,-0.6483041461863907,-0.1929885543868134,-0.7101419118565067,2.4541906548504646,-0.7469251092716935,-0.6672595724311426
2020-08-27,0.69,0.71,0.66,0.66,2645000.0,1796830.0,,,,-0.02941176470588236,-0.02941176470588236,0.03125,-0.03649635036496357,-0.9242924573762382,0.10392320534223698,-0.2830035239902413,-0.9312665661867886,-0.7189276899029199,-0.6358972319735435,0.12165173694559761,-0.29603162476541967,-0.9266961432893496,-0.7186674136072435,-0.6519435765662893
2020-08-28,0.66,0.68,0.65,0.67,2440000.0,1624260.0,,,,0.015151515151515138,-0.02898550724637672,0.046875,-0.023323615160349864,-0.624294473580855,-0.07750472589792057,-0.13259864912904373,-0.884557153671461,-0.6797286535144176,-0.6292025593174775,-0.0960413617314938,-0.16677695870973697,-0.8837381090424961,-0.690681419258221,-0.6408464774765016
2020-08-31,0.67,0.67,0.65,0.66,1762000.0,1158670.0,,,,-0.014925373134328401,-0.014925373134328401,0.0,-0.039999999999999925,-1.165653055122869,-0.2778688524590164,-0.5585066399398647,-0.9498947847352557,-0.7363751353695726,-0.6428685541072862,-0.2866474579192987,-0.5688525383175622,-0.9524029785571654,-0.7499508472471421,-0.6530255610006047
2020-09-01,0.66,0.67,0.65,0.66,2715000.0,1795040.0,,,,0.0,0.0,-0.02941176470588236,-0.039999999999999925,-1.165653055122869,0.5408626560726448,-0.09136546184738958,-0.6365461847389557,-0.45846645118883866,-0.6087998022929331,0.5492245419316975,-0.09571595534598798,-0.6414824520056563,-0.48337273643693346,-0.6305625369702419
2020-09-02,0.66,0.66,0.62,0.62,3194000.0,2027030.0,,,,-0.06060606060606066,-0.08823529411764708,-0.11428571428571421,-0.0968681718863802,-2.7322831014091946,0.1764272559852671,0.3330550918196995,-0.6873531714956931,-0.33121009639075816,-0.42042153639589697,0.12923945984490604,0.2653516027341678,-0.7128116415114923,-0.3883334156370294,-0.48324650717323314
2020-09-03,0.64,0.64,0.63,0.64,1498000.0,951140.0,,,,0.032258064516129004,-0.030303030303030276,-0.09859154929577463,-0.06227106227106227,-1.5038391287654307,-0.5309956167814652,-0.43364839319470705,-0.7504165278240587,-0.6614451932879001,-0.8245070511224688,-0.5307716215349552,-0.47065665644496135,-0.7727644121652293,-0.6894123097630397,-0.8362051645892299
2020-09-04,0.62,0.64,0.62,0.63,2167000.0,1366000.0,,,,-0.015625,-0.059701492537313494,-0.059701492537313494,-0.07216494845360832,-1.6896023037777939,0.44659546061415223,-0.1118852459016394,-0.6951322453573439,-0.48398493550335564,-0.5666321697723139,0.4361713312446118,-0.15900163766884612,-0.7218625031560257,-0.5290726856831323,-0.6012382031413408
2020-09-07,0.63,0.63,0.61,0.63,1726000.0,1077180.0,,,,0.0,-0.045454545454545525,-0.059701492537313494,-0.06942392909896589,-1.517750805709801,-0.2035071527457314,-0.020431328036322416,-0.4196368527236046,-0.5633077067992281,-0.6278699840414445,-0.21143484626647147,-0.07033063771393067,-0.46416153054067366,-0.6044720530101009,-0.651061935869242
2020-09-08,0.63,0.67,0.63,0.65,2580000.0,1675350.0,,,,0.031746031746031855,-0.015151515151515138,-0.07142857142857129,-0.03703703703703709,-0.7648368253805125,0.4947856315179606,-0.04972375690607733,-0.8534257470741962,-0.3367677112198183,-0.3664440214191233,0.5553110900685123,-0.06667817987342906,-0.8653219900527908,-0.37410886351473094,-0.3925690252452254
2020-09-09,0.65,0.65,0.64,0.65,1216000.0,788910.0,,,,0.0,0.048387096774193505,-0.05797101449275355,-0.03345724907063208,-0.6904822946727303,-0.5286821705426357,-0.6192861615529117,-0.3724829651831256,-0.6126080532031866,-1.246069627338568,-0.5291073507028382,-0.6108049708193761,-0.40930352009907467,-0.6310966221172425,-1.2128531724051748
2020-09-10,0.66,0.7,0.66,0.69,6147000.0,4204040.0,,,,0.06153846153846132,0.078125,-0.04166666666666674,0.029082774049216997,0.5966462069188117,4.0550986842105265,3.1034712950600802,1.0565406490465037,0.9810819085679294,1.92575574819136,4.328922183772547,3.4200012616439217,1.0098291374645032,0.991308240119932,1.8359801826352473
2020-09-11,0.69,0.69,0.67,0.68,3124796.0,2126919.0,,,,-0.014492753623188248,0.07936507936507953,-0.02857142857142847,0.01644245142002987,0.35560883814182703,-0.4916551163169025,0.4419916935856023,0.07974982722874913,-0.04169408878325542,-0.07902710843093763,-0.4940773636787471,0.5570417276720352,0.03597508109845782,-0.040549708815820984,-0.07295562284833101
2020-09-14,0.69,0.8,0.69,0.79,13421000.0,9980170.0,,,,0.1617647058823528,0.25396825396825395,0.08219178082191791,0.1826347305389222,4.040756566024057,3.2950003776246515,6.775782155272306,1.2793817934782608,3.101409355613919,5.905460305667427,3.6923131534393177,8.265090328450212,1.341526189219309,3.494553812684644,6.299829189883401
2020-09-15,0.79,0.92,0.78,0.83,48498100.0,41825605.0,,,,0.05063291139240489,0.2769230769230768,0.12162162162162149,0.23695976154992526,4.12860591473061,2.6135980925415394,17.797713178294572,9.96497852136559,12.291011268533397,15.992313728496196,3.1908709971874227,23.965293819201957,11.8552958749927,15.687528934689347,18.78576981969214
2020-09-16,0.83,0.91,0.81,0.89,13729000.0,11939770.0,,,,0.07228915662650603,0.36923076923076925,0.3283582089552237,0.3175425610658771,4.2545439251190365,-0.7169167451920797,10.290296052631579,0.7069501429814746,1.345757034861958,0.7558474541882899,-0.7145344341103972,14.134514710169729,1.160391338726575,1.6921686844378625,0.8297525937539603
2020-09-17,0.89,0.89,0.85,0.85,4504000.0,3881000.0,,,,-0.0449438202247191,0.23188405797101463,0.24999999999999978,0.23816460305899478,2.351490111130967,-0.6719353193968971,-0.26728485440052063,0.22092708050962329,-0.2660903020481621,-0.1546392311340222,-0.6749518625568165,-0.07684037259398102,0.5205118259854336,-0.18391905452701296,-0.09509493187731252
2020-09-18,0.86,0.88,0.84,0.86,3649000.0,3113405.0,,,,0.0117647058823529,0.2647058823529411,0.24637681159420288,0.2374100719424459,2.101756006090499,-0.18983126110124338,0.16775623112676796,0.2971916103803769,-0.40933137930851404,-0.23965386273494604,-0.19778278794125226,0.46380985829737753,0.597133945838912,-0.3543445384051983,-0.18601409837110838
2020-09-21,0.86,0.87,0.78,0.78,6779000.0,5507070.0,,,,-0.09302325581395343,-0.012658227848101222,0.16417910447761197,0.10874200426439229,0.8822476553745446,0.8577692518498219,-0.49489605841591533,0.6985717865196692,0.08995114883648725,0.05308290522384658,0.7688254499494926,-0.4481987781771253,1.0492109503201967,0.12843182887674853,0.06834960440060728
2020-09-22,0.78,0.78,0.73,0.75,5674000.0,4210740.0,,,,-0.03846153846153855,-0.09638554216867468,0.13636363636363624,0.057827926657263884,0.46615627604602927,-0.163003392830801,-0.8830057259975133,0.8989290495314592,-0.10771359424286875,-0.0650675341223612,-0.23539377563749875,-0.8993262619871248,1.1212368516503446,-0.16141914684733227,-0.08852007045906335
2020-09-23,0.74,0.77,0.73,0.77,899000.0,672190.0,,,,0.026666666666666616,-0.1348314606741573,0.13235294117647056,0.07918710581639798,0.6448587357486423,-0.8415579837856891,-0.9345181732099934,-0.6247913188647747,-0.8615484202905764,-0.5328612725996348,-0.8403629765789387,-0.9437015955918748,-0.5803926464621243,-0.8690340118100464,-0.4884810435058662
2020-09-24,0.77,0.77,0.74,0.75,1175000.0,879520.0,,,,-0.025974025974025983,-0.11764705882352944,0.13636363636363624,0.04456824512534818,0.3631627758118361,0.3070077864293659,-0.7391207815275311,-0.555765595463138,-0.8169324205485147,-0.49773432647196086,0.30843957809547895,-0.7733779953620201,-0.510515741611616,-0.827072631647649,-0.45961364701229884
2020-09-25,0.75,0.77,0.74,0.75,1323000.0,1001070.0,,,,0.0,-0.12790697674418605,0.11940298507462677,0.03806228373702436,0.31503783010648806,0.12595744680851073,-0.6374349136749795,-0.4577868852459016,-0.7914859045417112,-0.47522901850850513,0.13820038202656004,-0.6784645749589275,-0.38367625872705113,-0.8013828993646472,-0.44037712588917416
2020-09-28,0.76,0.78,0.73,0.77,2249000.0,1713830.0,,,,0.026666666666666616,-0.012820512820512886,0.16666666666666674,0.059876118375774334,0.5023740626786671,0.6999244142101284,-0.668240153414958,0.2763904653802498,-0.6423940246060896,-0.38142552394363316,0.7119981619666957,-0.6887945858687106,0.479135560599653,-0.6578526673853604,-0.3587504633352454
2020-09-29,0.78,0.8,0.78,0.79,1146000.0,900980.0,,,,0.025974025974025983,0.053333333333333455,0.19696969696969702,0.0792349726775956,0.6773264901619079,-0.49044019564250774,-0.7980260838914346,-0.5779005524861878,-0.8184811759277275,-0.4883395086752449,-0.47428858171463917,-0.7860281090734645,-0.49807246635172475,-0.8211205154416577,-0.4508280172318401
2020-09-30,0.79,0.79,0.75,0.75,1750000.0,1329770.0,,,,-0.05063291139240511,-0.025974025974025983,0.20967741935483875,0.015572105619498844,0.13560068317768612,0.5270506108202444,0.9466073414905452,-0.45209768315591736,-0.7193238984248906,-0.4224939457199969,0.47591511465293346,0.9782650738630447,-0.34398109549439326,-0.7336249115965009,-0.398398674931763
2020-10-05,0.76,0.79,0.74,0.75,1558000.0,1188390.0,,,,0.0,0.0,0.171875,0.006711409395973256,0.06242304532275456,-0.10971428571428576,0.3259574468085107,0.040053404539385884,-0.7471905700200339,-0.432693212184163,-0.1063191378960271,0.351180189194106,0.24943751708476136,-0.7602715038840367,-0.4094002809501727
2020-10-06,0.76,0.77,0.73,0.76,1669000.0,1250450.0,,,,0.01333333333333342,0.01333333333333342,0.20634920634920628,0.012658227848101333,0.12468737823504186,0.07124518613607189,0.26152683295540435,-0.2298107983387171,-0.7293108855235138,-0.42259943082647783,0.052221913681535614,0.2491134486099873,-0.08459004392386527,-0.7483546024458033,-0.40417938003203097
2020-10-07,0.75,0.77,0.74,0.76,377000.0,285000.0,,,,0.0,-0.012987012987012991,0.20634920634920628,0.003963011889035695,0.04242194163865156,-0.7741162372678251,-0.8323699421965318,-0.7815758980301275,-0.9386077954616276,-0.5411498750392169,-0.7720820504618338,-0.8337057934567607,-0.7354202640227261,-0.9425787340502738,-0.5083525530405041
2020-10-08,0.75,0.81,0.74,0.8,3881000.0,3051730.0,,,,0.05263157894736836,0.012658227848101333,0.23076923076923084,0.04780615586116577,0.56946796855962,9.294429708222811,2.386561954624782,0.5042635658914729,-0.36098341573315795,-0.2051890816269589,9.707824561403509,2.3871229106084484,0.8215477362939088,-0.38019691436066705,-0.20298635348860697
2020-10-09,0.8,0.81,0.78,0.79,1446000.0,1147920.0,,,,-0.012499999999999956,0.053333333333333455,0.2153846153846155,0.024643320363164634,0.3238977590782003,-0.6274156145323371,-0.1737142857142857,0.1891447368421053,-0.7644354478841285,-0.4399313879118615,-0.6238461462842388,-0.13675297231852124,0.4550709206373351,-0.7700723938861473,-0.4178109703525169
2020-10-12,0.79,0.83,0.79,0.8,2196000.0,1781170.0,,,,0.012658227848101333,0.06666666666666665,0.15942028985507273,0.028277634961439535,0.42834524491672643,0.5186721991701244,0.4094993581514763,-0.6427525622254758,-0.6429236242900912,-0.370884690724256,0.5516499407624225,0.49880931344087376,-0.5763194451051845,-0.6445109947534052,-0.3512598640158793
2020-10-14,0.82,0.82,0.76,0.78,2086000.0,1636860.0,,,,-0.025000000000000022,0.026315789473684292,0.1470588235294117,-0.00446713465220161,-0.07421740954001602,-0.050091074681238634,0.24985020970641103,-0.3324364214495922,-0.6495528152803305,-0.3614315089383233,-0.0810197791339401,0.3090167539685713,-0.2304079280875294,-0.6652182726814411,-0.3527396137385652
2020-10-15,0.78,0.78,0.76,0.77,1056000.0,814570.0,,,,-0.012820512820512886,0.013157894736842035,-0.025316455696202556,-0.023462270133164154,-0.45759657171359375,-0.4937679769894535,1.8010610079575597,-0.9213173384993667,-0.8210307510183537,-0.4521439714693331,-0.5023581735762375,1.8581403508771932,-0.9183811498200932,-0.8325594799573757,-0.43886315928669806
2020-10-16,0.76,0.77,0.75,0.77,1847000.0,1406070.0,,,,0.0,-0.03749999999999998,-0.07228915662650592,-0.022222222222222143,-0.4306485427011948,0.7490530303030303,-0.5240917289358413,-0.9619160338240055,-0.6503354186367246,-0.3236518994532355,0.7261499932479714,-0.5392547833523935,-0.9663825544185195,-0.6809137847459874,-0.32652667671846614
2020-10-19,0.77,0.82,0.77,0.79,2287000.0,1803400.0,,,,0.025974025974025983,0.0,-0.1123595505617977,0.007010834926704845,0.13912264477045233,0.2382241472658364,0.5816044260027662,-0.8334183116031757,-0.22465377248148088,-0.21784170541763012,0.2825819482671559,0.5710154017701583,-0.8489585645284624,-0.2440397761504275,-0.22131196142229156
2020-10-20,0.78,0.79,0.77,0.77,1116000.0,868740.0,,,,-0.025316455696202556,-0.03749999999999998,-0.09411764705882353,-0.01218729955099418,-0.3078372084258089,-0.5120244862264975,-0.4918032786885246,-0.7522202486678509,-0.5306092406048243,-0.7517523928940697,-0.5182765886658534,-0.5122644104717686,-0.7761556299922701,-0.537598467710096,-0.7399894388832876
2020-10-21,0.77,0.77,0.74,0.76,3066000.0,2300520.0,,,,-0.012987012987012991,-0.02564102564102566,-0.11627906976744184,-0.019987105093488,-0.5949737776111856,1.747311827956989,0.4697986577181208,-0.15976979994519047,0.388492629576795,0.5287979973357884,1.6481110573934665,0.40544701440563036,-0.2610919555920287,0.3312087029797146,0.4413634140918923
2020-10-22,0.76,0.76,0.74,0.75,521000.0,387420.0,,,,-0.013157894736842146,-0.025974025974025983,-0.03846153846153855,-0.026606099935107208,-1.2054433713636692,-0.830071754729289,-0.5066287878787878,-0.9231450066381472,-0.7608994951812758,-1.0361867527840933,-0.8315945960043816,-0.5243870999423008,-0.9296504311730194,-0.7704177097533955,-1.0289961438335178
2020-10-23,0.74,0.75,0.74,0.74,1456000.0,1090170.0,,,,-0.013333333333333308,-0.038961038961038974,-0.013333333333333308,-0.03771131339401823,-1.6626884470554049,1.7946257197696736,-0.21169463995668647,-0.7433909058864998,-0.21976314238250894,-0.33616433915955707,1.8139228743998763,-0.22466875760097293,-0.7410977642884624,-0.23845123739361807,-0.3705860793293994
2020-10-27,0.75,0.75,0.71,0.72,2652000.0,1947090.0,,,,-0.027027027027027084,-0.08860759493670889,-0.06493506493506496,-0.06310995445673384,-2.673036457079734,0.8214285714285714,0.15959772627896807,1.9499443826473861,0.6022232962783953,1.2025185403500367,0.7860425438234404,0.079677276255961,1.8966363676936582,0.5265445356818192,1.033353201547234
2020-10-28,0.72,0.75,0.72,0.74,984000.0,722040.0,,,,0.0277777777777779,-0.038961038961038974,-0.013333333333333308,-0.03394255874673635,-1.230700061554053,-0.6289592760180995,-0.11827956989247312,-0.16255319148936165,-0.4354075221619761,-0.9062024442730382,-0.6291696839899543,-0.16886525312521583,-0.1790522102965254,-0.46085578056403154,-0.9492952461469314
2020-10-29,0.74,0.74,0.71,0.72,415000.0,302500.0,,,,-0.027027027027027084,-0.052631578947368474,-0.040000000000000036,-0.05943827563683879,-2.102883536497249,-0.5782520325203252,-0.8646444879321592,-0.6863189720332578,-0.7605723186984366,-1.5596298769286157,-0.5810481413772091,-0.8685079894980265,-0.6978233290379294,-0.7727886419858798,-1.566142758591115
2020-10-30,0.72,0.73,0.69,0.7,1247000.0,884440.0,,,,-0.02777777777777779,-0.06666666666666676,-0.09090909090909094,-0.08376963350785349,-2.6994242693149855,2.004819277108434,1.3934740882917467,-0.4455313472654513,-0.2612121571183127,-0.4945163899320287,1.9237685950413224,1.2828971142429406,-0.48393948057858716,-0.3177886057954492,-0.5944995100027652
2020-11-02,0.7,0.72,0.7,0.71,1080000.0,762300.0,,,,0.014285714285714235,-0.04054054054054057,-0.10126582278481022,-0.06640368178829725,-1.8283488744658738,-0.1339214113873296,-0.2582417582417582,-0.05759162303664922,-0.3405788252533887,-0.6291967095955426,-0.13809868391298452,-0.3007512589779575,-0.15392128571111452,-0.3925710071583869,-0.7124257486942849
2020-11-03,0.71,0.74,0.71,0.73,1609000.0,1167800.0,,,,0.028169014084507005,0.01388888888888884,-0.026666666666666727,-0.03502974223397215,-0.9173594755832488,0.4898148148148149,-0.3932880844645551,-0.08057142857142852,-0.015601101254206218,-0.02869764349503495,0.5319428046700774,-0.4002331684719248,-0.12180301856712061,-0.06428343926716362,-0.11527864099952104
2020-11-04,0.73,0.74,0.71,0.73,2950000.0,2150920.0,,,,0.0,-0.013513513513513487,-0.026666666666666727,-0.03375248180013235,-0.8654476858122504,0.8334369173399627,1.9979674796747968,0.8934531450577663,0.8126516943684905,1.4890741346056893,0.8418564822743619,1.9789485347072184,0.8099445468238542,0.7347122294905595,1.3091108454013838
2020-11-05,0.73,0.77,0.73,0.77,1945000.0,1477010.0,,,,0.0547945205479452,0.06944444444444442,0.013157894736842035,0.020543406229291072,0.5167422192979908,-0.3406779661016949,3.686746987951807,0.16536848412222893,0.1461064788898383,0.2649861689316244,-0.3133124430476262,3.882677685950413,0.18118277420128748,0.14669748314416586,0.2606931959192503
2020-11-06,0.76,0.79,0.76,0.77,2687000.0,2094040.0,,,,0.0,0.10000000000000009,0.013157894736842035,0.019867549668874274,0.4971014248516866,0.3814910025706941,1.1547714514835605,6.127320954907161,0.5705643393634743,1.041440355998776,0.4177561424770313,1.367645063543033,6.347508771929824,0.6115642533555337,1.0946187312048954
2020-11-09,0.77,0.8,0.75,0.77,2124000.0,1664870.0,,,,0.0,0.08450704225352124,-0.03749999999999998,0.019192587690271434,0.477845861778989,-0.20952735392631183,0.9666666666666666,-0.4527183715537233,0.16297533331508207,0.3284963031716157,-0.20494832954480335,1.1840089203725568,-0.4544504264794068,0.1978899661146949,0.38993578521192507
2020-11-10,0.77,0.78,0.75,0.75,1139000.0,872030.0,,,,-0.025974025974025983,0.027397260273972712,-0.05063291139240511,-0.0053050397877983935,-0.13923991921155107,-0.4637476459510358,-0.2921068986948415,-0.21230982019363764,-0.34483750359505316,-0.7769581278009711,-0.4762173623165773,-0.2532711080664497,-0.24033904801728345,-0.33961760479518055,-0.7569040826741072
2020-11-11,0.75,0.77,0.74,0.75,2577790.0,1935758.0,,,,0.0,0.027397260273972712,-0.0625,-0.0026595744680850686,-0.07285096135146028,1.2632045654082527,-0.1261728813559322,0.1738570127504553,0.495975393900705,1.094676543536945,1.2198295930185887,-0.10003254421363883,0.08679014355732462,0.4814119253262805,1.048624520322832
2020-11-12,0.74,0.78,0.73,0.73,3320000.0,2481930.0,,,,-0.026666666666666727,-0.051948051948051965,-0.06410256410256421,-0.026017344896597794,-0.7793439864272218,0.2879249279421521,0.7069408740359897,0.5915627996164909,0.9055933469537341,1.978671439650543,0.2821489049767585,0.6803745404567336,0.51627506323082,0.888221441518946,1.9225231286561457
2020-11-13,0.73,0.75,0.73,0.74,204000.0,150590.0,,,,0.013698630136986356,-0.038961038961038974,-0.038961038961038974,-0.009370816599732268,-0.2880569858456244,-0.9385542168674699,-0.9240788983997023,-0.8068181818181819,-0.886914167576019,-1.8393616653771714,-0.9393254443114833,-0.9280863784836966,-0.8151294548043753,-0.889001164533237,-1.8325216066161263
2020-11-16,0.72,0.75,0.72,0.74,581100.0,425329.0,,,,0.0,-0.038961038961038974,-0.038961038961038974,-0.007377598926894824,-0.23181903599821418,1.848529411764706,-0.726412429378531,-0.6853817000541418,-0.6700806403308391,-1.2726961370003638,1.8244172919848594,-0.7445272003219471,-0.6975051028753902,-0.6786287745982774,-1.2790275606721409
2020-11-17,0.76,0.77,0.74,0.76,911000.0,692480.0,,,,0.027027027027026973,0.01333333333333342,-0.03797468354430378,0.021505376344086002,0.6946507630022698,0.567716399931165,-0.20017559262510976,-0.6016615653694797,-0.46350051485694277,-0.8167000818531235,0.6281043615648121,-0.20589887962570097,-0.6160141954086725,-0.45664184684021447,-0.7973818885258454
2020-11-18,0.76,0.78,0.75,0.78,1053000.0,807250.0,,,,0.026315789473684292,0.040000000000000036,0.012987012987013102,0.05050505050505061,1.8078574677924277,0.15587266739846317,-0.5915105574930464,-0.056451612903225756,-0.3536881665090783,-0.594965463343451,0.16573763863216273,-0.5829798972805484,-0.07078067085664297,-0.33772191187152245,-0.5641011448340356
2020-11-19,0.76,0.76,0.74,0.74,4500000.0,3362020.0,,,,-0.05128205128205132,0.013698630136986356,-0.02631578947368418,-0.004037685060565455,-0.13923991921155432,3.2735042735042734,0.35542168674698793,0.4677103718199609,1.7673668412260173,2.9615919120912344,3.1647816661505113,0.35459904187467006,0.4614174186705615,1.7652185120325972,2.9342722663100473
2020-11-20,0.74,0.77,0.74,0.76,1703000.0,1285930.0,,,,0.027027027027026973,0.027027027027026973,0.01333333333333342,0.0242587601078168,0.8500207122579588,-0.6215555555555555,7.348039215686274,2.2687140115163147,0.0030660365550718716,0.004634066482969092,-0.6175126858257833,7.539278836576134,2.3192142894016827,0.013421592500618695,0.020175891148228046
2020-11-23,0.76,0.77,0.74,0.76,1335000.0,1005450.0,,,,0.0,0.027027027027026973,0.027027027027026973,0.023569023569023573,0.8143128471940908,-0.21608925425719316,1.2973670624677336,-0.08310439560439564,-0.24013650222025285,-0.38752149597624125,-0.2181145163422581,1.3639347422818573,-0.07771265032059216,-0.23471534276429618,-0.37687610638481467
2020-11-24,0.75,0.76,0.74,0.74,698000.0,522210.0,,,,-0.02631578947368418,-0.02631578947368418,0.0277777777777779,-0.00470746469401484,-0.16032476702662177,-0.4771535580524344,-0.23380900109769487,-0.7368024132730016,-0.6013352413649528,-0.965209378167054,-0.4806206176338953,-0.24588435767097971,-0.7317997627228325,-0.6012412598045562,-0.9605974853800328
2020-11-25,0.75,0.76,0.74,0.75,1450000.0,1089670.0,,,,0.013513513513513598,-0.03846153846153855,0.013513513513513598,0.00738750839489577,0.26011044876398226,1.0773638968481376,0.37701804368471037,0.4735772357723578,-0.1228836922604164,-0.18580243838940477,1.0866509641715019,0.3498544441003406,0.5091546174727162,-0.12005932757745152,-0.18059162748160115
2020-11-26,0.74,0.75,0.71,0.72,7928000.0,5737130.0,,,,-0.040000000000000036,-0.027027027027027084,0.0,-0.033557046979865834,-1.1819724292593488,4.467586206896551,0.7617777777777779,18.103614457831327,3.7290560468897125,5.771141017103631,4.265016014022594,0.7064532632167566,17.96571900826446,3.5651386238539517,5.496109394707384
2020-11-27,0.72,0.73,0.72,0.72,869000.0,631420.0,,,,0.0,-0.052631578947368474,0.028571428571428692,-0.03355704697986561,-1.1819724292593434,-0.8903884964682139,-0.4897240164415737,-0.3031275060144346,-0.5765302231451817,-0.6832793873493187,-0.8899414864226538,-0.5089779381459333,-0.2860793270317942,-0.5868907997691922,-0.7101871801528836
2020-11-30,0.73,0.73,0.71,0.72,1565000.0,1124060.0,,,,0.0,-0.052631578947368474,0.014084507042253502,-0.034852546916890104,-1.3468943142596765,0.8009205983889529,0.17228464419475653,0.4490740740740742,-0.2302753130603098,-0.2686494259177709,0.7802096861043362,0.11796707941717632,0.4745638200183655,-0.25844113977978134,-0.3081873800194994
2020-12-01,0.72,0.73,0.7,0.72,713000.0,509280.0,,,,0.0,-0.027027027027027084,-0.013698630136986356,-0.03549899531145351,-1.4377207842438016,-0.544408945686901,0.02148997134670494,-0.5568676196395277,-0.6534535925513423,-0.7761701385772845,-0.5469280999234916,-0.024760153961050135,-0.5638979277273506,-0.6679824565549588,-0.8116473204618962
2020-12-02,0.72,0.72,0.7,0.71,2249000.0,1592210.0,,,,-0.01388888888888895,-0.053333333333333344,-0.0273972602739726,-0.04825737265415553,-1.8918429552796714,2.1542776998597475,0.5510344827586207,-0.23762711864406783,0.11743529470803216,0.13461517518602586,2.1263941250392713,0.46118549652647123,-0.2597539657448905,0.06078817025416616,0.07123247246520059
2020-12-03,0.71,0.72,0.7,0.71,586000.0,416030.0,,,,0.0,-0.01388888888888895,-0.07792207792207795,-0.046979865771812124,-1.7164505619577852,-0.7394397510004447,-0.9260847628657921,-0.6987146529562982,-0.7036804056645587,-0.7983720073000443,-0.7387090898813599,-0.9274846482474687,-0.7183295983100995,-0.7175691914918287,-0.8309556098532136
2020-12-04,0.71,0.73,0.68,0.68,3260000.0,2285610.0,,,,-0.042253521126760396,-0.05555555555555547,-0.11688311688311681,-0.08355795148247969,-2.9628306371803315,4.563139931740614,2.751438434982739,0.2132489765537775,0.7071240222983912,0.7626333202719965,4.493858615965195,2.6197934813594754,0.09148344826268828,0.6096022466726481,0.6690586647437947
2020-12-07,0.69,0.73,0.67,0.69,1573000.0,1083710.0,,,,0.014705882352941124,-0.04166666666666674,-0.10389610389610393,-0.06440677966101704,-1.9763695116220052,-0.5174846625766871,0.005111821086261958,-0.2594161958568738,-0.18846181527110561,-0.2042537377138163,-0.5258552421454229,-0.03589666032062344,-0.34907229993933464,-0.24192909741603885,-0.266092899335468
2020-12-08,0.69,0.71,0.69,0.7,719000.0,501720.0,,,,0.01449275362318847,-0.02777777777777779,-0.06666666666666676,-0.04567143830947529,-1.3411298484300405,-0.5429116338207247,0.008415147265077083,-0.36874451273046527,-0.6237068849341186,-0.6659028968337894,-0.5370348155871958,-0.014844486333647544,-0.42465282157723927,-0.6417577561405803,-0.6909991625928729
2020-12-09,0.72,0.75,0.7,0.72,4103142.0,2986748.0,,,,0.028571428571428692,0.014084507042253502,-0.040000000000000036,-0.015047879616963078,-0.4274931548648153,4.706734353268429,0.8244295242329924,0.5917285737007281,1.171268126458365,1.2285571325731415,4.953017619389301,0.8758505473524221,0.5429346023624855,1.1611946575420422,1.2238712833694256
2020-12-10,0.72,0.73,0.71,0.73,1848000.0,1338100.0,,,,0.01388888888888884,0.028169014084507005,0.0,0.0006854009595613775,0.019655429501945782,-0.5496134425764451,2.15358361774744,-0.44337349397590364,-0.0600261310700988,-0.06332797062230042,-0.5519876467649765,2.2163545898132346,-0.4608631186213954,-0.06722637731282088,-0.071177369748554
2020-12-11,0.72,0.74,0.72,0.73,1318106.0,960208.0,,,,0.0,0.07352941176470584,-0.013513513513513487,0.0006854009595613775,0.019655429501945782,-0.28673917748917754,-0.5956730061349693,5.461303921568628,-0.30347834913970384,-0.31278879657414493,-0.2824093864434646,-0.5798898324736066,5.376306527657879,-0.30285704619099896,-0.3130916135221401
2020-12-14,0.71,0.73,0.71,0.71,899000.0,652660.0,,,,-0.0273972602739726,0.02898550724637694,-0.04054054054054057,-0.026063100137174278,-0.7504240727737482,-0.3179607709850346,-0.42848061029879214,0.5470659094820169,-0.5385288381490766,-0.5832703536483433,-0.3202931031609818,-0.3977540116820921,0.5344827180841185,-0.5396762619167731,-0.58628635537809
2020-12-15,0.71,0.73,0.7,0.71,1432000.0,1017270.0,,,,0.0,0.014285714285714235,-0.06578947368421062,-0.024054982817869552,-0.6857127825861281,0.5928809788654059,0.9916550764951322,0.5718990120746432,-0.2708803671504314,-0.29765698462542584,0.5586522844972881,1.0275651757952642,0.46902437615526793,-0.28822159162627803,-0.3176040704253297
2020-12-16,0.71,0.71,0.7,0.7,473000.0,333670.0,,,,-0.014084507042253502,-0.02777777777777779,-0.10256410256410264,-0.034482758620689724,-1.0161735558713154,-0.6696927374301676,-0.8847224882784949,-0.5508072174738841,-0.762319010700368,-0.8547156142754809,-0.671994652353849,-0.8882831762170762,-0.5866584081759059,-0.7691558862274128,-0.8623165014617796
2020-12-17,0.7,0.72,0.7,0.71,634000.0,445260.0,,,,0.014285714285714235,-0.0273972602739726,-0.04054054054054057,-0.015256588072121935,-0.511708024664151,0.34038054968287534,-0.6569264069264069,-0.8591111111111112,-0.6767058508694063,-0.7390364828906167,0.3344322234543111,-0.6672446005530229,-0.867561763463632,-0.6868237452675576,-0.7477814495235012
2020-12-18,0.71,0.72,0.68,0.69,2247000.0,1570470.0,,,,-0.028169014084507116,-0.0547945205479452,-0.0921052631578948,-0.04100069492703262,-1.3951378615523606,2.5441640378548898,0.7047187403744464,0.31943628890193776,0.2710984236343075,0.27956842771771934,2.527085298477294,0.6355518804259077,0.22127176440397212,0.2308556361764198,0.23774967835631464
2020-12-21,0.7,0.7,0.68,0.69,3455000.0,2371760.0,,,,0.0,-0.028169014084507116,-0.0921052631578948,-0.03631284916201116,-1.3103863168795944,0.5376056964842011,2.843159065628476,1.5880149812734081,0.9248314059391998,0.9665789003514533,0.5102230542449075,2.63399013268777,1.3589039733452681,0.8383680027110145,0.8717975789729459
2020-12-22,0.7,0.7,0.67,0.67,3077000.0,2101350.0,,,,-0.02898550724637672,-0.05633802816901401,-0.09459459459459452,-0.05964912280701751,-2.396606736486531,-0.10940665701881336,1.1487430167597767,3.4083094555873927,0.6186537934679823,0.6710184047440202,-0.11401237899281547,1.0656757792916336,3.0239558798184643,0.5468621154634092,0.5888421599233732
2020-12-23,0.67,0.68,0.65,0.66,5102000.0,3370430.0,,,,-0.014925373134328401,-0.05714285714285705,-0.12,-0.06911142454160779,-2.593928695376291,0.6581085472863177,9.786469344608879,2.5186206896551724,1.5258521112103676,1.763816018528657,0.6039355652318747,9.101087901219769,2.0930740499417255,1.344782668464707,1.5391176091591685
2020-12-24,0.66,0.66,0.62,0.63,2562000.0,1619360.0,,,,-0.045454545454545525,-0.11267605633802813,-0.125,-0.1057487579843861,-3.855288415506468,-0.49784398275186204,3.041009463722397,-0.6768415741675076,0.16321706066217834,0.19212218630813166,-0.5195390499135125,2.6368863136145175,-0.7177404033026966,0.04376872597255166,0.05127368996846417
2020-12-28,0.62,0.63,0.6,0.63,2490000.0,1535420.0,,,,0.0,-0.08695652173913038,-0.125,-0.09999999999999998,-2.785378490139861,-0.02810304449648715,0.10814419225634175,1.86536248561565,0.2873456917141055,0.42541116255847394,-0.051835292955241585,-0.022318159531859894,1.4316936429001297,0.1410957602014853,0.2139447399865276
2020-12-29,0.63,0.67,0.61,0.65,2286000.0,1470120.0,,,,0.031746031746031855,-0.05797101449275355,-0.09722222222222221,-0.06542056074766356,-1.5633013633116233,-0.08192771084337347,-0.33835021707670043,0.46070287539936094,0.1343435971414939,0.2103555658529368,-0.04252907999114253,-0.38015650824704017,0.3078661281426258,0.057057537272797054,0.0910024433061053
2020-12-30,0.65,0.69,0.63,0.66,2487000.0,1638650.0,,,,0.01538461538461533,-0.014925373134328401,-0.08333333333333326,-0.046242774566473854,-1.0598705746948482,0.0879265091863517,-0.19174520636984071,2.488078541374474,0.21239456262244616,0.3393560997233037,0.11463690038908392,-0.22019178147381446,2.217581683945963,0.16375664180733152,0.2650793805456807
2020-12-31,0.66,0.67,0.63,0.63,1206000.0,781030.0,,,,-0.045454545454545525,-0.045454545454545525,-0.11267605633802813,-0.08563134978229314,-1.950760378143521,-0.5150784077201447,-0.7636221089768718,-0.4637616718541574,-0.43645186354994947,-0.7488285936888727,-0.5233698471302597,-0.7682699240156301,-0.509467972189598,-0.466705468441989,-0.8091411008825771
2021-01-04,0.62,0.66,0.62,0.65,1373000.0,886220.0,,,,0.031746031746031855,0.031746031746031855,-0.08450704225352101,-0.05109489051094884,-1.0760855909290141,0.1384742951907132,-0.46409055425448864,1.3430034129692832,-0.34238961341513696,-0.5654702226527748,0.13468112620513928,-0.4527344135954945,1.1301829195009976,-0.3776452289879597,-0.6270106340861973
2021-01-05,0.65,0.69,0.65,0.67,3229064.0,2168110.0,,,,0.030769230769230882,0.06349206349206349,-0.014705882352941235,-0.017595307917888547,-0.36514837167012376,1.3518310269482883,0.2968128514056225,-0.009489570552147275,0.5179791167069165,0.898242936429828,1.4464692739951706,0.41206314884526707,-0.051408595517170474,0.4978428495760552,0.8633209926823381
2021-01-06,0.67,0.68,0.66,0.68,1998000.0,1337220.0,,,,0.014925373134328401,0.04615384615384621,-0.014492753623188248,-0.002201027146001344,-0.0454941400138427,-0.38124484370703093,-0.12598425196850394,0.270184361093452,-0.0600591174830134,-0.10420070579787956,-0.3832324005700818,-0.09040078360950121,0.23392789583929274,-0.0724142181540639,-0.12594309155593048
2021-01-07,0.68,0.69,0.66,0.67,2150000.0,1453310.0,,,,-0.014705882352941235,0.015151515151515138,-0.042857142857142705,-0.01615271659324513,-0.3342310554767438,0.07607607607607614,-0.13550462404503416,1.9902642559109873,0.0014366656984559079,0.002530752060258764,0.08681443591929527,-0.11310530009459008,1.8966555050625846,-0.0006730437585712457,-0.001186336564221668
2021-01-08,0.67,0.69,0.67,0.68,1636000.0,1104430.0,,,,0.014925373134328401,0.07936507936507953,-0.05555555555555547,0.0007358351729214174,0.015298620690228075,-0.23906976744186048,0.3565505804311775,-0.6012811645319611,-0.26255336120605166,-0.4971452660839432,-0.2400589000282115,0.4140686017182438,-0.6302232394564256,-0.264629262099746,-0.5004926855054684
2021-01-11,0.68,0.68,0.65,0.66,3022000.0,2017440.0,,,,-0.02941176470588236,0.01538461538461533,-0.09589041095890405,-0.02583025830258301,-0.5596937251290932,0.8471882640586796,1.201019664967225,0.6352813852813852,0.44240739799394646,0.8505434366483917,0.8266798257924903,1.2764550563065606,0.5076900082206113,0.4330929217382262,0.850794613001676
2021-01-12,0.66,0.68,0.66,0.67,690000.0,459740.0,,,,0.015151515151515138,0.0,-0.08219178082191769,-0.005934718100890191,-0.13836031521429304,-0.771674387822634,-0.7863157868657915,-0.4765216151053102,-0.6796372565156095,-1.322043725723564,-0.7721171385518281,-0.7879535632417174,-0.5212079049539267,-0.6811168664304579,-1.3467910460370314
2021-01-13,0.67,0.68,0.65,0.65,4196954.0,2756179.0,,,,-0.02985074626865669,-0.044117647058823595,-0.08450704225352101,-0.0312965722801789,-0.8161232956510847,5.082542028985507,1.1005775775775777,3.668469410456062,0.9774536713853426,1.8188431264491824,4.995082002871188,1.0611260675131988,3.2229935954401983,0.9454978343977818,1.7749461835335316
2021-01-14,0.65,0.66,0.64,0.65,3494000.0,2269390.0,,,,0.0,-0.02985074626865669,-0.08450704225352101,-0.02694610778443096,-0.7374389835213796,-0.16749147119553853,0.6251162790697675,1.4399441340782122,0.5275646505451033,1.0126186900335012,-0.1766173387142127,0.5615319512010515,1.230862996058077,0.4911832759648407,0.9481430982328204
2021-01-15,0.65,0.65,0.64,0.65,1086000.0,701960.0,,,,0.0,-0.044117647058823595,-0.07142857142857129,-0.022556390977443663,-0.6638686989794191,-0.6891814539210075,-0.3361858190709046,1.295983086680761,-0.545682901976819,-1.084366475218554,-0.6906833995038315,-0.3644142227212227,1.1037552072406869,-0.5569771103472914,-1.1088269070033885
2021-01-18,0.65,0.65,0.64,0.65,1821829.0,1179834.0,,,,0.0,-0.015151515151515138,-0.08450704225352101,-0.018867924528301994,-0.5883960507485838,0.6775589318600368,-0.39714460622104564,1.8735473186119873,-0.2475048748458778,-0.5172494047203261,0.6807709841016583,-0.4151826076611944,1.6497641827247,-0.26393439559840715,-0.5499592876183765
2021-01-19,0.65,0.67,0.65,0.65,3044451.0,1999154.0,,,,0.0,-0.02985074626865669,-0.05797101449275355,-0.014404852160727954,-0.5219183165498377,0.6710959151490068,3.412247826086957,0.3548958611481976,0.22738228526053028,0.5172053670906258,0.6944366749898714,3.3484447731326403,0.2729654179958865,0.21927800211652548,0.49422035592986013
2021-01-20,0.66,0.67,0.64,0.65,2385001.0,1546261.0,,,,0.0,0.0,-0.05797101449275355,-0.011406844106463754,-0.44591166087287487,-0.21660719781661786,-0.43173048834940764,-0.30969580318379164,-0.053689283033639956,-0.12345341981943236,-0.2265423274044921,-0.4389838250708681,-0.34805334435187374,-0.0691092864545424,-0.15690142996651876
2021-01-21,0.66,0.66,0.64,0.66,4508000.0,2917250.0,,,,0.01538461538461533,0.01538461538461533,-0.014925373134328401,0.00686498855835227,0.2993006983497401,0.8901459580100806,0.2902117916428162,0.4650633734156646,0.8274577101942728,1.9006527656713899,0.8866478556983588,0.28547759530093986,0.38827420467794505,0.8010157426278279,1.821104293429179
2021-01-22,0.67,0.67,0.64,0.66,2188000.0,1441600.0,,,,0.0,0.01538461538461533,0.0,0.007633587786259444,0.3403728228526057,-0.5146406388642413,1.014732965009208,-0.5711485691885535,-0.13802780801870118,-0.3018093767731975,-0.5058359756620104,1.0536782722662261,-0.572280094824696,-0.13186718290539523,-0.2869733069243022
2021-01-25,0.66,0.66,0.62,0.62,5804000.0,3695370.0,,,,-0.06060606060606066,-0.04615384615384621,-0.015873015873015928,-0.05343511450381688,-2.3826097599682403,1.6526508226691043,2.1858094255827525,1.2654176424668226,1.4257470733626953,3.4357215051884773,1.5633809655937845,2.132110110405362,1.2819941211342751,1.3625662738976505,3.28424374947675
2021-01-26,0.63,0.65,0.63,0.64,2477000.0,1578880.0,,,,0.032258064516129004,-0.015384615384615441,0.015873015873015817,-0.022154316271963292,-0.9224163757118928,-0.573225361819435,-0.18638861325079625,-0.005220883534136522,-0.030439179933167693,-0.06207958720257746,-0.5727410245794061,-0.21022592556651465,0.02830495890375273,-0.05339202788790731,-0.11057189402495601
2021-01-27,0.64,0.65,0.63,0.63,1893000.0,1199770.0,,,,-0.015625,-0.03076923076923077,-0.03076923076923077,-0.038167938931297773,-1.661814642786085,-0.23576907549454984,-0.20628964096870395,-0.17191601049868765,-0.25884306812424407,-0.5277502748721478,-0.24011324483177954,-0.2240831269753295,-0.1838965526623677,-0.2816210502390445,-0.5842117289235486
2021-01-28,0.62,0.63,0.61,0.62,3444000.0,2122700.0,,,,-0.015873015873015928,-0.06060606060606066,-0.06060606060606066,-0.051987767584098066,-2.1215135333373123,0.8193343898573693,-0.2360248447204969,0.38480096501809413,0.3588666909755449,0.7217437552776248,0.7692557740233545,-0.27236267032307826,0.2953956000366156,0.28136722311297446,0.5748315602741054
2021-01-29,0.62,0.63,0.61,0.61,1349000.0,826310.0,,,,-0.016129032258064502,-0.0757575757575758,-0.031746031746031744,-0.0644171779141105,-2.3793878386023652,-0.6083042973286876,-0.38345521023765994,0.11857379767827525,-0.4776005149952759,-0.9662758270910824,-0.6107269044141894,-0.4268104883462819,0.057974725682752304,-0.5083806899650427,-1.045242337209677
2021-02-01,0.61,0.78,0.61,0.75,30026000.0,22054170.0,,,,0.2295081967213115,0.20967741935483875,0.15384615384615374,0.1520737327188939,5.092719693039786,21.257968865826538,4.173328738800827,20.868900218499636,10.595445615126012,21.62706346722099,25.689946872239233,4.968054619699786,23.885660445487577,12.103642872573968,24.997297779742947
2021-02-02,0.75,0.77,0.68,0.74,9516000.0,7009490.0,,,,-0.013333333333333308,0.15625,0.10447761194029836,0.128048780487805,2.852183629486682,-0.6830746686205289,2.8417440452159872,1.9469840176596067,1.3659194524015281,0.8798369883663943,-0.6821694037907571,3.439533086745034,2.232995558343442,1.5568513116343121,0.9249380814371324
2021-02-03,0.76,0.81,0.72,0.78,9049000.0,6959000.0,,,,0.05405405405405417,0.23809523809523814,0.1470588235294117,0.1827141774071266,3.456247735441949,-0.04907524169819255,3.7802430005282623,3.5290290290290294,1.0867242746923802,0.7410385754806619,-0.007203091808391182,4.800278386690782,4.204080106489583,1.3324774882740131,0.8442717380719296
2021-02-04,0.8,0.81,0.76,0.76,5608000.0,4404260.0,,,,-0.02564102564102566,0.22580645161290325,0.13432835820895517,0.14371708051166276,2.173085060068815,-0.38026301248756766,0.6283391405342624,1.608372093023256,0.19598761935284115,0.14318735577149044,-0.36711309096134503,1.0748386488905637,2.030502783301567,0.3490914494307884,0.23878584927366722
2021-02-05,0.77,0.78,0.74,0.75,3327000.0,2503950.0,,,,-0.013157894736842146,0.2295081967213115,0.10294117647058809,0.12107623318385641,1.6574085450062097,-0.4067403708987162,1.4662713120830246,1.0336185819070907,-0.31570127738332565,-0.2401071886226799,-0.4314708940889048,2.030279193038932,1.2671875990329853,-0.26616851487067106,-0.19082713016054498
2021-02-08,0.76,0.76,0.72,0.74,2352000.0,1740570.0,,,,-0.013333333333333308,-0.013333333333333308,0.1212121212121211,0.10037174721189568,1.295570214727643,-0.2930568079350766,-0.9216678878305469,-0.22170747849106553,-0.5245086045596128,-0.40801175489497693,-0.3048703049182292,-0.9210775105116176,-0.1372382821793957,-0.5001429295368582,-0.36789738534685607
2021-02-09,0.75,0.77,0.73,0.77,4599000.0,3486720.0,,,,0.04054054054054057,0.04054054054054057,0.14925373134328357,0.1382113821138209,1.7275726416144397,0.9553571428571428,-0.5167087011349307,5.665217391304348,-0.0639047820797709,-0.04927814680629349,1.0032058463606748,-0.5025715137620569,6.584112759385739,0.0053133071065905035,0.0038888138541196683
2021-02-10,0.77,0.82,0.75,0.81,8625000.0,6899120.0,,,,0.051948051948051965,0.03846153846153855,0.24615384615384617,0.18855465884079248,2.216575218758682,0.8754076973255056,-0.04685600618852914,1.0550618377042018,0.6883917002187618,0.5586901076689159,0.9786848384728342,-0.00860468458111796,1.5031465663151775,0.906023329551835,0.6998998348951632
2021-02-11,0.84,0.88,0.79,0.81,9708760.0,8122098.0,,,,0.0,0.06578947368421062,0.24615384615384617,0.17476432197244396,1.8795428565580252,0.1256533333333334,0.7312339514978603,1.7786949055523755,0.8215945075982529,0.6908683985620208,0.1772657962174886,0.8441458951106429,2.578978492017679,1.122432208453045,0.9068038829372317
2021-02-16,0.84,1.22,0.84,1.18,59654000.0,63299890.0,,,,0.45679012345678993,0.5733333333333333,0.8153846153846152,0.6917562724014337,7.019342135924438,5.144347990886581,16.930267508265704,53.93001841620626,9.575915171281862,8.445322982649317,6.7935393047461385,24.280013578545898,89.17592170494045,14.366201679659849,12.289295989498623
2021-02-17,1.19,1.49,1.18,1.25,61942000.0,81958470.0,,,,0.05932203389830515,0.6891891891891893,0.9230769230769229,0.7265193370165746,4.142888312904532,0.03835451101351128,25.335884353741495,32.99989790479787,6.228655223948883,3.931125691429775,0.29476480922794646,46.08714386666437,68.46610285853772,10.305677180184015,5.328264609975881
2021-02-18,1.26,1.3,1.05,1.11,28331000.0,32453750.0,,,,-0.11199999999999988,0.4415584415584417,0.7076923076923078,0.47214854111405824,2.0746006773010754,-0.5426205159665494,5.16025222874538,8.305782881708394,1.4476109231853456,0.9332574851104893,-0.6040220126119973,8.307816515234949,15.2337418728122,1.8750023481271345,0.9749989763041882
2021-02-19,1.11,1.42,1.06,1.3,32029000.0,40611190.0,,,,0.1711711711711712,0.6049382716049383,1.0,0.673101673101673,2.7959310126916184,0.13052839645617875,2.7135072463768117,12.429344474069403,1.4946087255983014,1.053770022686637,0.2513558525594115,4.886430443302914,25.26412358586293,2.1700295686557256,1.2586591691363311
2021-02-22,1.29,1.43,1.18,1.33,33387650.0,44458846.0,,,,0.023076923076922995,0.6419753086419753,1.0151515151515151,0.6429894996911674,2.3900789357804766,0.042419369945986496,2.438920109262151,6.406311002661934,1.3312975579073907,1.0295660252134244,0.09474373934868696,4.473813046826079,14.239984917302253,2.011254384660372,1.304927675185927
2021-02-23,1.36,1.38,1.22,1.24,10519000.0,13378500.0,,,,-0.06766917293233088,0.05084745762711873,0.8787878787878787,0.4709371293001188,1.6299075232808655,-0.6849433847545425,-0.8236664766822007,3.807586837294333,-0.33278236130028593,-0.2785286513221734,-0.6990812582044976,-0.7886489218227709,8.280313540510544,-0.20561394410007716,-0.1473461470650798
2021-02-24,1.3,1.39,1.21,1.31,18170000.0,23408170.0,,,,0.056451612903225756,0.04800000000000004,1.1129032258064515,0.5022935779816513,1.7183112991062892,0.7273505086034795,-0.706661070033257,2.1305995864920746,0.12285112974612789,0.10681693721979094,0.7496856897260531,-0.714389861108925,5.334459066345183,0.3423537689287468,0.2568896674129838
2021-02-25,1.32,1.38,1.3,1.33,9999000.0,13360480.0,,,,0.01526717557251911,0.19819819819819817,1.078125,0.46718146718146736,1.5952582798147417,-0.44969730324711066,-0.6470650524160813,3.0367379895034317,-0.4048327828031614,-0.36857727035438287,-0.42923859490084015,-0.5883224588837962,7.461998378597487,-0.274824667344417,-0.21973054898837924
2021-02-26,1.32,1.32,1.19,1.25,16517000.0,20396470.0,,,,-0.06015037593984962,-0.03846153846153855,0.9841269841269842,0.3283740701381508,1.1288710637071813,0.6518651865186518,-0.48431109307190356,7.725303750660327,-0.03839103147247702,-0.03619053311331489,0.5266270373519515,-0.4977623162483049,16.000316727372745,0.07277160699655871,0.060848035329977755
2021-03-01,1.25,1.27,1.16,1.18,6895000.0,8311680.0,,,,-0.05600000000000005,-0.1127819548872181,0.9032258064516128,0.21399176954732502,0.7654075254949989,-0.5825513107707211,-0.7934865137258836,1.0020325203252032,-0.6149683873410206,-0.6164300929143115,-0.5924941913968447,-0.8130477790629114,2.915616903000895,-0.5838481128925749,-0.5217719586797699
2021-03-02,1.19,1.19,1.11,1.15,7034000.0,7985080.0,,,,-0.025423728813559365,-0.07258064516129037,0.8852459016393441,0.1499999999999999,0.5719571541871747,0.020159535895576397,-0.33130525715372183,4.214232765011119,-0.6109549962485143,-0.6228705820822659,-0.039294101794101755,-0.40314086033561314,8.663540317798406,-0.6063002510970641,-0.5556616270734723
2021-03-03,1.15,1.15,1.12,1.14,4216000.0,4753470.0,,,,-0.008695652173913104,-0.12977099236641232,0.5199999999999998,0.11002921129503407,0.45681078539209774,-0.4006255331248223,-0.7679691799669786,-0.8595883567574769,-0.770425644522788,-0.808667500350318,-0.4047060267398699,-0.796931156942213,-0.7844638905023403,-0.7696972831791977,-0.7268951684304618
2021-03-04,1.14,1.15,1.09,1.1,5059000.0,5584290.0,,,,-0.0350877192982455,-0.1729323308270676,0.4864864864864866,0.05112279025322519,0.2232581185681433,0.19995256166982922,-0.4940494049404941,-0.4683690626313577,-0.7037001548648419,-0.6849094288785404,0.17478179098637425,-0.5820292384704742,-0.20332435027370033,-0.7176094563798092,-0.6410399981877515
2021-03-05,1.1,1.1,0.98,1.05,19694000.0,20376720.0,,,,-0.045454545454545525,-0.15999999999999992,0.34615384615384626,-0.01362141850634091,-0.06341061420209984,2.892864202411544,0.19234727856148215,1.1763730798983314,0.16870913334556392,0.16087878846665904,2.648936570271243,-0.0009683048096067459,1.9281103606840064,0.034151777483005574,0.03033546774827158
2021-03-08,1.05,1.1,0.89,0.9,11466878.0,11154102.0,,,,-0.1428571428571429,-0.23728813559322026,0.18421052631578938,-0.16512059369202214,-0.8137409971353616,-0.41774763887478417,0.6630715010877448,1.0447357346647648,-0.3403516894255042,-0.336467688468378,-0.45260562053166553,0.34197923885423887,1.5325711924364138,-0.45255097965631486,-0.4195210458921566
2021-03-09,0.9,0.94,0.84,0.88,9079000.0,8077300.0,,,,-0.022222222222222254,-0.23478260869565215,0.17333333333333334,-0.1889400921658988,-0.9757247919773523,-0.2082413364823451,0.2907307364230878,1.7288848812744213,-0.4863733764923769,-0.4933704578289629,-0.27584488648212113,0.011549038957656022,2.225823199345035,-0.6100217039943114,-0.5803391189775363
2021-03-10,0.9,0.94,0.88,0.92,3726000.0,3349110.0,,,,0.045454545454545414,-0.1929824561403508,0.2432432432432432,-0.1571232249198352,-0.8532138239559227,-0.5896023791166428,-0.11622390891840606,0.5841836734693877,-0.7925836046725002,-0.826698077086674,-0.585367635224642,-0.29543891094295327,0.9241455385304813,-0.8404490208774722,-0.8182293946891467
2021-03-11,0.94,0.99,0.94,0.94,3959209.0,3802949.0,,,,0.021739130434782483,-0.14545454545454561,0.22077922077922074,-0.1458427987278509,-0.8534952974434011,0.06258964036500259,-0.21739296303617317,-0.13911524244400952,-0.7804411556683529,-0.82014273973921,0.13551032960995602,-0.31899149220402234,0.09069526661160054,-0.8195197301987377,-0.8036204787761092
2021-03-12,0.94,1.0,0.94,0.98,2973000.0,2908660.0,,,,0.042553191489361764,-0.06666666666666676,0.20987654320987637,-0.11632100991884586,-0.7339303694369306,-0.24909243235201783,-0.8490403168477709,-0.6553043478260869,-0.8348386079459013,-0.8743785288212875,-0.23515671653761328,-0.8572557310499432,-0.5784013033546307,-0.8620643818976538,-0.846506195481713
2021-03-15,0.98,1.0,0.95,0.97,2955000.0,2879470.0,,,,-0.010204081632653073,0.07777777777777772,0.19753086419753085,-0.1319910514541388,-0.897853332944132,-0.006054490413723523,-0.7423012610755952,-0.6956356939506179,-0.8332202170385178,-0.8487360507392979,-0.01003554901569792,-0.7418465421958667,-0.6454770676246457,-0.8621442701933429,-0.8324986607099603
2021-03-16,0.97,0.99,0.97,0.99,926000.0,906720.0,,,,0.020618556701030855,0.125,-0.1610169491525424,-0.12039093736117279,-0.8917328248432849,-0.6866328257191201,-0.8980063883687631,-0.9844771515740772,-0.9467212475840121,-0.933745412066286,-0.6851087179237846,-0.8877446671536281,-0.9856758044919194,-0.9560387343878799,-0.9034873681270257
2021-03-17,0.99,0.99,0.95,0.95,2664000.0,2581150.0,,,,-0.04040404040404044,0.032608695652173836,-0.24,-0.14874551971326178,-1.0759230129912163,1.876889848812095,-0.285024154589372,-0.9569920247973911,-0.8155621109701506,-0.7912461684366763,1.8466891653432151,-0.22930271027228133,-0.9685066107261397,-0.8525543406003644,-0.7550529179978382
2021-03-18,0.95,0.97,0.9,0.94,7235000.0,6711140.0,,,,-0.010526315789473717,0.0,-0.15315315315315325,-0.1462306993642144,-1.0376815413836722,1.715840840840841,0.8273852176028091,-0.7446260280258374,-0.3697727972571676,-0.4224727617918303,1.6000581136315208,0.7647199581167141,-0.7932091052651851,-0.504233809243558,-0.527860926122263
2021-03-19,0.94,0.94,0.9,0.91,2568000.0,2332660.0,,,,-0.031914893617021156,-0.0714285714285714,-0.30000000000000004,-0.16704805491990848,-1.1460868755707898,-0.6450587422252937,-0.136226034308779,-0.9198226607137282,-0.7536734797228118,-0.8482810572115412,-0.6524197081270842,-0.19802933309496473,-0.9425611512492,-0.8095752755814937,-0.8122107217153953
2021-03-22,0.92,0.96,0.9,0.91,1875000.0,1711980.0,,,,0.0,-0.061855670103092675,-0.3157894736842105,-0.15191053122087594,-1.0425789396278136,-0.2698598130841121,-0.36548223350253806,-0.943841510259033,-0.7905527996927348,-0.8973926737458001,-0.26608249809230666,-0.4054530868527889,-0.9614929276391925,-0.83436482985937,-0.8295638402428619
2021-03-23,0.91,0.91,0.88,0.91,2487000.0,2210830.0,,,,0.0,-0.08080808080808077,-0.2661290322580645,-0.13498098859315588,-0.9595240176664013,0.3264,1.6857451403887689,-0.7635706816237284,-0.662848433079281,-0.8811557357870807,0.29138774985689087,1.4382720134109759,-0.8347475426991068,-0.7303374229183405,-0.883869251911563
2021-03-24,0.9,0.9,0.86,0.86,4030000.0,3521200.0,,,,-0.05494505494505497,-0.09473684210526312,-0.3435114503816794,-0.16948334138097532,-1.2164196373863272,0.6204262163248895,0.5127627627627627,-0.7782058337919648,-0.42221429889572604,-0.5258775229150496,0.5927050021937463,0.36419812874106494,-0.8495738880912092,-0.539117280143272,-0.6070452968688316
2021-03-25,0.91,0.91,0.82,0.85,3457000.0,2915280.0,,,,-0.011627906976744207,-0.0957446808510638,-0.36090225563909784,-0.1609081934846991,-1.2170316394343448,-0.14218362282878416,-0.5221838286109192,-0.6542654265426542,-0.44845999444774554,-0.5656561249296321,-0.17207770078382367,-0.5656058434185548,-0.7817982587451948,-0.5613331996042206,-0.6513208749223633
2021-03-26,0.87,0.88,0.84,0.87,3659000.0,3130730.0,,,,0.0235294117647058,-0.04395604395604402,-0.30400000000000005,-0.12032355915065718,-1.0264323248072884,0.058432166618455295,0.4248442367601246,-0.7784706665859418,-0.3840901358752876,-0.46322775991693377,0.07390370736258611,0.34212872857596044,-0.8465062827048013,-0.4887362900288095,-0.5385848180176611
2021-03-29,0.84,0.87,0.84,0.86,856000.0,733340.0,,,,-0.011494252873563204,-0.05494505494505497,-0.27118644067796605,-0.11340206185567014,-1.0880400277364208,-0.7660562995353921,-0.5434666666666667,-0.8758520667150109,-0.8384266790320591,-1.0407382340879199,-0.7657607011783194,-0.5716421920816832,-0.9117699430199431,-0.8605877403310452,-1.0162527942978306
2021-03-30,0.88,0.88,0.85,0.88,535000.0,463040.0,,,,0.023255813953488413,-0.03296703296703296,-0.23478260869565215,-0.07756813417190767,-0.8138569450886074,-0.375,-0.7848813831926016,-0.9239408586863804,-0.8929133529812977,-1.022758574884503,-0.3685875582949246,-0.7905582971101351,-0.9420118521041743,-0.9051402000453137,-0.9811154197062291
2021-03-31,0.86,0.88,0.84,0.86,1066000.0,909710.0,,,,-0.022727272727272707,0.0,-0.24561403508771928,-0.085592769803296,-1.0108533805826978,0.9925233644859812,-0.7354838709677419,-0.7471537001897532,-0.7717835565706549,-0.8113549468440349,0.9646466827919835,-0.7416477337271385,-0.8086219119927127,-0.7980758731166417,-0.7911975518649441
2021-04-01,0.85,0.91,0.85,0.9,1599000.0,1411470.0,,,,0.04651162790697683,0.05882352941176472,-0.18181818181818188,-0.028602266594711323,-0.4003294241358493,0.5,-0.5374602256291583,-0.6839296303617315,-0.6457298196688345,-0.6454571967558134,0.5515603873761967,-0.5158372437638923,-0.7472427112488785,-0.6727419972791449,-0.6288486279109208
2021-04-07,0.9,0.91,0.84,0.86,3399000.0,2949230.0,,,,-0.04444444444444451,-0.011494252873563204,-0.18095238095238098,-0.061647572285870256,-1.0815084798721053,1.1257035647279552,-0.07105766602896968,-0.827409363257845,-0.21691127898535567,-0.206493894567984,1.0894740943838692,-0.05797369942473485,-0.8552647334801675,-0.28144289729841043,-0.2485377721054254
2021-04-08,0.85,0.88,0.85,0.86,801000.0,699380.0,,,,0.0,0.0,-0.04444444444444451,-0.051819184123484074,-1.0885550075751436,-0.764342453662842,-0.06425233644859818,-0.9301466362509482,-0.7728145751277312,-0.9800320706532286,-0.7628601363745792,-0.046308669921182544,-0.9372984037621317,-0.7836748431655758,-0.9619907317288613
2021-04-09,0.87,0.89,0.85,0.87,1242000.0,1074510.0,,,,0.011627906976744207,-0.011363636363636354,-0.011363636363636354,-0.03867403314917117,-0.7878240074194969,0.550561797752809,1.3214953271028036,-0.863200793038881,-0.5849569206503632,-0.8249676392638347,0.5363750750664875,1.3205554595715272,-0.8669716365617224,-0.603540971574595,-0.8521827514280353
2021-04-12,0.87,0.88,0.86,0.86,1611000.0,1393680.0,,,,-0.011494252873563204,0.0,-0.0652173913043479,-0.04919845218352681,-0.9938087644757893,0.2971014492753623,0.5112570356472796,-0.567632850241546,-0.38053005977884924,-0.6194611615369026,0.2970377195186644,0.5320047047960339,-0.5838655642842427,-0.4094896422882497,-0.6545358068681707
2021-04-13,0.86,0.9,0.86,0.88,1158596.0,1014138.0,,,,0.023255813953488413,-0.022222222222222254,-0.06382978723404253,-0.02384914032168617,-0.47061556118600156,-0.2808218497827436,-0.27542464040025016,-0.7073667997824817,-0.5356068913593945,-0.8408953673348912,-0.27233080764594453,-0.28150226359752595,-0.7333285300433953,-0.5517337685668411,-0.8477782457861451
2021-04-14,0.88,0.99,0.88,0.95,8392000.0,7929210.0,,,,0.07954545454545459,0.10465116279069764,-0.030612244897959218,0.057317751808569906,1.1447420119075982,6.243249588294798,1.4689614592527214,1.8227379751093173,2.563739511025383,3.8292015983700387,6.818669648509374,1.6885695588340006,1.7260697365797308,2.7350561084402827,4.0025272243974035
2021-04-15,0.94,1.02,0.91,1.0,5298000.0,5139420.0,,,,0.05263157894736836,0.16279069767441867,0.030927835051546504,0.11482720178372352,2.419962254976878,-0.36868446139180167,5.614232209737827,0.7928934010152284,1.0176863269341934,1.2876704487934802,-0.35183706825774574,6.348537275872916,0.7848492951827941,1.164929458722563,1.4224168914171635
2021-04-16,1.0,1.09,1.0,1.05,5993000.0,6337720.0,,,,0.050000000000000044,0.2068965517241379,0.06060606060606055,0.1686143572621035,3.3161980241711206,0.13118157795394492,3.8252818035426728,5.471922246220302,1.1848900398398823,1.505197215996117,0.23315860544575062,4.8982419893719,5.9897211928710075,1.548399923777843,1.8890037692656436
2021-04-19,1.05,1.08,0.99,1.01,5734000.0,5917360.0,,,,-0.03809523809523818,0.17441860465116288,0.06315789473684208,0.12035496394897405,2.034176359663475,-0.043217086601034516,2.559279950341403,1.1524024024024024,0.9137064569203452,1.2271819347510478,-0.0663266916178058,3.245852706503645,1.2925285241074715,1.1451439263403045,1.4529134747789239
2021-04-20,1.0,1.04,0.95,1.0,4941000.0,4954320.0,,,,-0.00990099009900991,0.13636363636363646,0.06382978723404253,0.10558319513543402,1.6546093340558259,-0.13829787234042556,3.264644448970996,-0.317069799585349,0.5686810868493093,0.7750801082976125,-0.16274825259913206,3.88525230294102,-0.26177668771624496,0.6936101011676952,0.8879738786084612
2021-04-21,1.0,1.03,0.98,1.01,3399000.0,3432480.0,,,,0.010000000000000009,0.06315789473684208,0.10989010989010994,0.112947658402204,1.677057546655326,-0.3120825743776563,-0.5949714013346044,0.32359813084112155,0.1199046562136521,0.16935811748305593,-0.3071743448142228,-0.5671094598326946,0.47148748638892934,0.20970146402748036,0.2751823604515912
2021-04-22,1.02,1.02,0.98,1.0,1934000.0,1914920.0,,,,-0.00990099009900991,0.0,0.09890109890109877,0.09589041095890405,1.340322706783803,-0.43100912032950867,-0.6349565873914684,0.031466666666666754,-0.3713900840458608,-0.5321122422013295,-0.4421176525427679,-0.6274054270715372,0.11854110445215471,-0.3379594900021483,-0.4519863800118771
2021-04-23,0.99,1.0,0.97,0.99,953000.0,938430.0,,,,-0.010000000000000009,-0.05714285714285716,0.08791208791208782,0.07960741548527794,1.071312405314138,-0.5072388831437435,-0.8409811446687803,-0.6168073984720547,-0.6905421966983938,-0.9911123822235022,-0.5099377519687507,-0.8519294004784055,-0.5755304568872324,-0.6766931312302797,-0.9104395525983693
2021-04-26,0.97,0.99,0.97,0.97,1668000.0,1631530.0,,,,-0.02020202020202022,-0.03960396039603964,0.12790697674418605,0.053203040173724236,0.6996994418066302,0.7502623294858342,-0.7091035926055109,-0.5861042183622829,-0.4445332110862379,-0.6082005665982534,0.7385740012574193,-0.7242807603390702,-0.5366551175735546,-0.4253108794346586,-0.5495268215558123
2021-04-27,0.97,0.99,0.95,0.98,1675000.0,1626110.0,,,,0.010309278350515427,-0.020000000000000018,0.15294117647058814,0.05774419859687008,0.7719732431061471,0.004196642685851293,-0.6609997976118195,-0.5154758461093434,-0.4193664278985869,-0.5498582533409553,-0.0033220351449253505,-0.6717793763826317,-0.4422113827831289,-0.4075011762637999,-0.506749427472075
2021-04-28,0.97,1.0,0.96,0.98,1296000.0,1262070.0,,,,0.0,-0.02970297029702973,0.12643678160919536,0.05037513397642002,0.6928979195247029,-0.22626865671641794,-0.6187113857016769,-0.6458048647171358,-0.5364275980389457,-0.6780280083770746,-0.22387169379685257,-0.6323154104321074,-0.596876766760468,-0.5290847542219949,-0.6385762663259402
2021-04-29,0.98,0.99,0.97,0.98,1617000.0,1585340.0,,,,0.0,-0.020000000000000018,0.13953488372093026,0.04421949920085244,0.6202617108698119,0.24768518518518512,-0.1639089968976215,0.889018691588785,-0.3960851528151059,-0.47635417510617273,0.2561426862218419,-0.17211162868422702,1.1618076199307281,-0.38709583386459634,-0.4470363763299133
2021-04-30,0.97,0.98,0.96,0.98,521000.0,508020.0,,,,0.0,-0.010101010101010055,0.11363636363636354,0.03758602435150871,0.5474511255257727,-0.6777983920841064,-0.45330535152151097,-0.0261682242990654,-0.8081441024123099,-0.9975709068736472,-0.6795513896072767,-0.4586490201719894,0.0971406357982032,-0.8067779769340021,-0.9595557453869693
2021-05-03,0.97,1.0,0.95,0.98,1907000.0,1857250.0,,,,0.0,0.010309278350515427,0.13953488372093026,0.03212216956292768,0.48068449679916475,2.6602687140115164,0.1432853717026379,0.7889305816135084,-0.29757479502407436,-0.36710861113778714,2.655860005511594,0.1383486665890299,1.041584680832353,-0.29421106002145425,-0.35058895235823134
2021-05-04,0.98,1.09,0.98,1.07,7299000.0,7637340.0,,,,0.09183673469387754,0.09183673469387754,0.18888888888888888,0.11983254840397684,1.9042314043804913,2.8274777136864184,3.357611940298508,3.5647279549718576,1.647510284810299,2.087942494371563,3.112176605195854,3.6966933356292007,4.410912027885821,1.8509990221848396,2.2751896743138844
2021-05-05,1.05,1.18,1.04,1.07,8385000.0,9392110.0,,,,0.0,0.09183673469387754,0.2441860465116279,0.10995850622406644,1.6620692284265395,0.14878750513769012,5.469907407407407,1.4669020300088262,1.7564738673456568,2.2454584441384187,0.22976193281954194,6.441829692489323,2.1845973355757264,2.141044804546328,2.6452651888118734
2021-05-06,1.07,1.11,1.02,1.04,2717000.0,2847510.0,,,,-0.028037383177570097,0.061224489795918435,0.2093023255813955,0.0672139558748075,1.0391039739505696,-0.6759689922480621,0.6802721088435375,2.3920099875156056,-0.17447271533576902,-0.21561943792334484,-0.6968189256727189,0.7961509833852676,3.0714775944407906,-0.14031384367002553,-0.16530060963059498
2021-05-07,1.04,1.07,1.01,1.01,1567000.0,1609530.0,,,,-0.028846153846153855,0.030612244897959107,0.16091954022988508,0.02694458566344693,0.4528791573542508,-0.4232609495767391,2.0076775431861806,0.2616747181964574,-0.5373527566837468,-0.6993005134159943,-0.4347587892579833,2.1682414078185896,0.4979199821313902,-0.5293322455881313,-0.6590005314330144
2021-05-10,1.0,1.0,0.95,0.95,5284000.0,5129420.0,,,,-0.05940594059405946,-0.030612244897959218,0.10465116279069764,-0.04088844018172644,-0.7749417614224542,2.372048500319081,1.7708442579968535,2.2799503414028552,0.5526199168225898,0.7262793921434543,2.186905494150466,1.7618360479203123,2.680486194822341,0.48833092059120764,0.6175494853956379
2021-05-11,0.95,0.97,0.93,0.93,1821000.0,1725240.0,,,,-0.021052631578947323,-0.13084112149532712,0.05681818181818188,-0.06532663316582898,-1.4912022701583783,-0.6553747161241483,-0.7505137690094533,0.5717299213876106,-0.4923234906911197,-0.6828885137576785,-0.6636578794483587,-0.7741045966265742,0.7011885956349135,-0.5251473668721837,-0.7053159326990703
2021-05-12,0.94,0.95,0.89,0.92,3134209.0,2866698.0,,,,-0.010752688172043001,-0.14018691588785048,-0.03157894736842093,-0.0776942355889726,-2.056827055139142,0.7211471718835805,-0.6262124031007752,-0.6265241897044804,-0.13420836728774466,-0.18998083312664515,0.6616227307505043,-0.6947759342682316,-0.6384636048231791,-0.21862075441432427,-0.3000202443144483
2021-05-13,0.93,0.93,0.89,0.9,1712000.0,1563920.0,,,,-0.021739130434782594,-0.13461538461538458,-0.09999999999999998,-0.09638554216867457,-2.3890231374971864,-0.4537696752194892,-0.36989326463010674,-0.6768591921479803,-0.4900452255715094,-0.7158937524644765,-0.4544524745892312,-0.4507762922693862,-0.6957010713271148,-0.5421298532875631,-0.7461980034143968
2021-05-14,0.91,0.91,0.89,0.91,1070000.0,959830.0,,,,0.011111111111111072,-0.09900990099009899,-0.1333333333333333,-0.0817356205852674,-1.7791966961795627,-0.375,-0.31716656030631785,-0.8214583680961122,-0.6632954729022164,-0.9251239051474094,-0.38626656094940914,-0.40365821078202957,-0.8485527918557463,-0.7034693343335601,-0.9183030237150466
2021-05-17,0.89,1.01,0.89,0.93,4991000.0,4771630.0,,,,0.0219780219780219,-0.021052631578947323,-0.07920792079207917,-0.05487804878048774,-1.1557161613944695,3.6644859813084114,-0.05545041635124903,-0.12957795605162192,0.7024191457925184,0.9261100916397267,3.971328256045341,-0.069752525626679,-0.1936218178376844,0.6077075405780528,0.7464109665839372
2021-05-18,0.93,0.98,0.93,0.94,2152000.0,2044500.0,,,,0.010752688172043001,0.010752688172043001,-0.06000000000000005,-0.0408163265306124,-0.8369353795203621,-0.5688238829893808,0.1817682591982428,-0.5644606354988868,-0.2565365148964155,-0.3406101423508638,-0.5715300641499865,0.1850525144327746,-0.5873298454681974,-0.2975880006798399,-0.3677041702268841
2021-05-20,0.93,0.95,0.9,0.95,1993000.0,1836000.0,,,,0.010638297872340496,0.032608695652173836,-0.05940594059405946,-0.0276356192425794,-0.5584075576585278,-0.0738847583643123,-0.3641138800890432,-0.4136510738452486,-0.2766170227404132,-0.3576398094658685,-0.10198092443140128,-0.359541884077081,-0.4651097748566634,-0.3360320952537903,-0.401856516879893
2021-05-21,0.96,0.96,0.94,0.96,1006811.0,958906.0,,,,0.010526315789473717,0.06666666666666665,-0.040000000000000036,-0.014373716632443578,-0.29132082200021187,-0.4948263923733066,-0.4119094626168224,-0.47941520165460183,-0.624997362476744,-0.7871368446244775,-0.4777200435729847,-0.3868573840094123,-0.4992448770705826,-0.6429147433282841,-0.7455927286286342
2021-05-24,0.95,0.98,0.91,0.93,5400000.0,5039490.0,,,,-0.03124999999999989,0.0219780219780219,-0.06060606060606055,-0.043209876543209735,-0.8795932074124343,4.363469409849515,4.046728971962617,4.6663168940188875,1.0466554050084689,1.2791625180318642,4.2554577820975155,4.2503985080691375,4.370128832198459,0.9106569791609638,1.0255778310044013
2021-05-25,0.92,0.93,0.91,0.93,1421000.0,1300640.0,,,,0.0,0.0,-0.04123711340206182,-0.04024767801857576,-0.8051399483776587,-0.7368518518518519,-0.7152875175315567,-0.14808153477218222,-0.503285967811113,-0.6530698310987507,-0.7419103917261469,-0.727422285466392,-0.2028096326760771,-0.5424506288595087,-0.6520445680178018
2021-05-26,0.93,0.93,0.85,0.91,2663000.0,2393190.0,,,,-0.021505376344086002,-0.031914893617021156,-0.0714285714285714,-0.058945191313340195,-1.1581861014672838,0.8740323715693175,0.2374535315985129,0.5898507462686566,-0.06510591195003879,-0.08382428293315758,0.8400095337679911,0.17055025678650026,0.4717270049381652,-0.15317614940311097,-0.182276442544619
2021-05-27,0.91,0.93,0.89,0.91,1316000.0,1197970.0,,,,0.0,-0.042105263157894646,-0.0714285714285714,-0.0555267254800208,-1.0550573654626016,-0.5058205031918889,-0.3396889111891621,0.015432098765432167,-0.545870370836872,-0.7204099108036631,-0.49942545305638086,-0.34751089324618734,-0.05078957585553889,-0.5817774255186465,-0.7059337741794712
2021-05-28,0.91,1.08,0.9,0.95,13102000.0,12838580.0,,,,0.0439560439560438,-0.01041666666666663,-0.030612244897959218,-0.01041666666666663,-0.19263793759275893,8.955927051671733,12.01336596441636,7.102659245516389,3.5197217794222606,4.6483558723953236,9.716946167266292,12.38877846212246,7.098313295570666,3.4870894011998415,4.2223584368323355
2021-05-31,0.95,0.98,0.94,0.96,1702000.0,1641060.0,,,,0.010526315789473717,0.032258064516129004,-0.020408163265306145,0.0015649452269170805,0.028993539060383183,-0.8700961685238895,-0.6848148148148148,2.2667946257197698,-0.5099480262739264,-0.5639304301219,-0.8721774526466323,-0.6743599054666246,2.230305893468761,-0.5207028779878271,-0.5527228590167319
2021-06-01,0.98,1.0,0.97,0.99,1002000.0,988390.0,,,,0.03125,0.06451612903225801,0.010204081632652962,0.03394255874673635,0.6311791320806677,-0.4112808460634547,-0.29486277269528505,-0.4745673833245936,-0.7163201686451117,-0.8180377400801941,-0.3977124541454913,-0.24007411735760853,-0.4678207026517701,-0.7160240074193069,-0.7833808224534089
2021-06-02,1.0,1.02,0.96,0.98,10580000.0,10455280.0,,,,-0.010101010101010055,0.07692307692307687,-0.0841121495327104,0.022964509394572064,0.4249670751073931,9.558882235528943,2.9729628238828387,0.4495136320043842,2.034212901370013,2.2701994860131873,9.578091643986685,3.368763031769312,0.36896877708731046,2.041892000916936,2.186070864453867
2021-06-03,1.0,1.12,0.98,1.02,8714000.0,9175750.0,,,,0.04081632653061229,0.1208791208791209,-0.04672897196261683,0.06974305191400099,1.4781620153757797,-0.17637051039697538,5.621580547112462,0.03923673225998803,1.3867753908502194,1.4854778898655236,-0.12238122747549562,6.659415511239847,-0.023036357112512507,1.5644951346629998,1.6193325233227334
2021-06-04,1.05,1.05,0.99,1.0,2644000.0,2677710.0,,,,-0.019607843137254943,0.05263157894736836,-0.03846153846153855,0.051524710830704645,1.2503460795759103,-0.6965802157447785,-0.7981987482827049,-0.026867868973132092,-0.27905347683550286,-0.2980966075974639,-0.7081753535133368,-0.7914325416050685,-0.05963104607183123,-0.24934753021906653,-0.25871908681972716
2021-06-07,1.0,1.02,0.95,1.0,2548000.0,2495280.0,,,,0.0,0.04166666666666674,-0.00990099009900991,0.05374077976817704,1.4476883389447337,-0.036308623298033305,0.4970622796709754,0.6260370134014039,-0.3045378902660143,-0.3248920373199124,-0.06812911032187952,0.5205294139153962,0.5503159307375445,-0.2988199832258345,-0.30912599279619585
2021-06-08,1.01,1.01,0.97,0.97,1077000.0,1051090.0,,,,-0.030000000000000027,-0.02020202020202022,0.021052631578947434,0.022667369530837922,0.6254012294838617,-0.5773155416012559,0.0748502994011977,-0.7961771385314156,-0.7099225086397036,-0.7730494785329802,-0.5787687153345517,0.06343649773874693,-0.7950859941279911,-0.708271571858605,-0.7463248236245636
2021-06-09,0.99,1.01,0.97,1.0,2289000.0,2270850.0,,,,0.030927835051546504,0.020408163265306145,0.07526881720430101,0.05318588730911,1.4547817848367277,1.1253481894150417,-0.783648393194707,0.25700164744645804,-0.34645766635992914,-0.35303056729148957,1.160471510527167,-0.7828035212830264,0.31625165194407745,-0.33191778415529694,-0.3274954349293155
2021-06-10,1.0,1.0,0.98,0.99,1060000.0,1049900.0,,,,-0.010000000000000009,-0.02941176470588236,0.07608695652173902,0.03882476390346268,1.0237116271526936,-0.5369156837046745,-0.878356667431719,-0.6617966447036556,-0.6993633593705463,-0.7195849928107756,-0.5376621089019531,-0.8855788355175326,-0.6337598170438602,-0.6935795771707534,-0.6922045219690157
2021-06-11,1.01,1.01,0.99,1.0,1350000.0,1344280.0,,,,0.010101010101010166,0.0,0.11111111111111116,0.045478306325143825,1.2027051584861483,0.2735849056603774,-0.48940998487140697,-0.21144859813084116,-0.6055100659147387,-0.5970974707589863,0.2803886084388989,-0.497974015109926,-0.14044196634098927,-0.596977758915362,-0.5734181051616238
2021-06-15,1.02,1.02,0.99,1.0,659000.0,656400.0,,,,0.0,0.0,0.09890109890109877,0.040041601664066784,1.1052358582311455,-0.5118518518518518,-0.7413657770800628,-0.38411214953271033,-0.806406536490877,-0.7886522052053071,-0.5117088701758562,-0.7369433490429932,-0.3161288978256567,-0.8025577435129435,-0.7669687516631117
2021-06-16,1.01,1.01,0.99,1.0,2101000.0,2098230.0,,,,0.0,0.030927835051546504,0.07526881720430101,0.035196687370600444,1.0112035346327752,2.188163884673748,0.9507892293407614,-0.5790422760969746,-0.3790436329133533,-0.366807706715594,2.1965722120658135,0.9962419964037332,-0.5602697610669729,-0.36596815176224606,-0.3469965420985199
2021-06-17,0.99,1.13,0.99,1.06,8681000.0,9150790.0,,,,0.06000000000000005,0.06000000000000005,0.1276595744680853,0.0933470861268697,2.7160365801848574,3.1318419800095194,2.7924858016601135,3.0339219330855016,1.680156013422145,1.561046631564006,3.3611949119019364,3.0296761124688993,3.475808266079726,1.881526156267638,1.7157479440953347
2021-06-18,1.09,1.09,1.02,1.05,2329000.0,2438890.0,,,,-0.009433962264150941,0.06060606060606055,0.10526315789473695,0.07637109174782153,1.9513374899379292,-0.7317129362976615,1.1971698113207547,0.168590065228299,-0.34678478932989076,-0.33605086647690285,-0.7334776560275124,1.3229736165349082,0.32837145969498915,-0.3092898922123609,-0.29391175902385097
2021-06-21,1.05,1.09,1.01,1.02,4797000.0,5104920.0,,,,-0.02857142857142858,0.020000000000000018,0.0625,0.040285568587455245,0.9610704098877207,1.0596822670674109,2.5533333333333332,3.764548659082986,0.33910605193724375,0.33076922211539594,1.0931325316024911,2.797512423007112,4.323691790436184,0.4335097434418218,0.4168238046282637
2021-06-22,1.05,1.08,1.03,1.04,3228000.0,3402430.0,,,,0.019607843137254832,0.040000000000000036,0.11827956989247301,0.0574478901881037,1.3545862644973266,-0.3270794246404003,3.898330804248862,-0.40222222222222226,-0.144163849671903,-0.14978582166119753,-0.3334998393706463,4.183470444850701,-0.3248463634216955,-0.0971237525821399,-0.0998317484004073
2021-06-23,1.07,1.07,1.01,1.03,2168000.0,2238420.0,,,,-0.009615384615384581,0.030000000000000027,0.10752688172043001,0.041456016177957355,0.9870887053670481,-0.32837670384138784,0.03188957639219425,0.525686136523575,-0.40815964402222127,-0.4140142710303889,-0.3421113733419938,0.06681345705666208,0.7210142698978965,-0.3928196080840747,-0.39625737101627556
2021-06-24,1.03,1.03,1.01,1.02,3134000.0,3187490.0,,,,-0.009708737864077666,-0.037735849056603765,0.1208791208791209,0.026156941649899235,0.6491464211680633,0.4455719557195572,-0.6389816841377721,0.17686819376642893,-0.1530874206188353,-0.15776677528271513,0.42399102938679967,-0.6516705115077497,0.3319000998667052,-0.1462394037933339,-0.15047847139086723
2021-06-25,1.02,1.06,1.01,1.04,2876000.0,2979300.0,,,,0.019607843137254832,-0.00952380952380949,0.1428571428571428,0.04052026013006493,1.1517125492613571,-0.08232291001914482,0.2348647488192357,1.1854103343465048,-0.22772250641103098,-0.2365471146038854,-0.06531471471283046,0.22158030907503012,1.4869571024316133,-0.21040192696595494,-0.21947612626921784
2021-06-28,1.05,1.09,1.02,1.04,4147000.0,4387750.0,,,,0.0,0.019607843137254832,0.09473684210526323,0.03379721669980129,1.1615248809814367,0.44193324061196115,-0.1355013550135501,-0.6834834376431079,0.09072737076051074,0.09725840487952861,0.4727452757359112,-0.14048604091738948,-0.6582371259126788,0.13605999815651604,0.1471123430168311
2021-06-29,1.04,1.06,1.03,1.04,1609000.0,1687360.0,,,,0.0,0.0,0.08333333333333348,0.02919346857991112,1.0908613154286213,-0.6120086809741982,-0.501548946716233,-0.054641598119859025,-0.5203172047819218,-0.6240174978564812,-0.6154384365563216,-0.5040720896535711,0.02821347178043454,-0.5094470886430704,-0.6065844335742345
2021-06-30,1.04,1.07,1.03,1.06,1797000.0,1898180.0,,,,0.019230769230769162,0.029126213592232997,0.07070707070707072,0.04484967964514541,1.818469301662549,0.11684275947793665,-0.1711254612546126,0.7934131736526946,-0.4635260400340334,-0.5545487376299221,0.12494073582400911,-0.15200007147898964,0.9204767348920972,-0.44852819945697675,-0.5346868888375105
2021-07-02,1.06,1.08,1.01,1.03,2862000.0,2989240.0,,,,-0.028301886792452824,0.009803921568627416,0.05102040816326525,0.011787819253438192,0.4566580617547797,0.5926544240400669,-0.08679004467134654,-0.7294896030245747,-0.15560276155071695,-0.19038015508871994,0.5747926961615863,-0.06219627355693669,-0.7140927837418032,-0.14287393745976718,-0.17460899908392688
2021-07-05,1.02,1.03,0.94,0.96,6814000.0,6570750.0,,,,-0.06796116504854377,-0.07692307692307698,-0.05882352941176472,-0.05928466438020574,-2.4385522306501692,1.3808525506638714,1.3692628650904033,-0.21803993573559788,1.2686865323788914,1.7372852658097624,1.1981339738528858,1.2054677273184975,-0.28390049859684496,1.1099231170122277,1.4800051049998348
2021-07-06,0.95,0.95,0.9,0.92,3966000.0,3656570.0,,,,-0.04166666666666663,-0.11538461538461542,-0.07999999999999996,-0.09582309582309567,-3.4499838836367207,-0.4179630173172879,-0.043646009163250565,0.5,0.3635894791129448,0.5390045295353834,-0.44350797093178096,-0.16664121702467094,0.3655586303221783,0.2254072855461009,0.3309010868121633
2021-07-07,0.92,0.94,0.89,0.93,1329000.0,1216520.0,,,,0.010869565217391353,-0.10576923076923073,-0.06999999999999995,-0.0823877651702023,-2.3467163293964117,-0.6649016641452345,-0.1740211311373524,-0.478414442700157,-0.553217239292678,-0.8333006259263748,-0.6673056990567663,-0.27903944623553956,-0.5124715462793754,-0.5988929429398735,-0.8918405406058659
2021-07-08,0.93,0.94,0.9,0.92,2937000.0,2653500.0,,,,-0.010752688172043001,-0.13207547169811318,-0.05154639175257725,-0.08910891089108908,-2.2426350047887094,1.2099322799097068,0.6343906510851418,1.7270194986072425,0.008014003054587882,0.011633104991424618,1.181221845921152,0.3979180056685878,1.5245221627072847,-0.10625510278318928,-0.15209399996130227
2021-07-09,0.9,0.91,0.88,0.9,1716000.0,1539820.0,,,,-0.021739130434782594,-0.12621359223300976,-0.09999999999999998,-0.10669975186104197,-2.436863333748463,-0.4157303370786517,-0.40041928721174,-0.2503276539973788,-0.4292651289641295,-0.6584395365057574,-0.4197022800075372,-0.4848790997042727,-0.3219191051808794,-0.49499006014420377,-0.7447348069304964
2021-07-12,0.91,0.94,0.9,0.92,979000.0,893800.0,,,,0.022222222222222143,-0.04166666666666663,-0.07070707070707061,-0.08229426433915199,-1.6418113638462557,-0.4294871794871795,-0.8563252127971823,-0.07641509433962268,-0.6712558764271324,-1.0119802797104254,-0.4195425439337065,-0.8639729102461667,-0.14868082674540428,-0.7033065486000669,-1.0346197874582026
2021-07-13,0.93,0.94,0.91,0.93,581300.0,539949.0,,,,0.010869565217391353,0.010869565217391353,-0.06999999999999995,-0.06906906906906907,-1.2897522363568668,-0.4062308478038815,-0.8534291477559254,-0.5694074074074074,-0.8045360547420097,-1.2086820295512455,-0.39589505482210785,-0.852334564906456,-0.5983359121611569,-0.8203004460963573,-1.1988265350708434
2021-07-14,0.92,0.92,0.89,0.92,1231001.0,1116450.0,,,,-0.010752688172043001,-0.010752688172043001,-0.07999999999999996,-0.07584128578603733,-1.3560775899951492,1.1176690177189057,-0.07373890142964634,0.8679833080424886,-0.580652457916243,-0.8439038384046177,1.0676952823322203,-0.0822592312497945,0.7008683729433272,-0.623395452366423,-0.8810253279135681
2021-07-15,0.91,0.92,0.9,0.92,311000.0,284070.0,,,,0.0,0.0,-0.07999999999999996,-0.0721129601613717,-1.2295023929023847,-0.7473600752558284,-0.8941096356826694,-0.851975249881009,-0.8950782966403412,-1.3334313022242625,-0.7455595861883649,-0.8929451667608819,-0.8646144607597832,-0.9049143788408033,-1.3038909523600861
2021-07-16,0.92,0.93,0.89,0.91,871000.0,793010.0,,,,-0.010869565217391353,0.011111111111111072,-0.14150943396226412,-0.07848101265822793,-1.286271504007681,1.8006430868167205,-0.49242424242424243,-0.8996659371040203,-0.6970029082676652,-0.9682915276319812,1.791600661808709,-0.4849982465482978,-0.913339722581329,-0.7262471429994916,-0.9773765433653109
2021-07-19,0.9,0.92,0.89,0.91,612000.0,554840.0,,,,0.0,-0.010869565217391353,-0.1333333333333333,-0.07142857142857151,-1.164964745021335,-0.2973593570608496,-0.37487231869254345,-0.7372262773722628,-0.753634599170437,-1.1705186907224236,-0.3003366918449957,-0.3792347281270978,-0.772503064918877,-0.7761768078970005,-1.187834171351497
2021-07-20,0.91,0.91,0.85,0.89,3171000.0,2752320.0,,,,-0.02197802197802201,-0.043010752688172116,-0.12745098039215685,-0.08530318602261056,-1.3912888660036598,4.181372549019608,4.455014622398073,-0.3389618511569731,0.3222058170759734,0.46738219668086484,3.960565207987888,4.097370307195679,-0.4608495333913166,0.15414882624823067,0.21932207540805015
2021-07-21,0.89,0.9,0.85,0.86,1541000.0,1336690.0,,,,-0.03370786516853941,-0.0652173913043479,-0.17307692307692313,-0.11019141231246765,-1.7366411859202036,-0.5140334279407127,0.2518267653722459,-0.5226146220570013,-0.33490580705997264,-0.4952290039475305,-0.5143406289966284,0.19726812665143978,-0.6071366640900768,-0.41039353802009804,-0.5990306857092126
2021-07-22,0.86,0.88,0.85,0.86,3619000.0,3114850.0,,,,0.0,-0.0652173913043479,-0.16504854368932043,-0.10182767624020883,-1.543897427800215,1.3484750162232317,10.636655948553054,0.6692804428044281,0.6209690963070416,0.8883370096262926,1.3302710426501285,9.965079029816595,0.391539568088205,0.43952671812841215,0.6166240874171863
2021-07-23,0.86,0.91,0.84,0.86,4911000.0,4297110.0,,,,0.0,-0.05494505494505497,-0.1568627450980392,-0.09378292939936783,-1.3839193920475181,0.35700469743022945,4.638346727898966,0.5670070197830248,1.1304331331936517,1.6379391764923774,0.3795559978811178,4.4187336855777355,0.3481171705636723,0.9464872839811707,1.3420296008624992
2021-07-26,0.86,0.86,0.81,0.84,3428000.0,2829480.0,,,,-0.023255813953488413,-0.07692307692307698,-0.1923076923076924,-0.10733262486716266,-1.5547664063127828,-0.3019751578090002,4.601307189542483,0.19193324061196115,0.43190411438725085,0.6131300990438857,-0.34153884820262925,4.09963232643645,-0.050286980163125605,0.25026515021548157,0.3512421064750684
2021-07-27,0.83,0.84,0.8,0.84,4662000.0,3850010.0,,,,0.0,-0.0561797752808989,-0.1923076923076924,-0.09774436090225569,-1.415018704228371,0.3599766627771295,0.4701986754966887,0.12418615866891725,0.9251614743639789,1.3185126191258416,0.36067758033278197,0.39882353796070213,-0.1225548401800467,0.7068575528438954,0.9907164702750693
2021-07-28,0.84,0.84,0.8,0.84,1709000.0,1402370.0,,,,0.0,-0.023255813953488413,-0.1923076923076924,-0.08794788273615639,-1.3069527588398953,-0.6334191334191335,0.10902011680726797,0.062150403977625945,-0.30169796287644124,-0.42672260725064937,-0.6357489980545505,0.049136299366345115,-0.1688969751564574,-0.37077503853715177,-0.5243416390161705
2021-07-29,0.84,0.9,0.84,0.87,2508000.0,2158690.0,,,,0.03571428571428581,0.011627906976744207,-0.179245283018868,-0.04500548847420438,-0.7098793447674234,0.46752486834406093,-0.3069908814589666,0.39565943238731216,0.02268624322467816,0.03219784817546019,0.5393155871845519,-0.3069682328202,0.13724198969539247,-0.025191710663710287,-0.035253986029792926
2021-07-30,0.86,0.86,0.83,0.85,684000.0,572820.0,,,,-0.02298850574712641,-0.011627906976744207,-0.1747572815533981,-0.057127010537992295,-1.1079011196851762,-0.7272727272727273,-0.8607208307880269,-0.7610062893081762,-0.7250709987063264,-1.0481685957851903,-0.7346446224330496,-0.8666964541284724,-0.8083726967389704,-0.7428419759632534,-1.0467727575642205
2021-08-02,0.85,0.93,0.8,0.87,8197000.0,7100240.0,,,,0.0235294117647058,0.03571428571428581,-0.09375,-0.025210084033613245,-0.6132696851669464,10.98391812865497,1.3911901983663943,0.20296448488406216,2.4455435664436007,3.297318783966198,11.395237596452638,1.5093798153724358,0.08058288627630028,2.3703442374603516,3.0986878291548847
2021-08-03,0.87,0.87,0.82,0.85,1683900.0,1406680.0,,,,-0.02298850574712641,0.011904761904761862,-0.07608695652173925,-0.04279279279279291,-1.1397600757627238,-0.7945711845797243,-0.6388030888030888,-0.5754160363086234,-0.31217872749224973,-0.3892734730751484,-0.8018827532590448,-0.6346295204428041,-0.6153006779577582,-0.3405637643520073,-0.4295902211608908
2021-08-04,0.83,0.84,0.82,0.84,837000.0,693790.0,,,,-0.0117647058823529,0.0,-0.09677419354838723,-0.05031091011871125,-1.3292234341066667,-0.5029396044895778,-0.5102399063779988,-0.3702031602708804,-0.6413974010651525,-0.7730398561426737,-0.506789035175022,-0.5052732160556772,-0.42969289448591064,-0.6566519484627047,-0.799829064062181
2021-08-05,0.84,0.84,0.82,0.83,817507.0,678665.0,,,,-0.011904761904761862,-0.04597701149425293,-0.09782608695652184,-0.05681818181818199,-1.5111763120672648,-0.02328912783751491,-0.6740402711323764,-0.7216523663602316,-0.646018124452943,-0.7638967572313476,-0.021800544833451063,-0.685612570586791,-0.7442377991332203,-0.6597359335454624,-0.7849756657289123
2021-08-06,0.83,0.84,0.81,0.84,1501000.0,1231640.0,,,,0.012048192771084265,-0.0117647058823529,-0.06666666666666676,-0.04054825813820684,-1.0603917283322992,0.8360699052118208,1.1944444444444446,-0.12529137529137524,-0.31880646906033505,-0.35575676223832925,0.8147981699365667,1.1501344226807722,-0.2001402761361718,-0.3503263849807259,-0.39216671646587375
2021-08-09,0.84,0.88,0.84,0.86,1382000.0,1181720.0,,,,0.023809523809523725,-0.011494252873563204,-0.0652173913043479,-0.014326647564469885,-0.3692391407393404,-0.07928047968021323,-0.8314017323411004,0.41164453524004085,-0.3697369960826099,-0.4098766088941705,-0.04053132408820759,-0.8335661893119106,0.3221302304766167,-0.3715504529764482,-0.411377888337311
2021-08-10,0.85,0.87,0.84,0.87,746000.0,636130.0,,,,0.011627906976744207,0.0235294117647058,-0.06451612903225812,0.0005750431282345314,0.015609363168222154,-0.4602026049204052,-0.5569808183383811,0.2833304661964562,-0.6628835817706602,-0.7457453776795752,-0.4616914328267271,-0.5477791679699718,0.17812978633167198,-0.6642705443305326,-0.7444373262349481
2021-08-11,0.86,0.9,0.84,0.85,4695649.0,4069068.0,,,,-0.02298850574712641,0.011904761904761862,-0.07608695652173925,-0.019042123485285667,-0.574823095000583,5.294435656836461,4.6100943847072875,2.814496495128761,1.1140902582318364,1.262419108198771,5.396598179617373,4.864985081941222,2.6446486631734514,1.1420896606681876,1.2861552420506508
2021-08-12,0.85,0.85,0.82,0.84,1869000.0,1559800.0,,,,-0.0117647058823529,0.012048192771084265,-0.08695652173913049,-0.02665121668597925,-0.8854430305638723,-0.6019719531847461,1.2862189559233133,5.009646302250804,-0.21941327944653766,-0.2600477915777166,-0.6166689767779747,1.2983357031819822,4.490900130249586,-0.2380848732322065,-0.27964977782042505
2021-08-13,0.84,0.85,0.8,0.84,3933000.0,3210560.0,,,,0.0,0.0,-0.07692307692307698,-0.022118742724097862,-0.8374540246207338,1.104333868378812,1.6202531645569622,3.515499425947187,0.5908567279203811,0.7434071125807712,1.0583151686113603,1.6067357344678639,3.048574418985889,0.5208743985629722,0.6476535418727982
2021-08-16,0.83,0.83,0.81,0.83,3337000.0,2728290.0,,,,-0.011904761904761862,-0.03488372093023262,-0.08791208791208793,-0.029807130333138532,-1.3013806134360217,-0.15153826595474196,1.414616497829233,4.4526143790849675,0.27106726379784085,0.3644131254252239,-0.15021366988936513,1.3087448803439057,3.917255424987384,0.22242134988241835,0.29460856913798733
2021-08-17,0.82,0.83,0.81,0.83,1044000.0,857920.0,,,,0.0,-0.04597701149425293,-0.0674157303370787,-0.02524955960070474,-1.3735846147492903,-0.6871441414444112,0.3994638069705094,-0.6707663197729423,-0.6219586683501335,-0.9043243738354209,-0.6855466244424163,0.3486551491047427,-0.6882920590628996,-0.6334530724805405,-0.9036790759913158
2021-08-18,0.83,0.84,0.82,0.84,491000.0,409230.0,,,,0.012048192771084265,-0.0117647058823529,-0.023255813953488413,-0.010017678255745621,-0.6303354033324069,-0.5296934865900382,-0.8954351145070681,-0.6813757300454251,-0.8150835204843772,-1.1188143010466696,-0.5229974822827304,-0.8994290584477822,-0.6938482370631934,-0.8177819774696273,-1.0997234001247456
2021-08-19,0.83,0.83,0.81,0.81,1540000.0,1253960.0,,,,-0.03571428571428559,-0.03571428571428559,-0.05813953488372081,-0.044247787610619316,-2.813657169354133,2.1364562118126273,-0.17602996254681647,-0.574468085106383,-0.4083187615819681,-0.5367543603423893,2.064193729687462,-0.19607642005385306,-0.5974252371703292,-0.4298764672482339,-0.5532282526521098
2021-08-20,0.81,0.81,0.79,0.81,1803000.0,1437230.0,,,,0.0,-0.03571428571428559,-0.05813953488372081,-0.041420118343195145,-2.2742520137878577,0.1707792207792207,-0.5415713196033562,-0.6328649969456323,-0.27845446627480963,-0.3517045147711201,0.14615298733611914,-0.5523428934516097,-0.6655356739762306,-0.3176870024721936,-0.39196462575900953
2021-08-23,0.81,0.86,0.81,0.83,2891000.0,2408450.0,,,,0.024691358024691246,0.0,-0.011904761904761862,-0.014836795252225476,-0.7431861014544049,0.6034387132556849,-0.13365298172010787,-0.1566511085180864,0.2336760884641771,0.2882979309947656,0.6757582293717777,-0.11723093952622343,-0.1488011931520986,0.22666396525053956,0.2726569029014085
2021-08-24,0.83,0.83,0.81,0.81,763000.0,623680.0,,,,-0.02409638554216853,-0.02409638554216853,-0.03571428571428559,-0.03800475059382413,-1.877401843281629,-0.7360774818401937,-0.2691570881226054,-0.8363363363363363,-0.6706312931870148,-0.8232790487829561,-0.7410450704810148,-0.2730324505781425,-0.8380056155698297,-0.6789065937541082,-0.81242253785889
2021-08-25,0.81,0.84,0.81,0.82,647000.0,527630.0,,,,0.012345679012345512,-0.023809523809523836,-0.023809523809523836,-0.024390243902438935,-1.1087690224695064,-0.15203145478374835,0.3177189409368635,-0.6214160327677004,-0.6950418806008363,-0.8046565229076649,-0.1540052591072345,0.2893238521125039,-0.6237583519327995,-0.7037528466758577,-0.7915894474372769
2021-08-26,0.82,0.82,0.8,0.8,862000.0,698920.0,,,,-0.024390243902438935,-0.012345679012345734,-0.08045977011494243,-0.04705181655747459,-2.0735129919117194,0.33230293663060273,-0.44025974025974024,-0.6562998405103668,-0.5832734671666869,-0.6485364559982711,0.32464037298864734,-0.4426297489553096,-0.67622956515294,-0.5976998113145806,-0.6464308793080555
2021-08-27,0.81,0.84,0.81,0.84,794000.0,655850.0,,,,0.04999999999999982,0.03703703703703698,-0.0117647058823529,0.004784688995215225,0.20434833436616184,-0.07888631090487241,-0.5596228508042151,0.1608187134502923,-0.6002422310551572,-0.635427471925092,-0.061623647913924384,-0.5436708112132366,0.1449495478509828,-0.6059354289885699,-0.6227819067273027
2021-08-30,0.91,1.06,0.9,1.02,24878000.0,24873200.0,,,,0.2142857142857144,0.2289156626506026,0.1724137931034484,0.2208258527827649,9.547660572627722,30.33249370277078,7.605326876513317,2.0350128095644746,11.490819413418508,12.22323079631467,36.92513532057635,9.327472025576615,2.5031491893231776,13.907766093738486,14.3552838763454
2021-08-31,1.02,1.02,0.94,1.02,8181000.0,8007080.0,,,,0.0,0.2592592592592593,0.19999999999999996,0.209964412811388,3.915816223014716,-0.6711552375592893,9.722149410222805,3.858364510956708,1.895157708062786,1.0064125888386977,-0.6780840422623546,11.83844279117496,4.692183012483294,2.131287528415994,1.0196409171097376
2021-09-01,1.02,1.03,0.94,0.95,7857000.0,7647560.0,,,,-0.06862745098039225,0.15853658536585358,0.13095238095238093,0.11567821491485608,1.6386150721705766,-0.03960396039603964,11.143740340030911,8.387096774193548,1.4938045287642594,0.8644088756219903,-0.04490026326700869,13.494172052385194,10.022874356793842,1.6488352758290459,0.8698873524172956
2021-09-02,0.96,1.03,0.96,0.97,6387000.0,6401800.0,,,,0.021052631578947434,0.2124999999999999,0.16867469879518082,0.1318553092182031,1.7679436752789561,-0.18709431080565098,6.409512761020881,6.812777138299733,0.8240192405328777,0.5233341917606642,-0.16289640094356894,8.159560464716993,8.43293082743327,0.9790226015491421,0.5710191749436353
2021-09-03,0.98,1.0,0.94,0.96,3561000.0,3417400.0,,,,-0.010309278350515427,0.1428571428571428,0.1428571428571428,0.11111111111111094,1.405190455599768,-0.4424612494128699,3.4848866498740554,1.3724183877415057,-0.057957055936703195,-0.03975058487982426,-0.46618138648505103,4.210642677441488,1.7746744178493716,-0.029419572512346615,-0.018647388738091738
2021-09-06,0.95,0.98,0.95,0.97,1567000.0,1511480.0,,,,0.01041666666666674,-0.0490196078431373,0.12790697674418605,0.11494252873563227,1.4024527464424748,-0.5599550688008986,-0.9370126215933756,0.13386396526772804,-0.5964546155851005,-0.42219729541859485,-0.5577105401767426,-0.9392325876847369,0.27905087499576897,-0.5836457408902397,-0.38321389454196514
2021-09-07,0.97,0.99,0.96,0.99,3045000.0,2982320.0,,,,0.020618556701030855,-0.02941176470588236,0.13793103448275867,0.130782410051399,1.5337146282580978,0.9432035737077218,-0.6277961129446278,3.0817694369973188,-0.21769272303551568,-0.1545804719258424,0.9731124460793394,-0.6275396274297247,3.6882241051357427,-0.18220051602491516,-0.12033040853698908
2021-09-08,1.0,1.0,0.97,0.97,1497000.0,1477800.0,,,,-0.02020202020202022,0.021052631578947434,0.14117647058823524,0.10039705048213277,1.1217867730752995,-0.5083743842364532,-0.8094692630775104,-0.6811942289553585,-0.6264301259822602,-0.46179185107041293,-0.5044797338984415,-0.8067618952973236,-0.6368210115928267,-0.6073932072595647,-0.4172604012788136
2021-09-09,0.97,0.97,0.94,0.95,2333000.0,2231310.0,,,,-0.020618556701030966,-0.020618556701030966,0.13095238095238093,0.07042253521126773,0.7724853839016508,0.5584502338009352,-0.6347267887897292,0.24826110219368647,-0.39360858772921625,-0.27727040949092524,0.5098863174989849,-0.6514558405448467,0.4305103218361328,-0.3860764648199977,-0.255023015974211
2021-09-10,0.95,0.96,0.93,0.93,1419000.0,1331920.0,,,,-0.021052631578947323,-0.03124999999999989,0.1071428571428572,0.04143337066069441,0.4554022021063288,-0.3917702528932705,-0.6015164279696714,-0.639206712433257,-0.6333854361783209,-0.4495147648367183,-0.4030771161335718,-0.6102534090244045,-0.5851440247184292,-0.63688940014588,-0.42545696410123324
2021-09-13,0.95,0.95,0.91,0.92,2294300.0,2102729.0,,,,-0.010752688172043001,-0.05154639175257725,0.10843373493975905,0.025069637883008422,0.27899345107268875,0.6168428470754053,0.46413529036375234,-0.3124662870842073,-0.3873452875282054,-0.2646430071455913,0.5787201934050092,0.3911722285442083,-0.22928684267434918,-0.411684423561788,-0.26679379493967204
2021-09-14,0.91,0.92,0.9,0.92,1274000.0,1155400.0,,,,0.0,-0.07070707070707061,0.10843373493975905,0.019955654101995624,0.2273301105895473,-0.44471080503857385,-0.5816091954022988,0.22030651340996177,-0.6549963915438912,-0.4405519505477345,-0.45052358149813887,-0.6125834920464605,0.34674561730697495,-0.6738805333281097,-0.43235475224006814
2021-09-15,0.92,0.92,0.85,0.86,4086000.0,3587100.0,,,,-0.0652173913043479,-0.11340206185567014,0.023809523809523725,-0.05129619415333697,-0.6006945608790316,2.207221350078493,1.7294589178356712,7.3217922606924635,0.1030677215010467,0.06961048577765337,2.104639086030812,1.4273244011368251,7.765486401290229,0.008250318611007668,0.005322497693355699
2021-09-16,0.87,0.87,0.83,0.84,2376000.0,2024520.0,,,,-0.023255813953488413,-0.11578947368421055,0.03703703703703698,-0.07438016528925617,-0.8808401973584618,-0.41850220264317184,0.018431204457779682,0.5428571428571429,-0.3882540136175274,-0.2775871845407912,-0.4356109391987957,-0.09267649945547685,0.6145012600082937,-0.4552823295992582,-0.3096359744336327
2021-09-17,0.84,0.84,0.81,0.81,3378000.0,2790300.0,,,,-0.03571428571428559,-0.12903225806451613,0.0,-0.1089108910891089,-1.3218255344329495,0.4217171717171717,1.3805496828752641,0.8735440931780365,-0.1395307666149146,-0.10112691000753589,0.37825262284393335,1.0949456423809236,0.9414429144952443,-0.2569442181822472,-0.1770632410516398
2021-09-20,0.8,0.86,0.8,0.84,2555000.0,2135540.0,,,,0.03703703703703698,-0.08695652173913049,0.012048192771084265,-0.07590759075907594,-0.9212723421805415,-0.2436352871521611,0.11362942945560728,-0.11622276029055689,-0.36197017616365523,-0.2686510149413437,-0.2346557717808121,0.015604007934450825,-0.11331354190454446,-0.4413708646081641,-0.310884962694591
2021-09-21,0.84,0.85,0.82,0.84,286000.0,237910.0,,,,0.0,-0.08695652173913049,0.03703703703703698,-0.07641561297416155,-0.9344812197696768,-0.8880626223091976,-0.7755102040816326,-0.6251638269986894,-0.9282797291180538,-0.6855405389400919,-0.8885949221274244,-0.7940886273152155,-0.6185383530015393,-0.9375429382454916,-0.6575177877194573
2021-09-23,0.87,0.87,0.82,0.82,1197000.0,997900.0,,,,-0.023809523809523836,-0.04651162790697683,0.0,-0.0998902305159165,-1.2544738901021688,3.185314685314685,-0.7070484581497798,0.8500772797527048,-0.6980220062994072,-0.5108946501671844,3.1944432768694044,-0.7218087034094394,0.8912874552243049,-0.7366940971573979,-0.5128545491749176
2021-09-24,0.82,0.83,0.81,0.81,596000.0,488600.0,,,,-0.012195121951219412,-0.03571428571428559,0.012499999999999956,-0.1108671789242589,-1.3923281637397682,-0.5020885547201337,-0.7491582491582491,-0.308584686774942,-0.850677650377753,-0.6288448949864504,-0.5103717807395531,-0.7586588425898484,-0.30092142162193103,-0.8718729348738073,-0.6122818175118366
2021-09-27,0.82,0.88,0.81,0.82,2704000.0,2293030.0,,,,0.012345679012345512,0.012345679012345512,-0.023809523809523836,-0.1003839824465168,-1.2749888414843629,3.5369127516778525,-0.19952634695085847,2.4055415617128464,-0.3202725445662653,-0.23559751857077194,3.6930618092509206,-0.17821381213489584,2.4962720134177023,-0.39702898531574426,-0.2777139331475656
2021-09-28,0.83,0.85,0.82,0.85,862000.0,716300.0,,,,0.03658536585365857,0.011904761904761862,-0.16666666666666674,-0.06644700713893481,-0.8294063133248771,-0.6812130177514792,-0.6626223091976516,-0.9653509124527695,-0.7883917404042896,-0.5985793321448745,-0.6876185658277476,-0.6645813236933047,-0.9712019362205104,-0.8156120905698069,-0.586852534949057
2021-09-29,0.83,0.85,0.82,0.83,954000.0,799080.0,,,,-0.02352941176470591,-0.011904761904761862,-0.18627450980392157,-0.07982261640798227,-1.0385474542443358,0.10672853828306272,2.335664335664336,-0.8833883388338833,-0.6679157536380456,-0.8554180118712227,0.11556610358788211,2.3587491068050945,-0.9002033200617454,-0.7014905245151206,-0.8433868813627017
2021-09-30,0.83,0.9,0.83,0.87,4547000.0,3956390.0,,,,0.048192771084337505,0.060975609756097615,-0.0842105263157894,-0.025210084033613578,-0.3450808310298917,3.766247379454927,2.7986633249791146,-0.4212803869161258,0.8105331058387404,1.0721504129547683,3.951181358562347,2.964715903397134,-0.48265982875583846,0.7079171532034783,0.8751886164160737
2021-10-04,0.86,0.91,0.82,0.88,5612000.0,4866510.0,,,,0.011494252873563315,0.08641975308641969,-0.09278350515463918,-0.009566685424873378,-0.13295694088518165,0.2342203650758743,8.416107382550335,-0.12134022232660091,1.392243538235614,2.1583022502128024,0.23003798917700236,8.96011051985264,-0.2398216126714362,1.2826658771515511,1.8777345991292433
2021-10-05,0.86,0.88,0.85,0.85,336000.0,287750.0,,,,-0.03409090909090917,0.03658536585365857,-0.11458333333333337,-0.03846153846153855,-0.5574519604163359,-0.940128296507484,-0.8757396449704142,-0.9056444818871103,-0.8543667227961589,-1.3972034503597772,-0.9408713842157932,-0.8745110181724618,-0.9157985603090069,-0.8599877251445429,-1.4202489475659315
2021-10-06,0.85,0.98,0.84,0.88,9740000.0,8773090.0,,,,0.03529411764705892,0.03529411764705892,-0.09278350515463918,0.0017074558907228532,0.02555622163859738,27.988095238095237,10.299303944315545,5.215698787492023,3.5388563852715507,5.259580697165458,29.48858384013901,11.247787239983246,4.804304390398815,3.6205907432867885,5.452399214126612
2021-10-07,0.92,0.92,0.88,0.88,2428000.0,2171960.0,,,,0.0,0.06024096385542177,-0.11111111111111105,0.006864988558352492,0.10985330566257571,-0.7507186858316222,1.5450733752620547,-0.2026272577996716,-0.049544638715397715,-0.05702184192679175,-0.7524293037002926,1.7180757871552284,-0.2717213444566646,-0.03970994107968173,-0.04530454500302741
2021-10-08,0.87,0.88,0.86,0.88,994000.0,858520.0,,,,0.0,0.011494252873563315,-0.09278350515463918,0.013241220495106454,0.24271111628603212,-0.5906095551894563,-0.781394325929184,-0.33600534402137605,-0.606136192081911,-0.6900870160262719,-0.6047256855559034,-0.7830042033267701,-0.4190553525510895,-0.6134981142096145,-0.6899104909109138
2021-10-11,0.88,0.89,0.83,0.85,3376000.0,2895950.0,,,,-0.03409090909090917,-0.03409090909090917,-0.10526315789473684,-0.01620370370370383,-0.34071217769535195,2.3963782696177063,-0.39843193157519596,0.44706386626660954,0.35117557477992367,0.3931578096370338,2.373188743418907,-0.40492262422146463,0.29786986120261183,0.32217473466277635,0.35419472705713456
2021-10-12,0.85,0.96,0.84,0.89,21677000.0,19421700.0,,,,0.04705882352941182,0.04705882352941182,-0.043010752688172116,0.03608847497089651,0.8654094707661426,5.420912322274882,63.51488095238095,14.276250880902044,7.498401428619035,8.539047120139454,5.706503910633816,66.49504778453519,13.581731635533666,7.734644511184818,8.605373013054695
2021-10-15,0.89,0.94,0.89,0.93,8999393.0,8283637.0,,,,0.04494382022471921,0.05681818181818188,0.010869565217391353,0.08518086347724618,2.2377372172820387,-0.5848413987175347,-0.07603767967145791,2.922500544828488,1.5253550116945855,1.130419061698323,-0.5734854827332314,-0.055790263179791855,2.9394696130599804,1.648209737044171,1.1935597240824698
2021-10-18,0.92,0.93,0.89,0.91,3177000.0,2864480.0,,,,-0.021505376344086002,0.03409090909090917,-0.010869565217391353,0.06122448979591821,1.5579757791406161,-0.646976190505293,0.3084843492586491,1.4937205651491365,-0.18514844424203813,-0.14591401476610794,-0.6542002021575788,0.31884565093279793,1.4792106629738617,-0.1665898931887807,-0.12834911267489424
2021-10-19,0.9,0.94,0.89,0.92,4064000.0,3693510.0,,,,0.01098901098901095,0.045454545454545414,0.06976744186046524,0.07351225204200706,1.9217172168931071,0.2791942083726786,3.0885311871227366,-0.005384238864415081,0.017521283351723094,0.014246054758871628,0.2894172764341172,3.302182826259144,0.029664631596554303,0.04854393241689192,0.03858774093963464
2021-10-20,0.92,0.98,0.92,0.98,8274000.0,7856680.0,,,,0.06521739130434767,0.15294117647058814,0.16666666666666674,0.13953488372093026,3.3624076379827463,1.0359251968503935,1.4508293838862558,2.4823232323232323,1.072167918530492,0.8715124130736883,1.1271581774518005,1.7129888292270241,2.880761859601288,1.2270549958014603,0.9768314711865391
2021-10-21,0.98,0.99,0.92,0.94,5186000.0,4910540.0,,,,-0.04081632653061229,0.05617977528089879,0.16049382716049365,0.0841983852364474,1.6493448783298508,-0.3732173072274595,-0.7607602528025096,0.5352279455298994,0.2094725112797129,0.1801209048889598,-0.374985362774098,-0.7471621948645073,0.7598609468515931,0.2856695278657011,0.2414776033360794
2021-10-22,0.94,0.95,0.93,0.93,1304000.0,1226930.0,,,,-0.010638297872340274,0.0,0.1071428571428572,0.06468231253577539,1.2558820130637227,-0.7485537986887775,-0.8551013385013856,-0.489628180039139,-0.7021620420528696,-0.6166237894077006,-0.7501435687317485,-0.8518851079543925,-0.42547084109873845,-0.6874425106284208,-0.5972987335751893
2021-10-25,0.94,0.97,0.92,0.93,4720000.0,4444800.0,,,,0.0,0.0219780219780219,0.1071428571428572,0.059225512528473745,1.1316175701290316,2.6196319018404908,0.48567831287378027,15.503496503496503,0.09368890179071032,0.08058575706565915,2.6227005615642294,0.551695246606714,17.68269513681644,0.14556011628125898,0.12436361764953438
2021-10-26,0.93,0.93,0.9,0.91,1709000.0,1553360.0,,,,-0.021505376344086002,-0.010869565217391353,0.10975609756097571,0.031161473087818692,0.5921749242745286,-0.6379237288135593,-0.5794783464566929,0.4277360066833751,-0.6233500614171914,-0.5740419147867791,-0.6505219582433406,-0.5794352797203743,0.5566289207335404,-0.6202395342022845,-0.5687762800572568
2021-10-27,0.9,0.92,0.9,0.92,1105482.0,1005939.0,,,,0.01098901098901095,-0.061224489795918324,0.1358024691358024,0.03720405862457721,0.7435990885480425,-0.3531410181392627,-0.8663908629441625,0.8548355704697987,-0.7577275141420238,-0.7041518125357934,-0.35241090281711906,-0.8719638575072423,1.0588190749079,-0.7557298216256979,-0.7006482689251582
2021-10-28,0.9,0.91,0.89,0.9,916000.0,824840.0,,,,-0.021739130434782594,-0.04255319148936165,0.09756097560975618,0.008403361344538007,0.18282382347499967,-0.17140215761088828,-0.8233706131893559,-0.6612426035502958,-0.8003680441761981,-0.7510477839683025,-0.18002980299998306,-0.8320266202902329,-0.6402838166094643,-0.8009559731041047,-0.7507564499141393
2021-10-29,0.89,0.93,0.89,0.91,2702000.0,2451810.0,,,,0.011111111111111072,-0.021505376344086002,0.07058823529411762,0.015058561070831145,0.3617901061279138,1.9497816593886461,1.0720858895705523,2.1345707656612527,-0.39942793399152876,-0.3636200276490775,1.9724673876145675,0.9983291630329358,2.4228814742426357,-0.3976782233707511,-0.36251672389638734
2021-11-01,0.89,0.9,0.86,0.88,2636000.0,2328670.0,,,,-0.03296703296703296,-0.05376344086021512,0.06024096385542177,-0.021678710394663736,-0.5453219262901242,-0.024426350851221357,-0.44152542372881354,1.7631027253668763,-0.42583862329780675,-0.3999967076337884,-0.05022412013981503,-0.4760911627069835,1.9141888171397108,-0.43986994866807505,-0.4143561469705173
2021-11-02,0.88,0.88,0.85,0.88,1500000.0,1298640.0,,,,0.0,-0.03296703296703296,0.011494252873563315,-0.024390243902438935,-0.6828825670680866,-0.43095599393019723,-0.12229373902867169,-0.6701121618649659,-0.6791542506045938,-0.6565678311724318,-0.44232544757307823,-0.163980017510429,-0.6717613784283147,-0.6932723200399976,-0.6724286693089828
2021-11-03,0.88,0.9,0.86,0.9,1815000.0,1604150.0,,,,0.022727272727272707,-0.021739130434782594,0.022727272727272707,-0.0027700831024931594,-0.07869535934721923,0.20999999999999996,0.641817777222967,-0.6765858873841768,-0.5986993658510296,-0.553974655277173,0.23525380397954776,0.5946792002298351,-0.6703695255943171,-0.6088360454017929,-0.5656373864078272
2021-11-04,0.89,0.91,0.87,0.89,2063000.0,1832520.0,,,,-0.011111111111111072,-0.011111111111111072,0.04705882352941182,-0.014941892639734333,-0.43083694953406165,0.13663911845730037,1.252183406113537,5.1398809523809526,-0.5238802719282936,-0.4616467296838883,0.14236199856621878,1.2216672324329565,5.368444830582103,-0.5346392006313703,-0.47368666584474584
2021-11-05,0.89,0.89,0.83,0.84,3540000.0,3022210.0,,,,-0.0561797752808989,-0.07692307692307698,-0.045454545454545525,-0.07233572611816674,-2.2645808702208923,0.7159476490547747,0.31014063656550706,-0.6365503080082136,-0.19896702951687695,-0.18099981684852262,0.6492098312706001,0.23264445450503923,-0.6555136217683849,-0.2472864157365683,-0.22612209885778822
2021-11-08,0.85,0.86,0.84,0.86,1551000.0,1314340.0,,,,0.023809523809523725,-0.022727272727272707,-0.022727272727272707,-0.04814609850581075,-1.3594099359424823,-0.561864406779661,-0.411608497723824,-0.36120263591433277,-0.6225628795702425,-0.5448172043832807,-0.5651063294741265,-0.43558340168422316,-0.39485994217204734,-0.6473976968685238,-0.5679581690595263
2021-11-09,0.86,0.86,0.84,0.85,959000.0,811190.0,,,,-0.011627906976744207,-0.03409090909090917,-0.03409090909090917,-0.05817174515235468,-1.5876895549013306,-0.38168923275306255,-0.3606666666666667,-0.035211267605633756,-0.7641093915024652,-0.6586655767634049,-0.3828157097859002,-0.37535421671902913,-0.055129758188510514,-0.7798467935166795,-0.672989673914297
2021-11-10,0.85,0.86,0.82,0.85,1897000.0,1586620.0,,,,0.0,-0.05555555555555558,0.0,-0.05660377358490576,-1.466465885457552,0.9781021897810218,0.04517906336088151,-0.4380924170616114,-0.5331833261303217,-0.45929103024327905,0.9559166163290969,-0.01092790574447522,-0.4521245187244255,-0.5691219508008973,-0.49063265212897034
2021-11-11,0.85,0.87,0.85,0.86,1061596.0,912288.0,,,,0.0117647058823529,-0.03370786516853941,-0.03370786516853941,-0.045504994450610514,-1.1789235549756791,-0.44038165524512385,-0.4854115365971886,-0.9510266180744568,-0.733918751047608,-0.6177059351314064,-0.4250116600068069,-0.5021675070394866,-0.9530273868919816,-0.7477657427088811,-0.6298369044904905
2021-11-12,0.86,0.87,0.86,0.87,2820000.0,2427880.0,,,,0.011627906976744207,0.03571428571428581,-0.06451612903225812,-0.03279599777654252,-0.821599364295705,1.6563777557564272,-0.2033898305084746,-0.686645532648702,-0.046966810500891354,-0.06014735601806463,1.6613087095303238,-0.19665410411586226,-0.70690651944309,-0.0978976893335286,-0.12057412220261313
2021-11-15,0.87,0.88,0.86,0.87,567000.0,493470.0,,,,0.0,0.011627906976744207,-0.04395604395604402,-0.029559397657557107,-0.7416893362665266,-0.798936170212766,-0.6344294003868471,-0.821529745042493,-0.7860380507364536,-1.1433990499485855,-0.7967486037201179,-0.6245492034024682,-0.8277278947662403,-0.7942649033131138,-1.0921995675413647
2021-11-16,0.86,0.87,0.85,0.87,823000.0,706780.0,,,,0.0,0.0235294117647058,-0.05434782608695654,-0.027389603130240192,-0.6795765269063638,0.4514991181657848,-0.14181438998957252,-0.7974901574803149,-0.6733483921179879,-0.9049280904798883,0.43226538594038133,-0.12871213895634803,-0.808642727378564,-0.6900114027541038,-0.8784648900870617
2021-11-17,0.86,0.87,0.85,0.86,1973000.0,1683130.0,,,,-0.011494252873563204,0.0117647058823529,-0.12244897959183676,-0.0358744394618834,-0.8907719767249875,1.3973268529769136,0.04006325777543496,-0.7615421803239062,-0.16308013488620066,-0.2051206284290174,1.3814058122753896,0.06082741929384472,-0.7857708345000687,-0.21005136921245693,-0.24984067723040956
2021-11-18,0.86,0.87,0.85,0.86,482000.0,413430.0,,,,0.0,0.0,-0.08510638297872342,-0.02934537246049651,-0.8671739342935847,-0.7557019766852509,-0.5459666389097171,-0.907057462398766,-0.7640035842078053,-1.2438193008659357,-0.7543683494441903,-0.5468207408186888,-0.9158076301180725,-0.7730906772584395,-1.1932121038130679
2021-11-19,0.85,0.87,0.84,0.86,3579000.0,3070160.0,,,,0.0,-0.011494252873563204,-0.07526881720430112,-0.024943310657596363,-0.7958224257540539,6.425311203319502,0.26914893617021285,1.7446319018404908,0.980407412799408,1.6714757367890565,6.426069709503422,0.26454355239962446,1.5023106452690862,0.9222742311875118,1.5171112144315506
2021-11-22,0.85,0.88,0.85,0.86,1585000.0,1370720.0,,,,0.0,-0.011494252873563204,-0.07526881720430112,-0.021058622652248227,-0.7225645704087862,-0.5571388656049177,1.7954144620811285,-0.6641949152542372,-0.1748891006702451,-0.2990640448009719,-0.553534669202908,1.7777169838085394,-0.6916126709863211,-0.1885924403455882,-0.3122919315755144
2021-11-23,0.87,0.88,0.86,0.87,526000.0,457430.0,,,,0.011627906976744207,0.0,-0.04395604395604402,-0.005714285714285672,-0.21904291355752797,-0.6681388012618297,-0.3608748481166464,-0.6922176711527208,-0.7018485221577846,-1.3593972789191557,-0.6662848721839617,-0.352797192903025,-0.7055222227944584,-0.7021178623558946,-1.3675153817420915
2021-11-24,0.87,0.88,0.86,0.87,1845000.0,1601360.0,,,,0.0,0.011627906976744207,-0.05434782608695654,-0.0034364261168384758,-0.14084596908306576,2.5076045627376424,-0.06487582361885458,0.6689552611440077,0.08207722934741257,0.14698693382856798,2.500776075027873,-0.04858210595735324,0.5919056722127285,0.08140752750427227,0.14622901277407288
2021-11-25,0.87,0.88,0.86,0.86,393000.0,341490.0,,,,-0.011494252873563204,0.0,-0.04444444444444451,-0.012062033314187315,-0.5768570867126349,-0.7869918699186992,-0.18464730290456433,-0.5709606986899564,-0.7744011038157901,-1.4322528121992915,-0.786750012489384,-0.17400769174951014,-0.5859924348964647,-0.7739347995630028,-1.430864267063173
2021-11-26,0.86,0.86,0.82,0.84,1665000.0,1403800.0,,,,-0.023255813953488413,-0.023255813953488413,-0.07692307692307698,-0.032815198618307284,-1.681993383316005,3.236641221374046,-0.534786253143336,-0.3837897853441895,-0.029652310144335337,-0.052303107621543665,3.110808515622712,-0.5427599864502175,-0.4274433989583206,-0.05557965531012077,-0.09776018682124533
2021-11-29,0.84,0.85,0.82,0.84,1627000.0,1363850.0,,,,0.0,-0.023255813953488413,-0.045454545454545525,-0.028901734104046173,-1.6618146427846734,-0.022822822822822775,0.026498422712933678,-0.3827769347496206,-0.022253087054090015,-0.03919779645197278,-0.028458469867502445,-0.005011964514999412,-0.4143223385022352,-0.04892832628749266,-0.08619854499262085
2021-11-30,0.84,0.91,0.84,0.84,2139000.0,1848170.0,,,,0.0,-0.034482758620689724,-0.045454545454545525,-0.02665121668597903,-1.4749715677052384,0.31468961278426555,3.0665399239543722,0.42599999999999993,0.325623932575259,0.5732424266252915,0.3551123657293691,3.040334040181011,0.42315807306104847,0.3336745147779987,0.5880772402451403
2021-12-01,0.88,0.88,0.84,0.84,422000.0,359330.0,,,,0.0,-0.034482758620689724,-0.06666666666666676,-0.024390243902439046,-1.3239822016519645,-0.8027115474520804,-0.7712737127371274,-0.7674931129476584,-0.743547640401286,-1.3248558311783087,-0.8055752447015155,-0.7756094819403507,-0.77599975064676,-0.7457419759031916,-1.3296033234292874
2021-12-02,0.84,0.85,0.79,0.79,5808000.0,4752740.0,,,,-0.05952380952380942,-0.08139534883720922,-0.1123595505617977,-0.07925407925407923,-4.995907415981542,12.763033175355451,13.778625954198473,1.8153174987881724,2.6855602819453614,4.400205193952061,12.226671861520051,12.917654982576357,1.593554231331718,2.5179203919087403,4.122873175364912
2021-12-03,0.78,0.84,0.78,0.83,1588000.0,1295960.0,,,,0.05063291139240489,-0.011904761904761862,-0.011904761904761862,-0.02696365767878095,-1.2321842174035569,-0.7265840220385675,-0.04624624624624629,-0.5514124293785311,-0.0993289319935492,-0.12987409909749376,-0.7273236070140592,-0.07682005983758367,-0.5711879717160621,-0.13430647592142086,-0.17946250476566192
2021-12-06,0.81,0.83,0.8,0.8,1208000.0,977890.0,,,,-0.036144578313252906,-0.04761904761904756,-0.06976744186046502,-0.061583577712609694,-2.7400847644050375,-0.23929471032745597,-0.25752919483712355,-0.22114764667956155,-0.2747052619532836,-0.3568624657276507,-0.24543195777647453,-0.2829929977636837,-0.2559839919655492,-0.30680852273424053,-0.4076977936423189
2021-12-07,0.81,0.82,0.8,0.81,2353000.0,1900110.0,,,,0.012499999999999956,-0.03571428571428559,-0.04705882352941171,-0.04649793996468499,-1.7669587525687722,0.9478476821192052,0.1000467508181393,1.4535974973931176,0.427462287514079,0.5479200909313525,0.9430713065886756,0.028103475329650518,1.3423735499697975,0.3631761715677426,0.47493825832016767
2021-12-08,0.8,0.84,0.8,0.84,767000.0,627130.0,,,,0.03703703703703698,0.0,-0.0117647058823529,-0.008849557522123797,-0.3120583439402719,-0.6740331491712708,0.8175355450236967,-0.595677385345282,-0.5535713766031124,-0.7404647173301728,-0.6699506870654857,0.7452759302034342,-0.6047383746580781,-0.5669979722858818,-0.7730027412331731
2021-12-09,0.84,0.87,0.83,0.84,3434000.0,2932420.0,,,,0.0,0.06329113924050622,-0.023255813953488413,-0.008264462809917217,-0.29065917948803727,3.4771838331160367,-0.4087465564738292,2.2347522032863725,1.0667078403336392,1.3624573796518336,3.6759364087190853,-0.38300433013377544,2.2143577466764883,1.0940533760024862,1.422084951236187
2021-12-10,0.87,0.87,0.83,0.83,1690080.0,1424628.0,,,,-0.011904761904761862,0.0,-0.04597701149425293,-0.01891252955082756,-0.6686245759237924,-0.5078392545136867,0.06428211586901766,-0.4006808510638298,-0.050623525446579,-0.06672951516875561,-0.514180096984743,0.09928392851631229,-0.41322141127238576,-0.051109908499779366,-0.06833571031526496
2021-12-13,0.84,0.84,0.83,0.83,1476760.0,1231988.0,,,,0.0,0.03749999999999987,-0.04597701149425293,-0.016587677725118488,-0.5961069630949342,-0.12621887721291303,0.22248344370860917,1.6045149911816576,-0.14326357657695288,-0.1859253507964496,-0.13522126477929675,0.25984313164057316,1.4965813524631688,-0.15105561956006197,-0.19900450211206164
2021-12-14,0.82,0.82,0.8,0.82,1411000.0,1142010.0,,,,-0.012048192771084376,0.012345679012345512,-0.05747126436781613,-0.026128266033254133,-0.9628167681505913,-0.044529916844984974,-0.4003399915002125,0.7144592952612394,-0.20246078435805726,-0.27515011000088113,-0.0730348022870353,-0.398976901337291,0.6157927502193044,-0.2325850408614648,-0.32050322744166504
2021-12-15,0.82,0.82,0.8,0.82,1198000.0,969790.0,,,,0.0,-0.023809523809523836,-0.04651162790697683,-0.023228111971411503,-0.8722960930403124,-0.15095676824946846,0.5619295958279009,-0.39280283831728335,-0.33392342454542223,-0.4670762649516779,-0.15080428367527432,0.5463938896241609,-0.4238175304343693,-0.35770702886235284,-0.5058722407052545
2021-12-16,0.82,0.82,0.79,0.81,1361000.0,1093800.0,,,,-0.012195121951219412,-0.03571428571428559,-0.05813953488372081,-0.032835820895522394,-1.238009154516302,0.1360601001669448,-0.6036691904484566,1.8236514522821579,-0.22663511837994543,-0.30870490204335993,0.127873044679776,-0.6269974969479133,1.6456715768086494,-0.2580484748446349,-0.3543860822281692
2021-12-17,0.81,0.81,0.78,0.79,1765000.0,1397340.0,,,,-0.024691358024691357,-0.04819277108433728,-0.08139534883720922,-0.053892215568862145,-2.012461179749505,0.29684055841293167,0.044329262520117485,-0.5068454875663593,-0.02150580554742454,-0.0307677105915372,0.27750959956116295,-0.01915447401005732,-0.5448641113166741,-0.07352867463693413,-0.10576208281637957
2021-12-20,0.79,0.81,0.77,0.77,2236009.0,1759577.0,,,,-0.025316455696202556,-0.07228915662650592,-0.10465116279069764,-0.07396271797955489,-2.5970193722602612,0.2668606232294617,0.5141316124488746,0.4107312302839117,0.3052474706553998,0.4395687183282325,0.25923325747491655,0.4282419958635961,0.28368813470292986,0.2351394898967274,0.34110952986544996
2021-12-21,0.77,0.79,0.75,0.78,1745000.0,1340980.0,,,,0.012987012987013102,-0.04878048780487798,-0.10344827586206895,-0.056831922611849994,-1.7817999025104982,-0.21959169216224084,0.2367115520907157,2.317490494296578,-0.0003680306926541199,-0.0005376962561245504,-0.2378963807778801,0.17422789642822734,1.93155236866843,-0.07136963214989822,-0.10465655096123698
2021-12-22,0.79,0.8,0.77,0.78,892000.0,702110.0,,,,0.0,-0.04878048780487798,-0.10344827586206895,-0.05167173252279633,-1.6139512723985865,-0.4888252148997134,-0.25542570951585974,-0.5165311653116531,-0.5062527799227767,-0.788502586529182,-0.4764202299810586,-0.27601851947328804,-0.5615539291602138,-0.5282210474317894,-0.8209104914189432
2021-12-23,0.78,0.8,0.77,0.77,602000.0,466820.0,,,,-0.012820512820512886,-0.04938271604938271,-0.10465116279069764,-0.05867970660146693,-1.8850057700830105,-0.32511210762331844,-0.5576781778104335,0.5318066157760815,-0.6577488933762443,-0.9823841676230899,-0.33511842873623787,-0.5732126531358566,0.3670092828486924,-0.6765507205878598,-1.0035302099483043
2021-12-24,0.77,0.79,0.76,0.79,425000.0,329650.0,,,,0.025974025974025983,0.0,-0.05952380952380942,-0.028887523048555575,-0.9178522921410497,-0.29401993355481726,-0.7592067988668555,-0.7447447447447447,-0.7598045589038204,-1.1531957284874583,-0.2938391671307998,-0.7640874804986617,-0.7651731015814218,-0.772580225835114,-1.1593968718971261
2021-12-28,0.77,0.77,0.72,0.75,2708000.0,2022500.0,,,,-0.05063291139240511,-0.025974025974025983,-0.1071428571428571,-0.07521578298397036,-2.4092562336419423,5.371764705882353,0.21108635967028766,0.6644130301167794,0.5860442629929634,0.8310770551490128,5.135295009858941,0.1494239808772222,0.48293434028668836,0.44897461851399845,0.6279928420136754
2021-12-29,0.74,0.74,0.71,0.74,2882000.0,2093430.0,,,,-0.013333333333333308,-0.05128205128205132,-0.11904761904761907,-0.08245505269683817,-2.394448686108266,0.06425406203840467,0.6515759312320917,0.34735857877512855,0.6361590468084837,0.9152763774150398,0.03507045735475889,0.561119479783442,0.13270424257508773,0.4652207705191225,0.659650724907163
2021-12-30,0.72,0.73,0.7,0.71,3419000.0,2426060.0,,,,-0.04054054054054057,-0.08974358974358987,-0.15476190476190477,-0.11416094822208378,-3.0188252090973813,0.1863289382373352,2.8329596412556053,7.101895734597157,0.9009309196199506,1.2990304505872836,0.15889234414334363,2.4553844839127774,5.751621072551694,0.6835828671990964,0.9709987573994827
2021-12-31,0.7,0.79,0.7,0.78,2306000.0,1758030.0,,,,0.09859154929577474,0.012987012987013102,-0.012658227848101222,-0.018867924528301883,-0.4265148222711828,-0.3255337818075461,2.830564784053156,-0.602961432506887,0.18350942312922824,0.28528725460820537,-0.2753559268938114,2.76596975279551,-0.6301017939125642,0.13836488718384565,0.21289713690585035
2022-01-03,0.79,0.83,0.77,0.83,4306000.0,3436630.0,,,,0.0641025641025641,0.05063291139240489,0.0,0.044682190056639426,1.0052562849114979,0.8673026886383348,9.131764705882352,1.7115869017632241,1.4281830054877442,2.9027367819231724,0.9548187459827193,9.425087213711512,1.6518025247692831,1.4642209407260225,3.0631000799527652
2022-01-04,0.83,1.16,0.83,1.07,54281900.0,54651036.0,,,,0.28915662650602414,0.42666666666666675,0.3374999999999999,0.34675896790434235,7.801355112482195,11.606107756618671,19.045014771048745,43.93534768211921,27.431119368836576,50.45130747515981,14.902507980201534,26.021525834363413,54.88669073208643,35.39412027339491,65.85699256474952
2022-01-05,1.02,1.06,0.94,0.97,24433000.0,24221020.0,,,,-0.09345794392523377,0.31081081081081074,0.19753086419753085,0.20049504950495045,2.280012510391017,-0.5498867946774155,7.477793199167245,9.383765405864853,4.354664679876337,1.6914403444266342,-0.5568058398746549,10.570016671204673,11.74716726926336,4.78716190357544,1.6829458108975126
2022-01-06,0.97,1.04,0.97,1.01,7374000.0,7390490.0,,,,0.04123711340206193,0.42253521126760574,0.20238095238095233,0.2377450980392155,2.4322113161006422,-0.6981950640527156,1.1567709856683241,8.614080834419818,0.3012319378961912,0.13613360151322065,-0.6948728831403467,2.046293166698268,10.784622008196068,0.3940776509564563,0.16450733346062008
2022-01-07,1.01,1.01,0.88,0.89,11046000.0,10199280.0,,,,-0.1188118811881188,0.14102564102564097,0.059523809523809534,0.0794420861127958,0.7217185488977818,0.49796582587469485,3.7901127493495226,2.2166569598136285,0.8418326772047586,0.4041988556517899,0.3800546377845042,4.801539222880155,2.4781102297760893,0.8085383558972252,0.36021784546423063
2022-01-10,0.89,0.96,0.85,0.95,9487000.0,8735600.0,,,,0.0674157303370786,0.14457831325301207,0.14457831325301207,0.14873035066505436,1.3386056566822457,-0.14113706319029518,1.203204830469113,4.613343747041561,0.4874831320518207,0.24824492201255632,-0.1435081692041007,1.5419087885515754,5.131846348660844,0.45524004484896685,0.2155017476516603
2022-01-11,0.95,0.97,0.91,0.92,2551000.0,2370870.0,,,,-0.03157894736842093,-0.14018691588785048,0.10843373493975905,0.10444177671068444,0.9069858155719802,-0.7311057236217983,-0.953004592691118,0.7274303204312143,-0.623064351034688,-0.3375524484760417,-0.7285967764091763,-0.9566180227580681,0.9244262119436228,-0.6277138095310664,-0.31607974670167094
2022-01-12,0.93,0.94,0.92,0.93,942300.0,872799.0,,,,0.010869565217391353,-0.04123711340206182,0.13414634146341475,0.11044776119402977,0.9451759646047281,-0.6306154449235594,-0.9614333074121065,-0.3321757618710135,-0.861862121905556,-0.47144698322832096,-0.6318655177213428,-0.9639652252465007,-0.23573436309664542,-0.864163221647427,-0.4397906704289084
2022-01-13,0.95,0.98,0.91,0.93,4669000.0,4361700.0,,,,0.0,-0.07920792079207917,0.13414634146341475,0.10320284697508897,0.870871307178806,3.9548975910007425,-0.3668294005966911,2.8973288814691154,-0.31318140295003516,-0.1705723869656864,3.9973705286096797,-0.40982262339844855,3.4975716392208627,-0.3197482190354277,-0.162307583092944
2022-01-14,0.93,0.95,0.92,0.94,2296000.0,2164860.0,,,,0.010752688172043001,0.05617977528089879,0.16049382716049365,0.10783736004714206,0.9007596702084357,-0.5082458770614693,-0.7921419518377694,0.6869948567229978,-0.6706619677951727,-0.37634509383600373,-0.5036660017882936,-0.7877438407416995,0.9792100932528798,-0.6710682105672152,-0.3511597747862498
2022-01-17,0.94,0.95,0.92,0.95,2425000.0,2259570.0,,,,0.010638297872340496,0.0,0.20253164556962022,0.11111111111111094,0.9211221992158011,0.056184668989547104,-0.7443870559713293,0.3739376770538243,-0.6544752448219215,-0.3703351592659315,0.04374878745045874,-0.7413377444022162,0.6170509682682812,-0.6594488795099942,-0.34850634017344984
2022-01-18,0.95,0.97,0.92,0.93,1826000.0,1706410.0,,,,-0.021052631578947323,0.010869565217391353,0.20779220779220786,0.07763615295480863,0.6440490230193077,-0.24701030927835055,-0.28420227361818895,-0.18336643546604692,-0.7410410429454286,-0.42176079466606614,-0.24480764039175595,-0.28025998894920434,-0.030215784816464364,-0.7444786585076413,-0.3965509940065671
2022-01-19,0.93,0.94,0.91,0.93,2466100.0,2277690.0,,,,0.0,0.0,0.1923076923076923,0.0677382319173363,0.5748022634977012,0.3505476451259584,1.6171070784251298,0.4132378223495703,-0.6492438282360069,-0.36818120844037905,0.3347847234838053,1.6096386453238374,0.6985264508046354,-0.6587981957435424,-0.35074223065500837
2022-01-20,0.93,0.95,0.93,0.94,2553000.0,2395750.0,,,,0.010752688172043001,0.010752688172043001,0.20512820512820507,0.07000569151963565,0.6082271653562875,0.03523782490572169,-0.45320197044334976,1.8621076233183858,-0.6387365543278385,-0.3645253354669602,0.0518332169873863,-0.4507302198683999,2.4122146102462576,-0.6436130327028462,-0.34559209688500675
2022-01-21,0.92,0.94,0.92,0.93,1258000.0,1172190.0,,,,-0.010638297872340274,-0.010638297872340274,0.20779220779220786,0.04906937394247035,0.43841095395818597,-0.5072463768115942,-0.4520905923344948,1.089700996677741,-0.824053852388455,-0.4772800788531003,-0.5107210685589064,-0.45853773454172553,1.5110106679233968,-0.8277966327284899,-0.45143104529514744
2022-01-24,0.94,0.94,0.91,0.93,1132000.0,1041810.0,,,,0.0,-0.021052631578947323,0.17721518987341778,0.03968697596422577,0.370861716729377,-0.10015898251192368,-0.5331958762886597,1.663529411764706,-0.8423994269576337,-0.4908378174197779,-0.11122770199370413,-0.5389343990228229,2.160351888366449,-0.8477393110986096,-0.4653682727213821
2022-01-25,0.92,0.92,0.88,0.91,2150000.0,1943280.0,,,,-0.021505376344086002,-0.021505376344086002,0.21333333333333337,0.00942872989462007,0.09164243522210042,0.8992932862190812,0.1774370208105147,-0.20605612998522893,-0.7021362373433877,-0.41177265298163024,0.8652921358021137,0.13881189163213992,-0.039169344870210177,-0.7174597064614147,-0.3964917288518337
2022-01-26,0.89,0.9,0.88,0.89,1240000.0,1095920.0,,,,-0.02197802197802201,-0.043010752688172116,0.20270270270270263,-0.021440351841671368,-0.22774227150556717,-0.4232558139534883,-0.49718178500466326,-0.5697432338653713,-0.8275422052206034,-0.48299502300926234,-0.43604627228191506,-0.5188458482058577,-0.4764955121499166,-0.8405685310587281,-0.46419703908304627
2022-01-27,0.89,0.89,0.84,0.86,2445000.0,2084680.0,,,,-0.03370786516853941,-0.08510638297872342,0.21126760563380276,-0.062159214830970644,-0.749740439514608,0.971774193548387,-0.042303172737955363,-0.28487861947938,-0.6560245298826052,-0.37742480244221394,0.9022191400832178,-0.12984242930188872,-0.1407137498660379,-0.6945098473234314,-0.38007837649877246
2022-01-28,0.85,0.86,0.82,0.82,2285000.0,1922940.0,,,,-0.04651162790697683,-0.11827956989247324,0.0512820512820511,-0.11303407247160646,-1.7328851511990562,-0.06543967280163598,0.8163751987281398,-0.009106678230702547,-0.6763164958887946,-0.3858956635830074,-0.07758504902431074,0.6404678422440049,0.09380386000238894,-0.7175047101462715,-0.39147417589000105
2022-01-31,0.94,1.07,0.86,0.86,39160000.0,38430660.0,,,,0.04878048780487809,-0.07526881720430112,0.03614457831325302,-0.07177549919050197,-1.1928068070351052,16.13785557986871,33.59363957597173,8.094287041337669,4.5480663586139185,2.594580637347504,18.985366158070455,35.88835776197195,10.182658592865685,4.638941187022221,2.534798214101528
2022-02-04,0.86,0.88,0.73,0.78,27826000.0,22057000.0,,,,-0.09302325581395343,-0.1428571428571429,-0.2710280373831776,-0.1594827586206896,-2.773062269998225,-0.2894279877425945,11.942325581395348,-0.487379771157605,2.1616807834096408,1.3329197710958594,-0.4260572157751129,10.350397266477296,-0.5964028934419467,1.5752698264150564,0.9438278588775617
2022-02-07,0.77,0.8,0.73,0.76,18158000.0,13485700.0,,,,-0.02564102564102566,-0.1460674157303371,-0.21649484536082475,-0.16803503010399579,-2.9439402906977814,-0.34744483576511176,13.643548387096773,-0.25682478614987925,1.428117921109569,1.0088633906810902,-0.3885977240785238,11.305369005036864,-0.4432232829170696,0.944522081504785,0.6571933478867387
2022-02-08,0.76,0.79,0.76,0.79,3393000.0,2633770.0,,,,0.03947368421052633,-0.08139534883720922,-0.2178217821782178,-0.12513842746400872,-1.8640833258360265,-0.8131402136799207,0.38773006134969323,-0.5398698128559805,-0.5264129796063073,-0.37191724522619685,-0.8046990515879784,0.26339294280177294,-0.6436271478616438,-0.5883743868710157,-0.40695943411576396
2022-02-09,0.78,0.81,0.78,0.8,4203000.0,3356760.0,,,,0.012658227848101333,-0.024390243902438935,-0.10112359550561789,-0.10313901345291476,-1.5297591248982054,0.23872679045092848,0.8393873085339167,-0.6195002715915263,-0.3965905860665976,-0.27148293288486647,0.27450764493482716,0.7456394895316547,-0.670882650540038,-0.45512661911461094,-0.301977447342137
2022-02-10,0.8,0.8,0.77,0.79,3459010.0,2705848.0,,,,-0.012499999999999956,-0.08139534883720922,-0.16842105263157892,-0.10985915492957743,-1.5338097835031075,-0.17701403759219603,-0.9116698161389173,-0.6353947507114999,-0.4777489065069067,-0.3118765692367463,-0.1939107949332094,-0.9295914251797913,-0.6902504693438345,-0.5349576431491223,-0.33634346899917456
2022-02-11,0.78,0.78,0.73,0.74,11735128.0,8862109.0,,,,-0.06329113924050633,-0.05128205128205132,-0.19565217391304357,-0.15861284820920996,-2.1352757556253725,2.3926262138588785,-0.5782675195859988,3.600206977655821,0.8562746579513136,0.5335435266533678,2.2751688195345783,-0.5982178446751598,2.7379143521154683,0.6063245195833284,0.36153213636669906
2022-02-14,0.74,0.77,0.74,0.77,4826011.0,3645418.0,,,,0.04054054054054057,0.013157894736842035,-0.17204301075268824,-0.1154508902929351,-1.4044219257679587,-0.5887551460878825,-0.7342212248044939,4.121522869574446,-0.2883120083773125,-0.19216285891485302,-0.5886511890115547,-0.7296827009350646,3.1766981859511754,-0.3759526009803902,-0.23741584453428694
2022-02-15,0.77,0.77,0.75,0.75,3435000.0,2606220.0,,,,-0.025974025974025983,-0.05063291139240511,-0.19354838709677424,-0.13043478260869568,-1.5311176402776456,-0.2882320409132926,0.012378426171529622,-0.2642964232169629,-0.507545411427494,-0.35074876448830206,-0.2850696408477711,-0.010460290761911684,-0.4024760987688286,-0.5641920698932766,-0.3670383612312813
2022-02-16,0.77,0.77,0.75,0.76,4259000.0,3231590.0,,,,0.01333333333333342,-0.050000000000000044,-0.1914893617021276,-0.10954891622729934,-1.2341433865944944,0.2398835516739446,0.013323816321674897,0.8549651567944252,-0.38396448563215047,-0.2625151093040651,0.23995288195163877,-0.03728893337623185,0.4927477989338802,-0.451569146969393,-0.2886860271348506
2022-02-17,0.76,0.77,0.75,0.77,3430000.0,2597190.0,,,,0.013157894736842035,-0.025316455696202556,-0.18947368421052624,-0.08821788040260514,-0.9849819902602781,-0.19464663066447518,-0.008386792752839711,0.41443298969072173,-0.5108185019766462,-0.35552913013532905,-0.19631203215754478,-0.04015672720714536,0.14941780958323925,-0.5631866257092284,-0.3640773442629019
2022-02-18,0.76,0.76,0.75,0.75,1298000.0,975540.0,,,,-0.025974025974025983,0.013513513513513598,-0.19354838709677424,-0.10233393177737882,-1.169824172898338,-0.6215743440233237,-0.8893919180089045,-0.28915662650602414,-0.8161983996388993,-0.5733736508221526,-0.6243863560232406,-0.8899201081819237,-0.42830855421616143,-0.8363914481433937,-0.5426303517521848
2022-02-21,0.74,0.76,0.73,0.75,2867000.0,2126620.0,,,,0.0,-0.025974025974025983,-0.19354838709677424,-0.09255898366606174,-1.0638022526825923,1.2087827426810476,-0.4059275869864366,0.1625643728964763,-0.5924988200481398,-0.41404603172775284,1.1799413658076552,-0.4166320570096488,-0.06632597061057477,-0.6411436132166615,-0.41254506499920685
2022-02-22,0.73,0.75,0.73,0.74,2812000.0,2062920.0,,,,-0.013333333333333308,-0.013333333333333308,-0.21276595744680848,-0.09480122324159035,-1.1151063948612776,-0.01918381583536799,-0.1813682678311499,0.10144927536231885,-0.6014517502670872,-0.4218846894143527,-0.02995363534623019,-0.2084628312268343,-0.13892518000626108,-0.6514483974727086,-0.4184954963939613
2022-02-23,0.73,0.74,0.73,0.74,520705.0,384163.0,,,,0.0,-0.02631578947368418,-0.20430107526881724,-0.0835913312693497,-1.035242493089709,-0.8148275248933143,-0.8777400798309463,-0.5860850556438792,-0.9263350402563397,-0.6513491593605938,-0.8137770732747756,-0.8811226052809917,-0.6722690007592627,-0.9349086797477748,-0.5984494202122033
2022-02-24,0.74,0.74,0.7,0.72,3658000.0,2627020.0,,,,-0.027027027027027084,-0.06493506493506496,-0.22580645161290325,-0.09774436090225558,-1.2988611473941927,6.025090982418067,0.06647230320699715,2.2314487632508833,-0.4797838648438092,-0.3348077656201066,5.838295202817554,0.011485490087363548,1.5215922289093022,-0.5518947704777968,-0.35004724127927883
2022-02-25,0.71,0.72,0.67,0.68,6548000.0,4503440.0,,,,-0.05555555555555547,-0.09333333333333327,-0.25274725274725274,-0.13650793650793647,-1.9984930657570708,0.7900492072170584,4.044684129429892,2.045581395348837,-0.08521840208079567,-0.06091212923933278,0.7142770134981842,3.6163560694589663,1.3174426742414886,-0.24207063373096704,-0.15623447436087218
2022-02-28,0.68,0.68,0.64,0.67,4386000.0,2858390.0,,,,-0.014705882352941235,-0.10666666666666658,-0.247191011235955,-0.13659793814432986,-2.0898593911933974,-0.3301771533292609,0.5298221137077084,2.5370967741935484,-0.4055213082727538,-0.30079528118180876,-0.36528742472421083,0.34410002727332567,1.6082104533177604,-0.5290781270094442,-0.35038154794651993
2022-03-01,0.67,0.71,0.66,0.68,3289000.0,2263050.0,,,,0.014925373134328401,-0.08108108108108103,-0.20930232558139528,-0.11111111111111094,-1.7524351864688796,-0.25011399908800724,0.16963015647226176,0.3451942740286298,-0.5635148123020133,-0.43025539648277134,-0.20827808661519243,0.09701297190390323,0.08556229253410597,-0.6324964023037143,-0.4269060892471235
2022-03-02,0.67,0.69,0.66,0.67,2724500.0,1813864.0,,,,-0.014705882352941235,-0.09459459459459452,-0.18292682926829262,-0.11375661375661372,-1.8450383916512239,-0.171632715110976,4.232329245926196,0.19234135667396068,-0.6404436053578166,-0.4927857407757903,-0.1984869976359338,3.7215999458563163,-0.05672355871738066,-0.7058670814543657,-0.4773327203036494
2022-03-03,0.65,0.67,0.65,0.66,2535000.0,1662010.0,,,,-0.014925373134328401,-0.08333333333333326,-0.2325581395348837,-0.11823647294589168,-1.8505473166265756,-0.06955404661405762,-0.30699835975943135,-0.9352655771195098,-0.6664196154108979,-0.5148846095793306,-0.08371851472877789,-0.3673401801280538,-0.9567530195942511,-0.7302528940184605,-0.49324031399190293
2022-03-04,0.64,0.65,0.63,0.65,979000.0,625800.0,,,,-0.015151515151515138,-0.044117647058823595,-0.16666666666666663,-0.11983750846310082,-2.0094252879344583,-0.6138067061143984,-0.8504886988393403,-0.9648170775533673,-0.8302739210748075,-0.7377443338572823,-0.623467969506802,-0.8610395608690246,-0.9716280545858458,-0.8552371098396641,-0.7262753389543326
2022-03-07,0.63,0.63,0.6,0.63,4966000.0,3032981.0,,,,-0.03076923076923077,-0.059701492537313494,-0.17105263157894735,-0.1393442622950819,-2.166370788476191,4.072522982635342,0.13223894208846332,-0.7265117303667805,0.12206521819931937,0.13572581955083327,3.8465659955257268,0.06108018849772079,-0.7750965096361331,-0.06716861695670484,-0.07332072956467833
2022-03-08,0.63,0.63,0.55,0.58,9412000.0,5457340.0,,,,-0.07936507936507942,-0.1470588235294119,-0.26582278481012667,-0.20055134390075824,-2.811267904796419,0.8952879581151831,1.8616600790513833,1.7739463601532566,1.4990921142465323,2.412796151197554,0.7993320762642431,1.4114977574512273,1.0720639995140044,0.9999522489384871,1.5562612472698298
2022-03-09,0.59,0.66,0.53,0.58,5585000.0,3162830.0,,,,0.0,-0.1343283582089554,-0.27500000000000013,-0.18881118881118897,-2.2957673978881212,-0.4066085847853803,1.0499174160396403,0.32881275279562217,0.37320835342434266,0.5716524590855052,-0.4204447588019071,0.7436974326630883,-0.057772971555905106,0.10206451681917339,0.1578269453985215
2022-03-10,0.58,0.59,0.53,0.54,8655000.0,4783189.0,,,,-0.06896551724137923,-0.18181818181818177,-0.31645569620253167,-0.23295454545454541,-2.6229179244387466,0.5496866606982991,2.4142011834319526,1.502161022951654,1.0924914082737955,1.6880840180069703,0.5123130234631643,1.8779544046064705,0.7677227250015521,0.6723167330144846,1.0373350296172308
2022-03-11,0.53,0.57,0.52,0.56,3438545.0,1842048.0,,,,0.03703703703703698,-0.1384615384615384,-0.2432432432432432,-0.1901663051337671,-1.903735779124179,-0.6027099942229925,2.5123033707865168,-0.7069870051694366,-0.2178044708287311,-0.33548761853868875,-0.6148912367878417,1.9435091083413232,-0.7921433825740577,-0.3785439698372941,-0.5898559291356956
2022-03-14,0.56,0.56,0.52,0.53,3710000.0,1971500.0,,,,-0.0535714285714286,-0.15873015873015872,-0.3116883116883117,-0.22344322344322343,-2.061494496132918,0.07894472807539232,-0.25291985501409586,-0.23124916209266821,-0.06811736762848963,-0.11918317209871147,0.0702761274407615,-0.34997944266713177,-0.45918410453890335,-0.24552668408327083,-0.48861350865894815
2022-03-15,0.51,0.52,0.485,0.49,6612000.0,3305064.0,,,,-0.07547169811320764,-0.15517241379310343,-0.3466666666666667,-0.26920208799403433,-2.3031800101825755,0.782210242587601,-0.2974925626859328,0.9248908296943232,0.6844196910496096,1.184965263419815,0.6764209992391581,-0.3943818783509915,0.2681446692911573,0.3066669065141421,0.5980329356271264
2022-03-16,0.5,0.54,0.49,0.54,4886000.0,2514102.0,,,,0.10204081632653073,-0.06896551724137923,-0.2894736842105263,-0.17870722433460062,-1.3709160116824701,-0.26104053236539626,-0.12515666965085048,0.1472176567269312,0.19630653212502946,0.34246181086375355,-0.23931820987430197,-0.20510998061862318,-0.2220232145785821,-0.019586207681862255,-0.03838131815674722
2022-03-17,0.55,0.56,0.51,0.53,6507000.0,3464920.0,,,,-0.01851851851851849,-0.01851851851851849,-0.3116883116883117,-0.18020108275328695,-1.3549838652698623,0.3317642243143675,-0.24818024263431537,0.8970845481049563,0.5810622420249842,1.018564899874334,0.3781938839394743,-0.27560462277363496,0.33410339636299224,0.370371500471405,0.7208381356266292
2022-03-18,0.52,0.61,0.51,0.61,10120000.0,5845610.0,,,,0.15094339622641506,0.08928571428571419,-0.18666666666666665,-0.0386130811662726,-0.2896950975900151,0.5552481942523437,1.9431052959900192,6.796610169491525,1.3703356706826133,2.4369682517725204,0.6870836844717916,2.1734297911889375,4.992178690776391,1.2729295068193505,2.4877930760573084
2022-03-21,0.6,0.63,0.55,0.59,4441000.0,2639830.0,,,,-0.032786885245901676,0.1132075471698113,-0.21333333333333337,-0.05976095617529875,-0.4676456450726936,-0.5611660079051384,0.19703504043126685,0.5490059295430765,-0.05722011553883177,-0.10264363930836268,-0.5484081216502641,0.3389956885620087,0.24132661218271245,-0.062341621210246445,-0.12113757860322756
2022-03-22,0.6,0.61,0.58,0.61,2314000.0,1379030.0,,,,0.033898305084745894,0.24489795918367352,-0.17567567567567566,-0.015334947538337307,-0.12641850895094264,-0.4789461832920513,-0.6500302480338778,-0.17709815078236135,-0.5168333163682111,-0.9552655676016929,-0.4776065125405803,-0.5827524066099778,-0.3315155216877048,-0.5145975794363227,-1.0148684568566002
2022-03-23,0.59,0.62,0.59,0.61,5048000.0,3039820.0,,,,0.0,0.12962962962962954,-0.17567567567567566,-0.004893964110930016,-0.04310790734567261,1.1815038893690577,0.03315595579205888,8.69454873680875,0.059538708162467424,0.10853953733257478,1.204317527537472,0.20910766548055726,6.912839081327458,0.08301631705227686,0.15874256231528394
2022-03-24,0.61,0.64,0.6,0.63,3867000.0,2403070.0,,,,0.032786885245901676,0.18867924528301883,-0.125,0.03874690849134366,0.37389946875778357,-0.2339540412044374,-0.4057169202397418,0.057135046473482776,-0.22515914468750364,-0.4652862140680098,-0.2094696396497161,-0.30645729194324833,-0.08524868482158487,-0.18251577710497835,-0.3966096427473557
2022-03-25,0.63,0.63,0.59,0.62,3634000.0,2209440.0,,,,-0.015873015873015928,0.016393442622950838,-0.08823529411764708,0.029900332225913484,0.3142936330963462,-0.060253426428756196,-0.6409090909090909,-0.44502138057422114,-0.27336745247057814,-0.567411877331306,-0.08057609641000885,-0.6220343129288475,-0.5093883786616453,-0.24551146525891454,-0.5300397049290595
2022-03-28,0.6,0.62,0.6,0.62,1505000.0,918290.0,,,,0.0,0.05084745762711873,-0.0746268656716419,0.03505843071786319,0.3855081460678624,-0.5858558062740782,-0.6611123620806125,-0.6568627450980392,-0.690039171943252,-1.3965603305683811,-0.5843788471286842,-0.6521404787429493,-0.6787387305441175,-0.6736354879193703,-1.4441184023254707
2022-03-29,0.62,0.63,0.62,0.63,590000.0,366920.0,,,,0.016129032258064502,0.032786885245901676,-0.07352941176470595,0.05616093880972328,0.642488597644285,-0.6079734219269103,-0.7450302506482283,-0.8206141684402554,-0.87477188983386,-1.640323020432843,-0.6004312363196811,-0.7339289210532041,-0.8378648284394954,-0.8649385535203251,-1.7039281064808343
2022-03-30,0.65,0.68,0.63,0.64,4823000.0,3123160.0,,,,0.015873015873015817,0.049180327868852514,-0.04477611940298509,0.07744107744107742,0.9381484914150086,7.1745762711864405,-0.04457210776545162,0.7702330702881262,0.053873117544272375,0.09264996989765156,7.511828191431375,0.027416097005743767,0.7218269947471254,0.19118973620065183,0.34012965451100036
2022-03-31,0.64,0.66,0.61,0.65,2470070.0,1548771.0,,,,0.015625,0.031746031746031855,-0.015151515151515138,0.09704641350210963,1.2233459618874436,-0.4878561061579929,-0.3612438582880786,-0.025613412228796872,-0.47236254031866365,-0.8422958343570712,-0.5041012948424032,-0.3555031688631626,-0.06813376574148167,-0.42368045638456087,-0.7771563660891156
2022-04-01,0.65,0.65,0.58,0.6,12785000.0,7714630.0,,,,-0.07692307692307698,-0.032258064516129115,-0.07692307692307698,0.013513513513513598,0.17280762553213577,4.175966673009267,2.5181618051733627,12.059244126659857,1.7329291726187859,3.0846110753084712,3.9811301993645287,2.491667571873416,11.327628635346755,1.8767837543977701,3.425080467616759
2022-04-04,0.6,0.61,0.59,0.6,1395000.0,840130.0,,,,0.0,-0.032258064516129115,-0.04761904761904767,0.01781170483460559,0.23699587870046376,-0.8908877590926867,-0.07308970099667778,-0.7190898107128474,-0.735215272593267,-1.2715645077965898,-0.8910991194652239,-0.08511472410676368,-0.7230018915383908,-0.7232889365885438,-1.2397196557748387
2022-04-06,0.61,0.62,0.6,0.62,2652000.0,1610080.0,,,,0.03333333333333344,-0.015873015873015928,0.06896551724137945,0.054421768707483054,0.738024966423275,0.9010752688172043,3.494915254237288,-0.718232044198895,-0.47896618206624975,-0.7697497174395362,0.916465308940283,3.388095497656165,-0.7049698204619833,-0.4498245625545215,-0.7161469899633118
2022-04-07,0.61,0.62,0.6,0.62,2729000.0,1662110.0,,,,0.0,-0.03125,0.06896551724137945,0.05084745762711873,0.6835298930948835,0.02903469079939658,-0.43416960398092475,-0.5113697403760071,-0.42570107635802945,-0.6654815676825363,0.0323151644638775,-0.4678114473802175,-0.4744864567491771,-0.39208631422661255,-0.6094487027091662
2022-04-08,0.62,0.62,0.6,0.6,2841000.0,1714070.0,,,,-0.032258064516129115,-0.07692307692307698,0.11111111111111094,0.013513513513513598,0.18050779866949487,0.0410406742396483,0.15016983324359234,-0.6717504332755633,-0.38360810884035823,-0.5767671626533396,0.031261468855851904,0.1067291420100196,-0.6416470267012238,-0.355391215860399,-0.5333952656662367
2022-04-11,0.61,0.62,0.56,0.58,5922000.0,3422290.0,,,,-0.033333333333333326,-0.033333333333333326,0.03571428571428559,-0.025210084033613467,-0.35201284561549323,1.0844772967265048,-0.5368009385999217,0.7222400753807205,0.3713473505086369,0.5464698289616151,0.9965870705397095,-0.5563896129820873,0.8578723247168369,0.365840264308803,0.5360983110902573
2022-04-12,0.58,0.59,0.57,0.58,2827000.0,1634890.0,,,,0.0,-0.033333333333333326,0.09433962264150941,-0.02684563758389269,-0.38115713903280224,-0.5226274907125972,1.0265232974910394,-0.23800539083557948,-0.3636542587500634,-0.5480483777786702,-0.5222818638981501,0.9459964529299036,-0.17073801673852396,-0.36745975075811765,-0.5540814196298104
2022-04-13,0.56,0.59,0.56,0.58,798896.0,464059.0,,,,0.0,-0.06451612903225812,0.18367346938775508,-0.030910609857978444,-0.4714639360921435,-0.7174050229925717,-0.6987571644042232,-0.8791748336358136,-0.8183668233257817,-1.2136160895163373,-0.7161527686878016,-0.7117789178177483,-0.8595915237950007,-0.8192783905250672,-1.2216395881952895
2022-04-14,0.58,0.58,0.56,0.58,4005000.0,2279270.0,,,,0.0,-0.06451612903225812,0.07407407407407396,-0.03814262023217252,-0.7595923131554588,4.013168172077467,0.46757053865884934,-0.18031109291854275,-0.025013290127829824,-0.034001238102034974,3.9115952928399187,0.3713111647243563,-0.0934059159095375,-0.06038974736630087,-0.08255643613104666
2022-04-19,0.58,0.58,0.55,0.56,1876000.0,1050980.0,,,,-0.0344827586206895,-0.06666666666666654,0.05660377358490565,-0.07438016528925606,-1.6637264232781,-0.5315855181023721,-0.3396691305878212,-0.7116950975872138,-0.5383515552815523,-0.7252743959613412,-0.5388962255458984,-0.386851178773329,-0.6966798656246032,-0.5646348341428062,-0.7680837616181906
2022-04-20,0.56,0.56,0.56,0.56,211000.0,118160.0,,,,0.0,-0.0344827586206895,-0.08196721311475397,-0.07666941467436084,-2.001529157010612,-0.8875266524520256,-0.964370145221209,-0.9791501976284585,-0.9449395003841579,-1.208408283034358,-0.8875715998401492,-0.9654734110785468,-0.9797865406689806,-0.9484765007974238,-1.221015481978201
2022-04-21,0.56,0.56,0.54,0.55,1234000.0,682970.0,,,,-0.017857142857142905,-0.051724137931034364,-0.06779661016949146,-0.08940397350993368,-2.1240824805949257,4.848341232227488,-0.563494870887867,-0.7221346543571268,-0.6301733363187196,-0.7766162687840118,4.780044008124577,-0.5822532402791625,-0.7412825825905456,-0.6596975510102394,-0.8099492664070064
2022-04-22,0.53,0.55,0.53,0.55,1542000.0,823070.0,,,,0.0,-0.051724137931034364,-0.0983606557377048,-0.08637873754152825,-1.855648575402203,0.2495948136142625,0.930163625803609,-0.33362143474503025,-0.5145368661239071,-0.5978936296123463,0.20513346120620235,0.7736322321084173,-0.4031529408352248,-0.5688717290335219,-0.6569185291913049
2022-04-25,0.54,0.54,0.51,0.52,2895000.0,1497030.0,,,,-0.054545454545454564,-0.10344827586206884,-0.14754098360655732,-0.1318864774624373,-2.612035082600015,0.877431906614786,-0.27715355805243447,-0.42650554675118857,-0.07736385356339759,-0.0882169853666769,0.8188367939543417,-0.34319760274122857,-0.5075267614529808,-0.20426150090176576,-0.2304900234167476
2022-04-26,0.51,0.55,0.51,0.52,1347000.0,707720.0,,,,0.0,-0.07142857142857151,-0.17460317460317454,-0.12531539108494538,-2.136850259672201,-0.5347150259067357,-0.28198294243070365,-0.6516679596586501,-0.555459966430792,-0.619943533688655,-0.5272506229000087,-0.32660945022740684,-0.7054933897056681,-0.6077308700762318,-0.6659827044779651
2022-04-27,0.52,0.54,0.52,0.53,502000.0,263850.0,,,,0.019230769230769162,-0.0535714285714286,-0.14516129032258063,-0.10016977928692694,-1.571533075097512,-0.6273199703043801,1.3791469194312795,-0.8618602091359384,-0.8271408374847367,-0.8790982583613635,-0.6271830667495619,1.2329891672308735,-0.8805805996089506,-0.8465454850000175,-0.8781550115224023
2022-04-28,0.54,0.54,0.54,0.54,745000.0,402300.0,,,,0.018867924528301883,-0.018181818181818188,-0.12903225806451601,-0.07613344739093242,-1.1411046156689852,0.48406374501992033,-0.3962722852512156,-0.5049833887043189,-0.7288442362275529,-0.720894403927958,0.5247299602046618,-0.4109550931958944,-0.5619031025057444,-0.7519916035934401,-0.7243097106564648
2022-04-29,0.54,0.56,0.54,0.55,580000.0,319270.0,,,,0.0185185185185186,0.0,-0.12698412698412687,-0.052540913006029255,-0.7767475438554501,-0.2214765100671141,-0.6238651102464332,-0.016949152542372836,-0.7859382307049242,-0.760320039699122,-0.20638826746209293,-0.6120986064368765,-0.12986482066935567,-0.7999966172259624,-0.7514948074200162
2022-05-03,0.55,0.55,0.51,0.53,2815000.0,1468700.0,,,,-0.036363636363636376,0.019230769230769162,-0.171875,-0.0806591500433651,-1.2232607171032015,3.8534482758620694,-0.02763385146804831,-0.41633837860252954,0.03912948191957155,0.037841651436367585,3.600181664421963,-0.018924136456851204,-0.5297391103881965,-0.07857288273934948,-0.07361903959094865
2022-05-04,0.51,0.53,0.51,0.53,698000.0,361730.0,,,,0.0,0.019230769230769162,-0.18461538461538463,-0.07180385288966717,-1.1307443859219084,-0.7520426287744227,-0.48181143281366,-0.7174169153100924,-0.732423347818635,-0.6929811066295595,-0.7537073602505617,-0.48887978296501444,-0.766440616462989,-0.7606367051731469,-0.6913324924258378
2022-05-05,0.53,0.54,0.52,0.54,413000.0,217710.0,,,,0.018867924528301883,0.018867924528301883,-0.09999999999999987,-0.044247787610619316,-0.7763967273070685,-0.4083094555873925,-0.1772908366533864,-0.9676965193586233,-0.8361107729269918,-0.7551858685462804,-0.3981422608022558,-0.17487208641273455,-0.9717795927996546,-0.8500480881337867,-0.7335806180307997
2022-05-06,0.51,0.53,0.51,0.53,516000.0,269870.0,,,,-0.01851851851851849,-0.01851851851851849,-0.11666666666666659,-0.05693950177935947,-1.0140659789807245,0.24939467312348662,-0.3073825503355705,-0.6301075268817204,-0.728620273916811,-0.963070742815282,0.23958476872904333,-0.3291822023365647,-0.6787759037291847,-0.7494288520044833,-0.9658958422046963
2022-05-10,0.52,0.53,0.51,0.53,359000.0,188175.0,,,,0.0,-0.036363636363636376,-0.14516129032258063,-0.051029543419874646,-0.919455556812837,-0.30426356589147285,-0.38103448275862073,-0.8646304675716441,-0.8067237314400945,-1.0207869178741371,-0.3027198280653648,-0.4106085758135747,-0.8831269253701679,-0.8205304316439828,-1.0077786331926888
2022-05-11,0.52,0.54,0.52,0.52,310000.0,163550.0,,,,-0.018867924528301883,-0.018867924528301883,-0.16129032258064513,-0.06137184115523475,-1.2149383806675318,-0.13649025069637888,-0.8898756660746003,-0.8864052766581165,-0.8221247848570583,-0.9603463916000947,-0.1308622293078252,-0.8886430176346429,-0.9016009770713129,-0.8326702210901614,-0.9423921331560755
2022-05-12,0.53,0.53,0.51,0.52,234545.0,121058.0,,,,0.0,-0.018867924528301883,-0.1333333333333333,-0.05282331511839711,-1.195511881296394,-0.24340322580645157,-0.6639756446991404,-0.9174428018303414,-0.855383819709506,-0.921312513101031,-0.25981045551819015,-0.6653360241063777,-0.9293739462215662,-0.8658612149234468,-0.9022499531238245
2022-05-13,0.52,0.53,0.51,0.53,993000.0,511770.0,,,,0.019230769230769162,-0.01851851851851849,-0.08620689655172398,-0.02752293577981657,-0.6854051500982545,3.2337291351339825,1.4043583535108959,-0.8323201621073961,-0.3342371304534184,-0.33069276106802076,3.2274777379437953,1.3506958798401545,-0.8504597798550093,-0.37803874080827615,-0.36138412034493345
2022-05-16,0.52,0.53,0.51,0.53,629000.0,325840.0,,,,0.0,0.0,-0.08620689655172398,-0.02304147465437778,-0.6101287186261907,-0.36656596173212486,0.21899224806201545,-0.7775026529890343,-0.4948083526571816,-0.5650813701585502,-0.36330773589698495,0.20739615370363507,-0.8006960712953165,-0.5189180202880055,-0.5793317945707633
2022-05-17,0.53,0.53,0.52,0.53,358000.0,188130.0,,,,0.0,0.0,-0.08620689655172398,-0.01851851851851849,-0.5365433699894546,-0.43084260731319557,-0.0027855153203342198,-0.5518815966033126,-0.6846293035491845,-0.7533770233673653,-0.4226307390130125,-0.00023913909924277998,-0.5945989626319067,-0.6925247375150383,-0.746963620836558
2022-05-18,0.53,0.54,0.53,0.54,579000.0,311240.0,,,,0.018867924528301883,0.03846153846153855,-0.06896551724137923,0.0046511627906977715,0.15449707678064362,0.6173184357541899,0.8677419354838709,-0.8554307116104869,-0.4798438363628238,-0.5117202319010183,0.6543879232445649,0.9030265973708347,-0.8634475073159389,-0.4795819433126556,-0.4993718684074254
2022-05-19,0.54,0.54,0.52,0.54,493000.0,260480.0,,,,0.0,0.03846153846153855,-0.0357142857142857,0.008403361344537785,0.35258106688326735,-0.14853195164075994,1.101942058027244,-0.7372068230277186,-0.4765494415244409,-0.5639201774860539,-0.16308957717517025,1.1516958813130898,-0.7521551314011684,-0.4786814892601643,-0.571314202768756
2022-05-20,0.53,0.54,0.53,0.54,213000.0,114080.0,,,,0.0,0.018867924528301883,-0.0357142857142857,0.010289990645462987,0.4799590830943014,-0.5679513184584178,-0.7854984894259819,0.009478672985782088,-0.7559235100949406,-0.8565760974320407,-0.5620393120393121,-0.7770873634640562,-0.03452945159106302,-0.7520706868030995,-0.8634303876095331
2022-05-23,0.54,0.64,0.54,0.63,7938000.0,4799580.0,,,,0.16666666666666652,0.18867924528301883,0.14545454545454528,0.18088097469540743,9.766347136425631,36.267605633802816,11.620031796502385,5.432739059967585,8.095104163175655,9.175109085873986,41.07205469845722,13.729867419592438,6.027512189408027,9.435522234336458,10.82287009097663
2022-05-24,0.63,0.63,0.59,0.6,2590000.0,1577620.0,,,,-0.04761904761904767,0.13207547169811318,0.09090909090909083,0.11627906976744184,2.649211488918063,-0.6737213403880071,6.23463687150838,0.6796368352788587,1.1440801140915524,0.7855629450450106,-0.6713004054521438,7.385797055227767,0.9167507016414156,1.3696610921406611,0.8675547785633053
2022-05-25,0.61,0.61,0.58,0.6,1539000.0,913040.0,,,,0.0,0.11111111111111094,0.15384615384615374,0.11111111111111094,2.194744041672589,-0.4057915057915058,1.6580310880829017,-0.46839378238341967,0.22106297935796593,0.1560766426943179,-0.42125480153649164,1.9335560981878936,-0.39009906281103246,0.2978809858317548,0.19577607675910222
2022-05-26,0.6,0.6,0.58,0.59,882000.0,519610.0,,,,-0.01666666666666672,0.09259259259259256,0.13461538461538458,0.08455882352941191,1.5342308068282715,-0.42690058479532167,0.7890466531440161,-0.34521158129175944,-0.2604252680486736,-0.17796927044116204,-0.4309011653377727,0.9948172604422605,-0.2657972079353417,-0.22939187568354746,-0.14654881383567478
2022-05-27,0.6,0.6,0.57,0.58,1501000.0,878680.0,,,,-0.016949152542372947,0.07407407407407396,0.09433962264150941,0.059360730593607025,1.0450726629040785,0.7018140589569162,6.046948356807512,1.9900398406374502,0.28364407825097726,0.18995615586421216,0.6910375089009064,6.702314165497897,2.330225506916809,0.321561487434991,0.20246596606721634
2022-05-30,0.59,0.6,0.58,0.6,505000.0,298760.0,,,,0.034482758620689724,-0.04761904761904767,0.11111111111111094,0.09090909090909083,1.581138830084972,-0.6635576282478348,-0.936381960191484,-0.3221476510067114,-0.5858202061918238,-0.4104491074945966,-0.6599899849774662,-0.9377528867109205,-0.257370121799652,-0.5705136549444658,-0.37701765070103166
2022-05-31,0.6,0.61,0.59,0.61,862000.0,514200.0,,,,0.016666666666666607,0.016666666666666607,0.1090909090909089,0.10307414104882451,1.7056069867400572,0.7069306930693069,-0.6671814671814672,0.4862068965517241,-0.2859966507279086,-0.1979235316694542,0.721113937608783,-0.6740659981491106,0.6105490650546559,-0.25526253263024057,-0.16715068616508594
2022-06-01,0.61,0.61,0.59,0.6,455000.0,274670.0,,,,-0.016393442622950838,0.0,0.13207547169811318,0.07913669064748197,1.2308500163581484,-0.4721577726218097,-0.7043534762833008,-0.8383658969804618,-0.6274697273098873,-0.44037179139296145,-0.4658304161804745,-0.6991698063611671,-0.8129842718049975,-0.6077214057904046,-0.4046063788488066
2022-06-02,0.61,0.61,0.59,0.59,657000.0,391420.0,,,,-0.01666666666666672,0.0,0.1132075471698113,0.05451295799821265,0.8359095712025408,0.44395604395604393,-0.2551020408163265,-0.05873925501432664,-0.40455542290726043,-0.2616161167983446,0.42505552117085954,-0.24670425896345338,0.0820777928289056,-0.3888738092801344,-0.23958433508422722
2022-06-06,0.6,0.6,0.59,0.6,434000.0,257130.0,,,,0.016949152542372836,0.034482758620689724,0.11111111111111094,0.06666666666666665,1.030204229615534,-0.33942161339421617,-0.7108594270486343,0.05084745762711873,-0.6059300267018727,-0.3909890362658908,-0.3430841551274846,-0.7073678699867985,0.18106655642827607,-0.5994698540431885,-0.3703298754855333
2022-06-07,0.6,0.6,0.58,0.6,687000.0,405240.0,,,,0.0,0.0,0.13207547169811318,0.0610079575596818,0.934518574566763,0.5829493087557605,0.3603960396039605,0.3313953488372092,-0.37680136269140174,-0.24343343859703742,0.5760121339400304,0.3564064801178204,0.5016118872049504,-0.3706917429225145,-0.22988163640062187
2022-06-08,0.6,0.6,0.59,0.6,821000.0,488010.0,,,,0.0,-0.016393442622950838,0.13207547169811318,0.054481546572934914,0.844866760873167,0.19505094614264928,-0.047563805104408385,1.286908077994429,-0.26097771028660965,-0.1701789233789107,0.204249333728161,-0.05093348891481919,1.5933838182542845,-0.25003878434085414,-0.15701117886754332
2022-06-09,0.6,0.6,0.59,0.6,120000.0,71510.0,,,,0.0,0.0,0.15384615384615374,0.048034934497816595,0.7615574354888359,-0.853836784409257,-0.7362637362637363,-0.6129032258064516,-0.8941824369740674,-0.597877764127628,-0.8534661174975923,-0.7396512178250264,-0.5627636808315499,-0.8925801112624293,-0.5761231549633302
2022-06-10,0.59,0.61,0.59,0.61,1461000.0,873850.0,,,,0.016666666666666607,0.033898305084745894,0.1730769230769229,0.05810928013876837,0.9744623808243055,11.175,1.223744292237443,5.22908183930589,0.29921262468295007,0.19775920009245654,11.219969235072018,1.2325123907822797,6.218440747410332,0.32180533332607264,0.20576510448561378
2022-06-13,0.59,0.62,0.58,0.6,1954665.0,1176539.0,,,,-0.016393442622950838,0.0,0.13207547169811318,0.03270223752151469,0.5859123597378528,0.3378952772073922,3.5038364055299542,0.9684441087613294,0.6483239870135347,0.45499462716350997,0.34638553527493277,3.575658227355812,1.298960470523868,0.6837936122437005,0.4652739254118636
2022-06-14,0.58,0.59,0.58,0.59,1003000.0,584390.0,,,,-0.01666666666666672,-0.01666666666666672,0.1132075471698113,0.009409751924721821,0.18125187860591252,-0.48686859385112025,0.4599708879184863,0.5945945945945945,-0.18715214133341496,-0.1360342626933383,-0.5032973832571637,0.442083703484355,0.7934876012767003,-0.20163277361741883,-0.14311314360102548
2022-06-15,0.59,0.59,0.56,0.59,2357000.0,1347440.0,,,,0.0,-0.01666666666666672,0.1132075471698113,0.004255319148936065,0.09088932591468775,1.3499501495513462,1.8708891595615103,5.583798882681564,0.8816361452963188,0.6524486814684903,1.3057204948749979,1.761090961250794,6.162281401158773,0.8088653653577396,0.5863782482379792
2022-06-16,0.57,0.66,0.57,0.62,15433000.0,9706110.0,,,,0.05084745762711873,0.03333333333333344,0.14814814814814814,0.04995766299745963,1.2319276395320726,5.547730165464573,127.60833333333332,25.654576856649395,10.410018570021476,8.30185003408082,6.2033708365493085,134.73080688015662,30.185291093689756,11.089200247934158,8.66761472945314
2022-06-17,0.61,0.71,0.61,0.66,12683000.0,8465430.0,,,,0.06451612903225823,0.08196721311475419,0.2222222222222221,0.1101766190075697,3.0272279481473285,-0.17818959372772625,7.681040383299111,24.726166328600407,5.053119548395187,2.971088009286523,-0.12782463829484725,8.687509297934428,31.49934735872236,5.651980667096516,3.222499267304568
2022-06-20,0.66,0.66,0.63,0.64,4057000.0,2600140.0,,,,-0.030303030303030276,0.06666666666666665,0.18518518518518512,0.06577851790174849,1.7669587525705532,-0.6801229992903888,1.075547472329018,18.046948356807512,0.4999353460207949,0.3180767225921565,-0.6928519874359602,1.2099904890530615,21.79225105189341,0.5450670759210132,0.33552360494257294
2022-06-21,0.65,0.67,0.63,0.67,2882000.0,1865380.0,,,,0.046875,0.13559322033898313,0.06349206349206349,0.10652353426919925,3.385862986797015,-0.28962287404486076,1.8733798604187437,-0.636936255983875,-0.005172018167519554,-0.003551021316198444,-0.28258478389625175,2.192012183644484,-0.6113451593681114,0.032211468720583225,0.021438895113522042
2022-06-22,0.68,0.68,0.63,0.64,3655000.0,2376010.0,,,,-0.04477611940298509,0.0847457627118644,0.06666666666666665,0.05349794238683114,1.3908045690895388,0.2682165163081194,0.5507000424268138,0.41119691119691115,0.3822793862717344,0.24961269812169623,0.2737404711104441,0.7633512438401711,0.5060724382297386,0.430936136944589,0.2728270591664034
2022-06-23,0.66,0.67,0.63,0.66,3203988.0,2090942.0,,,,0.03125,0.06451612903225823,0.10000000000000009,0.08285479901558679,2.071214419659552,-0.12339589603283174,-0.7923937018078144,1.0818635477582847,0.18779139391123034,0.12489675393557204,-0.11997760952184544,-0.7845746648245281,1.290088057478314,0.22969249277785564,0.14864621571304637
2022-06-24,0.66,0.66,0.64,0.66,1121000.0,730050.0,,,,0.0,0.0,0.1186440677966103,0.07755102040816331,1.7770534512770848,-0.6501235335463179,-0.9116139714578569,0.2709750566893423,-0.5968615836114919,-0.4100170197331693,-0.6508511474732441,-0.9137610257246236,0.40499605473335776,-0.585027463474189,-0.3925197105269489
2022-06-27,0.66,0.67,0.65,0.67,1355000.0,883400.0,,,,0.015151515151515138,0.046875,0.15517241379310365,0.087662337662338,1.9167694971078966,0.20874219446922382,-0.6660093665269904,-0.09726848767488339,-0.5147947582722704,-0.35564832665659646,0.21005410588315865,-0.6602490635119647,0.005371693904493213,-0.5008461572994003,-0.3386710831263093
2022-06-28,0.67,0.67,0.65,0.66,1821000.0,1209520.0,,,,-0.014925373134328401,-0.014925373134328401,0.10000000000000009,0.06365834004834836,1.348797380079179,0.34391143911439115,-0.368147120055517,2.605940594059406,-0.34621812586729983,-0.23840860768018796,0.3691645913515962,-0.35159592147444485,3.048466996920605,-0.31666735450770767,-0.21416523463962195
2022-06-29,0.66,0.67,0.65,0.66,1111000.0,732720.0,,,,0.0,0.03125,0.08196721311475419,0.05854049719326393,1.2111897396109121,-0.3898956617243273,-0.6960328317373461,0.2888631090487239,-0.6103303015382325,-0.4332535991343785,-0.3942059660030425,-0.6916174595224768,0.424970828471412,-0.5964240522826714,-0.41678551415775716
2022-06-30,0.66,0.66,0.64,0.65,873000.0,565690.0,,,,-0.015151515151515138,-0.015151515151515138,0.08333333333333348,0.03833865814696491,0.7737487251789034,-0.21422142214221418,-0.7275270693897731,0.9186813186813187,-0.6951371387866175,-0.49636495788933627,-0.22795883830112462,-0.7294568668093138,1.0595259766264973,-0.6902865956302482,-0.48627350880326103
2022-07-04,0.65,0.66,0.64,0.66,1047000.0,677880.0,,,,0.01538461538461533,0.0,0.1186440677966103,0.05011933174224348,1.0218534319778767,0.19931271477663226,-0.06601248884924171,0.5936073059360731,-0.6370232977480381,-0.4595799564546241,0.1983241704820662,-0.07146085884528453,0.7318481426600583,-0.6317962823363381,-0.45006751865738126
2022-07-05,0.66,0.71,0.65,0.68,5847000.0,4008390.0,,,,0.030303030303030276,0.014925373134328401,0.13333333333333353,0.07594936708860756,1.589805862042829,4.584527220630372,3.3151291512915133,12.472350230414747,1.013441781410092,0.7380274707906885,4.913126217029562,3.5374575503735564,14.588962781472407,1.1604273284606101,0.8355563525218634
2022-07-06,0.68,0.68,0.65,0.67,1441343.0,961116.0,,,,-0.014705882352941235,0.015151515151515138,0.1166666666666667,0.053459119496855445,1.0961440273367589,-0.7534901658970412,-0.20848819330038437,1.0980247452692868,-0.5459811704513277,-0.43387528128632197,-0.7602239303061828,-0.2053740326741187,1.3717204619484749,-0.5295408870794307,-0.4175635860789275
2022-07-07,0.67,0.67,0.65,0.66,219000.0,144450.0,,,,-0.014925373134328401,0.0,0.10000000000000009,0.0320562939796718,0.6679820775154424,-0.8480583733365341,-0.8028802880288028,-0.7332521315468941,-0.9318256062898256,-0.7532931860866879,-0.8497059668135792,-0.8028578447428758,-0.7040019671728038,-0.9302418521505393,-0.7480035730702155
2022-07-08,0.65,0.67,0.65,0.67,704000.0,463050.0,,,,0.015151515151515138,0.030769230769230882,0.1166666666666667,0.04280155642023353,0.9310708410272586,2.2146118721461185,-0.1935853379152348,4.866666666666666,-0.7787728669194982,-0.6203416935131395,2.205607476635514,-0.1814421326168043,5.475318137323451,-0.7745121936165257,-0.6146963825320297
2022-07-11,0.66,0.66,0.64,0.65,903000.0,584290.0,,,,-0.02985074626865669,-0.015151515151515138,0.06557377049180335,0.006191950464396356,0.14105065741828682,0.2826704545454546,-0.13753581661891112,-0.38193018480492813,-0.718818584677861,-0.5809625853935914,0.2618291761148903,-0.13806278397356464,-0.3313612176002746,-0.7181597625439684,-0.5786133004860884
2022-07-12,0.65,0.65,0.62,0.64,721000.0,456000.0,,,,-0.015384615384615441,-0.05882352941176472,0.06666666666666665,-0.012345679012345734,-0.2955610289587505,-0.20155038759689925,-0.8766889002907474,-0.6311388396477146,-0.7735232538218815,-0.617434144529977,-0.21956562665799517,-0.8862386145060736,-0.6124225376294368,-0.7784952771282748,-0.6209368761463582
2022-07-13,0.62,0.64,0.62,0.64,975348.0,612109.0,,,,0.0,-0.04477611940298509,0.0847457627118644,-0.015384615384615441,-0.4047136067003954,0.3527711511789182,-0.3233061110367206,-0.02756929212362913,-0.6875753705743763,-0.5342525550973569,0.34234429824561396,-0.36312682340112956,0.047432365372439556,-0.6973682499613496,-0.5427251292259968
2022-07-14,0.62,0.63,0.61,0.63,878000.0,544900.0,,,,-0.015625,-0.045454545454545525,0.06779661016949157,-0.03448275862068961,-1.0982316935266108,-0.09980847861481235,3.0091324200913245,-0.6274925753075944,-0.7186333869783244,-0.5580303809977176,-0.10979907173395587,2.772239529248875,-0.5956035148132756,-0.7307814105379191,-0.5692938009387901
2022-07-15,0.61,0.62,0.59,0.61,1357000.0,822050.0,,,,-0.031746031746031744,-0.08955223880597019,-0.016129032258064502,-0.06799083269671502,-2.893156744989472,0.5455580865603644,0.9275568181818181,-0.9120715350223547,-0.5545757827514117,-0.417491790004918,0.5086254358597908,0.7752942446819997,-0.9153059258549512,-0.5856349796763043,-0.444246182873982
2022-07-18,0.59,0.61,0.59,0.61,1214000.0,723470.0,,,,0.0,-0.06153846153846154,-0.0757575757575758,-0.06727828746177378,-2.639444385980098,-0.10537951363301401,0.34440753045404215,-0.9042813214539147,-0.48180202024220464,-0.40080005776494554,-0.11991971291283987,0.23820363175820236,-0.9145383046106341,-0.5301153811044059,-0.432316935719812
2022-07-19,0.6,0.61,0.6,0.61,513000.0,310650.0,,,,0.0,-0.046875,-0.046875,-0.06369915579432095,-2.1536562618313404,-0.5774299835255354,-0.2884882108183079,-0.8735518856297757,-0.7100521937137337,-0.8829419522088603,-0.5706110826986606,-0.31875,-0.8805256640027075,-0.7304737376308247,-0.8790753196400053
2022-07-20,0.6,0.6,0.58,0.59,2411000.0,1423990.0,,,,-0.032786885245901676,-0.07812500000000011,-0.11940298507462699,-0.09230769230769242,-2.8201929671751054,3.699805068226121,1.471938221024701,-0.16342817487855654,0.5143673799362152,0.6105488253800191,3.5839047159182362,1.326366709197218,-0.23662202875553506,0.3717227672947978,0.42343859125246214
2022-07-21,0.59,0.61,0.59,0.61,532000.0,318350.0,,,,0.033898305084745894,-0.031746031746031744,-0.046875,-0.05572755417956665,-1.4645640085683824,-0.7793446702613024,-0.39407744874715267,-0.8544459644322846,-0.6608297831232789,-0.7844054001280134,-0.7764380367839662,-0.41576436043310694,-0.8660148736747741,-0.6866738248927435,-0.7791570660868168
2022-07-22,0.6,0.6,0.57,0.58,2789000.0,1620530.0,,,,-0.049180327868852514,-0.049180327868852514,-0.12121212121212133,-0.1000775795190072,-2.495285037876467,4.242481203007519,1.055268975681651,-0.12952233279275704,0.9746755122783717,1.1064652220873339,4.090403643788283,0.9713277781156864,-0.2249761112455534,0.7746574949801559,0.8342713013494233
2022-07-25,0.58,0.58,0.55,0.55,3334000.0,1858580.0,,,,-0.051724137931034364,-0.0983606557377048,-0.16666666666666663,-0.14129586260733806,-3.090282604991392,0.19541054141269276,1.7462932454695221,1.9741302408563781,1.3957439113594874,1.5975464086545628,0.14689638575034092,1.5689800544597565,1.5458256283816176,1.0891600752110215,1.182280002818995
2022-07-26,0.55,0.56,0.54,0.55,1625000.0,892590.0,,,,0.0,-0.0983606557377048,-0.17910447761194026,-0.13385826771653542,-2.4169173262040404,-0.5125974805038992,2.1676413255360623,0.19926199261992616,0.08168588966717394,0.09524282706730411,-0.519746257895813,1.8732979237083534,0.010402988453701578,-0.05651537288857145,-0.06316924088916663
2022-07-27,0.55,0.55,0.53,0.54,1077000.0,581230.0,,,,-0.018181818181818188,-0.08474576271186429,-0.18181818181818177,-0.14149443561208275,-2.2867643460639044,-0.3372307692307692,-0.5532973869763584,-0.4085667215815486,-0.2894768587000046,-0.340608228058012,-0.3488275692087073,-0.5918299988061714,-0.5194539982803095,-0.3859270773217047,-0.4315909103737032
2022-07-28,0.54,0.55,0.53,0.54,1424000.0,766310.0,,,,0.0,-0.11475409836065564,-0.18181818181818177,-0.1332263242375601,-1.9332891872839553,0.3221912720519964,1.6766917293233083,0.2817281728172818,-0.03691675934257532,-0.042323379532660715,0.31842816096897963,1.4071305167268728,0.0458428867780325,-0.16259585341192928,-0.1755127207711259
2022-07-29,0.54,0.54,0.53,0.54,557000.0,297630.0,,,,0.0,-0.06896551724137923,-0.16923076923076918,-0.12479740680713125,-1.6819647811006215,-0.6088483146067416,-0.8002868411617067,-0.3619702176403208,-0.6272338904223571,-0.7282869534640336,-0.6116062690034059,-0.8163378647726361,-0.4738637769803249,-0.6753533081092136,-0.730641556950108
2022-08-01,0.55,0.55,0.52,0.53,815000.0,432920.0,,,,-0.01851851851851849,-0.036363636363636376,-0.19696969696969702,-0.13327882256745704,-1.6925316803007615,0.4631956912028725,-0.7555488902219556,-0.22158548233046804,-0.4487412378180692,-0.5115805403704973,0.4545576722776601,-0.7670694831538056,-0.361361892960406,-0.5207765960714684,-0.5500275818769753
2022-08-02,0.52,0.53,0.5,0.52,2830000.0,1445250.0,,,,-0.018867924528301883,-0.054545454545454564,-0.23529411764705888,-0.14049586776859502,-1.7000000000002617,2.4723926380368098,0.7415384615384615,-0.5159911065503677,0.9293246126497361,1.047040075803302,2.338376605377437,0.6191644540046382,-0.6394437666993481,0.6218167882865608,0.6439709978575688
2022-08-03,0.52,0.52,0.5,0.51,218000.0,112450.0,,,,-0.019230769230769273,-0.05555555555555558,-0.23880597014925375,-0.14572864321608048,-1.7341683958298473,-0.9229681978798586,-0.797585886722377,-0.848752170718559,-0.8343445597442615,-1.2602465038290231,-0.9221933921466874,-0.8065309774099754,-0.8830005951414813,-0.8526160648489315,-1.3628237019426745
2022-08-04,0.51,0.52,0.5,0.52,418000.0,213440.0,,,,0.019607843137254832,-0.03703703703703709,-0.21212121212121215,-0.11714770797962659,-1.361773859449889,0.9174311926605505,-0.7064606741573034,0.908675799086758,-0.6668838031732744,-0.9253778581668387,0.8980880391285015,-0.7214704231968785,0.4776047075112495,-0.7037777017082814,-1.0220808428696955
2022-08-05,0.52,0.52,0.5,0.52,222000.0,113870.0,,,,0.0,-0.03703703703703709,-0.22388059701492535,-0.10652920962199319,-1.2397390297773925,-0.4688995215311005,-0.6014362657091562,-0.6846590909090908,-0.8244736542070897,-1.1672821076202546,-0.46650112443778113,-0.6174108792796424,-0.754087031638052,-0.842718702599879,-1.2396964564823731
2022-08-08,0.51,0.54,0.51,0.54,522000.0,274170.0,,,,0.03846153846153855,0.018867924528301883,-0.16923076923076918,-0.06005221932114879,-0.7295028262151628,1.3513513513513513,-0.35950920245398776,-0.4219269102990033,-0.5792587118836201,-0.7850163304754311,1.4077456748924213,-0.3666959253441744,-0.5307638330281196,-0.6119487843729877,-0.8513717594786102
2022-08-09,0.52,0.53,0.51,0.53,224000.0,117260.0,,,,-0.01851851851851849,0.019230769230769162,-0.171875,-0.06854130052724083,-0.8792689944990413,-0.5708812260536398,-0.9208480565371024,-0.6893203883495146,-0.8166365344828913,-1.0764437478320361,-0.5723091512565197,-0.9188652482269504,-0.7428508771929825,-0.8303099116102187,-1.1110197903960737
2022-08-10,0.54,0.56,0.53,0.56,1497000.0,808060.0,,,,0.05660377358490565,0.0980392156862746,-0.12499999999999989,-0.006211180124223503,-0.08365971268592313,5.683035714285714,5.86697247706422,0.534836796712558,0.2508696343165766,0.31692293167553526,5.891181988742964,6.185949310804802,0.32012435693642805,0.19874654245528545,0.2528153543942146
2022-08-11,0.55,0.56,0.54,0.55,450180.0,245509.0,,,,-0.017857142857142905,0.05769230769230771,-0.12698412698412687,-0.016979445933869686,-0.2515682496673168,-0.6992785571142285,0.07698564593301427,-0.48726651480637817,-0.6318599991822382,-0.8149666811757995,-0.6961747890008168,0.15024831334332833,-0.5494420994677922,-0.6410083566681533,-0.826302275993124
2022-08-12,0.54,0.56,0.54,0.54,693000.0,376570.0,,,,-0.018181818181818188,0.03846153846153855,-0.11475409836065564,-0.027902790279027867,-0.456600122723835,0.5393842463014793,2.1216216216216215,-0.4893146647015475,-0.42320129109690796,-0.5290781324340601,0.5338337902072836,2.3070167735136557,-0.5419135089106502,-0.43704394927639956,-0.5425715169670652
2022-08-15,0.55,0.56,0.53,0.54,623000.0,335960.0,,,,0.0,0.0,-0.11475409836065564,-0.021739130434782594,-0.38027474211777684,-0.101010101010101,0.19348659003831425,-0.4868204283360791,-0.46672784031623127,-0.5639692925566414,-0.10784183551530924,0.22537112010796223,-0.5356269092014873,-0.48045396718691635,-0.5738982491410654
2022-08-16,0.55,0.55,0.53,0.55,712000.0,385630.0,,,,0.0185185185185186,0.037735849056603765,-0.0983606557377048,0.0027347310847767314,0.05259367941923364,0.1428571428571428,2.1785714285714284,0.3879142300194931,-0.3747305062136156,-0.43794013267454374,0.14784498154542214,2.288674739894252,0.24136488009013357,-0.38522089394458603,-0.4430613709674061
2022-08-17,0.55,0.55,0.53,0.54,265000.0,143400.0,,,,-0.018181818181818188,-0.0357142857142857,-0.08474576271186429,-0.010082493125572745,-0.22360679775016087,-0.627808988764045,-0.8229792919171677,-0.8900871007880548,-0.769296196695451,-0.9122790884272994,-0.6281409641366076,-0.8225379303517065,-0.8992970456253204,-0.7727470640751063,-0.8974382399747339
2022-08-18,0.54,0.55,0.52,0.55,1107000.0,589380.0,,,,0.0185185185185186,0.0,-0.0983606557377048,0.012891344383057168,0.31437600379546876,3.1773584905660375,1.459016393442623,1.0808270676691731,0.06303397771565811,0.06984074502129171,3.1100418410041843,1.4006451901966934,0.851358567614261,0.039497574408655645,0.04307259713356122
2022-08-19,0.55,0.55,0.54,0.55,419000.0,227900.0,,,,0.0,0.0185185185185186,-0.051724137931034364,0.0185185185185186,0.6291528696071622,-0.6214995483288166,-0.3953823953823954,-0.8497669415561133,-0.6084511017101997,-0.6984430385591045,-0.6133224744646917,-0.3948004355099981,-0.8593669972169599,-0.6074323951300602,-0.6825772010162665
2022-08-22,0.54,0.56,0.54,0.56,382000.0,208220.0,,,,0.0181818181818183,0.03703703703703698,0.0181818181818183,0.03992571959145774,1.6426300517643209,-0.08830548926014314,-0.3868378812199037,-0.8854229154169166,-0.5985746246620198,-0.6707885680164979,-0.08635366388767007,-0.3802238361709728,-0.8879682338129109,-0.5924490529509913,-0.6582954011069446
2022-08-23,0.55,0.57,0.54,0.55,785000.0,435320.0,,,,-0.017857142857142905,0.0,0.0,0.020408163265306145,0.8013605748682667,1.0549738219895288,0.1025280898876404,-0.5169230769230769,-0.023642770167995653,-0.02945462194696828,1.0906733262895014,0.12885408292923262,-0.512295678867117,0.01618289704798781,0.020579312637900953
2022-08-24,0.55,0.55,0.54,0.55,287000.0,155210.0,,,,0.0,0.0185185185185186,0.0185185185185186,0.020408163265306367,0.8013605748682748,-0.6343949044585988,0.08301886792452828,-0.7335190343546889,-0.6233640285088496,-0.7713951526269539,-0.6434576862997335,0.08235704323570436,-0.7329628546358584,-0.6172605834994456,-0.7853344232409296
2022-08-25,0.55,0.55,0.54,0.55,314000.0,172400.0,,,,0.0,0.0,0.0185185185185186,0.019462465245597693,0.7529374141750883,0.0940766550522647,-0.7163504968383017,-0.7794943820224719,-0.5654033375362798,-0.6590613389534958,0.11075317312028865,-0.7074892259662696,-0.7750257728595478,-0.551302180153476,-0.6606975947873921
2022-08-26,0.54,0.55,0.53,0.55,485000.0,261160.0,,,,0.0,0.0,0.0185185185185186,0.0185185185185186,0.7071067811883449,0.5445859872611465,0.15751789976133646,-0.12926391382405744,-0.27287337951961665,-0.3017448777545647,0.5148491879350348,0.1459412022817026,-0.12253469072338141,-0.2633574635758106,-0.3005026307070658
2022-08-29,0.51,0.55,0.5,0.52,1399000.0,728760.0,,,,-0.054545454545454564,-0.07142857142857151,-0.018867924528301883,-0.037927844588344084,-1.4317821063311753,1.8845360824742268,2.662303664921466,0.7165644171779142,1.1088046740396948,1.217677059772566,1.7904732730892938,2.499951973873787,0.6833595121500509,1.0662087850164421,1.2085521477429515
2022-08-30,0.52,0.54,0.51,0.54,1272000.0,659630.0,,,,0.03846153846153855,-0.018181818181818188,0.03846153846153855,0.0,0.0,-0.09077912794853471,0.6203821656050956,-0.550530035335689,0.8365340329103435,0.9262247212406994,-0.09485976178714528,0.5152761187172654,-0.5435876145995502,0.7949313455019027,0.9071954535038643
2022-08-31,0.52,0.54,0.52,0.53,245000.0,128090.0,,,,-0.01851851851851849,-0.036363636363636376,0.03921568627450989,-0.020332717190388205,-0.7798724627810336,-0.8073899371069182,-0.14634146341463417,0.12385321100917435,-0.6014374281163932,-0.918161549805412,-0.8058153813501509,-0.17473100959989696,0.13908403734993335,-0.6097374601613973,-0.9389306997905247
2022-09-01,0.52,0.53,0.51,0.51,844000.0,432340.0,,,,-0.037735849056603765,-0.07272727272727275,-0.019230769230769273,-0.05904059040590415,-2.581281406331723,2.4448979591836735,1.6878980891719744,1.0191387559808613,0.3699986527264434,0.5679991378658847,2.3752830041377155,1.5077726218097447,1.0255809595202399,0.3141155259949977,0.48669764037698116
2022-09-02,0.51,0.52,0.51,0.52,714000.0,365470.0,,,,0.019607843137254832,-0.054545454545454564,0.0,-0.03970452446906736,-1.5943777849048821,-0.15402843601895733,0.47216494845360835,2.2162162162162162,0.1202477724484945,0.19086535195998122,-0.15466993569875565,0.39941032317353353,2.2095371915342055,0.07509532142178976,0.12058255338271814
2022-09-05,0.52,0.52,0.485,0.5,3140000.0,1561515.0,,,,-0.03846153846153855,-0.03846153846153855,-0.07407407407407418,-0.07663896583564189,-3.077519910397808,3.397759103641457,1.2444603288062903,5.015325670498084,3.743496198405037,6.3595932459685764,3.2726215558048537,1.1427013008397826,4.6954261954261955,3.4295539611079535,5.899477195157074
2022-09-06,0.51,0.51,0.49,0.51,221000.0,109030.0,,,,0.020000000000000018,-0.05555555555555558,-0.037735849056603765,-0.0546802594995367,-1.8014687062287986,-0.9296178343949044,-0.8262578616352201,-0.013392857142857095,-0.7212619141612822,-0.8468903089858556,-0.9301767834442832,-0.8347103679335385,-0.0701859116493263,-0.7384676791819025,-0.9108315930333746
2022-09-07,0.495,0.5,0.43,0.47,7056000.0,3251845.0,,,,-0.07843137254901966,-0.1132075471698114,-0.1607142857142858,-0.1272051996285981,-3.9021496626606837,30.92760180995475,27.8,3.713426853707415,7.901122606151816,9.273742712816496,28.82523158763643,24.38718869544851,3.024261812241665,6.807969070132686,8.379074029523304
2022-09-08,0.47,0.5,0.465,0.485,1854000.0,887065.0,,,,0.03191489361702127,-0.0490196078431373,-0.11818181818181828,-0.09176029962546828,-2.1708769222551196,-0.7372448979591837,1.1966824644549763,3.118352658936425,0.7316437820071564,0.5042405862772974,-0.7272117828494286,1.051776379701161,2.613166930743883,0.6467782179693782,0.48602821581546385
2022-09-09,0.485,0.49,0.48,0.49,503000.0,243460.0,,,,0.010309278350515427,-0.05769230769230771,-0.09259259259259267,-0.0767781441356572,-1.6482313753449007,-0.7286947141316074,-0.2955182072829131,-0.2741702741702742,-0.5591006705526581,-0.41000608610316736,-0.7255443513158562,-0.3338440911702739,-0.3534800966619752,-0.573434534439432,-0.45622730579677145
2022-09-13,0.49,0.51,0.49,0.49,305000.0,150900.0,,,,0.0,-0.020000000000000018,-0.09259259259259267,-0.07240889730241384,-1.458727967620019,-0.3936381709741551,-0.9028662420382165,-0.5104333868378812,-0.7304105714411986,-0.5299956801930834,-0.3801856567814015,-0.903363080085686,-0.5508393856411478,-0.7324891406811954,-0.5739684271070313
2022-09-14,0.485,0.52,0.48,0.495,945000.0,462110.0,,,,0.010204081632652962,-0.02941176470588236,-0.10000000000000009,-0.058487874465049994,-1.1222899177756338,2.098360655737705,3.276018099547511,0.327247191011236,-0.15280828365233767,-0.10882848421290268,2.0623591782637507,3.2383747592405756,0.1983248191271425,-0.16712363332424662,-0.12804932168792252
2022-09-15,0.495,0.51,0.49,0.51,658000.0,330430.0,,,,0.030303030303030276,0.08510638297872353,-0.05555555555555558,-0.0248565965583174,-0.471070477327811,-0.3037037037037037,-0.9067460317460317,1.4830188679245282,-0.41620086948806667,-0.2999491120435899,-0.2849537988790548,-0.8983869157355286,1.3042538354253836,-0.4085313927382519,-0.31549408517992833
2022-09-16,0.49,0.51,0.48,0.495,816985.0,401667.0,,,,-0.02941176470588236,0.020618556701030855,-0.10000000000000009,-0.0508149568552253,-0.9657811915919662,0.2416185410334346,-0.5593392664509169,-0.2619828364950316,-0.287564857205145,-0.21207116906818013,0.21558877825863276,-0.5471955268215971,-0.3184923139570396,-0.2928544171841515,-0.23137168621959991
2022-09-19,0.49,0.495,0.475,0.485,534000.0,257585.0,,,,-0.02020202020202022,-0.010204081632653073,-0.11818181818181828,-0.06506024096385554,-1.2413922585771011,-0.34637722846808694,0.06163021868787277,0.27446300715990457,-0.5283723968022058,-0.38430242376656343,-0.3587100757592733,0.05801774418795702,0.13025449758666086,-0.5388955152650404,-0.41818154947363095
2022-09-20,0.485,0.5,0.485,0.5,400000.0,194525.0,,,,0.030927835051546504,0.020408163265306145,-0.1071428571428572,-0.030067895247332777,-0.5711130017224869,-0.25093632958801493,0.3114754098360655,0.04712041884816753,-0.6485059194898415,-0.47485659063934477,-0.2448123920259332,0.28909874088800525,-0.06577177984823745,-0.6527023648107912,-0.5083265809484964
2022-09-21,0.485,0.49,0.48,0.49,1047000.0,503060.0,,,,-0.020000000000000018,-0.010101010101010055,-0.10909090909090913,-0.04390243902439017,-0.8925154625736591,1.6175000000000002,0.107936507936508,0.3337579617834394,-0.08069129029631028,-0.05914879131647212,1.5860943323480274,0.08861526476380077,0.15560966645226504,-0.10075620422090081,-0.07833419354161472
2022-09-22,0.485,0.485,0.47,0.475,213000.0,101140.0,,,,-0.030612244897959218,-0.06862745098039225,-0.13636363636363646,-0.06771344455348394,-1.4341622231829643,-0.7965616045845272,-0.6762917933130699,-0.2578397212543554,-0.8151040462916967,-0.6051584869736155,-0.7989504234087386,-0.693913990860394,-0.3483667289478771,-0.8202954233789365,-0.6420168624065336
2022-09-23,0.455,0.49,0.455,0.47,608000.0,285050.0,,,,-0.010526315789473717,-0.0505050505050505,-0.14545454545454561,-0.07068709836875942,-1.538153981700592,1.8544600938967135,-0.25580029009100536,0.9363057324840764,-0.4705212948628156,-0.3477016704371178,1.8183705754399844,-0.29033253914312107,0.6534222737819027,-0.49108129112703225,-0.38159724241893045
2022-09-26,0.47,0.48,0.455,0.475,224000.0,105130.0,,,,0.010638297872340496,-0.020618556701030966,-0.13636363636363646,-0.05331340308918797,-1.2114546847132646,-0.631578947368421,-0.5805243445692884,-0.5381443298969072,-0.8073945447514261,-0.606987247616449,-0.631187510962989,-0.5918628802142982,-0.5974498391790473,-0.8141731136617848,-0.6414704941194068
2022-09-27,0.46,0.48,0.45,0.455,1267000.0,581915.0,,,,-0.042105263157894646,-0.08999999999999997,-0.125,-0.08634538152610449,-2.183290434982911,4.65625,2.1675,-0.09435310936383134,0.10178775280735208,0.07531794304034935,4.535194521069153,1.9914663924945382,-0.20149980789285915,0.042970383379864696,0.033189050227486916
2022-09-28,0.455,0.455,0.39,0.39,4882000.0,2056315.0,,,,-0.1428571428571429,-0.20408163265306123,-0.2777777777777778,-0.211723092470945,-4.945560059859835,2.8531965272296764,3.662846227316141,2.838050314465409,3.2699114028368843,2.4069777325904598,2.5337033759226,3.0876138035224425,2.1173764079862956,2.734694932063393,2.0875288902042537
2022-09-29,0.4,0.405,0.36,0.385,3887000.0,1500000.0,,,,-0.012820512820512886,-0.18947368421052624,-0.2735849056603774,-0.2098512057465366,-3.4884311005112565,-0.2038099139696845,17.248826291079812,14.86530612244898,1.936134911131309,1.4527069892872022,-0.27053977625023407,13.830927427328456,10.71051604340698,1.4176698787828679,1.1048000424790068
2022-09-30,0.37,0.375,0.36,0.375,4677000.0,1701510.0,,,,-0.025974025974025983,-0.202127659574468,-0.26470588235294124,-0.21875,-2.960514203896508,0.20324157447903257,6.692434210526316,4.541469194312796,2.1056823462012417,1.7292539313483393,0.1343399999999999,4.969163304683389,2.9355831058888837,1.4694366379518033,1.2492788158556163
2022-10-03,0.405,0.405,0.345,0.355,4326000.0,1558140.0,,,,-0.053333333333333344,-0.25263157894736843,-0.3173076923076924,-0.2498679344955098,-2.8325251004643497,-0.07504810776138549,18.3125,5.0588235294117645,1.548304613117613,1.3430113136786044,-0.08426045101116064,13.821078664510607,3.2633868716994554,1.0706561888651498,0.9608278143897245
2022-10-05,0.36,0.38,0.355,0.365,1553000.0,563545.0,,,,0.028169014084507005,-0.19780219780219788,-0.27,-0.21505376344086014,-2.0887320023710982,-0.6410078594544614,0.2257300710339385,-0.5054140127388536,-0.1731441698744156,-0.16043680867108626,-0.6383219736352317,-0.03156818435682185,-0.6391036909667855,-0.3060812717732708,-0.29181185389822234
2022-10-06,0.365,0.375,0.355,0.365,388000.0,140400.0,,,,0.0,-0.06410256410256421,-0.28431372549019607,-0.2034915439170757,-1.792610765434249,-0.7501609787508049,-0.9205243752560426,0.755656108597285,-0.7843065504238335,-0.703342766746597,-0.7508628414767232,-0.9317225230570219,0.28771897642850597,-0.8158014780750624,-0.7449813076300257
2022-10-07,0.36,0.375,0.36,0.365,293000.0,106210.0,,,,0.0,-0.051948051948051965,-0.22340425531914887,-0.19068736141906872,-1.5787476458018588,-0.2448453608247423,-0.9246205299717005,-0.9584750566893424,-0.8378706719804139,-0.7573484403545281,-0.24351851851851847,-0.9291933333333333,-0.9673385416586584,-0.8609433802188456,-0.7890166813322467
2022-10-10,0.365,0.375,0.34,0.345,3738000.0,1312770.0,,,,-0.0547945205479452,-0.08000000000000007,-0.2886597938144331,-0.22602355580482347,-1.7515466680765412,11.757679180887372,-0.2007697241821681,1.016181229773463,1.5445028476751204,1.4215169280899023,11.360135580453818,-0.22846765520038081,0.47990282561029907,1.1644732215749558,1.168228558546764
2022-10-11,0.345,0.35,0.32,0.34,2041000.0,672190.0,,,,-0.014492753623188248,-0.042253521126760396,-0.30612244897959173,-0.2250712250712249,-1.621207476016492,-0.45398608881754954,-0.5282015718908923,3.0576540755467194,0.3056139320073239,0.28543415609745765,-0.48796057192044306,-0.5685946063896697,1.760987431200197,0.0707189996194606,0.07135553198432419
2022-10-12,0.33,0.355,0.31,0.33,1890375.0,617950.0,,,,-0.02941176470588236,-0.09589041095890405,-0.3265306122448979,-0.23478260869565215,-1.5957279657978598,-0.07379960803527685,0.21724082421120405,5.197950819672132,0.15256279268487294,0.15094327101489186,-0.08069147116142761,0.09654064892776981,3.095096090125911,-0.04817956544187141,-0.05081114553636852
2022-10-13,0.34,0.355,0.33,0.33,1789000.0,609895.0,,,,0.0,-0.09589041095890405,-0.33333333333333326,-0.22031896042528054,-1.4193264818675386,-0.0536269258744958,3.610824742268041,0.8931216931216932,0.040468344521227495,0.04273595005047088,-0.013035035197022427,3.3439814814814817,0.3198048083789573,-0.09320364012066329,-0.10370688755897672
2022-10-14,0.33,0.34,0.32,0.325,1583000.0,526520.0,,,,-0.015151515151515138,-0.1095890410958904,-0.36274509803921573,-0.21686746987951788,-1.3519581997503927,-0.11514812744550029,4.402730375426621,1.405775075987842,-0.10139428638899017,-0.11039693343057103,-0.1367038588609515,3.9573486489031167,0.5934388524044427,-0.22567325814536154,-0.2546249149637059
2022-10-17,0.325,0.325,0.3,0.305,1614000.0,502200.0,,,,-0.06153846153846154,-0.1159420289855072,-0.38383838383838387,-0.24830560690080106,-1.5377058368812697,0.019583070120025248,-0.5682182985553772,0.9755564667649956,-0.10723570526166737,-0.12133056517957252,-0.046190078249639166,-0.6174501245458077,0.2502894188469553,-0.2719373982142169,-0.31354116949052685
2022-10-18,0.305,0.325,0.3,0.325,1663000.0,515760.0,,,,0.06557377049180335,-0.044117647058823595,-0.3298969072164948,-0.17981072555205047,-1.0849350800080153,0.030359355638166052,-0.18520333170014702,2.114232209737828,-0.09997124832986626,-0.11678544145963538,0.02700119474313012,-0.2327169401508502,1.0022905060465477,-0.2576883358940131,-0.30034646043505997
2022-10-19,0.335,0.345,0.32,0.325,556000.0,183350.0,,,,0.0,-0.015151515151515138,-0.35,-0.16291049581455241,-0.9880289554813518,-0.6656644618159953,-0.7058784632678701,0.3899999999999999,-0.7080090722001398,-0.868547052728479,-0.6445051962152939,-0.7032931466947163,-0.057447628839480736,-0.7409254127301212,-0.8903996543888695
2022-10-20,0.325,0.34,0.32,0.325,693000.0,229410.0,,,,0.0,-0.015151515151515138,-0.33673469387755095,-0.1436100131752307,-0.9120410362450218,0.24640287769784175,-0.6126327557294577,-0.33810888252148996,-0.6375463772616576,-0.7891662619165994,0.251213526043087,-0.6238532862213988,-0.543970898103606,-0.6755862420057908,-0.8105255737303563
2022-10-21,0.325,0.335,0.32,0.325,205000.0,67310.0,,,,0.0,0.0,-0.3157894736842105,-0.12457912457912446,-0.8426059069866826,-0.7041847041847042,-0.870499052432091,-0.03755868544600938,-0.8917788196632606,-1.0849229078656832,-0.7065951789372739,-0.8721606016865456,-0.3344868499110144,-0.9029374017621526,-1.0479129589973983
2022-10-24,0.32,0.325,0.285,0.29,4090000.0,1242205.0,,,,-0.10769230769230775,-0.049180327868852514,-0.3829787234042553,-0.20274914089347074,-1.475097049051468,18.951219512195124,1.5340768277571253,5.7269736842105265,1.1596005531006308,1.4100397707294423,17.45498440053484,1.4735264834727202,3.3578495000877036,0.7956687003137566,0.9183866314095044
2022-10-25,0.3,0.3,0.285,0.285,804600.0,235294.0,,,,-0.017241379310344862,-0.1230769230769232,-0.4,-0.19661733615222,-1.5197149081470234,-0.8032762836185819,-0.5161755862898376,2.5919642857142855,-0.6109225538345296,-0.7894967449632391,-0.8105835993253931,-0.5437916860555296,1.2381242271473414,-0.6818787613505963,-0.8358962019436976
2022-10-26,0.285,0.31,0.285,0.3,1163000.0,352170.0,,,,0.05263157894736836,-0.07692307692307698,-0.34065934065934067,-0.13106444605358436,-1.16582165751258,0.4454387273179219,1.091726618705036,-0.08208366219415941,-0.44539785729486014,-0.5949079645273523,0.4967232483616242,0.9207526588491954,-0.3948085201446947,-0.5280136440068676,-0.6601257487159976
2022-10-27,0.3,0.305,0.295,0.3,134000.0,40220.0,,,,0.0,-0.07692307692307698,-0.23076923076923084,-0.11111111111111116,-1.2382880300398427,-0.884780739466896,-0.8066378066378066,-0.9725522326915199,-0.9359403001842314,-1.2445864485059783,-0.8857937927705369,-0.8246807026720718,-0.9804407398671896,-0.9452533780380836,-1.1529177843276526
2022-10-28,0.3,0.31,0.275,0.275,1329000.0,378600.0,,,,-0.08333333333333326,-0.15384615384615385,-0.2857142857142857,-0.17417417417417402,-2.0196229437012083,8.917910447761194,5.482926829268293,-0.6580910728067919,-0.28332566013647276,-0.35364927521177264,8.413227250124317,4.624721438122122,-0.7476,-0.4027001078878846,-0.47767036485732517
2022-10-31,0.28,0.29,0.27,0.285,645000.0,179184.0,,,,0.036363636363636154,-0.017241379310344862,-0.2400000000000001,-0.12977099236641232,-1.4773058019370657,-0.5146726862302483,-0.8422982885085575,-0.8620910840282232,-0.6264115453312665,-0.7672293879942268,-0.5267194928684628,-0.855753277438104,-0.894691186064143,-0.6898763539806375,-0.8033488397755457
2022-11-01,0.285,0.295,0.275,0.28,1094000.0,309360.0,,,,-0.01754385964912264,-0.01754385964912264,-0.21126760563380276,-0.1331269349845201,-1.53705628749891,0.6961240310077519,0.3596818294804871,-0.7471104946833103,-0.2825753185252463,-0.3463729744637705,0.7264934369140101,0.3147806573903287,-0.8014555816550503,-0.38333491306917955,-0.45078742332123745
2022-11-02,0.275,0.285,0.275,0.285,162000.0,45160.0,,,,0.01785714285714257,-0.050000000000000044,-0.21917808219178092,-0.10728269381362587,-1.2024948385231748,-0.8519195612431444,-0.8607050730868444,-0.8956857694784288,-0.8811705798160527,-1.1366742443072693,-0.8540212050685285,-0.8717664764176392,-0.9198644296373848,-0.897183040711395,-1.132458524867367
2022-11-03,0.29,0.31,0.29,0.3,531000.0,160560.0,,,,0.05263157894736836,0.0,-0.17808219178082196,-0.04837430610626481,-0.5583470938433356,2.2777777777777777,2.962686567164179,0.36855670103092786,-0.5895648208355757,-0.700415848398405,2.5553587245349867,2.9920437593237197,0.14358974358974352,-0.6115244833210302,-0.7071730608618986
2022-11-04,0.3,0.33,0.3,0.315,702000.0,223365.0,,,,0.050000000000000044,0.14545454545454528,-0.136986301369863,0.009615384615384581,0.12079090895447406,0.3220338983050848,-0.4717832957110609,1.3959044368600684,-0.46037306900325636,-0.5529036652705512,0.39116218236173395,-0.4100237717908083,1.103050560210903,-0.46088238467314435,-0.5354413371744827
2022-11-07,0.315,0.335,0.315,0.335,1351000.0,445255.0,,,,0.06349206349206349,0.17543859649122817,-0.02898550724637672,0.08239095315024247,1.1852202391770648,0.9245014245014245,1.0945736434108526,-0.6385767790262172,0.022440139289494843,0.027792058731216283,0.9933964587110782,1.484903786052326,-0.6608278677910069,0.059692819861502544,0.0712070398944383
2022-11-08,0.325,0.325,0.315,0.325,258000.0,83230.0,,,,-0.02985074626865669,0.1607142857142856,-0.044117647058823595,0.05177993527508096,0.7711167401225854,-0.8090303478904515,-0.7641681901279708,-0.8735913767760901,-0.7853575138909255,-1.0450618651203019,-0.8130734073733029,-0.7309606930437031,-0.8761808417262976,-0.7791123570486991,-1.0367117432378439
2022-11-09,0.325,0.335,0.3,0.3,1885000.0,579375.0,,,,-0.07692307692307698,0.05263157894736836,-0.09090909090909094,-0.02676399026763998,-0.4162480451651057,6.3062015503875966,10.635802469135802,-0.0028433511869337957,0.6938510287224566,0.8540386789965209,5.961131803436261,11.82938441098317,-0.06242414434824828,0.6679866612888041,0.824376313017703
2022-11-10,0.3,0.31,0.3,0.305,252834.0,76674.0,,,,0.016666666666666607,0.016666666666666607,-0.0757575757575758,-0.005704971475142484,-0.09108349952249675,-0.8658705570291777,-0.5238531073446328,-0.8586730016769145,-0.7727498247317047,-0.9511780837107732,-0.8676608414239482,-0.52245889387145,-0.8742832782692103,-0.7780274890521325,-0.9610825797824114
2022-11-11,0.315,0.325,0.31,0.32,1472000.0,467885.0,,,,0.049180327868852514,0.015873015873015817,-0.015384615384615441,0.04746317512274967,0.7872874742490825,4.822001787734244,1.0968660968660968,-0.0701200252684776,0.42116259789681454,0.48009645323173017,5.1022641312570105,1.0947104515031452,-0.1113632910430753,0.46782799980298684,0.5354499436611321
2022-11-14,0.34,0.355,0.34,0.34,1257000.0,436100.0,,,,0.0625,0.014925373134328401,0.11475409836065587,0.11384111384111395,1.9123527515715022,-0.14605978260869568,-0.06957809030347895,-0.2211895910780669,0.22012572633637983,0.25046161639177233,-0.067933359693087,-0.02056125141772691,-0.13162086818000795,0.3808133437039456,0.43497383016237606
2022-11-15,0.34,0.36,0.34,0.355,1479000.0,523185.0,,,,0.04411764705882337,0.0923076923076922,0.0923076923076922,0.1563517915309447,2.4289360753728233,0.1766109785202863,4.732558139534884,-0.11064341551413104,0.46092586349460385,0.520323204898814,0.19969043797294206,5.286014658176138,0.014396230805025612,0.6740669137202069,0.767308041676444
2022-11-16,0.365,0.375,0.36,0.365,2759000.0,1005335.0,,,,0.028169014084507005,0.21666666666666679,0.12307692307692308,0.1831442463533226,2.5462635456389595,0.8654496281271129,0.46366047745358085,3.962230215827338,1.7502769466084422,1.97128616897381,0.9215669409482306,0.7352060409924488,4.483146986637578,2.2130148618736154,2.519426028111688
2022-11-17,0.36,0.37,0.35,0.37,505000.0,182795.0,,,,0.013698630136986356,0.21311475409836067,0.1384615384615384,0.19162640901771333,2.348566511227982,-0.8169626676332005,0.9973579502756749,-0.27128427128427124,-0.5464024459417256,-0.6300170688510439,-0.8181750361819692,1.3840545686934291,-0.20319515278322653,-0.4836209725112456,-0.5465638967341045
2022-11-18,0.375,0.385,0.365,0.365,1887000.0,716615.0,,,,-0.013513513513513487,0.140625,0.12307692307692308,0.1670663469224618,1.8338681447041212,2.736633663366337,0.2819293478260869,8.204878048780488,0.709360364960667,0.8066550485943518,2.9203205776963266,0.5316049884052705,9.64648640618036,1.0377884401292032,1.1608819969245368
2022-11-21,0.365,0.365,0.36,0.36,361000.0,130690.0,,,,-0.013698630136986356,0.0588235294117645,0.24137931034482762,0.1437648927720414,1.4732652496595673,-0.8086910439851617,-0.7128082736674621,-0.9117359413202935,-0.6961334965514518,-0.8600364285365638,-0.8176287127676647,-0.7003210272873195,-0.8947919224282627,-0.6597751767085143,-0.7995403918369367
2022-11-22,0.36,0.365,0.345,0.345,343000.0,122785.0,,,,-0.04166666666666674,-0.028169014084507116,0.21052631578947367,0.08405341712490166,0.8433884247809634,-0.049861495844875314,-0.7680865449628127,-0.57370121799652,-0.6575382471369748,-0.9497084390626969,-0.060486647792486026,-0.7653124611753013,-0.47816348908174455,-0.6262851062508712,-0.8273619282538842
2022-11-23,0.34,0.38,0.34,0.36,1365000.0,504440.0,,,,0.04347826086956519,-0.013698630136986356,0.19999999999999996,0.12062256809338523,1.2403656353425525,2.979591836734694,-0.5052555273649872,0.173688736027515,0.39500416814981687,0.546009308541094,3.108319420124608,-0.49823690610592486,0.4323764091205953,0.5620860618253991,0.719797972482159
2022-11-24,0.36,0.37,0.36,0.365,147000.0,53375.0,,,,0.01388888888888884,-0.013513513513513487,0.21666666666666679,0.1256746337702388,1.2748224331943356,-0.8923076923076922,-0.7089108910891089,0.09701492537313428,-0.8513036271698418,-1.1818808136729717,-0.8941895963841091,-0.7080062364944337,0.32707608155146684,-0.8385221303340451,-1.085308740635781
2022-11-25,0.375,0.375,0.355,0.355,102000.0,38050.0,,,,-0.0273972602739726,-0.0273972602739726,0.2909090909090908,0.08396946564885477,0.8418390414093874,-0.30612244897959184,-0.9459459459459459,-0.9232505643340858,-0.8968907194268094,-1.2474178384179544,-0.2871194379391101,-0.9469031488316599,-0.8994981510829372,-0.8851141792955521,-1.1513705234999252
2022-11-28,0.355,0.375,0.35,0.35,164000.0,59575.0,,,,-0.014084507042253502,-0.02777777777777779,0.22807017543859653,0.05580693815987914,0.6018050449854644,0.607843137254902,-0.5457063711911357,-0.7457364341085271,-0.8232552354978495,-1.0421446667599128,0.5657030223390276,-0.544150279286862,-0.6675205375479953,-0.8103739079590121,-0.9697583489319468
2022-11-29,0.35,0.385,0.35,0.365,1107000.0,393210.0,,,,0.04285714285714293,0.05797101449275366,0.3035714285714284,0.0903659447348768,1.044911488520424,5.75,2.227405247813411,0.01188299817184646,0.22477199270624504,0.2707141933624056,5.600251783466219,2.2024270065561753,0.271043444530644,0.2758669193026584,0.31831211991297514
2022-11-30,0.36,0.39,0.35,0.385,1957000.0,720080.0,,,,0.0547945205479452,0.06944444444444442,0.35087719298245634,0.13569321533923318,1.7269894561372916,0.7678410117434509,0.4336996336996337,11.080246913580247,1.163646167234039,1.4021627304804278,0.8312860812288598,0.4274839425898025,14.945084145261292,1.305119405524533,1.5225559717903263
2022-12-01,0.37,0.385,0.37,0.385,1661000.0,630530.0,,,,0.0,0.0547945205479452,0.28333333333333344,0.11918604651162812,1.6193361570402003,-0.15125191619826261,10.299319727891156,2.128060263653484,0.6706199307472218,0.8723005341256547,-0.12436118209087876,10.813208430913349,2.9270677628300947,0.821662129099574,1.0350909810697104
2022-12-02,0.38,0.385,0.38,0.385,2005000.0,762490.0,,,,0.0,0.08450704225352124,0.22222222222222232,0.10552763819095468,1.4896519069994714,0.20710415412402172,18.65686274509804,1.8561253561253563,0.908175910406906,1.239190420922854,0.2092842529300747,19.03915900131406,2.4136503033152015,1.0628608616594897,1.4125153335558671
2022-12-05,0.39,0.41,0.385,0.405,2808000.0,1113785.0,,,,0.051948051948051965,0.15714285714285725,0.20895522388059695,0.15138592750533064,2.1584752121828905,0.40049875311720706,16.121951219512194,1.078460399703923,1.5163732286923546,2.1317557822531694,0.46072079633831264,17.695509861519092,1.501454222861057,1.808448758736176,2.4806623380953465
2022-12-06,0.395,0.405,0.395,0.405,1941000.0,773785.0,,,,0.0,0.1095890410958904,0.24615384615384617,0.14004222378606612,1.8410812427382675,-0.3087606837606838,0.7533875338753389,6.523255813953488,0.6328189715225772,0.8560226200153508,-0.30526537886575955,0.9678670430558733,8.296948215787577,0.7994573151985696,1.0395473787192675
2022-12-07,0.41,0.41,0.405,0.405,1431000.0,583275.0,,,,0.0,0.051948051948051965,0.3500000000000001,0.12734864300626336,1.6221155284175164,-0.26275115919629055,-0.26877874297393967,-0.24084880636604777,0.12421190270939797,0.1826900450133691,-0.2462053412769697,-0.18998583490723253,0.006731391585760527,0.25560247553509896,0.3613118453962839
2022-12-08,0.395,0.41,0.395,0.41,1413000.0,565810.0,,,,0.012345679012345512,0.06493506493506485,0.34426229508196715,0.1248285322359397,1.7298478332103149,-0.012578616352201255,-0.14930764599638768,4.5886470965139186,0.13022666843812836,0.19054622951947384,-0.029942994299429926,-0.10264380759043978,6.379424576779613,0.2174949075592767,0.3075050158609542
2022-12-09,0.41,0.41,0.395,0.4,644000.0,259905.0,,,,-0.024390243902438935,0.038961038961039085,0.25,0.08181203515889135,1.2501915798817338,-0.5442321302193913,-0.6788029925187032,-0.5625,-0.5077205320287418,-0.8081100499231513,-0.5406496880578286,-0.6591365132657477,-0.44451093751669746,-0.4687030952713135,-0.7249665871101356
2022-12-12,0.395,0.4,0.39,0.4,573593.0,228309.0,,,,0.0,-0.012345679012345734,0.17647058823529416,0.07023411371237454,1.1900960467164994,-0.1093276397515528,-0.7957289886039887,-0.5436809864757359,-0.5472110830438901,-0.8311861199678489,-0.12156749581577886,-0.7950151959309921,-0.4764755789956432,-0.5231549481689026,-0.7817806197126619
2022-12-13,0.385,0.405,0.36,0.395,559000.0,219360.0,,,,-0.012499999999999956,-0.024691358024691357,0.11267605633802824,0.04844061048440618,0.8571237671597188,-0.025441384396253097,-0.7120041215868109,-0.6220419202163624,-0.5464980093574741,-0.79409592478189,-0.039196877915456674,-0.7165104001757594,-0.5807219243670977,-0.5316835225870472,-0.7658342772173765
2022-12-14,0.405,0.41,0.395,0.4,814000.0,327280.0,,,,0.012658227848101333,-0.012345679012345734,0.09589041095890427,0.05610561056105601,1.0110152811593747,0.4561717352415027,-0.4311670160726765,-0.7049655672345052,-0.31402354559402756,-0.4337392290420052,0.4919766593727206,-0.43889246067463894,-0.6744567731154292,-0.27786227994332435,-0.3821122815744815
2022-12-15,0.4,0.4,0.385,0.4,260000.0,103910.0,,,,0.0,-0.024390243902438935,0.08108108108108114,0.05124835742444178,0.9168292732200743,-0.6805896805896806,-0.8159943382873319,-0.48514851485148514,-0.7613320571942022,-1.0660275884913084,-0.6825042776827182,-0.816351778865697,-0.431549002981482,-0.7521864637668993,-1.0387504051134993
2022-12-16,0.39,0.4,0.385,0.4,508000.0,200870.0,,,,0.0,0.0,0.09589041095890427,0.04712041884816753,0.83543951527073,0.9538461538461538,-0.21118012422360244,-0.7307896131425543,-0.5283761801562141,-0.7208384228568636,0.9331151958425561,-0.2271406860198919,-0.7196960711121034,-0.5163988506919069,-0.697867225610127
2022-12-19,0.415,0.415,0.4,0.4,273000.0,110145.0,,,,0.0,0.0,0.11111111111111116,0.04234527687296419,0.7553410861080897,-0.46259842519685035,-0.5240527691237515,-0.24376731301939059,-0.7292149271213717,-0.948406597095691,-0.45166027779160656,-0.5175617255561542,-0.15720407070166043,-0.7172693266032764,-0.9242136477687031
2022-12-20,0.395,0.4,0.38,0.385,677000.0,262210.0,,,,-0.03749999999999998,-0.025316455696202556,0.11594202898550732,-0.0019442644199610948,-0.03564045683110899,1.47985347985348,0.21109123434704835,0.9737609329446064,-0.3255491880115322,-0.4193357811325145,1.3805892232965635,0.19534099197665933,1.135521439915299,-0.32515494528417244,-0.41654129939306805
2022-12-21,0.365,0.395,0.365,0.39,201000.0,76385.0,,,,0.012987012987013102,-0.025000000000000022,0.08333333333333348,0.005802707930367523,0.12005336891550963,-0.7031019202363368,-0.7530712530712531,-0.8527472527472527,-0.8030337988611532,-1.067213337421313,-0.7086876930704398,-0.7666065754094353,-0.8485746570454366,-0.8068743478517,-1.0693540762125626
2022-12-22,0.375,0.4,0.375,0.395,713000.0,272765.0,,,,0.012820512820512775,-0.012499999999999956,0.08219178082191791,0.014771997430957029,0.32730822745942095,2.5472636815920398,1.7423076923076923,3.850340136054422,-0.25905115004770185,-0.31782994862021074,2.5709236106565427,1.6250120296410353,4.110351288056206,-0.27090980507565887,-0.3317787591196225
2022-12-23,0.395,0.4,0.385,0.395,574000.0,222995.0,,,,0.0,-0.012499999999999956,0.11267605633802824,0.010876519513755678,0.2553395586130597,-0.19495091164095368,0.12992125984251968,4.627450980392157,-0.4205412961996544,-0.5457746483808925,-0.18246475904166592,0.11014586548513972,4.860578186596584,-0.42092223707170173,-0.545426072614668
2022-12-28,0.395,0.4,0.385,0.385,222000.0,87495.0,,,,-0.025316455696202556,-0.03749999999999998,0.10000000000000009,-0.019732654360280155,-0.5392967941477016,-0.613240418118467,-0.18681318681318682,0.35365853658536595,-0.7811038705026274,-1.0685738131318196,-0.6076369425323438,-0.20563802260656405,0.46865295845572796,-0.7781193948171308,-1.0633118012163252
2022-12-29,0.38,0.385,0.38,0.385,77000.0,29535.0,,,,0.0,0.0,0.0547945205479452,-0.02408111533586821,-0.9047079197503171,-0.6531531531531531,-0.8862629246676514,-0.9304426377597109,-0.9242930482386508,-1.27391073993428,-0.6624378535916338,-0.8873612753136799,-0.9248874647135119,-0.9253657231185832,-1.276264069260809
2022-12-30,0.38,0.385,0.375,0.385,552000.0,210895.0,,,,0.0,-0.012820512820512886,0.0,-0.026548672566371723,-1.2718362974861788,6.1688311688311686,1.7462686567164178,-0.717935615738375,-0.4283226660793856,-0.539412741444597,6.140511257829694,1.7609478300713493,-0.7071228196867014,-0.4414057414733227,-0.5585005141971077
2023-01-03,0.385,0.395,0.385,0.395,120000.0,46820.0,,,,0.025974025974025983,0.0,0.025974025974025983,-0.0012642225031607168,-0.06056363321363428,-0.782608695652174,-0.8316970546984572,-0.9277543648404576,-0.8659711537532573,-1.0551504714851883,-0.7779937883781028,-0.8283504115264055,-0.9257450081677319,-0.8670213899019759,-1.05552969590957
2023-01-04,0.395,0.42,0.395,0.405,474000.0,191125.0,,,,0.025316455696202445,0.025316455696202445,0.051948051948051965,0.022727272727272707,1.1420320871881091,2.95,-0.17421602787456447,-0.7635910224438902,-0.4207359305587033,-0.4709217175581921,3.0821230243485687,-0.14291800264579924,-0.7493409749636061,-0.4081006821900941,-0.45584425372750176
2023-01-05,0.405,0.41,0.4,0.405,559000.0,227055.0,,,,0.0,0.051948051948051965,0.0,0.02015113350125941,1.0419761445167444,0.17932489451476785,1.5180180180180178,-0.8009259259259259,-0.24635613528460132,-0.26929694357629325,0.18799215173315886,1.595062575004286,-0.7961410864753969,-0.22857770426314827,-0.24823851907855635
2023-01-06,0.405,0.425,0.395,0.41,378000.0,156685.0,,,,0.012345679012345512,0.06493506493506485,0.012345679012345512,0.032745591939546514,1.6932112348397026,-0.32379248658318427,3.909090909090909,-0.8052550231839258,-0.3993131670474328,-0.5307370586146368,-0.3099249080619233,4.30506179109531,-0.7975083518031494,-0.37325110016562235,-0.4898968040926977
2023-01-09,0.41,0.41,0.39,0.395,2203000.0,872135.0,,,,-0.03658536585365846,0.025974025974025983,-0.024691358024691357,-0.005663939584644395,-0.28035800839659986,4.828042328042328,2.9909420289855073,0.5394828791055206,2.997244568496723,4.572770975779745,4.56616778887577,3.1353991322696126,0.49523809523809526,2.9797810957260706,4.474672288410734
2023-01-10,0.39,0.4,0.385,0.39,1700000.0,663390.0,,,,-0.012658227848101222,-0.012658227848101222,-0.04878048780487798,-0.017013232514177745,-0.8624833627605142,-0.22832501134816163,13.166666666666666,0.20311394196744526,1.8826768333591501,2.3060925014869045,-0.23934941264827114,13.16894489534387,0.17246072002969193,1.8400435046082904,2.2484785623713823
2023-01-11,0.405,0.405,0.32,0.375,6264407.0,2276934.0,,,,-0.03846153846153855,-0.07407407407407418,-0.0625,-0.05243209096651924,-2.840726796119426,2.684945294117647,12.216048523206751,8.727340062111802,9.37016724532932,11.084097967773836,2.4322706100483877,10.913323741007193,7.760639464419691,8.548356362369159,10.13820662327373
2023-01-12,0.375,0.39,0.375,0.38,2899000.0,1109670.0,,,,0.01333333333333342,-0.06172839506172845,-0.050000000000000044,-0.03675538656527244,-1.6922234107066028,-0.5372267478789293,4.186046511627907,4.054106308828734,2.275336120212405,1.4751366890212205,-0.5126472704083649,3.887229966307723,3.860386581343705,2.270324998990613,1.5456606890773044
2023-01-13,0.385,0.39,0.37,0.385,565000.0,214400.0,,,,0.013157894736842035,-0.060975609756097504,-0.025316455696202556,-0.021601016518424387,-0.9395730028417477,-0.8051052086926527,0.49470899470899465,0.01073345259391778,-0.4357731882115343,-0.3041830510277572,-0.8067894058593996,0.3683505121741073,-0.022611232676878146,-0.44076803624157,-0.3211057766507055
2023-01-16,0.385,0.385,0.35,0.365,3678000.0,1350730.0,,,,-0.051948051948051965,-0.07594936708860767,-0.08750000000000002,-0.07124681933842247,-3.03233601841195,5.509734513274337,0.6695415342714481,3.5184275184275187,2.6718666974618945,1.8657294862283642,5.300046641791044,0.5487625195640584,3.1271388413590806,2.5254679845835,1.8383608728816643
2023-01-17,0.36,0.37,0.345,0.35,3153000.0,1107335.0,,,,-0.04109589041095896,-0.10256410256410264,-0.1250000000000001,-0.10543130990415339,-3.7542891003063126,-0.14274061990212072,0.8547058823529412,11.126923076923077,1.7540236324575962,1.293215707437928,-0.18019515373168582,0.6692066506881322,9.656674044846502,1.5496569308217025,1.1835136154569343
2023-01-18,0.35,0.38,0.35,0.38,1659000.0,612255.0,,,,0.08571428571428585,0.01333333333333342,-0.050000000000000044,-0.02250803858520911,-0.6192278765528353,-0.4738344433872502,-0.7351704638603462,2.265748031496063,0.2865248694989575,0.2309134010689194,-0.4470914402597227,-0.731105512939769,2.048016129835217,0.26373976812602895,0.21951263860223352
2023-01-19,0.37,0.38,0.36,0.365,280000.0,103240.0,,,,-0.03947368421052633,-0.03947368421052633,-0.08750000000000002,-0.05867182462927145,-1.6250545475970284,-0.8312236286919832,-0.9034149706795447,0.02564102564102555,-0.792141516588202,-0.6706221964377691,-0.8313774489387592,-0.9069633314408788,-0.06269009033546691,-0.7955837658582715,-0.6942076830743065
2023-01-20,0.355,0.395,0.355,0.38,873000.0,329445.0,,,,0.041095890410958846,-0.012987012987012991,-0.012987012987012991,-0.015544041450777257,-0.41197942563631684,2.117857142857143,0.5451327433628319,0.28951255539143284,-0.35209528340580576,-0.2982056443897762,2.1910596667958155,0.5365904850746268,0.2564166126387246,-0.34724938067499933,-0.3026638036232035
2023-01-26,0.37,0.385,0.37,0.38,1121000.0,427715.0,,,,0.0,0.041095890410958846,-0.02564102564102566,-0.014906027219701912,-0.3931707074144149,0.2840778923253151,-0.6952147906470908,4.577114427860696,-0.17404716190705516,-0.14883126444583136,0.29828954757243253,-0.6833453021699377,4.5994632454015845,-0.15814814439388547,-0.13907001805341304
2023-01-27,0.36,0.4,0.36,0.39,437000.0,168350.0,,,,0.026315789473684292,0.11428571428571432,-0.012658227848101222,0.012329656067488814,0.3243943066023469,-0.6101694915254237,-0.8614018395179195,-0.3870967741935484,-0.6885735016599496,-0.6173643072471253,-0.6063967829045042,-0.8479683203366641,-0.38280204571700915,-0.6797182509895964,-0.6276623734249048
2023-01-30,0.37,0.385,0.37,0.375,796000.0,300310.0,,,,-0.03846153846153855,-0.013157894736842146,-0.05063291139240511,-0.025974025974025983,-0.6892024376070264,0.8215102974828374,-0.5201928872814949,0.38675958188153303,-0.42709922162864544,-0.37733114681768304,0.7838431838431839,-0.5095017598876286,0.34671180968183135,-0.42293598396034515,-0.38469815979832483
2023-01-31,0.365,0.385,0.365,0.38,1123000.0,426640.0,,,,0.01333333333333342,0.041095890410958846,-0.012987012987012991,-0.01041666666666663,-0.27637277280567984,0.41080402010050254,3.010714285714286,4.058558558558558,-0.19815517139754524,-0.17705841641876657,0.42066531251040584,3.1325067803177067,3.8761643522486997,-0.1862300759743033,-0.17120695922294824
2023-02-01,0.37,0.39,0.37,0.385,704000.0,270050.0,,,,0.013157894736842035,0.013157894736842035,0.0,0.0032573289902280145,0.08621768860222832,-0.37310774710596617,-0.1935853379152348,8.142857142857142,-0.5129949919075194,-0.4801300246586316,-0.3670307519219951,-0.18028806022249544,8.143389199255122,-0.5010468685217389,-0.48288897796267066
2023-02-02,0.385,0.4,0.385,0.4,1139000.0,445315.0,,,,0.038961038961039085,0.05263157894736836,0.038961038961039085,0.04234527687296419,1.1208299518289413,0.6178977272727273,0.01605709188224802,1.0634057971014492,-0.22880065942621763,-0.22210115781775885,0.6490094426957971,0.041148895876927494,1.1115484008629886,-0.19510565531746027,-0.19535479717349788
2023-02-03,0.4,0.4,0.37,0.38,463000.0,175350.0,,,,-0.050000000000000044,-0.02564102564102566,-0.03797468354430378,-0.011703511053315907,-0.3010582043450212,-0.5935030728709394,0.059496567505720854,2.8583333333333334,-0.6926182607259048,-0.6916890381176285,-0.6062337895646901,0.04158004158004158,2.7451943613840237,-0.6896350038616414,-0.7118208992237752
2023-02-06,0.38,0.395,0.38,0.385,293000.0,111890.0,,,,0.013157894736842035,0.026666666666666616,-0.04938271604938271,0.0032573289902280145,0.0846428037300198,-0.36717062634989206,-0.6319095477386935,-0.3818565400843882,-0.8076696297249804,-0.8238061167960373,-0.36190476190476195,-0.6274183343877993,-0.4145716154349248,-0.8041849195086965,-0.8482982457370334
2023-02-07,0.39,0.39,0.37,0.375,572015.0,216760.0,,,,-0.025974025974025983,-0.013157894736842146,-0.07407407407407418,-0.020248203788373664,-0.5573444790477777,0.9522696245733788,-0.4906366874443455,0.023282647584973226,-0.6222753568834731,-0.6279002233397483,0.9372598087407276,-0.49193699606225394,-0.04534143709673866,-0.6180068295641847,-0.6435762877632757
2023-02-08,0.395,0.395,0.38,0.39,456000.0,177870.0,,,,0.040000000000000036,0.012987012987013102,-0.04878048780487798,0.022950819672131306,0.674892178098833,-0.20281810791675048,-0.3522727272727273,0.20634920634920628,-0.6990140929390356,-0.7058394895463316,-0.17941502122162756,-0.34134419551934825,0.13520758209145733,-0.6862575349917569,-0.7135530474637868
2023-02-09,0.39,0.395,0.375,0.385,103000.0,39910.0,,,,-0.012820512820512886,-0.03749999999999998,-0.025316455696202556,0.012491781722550943,0.4205585813813222,-0.7741228070175439,-0.9095697980684812,-0.9532455742169769,-0.9321887094727962,-0.9456127682438733,-0.7756226457525159,-0.9103780470004379,-0.9542387359755083,-0.9297345794603137,-0.9699773958376606
2023-02-10,0.39,0.39,0.38,0.38,157692.0,60799.0,,,,-0.012987012987012991,0.0,-0.02564102564102566,0.0006583278472680476,0.023108610291336137,0.5309902912621358,-0.6594125269978401,-0.90724,-0.8884718532031243,-0.8262940852377136,0.5234026559759459,-0.6532706016538352,-0.9083510453880824,-0.884495541654053,-0.84388378783606
2023-02-13,0.375,0.39,0.375,0.375,157000.0,59505.0,,,,-0.013157894736842146,-0.025974025974025983,0.0,-0.011206328279498967,-0.4029386436717866,-0.004388301245465853,-0.4641638225255973,-0.9749377714442884,-0.8825558568459126,-0.7641357399078675,-0.021283244790210376,-0.46818303691125207,-0.9738661726690365,-0.880090293490115,-0.7795898255347858
2023-02-14,0.37,0.385,0.37,0.375,205000.0,76450.0,,,,0.0,0.0,-0.013157894736842146,-0.011206328279498967,-0.4029386436717866,0.30573248407643305,-0.641617789743276,-0.9292859606760953,-0.8012478435996983,-0.7948713602693949,0.2847659860515923,-0.6473057759734269,-0.9311056440202943,-0.801622800740937,-0.8139185108911556
2023-02-15,0.375,0.38,0.37,0.37,372000.0,139175.0,,,,-0.013333333333333308,-0.05128205128205132,-0.038961038961038974,-0.0237467018469657,-0.850020712263887,0.8146341463414635,-0.1842105263157895,-0.34159292035398225,-0.5851618875067208,-0.5487843565626264,0.8204708960104643,-0.2175465227413279,-0.3508628731343284,-0.5829537065878931,-0.5647411134859723
2023-02-16,0.38,0.39,0.37,0.37,216000.0,81685.0,,,,0.0,-0.038961038961038974,0.013698630136986356,-0.021810971579643068,-0.7730849319231066,-0.4193548387096774,1.0970873786407767,-0.9412724306688418,-0.7565059551485096,-0.6985631803555871,-0.41307706125381716,1.0467301428213482,-0.9395252937300571,-0.752435713144865,-0.7170129275609269
2023-02-17,0.37,0.38,0.37,0.37,163000.0,60490.0,,,,0.0,-0.02631578947368418,0.05714285714285716,-0.022457067371202122,-0.8173156466076246,-0.24537037037037035,0.03366055348400687,-0.948303203298446,-0.771703999248724,-0.7752810862129454,-0.25947236334700374,-0.00508232043290191,-0.9453733513345104,-0.773022724556566,-0.813968643852439
2023-02-20,0.365,0.38,0.365,0.38,280047.0,103191.0,,,,0.027027027027026973,0.01333333333333342,0.0,0.0013175230566535578,0.060563633213646446,0.718079754601227,0.7837388535031846,-0.8311952983725136,-0.5038896935057747,-0.662310631770261,0.705918333608861,0.7341567935467608,-0.8314574809515642,-0.518159770116016,-0.6856082210120529
2023-02-21,0.39,0.39,0.37,0.37,419000.0,156400.0,,,,-0.02631578947368418,-0.013333333333333308,0.013698630136986356,-0.025032938076416378,-1.1507090310592825,0.4961774273604074,1.0439024390243903,0.49642857142857144,-0.154453838729122,-0.22035611170761085,0.5156360535318003,1.0457815565729236,0.5149166989538938,-0.1712019161981273,-0.24200030539155282
2023-02-22,0.355,0.375,0.355,0.375,85000.0,30985.0,,,,0.013513513513513598,0.013513513513513598,-0.013157894736842146,-0.012508229098090795,-0.6043417634048742,-0.7971360381861575,-0.771505376344086,-0.9026345933562429,-0.8308416305513548,-1.2130174174309463,-0.801886189258312,-0.7773666247530088,-0.9059478820440438,-0.8380842891855877,-1.2128701255664756
2023-02-23,0.37,0.38,0.37,0.38,101000.0,37395.0,,,,0.01333333333333342,0.027027027027026973,0.0,0.0013175230566535578,0.06304677150804405,0.18823529411764706,-0.5324074074074074,-0.9099018733273863,-0.7818987634523655,-1.0506593846617882,0.2068742940132322,-0.5422048111648405,-0.912570286288767,-0.7880606658278642,-1.0480725538110203
2023-02-24,0.38,0.38,0.37,0.37,251000.0,93260.0,,,,-0.02631578947368418,0.0,-0.05128205128205132,-0.025032938076416378,-1.197888658652837,1.4851485148514851,0.5398773006134969,-0.42562929061784893,-0.3909063531864698,-0.509022036847925,1.4939162989704506,0.5417424367664077,-0.44603504603504607,-0.40570714859233015,-0.5216643994204722
2023-02-27,0.365,0.38,0.36,0.38,553000.0,204660.0,,,,0.027027027027026973,0.0,0.01333333333333342,0.003963011889035695,0.19238759579019749,1.2031872509960158,0.9746685377811581,-0.30527638190954776,0.37293169577919083,0.4717405864091432,1.1945099721209522,0.983312498182981,-0.3185042123139422,0.3361493489324059,0.4191968323937813
2023-02-28,0.38,0.38,0.37,0.37,408021.0,154837.0,,,,-0.02631578947368418,0.0,-0.02631578947368418,-0.02310231023102316,-1.127766785966881,-0.2621681735985534,-0.026202863961813816,-0.6366687444345502,0.044499801222462665,0.05661181048878008,-0.24344278315254564,-0.009993606138107403,-0.6370780986311644,0.04345335570695941,0.054374591123650604
2023-03-01,0.37,0.38,0.365,0.37,1586000.0,582580.0,,,,0.0,-0.013333333333333308,-0.038961038961038974,-0.02181097157964318,-1.0322054019365452,2.8870548329620287,17.658823529411766,1.2528409090909092,3.4690061322034014,4.838945111521861,2.7625373780168823,17.802000968210425,1.1573042029253844,3.321846959376879,4.524380170794916
2023-03-02,0.365,0.37,0.365,0.37,119000.0,44015.0,,,,0.0,-0.02631578947368418,-0.07500000000000007,-0.019867549668874163,-0.9340497736271234,-0.924968474148802,0.17821782178217815,-0.8955223880597015,-0.7017459765469578,-0.7591240251125002,-0.9244481444608466,0.17702901457414089,-0.9011598531376666,-0.7073963929616917,-0.769385854690275
2023-03-03,0.375,0.375,0.37,0.375,63000.0,23440.0,,,,0.013513513513513598,0.013513513513513598,-0.013157894736842146,-0.0026595744680850686,-0.1613300878984758,-0.47058823529411764,-0.749003984063745,-0.8639308855291576,-0.8189596646443311,-0.8647833777406045,-0.46745427695103947,-0.7486596611623418,-0.866324493869404,-0.820190725170652,-0.8811524803536075
2023-03-06,0.375,0.385,0.37,0.375,663000.0,248595.0,,,,0.0,-0.013157894736842146,-0.025974025974025983,-0.001996007984031989,-0.122367194534916,9.523809523809524,0.19891500904159143,1.2627986348122868,1.0214107953397793,1.002111139261225,9.605588737201366,0.2146731163881559,1.2217803199571007,1.0249688734193865,1.0220242093016314
2023-03-07,0.375,0.38,0.375,0.375,335000.0,126050.0,,,,0.0,0.013513513513513598,0.0,-0.0006662225183210468,-0.043632643918522104,-0.4947209653092006,-0.17896382784219445,-0.41435102226340215,-0.03315764220339046,-0.03355292298889974,-0.49295038114201817,-0.18591809451229357,-0.41848126960693854,-0.027392725777217852,-0.02812221415561165
2023-03-08,0.375,0.38,0.37,0.37,284000.0,106100.0,,,,-0.013333333333333308,0.0,-0.05128205128205132,-0.013990672884743427,-0.9162855222890611,-0.15223880597014927,-0.8209331651954603,-0.3771929824561403,-0.1513217267614556,-0.14969829106258073,-0.1582705275684252,-0.8178790895670981,-0.40349693596446845,-0.15163843325769244,-0.15225230757702993
2023-03-09,0.365,0.37,0.35,0.36,2014000.0,724210.0,,,,-0.027027027027027084,-0.027027027027027084,-0.06493506493506496,-0.03807615230460937,-3.0536739301976064,6.091549295774648,15.92436974789916,18.553398058252426,5.177194069402953,5.005759748397565,5.8257304429783225,15.453708962853572,17.1460786770233,4.961748854301381,4.861089958510052
2023-03-10,0.36,0.365,0.355,0.365,700232.0,251484.0,,,,0.01388888888888884,-0.026666666666666727,-0.03947368421052633,-0.02144772117962468,-1.6084881232750887,-0.652317775571003,10.11479365079365,3.440504274154681,0.6609391159141151,0.5556935523139332,-0.6527471313569269,9.728839590443686,3.1363180315465717,0.6152753754068152,0.5280279887737748
2023-03-13,0.36,0.36,0.33,0.345,2124000.0,733275.0,,,,-0.0547945205479452,-0.08000000000000007,-0.08000000000000007,-0.07320349227669587,-5.457185237306335,2.0332803984964984,2.2036199095022626,12.528662420382165,3.7335168202533904,3.3433346571028735,1.9157918595218781,1.9496771857841066,11.322914040836904,3.4380296364934315,3.1353234256342932
2023-03-14,0.345,0.355,0.33,0.33,1371000.0,464155.0,,,,-0.04347826086956508,-0.12,-0.12,-0.10991233985165205,-5.2068440048163245,-0.3545197740112994,3.092537313432836,5.68780487804878,1.5061007375723179,1.3293817186631847,-0.36701101223960997,2.682308607695359,5.071353826030085,1.3334473693008304,1.210332987603649
2023-03-15,0.32,0.35,0.32,0.335,543000.0,180930.0,,,,0.015151515151515138,-0.09459459459459452,-0.09459459459459452,-0.09090909090909083,-2.807617707323329,-0.6039387308533917,0.9119718309859155,0.45967741935483875,-0.1030204917694284,-0.09738219389662175,-0.6101948702480853,0.7052780395852969,0.30001796299622785,-0.1711830236588241,-0.1662189056338628
2023-03-16,0.335,0.345,0.325,0.33,432000.0,145460.0,,,,-0.014925373134328401,-0.08333333333333326,-0.108108108108108,-0.10020449897750516,-2.611101532356853,-0.20441988950276246,-0.785501489572989,1.0,-0.29631952306101006,-0.2850112037520518,-0.1960426684353065,-0.7991466563565817,0.7807430984880945,-0.33997876915070024,-0.33413944199438905
2023-03-17,0.32,0.345,0.32,0.345,339000.0,115335.0,,,,0.045454545454545414,-0.0547945205479452,-0.06756756756756765,-0.05414667580534627,-1.2145905304934146,-0.2152777777777778,-0.5158747386580448,1.0797546012269938,-0.4573525527640604,-0.4513726543932746,-0.2071016086896741,-0.5413823543446104,0.9066787898826252,-0.4841342257384079,-0.48623508379713776
2023-03-20,0.345,0.345,0.335,0.335,89000.0,29890.0,,,,-0.02898550724637672,-0.02898550724637672,-0.11842105263157887,-0.0784044016506189,-1.6976256280833821,-0.7374631268436578,-0.9580979284369114,-0.6821962027802476,-0.8595139815158284,-0.8678447229622149,-0.7408418953483331,-0.959237666632573,-0.7103429562655659,-0.8679291094361316,-0.8895160230426709
2023-03-21,0.335,0.335,0.325,0.335,99000.0,32965.0,,,,0.0,0.015151515151515138,-0.09459459459459452,-0.07266435986159159,-1.503232762374441,0.1123595505617978,-0.9277899343544858,-0.7637231503579952,-0.8413366569297056,-0.8273478369404652,0.10287721646035464,-0.928978466245112,-0.7892263427109975,-0.8519443725836818,-0.8484572604344167
2023-03-22,0.335,0.35,0.33,0.34,104000.0,35000.0,,,,0.014925373134328401,0.014925373134328401,-0.09333333333333327,-0.05424200278164126,-1.067076605626307,0.05050505050505061,-0.8084714548802947,0.22352941176470598,-0.8289368598547954,-0.7826504577755682,0.06173214014864259,-0.8065550212789476,0.1295788284653865,-0.8383230310459044,-0.7988851753184159
2023-03-23,0.33,0.35,0.33,0.345,191300.0,64021.0,,,,0.014705882352941124,0.045454545454545414,-0.0921052631578948,-0.03563941299790363,-0.6934141023517534,0.8394230769230768,-0.5571759259259259,0.894059405940594,-0.6858334278323829,-0.6493548941201164,0.8291714285714287,-0.5598721297951327,0.7120203235726701,-0.704539098346054,-0.6725233191497464
2023-03-24,0.35,0.35,0.34,0.35,655000.0,228990.0,,,,0.01449275362318847,0.01449275362318847,-0.05405405405405406,-0.016853932584269704,-0.3367979154054706,2.4239414532148458,0.9321533923303835,1.6095617529880477,0.06777058386592127,0.06498994563920686,2.576795114103185,0.9854337365066979,1.4553935234827367,0.05034972669073556,0.048577674203072116
2023-03-27,0.335,0.35,0.335,0.345,19000.0,6455.0,,,,-0.014285714285714346,0.02985074626865658,-0.0921052631578948,-0.028169014084507116,-0.5699002761782312,-0.9709923664122138,-0.7865168539325843,-0.9656419529837251,-0.9700139348401225,-0.9694751725452728,-0.9718109961133674,-0.7840414854466377,-0.9684598846867977,-0.9712855360952599,-0.9745259909969519
2023-03-28,0.35,0.35,0.335,0.34,603000.0,205930.0,,,,-0.014492753623188248,0.014925373134328401,-0.08108108108108103,-0.037508846426043796,-0.7960586239114322,30.736842105263158,5.090909090909091,0.47786510988405007,-0.006471364420454484,-0.00605530550147511,30.90240123934934,5.24692856059457,0.32997926852108983,-0.041692852623920196,-0.03907064194101136
2023-03-29,0.335,0.345,0.33,0.34,522000.0,174305.0,,,,0.0,0.0,-0.08108108108108103,-0.03340440653873489,-0.7162174876491251,-0.13432835820895528,4.019230769230769,-0.6708701134930644,-0.1535271485897146,-0.1463439673986072,-0.15357160200067987,3.980142857142857,-0.7008050396512067,-0.19839130994646903,-0.18846916416049067
2023-03-30,0.33,0.34,0.33,0.335,603000.0,200960.0,,,,-0.014705882352941235,-0.02898550724637672,-0.09459459459459452,-0.043540328336902134,-0.9521711532647916,0.15517241379310343,2.1521170935703084,4.067226890756302,0.07014204316559014,0.06527852316123513,0.15292160293737989,2.1389700254603956,3.5657162331023518,0.019944906936878892,0.018518113689434134
2023-03-31,0.33,0.345,0.315,0.325,1122000.0,364685.0,,,,-0.02985074626865669,-0.07142857142857129,-0.1333333333333333,-0.06743185078909608,-1.5013599277548384,0.8606965174129353,0.7129770992366413,16.80952380952381,0.9092133326390741,0.895972120977916,0.8147143710191083,0.5925804620289095,14.558233788395905,0.7800148869446377,0.7641372351891469
2023-04-03,0.31,0.32,0.3,0.31,1599000.0,491405.0,,,,-0.04615384615384621,-0.10144927536231874,-0.17333333333333334,-0.10404624277456642,-2.3710583730180432,0.4251336898395721,83.15789473684211,1.4117647058823528,1.4959937661033744,1.6125149016726972,0.3474779604316054,75.12780790085205,0.9767292182063194,1.2141369448239896,1.2988375515797368
2023-04-04,0.305,0.32,0.305,0.305,638000.0,198915.0,,,,-0.016129032258064502,-0.10294117647058831,-0.18666666666666665,-0.11013858497447115,-2.4198953458290426,-0.6010006253908693,0.05804311774461035,0.9044776119402984,-0.0719009127665412,-0.07822439231824323,-0.5952116889327541,-0.034064973534696286,0.5780642602142008,-0.15022732588503307,-0.16277512787223794
2023-04-06,0.31,0.31,0.3,0.3,308028.0,93133.0,,,,-0.016393442622950838,-0.11764705882352955,-0.18918918918918926,-0.11569638909358881,-2.4788028149642454,-0.5171974921630094,-0.40990804597701147,0.08460563380281694,-0.5615737842677937,-0.6296937843419049,-0.531794987808863,-0.46568945239666104,-0.12221489161168708,-0.6082297290760064,-0.67336428352324
2023-04-11,0.3,0.325,0.3,0.325,595000.0,185880.0,,,,0.08333333333333348,-0.02985074626865669,-0.09722222222222221,-0.03201787043931492,-0.6552628078492465,0.9316425779474593,-0.013266998341625258,-0.7045680238331677,-0.15456294456490538,-0.17383624166722114,0.9958553896041145,-0.07503980891719741,-0.7433341157951423,-0.21594481749774275,-0.23793330653492203
2023-04-12,0.315,0.34,0.315,0.33,839000.0,278510.0,,,,0.01538461538461533,0.01538461538461533,-0.09589041095890405,-0.0119760479041916,-0.2576345199152977,0.4100840336134455,-0.25222816399286985,0.198174319368438,0.32579468670792067,0.3786095961383597,0.49833225737034637,-0.23629982039294184,0.10746608134115898,0.3252369103056192,0.3752272810000819
2023-04-13,0.32,0.33,0.315,0.33,471060.0,152549.0,,,,0.0,0.06451612903225823,-0.04347826086956508,-0.006772009029345494,-0.16405793259342488,-0.43854588796185934,-0.7054033771106942,-0.7782203389830509,-0.2637000005001826,-0.3087963099483234,-0.4522674230727801,-0.6895656332353151,-0.7919620878933551,-0.27876206296677775,-0.3229280536793018
2023-04-14,0.335,0.335,0.32,0.325,796000.0,257920.0,,,,-0.015151515151515138,0.06557377049180335,-0.015151515151515138,-0.019607843137254943,-0.48554736208171684,0.6898059695155607,0.24764890282131669,-0.4194018964259665,0.4287781039396581,0.5680460217759338,0.6907354358271769,0.2966342407561018,-0.44432355570876103,0.4134643549904329,0.5576631916152358
2023-04-17,0.325,0.325,0.315,0.325,394000.0,128030.0,,,,0.0,0.08333333333333348,-0.02985074626865669,-0.01886792452830177,-0.46423834544476394,-0.5050251256281407,0.2791044969937797,-0.2744014732965009,-0.25430957962364975,-0.3539521181447332,-0.5036057692307692,0.37470069685288787,-0.2923782678383905,-0.25633952692204254,-0.3688551904039103
2023-04-18,0.325,0.33,0.325,0.325,251000.0,81595.0,,,,0.0,0.0,-0.015151515151515138,-0.017384731670445852,-0.4258644381368899,-0.36294416243654826,-0.5781512605042016,-0.4189814814814815,-0.5181596231585923,-0.7088518149166229,-0.36268843239865656,-0.5610340004303852,-0.43905541042210916,-0.5186615611776761,-0.7325257039454043
2023-04-19,0.32,0.32,0.315,0.32,55000.0,17480.0,,,,-0.015384615384615441,-0.030303030303030276,-0.0724637681159419,-0.0317700453857791,-0.774181001563205,-0.7808764940239044,-0.934445768772348,-0.8377581120943953,-0.8925507170383695,-1.186259192009936,-0.7857711869599853,-0.9372374421026175,-0.8484414965101661,-0.8949037013076613,-1.2246534001294278
2023-04-20,0.32,0.32,0.315,0.32,287000.0,90520.0,,,,0.0,-0.030303030303030276,-0.04477611940298509,-0.02809415337889154,-0.6951950607068331,4.218181818181818,-0.3907357873731584,2.2247191011235956,-0.4233119416222898,-0.530787610899168,4.178489702517163,-0.4066168903106543,2.0284376045500165,-0.43926472565041763,-0.5645690369983035
2023-04-21,0.32,0.32,0.31,0.32,666000.0,213075.0,,,,0.0,-0.015384615384615441,-0.04477611940298509,-0.025875190258751735,-0.6349465504145617,1.3205574912891986,-0.16331658291457285,5.7272727272727275,0.31213583797604816,0.40774711521101525,1.3538996906760938,-0.1738717431761787,5.4636735932049145,0.29558488748796075,0.3953405635700336
2023-04-24,0.32,0.32,0.32,0.32,10000.0,3200.0,,,,0.0,-0.015384615384615441,-0.05882352941176472,-0.023646071700991533,-0.5773344598228143,-0.984984984984985,-0.9746192893401016,-0.9038461538461539,-0.9813404776912349,-1.3924067725265532,-0.984981813915288,-0.9750058580020308,-0.9085714285714286,-0.9815527829644562,-1.4263956492996601
2023-04-25,0.31,0.32,0.305,0.305,280000.0,86900.0,,,,-0.046875,-0.06153846153846154,-0.1159420289855072,-0.06656465187452176,-1.6469339848289208,27.0,0.11553784860557759,0.46366962885520135,-0.47291081613359753,-0.6543929229273676,26.15625,0.06501623874011897,0.3573671139157464,-0.49440853070697277,-0.6993863738398216
2023-04-26,0.305,0.32,0.3,0.3,461000.0,138705.0,,,,-0.016393442622950838,-0.0625,-0.1428571428571428,-0.07621247113163976,-1.8573577187702637,0.6464285714285714,7.381818181818181,-0.2961832061068702,-0.13937045975912832,-0.19632546453906358,0.59614499424626,6.935068649885584,-0.3942748591641556,-0.19833824456275317,-0.28469625260977455
2023-04-27,0.305,0.315,0.305,0.305,128000.0,39320.0,,,,0.016666666666666607,-0.046875,-0.1159420289855072,-0.05352986811481786,-1.3242964727541804,-0.7223427331887202,-0.554006968641115,5.7368421052631575,-0.7566328944106181,-1.0485524403518967,-0.7165206733715439,-0.5656208572691118,5.09140201394268,-0.7666574089239893,-1.0763694700644613
2023-04-28,0.31,0.315,0.3,0.3,639000.0,193415.0,,,,-0.016393442622950838,-0.0625,-0.11764705882352955,-0.06323185011709598,-1.6324192618501723,3.9921875,-0.04054054054054057,0.05970149253731338,0.2024740480131515,0.2887825024454776,3.9189979654120037,-0.09226798075794906,-0.060773078230466626,0.13672661641126083,0.197334051078022
2023-05-02,0.3,0.31,0.3,0.31,699000.0,211760.0,,,,0.03333333333333344,-0.03125,-0.08823529411764708,-0.025923016496465112,-0.6719905998008645,0.0938967136150235,68.9,0.3390804597701149,0.3109419202092105,0.44445135993180884,0.09484786598764305,65.175,0.21488195978313884,0.24913655853911898,0.35875770880280994
2023-05-03,0.3,0.31,0.3,0.305,665000.0,200190.0,,,,-0.016129032258064502,0.0,-0.08955223880597019,-0.03709550118389893,-1.0424819009162882,-0.048640915593705314,1.375,0.10281923714759533,0.22681413526022465,0.3279864107344064,-0.05463732527389498,1.3036823935558113,-0.00383160828025475,0.1679843125220064,0.24378896335362307
2023-05-04,0.305,0.31,0.3,0.305,287000.0,87410.0,,,,0.0,0.016666666666666607,-0.06153846153846154,-0.03251387787470261,-0.9582875996526207,-0.5684210526315789,-0.37744034707158347,-0.7442067736185383,-0.47354364194804266,-0.6872465880677497,-0.5633648034367351,-0.3698136332504236,-0.7603136953809452,-0.4899023601571785,-0.7108764487362798
2023-05-05,0.305,0.335,0.305,0.335,486000.0,155995.0,,,,0.09836065573770503,0.09836065573770503,0.08064516129032273,0.06603023070803493,1.9444257378685565,0.6933797909407666,2.796875,-0.6960600375234521,-0.03457339665684289,-0.04917560962841643,0.7846356252145064,2.967319430315361,-0.6825530875754215,-0.009527885223460264,-0.01361517533553471
2023-05-08,0.315,0.32,0.31,0.32,373000.0,117295.0,,,,-0.04477611940298509,0.06666666666666665,0.049180327868852514,0.014263074484944571,0.3888171574497086,-0.23251028806584362,-0.4162754303599374,-0.4153605015673981,-0.16695402658243008,-0.30817043081019185,-0.24808487451520878,-0.3935578936483727,-0.4103260186511827,-0.1664955292268402,-0.30290350973949737
2023-05-09,0.31,0.32,0.31,0.315,72000.0,22435.0,,,,-0.015625,0.016129032258064502,0.050000000000000044,-0.0039525691699603405,-0.11021949734991779,-0.806970509383378,-0.8969957081545065,-0.7662550157777864,-0.8342939680242594,-1.5177387319711109,-0.8087301248987595,-0.8940545901020023,-0.7591079424049477,-0.8358143527601997,-1.497519027049482
2023-05-10,0.31,0.315,0.305,0.31,260348.0,81249.0,,,,-0.015873015873015928,0.016393442622950838,-0.04615384615384621,-0.02208201892744477,-0.6550055404887183,2.6159444444444446,-0.6084992481203008,-0.5624403361344538,-0.3840876454626534,-0.6469675338590448,2.621528861154446,-0.5941405664618613,-0.5628954163976759,-0.3896064284061508,-0.6487520155935275
2023-05-11,0.31,0.31,0.305,0.31,21000.0,6495.0,,,,0.0,0.016393442622950838,-0.06060606060606066,-0.019762845849802257,-0.5883960507529559,-0.9193387312366524,-0.926829268292683,-0.9749702026221693,-0.9482720907731204,-1.5398211162468283,-0.9200605545914411,-0.9256950005720169,-0.9766794729094108,-0.9492092636985431,-1.522487019756049
2023-05-12,0.305,0.32,0.305,0.32,90960.0,27773.0,,,,0.032258064516129004,-0.04477611940298509,-0.030303030303030276,0.015067406819984308,0.46604122870837594,3.331428571428572,-0.8128395061728395,-0.8069035791618901,-0.7508425772125048,-1.131615869813134,3.276058506543495,-0.8219622423795634,-0.8179404650309081,-0.7569675061189094,-1.1414893582133734
2023-05-15,0.31,0.32,0.305,0.32,160000.0,50330.0,,,,0.0,0.0,-0.015384615384615441,0.016679904686259128,0.5433627968213035,0.7590149516270888,-0.5710455764075066,-0.7989949748743719,-0.5376596446798785,-0.7493256707797071,0.8121916969718792,-0.5709109510209301,-0.8048619727047146,-0.5341458244822892,-0.7438546204194769
2023-05-16,0.32,0.32,0.305,0.315,144000.0,44520.0,,,,-0.015625,0.0,-0.03076923076923077,0.0015898251192367763,0.052937320314307784,-0.09999999999999998,1.0,-0.6345177664974619,-0.5417885646972274,-0.7483853913380835,-0.1154381084840056,0.9843993759750389,-0.6522689994532531,-0.5441261701478416,-0.759266114033304
2023-05-17,0.31,0.315,0.305,0.315,184001.0,56415.0,,,,0.0,0.016129032258064502,-0.03076923076923077,0.0031847133757962887,0.10966000390271602,0.2777847222222223,-0.29324980410834733,-0.2669282868525896,-0.3902515000062964,-0.512563634137807,0.2671832884097034,-0.30565299265221724,-0.30859734052331633,-0.39652193818989745,-0.5252807359987649
2023-05-18,0.305,0.32,0.305,0.31,231585.0,73051.0,,,,-0.015873015873015928,0.0,-0.03125,-0.011164274322169043,-0.3999570423713142,0.25860729017777073,10.027857142857142,3.2106363636363637,-0.2239510387280551,-0.2892845482190252,0.2948861118496853,10.24726712856043,3.1791189931350115,-0.20789685125688406,-0.2699880235809143
2023-05-19,0.305,0.315,0.305,0.315,396000.0,121415.0,,,,0.016129032258064502,-0.015625,-0.015625,0.006389776357827559,0.2313463350947898,0.7099553079862686,3.3535620052770447,0.3797909407665505,0.28887495862418455,0.39532922599155346,0.6620580142640073,3.3716919310121343,0.3413057887759612,0.2780169816315652,0.3828173052884506
2023-05-22,0.305,0.31,0.3,0.3,185000.0,56360.0,,,,-0.04761904761904767,-0.0625,-0.0625,-0.04076738609112707,-1.4994539497630597,-0.5328282828282829,0.15625,-0.7222222222222222,-0.4083686100212124,-0.5667408752630871,-0.535806943128938,0.11980925889131733,-0.7354921975830107,-0.41624528469953614,-0.5804537387859077
2023-05-23,0.3,0.305,0.3,0.3,146000.0,44140.0,,,,0.0,-0.04761904761904767,-0.0625,-0.037690457097033,-1.3386936799035902,-0.21081081081081077,0.01388888888888884,13.6,-0.4941878371575851,-0.6766107702311274,-0.21682044002838896,-0.008535489667565122,12.79375,-0.5024328822651816,-0.696167479383867
2023-05-24,0.3,0.3,0.295,0.295,318000.0,95280.0,,,,-0.01666666666666672,-0.0634920634920636,-0.032786885245901676,-0.05068382944489136,-1.7645350138481477,1.1780821917808217,0.7282514768941473,0.13571428571428568,0.07634355938691728,0.1108775437804066,1.1585863162664252,0.688912523265089,0.0964326812428078,0.04981729014259262,0.07320733148546693
2023-05-25,0.29,0.3,0.29,0.295,618000.0,183705.0,,,,0.0,-0.048387096774193616,-0.01666666666666672,-0.04915390813859799,-1.6010669937701805,0.9433962264150944,1.6685666170088735,0.34056399132321036,1.0783958819511494,1.5760817276463992,0.9280541561712847,1.5147499691996003,0.32442954471720564,1.0148029698067456,1.4981332895370376
2023-05-29,0.3,0.3,0.29,0.29,357000.0,105635.0,,,,-0.016949152542372947,-0.07936507936507942,-0.049180327868852514,-0.06451612903225812,-2.02684683885604,-0.4223300970873787,-0.09848484848484851,1.7890625,0.16974508403979494,0.24332371496653044,-0.42497482376636453,-0.12996746695218875,1.6865462868769074,0.13066099810923215,0.18970304640208244
2023-05-30,0.3,0.33,0.29,0.305,1417000.0,436180.0,,,,0.051724137931034475,0.016666666666666607,0.016666666666666607,-0.013742926434923142,-0.393732662317372,2.969187675070028,6.65945945945946,1.2175273865414709,3.4750472690684537,5.264913522703986,3.129123869929474,6.739176721078779,1.2551508414549026,3.5086279787561736,5.378351999835929
2023-05-31,0.3,0.32,0.29,0.3,284000.0,86050.0,,,,-0.016393442622950838,0.0,-0.032258064516129115,-0.030694668820678506,-0.8941013641805075,-0.799576570218772,0.9452054794520548,-0.5937052932761087,-0.20122561241947923,-0.22585665345826486,-0.8027190609381448,0.9494789306751246,-0.5936437476388364,-0.20969235862975988,-0.23548814128953977
2023-06-01,0.29,0.305,0.29,0.295,92000.0,27370.0,,,,-0.01666666666666672,0.0,-0.032786885245901676,-0.04530744336569581,-1.2922674479283276,-0.676056338028169,-0.7106918238993711,-0.8616541353383459,-0.725204729943455,-0.7921148197991414,-0.6819291109819872,-0.7127413937867338,-0.8632798841100954,-0.7332258569156835,-0.8005959954894978
2023-06-02,0.3,0.31,0.3,0.3,67000.0,20355.0,,,,0.016949152542372836,0.016949152542372836,-0.016393442622950838,-0.027552674230145846,-0.7555064664169309,-0.2717391304347826,-0.8915857605177994,-0.7665505226480837,-0.7811492408655123,-0.795159119571226,-0.25630252100840334,-0.889197354454152,-0.7671319071044502,-0.7833540790472902,-0.7961106426643416
2023-06-05,0.29,0.3,0.29,0.295,158000.0,46165.0,,,,-0.01666666666666672,0.01724137931034475,-0.11940298507462699,-0.04298459042984604,-1.1635749423180342,1.3582089552238807,-0.5574229691876751,-0.6748971193415638,-0.4646693638747367,-0.44895703383675806,1.2679931220830265,-0.5629762862687556,-0.7040610275970384,-0.490466036219791,-0.47322176024696616
2023-06-06,0.295,0.295,0.29,0.295,332000.0,96395.0,,,,0.0,-0.032786885245901676,-0.07812500000000011,-0.03673469387755113,-1.1420320871844387,1.1012658227848102,-0.7657021877205363,-0.10991957104557637,0.19105403618436512,0.17547833775762384,1.0880537203509153,-0.7790017882525563,-0.17818321326569764,0.13258113825608708,0.12122178204829309
2023-06-07,0.295,0.3,0.29,0.3,149000.0,44025.0,,,,0.016949152542372836,0.0,-0.04761904761904767,-0.016393442622950838,-0.5209880722566274,-0.5512048192771084,-0.47535211267605637,1.0694444444444446,-0.4615003467720922,-0.4214982509999404,-0.5432854401161886,-0.4883788495061011,0.9623356362825941,-0.47630370935182986,-0.43136817538287886
2023-06-08,0.3,0.305,0.295,0.305,321000.0,95220.0,,,,0.016666666666666607,0.033898305084745894,-0.016129032258064502,0.0024650780608050926,0.08014824731605322,1.1543624161073827,2.489130434782609,0.2329651082397406,0.14420268855551366,0.13453845456182273,1.162862010221465,2.4789915966386555,0.17195288557397626,0.11832230513920905,0.10927851606337854
2023-06-09,0.305,0.305,0.295,0.3,1221000.0,360610.0,,,,-0.016393442622950838,0.0,-0.032258064516129115,-0.013157894736842146,-0.43186000913309164,2.803738317757009,17.223880597014926,57.142857142857146,3.305704300026836,3.1165525509238137,2.7871245536651963,16.716040284942274,54.5211701308699,3.2007619640056175,2.9796628698535534
2023-06-12,0.3,0.3,0.29,0.29,708676.0,209589.0,,,,-0.033333333333333326,-0.016949152542372947,-0.09375000000000011,-0.04448105436573313,-1.4688351287868755,-0.41959377559377564,3.4852911392405064,6.791072999120493,1.0626391790144458,1.015315447629234,-0.4187931560411525,3.539997833856818,6.546501998343715,1.0240425612049093,0.9755301988891781
2023-06-13,0.29,0.295,0.29,0.295,647000.0,187645.0,,,,0.01724137931034475,0.0,-0.07812500000000011,-0.023178807947019764,-0.7958224257631625,-0.08702989800698768,0.9487951807228916,3.04375,0.7278070923410078,0.7502503440356414,-0.10470015124839571,0.9466258623372581,2.7282932644546,0.6658750626994732,0.6841784012169141
2023-06-14,0.295,0.3,0.29,0.295,921000.0,267920.0,,,,0.0,-0.01666666666666672,-0.0634920634920636,-0.019118869492934287,-0.7347080497603798,0.42349304482225647,5.181208053691275,5.395833333333333,1.309352425986007,1.432811578203304,0.42780249940046366,5.085633162975582,5.017969451931716,1.2418911144814602,1.3514389922259145
2023-06-15,0.295,0.3,0.29,0.3,325000.0,96350.0,,,,0.016949152542372836,-0.016393442622950838,-0.04761904761904767,0.0008340283569643336,0.03492151478907741,-0.6471226927252987,0.012461059190031154,0.7662947483981066,-0.2574196910820217,-0.29879952043001917,-0.6403777246939385,0.011867254778407998,0.707879110165736,-0.2626816273041199,-0.3034960454525105
2023-06-16,0.3,0.3,0.29,0.295,195000.0,58140.0,,,,-0.01666666666666672,-0.01666666666666672,-0.048387096774193616,-0.013377926421404895,-0.6453203515954945,-0.4,-0.8402948402948403,-0.15797655288554957,-0.5615150038884624,-0.668826310429561,-0.396574987026466,-0.8387731898727157,-0.20411767121599977,-0.5617797140337522,-0.6650542187124854
2023-06-19,0.295,0.3,0.29,0.29,54000.0,15905.0,,,,-0.016949152542372947,0.0,-0.07936507936507942,-0.027661357921207164,-1.4515600148435193,-0.7230769230769231,-0.9238015679944008,-0.8636363636363636,-0.878071855416703,-1.0382777415913462,-0.726436188510492,-0.9241133838130818,-0.869003006218342,-0.8794413141465253,-1.0309743263001088
2023-06-20,0.3,0.3,0.29,0.29,342000.0,99750.0,,,,0.0,-0.016949152542372947,-0.033333333333333326,-0.023569023569023795,-1.5862585591393017,5.333333333333333,-0.4714064914992272,0.8486486486486486,-0.1967754527062795,-0.21791709789203068,5.271612700408676,-0.4684110954195422,0.7698722498225692,-0.21240849430269326,-0.2329379930590235
2023-06-21,0.29,0.295,0.285,0.29,340000.0,98215.0,,,,0.0,-0.016949152542372947,-0.033333333333333326,-0.021922428330522825,-1.4078702943081018,-0.005847953216374324,-0.6308360477741586,1.3287671232876712,-0.21592827865355513,-0.24583113894640382,-0.01538847117794484,-0.6334166915497164,1.2250792931581334,-0.23758815011009426,-0.2672979294955914
2023-06-23,0.29,0.29,0.28,0.28,1291000.0,365940.0,,,,-0.0344827586206895,-0.06666666666666654,-0.05084745762711851,-0.054054054054053946,-3.3632763650722963,2.7970588235294116,2.9723076923076923,3.0597484276729556,1.9120270098963807,2.256773893546973,2.725907447945833,2.79802802283342,2.8406801007556677,1.7822805059410665,2.073967324737618
2023-06-26,0.285,0.29,0.27,0.275,640000.0,175135.0,,,,-0.017857142857142905,-0.06779661016949146,-0.06779661016949146,-0.0685859441151564,-3.4005756361746684,-0.504260263361735,2.282051282051282,0.03559870550161803,0.3008558411882667,0.35323920419025634,-0.5214106137618189,2.0122979016167872,-0.046650880487738466,0.20734298371274407,0.24232364419256208
2023-06-27,0.28,0.285,0.275,0.275,340000.0,94325.0,,,,0.0,-0.051724137931034364,-0.051724137931034364,-0.06542056074766356,-2.5726917141210723,-0.46875,5.296296296296297,-0.04761904761904767,-0.3104620350536764,-0.36500464715811043,-0.4614154794872527,4.930524992140836,-0.10706678657641877,-0.347817218731699,-0.40570730818745504
2023-06-28,0.275,0.285,0.275,0.275,235000.0,65045.0,,,,0.0,-0.051724137931034364,-0.0983606557377048,-0.06303236797274259,-2.151346512084205,-0.3088235294117647,-0.3128654970760234,-0.8341566690190543,-0.5225845929312453,-0.6128849589221943,-0.3104161144977472,-0.34791979949874685,-0.8508757852262827,-0.5484999049035083,-0.6361977603346363
2023-06-29,0.275,0.285,0.275,0.285,214000.0,60045.0,,,,0.036363636363636154,-0.017241379310344862,-0.050000000000000044,-0.023972602739726012,-0.7700607966816133,-0.08936170212765959,-0.37058823529411766,-0.24647887323943662,-0.5059263442382007,-0.6055543612836871,-0.07686985932815737,-0.3886371735478288,-0.30220801859384083,-0.5215821849619285,-0.6269590359631291
2023-06-30,0.285,0.29,0.28,0.28,155000.0,43920.0,,,,-0.01754385964912264,0.0,-0.05084745762711851,-0.03862660944205998,-1.2480754415203392,-0.2757009345794392,-0.8799380325329202,0.6847826086956521,-0.6392276399110126,-0.7550586048982211,-0.2685485885585811,-0.8799803246433842,0.6046766532700036,-0.6463973103008521,-0.7639881129907795
2023-07-03,0.29,0.29,0.28,0.29,31000.0,8910.0,,,,0.03571428571428559,0.05454545454545445,-0.033333333333333326,-0.001721170395869387,-0.05373581667733943,-0.8,-0.9515625,-0.5373134328358209,-0.9283707014911371,-1.113254803879831,-0.7971311475409836,-0.9491249607445684,-0.5622697126013265,-0.9287397818365621,-1.1128439087465947
2023-07-04,0.29,0.29,0.28,0.285,319000.0,91455.0,,,,-0.017241379310344862,0.036363636363636154,-0.03389830508474578,-0.017241379310344862,-0.5535807194166695,9.290322580645162,-0.061764705882352944,1.018987341772152,-0.2598329681997328,-0.30856872332205554,9.264309764309765,-0.030426716141001897,0.981046247156937,-0.2652000663653977,-0.3144068899486305
2023-07-05,0.275,0.285,0.275,0.285,48000.0,13465.0,,,,0.0,0.036363636363636154,-0.03389830508474578,-0.015544041450777257,-0.4990281817883821,-0.8495297805642633,-0.7957446808510639,-0.8554216867469879,-0.8906690099942192,-1.0913708949513452,-0.8527691214258378,-0.792989468829272,-0.8603143316562063,-0.8937479360151885,-1.0923564101336558
2023-07-06,0.285,0.295,0.275,0.275,1148000.0,327945.0,,,,-0.0350877192982455,-0.0350877192982455,-0.08333333333333326,-0.04844290657439432,-1.5601240105062633,22.916666666666668,4.364485981308412,6.704697986577181,1.7022332027253952,1.9637878893242533,23.35536576308949,4.46165375968024,6.449063032367973,1.6753450489046173,1.9268481155453008
2023-07-07,0.27,0.29,0.27,0.28,49000.0,13925.0,,,,0.0181818181818183,0.0,-0.08196721311475397,-0.026933101650738367,-0.8515509375376569,-0.9573170731707317,-0.6838709677419355,-0.8473520249221184,-0.8967951307521445,-1.076287982496377,-0.9575386116574426,-0.6829462659380692,-0.8537597143457257,-0.8981915380900732,-1.0757334573099375
2023-07-10,0.275,0.295,0.275,0.275,177000.0,49435.0,,,,-0.017857142857142905,-0.051724137931034364,-0.08333333333333326,-0.04013961605584648,-1.3876162752191037,2.6122448979591835,4.709677419354839,-0.855036855036855,-0.6162050791896854,-0.7004515528656761,2.5500897666068223,4.548260381593715,-0.8629128421286154,-0.6275008156778943,-0.710747960237412
2023-07-11,0.28,0.285,0.28,0.285,113000.0,31685.0,,,,0.036363636363636154,0.0,-0.017241379310344862,-0.0008764241893077784,-0.03115088982191578,-0.3615819209039548,-0.64576802507837,-0.8405477256179128,-0.7237054377214941,-0.8037764110515087,-0.35905734803277034,-0.6535454595156087,-0.848823172971864,-0.7295415949833103,-0.8110471082182221
2023-07-12,0.285,0.285,0.275,0.275,239524.0,66289.0,,,,-0.0350877192982455,-0.0350877192982455,-0.06779661016949146,-0.03508771929824561,-1.2583057392295502,1.1196814159292034,3.9900833333333336,-0.6297928902627512,-0.3683438818565401,-0.38078262047379585,1.0921256114880857,3.92305978462681,-0.6467318606943964,-0.38767432354727493,-0.40095246479112046
2023-07-13,0.27,0.285,0.265,0.28,744000.0,204150.0,,,,0.0181818181818183,0.0181818181818183,-0.05084745762711851,-0.014084507042253502,-0.5075698165291878,2.1061605517609925,-0.3519163763066202,-0.19218241042345274,1.0734271912140194,1.062706942903464,2.079696480562386,-0.37748707862598907,-0.23801881158554794,0.9977502680058068,0.9866718903289143
2023-07-14,0.275,0.285,0.27,0.275,84000.0,23335.0,,,,-0.017857142857142905,-0.017857142857142905,-0.08333333333333326,-0.029126213592232775,-1.1025821631950028,-0.8870967741935484,0.7142857142857142,-0.7415384615384615,-0.7599836788901646,-0.760058234807064,-0.8856967915748224,0.6757630161579893,-0.7578100674623768,-0.7642963815176445,-0.7655406507197787
2023-07-18,0.28,0.29,0.28,0.28,426000.0,121210.0,,,,0.0181818181818183,0.0181818181818183,-0.05084745762711851,-0.007092198581560072,-0.30443870784298754,4.071428571428571,1.406779661016949,1.1846153846153844,0.26063027962910246,0.24812280691361,4.194343261195629,1.4519065439465964,1.084795321637427,0.2712019943220134,0.2578669660838521
2023-07-19,0.28,0.285,0.28,0.285,895000.0,251220.0,,,,0.01785714285714257,0.0,-0.017241379310344862,0.013333333333333197,0.6442426124615394,1.10093896713615,6.920353982300885,15.574074074074073,1.5609755399652392,1.5418051076233272,1.072601270522234,6.928672873599495,14.795033008487897,1.5503481069842708,1.5265290947386785
2023-07-20,0.285,0.3,0.285,0.3,1896000.0,559545.0,,,,0.05263157894736836,0.09090909090909083,0.034482758620689724,0.06761565836298922,3.4388751169037826,1.1184357541899441,6.915699470616723,4.543859649122807,3.8425878012761343,4.103845429464418,1.2273107236684977,7.440993226628853,4.609473684210526,4.074319884973195,4.337044621395973
2023-07-21,0.31,0.315,0.3,0.3,216000.0,66310.0,,,,0.0,0.0714285714285714,0.034482758620689724,0.06571936056838368,2.7578171723046405,-0.8860759493670887,-0.7096774193548387,-0.3647058823529412,-0.5396676485669385,-0.509476824923922,-0.881492998775791,-0.6751898114131766,-0.324848546556025,-0.5024002005107321,-0.4642982738928202
2023-07-24,0.3,0.3,0.285,0.285,126000.0,37505.0,,,,-0.050000000000000044,0.036363636363636154,0.01785714285714257,0.010638297872340496,0.39074105419472976,-0.41666666666666663,0.5,-0.9024012393493416,-0.7278771698016224,-0.674732624151035,-0.43439903483637465,0.607242339832869,-0.8975105208504126,-0.7151471031094574,-0.6503673681871662
2023-07-25,0.28,0.29,0.27,0.29,353000.0,98800.0,,,,0.01754385964912286,0.03571428571428559,0.05454545454545445,0.027457927369353374,1.0077287538866964,1.8015873015873014,-0.17136150234741787,-0.44843750000000004,-0.12791315299664363,-0.11145065325164398,1.634315424610052,-0.18488573550037124,-0.43586376224055734,-0.1426788855172605,-0.12169766126875174
2023-07-26,0.28,0.285,0.28,0.285,209000.0,59210.0,,,,-0.017241379310344862,0.0,0.036363636363636154,0.007067137809187107,0.2604940361298069,-0.40793201133144474,-0.7664804469273743,-0.3852941176470588,-0.46468756451283244,-0.39325982981737,-0.40070850202429154,-0.7643101663880264,-0.37227670288894776,-0.46861570397201013,-0.3884928248684356
2023-07-27,0.285,0.29,0.285,0.285,142000.0,40985.0,,,,0.0,-0.050000000000000044,0.036363636363636154,0.005291005291005346,0.2012990983971904,-0.32057416267942584,-0.9251054852320675,-0.39574468085106385,-0.6300890755925999,-0.5223884825361081,-0.3078027360243202,-0.9267529868017764,-0.36989776308709355,-0.6262886362931772,-0.509269016196708
2023-07-28,0.28,0.3,0.28,0.3,1315000.0,372875.0,,,,0.05263157894736836,0.0,0.05263157894736836,0.05633802816901423,2.227838707423459,8.26056338028169,5.087962962962963,5.144859813084112,2.46758741880176,2.0121739699745405,8.097840673417103,4.623209169054442,5.209925888916646,2.437675168161435,1.9528559344428953
2023-07-31,0.3,0.305,0.285,0.3,1602000.0,474000.0,,,,0.0,0.05263157894736836,0.0714285714285714,0.05355575065847229,1.9002042791366658,0.21825095057034227,11.714285714285714,9.335483870967742,2.688896605432211,2.300120439057976,0.27120348642306413,11.63831489134782,9.792349726775956,2.819232656534151,2.379027524158007
2023-08-01,0.3,0.315,0.285,0.29,335000.0,99680.0,,,,-0.033333333333333326,0.0,0.0,0.014873140857392775,0.49269643692894893,-0.7908863920099876,-0.05099150141643061,9.806451612903226,-0.338762977516757,-0.3034469691724111,-0.789704641350211,0.00890688259109318,10.187429854096521,-0.31544432594134997,-0.27825885519784255
2023-08-03,0.3,0.3,0.285,0.295,167000.0,48535.0,,,,0.01724137931034475,0.03508771929824572,0.03508771929824572,0.03237095363079612,1.0723393039041869,-0.5014925373134329,-0.2009569377990431,-0.4764890282131662,-0.6799700743274293,-0.6380162498075662,-0.5130918940609952,-0.18029049147103526,-0.4693018424361708,-0.6767591600999526,-0.6259439682584688
2023-08-04,0.29,0.29,0.285,0.29,294000.0,83960.0,,,,-0.016949152542372947,0.01754385964912286,0.01754385964912286,0.013100436681222627,0.4229306005612213,0.7604790419161678,1.0704225352112675,5.125,-0.42826717113986024,-0.39320349640666624,0.729885649531266,1.0485543491521288,5.235425176383216,-0.43272263406961387,-0.3918636635210178
2023-08-07,0.285,0.29,0.28,0.28,691000.0,198850.0,,,,-0.0344827586206895,-0.06666666666666654,0.0181818181818183,-0.022687609075043635,-0.7303346522868234,1.3503401360544216,-0.47452471482889735,-0.3980836236933798,0.31237533858713973,0.29798871208557387,1.3683897093854216,-0.4667113643982568,-0.39364832517647774,0.31228182943371907,0.2936816364796802
2023-08-08,0.28,0.28,0.27,0.28,476000.0,130810.0,,,,0.0,-0.06666666666666654,0.0,-0.023539668700958805,-0.7825178704165481,-0.3111432706222865,-0.7028714107365792,8.714285714285714,-0.05494839740293467,-0.05182489774210405,-0.3421674629117425,-0.7240295358649789,8.393895870736086,-0.09832969384153878,-0.09132751311909679
2023-08-09,0.28,0.28,0.27,0.28,361000.0,99840.0,,,,0.0,-0.0344827586206895,0.0181818181818183,-0.023539668700958805,-0.7825178704165481,-0.24159663865546221,0.07761194029850738,1.0395480225988702,-0.3124152661333853,-0.3134296920259396,-0.23675559972479165,0.0016051364365972098,1.019621725498129,-0.338455050028343,-0.3334371230804975
2023-08-10,0.285,0.285,0.28,0.285,69524.0,19629.0,,,,0.01785714285714257,-0.03389830508474578,0.0,-0.006968641114982743,-0.23994948963736898,-0.8074127423822715,-0.5836886227544911,-0.3847433628318584,-0.8698603700080603,-0.8962752119130372,-0.8033954326923077,-0.595570207067065,-0.38049550260375575,-0.872073524648445,-0.8812503392943478
2023-08-11,0.285,0.285,0.28,0.285,442000.0,125690.0,,,,0.0,-0.017241379310344862,0.036363636363636154,-0.006968641114982743,-0.23994948963736898,5.3575168287210175,0.5034013605442176,0.8453265643526326,-0.1692547576140997,-0.17303524666285786,5.403280859952112,0.4970223916150547,0.8960913575404668,-0.17762006426458532,-0.17816005007157934
2023-08-14,0.295,0.315,0.285,0.295,491000.0,147535.0,,,,0.03508771929824572,0.05357142857142838,0.05357142857142838,0.026086956521739202,0.9537161360233082,0.11085972850678738,-0.2894356005788712,-0.34005376344086025,-0.09439034763975251,-0.09910343643364984,0.17380062057442913,-0.25805883832034193,-0.2773205975998041,-0.05309102065087601,-0.054718769279433366
2023-08-15,0.28,0.285,0.275,0.275,792000.0,222450.0,,,,-0.06779661016949146,-0.017857142857142905,0.0,-0.04596704249783168,-1.6930228972743548,0.6130346232179227,0.6638655462184875,8.428571428571429,0.4956767011717269,0.5103693512529719,0.5077778154336259,0.7005580613102973,8.53289050782087,0.4541477693915785,0.46085846957594556
2023-08-16,0.275,0.28,0.27,0.28,1267000.0,344265.0,,,,0.0181818181818183,0.0,0.0,-0.028620988725065022,-1.054146332265163,0.5997474747474747,2.509695290858726,1.9741784037558685,1.2427708256405885,1.3866589406011447,0.5476062036412677,2.4481670673076925,1.8402359541291973,1.1129373336537123,1.2228170995933854
2023-08-17,0.27,0.28,0.25,0.25,2829000.0,741925.0,,,,-0.1071428571428572,-0.12280701754385959,-0.12280701754385959,-0.1326973113616653,-4.887405722320314,1.2328334648776638,39.6909844082619,2.160893854748603,3.6608087763572943,4.203652186115921,1.1550985432733505,36.79739161444801,1.9532879547806705,3.26186218547638,3.704311285687501
2023-08-18,0.245,0.245,0.235,0.235,1487000.0,358175.0,,,,-0.06000000000000005,-0.17543859649122806,-0.21666666666666667,-0.1797556719022687,-4.441079803846765,-0.47437256981265463,2.3642533936651584,-0.21571729957805907,1.1131878554369186,1.0810230296495258,-0.5172355696330492,1.849669822579362,-0.3598816895870752,0.803318347426832,0.8025830030825251
2023-08-21,0.236,0.238,0.228,0.228,1107000.0,257827.0,,,,-0.029787234042553123,-0.22711864406779658,-0.24,-0.19505736981465138,-3.471101530110632,-0.2555480833893746,1.2545824847250509,4.125,0.6202540242162846,0.6103336907886291,-0.2801647239477909,0.7475649845799301,2.888206906952194,0.3674092668075477,0.37625741391008516
2023-08-22,0.23,0.244,0.226,0.24,1251000.0,289624.0,,,,0.05263157894736836,-0.12727272727272743,-0.1578947368421052,-0.14178437332379767,-2.0191576709520165,0.13008130081300817,0.5795454545454546,8.928571428571429,0.7189350242560832,0.756811220660182,0.12332688197900143,0.3019734771858844,6.722277029729369,0.4618076357977927,0.5016337392084687
2023-08-23,0.245,0.248,0.231,0.243,1187000.0,285836.0,,,,0.012499999999999956,-0.13214285714285723,-0.16206896551724137,-0.1240086517664023,-1.601272188330651,-0.05115907274180653,-0.06314127861089192,2.3626062322946177,0.513980017504517,0.5878055670392862,-0.013079026600005483,-0.16972099981119193,1.893076923076923,0.35638775561046954,0.41863340746887356
2023-08-24,0.229,0.24,0.229,0.24,243000.0,56929.0,,,,-0.012345679012345734,-0.040000000000000036,-0.1578947368421052,-0.1274313761134338,-1.5526049918056992,-0.7952822240943556,-0.9141039236479321,0.16267942583732053,-0.7057135888385278,-0.8527872069427772,-0.8008333449950321,-0.9232685244465411,-0.03852389799020439,-0.7413318169498564,-0.9159471265809296
2023-08-25,0.238,0.239,0.23,0.231,179000.0,42553.0,,,,-0.03749999999999987,-0.017021276595744594,-0.18947368421052624,-0.15322580645161288,-1.7604918462824732,-0.26337448559670784,-0.8796234028244788,0.26056338028169024,-0.7836665070552515,-0.9511272024082053,-0.2525250750935376,-0.8811949466043135,0.038257899231426196,-0.8065517727336785,-0.9954029739634382
2023-08-28,0.231,0.265,0.23,0.24,910000.0,214835.0,,,,0.03896103896103886,0.05263157894736836,-0.19999999999999996,-0.11144020733061832,-1.1896211058617308,4.083798882681564,-0.17795844625112922,-0.3079847908745247,0.09734247769319815,0.11874034780109301,4.048645218903485,-0.16674747020288794,-0.423841770030171,-0.023696497241074033,-0.029268925524977934
2023-08-29,0.231,0.248,0.225,0.244,5520000.0,1278104.0,,,,0.016666666666666607,0.016666666666666607,-0.18666666666666665,-0.08648446274803445,-0.919335799592182,5.065934065934066,3.4124700239808154,2.445692883895131,5.823017598193977,7.02528778726812,4.949235459771453,3.4129768251249892,1.69642194092827,5.024603648218173,6.109100731532945
2023-08-30,0.245,0.245,0.24,0.24,74260.0,17987.0,,,,-0.016393442622950838,-0.012345679012345734,-0.1724137931034483,-0.09194097616345054,-0.9968556080299538,-0.9865471014492754,-0.9374389216512216,-0.7783283582089552,-0.9261040263454172,-0.7489208331920453,-0.9859268103378129,-0.9370723071971341,-0.8195525682182986,-0.9287227474573275,-0.8041577613897455
2023-08-31,0.228,0.239,0.226,0.226,180000.0,42345.0,,,,-0.05833333333333324,-0.05833333333333324,-0.23389830508474574,-0.13674560733384256,-1.4814679470407652,1.4239159709130083,-0.2592592592592593,0.07784431137724557,-0.8185281178583252,-0.6487787554457628,1.354200255740257,-0.25617874896801274,-0.1275368290924075,-0.8294383145307318,-0.6998145423768926
2023-09-04,0.23,0.23,0.228,0.23,791000.0,181884.0,,,,0.017699115044247815,-0.0043290043290042934,-0.2068965517241378,-0.1097348558157537,-1.1762867258563219,3.394444444444445,3.4189944134078214,1.6904761904761907,-0.20305414637527663,-0.16110714072524399,3.2952886999645763,3.274293234319554,1.1663172939494997,-0.26647387899061314,-0.2243782896689973
2023-09-05,0.229,0.237,0.229,0.237,124000.0,28468.0,,,,0.030434782608695476,-0.012500000000000067,-0.1535714285714287,-0.07186214999020968,-0.7747539616344515,-0.843236409608091,-0.8637362637362638,-0.8205499276410999,-0.8781194060247544,-0.7197461802953198,-0.8434826592773416,-0.8674890031884935,-0.8568368116670857,-0.8874135793033666,-0.7673581768326044
2023-09-06,0.229,0.236,0.228,0.234,367000.0,84419.0,,,,-0.012658227848101111,-0.040983606557376984,-0.16428571428571437,-0.07582938388625582,-0.824822758037485,1.9596774193548385,-0.9335144927536232,-0.22899159663865543,-0.6289328067077624,-0.49545283304078314,1.9653997470844455,-0.9339498194200159,-0.3546441403562419,-0.6544956311105772,-0.5393044431224673
2023-09-07,0.239,0.255,0.238,0.247,452000.0,110260.0,,,,0.05555555555555558,0.029166666666666785,-0.117857142857143,-0.015544041450777257,-0.17137531730145789,0.2316076294277929,5.0867223269593325,0.25207756232686984,-0.5404585572920076,-0.4225419058753337,0.3061040760966134,5.129982765330516,0.10436698717948723,-0.5444102869231786,-0.4426721999944216
2023-09-11,0.25,0.25,0.235,0.235,422000.0,104273.0,,,,-0.04858299595141702,0.03982300884955747,-0.17543859649122806,-0.05717151454363101,-0.6564311515807647,-0.0663716814159292,1.3444444444444446,5.06984638398251,-0.5729346634563227,-0.45079552839650916,-0.054298929802285456,1.462463100720274,4.312191145753732,-0.5700738444031219,-0.46493283857853995
2023-09-12,0.226,0.242,0.219,0.226,652000.0,151534.0,,,,-0.038297872340425476,-0.017391304347826098,-0.207017543859649,-0.08409321175278606,-1.027162142383946,0.5450236966824644,-0.17572692793931732,0.4751131221719458,-0.3517359457446735,-0.28421065770621834,0.4532429296174465,-0.166864595016604,0.2056169941920598,-0.38592822767184887,-0.32323087119856414
2023-09-13,0.228,0.238,0.222,0.232,601945.0,138388.0,,,,0.026548672566371723,-0.021097046413501963,-0.21355932203389827,-0.048400328137817694,-0.6356689582165772,-0.07677147239263804,3.8543951612903227,0.2259572301425663,-0.4076877737357357,-0.3339674389763179,-0.08675280795069096,3.8611774624139388,-0.06199884773104691,-0.44212199076518954,-0.372870737304614
2023-09-14,0.233,0.237,0.23,0.23,134000.0,31391.0,,,,-0.008620689655172376,-0.017094017094017144,-0.1636363636363637,-0.04425514232287542,-0.7465597865687744,-0.777388299595478,-0.6348773841961852,-0.8308080808080808,-0.8688601919974868,-0.7169197164952007,-0.7731667485620141,-0.6281524301401343,-0.8588851427287031,-0.8732209751819487,-0.73465866029011
2023-09-15,0.23,0.236,0.21,0.212,2718000.0,590098.0,,,,-0.0782608695652175,-0.1417004048582996,-0.242857142857143,-0.11073825503355716,-2.215110402490013,19.28358208955224,5.013274336283186,1.1452249408050514,1.7484799555874764,1.3794717902078246,17.798317989232583,4.3518773807364415,0.7140807226990835,1.4788711331306597,1.180422310593371
2023-09-18,0.213,0.234,0.213,0.234,566000.0,126566.0,,,,0.10377358490566047,-0.004255319148936065,-0.06399999999999995,-0.004255319148936176,-0.11510712977614605,-0.7917586460632818,0.34123222748815163,-0.7999293036408625,-0.46677230730024977,-0.3779096245551451,-0.7855169819250362,0.21379455851466833,-0.8294086329480743,-0.4944291376522787,-0.402186062416542
2023-09-19,0.234,0.248,0.228,0.234,672782.0,160828.0,,,,0.0,0.03539823008849563,-0.004255319148936065,-0.0008539709649871829,-0.025195526732798738,0.18866077738515896,0.03187423312883442,-0.5475574983187625,-0.29054652736274866,-0.22103337415233443,0.270704612613182,0.06133277020338679,-0.5509792699099603,-0.26754800641968013,-0.2053940244173089
2023-09-20,0.226,0.234,0.22,0.226,1954000.0,437542.0,,,,-0.03418803418803418,-0.025862068965517238,-0.00877192982456143,-0.03480674781123205,-1.0269965476346148,1.904358321120363,2.2461437506748956,0.7651309846431797,1.1529323483980018,0.8429797782134268,1.7205586091974032,2.1617047720900655,0.6970371605766656,1.0864399428823344,0.8011447296870545
2023-09-21,0.235,0.236,0.234,0.236,440000.0,103566.0,,,,0.044247787610619316,0.02608695652173898,-0.01666666666666672,0.008331553086947219,0.2428578974779426,-0.77482088024565,2.283582089552239,-0.64828137490008,-0.5368174103177186,-0.40384464833724903,-0.7633004374437197,2.2992258927718137,-0.6424122310305775,-0.5264324633779194,-0.39865118903354696
2023-09-22,0.23,0.231,0.223,0.23,1035000.0,238072.0,,,,-0.025423728813559254,0.08490566037735858,-0.053497942386831254,-0.01646354500748326,-0.4859585545585908,1.352272727272727,-0.619205298013245,-0.1280539174389217,0.13811385504069262,0.0992436602650855,1.2987466929301124,-0.5965551484668647,-0.16710281420115036,0.13697721432177135,0.0991133529532681
2023-09-25,0.229,0.229,0.218,0.218,409000.0,89576.0,,,,-0.05217391304347829,-0.06837606837606847,-0.09166666666666667,-0.065180102915952,-1.9840106909835387,-0.6048309178743961,-0.2773851590106007,0.6831275720164609,-0.5464623033937649,-0.38978670501124085,-0.6237440774219564,-0.2922585844539608,0.5734687066345798,-0.5672700904966665,-0.4064376240097852
2023-09-26,0.218,0.23,0.218,0.225,113000.0,25335.0,,,,0.032110091743119185,-0.03846153846153855,-0.025974025974025983,-0.030590262817751013,-0.8664506867804441,-0.7237163814180929,-0.832040690743807,-0.36871508379888274,-0.8758377313421881,-0.6324853111620556,-0.7171675448780923,-0.8424714601934986,-0.4046248208116936,-0.8785675136584586,-0.6362045597592061
2023-09-27,0.226,0.226,0.222,0.226,662000.0,149222.0,,,,0.004444444444444473,0.0,-0.05833333333333324,-0.025021570319240682,-0.6950115916069654,4.8584070796460175,-0.6612077789150461,-0.27252747252747256,-0.2699597766584195,-0.19392118173696754,4.889954608249457,-0.6589538832843476,-0.3054111294714549,-0.281804637789555,-0.2028380305481039
2023-09-28,0.22,0.225,0.22,0.225,181000.0,40683.0,,,,-0.004424778761061954,-0.0466101694915253,-0.07786885245901631,-0.026395499783643417,-0.743251137565867,-0.7265861027190332,-0.5886363636363636,-0.9672101449275362,-0.797629548813961,-0.5645994146535127,-0.7273659379984185,-0.6071780314002665,-0.9681692569618747,-0.8010542175302908,-0.5669146912654762
2023-09-29,0.21,0.225,0.2,0.224,1557000.0,324537.0,,,,-0.004444444444444473,-0.026086956521739202,-0.06666666666666665,-0.02672170323701939,-0.796568675440911,7.602209944751381,0.5043478260869565,19.96687314839752,1.48147519795821,1.4305587880314283,6.977214069758867,0.36318844719244603,17.042864290876743,1.2755068735961563,1.279649885463889
2023-10-03,0.221,0.221,0.21,0.219,95000.0,20831.0,,,,-0.022321428571428603,0.004587155963302836,-0.030973451327433676,-0.04512753433616745,-1.3853246951287683,-0.938985228002569,-0.7677261613691931,-0.4722222222222222,-0.8645925765231892,-0.9084938230354601,-0.9358131738445847,-0.7674488702330982,-0.5080647065769276,-0.8681159498282203,-0.9487769275998704
2023-10-04,0.218,0.219,0.211,0.217,392650.0,85018.0,,,,-0.0091324200913242,-0.03555555555555556,-0.05652173913043479,-0.05240174672489084,-1.5397674766745522,3.1331578947368417,2.474778761061947,-0.5036030341340076,-0.43692882208133854,-0.453781624956559,3.081321107964092,2.355752910992698,-0.5325702095841305,-0.45804792583075615,-0.4938408786648342
2023-10-05,0.215,0.228,0.211,0.222,152000.0,33617.0,,,,0.02304147465437789,-0.017699115044247815,-0.06329113924050622,-0.027808189183271104,-0.7710807979750675,-0.6128867948554693,-0.770392749244713,0.22580645161290325,-0.7756188804016895,-0.7790731234315079,-0.6045896163165447,-0.7747182050904022,0.18086974848953208,-0.7788796776433127,-0.8097323713184074
2023-10-06,0.225,0.231,0.225,0.225,212000.0,47796.0,,,,0.013513513513513598,0.0,-0.03846153846153855,-0.011423550087873546,-0.32147671818935536,0.39473684210526305,0.1712707182320441,-0.4223433242506812,-0.6876928211407212,-0.693397556863346,0.42178064669661186,0.1748396135978172,-0.4338241391156019,-0.6861468876692682,-0.7156334449197037
2023-10-09,0.229,0.234,0.216,0.229,9000.0,2060.0,,,,0.017777777777777892,0.022321428571428603,-0.07287449392712542,0.008144397974906514,0.2323464882986369,-0.9575471698113207,-0.9942196531791907,-0.9800884955752213,-0.9865885594302284,-0.9766632418295458,-0.9569001590091221,-0.9936524957092719,-0.9813168873571558,-0.9863083486173592,-1.008579586654479
2023-10-10,0.212,0.231,0.212,0.231,589000.0,132699.0,,,,0.008733624454148492,0.0547945205479452,-0.017021276595744594,0.020994475138121693,0.7330557483599319,64.44444444444444,5.2,0.39573459715639814,-0.09233643004822556,-0.08652499639501983,63.41699029126214,5.37026546973261,0.2726113183662118,-0.0851288189006778,-0.08196925003707253
2023-10-11,0.231,0.231,0.214,0.226,1277155.0,284918.0,,,,-0.02164502164502169,0.041474654377880116,0.0,-0.00022119000221187957,-0.007995893690263042,1.1683446519524616,2.252655036291863,0.9588266871165645,0.9431241873093485,0.89756945329181,1.1470998274289936,2.351266790561999,0.8802249000224371,0.9452583312595007,0.9207506998173264
2023-10-12,0.226,0.229,0.226,0.229,46000.0,10386.0,,,,0.01327433628318575,0.031531531531531654,-0.012931034482758674,0.013050210130502116,0.47175772772557273,-0.9639824453570631,-0.6973684210526316,-0.9235810580700895,-0.9331906712100884,-0.9121788322261178,-0.9635474066222562,-0.6910491715501086,-0.9249501401855652,-0.9321784426574479,-0.9298067268504782
2023-10-13,0.225,0.229,0.225,0.229,204000.0,46508.0,,,,0.0,0.017777777777777892,-0.004347826086956497,0.013722886232846454,0.5050596195977215,3.4347826086956523,-0.037735849056603765,0.5223880597014925,-0.6912502827367968,-0.6354006131592275,3.4779510880030813,-0.02694786174575281,0.48157115096683767,-0.6830520989756848,-0.6391835247518881
2023-10-16,0.228,0.232,0.226,0.229,427000.0,97901.0,,,,0.0,0.0,0.08018867924528306,0.013947310161611881,0.5158246629715497,1.093137254901961,46.44444444444444,-0.8428991905813098,-0.35714975557764794,-0.33120029322536926,1.1050356927840372,46.5247572815534,-0.8340936590193493,-0.33623245593516704,-0.3173716059752289
2023-10-17,0.226,0.233,0.226,0.232,72000.0,16345.0,,,,0.013100436681222627,0.0043290043290042934,-0.008547008547008517,0.023378914865461065,1.02078171731547,-0.8313817330210773,-0.8777589134125636,-0.872791519434629,-0.8690145445703936,-0.9024133482081308,-0.8330456277259681,-0.876826502083663,-0.870857892324953,-0.8669873509812785,-0.9136220667922299
2023-10-18,0.221,0.23,0.221,0.229,111000.0,24802.0,,,,-0.012931034482758674,0.01327433628318575,-0.021367521367521403,0.010591350397175736,0.47414672746156217,0.5416666666666667,-0.9130880746659568,-0.8350134218810848,-0.788563112053836,-0.7666953245806488,0.5174059345365556,-0.9129503927445791,-0.8457855597284055,-0.7886889547762669,-0.7778512783350987
2023-10-19,0.226,0.226,0.22,0.225,33000.0,7278.0,,,,-0.017467248908296984,-0.017467248908296984,-0.004424778761061954,-0.005964214711729587,-0.2816395052374444,-0.7027027027027026,-0.28260869565217395,-0.9831115660184238,-0.9335869439981967,-0.8489429664685394,-0.7065559229094428,-0.2992489890236857,-0.9833661682764169,-0.9341778608618739,-0.8588164117091337
2023-10-20,0.225,0.225,0.201,0.22,412000.0,89239.0,,,,-0.022222222222222254,-0.0393013100436681,-0.06779661016949146,-0.027839151568714082,-1.3118408888722286,11.484848484848484,1.0196078431372548,-0.0636363636363636,0.027840891726816253,0.025706758071337793,11.26147293212421,0.9187881654769072,-0.13833690593437997,0.0020380091513909626,0.0019224724578441898
2023-10-24,0.209,0.21,0.207,0.212,62000.0,13033.0,,,,-0.036363636363636376,-0.07423580786026207,-0.0782608695652175,-0.05986696230598687,-3.0550872250090766,-0.8495145631067962,-0.8548009367681499,-0.9400966183574879,-0.8447827929208436,-0.7774591294468105,-0.8539539887269019,-0.8668757213920184,-0.9452560569911623,-0.8524696588169839,-0.798194414634781
2023-10-25,0.22,0.22,0.212,0.212,268000.0,58897.0,,,,0.0,-0.0862068965517242,-0.02752293577981657,-0.056099732858414963,-2.415939714955835,3.32258064516129,2.7222222222222223,-0.34474327628361856,-0.23601069299959165,-0.20042868459033364,3.519066983810328,2.60336494340777,-0.3424912923104403,-0.23598895824577237,-0.2048491220861273
2023-10-26,0.212,0.22,0.212,0.219,101000.0,21981.0,,,,0.03301886792452824,-0.04366812227074235,-0.026666666666666727,-0.023629068212215776,-0.920266198596682,-0.6231343283582089,-0.09009009009009006,-0.10619469026548678,-0.7061734841933698,-0.5874311502289059,-0.6267891403636858,-0.1137408273526328,-0.13238602723505033,-0.7090738234603154,-0.6030031964865284
2023-10-27,0.219,0.22,0.21,0.218,800000.0,172579.0,,,,-0.004566210045662156,-0.03111111111111109,-0.03539823008849563,-0.026785714285714413,-1.0211184685863974,6.920792079207921,23.242424242424242,0.2084592145015105,1.3314082215653804,1.1046344910991142,6.8512806514717255,22.712420994778785,0.1565251772526839,1.2892241490803187,1.09266978060995
2023-10-30,0.208,0.22,0.202,0.22,583000.0,126135.0,,,,0.00917431192660545,0.0,-0.022222222222222254,-0.01610017889087667,-0.5996494303105986,-0.27125,0.4150485436893203,2.2209944751381214,0.6655227505979668,0.5542950461401561,-0.26911733177269537,0.4134515178341309,2.1004350711599438,0.6476303435159376,0.5501831337525414
2023-10-31,0.22,0.222,0.213,0.216,94000.0,20493.0,,,,-0.018181818181818188,0.018867924528301883,-0.0357142857142857,-0.03290799194089988,-1.215660713263199,-0.8387650085763293,0.5161290322580645,-0.9396274887604368,-0.7460422096759269,-0.655319418981294,-0.8375312165536924,0.5723931558351876,-0.9368546575583061,-0.7464616222101252,-0.6677930476747638
2023-11-01,0.216,0.225,0.216,0.223,36000.0,7820.0,,,,0.03240740740740744,0.051886792452830344,0.0182648401826484,0.00022426553038790153,0.0079851530128466,-0.6170212765957447,-0.8656716417910448,-0.6210526315789473,-0.8787838994714473,-0.8179727952926669,-0.6184062850729517,-0.8672258349321698,-0.6245979549709568,-0.8808395478607499,-0.8186923262963802
2023-11-02,0.22,0.225,0.22,0.225,45000.0,9910.0,,,,0.008968609865470878,0.027397260273972712,0.03686635944700467,0.008290387631637808,0.2987575213366703,0.25,-0.5544554455445545,-0.8853941168980007,-0.8469597274522791,-0.775101053545672,0.2672634271099745,-0.549156089349893,-0.883436448752029,-0.8474803867626519,-0.7744745427742303
2023-11-03,0.217,0.226,0.217,0.226,130000.0,28316.0,,,,0.004444444444444473,0.03669724770642202,0.018018018018018056,0.010959516886602572,0.40627450914372976,1.8888888888888888,-0.8375,-0.14473684210526316,-0.5301053377322703,-0.45116203970725216,1.8573158425832492,-0.8359244172234165,-0.1576880744861231,-0.5374702812894837,-0.457225938647852
2023-11-06,0.22,0.22,0.211,0.22,323000.0,70981.0,,,,-0.026548672566371723,0.0,-0.022222222222222254,-0.016759776536312776,-0.6205925677574027,1.4846153846153847,-0.44596912521440824,0.5235849056603774,0.17216808454852028,0.14573061386958513,1.5067453030088998,-0.4372616640900623,0.4850824336764583,0.16448581571918863,0.13909672881962531
2023-11-07,0.225,0.225,0.22,0.225,234000.0,52494.0,,,,0.022727272727272707,0.04166666666666674,-0.017467248908296984,0.006711409395973034,0.2462484474581118,-0.27554179566563464,1.4893617021276597,25.0,-0.16757897994630178,-0.1447896004063685,-0.2604499795719981,1.561557605035866,24.48252427184466,-0.15487719767105834,-0.13352939353029822
2023-11-09,0.209,0.225,0.209,0.225,43000.0,9499.0,,,,0.0,0.008968609865470878,-0.025974025974025983,0.00761307657859378,0.2849627797917295,-0.8162393162393162,0.19444444444444442,-0.9269949066213922,-0.852919924305068,-0.7809943392458208,-0.8190459862079476,0.21470588235294108,-0.9284169436092209,-0.853037985944311,-0.7798478794094752
2023-11-10,0.225,0.228,0.225,0.225,106221.0,24165.0,,,,0.0,0.0,-0.004424778761061954,0.008968609865470656,0.3506812602431221,1.4702558139534885,1.3604666666666665,-0.9168299853972306,-0.5992533702561046,-0.502794160135544,1.5439519949468363,1.4384460141271442,-0.9151861237268266,-0.5867517731709297,-0.4914086680538485
2023-11-13,0.213,0.224,0.213,0.218,83000.0,17695.0,,,,-0.03111111111111109,-0.03539823008849563,-0.048034934497816595,-0.022202287508410135,-0.8715041805481905,-0.21861025597574868,-0.3615384615384616,0.8043478260869565,-0.5980844608557265,-0.5914768707640217,-0.2677426029381337,-0.37508828930639926,0.7037357981898711,-0.6105691039017916,-0.6113584495137805
2023-11-14,0.218,0.229,0.218,0.22,113000.0,25440.0,,,,0.00917431192660545,0.0,-0.0393013100436681,-0.010791366906474864,-0.4289459407103064,0.3614457831325302,-0.6501547987616099,-0.446078431372549,-0.45767215129699146,-0.45961385547805084,0.43769426391636057,-0.6415942294416817,-0.4529973337920358,-0.44458453547814525,-0.4514105496074755
2023-11-15,0.211,0.221,0.211,0.221,62000.0,13296.0,,,,0.00454545454545463,-0.01777777777777778,-0.03493449781659397,-0.0042802432980401095,-0.17609923712740075,-0.4513274336283186,-0.7350427350427351,-0.8548009367681499,-0.6957966704945586,-0.6798998528360856,-0.47735849056603774,-0.7467139101611613,-0.8641893341232469,-0.7028836774848799,-0.693754499581695
2023-11-16,0.211,0.215,0.208,0.215,608000.0,128402.0,,,,-0.02714932126696834,-0.04444444444444451,-0.07327586206896552,-0.029564432408034302,-1.2756187964375716,8.806451612903226,13.13953488372093,7.444444444444445,2.276549685400034,2.0714213127826255,8.657190132370637,12.517422886619643,6.855735698990517,2.1688627069662068,1.9951693515681321
2023-11-17,0.215,0.215,0.21,0.214,217000.0,46414.0,,,,-0.0046511627906976605,-0.04888888888888898,-0.06550218340611358,-0.03035795197100133,-1.4247005080167268,-0.643092105263158,1.0429105355814765,0.954954954954955,0.02184463676366266,0.020840476494886177,-0.6385258796591953,0.9207117732257397,0.8713813402144988,0.0063146711763717445,0.00609573665233919
2023-11-20,0.214,0.22,0.205,0.209,13000.0,2704.0,,,,-0.02336448598130847,-0.041284403669724856,-0.07111111111111112,-0.04978404182768814,-2.432701134600988,-0.9400921658986175,-0.8433734939759037,-0.6060606060606061,-0.9402741096764902,-0.9247664172553847,-0.9417417158615935,-0.8471884713195819,-0.6284693597142073,-0.9427159301193665,-0.9365251755324262
2023-11-21,0.205,0.22,0.205,0.218,278000.0,59353.0,,,,0.04306220095693791,-0.00909090909090915,-0.00909090909090915,-0.005247547342003278,-0.2320734956609655,20.384615384615383,1.4601769911504423,-0.3252427184466019,0.2831101852409559,0.27601231939968635,20.95007396449704,1.333058176100629,-0.33489841885274374,0.2635112768269694,0.2593509011501919
2023-11-22,0.207,0.22,0.207,0.211,496000.0,103605.0,,,,-0.032110091743119296,-0.045248868778280604,-0.004716981132075526,-0.03674960054782006,-1.623818522515549,0.7841726618705036,7.0,7.0,1.362342920270212,1.3120245977041414,0.7455730965578824,6.7921931407942235,6.9494360469577225,1.2780167698797396,1.2421385312528666
2023-11-23,0.215,0.219,0.215,0.215,80000.0,17208.0,,,,0.018957345971563955,0.0,0.014150943396226356,-0.0182648401826484,-0.7941696256088738,-0.8387096774193549,-0.868421052631579,-0.7014925373134329,-0.6546678865523574,-0.6769762255585843,-0.8339076299406399,-0.8659833958972601,-0.7078289216768257,-0.655901593614743,-0.6853647775760066
2023-11-24,0.218,0.218,0.207,0.215,978000.0,212068.0,,,,0.0,0.004672897196261738,-0.0182648401826484,-0.01893680127766373,-0.8541211314596873,11.225,3.506912442396313,8.683168316831683,3.4002311696088903,3.3387447092156908,11.323802882380289,3.569052441073814,8.647786724898776,3.425043558096589,3.3944173873704777
2023-11-27,0.21,0.21,0.208,0.208,151000.0,31688.0,,,,-0.032558139534883734,-0.004784688995215336,-0.04587155963302758,-0.0500114181319935,-2.2135421371044255,-0.84560327198364,10.615384615384615,-0.81125,-0.4325677193788082,-0.4108532137173737,-0.8505762302657638,10.718934911242604,-0.8163855393761698,-0.44822158200973894,-0.4274770918968043
2023-11-28,0.208,0.209,0.203,0.209,2006000.0,409762.0,,,,0.004807692307692291,-0.041284403669724856,-0.050000000000000044,-0.04325932707713431,-1.711938188281525,12.28476821192053,6.215827338129497,2.4408233276157802,7.585085105112727,7.056387603461639,11.931141125978288,5.903812781156808,2.2485987235898044,7.132731823206832,6.6611991906999615
2023-11-29,0.209,0.209,0.206,0.209,146000.0,30475.0,,,,0.0,-0.009478672985781977,-0.03240740740740744,-0.040844424047728256,-1.5102910595975776,-0.9272183449651047,-0.7056451612903225,0.553191489361702,-0.5210147401152287,-0.341186803140083,-0.925627559412537,-0.7058539645769992,0.48709315375982043,-0.5279997955569253,-0.3555261429847496
2023-11-30,0.206,0.215,0.202,0.207,228000.0,47035.0,,,,-0.009569377990430672,-0.037209302325581395,-0.07174887892376691,-0.04849459894277175,-1.698603777349232,0.5616438356164384,1.85,5.333333333333333,-0.258322041449063,-0.17100777722026392,0.5433962264150944,1.733321710832171,5.014705882352941,-0.2771047302879055,-0.18845348915449944
2023-12-01,0.207,0.207,0.207,0.207,20000.0,4140.0,,,,0.0,-0.037209302325581395,-0.08000000000000007,-0.04498269896193774,-1.5009351622206675,-0.9122807017543859,-0.9795501022494888,-0.5555555555555556,-0.9369107165191876,-0.6450694392531927,-0.9119804400977995,-0.9804779598996548,-0.5822401614530777,-0.9382324637637914,-0.6631016450419482
2023-12-04,0.203,0.21,0.202,0.207,250000.0,50899.0,,,,0.0,-0.004807692307692291,-0.08407079646017701,-0.04100069492703273,-1.3533029355000838,11.5,0.6556291390728477,0.9230769230769231,-0.20826207032184618,-0.142573473683994,11.294444444444444,0.6062547336531179,0.7975349625653341,-0.23731962779267868,-0.1666686570628111
2023-12-05,0.207,0.21,0.204,0.204,1247000.0,258146.0,,,,-0.01449275362318847,-0.02392344497607657,-0.07272727272727275,-0.050721265704979146,-1.7124359832605565,3.9880000000000004,-0.37836490528414757,2.8606811145510838,2.875546776093626,2.0136796719019494,4.0717302893966485,-0.3700099081906082,2.636832391766811,2.803751944084054,2.0097187745839378
2023-12-06,0.204,0.21,0.204,0.21,27000.0,5520.0,,,,0.02941176470588247,0.004784688995215225,-0.06666666666666676,-0.019149929939280774,-0.6130590301575152,-0.9783480352846833,-0.815068493150685,-0.8846153846153846,-0.9266226683503593,-0.6766270082201081,-0.9786167517606316,-0.8188679245283019,-0.8948451251571609,-0.9285200014503188,-0.6907061352972653
2023-12-08,0.209,0.225,0.209,0.21,288000.0,60538.0,,,,0.0,0.01449275362318847,-0.06666666666666676,-0.015701898289196214,-0.5380473423898369,9.666666666666666,0.26315789473684204,5.6976744186046515,-0.19465575798063284,-0.13678455307235662,9.967028985507246,0.28708408631869875,5.373091904410991,-0.1914866906085686,-0.13664383262422225
2023-12-11,0.204,0.206,0.201,0.205,737000.0,149008.0,,,,-0.023809523809523836,-0.009661835748792313,-0.08888888888888902,-0.035747883349012244,-1.3515291926443538,1.5590277777777777,35.85,5.9383643535647375,0.9926402090731101,0.7286494622853651,1.4613961478740625,34.99227053140097,5.166273536105939,0.9244804666033388,0.6891397361489819
2023-12-12,0.22,0.22,0.201,0.205,749635.0,151874.0,,,,0.0,-0.009661835748792313,-0.059633027522935866,-0.031190926275992514,-1.3065903022579781,0.017143826322930877,1.9985400000000002,8.031746987951808,0.8675510712506229,0.6879023587386232,0.019233866638032948,1.9838307235898545,7.582876518790618,0.8151591135630776,0.6542345271352376
2023-12-13,0.201,0.205,0.201,0.205,220000.0,44361.0,,,,0.0,0.004901960784313708,-0.06818181818181823,-0.028205735956387645,-1.1850827522434468,-0.7065238416029134,-0.8235765838011226,0.9469026548672566,-0.49394080372551574,-0.42428201961116474,-0.7079091878794264,-0.8281553849372061,0.7437499999999999,-0.509165594788598,-0.4420594834108067
2023-12-14,0.202,0.206,0.201,0.205,353000.0,71541.0,,,,0.0,-0.023809523809523836,-0.07239819004524894,-0.024738344433872572,-1.1044243235863502,0.6045454545454545,12.074074074074074,4.693548387096774,-0.1978763036640352,-0.17309629496748397,0.6127003448975452,11.960326086956522,4.380640794223827,-0.2166311888994008,-0.1910335472399298
2023-12-15,0.204,0.205,0.204,0.205,414000.0,84470.0,,,,0.0,-0.023809523809523836,-0.04651162790697683,-0.021012416427889202,-1.0741633259551182,0.17280453257790374,0.4375,-0.319078947368421,-0.08937288255824627,-0.08196400652680134,0.18072154428928866,0.3953219465459712,-0.34214420336131834,-0.10364341837950153,-0.09569885978623537
2023-12-19,0.201,0.205,0.2,0.202,90000.0,18274.0,,,,-0.014634146341463317,-0.014634146341463317,-0.05607476635514008,-0.03303015797032072,-1.7312758600972746,-0.782608695652174,-0.8778833107191316,-0.5852534562211982,-0.7977217854198987,-0.7178107884430708,-0.783662838877708,-0.8773622892730591,-0.6062825871504287,-0.8014568594569018,-0.7249164462384138
2023-12-20,0.202,0.212,0.201,0.209,219000.0,45833.0,,,,0.03465346534653446,0.019512195121951237,0.0,0.00336053768602973,0.1715907639206046,1.4333333333333331,-0.707857824141082,15.846153846153847,-0.5006632172907332,-0.4406213721157374,1.508098938382401,-0.6982169429922173,15.95007396449704,-0.4943037035443316,-0.43659377196870175
2023-12-21,0.202,0.205,0.201,0.204,379000.0,77167.0,,,,-0.02392344497607657,-0.004878048780487809,-0.06422018348623859,-0.0206433029284685,-1.05405754979799,0.730593607305936,0.7227272727272727,0.3633093525179856,-0.15567964168737092,-0.1422779161296596,0.683655881133681,0.739523455287302,0.30013647161895785,-0.16836854011050761,-0.15451291479310747
2023-12-22,0.202,0.208,0.202,0.207,259000.0,53435.0,,,,0.014705882352941124,0.009756097560975618,-0.018957345971563955,-0.0028901734104044285,-0.17215123738076,-0.316622691292876,-0.2662889518413598,-0.47782258064516125,-0.4294296444344331,-0.39795657653526106,-0.30754078816074226,-0.25308564319760696,-0.48424303846339467,-0.4296044218333359,-0.39895008433357687
2023-12-27,0.207,0.21,0.203,0.21,156000.0,32273.0,,,,0.01449275362318847,0.024390243902439046,-0.023255813953488413,0.012536162005786,0.7661723760296695,-0.39768339768339767,-0.6231884057971014,0.95,-0.647124089605599,-0.5819118005227095,-0.3960325629269206,-0.6179353616668639,0.87546490004649,-0.6460210963661033,-0.5817647073073214
2023-12-28,0.219,0.227,0.207,0.215,697000.0,155709.0,,,,0.023809523809523725,0.06435643564356419,0.0,0.037895244991551946,2.6513932039109225,3.467948717948718,6.7444444444444445,-0.287321063394683,0.5631947259559289,0.5135716182017164,3.8247451429987915,7.520794571522382,-0.2657590961389743,0.6938635534158966,0.6332922835215835
2023-12-29,0.223,0.223,0.214,0.221,432000.0,95668.0,,,,0.027906976744185963,0.05741626794258381,0.0625,0.06685976345643252,4.677935780148573,-0.3802008608321378,0.9726027397260273,1.8609271523178808,0.00038961933669767745,0.00035290707224067217,-0.3855974927589285,1.0873169986690812,2.0190608432214088,0.07362575947676642,0.06699341959556243
2024-01-02,0.22,0.228,0.21,0.228,443000.0,99671.0,,,,0.03167420814479649,0.11764705882352944,0.09090909090909105,0.09720885466795015,4.711845617207067,0.02546296296296302,0.16886543535620047,-0.7791625124626121,-0.0064630364440796395,-0.006103319432111623,0.04184262240247527,0.2916272499902808,-0.7567588014505982,0.07978428364663781,0.07592750158956947
2024-01-03,0.228,0.228,0.218,0.228,400000.0,89620.0,,,,0.0,0.10144927536231885,0.09090909090909105,0.09221556886227544,3.089249074550366,-0.09706546275395034,0.5444015444015444,1.7397260273972601,0.08774942604221692,0.10852738713537051,-0.10084176942139644,0.677177879666885,1.9407711238720262,0.16689897443876678,0.20648229047276445
2024-01-04,0.219,0.219,0.218,0.218,299000.0,65447.0,,,,-0.04385964912280704,0.03809523809523818,0.0531400966183575,0.039580352885074,1.0957255889027548,-0.25249999999999995,0.9166666666666667,0.3114035087719298,-0.21405087771985387,-0.27816322684913536,-0.2697277393438965,1.0279180739317697,0.3914531731689168,-0.17944159349842215,-0.23402006878944528
2024-01-05,0.23,0.23,0.22,0.221,404000.0,91598.0,,,,0.013761467889908285,0.027906976744185963,0.06763285024154597,0.05112960760998808,1.3843322348628546,0.3511705685618729,-0.4203730272596844,19.2,0.05213333706614964,0.06873717340001734,0.39957522881109897,-0.4117359947080772,21.12512077294686,0.1353289613124491,0.17964689865808883
2024-01-08,0.211,0.219,0.211,0.218,275000.0,59720.0,,,,-0.013574660633484226,-0.013574660633484226,0.0531400966183575,0.03342024176345082,0.8723460035353714,-0.31930693069306926,-0.36342592592592593,0.10000000000000009,-0.31792547653756653,-0.4605181037257717,-0.3480206991419027,-0.37575782915917544,0.17330399418456155,-0.2978462739528245,-0.43627713939910656
2024-01-09,0.212,0.213,0.201,0.201,2469000.0,504658.0,,,,-0.07798165137614677,-0.11842105263157887,-0.014705882352941013,-0.04964539007092206,-1.284799291682255,7.9781818181818185,4.573363431151241,0.9799518845228548,5.104861945186054,7.435231950498725,7.4504018754186205,4.063238053195011,0.9549324800694181,4.90287114890989,7.248803737554571
2024-01-10,0.202,0.22,0.202,0.204,859635.0,181321.0,,,,0.01492537313432818,-0.10526315789473695,-0.02857142857142858,-0.03477643718949608,-0.8809638539877933,-0.6518286755771567,1.1490874999999998,30.838333333333335,0.8465657820331267,0.772680534326848,-0.6407051904458069,1.023220263334077,31.84800724637681,0.8536331039135958,0.8011896528328055
2024-01-11,0.203,0.206,0.202,0.206,614000.0,124960.0,,,,0.009803921568627416,-0.05504587155963303,-0.01904761904761909,-0.023927979151859624,-0.5940743724185882,-0.2857433678247163,1.0535117056856187,1.1319444444444446,0.21065494658034334,0.21099913347056987,-0.31083547961901825,0.9093312145705685,1.0641580494895768,0.17213038637342137,0.17740676460602917
2024-01-12,0.206,0.206,0.203,0.206,121000.0,24791.0,,,,0.0,-0.0678733031674209,0.004878048780487809,-0.023002134218638837,-0.5657053611130549,-0.8029315960912052,-0.7004950495049505,-0.835820895522388,-0.7688473026295052,-0.7982977102288267,-0.8016085147247118,-0.7293499858075504,-0.8336263824761087,-0.7742792523745703,-0.8261852245530563
2024-01-15,0.207,0.207,0.2,0.2,1042000.0,208603.0,,,,-0.029126213592232886,-0.08256880733944949,-0.024390243902438935,-0.051683262209577974,-1.276300736717316,7.611570247933884,2.789090909090909,0.3900098047716556,1.1150338923017435,1.0787989778760285,7.4144649267879466,2.4930174146014736,0.37352673927071134,1.0131625740509391,1.007694559358431
2024-01-16,0.2,0.204,0.2,0.204,189000.0,38008.0,,,,0.019999999999999796,0.01492537313432818,-0.004878048780487809,-0.03156895323997133,-0.756404453134923,-0.8186180422264875,-0.9234507897934386,-0.14090909090909087,-0.6274259817152894,-0.6108635508628351,-0.8177974429897941,-0.9246856286831875,-0.14321137936475736,-0.6429698654843315,-0.6438217230936077
2024-01-17,0.2,0.2,0.197,0.199,490000.0,97605.0,,,,-0.02450980392156854,-0.02450980392156854,-0.029268292682926744,-0.05508072174738854,-1.3139734404077514,1.5925925925925926,-0.42999063556044137,0.38810198300283294,-0.031106905983260935,-0.030138571951461465,1.568011997474216,-0.46170052007213724,0.36432255629638943,-0.08039836684855195,-0.08011050931254689
2024-01-18,0.198,0.198,0.197,0.198,127000.0,25144.0,,,,-0.005025125628140725,-0.03883495145631055,-0.03414634146341455,-0.058487874465049994,-1.3478799769834198,-0.7408163265306122,-0.7931596091205212,-0.6932367149758454,-0.7522346435471025,-0.7404093744750007,-0.7423902464013115,-0.7987836107554418,-0.70233218894282,-0.7659750813349212,-0.7746874412634321
2024-01-19,0.197,0.198,0.197,0.198,14000.0,2762.0,,,,0.0,-0.03883495145631055,-0.01980198019801982,-0.056918313884258054,-1.2622452856005075,-0.889763779527559,-0.884297520661157,-0.8444444444444444,-0.9719006265658501,-0.9179088170327239,-0.8901527203308941,-0.8885886007018676,-0.848856298566269,-0.9735631166233151,-0.9441831264445917
2024-01-22,0.191,0.192,0.187,0.187,1738000.0,331642.0,,,,-0.05555555555555558,-0.06500000000000006,-0.10526315789473684,-0.10846245530393306,-2.3492801963230105,123.14285714285714,0.6679462571976968,6.936073059360731,2.515146428197623,2.3423935676972394,119.07313540912382,0.5898237321610906,6.235878079113303,2.198101440072363,2.1021492122302217
2024-01-23,0.186,0.193,0.186,0.193,177000.0,33991.0,,,,0.03208556149732633,-0.0539215686274509,-0.0539215686274509,-0.0750059908938413,-1.43035355041618,-0.8981588032220944,-0.06349206349206349,-0.5329815303430079,-0.6896815159320928,-0.6619372474214815,-0.8975069502656479,-0.10568827615238896,-0.5595137817979188,-0.711916508249421,-0.7073717432321553
2024-01-24,0.191,0.193,0.191,0.193,22000.0,4242.0,,,,0.0,-0.03015075376884424,-0.06763285024154586,-0.07256126862085532,-1.318551681819781,-0.8757062146892656,-0.9551020408163265,-0.915057915057915,-0.9607340413997065,-0.8980241083474384,-0.8752022594216116,-0.9565391117258337,-0.9206138298867783,-0.9633777744012197,-0.9305614597640205
2024-01-25,0.187,0.194,0.186,0.188,1068000.0,202037.0,,,,-0.025906735751295318,-0.0505050505050505,-0.10476190476190472,-0.0935390549662487,-1.6247631478189872,47.54545454545455,7.409448818897637,5.846153846153846,0.9473708442299338,0.8546118363228162,46.62776991984913,7.035197263760738,5.260248504942211,0.7820769125261917,0.7282352153079626
2024-01-26,0.186,0.188,0.186,0.188,76000.0,14394.0,,,,0.0,-0.0505050505050505,-0.12558139534883717,-0.08870576829859433,-1.4433749168434011,-0.9288389513108615,4.428571428571429,-0.890961262553802,-0.8720607105596628,-0.8476087701421517,-0.9287556239698669,4.211440984793628,-0.9075583299616592,-0.8818807014779684,-0.8828946058026874
2024-01-29,0.186,0.189,0.182,0.184,640000.0,119002.0,,,,-0.021276595744680882,-0.016042780748663166,-0.16742081447963808,-0.10222005367162734,-1.5952395939446777,7.421052631578947,-0.6317606444188723,0.4814814814814814,0.1368041681635328,0.12395272534748054,7.267472558010281,-0.6411733133921518,0.24390600827863018,0.03665606507651531,0.03400694665183727
2024-01-30,0.183,0.184,0.178,0.18,193000.0,35291.0,,,,-0.021739130434782594,-0.06735751295336789,-0.21052631578947378,-0.11373707533234867,-1.7294250397841362,-0.6984375,0.09039548022598876,-0.5643340857787811,-0.6634005180667155,-0.6127435832478338,-0.7034419589586729,0.038245417904739565,-0.6459250935578051,-0.6956643969341364,-0.652369359885168
2024-02-01,0.172,0.174,0.172,0.174,368000.0,63562.0,,,,-0.033333333333333326,-0.09844559585492241,-0.23684210526315796,-0.13303437967115106,-2.061176978428534,0.9067357512953367,15.727272727272727,-0.07999999999999996,-0.3438902228500036,-0.3080967586895424,0.8010824289478904,13.983969825553984,-0.29076099085025664,-0.43621620375051673,-0.39364508870850334
2024-02-02,0.18,0.18,0.17,0.174,330000.0,57078.0,,,,0.0,-0.07446808510638303,-0.2018348623853211,-0.12121212121212133,-1.9067984683016366,-0.1032608695652174,-0.6910112359550562,0.10367892976588622,-0.40995750353019744,-0.3659629444618323,-0.10201063528523335,-0.7174873909234447,-0.12787446330618668,-0.48780901462595194,-0.43376476538853626
2024-02-05,0.18,0.18,0.18,0.18,30000.0,5400.0,,,,0.034482758620689724,-0.042553191489361764,-0.18552036199095023,-0.08069458631256388,-1.2391128887323501,-0.9090909090909091,-0.6052631578947368,-0.9257425742574258,-0.9465080213450825,-0.8481413765030879,-0.9053926206244087,-0.6248436848686953,-0.941046747745584,-0.9513603124469411,-0.8416042279128777
2024-02-06,0.171,0.18,0.171,0.175,67000.0,11821.0,,,,-0.02777777777777779,-0.048913043478260865,-0.1972477064220184,-0.09677419354838723,-1.596791264337352,1.2333333333333334,-0.8953125,-0.7563636363636363,-0.8764138053157743,-0.7466994778743365,1.1890740740740742,-0.9006655350330246,-0.8020596115204287,-0.8892236990625575,-0.7432842746376879
2024-02-07,0.175,0.185,0.174,0.175,128000.0,23598.0,,,,0.0,-0.02777777777777779,-0.12935323383084585,-0.08663883089770374,-1.5117894186742518,0.9104477611940298,-0.33678756476683935,-0.9481571486431754,-0.7592771167040524,-0.6283038719972529,0.9962778106759158,-0.3313309342325239,-0.9532396197028483,-0.7737826365375841,-0.6255606549112159
2024-02-08,0.175,0.178,0.158,0.167,1126000.0,188194.0,,,,-0.045714285714285596,-0.04022988505747116,-0.18137254901960775,-0.12243825538623221,-2.0543022963892934,7.796875,2.0597826086956523,0.3098582537937613,1.7153353143705985,1.553957120564068,6.974997881176371,1.9607941852049966,0.0379051516371518,1.3447284289320303,1.2106657584629885
2024-02-14,0.169,0.187,0.169,0.171,862000.0,147573.0,,,,0.0239520958083832,-0.01724137931034464,-0.16990291262135915,-0.09259750596975325,-1.4555105488300226,-0.23445825932504438,1.6121212121212123,0.4039087947882736,1.014018691588785,0.913825871843946,-0.21584641380702896,1.5854619993692842,0.18096190781049937,0.8307885554780181,0.7476241095311021
2024-02-15,0.185,0.188,0.176,0.176,77215.0,14303.0,,,,0.029239766081871288,-0.022222222222222254,-0.1456310679611651,-0.057311194429566226,-0.9032629903395339,-0.9104234338747099,1.5738333333333334,-0.36185950413223145,-0.8246707538601272,-0.7516188051647509,-0.9030784764150623,1.6487037037037036,-0.42305675446734703,-0.8250117144153987,-0.7467611230837917
2024-02-16,0.184,0.184,0.171,0.184,364000.0,66123.0,,,,0.045454545454545414,0.05142857142857138,-0.08000000000000007,-0.006479481641468721,-0.10759889406612665,3.714109952729392,4.432835820895522,-0.6506717850287909,-0.16934945114879085,-0.15306757281554556,3.6230161504579455,4.593689197191439,-0.6830198990426792,-0.18580267815915041,-0.1664045737603975
2024-02-19,0.184,0.185,0.18,0.184,126000.0,22786.0,,,,0.0,0.05142857142857138,-0.0980392156862745,-0.002169197396963085,-0.03775389170815048,-0.6538461538461539,-0.015625,-0.33333333333333337,-0.6883585212611834,-0.600295091859826,-0.6553997852487032,-0.03440969573692687,-0.4004946327089034,-0.6924488955775863,-0.5993336750499295
2024-02-20,0.173,0.18,0.165,0.18,322000.0,55526.0,,,,-0.021739130434782594,0.07784431137724535,-0.09547738693467345,-0.01853871319520184,-0.35643746032340795,1.5555555555555554,-0.714031971580817,-0.34285714285714286,-0.19732925018212777,-0.17010142192732225,1.4368471868691302,-0.704953399151939,-0.43111520926182056,-0.2427660056131814,-0.20698426827815575
2024-02-21,0.171,0.183,0.168,0.173,1573000.0,270470.0,,,,-0.03888888888888897,0.011695906432748426,-0.1262626262626264,-0.051795012332145896,-1.071104547425798,3.8850931677018634,0.8248259860788862,11.385826771653543,3.0049826771132295,2.5370465302243033,3.8710513993444513,0.8327878405941467,9.756840598154628,2.7974852383589957,2.319703993970326
2024-02-22,0.174,0.181,0.174,0.181,38000.0,6619.0,,,,0.046242774566473965,0.02840909090909083,-0.08585858585858597,-0.001103752759381793,-0.0242235828108282,-0.9758423394787031,-0.507867642297481,1.7142857142857144,-0.9182902448766102,-0.806339024783839,-0.9755277849669095,-0.5372299517583723,1.396451846488052,-0.9207208070451762,-0.8015671712528107
2024-02-23,0.173,0.174,0.173,0.174,86000.0,14962.0,,,,-0.03867403314917128,-0.05434782608695654,-0.06951871657754016,-0.03520931522040471,-0.8759223698634792,1.263157894736842,-0.7637362637362637,-0.950517836593786,-0.815553850501034,-0.7194010445362355,1.2604623054842121,-0.7737247251334634,-0.9548850869310883,-0.821205364078076,-0.7178329035316146
2024-02-26,0.18,0.18,0.175,0.175,112000.0,19826.0,,,,0.005747126436781658,-0.048913043478260865,-0.09326424870466332,-0.026154702281580455,-0.6523672631671832,0.30232558139534893,-0.11111111111111116,-0.36723163841807904,-0.7080754286176003,-0.6156596721651941,0.3250902285790669,-0.12990432721846745,-0.4167279574004884,-0.7077905807931189,-0.6244849572585119
2024-02-27,0.175,0.18,0.174,0.175,105000.0,18453.0,,,,0.0,-0.02777777777777779,-0.09326424870466332,-0.021252796420581754,-0.5801339901543721,-0.0625,-0.6739130434782609,3.7727272727272725,-0.723982563584231,-0.6215694030316096,-0.06925249672147682,-0.6676692000144077,3.3500707213578504,-0.7251578223825166,-0.6299144618252323
2024-02-28,0.169,0.179,0.169,0.172,260000.0,45109.0,,,,-0.017142857142857126,-0.005780346820809301,-0.08510638297872353,-0.03316469926925247,-1.0397383808875635,1.4761904761904763,-0.8347107438016529,-0.7565543071161048,-0.3239039605575972,-0.2831356157598426,1.4445347639950143,-0.8332199504566126,-0.7767290149824042,-0.3351746255392337,-0.2963239915500098
2024-02-29,0.172,0.199,0.167,0.177,786000.0,136921.0,,,,0.029069767441860517,-0.02209944751381221,-0.0585106382978724,-0.0005646527385657629,-0.01890177695073987,2.023076923076923,19.68421052631579,9.342105263157896,1.2838165014459086,1.0777974825822771,2.035336629054069,19.686055295361836,8.512366263720995,1.2818455282520476,1.0982696923702169
2024-03-01,0.177,0.179,0.167,0.174,473000.0,83310.0,,,,-0.016949152542372947,0.0,-0.05434782608695654,-0.01444350042480902,-0.5509934733029931,-0.3982188295165394,4.5,-0.26093750000000004,0.24584909027335589,0.22426721381819928,-0.39154695043127064,4.568105868199439,-0.2999277323070201,0.25977512764466204,0.2413341119301845
2024-03-04,0.171,0.171,0.163,0.163,1360000.0,227046.0,,,,-0.06321839080459757,-0.0685714285714285,-0.09444444444444433,-0.074126668560068,-3.0278246412190906,1.875264270613108,11.142857142857142,6.046632124352332,2.6627003123394624,2.397658775627382,1.7253150882247028,10.45193180671845,5.433538295882803,2.52850399207413,2.3166752699803164
2024-03-05,0.163,0.169,0.16,0.162,725000.0,117874.0,,,,-0.006134969325153339,-0.07428571428571418,-0.06896551724137923,-0.07534246575342463,-2.59083167335543,-0.46691176470588236,5.904761904761905,0.9701086956521738,0.6873777742090708,0.6351338468185487,-0.48083648247491695,5.3877960223269925,0.8544727982127687,0.5943138474855953,0.5587483556721619
2024-03-06,0.162,0.165,0.161,0.164,553000.0,89893.0,,,,0.012345679012345734,-0.046511627906976605,-0.05747126436781602,-0.06071019473081307,-1.8001382933315255,-0.23724137931034484,1.126923076923077,0.6757575757575758,0.23572450494206,0.2247591950545294,-0.23738059283641855,0.9927952293333924,0.5749150285574127,0.1727784619880599,0.16721717571000885
2024-03-07,0.16,0.164,0.16,0.164,229000.0,36896.0,,,,0.0,-0.0734463276836157,-0.0888888888888888,-0.05801263641585275,-1.5908912502420673,-0.5858951175406872,-0.7086513994910941,6.633333333333334,-0.5007203036231027,-0.48962580249417187,-0.5895564726953155,-0.7305307440056674,5.832592592592593,-0.5287286364155992,-0.5232382083442063
2024-03-08,0.16,0.164,0.158,0.164,1334000.0,215756.0,,,,0.0,-0.05747126436781602,-0.06285714285714272,-0.05366416618580494,-1.415467384025282,4.82532751091703,1.8202959830866807,18.91044776119403,1.8467123300095016,1.8750352492042355,4.847679965307893,1.5897971432000961,17.251924541070974,1.7015037222117533,1.7446829310704188
2024-03-11,0.163,0.178,0.16,0.169,461000.0,74906.0,,,,0.030487804878048808,0.036809815950920255,-0.03428571428571414,-0.021707670043415228,-0.5455447256020169,-0.6544227886056971,-0.6610294117647059,2.6015625,-0.13339471004204728,-0.144934321512402,-0.6528207790281615,-0.6700844762735305,2.17425205525892,-0.16828314747967776,-0.18536072341380863
2024-03-12,0.185,0.185,0.161,0.168,746180.0,122677.0,,,,-0.00591715976331364,0.03703703703703698,0.0059880239520957446,-0.02580458103798189,-0.644799243518211,0.6186117136659437,0.029213793103448182,-0.3373179396092363,0.3601264648933693,0.4109797879156528,0.6377459749552772,0.04074689923138264,-0.34813543471098973,0.32441515622284145,0.3739285479020536
2024-03-13,0.16,0.17,0.16,0.169,770000.0,127192.0,,,,0.005952380952380931,0.030487804878048808,-0.011695906432748537,-0.020289855072463614,-0.5099567294715319,0.031922592403977657,0.39240506329113933,-0.10672853828306261,0.4538732741745375,0.5181434665791201,0.03680396488339288,0.4149266349993881,-0.13810791947036383,0.42350236062201563,0.487965877748501
2024-03-14,0.161,0.171,0.161,0.168,385000.0,64446.0,,,,-0.00591715976331364,0.024390243902439046,-0.0454545454545453,-0.02552204176334094,-0.6376071536790979,-0.5,0.6812227074235808,3.9860778346176264,-0.266694252930485,-0.303794284169435,-0.4933171897603623,0.7466934084995664,3.5057680206949593,-0.2704149326860812,-0.31072484274155987
2024-03-15,0.16,0.163,0.155,0.162,277000.0,43906.0,,,,-0.0357142857142857,-0.012195121951219523,-0.11956521739130432,-0.05813953488372081,-1.4465514208998083,-0.2805194805194805,-0.7923538230884558,-0.23901098901098905,-0.4874252649382227,-0.5851220032847237,-0.3187164447754709,-0.7965016036633975,-0.33599503954751,-0.5166642723351227,-0.6247012426106625
2024-03-18,0.157,0.166,0.157,0.166,1217000.0,193052.0,,,,0.024691358024691468,-0.017751479289940808,-0.09782608695652173,-0.028671737858396606,-0.7370296260727556,3.393501805054152,1.6399132321041217,8.658730158730158,1.2702724886626284,1.5052173733800782,3.396938914954676,1.5772568285584598,7.472395330466076,1.1515078230265234,1.365328052271326
2024-03-19,0.16,0.17,0.16,0.17,318000.0,51642.0,,,,0.024096385542168752,0.011904761904761862,-0.05555555555555547,2.220446049250313e-16,4.65322112430332e-15,-0.7387017255546426,-0.5738293709292663,-0.012422360248447228,-0.46157271562065594,-0.5851054432805405,-0.7324969438286058,-0.5790408960114772,-0.06994921298130607,-0.4743388774658497,-0.6027765774421578
2024-03-20,0.17,0.175,0.166,0.171,776000.0,132406.0,,,,0.00588235294117645,0.01183431952662728,-0.01156069364161838,0.00884955752212413,0.27362136519986213,1.440251572327044,0.007792207792207684,-0.5066751430387795,0.31434310791332787,0.3982327333118813,1.5639208396266606,0.04099314422290701,-0.510459570377491,0.3504229569658881,0.4437516111206309
2024-03-21,0.165,0.172,0.165,0.167,1180000.0,197702.0,,,,-0.023391812865497075,-0.005952380952380931,-0.07734806629834245,-0.01416765053128699,-0.4417576100463024,0.5206185567010309,2.064935064935065,30.05263157894737,1.1432761974647585,1.542505341401352,0.49314985725722393,2.067715606864662,28.8688623659163,1.1691027224871249,1.5987740264983445
2024-03-22,0.168,0.168,0.166,0.167,499000.0,82872.0,,,,0.0,0.030864197530864335,-0.04022988505747116,-0.010077059869591065,-0.36063394891410355,-0.5771186440677967,0.8014440433212997,4.8023255813953485,-0.1788157502809964,-0.26345195605540217,-0.5808236638981902,0.8874869038400219,4.5388317069910435,-0.1770304993855435,-0.26377062289225683
2024-03-25,0.167,0.172,0.166,0.166,286000.0,48365.0,,,,-0.005988023952095856,0.0,-0.05142857142857127,-0.01395901395901411,-0.5156958528766558,-0.42685370741482964,-0.7649958915365653,1.5535714285714284,-0.5448099581575307,-0.8667870079116611,-0.4163891302249252,-0.7494716449454033,1.4394734187430647,-0.5353729913035543,-0.8614254842982075
2024-03-26,0.166,0.166,0.165,0.166,219000.0,36340.0,,,,0.0,-0.02352941176470591,-0.05142857142857127,-0.011316259678379903,-0.44155263814897106,-0.23426573426573427,-0.3113207547169812,1.0857142857142859,-0.6562057992901199,-1.0865013643888297,-0.24863020779489298,-0.29630920568529495,0.9693274806264565,-0.6556142272832379,-1.0975730762881113
2024-03-27,0.166,0.17,0.165,0.166,166000.0,27574.0,,,,0.0,-0.0292397660818714,-0.0348837209302324,-0.008659301283965415,-0.3643322609411685,-0.24200913242009137,-0.7860824742268041,-0.3615384615384616,-0.7417182581852751,-1.2637983228843455,-0.24122179416620804,-0.7917465975862121,-0.3887250881198874,-0.7408837336272753,-1.2747961848582912
2024-03-28,0.167,0.171,0.166,0.171,596000.0,100387.0,,,,0.030120481927710774,0.0239520958083832,-0.03389830508474567,0.023033203709243333,1.0019184948163604,2.5903614457831323,-0.4949152542372881,-0.24173027989821882,-0.06584389875377938,-0.10975068364816595,2.6406397330818887,-0.492230731100343,-0.2668253956661141,-0.048814274939643076,-0.08193464945074709
2024-04-02,0.157,0.172,0.157,0.166,246000.0,40949.0,,,,-0.0292397660818714,-0.005988023952095856,-0.045977011494252706,-0.00509439616421925,-0.26427689897610007,-0.587248322147651,-0.5070140280561122,-0.4799154334038055,-0.6085974902507363,-1.0032863753113623,-0.5920886170520088,-0.5058765324838305,-0.5084743728243908,-0.6051666102605193,-1.0050706111728196
2024-04-03,0.166,0.166,0.165,0.165,550000.0,90753.0,,,,-0.0060240963855421326,-0.0060240963855421326,0.012269938650306678,-0.008711324722138869,-0.5286311162058777,1.2357723577235773,0.9230769230769231,-0.5955882352941176,-0.10881960726490258,-0.17245873713790688,1.216244596937654,0.8764188979634033,-0.6002880473560424,-0.10670949725894385,-0.16971787801264393
2024-04-05,0.163,0.17,0.162,0.163,55000.0,8954.0,,,,-0.012121212121212088,-0.01807228915662651,0.006172839506172867,-0.02131492044431116,-1.3420261636545294,-0.9,-0.7488584474885844,-0.9241379310344827,-0.9046230094388538,-1.4989427434624756,-0.9013365949335008,-0.7536048431480462,-0.9240375316015407,-0.9055279944798131,-1.5150089738873154
2024-04-08,0.163,0.178,0.163,0.163,2399000.0,392853.0,,,,0.0,-0.01807228915662651,-0.0060975609756097615,-0.021608643457383114,-1.4046625657816563,42.61818181818182,13.451807228915662,3.3381555153707057,3.416754578309482,5.086891307250102,42.87458119276301,13.247225647348952,3.370229050092888,3.3976049271605024,5.103061452716495
2024-04-09,0.162,0.17,0.159,0.17,666000.0,106927.0,,,,0.042944785276073594,-0.005847953216374324,0.03658536585365857,0.02071450015010501,1.3141445679771517,-0.7223843268028345,0.1174496644295302,1.908296943231441,0.04806132260303175,0.05526503239534955,-0.7278193115491036,0.0651478777132497,1.8980648308759758,0.023407037041999867,0.027098647725453746
2024-04-10,0.17,0.17,0.159,0.164,208646.0,34416.0,,,,-0.03529411764705881,-0.012048192771084376,0.0,-0.017081210668264846,-1.0709761747562332,-0.6867177177177177,-0.15184552845528454,-0.8435937031484257,-0.6825754705929783,-0.824312416709347,-0.6781355504222507,-0.15953991550465207,-0.840486475463023,-0.6812830173652414,-0.8281275466385152
2024-04-11,0.16,0.168,0.16,0.162,546000.0,87774.0,,,,-0.012195121951219523,-0.018181818181818188,-0.041420118343195256,-0.02906802517231044,-1.822538402655347,1.6168725976055138,-0.0072727272727273196,0.18438177874186557,-0.09157656886473531,-0.1041279766528913,1.5503835425383543,-0.03282536114508616,0.1717886417643446,-0.11264058020976397,-0.1288392297416778
2024-04-12,0.161,0.168,0.161,0.161,1173000.0,189607.0,,,,-0.006172839506172867,-0.012269938650306789,-0.04166666666666674,-0.03303303303303318,-1.950971909519787,1.1483516483516483,20.327272727272728,0.572006754402423,0.9379098956155489,1.0757180111781184,1.1601727162941189,20.175675675675677,0.5455790408960115,0.90446201185524,1.0429520505564678
2024-04-16,0.161,0.169,0.16,0.165,538000.0,87651.0,,,,0.024844720496894457,0.012269938650306678,-0.023668639053254448,-0.006921456515197155,-0.3772600169574267,-0.5413469735720375,-0.775739891621509,-0.3012987012987013,-0.14144227803131126,-0.16347445851579898,-0.5377227634000854,-0.7768860107979321,-0.3108764702182527,-0.14824084345059108,-0.17227158437620982
2024-04-17,0.165,0.168,0.16,0.168,1396000.0,224649.0,,,,0.0181818181818183,-0.0117647058823529,0.0,0.012353118409159425,0.687466537242145,1.5947955390334574,1.0960960960960962,2.625974025974026,1.2697994885797055,1.4424146636058024,1.5629941472430433,1.100956727486977,2.4858486174471652,1.2258166152773042,1.399206054836277
2024-04-18,0.161,0.165,0.16,0.16,345000.0,56122.0,,,,-0.04761904761904767,-0.024390243902439046,-0.012345679012345734,-0.03585417294365767,-1.9953297056540016,-0.752865329512894,0.6535183995859015,0.24548736462093856,-0.4816568890128239,-0.5669158536998341,-0.7501791683915797,0.6306950255695025,0.27823076572677996,-0.484830723997248,-0.5733383307226899
2024-04-19,0.159,0.163,0.159,0.16,1600000.0,257668.0,,,,0.0,-0.012345679012345734,-0.03614457831325302,-0.03527283690081395,-1.8570320459874037,3.63768115942029,1.9304029304029302,0.31470829909613807,1.3916925754238938,1.6530109062439564,3.5912120024232923,1.9355845694624834,0.3347077471354869,1.352063788370124,1.6151166102182524
2024-04-22,0.16,0.161,0.155,0.156,1423000.0,223546.0,,,,-0.025000000000000022,-0.03105590062111807,-0.08235294117647063,-0.05768649954696481,-2.8004844732595346,-0.11062499999999997,0.21312872975277064,3.4748427672955975,1.0679163003974672,1.248138847261238,-0.13242622289147277,0.17899655603432363,3.3287634096278227,0.9821325574312236,1.155627890549921
2024-04-23,0.155,0.155,0.151,0.155,785000.0,120801.0,,,,-0.0064102564102563875,-0.06060606060606066,-0.09356725146198841,-0.05975128905065208,-2.5542616047777664,-0.44834855938158824,0.4591078066914498,0.011597938144329856,0.05598424928869039,0.06891915219975892,-0.45961457597094113,0.3782044700003422,-0.08764708547950995,-0.004735295147506813,-0.005878825987158277
2024-04-24,0.154,0.154,0.144,0.15,1581000.0,242462.0,,,,-0.032258064516129115,-0.1071428571428572,-0.10179640718562888,-0.08564462054251754,-3.376666579094119,1.0140127388535034,0.13252148997134672,0.3398305084745763,1.1254790898432345,1.3862881241914564,1.0071191463646825,0.07929258532199124,0.22640135152906904,1.0072105335049732,1.2449039013285488
2024-04-25,0.148,0.152,0.144,0.148,2331000.0,345926.0,,,,-0.013333333333333308,-0.07500000000000007,-0.11377245508982048,-0.0931372549019609,-2.95358907009285,0.47438330170777987,5.756521739130434,3.6713426853707416,2.051517229814069,2.505750099050125,0.42672253796471193,5.163821674209757,3.1742204846027606,1.811640731995757,2.227366678439069
2024-04-26,0.146,0.15,0.144,0.15,870000.0,127828.0,,,,0.013513513513513598,-0.0625,-0.09638554216867479,-0.07550077041602477,-2.015680426377126,-0.6267696267696268,-0.45625000000000004,2.041958041958042,0.01697019330499283,0.020371497696035728,-0.6304758821250788,-0.5039042488784017,1.6429856301044143,-0.06137332563798692,-0.07517473432348823
2024-04-29,0.15,0.156,0.148,0.156,1521000.0,236142.0,,,,0.040000000000000036,0.0,-0.06024096385542177,-0.033756580984825035,-0.827102796717896,0.7482758620689656,0.06886858749121583,5.945205479452055,0.7192612534465761,0.9091075722347671,0.8473417404637482,0.05634634482388412,5.4981287837094115,0.6848108955984742,0.8782884851683727
2024-04-30,0.152,0.159,0.152,0.158,471000.0,72828.0,,,,0.012820512820512775,0.019354838709677358,-0.048192771084337394,-0.018328673501087134,-0.4466163814511217,-0.6903353057199211,-0.4,1.8373493975903616,-0.5040968862022381,-0.6886010792059867,-0.6915923469776659,-0.3971241959917551,1.6411837237977807,-0.5149632582736734,-0.7131485001823955
2024-05-02,0.153,0.165,0.153,0.165,1507000.0,236265.0,,,,0.044303797468354444,0.10000000000000009,-0.03508771929824561,0.02771722204920568,0.6819868045865359,2.199575371549894,-0.046805819101834234,1.5285234899328861,0.5616057617967813,0.7965586482181067,2.2441506014170374,-0.02555864424115939,1.3535417932600833,0.5501716890680961,0.7897313945373495
2024-05-03,0.16,0.162,0.16,0.16,225000.0,36094.0,,,,-0.030303030303030276,0.08108108108108114,-0.03614457831325302,-0.0015600624024960652,-0.04067524790950416,-0.8506967485069675,-0.9034749034749034,-0.08536585365853655,-0.7773560847048281,-1.1470695723238056,-0.8472308636488688,-0.8956597653833479,-0.118562113848934,-0.7732875101166068,-1.1503790716091715
2024-05-06,0.16,0.168,0.16,0.168,578000.0,94738.0,,,,0.050000000000000044,0.1200000000000001,0.0181818181818183,0.0503282275711161,1.342697641847873,1.568888888888889,-0.33563218390804594,0.050909090909091015,-0.42745764548593446,-0.6289558166825099,1.624757577436693,-0.25886347279156363,0.04391039414675002,-0.40402596070916996,-0.5985238853299569
2024-05-07,0.17,0.175,0.159,0.17,521000.0,86560.0,,,,0.011904761904761862,0.08974358974358987,0.042944785276073594,0.06183635227982531,1.6062145520372872,-0.09861591695501726,-0.6574621959237343,8.472727272727273,-0.48463413425409396,-0.7150730929039912,-0.08632227828326544,-0.6334408957322288,8.66718784900603,-0.4561534732887855,-0.6774113442089029
2024-05-08,0.174,0.174,0.165,0.173,164000.0,28023.0,,,,0.01764705882352935,0.09493670886075933,0.06134969325153361,0.07821751324400106,1.9233560443957471,-0.6852207293666026,-0.6518046709129512,-0.9316381825760733,-0.8414282748662946,-1.3218802462118413,-0.6762592421441774,-0.6152166749052562,-0.9286679750441005,-0.8281249377080933,-1.3138562214641936
2024-05-09,0.171,0.171,0.161,0.163,936000.0,153525.0,,,,-0.057803468208092346,-0.012121212121212088,-0.04117647058823537,0.012736874805840515,0.2891614174831633,4.7073170731707314,-0.3788984737889848,0.4054054054054055,0.014653614492115441,0.022464727664789397,4.478535488705706,-0.35019998730239355,0.4357926435792643,0.06024563997504173,0.09523682129649795
2024-05-10,0.17,0.176,0.165,0.168,954340.0,163389.0,,,,0.030674846625766916,0.050000000000000044,0.024390243902439046,0.04607721046077229,1.0905714723549436,0.019594017094017202,3.2415111111111115,3.573967389741476,0.019613298242926014,0.030662911337914964,0.0642501221299463,3.526763450989084,3.7474721059972103,0.11049827959729841,0.17830949998156453
2024-05-13,0.174,0.176,0.167,0.176,204000.0,35353.0,,,,0.04761904761904745,0.04761904761904745,0.08641975308641969,0.0945273631840795,2.187703015361016,-0.7862397049269653,-0.6470588235294117,-0.6263736263736264,-0.7903966742938988,-1.340858420953093,-0.7836268047420573,-0.6268340053621566,-0.5972269692619683,-0.7698071166864935,-1.3548425031170839
2024-05-14,0.178,0.178,0.165,0.177,846000.0,146410.0,,,,0.005681818181818121,0.04117647058823515,0.0993788819875776,0.09597523219814241,2.003679552813223,3.147058823529412,0.6238003838771593,-0.27877237851662406,-0.11521732082366365,-0.1861163684550436,3.141374140808418,0.6914279112754158,-0.22782386726228465,-0.030133046191064716,-0.050495255845691506
2024-05-16,0.177,0.177,0.168,0.174,1231000.0,212222.0,,,,-0.016949152542372947,0.005780346820809301,0.05454545454545445,0.07208872458410354,1.3807773032096462,0.4550827423167849,6.5060975609756095,1.2881040892193307,0.30982946680045154,0.4934182073881681,0.4495048152448604,6.573136352282054,1.4212159587454791,0.42623270317676876,0.7076407607632177
2024-05-17,0.168,0.17,0.165,0.168,1266000.0,212991.0,,,,-0.0344827586206895,0.030674846625766916,0.0,0.032258064516129004,0.5928972102078062,0.02843216896831846,0.35256410256410264,-0.09312320916905448,0.2991717523528248,0.4978131309352992,0.0036235640037318717,0.3873375671714705,-0.051894288423273593,0.3738912857746899,0.6477719342417305
2024-05-20,0.168,0.178,0.165,0.168,540000.0,93173.0,,,,0.0,0.0,0.050000000000000044,0.032258064516129004,0.5928972102078062,-0.5734597156398105,-0.43416392480667265,0.5652173913043479,-0.4421297420263294,-0.7360863295484027,-0.5625495912972849,-0.4297474126165164,0.660186736039343,-0.3967223856572565,-0.6881304355547594
2024-05-21,0.165,0.165,0.161,0.162,450000.0,72821.0,,,,-0.0357142857142857,-0.07954545454545447,0.012499999999999956,-0.007048728164265938,-0.12914656693462495,-0.16666666666666663,1.2058823529411766,-0.71875,-0.5397441181855281,-0.922629944766105,-0.21843237847874386,1.059825191638616,-0.7173843861092568,-0.534086343197447,-0.956693065095811
2024-05-22,0.16,0.168,0.16,0.166,201000.0,33183.0,,,,0.024691358024691468,-0.0621468926553671,0.0641025641025641,0.016845329249617347,0.3097346768191616,-0.5533333333333333,-0.7624113475177305,-0.8587491215741392,-0.7815732593507836,-1.2755079767300426,-0.5443210063031269,-0.7733556451062086,-0.851560752596781,-0.774349502923569,-1.3282810372066356
2024-05-23,0.164,0.164,0.16,0.161,140000.0,22850.0,,,,-0.030120481927710885,-0.07471264367816088,0.03870967741935494,-0.016793893129770976,-0.3150378301108492,-0.30348258706467657,-0.8862713241267263,-0.821656050955414,-0.837041986132273,-1.2557542139692879,-0.3113943886930055,-0.8923297301881992,-0.810845936705822,-0.8338625254204878,-1.3130806181773718
2024-05-24,0.161,0.168,0.16,0.163,374000.0,60694.0,,,,0.012422360248447228,-0.029761904761904767,0.08666666666666667,-0.006400487656202158,-0.1233408719628067,1.6714285714285713,-0.7045813586097947,-0.7634408602150538,-0.5476902573207058,-0.7613953195188966,1.6561925601750547,-0.7150396026123169,-0.749676237925943,-0.5424126285489617,-0.7906132526870145
2024-05-27,0.155,0.162,0.151,0.156,359000.0,57176.0,,,,-0.042944785276073705,-0.07142857142857151,0.05405405405405417,-0.05282331511839711,-1.107631235784971,-0.0401069518716578,-0.33518518518518514,-0.845988845988846,-0.5316476999205497,-0.7085400604794881,-0.05796289583813885,-0.3863458298004787,-0.8347160953498725,-0.5372266052614008,-0.7500313308043561
2024-05-28,0.156,0.163,0.156,0.161,111000.0,17656.0,,,,0.03205128205128216,-0.006172839506172867,0.07333333333333347,-0.024833434282253153,-0.5750651596897849,-0.6908077994428969,-0.7533333333333333,-0.8724137931034482,-0.8338116861825646,-1.243802391969973,-0.6911991045193788,-0.7575424671454662,-0.8618768970804519,-0.8381864713955455,-1.2632737917290233
2024-05-29,0.164,0.17,0.164,0.17,45000.0,7406.0,,,,0.05590062111801242,0.024096385542168752,0.08974358974358987,0.02626018714156375,0.6930357691165819,-0.5945945945945945,-0.7761194029850746,-0.9704142011834319,-0.9285676868788365,-1.267059121881074,-0.5805391934753059,-0.7768134285628183,-0.9686375147157219,-0.928516721981108,-1.2819440610919697
2024-05-30,0.156,0.157,0.145,0.149,5525000.0,835907.0,,,,-0.123529411764706,-0.07453416149068326,-0.05696202531645578,-0.10429816651638135,-2.933678029803276,121.77777777777777,38.464285714285715,10.73036093418259,8.934066566337089,11.595240755270794,111.86889008911693,35.58236323851204,10.47782446311858,8.069398928151193,10.459619552226549
2024-05-31,0.152,0.159,0.152,0.158,284000.0,43733.0,,,,0.06040268456375841,-0.030674846625766916,-0.042424242424242475,-0.04761904761904756,-1.1531084582351356,-0.9485972850678733,-0.2406417112299465,-0.8115461181154612,-0.6488915977534007,-0.44116295356684654,-0.9476819789761302,-0.27945101657494975,-0.814898524961378,-0.6644229898604839,-0.47944564613084495
2024-06-03,0.151,0.159,0.151,0.159,282000.0,43304.0,,,,0.006329113924050667,0.019230769230769162,-0.006249999999999978,-0.03956508607671394,-0.9258470755091568,-0.007042253521126751,-0.21448467966573814,0.2533333333333334,-0.6228519613704115,-0.3935492486465391,-0.00980952598724072,-0.24261928081712603,0.1997561921649027,-0.6412119123212854,-0.43046040376198424
2024-06-04,0.152,0.153,0.152,0.152,457000.0,69681.0,,,,-0.04402515723270439,-0.05590062111801242,-0.09523809523809534,-0.08157099697885206,-1.8962579973918943,0.6205673758865249,3.1171171171171173,-0.2093425605536332,-0.3911269746738133,-0.24833953065706646,0.6091123221873269,2.946590394200272,-0.2644873229327197,-0.4243889383151722,-0.286025798294824
2024-06-05,0.151,0.163,0.147,0.149,132000.0,20049.0,,,,-0.019736842105263164,-0.123529411764706,-0.123529411764706,-0.09532483302975114,-2.0392416438771135,-0.711159737417943,1.9333333333333331,-0.7466410748560461,-0.8227038469235759,-0.5176091461739759,-0.7122745081155551,1.7071293545773698,-0.768380314232902,-0.8326500579911079,-0.5545083831351246
2024-06-06,0.15,0.168,0.148,0.149,949000.0,146854.0,,,,0.0,0.0,-0.1387283236994219,-0.08952031775129865,-1.7559347565894878,6.1893939393939394,-0.8282352941176471,4.786585365853658,0.30884456195082666,0.18811557178975008,6.3247543518379965,-0.8243177769775825,4.2404810334368195,0.26079502186262893,0.16768509188814923
2024-06-07,0.149,0.152,0.149,0.149,196000.0,29421.0,,,,0.0,-0.05696202531645578,-0.0858895705521473,-0.08279470606340422,-1.5552839370720735,-0.7934668071654373,-0.3098591549295775,-0.7905982905982906,-0.7435618990549733,-0.48005767436054686,-0.7996581638906669,-0.3272585919099993,-0.8083634587200782,-0.7596693646444155,-0.5165263341077275
2024-06-11,0.147,0.155,0.146,0.154,516000.0,78251.0,,,,0.033557046979865834,-0.03144654088050314,-0.08333333333333337,-0.04791344667697073,-0.8467224478779454,1.6326530612244898,0.8297872340425532,-0.459312194815265,-0.2905431881834193,-0.17761424096556208,1.6596988545596685,0.8070155181969334,-0.521075470196892,-0.3266625736305503,-0.20967811231708938
2024-06-12,0.147,0.155,0.147,0.153,296000.0,44422.0,,,,-0.006493506493506551,0.006578947368421018,-0.13068181818181812,-0.04998447687053709,-0.8764208340139489,-0.4263565891472868,-0.3522975929978118,0.4509803921568627,-0.5803799262829601,-0.34421071082352767,-0.4323139640387982,-0.3624947977210431,0.25652702740927213,-0.6032217798390896,-0.37335680304917335
2024-06-13,0.155,0.155,0.149,0.149,122353.0,18427.0,,,,-0.02614379084967322,0.0,-0.1581920903954802,-0.06816760475297057,-1.2618153677671249,-0.5866452702702702,-0.07308333333333328,-0.8553747044917257,-0.8276718309859155,-0.4948510714284935,-0.5851830174237991,-0.08090179061299818,-0.8741411105798784,-0.8360735947449609,-0.5201223528867348
2024-06-14,0.148,0.148,0.147,0.147,191000.0,28230.0,,,,-0.01342281879194629,-0.01342281879194629,-0.15517241379310343,-0.07255520504731872,-1.4440462976003932,0.5610569417995472,-0.7987355110642782,-0.8448415922014623,-0.7165405210148472,-0.4043134004237986,0.5319911000162805,-0.8077682596320155,-0.8669789183025323,-0.7337070050716411,-0.42809659027877145
2024-06-17,0.15,0.157,0.15,0.154,516000.0,79954.0,,,,0.04761904761904767,0.033557046979865834,-0.08333333333333337,-0.020044543429843964,-0.4216205593877323,1.7015706806282722,1.6326530612244898,-0.5924170616113744,-0.1701747288775094,-0.08882780262317748,1.832235210768686,1.7175826790387818,-0.6246132465691039,-0.17412661415566033,-0.09329753146461532
2024-06-18,0.154,0.164,0.151,0.162,368000.0,57383.0,,,,0.051948051948051965,0.051948051948051965,-0.0357142857142857,0.03547459252157248,0.7878171870915919,-0.28682170542635654,-0.28682170542635654,-0.31851851851851853,-0.3702055722602252,-0.18305820412358814,-0.28229982239787876,-0.26668029801536086,-0.3841241561396542,-0.3635397672571751,-0.1834993796912999
2024-06-19,0.153,0.153,0.148,0.152,456000.0,69429.0,,,,-0.06172839506172845,-0.006535947712418277,-0.06172839506172845,-0.026577009285943087,-0.6246840475170027,0.23913043478260865,0.5405405405405406,0.01333333333333342,-0.20794507515967253,-0.10122805976772584,0.20992279943537295,0.5629417856017289,-0.04657997006358061,-0.21433833389347756,-0.10595404863600143
2024-06-20,0.147,0.15,0.147,0.15,12000.0,1791.0,,,,-0.013157894736842146,0.006711409395973256,-0.09638554216867479,-0.03629938965628021,-0.8618543078703719,-0.9736842105263158,-0.9019231240754211,-0.9402985074626866,-0.9791673050296289,-0.4769221271964543,-0.9742038629391176,-0.9028056655993922,-0.9460265798752373,-0.9796939926644407,-0.4833171686195859
2024-06-21,0.157,0.157,0.15,0.15,403000.0,62050.0,,,,0.0,0.020408163265306145,-0.06832298136645965,-0.031320632870520004,-0.7832291775601381,32.583333333333336,1.1099476439790577,1.8785714285714286,-0.2886992400642713,-0.13785458810015958,33.645449469570075,1.1980162947219268,1.7155361050328226,-0.28374286772964374,-0.13699488410057437
2024-06-24,0.151,0.154,0.15,0.151,1445000.0,217073.0,,,,0.006666666666666599,-0.019480519480519543,-0.07361963190184051,-0.021386908619572376,-0.5405212583631887,2.5856079404466503,1.800387596899225,2.8636363636363638,1.4925927302713657,0.7314312705921713,2.4983561643835617,1.7149736098256496,2.5765149767687086,1.4502855259400231,0.7181410022277323
2024-06-25,0.151,0.159,0.15,0.159,76000.0,12003.0,,,,0.052980132450331174,-0.01851851851851849,0.019230769230769162,0.034482758620689724,0.9159164049132182,-0.9474048442906574,-0.7934782608695652,-0.7883008356545961,-0.8799875534460034,-0.46541761212721194,-0.9447052374086137,-0.7908265514176672,-0.790069259829299,-0.8755002730530127,-0.46625759198774697
2024-06-26,0.152,0.156,0.152,0.153,109000.0,16580.0,,,,-0.037735849056603765,0.006578947368421018,-0.049689440993788914,-0.0055248618784530246,-0.14437810894694506,0.4342105263157894,-0.7609649122807017,-0.018018018018018056,-0.8239429937104846,-0.4242414227445624,0.3813213363325836,-0.7611948897434789,-0.060942455822383335,-0.8239002795503403,-0.42662363877856396
2024-06-27,0.147,0.154,0.146,0.15,398000.0,58760.0,,,,-0.019607843137254943,0.0,-0.11764705882352955,-0.022482893450635477,-0.6114150927124994,2.6513761467889907,32.166666666666664,7.844444444444445,-0.35704579667477987,-0.18380341731046262,2.5440289505428226,31.808486878838636,6.93410748042128,-0.37554066318516766,-0.19432188672795528
2024-06-28,0.152,0.155,0.151,0.151,155000.0,23669.0,,,,0.006666666666666599,0.006666666666666599,0.01342281879194629,-0.009511315185306679,-0.35170387904084305,-0.6105527638190955,-0.6153846153846154,-0.971945701357466,-0.7565448786348733,-0.4026739598960982,-0.5971919673247107,-0.6185495568090249,-0.971684649129628,-0.7551443075111908,-0.40346833672981797
2024-07-02,0.151,0.155,0.149,0.154,60000.0,9022.0,,,,0.019867549668874274,0.019867549668874274,-0.025316455696202556,0.009505080301540625,0.3572788639534484,-0.6129032258064516,-0.9584775086505191,-0.7887323943661972,-0.8370307657394668,-0.9313633458083079,-0.6188263128987284,-0.958437944838833,-0.7937026959046944,-0.8390457636673732,-0.9378386480831347
2024-07-03,0.149,0.154,0.149,0.151,201000.0,30216.0,,,,-0.019480519480519543,-0.05031446540880502,-0.05031446540880502,-0.00886117492615679,-0.3488440131495397,2.35,1.6447368421052633,-0.2872340425531915,-0.43692376606115435,-0.46198972421284223,2.349146530702727,1.517370657335666,-0.3022353593201552,-0.44371672927676364,-0.47085301566385585
2024-07-04,0.149,0.151,0.149,0.149,33000.0,4941.0,,,,-0.013245033112582849,-0.02614379084967322,-0.019736842105263164,-0.019414281013491297,-0.8318505327039392,-0.835820895522388,-0.6972477064220184,-0.9277899343544858,-0.906493767030354,-0.9436282276307838,-0.8364773629864972,-0.7019903498190592,-0.929091143927326,-0.907925815152828,-0.9475615782786261
2024-07-05,0.149,0.153,0.149,0.149,58000.0,8650.0,,,,0.0,-0.00666666666666671,0.0,-0.01844532279314881,-0.7762660606151557,0.7575757575757576,-0.8542713567839196,-0.5606060606060606,-0.825152505451549,-0.792521595017618,0.7506577615867234,-0.8527910142954391,-0.5685570352636042,-0.8284623583946853,-0.7974723965274877
2024-07-08,0.149,0.151,0.148,0.148,184000.0,27505.0,,,,-0.006711409395973145,-0.019867549668874163,-0.006711409395973145,-0.025032938076416378,-1.0535039394062833,2.1724137931034484,0.1870967741935483,-0.8061116965226555,-0.43905457526447134,-0.41382703490831174,2.1797687861271675,0.16206852845494102,-0.812705135713021,-0.4483144557458135,-0.4233670719752882
2024-07-09,0.15,0.15,0.148,0.148,73000.0,10931.0,,,,0.0,-0.038961038961038974,-0.006711409395973145,-0.02471169686985175,-1.026136280029872,-0.6032608695652174,0.21666666666666656,-0.6275510204081632,-0.7480740172341529,-0.6842160456166915,-0.6025813488456644,0.2115938816227001,-0.6284626627239047,-0.7509390198193846,-0.6900986361411969
2024-07-10,0.149,0.159,0.149,0.156,32867.0,5122.0,,,,0.05405405405405417,0.0331125827814569,0.012987012987013102,0.028345418589321048,1.1619611560258134,-0.5497671232876713,-0.8364825870646766,-0.9363042635658915,-0.884115110607538,-0.7838248811104209,-0.5314243893513859,-0.8304871591209955,-0.9345439674892334,-0.8807848832811389,-0.7846288495618311
2024-07-11,0.15,0.156,0.15,0.156,3000.0,462.0,,,,0.0,0.046979865771812124,0.019607843137254832,0.027667984189723382,1.1076071316201739,-0.9087230352633341,-0.9090909090909091,-0.9898648648648649,-0.9884375686519361,-0.8022520525790604,-0.9098008590394377,-0.9064966605950212,-0.9895997478726757,-0.9882466374443815,-0.8061711035008806
2024-07-12,0.15,0.15,0.15,0.15,72000.0,10800.0,,,,-0.03846153846153855,0.006711409395973256,0.006711409395973256,-0.012833168805527984,-0.5000346069012499,23.0,0.24137931034482762,-0.4115387444525267,-0.7058955684180858,-0.5323982877607563,22.376623376623378,0.24855491329479773,-0.41390351115211377,-0.7089725383253526,-0.5376292383532301
2024-07-15,0.15,0.157,0.15,0.151,40000.0,6007.0,,,,0.006666666666666599,0.020270270270270396,0.027210884353741527,-0.006578947368421018,-0.2586530658242621,-0.4444444444444444,-0.782608695652174,-0.7905759162303665,-0.8349108632160148,-0.6209458171998071,-0.44379629629629624,-0.7816033448463916,-0.7872121856181368,-0.8364487571657471,-0.6254449103958147
2024-07-16,0.151,0.155,0.148,0.155,323000.0,48149.0,,,,0.026490066225165698,0.04729729729729737,0.006493506493506551,0.018396846254927768,0.7580840046557421,7.074999999999999,3.4246575342465757,-0.374031007751938,0.37597082089865386,0.26844503425123944,7.015481937739304,3.4048120025615223,-0.3977912299572254,0.35183926957049083,0.25280020773808887
2024-07-17,0.147,0.155,0.147,0.149,3000.0,451.0,,,,-0.03870967741935483,-0.044871794871794934,-0.08024691358024694,-0.021346469622331665,-0.8722960931077275,-0.9907120743034056,-0.9087230352633341,-0.9918478260869565,-0.9866721962243664,-0.6878950752411039,-0.9906332426426302,-0.9119484576337368,-0.992140529425091,-0.9867458779239519,-0.6912355819698299
2024-07-18,0.147,0.153,0.147,0.153,130000.0,19256.0,,,,0.02684563758389258,-0.019230769230769273,0.006578947368421018,0.009234828496042402,0.4669398108292144,42.333333333333336,42.333333333333336,-0.7149122807017544,-0.37150505442887094,-0.23668345337918187,41.69623059866962,40.67965367965368,-0.7226519177865157,-0.38243552471011577,-0.24435048342218482
2024-07-19,0.152,0.152,0.147,0.149,401000.0,59472.0,,,,-0.02614379084967322,-0.00666666666666671,-0.00666666666666671,-0.01747444774151019,-0.8793569343414516,2.0846153846153848,4.569444444444445,32.416666666666664,1.104507976793732,0.6584085914921164,2.0884918986289986,4.506666666666667,32.20603015075377,1.0742259843261173,0.6414737811068143
2024-07-22,0.147,0.152,0.147,0.15,203000.0,30446.0,,,,0.006711409395973256,-0.0066225165562914245,0.0,-0.010554089709762682,-0.524512270814807,-0.4937655860349127,4.075,-0.49627791563275436,-0.03330272125283973,-0.021851258996562296,-0.4880616088243207,4.068420176460796,-0.5093311845286059,-0.03517403215558401,-0.023101192638901778
2024-07-23,0.147,0.152,0.147,0.147,5000.0,740.0,,,,-0.020000000000000018,-0.05161290322580647,-0.026490066225165587,-0.03034300791556721,-1.5079727785925507,-0.9753694581280788,-0.9845201238390093,-0.9965397923875432,-0.97499916872236,-0.6155025530959866,-0.97569467253498,-0.9846310411431183,-0.9965910085547258,-0.9753133783141372,-0.6153819835973408
2024-07-24,0.146,0.146,0.146,0.146,2000.0,292.0,,,,-0.006802721088435382,-0.020134228187919434,-0.08176100628930827,-0.03566710700132114,-1.6778688575158687,-0.6,-0.33333333333333337,-0.9736842105263158,-0.9843741881902458,-1.0176768212289857,-0.6054054054054054,-0.352549889135255,-0.9756727484795468,-0.9847592005887542,-1.0285537287404871
2024-07-25,0.146,0.146,0.144,0.144,722000.0,104380.0,,,,-0.013698630136986356,-0.05882352941176472,-0.05882352941176472,-0.04477611940298509,-2.327877592548557,360.0,4.553846153846154,5.623853211009174,4.808838525954928,4.7243341820904865,356.4657534246575,4.4206481096801,5.295536791314837,4.6198195821477315,4.572481479400264
2024-07-29,0.144,0.149,0.142,0.142,164000.0,23617.0,,,,-0.01388888888888895,-0.046979865771812124,-0.053333333333333344,-0.05522288755821714,-2.582886910496921,-0.7728531855955678,-0.5910224438902743,-0.5879396984924623,0.05845136303042375,0.04925579913038178,-0.7737401801111324,-0.6028887543718052,-0.5980769230769231,0.028455966085383144,0.024366622881096582
2024-07-30,0.142,0.149,0.14,0.141,383001.0,54518.0,,,,-0.007042253521126751,-0.06000000000000005,-0.06622516556291402,-0.05937291527685118,-2.397629017467721,1.3353719512195124,0.8867044334975369,1.470974193548387,1.673778573315969,1.3715222865472827,1.3084218994791885,0.7906457334296788,1.303350373906798,1.570827674664252,1.3080934841563447
2024-07-31,0.143,0.143,0.132,0.138,571000.0,78592.0,,,,-0.02127659574468066,-0.06122448979591821,-0.10389610389610382,-0.07630522088353409,-2.715744615773684,0.490857726220036,113.2,8.516666666666667,2.69236579123325,2.276825757692577,0.4415789280604572,105.2054054054054,7.711150520948792,2.4547680432197674,2.1045410266756974
2024-08-01,0.138,0.139,0.134,0.138,105001.0,14295.0,,,,0.0,-0.05479452054794509,-0.08609271523178796,-0.07133243606998652,-2.226100762736384,-0.8161103327495622,51.5005,-0.47760696517412937,-0.4172872036378691,-0.36952540489532043,-0.8181112581433225,47.955479452054796,-0.5269062748212867,-0.4549582782858351,-0.4103493087173838
2024-08-02,0.134,0.139,0.134,0.139,260000.0,34915.0,,,,0.007246376811594235,-0.0347222222222221,-0.06711409395973145,-0.06049340993578889,-1.696260406568615,1.476166893648632,-0.6398891966759003,6.878787878787879,0.48238146863523124,0.4145380394702817,1.4424623994403638,-0.6655010538417321,6.066383323213924,0.3729144794013677,0.3249921218522854
2024-08-05,0.134,0.138,0.134,0.137,380001.0,51875.0,,,,-0.014388489208633115,-0.035211267605633645,-0.08053691275167774,-0.07087148185825698,-1.8550364227145475,0.46154230769230775,1.3170792682926828,5.551741379310345,1.0348826156954902,0.95641409906325,0.4857511098381784,1.196510987847737,4.997109826589595,0.9262903824730784,0.8649050596352101
2024-08-06,0.134,0.137,0.134,0.137,233000.0,31643.0,,,,0.0,-0.028368794326240954,-0.07432432432432423,-0.06707524685052757,-1.6198485517016,-0.38684371883231883,-0.3916464970065352,0.2663043478260869,0.14866880131727167,0.14776448577522786,-0.39001445783132527,-0.41958619171649736,0.15044537356844212,0.0877153783354101,0.08793558609926808
2024-08-07,0.134,0.139,0.134,0.137,200003.0,26835.0,,,,0.0,-0.007246376811594235,-0.07432432432432423,-0.06356801093643205,-1.4402647446982826,-0.14161802575107296,-0.6497320490367775,1.7397671232876712,-0.02577042137232788,-0.025915925084675134,-0.15194513794520115,-0.6585530333876222,1.4549446528222485,-0.0840718611926009,-0.08487402509027651
2024-08-08,0.137,0.137,0.132,0.133,98001.0,13066.0,,,,-0.02919708029197088,-0.036231884057971064,-0.14743589743589736,-0.08747855917667224,-1.8844723366290608,-0.5100023499647506,-0.06666603175207853,1.9817446070526668,-0.536952797780609,-0.5632268708254601,-0.5130985653065028,-0.0859741168240643,1.5509566575556422,-0.5658176972653426,-0.5931286753169641
2024-08-09,0.133,0.135,0.132,0.135,174000.0,23038.0,,,,0.015037593984962516,-0.02877697841726623,-0.13461538461538458,-0.06639004149377592,-1.394228142652914,0.7754920868154407,-0.3307692307692308,57.0,-0.19032239826505637,-0.20527869794854295,0.7632022041940916,-0.3401689818129744,48.865800865800864,-0.24442163227622982,-0.26243893183058964
2024-08-12,0.135,0.14,0.135,0.14,239158.0,33343.0,,,,0.03703703703703698,0.021897810218978186,-0.06666666666666654,-0.02473005921281779,-0.5336052159062669,0.3744712643678161,-0.37063849831974127,2.321638888888889,0.07029592927466877,0.08128142812386402,0.44730445351158954,-0.35724337349397595,2.087314814814815,0.05451250579154854,0.06250163210100537
2024-08-13,0.135,0.135,0.132,0.135,151001.0,20303.0,,,,-0.0357142857142857,-0.014598540145985384,-0.10596026490066213,-0.056274030059419555,-1.235234371783258,-0.3686140543071944,-0.35192703862660946,2.775025,-0.3485952290308908,-0.42543177953513234,-0.39108658489038184,-0.35837309989571153,2.3798901281837854,-0.37999480860549983,-0.45850702198849336
2024-08-14,0.135,0.138,0.135,0.138,26001.0,3585.0,,,,0.022222222222222143,0.007299270072992803,-0.10967741935483866,-0.02987697715289983,-0.6567157118993334,-0.8278090873570374,-0.8699969500457493,-0.9195015479876161,-0.890456748299933,-1.1386890550877227,-0.8234251095897158,-0.8664058133035215,-0.9255436249974038,-0.8928613054483837,-1.1239998175450656
2024-08-15,0.135,0.14,0.135,0.14,8000.0,1115.0,,,,0.01449275362318847,0.05263157894736836,-0.0604026845637583,-0.00990099009901002,-0.24182617621191646,-0.6923195261720703,-0.9183681799165315,1.6666666666666665,-0.9640462930941692,-1.1276524429209398,-0.6889818688981869,-0.914664013470075,1.4722838137472283,-0.9643006938152152,-1.109480050469288
2024-08-16,0.134,0.14,0.133,0.134,466000.0,64811.0,,,,-0.04285714285714293,-0.007407407407407418,-0.1241830065359476,-0.04930826534232002,-1.2612248417057714,57.25,1.6781609195402298,2.5846153846153848,1.0919530064754026,1.2807249669997611,57.12645739910314,1.8132216338223803,2.3657561279601165,1.0728707905956254,1.2374972402056847
2024-08-19,0.133,0.139,0.133,0.134,724000.0,97494.0,,,,0.0,-0.04285714285714293,-0.10067114093959717,-0.04285714285714293,-1.2167659925605705,0.553648068669528,2.0272873999615317,0.8054862842892767,2.022228196178509,2.4710115128260974,0.5042816805789141,1.9239720481060494,0.6393260694108152,1.9064468959472691,2.288376855237188
2024-08-20,0.134,0.139,0.132,0.136,964004.0,130522.0,,,,0.014925373134328401,0.007407407407407307,-0.09333333333333327,-0.02333931777378817,-0.7032842592296819,0.3314972375690608,5.384090171588268,3.748788177339901,2.7699355535319827,3.195158351757126,0.338769565306583,5.428705117470325,3.286999934309926,2.682365570465917,3.0733832488973634
2024-08-21,0.136,0.136,0.133,0.136,372000.0,50393.0,,,,0.0,-0.01449275362318847,-0.07482993197278898,-0.018404907975460127,-0.6516400977834923,-0.6141094850228836,13.307142032998732,73.4,0.26634611996825286,0.2878642110309945,-0.613911830955701,13.056624825662482,67.09864864864865,0.24584198106502164,0.26528250874304227
2024-08-22,0.134,0.139,0.134,0.137,244000.0,33182.0,,,,0.007352941176470562,-0.021428571428571463,-0.06164383561643827,-0.007246376811594235,-0.29387690685029744,-0.34408602150537637,29.5,121.0,-0.21822071199267046,-0.2584352310805975,-0.3415355307284742,28.75964125560538,112.63698630136986,-0.22709612499883536,-0.2682641876711853
2024-08-23,0.137,0.137,0.133,0.134,43000.0,5808.0,,,,-0.021897810218978075,0.0,-0.06944444444444431,-0.025808796801163214,-1.2512105940787095,-0.8237704918032787,-0.907725321888412,-0.9404432132963989,-0.8673693213827951,-1.1074034995908502,-0.8249653426556567,-0.9103855826942957,-0.9443571565433991,-0.8697059635095937,-1.1066222081541646
2024-08-26,0.132,0.136,0.132,0.136,67000.0,9072.0,,,,0.014925373134328401,0.014925373134328401,-0.042253521126760396,-0.007661437431594309,-0.4196467619955238,0.558139534883721,-0.9074585635359116,-0.5914634146341464,-0.7691713129552945,-0.918336287396188,0.5619834710743801,-0.9069481198843006,-0.6158699242071389,-0.7711835550791348,-0.9250045887111726
2024-08-27,0.135,0.136,0.135,0.136,277001.0,37632.0,,,,0.0,0.0,-0.03546099290780125,-0.005484460694698323,-0.33763886039739227,3.1343432835820897,-0.7126557566151177,-0.2767616794734218,-0.029457947212863766,-0.03407945216738976,3.148148148148148,-0.7116807894454575,-0.30973256539124694,-0.0330997359986126,-0.038361901949703875
2024-08-28,0.132,0.132,0.132,0.134,2000.0,264.0,,,,-0.014705882352941235,-0.014705882352941235,-0.02898550724637683,-0.01831501831501836,-1.258305739559929,-0.9927798094591717,-0.9946236559139785,-0.9964973730297724,-0.9928599109166786,-1.1322083667729215,-0.9929846938775511,-0.9947611771476197,-0.9966408794788274,-0.9930664894769533,-1.132760096675463
2024-08-29,0.133,0.169,0.133,0.166,5025000.0,826576.0,,,,0.23880597014925375,0.2116788321167884,0.2028985507246377,0.21790168745414507,14.639622341893068,2511.5,19.59426229508197,46.856687079170676,18.967531403165122,19.634719285734192,3129.969696969697,23.91037309384606,56.82273522210563,23.197508456639504,24.035188407569162
2024-08-30,0.165,0.17,0.144,0.159,2235000.0,356644.0,,,,-0.04216867469879526,0.18656716417910446,0.14388489208633093,0.15468409586056642,3.063992936064176,-0.5552238805970149,50.97674418604651,7.596153846153847,3.491031500516921,1.5903030916151921,-0.5685284837691875,60.40564738292011,9.214635543462695,3.7696513207870153,1.5664666567268548
2024-09-02,0.16,0.16,0.16,0.157,15000.0,2400.0,,,,-0.012578616352201255,0.15441176470588225,0.14598540145985384,0.1319394376351839,2.1708451138931117,-0.9932885906040269,-0.7761194029850746,-0.9605264196673167,-0.9748494530175207,-0.5024309344208565,-0.9932706003746032,-0.7354497354497355,-0.9537349397590361,-0.973585750833287,-0.46490930372507056
2024-09-03,0.145,0.154,0.144,0.145,735000.0,107250.0,,,,-0.07643312101910837,0.06617647058823506,0.058394160583941535,0.03793843951324272,0.5666449610291687,48.0,1.653420023754427,2.1545064377682404,0.27127779590525747,0.13478485686604955,43.6875,1.8499681122448979,2.3893752172676423,0.21342334728345902,0.09869720191525322
2024-09-04,0.148,0.151,0.143,0.143,82000.0,11814.0,,,,-0.01379310344827589,0.06716417910447747,0.04379562043795593,0.020699500356887945,0.30842246931132905,-0.8884353741496599,40.0,-0.5900061499077514,-0.8640715268886826,-0.44888927809926277,-0.8898461538461538,43.75,-0.5597540525433202,-0.8718191449944204,-0.42137218378053387
2024-09-05,0.142,0.151,0.142,0.151,70000.0,10345.0,,,,0.05594405594405605,-0.09036144578313265,0.13533834586466154,0.0754985754985753,1.1283453230152043,-0.14634146341463417,-0.9860696517412936,-0.2857215742696503,-0.8828173978665735,-0.45318454891442,-0.12434399864567458,-0.987484514430615,-0.20825042093984392,-0.8868355072875964,-0.4244689204302633
2024-09-09,0.143,0.15,0.143,0.149,27000.0,4022.0,,,,-0.013245033112582849,-0.06289308176100639,0.10370370370370363,0.05449398443029008,0.8097121728322002,-0.6142857142857143,-0.9879194630872483,-0.8448275862068966,-0.9546948129336241,-0.4886608358150733,-0.6112131464475592,-0.9887226477944393,-0.8254188731660734,-0.9559375566597338,-0.45671973398898813
2024-09-10,0.143,0.167,0.142,0.143,71000.0,10268.0,,,,-0.04026845637583898,-0.08917197452229308,0.021428571428571352,0.007042253521126529,0.10485881160223064,1.6296296296296298,3.7333333333333334,-0.7031251306667559,-0.8793764783283279,-0.44331539177102197,1.5529587270014917,3.2783333333333333,-0.6920493057013466,-0.8863263357458173,-0.418165472220965
2024-09-11,0.148,0.148,0.148,0.148,29268.0,4331.0,,,,0.034965034965035,0.020689655172413834,0.0962962962962961,0.041153710868800486,0.614037325420831,-0.5877746478873239,-0.9601795918367347,-0.8061734690498739,-0.9495553561799817,-0.4705467466587663,-0.5782041293338527,-0.9596177156177156,-0.7866817711668226,-0.9514325763947294,-0.4421546208408217
2024-09-12,0.147,0.147,0.138,0.144,173000.0,24649.0,,,,-0.027027027027027084,0.006993006993007089,0.043478260869564966,0.008403361344537785,0.1268924541320117,4.910892442257756,1.1097560975609757,5.65359024652898,-0.6986659611153678,-0.3418107310603261,4.691295312860771,1.0864228880988658,5.875592747559275,-0.7210906984217507,-0.3315297142462466
2024-09-13,0.142,0.146,0.142,0.146,307000.0,44806.0,,,,0.01388888888888884,-0.03311258278145701,0.042857142857142705,0.020265548567435232,0.3087903397537625,0.7745664739884393,3.385714285714286,37.375,-0.47202202579645347,-0.23451637909314882,0.8177613696295996,3.331174480425326,39.1847533632287,-0.4989802034225804,-0.23266848504014884
2024-09-19,0.135,0.145,0.135,0.145,277000.0,39947.0,,,,-0.006849315068493178,-0.02684563758389269,0.08208955223880587,0.01115760111576014,0.17051978375846738,-0.09771986970684043,9.25925925925926,-0.4055793991416309,-0.5355572428632376,-0.2742870662479051,-0.10844529750479848,8.932123321730483,-0.38363857987070094,-0.5639647368883518,-0.2705387889660937
2024-09-20,0.145,0.146,0.136,0.146,308000.0,44946.0,,,,0.006896551724137945,0.020979020979021046,0.08955223880596996,0.014241055922195267,0.22473545527972402,0.11191335740072206,3.338028169014085,-0.574585635359116,-0.47526563186664117,-0.23916584794415757,0.1251408115753374,3.377288663809895,-0.5389870145855129,-0.5026499112823313,-0.23752462288032608
2024-09-23,0.15,0.15,0.14,0.143,436000.0,61791.0,,,,-0.020547945205479423,-0.03378378378378377,0.051470588235293935,-0.010722933241093191,-0.17568381465725952,0.4155844155844155,13.896815634823016,-0.5477197190053154,-0.2299046397627259,-0.11148550014865087,0.3747830730209585,13.267143846686677,-0.5265855564579152,-0.29577729645085027,-0.1355218160642503
2024-09-24,0.145,0.161,0.145,0.16,753000.0,111934.0,,,,0.11888111888111896,0.11111111111111116,0.17647058823529416,0.10420979986197398,1.7554642047043152,0.7270642201834863,3.3526011560693645,1.024193548387097,0.39505555628118216,0.18318759845898805,0.8114935832079104,3.541117286705343,1.2212212013573316,0.3276952091759877,0.1444100280444382
2024-09-25,0.153,0.16,0.153,0.154,773000.0,121557.0,,,,-0.03749999999999998,0.0547945205479452,0.12408759124087587,0.05407255304585923,0.8815665164320511,0.026560424966799445,1.5179153094462539,2.168032786885246,0.3832881080439279,0.1839677598946755,0.0859703039291011,1.7129625496585277,2.663341570731119,0.3910662186062559,0.17870064588796042
2024-09-26,0.147,0.161,0.147,0.158,505952.0,78938.0,,,,0.025974025974025983,0.08965517241379328,0.17910447761194015,0.07519564477713536,1.247405167514776,-0.3454695989650711,0.8265415162454874,10.766325581395348,-0.13551410053028246,-0.06821076893576998,-0.3506091792327879,0.9760682904848925,12.59125344352617,-0.1401351592761877,-0.06737875499627367
2024-09-27,0.158,0.174,0.158,0.16,4372000.0,726050.0,,,,0.012658227848101333,0.09589041095890427,0.17647058823529416,0.07998650016874786,1.3723952195516296,7.64113591803175,13.194805194805195,64.25373134328358,6.18593128773713,3.255795862321471,8.197724796675873,15.153829039291594,79.03196649029982,6.6058592510106395,3.3207076553791386
2024-09-30,0.16,0.182,0.16,0.167,3319000.0,578265.0,,,,0.043749999999999956,0.16783216783216792,0.2279411764705883,0.1181787746903249,2.0705963306715107,-0.24085086916742915,6.612385321100917,10.981906202504684,3.0295701733134033,1.756774095971416,-0.20354658770057155,8.358401708986746,14.366310586734693,3.4038757670884223,1.9016205459176974
2024-10-02,0.167,0.197,0.167,0.196,5040000.0,949595.0,,,,0.17365269461077837,0.2250000000000001,0.4626865671641791,0.29887342611000656,5.13471074835604,0.5185296776137391,5.693227091633466,2519.0,4.165199264983946,2.676852433177342,0.6421450373098838,7.483526006396627,3595.9507575757575,4.997195273331382,3.1149125486120055
2024-10-03,0.197,0.211,0.197,0.205,4380000.0,882483.0,,,,0.04591836734693877,0.331168831168831,0.2349397590361444,0.33116883116883145,4.04389384534065,-0.13095238095238093,4.666235446313066,-0.12835820895522387,2.567760155287168,1.8026978039014419,-0.07067434011341678,6.259828722327796,0.06763685371944028,3.287927877850252,2.2095216361060466
2024-10-04,0.205,0.27,0.205,0.25,12995000.0,3235882.0,,,,0.2195121951219512,0.5822784810126582,0.5723270440251571,0.6030779095864061,5.577250179151353,1.9668949771689497,24.684254632850546,4.814317673378076,9.870738181261508,7.025483529572467,2.6667924481264795,39.99270313410525,8.073142966095041,14.512247620166178,9.690014641780936
2024-10-07,0.28,0.3,0.27,0.3,6964214.0,2031620.0,,,,0.19999999999999996,0.875,0.910828025477707,0.8691588785046729,5.171522733007804,-0.46408510965756056,0.592912625800549,463.28093333333334,3.0176357482443574,1.6720101584203422,-0.3721588117242841,1.7981819433923283,845.5083333333333,4.762420487761571,2.2498275602403237
2024-10-08,0.3,0.31,0.235,0.24,4378000.0,1148374.0,,,,-0.19999999999999996,0.4371257485029938,0.6551724137931034,0.43155383238890543,1.7560900135980702,-0.3713576291595865,0.3190720096414583,4.956462585034013,1.1039259652577331,0.6943553436081428,-0.4347496086866638,0.9858957398424597,9.707449883449883,1.529320819915835,0.8370751547215365
2024-10-09,0.243,0.265,0.208,0.233,2431000.0,586096.0,,,,-0.029166666666666563,0.18877551020408156,0.6293706293706296,0.351508120649652,1.382226717972569,-0.44472361809045224,-0.5176587301587301,28.646341463414632,0.074227436705534,0.050436330437535794,-0.48962968510258853,-0.38279371732159495,48.61029287286271,0.15810744468991467,0.09534707691660305
2024-10-10,0.233,0.26,0.233,0.239,1905763.0,461251.0,,,,0.025751072961373245,0.1658536585365853,0.5827814569536425,0.3510457885811191,1.3720210814415903,-0.21605800082270665,-0.5648942922374429,26.225185714285715,-0.19941791368492223,-0.14425672703895676,-0.21301117905599087,-0.4773259088277054,43.58685355244079,-0.1375180337809846,-0.08848101826547057
2024-10-14,0.25,0.255,0.23,0.24,2635000.0,634066.0,,,,0.004184100418409997,-0.040000000000000036,0.6107382550335572,0.3237727523441809,1.252654495792885,0.38264831461204785,-0.7972297037322047,96.5925925925926,0.06582647451075974,0.05010146515950509,0.3746658543829715,-0.8040515692475807,156.6494281452014,0.13766411092685304,0.09330890282339965
2024-10-15,0.24,0.24,0.226,0.233,1489000.0,345843.0,,,,-0.029166666666666563,-0.22333333333333327,0.6293706293706296,0.2536992198009147,0.9830268088816663,-0.4349146110056926,-0.7861926701275981,19.971830985915492,-0.4278929688026655,-0.3483646491965712,-0.45456308964681913,-0.8297698388478161,32.68163225555123,-0.4126731182509005,-0.2992725077768217
2024-10-16,0.224,0.23,0.208,0.208,497000.0,106852.0,,,,-0.10729613733905585,-0.1333333333333333,0.4054054054054055,0.09272392960336218,0.36805931562528943,-0.6662189388851578,-0.886477843764276,15.981003143364767,-0.8141055267567696,-0.690282140669678,-0.6910389974641673,-0.9069536579546384,23.671438466866775,-0.8235662820257943,-0.6212889300231629
2024-10-17,0.211,0.227,0.211,0.219,379000.0,83153.0,,,,0.05288461538461542,-0.06008583690987135,0.5208333333333335,0.13266097750193961,0.5453579310312164,-0.23742454728370221,-0.844097079391197,1.1907514450867054,-0.8594706987971527,-0.7395707630941383,-0.2217927600793621,-0.8581239250907702,2.3734837113067466,-0.8638503898298355,-0.6602564588229659
2024-10-18,0.213,0.227,0.21,0.219,1407000.0,300438.0,,,,0.0,-0.08368200836820083,0.5,0.11111111111111116,0.477467771381985,2.712401055408971,-0.26171302517679274,3.583061889250814,-0.48028373996020945,-0.4159758149683023,2.6130746936370306,-0.34864531459010384,5.705307324911842,-0.5104261239037209,-0.393056115309745
2024-10-21,0.212,0.227,0.21,0.225,265000.0,59008.0,,,,0.027397260273972712,-0.06249999999999989,0.5517241379310347,0.12079701120797015,0.5453135292698467,-0.8116560056858564,-0.8994307400379506,-0.04332129963898912,-0.9040635928774567,-0.8079613548534782,-0.803593420273068,-0.9069371327275079,0.4771572333341678,-0.9058063396668918,-0.718895664084641
2024-10-22,0.225,0.23,0.213,0.217,332000.0,75516.0,,,,-0.03555555555555556,-0.06866952789699576,0.48630136986301387,0.05982905982905984,0.28650819732364063,0.2528301886792452,-0.7770315648085964,0.07792207792207795,-0.8797818598394447,-0.7859605660847498,0.2797586767895879,-0.7816465853002663,0.6801495127486317,-0.879637957555788,-0.6998401624315628
2024-10-23,0.214,0.235,0.213,0.218,853000.0,191404.0,,,,0.004608294930875667,0.04807692307692313,0.5244755244755246,0.04656745079212676,0.2394468270228579,1.569277108433735,0.716297786720322,0.9564220183486238,-0.6912604390301893,-0.6180112367835048,1.5346151808888182,0.7913001160483659,2.097603210823583,-0.6956699541256688,-0.5556406126585951
2024-10-24,0.213,0.213,0.205,0.213,402000.0,84486.0,,,,-0.022935779816513735,-0.0273972602739726,0.33125000000000004,0.004480075453902277,0.025328499161850773,-0.5287221570926143,0.06068601583113464,-0.4661354581673307,-0.8555877024594403,-0.7744965055652828,-0.5585985663831476,0.016030690414055915,-0.24521593081637394,-0.8670383390415338,-0.703574966984459
2024-10-25,0.21,0.22,0.208,0.217,238000.0,49950.0,,,,0.018779342723004744,-0.0091324200913242,0.40909090909090917,0.010712622263623572,0.06487623774083243,-0.40796019900497515,-0.8308457711442786,-0.6921086675291074,-0.9139597254512681,-0.8186135564201359,-0.40877778566863154,-0.8337427356060152,-0.5890816653915447,-0.921219959786693,-0.7449859948709936
2024-10-28,0.208,0.217,0.205,0.209,90425.0,19294.0,,,,-0.03686635944700467,-0.07111111111111112,0.3227848101265822,-0.04062428276336938,-0.27275793186769537,-0.620063025210084,-0.6587735849056604,-0.8212775124913035,-0.9669909041460574,-0.8521020258539452,-0.6137337337337337,-0.6730273861171366,-0.755580328865692,-0.9693971181519628,-0.7769209863925574
2024-10-29,0.217,0.229,0.215,0.215,160000.0,35424.0,,,,0.028708133971291794,-0.009216589861751112,0.34375,-0.024500907441016295,-0.18397640960306486,0.7694221730716062,-0.5180722891566265,-0.9634034766697164,-0.941146613313129,-0.8185480902378567,0.8360111951902145,-0.5309073573812173,-0.95120997176503,-0.943545727976276,-0.7504213824526513
2024-10-31,0.213,0.215,0.21,0.215,88000.0,18782.0,,,,0.0,-0.013761467889908285,0.2874251497005986,-0.03652251848532362,-0.3165003009154302,-0.44999999999999996,-0.8968347010550997,-0.9734859897559506,-0.9649125619049066,-0.7681776969737233,-0.4697944896115628,-0.9018724791540407,-0.9675200816234771,-0.9683244792984231,-0.7181867482468882
2024-11-01,0.206,0.218,0.206,0.21,365000.0,77138.0,,,,-0.023255813953488413,-0.014084507042253502,0.0714285714285714,-0.06894258479272897,-0.6992198289571323,3.1477272727272725,-0.09203980099502485,-0.9275793650793651,-0.8444471975159624,-0.6213127835907326,3.1070173570439783,-0.08697298960774569,-0.9187674745549419,-0.8634667304806037,-0.6024680183281158
2024-11-04,0.21,0.22,0.206,0.22,1052000.0,226256.0,,,,0.04761904761904767,0.01382488479262678,0.07317073170731714,-0.027624309392265234,-0.29114553986077985,1.882191780821918,3.420168067226891,-0.7598173515981735,-0.5020637139770668,-0.3364727232107585,1.9331328268816925,3.5296496496496497,-0.74361432458189,-0.5660214864017279,-0.36367954330593294
2024-11-05,0.21,0.215,0.208,0.21,502000.0,106245.0,,,,-0.045454545454545525,0.004784688995215225,-0.16000000000000003,-0.07488986784140972,-0.811803821174793,-0.5228136882129277,4.5515620680121645,-0.9613697575990766,-0.7420773694933326,-0.46380106824783696,-0.5304212926950004,4.506634186793822,-0.9671666024904493,-0.782526218593645,-0.4723712302576332
2024-11-06,0.217,0.22,0.216,0.217,260000.0,57092.0,,,,0.03333333333333344,0.009302325581395321,-0.2766666666666666,-0.03555555555555556,-0.38957969850657664,-0.4820717131474104,0.625,-0.9626662822251011,-0.8032791995521424,-0.6158633047324231,-0.4626382417996141,0.6116757000903343,-0.9718982880656816,-0.8280671132127406,-0.5616863567736267
2024-11-07,0.222,0.234,0.217,0.221,840000.0,187693.0,,,,0.018433179723502224,0.027906976744185963,-0.07916666666666661,0.0006791940230925775,0.014245646839428316,2.230769230769231,8.545454545454545,-0.8081315669255368,-0.1484697697644728,-0.13167950313748847,2.287553422546066,8.99323820679374,-0.8365576023142286,-0.19560165839952615,-0.16002651073307522
2024-11-08,0.209,0.221,0.209,0.212,164000.0,34895.0,,,,-0.040723981900452566,0.00952380952380949,-0.09012875536480691,-0.035925420645747996,-0.8298747293761312,-0.8047619047619048,-0.5506849315068494,-0.932538050185109,-0.7974206710464976,-0.8335024457526758,-0.8140847021465905,-0.547628924784153,-0.9404619721001337,-0.8116830954884623,-0.8044672711517951
2024-11-11,0.209,0.221,0.2,0.2,1460000.0,304465.0,,,,-0.05660377358490554,-0.09090909090909083,-0.16317991631799156,-0.086132053918209,-2.0602242370492094,7.902439024390244,0.38783269961977185,-0.233902641619131,1.0970702205399698,1.1142102327851107,7.72517552657974,0.3456659712891592,-0.33991471021201036,0.93017846535391,0.8947517902085057
2024-11-12,0.2,0.201,0.186,0.188,688925.0,133794.0,,,,-0.06000000000000005,-0.10476190476190472,-0.21666666666666667,-0.13324112494236962,-3.2925605611412694,-0.5281335616438356,0.3723605577689244,-0.7385483870967742,0.022263357922012394,0.02306660135950247,-0.5605603271311974,0.25929690808979244,-0.7889904205555889,-0.10744496330887254,-0.10594444063538498
2024-11-13,0.196,0.196,0.196,0.196,396000.0,75336.0,,,,0.042553191489361764,-0.09677419354838701,-0.15879828326180256,-0.085394307046197,-1.9756383406983613,-0.4251914214174257,0.523076923076923,-0.7340496977837474,-0.3132362441306412,-0.3934628872864059,-0.4369254226646935,0.31955440341904295,-0.7821670526799733,-0.39676377892228454,-0.49235471641230627
2024-11-14,0.183,0.195,0.183,0.186,193000.0,35556.0,,,,-0.05102040816326536,-0.1583710407239819,-0.10576923076923073,-0.12449988232525289,-2.931327473879913,-0.5126262626262627,-0.7702380952380953,-0.6116700201207244,-0.630245178100169,-0.8086779786585432,-0.5280344058617394,-0.8105629938250227,-0.667240669337027,-0.6807142174036613,-0.8755882899928389
2024-11-15,0.181,0.187,0.18,0.187,905000.0,166352.0,,,,0.005376344086021501,-0.11792452830188682,-0.1461187214611872,-0.11521173409037144,-2.26158480709505,3.6891191709844557,4.5182926829268295,1.387862796833773,0.7858288070959563,0.9632998638587206,3.67859151760603,3.76721593351483,1.0005531971185646,0.5432076718809791,0.6637189778325248
2024-11-18,0.184,0.218,0.18,0.202,723000.0,144421.0,,,,0.0802139037433156,0.010000000000000009,-0.07762557077625565,-0.03694874851013119,-0.6518470595475123,-0.20110497237569058,-0.5047945205479452,-0.48614072494669514,0.35630103129528634,0.45061021957655195,-0.1318349042993171,-0.5256564793982887,-0.5192984908699965,0.28997768770286947,0.3649410963024834
2024-11-19,0.189,0.19,0.183,0.183,649000.0,120926.0,,,,-0.09405940594059414,-0.02659574468085113,-0.18666666666666676,-0.12398276687410248,-2.194815701828941,-0.1023513139695712,-0.057952607323003225,1.449056603773585,0.3009466441489974,0.4039492888901483,-0.16268409718808208,-0.09617770602568132,1.0493153470715835,0.1610157327492059,0.21587290876309323
2024-11-20,0.18,0.19,0.18,0.19,1197000.0,222815.0,,,,0.03825136612021862,-0.030612244897959218,-0.12442396313364057,-0.0812379110251451,-1.3438981505345404,0.8443759630200307,2.022727272727273,2.605421686746988,1.3105097308748377,1.8406617822438986,0.8425731439061905,1.9576165445470957,1.9505667673075906,1.0775049241850327,1.500347166207965
2024-11-21,0.181,0.188,0.18,0.183,1267000.0,228947.0,,,,-0.0368421052631579,-0.016129032258064502,-0.16055045871559637,-0.10927232903382822,-1.7544727622192207,0.0584795321637428,5.564766839378239,0.485345838218054,1.2571895584940789,1.7837027598250819,0.027520588829297754,5.439053886826414,0.1961453261164865,0.9975099506003515,1.4153157882837302
2024-11-22,0.184,0.185,0.171,0.171,255300.0,44738.0,,,,-0.06557377049180324,-0.0855614973262031,-0.19718309859154926,-0.16053019145802638,-2.4458393299122307,-0.7985003946329914,-0.7179005524861879,-0.3649253731343284,-0.561353395731228,-0.774824895949487,-0.8045923292290356,-0.7310642493026835,-0.47046847998484953,-0.6159609110734647,-0.8638628802703291
2024-11-25,0.17,0.175,0.17,0.175,67000.0,11440.0,,,,0.023391812865496853,-0.13366336633663378,-0.19354838709677424,-0.13194444444444453,-1.770065352133962,-0.7375636506071288,-0.9073305670816044,-0.7184873949579832,-0.8834138850582713,-1.1911447950216674,-0.7442889713442711,-0.9207871431440026,-0.770970970970971,-0.9000925279428711,-1.2220980582793668
2024-11-26,0.175,0.18,0.175,0.175,347000.0,61707.0,,,,0.0,-0.04371584699453557,-0.16267942583732065,-0.12280701754385959,-1.5622300751292564,4.17910447761194,-0.4653312788906009,2.837434337849046,-0.3870692814844582,-0.503811923249439,4.3939685314685315,-0.4897127168681673,2.1982481600497565,-0.45188529624814966,-0.5894721953561292
2024-11-27,0.175,0.185,0.169,0.18,263000.0,47369.0,,,,0.028571428571428692,-0.052631578947368474,-0.16279069767441867,-0.08998988877654202,-1.0837806531694043,-0.24207492795389052,-0.7802840434419382,0.64375,-0.5457381646871876,-0.7455061823584299,-0.23235613463626492,-0.7874065929134035,0.33720076784101183,-0.587022269184864,-0.7978644943527299
2024-11-29,0.17,0.18,0.17,0.18,309000.0,55020.0,,,,0.0,-0.016393442622950838,-0.16279069767441867,-0.08186687069625098,-0.9810891973435111,0.1749049429657794,-0.7561168113654302,2.5113636363636362,-0.47099118532642537,-0.6564940884695915,0.16151913698832576,-0.7596823719026674,1.9294004898306891,-0.5228032317895269,-0.7189664741861499
2024-12-02,0.181,0.181,0.169,0.17,635000.0,114058.0,,,,-0.05555555555555547,-0.005847953216374324,-0.19047619047619035,-0.12506433350488932,-1.5097444648450116,1.0550161812297736,1.4872698785742262,0.7397260273972603,0.06693774166244859,0.09762954264213738,1.0730279898218829,1.5494657785327908,0.4786227280976951,-0.02606304742753085,-0.0372151233775916
2024-12-03,0.173,0.173,0.17,0.172,560000.0,96346.0,,,,0.011764705882352677,-0.017142857142857126,-0.21818181818181825,-0.10556422256890285,-1.228706647753956,-0.11811023622047245,7.35820895522388,-0.467680608365019,-0.07994800063253571,-0.12030099785574895,-0.15528941415770925,7.421853146853147,-0.5741726186266883,-0.19007198024483796,-0.27748388120149675
2024-12-04,0.183,0.185,0.172,0.174,1009000.0,180581.0,,,,0.011627906976744207,-0.005714285714285672,-0.17142857142857149,-0.08372827804107441,-1.00924413838805,0.8017857142857143,1.9077809798270895,1.0099601593625498,0.7275585394511277,1.0872309831788824,0.8742968052643596,1.9264264994247005,0.6996658666290179,0.6057246639383074,0.878256078464311
2024-12-05,0.17,0.179,0.168,0.174,189000.0,32886.0,,,,0.0,-0.033333333333333326,-0.1981566820276498,-0.07496012759170656,-0.9162190290651233,-0.8126858275520317,-0.28136882129277563,-0.2730769230769231,-0.6898646029261849,-1.0470024401311702,-0.8178878176552351,-0.30574848529629084,-0.4239823442864149,-0.716933262923861,-1.0540965450011754
2024-12-06,0.173,0.183,0.17,0.183,605000.0,105030.0,,,,0.051724137931034475,0.016666666666666607,-0.17194570135746612,-0.01586447969884386,-0.20939843399578087,2.201058201058201,0.9579288025889967,-0.27976190476190477,-0.0014215300945554787,-0.0021260818624934076,2.19376026272578,0.9089422028353327,-0.44041599846557944,-0.08643548488808772,-0.12398787773355505
2024-12-09,0.171,0.173,0.17,0.172,603000.0,103883.0,,,,-0.060109289617486406,0.011764705882352677,-0.18867924528301894,-0.06547133930997018,-1.054945353887524,-0.0033057851239669533,-0.050393700787401574,2.676829268292683,0.01496142347077245,0.022148244471570967,-0.010920689326858968,-0.08920899893036871,1.9770167645794525,-0.06271625790257696,-0.08876445002092698
2024-12-10,0.175,0.18,0.171,0.176,1120000.0,196629.0,,,,0.023255813953488413,0.023255813953488413,-0.1200000000000001,-0.0332326283987916,-0.6280759696900164,0.857379767827529,1.0,-0.23287671232876717,0.8180010510318576,1.2975965667558307,0.8927928534986476,1.0408631391028171,-0.35418192567290163,0.7205370854060298,1.0794934944526553
2024-12-11,0.176,0.185,0.172,0.172,176821.0,30893.0,,,,-0.022727272727272707,-0.011494252873563204,-0.08510638297872353,-0.04893558197401171,-1.0135690157872437,-0.8421241071428571,-0.8247561942517344,-0.7433378089051783,-0.7048365254804914,-1.1876348075427696,-0.8428868579914458,-0.8289244161899646,-0.7691002586065145,-0.7162960997027321,-1.1976389285584836
2024-12-12,0.172,0.19,0.168,0.185,3201000.0,570629.0,,,,0.07558139534883734,0.06321839080459779,-0.056122448979591844,0.027492363232435535,0.5641144932523555,17.103053370357593,15.936507936507937,7.083333333333334,4.581944771530442,7.160019835406377,17.471142329977663,16.35173021954631,6.574453116703833,4.500216151557665,6.958919674363256
2024-12-13,0.185,0.185,0.173,0.175,462000.0,80895.0,,,,-0.05405405405405406,-0.04371584699453557,-0.05913978494623662,-0.025069637883008422,-0.5599729298472259,-0.8556701030927836,-0.23636363636363633,1.3937823834196892,-0.3526746760798791,-0.36495421938259487,-0.8582353858636698,-0.22979148814624395,1.2751434357070535,-0.3705222809200436,-0.3851341389726641
2024-12-17,0.172,0.192,0.172,0.189,166426.0,29336.0,,,,0.08000000000000007,0.09883720930232576,0.010695187165775444,0.056160938809723504,1.2651508925760966,-0.6397705627705628,-0.7240033167495854,-0.816103867403315,-0.7711275317038206,-0.8226934380672687,-0.6373570678039433,-0.7176053829789282,-0.8236510531884198,-0.7756813537419257,-0.8297974839130079
2024-12-18,0.177,0.177,0.168,0.17,2488000.0,425416.0,,,,-0.10052910052910047,-0.03409090909090895,-0.15841584158415845,-0.05054454063110847,-1.122537071702801,13.949587203922464,1.2214285714285715,2.4412171507607194,2.604609408769444,2.6002917412978284,13.501499863648759,1.1635465775648557,1.9456657965254363,2.432782648234915,2.4317929907772258
2024-12-19,0.17,0.174,0.168,0.174,497000.0,83852.0,,,,0.0235294117647058,0.011627906976744207,-0.049180327868852514,-0.019442096365173356,-0.553207894228364,-0.8002411575562701,1.8107521165472429,-0.23420647149460705,-0.36157423205697636,-0.3518886695085736,-0.802894108355116,1.7142718415174958,-0.30658419198518105,-0.3922764050872174,-0.3834465142016168
2024-12-20,0.168,0.176,0.168,0.175,14000.0,2384.0,,,,0.005747126436781658,-0.05405405405405406,-0.07894736842105265,-0.011299435028248594,-0.3257994036251793,-0.971830985915493,-0.9956263667603874,-0.9883040935672515,-0.9818388748871659,-0.9438326292578901,-0.9715689548251681,-0.9958221541491933,-0.9893005408073963,-0.982486492045826,-0.9442690549704672
2024-12-23,0.168,0.173,0.168,0.168,113000.0,19039.0,,,,-0.039999999999999925,-0.039999999999999925,-0.08196721311475397,-0.04680851063829772,-1.547869787873996,7.071428571428571,-0.7554112554112554,-0.9108129439621152,-0.8412313366909393,-0.7369907395159736,6.986157718120805,-0.7646455281537796,-0.916841015606232,-0.8478121244313138,-0.7411767597416613
2024-12-24,0.162,0.17,0.162,0.17,63000.0,10380.0,,,,0.011904761904761862,-0.10052910052910047,-0.005847953216374324,-0.031339031339031265,-1.0213243600105704,-0.4424778761061947,-0.6214533786788122,-0.7532314923619272,-0.9036737530930472,-0.7279899273318736,-0.45480329849256784,-0.6461685301336242,-0.7679824757476865,-0.9094292603694989,-0.7299755974018601
2024-12-27,0.17,0.173,0.168,0.173,365000.0,61835.0,,,,0.01764705882352935,0.01764705882352935,-0.011428571428571455,-0.013964092333998313,-0.4509005952942891,4.7936507936507935,-0.8532958199356913,4.447761194029851,-0.4335924815841906,-0.3416013493891656,4.957129094412331,-0.8546481561577374,4.4051573426573425,-0.45224785662686195,-0.3548637786484315
2024-12-30,0.165,0.173,0.165,0.168,750000.0,126750.0,,,,-0.028901734104046062,-0.0344827586206895,-0.039999999999999925,-0.041916167664670656,-1.3459998690438701,1.0547945205479454,0.5090543259557343,1.1613832853025938,0.13754884160747172,0.11202260250605098,1.0498099781677044,0.5115918523112151,1.0540619378676648,0.09827360920002359,0.07962809750547913
2025-01-02,0.162,0.177,0.162,0.167,290000.0,49644.0,,,,-0.005952380952380931,-0.045714285714285596,-0.07222222222222219,-0.045714285714285596,-1.4027250409754306,-0.6133333333333333,19.714285714285715,0.102661596958175,-0.5731919509594607,-0.48297963865392873,-0.6083313609467456,19.823825503355703,0.04802719077877926,-0.5816301205413257,-0.4864330346108181
2025-01-03,0.163,0.175,0.162,0.172,70000.0,11888.0,,,,0.029940119760478945,0.023809523809523725,-0.04444444444444451,-0.013478634929739108,-0.402228584774545,-0.7586206896551724,-0.38053097345132747,-0.7734627831715211,-0.8971816536524345,-0.7581490416345603,-0.7605350092659737,-0.375597457849677,-0.7839331152308251,-0.8999110076843223,-0.7536562425675645
2025-01-06,0.165,0.165,0.151,0.152,1363000.0,215839.0,,,,-0.11627906976744184,-0.10588235294117654,-0.10588235294117654,-0.1261856855418223,-3.8457720734911325,18.47142857142857,20.634920634920636,1.146456692913386,1.0377884926547294,0.8535826366813505,17.156039703903094,19.79373795761079,0.8923617808483404,0.850825389284817,0.6930519348549927
2025-01-07,0.152,0.155,0.15,0.155,617000.0,93491.0,,,,0.019736842105263275,-0.10404624277456642,-0.09883720930232553,-0.10430511412886445,-2.4064415131262984,-0.5473220836390316,0.6904109589041096,0.10178571428571437,-0.12514825156907916,-0.10662639197532703,-0.5668484379560691,0.5119430743106654,-0.029632781848753398,-0.23183389581925407,-0.19476757676077994
2025-01-08,0.153,0.155,0.151,0.153,92000.0,14036.0,,,,-0.012903225806451646,-0.08928571428571441,-0.1206896551724137,-0.11149825783972123,-2.2535355053623247,-0.8508914100486223,-0.8773333333333333,-0.908820614469772,-0.8700771141754553,-0.7446873643938272,-0.8498679017231605,-0.8892623274161736,-0.9222731073590245,-0.8845381856470665,-0.7421019465850203
2025-01-09,0.15,0.159,0.15,0.159,471284.0,72602.0,,,,0.03921568627450989,-0.04790419161676651,-0.08620689655172409,-0.07099035933391762,-1.2760484371614407,4.1226521739130435,0.6251172413793102,1.4935661375661375,-0.28837265171423376,-0.22867176341337886,4.17255628384155,0.4624526629602772,1.2076871617101501,-0.3588477239058875,-0.2781164986283541
2025-01-10,0.151,0.159,0.151,0.159,129000.0,20487.0,,,,0.0,-0.07558139534883712,-0.13114754098360648,-0.06690140845070414,-1.1550529839576853,-0.7262796954702473,0.8428571428571427,-0.7867768595041322,-0.8092778349574656,-0.6601993674927362,-0.7178176909727005,0.7233344549125169,-0.8049414453013425,-0.8221962627975167,-0.6523381092852362
2025-01-13,0.15,0.156,0.145,0.156,59000.0,8664.0,,,,-0.018867924528301883,0.026315789473684292,-0.09302325581395343,-0.07801418439716323,-1.3587400181058449,-0.5426356589147288,-0.9567131327953045,-0.9021558872305141,-0.9095891508819923,-0.7082843167448161,-0.5770976716942451,-0.9598589689537109,-0.916598480983414,-0.9219427111393805,-0.6972740480162797
2025-01-14,0.159,0.16,0.15,0.15,298000.0,46806.0,,,,-0.03846153846153855,-0.032258064516129115,-0.1477272727272727,-0.10926365795724469,-1.8177491687081435,4.0508474576271185,-0.5170178282009725,-0.7339285714285715,-0.523487089498319,-0.385827451854998,4.402354570637119,-0.49935287888673774,-0.7619577986970386,-0.5594084593086329,-0.4000950600177005
2025-01-15,0.149,0.15,0.149,0.15,277000.0,41486.0,,,,0.0,-0.019607843137254943,-0.12790697674418605,-0.1023339317773787,-1.5913818289432307,-0.07046979865771807,2.010869565217391,0.5665560086188857,-0.525909434496387,-0.36442718848549976,-0.11366064179806012,1.9556853804502707,0.34289321205451073,-0.5798601019005847,-0.3881548467794242
2025-01-16,0.15,0.164,0.15,0.15,22000.0,3353.0,,,,0.0,-0.05660377358490576,-0.18918918918918926,-0.09638554216867479,-1.4124722768127507,-0.9205776173285198,-0.9533190178321351,-0.993127147766323,-0.9626666530909042,-0.6745982774789886,-0.9191775538735959,-0.9538166992644831,-0.9941240280462437,-0.9662244347528708,-0.6513032341728074
2025-01-17,0.158,0.158,0.158,0.158,58000.0,9162.0,,,,0.053333333333333455,-0.0062893081761006275,-0.09714285714285709,-0.03805175038051756,-0.5715793753173447,1.6363636363636362,-0.5503875968992248,-0.8744588744588745,-0.8652214376922192,-0.639970803326096,1.7324783775723231,-0.5527895738761166,-0.8867420730576674,-0.8707924153652948,-0.6291078670363206
2025-01-20,0.158,0.158,0.157,0.157,147000.0,23219.0,,,,-0.006329113924050667,0.0064102564102563875,-0.1693121693121693,-0.03916768665850667,-0.597377491997278,1.5344827586206895,1.4915254237288136,-0.11672455025056183,-0.6415818674559993,-0.44779285610783515,1.5342719930146256,1.6799399815327791,-0.20851513498772833,-0.6551078762672212,-0.44516370810638234
2025-01-21,0.155,0.156,0.15,0.156,478000.0,72714.0,,,,-0.006369426751592355,0.040000000000000036,-0.08235294117647063,-0.03584672435105063,-0.6494860286287805,2.251700680272109,0.6040268456375839,-0.8078778135048231,0.16823514862737254,0.11705421898669907,2.1316594168568845,0.5535187796436354,-0.8290755401771442,0.08501394802634876,0.05742987452520813
2025-01-22,0.156,0.156,0.15,0.15,513000.0,77521.0,,,,-0.03846153846153855,0.0,-0.13793103448275856,-0.06890130353817503,-1.2611750776480795,0.07322175732217584,0.8519855595667869,0.03219315895372232,0.6620003226807643,0.621800880739892,0.06610831476744505,0.8686062768162754,-0.07550207508467299,0.569837317783666,0.5360614083923041
2025-01-23,0.155,0.159,0.147,0.149,358000.0,53733.0,,,,-0.00666666666666671,-0.00666666666666671,-0.14857142857142858,-0.06816760475297057,-1.2699022826373785,-0.3021442495126706,15.272727272727273,24.571428571428573,0.15683817385015764,0.1474709634382372,-0.306858786651359,15.025350432448555,21.539010067114095,0.09513910119229596,0.08926649083282787
2025-01-24,0.149,0.157,0.147,0.148,138000.0,20554.0,,,,-0.006711409395973145,-0.06329113924050633,-0.11904761904761918,-0.06683480453972268,-1.3033155584869893,-0.6145251396648045,1.3793103448275863,0.22123893805309724,-0.5775478304632096,-0.586325038270161,-0.6174790166192098,1.2433966382885835,0.079573507011923,-0.601917011491804,-0.6078571095258348
2025-01-27,0.157,0.16,0.157,0.159,1392000.0,221159.0,,,,0.07432432432432434,0.01273885350318471,-0.06470588235294128,0.008883248730964466,0.17186274183605613,9.08695652173913,8.46938775510204,21.095238095238095,3.245012872269636,3.3154474693633844,9.759900749245888,8.524914940350575,20.30626204238921,3.277058570981005,3.317480866946783
2025-01-28,0.16,0.16,0.15,0.15,314000.0,49632.0,,,,-0.05660377358490576,-0.03846153846153855,-0.1329479768786127,-0.04489016236867238,-0.9253115963928479,-0.7744252873563219,-0.34309623430962344,-0.13972602739726026,-0.2037816820086611,-0.20461463394546306,-0.7755822733870202,-0.31743543196633384,-0.19734778038327805,-0.20266229056270046,-0.2016577324759423
2025-02-03,0.148,0.157,0.148,0.157,45000.0,6692.0,,,,0.046666666666666634,0.046666666666666634,-0.06547619047619058,0.007055805003207238,0.1623906623924095,-0.856687898089172,-0.9122807017543859,-0.94,-0.8851496449082243,-0.8821985510749186,-0.865167633784655,-0.9136750041924124,-0.9472031558185404,-0.8914288495546506,-0.8774220967603779
2025-02-04,0.156,0.168,0.154,0.162,616000.0,96618.0,,,,0.031847133757961776,0.08724832214765099,-0.029940119760479056,0.042806565819118125,1.0798573398039595,12.688888888888888,0.7206703910614525,1.1241379310344826,0.7275991252066247,0.663657021528729,13.43783622235505,0.7981128915191782,0.9462170655064055,0.7366686977950574,0.6631732658346223
2025-02-05,0.151,0.156,0.151,0.151,608000.0,93408.0,,,,-0.06790123456790131,0.020270270270270396,-0.12209302325581395,-0.026434558349451964,-0.7132635019577522,-0.012987012987012991,3.4057971014492754,7.685714285714285,0.630620477911261,0.5956206218134475,-0.03322362292740488,3.544516882358665,6.8573351278600265,0.6109604917320308,0.5672637137597056
2025-02-06,0.151,0.154,0.15,0.15,572000.0,85966.0,,,,-0.0066225165562914245,-0.05660377358490576,-0.013157894736842146,-0.026290165530671872,-0.9617209867634064,-0.05921052631578949,-0.5890804597701149,-0.5803374908290535,0.43084348223277624,0.44008876241507805,-0.07967197670435078,-0.6112932324707563,-0.6017123874739968,0.3852346484301985,0.38596948473272785
2025-02-07,0.15,0.158,0.149,0.15,2508600.0,380883.0,,,,0.0,0.0,-0.032258064516129115,-0.02565768106528099,-0.9217057457164456,3.3856643356643357,6.989171974522293,3.0658022690437603,5.964189640497238,6.653888725475676,3.4306237349649864,6.6741416827853,3.074007123680354,5.854710191549919,6.407559488343461
2025-02-10,0.148,0.15,0.148,0.15,116000.0,17333.0,,,,0.0,-0.04458598726114649,-0.019607843137254943,-0.02407286922576457,-0.847430911474088,-0.9537590688033166,1.577777777777778,0.26086956521739135,-0.7449395792646432,-0.5859711217013185,-0.9544925869624006,1.5901075911536164,0.23489598176118553,-0.7521546870475694,-0.5935192236871905
2025-02-11,0.15,0.151,0.148,0.149,335000.0,50259.0,,,,-0.00666666666666671,-0.08024691358024694,-0.06289308176100639,-0.029632041680234478,-1.0242394946102937,1.8879310344827585,-0.4561688311688312,-0.28917595335296764,-0.26534153285283013,-0.20954737375862756,1.8996134541048866,-0.4798174253244737,-0.3077463430759483,-0.2830344253034255,-0.2241358446213646
2025-02-12,0.15,0.156,0.148,0.148,649230.0,97131.0,,,,-0.006711409395973145,-0.019867549668874163,-0.06918238993710701,-0.032995753021888286,-1.1586296964038205,0.938,0.06781250000000005,4.032790697674419,0.44536711340665214,0.34609452142481834,0.9326090849400108,0.03985739979445024,3.74110411480451,0.40805378759380107,0.3176029857478547
2025-02-13,0.148,0.153,0.147,0.149,2339000.0,349471.0,,,,0.006756756756756799,-0.00666666666666671,-0.044871794871794934,-0.022950819672131195,-0.8213633064844921,2.602729387120127,3.089160839160839,38.644067796610166,3.922226092007117,3.243947419674544,2.5979347479177606,3.0652234604378474,39.33598799630656,3.799459998777719,3.141104757352404
2025-02-14,0.148,0.157,0.148,0.151,353000.0,53724.0,,,,0.01342281879194629,0.006666666666666599,0.006666666666666599,-0.007558330594807816,-0.27083990633221067,-0.8490808037622916,-0.8592840628238858,0.18456375838926165,-0.4008739094165479,-0.33736781850397335,-0.8462705059933442,-0.8589488110522129,0.14780156390206378,-0.4021033887930555,-0.34044201356600556
2025-02-17,0.15,0.155,0.148,0.151,1096000.0,167123.0,,,,0.0,0.006666666666666599,0.006666666666666599,-0.007884362680683377,-0.28400770652957397,2.104815864022663,8.448275862068966,2.9566787003610107,0.8515343154686739,0.721109587337759,2.1107698607698606,8.641896959556915,3.0284192257629083,0.852786391266606,0.7257269543238329
2025-02-18,0.151,0.155,0.148,0.152,1193000.0,179163.0,,,,0.0066225165562914245,0.020134228187919545,0.01333333333333342,-0.0016420361247947435,-0.059471487130529015,0.08850364963503643,2.5611940298507463,53.22727272727273,0.884999245526287,0.7961088663029322,0.07204274695882673,2.5647943651883245,52.43364151506114,0.8569433396125214,0.7750675704306091
2025-02-19,0.152,0.153,0.15,0.153,1770000.0,267153.0,,,,0.006578947368421018,0.03378378378378377,-0.03164556962025322,0.00426649163111259,0.15583735787216751,0.4836546521374685,1.726306547756573,29.517241379310345,1.559869490043626,1.5435487208680052,0.49111702751126063,1.750440127250826,28.158808120497707,1.5377101970348592,1.5295173038869625
2025-02-20,0.15,0.155,0.149,0.153,1543000.0,234121.0,,,,0.0,0.02684563758389258,-0.02547770700636942,0.00591715976331364,0.22733011060512204,-0.12824858757062152,-0.3403163745190252,9.496598639455783,0.9857369265348119,1.0615306829032065,-0.12364450333703902,-0.33007030626289446,9.08316464964038,0.9811750250480651,1.0620308885937746
2025-02-21,0.151,0.156,0.149,0.15,832000.0,125021.0,,,,-0.019607843137254943,-0.0066225165562914245,-0.03846153846153855,-0.012508229098090795,-0.500511060986931,-0.46079066753078424,1.356940509915014,0.7405857740585775,-0.017525711718190506,-0.02047332753113425,-0.46599835127989375,1.327097758915941,0.7193525318370602,-0.02872094712545803,-0.03369829908839405
2025-02-24,0.153,0.16,0.15,0.153,1259000.0,194962.0,,,,0.020000000000000018,0.013245033112582849,0.020000000000000018,0.009234828496042402,0.3793348119524666,0.5132211538461537,0.14872262773722622,1.4541910331384016,0.4562632331704146,0.5480552454797567,0.5594340150854658,0.16657790968328712,1.5149572373937383,0.48448317543348685,0.5841726685506802
2025-02-25,0.153,0.16,0.152,0.152,1219000.0,190575.0,,,,-0.006535947712418277,0.0,0.020134228187919545,0.0016474464579900872,0.06787619242639108,-0.031771247021445626,0.021793797150041927,2.405027932960894,0.35167875951594607,0.4405619120543466,-0.022501820867656286,0.06369618727080928,2.5467031433197476,0.3889769564295258,0.4894820919269263
2025-02-26,0.152,0.152,0.14,0.147,4102000.0,601333.0,,,,-0.03289473684210531,-0.03921568627450989,-0.006756756756756799,-0.032258064516129004,-1.3513774369433755,2.365053322395406,1.3175141242937851,28.72463768115942,3.34123917931318,4.438160331076429,2.1553614062704973,1.2508936826462738,28.256251824462392,3.174549488571123,4.2417494575195365
2025-02-27,0.147,0.153,0.147,0.15,1854000.0,275969.0,,,,0.020408163265306145,-0.019607843137254943,-0.05660377358490576,-0.012183075403358501,-0.5015061438696878,-0.5480253534861044,0.2015554115359688,0.3318965517241379,0.621917405562022,0.7274629779975997,-0.5410712533654398,0.17874517877507778,0.24783074620521894,0.5944007138633405,0.7110148850828883
2025-02-28,0.15,0.15,0.147,0.15,271000.0,39969.0,,,,0.0,0.0,0.0,-0.009247027741083325,-0.4243552397162278,-0.8538295577130528,-0.6742788461538461,-0.13694267515923564,-0.7676196405135863,-0.905305042677083,-0.8551685153042552,-0.6803017093128354,-0.19469294003868476,-0.7726797698986247,-0.9294620359698671
2025-03-03,0.15,0.154,0.149,0.15,542000.0,82104.0,,,,0.0,-0.019607843137254943,-0.04458598726114649,-0.009247027741083325,-0.4243552397162278,1.0,-0.5694996028594123,11.044444444444444,-0.5343808618507158,-0.6278023730136856,1.054191998799069,-0.5788717801417712,11.268977884040645,-0.5317539210134155,-0.6359162523414176
2025-03-04,0.149,0.15,0.148,0.148,277000.0,41281.0,,,,-0.013333333333333308,-0.02631578947368418,-0.0864197530864198,-0.020191989407480904,-1.005124054204168,-0.48892988929889303,-0.7727645611156686,-0.5503246753246753,-0.7670098575017148,-0.9427842308834105,-0.497210854525967,-0.7833871179325724,-0.5727400691382558,-0.7695270561870269,-0.9639926782262974
2025-03-05,0.148,0.154,0.148,0.15,406000.0,60914.0,,,,0.013513513513513598,0.020408163265306145,-0.0066225165562914245,-0.002327901563019763,-0.20656059101102464,0.46570397111913353,-0.9010238907849829,-0.33223684210526316,-0.6535663256229087,-0.7810332209932579,0.47559409898016036,-0.898701717683879,-0.3478717026378897,-0.6545796380951355,-0.7951024039543491
2025-03-06,0.148,0.153,0.146,0.152,1821000.0,271940.0,,,,0.01333333333333342,0.01333333333333342,0.01333333333333342,0.011310711909514382,1.0065285051900972,3.485221674876847,-0.017799352750809017,2.1835664335664338,0.5673394348540657,0.6672960061248064,3.464326755754014,-0.014599465882037421,2.163343647488542,0.5564086531376138,0.6643478778079841
2025-03-07,0.148,0.152,0.147,0.149,513000.0,76493.0,,,,-0.019736842105263164,-0.00666666666666671,-0.00666666666666671,-0.009308510638297962,-0.8097121731137475,-0.7182866556836902,0.8929889298892988,-0.7955034680698397,-0.5809821435499634,-0.7199060977830436,-0.7187136868426859,0.9138082013560509,-0.7991692987085273,-0.5843256316043592,-0.7349517326747276
2025-03-10,0.146,0.153,0.146,0.148,489000.0,73443.0,,,,-0.006711409395973145,-0.013333333333333308,-0.013333333333333308,-0.01563019620884598,-1.3386936803558387,-0.04678362573099415,-0.0977859778597786,3.2155172413793105,-0.5651445094158664,-0.6678335411934967,-0.03987292954910904,-0.10548816135632855,3.2371776380315005,-0.5649161635869728,-0.6788756640998374
2025-03-11,0.147,0.155,0.147,0.155,712000.0,107363.0,,,,0.04729729729729737,0.04729729729729737,0.04026845637583887,0.03161397670549082,2.5931659816202743,0.4560327198364009,1.5703971119133575,1.1253731343283584,-0.3771658685146412,-0.46148387656649303,0.46185477172773437,1.6007848647077347,1.1361945124256354,-0.37436865357535476,-0.4661580851349876
2025-03-12,0.148,0.155,0.148,0.155,1929479.0,291694.0,,,,0.0,0.03333333333333344,0.04729729729729737,0.029558286283626556,2.12974994835057,1.7099424157303371,3.752411330049261,1.971949848281811,0.6604646339558602,0.8334459318767742,1.7168950196995238,3.788620021669895,2.003098907660788,0.6719567196761027,0.8636048929059715
2025-03-13,0.15,0.154,0.15,0.154,30000.0,4520.0,,,,-0.006451612903225823,0.013157894736842035,0.033557046979865834,0.020543406229291072,1.3952019520443217,-0.9844517613303903,-0.9835255354200988,-0.9871740059854639,-0.9755306574557536,-1.2891154249487824,-0.9845043093104417,-0.9833786864749577,-0.9870661657190439,-0.9754602292839816,-1.312617463342639
2025-03-14,0.157,0.157,0.15,0.153,2746000.0,417862.0,,,,-0.006493506493506551,0.02684563758389258,0.013245033112582849,0.012239497188223813,0.8123070353660268,90.53333333333333,4.352826510721248,6.779036827195467,1.4725953638656843,1.7667636988856643,91.44734513274337,4.4627482253278075,6.777939096120915,1.503018241228681,1.8356749198067273
2025-03-17,0.152,0.157,0.15,0.157,1906000.0,292566.0,,,,0.026143790849673332,0.06081081081081097,0.039735099337748325,0.0380165289256198,2.4847198889029745,-0.3058994901675164,2.8977505112474438,0.7390510948905109,0.5493114078944732,0.6924779237103079,-0.2998501897755719,2.9835791021608595,0.7506028493983474,0.5801553495905891,0.7416937346398861
2025-03-18,0.155,0.158,0.153,0.157,799000.0,123124.0,,,,0.0,0.012903225806451646,0.03289473684210531,0.03596172880237547,2.0602936878707525,-0.580797481636936,0.122191011235955,-0.33025984911986583,-0.3712245684831863,-0.47805114908477386,-0.5791582070370447,0.14680103946424738,-0.31278221507788995,-0.3567938531717568,-0.4655409535588548
2025-03-19,0.151,0.158,0.15,0.156,923000.0,143138.0,,,,-0.006369426751592355,0.006451612903225712,0.019607843137254832,0.027667984189723382,1.4419279899043704,0.15519399249061316,-0.5216325235983392,-0.4785310734463277,-0.26220437266608687,-0.33056423430369314,0.16255157402293618,-0.5092871296632773,-0.464209647655089,-0.24113172306169517,-0.30838224797914215
2025-03-20,0.156,0.16,0.152,0.153,546000.0,83740.0,,,,-0.019230769230769273,-0.006493506493506551,0.0,0.006910167818361179,0.34406525338401167,-0.4084507042253521,17.2,-0.6461438755670772,-0.5482652703816442,-0.6713607235137804,-0.41497016864843717,17.52654867256637,-0.642321705442912,-0.5409484507147259,-0.6730488018653575
2025-03-21,0.153,0.155,0.151,0.152,606000.0,91791.0,,,,-0.006535947712418277,-0.006535947712418277,0.01333333333333342,0.00032905561039808795,0.016384059684951206,0.10989010989010994,-0.7793153678077203,-0.2716346153846154,-0.47705602736291386,-0.5559170272385765,0.09614282302364452,-0.7803317841775514,-0.2657953463818079,-0.475181753287797,-0.562779081893569
2025-03-24,0.15,0.158,0.15,0.155,263000.0,40832.0,,,,0.019736842105263275,-0.01273885350318471,0.013071895424836555,0.019401512660309095,0.9777741093710347,-0.566006600660066,-0.8620146904512067,-0.7911040508339953,-0.7708108837292676,-0.8848638520197701,-0.5551633602422896,-0.8604349104133768,-0.790564315097301,-0.7643025634232005,-0.8919142679769714
2025-03-25,0.152,0.168,0.152,0.168,1788000.0,292788.0,,,,0.08387096774193559,0.07006369426751591,0.10526315789473695,0.10417351298061117,5.141706951959568,5.798479087452471,1.237797246558198,0.46677604593929445,0.628824806090821,0.677802243980129,6.170552507836991,1.3779929177089763,0.5363400236127509,0.7687639077631561,0.8414135866501665
2025-03-26,0.168,0.168,0.152,0.152,1771000.0,274536.0,,,,-0.09523809523809534,-0.02564102564102566,0.03401360544217691,-0.006211180124223614,-0.20231091225982056,-0.009507829977628668,0.9187432286023836,-0.568259385665529,0.5725812162499408,0.626134084103645,-0.062338620435263725,0.9179812488647319,-0.5434542923804282,0.6088305892060157,0.6753498112641455
2025-03-27,0.151,0.155,0.15,0.155,850000.0,128867.0,,,,0.019736842105263275,0.013071895424836555,0.03333333333333344,0.011749347258485532,0.40080816065228636,-0.5200451722190853,0.5567765567765568,-0.5415318230852211,-0.1581023805942796,-0.20571369839517395,-0.5306007226738934,0.5388941963219489,-0.5330381310944345,-0.16484638862344858,-0.2135353712724554
2025-03-28,0.154,0.155,0.153,0.155,634000.0,97805.0,,,,0.0,0.019736842105263275,0.03333333333333344,0.010101010101010166,0.348916750911201,-0.25411764705882356,0.0462046204620461,1.3394833948339482,-0.3391868110025813,-0.4336038314370973,-0.24103921096944914,0.06551840594393776,1.4470214416172533,-0.33442555457448453,-0.42472925449374127
2025-03-31,0.154,0.154,0.148,0.15,1903000.0,288598.0,,,,-0.032258064516129115,-0.032258064516129115,0.0,-0.02407286922576457,-0.8451008798122993,2.001577287066246,6.23574144486692,2.511070110701107,0.9466558003105545,1.2552279102384614,1.9507489392157864,6.067936912225705,2.5150297184059243,0.926040467818851,1.2215260880433563
2025-04-02,0.147,0.152,0.147,0.15,479000.0,72200.0,,,,0.0,-0.1071428571428572,0.013513513513513598,-0.02407286922576457,-0.8451008798122993,-0.7482921702574882,-0.7321029082774049,0.7292418772563176,-0.5419003170308025,-0.7480467343823229,-0.7498250161123778,-0.7534051942019482,0.7489886388411133,-0.5492141685358358,-0.7553128518013085
2025-04-03,0.147,0.152,0.137,0.139,3311000.0,467731.0,,,,-0.07333333333333325,-0.08552631578947356,-0.07333333333333325,-0.0962288686605981,-3.4721871250434364,5.912317327766179,0.8695652173913044,7.155172413793103,2.1362365133423373,3.0151944817393885,5.478268698060941,0.7037146312323339,6.678546803690449,1.892393638763545,2.6611345135340136
2025-04-07,0.135,0.135,0.125,0.127,2757000.0,355026.0,,,,-0.08633093525179858,-0.1806451612903226,-0.16447368421052633,-0.17128874388254478,-4.906891705418029,-0.16732105104198125,2.243529411764706,0.5140032948929161,1.295636803779133,1.7587749858685222,-0.24096115074690372,1.7549799405588709,0.30553063175700523,0.9501399466250082,1.3195807072363268
2025-04-08,0.126,0.132,0.105,0.116,6426000.0,774773.0,,,,-0.08661417322834641,-0.25161290322580643,-0.221476510067114,-0.23684210526315774,-4.529900661239436,1.3307943416757344,9.135646687697161,11.526315789473685,4.149971274845095,5.496244466891953,1.1822993245565114,6.921609324676653,9.128678441164551,3.1608413484323936,4.349145216194172
2025-04-09,0.118,0.131,0.116,0.13,1293000.0,159407.0,,,,0.1206896551724137,-0.1333333333333333,-0.1216216216216216,-0.13535084802128372,-1.7984995196385842,-0.7987861811391224,-0.3205465055176038,1.6441717791411041,-0.16225221203804696,-0.16966822586550942,-0.7942532845104308,-0.4476503648673934,1.1704859550944269,-0.27909231125111567,-0.3316287560272476
2025-04-10,0.12,0.133,0.12,0.128,310415.0,39612.0,,,,-0.015384615384615441,-0.1466666666666666,-0.17419354838709677,-0.143526262964202,-1.7591331561587993,-0.7599265274555298,-0.3519519832985386,-0.5640238764044944,-0.8039843992003278,-0.8741242665077511,-0.7515040117435244,-0.4513573407202216,-0.6310460773264532,-0.8242731671221537,-1.0127101159436795
2025-04-11,0.127,0.132,0.127,0.132,103000.0,13511.0,,,,0.03125,-0.05035971223021585,-0.14838709677419348,-0.10871033085752857,-1.2371522600241167,-0.6681861379121499,-0.9688915735427364,-0.9466177139010065,-0.9341240451903934,-0.9922925996416301,-0.6589164899525397,-0.97111373845223,-0.9536809121888006,-0.9391479999369456,-1.1188404767812972
2025-04-14,0.132,0.132,0.121,0.121,11000.0,1419.0,,,,-0.08333333333333337,-0.047244094488189003,-0.2142857142857143,-0.1765906771010548,-1.9390382611194048,-0.8932038834951457,-0.9960101559666303,-0.6333333333333333,-0.9925282944150868,-0.9713656955118714,-0.8949744652505366,-0.9960031096314073,-0.6860619469026549,-0.993181862408638,-1.0809889060981213
2025-04-15,0.122,0.132,0.119,0.126,69000.0,8809.0,,,,0.04132231404958686,0.0862068965517242,-0.17647058823529405,-0.13282863041982118,-1.3348072472119006,5.2727272727272725,-0.9892623716153128,-0.9748725418790969,-0.9531017659394099,-0.931580658438669,5.207892882311487,-0.9886302181413137,-0.9789188775241587,-0.957642175679425,-1.0405785343249623
2025-04-16,0.124,0.131,0.113,0.13,78000.0,9803.0,,,,0.031746031746031855,0.0,-0.1719745222929936,-0.09690864883640149,-0.9328465245190662,0.13043478260869557,-0.9396751740139211,-0.9590766002098636,-0.9416787873225385,-0.8368442413224985,0.11283914178680887,-0.938503327959249,-0.9664930306324043,-0.947721139234397,-0.9371514960485904
2025-04-17,0.119,0.131,0.119,0.125,43000.0,5349.0,,,,-0.03846153846153855,-0.0234375,-0.20382165605095537,-0.12342215988779803,-1.1786109905660134,-0.4487179487179487,-0.8614757663128393,-0.9461827284105131,-0.965490141315865,-0.7893812678604297,-0.45435070896664287,-0.8649651620720994,-0.9565559923329326,-0.9691478899844557,-0.875543212701604
2025-04-22,0.125,0.125,0.121,0.123,9000.0,1115.0,,,,-0.016000000000000014,-0.06818181818181823,-0.21153846153846156,-0.12765957446808518,-1.1981795893654807,-0.7906976744186046,-0.912621359223301,-0.9902491874322861,-0.9925510300994251,-0.7762409170432529,-0.7915498223967097,-0.917474650284953,-0.9922103145216504,-0.9933427569643569,-0.8518295163057245
2025-04-23,0.123,0.142,0.123,0.126,27000.0,3428.0,,,,0.024390243902439046,0.04132231404958686,-0.17647058823529405,-0.09580193756727662,-0.8840692284648061,2.0,1.4545454545454546,-0.9505494505494505,-0.9767746081091456,-0.7245780550059417,2.074439461883408,1.415785764622974,-0.9590637688082159,-0.9786265101106334,-0.7895499578550182
2025-04-24,0.114,0.184,0.114,0.123,1064000.0,155881.0,,,,-0.023809523809523836,-0.023809523809523836,-0.1907894736842105,-0.10869565217391297,-0.9984829911379138,38.407407407407405,14.420289855072463,0.7557755775577557,-0.06385062258552754,-0.04586933195567788,44.47287047841307,16.695652173913043,0.6982166007560655,-0.0031271983116966107,-0.002430178241084047
2025-04-25,0.126,0.193,0.126,0.145,3253000.0,503283.0,,,,0.17886178861788604,0.1153846153846152,-0.06451612903225812,0.06188209447088977,0.5633366277119414,2.0573308270676693,40.705128205128204,11.368821292775666,1.8055903954455084,1.3272506710376135,2.2286359466516124,50.33969193104152,11.325700431034482,2.153906169218766,1.7130030959487117
2025-04-28,0.138,0.19,0.133,0.152,14077000.0,2308464.0,,,,0.048275862068965614,0.21599999999999997,-0.09523809523809534,0.11723631018008085,1.0991473719833993,3.32739010144482,326.3720930232558,6.873042505592841,9.75425100217098,7.839104801891867,3.5868109989806927,430.5692652832305,6.884421492684126,11.635474957039538,10.001877089931181
2025-04-29,0.156,0.192,0.148,0.166,8448000.0,1445899.0,,,,0.09210526315789491,0.34959349593495936,0.09210526315789491,0.22735674676524975,2.3614350334402334,-0.399872131846274,937.6666666666666,3.770186335403727,3.3921747230812604,1.983209658824808,-0.3736532170308915,1295.770403587444,4.266700906256374,4.100517371808361,2.2301551685216117
2025-04-30,0.165,0.185,0.144,0.159,16065000.0,2685482.0,,,,-0.04216867469879526,0.26190476190476186,0.02580645161290329,0.16954762780433974,1.6136250607971394,0.9016335227272727,594.0,17.9,6.117001804059172,3.8376292849296934,0.8573095354516465,782.3961493582264,19.839175273731833,6.851161675666352,4.023811189238438
2025-05-02,0.178,0.188,0.156,0.168,19112000.0,3302535.0,,,,0.05660377358490565,0.36585365853658547,0.08387096774193559,0.2339331619537277,2.1829869164778852,0.18966697790227194,16.962406015037594,29.145110410094638,5.332627103375614,3.4106565373429105,0.22977364957203217,20.186257465630835,32.766525228771535,6.0284684538969815,3.630944614572256
2025-05-06,0.166,0.166,0.16,0.16,567000.0,91879.0,,,,-0.04761904761904767,0.10344827586206917,0.06666666666666665,0.16959064327485374,1.4758347672995884,-0.9703327752197572,-0.8256993544420534,-0.7020493956910142,-0.856161491831108,-0.5729163034981342,-0.9721792501820571,-0.8174406844657975,-0.6816367403793513,-0.8541872233893348,-0.5391486991449745
2025-05-07,0.17,0.17,0.159,0.159,1389000.0,227878.0,,,,-0.006249999999999978,0.046052631578947345,0.06000000000000005,0.1580480699198834,1.3304860415418247,1.4497354497354498,-0.9013284080414861,1.8997912317327765,-0.6415595565634955,-0.4197683826550385,1.4801967805483298,-0.9012858766695084,2.1562049861495844,-0.6326209296023104,-0.39130259911329407
2025-05-08,0.159,0.163,0.148,0.151,919000.0,143602.0,,,,-0.05031446540880502,-0.09036144578313265,0.08633093525179847,0.0961887477313974,0.7888971957079817,-0.3383729301655868,-0.8912168560606061,-0.7224403503473271,-0.7655983430685052,-0.5088713736710182,-0.36982947015508294,-0.9006832427437877,-0.6929816497089138,-0.771357768839555,-0.4849816704281016
2025-05-09,0.148,0.148,0.143,0.143,1591000.0,233427.0,,,,-0.052980132450331174,-0.10062893081761015,0.12598425196850394,0.03361040838453189,0.27264824189917164,0.7312295973884657,-0.9009648303765951,-0.42292346753717813,-0.5814282255628307,-0.3723250835651056,0.6255135722343701,-0.9130781736760849,-0.3425073093238241,-0.6184946582763722,-0.3768172283329188
2025-05-12,0.148,0.154,0.138,0.139,2075986.0,294276.0,,,,-0.027972027972027802,-0.17261904761904756,0.19827586206896552,-0.0010779734099892746,-0.008892173905624612,0.3048309239472031,-0.8913778777731268,-0.6769396202925615,-0.445327039159948,-0.28001872526856286,0.2606767854618359,-0.9108939042281157,-0.6201777811049172,-0.51421791950778,-0.30955631274611206
2025-05-13,0.139,0.146,0.139,0.141,764000.0,108529.0,,,,0.014388489208633004,-0.11875000000000013,0.08461538461538454,0.0049893086243761875,0.043839319870857506,-0.6319821039255563,0.34744268077601403,-0.40912606341840685,-0.7832759404622132,-0.46575787624866594,-0.6311999619404912,0.1812166000936013,-0.31917042538909834,-0.813444865212974,-0.4695742009167782
2025-05-14,0.145,0.151,0.14,0.143,516000.0,72785.0,,,,0.014184397163120588,-0.10062893081761015,0.11718749999999978,0.015264465743698885,0.136228399687976,-0.32460732984293195,-0.6285097192224622,0.6622908042459288,-0.8525196018526567,-0.5021416281009039,-0.3293497590505764,-0.6805966350415573,0.8374482480056549,-0.8743372535356622,-0.501927674623563
2025-05-15,0.143,0.146,0.137,0.14,1037000.0,143191.0,,,,-0.020979020979020824,-0.07284768211920523,0.06060606060606055,-0.011299435028248483,-0.103270497481044,1.0096899224806202,0.12840043525571265,9.067961165048544,-0.7044783611333132,-0.41655810296721413,0.9673146939616679,-0.0028620771298449865,9.598105247576049,-0.7534877563341876,-0.4341809658938522
2025-05-16,0.14,0.144,0.137,0.144,293000.0,41021.0,,,,0.02857142857142847,0.006993006993007089,0.1900826446280992,0.014084507042253502,0.1304218072516322,-0.7174541947926711,-0.8158390949088623,25.636363636363637,-0.9175982401233967,-0.5520843442136584,-0.7135224979223554,-0.8242662588303837,27.908386187455957,-0.9301593917239024,-0.5438176490234519
2025-05-19,0.137,0.142,0.135,0.142,513000.0,69744.0,,,,-0.01388888888888895,0.021582733812949506,0.12698412698412698,-0.008033531260915217,-0.0792132405988684,0.7508532423208192,-0.7528885069552492,6.434782608695652,-0.8562964548671564,-0.5179956898062977,0.7002023353891909,-0.76299800187579,6.917357248268816,-0.8816558006881692,-0.5178045769933596
2025-05-20,0.137,0.14,0.135,0.14,732000.0,100394.0,,,,-0.014084507042253391,-0.007092198581560072,0.0769230769230771,-0.027440083362278433,-0.28309660793847086,0.42690058479532156,-0.041884816753926746,8.384615384615385,-0.7962166053789963,-0.4857205891364759,0.4394643266804312,-0.074956923955809,9.241150668162808,-0.8305239107661815,-0.491159714247762
2025-05-21,0.14,0.15,0.138,0.147,153000.0,21322.0,,,,0.04999999999999982,0.027972027972027913,0.17599999999999993,0.017653167185877505,0.1874810620754784,-0.790983606557377,-0.7034883720930232,2.558139534883721,-0.9577901842756408,-0.5914893459496883,-0.7876167898479989,-0.7070550250738477,2.986165638437091,-0.9642792583984033,-0.5761000651073394
2025-05-22,0.141,0.141,0.139,0.139,264000.0,36980.0,,,,-0.05442176870748283,-0.0071428571428571175,0.13008130081300817,-0.04500171762281002,-0.5112271312826129,0.7254901960784315,-0.7454194792671167,28.333333333333332,-0.92727772167052,-0.5738555570433339,0.7343588781540193,-0.7417435453345531,32.16591928251121,-0.9381301951165851,-0.5615036693819125
2025-05-23,0.14,0.142,0.139,0.141,490000.0,68825.0,,,,0.014388489208633004,-0.02083333333333337,0.11904761904761885,-0.03655620088828171,-0.4538197422032041,0.856060606060606,0.6723549488054608,17.14814814814815,-0.8654954449208925,-0.5382374111682519,0.8611411573823688,0.6777991760317885,19.07730455075846,-0.8851959966638866,-0.5319942105704999
2025-05-26,0.14,0.145,0.14,0.141,129000.0,18199.0,,,,0.0,-0.007042253521126751,0.14634146341463405,-0.04146838885112181,-0.561325230861832,-0.736734693877551,-0.7485380116959064,-0.8787593984962406,-0.9648132169630953,-0.6052757503879871,-0.735575735561206,-0.7390599908235833,-0.8832506848172644,-0.9698077135079002,-0.5871727407960091
2025-05-27,0.147,0.147,0.14,0.145,164000.0,23905.0,,,,0.028368794326241176,0.03571428571428559,0.0,-0.020270270270270285,-0.3186596036452453,0.2713178294573644,-0.7759562841530054,-0.9495849984629573,-0.9546886136602833,-0.5887081617981448,0.31353371064344193,-0.7618881606470507,-0.9525018727038267,-0.9598832494316234,-0.5723868008066987
2025-05-28,0.145,0.147,0.141,0.141,101000.0,14753.0,,,,-0.02758620689655178,-0.04081632653061229,-0.07236842105263164,-0.04729729729729737,-0.743539075172239,-0.38414634146341464,-0.33986928104575165,-0.9928251758187113,-0.970850944341379,-0.5682314346867178,-0.3828487764066095,-0.3080855454460182,-0.9936091704267427,-0.9742042921099457,-0.5531011213936973
2025-05-29,0.141,0.151,0.141,0.144,1309000.0,192921.0,,,,0.02127659574468077,0.03597122302158251,-0.1325301204819278,-0.023397761953204754,-0.36356095579171427,11.96039603960396,3.958333333333333,-0.8450520833333334,-0.5267789775483196,-0.2696519113775896,12.076730156578323,4.216901027582477,-0.866573668008623,-0.5780669433610517,-0.2852582589442455
2025-05-30,0.142,0.144,0.141,0.141,979000.0,139007.0,,,,-0.02083333333333337,0.0,-0.1132075471698114,-0.03655620088828149,-0.6336261058532346,-0.25210084033613445,0.9979591836734694,-0.9390600684718332,-0.593640924600966,-0.2728288659432194,-0.2794615412526371,1.0197166727206683,-0.9482375975709388,-0.6477110991265702,-0.28456657354714543
2025-06-02,0.14,0.14,0.13,0.132,2166000.0,296072.0,,,,-0.06382978723404242,-0.06382978723404242,-0.2142857142857143,-0.09247163973874173,-1.6875414358463379,1.2124616956077632,15.790697674418606,-0.886668061950607,0.3088409669398011,0.12333168569431378,1.1299071269792167,15.26858618605418,-0.9103500795600955,0.1078107294188606,0.04008146564527409
2025-06-03,0.136,0.146,0.136,0.143,1278000.0,177591.0,,,,0.08333333333333326,-0.01379310344827589,-0.10625000000000007,-0.004524886877828149,-0.09927303126967392,-0.40997229916897504,6.7926829268292686,1.253968253968254,0.582467939236698,0.751086979906573,-0.40017630846550833,6.429031583350763,0.9328791127461118,0.5187090319022025,0.6722373891277359
2025-06-04,0.137,0.144,0.137,0.143,2728000.0,387147.0,,,,0.0,0.014184397163120588,-0.10062893081761015,0.0014005602240896309,0.037753891709265866,1.1345852895148671,26.00990099009901,0.9640028797696185,2.2354886613794256,2.982029039740021,1.1799922293359462,25.24191689825798,0.6989222303162219,2.1937261747336065,2.9219832187624397
2025-06-05,0.142,0.142,0.137,0.139,396000.0,55586.0,,,,-0.027972027972027802,-0.0347222222222221,-0.07947019867549654,-0.021126760563380143,-0.8141195844471022,-0.8548387096774194,-0.6974789915966386,-0.5690968443960827,-0.5648826452234388,-0.683285982605454,-0.8564214626485547,-0.7118716987782564,-0.6129162546482639,-0.5697163476592209,-0.6911641810880295
2025-06-06,0.138,0.14,0.137,0.14,415000.0,57675.0,,,,0.007194244604316502,-0.007092198581560072,-0.020979020979020824,-0.009900990099009799,-0.4563741940225719,0.04797979797979801,-0.5760980592441267,-0.7391577624135763,-0.5305160601405534,-0.6161426023401464,0.037581405389846445,-0.5850928370513715,-0.7529206132966624,-0.5378003946828012,-0.6232825707882211
2025-06-09,0.138,0.147,0.138,0.141,160000.0,22716.0,,,,0.0071428571428568954,0.06818181818181812,0.014388489208633004,-0.001769911504424737,-0.08173574105510084,-0.6144578313253012,-0.9261311172668514,-0.9229281893037814,-0.8060956968635857,-0.8881262703028782,-0.6061378413524057,-0.9232754194925559,-0.9228071606247197,-0.8041659141273223,-0.8842886364225336
2025-06-10,0.141,0.144,0.139,0.14,568000.0,79761.0,,,,-0.007092198581560072,-0.020979020979020824,-0.007092198581560072,-0.009550760523523105,-0.4479742873067256,2.55,-0.5555555555555556,-0.25654450261780104,-0.2212243778707068,-0.22998841184746113,2.5112255678816693,-0.5508725104312718,-0.26507200840328393,-0.2212220197299013,-0.22983085652644958
2025-06-11,0.138,0.145,0.138,0.14,486084.0,68664.0,,,,0.0,-0.020979020979020824,-0.020979020979020824,-0.009200283085633365,-0.42933478574722106,-0.14421830985915496,-0.821816715542522,-0.05797674418604648,-0.3244611215342923,-0.33237567829749254,-0.13912814533418583,-0.8226410123286504,-0.056618808820498745,-0.3200220836355804,-0.32742118703259665
2025-06-12,0.139,0.144,0.139,0.144,568000.0,80828.0,,,,0.02857142857142847,0.03597122302158251,0.02857142857142847,0.02019128586609975,0.945723495425338,0.1685223130158573,0.43434343434343425,-0.4522661523625844,-0.20897336162089153,-0.21347752362387806,0.17715251077711747,0.4541071492821933,-0.4355231823229113,-0.19792564925173928,-0.20195306582931988
2025-06-13,0.139,0.144,0.138,0.138,184000.0,25962.0,,,,-0.04166666666666652,-0.014285714285714346,-0.04166666666666652,-0.0237000353731871,-1.0928025010735787,-0.676056338028169,-0.5566265060240965,-0.3720136518771331,-0.7351009394990702,-0.729936614235772,-0.6787994259415054,-0.5498569570871261,-0.3671046537139514,-0.7341472143672325,-0.729053088790463
2025-06-16,0.139,0.141,0.139,0.141,572000.0,80058.0,,,,0.021739130434782483,0.0,-0.007042253521126751,-0.00035448422545192315,-0.016201958340047312,2.108695652173913,2.575,0.1150097465886939,-0.1699970775771228,-0.16659515371134287,2.0836607349202683,2.524300052826202,0.147883688919477,-0.17383021714587643,-0.17040450086897485
2025-06-17,0.139,0.142,0.139,0.142,420000.0,59261.0,,,,0.007092198581560183,0.014285714285714013,0.014285714285714013,0.007092198581560183,0.32489314486421345,-0.26573426573426573,-0.2605633802816901,-0.42622950819672134,-0.39315496134830563,-0.387296949849098,-0.2597741637312948,-0.25701784079938816,-0.409715720062952,-0.39168513513374803,-0.386487728183544
2025-06-18,0.142,0.144,0.142,0.142,84000.0,11936.0,,,,0.0,0.014285714285714013,-0.03401360544217691,0.006378454996456284,0.2925664124478628,-0.8,-0.8271903621596267,-0.4509803921568627,-0.8758322564737957,-0.8403130606040823,-0.7985859165387017,-0.8261680065245252,-0.4402026076353063,-0.8748343804873342,-0.8419105270293309
2025-06-19,0.142,0.144,0.139,0.139,181000.0,25293.0,,,,-0.021126760563380143,-0.0347222222222221,0.0,-0.013134540291089736,-0.6707172576425517,1.1547619047619047,-0.681338028169014,-0.31439393939393945,-0.7310766354329266,-0.6950324012723497,1.1190516085790883,-0.687076260701737,-0.3160356949702542,-0.7334558581381956,-0.6996214414523318
2025-06-20,0.138,0.141,0.138,0.139,332000.0,46454.0,,,,0.0,0.007246376811594235,-0.014184397163120366,-0.013134540291089514,-0.6707172576425416,0.8342541436464088,0.8043478260869565,-0.3224489795918367,-0.5036658463199961,-0.47403186299071387,0.8366346419958091,0.7893074493490486,-0.3250417726116963,-0.5074224880179836,-0.47914816081369654
2025-06-23,0.141,0.143,0.14,0.143,616000.0,87282.0,,,,0.028776978417266008,0.014184397163120588,0.014184397163120588,0.01598579040852588,0.8068551472279895,0.8554216867469879,0.07692307692307687,3.775193798449612,-0.06808459008278611,-0.0630588431457158,0.8788909458819478,0.09023457992955097,3.7959778009780756,-0.06339183244455249,-0.05889905789589416
2025-06-24,0.142,0.15,0.142,0.144,771000.0,112321.0,,,,0.006993006993007089,0.014084507042253502,-0.006896551724137945,0.022364217252396346,1.11168372674022,0.25162337662337664,0.8357142857142856,3.701219512195122,0.12496574763822865,0.12186297322330407,0.28687472789349466,0.8953611987647863,3.6986404517883287,0.16221870874015454,0.15874708247816294
2025-06-25,0.144,0.149,0.142,0.145,1002000.0,143407.0,,,,0.00694444444444442,0.021126760563380254,0.028368794326241176,0.029829545454545414,1.5192973584740357,0.2996108949416343,10.928571428571429,8.92079207920792,0.4000197288209293,0.41364439166374123,0.27676035647830766,11.014661528150134,8.720531417338846,0.41896652035731674,0.43518567264274177
2025-06-26,0.14,0.145,0.14,0.145,151000.0,21367.0,,,,0.0,0.04316546762589901,0.00694444444444442,0.028368794326241176,1.3698697786120502,-0.8493013972055888,-0.16574585635359118,-0.8846447669977082,-0.8015127619407162,-0.8977322585629097,-0.8510044837420767,-0.15522081208239435,-0.8892448204187207,-0.8012318471847147,-0.9016226274940253
2025-06-27,0.141,0.145,0.141,0.145,554000.0,78886.0,,,,0.0,0.04316546762589901,0.028368794326241176,0.02800425381070526,1.3246306449350713,2.6688741721854305,0.6686746987951808,-0.43411644535240046,-0.21178531763771202,-0.2191036599976512,2.6919548836991622,0.6981530115813492,-0.4325033991093974,-0.20252245767766475,-0.21053405172181494
2025-06-30,0.141,0.144,0.133,0.14,682000.0,95874.0,,,,-0.0344827586206895,-0.020979020979020824,0.06060606060606055,-0.008849557522123908,-0.4019510242387989,0.2310469314079422,0.1071428571428572,-0.6851338873499538,0.0005806889100743451,0.0005847001211854317,0.21534873108029307,0.09843954079879014,-0.6761801183495906,-0.00041026614126193905,-0.00041521158718441537
2025-07-02,0.141,0.149,0.141,0.145,570000.0,83529.0,,,,0.03571428571428559,0.00694444444444442,0.013986013986013957,0.023649841157783236,1.486091220762562,-0.16422287390029322,-0.2607003891050583,-0.5539906103286385,-0.061580410540460484,-0.0644836422868892,-0.12876275111083302,-0.25633674913862947,-0.5296552190144771,-0.027640915469634764,-0.028863582228904255
2025-07-03,0.141,0.145,0.141,0.142,60000.0,8477.0,,,,-0.020689655172413834,-0.020689655172413834,-0.006993006993006978,0.0017636684303350414,0.1059684595772852,-0.8947368421052632,-0.9401197604790419,-0.9780058651026393,-0.8951056653080519,-0.9172926235355656,-0.8985142884507177,-0.9408885200861883,-0.9781039243491491,-0.8956038982590593,-0.9160813180739902
2025-07-04,0.14,0.146,0.14,0.146,589000.0,84073.0,,,,0.028169014084507005,0.006896551724137945,0.050359712230215736,0.03034580098800288,1.8361636970204112,8.816666666666666,2.9006622516556293,0.48737373737373746,0.34289639725292176,0.6041536450680765,8.91777751563053,2.9347124069827304,0.5124851581333429,0.35020480400084475,0.6103273424800773
2025-07-07,0.141,0.144,0.14,0.141,187000.0,26334.0,,,,-0.03424657534246578,-0.02758620689655178,0.0071428571428568954,-0.00739176346356929,-0.4306485427798091,-0.6825127334465195,-0.6624548736462094,-0.5493975903614459,-0.5828259947146062,-1.0411408448550852,-0.6867722098652362,-0.6661765078721192,-0.543407022106632,-0.5865362875876102,-1.0372695323656795
2025-07-08,0.141,0.143,0.141,0.143,589000.0,83490.0,,,,0.014184397163120588,0.021428571428571352,0.014184397163120588,0.006333567909922566,0.3743847412473502,2.1497326203208558,-0.13636363636363635,2.68125,0.34827592363768045,0.590602488826268,2.1704260651629075,-0.12916953501470685,2.6753829899630217,0.3439218081857056,0.5780814194013462
2025-07-09,0.145,0.149,0.145,0.148,897000.0,131870.0,,,,0.034965034965035,0.020689655172413834,0.05714285714285694,0.04078762306610417,2.4193208872166543,0.5229202037351444,0.5736842105263158,0.579225352112676,0.9572153168135924,1.7469269251040958,0.5794705952808719,0.5787331345999593,0.6533142764007471,1.0236990862124662,1.8511160469886168
2025-07-10,0.146,0.148,0.139,0.144,1656512.0,232118.0,,,,-0.027027027027027084,0.014084507042253502,0.02857142857142847,0.009817671809256634,0.5256054867301773,0.8467246376811595,26.608533333333334,2.4078718904551475,2.4891992530029223,4.395782772071223,0.7602032304542352,26.382092721481655,2.380490504485611,2.4251707656824797,4.223202515917365
2025-07-11,0.145,0.155,0.145,0.154,2985000.0,451576.0,,,,0.06944444444444442,0.0547945205479452,0.06944444444444442,0.07843137254901977,4.295003938229916,0.8019790982498165,4.067911714770798,4.255281690140845,4.597480927310381,6.5024162361952556,0.9454587752780914,4.3712369012643775,4.586875835106646,4.946405762368154,7.016964733002012
2025-07-14,0.157,0.175,0.157,0.17,5115000.0,839850.0,,,,0.10389610389610393,0.2056737588652484,0.2318840579710144,0.18632240055826932,7.387324445202671,0.7135678391959799,26.352941176470587,26.79891304347826,6.8195991717798545,6.701497418560931,0.8598198309919038,30.892230576441104,31.34920268084123,7.889333434943861,7.480264579829404
2025-07-15,0.167,0.174,0.159,0.162,1052000.0,176091.0,,,,-0.04705882352941182,0.13286713286713292,0.14893617021276606,0.11801242236024878,2.5100817357397047,-0.7943304007820137,0.7860780984719864,0.8391608391608392,0.16801210113830112,0.1272212066037176,-0.7903304161457403,1.1091268415379085,1.199542831447201,0.302710308582792,0.21220843390888616
2025-07-16,0.162,0.172,0.162,0.172,1483000.0,247301.0,,,,0.061728395061728225,0.16216216216216206,0.21126760563380276,0.1784857828023294,3.367548390626836,0.40969581749049433,0.6532887402452621,2.530952380952381,0.603805702237628,0.47023969594405496,0.40439318307011707,0.8753393493592174,3.1730817907223976,0.7667581476476599,0.5573331029191851
2025-07-17,0.166,0.182,0.166,0.18,3520000.0,612706.0,,,,0.04651162790697683,0.25,0.267605633802817,0.22075279755849442,3.386845765225454,1.3735670937289277,1.1249468763280919,40.904761904761905,2.599823935883863,2.141084080960976,1.4775718658638661,1.6396315667031423,50.332607238605895,3.1017576733146353,2.400504585065133
2025-07-18,0.18,0.18,0.169,0.174,877000.0,151694.0,,,,-0.033333333333333326,0.1298701298701299,0.2517985611510789,0.16504854368932054,2.0630266965502155,-0.7508522727272727,-0.7061976549413735,3.845303867403315,-0.23714294462475438,-0.2105373373414198,-0.7524195943894788,-0.6640786932875087,4.997469655635947,-0.15450746997393483,-0.12840268052537906
2025-07-21,0.174,0.174,0.166,0.172,524000.0,88609.0,,,,-0.011494252873563204,0.011764705882352677,0.2374100719424459,0.13831899404367953,1.622720643152146,-0.4025085518814139,-0.8975562072336266,0.5783132530120483,-0.5575914603669492,-0.5172801586372996,-0.41587010692578485,-0.8944942549264749,0.9074568390235502,-0.5229278272808033,-0.45605080647282037
2025-07-22,0.17,0.171,0.164,0.17,699000.0,118837.0,,,,-0.011627906976743985,0.04938271604938271,0.18881118881118897,0.11292962356792158,1.2918444475321256,0.333969465648855,-0.3355513307984791,0.13474025974025983,-0.4145854159240807,-0.38957297239334604,0.34113916193614635,-0.32513870669142664,0.36152929584564975,-0.367359134169405,-0.3259202900794682
2025-07-23,0.17,0.17,0.165,0.17,750000.0,126541.0,,,,0.0,-0.011627906976743985,0.1805555555555558,0.1031797534068788,1.1625922760304261,0.07296137339055786,-0.4942683749157114,-0.027237354085603127,-0.3740483448335954,-0.3532182532905572,0.06482829421813063,-0.48831181434769777,0.12660143695301862,-0.3319572063213855,-0.29793149841213706
2025-07-24,0.164,0.169,0.16,0.169,1409000.0,230988.0,,,,-0.00588235294117645,-0.061111111111111005,0.16551724137931045,0.08751608751608764,0.9784425872226368,0.8786666666666667,-0.5997159090909091,0.40618762475049897,0.17698594032238546,0.16693335306086796,0.8254004630910139,-0.6230035286091535,0.6107163527582335,0.21488548714968325,0.19381278259901985
2025-07-25,0.166,0.168,0.166,0.168,466000.0,77442.0,,,,-0.00591715976331364,-0.0344827586206895,0.1586206896551725,0.07279693486590055,0.8148548234849639,-0.6692689850958127,-0.46864310148232613,2.0860927152317883,-0.6172407890556493,-0.5920929823592969,-0.6647358304327498,-0.4894854114203594,2.6243740347264475,-0.6018622126152027,-0.5556386246858893
2025-07-28,0.166,0.171,0.158,0.171,1787000.0,292056.0,,,,0.017857142857142794,-0.005813953488371992,0.17931034482758634,0.08399366085578452,0.9510688177795396,2.834763948497854,2.4103053435114505,2.2256317689530687,0.4490454950010767,0.44049931751822935,2.7712868985821646,2.296008306154002,2.702253885353548,0.4801562785870057,0.4541144841439194
2025-07-29,0.162,0.178,0.162,0.17,1395000.0,239344.0,,,,-0.005847953216374324,0.0,0.2142857142857142,0.06884627475636607,0.7882036207195703,-0.21936205931729158,0.9957081545064377,1.0454545454545454,0.0773235668353005,0.07995157026606528,-0.18048593420439918,1.0140528623240237,1.4964432484302312,0.15084280252032967,0.15103801015024101
2025-07-30,0.165,0.17,0.165,0.17,219000.0,36957.0,,,,0.0,0.0,0.1724137931034484,0.05886016817190898,0.7086270498912275,-0.843010752688172,-0.708,-0.6157894736842106,-0.8354033924638504,-0.8934594837854604,-0.845590447222408,-0.7079444606886305,-0.5575548611859354,-0.8282238644122627,-0.8645769154242045
2025-07-31,0.167,0.175,0.16,0.162,694000.0,115670.0,,,,-0.04705882352941182,-0.041420118343195256,0.14084507042253525,0.0012360939431397266,0.015422606303111732,2.1689497716894977,-0.5074520936834634,10.566666666666666,-0.4714296290045299,-0.4921241349163116,2.1298536136591175,-0.49923805565657087,12.645157484959302,-0.45648317785597725,-0.4672350934187608
2025-08-01,0.167,0.167,0.16,0.167,385000.0,62542.0,,,,0.030864197530864335,-0.005952380952380931,0.1438356164383563,0.025798525798525818,0.34701950264071724,-0.44524495677233433,-0.17381974248927035,-0.34634974533106966,-0.7136855907848704,-0.7787978334092563,-0.4593066482233942,-0.19240205573203173,-0.25609886646128954,-0.7133432961762529,-0.7639863700515753
2025-08-04,0.156,0.167,0.156,0.161,111000.0,17951.0,,,,-0.03592814371257491,-0.05847953216374269,0.14184397163120588,-0.01739395788831244,-0.24862885291930575,-0.7116883116883117,-0.9378847229994404,-0.4064171122994652,-0.91682125922722,-0.9869453455331012,-0.7129768795369511,-0.9385357602651546,-0.31833371307055514,-0.9173149062555274,-0.9737608612498713
2025-08-05,0.161,0.165,0.158,0.163,306000.0,48922.0,,,,0.012422360248447228,-0.04117647058823537,0.13986013986014,-0.011222323324234118,-0.1820279859381151,1.7567567567567566,-0.7806451612903226,-0.48047538200339557,-0.7700416239690575,-0.8240439072369802,1.7253077822962508,-0.795599639013303,-0.41403760929452627,-0.7742217672793243,-0.8185959754229423
2025-08-06,0.158,0.164,0.158,0.16,68000.0,10786.0,,,,-0.018404907975460127,-0.05882352941176472,0.08108108108108114,-0.03527283690081395,-0.6654084286981805,-0.7777777777777778,-0.6894977168949772,-0.9241917502787068,-0.9483488965197486,-0.9956960557730536,-0.7795265933526838,-0.7081473063289769,-0.9182073253962235,-0.9498216472651612,-0.9898549224632057
2025-08-07,0.164,0.164,0.157,0.158,282000.0,46024.0,,,,-0.012499999999999956,-0.024691358024691357,0.09722222222222232,-0.050765995794533,-1.0736296650481028,3.147058823529412,-0.5936599423631124,-0.8297627786578063,-0.7788366430978682,-0.7746844923201853,3.2670127943630636,-0.6021094492954093,-0.8017215381831655,-0.7796830574385092,-0.7735362177793583
2025-08-08,0.163,0.167,0.158,0.165,385000.0,63759.0,,,,0.044303797468354444,-0.0119760479041916,0.0714285714285714,-0.01286269817529162,-0.34578374919092786,0.3652482269503545,0.0,-0.8710217755443886,-0.6808554731213993,-0.6332014357018091,0.3853424300365027,0.01945892360333845,-0.8588078197246976,-0.6805570899176254,-0.6360248152101963
2025-08-11,0.16,0.164,0.16,0.161,226000.0,36385.0,,,,-0.024242424242424288,0.0,-0.05294117647058827,-0.03995229576624937,-1.2339002463858382,-0.412987012987013,1.0360360360360361,-0.9558162267839687,-0.7900311237051145,-0.6866195687916595,-0.42933546636553266,1.0269065790206673,-0.9566767875215813,-0.7980893822816981,-0.6948051700097985
2025-08-12,0.164,0.164,0.157,0.161,533194.0,84606.0,,,,0.0,-0.012269938650306789,-0.006172839506172867,-0.03736920777279529,-1.116155727925164,1.3592654867256635,0.7424640522875816,-0.49316159695817485,-0.359064791441279,-0.3703626830828776,1.3252988869039442,0.7294059932136872,-0.5195325144385574,-0.3958019785010739,-0.3986082617582509
2025-08-13,0.159,0.162,0.159,0.159,179000.0,28722.0,,,,-0.012422360248447228,-0.006249999999999978,-0.07558139534883712,-0.049043062200957,-1.4505235073798939,-0.6642872950558334,1.6323529411764706,-0.8792987188132164,-0.7779045279807415,-0.7765034081171135,-0.6605205304588326,1.6628963471166327,-0.8838581323973619,-0.7879606661941885,-0.7662154599179053
2025-08-14,0.157,0.165,0.157,0.165,328000.0,53359.0,,,,0.037735849056603765,0.044303797468354444,-0.08333333333333326,-0.009306514560192158,-0.26645256071049456,0.8324022346368716,0.16312056737588643,-0.9068181818181819,-0.5572113331759274,-0.5143426325629818,0.8577745282361953,0.15937337041543542,-0.9129125551243173,-0.5715067529504634,-0.5133434403651326
2025-08-15,0.165,0.17,0.165,0.165,175000.0,28929.0,,,,0.0,0.0,-0.051724137931034364,-0.004825090470446325,-0.16380299450423488,-0.4664634146341463,-0.5454545454545454,-0.8004561003420753,-0.6988779504153505,-0.8666765386826072,-0.45784216345883544,-0.5462758198842517,-0.8092937097050641,-0.7004029631409376,-0.8644938555569801
2025-08-18,0.166,0.174,0.166,0.172,1091000.0,185250.0,,,,0.04242424242424225,0.06832298136645942,0.0,0.04021771998790413,1.482020949093394,5.234285714285714,3.827433628318584,1.08206106870229,0.9979500409936863,1.1555229048607134,5.40360883542466,4.091383812010444,1.0906454197654867,1.0487395413367073,1.2081042051413224
2025-08-19,0.166,0.172,0.166,0.166,199000.0,33613.0,,,,-0.0348837209302324,0.03105590062111796,-0.02352941176470591,0.003931055337163425,0.1448591905128854,-0.8175985334555453,-0.6267774956207309,-0.7153075822603719,-0.6535573824745647,-0.7708749988956355,-0.81855330634278,-0.6027113916270714,-0.7171503824566423,-0.6471205782464686,-0.7581797079257352
2025-08-20,0.167,0.173,0.167,0.173,1147000.0,196571.0,,,,0.04216867469879504,0.08805031446540879,0.01764705882352935,0.04753254617014813,1.802037014479554,4.763819095477387,5.407821229050279,0.5293333333333334,1.087695211788216,1.212014833314461,4.848064736857763,5.843917554487849,0.5534174694367833,1.1603036740471446,1.2839806261592952
2025-08-21,0.173,0.175,0.166,0.17,2471000.0,424438.0,,,,-0.01734104046242757,0.030303030303030276,0.00591715976331364,0.028433151845130178,1.0266538274766528,1.1543156059285091,6.533536585365853,0.7537260468417317,3.3407253315138945,3.734171493893363,1.1592096494396427,6.954384452482243,0.8374893933884011,3.4917021010902305,3.8700249089949423
2025-08-22,0.17,0.17,0.161,0.162,1414000.0,230322.0,,,,-0.04705882352941182,-0.018181818181818188,-0.0357142857142857,-0.02026005442999712,-0.7242101792770217,-0.42776203966005666,7.08,2.0343347639484977,1.2719980101539354,1.2368883888382518,-0.45734830528840487,6.9616301980711395,1.9741225691485242,1.2110989830684202,1.1555334825411083
2025-08-25,0.163,0.163,0.16,0.161,1790000.0,291383.0,,,,-0.006172839506172867,-0.06395348837209291,-0.05847953216374269,-0.0245380187821872,-0.8729647701872365,0.265912305516266,0.6406966086159487,0.0016787912702853625,1.67260033710598,1.6908156237469307,0.2651114526619254,0.5729176788124157,-0.002304352589914238,1.6060479222397221,1.5961044365642787
2025-08-26,0.16,0.163,0.155,0.156,1353000.0,213077.0,,,,-0.03105590062111807,-0.06024096385542177,-0.08235294117647063,-0.051959890610756676,-1.8995063653805293,-0.2441340782122905,5.798994974874372,-0.03010752688172047,1.019675189059063,1.0305961047567869,-0.26873908223884024,5.33912474340285,-0.1097458052008824,0.9062747004852982,0.9008463317792224
2025-08-27,0.156,0.16,0.15,0.15,1969000.0,302956.0,,,,-0.03846153846153855,-0.1329479768786127,-0.11764705882352955,-0.08452853219407996,-2.950889185393264,0.4552845528455285,0.7166521360069746,7.9908675799086755,1.9484447440640653,1.9701422979753676,0.4218146491643866,0.5412039415783609,7.197526855534811,1.7425941466532322,1.7337584578570508
2025-08-28,0.156,0.16,0.152,0.153,4050000.0,637242.0,,,,0.020000000000000018,-0.10000000000000009,-0.05555555555555558,-0.06048510899600856,-1.8265318070083385,1.0568816658202134,0.6390125455281264,4.835734870317003,4.362038909337455,4.6287149751214285,1.1034143572003856,0.5013782931782733,4.509138065185441,4.148879008914197,4.370002964328354
2025-08-29,0.155,0.155,0.14,0.153,4721000.0,689966.0,,,,0.0,-0.05555555555555558,-0.08383233532934142,-0.0578817733990149,-1.6135860837868277,0.16567901234567906,2.3387553041018387,11.262337662337663,4.114235068703103,3.7096686396166145,0.0827377981991142,1.99565825235974,10.032042467461865,3.604628146275556,3.2892867838348123
2025-09-01,0.15,0.151,0.149,0.149,1532000.0,228885.0,,,,-0.02614379084967322,-0.07453416149068326,-0.07453416149068326,-0.07854050711193583,-2.089056129332336,-0.6754924804066935,-0.14413407821229052,12.801801801801801,0.3439661053853653,0.29702371369970393,-0.6682662623955383,-0.21448746151971798,11.750543145228677,0.26307128542894676,0.23577647126170914
2025-09-02,0.147,0.147,0.146,0.147,101000.0,14892.0,,,,-0.01342281879194629,-0.05769230769230771,-0.09815950920245409,-0.08752327746741173,-2.1009212415764207,-0.9340731070496083,-0.925351071692535,-0.6699346405228759,-0.9165950774414706,-0.85390922013085,-0.9349367586342486,-0.9301097725235479,-0.6955970728915417,-0.9223403242859881,-0.8901326142507856
2025-09-03,0.145,0.147,0.145,0.147,267000.0,38878.0,,,,0.0,-0.020000000000000018,-0.08125000000000004,-0.08296943231441056,-1.7992351593578833,1.6435643564356437,-0.8643981716607415,2.926470588235294,-0.7776315124296905,-0.713763360497956,1.6106634434595755,-0.8716711337619985,2.6044872983497127,-0.7954416606487748,-0.7554241861276658
2025-09-04,0.147,0.151,0.146,0.15,1055000.0,157497.0,,,,0.020408163265306145,-0.019607843137254943,-0.05063291139240511,-0.060444722831193176,-1.2109646116852595,2.951310861423221,-0.7395061728395061,2.7411347517730498,-0.1285742806174187,-0.1197556011457677,3.051057153145738,-0.7528458576176711,2.422062402224926,-0.17740177794282286,-0.170771351683555
2025-09-05,0.151,0.152,0.148,0.15,43000.0,6510.0,,,,0.0,-0.019607843137254943,-0.09090909090909094,-0.058084772370486704,-1.1209683529647312,-0.9592417061611375,-0.9908917602202924,-0.8883116883116883,-0.9655809924472691,-0.9408737242472537,-0.9586658793500829,-0.9905647524660636,-0.8978967675151743,-0.9669604362643469,-0.9713332973771958
2025-09-08,0.16,0.163,0.145,0.163,2027700.0,307794.0,,,,0.08666666666666667,0.09395973154362425,0.012422360248447228,0.028391167192429068,0.5368447142328501,46.15581395348837,0.3235639686684073,7.9721238938053105,0.6455802936789088,0.6135905716979535,46.28018433179724,0.3447539157218691,7.459365122990244,0.5851448738902032,0.5721067976772698
2025-09-09,0.163,0.163,0.153,0.154,532000.0,84073.0,,,,-0.05521472392638038,0.04761904761904767,-0.0434782608695653,-0.029003783102143688,-0.5459600357405184,-0.7376337722542783,4.267326732673268,-0.0022393350262756018,-0.5976691126418339,-0.6148223338424885,-0.7268530250752127,4.645514370131615,-0.006299789613029794,-0.595305772234644,-0.6293340201401004
2025-09-10,0.153,0.162,0.15,0.151,2654535.0,410996.0,,,,-0.019480519480519543,0.027210884353741527,-0.05031446540880502,-0.04581358609794628,-0.8563792090864928,3.9897274436090227,8.942078651685394,13.829804469273743,1.0076121113115293,1.0364528505944535,3.888561131397714,9.571428571428571,13.309449202701762,0.9786262952365432,1.0343400845217745
2025-09-11,0.151,0.156,0.151,0.153,457000.0,69895.0,,,,0.013245033112582849,0.020000000000000018,-0.07272727272727275,-0.030725372188786793,-0.5628909891356948,-0.8278417877330682,-0.5668246445497631,0.3932926829268293,-0.6839583080842877,-0.7674214773474555,-0.8299375176400744,-0.5562137691511584,0.30990086021102337,-0.6918638522727548,-0.7974673215829403
2025-09-12,0.16,0.16,0.153,0.158,1149000.0,180587.0,,,,0.03267973856209161,0.053333333333333455,-0.042424242424242475,0.004769475357710551,0.08813903740579979,1.5142231947483586,25.72093023255814,5.565714285714286,-0.20892925407502128,-0.2364943072948257,1.583689820444953,26.73993855606759,5.242421099934322,-0.20676311674928682,-0.2400865796954692
2025-09-15,0.157,0.157,0.155,0.155,270000.0,41960.0,,,,-0.01898734177215189,-0.049079754601227044,-0.09883720930232553,-0.01210962396430837,-0.22848925028522063,-0.7650130548302871,-0.8668442077230359,-0.7525206232813932,-0.8201393021105154,-0.9847786079314615,-0.7676466190811078,-0.8636750553941922,-0.7734952766531714,-0.8216299224732058,-1.0128328777131468
2025-09-16,0.155,0.158,0.148,0.148,830000.0,125719.0,,,,-0.04516129032258065,-0.038961038961038974,-0.10843373493975916,-0.05158603011855156,-1.0702335194151842,2.074074074074074,0.5601503759398496,3.1708542713567835,-0.43155035907354355,-0.4932198833940369,1.996163012392755,0.4953552270051027,2.7401898075149496,-0.44878642825277015,-0.5237242451103528
2025-09-17,0.148,0.155,0.148,0.149,526000.0,78522.0,,,,0.006756756756756799,-0.013245033112582849,-0.1387283236994219,-0.03963905897518527,-0.8375010061002195,-0.36626506024096384,-0.8018485346774482,-0.5414123801220576,-0.6473731393863253,-0.7711067224087975,-0.3754166036955432,-0.8089470457133403,-0.6005412802498843,-0.662535206304053,-0.8043103568621298
2025-09-18,0.148,0.15,0.148,0.148,525000.0,77925.0,,,,-0.006711409395973145,-0.0326797385620915,-0.12941176470588245,-0.03864891198441045,-0.9699647038597529,-0.0019011406844106071,0.14879649890590807,-0.7875354107648725,-0.6405615660698334,-0.737346366497655,-0.0076029647742034134,0.11488661563774238,-0.8164042804838398,-0.6563844366953642,-0.7647975455293917
2025-09-19,0.147,0.152,0.144,0.146,1880000.0,276956.0,,,,-0.013513513513513487,-0.07594936708860767,-0.09876543209876554,-0.04481517827935877,-1.3793973930756016,2.580952380952381,0.6362053959965188,0.3295615275813295,0.37899493641127946,0.40944398933486714,2.5541353865896697,0.5336430640079297,0.2024730594558921,0.32227632851994437,0.35247384844379137
2025-09-22,0.148,0.15,0.148,0.148,402000.0,59844.0,,,,0.013698630136986356,-0.04516129032258065,-0.08074534161490687,-0.026635975008221013,-0.862483362791903,-0.7861702127659574,0.48888888888888893,-0.7754189944134078,-0.7100846722234972,-0.7769962089745501,-0.7839223558976878,0.4262154432793137,-0.7946208255114403,-0.7174312801646381,-0.7911157999212491
2025-09-23,0.147,0.153,0.146,0.146,343000.0,50604.0,,,,-0.013513513513513487,-0.013513513513513487,-0.06410256410256421,-0.03566710700132114,-1.2639532645075626,-0.1467661691542289,-0.5867469879518072,-0.7464892830746489,-0.7396014725802438,-0.759992113982991,-0.15440144375375975,-0.5974832761953245,-0.7625083889861412,-0.7472437511456795,-0.7712448730431771
2025-09-24,0.146,0.154,0.145,0.148,127000.0,18606.0,,,,0.013698630136986356,-0.006711409395973145,-0.013333333333333308,-0.019218025182239806,-0.675872686228179,-0.629737609329446,-0.7585551330798479,-0.9355002539360081,-0.8997404105551243,-0.8765994115068785,-0.6323215556082523,-0.7630472988461833,-0.938585141076592,-0.9031366574337774,-0.8815322338318179
2025-09-25,0.145,0.146,0.143,0.145,667000.0,96590.0,,,,-0.020270270270270285,-0.020270270270270285,-0.05228758169934644,-0.038461538461538436,-1.3376702517183663,4.251968503937008,0.27047619047619054,-0.8353086419753086,-0.43215279431693066,-0.3866154904036789,4.19133612813071,0.23952518447224902,-0.8484249311878376,-0.45695547051724716,-0.4092028034357575
2025-09-26,0.145,0.15,0.145,0.15,358000.0,53032.0,,,,0.034482758620689724,0.027397260273972712,-0.019607843137254943,-0.0026595744680851796,-0.08911500325086122,-0.4632683658170914,-0.8095744680851064,-0.9241686083456895,-0.6439446851160673,-0.5740403552268798,-0.4509576560720572,-0.808518320599662,-0.9231382415945133,-0.64841039825319,-0.585285187727631
2025-09-29,0.143,0.15,0.143,0.149,137000.0,20049.0,,,,-0.00666666666666671,0.006756756756756799,0.0,-0.008319467554076532,-0.2810847725803109,-0.6173184357541899,-0.6592039800995024,-0.910574412532637,-0.8259901493912671,-0.9039578766702834,-0.6219452406094433,-0.66497894525767,-0.9124057933023134,-0.8315043712299324,-0.90089064559302
2025-09-30,0.146,0.15,0.145,0.145,366000.0,53743.0,,,,-0.02684563758389269,-0.006849315068493178,-0.013605442176870763,-0.034941763727121544,-1.1805560448373058,1.6715328467153285,0.06705539358600587,2.623762376237624,-0.4899393675875282,-0.49447461183502356,1.6805825726968928,0.062030669512291414,2.608850389470857,-0.5048847751354374,-0.5039504053329555
2025-10-02,0.141,0.15,0.141,0.149,268000.0,39555.0,,,,0.02758620689655178,0.006756756756756799,0.013605442176870763,-0.007659007659007733,-0.25300386168053496,-0.26775956284153,1.1102362204724407,0.0037453183520599342,-0.6332844949468861,-0.6599448929221873,-0.2639971717246897,1.1259271202837793,0.01741344719378568,-0.6420005611418331,-0.6609308072199231
2025-10-03,0.149,0.152,0.145,0.146,663000.0,98919.0,,,,-0.020134228187919434,0.006896551724137945,-0.026666666666666727,-0.028286189683860208,-0.9456741903860716,1.4738805970149254,-0.005997001499250421,-0.371563981042654,-0.09285169185553899,-0.09677203779824098,1.5007963594994314,0.024112226938606485,-0.371930893921789,-0.10499050648802488,-0.10814325725106681
2025-10-06,0.146,0.15,0.145,0.15,2193000.0,320876.0,,,,0.027397260273972712,0.0,0.0,-0.0003332222592469236,-0.010884329882873299,2.3076923076923075,5.125698324022347,50.0,2.083253106187701,2.1253199619891796,2.2438257564269755,5.050610951878111,48.28970814132104,1.9822866434404536,1.9979754241909344
2025-10-08,0.148,0.15,0.143,0.149,1513000.0,221005.0,,,,-0.00666666666666671,0.0,-0.0858895705521473,-0.006997667444185285,-0.22857092754036346,-0.31007751937984496,10.043795620437956,-0.25383439364797555,0.8479124116386727,0.9228238569799253,-0.3112448422443561,10.023243054516435,-0.28197105856514426,0.7922388083908938,0.8570963644606074
2025-10-09,0.146,0.149,0.137,0.143,2750000.0,392491.0,,,,-0.04026845637583898,-0.01379310344827589,-0.07142857142857151,-0.042517576163374815,-1.8471152593420206,0.8175809649702577,6.5136612021857925,4.169172932330827,2.4677266561310827,2.7304277873633316,0.7759371959910408,6.30310924213386,3.668454795237472,2.298997754108502,2.5305232050576265
2025-10-10,0.14,0.142,0.14,0.142,816000.0,114393.0,,,,-0.006993006993006978,-0.046979865771812124,-0.0596026490066226,-0.045698924731182755,-1.9245463320255884,-0.7032727272727273,2.044776119402985,-0.6926015290813645,-0.09727198581079721,-0.10518788570833221,-0.7085461832245835,1.891998483124763,-0.7216688240274844,-0.14882170816042728,-0.16166443141532422
2025-10-13,0.142,0.148,0.14,0.144,380000.0,54333.0,,,,0.014084507042253502,-0.013698630136986356,-0.05882352941176472,-0.029322548028311357,-1.1443406709234905,-0.5343137254901961,-0.4268476621417798,-0.16849015317286653,-0.5320197044334976,-0.5939878473087244,-0.5250321260916315,-0.45073241743244474,-0.22264825810143785,-0.5455722082524315,-0.6200142256845278
2025-10-14,0.14,0.143,0.138,0.141,237000.0,33030.0,,,,-0.02083333333333337,-0.06000000000000005,-0.10759493670886089,-0.04665314401622711,-1.8378946133897136,-0.37631578947368416,-0.8919288645690835,-0.793733681462141,-0.7067376105920931,-0.7829696871183405,-0.3920821600132516,-0.8970630399281966,-0.8170964687380597,-0.7219356411075599,-0.8116827635247714
2025-10-15,0.141,0.141,0.141,0.141,382000.0,53862.0,,,,0.0,-0.05369127516778527,-0.09032258064516141,-0.041142468548112876,-1.869649524583974,0.6118143459915613,-0.7475214805023133,0.41481481481481475,-0.49904924267261164,-0.5173904873042409,0.6306993642143506,-0.7562860568765413,0.28365109628217344,-0.5165320857822986,-0.5415601769351113
2025-10-16,0.142,0.145,0.139,0.145,95000.0,13370.0,,,,0.028368794326241176,0.013986013986013957,-0.020270270270270285,-0.009224461906388703,-0.46154822180398414,-0.7513089005235603,-0.9654545454545455,-0.8855421686746988,-0.8763262383649026,-0.919618433868222,-0.75177304964539,-0.9659355246362337,-0.8936517153334023,-0.880627877720805,-0.9315326505648491
2025-10-17,0.139,0.142,0.138,0.138,687000.0,95705.0,,,,-0.04827586206896539,-0.028169014084506894,-0.07382550335570459,-0.05608755129958953,-2.8151927421965515,6.231578947368421,-0.15808823529411764,0.3060836501901141,-0.06070549630844957,-0.05943647339523235,6.1581899775617055,-0.1633666395671064,0.21883039148264172,-0.10039220662638848,-0.09882371199485308
2025-10-20,0.138,0.142,0.136,0.136,1339000.0,185639.0,,,,-0.01449275362318847,-0.05555555555555547,-0.08108108108108092,-0.06625472021970469,-2.8717051989465756,0.9490538573508005,2.5236842105263158,1.5504761904761906,0.8108053282845358,0.8041690679158924,0.9397001201609112,2.4166896729427787,1.382277831247995,0.7309901496022171,0.7264896029884355
2025-10-21,0.136,0.141,0.136,0.139,1592000.0,217314.0,,,,0.022058823529411686,-0.014184397163120366,-0.04794520547945191,-0.04170975525680776,-1.5355288301620584,0.18894697535474236,5.717299578059071,-0.15319148936170213,1.0406332115618793,1.0747533778857685,0.17062686181244247,5.5792915531335145,-0.21534828637039816,0.92944869977031,0.9599590536539917
2025-10-22,0.139,0.139,0.134,0.138,1303000.0,180001.0,,,,-0.007194244604316502,-0.02127659574468066,-0.06756756756756743,-0.04630269523151331,-1.6120641308758108,-0.1815326633165829,2.410994764397906,2.2412935323383083,0.7015997388181521,0.7301538686207991,-0.17170085682468683,2.341892243139876,2.0078370429784105,0.6416259302495257,0.669628172014457
2025-10-23,0.137,0.139,0.136,0.139,870000.0,120065.0,,,,0.007246376811594235,-0.04137931034482745,-0.04794520547945191,-0.03606102635228836,-1.1992905705066497,-0.3323100537221796,8.157894736842104,1.5364431486880465,0.07301430685742472,0.08000741635544034,-0.33297592791151165,7.980179506357517,1.372638526598688,0.03812301755596437,0.041793083283126115
2025-10-27,0.138,0.139,0.135,0.135,984000.0,135240.0,,,,-0.02877697841726623,-0.021739130434782594,-0.08783783783783772,-0.06152241918665258,-1.9827065711156981,0.13103448275862073,0.43231441048034935,6.748031496062992,0.1754165920086006,0.2006877381895065,0.12638987215258402,0.413092314926075,6.2686230248307,0.13524090292112168,0.1543464403487859
2025-10-28,0.135,0.138,0.134,0.135,1133000.0,152945.0,,,,0.0,-0.007352941176470562,-0.06896551724137923,-0.05726256983240219,-1.7212790257576585,0.15142276422764223,-0.15384615384615385,0.6986506746626686,0.2875000000000001,0.35493479639385417,0.13091540964211767,-0.17611601010563516,0.5834454912516824,0.2239457877122868,0.27518095596687275
2025-10-30,0.135,0.139,0.135,0.139,106000.0,14342.0,,,,0.029629629629629672,0.0,-0.07333333333333325,-0.02592852137351076,-0.7284367886669341,-0.9064430714916152,-0.9334170854271356,-0.7039106145251397,-0.8826524964020812,-1.1180850551809416,-0.9062277289221615,-0.9340033315847115,-0.7295595112384975,-0.8877587635151025,-1.1159744405464347
2025-10-31,0.134,0.137,0.131,0.133,315000.0,42117.0,,,,-0.043165467625899345,-0.036231884057971064,-0.10738255033557043,-0.06436862469222648,-1.8916360728644706,1.9716981132075473,-0.7582501918649271,1.2992700729927007,-0.6463455708992927,-0.793677693774982,1.936619718309859,-0.7660179665668524,1.1007032769714202,-0.6653233352285393,-0.8089820337119934
2025-11-03,0.133,0.133,0.131,0.131,632336.0,83739.0,,,,-0.015037593984962405,-0.05755395683453246,-0.0965517241379309,-0.07322249734701092,-2.084198980779709,1.0074158730158729,-0.2731770114942529,0.7276939890710383,-0.29709204090706975,-0.3729285047747328,0.9882470261414631,-0.3025527839087161,0.5581378039930782,-0.34036381252843206,-0.4218676686492128
2025-11-04,0.131,0.132,0.123,0.128,1718000.0,223637.0,,,,-0.022900763358778664,-0.05185185185185193,-0.14093959731543615,-0.08993956629932454,-2.345748970424149,1.7169099972166695,0.7459349593495934,5.41044776119403,0.8818801450471718,1.1360712513508002,1.670643308374831,0.6536305826678497,4.653823789659967,0.7410831934248392,0.937753402714501
2025-11-05,0.129,0.133,0.125,0.133,663000.0,84883.0,,,,0.0390625,-0.014814814814814836,-0.08904109589041087,-0.04727793696275073,-1.154635435875595,-0.6140861466821885,-0.41482789055604585,0.0,-0.32718825171237187,-0.4519690356445233,-0.6204429499590856,-0.44500964398966947,-0.1418938727645852,-0.38334696077729824,-0.5205513898401388
2025-11-06,0.126,0.136,0.126,0.136,1546000.0,203290.0,,,,0.022556390977443552,-0.021582733812949617,-0.09333333333333327,-0.021230658510255296,-0.5185360004128011,1.3318250377073908,13.584905660377359,-0.2950296397628819,0.5688792803207738,0.7858345108025415,1.3949436282883498,13.174452656533258,-0.3664530846806866,0.48441741417538675,0.6523168927491654
2025-11-07,0.128,0.136,0.128,0.136,1341000.0,178318.0,,,,0.0,0.022556390977443552,-0.08724832214765088,-0.016274864376130238,-0.4422696465741875,-0.13260025873221215,3.257142857142857,-0.11368142762723066,0.40703673656453043,0.5798639700446341,-0.12283929361995183,3.233872308094119,-0.19314947625619328,0.36047861429823214,0.5048805129370149
2025-11-10,0.131,0.145,0.131,0.145,962000.0,131178.0,,,,0.06617647058823506,0.10687022900763354,0.013986013986013957,0.053779069767441845,1.6705926579022348,-0.2826249067859806,0.5213430834240025,-0.6501818181818182,0.018564125282116706,0.02646502928742662,-0.26435917854619273,0.5665102282090781,-0.6657808714085164,0.017390838999594482,0.024400703475317555
2025-11-11,0.136,0.138,0.134,0.135,694000.0,94552.0,,,,-0.06896551724137923,0.0546875,-0.04929577464788715,-0.01960784313725472,-0.5897798583386327,-0.2785862785862786,-0.5960419091967404,-0.14950980392156865,-0.18836750532239122,-0.31652446964717795,-0.2792084038482062,-0.5772077071325407,-0.1734459276354322,-0.18398240097419483,-0.3139976318979362
2025-11-12,0.129,0.134,0.129,0.134,156000.0,20820.0,,,,-0.007407407407407418,0.007518796992481258,-0.06944444444444431,-0.024390243902439157,-0.7446380077859994,-0.7752161383285303,-0.7647058823529411,-0.5894736842105264,-0.8162472313404954,-1.3585367045672618,-0.779803705897284,-0.7547212044814627,-0.6168074650764729,-0.8187642542523372,-1.3819892752709657
2025-11-13,0.132,0.134,0.13,0.133,592000.0,77727.0,,,,-0.007462686567164201,-0.022058823529411797,-0.05673758865248213,-0.028132992327365658,-0.9014768498670455,2.7948717948717947,-0.6170763260025873,1.49789029535865,-0.2933594408372354,-0.4697264317900383,2.73328530259366,-0.6176545821240592,1.3532243415077203,-0.313379978419176,-0.5066932845989299
2025-11-14,0.13,0.133,0.13,0.133,29000.0,3797.0,,,,0.0,-0.022058823529411797,-0.05673758865248213,-0.025283986808354753,-0.8144239717199964,-0.9510135135135135,-0.9783743475018642,-0.9240837696335078,-0.9661023605848535,-1.6284567591809993,-0.951149536197203,-0.9787065803788737,-0.9295050313764807,-0.9671076568038726,-1.6416666470640346
2025-11-17,0.13,0.133,0.13,0.13,601000.0,79170.0,,,,-0.022556390977443663,-0.10344827586206884,-0.10344827586206884,-0.044468945240720315,-1.4540094522111335,19.724137931034484,-0.37525987525987525,5.326315789473684,-0.28270221471957124,-0.4464987874648485,19.85067158282855,-0.39646892009330836,4.9214659685863875,-0.298970770082867,-0.4739811736527498
2025-11-18,0.13,0.133,0.13,0.13,2510000.0,326892.0,,,,0.0,-0.03703703703703709,-0.05797101449275366,-0.03917220990391723,-1.3951437082764118,3.1763727121464225,2.61671469740634,2.653566229985444,1.9078968282839424,3.263374705746026,3.1289882531261846,2.4572721888484645,2.415620918447312,1.8126044588916486,3.1057035504680504
2025-11-19,0.13,0.13,0.129,0.13,296000.0,38460.0,,,,0.0,-0.02985074626865669,-0.044117647058823595,-0.036323202372127605,-1.2503460796653572,-0.8820717131474104,0.8974358974358974,-0.7789395070948469,-0.6898304630076721,-1.0581961450279738,-0.8823464630520171,0.8472622478386167,-0.7928237062255237,-0.699021703149003,-1.0852569401466357
2025-11-20,0.132,0.133,0.13,0.13,557000.0,72607.0,,,,0.0,-0.022556390977443663,-0.06474820143884896,-0.034175334323922724,-1.1337081272612457,0.8817567567567568,-0.0591216216216216,-0.6501256281407035,-0.38259754182929373,-0.5463155556608765,0.887857514300572,-0.06587157615757722,-0.6658889901248883,-0.3970737645667176,-0.5731233348634588
2025-11-21,0.126,0.13,0.126,0.129,257000.0,32685.0,,,,-0.007692307692307665,-0.03007518796992481,-0.0652173913043479,-0.03838986209467021,-1.2738499159368835,-0.5385996409335727,7.862068965517242,-0.8027628549501151,-0.6977952458135823,-0.9657193263474786,-0.5498367925957552,7.608111667105609,-0.8184176754573586,-0.7112351906987429,-0.9960648537804404
2025-11-24,0.129,0.129,0.125,0.127,89000.0,11465.0,,,,-0.015503875968992276,-0.023076923076923106,-0.08633093525179858,-0.05011219147344792,-1.6371991690519663,-0.6536964980544747,-0.8519134775374376,-0.8977011494252873,-0.8884874995739972,-1.1466313176337295,-0.6492274743766253,-0.8551850448402173,-0.9045100570524299,-0.8916589178932408,-1.1631222040662517
2025-11-25,0.127,0.132,0.126,0.126,392882.0,49661.0,,,,-0.007874015748031482,-0.03076923076923077,-0.06666666666666676,-0.05334335086401221,-1.7093487337935385,3.4144044943820226,-0.8434733067729083,-0.600729674796748,-0.4824144594388795,-0.5739530000937645,3.331530745747928,-0.8480813234952217,-0.6327935522034901,-0.5053350226907798,-0.606013302197384
2025-11-26,0.127,0.132,0.126,0.126,368000.0,46931.0,,,,0.0,-0.03076923076923077,-0.06666666666666676,-0.05013192612137196,-1.5058268511752388,-0.06333199281209112,0.2432432432432432,-0.675198587819947,-0.49555243108773295,-0.5642239013885927,-0.05497271500775258,0.22025481019240778,-0.6931511327601425,-0.5117165248649393,-0.5853314851000079
2025-11-27,0.126,0.131,0.126,0.126,544000.0,70589.0,,,,0.0,-0.03076923076923077,-0.09352517985611519,-0.04689863842662645,-1.342560209921262,0.4782608695652173,-0.02333931777378817,4.132075471698113,-0.21303230082881874,-0.23074533340347075,0.5041017664230465,-0.0277934634401642,3.9218379584437315,-0.2227041008748144,-0.24193403515048695
2025-11-28,0.126,0.13,0.125,0.13,178000.0,22448.0,,,,0.031746031746031855,0.007751937984496138,-0.022556390977443663,-0.01178259217027744,-0.34257968899026703,-0.6727941176470589,-0.30739299610894943,-0.43492063492063493,-0.7504069558496547,-0.8570492387558413,-0.6819901117737891,-0.3132017745143032,-0.46700857136073315,-0.7602372847684241,-0.8699924753771786
2025-12-01,0.126,0.131,0.125,0.13,436000.0,55722.0,,,,0.0,0.023622047244094446,-0.007633587786259555,-0.010654490106544956,-0.3094864989210652,1.4494382022471912,3.8988764044943824,-0.3104931555375623,-0.3827080963921129,-0.4292358745340553,1.4822701354240913,3.8601831661578716,-0.33457528750044785,-0.3985262695449008,-0.44708293983391934
2025-12-02,0.13,0.13,0.126,0.13,38000.0,4842.0,,,,0.0,0.031746031746031855,0.015625,-0.010277883517320285,-0.2977640397811404,-0.9128440366972477,-0.9032788470838572,-0.9778812572759022,-0.9454410310151945,-1.0411183555108132,-0.9131043393991601,-0.9024989428324037,-0.9783488420967907,-0.9469321011468453,-1.0412547525647526
2025-12-03,0.126,0.129,0.126,0.126,249000.0,31620.0,,,,-0.03076923076923077,0.0,-0.052631578947368474,-0.04146063141879053,-1.2171365767844826,5.552631578947368,-0.32336956521739135,-0.6244343891402715,-0.593465471749034,-0.605390728834877,5.530359355638166,-0.3262449127442415,-0.6274872471519621,-0.6062357218420249,-0.6167972144355707
2025-12-04,0.126,0.129,0.125,0.129,742000.0,93823.0,,,,0.023809523809523725,0.023809523809523725,-0.05147058823529416,-0.016018306636155555,-0.45440183225512876,1.9799196787148596,0.36397058823529416,-0.5200517464424321,0.25381446013064357,0.2479835018490236,1.967204301075269,0.329144767598351,-0.5384770524865955,0.2084566073362899,0.20316894409228553
2025-12-05,0.126,0.127,0.125,0.126,377000.0,47500.0,,,,-0.023255813953488413,-0.03076923076923077,-0.07352941176470595,-0.03632887189292522,-1.0569299774916567,-0.49191374663072773,1.1179775280898876,-0.7188665175242357,-0.31652640954643996,-0.3093926079134505,-0.4937275508137664,1.1160014255167496,-0.7336219562803531,-0.3417893767576823,-0.33268132788575544
2025-12-08,0.125,0.125,0.116,0.119,3612000.0,428252.0,,,,-0.05555555555555558,-0.08461538461538465,-0.17931034482758623,-0.08637236084453004,-2.536522518925322,8.580901856763926,7.284403669724771,2.7546777546777546,6.175292678241561,5.824900306156165,8.015831578947369,6.685510211406625,2.2646632819527666,5.525799454319237,5.185258157384471
2025-12-09,0.119,0.124,0.117,0.12,2027000.0,244779.0,,,,0.008403361344537785,-0.07692307692307698,-0.11111111111111116,-0.06940674680108583,-2.472542529579664,-0.4388150609080842,52.3421052631579,1.9207492795389047,2.1876376899864303,1.591669638916953,-0.42842298459785355,49.553283767038415,1.588829427193502,2.0415584851291935,1.5419746076798015
2025-12-10,0.12,0.121,0.117,0.12,269000.0,31667.0,,,,0.0,-0.04761904761904767,-0.10447761194029859,-0.06396255850234023,-2.1314885042902794,-0.8672915638875185,0.08032128514056236,0.7243589743589745,-0.6171058870183381,-0.46726933538204324,-0.8706302419733719,0.0014864010120176907,0.5209894332372718,-0.6401047852300559,-0.4996959448160552
2025-12-11,0.113,0.119,0.113,0.115,1349000.0,155025.0,,,,-0.04166666666666663,-0.10852713178294571,-0.13533834586466165,-0.0980392156862745,-3.119872843357267,4.014869888475836,0.8180592991913747,1.2787162162162162,0.9048450135351311,0.6930177507569322,3.8954747844759527,0.6523133986335974,0.9944806823883592,0.7510647298119264,0.5915814044695136
2025-12-12,0.115,0.115,0.107,0.112,3810000.0,423988.0,,,,-0.026086956521739202,-0.11111111111111105,-0.1578947368421053,-0.11532385466034745,-3.124714066151392,1.8243143068939958,9.106100795755967,130.3793103448276,4.1069367078970265,3.276648953430168,1.7349653281728754,7.9260631578947365,110.66394521991046,3.5887761203721995,2.9258140802103334
2025-12-15,0.108,0.119,0.108,0.114,467000.0,52740.0,,,,0.017857142857142794,-0.04201680672268904,-0.12307692307692308,-0.09199522102747903,-2.118135691011918,-0.8774278215223097,-0.8707087486157253,-0.22296173044925127,-0.5005850213363554,-0.4099462586254727,-0.8756096870666151,-0.8768482108664992,-0.3338385752178855,-0.5349464712277889,-0.45530738807104565
2025-12-16,0.11,0.116,0.109,0.116,285000.0,31663.0,,,,0.01754385964912286,-0.033333333333333215,-0.10769230769230764,-0.0701402805611222,-1.478186616835039,-0.3897216274089935,-0.8593981253083375,-0.8864541832669323,-0.6930182990176262,-0.5622616356681872,-0.3996397421312097,-0.8706465832444776,-0.9031392631205414,-0.7175085292564202,-0.6013739021840601
2025-12-17,0.11,0.12,0.11,0.12,600900.0,67060.0,,,,0.0344827586206895,0.0,-0.07692307692307698,-0.03264812575574361,-0.6648943863724968,1.108421052631579,1.233828996282528,1.0300675675675675,-0.26463398560914775,-0.1985213546195219,1.1179294444619905,1.1176619193482176,0.7436297451898075,-0.31095672312964984,-0.24256329149081382
2025-12-18,0.111,0.115,0.11,0.11,560000.0,61896.0,,,,-0.08333333333333326,-0.0434782608695653,-0.15384615384615385,-0.10967219749089441,-2.263385261653508,-0.06806456981194875,-0.5848776871756857,0.0053859964093356805,-0.32723770650048156,-0.2513473999677373,-0.07700566656725316,-0.6007353652636671,-0.1475202115498505,-0.37322632599299166,-0.2967167677444099
2025-12-19,0.109,0.114,0.106,0.114,615000.0,66187.0,,,,0.036363636363636376,0.017857142857142794,-0.11627906976744184,-0.06976744186046513,-1.3152207862225236,0.09821428571428581,-0.8385826771653544,1.3929961089494163,-0.26129595594969657,-0.200741884342511,0.06932596613674558,-0.843894166816042,1.0249961756157258,-0.32612011264760565,-0.2575673085650782
2025-12-22,0.114,0.114,0.107,0.11,627000.0,67991.0,,,,-0.03508771929824561,-0.03508771929824561,-0.13385826771653542,-0.09688013136288987,-1.7926938430576618,0.019512195121951237,0.34261241970021405,6.044943820224719,-0.2627338042194908,-0.2075409876448884,0.02725610769486453,0.28917330299582855,4.930309638028783,-0.3193610356692017,-0.2579945139177016
2025-12-23,0.107,0.123,0.107,0.108,1843000.0,205214.0,,,,-0.018181818181818188,-0.06896551724137934,-0.1428571428571429,-0.10706903679206281,-1.8600668069017794,1.9393939393939394,5.466666666666667,3.690975916432924,1.1006700829815976,0.9082473147801257,2.0182524157609096,5.481192559138426,3.1322969734801953,0.9978154035467566,0.8390011950689206
2025-12-24,0.108,0.112,0.107,0.11,535000.0,58828.0,,,,0.0185185185185186,-0.08333333333333326,-0.12698412698412698,-0.08371511870054138,-1.3538791236599215,-0.7097124253933804,-0.10966883008820105,0.4538043478260869,-0.43675020661265784,-0.38490593127883327,-0.7133333983061585,-0.12275574112734866,0.2534998188830411,-0.4676047326235997,-0.4181988206984878
2025-12-29,0.111,0.111,0.107,0.108,288000.0,31488.0,,,,-0.018181818181818188,-0.018181818181818188,-0.1428571428571429,-0.09433962264150952,-1.478707711057969,-0.4616822429906542,-0.48571428571428577,-0.47058823529411764,-0.6994348749471663,-0.6242054895135976,-0.46474467940436526,-0.4912756882512602,-0.5539248324809815,-0.7165584827669393,-0.6458348111734993
2025-12-30,0.108,0.111,0.106,0.106,2392000.0,255066.0,,,,-0.01851851851851849,-0.07017543859649134,-0.18461538461538463,-0.10435149978876213,-1.577483001897319,7.305555555555555,2.8894308943089433,12.438202247191011,1.5301593513822267,1.3389783221308937,7.100419207317072,2.853717497393748,10.36252672843906,1.3371250629371527,1.1745809994959906
2025-12-31,0.106,0.108,0.106,0.106,194000.0,20845.0,,,,0.0,-0.036363636363636376,-0.18461538461538463,-0.09517712334613748,-1.431600298716598,-0.9188963210702341,-0.6905901116427432,-0.555045871559633,-0.8163044044333133,-0.7762317739125849,-0.918276054040915,-0.6934153049668339,-0.625910771329098,-0.8273956870036694,-0.7895047301935859
2026-01-02,0.108,0.112,0.108,0.11,204000.0,22136.0,,,,0.037735849056603765,0.0185185185185186,-0.15384615384615385,-0.05131522207848205,-0.7881149455449796,0.05154639175257736,-0.8893109061313077,4.368421052631579,-0.8045967653101787,-0.750656786890402,0.06193331734228824,-0.8921321157425907,3.571664601404378,-0.8140202329452033,-0.7584652741341121
2026-01-05,0.111,0.118,0.109,0.11,560000.0,61801.0,,,,0.0,0.0,-0.12698412698412698,-0.0430622009569378,-0.7188390384942136,1.7450980392156863,0.04672897196261672,1.248995983935743,-0.46782983859088945,-0.4428104756788988,1.7918774846404046,0.050537159175902735,0.9544908285895004,-0.484512263071323,-0.45743702973664063
2026-01-06,0.11,0.113,0.11,0.113,183000.0,20646.0,,,,0.027272727272727337,0.04629629629629628,-0.12403100775193798,-0.010074463425317703,-0.17828301474227204,-0.6732142857142858,-0.36458333333333337,-0.7533692722371967,-0.828626813816612,-0.8029033091095985,-0.6659277357971554,-0.34432164634146345,-0.7799473476652846,-0.829930529842266,-0.7992579033900151
2026-01-07,0.107,0.113,0.107,0.113,554000.0,61896.0,,,,0.0,0.0660377358490567,-0.10317460317460314,-0.0030877812086459455,-0.06455261153952105,2.0273224043715845,-0.7683946488294314,0.4694960212201591,-0.46725390544237644,-0.4347148271052449,1.997965707643127,-0.7573333960621956,0.3030736842105264,-0.4742930525757908,-0.436452531953451
2026-01-08,0.11,0.112,0.108,0.112,211000.0,23192.0,,,,-0.008849557522123908,0.05660377358490565,-0.05882352941176461,-0.006211180124223503,-0.154465398076809,-0.6191335740072202,0.08762886597938135,-0.9415836101882613,-0.7988071456836505,-0.752759845936919,-0.6253069665244927,0.11259294794914854,-0.9458449697841458,-0.8042181896767135,-0.7467741938289301
2026-01-09,0.112,0.113,0.112,0.112,335000.0,37715.0,,,,0.0,0.0181818181818183,-0.06666666666666665,-0.0031152647975076775,-0.08171697872137348,0.5876777251184835,0.642156862745098,-0.8347311297483966,-0.6187528095641832,-0.5733479591492968,0.6262073128665058,0.7037856884712685,-0.8459222400614432,-0.6159579819439664,-0.5698284726292482
2026-01-12,0.112,0.113,0.109,0.113,212000.0,23726.0,,,,0.008928571428571397,0.027272727272727337,-0.05833333333333324,0.009379187137114942,0.2701860891127723,-0.36716417910447763,-0.6214285714285714,-0.21189591078066916,-0.7330294234317053,-0.6359279140703495,-0.3709134296698926,-0.6160903545250077,-0.25076578141282724,-0.7299327734535959,-0.6343842939788804
2026-01-13,0.108,0.112,0.108,0.112,92000.0,9980.0,,,,-0.008849557522123908,-0.008849557522123908,-0.026086956521739202,0.0035842293906811484,0.11733761521653115,-0.5660377358490566,-0.4972677595628415,-0.9318013343217197,-0.8837275433020114,-0.7624062571084402,-0.5793644103515131,-0.5166133875811295,-0.9356232865666828,-0.8858843647286638,-0.7645693244527452
2026-01-14,0.108,0.112,0.108,0.112,235000.0,26008.0,,,,0.0,-0.008849557522123908,0.0,0.004934948407357531,0.16585107936730298,1.5543478260869565,-0.575812274368231,-0.9383202099737533,-0.6773728540146486,-0.5363063117594501,1.6060120240480962,-0.5798112963681014,-0.9386586412823005,-0.6757224489388787,-0.5342997553603639
2026-01-15,0.108,0.112,0.108,0.108,23000.0,2528.0,,,,-0.0357142857142857,-0.0357142857142857,-0.052631578947368474,-0.030955585464333857,-1.040338588758549,-0.902127659574468,-0.8909952606635071,-0.9507494646680942,-0.9581548090130902,-0.9227305528937266,-0.9027991387265457,-0.8909968954812004,-0.9520667425104286,-0.9580789965491452,-0.9365443868760119
2026-01-16,0.108,0.113,0.108,0.109,108000.0,11726.0,,,,0.0092592592592593,-0.0267857142857143,-0.06034482758620696,-0.01934322986954573,-0.642813080817452,3.695652173913044,-0.6776119402985075,-0.6210526315789473,-0.795239314051702,-0.7199028769825826,3.638449367088608,-0.6890892217950417,-0.6296623819600164,-0.7971045086541173,-0.7309728773830849
2026-01-19,0.109,0.118,0.108,0.114,1053000.0,120307.0,,,,0.04587155963302747,0.008849557522123908,-0.04999999999999993,0.028880866425992746,1.008748344229462,8.75,3.966981132075472,0.7523714428357464,1.030486217568623,0.9091015691124805,9.25984990619137,4.070681952288629,0.7940202803459588,1.1182133742513836,0.9984069665362447
2026-01-20,0.114,0.116,0.113,0.113,1130000.0,130752.0,,,,-0.00877192982456143,0.008928571428571397,0.027272727272727337,0.02262443438914019,1.0161735560609746,0.07312440645773988,11.282608695652174,1.0178571428571428,1.0879526977087952,0.981755033145671,0.08681955330945001,12.101402805611222,1.1124466847615353,1.199035298391491,1.094133575594748
2026-01-21,0.113,0.114,0.113,0.113,1204000.0,136685.0,,,,0.0,0.008928571428571397,-0.00877192982456143,0.02123813827383647,0.9329557710063915,0.06548672566371683,4.123404255319149,0.9577235772357724,1.1133930138669474,1.0329690074293616,0.04537597895252077,4.255498308212857,1.0651336365147235,1.1729971892606867,1.0998389522150205
2026-01-22,0.109,0.117,0.109,0.11,247000.0,28035.0,,,,-0.026548672566371723,0.0185185185185186,0.0,-0.005424954792043413,-0.24409400147356577,-0.7948504983388704,9.73913043478261,-0.6060606060606061,-0.5877493115246599,-0.5587441466398914,-0.7948933679628343,10.089794303797468,-0.587666014619582,-0.5779545813794194,-0.5556776104223006
2026-01-23,0.11,0.115,0.11,0.114,415000.0,46606.0,,,,0.036363636363636376,0.04587155963302747,0.05555555555555558,0.030741410488245968,1.3831993416835375,0.680161943319838,2.8425925925925926,-0.7748236570808464,-0.2846677583383608,-0.26004667363466305,0.6624219725343321,2.9745863892205358,-0.7728907384486439,-0.2766267207005574,-0.25600865235114856
2026-01-26,0.115,0.118,0.114,0.118,2343000.0,273617.0,,,,0.0350877192982455,0.0350877192982455,0.07272727272727275,0.06402164111812447,2.8514286181231188,4.645783132530121,1.225071225071225,3.3794392523364483,3.6054054054054054,3.2657895781242505,4.870853538171051,1.2743231898393277,3.651135513700959,3.8429244773736553,3.5436730194560084
2026-01-27,0.12,0.122,0.112,0.118,3252000.0,379768.0,,,,0.0,0.044247787610619316,0.09259259259259256,0.06019766397124893,2.2791086364525,0.3879641485275289,1.8778761061946905,10.291666666666666,4.427689226404072,3.813612159174124,0.38795469579741027,1.9044909446891825,11.060721544715447,4.6481366494268475,3.997175616053904
2026-01-28,0.113,0.117,0.112,0.117,277000.0,32091.0,,,,-0.008474576271186307,0.03539823008849563,0.10377358490566047,0.046511627906976605,1.6307094318447541,-0.9148216482164822,-0.7699335548172758,-0.8841973244147157,-0.629357061617716,-0.5174989562092323,-0.9154984095553075,-0.7652192998500201,-0.8741855049281362,-0.6209056516846965,-0.5041893799725164
2026-01-29,0.117,0.119,0.115,0.119,482000.0,56595.0,,,,0.017094017094017033,0.08181818181818179,0.12264150943396235,0.05919003115264809,2.157246134430563,0.7400722021660651,0.951417004048583,1.4845360824742269,-0.24875311720698257,-0.1930341824832996,0.7635785734318032,1.0187265917602994,1.7150395778364116,-0.2300314272886821,-0.17482338756971172
2026-01-30,0.119,0.137,0.119,0.123,2506000.0,315875.0,,,,0.03361344537815136,0.07894736842105265,0.11818181818181817,0.08849557522123885,3.2856437037632507,4.199170124481328,5.03855421686747,11.284313725490197,2.8201219512195124,2.2531332746195463,4.5813234384662955,5.777560829077801,13.269741597397903,3.195416420398324,2.5056147901596986
2026-02-02,0.123,0.13,0.122,0.128,825000.0,102935.0,,,,0.04065040650406515,0.0847457627118644,0.16363636363636358,0.12626484821821382,3.890061170030977,-0.6707901037509976,-0.647887323943662,0.4732142857142858,0.06990014265335232,0.05917705888434977,-0.6741274238227146,-0.6237989598599503,0.6655879354702998,0.1440088599976994,0.11883118689134789
2026-02-03,0.129,0.13,0.124,0.124,1255000.0,155824.0,,,,-0.03125,0.05084745762711873,0.09734513274336276,0.08249672632038418,1.975099328818696,0.5212121212121212,-0.6140836408364083,5.85792349726776,0.600050997641359,0.5174707773050421,0.5138096857240007,-0.5896863348149397,6.547418386128063,0.6931106551209525,0.585926640821299
2026-02-04,0.121,0.124,0.121,0.124,1011000.0,125346.0,,,,0.0,0.05982905982905984,0.09734513274336276,0.07732406602953978,1.7081505228900067,-0.19442231075697214,2.6498194945848375,0.8249097472924187,0.2065159019034548,0.1914724322505675,-0.19559246329191904,2.905954940637562,1.025106630476929,0.2687734612910524,0.24495365420864113
2026-02-05,0.124,0.128,0.124,0.128,373000.0,47144.0,,,,0.032258064516129004,0.07563025210084051,0.1428571428571428,0.10678772157371386,2.2265524273172956,-0.6310583580613254,-0.22614107883817425,0.7677725118483412,-0.566682156133829,-0.5407958612659416,-0.6238890750402885,-0.16699355066702004,1.0327699206622976,-0.5376477643674751,-0.5067085210663466
2026-02-06,0.128,0.128,0.12,0.125,350000.0,43756.0,,,,-0.0234375,0.016260162601626105,0.1160714285714286,0.0734220695577501,1.3977303194216486,-0.06166219839142095,-0.8603351955307262,0.04477611940298498,-0.5971918517666015,-0.5787595687899653,-0.07186492448667914,-0.8614768500197862,0.16017499668566892,-0.5758563014021965,-0.5531220655374038
2026-02-09,0.129,0.131,0.129,0.128,1145000.0,147809.0,,,,0.02400000000000002,0.0,0.1327433628318584,0.09308283518360372,1.728223294501923,2.2714285714285714,0.38787878787878793,4.400943396226415,0.31662162939113436,0.30727299739997277,2.3780281561385865,0.4359450138436878,5.229832251538396,0.4285866165628638,0.4135857355799943
2026-02-11,0.129,0.129,0.128,0.126,136000.0,17540.0,,,,-0.015625,0.016129032258064502,0.125,0.06915570640644875,1.2209787406769368,-0.8812227074235808,-0.8916334661354581,0.4782608695652173,-0.8515769944341373,-0.8824150985518692,-0.8813333423539839,-0.8874371085327035,0.7575150300601203,-0.8400647035840004,-0.869609008656576
2026-02-12,0.126,0.126,0.105,0.115,2600000.0,293162.0,,,,-0.08730158730158721,-0.07258064516129026,0.026785714285714413,-0.029945170814002497,-0.524937694796947,18.11764705882353,1.5717111770524235,10.063829787234043,1.8307022318998367,1.9060925717670862,15.713911060433297,1.3388221403156062,10.27199323285143,1.6639623761953377,1.73433782670916
2026-02-13,0.119,0.119,0.111,0.119,138000.0,16080.0,,,,0.03478260869565197,-0.07031250000000011,0.10185185185185186,0.002527379949452291,0.04516731006443637,-0.946923076923077,-0.6300268096514745,5.0,-0.8668917289606944,-0.9538893951156772,-0.9451497806673443,-0.6589173595791618,5.360759493670886,-0.869697390828009,-0.9656475366387883
2026-02-16,0.119,0.119,0.119,0.119,1000.0,119.0,,,,0.0,-0.04800000000000004,0.09174311926605494,-0.002096436058700246,-0.04067524790956635,-0.9927536231884058,-0.9971428571428571,-0.9907407407407407,-0.9990407673860912,-1.1126975989989394,-0.9925995024875622,-0.9972803729774202,-0.9898516118028313,-0.9990409618105351,-1.12279582807293
2026-02-20,0.119,0.119,0.11,0.116,106000.0,12029.0,,,,-0.025210084033613356,-0.09375,0.01754385964912286,-0.03131524008350717,-0.6630489390285864,105.0,-0.9074235807860263,-0.899335232668566,-0.897796847129152,-0.9885626207034622,100.08403361344538,-0.9186179461331854,-0.9000141305160964,-0.9026010041918248,-1.0037530099259726
2026-02-23,0.116,0.12,0.113,0.114,421000.0,49458.0,,,,-0.017241379310344862,-0.09523809523809523,0.008849557522123908,-0.048811013767208866,-1.0510926145628234,2.9716981132075473,2.0955882352941178,-0.6274336283185841,-0.5746615477874317,-0.5896660851319366,3.111563721007565,1.8197263397947547,-0.6217419236417034,-0.5811781682197404,-0.6029456581874637
2026-02-24,0.114,0.12,0.112,0.114,1745000.0,199148.0,,,,0.0,-0.008695652173913104,0.008849557522123908,-0.04920767306088414,-1.0717487406374073,3.1448931116389547,-0.3288461538461539,0.44933554817275745,0.8284696390213233,0.8132682667819808,3.0266084354401714,-0.3206895845982767,0.45698503859238393,0.7465491823191144,0.741523313037396
2026-02-25,0.114,0.12,0.114,0.117,299000.0,35115.0,,,,0.026315789473684292,-0.01680672268907557,0.06363636363636371,-0.024593580658607728,-0.5419558452703302,-0.8286532951289398,1.1666666666666665,0.21052631578947367,-0.6953331974729977,-0.6914475604885053,-0.8236738506035712,1.1837686567164178,0.25254146602461214,-0.7002480220338831,-0.7054347601109978
2026-02-26,0.117,0.117,0.115,0.115,603000.0,69549.0,,,,-0.017094017094017144,-0.03361344537815114,0.00877192982456143,-0.044056525353283416,-1.0653967256394363,1.016722408026756,602.0,0.4530120481927711,-0.3871951219512195,-0.38682363402148373,0.9806065783853055,583.4453781512605,0.49227567266017247,-0.4080978988662636,-0.41334089020959386
2026-02-27,0.114,0.118,0.113,0.116,636000.0,73272.0,,,,0.008695652173912993,0.0,-0.016949152542372725,-0.036144578313252795,-0.8854676692025492,0.054726368159204064,5.0,-0.7285531370038412,-0.359774511777733,-0.3646514270148532,0.053530604322132636,5.0912794080970984,-0.7322096214781977,-0.38244218191625645,-0.393259963478658
2026-03-02,0.113,0.116,0.111,0.116,828000.0,94293.0,,,,0.0,0.01754385964912286,-0.016949152542372725,-0.03534303534303529,-0.852922902461209,0.3018867924528301,0.9667458432304037,-0.7453874538745388,-0.08815593854963932,-0.08612934639698959,0.28688994431706516,0.9065267499696712,-0.7517089380885171,-0.13198610890562756,-0.13060088967561717
2026-03-03,0.116,0.116,0.116,0.116,83000.0,9628.0,,,,0.0,0.01754385964912286,-0.008547008547008517,-0.0345401581356638,-0.8217800582887638,-0.8997584541062802,-0.9524355300859599,-0.7003610108303249,-0.8945161085340281,-0.9409576777247688,-0.8978927385914118,-0.9516540462369695,-0.6999781870306316,-0.8979619954004472,-0.9485199001943699
2026-03-04,0.11,0.115,0.11,0.115,370000.0,42208.0,,,,-0.008620689655172376,-0.017094017094017144,-0.03361344537815114,-0.042464612822647796,-1.002426904642581,3.457831325301205,0.23745819397993317,-0.23236514522821572,-0.5239014347294602,-0.5384248271814176,3.383880348982135,0.2019934500925531,-0.25420973584238893,-0.5472888870297644,-0.5651469862625159
2026-03-05,0.116,0.118,0.116,0.116,69000.0,8008.0,,,,0.008695652173912993,0.008695652173912993,-0.05691056910569103,-0.03252710592160113,-0.748515397670707,-0.8135135135135135,-0.8855721393034826,-0.9724660814046289,-0.9105696325578381,-0.9257503325581578,-0.8102729340409401,-0.8848581575579807,-0.9746481994459834,-0.9134405957984965,-0.9322118281879904
2026-03-06,0.115,0.121,0.115,0.118,102000.0,12020.0,,,,0.01724137931034475,0.01724137931034475,-0.07812500000000011,-0.012965286491008032,-0.29658264944544954,0.4782608695652173,-0.839622641509434,-0.8763636363636363,-0.8430044635985839,-0.8372401867900993,0.5009990009990011,-0.8359537067365432,-0.8832272793510467,-0.844141328286728,-0.860900197706668
2026-03-09,0.109,0.131,0.109,0.115,223000.0,25847.0,,,,-0.025423728813559254,-0.008620689655172376,-0.07258064516129026,-0.0340193196136076,-0.8369051072323573,1.1862745098039214,-0.7306763285024155,-0.8223107569721115,-0.6365414391655122,-0.5882833768343413,1.1503327787021629,-0.7258863330257813,-0.8341269637539789,-0.6438600407300545,-0.609147401461345
2026-03-10,0.114,0.123,0.114,0.122,8000.0,941.0,,,,0.060869565217391175,0.051724137931034475,-0.016129032258064502,0.02866779089376048,0.7123806123369384,-0.9641255605381166,-0.9036144578313253,-0.9920870425321464,-0.9857638579944835,-0.8504140288013843,-0.9635934537857391,-0.9022642293311176,-0.9924927799850015,-0.9857589417123018,-0.8711642572980038
2026-03-11,0.115,0.122,0.115,0.122,6000.0,711.0,,,,0.0,0.060869565217391175,-0.046875,0.029535864978902815,0.7488947680090949,-0.25,-0.9837837837837837,-0.9839142091152815,-0.9882766705744431,-0.7738638542575009,-0.24442082890541972,-0.9831548521607278,-0.9849185474291532,-0.9881215511149203,-0.791210958254017
2026-03-12,0.122,0.125,0.116,0.125,587000.0,72431.0,,,,0.024590163934426146,0.0775862068965516,0.0,0.05752961082910324,1.6189510143816026,96.83333333333333,7.507246376811594,0.677142857142857,0.18958354443205994,0.1411452396303812,100.87201125175808,8.04483016983017,0.6553386964073498,0.2589109345411851,0.19631195096683948
2026-03-13,0.115,0.123,0.115,0.123,131000.0,15595.0,,,,-0.016000000000000014,0.04237288135593231,-0.0390625,0.04060913705583746,1.1427889513281897,-0.776831345826235,0.2843137254901962,-0.885589519650655,-0.7407480704531961,-0.5652275827103648,-0.784691637558504,0.29742096505823623,-0.8944922163061789,-0.735536321148276,-0.5716212008281708
2026-03-16,0.123,0.128,0.123,0.123,1479000.0,182317.0,,,,0.0,0.06956521739130439,-0.023809523809523836,0.042814752013565105,1.362666339182418,10.290076335877863,5.632286995515695,9.875,2.253409590849098,1.5775805537141194,10.69073420968259,6.053700622896274,9.39435575826682,2.4821430276731027,1.7693314839761791
2026-03-17,0.116,0.123,0.116,0.123,387000.0,47186.0,,,,0.0,0.008196721311475308,0.06956521739130439,0.04414261460101887,1.524009179351209,-0.7383367139959431,47.375,-0.8511538461538461,-0.25826545280306656,-0.19722641025115684,-0.7411870533192187,49.144527098831034,-0.8390446237916238,-0.2213088038840495,-0.17102285464523273
2026-03-18,0.117,0.13,0.117,0.127,211000.0,24965.0,,,,0.03252032520325199,0.040983606557376984,0.0672268907563025,0.0744500846023688,2.4905893708648716,-0.4547803617571059,34.166666666666664,0.5289855072463767,-0.48674288494283624,-0.4194849784943145,-0.4709235790276777,34.11251758087201,0.5525497512437811,-0.4831022149064915,-0.41557773665153225
2026-03-19,0.12,0.13,0.12,0.126,557000.0,68593.0,,,,-0.007874015748031482,0.008000000000000007,0.05882352941176472,0.062394603709949426,1.8296499796618657,1.6398104265402842,-0.05110732538330498,556.0,0.34297769740807715,0.29941743795374814,1.7475665932305229,-0.05298836133699658,575.4117647058823,0.4072668335316565,0.3550422407512015
2026-03-20,0.126,0.126,0.115,0.115,528000.0,62525.0,,,,-0.08730158730158721,-0.06504065040650397,-0.008620689655172376,-0.033207229928541415,-0.903754547860828,-0.05206463195691202,3.0305343511450378,3.981132075471698,0.19308552705908943,0.18345557985074798,-0.08846383741781227,3.0092978518756013,4.197855183307008,0.19858451051169634,0.1888170204410744
2026-03-23,0.119,0.119,0.113,0.115,230000.0,26413.0,,,,0.0,-0.06504065040650397,0.00877192982456143,-0.03280067283431454,-0.8840115801613427,-0.5643939393939394,-0.8444895199459094,-0.4536817102137767,-0.5039361587404292,-0.5087702655255958,-0.5775609756097562,-0.855125961923463,-0.46595090784099635,-0.5170459220522761,-0.5229195969668389
2026-03-24,0.118,0.12,0.118,0.12,7000.0,830.0,,,,0.04347826086956519,-0.024390243902439046,0.05263157894736836,0.008827238335435084,0.24090320420334965,-0.9695652173913043,-0.9819121447028424,-0.9959885386819485,-0.9845848931953314,-0.9674245678722007,-0.9685760799606254,-0.9824100368753443,-0.9958322453652559,-0.9844970651823696,-0.9682277491982766
2026-03-25,0.119,0.119,0.115,0.116,172000.0,19976.0,,,,-0.033333333333333215,-0.08661417322834641,-0.008547008547008517,-0.027253668763102645,-0.7731293326988009,23.571428571428573,-0.18483412322274884,-0.4247491638795987,-0.5315904139433552,-0.5446385546106665,23.06746987951807,-0.19983977568596034,-0.4311262993022925,-0.5420696042281079,-0.543875338309345
2026-03-26,0.106,0.12,0.106,0.12,399000.0,46210.0,,,,0.0344827586206895,-0.04761904761904767,0.04347826086956519,0.006711409395973034,0.18878273612310734,1.3197674418604652,-0.2836624775583483,-0.3383084577114428,0.10572259941804063,0.10573963632751052,1.313275931117341,-0.32631609639467585,-0.33557635623804805,0.07802563372790172,0.07642307551249578
2026-03-27,0.11,0.119,0.11,0.111,189000.0,21466.0,,,,-0.07499999999999996,-0.034782608695652195,-0.0431034482758621,-0.07074089577228981,-2.0495846744160473,-0.5263157894736843,-0.6420454545454546,-0.7028301886792453,-0.4610009981462997,-0.45350851554344423,-0.5354685133088076,-0.6566813274690124,-0.7070367944098701,-0.48520868281674734,-0.46700040537622944
2026-03-30,0.118,0.118,0.11,0.115,899000.0,100810.0,,,,0.03603603603603611,0.0,-0.008620689655172376,-0.03523489932885915,-0.9376691873042711,3.7566137566137563,2.908695652173913,0.08574879227053134,1.7383490709716725,1.6231963802753901,3.69626385912606,2.8166811797221065,0.06911435631489082,1.5777235691281741,1.4388203801663166
2026-03-31,0.115,0.117,0.11,0.11,1210000.0,133762.0,,,,-0.0434782608695653,-0.08333333333333326,-0.051724137931034475,-0.07679395719681081,-2.0233659531578687,0.3459399332591768,171.85714285714286,13.578313253012048,2.646225704384511,2.4583254558799017,0.32687233409384,160.15903614457832,12.893020357291235,2.3920474717249074,2.1760996553876124
2026-04-01,0.115,0.118,0.111,0.115,136000.0,15311.0,,,,0.045454545454545414,-0.008620689655172376,0.0,-0.03239377366428253,-0.7819862859115551,-0.8876033057851239,-0.2093023255813954,-0.6324324324324324,-0.6496651210716126,-0.6273955510539173,-0.8855355033567082,-0.2335302362835402,-0.6372488627748294,-0.6645318761543972,-0.6379925779621108
2026-04-02,0.115,0.115,0.114,0.114,18000.0,2062.0,,,,-0.008695652173913104,-0.04999999999999993,-0.017241379310344862,-0.04080774084981076,-0.9850996069275504,-0.8676470588235294,-0.9548872180451128,-0.7391304347826086,-0.952191235059761,-0.8831725874725659,-0.8653255829142447,-0.9553776238909327,-0.7425074925074925,-0.9534493637665831,-0.879514399134641
2026-04-08,0.114,0.114,0.11,0.112,794000.0,89620.0,,,,-0.01754385964912286,0.009009009009008917,-0.05084745762711862,-0.056842105263157805,-1.3489354710472563,43.111111111111114,3.201058201058201,6.784313725490196,1.1232785131702099,1.0292553088469467,42.462657613967025,3.174974378086276,6.455906821963394,1.0368853064475987,0.9450574067289921
2026-04-09,0.112,0.112,0.108,0.112,1506000.0,168168.0,,,,0.0,-0.026086956521739202,-0.026086956521739202,-0.054453355846348805,-1.2341665089827423,0.8967254408060454,0.675194660734149,5.753363228699552,2.686207318565659,2.6563370783411977,0.8764561481812096,0.6681678404920146,5.5062869965566605,2.51238707103703,2.47077134094642
2026-04-10,0.112,0.112,0.108,0.111,128000.0,14195.0,,,,-0.008928571428571397,0.009090909090909038,-0.0901639344262295,-0.06170752324598483,-1.3590334463161486,-0.9150066401062417,-0.8942148760330578,15.0,-0.7292151470277131,-0.7220000352945755,-0.9155903620189334,-0.8938786800436597,14.08501594048884,-0.7418837485862249,-0.7384095645841658
2026-04-13,0.113,0.113,0.109,0.113,108000.0,12188.0,,,,0.018018018018018056,-0.017391304347826098,-0.07377049180327866,-0.040339702760084806,-0.8584247173321347,-0.15625,-0.20588235294117652,17.0,-0.7743889701274285,-0.7853820795479715,-0.14138781261007394,-0.20397100124093792,16.142053445850916,-0.7810170453830854,-0.7954552427540974
2026-04-14,0.114,0.116,0.108,0.108,108000.0,12355.0,,,,-0.04424778761061954,-0.052631578947368474,-0.136,-0.07928388746803072,-1.6800555765087737,0.0,5.0,-0.8160136286201022,-0.7767672591980157,-0.8044537077643624,0.013702001969150057,4.991755577109602,-0.8294238654719664,-0.780281925587508,-0.8110613022342316
2026-04-15,0.108,0.116,0.108,0.111,693000.0,76092.0,,,,0.0277777777777779,-0.008928571428571397,-0.09756097560975607,-0.046801202232718,-0.9739419410384169,5.416666666666667,-0.12720403022670024,4.290076335877862,0.5070131564640643,0.4920736050290133,5.158802104411169,-0.15094844900691806,3.879256171849952,0.4295658153186286,0.4171353969102721
2026-04-16,0.108,0.114,0.108,0.109,55000.0,6000.0,,,,-0.018018018018018056,-0.0267857142857143,-0.11382113821138207,-0.059128182995252576,-1.2456712970766242,-0.9206349206349207,-0.9634794156706508,-0.9628127112914131,-0.8872835331488882,-0.9213053365549844,-0.9211480838984387,-0.9643213928928215,-0.9670902877954333,-0.8933375050220258,-0.9255526545449984
2026-04-17,0.109,0.112,0.108,0.11,1322000.0,143154.0,,,,0.00917431192660545,-0.009009009009009028,-0.10569105691056913,-0.04472427268779866,-0.9481495670680296,23.036363636363635,9.328125,2.4160206718346253,2.1721655668866227,2.172226436611846,22.859,9.084818598097922,2.033823591743314,2.0178122895205894,2.0583115675135852
2026-04-20,0.109,0.11,0.107,0.109,993000.0,108253.0,,,,-0.00909090909090915,-0.03539823008849563,-0.1417322834645669,-0.048034934497816595,-1.0543728599273652,-0.24886535552193645,8.194444444444445,3.706161137440758,1.1423948220064726,1.143401705283939,-0.2438003828045322,7.881933048900558,3.3361906669337076,1.072432623875868,1.094304274983111
2026-04-21,0.106,0.109,0.106,0.109,110000.0,11975.0,,,,0.0,0.0092592592592593,-0.13492063492063489,-0.040492957746478986,-1.0357020624333888,-0.8892245720040282,0.0185185185185186,-0.8025134649910233,-0.7811380819737366,-0.8290646761851876,-0.8893795091129114,-0.030756778632132775,-0.8254195034478737,-0.7876741050175402,-0.8505039976684242
2026-04-22,0.111,0.111,0.109,0.11,8000.0,878.0,,,,0.00917431192660545,-0.009009009009009028,-0.0434782608695653,-0.024390243902438935,-0.7942922068659907,-0.9272727272727272,-0.9884559884559885,-0.9848484848484849,-0.9833420093701197,-0.981140402177238,-0.9266805845511482,-0.9884613362771382,-0.9859576169532187,-0.9836096941751877,-0.9929429299814307
2026-04-23,0.11,0.111,0.109,0.111,1952000.0,216360.0,,,,0.009090909090909038,0.01834862385321112,-0.034782608695652195,-0.013333333333333308,-0.43206622494974856,243.0,34.49090909090909,7.486956521739131,3.297193175564117,3.0409514640212656,245.42369020501138,35.06,7.191420891227805,3.285552995985017,3.0551490383189868
2026-04-24,0.111,0.111,0.11,0.11,24000.0,2650.0,,,,-0.009009009009009028,0.0,-0.08333333333333326,-0.02048085485307205,-0.6695558862644659,-0.9877049180327869,-0.9818456883509834,2.4285714285714284,-0.9555843434810771,-0.8725433367038449,-0.9877518949898317,-0.9814884669656454,2.1927710843373496,-0.9558210000291748,-0.877345604077688
2026-04-27,0.109,0.11,0.108,0.108,1099000.0,119569.0,,,,-0.018181818181818188,-0.00917431192660556,-0.06896551724137934,-0.033989266547406194,-1.2887105256157205,44.791666666666664,0.10674723061430003,5.3895348837209305,1.0306725794530673,0.9438543072926099,44.120377358490565,0.10453289978106839,4.985632759311174,0.9903536040816157,0.9116147781800157
2026-04-28,0.109,0.11,0.109,0.109,306000.0,33359.0,,,,0.0092592592592593,0.0,-0.09166666666666667,-0.021543985637343055,-0.8301618913977845,-0.721565059144677,1.7818181818181817,-0.23308270676691734,-0.4791932601480725,-0.4717471113306027,-0.7210062808922044,1.7857202505219205,-0.2780999783596624,-0.48720983676612784,-0.48139677511619877
2026-04-29,0.107,0.117,0.107,0.11,309000.0,34380.0,,,,0.00917431192660545,0.0,-0.009009009009009028,-0.007668019846639673,-0.40293864377121436,0.009803921568627416,37.625,0.6349206349206349,-0.4698919197117859,-0.4574686049607928,0.030606433046554082,38.15717539863326,0.6016025342401938,-0.46624313882568835,-0.4543647417881261
2026-04-30,0.109,0.114,0.109,0.109,146000.0,16415.0,,,,-0.00909090909090915,-0.018018018018018056,-0.05217391304347829,-0.016245487364620725,-0.8500207124720284,-0.5275080906148868,-0.9252049180327869,-0.8375973303670745,-0.7520801494311429,-0.7441631824269613,-0.5225421756835369,-0.9241310778332409,-0.8371689316536057,-0.7476829951557902,-0.7401901628556817
2026-05-04,0.108,0.118,0.1,0.118,1732000.0,180982.0,,,,0.08256880733944949,0.07272727272727275,0.07272727272727275,0.0678733031674208,3.935623259970116,10.863013698630137,71.16666666666667,0.431404958677686,2.1419501133786847,1.9734266198386046,10.02540359427353,67.29509433962264,0.35301505659305343,1.9748525986524714,1.820154962775781
2026-05-05,0.113,0.117,0.107,0.108,186000.0,21034.0,,,,-0.0847457627118644,0.0,-0.0608695652173914,-0.026149684400360695,-1.1453841112774543,-0.8926096997690531,-0.8307552320291174,0.36764705882352944,-0.6778383995843076,-0.6128224259349132,-0.8837784973091247,-0.8240848380433056,0.37378355430736065,-0.6671745917216128,-0.6066328414638134
2026-05-06,0.108,0.113,0.108,0.108,416000.0,45078.0,,,,0.0,-0.00917431192660556,-0.052631578947368474,-0.023066485753052923,-1.0552450599401544,1.236559139784946,0.3594771241830066,22.11111111111111,-0.28257307924463226,-0.25727004908830675,1.1431016449557858,0.3512994993854732,20.86129970902037,-0.2899363544931082,-0.2655691349612645
2026-05-07,0.106,0.107,0.104,0.107,709000.0,74827.0,,,,-0.0092592592592593,-0.027272727272727337,-0.044642857142857206,-0.02947845804988669,-1.3908045693763393,0.7043269230769231,1.2944983818770228,-0.10705289672544083,0.1821592330137558,0.1749406720287468,0.6599449842495231,1.1764688772542176,-0.16506360187458158,0.1400428885393139,0.13525768643026587
2026-05-08,0.107,0.107,0.102,0.105,2377000.0,248853.0,,,,-0.01869158878504673,-0.03669724770642202,-0.0625,-0.045454545454545636,-2.0780235368897757,2.3526093088857545,15.280821917808218,0.5783532536520584,2.9916036943744753,2.857742580832152,2.3257113074157725,14.160097471824551,0.47978806907378346,2.834666757068276,2.7147272576023114
2026-05-11,0.105,0.106,0.104,0.106,21000.0,2210.0,,,,0.00952380952380949,-0.10169491525423724,-0.04504504504504503,-0.03328773369813043,-1.4032453912415053,-0.9911653344551956,-0.9878752886836027,-0.8359375,-0.9671387215397856,-0.8654169852921951,-0.9911192551425942,-0.9877888408792035,-0.844311377245509,-0.9679384185516144,-0.8764975381476656
