=== nextday pipeline start: 2026-05-11T02:58:50 ===
symbol=002270.SZ, out_root=/root/workspace/stock_realtime_v021_full/saved_data/002270_pipeline_out

[2026-05-11T02:58:50] RUN update_data
  /usr/bin/python3 bootstrap/ashare_xgb_dual_opportunity_regression_baostock_full_v19_compressed_trading_axis.py --mode update_data --symbol 002270 --benchmark_symbol 000300 --daily_start 2018-01-01 --daily_end 2026-05-11 --intraday_start '2018-01-01 09:30:00' --intraday_end '2026-05-11 15:00:00' --output_dir /root/workspace/stock_realtime_v021_full/saved_data/002270_pipeline_out/00_base --cache_mode incremental --feature_cache_mode incremental --adjust qfq
/root/workspace/stock_realtime_v021_full/bootstrap/ashare_fetch_and_train_xgb_sell_signal_baostock_state_cache_helper_fix2.py:246: FutureWarning: The behavior of DataFrame concatenation with empty or all-NA entries is deprecated. In a future version, this will no longer exclude empty or all-NA columns when determining the result dtypes. To retain the old behavior, exclude the relevant entries before the concat operation.
  merged = _normalize_daily_df(pd.concat([df_old, df_new], axis=0, ignore_index=True))
/root/workspace/stock_realtime_v021_full/bootstrap/ashare_fetch_and_train_xgb_sell_signal_baostock_state_cache_helper_fix2.py:248: FutureWarning: The behavior of DataFrame concatenation with empty or all-NA entries is deprecated. In a future version, this will no longer exclude empty or all-NA columns when determining the result dtypes. To retain the old behavior, exclude the relevant entries before the concat operation.
  merged = _normalize_intraday_df(pd.concat([df_old, df_new], axis=0, ignore_index=True))
/root/workspace/stock_realtime_v021_full/bootstrap/ashare_fetch_and_train_xgb_sell_signal_baostock_state_cache_helper_fix2.py:254: FutureWarning: The behavior of DataFrame concatenation with empty or all-NA entries is deprecated. In a future version, this will no longer exclude empty or all-NA columns when determining the result dtypes. To retain the old behavior, exclude the relevant entries before the concat operation.
  merged = _normalize_bench_df(pd.concat([df_old, df_new], axis=0, ignore_index=True))
/root/workspace/stock_realtime_v021_full/bootstrap/ashare_fetch_and_train_xgb_sell_signal_baostock_state_cache_helper_fix2.py:250: FutureWarning: The behavior of DataFrame concatenation with empty or all-NA entries is deprecated. In a future version, this will no longer exclude empty or all-NA columns when determining the result dtypes. To retain the old behavior, exclude the relevant entries before the concat operation.
  merged = _normalize_daily_feature_df(pd.concat([df_old, df_new], axis=0, ignore_index=True))
/root/workspace/stock_realtime_v021_full/bootstrap/ashare_fetch_and_train_xgb_sell_signal_baostock_state_cache_helper_fix2.py:252: FutureWarning: The behavior of DataFrame concatenation with empty or all-NA entries is deprecated. In a future version, this will no longer exclude empty or all-NA columns when determining the result dtypes. To retain the old behavior, exclude the relevant entries before the concat operation.
  merged = _normalize_intraday_feature_df(pd.concat([df_old, df_new], axis=0, ignore_index=True))
login success!
logout success!
login success!
logout success!
login success!
logout success!
{
  "mode": "update_data",
  "symbol": "002270",
  "data_source": "baostock",
  "daily_rows": 2022,
  "intraday_rows": 73200,
  "daily_min": "2018-01-02 00:00:00",
  "daily_max": "2026-05-08 00:00:00",
  "intraday_min": "2020-01-02 09:35:00",
  "intraday_max": "2026-05-08 15:00:00",
  "base_paths": {
    "daily_csv": "/root/workspace/stock_realtime_v021_full/saved_data/002270_pipeline_out/00_base/002270_daily.csv",
    "intraday_csv": "/root/workspace/stock_realtime_v021_full/saved_data/002270_pipeline_out/00_base/002270_5m.csv",
    "benchmark_csv": "/root/workspace/stock_realtime_v021_full/saved_data/002270_pipeline_out/00_base/000300_benchmark_daily.csv",
    "raw_daily_cache_csv": "/root/workspace/stock_realtime_v021_full/saved_data/002270_pipeline_out/00_base/raw_cache/002270_daily_raw.csv",
    "raw_intraday_cache_csv": "/root/workspace/stock_realtime_v021_full/saved_data/002270_pipeline_out/00_base/raw_cache/002270_5m_raw.csv",
    "raw_benchmark_cache_csv": "/root/workspace/stock_realtime_v021_full/saved_data/002270_pipeline_out/00_base/raw_cache/000300_benchmark_daily_raw.csv",
    "daily_features_csv": "/root/workspace/stock_realtime_v021_full/saved_data/002270_pipeline_out/00_base/daily_features.csv",
    "intraday_features_csv": "/root/workspace/stock_realtime_v021_full/saved_data/002270_pipeline_out/00_base/intraday_features.csv",
    "daily_features_cache_csv": "/root/workspace/stock_realtime_v021_full/saved_data/002270_pipeline_out/00_base/feature_cache/daily_features_cache.csv",
    "intraday_features_cache_csv": "/root/workspace/stock_realtime_v021_full/saved_data/002270_pipeline_out/00_base/feature_cache/intraday_features_cache.csv",
    "feature_state_json": "/root/workspace/stock_realtime_v021_full/saved_data/002270_pipeline_out/00_base/feature_cache/feature_state.json"
  },
  "fetch_logs": {
    "symbol": "002270",
    "benchmark_symbol": "000300",
    "daily_start": "2018-01-01",
    "daily_end": "2026-05-11",
    "intraday_start": "2018-01-01 09:30:00",
    "intraday_end": "2026-05-11 15:00:00",
    "perf_start": "2018-01-01",
    "data_source": "baostock",
    "cache_mode": "incremental",
    "force_refresh": false,
    "raw_cache_dir": "/root/workspace/stock_realtime_v021_full/saved_data/002270_pipeline_out/00_base/raw_cache",
    "feature_cache_dir": "/root/workspace/stock_realtime_v021_full/saved_data/002270_pipeline_out/00_base/feature_cache",
    "feature_cache_mode": "incremental",
    "daily": {
      "cache_path": "/root/workspace/stock_realtime_v021_full/saved_data/002270_pipeline_out/00_base/raw_cache/002270_daily_raw.csv",
      "requested_start": "2018-01-01",
      "requested_end": "2026-05-11",
      "mode": "initial_fetch",
      "fetch_segments": [
        {
          "provider": "baostock",
          "code": "sz.002270",
          "adjustflag": "2",
          "rows": 2022,
          "start": "2018-01-01",
          "end": "2026-05-11"
        }
      ],
      "cache_after": {
        "rows": 2022,
        "min": "2018-01-02 00:00:00",
        "max": "2026-05-08 00:00:00"
      }
    },
    "intraday_5m": {
      "cache_path": "/root/workspace/stock_realtime_v021_full/saved_data/002270_pipeline_out/00_base/raw_cache/002270_5m_raw.csv",
      "requested_start": "2018-01-01 09:30:00",
      "requested_end": "2026-05-11 15:00:00",
      "mode": "initial_fetch",
      "fetch_segments": [
        {
          "provider": "baostock",
          "code": "sz.002270",
          "adjustflag": "2",
          "requested_start": "2018-01-01 09:30:00",
          "effective_start": "2018-01-01 09:30:00",
          "requested_end": "2026-05-11 15:00:00",
          "rows": 73200
        }
      ],
      "cache_after": {
        "rows": 73200,
        "min": "2020-01-02 09:35:00",
        "max": "2026-05-08 15:00:00"
      }
    },
    "benchmark_daily": {
      "cache_path": "/root/workspace/stock_realtime_v021_full/saved_data/002270_pipeline_out/00_base/raw_cache/000300_benchmark_daily_raw.csv",
      "requested_start": "2018-01-01",
      "requested_end": "2026-05-11",
      "mode": "initial_fetch",
      "fetch_segments": [
        {
          "provider": "baostock",
          "code": "sh.000300",
          "rows": 2022,
          "start": "2018-01-01",
          "end": "2026-05-11"
        }
      ],
      "cache_after": {
        "rows": 2022,
        "min": "2018-01-02 00:00:00",
        "max": "2026-05-08 00:00:00"
      }
    },
    "feature_build": {
      "mode": "full_rebuild",
      "reason": "feature_cache_missing",
      "daily_cache_after": {
        "rows": 2022,
        "min": "2018-01-02 00:00:00",
        "max": "2026-05-08 00:00:00"
      },
      "intraday_cache_after": {
        "rows": 73200,
        "min": "2020-01-02 09:35:00",
        "max": "2026-05-08 15:00:00"
      },
      "daily_context_days": 260,
      "intraday_context_days": 40,
      "daily_appended_rows": 2022,
      "intraday_appended_rows": 73200
    },
    "feature_state": {
      "daily_feature_max": "2026-05-08 00:00:00",
      "intraday_feature_max": "2026-05-08 15:00:00",
      "daily_context_days": 260,
      "intraday_context_days": 40,
      "feature_build_mode": "full_rebuild"
    }
  }
}

[2026-05-11T03:01:28] RUN samples
  /usr/bin/python3 feature_building/build_nextday_samples_from_baostock.py --daily-features /root/workspace/stock_realtime_v021_full/saved_data/002270_pipeline_out/00_base/daily_features.csv --intraday-bars /root/workspace/stock_realtime_v021_full/saved_data/002270_pipeline_out/00_base/002270_5m.csv --out-dir /root/workspace/stock_realtime_v021_full/saved_data/002270_pipeline_out/01_samples --min-bars 40 --keep-unlabeled-tail
{
  "rows": 1525,
  "date_min": "2020-01-02",
  "date_max": "2026-05-08",
  "out": "/root/workspace/stock_realtime_v021_full/saved_data/002270_pipeline_out/01_samples/training_samples.csv"
}

[2026-05-11T03:01:29] RUN fundamental
  /usr/bin/python3 feature_building/build_fundamental_features.py --symbol 002270.SZ --daily-samples /root/workspace/stock_realtime_v021_full/saved_data/002270_pipeline_out/01_samples/training_samples.csv --out-dir /root/workspace/stock_realtime_v021_full/saved_data/002270_pipeline_out/02_fundamental --start-date 2018-01-01 --end-date 2026-05-11 --fallback-lag-days 120
login success!
logout success!
{
  "rows": 1525,
  "date_min": "2020-01-02",
  "date_max": "2026-05-08",
  "source_errors": [],
  "top_missing_rates": {
    "ak_fund_小单净流入-净额_sum10": 0.9239344262295082,
    "ak_fund_主力净流入-净额_sum10": 0.9239344262295082,
    "ak_fund_主力净流入-净占比_sum10": 0.9239344262295082,
    "ak_fund_涨跌幅_sum10": 0.9239344262295082,
    "ak_fund_收盘价_sum10": 0.9239344262295082,
    "ak_fund_中单净流入-净额_sum10": 0.9239344262295082,
    "ak_fund_中单净流入-净占比_sum10": 0.9239344262295082,
    "ak_fund_小单净流入-净占比_sum10": 0.9239344262295082,
    "ak_fund_超大单净流入-净额_sum10": 0.9239344262295082,
    "ak_fund_大单净流入-净额_sum10": 0.9239344262295082,
    "ak_fund_大单净流入-净占比_sum10": 0.9239344262295082,
    "ak_fund_超大单净流入-净占比_sum10": 0.9239344262295082,
    "ak_fund_涨跌幅_sum5": 0.9226229508196722,
    "ak_fund_主力净流入-净占比_sum5": 0.9226229508196722,
    "ak_fund_主力净流入-净额_sum5": 0.9226229508196722,
    "ak_fund_收盘价_sum5": 0.9226229508196722,
    "ak_fund_超大单净流入-净占比_sum5": 0.9226229508196722,
    "ak_fund_中单净流入-净占比_sum5": 0.9226229508196722,
    "ak_fund_中单净流入-净额_sum5": 0.9226229508196722,
    "ak_fund_小单净流入-净额_sum5": 0.9226229508196722,
    "ak_fund_小单净流入-净占比_sum5": 0.9226229508196722,
    "ak_fund_大单净流入-净占比_sum5": 0.9226229508196722,
    "ak_fund_大单净流入-净额_sum5": 0.9226229508196722,
    "ak_fund_超大单净流入-净额_sum5": 0.9226229508196722,
    "ak_fund_大单净流入-净额": 0.921311475409836,
    "ak_fund_超大单净流入-净占比": 0.921311475409836,
    "ak_fund_超大单净流入-净额": 0.921311475409836,
    "ak_fund_收盘价": 0.921311475409836,
    "ak_fund_涨跌幅": 0.921311475409836,
    "ak_fund_中单净流入-净额": 0.921311475409836
  },
  "valuation_non_null": {
    "peTTM": 1525,
    "pbMRQ": 1525,
    "psTTM": 1525,
    "pcfNcfTTM": 1525
  },
  "future_effective_date_violations": 0,
  "rows_with_quarterly": 1525,
  "sample_rows": 1525,
  "quarterly_raw_rows": 37,
  "quarterly_used_pubDate_rows": 37,
  "quarterly_fallback_rows": 0,
  "elapsed_seconds": 26.172,
  "symbol": "002270",
  "baostock_code": "sz.002270",
  "valuation_rows": 2022,
  "fund_flow_rows": 120,
  "feature_columns": 125,
  "merged_columns": 194,
  "outputs": {
    "daily_valuation": "/root/workspace/stock_realtime_v021_full/saved_data/002270_pipeline_out/02_fundamental/baostock_daily_valuation.csv",
    "quarterly_fundamentals": "/root/workspace/stock_realtime_v021_full/saved_data/002270_pipeline_out/02_fundamental/baostock_quarterly_fundamentals_pit.csv",
    "fundamental_features": "/root/workspace/stock_realtime_v021_full/saved_data/002270_pipeline_out/02_fundamental/fundamental_features.csv",
    "merged_samples": "/root/workspace/stock_realtime_v021_full/saved_data/002270_pipeline_out/02_fundamental/training_samples_with_fundamentals.csv"
  }
}

[2026-05-11T03:01:56] RUN sector
  /usr/bin/python3 feature_building/build_sector_features.py --samples /root/workspace/stock_realtime_v021_full/saved_data/002270_pipeline_out/02_fundamental/training_samples_with_fundamentals.csv --out-dir /root/workspace/stock_realtime_v021_full/saved_data/002270_pipeline_out/03_sector --sector-symbol '电网设备' --start-date 2018-01-01 --end-date 2026-05-11

  0%|          | 0/9 [00:00<?, ?it/s]
 11%|█         | 1/9 [00:00<00:02,  3.77it/s]
 22%|██▏       | 2/9 [00:00<00:01,  3.97it/s]
 33%|███▎      | 3/9 [00:00<00:01,  4.05it/s]
 44%|████▍     | 4/9 [00:01<00:01,  3.97it/s]
 56%|█████▌    | 5/9 [00:01<00:01,  3.96it/s]
 67%|██████▋   | 6/9 [00:01<00:00,  3.96it/s]
 78%|███████▊  | 7/9 [00:01<00:00,  3.98it/s]
 89%|████████▉ | 8/9 [00:01<00:00,  4.08it/s]
100%|██████████| 9/9 [00:02<00:00,  4.21it/s]
                                             
{
  "sector_symbol": "电网设备",
  "sector_rows": 2022,
  "sector_date_min": "2018-01-02",
  "sector_date_max": "2026-05-08",
  "sample_rows": 1525,
  "merged_rows": 1525,
  "sector_feature_cols": 23,
  "top_missing": {
    "sector_ret60": 0.03934426229508197,
    "sector_ma60_gap": 0.019672131147540985,
    "stock_vs_sector_ret20": 0.013114754098360656,
    "sector_ret20": 0.013114754098360656,
    "sector_vol20": 0.007213114754098361,
    "sector_ma20_gap": 0.006557377049180328,
    "sector_range_z20": 0.006557377049180328,
    "sector_volume_shock20": 0.006557377049180328,
    "sector_amount_z20": 0.006557377049180328,
    "sector_volume_z20": 0.006557377049180328,
    "sector_amount_shock20": 0.006557377049180328,
    "sector_ret5": 0.003278688524590164,
    "stock_vs_sector_ret5": 0.003278688524590164,
    "sector_vs_bench_ret5": 0.003278688524590164,
    "stock_vs_sector_ret1": 0.0006557377049180328,
    "sector_ret1": 0.0006557377049180328,
    "sector_amount": 0.0,
    "sector_volume": 0.0,
    "sector_close": 0.0,
    "sector_low": 0.0
  },
  "outputs": {
    "sector_index": "/root/workspace/stock_realtime_v021_full/saved_data/002270_pipeline_out/03_sector/sector_index_ths.csv",
    "sector_features": "/root/workspace/stock_realtime_v021_full/saved_data/002270_pipeline_out/03_sector/sector_features.csv",
    "merged_samples": "/root/workspace/stock_realtime_v021_full/saved_data/002270_pipeline_out/03_sector/training_samples_with_sector.csv"
  }
}
[INFO] final samples for search: /root/workspace/stock_realtime_v021_full/saved_data/002270_pipeline_out/03_sector/training_samples_with_sector.csv

[2026-05-11T03:02:01] RUN search_vwap_low_hit_50bps
  /usr/bin/python3 model_training/search_walk_forward_model_complexity.py --samples /root/workspace/stock_realtime_v021_full/saved_data/002270_pipeline_out/03_sector/training_samples_with_sector.csv --intraday-bars /root/workspace/stock_realtime_v021_full/saved_data/002270_pipeline_out/00_base/002270_5m.csv --out-dir /root/workspace/stock_realtime_v021_full/saved_data/002270_pipeline_out/10_search/search_vwap_low_hit_50bps --round-trip-cost-bps 1.7 --target-hit-bps 50.0 --label-mode hit --entry-policy vwap_low --entry-vwap-premium-bps 50.0 --max-missing 0.35 --groups reversal_fundamental_regime,reversal_fundamental_regime_sector,all_no_ak --models xgb_d2_200_lr003_mcw5,xgb_d3_400_lr003_mcw3,xgb_d3_600_lr002_mcw3,xgb_d4_500_lr002_mcw5,lgbm_leaves7_400,lgbm_leaves15_700,extra_trees_600_d3,random_forest_600_d4 --quantiles 0.5,0.6,0.7,0.8 --train-rows 756 --valid-rows 126 --test-rows 63 --min-valid-trades 8 --min-train-entries 80
{
  "rows": 1524,
  "target_hit_bps": 50.0,
  "label_mode": "hit",
  "entry_policy": "vwap_low",
  "entry_vwap_premium_bps": 50.0,
  "groups": {
    "reversal_fundamental_regime": 135,
    "reversal_fundamental_regime_sector": 158,
    "all_no_ak": 213
  },
  "models": [
    "xgb_d2_200_lr003_mcw5",
    "xgb_d3_400_lr003_mcw3",
    "xgb_d3_600_lr002_mcw3",
    "xgb_d4_500_lr002_mcw5",
    "extra_trees_600_d3",
    "random_forest_600_d4",
    "lgbm_leaves7_400",
    "lgbm_leaves15_700"
  ],
  "top": [
    {
      "entry_policy": "vwap_low",
      "feature_group": "all_no_ak",
      "model_name": "lgbm_leaves15_700",
      "target_hit_bps": 50.0,
      "trades": 239,
      "win_rate": 0.8284518828451883,
      "avg_return": 0.00013711005458776881,
      "median_return": 0.005,
      "compound_return": 0.012136417695939095,
      "max_drawdown": -0.1391316840301846,
      "profit_factor": 1.0346727450656983,
      "windows": 10
    },
    {
      "entry_policy": "vwap_low",
      "feature_group": "reversal_fundamental_regime",
      "model_name": "xgb_d2_200_lr003_mcw5",
      "target_hit_bps": 50.0,
      "trades": 248,
      "win_rate": 0.8225806451612904,
      "avg_return": 3.4494809388985134e-05,
      "median_return": 0.005,
      "compound_return": -0.012663495208207087,
      "max_drawdown": -0.12823344450116358,
      "profit_factor": 1.0084821849566998,
      "windows": 10
    },
    {
      "entry_policy": "vwap_low",
      "feature_group": "reversal_fundamental_regime_sector",
      "model_name": "xgb_d3_400_lr003_mcw3",
      "target_hit_bps": 50.0,
      "trades": 182,
      "win_rate": 0.8296703296703297,
      "avg_return": -5.8556361601492543e-05,
      "median_return": 0.005,
      "compound_return": -0.026758213677383624,
      "max_drawdown": -0.12203127742659137,
      "profit_factor": 0.9859970890952332,
      "windows": 10
    },
    {
      "entry_policy": "vwap_low",
      "feature_group": "reversal_fundamental_regime",
      "model_name": "xgb_d3_600_lr002_mcw3",
      "target_hit_bps": 50.0,
      "trades": 247,
      "win_rate": 0.8218623481781376,
      "avg_return": -0.00029235059734456127,
      "median_return": 0.005,
      "compound_return": -0.09227842868902336,
      "max_drawdown": -0.19036803137627234,
      "profit_factor": 0.9333012735663915,
      "windows": 10
    },
    {
      "entry_policy": "vwap_low",
      "feature_group": "reversal_fundamental_regime_sector",
      "model_name": "xgb_d4_500_lr002_mcw5",
      "target_hit_bps": 50.0,
      "trades": 214,
      "win_rate": 0.8084112149532711,
      "avg_return": -0.0004783541900531824,
      "median_return": 0.005,
      "compound_return": -0.11459177139731536,
      "max_drawdown": -0.2188217017849189,
      "profit_factor": 0.8938614299764195,
      "windows": 10
    },
    {
      "entry_policy": "vwap_low",
      "feature_group": "reversal_fundamental_regime_sector",
      "model_name": "xgb_d3_600_lr002_mcw3",
      "target_hit_bps": 50.0,
      "trades": 211,
      "win_rate": 0.8056872037914692,
      "avg_return": -0.0006826254342998719,
      "median_return": 0.005,
      "compound_return": -0.15203309278007293,
      "max_drawdown": -0.2181788843193243,
      "profit_factor": 0.8540033239166495,
      "windows": 10
    },
    {
      "entry_policy": "vwap_low",
      "feature_group": "reversal_fundamental_regime_sector",
      "model_name": "lgbm_leaves15_700",
      "target_hit_bps": 50.0,
      "trades": 227,
      "win_rate": 0.8105726872246696,
      "avg_return": -0.0006397360080756416,
      "median_return": 0.005,
      "compound_return": -0.1564984392479033,
      "max_drawdown": -0.21696186700628872,
      "profit_factor": 0.8632998178779973,
      "windows": 10
    },
    {
      "entry_policy": "vwap_low",
      "feature_group": "reversal_fundamental_regime_sector",
      "model_name": "xgb_d2_200_lr003_mcw5",
      "target_hit_bps": 50.0,
      "trades": 276,
      "win_rate": 0.8297101449275363,
      "avg_return": -0.0005340543046464922,
      "median_return": 0.005,
      "compound_return": -0.16330983934289534,
      "max_drawdown": -0.22009477424028467,
      "profit_factor": 0.8856932947216866,
      "windows": 10
    },
    {
      "entry_policy": "vwap_low",
      "feature_group": "all_no_ak",
      "model_name": "lgbm_leaves7_400",
      "target_hit_bps": 50.0,
      "trades": 238,
      "win_rate": 0.8067226890756303,
      "avg_return": -0.0007759406381121846,
      "median_return": 0.005,
      "compound_return": -0.18995789583897515,
      "max_drawdown": -0.2713450273355952,
      "profit_factor": 0.8380071912531204,
      "windows": 10
    },
    {
      "entry_policy": "vwap_low",
      "feature_group": "all_no_ak",
      "model_name": "xgb_d4_500_lr002_mcw5",
      "target_hit_bps": 50.0,
      "trades": 214,
      "win_rate": 0.8084112149532711,
      "avg_return": -0.0009258785516050184,
      "median_return": 0.005,
      "compound_return": -0.19872611234976167,
      "max_drawdown": -0.2379628410714355,
      "profit_factor": 0.8123108427040097,
      "windows": 10
    },
    {
      "entry_policy": "vwap_low",
      "feature_group": "all_no_ak",
      "model_name": "xgb_d2_200_lr003_mcw5",
      "target_hit_bps": 50.0,
      "trades": 240,
      "win_rate": 0.8208333333333333,
      "avg_return": -0.000842356192141078,
      "median_return": 0.005,
      "compound_return": -0.20640346427392942,
      "max_drawdown": -0.27508003235465295,
      "profit_factor": 0.8292911669444225,
      "windows": 10
    },
    {
      "entry_policy": "vwap_low",
      "feature_group": "all_no_ak",
      "model_name": "random_forest_600_d4",
      "target_hit_bps": 50.0,
      "trades": 185,
      "win_rate": 0.8216216216216217,
      "avg_return": -0.0011539659869554144,
      "median_return": 0.005,
      "compound_return": -0.21142970056513,
      "max_drawdown": -0.2341677413151435,
      "profit_factor": 0.7807013040660187,
      "windows": 10
    },
    {
      "entry_policy": "vwap_low",
      "feature_group": "all_no_ak",
      "model_name": "xgb_d3_400_lr003_mcw3",
      "target_hit_bps": 50.0,
      "trades": 177,
      "win_rate": 0.8022598870056498,
      "avg_return": -0.0012370510261477887,
      "median_return": 0.005,
      "compound_return": -0.2132431683080821,
      "max_drawdown": -0.2561583264982005,
      "profit_factor": 0.7623872460445831,
      "windows": 10
    },
    {
      "entry_policy": "vwap_low",
      "feature_group": "reversal_fundamental_regime_sector",
      "model_name": "extra_trees_600_d3",
      "target_hit_bps": 50.0,
      "trades": 246,
      "win_rate": 0.8130081300813008,
      "avg_return": -0.0008791281642262425,
      "median_return": 0.005,
      "compound_return": -0.21709772177915654,
      "max_drawdown": -0.37627070265707685,
      "profit_factor": 0.8203979755160705,
      "windows": 10
    },
    {
      "entry_policy": "vwap_low",
      "feature_group": "reversal_fundamental_regime",
      "model_name": "xgb_d4_500_lr002_mcw5",
      "target_hit_bps": 50.0,
      "trades": 271,
      "win_rate": 0.8118081180811808,
      "avg_return": -0.0008248478244240651,
      "median_return": 0.005,
      "compound_return": -0.22555306271242892,
      "max_drawdown": -0.3175774609427984,
      "profit_factor": 0.8301501412426413,
      "windows": 10
    },
    {
      "entry_policy": "vwap_low",
      "feature_group": "reversal_fundamental_regime",
      "model_name": "xgb_d3_400_lr003_mcw3",
      "target_hit_bps": 50.0,
      "trades": 245,
      "win_rate": 0.8081632653061225,
      "avg_return": -0.0009526476972972994,
      "median_return": 0.005,
      "compound_return": -0.23276058511611752,
      "max_drawdown": -0.30490639128095454,
      "profit_factor": 0.8092210752392656,
      "windows": 10
    },
    {
      "entry_policy": "vwap_low",
      "feature_group": "reversal_fundamental_regime",
      "model_name": "lgbm_leaves7_400",
      "target_hit_bps": 50.0,
      "trades": 227,
      "win_rate": 0.8105726872246696,
      "avg_return": -0.0010538237796508582,
      "median_return": 0.005,
      "compound_return": -0.23472349088652822,
      "max_drawdown": -0.27170978877011365,
      "profit_factor": 0.7936384714545138,
      "windows": 10
    },
    {
      "entry_policy": "vwap_low",
      "feature_group": "reversal_fundamental_regime",
      "model_name": "lgbm_leaves15_700",
      "target_hit_bps": 50.0,
      "trades": 240,
      "win_rate": 0.8,
      "avg_return": -0.0012046696926188924,
      "median_return": 0.005,
      "compound_return": -0.273432794484022,
      "max_drawdown": -0.3721944828418656,
      "profit_factor": 0.7676736803868242,
      "windows": 10
    },
    {
      "entry_policy": "vwap_low",
      "feature_group": "reversal_fundamental_regime_sector",
      "model_name": "random_forest_600_d4",
      "target_hit_bps": 50.0,
      "trades": 259,
      "win_rate": 0.8108108108108109,
      "avg_return": -0.0012165117659855185,
      "median_return": 0.005,
      "compound_return": -0.2934662782280494,
      "max_drawdown": -0.3559344454953973,
      "profit_factor": 0.7691876342080507,
      "windows": 10
    },
    {
      "entry_policy": "vwap_low",
      "feature_group": "reversal_fundamental_regime_sector",
      "model_name": "lgbm_leaves7_400",
      "target_hit_bps": 50.0,
      "trades": 226,
      "win_rate": 0.7964601769911505,
      "avg_return": -0.0014421467579551117,
      "median_return": 0.005,
      "compound_return": -0.29841993293273594,
      "max_drawdown": -0.33219191102407497,
      "profit_factor": 0.7341394271101809,
      "windows": 10
    }
  ]
}

[2026-05-11T03:09:22] RUN search_vwap_low_hit_80bps
  /usr/bin/python3 model_training/search_walk_forward_model_complexity.py --samples /root/workspace/stock_realtime_v021_full/saved_data/002270_pipeline_out/03_sector/training_samples_with_sector.csv --intraday-bars /root/workspace/stock_realtime_v021_full/saved_data/002270_pipeline_out/00_base/002270_5m.csv --out-dir /root/workspace/stock_realtime_v021_full/saved_data/002270_pipeline_out/10_search/search_vwap_low_hit_80bps --round-trip-cost-bps 1.7 --target-hit-bps 80.0 --label-mode hit --entry-policy vwap_low --entry-vwap-premium-bps 50.0 --max-missing 0.35 --groups reversal_fundamental_regime,reversal_fundamental_regime_sector,all_no_ak --models xgb_d2_200_lr003_mcw5,xgb_d3_400_lr003_mcw3,xgb_d3_600_lr002_mcw3,xgb_d4_500_lr002_mcw5,lgbm_leaves7_400,lgbm_leaves15_700,extra_trees_600_d3,random_forest_600_d4 --quantiles 0.5,0.6,0.7,0.8 --train-rows 756 --valid-rows 126 --test-rows 63 --min-valid-trades 8 --min-train-entries 80
{
  "rows": 1524,
  "target_hit_bps": 80.0,
  "label_mode": "hit",
  "entry_policy": "vwap_low",
  "entry_vwap_premium_bps": 50.0,
  "groups": {
    "reversal_fundamental_regime": 135,
    "reversal_fundamental_regime_sector": 158,
    "all_no_ak": 213
  },
  "models": [
    "xgb_d2_200_lr003_mcw5",
    "xgb_d3_400_lr003_mcw3",
    "xgb_d3_600_lr002_mcw3",
    "xgb_d4_500_lr002_mcw5",
    "extra_trees_600_d3",
    "random_forest_600_d4",
    "lgbm_leaves7_400",
    "lgbm_leaves15_700"
  ],
  "top": [
    {
      "entry_policy": "vwap_low",
      "feature_group": "reversal_fundamental_regime_sector",
      "model_name": "xgb_d3_400_lr003_mcw3",
      "target_hit_bps": 80.0,
      "trades": 201,
      "win_rate": 0.7164179104477612,
      "avg_return": 0.0001768536214642277,
      "median_return": 0.008,
      "compound_return": 0.013168798170947627,
      "max_drawdown": -0.14622196737874116,
      "profit_factor": 1.0320415851513536,
      "windows": 10
    },
    {
      "entry_policy": "vwap_low",
      "feature_group": "reversal_fundamental_regime_sector",
      "model_name": "xgb_d3_600_lr002_mcw3",
      "target_hit_bps": 80.0,
      "trades": 232,
      "win_rate": 0.7155172413793104,
      "avg_return": -2.7551611693744508e-06,
      "median_return": 0.008,
      "compound_return": -0.025554094587030507,
      "max_drawdown": -0.15821002786457095,
      "profit_factor": 0.9995073136237094,
      "windows": 10
    },
    {
      "entry_policy": "vwap_low",
      "feature_group": "all_no_ak",
      "model_name": "xgb_d4_500_lr002_mcw5",
      "target_hit_bps": 80.0,
      "trades": 254,
      "win_rate": 0.7125984251968503,
      "avg_return": -4.261521162282841e-05,
      "median_return": 0.008,
      "compound_return": -0.039753194159550365,
      "max_drawdown": -0.2653169812725963,
      "profit_factor": 0.9923951069376068,
      "windows": 10
    },
    {
      "entry_policy": "vwap_low",
      "feature_group": "all_no_ak",
      "model_name": "xgb_d3_600_lr002_mcw3",
      "target_hit_bps": 80.0,
      "trades": 249,
      "win_rate": 0.714859437751004,
      "avg_return": -0.00019715723218467228,
      "median_return": 0.008,
      "compound_return": -0.07677069798524871,
      "max_drawdown": -0.2641114369216322,
      "profit_factor": 0.9659945366380738,
      "windows": 10
    },
    {
      "entry_policy": "vwap_low",
      "feature_group": "all_no_ak",
      "model_name": "lgbm_leaves7_400",
      "target_hit_bps": 80.0,
      "trades": 214,
      "win_rate": 0.7289719626168224,
      "avg_return": -0.00038895100887732494,
      "median_return": 0.008,
      "compound_return": -0.10607623302106062,
      "max_drawdown": -0.26071426227384875,
      "profit_factor": 0.936416475764772,
      "windows": 10
    },
    {
      "entry_policy": "vwap_low",
      "feature_group": "all_no_ak",
      "model_name": "xgb_d2_200_lr003_mcw5",
      "target_hit_bps": 80.0,
      "trades": 256,
      "win_rate": 0.72265625,
      "avg_return": -0.0004120934138509217,
      "median_return": 0.008,
      "compound_return": -0.13101588032782652,
      "max_drawdown": -0.2280251053688176,
      "profit_factor": 0.932106335430988,
      "windows": 10
    },
    {
      "entry_policy": "vwap_low",
      "feature_group": "reversal_fundamental_regime",
      "model_name": "lgbm_leaves15_700",
      "target_hit_bps": 80.0,
      "trades": 225,
      "win_rate": 0.7111111111111111,
      "avg_return": -0.0005027560650630952,
      "median_return": 0.008,
      "compound_return": -0.13363197804543547,
      "max_drawdown": -0.27101991447061646,
      "profit_factor": 0.9172989395751598,
      "windows": 10
    },
    {
      "entry_policy": "vwap_low",
      "feature_group": "all_no_ak",
      "model_name": "xgb_d3_400_lr003_mcw3",
      "target_hit_bps": 80.0,
      "trades": 244,
      "win_rate": 0.7008196721311475,
      "avg_return": -0.0005021498432896174,
      "median_return": 0.008,
      "compound_return": -0.14214704277757462,
      "max_drawdown": -0.24992564794663163,
      "profit_factor": 0.9164587787809433,
      "windows": 10
    },
    {
      "entry_policy": "vwap_low",
      "feature_group": "reversal_fundamental_regime_sector",
      "model_name": "xgb_d4_500_lr002_mcw5",
      "target_hit_bps": 80.0,
      "trades": 235,
      "win_rate": 0.7063829787234043,
      "avg_return": -0.0005441283937093334,
      "median_return": 0.008,
      "compound_return": -0.1463696311673225,
      "max_drawdown": -0.25229554987334846,
      "profit_factor": 0.910183279968685,
      "windows": 10
    },
    {
      "entry_policy": "vwap_low",
      "feature_group": "reversal_fundamental_regime_sector",
      "model_name": "extra_trees_600_d3",
      "target_hit_bps": 80.0,
      "trades": 277,
      "win_rate": 0.7292418772563177,
      "avg_return": -0.0004395864124927142,
      "median_return": 0.008,
      "compound_return": -0.14655397576755202,
      "max_drawdown": -0.2769120130766197,
      "profit_factor": 0.927310007587181,
      "windows": 10
    },
    {
      "entry_policy": "vwap_low",
      "feature_group": "reversal_fundamental_regime_sector",
      "model_name": "xgb_d2_200_lr003_mcw5",
      "target_hit_bps": 80.0,
      "trades": 226,
      "win_rate": 0.7035398230088495,
      "avg_return": -0.0006405250151304202,
      "median_return": 0.008,
      "compound_return": -0.15795650408641582,
      "max_drawdown": -0.2170890480921317,
      "profit_factor": 0.8948746659371143,
      "windows": 10
    },
    {
      "entry_policy": "vwap_low",
      "feature_group": "all_no_ak",
      "model_name": "lgbm_leaves15_700",
      "target_hit_bps": 80.0,
      "trades": 259,
      "win_rate": 0.7027027027027027,
      "avg_return": -0.0005507487284874744,
      "median_return": 0.008,
      "compound_return": -0.16221207792396897,
      "max_drawdown": -0.28162850887710156,
      "profit_factor": 0.9086103886770315,
      "windows": 10
    },
    {
      "entry_policy": "vwap_low",
      "feature_group": "reversal_fundamental_regime",
      "model_name": "lgbm_leaves7_400",
      "target_hit_bps": 80.0,
      "trades": 239,
      "win_rate": 0.7154811715481172,
      "avg_return": -0.0006556774074439235,
      "median_return": 0.008,
      "compound_return": -0.17769613302279952,
      "max_drawdown": -0.28228409094070706,
      "profit_factor": 0.8960114781703002,
      "windows": 10
    },
    {
      "entry_policy": "vwap_low",
      "feature_group": "all_no_ak",
      "model_name": "extra_trees_600_d3",
      "target_hit_bps": 80.0,
      "trades": 275,
      "win_rate": 0.730909090909091,
      "avg_return": -0.0005912072029147559,
      "median_return": 0.008,
      "compound_return": -0.1820263155972891,
      "max_drawdown": -0.2971226823463393,
      "profit_factor": 0.9048101990117942,
      "windows": 10
    },
    {
      "entry_policy": "vwap_low",
      "feature_group": "reversal_fundamental_regime",
      "model_name": "xgb_d4_500_lr002_mcw5",
      "target_hit_bps": 80.0,
      "trades": 188,
      "win_rate": 0.7393617021276596,
      "avg_return": -0.0008985288755774513,
      "median_return": 0.008,
      "compound_return": -0.18462332367233958,
      "max_drawdown": -0.3173903760338177,
      "profit_factor": 0.8653784383047123,
      "windows": 10
    },
    {
      "entry_policy": "vwap_low",
      "feature_group": "reversal_fundamental_regime",
      "model_name": "xgb_d3_400_lr003_mcw3",
      "target_hit_bps": 80.0,
      "trades": 203,
      "win_rate": 0.7339901477832512,
      "avg_return": -0.0009071585366167194,
      "median_return": 0.008,
      "compound_return": -0.19823885025827548,
      "max_drawdown": -0.32669616558648806,
      "profit_factor": 0.8639401387704309,
      "windows": 10
    },
    {
      "entry_policy": "vwap_low",
      "feature_group": "reversal_fundamental_regime_sector",
      "model_name": "lgbm_leaves7_400",
      "target_hit_bps": 80.0,
      "trades": 268,
      "win_rate": 0.6977611940298507,
      "avg_return": -0.0007550660522278928,
      "median_return": 0.008,
      "compound_return": -0.21339880341248585,
      "max_drawdown": -0.3388132140453264,
      "profit_factor": 0.8795816427345338,
      "windows": 10
    },
    {
      "entry_policy": "vwap_low",
      "feature_group": "reversal_fundamental_regime",
      "model_name": "random_forest_600_d4",
      "target_hit_bps": 80.0,
      "trades": 244,
      "win_rate": 0.7377049180327869,
      "avg_return": -0.0008409572392589308,
      "median_return": 0.008,
      "compound_return": -0.2190510618655751,
      "max_drawdown": -0.33602034298328054,
      "profit_factor": 0.8728837454791821,
      "windows": 10
    },
    {
      "entry_policy": "vwap_low",
      "feature_group": "reversal_fundamental_regime",
      "model_name": "xgb_d3_600_lr002_mcw3",
      "target_hit_bps": 80.0,
      "trades": 211,
      "win_rate": 0.7203791469194313,
      "avg_return": -0.0012221583594984266,
      "median_return": 0.008,
      "compound_return": -0.25641065326532453,
      "max_drawdown": -0.3855827434215313,
      "profit_factor": 0.8219938822359575,
      "windows": 10
    },
    {
      "entry_policy": "vwap_low",
      "feature_group": "reversal_fundamental_regime_sector",
      "model_name": "lgbm_leaves15_700",
      "target_hit_bps": 80.0,
      "trades": 240,
      "win_rate": 0.6791666666666667,
      "avg_return": -0.0011109356268974887,
      "median_return": 0.008,
      "compound_return": -0.2581483276744837,
      "max_drawdown": -0.3287533149108348,
      "profit_factor": 0.8286823344026096,
      "windows": 10
    }
  ]
}

[2026-05-11T03:17:35] RUN search_vwap_low_close_profit_50bps
  /usr/bin/python3 model_training/search_walk_forward_model_complexity.py --samples /root/workspace/stock_realtime_v021_full/saved_data/002270_pipeline_out/03_sector/training_samples_with_sector.csv --intraday-bars /root/workspace/stock_realtime_v021_full/saved_data/002270_pipeline_out/00_base/002270_5m.csv --out-dir /root/workspace/stock_realtime_v021_full/saved_data/002270_pipeline_out/10_search/search_vwap_low_close_profit_50bps --round-trip-cost-bps 1.7 --target-hit-bps 50.0 --label-mode close_profit --entry-policy vwap_low --entry-vwap-premium-bps 50.0 --max-missing 0.35 --groups reversal_fundamental_regime,reversal_fundamental_regime_sector,all_no_ak --models xgb_d2_200_lr003_mcw5,xgb_d3_400_lr003_mcw3,xgb_d3_600_lr002_mcw3,xgb_d4_500_lr002_mcw5,lgbm_leaves7_400,lgbm_leaves15_700,extra_trees_600_d3,random_forest_600_d4 --quantiles 0.5,0.6,0.7,0.8 --train-rows 756 --valid-rows 126 --test-rows 63 --min-valid-trades 8 --min-train-entries 80
{
  "rows": 1524,
  "target_hit_bps": 50.0,
  "label_mode": "close_profit",
  "entry_policy": "vwap_low",
  "entry_vwap_premium_bps": 50.0,
  "groups": {
    "reversal_fundamental_regime": 135,
    "reversal_fundamental_regime_sector": 158,
    "all_no_ak": 213
  },
  "models": [
    "xgb_d2_200_lr003_mcw5",
    "xgb_d3_400_lr003_mcw3",
    "xgb_d3_600_lr002_mcw3",
    "xgb_d4_500_lr002_mcw5",
    "extra_trees_600_d3",
    "random_forest_600_d4",
    "lgbm_leaves7_400",
    "lgbm_leaves15_700"
  ],
  "top": [
    {
      "entry_policy": "vwap_low",
      "feature_group": "reversal_fundamental_regime_sector",
      "model_name": "xgb_d3_600_lr002_mcw3",
      "target_hit_bps": 50.0,
      "trades": 286,
      "win_rate": 0.5034965034965035,
      "avg_return": 0.002646996633345692,
      "median_return": 0.0003971847167980637,
      "compound_return": 0.9539838019090032,
      "max_drawdown": -0.2676420125945602,
      "profit_factor": 1.3418496985606077,
      "windows": 10
    },
    {
      "entry_policy": "vwap_low",
      "feature_group": "reversal_fundamental_regime_sector",
      "model_name": "xgb_d3_400_lr003_mcw3",
      "target_hit_bps": 50.0,
      "trades": 244,
      "win_rate": 0.5163934426229508,
      "avg_return": 0.0025833818596294952,
      "median_return": 0.00043523686462032876,
      "compound_return": 0.7505647011060077,
      "max_drawdown": -0.30723057981329516,
      "profit_factor": 1.3487908412361913,
      "windows": 10
    },
    {
      "entry_policy": "vwap_low",
      "feature_group": "reversal_fundamental_regime_sector",
      "model_name": "lgbm_leaves7_400",
      "target_hit_bps": 50.0,
      "trades": 250,
      "win_rate": 0.504,
      "avg_return": 0.0022165034185754363,
      "median_return": 0.0003971847167980637,
      "compound_return": 0.6188438961582168,
      "max_drawdown": -0.27142066547067656,
      "profit_factor": 1.2888442195686731,
      "windows": 10
    },
    {
      "entry_policy": "vwap_low",
      "feature_group": "reversal_fundamental_regime",
      "model_name": "xgb_d3_400_lr003_mcw3",
      "target_hit_bps": 50.0,
      "trades": 246,
      "win_rate": 0.4959349593495935,
      "avg_return": 0.0022661011855290244,
      "median_return": -0.0001696679113880571,
      "compound_return": 0.6057134974932445,
      "max_drawdown": -0.2732092830105495,
      "profit_factor": 1.2724365454299098,
      "windows": 10
    },
    {
      "entry_policy": "vwap_low",
      "feature_group": "all_no_ak",
      "model_name": "xgb_d3_400_lr003_mcw3",
      "target_hit_bps": 50.0,
      "trades": 218,
      "win_rate": 0.5,
      "avg_return": 0.002293149100206783,
      "median_return": 0.00010460526469536006,
      "compound_return": 0.5504436496907228,
      "max_drawdown": -0.2620024977591897,
      "profit_factor": 1.2955775476603486,
      "windows": 10
    },
    {
      "entry_policy": "vwap_low",
      "feature_group": "reversal_fundamental_regime_sector",
      "model_name": "lgbm_leaves15_700",
      "target_hit_bps": 50.0,
      "trades": 243,
      "win_rate": 0.5061728395061729,
      "avg_return": 0.0020124137017915947,
      "median_return": 0.00041582308142929306,
      "compound_return": 0.5123407437163507,
      "max_drawdown": -0.3135389888566569,
      "profit_factor": 1.2486033084315737,
      "windows": 10
    },
    {
      "entry_policy": "vwap_low",
      "feature_group": "all_no_ak",
      "model_name": "random_forest_600_d4",
      "target_hit_bps": 50.0,
      "trades": 184,
      "win_rate": 0.5163043478260869,
      "avg_return": 0.0021922341135506757,
      "median_return": 0.00042246384584155097,
      "compound_return": 0.423074486792246,
      "max_drawdown": -0.3088247566439938,
      "profit_factor": 1.2825252718205147,
      "windows": 10
    },
    {
      "entry_policy": "vwap_low",
      "feature_group": "reversal_fundamental_regime",
      "model_name": "lgbm_leaves15_700",
      "target_hit_bps": 50.0,
      "trades": 178,
      "win_rate": 0.5168539325842697,
      "avg_return": 0.0021415132776767373,
      "median_return": 0.0006099671592775281,
      "compound_return": 0.3906317968687303,
      "max_drawdown": -0.3054706575522307,
      "profit_factor": 1.2826961174860974,
      "windows": 10
    },
    {
      "entry_policy": "vwap_low",
      "feature_group": "reversal_fundamental_regime_sector",
      "model_name": "xgb_d4_500_lr002_mcw5",
      "target_hit_bps": 50.0,
      "trades": 257,
      "win_rate": 0.4980544747081712,
      "avg_return": 0.0015239760163235627,
      "median_return": -0.0001693358227761142,
      "compound_return": 0.3841961297631371,
      "max_drawdown": -0.2795127690523366,
      "profit_factor": 1.203750072440785,
      "windows": 10
    },
    {
      "entry_policy": "vwap_low",
      "feature_group": "all_no_ak",
      "model_name": "xgb_d3_600_lr002_mcw3",
      "target_hit_bps": 50.0,
      "trades": 222,
      "win_rate": 0.4954954954954955,
      "avg_return": 0.0017373515077854604,
      "median_return": -0.0001696679113880571,
      "compound_return": 0.3756564130037048,
      "max_drawdown": -0.2646583921867439,
      "profit_factor": 1.2122987365518656,
      "windows": 10
    },
    {
      "entry_policy": "vwap_low",
      "feature_group": "all_no_ak",
      "model_name": "extra_trees_600_d3",
      "target_hit_bps": 50.0,
      "trades": 159,
      "win_rate": 0.5408805031446541,
      "avg_return": 0.00221602785867933,
      "median_return": 0.0009548593925758943,
      "compound_return": 0.36364813990390643,
      "max_drawdown": -0.22350731137160784,
      "profit_factor": 1.2901723301248065,
      "windows": 10
    },
    {
      "entry_policy": "vwap_low",
      "feature_group": "reversal_fundamental_regime",
      "model_name": "lgbm_leaves7_400",
      "target_hit_bps": 50.0,
      "trades": 254,
      "win_rate": 0.484251968503937,
      "avg_return": 0.001486725797150586,
      "median_return": -0.00016999999999999999,
      "compound_return": 0.35433414708183264,
      "max_drawdown": -0.21629152189576195,
      "profit_factor": 1.18389611045545,
      "windows": 10
    },
    {
      "entry_policy": "vwap_low",
      "feature_group": "reversal_fundamental_regime_sector",
      "model_name": "random_forest_600_d4",
      "target_hit_bps": 50.0,
      "trades": 187,
      "win_rate": 0.5454545454545454,
      "avg_return": 0.0018259665976592292,
      "median_return": 0.0009548593925758943,
      "compound_return": 0.3346195044839557,
      "max_drawdown": -0.2626991897960693,
      "profit_factor": 1.2419951595380962,
      "windows": 10
    },
    {
      "entry_policy": "vwap_low",
      "feature_group": "all_no_ak",
      "model_name": "xgb_d4_500_lr002_mcw5",
      "target_hit_bps": 50.0,
      "trades": 241,
      "win_rate": 0.5020746887966805,
      "avg_return": 0.0014730468826411574,
      "median_return": 0.0003785463521668343,
      "compound_return": 0.3216948319998172,
      "max_drawdown": -0.34990565553108144,
      "profit_factor": 1.1658423188625193,
      "windows": 10
    },
    {
      "entry_policy": "vwap_low",
      "feature_group": "all_no_ak",
      "model_name": "xgb_d2_200_lr003_mcw5",
      "target_hit_bps": 50.0,
      "trades": 212,
      "win_rate": 0.5047169811320755,
      "avg_return": 0.0013780684582298368,
      "median_return": 0.0003971847167980637,
      "compound_return": 0.26121490971503825,
      "max_drawdown": -0.3467515474595054,
      "profit_factor": 1.1628180348289057,
      "windows": 10
    },
    {
      "entry_policy": "vwap_low",
      "feature_group": "reversal_fundamental_regime_sector",
      "model_name": "extra_trees_600_d3",
      "target_hit_bps": 50.0,
      "trades": 118,
      "win_rate": 0.5508474576271186,
      "avg_return": 0.002107570128891442,
      "median_return": 0.0010361768435798203,
      "compound_return": 0.24794909336345672,
      "max_drawdown": -0.24438253381178743,
      "profit_factor": 1.3294786018301694,
      "windows": 10
    },
    {
      "entry_policy": "vwap_low",
      "feature_group": "all_no_ak",
      "model_name": "lgbm_leaves15_700",
      "target_hit_bps": 50.0,
      "trades": 232,
      "win_rate": 0.49137931034482757,
      "avg_return": 0.0011295357772316402,
      "median_return": -0.00016999999999999999,
      "compound_return": 0.2206006254847721,
      "max_drawdown": -0.3123172326572844,
      "profit_factor": 1.1375943381221503,
      "windows": 10
    },
    {
      "entry_policy": "vwap_low",
      "feature_group": "reversal_fundamental_regime",
      "model_name": "xgb_d2_200_lr003_mcw5",
      "target_hit_bps": 50.0,
      "trades": 232,
      "win_rate": 0.5,
      "avg_return": 0.0010424487287563394,
      "median_return": 0.00010460526469536006,
      "compound_return": 0.18494525315525712,
      "max_drawdown": -0.36857686119970823,
      "profit_factor": 1.121971521229199,
      "windows": 10
    },
    {
      "entry_policy": "vwap_low",
      "feature_group": "reversal_fundamental_regime",
      "model_name": "random_forest_600_d4",
      "target_hit_bps": 50.0,
      "trades": 161,
      "win_rate": 0.5403726708074534,
      "avg_return": 0.0011539518660453687,
      "median_return": 0.0007892326139089557,
      "compound_return": 0.1493978622681711,
      "max_drawdown": -0.2792209480735903,
      "profit_factor": 1.144288938793325,
      "windows": 10
    },
    {
      "entry_policy": "vwap_low",
      "feature_group": "all_no_ak",
      "model_name": "lgbm_leaves7_400",
      "target_hit_bps": 50.0,
      "trades": 211,
      "win_rate": 0.5023696682464455,
      "avg_return": 0.0008676126206495173,
      "median_return": 0.0003785463521668343,
      "compound_return": 0.1372152752960878,
      "max_drawdown": -0.2821274551620241,
      "profit_factor": 1.1070465630634487,
      "windows": 10
    }
  ]
}

[2026-05-11T03:25:47] RUN search_all_days_hit_50bps
  /usr/bin/python3 model_training/search_walk_forward_model_complexity.py --samples /root/workspace/stock_realtime_v021_full/saved_data/002270_pipeline_out/03_sector/training_samples_with_sector.csv --intraday-bars /root/workspace/stock_realtime_v021_full/saved_data/002270_pipeline_out/00_base/002270_5m.csv --out-dir /root/workspace/stock_realtime_v021_full/saved_data/002270_pipeline_out/10_search/search_all_days_hit_50bps --round-trip-cost-bps 1.7 --target-hit-bps 50.0 --label-mode hit --entry-policy all_days --entry-vwap-premium-bps 50.0 --max-missing 0.35 --groups reversal_fundamental_regime,reversal_fundamental_regime_sector,all_no_ak --models xgb_d2_200_lr003_mcw5,xgb_d3_400_lr003_mcw3,xgb_d3_600_lr002_mcw3,xgb_d4_500_lr002_mcw5,lgbm_leaves7_400,lgbm_leaves15_700,extra_trees_600_d3,random_forest_600_d4 --quantiles 0.5,0.6,0.7,0.8 --train-rows 756 --valid-rows 126 --test-rows 63 --min-valid-trades 8 --min-train-entries 80
{
  "rows": 1524,
  "target_hit_bps": 50.0,
  "label_mode": "hit",
  "entry_policy": "all_days",
  "entry_vwap_premium_bps": 50.0,
  "groups": {
    "reversal_fundamental_regime": 135,
    "reversal_fundamental_regime_sector": 158,
    "all_no_ak": 213
  },
  "models": [
    "xgb_d2_200_lr003_mcw5",
    "xgb_d3_400_lr003_mcw3",
    "xgb_d3_600_lr002_mcw3",
    "xgb_d4_500_lr002_mcw5",
    "extra_trees_600_d3",
    "random_forest_600_d4",
    "lgbm_leaves7_400",
    "lgbm_leaves15_700"
  ],
  "top": [
    {
      "entry_policy": "all_days",
      "feature_group": "all_no_ak",
      "model_name": "lgbm_leaves15_700",
      "target_hit_bps": 50.0,
      "trades": 239,
      "win_rate": 0.8284518828451883,
      "avg_return": 0.0001371100545877687,
      "median_return": 0.005,
      "compound_return": 0.012136417695939317,
      "max_drawdown": -0.1391316840301846,
      "profit_factor": 1.0346727450656983,
      "windows": 10
    },
    {
      "entry_policy": "all_days",
      "feature_group": "reversal_fundamental_regime_sector",
      "model_name": "xgb_d4_500_lr002_mcw5",
      "target_hit_bps": 50.0,
      "trades": 202,
      "win_rate": 0.8217821782178217,
      "avg_return": 0.00012427866497729674,
      "median_return": 0.005,
      "compound_return": 0.008977010885520054,
      "max_drawdown": -0.13213618059485344,
      "profit_factor": 1.0313020677283133,
      "windows": 10
    },
    {
      "entry_policy": "all_days",
      "feature_group": "reversal_fundamental_regime_sector",
      "model_name": "xgb_d3_600_lr002_mcw3",
      "target_hit_bps": 50.0,
      "trades": 194,
      "win_rate": 0.8195876288659794,
      "avg_return": 4.0508102550215626e-05,
      "median_return": 0.005,
      "compound_return": -0.008744687687174735,
      "max_drawdown": -0.12203127742659126,
      "profit_factor": 1.0100794348582127,
      "windows": 10
    },
    {
      "entry_policy": "all_days",
      "feature_group": "reversal_fundamental_regime_sector",
      "model_name": "xgb_d3_400_lr003_mcw3",
      "target_hit_bps": 50.0,
      "trades": 184,
      "win_rate": 0.8315217391304348,
      "avg_return": -3.572053323215253e-06,
      "median_return": 0.005,
      "compound_return": -0.017001464769499597,
      "max_drawdown": -0.12203127742659137,
      "profit_factor": 0.9991364080011658,
      "windows": 10
    },
    {
      "entry_policy": "all_days",
      "feature_group": "reversal_fundamental_regime",
      "model_name": "xgb_d2_200_lr003_mcw5",
      "target_hit_bps": 50.0,
      "trades": 253,
      "win_rate": 0.8181818181818182,
      "avg_return": -0.0003531252122700527,
      "median_return": 0.005,
      "compound_return": -0.1096478419225917,
      "max_drawdown": -0.20874108132262548,
      "profit_factor": 0.920334390263362,
      "windows": 10
    },
    {
      "entry_policy": "all_days",
      "feature_group": "reversal_fundamental_regime_sector",
      "model_name": "xgb_d2_200_lr003_mcw5",
      "target_hit_bps": 50.0,
      "trades": 276,
      "win_rate": 0.8297101449275363,
      "avg_return": -0.0005340543046464922,
      "median_return": 0.005,
      "compound_return": -0.16330983934289545,
      "max_drawdown": -0.22009477424028467,
      "profit_factor": 0.8856932947216866,
      "windows": 10
    },
    {
      "entry_policy": "all_days",
      "feature_group": "reversal_fundamental_regime",
      "model_name": "xgb_d3_600_lr002_mcw3",
      "target_hit_bps": 50.0,
      "trades": 254,
      "win_rate": 0.8188976377952756,
      "avg_return": -0.0006303385392791271,
      "median_return": 0.005,
      "compound_return": -0.1732362984813558,
      "max_drawdown": -0.2625774858688923,
      "profit_factor": 0.8660799050509244,
      "windows": 10
    },
    {
      "entry_policy": "all_days",
      "feature_group": "all_no_ak",
      "model_name": "xgb_d4_500_lr002_mcw5",
      "target_hit_bps": 50.0,
      "trades": 217,
      "win_rate": 0.8110599078341014,
      "avg_return": -0.0008439539633339814,
      "median_return": 0.005,
      "compound_return": -0.18664680833419844,
      "max_drawdown": -0.23032341855317673,
      "profit_factor": 0.8265198143133546,
      "windows": 10
    },
    {
      "entry_policy": "all_days",
      "feature_group": "all_no_ak",
      "model_name": "xgb_d3_600_lr002_mcw3",
      "target_hit_bps": 50.0,
      "trades": 182,
      "win_rate": 0.7967032967032966,
      "avg_return": -0.0010665608070030243,
      "median_return": 0.005,
      "compound_return": -0.19210908962550222,
      "max_drawdown": -0.2480229806681037,
      "profit_factor": 0.7870732379950395,
      "windows": 10
    },
    {
      "entry_policy": "all_days",
      "feature_group": "all_no_ak",
      "model_name": "xgb_d2_200_lr003_mcw5",
      "target_hit_bps": 50.0,
      "trades": 243,
      "win_rate": 0.823045267489712,
      "avg_return": -0.000770228337917114,
      "median_return": 0.005,
      "compound_return": -0.19443989729829247,
      "max_drawdown": -0.2641517732274039,
      "profit_factor": 0.841957188949739,
      "windows": 10
    },
    {
      "entry_policy": "all_days",
      "feature_group": "all_no_ak",
      "model_name": "xgb_d3_400_lr003_mcw3",
      "target_hit_bps": 50.0,
      "trades": 181,
      "win_rate": 0.8066298342541437,
      "avg_return": -0.0010992156443544673,
      "median_return": 0.005,
      "compound_return": -0.1973896242793517,
      "max_drawdown": -0.24116954439140204,
      "profit_factor": 0.7840912001940191,
      "windows": 10
    },
    {
      "entry_policy": "all_days",
      "feature_group": "reversal_fundamental_regime_sector",
      "model_name": "lgbm_leaves15_700",
      "target_hit_bps": 50.0,
      "trades": 222,
      "win_rate": 0.8063063063063063,
      "avg_return": -0.001082427090047977,
      "median_return": 0.005,
      "compound_return": -0.2367177253091166,
      "max_drawdown": -0.2742000766522692,
      "profit_factor": 0.7877976525395564,
      "windows": 10
    },
    {
      "entry_policy": "all_days",
      "feature_group": "all_no_ak",
      "model_name": "lgbm_leaves7_400",
      "target_hit_bps": 50.0,
      "trades": 252,
      "win_rate": 0.8095238095238095,
      "avg_return": -0.0009788671495642636,
      "median_return": 0.005,
      "compound_return": -0.24303664940114666,
      "max_drawdown": -0.30806762646821373,
      "profit_factor": 0.8045389087733255,
      "windows": 10
    },
    {
      "entry_policy": "all_days",
      "feature_group": "all_no_ak",
      "model_name": "extra_trees_600_d3",
      "target_hit_bps": 50.0,
      "trades": 258,
      "win_rate": 0.813953488372093,
      "avg_return": -0.001034106682583119,
      "median_return": 0.005,
      "compound_return": -0.25749001329798693,
      "max_drawdown": -0.35768952482576666,
      "profit_factor": 0.7955044392816912,
      "windows": 10
    },
    {
      "entry_policy": "all_days",
      "feature_group": "reversal_fundamental_regime",
      "model_name": "xgb_d4_500_lr002_mcw5",
      "target_hit_bps": 50.0,
      "trades": 265,
      "win_rate": 0.8150943396226416,
      "avg_return": -0.001035884338703325,
      "median_return": 0.005,
      "compound_return": -0.2671835403184569,
      "max_drawdown": -0.36385118019688045,
      "profit_factor": 0.7962132806354714,
      "windows": 10
    },
    {
      "entry_policy": "all_days",
      "feature_group": "reversal_fundamental_regime",
      "model_name": "lgbm_leaves7_400",
      "target_hit_bps": 50.0,
      "trades": 234,
      "win_rate": 0.8076923076923077,
      "avg_return": -0.0013979204675792156,
      "median_return": 0.005,
      "compound_return": -0.30297697073989394,
      "max_drawdown": -0.33666453475750424,
      "profit_factor": 0.7428583079655023,
      "windows": 10
    },
    {
      "entry_policy": "all_days",
      "feature_group": "reversal_fundamental_regime_sector",
      "model_name": "random_forest_600_d4",
      "target_hit_bps": 50.0,
      "trades": 263,
      "win_rate": 0.8098859315589354,
      "avg_return": -0.001349135110099469,
      "median_return": 0.005,
      "compound_return": -0.3220781838071288,
      "max_drawdown": -0.3820166299182537,
      "profit_factor": 0.7500937437811392,
      "windows": 10
    },
    {
      "entry_policy": "all_days",
      "feature_group": "reversal_fundamental_regime",
      "model_name": "xgb_d3_400_lr003_mcw3",
      "target_hit_bps": 50.0,
      "trades": 253,
      "win_rate": 0.8023715415019763,
      "avg_return": -0.001486324362990281,
      "median_return": 0.005,
      "compound_return": -0.3394462229641214,
      "max_drawdown": -0.4015600610112634,
      "profit_factor": 0.7296698537931333,
      "windows": 10
    },
    {
      "entry_policy": "all_days",
      "feature_group": "reversal_fundamental_regime",
      "model_name": "lgbm_leaves15_700",
      "target_hit_bps": 50.0,
      "trades": 245,
      "win_rate": 0.7959183673469388,
      "avg_return": -0.0015796576231074525,
      "median_return": 0.005,
      "compound_return": -0.3448022267181956,
      "max_drawdown": -0.4338627262925707,
      "profit_factor": 0.7148748036018836,
      "windows": 10
    },
    {
      "entry_policy": "all_days",
      "feature_group": "reversal_fundamental_regime_sector",
      "model_name": "lgbm_leaves7_400",
      "target_hit_bps": 50.0,
      "trades": 231,
      "win_rate": 0.7965367965367965,
      "avg_return": -0.0017579877372201522,
      "median_return": 0.005,
      "compound_return": -0.3559761409511587,
      "max_drawdown": -0.38697753434737636,
      "profit_factor": 0.6937661961883601,
      "windows": 10
    }
  ]
}

[2026-05-11T03:33:47] RUN search_all_days_hit_80bps
  /usr/bin/python3 model_training/search_walk_forward_model_complexity.py --samples /root/workspace/stock_realtime_v021_full/saved_data/002270_pipeline_out/03_sector/training_samples_with_sector.csv --intraday-bars /root/workspace/stock_realtime_v021_full/saved_data/002270_pipeline_out/00_base/002270_5m.csv --out-dir /root/workspace/stock_realtime_v021_full/saved_data/002270_pipeline_out/10_search/search_all_days_hit_80bps --round-trip-cost-bps 1.7 --target-hit-bps 80.0 --label-mode hit --entry-policy all_days --entry-vwap-premium-bps 50.0 --max-missing 0.35 --groups reversal_fundamental_regime,reversal_fundamental_regime_sector,all_no_ak --models xgb_d2_200_lr003_mcw5,xgb_d3_400_lr003_mcw3,xgb_d3_600_lr002_mcw3,xgb_d4_500_lr002_mcw5,lgbm_leaves7_400,lgbm_leaves15_700,extra_trees_600_d3,random_forest_600_d4 --quantiles 0.5,0.6,0.7,0.8 --train-rows 756 --valid-rows 126 --test-rows 63 --min-valid-trades 8 --min-train-entries 80
{
  "rows": 1524,
  "target_hit_bps": 80.0,
  "label_mode": "hit",
  "entry_policy": "all_days",
  "entry_vwap_premium_bps": 50.0,
  "groups": {
    "reversal_fundamental_regime": 135,
    "reversal_fundamental_regime_sector": 158,
    "all_no_ak": 213
  },
  "models": [
    "xgb_d2_200_lr003_mcw5",
    "xgb_d3_400_lr003_mcw3",
    "xgb_d3_600_lr002_mcw3",
    "xgb_d4_500_lr002_mcw5",
    "extra_trees_600_d3",
    "random_forest_600_d4",
    "lgbm_leaves7_400",
    "lgbm_leaves15_700"
  ],
  "top": [
    {
      "entry_policy": "all_days",
      "feature_group": "reversal_fundamental_regime_sector",
      "model_name": "xgb_d3_600_lr002_mcw3",
      "target_hit_bps": 80.0,
      "trades": 244,
      "win_rate": 0.7090163934426229,
      "avg_return": -0.0007235746308080129,
      "median_return": 0.008,
      "compound_return": -0.18972701896297484,
      "max_drawdown": -0.2888992519022635,
      "profit_factor": 0.8845524306186107,
      "windows": 10
    },
    {
      "entry_policy": "all_days",
      "feature_group": "all_no_ak",
      "model_name": "xgb_d4_500_lr002_mcw5",
      "target_hit_bps": 80.0,
      "trades": 282,
      "win_rate": 0.7056737588652482,
      "avg_return": -0.0008414204170736403,
      "median_return": 0.008,
      "compound_return": -0.24330988033408574,
      "max_drawdown": -0.3179891147743066,
      "profit_factor": 0.867720748237754,
      "windows": 10
    },
    {
      "entry_policy": "all_days",
      "feature_group": "reversal_fundamental_regime",
      "model_name": "lgbm_leaves15_700",
      "target_hit_bps": 80.0,
      "trades": 241,
      "win_rate": 0.7095435684647303,
      "avg_return": -0.001066527498610194,
      "median_return": 0.008,
      "compound_return": -0.2562650943685205,
      "max_drawdown": -0.3743029373597251,
      "profit_factor": 0.8393274240357936,
      "windows": 10
    },
    {
      "entry_policy": "all_days",
      "feature_group": "reversal_fundamental_regime_sector",
      "model_name": "xgb_d3_400_lr003_mcw3",
      "target_hit_bps": 80.0,
      "trades": 217,
      "win_rate": 0.7050691244239631,
      "avg_return": -0.0012423417372830771,
      "median_return": 0.008,
      "compound_return": -0.26406773076903867,
      "max_drawdown": -0.31866072315577476,
      "profit_factor": 0.8186491522504381,
      "windows": 10
    },
    {
      "entry_policy": "all_days",
      "feature_group": "reversal_fundamental_regime_sector",
      "model_name": "xgb_d2_200_lr003_mcw5",
      "target_hit_bps": 80.0,
      "trades": 243,
      "win_rate": 0.7037037037037037,
      "avg_return": -0.0011602943964930345,
      "median_return": 0.008,
      "compound_return": -0.27230827343793984,
      "max_drawdown": -0.31894889836636664,
      "profit_factor": 0.8248969043580741,
      "windows": 10
    },
    {
      "entry_policy": "all_days",
      "feature_group": "all_no_ak",
      "model_name": "xgb_d3_400_lr003_mcw3",
      "target_hit_bps": 80.0,
      "trades": 254,
      "win_rate": 0.6968503937007874,
      "avg_return": -0.0011448034247585348,
      "median_return": 0.008,
      "compound_return": -0.28108141929115393,
      "max_drawdown": -0.3714046398461043,
      "profit_factor": 0.8272140122765452,
      "windows": 10
    },
    {
      "entry_policy": "all_days",
      "feature_group": "reversal_fundamental_regime",
      "model_name": "lgbm_leaves7_400",
      "target_hit_bps": 80.0,
      "trades": 249,
      "win_rate": 0.7108433734939759,
      "avg_return": -0.001172713987058874,
      "median_return": 0.008,
      "compound_return": -0.2870013199279601,
      "max_drawdown": -0.36857188090691184,
      "profit_factor": 0.8272423284617338,
      "windows": 10
    },
    {
      "entry_policy": "all_days",
      "feature_group": "all_no_ak",
      "model_name": "lgbm_leaves15_700",
      "target_hit_bps": 80.0,
      "trades": 270,
      "win_rate": 0.7,
      "avg_return": -0.0011684987778080203,
      "median_return": 0.008,
      "compound_return": -0.3012212623205309,
      "max_drawdown": -0.3979730343391872,
      "profit_factor": 0.8237148484182653,
      "windows": 10
    },
    {
      "entry_policy": "all_days",
      "feature_group": "all_no_ak",
      "model_name": "xgb_d2_200_lr003_mcw5",
      "target_hit_bps": 80.0,
      "trades": 278,
      "win_rate": 0.7158273381294964,
      "avg_return": -0.001129869238557544,
      "median_return": 0.008,
      "compound_return": -0.3021338225943535,
      "max_drawdown": -0.3624715228223775,
      "profit_factor": 0.8324287267197661,
      "windows": 10
    },
    {
      "entry_policy": "all_days",
      "feature_group": "all_no_ak",
      "model_name": "lgbm_leaves7_400",
      "target_hit_bps": 80.0,
      "trades": 230,
      "win_rate": 0.717391304347826,
      "avg_return": -0.001464096684368223,
      "median_return": 0.008,
      "compound_return": -0.31522027427623955,
      "max_drawdown": -0.4274835955554185,
      "profit_factor": 0.7939885709584223,
      "windows": 10
    },
    {
      "entry_policy": "all_days",
      "feature_group": "reversal_fundamental_regime_sector",
      "model_name": "xgb_d4_500_lr002_mcw5",
      "target_hit_bps": 80.0,
      "trades": 254,
      "win_rate": 0.6968503937007874,
      "avg_return": -0.0013525275144665872,
      "median_return": 0.008,
      "compound_return": -0.3190708826434101,
      "max_drawdown": -0.3710750387665791,
      "profit_factor": 0.8011162538950249,
      "windows": 10
    },
    {
      "entry_policy": "all_days",
      "feature_group": "all_no_ak",
      "model_name": "xgb_d3_600_lr002_mcw3",
      "target_hit_bps": 80.0,
      "trades": 278,
      "win_rate": 0.7086330935251799,
      "avg_return": -0.001288933957350053,
      "median_return": 0.008,
      "compound_return": -0.33235203873726016,
      "max_drawdown": -0.40104709489982215,
      "profit_factor": 0.8118923738868415,
      "windows": 10
    },
    {
      "entry_policy": "all_days",
      "feature_group": "reversal_fundamental_regime_sector",
      "model_name": "extra_trees_600_d3",
      "target_hit_bps": 80.0,
      "trades": 289,
      "win_rate": 0.7197231833910035,
      "avg_return": -0.001238835627745126,
      "median_return": 0.008,
      "compound_return": -0.3325465483941489,
      "max_drawdown": -0.415527932626514,
      "profit_factor": 0.8172782221627545,
      "windows": 10
    },
    {
      "entry_policy": "all_days",
      "feature_group": "all_no_ak",
      "model_name": "extra_trees_600_d3",
      "target_hit_bps": 80.0,
      "trades": 290,
      "win_rate": 0.7241379310344828,
      "avg_return": -0.0012799881747765183,
      "median_return": 0.008,
      "compound_return": -0.34234196812804885,
      "max_drawdown": -0.4128586365403272,
      "profit_factor": 0.8133369405623825,
      "windows": 10
    },
    {
      "entry_policy": "all_days",
      "feature_group": "reversal_fundamental_regime",
      "model_name": "xgb_d3_400_lr003_mcw3",
      "target_hit_bps": 80.0,
      "trades": 216,
      "win_rate": 0.7222222222222222,
      "avg_return": -0.0018126663435512275,
      "median_return": 0.008,
      "compound_return": -0.35429845303302177,
      "max_drawdown": -0.449809789980974,
      "profit_factor": 0.7578409665513935,
      "windows": 10
    },
    {
      "entry_policy": "all_days",
      "feature_group": "reversal_fundamental_regime_sector",
      "model_name": "lgbm_leaves7_400",
      "target_hit_bps": 80.0,
      "trades": 276,
      "win_rate": 0.6884057971014492,
      "avg_return": -0.0014864880960975928,
      "median_return": 0.008,
      "compound_return": -0.3664424121965242,
      "max_drawdown": -0.4589848526431891,
      "profit_factor": 0.785464625761376,
      "windows": 10
    },
    {
      "entry_policy": "all_days",
      "feature_group": "reversal_fundamental_regime",
      "model_name": "xgb_d3_600_lr002_mcw3",
      "target_hit_bps": 80.0,
      "trades": 223,
      "win_rate": 0.7130044843049327,
      "avg_return": -0.0018539776593227367,
      "median_return": 0.008,
      "compound_return": -0.3684180484343751,
      "max_drawdown": -0.47048909508469505,
      "profit_factor": 0.7509790725989294,
      "windows": 10
    },
    {
      "entry_policy": "all_days",
      "feature_group": "reversal_fundamental_regime",
      "model_name": "random_forest_600_d4",
      "target_hit_bps": 80.0,
      "trades": 258,
      "win_rate": 0.7248062015503876,
      "avg_return": -0.001611002235848841,
      "median_return": 0.008,
      "compound_return": -0.3729856317309749,
      "max_drawdown": -0.4610669399247467,
      "profit_factor": 0.7789937954731114,
      "windows": 10
    },
    {
      "entry_policy": "all_days",
      "feature_group": "reversal_fundamental_regime",
      "model_name": "xgb_d4_500_lr002_mcw5",
      "target_hit_bps": 80.0,
      "trades": 206,
      "win_rate": 0.7233009708737864,
      "avg_return": -0.00210720656807793,
      "median_return": 0.008,
      "compound_return": -0.3814029456688022,
      "max_drawdown": -0.4583159587444664,
      "profit_factor": 0.7286909313501978,
      "windows": 10
    },
    {
      "entry_policy": "all_days",
      "feature_group": "reversal_fundamental_regime_sector",
      "model_name": "lgbm_leaves15_700",
      "target_hit_bps": 80.0,
      "trades": 255,
      "win_rate": 0.6745098039215687,
      "avg_return": -0.0018871719199098132,
      "median_return": 0.008,
      "compound_return": -0.40750398707115576,
      "max_drawdown": -0.4553665996885943,
      "profit_factor": 0.7388771235777374,
      "windows": 10
    }
  ]
}

[2026-05-11T03:41:39] RUN search_all_days_close_profit_50bps
  /usr/bin/python3 model_training/search_walk_forward_model_complexity.py --samples /root/workspace/stock_realtime_v021_full/saved_data/002270_pipeline_out/03_sector/training_samples_with_sector.csv --intraday-bars /root/workspace/stock_realtime_v021_full/saved_data/002270_pipeline_out/00_base/002270_5m.csv --out-dir /root/workspace/stock_realtime_v021_full/saved_data/002270_pipeline_out/10_search/search_all_days_close_profit_50bps --round-trip-cost-bps 1.7 --target-hit-bps 50.0 --label-mode close_profit --entry-policy all_days --entry-vwap-premium-bps 50.0 --max-missing 0.35 --groups reversal_fundamental_regime,reversal_fundamental_regime_sector,all_no_ak --models xgb_d2_200_lr003_mcw5,xgb_d3_400_lr003_mcw3,xgb_d3_600_lr002_mcw3,xgb_d4_500_lr002_mcw5,lgbm_leaves7_400,lgbm_leaves15_700,extra_trees_600_d3,random_forest_600_d4 --quantiles 0.5,0.6,0.7,0.8 --train-rows 756 --valid-rows 126 --test-rows 63 --min-valid-trades 8 --min-train-entries 80
{
  "rows": 1524,
  "target_hit_bps": 50.0,
  "label_mode": "close_profit",
  "entry_policy": "all_days",
  "entry_vwap_premium_bps": 50.0,
  "groups": {
    "reversal_fundamental_regime": 135,
    "reversal_fundamental_regime_sector": 158,
    "all_no_ak": 213
  },
  "models": [
    "xgb_d2_200_lr003_mcw5",
    "xgb_d3_400_lr003_mcw3",
    "xgb_d3_600_lr002_mcw3",
    "xgb_d4_500_lr002_mcw5",
    "extra_trees_600_d3",
    "random_forest_600_d4",
    "lgbm_leaves7_400",
    "lgbm_leaves15_700"
  ],
  "top": [
    {
      "entry_policy": "all_days",
      "feature_group": "reversal_fundamental_regime_sector",
      "model_name": "xgb_d3_600_lr002_mcw3",
      "target_hit_bps": 50.0,
      "trades": 293,
      "win_rate": 0.5017064846416383,
      "avg_return": 0.0026146409217503285,
      "median_return": 0.0003785463521668343,
      "compound_return": 0.959812815469405,
      "max_drawdown": -0.2676420125945602,
      "profit_factor": 1.329169671052088,
      "windows": 10
    },
    {
      "entry_policy": "all_days",
      "feature_group": "reversal_fundamental_regime_sector",
      "model_name": "xgb_d3_400_lr003_mcw3",
      "target_hit_bps": 50.0,
      "trades": 250,
      "win_rate": 0.516,
      "avg_return": 0.002445078181141306,
      "median_return": 0.00043523686462032876,
      "compound_return": 0.7097323325473874,
      "max_drawdown": -0.30723057981329516,
      "profit_factor": 1.319475988613155,
      "windows": 10
    },
    {
      "entry_policy": "all_days",
      "feature_group": "all_no_ak",
      "model_name": "xgb_d3_400_lr003_mcw3",
      "target_hit_bps": 50.0,
      "trades": 220,
      "win_rate": 0.5045454545454545,
      "avg_return": 0.0025387682638374803,
      "median_return": 0.0003971847167980637,
      "compound_return": 0.6418356771590108,
      "max_drawdown": -0.2620024977591897,
      "profit_factor": 1.3302390270597917,
      "windows": 10
    },
    {
      "entry_policy": "all_days",
      "feature_group": "reversal_fundamental_regime_sector",
      "model_name": "lgbm_leaves15_700",
      "target_hit_bps": 50.0,
      "trades": 246,
      "win_rate": 0.508130081300813,
      "avg_return": 0.0022149527242251825,
      "median_return": 0.00041582308142929306,
      "compound_return": 0.5970655855062517,
      "max_drawdown": -0.3135389888566569,
      "profit_factor": 1.2766138030322827,
      "windows": 10
    },
    {
      "entry_policy": "all_days",
      "feature_group": "reversal_fundamental_regime",
      "model_name": "xgb_d3_400_lr003_mcw3",
      "target_hit_bps": 50.0,
      "trades": 253,
      "win_rate": 0.49407114624505927,
      "avg_return": 0.0020887381866688854,
      "median_return": -0.00016999999999999999,
      "compound_return": 0.5417860053140615,
      "max_drawdown": -0.27320928301054936,
      "profit_factor": 1.2384053025723443,
      "windows": 10
    },
    {
      "entry_policy": "all_days",
      "feature_group": "all_no_ak",
      "model_name": "xgb_d4_500_lr002_mcw5",
      "target_hit_bps": 50.0,
      "trades": 246,
      "win_rate": 0.508130081300813,
      "avg_return": 0.002059485128606291,
      "median_return": 0.00041651107095542,
      "compound_return": 0.5309068536721291,
      "max_drawdown": -0.34990565553108144,
      "profit_factor": 1.2363718659858438,
      "windows": 10
    },
    {
      "entry_policy": "all_days",
      "feature_group": "all_no_ak",
      "model_name": "extra_trees_600_d3",
      "target_hit_bps": 50.0,
      "trades": 163,
      "win_rate": 0.5460122699386503,
      "avg_return": 0.002840575527607763,
      "median_return": 0.0009676564277587597,
      "compound_return": 0.5179367105800274,
      "max_drawdown": -0.22350731137160784,
      "profit_factor": 1.3759241439199954,
      "windows": 10
    },
    {
      "entry_policy": "all_days",
      "feature_group": "reversal_fundamental_regime_sector",
      "model_name": "lgbm_leaves7_400",
      "target_hit_bps": 50.0,
      "trades": 257,
      "win_rate": 0.5019455252918288,
      "avg_return": 0.00191551927053283,
      "median_return": 0.0003785463521668343,
      "compound_return": 0.5150653079383503,
      "max_drawdown": -0.27142066547067656,
      "profit_factor": 1.2404999795672642,
      "windows": 10
    },
    {
      "entry_policy": "all_days",
      "feature_group": "all_no_ak",
      "model_name": "random_forest_600_d4",
      "target_hit_bps": 50.0,
      "trades": 185,
      "win_rate": 0.518918918918919,
      "avg_return": 0.002463960301841582,
      "median_return": 0.00042772863120155505,
      "compound_return": 0.4977312213290832,
      "max_drawdown": -0.3088247566439938,
      "profit_factor": 1.3192699039998774,
      "windows": 10
    },
    {
      "entry_policy": "all_days",
      "feature_group": "all_no_ak",
      "model_name": "xgb_d3_600_lr002_mcw3",
      "target_hit_bps": 50.0,
      "trades": 226,
      "win_rate": 0.5,
      "avg_return": 0.0020335725517226723,
      "median_return": 0.00010460526469536006,
      "compound_return": 0.47892160816062934,
      "max_drawdown": -0.2646583921867439,
      "profit_factor": 1.2525895670363147,
      "windows": 10
    },
    {
      "entry_policy": "all_days",
      "feature_group": "reversal_fundamental_regime_sector",
      "model_name": "random_forest_600_d4",
      "target_hit_bps": 50.0,
      "trades": 191,
      "win_rate": 0.5497382198952879,
      "avg_return": 0.0022751814175914088,
      "median_return": 0.0009676564277587597,
      "compound_return": 0.46142151771822815,
      "max_drawdown": -0.2626991897960693,
      "profit_factor": 1.3058918934090509,
      "windows": 10
    },
    {
      "entry_policy": "all_days",
      "feature_group": "reversal_fundamental_regime_sector",
      "model_name": "xgb_d4_500_lr002_mcw5",
      "target_hit_bps": 50.0,
      "trades": 264,
      "win_rate": 0.5,
      "avg_return": 0.0016058901909230413,
      "median_return": 0.00010460526469536006,
      "compound_return": 0.4116154722933618,
      "max_drawdown": -0.2795127690523366,
      "profit_factor": 1.2038301435340797,
      "windows": 10
    },
    {
      "entry_policy": "all_days",
      "feature_group": "reversal_fundamental_regime",
      "model_name": "lgbm_leaves7_400",
      "target_hit_bps": 50.0,
      "trades": 261,
      "win_rate": 0.48659003831417624,
      "avg_return": 0.0014870582524044232,
      "median_return": -0.00016999999999999999,
      "compound_return": 0.3524484068997382,
      "max_drawdown": -0.21629152189576195,
      "profit_factor": 1.1755284487632396,
      "windows": 10
    },
    {
      "entry_policy": "all_days",
      "feature_group": "all_no_ak",
      "model_name": "xgb_d2_200_lr003_mcw5",
      "target_hit_bps": 50.0,
      "trades": 215,
      "win_rate": 0.5069767441860465,
      "avg_return": 0.0016186621105523853,
      "median_return": 0.00041582308142929306,
      "compound_return": 0.3318710988924096,
      "max_drawdown": -0.3467515474595054,
      "profit_factor": 1.193652383535055,
      "windows": 10
    },
    {
      "entry_policy": "all_days",
      "feature_group": "all_no_ak",
      "model_name": "lgbm_leaves15_700",
      "target_hit_bps": 50.0,
      "trades": 234,
      "win_rate": 0.49572649572649574,
      "avg_return": 0.0013704051902431943,
      "median_return": -0.00016999999999999999,
      "compound_return": 0.2925498162305087,
      "max_drawdown": -0.3123172326572844,
      "profit_factor": 1.1683749343256964,
      "windows": 10
    },
    {
      "entry_policy": "all_days",
      "feature_group": "reversal_fundamental_regime_sector",
      "model_name": "extra_trees_600_d3",
      "target_hit_bps": 50.0,
      "trades": 121,
      "win_rate": 0.5537190082644629,
      "avg_return": 0.0016979644129213852,
      "median_return": 0.001104697259400881,
      "compound_return": 0.1902189731237165,
      "max_drawdown": -0.24438253381178743,
      "profit_factor": 1.2398280927876952,
      "windows": 10
    },
    {
      "entry_policy": "all_days",
      "feature_group": "all_no_ak",
      "model_name": "lgbm_leaves7_400",
      "target_hit_bps": 50.0,
      "trades": 218,
      "win_rate": 0.5045871559633027,
      "avg_return": 0.0009603362759858977,
      "median_return": 0.0003971847167980637,
      "compound_return": 0.16222506492262956,
      "max_drawdown": -0.2821274551620241,
      "profit_factor": 1.116229384009621,
      "windows": 10
    },
    {
      "entry_policy": "all_days",
      "feature_group": "reversal_fundamental_regime",
      "model_name": "lgbm_leaves15_700",
      "target_hit_bps": 50.0,
      "trades": 193,
      "win_rate": 0.5077720207253886,
      "avg_return": 0.0008023983496871017,
      "median_return": 0.0004171990604815469,
      "compound_return": 0.09536237713305695,
      "max_drawdown": -0.3054706575522307,
      "profit_factor": 1.09201881016475,
      "windows": 10
    },
    {
      "entry_policy": "all_days",
      "feature_group": "reversal_fundamental_regime",
      "model_name": "xgb_d4_500_lr002_mcw5",
      "target_hit_bps": 50.0,
      "trades": 224,
      "win_rate": 0.5089285714285714,
      "avg_return": 0.0006667357606922363,
      "median_return": 0.00041582308142929306,
      "compound_return": 0.08611156254826913,
      "max_drawdown": -0.3185376816048734,
      "profit_factor": 1.079678533853763,
      "windows": 10
    },
    {
      "entry_policy": "all_days",
      "feature_group": "reversal_fundamental_regime",
      "model_name": "random_forest_600_d4",
      "target_hit_bps": 50.0,
      "trades": 186,
      "win_rate": 0.5268817204301075,
      "avg_return": 0.0007665938946658163,
      "median_return": 0.0006099671592775281,
      "compound_return": 0.07202710788950983,
      "max_drawdown": -0.3092404747501437,
      "profit_factor": 1.0813454964481797,
      "windows": 10
    }
  ]
}

[2026-05-11T03:49:56] RUN summarize
  /usr/bin/python3 model_training/summarize_nextday_search_results.py --pipeline-out /root/workspace/stock_realtime_v021_full/saved_data/002270_pipeline_out --out-dir /root/workspace/stock_realtime_v021_full/saved_data/002270_pipeline_out/99_summary --excel
{
  "rows": 144,
  "outputs": {
    "final_leaderboard": "/root/workspace/stock_realtime_v021_full/saved_data/002270_pipeline_out/99_summary/final_leaderboard.csv",
    "best_by_target_top5": "/root/workspace/stock_realtime_v021_full/saved_data/002270_pipeline_out/99_summary/best_by_target_top5.csv",
    "best_by_entry_policy_top5": "/root/workspace/stock_realtime_v021_full/saved_data/002270_pipeline_out/99_summary/best_by_entry_policy_top5.csv",
    "excel": "/root/workspace/stock_realtime_v021_full/saved_data/002270_pipeline_out/99_summary/final_leaderboard.xlsx",
    "summary_manifest": "/root/workspace/stock_realtime_v021_full/saved_data/002270_pipeline_out/99_summary/summary_manifest.json"
  }
}
=== nextday pipeline end: 2026-05-11T03:49:57 status=ok ===
=== nextday pipeline start: 2026-05-12T00:31:14 ===
symbol=002270.SZ, out_root=/root/workspace/stock_realtime_v021_full/saved_data/002270_pipeline_out

[2026-05-12T00:31:14] RUN update_data
  /usr/bin/python3 bootstrap/ashare_xgb_dual_opportunity_regression_baostock_full_v19_compressed_trading_axis.py --mode update_data --symbol 002270 --benchmark_symbol 000300 --daily_start 2018-01-01 --daily_end 2026-05-12 --intraday_start '2018-01-01 09:30:00' --intraday_end '2026-05-12 15:00:00' --output_dir /root/workspace/stock_realtime_v021_full/saved_data/002270_pipeline_out/00_base --cache_mode incremental --feature_cache_mode incremental --adjust qfq
=== nextday pipeline start: 2026-05-12T00:31:41 ===
symbol=002270.SZ, out_root=/root/workspace/stock_realtime_v021_full/saved_data/002270_pipeline_out

[2026-05-12T00:31:41] RUN update_data
  /usr/bin/python3 bootstrap/ashare_xgb_dual_opportunity_regression_baostock_full_v19_compressed_trading_axis.py --mode update_data --symbol 002270 --benchmark_symbol 000300 --daily_start 2018-01-01 --daily_end 2026-05-12 --intraday_start '2018-01-01 09:30:00' --intraday_end '2026-05-12 15:00:00' --output_dir /root/workspace/stock_realtime_v021_full/saved_data/002270_pipeline_out/00_base --cache_mode incremental --feature_cache_mode incremental --adjust qfq
/root/workspace/stock_realtime_v021_full/bootstrap/ashare_fetch_and_train_xgb_sell_signal_baostock_state_cache_helper_fix2.py:246: FutureWarning: The behavior of DataFrame concatenation with empty or all-NA entries is deprecated. In a future version, this will no longer exclude empty or all-NA columns when determining the result dtypes. To retain the old behavior, exclude the relevant entries before the concat operation.
  merged = _normalize_daily_df(pd.concat([df_old, df_new], axis=0, ignore_index=True))
/root/workspace/stock_realtime_v021_full/bootstrap/ashare_fetch_and_train_xgb_sell_signal_baostock_state_cache_helper_fix2.py:254: FutureWarning: The behavior of DataFrame concatenation with empty or all-NA entries is deprecated. In a future version, this will no longer exclude empty or all-NA columns when determining the result dtypes. To retain the old behavior, exclude the relevant entries before the concat operation.
  merged = _normalize_bench_df(pd.concat([df_old, df_new], axis=0, ignore_index=True))
login success!
logout success!
login success!
logout success!
login success!
logout success!
login success!
logout success!
login success!
logout success!
login success!
logout success!
{
  "mode": "update_data",
  "symbol": "002270",
  "data_source": "baostock",
  "daily_rows": 2023,
  "intraday_rows": 73248,
  "daily_min": "2018-01-02 00:00:00",
  "daily_max": "2026-05-11 00:00:00",
  "intraday_min": "2020-01-02 09:35:00",
  "intraday_max": "2026-05-11 15:00:00",
  "base_paths": {
    "daily_csv": "/root/workspace/stock_realtime_v021_full/saved_data/002270_pipeline_out/00_base/002270_daily.csv",
    "intraday_csv": "/root/workspace/stock_realtime_v021_full/saved_data/002270_pipeline_out/00_base/002270_5m.csv",
    "benchmark_csv": "/root/workspace/stock_realtime_v021_full/saved_data/002270_pipeline_out/00_base/000300_benchmark_daily.csv",
    "raw_daily_cache_csv": "/root/workspace/stock_realtime_v021_full/saved_data/002270_pipeline_out/00_base/raw_cache/002270_daily_raw.csv",
    "raw_intraday_cache_csv": "/root/workspace/stock_realtime_v021_full/saved_data/002270_pipeline_out/00_base/raw_cache/002270_5m_raw.csv",
    "raw_benchmark_cache_csv": "/root/workspace/stock_realtime_v021_full/saved_data/002270_pipeline_out/00_base/raw_cache/000300_benchmark_daily_raw.csv",
    "daily_features_csv": "/root/workspace/stock_realtime_v021_full/saved_data/002270_pipeline_out/00_base/daily_features.csv",
    "intraday_features_csv": "/root/workspace/stock_realtime_v021_full/saved_data/002270_pipeline_out/00_base/intraday_features.csv",
    "daily_features_cache_csv": "/root/workspace/stock_realtime_v021_full/saved_data/002270_pipeline_out/00_base/feature_cache/daily_features_cache.csv",
    "intraday_features_cache_csv": "/root/workspace/stock_realtime_v021_full/saved_data/002270_pipeline_out/00_base/feature_cache/intraday_features_cache.csv",
    "feature_state_json": "/root/workspace/stock_realtime_v021_full/saved_data/002270_pipeline_out/00_base/feature_cache/feature_state.json"
  },
  "fetch_logs": {
    "symbol": "002270",
    "benchmark_symbol": "000300",
    "daily_start": "2018-01-01",
    "daily_end": "2026-05-12",
    "intraday_start": "2018-01-01 09:30:00",
    "intraday_end": "2026-05-12 15:00:00",
    "perf_start": "2018-01-01",
    "data_source": "baostock",
    "cache_mode": "incremental",
    "force_refresh": false,
    "raw_cache_dir": "/root/workspace/stock_realtime_v021_full/saved_data/002270_pipeline_out/00_base/raw_cache",
    "feature_cache_dir": "/root/workspace/stock_realtime_v021_full/saved_data/002270_pipeline_out/00_base/feature_cache",
    "feature_cache_mode": "incremental",
    "daily": {
      "cache_path": "/root/workspace/stock_realtime_v021_full/saved_data/002270_pipeline_out/00_base/raw_cache/002270_daily_raw.csv",
      "requested_start": "2018-01-01",
      "requested_end": "2026-05-12",
      "mode": "incremental",
      "cache_before": {
        "rows": 2022,
        "min": "2018-01-02 00:00:00",
        "max": "2026-05-08 00:00:00"
      },
      "fetch_segments": [
        {
          "provider": "baostock",
          "code": "sz.002270",
          "adjustflag": "2",
          "rows": 0
        },
        {
          "provider": "baostock",
          "code": "sz.002270",
          "adjustflag": "2",
          "rows": 1,
          "start": "2026-05-09",
          "end": "2026-05-12"
        }
      ],
      "cache_after": {
        "rows": 2023,
        "min": "2018-01-02 00:00:00",
        "max": "2026-05-11 00:00:00"
      }
    },
    "intraday_5m": {
      "cache_path": "/root/workspace/stock_realtime_v021_full/saved_data/002270_pipeline_out/00_base/raw_cache/002270_5m_raw.csv",
      "requested_start": "2018-01-01 09:30:00",
      "requested_end": "2026-05-12 15:00:00",
      "mode": "incremental",
      "cache_before": {
        "rows": 73200,
        "min": "2020-01-02 09:35:00",
        "max": "2026-05-08 15:00:00"
      },
      "fetch_segments": [
        {
          "provider": "baostock",
          "code": "sz.002270",
          "adjustflag": "2",
          "requested_start": "2018-01-01 09:30:00",
          "effective_start": "2018-01-01 09:30:00",
          "requested_end": "2020-01-02 09:30:00",
          "rows": 0
        },
        {
          "provider": "baostock",
          "code": "sz.002270",
          "adjustflag": "2",
          "requested_start": "2026-05-08 15:05:00",
          "effective_start": "2026-05-08 15:05:00",
          "requested_end": "2026-05-12 15:00:00",
          "rows": 48
        }
      ],
      "cache_after": {
        "rows": 73248,
        "min": "2020-01-02 09:35:00",
        "max": "2026-05-11 15:00:00"
      }
    },
    "benchmark_daily": {
      "cache_path": "/root/workspace/stock_realtime_v021_full/saved_data/002270_pipeline_out/00_base/raw_cache/000300_benchmark_daily_raw.csv",
      "requested_start": "2018-01-01",
      "requested_end": "2026-05-12",
      "mode": "incremental",
      "cache_before": {
        "rows": 2022,
        "min": "2018-01-02 00:00:00",
        "max": "2026-05-08 00:00:00"
      },
      "fetch_segments": [
        {
          "provider": "baostock",
          "code": "sh.000300",
          "rows": 0,
          "start": "2018-01-01",
          "end": "2018-01-01"
        },
        {
          "provider": "baostock",
          "code": "sh.000300",
          "rows": 1,
          "start": "2026-05-09",
          "end": "2026-05-12"
        }
      ],
      "cache_after": {
        "rows": 2023,
        "min": "2018-01-02 00:00:00",
        "max": "2026-05-11 00:00:00"
      }
    },
    "feature_build": {
      "mode": "stateful_incremental_append",
      "daily_context_days": 260,
      "intraday_context_days": 40,
      "daily_append": {
        "needed": true,
        "first_new_date": "2026-05-11 00:00:00",
        "context_start": "2025-04-10 00:00:00",
        "context_raw_rows": 261,
        "appended_rows": 1,
        "cache_before": {
          "rows": 2022,
          "min": "2018-01-02 00:00:00",
          "max": "2026-05-08 00:00:00"
        },
        "cache_after": {
          "rows": 2023,
          "min": "2018-01-02 00:00:00",
          "max": "2026-05-11 00:00:00"
        }
      },
      "intraday_append": {
        "needed": true,
        "first_new_datetime": "2026-05-11 09:35:00",
        "context_start_date": "2026-03-10 00:00:00",
        "context_raw_rows": 1968,
        "appended_rows": 48,
        "cache_before": {
          "rows": 73200,
          "min": "2020-01-02 09:35:00",
          "max": "2026-05-08 15:00:00"
        },
        "cache_after": {
          "rows": 73248,
          "min": "2020-01-02 09:35:00",
          "max": "2026-05-11 15:00:00"
        }
      }
    },
    "feature_state": {
      "daily_feature_max": "2026-05-11 00:00:00",
      "intraday_feature_max": "2026-05-11 15:00:00",
      "daily_context_days": 260,
      "intraday_context_days": 40,
      "feature_build_mode": "stateful_incremental_append"
    }
  }
}

[2026-05-12T00:31:55] RUN samples
  /usr/bin/python3 feature_building/build_nextday_samples_from_baostock.py --daily-features /root/workspace/stock_realtime_v021_full/saved_data/002270_pipeline_out/00_base/daily_features.csv --intraday-bars /root/workspace/stock_realtime_v021_full/saved_data/002270_pipeline_out/00_base/002270_5m.csv --out-dir /root/workspace/stock_realtime_v021_full/saved_data/002270_pipeline_out/01_samples --min-bars 40 --keep-unlabeled-tail
{
  "rows": 1526,
  "date_min": "2020-01-02",
  "date_max": "2026-05-11",
  "out": "/root/workspace/stock_realtime_v021_full/saved_data/002270_pipeline_out/01_samples/training_samples.csv"
}

[2026-05-12T00:31:56] RUN fundamental
  /usr/bin/python3 feature_building/build_fundamental_features.py --symbol 002270.SZ --daily-samples /root/workspace/stock_realtime_v021_full/saved_data/002270_pipeline_out/01_samples/training_samples.csv --out-dir /root/workspace/stock_realtime_v021_full/saved_data/002270_pipeline_out/02_fundamental --start-date 2018-01-01 --end-date 2026-05-12 --fallback-lag-days 120
login success!
logout success!
{
  "rows": 1526,
  "date_min": "2020-01-02",
  "date_max": "2026-05-11",
  "source_errors": [],
  "top_missing_rates": {
    "ak_fund_小单净流入-净额_sum10": 0.9239842726081258,
    "ak_fund_主力净流入-净额_sum10": 0.9239842726081258,
    "ak_fund_主力净流入-净占比_sum10": 0.9239842726081258,
    "ak_fund_涨跌幅_sum10": 0.9239842726081258,
    "ak_fund_收盘价_sum10": 0.9239842726081258,
    "ak_fund_中单净流入-净额_sum10": 0.9239842726081258,
    "ak_fund_中单净流入-净占比_sum10": 0.9239842726081258,
    "ak_fund_小单净流入-净占比_sum10": 0.9239842726081258,
    "ak_fund_超大单净流入-净额_sum10": 0.9239842726081258,
    "ak_fund_大单净流入-净额_sum10": 0.9239842726081258,
    "ak_fund_大单净流入-净占比_sum10": 0.9239842726081258,
    "ak_fund_超大单净流入-净占比_sum10": 0.9239842726081258,
    "ak_fund_涨跌幅_sum5": 0.9226736566186108,
    "ak_fund_主力净流入-净占比_sum5": 0.9226736566186108,
    "ak_fund_主力净流入-净额_sum5": 0.9226736566186108,
    "ak_fund_收盘价_sum5": 0.9226736566186108,
    "ak_fund_超大单净流入-净占比_sum5": 0.9226736566186108,
    "ak_fund_中单净流入-净占比_sum5": 0.9226736566186108,
    "ak_fund_中单净流入-净额_sum5": 0.9226736566186108,
    "ak_fund_小单净流入-净额_sum5": 0.9226736566186108,
    "ak_fund_小单净流入-净占比_sum5": 0.9226736566186108,
    "ak_fund_大单净流入-净占比_sum5": 0.9226736566186108,
    "ak_fund_大单净流入-净额_sum5": 0.9226736566186108,
    "ak_fund_超大单净流入-净额_sum5": 0.9226736566186108,
    "ak_fund_大单净流入-净额": 0.9213630406290957,
    "ak_fund_超大单净流入-净占比": 0.9213630406290957,
    "ak_fund_超大单净流入-净额": 0.9213630406290957,
    "ak_fund_收盘价": 0.9213630406290957,
    "ak_fund_涨跌幅": 0.9213630406290957,
    "ak_fund_中单净流入-净额": 0.9213630406290957
  },
  "valuation_non_null": {
    "peTTM": 1526,
    "pbMRQ": 1526,
    "psTTM": 1526,
    "pcfNcfTTM": 1526
  },
  "future_effective_date_violations": 0,
  "rows_with_quarterly": 1526,
  "sample_rows": 1526,
  "quarterly_raw_rows": 37,
  "quarterly_used_pubDate_rows": 37,
  "quarterly_fallback_rows": 0,
  "elapsed_seconds": 33.173,
  "symbol": "002270",
  "baostock_code": "sz.002270",
  "valuation_rows": 2023,
  "fund_flow_rows": 120,
  "feature_columns": 125,
  "merged_columns": 194,
  "outputs": {
    "daily_valuation": "/root/workspace/stock_realtime_v021_full/saved_data/002270_pipeline_out/02_fundamental/baostock_daily_valuation.csv",
    "quarterly_fundamentals": "/root/workspace/stock_realtime_v021_full/saved_data/002270_pipeline_out/02_fundamental/baostock_quarterly_fundamentals_pit.csv",
    "fundamental_features": "/root/workspace/stock_realtime_v021_full/saved_data/002270_pipeline_out/02_fundamental/fundamental_features.csv",
    "merged_samples": "/root/workspace/stock_realtime_v021_full/saved_data/002270_pipeline_out/02_fundamental/training_samples_with_fundamentals.csv"
  }
}

[2026-05-12T00:32:30] RUN sector
  /usr/bin/python3 feature_building/build_sector_features.py --samples /root/workspace/stock_realtime_v021_full/saved_data/002270_pipeline_out/02_fundamental/training_samples_with_fundamentals.csv --out-dir /root/workspace/stock_realtime_v021_full/saved_data/002270_pipeline_out/03_sector --sector-symbol '电网设备' --start-date 2018-01-01 --end-date 2026-05-12

  0%|          | 0/9 [00:00<?, ?it/s]
 11%|█         | 1/9 [00:00<00:02,  3.77it/s]
 22%|██▏       | 2/9 [00:00<00:01,  3.76it/s]
 33%|███▎      | 3/9 [00:00<00:01,  3.98it/s]
 44%|████▍     | 4/9 [00:01<00:01,  3.99it/s]
 56%|█████▌    | 5/9 [00:01<00:01,  3.93it/s]
 67%|██████▋   | 6/9 [00:01<00:00,  4.05it/s]
 78%|███████▊  | 7/9 [00:01<00:00,  3.91it/s]
 89%|████████▉ | 8/9 [00:02<00:00,  3.96it/s]
100%|██████████| 9/9 [00:02<00:00,  4.35it/s]
                                             
{
  "sector_symbol": "电网设备",
  "sector_rows": 2023,
  "sector_date_min": "2018-01-02",
  "sector_date_max": "2026-05-11",
  "sample_rows": 1526,
  "merged_rows": 1526,
  "sector_feature_cols": 23,
  "top_missing": {
    "sector_ret60": 0.039318479685452164,
    "sector_ma60_gap": 0.019659239842726082,
    "stock_vs_sector_ret20": 0.01310615989515072,
    "sector_ret20": 0.01310615989515072,
    "sector_vol20": 0.007208387942332897,
    "sector_ma20_gap": 0.00655307994757536,
    "sector_range_z20": 0.00655307994757536,
    "sector_volume_shock20": 0.00655307994757536,
    "sector_amount_z20": 0.00655307994757536,
    "sector_volume_z20": 0.00655307994757536,
    "sector_amount_shock20": 0.00655307994757536,
    "sector_ret5": 0.00327653997378768,
    "stock_vs_sector_ret5": 0.00327653997378768,
    "sector_vs_bench_ret5": 0.00327653997378768,
    "stock_vs_sector_ret1": 0.000655307994757536,
    "sector_ret1": 0.000655307994757536,
    "sector_amount": 0.0,
    "sector_volume": 0.0,
    "sector_close": 0.0,
    "sector_low": 0.0
  },
  "outputs": {
    "sector_index": "/root/workspace/stock_realtime_v021_full/saved_data/002270_pipeline_out/03_sector/sector_index_ths.csv",
    "sector_features": "/root/workspace/stock_realtime_v021_full/saved_data/002270_pipeline_out/03_sector/sector_features.csv",
    "merged_samples": "/root/workspace/stock_realtime_v021_full/saved_data/002270_pipeline_out/03_sector/training_samples_with_sector.csv"
  }
}
[INFO] final samples for search: /root/workspace/stock_realtime_v021_full/saved_data/002270_pipeline_out/03_sector/training_samples_with_sector.csv
=== nextday pipeline end: 2026-05-12T00:32:34 status=ok ===
=== nextday pipeline start: 2026-05-13T09:36:13 ===
symbol=002270.SZ, out_root=/root/stock_realtime_v021_full/saved_data/002270_pipeline_out

[2026-05-13T09:36:13] RUN update_data
  /usr/bin/python3 bootstrap/ashare_xgb_dual_opportunity_regression_baostock_full_v19_compressed_trading_axis.py --mode update_data --symbol 002270 --benchmark_symbol 000300 --daily_start 2018-01-01 --daily_end 2026-05-13 --intraday_start '2018-01-01 09:30:00' --intraday_end '2026-05-13 15:00:00' --output_dir /root/stock_realtime_v021_full/saved_data/002270_pipeline_out/00_base --cache_mode incremental --feature_cache_mode incremental --adjust qfq
/root/stock_realtime_v021_full/bootstrap/ashare_fetch_and_train_xgb_sell_signal_baostock_state_cache_helper_fix2.py:246: FutureWarning: The behavior of DataFrame concatenation with empty or all-NA entries is deprecated. In a future version, this will no longer exclude empty or all-NA columns when determining the result dtypes. To retain the old behavior, exclude the relevant entries before the concat operation.
  merged = _normalize_daily_df(pd.concat([df_old, df_new], axis=0, ignore_index=True))
/root/stock_realtime_v021_full/bootstrap/ashare_fetch_and_train_xgb_sell_signal_baostock_state_cache_helper_fix2.py:248: FutureWarning: The behavior of DataFrame concatenation with empty or all-NA entries is deprecated. In a future version, this will no longer exclude empty or all-NA columns when determining the result dtypes. To retain the old behavior, exclude the relevant entries before the concat operation.
  merged = _normalize_intraday_df(pd.concat([df_old, df_new], axis=0, ignore_index=True))
/root/stock_realtime_v021_full/bootstrap/ashare_fetch_and_train_xgb_sell_signal_baostock_state_cache_helper_fix2.py:254: FutureWarning: The behavior of DataFrame concatenation with empty or all-NA entries is deprecated. In a future version, this will no longer exclude empty or all-NA columns when determining the result dtypes. To retain the old behavior, exclude the relevant entries before the concat operation.
  merged = _normalize_bench_df(pd.concat([df_old, df_new], axis=0, ignore_index=True))
/root/stock_realtime_v021_full/bootstrap/ashare_fetch_and_train_xgb_sell_signal_baostock_state_cache_helper_fix2.py:250: FutureWarning: The behavior of DataFrame concatenation with empty or all-NA entries is deprecated. In a future version, this will no longer exclude empty or all-NA columns when determining the result dtypes. To retain the old behavior, exclude the relevant entries before the concat operation.
  merged = _normalize_daily_feature_df(pd.concat([df_old, df_new], axis=0, ignore_index=True))
/root/stock_realtime_v021_full/bootstrap/ashare_fetch_and_train_xgb_sell_signal_baostock_state_cache_helper_fix2.py:252: FutureWarning: The behavior of DataFrame concatenation with empty or all-NA entries is deprecated. In a future version, this will no longer exclude empty or all-NA columns when determining the result dtypes. To retain the old behavior, exclude the relevant entries before the concat operation.
  merged = _normalize_intraday_feature_df(pd.concat([df_old, df_new], axis=0, ignore_index=True))
login success!
logout success!
login success!
logout success!
login success!
logout success!
{
  "mode": "update_data",
  "symbol": "002270",
  "data_source": "baostock",
  "daily_rows": 2024,
  "intraday_rows": 73296,
  "daily_min": "2018-01-02 00:00:00",
  "daily_max": "2026-05-12 00:00:00",
  "intraday_min": "2020-01-02 09:35:00",
  "intraday_max": "2026-05-12 15:00:00",
  "base_paths": {
    "daily_csv": "/root/stock_realtime_v021_full/saved_data/002270_pipeline_out/00_base/002270_daily.csv",
    "intraday_csv": "/root/stock_realtime_v021_full/saved_data/002270_pipeline_out/00_base/002270_5m.csv",
    "benchmark_csv": "/root/stock_realtime_v021_full/saved_data/002270_pipeline_out/00_base/000300_benchmark_daily.csv",
    "raw_daily_cache_csv": "/root/stock_realtime_v021_full/saved_data/002270_pipeline_out/00_base/raw_cache/002270_daily_raw.csv",
    "raw_intraday_cache_csv": "/root/stock_realtime_v021_full/saved_data/002270_pipeline_out/00_base/raw_cache/002270_5m_raw.csv",
    "raw_benchmark_cache_csv": "/root/stock_realtime_v021_full/saved_data/002270_pipeline_out/00_base/raw_cache/000300_benchmark_daily_raw.csv",
    "daily_features_csv": "/root/stock_realtime_v021_full/saved_data/002270_pipeline_out/00_base/daily_features.csv",
    "intraday_features_csv": "/root/stock_realtime_v021_full/saved_data/002270_pipeline_out/00_base/intraday_features.csv",
    "daily_features_cache_csv": "/root/stock_realtime_v021_full/saved_data/002270_pipeline_out/00_base/feature_cache/daily_features_cache.csv",
    "intraday_features_cache_csv": "/root/stock_realtime_v021_full/saved_data/002270_pipeline_out/00_base/feature_cache/intraday_features_cache.csv",
    "feature_state_json": "/root/stock_realtime_v021_full/saved_data/002270_pipeline_out/00_base/feature_cache/feature_state.json"
  },
  "fetch_logs": {
    "symbol": "002270",
    "benchmark_symbol": "000300",
    "daily_start": "2018-01-01",
    "daily_end": "2026-05-13",
    "intraday_start": "2018-01-01 09:30:00",
    "intraday_end": "2026-05-13 15:00:00",
    "perf_start": "2018-01-01",
    "data_source": "baostock",
    "cache_mode": "incremental",
    "force_refresh": false,
    "raw_cache_dir": "/root/stock_realtime_v021_full/saved_data/002270_pipeline_out/00_base/raw_cache",
    "feature_cache_dir": "/root/stock_realtime_v021_full/saved_data/002270_pipeline_out/00_base/feature_cache",
    "feature_cache_mode": "incremental",
    "daily": {
      "cache_path": "/root/stock_realtime_v021_full/saved_data/002270_pipeline_out/00_base/raw_cache/002270_daily_raw.csv",
      "requested_start": "2018-01-01",
      "requested_end": "2026-05-13",
      "mode": "initial_fetch",
      "fetch_segments": [
        {
          "provider": "baostock",
          "code": "sz.002270",
          "adjustflag": "2",
          "rows": 2024,
          "start": "2018-01-01",
          "end": "2026-05-13"
        }
      ],
      "cache_after": {
        "rows": 2024,
        "min": "2018-01-02 00:00:00",
        "max": "2026-05-12 00:00:00"
      }
    },
    "intraday_5m": {
      "cache_path": "/root/stock_realtime_v021_full/saved_data/002270_pipeline_out/00_base/raw_cache/002270_5m_raw.csv",
      "requested_start": "2018-01-01 09:30:00",
      "requested_end": "2026-05-13 15:00:00",
      "mode": "initial_fetch",
      "fetch_segments": [
        {
          "provider": "baostock",
          "code": "sz.002270",
          "adjustflag": "2",
          "requested_start": "2018-01-01 09:30:00",
          "effective_start": "2018-01-01 09:30:00",
          "requested_end": "2026-05-13 15:00:00",
          "rows": 73296
        }
      ],
      "cache_after": {
        "rows": 73296,
        "min": "2020-01-02 09:35:00",
        "max": "2026-05-12 15:00:00"
      }
    },
    "benchmark_daily": {
      "cache_path": "/root/stock_realtime_v021_full/saved_data/002270_pipeline_out/00_base/raw_cache/000300_benchmark_daily_raw.csv",
      "requested_start": "2018-01-01",
      "requested_end": "2026-05-13",
      "mode": "initial_fetch",
      "fetch_segments": [
        {
          "provider": "baostock",
          "code": "sh.000300",
          "rows": 2024,
          "start": "2018-01-01",
          "end": "2026-05-13"
        }
      ],
      "cache_after": {
        "rows": 2024,
        "min": "2018-01-02 00:00:00",
        "max": "2026-05-12 00:00:00"
      }
    },
    "feature_build": {
      "mode": "full_rebuild",
      "reason": "feature_cache_missing",
      "daily_cache_after": {
        "rows": 2024,
        "min": "2018-01-02 00:00:00",
        "max": "2026-05-12 00:00:00"
      },
      "intraday_cache_after": {
        "rows": 73296,
        "min": "2020-01-02 09:35:00",
        "max": "2026-05-12 15:00:00"
      },
      "daily_context_days": 260,
      "intraday_context_days": 40,
      "daily_appended_rows": 2024,
      "intraday_appended_rows": 73296
    },
    "feature_state": {
      "daily_feature_max": "2026-05-12 00:00:00",
      "intraday_feature_max": "2026-05-12 15:00:00",
      "daily_context_days": 260,
      "intraday_context_days": 40,
      "feature_build_mode": "full_rebuild"
    }
  }
}

[2026-05-13T09:38:58] RUN samples
  /usr/bin/python3 feature_building/build_nextday_samples_from_baostock.py --daily-features /root/stock_realtime_v021_full/saved_data/002270_pipeline_out/00_base/daily_features.csv --intraday-bars /root/stock_realtime_v021_full/saved_data/002270_pipeline_out/00_base/002270_5m.csv --out-dir /root/stock_realtime_v021_full/saved_data/002270_pipeline_out/01_samples --min-bars 40 --keep-unlabeled-tail
{
  "rows": 1527,
  "date_min": "2020-01-02",
  "date_max": "2026-05-12",
  "out": "/root/stock_realtime_v021_full/saved_data/002270_pipeline_out/01_samples/training_samples.csv"
}

[2026-05-13T09:38:59] RUN fundamental
  /usr/bin/python3 feature_building/build_fundamental_features.py --symbol 002270.SZ --daily-samples /root/stock_realtime_v021_full/saved_data/002270_pipeline_out/01_samples/training_samples.csv --out-dir /root/stock_realtime_v021_full/saved_data/002270_pipeline_out/02_fundamental --start-date 2018-01-01 --end-date 2026-05-13 --fallback-lag-days 120
login success!
logout success!
{
  "rows": 1527,
  "date_min": "2020-01-02",
  "date_max": "2026-05-12",
  "source_errors": [],
  "top_missing_rates": {
    "ak_fund_小单净流入-净额_sum10": 0.9240340537000655,
    "ak_fund_主力净流入-净额_sum10": 0.9240340537000655,
    "ak_fund_主力净流入-净占比_sum10": 0.9240340537000655,
    "ak_fund_涨跌幅_sum10": 0.9240340537000655,
    "ak_fund_收盘价_sum10": 0.9240340537000655,
    "ak_fund_中单净流入-净额_sum10": 0.9240340537000655,
    "ak_fund_中单净流入-净占比_sum10": 0.9240340537000655,
    "ak_fund_小单净流入-净占比_sum10": 0.9240340537000655,
    "ak_fund_超大单净流入-净额_sum10": 0.9240340537000655,
    "ak_fund_大单净流入-净额_sum10": 0.9240340537000655,
    "ak_fund_大单净流入-净占比_sum10": 0.9240340537000655,
    "ak_fund_超大单净流入-净占比_sum10": 0.9240340537000655,
    "ak_fund_涨跌幅_sum5": 0.922724296005239,
    "ak_fund_主力净流入-净占比_sum5": 0.922724296005239,
    "ak_fund_主力净流入-净额_sum5": 0.922724296005239,
    "ak_fund_收盘价_sum5": 0.922724296005239,
    "ak_fund_超大单净流入-净占比_sum5": 0.922724296005239,
    "ak_fund_中单净流入-净占比_sum5": 0.922724296005239,
    "ak_fund_中单净流入-净额_sum5": 0.922724296005239,
    "ak_fund_小单净流入-净额_sum5": 0.922724296005239,
    "ak_fund_小单净流入-净占比_sum5": 0.922724296005239,
    "ak_fund_大单净流入-净占比_sum5": 0.922724296005239,
    "ak_fund_大单净流入-净额_sum5": 0.922724296005239,
    "ak_fund_超大单净流入-净额_sum5": 0.922724296005239,
    "ak_fund_大单净流入-净额": 0.9214145383104125,
    "ak_fund_超大单净流入-净占比": 0.9214145383104125,
    "ak_fund_超大单净流入-净额": 0.9214145383104125,
    "ak_fund_收盘价": 0.9214145383104125,
    "ak_fund_涨跌幅": 0.9214145383104125,
    "ak_fund_中单净流入-净额": 0.9214145383104125
  },
  "valuation_non_null": {
    "peTTM": 1527,
    "pbMRQ": 1527,
    "psTTM": 1527,
    "pcfNcfTTM": 1527
  },
  "future_effective_date_violations": 0,
  "rows_with_quarterly": 1527,
  "sample_rows": 1527,
  "quarterly_raw_rows": 37,
  "quarterly_used_pubDate_rows": 37,
  "quarterly_fallback_rows": 0,
  "elapsed_seconds": 24.092,
  "symbol": "002270",
  "baostock_code": "sz.002270",
  "valuation_rows": 2024,
  "fund_flow_rows": 120,
  "feature_columns": 125,
  "merged_columns": 194,
  "outputs": {
    "daily_valuation": "/root/stock_realtime_v021_full/saved_data/002270_pipeline_out/02_fundamental/baostock_daily_valuation.csv",
    "quarterly_fundamentals": "/root/stock_realtime_v021_full/saved_data/002270_pipeline_out/02_fundamental/baostock_quarterly_fundamentals_pit.csv",
    "fundamental_features": "/root/stock_realtime_v021_full/saved_data/002270_pipeline_out/02_fundamental/fundamental_features.csv",
    "merged_samples": "/root/stock_realtime_v021_full/saved_data/002270_pipeline_out/02_fundamental/training_samples_with_fundamentals.csv"
  }
}

[2026-05-13T09:39:24] RUN sector
  /usr/bin/python3 feature_building/build_sector_features.py --samples /root/stock_realtime_v021_full/saved_data/002270_pipeline_out/02_fundamental/training_samples_with_fundamentals.csv --out-dir /root/stock_realtime_v021_full/saved_data/002270_pipeline_out/03_sector --sector-symbol '电网设备' --start-date 2018-01-01 --end-date 2026-05-13

  0%|          | 0/9 [00:00<?, ?it/s]
 11%|█         | 1/9 [00:00<00:01,  4.44it/s]
 22%|██▏       | 2/9 [00:00<00:01,  4.46it/s]
 33%|███▎      | 3/9 [00:00<00:01,  3.97it/s]
 44%|████▍     | 4/9 [00:00<00:01,  3.89it/s]
 56%|█████▌    | 5/9 [00:01<00:01,  3.89it/s]
 67%|██████▋   | 6/9 [00:01<00:00,  3.89it/s]
 78%|███████▊  | 7/9 [00:01<00:00,  3.90it/s]
 89%|████████▉ | 8/9 [00:02<00:00,  3.95it/s]
100%|██████████| 9/9 [00:02<00:00,  4.41it/s]
                                             
{
  "sector_symbol": "电网设备",
  "sector_rows": 2024,
  "sector_date_min": "2018-01-02",
  "sector_date_max": "2026-05-12",
  "sample_rows": 1527,
  "merged_rows": 1527,
  "sector_feature_cols": 23,
  "top_missing": {
    "sector_ret60": 0.03929273084479371,
    "sector_ma60_gap": 0.019646365422396856,
    "stock_vs_sector_ret20": 0.01309757694826457,
    "sector_ret20": 0.01309757694826457,
    "sector_vol20": 0.007203667321545514,
    "sector_ma20_gap": 0.006548788474132285,
    "sector_range_z20": 0.006548788474132285,
    "sector_volume_shock20": 0.006548788474132285,
    "sector_amount_z20": 0.006548788474132285,
    "sector_volume_z20": 0.006548788474132285,
    "sector_amount_shock20": 0.006548788474132285,
    "sector_ret5": 0.0032743942370661427,
    "stock_vs_sector_ret5": 0.0032743942370661427,
    "sector_vs_bench_ret5": 0.0032743942370661427,
    "stock_vs_sector_ret1": 0.0006548788474132286,
    "sector_ret1": 0.0006548788474132286,
    "sector_amount": 0.0,
    "sector_volume": 0.0,
    "sector_close": 0.0,
    "sector_low": 0.0
  },
  "outputs": {
    "sector_index": "/root/stock_realtime_v021_full/saved_data/002270_pipeline_out/03_sector/sector_index_ths.csv",
    "sector_features": "/root/stock_realtime_v021_full/saved_data/002270_pipeline_out/03_sector/sector_features.csv",
    "merged_samples": "/root/stock_realtime_v021_full/saved_data/002270_pipeline_out/03_sector/training_samples_with_sector.csv"
  }
}
[INFO] final samples for search: /root/stock_realtime_v021_full/saved_data/002270_pipeline_out/03_sector/training_samples_with_sector.csv
=== nextday pipeline end: 2026-05-13T09:39:28 status=ok ===
=== nextday pipeline start: 2026-05-14T00:03:59 ===
symbol=002270.SZ, out_root=/root/stock_realtime_v021_full/saved_data/002270_pipeline_out

[2026-05-14T00:03:59] RUN update_data
  /usr/bin/python3 bootstrap/ashare_xgb_dual_opportunity_regression_baostock_full_v19_compressed_trading_axis.py --mode update_data --symbol 002270 --benchmark_symbol 000300 --daily_start 2018-01-01 --daily_end 2026-05-14 --intraday_start '2018-01-01 09:30:00' --intraday_end '2026-05-14 15:00:00' --output_dir /root/stock_realtime_v021_full/saved_data/002270_pipeline_out/00_base --cache_mode incremental --feature_cache_mode incremental --adjust qfq
/root/stock_realtime_v021_full/bootstrap/ashare_fetch_and_train_xgb_sell_signal_baostock_state_cache_helper_fix2.py:246: FutureWarning: The behavior of DataFrame concatenation with empty or all-NA entries is deprecated. In a future version, this will no longer exclude empty or all-NA columns when determining the result dtypes. To retain the old behavior, exclude the relevant entries before the concat operation.
  merged = _normalize_daily_df(pd.concat([df_old, df_new], axis=0, ignore_index=True))
/root/stock_realtime_v021_full/bootstrap/ashare_fetch_and_train_xgb_sell_signal_baostock_state_cache_helper_fix2.py:254: FutureWarning: The behavior of DataFrame concatenation with empty or all-NA entries is deprecated. In a future version, this will no longer exclude empty or all-NA columns when determining the result dtypes. To retain the old behavior, exclude the relevant entries before the concat operation.
  merged = _normalize_bench_df(pd.concat([df_old, df_new], axis=0, ignore_index=True))
login success!
logout success!
login success!
logout success!
login success!
logout success!
login success!
logout success!
login success!
logout success!
login success!
logout success!
{
  "mode": "update_data",
  "symbol": "002270",
  "data_source": "baostock",
  "daily_rows": 2025,
  "intraday_rows": 73344,
  "daily_min": "2018-01-02 00:00:00",
  "daily_max": "2026-05-13 00:00:00",
  "intraday_min": "2020-01-02 09:35:00",
  "intraday_max": "2026-05-13 15:00:00",
  "base_paths": {
    "daily_csv": "/root/stock_realtime_v021_full/saved_data/002270_pipeline_out/00_base/002270_daily.csv",
    "intraday_csv": "/root/stock_realtime_v021_full/saved_data/002270_pipeline_out/00_base/002270_5m.csv",
    "benchmark_csv": "/root/stock_realtime_v021_full/saved_data/002270_pipeline_out/00_base/000300_benchmark_daily.csv",
    "raw_daily_cache_csv": "/root/stock_realtime_v021_full/saved_data/002270_pipeline_out/00_base/raw_cache/002270_daily_raw.csv",
    "raw_intraday_cache_csv": "/root/stock_realtime_v021_full/saved_data/002270_pipeline_out/00_base/raw_cache/002270_5m_raw.csv",
    "raw_benchmark_cache_csv": "/root/stock_realtime_v021_full/saved_data/002270_pipeline_out/00_base/raw_cache/000300_benchmark_daily_raw.csv",
    "daily_features_csv": "/root/stock_realtime_v021_full/saved_data/002270_pipeline_out/00_base/daily_features.csv",
    "intraday_features_csv": "/root/stock_realtime_v021_full/saved_data/002270_pipeline_out/00_base/intraday_features.csv",
    "daily_features_cache_csv": "/root/stock_realtime_v021_full/saved_data/002270_pipeline_out/00_base/feature_cache/daily_features_cache.csv",
    "intraday_features_cache_csv": "/root/stock_realtime_v021_full/saved_data/002270_pipeline_out/00_base/feature_cache/intraday_features_cache.csv",
    "feature_state_json": "/root/stock_realtime_v021_full/saved_data/002270_pipeline_out/00_base/feature_cache/feature_state.json"
  },
  "fetch_logs": {
    "symbol": "002270",
    "benchmark_symbol": "000300",
    "daily_start": "2018-01-01",
    "daily_end": "2026-05-14",
    "intraday_start": "2018-01-01 09:30:00",
    "intraday_end": "2026-05-14 15:00:00",
    "perf_start": "2018-01-01",
    "data_source": "baostock",
    "cache_mode": "incremental",
    "force_refresh": false,
    "raw_cache_dir": "/root/stock_realtime_v021_full/saved_data/002270_pipeline_out/00_base/raw_cache",
    "feature_cache_dir": "/root/stock_realtime_v021_full/saved_data/002270_pipeline_out/00_base/feature_cache",
    "feature_cache_mode": "incremental",
    "daily": {
      "cache_path": "/root/stock_realtime_v021_full/saved_data/002270_pipeline_out/00_base/raw_cache/002270_daily_raw.csv",
      "requested_start": "2018-01-01",
      "requested_end": "2026-05-14",
      "mode": "incremental",
      "cache_before": {
        "rows": 2024,
        "min": "2018-01-02 00:00:00",
        "max": "2026-05-12 00:00:00"
      },
      "fetch_segments": [
        {
          "provider": "baostock",
          "code": "sz.002270",
          "adjustflag": "2",
          "rows": 0
        },
        {
          "provider": "baostock",
          "code": "sz.002270",
          "adjustflag": "2",
          "rows": 1,
          "start": "2026-05-13",
          "end": "2026-05-14"
        }
      ],
      "cache_after": {
        "rows": 2025,
        "min": "2018-01-02 00:00:00",
        "max": "2026-05-13 00:00:00"
      }
    },
    "intraday_5m": {
      "cache_path": "/root/stock_realtime_v021_full/saved_data/002270_pipeline_out/00_base/raw_cache/002270_5m_raw.csv",
      "requested_start": "2018-01-01 09:30:00",
      "requested_end": "2026-05-14 15:00:00",
      "mode": "incremental",
      "cache_before": {
        "rows": 73296,
        "min": "2020-01-02 09:35:00",
        "max": "2026-05-12 15:00:00"
      },
      "fetch_segments": [
        {
          "provider": "baostock",
          "code": "sz.002270",
          "adjustflag": "2",
          "requested_start": "2018-01-01 09:30:00",
          "effective_start": "2018-01-01 09:30:00",
          "requested_end": "2020-01-02 09:30:00",
          "rows": 0
        },
        {
          "provider": "baostock",
          "code": "sz.002270",
          "adjustflag": "2",
          "requested_start": "2026-05-12 15:05:00",
          "effective_start": "2026-05-12 15:05:00",
          "requested_end": "2026-05-14 15:00:00",
          "rows": 48
        }
      ],
      "cache_after": {
        "rows": 73344,
        "min": "2020-01-02 09:35:00",
        "max": "2026-05-13 15:00:00"
      }
    },
    "benchmark_daily": {
      "cache_path": "/root/stock_realtime_v021_full/saved_data/002270_pipeline_out/00_base/raw_cache/000300_benchmark_daily_raw.csv",
      "requested_start": "2018-01-01",
      "requested_end": "2026-05-14",
      "mode": "incremental",
      "cache_before": {
        "rows": 2024,
        "min": "2018-01-02 00:00:00",
        "max": "2026-05-12 00:00:00"
      },
      "fetch_segments": [
        {
          "provider": "baostock",
          "code": "sh.000300",
          "rows": 0,
          "start": "2018-01-01",
          "end": "2018-01-01"
        },
        {
          "provider": "baostock",
          "code": "sh.000300",
          "rows": 1,
          "start": "2026-05-13",
          "end": "2026-05-14"
        }
      ],
      "cache_after": {
        "rows": 2025,
        "min": "2018-01-02 00:00:00",
        "max": "2026-05-13 00:00:00"
      }
    },
    "feature_build": {
      "mode": "stateful_incremental_append",
      "daily_context_days": 260,
      "intraday_context_days": 40,
      "daily_append": {
        "needed": true,
        "first_new_date": "2026-05-13 00:00:00",
        "context_start": "2025-04-14 00:00:00",
        "context_raw_rows": 261,
        "appended_rows": 1,
        "cache_before": {
          "rows": 2024,
          "min": "2018-01-02 00:00:00",
          "max": "2026-05-12 00:00:00"
        },
        "cache_after": {
          "rows": 2025,
          "min": "2018-01-02 00:00:00",
          "max": "2026-05-13 00:00:00"
        }
      },
      "intraday_append": {
        "needed": true,
        "first_new_datetime": "2026-05-13 09:35:00",
        "context_start_date": "2026-03-12 00:00:00",
        "context_raw_rows": 1968,
        "appended_rows": 48,
        "cache_before": {
          "rows": 73296,
          "min": "2020-01-02 09:35:00",
          "max": "2026-05-12 15:00:00"
        },
        "cache_after": {
          "rows": 73344,
          "min": "2020-01-02 09:35:00",
          "max": "2026-05-13 15:00:00"
        }
      }
    },
    "feature_state": {
      "daily_feature_max": "2026-05-13 00:00:00",
      "intraday_feature_max": "2026-05-13 15:00:00",
      "daily_context_days": 260,
      "intraday_context_days": 40,
      "feature_build_mode": "stateful_incremental_append"
    }
  }
}

[2026-05-14T00:04:24] RUN samples
  /usr/bin/python3 feature_building/build_nextday_samples_from_baostock.py --daily-features /root/stock_realtime_v021_full/saved_data/002270_pipeline_out/00_base/daily_features.csv --intraday-bars /root/stock_realtime_v021_full/saved_data/002270_pipeline_out/00_base/002270_5m.csv --out-dir /root/stock_realtime_v021_full/saved_data/002270_pipeline_out/01_samples --min-bars 40 --keep-unlabeled-tail
{
  "rows": 1528,
  "date_min": "2020-01-02",
  "date_max": "2026-05-13",
  "out": "/root/stock_realtime_v021_full/saved_data/002270_pipeline_out/01_samples/training_samples.csv"
}

[2026-05-14T00:04:26] RUN fundamental
  /usr/bin/python3 feature_building/build_fundamental_features.py --symbol 002270.SZ --daily-samples /root/stock_realtime_v021_full/saved_data/002270_pipeline_out/01_samples/training_samples.csv --out-dir /root/stock_realtime_v021_full/saved_data/002270_pipeline_out/02_fundamental --start-date 2018-01-01 --end-date 2026-05-14 --fallback-lag-days 120
login success!
logout success!
{
  "rows": 1528,
  "date_min": "2020-01-02",
  "date_max": "2026-05-13",
  "source_errors": [],
  "top_missing_rates": {
    "ak_fund_小单净流入-净额_sum10": 0.9240837696335078,
    "ak_fund_主力净流入-净额_sum10": 0.9240837696335078,
    "ak_fund_主力净流入-净占比_sum10": 0.9240837696335078,
    "ak_fund_涨跌幅_sum10": 0.9240837696335078,
    "ak_fund_收盘价_sum10": 0.9240837696335078,
    "ak_fund_中单净流入-净额_sum10": 0.9240837696335078,
    "ak_fund_中单净流入-净占比_sum10": 0.9240837696335078,
    "ak_fund_小单净流入-净占比_sum10": 0.9240837696335078,
    "ak_fund_超大单净流入-净额_sum10": 0.9240837696335078,
    "ak_fund_大单净流入-净额_sum10": 0.9240837696335078,
    "ak_fund_大单净流入-净占比_sum10": 0.9240837696335078,
    "ak_fund_超大单净流入-净占比_sum10": 0.9240837696335078,
    "ak_fund_涨跌幅_sum5": 0.9227748691099477,
    "ak_fund_主力净流入-净占比_sum5": 0.9227748691099477,
    "ak_fund_主力净流入-净额_sum5": 0.9227748691099477,
    "ak_fund_收盘价_sum5": 0.9227748691099477,
    "ak_fund_超大单净流入-净占比_sum5": 0.9227748691099477,
    "ak_fund_中单净流入-净占比_sum5": 0.9227748691099477,
    "ak_fund_中单净流入-净额_sum5": 0.9227748691099477,
    "ak_fund_小单净流入-净额_sum5": 0.9227748691099477,
    "ak_fund_小单净流入-净占比_sum5": 0.9227748691099477,
    "ak_fund_大单净流入-净占比_sum5": 0.9227748691099477,
    "ak_fund_大单净流入-净额_sum5": 0.9227748691099477,
    "ak_fund_超大单净流入-净额_sum5": 0.9227748691099477,
    "ak_fund_大单净流入-净额": 0.9214659685863874,
    "ak_fund_超大单净流入-净占比": 0.9214659685863874,
    "ak_fund_超大单净流入-净额": 0.9214659685863874,
    "ak_fund_收盘价": 0.9214659685863874,
    "ak_fund_涨跌幅": 0.9214659685863874,
    "ak_fund_中单净流入-净额": 0.9214659685863874
  },
  "valuation_non_null": {
    "peTTM": 1528,
    "pbMRQ": 1528,
    "psTTM": 1528,
    "pcfNcfTTM": 1528
  },
  "future_effective_date_violations": 0,
  "rows_with_quarterly": 1528,
  "sample_rows": 1528,
  "quarterly_raw_rows": 37,
  "quarterly_used_pubDate_rows": 37,
  "quarterly_fallback_rows": 0,
  "elapsed_seconds": 20.68,
  "symbol": "002270",
  "baostock_code": "sz.002270",
  "valuation_rows": 2025,
  "fund_flow_rows": 120,
  "feature_columns": 125,
  "merged_columns": 194,
  "outputs": {
    "daily_valuation": "/root/stock_realtime_v021_full/saved_data/002270_pipeline_out/02_fundamental/baostock_daily_valuation.csv",
    "quarterly_fundamentals": "/root/stock_realtime_v021_full/saved_data/002270_pipeline_out/02_fundamental/baostock_quarterly_fundamentals_pit.csv",
    "fundamental_features": "/root/stock_realtime_v021_full/saved_data/002270_pipeline_out/02_fundamental/fundamental_features.csv",
    "merged_samples": "/root/stock_realtime_v021_full/saved_data/002270_pipeline_out/02_fundamental/training_samples_with_fundamentals.csv"
  }
}

[2026-05-14T00:04:47] RUN sector
  /usr/bin/python3 feature_building/build_sector_features.py --samples /root/stock_realtime_v021_full/saved_data/002270_pipeline_out/02_fundamental/training_samples_with_fundamentals.csv --out-dir /root/stock_realtime_v021_full/saved_data/002270_pipeline_out/03_sector --sector-symbol '电网设备' --start-date 2018-01-01 --end-date 2026-05-14

  0%|          | 0/9 [00:00<?, ?it/s]
 11%|█         | 1/9 [00:00<00:02,  3.06it/s]
 22%|██▏       | 2/9 [00:00<00:02,  2.95it/s]
 33%|███▎      | 3/9 [00:01<00:02,  2.95it/s]
 44%|████▍     | 4/9 [00:01<00:01,  3.08it/s]
 56%|█████▌    | 5/9 [00:01<00:01,  3.10it/s]
 67%|██████▋   | 6/9 [00:01<00:00,  3.07it/s]
 78%|███████▊  | 7/9 [00:02<00:00,  2.97it/s]
 89%|████████▉ | 8/9 [00:02<00:00,  2.99it/s]
100%|██████████| 9/9 [00:02<00:00,  3.14it/s]
                                             
{
  "sector_symbol": "电网设备",
  "sector_rows": 2025,
  "sector_date_min": "2018-01-02",
  "sector_date_max": "2026-05-13",
  "sample_rows": 1528,
  "merged_rows": 1528,
  "sector_feature_cols": 23,
  "top_missing": {
    "sector_ret60": 0.03926701570680628,
    "sector_ma60_gap": 0.01963350785340314,
    "stock_vs_sector_ret20": 0.013089005235602094,
    "sector_ret20": 0.013089005235602094,
    "sector_vol20": 0.007198952879581152,
    "sector_ma20_gap": 0.006544502617801047,
    "sector_range_z20": 0.006544502617801047,
    "sector_volume_shock20": 0.006544502617801047,
    "sector_amount_z20": 0.006544502617801047,
    "sector_volume_z20": 0.006544502617801047,
    "sector_amount_shock20": 0.006544502617801047,
    "sector_ret5": 0.0032722513089005235,
    "stock_vs_sector_ret5": 0.0032722513089005235,
    "sector_vs_bench_ret5": 0.0032722513089005235,
    "stock_vs_sector_ret1": 0.0006544502617801048,
    "sector_ret1": 0.0006544502617801048,
    "sector_amount": 0.0,
    "sector_volume": 0.0,
    "sector_close": 0.0,
    "sector_low": 0.0
  },
  "outputs": {
    "sector_index": "/root/stock_realtime_v021_full/saved_data/002270_pipeline_out/03_sector/sector_index_ths.csv",
    "sector_features": "/root/stock_realtime_v021_full/saved_data/002270_pipeline_out/03_sector/sector_features.csv",
    "merged_samples": "/root/stock_realtime_v021_full/saved_data/002270_pipeline_out/03_sector/training_samples_with_sector.csv"
  }
}
[INFO] final samples for search: /root/stock_realtime_v021_full/saved_data/002270_pipeline_out/03_sector/training_samples_with_sector.csv
=== nextday pipeline end: 2026-05-14T00:04:53 status=ok ===
=== nextday pipeline start: 2026-05-15T08:57:25 ===
symbol=002270.SZ, out_root=/root/stock_realtime_v021_full/saved_data/002270_pipeline_out

[2026-05-15T08:57:25] RUN update_data
  /usr/bin/python3 bootstrap/ashare_xgb_dual_opportunity_regression_baostock_full_v19_compressed_trading_axis.py --mode update_data --symbol 002270 --benchmark_symbol 000300 --daily_start 2018-01-01 --daily_end 2026-05-15 --intraday_start '2018-01-01 09:30:00' --intraday_end '2026-05-15 15:00:00' --output_dir /root/stock_realtime_v021_full/saved_data/002270_pipeline_out/00_base --cache_mode incremental --feature_cache_mode incremental --adjust qfq
/root/stock_realtime_v021_full/bootstrap/ashare_fetch_and_train_xgb_sell_signal_baostock_state_cache_helper_fix2.py:246: FutureWarning: The behavior of DataFrame concatenation with empty or all-NA entries is deprecated. In a future version, this will no longer exclude empty or all-NA columns when determining the result dtypes. To retain the old behavior, exclude the relevant entries before the concat operation.
  merged = _normalize_daily_df(pd.concat([df_old, df_new], axis=0, ignore_index=True))
/root/stock_realtime_v021_full/bootstrap/ashare_fetch_and_train_xgb_sell_signal_baostock_state_cache_helper_fix2.py:254: FutureWarning: The behavior of DataFrame concatenation with empty or all-NA entries is deprecated. In a future version, this will no longer exclude empty or all-NA columns when determining the result dtypes. To retain the old behavior, exclude the relevant entries before the concat operation.
  merged = _normalize_bench_df(pd.concat([df_old, df_new], axis=0, ignore_index=True))
login success!
logout success!
login success!
logout success!
login success!
logout success!
login success!
logout success!
login success!
logout success!
login success!
logout success!
{
  "mode": "update_data",
  "symbol": "002270",
  "data_source": "baostock",
  "daily_rows": 2026,
  "intraday_rows": 73392,
  "daily_min": "2018-01-02 00:00:00",
  "daily_max": "2026-05-14 00:00:00",
  "intraday_min": "2020-01-02 09:35:00",
  "intraday_max": "2026-05-14 15:00:00",
  "base_paths": {
    "daily_csv": "/root/stock_realtime_v021_full/saved_data/002270_pipeline_out/00_base/002270_daily.csv",
    "intraday_csv": "/root/stock_realtime_v021_full/saved_data/002270_pipeline_out/00_base/002270_5m.csv",
    "benchmark_csv": "/root/stock_realtime_v021_full/saved_data/002270_pipeline_out/00_base/000300_benchmark_daily.csv",
    "raw_daily_cache_csv": "/root/stock_realtime_v021_full/saved_data/002270_pipeline_out/00_base/raw_cache/002270_daily_raw.csv",
    "raw_intraday_cache_csv": "/root/stock_realtime_v021_full/saved_data/002270_pipeline_out/00_base/raw_cache/002270_5m_raw.csv",
    "raw_benchmark_cache_csv": "/root/stock_realtime_v021_full/saved_data/002270_pipeline_out/00_base/raw_cache/000300_benchmark_daily_raw.csv",
    "daily_features_csv": "/root/stock_realtime_v021_full/saved_data/002270_pipeline_out/00_base/daily_features.csv",
    "intraday_features_csv": "/root/stock_realtime_v021_full/saved_data/002270_pipeline_out/00_base/intraday_features.csv",
    "daily_features_cache_csv": "/root/stock_realtime_v021_full/saved_data/002270_pipeline_out/00_base/feature_cache/daily_features_cache.csv",
    "intraday_features_cache_csv": "/root/stock_realtime_v021_full/saved_data/002270_pipeline_out/00_base/feature_cache/intraday_features_cache.csv",
    "feature_state_json": "/root/stock_realtime_v021_full/saved_data/002270_pipeline_out/00_base/feature_cache/feature_state.json"
  },
  "fetch_logs": {
    "symbol": "002270",
    "benchmark_symbol": "000300",
    "daily_start": "2018-01-01",
    "daily_end": "2026-05-15",
    "intraday_start": "2018-01-01 09:30:00",
    "intraday_end": "2026-05-15 15:00:00",
    "perf_start": "2018-01-01",
    "data_source": "baostock",
    "cache_mode": "incremental",
    "force_refresh": false,
    "raw_cache_dir": "/root/stock_realtime_v021_full/saved_data/002270_pipeline_out/00_base/raw_cache",
    "feature_cache_dir": "/root/stock_realtime_v021_full/saved_data/002270_pipeline_out/00_base/feature_cache",
    "feature_cache_mode": "incremental",
    "daily": {
      "cache_path": "/root/stock_realtime_v021_full/saved_data/002270_pipeline_out/00_base/raw_cache/002270_daily_raw.csv",
      "requested_start": "2018-01-01",
      "requested_end": "2026-05-15",
      "mode": "incremental",
      "cache_before": {
        "rows": 2025,
        "min": "2018-01-02 00:00:00",
        "max": "2026-05-13 00:00:00"
      },
      "fetch_segments": [
        {
          "provider": "baostock",
          "code": "sz.002270",
          "adjustflag": "2",
          "rows": 0
        },
        {
          "provider": "baostock",
          "code": "sz.002270",
          "adjustflag": "2",
          "rows": 1,
          "start": "2026-05-14",
          "end": "2026-05-15"
        }
      ],
      "cache_after": {
        "rows": 2026,
        "min": "2018-01-02 00:00:00",
        "max": "2026-05-14 00:00:00"
      }
    },
    "intraday_5m": {
      "cache_path": "/root/stock_realtime_v021_full/saved_data/002270_pipeline_out/00_base/raw_cache/002270_5m_raw.csv",
      "requested_start": "2018-01-01 09:30:00",
      "requested_end": "2026-05-15 15:00:00",
      "mode": "incremental",
      "cache_before": {
        "rows": 73344,
        "min": "2020-01-02 09:35:00",
        "max": "2026-05-13 15:00:00"
      },
      "fetch_segments": [
        {
          "provider": "baostock",
          "code": "sz.002270",
          "adjustflag": "2",
          "requested_start": "2018-01-01 09:30:00",
          "effective_start": "2018-01-01 09:30:00",
          "requested_end": "2020-01-02 09:30:00",
          "rows": 0
        },
        {
          "provider": "baostock",
          "code": "sz.002270",
          "adjustflag": "2",
          "requested_start": "2026-05-13 15:05:00",
          "effective_start": "2026-05-13 15:05:00",
          "requested_end": "2026-05-15 15:00:00",
          "rows": 48
        }
      ],
      "cache_after": {
        "rows": 73392,
        "min": "2020-01-02 09:35:00",
        "max": "2026-05-14 15:00:00"
      }
    },
    "benchmark_daily": {
      "cache_path": "/root/stock_realtime_v021_full/saved_data/002270_pipeline_out/00_base/raw_cache/000300_benchmark_daily_raw.csv",
      "requested_start": "2018-01-01",
      "requested_end": "2026-05-15",
      "mode": "incremental",
      "cache_before": {
        "rows": 2025,
        "min": "2018-01-02 00:00:00",
        "max": "2026-05-13 00:00:00"
      },
      "fetch_segments": [
        {
          "provider": "baostock",
          "code": "sh.000300",
          "rows": 0,
          "start": "2018-01-01",
          "end": "2018-01-01"
        },
        {
          "provider": "baostock",
          "code": "sh.000300",
          "rows": 1,
          "start": "2026-05-14",
          "end": "2026-05-15"
        }
      ],
      "cache_after": {
        "rows": 2026,
        "min": "2018-01-02 00:00:00",
        "max": "2026-05-14 00:00:00"
      }
    },
    "feature_build": {
      "mode": "stateful_incremental_append",
      "daily_context_days": 260,
      "intraday_context_days": 40,
      "daily_append": {
        "needed": true,
        "first_new_date": "2026-05-14 00:00:00",
        "context_start": "2025-04-15 00:00:00",
        "context_raw_rows": 261,
        "appended_rows": 1,
        "cache_before": {
          "rows": 2025,
          "min": "2018-01-02 00:00:00",
          "max": "2026-05-13 00:00:00"
        },
        "cache_after": {
          "rows": 2026,
          "min": "2018-01-02 00:00:00",
          "max": "2026-05-14 00:00:00"
        }
      },
      "intraday_append": {
        "needed": true,
        "first_new_datetime": "2026-05-14 09:35:00",
        "context_start_date": "2026-03-13 00:00:00",
        "context_raw_rows": 1968,
        "appended_rows": 48,
        "cache_before": {
          "rows": 73344,
          "min": "2020-01-02 09:35:00",
          "max": "2026-05-13 15:00:00"
        },
        "cache_after": {
          "rows": 73392,
          "min": "2020-01-02 09:35:00",
          "max": "2026-05-14 15:00:00"
        }
      }
    },
    "feature_state": {
      "daily_feature_max": "2026-05-14 00:00:00",
      "intraday_feature_max": "2026-05-14 15:00:00",
      "daily_context_days": 260,
      "intraday_context_days": 40,
      "feature_build_mode": "stateful_incremental_append"
    }
  }
}

[2026-05-15T08:57:41] RUN samples
  /usr/bin/python3 feature_building/build_nextday_samples_from_baostock.py --daily-features /root/stock_realtime_v021_full/saved_data/002270_pipeline_out/00_base/daily_features.csv --intraday-bars /root/stock_realtime_v021_full/saved_data/002270_pipeline_out/00_base/002270_5m.csv --out-dir /root/stock_realtime_v021_full/saved_data/002270_pipeline_out/01_samples --min-bars 40 --keep-unlabeled-tail
{
  "rows": 1529,
  "date_min": "2020-01-02",
  "date_max": "2026-05-14",
  "out": "/root/stock_realtime_v021_full/saved_data/002270_pipeline_out/01_samples/training_samples.csv"
}

[2026-05-15T08:57:42] RUN fundamental
  /usr/bin/python3 feature_building/build_fundamental_features.py --symbol 002270.SZ --daily-samples /root/stock_realtime_v021_full/saved_data/002270_pipeline_out/01_samples/training_samples.csv --out-dir /root/stock_realtime_v021_full/saved_data/002270_pipeline_out/02_fundamental --start-date 2018-01-01 --end-date 2026-05-15 --fallback-lag-days 120
login success!
logout success!
{
  "rows": 1529,
  "date_min": "2020-01-02",
  "date_max": "2026-05-14",
  "source_errors": [],
  "top_missing_rates": {
    "ak_fund_小单净流入-净额_sum10": 0.9241334205362982,
    "ak_fund_主力净流入-净额_sum10": 0.9241334205362982,
    "ak_fund_主力净流入-净占比_sum10": 0.9241334205362982,
    "ak_fund_涨跌幅_sum10": 0.9241334205362982,
    "ak_fund_收盘价_sum10": 0.9241334205362982,
    "ak_fund_中单净流入-净额_sum10": 0.9241334205362982,
    "ak_fund_中单净流入-净占比_sum10": 0.9241334205362982,
    "ak_fund_小单净流入-净占比_sum10": 0.9241334205362982,
    "ak_fund_超大单净流入-净额_sum10": 0.9241334205362982,
    "ak_fund_大单净流入-净额_sum10": 0.9241334205362982,
    "ak_fund_大单净流入-净占比_sum10": 0.9241334205362982,
    "ak_fund_超大单净流入-净占比_sum10": 0.9241334205362982,
    "ak_fund_涨跌幅_sum5": 0.9228253760627861,
    "ak_fund_主力净流入-净占比_sum5": 0.9228253760627861,
    "ak_fund_主力净流入-净额_sum5": 0.9228253760627861,
    "ak_fund_收盘价_sum5": 0.9228253760627861,
    "ak_fund_超大单净流入-净占比_sum5": 0.9228253760627861,
    "ak_fund_中单净流入-净占比_sum5": 0.9228253760627861,
    "ak_fund_中单净流入-净额_sum5": 0.9228253760627861,
    "ak_fund_小单净流入-净额_sum5": 0.9228253760627861,
    "ak_fund_小单净流入-净占比_sum5": 0.9228253760627861,
    "ak_fund_大单净流入-净占比_sum5": 0.9228253760627861,
    "ak_fund_大单净流入-净额_sum5": 0.9228253760627861,
    "ak_fund_超大单净流入-净额_sum5": 0.9228253760627861,
    "ak_fund_大单净流入-净额": 0.9215173315892741,
    "ak_fund_超大单净流入-净占比": 0.9215173315892741,
    "ak_fund_超大单净流入-净额": 0.9215173315892741,
    "ak_fund_收盘价": 0.9215173315892741,
    "ak_fund_涨跌幅": 0.9215173315892741,
    "ak_fund_中单净流入-净额": 0.9215173315892741
  },
  "valuation_non_null": {
    "peTTM": 1529,
    "pbMRQ": 1529,
    "psTTM": 1529,
    "pcfNcfTTM": 1529
  },
  "future_effective_date_violations": 0,
  "rows_with_quarterly": 1529,
  "sample_rows": 1529,
  "quarterly_raw_rows": 37,
  "quarterly_used_pubDate_rows": 37,
  "quarterly_fallback_rows": 0,
  "elapsed_seconds": 15.207,
  "symbol": "002270",
  "baostock_code": "sz.002270",
  "valuation_rows": 2026,
  "fund_flow_rows": 120,
  "feature_columns": 125,
  "merged_columns": 194,
  "outputs": {
    "daily_valuation": "/root/stock_realtime_v021_full/saved_data/002270_pipeline_out/02_fundamental/baostock_daily_valuation.csv",
    "quarterly_fundamentals": "/root/stock_realtime_v021_full/saved_data/002270_pipeline_out/02_fundamental/baostock_quarterly_fundamentals_pit.csv",
    "fundamental_features": "/root/stock_realtime_v021_full/saved_data/002270_pipeline_out/02_fundamental/fundamental_features.csv",
    "merged_samples": "/root/stock_realtime_v021_full/saved_data/002270_pipeline_out/02_fundamental/training_samples_with_fundamentals.csv"
  }
}

[2026-05-15T08:57:58] RUN sector
  /usr/bin/python3 feature_building/build_sector_features.py --samples /root/stock_realtime_v021_full/saved_data/002270_pipeline_out/02_fundamental/training_samples_with_fundamentals.csv --out-dir /root/stock_realtime_v021_full/saved_data/002270_pipeline_out/03_sector --sector-symbol '电网设备' --start-date 2018-01-01 --end-date 2026-05-15

  0%|          | 0/9 [00:00<?, ?it/s]
 11%|█         | 1/9 [00:00<00:02,  3.42it/s]
 22%|██▏       | 2/9 [00:00<00:02,  3.38it/s]
 33%|███▎      | 3/9 [00:00<00:01,  3.82it/s]
 44%|████▍     | 4/9 [00:01<00:01,  3.75it/s]
 56%|█████▌    | 5/9 [00:01<00:01,  3.92it/s]
 67%|██████▋   | 6/9 [00:01<00:00,  4.01it/s]
 78%|███████▊  | 7/9 [00:01<00:00,  3.61it/s]
 89%|████████▉ | 8/9 [00:02<00:00,  3.69it/s]
100%|██████████| 9/9 [00:02<00:00,  3.98it/s]
                                             
{
  "sector_symbol": "电网设备",
  "sector_rows": 2026,
  "sector_date_min": "2018-01-02",
  "sector_date_max": "2026-05-14",
  "sample_rows": 1529,
  "merged_rows": 1529,
  "sector_feature_cols": 23,
  "top_missing": {
    "sector_ret60": 0.03924133420536298,
    "sector_ma60_gap": 0.01962066710268149,
    "stock_vs_sector_ret20": 0.013080444735120994,
    "sector_ret20": 0.013080444735120994,
    "sector_vol20": 0.007194244604316547,
    "sector_ma20_gap": 0.006540222367560497,
    "sector_range_z20": 0.006540222367560497,
    "sector_volume_shock20": 0.006540222367560497,
    "sector_amount_z20": 0.006540222367560497,
    "sector_volume_z20": 0.006540222367560497,
    "sector_amount_shock20": 0.006540222367560497,
    "sector_ret5": 0.0032701111837802484,
    "stock_vs_sector_ret5": 0.0032701111837802484,
    "sector_vs_bench_ret5": 0.0032701111837802484,
    "stock_vs_sector_ret1": 0.0006540222367560497,
    "sector_ret1": 0.0006540222367560497,
    "sector_amount": 0.0,
    "sector_volume": 0.0,
    "sector_close": 0.0,
    "sector_low": 0.0
  },
  "outputs": {
    "sector_index": "/root/stock_realtime_v021_full/saved_data/002270_pipeline_out/03_sector/sector_index_ths.csv",
    "sector_features": "/root/stock_realtime_v021_full/saved_data/002270_pipeline_out/03_sector/sector_features.csv",
    "merged_samples": "/root/stock_realtime_v021_full/saved_data/002270_pipeline_out/03_sector/training_samples_with_sector.csv"
  }
}
[INFO] final samples for search: /root/stock_realtime_v021_full/saved_data/002270_pipeline_out/03_sector/training_samples_with_sector.csv
=== nextday pipeline end: 2026-05-15T08:58:03 status=ok ===
=== nextday pipeline start: 2026-05-16T12:17:52 ===
symbol=002270.SZ, out_root=/root/stock_realtime_v021_full/saved_data/002270_pipeline_out

[2026-05-16T12:17:52] RUN update_data
  /usr/bin/python3 bootstrap/ashare_xgb_dual_opportunity_regression_baostock_full_v19_compressed_trading_axis.py --mode update_data --symbol 002270 --benchmark_symbol 000300 --daily_start 2018-01-01 --daily_end 2026-05-16 --intraday_start '2018-01-01 09:30:00' --intraday_end '2026-05-16 15:00:00' --output_dir /root/stock_realtime_v021_full/saved_data/002270_pipeline_out/00_base --cache_mode incremental --feature_cache_mode incremental --adjust qfq
/root/stock_realtime_v021_full/bootstrap/ashare_fetch_and_train_xgb_sell_signal_baostock_state_cache_helper_fix2.py:246: FutureWarning: The behavior of DataFrame concatenation with empty or all-NA entries is deprecated. In a future version, this will no longer exclude empty or all-NA columns when determining the result dtypes. To retain the old behavior, exclude the relevant entries before the concat operation.
  merged = _normalize_daily_df(pd.concat([df_old, df_new], axis=0, ignore_index=True))
/root/stock_realtime_v021_full/bootstrap/ashare_fetch_and_train_xgb_sell_signal_baostock_state_cache_helper_fix2.py:254: FutureWarning: The behavior of DataFrame concatenation with empty or all-NA entries is deprecated. In a future version, this will no longer exclude empty or all-NA columns when determining the result dtypes. To retain the old behavior, exclude the relevant entries before the concat operation.
  merged = _normalize_bench_df(pd.concat([df_old, df_new], axis=0, ignore_index=True))
login success!
logout success!
login success!
logout success!
login success!
logout success!
login success!
logout success!
login success!
logout success!
login success!
logout success!
{
  "mode": "update_data",
  "symbol": "002270",
  "data_source": "baostock",
  "daily_rows": 2027,
  "intraday_rows": 73440,
  "daily_min": "2018-01-02 00:00:00",
  "daily_max": "2026-05-15 00:00:00",
  "intraday_min": "2020-01-02 09:35:00",
  "intraday_max": "2026-05-15 15:00:00",
  "base_paths": {
    "daily_csv": "/root/stock_realtime_v021_full/saved_data/002270_pipeline_out/00_base/002270_daily.csv",
    "intraday_csv": "/root/stock_realtime_v021_full/saved_data/002270_pipeline_out/00_base/002270_5m.csv",
    "benchmark_csv": "/root/stock_realtime_v021_full/saved_data/002270_pipeline_out/00_base/000300_benchmark_daily.csv",
    "raw_daily_cache_csv": "/root/stock_realtime_v021_full/saved_data/002270_pipeline_out/00_base/raw_cache/002270_daily_raw.csv",
    "raw_intraday_cache_csv": "/root/stock_realtime_v021_full/saved_data/002270_pipeline_out/00_base/raw_cache/002270_5m_raw.csv",
    "raw_benchmark_cache_csv": "/root/stock_realtime_v021_full/saved_data/002270_pipeline_out/00_base/raw_cache/000300_benchmark_daily_raw.csv",
    "daily_features_csv": "/root/stock_realtime_v021_full/saved_data/002270_pipeline_out/00_base/daily_features.csv",
    "intraday_features_csv": "/root/stock_realtime_v021_full/saved_data/002270_pipeline_out/00_base/intraday_features.csv",
    "daily_features_cache_csv": "/root/stock_realtime_v021_full/saved_data/002270_pipeline_out/00_base/feature_cache/daily_features_cache.csv",
    "intraday_features_cache_csv": "/root/stock_realtime_v021_full/saved_data/002270_pipeline_out/00_base/feature_cache/intraday_features_cache.csv",
    "feature_state_json": "/root/stock_realtime_v021_full/saved_data/002270_pipeline_out/00_base/feature_cache/feature_state.json"
  },
  "fetch_logs": {
    "symbol": "002270",
    "benchmark_symbol": "000300",
    "daily_start": "2018-01-01",
    "daily_end": "2026-05-16",
    "intraday_start": "2018-01-01 09:30:00",
    "intraday_end": "2026-05-16 15:00:00",
    "perf_start": "2018-01-01",
    "data_source": "baostock",
    "cache_mode": "incremental",
    "force_refresh": false,
    "raw_cache_dir": "/root/stock_realtime_v021_full/saved_data/002270_pipeline_out/00_base/raw_cache",
    "feature_cache_dir": "/root/stock_realtime_v021_full/saved_data/002270_pipeline_out/00_base/feature_cache",
    "feature_cache_mode": "incremental",
    "daily": {
      "cache_path": "/root/stock_realtime_v021_full/saved_data/002270_pipeline_out/00_base/raw_cache/002270_daily_raw.csv",
      "requested_start": "2018-01-01",
      "requested_end": "2026-05-16",
      "mode": "incremental",
      "cache_before": {
        "rows": 2026,
        "min": "2018-01-02 00:00:00",
        "max": "2026-05-14 00:00:00"
      },
      "fetch_segments": [
        {
          "provider": "baostock",
          "code": "sz.002270",
          "adjustflag": "2",
          "rows": 0
        },
        {
          "provider": "baostock",
          "code": "sz.002270",
          "adjustflag": "2",
          "rows": 1,
          "start": "2026-05-15",
          "end": "2026-05-16"
        }
      ],
      "cache_after": {
        "rows": 2027,
        "min": "2018-01-02 00:00:00",
        "max": "2026-05-15 00:00:00"
      }
    },
    "intraday_5m": {
      "cache_path": "/root/stock_realtime_v021_full/saved_data/002270_pipeline_out/00_base/raw_cache/002270_5m_raw.csv",
      "requested_start": "2018-01-01 09:30:00",
      "requested_end": "2026-05-16 15:00:00",
      "mode": "incremental",
      "cache_before": {
        "rows": 73392,
        "min": "2020-01-02 09:35:00",
        "max": "2026-05-14 15:00:00"
      },
      "fetch_segments": [
        {
          "provider": "baostock",
          "code": "sz.002270",
          "adjustflag": "2",
          "requested_start": "2018-01-01 09:30:00",
          "effective_start": "2018-01-01 09:30:00",
          "requested_end": "2020-01-02 09:30:00",
          "rows": 0
        },
        {
          "provider": "baostock",
          "code": "sz.002270",
          "adjustflag": "2",
          "requested_start": "2026-05-14 15:05:00",
          "effective_start": "2026-05-14 15:05:00",
          "requested_end": "2026-05-16 15:00:00",
          "rows": 48
        }
      ],
      "cache_after": {
        "rows": 73440,
        "min": "2020-01-02 09:35:00",
        "max": "2026-05-15 15:00:00"
      }
    },
    "benchmark_daily": {
      "cache_path": "/root/stock_realtime_v021_full/saved_data/002270_pipeline_out/00_base/raw_cache/000300_benchmark_daily_raw.csv",
      "requested_start": "2018-01-01",
      "requested_end": "2026-05-16",
      "mode": "incremental",
      "cache_before": {
        "rows": 2026,
        "min": "2018-01-02 00:00:00",
        "max": "2026-05-14 00:00:00"
      },
      "fetch_segments": [
        {
          "provider": "baostock",
          "code": "sh.000300",
          "rows": 0,
          "start": "2018-01-01",
          "end": "2018-01-01"
        },
        {
          "provider": "baostock",
          "code": "sh.000300",
          "rows": 1,
          "start": "2026-05-15",
          "end": "2026-05-16"
        }
      ],
      "cache_after": {
        "rows": 2027,
        "min": "2018-01-02 00:00:00",
        "max": "2026-05-15 00:00:00"
      }
    },
    "feature_build": {
      "mode": "stateful_incremental_append",
      "daily_context_days": 260,
      "intraday_context_days": 40,
      "daily_append": {
        "needed": true,
        "first_new_date": "2026-05-15 00:00:00",
        "context_start": "2025-04-16 00:00:00",
        "context_raw_rows": 261,
        "appended_rows": 1,
        "cache_before": {
          "rows": 2026,
          "min": "2018-01-02 00:00:00",
          "max": "2026-05-14 00:00:00"
        },
        "cache_after": {
          "rows": 2027,
          "min": "2018-01-02 00:00:00",
          "max": "2026-05-15 00:00:00"
        }
      },
      "intraday_append": {
        "needed": true,
        "first_new_datetime": "2026-05-15 09:35:00",
        "context_start_date": "2026-03-16 00:00:00",
        "context_raw_rows": 1968,
        "appended_rows": 48,
        "cache_before": {
          "rows": 73392,
          "min": "2020-01-02 09:35:00",
          "max": "2026-05-14 15:00:00"
        },
        "cache_after": {
          "rows": 73440,
          "min": "2020-01-02 09:35:00",
          "max": "2026-05-15 15:00:00"
        }
      }
    },
    "feature_state": {
      "daily_feature_max": "2026-05-15 00:00:00",
      "intraday_feature_max": "2026-05-15 15:00:00",
      "daily_context_days": 260,
      "intraday_context_days": 40,
      "feature_build_mode": "stateful_incremental_append"
    }
  }
}

[2026-05-16T12:18:10] RUN samples
  /usr/bin/python3 feature_building/build_nextday_samples_from_baostock.py --daily-features /root/stock_realtime_v021_full/saved_data/002270_pipeline_out/00_base/daily_features.csv --intraday-bars /root/stock_realtime_v021_full/saved_data/002270_pipeline_out/00_base/002270_5m.csv --out-dir /root/stock_realtime_v021_full/saved_data/002270_pipeline_out/01_samples --min-bars 40 --keep-unlabeled-tail
{
  "rows": 1530,
  "date_min": "2020-01-02",
  "date_max": "2026-05-15",
  "out": "/root/stock_realtime_v021_full/saved_data/002270_pipeline_out/01_samples/training_samples.csv"
}

[2026-05-16T12:18:11] RUN fundamental
  /usr/bin/python3 feature_building/build_fundamental_features.py --symbol 002270.SZ --daily-samples /root/stock_realtime_v021_full/saved_data/002270_pipeline_out/01_samples/training_samples.csv --out-dir /root/stock_realtime_v021_full/saved_data/002270_pipeline_out/02_fundamental --start-date 2018-01-01 --end-date 2026-05-16 --fallback-lag-days 120
login success!
logout success!
{
  "rows": 1530,
  "date_min": "2020-01-02",
  "date_max": "2026-05-15",
  "source_errors": [],
  "top_missing_rates": {
    "ak_fund_小单净流入-净额_sum10": 0.9241830065359478,
    "ak_fund_主力净流入-净额_sum10": 0.9241830065359478,
    "ak_fund_主力净流入-净占比_sum10": 0.9241830065359478,
    "ak_fund_涨跌幅_sum10": 0.9241830065359478,
    "ak_fund_收盘价_sum10": 0.9241830065359478,
    "ak_fund_中单净流入-净额_sum10": 0.9241830065359478,
    "ak_fund_中单净流入-净占比_sum10": 0.9241830065359478,
    "ak_fund_小单净流入-净占比_sum10": 0.9241830065359478,
    "ak_fund_超大单净流入-净额_sum10": 0.9241830065359478,
    "ak_fund_大单净流入-净额_sum10": 0.9241830065359478,
    "ak_fund_大单净流入-净占比_sum10": 0.9241830065359478,
    "ak_fund_超大单净流入-净占比_sum10": 0.9241830065359478,
    "ak_fund_涨跌幅_sum5": 0.9228758169934641,
    "ak_fund_主力净流入-净占比_sum5": 0.9228758169934641,
    "ak_fund_主力净流入-净额_sum5": 0.9228758169934641,
    "ak_fund_收盘价_sum5": 0.9228758169934641,
    "ak_fund_超大单净流入-净占比_sum5": 0.9228758169934641,
    "ak_fund_中单净流入-净占比_sum5": 0.9228758169934641,
    "ak_fund_中单净流入-净额_sum5": 0.9228758169934641,
    "ak_fund_小单净流入-净额_sum5": 0.9228758169934641,
    "ak_fund_小单净流入-净占比_sum5": 0.9228758169934641,
    "ak_fund_大单净流入-净占比_sum5": 0.9228758169934641,
    "ak_fund_大单净流入-净额_sum5": 0.9228758169934641,
    "ak_fund_超大单净流入-净额_sum5": 0.9228758169934641,
    "ak_fund_大单净流入-净额": 0.9215686274509803,
    "ak_fund_超大单净流入-净占比": 0.9215686274509803,
    "ak_fund_超大单净流入-净额": 0.9215686274509803,
    "ak_fund_收盘价": 0.9215686274509803,
    "ak_fund_涨跌幅": 0.9215686274509803,
    "ak_fund_中单净流入-净额": 0.9215686274509803
  },
  "valuation_non_null": {
    "peTTM": 1530,
    "pbMRQ": 1530,
    "psTTM": 1530,
    "pcfNcfTTM": 1530
  },
  "future_effective_date_violations": 0,
  "rows_with_quarterly": 1530,
  "sample_rows": 1530,
  "quarterly_raw_rows": 37,
  "quarterly_used_pubDate_rows": 37,
  "quarterly_fallback_rows": 0,
  "elapsed_seconds": 21.917,
  "symbol": "002270",
  "baostock_code": "sz.002270",
  "valuation_rows": 2027,
  "fund_flow_rows": 120,
  "feature_columns": 125,
  "merged_columns": 194,
  "outputs": {
    "daily_valuation": "/root/stock_realtime_v021_full/saved_data/002270_pipeline_out/02_fundamental/baostock_daily_valuation.csv",
    "quarterly_fundamentals": "/root/stock_realtime_v021_full/saved_data/002270_pipeline_out/02_fundamental/baostock_quarterly_fundamentals_pit.csv",
    "fundamental_features": "/root/stock_realtime_v021_full/saved_data/002270_pipeline_out/02_fundamental/fundamental_features.csv",
    "merged_samples": "/root/stock_realtime_v021_full/saved_data/002270_pipeline_out/02_fundamental/training_samples_with_fundamentals.csv"
  }
}

[2026-05-16T12:18:34] RUN sector
  /usr/bin/python3 feature_building/build_sector_features.py --samples /root/stock_realtime_v021_full/saved_data/002270_pipeline_out/02_fundamental/training_samples_with_fundamentals.csv --out-dir /root/stock_realtime_v021_full/saved_data/002270_pipeline_out/03_sector --sector-symbol '电网设备' --start-date 2018-01-01 --end-date 2026-05-16

  0%|          | 0/9 [00:00<?, ?it/s]
 11%|█         | 1/9 [00:00<00:02,  3.79it/s]
 22%|██▏       | 2/9 [00:00<00:01,  4.10it/s]
 33%|███▎      | 3/9 [00:00<00:01,  4.01it/s]
 44%|████▍     | 4/9 [00:00<00:01,  4.09it/s]
 56%|█████▌    | 5/9 [00:01<00:00,  4.21it/s]
 67%|██████▋   | 6/9 [00:01<00:00,  4.30it/s]
 78%|███████▊  | 7/9 [00:01<00:00,  4.29it/s]
 89%|████████▉ | 8/9 [00:01<00:00,  4.05it/s]
100%|██████████| 9/9 [00:02<00:00,  4.10it/s]
                                             
{
  "sector_symbol": "电网设备",
  "sector_rows": 2027,
  "sector_date_min": "2018-01-02",
  "sector_date_max": "2026-05-15",
  "sample_rows": 1530,
  "merged_rows": 1530,
  "sector_feature_cols": 23,
  "top_missing": {
    "sector_ret60": 0.0392156862745098,
    "sector_ma60_gap": 0.0196078431372549,
    "stock_vs_sector_ret20": 0.013071895424836602,
    "sector_ret20": 0.013071895424836602,
    "sector_vol20": 0.00718954248366013,
    "sector_ma20_gap": 0.006535947712418301,
    "sector_range_z20": 0.006535947712418301,
    "sector_volume_shock20": 0.006535947712418301,
    "sector_amount_z20": 0.006535947712418301,
    "sector_volume_z20": 0.006535947712418301,
    "sector_amount_shock20": 0.006535947712418301,
    "sector_ret5": 0.0032679738562091504,
    "stock_vs_sector_ret5": 0.0032679738562091504,
    "sector_vs_bench_ret5": 0.0032679738562091504,
    "stock_vs_sector_ret1": 0.00065359477124183,
    "sector_ret1": 0.00065359477124183,
    "sector_amount": 0.0,
    "sector_volume": 0.0,
    "sector_close": 0.0,
    "sector_low": 0.0
  },
  "outputs": {
    "sector_index": "/root/stock_realtime_v021_full/saved_data/002270_pipeline_out/03_sector/sector_index_ths.csv",
    "sector_features": "/root/stock_realtime_v021_full/saved_data/002270_pipeline_out/03_sector/sector_features.csv",
    "merged_samples": "/root/stock_realtime_v021_full/saved_data/002270_pipeline_out/03_sector/training_samples_with_sector.csv"
  }
}
[INFO] final samples for search: /root/stock_realtime_v021_full/saved_data/002270_pipeline_out/03_sector/training_samples_with_sector.csv
=== nextday pipeline end: 2026-05-16T12:18:38 status=ok ===
=== nextday pipeline start: 2026-05-17T21:32:02 ===
symbol=002270.SZ, out_root=D:\VSCodeWorkspace\stock_realtime_v021_full\saved_data\002270_pipeline_out

[2026-05-17T21:32:02] RUN update_data
  'D:\VSCodeWorkspace\stockAnalysis\.venv\Scripts\python.exe' bootstrap/ashare_xgb_dual_opportunity_regression_baostock_full_v19_compressed_trading_axis.py --mode update_data --symbol 002270 --benchmark_symbol 000300 --daily_start 2018-01-01 --daily_end 2026-05-17 --intraday_start '2018-01-01 09:30:00' --intraday_end '2026-05-17 15:00:00' --output_dir 'D:\VSCodeWorkspace\stock_realtime_v021_full\saved_data\002270_pipeline_out\00_base' --cache_mode incremental --feature_cache_mode incremental --adjust qfq
login success!
logout success!
login success!
logout success!
login success!
logout success!
{
  "mode": "update_data",
  "symbol": "002270",
  "data_source": "baostock",
  "daily_rows": 2027,
  "intraday_rows": 73440,
  "daily_min": "2018-01-02 00:00:00",
  "daily_max": "2026-05-15 00:00:00",
  "intraday_min": "2020-01-02 09:35:00",
  "intraday_max": "2026-05-15 15:00:00",
  "base_paths": {
    "daily_csv": "D:\\VSCodeWorkspace\\stock_realtime_v021_full\\saved_data\\002270_pipeline_out\\00_base\\002270_daily.csv",
    "intraday_csv": "D:\\VSCodeWorkspace\\stock_realtime_v021_full\\saved_data\\002270_pipeline_out\\00_base\\002270_5m.csv",
    "benchmark_csv": "D:\\VSCodeWorkspace\\stock_realtime_v021_full\\saved_data\\002270_pipeline_out\\00_base\\000300_benchmark_daily.csv",
    "raw_daily_cache_csv": "D:\\VSCodeWorkspace\\stock_realtime_v021_full\\saved_data\\002270_pipeline_out\\00_base\\raw_cache\\002270_daily_raw.csv",
    "raw_intraday_cache_csv": "D:\\VSCodeWorkspace\\stock_realtime_v021_full\\saved_data\\002270_pipeline_out\\00_base\\raw_cache\\002270_5m_raw.csv",
    "raw_benchmark_cache_csv": "D:\\VSCodeWorkspace\\stock_realtime_v021_full\\saved_data\\002270_pipeline_out\\00_base\\raw_cache\\000300_benchmark_daily_raw.csv",
    "daily_features_csv": "D:\\VSCodeWorkspace\\stock_realtime_v021_full\\saved_data\\002270_pipeline_out\\00_base\\daily_features.csv",
    "intraday_features_csv": "D:\\VSCodeWorkspace\\stock_realtime_v021_full\\saved_data\\002270_pipeline_out\\00_base\\intraday_features.csv",
    "daily_features_cache_csv": "D:\\VSCodeWorkspace\\stock_realtime_v021_full\\saved_data\\002270_pipeline_out\\00_base\\feature_cache\\daily_features_cache.csv",
    "intraday_features_cache_csv": "D:\\VSCodeWorkspace\\stock_realtime_v021_full\\saved_data\\002270_pipeline_out\\00_base\\feature_cache\\intraday_features_cache.csv",
    "feature_state_json": "D:\\VSCodeWorkspace\\stock_realtime_v021_full\\saved_data\\002270_pipeline_out\\00_base\\feature_cache\\feature_state.json"
  },
  "fetch_logs": {
    "symbol": "002270",
    "benchmark_symbol": "000300",
    "daily_start": "2018-01-01",
    "daily_end": "2026-05-17",
    "intraday_start": "2018-01-01 09:30:00",
    "intraday_end": "2026-05-17 15:00:00",
    "perf_start": "2018-01-01",
    "data_source": "baostock",
    "cache_mode": "incremental",
    "force_refresh": false,
    "raw_cache_dir": "D:\\VSCodeWorkspace\\stock_realtime_v021_full\\saved_data\\002270_pipeline_out\\00_base\\raw_cache",
    "feature_cache_dir": "D:\\VSCodeWorkspace\\stock_realtime_v021_full\\saved_data\\002270_pipeline_out\\00_base\\feature_cache",
    "feature_cache_mode": "incremental",
    "daily": {
      "cache_path": "D:\\VSCodeWorkspace\\stock_realtime_v021_full\\saved_data\\002270_pipeline_out\\00_base\\raw_cache\\002270_daily_raw.csv",
      "requested_start": "2018-01-01",
      "requested_end": "2026-05-17",
      "mode": "initial_fetch",
      "fetch_segments": [
        {
          "provider": "baostock",
          "code": "sz.002270",
          "adjustflag": "2",
          "rows": 2027,
          "start": "2018-01-01",
          "end": "2026-05-17"
        }
      ],
      "cache_after": {
        "rows": 2027,
        "min": "2018-01-02 00:00:00",
        "max": "2026-05-15 00:00:00"
      }
    },
    "intraday_5m": {
      "cache_path": "D:\\VSCodeWorkspace\\stock_realtime_v021_full\\saved_data\\002270_pipeline_out\\00_base\\raw_cache\\002270_5m_raw.csv",
      "requested_start": "2018-01-01 09:30:00",
      "requested_end": "2026-05-17 15:00:00",
      "mode": "initial_fetch",
      "fetch_segments": [
        {
          "provider": "baostock",
          "code": "sz.002270",
          "adjustflag": "2",
          "requested_start": "2018-01-01 09:30:00",
          "effective_start": "2018-01-01 09:30:00",
          "requested_end": "2026-05-17 15:00:00",
          "rows": 73440
        }
      ],
      "cache_after": {
        "rows": 73440,
        "min": "2020-01-02 09:35:00",
        "max": "2026-05-15 15:00:00"
      }
    },
    "benchmark_daily": {
      "cache_path": "D:\\VSCodeWorkspace\\stock_realtime_v021_full\\saved_data\\002270_pipeline_out\\00_base\\raw_cache\\000300_benchmark_daily_raw.csv",
      "requested_start": "2018-01-01",
      "requested_end": "2026-05-17",
      "mode": "initial_fetch",
      "fetch_segments": [
        {
          "provider": "baostock",
          "code": "sh.000300",
          "rows": 2027,
          "start": "2018-01-01",
          "end": "2026-05-17"
        }
      ],
      "cache_after": {
        "rows": 2027,
        "min": "2018-01-02 00:00:00",
        "max": "2026-05-15 00:00:00"
      }
    },
    "feature_build": {
      "mode": "full_rebuild",
      "reason": "feature_cache_missing",
      "daily_cache_after": {
        "rows": 2027,
        "min": "2018-01-02 00:00:00",
        "max": "2026-05-15 00:00:00"
      },
      "intraday_cache_after": {
        "rows": 73440,
        "min": "2020-01-02 09:35:00",
        "max": "2026-05-15 15:00:00"
      },
      "daily_context_days": 260,
      "intraday_context_days": 40,
      "daily_appended_rows": 2027,
      "intraday_appended_rows": 73440
    },
    "feature_state": {
      "daily_feature_max": "2026-05-15 00:00:00",
      "intraday_feature_max": "2026-05-15 15:00:00",
      "daily_context_days": 260,
      "intraday_context_days": 40,
      "feature_build_mode": "full_rebuild"
    }
  }
}

[2026-05-17T21:35:01] RUN samples
  'D:\VSCodeWorkspace\stockAnalysis\.venv\Scripts\python.exe' feature_building/build_nextday_samples_from_baostock.py --daily-features 'D:\VSCodeWorkspace\stock_realtime_v021_full\saved_data\002270_pipeline_out\00_base\daily_features.csv' --intraday-bars 'D:\VSCodeWorkspace\stock_realtime_v021_full\saved_data\002270_pipeline_out\00_base\002270_5m.csv' --out-dir 'D:\VSCodeWorkspace\stock_realtime_v021_full\saved_data\002270_pipeline_out\01_samples' --min-bars 40 --keep-unlabeled-tail
{
  "rows": 1530,
  "date_min": "2020-01-02",
  "date_max": "2026-05-15",
  "out": "D:\\VSCodeWorkspace\\stock_realtime_v021_full\\saved_data\\002270_pipeline_out\\01_samples\\training_samples.csv"
}

[2026-05-17T21:35:02] RUN fundamental
  'D:\VSCodeWorkspace\stockAnalysis\.venv\Scripts\python.exe' feature_building/build_fundamental_features.py --symbol 002270.SZ --daily-samples 'D:\VSCodeWorkspace\stock_realtime_v021_full\saved_data\002270_pipeline_out\01_samples\training_samples.csv' --out-dir 'D:\VSCodeWorkspace\stock_realtime_v021_full\saved_data\002270_pipeline_out\02_fundamental' --start-date 2018-01-01 --end-date 2026-05-17 --fallback-lag-days 120
login success!
logout success!
{
  "rows": 1530,
  "date_min": "2020-01-02",
  "date_max": "2026-05-15",
  "source_errors": [],
  "top_missing_rates": {
    "ak_fund_小单净流入-净额_sum10": 0.9241830065359478,
    "ak_fund_主力净流入-净额_sum10": 0.9241830065359478,
    "ak_fund_主力净流入-净占比_sum10": 0.9241830065359478,
    "ak_fund_涨跌幅_sum10": 0.9241830065359478,
    "ak_fund_收盘价_sum10": 0.9241830065359478,
    "ak_fund_中单净流入-净额_sum10": 0.9241830065359478,
    "ak_fund_中单净流入-净占比_sum10": 0.9241830065359478,
    "ak_fund_小单净流入-净占比_sum10": 0.9241830065359478,
    "ak_fund_超大单净流入-净额_sum10": 0.9241830065359478,
    "ak_fund_大单净流入-净额_sum10": 0.9241830065359478,
    "ak_fund_大单净流入-净占比_sum10": 0.9241830065359478,
    "ak_fund_超大单净流入-净占比_sum10": 0.9241830065359478,
    "ak_fund_涨跌幅_sum5": 0.9228758169934641,
    "ak_fund_主力净流入-净占比_sum5": 0.9228758169934641,
    "ak_fund_主力净流入-净额_sum5": 0.9228758169934641,
    "ak_fund_收盘价_sum5": 0.9228758169934641,
    "ak_fund_超大单净流入-净占比_sum5": 0.9228758169934641,
    "ak_fund_中单净流入-净占比_sum5": 0.9228758169934641,
    "ak_fund_中单净流入-净额_sum5": 0.9228758169934641,
    "ak_fund_小单净流入-净额_sum5": 0.9228758169934641,
    "ak_fund_小单净流入-净占比_sum5": 0.9228758169934641,
    "ak_fund_大单净流入-净占比_sum5": 0.9228758169934641,
    "ak_fund_大单净流入-净额_sum5": 0.9228758169934641,
    "ak_fund_超大单净流入-净额_sum5": 0.9228758169934641,
    "ak_fund_大单净流入-净额": 0.9215686274509803,
    "ak_fund_超大单净流入-净占比": 0.9215686274509803,
    "ak_fund_超大单净流入-净额": 0.9215686274509803,
    "ak_fund_收盘价": 0.9215686274509803,
    "ak_fund_涨跌幅": 0.9215686274509803,
    "ak_fund_中单净流入-净额": 0.9215686274509803
  },
  "valuation_non_null": {
    "peTTM": 1530,
    "pbMRQ": 1530,
    "psTTM": 1530,
    "pcfNcfTTM": 1530
  },
  "future_effective_date_violations": 0,
  "rows_with_quarterly": 1530,
  "sample_rows": 1530,
  "quarterly_raw_rows": 37,
  "quarterly_used_pubDate_rows": 37,
  "quarterly_fallback_rows": 0,
  "elapsed_seconds": 41.814,
  "symbol": "002270",
  "baostock_code": "sz.002270",
  "valuation_rows": 2027,
  "fund_flow_rows": 120,
  "feature_columns": 125,
  "merged_columns": 194,
  "outputs": {
    "daily_valuation": "D:\\VSCodeWorkspace\\stock_realtime_v021_full\\saved_data\\002270_pipeline_out\\02_fundamental\\baostock_daily_valuation.csv",
    "quarterly_fundamentals": "D:\\VSCodeWorkspace\\stock_realtime_v021_full\\saved_data\\002270_pipeline_out\\02_fundamental\\baostock_quarterly_fundamentals_pit.csv",
    "fundamental_features": "D:\\VSCodeWorkspace\\stock_realtime_v021_full\\saved_data\\002270_pipeline_out\\02_fundamental\\fundamental_features.csv",
    "merged_samples": "D:\\VSCodeWorkspace\\stock_realtime_v021_full\\saved_data\\002270_pipeline_out\\02_fundamental\\training_samples_with_fundamentals.csv"
  }
}

[2026-05-17T21:35:44] RUN sector
  'D:\VSCodeWorkspace\stockAnalysis\.venv\Scripts\python.exe' feature_building/build_sector_features.py --samples 'D:\VSCodeWorkspace\stock_realtime_v021_full\saved_data\002270_pipeline_out\02_fundamental\training_samples_with_fundamentals.csv' --out-dir 'D:\VSCodeWorkspace\stock_realtime_v021_full\saved_data\002270_pipeline_out\03_sector' --sector-symbol '电网设备' --start-date 2018-01-01 --end-date 2026-05-17

  0%|          | 0/9 [00:00<?, ?it/s]
 11%|█         | 1/9 [00:05<00:47,  5.95s/it]
 22%|██▏       | 2/9 [00:09<00:30,  4.31s/it]
 33%|███▎      | 3/9 [00:13<00:26,  4.50s/it]
 44%|████▍     | 4/9 [00:21<00:29,  5.91s/it]
 56%|█████▌    | 5/9 [00:26<00:21,  5.33s/it]
 67%|██████▋   | 6/9 [00:30<00:14,  4.89s/it]
 78%|███████▊  | 7/9 [00:34<00:09,  4.66s/it]
 89%|████████▉ | 8/9 [00:40<00:05,  5.23s/it]
100%|██████████| 9/9 [00:46<00:00,  5.25s/it]
                                             
{
  "sector_symbol": "电网设备",
  "sector_rows": 2027,
  "sector_date_min": "2018-01-02",
  "sector_date_max": "2026-05-15",
  "sample_rows": 1530,
  "merged_rows": 1530,
  "sector_feature_cols": 23,
  "top_missing": {
    "sector_ret60": 0.0392156862745098,
    "sector_ma60_gap": 0.0196078431372549,
    "stock_vs_sector_ret20": 0.013071895424836602,
    "sector_ret20": 0.013071895424836602,
    "sector_vol20": 0.00718954248366013,
    "sector_ma20_gap": 0.006535947712418301,
    "sector_range_z20": 0.006535947712418301,
    "sector_volume_shock20": 0.006535947712418301,
    "sector_amount_z20": 0.006535947712418301,
    "sector_volume_z20": 0.006535947712418301,
    "sector_amount_shock20": 0.006535947712418301,
    "sector_ret5": 0.0032679738562091504,
    "stock_vs_sector_ret5": 0.0032679738562091504,
    "sector_vs_bench_ret5": 0.0032679738562091504,
    "stock_vs_sector_ret1": 0.00065359477124183,
    "sector_ret1": 0.00065359477124183,
    "sector_amount": 0.0,
    "sector_volume": 0.0,
    "sector_close": 0.0,
    "sector_low": 0.0
  },
  "outputs": {
    "sector_index": "D:\\VSCodeWorkspace\\stock_realtime_v021_full\\saved_data\\002270_pipeline_out\\03_sector\\sector_index_ths.csv",
    "sector_features": "D:\\VSCodeWorkspace\\stock_realtime_v021_full\\saved_data\\002270_pipeline_out\\03_sector\\sector_features.csv",
    "merged_samples": "D:\\VSCodeWorkspace\\stock_realtime_v021_full\\saved_data\\002270_pipeline_out\\03_sector\\training_samples_with_sector.csv"
  }
}
[INFO] final samples for search: D:\VSCodeWorkspace\stock_realtime_v021_full\saved_data\002270_pipeline_out\03_sector\training_samples_with_sector.csv
=== nextday pipeline end: 2026-05-17T21:36:37 status=ok ===
<<<<<<< HEAD
=== nextday pipeline start: 2026-05-19T20:01:48 ===
symbol=002270.SZ, out_root=D:\VSCodeWorkspace\stock_realtime_v021_full\saved_data\002270_pipeline_out

[2026-05-19T20:01:48] RUN update_data
  'D:\VSCodeWorkspace\stockAnalysis\.venv\Scripts\python.exe' bootstrap/ashare_xgb_dual_opportunity_regression_baostock_full_v19_compressed_trading_axis.py --mode update_data --symbol 002270 --benchmark_symbol 000300 --daily_start 2018-01-01 --daily_end 2026-05-19 --intraday_start '2018-01-01 09:30:00' --intraday_end '2026-05-19 15:00:00' --output_dir 'D:\VSCodeWorkspace\stock_realtime_v021_full\saved_data\002270_pipeline_out\00_base' --cache_mode incremental --feature_cache_mode incremental --adjust qfq
=======
=== nextday pipeline start: 2026-05-19T07:24:48 ===
symbol=002270.SZ, out_root=/root/stock_realtime_v021_full/saved_data/002270_pipeline_out

[2026-05-19T07:24:48] RUN update_data
  /usr/bin/python3 bootstrap/ashare_xgb_dual_opportunity_regression_baostock_full_v19_compressed_trading_axis.py --mode update_data --symbol 002270 --benchmark_symbol 000300 --daily_start 2018-01-01 --daily_end 2026-05-19 --intraday_start '2018-01-01 09:30:00' --intraday_end '2026-05-19 15:00:00' --output_dir /root/stock_realtime_v021_full/saved_data/002270_pipeline_out/00_base --cache_mode incremental --feature_cache_mode incremental --adjust qfq
/root/stock_realtime_v021_full/bootstrap/ashare_fetch_and_train_xgb_sell_signal_baostock_state_cache_helper_fix2.py:246: FutureWarning: The behavior of DataFrame concatenation with empty or all-NA entries is deprecated. In a future version, this will no longer exclude empty or all-NA columns when determining the result dtypes. To retain the old behavior, exclude the relevant entries before the concat operation.
  merged = _normalize_daily_df(pd.concat([df_old, df_new], axis=0, ignore_index=True))
/root/stock_realtime_v021_full/bootstrap/ashare_fetch_and_train_xgb_sell_signal_baostock_state_cache_helper_fix2.py:254: FutureWarning: The behavior of DataFrame concatenation with empty or all-NA entries is deprecated. In a future version, this will no longer exclude empty or all-NA columns when determining the result dtypes. To retain the old behavior, exclude the relevant entries before the concat operation.
  merged = _normalize_bench_df(pd.concat([df_old, df_new], axis=0, ignore_index=True))
>>>>>>> 2a2a5a75404252d90fc88ad35628cdabcc944dba
login success!
logout success!
login success!
logout success!
login success!
logout success!
login success!
logout success!
login success!
logout success!
login success!
logout success!
{
  "mode": "update_data",
  "symbol": "002270",
  "data_source": "baostock",
<<<<<<< HEAD
  "daily_rows": 2029,
  "intraday_rows": 73536,
  "daily_min": "2018-01-02 00:00:00",
  "daily_max": "2026-05-19 00:00:00",
  "intraday_min": "2020-01-02 09:35:00",
  "intraday_max": "2026-05-19 15:00:00",
  "base_paths": {
    "daily_csv": "D:\\VSCodeWorkspace\\stock_realtime_v021_full\\saved_data\\002270_pipeline_out\\00_base\\002270_daily.csv",
    "intraday_csv": "D:\\VSCodeWorkspace\\stock_realtime_v021_full\\saved_data\\002270_pipeline_out\\00_base\\002270_5m.csv",
    "benchmark_csv": "D:\\VSCodeWorkspace\\stock_realtime_v021_full\\saved_data\\002270_pipeline_out\\00_base\\000300_benchmark_daily.csv",
    "raw_daily_cache_csv": "D:\\VSCodeWorkspace\\stock_realtime_v021_full\\saved_data\\002270_pipeline_out\\00_base\\raw_cache\\002270_daily_raw.csv",
    "raw_intraday_cache_csv": "D:\\VSCodeWorkspace\\stock_realtime_v021_full\\saved_data\\002270_pipeline_out\\00_base\\raw_cache\\002270_5m_raw.csv",
    "raw_benchmark_cache_csv": "D:\\VSCodeWorkspace\\stock_realtime_v021_full\\saved_data\\002270_pipeline_out\\00_base\\raw_cache\\000300_benchmark_daily_raw.csv",
    "daily_features_csv": "D:\\VSCodeWorkspace\\stock_realtime_v021_full\\saved_data\\002270_pipeline_out\\00_base\\daily_features.csv",
    "intraday_features_csv": "D:\\VSCodeWorkspace\\stock_realtime_v021_full\\saved_data\\002270_pipeline_out\\00_base\\intraday_features.csv",
    "daily_features_cache_csv": "D:\\VSCodeWorkspace\\stock_realtime_v021_full\\saved_data\\002270_pipeline_out\\00_base\\feature_cache\\daily_features_cache.csv",
    "intraday_features_cache_csv": "D:\\VSCodeWorkspace\\stock_realtime_v021_full\\saved_data\\002270_pipeline_out\\00_base\\feature_cache\\intraday_features_cache.csv",
    "feature_state_json": "D:\\VSCodeWorkspace\\stock_realtime_v021_full\\saved_data\\002270_pipeline_out\\00_base\\feature_cache\\feature_state.json"
=======
  "daily_rows": 2028,
  "intraday_rows": 73488,
  "daily_min": "2018-01-02 00:00:00",
  "daily_max": "2026-05-18 00:00:00",
  "intraday_min": "2020-01-02 09:35:00",
  "intraday_max": "2026-05-18 15:00:00",
  "base_paths": {
    "daily_csv": "/root/stock_realtime_v021_full/saved_data/002270_pipeline_out/00_base/002270_daily.csv",
    "intraday_csv": "/root/stock_realtime_v021_full/saved_data/002270_pipeline_out/00_base/002270_5m.csv",
    "benchmark_csv": "/root/stock_realtime_v021_full/saved_data/002270_pipeline_out/00_base/000300_benchmark_daily.csv",
    "raw_daily_cache_csv": "/root/stock_realtime_v021_full/saved_data/002270_pipeline_out/00_base/raw_cache/002270_daily_raw.csv",
    "raw_intraday_cache_csv": "/root/stock_realtime_v021_full/saved_data/002270_pipeline_out/00_base/raw_cache/002270_5m_raw.csv",
    "raw_benchmark_cache_csv": "/root/stock_realtime_v021_full/saved_data/002270_pipeline_out/00_base/raw_cache/000300_benchmark_daily_raw.csv",
    "daily_features_csv": "/root/stock_realtime_v021_full/saved_data/002270_pipeline_out/00_base/daily_features.csv",
    "intraday_features_csv": "/root/stock_realtime_v021_full/saved_data/002270_pipeline_out/00_base/intraday_features.csv",
    "daily_features_cache_csv": "/root/stock_realtime_v021_full/saved_data/002270_pipeline_out/00_base/feature_cache/daily_features_cache.csv",
    "intraday_features_cache_csv": "/root/stock_realtime_v021_full/saved_data/002270_pipeline_out/00_base/feature_cache/intraday_features_cache.csv",
    "feature_state_json": "/root/stock_realtime_v021_full/saved_data/002270_pipeline_out/00_base/feature_cache/feature_state.json"
>>>>>>> 2a2a5a75404252d90fc88ad35628cdabcc944dba
  },
  "fetch_logs": {
    "symbol": "002270",
    "benchmark_symbol": "000300",
    "daily_start": "2018-01-01",
    "daily_end": "2026-05-19",
    "intraday_start": "2018-01-01 09:30:00",
    "intraday_end": "2026-05-19 15:00:00",
    "perf_start": "2018-01-01",
    "data_source": "baostock",
    "cache_mode": "incremental",
    "force_refresh": false,
<<<<<<< HEAD
    "raw_cache_dir": "D:\\VSCodeWorkspace\\stock_realtime_v021_full\\saved_data\\002270_pipeline_out\\00_base\\raw_cache",
    "feature_cache_dir": "D:\\VSCodeWorkspace\\stock_realtime_v021_full\\saved_data\\002270_pipeline_out\\00_base\\feature_cache",
    "feature_cache_mode": "incremental",
    "daily": {
      "cache_path": "D:\\VSCodeWorkspace\\stock_realtime_v021_full\\saved_data\\002270_pipeline_out\\00_base\\raw_cache\\002270_daily_raw.csv",
=======
    "raw_cache_dir": "/root/stock_realtime_v021_full/saved_data/002270_pipeline_out/00_base/raw_cache",
    "feature_cache_dir": "/root/stock_realtime_v021_full/saved_data/002270_pipeline_out/00_base/feature_cache",
    "feature_cache_mode": "incremental",
    "daily": {
      "cache_path": "/root/stock_realtime_v021_full/saved_data/002270_pipeline_out/00_base/raw_cache/002270_daily_raw.csv",
>>>>>>> 2a2a5a75404252d90fc88ad35628cdabcc944dba
      "requested_start": "2018-01-01",
      "requested_end": "2026-05-19",
      "mode": "incremental",
      "cache_before": {
        "rows": 2027,
        "min": "2018-01-02 00:00:00",
        "max": "2026-05-15 00:00:00"
      },
      "fetch_segments": [
        {
          "provider": "baostock",
          "code": "sz.002270",
          "adjustflag": "2",
          "rows": 0
        },
        {
          "provider": "baostock",
          "code": "sz.002270",
          "adjustflag": "2",
<<<<<<< HEAD
          "rows": 2,
=======
          "rows": 1,
>>>>>>> 2a2a5a75404252d90fc88ad35628cdabcc944dba
          "start": "2026-05-16",
          "end": "2026-05-19"
        }
      ],
      "cache_after": {
<<<<<<< HEAD
        "rows": 2029,
        "min": "2018-01-02 00:00:00",
        "max": "2026-05-19 00:00:00"
      }
    },
    "intraday_5m": {
      "cache_path": "D:\\VSCodeWorkspace\\stock_realtime_v021_full\\saved_data\\002270_pipeline_out\\00_base\\raw_cache\\002270_5m_raw.csv",
=======
        "rows": 2028,
        "min": "2018-01-02 00:00:00",
        "max": "2026-05-18 00:00:00"
      }
    },
    "intraday_5m": {
      "cache_path": "/root/stock_realtime_v021_full/saved_data/002270_pipeline_out/00_base/raw_cache/002270_5m_raw.csv",
>>>>>>> 2a2a5a75404252d90fc88ad35628cdabcc944dba
      "requested_start": "2018-01-01 09:30:00",
      "requested_end": "2026-05-19 15:00:00",
      "mode": "incremental",
      "cache_before": {
        "rows": 73440,
        "min": "2020-01-02 09:35:00",
        "max": "2026-05-15 15:00:00"
      },
      "fetch_segments": [
        {
          "provider": "baostock",
          "code": "sz.002270",
          "adjustflag": "2",
          "requested_start": "2018-01-01 09:30:00",
          "effective_start": "2018-01-01 09:30:00",
          "requested_end": "2020-01-02 09:30:00",
          "rows": 0
        },
        {
          "provider": "baostock",
          "code": "sz.002270",
          "adjustflag": "2",
          "requested_start": "2026-05-15 15:05:00",
          "effective_start": "2026-05-15 15:05:00",
          "requested_end": "2026-05-19 15:00:00",
<<<<<<< HEAD
          "rows": 96
        }
      ],
      "cache_after": {
        "rows": 73536,
        "min": "2020-01-02 09:35:00",
        "max": "2026-05-19 15:00:00"
      }
    },
    "benchmark_daily": {
      "cache_path": "D:\\VSCodeWorkspace\\stock_realtime_v021_full\\saved_data\\002270_pipeline_out\\00_base\\raw_cache\\000300_benchmark_daily_raw.csv",
=======
          "rows": 48
        }
      ],
      "cache_after": {
        "rows": 73488,
        "min": "2020-01-02 09:35:00",
        "max": "2026-05-18 15:00:00"
      }
    },
    "benchmark_daily": {
      "cache_path": "/root/stock_realtime_v021_full/saved_data/002270_pipeline_out/00_base/raw_cache/000300_benchmark_daily_raw.csv",
>>>>>>> 2a2a5a75404252d90fc88ad35628cdabcc944dba
      "requested_start": "2018-01-01",
      "requested_end": "2026-05-19",
      "mode": "incremental",
      "cache_before": {
        "rows": 2027,
        "min": "2018-01-02 00:00:00",
        "max": "2026-05-15 00:00:00"
      },
      "fetch_segments": [
        {
          "provider": "baostock",
          "code": "sh.000300",
          "rows": 0,
          "start": "2018-01-01",
          "end": "2018-01-01"
        },
        {
          "provider": "baostock",
          "code": "sh.000300",
<<<<<<< HEAD
          "rows": 2,
=======
          "rows": 1,
>>>>>>> 2a2a5a75404252d90fc88ad35628cdabcc944dba
          "start": "2026-05-16",
          "end": "2026-05-19"
        }
      ],
      "cache_after": {
<<<<<<< HEAD
=======
        "rows": 2028,
        "min": "2018-01-02 00:00:00",
        "max": "2026-05-18 00:00:00"
      }
    },
    "feature_build": {
      "mode": "stateful_incremental_append",
      "daily_context_days": 260,
      "intraday_context_days": 40,
      "daily_append": {
        "needed": true,
        "first_new_date": "2026-05-18 00:00:00",
        "context_start": "2025-04-17 00:00:00",
        "context_raw_rows": 261,
        "appended_rows": 1,
        "cache_before": {
          "rows": 2027,
          "min": "2018-01-02 00:00:00",
          "max": "2026-05-15 00:00:00"
        },
        "cache_after": {
          "rows": 2028,
          "min": "2018-01-02 00:00:00",
          "max": "2026-05-18 00:00:00"
        }
      },
      "intraday_append": {
        "needed": true,
        "first_new_datetime": "2026-05-18 09:35:00",
        "context_start_date": "2026-03-17 00:00:00",
        "context_raw_rows": 1968,
        "appended_rows": 48,
        "cache_before": {
          "rows": 73440,
          "min": "2020-01-02 09:35:00",
          "max": "2026-05-15 15:00:00"
        },
        "cache_after": {
          "rows": 73488,
          "min": "2020-01-02 09:35:00",
          "max": "2026-05-18 15:00:00"
        }
      }
    },
    "feature_state": {
      "daily_feature_max": "2026-05-18 00:00:00",
      "intraday_feature_max": "2026-05-18 15:00:00",
      "daily_context_days": 260,
      "intraday_context_days": 40,
      "feature_build_mode": "stateful_incremental_append"
    }
  }
}

[2026-05-19T07:25:07] RUN samples
  /usr/bin/python3 feature_building/build_nextday_samples_from_baostock.py --daily-features /root/stock_realtime_v021_full/saved_data/002270_pipeline_out/00_base/daily_features.csv --intraday-bars /root/stock_realtime_v021_full/saved_data/002270_pipeline_out/00_base/002270_5m.csv --out-dir /root/stock_realtime_v021_full/saved_data/002270_pipeline_out/01_samples --min-bars 40 --keep-unlabeled-tail
{
  "rows": 1531,
  "date_min": "2020-01-02",
  "date_max": "2026-05-18",
  "out": "/root/stock_realtime_v021_full/saved_data/002270_pipeline_out/01_samples/training_samples.csv"
}

[2026-05-19T07:25:08] RUN fundamental
  /usr/bin/python3 feature_building/build_fundamental_features.py --symbol 002270.SZ --daily-samples /root/stock_realtime_v021_full/saved_data/002270_pipeline_out/01_samples/training_samples.csv --out-dir /root/stock_realtime_v021_full/saved_data/002270_pipeline_out/02_fundamental --start-date 2018-01-01 --end-date 2026-05-19 --fallback-lag-days 120
login success!
logout success!
{
  "rows": 1531,
  "date_min": "2020-01-02",
  "date_max": "2026-05-18",
  "source_errors": [],
  "top_missing_rates": {
    "ak_fund_小单净流入-净额_sum10": 0.9242325277596343,
    "ak_fund_主力净流入-净额_sum10": 0.9242325277596343,
    "ak_fund_主力净流入-净占比_sum10": 0.9242325277596343,
    "ak_fund_涨跌幅_sum10": 0.9242325277596343,
    "ak_fund_收盘价_sum10": 0.9242325277596343,
    "ak_fund_中单净流入-净额_sum10": 0.9242325277596343,
    "ak_fund_中单净流入-净占比_sum10": 0.9242325277596343,
    "ak_fund_小单净流入-净占比_sum10": 0.9242325277596343,
    "ak_fund_超大单净流入-净额_sum10": 0.9242325277596343,
    "ak_fund_大单净流入-净额_sum10": 0.9242325277596343,
    "ak_fund_大单净流入-净占比_sum10": 0.9242325277596343,
    "ak_fund_超大单净流入-净占比_sum10": 0.9242325277596343,
    "ak_fund_涨跌幅_sum5": 0.9229261920313521,
    "ak_fund_主力净流入-净占比_sum5": 0.9229261920313521,
    "ak_fund_主力净流入-净额_sum5": 0.9229261920313521,
    "ak_fund_收盘价_sum5": 0.9229261920313521,
    "ak_fund_超大单净流入-净占比_sum5": 0.9229261920313521,
    "ak_fund_中单净流入-净占比_sum5": 0.9229261920313521,
    "ak_fund_中单净流入-净额_sum5": 0.9229261920313521,
    "ak_fund_小单净流入-净额_sum5": 0.9229261920313521,
    "ak_fund_小单净流入-净占比_sum5": 0.9229261920313521,
    "ak_fund_大单净流入-净占比_sum5": 0.9229261920313521,
    "ak_fund_大单净流入-净额_sum5": 0.9229261920313521,
    "ak_fund_超大单净流入-净额_sum5": 0.9229261920313521,
    "ak_fund_大单净流入-净额": 0.9216198563030699,
    "ak_fund_超大单净流入-净占比": 0.9216198563030699,
    "ak_fund_超大单净流入-净额": 0.9216198563030699,
    "ak_fund_收盘价": 0.9216198563030699,
    "ak_fund_涨跌幅": 0.9216198563030699,
    "ak_fund_中单净流入-净额": 0.9216198563030699
  },
  "valuation_non_null": {
    "peTTM": 1531,
    "pbMRQ": 1531,
    "psTTM": 1531,
    "pcfNcfTTM": 1531
  },
  "future_effective_date_violations": 0,
  "rows_with_quarterly": 1531,
  "sample_rows": 1531,
  "quarterly_raw_rows": 37,
  "quarterly_used_pubDate_rows": 37,
  "quarterly_fallback_rows": 0,
  "elapsed_seconds": 13.084,
  "symbol": "002270",
  "baostock_code": "sz.002270",
  "valuation_rows": 2028,
  "fund_flow_rows": 120,
  "feature_columns": 125,
  "merged_columns": 194,
  "outputs": {
    "daily_valuation": "/root/stock_realtime_v021_full/saved_data/002270_pipeline_out/02_fundamental/baostock_daily_valuation.csv",
    "quarterly_fundamentals": "/root/stock_realtime_v021_full/saved_data/002270_pipeline_out/02_fundamental/baostock_quarterly_fundamentals_pit.csv",
    "fundamental_features": "/root/stock_realtime_v021_full/saved_data/002270_pipeline_out/02_fundamental/fundamental_features.csv",
    "merged_samples": "/root/stock_realtime_v021_full/saved_data/002270_pipeline_out/02_fundamental/training_samples_with_fundamentals.csv"
  }
}

[2026-05-19T07:25:22] RUN sector
  /usr/bin/python3 feature_building/build_sector_features.py --samples /root/stock_realtime_v021_full/saved_data/002270_pipeline_out/02_fundamental/training_samples_with_fundamentals.csv --out-dir /root/stock_realtime_v021_full/saved_data/002270_pipeline_out/03_sector --sector-symbol '电网设备' --start-date 2018-01-01 --end-date 2026-05-19

  0%|          | 0/9 [00:00<?, ?it/s]
 11%|█         | 1/9 [00:00<00:02,  3.63it/s]
 22%|██▏       | 2/9 [00:00<00:01,  4.08it/s]
 33%|███▎      | 3/9 [00:00<00:01,  4.02it/s]
 44%|████▍     | 4/9 [00:01<00:01,  3.98it/s]
 56%|█████▌    | 5/9 [00:01<00:00,  4.14it/s]
 67%|██████▋   | 6/9 [00:01<00:00,  3.96it/s]
 78%|███████▊  | 7/9 [00:01<00:00,  3.99it/s]
 89%|████████▉ | 8/9 [00:02<00:00,  3.91it/s]
100%|██████████| 9/9 [00:02<00:00,  4.14it/s]
                                             
{
  "sector_symbol": "电网设备",
  "sector_rows": 2028,
  "sector_date_min": "2018-01-02",
  "sector_date_max": "2026-05-18",
  "sample_rows": 1531,
  "merged_rows": 1531,
  "sector_feature_cols": 23,
  "top_missing": {
    "sector_ret60": 0.039190071848465055,
    "sector_ma60_gap": 0.019595035924232528,
    "stock_vs_sector_ret20": 0.013063357282821686,
    "sector_ret20": 0.013063357282821686,
    "sector_vol20": 0.007184846505551927,
    "sector_ma20_gap": 0.006531678641410843,
    "sector_range_z20": 0.006531678641410843,
    "sector_volume_shock20": 0.006531678641410843,
    "sector_amount_z20": 0.006531678641410843,
    "sector_volume_z20": 0.006531678641410843,
    "sector_amount_shock20": 0.006531678641410843,
    "sector_ret5": 0.0032658393207054214,
    "stock_vs_sector_ret5": 0.0032658393207054214,
    "sector_vs_bench_ret5": 0.0032658393207054214,
    "stock_vs_sector_ret1": 0.0006531678641410843,
    "sector_ret1": 0.0006531678641410843,
    "sector_amount": 0.0,
    "sector_volume": 0.0,
    "sector_close": 0.0,
    "sector_low": 0.0
  },
  "outputs": {
    "sector_index": "/root/stock_realtime_v021_full/saved_data/002270_pipeline_out/03_sector/sector_index_ths.csv",
    "sector_features": "/root/stock_realtime_v021_full/saved_data/002270_pipeline_out/03_sector/sector_features.csv",
    "merged_samples": "/root/stock_realtime_v021_full/saved_data/002270_pipeline_out/03_sector/training_samples_with_sector.csv"
  }
}
[INFO] final samples for search: /root/stock_realtime_v021_full/saved_data/002270_pipeline_out/03_sector/training_samples_with_sector.csv
=== nextday pipeline end: 2026-05-19T07:25:26 status=ok ===
=== nextday pipeline start: 2026-05-19T23:26:10 ===
symbol=002270.SZ, out_root=/root/stock_realtime_v021_full/saved_data/002270_pipeline_out

[2026-05-19T23:26:10] RUN update_data
  /usr/bin/python3 bootstrap/ashare_xgb_dual_opportunity_regression_baostock_full_v19_compressed_trading_axis.py --mode update_data --symbol 002270 --benchmark_symbol 000300 --daily_start 2018-01-01 --daily_end 2026-05-19 --intraday_start '2018-01-01 09:30:00' --intraday_end '2026-05-19 15:00:00' --output_dir /root/stock_realtime_v021_full/saved_data/002270_pipeline_out/00_base --cache_mode incremental --feature_cache_mode incremental --adjust qfq
/root/stock_realtime_v021_full/bootstrap/ashare_fetch_and_train_xgb_sell_signal_baostock_state_cache_helper_fix2.py:246: FutureWarning: The behavior of DataFrame concatenation with empty or all-NA entries is deprecated. In a future version, this will no longer exclude empty or all-NA columns when determining the result dtypes. To retain the old behavior, exclude the relevant entries before the concat operation.
  merged = _normalize_daily_df(pd.concat([df_old, df_new], axis=0, ignore_index=True))
/root/stock_realtime_v021_full/bootstrap/ashare_fetch_and_train_xgb_sell_signal_baostock_state_cache_helper_fix2.py:254: FutureWarning: The behavior of DataFrame concatenation with empty or all-NA entries is deprecated. In a future version, this will no longer exclude empty or all-NA columns when determining the result dtypes. To retain the old behavior, exclude the relevant entries before the concat operation.
  merged = _normalize_bench_df(pd.concat([df_old, df_new], axis=0, ignore_index=True))
login success!
logout success!
login success!
logout success!
login success!
logout success!
login success!
logout success!
login success!
logout success!
login success!
logout success!
{
  "mode": "update_data",
  "symbol": "002270",
  "data_source": "baostock",
  "daily_rows": 2029,
  "intraday_rows": 73536,
  "daily_min": "2018-01-02 00:00:00",
  "daily_max": "2026-05-19 00:00:00",
  "intraday_min": "2020-01-02 09:35:00",
  "intraday_max": "2026-05-19 15:00:00",
  "base_paths": {
    "daily_csv": "/root/stock_realtime_v021_full/saved_data/002270_pipeline_out/00_base/002270_daily.csv",
    "intraday_csv": "/root/stock_realtime_v021_full/saved_data/002270_pipeline_out/00_base/002270_5m.csv",
    "benchmark_csv": "/root/stock_realtime_v021_full/saved_data/002270_pipeline_out/00_base/000300_benchmark_daily.csv",
    "raw_daily_cache_csv": "/root/stock_realtime_v021_full/saved_data/002270_pipeline_out/00_base/raw_cache/002270_daily_raw.csv",
    "raw_intraday_cache_csv": "/root/stock_realtime_v021_full/saved_data/002270_pipeline_out/00_base/raw_cache/002270_5m_raw.csv",
    "raw_benchmark_cache_csv": "/root/stock_realtime_v021_full/saved_data/002270_pipeline_out/00_base/raw_cache/000300_benchmark_daily_raw.csv",
    "daily_features_csv": "/root/stock_realtime_v021_full/saved_data/002270_pipeline_out/00_base/daily_features.csv",
    "intraday_features_csv": "/root/stock_realtime_v021_full/saved_data/002270_pipeline_out/00_base/intraday_features.csv",
    "daily_features_cache_csv": "/root/stock_realtime_v021_full/saved_data/002270_pipeline_out/00_base/feature_cache/daily_features_cache.csv",
    "intraday_features_cache_csv": "/root/stock_realtime_v021_full/saved_data/002270_pipeline_out/00_base/feature_cache/intraday_features_cache.csv",
    "feature_state_json": "/root/stock_realtime_v021_full/saved_data/002270_pipeline_out/00_base/feature_cache/feature_state.json"
  },
  "fetch_logs": {
    "symbol": "002270",
    "benchmark_symbol": "000300",
    "daily_start": "2018-01-01",
    "daily_end": "2026-05-19",
    "intraday_start": "2018-01-01 09:30:00",
    "intraday_end": "2026-05-19 15:00:00",
    "perf_start": "2018-01-01",
    "data_source": "baostock",
    "cache_mode": "incremental",
    "force_refresh": false,
    "raw_cache_dir": "/root/stock_realtime_v021_full/saved_data/002270_pipeline_out/00_base/raw_cache",
    "feature_cache_dir": "/root/stock_realtime_v021_full/saved_data/002270_pipeline_out/00_base/feature_cache",
    "feature_cache_mode": "incremental",
    "daily": {
      "cache_path": "/root/stock_realtime_v021_full/saved_data/002270_pipeline_out/00_base/raw_cache/002270_daily_raw.csv",
      "requested_start": "2018-01-01",
      "requested_end": "2026-05-19",
      "mode": "incremental",
      "cache_before": {
        "rows": 2028,
        "min": "2018-01-02 00:00:00",
        "max": "2026-05-18 00:00:00"
      },
      "fetch_segments": [
        {
          "provider": "baostock",
          "code": "sz.002270",
          "adjustflag": "2",
          "rows": 0
        },
        {
          "provider": "baostock",
          "code": "sz.002270",
          "adjustflag": "2",
          "rows": 1,
          "start": "2026-05-19",
          "end": "2026-05-19"
        }
      ],
      "cache_after": {
        "rows": 2029,
        "min": "2018-01-02 00:00:00",
        "max": "2026-05-19 00:00:00"
      }
    },
    "intraday_5m": {
      "cache_path": "/root/stock_realtime_v021_full/saved_data/002270_pipeline_out/00_base/raw_cache/002270_5m_raw.csv",
      "requested_start": "2018-01-01 09:30:00",
      "requested_end": "2026-05-19 15:00:00",
      "mode": "incremental",
      "cache_before": {
        "rows": 73488,
        "min": "2020-01-02 09:35:00",
        "max": "2026-05-18 15:00:00"
      },
      "fetch_segments": [
        {
          "provider": "baostock",
          "code": "sz.002270",
          "adjustflag": "2",
          "requested_start": "2018-01-01 09:30:00",
          "effective_start": "2018-01-01 09:30:00",
          "requested_end": "2020-01-02 09:30:00",
          "rows": 0
        },
        {
          "provider": "baostock",
          "code": "sz.002270",
          "adjustflag": "2",
          "requested_start": "2026-05-18 15:05:00",
          "effective_start": "2026-05-18 15:05:00",
          "requested_end": "2026-05-19 15:00:00",
          "rows": 48
        }
      ],
      "cache_after": {
        "rows": 73536,
        "min": "2020-01-02 09:35:00",
        "max": "2026-05-19 15:00:00"
      }
    },
    "benchmark_daily": {
      "cache_path": "/root/stock_realtime_v021_full/saved_data/002270_pipeline_out/00_base/raw_cache/000300_benchmark_daily_raw.csv",
      "requested_start": "2018-01-01",
      "requested_end": "2026-05-19",
      "mode": "incremental",
      "cache_before": {
        "rows": 2028,
        "min": "2018-01-02 00:00:00",
        "max": "2026-05-18 00:00:00"
      },
      "fetch_segments": [
        {
          "provider": "baostock",
          "code": "sh.000300",
          "rows": 0,
          "start": "2018-01-01",
          "end": "2018-01-01"
        },
        {
          "provider": "baostock",
          "code": "sh.000300",
          "rows": 1,
          "start": "2026-05-19",
          "end": "2026-05-19"
        }
      ],
      "cache_after": {
>>>>>>> 2a2a5a75404252d90fc88ad35628cdabcc944dba
        "rows": 2029,
        "min": "2018-01-02 00:00:00",
        "max": "2026-05-19 00:00:00"
      }
    },
    "feature_build": {
      "mode": "stateful_incremental_append",
      "daily_context_days": 260,
      "intraday_context_days": 40,
      "daily_append": {
        "needed": true,
<<<<<<< HEAD
        "first_new_date": "2026-05-18 00:00:00",
        "context_start": "2025-04-17 00:00:00",
        "context_raw_rows": 262,
        "appended_rows": 2,
        "cache_before": {
          "rows": 2027,
          "min": "2018-01-02 00:00:00",
          "max": "2026-05-15 00:00:00"
=======
        "first_new_date": "2026-05-19 00:00:00",
        "context_start": "2025-04-18 00:00:00",
        "context_raw_rows": 261,
        "appended_rows": 1,
        "cache_before": {
          "rows": 2028,
          "min": "2018-01-02 00:00:00",
          "max": "2026-05-18 00:00:00"
>>>>>>> 2a2a5a75404252d90fc88ad35628cdabcc944dba
        },
        "cache_after": {
          "rows": 2029,
          "min": "2018-01-02 00:00:00",
          "max": "2026-05-19 00:00:00"
        }
      },
      "intraday_append": {
        "needed": true,
<<<<<<< HEAD
        "first_new_datetime": "2026-05-18 09:35:00",
        "context_start_date": "2026-03-17 00:00:00",
        "context_raw_rows": 2016,
        "appended_rows": 96,
        "cache_before": {
          "rows": 73440,
          "min": "2020-01-02 09:35:00",
          "max": "2026-05-15 15:00:00"
=======
        "first_new_datetime": "2026-05-19 09:35:00",
        "context_start_date": "2026-03-18 00:00:00",
        "context_raw_rows": 1968,
        "appended_rows": 48,
        "cache_before": {
          "rows": 73488,
          "min": "2020-01-02 09:35:00",
          "max": "2026-05-18 15:00:00"
>>>>>>> 2a2a5a75404252d90fc88ad35628cdabcc944dba
        },
        "cache_after": {
          "rows": 73536,
          "min": "2020-01-02 09:35:00",
          "max": "2026-05-19 15:00:00"
        }
      }
    },
    "feature_state": {
      "daily_feature_max": "2026-05-19 00:00:00",
      "intraday_feature_max": "2026-05-19 15:00:00",
      "daily_context_days": 260,
      "intraday_context_days": 40,
      "feature_build_mode": "stateful_incremental_append"
    }
  }
}

<<<<<<< HEAD
[2026-05-19T20:02:07] RUN samples
  'D:\VSCodeWorkspace\stockAnalysis\.venv\Scripts\python.exe' feature_building/build_nextday_samples_from_baostock.py --daily-features 'D:\VSCodeWorkspace\stock_realtime_v021_full\saved_data\002270_pipeline_out\00_base\daily_features.csv' --intraday-bars 'D:\VSCodeWorkspace\stock_realtime_v021_full\saved_data\002270_pipeline_out\00_base\002270_5m.csv' --out-dir 'D:\VSCodeWorkspace\stock_realtime_v021_full\saved_data\002270_pipeline_out\01_samples' --min-bars 40 --keep-unlabeled-tail
=======
[2026-05-19T23:26:30] RUN samples
  /usr/bin/python3 feature_building/build_nextday_samples_from_baostock.py --daily-features /root/stock_realtime_v021_full/saved_data/002270_pipeline_out/00_base/daily_features.csv --intraday-bars /root/stock_realtime_v021_full/saved_data/002270_pipeline_out/00_base/002270_5m.csv --out-dir /root/stock_realtime_v021_full/saved_data/002270_pipeline_out/01_samples --min-bars 40 --keep-unlabeled-tail
>>>>>>> 2a2a5a75404252d90fc88ad35628cdabcc944dba
{
  "rows": 1532,
  "date_min": "2020-01-02",
  "date_max": "2026-05-19",
<<<<<<< HEAD
  "out": "D:\\VSCodeWorkspace\\stock_realtime_v021_full\\saved_data\\002270_pipeline_out\\01_samples\\training_samples.csv"
}

[2026-05-19T20:02:07] RUN fundamental
  'D:\VSCodeWorkspace\stockAnalysis\.venv\Scripts\python.exe' feature_building/build_fundamental_features.py --symbol 002270.SZ --daily-samples 'D:\VSCodeWorkspace\stock_realtime_v021_full\saved_data\002270_pipeline_out\01_samples\training_samples.csv' --out-dir 'D:\VSCodeWorkspace\stock_realtime_v021_full\saved_data\002270_pipeline_out\02_fundamental' --start-date 2018-01-01 --end-date 2026-05-19 --fallback-lag-days 120
=== nextday pipeline start: 2026-05-19T20:03:39 ===
symbol=002270.SZ, out_root=D:\VSCodeWorkspace\stock_realtime_v021_full\saved_data\002270_pipeline_out

[2026-05-19T20:03:39] RUN update_data
  'D:\VSCodeWorkspace\stockAnalysis\.venv\Scripts\python.exe' bootstrap/ashare_xgb_dual_opportunity_regression_baostock_full_v19_compressed_trading_axis.py --mode update_data --symbol 002270 --benchmark_symbol 000300 --daily_start 2018-01-01 --daily_end 2026-05-19 --intraday_start '2018-01-01 09:30:00' --intraday_end '2026-05-19 15:00:00' --output_dir 'D:\VSCodeWorkspace\stock_realtime_v021_full\saved_data\002270_pipeline_out\00_base' --cache_mode incremental --feature_cache_mode incremental --adjust qfq
login success!
logout success!
login success!
logout success!
login success!
logout success!
{
  "mode": "update_data",
  "symbol": "002270",
  "data_source": "baostock",
  "daily_rows": 2029,
  "intraday_rows": 73536,
  "daily_min": "2018-01-02 00:00:00",
  "daily_max": "2026-05-19 00:00:00",
  "intraday_min": "2020-01-02 09:35:00",
  "intraday_max": "2026-05-19 15:00:00",
  "base_paths": {
    "daily_csv": "D:\\VSCodeWorkspace\\stock_realtime_v021_full\\saved_data\\002270_pipeline_out\\00_base\\002270_daily.csv",
    "intraday_csv": "D:\\VSCodeWorkspace\\stock_realtime_v021_full\\saved_data\\002270_pipeline_out\\00_base\\002270_5m.csv",
    "benchmark_csv": "D:\\VSCodeWorkspace\\stock_realtime_v021_full\\saved_data\\002270_pipeline_out\\00_base\\000300_benchmark_daily.csv",
    "raw_daily_cache_csv": "D:\\VSCodeWorkspace\\stock_realtime_v021_full\\saved_data\\002270_pipeline_out\\00_base\\raw_cache\\002270_daily_raw.csv",
    "raw_intraday_cache_csv": "D:\\VSCodeWorkspace\\stock_realtime_v021_full\\saved_data\\002270_pipeline_out\\00_base\\raw_cache\\002270_5m_raw.csv",
    "raw_benchmark_cache_csv": "D:\\VSCodeWorkspace\\stock_realtime_v021_full\\saved_data\\002270_pipeline_out\\00_base\\raw_cache\\000300_benchmark_daily_raw.csv",
    "daily_features_csv": "D:\\VSCodeWorkspace\\stock_realtime_v021_full\\saved_data\\002270_pipeline_out\\00_base\\daily_features.csv",
    "intraday_features_csv": "D:\\VSCodeWorkspace\\stock_realtime_v021_full\\saved_data\\002270_pipeline_out\\00_base\\intraday_features.csv",
    "daily_features_cache_csv": "D:\\VSCodeWorkspace\\stock_realtime_v021_full\\saved_data\\002270_pipeline_out\\00_base\\feature_cache\\daily_features_cache.csv",
    "intraday_features_cache_csv": "D:\\VSCodeWorkspace\\stock_realtime_v021_full\\saved_data\\002270_pipeline_out\\00_base\\feature_cache\\intraday_features_cache.csv",
    "feature_state_json": "D:\\VSCodeWorkspace\\stock_realtime_v021_full\\saved_data\\002270_pipeline_out\\00_base\\feature_cache\\feature_state.json"
  },
  "fetch_logs": {
    "symbol": "002270",
    "benchmark_symbol": "000300",
    "daily_start": "2018-01-01",
    "daily_end": "2026-05-19",
    "intraday_start": "2018-01-01 09:30:00",
    "intraday_end": "2026-05-19 15:00:00",
    "perf_start": "2018-01-01",
    "data_source": "baostock",
    "cache_mode": "incremental",
    "force_refresh": false,
    "raw_cache_dir": "D:\\VSCodeWorkspace\\stock_realtime_v021_full\\saved_data\\002270_pipeline_out\\00_base\\raw_cache",
    "feature_cache_dir": "D:\\VSCodeWorkspace\\stock_realtime_v021_full\\saved_data\\002270_pipeline_out\\00_base\\feature_cache",
    "feature_cache_mode": "incremental",
    "daily": {
      "cache_path": "D:\\VSCodeWorkspace\\stock_realtime_v021_full\\saved_data\\002270_pipeline_out\\00_base\\raw_cache\\002270_daily_raw.csv",
      "requested_start": "2018-01-01",
      "requested_end": "2026-05-19",
      "mode": "incremental",
      "cache_before": {
        "rows": 2029,
        "min": "2018-01-02 00:00:00",
        "max": "2026-05-19 00:00:00"
      },
      "fetch_segments": [
        {
          "provider": "baostock",
          "code": "sz.002270",
          "adjustflag": "2",
          "rows": 0
        }
      ],
      "cache_after": {
        "rows": 2029,
        "min": "2018-01-02 00:00:00",
        "max": "2026-05-19 00:00:00"
      }
    },
    "intraday_5m": {
      "cache_path": "D:\\VSCodeWorkspace\\stock_realtime_v021_full\\saved_data\\002270_pipeline_out\\00_base\\raw_cache\\002270_5m_raw.csv",
      "requested_start": "2018-01-01 09:30:00",
      "requested_end": "2026-05-19 15:00:00",
      "mode": "incremental",
      "cache_before": {
        "rows": 73536,
        "min": "2020-01-02 09:35:00",
        "max": "2026-05-19 15:00:00"
      },
      "fetch_segments": [
        {
          "provider": "baostock",
          "code": "sz.002270",
          "adjustflag": "2",
          "requested_start": "2018-01-01 09:30:00",
          "effective_start": "2018-01-01 09:30:00",
          "requested_end": "2020-01-02 09:30:00",
          "rows": 0
        }
      ],
      "cache_after": {
        "rows": 73536,
        "min": "2020-01-02 09:35:00",
        "max": "2026-05-19 15:00:00"
      }
    },
    "benchmark_daily": {
      "cache_path": "D:\\VSCodeWorkspace\\stock_realtime_v021_full\\saved_data\\002270_pipeline_out\\00_base\\raw_cache\\000300_benchmark_daily_raw.csv",
      "requested_start": "2018-01-01",
      "requested_end": "2026-05-19",
      "mode": "incremental",
      "cache_before": {
        "rows": 2029,
        "min": "2018-01-02 00:00:00",
        "max": "2026-05-19 00:00:00"
      },
      "fetch_segments": [
        {
          "provider": "baostock",
          "code": "sh.000300",
          "rows": 0,
          "start": "2018-01-01",
          "end": "2018-01-01"
        }
      ],
      "cache_after": {
        "rows": 2029,
        "min": "2018-01-02 00:00:00",
        "max": "2026-05-19 00:00:00"
      }
    },
    "feature_build": {
      "mode": "cache_reuse_no_rebuild",
      "daily_cache": {
        "rows": 2029,
        "min": "2018-01-02 00:00:00",
        "max": "2026-05-19 00:00:00"
      },
      "intraday_cache": {
        "rows": 73536,
        "min": "2020-01-02 09:35:00",
        "max": "2026-05-19 15:00:00"
      },
      "daily_context_days": 260,
      "intraday_context_days": 40
    },
    "feature_state": {
      "daily_feature_max": "2026-05-19 00:00:00",
      "intraday_feature_max": "2026-05-19 15:00:00",
      "daily_context_days": 260,
      "intraday_context_days": 40,
      "feature_build_mode": "cache_reuse_no_rebuild"
    }
  }
}

[2026-05-19T20:03:45] RUN samples
  'D:\VSCodeWorkspace\stockAnalysis\.venv\Scripts\python.exe' feature_building/build_nextday_samples_from_baostock.py --daily-features 'D:\VSCodeWorkspace\stock_realtime_v021_full\saved_data\002270_pipeline_out\00_base\daily_features.csv' --intraday-bars 'D:\VSCodeWorkspace\stock_realtime_v021_full\saved_data\002270_pipeline_out\00_base\002270_5m.csv' --out-dir 'D:\VSCodeWorkspace\stock_realtime_v021_full\saved_data\002270_pipeline_out\01_samples' --min-bars 40 --keep-unlabeled-tail
{
  "rows": 1532,
  "date_min": "2020-01-02",
  "date_max": "2026-05-19",
  "out": "D:\\VSCodeWorkspace\\stock_realtime_v021_full\\saved_data\\002270_pipeline_out\\01_samples\\training_samples.csv"
}

[2026-05-19T20:03:45] RUN fundamental
  'D:\VSCodeWorkspace\stockAnalysis\.venv\Scripts\python.exe' feature_building/build_fundamental_features.py --symbol 002270.SZ --daily-samples 'D:\VSCodeWorkspace\stock_realtime_v021_full\saved_data\002270_pipeline_out\01_samples\training_samples.csv' --out-dir 'D:\VSCodeWorkspace\stock_realtime_v021_full\saved_data\002270_pipeline_out\02_fundamental' --start-date 2018-01-01 --end-date 2026-05-19 --fallback-lag-days 120
=== nextday pipeline start: 2026-05-19T20:27:59 ===
symbol=002270.SZ, out_root=D:\VSCodeWorkspace\stock_realtime_v021_full\saved_data\002270_pipeline_out

[2026-05-19T20:27:59] RUN update_data
  'D:\VSCodeWorkspace\stockAnalysis\.venv\Scripts\python.exe' bootstrap/ashare_xgb_dual_opportunity_regression_baostock_full_v19_compressed_trading_axis.py --mode update_data --symbol 002270 --benchmark_symbol 000300 --daily_start 2018-01-01 --daily_end 2026-05-19 --intraday_start '2018-01-01 09:30:00' --intraday_end '2026-05-19 15:00:00' --output_dir 'D:\VSCodeWorkspace\stock_realtime_v021_full\saved_data\002270_pipeline_out\00_base' --cache_mode incremental --feature_cache_mode incremental --adjust qfq
login success!
logout success!
login success!
logout success!
login success!
logout success!
{
  "mode": "update_data",
  "symbol": "002270",
  "data_source": "baostock",
  "daily_rows": 2029,
  "intraday_rows": 73536,
  "daily_min": "2018-01-02 00:00:00",
  "daily_max": "2026-05-19 00:00:00",
  "intraday_min": "2020-01-02 09:35:00",
  "intraday_max": "2026-05-19 15:00:00",
  "base_paths": {
    "daily_csv": "D:\\VSCodeWorkspace\\stock_realtime_v021_full\\saved_data\\002270_pipeline_out\\00_base\\002270_daily.csv",
    "intraday_csv": "D:\\VSCodeWorkspace\\stock_realtime_v021_full\\saved_data\\002270_pipeline_out\\00_base\\002270_5m.csv",
    "benchmark_csv": "D:\\VSCodeWorkspace\\stock_realtime_v021_full\\saved_data\\002270_pipeline_out\\00_base\\000300_benchmark_daily.csv",
    "raw_daily_cache_csv": "D:\\VSCodeWorkspace\\stock_realtime_v021_full\\saved_data\\002270_pipeline_out\\00_base\\raw_cache\\002270_daily_raw.csv",
    "raw_intraday_cache_csv": "D:\\VSCodeWorkspace\\stock_realtime_v021_full\\saved_data\\002270_pipeline_out\\00_base\\raw_cache\\002270_5m_raw.csv",
    "raw_benchmark_cache_csv": "D:\\VSCodeWorkspace\\stock_realtime_v021_full\\saved_data\\002270_pipeline_out\\00_base\\raw_cache\\000300_benchmark_daily_raw.csv",
    "daily_features_csv": "D:\\VSCodeWorkspace\\stock_realtime_v021_full\\saved_data\\002270_pipeline_out\\00_base\\daily_features.csv",
    "intraday_features_csv": "D:\\VSCodeWorkspace\\stock_realtime_v021_full\\saved_data\\002270_pipeline_out\\00_base\\intraday_features.csv",
    "daily_features_cache_csv": "D:\\VSCodeWorkspace\\stock_realtime_v021_full\\saved_data\\002270_pipeline_out\\00_base\\feature_cache\\daily_features_cache.csv",
    "intraday_features_cache_csv": "D:\\VSCodeWorkspace\\stock_realtime_v021_full\\saved_data\\002270_pipeline_out\\00_base\\feature_cache\\intraday_features_cache.csv",
    "feature_state_json": "D:\\VSCodeWorkspace\\stock_realtime_v021_full\\saved_data\\002270_pipeline_out\\00_base\\feature_cache\\feature_state.json"
  },
  "fetch_logs": {
    "symbol": "002270",
    "benchmark_symbol": "000300",
    "daily_start": "2018-01-01",
    "daily_end": "2026-05-19",
    "intraday_start": "2018-01-01 09:30:00",
    "intraday_end": "2026-05-19 15:00:00",
    "perf_start": "2018-01-01",
    "data_source": "baostock",
    "cache_mode": "incremental",
    "force_refresh": false,
    "raw_cache_dir": "D:\\VSCodeWorkspace\\stock_realtime_v021_full\\saved_data\\002270_pipeline_out\\00_base\\raw_cache",
    "feature_cache_dir": "D:\\VSCodeWorkspace\\stock_realtime_v021_full\\saved_data\\002270_pipeline_out\\00_base\\feature_cache",
    "feature_cache_mode": "incremental",
    "daily": {
      "cache_path": "D:\\VSCodeWorkspace\\stock_realtime_v021_full\\saved_data\\002270_pipeline_out\\00_base\\raw_cache\\002270_daily_raw.csv",
      "requested_start": "2018-01-01",
      "requested_end": "2026-05-19",
      "mode": "incremental",
      "cache_before": {
        "rows": 2029,
        "min": "2018-01-02 00:00:00",
        "max": "2026-05-19 00:00:00"
      },
      "fetch_segments": [
        {
          "provider": "baostock",
          "code": "sz.002270",
          "adjustflag": "2",
          "rows": 0
        }
      ],
      "cache_after": {
        "rows": 2029,
        "min": "2018-01-02 00:00:00",
        "max": "2026-05-19 00:00:00"
      }
    },
    "intraday_5m": {
      "cache_path": "D:\\VSCodeWorkspace\\stock_realtime_v021_full\\saved_data\\002270_pipeline_out\\00_base\\raw_cache\\002270_5m_raw.csv",
      "requested_start": "2018-01-01 09:30:00",
      "requested_end": "2026-05-19 15:00:00",
      "mode": "incremental",
      "cache_before": {
        "rows": 73536,
        "min": "2020-01-02 09:35:00",
        "max": "2026-05-19 15:00:00"
      },
      "fetch_segments": [
        {
          "provider": "baostock",
          "code": "sz.002270",
          "adjustflag": "2",
          "requested_start": "2018-01-01 09:30:00",
          "effective_start": "2018-01-01 09:30:00",
          "requested_end": "2020-01-02 09:30:00",
          "rows": 0
        }
      ],
      "cache_after": {
        "rows": 73536,
        "min": "2020-01-02 09:35:00",
        "max": "2026-05-19 15:00:00"
      }
    },
    "benchmark_daily": {
      "cache_path": "D:\\VSCodeWorkspace\\stock_realtime_v021_full\\saved_data\\002270_pipeline_out\\00_base\\raw_cache\\000300_benchmark_daily_raw.csv",
      "requested_start": "2018-01-01",
      "requested_end": "2026-05-19",
      "mode": "incremental",
      "cache_before": {
        "rows": 2029,
        "min": "2018-01-02 00:00:00",
        "max": "2026-05-19 00:00:00"
      },
      "fetch_segments": [
        {
          "provider": "baostock",
          "code": "sh.000300",
          "rows": 0,
          "start": "2018-01-01",
          "end": "2018-01-01"
        }
      ],
      "cache_after": {
        "rows": 2029,
        "min": "2018-01-02 00:00:00",
        "max": "2026-05-19 00:00:00"
      }
    },
    "feature_build": {
      "mode": "cache_reuse_no_rebuild",
      "daily_cache": {
        "rows": 2029,
        "min": "2018-01-02 00:00:00",
        "max": "2026-05-19 00:00:00"
      },
      "intraday_cache": {
        "rows": 73536,
        "min": "2020-01-02 09:35:00",
        "max": "2026-05-19 15:00:00"
      },
      "daily_context_days": 260,
      "intraday_context_days": 40
    },
    "feature_state": {
      "daily_feature_max": "2026-05-19 00:00:00",
      "intraday_feature_max": "2026-05-19 15:00:00",
      "daily_context_days": 260,
      "intraday_context_days": 40,
      "feature_build_mode": "cache_reuse_no_rebuild"
    }
  }
}

[2026-05-19T20:28:08] RUN samples
  'D:\VSCodeWorkspace\stockAnalysis\.venv\Scripts\python.exe' feature_building/build_nextday_samples_from_baostock.py --daily-features 'D:\VSCodeWorkspace\stock_realtime_v021_full\saved_data\002270_pipeline_out\00_base\daily_features.csv' --intraday-bars 'D:\VSCodeWorkspace\stock_realtime_v021_full\saved_data\002270_pipeline_out\00_base\002270_5m.csv' --out-dir 'D:\VSCodeWorkspace\stock_realtime_v021_full\saved_data\002270_pipeline_out\01_samples' --min-bars 40 --keep-unlabeled-tail
{
  "rows": 1532,
  "date_min": "2020-01-02",
  "date_max": "2026-05-19",
  "out": "D:\\VSCodeWorkspace\\stock_realtime_v021_full\\saved_data\\002270_pipeline_out\\01_samples\\training_samples.csv"
}

[2026-05-19T20:28:08] RUN fundamental
  'D:\VSCodeWorkspace\stockAnalysis\.venv\Scripts\python.exe' feature_building/build_fundamental_features.py --symbol 002270.SZ --daily-samples 'D:\VSCodeWorkspace\stock_realtime_v021_full\saved_data\002270_pipeline_out\01_samples\training_samples.csv' --out-dir 'D:\VSCodeWorkspace\stock_realtime_v021_full\saved_data\002270_pipeline_out\02_fundamental' --start-date 2018-01-01 --end-date 2026-05-19 --fallback-lag-days 120
login success!
logout success!
{
  "rows": 1532,
  "date_min": "2020-01-02",
  "date_max": "2026-05-19",
  "source_errors": [],
  "top_missing_rates": {
    "ak_fund_小单净流入-净额_sum10": 0.9236292428198434,
    "ak_fund_主力净流入-净额_sum10": 0.9236292428198434,
    "ak_fund_主力净流入-净占比_sum10": 0.9236292428198434,
    "ak_fund_涨跌幅_sum10": 0.9236292428198434,
    "ak_fund_收盘价_sum10": 0.9236292428198434,
    "ak_fund_中单净流入-净额_sum10": 0.9236292428198434,
    "ak_fund_中单净流入-净占比_sum10": 0.9236292428198434,
    "ak_fund_小单净流入-净占比_sum10": 0.9236292428198434,
    "ak_fund_超大单净流入-净额_sum10": 0.9236292428198434,
    "ak_fund_大单净流入-净额_sum10": 0.9236292428198434,
    "ak_fund_大单净流入-净占比_sum10": 0.9236292428198434,
    "ak_fund_超大单净流入-净占比_sum10": 0.9236292428198434,
    "ak_fund_涨跌幅_sum5": 0.9223237597911227,
    "ak_fund_主力净流入-净占比_sum5": 0.9223237597911227,
    "ak_fund_主力净流入-净额_sum5": 0.9223237597911227,
    "ak_fund_收盘价_sum5": 0.9223237597911227,
    "ak_fund_超大单净流入-净占比_sum5": 0.9223237597911227,
    "ak_fund_中单净流入-净占比_sum5": 0.9223237597911227,
    "ak_fund_中单净流入-净额_sum5": 0.9223237597911227,
    "ak_fund_小单净流入-净额_sum5": 0.9223237597911227,
    "ak_fund_小单净流入-净占比_sum5": 0.9223237597911227,
    "ak_fund_大单净流入-净占比_sum5": 0.9223237597911227,
    "ak_fund_大单净流入-净额_sum5": 0.9223237597911227,
    "ak_fund_超大单净流入-净额_sum5": 0.9223237597911227,
    "ak_fund_大单净流入-净额": 0.9210182767624021,
    "ak_fund_超大单净流入-净占比": 0.9210182767624021,
    "ak_fund_超大单净流入-净额": 0.9210182767624021,
    "ak_fund_收盘价": 0.9210182767624021,
    "ak_fund_涨跌幅": 0.9210182767624021,
    "ak_fund_中单净流入-净额": 0.9210182767624021
  },
  "valuation_non_null": {
    "peTTM": 1532,
    "pbMRQ": 1532,
    "psTTM": 1532,
    "pcfNcfTTM": 1532
  },
  "future_effective_date_violations": 0,
  "rows_with_quarterly": 1532,
  "sample_rows": 1532,
  "quarterly_raw_rows": 37,
  "quarterly_used_pubDate_rows": 37,
  "quarterly_fallback_rows": 0,
  "elapsed_seconds": 73.831,
  "symbol": "002270",
  "baostock_code": "sz.002270",
  "valuation_rows": 2029,
  "fund_flow_rows": 121,
  "feature_columns": 125,
  "merged_columns": 194,
  "outputs": {
    "daily_valuation": "D:\\VSCodeWorkspace\\stock_realtime_v021_full\\saved_data\\002270_pipeline_out\\02_fundamental\\baostock_daily_valuation.csv",
    "quarterly_fundamentals": "D:\\VSCodeWorkspace\\stock_realtime_v021_full\\saved_data\\002270_pipeline_out\\02_fundamental\\baostock_quarterly_fundamentals_pit.csv",
    "fundamental_features": "D:\\VSCodeWorkspace\\stock_realtime_v021_full\\saved_data\\002270_pipeline_out\\02_fundamental\\fundamental_features.csv",
    "merged_samples": "D:\\VSCodeWorkspace\\stock_realtime_v021_full\\saved_data\\002270_pipeline_out\\02_fundamental\\training_samples_with_fundamentals.csv"
  }
}

[2026-05-19T20:29:23] RUN sector
  'D:\VSCodeWorkspace\stockAnalysis\.venv\Scripts\python.exe' feature_building/build_sector_features.py --samples 'D:\VSCodeWorkspace\stock_realtime_v021_full\saved_data\002270_pipeline_out\02_fundamental\training_samples_with_fundamentals.csv' --out-dir 'D:\VSCodeWorkspace\stock_realtime_v021_full\saved_data\002270_pipeline_out\03_sector' --sector-symbol '电网设备' --start-date 2018-01-01 --end-date 2026-05-19

  0%|          | 0/9 [00:00<?, ?it/s]
 11%|█         | 1/9 [00:00<00:07,  1.04it/s]
 22%|██▏       | 2/9 [00:01<00:05,  1.30it/s]
 33%|███▎      | 3/9 [00:02<00:04,  1.40it/s]
 44%|████▍     | 4/9 [00:03<00:04,  1.05it/s]
 56%|█████▌    | 5/9 [00:04<00:03,  1.15it/s]
 67%|██████▋   | 6/9 [00:04<00:02,  1.27it/s]
 78%|███████▊  | 7/9 [00:05<00:01,  1.33it/s]
 89%|████████▉ | 8/9 [00:06<00:00,  1.39it/s]
100%|██████████| 9/9 [00:06<00:00,  1.42it/s]
                                             
{
  "sector_symbol": "电网设备",
  "sector_rows": 2028,
  "sector_date_min": "2018-01-02",
  "sector_date_max": "2026-05-18",
  "sample_rows": 1532,
  "merged_rows": 1532,
  "sector_feature_cols": 23,
  "top_missing": {
    "sector_ret60": 0.03981723237597911,
    "sector_ma60_gap": 0.020234986945169713,
    "stock_vs_sector_ret20": 0.01370757180156658,
    "sector_ret20": 0.01370757180156658,
    "sector_ma20_gap": 0.007180156657963447,
    "sector_volume_shock20": 0.007180156657963447,
    "sector_vol20": 0.007180156657963447,
    "sector_range_z20": 0.007180156657963447,
    "sector_amount_z20": 0.007180156657963447,
    "sector_volume_z20": 0.007180156657963447,
    "sector_amount_shock20": 0.007180156657963447,
    "sector_ret5": 0.0039164490861618795,
    "stock_vs_sector_ret5": 0.0039164490861618795,
    "sector_vs_bench_ret5": 0.0039164490861618795,
    "stock_vs_sector_ret1": 0.0013054830287206266,
    "sector_ret1": 0.0013054830287206266,
    "sector_high": 0.0006527415143603133,
    "sector_amount": 0.0006527415143603133,
    "sector_close": 0.0006527415143603133,
    "sector_volume": 0.0006527415143603133
  },
  "outputs": {
    "sector_index": "D:\\VSCodeWorkspace\\stock_realtime_v021_full\\saved_data\\002270_pipeline_out\\03_sector\\sector_index_ths.csv",
    "sector_features": "D:\\VSCodeWorkspace\\stock_realtime_v021_full\\saved_data\\002270_pipeline_out\\03_sector\\sector_features.csv",
    "merged_samples": "D:\\VSCodeWorkspace\\stock_realtime_v021_full\\saved_data\\002270_pipeline_out\\03_sector\\training_samples_with_sector.csv"
  }
}
[INFO] final samples for search: D:\VSCodeWorkspace\stock_realtime_v021_full\saved_data\002270_pipeline_out\03_sector\training_samples_with_sector.csv
=== nextday pipeline end: 2026-05-19T20:29:32 status=ok ===
=== nextday pipeline start: 2026-05-19T23:27:48 ===
symbol=002270.SZ, out_root=D:\VSCodeWorkspace\stock_realtime_v021_full\saved_data\002270_pipeline_out

[2026-05-19T23:27:48] RUN update_data
  'D:\VSCodeWorkspace\stockAnalysis\.venv\Scripts\python.exe' bootstrap/ashare_xgb_dual_opportunity_regression_baostock_full_v19_compressed_trading_axis.py --mode update_data --symbol 002270 --benchmark_symbol 000300 --daily_start 2018-01-01 --daily_end 2026-05-19 --intraday_start '2018-01-01 09:30:00' --intraday_end '2026-05-19 15:00:00' --output_dir 'D:\VSCodeWorkspace\stock_realtime_v021_full\saved_data\002270_pipeline_out\00_base' --cache_mode incremental --feature_cache_mode incremental --adjust qfq
login success!
logout success!
login success!
logout success!
login success!
logout success!
{
  "mode": "update_data",
  "symbol": "002270",
  "data_source": "baostock",
  "daily_rows": 2029,
  "intraday_rows": 73536,
  "daily_min": "2018-01-02 00:00:00",
  "daily_max": "2026-05-19 00:00:00",
  "intraday_min": "2020-01-02 09:35:00",
  "intraday_max": "2026-05-19 15:00:00",
  "base_paths": {
    "daily_csv": "D:\\VSCodeWorkspace\\stock_realtime_v021_full\\saved_data\\002270_pipeline_out\\00_base\\002270_daily.csv",
    "intraday_csv": "D:\\VSCodeWorkspace\\stock_realtime_v021_full\\saved_data\\002270_pipeline_out\\00_base\\002270_5m.csv",
    "benchmark_csv": "D:\\VSCodeWorkspace\\stock_realtime_v021_full\\saved_data\\002270_pipeline_out\\00_base\\000300_benchmark_daily.csv",
    "raw_daily_cache_csv": "D:\\VSCodeWorkspace\\stock_realtime_v021_full\\saved_data\\002270_pipeline_out\\00_base\\raw_cache\\002270_daily_raw.csv",
    "raw_intraday_cache_csv": "D:\\VSCodeWorkspace\\stock_realtime_v021_full\\saved_data\\002270_pipeline_out\\00_base\\raw_cache\\002270_5m_raw.csv",
    "raw_benchmark_cache_csv": "D:\\VSCodeWorkspace\\stock_realtime_v021_full\\saved_data\\002270_pipeline_out\\00_base\\raw_cache\\000300_benchmark_daily_raw.csv",
    "daily_features_csv": "D:\\VSCodeWorkspace\\stock_realtime_v021_full\\saved_data\\002270_pipeline_out\\00_base\\daily_features.csv",
    "intraday_features_csv": "D:\\VSCodeWorkspace\\stock_realtime_v021_full\\saved_data\\002270_pipeline_out\\00_base\\intraday_features.csv",
    "daily_features_cache_csv": "D:\\VSCodeWorkspace\\stock_realtime_v021_full\\saved_data\\002270_pipeline_out\\00_base\\feature_cache\\daily_features_cache.csv",
    "intraday_features_cache_csv": "D:\\VSCodeWorkspace\\stock_realtime_v021_full\\saved_data\\002270_pipeline_out\\00_base\\feature_cache\\intraday_features_cache.csv",
    "feature_state_json": "D:\\VSCodeWorkspace\\stock_realtime_v021_full\\saved_data\\002270_pipeline_out\\00_base\\feature_cache\\feature_state.json"
  },
  "fetch_logs": {
    "symbol": "002270",
    "benchmark_symbol": "000300",
    "daily_start": "2018-01-01",
    "daily_end": "2026-05-19",
    "intraday_start": "2018-01-01 09:30:00",
    "intraday_end": "2026-05-19 15:00:00",
    "perf_start": "2018-01-01",
    "data_source": "baostock",
    "cache_mode": "incremental",
    "force_refresh": false,
    "raw_cache_dir": "D:\\VSCodeWorkspace\\stock_realtime_v021_full\\saved_data\\002270_pipeline_out\\00_base\\raw_cache",
    "feature_cache_dir": "D:\\VSCodeWorkspace\\stock_realtime_v021_full\\saved_data\\002270_pipeline_out\\00_base\\feature_cache",
    "feature_cache_mode": "incremental",
    "daily": {
      "cache_path": "D:\\VSCodeWorkspace\\stock_realtime_v021_full\\saved_data\\002270_pipeline_out\\00_base\\raw_cache\\002270_daily_raw.csv",
      "requested_start": "2018-01-01",
      "requested_end": "2026-05-19",
      "mode": "incremental",
      "cache_before": {
        "rows": 2029,
        "min": "2018-01-02 00:00:00",
        "max": "2026-05-19 00:00:00"
      },
      "fetch_segments": [
        {
          "provider": "baostock",
          "code": "sz.002270",
          "adjustflag": "2",
          "rows": 0
        }
      ],
      "cache_after": {
        "rows": 2029,
        "min": "2018-01-02 00:00:00",
        "max": "2026-05-19 00:00:00"
      }
    },
    "intraday_5m": {
      "cache_path": "D:\\VSCodeWorkspace\\stock_realtime_v021_full\\saved_data\\002270_pipeline_out\\00_base\\raw_cache\\002270_5m_raw.csv",
      "requested_start": "2018-01-01 09:30:00",
      "requested_end": "2026-05-19 15:00:00",
      "mode": "incremental",
      "cache_before": {
        "rows": 73536,
        "min": "2020-01-02 09:35:00",
        "max": "2026-05-19 15:00:00"
      },
      "fetch_segments": [
        {
          "provider": "baostock",
          "code": "sz.002270",
          "adjustflag": "2",
          "requested_start": "2018-01-01 09:30:00",
          "effective_start": "2018-01-01 09:30:00",
          "requested_end": "2020-01-02 09:30:00",
          "rows": 0
        }
      ],
      "cache_after": {
        "rows": 73536,
        "min": "2020-01-02 09:35:00",
        "max": "2026-05-19 15:00:00"
      }
    },
    "benchmark_daily": {
      "cache_path": "D:\\VSCodeWorkspace\\stock_realtime_v021_full\\saved_data\\002270_pipeline_out\\00_base\\raw_cache\\000300_benchmark_daily_raw.csv",
      "requested_start": "2018-01-01",
      "requested_end": "2026-05-19",
      "mode": "incremental",
      "cache_before": {
        "rows": 2029,
        "min": "2018-01-02 00:00:00",
        "max": "2026-05-19 00:00:00"
      },
      "fetch_segments": [
        {
          "provider": "baostock",
          "code": "sh.000300",
          "rows": 0,
          "start": "2018-01-01",
          "end": "2018-01-01"
        }
      ],
      "cache_after": {
        "rows": 2029,
        "min": "2018-01-02 00:00:00",
        "max": "2026-05-19 00:00:00"
      }
    },
    "feature_build": {
      "mode": "cache_reuse_no_rebuild",
      "daily_cache": {
        "rows": 2029,
        "min": "2018-01-02 00:00:00",
        "max": "2026-05-19 00:00:00"
      },
      "intraday_cache": {
        "rows": 73536,
        "min": "2020-01-02 09:35:00",
        "max": "2026-05-19 15:00:00"
      },
      "daily_context_days": 260,
      "intraday_context_days": 40
    },
    "feature_state": {
      "daily_feature_max": "2026-05-19 00:00:00",
      "intraday_feature_max": "2026-05-19 15:00:00",
      "daily_context_days": 260,
      "intraday_context_days": 40,
      "feature_build_mode": "cache_reuse_no_rebuild"
    }
  }
}

[2026-05-19T23:27:56] RUN samples
  'D:\VSCodeWorkspace\stockAnalysis\.venv\Scripts\python.exe' feature_building/build_nextday_samples_from_baostock.py --daily-features 'D:\VSCodeWorkspace\stock_realtime_v021_full\saved_data\002270_pipeline_out\00_base\daily_features.csv' --intraday-bars 'D:\VSCodeWorkspace\stock_realtime_v021_full\saved_data\002270_pipeline_out\00_base\002270_5m.csv' --out-dir 'D:\VSCodeWorkspace\stock_realtime_v021_full\saved_data\002270_pipeline_out\01_samples' --min-bars 40 --keep-unlabeled-tail
{
  "rows": 1532,
  "date_min": "2020-01-02",
  "date_max": "2026-05-19",
  "out": "D:\\VSCodeWorkspace\\stock_realtime_v021_full\\saved_data\\002270_pipeline_out\\01_samples\\training_samples.csv"
}

[2026-05-19T23:27:56] RUN fundamental
  'D:\VSCodeWorkspace\stockAnalysis\.venv\Scripts\python.exe' feature_building/build_fundamental_features.py --symbol 002270.SZ --daily-samples 'D:\VSCodeWorkspace\stock_realtime_v021_full\saved_data\002270_pipeline_out\01_samples\training_samples.csv' --out-dir 'D:\VSCodeWorkspace\stock_realtime_v021_full\saved_data\002270_pipeline_out\02_fundamental' --start-date 2018-01-01 --end-date 2026-05-19 --fallback-lag-days 120
=======
  "out": "/root/stock_realtime_v021_full/saved_data/002270_pipeline_out/01_samples/training_samples.csv"
}

[2026-05-19T23:26:31] RUN fundamental
  /usr/bin/python3 feature_building/build_fundamental_features.py --symbol 002270.SZ --daily-samples /root/stock_realtime_v021_full/saved_data/002270_pipeline_out/01_samples/training_samples.csv --out-dir /root/stock_realtime_v021_full/saved_data/002270_pipeline_out/02_fundamental --start-date 2018-01-01 --end-date 2026-05-19 --fallback-lag-days 120
>>>>>>> 2a2a5a75404252d90fc88ad35628cdabcc944dba
login success!
logout success!
{
  "rows": 1532,
  "date_min": "2020-01-02",
  "date_max": "2026-05-19",
  "source_errors": [],
  "top_missing_rates": {
    "ak_fund_小单净流入-净额_sum10": 0.9242819843342036,
    "ak_fund_主力净流入-净额_sum10": 0.9242819843342036,
    "ak_fund_主力净流入-净占比_sum10": 0.9242819843342036,
    "ak_fund_涨跌幅_sum10": 0.9242819843342036,
    "ak_fund_收盘价_sum10": 0.9242819843342036,
    "ak_fund_中单净流入-净额_sum10": 0.9242819843342036,
    "ak_fund_中单净流入-净占比_sum10": 0.9242819843342036,
    "ak_fund_小单净流入-净占比_sum10": 0.9242819843342036,
    "ak_fund_超大单净流入-净额_sum10": 0.9242819843342036,
    "ak_fund_大单净流入-净额_sum10": 0.9242819843342036,
    "ak_fund_大单净流入-净占比_sum10": 0.9242819843342036,
    "ak_fund_超大单净流入-净占比_sum10": 0.9242819843342036,
    "ak_fund_涨跌幅_sum5": 0.922976501305483,
    "ak_fund_主力净流入-净占比_sum5": 0.922976501305483,
    "ak_fund_主力净流入-净额_sum5": 0.922976501305483,
    "ak_fund_收盘价_sum5": 0.922976501305483,
    "ak_fund_超大单净流入-净占比_sum5": 0.922976501305483,
    "ak_fund_中单净流入-净占比_sum5": 0.922976501305483,
    "ak_fund_中单净流入-净额_sum5": 0.922976501305483,
    "ak_fund_小单净流入-净额_sum5": 0.922976501305483,
    "ak_fund_小单净流入-净占比_sum5": 0.922976501305483,
    "ak_fund_大单净流入-净占比_sum5": 0.922976501305483,
    "ak_fund_大单净流入-净额_sum5": 0.922976501305483,
    "ak_fund_超大单净流入-净额_sum5": 0.922976501305483,
    "ak_fund_大单净流入-净额": 0.9216710182767625,
    "ak_fund_超大单净流入-净占比": 0.9216710182767625,
    "ak_fund_超大单净流入-净额": 0.9216710182767625,
    "ak_fund_收盘价": 0.9216710182767625,
    "ak_fund_涨跌幅": 0.9216710182767625,
    "ak_fund_中单净流入-净额": 0.9216710182767625
  },
  "valuation_non_null": {
    "peTTM": 1532,
    "pbMRQ": 1532,
    "psTTM": 1532,
    "pcfNcfTTM": 1532
  },
  "future_effective_date_violations": 0,
  "rows_with_quarterly": 1532,
  "sample_rows": 1532,
  "quarterly_raw_rows": 37,
  "quarterly_used_pubDate_rows": 37,
  "quarterly_fallback_rows": 0,
<<<<<<< HEAD
  "elapsed_seconds": 30.976,
=======
  "elapsed_seconds": 31.514,
>>>>>>> 2a2a5a75404252d90fc88ad35628cdabcc944dba
  "symbol": "002270",
  "baostock_code": "sz.002270",
  "valuation_rows": 2029,
  "fund_flow_rows": 120,
  "feature_columns": 125,
  "merged_columns": 194,
  "outputs": {
<<<<<<< HEAD
    "daily_valuation": "D:\\VSCodeWorkspace\\stock_realtime_v021_full\\saved_data\\002270_pipeline_out\\02_fundamental\\baostock_daily_valuation.csv",
    "quarterly_fundamentals": "D:\\VSCodeWorkspace\\stock_realtime_v021_full\\saved_data\\002270_pipeline_out\\02_fundamental\\baostock_quarterly_fundamentals_pit.csv",
    "fundamental_features": "D:\\VSCodeWorkspace\\stock_realtime_v021_full\\saved_data\\002270_pipeline_out\\02_fundamental\\fundamental_features.csv",
    "merged_samples": "D:\\VSCodeWorkspace\\stock_realtime_v021_full\\saved_data\\002270_pipeline_out\\02_fundamental\\training_samples_with_fundamentals.csv"
  }
}

[2026-05-19T23:28:28] RUN sector
  'D:\VSCodeWorkspace\stockAnalysis\.venv\Scripts\python.exe' feature_building/build_sector_features.py --samples 'D:\VSCodeWorkspace\stock_realtime_v021_full\saved_data\002270_pipeline_out\02_fundamental\training_samples_with_fundamentals.csv' --out-dir 'D:\VSCodeWorkspace\stock_realtime_v021_full\saved_data\002270_pipeline_out\03_sector' --sector-symbol '电网设备' --start-date 2018-01-01 --end-date 2026-05-19

  0%|          | 0/9 [00:00<?, ?it/s]
 11%|█         | 1/9 [00:00<00:06,  1.26it/s]
 22%|██▏       | 2/9 [00:01<00:05,  1.35it/s]
 33%|███▎      | 3/9 [00:02<00:04,  1.41it/s]
 44%|████▍     | 4/9 [00:02<00:03,  1.44it/s]
 56%|█████▌    | 5/9 [00:03<00:02,  1.43it/s]
 67%|██████▋   | 6/9 [00:04<00:02,  1.41it/s]
 78%|███████▊  | 7/9 [00:05<00:01,  1.32it/s]
 89%|████████▉ | 8/9 [00:06<00:01,  1.03s/it]
100%|██████████| 9/9 [00:08<00:00,  1.17s/it]
=======
    "daily_valuation": "/root/stock_realtime_v021_full/saved_data/002270_pipeline_out/02_fundamental/baostock_daily_valuation.csv",
    "quarterly_fundamentals": "/root/stock_realtime_v021_full/saved_data/002270_pipeline_out/02_fundamental/baostock_quarterly_fundamentals_pit.csv",
    "fundamental_features": "/root/stock_realtime_v021_full/saved_data/002270_pipeline_out/02_fundamental/fundamental_features.csv",
    "merged_samples": "/root/stock_realtime_v021_full/saved_data/002270_pipeline_out/02_fundamental/training_samples_with_fundamentals.csv"
  }
}

[2026-05-19T23:27:03] RUN sector
  /usr/bin/python3 feature_building/build_sector_features.py --samples /root/stock_realtime_v021_full/saved_data/002270_pipeline_out/02_fundamental/training_samples_with_fundamentals.csv --out-dir /root/stock_realtime_v021_full/saved_data/002270_pipeline_out/03_sector --sector-symbol '电网设备' --start-date 2018-01-01 --end-date 2026-05-19

  0%|          | 0/9 [00:00<?, ?it/s]
 11%|█         | 1/9 [00:00<00:06,  1.26it/s]
 22%|██▏       | 2/9 [00:01<00:03,  2.01it/s]
 33%|███▎      | 3/9 [00:01<00:02,  2.47it/s]
 44%|████▍     | 4/9 [00:01<00:01,  2.81it/s]
 56%|█████▌    | 5/9 [00:01<00:01,  3.07it/s]
 67%|██████▋   | 6/9 [00:02<00:00,  3.40it/s]
 78%|███████▊  | 7/9 [00:02<00:00,  3.42it/s]
 89%|████████▉ | 8/9 [00:02<00:00,  3.61it/s]
100%|██████████| 9/9 [00:02<00:00,  3.85it/s]
>>>>>>> 2a2a5a75404252d90fc88ad35628cdabcc944dba
                                             
{
  "sector_symbol": "电网设备",
  "sector_rows": 2029,
  "sector_date_min": "2018-01-02",
  "sector_date_max": "2026-05-19",
  "sample_rows": 1532,
  "merged_rows": 1532,
  "sector_feature_cols": 23,
  "top_missing": {
    "sector_ret60": 0.0391644908616188,
    "sector_ma60_gap": 0.0195822454308094,
    "stock_vs_sector_ret20": 0.013054830287206266,
    "sector_ret20": 0.013054830287206266,
    "sector_vol20": 0.007180156657963447,
    "sector_ma20_gap": 0.006527415143603133,
    "sector_range_z20": 0.006527415143603133,
    "sector_volume_shock20": 0.006527415143603133,
    "sector_amount_z20": 0.006527415143603133,
    "sector_volume_z20": 0.006527415143603133,
    "sector_amount_shock20": 0.006527415143603133,
    "sector_ret5": 0.0032637075718015664,
    "stock_vs_sector_ret5": 0.0032637075718015664,
    "sector_vs_bench_ret5": 0.0032637075718015664,
    "stock_vs_sector_ret1": 0.0006527415143603133,
    "sector_ret1": 0.0006527415143603133,
    "sector_amount": 0.0,
    "sector_volume": 0.0,
    "sector_close": 0.0,
    "sector_low": 0.0
  },
  "outputs": {
<<<<<<< HEAD
    "sector_index": "D:\\VSCodeWorkspace\\stock_realtime_v021_full\\saved_data\\002270_pipeline_out\\03_sector\\sector_index_ths.csv",
    "sector_features": "D:\\VSCodeWorkspace\\stock_realtime_v021_full\\saved_data\\002270_pipeline_out\\03_sector\\sector_features.csv",
    "merged_samples": "D:\\VSCodeWorkspace\\stock_realtime_v021_full\\saved_data\\002270_pipeline_out\\03_sector\\training_samples_with_sector.csv"
  }
}
[INFO] final samples for search: D:\VSCodeWorkspace\stock_realtime_v021_full\saved_data\002270_pipeline_out\03_sector\training_samples_with_sector.csv
=== nextday pipeline end: 2026-05-19T23:28:39 status=ok ===
=======
    "sector_index": "/root/stock_realtime_v021_full/saved_data/002270_pipeline_out/03_sector/sector_index_ths.csv",
    "sector_features": "/root/stock_realtime_v021_full/saved_data/002270_pipeline_out/03_sector/sector_features.csv",
    "merged_samples": "/root/stock_realtime_v021_full/saved_data/002270_pipeline_out/03_sector/training_samples_with_sector.csv"
  }
}
[INFO] final samples for search: /root/stock_realtime_v021_full/saved_data/002270_pipeline_out/03_sector/training_samples_with_sector.csv
=== nextday pipeline end: 2026-05-19T23:27:09 status=ok ===
>>>>>>> 2a2a5a75404252d90fc88ad35628cdabcc944dba
=== nextday pipeline start: 2026-05-21T00:19:22 ===
symbol=002270.SZ, out_root=/root/stock_realtime_v021_full/saved_data/002270_pipeline_out

[2026-05-21T00:19:22] RUN update_data
  /usr/bin/python3 bootstrap/ashare_xgb_dual_opportunity_regression_baostock_full_v19_compressed_trading_axis.py --mode update_data --symbol 002270 --benchmark_symbol 000300 --daily_start 2018-01-01 --daily_end 2026-05-20 --intraday_start '2018-01-01 09:30:00' --intraday_end '2026-05-20 15:00:00' --output_dir /root/stock_realtime_v021_full/saved_data/002270_pipeline_out/00_base --cache_mode incremental --feature_cache_mode incremental --adjust qfq
/root/stock_realtime_v021_full/bootstrap/ashare_fetch_and_train_xgb_sell_signal_baostock_state_cache_helper_fix2.py:246: FutureWarning: The behavior of DataFrame concatenation with empty or all-NA entries is deprecated. In a future version, this will no longer exclude empty or all-NA columns when determining the result dtypes. To retain the old behavior, exclude the relevant entries before the concat operation.
  merged = _normalize_daily_df(pd.concat([df_old, df_new], axis=0, ignore_index=True))
/root/stock_realtime_v021_full/bootstrap/ashare_fetch_and_train_xgb_sell_signal_baostock_state_cache_helper_fix2.py:254: FutureWarning: The behavior of DataFrame concatenation with empty or all-NA entries is deprecated. In a future version, this will no longer exclude empty or all-NA columns when determining the result dtypes. To retain the old behavior, exclude the relevant entries before the concat operation.
  merged = _normalize_bench_df(pd.concat([df_old, df_new], axis=0, ignore_index=True))
login success!
logout success!
login success!
logout success!
login success!
logout success!
login success!
logout success!
login success!
logout success!
login success!
logout success!
{
  "mode": "update_data",
  "symbol": "002270",
  "data_source": "baostock",
  "daily_rows": 2030,
  "intraday_rows": 73584,
  "daily_min": "2018-01-02 00:00:00",
  "daily_max": "2026-05-20 00:00:00",
  "intraday_min": "2020-01-02 09:35:00",
  "intraday_max": "2026-05-20 15:00:00",
  "base_paths": {
    "daily_csv": "/root/stock_realtime_v021_full/saved_data/002270_pipeline_out/00_base/002270_daily.csv",
    "intraday_csv": "/root/stock_realtime_v021_full/saved_data/002270_pipeline_out/00_base/002270_5m.csv",
    "benchmark_csv": "/root/stock_realtime_v021_full/saved_data/002270_pipeline_out/00_base/000300_benchmark_daily.csv",
    "raw_daily_cache_csv": "/root/stock_realtime_v021_full/saved_data/002270_pipeline_out/00_base/raw_cache/002270_daily_raw.csv",
    "raw_intraday_cache_csv": "/root/stock_realtime_v021_full/saved_data/002270_pipeline_out/00_base/raw_cache/002270_5m_raw.csv",
    "raw_benchmark_cache_csv": "/root/stock_realtime_v021_full/saved_data/002270_pipeline_out/00_base/raw_cache/000300_benchmark_daily_raw.csv",
    "daily_features_csv": "/root/stock_realtime_v021_full/saved_data/002270_pipeline_out/00_base/daily_features.csv",
    "intraday_features_csv": "/root/stock_realtime_v021_full/saved_data/002270_pipeline_out/00_base/intraday_features.csv",
    "daily_features_cache_csv": "/root/stock_realtime_v021_full/saved_data/002270_pipeline_out/00_base/feature_cache/daily_features_cache.csv",
    "intraday_features_cache_csv": "/root/stock_realtime_v021_full/saved_data/002270_pipeline_out/00_base/feature_cache/intraday_features_cache.csv",
    "feature_state_json": "/root/stock_realtime_v021_full/saved_data/002270_pipeline_out/00_base/feature_cache/feature_state.json"
  },
  "fetch_logs": {
    "symbol": "002270",
    "benchmark_symbol": "000300",
    "daily_start": "2018-01-01",
    "daily_end": "2026-05-20",
    "intraday_start": "2018-01-01 09:30:00",
    "intraday_end": "2026-05-20 15:00:00",
    "perf_start": "2018-01-01",
    "data_source": "baostock",
    "cache_mode": "incremental",
    "force_refresh": false,
    "raw_cache_dir": "/root/stock_realtime_v021_full/saved_data/002270_pipeline_out/00_base/raw_cache",
    "feature_cache_dir": "/root/stock_realtime_v021_full/saved_data/002270_pipeline_out/00_base/feature_cache",
    "feature_cache_mode": "incremental",
    "daily": {
      "cache_path": "/root/stock_realtime_v021_full/saved_data/002270_pipeline_out/00_base/raw_cache/002270_daily_raw.csv",
      "requested_start": "2018-01-01",
      "requested_end": "2026-05-20",
      "mode": "incremental",
      "cache_before": {
        "rows": 2029,
        "min": "2018-01-02 00:00:00",
        "max": "2026-05-19 00:00:00"
      },
      "fetch_segments": [
        {
          "provider": "baostock",
          "code": "sz.002270",
          "adjustflag": "2",
          "rows": 0
        },
        {
          "provider": "baostock",
          "code": "sz.002270",
          "adjustflag": "2",
          "rows": 1,
          "start": "2026-05-20",
          "end": "2026-05-20"
        }
      ],
      "cache_after": {
        "rows": 2030,
        "min": "2018-01-02 00:00:00",
        "max": "2026-05-20 00:00:00"
      }
    },
    "intraday_5m": {
      "cache_path": "/root/stock_realtime_v021_full/saved_data/002270_pipeline_out/00_base/raw_cache/002270_5m_raw.csv",
      "requested_start": "2018-01-01 09:30:00",
      "requested_end": "2026-05-20 15:00:00",
      "mode": "incremental",
      "cache_before": {
        "rows": 73536,
        "min": "2020-01-02 09:35:00",
        "max": "2026-05-19 15:00:00"
      },
      "fetch_segments": [
        {
          "provider": "baostock",
          "code": "sz.002270",
          "adjustflag": "2",
          "requested_start": "2018-01-01 09:30:00",
          "effective_start": "2018-01-01 09:30:00",
          "requested_end": "2020-01-02 09:30:00",
          "rows": 0
        },
        {
          "provider": "baostock",
          "code": "sz.002270",
          "adjustflag": "2",
          "requested_start": "2026-05-19 15:05:00",
          "effective_start": "2026-05-19 15:05:00",
          "requested_end": "2026-05-20 15:00:00",
          "rows": 48
        }
      ],
      "cache_after": {
        "rows": 73584,
        "min": "2020-01-02 09:35:00",
        "max": "2026-05-20 15:00:00"
      }
    },
    "benchmark_daily": {
      "cache_path": "/root/stock_realtime_v021_full/saved_data/002270_pipeline_out/00_base/raw_cache/000300_benchmark_daily_raw.csv",
      "requested_start": "2018-01-01",
      "requested_end": "2026-05-20",
      "mode": "incremental",
      "cache_before": {
        "rows": 2029,
        "min": "2018-01-02 00:00:00",
        "max": "2026-05-19 00:00:00"
      },
      "fetch_segments": [
        {
          "provider": "baostock",
          "code": "sh.000300",
          "rows": 0,
          "start": "2018-01-01",
          "end": "2018-01-01"
        },
        {
          "provider": "baostock",
          "code": "sh.000300",
          "rows": 1,
          "start": "2026-05-20",
          "end": "2026-05-20"
        }
      ],
      "cache_after": {
        "rows": 2030,
        "min": "2018-01-02 00:00:00",
        "max": "2026-05-20 00:00:00"
      }
    },
    "feature_build": {
      "mode": "stateful_incremental_append",
      "daily_context_days": 260,
      "intraday_context_days": 40,
      "daily_append": {
        "needed": true,
        "first_new_date": "2026-05-20 00:00:00",
        "context_start": "2025-04-21 00:00:00",
        "context_raw_rows": 261,
        "appended_rows": 1,
        "cache_before": {
          "rows": 2029,
          "min": "2018-01-02 00:00:00",
          "max": "2026-05-19 00:00:00"
        },
        "cache_after": {
          "rows": 2030,
          "min": "2018-01-02 00:00:00",
          "max": "2026-05-20 00:00:00"
        }
      },
      "intraday_append": {
        "needed": true,
        "first_new_datetime": "2026-05-20 09:35:00",
        "context_start_date": "2026-03-19 00:00:00",
        "context_raw_rows": 1968,
        "appended_rows": 48,
        "cache_before": {
          "rows": 73536,
          "min": "2020-01-02 09:35:00",
          "max": "2026-05-19 15:00:00"
        },
        "cache_after": {
          "rows": 73584,
          "min": "2020-01-02 09:35:00",
          "max": "2026-05-20 15:00:00"
        }
      }
    },
    "feature_state": {
      "daily_feature_max": "2026-05-20 00:00:00",
      "intraday_feature_max": "2026-05-20 15:00:00",
      "daily_context_days": 260,
      "intraday_context_days": 40,
      "feature_build_mode": "stateful_incremental_append"
    }
  }
}

[2026-05-21T00:19:38] RUN samples
  /usr/bin/python3 feature_building/build_nextday_samples_from_baostock.py --daily-features /root/stock_realtime_v021_full/saved_data/002270_pipeline_out/00_base/daily_features.csv --intraday-bars /root/stock_realtime_v021_full/saved_data/002270_pipeline_out/00_base/002270_5m.csv --out-dir /root/stock_realtime_v021_full/saved_data/002270_pipeline_out/01_samples --min-bars 40 --keep-unlabeled-tail
{
  "rows": 1533,
  "date_min": "2020-01-02",
  "date_max": "2026-05-20",
  "out": "/root/stock_realtime_v021_full/saved_data/002270_pipeline_out/01_samples/training_samples.csv"
}

[2026-05-21T00:19:39] RUN fundamental
  /usr/bin/python3 feature_building/build_fundamental_features.py --symbol 002270.SZ --daily-samples /root/stock_realtime_v021_full/saved_data/002270_pipeline_out/01_samples/training_samples.csv --out-dir /root/stock_realtime_v021_full/saved_data/002270_pipeline_out/02_fundamental --start-date 2018-01-01 --end-date 2026-05-20 --fallback-lag-days 120
login success!
logout success!
{
  "rows": 1533,
  "date_min": "2020-01-02",
  "date_max": "2026-05-20",
  "source_errors": [],
  "top_missing_rates": {
    "ak_fund_小单净流入-净额_sum10": 0.9243313763861709,
    "ak_fund_主力净流入-净额_sum10": 0.9243313763861709,
    "ak_fund_主力净流入-净占比_sum10": 0.9243313763861709,
    "ak_fund_涨跌幅_sum10": 0.9243313763861709,
    "ak_fund_收盘价_sum10": 0.9243313763861709,
    "ak_fund_中单净流入-净额_sum10": 0.9243313763861709,
    "ak_fund_中单净流入-净占比_sum10": 0.9243313763861709,
    "ak_fund_小单净流入-净占比_sum10": 0.9243313763861709,
    "ak_fund_超大单净流入-净额_sum10": 0.9243313763861709,
    "ak_fund_大单净流入-净额_sum10": 0.9243313763861709,
    "ak_fund_大单净流入-净占比_sum10": 0.9243313763861709,
    "ak_fund_超大单净流入-净占比_sum10": 0.9243313763861709,
    "ak_fund_涨跌幅_sum5": 0.9230267449445532,
    "ak_fund_主力净流入-净占比_sum5": 0.9230267449445532,
    "ak_fund_主力净流入-净额_sum5": 0.9230267449445532,
    "ak_fund_收盘价_sum5": 0.9230267449445532,
    "ak_fund_超大单净流入-净占比_sum5": 0.9230267449445532,
    "ak_fund_中单净流入-净占比_sum5": 0.9230267449445532,
    "ak_fund_中单净流入-净额_sum5": 0.9230267449445532,
    "ak_fund_小单净流入-净额_sum5": 0.9230267449445532,
    "ak_fund_小单净流入-净占比_sum5": 0.9230267449445532,
    "ak_fund_大单净流入-净占比_sum5": 0.9230267449445532,
    "ak_fund_大单净流入-净额_sum5": 0.9230267449445532,
    "ak_fund_超大单净流入-净额_sum5": 0.9230267449445532,
    "ak_fund_大单净流入-净额": 0.9217221135029354,
    "ak_fund_超大单净流入-净占比": 0.9217221135029354,
    "ak_fund_超大单净流入-净额": 0.9217221135029354,
    "ak_fund_收盘价": 0.9217221135029354,
    "ak_fund_涨跌幅": 0.9217221135029354,
    "ak_fund_中单净流入-净额": 0.9217221135029354
  },
  "valuation_non_null": {
    "peTTM": 1533,
    "pbMRQ": 1533,
    "psTTM": 1533,
    "pcfNcfTTM": 1533
  },
  "future_effective_date_violations": 0,
  "rows_with_quarterly": 1533,
  "sample_rows": 1533,
  "quarterly_raw_rows": 37,
  "quarterly_used_pubDate_rows": 37,
  "quarterly_fallback_rows": 0,
  "elapsed_seconds": 36.306,
  "symbol": "002270",
  "baostock_code": "sz.002270",
  "valuation_rows": 2030,
  "fund_flow_rows": 120,
  "feature_columns": 125,
  "merged_columns": 194,
  "outputs": {
    "daily_valuation": "/root/stock_realtime_v021_full/saved_data/002270_pipeline_out/02_fundamental/baostock_daily_valuation.csv",
    "quarterly_fundamentals": "/root/stock_realtime_v021_full/saved_data/002270_pipeline_out/02_fundamental/baostock_quarterly_fundamentals_pit.csv",
    "fundamental_features": "/root/stock_realtime_v021_full/saved_data/002270_pipeline_out/02_fundamental/fundamental_features.csv",
    "merged_samples": "/root/stock_realtime_v021_full/saved_data/002270_pipeline_out/02_fundamental/training_samples_with_fundamentals.csv"
  }
}

[2026-05-21T00:20:16] RUN sector
  /usr/bin/python3 feature_building/build_sector_features.py --samples /root/stock_realtime_v021_full/saved_data/002270_pipeline_out/02_fundamental/training_samples_with_fundamentals.csv --out-dir /root/stock_realtime_v021_full/saved_data/002270_pipeline_out/03_sector --sector-symbol '电网设备' --start-date 2018-01-01 --end-date 2026-05-20

  0%|          | 0/9 [00:00<?, ?it/s]
 11%|█         | 1/9 [00:00<00:03,  2.38it/s]
 22%|██▏       | 2/9 [00:00<00:02,  3.14it/s]
 33%|███▎      | 3/9 [00:00<00:01,  3.23it/s]
 44%|████▍     | 4/9 [00:01<00:01,  2.92it/s]
 56%|█████▌    | 5/9 [00:01<00:01,  3.26it/s]
 67%|██████▋   | 6/9 [00:01<00:00,  3.47it/s]
 78%|███████▊  | 7/9 [00:02<00:00,  3.47it/s]
 89%|████████▉ | 8/9 [00:02<00:00,  3.52it/s]
100%|██████████| 9/9 [00:02<00:00,  3.81it/s]
                                             
{
  "sector_symbol": "电网设备",
  "sector_rows": 2030,
  "sector_date_min": "2018-01-02",
  "sector_date_max": "2026-05-20",
  "sample_rows": 1533,
  "merged_rows": 1533,
  "sector_feature_cols": 23,
  "top_missing": {
    "sector_ret60": 0.03913894324853229,
    "sector_ma60_gap": 0.019569471624266144,
    "stock_vs_sector_ret20": 0.01304631441617743,
    "sector_ret20": 0.01304631441617743,
    "sector_vol20": 0.007175472928897586,
    "sector_ma20_gap": 0.006523157208088715,
    "sector_range_z20": 0.006523157208088715,
    "sector_volume_shock20": 0.006523157208088715,
    "sector_amount_z20": 0.006523157208088715,
    "sector_volume_z20": 0.006523157208088715,
    "sector_amount_shock20": 0.006523157208088715,
    "sector_ret5": 0.0032615786040443573,
    "stock_vs_sector_ret5": 0.0032615786040443573,
    "sector_vs_bench_ret5": 0.0032615786040443573,
    "stock_vs_sector_ret1": 0.0006523157208088715,
    "sector_ret1": 0.0006523157208088715,
    "sector_amount": 0.0,
    "sector_volume": 0.0,
    "sector_close": 0.0,
    "sector_low": 0.0
  },
  "outputs": {
    "sector_index": "/root/stock_realtime_v021_full/saved_data/002270_pipeline_out/03_sector/sector_index_ths.csv",
    "sector_features": "/root/stock_realtime_v021_full/saved_data/002270_pipeline_out/03_sector/sector_features.csv",
    "merged_samples": "/root/stock_realtime_v021_full/saved_data/002270_pipeline_out/03_sector/training_samples_with_sector.csv"
  }
}
[INFO] final samples for search: /root/stock_realtime_v021_full/saved_data/002270_pipeline_out/03_sector/training_samples_with_sector.csv
=== nextday pipeline end: 2026-05-21T00:20:21 status=ok ===
=== nextday pipeline start: 2026-05-21T22:45:08 ===
symbol=002270.SZ, out_root=/root/stock_realtime_v021_full/saved_data/002270_pipeline_out

[2026-05-21T22:45:08] RUN update_data
  /usr/bin/python3 bootstrap/ashare_xgb_dual_opportunity_regression_baostock_full_v19_compressed_trading_axis.py --mode update_data --symbol 002270 --benchmark_symbol 000300 --daily_start 2018-01-01 --daily_end 2026-05-21 --intraday_start '2018-01-01 09:30:00' --intraday_end '2026-05-21 15:00:00' --output_dir /root/stock_realtime_v021_full/saved_data/002270_pipeline_out/00_base --cache_mode incremental --feature_cache_mode incremental --adjust qfq
/root/stock_realtime_v021_full/bootstrap/ashare_fetch_and_train_xgb_sell_signal_baostock_state_cache_helper_fix2.py:246: FutureWarning: The behavior of DataFrame concatenation with empty or all-NA entries is deprecated. In a future version, this will no longer exclude empty or all-NA columns when determining the result dtypes. To retain the old behavior, exclude the relevant entries before the concat operation.
  merged = _normalize_daily_df(pd.concat([df_old, df_new], axis=0, ignore_index=True))
/root/stock_realtime_v021_full/bootstrap/ashare_fetch_and_train_xgb_sell_signal_baostock_state_cache_helper_fix2.py:254: FutureWarning: The behavior of DataFrame concatenation with empty or all-NA entries is deprecated. In a future version, this will no longer exclude empty or all-NA columns when determining the result dtypes. To retain the old behavior, exclude the relevant entries before the concat operation.
  merged = _normalize_bench_df(pd.concat([df_old, df_new], axis=0, ignore_index=True))
login success!
logout success!
login success!
logout success!
login success!
logout success!
login success!
logout success!
login success!
logout success!
login success!
logout success!
{
  "mode": "update_data",
  "symbol": "002270",
  "data_source": "baostock",
  "daily_rows": 2031,
  "intraday_rows": 73632,
  "daily_min": "2018-01-02 00:00:00",
  "daily_max": "2026-05-21 00:00:00",
  "intraday_min": "2020-01-02 09:35:00",
  "intraday_max": "2026-05-21 15:00:00",
  "base_paths": {
    "daily_csv": "/root/stock_realtime_v021_full/saved_data/002270_pipeline_out/00_base/002270_daily.csv",
    "intraday_csv": "/root/stock_realtime_v021_full/saved_data/002270_pipeline_out/00_base/002270_5m.csv",
    "benchmark_csv": "/root/stock_realtime_v021_full/saved_data/002270_pipeline_out/00_base/000300_benchmark_daily.csv",
    "raw_daily_cache_csv": "/root/stock_realtime_v021_full/saved_data/002270_pipeline_out/00_base/raw_cache/002270_daily_raw.csv",
    "raw_intraday_cache_csv": "/root/stock_realtime_v021_full/saved_data/002270_pipeline_out/00_base/raw_cache/002270_5m_raw.csv",
    "raw_benchmark_cache_csv": "/root/stock_realtime_v021_full/saved_data/002270_pipeline_out/00_base/raw_cache/000300_benchmark_daily_raw.csv",
    "daily_features_csv": "/root/stock_realtime_v021_full/saved_data/002270_pipeline_out/00_base/daily_features.csv",
    "intraday_features_csv": "/root/stock_realtime_v021_full/saved_data/002270_pipeline_out/00_base/intraday_features.csv",
    "daily_features_cache_csv": "/root/stock_realtime_v021_full/saved_data/002270_pipeline_out/00_base/feature_cache/daily_features_cache.csv",
    "intraday_features_cache_csv": "/root/stock_realtime_v021_full/saved_data/002270_pipeline_out/00_base/feature_cache/intraday_features_cache.csv",
    "feature_state_json": "/root/stock_realtime_v021_full/saved_data/002270_pipeline_out/00_base/feature_cache/feature_state.json"
  },
  "fetch_logs": {
    "symbol": "002270",
    "benchmark_symbol": "000300",
    "daily_start": "2018-01-01",
    "daily_end": "2026-05-21",
    "intraday_start": "2018-01-01 09:30:00",
    "intraday_end": "2026-05-21 15:00:00",
    "perf_start": "2018-01-01",
    "data_source": "baostock",
    "cache_mode": "incremental",
    "force_refresh": false,
    "raw_cache_dir": "/root/stock_realtime_v021_full/saved_data/002270_pipeline_out/00_base/raw_cache",
    "feature_cache_dir": "/root/stock_realtime_v021_full/saved_data/002270_pipeline_out/00_base/feature_cache",
    "feature_cache_mode": "incremental",
    "daily": {
      "cache_path": "/root/stock_realtime_v021_full/saved_data/002270_pipeline_out/00_base/raw_cache/002270_daily_raw.csv",
      "requested_start": "2018-01-01",
      "requested_end": "2026-05-21",
      "mode": "incremental",
      "cache_before": {
        "rows": 2030,
        "min": "2018-01-02 00:00:00",
        "max": "2026-05-20 00:00:00"
      },
      "fetch_segments": [
        {
          "provider": "baostock",
          "code": "sz.002270",
          "adjustflag": "2",
          "rows": 0
        },
        {
          "provider": "baostock",
          "code": "sz.002270",
          "adjustflag": "2",
          "rows": 1,
          "start": "2026-05-21",
          "end": "2026-05-21"
        }
      ],
      "cache_after": {
        "rows": 2031,
        "min": "2018-01-02 00:00:00",
        "max": "2026-05-21 00:00:00"
      }
    },
    "intraday_5m": {
      "cache_path": "/root/stock_realtime_v021_full/saved_data/002270_pipeline_out/00_base/raw_cache/002270_5m_raw.csv",
      "requested_start": "2018-01-01 09:30:00",
      "requested_end": "2026-05-21 15:00:00",
      "mode": "incremental",
      "cache_before": {
        "rows": 73584,
        "min": "2020-01-02 09:35:00",
        "max": "2026-05-20 15:00:00"
      },
      "fetch_segments": [
        {
          "provider": "baostock",
          "code": "sz.002270",
          "adjustflag": "2",
          "requested_start": "2018-01-01 09:30:00",
          "effective_start": "2018-01-01 09:30:00",
          "requested_end": "2020-01-02 09:30:00",
          "rows": 0
        },
        {
          "provider": "baostock",
          "code": "sz.002270",
          "adjustflag": "2",
          "requested_start": "2026-05-20 15:05:00",
          "effective_start": "2026-05-20 15:05:00",
          "requested_end": "2026-05-21 15:00:00",
          "rows": 48
        }
      ],
      "cache_after": {
        "rows": 73632,
        "min": "2020-01-02 09:35:00",
        "max": "2026-05-21 15:00:00"
      }
    },
    "benchmark_daily": {
      "cache_path": "/root/stock_realtime_v021_full/saved_data/002270_pipeline_out/00_base/raw_cache/000300_benchmark_daily_raw.csv",
      "requested_start": "2018-01-01",
      "requested_end": "2026-05-21",
      "mode": "incremental",
      "cache_before": {
        "rows": 2030,
        "min": "2018-01-02 00:00:00",
        "max": "2026-05-20 00:00:00"
      },
      "fetch_segments": [
        {
          "provider": "baostock",
          "code": "sh.000300",
          "rows": 0,
          "start": "2018-01-01",
          "end": "2018-01-01"
        },
        {
          "provider": "baostock",
          "code": "sh.000300",
          "rows": 1,
          "start": "2026-05-21",
          "end": "2026-05-21"
        }
      ],
      "cache_after": {
        "rows": 2031,
        "min": "2018-01-02 00:00:00",
        "max": "2026-05-21 00:00:00"
      }
    },
    "feature_build": {
      "mode": "stateful_incremental_append",
      "daily_context_days": 260,
      "intraday_context_days": 40,
      "daily_append": {
        "needed": true,
        "first_new_date": "2026-05-21 00:00:00",
        "context_start": "2025-04-22 00:00:00",
        "context_raw_rows": 261,
        "appended_rows": 1,
        "cache_before": {
          "rows": 2030,
          "min": "2018-01-02 00:00:00",
          "max": "2026-05-20 00:00:00"
        },
        "cache_after": {
          "rows": 2031,
          "min": "2018-01-02 00:00:00",
          "max": "2026-05-21 00:00:00"
        }
      },
      "intraday_append": {
        "needed": true,
        "first_new_datetime": "2026-05-21 09:35:00",
        "context_start_date": "2026-03-20 00:00:00",
        "context_raw_rows": 1968,
        "appended_rows": 48,
        "cache_before": {
          "rows": 73584,
          "min": "2020-01-02 09:35:00",
          "max": "2026-05-20 15:00:00"
        },
        "cache_after": {
          "rows": 73632,
          "min": "2020-01-02 09:35:00",
          "max": "2026-05-21 15:00:00"
        }
      }
    },
    "feature_state": {
      "daily_feature_max": "2026-05-21 00:00:00",
      "intraday_feature_max": "2026-05-21 15:00:00",
      "daily_context_days": 260,
      "intraday_context_days": 40,
      "feature_build_mode": "stateful_incremental_append"
    }
  }
}

[2026-05-21T22:45:27] RUN samples
  /usr/bin/python3 feature_building/build_nextday_samples_from_baostock.py --daily-features /root/stock_realtime_v021_full/saved_data/002270_pipeline_out/00_base/daily_features.csv --intraday-bars /root/stock_realtime_v021_full/saved_data/002270_pipeline_out/00_base/002270_5m.csv --out-dir /root/stock_realtime_v021_full/saved_data/002270_pipeline_out/01_samples --min-bars 40 --keep-unlabeled-tail
{
  "rows": 1534,
  "date_min": "2020-01-02",
  "date_max": "2026-05-21",
  "out": "/root/stock_realtime_v021_full/saved_data/002270_pipeline_out/01_samples/training_samples.csv"
}

[2026-05-21T22:45:28] RUN fundamental
  /usr/bin/python3 feature_building/build_fundamental_features.py --symbol 002270.SZ --daily-samples /root/stock_realtime_v021_full/saved_data/002270_pipeline_out/01_samples/training_samples.csv --out-dir /root/stock_realtime_v021_full/saved_data/002270_pipeline_out/02_fundamental --start-date 2018-01-01 --end-date 2026-05-21 --fallback-lag-days 120
login success!
logout success!
{
  "rows": 1534,
  "date_min": "2020-01-02",
  "date_max": "2026-05-21",
  "source_errors": [],
  "top_missing_rates": {
    "ak_fund_小单净流入-净额_sum10": 0.923728813559322,
    "ak_fund_主力净流入-净额_sum10": 0.923728813559322,
    "ak_fund_主力净流入-净占比_sum10": 0.923728813559322,
    "ak_fund_涨跌幅_sum10": 0.923728813559322,
    "ak_fund_收盘价_sum10": 0.923728813559322,
    "ak_fund_中单净流入-净额_sum10": 0.923728813559322,
    "ak_fund_中单净流入-净占比_sum10": 0.923728813559322,
    "ak_fund_小单净流入-净占比_sum10": 0.923728813559322,
    "ak_fund_超大单净流入-净额_sum10": 0.923728813559322,
    "ak_fund_大单净流入-净额_sum10": 0.923728813559322,
    "ak_fund_大单净流入-净占比_sum10": 0.923728813559322,
    "ak_fund_超大单净流入-净占比_sum10": 0.923728813559322,
    "ak_fund_涨跌幅_sum5": 0.9224250325945241,
    "ak_fund_主力净流入-净占比_sum5": 0.9224250325945241,
    "ak_fund_主力净流入-净额_sum5": 0.9224250325945241,
    "ak_fund_收盘价_sum5": 0.9224250325945241,
    "ak_fund_超大单净流入-净占比_sum5": 0.9224250325945241,
    "ak_fund_中单净流入-净占比_sum5": 0.9224250325945241,
    "ak_fund_中单净流入-净额_sum5": 0.9224250325945241,
    "ak_fund_小单净流入-净额_sum5": 0.9224250325945241,
    "ak_fund_小单净流入-净占比_sum5": 0.9224250325945241,
    "ak_fund_大单净流入-净占比_sum5": 0.9224250325945241,
    "ak_fund_大单净流入-净额_sum5": 0.9224250325945241,
    "ak_fund_超大单净流入-净额_sum5": 0.9224250325945241,
    "ak_fund_大单净流入-净额": 0.9211212516297262,
    "ak_fund_超大单净流入-净占比": 0.9211212516297262,
    "ak_fund_超大单净流入-净额": 0.9211212516297262,
    "ak_fund_收盘价": 0.9211212516297262,
    "ak_fund_涨跌幅": 0.9211212516297262,
    "ak_fund_中单净流入-净额": 0.9211212516297262
  },
  "valuation_non_null": {
    "peTTM": 1534,
    "pbMRQ": 1534,
    "psTTM": 1534,
    "pcfNcfTTM": 1534
  },
  "future_effective_date_violations": 0,
  "rows_with_quarterly": 1534,
  "sample_rows": 1534,
  "quarterly_raw_rows": 37,
  "quarterly_used_pubDate_rows": 37,
  "quarterly_fallback_rows": 0,
  "elapsed_seconds": 25.721,
  "symbol": "002270",
  "baostock_code": "sz.002270",
  "valuation_rows": 2031,
  "fund_flow_rows": 121,
  "feature_columns": 125,
  "merged_columns": 194,
  "outputs": {
    "daily_valuation": "/root/stock_realtime_v021_full/saved_data/002270_pipeline_out/02_fundamental/baostock_daily_valuation.csv",
    "quarterly_fundamentals": "/root/stock_realtime_v021_full/saved_data/002270_pipeline_out/02_fundamental/baostock_quarterly_fundamentals_pit.csv",
    "fundamental_features": "/root/stock_realtime_v021_full/saved_data/002270_pipeline_out/02_fundamental/fundamental_features.csv",
    "merged_samples": "/root/stock_realtime_v021_full/saved_data/002270_pipeline_out/02_fundamental/training_samples_with_fundamentals.csv"
  }
}

[2026-05-21T22:45:55] RUN sector
  /usr/bin/python3 feature_building/build_sector_features.py --samples /root/stock_realtime_v021_full/saved_data/002270_pipeline_out/02_fundamental/training_samples_with_fundamentals.csv --out-dir /root/stock_realtime_v021_full/saved_data/002270_pipeline_out/03_sector --sector-symbol '电网设备' --start-date 2018-01-01 --end-date 2026-05-21

  0%|          | 0/9 [00:00<?, ?it/s]
 11%|█         | 1/9 [00:00<00:02,  3.99it/s]
 22%|██▏       | 2/9 [00:00<00:01,  4.10it/s]
 33%|███▎      | 3/9 [00:00<00:01,  3.70it/s]
 44%|████▍     | 4/9 [00:01<00:01,  3.92it/s]
 56%|█████▌    | 5/9 [00:01<00:00,  4.07it/s]
 67%|██████▋   | 6/9 [00:01<00:00,  4.04it/s]
 78%|███████▊  | 7/9 [00:01<00:00,  3.88it/s]
 89%|████████▉ | 8/9 [00:02<00:00,  3.65it/s]
100%|██████████| 9/9 [00:02<00:00,  3.86it/s]
                                             
{
  "sector_symbol": "电网设备",
  "sector_rows": 2031,
  "sector_date_min": "2018-01-02",
  "sector_date_max": "2026-05-21",
  "sample_rows": 1534,
  "merged_rows": 1534,
  "sector_feature_cols": 23,
  "top_missing": {
    "sector_ret60": 0.03911342894393742,
    "sector_ma60_gap": 0.01955671447196871,
    "stock_vs_sector_ret20": 0.01303780964797914,
    "sector_ret20": 0.01303780964797914,
    "sector_vol20": 0.007170795306388526,
    "sector_ma20_gap": 0.00651890482398957,
    "sector_range_z20": 0.00651890482398957,
    "sector_volume_shock20": 0.00651890482398957,
    "sector_amount_z20": 0.00651890482398957,
    "sector_volume_z20": 0.00651890482398957,
    "sector_amount_shock20": 0.00651890482398957,
    "sector_ret5": 0.003259452411994785,
    "stock_vs_sector_ret5": 0.003259452411994785,
    "sector_vs_bench_ret5": 0.003259452411994785,
    "stock_vs_sector_ret1": 0.000651890482398957,
    "sector_ret1": 0.000651890482398957,
    "sector_amount": 0.0,
    "sector_volume": 0.0,
    "sector_close": 0.0,
    "sector_low": 0.0
  },
  "outputs": {
    "sector_index": "/root/stock_realtime_v021_full/saved_data/002270_pipeline_out/03_sector/sector_index_ths.csv",
    "sector_features": "/root/stock_realtime_v021_full/saved_data/002270_pipeline_out/03_sector/sector_features.csv",
    "merged_samples": "/root/stock_realtime_v021_full/saved_data/002270_pipeline_out/03_sector/training_samples_with_sector.csv"
  }
}
[INFO] final samples for search: /root/stock_realtime_v021_full/saved_data/002270_pipeline_out/03_sector/training_samples_with_sector.csv
=== nextday pipeline end: 2026-05-21T22:45:59 status=ok ===
=== nextday pipeline start: 2026-05-29T20:06:37 ===
symbol=002270.SZ, out_root=/root/stock_realtime_v021_full/saved_data/002270_pipeline_out

[2026-05-29T20:06:37] RUN update_data
  /usr/bin/python3 bootstrap/ashare_xgb_dual_opportunity_regression_baostock_full_v19_compressed_trading_axis.py --mode update_data --symbol 002270 --benchmark_symbol 000300 --daily_start 2018-01-01 --daily_end 2026-05-29 --intraday_start '2018-01-01 09:30:00' --intraday_end '2026-05-29 15:00:00' --output_dir /root/stock_realtime_v021_full/saved_data/002270_pipeline_out/00_base --cache_mode incremental --feature_cache_mode incremental --adjust qfq
/root/stock_realtime_v021_full/bootstrap/ashare_fetch_and_train_xgb_sell_signal_baostock_state_cache_helper_fix2.py:246: FutureWarning: The behavior of DataFrame concatenation with empty or all-NA entries is deprecated. In a future version, this will no longer exclude empty or all-NA columns when determining the result dtypes. To retain the old behavior, exclude the relevant entries before the concat operation.
  merged = _normalize_daily_df(pd.concat([df_old, df_new], axis=0, ignore_index=True))
/root/stock_realtime_v021_full/bootstrap/ashare_fetch_and_train_xgb_sell_signal_baostock_state_cache_helper_fix2.py:254: FutureWarning: The behavior of DataFrame concatenation with empty or all-NA entries is deprecated. In a future version, this will no longer exclude empty or all-NA columns when determining the result dtypes. To retain the old behavior, exclude the relevant entries before the concat operation.
  merged = _normalize_bench_df(pd.concat([df_old, df_new], axis=0, ignore_index=True))
login success!
logout success!
login success!
logout success!
login success!
logout success!
login success!
logout success!
login success!
logout success!
login success!
logout success!
{
  "mode": "update_data",
  "symbol": "002270",
  "data_source": "baostock",
  "daily_rows": 2037,
  "intraday_rows": 73920,
  "daily_min": "2018-01-02 00:00:00",
  "daily_max": "2026-05-29 00:00:00",
  "intraday_min": "2020-01-02 09:35:00",
  "intraday_max": "2026-05-29 15:00:00",
  "base_paths": {
    "daily_csv": "/root/stock_realtime_v021_full/saved_data/002270_pipeline_out/00_base/002270_daily.csv",
    "intraday_csv": "/root/stock_realtime_v021_full/saved_data/002270_pipeline_out/00_base/002270_5m.csv",
    "benchmark_csv": "/root/stock_realtime_v021_full/saved_data/002270_pipeline_out/00_base/000300_benchmark_daily.csv",
    "raw_daily_cache_csv": "/root/stock_realtime_v021_full/saved_data/002270_pipeline_out/00_base/raw_cache/002270_daily_raw.csv",
    "raw_intraday_cache_csv": "/root/stock_realtime_v021_full/saved_data/002270_pipeline_out/00_base/raw_cache/002270_5m_raw.csv",
    "raw_benchmark_cache_csv": "/root/stock_realtime_v021_full/saved_data/002270_pipeline_out/00_base/raw_cache/000300_benchmark_daily_raw.csv",
    "daily_features_csv": "/root/stock_realtime_v021_full/saved_data/002270_pipeline_out/00_base/daily_features.csv",
    "intraday_features_csv": "/root/stock_realtime_v021_full/saved_data/002270_pipeline_out/00_base/intraday_features.csv",
    "daily_features_cache_csv": "/root/stock_realtime_v021_full/saved_data/002270_pipeline_out/00_base/feature_cache/daily_features_cache.csv",
    "intraday_features_cache_csv": "/root/stock_realtime_v021_full/saved_data/002270_pipeline_out/00_base/feature_cache/intraday_features_cache.csv",
    "feature_state_json": "/root/stock_realtime_v021_full/saved_data/002270_pipeline_out/00_base/feature_cache/feature_state.json"
  },
  "fetch_logs": {
    "symbol": "002270",
    "benchmark_symbol": "000300",
    "daily_start": "2018-01-01",
    "daily_end": "2026-05-29",
    "intraday_start": "2018-01-01 09:30:00",
    "intraday_end": "2026-05-29 15:00:00",
    "perf_start": "2018-01-01",
    "data_source": "baostock",
    "cache_mode": "incremental",
    "force_refresh": false,
    "raw_cache_dir": "/root/stock_realtime_v021_full/saved_data/002270_pipeline_out/00_base/raw_cache",
    "feature_cache_dir": "/root/stock_realtime_v021_full/saved_data/002270_pipeline_out/00_base/feature_cache",
    "feature_cache_mode": "incremental",
    "daily": {
      "cache_path": "/root/stock_realtime_v021_full/saved_data/002270_pipeline_out/00_base/raw_cache/002270_daily_raw.csv",
      "requested_start": "2018-01-01",
      "requested_end": "2026-05-29",
      "mode": "incremental",
      "cache_before": {
        "rows": 2031,
        "min": "2018-01-02 00:00:00",
        "max": "2026-05-21 00:00:00"
      },
      "fetch_segments": [
        {
          "provider": "baostock",
          "code": "sz.002270",
          "adjustflag": "2",
          "rows": 0
        },
        {
          "provider": "baostock",
          "code": "sz.002270",
          "adjustflag": "2",
          "rows": 6,
          "start": "2026-05-22",
          "end": "2026-05-29"
        }
      ],
      "cache_after": {
        "rows": 2037,
        "min": "2018-01-02 00:00:00",
        "max": "2026-05-29 00:00:00"
      }
    },
    "intraday_5m": {
      "cache_path": "/root/stock_realtime_v021_full/saved_data/002270_pipeline_out/00_base/raw_cache/002270_5m_raw.csv",
      "requested_start": "2018-01-01 09:30:00",
      "requested_end": "2026-05-29 15:00:00",
      "mode": "incremental",
      "cache_before": {
        "rows": 73632,
        "min": "2020-01-02 09:35:00",
        "max": "2026-05-21 15:00:00"
      },
      "fetch_segments": [
        {
          "provider": "baostock",
          "code": "sz.002270",
          "adjustflag": "2",
          "requested_start": "2018-01-01 09:30:00",
          "effective_start": "2018-01-01 09:30:00",
          "requested_end": "2020-01-02 09:30:00",
          "rows": 0
        },
        {
          "provider": "baostock",
          "code": "sz.002270",
          "adjustflag": "2",
          "requested_start": "2026-05-21 15:05:00",
          "effective_start": "2026-05-21 15:05:00",
          "requested_end": "2026-05-29 15:00:00",
          "rows": 288
        }
      ],
      "cache_after": {
        "rows": 73920,
        "min": "2020-01-02 09:35:00",
        "max": "2026-05-29 15:00:00"
      }
    },
    "benchmark_daily": {
      "cache_path": "/root/stock_realtime_v021_full/saved_data/002270_pipeline_out/00_base/raw_cache/000300_benchmark_daily_raw.csv",
      "requested_start": "2018-01-01",
      "requested_end": "2026-05-29",
      "mode": "incremental",
      "cache_before": {
        "rows": 2031,
        "min": "2018-01-02 00:00:00",
        "max": "2026-05-21 00:00:00"
      },
      "fetch_segments": [
        {
          "provider": "baostock",
          "code": "sh.000300",
          "rows": 0,
          "start": "2018-01-01",
          "end": "2018-01-01"
        },
        {
          "provider": "baostock",
          "code": "sh.000300",
          "rows": 6,
          "start": "2026-05-22",
          "end": "2026-05-29"
        }
      ],
      "cache_after": {
        "rows": 2037,
        "min": "2018-01-02 00:00:00",
        "max": "2026-05-29 00:00:00"
      }
    },
    "feature_build": {
      "mode": "stateful_incremental_append",
      "daily_context_days": 260,
      "intraday_context_days": 40,
      "daily_append": {
        "needed": true,
        "first_new_date": "2026-05-22 00:00:00",
        "context_start": "2025-04-23 00:00:00",
        "context_raw_rows": 266,
        "appended_rows": 6,
        "cache_before": {
          "rows": 2031,
          "min": "2018-01-02 00:00:00",
          "max": "2026-05-21 00:00:00"
        },
        "cache_after": {
          "rows": 2037,
          "min": "2018-01-02 00:00:00",
          "max": "2026-05-29 00:00:00"
        }
      },
      "intraday_append": {
        "needed": true,
        "first_new_datetime": "2026-05-22 09:35:00",
        "context_start_date": "2026-03-23 00:00:00",
        "context_raw_rows": 2208,
        "appended_rows": 288,
        "cache_before": {
          "rows": 73632,
          "min": "2020-01-02 09:35:00",
          "max": "2026-05-21 15:00:00"
        },
        "cache_after": {
          "rows": 73920,
          "min": "2020-01-02 09:35:00",
          "max": "2026-05-29 15:00:00"
        }
      }
    },
    "feature_state": {
      "daily_feature_max": "2026-05-29 00:00:00",
      "intraday_feature_max": "2026-05-29 15:00:00",
      "daily_context_days": 260,
      "intraday_context_days": 40,
      "feature_build_mode": "stateful_incremental_append"
    }
  }
}

[2026-05-29T20:06:50] RUN samples
  /usr/bin/python3 feature_building/build_nextday_samples_from_baostock.py --daily-features /root/stock_realtime_v021_full/saved_data/002270_pipeline_out/00_base/daily_features.csv --intraday-bars /root/stock_realtime_v021_full/saved_data/002270_pipeline_out/00_base/002270_5m.csv --out-dir /root/stock_realtime_v021_full/saved_data/002270_pipeline_out/01_samples --min-bars 40 --keep-unlabeled-tail
{
  "rows": 1540,
  "date_min": "2020-01-02",
  "date_max": "2026-05-29",
  "out": "/root/stock_realtime_v021_full/saved_data/002270_pipeline_out/01_samples/training_samples.csv"
}

[2026-05-29T20:06:50] RUN asof_samples
  /usr/bin/python3 feature_building/build_asof1455_training_samples.py --samples /root/stock_realtime_v021_full/saved_data/002270_pipeline_out/01_samples/training_samples.csv --intraday-bars /root/stock_realtime_v021_full/saved_data/002270_pipeline_out/00_base/002270_5m.csv --out-dir /root/stock_realtime_v021_full/saved_data/002270_pipeline_out/01_samples_asof1455 --cutoff-time 14:55 --min-bars 40
{
  "rows": 1540,
  "date_min": "2020-01-02",
  "date_max": "2026-05-29",
  "cutoff_time": "14:55",
  "min_bars": 40,
  "out": "/root/stock_realtime_v021_full/saved_data/002270_pipeline_out/01_samples_asof1455/training_samples_asof1455.csv"
}
[INFO] final samples for search: /root/stock_realtime_v021_full/saved_data/002270_pipeline_out/01_samples/training_samples.csv
=== nextday pipeline end: 2026-05-29T20:06:51 status=ok ===
