date,open,high,low,close,volume
2018-01-02,16.25665878,16.49728428,16.19890866,16.44915918,10175406
2018-01-03,16.4106591,16.64165958,16.4106591,16.59353448,11246838
2018-01-04,16.5550344,16.70903472,16.49728428,16.58390946,10517793
2018-01-05,16.51653432,16.61278452,16.28553384,16.48765926,15288888
2018-01-08,16.46840922,16.46840922,16.29515886,16.35290898,9504794
2018-01-09,16.362534,16.5069093,16.3144089,16.43953416,8263570
2018-01-10,16.47803424,16.47803424,16.16040858,16.28553384,14358790
2018-01-11,16.2662838,16.48765926,16.18928364,16.42990914,11312823
2018-01-12,16.42990914,16.47803424,16.2181587,16.22778372,10225784
2018-01-15,16.24703376,16.28553384,15.5444073,15.6406575,22134926
2018-01-16,15.62140746,15.7369077,14.73590562,15.08240634,32685473
2018-01-17,15.09203136,15.1112814,14.63965542,14.97653112,18788829
2018-01-18,14.97653112,15.0631563,14.8706559,15.03428124,8913667
2018-01-19,15.04390626,15.4481571,15.04390626,15.10165638,17200632
2018-01-22,15.12090642,15.31340682,14.94765606,15.16903152,11252114
2018-01-23,15.12090642,15.4481571,15.12090642,15.34228188,14464825
2018-01-24,15.34228188,15.60215742,15.26528172,15.52515726,14380296
2018-01-25,15.4962822,16.32403392,15.4481571,15.9775332,31260672
2018-01-26,15.91978308,16.01603328,15.69840762,15.80428284,13137350
2018-01-29,15.80428284,15.881283,15.41928204,15.62140746,11456678
2018-01-30,15.4962822,15.72728268,15.45778212,15.57328236,6819987
2018-01-31,15.55403232,15.60215742,15.1112814,15.1112814,11505583
2018-02-01,15.1112814,15.22678164,14.66853048,14.8706559,12094029
2018-02-02,14.7744057,15.17865654,14.55303024,15.08240634,9749200
2018-02-05,14.88990594,15.05353128,14.6300304,14.83215582,6409363
2018-02-06,14.5337802,14.62040538,13.34990274,13.34990274,23090321
2018-02-07,13.59052824,13.74452856,12.24302544,12.64727628,34754687
2018-02-08,12.4644009,13.05152712,12.43552584,12.91677684,17089732
2018-02-09,12.512526,12.77240154,11.8868997,12.33927564,18281937
2018-02-12,12.47402592,12.6569013,12.42590082,12.54140106,9327577
2018-02-13,12.63765126,13.11890226,12.62802624,12.78202656,14429243
2018-02-14,12.7531515,12.8494017,12.62802624,12.7531515,6633457
2018-02-22,13.02265206,13.03227708,12.83015166,12.91677684,8008278
2018-02-23,12.8975268,13.34990274,12.8012766,13.03227708,10419904
2018-02-26,13.08040218,13.69640346,13.0419021,13.53277812,16775475
2018-02-27,13.58090322,14.61078036,13.46540298,14.22577956,35357933
2018-02-28,14.03327916,14.79365574,13.88890386,14.23540458,31422182
2018-03-01,14.13915438,14.6781555,13.96590402,14.50490514,19425786
2018-03-02,14.40865494,14.83215582,14.31240474,14.63965542,18239584
2018-03-05,14.97653112,15.09203136,14.59153032,14.69740554,20631952
2018-03-06,14.6781555,15.4481571,14.46640506,15.1112814,29003520
2018-03-07,15.1112814,15.18828156,14.83215582,14.88990594,12519728
2018-03-08,14.7744057,15.03428124,14.70703056,14.85140586,9121312
2018-03-09,14.85140586,15.3519069,14.74553064,15.04390626,19662110
2018-03-12,15.13053144,15.34228188,15.05353128,15.08240634,20989718
2018-03-13,15.1594065,15.33265686,15.0631563,15.08240634,14811098
2018-03-14,14.99578116,15.04390626,14.35090482,14.37977988,24892985
2018-03-15,14.36052984,14.75515566,14.22577956,14.50490514,17423350
2018-03-16,14.61078036,14.61078036,14.3412798,14.36052984,8538084
2018-03-19,14.44715502,14.76478068,14.44715502,14.54340522,15699772
2018-03-20,14.49528012,14.92840602,14.2931547,14.63965542,14949899
2018-03-21,14.60115534,15.33265686,14.56265526,15.04390626,36686958
2018-03-22,15.0631563,15.400032,14.83215582,15.2556567,32056304
2018-03-23,14.90915598,16.03528332,14.7262806,15.65990754,69127989
2018-03-26,16.04490834,16.52615934,15.6887826,16.52615934,75073458
2018-03-27,16.2662838,16.83415998,16.01603328,16.59353448,70473938
2018-03-28,16.362534,16.96891026,16.1700336,16.18928364,48727490
2018-03-29,16.19890866,16.34328396,15.71765766,15.95828316,32232280
2018-03-30,15.9775332,16.61278452,15.91015806,16.53578436,44457345
2018-04-02,16.73790978,17.52716142,16.54540938,17.49828636,65493755
2018-04-03,17.23841082,17.8544121,17.16141066,17.8544121,48743697
2018-04-04,17.83516206,18.768789,17.6619117,17.77741194,59617799
2018-04-09,17.83516206,18.42228828,17.806287,18.15278772,36182828
2018-04-10,18.03728748,18.0469125,17.1325356,17.59453656,36149449
2018-04-11,17.54641146,17.65228668,17.09403552,17.63303664,25546080
2018-04-12,17.3731611,17.86403712,17.25766086,17.25766086,21724698
2018-04-13,17.5175364,18.22978788,17.4212862,17.7581619,36694141
2018-04-16,17.91216222,18.16241274,17.31541098,17.76778692,29075582
2018-04-17,17.77741194,18.45116334,17.5656615,17.9506623,39270764
2018-04-18,18.07578756,18.58591362,17.50791138,18.58591362,46553578
2018-04-19,18.53778852,19.52916558,18.47041338,18.73991394,60899173
2018-04-20,18.66291378,19.25004,18.39341322,18.51853848,33245920
2018-04-23,18.3837882,18.53778852,16.76678484,17.15178564,38863060
2018-04-24,17.17103568,17.93141226,16.96891026,17.8544121,25560980
2018-04-25,17.72928684,18.31641306,17.68116174,18.02766246,20817982
2018-04-26,17.9987874,18.63403872,17.9987874,18.1431627,23528148
2018-04-27,18.32603808,18.4319133,17.34428604,17.77741194,22166227
2018-05-02,17.81591202,18.55703856,17.7581619,18.287538,22713763
2018-05-03,18.3837882,18.3837882,17.29616094,17.88328716,27255289
2018-05-04,17.7100368,17.96028732,17.5656615,17.6137866,21304706
2018-05-07,17.63303664,17.81591202,17.39241114,17.69078676,21117479
2018-05-08,17.79666198,18.3356631,17.73891186,17.91216222,25741422
2018-05-09,17.71966182,17.87366214,17.60416158,17.7581619,12240116
2018-05-10,17.81591202,17.86403712,17.0362854,17.2287858,30511487
2018-05-11,17.1325356,17.29616094,17.01703536,17.06516046,12095974
2018-05-14,17.11328556,17.19028572,16.16040858,16.30478388,35895614
2018-05-15,16.42028412,16.68015966,16.35290898,16.64165958,17345923
2018-05-16,16.7956599,17.21916078,16.68978468,16.843785,26177381
2018-05-17,16.843785,16.96891026,16.5069093,16.62240954,12826221
2018-05-18,16.6994097,16.70903472,16.24703376,16.56465942,16061753
2018-05-21,16.61278452,16.90153512,16.48765926,16.73790978,15524545
2018-05-22,16.6994097,16.7475348,16.32403392,16.362534,18777903
2018-05-23,16.40103408,16.77640986,16.37215902,16.47803424,15979462
2018-05-24,16.47803424,16.54540938,16.00640826,16.0737834,21334470
2018-05-25,16.1219085,16.4587842,15.89090802,16.17965862,18758700
2018-05-28,16.09303344,16.11228348,15.4481571,15.61178244,21788792
2018-05-29,15.57328236,15.86203296,15.5444073,15.5925324,13793171
2018-05-30,15.52515726,15.79465782,15.2075316,15.5925324,15022056
2018-05-31,15.5444073,15.5444073,15.02465622,15.26528172,23387072
2018-06-01,15.13053144,15.3519069,14.64928044,14.7262806,28438777
2018-06-04,14.83215582,14.99578116,14.69740554,14.73590562,13563446
2018-06-05,14.85140586,15.32303184,14.78403072,15.31340682,19440227
2018-06-06,15.32303184,15.62140746,15.2556567,15.52515726,18781351
2018-06-07,15.52515726,15.56365734,15.23640666,15.34228188,12035526
2018-06-08,15.31340682,15.31340682,14.86103088,15.02465622,17628080
2018-06-11,14.918781,15.2075316,14.81290578,15.16903152,9941469
2018-06-12,15.03428124,15.400032,14.8706559,15.21715662,11756921
2018-06-13,15.21715662,15.22678164,14.73590562,14.75515566,10473773
2018-06-14,14.74553064,14.8225308,14.49528012,14.54340522,11129310
2018-06-15,14.51453016,14.62040538,13.99477908,14.06215422,18297481
2018-06-19,14.06216306,14.5654201,13.1137171,13.5008379,22258551
2018-06-20,13.44276978,14.11055316,13.28792146,14.00409494,19920520
2018-06-21,13.97506088,14.1782993,13.549228,13.61697414,17956834
2018-06-22,13.47180384,14.10087514,13.38470166,14.033129,17033446
2018-06-25,14.2266894,14.28475752,14.01377296,14.02345098,12448387
2018-06-26,13.73311038,14.8073706,13.65568622,14.6138102,23706741
2018-06-27,14.67187832,14.94286288,14.44928386,14.68155634,19246184
2018-06-28,14.6138102,14.94286288,14.4686399,14.49767396,14663716
2018-06-29,14.51703,15.13642328,14.43960584,15.13642328,20833201
2018-07-02,15.07835516,15.3396617,14.81704862,15.000931,16707037
2018-07-03,15.03964308,15.54290012,14.83640466,15.51386606,30256368
2018-07-04,15.45579794,15.66871438,15.2428815,15.37837378,23402512
2018-07-05,15.30094962,15.47515398,15.12674526,15.16545734,12759286
2018-07-06,15.0493211,15.65903636,15.000931,15.30094962,22425295
2018-07-09,15.22352546,15.8719528,15.22352546,15.8235627,20344682
2018-07-10,15.7751726,15.9203429,15.63968032,15.8719528,14259207
2018-07-11,15.6783924,15.68807042,14.96221892,15.2428815,24683834
2018-07-12,15.22352546,15.6300023,15.1461013,15.5332221,17110068
2018-07-13,15.65903636,15.79452864,15.1461013,15.4364419,21225280
2018-07-16,15.3880518,15.7267825,15.25255952,15.6300023,17435458
2018-07-17,15.5816122,15.68807042,15.28159358,15.56225616,12038261
2018-07-18,15.52354408,15.66871438,15.18481338,15.18481338,14071006
2018-07-19,15.21384744,15.32030566,14.49767396,14.58477614,22963657
2018-07-20,14.58477614,15.1461013,14.58477614,15.12674526,21815711
2018-07-23,15.1461013,16.31714172,15.1461013,16.23971756,41712955
2018-07-24,16.41392192,16.53005816,16.07519122,16.28810766,26489556
2018-07-25,16.36553182,16.81072074,16.36553182,16.53005816,23428945
2018-07-26,16.75265262,16.8881449,16.1622934,16.22036152,19706862
2018-07-27,16.23003954,16.57844826,16.07519122,16.3558538,15202776
2018-07-30,16.44295598,16.46231202,15.86227478,16.03647914,18140034
2018-07-31,16.00744508,16.52038014,15.86227478,16.1622934,17128905
2018-08-01,16.2590736,16.29778568,15.3880518,15.41708586,20475035
2018-08-02,15.3880518,15.55257814,14.5654201,14.63316624,29428296
2018-08-03,14.64284426,14.87511674,14.52670802,14.58477614,13475688
2018-08-06,14.58477614,14.65252228,13.77182246,14.01377296,22537679
2018-08-07,14.0815191,14.3718597,13.80085652,14.35250366,18575013
2018-08-08,14.28475752,14.28475752,13.6943983,13.78150048,16665362
2018-08-09,13.67504226,14.50735198,13.60729612,14.31379158,19648661
2018-08-10,14.24604544,14.51703,14.21701138,14.44928386,14282996
2018-08-13,14.29443554,14.73962446,14.06216306,14.53638604,19567645
2018-08-14,14.4202498,14.44928386,14.23636742,14.31379158,10187501
2018-08-15,14.31379158,14.58477614,14.11055316,14.1782993,14202347
2018-08-16,13.9363488,14.35250366,13.86860266,14.06216306,11332649
2018-08-17,14.1782993,14.3234696,13.66536424,13.7911785,11701808
2018-08-20,13.75246642,14.11055316,13.67504226,14.06216306,9505176
2018-08-21,14.09119712,14.43960584,13.96538286,14.2266894,15019221
2018-08-22,14.18797732,14.3718597,14.0815191,14.18797732,9665416
2018-08-23,14.18797732,14.4202498,14.06216306,14.28475752,12759781
2018-08-24,14.23636742,14.35250366,14.06216306,14.09119712,8115879
2018-08-27,14.2266894,14.78801456,14.1782993,14.7105904,23881441
2018-08-28,14.74930248,15.23320348,14.60413218,15.02996506,23787553
2018-08-29,14.94286288,15.21384744,14.92350684,15.08803318,10604408
2018-08-30,15.0977112,15.2428815,14.78801456,14.88479476,12480072
2018-08-31,14.8557607,14.99125298,14.62348822,14.8073706,11554124
2018-09-03,14.8073706,15.40740784,14.6138102,15.3396617,20861498
2018-09-04,15.3396617,16.38488786,15.21384744,16.1139033,38850266
2018-09-05,16.0171231,16.43327796,15.9203429,16.05583518,23636479
2018-09-06,16.02680112,16.51070212,15.97841102,16.1139033,20201464
2018-09-07,16.17197142,16.34617578,15.484832,15.8235627,27172911
2018-09-10,15.79452864,16.08486924,15.30094962,15.39772982,22213791
2018-09-11,15.52354408,15.98808904,15.41708586,15.95905498,23116590
2018-09-12,15.98808904,16.52038014,15.6783924,15.76549458,29551793
2018-09-13,15.9203429,16.33649776,15.70742646,16.32681974,25086645
2018-09-14,16.31714172,16.36553182,15.32030566,15.3880518,30495743
2018-09-17,15.28159358,15.73646052,15.02028704,15.27191556,20308603
2018-09-18,15.1461013,15.57193418,15.1461013,15.54290012,18629851
2018-09-19,15.44611992,15.85259676,15.20416942,15.61064626,19425208
2018-09-20,15.6300023,15.7267825,15.17513536,15.26223754,16427312
2018-09-21,15.32998368,15.32998368,14.88479476,15.23320348,23955590
2018-09-25,15.1944914,15.76549458,15.1461013,15.5332221,26259158
2018-09-26,15.51386606,15.6300023,15.2912716,15.61064626,19963583
2018-09-27,15.54290012,15.6783924,15.26223754,15.31062764,17497639
2018-09-28,15.32998368,15.42676388,15.17513536,15.36869576,11538113
2018-10-08,15.18481338,15.5816122,15.0977112,15.18481338,21776124
2018-10-09,15.18481338,15.25255952,14.3234696,14.63316624,25023695
2018-10-10,14.6138102,14.77833654,14.42992782,14.7105904,10098081
2018-10-11,14.33314762,14.48799594,13.65568622,13.82021256,21981022
2018-10-12,13.87828068,14.55574208,13.65568622,14.49767396,23108087
2018-10-15,14.4686399,14.79769258,14.4686399,14.59445416,14877980
2018-10-16,14.69123436,14.9525409,14.09119712,14.41057178,16652045
2018-10-17,14.59445416,14.6622003,13.8879587,14.31379158,14983138
2018-10-18,14.16862128,14.34282564,13.82021256,13.84924662,14003318
2018-10-19,13.7427884,13.95570484,12.86208858,13.82989058,30439925
2018-10-22,13.9363488,14.81704862,13.86860266,14.57509812,27091567
2018-10-23,14.59445416,14.8557607,14.42992782,14.53638604,23058146
2018-10-24,14.49767396,14.73962446,14.33314762,14.51703,11611112
2018-10-25,14.14926524,14.42992782,14.00409494,14.33314762,15759446
2018-10-26,14.51703,14.6622003,14.1299092,14.28475752,11093290
2018-10-29,14.28475752,14.36218168,13.9847389,14.11055316,8376548
2018-10-30,14.05248504,14.26540148,13.71375434,14.11055316,12448974
2018-10-31,14.1299092,14.43960584,14.04280702,14.3234696,10212918
2018-11-01,14.33314762,14.89447278,14.33314762,14.69123436,21934621
2018-11-02,14.8557607,14.98157496,14.57509812,14.9041508,20924603
2018-11-05,14.88479476,15.0493211,14.63316624,14.9041508,17395397
2018-11-06,14.93318486,14.93318486,14.65252228,14.74930248,10845288
2018-11-07,14.74930248,14.9041508,14.6138102,14.68155634,14710318
2018-11-08,14.84608268,14.89447278,14.35250366,14.38153772,14439176
2018-11-09,14.30411356,14.43960584,14.14926524,14.35250366,7695435
2018-11-12,14.36218168,14.60413218,14.2266894,14.60413218,9756013
2018-11-13,14.43960584,14.8073706,14.39121574,14.72026842,16092758
2018-11-14,14.65252228,14.77833654,14.53638604,14.62348822,10434035
2018-11-15,14.7105904,15.1461013,14.70091238,15.1461013,27056328
2018-11-16,15.08803318,15.21384744,14.94286288,15.000931,18030718
2018-11-19,15.03964308,15.10738922,14.84608268,15.07835516,13268891
2018-11-20,14.9525409,15.54290012,14.88479476,15.0977112,30071591
2018-11-21,14.9041508,15.000931,14.8073706,14.99125298,11508961
2018-11-22,15.02028704,15.2912716,14.9525409,15.05899912,13330988
2018-11-23,15.03964308,15.13642328,14.40089376,14.40089376,17718549
2018-11-26,14.40089376,14.64284426,14.3234696,14.44928386,8142463
2018-11-27,14.54606406,14.62348822,14.39121574,14.4686399,6353863
2018-11-28,14.3718597,14.63316624,14.33314762,14.62348822,8826419
2018-11-29,14.72026842,14.83640466,14.39121574,14.39121574,9477582
2018-11-30,14.35250366,14.50735198,14.1299092,14.50735198,9862633
2018-12-03,14.72026842,14.89447278,14.6138102,14.77833654,17851861
2018-12-04,14.74930248,14.74930248,14.47831792,14.62348822,15539259
2018-12-05,14.41057178,14.51703,14.29443554,14.34282564,12159098
2018-12-06,14.33314762,14.6138102,14.2750795,14.31379158,11492413
2018-12-07,14.25572346,14.36218168,14.0815191,14.23636742,9858407
2018-12-10,14.16862128,14.20733336,13.77182246,13.81053454,14602963
2018-12-11,13.89763672,13.96538286,13.81053454,13.89763672,5575115
2018-12-12,13.91699276,14.033129,13.86860266,13.95570484,6180939
2018-12-13,13.97506088,14.14926524,13.90731474,14.12023118,9017716
2018-12-14,14.10087514,14.12023118,13.7427884,13.7427884,9921666
2018-12-17,13.73311038,13.9847389,13.66536424,13.96538286,9812691
2018-12-18,13.84924662,14.05248504,13.77182246,13.89763672,6603716
2018-12-19,14.00409494,14.06216306,13.71375434,13.77182246,7228468
2018-12-20,13.66536424,13.86860266,13.3072775,13.51051592,14099758
2018-12-21,13.43309176,13.48148186,13.08468304,13.23953136,12490277
2018-12-24,13.1621072,13.32663354,13.13307314,13.3072775,8467613
2018-12-25,13.1621072,13.20081928,12.8717666,13.14275116,10968731
2018-12-26,13.1137171,13.23953136,12.88144462,12.93951274,7973719
2018-12-27,13.10403908,13.17178522,12.75563036,12.75563036,10647047
2018-12-28,12.78466442,12.98790284,12.75563036,12.81369848,7703255
2019-01-02,12.89112264,12.9685468,12.7265963,12.8233765,8370484
2019-01-03,12.85241056,13.5976181,12.8233765,13.26856542,25053706
2019-01-04,13.1621072,13.5008379,13.10403908,13.4524478,16784339
2019-01-07,13.63633018,13.97506088,13.48148186,13.8395686,23865470
2019-01-08,13.84924662,13.84924662,13.58794008,13.68472028,11751998
2019-01-09,13.73311038,13.82021256,13.53954998,13.56858404,11816227
2019-01-10,13.57826206,13.73311038,13.44276978,13.57826206,10208400
2019-01-11,13.5976181,13.76214444,13.55890602,13.6943983,9776107
2019-01-14,13.6460082,13.72343236,13.51051592,13.55890602,6434900
2019-01-15,13.5976181,13.76214444,13.52019394,13.75246642,8319875
2019-01-16,13.70407632,13.77182246,13.58794008,13.65568622,6605994
2019-01-17,13.68472028,13.70407632,13.44276978,13.47180384,6724433
2019-01-18,13.44276978,13.61697414,13.44276978,13.57826206,7052388
2019-01-21,13.60729612,13.77182246,13.549228,13.71375434,8908480
2019-01-22,13.70407632,13.70407632,13.43309176,13.53954998,6924039
2019-01-23,13.48148186,13.56858404,13.43309176,13.52987196,3849606
2019-01-24,13.52987196,13.71375434,13.41373572,13.6460082,8112195
2019-01-25,13.65568622,13.82021256,13.56858404,13.62665216,11067304
2019-01-28,13.6943983,13.91699276,13.61697414,13.6943983,13267792
2019-01-29,13.65568622,13.6943983,13.2588874,13.43309176,8787401
2019-01-30,13.43309176,13.5976181,13.2588874,13.43309176,5982904
2019-01-31,13.44276978,13.55890602,13.31695552,13.44276978,7533327
2019-02-01,13.52987196,13.6943983,13.41373572,13.6943983,11875772
2019-02-11,13.77182246,13.90731474,13.72343236,13.90731474,13653920
2019-02-12,13.89763672,14.12023118,13.8395686,14.033129,17192417
2019-02-13,14.00409494,14.50735198,13.9363488,14.4202498,29407868
2019-02-14,14.42992782,14.59445416,14.25572346,14.41057178,17344354
2019-02-15,14.3234696,14.49767396,14.20733336,14.2266894,12946955
2019-02-18,14.28475752,14.73962446,14.28475752,14.7105904,22345816
2019-02-19,14.7105904,14.84608268,14.42992782,14.72994644,23017538
2019-02-20,14.68155634,14.9525409,14.50735198,14.70091238,22213733
2019-02-21,15.0977112,15.39772982,14.55574208,14.62348822,37243620
2019-02-22,14.51703,14.87511674,14.49767396,14.84608268,21016841
2019-02-25,15.05899912,15.84291874,14.84608268,15.74613854,52814852
2019-02-26,15.74613854,15.8235627,15.44611992,15.5816122,38210460
2019-02-27,15.56225616,16.2106835,15.49451002,15.65903636,43610316
2019-02-28,16.0655132,16.20100548,15.49451002,15.69774844,28234498
2019-03-01,15.7267825,15.83324072,15.52354408,15.71710448,20630424
2019-03-04,15.84291874,16.19132746,15.6783924,16.02680112,38617287
2019-03-05,15.968733,16.2590736,15.84291874,16.20100548,31688196
2019-03-06,16.2106835,16.31714172,15.88163082,16.12358132,32788640
2019-03-07,16.04615716,16.29778568,15.89130884,16.04615716,30118344
2019-03-08,15.78485062,16.0171231,15.2912716,15.32998368,34243274
2019-03-11,15.60096824,16.1622934,15.41708586,16.1622934,42864566
2019-03-12,16.61716034,16.936535,16.2106835,16.51070212,61875145
2019-03-13,17.09138332,17.67206452,16.452634,16.5494142,78110343
2019-03-14,16.5494142,16.82039876,15.70742646,16.12358132,48241361
2019-03-15,16.452634,16.53005816,16.00744508,16.22036152,33140792
2019-03-18,16.23003954,16.452634,15.90098686,16.42359994,34807088
2019-03-19,16.38488786,16.99460312,16.31714172,16.936535,47264539
2019-03-20,16.92685698,16.92685698,16.31714172,16.5978043,31745201
2019-03-21,16.5978043,16.71394054,16.41392192,16.55909222,27457508
2019-03-22,16.6461944,16.81072074,16.41392192,16.63651638,28791511
2019-03-25,16.6461944,18.2430677,16.6461944,17.420436,85051892
2019-03-26,17.420436,17.420436,16.43327796,16.44295598,52888154
2019-03-27,16.452634,16.53973618,15.89130884,16.12358132,29753045
2019-03-28,16.18164944,16.452634,15.94937696,15.968733,22901789
2019-03-29,16.13325934,16.53973618,16.05583518,16.5010241,31510360
2019-04-01,16.67522846,17.10106134,16.5978043,16.936535,36677063
2019-04-02,17.0333152,17.36236788,16.80104272,16.92685698,41360789
2019-04-03,16.84943282,17.10106134,16.6945845,17.02363718,30688188
2019-04-04,17.24623164,17.39140194,16.94621302,17.10106134,35707660
2019-04-08,17.26558768,17.36236788,16.58812628,16.85911084,30689672
2019-04-09,16.82039876,16.936535,16.62683836,16.85911084,17807663
2019-04-10,16.8397548,16.8397548,16.452634,16.63651638,21058658
2019-04-11,16.58812628,16.80104272,16.452634,16.47199004,19659325
2019-04-12,16.48166806,16.60748232,16.24939558,16.38488786,15360323
2019-04-15,16.60748232,16.80104272,16.3558538,16.38488786,19003574
2019-04-16,16.3558538,16.6461944,16.0655132,16.6461944,17490202
2019-04-17,16.5978043,17.00428114,16.55909222,16.87846688,24244229
2019-04-18,16.8881449,17.06234926,16.71394054,16.75265262,23992268
2019-04-19,16.85911084,16.936535,16.452634,16.68490648,18802355
2019-04-22,16.68490648,16.81072074,16.51070212,16.55909222,15049274
2019-04-23,16.55909222,16.6461944,16.1622934,16.1622934,20829109
2019-04-24,16.23003954,16.3558538,16.03647914,16.31714172,12300834
2019-04-25,16.32681974,16.39456588,15.68807042,15.71710448,16981838
2019-04-26,15.7751726,15.89130884,15.5816122,15.63968032,14757471
2019-04-29,15.66871438,15.90098686,15.31062764,15.32030566,15558328
2019-04-30,15.35901774,15.62032428,15.3396617,15.40740784,13489275
2019-05-06,15.12674526,15.1944914,14.033129,14.35250366,23725054
2019-05-07,14.50735198,14.53638604,14.21701138,14.44928386,13421806
2019-05-08,14.19765534,14.6622003,14.13958722,14.51703,12493172
2019-05-09,14.45896188,14.8557607,14.3718597,14.60413218,17792240
2019-05-10,14.68155634,15.34933972,14.62348822,15.26223754,24789698
2019-05-13,15.0493211,15.26223754,14.86543872,15.000931,15248990
2019-05-14,14.72994644,15.25255952,14.72994644,14.97189694,15311210
2019-05-15,15.02028704,15.11706724,14.86543872,15.02996506,12378281
2019-05-16,15.01060902,15.94937696,14.93318486,15.57193418,28786303
2019-05-17,15.484832,15.75581656,15.22352546,15.31062764,23214549
2019-05-20,15.18481338,15.74613854,15.1461013,15.74613854,20037930
2019-05-21,15.6783924,15.85259676,15.45579794,15.73646052,18385069
2019-05-22,15.70742646,15.70742646,15.50418804,15.57193418,12041502
2019-05-23,15.484832,15.75581656,15.3396617,15.3880518,11806667
2019-05-24,15.2912716,15.39772982,14.83640466,14.88479476,13550187
2019-05-27,14.97189694,15.27191556,14.89447278,15.2428815,11272824
2019-05-28,15.1944914,15.35901774,15.03964308,15.3396617,13945666
2019-05-29,15.2428815,15.34933972,15.0977112,15.1944914,10730018
2019-05-30,15.02996506,15.10738922,14.8557607,14.94286288,9683815
2019-05-31,15.000931,15.2428815,14.93318486,15.1944914,10291270
2019-06-03,15.2912716,15.32030566,14.83640466,14.9041508,12806024
2019-06-04,14.8073706,14.86543872,14.48799594,14.63316624,9806608
2019-06-05,14.76865852,14.77833654,14.50735198,14.58477614,8028691
2019-06-06,14.54606406,14.58477614,14.3234696,14.45896188,8321029
2019-06-10,14.4686399,14.72026842,14.4686399,14.54606406,8554389
2019-06-11,14.5654201,15.01060902,14.47831792,14.96221892,14762169
2019-06-12,14.9041508,15.02996506,14.83640466,14.87511674,10496130
2019-06-13,14.9041508,14.94286288,14.7105904,14.82672664,8262729
2019-06-14,14.86543872,15.1461013,14.68155634,14.72994644,13212157
2019-06-17,14.72026842,14.76865852,14.51703,14.6622003,7603344
2019-06-18,14.72026842,14.73962446,14.55574208,14.60413218,7046037
2019-06-19,14.9041508,14.9525409,14.7105904,14.77833654,12156391
2019-06-20,14.8075512,15.0998055,14.69064948,15.0998055,16062348
2019-06-21,15.04135464,15.41154342,15.04135464,15.33360894,23019470
2019-06-24,15.27515808,15.41154342,15.13877274,15.3920598,13704829
2019-06-25,15.32386713,15.50896152,15.1972236,15.3920598,15360608
2019-06-26,15.38231799,15.51870333,15.25567446,15.50896152,13440804
2019-06-27,15.50896152,15.63560505,15.37257618,15.44076885,18442205
2019-06-28,15.34335075,15.42128523,15.17773998,15.34335075,11054434
2019-07-01,15.53818695,15.60637962,15.42128523,15.586896,19216794
2019-07-02,15.6843141,15.77199039,15.4894779,15.51870333,13411579
2019-07-03,15.46025247,15.95708478,15.35309256,15.65508867,20179753
2019-07-04,15.65508867,16.34675718,15.586896,15.91811754,40387248
2019-07-05,15.83044125,15.94734297,15.70379772,15.7817322,14110099
2019-07-08,15.72328134,15.75250677,15.18748179,15.24593265,14846960
2019-07-09,15.25567446,15.3920598,15.20696541,15.28489989,8205304
2019-07-10,15.34335075,15.62586324,15.14851455,15.32386713,13017577
2019-07-11,15.27515808,15.47973609,15.14851455,15.23619084,10394550
2019-07-12,15.22644903,15.51870333,15.1972236,15.38231799,9860152
2019-07-15,15.40180161,15.84992487,15.34335075,15.84018306,16623562
2019-07-16,15.84992487,15.94734297,15.72328134,15.80121582,9824094
2019-07-17,15.80121582,15.96682659,15.73302315,15.81095763,12013692
2019-07-18,15.74276496,15.7817322,15.49921971,15.49921971,12195350
2019-07-19,15.53818695,15.70379772,15.44076885,15.62586324,9020318
2019-07-22,15.61612143,15.63560505,15.17773998,15.21670722,13520152
2019-07-23,15.17773998,15.46999428,15.17773998,15.46025247,6963007
2019-07-24,15.52844514,16.00579383,15.4894779,15.85966668,21793027
2019-07-25,15.83044125,15.9765684,15.79147401,15.88889211,12360912
2019-07-26,15.90837573,16.25908089,15.86940849,16.0739865,21052716
2019-07-29,16.1714046,16.25908089,16.03501926,16.12269555,13620669
2019-07-30,16.1714046,16.18114641,15.98631021,16.05450288,13332524
2019-07-31,15.99605202,16.15192098,15.92785935,16.03501926,12133632
2019-08-01,16.01553564,16.22011365,15.77199039,15.8791503,16883874
2019-08-02,15.54792876,15.63560505,15.40180161,15.51870333,20740541
2019-08-05,15.46025247,15.91811754,15.42128523,15.4894779,19899781
2019-08-06,15.23619084,15.41154342,15.06083826,15.16799817,20519999
2019-08-07,15.24593265,15.27515808,14.75884215,14.79780939,19958730
2019-08-08,14.87574387,15.0998055,14.8075512,14.89522749,15903515
2019-08-09,14.96342016,14.99264559,14.43736242,14.50555509,20944737
2019-08-12,14.48607147,14.64194043,14.43736242,14.62245681,13221438
2019-08-13,14.52503871,14.67116586,14.4178788,14.59323138,10941168
2019-08-14,14.73935853,14.76858396,14.55426414,14.62245681,13313801
2019-08-15,14.30097708,14.52503871,14.2230426,14.48607147,12661109
2019-08-16,14.47632966,14.67116586,14.39839518,14.54452233,9895043
2019-08-19,14.63219862,14.98290378,14.57374776,14.98290378,17351970
2019-08-20,14.95367835,15.11928912,14.87574387,14.91471111,15061349
2019-08-21,14.85626025,14.99264559,14.8075512,14.92445292,10706553
2019-08-22,14.94393654,15.28489989,14.87574387,15.17773998,21867330
2019-08-23,15.11928912,15.24593265,14.97316197,15.07058007,11877754
2019-08-26,14.78806758,15.04135464,14.71987491,14.97316197,12691519
2019-08-27,15.0998055,15.28489989,14.94393654,15.1972236,21646361
2019-08-28,15.21670722,15.50896152,15.07058007,15.2946417,23911717
2019-08-29,15.33360894,15.61612143,15.21670722,15.46025247,25177339
2019-08-30,15.47973609,15.73302315,15.38231799,15.65508867,32741506
2019-09-02,15.98631021,17.02868388,15.8791503,16.96049121,79517576
2019-09-03,16.9507494,17.65215972,16.70720415,17.26248732,70882011
2019-09-04,17.0481675,17.44758171,16.96049121,17.11636017,41150899
2019-09-05,17.1455856,17.44758171,16.99945845,17.21377827,44805296
2019-09-06,17.33067999,17.64241791,17.0481675,17.2430037,34521606
2019-09-09,17.4378399,17.4378399,17.19429465,17.38913085,32112982
2019-09-10,17.3404218,17.81777049,16.9507494,17.06765112,41820553
2019-09-11,17.22352008,17.39887266,16.9507494,17.10661836,27920021
2019-09-12,17.09687655,17.16506922,16.81436406,16.96049121,24322468
2019-09-16,17.10661836,17.31119637,16.87281492,17.01894207,20860733
2019-09-17,16.97997483,16.97997483,16.3662408,16.40520804,32262586
2019-09-18,16.55133519,16.561077,16.30778994,16.40520804,17649222
2019-09-19,16.4636589,16.60004424,16.34675718,16.55133519,19338069
2019-09-20,16.561077,16.57081881,16.02527745,16.29804813,28971383
2019-09-23,16.23959727,16.42469166,15.92785935,16.14217917,23164342
2019-09-24,16.1714046,16.27856451,16.06424469,16.09347012,17594990
2019-09-25,16.08372831,16.19088822,15.7817322,15.82069944,18768217
2019-09-26,15.94734297,15.96682659,15.2946417,15.30438351,25012452
2019-09-27,15.31412532,15.43102704,15.27515808,15.31412532,15130768
2019-09-30,15.38231799,15.46025247,15.14851455,15.14851455,12978655
2019-10-08,15.15825636,15.27515808,14.9049693,14.92445292,13468022
2019-10-09,14.91471111,15.06083826,14.8075512,15.04135464,10273740
2019-10-10,15.03161283,15.12903093,14.95367835,15.09006369,12934975
2019-10-11,15.11928912,15.13877274,14.85626025,14.97316197,14536052
2019-10-14,15.11928912,15.26541627,15.02187102,15.1972236,20251982
2019-10-15,15.17773998,15.18748179,14.87574387,14.91471111,14531666
2019-10-16,14.95367835,15.07058007,14.82703482,14.83677663,9975776
2019-10-17,14.83677663,14.91471111,14.74910034,14.8075512,8268967
2019-10-18,14.87574387,14.87574387,14.55426414,14.56400595,12153106
2019-10-21,14.55426414,14.78806758,14.39839518,14.77832577,9880606
2019-10-22,14.78806758,14.82703482,14.62245681,14.77832577,8688965
2019-10-23,14.9049693,14.92445292,14.612715,14.70039129,9442365
2019-10-24,14.612715,14.73935853,14.55426414,14.7101331,8805673
2019-10-25,14.67116586,14.9049693,14.59323138,14.88548568,14300733
2019-10-28,14.91471111,15.05109645,14.76858396,15.05109645,15966093
2019-10-29,15.04135464,15.04135464,14.7101331,14.71987491,15938308
2019-10-30,14.71987491,14.71987491,14.47632966,14.5152969,10487156
2019-10-31,14.54452233,14.72961672,14.44710423,14.62245681,10074384
2019-11-01,14.58348957,14.7101331,14.53478052,14.68090767,7754770
2019-11-04,14.73935853,14.85626025,14.66142405,14.77832577,9980324
2019-11-05,14.75884215,14.78806758,14.56400595,14.70039129,11345138
2019-11-06,16.1714046,16.1714046,15.73302315,16.1714046,52249915
2019-11-07,16.3662408,16.38572442,15.64534686,15.73302315,70257026
2019-11-08,15.76224858,16.05450288,15.4894779,15.49921971,34485964
2019-11-11,15.3920598,15.3920598,15.05109645,15.20696541,23741327
2019-11-12,15.23619084,15.35309256,14.93419473,15.32386713,18902273
2019-11-13,15.23619084,15.27515808,15.07058007,15.0998055,11533857
2019-11-14,15.10954731,15.20696541,14.94393654,15.11928912,13748954
2019-11-15,15.13877274,15.24593265,14.82703482,14.82703482,18413508
2019-11-18,14.73935853,14.9049693,14.62245681,14.86600206,10072465
2019-11-19,14.85626025,15.17773998,14.79780939,15.16799817,13085385
2019-11-20,15.18748179,15.31412532,14.94393654,14.97316197,13071005
2019-11-21,14.91471111,15.43102704,14.85626025,15.25567446,18676855
2019-11-22,15.1972236,15.35309256,14.99264559,15.22644903,17277763
2019-11-25,15.24593265,15.24593265,15.04135464,15.22644903,8519568
2019-11-26,15.23619084,15.74276496,15.15825636,15.55767057,25357139
2019-11-27,15.45051066,15.53818695,15.34335075,15.47973609,9656398
2019-11-28,15.43102704,15.47973609,15.21670722,15.35309256,9039750
2019-11-29,15.32386713,15.54792876,15.18748179,15.4894779,12695883
2019-12-02,15.50896152,15.66483048,15.41154342,15.46025247,9586910
2019-12-03,15.3920598,15.73302315,15.33360894,15.6843141,15825118
2019-12-04,15.586896,15.82069944,15.53818695,15.7817322,16041709
2019-12-05,15.7817322,15.93760116,15.71353953,15.8791503,18318435
2019-12-06,15.83044125,15.89863392,15.6843141,15.83044125,11481073
2019-12-09,15.82069944,15.84018306,15.65508867,15.69405591,11085120
2019-12-10,15.70379772,15.73302315,15.44076885,15.56741238,14681627
2019-12-11,15.54792876,15.74276496,15.50896152,15.63560505,13583026
2019-12-12,15.57715419,15.61612143,15.46025247,15.49921971,10739915
2019-12-13,15.4894779,15.63560505,15.46999428,15.62586324,13819162
2019-12-16,15.73302315,16.20063003,15.70379772,16.10321193,34854072
2019-12-17,16.10321193,16.22011365,16.00579383,16.11295374,24124402
2019-12-18,16.22011365,16.34675718,16.01553564,16.01553564,20266390
2019-12-19,16.00579383,16.14217917,15.9765684,16.02527745,12911101
2019-12-20,15.99605202,16.04476107,15.73302315,15.7817322,16947485
2019-12-23,15.77199039,15.86940849,15.52844514,15.55767057,13181621
2019-12-24,15.55767057,15.82069944,15.55767057,15.76224858,10684413
2019-12-25,15.73302315,15.85966668,15.64534686,15.82069944,11417155
2019-12-26,15.81095763,15.86940849,15.73302315,15.84992487,8612994
2019-12-27,15.84992487,16.00579383,15.67457229,15.70379772,15838182
2019-12-30,15.69405591,15.94734297,15.4894779,15.91811754,13633316
2019-12-31,15.90837573,15.99605202,15.83044125,15.95708478,11699757
2020-01-02,16.02527745,16.33701537,15.98631021,16.11295374,25469457
2020-01-03,16.19088822,16.74617139,16.14217917,16.58056062,43572426
2020-01-06,16.8533313,17.06765112,16.49288433,16.63901148,35468021
2020-01-07,16.54159338,16.7559132,16.52210976,16.61952786,21669421
2020-01-08,16.74617139,17.07739293,16.53185157,16.77539682,36006520
2020-01-09,16.4636589,16.54159338,16.31753175,16.53185157,23931256
2020-01-10,16.52210976,16.60978605,16.34675718,16.39546623,14467358
2020-01-13,16.34675718,16.49288433,16.1714046,16.47340071,15690835
2020-01-14,16.51236795,16.77539682,16.43443347,16.4636589,24227224
2020-01-15,16.44417528,16.50262614,16.0739865,16.14217917,19531645
2020-01-16,16.21037184,16.60004424,16.18114641,16.19088822,22763244
2020-01-17,16.19088822,16.33701537,16.11295374,16.21037184,14260479
2020-01-20,16.22985546,16.64875329,16.22985546,16.51236795,22103730
2020-01-21,16.4636589,16.63901148,16.38572442,16.44417528,17362440
2020-01-22,16.35649899,16.60004424,16.09347012,16.50262614,17484734
2020-01-23,16.3662408,17.00920026,16.12269555,16.21037184,34465269
2020-02-03,14.59323138,14.7101331,14.59323138,14.59323138,21376100
2020-02-04,14.2230426,14.85626025,14.2230426,14.69064948,32611775
2020-02-05,14.612715,15.02187102,14.5152969,14.78806758,29162711
2020-02-06,14.76858396,15.18748179,14.65168224,15.08032188,26923608
2020-02-07,15.0998055,15.34335075,14.91471111,15.30438351,23621111
2020-02-10,15.12903093,15.42128523,15.11928912,15.35309256,18025628
2020-02-11,15.46999428,15.46999428,15.14851455,15.15825636,15739591
2020-02-12,15.0998055,15.31412532,15.04135464,15.28489989,17313684
2020-02-13,15.26541627,15.31412532,15.02187102,15.05109645,15538274
2020-02-14,14.98290378,15.16799817,14.98290378,15.05109645,14072024
2020-02-17,15.2946417,16.39546623,15.2946417,16.34675718,56489761
2020-02-18,16.55133519,16.80462225,16.24933908,16.3662408,53025831
2020-02-19,16.15192098,16.55133519,15.93760116,16.01553564,39670749
2020-02-20,16.03501926,16.1714046,15.77199039,16.11295374,33665584
2020-02-21,16.08372831,16.70720415,16.05450288,16.42469166,48095575
2020-02-24,16.27856451,16.55133519,16.18114641,16.33701537,30868007
2020-02-25,15.9765684,16.32727356,15.74276496,16.31753175,32915045
2020-02-26,16.08372831,17.64241791,16.06424469,16.7559132,87480693
2020-02-27,16.99945845,17.66190153,16.54159338,17.35016361,78683061
2020-02-28,16.7559132,17.30145456,16.561077,16.57081881,57376380
2020-03-02,16.82410587,18.10028298,16.59030243,17.78854506,70190143
2020-03-03,18.0223485,19.41542733,17.8275123,18.94782045,103699457
2020-03-04,18.7042752,19.81484154,18.53866443,18.94782045,73326758
2020-03-05,19.0939476,19.34723466,18.46072995,18.59711529,59215964
2020-03-06,18.38279547,18.56788986,18.13925022,18.19770108,40091808
2020-03-09,18.00286488,18.00286488,17.02868388,17.18455284,54941088
2020-03-10,17.20403646,18.06131574,17.12610198,17.90544678,52993179
2020-03-11,17.91518859,18.6068571,17.74957782,17.78854506,54794801
2020-03-12,17.4378399,17.96389764,17.3404218,17.6326761,29434065
2020-03-13,16.7559132,17.81777049,16.62926967,17.42809809,34447447
2020-03-16,17.535258,17.67164334,16.3662408,16.45391709,41357814
2020-03-17,16.76565501,16.99945845,16.15192098,16.6584951,28810282
2020-03-18,16.7559132,16.90204035,16.13243736,16.16166279,27224241
2020-03-19,16.21037184,16.70720415,16.09347012,16.6584951,31332579
2020-03-20,16.83384768,16.9507494,16.64875329,16.91178216,24297563
2020-03-23,16.4636589,16.61952786,16.24933908,16.30778994,19504499
2020-03-24,16.6584951,16.8533313,16.3662408,16.80462225,22933739
2020-03-25,17.09687655,17.18455284,16.83384768,17.0481675,21587425
2020-03-26,16.94100759,16.9507494,16.49288433,16.55133519,23811090
2020-03-27,16.73642958,16.77539682,16.45391709,16.45391709,15494718
2020-03-30,16.10321193,16.69746234,15.92785935,16.31753175,19927774
2020-03-31,16.31753175,16.3662408,15.2946417,15.45051066,36695412
2020-04-01,15.45051066,15.53818695,15.15825636,15.15825636,23216203
2020-04-02,15.0998055,15.46025247,15.05109645,15.46025247,15231493
2020-04-03,15.44076885,15.44076885,15.14851455,15.25567446,13101806
2020-04-07,15.4894779,15.85966668,15.46025247,15.77199039,21028932
2020-04-08,15.64534686,16.25908089,15.64534686,16.09347012,23657668
2020-04-09,16.41494985,16.62926967,16.19088822,16.22985546,22195860
2020-04-10,16.22011365,16.54159338,16.09347012,16.16166279,19017431
2020-04-13,16.02527745,16.16166279,15.82069944,16.04476107,11618738
2020-04-14,16.06424469,16.33701537,15.92785935,16.32727356,13055480
2020-04-15,16.38572442,16.38572442,15.9765684,15.99605202,13890088
2020-04-16,15.92785935,16.67797872,15.88889211,16.54159338,27107668
2020-04-17,16.561077,17.1455856,16.32727356,16.87281492,37389473
2020-04-20,16.84358949,17.03842569,16.60978605,17.03842569,21156939
2020-04-21,16.9507494,17.1455856,16.60004424,16.76565501,24353942
2020-04-22,16.59030243,16.90204035,16.51236795,16.70720415,16073362
2020-04-23,16.76565501,17.18455284,16.60978605,16.9507494,29131180
2020-04-24,16.91178216,16.97023302,16.38572442,16.59030243,21332978
2020-04-27,16.59030243,16.71694596,16.23959727,16.23959727,18123928
2020-04-28,16.35649899,16.45391709,15.70379772,16.34675718,22763246
2020-04-29,16.22011365,16.63901148,16.19088822,16.58056062,17486464
2020-04-30,16.60978605,17.27222913,16.49288433,17.16506922,29809202
2020-05-06,16.97997483,17.64241791,16.93126578,17.535258,29984596
2020-05-07,17.51577438,17.7300942,17.27222913,17.41835628,20992797
2020-05-08,17.42809809,17.65215972,17.32093818,17.45732352,18967871
2020-05-11,17.48654895,17.8275123,17.35990542,17.58396705,21915311
2020-05-12,17.535258,17.69112696,17.36964723,17.52551619,14768038
2020-05-13,17.54499981,17.62293429,17.31119637,17.49629076,13094535
2020-05-14,17.4378399,17.77880325,17.33067999,17.36964723,23768124
2020-05-15,17.38913085,17.44758171,17.16506922,17.25274551,16787371
2020-05-18,17.35990542,18.18795927,17.31119637,17.9249304,40482500
2020-05-19,17.9249304,17.97363945,17.68138515,17.83725411,20352664
2020-05-20,17.8275123,17.8275123,17.0481675,17.1455856,26058072
2020-05-21,17.46706533,17.46706533,16.92152397,16.97997483,16957819
2020-05-22,16.9507494,17.12610198,16.50262614,16.63901148,17872463
2020-05-25,16.68772053,16.79488044,16.40520804,16.52210976,14074375
2020-05-26,16.57081881,16.71694596,16.52210976,16.71694596,11865297
2020-05-27,16.73642958,16.9507494,16.6584951,16.8533313,16478349
2020-05-28,16.81436406,16.89229854,16.57081881,16.74617139,14347838
2020-05-29,16.78513863,16.82410587,16.60978605,16.7559132,9791258
2020-06-01,16.7559132,17.1455856,16.6584951,17.11636017,18833242
2020-06-02,17.0481675,17.48654895,16.99945845,17.3404218,19023007
2020-06-03,17.30145456,17.44758171,17.1455856,17.20403646,13435182
2020-06-04,17.27222913,17.27222913,16.9507494,16.96049121,15569710
2020-06-05,16.96049121,17.09687655,16.74617139,16.8533313,10807734
2020-06-08,16.90204035,17.21377827,16.86307311,16.92152397,11111340
2020-06-09,16.98971664,16.98971664,16.69746234,16.7559132,12409679
2020-06-10,16.7559132,16.84358949,16.55133519,16.73642958,16903620
2020-06-11,16.68772053,16.84358949,16.55133519,16.60004424,14510429
2020-06-12,16.4636589,16.561077,16.3662408,16.41494985,22339902
2020-06-15,16.3662408,16.45391709,16.1714046,16.1714046,16730329
2020-06-16,16.25908089,16.45391709,16.25908089,16.37598261,11943808
2020-06-17,16.59030243,16.99945845,16.55133519,16.68772053,24940650
2020-06-18,16.51236795,16.57081881,16.30778994,16.49288433,13730383
2020-06-19,16.49288433,16.60978605,16.43443347,16.53185157,11072692
2020-06-22,16.62015586,16.82619085,16.5809111,16.73789014,13116513
2020-06-23,16.82619085,17.49335177,16.64958943,17.42467344,35733257
2020-06-24,17.2676944,17.64051962,17.17939369,17.37561749,27255122
2020-06-29,17.54240772,17.5620301,17.11071536,17.22844964,16748203
2020-06-30,17.3658063,17.60127486,17.15977131,17.40505106,22338168
2020-07-01,17.44429582,18.0525896,17.1695825,17.96428889,32632955
2020-07-02,17.77787628,18.30768054,17.7582539,18.17032388,34719346
2020-07-03,18.19975745,18.49409315,18.00353365,18.09183436,27304000
2020-07-06,18.19975745,19.89709332,18.19975745,19.89709332,49628946
2020-07-07,20.76047804,21.88876489,20.05407236,21.30009349,95987400
2020-07-08,20.97632422,23.40949934,20.91745708,23.34082101,83164180
2020-07-09,23.67440147,24.95966736,22.82082794,23.38987696,88530973
2020-07-10,23.55666719,24.0374155,22.24196773,22.49705867,72597343
2020-07-13,22.22234535,23.0562965,22.15366702,22.94837341,52125363
2020-07-14,22.85026151,24.49854143,22.64422652,23.34082101,60135553
2020-07-15,23.3506322,23.6449679,22.44800272,22.6638489,39256495
2020-07-16,22.62460414,23.77251337,21.59442919,21.98687679,50993021
2020-07-17,22.0751775,23.30157625,21.94763203,22.64422652,47909219
2020-07-20,23.06610769,24.06684907,22.89931746,24.02760431,66560048
2020-07-21,24.1355274,24.18458335,21.96725441,22.32045725,73136011
2020-07-22,22.08498869,23.26233149,21.99668798,22.52649224,58543068
2020-07-23,23.00724055,23.4487441,22.0751775,23.04648531,67566510
2020-07-24,23.06610769,24.02760431,22.44800272,22.64422652,88930049
2020-07-27,22.54611462,22.85026151,21.63367395,21.95744322,47909165
2020-07-28,22.0751775,24.08647145,21.80046418,23.1544084,61672562
2020-07-29,22.97780698,23.63515671,22.565737,23.58610076,50991726
2020-07-30,23.58610076,24.4298631,23.12497483,23.49780005,52866598
2020-07-31,23.38987696,23.60572314,22.88950627,23.2525203,33561379
2020-08-03,23.55666719,25.57777233,23.3506322,25.54833876,87097932
2020-08-04,25.45022686,25.45022686,24.1355274,24.38080715,61385914
2020-08-05,24.20420573,25.42079329,24.11590502,24.80268832,54085050
2020-08-06,24.70457642,26.28417801,24.53778619,25.65626185,74021196
2020-08-07,25.4109821,26.05852064,24.34156239,25.39135972,66864103
2020-08-10,25.39135972,27.0788844,24.7241988,24.88117784,63455828
2020-08-11,24.58684214,25.37173734,24.12571621,24.20420573,47702363
2020-08-12,24.15514978,24.21401692,22.4676251,22.91893984,45091329
2020-08-13,22.93856222,23.70383504,22.79139437,23.29176506,30880578
2020-08-14,23.4487441,25.61701709,23.4487441,25.61701709,82571794
2020-08-17,25.9996535,27.25548582,25.39135972,26.8826606,102292445
2020-08-18,26.79435989,28.03056983,26.59813609,27.01020607,68670633
2020-08-19,26.81398227,27.77547889,26.23512206,26.490213,56323312
2020-08-20,26.9807725,26.99058369,25.40117091,25.58758352,50669347
2020-08-21,26.02908707,26.15663254,24.87136665,25.15589116,34989503
2020-08-24,25.22456949,26.04870945,25.07740164,25.27362544,29278465
2020-08-25,25.25400306,25.39135972,23.79213575,24.27288406,40240613
2020-08-26,24.3317512,24.6260869,23.28195387,23.45855529,29822745
2020-08-27,23.546856,23.76270218,22.96799579,23.73326861,22748085
2020-08-28,23.77251337,24.26307287,23.36044339,24.11590502,32491218
2020-08-31,24.41024072,24.56721976,23.7430798,23.7430798,35859774
2020-09-01,24.02760431,24.49854143,23.85100289,24.25326168,29430171
2020-09-02,24.527975,24.527975,23.61553433,23.83138051,24451294
2020-09-03,23.7430798,24.01779312,23.30157625,23.72345742,18927571
2020-09-04,23.28195387,23.72345742,23.21327554,23.38987696,13779227
2020-09-07,23.2525203,23.52723362,22.23215654,22.35970201,24277225
2020-09-08,22.63441533,22.7619608,22.2714013,22.70309366,15180241
2020-09-09,22.55592581,23.26233149,22.3695132,22.75214961,23977913
2020-09-10,22.93856222,22.96799579,21.67291871,21.76121942,22444734
2020-09-11,21.584618,21.79065299,21.01556898,21.54537324,22033750
2020-09-14,21.59442919,21.83970894,21.27065992,21.49631729,14286077
2020-09-15,21.53556205,21.95744322,21.4865061,21.73178585,14647080
2020-09-16,21.66310752,21.90838727,21.22160397,21.584618,10300885
2020-09-17,21.46688372,21.80046418,21.12349207,21.51593967,13111506
2020-09-18,21.61405157,22.02612155,21.51593967,22.02612155,19217113
2020-09-21,22.2714013,23.13478602,22.26159011,22.51668105,27915403
2020-09-22,22.08498869,22.34007963,21.94763203,22.08498869,14362616
2020-09-23,23.0562965,23.3506322,22.35970201,22.74233842,30291646
2020-09-24,22.51668105,22.85026151,21.85933132,21.88876489,17991011
2020-09-25,21.93782084,22.38913558,21.80046418,22.15366702,13524339
2020-09-28,22.11442226,22.15366702,21.50612848,21.56499562,10276204
2020-09-29,21.69254109,22.57554819,21.65329633,22.38913558,18053155
2020-09-30,22.44800272,22.63441533,22.11442226,22.58535938,15070111
2020-10-09,22.78158318,22.90912865,22.41856915,22.74233842,17386225
2020-10-12,22.96799579,25.0185345,22.91893984,25.0185345,60441833
2020-10-13,24.89098903,25.92116398,24.75363237,25.3128702,48352064
2020-10-14,25.56796114,26.04870945,25.20494711,25.37173734,32967698
2020-10-15,25.6072059,26.0977654,25.06759045,25.40117091,27662238
2020-10-16,25.61701709,25.7053178,24.43967429,24.67514285,29448014
2020-10-19,24.97928974,25.28343663,24.30231763,24.3317512,17545023
2020-10-20,24.50835262,24.57703095,24.0374155,24.55740857,16096829
2020-10-21,24.67514285,24.69476523,23.34082101,23.60572314,24351213
2020-10-22,23.59591195,23.7430798,23.16421959,23.62534552,15404195
2020-10-23,23.57628957,23.81175813,23.16421959,23.38006577,12965272
2020-10-26,23.32119863,23.60572314,22.67366009,23.43893291,11864365
2020-10-27,23.26233149,23.88043646,23.00724055,23.48798886,17454841
2020-10-28,23.36044339,23.38006577,22.74233842,23.24270911,14539481
2020-10-29,22.9581846,23.37025458,22.78158318,23.33100982,12727833
2020-10-30,23.72345742,24.67514285,23.59591195,23.75289099,35628516
2020-11-02,23.81175813,24.42005191,23.56647838,24.39061834,22285449
2020-11-03,24.46910786,25.26381425,24.19439454,25.1166464,27047589
2020-11-04,25.19513592,25.37173734,24.56721976,24.96947855,22245309
2020-11-05,24.96947855,25.30305901,24.34156239,24.77325475,20178920
2020-11-06,24.60646452,24.71438761,23.97854836,24.2336393,16619703
2020-11-09,23.99817074,24.527975,23.28195387,24.527975,30603087
2020-11-10,24.53778619,25.49928281,24.16496097,24.3317512,24353649
2020-11-11,24.19439454,25.46003805,24.04722669,24.66533166,29928362
2020-11-12,24.79287713,25.16570235,23.96873717,24.01779312,22052405
2020-11-13,24.02760431,26.42153467,23.87062527,25.9996535,79173839
2020-11-16,25.9996535,26.37247872,25.46003805,26.1958773,52264554
2020-11-17,26.1958773,26.24493325,24.55740857,24.89098903,42463417
2020-11-18,24.8223107,25.85248565,24.6260869,25.6072059,32404231
2020-11-19,25.40117091,28.16792649,25.26381425,28.16792649,94667988
2020-11-20,28.452451,29.86526236,28.20717125,29.7279057,110210745
2020-11-23,29.38451405,30.29695472,28.66829718,29.43357,88339588
2020-11-24,29.47281476,30.83657017,29.09998954,29.68866094,71870234
2020-11-25,29.61017142,30.26752115,28.78603146,28.78603146,71176103
2020-11-26,29.06074478,31.66071013,29.03131121,31.15052825,109517079
2020-11-27,30.71883589,32.6712627,29.97318545,30.16940925,121885736
2020-11-30,30.17922044,31.05241635,29.6297938,30.56185685,82021439
2020-12-01,30.414689,31.94523464,30.2184652,31.40561919,72521093
2020-12-02,31.44486395,32.93616483,31.08184992,31.9844794,70289734
2020-12-03,31.5920318,31.6901437,30.08110854,30.20865401,64480397
2020-12-04,29.98299664,30.84638136,29.34526929,30.50298971,52575670
2020-12-07,30.30676591,30.94449326,29.91431831,30.27733234,42661594
2020-12-08,30.27733234,30.68940232,29.8260176,30.08110854,35365854
2020-12-09,30.2184652,30.45393376,29.25696858,29.31583572,50046498
2020-12-10,29.32564691,30.01243021,29.09998954,29.67884975,40652001
2020-12-11,29.65922737,29.67884975,28.37396148,29.03131121,61908967
2020-12-14,29.03131121,29.90450712,28.58980766,29.60036023,41583720
2020-12-15,29.3354581,29.87507355,28.9430105,29.61017142,30391004
2020-12-16,29.38451405,30.72864708,28.87433217,30.07129735,43150159
2020-12-17,29.7279057,29.9241295,28.71735313,29.21772382,34181225
2020-12-18,29.43357,29.90450712,28.59961885,28.65848599,28404296
2020-12-21,28.452451,30.76789184,28.2562272,30.3165771,55918542
2020-12-22,30.36563305,31.27807372,29.90450712,29.9241295,49339950
2020-12-23,30.33619948,32.91654245,30.1203533,32.91654245,88491629
2020-12-24,32.8674865,34.68255665,32.06296892,32.48485009,90979987
2020-12-25,32.19051439,32.6712627,31.18977301,32.52409485,59631942
2020-12-28,32.52409485,33.30899005,31.69995489,32.38673819,44199922
2020-12-29,32.4750389,33.68181527,31.45467514,32.78899698,55853066
2020-12-30,32.17089201,34.96708116,32.02372416,34.17237477,57771561
2020-12-31,34.13313001,36.28178062,33.76030479,35.98744492,66440256
2021-01-04,36.7919625,39.05834739,36.1051792,37.92024935,75951823
2021-01-05,37.282522,38.98966906,36.51724918,36.97837511,70215269
2021-01-06,36.7919625,38.80325645,36.57611632,37.51799056,64680086
2021-01-07,37.05686463,39.30362714,36.7919625,38.8523124,68036817
2021-01-08,38.57759908,38.84250121,36.13461277,37.282522,56087819
2021-01-11,38.4598648,40.99115182,36.60554989,38.05760601,92895665
2021-01-12,37.88100459,39.4409838,37.56704651,39.19570405,79769134
2021-01-13,39.09759215,40.11795591,37.69459198,38.263641,80045200
2021-01-14,37.25308843,37.25308843,34.4372769,34.4372769,85661876
2021-01-15,33.4561579,34.62368951,32.34749343,33.5542698,59956423
2021-01-18,33.74068241,34.68255665,33.60332575,34.31954262,42427013
2021-01-19,33.78973836,34.31954262,33.36785719,33.71124884,33211028
2021-01-20,33.7504936,34.60406713,33.57389218,34.38822095,35646071
2021-01-21,34.15275239,34.8297245,33.77992717,34.31954262,45730719
2021-01-22,34.07426287,35.07500425,33.92709502,34.81010212,41573649
2021-01-25,34.93764759,37.03724225,34.7316126,36.34064776,65230916
2021-01-26,35.7127316,35.7127316,32.71050746,32.71050746,65937903
2021-01-27,31.99429059,33.11276625,31.68033251,32.33768224,32065582
2021-01-28,31.83731155,32.79880817,31.48410871,31.84712274,26885976
2021-01-29,31.9844794,32.46522771,29.31583572,30.53242328,48687457
2021-02-01,30.68940232,31.4939199,30.414689,31.05241635,25765348
2021-02-02,31.11128349,32.56333961,31.0033604,32.21013677,37222692
2021-02-03,32.28862629,32.70069627,31.51354228,31.6901437,25927546
2021-02-04,31.47429752,32.34749343,30.78751422,31.07203873,24650562
2021-02-05,31.46448633,31.76863322,29.96337426,30.08110854,21359309
2021-02-08,30.09091973,30.59129042,29.5316819,30.22827639,21827602
2021-02-09,30.42450019,32.0825913,30.03205259,31.63127656,40641104
2021-02-10,31.64108775,31.64108775,30.3165771,31.04260516,30206683
2021-02-18,31.48410871,31.93542345,30.81694779,31.4939199,25368573
2021-02-19,31.27807372,32.03353535,31.1014723,31.71957727,23503056
2021-02-22,31.45467514,31.65089894,30.29695472,30.29695472,30502851
2021-02-23,29.97318545,32.11202487,29.76715046,31.68033251,39325366
2021-02-24,31.84712274,32.52409485,30.8071366,31.54297585,29631772
2021-02-25,31.61165418,33.04408792,31.13090587,32.40636057,38010190
2021-02-26,31.5920318,32.32787105,30.96411564,31.07203873,27538809
2021-03-01,31.16033944,31.82750036,30.7090247,31.81768917,19709872
2021-03-02,33.09314387,34.09388525,32.376927,33.4561579,47798376
2021-03-03,32.78899698,33.89766145,32.58296199,33.7504936,35073196
2021-03-04,33.358046,35.07500425,32.9655984,34.42746571,51178969
2021-03-05,34.00558454,34.40784333,32.09240249,33.1618222,38384432
2021-03-08,32.8674865,32.9655984,29.84563998,29.84563998,55272736
2021-03-09,28.99206645,29.02150002,26.86303822,26.86303822,57477546
2021-03-10,26.490213,27.02982845,25.42079329,25.89173041,41504645
2021-03-11,25.88191922,26.32342277,25.1166464,26.0977654,28859859
2021-03-12,26.01927588,26.01927588,25.02834569,25.6072059,25741510
2021-03-15,25.509094,25.9996535,25.1166464,25.32268139,21073850
2021-03-16,25.47966043,25.58758352,24.69476523,24.83212189,21922213
2021-03-17,24.88117784,25.28343663,24.78306594,25.07740164,17579832
2021-03-18,24.97928974,25.6072059,24.91061141,25.15589116,18740421
2021-03-19,24.8223107,25.8034297,24.40042953,25.14607997,32660426
2021-03-22,24.7241988,25.25400306,24.44948548,24.94985617,17625802
2021-03-23,24.86155546,25.12645759,24.20420573,24.36118477,20270649
2021-03-24,24.31212882,24.60646452,23.48798886,23.6449679,22182239
2021-03-25,23.55666719,24.10609383,23.45855529,23.85100289,14602194
2021-03-26,23.96873717,24.38080715,23.92949241,24.29250644,14894268
2021-03-29,24.54759738,25.02834569,24.38080715,24.527975,19975061
2021-03-30,24.0374155,25.66607304,23.91968122,25.13626878,40016907
2021-03-31,24.7241988,24.7241988,23.55666719,23.80194694,29045411
2021-04-01,23.90987003,24.21401692,23.82156932,24.1355274,12929874
2021-04-02,24.07666026,24.40042953,23.76270218,24.04722669,14648718
2021-04-06,24.06684907,24.81249951,24.06684907,24.7241988,17901319
2021-04-07,24.60646452,24.79287713,24.39061834,24.65552047,12424084
2021-04-08,24.6260869,24.94004498,24.36118477,24.4298631,12171028
2021-04-09,24.38080715,24.78306594,24.02760431,24.04722669,14308971
2021-04-12,24.05703788,24.18458335,23.07591888,23.24270911,15834834
2021-04-13,23.07591888,23.46836648,22.99742936,23.2525203,9535102
2021-04-14,23.10535245,23.72345742,23.08573007,23.62534552,9663639
2021-04-15,23.71364623,23.89024765,23.49780005,23.69402385,8689542
2021-04-16,23.83138051,24.01779312,23.63515671,23.88043646,9336662
2021-04-19,23.79213575,24.41024072,23.546856,24.35137358,14703526
2021-04-20,24.31212882,25.05777926,24.18458335,24.81249951,26083868
2021-04-21,24.70457642,24.79287713,24.26307287,24.50835262,15064725
2021-04-22,24.68495404,24.90080022,24.44948548,24.56721976,13250499
2021-04-23,24.4298631,24.77325475,24.3317512,24.63589809,13957662
2021-04-26,24.68495404,25.16570235,24.59665333,24.6260869,18616330
2021-04-27,24.43967429,24.50835262,23.86081408,24.10609383,12892911
2021-04-28,24.10609383,24.8223107,24.00798193,24.70457642,15144765
2021-04-29,24.8223107,25.38154853,24.73400999,25.2147583,22858207
2021-04-30,25.2147583,25.2147583,23.34082101,23.59591195,38210189
2021-05-06,23.43893291,25.0185345,23.2525203,24.35137358,23627359
2021-05-07,24.35137358,24.45929667,23.69402385,23.73326861,15020845
2021-05-10,23.53704481,23.546856,22.73252723,22.87969508,24231574
2021-05-11,22.88950627,24.37099596,22.88950627,23.97854836,26016865
2021-05-12,23.6449679,23.90987003,23.37025458,23.66459028,12371597
2021-05-13,23.48798886,24.3317512,23.42912172,23.78232456,17212842
2021-05-14,23.79213575,25.39135972,23.69402385,25.1166464,42946637
2021-05-17,25.71512899,25.88191922,24.9204226,25.02834569,28962288
2021-05-18,24.87136665,26.490213,24.87136665,26.00946469,37523267
2021-05-19,25.96040874,26.20568849,25.65626185,25.85248565,25062180
2021-05-20,25.85248565,26.46077943,25.56796114,25.62682828,27050108
2021-05-21,25.7053178,25.77399613,24.83212189,24.87136665,24054362
2021-05-24,24.87136665,25.14607997,24.73400999,24.95966736,18290157
2021-05-25,24.96947855,26.54908014,24.75363237,26.52945776,52132740
2021-05-26,26.56870252,27.42227605,26.2939892,26.41172348,44397109
2021-05-27,26.32342277,26.7845487,26.17625492,26.47059062,23003784
2021-05-28,26.3921011,26.83360465,26.10757659,26.53926895,26940415
2021-05-31,26.55889133,27.471332,26.37247872,27.39284248,38671113
2021-06-01,27.3732201,27.38303129,26.73549275,26.9807725,31817236
2021-06-02,26.99058369,27.34378653,26.02908707,26.16644373,36976472
2021-06-03,26.0977654,26.33323396,25.7053178,25.72494018,25754428
2021-06-04,25.72494018,26.3921011,25.69550661,26.13701016,22490611
2021-06-07,26.14682135,26.93171655,26.00946469,26.24493325,31760769
2021-06-08,26.2939892,26.73549275,25.9015416,26.67662561,31173481
2021-06-09,26.93171655,27.32416415,26.48040181,26.79435989,31723942
2021-06-10,26.7845487,26.9807725,26.490213,26.84341584,25720782
2021-06-11,26.86303822,26.93171655,25.3128702,25.51890519,40185165
2021-06-15,25.38154853,25.76418494,25.06759045,25.2147583,19744706
2021-06-16,25.23438068,25.46984924,24.36118477,24.7241988,24402513
2021-06-17,24.83212189,25.14607997,24.15514978,24.50835262,22724288
2021-06-18,24.4298631,25.30305901,24.24345049,24.96947855,24419601
2021-06-21,25.1166464,26.14682135,25.1166464,26.13701016,34351939
2021-06-22,26.48040181,26.48040181,25.7053178,26.01927588,28377054
2021-06-23,26.02908707,26.490213,25.9996535,26.16644373,31754126
2021-06-24,26.1762886,26.51087274,25.585846,25.6842531,29135358
2021-06-25,25.4874389,26.42230635,25.08396979,26.32389925,34189246
2021-06-28,26.58959842,26.83561617,26.0778815,26.67816481,33142591
2021-06-29,26.54039487,27.17020031,25.73345665,25.75313807,35350339
2021-06-30,25.6842531,25.89090801,25.34966896,25.86138588,21042845
2021-07-01,26.01883724,26.16644789,24.4049608,24.48368648,35123645
2021-07-02,24.47384577,24.47384577,23.10598708,23.43073051,39195276
2021-07-05,23.33232341,23.80467749,23.3224827,23.58818187,15085114
2021-07-06,23.52913761,23.72595181,23.27327915,23.617704,15909746
2021-07-07,23.4208898,24.51320861,23.28311986,24.24750944,29890501
2021-07-08,24.1097395,25.36935038,23.98181027,24.72970423,45761294
2021-07-09,24.601775,24.94619985,24.2081466,24.46400506,30014340
2021-07-12,24.47384577,24.93635914,24.22782802,24.54273074,26108321
2021-07-13,24.5033679,24.87731488,24.09005808,24.18846518,24636524
2021-07-14,24.09989879,24.22782802,23.49961548,23.5192969,26144988
2021-07-15,23.44057122,23.87356246,23.08630566,23.52913761,22096640
2021-07-16,23.52913761,25.8810673,23.33232341,25.8810673,96152695
2021-07-19,26.54039487,27.00290824,26.0778815,26.4715099,93405886
2021-07-20,26.30421783,27.42605877,25.8810673,26.95370469,55892802
2021-07-21,27.09147463,27.41621806,26.6683241,27.27844812,58155884
2021-07-22,26.9635454,27.04227108,26.43214706,26.8651383,50419234
2021-07-23,26.7667312,28.96120953,26.13692576,27.67207652,93418082
2021-07-26,27.6523951,28.7348732,26.81593475,26.84545688,114051468
2021-07-27,26.85529759,28.6364661,26.569917,27.3571738,114757402
2021-07-28,26.8651383,27.41621806,25.03476624,26.26485499,66523708
2021-07-29,26.59943913,27.81968717,26.40262493,27.62287297,63710374
2021-07-30,27.41621806,28.7348732,27.12099676,28.6364661,75263003
2021-08-02,28.78407675,31.50011271,28.37076693,31.46074987,120496523
2021-08-03,31.40170561,31.60836052,30.1125726,30.48651958,84084373
2021-08-04,30.506201,31.73628975,30.506201,31.38202419,61137948
2021-08-05,31.37218348,34.52121068,30.9982365,33.63554678,111351569
2021-08-06,32.9663785,33.7536353,32.3759359,32.9663785,73737396
2021-08-09,33.2615998,34.09806015,32.3759359,32.66131649,62187820
2021-08-10,32.19880312,34.92467979,32.0807146,33.94060879,98781949
2021-08-11,33.458414,34.43264429,33.2615998,33.59618394,46869784
2021-08-12,33.31080335,33.59618394,31.32297993,31.48043129,83628100
2021-08-13,31.48043129,32.01182963,30.506201,31.20489141,56764218
2021-08-16,31.10648431,31.66740478,30.85062585,31.34266135,36366485
2021-08-17,31.490272,31.82485614,30.2109797,30.65381165,55562516
2021-08-18,30.66365236,31.63788265,30.1125726,31.31313922,57553408
2021-08-19,30.9982365,32.19880312,30.81126301,31.71660833,62192460
2021-08-20,31.66740478,32.1791217,30.97855508,31.47059058,68688653
2021-08-23,31.73628975,33.62570607,31.56899768,33.48793613,89998988
2021-08-24,32.01182963,32.66131649,30.8014223,32.09055531,93516457
2021-08-25,32.10039602,32.64163507,30.98839579,31.50011271,46407891
2021-08-26,31.25409496,31.92326324,30.2109797,30.51604171,48342592
2021-08-27,30.48651958,30.58492668,28.92184669,29.50244858,55246407
2021-08-30,29.86655485,32.0807146,29.79766988,30.35859035,76051291
2021-08-31,30.75221875,31.12616573,29.61069639,29.74846633,62084689
2021-09-01,30.2109797,30.42747532,28.1444306,29.4237229,51083196
2021-09-02,29.29579367,29.90591769,29.03993521,29.6205371,32304041
2021-09-03,29.3253158,29.66974065,28.00666066,28.46917403,44191451
2021-09-06,28.4396519,29.2269087,28.13458989,29.04977592,35001447
2021-09-07,28.85296172,29.90591769,28.84312101,29.33515651,37019677
2021-09-08,29.33515651,29.52213,28.85296172,29.27611225,24758238
2021-09-09,29.1285016,32.20864383,28.86280243,32.20864383,80434490
2021-09-10,32.66131649,34.10790086,31.63788265,32.88765282,110100305
2021-09-13,32.84828998,34.07837873,32.35625448,33.40921045,73149751
2021-09-14,33.34032548,35.28878606,32.92701566,33.11398915,73462541
2021-09-15,32.474343,33.68475033,31.9823075,33.48793613,58425060
2021-09-16,33.34032548,33.8520424,32.39561732,32.46450229,48207909
2021-09-17,32.88765282,33.22223696,29.75830704,31.2934578,66524708
2021-09-22,30.69317449,32.30705093,30.506201,31.70676762,36945561
2021-09-23,31.92326324,34.87547624,31.40170561,34.40312216,101936543
2021-09-24,34.10790086,34.49168855,33.3600069,33.98981234,69047086
2021-09-27,33.0647856,33.458414,30.67349307,32.2775288,112522762
2021-09-28,32.05119247,33.50761755,31.7854933,32.95653779,68169326
2021-09-29,32.43498016,32.7695643,30.44715674,30.76205946,51832261
2021-09-30,30.8998294,31.70676762,30.44715674,30.53572313,37638505
2021-10-08,30.54556384,30.58492668,29.0300945,29.33515651,38707892
2021-10-11,29.52213,30.93919224,29.20722728,29.64021852,46427839
2021-10-12,29.21706799,29.31547509,28.19363415,28.2428377,39379067
2021-10-13,27.553988,28.07554563,26.65848339,27.74096149,41290816
2021-10-14,27.553988,28.6364661,27.53430658,27.98697924,30474118
2021-10-15,27.99681995,28.48885545,27.64255439,27.86889072,22892268
2021-10-18,28.1444306,28.77423604,28.1444306,28.35108551,29857107
2021-10-19,28.2428377,28.71519178,27.87873143,28.56758113,23447463
2021-10-20,28.54789971,29.57133355,28.3412448,29.46308574,35807581
2021-10-21,29.16786444,29.46308574,28.71519178,29.45324503,23201291
2021-10-22,29.31547509,29.68942207,29.14818302,29.40404148,19066069
2021-10-25,29.40404148,30.16177615,29.23674941,29.63037781,28035375
2021-10-26,29.41388219,29.90591769,28.95136882,29.24659012,23863461
2021-10-27,29.66974065,29.98464337,28.79391746,29.24659012,26863128
2021-10-28,29.01041308,29.50244858,28.2428377,28.40028906,24850830
2021-10-29,28.61678468,29.96496195,28.3412448,29.82719201,48020992
2021-11-01,30.31922751,31.31313922,29.76814775,30.94903295,48905388
2021-11-02,31.30329851,32.1791217,30.91951082,31.47059058,53390005
2021-11-03,31.00807721,31.52963484,30.42747532,31.31313922,35393570
2021-11-04,31.2934578,32.33657306,31.02775863,32.1791217,43082020
2021-11-05,32.06103318,32.62195365,31.72644904,31.72644904,32201602
2021-11-08,31.490272,32.18896241,31.37218348,32.02167034,23719165
2021-11-09,31.81501543,33.78315743,31.7854933,32.88765282,44307614
2021-11-10,33.0647856,33.89140524,32.6711572,33.0647856,37295833
2021-11-11,32.9663785,33.5568211,32.74988288,33.28128122,30455394
2021-11-12,32.9663785,34.71802488,32.9663785,34.442485,61016757
2021-11-15,34.442485,35.87922866,34.40312216,35.47575955,68743514
2021-11-16,35.0329276,35.51512239,32.9663785,33.02542276,70356171
2021-11-17,33.2615998,34.75738772,32.31689164,34.12758228,56135400
2021-11-18,33.97013092,37.37501658,33.6552282,36.5090341,79255468
2021-11-19,36.7058483,36.75505185,36.03668002,36.45983055,43111295
2021-11-22,36.47951197,37.25692806,35.67257375,36.81409611,47416363
2021-11-23,36.81409611,37.08963599,36.1154057,36.96170676,29181468
2021-11-24,37.04043244,38.0835477,36.08588357,36.25317564,39652432
2021-11-25,36.0169986,37.0994767,35.94811363,36.10556499,25863271
2021-11-26,35.86938795,37.81784853,35.8201844,36.78457398,44621332
2021-11-29,36.65664475,39.32347716,36.51887481,38.36892829,52951542
2021-11-30,38.31972474,39.6580613,38.09338841,38.55590178,47514511
2021-12-01,38.378769,38.8708045,37.71944143,38.76255669,28825926
2021-12-02,38.72319385,38.86096379,38.10322912,38.31972474,25261659
2021-12-03,38.378769,40.0516897,38.2803619,39.19554793,31948928
2021-12-06,39.20538864,39.60885775,37.89657421,38.62478675,28439907
2021-12-07,38.38860971,38.90032663,35.48560026,36.18429067,67510336
2021-12-08,36.17444996,36.77473327,35.6233702,36.44014913,44138902
2021-12-09,36.2138128,36.52871552,35.0329276,35.78082156,41513417
2021-12-10,35.73161801,36.48935268,35.27894535,35.68241446,31984802
2021-12-13,35.37735245,36.410627,34.79675056,35.83002511,40068413
2021-12-14,35.5249631,37.31597232,35.51512239,36.47951197,43381176
2021-12-15,36.26301635,36.71568901,35.97763576,36.0169986,23589870
2021-12-16,36.0169986,36.67632617,35.8201844,36.25317564,20764096
2021-12-17,36.19413138,36.48935268,35.1313347,35.23958251,24996178
2021-12-20,34.94436121,35.54464452,33.78315743,33.83236098,33389483
2021-12-21,34.2456708,34.68850275,33.44857329,34.29487435,26913928
2021-12-22,34.0488566,35.21990109,33.80283885,34.80659127,26895456
2021-12-23,34.71802488,35.2297418,34.21614867,34.90499837,23709396
2021-12-24,34.68850275,35.21006038,34.27519293,34.65898062,18916297
2021-12-27,34.5408921,35.10181257,34.30471506,34.88531695,16245742
2021-12-28,34.88531695,35.02308689,34.0488566,34.17678583,21386815
2021-12-29,34.20630796,35.17069754,34.15710441,34.48184784,25900137
2021-12-30,34.2456708,36.29253848,34.10790086,35.81034369,42816394
2021-12-31,35.81034369,36.2138128,35.6233702,35.9185915,25832439
2022-01-04,36.10556499,37.63087504,35.92843221,37.13883954,45326979
2022-01-05,37.1978838,37.36517587,33.99965305,34.3440779,50806764
2022-01-06,34.1472637,34.5408921,32.1791217,33.64538749,35051187
2022-01-07,33.6552282,34.0488566,32.1791217,32.32673235,31714461
2022-01-10,32.02167034,32.56290939,31.1950507,31.5886791,34954160
2022-01-11,31.77565259,31.87405969,29.92559911,30.16177615,43694434
2022-01-12,30.17161686,31.14584715,30.17161686,30.73253733,32444252
2022-01-13,30.74237804,30.81126301,29.44340432,29.8173513,31537993
2022-01-14,29.66974065,30.28970538,29.60085568,29.74846633,21336082
2022-01-17,29.79766988,30.63413023,29.64021852,30.52588242,23496710
2022-01-18,30.38811248,30.97855508,30.25034254,30.63413023,24390927
2022-01-19,30.62428952,30.62428952,28.87264314,29.52213,31505274
2022-01-20,29.54181142,29.61069639,28.71519178,28.80375817,22182695
2022-01-21,28.1444306,28.1444306,26.69784623,27.08163392,69156176
2022-01-24,27.09147463,27.81968717,26.77657191,27.70159865,32999840
2022-01-25,27.83936859,28.33140409,27.01274895,27.01274895,24433331
2022-01-26,27.20956315,27.36701451,26.3731028,26.80609404,21100605
2022-01-27,26.81593475,26.95370469,26.11724434,26.14676647,17683839
2022-01-28,26.34358067,26.63880197,25.86138588,25.98931511,28715134
2022-02-07,26.4715099,26.53055416,25.98931511,26.12708505,16385116
2022-02-08,26.2746957,26.78641262,25.60552742,26.74704978,31747376
2022-02-09,26.59943913,27.58351013,26.54039487,27.36701451,33854748
2022-02-10,27.39653664,27.70159865,27.11115605,27.3571738,19582221
2022-02-11,27.33749238,27.33749238,26.43214706,26.53055416,23781212
2022-02-14,26.56007629,27.71143936,26.46166919,27.21940386,36307890
2022-02-15,27.22924457,27.9476164,27.1603596,27.80000575,28870759
2022-02-16,27.4555809,27.59335084,27.2587667,27.56382871,17563461
2022-02-17,27.39653664,28.1444306,27.19972244,28.06570492,28912314
2022-02-18,27.8492093,28.09522705,27.6523951,28.08538634,17107243
2022-02-21,28.22315628,28.36092622,27.68191723,28.01650137,17442171
2022-02-22,28.25267841,28.57742184,27.48510303,27.77048362,23171889
2022-02-23,27.70159865,29.55165213,27.57366942,29.54181142,42365937
2022-02-24,29.52213,31.48043129,29.3253158,30.27002396,63076092
2022-02-25,29.7189442,30.45699745,29.30563438,30.07320976,30961479
2022-02-28,30.506201,30.9982365,29.86655485,30.02400621,25683289
2022-03-01,30.16177615,32.09055531,30.1125726,31.79533401,54727614
2022-03-02,31.81501543,31.89374111,31.07696218,31.47059058,27137333
2022-03-03,31.1950507,31.3918649,30.35859035,30.506201,24732234
2022-03-04,30.27986467,30.9982365,29.2269087,29.7189442,33100559
2022-03-07,30.06336905,30.73253733,29.27611225,29.83703272,33207548
2022-03-08,29.52213,30.92935153,29.47292645,29.67958136,36955837
2022-03-09,29.8173513,30.14209473,26.70768694,28.41012977,52001891
2022-03-10,28.78407675,29.90591769,28.78407675,29.34499722,32200662
2022-03-11,29.02025379,29.2269087,27.99681995,28.68566965,39495285
2022-03-14,28.41997048,29.8173513,28.1444306,28.538059,26520199
2022-03-15,28.1444306,28.86280243,27.13083747,27.17020031,27267623
2022-03-16,27.6523951,28.54789971,26.13692576,28.2428377,37307476
2022-03-17,28.50853687,29.21706799,28.12474918,28.52821829,28905808
2022-03-18,28.25267841,28.69551036,27.7508022,28.55774042,20827082
2022-03-21,28.56758113,28.89232456,28.32156338,28.44949261,23079538
2022-03-22,29.47292645,29.70910349,27.82952788,28.15427131,26754892
2022-03-23,27.80000575,29.74846633,27.70159865,29.05961663,42889675
2022-03-24,28.6364661,28.91200598,28.09522705,28.16411202,23344280
2022-03-25,28.16411202,29.16786444,28.05586421,28.50853687,27364987
2022-03-28,28.21331557,28.6364661,27.6523951,28.20347486,22839485
2022-03-29,29.40404148,30.27986467,28.57742184,29.29579367,59748889
2022-03-30,29.28595296,29.8173513,28.85296172,29.48276716,29840337
2022-03-31,29.3253158,29.43356361,28.27235983,28.33140409,24740643
2022-04-01,28.15427131,28.59710326,27.70159865,27.82952788,22570527
2022-04-06,27.8492093,27.87873143,26.38294351,26.58959842,31253362
2022-04-07,26.40262493,27.11115605,26.22549215,26.32389925,20905978
2022-04-08,26.18612931,26.39278422,25.34966896,25.59568671,30678036
2022-04-11,25.59568671,25.59568671,24.2081466,24.39512009,28894717
2022-04-12,24.23766873,24.75922636,23.39136767,24.61161571,32642606
2022-04-13,24.26719086,24.47384577,23.9129253,24.05069524,17070821
2022-04-14,24.14910234,24.38527938,23.60786329,24.29671299,18592830
2022-04-15,24.05069524,24.7001821,23.54881903,24.52304932,22745558
2022-04-18,24.19830589,25.32998754,24.09989879,25.23158044,28305336
2022-04-19,25.1922176,25.63504955,24.97572198,25.49727961,17632154
2022-04-20,25.46775748,25.49727961,24.64113784,24.81827062,14058324
2022-04-21,24.61161571,25.0938105,23.83419962,23.95228814,15787653
2022-04-22,23.57834116,23.87356246,23.1256685,23.3224827,17601675
2022-04-25,23.11582779,23.11582779,20.99023443,20.99023443,36475508
2022-04-26,20.665491,20.665491,18.8941632,18.8941632,65070809
2022-04-27,18.2053135,20.44899538,18.2053135,20.06520769,50983022
2022-04-28,19.88807491,20.74421668,19.5830129,20.06520769,30498966
2022-04-29,20.3702697,21.60035845,20.14393337,21.42322567,39213012
2022-05-05,21.63972129,23.27327915,21.31497786,22.48602235,38107511
2022-05-06,21.75780981,22.76156223,21.649562,22.51554448,31344944
2022-05-09,22.40729667,23.86372175,22.40729667,23.60786329,33358557
2022-05-10,23.3224827,23.89324388,23.20439418,23.56850045,23456312
2022-05-11,24.601775,24.92651843,23.4208898,23.52913761,35633132
2022-05-12,23.30280128,24.33607583,23.30280128,23.88340317,21673964
2022-05-13,23.8145182,24.19830589,23.62754471,23.96212885,18350617
2022-05-16,24.97572198,24.97572198,23.89324388,24.1097395,28920956
2022-05-17,23.96212885,24.8969963,23.53897832,24.71986352,27922354
2022-05-18,24.71002281,25.56616458,24.42464222,24.95604056,27184516
2022-05-19,24.58209358,25.34966896,24.36559796,25.00524411,22494714
2022-05-20,25.03476624,25.37919109,24.78874849,25.1922176,20642696
2022-05-23,24.7985892,25.0938105,24.31639441,24.92651843,21499859
2022-05-24,24.88715559,25.55632387,23.8145182,23.95228814,32556220
2022-05-25,24.00149169,24.49352719,24.00149169,24.41480151,15323447
2022-05-26,24.41480151,25.66457168,24.34591654,25.21189902,39988202
2022-05-27,25.63504955,25.92043014,24.96588127,25.17253618,26855982
2022-05-30,25.20205831,25.45791677,24.71986352,25.20205831,22522232
2022-05-31,24.96588127,25.71377523,24.95604056,25.585846,21644077
2022-06-01,25.57600529,26.57975771,25.53664245,26.51087274,38078197
2022-06-02,26.1762886,27.1603596,26.12708505,26.91434185,30129870
2022-06-06,26.7667312,27.8492093,26.68800552,27.60319155,36755573
2022-06-07,27.46542161,29.09897947,27.43589948,28.85296172,57002118
2022-06-08,28.8332803,28.8332803,27.52446587,28.20347486,33038102
2022-06-09,27.89841285,28.20347486,27.12099676,27.20956315,28043189
2022-06-10,27.21940386,28.87264314,27.21940386,28.8332803,40065164
2022-06-13,28.58726255,28.97105024,27.96729782,28.15427131,33427650
2022-06-14,27.62287297,27.93777569,27.14067818,27.88857214,22308591
2022-06-15,28.3412448,29.09897947,28.0460235,28.0460235,28188342
2022-06-16,28.0460235,28.58726255,27.74096149,28.0460235,16152313
2022-06-17,27.63271368,28.19363415,27.28828883,28.05586421,21235855
2022-06-20,28.1444306,28.61678468,27.57366942,28.1444306,18337024
2022-06-21,28.19363415,28.3412448,26.91434185,27.2587667,23795789
2022-06-22,27.2587667,27.52446587,26.53055416,26.99306753,17441909
2022-06-23,27.04243,28.6708975,26.6772585,28.6116805,37359025
2022-06-24,28.81894,30.299365,28.62155,29.6085,39745585
2022-06-27,29.569022,29.8354985,28.897896,29.41111,27686005
2022-06-28,29.9539325,31.898224,29.9539325,30.8619265,53185562
2022-06-29,30.694145,31.700834,30.1513225,30.3289735,35494441
2022-06-30,30.3289735,30.7632315,29.588761,29.8947155,49704229
2022-07-01,29.845368,30.338843,29.01633,29.391371,30448505
2022-07-04,29.786151,30.654667,29.0656775,29.884846,35294499
2022-07-05,29.8947155,30.79284,28.9867215,30.6250585,41796798
2022-07-06,30.082236,30.6842755,29.430849,29.865107,36077257
2022-07-07,30.082236,31.404749,29.8947155,31.0790555,53060569
2022-07-08,31.009969,31.286315,30.4079295,30.931013,27187376
2022-07-11,30.9014045,31.18762,29.628239,30.8619265,29669256
2022-07-12,30.6842755,31.621878,29.9539325,30.023019,35660980
2022-07-13,29.963802,30.457277,29.5196745,29.7565425,20525465
2022-07-14,29.6085,31.286315,29.6085,31.2567065,36452009
2022-07-15,31.088925,31.5824,30.674406,30.733623,24155999
2022-07-18,30.79284,31.0198385,29.8947155,30.891535,20379206
2022-07-19,30.753362,31.7304425,30.6447975,31.18762,30481650
2022-07-20,31.38501,33.220737,31.2961845,33.220737,59121174
2022-07-21,33.240476,33.2503455,31.97718,32.56935,43999550
2022-07-22,32.549611,33.319432,31.937702,32.312743,31723427
2022-07-25,32.9739995,33.1121725,30.891535,31.246837,42628978
2022-07-26,31.167881,31.6120085,30.516494,31.246837,25881705
2022-07-27,31.246837,31.8686155,30.911274,31.2764455,24765209
2022-07-28,31.2961845,32.075875,30.99023,31.996919,26668748
2022-07-29,31.9475715,31.9475715,30.496755,30.7434925,30107579
2022-08-01,31.088925,31.38501,30.6842755,30.773101,20168431
2022-08-02,31.3751405,31.5725305,29.647978,30.0526275,32969658
2022-08-03,30.1908005,31.937702,29.667717,30.7040145,53341021
2022-08-04,30.832318,30.8816655,29.9144545,30.3289735,30928767
2022-08-05,30.161192,30.5855805,29.509805,30.4474075,30722101
2022-08-08,30.3881905,31.8291375,30.082236,31.5922695,36879718
2022-08-09,31.681095,32.332482,31.207359,31.97718,30604686
2022-08-10,31.878485,32.4410465,31.3356625,31.5330525,27502440
2022-08-11,31.286315,31.878485,31.0198385,31.602139,27762878
2022-08-12,31.444227,31.661356,30.812579,30.99023,22349983
2022-08-15,30.6053195,31.325793,30.59545,30.8224485,15575159
2022-08-16,30.812579,31.108664,30.378321,30.6842755,16634768
2022-08-17,30.496755,30.79284,30.1118445,30.6842755,15939372
2022-08-18,30.6842755,30.871796,30.1908005,30.79284,17963229
2022-08-19,30.6447975,30.8224485,29.944063,29.983541,17199665
2022-08-22,29.825629,30.279626,29.6381085,29.983541,13911612
2022-08-23,29.9539325,30.20067,29.3222845,29.6085,18304934
2022-08-24,29.450588,29.588761,27.713556,27.812251,34844284
2022-08-25,27.792512,28.3748125,26.943735,27.693817,34656866
2022-08-26,27.7036865,27.83199,27.3878625,27.4668185,19077152
2022-08-29,27.0720385,28.128075,26.746345,27.8418595,18161070
2022-08-30,28.345204,28.700506,27.535905,27.6346,23760210
2022-08-31,27.5457745,27.9405545,27.0917775,27.575383,21710088
2022-09-01,27.358254,27.7036865,26.9141265,27.062169,18484312
2022-09-02,27.0522995,27.338515,26.529216,26.9141265,21298546
2022-09-05,26.84504,27.575383,26.746345,27.1115165,20372996
2022-09-06,27.3878625,29.687456,27.3483845,29.075547,66976993
2022-09-07,28.8288095,29.9341935,28.720245,29.5986305,32366971
2022-09-08,29.569022,30.9014045,29.529544,30.6645365,43614398
2022-09-09,30.7237535,31.3356625,30.20067,30.575711,30240021
2022-09-13,30.99023,31.5725305,30.299365,31.3751405,41747775
2022-09-14,31.0987945,31.6712255,30.773101,30.9408825,30672606
2022-09-15,31.0395775,31.088925,29.9341935,30.338843,28583558
2022-09-16,30.3487125,31.148142,30.1710615,30.1908005,27475945
2022-09-19,30.042758,30.5461025,29.292676,29.766412,23810848
2022-09-20,30.0526275,30.20067,29.529544,29.7170645,18505093
2022-09-21,29.687456,30.536233,29.115025,30.121714,27607591
2022-09-22,29.8947155,30.5855805,29.4012405,29.4407185,40260789
2022-09-23,29.3222845,30.694145,28.897896,29.3025455,49149155
2022-09-26,28.7103755,29.0064605,27.792512,27.8813375,43857836
2022-09-27,27.910946,28.582072,27.910946,28.187292,28344995
2022-09-28,28.147814,28.62155,26.8943875,26.923996,23137266
2022-09-29,27.5260355,27.792512,26.943735,27.338515,23590030
2022-09-30,27.3878625,27.3878625,25.6607,25.7297865,31720942
2022-10-10,26.213392,26.45026,25.2955285,25.522527,25133632
2022-10-11,25.5521355,25.601483,24.8217925,24.9402265,21461799
2022-10-12,24.969835,25.186964,23.943407,25.186964,28212258
2022-10-13,24.9994435,25.917307,24.851401,25.4534405,24894523
2022-10-14,25.6607,26.351565,25.364615,26.0258715,26766570
2022-10-17,26.035741,27.0128215,26.0258715,26.5588245,33680071
2022-10-18,26.588433,26.687128,26.2232615,26.4009125,19512069
2022-10-19,26.2430005,26.983213,26.173914,26.410782,21828505
2022-10-20,26.351565,26.6377805,25.8482205,26.1048275,25756317
2022-10-21,26.173914,26.5785635,25.85809,26.0258715,15536055
2022-10-24,26.548955,28.2958565,26.331826,27.456949,65830203
2022-10-25,27.417471,28.3550735,27.1904725,27.753034,39327423
2022-10-26,27.7629035,28.8485485,27.23982,28.3550735,46813515
2022-10-27,28.167553,28.42416,27.6346,28.108336,26405407
2022-10-28,27.812251,28.2958565,27.2102115,27.43721,22737919
2022-10-31,26.64765,27.338515,24.9007485,26.8549095,75752869
2022-11-01,26.7759535,27.081908,25.85809,26.430521,45574320
2022-11-02,26.3614345,27.8615985,26.0850885,27.121386,42504846
2022-11-03,26.943735,27.6642085,26.785823,27.3286455,26490603
2022-11-04,27.43721,27.9602935,27.220081,27.9405545,26960129
2022-11-07,27.989902,28.325465,27.2891675,27.5260355,32297252
2022-11-08,27.5852525,27.8418595,27.23982,27.476688,21489186
2022-11-09,28.128075,28.22677,26.963474,26.9733435,27449496
2022-11-10,26.6575195,26.726606,25.6903085,25.897568,31590472
2022-11-11,26.3614345,26.4009125,25.7100475,26.1640445,26602557
2022-11-14,26.0258715,26.64765,25.6607,25.838351,26546334
2022-11-15,25.6607,26.608172,25.581744,26.1837835,24641455
2022-11-16,26.351565,26.963474,26.154175,26.3022175,31819236
2022-11-17,26.4996075,26.84504,25.838351,26.8351705,30546663
2022-11-18,26.6772585,26.7956925,25.85809,25.937046,27925626
2022-11-21,25.779134,26.312087,25.5916135,26.1443055,14608798
2022-11-22,26.0456105,26.687128,25.779134,26.1640445,27427103
2022-11-23,26.173914,26.3022175,25.7297865,26.3022175,16077549
2022-11-24,26.25287,26.371304,25.5916135,25.719917,19823963
2022-11-25,25.7297865,25.8284815,25.1376165,25.26592,18681775
2022-11-28,24.7625755,25.818612,24.6836195,25.6310915,22991303
2022-11-29,26.1443055,26.6969975,25.9074375,26.351565,36935880
2022-11-30,27.0128215,27.299037,26.371304,26.410782,33686007
2022-12-01,26.45026,26.766084,26.45026,26.5983025,20707080
2022-12-02,26.45026,26.6180415,26.233131,26.2824785,13308926
2022-12-05,26.351565,26.943735,26.2430005,26.7562145,24193437
2022-12-06,26.7562145,27.04243,26.4798685,27.0325605,23284616
2022-12-07,26.766084,26.9141265,26.1443055,26.5983025,25051467
2022-12-08,26.5390855,26.5983025,26.1837835,26.272609,10906753
2022-12-09,26.351565,26.6969975,25.8482205,25.9469155,19948227
2022-12-12,25.8087425,26.2232615,25.4139625,26.0061325,17815979
2022-12-13,25.9074375,26.1048275,25.384354,25.5126575,15697058
2022-12-14,25.46331,25.8087425,25.4534405,25.6705695,9910500
2022-12-15,25.5521355,25.739656,25.4731795,25.6508305,8154206
2022-12-16,25.46331,25.542266,25.1573555,25.2757895,10106176
2022-12-19,25.3152675,25.443571,24.7823145,24.950096,8485879
2022-12-20,24.792184,25.226442,24.575055,24.8612705,12870864
2022-12-21,24.8217925,24.9994435,24.456621,24.6046635,9130342
2022-12-22,24.7230975,24.7625755,23.29202,23.7953645,31429592
2022-12-23,23.588105,23.805234,23.351237,23.5190185,9997704
2022-12-26,23.7953645,24.259231,23.647322,24.160536,17204679
2022-12-27,24.160536,24.357926,23.8151035,24.1901445,11833126
2022-12-28,24.200014,24.377665,23.7756255,23.8545815,11174048
2022-12-29,23.805234,25.522527,23.706539,24.8020535,33069179
2022-12-30,24.7230975,25.285659,24.7230975,25.1178775,15612160
2023-01-03,25.108008,25.5126575,24.8020535,25.364615,18125900
2023-01-04,25.2363115,25.423832,24.969835,25.2560505,13677951
2023-01-05,25.2165725,25.502788,25.186964,25.404093,11799958
2023-01-06,25.3152675,25.601483,25.2165725,25.423832,13696021
2023-01-09,25.364615,25.4139625,24.27897,24.4467515,33739153
2023-01-10,24.47636,24.594794,23.9927545,24.1704055,18047547
2023-01-11,24.2098835,24.555316,23.844712,23.9927545,20298892
2023-01-12,24.6638805,24.67375,23.943407,24.042102,22896007
2023-01-13,24.042102,24.2296225,23.8348425,24.1111885,15126343
2023-01-16,24.180275,24.594794,24.1309275,24.456621,29310781
2023-01-17,24.5454465,25.06853,24.3283175,24.6638805,23642474
2023-01-18,24.6638805,24.8415315,24.5454465,24.693489,12724885
2023-01-19,24.5059685,25.1968335,24.5059685,25.1178775,17830233
2023-01-20,25.1178775,25.562005,25.06853,25.384354,18991435
2023-01-30,25.680439,26.529216,25.680439,26.1837835,34560282
2023-01-31,26.193653,26.5193465,25.9863935,26.4996075,29256063
2023-02-01,26.548955,26.7759535,26.2627395,26.7167365,25832807
2023-02-02,26.805562,26.9141265,25.9469155,26.094958,29200087
2023-02-03,26.094958,26.45026,25.877829,26.351565,21247045
2023-02-06,26.3219565,26.4798685,26.016002,26.1640445,15265392
2023-02-07,26.1640445,26.4601295,25.9271765,26.114697,15262186
2023-02-08,26.173914,26.25287,25.759395,25.818612,12191421
2023-02-09,25.838351,26.4206515,25.3547455,26.3416955,19781466
2023-02-10,26.193653,26.4009125,25.8876985,26.035741,14307842
2023-02-13,26.05548,26.391043,26.05548,26.114697,19152578
2023-02-14,25.8876985,26.114697,25.700178,25.937046,14230566
2023-02-15,25.897568,26.2430005,25.779134,26.1640445,15862058
2023-02-16,26.05548,26.272609,25.46331,25.700178,20249543
2023-02-17,25.700178,25.9074375,25.0981385,25.226442,19621487
2023-02-20,25.167225,25.404093,24.772445,25.3350065,20021242
2023-02-21,25.285659,26.154175,25.26592,25.7692645,22688390
2023-02-22,25.640961,25.996263,25.502788,25.700178,15120959
2023-02-23,25.739656,25.8679595,25.4337015,25.5126575,13917835
2023-02-24,25.562005,26.4009125,25.562005,26.05548,38016080
2023-02-27,25.956785,26.25287,25.5916135,25.7297865,23984692
2023-02-28,25.739656,25.937046,25.562005,25.937046,12423451
2023-03-01,25.897568,26.1048275,25.7100475,26.0456105,14929100
2023-03-02,25.976524,26.351565,25.779134,25.877829,21254288
2023-03-03,25.85809,27.4273405,25.7100475,27.2891675,72140000
2023-03-06,27.6839475,27.989902,27.0522995,27.4865575,55936050
2023-03-07,27.417471,27.5655135,26.4996075,26.5983025,32316984
2023-03-08,26.4601295,27.299037,26.3614345,27.0720385,27601201
2023-03-09,27.0522995,27.2102115,26.4996075,26.64765,21399527
2023-03-10,26.430521,26.864779,26.154175,26.272609,22704863
2023-03-13,26.114697,26.588433,26.0653495,26.5588245,18746878
2023-03-14,26.331826,26.608172,25.7495255,26.2430005,18279822
2023-03-15,26.1837835,26.312087,25.85809,26.0653495,18539906
2023-03-16,25.8087425,26.0061325,25.0783995,25.1178775,21207415
2023-03-17,25.2757895,25.5126575,25.1968335,25.285659,12382150
2023-03-20,25.2955285,25.502788,24.67375,25.186964,12667410
2023-03-21,25.85809,26.9141265,25.838351,26.430521,41973669
2023-03-22,26.4403905,26.469999,25.937046,26.016002,20678741
2023-03-23,25.9074375,26.213392,25.85809,26.1837835,15549254
2023-03-24,25.996263,26.1443055,25.9074375,26.05548,11979210
2023-03-27,26.0653495,26.0653495,25.4731795,25.5916135,16563443
2023-03-28,25.5323965,25.937046,25.3942235,25.4929185,13228354
2023-03-29,25.483049,25.502788,25.06853,25.1178775,14734811
2023-03-30,25.1178775,25.344876,24.890879,25.2955285,15070723
2023-03-31,25.1968335,25.443571,25.147486,25.3942235,10091164
2023-04-03,25.285659,25.8876985,25.285659,25.85809,20006801
2023-04-04,25.7297865,25.798873,25.3152675,25.6705695,15041402
2023-04-06,25.601483,26.588433,25.4534405,26.4996075,30345908
2023-04-07,26.627911,26.7562145,26.134436,26.25287,19147812
2023-04-10,26.351565,26.6180415,26.05548,26.173914,17059085
2023-04-11,25.9863935,26.2035225,25.562005,25.976524,14697079
2023-04-12,25.85809,26.075219,25.6903085,25.956785,10816885
2023-04-13,25.838351,25.9074375,25.4534405,25.5323965,12506084
2023-04-14,25.4534405,25.640961,25.404093,25.640961,9261083
2023-04-17,25.542266,26.193653,25.4534405,26.1640445,19040472
2023-04-18,26.25287,26.529216,25.640961,26.035741,26433145
2023-04-19,25.9074375,26.1048275,25.4731795,25.522527,18812298
2023-04-20,25.46331,25.5323965,24.989574,25.1573555,17520458
2023-04-21,25.088269,25.700178,25.088269,25.206703,20586958
2023-04-24,25.167225,25.167225,24.2493615,24.436882,20833941
2023-04-25,24.4467515,24.594794,23.8545815,24.0914495,13672820
2023-04-26,23.982885,24.4862295,23.923668,24.2296225,11481441
2023-04-27,24.1506665,25.1573555,24.0914495,25.0586605,21661408
2023-04-28,24.9204875,25.621222,24.9204875,25.562005,15979873
2023-05-04,25.384354,25.7692645,25.06853,25.167225,13952429
2023-05-05,25.167225,25.2757895,24.87114,24.969835,14266396
2023-05-08,25.009313,25.917307,24.989574,25.8876985,22413099
2023-05-09,25.976524,26.5983025,25.5323965,25.601483,30855024
2023-05-10,25.384354,25.562005,24.8810095,25.2955285,18259114
2023-05-11,25.3152675,25.3152675,24.87114,24.890879,13883124
2023-05-12,24.87114,24.989574,24.417143,24.496099,11795147
2023-05-15,24.3480565,25.167225,24.27897,25.06853,15028711
2023-05-16,25.009313,25.127747,24.7230975,24.792184,11883489
2023-05-17,24.6836195,25.719917,24.6046635,25.621222,27312586
2023-05-18,25.5718745,25.601483,25.186964,25.3744845,13226233
2023-05-19,25.2165725,25.739656,25.167225,25.404093,14214030
2023-05-22,25.26592,25.6508305,25.246181,25.3942235,10690980
2023-05-23,25.3152675,25.5323965,24.969835,24.969835,9976950
2023-05-24,24.87114,25.1968335,24.594794,24.634272,11955064
2023-05-25,24.5059685,24.87114,24.377665,24.732967,12667627
2023-05-26,24.772445,24.8415315,24.3677955,24.831662,9970226
2023-05-29,25.838351,25.838351,24.851401,24.890879,27923974
2023-05-30,24.752706,24.8217925,24.1309275,24.456621,21077275
2023-05-31,24.436882,24.9007485,24.27897,24.5454465,19895216
2023-06-01,24.3677955,24.5849245,24.0914495,24.397404,16029502
2023-06-02,24.3677955,24.5257075,24.259231,24.4467515,12401638
2023-06-05,24.456621,24.5257075,24.08158,24.200014,15005448
2023-06-06,24.140797,24.160536,23.7361475,23.8151035,12707058
2023-06-07,23.7361475,23.805234,22.838023,23.311759,18845529
2023-06-08,23.2229335,23.3611065,23.09463,23.193325,11598788
2023-06-09,23.2031945,23.4203235,23.09463,23.410454,10860154
2023-06-12,23.410454,23.4203235,23.074891,23.09463,13271205
2023-06-13,23.0452825,23.114369,22.798545,23.0255435,11809406
2023-06-14,23.0452825,23.0452825,22.69985,22.69985,15108860
2023-06-15,22.69985,23.1834555,22.364287,23.153847,21209782
2023-06-16,23.1439775,23.4992795,23.09463,23.449932,16985730
2023-06-19,23.449932,23.6177135,23.331498,23.449932,12401677
2023-06-20,23.390715,23.88419,23.3413675,23.765756,20925532
2023-06-21,23.6966695,23.8348425,23.5190185,23.548627,11909195
2023-06-26,23.4598015,23.982885,23.3413675,23.6571915,17264183
2023-06-27,23.607844,23.982885,23.588105,23.864451,12589855
2023-06-28,23.88419,24.7033585,23.6868,24.515838,31830804
2023-06-29,24.54555903,25.63559193,24.4761933,25.48695108,43627545
2023-06-30,25.48695108,26.63644032,25.45722291,26.50761825,58907968
2023-07-03,26.41843374,26.755353,26.14097082,26.58689337,38524464
2023-07-04,26.5571652,26.755353,26.33915862,26.39861496,23565442
2023-07-05,26.39861496,26.43825252,25.98242058,26.01214875,21048155
2023-07-06,26.14097082,26.18060838,25.63559193,25.72477644,15422155
2023-07-07,25.8635079,26.10133326,25.55631681,25.87341729,15407907
2023-07-10,25.8635079,26.22024594,25.71486705,25.95269241,11742640
2023-07-11,25.8635079,26.41843374,25.81396095,26.04187692,11942030
2023-07-12,26.05178631,26.21033655,25.59595437,25.73468583,12627097
2023-07-13,25.73468583,25.93287363,25.49686047,25.61577315,11849543
2023-07-14,25.6653201,25.91305485,25.54640742,25.61577315,9867747
2023-07-17,25.64550132,26.10133326,25.52658864,25.68513888,10920401
2023-07-18,25.64550132,26.3589774,25.54640742,25.8635079,17436622
2023-07-19,25.82387034,26.1607896,25.70495766,25.764414,9291560
2023-07-20,25.72477644,25.8635079,25.18966938,25.30858206,13292521
2023-07-21,25.30858206,25.42749474,25.10048487,25.21939755,9192130
2023-07-24,25.12030365,25.60586376,25.09057548,25.3680384,8312852
2023-07-25,25.52658864,25.60586376,25.1698506,25.52658864,9868212
2023-07-26,25.42749474,25.69504827,25.34821962,25.39776657,8915433
2023-07-27,25.4671323,25.9626018,25.2689445,25.35812901,12954164
2023-07-28,25.1698506,25.38785718,24.9716628,25.35812901,14632699
2023-07-31,25.45722291,25.58604498,25.2689445,25.51667925,14728358
2023-08-01,25.48695108,25.53649803,25.13021304,25.30858206,10859326
2023-08-02,25.15003182,25.51667925,24.79329378,24.91220646,11508812
2023-08-03,24.90229707,25.09057548,24.80320317,25.09057548,5945717
2023-08-04,25.12030365,25.40767596,24.90229707,25.09057548,10190126
2023-08-07,25.1698506,25.1698506,24.58519659,25.03111914,13024015
2023-08-08,25.01130036,25.11039426,24.773475,24.89238768,7954241
2023-08-09,24.80320317,24.96175341,24.79329378,24.94193463,5556840
2023-08-10,24.94193463,25.11039426,24.76356561,24.83293134,7095042
2023-08-11,24.85275012,24.94193463,24.38700879,24.41673696,8960315
2023-08-14,24.30773367,24.64465293,24.23836794,24.58519659,7573664
2023-08-15,24.53564964,24.71401866,24.15909282,24.2780055,6297301
2023-08-16,24.2780055,24.44646513,24.01045197,24.05008953,5765247
2023-08-17,23.9807238,25.24912572,23.81226417,25.09057548,19309557
2023-08-18,24.99148158,25.31849145,24.75365622,24.75365622,12921324
2023-08-21,24.91220646,24.9716628,24.1789116,24.19873038,11391464
2023-08-22,24.23836794,24.71401866,24.09963648,24.49601208,9693400
2023-08-23,24.3770994,24.4761933,23.84199234,23.8816299,8513948
2023-08-24,23.8816299,24.19873038,23.6834421,23.85190173,7353153
2023-08-25,23.74289844,24.03027075,23.5843482,23.71317027,8143521
2023-08-28,24.773475,25.0707567,23.92126746,23.9807238,18331981
2023-08-29,23.99063319,24.32755245,23.5843482,23.74289844,31754518
2023-08-30,23.782536,23.96090502,23.51498247,23.5843482,17523340
2023-08-31,23.54471064,23.55462003,23.01951297,23.16815382,21331867
2023-09-01,23.16815382,23.31679467,23.03933175,23.30688528,12153524
2023-09-04,23.36634162,23.52489186,23.33661345,23.49516369,12978094
2023-09-05,23.53480125,23.54471064,22.9897848,23.09878809,16967162
2023-09-06,23.06905992,24.05999892,22.96005663,23.91135807,26053324
2023-09-07,23.72307966,23.9807238,23.43570735,23.44561674,16894916
2023-09-08,23.3861604,24.18882099,23.30688528,23.90144868,22642654
2023-09-11,23.79244539,23.8816299,23.1879726,23.50507308,21313460
2023-09-12,23.3861604,23.62398576,23.24742894,23.53480125,13864790
2023-09-13,23.4852543,23.61407637,23.23751955,23.35643223,13200450
2023-09-14,23.53480125,23.5843482,23.23751955,23.53480125,10738730
2023-09-15,23.53480125,23.93117685,23.47534491,23.83208295,19102377
2023-09-18,23.782536,23.782536,23.24742894,23.33661345,19077108
2023-09-19,23.33661345,23.37625101,23.11860687,23.13842565,8611713
2023-09-20,23.13842565,23.19788199,22.61322798,22.67268432,15423451
2023-09-21,22.67268432,22.90060029,22.54386225,22.61322798,10764471
2023-09-22,22.52404347,22.82132517,22.44476835,22.72223127,14074254
2023-09-25,22.66277493,22.75195944,22.15739604,22.18712421,19113734
2023-09-26,22.0979397,22.27630872,22.03848336,22.20694299,10781843
2023-09-27,22.20694299,22.37540262,22.0979397,22.20694299,9765704
2023-09-28,22.25648994,22.57359042,22.21685238,22.50422469,12224983
2023-10-09,22.4943153,22.791597,22.41504018,22.6925031,13461781
2023-10-10,22.6925031,22.81141578,22.43485896,22.63304676,9960931
2023-10-11,22.65286554,22.6925031,22.07812092,22.20694299,13591030
2023-10-12,22.22676177,22.5934092,22.20694299,22.47449652,11593100
2023-10-13,22.35558384,22.37540262,21.49346691,21.800658,18237754
2023-10-16,21.76102044,22.02857397,21.58265142,21.71147349,12805201
2023-10-17,21.7015641,21.7015641,21.41419179,21.6024702,9773640
2023-10-18,21.6024702,21.71147349,21.35473545,21.55292325,9577472
2023-10-19,21.46373874,21.64210776,21.33491667,21.34482606,8962297
2023-10-20,21.2060946,21.34482606,20.98808802,21.01781619,9579906
2023-10-23,21.0079068,21.52319508,20.88899412,21.11691009,15001068
2023-10-24,21.16645704,21.63219837,21.04754436,21.58265142,13725514
2023-10-25,21.58265142,22.21685238,21.58265142,21.8997519,16630023
2023-10-26,21.8997519,22.05830214,21.68174532,21.97902702,9037258
2023-10-27,21.85020495,22.17721482,21.85020495,22.0979397,9653755
2023-10-30,21.91957068,22.41504018,21.91957068,22.28621811,10099218
2023-10-31,22.24658055,22.35558384,21.8997519,22.05830214,10409117
2023-11-01,22.05830214,22.16730543,21.76102044,21.84029556,7409201
2023-11-02,21.84029556,21.91957068,21.42410118,21.43401057,10801324
2023-11-03,21.44391996,21.7015641,21.41419179,21.63219837,9012567
2023-11-06,21.71147349,22.02857397,21.71147349,22.01866458,9547608
2023-11-07,21.94929885,21.9988458,21.79074861,21.92948007,7775412
2023-11-08,21.91957068,22.11775848,21.81056739,22.01866458,9236300
2023-11-09,21.8997519,22.08803031,21.85020495,21.95920824,6424451
2023-11-10,21.83038617,22.0979397,21.82047678,22.07812092,8761877
2023-11-13,22.08803031,22.6925031,21.87993312,22.63304676,19793795
2023-11-14,22.5934092,22.97987541,22.51413408,22.78168761,17379832
2023-11-15,22.80150639,22.92041907,22.61322798,22.68259371,9373128
2023-11-16,22.78168761,22.83123456,22.55377164,22.55377164,7730790
2023-11-17,22.55377164,22.61322798,22.32585567,22.44476835,7853425
2023-11-20,22.44476835,22.95014724,22.34567445,22.86096273,14651740
2023-11-21,22.86096273,22.86096273,22.55377164,22.5934092,9245124
2023-11-22,22.4943153,22.54386225,22.31594628,22.35558384,6597737
2023-11-23,22.38531201,22.47449652,22.24658055,22.41504018,5308725
2023-11-24,22.43485896,22.46458713,22.04839275,22.12766787,6191428
2023-11-27,22.04839275,22.23667116,21.91957068,22.17721482,8176976
2023-11-28,22.11775848,22.1970336,21.93938946,22.04839275,5755173
2023-11-29,22.01866458,22.20694299,21.72138288,21.97902702,9122180
2023-11-30,21.97902702,22.08803031,21.54301386,21.68174532,8112218
2023-12-01,21.7015641,21.83038617,21.6024702,21.76102044,5212063
2023-12-04,21.75111105,22.08803031,21.72138288,21.95920824,6523907
2023-12-05,21.91957068,21.94929885,21.34482606,21.35473545,7588400
2023-12-06,21.25564155,21.88984251,21.22591338,21.78083922,11120151
2023-12-07,21.73129227,21.81056739,21.4042824,21.51328569,6959701
2023-12-08,21.5033763,21.6024702,21.11691009,21.12681948,10826618
2023-12-11,21.1070007,21.58265142,20.93854107,21.57274203,9634504
2023-12-12,21.55292325,21.98893641,21.51328569,21.78083922,9046655
2023-12-13,21.79074861,22.13757726,21.58265142,21.59256081,8390435
2023-12-14,21.58265142,21.76102044,21.26555094,21.3051885,6718381
2023-12-15,21.33491667,21.44391996,21.02772558,21.07727253,6797550
2023-12-18,21.1070007,21.19618521,20.6115312,20.63134998,9207551
2023-12-19,20.74035327,20.93854107,20.57189364,20.86917534,6222701
2023-12-20,20.84935656,20.92863168,20.17551804,20.2151556,9409661
2023-12-21,20.09624292,20.43316218,19.92778329,20.3142495,9300551
2023-12-22,20.39352462,21.75111105,20.35388706,21.64210776,34855152
2023-12-25,21.88984251,22.42494957,21.7015641,22.2961275,27909670
2023-12-26,22.13757726,22.28621811,21.7015641,22.05830214,18776902
2023-12-27,21.85020495,22.03848336,21.68174532,21.82047678,10779132
2023-12-28,21.77092983,22.12766787,21.61237959,22.01866458,14113374
2023-12-29,21.94929885,22.3952214,21.86011434,22.16730543,16666843
2024-01-02,22.16730543,22.83123456,22.03848336,22.21685238,22581238
2024-01-03,22.18712421,22.18712421,21.61237959,21.8997519,11965720
2024-01-04,21.87993312,21.98893641,21.23582277,21.39437301,12729100
2024-01-05,21.37455423,21.42410118,20.59171242,20.69080632,13473080
2024-01-08,20.53225608,20.66107815,19.93769268,19.99714902,15013643
2024-01-09,19.99714902,20.19533682,19.72959549,19.81878,19838969
2024-01-10,19.81878,19.95751146,19.46204196,19.60077342,11190906
2024-01-11,19.6205922,19.92778329,19.55122647,19.87823634,11128972
2024-01-12,19.81878,19.98723963,19.77914244,19.83859878,9391180
2024-01-15,19.7196861,19.72959549,19.0260288,19.06566636,19515161
2024-01-16,19.0260288,19.27376355,18.70892832,19.2242166,15280086
2024-01-17,19.21430721,19.38276684,18.97648185,19.00621002,13550107
2024-01-18,18.86747856,19.48186074,18.4314654,19.4224044,17747292
2024-01-19,19.28367294,19.39267623,19.0260288,19.18457904,9656738
2024-01-22,18.95666307,19.46204196,18.65938137,18.827841,17598939
2024-01-23,18.7287471,19.28367294,18.71883771,19.11521331,12499713
2024-01-24,19.17466965,19.55122647,18.827841,19.54131708,14355526
2024-01-25,19.55122647,20.33406828,19.4224044,20.33406828,24845355
2024-01-26,20.32415889,20.45298096,20.12597109,20.37370584,14859451
2024-01-29,20.37370584,20.58180303,20.06651475,20.1160617,11905218
2024-01-30,20.0169678,20.33406828,19.80887061,19.93769268,11868153
2024-01-31,19.83859878,19.89805512,18.93684429,19.11521331,15678283
2024-02-01,18.827841,19.49177013,18.6296532,19.11521331,12055411
2024-02-02,19.0260288,19.3233105,17.68826115,18.55037808,18150479
2024-02-05,18.42155601,18.65938137,17.18288226,18.11436492,18469003
2024-02-06,17.836902,19.31340111,17.78735505,19.30349172,15663621
2024-02-07,19.17466965,19.83859878,19.15485087,19.68004854,22061838
2024-02-08,19.73950488,20.12597109,19.51158891,19.90796451,19407244
2024-02-19,20.2151556,20.27461194,19.83859878,20.1160617,15547192
2024-02-20,20.07642414,20.08633353,19.72959549,20.00705841,10608888
2024-02-21,19.84850817,20.55207486,19.73950488,20.2151556,15941563
2024-02-22,20.27461194,20.39352462,20.1160617,20.27461194,12310877
2024-02-23,20.3142495,20.58180303,20.04669597,20.35388706,13158406
2024-02-26,20.35388706,20.67098754,20.17551804,20.44307157,13975332
2024-02-27,20.27461194,20.6115312,20.26470255,20.6115312,12096888
2024-02-28,20.62144059,20.87908473,20.07642414,20.07642414,18655637
2024-02-29,19.86832695,20.64125937,19.83859878,20.64125937,15154497
2024-03-01,20.6115312,21.17636643,20.55207486,21.17636643,20111560
2024-03-04,21.14663826,21.24573216,20.92863168,21.09709131,12414795
2024-03-05,21.0079068,21.86011434,20.93854107,21.42410118,23861787
2024-03-06,21.3051885,21.76102044,21.15654765,21.54301386,16918719
2024-03-07,21.5033763,21.62228898,20.96826924,20.97817863,13215040
2024-03-08,21.0079068,21.24573216,20.84935656,21.04754436,9400482
2024-03-11,21.06736314,21.86011434,20.83944717,21.65201715,19958537
2024-03-12,21.85020495,22.15739604,21.7015641,22.02857397,23481549
2024-03-13,22.11775848,22.67268432,21.90966129,22.1970336,26091909
2024-03-14,22.17721482,22.25648994,21.5033763,21.65201715,17118508
2024-03-15,21.5033763,21.8997519,21.5033763,21.79074861,11577511
2024-03-18,21.90966129,22.41504018,21.8997519,22.34567445,19891814
2024-03-19,22.22676177,22.75195944,22.16730543,22.31594628,18052165
2024-03-20,22.17721482,22.45467774,22.07812092,22.14748665,12821730
2024-03-21,22.14748665,22.36549323,21.94929885,22.17721482,13862546
2024-03-22,22.01866458,22.17721482,21.52319508,21.61237959,13737918
2024-03-25,21.61237959,21.8997519,21.35473545,21.35473545,11154254
2024-03-26,21.32500728,21.5033763,21.08718192,21.38446362,9747502
2024-03-27,21.38446362,21.45382935,20.69080632,20.7106251,11943473
2024-03-28,20.7106251,21.4042824,20.70071571,21.3051885,13072351
2024-03-29,21.15654765,21.51328569,21.07727253,21.44391996,12404337
2024-04-01,21.45382935,21.74120166,21.45382935,21.64210776,11220615
2024-04-02,21.66192654,21.68174532,20.93854107,21.16645704,17640298
2024-04-03,21.1070007,21.11691009,20.60162181,20.7106251,13607591
2024-04-08,20.7106251,20.82953778,20.50252791,20.5124373,10258743
2024-04-09,20.46289035,20.68089693,20.3142495,20.60162181,8304227
2024-04-10,20.60162181,20.6115312,19.95751146,20.10615231,10141122
2024-04-11,20.05660536,20.22506499,19.94760207,20.04669597,7523731
2024-04-12,20.04669597,20.13588048,19.81878,19.87823634,8305832
2024-04-15,20.0169678,20.76017205,19.94760207,20.50252791,17278215
2024-04-16,20.5124373,20.67098754,19.99714902,20.02687719,13333256
2024-04-17,20.0169678,20.49261852,20.00705841,20.48270913,11147236
2024-04-18,20.48270913,20.95835985,20.32415889,20.76017205,16429817
2024-04-19,20.6115312,21.35473545,20.56198425,21.16645704,19405921
2024-04-22,20.98808802,21.8997519,20.9088129,21.7015641,27582805
2024-04-23,21.61237959,21.64210776,21.2060946,21.32500728,14638782
2024-04-24,21.28536972,21.78083922,21.28536972,21.78083922,17806394
2024-04-25,21.75111105,21.83038617,21.45382935,21.66192654,13725725
2024-04-26,21.66192654,22.01866458,21.52319508,21.75111105,16437763
2024-04-29,21.98893641,22.42494957,21.8997519,22.28621811,22008330
2024-04-30,22.28621811,22.83123456,22.10784909,22.11775848,23207512
2024-05-06,22.4943153,22.4943153,22.01866458,22.11775848,13969603
2024-05-07,22.10784909,23.56452942,21.94929885,23.27715711,44903767
2024-05-08,23.0888787,23.21770077,22.86096273,22.99969419,20957980
2024-05-09,22.93032846,24.26809611,22.92041907,24.22845855,45185594
2024-05-10,24.22845855,24.6743811,23.77262661,24.0798177,34138203
2024-05-13,23.80235478,24.74374683,23.51498247,24.2780055,32388041
2024-05-14,24.2780055,24.2780055,23.81226417,24.16900221,18143740
2024-05-15,23.93117685,24.25818672,23.6834421,23.77262661,16168201
2024-05-16,23.69335149,24.3770994,23.57443881,23.6834421,18191630
2024-05-17,23.5843482,24.04018014,23.43570735,24.00054258,17661145
2024-05-20,23.9807238,25.03111914,23.86181112,24.71401866,31100910
2024-05-21,24.48610269,25.02120975,24.45637452,24.50592147,18875174
2024-05-22,24.48610269,24.56537781,23.99063319,24.21854916,13599868
2024-05-23,24.34737123,24.38700879,23.5843482,23.80235478,17680414
2024-05-24,23.66362332,23.782536,23.25733833,23.33661345,11845555
2024-05-27,23.36634162,23.5843482,23.06905992,23.57443881,13468407
2024-05-28,23.4852543,24.10954587,23.33661345,23.91135807,17533046
2024-05-29,23.782536,24.0798177,23.59425759,23.8816299,9948275
2024-05-30,23.5843482,24.2780055,23.31679467,24.11945526,22102571
2024-05-31,24.0798177,24.32755245,23.81226417,23.95099563,12295959
2024-06-03,23.80235478,24.15909282,23.63389515,23.79244539,11683637
2024-06-04,23.80235478,24.62483415,23.6834421,24.12936465,22881131
2024-06-05,23.99063319,25.24912572,23.9807238,25.00139097,39450931
2024-06-06,24.92211585,25.11039426,24.43655574,24.53564964,22544121
2024-06-07,24.5752872,25.64550132,24.4761933,25.25903511,33088146
2024-06-11,24.9716628,25.51667925,24.5752872,25.29867267,24967699
2024-06-12,25.09057548,25.32840084,24.773475,24.773475,18706438
2024-06-13,24.72392805,24.773475,24.26809611,24.73383744,23177413
2024-06-14,24.52574025,24.54555903,23.79244539,24.02036136,22651295
2024-06-17,23.86181112,24.62483415,23.80235478,24.35728062,21016089
2024-06-18,24.18882099,24.46628391,24.0798177,24.41673696,11968903
2024-06-19,24.3770994,24.5752872,23.90144868,24.12936465,11707783
2024-06-20,24.12936465,24.1789116,23.33661345,23.37625101,20187001
2024-06-21,23.57526933,24.06289626,23.52551148,23.91362271,15014104
2024-06-24,23.95342899,24.16241196,23.4857052,23.4857052,14507220
2024-06-25,23.3861895,23.65488189,22.888611,23.0876424,12400301
2024-06-26,23.07769083,23.53546305,22.79904687,23.46580206,12525802
2024-06-27,23.20706124,23.3861895,22.92841728,22.96822356,10807701
2024-06-28,22.888611,24.06289626,22.86870786,23.91362271,20866245
2024-07-01,23.75439759,24.15246039,23.66483346,24.06289626,12585145
2024-07-02,23.93352585,24.1823151,23.62502718,23.84396172,12225640
2024-07-03,23.76434916,23.82405858,23.26677066,23.37623793,10100664
2024-07-04,23.35633479,23.62502718,23.07769083,23.1871581,10576277
2024-07-05,23.00802984,23.45585049,22.61991861,23.42599578,10761011
2024-07-08,23.2866738,23.9832837,23.14735182,23.22696438,12919224
2024-07-09,23.23691595,23.76434916,22.95827199,23.71459131,14308620
2024-07-10,23.61507561,23.81410701,23.44589892,23.5852209,11536737
2024-07-11,23.81410701,24.4808622,23.63497875,24.3813465,20102508
2024-07-12,24.31168551,24.55052319,24.13255725,24.35149179,10009738
2024-07-15,24.35149179,24.65003889,24.21216981,24.36144336,12432485
2024-07-16,24.1823151,24.63013575,24.0827994,24.62018418,12340332
2024-07-17,24.5803779,25.06800483,24.42115278,24.70974831,17976506
2024-07-18,24.59032947,25.3765035,24.52066848,25.24713309,27006773
2024-07-19,25.0779564,25.51582548,25.05805326,25.4760192,19369847
2024-07-22,25.42626135,25.85417886,25.24713309,25.3765035,22756293
2024-07-23,25.35660036,25.48597077,24.7794093,24.78936087,17199281
2024-07-24,24.7794093,25.51582548,24.75950616,25.08790797,23163891
2024-07-25,24.9784407,25.05805326,24.4808622,24.84907029,13463351
2024-07-26,24.84907029,26.10296811,24.84907029,26.10296811,36245610
2024-07-29,26.10296811,26.51098248,25.5755349,26.06316183,29048409
2024-07-30,26.06316183,26.30199951,25.5755349,26.02335555,20671487
2024-07-31,25.90393671,26.1726291,25.3765035,26.02335555,25909869
2024-08-01,25.9735977,26.56074033,25.6750506,25.80442101,21700472
2024-08-02,25.53572862,26.15272596,25.4760192,25.50587391,14434817
2024-08-05,25.3765035,26.13282282,25.08790797,25.08790797,22711353
2024-08-06,25.2769878,26.08306497,25.2769878,25.76461473,23597866
2024-08-07,25.75466316,26.0731134,25.64519589,25.75466316,13431515
2024-08-08,25.61534118,25.78451787,24.72965145,24.89882814,22108402
2024-08-09,24.99834384,25.20732681,24.76945773,24.86897343,8524312
2024-08-12,24.91873128,25.16752053,24.44105592,24.85902186,11431100
2024-08-13,24.85902186,25.14761739,24.83911872,25.09785954,7960940
2024-08-14,25.11776268,25.3765035,24.95853756,24.9784407,8173200
2024-08-15,24.99834384,25.2769878,24.73960302,25.0779564,10318689
2024-08-16,24.98839227,25.08790797,23.67478503,23.9832837,30525360
2024-08-19,23.94347742,24.20221824,23.70463974,23.86386486,14710492
2024-08-20,23.90367114,23.94347742,23.4857052,23.5852209,9367201
2024-08-21,23.61507561,23.69468817,23.29662537,23.34638322,11050371
2024-08-22,23.34638322,23.67478503,23.14735182,23.55536619,12271358
2024-08-23,23.4857052,23.96338056,23.41604421,23.883768,13337068
2024-08-26,23.883768,23.93352585,23.22696438,23.56531776,12873150
2024-08-27,23.45585049,23.66483346,23.03788455,23.17720653,9866811
2024-08-28,23.17720653,23.72454288,22.99807827,23.69468817,14334850
2024-08-29,23.6847366,24.21216981,23.50560834,23.91362271,16814135
2024-08-30,23.99323527,24.6798936,23.883768,24.41120121,15882176
2024-09-02,24.41120121,24.43110435,23.59517247,23.61507561,11473710
2024-09-03,23.92357428,24.42115278,23.76434916,24.21216981,11675477
2024-09-04,24.05294469,24.32163708,24.01313841,24.16241196,7590545
2024-09-05,24.16241196,24.60028104,24.10270254,24.31168551,9402699
2024-09-06,24.31168551,24.36144336,23.87381643,23.89371957,7528450
2024-09-09,23.91362271,24.12260568,23.29662537,23.51555991,11102411
2024-09-10,23.52551148,23.64493032,23.1871581,23.45585049,8700657
2024-09-11,23.2866738,23.45585049,23.04783612,23.19710967,6391130
2024-09-12,23.21701281,23.44589892,22.99807827,23.00802984,7898280
2024-09-13,23.07769083,23.26677066,22.83885315,22.89856257,7459098
2024-09-18,22.89856257,22.97817513,21.65461632,22.48059663,22816737
2024-09-19,22.50049977,22.65972489,21.56505219,22.00292127,25602072
2024-09-20,21.88350243,22.37112936,21.5949069,22.25171052,17119357
2024-09-23,22.17209796,22.86870786,22.10243697,22.40098407,15919785
2024-09-24,22.53035448,23.03788455,22.26166209,22.91846571,13582688
2024-09-25,23.07769083,23.67478503,23.03788455,23.27672223,18270263
2024-09-26,23.2866738,23.83401015,23.12744868,23.83401015,18464889
2024-09-27,23.97333213,25.33669722,23.97333213,24.98839227,29631009
2024-09-30,25.98354927,27.48623634,25.51582548,27.4663332,51579395
2024-10-08,30.21296652,30.21296652,28.12313682,30.04378983,68539619
2024-10-09,29.1581001,29.5561629,28.10323368,28.20274938,49028946
2024-10-10,28.20274938,29.42679249,27.41657535,28.2624588,44630199
2024-10-11,27.84449286,28.0634274,26.5706919,26.89909371,37424882
2024-10-14,27.17773767,28.68042474,27.09812511,28.31221665,54450818
2024-10-15,28.1629431,28.67047317,27.6653646,27.67531617,31342583
2024-10-16,27.21754395,28.08333054,27.14788296,27.90420228,23197742
2024-10-17,27.91415385,28.64061846,27.90420228,28.02362112,24186630
2024-10-18,28.02362112,29.23771266,27.69521931,28.859553,37953776
2024-10-21,29.2576158,30.24282123,28.93916556,29.44669563,49289967
2024-10-22,29.3571315,29.60592075,28.7600373,28.99887498,27767316
2024-10-23,29.1581001,30.60107775,28.93916556,29.5561629,44687148
2024-10-24,29.50640505,29.50640505,28.63066689,28.83964986,27229375
2024-10-25,28.84960143,29.30737365,28.71027945,29.26756737,22243181
2024-10-28,29.44669563,29.89451628,29.32727679,29.36708307,23997628
2024-10-29,29.38698621,29.70543645,28.88940771,28.89935928,24114127
2024-10-30,28.89935928,29.14814853,28.44158706,28.62071532,21533212
2024-10-31,28.7600373,29.03868126,28.29231351,28.54110276,24579857
2024-11-01,28.53115119,28.7600373,27.62555832,27.71512245,30826041
2024-11-04,27.85444443,28.71027945,27.81463815,28.5610059,22953801
2024-11-05,28.99887498,30.9493827,28.99887498,30.93943113,71608796
2024-11-06,31.93458813,32.48192448,30.64088403,31.2479298,89752312
2024-11-07,30.5513199,30.5513199,29.01877812,29.93432256,64273297
2024-11-08,29.93432256,31.59623475,29.70543645,30.73044816,64643298
2024-11-11,30.6508356,30.6508356,29.7551943,30.27267594,53836231
2024-11-12,30.28262751,30.34233693,28.90931085,29.19790638,53952151
2024-11-13,29.19790638,29.28747051,28.72023102,29.1581001,25209768
2024-11-14,29.16805167,29.33722836,28.14303996,28.19279781,29707202
2024-11-15,28.07337897,28.19279781,27.32701122,27.33696279,29386688
2024-11-18,27.34691436,27.9639117,26.6702076,26.95880313,32726409
2024-11-19,27.21754395,27.42652692,26.61049818,27.29715651,24592849
2024-11-20,27.21754395,27.82458972,27.08817354,27.75492873,24993216
2024-11-21,27.74497716,27.90420228,27.2673018,27.51609105,16928366
2024-11-22,27.50613948,27.50613948,26.61049818,26.64035289,24983039
2024-11-25,26.1726291,26.70006231,25.68500217,26.13282282,22042632
2024-11-26,26.15272596,26.52093405,25.79446944,25.86413043,14894326
2024-11-27,25.86413043,26.52093405,25.60538961,26.41146678,18742213
2024-11-28,26.42141835,27.11802825,26.32190265,26.79957801,24106234
2024-11-29,26.85928743,27.17773767,26.51098248,26.89909371,18156653
2024-12-02,26.90904528,27.13793139,26.74982016,26.92894842,17618376
2024-12-03,26.88914214,26.9687547,26.20248381,26.43136992,18191310
2024-12-04,26.63040132,26.64035289,26.18258067,26.26219323,11631875
2024-12-05,26.15272596,26.60054661,26.04325869,26.38161207,13303476
2024-12-06,26.4711762,26.74982016,26.13282282,26.71001388,16811827
2024-12-09,26.62044975,26.62044975,26.05321026,26.1726291,15053439
2024-12-10,26.71996545,26.87919057,26.28209637,26.43136992,20352661
2024-12-11,26.38161207,26.58064347,26.2721448,26.50103091,12085224
2024-12-12,26.5706919,27.50613948,26.5706919,27.2673018,33112484
2024-12-13,27.08817354,27.08817354,26.5706919,26.58064347,18445213
2024-12-16,26.48112777,26.71996545,26.02335555,26.08306497,17439489
2024-12-17,26.08306497,26.25224166,25.82432415,25.88403357,12625669
2024-12-18,25.96364613,26.42141835,25.90393671,26.0731134,11813023
2024-12-19,25.85417886,25.92383985,25.38645507,25.874082,16886065
2024-12-20,25.7745663,26.33185422,25.68500217,26.20248381,12520409
2024-12-23,26.20248381,26.20248381,25.55563176,25.56558333,12590584
2024-12-24,25.59543804,25.72480845,25.39640664,25.69495374,10951929
2024-12-25,25.69495374,25.71485688,25.28693937,25.53572862,12966752
2024-12-26,25.64519589,26.32190265,25.64519589,25.95369456,18264133
2024-12-27,26.89909371,26.98865784,26.3716605,26.59059504,33096979
2024-12-30,27.12797982,27.44643006,26.91899685,27.20759238,40863608
2024-12-31,27.30710808,28.80979515,26.79957801,28.10323368,58044899
2025-01-02,27.0682704,27.30710808,26.08306497,26.44132149,44024318
2025-01-03,26.12287125,26.3716605,25.22722995,25.24713309,26696798
2025-01-06,25.0779564,25.34664879,24.53062005,24.96848913,17696745
2025-01-07,24.96848913,25.44616449,24.96848913,25.41630978,13019180
2025-01-08,25.2769878,25.48597077,24.62018418,25.22722995,14404651
2025-01-09,25.1774721,27.02846412,25.01824698,26.5706919,32033815
2025-01-10,26.36170893,27.04836726,26.35175736,26.43136992,21493201
2025-01-13,25.9735977,26.4711762,25.75466316,25.9735977,15507142
2025-01-14,26.0731134,26.94885156,25.93379142,26.92894842,21671012
2025-01-15,26.869239,27.03841569,26.4711762,26.4711762,13968400
2025-01-16,26.53088562,26.77967487,26.18258067,26.38161207,13517974
2025-01-17,26.23233852,27.01851255,26.13282282,26.64035289,15900261
2025-01-20,26.73986859,26.80952958,26.13282282,26.29204794,16088301
2025-01-21,26.32190265,26.41146678,25.64519589,25.7745663,16119500
2025-01-22,25.874082,25.874082,25.25708466,25.48597077,13075676
2025-01-23,25.6750506,25.86413043,25.1774721,25.26703623,18410820
2025-01-24,25.16752053,25.50587391,25.12771425,25.39640664,13814076
2025-01-27,25.40635821,25.62529275,25.25708466,25.31679408,12363020
2025-02-05,25.43621292,25.48597077,24.92868285,25.02819855,16105300
2025-02-06,25.02819855,25.70490531,24.95853756,25.6750506,20315722
2025-02-07,25.61534118,25.98354927,25.43621292,25.72480845,26054060
2025-02-10,25.70490531,25.84422729,25.45611606,25.69495374,23565876
2025-02-11,25.6750506,25.68500217,25.18742367,25.25708466,18156304
2025-02-12,25.1774721,25.4760192,25.13766582,25.45611606,13011916
2025-02-13,25.46606763,25.93379142,25.33669722,25.61534118,26296139
2025-02-14,25.55563176,25.55563176,25.08790797,25.19737524,23295863
2025-02-17,25.26703623,25.26703623,24.63013575,24.80926401,27501107
2025-02-18,24.78936087,24.86897343,24.19226667,24.3813465,18899526
2025-02-19,24.3813465,24.76945773,24.34154022,24.75950616,14122175
2025-02-20,24.63013575,25.02819855,24.53062005,24.89882814,19954351
2025-02-21,24.85902186,24.94858599,24.61023261,24.91873128,19490547
2025-02-24,24.88887657,25.05805326,24.69979674,24.91873128,16271751
2025-02-25,24.74955459,24.85902186,24.52066848,24.5803779,15530626
2025-02-26,24.5803779,24.63013575,24.40124964,24.51071691,17644475
2025-02-27,24.52066848,24.57042633,24.07284783,24.37139493,19301914
2025-02-28,24.31168551,24.54057162,24.00318684,24.05294469,18597203
2025-03-03,24.07284783,24.40124964,23.99323527,24.26192766,14107149
2025-03-04,24.32163708,24.91873128,24.23207295,24.75950616,28050054
2025-03-05,24.72965145,24.95853756,24.5803779,24.6798936,17222977
2025-03-06,24.72965145,24.82916715,24.54057162,24.71969988,19884675
2025-03-07,24.5803779,25.65514746,24.52066848,25.06800483,44185436
2025-03-10,25.15756896,25.53572862,25.0779564,25.23718152,24632313
2025-03-11,25.04810169,25.874082,24.9784407,25.86413043,36755258
2025-03-12,25.92383985,26.11291968,25.48597077,25.53572862,28071674
2025-03-13,25.50587391,25.66509903,25.14761739,25.38645507,21886748
2025-03-14,25.3765035,25.62529275,25.10781111,25.56558333,23884472
2025-03-17,25.5755349,25.7745663,25.41630978,25.43621292,16442182
2025-03-18,25.42626135,25.49592234,25.13766582,25.1774721,15994147
2025-03-19,25.13766582,25.23718152,24.96848913,25.03815012,12980807
2025-03-20,25.0779564,26.49107934,24.94858599,25.70490531,52594321
2025-03-21,25.59543804,26.0731134,25.29689094,25.51582548,30165587
2025-03-24,25.35660036,25.66509903,24.14250882,24.57042633,41669375
2025-03-25,24.55052319,24.91873128,24.4808622,24.57042633,19096260
2025-03-26,24.57042633,24.73960302,24.3813465,24.4808622,13526974
2025-03-27,24.47091063,24.56047476,24.14250882,24.3813465,13478726
2025-03-28,24.33158865,24.4808622,24.15246039,24.20221824,11957604
2025-03-31,24.0827994,24.14250882,23.36628636,23.53546305,23603390
2025-04-01,23.73449445,24.42115278,23.73449445,24.15246039,25478200
2025-04-02,24.02308998,24.03304155,23.36628636,23.3861895,34064651
2025-04-03,23.14735182,23.44589892,23.12744868,23.23691595,16274041
2025-04-07,22.26166209,22.888611,20.95800642,21.5949069,44865036
2025-04-08,21.77403516,22.36117779,21.71432574,22.35122622,28209064
2025-04-09,22.10243697,23.42599578,22.04272755,23.23691595,40843793
2025-04-10,23.16725496,23.44589892,22.90851414,23.24686752,31005191
2025-04-11,23.0876424,23.44589892,22.9881267,23.19710967,23831843
2025-04-14,23.2866738,23.72454288,23.19710967,23.37623793,19956084
2025-04-15,23.32648008,23.32648008,23.00802984,23.0876424,13458196
2025-04-16,23.95342899,24.01313841,23.06773926,23.2866738,26365043
2025-04-17,23.09759397,23.82405858,23.07769083,23.50560834,26680829
2025-04-18,23.4857052,23.65488189,23.33643165,23.4857052,15756204
2025-04-21,23.60512404,24.25197609,23.53546305,23.83401015,31867039
2025-04-22,23.7842523,23.95342899,23.56531776,23.6847366,20116374
2025-04-23,23.60512404,23.67478503,23.32648008,23.3861895,18992607
2025-04-24,23.39614107,23.45585049,23.05778769,23.16725496,14341953
2025-04-25,23.26677066,23.27672223,23.06773926,23.17720653,11289534
2025-04-28,23.16725496,23.23691595,22.92841728,22.95827199,9918602
2025-04-29,22.888611,22.95827199,22.60996704,22.94832042,11827603
2025-04-30,23.0876424,23.17720653,22.96822356,23.10754554,12396871
2025-05-06,23.19710967,23.44589892,23.14735182,23.35633479,18184606
2025-05-07,23.70463974,24.91873128,23.70463974,24.31168551,69303236
2025-05-08,24.26192766,24.93863442,23.90367114,24.74955459,57920118
2025-05-09,24.74955459,24.75950616,24.0827994,24.12260568,38862257
2025-05-12,24.34154022,25.9735977,24.13255725,25.50587391,96670034
2025-05-13,25.5755349,25.5755349,24.78936087,24.96848913,50248081
2025-05-14,24.98839227,25.12771425,24.60028104,24.68984517,28464406
2025-05-15,24.69979674,24.878925,24.2818308,24.29178237,24094700
2025-05-16,24.49081377,25.14761739,24.4808622,24.53062005,32665536
2025-05-19,24.82916715,25.44616449,24.70974831,25.00829541,44561593
2025-05-20,24.878925,24.878925,24.44105592,24.73960302,28219964
2025-05-21,24.61023261,24.95853756,24.50076534,24.90877971,18800004
2025-05-22,24.73960302,25.19737524,24.61023261,24.69979674,23492152
2025-05-23,24.56047476,24.74955459,24.35149179,24.36144336,16894100
2025-05-26,24.35149179,24.53062005,24.29178237,24.4808622,10218499
2025-05-27,24.49081377,24.52066848,24.03304155,24.19226667,14961805
2025-05-28,24.19226667,24.83911872,24.13255725,24.34154022,18042400
2025-05-29,24.3813465,24.96848913,24.24202452,24.95853756,30360463
2025-05-30,24.85902186,25.10781111,24.70974831,24.88887657,23330912
2025-06-03,24.94858599,25.25708466,24.7794093,24.878925,24515472
2025-06-04,24.82916715,24.91873128,24.68984517,24.68984517,16660000
2025-06-05,24.72965145,24.75950616,24.44105592,24.55052319,21890300
2025-06-06,24.6798936,25.02819855,24.53062005,24.57042633,21723563
2025-06-09,24.85902186,26.15272596,24.85902186,25.74471159,77058759
2025-06-10,25.52577705,25.83427572,25.0779564,25.29689094,31668228
2025-06-11,25.34664879,25.55563176,25.19737524,25.42626135,18834910
2025-06-12,25.44616449,25.58548647,25.23718152,25.3765035,18757986
2025-06-13,25.7745663,25.98354927,25.31679408,25.81437258,48759619
2025-06-16,25.7745663,25.78451787,25.42626135,25.61534118,25091450
2025-06-17,25.52577705,25.65514746,25.20732681,25.42626135,22860151
2025-06-18,25.45611606,25.72480845,25.36655193,25.52577705,25419858
2025-06-19,25.3765035,25.3765035,24.91873128,25.15756896,24338192
2025-06-20,25.00829541,25.06800483,24.59032947,24.65999046,19457014
2025-06-23,24.78,24.96,24.56,24.9,19498054
2025-06-24,24.4,25.08,24.4,25.0,26784890
2025-06-25,25.0,26.44,24.97,26.31,77300074
2025-06-26,26.31,26.97,26.2,26.35,54357495
2025-06-27,26.54,26.94,26.38,26.71,37226515
2025-06-30,26.76,27.59,26.76,27.34,56594247
2025-07-01,27.31,27.73,26.87,27.57,50781761
2025-07-02,27.37,27.43,26.79,26.85,33231872
2025-07-03,26.85,27.18,26.77,26.93,22920899
2025-07-04,26.9,27.31,26.81,27.13,27748140
2025-07-07,27.13,27.77,27.02,27.3,30199544
2025-07-08,27.16,27.29,27.07,27.25,20943860
2025-07-09,27.31,27.69,27.13,27.19,27161116
2025-07-10,27.05,27.08,26.62,26.97,25616257
2025-07-11,26.95,27.5,26.92,27.46,26824797
2025-07-14,27.4,27.55,27.25,27.31,16309382
2025-07-15,27.35,27.67,27.22,27.5,19072405
2025-07-16,27.4,27.46,27.06,27.14,17796914
2025-07-17,27.14,28.86,27.12,28.71,67347180
2025-07-18,28.58,29.57,28.48,29.34,64398706
2025-07-21,29.18,29.58,29.03,29.21,31858051
2025-07-22,29.11,29.62,28.76,29.0,32071124
2025-07-23,28.94,28.94,28.38,28.47,29627000
2025-07-24,28.49,29.3,28.38,28.83,33265445
2025-07-25,28.88,28.92,28.56,28.62,20953464
2025-07-28,28.62,29.18,28.62,28.85,28522124
2025-07-29,28.86,29.56,28.63,29.55,40235304
2025-07-30,29.55,29.65,28.58,28.75,36350546
2025-07-31,28.67,28.95,28.3,28.5,28332582
2025-08-01,28.49,28.5,27.76,27.8,28624955
2025-08-04,27.8,28.63,27.73,28.51,28129041
2025-08-05,28.7,29.66,28.4,28.89,41243562
2025-08-06,29.01,30.0,28.83,29.48,57189014
2025-08-07,29.5,29.51,28.6,28.8,44603203
2025-08-08,28.8,28.98,28.65,28.76,24797660
2025-08-11,28.78,29.15,28.68,28.82,27076618
2025-08-12,28.7,28.7,27.9,28.25,38967110
2025-08-13,28.25,28.52,28.09,28.26,27637336
2025-08-14,28.27,28.29,27.6,27.74,35541077
2025-08-15,27.67,27.84,27.5,27.81,25215292
2025-08-18,27.81,28.19,27.74,28.0,34293777
2025-08-19,28.0,28.12,27.72,28.02,28196552
2025-08-20,27.9,28.39,27.77,28.2,33678408
2025-08-21,28.23,29.11,28.21,28.6,48235548
2025-08-22,28.62,29.06,28.23,29.03,46641406
2025-08-25,29.25,29.46,28.88,29.24,57528610
2025-08-26,29.22,29.22,28.71,28.91,34379077
2025-08-27,28.89,29.06,28.05,28.09,44091394
2025-08-28,28.03,28.45,27.37,28.42,41542900
2025-08-29,28.45,29.1,28.29,28.88,64382476
2025-09-01,28.95,29.38,28.02,28.95,67265470
2025-09-02,28.97,28.98,27.95,28.68,46764693
2025-09-03,28.78,28.78,25.81,25.86,90804448
2025-09-04,25.8,25.85,24.7,25.13,61073347
2025-09-05,25.08,25.36,24.84,25.25,33506232
2025-09-08,25.26,25.33,24.84,25.0,32408292
2025-09-09,24.98,25.13,24.68,24.69,27745593
2025-09-10,24.88,25.1,24.78,24.83,22953200
2025-09-11,24.82,25.17,24.65,25.15,28394925
2025-09-12,25.14,25.39,25.01,25.07,27955394
2025-09-15,25.07,25.31,24.85,24.91,23078462
2025-09-16,24.94,24.95,24.53,24.83,22693112
2025-09-17,24.79,24.88,24.58,24.7,22795217
2025-09-18,24.71,25.04,24.45,24.56,35345605
2025-09-19,24.59,25.31,24.59,25.04,41306572
2025-09-22,25.08,25.08,24.65,24.89,21904602
2025-09-23,25.07,25.16,24.36,24.66,23204727
2025-09-24,24.53,24.95,24.48,24.94,20931194
2025-09-25,24.86,24.89,24.53,24.76,23353034
2025-09-26,24.75,25.67,24.7,25.33,44744799
2025-09-29,25.35,25.65,24.94,25.6,35121656
2025-09-30,25.69,27.23,25.58,26.87,68703507
2025-10-09,26.63,27.0,25.94,26.87,49652803
2025-10-10,26.72,27.09,26.53,26.57,30565859
2025-10-13,26.05,26.82,25.92,26.68,29617791
2025-10-14,26.84,27.2,26.39,26.45,31975340
2025-10-15,26.48,26.65,26.1,26.45,22097136
2025-10-16,26.52,26.82,26.17,26.25,21438124
2025-10-17,26.06,26.33,25.47,25.52,25824997
2025-10-20,25.63,25.86,25.15,25.35,21882257
2025-10-21,25.38,25.85,25.38,25.57,17556651
2025-10-22,25.48,25.97,25.33,25.53,17967890
2025-10-23,25.56,25.7,25.21,25.65,15509223
2025-10-24,25.7,26.19,25.7,25.94,22745539
2025-10-27,25.95,26.05,25.76,25.91,18601022
2025-10-28,25.91,26.28,25.63,26.11,26601671
2025-10-29,26.05,26.05,25.85,26.0,17439988
2025-10-30,26.01,26.01,25.63,25.71,18917981
2025-10-31,25.66,25.77,25.55,25.67,16005299
2025-11-03,25.59,25.74,25.35,25.73,14744469
2025-11-04,25.65,25.69,25.12,25.23,18037022
2025-11-05,25.1,25.24,24.99,25.17,13365122
2025-11-06,25.11,25.65,25.08,25.47,18900298
2025-11-07,25.33,25.42,25.2,25.33,10751673
2025-11-10,25.31,25.52,25.14,25.43,12302301
2025-11-11,25.51,25.55,25.2,25.29,12576885
2025-11-12,25.24,25.25,24.9,25.1,15325853
2025-11-13,25.02,25.12,24.95,25.12,9540050
2025-11-14,25.05,25.28,24.94,25.01,14420743
2025-11-17,25.5,25.54,25.08,25.14,23028176
2025-11-18,25.12,25.12,24.8,24.89,14730479
2025-11-19,24.85,25.38,24.81,25.1,19174746
2025-11-20,25.0,25.06,24.6,24.69,16962326
2025-11-21,24.55,24.82,24.04,24.38,22205592
2025-11-24,24.38,25.11,24.34,25.07,23401315
2025-11-25,24.82,24.93,24.73,24.82,18817447
2025-11-26,24.77,24.77,24.26,24.34,21328088
2025-11-27,24.28,24.32,24.12,24.2,15323151
2025-11-28,24.2,24.25,24.07,24.23,12275712
2025-12-01,24.28,24.39,24.21,24.28,14175889
2025-12-02,24.23,24.24,24.07,24.1,11359002
2025-12-03,24.08,24.1,23.79,23.86,16696646
2025-12-04,23.74,23.96,23.7,23.72,14077301
2025-12-05,23.72,24.05,23.55,23.97,14966102
2025-12-08,24.0,24.34,24.0,24.1,21359689
2025-12-09,24.0,24.09,23.77,23.79,13322700
2025-12-10,23.78,23.99,23.64,23.97,12012952
2025-12-11,23.99,24.33,23.84,23.84,19743080
2025-12-12,23.83,24.11,23.75,24.11,17215802
2025-12-15,24.04,24.66,24.0,24.46,33816677
2025-12-16,24.4,24.4,23.8,24.04,22392851
2025-12-17,24.03,24.49,23.87,24.22,19781196
2025-12-18,24.05,24.77,24.01,24.42,25892652
2025-12-19,24.4,24.9,24.36,24.79,33663181
2025-12-22,24.85,24.95,24.58,24.65,22628197
2025-12-23,24.66,24.74,24.26,24.32,20119055
2025-12-24,24.28,24.88,24.19,24.84,27141345
2025-12-25,24.66,25.58,24.66,25.26,45469655
2025-12-26,25.2,25.33,24.9,25.14,26874318
2025-12-29,25.15,25.54,24.99,25.3,29937756
2025-12-30,25.3,25.42,24.94,25.04,26542343
2025-12-31,25.07,25.5,25.01,25.38,31680101
2026-01-05,25.7,26.09,25.38,25.89,47963967
2026-01-06,25.8,28.48,25.73,28.48,123249259
2026-01-07,28.58,29.24,28.0,28.22,123870544
2026-01-08,28.09,30.05,27.9,29.8,128407318
2026-01-09,30.0,30.78,29.45,29.97,124777395
2026-01-12,30.16,31.12,30.16,30.58,100099069
2026-01-13,30.2,30.2,28.51,28.59,102243321
2026-01-14,28.46,29.09,27.81,28.03,75344883
2026-01-15,27.85,29.33,27.8,28.8,73841475
2026-01-16,28.9,28.92,28.11,28.18,47041563
2026-01-19,28.06,30.51,27.95,30.19,101069473
2026-01-20,30.02,30.85,29.61,30.02,61473205
2026-01-21,30.06,31.0,30.0,30.44,73815310
2026-01-22,30.6,31.96,30.58,31.07,76979426
2026-01-23,31.12,31.18,30.15,30.33,60593570
2026-01-26,30.68,30.74,29.15,29.25,61431436
2026-01-27,29.14,30.66,29.0,30.15,64172416
2026-01-28,30.21,30.76,29.69,29.82,52579558
2026-01-29,29.68,30.29,28.98,29.01,57282115
2026-01-30,28.94,29.28,28.06,28.25,44792978
2026-02-02,28.2,28.75,27.99,28.14,39919419
2026-02-03,28.44,29.38,28.3,29.17,45644015
2026-02-04,29.11,31.0,28.99,30.54,74115096
2026-02-05,30.48,31.0,29.99,30.08,43378531
2026-02-06,29.95,30.2,28.97,29.16,42110894
2026-02-09,29.51,29.63,29.06,29.27,33357052
2026-02-10,29.39,30.57,28.97,30.03,53136118
2026-02-11,29.89,30.06,29.36,29.4,33388622
2026-02-12,29.39,30.41,29.2,30.06,39115596
2026-02-13,29.92,30.77,29.85,30.38,58409522
2026-02-24,30.55,30.84,30.16,30.48,49608318
2026-02-25,30.46,30.78,29.98,30.5,43291798
2026-02-26,30.41,31.36,30.01,31.01,61636391
2026-02-27,30.92,31.55,30.5,30.83,51590008
2026-03-02,31.16,31.49,30.43,31.27,81466769
2026-03-03,31.04,31.05,28.65,28.72,80234224
2026-03-04,28.26,29.65,28.23,29.19,40086527
2026-03-05,29.22,29.47,28.68,29.0,35378447
2026-03-06,29.05,30.59,28.93,29.8,59276891
2026-03-09,29.28,29.32,28.31,28.76,45520974
2026-03-10,28.95,29.49,28.8,29.02,30766771
2026-03-11,29.07,29.18,28.13,28.2,43691659
2026-03-12,28.19,28.2,27.0,27.31,48129410
2026-03-13,27.01,27.36,26.7,26.88,27649043
2026-03-16,26.9,27.1,26.55,26.92,24857200
2026-03-17,27.0,27.09,26.44,26.49,21782130
2026-03-18,26.55,26.72,26.27,26.67,18521077
2026-03-19,26.28,26.34,25.6,25.76,28494966
2026-03-20,25.94,25.98,25.33,25.52,22939029
2026-03-23,25.08,25.28,24.24,24.43,36448889
2026-03-24,24.75,24.9,24.26,24.63,25093328
2026-03-25,24.63,25.23,24.63,25.18,27828368
2026-03-26,25.09,25.09,24.5,24.59,22429679
2026-03-27,24.23,25.18,24.18,25.03,17978975
2026-03-30,24.7,25.22,24.63,25.1,21604324
2026-03-31,25.08,25.41,24.6,24.66,26439121
2026-04-01,24.98,25.06,24.58,24.71,19712148
2026-04-02,24.69,24.88,24.28,24.37,17401665
2026-04-03,24.37,24.5,23.85,24.02,17944108
2026-04-07,24.02,24.16,23.72,23.82,16964238
2026-04-08,24.48,24.65,24.22,24.63,24349268
2026-04-09,24.4,24.41,24.03,24.06,22891463
2026-04-10,24.16,24.59,24.16,24.41,22638174
2026-04-13,24.36,25.2,24.25,24.85,30058983
2026-04-14,24.85,24.97,24.7,24.87,22119250
2026-04-15,25.2,25.21,24.61,24.67,26077544
2026-04-16,24.7,24.88,24.51,24.72,20055810
2026-04-17,24.67,24.75,24.32,24.67,19037867
2026-04-20,24.67,24.84,24.42,24.79,32466200
2026-04-21,24.75,24.79,24.27,24.36,33205825
2026-04-22,24.24,24.25,24.1,24.2,22606642
2026-04-23,24.2,24.99,24.02,24.28,36491573
2026-04-24,24.16,24.2,23.77,23.78,29906135
2026-04-27,23.79,23.87,23.57,23.75,18275528
2026-04-28,23.7,23.76,23.51,23.51,22039585
2026-04-29,23.26,23.54,22.92,23.5,23850947
2026-04-30,23.45,23.71,23.42,23.5,21428510
2026-05-06,23.86,23.86,23.43,23.51,38043112
2026-05-07,23.5,23.56,23.24,23.46,29507028
2026-05-08,23.49,24.5,23.42,24.45,72946274
2026-05-11,24.75,25.18,24.5,24.76,74024951
