date,open,high,low,close,volume,event_flag,no_price_limit_flag,ema20,ema60,atr14,atrp14,rsi14,rvol20,close_pos,b10_prev,r5,resistance,obv,obv_ma20,obv_std20,bench_close,bench_ret5,ret5,rs5,x1_price_vs_ema20,x2_ema20_vs_ema60,x3_break_b10,x4_close_pos,x5_log_rvol20,x6_obv_z,x7_rs5,x8_atrp_rank,z_x1_price_vs_ema20,z_x2_ema20_vs_ema60,z_x3_break_b10,z_x4_close_pos,z_x5_log_rvol20,z_x6_obv_z,z_x7_rs5,z_x8_atrp_rank,label_rev,p_rev,cv_best_l2,cv_logloss,cv_folds_used,train_n,coef_intercept,coef_z_x1_price_vs_ema20,coef_z_x2_ema20_vs_ema60,coef_z_x3_break_b10,coef_z_x4_close_pos,coef_z_x5_log_rvol20,coef_z_x6_obv_z,coef_z_x7_rs5,coef_z_x8_atrp_rank,atrp14_med60,price_limit_ratio,daily_vwap_pv,daily_vwap_volume,n_intraday_bars,daily_vwap,next_date,next_day_vwap,next_day_close,next_day_high,next_day_low,next_day_vwap_ret_close,next_day_vwap_ret_vwap,next_day_close_ret_close,open_asof1455,high_asof1455,low_asof1455,close_asof1455,volume_asof1455,amount_asof1455,n_intraday_bars_asof1455,asof_last_bar_time,vwap_asof1455,close_ret1_asof,close_ret3_asof,close_ret5_asof,close_ret20_asof,close_ret60_asof,close_ma20_gap_asof,close_ma60_gap_asof,close_z20_asof,close_z60_asof,range_pct_asof1455,feature_time_mode,feature_cutoff_time,close_fund,peTTM,pbMRQ,psTTM,pcfNcfTTM,pubDate,statDate,profit_roeAvg,profit_npMargin,profit_gpMargin,profit_netProfit,profit_epsTTM,profit_MBRevenue,profit_totalShare,profit_liqaShare,used_pubDate,effective_date,operation_NRTurnRatio,operation_NRTurnDays,operation_INVTurnRatio,operation_INVTurnDays,operation_CATurnRatio,operation_AssetTurnRatio,growth_YOYEquity,growth_YOYAsset,growth_YOYNI,growth_YOYEPSBasic,growth_YOYPNI,solvency_currentRatio,solvency_quickRatio,solvency_cashRatio,solvency_YOYLiability,solvency_liabilityToAsset,solvency_assetToEquity,cashflow_CAToAsset,cashflow_NCAToAsset,cashflow_tangibleAssetToAsset,cashflow_ebitToInterest,cashflow_CFOToOR,cashflow_CFOToNP,cashflow_CFOToGr,dupont_dupontROE,dupont_dupontAssetStoEquity,dupont_dupontAssetTurn,dupont_dupontPnitoni,dupont_dupontNitogr,dupont_dupontTaxBurden,dupont_dupontIntburden,dupont_dupontEbittogr,fund_days_since_effective,peTTM_eod,pbMRQ_eod,psTTM_eod,pcfNcfTTM_eod,valuation_time_mode,valuation_reference_lag_days,peTTM_rank252,pbMRQ_rank252,psTTM_rank252,pcfNcfTTM_rank252,profit_roeAvg_chg4q,profit_npMargin_chg4q,profit_gpMargin_chg4q,profit_netProfit_chg4q,profit_epsTTM_chg4q,profit_MBRevenue_chg4q,profit_totalShare_chg4q,profit_liqaShare_chg4q,growth_YOYEquity_chg4q,growth_YOYAsset_chg4q,growth_YOYNI_chg4q,growth_YOYEPSBasic_chg4q,growth_YOYPNI_chg4q,solvency_currentRatio_chg4q,solvency_quickRatio_chg4q,solvency_cashRatio_chg4q,solvency_YOYLiability_chg4q,solvency_liabilityToAsset_chg4q,solvency_assetToEquity_chg4q,cashflow_CAToAsset_chg4q,cashflow_NCAToAsset_chg4q,cashflow_tangibleAssetToAsset_chg4q,cashflow_ebitToInterest_chg4q,cashflow_CFOToOR_chg4q,cashflow_CFOToNP_chg4q,cashflow_CFOToGr_chg4q,dupont_dupontROE_chg4q,dupont_dupontAssetStoEquity_chg4q,dupont_dupontAssetTurn_chg4q,dupont_dupontPnitoni_chg4q,dupont_dupontNitogr_chg4q,dupont_dupontTaxBurden_chg4q,dupont_dupontIntburden_chg4q,dupont_dupontEbittogr_chg4q
2025-01-02,13.96308051,14.2521093,12.956463,13.11592716,15689580.0,0.0,0.0,13.11592716,13.11592716,,,,,0.1230769230768284,,,13.11592716,0.0,,,3820.3952,,,,,,,0.1230769230768284,,,,,,,,,,,,,0.0,,,,,,,,,,,,,,,,0.1,215173384.0,15698600,48,13.706533321442675,2025-01-03,13.52310612580191,13.53452058,13.89331494,12.8567979,0.0310446193269275,-0.0133824645035379,0.0319148936170212,13.96308051,14.2521093,12.956463,13.08602763,15386100,211062792.0,47,2025-01-02 14:55:00,13.717757716380367,,,,,,,,,,0.0990099009900991,asof1455,14:55,13.11592716,31.194748,1.954405,3.552639,292.513094,2024-10-30,2024-09-30,0.050204,0.110329,0.338933,210782925.39,0.421866,,679036441.0,679036441.0,True,2024-10-31,1.641401,164.493654,0.655166,412.087912,0.520879,0.17329,0.038405,0.073812,-0.062192,-0.083333,-0.068967,1.300145,0.653236,0.147838,0.109845,0.005655,2.301487,0.346948,0.653052,0.280917,3.313189,0.00085,0.0077,0.00085,0.050204,2.440415,0.17329,1.076007,0.110329,0.974554,0.709382,0.159589,63,31.194748,1.954405,3.552639,292.513094,asof1455_from_lagged_eod,1,,,,,,,,,,,,,,,,,,,,,,,,,,,,,,,,,,,,,,
2025-01-03,13.1557932,13.89331494,12.8567979,13.53452058,20444466.0,0.0,0.0,13.1557932,13.12965153442623,,,,,0.6538461538455237,,,13.1557932,20444466.0,,,3775.1648,,,,,,,0.6538461538455237,,,,,,,,,,,,,0.0,,,,,,,,,,,,,,,,0.1,276563748.0,20451200,48,13.52310612580191,2025-01-06,14.428694540560604,14.16241071,14.82020037,13.58435313,0.066066171703335,0.0669660066507089,0.0463917525773194,13.1557932,13.88334843,12.86676441,13.52455407,20016300,270662244.0,47,2025-01-03 14:55:00,13.522091695268356,0.0311550151975683,,,,,,,,,0.0751658069270449,asof1455,14:55,13.53452058,32.166620848024316,2.0152945174772037,3.6633215220364743,301.62634388905775,2024-10-30,2024-09-30,0.050204,0.110329,0.338933,210782925.39,0.421866,,679036441.0,679036441.0,True,2024-10-31,1.641401,164.493654,0.655166,412.087912,0.520879,0.17329,0.038405,0.073812,-0.062192,-0.083333,-0.068967,1.300145,0.653236,0.147838,0.109845,0.005655,2.301487,0.346948,0.653052,0.280917,3.313189,0.00085,0.0077,0.00085,0.050204,2.440415,0.17329,1.076007,0.110329,0.974554,0.709382,0.159589,64,32.190325,2.01678,3.666021,301.848618,asof1455_from_lagged_eod,1,,,,,,,,,,,,,,,,,,,,,,,,,,,,,,,,,,,,,,
2025-01-06,13.66408521,14.82020037,13.58435313,14.16241071,26660120.0,0.0,0.0,13.251661534285716,13.16351249100242,,,,,0.4677419354834919,,,13.251661534285716,47104586.0,,,3768.9697,,,,,,,0.4677419354834919,,,,,,,,,,,,,0.0,,,,,,,,,,,,,,,,0.1,384883984.0,26674900,48,14.428694540560604,2025-01-07,15.197055726387903,15.57765513,15.57765513,14.23217628,0.0730557132944427,0.0532523010773673,0.099929627023223,13.66408521,14.80026735,13.64415219,14.22220977,26237300,378657328.0,47,2025-01-06 14:55:00,14.432023417043675,0.0508100147275403,,,,,,,,,0.0812894183601962,asof1455,14:55,14.16241071,33.82591588733431,2.1192526215022087,3.8522915810014724,317.1855507260677,2024-10-30,2024-09-30,0.050204,0.110329,0.338933,210782925.39,0.421866,,679036441.0,679036441.0,True,2024-10-31,1.641401,164.493654,0.655166,412.087912,0.520879,0.17329,0.038405,0.073812,-0.062192,-0.083333,-0.068967,1.300145,0.653236,0.147838,0.109845,0.005655,2.301487,0.346948,0.653052,0.280917,3.313189,0.00085,0.0077,0.00085,0.050204,2.440415,0.17329,1.076007,0.110329,0.974554,0.709382,0.159589,67,33.683691,2.110342,3.836095,315.851905,asof1455_from_lagged_eod,1,,,,,,,,,,,,,,,,,,,,,,,,,,,,,,,,,,,,,,
2025-01-07,14.23217628,15.57765513,14.23217628,15.57765513,45656081.0,0.0,0.0,13.473184733877552,13.242664708674472,,,,,0.9999999999992568,,,13.473184733877552,92760667.0,,,3796.1055,,,,,,,0.9999999999992568,,,,,,,,,,,,,0.0,,,,,,,,,,,,,,,,0.1,693879328.0,45658800,48,15.197055726387903,2025-01-08,16.244853341835693,16.25537781,16.78360284,15.45805701,0.0428304649363291,0.0689474089134523,0.0435060780550222,14.23217628,15.57765513,14.23217628,15.57765513,45554700,692253216.0,47,2025-01-07 14:55:00,15.196087692378612,0.099929627023223,0.1876899696048632,,,,,,,,0.0863723608445298,asof1455,14:55,15.57765513,37.049689678395495,2.321227688951443,4.219434542575651,347.41486806122447,2024-10-30,2024-09-30,0.050204,0.110329,0.338933,210782925.39,0.421866,,679036441.0,679036441.0,True,2024-10-31,1.641401,164.493654,0.655166,412.087912,0.520879,0.17329,0.038405,0.073812,-0.062192,-0.083333,-0.068967,1.300145,0.653236,0.147838,0.109845,0.005655,2.301487,0.346948,0.653052,0.280917,3.313189,0.00085,0.0077,0.00085,0.050204,2.440415,0.17329,1.076007,0.110329,0.974554,0.709382,0.159589,68,37.049689,2.321227,4.219434,347.414868,asof1455_from_lagged_eod,1,,,,,,,,,,,,,,,,,,,,,,,,,,,,,,,,,,,,,,
2025-01-08,15.57765513,16.78360284,15.45805701,16.25537781,65985518.0,0.0,0.0,13.738155503032072,13.341442187406455,,,,,0.6015037593980416,,16.78360284,16.78360284,158746185.0,,,3789.2153,,,,,,,0.6015037593980416,,,,,,,,,,,,,0.0,,,,,,,,,,,,,,,,0.1,1075047031.0,66177700,48,16.244853341835693,2025-01-09,16.451080447330447,16.29524385,16.80353586,16.08594714,0.0120392549233803,0.0126949195018986,0.0024524831391783,15.57765513,16.78360284,15.45805701,16.29524385,64763600,1051970160.0,47,2025-01-08 14:55:00,16.2432316918763,0.0460652591170824,0.2039764359351987,,,,,,,,0.0813455657492355,asof1455,14:55,16.25537781,38.75639252399232,2.428154923224568,4.413803320537427,363.418623915547,2024-10-30,2024-09-30,0.050204,0.110329,0.338933,210782925.39,0.421866,,679036441.0,679036441.0,True,2024-10-31,1.641401,164.493654,0.655166,412.087912,0.520879,0.17329,0.038405,0.073812,-0.062192,-0.083333,-0.068967,1.300145,0.653236,0.147838,0.109845,0.005655,2.301487,0.346948,0.653052,0.280917,3.313189,0.00085,0.0077,0.00085,0.050204,2.440415,0.17329,1.076007,0.110329,0.974554,0.709382,0.159589,69,38.661576,2.422215,4.403005,362.529526,asof1455_from_lagged_eod,1,,,,,0.0,0.0,0.0,0.0,0.0,,0.0,0.0,0.0,0.0,0.0,0.0,0.0,0.0,0.0,0.0,0.0,0.0,0.0,0.0,0.0,0.0,0.0,0.0,0.0,0.0,0.0,0.0,0.0,0.0,0.0,0.0,0.0,0.0
2025-01-09,16.56433962,16.80353586,16.08594714,16.29524385,35996400.0,0.0,0.0,13.981687726552828,13.438288143557063,,,,,0.2916666666662598,,16.80353586,16.80353586,194742585.0,,,3779.8773,-0.0106056828885137,0.2424012158054709,0.2530068986939846,,,,0.2916666666662598,,,0.2530068986939846,,,,,,,,,,0.0,,,,,,,,,,,,,,,,0.1,592831135.0,36036000,48,16.451080447330447,2025-01-10,16.28998260563021,15.92648298,16.57430613,15.90654996,-0.0003228699378922,-0.0097925386855899,-0.0226299694189602,16.56433962,16.73377029,16.08594714,16.35504291,35358000,581730200.0,47,2025-01-09 14:55:00,16.452576503195882,0.0061312078479462,0.1548205489092189,0.2469604863221886,,,,,,,0.0396099939061548,asof1455,14:55,16.29524385,38.898618158185165,2.437066103617413,4.430000738810547,364.7522698749234,2024-10-30,2024-09-30,0.050204,0.110329,0.338933,210782925.39,0.421866,,679036441.0,679036441.0,True,2024-10-31,1.641401,164.493654,0.655166,412.087912,0.520879,0.17329,0.038405,0.073812,-0.062192,-0.083333,-0.068967,1.300145,0.653236,0.147838,0.109845,0.005655,2.301487,0.346948,0.653052,0.280917,3.313189,0.00085,0.0077,0.00085,0.050204,2.440415,0.17329,1.076007,0.110329,0.974554,0.709382,0.159589,70,38.756393,2.428155,4.413803,363.418623,asof1455_from_lagged_eod,1,,,,,0.0,0.0,0.0,0.0,0.0,,0.0,0.0,0.0,0.0,0.0,0.0,0.0,0.0,0.0,0.0,0.0,0.0,0.0,0.0,0.0,0.0,0.0,0.0,0.0,0.0,0.0,0.0,0.0,0.0,0.0,0.0,0.0,0.0
2025-01-10,16.21551177,16.57430613,15.90654996,15.92648298,21545260.0,0.0,0.0,14.166906322119225,13.519868302128964,,,,,0.0298507462686117,,16.80353586,16.80353586,173197325.0,,,3732.4806,-0.0113065792518515,0.1767304860088363,0.1880370652606878,,,,0.0298507462686117,,,0.1880370652606878,,,,,,,,,,0.0,,,,,,,,,,,,,,,,0.1,351190848.0,21558700,48,16.28998260563021,2025-01-13,15.900912918181708,15.71718627,16.37497593,15.53778909,-0.0016055058640631,-0.0238839842170263,-0.0131414267834794,16.21551177,16.56433962,15.946416,15.95638251,20822900,339421056.0,47,2025-01-10 14:55:00,16.30037391525676,-0.020795107033639,0.0243122200895713,0.1789396170839468,,,,,,,0.0387257963772641,asof1455,14:55,15.92648298,37.95044965932722,2.377661256880734,4.322017494189603,355.8612938366973,2024-10-30,2024-09-30,0.050204,0.110329,0.338933,210782925.39,0.421866,,679036441.0,679036441.0,True,2024-10-31,1.641401,164.493654,0.655166,412.087912,0.520879,0.17329,0.038405,0.073812,-0.062192,-0.083333,-0.068967,1.300145,0.653236,0.147838,0.109845,0.005655,2.301487,0.346948,0.653052,0.280917,3.313189,0.00085,0.0077,0.00085,0.050204,2.440415,0.17329,1.076007,0.110329,0.974554,0.709382,0.159589,71,37.879337,2.373206,4.313919,355.194471,asof1455_from_lagged_eod,1,,,,,0.0,0.0,0.0,0.0,0.0,,0.0,0.0,0.0,0.0,0.0,0.0,0.0,0.0,0.0,0.0,0.0,0.0,0.0,0.0,0.0,0.0,0.0,0.0,0.0,0.0,0.0,0.0,0.0,0.0,0.0,0.0,0.0,0.0
2025-01-13,15.83678439,16.37497593,15.53778909,15.71718627,24189220.0,0.0,0.0,14.314552031441202,13.591911514190308,,,,,0.2142857142854565,,16.80353586,16.80353586,149008105.0,,,3722.513,-0.0123261006847574,0.1097818437719915,0.122107944456749,,,,0.2142857142854565,,,0.122107944456749,,,,,,,,,,0.0,,,,,,,,,,,,,,,,0.1,387891640.0,24394300,48,15.900912918181708,2025-01-14,16.74451913199211,17.29189485,17.29189485,15.67732023,0.065363662702975,0.0530539484211496,0.1001902346227012,15.83678439,16.3450764,15.5477556,15.68728674,23963000,381088376.0,47,2025-01-13 14:55:00,15.90319976630639,-0.0150187734668335,-0.0349478847332924,0.107670654468684,,,,,,,0.050825921219822,asof1455,14:55,15.71718627,37.31043581852315,2.33756335669587,4.2491292277847315,349.85988570337923,2024-10-30,2024-09-30,0.050204,0.110329,0.338933,210782925.39,0.421866,,679036441.0,679036441.0,True,2024-10-31,1.641401,164.493654,0.655166,412.087912,0.520879,0.17329,0.038405,0.073812,-0.062192,-0.083333,-0.068967,1.300145,0.653236,0.147838,0.109845,0.005655,2.301487,0.346948,0.653052,0.280917,3.313189,0.00085,0.0077,0.00085,0.050204,2.440415,0.17329,1.076007,0.110329,0.974554,0.709382,0.159589,74,37.381549,2.342019,4.257228,350.526709,asof1455_from_lagged_eod,1,,,,,0.0,0.0,0.0,0.0,0.0,,0.0,0.0,0.0,0.0,0.0,0.0,0.0,0.0,0.0,0.0,0.0,0.0,0.0,0.0,0.0,0.0,0.0,0.0,0.0,0.0,0.0,0.0,0.0,0.0,0.0,0.0,0.0,0.0
2025-01-14,15.83678439,17.29189485,15.67732023,17.29189485,21954672.0,0.0,0.0,14.598108490351564,13.71322244323325,,,,,0.9999999999993806,,17.29189485,17.29189485,170962777.0,,,3820.5395,0.0064365966646606,0.110044785668586,0.1036081890039253,,,,0.9999999999993806,,,0.1036081890039253,,,,,,,,,,0.0,,,,,,,,,,,,,,,,0.1,368376072.0,21999800,48,16.74451913199211,2025-01-15,17.44730327591515,17.3417274,18.04934961,17.05269861,0.0089873566351896,0.0419709959051795,0.0028818443804035,15.83678439,17.29189485,15.68728674,17.29189485,21991600,368233800.0,47,2025-01-14 14:55:00,16.744293275614325,0.1001902346227012,0.0611620795107032,0.110044785668586,,,,,,,0.0927953890489913,asof1455,14:55,17.29189485,41.12681516487,2.5766664331008244,4.683760672162332,385.6460622162333,2024-10-30,2024-09-30,0.050204,0.110329,0.338933,210782925.39,0.421866,,679036441.0,679036441.0,True,2024-10-31,1.641401,164.493654,0.655166,412.087912,0.520879,0.17329,0.038405,0.073812,-0.062192,-0.083333,-0.068967,1.300145,0.653236,0.147838,0.109845,0.005655,2.301487,0.346948,0.653052,0.280917,3.313189,0.00085,0.0077,0.00085,0.050204,2.440415,0.17329,1.076007,0.110329,0.974554,0.709382,0.159589,75,41.126815,2.576666,4.683761,385.646062,asof1455_from_lagged_eod,1,,,,,0.0,0.0,0.0,0.0,0.0,,0.0,0.0,0.0,0.0,0.0,0.0,0.0,0.0,0.0,0.0,0.0,0.0,0.0,0.0,0.0,0.0,0.0,0.0,0.0,0.0,0.0,0.0,0.0,0.0,0.0,0.0,0.0,0.0
2025-01-15,17.5410576,18.04934961,17.05269861,17.3417274,32790008.0,0.0,0.0,14.8594055293657,13.832189818864943,,,,,0.2899999999997087,,18.04934961,18.04934961,203752785.0,,,3796.026,0.0017973906101349,0.066830165542612,0.065032774932477,,,,0.2899999999997087,,,0.065032774932477,,,,,,,,,,0.0,,,,,,,,,,,,,,,,0.1,572377976.0,32806100,48,17.44730327591515,2025-01-16,18.08423079937509,18.05931612,18.34834491,17.52112458,0.0428159999432979,0.0365057862173563,0.0413793103448274,17.5410576,17.97958404,17.05269861,17.30186136,32247700,562669816.0,47,2025-01-15 14:55:00,17.44837045742797,0.0005763688760807,0.0863579474342928,0.0643776824034336,,,,,,,0.0535714285714284,asof1455,14:55,17.3417274,41.15051921613833,2.578151110086455,4.686460574063401,385.86833638731986,2024-10-30,2024-09-30,0.050204,0.110329,0.338933,210782925.39,0.421866,,679036441.0,679036441.0,True,2024-10-31,1.641401,164.493654,0.655166,412.087912,0.520879,0.17329,0.038405,0.073812,-0.062192,-0.083333,-0.068967,1.300145,0.653236,0.147838,0.109845,0.005655,2.301487,0.346948,0.653052,0.280917,3.313189,0.00085,0.0077,0.00085,0.050204,2.440415,0.17329,1.076007,0.110329,0.974554,0.709382,0.159589,76,41.245336,2.584092,4.697259,386.757434,asof1455_from_lagged_eod,1,,,,,0.0,0.0,0.0,0.0,0.0,,0.0,0.0,0.0,0.0,0.0,0.0,0.0,0.0,0.0,0.0,0.0,0.0,0.0,0.0,0.0,0.0,0.0,0.0,0.0,0.0,0.0,0.0,0.0,0.0,0.0,0.0,0.0,0.0
2025-01-16,17.52112458,18.34834491,17.52112458,18.05931612,38270060.0,0.0,0.0,15.16415891894992,13.970784123820192,,,,,0.6506024096377651,18.04934961,18.34834491,18.34834491,242022845.0,,,3800.3836,0.0054251231911681,0.108256880733945,0.1028317575427768,,,,0.6506024096377651,,,0.1028317575427768,,,,,,,,,,0.0,,,,,,,,,,,,,,,,0.1,692217336.0,38277400,48,18.08423079937509,2025-01-17,18.28096878339947,18.20881377,18.61744068,17.70052176,0.0122735911995028,0.0108789799359991,0.0082781456953642,17.52112458,18.3383784,17.52112458,18.06928263,37696700,681697476.0,47,2025-01-16 14:55:00,18.08374409431064,0.0419540229885058,0.1496512365250475,0.108868501529052,,,,,,,0.0452289023717595,asof1455,14:55,18.05931612,42.97574377471265,2.692505055172414,4.894327912068966,402.98346427701154,2024-10-30,2024-09-30,0.050204,0.110329,0.338933,210782925.39,0.421866,,679036441.0,679036441.0,True,2024-10-31,1.641401,164.493654,0.655166,412.087912,0.520879,0.17329,0.038405,0.073812,-0.062192,-0.083333,-0.068967,1.300145,0.653236,0.147838,0.109845,0.005655,2.301487,0.346948,0.653052,0.280917,3.313189,0.00085,0.0077,0.00085,0.050204,2.440415,0.17329,1.076007,0.110329,0.974554,0.709382,0.159589,77,42.952039,2.69102,4.891628,402.76119,asof1455_from_lagged_eod,1,,,,,0.0,0.0,0.0,0.0,0.0,,0.0,0.0,0.0,0.0,0.0,0.0,0.0,0.0,0.0,0.0,0.0,0.0,0.0,0.0,0.0,0.0,0.0,0.0,0.0,0.0,0.0,0.0,0.0,0.0,0.0,0.0,0.0,0.0
2025-01-17,17.8400529,18.61744068,17.70052176,18.20881377,27204066.0,0.0,0.0,15.454126047621356,14.10973591549822,,,,,0.5543478260863496,18.34834491,18.61744068,18.61744068,269226911.0,,,3812.3429,0.021396574706912,0.1433041301627033,0.1219075554557913,,,,0.5543478260863496,,,0.1219075554557913,,,,,,,,,,0.0,,,,,,,,,,,,,,,,0.1,494319224.0,27040100,48,18.28096878339947,2025-01-20,18.78101104868208,18.936369,19.11576618,18.22874679,0.0314241930259513,0.0273531600653837,0.0399562123700054,17.8400529,18.60747417,17.70052176,18.20881377,26820500,490306488.0,47,2025-01-17 14:55:00,18.281034581756494,0.0082781456953642,0.0530259365994236,0.1433041301627033,,,,,,,0.0498084291187738,asof1455,14:55,18.20881377,43.30760223675497,2.713296655629139,4.9321216092715225,406.0953058112583,2024-10-30,2024-09-30,0.050204,0.110329,0.338933,210782925.39,0.421866,,679036441.0,679036441.0,True,2024-10-31,1.641401,164.493654,0.655166,412.087912,0.520879,0.17329,0.038405,0.073812,-0.062192,-0.083333,-0.068967,1.300145,0.653236,0.147838,0.109845,0.005655,2.301487,0.346948,0.653052,0.280917,3.313189,0.00085,0.0077,0.00085,0.050204,2.440415,0.17329,1.076007,0.110329,0.974554,0.709382,0.159589,78,43.307602,2.713296,4.932122,406.095306,asof1455_from_lagged_eod,1,,,,,0.0,0.0,0.0,0.0,0.0,,0.0,0.0,0.0,0.0,0.0,0.0,0.0,0.0,0.0,0.0,0.0,0.0,0.0,0.0,0.0,0.0,0.0,0.0,0.0,0.0,0.0,0.0,0.0,0.0,0.0,0.0,0.0,0.0
2025-01-20,18.27857934,19.11576618,18.22874679,18.936369,26512668.0,0.0,0.0,15.78576823356218,14.26798618056385,,,,,0.7977528089878627,18.61744068,19.11576618,19.11576618,295739579.0,,,3829.6764,0.0287879182691908,0.2048192771084338,0.176031358839243,,,,0.7977528089878627,,,0.176031358839243,,,,,,,,,,0.0,,,,,,,,,,,,,,,,0.1,498053632.0,26519000,48,18.78101104868208,2025-01-21,18.85903813607409,18.6373737,19.30512987,18.40814397,-0.0040837218542746,0.004154573318218,-0.0157894736842104,18.27857934,19.07590014,18.27857934,18.95630202,26040800,488969440.0,47,2025-01-20 14:55:00,18.77705139627047,0.0410509031198687,0.0931034482758619,0.2060875079264426,,,,,,,0.0420609884332282,asof1455,14:55,18.936369,45.08541817405583,2.8246792512315273,5.134590062397373,422.7658850640394,2024-10-30,2024-09-30,0.050204,0.110329,0.338933,210782925.39,0.421866,,679036441.0,679036441.0,True,2024-10-31,1.641401,164.493654,0.655166,412.087912,0.520879,0.17329,0.038405,0.073812,-0.062192,-0.083333,-0.068967,1.300145,0.653236,0.147838,0.109845,0.005655,2.301487,0.346948,0.653052,0.280917,3.313189,0.00085,0.0077,0.00085,0.050204,2.440415,0.17329,1.076007,0.110329,0.974554,0.709382,0.159589,81,45.03801,2.821709,5.12919,422.321336,asof1455_from_lagged_eod,1,,,,,0.0,0.0,0.0,0.0,0.0,,0.0,0.0,0.0,0.0,0.0,0.0,0.0,0.0,0.0,0.0,0.0,0.0,0.0,0.0,0.0,0.0,0.0,0.0,0.0,0.0,0.0,0.0,0.0,0.0,0.0,0.0,0.0,0.0
2025-01-21,18.92640249,19.30512987,18.40814397,18.6373737,20265649.0,0.0,0.0,16.057349706556256,14.411244787758475,1.0657046764285718,0.0571810542398747,,,0.2555555555552716,19.11576618,19.30512987,19.30512987,275473930.0,,,3832.6145,0.0031605483989893,0.0778097982708936,0.0746492498719042,2.420955871271574,1.5446163981495515,-0.448897795590761,0.2555555555552716,,,0.0746492498719042,,,,,,,,,,1.0,,,,,,,,,,,,,,,,0.1,382214240.0,20266900,48,18.85903813607409,2025-01-22,20.33216331133484,20.50111107,20.50111107,18.92640249,0.0909350018202852,0.0781124235834123,0.0999999999999998,18.92640249,19.30512987,18.41811048,18.68720625,19850400,374415904.0,47,2025-01-21 14:55:00,18.86188207794301,-0.0131578947368421,0.0347682119205299,0.0806916426512969,,,,,,,0.0474666666666666,asof1455,14:55,18.6373737,44.44540460526316,2.7845812499999996,5.061700657894737,416.7644763157894,2024-10-30,2024-09-30,0.050204,0.110329,0.338933,210782925.39,0.421866,,679036441.0,679036441.0,True,2024-10-31,1.641401,164.493654,0.655166,412.087912,0.520879,0.17329,0.038405,0.073812,-0.062192,-0.083333,-0.068967,1.300145,0.653236,0.147838,0.109845,0.005655,2.301487,0.346948,0.653052,0.280917,3.313189,0.00085,0.0077,0.00085,0.050204,2.440415,0.17329,1.076007,0.110329,0.974554,0.709382,0.159589,82,44.326884,2.777156,5.048203,415.653104,asof1455_from_lagged_eod,1,,,,,0.0,0.0,0.0,0.0,0.0,,0.0,0.0,0.0,0.0,0.0,0.0,0.0,0.0,0.0,0.0,0.0,0.0,0.0,0.0,0.0,0.0,0.0,0.0,0.0,0.0,0.0,0.0,0.0,0.0,0.0,0.0,0.0,0.0
2025-01-22,18.92640249,20.50111107,18.92640249,20.50111107,27863822.0,0.0,0.0,16.48056507450328,14.610912534717215,1.1062826100000005,0.053962080700046,92.6612302943622,,0.999999999999365,19.30512987,20.50111107,20.50111107,303337752.0,,,3797.0166,0.000260957116732,0.182183908045977,0.181922950929245,3.634284729010688,1.6900315732020523,1.0810810810801057,0.999999999999365,,,0.181922950929245,,,,,,,,,,1.0,,,,,,,,,,,,,,,,0.1,573344640.0,28198900,48,20.33216331133484,2025-01-23,20.76619446189808,20.3316804,21.36819744,20.1323502,0.012930196368039,0.0213470226417704,-0.0082644628099173,18.92640249,20.50111107,18.92640249,20.50111107,27960600,568442368.0,47,2025-01-22 14:55:00,20.3301205267412,0.0999999999999998,0.1258894362342639,0.182183908045977,,,,,,,0.0768108896451142,asof1455,14:55,20.50111107,48.759572399999996,3.0548716,5.5530232999999996,457.2184143999999,2024-10-30,2024-09-30,0.050204,0.110329,0.338933,210782925.39,0.421866,,679036441.0,679036441.0,True,2024-10-31,1.641401,164.493654,0.655166,412.087912,0.520879,0.17329,0.038405,0.073812,-0.062192,-0.083333,-0.068967,1.300145,0.653236,0.147838,0.109845,0.005655,2.301487,0.346948,0.653052,0.280917,3.313189,0.00085,0.0077,0.00085,0.050204,2.440415,0.17329,1.076007,0.110329,0.974554,0.709382,0.159589,83,48.759572,3.054872,5.553024,457.218415,asof1455_from_lagged_eod,1,,,,,0.0,0.0,0.0,0.0,0.0,,0.0,0.0,0.0,0.0,0.0,0.0,0.0,0.0,0.0,0.0,0.0,0.0,0.0,0.0,0.0,0.0,0.0,0.0,0.0,0.0,0.0,0.0,0.0,0.0,0.0,0.0,0.0,0.0
2025-01-23,21.06920214,21.36819744,20.1323502,20.3316804,38360830.0,0.0,0.0,16.847337962645824,14.798478694234683,1.1205204814285716,0.0551120448179244,90.65816371010288,,0.1612903225805137,20.50111107,21.36819744,21.36819744,264976922.0,,,3803.7439,0.0008842002159992,0.1258278145695366,0.1249436143535374,3.109574965473916,1.828488905260513,-0.1512071156288363,0.1612903225805137,,,0.1249436143535374,,,,,,,,,,1.0,,,,,,,,,,,,,,,,0.1,803109728.0,38673900,48,20.76619446189808,2025-01-24,21.571913552280243,21.96618804,22.36484844,20.42137899,0.0610000318655532,0.0387995543362797,0.080392156862745,21.06920214,21.35823093,20.15228322,20.28184785,38206300,793577952.0,47,2025-01-23 14:55:00,20.7708663754407,-0.0106951871657754,0.0710526315789472,0.1230684326710815,,,,,,,0.0594594594594594,asof1455,14:55,20.3316804,48.23807925133689,3.0221995721925135,5.493633368983957,452.3283784759358,2024-10-30,2024-09-30,0.050204,0.110329,0.338933,210782925.39,0.421866,,679036441.0,679036441.0,True,2024-10-31,1.641401,164.493654,0.655166,412.087912,0.520879,0.17329,0.038405,0.073812,-0.062192,-0.083333,-0.068967,1.300145,0.653236,0.147838,0.109845,0.005655,2.301487,0.346948,0.653052,0.280917,3.313189,0.00085,0.0077,0.00085,0.050204,2.440415,0.17329,1.076007,0.110329,0.974554,0.709382,0.159589,84,48.3566,3.029625,5.507131,453.43975,asof1455_from_lagged_eod,1,,,,,0.0,0.0,0.0,0.0,0.0,,0.0,0.0,0.0,0.0,0.0,0.0,0.0,0.0,0.0,0.0,0.0,0.0,0.0,0.0,0.0,0.0,0.0,0.0,0.0,0.0,0.0,0.0,0.0,0.0,0.0,0.0,0.0,0.0
2025-01-24,20.60077617,22.36484844,20.42137899,21.96618804,41369551.0,0.0,0.0,17.334847493822412,15.033485558030268,1.1739124992857144,0.0534417941405213,92.37141453614475,,0.7948717948713854,21.36819744,22.36484844,22.36484844,306346473.0,,,3832.8637,0.0053827267216701,0.2063492063492062,0.2009664796275361,3.945217849704857,1.960420335579086,0.5093996361426824,0.7948717948713854,,,0.2009664796275361,,,,,,,,,,1.0,,,,,,,,,,,,,,,,0.1,895139496.0,41495600,48,21.571913552280243,2025-01-27,21.825849219244645,22.26518334,22.3249824,20.86987194,-0.006388856386907,0.0117715874555579,0.0136116152450092,20.60077617,22.36484844,20.4313455,22.06585314,41020700,884638184.0,47,2025-01-24 14:55:00,21.56565304833901,0.0852941176470589,0.1839572192513368,0.2118226600985222,,,,,,,0.0876242095754291,asof1455,14:55,21.96618804,52.48113352941177,3.2880341911764708,5.976856879411765,492.115493382353,2024-10-30,2024-09-30,0.050204,0.110329,0.338933,210782925.39,0.421866,,679036441.0,679036441.0,True,2024-10-31,1.641401,164.493654,0.655166,412.087912,0.520879,0.17329,0.038405,0.073812,-0.062192,-0.083333,-0.068967,1.300145,0.653236,0.147838,0.109845,0.005655,2.301487,0.346948,0.653052,0.280917,3.313189,0.00085,0.0077,0.00085,0.050204,2.440415,0.17329,1.076007,0.110329,0.974554,0.709382,0.159589,85,52.244092,3.273183,5.949861,489.89275,asof1455_from_lagged_eod,1,,,,,0.0,0.0,0.0,0.0,0.0,,0.0,0.0,0.0,0.0,0.0,0.0,0.0,0.0,0.0,0.0,0.0,0.0,0.0,0.0,0.0,0.0,0.0,0.0,0.0,0.0,0.0,0.0,0.0,0.0,0.0,0.0,0.0,0.0
2025-01-27,21.03930261,22.3249824,20.86987194,22.26518334,39162574.0,0.0,0.0,17.80440328869647,15.270590403340751,1.1767600735714283,0.0528520271134392,92.63741424061924,,0.9589041095883823,22.36484844,22.36484844,22.36484844,345509047.0,,,3817.0802,-0.0032891029644175,0.1757894736842105,0.179078576648628,3.790730286898176,2.153211127960456,-0.0846944948577616,0.9589041095883823,,,0.179078576648628,,,,,,,,,,0.0,,,,,,,,,,,,,,,,0.1,858351720.0,39327300,48,21.825849219244645,2025-02-05,20.28784390425631,20.04265161,21.1290012,20.04265161,-0.0888085853841296,-0.070467146526066,-0.0998209489704565,21.03930261,22.17548475,20.90973798,22.07581965,37557300,818937900.0,47,2025-01-27 14:55:00,21.80502592039364,0.0049909255898366,0.0768108896451142,0.1657894736842105,,,,,,,0.0573363431151241,asof1455,14:55,22.26518334,52.50483837568058,3.289519212794918,5.979556313520871,492.3377682622504,2024-10-30,2024-09-30,0.050204,0.110329,0.338933,210782925.39,0.421866,,679036441.0,679036441.0,True,2024-10-31,1.641401,164.493654,0.655166,412.087912,0.520879,0.17329,0.038405,0.073812,-0.062192,-0.083333,-0.068967,1.300145,0.653236,0.147838,0.109845,0.005655,2.301487,0.346948,0.653052,0.280917,3.313189,0.00085,0.0077,0.00085,0.050204,2.440415,0.17329,1.076007,0.110329,0.974554,0.709382,0.159589,88,52.955218,3.317736,6.030848,496.560981,asof1455_from_lagged_eod,1,,,,,0.0,0.0,0.0,0.0,0.0,,0.0,0.0,0.0,0.0,0.0,0.0,0.0,0.0,0.0,0.0,0.0,0.0,0.0,0.0,0.0,0.0,0.0,0.0,0.0,0.0,0.0,0.0,0.0,0.0,0.0,0.0,0.0,0.0
2025-02-05,21.1290012,21.1290012,20.04265161,20.04265161,4291900.0,0.0,0.0,18.01756979548728,15.427051426509909,1.2408304950000002,0.0619094977623042,72.42224385351618,,0.0,22.36484844,22.36484844,22.36484844,341217147.0,,,3795.0848,-0.0097921927707573,0.0754010695187166,0.0851932622894739,1.6320374319226318,2.087729451697014,-1.8714859437735911,0.0,,,0.0851932622894739,,,,,,,,,,0.0,,,,,,,,,,,,,,,,0.1,87132232.0,4294800,48,20.28784390425631,2025-02-06,19.609997131085777,19.54432611,20.14231671,19.08586665,-0.0215866885945548,-0.0334114741994995,-0.0248632521133764,21.1290012,21.1290012,20.04265161,20.04265161,4254900,86329840.0,47,2025-02-05 14:55:00,20.289510916825307,-0.0998209489704565,-0.0142156862745097,0.0754010695187166,,,,,,,0.0542018896071606,asof1455,14:55,20.04265161,47.6691778863026,2.9865564440465535,5.42884302954342,446.99379265487914,2024-10-30,2024-09-30,0.050204,0.110329,0.338933,210782925.39,0.421866,,679036441.0,679036441.0,True,2024-10-31,1.641401,164.493654,0.655166,412.087912,0.520879,0.17329,0.038405,0.073812,-0.062192,-0.083333,-0.068967,1.300145,0.653236,0.147838,0.109845,0.005655,2.301487,0.346948,0.653052,0.280917,3.313189,0.00085,0.0077,0.00085,0.050204,2.440415,0.17329,1.076007,0.110329,0.974554,0.709382,0.159589,97,47.669178,2.986557,5.428843,446.993793,asof1455_from_lagged_eod,1,,,,,0.0,0.0,0.0,0.0,0.0,,0.0,0.0,0.0,0.0,0.0,0.0,0.0,0.0,0.0,0.0,0.0,0.0,0.0,0.0,0.0,0.0,0.0,0.0,0.0,0.0,0.0,0.0,0.0,0.0,0.0,0.0,0.0,0.0
2025-02-06,19.74365631,20.14231671,19.08586665,19.54432611,54530352.0,0.0,0.0,18.1629751587742,15.562044039083352,1.2650348764285713,0.064726451518901,68.79721344003974,1.7345837522175225,0.433962264150533,22.36484844,22.36484844,22.36484844,286686795.0,207062844.1,102050431.17006896,3842.8314,0.0120659993954201,-0.0466699076324744,-0.0587359070278946,1.091946931237593,2.056015346416145,-2.2296004501951985,0.433962264150533,0.5507674723487131,0.7802412002287888,-0.0587359070278946,,,,,,,,,,1.0,,,,,,,,,,,,,,,,0.1,1079983333.0,55073100,48,19.609997131085777,2025-02-07,19.88172303438388,20.14231671,20.34164691,19.31509638,0.0172631648942478,0.0138564988807348,0.0305966343702193,19.74365631,20.1323502,19.09583316,19.41476148,54332700,1065509657.0,47,2025-02-06 14:55:00,19.610835776613342,-0.0313276976628543,-0.116152450090744,-0.0529897909577053,,,,,,,0.0533880903490759,asof1455,14:55,19.54432611,46.17581240377921,2.8929950452511184,5.258769847836897,432.99050659572345,2024-10-30,2024-09-30,0.050204,0.110329,0.338933,210782925.39,0.421866,,679036441.0,679036441.0,True,2024-10-31,1.641401,164.493654,0.655166,412.087912,0.520879,0.17329,0.038405,0.073812,-0.062192,-0.083333,-0.068967,1.300145,0.653236,0.147838,0.109845,0.005655,2.301487,0.346948,0.653052,0.280917,3.313189,0.00085,0.0077,0.00085,0.050204,2.440415,0.17329,1.076007,0.110329,0.974554,0.709382,0.159589,98,46.483967,2.912301,5.293864,435.880074,asof1455_from_lagged_eod,1,,,,,0.0,0.0,0.0,0.0,0.0,,0.0,0.0,0.0,0.0,0.0,0.0,0.0,0.0,0.0,0.0,0.0,0.0,0.0,0.0,0.0,0.0,0.0,0.0,0.0,0.0,0.0,0.0,0.0,0.0,0.0,0.0,0.0,0.0
2025-02-07,19.5343596,20.34164691,19.31509638,20.14231671,31224052.0,0.0,0.0,18.351483877938563,15.712216913539637,1.290663045,0.0640771895101403,70.69294888143696,0.9692737429170422,0.8058252427176598,22.36484844,22.36484844,22.36484844,317910847.0,222958386.45,92909822.6906241,3892.7028,0.0233871949160404,-0.009313725490196,-0.0327009204062365,1.3875293315305617,2.044892332372376,-1.7220077220063876,0.8058252427176598,-0.0312082065567198,1.0219851658330852,-0.0327009204062365,,,,,,,,,,0.0,,,,,,,,,,,,,,,,0.1,621248176.0,31247200,48,19.88172303438388,2025-02-10,19.891102371052927,19.79348886,20.32171389,19.58419215,-0.0124719684713503,0.000471756731186,-0.0173181593270658,19.5343596,20.3316804,19.31509638,20.09248416,30823500,612693997.0,47,2025-02-07 14:55:00,19.877495968984704,0.0280469148393678,-0.0975828111011637,-0.0117647058823529,0.5319148936170215,,0.136094674556213,,0.935791735523524,,0.050595238095238,asof1455,14:55,20.14231671,47.78769886384499,2.9939820581336054,5.4423405527791955,448.1051653156553,2024-10-30,2024-09-30,0.050204,0.110329,0.338933,210782925.39,0.421866,,679036441.0,679036441.0,True,2024-10-31,1.641401,164.493654,0.655166,412.087912,0.520879,0.17329,0.038405,0.073812,-0.062192,-0.083333,-0.068967,1.300145,0.653236,0.147838,0.109845,0.005655,2.301487,0.346948,0.653052,0.280917,3.313189,0.00085,0.0077,0.00085,0.050204,2.440415,0.17329,1.076007,0.110329,0.974554,0.709382,0.159589,99,47.90622,3.001408,5.455839,449.216537,asof1455_from_lagged_eod,1,,,,,0.0,0.0,0.0,0.0,0.0,,0.0,0.0,0.0,0.0,0.0,0.0,0.0,0.0,0.0,0.0,0.0,0.0,0.0,0.0,0.0,0.0,0.0,0.0,0.0,0.0,0.0,0.0,0.0,0.0,0.0,0.0,0.0,0.0
2025-02-10,20.32171389,20.32171389,19.58419215,19.79348886,17909303.0,0.0,0.0,18.488817685753936,15.846029108505547,1.2835441092857145,0.064846784635301,68.09401766549028,0.5581464215159352,0.2837837837833987,22.36484844,22.3249824,22.3249824,300001544.0,236936240.35,81749879.2672853,3901.0618,0.0177929885688343,-0.0989110707803991,-0.1167040593492335,1.016459944622464,2.0589776059328635,-2.003327787020069,0.2837837837833987,-0.5831339468723522,0.7714421625480921,-0.1167040593492335,,,,,,,,,,1.0,,,,,,,,,,,,,,,,0.1,354021840.0,17798000,48,19.891102371052927,2025-02-11,20.271100459390787,20.37154644,20.68050825,19.48452705,0.0241297329020138,0.0191039230128775,0.0292044310171197,20.32171389,20.32171389,19.64399121,19.82338839,17541300,348923184.0,47,2025-02-10 14:55:00,19.891523661302184,-0.01583374567046,-0.0109398309298855,-0.0975499092558982,0.4646539027982328,,0.0990468296726068,,0.745036102149747,,0.0341880341880342,asof1455,14:55,19.79348886,47.14768509648689,2.953884469074716,5.369452632855023,442.1037566021772,2024-10-30,2024-09-30,0.050204,0.110329,0.338933,210782925.39,0.421866,,679036441.0,679036441.0,True,2024-10-31,1.641401,164.493654,0.655166,412.087912,0.520879,0.17329,0.038405,0.073812,-0.062192,-0.083333,-0.068967,1.300145,0.653236,0.147838,0.109845,0.005655,2.301487,0.346948,0.653052,0.280917,3.313189,0.00085,0.0077,0.00085,0.050204,2.440415,0.17329,1.076007,0.110329,0.974554,0.709382,0.159589,102,47.076573,2.949429,5.361354,441.436933,asof1455_from_lagged_eod,1,,,,,0.0,0.0,0.0,0.0,0.0,,0.0,0.0,0.0,0.0,0.0,0.0,0.0,0.0,0.0,0.0,0.0,0.0,0.0,0.0,0.0,0.0,0.0,0.0,0.0,0.0,0.0,0.0,0.0,0.0,0.0,0.0,0.0,0.0
2025-02-11,19.78352235,20.68050825,19.48452705,20.37154644,23400209.0,0.0,0.0,18.668125186158324,15.994406725931595,1.2536445792857145,0.0615389991613053,70.05845222784995,0.732994880146971,0.7416666666660465,22.36484844,21.1290012,21.1290012,323401753.0,250751098.7,71163219.73613638,3883.1352,0.0173051119020239,-0.0850492390331244,-0.1023543509351484,1.358775271704896,2.13275636843418,-1.5900056785904408,0.7416666666660465,-0.3106165619125519,1.020901732234416,-0.1023543509351484,,,,,,,,,,0.0,,,,,,,,,,,,,,,,0.1,477885112.0,23574700,48,20.271100459390787,2025-02-12,20.29700644908853,20.06258463,20.60077617,19.92305349,-0.0036590246661443,0.0012779764842882,-0.0151663405088062,19.78352235,20.66057523,19.50446007,20.3316804,23188700,469998904.0,47,2025-02-11 14:55:00,20.268445579096717,0.0271903323262838,0.0402855685874554,-0.0868397493285586,0.4356087262491204,,0.1080031502050349,,0.9052860201061238,,0.0568627450980391,asof1455,14:55,20.37154644,48.35660066465257,3.029624954682779,5.507130996978852,453.4397499093655,2024-10-30,2024-09-30,0.050204,0.110329,0.338933,210782925.39,0.421866,,679036441.0,679036441.0,True,2024-10-31,1.641401,164.493654,0.655166,412.087912,0.520879,0.17329,0.038405,0.073812,-0.062192,-0.083333,-0.068967,1.300145,0.653236,0.147838,0.109845,0.005655,2.301487,0.346948,0.653052,0.280917,3.313189,0.00085,0.0077,0.00085,0.050204,2.440415,0.17329,1.076007,0.110329,0.974554,0.709382,0.159589,103,48.451417,3.035565,5.517929,454.328848,asof1455_from_lagged_eod,1,,,,,0.0,0.0,0.0,0.0,0.0,,0.0,0.0,0.0,0.0,0.0,0.0,0.0,0.0,0.0,0.0,0.0,0.0,0.0,0.0,0.0,0.0,0.0,0.0,0.0,0.0,0.0,0.0,0.0,0.0,0.0,0.0,0.0,0.0
2025-02-12,20.30178087,20.60077617,19.92305349,20.06258463,14498430.0,0.0,0.0,18.800930847476582,16.1277896080322,1.2308639849999998,0.0613512170889189,67.66061461523279,0.4774524640321468,0.2058823529408716,22.36484844,20.68050825,20.68050825,308903323.0,261558231.5,62196824.339921504,3919.8617,0.0328785538599822,0.000994530084535,-0.0318840237754471,1.0250147846533937,2.171760057990657,-1.8704453441280344,0.2058823529408716,-0.7392906757820954,0.7612139687590318,-0.0318840237754471,,,,,,,,,,1.0,,,,,,,,,,,,,,,,0.1,290492786.0,14312100,48,20.29700644908853,2025-02-13,20.709081750231984,20.42137899,21.00940308,20.18218275,0.0322240195944276,0.0203022698040258,0.0178837555886737,20.30178087,20.59080966,19.94298651,20.0326851,14131800,286864434.0,47,2025-02-12 14:55:00,20.299214112851867,-0.0166340508806263,-0.0054428500742207,-0.0004972650422676,0.2859884836852207,,0.0735459061047909,,0.6841623919431031,,0.0323383084577114,asof1455,14:55,20.06258463,47.64547366438356,2.985071257338552,5.426143488258316,446.77151882583166,2024-10-30,2024-09-30,0.050204,0.110329,0.338933,210782925.39,0.421866,,679036441.0,679036441.0,True,2024-10-31,1.641401,164.493654,0.655166,412.087912,0.520879,0.17329,0.038405,0.073812,-0.062192,-0.083333,-0.068967,1.300145,0.653236,0.147838,0.109845,0.005655,2.301487,0.346948,0.653052,0.280917,3.313189,0.00085,0.0077,0.00085,0.050204,2.440415,0.17329,1.076007,0.110329,0.974554,0.709382,0.159589,104,47.716587,2.989527,5.434242,447.438342,asof1455_from_lagged_eod,1,,,,,0.0,0.0,0.0,0.0,0.0,,0.0,0.0,0.0,0.0,0.0,0.0,0.0,0.0,0.0,0.0,0.0,0.0,0.0,0.0,0.0,0.0,0.0,0.0,0.0,0.0,0.0,0.0,0.0,0.0,0.0,0.0,0.0,0.0
2025-02-13,20.18218275,21.00940308,20.18218275,20.42137899,19457104.0,0.0,0.0,18.955259242002622,16.268563030391796,1.2265926235714282,0.0600641427874194,68.98805118722557,0.6939100667474293,0.289156626505677,22.36484844,21.00940308,21.00940308,328360427.0,270038943.6,59085813.027774006,3905.1398,0.0162141904013795,0.0448750637429882,0.0286608733416087,1.1952784647663477,2.190373690480768,-1.5844457341832692,0.289156626505677,-0.365412913691696,0.9870640753066264,0.0286608733416087,,,,,,,,,,0.0,,,,,,,,,,,,,,,,0.1,406175504.0,19613400,48,20.709081750231984,2025-02-14,19.82884880331705,19.4346945,20.68050825,19.25529732,-0.0290151897662298,-0.0425046826088787,-0.0483162518301611,20.18218275,20.98947006,20.18218275,20.40144597,19330100,400373904.0,47,2025-02-13 14:55:00,20.712459014697284,0.0168902136115252,0.0307150050352467,0.0438551759306475,0.2550582464745556,,0.0803251002744354,,0.7998453552450057,,0.0395701025891548,asof1455,14:55,20.42137899,48.52253034724292,3.040020749627422,5.526027508196722,454.99567117436663,2024-10-30,2024-09-30,0.050204,0.110329,0.338933,210782925.39,0.421866,,679036441.0,679036441.0,True,2024-10-31,1.641401,164.493654,0.655166,412.087912,0.520879,0.17329,0.038405,0.073812,-0.062192,-0.083333,-0.068967,1.300145,0.653236,0.147838,0.109845,0.005655,2.301487,0.346948,0.653052,0.280917,3.313189,0.00085,0.0077,0.00085,0.050204,2.440415,0.17329,1.076007,0.110329,0.974554,0.709382,0.159589,105,48.569938,3.042991,5.531427,455.44022,asof1455_from_lagged_eod,1,,,,,0.0,0.0,0.0,0.0,0.0,,0.0,0.0,0.0,0.0,0.0,0.0,0.0,0.0,0.0,0.0,0.0,0.0,0.0,0.0,0.0,0.0,0.0,0.0,0.0,0.0,0.0,0.0,0.0,0.0,0.0,0.0,0.0,0.0
2025-02-14,20.41141248,20.68050825,19.25529732,19.4346945,24289214.0,0.0,0.0,19.000919742764275,16.372370619559277,1.2628991957142852,0.0649816849816816,61.51066492449927,0.8847096364045531,0.1258741258740367,22.36484844,21.00940308,21.00940308,304071213.0,275505375.0,56883074.07310967,3939.0085,0.0118955138316749,-0.0351311232063334,-0.0470266370380084,0.3434753610639854,2.0813609923286323,-2.320180383312707,0.1258741258740367,-0.1224957822671019,0.5021852012302536,-0.0470266370380084,,,,,,,,,,0.0,,,,,,,,,,,,,,,,0.1,483010928.0,24359000,48,19.82884880331705,2025-02-17,19.481305283317084,19.5343596,20.12238369,19.1356992,0.0023983285827871,-0.0175271657697964,0.0051282051282051,20.41141248,20.67054174,19.25529732,19.42472799,23906300,474190000.0,47,2025-02-14 14:55:00,19.83535720709604,-0.0488042947779404,-0.0464774951076319,-0.0356259277585353,0.1920489296636087,,0.0173826799603278,,0.1819872937427624,,0.0728578758337609,asof1455,14:55,19.4346945,46.19951642850171,2.89447997022938,5.261469606149341,433.21278124938993,2024-10-30,2024-09-30,0.050204,0.110329,0.338933,210782925.39,0.421866,,679036441.0,679036441.0,True,2024-10-31,1.641401,164.493654,0.655166,412.087912,0.520879,0.17329,0.038405,0.073812,-0.062192,-0.083333,-0.068967,1.300145,0.653236,0.147838,0.109845,0.005655,2.301487,0.346948,0.653052,0.280917,3.313189,0.00085,0.0077,0.00085,0.050204,2.440415,0.17329,1.076007,0.110329,0.974554,0.709382,0.159589,106,46.223221,2.895965,5.264169,433.435055,asof1455_from_lagged_eod,1,,,,,0.0,0.0,0.0,0.0,0.0,,0.0,0.0,0.0,0.0,0.0,0.0,0.0,0.0,0.0,0.0,0.0,0.0,0.0,0.0,0.0,0.0,0.0,0.0,0.0,0.0,0.0,0.0,0.0,0.0,0.0,0.0,0.0,0.0
2025-02-17,19.51442658,20.12238369,19.1356992,19.5343596,17333300.0,0.0,0.0,19.051723538691487,16.47604238940979,1.2685943442857135,0.0649416909620957,61.95917821620674,0.6362280114221158,0.4040404040399923,22.36484844,21.00940308,21.00940308,321404513.0,282915734.4,52561967.03213018,3947.3983,0.0118779200062915,-0.013091641490433,-0.0249695614967245,0.3804494821233661,2.0303426078490925,-2.231200897865808,0.4040404040399923,-0.4521982713655015,0.7322552935751535,-0.0249695614967245,,,,,,,,,,0.0,,,,,,,,,,,,,,,,0.1,337722064.0,17335700,48,19.481305283317084,2025-02-18,19.69495925574748,19.34499591,20.05261812,19.2353643,0.008221393433726,0.0109671281940928,-0.0096938775510202,19.51442658,19.93302,19.14566571,19.51442658,17001100,331165168.0,47,2025-02-17 14:55:00,19.479043591297035,0.004102564102564,-0.0273224043715847,-0.014098690835851,0.225281602002503,,0.0137461492660952,,0.1549673284395936,,0.0403472931562819,asof1455,14:55,19.5343596,46.412854727179486,2.907845882051282,5.2857655907692305,435.21325009743583,2024-10-30,2024-09-30,0.050204,0.110329,0.338933,210782925.39,0.421866,,679036441.0,679036441.0,True,2024-10-31,1.641401,164.493654,0.655166,412.087912,0.520879,0.17329,0.038405,0.073812,-0.062192,-0.083333,-0.068967,1.300145,0.653236,0.147838,0.109845,0.005655,2.301487,0.346948,0.653052,0.280917,3.313189,0.00085,0.0077,0.00085,0.050204,2.440415,0.17329,1.076007,0.110329,0.974554,0.709382,0.159589,109,46.460263,2.910816,5.291165,435.657799,asof1455_from_lagged_eod,1,,,,,0.0,0.0,0.0,0.0,0.0,,0.0,0.0,0.0,0.0,0.0,0.0,0.0,0.0,0.0,0.0,0.0,0.0,0.0,0.0,0.0,0.0,0.0,0.0,0.0,0.0,0.0,0.0,0.0,0.0,0.0,0.0,0.0,0.0
2025-02-18,19.50446007,20.05261812,19.2353643,19.34499591,14608401.0,0.0,0.0,19.07965424072087,16.570106439265206,1.2628991957142852,0.065282991094425,60.51624845520587,0.5458063014518327,0.1341463414632515,22.3249824,21.00940308,21.00940308,306796112.0,290805134.75,42807344.01412569,3912.7829,0.0076349904067207,-0.0503913894324852,-0.058026379839206,0.2101051851005779,1.9871323142575108,-2.359639233369044,0.1341463414632515,-0.6054911254249075,0.3735568654930624,-0.058026379839206,,,,,,,,,,0.0,,,,,,,,,,,,,,,,0.1,286644376.0,14554200,48,19.69495925574748,2025-02-19,19.56613853319873,19.48452705,19.81342188,19.05596712,0.0114315156347184,-0.0065407966005898,0.0072127769191137,19.50446007,20.05261812,19.26526383,19.3350294,14218600,280140696.0,47,2025-02-18 14:55:00,19.7024106452112,-0.0102040816326529,-0.0531966813079551,-0.0508806262230919,0.2301838934686113,,-0.004898566335821,,-0.0622887867338413,,0.0407216494845362,asof1455,14:55,19.34499591,45.98617868367347,2.8811137959183677,5.237173520408164,431.2123112551021,2024-10-30,2024-09-30,0.050204,0.110329,0.338933,210782925.39,0.421866,,679036441.0,679036441.0,True,2024-10-31,1.641401,164.493654,0.655166,412.087912,0.520879,0.17329,0.038405,0.073812,-0.062192,-0.083333,-0.068967,1.300145,0.653236,0.147838,0.109845,0.005655,2.301487,0.346948,0.653052,0.280917,3.313189,0.00085,0.0077,0.00085,0.050204,2.440415,0.17329,1.076007,0.110329,0.974554,0.709382,0.159589,110,46.009883,2.882599,5.239873,431.434586,asof1455_from_lagged_eod,1,,,,,0.0,0.0,0.0,0.0,0.0,,0.0,0.0,0.0,0.0,0.0,0.0,0.0,0.0,0.0,0.0,0.0,0.0,0.0,0.0,0.0,0.0,0.0,0.0,0.0,0.0,0.0,0.0,0.0,0.0,0.0,0.0,0.0,0.0
2025-02-19,19.26526383,19.81342188,19.05596712,19.48452705,11389580.0,0.0,0.0,19.11821355589031,16.665661213387658,1.183879009285714,0.0607599561563724,61.232663381090624,0.4341111318178026,0.5657894736834653,21.1290012,21.00940308,21.00940308,318185692.0,298166280.5,33130913.736313365,3940.1602,0.005178371471626,-0.0288127173373075,-0.0339910888089335,0.3094180158920069,2.071624146778574,-1.3890559230294948,0.5657894736834653,-0.834454713564228,0.6042517166696065,-0.0339910888089335,,,,,,,,,,0.0,,,,,,,,,,,,,,,,0.1,220952576.0,11292600,48,19.56613853319873,2025-02-20,19.724519517779,19.5343596,19.93302,19.22539779,0.0123170794530012,0.0080946470000473,0.0025575447570331,19.26526383,19.80345537,19.05596712,19.46459403,11233100,219790896.0,47,2025-02-19 14:55:00,19.5663615564715,0.0061823802163831,0.0015384615384617,-0.029806259314456,0.1256484149855909,,-0.0074958709185618,,-0.1157470342872889,,0.0384024577572964,asof1455,14:55,19.48452705,46.29433359041731,2.900420323029366,5.2722678871715605,434.1018786491499,2024-10-30,2024-09-30,0.050204,0.110329,0.338933,210782925.39,0.421866,,679036441.0,679036441.0,True,2024-10-31,1.641401,164.493654,0.655166,412.087912,0.520879,0.17329,0.038405,0.073812,-0.062192,-0.083333,-0.068967,1.300145,0.653236,0.147838,0.109845,0.005655,2.301487,0.346948,0.653052,0.280917,3.313189,0.00085,0.0077,0.00085,0.050204,2.440415,0.17329,1.076007,0.110329,0.974554,0.709382,0.159589,111,46.341742,2.90339,5.277667,434.546427,asof1455_from_lagged_eod,1,,,,,0.0,0.0,0.0,0.0,0.0,,0.0,0.0,0.0,0.0,0.0,0.0,0.0,0.0,0.0,0.0,0.0,0.0,0.0,0.0,0.0,0.0,0.0,0.0,0.0,0.0,0.0,0.0,0.0,0.0,0.0,0.0,0.0,0.0
2025-02-20,19.3350294,19.93302,19.22539779,19.5343596,13614700.0,0.0,0.0,19.157846512472183,16.759716898194622,1.14614865,0.0586734693877521,61.50133300014693,0.5386032933478664,0.4366197183092413,21.00940308,20.68050825,20.68050825,331800392.0,304568660.85,25836683.940673728,3928.8959,0.0060832905393042,-0.043435822352367,-0.0495191128916713,0.3285028408204178,2.0923373371119607,-1.2869565217380077,0.4366197183092413,-0.6187759839782041,1.0539948242789037,-0.0495191128916713,,,,,,,,,,1.0,,,,,,,,,,,,,,,,0.1,272253598.0,13802800,48,19.724519517779,2025-02-21,20.09433702543901,20.1323502,20.29181436,19.38486195,0.0286662801804373,0.018749126300728,0.0306122448979593,19.3350294,19.93302,19.22539779,19.55429262,13626400,268795534.0,47,2025-02-20 14:55:00,19.72608568660835,0.0035805626598464,0.0010204081632652,-0.0424597364568083,0.1275862068965516,,-0.0084649399873658,,-0.1446025577664501,,0.0361875637104995,asof1455,14:55,19.5343596,46.50767151099744,2.9137857698209713,5.296564017391304,436.10234771048584,2024-10-30,2024-09-30,0.050204,0.110329,0.338933,210782925.39,0.421866,,679036441.0,679036441.0,True,2024-10-31,1.641401,164.493654,0.655166,412.087912,0.520879,0.17329,0.038405,0.073812,-0.062192,-0.083333,-0.068967,1.300145,0.653236,0.147838,0.109845,0.005655,2.301487,0.346948,0.653052,0.280917,3.313189,0.00085,0.0077,0.00085,0.050204,2.440415,0.17329,1.076007,0.110329,0.974554,0.709382,0.159589,112,46.460263,2.910816,5.291165,435.657799,asof1455_from_lagged_eod,1,,,,,0.0,0.0,0.0,0.0,0.0,,0.0,0.0,0.0,0.0,0.0,0.0,0.0,0.0,0.0,0.0,0.0,0.0,0.0,0.0,0.0,0.0,0.0,0.0,0.0,0.0,0.0,0.0,0.0,0.0,0.0,0.0,0.0,0.0
2025-02-21,19.74365631,20.29181436,19.38486195,20.1323502,18064801.0,0.0,0.0,19.25065638747483,16.870295039237423,1.0657046764285714,0.0529349363507753,64.6658883805786,0.744402273271762,0.8241758241749165,21.00940308,20.29181436,20.29181436,349865193.0,309960778.25,23354852.691005755,3978.444,0.0100115295511549,0.0358974358974359,0.025885906346281,0.8273340936056585,2.2336031743919227,-0.8229792919163929,0.8241758241749165,-0.2951737003877505,1.7086134208574002,0.025885906346281,,,,,,,,,,0.0,,,,,,,,,,,,,,,,0.1,363197104.0,18074600,48,20.09433702543901,2025-02-24,18.54006663800516,18.3383784,19.92305349,18.11911518,-0.0790907939796737,-0.0773486771654213,-0.0891089108910891,19.74365631,20.29181436,19.48452705,20.09248416,17894000,359552080.0,47,2025-02-21 14:55:00,20.09344361238404,0.0285714285714286,0.0386398763523956,0.033846153846154,0.1125827814569537,,0.0131926121372032,,0.2566117576251732,,0.0401785714285714,asof1455,14:55,20.1323502,47.78769908571429,2.9939821714285717,5.442341142857144,448.1051646857143,2024-10-30,2024-09-30,0.050204,0.110329,0.338933,210782925.39,0.421866,,679036441.0,679036441.0,True,2024-10-31,1.641401,164.493654,0.655166,412.087912,0.520879,0.17329,0.038405,0.073812,-0.062192,-0.083333,-0.068967,1.300145,0.653236,0.147838,0.109845,0.005655,2.301487,0.346948,0.653052,0.280917,3.313189,0.00085,0.0077,0.00085,0.050204,2.440415,0.17329,1.076007,0.110329,0.974554,0.709382,0.159589,113,47.882516,2.999923,5.453139,448.994263,asof1455_from_lagged_eod,1,,,,,0.0,0.0,0.0,0.0,0.0,,0.0,0.0,0.0,0.0,0.0,0.0,0.0,0.0,0.0,0.0,0.0,0.0,0.0,0.0,0.0,0.0,0.0,0.0,0.0,0.0,0.0,0.0,0.0,0.0,0.0,0.0,0.0,0.0
2025-02-24,19.92305349,19.92305349,18.11911518,18.3383784,41012544.0,0.0,0.0,19.163772769620085,16.918428919918163,1.1055707164285713,0.060287267080742,51.096405544824776,1.643265785635945,0.1215469613258986,21.00940308,20.29181436,20.29181436,308852649.0,311942065.15,21415476.807747506,3969.7169,0.0056540025363034,-0.0612244897959183,-0.0668784923322217,-0.7465776339352467,2.030936435213511,-2.415969092077659,0.1215469613258986,0.4966855944662035,-0.1442609089554482,-0.0668784923322217,,,,,,,,,,0.0,,,,,,,,,,,,,,,,0.1,767610671.0,41402800,48,18.54006663800516,2025-02-25,17.820591833383048,18.04934961,18.21878028,17.33176089,-0.0282351337355407,-0.038806484284542,-0.0157608695652173,19.92305349,19.92305349,18.11911518,18.31844538,41090100,761855656.0,47,2025-02-24 14:55:00,18.541100070333243,-0.0900990099009901,-0.059846547314578,-0.0622448979591836,0.0060207991242473,,-0.0810689198310127,,-1.726365503934453,,0.0984766050054406,asof1455,14:55,18.3383784,43.56834871683168,2.729632907920792,4.961816575247524,408.5403244524752,2024-10-30,2024-09-30,0.050204,0.110329,0.338933,210782925.39,0.421866,,679036441.0,679036441.0,True,2024-10-31,1.641401,164.493654,0.655166,412.087912,0.520879,0.17329,0.038405,0.073812,-0.062192,-0.083333,-0.068967,1.300145,0.653236,0.147838,0.109845,0.005655,2.301487,0.346948,0.653052,0.280917,3.313189,0.00085,0.0077,0.00085,0.050204,2.440415,0.17329,1.076007,0.110329,0.974554,0.709382,0.159589,116,43.615757,2.732603,4.967216,408.984873,asof1455_from_lagged_eod,1,,,,,0.0,0.0,0.0,0.0,0.0,,0.0,0.0,0.0,0.0,0.0,0.0,0.0,0.0,0.0,0.0,0.0,0.0,0.0,0.0,0.0,0.0,0.0,0.0,0.0,0.0,0.0,0.0,0.0,0.0,0.0,0.0,0.0,0.0
2025-02-25,17.55102411,18.21878028,17.33176089,18.04934961,29952217.0,0.0,0.0,19.05763723060865,16.95550828680609,1.0187197007142854,0.0564407982961237,49.30143317379099,1.19189432652005,0.808988764044031,21.00940308,20.29181436,20.29181436,278900432.0,311100107.8,22346704.52019412,3925.6505,0.0032886056622256,-0.0669757856774858,-0.0702643913397115,-0.9897596168020384,2.0635008259156726,-2.905660377355637,0.808988764044031,0.1755439124650349,-1.4409138390361778,-0.0702643913397115,,,,,,,,,,0.0,,,,,,,,,,,,,,,0.0605236116185572,0.1,531696960.0,29836100,48,17.820591833383048,2025-02-26,18.183192012927364,18.06928263,18.4380435,17.85001941,0.0074153587702245,0.0203472579886523,0.0011043622308117,17.55102411,18.20881377,17.33176089,18.06928263,29633600,528018688.0,47,2025-02-25 14:55:00,17.818243075427894,-0.0146739130434782,-0.0749999999999999,-0.0659453889747553,-0.0457894736842104,,-0.0938624550179928,,-2.0245157510696066,,0.0485383342526198,asof1455,14:55,18.04934961,42.975743174456525,2.6925050211956525,4.894327504347826,402.9834645375,2024-10-30,2024-09-30,0.050204,0.110329,0.338933,210782925.39,0.421866,,679036441.0,679036441.0,True,2024-10-31,1.641401,164.493654,0.655166,412.087912,0.520879,0.17329,0.038405,0.073812,-0.062192,-0.083333,-0.068967,1.300145,0.653236,0.147838,0.109845,0.005655,2.301487,0.346948,0.653052,0.280917,3.313189,0.00085,0.0077,0.00085,0.050204,2.440415,0.17329,1.076007,0.110329,0.974554,0.709382,0.159589,117,42.928335,2.689535,4.888928,402.538916,asof1455_from_lagged_eod,1,,,,,0.0,0.0,0.0,0.0,0.0,,0.0,0.0,0.0,0.0,0.0,0.0,0.0,0.0,0.0,0.0,0.0,0.0,0.0,0.0,0.0,0.0,0.0,0.0,0.0,0.0,0.0,0.0,0.0,0.0,0.0,0.0,0.0,0.0
2025-02-26,17.97958404,18.4380435,17.85001941,18.06928263,14882808.0,0.0,0.0,18.96350822102687,16.992025478386218,0.9852607028571424,0.054526830037031,49.43336456951455,0.5986459494122321,0.3728813559315681,21.00940308,20.29181436,20.29181436,293783240.0,312015573.3,21214843.72130625,3959.9413,0.0050203796282191,-0.0726342710997443,-0.0776546507279634,-0.9076030216498152,2.0009757183267123,-2.9841040462397457,0.3728813559315681,-0.5130849250457464,-0.8594139810555911,-0.0776546507279634,,,,,,,,,,0.0,,,,,,,,,,,,,,,0.060287267080742,0.1,271185944.0,14914100,48,18.183192012927364,2025-02-27,18.41368342678676,18.24867981,18.78687135,17.89985196,0.0190600149346804,0.0126760699494086,0.0099282956425812,17.97958404,18.42807699,17.88988545,18.07924914,14563400,264829304.0,47,2025-02-26 14:55:00,18.18457942513424,0.0016565433462176,-0.1019801980198019,-0.0721227621483375,-0.029946524064171,,-0.0913416985999447,,-1.8346957606265395,,0.0297684674751929,asof1455,14:55,18.06928263,42.99944764770845,2.6939903313086693,4.897026721148538,403.20573916289345,2024-10-30,2024-09-30,0.050204,0.110329,0.338933,210782925.39,0.421866,,679036441.0,679036441.0,True,2024-10-31,1.641401,164.493654,0.655166,412.087912,0.520879,0.17329,0.038405,0.073812,-0.062192,-0.083333,-0.068967,1.300145,0.653236,0.147838,0.109845,0.005655,2.301487,0.346948,0.653052,0.280917,3.313189,0.00085,0.0077,0.00085,0.050204,2.440415,0.17329,1.076007,0.110329,0.974554,0.709382,0.159589,118,42.975743,2.692505,4.894328,402.983464,asof1455_from_lagged_eod,1,,,,,0.0,0.0,0.0,0.0,0.0,,0.0,0.0,0.0,0.0,0.0,0.0,0.0,0.0,0.0,0.0,0.0,0.0,0.0,0.0,0.0,0.0,0.0,0.0,0.0,0.0,0.0,0.0,0.0,0.0,0.0,0.0,0.0,0.0
2025-02-27,18.28854585,18.78687135,17.89985196,18.24867981,15205299.0,0.0,0.0,18.8954293247386,17.033227259750603,0.9752941928571424,0.0534446438324071,50.67738010602496,0.627595667664139,0.3932584269658484,21.00940308,20.29181436,20.29181436,308988539.0,312298112.65,21134868.898152187,3968.1159,0.0099824482496468,-0.0658163265306122,-0.075798774780259,-0.6631327444319857,1.909374708292612,-2.8306569343036685,0.3932584269658484,-0.4658591611678965,-0.1565930532121413,-0.075798774780259,,,,,,,,,,0.0,,,,,,,,,,,,,,,0.0601757049340807,0.1,279462632.0,15176900,48,18.41368342678676,2025-02-28,18.55325008721461,18.22874679,18.89650296,17.939718,0.0166899896532632,0.0075795079774654,-0.0010922992900054,18.28854585,18.78687135,17.90981847,18.25864632,15121200,278441928.0,47,2025-02-27 14:55:00,18.414009999206414,0.0104798676227246,-0.0043478260869564,-0.0653061224489794,-0.109382596013612,,-0.0810132932029095,,-1.5574378782244125,,0.0480349344978164,asof1455,14:55,18.24867981,43.426123097628235,2.7207220959735245,4.945619909542194,407.2066773568671,2024-10-30,2024-09-30,0.050204,0.110329,0.338933,210782925.39,0.421866,,679036441.0,679036441.0,True,2024-10-31,1.641401,164.493654,0.655166,412.087912,0.520879,0.17329,0.038405,0.073812,-0.062192,-0.083333,-0.068967,1.300145,0.653236,0.147838,0.109845,0.005655,2.301487,0.346948,0.653052,0.280917,3.313189,0.00085,0.0077,0.00085,0.050204,2.440415,0.17329,1.076007,0.110329,0.974554,0.709382,0.159589,119,43.402419,2.719237,4.94292,406.984403,asof1455_from_lagged_eod,1,,,,,0.0,0.0,0.0,0.0,0.0,,0.0,0.0,0.0,0.0,0.0,0.0,0.0,0.0,0.0,0.0,0.0,0.0,0.0,0.0,0.0,0.0,0.0,0.0,0.0,0.0,0.0,0.0,0.0,0.0,0.0,0.0,0.0,0.0
2025-02-28,18.21878028,18.89650296,17.939718,18.22874679,18028426.0,0.0,0.0,18.831935750001588,17.072424621398124,0.9909558514285708,0.05436225884558,50.52863540942603,0.7767110830461619,0.3020833333330172,20.68050825,19.92305349,19.92305349,290960113.0,313597272.2,18862545.560772337,3890.0487,-0.022218560824282,-0.0945544554455446,-0.0723358946212625,-0.6086940796922663,1.7755696442633255,-2.474137931031988,0.3020833333330172,-0.2526868342542457,-1.20011157174234,-0.0723358946212625,,,,,,,,,,0.0,,,,,,,,,,,,,,,0.0600641427874194,0.1,335051288.0,18058900,48,18.55325008721461,2025-03-03,18.06478938933983,17.67062223,18.68720625,17.56099062,-0.0089944417215841,-0.0263275003343695,-0.0306178239475122,18.21878028,18.89650296,17.939718,18.19884726,17758200,329551448.0,47,2025-02-28 14:55:00,18.55770562331768,-0.0027307482250135,0.0082827167310879,-0.096039603960396,-0.1049019607843136,,-0.078801331853496,,-1.4413703925012324,,0.0525739320920043,asof1455,14:55,18.22874679,43.28389792135446,2.711811448388859,4.9294221299836165,405.87303106389953,2024-10-30,2024-09-30,0.050204,0.110329,0.338933,210782925.39,0.421866,,679036441.0,679036441.0,True,2024-10-31,1.641401,164.493654,0.655166,412.087912,0.520879,0.17329,0.038405,0.073812,-0.062192,-0.083333,-0.068967,1.300145,0.653236,0.147838,0.109845,0.005655,2.301487,0.346948,0.653052,0.280917,3.313189,0.00085,0.0077,0.00085,0.050204,2.440415,0.17329,1.076007,0.110329,0.974554,0.709382,0.159589,120,43.355011,2.716267,4.937521,406.539855,asof1455_from_lagged_eod,1,,,,,0.0,0.0,0.0,0.0,0.0,,0.0,0.0,0.0,0.0,0.0,0.0,0.0,0.0,0.0,0.0,0.0,0.0,0.0,0.0,0.0,0.0,0.0,0.0,0.0,0.0,0.0,0.0,0.0,0.0,0.0,0.0,0.0,0.0
2025-03-03,18.21878028,18.68720625,17.56099062,17.67062223,15325826.0,0.0,0.0,18.721334462382387,17.092037657745728,0.9859725964285708,0.0557972766094561,46.4201948406044,0.6995202713472038,0.0973451327432772,20.29181436,18.89650296,18.89650296,275634287.0,312061662.9,20563760.28168974,3888.4738,-0.0204657163335751,-0.0364130434782609,-0.0159473271446857,-1.065660684878316,1.652476763083184,-2.6584837545099416,0.0973451327432772,-0.3573605055292387,-1.771435544910306,-0.0159473271446857,,,,,,,,,,0.0,,,,,,,,,,,,,,,0.0593688060875857,0.1,277305356.0,15350600,48,18.06478938933983,2025-03-04,17.6879937520433,17.75035431,17.91978498,17.28192834,0.0009830735905727,-0.0208580144044678,0.0045121263395375,18.21878028,18.6373737,17.57095713,17.76032082,15065100,272232588.0,47,2025-03-03 14:55:00,18.0704136049545,-0.0256971022416619,-0.0170987313844456,-0.0315217391304347,-0.1914700544464609,,-0.0961884715847133,,-1.6869259445964628,,0.0600448933782267,asof1455,14:55,17.67062223,42.240912849644616,2.646466809185348,4.810641018042647,396.09295878075454,2024-10-30,2024-09-30,0.050204,0.110329,0.338933,210782925.39,0.421866,,679036441.0,679036441.0,True,2024-10-31,1.641401,164.493654,0.655166,412.087912,0.520879,0.17329,0.038405,0.073812,-0.062192,-0.083333,-0.068967,1.300145,0.653236,0.147838,0.109845,0.005655,2.301487,0.346948,0.653052,0.280917,3.313189,0.00085,0.0077,0.00085,0.050204,2.440415,0.17329,1.076007,0.110329,0.974554,0.709382,0.159589,123,42.027575,2.6331,4.786345,394.092489,asof1455_from_lagged_eod,1,,,,,0.0,0.0,0.0,0.0,0.0,,0.0,0.0,0.0,0.0,0.0,0.0,0.0,0.0,0.0,0.0,0.0,0.0,0.0,0.0,0.0,0.0,0.0,0.0,0.0,0.0,0.0,0.0,0.0,0.0,0.0,0.0,0.0,0.0
2025-03-04,17.32179438,17.91978498,17.28192834,17.75035431,10983759.0,0.0,0.0,18.62886016215549,17.11362181027865,0.9831250221428566,0.0553862196197931,47.08214955151823,0.5357902143092028,0.7343749999988474,20.29181436,18.89650296,18.89650296,286618046.0,309117112.85,19764371.197103564,3885.2208,-0.0102988536549547,-0.0165654334621756,-0.0062665798072208,-0.8935850806032553,1.541246858484621,-2.58508327298796,0.7343749999988474,-0.6240125857390414,-1.1383649206759092,-0.0062665798072208,,,,,,,,,,1.0,,,,,,,,,,,,,,,0.0586734693877521,0.1,194773112.0,11011600,48,17.6879937520433,2025-03-05,18.810498822521943,18.81677088,19.02606759,17.61082317,0.0597252592262167,0.0634614126516734,0.060078607523863,17.32179438,17.85001941,17.32179438,17.75035431,10848100,191861240.0,47,2025-03-04 14:55:00,17.686160710170444,0.0045121263395375,-0.0273074822501365,-0.0165654334621756,-0.202775290957923,,-0.086713501871699,,-1.5804159344292652,,0.029758562605278,asof1455,14:55,17.75035431,42.21720872814439,2.6449808798646366,4.807941593344614,395.87068409983084,2024-10-30,2024-09-30,0.050204,0.110329,0.338933,210782925.39,0.421866,,679036441.0,679036441.0,True,2024-10-31,1.641401,164.493654,0.655166,412.087912,0.520879,0.17329,0.038405,0.073812,-0.062192,-0.083333,-0.068967,1.300145,0.653236,0.147838,0.109845,0.005655,2.301487,0.346948,0.653052,0.280917,3.313189,0.00085,0.0077,0.00085,0.050204,2.440415,0.17329,1.076007,0.110329,0.974554,0.709382,0.159589,124,42.217209,2.644981,4.807941,395.870684,asof1455_from_lagged_eod,1,,,,,0.0,0.0,0.0,0.0,0.0,,0.0,0.0,0.0,0.0,0.0,0.0,0.0,0.0,0.0,0.0,0.0,0.0,0.0,0.0,0.0,0.0,0.0,0.0,0.0,0.0,0.0,0.0,0.0,0.0,0.0,0.0,0.0,0.0
2025-03-05,17.78025384,19.02606759,17.61082317,18.81677088,19142939.0,0.0,0.0,18.646756420997825,17.169462763384267,1.0165840199999996,0.0540254237288106,55.076437863379766,0.9011553221820134,0.8521126760557357,20.29181436,19.02606759,19.02606759,305760985.0,307344304.75,18344756.48089094,3902.5706,-0.0144877652605608,0.0413678985107557,0.0558556637713165,0.1672409320402339,1.4531938615483109,-1.450980392155436,0.8521126760557357,-0.1040776475717342,-0.0863091179023982,0.0558556637713165,,,,,,,,,,1.0,,,,,,,,,,,,,,,0.0579272618138134,0.1,360241744.0,19151100,48,18.810498822521943,2025-03-06,19.838957069943625,20.01275208,20.46124503,18.7370388,0.0543231459033222,0.0546746929534001,0.0635593220338981,17.78025384,19.02606759,17.6407227,18.91643598,18605300,349917200.0,47,2025-03-05 14:55:00,18.807393592148475,0.0656934306569343,0.0377255330781847,0.0468836183121896,-0.0561909497762307,,-0.0152792549741888,,-0.3225734761584319,,0.0732349841938882,asof1455,14:55,18.81677088,44.9906022919708,2.818738875912409,5.123791138686131,421.8767873284672,2024-10-30,2024-09-30,0.050204,0.110329,0.338933,210782925.39,0.421866,,679036441.0,679036441.0,True,2024-10-31,1.641401,164.493654,0.655166,412.087912,0.520879,0.17329,0.038405,0.073812,-0.062192,-0.083333,-0.068967,1.300145,0.653236,0.147838,0.109845,0.005655,2.301487,0.346948,0.653052,0.280917,3.313189,0.00085,0.0077,0.00085,0.050204,2.440415,0.17329,1.076007,0.110329,0.974554,0.709382,0.159589,125,44.75356,2.803888,5.096796,419.654043,asof1455_from_lagged_eod,1,,,,,0.0,0.0,0.0,0.0,0.0,,0.0,0.0,0.0,0.0,0.0,0.0,0.0,0.0,0.0,0.0,0.0,0.0,0.0,0.0,0.0,0.0,0.0,0.0,0.0,0.0,0.0,0.0,0.0,0.0,0.0,0.0,0.0,0.0
2025-03-06,19.00613457,20.46124503,18.7370388,20.01275208,22413835.0,0.0,0.0,18.77685124566469,17.262685363929045,1.0379408271428567,0.0518639726807031,62.00828075856778,1.141417765014996,0.7398843930631535,20.29181436,20.46124503,20.46124503,328174820.0,309418706.0,18236935.94392012,3956.2369,-0.0029936121573465,0.0966684871654832,0.0996620993228297,1.1907237888851314,1.4588171523248048,-0.2688614540463818,0.7398843930631535,0.1322711432318673,1.02846849150956,0.0996620993228297,,,,,,,,,,0.0,,,,,,,,,,,,,,,0.0571810542398747,0.1,446225758.0,22492400,48,19.838957069943625,2025-03-07,20.09491454712285,19.78352235,20.46124503,19.66392423,0.004105505669306,0.0129017607264754,-0.0114541832669322,19.00613457,20.46124503,18.81677088,19.89315396,22171200,439795550.0,47,2025-03-06 14:55:00,19.83634399581439,0.0572033898305084,0.1257755217146079,0.0901146914254507,0.0178480367159612,,0.0388799250507467,,0.8338118213492537,,0.0826653306613226,asof1455,14:55,20.01275208,47.31361533898305,2.964279898305085,5.388350008474577,443.6596768156779,2024-10-30,2024-09-30,0.050204,0.110329,0.338933,210782925.39,0.421866,,679036441.0,679036441.0,True,2024-10-31,1.641401,164.493654,0.655166,412.087912,0.520879,0.17329,0.038405,0.073812,-0.062192,-0.083333,-0.068967,1.300145,0.653236,0.147838,0.109845,0.005655,2.301487,0.346948,0.653052,0.280917,3.313189,0.00085,0.0077,0.00085,0.050204,2.440415,0.17329,1.076007,0.110329,0.974554,0.709382,0.159589,126,47.598066,2.982101,5.420744,446.32697,asof1455_from_lagged_eod,1,,,,,0.0,0.0,0.0,0.0,0.0,,0.0,0.0,0.0,0.0,0.0,0.0,0.0,0.0,0.0,0.0,0.0,0.0,0.0,0.0,0.0,0.0,0.0,0.0,0.0,0.0,0.0,0.0,0.0,0.0,0.0,0.0,0.0,0.0
2025-03-07,19.68385725,20.46124503,19.66392423,19.78352235,15143670.0,0.0,0.0,18.872724684172823,17.345335756914977,1.024414849285714,0.0517812162648408,60.09429354116295,0.8041106646372483,0.1499999999998105,20.46124503,20.46124503,20.46124503,313031150.0,309174721.15,18154144.668920062,3944.0143,0.0138727312077095,0.0852925095680698,0.0714197783603602,0.8890906515669418,1.4909867114102704,-0.6615705350931715,0.1499999999998105,-0.2180183766913997,0.212426909685381,0.0714197783603602,,,,,,,,,,0.0,,,,,,,,,,,,,,,0.0568109262679992,0.1,304411832.0,15148700,48,20.09491454712285,2025-03-10,19.97492603286636,19.75362282,20.35161342,19.64399121,0.0096749041692447,-0.0059710885545255,-0.0015113350125943,19.68385725,20.46124503,19.68385725,19.75362282,14874300,298967160.0,47,2025-03-07 14:55:00,20.099578467558132,-0.0129482071713146,0.1128579449747333,0.0836522689994534,-0.0192973775358732,,0.0303329607776883,,0.6397954201674262,,0.0393541876892029,asof1455,14:55,19.78352235,46.981756380478096,2.9434881384462157,5.3505550836653395,440.5478359262949,2024-10-30,2024-09-30,0.050204,0.110329,0.338933,210782925.39,0.421866,,679036441.0,679036441.0,True,2024-10-31,1.641401,164.493654,0.655166,412.087912,0.520879,0.17329,0.038405,0.073812,-0.062192,-0.083333,-0.068967,1.300145,0.653236,0.147838,0.109845,0.005655,2.301487,0.346948,0.653052,0.280917,3.313189,0.00085,0.0077,0.00085,0.050204,2.440415,0.17329,1.076007,0.110329,0.974554,0.709382,0.159589,127,47.052869,2.947944,5.358654,441.214659,asof1455_from_lagged_eod,1,,,,,0.0,0.0,0.0,0.0,0.0,,0.0,0.0,0.0,0.0,0.0,0.0,0.0,0.0,0.0,0.0,0.0,0.0,0.0,0.0,0.0,0.0,0.0,0.0,0.0,0.0,0.0,0.0,0.0,0.0,0.0,0.0,0.0,0.0
2025-03-10,19.81342188,20.35161342,19.64399121,19.75362282,8399522.0,0.0,0.0,18.9566197447278,17.424295988491533,1.0165840199999998,0.0514631685166472,59.83486261681687,0.4575568650803517,0.1549295774645711,20.46124503,20.46124503,20.46124503,304631628.0,309406225.35,18064993.780311026,3928.8018,0.0103711641312846,0.1178793006204175,0.1075081364891328,0.7840011839566597,1.507326227924334,-0.6960784313718646,0.1549295774645711,-0.7818541067329772,-0.2643010790960715,0.1075081364891328,,,,,,,,,,0.0,,,,,,,,,,,,,,,0.0564407982961237,0.1,168106980.0,8415900,48,19.97492603286636,2025-03-11,19.41556957529925,19.29516336,19.68385725,19.08586665,-0.0171134807919119,-0.0280029301058112,-0.0232088799192734,19.81342188,20.32171389,19.66392423,19.75362282,8251600,164850372.0,47,2025-03-10 14:55:00,19.97798875369625,-0.0015113350125943,0.0497881355932203,0.1178793006204175,-0.0020140986908357,,0.0312979681036502,,0.6712932382899287,,0.0332996972754794,asof1455,14:55,19.75362282,46.98175635163729,2.9434886690176327,5.350555278589421,440.5478358377834,2024-10-30,2024-09-30,0.050204,0.110329,0.338933,210782925.39,0.421866,,679036441.0,679036441.0,True,2024-10-31,1.641401,164.493654,0.655166,412.087912,0.520879,0.17329,0.038405,0.073812,-0.062192,-0.083333,-0.068967,1.300145,0.653236,0.147838,0.109845,0.005655,2.301487,0.346948,0.653052,0.280917,3.313189,0.00085,0.0077,0.00085,0.050204,2.440415,0.17329,1.076007,0.110329,0.974554,0.709382,0.159589,130,46.981756,2.943488,5.350556,440.547836,asof1455_from_lagged_eod,1,,,,,0.0,0.0,0.0,0.0,0.0,,0.0,0.0,0.0,0.0,0.0,0.0,0.0,0.0,0.0,0.0,0.0,0.0,0.0,0.0,0.0,0.0,0.0,0.0,0.0,0.0,0.0,0.0,0.0,0.0,0.0,0.0,0.0,0.0
2025-03-11,19.46459403,19.68385725,19.08586665,19.29516336,9510460.0,0.0,0.0,18.98886199380134,17.48563590231148,1.0101769778571426,0.0523538961038933,55.85325672315459,0.53844450030245,0.3499999999994156,20.46124503,20.46124503,20.46124503,295121168.0,307992196.1,18020930.193177152,3941.4157,0.0144637596915984,0.0870297585626054,0.072565998871007,0.3032155482775945,1.4880819147919209,-1.1543340380538265,0.3499999999994156,-0.6190708512023015,-0.7142266221570007,0.072565998871007,,,,,,,,,,1.0,,,,,,,,,,,,,,,0.0561190374527899,0.1,185880780.0,9573800,48,19.41556957529925,2025-03-12,20.180711873763087,19.75362282,20.86987194,19.08586665,0.0458948440726281,0.0394086969994049,0.0237603305785123,19.46459403,19.68385725,19.08586665,19.26526383,9405300,182620572.0,47,2025-03-11 14:55:00,19.416772670728207,-0.0247225025227044,-0.0373505976095617,0.0853453116226838,-0.0543052837573385,,0.0059063825358414,,0.1268665125037108,,0.0310398344542162,asof1455,14:55,19.29516336,45.82024941876891,2.8707176104944496,5.218276865792128,429.656391013118,2024-10-30,2024-09-30,0.050204,0.110329,0.338933,210782925.39,0.421866,,679036441.0,679036441.0,True,2024-10-31,1.641401,164.493654,0.655166,412.087912,0.520879,0.17329,0.038405,0.073812,-0.062192,-0.083333,-0.068967,1.300145,0.653236,0.147838,0.109845,0.005655,2.301487,0.346948,0.653052,0.280917,3.313189,0.00085,0.0077,0.00085,0.050204,2.440415,0.17329,1.076007,0.110329,0.974554,0.709382,0.159589,131,45.891362,2.875173,5.226375,430.323214,asof1455_from_lagged_eod,1,,,,,0.0,0.0,0.0,0.0,0.0,,0.0,0.0,0.0,0.0,0.0,0.0,0.0,0.0,0.0,0.0,0.0,0.0,0.0,0.0,0.0,0.0,0.0,0.0,0.0,0.0,0.0,0.0,0.0,0.0,0.0,0.0,0.0,0.0
2025-03-12,19.34499591,20.86987194,19.08586665,19.75362282,16993682.0,0.0,0.0,19.06169635820121,17.559996129120936,1.0870614835714285,0.0550309932247341,58.80534617763603,0.9553665387211066,0.3743016759774442,20.46124503,20.86987194,20.86987194,312114850.0,308152772.45,18042628.58928124,3927.2315,0.0063191425672093,0.0497881355932203,0.043468993026011,0.6365108802538904,1.3814308130440012,-0.6509495743281507,0.3743016759774442,-0.0456602019585234,0.219595361640033,0.043468993026011,,,,,,,,,,0.0,,,,,,,,,,,,,,,0.0557972766094561,0.1,343643216.0,17028300,48,20.180711873763087,2025-03-13,19.892121237073788,19.78352235,20.48117805,19.16559873,0.0070112919708864,-0.0143003199537522,0.0015136226034306,19.34499591,20.83997241,19.10579967,19.74365631,16692100,336981552.0,47,2025-03-12 14:55:00,20.18808610061047,0.0232438016528924,-0.0020151133501259,0.0492584745762711,-0.0158966716343765,,0.0337899543378996,,0.7611598373150685,,0.0878344270570419,asof1455,14:55,19.75362282,46.958051715909086,2.942002950929752,5.347855823863636,440.3255614328512,2024-10-30,2024-09-30,0.050204,0.110329,0.338933,210782925.39,0.421866,,679036441.0,679036441.0,True,2024-10-31,1.641401,164.493654,0.655166,412.087912,0.520879,0.17329,0.038405,0.073812,-0.062192,-0.083333,-0.068967,1.300145,0.653236,0.147838,0.109845,0.005655,2.301487,0.346948,0.653052,0.280917,3.313189,0.00085,0.0077,0.00085,0.050204,2.440415,0.17329,1.076007,0.110329,0.974554,0.709382,0.159589,132,46.981756,2.943488,5.350556,440.547836,asof1455_from_lagged_eod,1,,,,,0.0,0.0,0.0,0.0,0.0,,0.0,0.0,0.0,0.0,0.0,0.0,0.0,0.0,0.0,0.0,0.0,0.0,0.0,0.0,0.0,0.0,0.0,0.0,0.0,0.0,0.0,0.0,0.0,0.0,0.0,0.0,0.0,0.0
2025-03-13,20.00278557,20.48117805,19.16559873,19.78352235,14571008.0,0.0,0.0,19.13044169075348,17.63289862816615,1.1162491199999998,0.0564231738035235,58.99791452152946,0.8305739726139487,0.4696969696966115,20.86987194,20.86987194,20.86987194,326685858.0,308069044.0,17952318.341567572,3911.5793,-0.0112878983561374,-0.0114541832669322,-0.0001662849107948,0.5850671212586799,1.34158498829185,-0.973214285713415,0.4696969696966115,-0.1856382839206298,1.0370144761133064,-0.0001662849107948,,,,,,,,,,0.0,,,,,,,,,,,,,,,0.0561102252064898,0.1,289889872.0,14573100,48,19.892121237073788,2025-03-14,19.649230833752725,19.88318745,20.12238369,18.99616806,-0.0067880488555807,-0.0122103822124498,0.005037783375315,20.00278557,20.48117805,19.21543128,19.76358933,14233800,283150768.0,47,2025-03-13 14:55:00,19.892844356391127,0.0005045408678101,0.0005045408678101,-0.0124501992031872,-0.0322108345534408,,0.0356713845511047,,0.81738045795824,,0.0640443772062531,asof1455,14:55,19.78352235,47.00546021594348,2.944973109989909,5.353255574167507,440.77011038748736,2024-10-30,2024-09-30,0.050204,0.110329,0.338933,210782925.39,0.421866,,679036441.0,679036441.0,True,2024-10-31,1.641401,164.493654,0.655166,412.087912,0.520879,0.17329,0.038405,0.073812,-0.062192,-0.083333,-0.068967,1.300145,0.653236,0.147838,0.109845,0.005655,2.301487,0.346948,0.653052,0.280917,3.313189,0.00085,0.0077,0.00085,0.050204,2.440415,0.17329,1.076007,0.110329,0.974554,0.709382,0.159589,133,47.052869,2.947944,5.358654,441.214659,asof1455_from_lagged_eod,1,,,,,0.0,0.0,0.0,0.0,0.0,,0.0,0.0,0.0,0.0,0.0,0.0,0.0,0.0,0.0,0.0,0.0,0.0,0.0,0.0,0.0,0.0,0.0,0.0,0.0,0.0,0.0,0.0,0.0,0.0,0.0,0.0,0.0,0.0
2025-03-14,19.77355584,20.12238369,18.99616806,19.88318745,14246282.0,0.0,0.0,19.20213176306267,17.706678589537752,1.052890592142857,0.0529538131041863,59.67459891773027,0.8359928487115657,0.7876106194683288,20.86987194,20.86987194,20.86987194,340932140.0,309912090.35,19289606.92416432,4006.5567,0.015857548995195,0.005037783375315,-0.01081976561988,0.646843738579324,1.4203310245938578,-0.9371196754554976,0.7876106194683288,-0.1791352201067909,1.6081224346329623,-0.01081976561988,,,,,,,,,,0.0,,,,,,,,,,,,,,,0.0557972766094561,0.1,281109756.0,14306400,48,19.649230833752725,2025-03-17,19.766405526377067,19.66392423,19.88318745,19.5343596,-0.0058734005257761,0.0059633221074009,-0.0110275689223058,19.77355584,20.11241718,19.00613457,19.88318745,14170500,278398396.0,47,2025-03-14 14:55:00,19.64633541512297,0.005037783375315,0.0304752066115703,0.005037783375315,0.0230769230769232,,0.0436829714883599,,1.050563827821004,,0.0556390977443609,asof1455,14:55,19.88318745,47.289911161209076,2.96279510327456,5.385649738035265,443.43740287405546,2024-10-30,2024-09-30,0.050204,0.110329,0.338933,210782925.39,0.421866,,679036441.0,679036441.0,True,2024-10-31,1.641401,164.493654,0.655166,412.087912,0.520879,0.17329,0.038405,0.073812,-0.062192,-0.083333,-0.068967,1.300145,0.653236,0.147838,0.109845,0.005655,2.301487,0.346948,0.653052,0.280917,3.313189,0.00085,0.0077,0.00085,0.050204,2.440415,0.17329,1.076007,0.110329,0.974554,0.709382,0.159589,134,47.289911,2.962795,5.38565,443.437403,asof1455_from_lagged_eod,1,,,,,0.0,0.0,0.0,0.0,0.0,,0.0,0.0,0.0,0.0,0.0,0.0,0.0,0.0,0.0,0.0,0.0,0.0,0.0,0.0,0.0,0.0,0.0,0.0,0.0,0.0,0.0,0.0,0.0,0.0,0.0,0.0,0.0,0.0
2025-03-17,19.7336898,19.88318745,19.5343596,19.66392423,7756942.0,0.0,0.0,19.246111998009084,17.770850577749627,1.0059056164285718,0.0511548765476768,57.42906646304574,0.4683483323204477,0.371428571427506,20.86987194,20.86987194,20.86987194,333175198.0,310500624.6,19803973.91141,3996.7876,0.0173044616300064,-0.0045408678102927,-0.0218453294402991,0.4153592794062781,1.466600241776011,-1.1988676574651915,0.371428571427506,-0.758542960088226,1.144950680173139,-0.0218453294402991,,,,,,,,,,1.0,,,,,,,,,,,,,,,0.0555917481146246,0.1,152798268.0,7730200,48,19.766405526377067,2025-03-18,20.76979610127717,20.8300059,21.07916865,19.56425913,0.0562386153619332,0.0507624197814386,0.0593005575266092,19.7336898,19.88318745,19.5343596,19.66392423,7655500,151324012.0,47,2025-03-17 14:55:00,19.76670524459539,-0.0110275689223058,-0.0045408678102927,-0.0045408678102927,0.0066326530612246,,0.0309601567602872,,0.7300537314832094,,0.0177394830207806,asof1455,14:55,19.66392423,46.768418247117786,2.930122573934837,5.326259373433584,438.5473664756892,2024-10-30,2024-09-30,0.050204,0.110329,0.338933,210782925.39,0.421866,,679036441.0,679036441.0,True,2024-10-31,1.641401,164.493654,0.655166,412.087912,0.520879,0.17329,0.038405,0.073812,-0.062192,-0.083333,-0.068967,1.300145,0.653236,0.147838,0.109845,0.005655,2.301487,0.346948,0.653052,0.280917,3.313189,0.00085,0.0077,0.00085,0.050204,2.440415,0.17329,1.076007,0.110329,0.974554,0.709382,0.159589,137,46.768418,2.930122,5.326259,438.547366,asof1455_from_lagged_eod,1,,,,,0.0,0.0,0.0,0.0,0.0,,0.0,0.0,0.0,0.0,0.0,0.0,0.0,0.0,0.0,0.0,0.0,0.0,0.0,0.0,0.0,0.0,0.0,0.0,0.0,0.0,0.0,0.0,0.0,0.0,0.0,0.0,0.0,0.0
2025-03-18,19.6340247,21.07916865,19.56425913,20.8300059,23199476.0,0.0,0.0,19.39695903629393,17.871150752249637,1.072111718571429,0.0514695830485279,64.9770424468069,1.3653264962515526,0.8355263157889221,20.86987194,21.07916865,21.07916865,356374674.0,312979552.7,22149210.99940904,4007.7229,0.016823193757512,0.0795454545454545,0.0627222607879425,1.336658147542909,1.4231803063173174,-0.0371845949534842,0.8355263157889221,0.3113935914283013,1.9592174773700888,0.0627222607879425,,,,,,,,,,0.0,,,,,,,,,,,,,,,0.0553862196197931,0.1,482017120.0,23207600,48,20.76979610127717,2025-03-19,20.919340983694536,20.929671,21.16886724,20.62070919,0.0042887690057993,0.0072001131685721,0.0047846889952152,19.6340247,21.04926912,19.6340247,20.83997241,22774700,472965664.0,47,2025-03-18 14:55:00,20.767152322533335,0.0598073998986317,0.0534005037783376,0.0800619834710745,0.0772797527047912,,0.0922482239866278,,2.164820491016102,,0.0679100908656145,asof1455,14:55,20.8300059,49.56551547795236,3.1053649782057784,5.644808701976687,464.7757436928536,2024-10-30,2024-09-30,0.050204,0.110329,0.338933,210782925.39,0.421866,,679036441.0,679036441.0,True,2024-10-31,1.641401,164.493654,0.655166,412.087912,0.520879,0.17329,0.038405,0.073812,-0.062192,-0.083333,-0.068967,1.300145,0.653236,0.147838,0.109845,0.005655,2.301487,0.346948,0.653052,0.280917,3.313189,0.00085,0.0077,0.00085,0.050204,2.440415,0.17329,1.076007,0.110329,0.974554,0.709382,0.159589,138,49.541811,3.10388,5.64211,464.55347,asof1455_from_lagged_eod,1,,,,,0.0,0.0,0.0,0.0,0.0,,0.0,0.0,0.0,0.0,0.0,0.0,0.0,0.0,0.0,0.0,0.0,0.0,0.0,0.0,0.0,0.0,0.0,0.0,0.0,0.0,0.0,0.0,0.0,0.0,0.0,0.0,0.0,0.0
2025-03-19,20.8300059,21.16886724,20.62070919,20.929671,11130020.0,0.0,0.0,19.54293160426593,17.971430104634894,1.0479073371428578,0.050068027210882,65.53943371258183,0.655520258696453,0.5636363636353332,21.07916865,21.16886724,21.16886724,367504694.0,315445502.8,25135651.878742885,4010.168,0.0211183119711686,0.0595358224016144,0.0384175104304458,1.323341622469896,1.4996569295089364,-0.1426630434781253,0.5636363636353332,-0.4223260705405416,2.071129543452431,0.0384175104304458,,,,,,,,,,0.0,,,,,,,,,,,,,,,0.0552491322188588,0.1,233884508.0,11180300,48,20.919340983694536,2025-03-20,20.552744035775497,20.28184785,21.07916865,20.1323502,-0.0180092159224338,-0.0175243067267166,-0.0309523809523809,20.8300059,21.11903469,20.62070919,20.91970449,10813000,226175996.0,47,2025-03-19 14:55:00,20.917043928604457,0.0043062200956938,0.0521303258145362,0.0590312815338043,0.0736572890025575,,0.0921768088040171,,1.9676377991351444,,0.0238208670795616,asof1455,14:55,20.929671,49.755148942105265,3.1172459904306224,5.666406167464115,466.5539394880383,2024-10-30,2024-09-30,0.050204,0.110329,0.338933,210782925.39,0.421866,,679036441.0,679036441.0,True,2024-10-31,1.641401,164.493654,0.655166,412.087912,0.520879,0.17329,0.038405,0.073812,-0.062192,-0.083333,-0.068967,1.300145,0.653236,0.147838,0.109845,0.005655,2.301487,0.346948,0.653052,0.280917,3.313189,0.00085,0.0077,0.00085,0.050204,2.440415,0.17329,1.076007,0.110329,0.974554,0.709382,0.159589,139,49.778853,3.118731,5.669105,466.776214,asof1455_from_lagged_eod,1,,,,,0.0,0.0,0.0,0.0,0.0,,0.0,0.0,0.0,0.0,0.0,0.0,0.0,0.0,0.0,0.0,0.0,0.0,0.0,0.0,0.0,0.0,0.0,0.0,0.0,0.0,0.0,0.0,0.0,0.0,0.0,0.0,0.0,0.0
2025-03-20,20.929671,21.07916865,20.1323502,20.28184785,10152155.0,0.0,0.0,19.613304580050137,18.047181506122275,1.047195443571429,0.0516321516321491,58.91690686196109,0.6040869781403319,0.1578947368419357,21.16886724,21.16886724,21.16886724,357352539.0,316723110.15,26544388.84104828,3974.9918,0.016211482661236,0.0251889168765742,0.0089774342153381,0.6384130813911639,1.495540382209027,-0.8470428280073509,0.1578947368419357,-0.5040370878712414,1.5306221248225016,0.0089774342153381,,,,,,,,,,0.0,,,,,,,,,,,,,,,0.0551120448179244,0.1,208655568.0,10152200,48,20.552744035775497,2025-03-21,19.97294797687861,19.72372329,20.34164691,19.61409168,-0.015230361424952,-0.0282101532470628,-0.0275184275184274,20.929671,21.06920214,20.1323502,20.27188134,9988400,205322928.0,47,2025-03-20 14:55:00,20.556137919987187,-0.0314285714285713,0.0309173846933603,0.0246851385390429,0.0377551020408164,,0.0543776890778082,,1.071463523457712,,0.0462143559488692,asof1455,14:55,20.28184785,48.21437476285715,3.02071374,5.490933128571429,452.1061044171429,2024-10-30,2024-09-30,0.050204,0.110329,0.338933,210782925.39,0.421866,,679036441.0,679036441.0,True,2024-10-31,1.641401,164.493654,0.655166,412.087912,0.520879,0.17329,0.038405,0.073812,-0.062192,-0.083333,-0.068967,1.300145,0.653236,0.147838,0.109845,0.005655,2.301487,0.346948,0.653052,0.280917,3.313189,0.00085,0.0077,0.00085,0.050204,2.440415,0.17329,1.076007,0.110329,0.974554,0.709382,0.159589,140,48.238079,3.022199,5.493633,452.328378,asof1455_from_lagged_eod,1,,,,,0.0,0.0,0.0,0.0,0.0,,0.0,0.0,0.0,0.0,0.0,0.0,0.0,0.0,0.0,0.0,0.0,0.0,0.0,0.0,0.0,0.0,0.0,0.0,0.0,0.0,0.0,0.0,0.0,0.0,0.0,0.0,0.0,0.0
2025-03-21,19.98285255,20.34164691,19.61409168,19.72372329,8038920.0,0.0,0.0,19.62382064766441,18.10215008920024,1.018719700714286,0.0516494622103489,53.86678930870154,0.4930494757287555,0.1506849315066386,21.16886724,21.16886724,21.16886724,349313619.0,316695531.45,26510205.56188424,3914.6956,-0.0229276924996468,-0.0080200501253133,0.0149076423743335,0.0980668600650831,1.4937087771992112,-1.418588399719084,0.1506849315066386,-0.7071457535270383,1.2303973831458157,0.0149076423743335,,,,,,,,,,0.0,,,,,,,,,,,,,,,0.0550715190213293,0.1,157562592.0,7888800,48,19.97294797687861,2025-03-24,19.50823370771736,19.60412517,19.8333549,19.19549826,-0.0109254008036047,-0.023267184678958,-0.0060636685194542,19.98285255,20.3316804,19.61409168,19.65395772,7798000,155770992.0,47,2025-03-21 14:55:00,19.97576199025391,-0.0309582309582308,-0.0564593301435406,-0.0115288220551378,-0.0237623762376237,,0.0202550637659415,,0.3898654555061426,,0.0365111561866124,asof1455,14:55,19.72372329,46.74471340933662,2.928637065356266,5.323559840786242,438.32509160491406,2024-10-30,2024-09-30,0.050204,0.110329,0.338933,210782925.39,0.421866,,679036441.0,679036441.0,True,2024-10-31,1.641401,164.493654,0.655166,412.087912,0.520879,0.17329,0.038405,0.073812,-0.062192,-0.083333,-0.068967,1.300145,0.653236,0.147838,0.109845,0.005655,2.301487,0.346948,0.653052,0.280917,3.313189,0.00085,0.0077,0.00085,0.050204,2.440415,0.17329,1.076007,0.110329,0.974554,0.709382,0.159589,141,46.910643,2.939033,5.342457,439.881013,asof1455_from_lagged_eod,1,,,,,0.0,0.0,0.0,0.0,0.0,,0.0,0.0,0.0,0.0,0.0,0.0,0.0,0.0,0.0,0.0,0.0,0.0,0.0,0.0,0.0,0.0,0.0,0.0,0.0,0.0,0.0,0.0,0.0,0.0,0.0,0.0,0.0,0.0
2025-03-24,19.82338839,19.8333549,19.19549826,19.60412517,6291068.0,0.0,0.0,19.621944887886848,18.151395173816617,1.018719700714286,0.0519645580652163,52.82193967108367,0.4318292482551826,0.6406249999989949,21.16886724,21.16886724,21.16886724,343022551.0,318404026.55,27045371.158290885,3934.8486,-0.0154971957979453,-0.0030410542321337,0.0124561415658116,-0.0174922678675361,1.4435273147635168,-1.5359888190061797,0.6406249999989949,-0.8397250275418827,0.9102675761376292,0.0124561415658116,,,,,,,,,,0.0,,,,,,,,,,,,,,,0.0550309932247341,0.1,118631520.0,6081100,48,19.50823370771736,2025-03-25,19.71052330682365,18.97623504,20.58084315,18.86660343,0.0054273340891777,0.0103694471850759,-0.0320284697508896,19.82338839,19.82338839,19.19549826,19.57422564,5984900,116742120.0,47,2025-03-24 14:55:00,19.50611037778409,-0.0075795856493177,-0.0647619047619046,-0.0045615813482006,0.0673913043478262,,0.0171949451004764,,0.3352584546107209,,0.0320773930753564,asof1455,14:55,19.60412517,46.555079763516936,2.9167563476503284,5.301963389590703,436.54689718645784,2024-10-30,2024-09-30,0.050204,0.110329,0.338933,210782925.39,0.421866,,679036441.0,679036441.0,True,2024-10-31,1.641401,164.493654,0.655166,412.087912,0.520879,0.17329,0.038405,0.073812,-0.062192,-0.083333,-0.068967,1.300145,0.653236,0.147838,0.109845,0.005655,2.301487,0.346948,0.653052,0.280917,3.313189,0.00085,0.0077,0.00085,0.050204,2.440415,0.17329,1.076007,0.110329,0.974554,0.709382,0.159589,144,46.626193,2.921212,5.310062,437.21372,asof1455_from_lagged_eod,1,,,,,0.0,0.0,0.0,0.0,0.0,,0.0,0.0,0.0,0.0,0.0,0.0,0.0,0.0,0.0,0.0,0.0,0.0,0.0,0.0,0.0,0.0,0.0,0.0,0.0,0.0,0.0,0.0,0.0,0.0,0.0,0.0,0.0,0.0
2025-03-25,19.80345537,20.58084315,18.86660343,18.97623504,14133205.0,0.0,0.0,19.560448711897624,18.17843910385541,1.0400765078571432,0.0548094237695049,47.601605619744326,1.0258204174293282,0.0639534883720542,21.16886724,21.16886724,21.16886724,328889346.0,320903472.25,25547510.04231825,3932.2951,-0.0188206125727904,-0.0889952153110048,-0.0701746027382144,-0.5617025934954651,1.328757641962531,-2.108145106089692,0.0639534883720542,0.02549269968344,0.3125891226492043,-0.0701746027382144,,,,,,,,,,0.0,,,,,,,,,,,,,,,0.0549202084971195,0.1,278572768.0,14133200,48,19.71052330682365,2025-03-26,18.664125328745424,18.66727323,19.00613457,18.28854585,-0.0164473991071821,-0.0530882900362147,-0.0162815126050419,19.80345537,20.56091013,18.86660343,18.936369,13914700,274410528.0,47,2025-03-25 14:55:00,19.72090867931037,-0.0340620233858668,-0.0663390663390662,-0.0909090909090909,0.0491441192711208,,-0.0191776578994915,,-0.3827756114515435,,0.0894736842105262,asof1455,14:55,18.97623504,45.03801052364006,2.8217096085409255,5.129190543975597,422.3213360447382,2024-10-30,2024-09-30,0.050204,0.110329,0.338933,210782925.39,0.421866,,679036441.0,679036441.0,True,2024-10-31,1.641401,164.493654,0.655166,412.087912,0.520879,0.17329,0.038405,0.073812,-0.062192,-0.083333,-0.068967,1.300145,0.653236,0.147838,0.109845,0.005655,2.301487,0.346948,0.653052,0.280917,3.313189,0.00085,0.0077,0.00085,0.050204,2.440415,0.17329,1.076007,0.110329,0.974554,0.709382,0.159589,145,45.132827,2.82765,5.139989,423.210434,asof1455_from_lagged_eod,1,,,,,0.0,0.0,0.0,0.0,0.0,,0.0,0.0,0.0,0.0,0.0,0.0,0.0,0.0,0.0,0.0,0.0,0.0,0.0,0.0,0.0,0.0,0.0,0.0,0.0,0.0,0.0,0.0,0.0,0.0,0.0,0.0,0.0,0.0
2025-03-26,18.49784256,19.00613457,18.28854585,18.66727323,13194149.0,0.0,0.0,19.47538438028833,18.1944664522536,0.9681752571428576,0.0518648463122541,45.23272834453402,0.9635666414469056,0.527777777777042,21.16886724,21.07916865,21.07916865,315695197.0,321999070.1,24820473.230837453,3919.3566,-0.0226452856837917,-0.1080952380952381,-0.0854499524114463,-0.8346744500290978,1.323022788057478,-2.5838235294090963,0.527777777777042,-0.0371136275134446,-0.2539787634736942,-0.0854499524114463,,,,,,,,,,0.0,,,,,,,,,,,,,,,0.0548094237695049,0.1,246256336.0,13194100,48,18.664125328745424,2025-03-27,18.724981299057053,18.51777558,18.91643598,18.34834491,0.0030914032459925,0.003260585172877,-0.008008542445275,18.49784256,19.00613457,18.28854585,18.7370388,13002800,242673712.0,47,2025-03-26 14:55:00,18.66318885163196,-0.0126050420168066,-0.0500252652854976,-0.1047619047619047,0.0369553226696084,,-0.031826140694201,,-0.664202877921103,,0.0382978723404256,asof1455,14:55,18.66727323,44.56392581932773,2.7920073529411766,5.075199222689076,417.87584869747906,2024-10-30,2024-09-30,0.050204,0.110329,0.338933,210782925.39,0.421866,,679036441.0,679036441.0,True,2024-10-31,1.641401,164.493654,0.655166,412.087912,0.520879,0.17329,0.038405,0.073812,-0.062192,-0.083333,-0.068967,1.300145,0.653236,0.147838,0.109845,0.005655,2.301487,0.346948,0.653052,0.280917,3.313189,0.00085,0.0077,0.00085,0.050204,2.440415,0.17329,1.076007,0.110329,0.974554,0.709382,0.159589,146,44.397996,2.781611,5.056302,416.319928,asof1455_from_lagged_eod,1,,,,,0.0,0.0,0.0,0.0,0.0,,0.0,0.0,0.0,0.0,0.0,0.0,0.0,0.0,0.0,0.0,0.0,0.0,0.0,0.0,0.0,0.0,0.0,0.0,0.0,0.0,0.0,0.0,0.0,0.0,0.0,0.0,0.0,0.0
2025-03-27,18.45797652,18.91643598,18.34834491,18.51777558,7593200.0,0.0,0.0,19.38418354216563,18.20506675152397,0.9518017050000002,0.0513993541442383,44.08940403690761,0.5703843398294791,0.2982456140345587,21.16886724,20.58084315,20.58084315,308101997.0,321954743.0,24844449.33125019,3932.4117,-0.0107119969404716,-0.086977886977887,-0.0762658900374153,-0.9102820026622256,1.2388260962827569,-2.7853403141332014,0.2982456140345587,-0.5614448649758405,-0.5575791121510407,-0.0762658900374153,,,,,,,,,,0.0,,,,,,,,,,,,,,,0.054668126903268,0.1,142182528.0,7593200,48,18.724981299057053,2025-03-28,18.67810132441432,18.42807699,18.92640249,18.31844538,0.008657937543399,-0.0025036059526049,-0.0048439181916037,18.45797652,18.91643598,18.37824444,18.49784256,7394500,138493072.0,47,2025-03-27 14:55:00,18.72920035161269,-0.0090763481046449,-0.0564311133706152,-0.0879606879606879,0.0136537411250683,,-0.0456602221308103,,-0.989396771109982,,0.0290948275862068,asof1455,14:55,18.51777558,43.995024333155364,2.7563641302722903,5.010409242925787,412.5412634105713,2024-10-30,2024-09-30,0.050204,0.110329,0.338933,210782925.39,0.421866,,679036441.0,679036441.0,True,2024-10-31,1.641401,164.493654,0.655166,412.087912,0.520879,0.17329,0.038405,0.073812,-0.062192,-0.083333,-0.068967,1.300145,0.653236,0.147838,0.109845,0.005655,2.301487,0.346948,0.653052,0.280917,3.313189,0.00085,0.0077,0.00085,0.050204,2.440415,0.17329,1.076007,0.110329,0.974554,0.709382,0.159589,147,44.042433,2.759335,5.015808,412.985812,asof1455_from_lagged_eod,1,,,,,0.0,0.0,0.0,0.0,0.0,,0.0,0.0,0.0,0.0,0.0,0.0,0.0,0.0,0.0,0.0,0.0,0.0,0.0,0.0,0.0,0.0,0.0,0.0,0.0,0.0,0.0,0.0,0.0,0.0,0.0,0.0,0.0,0.0
2025-03-28,18.48787605,18.92640249,18.31844538,18.42807699,6697281.0,0.0,0.0,19.293125775292715,18.21237856262154,0.9446827692857144,0.0512632310901618,43.38088585006612,0.5254471469011027,0.1803278688521637,21.16886724,20.58084315,20.58084315,301404716.0,322476973.15,24291063.465535644,3915.1662,0.0001202136891562,-0.0656897422940878,-0.0658099559832441,-0.9157029358605449,1.144031888595994,-2.901281085151412,0.1803278688521637,-0.6435056705052318,-0.8674901030948053,-0.0658099559832441,,,,,,,,,,0.0,,,,,,,,,,,,,,,0.054526830037031,0.1,125092848.0,6697300,48,18.67810132441432,2025-03-31,18.77364944547982,18.55764162,19.2353643,18.25864632,0.0187524968376973,0.0051155157264624,0.0070308274743102,18.48787605,18.92640249,18.44801001,18.50780907,6325300,118210408.0,47,2025-03-28 14:55:00,18.688506157810696,-0.0005382131324003,-0.0246848739495797,-0.0616472966144516,0.0153089119737561,,-0.0458083909256736,,-1.0105444825599237,,0.0258481421647819,asof1455,14:55,18.42807699,44.01872878417654,2.7578498896663084,5.013108426264801,412.7635376124866,2024-10-30,2024-09-30,0.050204,0.110329,0.338933,210782925.39,0.421866,,679036441.0,679036441.0,True,2024-10-31,1.641401,164.493654,0.655166,412.087912,0.520879,0.17329,0.038405,0.073812,-0.062192,-0.083333,-0.068967,1.300145,0.653236,0.147838,0.109845,0.005655,2.301487,0.346948,0.653052,0.280917,3.313189,0.00085,0.0077,0.00085,0.050204,2.440415,0.17329,1.076007,0.110329,0.974554,0.709382,0.159589,148,43.829095,2.745969,4.991512,410.985342,asof1455_from_lagged_eod,1,,,,,0.0,0.0,0.0,0.0,0.0,,0.0,0.0,0.0,0.0,0.0,0.0,0.0,0.0,0.0,0.0,0.0,0.0,0.0,0.0,0.0,0.0,0.0,0.0,0.0,0.0,0.0,0.0,0.0,0.0,0.0,0.0,0.0,0.0
2025-03-31,18.5377086,19.2353643,18.25864632,18.55764162,13092421.0,0.0,0.0,19.22307966526484,18.22369866286345,0.9667514700000002,0.0520945220193312,44.76172287946869,1.0362683280999587,0.3061224489792762,21.16886724,20.58084315,20.58084315,314497137.0,324420115.65,21903241.50606587,3887.3056,-0.0120825487415194,-0.0533807829181495,-0.04129823417663,-0.6883237997705351,1.0337517277324109,-2.70103092783226,0.3061224489792762,0.0356261142590459,-0.4530369921388992,-0.04129823417663,,,,,,,,,,0.0,,,,,,,,,,,,,,,0.0544445444413055,0.1,245792128.0,13092400,48,18.77364944547982,2025-04-01,18.47085863793084,18.7370388,19.0360341,17.7403878,-0.0046764014440082,-0.0161285001314371,0.0096670247046188,18.5377086,19.2353643,18.27857934,18.55764162,12911400,242423168.0,47,2025-03-31 14:55:00,18.77590098672491,0.0070308274743102,-0.0058729311265349,-0.0533807829181495,0.0501974055273546,,-0.0437305805921475,,-0.9788373167944392,,0.0515574650912996,asof1455,14:55,18.55764162,44.13724980530016,2.7652754342888044,5.026606459707949,413.8749090340724,2024-10-30,2024-09-30,0.050204,0.110329,0.338933,210782925.39,0.421866,,679036441.0,679036441.0,True,2024-10-31,1.641401,164.493654,0.655166,412.087912,0.520879,0.17329,0.038405,0.073812,-0.062192,-0.083333,-0.068967,1.300145,0.653236,0.147838,0.109845,0.005655,2.301487,0.346948,0.653052,0.280917,3.313189,0.00085,0.0077,0.00085,0.050204,2.440415,0.17329,1.076007,0.110329,0.974554,0.709382,0.159589,151,44.13725,2.765275,5.026607,413.874909,asof1455_from_lagged_eod,1,,,,,0.0,0.0,0.0,0.0,0.0,,0.0,0.0,0.0,0.0,0.0,0.0,0.0,0.0,0.0,0.0,0.0,0.0,0.0,0.0,0.0,0.0,0.0,0.0,0.0,0.0,0.0,0.0,0.0,0.0,0.0,0.0,0.0,0.0
2025-04-01,18.2387133,19.0360341,17.7403878,18.7370388,18040240.0,0.0,0.0,19.17679005904914,18.240529487031868,0.931868685,0.0497340425531888,46.70001951027516,1.3890973287855888,0.7692307692301767,21.16886724,19.2353643,19.2353643,332537377.0,326716082.2,20157509.74635424,3887.6841,-0.0113447742006951,-0.0126050420168066,-0.0012602678161115,-0.4719026040119235,1.0047129891657072,-2.6096256684463977,0.7692307692301767,0.3286541324372748,0.2887903750637091,-0.0012602678161115,,,,,,,,,,1.0,,,,,,,,,,,,,,,0.05436225884558,0.1,333217984.0,18040200,48,18.47085863793084,2025-04-02,19.37686126664733,19.4346945,19.67389074,18.44801001,0.0341474698044246,0.049050379653492,0.0372340425531914,18.2387133,19.02606759,17.7403878,18.76693833,17760900,327965152.0,47,2025-04-01 14:55:00,18.465570551041896,0.0112781954887217,0.0134553283100107,-0.0110294117647058,0.0572711959573273,,-0.0351506456241033,,-0.857919678992732,,0.0685077004779606,asof1455,14:55,18.7370388,44.63503853383459,2.796462312030075,5.083298056390977,418.5426711315789,2024-10-30,2024-09-30,0.050204,0.110329,0.338933,210782925.39,0.421866,,679036441.0,679036441.0,True,2024-10-31,1.641401,164.493654,0.655166,412.087912,0.520879,0.17329,0.038405,0.073812,-0.062192,-0.083333,-0.068967,1.300145,0.653236,0.147838,0.109845,0.005655,2.301487,0.346948,0.653052,0.280917,3.313189,0.00085,0.0077,0.00085,0.050204,2.440415,0.17329,1.076007,0.110329,0.974554,0.709382,0.159589,152,44.576613,2.759026,5.079006,-416.148137,asof1455_from_lagged_eod,1,,,,,0.0,0.0,0.0,0.0,0.0,,0.0,0.0,0.0,0.0,0.0,0.0,0.0,0.0,0.0,0.0,0.0,0.0,0.0,0.0,0.0,0.0,0.0,0.0,0.0,0.0,0.0,0.0,0.0,0.0,0.0,0.0,0.0,0.0
2025-04-02,18.66727323,19.67389074,18.44801001,19.4346945,13663088.0,0.0,0.0,19.201352386758742,18.279682438276723,0.9254616428571428,0.0476190476190451,53.52922594895298,1.074730942216204,0.8048780487798297,21.16886724,19.67389074,19.67389074,346200465.0,328738056.2,19981568.35785081,3884.3858,-0.0089225869368456,0.0411105178857447,0.0500331048225903,0.2521359097289179,0.9959029156903648,-1.8738461538441311,0.8048780487798297,0.0720703439422724,0.8739258344122415,0.0500331048225903,,,,,,,,,,0.0,,,,,,,,,,,,,,,0.0541938412871953,0.1,260581968.0,13448100,48,19.37686126664733,2025-04-03,19.167945520126967,19.11576618,19.61409168,18.55764162,-0.0137254012340164,-0.0107817124582485,-0.0164102564102562,18.66727323,19.67389074,18.52774209,19.49449356,13214600,256025824.0,47,2025-04-02 14:55:00,19.37446642350128,0.0404255319148936,0.0578691184424011,0.0443139348638548,0.0360169491525423,,-0.0002811070506759,,-0.0076489676288486,,0.0587934560327198,asof1455,14:55,19.4346945,46.37864629148936,2.870561093617021,5.284327519148936,-432.97114679361704,2025-04-01,2024-12-31,0.063011,0.100876,0.342419,253547107.66,0.421746,2428734600.0,679036441.0,679036441.0,True,2025-04-02,2.343681,153.604538,0.837844,429.696825,0.711826,0.228216,0.03675,0.102855,-0.08935,-0.045455,-0.055669,1.074282,0.474841,0.085871,0.170684,0.005613,2.279655,0.323942,0.676058,0.286351,2.992378,0.039496,0.39153,0.039496,0.063011,2.423243,0.228216,1.129497,0.100876,1.021888,0.665818,0.148261,0,46.236381,2.861756,5.268118,-431.643014,asof1455_from_lagged_eod,1,,,,,0.012806999999999999,-0.009453000000000003,0.003485999999999989,42764182.27000001,-0.00012000000000000899,,0.0,0.0,-0.0016550000000000037,0.029043,-0.027158,0.037878,0.013297999999999997,-0.22586300000000015,-0.17839500000000003,-0.061966999999999994,0.060839000000000004,-4.200000000000037e-05,-0.02183199999999985,-0.02300599999999997,0.023006000000000082,0.00543400000000005,-0.32081099999999996,0.03864600000000001,0.38383,0.03864600000000001,0.012806999999999999,-0.017171999999999965,0.054926,0.05349000000000004,-0.009453000000000003,0.047333999999999876,-0.043563999999999936,-0.011328000000000005
2025-04-03,19.45462752,19.61409168,18.55764162,19.11576618,17329140.0,0.0,0.0,19.193201319448384,18.307095019972568,0.920478387857143,0.0481528377774442,50.35304283270917,1.3909160543352486,0.5283018867919541,21.07916865,19.67389074,19.67389074,328871325.0,328772881.45,19981163.31746554,3861.5034,-0.0180317589839335,0.032292787944026,0.0503245469279595,-0.0841248860047289,0.9626584514794456,-2.133023975249034,0.5283018867919541,0.3299625619723065,0.004926817745089,0.0503245469279595,,,,,0.2173512739843555,,,,,0.0,,,,,,,,,,,,,,,0.0540254237288106,0.1,332132576.0,17327500,48,19.167945520126967,2025-04-07,17.852039573151988,17.20219626,18.57757464,17.20219626,-0.0661091266208412,-0.0686513818391875,-0.100104275286757,19.45462752,19.58419215,18.55764162,19.12573269,17110100,327961440.0,47,2025-04-03 14:55:00,19.167710299764465,-0.0158974358974358,0.0306122448979593,0.0328310010764263,-0.0443227091633465,,-0.0207435001148165,,-0.579066438720676,,0.0536737884314748,asof1455,14:55,19.11576618,45.50134109692308,2.8162614174358978,5.184368431794872,-424.780996854359,2025-04-01,2024-12-31,0.063011,0.100876,0.342419,253547107.66,0.421746,2428734600.0,679036441.0,679036441.0,True,2025-04-02,2.343681,153.604538,0.837844,429.696825,0.711826,0.228216,0.03675,0.102855,-0.08935,-0.045455,-0.055669,1.074282,0.474841,0.085871,0.170684,0.005613,2.279655,0.323942,0.676058,0.286351,2.992378,0.039496,0.39153,0.039496,0.063011,2.423243,0.228216,1.129497,0.100876,1.021888,0.665818,0.148261,1,45.47763,2.814793,5.181666,-424.559642,asof1455_from_lagged_eod,1,0.48333333333333334,0.43333333333333335,0.48333333333333334,0.03333333333333333,0.012806999999999999,-0.009453000000000003,0.003485999999999989,42764182.27000001,-0.00012000000000000899,,0.0,0.0,-0.0016550000000000037,0.029043,-0.027158,0.037878,0.013297999999999997,-0.22586300000000015,-0.17839500000000003,-0.061966999999999994,0.060839000000000004,-4.200000000000037e-05,-0.02183199999999985,-0.02300599999999997,0.023006000000000082,0.00543400000000005,-0.32081099999999996,0.03864600000000001,0.38383,0.03864600000000001,0.012806999999999999,-0.017171999999999965,0.054926,0.05349000000000004,-0.009453000000000003,0.047333999999999876,-0.043563999999999936,-0.011328000000000005
2025-04-07,18.05931612,18.57757464,17.20219626,17.20219626,15940050.0,0.0,0.0,19.003581789977112,18.270868831121007,1.0322456785714285,0.0600066214202911,36.39807316508476,1.2753452623426382,0.0,20.58084315,19.67389074,19.67389074,312931275.0,328767887.7,19985109.0033387,3589.4406,-0.0831958551338127,-0.0665224445646295,0.0166734105691832,-1.7451131715740236,0.7098241959893015,-3.27310344827269,0.0,0.2432169359465396,-0.792420631649011,0.0166734105691832,,,,,-1.5988606133105483,,,,,0.0,,,,,,,,,,,,,,,0.0541938412871953,0.1,284563296.0,15940100,48,17.852039573151988,2025-04-08,16.34620153857872,15.91651647,17.5410576,15.49792305,-0.0497607810353677,-0.0843510361044643,-0.0747392815758981,18.05931612,18.4380435,17.20219626,17.20219626,15921700,284245728.0,47,2025-04-07 14:55:00,17.85272477185225,-0.100104275286757,-0.0819148936170212,-0.0665224445646295,-0.1304785894206548,0.311550151975684,-0.1172032836355265,-0.0840747881768171,-3.281104014822472,-0.874714908947193,0.0718424101969871,asof1455,14:55,17.20219626,40.92512480709072,2.533020186652763,4.662959080291971,-382.059406721585,2025-04-01,2024-12-31,0.063011,0.100876,0.342419,253547107.66,0.421746,2428734600.0,679036441.0,679036441.0,True,2025-04-02,2.343681,153.604538,0.837844,429.696825,0.711826,0.228216,0.03675,0.102855,-0.08935,-0.045455,-0.055669,1.074282,0.474841,0.085871,0.170684,0.005613,2.279655,0.323942,0.676058,0.286351,2.992378,0.039496,0.39153,0.039496,0.063011,2.423243,0.228216,1.129497,0.100876,1.021888,0.665818,0.148261,5,40.925125,2.533021,4.662959,-382.059407,asof1455_from_lagged_eod,1,0.14754098360655737,0.14754098360655737,0.14754098360655737,0.04918032786885246,0.012806999999999999,-0.009453000000000003,0.003485999999999989,42764182.27000001,-0.00012000000000000899,,0.0,0.0,-0.0016550000000000037,0.029043,-0.027158,0.037878,0.013297999999999997,-0.22586300000000015,-0.17839500000000003,-0.061966999999999994,0.060839000000000004,-4.200000000000037e-05,-0.02183199999999985,-0.02300599999999997,0.023006000000000082,0.00543400000000005,-0.32081099999999996,0.03864600000000001,0.38383,0.03864600000000001,0.012806999999999999,-0.017171999999999965,0.054926,0.05349000000000004,-0.009453000000000003,0.047333999999999876,-0.043563999999999936,-0.011328000000000005
2025-04-08,17.5410576,17.5410576,15.49792305,15.91651647,27766952.0,0.0,0.0,18.70957556902691,18.193676950428515,1.0699760378571426,0.067224259772784,30.31837216184049,2.0618533383222744,0.2048780487803871,20.58084315,19.67389074,19.67389074,285164323.0,327794522.45,21549773.388077285,3650.759,-0.0608510429434722,-0.1423200859291084,-0.0814690429856361,-2.6103940651026187,0.4821590394034538,-4.359281437121675,0.2048780487803871,0.7236052571303174,-1.9782203126825333,-0.0814690429856361,,,,,-0.8726540399148901,,,,,1.0,,,,,,,,,,,,,,,0.05436225884558,0.1,450679488.0,27570900,48,16.34620153857872,2025-04-09,15.935263850857424,16.40487546,16.62413868,14.66073621,0.0011778570325209,-0.0251396440176905,0.0306825297432686,17.5410576,17.5410576,15.49792305,15.90654996,27428800,448413120.0,47,2025-04-08 14:55:00,16.348258764510295,-0.0753186558516803,-0.1815384615384615,-0.1428571428571428,-0.1947527749747729,0.1752577319587627,-0.1782514674080938,-0.1561211181218936,-4.054531346899819,-1.7711181088973926,0.1284461152882204,asof1455,14:55,15.91651647,37.842699594438,2.342237263035921,4.311751195828505,-353.28320600927,2025-04-01,2024-12-31,0.063011,0.100876,0.342419,253547107.66,0.421746,2428734600.0,679036441.0,679036441.0,True,2025-04-02,2.343681,153.604538,0.837844,429.696825,0.711826,0.228216,0.03675,0.102855,-0.08935,-0.045455,-0.055669,1.074282,0.474841,0.085871,0.170684,0.005613,2.279655,0.323942,0.676058,0.286351,2.992378,0.039496,0.39153,0.039496,0.063011,2.423243,0.228216,1.129497,0.100876,1.021888,0.665818,0.148261,6,37.86641,2.343704,4.314453,-353.504561,asof1455_from_lagged_eod,1,0.0967741935483871,0.0967741935483871,0.0967741935483871,0.06451612903225806,0.012806999999999999,-0.009453000000000003,0.003485999999999989,42764182.27000001,-0.00012000000000000899,,0.0,0.0,-0.0016550000000000037,0.029043,-0.027158,0.037878,0.013297999999999997,-0.22586300000000015,-0.17839500000000003,-0.061966999999999994,0.060839000000000004,-4.200000000000037e-05,-0.02183199999999985,-0.02300599999999997,0.023006000000000082,0.00543400000000005,-0.32081099999999996,0.03864600000000001,0.38383,0.03864600000000001,0.012806999999999999,-0.017171999999999965,0.054926,0.05349000000000004,-0.009453000000000003,0.047333999999999876,-0.043563999999999936,-0.011328000000000005
2025-04-09,15.5477556,16.62413868,14.66073621,16.40487546,24760162.0,0.0,0.0,18.49008032054816,18.13502772123413,1.1710649249999998,0.0713851761846858,34.7750249730079,1.7400618879602072,0.8883248730959933,20.58084315,19.67389074,19.67389074,309924485.0,328534688.3,20650288.011658125,3686.7943,-0.0516733857053869,-0.124468085106383,-0.0727946994009961,-1.780605682939719,0.3031878008930359,-3.565957446805466,0.8883248730959933,0.5539206803871413,-0.9012079293757848,-0.0727946994009961,,,,,1.4734804024375172,,,,,1.0,,,,,,,,,,,,,,,0.0544445444413055,0.1,394560320.0,24760200,48,15.935263850857424,2025-04-10,17.24124970685567,17.09256465,17.40152646,16.83343539,0.0509832731674799,0.081955709564732,0.0419198055893075,15.5477556,16.59423915,14.68066923,16.36500942,24218900,385656512.0,47,2025-04-09 14:55:00,15.923783161084938,0.0281778334376956,-0.1438998957247133,-0.1265957446808511,-0.1518595041322313,0.1555242786769881,-0.1461036428404275,-0.1336235325154995,-2.4833533261623706,-1.618592966968781,0.1169305724725944,asof1455,14:55,16.40487546,38.93340339386349,2.4097445009392606,4.436024938008766,-363.46555363932373,2025-04-01,2024-12-31,0.063011,0.100876,0.342419,253547107.66,0.421746,2428734600.0,679036441.0,679036441.0,True,2025-04-02,2.343681,153.604538,0.837844,429.696825,0.711826,0.228216,0.03675,0.102855,-0.08935,-0.045455,-0.055669,1.074282,0.474841,0.085871,0.170684,0.005613,2.279655,0.323942,0.676058,0.286351,2.992378,0.039496,0.39153,0.039496,0.063011,2.423243,0.228216,1.129497,0.100876,1.021888,0.665818,0.148261,7,39.028248,2.415615,4.446832,-364.350975,asof1455_from_lagged_eod,1,0.15873015873015872,0.12698412698412698,0.15873015873015872,0.06349206349206349,0.0,0.0,0.0,0.0,0.0,0.0,0.0,0.0,0.0,0.0,0.0,0.0,0.0,0.0,0.0,0.0,0.0,0.0,0.0,0.0,0.0,0.0,0.0,0.0,0.0,0.0,0.0,0.0,0.0,0.0,0.0,0.0,0.0,0.0
2025-04-10,17.08259814,17.40152646,16.83343539,17.09256465,15415020.0,0.0,0.0,18.35698359001976,18.10084860414449,1.1746243928571427,0.0687213660974553,40.5418842133573,1.0893592148304712,0.4561403508763886,19.67389074,19.61409168,19.61409168,325339505.0,329195921.05,20323067.47370784,3735.1151,-0.0384283919480912,-0.1205128205128205,-0.0820844285647293,-1.0764453281470925,0.2180569273314959,-2.197575757573888,0.4561403508763886,0.0855896470717059,-0.1897556092351263,-0.0820844285647293,,,,,-0.0196009227593541,,,,,1.0,,,,,,,,,,,,,,,0.054526830037031,0.1,264666976.0,15350800,48,17.24124970685567,2025-04-11,18.062694768684445,18.09918216,18.37824444,17.05269861,0.0567574345073162,0.0476441717274207,0.0588921282798835,17.08259814,17.39155995,16.83343539,17.12246418,15245200,262854768.0,47,2025-04-10 14:55:00,17.24180515834492,0.0437424058323208,-0.0046349942062572,-0.1189743589743588,-0.1331987891019171,0.0991682661548305,-0.099793025753884,-0.0953133228014743,-1.4864647463775351,-1.2271962056010512,0.0325960419091967,asof1455,14:55,17.09256465,40.73543746294046,2.5212798116646415,4.64134713001215,-380.2885632138518,2025-04-01,2024-12-31,0.063011,0.100876,0.342419,253547107.66,0.421746,2428734600.0,679036441.0,679036441.0,True,2025-04-02,2.343681,153.604538,0.837844,429.696825,0.711826,0.228216,0.03675,0.102855,-0.08935,-0.045455,-0.055669,1.074282,0.474841,0.085871,0.170684,0.005613,2.279655,0.323942,0.676058,0.286351,2.992378,0.039496,0.39153,0.039496,0.063011,2.423243,0.228216,1.129497,0.100876,1.021888,0.665818,0.148261,8,40.664304,2.516877,4.633242,-379.624497,asof1455_from_lagged_eod,1,0.171875,0.171875,0.171875,0.0625,0.0,0.0,0.0,0.0,0.0,0.0,0.0,0.0,0.0,0.0,0.0,0.0,0.0,0.0,0.0,0.0,0.0,0.0,0.0,0.0,0.0,0.0,0.0,0.0,0.0,0.0,0.0,0.0,0.0,0.0,0.0,0.0,0.0,0.0
2025-04-11,17.09256465,18.37824444,17.05269861,18.09918216,15297477.0,0.0,0.0,18.33243107287502,18.10079396663156,1.217338007142857,0.0672592825676488,47.815111449077314,1.0782847234776871,0.7894736842099321,19.67389074,18.57757464,18.57757464,340636982.0,329893477.25,20463879.39385041,3750.5167,-0.0287418366639272,-0.0531803962460896,-0.0244385595821623,-0.1916057097586832,0.1902816677735516,-1.293567251460925,0.7894736842099321,0.0753715595771993,0.5249984396032223,-0.0244385595821623,,,,,1.1212076759364074,,,-0.5024499498741029,,0.0,,,,,,,,,,,,,,,0.054668126903268,0.1,274670368.0,15206500,48,18.062694768684445,2025-04-14,18.26365400262878,18.22874679,18.49784256,18.0393831,0.0090872527374341,0.0111256507690502,0.0071585903083699,17.09256465,18.37824444,17.08259814,18.1390482,15114000,272988416.0,47,2025-04-11 14:55:00,18.061956861188303,0.0612244897959184,0.139636819035692,-0.0510948905109489,-0.083123425692695,0.1158798283261803,-0.0396285156456122,-0.0428776776636395,-0.562300146004474,-0.5704317415014719,0.0714285714285713,asof1455,14:55,18.09918216,43.153955265306124,2.670971510204082,4.916909877551021,-402.8668131428572,2025-04-01,2024-12-31,0.063011,0.100876,0.342419,253547107.66,0.421746,2428734600.0,679036441.0,679036441.0,True,2025-04-02,2.343681,153.604538,0.837844,429.696825,0.711826,0.228216,0.03675,0.102855,-0.08935,-0.045455,-0.055669,1.074282,0.474841,0.085871,0.170684,0.005613,2.279655,0.323942,0.676058,0.286351,2.992378,0.039496,0.39153,0.039496,0.063011,2.423243,0.228216,1.129497,0.100876,1.021888,0.665818,0.148261,9,43.059112,2.665102,4.906103,-401.981392,asof1455_from_lagged_eod,1,0.3076923076923077,0.26153846153846155,0.3076923076923077,0.046153846153846156,0.0,0.0,0.0,0.0,0.0,0.0,0.0,0.0,0.0,0.0,0.0,0.0,0.0,0.0,0.0,0.0,0.0,0.0,0.0,0.0,0.0,0.0,0.0,0.0,0.0,0.0,0.0,0.0,0.0,0.0,0.0,0.0,0.0,0.0
2025-04-14,18.11911518,18.49784256,18.0393831,18.22874679,7988537.0,0.0,0.0,18.32255637926788,18.104989141168225,1.204523922857143,0.0660782629071275,48.68520366901093,0.5757929442449664,0.4130434782599693,19.67389074,18.49784256,18.49784256,348625519.0,330278146.2,20738231.72996523,3759.1422,0.0472780076093193,0.0596755504055619,0.0123975427962426,-0.077881051166906,0.1806250867839956,-1.1997635933796202,0.4130434782599693,-0.5520071547086534,0.8847124981002792,0.0123975427962426,,,,,-0.18536294303479,,,-0.0795805685021939,,0.0,,,,,,,,,,,,,,,0.0548094237695049,0.1,145899200.0,7988500,48,18.26365400262878,2025-04-15,17.87520461868175,17.75035431,18.20881377,17.62078968,-0.0193947601220835,-0.0212689850503693,-0.0262438490978677,18.11911518,18.47790954,18.0393831,18.25864632,7786700,142206480.0,47,2025-04-14 14:55:00,18.262740313611676,0.0088105726872245,0.1130012150668287,0.0614136732329084,-0.081704260651629,0.1204892966360857,-0.0289666869848673,-0.0381266571576082,-0.4110623115519665,-0.5224035453203684,0.0240174672489083,asof1455,14:55,18.22874679,43.43848743612334,2.6885830748898676,4.94932857709251,-405.52307827312774,2025-04-01,2024-12-31,0.063011,0.100876,0.342419,253547107.66,0.421746,2428734600.0,679036441.0,679036441.0,True,2025-04-02,2.343681,153.604538,0.837844,429.696825,0.711826,0.228216,0.03675,0.102855,-0.08935,-0.045455,-0.055669,1.074282,0.474841,0.085871,0.170684,0.005613,2.279655,0.323942,0.676058,0.286351,2.992378,0.039496,0.39153,0.039496,0.063011,2.423243,0.228216,1.129497,0.100876,1.021888,0.665818,0.148261,12,43.367354,2.68418,4.941224,-404.859012,asof1455_from_lagged_eod,1,0.36363636363636365,0.2727272727272727,0.36363636363636365,0.045454545454545456,0.0,0.0,0.0,0.0,0.0,0.0,0.0,0.0,0.0,0.0,0.0,0.0,0.0,0.0,0.0,0.0,0.0,0.0,0.0,0.0,0.0,0.0,0.0,0.0,0.0,0.0,0.0,0.0,0.0,0.0,0.0,0.0,0.0,0.0
2025-04-15,18.06928263,18.20881377,17.62078968,17.75035431,6917032.0,0.0,0.0,18.268060944099503,18.09336176965451,1.1255037364285714,0.0634073955241802,45.65814161290778,0.5000753453248465,0.220338983050469,19.67389074,18.49784256,18.49784256,341708487.0,330704810.65,20880737.57836289,3761.2348,0.0302610498255295,0.1152160300563556,0.084954980230826,-0.4599777125057133,0.1552186534708386,-1.7090449082843784,0.220338983050469,-0.6929965012629477,0.5269773784908006,0.084954980230826,,,,,-0.8488230442557253,,,0.7492917924309692,,0.0,,,,,,,,,,,,,,,0.0549202084971195,0.1,122607816.0,6859100,48,17.87520461868175,2025-04-16,17.13756101226821,16.92313398,17.90981847,16.8434019,-0.0345228769538734,-0.0412663028003948,-0.0466030320044917,18.06928263,18.20881377,17.62078968,17.72045478,6795800,121480616.0,47,2025-04-15 14:55:00,17.875837429000264,-0.0278840896664843,0.036734693877551,0.1133375078271761,-0.0988342625443486,0.1126408010012516,-0.0534245481406552,-0.0680609062557329,-0.7654836927527516,-0.9626269972441684,0.0331833520809897,asof1455,14:55,17.75035431,42.158094812465826,2.609334084199016,4.803442466921815,-393.56988700710775,2025-04-01,2024-12-31,0.063011,0.100876,0.342419,253547107.66,0.421746,2428734600.0,679036441.0,679036441.0,True,2025-04-02,2.343681,153.604538,0.837844,429.696825,0.711826,0.228216,0.03675,0.102855,-0.08935,-0.045455,-0.055669,1.074282,0.474841,0.085871,0.170684,0.005613,2.279655,0.323942,0.676058,0.286351,2.992378,0.039496,0.39153,0.039496,0.063011,2.423243,0.228216,1.129497,0.100876,1.021888,0.665818,0.148261,13,42.229228,2.613737,4.811547,-394.233953,asof1455_from_lagged_eod,1,0.22388059701492538,0.22388059701492538,0.22388059701492538,0.07462686567164178,0.0,0.0,0.0,0.0,0.0,0.0,0.0,0.0,0.0,0.0,0.0,0.0,0.0,0.0,0.0,0.0,0.0,0.0,0.0,0.0,0.0,0.0,0.0,0.0,0.0,0.0,0.0,0.0,0.0,0.0,0.0,0.0,0.0,0.0
2025-04-16,17.75035431,17.90981847,16.8434019,16.92313398,10736779.0,0.0,0.0,18.139972661804315,18.054993645403545,1.1504200114285712,0.0679791351169402,40.92025949840043,0.8128476912682023,0.0747663551401161,19.67389074,18.49784256,18.49784256,330971708.0,329434662.35,20036177.09549032,3772.8204,0.0233335773574347,0.0315917375455649,0.0082581601881301,-1.057734279406535,0.0738678183241732,-2.3910891089088144,0.0747663551401161,-0.2072115285984858,0.0767135188850935,0.0082581601881301,,,,,-1.331439732976925,,,-0.1390088903893246,,1.0,,,,,,,,,,,,,,,0.0550309932247341,0.1,182436192.0,10645400,48,17.13756101226821,2025-04-17,17.376661834937977,17.17229673,17.73042129,16.8434019,0.0267992828913345,0.013951858289438,0.0147232037691402,17.75035431,17.76032082,16.8434019,16.90320096,10550800,180830656.0,47,2025-04-16 14:55:00,17.13904689691777,-0.0477259966311061,-0.066079295154185,0.0303766707168893,-0.1885167464114833,0.0754597336715281,-0.0924414715719064,-0.1124600973363336,-1.32030787392992,-1.6553104872151736,0.0542452830188679,asof1455,14:55,16.92313398,40.21379600673779,2.4889937967434026,4.581911124087592,-375.41874468725433,2025-04-01,2024-12-31,0.063011,0.100876,0.342419,253547107.66,0.421746,2428734600.0,679036441.0,679036441.0,True,2025-04-02,2.343681,153.604538,0.837844,429.696825,0.711826,0.228216,0.03675,0.102855,-0.08935,-0.045455,-0.055669,1.074282,0.474841,0.085871,0.170684,0.005613,2.279655,0.323942,0.676058,0.286351,2.992378,0.039496,0.39153,0.039496,0.063011,2.423243,0.228216,1.129497,0.100876,1.021888,0.665818,0.148261,14,40.261218,2.491929,4.587315,-375.861456,asof1455_from_lagged_eod,1,0.16176470588235295,0.16176470588235295,0.16176470588235295,0.11764705882352941,0.0,0.0,0.0,0.0,0.0,0.0,0.0,0.0,0.0,0.0,0.0,0.0,0.0,0.0,0.0,0.0,0.0,0.0,0.0,0.0,0.0,0.0,0.0,0.0,0.0,0.0,0.0,0.0,0.0,0.0,0.0,0.0,0.0,0.0
2025-04-17,16.89323445,17.73042129,16.8434019,17.17229673,6554540.0,0.0,0.0,18.04781304925152,18.026052762931293,1.1732006057142856,0.0683193765027735,42.84411981556801,0.5049695106439634,0.3707865168535144,19.67389074,18.49784256,18.49784256,337526248.0,327935740.05,18166148.38003304,3772.2221,0.0099346336074088,0.0046647230320699,-0.0052699105753388,-0.7462630985582633,0.0185477966975304,-2.132281553396242,0.3707865168535144,-0.6832572264918673,0.5279329304907144,-0.0052699105753388,,,,,-0.2969397560766763,,,-0.2945933821631241,,1.0,,,,,,,,,,,,,,,0.0550715190213293,0.1,113884904.0,6553900,48,17.376661834937977,2025-04-18,18.08973654494207,17.66065572,18.48787605,17.47129203,0.0534255743053464,0.0410363461508105,0.0284387695879282,16.89323445,17.71048827,16.85336841,17.21216277,6415000,111490664.0,47,2025-04-17 14:55:00,17.37968261886204,0.0170789163722024,-0.0557681793329688,0.0069970845481048,-0.1776190476190476,-0.0046109510086455,-0.0660573777140848,-0.0971901546504031,-0.973458904649817,-1.4815303173090892,0.04979733642154,asof1455,14:55,17.17229673,40.94883597526501,2.534488446996466,4.6656613692579505,-382.28076237455826,2025-04-01,2024-12-31,0.063011,0.100876,0.342419,253547107.66,0.421746,2428734600.0,679036441.0,679036441.0,True,2025-04-02,2.343681,153.604538,0.837844,429.696825,0.711826,0.228216,0.03675,0.102855,-0.08935,-0.045455,-0.055669,1.074282,0.474841,0.085871,0.170684,0.005613,2.279655,0.323942,0.676058,0.286351,2.992378,0.039496,0.39153,0.039496,0.063011,2.423243,0.228216,1.129497,0.100876,1.021888,0.665818,0.148261,15,40.853992,2.528618,4.654855,-381.39534,asof1455_from_lagged_eod,1,0.2028985507246377,0.2028985507246377,0.2028985507246377,0.08695652173913043,0.0,0.0,0.0,0.0,0.0,0.0,0.0,0.0,0.0,0.0,0.0,0.0,0.0,0.0,0.0,0.0,0.0,0.0,0.0,0.0,0.0,0.0,0.0,0.0,0.0,0.0,0.0,0.0,0.0,0.0,0.0,0.0,0.0,0.0
2025-04-18,17.47129203,18.48787605,17.47129203,17.66065572,11246677.0,0.0,0.0,18.010940922656136,18.01407253201551,1.2237450492857145,0.0692921638181192,46.5200456480032,0.8628195043069677,0.1862745098037387,19.61409168,18.49784256,18.49784256,348772925.0,327506759.35,17557532.096886337,3772.523,0.0058675381981367,-0.0242290748898678,-0.0300966130880045,-0.2862403430030675,-0.0025590374083233,-1.5962769051761243,0.1862745098037387,-0.1475497588963017,1.2112274967033283,-0.0300966130880045,,,,,-0.9318775568727228,,,-0.5807953940013271,,1.0,,,,,,,,,,,,,,,0.0551120448179244,0.1,203449840.0,11246700,48,18.08973654494207,2025-04-21,18.96522359152758,19.42472799,19.42472799,17.5410576,0.0738685976450017,0.0483968931449305,0.0998871331828441,17.47129203,18.4380435,17.47129203,17.67062223,10942700,198063824.0,47,2025-04-18 14:55:00,18.10008718140861,0.0290191526407428,-0.004491858506457,-0.0236784140969164,-0.1287469287469287,0.0189655172413791,-0.0313063432224224,-0.0730461908454815,-0.5017942164076487,-1.1107822239456604,0.0547095318668921,asof1455,14:55,17.66065572,42.03954022983169,2.60199635171213,4.789934947765525,-392.463109587928,2025-04-01,2024-12-31,0.063011,0.100876,0.342419,253547107.66,0.421746,2428734600.0,679036441.0,679036441.0,True,2025-04-02,2.343681,153.604538,0.837844,429.696825,0.711826,0.228216,0.03675,0.102855,-0.08935,-0.045455,-0.055669,1.074282,0.474841,0.085871,0.170684,0.005613,2.279655,0.323942,0.676058,0.286351,2.992378,0.039496,0.39153,0.039496,0.063011,2.423243,0.228216,1.129497,0.100876,1.021888,0.665818,0.148261,16,42.015829,2.600529,4.787233,-392.241755,asof1455_from_lagged_eod,1,0.24285714285714285,0.24285714285714285,0.24285714285714285,0.08571428571428572,0.0,0.0,0.0,0.0,0.0,0.0,0.0,0.0,0.0,0.0,0.0,0.0,0.0,0.0,0.0,0.0,0.0,0.0,0.0,0.0,0.0,0.0,0.0,0.0,0.0,0.0,0.0,0.0,0.0,0.0,0.0,0.0,0.0,0.0
2025-04-21,17.77028733,19.42472799,17.5410576,19.42472799,16229079.0,0.0,0.0,18.14558731002222,18.06032353063795,1.2885273642857145,0.0663343839331491,57.22249425580268,1.2071341122557184,0.9999999999994692,18.57757464,19.42472799,19.42472799,365002004.0,328291178.6,18819387.13008081,3784.8806,0.0068468811847555,0.0656096227446694,0.0587627415599139,0.9927151843499046,0.066171492936408,0.6574585635354007,0.9999999999994692,0.1882490480023255,1.950691866119358,0.0587627415599139,,,,,1.864974139835913,,,0.4662927353671875,,0.0,,,,,,,,,,,,,,,0.0552491322188588,0.1,307475584.0,16212600,48,18.96522359152758,2025-04-22,19.52109784694095,19.21543128,19.82338839,19.0360341,0.0049611946684948,0.0293101872873093,-0.0107747562852744,17.77028733,19.42472799,17.55102411,19.42472799,16193100,307095520.0,47,2025-04-21 14:55:00,18.96459109126727,0.0998871331828441,0.1478209658421674,0.0656096227446694,-0.0151591712986355,0.0756070640176602,0.0725586770492254,0.0186854828171958,1.260506603776555,0.2857375087483942,0.0964597229348384,asof1455,14:55,19.42472799,46.2126697071106,2.860288386568848,5.2654159802483065,-431.42165942155754,2025-04-01,2024-12-31,0.063011,0.100876,0.342419,253547107.66,0.421746,2428734600.0,679036441.0,679036441.0,True,2025-04-02,2.343681,153.604538,0.837844,429.696825,0.711826,0.228216,0.03675,0.102855,-0.08935,-0.045455,-0.055669,1.074282,0.474841,0.085871,0.170684,0.005613,2.279655,0.323942,0.676058,0.286351,2.992378,0.039496,0.39153,0.039496,0.063011,2.423243,0.228216,1.129497,0.100876,1.021888,0.665818,0.148261,19,46.21267,2.860288,5.265416,-431.421659,asof1455_from_lagged_eod,1,0.6197183098591549,0.5633802816901409,0.6197183098591549,0.028169014084507043,0.0,0.0,0.0,0.0,0.0,0.0,0.0,0.0,0.0,0.0,0.0,0.0,0.0,0.0,0.0,0.0,0.0,0.0,0.0,0.0,0.0,0.0,0.0,0.0,0.0,0.0,0.0,0.0,0.0,0.0,0.0,0.0,0.0,0.0
2025-04-22,19.54432611,19.82338839,19.0360341,19.21543128,15011165.0,0.0,0.0,18.247477211924863,18.09819591586293,1.2522207921428576,0.0651674570243001,55.79582104116647,1.081471906927264,0.2278481012655353,19.42472799,19.82338839,19.82338839,349990839.0,328639593.0,19150483.957125377,3783.9522,0.0060398781804316,0.0825379000561483,0.0764980218757167,0.7729899344810884,0.1192132385905757,-0.1671404206934425,0.2278481012655353,0.0783229900470231,1.1149193956560968,0.0764980218757167,,,,,-0.7891081021710648,,,0.6700388884276125,,0.0,,,,,,,,,,,,,,,0.0553862196197931,0.1,293035104.0,15011200,48,19.52109784694095,2025-04-23,19.14233819086825,19.1356992,19.32506289,18.74700531,-0.0038038745041245,-0.019402579662396,-0.0041493775933609,19.54432611,19.81342188,19.04600061,19.15563222,14593300,284986656.0,47,2025-04-22 14:55:00,19.528595725435647,-0.0138532580810671,0.1154962275101567,0.0791690061763055,-0.0228774783934925,0.0519978106185003,0.0585740643846557,0.0033759092332859,1.0379425096728163,0.051943277863078,0.0400624349635795,asof1455,14:55,19.21543128,45.57247395587481,2.8206636921498207,5.19247283324782,-425.4450634161108,2025-04-01,2024-12-31,0.063011,0.100876,0.342419,253547107.66,0.421746,2428734600.0,679036441.0,679036441.0,True,2025-04-02,2.343681,153.604538,0.837844,429.696825,0.711826,0.228216,0.03675,0.102855,-0.08935,-0.045455,-0.055669,1.074282,0.474841,0.085871,0.170684,0.005613,2.279655,0.323942,0.676058,0.286351,2.992378,0.039496,0.39153,0.039496,0.063011,2.423243,0.228216,1.129497,0.100876,1.021888,0.665818,0.148261,20,45.71474,2.829469,5.208682,-426.773196,asof1455_from_lagged_eod,1,0.5555555555555556,0.5277777777777778,0.5555555555555556,0.041666666666666664,0.0,0.0,0.0,0.0,0.0,0.0,0.0,0.0,0.0,0.0,0.0,0.0,0.0,0.0,0.0,0.0,0.0,0.0,0.0,0.0,0.0,0.0,0.0,0.0,0.0,0.0,0.0,0.0,0.0,0.0,0.0,0.0,0.0,0.0
2025-04-23,19.21543128,19.32506289,18.74700531,19.1356992,12988391.0,0.0,0.0,18.332069782217737,18.132212416982185,1.205947710000001,0.06302083333333,55.23089038364037,0.9396170271594536,0.672413793102286,19.82338839,19.82338839,19.82338839,337002448.0,329045248.1,19237209.46736978,3786.8824,0.0037271851053393,0.1307420494699647,0.1270148643646254,0.6663882779640569,0.1657263939208325,-0.5702479338838247,0.672413793102286,-0.0622829046507906,0.413635871330351,0.1270148643646254,0.7166666666666667,0.2670931057209008,-1.717431114411571,0.9596330316118762,0.7401848793911514,,,1.2496149379127544,,1.0,,,,,,,,,,,,,,,0.0555917481146246,0.1,244589312.0,12777400,48,19.14233819086825,2025-04-24,19.640987177056505,19.60412517,20.06258463,19.02606759,0.0264055142054333,0.0260495338247721,0.0244791666666666,19.21543128,19.31509638,18.74700531,19.24533081,12575400,240692368.0,47,2025-04-23 14:55:00,19.13993733797732,0.0015560165975103,0.0897291196388261,0.1372202591283862,0.0141806722689075,0.0163157894736842,0.0646744224513424,0.0071892413481349,1.1741447621280772,0.1111845897849403,0.0295183842568617,asof1455,14:55,19.1356992,45.785872894190874,2.833871700726141,5.216786795643153,-427.43726217634855,2025-04-01,2024-12-31,0.063011,0.100876,0.342419,253547107.66,0.421746,2428734600.0,679036441.0,679036441.0,True,2025-04-02,2.343681,153.604538,0.837844,429.696825,0.711826,0.228216,0.03675,0.102855,-0.08935,-0.045455,-0.055669,1.074282,0.474841,0.085871,0.170684,0.005613,2.279655,0.323942,0.676058,0.286351,2.992378,0.039496,0.39153,0.039496,0.063011,2.423243,0.228216,1.129497,0.100876,1.021888,0.665818,0.148261,21,45.525052,2.817729,5.18707,-425.002353,asof1455_from_lagged_eod,1,0.5616438356164384,0.5616438356164384,0.5616438356164384,0.0410958904109589,0.0,0.0,0.0,0.0,0.0,0.0,0.0,0.0,0.0,0.0,0.0,0.0,0.0,0.0,0.0,0.0,0.0,0.0,0.0,0.0,0.0,0.0,0.0,0.0,0.0,0.0,0.0,0.0,0.0,0.0,0.0,0.0,0.0,0.0
2025-04-24,19.02606759,20.06258463,19.02606759,19.60412517,21625327.0,0.0,0.0,18.45321791438748,18.18047185150736,1.2045239228571434,0.0614423705425199,57.92613644128056,1.5181391294889492,0.5576923076917693,19.82338839,20.06258463,20.06258463,358627775.0,331191877.0,20007681.3781102,3784.3574,0.0032170163045277,0.1416134648868252,0.1383964485822975,0.9554872541523324,0.2264347413150063,-0.1820330969265643,0.5576923076917693,0.4174853279283199,1.371268238508476,0.1383964485822975,0.6721311475409836,0.4862410224457334,-1.5824558958257338,1.2883352218349564,0.3396765926096813,,,1.3562596143111798,,0.0,,,,,,,,,,,,,,,0.0555917481146246,0.1,424742240.0,21625300,48,19.640987177056505,2025-04-25,19.594285970497243,19.58419215,19.82338839,19.21543128,-0.0005018943420037,-0.0023777423272193,-0.0010167768174885,19.02606759,20.06258463,19.02606759,19.60412517,21205600,416486592.0,47,2025-04-24 14:55:00,19.640405930508923,0.0244791666666666,0.009235505387378,0.1416134648868252,0.0501868659903896,0.0518716577540105,0.0840451915128133,0.0257881150426324,1.5146486680223352,0.3989570976866741,0.0528723945094051,asof1455,14:55,19.60412517,46.63946733541667,2.8867046578125,5.314045151041666,-435.4060564328125,2025-04-01,2024-12-31,0.063011,0.100876,0.342419,253547107.66,0.421746,2428734600.0,679036441.0,679036441.0,True,2025-04-02,2.343681,153.604538,0.837844,429.696825,0.711826,0.228216,0.03675,0.102855,-0.08935,-0.045455,-0.055669,1.074282,0.474841,0.085871,0.170684,0.005613,2.279655,0.323942,0.676058,0.286351,2.992378,0.039496,0.39153,0.039496,0.063011,2.423243,0.228216,1.129497,0.100876,1.021888,0.665818,0.148261,22,46.639467,2.886704,5.314045,-435.406056,asof1455_from_lagged_eod,1,0.7027027027027027,0.6216216216216216,0.7027027027027027,0.013513513513513514,0.0,0.0,0.0,0.0,0.0,0.0,0.0,0.0,0.0,0.0,0.0,0.0,0.0,0.0,0.0,0.0,0.0,0.0,0.0,0.0,0.0,0.0,0.0,0.0,0.0,0.0,0.0,0.0,0.0,0.0,0.0,0.0,0.0,0.0
2025-04-25,19.44466101,19.82338839,19.21543128,19.58419215,11151466.0,0.0,0.0,18.56092974635057,18.22649546785137,1.1112658650000005,0.0567430025445264,57.766763415188166,0.7731970285513902,0.6065573770481802,20.06258463,20.06258463,20.06258463,347476309.0,333160592.6,19571241.18117463,3786.9937,0.0038358149174968,0.1089164785553047,0.1050806636378078,0.920807914538529,0.3009489349327738,-0.4304932735422134,0.6065573770481802,-0.2572213747083848,0.7314669656092182,0.1050806636378078,0.5483870967741935,0.4546921857933094,-1.439447554172839,1.0426858388111693,0.5059005482513523,,,0.9491744137803266,,0.0,,,,,,,,,,,,,,,0.0561102252064898,0.1,218505680.0,11151500,48,19.594285970497243,2025-04-28,19.51810427637289,19.12573269,20.38151295,19.01610108,-0.0033745519407143,-0.0038879545924283,-0.0234096692111959,19.44466101,19.79348886,19.22539779,19.56425913,10814800,211894624.0,47,2025-04-25 14:55:00,19.59302289455191,-0.0020335536349771,0.0181535269709542,0.107787810383747,0.0565123789020451,-0.0456976178901312,0.0790457343887423,0.0228397742075554,1.364473772721807,0.353637184142696,0.0290371879775853,asof1455,14:55,19.58419215,46.544623142348755,2.8808337325876967,5.303238604473818,-434.5206344321301,2025-04-01,2024-12-31,0.063011,0.100876,0.342419,253547107.66,0.421746,2428734600.0,679036441.0,679036441.0,True,2025-04-02,2.343681,153.604538,0.837844,429.696825,0.711826,0.228216,0.03675,0.102855,-0.08935,-0.045455,-0.055669,1.074282,0.474841,0.085871,0.170684,0.005613,2.279655,0.323942,0.676058,0.286351,2.992378,0.039496,0.39153,0.039496,0.063011,2.423243,0.228216,1.129497,0.100876,1.021888,0.665818,0.148261,23,46.592045,2.883769,5.308642,-434.963345,asof1455_from_lagged_eod,1,0.68,0.6,0.6933333333333334,0.02666666666666667,0.0,0.0,0.0,0.0,0.0,0.0,0.0,0.0,0.0,0.0,0.0,0.0,0.0,0.0,0.0,0.0,0.0,0.0,0.0,0.0,0.0,0.0,0.0,0.0,0.0,0.0,0.0,0.0,0.0,0.0,0.0,0.0,0.0,0.0
2025-04-28,19.77355584,20.38151295,19.01610108,19.12573269,13824824.0,0.0,0.0,18.614720502888613,18.255978655462805,1.062857102142858,0.0555720985632369,54.08123808232016,0.935442207108479,0.0802919708028614,20.06258463,20.38151295,20.38151295,333651485.0,334772931.05,18166565.716448866,3781.6188,-0.0008617973312023,-0.0153925089789636,-0.0145307116477612,0.4807910546776598,0.3375259446469334,-0.881446751506203,0.0802919708028614,-0.0667359127193513,-0.0617313182636717,-0.0145307116477612,0.492063492063492,0.1082779406162639,-1.3562684024828613,0.6228944442476906,-1.315376588233245,,,-0.4620024596925334,,1.0,,,,,,,,,,,,,,,0.0561102252064898,0.1,269833888.0,13824800,48,19.51810427637289,2025-04-29,19.767056570313887,19.8333549,20.16224973,18.936369,0.0335319901573867,0.0127549423046353,0.0369984366857738,19.77355584,20.31174738,19.01610108,19.10579967,13650200,266484224.0,47,2025-04-28 14:55:00,19.52236773087574,-0.0244274809160305,-0.0015625000000001,-0.0164186762442278,0.0367766360194699,-0.0602941176470588,0.0506700282261378,-0.0003302682125536,0.8416466501088465,-0.0051574730991401,0.0678142931664059,asof1455,14:55,19.12573269,45.45391870992366,2.8133257877862596,5.178965248854961,-424.3382861908397,2025-04-01,2024-12-31,0.063011,0.100876,0.342419,253547107.66,0.421746,2428734600.0,679036441.0,679036441.0,True,2025-04-02,2.343681,153.604538,0.837844,429.696825,0.711826,0.228216,0.03675,0.102855,-0.08935,-0.045455,-0.055669,1.074282,0.474841,0.085871,0.170684,0.005613,2.279655,0.323942,0.676058,0.286351,2.992378,0.039496,0.39153,0.039496,0.063011,2.423243,0.228216,1.129497,0.100876,1.021888,0.665818,0.148261,26,45.501341,2.816261,5.184368,-424.780997,asof1455_from_lagged_eod,1,0.5131578947368421,0.47368421052631576,0.5131578947368421,0.10526315789473684,0.0,0.0,0.0,0.0,0.0,0.0,0.0,0.0,0.0,0.0,0.0,0.0,0.0,0.0,0.0,0.0,0.0,0.0,0.0,0.0,0.0,0.0,0.0,0.0,0.0,0.0,0.0,0.0,0.0,0.0,0.0,0.0,0.0,0.0
2025-04-29,19.11576618,20.16224973,18.936369,19.8333549,14097452.0,0.0,0.0,18.730780921661125,18.30769590938206,1.0101769778571437,0.0509332376166521,58.48397129050244,0.9506568536921274,0.7317073170725743,20.38151295,20.38151295,20.38151295,347748937.0,336435521.05,17751713.99400003,3775.0767,-0.0023455634561134,0.0321576763485476,0.034503239804661,1.0914661514823254,0.4188226633080917,-0.5426356589141924,0.7317073170725743,-0.0506021083725665,0.6373140054996297,0.034503239804661,0.078125,0.5853929745459143,-1.2181665937767816,0.9209691595095147,0.9457179986956212,,,0.1205198982891819,,0.0,,,,,,,,,,,,,,,0.0561102252064898,0.1,278666080.0,14097500,48,19.767056570313887,2025-04-30,19.927112897277087,19.69382376,20.51107758,19.06593363,0.0047272888399272,0.008097124950994,-0.0070351758793969,19.11576618,20.16224973,18.98620155,19.81342188,13806900,272888256.0,47,2025-04-29 14:55:00,19.7646289898529,0.0359562272016675,0.0106761565836299,0.0311203319502073,0.0676691729323308,-0.0980036297640652,0.0874976067394217,0.037785917502632,1.4323763971610115,0.5944646689391693,0.0593561368209254,asof1455,14:55,19.8333549,47.13739755497655,2.9175231203751952,5.370778313705055,-440.0545190390829,2025-04-01,2024-12-31,0.063011,0.100876,0.342419,253547107.66,0.421746,2428734600.0,679036441.0,679036441.0,True,2025-04-02,2.343681,153.604538,0.837844,429.696825,0.711826,0.228216,0.03675,0.102855,-0.08935,-0.045455,-0.055669,1.074282,0.474841,0.085871,0.170684,0.005613,2.279655,0.323942,0.676058,0.286351,2.992378,0.039496,0.39153,0.039496,0.063011,2.423243,0.228216,1.129497,0.100876,1.021888,0.665818,0.148261,27,47.184819,2.920458,5.376182,-440.49723,asof1455_from_lagged_eod,1,0.7922077922077922,0.7142857142857143,0.8051948051948052,0.012987012987012988,0.0,0.0,0.0,0.0,0.0,0.0,0.0,0.0,0.0,0.0,0.0,0.0,0.0,0.0,0.0,0.0,0.0,0.0,0.0,0.0,0.0,0.0,0.0,0.0,0.0,0.0,0.0,0.0,0.0,0.0,0.0,0.0,0.0,0.0
2025-04-30,19.76358933,20.51107758,19.06593363,19.69382376,15725931.0,0.0,0.0,18.82249928721721,18.353142724156417,1.0422121885714293,0.0529207634470765,57.31697406262965,1.0688129734210718,0.43448275862039,20.38151295,20.51107758,20.51107758,332023006.0,336409802.5,17757714.559665572,3770.5705,-0.0043074746657039,0.0291666666666665,0.0334741413323704,0.8360336621818721,0.4503464536369446,-0.6598360655731372,0.43448275862039,0.0665486620322191,-0.247036097199358,0.0334741413323704,0.3076923076923077,0.3787963935242467,-1.1530035385758357,0.8026901578390669,-0.0914145100111164,,,0.1074393508110115,,1.0,,,,,,,,,,,,,,,0.0561102252064898,0.1,313369792.0,15725800,48,19.927112897277087,2025-05-06,20.63087067751301,20.56091013,20.97950355,19.81342188,0.0475807506420482,0.0353165952270027,0.0440283400809715,19.76358933,20.50111107,19.06593363,19.69382376,15304400,305040544.0,47,2025-04-30 14:55:00,19.931558506050543,-0.0070351758793969,0.0055979643765904,0.0291666666666665,0.0510638297872341,-0.1154879140555057,0.0771620921802176,0.0334457780915771,1.2101187176566006,0.549997957904284,0.0728744939271255,asof1455,14:55,19.69382376,46.85286549949749,2.899912064321608,5.3383596140703515,-437.39825451256286,2025-04-01,2024-12-31,0.063011,0.100876,0.342419,253547107.66,0.421746,2428734600.0,679036441.0,679036441.0,True,2025-04-02,2.343681,153.604538,0.837844,429.696825,0.711826,0.228216,0.03675,0.102855,-0.08935,-0.045455,-0.055669,1.074282,0.474841,0.085871,0.170684,0.005613,2.279655,0.323942,0.676058,0.286351,2.992378,0.039496,0.39153,0.039496,0.063011,2.423243,0.228216,1.129497,0.100876,1.021888,0.665818,0.148261,28,46.609773,2.836152,5.338,-61.512223,asof1455_from_lagged_eod,1,0.7307692307692307,0.6538461538461539,0.7307692307692307,0.02564102564102564,0.0,0.0,0.0,0.0,0.0,0.0,0.0,0.0,0.0,0.0,0.0,0.0,0.0,0.0,0.0,0.0,0.0,0.0,0.0,0.0,0.0,0.0,0.0,0.0,0.0,0.0,0.0,0.0,0.0,0.0,0.0,0.0,0.0,0.0
2025-05-06,19.93302,20.97950355,19.81342188,20.56091013,14051761.0,0.0,0.0,18.988062224625093,18.42552854074145,1.039364614285715,0.0505505158922488,62.34534739735251,0.953768256747976,0.641025641025091,20.51107758,20.97950355,20.97950355,346074767.0,336403517.6,17754270.19655999,3808.5424,0.0063907811667047,0.0488052872394508,0.0424145060727461,1.5132782892116312,0.5412284352875466,0.0479452054794072,0.641025641025091,-0.0473345544980261,0.5447280734678605,0.0424145060727461,0.0757575757575757,0.9083645798052824,-1.0108524977866018,1.4224939597080128,0.6287102973191772,0.3757897159732881,0.2096624209746435,0.2137488013415856,,0.0,,,,,,,,,,,,,,,0.0556846875863465,0.1,287090944.0,13915600,48,20.63087067751301,2025-05-07,20.901918160491885,20.67054174,21.20873328,20.44131201,0.0165852595208968,0.0131379565707963,0.0053320407174017,19.93302,20.96953704,19.88318745,20.60077617,13724200,283135904.0,47,2025-05-06 14:55:00,20.630412264467147,0.0460526315789473,0.0771235018238665,0.050838840874428,0.06,0.0278468423669815,0.1238276471387793,0.0834752981260644,1.887622618767762,1.4634385019216376,0.0527334300919205,asof1455,14:55,20.56091013,48.75627570394737,2.9667642631578945,5.583828947368421,-64.34502274342105,2025-04-30,2025-03-31,0.019672,0.128896,0.368292,85403068.17,0.423945,,679036441.0,679036441.0,True,2025-05-01,0.563649,159.673933,0.198611,453.172205,0.170421,0.056176,0.045559,0.075387,-0.00079,0.076923,0.016495,1.135588,0.536845,0.100885,0.108292,0.005709,2.330548,0.335086,0.664914,0.282523,4.00456,-0.236892,-1.837849,-0.236892,0.019672,2.520781,0.056176,1.07775,0.128896,0.941933,0.743005,0.184174,5,48.661924,2.961023,5.573023,-64.220504,asof1455_from_lagged_eod,1,0.9367088607594937,0.8354430379746836,0.9493670886075949,0.26582278481012656,-0.043339,0.028020000000000017,0.025873000000000035,-168144039.49,0.0021990000000000065,,0.0,0.0,0.008809000000000004,-0.027468000000000006,0.08856,0.12237800000000001,0.072164,0.06130600000000008,0.062004000000000004,0.015014,-0.062392,9.599999999999973e-05,0.050892999999999855,0.011143999999999987,-0.011144000000000043,-0.003827999999999998,1.0121819999999997,-0.27638799999999997,-2.229379,-0.27638799999999997,-0.043339,0.09753800000000012,-0.17204,-0.05174699999999999,0.028020000000000017,-0.07995499999999989,0.077187,0.035913
2025-05-07,20.81007288,21.20873328,20.44131201,20.67054174,14623580.0,0.0,0.0,19.14829836894652,18.49913553088108,1.0614333150000006,0.0513500482160052,62.93982823203999,1.0017790514900793,0.2987012987009097,20.97950355,21.20873328,21.20873328,360698347.0,337994868.7,18421643.585727308,3831.627,0.0117859451416568,0.055470737913486,0.0436847927718291,1.434139431596843,0.6115907885035884,-0.2910798122062979,0.2987012987009097,0.00177747085239,1.2324349993173345,0.0436847927718291,0.1343283582089552,0.8341435437333812,-0.9006685529347574,1.093620064547881,-0.5739367477657015,0.4962634269972483,0.9471628336416668,0.2275577711104989,,0.0,,,,,,,,,,,,,,,0.055479159091515,0.1,305613216.0,14621300,48,20.901918160491885,2025-05-08,20.75546357400393,20.76024033,20.87983845,20.42137899,0.0041083506698613,-0.0070067534167643,0.0043394406943104,20.81007288,21.20873328,20.46124503,20.75027382,14211200,297099072.0,47,2025-05-07 14:55:00,20.90598063499212,0.0092098885118758,0.0462311557788945,0.0595419847328244,0.0855057351407715,0.0617032126466088,0.1285164507561385,0.0908424076774627,1.850566212276358,1.5785052466722371,0.0360230547550432,asof1455,14:55,20.67054174,49.11009489481338,2.9882936917111,5.6243499205041205,-64.81196768201649,2025-04-30,2025-03-31,0.019672,0.128896,0.368292,85403068.17,0.423945,,679036441.0,679036441.0,True,2025-05-01,0.563649,159.673933,0.198611,453.172205,0.170421,0.056176,0.045559,0.075387,-0.00079,0.076923,0.016495,1.135588,0.536845,0.100885,0.108292,0.005709,2.330548,0.335086,0.664914,0.282523,4.00456,-0.236892,-1.837849,-0.236892,0.019672,2.520781,0.056176,1.07775,0.128896,0.941933,0.743005,0.184174,6,48.921391,2.976811,5.602739,-64.562931,asof1455_from_lagged_eod,1,0.95,0.8625,0.95,0.2625,-0.043339,0.028020000000000017,0.025873000000000035,-168144039.49,0.0021990000000000065,,0.0,0.0,0.008809000000000004,-0.027468000000000006,0.08856,0.12237800000000001,0.072164,0.06130600000000008,0.062004000000000004,0.015014,-0.062392,9.599999999999973e-05,0.050892999999999855,0.011143999999999987,-0.011144000000000043,-0.003827999999999998,1.0121819999999997,-0.27638799999999997,-2.229379,-0.27638799999999997,-0.043339,0.09753800000000012,-0.17204,-0.05174699999999999,0.028020000000000017,-0.07995499999999989,0.077187,0.035913
2025-05-08,20.42137899,20.87983845,20.42137899,20.76024033,7781360.0,0.0,0.0,19.301816650951604,18.573270114458744,1.0507549114285724,0.0506138124957112,63.44829359890906,0.5483818107864284,0.7391304347809908,21.20873328,21.20873328,21.20873328,368479707.0,340772290.3,18619880.867136225,3852.8963,0.0188484095752854,0.0854611776967169,0.0666127681214314,1.3879770279295487,0.6933553472537747,-0.4268292682922783,0.7391304347809908,-0.600783499629547,1.4880555304144352,0.0666127681214314,0.088235294117647,0.7874921601353858,-0.777577510364381,0.9557569808857522,0.9741854390202316,-1.036810763913716,1.202649344949758,0.5034806839043843,,0.0,,,,,,,,,,,,,,,0.0552086064222636,0.1,159458000.0,7682700,48,20.75546357400393,2025-05-09,20.46180748007357,20.21208228,20.95957053,20.11241718,-0.0143752117115507,-0.0141483755775109,-0.026404224675948,20.42137899,20.86987194,20.42137899,20.74030731,7610800,157960704.0,47,2025-05-08 14:55:00,20.754809481263468,0.0033751205400192,0.0531376518218622,0.0844189682126106,0.2056778679026649,0.0296882731321128,0.1232255626922869,0.0892436534938496,1.66896800842356,1.5267428977441957,0.0216242191254204,asof1455,14:55,20.76024033,49.08650659161041,2.9868580959498554,5.6216489194792665,-64.78083867454195,2025-04-30,2025-03-31,0.019672,0.128896,0.368292,85403068.17,0.423945,,679036441.0,679036441.0,True,2025-05-01,0.563649,159.673933,0.198611,453.172205,0.170421,0.056176,0.045559,0.075387,-0.00079,0.076923,0.016495,1.135588,0.536845,0.100885,0.108292,0.005709,2.330548,0.335086,0.664914,0.282523,4.00456,-0.236892,-1.837849,-0.236892,0.019672,2.520781,0.056176,1.07775,0.128896,0.941933,0.743005,0.184174,7,49.133683,2.989729,5.627051,-64.843098,asof1455_from_lagged_eod,1,0.9382716049382716,0.8518518518518519,0.9382716049382716,0.2716049382716049,-0.043339,0.028020000000000017,0.025873000000000035,-168144039.49,0.0021990000000000065,,0.0,0.0,0.008809000000000004,-0.027468000000000006,0.08856,0.12237800000000001,0.072164,0.06130600000000008,0.062004000000000004,0.015014,-0.062392,9.599999999999973e-05,0.050892999999999855,0.011143999999999987,-0.011144000000000043,-0.003827999999999998,1.0121819999999997,-0.27638799999999997,-2.229379,-0.27638799999999997,-0.043339,0.09753800000000012,-0.17204,-0.05174699999999999,0.028020000000000017,-0.07995499999999989,0.077187,0.035913
2025-05-09,20.76024033,20.95957053,20.11241718,20.21208228,9851834.0,0.0,0.0,19.38850861562288,18.62700166086993,1.0350932528571437,0.051211608903914,58.1937482599384,0.741078193815177,0.1176470588233898,21.20873328,21.20873328,21.20873328,358627873.0,344445467.8,13947634.95635637,3846.1566,0.0188287300228893,0.0190954773869347,0.0002667473640454,0.7956516595031754,0.7356892266955117,-0.9628610729014074,0.1176470588233898,-0.2996491345365533,1.0168322618406804,0.0002667473640454,0.1304347826086956,0.3076764177780953,-0.7106338256826336,0.4612509936734617,-1.2091573546172398,-0.2601070033921906,0.6805448220713002,-0.3088997824357956,,1.0,,,,,,,,,,,,,,,0.0549202084971195,0.1,200239248.0,9786000,48,20.46180748007357,2025-05-12,20.841150547684027,20.48117805,21.4279965,20.29181436,0.0311233775406947,0.0185390791101847,0.0133136094674555,20.76024033,20.94960402,20.11241718,20.2320153,9724100,198983280.0,47,2025-05-09 14:55:00,20.462899394288417,-0.0254440710513681,-0.0159961221522054,0.0201005025125629,0.2711333750782718,0.0221550855991943,0.0852423084119644,0.0619746800125551,1.1207093952914975,1.0486315551609933,0.0413793103448274,asof1455,14:55,20.21208228,47.8835220787326,2.913658122899664,5.483875914546328,-63.19322560729717,2025-04-30,2025-03-31,0.019672,0.128896,0.368292,85403068.17,0.423945,,679036441.0,679036441.0,True,2025-05-01,0.563649,159.673933,0.198611,453.172205,0.170421,0.056176,0.045559,0.075387,-0.00079,0.076923,0.016495,1.135588,0.536845,0.100885,0.108292,0.005709,2.330548,0.335086,0.664914,0.282523,4.00456,-0.236892,-1.837849,-0.236892,0.019672,2.520781,0.056176,1.07775,0.128896,0.941933,0.743005,0.184174,8,47.836346,2.910787,5.478473,-63.130966,asof1455_from_lagged_eod,1,0.8536585365853658,0.6585365853658537,0.8536585365853658,0.2926829268292683,-0.043339,0.028020000000000017,0.025873000000000035,-168144039.49,0.0021990000000000065,,0.0,0.0,0.008809000000000004,-0.027468000000000006,0.08856,0.12237800000000001,0.072164,0.06130600000000008,0.062004000000000004,0.015014,-0.062392,9.599999999999973e-05,0.050892999999999855,0.011143999999999987,-0.011144000000000043,-0.003827999999999998,1.0121819999999997,-0.27638799999999997,-2.229379,-0.27638799999999997,-0.043339,0.09753800000000012,-0.17204,-0.05174699999999999,0.028020000000000017,-0.07995499999999989,0.077187,0.035913
2025-05-12,20.29181436,21.4279965,20.29181436,20.48117805,13377290.0,0.0,0.0,19.492572371277845,18.687794329366,1.0585857407142865,0.0516857838025696,59.94735480863866,1.0512790083591337,0.1666666666665205,21.20873328,21.4279965,21.4279965,372005163.0,347549501.7,12778631.449626226,3890.6096,0.0318357924881658,0.0399797570850202,0.0081439645968544,0.9338928730082408,0.7602388837847529,-0.6872898453255104,0.1666666666665205,0.0500075260828188,1.9137934603095028,0.0081439645968544,0.2428571428571428,0.4162876222148486,-0.6692290377607029,0.707111442641473,-1.0231426109544255,0.6387404313034177,1.615624162275797,-0.2101884600884677,,0.0,,,,,,,,,,,,,,,0.054668126903268,0.1,278739968.0,13374500,48,20.841150547684027,2025-05-13,20.529496129959924,20.5310106,20.72037429,20.21208228,0.0023591455453375,-0.014953800991507,0.0024330900243307,20.29181436,21.41802999,20.29181436,20.49114456,13048000,272026176.0,47,2025-05-12 14:55:00,20.848112814224404,0.0138067061143982,-0.0086788813886211,0.0404858299595141,0.2490886998784933,0.0058708414872798,0.0866233285767135,0.0751825962661458,1.246970630065058,1.2659922488185713,0.0549610894941634,asof1455,14:55,20.48117805,48.49680837080867,2.950975380670611,5.554112666666666,-64.00259669428007,2025-04-30,2025-03-31,0.019672,0.128896,0.368292,85403068.17,0.423945,,679036441.0,679036441.0,True,2025-05-01,0.563649,159.673933,0.198611,453.172205,0.170421,0.056176,0.045559,0.075387,-0.00079,0.076923,0.016495,1.135588,0.536845,0.100885,0.108292,0.005709,2.330548,0.335086,0.664914,0.282523,4.00456,-0.236892,-1.837849,-0.236892,0.019672,2.520781,0.056176,1.07775,0.128896,0.941933,0.743005,0.184174,11,48.47322,2.94954,5.551412,-63.971467,asof1455_from_lagged_eod,1,0.891566265060241,0.7710843373493976,0.9156626506024096,0.2891566265060241,0.0,0.0,0.0,0.0,0.0,,0.0,0.0,0.0,0.0,0.0,0.0,0.0,0.0,0.0,0.0,0.0,0.0,0.0,0.0,0.0,0.0,0.0,0.0,0.0,0.0,0.0,0.0,0.0,0.0,0.0,0.0,0.0,0.0
2025-05-13,20.59080966,20.72037429,20.21208228,20.5310106,6590476.0,0.0,0.0,19.591471250203764,18.748227649714654,1.0009223614285718,0.0487517337031876,60.2796278902143,0.5365286574468718,0.6274509803909203,21.4279965,21.4279965,21.4279965,378595639.0,350212308.4,13406409.534086095,3896.2583,0.023031357088213,-0.0014541929229278,-0.0244855500111408,0.9386735535155126,0.8424665418452073,-0.8961593172110537,0.6274509803909203,-0.622635302779935,2.11714631929114,-0.0244855500111408,0.0422535211267605,0.4167015506263848,-0.5485440405267097,0.5096574113302152,0.5990731834794997,-1.0932749601806475,1.7758552476714708,-0.6103104354946475,,1.0,,,,,,,,,,,,,,,0.0544445444413055,0.1,134209528.0,6537400,48,20.529496129959924,2025-05-14,21.225013939744333,20.83997241,21.6273267,20.5310106,0.0338026877130117,0.0338789517960647,0.0150485436893206,20.59080966,20.70044127,20.22204879,20.55094362,6463700,132689560.0,47,2025-05-13 14:55:00,20.52842180175441,0.0034063260340633,-0.0100816130580891,-0.0004847309743091,0.202332361516035,0.0243417784401391,0.0781417479281587,0.0782169157697503,1.2139399656774703,1.3146518885034375,0.023278370514064,asof1455,14:55,20.5310106,48.638335591240875,2.959587094890511,5.570321919221412,-64.18937467347932,2025-04-30,2025-03-31,0.019672,0.128896,0.368292,85403068.17,0.423945,,679036441.0,679036441.0,True,2025-05-01,0.563649,159.673933,0.198611,453.172205,0.170421,0.056176,0.045559,0.075387,-0.00079,0.076923,0.016495,1.135588,0.536845,0.100885,0.108292,0.005709,2.330548,0.335086,0.664914,0.282523,4.00456,-0.236892,-1.837849,-0.236892,0.019672,2.520781,0.056176,1.07775,0.128896,0.941933,0.743005,0.184174,12,48.59116,2.956717,5.564919,-64.127115,asof1455_from_lagged_eod,1,0.9047619047619048,0.7857142857142857,0.9166666666666666,0.2857142857142857,0.0,0.0,0.0,0.0,0.0,,0.0,0.0,0.0,0.0,0.0,0.0,0.0,0.0,0.0,0.0,0.0,0.0,0.0,0.0,0.0,0.0,0.0,0.0,0.0,0.0,0.0,0.0,0.0,0.0,0.0,0.0,0.0,0.0
2025-05-14,20.5310106,21.6273267,20.5310106,20.83997241,15566984.0,0.0,0.0,19.71037612256531,18.81680944513384,0.9446827692857148,0.0453303272528502,62.36431169161246,1.2659147191646791,0.2818181818179268,21.4279965,21.6273267,21.6273267,394162623.0,352888590.45,16265500.142113838,3943.2108,0.0291217803820673,0.0081967213114755,-0.0209250590705918,1.1957413897657891,0.9458907333582034,-0.6224566691779366,0.2818181818179268,0.2357949590238707,2.5375200386943715,-0.0209250590705918,0.0138888888888888,0.621640581709103,-0.3991850866070697,0.7553470081838852,-0.6209738818111055,1.1180111329027218,2.127364116397719,-0.561217183035332,,0.0,,,,,,,,,,,,,,,0.0541938412871953,0.1,330409792.0,15567000,48,21.225013939744333,2025-05-15,20.7345450215806,20.56091013,20.96953704,20.4313455,-0.0050589024949388,-0.0231080610621096,-0.0133907221425155,20.5310106,21.6273267,20.5310106,20.84993892,15251600,323810240.0,47,2025-05-14 14:55:00,21.23123082168428,0.0155339805825243,0.0315581854043391,0.0086788813886209,0.1519823788546255,0.0209858467545143,0.084050160638408,0.0934559899644575,1.3711017147933915,1.559799728136307,0.0525812619502869,asof1455,14:55,20.83997241,49.34597413592233,3.0026465844660195,5.651364343689321,-65.12326435922331,2025-04-30,2025-03-31,0.019672,0.128896,0.368292,85403068.17,0.423945,,679036441.0,679036441.0,True,2025-05-01,0.563649,159.673933,0.198611,453.172205,0.170421,0.056176,0.045559,0.075387,-0.00079,0.076923,0.016495,1.135588,0.536845,0.100885,0.108292,0.005709,2.330548,0.335086,0.664914,0.282523,4.00456,-0.236892,-1.837849,-0.236892,0.019672,2.520781,0.056176,1.07775,0.128896,0.941933,0.743005,0.184174,13,49.322386,3.001211,5.648663,-65.092135,asof1455_from_lagged_eod,1,0.9529411764705882,0.8941176470588236,0.9647058823529412,0.24705882352941178,0.0,0.0,0.0,0.0,0.0,,0.0,0.0,0.0,0.0,0.0,0.0,0.0,0.0,0.0,0.0,0.0,0.0,0.0,0.0,0.0,0.0,0.0,0.0,0.0,0.0,0.0,0.0,0.0,0.0,0.0,0.0,0.0,0.0
2025-05-15,20.81007288,20.96953704,20.4313455,20.56091013,6718990.0,0.0,0.0,19.79137936136861,18.873993074145847,0.9268854300000002,0.0450799806107588,59.33516663656461,0.5492266515118358,0.2407407407402951,21.6273267,21.6273267,21.6273267,387443633.0,354829496.15,17877170.89779697,3907.1992,0.0140940466007351,-0.0096015362457992,-0.0236955828465343,0.8302328893340756,0.989751545907648,-1.150537634407362,0.2407407407402951,-0.599244078385506,1.8243455318771449,-0.0236955828465343,0.0136986301369863,0.3179087625335229,-0.3342839097458731,0.2617649486825513,-0.7600405893781546,-1.0312890802056005,1.3610560777647618,-0.5909488086161264,,1.0,,,,,,,,,,,,,,,0.0537350337806089,0.1,139315408.0,6719000,48,20.7345450215806,2025-05-16,21.081200222341085,20.97950355,21.29843187,20.34164691,0.025304818174461,0.0167187271483262,0.0203587009209889,20.81007288,20.95957053,20.4313455,20.55094362,6595300,136764352.0,47,2025-05-15 14:55:00,20.736638515306357,-0.0138689622190338,0.0034063260340633,-0.0100816130580891,0.1273920174958995,0.0574358974358975,0.0609451776388567,0.0773812633888919,0.9851236720562748,1.2813465994748057,0.0257032007759457,asof1455,14:55,20.56091013,48.6383356920134,2.959587318029651,5.570321906264946,-64.18937463892874,2025-04-30,2025-03-31,0.019672,0.128896,0.368292,85403068.17,0.423945,,679036441.0,679036441.0,True,2025-05-01,0.563649,159.673933,0.198611,453.172205,0.170421,0.056176,0.045559,0.075387,-0.00079,0.076923,0.016495,1.135588,0.536845,0.100885,0.108292,0.005709,2.330548,0.335086,0.664914,0.282523,4.00456,-0.236892,-1.837849,-0.236892,0.019672,2.520781,0.056176,1.07775,0.128896,0.941933,0.743005,0.184174,14,48.661924,2.961023,5.573023,-64.220504,asof1455_from_lagged_eod,1,0.8953488372093024,0.7790697674418605,0.8953488372093024,0.3023255813953488,0.0,0.0,0.0,0.0,0.0,,0.0,0.0,0.0,0.0,0.0,0.0,0.0,0.0,0.0,0.0,0.0,0.0,0.0,0.0,0.0,0.0,0.0,0.0,0.0,0.0,0.0,0.0,0.0,0.0,0.0,0.0,0.0,0.0
2025-05-16,20.48117805,21.29843187,20.34164691,20.97950355,9534880.0,0.0,0.0,19.904534046000173,18.94302620450172,0.9539373857142858,0.0454699694604661,62.293683115648,0.771153448098532,0.6666666666659686,21.6273267,21.6273267,21.6273267,396978513.0,357592997.45,19803414.77849965,3889.0854,0.0111614800083803,0.0379684418145955,0.0268069618062152,1.1268763758470262,1.007936009109749,-0.679104477611229,0.6666666666659686,-0.2598679004504918,1.988824452273778,0.0268069618062152,0.0405405405405405,0.5589427380193898,-0.3059986119066872,0.6964033625216537,0.7520572475882963,-0.1505502659805071,1.492987072921855,0.0441464024867098,,0.0,,,,,,,,,,,,,,,0.0531992284682967,0.1,201007136.0,9534900,48,21.081200222341085,2025-05-19,20.5519111974178,20.4313455,21.18880026,20.2320153,-0.0203814333148127,-0.0251071580052811,-0.0261282660332542,20.48117805,21.28846536,20.35161342,20.98947006,9377200,197686912.0,47,2025-05-16 14:55:00,21.081656784541227,0.0208434318952981,0.0223300970873787,0.0384615384615383,0.1824817518248176,0.0744897959183674,0.0771001150747985,0.0992892376486553,1.25722002699199,1.624873521934476,0.0446343779677113,asof1455,14:55,20.97950355,49.67620549878817,3.022740881240911,5.68918392535143,-65.55907970140572,2025-04-30,2025-03-31,0.019672,0.128896,0.368292,85403068.17,0.423945,,679036441.0,679036441.0,True,2025-05-01,0.563649,159.673933,0.198611,453.172205,0.170421,0.056176,0.045559,0.075387,-0.00079,0.076923,0.016495,1.135588,0.536845,0.100885,0.108292,0.005709,2.330548,0.335086,0.664914,0.282523,4.00456,-0.236892,-1.837849,-0.236892,0.019672,2.520781,0.056176,1.07775,0.128896,0.941933,0.743005,0.184174,15,49.652618,3.021305,5.686483,-65.52795,asof1455_from_lagged_eod,1,0.9655172413793104,0.9195402298850575,0.9770114942528736,0.2413793103448276,0.0,0.0,0.0,0.0,0.0,,0.0,0.0,0.0,0.0,0.0,0.0,0.0,0.0,0.0,0.0,0.0,0.0,0.0,0.0,0.0,0.0,0.0,0.0,0.0,0.0,0.0,0.0,0.0,0.0,0.0,0.0,0.0,0.0
2025-05-19,21.10906818,21.18880026,20.2320153,20.4313455,7621384.0,0.0,0.0,19.95470656542873,18.991823558452484,0.9482422371428572,0.0464111498257817,56.49701324555496,0.6242599956356424,0.208333333333114,21.6273267,21.6273267,21.6273267,389357129.0,360512268.5,19966633.253585417,3877.1453,-0.0034607173127829,-0.002433090024331,0.0010276272884519,0.502655245569875,1.0154399047615543,-1.2612612612599334,0.208333333333114,-0.471188337718743,1.444653193838792,0.0010276272884519,0.0533333333333333,0.0384916687535497,-0.2930589690201263,0.1480076605944238,-0.877571910733532,-0.6946435711849465,0.9273970270975777,-0.2803333406818941,,1.0,,,,,,,,,,,,,,,0.0529443747274808,0.1,156634336.0,7621400,48,20.5519111974178,2025-05-20,21.101533464352,21.41802999,21.67715925,19.93302,0.0328019495510956,0.026743121924508,0.0482926829268293,21.10906818,21.15890073,20.26191483,20.42137899,7394900,151990928.0,47,2025-05-19 14:55:00,20.55347983069413,-0.0266033254156768,-0.0200860832137733,-0.002919708029197,0.206713780918728,0.0556414219474497,0.0393365289507723,0.0681889271191742,0.6621087379393972,1.095236696841943,0.0439238653001464,asof1455,14:55,20.4313455,48.3316932456057,2.9409282399049883,5.535203642280285,-63.7846886223278,2025-04-30,2025-03-31,0.019672,0.128896,0.368292,85403068.17,0.423945,,679036441.0,679036441.0,True,2025-05-01,0.563649,159.673933,0.198611,453.172205,0.170421,0.056176,0.045559,0.075387,-0.00079,0.076923,0.016495,1.135588,0.536845,0.100885,0.108292,0.005709,2.330548,0.335086,0.664914,0.282523,4.00456,-0.236892,-1.837849,-0.236892,0.019672,2.520781,0.056176,1.07775,0.128896,0.941933,0.743005,0.184174,18,48.355281,2.942364,5.537905,-63.815819,asof1455_from_lagged_eod,1,0.8295454545454546,0.6818181818181818,0.8522727272727273,0.32954545454545453,0.0,0.0,0.0,0.0,0.0,,0.0,0.0,0.0,0.0,0.0,0.0,0.0,0.0,0.0,0.0,0.0,0.0,0.0,0.0,0.0,0.0,0.0,0.0,0.0,0.0,0.0,0.0,0.0,0.0,0.0,0.0,0.0,0.0
2025-05-20,20.4313455,21.67715925,19.93302,21.41802999,14658826.0,0.0,0.0,20.094070701102183,19.071371310306503,1.0293981042857143,0.0480622216313212,63.144974277534686,1.1621183589699853,0.8514285714280843,21.6273267,21.67715925,21.67715925,404015955.0,363836753.85,21350056.690182656,3898.1705,0.0004907785502825,0.0432038834951458,0.0427131049448632,1.2861489479963726,0.9934925919688996,-0.2033195020744915,0.8514285714280843,0.15024451122016,1.8819247992196424,0.0427131049448632,0.0789473684210526,0.6890184250006238,-0.3224578133167139,1.131914973324554,1.4005795494211155,0.9213469601221582,1.3442520269300011,0.2486947664029664,,0.0,,,,,,,,,,,,,,,0.0529278498989259,0.1,309230312.0,14654400,48,21.101533464352,2025-05-21,21.07698127518369,21.21869979,21.41802999,20.70044127,-0.0159234399697609,-0.0011635263005783,-0.0093066542577944,20.4313455,21.66719274,19.93302,21.43796301,14241700,300361704.0,47,2025-05-20 14:55:00,21.0902984896466,0.0492682926829268,0.0426563257392147,0.0441747572815536,0.2484039466047591,0.1002557544757032,0.0814207787637313,0.1203027751495211,1.6212480397925868,1.915559768916456,0.0808926080892609,asof1455,14:55,21.41802999,50.73766313707317,3.0873292507317074,5.810748124390244,-66.95991544829268,2025-04-30,2025-03-31,0.019672,0.128896,0.368292,85403068.17,0.423945,,679036441.0,679036441.0,True,2025-05-01,0.563649,159.673933,0.198611,453.172205,0.170421,0.056176,0.045559,0.075387,-0.00079,0.076923,0.016495,1.135588,0.536845,0.100885,0.108292,0.005709,2.330548,0.335086,0.664914,0.282523,4.00456,-0.236892,-1.837849,-0.236892,0.019672,2.520781,0.056176,1.07775,0.128896,0.941933,0.743005,0.184174,19,50.690487,3.084459,5.805345,-66.897656,asof1455_from_lagged_eod,1,0.9775280898876404,0.9550561797752809,0.9775280898876404,0.23595505617977527,0.0,0.0,0.0,0.0,0.0,,0.0,0.0,0.0,0.0,0.0,0.0,0.0,0.0,0.0,0.0,0.0,0.0,0.0,0.0,0.0,0.0,0.0,0.0,0.0,0.0,0.0,0.0,0.0,0.0,0.0,0.0,0.0,0.0
2025-05-21,21.40806348,21.41802999,20.70044127,21.21869979,8437980.0,0.0,0.0,20.201178233378165,19.14177552275547,0.983125022142857,0.0463329530966897,61.11316177833935,0.6764752876289469,0.7222222222212136,21.67715925,21.67715925,21.67715925,395577975.0,366177006.35,22121877.1340457,3916.3807,-0.0068041252067984,0.0181731229076995,0.0249772481144979,1.0349869382868209,1.0775869668259517,-0.4663287472841024,0.7222222222212136,-0.3908593617813938,1.329044930131707,0.0249772481144979,0.0519480519480519,0.4737663410915941,-0.1986605902016222,0.8733149006498103,0.9308543671766027,-0.4936081985018143,0.7765353140884804,0.021535625811924,,0.0,,,,,,,,,,,,,,,0.0526373297754849,0.1,177847568.0,8438000,48,21.07698127518369,2025-05-22,21.09980579859324,20.84993892,21.36819744,20.80010637,-0.0056032646949832,0.0010829123540769,-0.0173790511977454,21.40806348,21.40806348,20.70044127,21.20873328,8284500,174582928.0,47,2025-05-21 14:55:00,21.073441728529183,-0.009771986970684,0.0109263657957243,0.0176948828311811,0.2009029345372459,0.0857142857142858,0.0585221478846966,0.1064604185623294,1.3803184029085174,1.6508220957320132,0.0333646616541353,asof1455,14:55,21.21869979,50.19514022149837,3.054317706840391,5.748615244299674,-66.2439329771987,2025-04-30,2025-03-31,0.019672,0.128896,0.368292,85403068.17,0.423945,,679036441.0,679036441.0,True,2025-05-01,0.563649,159.673933,0.198611,453.172205,0.170421,0.056176,0.045559,0.075387,-0.00079,0.076923,0.016495,1.135588,0.536845,0.100885,0.108292,0.005709,2.330548,0.335086,0.664914,0.282523,4.00456,-0.236892,-1.837849,-0.236892,0.019672,2.520781,0.056176,1.07775,0.128896,0.941933,0.743005,0.184174,20,50.218728,3.055753,5.751317,-66.275062,asof1455_from_lagged_eod,1,0.9666666666666667,0.9333333333333333,0.9666666666666667,0.24444444444444444,0.0,0.0,0.0,0.0,0.0,,0.0,0.0,0.0,0.0,0.0,0.0,0.0,0.0,0.0,0.0,0.0,0.0,0.0,0.0,0.0,0.0,0.0,0.0,0.0,0.0,0.0,0.0,0.0,0.0,0.0,0.0,0.0,0.0
2025-05-22,20.93963751,21.36819744,20.80010637,20.84993892,5829032.0,0.0,0.0,20.262964965437387,19.19778088004217,0.9361400464285712,0.0448989347172881,57.43144009620514,0.4876444569232255,0.0877192982454562,21.67715925,21.67715925,21.67715925,389748943.0,367414353.3,22705928.71486643,3913.8651,0.0017060558366208,0.0140571982549684,0.0123511424183475,0.6270151104007625,1.1378469380279312,-0.8836501901131241,0.0877192982454562,-0.7181687105451005,0.9836457244480244,0.0123511424183475,0.0128205128205128,0.1277353646735161,-0.1096504864846849,0.4747650491465389,-1.3093035485175877,-1.3304031194202113,0.4229651398764887,-0.1402073838772016,,0.0,,,,,,,,,,,,,,,0.0522242090616123,0.1,122990768.0,5829000,48,21.09980579859324,2025-05-23,21.161802171697545,20.50111107,21.6273267,20.31174738,0.014957513923381,0.0029382437779801,-0.0167304015296366,20.93963751,21.33829791,20.80010637,20.86987194,5617900,118572248.0,47,2025-05-22 14:55:00,21.10615140888944,-0.0164396430248943,0.0214634146341463,0.0150266602035868,0.0743971267316572,0.0366336633663364,0.0324425599053348,0.0871897822851406,0.9487968193030976,1.3252161938891505,0.0257879656160458,asof1455,14:55,20.84993892,49.393150038515735,3.00551751150775,5.656767401596994,-65.18552363926727,2025-04-30,2025-03-31,0.019672,0.128896,0.368292,85403068.17,0.423945,,679036441.0,679036441.0,True,2025-05-01,0.563649,159.673933,0.198611,453.172205,0.170421,0.056176,0.045559,0.075387,-0.00079,0.076923,0.016495,1.135588,0.536845,0.100885,0.108292,0.005709,2.330548,0.335086,0.664914,0.282523,4.00456,-0.236892,-1.837849,-0.236892,0.019672,2.520781,0.056176,1.07775,0.128896,0.941933,0.743005,0.184174,21,49.345974,3.002646,5.651364,-65.123265,asof1455_from_lagged_eod,1,0.9230769230769231,0.8681318681318682,0.9340659340659341,0.26373626373626374,0.0,0.0,0.0,0.0,0.0,,0.0,0.0,0.0,0.0,0.0,0.0,0.0,0.0,0.0,0.0,0.0,0.0,0.0,0.0,0.0,0.0,0.0,0.0,0.0,0.0,0.0,0.0,0.0,0.0,0.0,0.0,0.0,0.0
2025-05-23,20.94960402,21.6273267,20.31174738,20.50111107,13639147.0,0.0,0.0,20.285645546824306,19.24051301741784,0.92688543,0.0452114730189574,54.1105885370766,1.1476082472504954,0.1439393939392847,21.67715925,21.67715925,21.67715925,376109796.0,368720301.15,22415514.553028017,3882.2741,-0.0017513886426869,-0.0228028503562945,-0.0210514617136076,0.2324618730660874,1.1275746662727617,-1.268817204299705,0.1439393939392847,0.1376799916193747,0.3296598359372396,-0.0210514617136076,0.0379746835443038,-0.2068478946448765,-0.1239928639139927,0.1078876971037457,-1.0964977072672428,0.9024616130975216,-0.2418907307771386,-0.568420693379189,,1.0,,,,,,,,,,,,,,,0.0520295400422738,0.1,288627936.0,13639100,48,21.161802171697545,2025-05-26,20.86492094801067,20.87983845,21.18880026,20.41141248,0.0177458615178689,-0.0140291087346016,0.0184735051045212,20.94960402,21.6273267,20.45127852,20.56091013,13255800,280733760.0,47,2025-05-23 14:55:00,21.17818313492961,-0.0138623326959846,-0.0400186133085156,-0.0199524940617576,0.0700207468879667,0.121195652173913,0.0135848871201513,0.0704278944273411,0.4055522135801837,1.060911206152513,0.0571982549684925,asof1455,14:55,20.50111107,48.661923691204585,2.9610223221797325,5.573022912045889,-64.22050463432123,2025-04-30,2025-03-31,0.019672,0.128896,0.368292,85403068.17,0.423945,,679036441.0,679036441.0,True,2025-05-01,0.563649,159.673933,0.198611,453.172205,0.170421,0.056176,0.045559,0.075387,-0.00079,0.076923,0.016495,1.135588,0.536845,0.100885,0.108292,0.005709,2.330548,0.335086,0.664914,0.282523,4.00456,-0.236892,-1.837849,-0.236892,0.019672,2.520781,0.056176,1.07775,0.128896,0.941933,0.743005,0.184174,22,48.520396,2.952411,5.556815,-64.033726,asof1455_from_lagged_eod,1,0.8586956521739131,0.75,0.8695652173913043,0.31521739130434784,0.0,0.0,0.0,0.0,0.0,,0.0,0.0,0.0,0.0,0.0,0.0,0.0,0.0,0.0,0.0,0.0,0.0,0.0,0.0,0.0,0.0,0.0,0.0,0.0,0.0,0.0,0.0,0.0,0.0,0.0,0.0,0.0,0.0
2025-05-26,20.4313455,21.18880026,20.41141248,20.87983845,9784740.0,0.0,0.0,20.34223534712676,19.2942613922566,0.890578857857143,0.042652574156152,57.016621527791735,0.834543375199042,0.6025641025633288,21.67715925,21.67715925,21.67715925,385894536.0,371164905.55,21469182.767781645,3860.1067,-0.0043946250866585,0.0219512195121951,0.0263458445988536,0.6036558111947469,1.1767334757873662,-0.8952837729806069,0.6025641025633288,-0.1808705597606373,0.6860824936524569,0.0263458445988536,0.0125,0.1104507168197315,-0.0507288900898887,0.4617087967974266,0.5249132491995111,0.065665486988064,0.1229360296983131,0.0475299640158952,,0.0,,,,,,,,,,,,,,,0.0519147021887352,0.1,204156992.0,9784700,48,20.86492094801067,2025-05-27,19.89259641664136,19.50446007,20.87983845,19.4346945,-0.0472820724031339,-0.046600920932893,-0.0658711217183771,20.4313455,21.18880026,20.41141248,20.929671,9431400,196747952.0,47,2025-05-26 14:55:00,20.860948745679327,0.0209042294603791,-0.013621418506341,0.024390243902439,0.0937499999999997,0.1595803423522914,0.028504260946224,0.0875851294312619,0.9140779969428772,1.3162031230960718,0.0371428571428572,asof1455,14:55,20.87983845,49.53467749149246,3.014128877005348,5.672975935828878,-65.37230170150706,2025-04-30,2025-03-31,0.019672,0.128896,0.368292,85403068.17,0.423945,,679036441.0,679036441.0,True,2025-05-01,0.563649,159.673933,0.198611,453.172205,0.170421,0.056176,0.045559,0.075387,-0.00079,0.076923,0.016495,1.135588,0.536845,0.100885,0.108292,0.005709,2.330548,0.335086,0.664914,0.282523,4.00456,-0.236892,-1.837849,-0.236892,0.019672,2.520781,0.056176,1.07775,0.128896,0.941933,0.743005,0.184174,25,49.416738,3.006952,5.659468,-65.216654,asof1455_from_lagged_eod,1,0.9247311827956989,0.8709677419354839,0.946236559139785,0.25806451612903225,0.0,0.0,0.0,0.0,0.0,,0.0,0.0,0.0,0.0,0.0,0.0,0.0,0.0,0.0,0.0,0.0,0.0,0.0,0.0,0.0,0.0,0.0,0.0,0.0,0.0,0.0,0.0,0.0,0.0,0.0,0.0,0.0,0.0
2025-05-27,20.85990543,20.87983845,19.4346945,19.50446007,17782555.0,0.0,0.0,20.262447225495634,19.30115315218261,0.938987620714286,0.0481422001605932,45.698587354756704,1.5419481524453025,0.0482758620689329,21.67715925,21.6273267,21.6273267,368111981.0,371639115.85,21291030.23814956,3839.3969,-0.0150772266118169,-0.0893438808748254,-0.0742666542630084,-0.8072387098332857,1.0237558537574176,-2.313874147078656,0.0482758620689329,0.4330466509995248,-0.1656629486947069,-0.0742666542630084,0.1358024691358024,-1.090753680420563,-0.2772875264627489,-0.8921286695674677,-1.4233099450538873,1.6461546521090058,-0.7488863200524496,-1.249654441302884,,1.0,,,,,,,,,,,,,,,0.0518644094964786,0.1,353734128.0,17782200,48,19.89259641664136,2025-05-28,20.053328075865263,20.12238369,20.30178087,19.5343596,0.0281406408531903,0.0080799738685413,0.0316811446090954,20.85990543,20.85990543,19.4346945,19.52439309,17384400,345950768.0,47,2025-05-27 14:55:00,19.90006948758657,-0.0649164677804295,-0.0635755258126195,-0.0884132154490461,-0.0040671072699541,0.0805295091009377,-0.0446465582404721,0.0120805600282425,-1.575372768197468,0.1809662394616033,0.0729964267483411,asof1455,14:55,19.50446007,46.20877791980907,2.811751297374702,5.292075327923628,-60.98301918186158,2025-04-30,2025-03-31,0.019672,0.128896,0.368292,85403068.17,0.423945,,679036441.0,679036441.0,True,2025-05-01,0.563649,159.673933,0.198611,453.172205,0.170421,0.056176,0.045559,0.075387,-0.00079,0.076923,0.016495,1.135588,0.536845,0.100885,0.108292,0.005709,2.330548,0.335086,0.664914,0.282523,4.00456,-0.236892,-1.837849,-0.236892,0.019672,2.520781,0.056176,1.07775,0.128896,0.941933,0.743005,0.184174,26,46.161602,2.808881,5.286673,-60.92076,asof1455_from_lagged_eod,1,0.5,0.3829787234042553,0.5425531914893617,0.3829787234042553,0.0,0.0,0.0,0.0,0.0,,0.0,0.0,0.0,0.0,0.0,0.0,0.0,0.0,0.0,0.0,0.0,0.0,0.0,0.0,0.0,0.0,0.0,0.0,0.0,0.0,0.0,0.0,0.0,0.0,0.0,0.0,0.0,0.0
2025-05-28,19.68385725,20.30178087,19.5343596,20.12238369,10144264.0,0.0,0.0,20.249107841162715,19.32807874358646,0.9631920021428576,0.0478666949692186,50.45687012171037,0.8834801138757418,0.7662337662327658,21.67715925,21.6273267,21.6273267,378256245.0,373178112.65,20589723.54397354,3836.2366,-0.0204638175241748,-0.0516674495068106,-0.0312036319826358,-0.1315668640111783,0.9562258568657582,-1.614190687359742,0.7662337662327658,-0.1238864958223446,0.2466343144022618,-0.0312036319826358,0.1219512195121951,-0.5051289263167406,-0.3760553417827973,-0.2172061674070449,1.103066503772413,0.1901697541590323,-0.319456897215317,-0.6828065276966775,,1.0,,,,,,,,,,,,,,,0.051822594472772,0.1,203426976.0,10144300,48,20.053328075865263,2025-05-29,20.73604916265608,20.95957053,21.04926912,19.92305349,0.0304966589500548,0.0340452758867733,0.0416047548291234,19.68385725,20.29181436,19.6340247,20.1323502,9991900,200348736.0,47,2025-05-28 14:55:00,20.051115003152557,0.0321921308124681,-0.0179873602333494,-0.051197745420385,0.0279898218829517,0.1032222829055162,-0.0146581790688032,0.042302697775217,-0.510463641647768,0.6392575240239767,0.0326732673267326,asof1455,14:55,20.12238369,47.64764233009709,2.8993048645886565,5.456862268778744,-62.88192907511498,2025-04-30,2025-03-31,0.019672,0.128896,0.368292,85403068.17,0.423945,,679036441.0,679036441.0,True,2025-05-01,0.563649,159.673933,0.198611,453.172205,0.170421,0.056176,0.045559,0.075387,-0.00079,0.076923,0.016495,1.135588,0.536845,0.100885,0.108292,0.005709,2.330548,0.335086,0.664914,0.282523,4.00456,-0.236892,-1.837849,-0.236892,0.019672,2.520781,0.056176,1.07775,0.128896,0.941933,0.743005,0.184174,27,47.624055,2.89787,5.454161,-62.850799,asof1455_from_lagged_eod,1,0.7157894736842105,0.5473684210526316,0.7473684210526316,0.37894736842105264,0.0,0.0,0.0,0.0,0.0,,0.0,0.0,0.0,0.0,0.0,0.0,0.0,0.0,0.0,0.0,0.0,0.0,0.0,0.0,0.0,0.0,0.0,0.0,0.0,0.0,0.0,0.0,0.0,0.0,0.0,0.0,0.0,0.0
2025-05-29,19.98285255,21.04926912,19.92305349,20.95957053,11781275.0,0.0,0.0,20.316770954385312,19.381570277567228,0.9831250221428576,0.0469057808572765,56.073066506237566,1.0352626016389008,0.9203539823000668,21.67715925,21.6273267,21.6273267,390037520.0,375997414.4,18763862.05982876,3858.6998,-0.014094839395461,0.0052581261950286,0.0193529655904897,0.6538329928913452,0.9512530509891136,-0.7299058653142447,0.9203539823000668,0.0346551159257461,0.7482524415940071,0.0193529655904897,0.108433734939759,0.1730592227769728,-0.3809075603800362,0.6335862861790752,1.6162423251842364,0.6015306915764336,0.2018743016372473,-0.0218550739772825,,0.0,,,,,,,,,,,,,,,0.0517335000337052,0.1,244297616.0,11781300,48,20.73604916265608,2025-05-30,20.923286787554577,20.76024033,21.30839838,20.4313455,-0.0017311300531416,0.0090295708420533,-0.0095102234902521,19.98285255,21.04926912,19.93302,20.96953704,11254600,233226064.0,47,2025-05-29 14:55:00,20.72273239386562,0.0421000495294701,0.0042959427207636,0.0057361376673039,0.0964043772798333,0.1503553854565336,0.0249665083424672,0.0838935682456274,0.9139135629785514,1.2733504959191415,0.0532319391634982,asof1455,14:55,20.95957053,49.62903007429421,3.0198704705299657,5.683781448241704,-65.49682075086677,2025-04-30,2025-03-31,0.019672,0.128896,0.368292,85403068.17,0.423945,,679036441.0,679036441.0,True,2025-05-01,0.563649,159.673933,0.198611,453.172205,0.170421,0.056176,0.045559,0.075387,-0.00079,0.076923,0.016495,1.135588,0.536845,0.100885,0.108292,0.005709,2.330548,0.335086,0.664914,0.282523,4.00456,-0.236892,-1.837849,-0.236892,0.019672,2.520781,0.056176,1.07775,0.128896,0.941933,0.743005,0.184174,28,49.605442,3.018435,5.68108,-65.465691,asof1455_from_lagged_eod,1,0.9375,0.875,0.9479166666666666,0.25,0.0,0.0,0.0,0.0,0.0,,0.0,0.0,0.0,0.0,0.0,0.0,0.0,0.0,0.0,0.0,0.0,0.0,0.0,0.0,0.0,0.0,0.0,0.0,0.0,0.0,0.0,0.0,0.0,0.0,0.0,0.0,0.0,0.0
2025-05-30,20.929671,21.30839838,20.4313455,20.76024033,10169182.0,0.0,0.0,20.35900613301528,19.426772574368304,0.9589206407142864,0.0461902475824681,54.48924927554251,0.9092962955476784,0.3749999999995714,21.67715925,21.30839838,21.30839838,379868338.0,377603384.45,17616860.05801605,3840.2323,-0.0108291683990061,0.0126397666504618,0.023468935049468,0.418422734842192,0.972169665626968,-0.9561989606523064,0.3749999999995714,-0.0950842802191112,0.1285673804833006,0.023468935049468,0.0833333333333333,-0.031551613418791,-0.3468304228359719,0.4107978778917276,-0.2920142609843046,0.2572950072443555,-0.4444746738601807,0.0320671989351713,,0.0,,,,,,,,,,,,,,,0.0516676230064593,0.1,212773088.0,10169200,48,20.923286787554577,2025-06-03,20.803496010312465,20.60077617,21.1290012,20.2320153,0.0020835828306842,-0.0057252370747681,-0.0076812289966393,20.929671,21.24859932,20.48117805,20.79013986,9987400,208985456.0,47,2025-05-30 14:55:00,20.924910987844683,-0.0080836899667142,0.0659172202350535,0.0140982012639765,0.0482412060301506,0.176536943034405,0.0116637163849753,0.07209854124016,0.5023682947663778,1.090051518786817,0.0369127516778523,asof1455,14:55,20.76024033,49.20444698621017,2.994034907275321,5.635155910603898,-64.93648665049929,2025-04-30,2025-03-31,0.019672,0.128896,0.368292,85403068.17,0.423945,,679036441.0,679036441.0,True,2025-05-01,0.563649,159.673933,0.198611,453.172205,0.170421,0.056176,0.045559,0.075387,-0.00079,0.076923,0.016495,1.135588,0.536845,0.100885,0.108292,0.005709,2.330548,0.335086,0.664914,0.282523,4.00456,-0.236892,-1.837849,-0.236892,0.019672,2.520781,0.056176,1.07775,0.128896,0.941933,0.743005,0.184174,29,49.133683,2.989729,5.627051,-64.843098,asof1455_from_lagged_eod,1,0.8865979381443299,0.8350515463917526,0.8865979381443299,0.28865979381443296,0.0,0.0,0.0,0.0,0.0,,0.0,0.0,0.0,0.0,0.0,0.0,0.0,0.0,0.0,0.0,0.0,0.0,0.0,0.0,0.0,0.0,0.0,0.0,0.0,0.0,0.0,0.0,0.0,0.0,0.0,0.0,0.0,0.0
2025-06-03,21.0293361,21.1290012,20.2320153,20.60077617,9468342.0,0.0,0.0,20.38203185082335,19.465264495536555,0.9866844900000008,0.0478955007256871,53.19477215290458,0.8709970046898845,0.4111111111106515,21.67715925,21.30839838,21.30839838,370399996.0,379522233.95,14331352.69874726,3852.0127,-0.0020968332300242,-0.013365155131265,-0.0112683219012407,0.2216963187253796,0.9291393191818228,-1.0909090909079835,0.4111111111106515,-0.1381167410679417,-0.6365231630087079,-0.0112683219012407,0.1529411764705882,-0.2024737792455977,-0.409630249527018,0.2774663092250631,-0.1640812232346767,0.1420943902499424,-1.23083159232503,-0.4242828415773182,,0.0,,,,,,,,,,,,,,,0.051640806921249,0.1,195276176.0,9386700,48,20.803496010312465,2025-06-04,20.97083152117635,20.75027382,21.2286663,20.4313455,0.0179631751795472,0.0080436245321908,0.0072568940493469,21.0293361,21.0293361,20.24198181,20.62070919,9320400,193902736.0,47,2025-06-03 14:55:00,20.80412171151453,-0.0067210753720594,0.0247647350173352,-0.0124105011933175,0.0470647773279351,0.1617069062324536,0.001161327784767,0.0605452231040639,0.0532212268921407,0.9236766141096404,0.0381826969550507,asof1455,14:55,20.60077617,48.80345181325012,2.969634806048968,5.589231166106577,-64.40728265098416,2025-04-30,2025-03-31,0.019672,0.128896,0.368292,85403068.17,0.423945,,679036441.0,679036441.0,True,2025-05-01,0.563649,159.673933,0.198611,453.172205,0.170421,0.056176,0.045559,0.075387,-0.00079,0.076923,0.016495,1.135588,0.536845,0.100885,0.108292,0.005709,2.330548,0.335086,0.664914,0.282523,4.00456,-0.236892,-1.837849,-0.236892,0.019672,2.520781,0.056176,1.07775,0.128896,0.941933,0.743005,0.184174,33,48.756276,2.966764,5.583829,-64.345023,asof1455_from_lagged_eod,1,0.8571428571428571,0.7653061224489796,0.8571428571428571,0.3163265306122449,0.0,0.0,0.0,0.0,0.0,,0.0,0.0,0.0,0.0,0.0,0.0,0.0,0.0,0.0,0.0,0.0,0.0,0.0,0.0,0.0,0.0,0.0,0.0,0.0,0.0,0.0,0.0,0.0,0.0,0.0,0.0,0.0,0.0
2025-06-04,20.5310106,21.2286663,20.4313455,20.75027382,7725644.0,0.0,0.0,20.417102514554458,19.50739594879765,0.9653276828571437,0.0465212021407964,54.29109960390832,0.7319840635955381,0.3999999999994992,21.67715925,21.30839838,21.30839838,378125640.0,381124777.6,12123547.149668183,3868.7429,0.0076433879498105,0.0638732754215636,0.056229887471753,0.3451380410629981,0.9423811022008052,-0.9601769911494458,0.3999999999994992,-0.3119965363021649,-0.2473811965239982,0.056229887471753,0.1162790697674418,-0.0932719886920001,-0.3867194259240392,0.4030848885450228,-0.2023021759423309,-0.3203091542038154,-0.8134885000988008,0.4686217327797572,,0.0,,,,,,,,,,,,,,,0.0515508673403385,0.1,162012256.0,7725600,48,20.97083152117635,2025-06-05,20.646149427081703,20.8300059,21.24859932,20.05261812,-0.0050179768142594,-0.0154825569871552,0.0038424591738712,20.5310106,21.2286663,20.49114456,20.74030731,7547700,158309632.0,47,2025-06-04 14:55:00,20.97455277766737,0.0067731011127236,-0.0104612458392773,0.063362289218191,0.0087251575375666,0.1022245762711864,0.0047558119885087,0.0640963362564874,0.2460634085828302,0.9887126493860674,0.035559827006247,asof1455,14:55,20.75027382,49.08650718722786,2.9868581925495885,5.621648838413158,-64.78083834687953,2025-04-30,2025-03-31,0.019672,0.128896,0.368292,85403068.17,0.423945,,679036441.0,679036441.0,True,2025-05-01,0.563649,159.673933,0.198611,453.172205,0.170421,0.056176,0.045559,0.075387,-0.00079,0.076923,0.016495,1.135588,0.536845,0.100885,0.108292,0.005709,2.330548,0.335086,0.664914,0.282523,4.00456,-0.236892,-1.837849,-0.236892,0.019672,2.520781,0.056176,1.07775,0.128896,0.941933,0.743005,0.184174,34,49.110095,2.988293,5.62435,-64.811968,asof1455_from_lagged_eod,1,0.8686868686868687,0.797979797979798,0.8585858585858586,0.31313131313131315,0.0,0.0,0.0,0.0,0.0,,0.0,0.0,0.0,0.0,0.0,0.0,0.0,0.0,0.0,0.0,0.0,0.0,0.0,0.0,0.0,0.0,0.0,0.0,0.0,0.0,0.0,0.0,0.0,0.0,0.0,0.0,0.0,0.0
2025-06-05,20.68050825,21.24859932,20.05261812,20.8300059,12811551.0,0.0,0.0,20.45642664650165,19.550760209492807,1.0123126585714293,0.0485987696513989,54.89787276390118,1.224370416262686,0.6499999999994556,21.6273267,21.30839838,21.30839838,390937191.0,382636719.8,11342250.47148412,3877.5557,0.0107707381760551,0.0351659237246162,0.0243951855485611,0.3690354460500109,0.8946509058634323,-0.7876230661033015,0.6499999999994556,0.202426765973212,0.7318187180637954,0.0243951855485611,0.2068965517241379,-0.0716980807097393,-0.4570465851544433,0.5689743381561148,0.6810627629197442,1.0482342599234828,0.215814194054478,0.0440482569149056,,1.0,,,,,,,,,,,,,,,0.0514663757825876,0.1,264510208.0,12811600,48,20.646149427081703,2025-06-06,21.39403073012939,21.18,21.95,20.7,0.027077516580511,0.0362237668427742,0.0168024004256281,20.68050825,21.24859932,20.06258463,20.79013986,12583000,259732896.0,47,2025-06-05 14:55:00,20.641571644281967,0.0019212295869355,0.0014402304368699,0.0331847449232294,0.0057859209257473,0.0388446215139444,0.0067081704550939,0.0648924131945922,0.3470567012684404,0.9971002036580608,0.0570469798657718,asof1455,14:55,20.8300059,49.204446767531216,2.9940341969260325,5.635155667627281,-64.93648667050911,2025-04-30,2025-03-31,0.019672,0.128896,0.368292,85403068.17,0.423945,,679036441.0,679036441.0,True,2025-05-01,0.563649,159.673933,0.198611,453.172205,0.170421,0.056176,0.045559,0.075387,-0.00079,0.076923,0.016495,1.135588,0.536845,0.100885,0.108292,0.005709,2.330548,0.335086,0.664914,0.282523,4.00456,-0.236892,-1.837849,-0.236892,0.019672,2.520781,0.056176,1.07775,0.128896,0.941933,0.743005,0.184174,35,49.298798,2.999776,5.645961,-65.061005,asof1455_from_lagged_eod,1,0.88,0.83,0.88,0.28,0.0,0.0,0.0,0.0,0.0,,0.0,0.0,0.0,0.0,0.0,0.0,0.0,0.0,0.0,0.0,0.0,0.0,0.0,0.0,0.0,0.0,0.0,0.0,0.0,0.0,0.0,0.0,0.0,0.0,0.0,0.0,0.0,0.0
2025-06-06,20.8,21.95,20.7,21.18,13850416.0,0.0,0.0,20.525338394453875,19.604177907542223,1.0332565900000006,0.0487845415486285,57.561064202616976,1.286347895518179,0.3839999999996931,21.6273267,21.95,21.95,404787607.0,384452114.8,11826369.957355715,3873.9841,0.0039609974323475,0.0105168886778712,0.0065558912455236,0.6335905445766287,0.8915118430657777,-0.4329289591074064,0.3839999999996931,0.2518071145163583,1.719504148215134,0.0065558912455236,0.2272727272727272,0.1629017811499321,-0.4587172390117082,0.9107189177187875,-0.2653170494896605,1.16376384569733,1.2419176739807494,-0.193942210786123,,1.0,,,,,,,,,,,,,,,0.0514312613304428,0.1,296298768.0,13849600,48,21.39403073012939,2025-06-09,21.68220840963213,21.78,21.95,21.27,0.0237114452139817,0.0134700039996156,0.028328611898017,20.8,21.93,20.7,21.15,13627900,291601456.0,47,2025-06-06 14:55:00,21.39738741845772,0.0153621703966968,0.0266603464581984,0.0090855616400837,0.0187743332352838,0.0690715043471519,0.0237382102991443,0.0825695376248416,1.222824151131033,1.260160670454019,0.0581560283687943,asof1455,14:55,21.18,50.05613453522834,3.045859070063922,5.732695214935105,-66.06048324499034,2025-04-30,2025-03-31,0.019672,0.128896,0.368292,85403068.17,0.423945,,679036441.0,679036441.0,True,2025-05-01,0.563649,159.673933,0.198611,453.172205,0.170421,0.056176,0.045559,0.075387,-0.00079,0.076923,0.016495,1.135588,0.536845,0.100885,0.108292,0.005709,2.330548,0.335086,0.664914,0.282523,4.00456,-0.236892,-1.837849,-0.236892,0.019672,2.520781,0.056176,1.07775,0.128896,0.941933,0.743005,0.184174,36,49.959261,3.039964,5.721601,-65.932636,asof1455_from_lagged_eod,1,0.9603960396039604,0.9306930693069307,0.9603960396039604,0.22772277227722773,0.0,0.0,0.0,0.0,0.0,,0.0,0.0,0.0,0.0,0.0,0.0,0.0,0.0,0.0,0.0,0.0,0.0,0.0,0.0,0.0,0.0,0.0,0.0,0.0,0.0,0.0,0.0,0.0,0.0,0.0,0.0,0.0,0.0
2025-06-09,21.49,21.95,21.27,21.78,11631866.0,0.0,0.0,20.64482997593446,19.67551633680313,1.0199148071428576,0.0468280444050877,61.73271737645612,1.0714450596399794,0.7499999999988997,21.95,21.95,21.95,416419473.0,387341694.8,12217380.246147675,3885.2459,0.0117215825719709,0.0491208027359095,0.0373992201639385,1.113004749136294,0.9503868679441658,-0.1666805882307578,0.7499999999988997,0.0690082603658561,2.380033821830883,0.0373992201639385,0.1235955056179775,0.5876577377138501,-0.3648396292210251,1.1591396483661027,1.034183602372545,0.6681070570958101,1.8849642182849555,0.2202466653109835,,1.0,,,,,,,,,,,,,,,0.0513747011801218,0.1,252205280.0,11631900,48,21.68220840963213,2025-06-10,22.439033240306745,22.4,23.15,21.82,0.0302586428056355,0.0349053388094173,0.0284664830119374,21.49,21.95,21.27,21.79,11324900,245518144.0,47,2025-06-09 14:55:00,21.67949774390944,0.0288007554296505,0.0501066245688703,0.0496024927279827,0.0780680435662661,0.1030887953342019,0.0536461819915385,0.1140010121371482,2.663945662207064,1.7192936976185431,0.031206975676916,asof1455,14:55,21.78,51.39812545750708,3.127517259678942,5.886387431067043,-67.83154572426818,2025-04-30,2025-03-31,0.019672,0.128896,0.368292,85403068.17,0.423945,,679036441.0,679036441.0,True,2025-05-01,0.563649,159.673933,0.198611,453.172205,0.170421,0.056176,0.045559,0.075387,-0.00079,0.076923,0.016495,1.135588,0.536845,0.100885,0.108292,0.005709,2.330548,0.335086,0.664914,0.282523,4.00456,-0.236892,-1.837849,-0.236892,0.019672,2.520781,0.056176,1.07775,0.128896,0.941933,0.743005,0.184174,39,51.374537,3.126082,5.883686,-67.800416,asof1455_from_lagged_eod,1,0.9803921568627451,0.9803921568627451,0.9803921568627451,0.20588235294117646,0.0,0.0,0.0,0.0,0.0,,0.0,0.0,0.0,0.0,0.0,0.0,0.0,0.0,0.0,0.0,0.0,0.0,0.0,0.0,0.0,0.0,0.0,0.0,0.0,0.0,0.0,0.0,0.0,0.0,0.0,0.0,0.0,0.0
2025-06-10,21.82,23.15,21.82,22.4,20460100.0,0.0,0.0,20.811989025845463,19.764843670022703,0.9931905750000004,0.0443388649553551,65.50594561362504,1.8251028865502408,0.4360902255635811,21.95,23.15,23.15,436879573.0,390585415.3,15801337.470041018,3865.4652,0.0034923301265334,0.0873376718989904,0.0838453417724569,1.5988985539385892,1.054324700797433,0.4530852500282194,0.4360902255635811,0.6016363616372901,2.929761976653728,0.0838453417724569,0.0222222222222222,1.0127208568831445,-0.2012816838248412,1.7325439957417603,-0.0886232474462627,2.034639142275634,2.357930102215758,0.841430380051307,,0.0,,,,,,,,,,,,,,,0.0513066396530835,0.1,459104864.0,20460100,48,22.439033240306745,2025-06-11,22.124684414972045,22.32,22.5,21.73,-0.0122908743316051,-0.0140090182125154,-0.0035714285714284,21.82,23.13,21.82,22.48,20050200,449895616.0,47,2025-06-10 14:55:00,22.438460264735514,0.0321395775941231,0.0792123683459926,0.091221020727201,0.0975931142788928,0.1650588067371512,0.0829057596577693,0.1472959118693435,3.696594988592472,2.1739372165423174,0.0582740213523131,asof1455,14:55,22.4,53.02569291827365,3.2265529550045913,6.072785182736456,-69.97949273094582,2025-04-30,2025-03-31,0.019672,0.128896,0.368292,85403068.17,0.423945,,679036441.0,679036441.0,True,2025-05-01,0.563649,159.673933,0.198611,453.172205,0.170421,0.056176,0.045559,0.075387,-0.00079,0.076923,0.016495,1.135588,0.536845,0.100885,0.108292,0.005709,2.330548,0.335086,0.664914,0.282523,4.00456,-0.236892,-1.837849,-0.236892,0.019672,2.520781,0.056176,1.07775,0.128896,0.941933,0.743005,0.184174,40,52.83699,3.215071,6.051174,-69.730456,asof1455_from_lagged_eod,1,1.0,0.9805825242718447,1.0,0.20388349514563106,0.0,0.0,0.0,0.0,0.0,,0.0,0.0,0.0,0.0,0.0,0.0,0.0,0.0,0.0,0.0,0.0,0.0,0.0,0.0,0.0,0.0,0.0,0.0,0.0,0.0,0.0,0.0,0.0,0.0,0.0,0.0,0.0,0.0
2025-06-11,22.25,22.5,21.73,22.32,13360930.0,0.0,0.0,20.955609118622085,19.848619287399007,0.9969342378571432,0.0446655124487947,64.62054654721713,1.1569002164395783,0.7662337662327714,23.15,23.15,23.15,423518643.0,392831565.5,17078618.582074013,3894.6252,0.0066901059773187,0.0756484561898662,0.0689583502125474,1.3685866424943252,1.110394035218796,-0.8325524076524912,0.7662337662327714,0.1457442011385029,1.7968126258296817,0.0689583502125474,0.0329670329670329,0.7985074894342459,-0.1125810122800357,0.4718398154127992,1.086859472922669,0.8246339995849173,1.197287350401651,0.6351008434349219,,1.0,,,,,,,,,,,,,,,0.0512374199970379,0.1,295605696.0,13360900,48,22.124684414972045,2025-06-12,23.364973817004664,23.68,24.3,22.07,0.0468178233425029,0.0560590776695237,0.060931899641577,22.25,22.5,21.73,22.31,13042900,288508320.0,47,2025-06-11 14:55:00,22.11995185119873,-0.0040178571428571,0.0533522190745985,0.0751665348385266,0.0866488958902003,0.1294130804913282,0.0697723895385307,0.135620579903237,2.501561131447582,1.9382520223106416,0.0345136709995517,asof1455,14:55,22.32,52.624698522321424,3.202153304017857,6.026861247321428,-69.45028898928571,2025-04-30,2025-03-31,0.019672,0.128896,0.368292,85403068.17,0.423945,,679036441.0,679036441.0,True,2025-05-01,0.563649,159.673933,0.198611,453.172205,0.170421,0.056176,0.045559,0.075387,-0.00079,0.076923,0.016495,1.135588,0.536845,0.100885,0.108292,0.005709,2.330548,0.335086,0.664914,0.282523,4.00456,-0.236892,-1.837849,-0.236892,0.019672,2.520781,0.056176,1.07775,0.128896,0.941933,0.743005,0.184174,41,52.648286,3.203588,6.029563,-69.481418,asof1455_from_lagged_eod,1,0.9903846153846154,0.9711538461538461,0.9903846153846154,0.21153846153846154,0.0,0.0,0.0,0.0,0.0,,0.0,0.0,0.0,0.0,0.0,0.0,0.0,0.0,0.0,0.0,0.0,0.0,0.0,0.0,0.0,0.0,0.0,0.0,0.0,0.0,0.0,0.0,0.0,0.0,0.0,0.0,0.0,0.0
2025-06-12,22.18,24.3,22.07,23.68,23112127.0,0.0,0.0,21.21507491684856,19.974238327156417,1.1156420185714289,0.0471132609193995,71.63863805333648,1.9379350936261632,0.7219730941700794,23.15,24.3,24.3,446630770.0,395454972.85,20722598.31889228,3892.1992,0.0037764770213359,0.1368215695032519,0.1330450924819159,2.2094229529876923,1.1122175115633477,0.4750627810506698,0.7219730941700794,0.6616230214867559,2.4695646927318124,0.1330450924819159,0.1630434782608695,1.5270435448829487,-0.1090962181426511,1.7181939082883029,0.919673276805566,2.116209676278043,1.826402985150932,1.4820892382265085,,0.0,,,,,,,,,,,,,,,0.0511832427257954,0.1,539885104.0,23106600,48,23.364973817004664,2025-06-13,23.245662520640664,22.88,23.87,22.78,-0.0183419543648367,-0.0051064168656232,-0.0337837837837837,22.18,24.3,22.08,23.66,22664600,529417360.0,47,2025-06-12 14:55:00,23.35877800622998,0.0600358422939069,0.0863177226813589,0.135861416150631,0.1353182017000567,0.1959447656195563,0.1296601037007654,0.2017216798329009,4.129694145237101,2.803604387991966,0.0938292476754016,asof1455,14:55,23.68,55.8090701953405,3.3959181039426527,6.391552893369176,-73.65279345340502,2025-04-30,2025-03-31,0.019672,0.128896,0.368292,85403068.17,0.423945,,679036441.0,679036441.0,True,2025-05-01,0.563649,159.673933,0.198611,453.172205,0.170421,0.056176,0.045559,0.075387,-0.00079,0.076923,0.016495,1.135588,0.536845,0.100885,0.108292,0.005709,2.330548,0.335086,0.664914,0.282523,4.00456,-0.236892,-1.837849,-0.236892,0.019672,2.520781,0.056176,1.07775,0.128896,0.941933,0.743005,0.184174,42,55.856246,3.398789,6.396955,-73.715053,asof1455_from_lagged_eod,1,1.0,1.0,1.0,0.2,0.0,0.0,0.0,0.0,0.0,,0.0,0.0,0.0,0.0,0.0,0.0,0.0,0.0,0.0,0.0,0.0,0.0,0.0,0.0,0.0,0.0,0.0,0.0,0.0,0.0,0.0,0.0,0.0,0.0,0.0,0.0,0.0,0.0
2025-06-13,23.62,23.87,22.78,22.88,19560914.0,0.0,0.0,21.373639210482025,20.06950920167588,1.0995292100000005,0.048056346590907,63.64134487274137,1.5563743510909458,0.0917431192659689,24.3,24.3,24.3,427069856.0,397436284.0,21731692.31175616,3864.1822,-0.0025301859137728,0.0802644003777148,0.0827945862914877,1.370005249352678,1.186080366891718,-1.2914618248283825,0.0917431192659689,0.4423589823541681,1.363610876451126,0.0827945862914877,0.2043010752688172,0.7703308704829586,0.0081432497949026,0.0019227443851826,-1.3281843710005392,1.5195621691880588,0.722760791705321,0.7966254399062515,,0.0,,,,,,,,,,,,,,,0.0510440570821644,0.1,454706080.0,19560900,48,23.245662520640664,2025-06-16,22.847375710795745,22.57,23.4,22.46,-0.0014258867659203,-0.0171338119312052,-0.013548951048951,23.62,23.86,22.78,22.82,19085400,443846784.0,47,2025-06-13 14:55:00,23.255828224716275,-0.0363175675675675,0.01875,0.0774315391879132,0.1098730482121901,0.1477033074996232,0.0822164690957663,0.1552464803901994,1.9555797870494251,2.0363299442785245,0.0473269062226116,asof1455,14:55,22.88,53.82768301182433,3.2753532508445944,6.1646331545608115,-71.03790158192568,2025-04-30,2025-03-31,0.019672,0.128896,0.368292,85403068.17,0.423945,,679036441.0,679036441.0,True,2025-05-01,0.563649,159.673933,0.198611,453.172205,0.170421,0.056176,0.045559,0.075387,-0.00079,0.076923,0.016495,1.135588,0.536845,0.100885,0.108292,0.005709,2.330548,0.335086,0.664914,0.282523,4.00456,-0.236892,-1.837849,-0.236892,0.019672,2.520781,0.056176,1.07775,0.128896,0.941933,0.743005,0.184174,43,53.969211,3.283965,6.180842,-71.22468,asof1455_from_lagged_eod,1,0.9905660377358491,0.9716981132075472,0.9905660377358491,0.20754716981132076,0.0,0.0,0.0,0.0,0.0,,0.0,0.0,0.0,0.0,0.0,0.0,0.0,0.0,0.0,0.0,0.0,0.0,0.0,0.0,0.0,0.0,0.0,0.0,0.0,0.0,0.0,0.0,0.0,0.0,0.0,0.0,0.0,0.0
2025-06-16,23.1,23.4,22.46,22.57,14492268.0,0.0,0.0,21.48757833329326,20.15149250653896,1.1111443685714286,0.0492310309513238,60.808539984728974,1.130783725097484,0.1170212765956198,24.3,24.3,24.3,412577588.0,398216237.75,21979777.05772517,3873.7951,-0.0029472523219187,0.0362718089990816,0.0392190613210003,0.9741503420454796,1.2024412529497586,-1.5569533977143424,0.1170212765956198,0.1229109543544237,0.6533892592396635,0.0392190613210003,0.2765957446808511,0.4132645849869901,0.0340798363658556,-0.2559496233963261,-1.2231332260847698,0.6941637037531111,0.0161171875868493,0.2057580664282022,,0.0,,,,,,,,,,,,,,,0.0507735250561817,0.1,328264240.0,14367700,48,22.847375710795745,2025-06-17,22.73116251256198,22.7,23.26,22.29,0.00714056325042,-0.0050865009489404,0.0057598582188744,23.1,23.38,22.46,22.48,14097700,322184944.0,47,2025-06-16 14:55:00,22.85372394078467,-0.0174825174825173,0.007168458781362,0.0321395775941231,0.0715220189278502,0.1432102634785224,0.0602618855186511,0.1351639281008729,1.3324382672638997,1.717776808020363,0.0409252669039145,asof1455,14:55,22.57,53.025693325174835,3.2265530244755247,6.072785321678323,-69.97949328671329,2025-04-30,2025-03-31,0.019672,0.128896,0.368292,85403068.17,0.423945,,679036441.0,679036441.0,True,2025-05-01,0.563649,159.673933,0.198611,453.172205,0.170421,0.056176,0.045559,0.075387,-0.00079,0.076923,0.016495,1.135588,0.536845,0.100885,0.108292,0.005709,2.330548,0.335086,0.664914,0.282523,4.00456,-0.236892,-1.837849,-0.236892,0.019672,2.520781,0.056176,1.07775,0.128896,0.941933,0.743005,0.184174,46,53.237985,3.239471,6.097098,-70.25966,asof1455_from_lagged_eod,1,0.9813084112149533,0.9626168224299065,0.9813084112149533,0.21495327102803738,0.0,0.0,0.0,0.0,0.0,,0.0,0.0,0.0,0.0,0.0,0.0,0.0,0.0,0.0,0.0,0.0,0.0,0.0,0.0,0.0,0.0,0.0,0.0,0.0,0.0,0.0,0.0,0.0,0.0,0.0,0.0,0.0,0.0
2025-06-17,22.57,23.26,22.29,22.7,12040291.0,0.0,0.0,21.603047063455808,20.235050129275383,1.077205515,0.0474539874449318,61.58084954973123,0.9235425361023344,0.4226804123706973,24.3,24.3,24.3,424617879.0,399979275.25,22603770.50236012,3870.3786,0.0012711018585809,0.0133928571428572,0.0121217552842762,1.0183320835886855,1.2699498054270095,-1.4853247386117552,0.4226804123706973,-0.0795384207367081,1.0900218504442625,0.0121217552842762,0.1684210526315789,0.4501262944072146,0.1416651448907069,-0.1846184086986937,-0.1304763526703923,0.172287903279554,0.449911530645372,-0.1619333658969522,,0.0,,,,,,,,,,,,,,,0.05058216419398,0.1,273690016.0,12040300,48,22.73116251256198,2025-06-18,22.53961612061467,22.63,22.76,22.16,-0.0070653691359175,-0.0084265990286002,-0.0030837004405286,22.57,23.24,22.3,22.67,11693400,265822016.0,47,2025-06-17 14:55:00,22.732653975747,0.0044306601683652,-0.0426520270270269,0.0120535714285716,0.109569607150934,0.088333825195892,0.0652277575005146,0.1419652856285465,1.3852361768826709,1.763827915374481,0.0414644905161004,asof1455,14:55,22.7,53.47386441958353,3.2538239951262744,6.1241121692512195,-70.57095667700489,2025-04-30,2025-03-31,0.019672,0.128896,0.368292,85403068.17,0.423945,,679036441.0,679036441.0,True,2025-05-01,0.563649,159.673933,0.198611,453.172205,0.170421,0.056176,0.045559,0.075387,-0.00079,0.076923,0.016495,1.135588,0.536845,0.100885,0.108292,0.005709,2.330548,0.335086,0.664914,0.282523,4.00456,-0.236892,-1.837849,-0.236892,0.019672,2.520781,0.056176,1.07775,0.128896,0.941933,0.743005,0.184174,47,53.544628,3.25813,6.132216,-70.664346,asof1455_from_lagged_eod,1,0.9814814814814815,0.9629629629629629,0.9814814814814815,0.21296296296296297,0.0,0.0,0.0,0.0,0.0,,0.0,0.0,0.0,0.0,0.0,0.0,0.0,0.0,0.0,0.0,0.0,0.0,0.0,0.0,0.0,0.0,0.0,0.0,0.0,0.0,0.0,0.0,0.0,0.0,0.0,0.0,0.0,0.0
2025-06-18,22.49,22.76,22.16,22.63,8622520.0,0.0,0.0,21.700852105031444,20.31357307585652,1.0631111721428572,0.0469779572312333,60.88510406801674,0.677058960379693,0.783333333332024,24.3,24.3,24.3,415995359.0,400578245.45,22860067.44056161,3874.9708,-0.0050465446585206,0.0138888888888888,0.0189354335474094,0.8739893995233313,1.30492376105629,-1.5708611138309267,0.783333333332024,-0.38999691919779,0.6744124263887671,0.0189354335474094,0.15625,0.3179139550258658,0.1970158601127272,-0.2675143499368766,1.151458813355526,-0.6259660328776485,0.0320267880654181,-0.0684977360238826,,0.0,,,,,,,,,,,,,,,0.05058216419398,0.1,194347840.0,8622500,48,22.53961612061467,2025-06-19,21.913202413344376,21.74,22.48,21.55,-0.0316746613634831,-0.0277916759503893,-0.0393283252319929,22.49,22.76,22.2,22.68,8208000,184954928.0,47,2025-06-18 14:55:00,22.53349512670565,-0.0008810572687224,-0.0087412587412587,0.0161290322580645,0.0589209189915789,0.0836290737680491,0.0600475608617925,0.140678193286271,1.2503460066877998,1.7113826412280728,0.0246913580246914,asof1455,14:55,22.63,53.49745211629956,3.2552594008810574,6.126813166519823,-70.60208666431717,2025-04-30,2025-03-31,0.019672,0.128896,0.368292,85403068.17,0.423945,,679036441.0,679036441.0,True,2025-05-01,0.563649,159.673933,0.198611,453.172205,0.170421,0.056176,0.045559,0.075387,-0.00079,0.076923,0.016495,1.135588,0.536845,0.100885,0.108292,0.005709,2.330548,0.335086,0.664914,0.282523,4.00456,-0.236892,-1.837849,-0.236892,0.019672,2.520781,0.056176,1.07775,0.128896,0.941933,0.743005,0.184174,48,53.379512,3.248083,6.113306,-70.446438,asof1455_from_lagged_eod,1,0.981651376146789,0.963302752293578,0.981651376146789,0.21100917431192662,0.0,0.0,0.0,0.0,0.0,,0.0,0.0,0.0,0.0,0.0,0.0,0.0,0.0,0.0,0.0,0.0,0.0,0.0,0.0,0.0,0.0,0.0,0.0,0.0,0.0,0.0,0.0,0.0,0.0,0.0,0.0,0.0,0.0
2025-06-19,22.39,22.48,21.55,21.74,13524780.0,0.0,0.0,21.70458047598083,20.36034117173008,1.0598100557142855,0.0487493125903512,52.72821691805999,1.0412008772681574,0.2043010752685951,24.3,23.87,23.87,402470579.0,400922875.65,22834027.77647516,3843.0912,-0.0126170315229497,-0.0819256756756757,-0.0693086441527259,0.0334206340354671,1.2683775710577687,-2.415527184512521,0.2043010752685951,0.0403747366928139,0.0677805670182529,-0.0693086441527259,0.268041237113402,-0.4421347934998528,0.1370311576654799,-1.092468172029511,-0.915741193928726,0.487816073106295,-0.576805485487447,-1.2641436310289949,,0.0,,,,,,,,,,,,,,,0.0501422792227188,0.1,296371680.0,13524800,48,21.913202413344376,2025-06-20,21.58547716293824,21.5,21.93,21.37,-0.0071077661941932,-0.0149556073194745,-0.0110395584176632,22.39,22.47,21.56,21.71,13081400,286744288.0,47,2025-06-19 14:55:00,21.92,-0.0406539991162173,-0.0381036774479397,-0.0831925675675675,0.0231541147602052,0.0704152876287356,0.0118445499049424,0.0903385304486881,0.2392510919338457,1.0792107364569403,0.0419161676646706,asof1455,14:55,21.74,51.20942136632788,3.116035436588599,5.8647756632788335,-67.58250857180734,2025-04-30,2025-03-31,0.019672,0.128896,0.368292,85403068.17,0.423945,,679036441.0,679036441.0,True,2025-05-01,0.563649,159.673933,0.198611,453.172205,0.170421,0.056176,0.045559,0.075387,-0.00079,0.076923,0.016495,1.135588,0.536845,0.100885,0.108292,0.005709,2.330548,0.335086,0.664914,0.282523,4.00456,-0.236892,-1.837849,-0.236892,0.019672,2.520781,0.056176,1.07775,0.128896,0.941933,0.743005,0.184174,49,51.280186,3.120341,5.87288,-67.675897,asof1455_from_lagged_eod,1,0.9090909090909091,0.9,0.9090909090909091,0.2636363636363636,0.0,0.0,0.0,0.0,0.0,,0.0,0.0,0.0,0.0,0.0,0.0,0.0,0.0,0.0,0.0,0.0,0.0,0.0,0.0,0.0,0.0,0.0,0.0,0.0,0.0,0.0,0.0,0.0,0.0,0.0,0.0,0.0,0.0
2025-06-20,21.73,21.93,21.37,21.5,9646607.0,0.0,0.0,21.68509662112552,20.39770703495204,1.0371634214285712,0.0482401591362103,50.75358547617136,0.7318860894397369,0.2321428571424413,24.3,23.4,23.4,392823972.0,401076627.1,22768530.00221411,3846.6443,-0.004538579987248,-0.0603146853146853,-0.0557761053274372,-0.1784642779537924,1.241260113472766,-2.6996709893033333,0.2321428571424413,-0.3121303926496618,-0.3624588455731441,-0.0557761053274372,0.2551020408163265,-0.6306717109553551,0.0923573742362161,-1.3539010364431563,-0.8097922345947112,-0.4282677438587641,-1.0021367217586057,-1.0679432506856197,,0.0,,,,,,,,,,,,,,,0.0494825367522563,0.1,208226464.0,9646600,48,21.58547716293824,2025-06-23,21.486733335477027,21.55,21.68,21.21,-0.0006170541638592,-0.004574549208055,0.0023255813953488,21.73,21.92,21.37,21.53,9432600,203625248.0,47,2025-06-20 14:55:00,21.5873935076225,-0.0096596136154553,-0.0515418502202642,-0.0590034965034964,0.0326169339204951,0.091578891238846,0.0022376971071724,0.0799802511911926,0.045243802142297,0.9476603643494912,0.025545750116117,asof1455,14:55,21.5,50.78483921711132,3.0901997115915365,5.816150248390065,-67.02217398390066,2025-04-30,2025-03-31,0.019672,0.128896,0.368292,85403068.17,0.423945,,679036441.0,679036441.0,True,2025-05-01,0.563649,159.673933,0.198611,453.172205,0.170421,0.056176,0.045559,0.075387,-0.00079,0.076923,0.016495,1.135588,0.536845,0.100885,0.108292,0.005709,2.330548,0.335086,0.664914,0.282523,4.00456,-0.236892,-1.837849,-0.236892,0.019672,2.520781,0.056176,1.07775,0.128896,0.941933,0.743005,0.184174,50,50.714075,3.085894,5.808046,-66.928785,asof1455_from_lagged_eod,1,0.9009009009009009,0.8828828828828829,0.9009009009009009,0.2702702702702703,0.0,0.0,0.0,0.0,0.0,,0.0,0.0,0.0,0.0,0.0,0.0,0.0,0.0,0.0,0.0,0.0,0.0,0.0,0.0,0.0,0.0,0.0,0.0,0.0,0.0,0.0,0.0,0.0,0.0,0.0,0.0,0.0,0.0
2025-06-23,21.25,21.68,21.21,21.55,6220160.0,0.0,0.0,21.67223027625641,20.435487132166728,1.006664428571428,0.0467129665230339,51.16390983127641,0.4855885931022619,0.7234042553176112,24.3,23.26,23.26,399044132.0,402223343.9,22048365.42921272,3857.9016,-0.0041028241271717,-0.0451927337173239,-0.0410899095901521,-0.1214210741803509,1.2285555235556875,-2.7317941529928023,0.7234042553176112,-0.7223935298293445,-0.1441926346062696,-0.0410899095901521,0.1313131313131313,-0.5746304341579538,0.0711823428999509,-1.365387211742372,0.946467151213038,-1.4765523151221756,-0.7740076900165995,-0.8599670185290763,,0.0,,,,,,,,,,,,,,,0.0490077862499761,0.1,133643184.0,6219800,48,21.486733335477027,2025-06-24,21.8352225119349,21.61,22.07,21.53,0.01323538338445,0.0162188067872783,0.0027842227378189,21.25,21.68,21.21,21.55,6004400,129002088.0,47,2025-06-23 14:55:00,21.484592632069816,0.0023255813953488,-0.0477242598320812,-0.0451927337173239,0.0511625407237013,0.099258437350612,0.0016531692235404,0.0793805865994745,0.0337918143093454,0.9355023206242408,0.0218097447795823,asof1455,14:55,21.55,50.83201470930233,3.093070497674419,5.82155308372093,-67.0844333372093,2025-04-30,2025-03-31,0.019672,0.128896,0.368292,85403068.17,0.423945,,679036441.0,679036441.0,True,2025-05-01,0.563649,159.673933,0.198611,453.172205,0.170421,0.056176,0.045559,0.075387,-0.00079,0.076923,0.016495,1.135588,0.536845,0.100885,0.108292,0.005709,2.330548,0.335086,0.664914,0.282523,4.00456,-0.236892,-1.837849,-0.236892,0.019672,2.520781,0.056176,1.07775,0.128896,0.941933,0.743005,0.184174,53,50.832015,3.09307,5.821553,-67.084434,asof1455_from_lagged_eod,1,0.9017857142857143,0.8839285714285714,0.9017857142857143,0.26785714285714285,0.0,0.0,0.0,0.0,0.0,,0.0,0.0,0.0,0.0,0.0,0.0,0.0,0.0,0.0,0.0,0.0,0.0,0.0,0.0,0.0,0.0,0.0,0.0,0.0,0.0,0.0,0.0,0.0,0.0,0.0,0.0,0.0,0.0
2025-06-24,21.61,22.07,21.53,21.61,8031977.0,0.0,0.0,21.66630358327961,20.47399575078421,0.9882843714285708,0.0457327335228378,51.68415515666995,0.6313510004090628,0.1481481481478709,24.3,22.76,22.76,407076109.0,403282422.55,21745223.351284552,3904.0342,0.0086956867733818,-0.0480176211453744,-0.0567133079187562,-0.056971034762161,1.2064420595569143,-2.721888636272644,0.1481481481478709,-0.4598933105432857,0.174460679879652,-0.0567133079187562,0.09,-0.5122543395598941,0.034601152237822,-1.336641365149397,-1.1093540522539889,-0.7868904912647257,-0.4472230015906321,-1.0632962368128445,,1.0,,,,,,,,,,,,,,,0.048768137625908,0.1,173347648.0,7938900,48,21.8352225119349,2025-06-25,22.1387562409436,22.4,22.5,21.66,0.0244681277623135,0.0139011053742541,0.0365571494678389,21.61,22.06,21.58,21.62,7777900,169870512.0,47,2025-06-24 14:55:00,21.84015119762404,0.0032482598607888,-0.0055197792088315,-0.0475770925110131,0.0354486243642369,0.1393197836360695,0.0024631545353788,0.0811305149226473,0.0517488100521781,0.9512963025095827,0.0222016651248843,asof1455,14:55,21.61,50.99713059396751,3.10311709512761,5.840462916937354,-67.30234167424594,2025-04-30,2025-03-31,0.019672,0.128896,0.368292,85403068.17,0.423945,,679036441.0,679036441.0,True,2025-05-01,0.563649,159.673933,0.198611,453.172205,0.170421,0.056176,0.045559,0.075387,-0.00079,0.076923,0.016495,1.135588,0.536845,0.100885,0.108292,0.005709,2.330548,0.335086,0.664914,0.282523,4.00456,-0.236892,-1.837849,-0.236892,0.019672,2.520781,0.056176,1.07775,0.128896,0.941933,0.743005,0.184174,54,50.973542,3.101682,5.837762,-67.271212,asof1455_from_lagged_eod,1,0.9026548672566371,0.8849557522123894,0.9026548672566371,0.26548672566371684,0.0,0.0,0.0,0.0,0.0,,0.0,0.0,0.0,0.0,0.0,0.0,0.0,0.0,0.0,0.0,0.0,0.0,0.0,0.0,0.0,0.0,0.0,0.0,0.0,0.0,0.0,0.0,0.0,0.0,0.0,0.0,0.0,0.0
2025-06-25,21.72,22.5,21.66,22.4,13319339.0,0.0,0.0,21.73617943249108,20.53714343108637,0.966428571428571,0.0431441326530592,58.02463727009782,1.0656555909512917,0.8809523809513305,24.3,22.5,22.5,420395448.0,405896595.9,20464985.227332104,3960.0662,0.021960268707057,-0.0101634997790543,-0.0321237684861114,0.6868801141992079,1.2406876585106088,-1.966001478194569,0.8809523809513305,0.0635901881287705,0.7084711735162171,-0.0321237684861114,0.0198019801980198,0.1716316206148209,0.0908086641593031,-0.5936228620490314,1.4990059907428075,0.5734382982859164,0.0973859435582607,-0.7216569481075193,,0.0,,,,,,,,,,,,,,,0.0487505231467694,0.1,294872736.0,13319300,48,22.1387562409436,2025-06-26,22.31946525347029,22.35,22.88,21.91,-0.0035953011843619,0.0081625639019635,-0.0022321428571426,21.72,22.5,21.71,22.39,13080600,289527456.0,47,2025-06-25 14:55:00,22.13411127929912,0.036094400740398,0.0413953488372094,-0.0106053910737957,0.1479425690146776,0.199425311031353,0.0364116297221797,0.117182869611234,0.7754672196701391,1.3713938983868312,0.0352836087539079,asof1455,14:55,22.4,52.813401452105516,3.213635353077279,6.048472521055067,-69.69932608422027,2025-04-30,2025-03-31,0.019672,0.128896,0.368292,85403068.17,0.423945,,679036441.0,679036441.0,True,2025-05-01,0.563649,159.673933,0.198611,453.172205,0.170421,0.056176,0.045559,0.075387,-0.00079,0.076923,0.016495,1.135588,0.536845,0.100885,0.108292,0.005709,2.330548,0.335086,0.664914,0.282523,4.00456,-0.236892,-1.837849,-0.236892,0.019672,2.520781,0.056176,1.07775,0.128896,0.941933,0.743005,0.184174,55,52.83699,3.215071,6.051174,-69.730456,asof1455_from_lagged_eod,1,0.9473684210526315,0.9298245614035088,0.9473684210526315,0.23684210526315788,0.0,0.0,0.0,0.0,0.0,,0.0,0.0,0.0,0.0,0.0,0.0,0.0,0.0,0.0,0.0,0.0,0.0,0.0,0.0,0.0,0.0,0.0,0.0,0.0,0.0,0.0,0.0,0.0,0.0,0.0,0.0,0.0,0.0
2025-06-26,22.5,22.88,21.91,22.35,9295452.0,0.0,0.0,21.7946385341586,20.596581351378617,0.946428571428571,0.0423457973793525,57.51023198768556,0.7462458084570233,0.4536082474222146,24.3,22.88,22.88,411099996.0,407538783.45,19474936.69159992,3946.0195,0.0267826847304586,0.0280588776448944,0.0012761929144358,0.5867970205110563,1.2658717402944872,-2.060377358488389,0.4536082474222146,-0.2927002310991086,0.1828613158745755,0.0012761929144358,0.0098039215686274,0.0786613231541568,0.1320219850391174,-0.6812449287380371,-0.0260774119978702,-0.356361440762832,-0.4392335397608638,-0.2622328107065553,,0.0,,,,,,,,,,,,,,,0.0486740411208751,0.1,204685120.0,9170700,48,22.31946525347029,2025-06-27,22.17008932109868,22.22,22.48,21.86,-0.0080496948054282,-0.006692630431564,-0.0058165548098435,22.5,22.87,21.91,22.36,9088900,202855840.0,47,2025-06-26 14:55:00,22.31907491555634,-0.0017857142857142,0.0375870069605568,0.0285188592456302,0.1112003599808109,0.2074884428424421,0.0281328354697127,0.1122334156536966,0.6758876096196464,1.304847375935462,0.0429338103756708,asof1455,14:55,22.35,52.74263823214286,3.209329801785714,6.040368332142857,-69.60593732857143,2025-04-30,2025-03-31,0.019672,0.128896,0.368292,85403068.17,0.423945,,679036441.0,679036441.0,True,2025-05-01,0.563649,159.673933,0.198611,453.172205,0.170421,0.056176,0.045559,0.075387,-0.00079,0.076923,0.016495,1.135588,0.536845,0.100885,0.108292,0.005709,2.330548,0.335086,0.664914,0.282523,4.00456,-0.236892,-1.837849,-0.236892,0.019672,2.520781,0.056176,1.07775,0.128896,0.941933,0.743005,0.184174,56,52.71905,3.207894,6.037667,-69.574807,asof1455_from_lagged_eod,1,0.9391304347826087,0.9217391304347826,0.9391304347826087,0.24347826086956523,0.0,0.0,0.0,0.0,0.0,,0.0,0.0,0.0,0.0,0.0,0.0,0.0,0.0,0.0,0.0,0.0,0.0,0.0,0.0,0.0,0.0,0.0,0.0,0.0,0.0,0.0,0.0,0.0,0.0,0.0,0.0,0.0,0.0
2025-06-27,22.3,22.48,21.86,22.22,6651652.0,0.0,0.0,21.83514914995301,20.649808192317025,0.9357142857142852,0.0421113539925402,56.1172440641318,0.5452260515062785,0.5806451612893843,23.87,22.88,22.88,404448344.0,408259324.65,19076603.712488186,3921.7578,0.0195270199534696,0.0334883720930232,0.0139613521395536,0.4112909847826008,1.2667765959455026,-1.7633587786240728,0.5806451612893843,-0.6065547969075886,-0.1997724913426377,0.0139613521395536,0.0097087378640776,-0.0840689498733703,0.1328725971314159,-0.3869834478605458,0.4271085108732846,-1.1665730409638688,-0.8262859291523623,-0.0870937249572249,,1.0,,,,,,,,,,,,,,,0.0484194643938046,0.1,145449088.0,6560600,48,22.17008932109868,2025-06-30,22.96519996440331,23.08,23.44,22.28,0.0335373521333624,0.0358641154660548,0.0387038703870386,22.3,22.4,21.89,22.2,6502200,144151776.0,47,2025-06-27 14:55:00,22.169692719387285,-0.0067114093959732,0.0273021749190189,0.0325581395348837,0.059182007962641,0.2046834844485854,0.0155747381015021,0.1007774560347536,0.4089740640063252,1.167962904450673,0.0229729729729728,asof1455,14:55,22.22,52.36523087248322,3.1863645100671136,5.997145744966442,-69.10786198657718,2025-04-30,2025-03-31,0.019672,0.128896,0.368292,85403068.17,0.423945,,679036441.0,679036441.0,True,2025-05-01,0.563649,159.673933,0.198611,453.172205,0.170421,0.056176,0.045559,0.075387,-0.00079,0.076923,0.016495,1.135588,0.536845,0.100885,0.108292,0.005709,2.330548,0.335086,0.664914,0.282523,4.00456,-0.236892,-1.837849,-0.236892,0.019672,2.520781,0.056176,1.07775,0.128896,0.941933,0.743005,0.184174,57,52.412407,3.189235,6.002548,-69.170122,asof1455_from_lagged_eod,1,0.9051724137931034,0.9051724137931034,0.9224137931034483,0.25862068965517243,0.0,0.0,0.0,0.0,0.0,,0.0,0.0,0.0,0.0,0.0,0.0,0.0,0.0,0.0,0.0,0.0,0.0,0.0,0.0,0.0,0.0,0.0,0.0,0.0,0.0,0.0,0.0,0.0,0.0,0.0,0.0,0.0,0.0
2025-06-30,22.47,23.44,22.28,23.08,11359780.0,0.0,0.0,21.95370637376701,20.729486612241057,0.925,0.0400779896013847,62.57528147884561,0.9266227946868052,0.689655172413196,23.4,23.44,23.44,415808124.0,410056313.95,17978722.17629241,3936.0791,0.0202642545367148,0.0709976798143849,0.0507334252776701,1.217614731061375,1.323480823269868,-0.3459459459455722,0.689655172413196,-0.07620870594948,0.3199231843954194,0.0507334252776701,0.0096153846153846,0.6644474216060575,0.2269184569802851,1.0028526150417192,0.8134139181742711,0.2230159836153176,-0.288255278301176,0.4195101400647724,,1.0,,,,,,,,,,,,,,,0.0481964984568273,0.1,258059952.0,11237000,48,22.96519996440331,2025-07-01,23.172788411102307,23.5,23.6,22.8,0.0040202951084189,0.0090392614486598,0.0181975736568458,22.47,23.43,22.32,23.09,11148400,256013088.0,47,2025-06-30 14:55:00,22.964110365613003,0.0391539153915392,0.0308035714285714,0.071461716937355,0.1122221916975274,0.2442313777153328,0.0532526736294205,0.141331155426428,1.4424597184670895,1.638828322811832,0.0480727587700302,asof1455,14:55,23.08,54.46455794914492,3.314106037353736,6.237571256525653,-71.87840310441045,2025-04-30,2025-03-31,0.019672,0.128896,0.368292,85403068.17,0.423945,,679036441.0,679036441.0,True,2025-05-01,0.563649,159.673933,0.198611,453.172205,0.170421,0.056176,0.045559,0.075387,-0.00079,0.076923,0.016495,1.135588,0.536845,0.100885,0.108292,0.005709,2.330548,0.335086,0.664914,0.282523,4.00456,-0.236892,-1.837849,-0.236892,0.019672,2.520781,0.056176,1.07775,0.128896,0.941933,0.743005,0.184174,60,54.44097,3.312671,6.23487,-71.847273,asof1455_from_lagged_eod,1,0.9914529914529915,0.9914529914529915,0.9914529914529915,0.18803418803418803,0.0,0.0,0.0,0.0,0.0,,0.0,0.0,0.0,0.0,0.0,0.0,0.0,0.0,0.0,0.0,0.0,0.0,0.0,0.0,0.0,0.0,0.0,0.0,0.0,0.0,0.0,0.0,0.0,0.0,0.0,0.0,0.0,0.0
2025-07-01,22.9,23.6,22.8,23.5,9110308.0,0.0,0.0,22.100972433408245,20.82032311675774,0.9271428571428572,0.0394528875379922,65.26386584130208,0.7442190127053823,0.8749999999989047,23.44,23.6,23.6,424918432.0,412782235.75,15754896.109198129,3942.762,0.0099199438365575,0.0874595094863488,0.0775395656497912,1.5089665587259973,1.3812858577109175,0.064714946070807,0.8749999999989047,-0.2954199155521201,0.7703126803174897,0.0775395656497912,0.0095238095238095,0.928971499385559,0.3227037716627733,1.3885605299325363,1.4613036522216618,-0.3526368739844995,0.1778878831434697,0.7861154416450925,,0.0,,,,,,,,,,,,,,,0.0481475189690187,0.1,207635136.0,8960300,48,23.172788411102307,2025-07-02,23.105676783826297,22.9,23.48,22.86,-0.0167797113265405,-0.0028961394755521,-0.025531914893617,22.9,23.59,22.8,23.57,8777700,203339312.0,47,2025-07-01 14:55:00,23.16544333937136,0.0212305025996535,0.0545861297539149,0.090698750578436,0.1441316485115715,0.2579362326986267,0.0694894632955296,0.1607329198459044,1.912807542658711,1.8457633029008045,0.0335171828595672,asof1455,14:55,23.5,55.59677915511266,3.383000670277297,6.367239423743502,-73.37262671620452,2025-04-30,2025-03-31,0.019672,0.128896,0.368292,85403068.17,0.423945,,679036441.0,679036441.0,True,2025-05-01,0.563649,159.673933,0.198611,453.172205,0.170421,0.056176,0.045559,0.075387,-0.00079,0.076923,0.016495,1.135588,0.536845,0.100885,0.108292,0.005709,2.330548,0.335086,0.664914,0.282523,4.00456,-0.236892,-1.837849,-0.236892,0.019672,2.520781,0.056176,1.07775,0.128896,0.941933,0.743005,0.184174,61,55.431663,3.372954,6.34833,-73.154719,asof1455_from_lagged_eod,1,0.9915254237288136,0.9915254237288136,0.9915254237288136,0.1864406779661017,0.0,0.0,0.0,0.0,0.0,,0.0,0.0,0.0,0.0,0.0,0.0,0.0,0.0,0.0,0.0,0.0,0.0,0.0,0.0,0.0,0.0,0.0,0.0,0.0,0.0,0.0,0.0,0.0,0.0,0.0,0.0,0.0,0.0
2025-07-02,23.35,23.48,22.86,22.9,7755806.0,0.0,0.0,22.177070296893174,20.88850924407716,0.8135714285714286,0.0355271366188381,58.7685975319196,0.633492004887518,0.0645161290321525,23.6,23.6,23.6,417162626.0,414734085.05,13612951.377636127,3943.6849,-0.0041366227665587,0.0223214285714286,0.0264580513379874,0.8885878703672615,1.5838327251450417,-0.8604038630366984,0.0645161290321525,-0.4565078998412017,0.1783992965691251,0.0264580513379874,0.0094339622641509,0.3457324445242369,0.6612621651636548,0.4764894653632291,-1.4254971781492909,-0.7727843862101749,-0.4363607010157124,0.0751497781144993,,0.0,,,,,,,,,,,,,,,0.0481475189690187,0.1,179203008.0,7755800,48,23.105676783826297,2025-07-03,22.89986911653662,22.83,23.32,22.63,-5.715435081987685e-06,-0.0089072338895409,-0.0030567685589519,23.35,23.47,22.86,22.96,7478000,172838560.0,47,2025-07-02 14:55:00,23.112939288579835,-0.0229787234042553,0.0333033303330334,0.0250000000000001,0.1064914226755973,0.1813923805182531,0.0350028410507929,0.1262897386739627,0.9834274599451104,1.4281613384315452,0.026567944250871,asof1455,14:55,22.9,54.157914148085105,3.295447822978723,6.202453480851063,-71.47371694638298,2025-04-30,2025-03-31,0.019672,0.128896,0.368292,85403068.17,0.423945,,679036441.0,679036441.0,True,2025-05-01,0.563649,159.673933,0.198611,453.172205,0.170421,0.056176,0.045559,0.075387,-0.00079,0.076923,0.016495,1.135588,0.536845,0.100885,0.108292,0.005709,2.330548,0.335086,0.664914,0.282523,4.00456,-0.236892,-1.837849,-0.236892,0.019672,2.520781,0.056176,1.07775,0.128896,0.941933,0.743005,0.184174,62,54.016387,3.286836,6.186245,-71.286939,asof1455_from_lagged_eod,1,0.9747899159663865,0.9747899159663865,0.9747899159663865,0.20168067226890757,0.0,0.0,0.0,0.0,0.0,,0.0,0.0,0.0,0.0,0.0,0.0,0.0,0.0,0.0,0.0,0.0,0.0,0.0,0.0,0.0,0.0,0.0,0.0,0.0,0.0,0.0,0.0,0.0,0.0,0.0,0.0,0.0,0.0
2025-07-03,22.99,23.32,22.63,22.83,4767560.0,0.0,0.0,22.239254078141443,20.95216467869758,0.7850000000000001,0.0343845816907562,58.042818748106605,0.4026402854047334,0.2898550724633464,23.6,23.6,23.6,412395066.0,415806978.8,12494810.378535705,3968.0676,0.005587428039826,0.0214765100671139,0.0158890820272878,0.7525425756150359,1.6396043304996448,-0.9808917197439772,0.2898550724633464,-0.9097117076807514,-0.2730663928971015,0.0158890820272878,0.0093457943925233,0.2166348049848628,0.7504404360632438,0.355741770002673,-0.6177440262395605,-1.928126825000486,-0.9005914771677775,-0.0722106011547944,,0.0,,,,,,,,,,,,,,,0.0481022108959572,0.1,109177416.0,4767600,48,22.89986911653662,2025-07-04,23.198319029850747,22.8,23.63,22.78,0.0161331156307817,0.0130328217945405,-0.0013140604467803,22.99,23.32,22.63,22.88,4535800,103882920.0,47,2025-07-03 14:55:00,22.90288813439746,-0.0008733624454148,-0.0086655112651645,0.0237136465324383,0.0984154353984123,0.1969177580723053,0.0264232065499596,0.1191945458045011,0.8053931903015767,1.3340091474430489,0.0301573426573427,asof1455,14:55,22.83,53.96921111615721,3.2839654008733627,6.1808421659388655,-71.22467966462882,2025-04-30,2025-03-31,0.019672,0.128896,0.368292,85403068.17,0.423945,,679036441.0,679036441.0,True,2025-05-01,0.563649,159.673933,0.198611,453.172205,0.170421,0.056176,0.045559,0.075387,-0.00079,0.076923,0.016495,1.135588,0.536845,0.100885,0.108292,0.005709,2.330548,0.335086,0.664914,0.282523,4.00456,-0.236892,-1.837849,-0.236892,0.019672,2.520781,0.056176,1.07775,0.128896,0.941933,0.743005,0.184174,63,53.851271,3.276789,6.167335,-71.069031,asof1455_from_lagged_eod,1,0.9666666666666667,0.95,0.9666666666666667,0.20833333333333334,0.0,0.0,0.0,0.0,0.0,,0.0,0.0,0.0,0.0,0.0,0.0,0.0,0.0,0.0,0.0,0.0,0.0,0.0,0.0,0.0,0.0,0.0,0.0,0.0,0.0,0.0,0.0,0.0,0.0,0.0,0.0,0.0,0.0
2025-07-04,22.95,23.63,22.78,22.8,8759020.0,0.0,0.0,22.292658451651786,21.01274944333045,0.7785714285714287,0.0341478696741839,57.71385584147557,0.7559890667434674,0.0235294117646777,23.6,23.63,23.63,403636046.0,415749400.75,12547996.799549151,3982.2034,0.0154128844978647,0.0261026102610262,0.0106897257631615,0.6516313465014621,1.6439198271996005,-1.0275229357784976,0.0235294117646777,-0.2797283648867199,-0.9653616384756516,0.0106897257631615,0.0092592592592592,0.1206723105132049,0.7522709496855956,0.3079786265420374,-1.561231757100113,-0.2789365535058941,-1.5971197942784194,-0.1445361783397189,,0.0,,,,,,,,,,,,,,,0.0480592841111141,0.1,198948784.0,8576000,48,23.198319029850747,2025-07-07,22.324623935238325,22.43,22.79,21.96,-0.0208498274018278,-0.0376620001426907,-0.0162280701754385,22.95,23.63,22.78,22.88,8501200,197237920.0,47,2025-07-04 14:55:00,23.201185714957887,0.0021901007446343,-0.0263829787234043,0.0297029702970297,0.0802644003777148,0.3300627230490625,0.0218391317940245,0.1158157647704423,0.7434487665616665,1.2882552661850275,0.0371503496503495,asof1455,14:55,22.8,53.9692107087166,3.2839654980289095,6.180842084975909,-71.22467933771354,2025-04-30,2025-03-31,0.019672,0.128896,0.368292,85403068.17,0.423945,,679036441.0,679036441.0,True,2025-05-01,0.563649,159.673933,0.198611,453.172205,0.170421,0.056176,0.045559,0.075387,-0.00079,0.076923,0.016495,1.135588,0.536845,0.100885,0.108292,0.005709,2.330548,0.335086,0.664914,0.282523,4.00456,-0.236892,-1.837849,-0.236892,0.019672,2.520781,0.056176,1.07775,0.128896,0.941933,0.743005,0.184174,64,53.780507,3.272483,6.159231,-70.975642,asof1455_from_lagged_eod,1,0.9586776859504132,0.9504132231404959,0.9586776859504132,0.21487603305785125,0.0,0.0,0.0,0.0,0.0,,0.0,0.0,0.0,0.0,0.0,0.0,0.0,0.0,0.0,0.0,0.0,0.0,0.0,0.0,0.0,0.0,0.0,0.0,0.0,0.0,0.0,0.0,0.0,0.0,0.0,0.0,0.0,0.0
2025-07-07,22.52,22.79,21.96,22.43,6673400.0,0.0,0.0,22.30573859911352,21.059216674696664,0.7692857142857142,0.0342971785236593,53.67346635889594,0.5885740978421136,0.5662650602402814,23.63,23.63,23.63,396962646.0,414776559.4,13195850.152606571,3965.1746,0.0073920008365684,-0.028162911611785,-0.0355549124483535,0.1615282834176913,1.6203627615425458,-1.5598885793851582,0.5662650602402814,-0.5300524505355226,-1.349963298611814,-0.0355549124483535,0.018348623853211,-0.3429796911552967,0.7071836937867558,-0.220506238748964,0.3757768825455637,-0.9281302455602968,-1.9496825107214928,-0.7907226467344114,,1.0,,,,,,,,,,,,,,,0.047975923658297,0.1,147815800.0,6621200,48,22.324623935238325,2025-07-08,23.041422655118662,23.24,23.5,22.15,0.0272591464609301,0.0321079863185918,0.0361123495318769,22.52,22.7,22.0,22.44,6569300,146651800.0,47,2025-07-07 14:55:00,22.323809233860533,-0.0157894736842104,-0.0200873362445414,-0.0277296360485267,0.0303030303030302,0.409856235960657,-0.0014239943040227,0.0894010914115284,-0.053251595696399,1.0144165864377386,0.0311942959001782,asof1455,14:55,22.43,52.931341100000004,3.220812215789474,6.061979984210526,-69.85497396842105,2025-04-30,2025-03-31,0.019672,0.128896,0.368292,85403068.17,0.423945,,679036441.0,679036441.0,True,2025-05-01,0.563649,159.673933,0.198611,453.172205,0.170421,0.056176,0.045559,0.075387,-0.00079,0.076923,0.016495,1.135588,0.536845,0.100885,0.108292,0.005709,2.330548,0.335086,0.664914,0.282523,4.00456,-0.236892,-1.837849,-0.236892,0.019672,2.520781,0.056176,1.07775,0.128896,0.941933,0.743005,0.184174,67,52.907754,3.219377,6.059278,-69.823845,asof1455_from_lagged_eod,1,0.9098360655737705,0.8934426229508197,0.9098360655737705,0.26229508196721313,0.0,0.0,0.0,0.0,0.0,,0.0,0.0,0.0,0.0,0.0,0.0,0.0,0.0,0.0,0.0,0.0,0.0,0.0,0.0,0.0,0.0,0.0,0.0,0.0,0.0,0.0,0.0,0.0,0.0,0.0,0.0,0.0,0.0
2025-07-08,22.15,23.5,22.15,23.24,10947747.0,0.0,0.0,22.39471587538841,21.13071776732956,0.8228571428571428,0.0354069338578789,60.236384475332926,1.0078355872484273,0.8074074074068083,23.63,23.63,23.63,407910393.0,413328100.4,12245916.8426419,3998.4527,0.0141247937359647,-0.011063829787234,-0.0251886235231988,1.0272550125475524,1.536108811875212,-0.473958333332758,0.8074074074068083,0.0078050484571735,-0.4424092919800667,-0.0251886235231988,0.0363636363636363,0.4797953548091166,0.5598102621066341,0.8575861897261867,1.21843929521145,0.4830354387936652,-1.0098649347003583,-0.6405334051818934,,0.0,,,,,,,,,,,,,,,0.0478810978474528,0.1,249808192.0,10841700,48,23.041422655118662,2025-07-09,23.21249268118529,23.27,23.64,22.95,-0.0011836195703401,0.007424455886565,0.0012908777969018,22.15,23.49,22.15,23.25,10750900,247697760.0,47,2025-07-08 14:55:00,23.039723185965823,0.0365581810075792,0.0183968462549277,-0.0106382978723403,0.0379464285714286,0.4172615974251352,0.033126707991735,0.1228069765238086,1.2857371251643417,1.4745148970992603,0.0576344086021505,asof1455,14:55,23.24,54.84196524743647,3.3370715670976376,6.2807941818992425,-72.37647776415517,2025-04-30,2025-03-31,0.019672,0.128896,0.368292,85403068.17,0.423945,,679036441.0,679036441.0,True,2025-05-01,0.563649,159.673933,0.198611,453.172205,0.170421,0.056176,0.045559,0.075387,-0.00079,0.076923,0.016495,1.135588,0.536845,0.100885,0.108292,0.005709,2.330548,0.335086,0.664914,0.282523,4.00456,-0.236892,-1.837849,-0.236892,0.019672,2.520781,0.056176,1.07775,0.128896,0.941933,0.743005,0.184174,68,54.818377,3.335636,6.278093,-72.345348,asof1455_from_lagged_eod,1,0.983739837398374,0.983739837398374,0.983739837398374,0.18699186991869918,0.0,0.0,0.0,0.0,0.0,,0.0,0.0,0.0,0.0,0.0,0.0,0.0,0.0,0.0,0.0,0.0,0.0,0.0,0.0,0.0,0.0,0.0,0.0,0.0,0.0,0.0,0.0,0.0,0.0,0.0,0.0,0.0,0.0
2025-07-09,23.24,23.64,22.95,23.27,5673329.0,0.0,0.0,22.478076268208564,21.20085816840072,0.7950000000000002,0.0341641598624824,60.45980696376365,0.5414385034083715,0.4637681159413564,23.63,23.64,23.64,413583722.0,412831354.35,12021922.969088944,3991.4006,0.0120992678700064,0.0161572052401746,0.0040579373701681,0.9961304802395458,1.6065636475550145,-0.4528301886786749,0.4637681159413564,-0.613525786103212,0.0625829704560977,0.0040579373701681,0.018018018018018,0.4475736466358862,0.6761219634758329,0.8717260964641054,0.0160436188096269,-1.1437439610578142,-0.4896160302567579,-0.2256631730142051,,0.0,,,,,,,,,,,,,,,0.0476603412070752,0.1,130036384.0,5602000,48,23.21249268118529,2025-07-10,23.16006782869312,23.1,23.65,22.67,-0.004724201603218,-0.0022584757790647,-0.0073055436183927,23.24,23.59,23.01,23.27,5488300,127390720.0,47,2025-07-09 14:55:00,23.21132591148443,0.0012908777969018,0.0206140350877193,0.0161572052401746,0.0425627240143369,0.3614106763083093,0.0320892377974406,0.1176242756975876,1.2042742220548113,1.4742158975069026,0.0249247958745164,asof1455,14:55,23.27,54.889140825731495,3.3399418984509466,6.286197250860585,-72.43873700344234,2025-04-30,2025-03-31,0.019672,0.128896,0.368292,85403068.17,0.423945,,679036441.0,679036441.0,True,2025-05-01,0.563649,159.673933,0.198611,453.172205,0.170421,0.056176,0.045559,0.075387,-0.00079,0.076923,0.016495,1.135588,0.536845,0.100885,0.108292,0.005709,2.330548,0.335086,0.664914,0.282523,4.00456,-0.236892,-1.837849,-0.236892,0.019672,2.520781,0.056176,1.07775,0.128896,0.941933,0.743005,0.184174,69,54.889141,3.339942,6.286197,-72.438737,asof1455_from_lagged_eod,1,0.9838709677419355,0.9838709677419355,0.9838709677419355,0.18548387096774194,0.0,0.0,0.0,0.0,0.0,,0.0,0.0,0.0,0.0,0.0,0.0,0.0,0.0,0.0,0.0,0.0,0.0,0.0,0.0,0.0,0.0,0.0,0.0,0.0,0.0,0.0,0.0,0.0,0.0,0.0,0.0,0.0,0.0
2025-07-10,23.0,23.65,22.67,23.1,10143187.0,0.0,0.0,22.537307099807748,21.26312511369905,0.8250000000000001,0.0357142857142841,58.45543524103543,1.0318808109400055,0.438775510203635,23.64,23.65,23.65,403440535.0,410671842.6,9335549.815916725,4010.0243,0.0105735849863042,0.011826544021025,0.0012529590347207,0.6820520002322076,1.544463013463207,-0.6545454545446601,0.438775510203635,0.0313831671143208,-0.7745990051567125,0.0012529590347207,0.0625,0.145288532143083,0.5660247185644419,0.6654153315731515,-0.0691450304730115,0.5519806098609894,-1.3325776001365193,-0.2643293018333394,,1.0,,,,,,,,,,,,,,,0.0472836241821657,0.1,234917200.0,10143200,48,23.16006782869312,2025-07-11,23.34854794080164,23.71,23.75,22.88,0.0107596511169538,0.0081381502637487,0.0264069264069264,23.0,23.64,22.68,23.22,9745000,225727504.0,47,2025-07-10 14:55:00,23.163417547460234,-0.0021486892995272,0.0352206865804725,0.0170827858081472,-0.0194256756756756,0.2829308968068862,0.0277064707444454,0.1097353321770118,1.0124679221505524,1.4192204893106275,0.041343669250646,asof1455,14:55,23.1,54.77120129007306,3.3327655023635585,6.272689915771379,-72.28308866093683,2025-04-30,2025-03-31,0.019672,0.128896,0.368292,85403068.17,0.423945,,679036441.0,679036441.0,True,2025-05-01,0.563649,159.673933,0.198611,453.172205,0.170421,0.056176,0.045559,0.075387,-0.00079,0.076923,0.016495,1.135588,0.536845,0.100885,0.108292,0.005709,2.330548,0.335086,0.664914,0.282523,4.00456,-0.236892,-1.837849,-0.236892,0.019672,2.520781,0.056176,1.07775,0.128896,0.941933,0.743005,0.184174,70,54.488146,3.315542,6.240273,-71.909532,asof1455_from_lagged_eod,1,0.968,0.968,0.968,0.2,0.0,0.0,0.0,0.0,0.0,,0.0,0.0,0.0,0.0,0.0,0.0,0.0,0.0,0.0,0.0,0.0,0.0,0.0,0.0,0.0,0.0,0.0,0.0,0.0,0.0,0.0,0.0,0.0,0.0,0.0,0.0,0.0,0.0
2025-07-11,23.09,23.75,22.88,23.71,8840652.0,0.0,0.0,22.648992137921294,21.343350519807284,0.8535714285714288,0.0360004820148204,63.17324631059236,0.9512427476115978,0.9540229885046516,23.65,23.75,23.75,412281187.0,409932409.15,8560986.26532277,4014.807,0.0081873266443397,0.0399122807017544,0.0317249540574147,1.243021763103305,1.529621979378637,0.070292887029209,0.9540229885046516,-0.0499859938967,0.2743583247544748,0.0317249540574147,0.0707964601769911,0.6819092629030659,0.5373494798540932,1.3750879552468402,1.7481321430595094,0.3351344644243754,-0.2568678705308146,0.2063925410828929,,1.0,,,,,,,,,,,,,,,0.0470456090753164,0.1,203358848.0,8709700,48,23.34854794080164,2025-07-14,23.80417509445484,23.95,24.07,23.39,0.0039719567463025,0.0195141537198975,0.0101223112610711,23.09,23.74,22.89,23.71,8503200,198463152.0,47,2025-07-11 14:55:00,23.33981936212249,0.0264069264069264,0.0202237521514629,0.0399122807017544,0.0362762237762237,0.3006928163052289,0.0507423000221582,0.1286576963703545,1.97744722229525,1.6903900110896095,0.0358498523829606,asof1455,14:55,23.71,55.927010461471866,3.403095273593074,6.40505942987013,-73.80844171948053,2025-04-30,2025-03-31,0.019672,0.128896,0.368292,85403068.17,0.423945,,679036441.0,679036441.0,True,2025-05-01,0.563649,159.673933,0.198611,453.172205,0.170421,0.056176,0.045559,0.075387,-0.00079,0.076923,0.016495,1.135588,0.536845,0.100885,0.108292,0.005709,2.330548,0.335086,0.664914,0.282523,4.00456,-0.236892,-1.837849,-0.236892,0.019672,2.520781,0.056176,1.07775,0.128896,0.941933,0.743005,0.184174,71,55.92701,3.403095,6.405059,-73.808442,asof1455_from_lagged_eod,1,1.0,1.0,1.0,0.16666666666666666,0.0,0.0,0.0,0.0,0.0,,0.0,0.0,0.0,0.0,0.0,0.0,0.0,0.0,0.0,0.0,0.0,0.0,0.0,0.0,0.0,0.0,0.0,0.0,0.0,0.0,0.0,0.0,0.0,0.0,0.0,0.0,0.0,0.0
2025-07-14,24.0,24.07,23.39,23.95,8000700.0,0.0,0.0,22.772897648595457,21.428814437190653,0.8635714285714288,0.036057262153294,64.86386775979412,0.8920180274226613,0.8235294117634933,23.75,24.07,24.07,420281887.0,410317624.1,8840126.20431968,4017.6678,0.0132385595327884,0.0677663843067319,0.0545278247739435,1.3630631033618286,1.5564239007150922,0.2315963606283496,0.8235294117634933,-0.1142689364912581,1.1271629691362317,0.0545278247739435,0.0789473684210526,0.7922523679965346,0.5802673145000932,1.5140033690168977,1.2637932079816296,0.1637164791498793,0.6164988027981968,0.5797207573771733,,1.0,,,,,,,,,,,,,,,0.0469418690442549,0.1,187122240.0,7860900,48,23.80417509445484,2025-07-15,25.03515262558284,25.04,25.54,23.81,0.0453090866631666,0.0517126733542958,0.0455114822546973,24.0,24.07,23.41,23.98,7743900,184317712.0,47,2025-07-14 14:55:00,23.80166479422513,0.0113876001687052,0.0305113880532874,0.0691038787338387,0.0624723083739477,0.3509589488301319,0.0607568619644791,0.136567808113706,2.1877711577193333,1.8075265293762453,0.0275229357798165,asof1455,14:55,23.95,56.56388442851118,3.4418480851961197,6.477997250948967,-74.64894302657108,2025-04-30,2025-03-31,0.019672,0.128896,0.368292,85403068.17,0.423945,,679036441.0,679036441.0,True,2025-05-01,0.563649,159.673933,0.198611,453.172205,0.170421,0.056176,0.045559,0.075387,-0.00079,0.076923,0.016495,1.135588,0.536845,0.100885,0.108292,0.005709,2.330548,0.335086,0.664914,0.282523,4.00456,-0.236892,-1.837849,-0.236892,0.019672,2.520781,0.056176,1.07775,0.128896,0.941933,0.743005,0.184174,74,56.493121,3.437542,6.469893,-74.555554,asof1455_from_lagged_eod,1,1.0,1.0,1.0,0.16535433070866143,0.0,0.0,0.0,0.0,0.0,,0.0,0.0,0.0,0.0,0.0,0.0,0.0,0.0,0.0,0.0,0.0,0.0,0.0,0.0,0.0,0.0,0.0,0.0,0.0,0.0,0.0,0.0,0.0,0.0,0.0,0.0,0.0,0.0
2025-07-15,23.81,25.54,23.81,25.04,17168475.0,0.0,0.0,22.98881215825304,21.54721396384014,0.9235714285714288,0.0368838429940651,71.30653709253244,1.8609557140401325,0.7109826589591266,24.07,25.54,25.54,437450362.0,410959248.25,10213743.610728277,4019.0644,0.0051549190515622,0.0774526678141136,0.0722977487625513,2.2209303777591973,1.560895183430677,1.0502706883205937,0.7109826589591266,0.6210901805151329,2.593673266105325,0.0722977487625513,0.0869565217391304,1.5977463623611476,0.5845819337409652,2.2648188061850307,0.8469862444228241,2.0722864839792963,2.076989052555557,0.8662409889306366,,0.0,,,,,,,,,,,,,,,0.0468669126311821,0.1,426313600.0,17028600,48,25.03515262558284,2025-07-16,25.022858601327208,25.08,25.38,24.76,-0.0006845606498718,-0.0004910704735656,0.0015974440894568,23.81,25.53,23.81,25.0,16860200,422102368.0,47,2025-07-15 14:55:00,25.035430659185536,0.0438413361169103,0.0822510822510822,0.0757314974182445,0.1013215859030838,0.4772677465973711,0.102511521245397,0.1791375689688017,3.356648952662161,2.412180677928507,0.0688000000000001,asof1455,14:55,25.04,58.96985490605429,3.5882484342379963,6.753541753653445,-77.82416910229645,2025-04-30,2025-03-31,0.019672,0.128896,0.368292,85403068.17,0.423945,,679036441.0,679036441.0,True,2025-05-01,0.563649,159.673933,0.198611,453.172205,0.170421,0.056176,0.045559,0.075387,-0.00079,0.076923,0.016495,1.135588,0.536845,0.100885,0.108292,0.005709,2.330548,0.335086,0.664914,0.282523,4.00456,-0.236892,-1.837849,-0.236892,0.019672,2.520781,0.056176,1.07775,0.128896,0.941933,0.743005,0.184174,75,59.064206,3.59399,6.764348,-77.948688,asof1455_from_lagged_eod,1,1.0,1.0,1.0,0.1640625,0.0,0.0,0.0,0.0,0.0,,0.0,0.0,0.0,0.0,0.0,0.0,0.0,0.0,0.0,0.0,0.0,0.0,0.0,0.0,0.0,0.0,0.0,0.0,0.0,0.0,0.0,0.0,0.0,0.0,0.0,0.0,0.0,0.0
2025-07-16,24.9,25.38,24.76,25.08,6268795.0,0.0,0.0,23.18797290508608,21.66304301420604,0.8985714285714287,0.035828206880837,71.51296920213696,0.6882783095441719,0.516129032257229,25.54,25.54,25.54,443719157.0,412345438.15,12441523.08191945,4007.2019,0.0039588359033668,0.0777825526428876,0.0738237167395208,2.105594541237314,1.697060291915487,-0.5119236883937078,0.516129032257229,-0.3735620031585273,2.5216943812605743,0.0738237167395208,0.0689655172413793,1.4664986108566134,0.8155077743040067,0.7358763920304919,0.166800619151392,-0.5354981795379758,1.9593167861110048,0.897627309823139,,1.0,,,,,,,,,,,,,,,0.0467705054640608,0.1,156863296.0,6268800,48,25.022858601327208,2025-07-17,26.82294740691519,27.59,27.59,24.9,0.0694955106425514,0.0719377763455253,0.1000797448165871,24.9,25.34,24.76,25.01,6098500,152594544.0,47,2025-07-16 14:55:00,25.021651881610232,-0.0011980830670925,0.0548291859974694,0.0747743876235498,0.1051701281484756,0.4564155507694865,0.0972907754743888,0.1721303279238266,2.56845648120904,2.370160321853744,0.0231907237105157,asof1455,14:55,25.08,58.99344217492013,3.5896841014376997,6.756243749201278,-77.85529899680512,2025-04-30,2025-03-31,0.019672,0.128896,0.368292,85403068.17,0.423945,,679036441.0,679036441.0,True,2025-05-01,0.563649,159.673933,0.198611,453.172205,0.170421,0.056176,0.045559,0.075387,-0.00079,0.076923,0.016495,1.135588,0.536845,0.100885,0.108292,0.005709,2.330548,0.335086,0.664914,0.282523,4.00456,-0.236892,-1.837849,-0.236892,0.019672,2.520781,0.056176,1.07775,0.128896,0.941933,0.743005,0.184174,76,59.158558,3.599731,6.775154,-78.073206,asof1455_from_lagged_eod,1,1.0,1.0,1.0,0.16279069767441862,0.0,0.0,0.0,0.0,0.0,,0.0,0.0,0.0,0.0,0.0,0.0,0.0,0.0,0.0,0.0,0.0,0.0,0.0,0.0,0.0,0.0,0.0,0.0,0.0,0.0,0.0,0.0,0.0,0.0,0.0,0.0,0.0,0.0
2025-07-17,25.25,27.59,24.9,27.59,22434551.0,0.0,0.0,23.607213580792163,21.85736947275665,1.0464285714285717,0.0379278206389464,80.83198199915432,2.348325480364249,0.9999999999996282,25.54,27.59,27.59,466153708.0,415529594.6,16868417.156057164,4034.491,0.0061013844729069,0.1943722943722943,0.1882709098993873,3.806075758966309,1.672205973547692,1.9590443685988108,0.9999999999996282,0.8537025126162961,3.001118180304292,0.1882709098993873,0.1025641025641025,2.961514765291005,0.7669557764212239,3.012459570456936,1.8774740477663856,2.600533956389861,2.366123300094946,2.59331910992687,,1.0,,,,,,,,,,,,,,,0.0466170843319152,0.1,601453632.0,22423100,48,26.82294740691519,2025-07-18,28.4686752989872,28.54,29.5,27.51,0.0318476005432111,0.061355221971159,0.0344327654947445,25.25,27.59,24.93,27.59,22400200,600821824.0,47,2025-07-17 14:55:00,26.822163373541308,0.1000797448165871,0.1519832985386222,0.1943722943722943,0.2690892364305428,0.5622296497607053,0.204014837442723,0.2851079969637546,4.696903415041297,4.011515439525654,0.0964117433852845,asof1455,14:55,27.59,65.07913138835727,3.9599911598883577,7.453209683413079,-85.88675253349284,2025-04-30,2025-03-31,0.019672,0.128896,0.368292,85403068.17,0.423945,,679036441.0,679036441.0,True,2025-05-01,0.563649,159.673933,0.198611,453.172205,0.170421,0.056176,0.045559,0.075387,-0.00079,0.076923,0.016495,1.135588,0.536845,0.100885,0.108292,0.005709,2.330548,0.335086,0.664914,0.282523,4.00456,-0.236892,-1.837849,-0.236892,0.019672,2.520781,0.056176,1.07775,0.128896,0.941933,0.743005,0.184174,77,65.079132,3.959991,7.453209,-85.886753,asof1455_from_lagged_eod,1,1.0,1.0,1.0,0.16153846153846155,0.0,0.0,0.0,0.0,0.0,,0.0,0.0,0.0,0.0,0.0,0.0,0.0,0.0,0.0,0.0,0.0,0.0,0.0,0.0,0.0,0.0,0.0,0.0,0.0,0.0,0.0,0.0,0.0,0.0,0.0,0.0,0.0,0.0
2025-07-18,28.14,29.5,27.51,28.54,32760979.0,0.0,0.0,24.077002763573866,22.076472112994143,1.1014285714285712,0.0385924516968652,83.08712794674217,3.0591596006681563,0.5175879396982316,27.59,29.5,29.5,498914687.0,420834130.35,24047490.818646416,4058.5486,0.0108950691776716,0.2037115141290593,0.1928164449513876,4.052007867049883,1.816305389629744,0.8625162127099816,0.5175879396982316,1.1181402379392102,3.246931550524029,0.1928164449513876,0.1101694915254237,3.046631372790342,1.009645353343354,1.9386704152901448,0.1528413640627198,3.1174411652436538,2.520177164209501,2.593290226654195,,0.0,,,,,,,,,,,,,,,0.046466175983289,0.1,932650884.0,32760600,48,28.4686752989872,2025-07-21,28.05293615157157,28.47,28.78,27.24,-0.0170660073030284,-0.0146033892708179,-0.0024526979677645,28.14,29.5,27.55,28.46,31967600,910017026.0,47,2025-07-18 14:55:00,28.466854752937348,0.0315331641899239,0.1365814696485623,0.200337410375369,0.3237209302325581,0.4651427816467457,0.2263276957879993,0.3154913483246757,3.781921159566986,4.166570868536319,0.0685172171468727,asof1455,14:55,28.54,67.13128295469373,4.084862046393621,7.6882322631388185,-88.59503408408844,2025-04-30,2025-03-31,0.019672,0.128896,0.368292,85403068.17,0.423945,,679036441.0,679036441.0,True,2025-05-01,0.563649,159.673933,0.198611,453.172205,0.170421,0.056176,0.045559,0.075387,-0.00079,0.076923,0.016495,1.135588,0.536845,0.100885,0.108292,0.005709,2.330548,0.335086,0.664914,0.282523,4.00456,-0.236892,-1.837849,-0.236892,0.019672,2.520781,0.056176,1.07775,0.128896,0.941933,0.743005,0.184174,78,67.319986,4.096345,7.709844,-88.844071,asof1455_from_lagged_eod,1,1.0,1.0,1.0,0.16030534351145037,0.0,0.0,0.0,0.0,0.0,,0.0,0.0,0.0,0.0,0.0,0.0,0.0,0.0,0.0,0.0,0.0,0.0,0.0,0.0,0.0,0.0,0.0,0.0,0.0,0.0,0.0,0.0,0.0,0.0,0.0,0.0,0.0,0.0
2025-07-21,28.39,28.78,27.24,28.47,18611690.0,0.0,0.0,24.495383452757306,22.28609597814188,1.1542857142857144,0.0405439309548884,82.31860898686949,1.6428766958794847,0.7987012987007789,29.5,29.5,29.5,480302997.0,424897073.6,26736892.310949106,4085.6072,0.016910158674642,0.1887265135699374,0.1718163548952953,3.4433559196379666,1.9139866735513096,-0.8923267326724952,0.7987012987007789,0.4964487880827511,2.072264897342259,0.1718163548952953,0.134453781512605,2.430978626455349,1.1682858401737384,0.3031754192720077,1.1485060278303207,1.5642250858788471,1.378556139593076,2.249375942804534,0.0335687871886539,0.0,,,,,,,,,,,,,,,0.0463720514612357,0.1,512302720.0,18262000,48,28.05293615157157,2025-07-22,27.70177182092487,27.3,28.41,27.18,-0.0269837786819504,-0.0125179171531043,-0.0410958904109588,28.39,28.75,27.25,28.47,17934100,502972896.0,47,2025-07-21 14:55:00,28.045616785899487,-0.0024526979677645,0.1351674641148326,0.1887265135699374,0.3211136890951276,0.4816217021177367,0.208429720494917,0.3067771585713261,2.7975698641167317,3.638693559493163,0.0526870389884088,asof1455,14:55,28.47,67.15487040714785,4.086297902943238,7.690934081289418,-88.62616332761037,2025-04-30,2025-03-31,0.019672,0.128896,0.368292,85403068.17,0.423945,,679036441.0,679036441.0,True,2025-05-01,0.563649,159.673933,0.198611,453.172205,0.170421,0.056176,0.045559,0.075387,-0.00079,0.076923,0.016495,1.135588,0.536845,0.100885,0.108292,0.005709,2.330548,0.335086,0.664914,0.282523,4.00456,-0.236892,-1.837849,-0.236892,0.019672,2.520781,0.056176,1.07775,0.128896,0.941933,0.743005,0.184174,81,67.15487,4.086298,7.690934,-88.626164,asof1455_from_lagged_eod,1,1.0,1.0,1.0,0.1590909090909091,0.0,0.0,0.0,0.0,0.0,,0.0,0.0,0.0,0.0,0.0,0.0,0.0,0.0,0.0,0.0,0.0,0.0,0.0,0.0,0.0,0.0,0.0,0.0,0.0,0.0,0.0,0.0,0.0,0.0,0.0,0.0,0.0,0.0
2025-07-22,28.16,28.41,27.18,27.3,19122667.0,0.0,0.0,24.762489790589942,22.450486273940506,1.2007142857142856,0.0439822082679209,70.56937354960245,1.6092112712439648,0.0975609756096775,29.5,29.5,29.5,461180330.0,427602284.65,27522493.33559613,4118.9582,0.0248549886386493,0.0902555910543132,0.0654006024156639,2.113333904325475,1.9255234522941795,-1.832242712669503,0.0975609756096775,0.4757441653219895,1.220021926813294,0.0654006024156639,0.175,1.2583238387987867,1.1765172161361404,-0.5722330156992869,-1.331506677801951,1.492072984483865,0.5634379476382056,0.7178282104351669,0.3001036146170225,0.0,,,,,,,,,,,,,,,0.0462616003395789,0.1,529732672.0,19122700,48,27.70177182092487,2025-07-23,26.715315940805613,26.78,27.34,26.22,-0.0214169985052888,-0.0356098478644648,-0.0190476190476189,28.16,28.41,27.22,27.26,18095800,501742240.0,47,2025-07-22 14:55:00,27.726999635274485,-0.0425008781173164,-0.0119608553823848,0.0886581469648564,0.2614530310041649,0.4245625265681434,0.1403233565497479,0.2424417827489788,1.684633344555294,2.664866983104297,0.0436537050623624,asof1455,14:55,27.3,64.30072905514578,3.9126267467509663,7.364062551457676,-84.85947420583071,2025-04-30,2025-03-31,0.019672,0.128896,0.368292,85403068.17,0.423945,,679036441.0,679036441.0,True,2025-05-01,0.563649,159.673933,0.198611,453.172205,0.170421,0.056176,0.045559,0.075387,-0.00079,0.076923,0.016495,1.135588,0.536845,0.100885,0.108292,0.005709,2.330548,0.335086,0.664914,0.282523,4.00456,-0.236892,-1.837849,-0.236892,0.019672,2.520781,0.056176,1.07775,0.128896,0.941933,0.743005,0.184174,82,64.395081,3.918368,7.374868,-84.983993,asof1455_from_lagged_eod,1,0.9774436090225563,0.9774436090225563,0.9774436090225563,0.18045112781954886,0.0,0.0,0.0,0.0,0.0,,0.0,0.0,0.0,0.0,0.0,0.0,0.0,0.0,0.0,0.0,0.0,0.0,0.0,0.0,0.0,0.0,0.0,0.0,0.0,0.0,0.0,0.0,0.0,0.0,0.0,0.0,0.0,0.0
2025-07-23,27.16,27.34,26.22,26.78,18954491.0,0.0,0.0,24.954633620057567,22.59243754364737,1.231428571428571,0.0459831430705199,66.05673204835348,1.558115267136131,0.4999999999995551,29.5,29.5,29.5,442225839.0,428693804.2,27647634.923195194,4119.7685,0.0280910727258338,0.0677830940988837,0.0396920213730498,1.4823160857989166,1.9182566745774847,-2.208816705334632,0.4999999999995551,0.4434769287530345,0.4894463789612329,0.0396920213730498,0.25,0.7222040144491273,1.1532549056899986,-0.9103132019797754,0.0955811107359101,1.3954495994452996,-0.1339904353278519,0.3383178866213561,0.7913211537262601,1.0,,,,,,,,,,,,,,,0.046086695326494,0.1,506375456.0,18954500,48,26.715315940805613,2025-07-24,27.525450732699625,27.16,28.03,27.05,0.027836099055251,0.0303247318388097,0.0141896938013441,27.16,27.28,26.25,26.76,18656500,498397920.0,47,2025-07-23 14:55:00,26.714438399485434,-0.0197802197802197,-0.0623686054660125,0.0669856459330144,0.1946428571428573,0.3650188298608992,0.1062422488631666,0.2121356227192179,1.2545185609316247,2.254941508669597,0.0384902840059791,asof1455,14:55,26.78,63.12133214505496,3.84086181978022,7.228991490109891,-83.30299094065934,2025-04-30,2025-03-31,0.019672,0.128896,0.368292,85403068.17,0.423945,,679036441.0,679036441.0,True,2025-05-01,0.563649,159.673933,0.198611,453.172205,0.170421,0.056176,0.045559,0.075387,-0.00079,0.076923,0.016495,1.135588,0.536845,0.100885,0.108292,0.005709,2.330548,0.335086,0.664914,0.282523,4.00456,-0.236892,-1.837849,-0.236892,0.019672,2.520781,0.056176,1.07775,0.128896,0.941933,0.743005,0.184174,83,63.168508,3.843732,7.234394,-83.36525,asof1455_from_lagged_eod,1,0.9701492537313433,0.9701492537313433,0.9701492537313433,0.1865671641791045,0.0,0.0,0.0,0.0,0.0,,0.0,0.0,0.0,0.0,0.0,0.0,0.0,0.0,0.0,0.0,0.0,0.0,0.0,0.0,0.0,0.0,0.0,0.0,0.0,0.0,0.0,0.0,0.0,0.0,0.0,0.0,0.0,0.0
2025-07-24,27.2,28.03,27.05,27.16,16189542.0,0.0,0.0,25.16466851338542,22.742193689757297,1.26,0.0463917525773178,67.68306575077958,1.2941573804084314,0.1122448979590685,29.5,29.5,29.5,458415381.0,431059573.45,28062187.276244767,4149.0368,0.028391636020504,-0.0155853570134106,-0.0439769930339147,1.5835964179468238,1.922599066369999,-1.857142857141383,0.1122448979590685,0.2578598118736498,0.9748280588647228,-0.0439769930339147,0.275,0.8479485908442721,1.1537157146434278,-0.5687611292952219,-1.2736186264428948,0.9387144743992376,0.3301686865464961,-0.90946018377804,0.9445738395283856,0.0,,,,,,,,,,,,,,,0.046086695326494,0.1,438408864.0,15927400,48,27.525450732699625,2025-07-25,27.17772524297347,27.33,27.55,26.82,0.0006526230844428,-0.0126328717775751,0.0062592047128129,27.2,27.98,27.07,27.18,15817800,435429728.0,47,2025-07-24 14:55:00,27.52783117753417,0.0149365197908886,-0.0453108535300316,-0.0148604566872054,0.2161073825503354,0.3878540300167552,0.1135237002744888,0.2245264567318672,1.3325844395326312,2.332295172191844,0.0334805003679175,asof1455,14:55,27.16,64.1120256699029,3.901143979088872,7.342450669156086,-84.61043670649738,2025-04-30,2025-03-31,0.019672,0.128896,0.368292,85403068.17,0.423945,,679036441.0,679036441.0,True,2025-05-01,0.563649,159.673933,0.198611,453.172205,0.170421,0.056176,0.045559,0.075387,-0.00079,0.076923,0.016495,1.135588,0.536845,0.100885,0.108292,0.005709,2.330548,0.335086,0.664914,0.282523,4.00456,-0.236892,-1.837849,-0.236892,0.019672,2.520781,0.056176,1.07775,0.128896,0.941933,0.743005,0.184174,84,64.06485,3.898273,7.337048,-84.548177,asof1455_from_lagged_eod,1,0.9703703703703703,0.9703703703703703,0.9703703703703703,0.18518518518518517,0.0,0.0,0.0,0.0,0.0,,0.0,0.0,0.0,0.0,0.0,0.0,0.0,0.0,0.0,0.0,0.0,0.0,0.0,0.0,0.0,0.0,0.0,0.0,0.0,0.0,0.0,0.0,0.0,0.0,0.0,0.0,0.0,0.0
2025-07-25,27.27,27.55,26.82,27.33,9898195.0,0.0,0.0,25.370890559729663,22.89261356878165,1.2521428571428572,0.0458156918091039,68.41222937239905,0.7811048662971388,0.6986301369853413,29.5,28.78,28.78,468313576.0,434252835.05,28482882.468927607,4127.1634,0.0169062408172222,-0.0423966362999299,-0.0593028771171522,1.5646053715780228,1.9792286293921584,-1.733029092982074,0.6986301369853413,-0.2470458663287836,1.195831952301785,-0.0593028771171522,0.25,0.8577935937178718,1.2462487187834337,-0.4395036973134001,0.824153892005528,-0.2819919491071803,0.540046499575025,-1.128685619358179,0.7669839860962302,0.0,,,,,,,,,,,,,,,0.0458994174398119,0.1,269010560.0,9898200,48,27.17772524297347,2025-07-28,27.2540028795459,27.18,27.54,26.94,-0.002780721568024,0.0028066232876555,-0.0054884742041712,27.27,27.55,26.83,27.32,9633300,261774848.0,47,2025-07-25 14:55:00,27.173953681500628,0.0058910162002945,0.0007326007326007,-0.0427470217238962,0.2295229522952295,0.4284420075725736,0.1083389115397879,0.2238718307876646,1.2684257153980956,2.2699255162109746,0.0263543191800879,asof1455,14:55,27.33,64.44225706921945,3.9212377893961707,7.380270668630339,-85.04625168041237,2025-04-30,2025-03-31,0.019672,0.128896,0.368292,85403068.17,0.423945,,679036441.0,679036441.0,True,2025-05-01,0.563649,159.673933,0.198611,453.172205,0.170421,0.056176,0.045559,0.075387,-0.00079,0.076923,0.016495,1.135588,0.536845,0.100885,0.108292,0.005709,2.330548,0.335086,0.664914,0.282523,4.00456,-0.236892,-1.837849,-0.236892,0.019672,2.520781,0.056176,1.07775,0.128896,0.941933,0.743005,0.184174,85,64.465845,3.922673,7.382972,-85.077382,asof1455_from_lagged_eod,1,0.9779411764705882,0.9779411764705882,0.9779411764705882,0.17647058823529413,0.0,0.0,0.0,0.0,0.0,,0.0,0.0,0.0,0.0,0.0,0.0,0.0,0.0,0.0,0.0,0.0,0.0,0.0,0.0,0.0,0.0,0.0,0.0,0.0,0.0,0.0,0.0,0.0,0.0,0.0,0.0,0.0,0.0
2025-07-28,27.12,27.54,26.94,27.18,9654302.0,0.0,0.0,25.543186696898267,23.03318361570684,1.1985714285714284,0.0440975507200656,66.97626784874545,0.7670198274381724,0.3999999999993321,29.5,28.41,28.41,458659274.0,436395392.55,28626166.105908114,4135.8242,0.0122911962755498,-0.0453108535300316,-0.0576020498055814,1.3656368440646682,2.09416228466333,-1.935637663883964,0.3999999999993321,-0.2652426273125329,0.7777458346196411,-0.0576020498055814,0.1833333333333333,0.7223372105394077,1.438526244400063,-0.6206938436752093,-0.2433268466009432,-0.3246760494488713,0.1355098684533993,-1.103139298578487,0.3151452040238571,1.0,,,,,,,,,,,,,,,0.0457742126659709,0.1,263118320.0,9654300,48,27.2540028795459,2025-07-29,27.41590873313165,27.59,27.77,26.95,0.0086794971718784,0.005940626567823,0.015084621044886,27.12,27.54,26.95,27.2,9149800,249406736.0,47,2025-07-28 14:55:00,27.258162582788696,-0.004756677643615,0.015683345780433,-0.0446083596768528,0.1785095320623917,0.3714270801456791,0.0921501706484639,0.2110776182352567,1.090213305743703,2.10420255228022,0.0216911764705882,asof1455,14:55,27.18,64.15920175631175,3.9040141090376874,7.347853582144164,-84.6726963190633,2025-04-30,2025-03-31,0.019672,0.128896,0.368292,85403068.17,0.423945,,679036441.0,679036441.0,True,2025-05-01,0.563649,159.673933,0.198611,453.172205,0.170421,0.056176,0.045559,0.075387,-0.00079,0.076923,0.016495,1.135588,0.536845,0.100885,0.108292,0.005709,2.330548,0.335086,0.664914,0.282523,4.00456,-0.236892,-1.837849,-0.236892,0.019672,2.520781,0.056176,1.07775,0.128896,0.941933,0.743005,0.184174,88,64.112026,3.901144,7.342451,-84.610437,asof1455_from_lagged_eod,1,0.9635036496350365,0.9635036496350365,0.9635036496350365,0.1897810218978102,0.0,0.0,0.0,0.0,0.0,,0.0,0.0,0.0,0.0,0.0,0.0,0.0,0.0,0.0,0.0,0.0,0.0,0.0,0.0,0.0,0.0,0.0,0.0,0.0,0.0,0.0,0.0,0.0,0.0,0.0,0.0,0.0,0.0
2025-07-29,27.1,27.77,26.95,27.59,10544886.0,0.0,0.0,25.738121297193672,23.182587431585304,1.2078571428571423,0.0437788018433163,68.89792416218756,0.8330281694463499,0.7804878048770975,29.5,28.03,28.03,469204160.0,438609678.95,29356243.82593786,4152.0247,0.0080278794769026,0.0106227106227105,0.0025948311458079,1.5331934854681923,2.1157583748366373,-1.5813128326420975,0.7804878048770975,-0.1826878205247067,1.0421796886346917,0.0025948311458079,0.175,0.9330167857235612,1.477339652138049,-0.2670581270176608,1.1523670895545493,-0.1227874456087279,0.3901682366679275,-0.123464070456882,0.2565131918763774,0.0,,,,,,,,,,,,,,,0.0456013514916519,0.1,289098016.0,10544900,48,27.41590873313165,2025-07-30,26.629227150462,26.32,27.6,26.14,-0.0348232276019572,-0.028694346422264,-0.0460311707140268,27.1,27.76,27.03,27.54,10143200,278025792.0,47,2025-07-29 14:55:00,27.410067039987386,0.0132450331125828,0.0139911634756995,0.0087912087912087,0.1719148936170211,0.3984079646298204,0.096774193548387,0.219567236967318,1.147857007162592,2.1502118499935623,0.0265068990559186,asof1455,14:55,27.59,64.96119190728477,3.952814781456954,7.439702006622516,-85.73110503973511,2025-04-30,2025-03-31,0.019672,0.128896,0.368292,85403068.17,0.423945,,679036441.0,679036441.0,True,2025-05-01,0.563649,159.673933,0.198611,453.172205,0.170421,0.056176,0.045559,0.075387,-0.00079,0.076923,0.016495,1.135588,0.536845,0.100885,0.108292,0.005709,2.330548,0.335086,0.664914,0.282523,4.00456,-0.236892,-1.837849,-0.236892,0.019672,2.520781,0.056176,1.07775,0.128896,0.941933,0.743005,0.184174,89,65.079132,3.959991,7.453209,-85.886753,asof1455_from_lagged_eod,1,0.9782608695652174,0.9782608695652174,0.9782608695652174,0.17391304347826086,0.0,0.0,0.0,0.0,0.0,,0.0,0.0,0.0,0.0,0.0,0.0,0.0,0.0,0.0,0.0,0.0,0.0,0.0,0.0,0.0,0.0,0.0,0.0,0.0,0.0,0.0,0.0,0.0,0.0,0.0,0.0,0.0,0.0
2025-07-30,27.6,27.6,26.14,26.32,17771217.0,0.0,0.0,25.793538316508563,23.285453417434965,1.2421428571428572,0.0471938775510186,57.69800455784794,1.3504714177042925,0.123287671232792,29.5,28.03,28.03,451432943.0,440323194.8,29052984.6320909,4151.2379,0.0076386330930973,-0.017176997759522,-0.0248156308526193,0.4238334427184695,2.019159780736176,-2.560092006898456,0.123287671232792,0.3004537297942777,0.3823961063101432,-0.0248156308526193,0.3666666666666666,-0.1521615975409302,1.3140862545098562,-1.208324469030428,-1.2631248956789682,1.0512192609886852,-0.2511443028886294,-0.5620753786063347,1.526703784759443,0.0,,,,,,,,,,,,,,,0.0456013514916519,0.1,473217344.0,17770600,48,26.629227150462,2025-07-31,26.40420492302937,26.2,26.75,26.05,0.0031992751910856,-0.0084501974526408,-0.0045592705167173,27.6,27.6,26.15,26.18,17411600,463788928.0,47,2025-07-30 14:55:00,26.63677823979416,-0.0511054729974628,-0.0420783022319795,-0.0224047796863331,0.1432314410480351,0.2732899387465004,0.0341898911690927,0.1526243873626329,0.402765794980762,1.4676690175819016,0.0553857906799084,asof1455,14:55,26.32,61.753232176875684,3.757613786879304,7.072309228706053,-81.49746986371873,2025-04-30,2025-03-31,0.019672,0.128896,0.368292,85403068.17,0.423945,,679036441.0,679036441.0,True,2025-05-01,0.563649,159.673933,0.198611,453.172205,0.170421,0.056176,0.045559,0.075387,-0.00079,0.076923,0.016495,1.135588,0.536845,0.100885,0.108292,0.005709,2.330548,0.335086,0.664914,0.282523,4.00456,-0.236892,-1.837849,-0.236892,0.019672,2.520781,0.056176,1.07775,0.128896,0.941933,0.743005,0.184174,90,62.083463,3.777708,7.110129,-81.933285,asof1455_from_lagged_eod,1,0.935251798561151,0.935251798561151,0.935251798561151,0.2158273381294964,0.0,0.0,0.0,0.0,0.0,,0.0,0.0,0.0,0.0,0.0,0.0,0.0,0.0,0.0,0.0,0.0,0.0,0.0,0.0,0.0,0.0,0.0,0.0,0.0,0.0,0.0,0.0,0.0,0.0,0.0,0.0,0.0,0.0
2025-07-31,26.27,26.75,26.05,26.2,11692620.0,0.0,0.0,25.83224895303156,23.38101232178136,1.23,0.0469465648854943,56.7591318373287,0.8657658536677469,0.2142857142854063,29.5,27.77,27.77,439740323.0,441690457.65,28341215.153814644,4075.5912,-0.0177018434736466,-0.0353460972017672,-0.0176442537281206,0.2989845910310118,1.9928753099578893,-2.682926829266112,0.2142857142854063,-0.1441407838051881,-0.0688091403073623,-0.0176442537281206,0.35,-0.2695377567351495,1.2712852341988117,-1.3183290171751263,-0.9183448102744663,-0.0232907742750492,-0.6839984897339272,-0.4511956114522851,1.3833826376402147,0.0,,,,,,,,,,,,,,,0.0456013514916519,0.1,307537696.0,11647300,48,26.40420492302937,2025-08-01,25.97702947098664,25.82,26.47,25.6,-0.0085103255348611,-0.0161783114957633,-0.0145038167938931,26.27,26.74,26.07,26.24,11427500,301766784.0,47,2025-07-31 14:55:00,26.40706926274338,-0.0030395136778116,-0.0345842531272995,-0.0338733431516937,0.149364870784056,0.2694393949638205,0.0296050695493514,0.1504044899947267,0.3618567798986086,1.4357564502807436,0.0255335365853657,asof1455,14:55,26.2,61.89475946504559,3.7662256048632217,7.0885176656534945,-81.68424765957445,2025-04-30,2025-03-31,0.019672,0.128896,0.368292,85403068.17,0.423945,,679036441.0,679036441.0,True,2025-05-01,0.563649,159.673933,0.198611,453.172205,0.170421,0.056176,0.045559,0.075387,-0.00079,0.076923,0.016495,1.135588,0.536845,0.100885,0.108292,0.005709,2.330548,0.335086,0.664914,0.282523,4.00456,-0.236892,-1.837849,-0.236892,0.019672,2.520781,0.056176,1.07775,0.128896,0.941933,0.743005,0.184174,91,61.800408,3.760485,7.077712,-81.559729,asof1455_from_lagged_eod,1,0.9357142857142857,0.9357142857142857,0.9357142857142857,0.21428571428571427,0.0,0.0,0.0,0.0,0.0,,0.0,0.0,0.0,0.0,0.0,0.0,0.0,0.0,0.0,0.0,0.0,0.0,0.0,0.0,0.0,0.0,0.0,0.0,0.0,0.0,0.0,0.0,0.0,0.0,0.0,0.0,0.0,0.0
2025-08-01,26.25,26.47,25.6,25.82,10925959.0,0.0,0.0,25.83108238607617,23.46097913090328,1.2435714285714283,0.0481631072258474,53.77503011636108,0.8025608913592325,0.2528735632180995,29.5,27.77,27.77,428814364.0,442949373.55,27157363.35203284,4054.9286,-0.0175022874064061,-0.0552506403219904,-0.0377483529155843,-0.0089117406700909,1.9058842947957395,-2.959218839744892,0.2528735632180995,-0.2199475497733306,-0.5204853419226336,-0.0377483529155843,0.45,-0.564133311440986,1.1262004001741563,-1.559766912602267,-0.7631299286058549,-0.2071946978138376,-1.107079207820411,-0.7839275098861612,1.980152622360161,1.0,,,,,,,,,,,,,,,0.0456013514916519,0.1,283825024.0,10926000,48,25.97702947098664,2025-08-04,26.462830556272184,26.66,26.77,25.59,0.024896613333547,0.0187011792794911,0.032532920216886,26.25,26.46,25.65,25.75,10737800,278969472.0,47,2025-08-01 14:55:00,25.980132988135374,-0.0171755725190839,-0.0666908300108735,-0.057811928283937,0.1293859649122806,0.2403517295890573,0.0037421064941138,0.1243792131142182,0.0480474462557461,1.181114089558268,0.0314563106796117,asof1455,14:55,25.82,60.73895061068702,3.6958965171755724,6.956148244274809,-80.15889395992367,2025-04-30,2025-03-31,0.019672,0.128896,0.368292,85403068.17,0.423945,,679036441.0,679036441.0,True,2025-05-01,0.563649,159.673933,0.198611,453.172205,0.170421,0.056176,0.045559,0.075387,-0.00079,0.076923,0.016495,1.135588,0.536845,0.100885,0.108292,0.005709,2.330548,0.335086,0.664914,0.282523,4.00456,-0.236892,-1.837849,-0.236892,0.019672,2.520781,0.056176,1.07775,0.128896,0.941933,0.743005,0.184174,92,60.904066,3.705943,6.975058,-80.376802,asof1455_from_lagged_eod,1,0.9219858156028369,0.9219858156028369,0.9219858156028369,0.22695035460992907,0.0,0.0,0.0,0.0,0.0,,0.0,0.0,0.0,0.0,0.0,0.0,0.0,0.0,0.0,0.0,0.0,0.0,0.0,0.0,0.0,0.0,0.0,0.0,0.0,0.0,0.0,0.0,0.0,0.0,0.0,0.0,0.0,0.0
2025-08-04,25.6,26.77,25.59,26.66,11243142.0,0.0,0.0,25.910026920735586,23.565865061037595,1.204285714285714,0.0451720072875344,58.91690395661266,0.8122274673712885,0.9067796610161812,28.78,27.77,27.77,440057506.0,445104116.55,25051120.85709398,4070.7023,-0.0157458095051525,-0.0191317144959528,-0.0033859049908002,0.6227534466010133,1.946516372226846,-1.7603795966770686,0.9067796610161812,-0.2079748458195154,-0.2014524850520176,-0.0033859049908002,0.2333333333333333,0.0664795896521677,1.2005157098805257,-0.4166482333239833,1.6104602101374994,-0.1862134916550032,-0.7873633298459409,-0.2335859553187214,0.552451819212928,0.0,,,,,,,,,,,,,,,0.0454001483566581,0.1,297466032.0,11240900,48,26.462830556272184,2025-08-05,26.63274575855944,26.59,27.0,26.41,-0.0010222896264275,0.0064209005127375,-0.0026256564141035,25.6,26.77,25.59,26.65,10892400,288182256.0,47,2025-08-04 14:55:00,26.4571862950314,0.0321456235476373,0.0125379939209726,-0.0194996320824135,0.1881408827463218,0.3185182818284073,0.0327455919395465,0.1594086622464694,0.4476344546908268,1.5117559490458785,0.0442776735459662,asof1455,14:55,26.66,62.861865178156464,3.825072848567002,7.199275588690936,-82.96056441905499,2025-04-30,2025-03-31,0.019672,0.128896,0.368292,85403068.17,0.423945,,679036441.0,679036441.0,True,2025-05-01,0.563649,159.673933,0.198611,453.172205,0.170421,0.056176,0.045559,0.075387,-0.00079,0.076923,0.016495,1.135588,0.536845,0.100885,0.108292,0.005709,2.330548,0.335086,0.664914,0.282523,4.00456,-0.236892,-1.837849,-0.236892,0.019672,2.520781,0.056176,1.07775,0.128896,0.941933,0.743005,0.184174,95,62.885453,3.826508,7.201977,-82.991694,asof1455_from_lagged_eod,1,0.9366197183098591,0.9366197183098591,0.9366197183098591,0.2112676056338028,0.0,0.0,0.0,0.0,0.0,,0.0,0.0,0.0,0.0,0.0,0.0,0.0,0.0,0.0,0.0,0.0,0.0,0.0,0.0,0.0,0.0,0.0,0.0,0.0,0.0,0.0,0.0,0.0,0.0,0.0,0.0,0.0,0.0
2025-08-05,26.98,27.0,26.41,26.59,6530817.0,0.0,0.0,25.97478626161791,23.66501702624948,1.202142857142857,0.0452103368613317,58.33456720805757,0.4794488346658899,0.3050847457621943,28.41,27.6,27.6,433526689.0,446384931.35,23737130.3552665,4103.45,-0.0116990392663126,-0.0362450163102573,-0.0245459770439446,0.5117642505847936,1.9213766663773733,-1.5139631610207256,0.3050847457621943,-0.7351180959498184,-0.54169321049152,-0.0245459770439446,0.2416666666666666,-0.0369190306362596,1.1648262638321178,-0.1815869290332114,-0.5729679445413559,-1.477380983763511,-1.099473411107774,-0.610772596658214,0.6015814715684713,1.0,,,,,,,,,,,,,,,0.0452709001359038,0.1,173933136.0,6530800,48,26.63274575855944,2025-08-06,27.27671930498962,27.55,27.76,26.27,0.0258262243320654,0.0241797654762356,0.0361037984204588,26.98,26.99,26.41,26.6,6424900,171115984.0,47,2025-08-05 14:55:00,26.633252501984465,-0.0022505626406601,0.0152671755725191,-0.0358825661471546,0.1445783132530123,0.2987534181413944,0.0224280744911882,0.15184819938839,0.3376895149827666,1.4364089576581298,0.0218045112781954,asof1455,14:55,26.59,62.74392534883721,3.8178962040510127,7.185768499624906,-82.80491599399849,2025-04-30,2025-03-31,0.019672,0.128896,0.368292,85403068.17,0.423945,,679036441.0,679036441.0,True,2025-05-01,0.563649,159.673933,0.198611,453.172205,0.170421,0.056176,0.045559,0.075387,-0.00079,0.076923,0.016495,1.135588,0.536845,0.100885,0.108292,0.005709,2.330548,0.335086,0.664914,0.282523,4.00456,-0.236892,-1.837849,-0.236892,0.019672,2.520781,0.056176,1.07775,0.128896,0.941933,0.743005,0.184174,96,62.720337,3.816461,7.183068,-82.773786,asof1455_from_lagged_eod,1,0.9300699300699301,0.9300699300699301,0.9300699300699301,0.21678321678321677,0.0,0.0,0.0,0.0,0.0,,0.0,0.0,0.0,0.0,0.0,0.0,0.0,0.0,0.0,0.0,0.0,0.0,0.0,0.0,0.0,0.0,0.0,0.0,0.0,0.0,0.0,0.0,0.0,0.0,0.0,0.0,0.0,0.0
2025-08-06,26.59,27.76,26.27,27.55,13127609.0,0.0,0.0,26.1248066176543,23.79239351719212,1.116428571428571,0.0405237231008541,63.64208146019637,0.9380733928236876,0.8590604026839868,28.03,27.76,27.76,446654298.0,448038460.15,22514991.9206951,4113.4852,-0.0090943234065192,0.0467325227963526,0.0558268462028719,1.2765647698542502,2.089173602459457,-0.4299424184257189,0.8590604026839868,-0.0639270890883161,-0.0614773549497788,0.0558268462028719,0.1333333333333333,0.7222848240949475,1.460314544329442,0.8423537037660035,1.4268953696504405,0.1673735023854667,-0.6287147188252699,0.754601181300079,-0.1156083669532267,0.0,,,,,,,,,,,,,,,0.0452109049401446,0.1,354788288.0,13007000,48,27.27671930498962,2025-08-07,27.029462896500217,27.08,27.76,26.68,-0.0188942687295747,-0.009064741464131,-0.0170598911070781,26.59,27.75,26.29,27.54,12857200,350662400.0,47,2025-08-06 14:55:00,27.273621006128863,0.0357277171869123,0.0666150271107668,0.046352583586626,0.1834980661796303,0.3413855039361775,0.0517873510540789,0.1873179688522375,0.8427980559382225,1.7679666723418168,0.0530137981118373,asof1455,14:55,27.55,64.96119146220384,3.952814439262881,7.43970262203836,-85.731104416698,2025-04-30,2025-03-31,0.019672,0.128896,0.368292,85403068.17,0.423945,,679036441.0,679036441.0,True,2025-05-01,0.563649,159.673933,0.198611,453.172205,0.170421,0.056176,0.045559,0.075387,-0.00079,0.076923,0.016495,1.135588,0.536845,0.100885,0.108292,0.005709,2.330548,0.335086,0.664914,0.282523,4.00456,-0.236892,-1.837849,-0.236892,0.019672,2.520781,0.056176,1.07775,0.128896,0.941933,0.743005,0.184174,97,64.98478,3.95425,7.442404,-85.762234,asof1455_from_lagged_eod,1,0.9722222222222222,0.9722222222222222,0.9791666666666666,0.1736111111111111,0.0,0.0,0.0,0.0,0.0,,0.0,0.0,0.0,0.0,0.0,0.0,0.0,0.0,0.0,0.0,0.0,0.0,0.0,0.0,0.0,0.0,0.0,0.0,0.0,0.0,0.0,0.0,0.0,0.0,0.0,0.0,0.0,0.0
2025-08-07,27.55,27.76,26.68,27.08,9716926.0,0.0,0.0,26.215777415972937,23.90018389367762,1.0514285714285716,0.0388267566997242,59.63673197247058,0.6954117272952595,0.3703703703700254,28.03,27.76,27.76,436937372.0,449713302.0,20269009.040599603,4114.666,0.0095875170208434,0.0335877862595419,0.0240002692386984,0.8219508271988687,2.202330795659211,-0.9035326086947952,0.3703703703700254,-0.3632511954504016,-0.6303184321645583,0.0240002692386984,0.1166666666666666,0.273268498252257,1.6566877558723214,0.3846018829191783,-0.3551819070725819,-0.5785702496145511,-1.1576596152532586,0.2096974171511424,-0.2251981021531333,0.0,,,,,,,,,,,,,,,0.0451911720744331,0.1,260580240.0,9640600,48,27.029462896500217,2025-08-08,27.140347388869845,26.99,27.47,26.75,0.0022284855564935,0.004102356483894,-0.0033234859675036,27.55,27.68,26.69,27.14,9547600,258057456.0,47,2025-08-07 14:55:00,27.02851564791152,-0.0148820326678765,0.0180045011252814,0.0358778625954199,0.1748917748917748,0.302304987072677,0.0281081900143949,0.1642013986827821,0.4989453403584605,1.534390545279038,0.0364775239498894,asof1455,14:55,27.08,64.01767438112523,3.895402722323049,7.331645900544465,-84.48591763194193,2025-04-30,2025-03-31,0.019672,0.128896,0.368292,85403068.17,0.423945,,679036441.0,679036441.0,True,2025-05-01,0.563649,159.673933,0.198611,453.172205,0.170421,0.056176,0.045559,0.075387,-0.00079,0.076923,0.016495,1.135588,0.536845,0.100885,0.108292,0.005709,2.330548,0.335086,0.664914,0.282523,4.00456,-0.236892,-1.837849,-0.236892,0.019672,2.520781,0.056176,1.07775,0.128896,0.941933,0.743005,0.184174,98,63.876146,3.886791,7.315437,-84.29914,asof1455_from_lagged_eod,1,0.9379310344827586,0.9379310344827586,0.9379310344827586,0.20689655172413793,0.0,0.0,0.0,0.0,0.0,,0.0,0.0,0.0,0.0,0.0,0.0,0.0,0.0,0.0,0.0,0.0,0.0,0.0,0.0,0.0,0.0,0.0,0.0,0.0,0.0,0.0,0.0,0.0,0.0,0.0,0.0,0.0,0.0
2025-08-08,26.88,27.47,26.75,26.99,7000830.0,0.0,0.0,26.289512900165988,24.001489339786552,0.9928571428571428,0.0367861112581365,58.872651722910376,0.5043491480767991,0.3333333333328687,27.77,27.76,27.76,429936542.0,450596069.75,18961837.95742616,4104.9669,0.0123401186398202,0.0453137103020913,0.032973591662271,0.7055265753716738,2.304484161530924,-0.7856115107905769,0.3333333333328687,-0.6844864966335092,-1.0895319217675818,0.032973591662271,0.0916666666666666,0.1542253665520937,1.8216259632911167,0.4863883452698124,-0.4992408239485783,-1.356789591144836,-1.5685054456081085,0.3534500457408951,-0.3900632506239229,0.0,,,,,,,,,,,,,,,0.0451911720744331,0.1,190004144.0,7000800,48,27.140347388869845,2025-08-11,26.81475323802926,26.8,27.14,26.42,-0.0064930256380413,-0.011996683247102,-0.0070396443127083,26.88,27.47,26.75,27.01,6861400,186240576.0,47,2025-08-08 14:55:00,27.143232576442127,-0.0025849335302805,0.0157954118089507,0.0460883036405888,0.1391817798397301,0.3136578015868212,0.0155280670752342,0.1534789775116876,0.3213846239892116,1.426458830084913,0.0266567937800814,asof1455,14:55,26.99,63.711030408419504,3.8767439036189075,7.296527081610045,-84.08123232644017,2025-04-30,2025-03-31,0.019672,0.128896,0.368292,85403068.17,0.423945,,679036441.0,679036441.0,True,2025-05-01,0.563649,159.673933,0.198611,453.172205,0.170421,0.056176,0.045559,0.075387,-0.00079,0.076923,0.016495,1.135588,0.536845,0.100885,0.108292,0.005709,2.330548,0.335086,0.664914,0.282523,4.00456,-0.236892,-1.837849,-0.236892,0.019672,2.520781,0.056176,1.07775,0.128896,0.941933,0.743005,0.184174,99,63.663855,3.873873,7.291124,-84.018973,asof1455_from_lagged_eod,1,0.9315068493150684,0.9315068493150684,0.9315068493150684,0.21232876712328766,0.0,0.0,0.0,0.0,0.0,,0.0,0.0,0.0,0.0,0.0,0.0,0.0,0.0,0.0,0.0,0.0,0.0,0.0,0.0,0.0,0.0,0.0,0.0,0.0,0.0,0.0,0.0,0.0,0.0,0.0,0.0,0.0,0.0
2025-08-11,26.73,27.14,26.42,26.8,9527620.0,0.0,0.0,26.3381307191978,24.0932437876624,0.9521428571428572,0.0355277185501052,57.20630709628417,0.6826279759173316,0.5277777777770443,27.77,27.76,27.76,420408922.0,450602421.5,18951700.954082087,4122.5106,0.0127271159082302,0.005251312828207,-0.0074758030800232,0.4850840158457633,2.3577207082867635,-1.018754688671097,0.5277777777770443,-0.3818052589993342,-1.5931815077261704,-0.0074758030800232,0.0583333333333333,-0.0663957575008738,1.894565209570472,0.2543107333595907,0.2097067971195621,-0.6104430729506454,-1.993749674402199,-0.3456438314602376,-0.6096213152945578,1.0,,,,,,,,,,,,,,,0.0450354710024113,0.1,255474880.0,9527400,48,26.81475323802926,2025-08-12,27.20564551685921,27.5,27.55,26.81,0.0151360267484779,0.0145775079621308,0.0261194029850746,26.73,27.13,26.46,26.86,9240300,247771328.0,47,2025-08-11 14:55:00,26.81420819670357,-0.0048165987402741,-0.0250453720508166,0.0075018754688671,0.1215031315240082,0.2802972165659276,0.0036994133253613,0.1418480688639121,0.0897969249355588,1.3176087223665551,0.0249441548771406,asof1455,14:55,26.8,63.357211756206,3.855214108188218,7.256005581326417,-83.61428732048907,2025-04-30,2025-03-31,0.019672,0.128896,0.368292,85403068.17,0.423945,,679036441.0,679036441.0,True,2025-05-01,0.563649,159.673933,0.198611,453.172205,0.170421,0.056176,0.045559,0.075387,-0.00079,0.076923,0.016495,1.135588,0.536845,0.100885,0.108292,0.005709,2.330548,0.335086,0.664914,0.282523,4.00456,-0.236892,-1.837849,-0.236892,0.019672,2.520781,0.056176,1.07775,0.128896,0.941933,0.743005,0.184174,102,63.215684,3.846603,7.239797,-83.427509,asof1455_from_lagged_eod,1,0.9251700680272109,0.9251700680272109,0.9251700680272109,0.21768707482993196,0.0,0.0,0.0,0.0,0.0,,0.0,0.0,0.0,0.0,0.0,0.0,0.0,0.0,0.0,0.0,0.0,0.0,0.0,0.0,0.0,0.0,0.0,0.0,0.0,0.0,0.0,0.0,0.0,0.0,0.0,0.0,0.0,0.0
2025-08-12,27.3,27.55,26.81,27.5,16602237.0,0.0,0.0,26.44878493641706,24.20494071265708,0.9257142857142856,0.0336623376623364,61.526847977240976,1.1919227601714164,0.9324324324311716,27.77,27.76,27.76,437011159.0,450580461.35,18967176.230725177,4143.8252,0.0098393303196091,0.0342233922527266,0.0243840619331174,1.1355718279433082,2.423905797268968,-0.2916666666663512,0.9324324324311716,0.1755677680297312,-0.7154097259885703,0.0243840619331174,0.0083333333333333,0.5738962127822969,1.98193511986042,0.936767870196748,1.6598360567038086,0.7555143363606142,-1.1604206078428636,0.1927015510368701,-0.9370592831561084,0.0,,,,,,,,,,,,,,,0.0447822235830414,0.1,451673568.0,16602200,48,27.20564551685921,2025-08-13,27.57082893418475,27.57,28.11,27.14,0.0025755976067181,0.0134230748944823,0.0025454545454546,27.3,27.55,26.81,27.54,16255100,442126752.0,47,2025-08-12 14:55:00,27.199263738765065,0.0276119402985073,0.0169867060561299,0.0357277171869123,0.0998402555910542,0.3479288478578173,0.0236586317765346,0.1659473318698989,0.71155625890682,1.540429021410746,0.0268700072621641,asof1455,14:55,27.5,64.96119169253731,3.952815172388059,7.439701842537313,-85.73110439776119,2025-04-30,2025-03-31,0.019672,0.128896,0.368292,85403068.17,0.423945,,679036441.0,679036441.0,True,2025-05-01,0.563649,159.673933,0.198611,453.172205,0.170421,0.056176,0.045559,0.075387,-0.00079,0.076923,0.016495,1.135588,0.536845,0.100885,0.108292,0.005709,2.330548,0.335086,0.664914,0.282523,4.00456,-0.236892,-1.837849,-0.236892,0.019672,2.520781,0.056176,1.07775,0.128896,0.941933,0.743005,0.184174,103,57.86462,3.882678,7.102933,-183.247973,asof1455_from_lagged_eod,1,0.972972972972973,0.9797297297297297,0.9662162162162162,0.17567567567567569,0.0,0.0,0.0,0.0,0.0,,0.0,0.0,0.0,0.0,0.0,0.0,0.0,0.0,0.0,0.0,0.0,0.0,0.0,0.0,0.0,0.0,0.0,0.0,0.0,0.0,0.0,0.0,0.0,0.0,0.0,0.0,0.0,0.0
2025-08-13,27.3,28.11,27.14,27.57,13373820.0,0.0,0.0,26.55556732342496,24.315270525356844,0.9057142857142856,0.0328514430799511,61.94066111676695,0.936266316536342,0.4432989690717082,27.76,28.11,28.11,450384979.0,450913752.45,18902135.514495146,4176.5776,0.0153379426283093,0.0007259528130671,-0.0146119898152421,1.1200360782361942,2.4735138148989706,-0.2097791798104954,0.4432989690717082,-0.0658553167604112,-0.0279742703989449,-0.0146119898152421,0.0083333333333333,0.5511325424798856,2.0407052928418508,1.001833034177461,-0.1200123695588212,0.1419021305311111,-0.517612594054305,-0.4870803643770349,-0.9256914348433146,0.0,,,,,,,,,,,,,,,0.0445021887020749,0.1,368726752.0,13373800,48,27.57082893418475,2025-08-14,26.893350043245725,26.68,27.58,26.55,-0.0245429799330531,-0.0245723076573525,-0.0322814653608996,27.3,28.1,27.18,27.57,13147200,362478048.0,47,2025-08-13 14:55:00,27.5707411464038,0.0025454545454546,0.021489440533531,0.0007259528130671,0.0992822966507178,0.2872332335360597,0.0201098921428966,0.1614245872173725,0.6851847581199988,1.4981306902702418,0.0333696046427276,asof1455,14:55,27.57,58.011911760000004,3.8925611803636366,7.12101319309091,-183.7144223858182,2025-08-12,2025-06-30,0.039901,0.122436,0.363251,169402741.08,0.475247,1378052851.36,679036441.0,679036441.0,True,2025-08-13,1.12084,160.593769,0.40411,445.434298,0.343095,0.114587,0.051838,0.103307,0.202527,0.272727,0.239119,1.055759,0.500892,0.102894,0.153923,0.005847,2.408038,0.343187,0.656813,0.274394,4.217125,-0.109159,-0.89156,-0.109159,0.039901,2.559176,0.114587,1.111312,0.122436,0.935381,0.762872,0.171581,0,58.011911,3.892561,7.121013,-183.714422,asof1455_from_lagged_eod,1,0.8590604026845637,0.9261744966442953,0.8926174496644296,0.14093959731543623,0.020229,-0.006460000000000007,-0.005041000000000018,83999672.91000001,0.05130199999999996,,0.0,0.0,0.006279,0.02792,0.20331700000000003,0.19580399999999998,0.222624,-0.07982900000000015,-0.03595300000000001,0.002008999999999997,0.045631000000000005,0.0001380000000000001,0.07749000000000006,0.008101000000000025,-0.008101000000000025,-0.008128999999999997,0.21256500000000056,0.12773299999999999,0.946289,0.12773299999999999,0.020229,0.03839499999999996,0.058411,0.03356200000000009,-0.006460000000000007,-0.006552000000000002,0.019866999999999968,-0.012592999999999993
2025-08-14,27.58,27.58,26.55,26.68,11483580.0,0.0,0.0,26.56741805452734,24.39280263927957,0.9271428571428568,0.0347504819019048,53.98946952783466,0.8359807236789416,0.1262135922328865,28.11,28.11,28.11,438901399.0,449551137.0,18735955.42415297,4173.3131,0.0142531860423178,-0.0147710487444607,-0.0290242347867786,0.1214289088301637,2.345501988708473,-1.542372881354269,0.1262135922328865,-0.1791497239635796,-0.5684117921347724,-0.0290242347867786,0.0583333333333333,-0.4405390002241325,1.811168024431242,-0.2714839410039765,-1.2588452715027014,-0.153337359909013,-1.0023311220237363,-0.7423980003362209,-0.5808679875600049,1.0,,,,,,,,,,,,,,,0.0442182078377104,0.1,304717792.0,11330600,48,26.893350043245725,2025-08-15,28.0052692871467,28.37,28.5,26.56,0.0496727618870576,0.0413455089125363,0.0633433283358322,27.58,27.58,26.55,26.76,11093800,298386976.0,47,2025-08-14 14:55:00,26.896732949936,-0.0293797606093579,-0.0014925373134327,-0.0118168389955685,-0.0300833635375135,0.2611517324266739,-0.0144009428750321,0.1224539526578984,-0.5901128874838049,1.1289655030519954,0.0384902840059789,asof1455,14:55,26.68,56.307534942328616,3.7781984896626772,6.9117993427638735,-178.31693626115344,2025-08-12,2025-06-30,0.039901,0.122436,0.363251,169402741.08,0.475247,1378052851.36,679036441.0,679036441.0,True,2025-08-13,1.12084,160.593769,0.40411,445.434298,0.343095,0.114587,0.051838,0.103307,0.202527,0.272727,0.239119,1.055759,0.500892,0.102894,0.153923,0.005847,2.408038,0.343187,0.656813,0.274394,4.217125,-0.109159,-0.89156,-0.109159,0.039901,2.559176,0.114587,1.111312,0.122436,0.935381,0.762872,0.171581,1,56.139202,3.766903,6.891137,-177.783851,asof1455_from_lagged_eod,1,0.8466666666666667,0.8866666666666667,0.8666666666666667,0.14666666666666667,0.020229,-0.006460000000000007,-0.005041000000000018,83999672.91000001,0.05130199999999996,,0.0,0.0,0.006279,0.02792,0.20331700000000003,0.19580399999999998,0.222624,-0.07982900000000015,-0.03595300000000001,0.002008999999999997,0.045631000000000005,0.0001380000000000001,0.07749000000000006,0.008101000000000025,-0.008101000000000025,-0.008128999999999997,0.21256500000000056,0.12773299999999999,0.946289,0.12773299999999999,0.020229,0.03839499999999996,0.058411,0.03356200000000009,-0.006460000000000007,-0.006552000000000002,0.019866999999999968,-0.012592999999999993
2025-08-15,26.58,28.5,26.56,28.37,22242879.0,0.0,0.0,26.739092525524736,24.52320255274581,1.022857142857143,0.0360541819829787,63.55616299507785,1.68369521477902,0.9329896907211692,28.11,28.5,28.5,461144278.0,447662616.55,15243082.321103804,4202.3533,0.0237240402596179,0.0511300481659875,0.0274060079063696,1.5944626147088958,2.166372878413032,0.2541899441338312,0.9329896907211692,0.5209909105911139,0.884444574004225,0.0274060079063696,0.1166666666666666,1.0138510233063305,1.5142868880404683,1.4275753057298264,1.6533761497177213,1.5866538604221565,0.346736888879383,0.2401941792352572,-0.1815700779448743,1.0,,,,,,,,,,,,,,,0.0440398794939932,0.1,622842790.0,22240200,48,28.0052692871467,2025-08-18,28.50353563388167,29.01,29.15,27.74,0.0047069310497591,0.0177918784363788,0.0225590412407472,26.58,28.5,26.56,28.34,21855400,611930144.0,47,2025-08-15 14:55:00,27.999036576772788,0.0622188905547227,0.0305454545454544,0.0500185253797702,-0.0070077084793271,0.3592365957875909,0.0455442622346018,0.1842061836702233,1.864461709982244,1.7033096844407565,0.068454481298518,asof1455,14:55,28.37,59.63212086506747,4.001275525487257,7.3198958988006,-188.84536496776613,2025-08-12,2025-06-30,0.039901,0.122436,0.363251,169402741.08,0.475247,1378052851.36,679036441.0,679036441.0,True,2025-08-13,1.12084,160.593769,0.40411,445.434298,0.343095,0.114587,0.051838,0.103307,0.202527,0.272727,0.239119,1.055759,0.500892,0.102894,0.153923,0.005847,2.408038,0.343187,0.656813,0.274394,4.217125,-0.109159,-0.89156,-0.109159,0.039901,2.559176,0.114587,1.111312,0.122436,0.935381,0.762872,0.171581,2,59.695246,4.005512,7.327644,-189.045272,asof1455_from_lagged_eod,1,0.8741721854304636,0.9867549668874173,0.9271523178807947,0.1390728476821192,0.020229,-0.006460000000000007,-0.005041000000000018,83999672.91000001,0.05130199999999996,,0.0,0.0,0.006279,0.02792,0.20331700000000003,0.19580399999999998,0.222624,-0.07982900000000015,-0.03595300000000001,0.002008999999999997,0.045631000000000005,0.0001380000000000001,0.07749000000000006,0.008101000000000025,-0.008101000000000025,-0.008128999999999997,0.21256500000000056,0.12773299999999999,0.946289,0.12773299999999999,0.020229,0.03839499999999996,0.058411,0.03356200000000009,-0.006460000000000007,-0.006552000000000002,0.019866999999999968,-0.012592999999999993
2025-08-18,28.44,29.15,27.74,29.01,17009974.0,0.0,0.0,26.955369427855715,24.670310665770536,1.0649999999999995,0.0367114788004123,66.40493720002655,1.2954388188233243,0.9007092198575193,28.5,29.15,29.15,478154252.0,447555179.3,15018564.702061491,4239.4125,0.0283569677176818,0.0824626865671642,0.0541057188494824,1.9292305841712285,2.145595081768106,0.4788732394361716,0.9007092198575193,0.2588494939869208,2.037416577883762,0.0541057188494824,0.1333333333333333,1.3230602987027853,1.4745651387961332,1.6085817705690786,1.5093015456737788,0.9400907301224926,1.3898502148215504,0.6919839711532364,-0.0667021528269356,0.0,,,,,,,,,,,,,,,0.0438805050556186,0.1,478580064.0,16790200,48,28.50353563388167,2025-08-19,28.329253772863204,28.4,28.85,28.04,-0.0234659161370837,-0.0061143944827426,-0.0210272319889693,28.44,29.14,27.74,29.06,16630600,473941504.0,47,2025-08-18 14:55:00,28.498160258800045,0.0243214663376805,0.054044250997461,0.0843283582089551,0.0207235686687741,0.4174841500431907,0.0724434439236814,0.2079655392315356,3.045732504840064,1.911186714374788,0.0481761871988989,asof1455,14:55,29.01,61.14712191610855,4.102931925273176,7.505863046880507,-193.64313021924568,2025-08-12,2025-06-30,0.039901,0.122436,0.363251,169402741.08,0.475247,1378052851.36,679036441.0,679036441.0,True,2025-08-13,1.12084,160.593769,0.40411,445.434298,0.343095,0.114587,0.051838,0.103307,0.202527,0.272727,0.239119,1.055759,0.500892,0.102894,0.153923,0.005847,2.408038,0.343187,0.656813,0.274394,4.217125,-0.109159,-0.89156,-0.109159,0.039901,2.559176,0.114587,1.111312,0.122436,0.935381,0.762872,0.171581,5,61.041913,4.095872,7.492949,-193.309952,asof1455_from_lagged_eod,1,0.881578947368421,1.0,0.9868421052631579,0.13815789473684212,0.020229,-0.006460000000000007,-0.005041000000000018,83999672.91000001,0.05130199999999996,,0.0,0.0,0.006279,0.02792,0.20331700000000003,0.19580399999999998,0.222624,-0.07982900000000015,-0.03595300000000001,0.002008999999999997,0.045631000000000005,0.0001380000000000001,0.07749000000000006,0.008101000000000025,-0.008101000000000025,-0.008128999999999997,0.21256500000000056,0.12773299999999999,0.946289,0.12773299999999999,0.020229,0.03839499999999996,0.058411,0.03356200000000009,-0.006460000000000007,-0.006552000000000002,0.019866999999999968,-0.012592999999999993
2025-08-19,28.75,28.85,28.04,28.4,11583000.0,0.0,0.0,27.092953291869456,24.79259556197477,1.0299999999999998,0.0362676056338015,61.47262839062397,0.9082082905577789,0.4444444444438938,29.15,29.15,29.15,466571252.0,447824725.4,15306304.095916852,4223.3741,0.0191969728838947,0.0327272727272727,0.0135302998433779,1.2689773865332752,2.233357019313053,-0.7281553398051184,0.4444444444438938,-0.0962815318004063,1.2247585362557178,0.0135302998433779,0.1333333333333333,0.6562499741755625,1.6134522837911531,0.456744948514508,-0.1212862960795579,0.0499631722040754,0.6284641655664561,-0.0316748613917152,-0.0662873119361031,0.0,,,,,,,,,,,,,,,0.0438805050556186,0.1,325877072.0,11503200,48,28.329253772863204,2025-08-20,27.930027476280834,28.39,28.46,27.3,-0.0165483282999705,-0.0140923689618959,-0.0003521126760562,28.75,28.8,28.06,28.44,11406000,323111792.0,47,2025-08-19 14:55:00,28.32823005435736,-0.0196483971044467,0.065967016491754,0.0341818181818183,0.0417582417582418,0.3620795040203004,0.048517917711252,0.1752652542630492,1.8548388579026989,1.599524641170852,0.0260196905766526,asof1455,14:55,28.4,59.84253725336091,4.015394680455016,7.345724562564633,-189.51172129886245,2025-08-12,2025-06-30,0.039901,0.122436,0.363251,169402741.08,0.475247,1378052851.36,679036441.0,679036441.0,True,2025-08-13,1.12084,160.593769,0.40411,445.434298,0.343095,0.114587,0.051838,0.103307,0.202527,0.272727,0.239119,1.055759,0.500892,0.102894,0.153923,0.005847,2.408038,0.343187,0.656813,0.274394,4.217125,-0.109159,-0.89156,-0.109159,0.039901,2.559176,0.114587,1.111312,0.122436,0.935381,0.762872,0.171581,6,59.758371,4.009747,7.335393,-189.245179,asof1455_from_lagged_eod,1,0.869281045751634,0.9803921568627451,0.934640522875817,0.1437908496732026,0.0,0.0,0.0,0.0,0.0,0.0,0.0,0.0,0.0,0.0,0.0,0.0,0.0,0.0,0.0,0.0,0.0,0.0,0.0,0.0,0.0,0.0,0.0,0.0,0.0,0.0,0.0,0.0,0.0,0.0,0.0,0.0,0.0,0.0
2025-08-20,28.0,28.46,27.3,28.39,13175020.0,0.0,0.0,27.216481549786653,24.910543248467405,1.0628571428571427,0.0374377295828497,61.392124401740936,1.0569857879751905,0.9396551724129828,29.15,29.15,29.15,453396232.0,448383245.05,15295610.766521614,4271.3958,0.0227023676035615,0.0297424737033007,0.0070401060997391,1.1041168214362502,2.1695656060778967,-0.7150537634401856,0.9396551724129828,0.0554212611734786,0.3277402273449715,0.0070401060997391,0.1666666666666666,0.479043907391849,1.4999150666386205,0.4563468247204579,1.63520344011679,0.4230463336160672,-0.2189604311136887,-0.1608017901366676,0.1644299235913801,0.0,,,,,,,,,,,,,,,0.0434614672481878,0.1,367978112.0,13175000,48,27.930027476280834,2025-08-21,28.08136609993318,27.96,28.46,27.8,-0.0108712187413462,0.0054184917569761,-0.0151461782317717,28.0,28.46,27.31,28.4,12914500,360582816.0,47,2025-08-20 14:55:00,27.92077246505865,0.0,0.0010574550581599,0.0301051867972432,0.0604929051530991,0.4560772201883361,0.0449243901541629,0.1675649546940889,1.6029489480719616,1.5269028071483033,0.0404929577464789,asof1455,14:55,28.39,59.758371,4.009747,7.335393,-189.245179,2025-08-12,2025-06-30,0.039901,0.122436,0.363251,169402741.08,0.475247,1378052851.36,679036441.0,679036441.0,True,2025-08-13,1.12084,160.593769,0.40411,445.434298,0.343095,0.114587,0.051838,0.103307,0.202527,0.272727,0.239119,1.055759,0.500892,0.102894,0.153923,0.005847,2.408038,0.343187,0.656813,0.274394,4.217125,-0.109159,-0.89156,-0.109159,0.039901,2.559176,0.114587,1.111312,0.122436,0.935381,0.762872,0.171581,7,59.737329,4.008335,7.33281,-189.178543,asof1455_from_lagged_eod,1,0.8636363636363636,0.974025974025974,0.922077922077922,0.14935064935064934,0.0,0.0,0.0,0.0,0.0,0.0,0.0,0.0,0.0,0.0,0.0,0.0,0.0,0.0,0.0,0.0,0.0,0.0,0.0,0.0,0.0,0.0,0.0,0.0,0.0,0.0,0.0,0.0,0.0,0.0,0.0,0.0,0.0,0.0
2025-08-21,28.28,28.46,27.8,27.96,8133722.0,0.0,0.0,27.287292830759352,25.010525437042244,1.047857142857143,0.0374770079705688,57.881925501110736,0.6743307464519893,0.2424242424238752,29.15,29.15,29.15,445262510.0,447725601.5,15132018.221596414,4288.0707,0.0274979607928289,0.0479760119940031,0.0204780512011741,0.6419836652597202,2.172784152147859,-1.1356509884106385,0.2424242424238752,-0.3940345666955105,-0.1627734955066784,0.0204780512011741,0.175,0.002439782154902,1.494626471816493,0.0377076857897046,-0.8530623503478604,-0.7198018427895219,-0.6796590519169617,0.0660512029358808,0.2213040848395225,1.0,,,,,,,,,,,,,,,0.0427449650162058,0.1,226936752.0,8081400,48,28.08136609993318,2025-08-22,28.392737582131296,28.55,28.68,27.83,0.0154770236813768,0.0110881885550024,0.0211015736766808,28.28,28.45,27.8,28.01,7997000,224574000.0,47,2025-08-21 14:55:00,28.082280855320747,-0.0133849947164493,-0.0344708721130644,0.0498500749625188,0.0312960235640649,0.3919822040725633,0.0275316862011412,0.1445630612099755,0.9387818269887674,1.3379211479345023,0.0232059978579078,asof1455,14:55,27.96,58.937745166960205,3.9546834572032408,7.234660376893273,-186.6463892014794,2025-08-12,2025-06-30,0.039901,0.122436,0.363251,169402741.08,0.475247,1378052851.36,679036441.0,679036441.0,True,2025-08-13,1.12084,160.593769,0.40411,445.434298,0.343095,0.114587,0.051838,0.103307,0.202527,0.272727,0.239119,1.055759,0.500892,0.102894,0.153923,0.005847,2.408038,0.343187,0.656813,0.274394,4.217125,-0.109159,-0.89156,-0.109159,0.039901,2.559176,0.114587,1.111312,0.122436,0.935381,0.762872,0.171581,8,58.832537,3.947624,7.221746,-186.313211,asof1455_from_lagged_eod,1,0.8387096774193549,0.9548387096774194,0.8903225806451613,0.16129032258064516,0.0,0.0,0.0,0.0,0.0,0.0,0.0,0.0,0.0,0.0,0.0,0.0,0.0,0.0,0.0,0.0,0.0,0.0,0.0,0.0,0.0,0.0,0.0,0.0,0.0,0.0,0.0,0.0,0.0,0.0,0.0,0.0,0.0,0.0
2025-08-22,28.02,28.68,27.83,28.55,10549620.0,0.0,0.0,27.40755065640132,25.126573783368727,1.0242857142857145,0.0358769076807593,61.16311764390956,0.8722666993206575,0.8470588235284167,29.15,29.15,29.15,455812130.0,447100529.2,14514255.83820719,4377.9977,0.0417966761623778,0.0063447303489601,-0.0354519458134177,1.1153619811970688,2.2268951340603254,-0.5857740585768317,0.8470588235284167,-0.1366600539902843,0.6002099520023394,-0.0354519458134177,0.1083333333333333,0.4710353372508289,1.5662234454662416,0.5611361733714152,1.2819745946122738,-0.0684309467465693,0.0232098995497609,-0.9587151299225593,-0.2461099196852909,0.0,,,,,,,,,,,,,,,0.0422285756859463,0.1,296437216.0,10440600,48,28.392737582131296,2025-08-25,28.39517543605073,28.65,28.82,28.0,-0.0054229269334244,8.586188325043764e-05,0.0035026269702276,28.02,28.68,27.91,28.62,10245400,290854240.0,47,2025-08-22 14:55:00,28.388763737872605,0.0236051502145921,0.0077464788732395,0.0088121254846669,0.0472008781558728,0.3654859940491348,0.0483708492829537,0.1632799689243695,1.623524294902842,1.533497428339224,0.0269042627533193,asof1455,14:55,28.55,60.22128787339056,4.040808257510729,7.392216399141631,-190.71116233261802,2025-08-12,2025-06-30,0.039901,0.122436,0.363251,169402741.08,0.475247,1378052851.36,679036441.0,679036441.0,True,2025-08-13,1.12084,160.593769,0.40411,445.434298,0.343095,0.114587,0.051838,0.103307,0.202527,0.272727,0.239119,1.055759,0.500892,0.102894,0.153923,0.005847,2.408038,0.343187,0.656813,0.274394,4.217125,-0.109159,-0.89156,-0.109159,0.039901,2.559176,0.114587,1.111312,0.122436,0.935381,0.762872,0.171581,9,60.073996,4.030926,7.374136,-190.244713,asof1455_from_lagged_eod,1,0.8717948717948718,0.9807692307692307,0.9551282051282052,0.14102564102564102,0.0,0.0,0.0,0.0,0.0,0.0,0.0,0.0,0.0,0.0,0.0,0.0,0.0,0.0,0.0,0.0,0.0,0.0,0.0,0.0,0.0,0.0,0.0,0.0,0.0,0.0,0.0,0.0,0.0,0.0,0.0,0.0,0.0,0.0
2025-08-25,28.65,28.82,28.0,28.65,13879140.0,0.0,0.0,27.52587916531548,25.24209595440582,1.040714285714286,0.0363251059586125,61.70763041239896,1.127859865682582,0.7926829268282997,29.15,28.85,28.85,469691270.0,447652129.0,15139227.510828769,4469.2217,0.0542077941224166,-0.0124095139607033,-0.0666173080831199,1.0801435611234167,2.1944382259920707,-0.4804392587503961,0.7926829268282997,0.1203219128074621,1.4557639076522149,-0.0666173080831199,0.15,0.422016219515777,1.4937446365868845,0.6513192502089606,1.0717835365577848,0.5748204405098544,0.8258214063358806,-1.5069219222659882,0.0483692800387756,0.0,,,,,,,,,,,,,,,0.0413276424737143,0.1,391365024.0,13782800,48,28.39517543605073,2025-08-26,28.354182754182755,28.25,28.88,28.11,-0.0103252092780887,-0.0014436495368833,-0.0139616055846422,28.65,28.81,28.01,28.72,13654000,387674272.0,47,2025-08-25 14:55:00,28.392725355207265,0.005954465849387,0.011623811201127,-0.0099965529127887,0.0566593083149373,0.383413657234863,0.0496884194367792,0.1613727925037464,1.584713308104508,1.520894183000801,0.0278551532033425,asof1455,14:55,28.65,60.43170455761822,4.054928011208406,7.4180450409807355,-191.37751864658495,2025-08-12,2025-06-30,0.039901,0.122436,0.363251,169402741.08,0.475247,1378052851.36,679036441.0,679036441.0,True,2025-08-13,1.12084,160.593769,0.40411,445.434298,0.343095,0.114587,0.051838,0.103307,0.202527,0.272727,0.239119,1.055759,0.500892,0.102894,0.153923,0.005847,2.408038,0.343187,0.656813,0.274394,4.217125,-0.109159,-0.89156,-0.109159,0.039901,2.559176,0.114587,1.111312,0.122436,0.935381,0.762872,0.171581,12,60.284413,4.045044,7.399965,-190.91107,asof1455_from_lagged_eod,1,0.8726114649681529,0.9808917197452229,0.9554140127388535,0.14012738853503184,0.0,0.0,0.0,0.0,0.0,0.0,0.0,0.0,0.0,0.0,0.0,0.0,0.0,0.0,0.0,0.0,0.0,0.0,0.0,0.0,0.0,0.0,0.0,0.0,0.0,0.0,0.0,0.0,0.0,0.0,0.0,0.0,0.0,0.0
2025-08-26,28.6,28.88,28.11,28.25,8057182.0,0.0,0.0,27.59484305433305,25.3407157591794,0.9892857142857144,0.0350189633375461,58.19300406442735,0.6614361170293361,0.1818181818179465,29.15,28.88,28.88,461634088.0,447273625.4,14683432.892619403,4452.5905,0.0542732882696799,-0.005281690140845,-0.0595549784105249,0.6622525082547303,2.2785402261457954,-0.9097472924178516,0.1818181818179465,-0.4133418729865283,0.9780044424909844,-0.0595549784105249,0.0666666666666666,-0.0235581987528618,1.604417382347164,0.2157082472043735,-1.0856419280955922,-0.7902341154672868,0.35028466162971,-1.361447448620451,-0.5405477441438595,0.0,,,,,,,,,,,,,,,0.0405338270278712,0.1,224718240.0,7925400,48,28.354182754182755,2025-08-27,28.568649792322432,27.78,29.12,27.76,0.0112796386662807,0.0075638589198285,-0.0166371681415928,28.6,28.88,28.11,28.25,7735300,219343408.0,47,2025-08-26 14:55:00,28.356160459193568,-0.0139616055846422,0.0103719599427754,-0.005281690140845,0.0239217107647697,0.3713075549618965,0.0297441131442737,0.1363247411698918,0.9055081338030536,1.2938807369389314,0.0272566371681415,asof1455,14:55,28.25,59.442745802792324,3.988568691099476,7.296649607329843,-188.24564493891796,2025-08-12,2025-06-30,0.039901,0.122436,0.363251,169402741.08,0.475247,1378052851.36,679036441.0,679036441.0,True,2025-08-13,1.12084,160.593769,0.40411,445.434298,0.343095,0.114587,0.051838,0.103307,0.202527,0.272727,0.239119,1.055759,0.500892,0.102894,0.153923,0.005847,2.408038,0.343187,0.656813,0.274394,4.217125,-0.109159,-0.89156,-0.109159,0.039901,2.559176,0.114587,1.111312,0.122436,0.935381,0.762872,0.171581,13,59.442746,3.988569,7.29665,-188.245645,asof1455_from_lagged_eod,1,0.8417721518987342,0.9493670886075949,0.8924050632911392,0.17088607594936708,0.0,0.0,0.0,0.0,0.0,0.0,0.0,0.0,0.0,0.0,0.0,0.0,0.0,0.0,0.0,0.0,0.0,0.0,0.0,0.0,0.0,0.0,0.0,0.0,0.0,0.0,0.0,0.0,0.0,0.0,0.0,0.0,0.0,0.0
2025-08-27,28.42,29.12,27.76,27.78,11683541.0,0.0,0.0,27.612477049158475,25.420692291665315,1.009285714285714,0.036331379203948,54.28090435428439,0.9837146147618776,0.01470588235293,29.15,29.12,29.12,449950547.0,447199505.6,14665981.286127744,4386.1266,0.026860259590085,-0.021486438886932,-0.0483466984770171,0.1659816922702792,2.171619717259295,-1.3573956121713349,0.01470588235293,-0.0164194496439538,0.1875797702402723,-0.0483466984770171,0.1666666666666666,-0.5422025796040475,1.410757515136774,-0.2305914141156032,-1.6476829783922629,0.2218251955136819,-0.4265482139126313,-1.140757902040613,0.1729908100997692,0.0,,,,,,,,,,,,,,,0.0403008563511194,0.1,329462240.0,11532300,48,28.568649792322432,2025-08-28,27.0399748508122,27.37,27.94,26.4,-0.0266387742688193,-0.0535088270752316,-0.0147588192944564,28.42,29.12,27.8,27.81,11259100,321866176.0,47,2025-08-27 14:55:00,28.587202884777646,-0.015575221238938,-0.0259194395796847,-0.0204297287777387,0.05661094224924,0.3402232780752769,0.0124877125277607,0.1129191547350456,0.3735636588196069,1.0873637472895497,0.0474649406688241,asof1455,14:55,27.78,58.51691208,3.92644615539823,7.183003061946902,-185.3136774318584,2025-08-12,2025-06-30,0.039901,0.122436,0.363251,169402741.08,0.475247,1378052851.36,679036441.0,679036441.0,True,2025-08-13,1.12084,160.593769,0.40411,445.434298,0.343095,0.114587,0.051838,0.103307,0.202527,0.272727,0.239119,1.055759,0.500892,0.102894,0.153923,0.005847,2.408038,0.343187,0.656813,0.274394,4.217125,-0.109159,-0.89156,-0.109159,0.039901,2.559176,0.114587,1.111312,0.122436,0.935381,0.762872,0.171581,14,58.453787,3.922211,7.175254,-185.11377,asof1455_from_lagged_eod,1,0.8176100628930818,0.9119496855345912,0.8490566037735849,0.18238993710691823,0.0,0.0,0.0,0.0,0.0,0.0,0.0,0.0,0.0,0.0,0.0,0.0,0.0,0.0,0.0,0.0,0.0,0.0,0.0,0.0,0.0,0.0,0.0,0.0,0.0,0.0,0.0,0.0,0.0,0.0,0.0,0.0,0.0,0.0
2025-08-28,27.78,27.94,26.4,27.37,18522668.0,0.0,0.0,27.589383996857663,25.484604019807435,1.067857142857143,0.0390156062424955,51.0564206572858,1.515957124006165,0.6298701298697212,29.15,29.12,29.12,431427879.0,446783883.4,14985776.766634436,4463.782,0.0409767730741938,-0.0211015736766809,-0.0620783467508748,-0.2054432077594942,1.971031416633822,-1.6668896321054598,0.6298701298697212,0.4160470045023944,-1.0247052681439808,-0.0620783467508748,0.2416666666666666,-0.9160548692861884,1.077957617607881,-0.5280507662827172,0.5343110042817049,1.3127312441790568,-1.582593516211189,-1.3647591345206114,0.705846222522707,1.0,,,,,,,,,,,,,,,0.0397654385696885,0.1,498884832.0,18449900,48,27.0399748508122,2025-08-29,27.46144971156258,27.7,28.13,26.82,0.0033412390048439,0.0155871025426534,0.0120569967117281,27.78,27.9,26.43,27.33,18337500,495813056.0,47,2025-08-28 14:55:00,27.038203462849356,-0.0161987041036718,-0.0460732984293194,-0.0225321888412017,0.0431297709923663,0.3120495563565826,-0.0076252723311548,0.0886060780686994,-0.2382597653302858,0.8691435265787311,0.0537870472008781,asof1455,14:55,27.37,57.50691140064794,3.858676264578833,7.059024183585312,-182.11516681425482,2025-08-12,2025-06-30,0.039901,0.122436,0.363251,169402741.08,0.475247,1378052851.36,679036441.0,679036441.0,True,2025-08-13,1.12084,160.593769,0.40411,445.434298,0.343095,0.114587,0.051838,0.103307,0.202527,0.272727,0.239119,1.055759,0.500892,0.102894,0.153923,0.005847,2.408038,0.343187,0.656813,0.274394,4.217125,-0.109159,-0.89156,-0.109159,0.039901,2.559176,0.114587,1.111312,0.122436,0.935381,0.762872,0.171581,15,57.591078,3.864323,7.069356,-182.381709,asof1455_from_lagged_eod,1,0.80625,0.8625,0.825,0.19375,0.0,0.0,0.0,0.0,0.0,0.0,0.0,0.0,0.0,0.0,0.0,0.0,0.0,0.0,0.0,0.0,0.0,0.0,0.0,0.0,0.0,0.0,0.0,0.0,0.0,0.0,0.0,0.0,0.0,0.0,0.0,0.0,0.0,0.0
2025-08-29,27.3,28.13,26.82,27.7,11232416.0,0.0,0.0,27.5999188542998,25.55723995358424,1.11,0.0400722021660635,53.45314569849014,0.9181470841594624,0.6717557251903268,29.15,29.12,29.12,442660295.0,447476179.95,14449887.490134334,4496.7591,0.0271268758318443,-0.0297723292469352,-0.0568992050787796,0.0901631943244278,1.8402512619042464,-1.3063063063051286,0.6717557251903268,-0.0853976787999552,-0.3332818302763973,-0.0568992050787796,0.2583333333333333,-0.600120084408556,0.8626426005394723,-0.1632400072584996,0.6700901311659061,0.0365902360566624,-0.9043757882104286,-1.250062193713552,0.8181690362148979,1.0,,,,,,,,,,,,,,,0.0397625448520278,0.1,306568640.0,11163600,48,27.46144971156258,2025-09-01,27.96293876421704,28.19,28.52,27.33,0.0094923741594599,0.0182615651366471,0.0176895306859206,27.3,28.13,26.84,27.69,10991700,301813440.0,47,2025-08-29 14:55:00,27.45830399301291,0.0116916331750092,-0.0198230088495574,-0.0301225919439579,0.0724244771494966,0.3073654390934845,0.0033153975759552,0.0981776358841144,0.1105468592296774,0.9847375348294808,0.0465872156013,asof1455,14:55,27.7,58.26441175812935,3.9095032469857514,7.15200831713555,-184.51404903945928,2025-08-12,2025-06-30,0.039901,0.122436,0.363251,169402741.08,0.475247,1378052851.36,679036441.0,679036441.0,True,2025-08-13,1.12084,160.593769,0.40411,445.434298,0.343095,0.114587,0.051838,0.103307,0.202527,0.272727,0.239119,1.055759,0.500892,0.102894,0.153923,0.005847,2.408038,0.343187,0.656813,0.274394,4.217125,-0.109159,-0.89156,-0.109159,0.039901,2.559176,0.114587,1.111312,0.122436,0.935381,0.762872,0.171581,16,58.285453,3.910915,7.154591,-184.580685,asof1455_from_lagged_eod,1,0.8136645962732919,0.8944099378881988,0.84472049689441,0.18633540372670807,0.0,0.0,0.0,0.0,0.0,0.0,0.0,0.0,0.0,0.0,0.0,0.0,0.0,0.0,0.0,0.0,0.0,0.0,0.0,0.0,0.0,0.0,0.0,0.0,0.0,0.0,0.0,0.0,0.0,0.0,0.0,0.0,0.0,0.0
2025-09-01,27.83,28.52,27.33,28.19,10222412.0,0.0,0.0,27.6561170586522,25.643559955106067,1.1414285714285717,0.0404905488268368,56.83331178739732,0.839088995062047,0.7226890756296465,29.15,29.12,29.12,452882707.0,448117440.0,14390890.33396175,4523.7111,0.0121921452229591,-0.0160558464223384,-0.0282479916452976,0.4677322389776422,1.7631914549199696,-0.8410513141419389,0.7226890756296465,-0.1754385053606948,0.3311307979850433,-0.0282479916452976,0.275,-0.2041966309060056,0.7355047944582707,0.302461812103985,0.8370283483925559,-0.2075744966137002,-0.2667016645736653,-0.7244907662651991,0.9287332303857172,1.0,,,,,,,,,,,,,,,0.0397625448520278,0.1,282982144.0,10119900,48,27.96293876421704,2025-09-02,29.989720158922093,30.13,31.01,28.35,0.0638425029770164,0.0724809867730582,0.0688187300461156,27.83,28.5,27.33,28.2,10064700,281426176.0,47,2025-09-01 14:55:00,27.961705366280167,0.0180505415162455,0.0151187904967602,-0.0157068062827224,0.0577644411102775,0.2947658402203856,0.0183262616231829,0.113604801927089,0.7047124425270518,1.1610523375516235,0.0414893617021277,asof1455,14:55,28.19,59.33753698916967,3.9815091335740074,7.283735241877256,-187.91246631768954,2025-08-12,2025-06-30,0.039901,0.122436,0.363251,169402741.08,0.475247,1378052851.36,679036441.0,679036441.0,True,2025-08-13,1.12084,160.593769,0.40411,445.434298,0.343095,0.114587,0.051838,0.103307,0.202527,0.272727,0.239119,1.055759,0.500892,0.102894,0.153923,0.005847,2.408038,0.343187,0.656813,0.274394,4.217125,-0.109159,-0.89156,-0.109159,0.039901,2.559176,0.114587,1.111312,0.122436,0.935381,0.762872,0.171581,19,59.316495,3.980098,7.281152,-187.845831,asof1455_from_lagged_eod,1,0.8395061728395061,0.9444444444444444,0.8827160493827161,0.1728395061728395,0.0,0.0,0.0,0.0,0.0,0.0,0.0,0.0,0.0,0.0,0.0,0.0,0.0,0.0,0.0,0.0,0.0,0.0,0.0,0.0,0.0,0.0,0.0,0.0,0.0,0.0,0.0,0.0,0.0,0.0,0.0,0.0,0.0,0.0
2025-09-02,28.78,31.01,28.35,30.13,32558693.0,0.0,0.0,27.891724957828178,25.790656350020623,1.273571428571429,0.0422692143568332,67.03893038768297,2.41459093832238,0.6691729323305745,29.12,31.01,31.01,485441400.0,450713175.55,16104945.834291434,4490.4528,0.0085034318785883,0.0665486725663715,0.0580452406877831,1.7574790011430668,1.649745401530155,0.7930454290515347,0.6691729323305745,0.8815298890400528,2.1563701491038216,0.0580452406877831,0.3083333333333333,1.1207316484219731,0.5529691550179955,1.8889727164096568,0.635940185720941,2.435402193642799,1.4782717449353917,0.8384974222467401,1.1544697029350508,0.0,,,,,,,,,,,,,,,0.0397625448520278,0.1,972218744.0,32418400,48,29.989720158922093,2025-09-03,29.577718991072203,28.95,30.4,28.86,-0.0183299372362362,-0.0137380797708883,-0.0391636242947228,28.78,31.01,28.35,30.25,32209800,965919429.0,47,2025-09-02 14:55:00,29.98837089953989,0.0730755587087619,0.1052246985750822,0.0707964601769912,0.1376457314779993,0.3504464285714286,0.0893442327775577,0.189539913488006,3.611851173476961,1.958681342600128,0.0879338842975206,asof1455,14:55,30.13,63.65108101277049,4.2709458850656254,7.813226250443419,-201.57277005143666,2025-08-12,2025-06-30,0.039901,0.122436,0.363251,169402741.08,0.475247,1378052851.36,679036441.0,679036441.0,True,2025-08-13,1.12084,160.593769,0.40411,445.434298,0.343095,0.114587,0.051838,0.103307,0.202527,0.272727,0.239119,1.055759,0.500892,0.102894,0.153923,0.005847,2.408038,0.343187,0.656813,0.274394,4.217125,-0.109159,-0.89156,-0.109159,0.039901,2.559176,0.114587,1.111312,0.122436,0.935381,0.762872,0.171581,20,63.398581,4.254003,7.782232,-200.773142,asof1455_from_lagged_eod,1,0.9263803680981595,1.0,1.0,0.12883435582822086,0.0,0.0,0.0,0.0,0.0,0.0,0.0,0.0,0.0,0.0,0.0,0.0,0.0,0.0,0.0,0.0,0.0,0.0,0.0,0.0,0.0,0.0,0.0,0.0,0.0,0.0,0.0,0.0,0.0,0.0,0.0,0.0,0.0,0.0
2025-09-03,29.7,30.4,28.86,28.95,17473784.0,0.0,0.0,27.99251305708264,25.894241387724865,1.3100000000000005,0.0452504317789276,58.04910793712524,1.2753234087607583,0.0584415584415204,31.01,31.01,31.01,467967616.0,451778841.45,16501384.727618275,4459.8296,0.0168036645362676,0.0421166306695464,0.0253129661332787,0.7309060632951387,1.601734098745167,-1.5725190839682663,0.0584415584415204,0.2431998003756769,0.981055518504756,0.0253129661332787,0.425,0.0561088054015982,0.4735820904234706,-0.4299335921718973,-1.5208300156960182,0.8140471667638993,0.3340438216368957,0.2489017340543625,1.9432326708698395,0.0,,,,,,,,,,,,,,,0.0397625448520278,0.1,511857216.0,17305500,48,29.577718991072203,2025-09-04,28.661340803463425,28.27,29.69,27.81,-0.0099709567024723,-0.0309820438785485,-0.023488773747841,29.7,30.35,28.87,28.92,16991900,502790272.0,47,2025-09-03 14:55:00,29.589997116273047,-0.0401593096581479,0.0440433212996391,0.0410367170626349,0.0497277676950997,0.2956989247311827,0.0348529306519715,0.1315070458354255,1.2083548851747812,1.3440061665912293,0.0511756569847856,asof1455,14:55,28.95,60.85253775373383,4.083165176236309,7.469702935280451,-192.7102312193827,2025-08-12,2025-06-30,0.039901,0.122436,0.363251,169402741.08,0.475247,1378052851.36,679036441.0,679036441.0,True,2025-08-13,1.12084,160.593769,0.40411,445.434298,0.343095,0.114587,0.051838,0.103307,0.202527,0.272727,0.239119,1.055759,0.500892,0.102894,0.153923,0.005847,2.408038,0.343187,0.656813,0.274394,4.217125,-0.109159,-0.89156,-0.109159,0.039901,2.559176,0.114587,1.111312,0.122436,0.935381,0.762872,0.171581,21,60.915663,4.087401,7.477452,-192.910138,asof1455_from_lagged_eod,1,0.8780487804878049,0.975609756097561,0.975609756097561,0.1402439024390244,0.0,0.0,0.0,0.0,0.0,0.0,0.0,0.0,0.0,0.0,0.0,0.0,0.0,0.0,0.0,0.0,0.0,0.0,0.0,0.0,0.0,0.0,0.0,0.0,0.0,0.0,0.0,0.0,0.0,0.0,0.0,0.0,0.0,0.0
2025-09-04,29.09,29.69,27.81,28.27,15706955.0,0.0,0.0,28.01894038497953,25.97213511271749,1.3057142857142865,0.0461872757592585,53.58932318006866,1.1218488590704776,0.2446808510636997,31.01,31.01,31.01,452260661.0,452545005.9,16146418.695692372,4365.2085,-0.0220829556640536,0.0328827183047131,0.0549656739687667,0.1922776045013092,1.5675751538099847,-2.0984682713331853,0.2446808510636997,0.1149780913159364,-0.0176104005079364,0.0549656739687667,0.475,-0.4981592863159596,0.4162338095249475,-0.9346775577523994,-0.8528135353725235,0.4842836420700067,-0.6240895918777948,0.7762167894295763,2.223492497705418,1.0,,,,,,,,,,,,,,,0.0397625448520278,0.1,450183680.0,15707000,48,28.661340803463425,2025-09-05,30.438023199376936,30.88,31.1,28.27,0.0766898903210802,0.0619888095290648,0.0923240183940572,29.09,29.66,27.81,28.33,15408200,441728224.0,47,2025-09-04 14:55:00,28.66838592437793,-0.0214162348877374,0.0049663001064206,0.0350748995250274,0.0461595273264401,0.1963682432432432,0.0112078812107367,0.1036515686681902,0.3787302011944883,1.0635091884879198,0.0653018002117896,asof1455,14:55,28.27,59.611078852849744,3.9998642601036267,7.317313131606218,-188.77872917236613,2025-08-12,2025-06-30,0.039901,0.122436,0.363251,169402741.08,0.475247,1378052851.36,679036441.0,679036441.0,True,2025-08-13,1.12084,160.593769,0.40411,445.434298,0.343095,0.114587,0.051838,0.103307,0.202527,0.272727,0.239119,1.055759,0.500892,0.102894,0.153923,0.005847,2.408038,0.343187,0.656813,0.274394,4.217125,-0.109159,-0.89156,-0.109159,0.039901,2.559176,0.114587,1.111312,0.122436,0.935381,0.762872,0.171581,22,59.484829,3.991393,7.301815,-188.378916,asof1455_from_lagged_eod,1,0.8363636363636363,0.9393939393939394,0.8848484848484849,0.17575757575757575,0.0,0.0,0.0,0.0,0.0,0.0,0.0,0.0,0.0,0.0,0.0,0.0,0.0,0.0,0.0,0.0,0.0,0.0,0.0,0.0,0.0,0.0,0.0,0.0,0.0,0.0,0.0,0.0,0.0,0.0,0.0,0.0,0.0,0.0
2025-09-05,28.27,31.1,28.27,30.88,26745095.0,0.0,0.0,28.29142225307672,26.13304871557921,1.407142857142858,0.0455680977054019,64.77545667744214,1.784413890906573,0.9222614840986132,31.01,31.1,31.1,479005756.0,454998466.6,16252347.525419602,4460.3249,-0.0081023241827654,0.1148014440433213,0.1229037682260868,1.839598398827422,1.5338695190326652,-0.0923857868019665,0.9222614840986132,0.5790900088788463,1.4771582605190543,0.1229037682260868,0.45,1.189758182778289,0.3612748899670658,1.0202210361632766,1.524924637152611,1.6194326074058176,0.824064512876179,1.953892386187733,1.994898135183125,0.0,,,,,,,,,,,,,,,0.0397625448520278,0.1,808990912.0,26578300,48,30.438023199376936,2025-09-08,30.10385445062194,30.5,30.69,29.5,-0.0251342470653516,-0.0109786613462412,-0.0123056994818652,28.27,31.1,28.27,30.8,26414000,803921600.0,47,2025-09-05 14:55:00,30.435435753766946,0.0894941634241246,0.0222369731164953,0.111913357400722,0.141163393849574,0.3461538461538462,0.0970419048636712,0.1963100825376273,3.3969717530039083,2.0136568101357937,0.0918831168831169,asof1455,14:55,30.88,64.8083740077821,4.348599377431907,7.9552848249027255,-205.23772949416346,2025-08-12,2025-06-30,0.039901,0.122436,0.363251,169402741.08,0.475247,1378052851.36,679036441.0,679036441.0,True,2025-08-13,1.12084,160.593769,0.40411,445.434298,0.343095,0.114587,0.051838,0.103307,0.202527,0.272727,0.239119,1.055759,0.500892,0.102894,0.153923,0.005847,2.408038,0.343187,0.656813,0.274394,4.217125,-0.109159,-0.89156,-0.109159,0.039901,2.559176,0.114587,1.111312,0.122436,0.935381,0.762872,0.171581,23,64.976707,4.359894,7.975948,-205.770814,asof1455_from_lagged_eod,1,0.963855421686747,1.0,1.0,0.12650602409638553,0.0,0.0,0.0,0.0,0.0,0.0,0.0,0.0,0.0,0.0,0.0,0.0,0.0,0.0,0.0,0.0,0.0,0.0,0.0,0.0,0.0,0.0,0.0,0.0,0.0,0.0,0.0,0.0,0.0,0.0,0.0,0.0,0.0,0.0
2025-09-08,30.6,30.69,29.5,30.5,19479407.0,0.0,0.0,28.50176299087893,26.27622744621596,1.4364285714285718,0.0470960187353614,62.416660593383135,1.2578917960243758,0.8403361344530744,31.1,31.1,31.1,459526349.0,456954337.95,14195655.092981957,4467.5733,-0.0124096784164665,0.0819439517559417,0.0943536301724082,1.3911147751206088,1.549353437357531,-0.4177026355044341,0.8403361344530744,0.2294371418797201,0.181182976985089,0.0943536301724082,0.575,0.7185449378125289,0.3845327126417382,0.6949710162177559,1.216985888305279,0.7353871853529209,-0.4234379730440881,1.4185556325626476,2.719677949660349,0.0,,,,,,,,,,,,,,,0.0397625448520278,0.1,586402012.0,19479300,48,30.10385445062194,2025-09-09,30.182637939650743,29.61,31.31,29.42,-0.010405313454074,0.0026170565353358,-0.0291803278688524,30.6,30.65,29.51,30.53,18921200,569378524.0,47,2025-09-08 14:55:00,30.092093736126674,-0.0113341968911916,0.0545768566493956,0.0830081589216034,0.139179104477612,0.352680549401861,0.0799434029006014,0.1797134116889391,2.331284842437284,1.812465644088485,0.0373403209957417,asof1455,14:55,30.5,64.24024820952073,4.310478102979275,7.885547034974094,-203.43856707966322,2025-08-12,2025-06-30,0.039901,0.122436,0.363251,169402741.08,0.475247,1378052851.36,679036441.0,679036441.0,True,2025-08-13,1.12084,160.593769,0.40411,445.434298,0.343095,0.114587,0.051838,0.103307,0.202527,0.272727,0.239119,1.055759,0.500892,0.102894,0.153923,0.005847,2.408038,0.343187,0.656813,0.274394,4.217125,-0.109159,-0.89156,-0.109159,0.039901,2.559176,0.114587,1.111312,0.122436,0.935381,0.762872,0.171581,26,64.177124,4.306243,7.877799,-203.238661,asof1455_from_lagged_eod,1,0.9461077844311377,0.9940119760479041,0.9940119760479041,0.1317365269461078,0.0,0.0,0.0,0.0,0.0,0.0,0.0,0.0,0.0,0.0,0.0,0.0,0.0,0.0,0.0,0.0,0.0,0.0,0.0,0.0,0.0,0.0,0.0,0.0,0.0,0.0,0.0,0.0,0.0,0.0,0.0,0.0,0.0,0.0
2025-09-09,30.84,31.31,29.42,29.61,14388970.0,0.0,0.0,28.607309372699987,26.38553146437281,1.4885714285714289,0.0502725913060242,57.166056838806526,0.9358622518721658,0.1005291005290462,31.1,31.31,31.31,445137379.0,457360648.95,13727601.447445096,4436.2584,-0.0120688051770637,-0.0172585462993694,-0.0051897411223056,0.6735925519285383,1.4925571361113037,-1.0009596928976012,0.1005291005290462,-0.0662869801378832,-0.8904155614362561,-0.0051897411223056,0.7416666666666667,-0.0128016719261496,0.2937829862269777,0.135349146427916,-1.3408564171888364,-0.0009105752418121,-1.4362906413440837,-0.3323377354353698,3.538774883784582,0.0,,,,,,,,,,,,,,,0.0397625448520278,0.1,428813792.0,14207300,48,30.182637939650743,2025-09-10,29.86743668151707,29.24,30.7,29.07,0.0086942479404616,-0.0104431315368758,-0.0124957784532252,30.84,31.29,29.42,29.64,14023800,423376576.0,47,2025-09-09 14:55:00,30.18986123589897,-0.0281967213114754,0.0484612663600991,-0.0162628609359442,0.0778181818181817,0.3057268722466961,0.0416447021613075,0.1395032934361946,1.1585648089818703,1.3976709604731905,0.0630904183535761,asof1455,14:55,29.61,62.36753952,4.1848210662295084,7.6556708970491805,-197.50799711606558,2025-08-12,2025-06-30,0.039901,0.122436,0.363251,169402741.08,0.475247,1378052851.36,679036441.0,679036441.0,True,2025-08-13,1.12084,160.593769,0.40411,445.434298,0.343095,0.114587,0.051838,0.103307,0.202527,0.272727,0.239119,1.055759,0.500892,0.102894,0.153923,0.005847,2.408038,0.343187,0.656813,0.274394,4.217125,-0.109159,-0.89156,-0.109159,0.039901,2.559176,0.114587,1.111312,0.122436,0.935381,0.762872,0.171581,27,62.304414,4.180585,7.647922,-197.30809,asof1455_from_lagged_eod,1,0.8869047619047619,0.9821428571428571,0.9702380952380952,0.14285714285714285,0.0,0.0,0.0,0.0,0.0,0.0,0.0,0.0,0.0,0.0,0.0,0.0,0.0,0.0,0.0,0.0,0.0,0.0,0.0,0.0,0.0,0.0,0.0,0.0,0.0,0.0,0.0,0.0,0.0,0.0,0.0,0.0,0.0,0.0
2025-09-10,30.1,30.7,29.07,29.24,16493727.0,0.0,0.0,28.667565622919035,26.479120596688457,1.557857142857143,0.053278288059408,55.09120362851437,1.0619813417143296,0.1042944785275423,31.31,31.31,31.31,428643652.0,456273582.6,15035478.88759593,4445.3649,-0.0032433301936021,0.0100172711571675,0.0132606013507696,0.367449852321336,1.404779017295205,-1.328748280604374,0.1042944785275423,0.0601363536581876,-1.837648857516228,0.0132606013507696,0.8583333333333333,-0.3200799442533903,0.1563666473799642,-0.1764312898124595,-1.3053661016672904,0.3092114952602548,-2.289023802671474,-0.0015381376805905,3.8888047015095255,1.0,,,,,,,,,,,,,,,0.0397625448520278,0.1,487385792.0,16318300,48,29.86743668151707,2025-09-11,30.901575310391447,32.16,32.16,29.25,0.0568254210120193,0.0346242846315074,0.0998632010943911,30.1,30.69,29.08,29.17,16210800,484243712.0,47,2025-09-10 14:55:00,29.871672712019148,-0.0148598446470785,-0.0553756476683936,0.0075993091537134,0.0580340950308306,0.288996906760937,0.0213406628035224,0.1164909191816738,0.5930838522944044,1.1705590805563169,0.0551936921494687,asof1455,14:55,29.24,61.37858008713273,4.118462156366093,7.534275067207026,-194.3761224349882,2025-08-12,2025-06-30,0.039901,0.122436,0.363251,169402741.08,0.475247,1378052851.36,679036441.0,679036441.0,True,2025-08-13,1.12084,160.593769,0.40411,445.434298,0.343095,0.114587,0.051838,0.103307,0.202527,0.272727,0.239119,1.055759,0.500892,0.102894,0.153923,0.005847,2.408038,0.343187,0.656813,0.274394,4.217125,-0.109159,-0.89156,-0.109159,0.039901,2.559176,0.114587,1.111312,0.122436,0.935381,0.762872,0.171581,28,61.525872,4.128345,7.552355,-194.842572,asof1455_from_lagged_eod,1,0.8698224852071006,0.9763313609467456,0.9644970414201184,0.14792899408284024,0.0,0.0,0.0,0.0,0.0,0.0,0.0,0.0,0.0,0.0,0.0,0.0,0.0,0.0,0.0,0.0,0.0,0.0,0.0,0.0,0.0,0.0,0.0,0.0,0.0,0.0,0.0,0.0,0.0,0.0,0.0,0.0,0.0,0.0
2025-09-11,29.47,32.16,29.25,32.16,24590704.0,0.0,0.0,29.00017842073627,26.66537893778064,1.7057142857142855,0.0530383795309152,65.67842809795073,1.5192158201725507,0.9999999999996564,31.31,32.16,32.16,453234356.0,456990230.45,14523231.320995182,4548.0345,0.0418825355077541,0.1376016979129819,0.0957191624052278,1.8524917131351024,1.368810417142365,0.4983249581236597,0.9999999999996564,0.4181942939507598,-0.2586114871399447,0.0957191624052278,0.85,1.192593686495078,0.1012143359115624,1.590860314838503,1.755559267786832,1.196037047173924,-0.7693708011398633,1.436070738442632,3.5628719058796383,0.0,,,,,,,,,,,,,,,0.0397625448520278,0.1,758871616.0,24557700,48,30.901575310391447,2025-09-12,31.89788500615323,31.42,32.64,31.39,-0.008150341848469,0.0322413885296892,-0.023009950248756,29.47,32.16,29.38,32.16,24532800,758070848.0,47,2025-09-11 14:55:00,30.900298702145697,0.0998632010943911,0.0544262295081965,0.1376016979129819,0.2053973013493253,0.4793008279668813,0.122748219522413,0.2257654681743106,3.475937799093457,2.287380572707551,0.0864427860696516,asof1455,14:55,32.16,67.67004252804377,4.540614746922024,8.306557346101231,-214.30017494938437,2025-08-12,2025-06-30,0.039901,0.122436,0.363251,169402741.08,0.475247,1378052851.36,679036441.0,679036441.0,True,2025-08-13,1.12084,160.593769,0.40411,445.434298,0.343095,0.114587,0.051838,0.103307,0.202527,0.272727,0.239119,1.055759,0.500892,0.102894,0.153923,0.005847,2.408038,0.343187,0.656813,0.274394,4.217125,-0.109159,-0.89156,-0.109159,0.039901,2.559176,0.114587,1.111312,0.122436,0.935381,0.762872,0.171581,29,67.670042,4.540615,8.306558,-214.300175,asof1455_from_lagged_eod,1,1.0,1.0,1.0,0.12352941176470589,0.0,0.0,0.0,0.0,0.0,0.0,0.0,0.0,0.0,0.0,0.0,0.0,0.0,0.0,0.0,0.0,0.0,0.0,0.0,0.0,0.0,0.0,0.0,0.0,0.0,0.0,0.0,0.0,0.0,0.0,0.0,0.0,0.0,0.0
2025-09-12,32.35,32.64,31.39,31.42,24882571.0,0.0,0.0,29.230637618761385,26.82126815293537,1.7364285714285714,0.0552650722924416,61.70809970219463,1.524814024618747,0.0239999999999817,32.16,32.64,32.64,428351785.0,455350605.8,15760111.082968151,4521.998,0.0138270420614425,0.0174870466321244,0.0036600045706818,1.2608421775945282,1.3875430901499288,-0.4261620732206483,0.0239999999999817,0.4218724515530645,-1.713111072496022,0.0036600045706818,0.8666666666666667,0.5767246203581687,0.132273789771861,0.6828601593889623,-1.5834272310816395,1.1882208428419374,-2.0988354531381725,-0.1814235527937978,3.4108422767772764,0.0,,,,,,,,,,,,,,,0.0397625448520278,0.1,780180800.0,24458700,48,31.89788500615323,2025-09-15,31.0056060403938,30.67,32.04,30.65,-0.0131888593127371,-0.0279729820828968,-0.0238701464035646,32.35,32.6,31.39,31.4,24242400,773384064.0,47,2025-09-12 14:55:00,31.902124542124543,-0.0236318407960198,0.0604525498142518,0.016839378238342,0.1068029608741627,0.4604651162790696,0.085828895497614,0.1889285759361867,2.1179232236743184,1.8963099165882376,0.0385350318471337,asof1455,14:55,31.42,66.07087434079601,4.43331190920398,8.110258743781095,-209.2358673818408,2025-08-12,2025-06-30,0.039901,0.122436,0.363251,169402741.08,0.475247,1378052851.36,679036441.0,679036441.0,True,2025-08-13,1.12084,160.593769,0.40411,445.434298,0.343095,0.114587,0.051838,0.103307,0.202527,0.272727,0.239119,1.055759,0.500892,0.102894,0.153923,0.005847,2.408038,0.343187,0.656813,0.274394,4.217125,-0.109159,-0.89156,-0.109159,0.039901,2.559176,0.114587,1.111312,0.122436,0.935381,0.762872,0.171581,30,66.112958,4.436136,8.115424,-209.369138,asof1455_from_lagged_eod,1,0.9824561403508771,0.9941520467836257,0.9941520467836257,0.1286549707602339,0.0,0.0,0.0,0.0,0.0,0.0,0.0,0.0,0.0,0.0,0.0,0.0,0.0,0.0,0.0,0.0,0.0,0.0,0.0,0.0,0.0,0.0,0.0,0.0,0.0,0.0,0.0,0.0,0.0,0.0,0.0,0.0,0.0,0.0
2025-09-15,31.6,32.04,30.65,30.67,15320754.0,0.0,0.0,29.36771975030792,26.94745608234733,1.7807142857142857,0.0580604592668479,57.88856309780872,0.9437466557200316,0.0143884892086249,32.64,32.64,32.64,413031031.0,452094444.75,17358730.458356056,4533.0557,0.0146572637095847,0.0055737704918032,-0.0090834932177814,0.7313246488439192,1.3591532832502722,-1.1062976333728236,0.0143884892086249,-0.0578975220330946,-2.2503612141287586,-0.0090834932177814,0.8833333333333333,0.0279381756339014,0.0884968192208727,0.0192261577934274,-1.5833264087911616,-0.0507858601814614,-2.510667140461775,-0.4021008745445772,3.2825548904625497,0.0,,,,,,,,,,,,,,,0.0397625448520278,0.1,464848448.0,14992400,48,31.0056060403938,2025-09-16,30.46804411866179,31.01,31.01,29.71,-0.0065848021303622,-0.0173375718259362,0.0110857515487448,31.6,32.03,30.65,30.74,14563400,451675520.0,47,2025-09-15 14:55:00,31.014427949517284,-0.0216422660725653,0.051299589603283,0.0078688524590162,0.0596346087556014,0.4264501160092806,0.0574293527803098,0.1566972292949691,1.300458965225752,1.583892784887104,0.0448926480156149,asof1455,14:55,30.67,64.68212377211967,4.340127964353915,7.9397878345003186,-204.83791540802034,2025-08-12,2025-06-30,0.039901,0.122436,0.363251,169402741.08,0.475247,1378052851.36,679036441.0,679036441.0,True,2025-08-13,1.12084,160.593769,0.40411,445.434298,0.343095,0.114587,0.051838,0.103307,0.202527,0.272727,0.239119,1.055759,0.500892,0.102894,0.153923,0.005847,2.408038,0.343187,0.656813,0.274394,4.217125,-0.109159,-0.89156,-0.109159,0.039901,2.559176,0.114587,1.111312,0.122436,0.935381,0.762872,0.171581,33,64.534832,4.330245,7.921708,-204.371466,asof1455_from_lagged_eod,1,0.9476744186046512,0.9825581395348837,0.9825581395348837,0.13953488372093023,0.0,0.0,0.0,0.0,0.0,0.0,0.0,0.0,0.0,0.0,0.0,0.0,0.0,0.0,0.0,0.0,0.0,0.0,0.0,0.0,0.0,0.0,0.0,0.0,0.0,0.0,0.0,0.0,0.0,0.0,0.0,0.0,0.0,0.0
2025-09-16,30.9,31.01,29.71,31.01,18840051.0,0.0,0.0,29.524127393135736,27.08065424358184,1.7764285714285717,0.0572856682176238,59.12377542561652,1.1351601803082585,0.9999999999992308,32.64,32.64,32.64,431871082.0,450359436.25,17558063.425930757,4523.3367,0.0196287709480584,0.0472813238770686,0.0276525529290101,0.8364381381619628,1.3754975510146874,-0.9175713711293582,0.9999999999992308,0.1267737690006405,-1.0529836805746662,0.0276525529290101,0.875,0.1247814967412387,0.1137315063665113,0.1936067680557633,1.7181936447643065,0.4252446409154727,-1.3943453243859167,0.2312467457423448,3.0707596509971213,1.0,,,,,,,,,,,,,,,0.0397625448520278,0.1,574020998.0,18840100,48,30.46804411866179,2025-09-17,31.69153106372851,32.4,32.44,31.06,0.0219777834159466,0.0401563992851556,0.0448242502418574,30.9,31.0,29.71,30.75,17340900,527721024.0,47,2025-09-16 14:55:00,30.432158884486963,0.0026084121291163,-0.0438432835820894,0.0385005065856129,0.0827464788732394,0.4229523368810737,0.0547618639271443,0.1504932466981778,1.200364827925186,1.5484375684406748,0.0419512195121951,asof1455,14:55,31.01,64.70316543853927,4.341540063580045,7.942371079230518,-204.9045510107597,2025-08-12,2025-06-30,0.039901,0.122436,0.363251,169402741.08,0.475247,1378052851.36,679036441.0,679036441.0,True,2025-08-13,1.12084,160.593769,0.40411,445.434298,0.343095,0.114587,0.051838,0.103307,0.202527,0.272727,0.239119,1.055759,0.500892,0.102894,0.153923,0.005847,2.408038,0.343187,0.656813,0.274394,4.217125,-0.109159,-0.89156,-0.109159,0.039901,2.559176,0.114587,1.111312,0.122436,0.935381,0.762872,0.171581,34,65.250249,4.378249,8.009526,-206.637077,asof1455_from_lagged_eod,1,0.9479768786127167,0.9826589595375722,0.9826589595375722,0.13872832369942195,0.0,0.0,0.0,0.0,0.0,0.0,0.0,0.0,0.0,0.0,0.0,0.0,0.0,0.0,0.0,0.0,0.0,0.0,0.0,0.0,0.0,0.0,0.0,0.0,0.0,0.0,0.0,0.0,0.0,0.0,0.0,0.0,0.0,0.0
2025-09-17,31.37,32.44,31.06,32.4,27731723.0,0.0,0.0,29.7980200223609,27.2550590224808,1.7685714285714282,0.0545855379188695,63.79881136656469,1.600708366126792,0.97101449275292,32.64,32.64,32.64,459602805.0,450669764.9,17663526.66567635,4551.023,0.023768150056703,0.1080711354309165,0.0843029853742134,1.4712326206351682,1.4378616315953692,-0.1357027463650294,0.97101449275292,0.4704462600994891,0.5057336662762056,0.0843029853742134,0.8416666666666667,0.7677698205061443,0.2108329901675089,0.9405709665267163,1.5909825655550285,1.2949674488516052,0.0132829171162396,1.219400033090247,2.789977539443508,0.0,,,,,,,,,,,,,,,0.0397625448520278,0.1,878860032.0,27731700,48,31.69153106372851,2025-09-18,32.255991379921454,31.98,33.1,31.3,-0.0044447104962513,0.0178110775101987,-0.0129629629629629,31.37,32.44,31.11,32.35,27115900,858919744.0,47,2025-09-17 14:55:00,31.675870762172742,0.0432118671396324,0.02959898154042,0.1063611491108071,0.1394857344135258,0.4441964285714288,0.1046988116377545,0.2033030389446146,2.226746873948866,2.1287196624106657,0.0411128284389489,asof1455,14:55,32.4,68.06983409061593,4.567441314092229,8.355632573363431,-215.566250917446,2025-08-12,2025-06-30,0.039901,0.122436,0.363251,169402741.08,0.475247,1378052851.36,679036441.0,679036441.0,True,2025-08-13,1.12084,160.593769,0.40411,445.434298,0.343095,0.114587,0.051838,0.103307,0.202527,0.272727,0.239119,1.055759,0.500892,0.102894,0.153923,0.005847,2.408038,0.343187,0.656813,0.274394,4.217125,-0.109159,-0.89156,-0.109159,0.039901,2.559176,0.114587,1.111312,0.122436,0.935381,0.762872,0.171581,35,68.175043,4.5745,8.368547,-215.89943,asof1455_from_lagged_eod,1,1.0,1.0,1.0,0.1206896551724138,0.0,0.0,0.0,0.0,0.0,0.0,0.0,0.0,0.0,0.0,0.0,0.0,0.0,0.0,0.0,0.0,0.0,0.0,0.0,0.0,0.0,0.0,0.0,0.0,0.0,0.0,0.0,0.0,0.0,0.0,0.0,0.0,0.0,0.0
2025-09-18,32.53,33.1,31.3,31.98,28525444.0,0.0,0.0,30.005827639278912,27.409975120104377,1.8035714285714284,0.0563968551773412,61.5096489887353,1.5550079789747222,0.3777777777775676,32.64,33.1,33.1,431077361.0,449960507.45,18144649.966037832,4498.109,-0.010977379349255,-0.005597014925373,0.005380364423882,1.094590615844749,1.439284565086073,-0.3659405940592031,0.3777777777775676,0.4414806767914878,-1.040700508708872,0.005380364423882,0.8583333333333333,0.3618884805488584,0.2104118614310666,0.7019433889385501,-0.3895607417626723,1.201061462215471,-1.3820130426819273,-0.2046075491538694,2.742484313631251,0.0,,,,,,,,,,,,,,,0.0397625448520278,0.1,910044736.0,28213200,48,32.255991379921454,2025-09-19,30.90014384641526,31.0,31.4,30.38,-0.0337666089301044,-0.0420339749455096,-0.0306441525953721,32.53,33.08,31.31,31.69,27786000,896473728.0,47,2025-09-18 14:55:00,32.26350421075362,-0.0219135802469134,0.0332572546462341,-0.0146144278606963,0.1334048640915592,0.417897091722595,0.0748020146178498,0.1714908875827143,1.4538987038888955,1.787327033962585,0.0558535815714736,asof1455,14:55,31.98,66.68108372438273,4.474256327160494,8.185162173765432,-211.16830051543212,2025-08-12,2025-06-30,0.039901,0.122436,0.363251,169402741.08,0.475247,1378052851.36,679036441.0,679036441.0,True,2025-08-13,1.12084,160.593769,0.40411,445.434298,0.343095,0.114587,0.051838,0.103307,0.202527,0.272727,0.239119,1.055759,0.500892,0.102894,0.153923,0.005847,2.408038,0.343187,0.656813,0.274394,4.217125,-0.109159,-0.89156,-0.109159,0.039901,2.559176,0.114587,1.111312,0.122436,0.935381,0.762872,0.171581,36,67.291292,4.515201,8.260066,-213.100733,asof1455_from_lagged_eod,1,0.9771428571428571,0.9885714285714285,0.9885714285714285,0.13142857142857142,0.0,0.0,0.0,0.0,0.0,0.0,0.0,0.0,0.0,0.0,0.0,0.0,0.0,0.0,0.0,0.0,0.0,0.0,0.0,0.0,0.0,0.0,0.0,0.0,0.0,0.0,0.0,0.0,0.0,0.0,0.0,0.0,0.0,0.0
2025-09-19,30.98,31.4,30.38,31.0,17949730.0,0.0,0.0,30.10051072125235,27.52768085387145,1.8328571428571423,0.0591244239631317,56.422464015573446,0.9591477928633986,0.6078431372543072,33.1,33.1,33.1,413127631.0,447826282.5,19768519.70453272,4501.9195,-0.004440183299506,-0.0133672819859962,-0.0089270986864902,0.4907579852868376,1.4037263500901385,-1.1457521434132496,0.6078431372543072,-0.0417101045405303,-1.7552478394244138,-0.0089270986864902,0.8833333333333333,-0.2914625418690328,0.1507853860518438,-0.0850211199402717,0.3679781006367268,-0.0569078856241235,-2.000076380419145,-0.4756340798974756,2.730824836456879,1.0,,,,,,,,,,,,,,,0.0397625448520278,0.1,554648312.0,17949700,48,30.90014384641526,2025-09-22,31.19970021683754,31.54,31.7,30.51,0.0064419424786303,0.0096943357905121,0.0174193548387096,30.98,31.4,30.4,31.13,17593900,543603832.0,47,2025-09-19 14:55:00,30.89729008349485,-0.0265791119449656,0.00386971944534,-0.0092297899427117,0.0903677758318739,0.4009900990099011,0.0486601202607333,0.1440016169634161,0.9217433611284452,1.5085182503820562,0.0321233536781239,asof1455,14:55,31.0,65.50274921701063,4.39519096716698,8.040520781113196,-207.43670476203874,2025-08-12,2025-06-30,0.039901,0.122436,0.363251,169402741.08,0.475247,1378052851.36,679036441.0,679036441.0,True,2025-08-13,1.12084,160.593769,0.40411,445.434298,0.343095,0.114587,0.051838,0.103307,0.202527,0.272727,0.239119,1.055759,0.500892,0.102894,0.153923,0.005847,2.408038,0.343187,0.656813,0.274394,4.217125,-0.109159,-0.89156,-0.109159,0.039901,2.559176,0.114587,1.111312,0.122436,0.935381,0.762872,0.171581,37,65.229208,4.376837,8.006943,-206.570442,asof1455_from_lagged_eod,1,0.9659090909090909,0.9772727272727273,0.9772727272727273,0.14204545454545456,0.0,0.0,0.0,0.0,0.0,0.0,0.0,0.0,0.0,0.0,0.0,0.0,0.0,0.0,0.0,0.0,0.0,0.0,0.0,0.0,0.0,0.0,0.0,0.0,0.0,0.0,0.0,0.0,0.0,0.0,0.0,0.0,0.0,0.0
2025-09-22,31.31,31.7,30.51,31.54,14250263.0,0.0,0.0,30.237604938275933,27.65923230128549,1.716428571428571,0.0544206902799149,58.46110874274342,0.7607116702680584,0.8655462184866671,33.1,33.1,33.1,427377894.0,445710613.7,19578591.94453965,4522.608,-0.0023047808567628,0.0283664819041407,0.0306712627609035,0.758781975202926,1.5021729886743695,-0.9088639200993472,0.8655462184866671,-0.2735008756110103,-0.9363655850191448,0.0306712627609035,0.8166666666666667,-0.0180210252039733,0.3004464715404643,0.1391608879859485,1.2106455314091007,-0.6525216954642934,-1.2588905595792292,0.2359063096640959,2.3765923465010914,1.0,,,,,,,,,,,,,,,0.0397625448520278,0.1,444605088.0,14250300,48,31.19970021683754,2025-09-23,32.45625052614204,32.37,33.33,31.26,0.0290504288567545,0.0402744353494259,0.026315789473684,31.31,31.66,30.51,31.51,13854500,432125152.0,47,2025-09-22 14:55:00,31.1902379732217,0.0164516129032259,-0.027469135802469,0.0273883273557222,0.099825479930192,0.3652512998266899,0.0570987654320989,0.1517724966036542,1.084528395794402,1.622388206025505,0.0364963503649634,asof1455,14:55,31.54,66.30233368,4.448843028064517,8.138670126774194,-209.9688589490323,2025-08-12,2025-06-30,0.039901,0.122436,0.363251,169402741.08,0.475247,1378052851.36,679036441.0,679036441.0,True,2025-08-13,1.12084,160.593769,0.40411,445.434298,0.343095,0.114587,0.051838,0.103307,0.202527,0.272727,0.239119,1.055759,0.500892,0.102894,0.153923,0.005847,2.408038,0.343187,0.656813,0.274394,4.217125,-0.109159,-0.89156,-0.109159,0.039901,2.559176,0.114587,1.111312,0.122436,0.935381,0.762872,0.171581,40,66.365458,4.453078,8.146419,-210.168766,asof1455_from_lagged_eod,1,0.9717514124293786,0.9830508474576272,0.9830508474576272,0.13559322033898305,0.0,0.0,0.0,0.0,0.0,0.0,0.0,0.0,0.0,0.0,0.0,0.0,0.0,0.0,0.0,0.0,0.0,0.0,0.0,0.0,0.0,0.0,0.0,0.0,0.0,0.0,0.0,0.0,0.0,0.0,0.0,0.0,0.0,0.0
2025-09-23,31.64,33.33,31.26,32.37,24342761.0,0.0,0.0,30.440690182249654,27.81368370124335,1.7542857142857138,0.0541948011827513,61.44656666005691,1.245339800296397,0.5362318840577108,33.1,33.33,33.33,451720655.0,445214942.05,19292582.778840847,4519.7781,-0.0007867201218957,0.0438568203805223,0.044643540502418,1.0997694400850742,1.4974792644164214,-0.4161237785013938,0.5362318840577108,0.2194084246424951,0.3372131675980228,0.044643540502418,0.8083333333333333,0.3385220895706126,0.2867082947295487,0.6261037171312169,0.1187144805102387,0.6320311919393529,-0.1237987378865237,0.4843813305661223,2.273764627160117,1.0,,,,,,,,,,,,,,,0.0402813754964502,0.1,786512319.0,24233000,48,32.45625052614204,2025-09-24,32.24428227317334,32.99,33.1,31.28,-0.003883772839872,-0.0065308915704223,0.0191535372258264,31.64,33.28,31.42,32.4,24055800,780772028.0,47,2025-09-23 14:55:00,32.45670599190216,0.0272669625871908,0.0131332082551594,0.0448242502418574,0.1469026548672565,0.3787234042553191,0.0817127117936731,0.1782318037734933,1.5402806401587463,1.9199441508804096,0.0574074074074073,asof1455,14:55,32.37,68.17504246036779,4.5744999112238425,8.368547102092581,-215.89942987951807,2025-08-12,2025-06-30,0.039901,0.122436,0.363251,169402741.08,0.475247,1378052851.36,679036441.0,679036441.0,True,2025-08-13,1.12084,160.593769,0.40411,445.434298,0.343095,0.114587,0.051838,0.103307,0.202527,0.272727,0.239119,1.055759,0.500892,0.102894,0.153923,0.005847,2.408038,0.343187,0.656813,0.274394,4.217125,-0.109159,-0.89156,-0.109159,0.039901,2.559176,0.114587,1.111312,0.122436,0.935381,0.762872,0.171581,41,68.111918,4.570265,8.360798,-215.699523,asof1455_from_lagged_eod,1,1.0,1.0,1.0,0.11797752808988764,0.0,0.0,0.0,0.0,0.0,0.0,0.0,0.0,0.0,0.0,0.0,0.0,0.0,0.0,0.0,0.0,0.0,0.0,0.0,0.0,0.0,0.0,0.0,0.0,0.0,0.0,0.0,0.0,0.0,0.0,0.0,0.0,0.0,0.0
2025-09-24,31.8,33.1,31.28,32.99,17934440.0,0.0,0.0,30.683481593463974,27.98339898972717,1.7499999999999991,0.0530463776902075,63.55377229127411,0.9030602002603432,0.9395604395599236,33.33,33.33,33.33,469655095.0,446200169.45,19999445.826011337,4566.0708,0.0033064653815197,0.0182098765432099,0.0149034111616901,1.318010518019835,1.5429043449915756,-0.1942857142856012,0.9395604395599236,-0.1019660608323183,1.172778773674542,0.0149034111616901,0.7916666666666666,0.5663062374812545,0.351613212721954,0.8390236538664708,1.4583396117009249,-0.2009664071778612,0.6182994730459654,-0.0543552488435205,2.1491447250571,1.0,,,,,,,,,,,,,,,0.0405071359638454,0.1,578281856.0,17934400,48,32.24428227317334,2025-09-25,33.41100140211054,33.56,34.19,32.5,0.0127614853625503,0.0361837524883563,0.0172779630190966,31.8,33.1,31.28,32.93,17480000,563303168.0,47,2025-09-24 14:55:00,32.22558169336384,0.017299969107198,0.062258064516129,0.0163580246913581,0.1853851691864649,0.4379912663755458,0.0918978065885238,0.1911020014468292,1.7090571998998032,2.0528498003857525,0.0552687518979653,asof1455,14:55,32.99,69.29025207723201,4.649330443311708,8.505439547111523,-219.43111808433736,2025-08-12,2025-06-30,0.039901,0.122436,0.363251,169402741.08,0.475247,1378052851.36,679036441.0,679036441.0,True,2025-08-13,1.12084,160.593769,0.40411,445.434298,0.343095,0.114587,0.051838,0.103307,0.202527,0.272727,0.239119,1.055759,0.500892,0.102894,0.153923,0.005847,2.408038,0.343187,0.656813,0.274394,4.217125,-0.109159,-0.89156,-0.109159,0.039901,2.559176,0.114587,1.111312,0.122436,0.935381,0.762872,0.171581,42,69.416502,4.657801,8.520937,-219.830931,asof1455_from_lagged_eod,1,1.0,1.0,1.0,0.11731843575418995,0.0,0.0,0.0,0.0,0.0,0.0,0.0,0.0,0.0,0.0,0.0,0.0,0.0,0.0,0.0,0.0,0.0,0.0,0.0,0.0,0.0,0.0,0.0,0.0,0.0,0.0,0.0,0.0,0.0,0.0,0.0,0.0,0.0,0.0
2025-09-25,32.96,34.19,32.5,33.56,16261215.0,0.0,0.0,30.957435727419785,28.16623836711317,1.6685714285714277,0.0497190532947371,65.42478442744451,0.8234962697228857,0.6272189349108737,33.33,34.19,34.19,485916310.0,448924591.0,21459564.84455984,4593.4875,0.021204132669973,0.0494058786741713,0.0282017460041983,1.5597559852783058,1.6728066371690589,0.1378424657533445,0.6272189349108737,-0.1941962591586897,1.7237870044404786,0.0282017460041983,0.7083333333333334,0.8152711765432147,0.5480864515432179,1.1595419382320231,0.4145662430081309,-0.4309642144297331,1.0916023735694025,0.1928802298046187,1.7896739622408346,0.0,,,,,,,,,,,,,,,0.0405338270278712,0.1,543302976.0,16261200,48,33.41100140211054,2025-09-26,33.15839484664373,32.56,34.19,32.55,-0.0119667804933334,-0.0075605801941289,-0.0297973778307508,32.96,34.18,32.55,33.43,15742100,525919872.0,47,2025-09-25 14:55:00,33.408495181710194,0.0133373749621097,0.0599239061509195,0.0453408380237647,0.2214103032517353,0.4643013578624617,0.0989841875143824,0.2018766964868865,1.8392922118386288,2.1700124546077597,0.0487586000598265,asof1455,14:55,33.56,70.34233591573204,4.71992383843589,8.634583931797515,-222.76289855501668,2025-08-12,2025-06-30,0.039901,0.122436,0.363251,169402741.08,0.475247,1378052851.36,679036441.0,679036441.0,True,2025-08-13,1.12084,160.593769,0.40411,445.434298,0.343095,0.114587,0.051838,0.103307,0.202527,0.272727,0.239119,1.055759,0.500892,0.102894,0.153923,0.005847,2.408038,0.343187,0.656813,0.274394,4.217125,-0.109159,-0.89156,-0.109159,0.039901,2.559176,0.114587,1.111312,0.122436,0.935381,0.762872,0.171581,43,70.615878,4.738279,8.668162,-223.629162,asof1455_from_lagged_eod,1,1.0,1.0,1.0,0.11666666666666667,0.0,0.0,0.0,0.0,0.0,0.0,0.0,0.0,0.0,0.0,0.0,0.0,0.0,0.0,0.0,0.0,0.0,0.0,0.0,0.0,0.0,0.0,0.0,0.0,0.0,0.0,0.0,0.0,0.0,0.0,0.0,0.0,0.0,0.0
2025-09-26,33.35,34.19,32.55,32.56,13661026.0,0.0,0.0,31.11006089623695,28.31029612556848,1.6871428571428562,0.0518164268164251,59.640190589212736,0.6875898658325275,0.0060975609756091,34.19,34.19,34.19,472255284.0,450404340.45,21990390.09334134,4550.0487,0.0106908175501583,0.0503225806451612,0.0396317630950029,0.8594050572680242,1.6594710749083563,-0.9661303979672492,0.0060975609756091,-0.3745627440455114,0.9936587508111758,0.0396317630950029,0.775,0.0299084686935854,0.5159195878255105,0.0099443917034528,-1.6542544391323977,-0.8874475710866959,0.4329362469975708,0.3987612638943599,1.9984229125977824,0.0,,,,,,,,,,,,,,,0.0414065726558608,0.1,452976832.0,13661000,48,33.15839484664373,2025-09-29,32.57089834543649,32.8,32.9,32.2,0.0003347157689339,-0.0177178812160355,0.0073710073710071,33.35,34.18,32.56,32.59,13390800,444174464.0,47,2025-09-26 14:55:00,33.17012157600741,-0.0289034564958283,0.0067964164349707,0.0512903225806453,0.1765342960288809,0.4293859649122808,0.0605789413736435,0.1641919005489338,1.1516676873346363,1.762643627964564,0.049708499539736,asof1455,14:55,32.56,68.57483504231227,4.601326359058403,8.417622156734208,-217.16550624493445,2025-08-12,2025-06-30,0.039901,0.122436,0.363251,169402741.08,0.475247,1378052851.36,679036441.0,679036441.0,True,2025-08-13,1.12084,160.593769,0.40411,445.434298,0.343095,0.114587,0.051838,0.103307,0.202527,0.272727,0.239119,1.055759,0.500892,0.102894,0.153923,0.005847,2.408038,0.343187,0.656813,0.274394,4.217125,-0.109159,-0.89156,-0.109159,0.039901,2.559176,0.114587,1.111312,0.122436,0.935381,0.762872,0.171581,44,68.51171,4.597091,8.409873,-216.9656,asof1455_from_lagged_eod,1,0.988950276243094,0.988950276243094,0.988950276243094,0.1270718232044199,0.0,0.0,0.0,0.0,0.0,0.0,0.0,0.0,0.0,0.0,0.0,0.0,0.0,0.0,0.0,0.0,0.0,0.0,0.0,0.0,0.0,0.0,0.0,0.0,0.0,0.0,0.0,0.0,0.0,0.0,0.0,0.0,0.0,0.0
2025-09-29,32.58,32.9,32.2,32.8,8477136.0,0.0,0.0,31.27100747754772,28.457499531287542,1.6021428571428562,0.0488458188153294,60.54189200688833,0.4285554292280159,0.8571428571416297,34.19,34.19,34.19,480732420.0,451796826.1,22963465.45261882,4620.0528,0.0215461521316904,0.0399492707672795,0.018403118635589,0.9543421896709132,1.756090559412299,-0.8675880517159105,0.8571428571416297,-0.8473351928853489,1.2600708703877306,0.018403118635589,0.7,0.1106010442028561,0.6564810467700413,0.0874654153413514,1.1604321489355294,-2.082472335185665,0.658810888249686,-0.0057038145699377,1.6841532817699625,0.0,,,,,,,,,,,,,,,0.0430240081000748,0.1,272250368.0,8358700,48,32.57089834543649,2025-09-30,32.80041700690165,32.52,33.5,32.34,1.2713625050286836e-05,0.0070467402842548,-0.0085365853658534,32.58,32.9,32.2,32.75,8187000,266624000.0,47,2025-09-29 14:55:00,32.56675216807133,0.0058353808353808,-0.0072749317975144,0.0383639822447685,0.1617594891805605,0.4600980829246546,0.0574237605540577,0.1631486107329314,1.182341670762166,1.778506874500825,0.0213740458015265,asof1455,14:55,32.8,68.91150191953317,4.623916776719901,8.458947811732186,-218.2316769041769,2025-08-12,2025-06-30,0.039901,0.122436,0.363251,169402741.08,0.475247,1378052851.36,679036441.0,679036441.0,True,2025-08-13,1.12084,160.593769,0.40411,445.434298,0.343095,0.114587,0.051838,0.103307,0.202527,0.272727,0.239119,1.055759,0.500892,0.102894,0.153923,0.005847,2.408038,0.343187,0.656813,0.274394,4.217125,-0.109159,-0.89156,-0.109159,0.039901,2.559176,0.114587,1.111312,0.122436,0.935381,0.762872,0.171581,47,69.01671,4.630976,8.471862,-218.564855,asof1455_from_lagged_eod,1,0.989010989010989,0.989010989010989,0.989010989010989,0.12637362637362637,0.0,0.0,0.0,0.0,0.0,0.0,0.0,0.0,0.0,0.0,0.0,0.0,0.0,0.0,0.0,0.0,0.0,0.0,0.0,0.0,0.0,0.0,0.0,0.0,0.0,0.0,0.0,0.0,0.0,0.0,0.0,0.0,0.0,0.0
2025-09-30,32.93,33.5,32.34,32.52,8939876.0,0.0,0.0,31.38995914635269,28.59069626796664,1.5685714285714274,0.0482340537691075,58.88887109513659,0.4806441383161187,0.1551724137929698,34.19,34.19,34.19,471792544.0,451114383.3,22141557.90565643,4640.6935,0.0267525080490123,0.004633920296571,-0.0221185877524412,0.7204267737273335,1.7845938204635623,-1.0646630236787358,0.1551724137929698,-0.7326281198715897,0.933907215928894,-0.0221185877524412,0.6583333333333333,-0.2052933006728672,0.6890308125176234,-0.1597478928230001,-1.1550078125101988,-1.7512959384091698,0.3510034571486888,-0.7744446275520119,1.5050323189884338,1.0,,,,,,,,,,,,,,,0.0438805050556186,0.1,293232448.0,8939900,48,32.80041700690165,2025-10-09,33.972757181363114,34.4,34.76,33.0,0.0446727300542162,0.0357416240840715,0.0578105781057809,32.93,33.5,32.34,32.58,8632900,283241888.0,47,2025-09-30 14:55:00,32.80958750825331,-0.0067073170731707,-0.029201430274136,0.0064874884151993,0.0813143046797211,0.4018932874354561,0.0441638356515607,0.1500514781585527,0.9768687360819288,1.673210542588276,0.0356046654389194,asof1455,14:55,32.52,68.55379304268293,4.599914575609756,8.415038535365854,-217.0988712164634,2025-08-12,2025-06-30,0.039901,0.122436,0.363251,169402741.08,0.475247,1378052851.36,679036441.0,679036441.0,True,2025-08-13,1.12084,160.593769,0.40411,445.434298,0.343095,0.114587,0.051838,0.103307,0.202527,0.272727,0.239119,1.055759,0.500892,0.102894,0.153923,0.005847,2.408038,0.343187,0.656813,0.274394,4.217125,-0.109159,-0.89156,-0.109159,0.039901,2.559176,0.114587,1.111312,0.122436,0.935381,0.762872,0.171581,48,68.427543,4.591443,8.399541,-216.699057,asof1455_from_lagged_eod,1,0.9781420765027322,0.9781420765027322,0.9781420765027322,0.1366120218579235,0.0,0.0,0.0,0.0,0.0,0.0,0.0,0.0,0.0,0.0,0.0,0.0,0.0,0.0,0.0,0.0,0.0,0.0,0.0,0.0,0.0,0.0,0.0,0.0,0.0,0.0,0.0,0.0,0.0,0.0,0.0,0.0,0.0,0.0
2025-10-09,33.5,34.76,33.0,34.4,19633860.0,0.0,0.0,31.67662970384292,28.7811652427874,1.5199999999999985,0.0441860465116265,65.66711456395439,1.0495020965977084,0.7954545454540936,34.19,34.76,34.76,491426404.0,452287322.7,23578044.39891716,4709.482,0.031408010581001,0.0427402243103969,0.0113322137293958,1.7916909843126951,1.904910829640532,0.1381578947367519,0.7954545454540936,0.0483158579875684,1.659979964317885,0.0113322137293958,0.3666666666666666,1.1374878037023288,0.8702855592220621,1.2039193665626735,0.9635963502541516,0.2772175799149716,0.998541663074852,-0.1635349317171198,0.4138787568926857,0.0,,,,,,,,,,,,,,,0.0440398794939932,0.1,661704378.0,19477500,48,33.972757181363114,2025-10-10,34.21791363093604,33.67,35.1,33.45,-0.005293208403022,0.0072162659116585,-0.021220930232558,33.5,34.76,33.0,34.37,19200500,652195964.0,47,2025-10-09 14:55:00,33.96765521731205,0.0568880688806885,0.0555896805896805,0.0418308578357076,0.1872193436960276,0.477009024495058,0.0973293105374901,0.2066493859089657,2.152929437846256,2.3467065222269934,0.0512074483561244,asof1455,14:55,34.4,72.32025377952027,4.852641325645755,8.877374666974166,-229.02664788099625,2025-08-12,2025-06-30,0.039901,0.122436,0.363251,169402741.08,0.475247,1378052851.36,679036441.0,679036441.0,True,2025-08-13,1.12084,160.593769,0.40411,445.434298,0.343095,0.114587,0.051838,0.103307,0.202527,0.272727,0.239119,1.055759,0.500892,0.102894,0.153923,0.005847,2.408038,0.343187,0.656813,0.274394,4.217125,-0.109159,-0.89156,-0.109159,0.039901,2.559176,0.114587,1.111312,0.122436,0.935381,0.762872,0.171581,57,72.383379,4.856877,8.885124,-229.226555,asof1455_from_lagged_eod,1,1.0,1.0,1.0,0.11413043478260869,0.0,0.0,0.0,0.0,0.0,0.0,0.0,0.0,0.0,0.0,0.0,0.0,0.0,0.0,0.0,0.0,0.0,0.0,0.0,0.0,0.0,0.0,0.0,0.0,0.0,0.0,0.0,0.0,0.0,0.0,0.0,0.0,0.0,0.0
2025-10-10,34.5,35.1,33.45,33.67,15660746.0,0.0,0.0,31.86647449395312,28.941454906958302,1.548571428571427,0.0459926174211874,61.43166292264208,0.8372279261479004,0.1333333333332519,34.76,35.1,35.1,475765658.0,453462572.55,24126842.755487777,4616.8341,0.0050825434922812,0.0032777115613826,-0.0018048319308985,1.1646382419114465,1.888850286803547,-0.7038745387449312,0.1333333333332519,-0.1776589323637681,0.924409616128784,-0.0018048319308985,0.4916666666666666,0.3190004086514332,0.8316738010345276,0.2277269291226161,-1.2113140167455796,-0.3042147047015195,0.3242983300295007,-0.4185186577447209,0.875393887899737,1.0,,,,,,,,,,,,,,,0.0441417986158461,0.1,535876480.0,15660700,48,34.21791363093604,2025-10-13,34.03361335902376,34.69,35.0,32.1,0.0107993275623332,-0.0053860756649305,0.0302940302940302,34.5,35.09,33.46,33.62,15420300,527782432.0,47,2025-10-10 14:55:00,34.22646978333755,-0.0226744186046512,0.0249999999999999,0.0017878426698449,0.1892465511142553,0.4554112554112552,0.0641260998923844,0.172681611012929,1.3903500220376697,1.9588710003318024,0.0484830458060678,asof1455,14:55,33.67,70.74212796453489,4.7467501377906975,8.683658979069767,-224.02897613662788,2025-08-12,2025-06-30,0.039901,0.122436,0.363251,169402741.08,0.475247,1378052851.36,679036441.0,679036441.0,True,2025-08-13,1.12084,160.593769,0.40411,445.434298,0.343095,0.114587,0.051838,0.103307,0.202527,0.272727,0.239119,1.055759,0.500892,0.102894,0.153923,0.005847,2.408038,0.343187,0.656813,0.274394,4.217125,-0.109159,-0.89156,-0.109159,0.039901,2.559176,0.114587,1.111312,0.122436,0.935381,0.762872,0.171581,58,70.847336,4.75381,8.696573,-224.362154,asof1455_from_lagged_eod,1,0.9945945945945946,0.9945945945945946,0.9945945945945946,0.11891891891891893,0.0,0.0,0.0,0.0,0.0,0.0,0.0,0.0,0.0,0.0,0.0,0.0,0.0,0.0,0.0,0.0,0.0,0.0,0.0,0.0,0.0,0.0,0.0,0.0,0.0,0.0,0.0,0.0,0.0,0.0,0.0,0.0,0.0,0.0
2025-10-13,32.11,35.0,32.1,34.69,18683974.0,0.0,0.0,32.1353816850052,29.129931795254752,1.6564285714285698,0.0477494543507789,64.84372297985328,1.0208472498681582,0.8931034482755532,35.1,35.1,35.1,494449632.0,454234766.35,25157156.02295197,4593.9785,0.0096547977607359,0.0654176904176901,0.0557628926569542,1.542244778348668,1.8144156298611864,-0.247520482966649,0.8931034482755532,0.0206329196337237,1.5985457820951698,0.0557628926569542,0.625,0.7945769509206583,0.6963828047592321,0.7436085352362327,1.2806948473435409,0.1997687350268626,0.930545481007417,0.6732885856384565,1.358294286630445,0.0,,,,,,,,,,,,,,,0.0446790268995805,0.1,635884032.0,18684000,48,34.03361335902376,2025-10-14,35.79664762472966,33.86,37.5,33.86,0.0319010557719705,0.0518027353460088,-0.0239262035168635,32.11,34.98,32.11,34.61,18276700,621761920.0,47,2025-10-13 14:55:00,34.0193754890106,0.0279180279180277,0.0642681426814266,0.0629606879606878,0.1207901554404144,0.4597216364403205,0.0861787597288474,0.1998405297186736,2.09775212564268,2.30468269946126,0.0829240104016179,asof1455,14:55,34.69,72.8252539043659,4.886527000296999,8.939364167805167,-230.62590287912084,2025-08-12,2025-06-30,0.039901,0.122436,0.363251,169402741.08,0.475247,1378052851.36,679036441.0,679036441.0,True,2025-08-13,1.12084,160.593769,0.40411,445.434298,0.343095,0.114587,0.051838,0.103307,0.202527,0.272727,0.239119,1.055759,0.500892,0.102894,0.153923,0.005847,2.408038,0.343187,0.656813,0.274394,4.217125,-0.109159,-0.89156,-0.109159,0.039901,2.559176,0.114587,1.111312,0.122436,0.935381,0.762872,0.171581,61,72.993587,4.897822,8.960027,-231.158988,asof1455_from_lagged_eod,1,1.0,1.0,1.0,0.11290322580645161,0.0,0.0,0.0,0.0,0.0,0.0,0.0,0.0,0.0,0.0,0.0,0.0,0.0,0.0,0.0,0.0,0.0,0.0,0.0,0.0,0.0,0.0,0.0,0.0,0.0,0.0,0.0,0.0,0.0,0.0,0.0,0.0,0.0,0.0
2025-10-14,34.62,37.5,33.86,33.86,27120414.0,0.0,0.0,32.29963104833804,29.28501599868902,1.8235714285714268,0.0538562146654274,60.17832744135346,1.4514950163756992,0.0,35.1,37.5,37.5,467329218.0,454624909.8,25296313.527966708,4539.0644,-0.0175297563698839,0.0323170731707318,0.0498468295406158,0.8556664834804362,1.6531379042327898,-0.679984332157874,0.0,0.3725940710462015,0.5022197477887264,0.0498468295406158,0.8583333333333333,-0.1154193435100492,0.4120269029007624,0.2366299265766715,-1.6360173142540944,1.1042188147629417,-0.0657183517778851,0.5688944006205338,2.174018813339494,1.0,,,,,,,,,,,,,,,0.0451911720744331,0.1,959994496.0,26818000,48,35.79664762472966,2025-10-15,34.833617913583666,35.4,35.7,33.86,0.0287542207201318,-0.0269027904859083,0.0454813939751919,34.62,37.31,33.86,34.0,26500900,949235712.0,47,2025-10-14 14:55:00,35.81899905286235,-0.0198904583453444,-0.011627906976744,0.0365853658536585,0.1147540983606556,0.4196242171189979,0.06069350637196,0.1712627245637907,1.3660977036839943,1.972519384563358,0.1014705882352942,asof1455,14:55,33.86,71.54171109829923,4.8004020755260886,8.78180795618334,-226.56112977803403,2025-08-12,2025-06-30,0.039901,0.122436,0.363251,169402741.08,0.475247,1378052851.36,679036441.0,679036441.0,True,2025-08-13,1.12084,160.593769,0.40411,445.434298,0.343095,0.114587,0.051838,0.103307,0.202527,0.272727,0.239119,1.055759,0.500892,0.102894,0.153923,0.005847,2.408038,0.343187,0.656813,0.274394,4.217125,-0.109159,-0.89156,-0.109159,0.039901,2.559176,0.114587,1.111312,0.122436,0.935381,0.762872,0.171581,62,71.247128,4.780635,8.745648,-225.628231,asof1455_from_lagged_eod,1,0.9893048128342246,0.9893048128342246,0.9893048128342246,0.12299465240641712,0.0,0.0,0.0,0.0,0.0,0.0,0.0,0.0,0.0,0.0,0.0,0.0,0.0,0.0,0.0,0.0,0.0,0.0,0.0,0.0,0.0,0.0,0.0,0.0,0.0,0.0,0.0,0.0,0.0,0.0,0.0,0.0,0.0,0.0
2025-10-15,34.34,35.7,33.86,35.4,24380022.0,0.0,0.0,32.59490428182965,29.485507277420524,1.8528571428571416,0.0523405972558499,65.18364001747122,1.2708504082526364,0.8369565217386735,37.5,37.5,37.5,491709240.0,456953502.85,26433744.490665115,4606.2879,-0.0074138919107672,0.088560885608856,0.0959747775196232,1.5139298401836438,1.6781633794026325,-1.1333847340009318,0.8369565217386735,0.2396862891772326,1.3148245857590743,0.0959747775196232,0.825,0.7460824970891846,0.4414062186406566,-0.3031023474621166,1.0765575043791258,0.743379008124226,0.6628185339905499,1.4270293622336223,2.006589171292475,1.0,,,,,,,,,,,,,,,0.0452303843201297,0.1,842217664.0,24178300,48,34.833617913583666,2025-10-16,37.12297138202722,37.9,38.25,34.91,0.0486715079668707,0.065722529141907,0.0706214689265536,34.34,35.68,33.86,35.32,24012700,836374016.0,47,2025-10-15 14:55:00,34.83048620105194,0.0431187241582988,0.0490050490050488,0.08610086100861,0.192840256670044,0.4105431309904155,0.0961284816510201,0.2098514517989063,2.167574377529176,2.4438476609005395,0.051528878822197,asof1455,14:55,35.4,74.31921325930301,4.986769881866509,9.122749183697577,-235.35703245481395,2025-08-12,2025-06-30,0.039901,0.122436,0.363251,169402741.08,0.475247,1378052851.36,679036441.0,679036441.0,True,2025-08-13,1.12084,160.593769,0.40411,445.434298,0.343095,0.114587,0.051838,0.103307,0.202527,0.272727,0.239119,1.055759,0.500892,0.102894,0.153923,0.005847,2.408038,0.343187,0.656813,0.274394,4.217125,-0.109159,-0.89156,-0.109159,0.039901,2.559176,0.114587,1.111312,0.122436,0.935381,0.762872,0.171581,63,74.487547,4.998065,9.143412,-235.890117,asof1455_from_lagged_eod,1,1.0,1.0,1.0,0.11170212765957446,0.0,0.0,0.0,0.0,0.0,0.0,0.0,0.0,0.0,0.0,0.0,0.0,0.0,0.0,0.0,0.0,0.0,0.0,0.0,0.0,0.0,0.0,0.0,0.0,0.0,0.0,0.0,0.0,0.0,0.0,0.0,0.0,0.0,0.0
2025-10-16,35.4,38.25,34.91,37.9,31920534.0,0.0,0.0,33.10015149308397,29.76139228471821,1.962857142857142,0.0517904259329047,71.45599449911492,1.5995968241558651,0.895209580838055,37.5,38.25,38.25,523629774.0,461702808.95,29298478.003681816,4618.4218,-0.01933550229091,0.1017441860465115,0.1210796883374216,2.445337667277663,1.7009690290064343,0.2037845705966932,0.895209580838055,0.4697516125896214,2.113658089755308,0.1210796883374216,0.8166666666666667,1.9872799531355216,0.4683659735060106,1.2418230660175409,1.2457388969861574,1.3288337120766829,1.365349713048572,1.8585909316919424,1.9358635609578967,0.0,,,,,,,,,,,,,,,0.0454092647421648,0.1,1184983808.0,31920500,48,37.12297138202722,2025-10-17,36.02134708797876,34.11,37.8,34.11,-0.0495686784174469,-0.0296750031863506,-0.0999999999999999,35.4,38.24,34.91,37.76,31307300,1161778048.0,47,2025-10-16 14:55:00,37.10885473994883,0.0666666666666666,0.0884981262611703,0.0976744186046512,0.2913816689466484,0.5055821371610845,0.1614173228346456,0.2858261728282953,3.6027729735434,3.265040370565468,0.088188559322034,asof1455,14:55,37.9,79.45338346666668,5.331269333333334,9.7529728,-251.6161248,2025-08-12,2025-06-30,0.039901,0.122436,0.363251,169402741.08,0.475247,1378052851.36,679036441.0,679036441.0,True,2025-08-13,1.12084,160.593769,0.40411,445.434298,0.343095,0.114587,0.051838,0.103307,0.202527,0.272727,0.239119,1.055759,0.500892,0.102894,0.153923,0.005847,2.408038,0.343187,0.656813,0.274394,4.217125,-0.109159,-0.89156,-0.109159,0.039901,2.559176,0.114587,1.111312,0.122436,0.935381,0.762872,0.171581,64,79.747967,5.351036,9.789134,-252.549024,asof1455_from_lagged_eod,1,1.0,1.0,1.0,0.1111111111111111,0.0,0.0,0.0,0.0,0.0,0.0,0.0,0.0,0.0,0.0,0.0,0.0,0.0,0.0,0.0,0.0,0.0,0.0,0.0,0.0,0.0,0.0,0.0,0.0,0.0,0.0,0.0,0.0,0.0,0.0,0.0,0.0,0.0,0.0
2025-10-17,37.72,37.8,34.11,34.11,26490597.0,0.0,0.0,33.19632754136169,29.9039695868586,2.1192857142857133,0.0621309209699692,55.215705865827154,1.321203268260036,0.0,38.25,38.25,38.25,497139177.0,463898050.0,30212295.58184975,4514.2345,-0.0222229341097616,0.0130680130680129,0.0352909471777745,0.4311228318480049,1.5535224591513823,-1.9534883720921024,0.0,0.2785428882371871,1.100251614775338,0.0352909471777745,0.975,-0.7814746239541229,0.1863407243350132,-1.280470489848229,-1.6506208070056554,0.8126696172282695,0.4534314612010659,0.2407885503363444,2.428707175186969,0.0,,,,,,,,,,,,,,,0.0456918947572529,0.1,946976000.0,26289300,48,36.02134708797876,2025-10-20,34.35585635587955,34.27,35.15,33.61,0.0072077500990781,-0.0462362145433207,0.0046907065376724,37.72,37.72,34.11,34.11,25914600,934195008.0,47,2025-10-17 14:55:00,36.04898427913223,-0.0999999999999999,0.0073833431777909,0.0130680130680129,0.0606343283582091,0.2363175063428777,0.0353619669145546,0.1531440162271806,0.6900156288295087,1.6573608247218126,0.1058340662562298,asof1455,14:55,34.11,71.7731703,4.8159323999999994,8.810220600000001,-227.2941216,2025-08-12,2025-06-30,0.039901,0.122436,0.363251,169402741.08,0.475247,1378052851.36,679036441.0,679036441.0,True,2025-08-13,1.12084,160.593769,0.40411,445.434298,0.343095,0.114587,0.051838,0.103307,0.202527,0.272727,0.239119,1.055759,0.500892,0.102894,0.153923,0.005847,2.408038,0.343187,0.656813,0.274394,4.217125,-0.109159,-0.89156,-0.109159,0.039901,2.559176,0.114587,1.111312,0.122436,0.935381,0.762872,0.171581,65,71.77317,4.815932,8.81022,-227.294122,asof1455_from_lagged_eod,1,0.9789473684210527,0.9789473684210527,0.9789473684210527,0.13157894736842105,0.0,0.0,0.0,0.0,0.0,0.0,0.0,0.0,0.0,0.0,0.0,0.0,0.0,0.0,0.0,0.0,0.0,0.0,0.0,0.0,0.0,0.0,0.0,0.0,0.0,0.0,0.0,0.0,0.0,0.0,0.0,0.0,0.0,0.0
2025-10-20,34.52,35.15,33.61,34.27,16900120.0,0.0,0.0,33.298582061232004,30.047118124994384,2.144285714285713,0.0625703447413379,55.67372306544826,0.8600029770140188,0.4285714285711529,38.25,38.25,38.25,514039297.0,468182425.6,30934726.680648465,4538.2201,-0.012137279266762,-0.0121072355145573,3.004375220461153e-05,0.4530263538556179,1.516338944280662,-1.856095936041772,0.4285714285711529,-0.1508194280963671,1.482375191912919,3.004375220461153e-05,0.9833333333333332,-0.7432883591581922,0.0982636279933164,-1.1510638035294931,-0.2528931765029639,-0.3110895898931394,0.8041979759181886,-0.4141360130028405,2.387708930723776,1.0,,,,,,,,,,,,,,,0.0458994174398119,0.1,580617408.0,16900100,48,34.35585635587955,2025-10-21,35.796090468592006,36.14,36.48,34.22,0.0445313822174497,0.0419210657360307,0.0545666763933467,34.52,35.15,33.61,34.14,16446600,565093191.0,47,2025-10-20 14:55:00,34.35927127795411,0.0008795074758136,-0.035593220338983,-0.0158547131738252,0.086569064290261,0.1962158374211633,0.0332147991223423,0.1499337569891989,0.6469182753145929,1.6005238877995944,0.0451083772700644,asof1455,14:55,34.27,71.83629503957783,4.82016764819701,8.817968654353562,-227.49402887950748,2025-08-12,2025-06-30,0.039901,0.122436,0.363251,169402741.08,0.475247,1378052851.36,679036441.0,679036441.0,True,2025-08-13,1.12084,160.593769,0.40411,445.434298,0.343095,0.114587,0.051838,0.103307,0.202527,0.272727,0.239119,1.055759,0.500892,0.102894,0.153923,0.005847,2.408038,0.343187,0.656813,0.274394,4.217125,-0.109159,-0.89156,-0.109159,0.039901,2.559176,0.114587,1.111312,0.122436,0.935381,0.762872,0.171581,68,72.109837,4.838522,8.851546,-228.360292,asof1455_from_lagged_eod,1,0.9790575916230366,0.9790575916230366,0.9790575916230366,0.13089005235602094,0.0,0.0,0.0,0.0,0.0,0.0,0.0,0.0,0.0,0.0,0.0,0.0,0.0,0.0,0.0,0.0,0.0,0.0,0.0,0.0,0.0,0.0,0.0,0.0,0.0,0.0,0.0,0.0,0.0,0.0,0.0,0.0,0.0,0.0
2025-10-21,34.5,36.48,34.22,36.14,17271773.0,0.0,0.0,33.56919329349562,30.246884743847023,2.157857142857142,0.0597082773341749,60.72889037098007,0.8745739437315518,0.8495575221235193,38.25,38.25,38.25,531311070.0,474096427.55,31131324.523936667,4607.8715,0.0151588728285061,0.067336089781453,0.0521772169529468,1.1913702049336188,1.5396332239344197,-0.9778219132732974,0.8495575221235193,-0.1340184326589226,1.8378479979548583,0.0521772169529468,0.9666666666666668,0.2690807908951735,0.1233962016187558,-0.1090270019505917,1.1029342720411188,-0.2621475781124265,1.1154330252637827,0.574084979959505,2.2699466261588777,0.0,,,,,,,,,,,,,,,0.0459878802458537,0.1,612424573.0,17108700,48,35.796090468592006,2025-10-22,35.63050761460343,35.3,36.39,35.15,-0.0140977417099217,-0.0046257245364227,-0.0232429441062536,34.5,36.48,34.23,36.13,16897000,604773376.0,47,2025-10-21 14:55:00,35.79176043084571,0.0542748759848263,-0.0467018469656991,0.0670407560543415,0.1780241278121943,0.2690551457674746,0.0887449148711767,0.2130606306482751,1.7594919040274908,2.23610950855728,0.0622751176307777,asof1455,14:55,36.14,76.02358946046104,5.101132181499854,9.331962561423987,-240.75451852815874,2025-08-12,2025-06-30,0.039901,0.122436,0.363251,169402741.08,0.475247,1378052851.36,679036441.0,679036441.0,True,2025-08-13,1.12084,160.593769,0.40411,445.434298,0.343095,0.114587,0.051838,0.103307,0.202527,0.272727,0.239119,1.055759,0.500892,0.102894,0.153923,0.005847,2.408038,0.343187,0.656813,0.274394,4.217125,-0.109159,-0.89156,-0.109159,0.039901,2.559176,0.114587,1.111312,0.122436,0.935381,0.762872,0.171581,69,76.044631,5.102545,9.334546,-240.821154,asof1455_from_lagged_eod,1,0.9947916666666666,0.9947916666666666,0.9947916666666666,0.11458333333333333,0.0,0.0,0.0,0.0,0.0,0.0,0.0,0.0,0.0,0.0,0.0,0.0,0.0,0.0,0.0,0.0,0.0,0.0,0.0,0.0,0.0,0.0,0.0,0.0,0.0,0.0,0.0,0.0,0.0,0.0,0.0,0.0,0.0,0.0
2025-10-22,35.8,36.39,35.15,35.3,13007851.0,0.0,0.0,33.73403202744842,30.412560653884828,2.1164285714285707,0.0599554836098728,57.55369916277804,0.6685374846484975,0.1209677419353849,38.25,38.25,38.25,518303219.0,478418034.4,30968469.62675167,4592.57,-0.0029780813309564,-0.0028248587570621,0.0001532225738942,0.7399106181475433,1.5693756068129716,-1.3938575767796335,0.1209677419353849,-0.4026628112395368,1.2879288218215916,0.0001532225738942,0.975,-0.353869641849693,0.1630985156573218,-0.5918113333702646,-1.2502522337156716,-0.9592881437190108,0.6127372519493024,-0.3956384884954533,2.2604872637935274,1.0,,,,,,,,,,,,,,,0.046089946590223,0.1,463478080.0,13007900,48,35.63050761460343,2025-10-23,35.40678045337252,36.05,36.3,33.95,0.0030249420218844,-0.0062790899206616,0.0212464589235128,35.8,36.38,35.15,35.35,12746700,454256832.0,47,2025-10-22 14:55:00,35.637210572148085,-0.0218594355285002,0.0363529756669598,-0.001412429378531,0.1399548532731376,0.2948717948717949,0.0565327196377603,0.1817999465097619,1.1210037446049872,1.8455890229336072,0.0347949080622349,asof1455,14:55,35.3,74.3823382913669,4.991006246541229,9.13049809352518,-235.55693951023798,2025-08-12,2025-06-30,0.039901,0.122436,0.363251,169402741.08,0.475247,1378052851.36,679036441.0,679036441.0,True,2025-08-13,1.12084,160.593769,0.40411,445.434298,0.343095,0.114587,0.051838,0.103307,0.202527,0.272727,0.239119,1.055759,0.500892,0.102894,0.153923,0.005847,2.408038,0.343187,0.656813,0.274394,4.217125,-0.109159,-0.89156,-0.109159,0.039901,2.559176,0.114587,1.111312,0.122436,0.935381,0.762872,0.171581,70,74.27713,4.983946,9.117583,-235.223761,asof1455_from_lagged_eod,1,0.9896373056994818,0.9896373056994818,0.9896373056994818,0.11917098445595854,0.0,0.0,0.0,0.0,0.0,0.0,0.0,0.0,0.0,0.0,0.0,0.0,0.0,0.0,0.0,0.0,0.0,0.0,0.0,0.0,0.0,0.0,0.0,0.0,0.0,0.0,0.0,0.0,0.0,0.0,0.0,0.0,0.0,0.0
2025-10-23,34.75,36.3,33.95,36.05,17283849.0,0.0,0.0,33.954600405786664,30.597394730806634,2.163571428571428,0.0600158510005927,59.58548785483945,0.91280952750152,0.8936170212762152,38.25,37.8,37.8,535587068.0,482217247.55,33020090.36530752,4606.3447,-0.0026149841922191,-0.0488126649076517,-0.0461976807154326,0.9684910636834968,1.5516962512280856,-1.0168372400127377,0.8936170212762152,-0.0912280428227484,1.616283294792944,-0.0461976807154326,0.9833333333333332,-0.0389916050551182,0.108453041737344,-0.1390638309052118,1.237702936942107,-0.1309417229172993,0.9048503190778016,-1.2755919625926264,2.245618099612015,1.0,,,,,,,,,,,,,,,0.0462895141682882,0.1,611963712.0,17283800,48,35.40678045337252,2025-10-24,37.60938248607567,38.07,38.35,35.78,0.0432561022489783,0.0622084811016288,0.0560332871012483,34.75,36.29,33.97,36.02,16914100,598642560.0,47,2025-10-23 14:55:00,35.39310752567385,0.0203966005665723,0.0510650714911,-0.0496042216358837,0.1117283950617284,0.3450336071695294,0.0696997594511923,0.198855063459661,1.4361091402522812,1.9877902468652304,0.0644086618545252,asof1455,14:55,36.05,75.79213095184137,5.085601555807366,9.30355069858357,-240.02152609688386,2025-08-12,2025-06-30,0.039901,0.122436,0.363251,169402741.08,0.475247,1378052851.36,679036441.0,679036441.0,True,2025-08-13,1.12084,160.593769,0.40411,445.434298,0.343095,0.114587,0.051838,0.103307,0.202527,0.272727,0.239119,1.055759,0.500892,0.102894,0.153923,0.005847,2.408038,0.343187,0.656813,0.274394,4.217125,-0.109159,-0.89156,-0.109159,0.039901,2.559176,0.114587,1.111312,0.122436,0.935381,0.762872,0.171581,71,75.855256,5.089838,9.3113,-240.221433,asof1455_from_lagged_eod,1,0.9896907216494846,0.9896907216494846,0.9896907216494846,0.11855670103092783,0.0,0.0,0.0,0.0,0.0,0.0,0.0,0.0,0.0,0.0,0.0,0.0,0.0,0.0,0.0,0.0,0.0,0.0,0.0,0.0,0.0,0.0,0.0,0.0,0.0,0.0,0.0,0.0,0.0,0.0,0.0,0.0,0.0,0.0
2025-10-24,35.8,38.35,35.78,38.07,21473238.0,0.0,0.0,34.346543224283174,30.8423981822556,2.229999999999999,0.0585763068032555,64.51255233222237,1.1555828278140532,0.8910505836572403,38.25,38.35,38.35,557060306.0,488516394.8,34640393.78739879,4660.6835,0.0324416022251392,0.1160949868073879,0.0836533845822486,1.6697115586166629,1.5713654896977611,-0.0807174887892013,0.8910505836572403,0.1446048295255391,1.9787278291545969,0.0836533845822486,0.95,0.915630163807034,0.1305559512017621,0.962905495657289,1.214699742148213,0.4835198365679479,1.2134536780470515,1.2667850698561058,2.091828937983206,1.0,,,,,,,,,,,,,,,0.0465669203223764,0.1,807593792.0,21473200,48,37.60938248607567,2025-10-27,38.33310373995529,38.94,39.27,37.42,0.0069110517456079,0.019243103875677,0.0228526398739163,35.8,38.34,35.8,38.08,21093800,793151168.0,47,2025-10-24 14:55:00,37.6011514283818,0.0563106796116505,0.0536801328168234,0.1163881559659922,0.1907442151344589,0.402061855670103,0.1247803163444642,0.2609341111154033,2.507205664198485,2.5656612916811623,0.066701680672269,asof1455,14:55,38.07,80.12671701747573,5.376450236893205,9.83562563106796,-253.74846514951457,2025-08-12,2025-06-30,0.039901,0.122436,0.363251,169402741.08,0.475247,1378052851.36,679036441.0,679036441.0,True,2025-08-13,1.12084,160.593769,0.40411,445.434298,0.343095,0.114587,0.051838,0.103307,0.202527,0.272727,0.239119,1.055759,0.500892,0.102894,0.153923,0.005847,2.408038,0.343187,0.656813,0.274394,4.217125,-0.109159,-0.89156,-0.109159,0.039901,2.559176,0.114587,1.111312,0.122436,0.935381,0.762872,0.171581,72,80.105675,5.375038,9.833043,-253.68183,asof1455_from_lagged_eod,1,1.0,1.0,1.0,0.1076923076923077,0.0,0.0,0.0,0.0,0.0,0.0,0.0,0.0,0.0,0.0,0.0,0.0,0.0,0.0,0.0,0.0,0.0,0.0,0.0,0.0,0.0,0.0,0.0,0.0,0.0,0.0,0.0,0.0,0.0,0.0,0.0,0.0,0.0,0.0
2025-10-27,38.55,39.27,37.42,38.94,18374112.0,0.0,0.0,34.784015298160966,31.107893323820985,2.3121428571428564,0.0593770636143502,66.41183559791054,0.9876754534691576,0.8216216216211747,38.35,39.27,39.27,575434418.0,496631734.15,35038007.95515607,4716.0186,0.0391780248824866,0.1362707907791069,0.0970927658966203,1.797460173794294,1.5899199147586498,0.2551745443310589,0.8216216216211747,-0.0124011235899399,2.2490629019451345,0.0970927658966203,0.9583333333333334,1.0731140051098536,0.1516935190241804,1.338050826926802,0.9765152080965914,0.0673191297153785,1.4273740374585306,1.5003620406150644,2.0711559488576183,0.0,,,,,,,,,,,,,,,0.0470212918104279,0.1,697896320.0,18206100,48,38.33310373995529,2025-10-28,38.94710214959069,38.99,39.8,38.44,0.0001823869951382,0.0160174457513444,0.0012840267077556,38.55,39.26,37.42,38.93,17962200,688392448.0,47,2025-10-27 14:55:00,38.32450635222857,0.0225899658523771,0.1028328611898017,0.1359789903705863,0.2558064516129033,0.4244420051225759,0.1396370023419202,0.2813648581929893,2.564909095260775,2.6663156819618767,0.0472643205753916,asof1455,14:55,38.94,81.91525946283163,5.4964599248752295,10.055171105594956,-259.4124938770685,2025-08-12,2025-06-30,0.039901,0.122436,0.363251,169402741.08,0.475247,1378052851.36,679036441.0,679036441.0,True,2025-08-13,1.12084,160.593769,0.40411,445.434298,0.343095,0.114587,0.051838,0.103307,0.202527,0.272727,0.239119,1.055759,0.500892,0.102894,0.153923,0.005847,2.408038,0.343187,0.656813,0.274394,4.217125,-0.109159,-0.89156,-0.109159,0.039901,2.559176,0.114587,1.111312,0.122436,0.935381,0.762872,0.171581,75,81.936301,5.497872,10.057754,-259.479129,asof1455_from_lagged_eod,1,1.0,1.0,1.0,0.10714285714285714,0.0,0.0,0.0,0.0,0.0,0.0,0.0,0.0,0.0,0.0,0.0,0.0,0.0,0.0,0.0,0.0,0.0,0.0,0.0,0.0,0.0,0.0,0.0,0.0,0.0,0.0,0.0,0.0,0.0,0.0,0.0,0.0,0.0,0.0
2025-10-28,39.05,39.8,38.44,38.99,13058344.0,0.0,0.0,35.18458526976468,31.36632305090881,2.326428571428571,0.0596673139632857,66.52272766448048,0.7041894295376787,0.4044117647055882,39.27,39.8,39.8,588492762.0,504687477.55,36672669.6989158,4691.973,0.0182517025485626,0.0788599889319314,0.0606082863833687,1.635732460032901,1.641254868405254,-0.1203561559717019,0.4044117647055882,-0.3507078829707227,2.2852245320028506,0.0606082863833687,0.9583333333333334,0.8428950790490436,0.2470574447182058,0.8915968400254638,-0.3568850180071737,-0.817994493685986,1.4346777921111762,0.7846638720024982,2.0169921497190564,1.0,,,,,,,,,,,,,,,0.04714494814319,0.1,508582944.0,13058300,48,38.94710214959069,2025-10-29,40.7730683008441,41.55,41.55,38.65,0.0457314260283174,0.0468832352209447,0.0656578609899973,39.05,39.78,38.45,38.99,12841400,500124000.0,47,2025-10-28 14:55:00,38.94622081704487,0.0012840267077556,0.0815533980582525,0.0788599889319314,0.2362079898541536,0.4345106696100074,0.1282808114130278,0.2752179055987702,2.23216024536316,2.5025052189876256,0.0341113105924595,asof1455,14:55,38.99,82.0415093988187,5.5049314144838215,10.070668424756034,-259.8123071317412,2025-08-12,2025-06-30,0.039901,0.122436,0.363251,169402741.08,0.475247,1378052851.36,679036441.0,679036441.0,True,2025-08-13,1.12084,160.593769,0.40411,445.434298,0.343095,0.114587,0.051838,0.103307,0.202527,0.272727,0.239119,1.055759,0.500892,0.102894,0.153923,0.005847,2.408038,0.343187,0.656813,0.274394,4.217125,-0.109159,-0.89156,-0.109159,0.039901,2.559176,0.114587,1.111312,0.122436,0.935381,0.762872,0.171581,76,82.04151,5.504931,10.070668,-259.812307,asof1455_from_lagged_eod,1,1.0,1.0,1.0,0.1065989847715736,0.0,0.0,0.0,0.0,0.0,0.0,0.0,0.0,0.0,0.0,0.0,0.0,0.0,0.0,0.0,0.0,0.0,0.0,0.0,0.0,0.0,0.0,0.0,0.0,0.0,0.0,0.0,0.0,0.0,0.0,0.0,0.0,0.0,0.0
2025-10-29,38.8,41.55,38.65,41.55,21099338.0,0.0,0.0,35.79081524407281,31.700214098420005,2.373571428571428,0.0571256661509355,71.67841333262129,1.1478495513175095,0.9999999999996552,39.8,41.55,41.55,609592100.0,512581049.8,41140624.6427604,4747.8378,0.0338084776062206,0.1770538243626063,0.1432453467563856,2.4263793735463937,1.7233950056910967,0.7372855853141643,0.9999999999996552,0.1378902364498861,2.3580354222227693,0.1432453467563856,0.9083333333333332,1.8766565768574257,0.4162659969063783,1.8532815224934769,1.53113251519366,0.4680210058534268,1.469929275285187,2.3172776642284885,1.8192436883020813,0.0,,,,,,,,,,,,,,,0.0474716659508987,0.1,860283200.0,21099300,48,40.7730683008441,2025-10-30,41.167839487394,41.04,42.23,40.42,-0.009197605598219,0.0096821554766759,-0.0122743682310468,38.8,41.5,38.7,41.46,20522600,836341568.0,47,2025-10-29 14:55:00,40.75222281777162,0.0633495768145677,0.0890464933018124,0.1745042492917847,0.2808155699721966,0.5027183762232694,0.1869623097954451,0.3473287404133629,3.1373529402194147,3.0529506036015945,0.0675349734684032,asof1455,14:55,41.55,87.23880493972813,5.853666049243396,10.70864055604001,-276.2713066996665,2025-08-12,2025-06-30,0.039901,0.122436,0.363251,169402741.08,0.475247,1378052851.36,679036441.0,679036441.0,True,2025-08-13,1.12084,160.593769,0.40411,445.434298,0.343095,0.114587,0.051838,0.103307,0.202527,0.272727,0.239119,1.055759,0.500892,0.102894,0.153923,0.005847,2.408038,0.343187,0.656813,0.274394,4.217125,-0.109159,-0.89156,-0.109159,0.039901,2.559176,0.114587,1.111312,0.122436,0.935381,0.762872,0.171581,77,87.42818,5.866373,10.731886,-276.871028,asof1455_from_lagged_eod,1,1.0,1.0,1.0,0.10606060606060606,0.0,0.0,0.0,0.0,0.0,0.0,0.0,0.0,0.0,0.0,0.0,0.0,0.0,0.0,0.0,0.0,0.0,0.0,0.0,0.0,0.0,0.0,0.0,0.0,0.0,0.0,0.0,0.0,0.0,0.0,0.0,0.0,0.0,0.0
2025-10-30,41.0,42.23,40.42,41.04,16040776.0,0.0,0.0,36.29073760178016,32.006436586996394,2.385,0.0581140350877178,69.38584575248193,0.8771711372236931,0.3425414364638986,41.55,42.23,42.23,593551324.0,518775861.25,43472436.00860244,4709.911,0.0224834020780078,0.1384188626907074,0.1159354606126996,1.991304988770588,1.796352626742964,-0.2138364779873309,0.3425414364638986,-0.1310531662814928,1.7200660836030268,0.1159354606126996,0.925,1.279218981746338,0.5706660655880426,0.762067303854875,-0.5575045495375408,-0.238555103035435,0.9015837285715724,1.765229277095836,1.8269644122689024,0.0,,,,,,,,,,,,,,,0.0479562807883131,0.1,649554405.0,15778200,48,41.167839487394,2025-10-31,38.93422755244893,39.93,40.26,37.51,-0.0513102448233691,-0.0542562340593322,-0.0270467836257309,41.0,42.17,40.43,40.95,15608400,642597093.0,47,2025-10-30 14:55:00,41.16995290997156,-0.0144404332129962,0.051617873651772,0.1359223300970875,0.2412852379508943,0.5558510638297873,0.1571555731381664,0.3207689165071925,2.2731087867482707,2.6609182437590277,0.0424908424908425,asof1455,14:55,41.04,86.16567920577619,5.781660032490976,10.57691291696751,-272.8728904115524,2025-08-12,2025-06-30,0.039901,0.122436,0.363251,169402741.08,0.475247,1378052851.36,679036441.0,679036441.0,True,2025-08-13,1.12084,160.593769,0.40411,445.434298,0.343095,0.114587,0.051838,0.103307,0.202527,0.272727,0.239119,1.055759,0.500892,0.102894,0.153923,0.005847,2.408038,0.343187,0.656813,0.274394,4.217125,-0.109159,-0.89156,-0.109159,0.039901,2.559176,0.114587,1.111312,0.122436,0.935381,0.762872,0.171581,78,86.355054,5.794367,10.600159,-273.472611,asof1455_from_lagged_eod,1,0.9949748743718593,0.9949748743718593,0.9949748743718593,0.11055276381909548,0.0,0.0,0.0,0.0,0.0,0.0,0.0,0.0,0.0,0.0,0.0,0.0,0.0,0.0,0.0,0.0,0.0,0.0,0.0,0.0,0.0,0.0,0.0,0.0,0.0,0.0,0.0,0.0,0.0,0.0,0.0,0.0,0.0,0.0
2025-10-31,39.55,40.26,37.51,39.93,30751074.0,0.0,0.0,36.63733402065824,32.26622555135717,2.43,0.0608564988730262,64.5469426498093,1.6175042670376294,0.8799999999996806,42.23,42.23,42.23,562800250.0,522620058.25,43794916.10644111,4640.6676,-0.004294627601295,0.0488573680063042,0.0531519956075993,1.3550065758602503,1.7988100696704823,-0.9465020576127782,0.8799999999996806,0.4808843854343412,0.9174624664731468,0.0531519956075993,0.9833333333333332,0.4284434615812151,0.5640786267430995,-0.0775689218295968,1.1362239542960355,1.352121357523065,0.2059603690380401,0.5871768913961611,1.9537632146690973,0.0,,,,,,,,,,,,,,,0.0481985804974775,0.1,1187536768.0,30501100,48,38.93422755244893,2025-11-03,38.76789338937014,39.13,40.13,37.42,-0.029103596559726,-0.0042721834626029,-0.0200350613573753,39.55,40.06,37.54,39.68,29830900,1160812536.0,47,2025-10-31 14:55:00,38.91309132476727,-0.0331384015594541,0.0176968453449601,0.0422905174678223,0.1823599523241954,0.5145038167938931,0.1086586013243553,0.26976,1.4560928725858484,2.1606976435428957,0.0635080645161291,asof1455,14:55,39.93,83.49338554385965,5.602350939571151,10.248886674463938,-264.41016580116957,2025-08-12,2025-06-30,0.039901,0.122436,0.363251,169402741.08,0.475247,1378052851.36,679036441.0,679036441.0,True,2025-08-13,1.12084,160.593769,0.40411,445.434298,0.343095,0.114587,0.051838,0.103307,0.202527,0.272727,0.239119,1.055759,0.500892,0.102894,0.153923,0.005847,2.408038,0.343187,0.656813,0.274394,4.217125,-0.109159,-0.89156,-0.109159,0.039901,2.559176,0.114587,1.111312,0.122436,0.935381,0.762872,0.171581,79,76.704613,5.524522,9.9534,17.960336,asof1455_from_lagged_eod,1,0.99,0.99,0.99,0.115,0.0,0.0,0.0,0.0,0.0,0.0,0.0,0.0,0.0,0.0,0.0,0.0,0.0,0.0,0.0,0.0,0.0,0.0,0.0,0.0,0.0,0.0,0.0,0.0,0.0,0.0,0.0,0.0,0.0,0.0,0.0,0.0,0.0,0.0
2025-11-03,39.5,40.13,37.42,39.13,21957557.0,0.0,0.0,36.87473078059555,32.49126733655857,2.3635714285714284,0.0604030520974027,61.232505695973295,1.1303028739776104,0.6309963099628669,42.23,42.23,42.23,540842693.0,526049428.7,42379320.33062594,4653.4028,-0.0132772589149671,0.004879301489471,0.0181565604044381,0.9541785757524628,1.8545931766845485,-1.3115744938042175,0.6309963099628669,0.1224856268792892,0.349067993176603,0.0181565604044381,0.975,-0.103641283445307,0.6845578722506999,-0.4913453233107738,0.3486520559438077,0.4031310824716303,-0.2810171340925745,-0.0605387208991669,1.8822343512506503,0.0,,,,,,,,,,,,,,,0.0485399362922185,0.1,844953990.0,21795200,48,38.76789338937014,2025-11-04,39.540814835627984,39.55,40.49,38.1,0.0104987180073596,0.0199371536259376,0.0107334525939175,39.5,40.09,37.45,39.14,21578000,836451584.0,47,2025-11-03 14:55:00,38.76409231624803,-0.0197846230904081,-0.0580024067388688,0.005136106831022,0.202088452088452,0.5158791634391944,0.0839252828203103,0.2433751780296813,1.0964197593029703,1.915283269032485,0.0674501788451712,asof1455,14:55,39.13,75.18704114249937,5.415221414475332,9.756475732531932,17.604997521662913,2025-10-31,2025-09-30,0.06055,0.127434,0.36917,270302332.09,0.520568,,679036441.0,679036441.0,True,2025-11-01,1.701725,158.662522,0.598875,450.826515,0.425734,0.161829,0.111265,0.266715,0.282373,0.30303,0.295869,1.655401,1.022095,0.541795,0.400017,0.00625,2.666724,0.424379,0.575621,0.254607,3.615401,-0.02791,-0.219012,-0.02791,0.06055,2.700284,0.161829,1.087331,0.127434,0.947554,0.769234,0.174832,2,75.167832,5.413838,9.753983,17.6005,asof1455_from_lagged_eod,1,0.9552238805970149,0.9751243781094527,0.9701492537313433,0.7114427860696517,0.020649,0.0049979999999999886,0.005919000000000008,100899591.00999996,0.045321000000000056,,0.0,0.0,0.059427,0.163408,0.07984599999999997,0.030303000000000024,0.056749999999999995,0.599642,0.521203,0.43890100000000004,0.246094,0.0004030000000000006,0.25868599999999997,0.08119199999999999,-0.08119199999999993,-0.019787,-0.6017240000000004,0.081249,0.672548,0.081249,0.020649,0.141108,0.047242000000000006,-0.02398100000000003,0.0049979999999999886,0.01217299999999999,0.006361999999999979,0.003250999999999976
2025-11-04,39.14,40.49,38.1,39.55,18506782.0,0.0,0.0,37.12951832530074,32.72270119437632,2.4028571428571426,0.0607549214376,62.32625274159208,0.9286943869156956,0.6066945606692002,42.23,42.23,42.23,559349475.0,529980281.45,41633139.18799468,4618.699,-0.0156168844108864,0.0143626570915618,0.0299795415024483,1.0073348230016512,1.8339904825480429,-1.1153388822825323,0.6066945606692002,-0.073975564241595,0.705428274754475,0.0299795415024483,0.975,-0.034763921476269,0.622470104050357,-0.2628139752875962,0.2601147507605792,-0.1199227740283374,0.0319874082178861,0.1568742227289669,1.8377481117608232,1.0,,,,,,,,,,,,,,,0.0492824360550333,0.1,731773952.0,18506800,48,39.540814835627984,2025-11-05,40.766683475661466,42.23,43.51,37.85,0.0307631725830965,0.0310026145169097,0.0677623261694058,39.14,40.46,38.15,39.5,18163900,718220409.0,47,2025-11-04 14:55:00,39.54109023943096,0.0094556606184512,-0.0375243664717348,0.0130802769941009,0.2042682926829269,0.4816204051012753,0.0840331522037431,0.2460305776955267,1.1288226311814635,1.926325337882507,0.0584810126582279,asof1455,14:55,39.55,75.87859350881676,5.4650294147712755,9.846213352926142,17.76692435471505,2025-10-31,2025-09-30,0.06055,0.127434,0.36917,270302332.09,0.520568,,679036441.0,679036441.0,True,2025-11-01,1.701725,158.662522,0.598875,450.826515,0.425734,0.161829,0.111265,0.266715,0.282373,0.30303,0.295869,1.655401,1.022095,0.541795,0.400017,0.00625,2.666724,0.424379,0.575621,0.254607,3.615401,-0.02791,-0.219012,-0.02791,0.06055,2.700284,0.161829,1.087331,0.127434,0.947554,0.769234,0.174832,3,75.974642,5.471947,9.858677,17.789414,asof1455_from_lagged_eod,1,0.9603960396039604,0.9752475247524752,0.9752475247524752,0.7128712871287128,0.020649,0.0049979999999999886,0.005919000000000008,100899591.00999996,0.045321000000000056,,0.0,0.0,0.059427,0.163408,0.07984599999999997,0.030303000000000024,0.056749999999999995,0.599642,0.521203,0.43890100000000004,0.246094,0.0004030000000000006,0.25868599999999997,0.08119199999999999,-0.08119199999999993,-0.019787,-0.6017240000000004,0.081249,0.672548,0.081249,0.020649,0.141108,0.047242000000000006,-0.02398100000000003,0.0049979999999999886,0.01217299999999999,0.006361999999999979,0.003250999999999976
2025-11-05,38.49,43.51,37.85,42.23,35258891.0,0.0,0.0,37.61527848479591,33.0344159093148,2.568571428571428,0.0608233821589241,68.44411521359308,1.6597345698741657,0.77385159010587,42.23,43.51,43.51,594608366.0,536121072.55,41655225.23604564,4627.257,-0.0253969922898378,0.0163658243080626,0.0417628165979004,1.7966101560854313,1.7834281439574675,0.0,0.77385159010587,0.5066576919172919,1.40408059537724,0.0417628165979004,0.975,1.0097868805754264,0.4854467884755501,1.0161816577626217,0.7815868575575207,1.3924365460065562,0.6471938306619399,0.3728461836013869,1.7957721635405306,0.0,,,,,,,,,,,,,,,0.0499958223003806,0.1,1437388416.0,35258900,48,40.766683475661466,2025-11-06,42.71703929256217,41.82,44.44,40.96,0.0115330166365656,0.0478419054634431,-0.0097087378640775,38.49,43.51,37.89,42.31,34384300,1400450432.0,47,2025-11-05 14:55:00,40.729357061216895,0.0697850821744627,0.0596043075381917,0.0182912154031289,0.3010455104551044,0.5911996991350132,0.1504942148985057,0.3256881452585733,2.081970289740103,2.5247418754412854,0.1328291184117229,asof1455,14:55,42.23,81.2765386351454,5.853807271049305,10.546665584576486,19.03084971782554,2025-10-31,2025-09-30,0.06055,0.127434,0.36917,270302332.09,0.520568,,679036441.0,679036441.0,True,2025-11-01,1.701725,158.662522,0.598875,450.826515,0.425734,0.161829,0.111265,0.266715,0.282373,0.30303,0.295869,1.655401,1.022095,0.541795,0.400017,0.00625,2.666724,0.424379,0.575621,0.254607,3.615401,-0.02791,-0.219012,-0.02791,0.06055,2.700284,0.161829,1.087331,0.127434,0.947554,0.769234,0.174832,4,81.122861,5.842739,10.526724,18.994866,asof1455_from_lagged_eod,1,0.9753694581280788,1.0,0.9901477832512315,0.7142857142857143,0.020649,0.0049979999999999886,0.005919000000000008,100899591.00999996,0.045321000000000056,,0.0,0.0,0.059427,0.163408,0.07984599999999997,0.030303000000000024,0.056749999999999995,0.599642,0.521203,0.43890100000000004,0.246094,0.0004030000000000006,0.25868599999999997,0.08119199999999999,-0.08119199999999993,-0.019787,-0.6017240000000004,0.081249,0.672548,0.081249,0.020649,0.141108,0.047242000000000006,-0.02398100000000003,0.0049979999999999886,0.01217299999999999,0.006361999999999979,0.003250999999999976
2025-11-06,42.63,44.44,40.96,41.82,34942957.0,0.0,0.0,38.01572815291058,33.32246784671431,2.5464285714285704,0.060890209742432,66.66065185050616,1.5876560906951442,0.2471264367815382,43.51,44.44,44.44,559665409.0,539533022.8,40636836.787095554,4693.4032,-0.0035049069929347,0.0190058479532164,0.0225107549461511,1.4939636987161555,1.8430755760651345,-0.6636746143054891,0.2471264367815382,0.4622587717984736,0.4954220798601429,0.0225107549461511,0.9833333333333332,0.5985941036145359,0.6213953482094002,0.2495476919412536,-0.8974947767124859,1.2570999656361332,-0.1370642776306632,0.0039625431084959,1.779132977519766,0.0,,,,,,,,,,,,,,,0.0510315086194645,0.1,1492661504.0,34943000,48,42.71703929256217,2025-11-07,41.26164989500463,41.07,42.42,40.6,-0.0133512698468524,-0.0340704651272718,-0.0179340028694404,42.63,44.36,40.97,41.75,34124400,1458491648.0,47,2025-11-06 14:55:00,42.74043347282296,-0.0113663272555054,0.066956299514439,0.0173001949317739,0.2136627906976744,0.515426497277677,0.1204744907544079,0.2975442485897948,1.6487461952381852,2.2452111483337056,0.0811976047904191,asof1455,14:55,41.82,80.20079201397112,5.776328516457495,10.407073810087617,18.778964136869526,2025-10-31,2025-09-30,0.06055,0.127434,0.36917,270302332.09,0.520568,,679036441.0,679036441.0,True,2025-11-01,1.701725,158.662522,0.598875,450.826515,0.425734,0.161829,0.111265,0.266715,0.282373,0.30303,0.295869,1.655401,1.022095,0.541795,0.400017,0.00625,2.666724,0.424379,0.575621,0.254607,3.615401,-0.02791,-0.219012,-0.02791,0.06055,2.700284,0.161829,1.087331,0.127434,0.947554,0.769234,0.174832,5,80.33526,5.786014,10.424522,18.81045,asof1455_from_lagged_eod,1,0.9705882352941176,0.9852941176470589,0.9852941176470589,0.7107843137254902,0.020649,0.0049979999999999886,0.005919000000000008,100899591.00999996,0.045321000000000056,,0.0,0.0,0.059427,0.163408,0.07984599999999997,0.030303000000000024,0.056749999999999995,0.599642,0.521203,0.43890100000000004,0.246094,0.0004030000000000006,0.25868599999999997,0.08119199999999999,-0.08119199999999993,-0.019787,-0.6017240000000004,0.081249,0.672548,0.081249,0.020649,0.141108,0.047242000000000006,-0.02398100000000003,0.0049979999999999886,0.01217299999999999,0.006361999999999979,0.003250999999999976
2025-11-07,41.82,42.42,40.6,41.07,26572556.0,0.0,0.0,38.30661118596672,33.57648529436302,2.5664285714285704,0.062489130056696,63.40588604656755,1.1781363214641118,0.2582417582416156,44.44,44.44,44.44,533092853.0,542399382.55,37972311.41924931,4678.7944,0.0082158006748855,0.02854996243426,0.0203341617593744,1.0767448760492853,1.8430771634407488,-1.3131088227103145,0.2582417582416156,0.1639338013388764,-0.2450872544272401,0.0203341617593744,0.9916666666666668,0.0435623030795418,0.6085329763605059,-0.4912514875423073,-0.8608213189593386,0.4745061322852759,-0.7761562066660923,-0.0436424742065954,1.7635312573268636,0.0,,,,,,,,,,,,,,,0.0518034263746649,0.1,1096429318.0,26572600,48,41.26164989500463,2025-11-10,40.600329771281125,40.83,42.3,39.33,-0.0114358468156531,-0.0160274764922468,-0.0058436815193572,41.82,42.38,40.6,41.06,25579000,1055630846.0,47,2025-11-07 14:55:00,41.26943375425154,-0.0181731229076995,0.0381795195954488,0.0282995241672927,0.2194832194832194,0.5162481536189072,0.09109268707483,0.2667365952983278,1.2192206076458312,1.9670605659308245,0.043351193375548,asof1455,14:55,41.07,78.87531744619801,5.68086405643233,10.235075880439982,18.468605380200863,2025-10-31,2025-09-30,0.06055,0.127434,0.36917,270302332.09,0.520568,,679036441.0,679036441.0,True,2025-11-01,1.701725,158.662522,0.598875,450.826515,0.425734,0.161829,0.111265,0.266715,0.282373,0.30303,0.295869,1.655401,1.022095,0.541795,0.400017,0.00625,2.666724,0.424379,0.575621,0.254607,3.615401,-0.02791,-0.219012,-0.02791,0.06055,2.700284,0.161829,1.087331,0.127434,0.947554,0.769234,0.174832,6,78.894527,5.682247,10.237569,18.473103,asof1455_from_lagged_eod,1,0.9560975609756097,0.9804878048780488,0.975609756097561,0.7073170731707317,0.0,0.0,0.0,0.0,0.0,,0.0,0.0,0.0,0.0,0.0,0.0,0.0,0.0,0.0,0.0,0.0,0.0,0.0,0.0,0.0,0.0,0.0,0.0,0.0,0.0,0.0,0.0,0.0,0.0,0.0,0.0,0.0,0.0
2025-11-10,41.32,42.3,39.33,40.83,22206319.0,0.0,0.0,38.54693393016037,33.814305448646195,2.617142857142856,0.0640985269934556,62.3566632506264,0.976924044635153,0.5050505050503352,44.44,44.44,44.44,510886534.0,543221227.65,37093329.015450455,4695.0507,0.0089499881677983,0.0434449271658572,0.0344949389980588,0.8723505725366425,1.808318742935949,-1.3793668122265474,0.5050505050503352,-0.0233463734260652,-0.8717118281977774,0.0344949389980588,1.0,-0.2295372768067592,0.5072284030457012,-0.564757543138184,-0.0781213249502286,-0.031426277100755,-1.3100982693258194,0.2153762556891827,1.7484816741159972,0.0,,,,,,,,,,,,,,,0.0520785120361375,0.1,901583103.0,22206300,48,40.600329771281125,2025-11-11,40.76520934976626,39.6,42.22,39.45,-0.0015868393395478,0.0040610403761243,-0.0301249081557677,41.32,42.21,39.38,40.76,21651900,878958338.0,47,2025-11-10 14:55:00,40.59497494446215,-0.0075480886291697,-0.0348093772199857,0.0416560184002043,0.1749783799365811,0.510188958873657,0.0725751276248618,0.2485003803290739,1.0021146047366,1.8122880713181535,0.0694308145240431,asof1455,14:55,40.83,78.29902411784757,5.639356896031166,10.160294921840759,18.333666381300215,2025-10-31,2025-09-30,0.06055,0.127434,0.36917,270302332.09,0.520568,,679036441.0,679036441.0,True,2025-11-01,1.701725,158.662522,0.598875,450.826515,0.425734,0.161829,0.111265,0.266715,0.282373,0.30303,0.295869,1.655401,1.022095,0.541795,0.400017,0.00625,2.666724,0.424379,0.575621,0.254607,3.615401,-0.02791,-0.219012,-0.02791,0.06055,2.700284,0.161829,1.087331,0.127434,0.947554,0.769234,0.174832,9,78.433493,5.649042,10.177744,18.365152,asof1455_from_lagged_eod,1,0.9514563106796117,0.9757281553398058,0.970873786407767,0.7038834951456311,0.0,0.0,0.0,0.0,0.0,,0.0,0.0,0.0,0.0,0.0,0.0,0.0,0.0,0.0,0.0,0.0,0.0,0.0,0.0,0.0,0.0,0.0,0.0,0.0,0.0,0.0,0.0,0.0,0.0,0.0,0.0,0.0,0.0
2025-11-11,41.05,42.22,39.45,39.6,23530024.0,0.0,0.0,38.647225936811765,34.00400035196927,2.72642857142857,0.0688492063492045,57.13819316903551,1.0433982409299154,0.0541516245487164,44.44,44.44,44.44,487356510.0,544222592.25,35255861.978630625,4652.1655,0.0072458716188261,0.0012642225031607,-0.0059816491156654,0.3494586556099142,1.703043180187874,-1.7752161383278786,0.0541516245487164,0.0424829257027937,-1.6129539616551658,-0.0059816491156654,1.0,-0.915177732723566,0.2235876559977567,-1.0052502841669118,-1.4970577688357782,0.1371405631215228,-1.9227508141025904,-0.5457861735442953,1.7110958051962002,0.0,,,,,,,,,,,,,,,0.0526894883933825,0.1,959205376.0,23530000,48,40.76520934976626,2025-11-12,37.29819587524335,37.11,39.14,35.68,-0.058126366786784,-0.0850483421972856,-0.0628787878787879,41.05,42.19,39.45,39.47,23080500,941420480.0,47,2025-11-11 14:55:00,40.78856523905461,-0.0333088415380847,-0.0561932089909135,-0.0020227560050568,0.1656822209096278,0.4727611940298506,0.0303061943668587,0.2005048994509977,0.4287766146238238,1.453520038916246,0.0694198125158346,asof1455,14:55,39.6,75.82096421038452,5.460878955180014,9.838735137888808,17.75343006220916,2025-10-31,2025-09-30,0.06055,0.127434,0.36917,270302332.09,0.520568,,679036441.0,679036441.0,True,2025-11-01,1.701725,158.662522,0.598875,450.826515,0.425734,0.161829,0.111265,0.266715,0.282373,0.30303,0.295869,1.655401,1.022095,0.541795,0.400017,0.00625,2.666724,0.424379,0.575621,0.254607,3.615401,-0.02791,-0.219012,-0.02791,0.06055,2.700284,0.161829,1.087331,0.127434,0.947554,0.769234,0.174832,10,76.070691,5.478865,9.87114,17.811903,asof1455_from_lagged_eod,1,0.9371980676328503,0.9516908212560387,0.9516908212560387,0.6956521739130435,0.0,0.0,0.0,0.0,0.0,,0.0,0.0,0.0,0.0,0.0,0.0,0.0,0.0,0.0,0.0,0.0,0.0,0.0,0.0,0.0,0.0,0.0,0.0,0.0,0.0,0.0,0.0,0.0,0.0,0.0,0.0,0.0,0.0
2025-11-12,39.0,39.14,35.68,37.11,29587208.0,0.0,0.0,38.50082346663922,34.105836406003064,2.838571428571428,0.0764907418100606,48.32194758800025,1.2970192701594512,0.4132947976877416,44.44,44.44,44.44,457769302.0,542525595.35,38417729.85098873,4645.9079,0.0040306600649153,-0.1212408240587259,-0.1252714841236413,-0.4899730380710169,1.5483094828607071,-2.582284851534068,0.4132947976877416,0.2600687627100196,-2.206176514821286,-0.1252714841236413,1.0,-1.990321881110712,-0.1921846931591135,-1.889099740510296,-0.3601613841268712,0.703473887833185,-2.3655469201217403,-2.698965779221334,1.6751143207600525,0.0,,,,,,,,,,,,,,,0.0530423786105613,0.1,1103549181.0,29587200,48,37.29819587524335,2025-11-13,37.457917543754135,37.32,38.3,36.9,0.0093753043318278,0.0042822893912892,0.0056588520614389,39.0,39.0,35.99,37.2,28993100,1081497593.0,47,2025-11-12 14:55:00,37.30189572691433,-0.0606060606060605,-0.0942293644996347,-0.1191096376983186,0.0508474576271187,0.3527272727272728,-0.0361695512488339,0.1241670737910924,-0.5542937474786762,0.9039467616533468,0.0809139784946235,asof1455,14:55,37.11,71.4603460909091,5.146812575757576,9.272889090909091,16.73239372727273,2025-10-31,2025-09-30,0.06055,0.127434,0.36917,270302332.09,0.520568,,679036441.0,679036441.0,True,2025-11-01,1.701725,158.662522,0.598875,450.826515,0.425734,0.161829,0.111265,0.266715,0.282373,0.30303,0.295869,1.655401,1.022095,0.541795,0.400017,0.00625,2.666724,0.424379,0.575621,0.254607,3.615401,-0.02791,-0.219012,-0.02791,0.06055,2.700284,0.161829,1.087331,0.127434,0.947554,0.769234,0.174832,11,71.287458,5.134361,9.250455,16.691913,asof1455_from_lagged_eod,1,0.8894230769230769,0.9326923076923077,0.9230769230769231,0.6875,0.0,0.0,0.0,0.0,0.0,,0.0,0.0,0.0,0.0,0.0,0.0,0.0,0.0,0.0,0.0,0.0,0.0,0.0,0.0,0.0,0.0,0.0,0.0,0.0,0.0,0.0,0.0,0.0,0.0,0.0,0.0,0.0,0.0
2025-11-13,37.37,38.3,36.9,37.32,19953372.0,0.0,0.0,38.38836408886405,34.21121881892099,2.754999999999999,0.0738210075026775,49.03615441689451,0.8982609001892012,0.2999999999997872,44.44,42.42,42.42,477722674.0,540230240.35,40777097.0015974,4702.0738,0.0018474014761826,-0.1076040172166427,-0.1094514186928253,-0.38779095784525,1.516205179652104,-2.584392014518118,0.2999999999997872,-0.1072947181451297,-1.5329086900803988,-0.1094514186928253,0.9916666666666668,-1.813502754306732,-0.2911927867593983,-1.8470173032405124,-0.7093372454538698,-0.273585699933222,-1.7491020632395895,-2.331697509990928,1.6182016648710935,0.0,,,,,,,,,,,,,,,0.0531623328748077,0.1,747375354.0,19952400,48,37.457917543754135,2025-11-14,37.85808204532249,37.38,38.6,36.51,0.0144180612358653,0.0106830418722805,0.0016077170418007,37.37,38.26,36.92,37.28,19541900,732059901.0,47,2025-11-13 14:55:00,37.46104017521326,0.0045809754783077,-0.0869458731325005,-0.1085604973696795,-0.0163588390501319,0.3521944142183533,-0.0362317903907551,0.1211580488000481,-0.5752689478976194,0.8923224780968168,0.0359442060085835,asof1455,14:55,37.32,71.6140240970089,5.15788138183778,9.29283110751819,16.768378244139047,2025-10-31,2025-09-30,0.06055,0.127434,0.36917,270302332.09,0.520568,,679036441.0,679036441.0,True,2025-11-01,1.701725,158.662522,0.598875,450.826515,0.425734,0.161829,0.111265,0.266715,0.282373,0.30303,0.295869,1.655401,1.022095,0.541795,0.400017,0.00625,2.666724,0.424379,0.575621,0.254607,3.615401,-0.02791,-0.219012,-0.02791,0.06055,2.700284,0.161829,1.087331,0.127434,0.947554,0.769234,0.174832,12,71.690863,5.163415,9.302802,16.78637,asof1455_from_lagged_eod,1,0.8947368421052632,0.9330143540669856,0.9234449760765551,0.6889952153110048,0.0,0.0,0.0,0.0,0.0,,0.0,0.0,0.0,0.0,0.0,0.0,0.0,0.0,0.0,0.0,0.0,0.0,0.0,0.0,0.0,0.0,0.0,0.0,0.0,0.0,0.0,0.0,0.0,0.0,0.0,0.0,0.0,0.0
2025-11-14,36.97,38.6,36.51,37.38,17209966.0,0.0,0.0,38.292329413734144,34.3151132838744,2.7721428571428564,0.0741611251242049,49.25195559464641,0.7912880767017232,0.4162679425835344,44.44,42.3,42.3,494932640.0,540119913.5,40896345.933415405,4628.1398,-0.0108264214388219,-0.0898466033601168,-0.0790201819212949,-0.3291062043873584,1.4347082148419557,-2.546766297345125,0.4162679425835344,-0.2340931844677195,-1.1049220283291517,-0.0790201819212949,0.9916666666666668,-1.701894481330018,-0.5196269971814026,-1.7641863585433697,-0.3290481743490998,-0.6181831563788597,-1.3586174573636305,-1.7474632591132466,1.5858767915020613,1.0,,,,,,,,,,,,,,,0.0535672513624177,0.1,651537592.0,17210000,48,37.85808204532249,2025-11-17,37.957783261998,38.25,38.59,36.95,0.0154570161048153,0.0026335517091475,0.0232744783306579,36.97,38.59,36.55,37.52,16825300,637137464.0,47,2025-11-14 14:55:00,37.86782191105062,0.0053590568060022,-0.0525252525252525,-0.0864377891404918,0.0999706830841395,0.4062968515742131,-0.0292995278442532,0.1228882249367777,-0.4624711326897511,0.9159928006189376,0.0543710021321963,asof1455,14:55,37.38,72.07505840728831,5.191086034297964,9.35265624437299,16.876329110396572,2025-10-31,2025-09-30,0.06055,0.127434,0.36917,270302332.09,0.520568,,679036441.0,679036441.0,True,2025-11-01,1.701725,158.662522,0.598875,450.826515,0.425734,0.161829,0.111265,0.266715,0.282373,0.30303,0.295869,1.655401,1.022095,0.541795,0.400017,0.00625,2.666724,0.424379,0.575621,0.254607,3.615401,-0.02791,-0.219012,-0.02791,0.06055,2.700284,0.161829,1.087331,0.127434,0.947554,0.769234,0.174832,13,71.806122,5.171717,9.317758,16.813357,asof1455_from_lagged_eod,1,0.9047619047619048,0.9333333333333333,0.9333333333333333,0.6904761904761905,0.0,0.0,0.0,0.0,0.0,,0.0,0.0,0.0,0.0,0.0,0.0,0.0,0.0,0.0,0.0,0.0,0.0,0.0,0.0,0.0,0.0,0.0,0.0,0.0,0.0,0.0,0.0,0.0,0.0,0.0,0.0,0.0,0.0
2025-11-17,37.39,38.59,36.95,38.25,16471481.0,0.0,0.0,38.28829804099756,34.44412596309164,2.7921428571428564,0.0729971988795498,52.39939092002097,0.7580806780658065,0.7926829268287829,44.44,42.22,42.22,511404121.0,539988154.7,40984309.91755692,4598.0525,-0.0206596704056891,-0.0631888317413665,-0.0425291613356774,-0.0137163615749718,1.376782018180191,-2.2169352775638003,0.7926829268287829,-0.2769654635605988,-0.6974384528493714,-0.0425291613356774,0.975,-1.28480812424169,-0.6836720902357956,-1.3774913339332249,0.864031188785663,-0.7530608126906035,-0.9974792576355974,-1.0878540906109706,1.5114860159065373,0.0,,,,,,,,,,,,,,,0.0540255079240893,0.1,625221627.0,16471500,48,37.957783261998,2025-11-18,37.568158243127485,37.25,38.59,37.11,-0.0178259282842487,-0.0102646937040865,-0.0261437908496732,37.39,38.59,36.99,38.13,15999800,607198848.0,47,2025-11-17 14:55:00,37.95040238002975,0.0200642054574637,0.0274858528698465,-0.0661278471711975,0.1126349576889407,0.3440253789213958,-0.0176731244847485,0.1350860567691874,-0.3062028917310913,1.0257858700227802,0.04196170993968,asof1455,14:55,38.25,73.24685478491172,5.275483392455858,9.504711410914926,17.150703649277688,2025-10-31,2025-09-30,0.06055,0.127434,0.36917,270302332.09,0.520568,,679036441.0,679036441.0,True,2025-11-01,1.701725,158.662522,0.598875,450.826515,0.425734,0.161829,0.111265,0.266715,0.282373,0.30303,0.295869,1.655401,1.022095,0.541795,0.400017,0.00625,2.666724,0.424379,0.575621,0.254607,3.615401,-0.02791,-0.219012,-0.02791,0.06055,2.700284,0.161829,1.087331,0.127434,0.947554,0.769234,0.174832,16,73.477372,5.292086,9.534624,17.204679,asof1455_from_lagged_eod,1,0.9146919431279621,0.933649289099526,0.933649289099526,0.6919431279620853,0.0,0.0,0.0,0.0,0.0,,0.0,0.0,0.0,0.0,0.0,0.0,0.0,0.0,0.0,0.0,0.0,0.0,0.0,0.0,0.0,0.0,0.0,0.0,0.0,0.0,0.0,0.0,0.0,0.0,0.0,0.0,0.0,0.0
2025-11-18,37.95,38.59,37.11,37.25,10370227.0,0.0,0.0,38.1894125132835,34.536121833154205,2.6907142857142854,0.0722339405560862,48.66340342617253,0.4849799320679113,0.0945945945945308,44.44,39.14,39.14,501033894.0,538474295.9,41827371.68818578,4568.1928,-0.0180502391843111,-0.0593434343434343,-0.0412931951591232,-0.3491312765055512,1.357740098799871,-2.672152906821412,0.0945945945945308,-0.7236477660802773,-0.8951172495157061,-0.0412931951591232,0.9666666666666668,-1.6903280472683408,-0.7441171956670083,-1.836526663141916,-1.3830602895454334,-1.9191332579173288,-1.1496512654642854,-1.0603152584494218,1.4612224291699072,0.0,,,,,,,,,,,,,,,0.0543077457313331,0.1,385930176.0,10272800,48,37.568158243127485,2025-11-19,36.57569347004857,36.11,37.6,36.05,-0.0181021887235283,-0.0264177116870101,-0.0306040268456375,37.95,38.56,37.11,37.28,10110300,379877920.0,47,2025-11-18 14:55:00,37.573357862773605,-0.0253594771241829,-0.0010718113612003,-0.0585858585858586,0.0315439955727725,0.2850741123750431,-0.0444700756119441,0.1043689919571839,-0.871622169855918,0.7988724805283877,0.0388948497854078,asof1455,14:55,37.25,71.61402426562093,5.157881466143792,9.292830920784315,16.76837733647059,2025-10-31,2025-09-30,0.06055,0.127434,0.36917,270302332.09,0.520568,,679036441.0,679036441.0,True,2025-11-01,1.701725,158.662522,0.598875,450.826515,0.425734,0.161829,0.111265,0.266715,0.282373,0.30303,0.295869,1.655401,1.022095,0.541795,0.400017,0.00625,2.666724,0.424379,0.575621,0.254607,3.615401,-0.02791,-0.219012,-0.02791,0.06055,2.700284,0.161829,1.087331,0.127434,0.947554,0.769234,0.174832,17,71.556395,5.15373,9.285353,16.754884,asof1455_from_lagged_eod,1,0.8867924528301887,0.9245283018867925,0.910377358490566,0.6792452830188679,0.0,0.0,0.0,0.0,0.0,,0.0,0.0,0.0,0.0,0.0,0.0,0.0,0.0,0.0,0.0,0.0,0.0,0.0,0.0,0.0,0.0,0.0,0.0,0.0,0.0,0.0,0.0,0.0,0.0,0.0,0.0,0.0,0.0
2025-11-19,37.01,37.6,36.05,36.11,14824042.0,0.0,0.0,37.99137322630412,34.587724396001605,2.6721428571428576,0.0740000791233116,44.74662508326836,0.6903378147861257,0.0387096774193312,44.44,38.6,38.6,486209852.0,536869627.55,43164673.62869411,4588.2922,-0.0124013866051886,-0.0269469145782808,-0.0145455279730921,-0.7040691036687469,1.2737525694792131,-3.1173483025917217,0.0387096774193312,-0.3705742145527125,-1.1736397218192671,-0.0145455279730921,0.9833333333333332,-2.086173822107523,-0.9759398102047924,-2.247207280984935,-1.5328637719750684,-0.96612706656132,-1.3603307037562764,-0.5834800025197913,1.4782636754457443,0.0,,,,,,,,,,,,,,,0.0545031140993922,0.1,542198080.0,14824000,48,36.57569347004857,2025-11-20,36.57459341386272,36.21,37.35,36.0,0.0128660596472645,-3.0076153901159582e-05,0.0027693159789532,37.01,37.6,36.06,36.15,14481200,529810656.0,47,2025-11-19 14:55:00,36.586101704278654,-0.0295302013422819,-0.0329052969502409,-0.0258690379951496,0.0240793201133144,0.272887323943662,-0.0747494913041808,0.0665552086150518,-1.5179562531204351,0.5140372655667304,0.0426002766251728,asof1455,14:55,36.11,69.44332024832214,5.001539315436242,9.011154656375838,16.260108902013425,2025-10-31,2025-09-30,0.06055,0.127434,0.36917,270302332.09,0.520568,,679036441.0,679036441.0,True,2025-11-01,1.701725,158.662522,0.598875,450.826515,0.425734,0.161829,0.111265,0.266715,0.282373,0.30303,0.295869,1.655401,1.022095,0.541795,0.400017,0.00625,2.666724,0.424379,0.575621,0.254607,3.615401,-0.02791,-0.219012,-0.02791,0.06055,2.700284,0.161829,1.087331,0.127434,0.947554,0.769234,0.174832,18,69.366481,4.996006,9.001184,16.242117,asof1455_from_lagged_eod,1,0.8591549295774648,0.9014084507042254,0.892018779342723,0.6713615023474179,0.0,0.0,0.0,0.0,0.0,,0.0,0.0,0.0,0.0,0.0,0.0,0.0,0.0,0.0,0.0,0.0,0.0,0.0,0.0,0.0,0.0,0.0,0.0,0.0,0.0,0.0,0.0,0.0,0.0,0.0,0.0,0.0,0.0
2025-11-20,36.51,37.35,36.0,36.21,14512305.0,0.0,0.0,37.82171863332277,34.64091376006713,2.516428571428572,0.069495403795319,45.16356698657218,0.6802102483252138,0.1555555555554408,44.44,38.6,38.6,500722157.0,535126382.0,43879378.73115657,4564.9483,-0.0291627706906684,-0.0297427652733118,-0.0005799945826434,-0.6404785939968737,1.264015561327316,-3.27050808969498,0.1555555555554408,-0.3853533398874149,-0.784063630681518,-0.0005799945826434,0.95,-2.016600395016505,-1.0151483524669005,-2.362886702694434,-1.1676997756641754,-0.9891223464158008,-1.0275045161899166,-0.3529543398481339,1.3635588354096828,0.0,,,,,,,,,,,,,,,0.0549253051056555,0.1,530781472.0,14512300,48,36.57459341386272,2025-11-21,36.88618012789813,36.27,37.9,35.51,0.0186738505357118,0.0085192119707149,0.0016570008285003,36.51,37.31,36.0,36.24,14253700,521407008.0,47,2025-11-20 14:55:00,36.5804673874152,0.0036001107726393,-0.052549019607843,-0.0289389067524115,0.0052704576976423,0.2765058119056005,-0.0734064585410754,0.065172238115766,-1.5507801239193304,0.5111067816418632,0.0361479028697572,asof1455,14:55,36.21,69.61620801550818,5.013992175020771,9.03358925948491,16.300590420382168,2025-10-31,2025-09-30,0.06055,0.127434,0.36917,270302332.09,0.520568,,679036441.0,679036441.0,True,2025-11-01,1.701725,158.662522,0.598875,450.826515,0.425734,0.161829,0.111265,0.266715,0.282373,0.30303,0.295869,1.655401,1.022095,0.541795,0.400017,0.00625,2.666724,0.424379,0.575621,0.254607,3.615401,-0.02791,-0.219012,-0.02791,0.06055,2.700284,0.161829,1.087331,0.127434,0.947554,0.769234,0.174832,19,69.558579,5.009841,9.026111,16.287097,asof1455_from_lagged_eod,1,0.8598130841121495,0.9018691588785047,0.8925233644859814,0.6728971962616822,0.0,0.0,0.0,0.0,0.0,,0.0,0.0,0.0,0.0,0.0,0.0,0.0,0.0,0.0,0.0,0.0,0.0,0.0,0.0,0.0,0.0,0.0,0.0,0.0,0.0,0.0,0.0,0.0,0.0,0.0,0.0,0.0,0.0
2025-11-21,35.51,37.9,35.51,36.27,17956121.0,0.0,0.0,37.67393590633966,34.694326423671484,2.4935714285714288,0.0687502461695991,45.42964527911195,0.8486211318111748,0.3179916317990321,42.42,38.59,38.59,518678278.0,533207280.6,43717148.61249125,4453.6076,-0.0377110907496787,-0.0296950240770464,0.0080160666726322,-0.5630221337366738,1.1949164353290662,-2.4663420223421784,0.3179916317990321,-0.1641424445546298,-0.3323410391831609,0.0080160666726322,0.9333333333333332,-1.9020698700345244,-1.219595502597047,-1.5085949550915827,-0.6365615683234322,-0.3962567266213083,-0.6467124660514351,-0.2069210906852388,1.2957491931280445,1.0,,,,,,,,,,,,,,,0.0558309637348914,0.1,654674368.0,17748500,48,36.88618012789813,2025-11-24,36.836476268512186,36.9,37.44,36.06,0.0156183145440358,-0.0013474927252863,0.0173697270471462,35.51,37.84,35.51,36.25,17586800,648806656.0,47,2025-11-21 14:55:00,36.89168330793549,0.0011046672190002,-0.0268456375838925,-0.0302300695559123,-0.047806671920147,0.296494992846924,-0.0733403205603415,0.0614001698240271,-1.56061130709407,0.4894672399163445,0.0642758620689656,asof1455,14:55,36.27,69.63541808202153,5.015375207125103,9.036081848936758,16.305088822148576,2025-10-31,2025-09-30,0.06055,0.127434,0.36917,270302332.09,0.520568,,679036441.0,679036441.0,True,2025-11-01,1.701725,158.662522,0.598875,450.826515,0.425734,0.161829,0.111265,0.266715,0.282373,0.30303,0.295869,1.655401,1.022095,0.541795,0.400017,0.00625,2.666724,0.424379,0.575621,0.254607,3.615401,-0.02791,-0.219012,-0.02791,0.06055,2.700284,0.161829,1.087331,0.127434,0.947554,0.769234,0.174832,20,69.673837,5.018142,9.041067,16.314084,asof1455_from_lagged_eod,1,0.8604651162790697,0.9023255813953488,0.8930232558139535,0.6744186046511628,0.0,0.0,0.0,0.0,0.0,,0.0,0.0,0.0,0.0,0.0,0.0,0.0,0.0,0.0,0.0,0.0,0.0,0.0,0.0,0.0,0.0,0.0,0.0,0.0,0.0,0.0,0.0,0.0,0.0,0.0,0.0,0.0,0.0
2025-11-24,36.34,37.44,36.06,36.9,14767328.0,0.0,0.0,37.6002277247835,34.76664359010848,2.421428571428572,0.0656213704994174,48.268042310592826,0.7039155952303812,0.6086956521734712,42.3,38.59,38.59,533445606.0,531107840.0,42633645.343479685,4448.0478,-0.0326235292006777,-0.0352941176470588,-0.002670588446381,-0.2891795913558993,1.1702117370334488,-2.2300884955743,0.6086956521734712,-0.3510968231505146,0.0548338285681577,-0.002670588446381,0.925,-1.5405293514628653,-1.3031689962773347,-1.2445912389550042,0.3048082801328467,-0.8848413924884763,-0.3203565568276264,-0.3935878772238755,1.2514696253416075,0.0,,,,,,,,,,,,,,,0.0567612606641383,0.1,543975296.0,14767300,48,36.836476268512186,2025-11-25,37.43247470757924,36.76,38.4,36.4,0.0144302088774861,0.016179572517269,-0.0037940379403794,36.34,37.42,36.2,36.83,14449700,532257824.0,47,2025-11-24 14:55:00,36.83521623286297,0.0154397573752411,0.0199390750484629,-0.0371241830065359,-0.0541859270672829,0.290017513134851,-0.0563427195162572,0.0740270912616829,-1.1397655288400397,0.6021714232418754,0.0331251696986152,asof1455,14:55,36.9,70.74958413868211,5.095620894954507,9.180658880893299,16.565969498759305,2025-10-31,2025-09-30,0.06055,0.127434,0.36917,270302332.09,0.520568,,679036441.0,679036441.0,True,2025-11-01,1.701725,158.662522,0.598875,450.826515,0.425734,0.161829,0.111265,0.266715,0.282373,0.30303,0.295869,1.655401,1.022095,0.541795,0.400017,0.00625,2.666724,0.424379,0.575621,0.254607,3.615401,-0.02791,-0.219012,-0.02791,0.06055,2.700284,0.161829,1.087331,0.127434,0.947554,0.769234,0.174832,23,70.884053,5.105306,9.198108,16.597456,asof1455_from_lagged_eod,1,0.8703703703703703,0.9074074074074074,0.9027777777777778,0.6759259259259259,0.0,0.0,0.0,0.0,0.0,,0.0,0.0,0.0,0.0,0.0,0.0,0.0,0.0,0.0,0.0,0.0,0.0,0.0,0.0,0.0,0.0,0.0,0.0,0.0,0.0,0.0,0.0,0.0,0.0,0.0,0.0,0.0,0.0
2025-11-25,37.29,38.4,36.4,36.76,17090133.0,0.0,0.0,37.520206036708885,34.83199953797377,2.16,0.0587595212187144,47.67460393056071,0.8068834659738627,0.1799999999999097,42.22,38.4,38.4,516355473.0,527500975.55,40630633.727161616,4490.4047,-0.0170281998605662,-0.0131543624161074,0.0038738374444587,-0.3519472392169142,1.244540045710124,-2.5277777777766075,0.1799999999999097,-0.2145760251371411,-0.2743127913003541,0.0038738374444587,0.7916666666666666,-1.5950702738149611,-1.1134292890094366,-1.520945677395586,-1.0678697343177967,-0.5177200898232323,-0.5901428429287763,-0.2742081236475226,0.8834274408602071,0.0,,,,,,,,,,,,,,,0.0572056671842796,0.1,639724736.0,17090100,48,37.43247470757924,2025-11-26,36.53073166946349,36.77,37.29,35.3,-0.0062368969133979,-0.0240898590103946,0.0002720348204572,37.29,38.39,36.42,36.68,16665900,624143616.0,47,2025-11-25 14:55:00,37.45033967562508,-0.0059620596205961,0.0129798398232532,-0.0153020134228187,-0.059245960502693,0.2802792321116929,-0.0577234310375833,0.0653293575494713,-1.1322807746595414,0.5405472112445842,0.0537077426390403,asof1455,14:55,36.76,70.4614380498645,5.074867861246612,9.143268331707317,16.49850097777778,2025-10-31,2025-09-30,0.06055,0.127434,0.36917,270302332.09,0.520568,,679036441.0,679036441.0,True,2025-11-01,1.701725,158.662522,0.598875,450.826515,0.425734,0.161829,0.111265,0.266715,0.282373,0.30303,0.295869,1.655401,1.022095,0.541795,0.400017,0.00625,2.666724,0.424379,0.575621,0.254607,3.615401,-0.02791,-0.219012,-0.02791,0.06055,2.700284,0.161829,1.087331,0.127434,0.947554,0.769234,0.174832,24,70.615116,5.085936,9.16321,16.534484,asof1455_from_lagged_eod,1,0.8617511520737328,0.8986175115207373,0.8986175115207373,0.6728110599078341,0.0,0.0,0.0,0.0,0.0,,0.0,0.0,0.0,0.0,0.0,0.0,0.0,0.0,0.0,0.0,0.0,0.0,0.0,0.0,0.0,0.0,0.0,0.0,0.0,0.0,0.0,0.0,0.0,0.0,0.0,0.0,0.0,0.0
2025-11-26,36.5,37.29,35.3,36.77,10309341.0,0.0,0.0,37.44875784273661,34.89554053672873,2.0535714285714293,0.0558491005866568,47.7240434887805,0.4994612401780676,0.7386934673363145,39.14,38.4,38.4,526664814.0,523354611.25,36010323.28091575,4517.6255,-0.0154015256482574,0.0182774854610912,0.0336790111093486,-0.3305255582020135,1.2433058185771446,-1.1540869565211755,0.7386934673363145,-0.6942252811454563,0.0919237165458688,0.0336790111093486,0.7333333333333333,-1.5529771743147325,-1.1373406836792506,-0.127891348441279,0.7162917197863516,-1.7602896355871422,-0.2923412991279855,0.2493151435506832,0.7164586593022569,0.0,,,,,,,,,,,,,,,0.0572056671842796,0.1,376606272.0,10309300,48,36.53073166946349,2025-11-27,37.00924276082466,36.35,37.85,36.23,0.0065064661633031,0.0130988641478857,-0.0114223551808539,36.5,37.26,35.32,36.71,10061100,367490432.0,47,2025-11-26 14:55:00,36.52587013348441,-0.001360174102285,0.0121312379376894,0.0166158958737192,-0.1164861612515041,0.2994690265486726,-0.0542437943605003,0.0620313893777573,-1.03226105285207,0.5226420934145322,0.0528466357940615,asof1455,14:55,36.77,70.51906714798695,5.079018241566921,9.1507464390642,16.51199422306855,2025-10-31,2025-09-30,0.06055,0.127434,0.36917,270302332.09,0.520568,,679036441.0,679036441.0,True,2025-11-01,1.701725,158.662522,0.598875,450.826515,0.425734,0.161829,0.111265,0.266715,0.282373,0.30303,0.295869,1.655401,1.022095,0.541795,0.400017,0.00625,2.666724,0.424379,0.575621,0.254607,3.615401,-0.02791,-0.219012,-0.02791,0.06055,2.700284,0.161829,1.087331,0.127434,0.947554,0.769234,0.174832,25,70.634326,5.08732,9.165703,16.538982,asof1455_from_lagged_eod,1,0.8623853211009175,0.8990825688073395,0.8990825688073395,0.6743119266055045,0.0,0.0,0.0,0.0,0.0,,0.0,0.0,0.0,0.0,0.0,0.0,0.0,0.0,0.0,0.0,0.0,0.0,0.0,0.0,0.0,0.0,0.0,0.0,0.0,0.0,0.0,0.0,0.0,0.0,0.0,0.0,0.0,0.0
2025-11-27,36.86,37.85,36.23,36.35,10263607.0,0.0,0.0,37.34411423866646,34.94322773224582,2.039285714285715,0.0561013951660428,45.76808872057064,0.5043029897426303,0.0740740740740309,38.6,38.4,38.4,516401207.0,519497105.4,32216480.237623308,4515.4027,-0.0108534854600653,0.0038663352665009,0.0147198207265663,-0.487481588137427,1.1773173761776663,-1.1033274956211747,0.0740740740740309,-0.6845780214168716,-0.0960967299085795,0.0147198207265663,0.7333333333333333,-1.7155943142762091,-1.342527301489039,-0.0752294831714263,-1.3949273082502551,-1.709521380921217,-0.4500160293149985,-0.0820991413527236,0.7038655232917042,1.0,,,,,,,,,,,,,,,0.0572056671842796,0.1,379848064.0,10263600,48,37.00924276082466,2025-11-28,37.12204101608753,37.47,37.62,36.35,0.0212390926021328,0.0030478401298787,0.0308115543328748,36.86,37.84,36.25,36.32,10029400,371337216.0,47,2025-11-27 14:55:00,37.02486848664925,-0.0122382376937721,-0.0157181571815717,0.0030378348522508,-0.1150097465886939,0.3074154067674586,-0.0584941609529116,0.0464496487344352,-1.1370142350693064,0.4002136808125305,0.0437775330396476,asof1455,14:55,36.35,69.7698863290726,5.025060168615719,9.05353094805548,16.336574007070983,2025-10-31,2025-09-30,0.06055,0.127434,0.36917,270302332.09,0.520568,,679036441.0,679036441.0,True,2025-11-01,1.701725,158.662522,0.598875,450.826515,0.425734,0.161829,0.111265,0.266715,0.282373,0.30303,0.295869,1.655401,1.022095,0.541795,0.400017,0.00625,2.666724,0.424379,0.575621,0.254607,3.615401,-0.02791,-0.219012,-0.02791,0.06055,2.700284,0.161829,1.087331,0.127434,0.947554,0.769234,0.174832,26,69.827516,5.029211,9.061009,16.350068,asof1455_from_lagged_eod,1,0.8493150684931506,0.8904109589041096,0.8812785388127854,0.6666666666666666,0.0,0.0,0.0,0.0,0.0,,0.0,0.0,0.0,0.0,0.0,0.0,0.0,0.0,0.0,0.0,0.0,0.0,0.0,0.0,0.0,0.0,0.0,0.0,0.0,0.0,0.0,0.0,0.0,0.0,0.0,0.0,0.0,0.0
2025-11-28,36.71,37.62,36.35,37.47,12668156.0,0.0,0.0,37.35610335879346,35.026072724631206,1.917857142857144,0.0511838041862047,51.47899199845711,0.6513887798476574,0.8818897637788339,38.6,38.4,38.4,529069363.0,517810561.05,30755169.585327737,4526.6616,0.016403331088262,0.0330851943755168,0.0166818632872547,0.0593874479288897,1.2149135522627397,-0.5891992551207368,0.8818897637788339,-0.4286486109618882,0.3660783569657566,0.0166818632872547,0.625,-1.0593760087737156,-1.2589553819802204,0.4439824916889255,1.1631414734358574,-1.0265161689534688,-0.0628768908843204,-0.0459735004658129,0.4074812156222696,0.0,,,,,,,,,,,,,,,0.0572056671842796,0.1,470269440.0,12668200,48,37.12204101608753,2025-12-01,36.30105936124274,35.99,37.78,35.7,-0.0311967077330466,-0.022115746666219,-0.0394982652788896,36.71,37.62,36.35,37.48,12426700,461220192.0,47,2025-11-28 14:55:00,37.11525924018444,0.0310866574965611,0.0195865070729053,0.033360904328646,-0.0613573754069622,0.3693825356229447,-0.0224818736633457,0.0754457112250361,-0.4405761270889624,0.6688976566920818,0.0338847385272144,asof1455,14:55,37.47,71.99822007372765,5.185552359834938,9.342685483356258,16.858336963961484,2025-10-31,2025-09-30,0.06055,0.127434,0.36917,270302332.09,0.520568,,679036441.0,679036441.0,True,2025-11-01,1.701725,158.662522,0.598875,450.826515,0.425734,0.161829,0.111265,0.266715,0.282373,0.30303,0.295869,1.655401,1.022095,0.541795,0.400017,0.00625,2.666724,0.424379,0.575621,0.254607,3.615401,-0.02791,-0.219012,-0.02791,0.06055,2.700284,0.161829,1.087331,0.127434,0.947554,0.769234,0.174832,27,71.97901,5.184169,9.340193,16.853839,asof1455_from_lagged_eod,1,0.9,0.9272727272727272,0.9272727272727272,0.6954545454545454,0.0,0.0,0.0,0.0,0.0,,0.0,0.0,0.0,0.0,0.0,0.0,0.0,0.0,0.0,0.0,0.0,0.0,0.0,0.0,0.0,0.0,0.0,0.0,0.0,0.0,0.0,0.0,0.0,0.0,0.0,0.0,0.0,0.0
2025-12-01,37.03,37.78,35.7,35.99,17831497.0,0.0,0.0,37.225998277003605,35.05767689759411,1.8685714285714288,0.0519191839002883,44.76989129865098,0.9267151638589144,0.1394230769230096,38.59,38.4,38.4,511237866.0,516330319.7,30320379.32927163,4576.4856,0.0288750943728617,-0.024661246612466,-0.0535363409853277,-0.6614669678150293,1.1604166403561398,-1.391437308867757,0.1394230769230096,-0.0761090272354496,-0.1679548149677559,-0.0535363409853277,0.6416666666666667,-1.8743082999708955,-1.4406178258293876,-0.3609954885788166,-1.1748511625243825,-0.1045299026591338,-0.4961529264665669,-1.2803487667155071,0.4430375685938943,0.0,,,,,,,,,,,,,,,0.0572056671842796,0.1,647302340.0,17831500,48,36.30105936124274,2025-12-02,35.3983418870904,35.4,35.89,35.0,-0.01643951411252,-0.0248675242551222,-0.0163934426229509,37.03,37.78,35.7,35.97,17408100,632068866.0,47,2025-12-01 14:55:00,36.30889448015579,-0.0400320256204963,-0.0217568670111505,-0.0252032520325202,-0.0807564528494761,0.2985559566787004,-0.0588450770559147,0.0271566863702561,-1.165299208418385,0.2488464423466162,0.0578259660828467,asof1455,14:55,35.99,69.09754442754203,4.976636213771017,8.966286154523619,16.17914568534828,2025-10-31,2025-09-30,0.06055,0.127434,0.36917,270302332.09,0.520568,,679036441.0,679036441.0,True,2025-11-01,1.701725,158.662522,0.598875,450.826515,0.425734,0.161829,0.111265,0.266715,0.282373,0.30303,0.295869,1.655401,1.022095,0.541795,0.400017,0.00625,2.666724,0.424379,0.575621,0.254607,3.615401,-0.02791,-0.219012,-0.02791,0.06055,2.700284,0.161829,1.087331,0.127434,0.947554,0.769234,0.174832,30,69.135964,4.979403,8.971271,16.188142,asof1455_from_lagged_eod,1,0.8235294117647058,0.8597285067873304,0.8597285067873304,0.6470588235294118,0.0,0.0,0.0,0.0,0.0,,0.0,0.0,0.0,0.0,0.0,0.0,0.0,0.0,0.0,0.0,0.0,0.0,0.0,0.0,0.0,0.0,0.0,0.0,0.0,0.0,0.0,0.0,0.0,0.0,0.0,0.0,0.0,0.0
2025-12-02,35.89,35.89,35.0,35.4,9878676.0,0.0,0.0,37.05209367919374,35.06890060586972,1.6592857142857151,0.0468724778046798,42.39769045851119,0.5251762641771839,0.4494382022466841,38.59,37.85,37.85,501359190.0,513430805.45,28802648.66072917,4554.3347,0.014237024114998,-0.0369967355821545,-0.0512337596971526,-0.9956655836719076,1.1952089120326943,-1.9225139905283308,0.4494382022466841,-0.6440213314491341,-0.4191147693461599,-0.0512337596971526,0.475,-2.1987480459702824,-1.3583700301962134,-0.8846737804293188,-0.190957831000947,-1.5511692708308158,-0.6929251599744753,-1.219362000884593,-0.0083739970403674,1.0,,,,,,,,,,,,,,,0.0572056671842796,0.1,349689600.0,9878700,48,35.3983418870904,2025-12-03,36.64063573911199,36.88,37.45,35.37,0.0350462073195476,0.0350946904796871,0.0418079096045198,35.89,35.89,35.01,35.41,9698900,343324064.0,47,2025-12-02 14:55:00,35.39824763632989,-0.0161155876632399,-0.02585969738652,-0.0367247007616975,-0.104677623261694,0.256119191202554,-0.0696757921286322,0.0071915161915776,-1.341674094581819,0.0682866768029094,0.0248517367975149,asof1455,14:55,35.4,68.0217973114754,4.899156994442899,8.826693695748817,15.927260578494023,2025-10-31,2025-09-30,0.06055,0.127434,0.36917,270302332.09,0.520568,,679036441.0,679036441.0,True,2025-11-01,1.701725,158.662522,0.598875,450.826515,0.425734,0.161829,0.111265,0.266715,0.282373,0.30303,0.295869,1.655401,1.022095,0.541795,0.400017,0.00625,2.666724,0.424379,0.575621,0.254607,3.615401,-0.02791,-0.219012,-0.02791,0.06055,2.700284,0.161829,1.087331,0.127434,0.947554,0.769234,0.174832,31,68.002587,4.897773,8.824201,15.922762,asof1455_from_lagged_eod,1,0.7972972972972973,0.8558558558558559,0.8468468468468469,0.6441441441441441,0.0,0.0,0.0,0.0,0.0,,0.0,0.0,0.0,0.0,0.0,0.0,0.0,0.0,0.0,0.0,0.0,0.0,0.0,0.0,0.0,0.0,0.0,0.0,0.0,0.0,0.0,0.0,0.0,0.0,0.0,0.0,0.0,0.0
2025-12-03,35.59,37.45,35.37,36.88,18384865.0,0.0,0.0,37.03570380498481,35.128280913873986,1.707857142857144,0.0463084908583811,49.61043298110038,1.0232853220865408,0.7259615384611899,38.4,37.85,37.85,519744055.0,509687589.9,22092621.989506453,4531.0486,0.0029712732939017,0.0029915692140332,2.029592013141901e-05,-0.0911691037133444,1.116851546446504,-0.8900041823499568,0.7259615384611899,0.023018355302571,0.4551956352114584,2.029592013141901e-05,0.45,-1.1433497386644509,-1.5965092926438291,0.1753650417015261,0.6731472895876132,0.1816708645868222,0.0629887235848687,-0.3062511764859035,-0.085211272392831,1.0,,,,,,,,,,,,,,,0.0572056671842796,0.1,673634424.0,18384900,48,36.64063573911199,2025-12-04,38.05084121355398,38.46,38.86,36.6,0.0317473214087304,0.0384874728834649,0.0428416485900216,35.59,37.45,35.38,36.88,18122200,663944440.0,47,2025-12-03 14:55:00,36.6370771760603,0.0418079096045198,-0.0157459300773951,0.0029915692140332,-0.1266871892019889,0.2240292067706606,-0.0257433066081971,0.0454304936125178,-0.4808237749984514,0.4464575958751615,0.0561279826464208,asof1455,14:55,36.88,70.84563301016951,5.102538650847458,9.193122397740114,16.588459394350284,2025-10-31,2025-09-30,0.06055,0.127434,0.36917,270302332.09,0.520568,,679036441.0,679036441.0,True,2025-11-01,1.701725,158.662522,0.598875,450.826515,0.425734,0.161829,0.111265,0.266715,0.282373,0.30303,0.295869,1.655401,1.022095,0.541795,0.400017,0.00625,2.666724,0.424379,0.575621,0.254607,3.615401,-0.02791,-0.219012,-0.02791,0.06055,2.700284,0.161829,1.087331,0.127434,0.947554,0.769234,0.174832,32,70.845633,5.102539,9.193123,16.58846,asof1455_from_lagged_eod,1,0.8699551569506726,0.9103139013452914,0.9013452914798207,0.6816143497757847,0.0,0.0,0.0,0.0,0.0,,0.0,0.0,0.0,0.0,0.0,0.0,0.0,0.0,0.0,0.0,0.0,0.0,0.0,0.0,0.0,0.0,0.0,0.0,0.0,0.0,0.0,0.0,0.0,0.0,0.0,0.0,0.0,0.0
2025-12-04,36.87,38.86,36.6,38.46,19288755.0,0.0,0.0,37.17135106165293,35.23751760522238,1.7200000000000009,0.0447217888715537,55.951619569469926,1.1224965478311768,0.8230088495571584,38.4,38.86,38.86,539032810.0,508655959.95,20129273.78356564,4546.5664,0.0069016435676934,0.0580467675378266,0.0511451239701332,0.7492144990385601,1.1243217769938505,0.0348837209302135,0.8230088495571584,0.1155552652007474,1.5090882252692552,0.0511451239701332,0.3666666666666666,-0.1781275259481548,-1.5755053178327658,1.1094667214570006,0.9761849607889732,0.4236030796667455,0.9734495257453892,0.6024931623758445,-0.3185122390864082,1.0,,,,,,,,,,,,,,,0.0572056671842796,0.1,733955066.0,19288800,48,38.05084121355398,2025-12-05,40.49984166747302,40.9,41.21,38.02,0.0530380048744933,0.0643612697068753,0.0634425377015079,36.87,38.77,36.66,38.45,18960400,721328002.0,47,2025-12-04 14:55:00,38.04392322946773,0.0425704989154012,0.0683523200889135,0.0577716643741403,-0.0805834528933524,0.3281519861830744,0.0229600659802591,0.0864702197900528,0.488084151934877,0.8664195753134974,0.0548764629388818,asof1455,14:55,38.46,73.86156694278742,5.319756630965292,9.58447883270065,17.29463901843818,2025-10-31,2025-09-30,0.06055,0.127434,0.36917,270302332.09,0.520568,,679036441.0,679036441.0,True,2025-11-01,1.701725,158.662522,0.598875,450.826515,0.425734,0.161829,0.111265,0.266715,0.282373,0.30303,0.295869,1.655401,1.022095,0.541795,0.400017,0.00625,2.666724,0.424379,0.575621,0.254607,3.615401,-0.02791,-0.219012,-0.02791,0.06055,2.700284,0.161829,1.087331,0.127434,0.947554,0.769234,0.174832,33,73.880777,5.32114,9.586971,17.299137,asof1455_from_lagged_eod,1,0.9196428571428571,0.9375,0.9375,0.7098214285714286,0.0,0.0,0.0,0.0,0.0,,0.0,0.0,0.0,0.0,0.0,0.0,0.0,0.0,0.0,0.0,0.0,0.0,0.0,0.0,0.0,0.0,0.0,0.0,0.0,0.0,0.0,0.0,0.0,0.0,0.0,0.0,0.0,0.0
2025-12-05,38.02,41.21,38.02,40.9,27903259.0,0.0,0.0,37.52646048435265,35.423172765706894,1.8307142857142864,0.0447607404820108,63.57498978152394,1.6175489030093624,0.9028213166141362,38.86,41.21,41.21,566936069.0,510348120.75,23287222.31885598,4584.5368,0.012785404590438,0.0915398985855351,0.078754493995097,1.8427449558734723,1.1488891167001345,1.1143191572370026,0.9028213166141362,0.4809119806356498,2.42999991476785,0.078754493995097,0.375,1.0800291473547934,-1.5054432865152936,2.181678163028532,1.217202265349722,1.3887493958771435,1.7682784471940376,1.1143792289269228,-0.3016016593296353,1.0,,,,,,,,,,,,,,,0.0572056671842796,0.1,1130079232.0,27903300,48,40.49984166747302,2025-12-08,41.65833412748076,42.01,42.33,40.91,0.018541176711021,0.0286048639281017,0.0271393643031785,38.02,41.18,38.02,40.81,27388400,1109040640.0,47,2025-12-05 14:55:00,40.493078821690936,0.0611024440977638,0.1528248587570622,0.0891379770483054,-0.0063306549793036,0.4435797665369652,0.0906224110745879,0.1480144404332131,2.265566090531599,1.52428300147762,0.0774320019603037,asof1455,14:55,40.9,78.39507304654185,5.646274659386375,10.172758359594384,18.356156551482062,2025-10-31,2025-09-30,0.06055,0.127434,0.36917,270302332.09,0.520568,,679036441.0,679036441.0,True,2025-11-01,1.701725,158.662522,0.598875,450.826515,0.425734,0.161829,0.111265,0.266715,0.282373,0.30303,0.295869,1.655401,1.022095,0.541795,0.400017,0.00625,2.666724,0.424379,0.575621,0.254607,3.615401,-0.02791,-0.219012,-0.02791,0.06055,2.700284,0.161829,1.087331,0.127434,0.947554,0.769234,0.174832,34,78.567961,5.658727,10.195193,18.396638,asof1455_from_lagged_eod,1,0.9555555555555556,0.9777777777777777,0.9733333333333334,0.7288888888888889,0.0,0.0,0.0,0.0,0.0,,0.0,0.0,0.0,0.0,0.0,0.0,0.0,0.0,0.0,0.0,0.0,0.0,0.0,0.0,0.0,0.0,0.0,0.0,0.0,0.0,0.0,0.0,0.0,0.0,0.0,0.0,0.0,0.0
2025-12-08,41.0,42.33,40.91,42.01,17419146.0,0.0,0.0,37.95346424774763,35.639134314372235,1.8271428571428576,0.0434930458734304,66.42200423372925,1.0239945411243303,0.7746478873233982,41.21,42.33,42.33,584355215.0,514021554.8,28330877.34492449,4621.7545,0.0098916295071485,0.1672686857460403,0.1573770562388918,2.220152483639641,1.2666387438325966,0.4378420641123466,0.7746478873233982,0.0237111956698355,2.4825796724788103,0.1573770562388918,0.3333333333333333,1.49283778066542,-1.1595216839572613,1.4716319830812428,0.8015548799315327,0.1998324208348378,1.78661087964819,2.465176901746973,-0.4182006727133771,0.0,,,,,,,,,,,,,,,0.0572056671842796,0.1,725650688.0,17419100,48,41.65833412748076,2025-12-09,41.4588934112521,41.6,42.02,41.04,-0.0131184620030444,-0.0047875346051605,-0.0097595810521303,41.0,42.32,40.91,42.14,17014900,708624128.0,47,2025-12-08 14:55:00,41.647269628384535,0.030317848410758,0.1426247288503253,0.1708808002222839,0.0320842517756552,0.3646373056994818,0.1264217265206293,0.1784500799336295,3.2035267111225685,1.884514756339784,0.0334598955861415,asof1455,14:55,42.01,80.94997253154034,5.830287427383864,10.504289315892422,18.95438448215159,2025-10-31,2025-09-30,0.06055,0.127434,0.36917,270302332.09,0.520568,,679036441.0,679036441.0,True,2025-11-01,1.701725,158.662522,0.598875,450.826515,0.425734,0.161829,0.111265,0.266715,0.282373,0.30303,0.295869,1.655401,1.022095,0.541795,0.400017,0.00625,2.666724,0.424379,0.575621,0.254607,3.615401,-0.02791,-0.219012,-0.02791,0.06055,2.700284,0.161829,1.087331,0.127434,0.947554,0.769234,0.174832,37,80.700246,5.812301,10.471884,18.895911,asof1455_from_lagged_eod,1,0.9734513274336283,0.9911504424778761,0.9867256637168141,0.7389380530973452,0.0,0.0,0.0,0.0,0.0,,0.0,0.0,0.0,0.0,0.0,0.0,0.0,0.0,0.0,0.0,0.0,0.0,0.0,0.0,0.0,0.0,0.0,0.0,0.0,0.0,0.0,0.0,0.0,0.0,0.0,0.0,0.0,0.0
2025-12-09,41.63,42.02,41.04,41.6,13689922.0,0.0,0.0,38.30075336700976,35.834572533573144,1.7864285714285717,0.0429429945054934,64.41914464151111,0.8287394256385961,0.5714285714279883,42.33,42.33,42.33,570665293.0,518186993.95,30168893.76452193,4598.2232,0.0096366435255625,0.1751412429378531,0.1655045994122905,1.846839378722011,1.3805090630984929,-0.4086365453816167,0.5714285714279883,-0.1878494969739088,1.7394837033008326,0.1655045994122905,0.325,1.0545450485782604,-0.827761571334129,0.6156071883830115,0.1509194170507513,-0.3522867896455929,1.1388762088244109,2.5211863533896444,-0.4421734221960495,0.0,,,,,,,,,,,,,,,0.0572056671842796,0.1,563293693.0,13586800,48,41.4588934112521,2025-12-10,42.2825437196542,41.94,43.88,41.38,0.0164073009532259,0.019866673725029,0.0081730769230767,41.63,42.01,41.05,41.63,13499500,559664516.0,47,2025-12-09 14:55:00,41.458166302455645,-0.009045465365389,0.0824232969318772,0.1759887005649718,0.0512626262626263,0.3649180327868853,0.1110369767410828,0.15817977799004,2.556148757979522,1.663224396512279,0.0230602930578909,asof1455,14:55,41.6,79.97027471982862,5.759726032611283,10.377160935967627,18.724988691502027,2025-10-31,2025-09-30,0.06055,0.127434,0.36917,270302332.09,0.520568,,679036441.0,679036441.0,True,2025-11-01,1.701725,158.662522,0.598875,450.826515,0.425734,0.161829,0.111265,0.266715,0.282373,0.30303,0.295869,1.655401,1.022095,0.541795,0.400017,0.00625,2.666724,0.424379,0.575621,0.254607,3.615401,-0.02791,-0.219012,-0.02791,0.06055,2.700284,0.161829,1.087331,0.127434,0.947554,0.769234,0.174832,38,79.912645,5.755575,10.369683,18.711495,asof1455_from_lagged_eod,1,0.960352422907489,0.9779735682819384,0.9779735682819384,0.7312775330396476,0.0,0.0,0.0,0.0,0.0,,0.0,0.0,0.0,0.0,0.0,0.0,0.0,0.0,0.0,0.0,0.0,0.0,0.0,0.0,0.0,0.0,0.0,0.0,0.0,0.0,0.0,0.0,0.0,0.0,0.0,0.0,0.0,0.0
2025-12-10,42.35,43.88,41.38,41.94,20740179.0,0.0,0.0,38.647348284437406,36.03475048329206,1.8685714285714288,0.0445534436950735,65.35217180920958,1.2900833893624235,0.2239999999999084,42.33,43.88,43.88,591405472.0,524868802.45,30839065.93128269,4591.8273,0.0134138265477885,0.1372017353579173,0.1237879088101288,1.7621224777466211,1.3981792513767315,-0.2087155963301638,0.2239999999999084,0.254706859200925,2.1575449041894035,0.1237879088101288,0.3833333333333333,0.947960404434468,-0.7803514561158359,0.8032698176485035,-0.941767012266499,0.8075761812157854,1.4746380942654287,1.7667391039856382,-0.2893459432378277,1.0,,,,,,,,,,,,,,,0.0572056671842796,0.1,876944185.0,20740100,48,42.2825437196542,2025-12-11,42.429811176032665,41.73,43.84,41.7,0.0116788549364013,0.0034829374825433,-0.0050071530758226,42.35,43.8,41.38,41.91,20517000,867589185.0,47,2025-12-10 14:55:00,42.28635692352683,0.0074519230769229,0.0246943765281173,0.1363882863340562,0.1293451899757476,0.4154002026342451,0.1155325463474359,0.1599992619109125,2.402019730816838,1.6906623158117404,0.0577427821522308,asof1455,14:55,41.94,80.50814788341346,5.798465102163461,10.446957080048076,18.850931621394228,2025-10-31,2025-09-30,0.06055,0.127434,0.36917,270302332.09,0.520568,,679036441.0,679036441.0,True,2025-11-01,1.701725,158.662522,0.598875,450.826515,0.425734,0.161829,0.111265,0.266715,0.282373,0.30303,0.295869,1.655401,1.022095,0.541795,0.400017,0.00625,2.666724,0.424379,0.575621,0.254607,3.615401,-0.02791,-0.219012,-0.02791,0.06055,2.700284,0.161829,1.087331,0.127434,0.947554,0.769234,0.174832,39,80.565777,5.802616,10.454435,18.864425,asof1455_from_lagged_eod,1,0.9692982456140351,0.9868421052631579,0.9824561403508771,0.7368421052631579,0.0,0.0,0.0,0.0,0.0,,0.0,0.0,0.0,0.0,0.0,0.0,0.0,0.0,0.0,0.0,0.0,0.0,0.0,0.0,0.0,0.0,0.0,0.0,0.0,0.0,0.0,0.0,0.0,0.0,0.0,0.0,0.0,0.0
2025-12-11,43.3,43.84,41.7,41.73,17730944.0,0.0,0.0,38.94093416211003,36.22147997564314,1.850714285714286,0.044349731265618,64.23182310724061,1.110578859193082,0.0140186915887757,43.88,43.88,43.88,573674528.0,529666395.15,30594005.339785267,4552.1848,0.0012357457267093,0.0850234009360373,0.0837876552093279,1.507021294111864,1.469407896970895,-1.1617136240827406,0.0140186915887757,0.1048813741616443,1.4384560753400493,0.0837876552093279,0.3833333333333333,0.6527997465592953,-0.5719071826037428,-0.1508138843168085,-1.572729014276394,0.4029553656185024,0.8611909828866322,1.075813819297771,-0.2954200472096662,1.0,,,,,,,,,,,,,,,0.0572056671842796,0.1,752314496.0,17730800,48,42.429811176032665,2025-12-12,43.58204854504108,44.16,45.05,41.5,0.0443817048895538,0.0271563162095633,0.0582314881380301,43.3,43.7,41.7,41.71,17467300,741314624.0,47,2025-12-11 14:55:00,42.4401380865961,-0.0054840247973294,-0.0071411568674124,0.0845033801352053,0.117631296891747,0.4264705882352941,0.1031181402237444,0.1479342595947872,1.913595950677207,1.5848516245049329,0.0479501318628626,asof1455,14:55,41.73,80.12395228111588,5.77079430996662,10.39710261921793,18.76097202551264,2025-10-31,2025-09-30,0.06055,0.127434,0.36917,270302332.09,0.520568,,679036441.0,679036441.0,True,2025-11-01,1.701725,158.662522,0.598875,450.826515,0.425734,0.161829,0.111265,0.266715,0.282373,0.30303,0.295869,1.655401,1.022095,0.541795,0.400017,0.00625,2.666724,0.424379,0.575621,0.254607,3.615401,-0.02791,-0.219012,-0.02791,0.06055,2.700284,0.161829,1.087331,0.127434,0.947554,0.769234,0.174832,40,80.162372,5.773562,10.402088,18.769968,asof1455_from_lagged_eod,1,0.9563318777292577,0.9737991266375546,0.9737991266375546,0.7292576419213974,0.0,0.0,0.0,0.0,0.0,,0.0,0.0,0.0,0.0,0.0,0.0,0.0,0.0,0.0,0.0,0.0,0.0,0.0,0.0,0.0,0.0,0.0,0.0,0.0,0.0,0.0,0.0,0.0,0.0,0.0,0.0,0.0,0.0
2025-12-12,41.5,45.05,41.5,44.16,25856448.0,0.0,0.0,39.43798805143289,36.48175932070402,2.0057142857142862,0.045419254658384,70.52797061560064,1.5768221310567252,0.7492957746476758,43.88,45.05,45.05,599530976.0,534896311.95,33051057.90322285,4580.95,-0.0007823691152397,0.0797066014669927,0.0804889705822324,2.354279461535133,1.473903213325623,0.139601139601067,0.7492957746476758,0.4554115121819805,1.955600460331934,0.0804889705822324,0.4416666666666666,1.576061484541015,-0.5660577667982288,1.130706767762068,0.7192042709873105,1.3107493131167534,1.2738994541650894,1.004593345129034,-0.1401309987098356,0.0,,,,,,,,,,,,,,,0.0572056671842796,0.1,1126874880.0,25856400,48,43.58204854504108,2025-12-15,44.30535958413491,44.05,45.36,43.32,0.0032916572494319,0.0165965360335531,-0.0024909420289854,41.5,45.04,41.5,43.88,25324100,1103408764.0,47,2025-12-12 14:55:00,43.57148976666495,0.0515216870357058,0.0548076923076923,0.0728606356968215,0.1738897806313537,0.3644278606965176,0.1537804188633107,0.200777166625619,2.6532712281876507,2.201632760514403,0.0806745670009115,asof1455,14:55,44.16,84.29247264222383,6.0710256544452434,10.93802112245387,19.73702841696621,2025-10-31,2025-09-30,0.06055,0.127434,0.36917,270302332.09,0.520568,,679036441.0,679036441.0,True,2025-11-01,1.701725,158.662522,0.598875,450.826515,0.425734,0.161829,0.111265,0.266715,0.282373,0.30303,0.295869,1.655401,1.022095,0.541795,0.400017,0.00625,2.666724,0.424379,0.575621,0.254607,3.615401,-0.02791,-0.219012,-0.02791,0.06055,2.700284,0.161829,1.087331,0.127434,0.947554,0.769234,0.174832,41,84.830346,6.109765,11.007817,19.862971,asof1455_from_lagged_eod,1,0.991304347826087,1.0,1.0,0.7478260869565218,0.0,0.0,0.0,0.0,0.0,,0.0,0.0,0.0,0.0,0.0,0.0,0.0,0.0,0.0,0.0,0.0,0.0,0.0,0.0,0.0,0.0,0.0,0.0,0.0,0.0,0.0,0.0,0.0,0.0,0.0,0.0,0.0,0.0
2025-12-15,44.18,45.36,43.32,44.05,19544807.0,0.0,0.0,39.87722728462976,36.72989835936946,2.008571428571429,0.0455975352683628,69.92790368511746,1.1808489434958895,0.3578431372547251,45.05,45.36,45.36,579986169.0,538325414.35,33980498.72957154,4552.0596,-0.0150797494760919,0.048559866698405,0.0636396161744969,2.0774828597138764,1.5669489670562662,-0.4978662873397236,0.3578431372547251,0.1662336234426426,1.2260195172987467,0.0636396161744969,0.4583333333333333,1.2451776454644243,-0.2937684927835047,0.4793845415908384,-0.5146224004075143,0.5420229899183449,0.6542307287310956,0.7062360668302216,-0.0993145606358278,0.0,,,,,,,,,,,,,,,0.0572056671842796,0.1,865939392.0,19544800,48,44.30535958413491,2025-12-16,41.79435088373516,41.7,44.0,40.81,-0.0512065633658305,-0.0566750552070658,-0.0533484676503971,44.18,45.33,43.33,44.0,19238800,852473153.0,47,2025-12-15 14:55:00,44.31010005821569,-0.003623188405797,0.0491177873152122,0.0473696738871698,0.1503267973856208,0.4003819223424569,0.1467142726834416,0.1975070081376044,2.19118947687873,2.120467812989855,0.0454545454545454,asof1455,14:55,44.05,84.52298967391306,6.087628170289856,10.967933605072464,19.79100371376812,2025-10-31,2025-09-30,0.06055,0.127434,0.36917,270302332.09,0.520568,,679036441.0,679036441.0,True,2025-11-01,1.701725,158.662522,0.598875,450.826515,0.425734,0.161829,0.111265,0.266715,0.282373,0.30303,0.295869,1.655401,1.022095,0.541795,0.400017,0.00625,2.666724,0.424379,0.575621,0.254607,3.615401,-0.02791,-0.219012,-0.02791,0.06055,2.700284,0.161829,1.087331,0.127434,0.947554,0.769234,0.174832,44,84.619039,6.094546,10.980397,19.813494,asof1455_from_lagged_eod,1,0.9913419913419913,1.0,1.0,0.7489177489177489,0.0,0.0,0.0,0.0,0.0,,0.0,0.0,0.0,0.0,0.0,0.0,0.0,0.0,0.0,0.0,0.0,0.0,0.0,0.0,0.0,0.0,0.0,0.0,0.0,0.0,0.0,0.0,0.0,0.0,0.0,0.0,0.0,0.0
2025-12-16,43.02,44.0,40.81,41.7,20916906.0,0.0,0.0,40.05082468609359,36.89285251152128,2.097857142857143,0.0503083247687552,58.48045050247533,1.2247276881104066,0.2789968652036746,45.36,45.36,45.36,559069263.0,541227182.8,33139651.81037636,4497.5545,-0.0218929563923735,0.0024038461538462,0.0242968025462197,0.7861237451371724,1.5053323270000418,-1.74463738508599,0.2789968652036746,0.2027185238653249,0.5383906958978222,0.0242968025462197,0.6083333333333333,-0.2112447064606506,-0.4922202162911732,-0.8007161871807463,-0.7506535507464365,0.6250580493603547,0.075893522133939,0.0280588455996297,0.302277022348489,1.0,,,,,,,,,,,,,,,0.0567612606641383,0.1,874208258.0,20916900,48,41.79435088373516,2025-12-17,42.05911136482902,42.51,42.97,41.0,0.0086117833292329,0.0063348389314712,0.0194244604316544,43.02,43.73,40.82,41.65,20617000,861702277.0,47,2025-12-16 14:55:00,41.79571601105884,-0.0544835414301929,-0.0019170860292355,0.0012019230769229,0.1181208053691273,0.3580045647212257,0.077326987493695,0.1270921563586671,1.0485566287748018,1.3509386205988585,0.0698679471788714,asof1455,14:55,41.7,80.00869408286039,5.762493550510784,10.382146085130534,18.733984678774117,2025-10-31,2025-09-30,0.06055,0.127434,0.36917,270302332.09,0.520568,,679036441.0,679036441.0,True,2025-11-01,1.701725,158.662522,0.598875,450.826515,0.425734,0.161829,0.111265,0.266715,0.282373,0.30303,0.295869,1.655401,1.022095,0.541795,0.400017,0.00625,2.666724,0.424379,0.575621,0.254607,3.615401,-0.02791,-0.219012,-0.02791,0.06055,2.700284,0.161829,1.087331,0.127434,0.947554,0.769234,0.174832,45,80.104743,5.769411,10.39461,18.756474,asof1455_from_lagged_eod,1,0.9439655172413793,0.9612068965517241,0.9612068965517241,0.7198275862068966,0.0,0.0,0.0,0.0,0.0,,0.0,0.0,0.0,0.0,0.0,0.0,0.0,0.0,0.0,0.0,0.0,0.0,0.0,0.0,0.0,0.0,0.0,0.0,0.0,0.0,0.0,0.0,0.0,0.0,0.0,0.0,0.0,0.0
2025-12-17,41.79,42.97,41.0,42.51,14101437.0,0.0,0.0,40.28503185884658,37.07702128163534,2.1228571428571423,0.0499378297543423,60.85889638243847,0.8274184225688856,0.7664974619285443,45.36,45.36,45.36,573170700.0,545575225.2,31289057.664593987,4579.875,-0.0026029506815292,0.013590844062947,0.0161937947444763,1.0481007394392057,1.51117591120243,-1.3425302826373229,0.7664974619285443,-0.1894447595888677,0.8819528889560131,0.0161937947444763,0.5916666666666667,0.0740714324928574,-0.4856638783411505,-0.4059595811551865,0.7691312117932179,-0.4251819159368862,0.3577596984896926,-0.1217301349803281,0.2461388612626452,0.0,,,,,,,,,,,,,,,0.056249125171692,0.1,593092353.0,14101400,48,42.05911136482902,2025-12-18,41.85338329430133,41.64,42.5,40.65,-0.0154461704469224,-0.0048914031669183,-0.0204657727593506,41.79,42.95,41.06,42.45,13758700,578539905.0,47,2025-12-17 14:55:00,42.04902389033848,0.0179856115107912,-0.0387228260869564,0.0121602288984263,0.1755746330656329,0.3689132537891002,0.0917367487076616,0.1430546081212076,1.2277028703332349,1.548579068719237,0.0445229681978798,asof1455,14:55,42.51,81.54547578776977,5.873177384892085,10.581563417266185,19.093820654676257,2025-10-31,2025-09-30,0.06055,0.127434,0.36917,270302332.09,0.520568,,679036441.0,679036441.0,True,2025-11-01,1.701725,158.662522,0.598875,450.826515,0.425734,0.161829,0.111265,0.266715,0.282373,0.30303,0.295869,1.655401,1.022095,0.541795,0.400017,0.00625,2.666724,0.424379,0.575621,0.254607,3.615401,-0.02791,-0.219012,-0.02791,0.06055,2.700284,0.161829,1.087331,0.127434,0.947554,0.769234,0.174832,46,81.660734,5.881479,10.59652,19.120808,asof1455_from_lagged_eod,1,0.9699570815450643,0.9914163090128756,0.9871244635193133,0.7424892703862661,0.0,0.0,0.0,0.0,0.0,,0.0,0.0,0.0,0.0,0.0,0.0,0.0,0.0,0.0,0.0,0.0,0.0,0.0,0.0,0.0,0.0,0.0,0.0,0.0,0.0,0.0,0.0,0.0,0.0,0.0,0.0,0.0,0.0
2025-12-18,40.66,42.5,40.65,41.64,10363082.0,0.0,0.0,40.414076443718336,37.22662714125386,2.165,0.0519932756964444,57.07690958372302,0.6155592601347492,0.5351351351348466,45.36,45.36,45.36,562807618.0,548679498.25,29725855.750546776,4552.7926,0.0001335183053201,-0.0021567217828899,-0.0022902400882101,0.566246446319214,1.47226295725774,-1.7182448036943565,0.5351351351348466,-0.4852240583256885,0.4752805055827578,-0.0022902400882101,0.6416666666666667,-0.4707667665626517,-0.6157607112923645,-0.7995718709133597,0.0483472654175952,-1.1958315913988895,0.019887794737491,-0.4456651715336655,0.372730455107675,0.0,,,,,,,,,,,,,,,0.056249125171692,0.1,428913472.0,10248000,48,41.85338329430133,2025-12-19,40.76797595577019,40.39,42.37,40.12,-0.0209419799286697,-0.025933562668013,-0.0300192122958693,40.66,42.36,40.66,41.6,10120800,423619968.0,47,2025-12-18 14:55:00,41.85637182831397,-0.021406727828746,-0.0556186152099885,-0.0031152647975076,0.1488539077602872,0.2839506172839507,0.0611432798510318,0.1144150660344507,0.8167824863824912,1.25465092418532,0.0408653846153846,asof1455,14:55,41.64,79.91264489296637,5.755575779816514,10.369683180428135,18.711494067278288,2025-10-31,2025-09-30,0.06055,0.127434,0.36917,270302332.09,0.520568,,679036441.0,679036441.0,True,2025-11-01,1.701725,158.662522,0.598875,450.826515,0.425734,0.161829,0.111265,0.266715,0.282373,0.30303,0.295869,1.655401,1.022095,0.541795,0.400017,0.00625,2.666724,0.424379,0.575621,0.254607,3.615401,-0.02791,-0.219012,-0.02791,0.06055,2.700284,0.161829,1.087331,0.127434,0.947554,0.769234,0.174832,47,79.989484,5.76111,10.379654,18.729486,asof1455_from_lagged_eod,1,0.9316239316239316,0.9487179487179487,0.9487179487179487,0.7094017094017094,0.0,0.0,0.0,0.0,0.0,,0.0,0.0,0.0,0.0,0.0,0.0,0.0,0.0,0.0,0.0,0.0,0.0,0.0,0.0,0.0,0.0,0.0,0.0,0.0,0.0,0.0,0.0,0.0,0.0,0.0,0.0,0.0,0.0
2025-12-19,41.97,42.37,40.12,40.39,16586216.0,0.0,0.0,40.41178344907849,37.330344284163566,2.177142857142857,0.0539030170126962,52.07011349757665,0.98923349132394,0.119999999999948,45.36,45.36,45.36,546221402.0,550056654.45,28931442.96327751,4568.1781,-0.002788046147633,-0.0853713768115941,-0.082583330663961,-0.0100055212302733,1.4153591964825836,-2.2828083989490824,0.119999999999948,-0.0108248869286937,-0.1325634692631165,-0.082583330663961,0.6833333333333333,-1.1131292248365108,-0.8001477961909956,-1.3812863006337397,-1.2519092923586186,0.0574917942287626,-0.4850754791093969,-1.796747340059935,0.476602556459437,1.0,,,,,,,,,,,,,,,0.0559752478763498,0.1,676181726.0,16586100,48,40.76797595577019,2025-12-22,41.09033404421696,41.02,41.88,39.89,0.0173392929986868,0.0079071398785286,0.0155979202772964,41.97,42.34,40.14,40.34,16251000,662651416.0,47,2025-12-19 14:55:00,40.77603938219187,-0.031219980787704,-0.0326139088729016,-0.0865036231884056,0.1122139509236284,0.261413383364603,0.0219255468720314,0.07622122028653,0.2988444852441025,0.8436122959496788,0.0545364402578086,asof1455,14:55,40.39,77.49221384630164,5.581248256484151,10.055601401536984,18.144751806916428,2025-10-31,2025-09-30,0.06055,0.127434,0.36917,270302332.09,0.520568,,679036441.0,679036441.0,True,2025-11-01,1.701725,158.662522,0.598875,450.826515,0.425734,0.161829,0.111265,0.266715,0.282373,0.30303,0.295869,1.655401,1.022095,0.541795,0.400017,0.00625,2.666724,0.424379,0.575621,0.254607,3.615401,-0.02791,-0.219012,-0.02791,0.06055,2.700284,0.161829,1.087331,0.127434,0.947554,0.769234,0.174832,48,77.588263,5.588166,10.068065,18.167242,asof1455_from_lagged_eod,1,0.9106382978723404,0.9276595744680851,0.9234042553191489,0.6936170212765957,0.0,0.0,0.0,0.0,0.0,,0.0,0.0,0.0,0.0,0.0,0.0,0.0,0.0,0.0,0.0,0.0,0.0,0.0,0.0,0.0,0.0,0.0,0.0,0.0,0.0,0.0,0.0,0.0,0.0,0.0,0.0,0.0,0.0
2025-12-22,40.93,41.88,39.89,41.02,14190665.0,0.0,0.0,40.46970883488054,37.45131660271558,2.248571428571428,0.0548164658354796,54.24842853388375,0.8478162291551945,0.5678391959796149,45.36,44.0,44.0,560412067.0,551404977.5,28753709.30530253,4611.6235,0.0130850439655931,-0.0687854710556185,-0.0818705150212116,0.2447292348052422,1.342359950771623,-1.9301143583218847,0.5678391959796149,-0.1650913775773278,0.3132496543094349,-0.0818705150212116,0.7083333333333334,-0.8232706438176521,-1.03282832520314,-1.01266315678394,0.1602463390619828,-0.366048706422541,-0.1168254342246673,-1.7482575530480304,0.5342915078720251,0.0,,,,,,,,,,,,,,,0.0553327832110682,0.1,578017729.0,14067000,48,41.09033404421696,2025-12-23,40.69702706083476,40.69,41.48,40.21,-0.0078735480050036,-0.0095717640786022,-0.0080448561677232,40.93,41.87,40.0,41.02,13958200,573550209.0,47,2025-12-22 14:55:00,41.09055673367626,0.0155979202772964,-0.0350505763349798,-0.0687854710556185,0.1116531165311653,0.3232258064516129,0.0337571351167451,0.0902856839092935,0.477366624934063,1.0202162905324317,0.0455875182837639,asof1455,14:55,41.02,78.79847854072791,5.675329767764299,10.22510587521664,18.45061319237435,2025-10-31,2025-09-30,0.06055,0.127434,0.36917,270302332.09,0.520568,,679036441.0,679036441.0,True,2025-11-01,1.701725,158.662522,0.598875,450.826515,0.425734,0.161829,0.111265,0.266715,0.282373,0.30303,0.295869,1.655401,1.022095,0.541795,0.400017,0.00625,2.666724,0.424379,0.575621,0.254607,3.615401,-0.02791,-0.219012,-0.02791,0.06055,2.700284,0.161829,1.087331,0.127434,0.947554,0.769234,0.174832,51,78.798478,5.675329,10.225105,18.450613,asof1455_from_lagged_eod,1,0.9194915254237288,0.940677966101695,0.9364406779661016,0.7033898305084746,0.0,0.0,0.0,0.0,0.0,,0.0,0.0,0.0,0.0,0.0,0.0,0.0,0.0,0.0,0.0,0.0,0.0,0.0,0.0,0.0,0.0,0.0,0.0,0.0,0.0,0.0,0.0,0.0,0.0,0.0,0.0,0.0,0.0
2025-12-23,40.69,41.48,40.21,40.69,9593181.0,0.0,0.0,40.49068894584431,37.55750294361015,2.190714285714285,0.0538391321138911,52.89240971746309,0.5862707986038633,0.3779527559052129,45.36,42.97,42.97,550818886.0,553128148.15,27611596.63261731,4620.7341,0.0273881283706511,-0.0242206235011991,-0.0516087518718503,0.0909799399471284,1.3389176404062435,-2.1317248125194066,0.3779527559052129,-0.533973482488288,-0.0836337782535931,-0.0516087518718503,0.6583333333333333,-0.9822318856920652,-1.044475121871951,-1.200751533684718,-0.4304173880071594,-1.3361998746866774,-0.4451881810914616,-1.218168797015183,0.3807776686510454,1.0,,,,,,,,,,,,,,,0.0553327832110682,0.1,390414720.0,9593200,48,40.69702706083476,2025-12-24,41.8047631539765,41.99,42.69,40.19,0.0273964894071394,0.0272190912492422,0.0319488817891375,40.69,41.48,40.21,40.67,9339300,380086848.0,47,2025-12-23 14:55:00,40.69757347981112,-0.0085324232081911,-0.0232949087415945,-0.0247002398081535,0.1063656147986944,0.2894736842105263,0.0196432376869368,0.0762058913032932,0.2854387006614647,0.8879313805699078,0.0312269486107695,asof1455,14:55,40.69,78.12613603754266,5.6269046911262794,10.137860076791808,18.293184561433446,2025-10-31,2025-09-30,0.06055,0.127434,0.36917,270302332.09,0.520568,,679036441.0,679036441.0,True,2025-11-01,1.701725,158.662522,0.598875,450.826515,0.425734,0.161829,0.111265,0.266715,0.282373,0.30303,0.295869,1.655401,1.022095,0.541795,0.400017,0.00625,2.666724,0.424379,0.575621,0.254607,3.615401,-0.02791,-0.219012,-0.02791,0.06055,2.700284,0.161829,1.087331,0.127434,0.947554,0.769234,0.174832,52,78.164556,5.629672,10.142846,18.302181,asof1455_from_lagged_eod,1,0.9071729957805907,0.9282700421940928,0.9240506329113924,0.6919831223628692,0.0,0.0,0.0,0.0,0.0,,0.0,0.0,0.0,0.0,0.0,0.0,0.0,0.0,0.0,0.0,0.0,0.0,0.0,0.0,0.0,0.0,0.0,0.0,0.0,0.0,0.0,0.0,0.0,0.0,0.0,0.0,0.0,0.0
2025-12-24,40.69,42.69,40.19,41.99,14222918.0,0.0,0.0,40.63348047481151,37.7028307159508,2.2078571428571423,0.0525805463885946,57.40899803395107,0.8589375613652767,0.7199999999997136,45.36,42.69,42.69,565041804.0,555046997.65,27033306.166053727,4634.0586,0.0118308032424465,-0.0122324159021405,-0.024063219144587,0.6144054788945404,1.327372909221335,-1.526366871561909,0.7199999999997136,-0.1520590472238305,0.3697219381383216,-0.024063219144587,0.625,-0.3866664040022373,-1.0777691242591831,-0.5647297792732344,0.6549196502739203,-0.3221290006418879,-0.0640242183466165,-0.7439400270763632,0.2735639497362203,0.0,,,,,,,,,,,,,,,0.0553327832110682,0.1,589618560.0,14104100,48,41.8047631539765,2025-12-25,42.37818954295115,42.42,43.08,41.61,0.0092448093105774,0.0137167716239077,0.0102405334603477,40.69,42.63,40.25,41.95,13863600,579533766.0,47,2025-12-24 14:55:00,41.80254522634814,0.0309658392725487,0.0386234216390195,-0.013173370971536,0.1408757138971987,0.2959530429409949,0.046578349923908,0.1056154900376007,0.7036830371537326,1.2681909030956766,0.0567342073897497,asof1455,14:55,41.99,80.58498707790613,5.803999518309168,10.456927739002214,18.868923395183096,2025-10-31,2025-09-30,0.06055,0.127434,0.36917,270302332.09,0.520568,,679036441.0,679036441.0,True,2025-11-01,1.701725,158.662522,0.598875,450.826515,0.425734,0.161829,0.111265,0.266715,0.282373,0.30303,0.295869,1.655401,1.022095,0.541795,0.400017,0.00625,2.666724,0.424379,0.575621,0.254607,3.615401,-0.02791,-0.219012,-0.02791,0.06055,2.700284,0.161829,1.087331,0.127434,0.947554,0.769234,0.174832,53,80.661826,5.809534,10.466899,18.886915,asof1455_from_lagged_eod,1,0.957983193277311,0.9747899159663865,0.9705882352941176,0.7352941176470589,0.0,0.0,0.0,0.0,0.0,,0.0,0.0,0.0,0.0,0.0,0.0,0.0,0.0,0.0,0.0,0.0,0.0,0.0,0.0,0.0,0.0,0.0,0.0,0.0,0.0,0.0,0.0,0.0,0.0,0.0,0.0,0.0,0.0
2025-12-25,41.99,43.08,41.61,42.42,13980979.0,0.0,0.0,40.80362519149613,37.8574920039524,2.0849999999999995,0.0491513437057979,58.81557158639944,0.8349543980499172,0.5510204081628924,45.36,43.08,43.08,579022783.0,558178076.45,25981975.39112592,4642.5357,0.0197116600479452,0.0187319884726224,-0.0009796715753227,0.7752397163084391,1.4130135192049482,-1.410071942445366,0.5510204081628924,-0.1803781687365035,0.8022756636556361,-0.0009796715753227,0.5333333333333333,-0.2048648831842972,-0.8031129171107521,-0.4393166280486624,0.1080573824800751,-0.4057851467676981,0.2927271206584904,-0.3529654721536372,-0.0025807236565044,1.0,,,,,,,,,,,,,,,0.0553327832110682,0.1,592489468.0,13981000,48,42.37818954295115,2025-12-26,42.92597087037904,43.06,43.99,41.88,0.0119276489952626,0.0129260200432277,0.015087223008015,41.99,43.06,41.62,42.38,13617300,577075960.0,47,2025-12-25 14:55:00,42.37814838477525,0.0092879256965945,0.0331545587518282,0.0177713736791547,0.1658872077028885,0.2846317065777508,0.0504659924648027,0.1122483793926989,0.7922542443553078,1.372230723967709,0.0339782916470034,asof1455,14:55,42.42,81.41100704643964,5.86349252012384,10.56411478018576,19.062335263157895,2025-10-31,2025-09-30,0.06055,0.127434,0.36917,270302332.09,0.520568,,679036441.0,679036441.0,True,2025-11-01,1.701725,158.662522,0.598875,450.826515,0.425734,0.161829,0.111265,0.266715,0.282373,0.30303,0.295869,1.655401,1.022095,0.541795,0.400017,0.00625,2.666724,0.424379,0.575621,0.254607,3.615401,-0.02791,-0.219012,-0.02791,0.06055,2.700284,0.161829,1.087331,0.127434,0.947554,0.769234,0.174832,54,81.487846,5.869027,10.574085,19.080327,asof1455_from_lagged_eod,1,0.9665271966527197,0.9874476987447699,0.9790794979079498,0.7447698744769874,0.0,0.0,0.0,0.0,0.0,,0.0,0.0,0.0,0.0,0.0,0.0,0.0,0.0,0.0,0.0,0.0,0.0,0.0,0.0,0.0,0.0,0.0,0.0,0.0,0.0,0.0,0.0,0.0,0.0,0.0,0.0,0.0,0.0
2025-12-26,42.91,43.99,41.88,43.06,17204568.0,0.0,0.0,41.01851803040126,38.0280660366097,2.133571428571428,0.0495488023356102,60.88605797402815,1.0137375343758015,0.5592417061608724,45.36,43.99,43.99,596227351.0,561535975.85,26340255.53402828,4657.24,0.0194961531819435,0.0661054716513989,0.0466093184694553,0.9568378833066286,1.401617941515307,-1.0780046869763935,0.5592417061608724,0.0136440298252008,1.3170477828198406,0.0466093184694553,0.5333333333333333,-0.0027694912373103,-0.8301435269174866,-0.0951008989580891,0.1274121159092892,0.0962222823706313,0.7109621209235085,0.4397953924748441,-0.015406612395264,0.0,,,,,,,,,,,,,,,0.0553327832110682,0.1,733862398.0,17096000,48,42.92597087037904,2025-12-29,42.506830847619554,42.89,43.4,41.61,-0.0128464735805956,-0.0097642526018837,-0.0039479795633999,42.91,43.91,41.88,42.96,16952800,727706236.0,47,2025-12-26 14:55:00,42.92543037138408,0.0127298444130126,0.0557876628164168,0.0636296112899232,0.1465172137710169,0.2800953516090583,0.056891567747094,0.1228388097281334,0.9496244267077616,1.5196549987958416,0.0472532588454374,asof1455,14:55,43.06,82.52517360113154,5.94373880056577,10.70869145685997,19.323216594059403,2025-10-31,2025-09-30,0.06055,0.127434,0.36917,270302332.09,0.520568,,679036441.0,679036441.0,True,2025-11-01,1.701725,158.662522,0.598875,450.826515,0.425734,0.161829,0.111265,0.266715,0.282373,0.30303,0.295869,1.655401,1.022095,0.541795,0.400017,0.00625,2.666724,0.424379,0.575621,0.254607,3.615401,-0.02791,-0.219012,-0.02791,0.06055,2.700284,0.161829,1.087331,0.127434,0.947554,0.769234,0.174832,55,82.717272,5.957574,10.733619,19.368196,asof1455_from_lagged_eod,1,0.9791666666666666,0.9916666666666667,0.9916666666666667,0.75,0.0,0.0,0.0,0.0,0.0,,0.0,0.0,0.0,0.0,0.0,0.0,0.0,0.0,0.0,0.0,0.0,0.0,0.0,0.0,0.0,0.0,0.0,0.0,0.0,0.0,0.0,0.0,0.0,0.0,0.0,0.0,0.0,0.0
2025-12-29,42.7,43.4,41.61,42.89,15072819.0,0.0,0.0,41.19675440845828,38.18747370754053,2.1914285714285704,0.0510941611431223,60.02286148886865,0.8954067310800923,0.715083798882283,45.36,43.99,43.99,581154532.0,565031809.15,23965341.760194488,4639.3721,0.0060171000516411,0.0455875182837639,0.0395704182321228,0.7726674798426741,1.373205013455974,-1.1271186440672822,0.715083798882283,-0.1104772158033796,0.672751634895491,0.0395704182321228,0.5666666666666667,-0.2109137552072607,-0.9085035039343652,-0.1450155414185588,0.6131664681944266,-0.2490817159621786,0.1630124896099577,0.3178157339626952,0.0693957853644638,0.0,,,,,,,,,,,,,,,0.0553327832110682,0.1,640696960.0,15072800,48,42.506830847619554,2025-12-30,42.6118912650764,43.17,43.6,41.72,-0.0064842325699137,0.0024716125705412,0.0065283282816508,42.7,43.4,41.63,42.92,14794900,628777404.0,47,2025-12-29 14:55:00,42.499604863838215,-0.0032512772875058,0.0221481305072637,0.046318868844466,0.1925534870797443,0.3181818181818181,0.0486964595499304,0.1171701133568465,0.8393434729363148,1.456232725400428,0.0412395153774463,asof1455,14:55,42.89,82.44833521226195,5.938204274965165,10.698721028332558,19.305224624245238,2025-10-31,2025-09-30,0.06055,0.127434,0.36917,270302332.09,0.520568,,679036441.0,679036441.0,True,2025-11-01,1.701725,158.662522,0.598875,450.826515,0.425734,0.161829,0.111265,0.266715,0.282373,0.30303,0.295869,1.655401,1.022095,0.541795,0.400017,0.00625,2.666724,0.424379,0.575621,0.254607,3.615401,-0.02791,-0.219012,-0.02791,0.06055,2.700284,0.161829,1.087331,0.127434,0.947554,0.769234,0.174832,58,82.390706,5.934054,10.691243,19.291731,asof1455_from_lagged_eod,1,0.975103734439834,0.9875518672199171,0.983402489626556,0.7468879668049793,0.0,0.0,0.0,0.0,0.0,,0.0,0.0,0.0,0.0,0.0,0.0,0.0,0.0,0.0,0.0,0.0,0.0,0.0,0.0,0.0,0.0,0.0,0.0,0.0,0.0,0.0,0.0,0.0,0.0,0.0,0.0,0.0,0.0
2025-12-30,42.48,43.6,41.72,43.17,16773240.0,0.0,0.0,41.38468256003368,38.35083522532609,2.1471428571428564,0.0497369204804912,61.00350503351572,0.9764249802691976,0.771276595744271,44.0,43.99,43.99,597927772.0,569860238.25,20060433.07682013,4651.2818,0.0066110058139896,0.0609486360285083,0.0543376302145186,0.8314851683139338,1.412969483895095,-0.3865602129073376,0.771276595744271,-0.0238573567377535,1.399148943720068,0.0543376302145186,0.5333333333333333,-0.1515770045949444,-0.777738549090387,0.6105053471951977,0.7870918019297883,-0.0224864194927932,0.7591140520477967,0.5537882770413379,-0.0424633271615079,0.0,,,,,,,,,,,,,,,0.0553327832110682,0.1,714724991.0,16772900,48,42.6118912650764,2025-12-31,41.63118487289917,41.75,42.77,41.16,-0.035645474336364,-0.0230148524991894,-0.0328932128793143,42.48,43.6,41.78,43.01,15941500,678857851.0,47,2025-12-30 14:55:00,42.58431458771132,0.0027978549778502,0.0139085337105138,0.0570164659621528,0.2149717514124294,0.311280487804878,0.0421108742004263,0.1145181909269943,0.819932101066211,1.4501662735808392,0.0423157405254592,asof1455,14:55,43.17,82.62122324691069,5.9506566225227315,10.721155547446957,19.345706465609695,2025-10-31,2025-09-30,0.06055,0.127434,0.36917,270302332.09,0.520568,,679036441.0,679036441.0,True,2025-11-01,1.701725,158.662522,0.598875,450.826515,0.425734,0.161829,0.111265,0.266715,0.282373,0.30303,0.295869,1.655401,1.022095,0.541795,0.400017,0.00625,2.666724,0.424379,0.575621,0.254607,3.615401,-0.02791,-0.219012,-0.02791,0.06055,2.700284,0.161829,1.087331,0.127434,0.947554,0.769234,0.174832,59,82.928579,5.972793,10.761039,19.417674,asof1455_from_lagged_eod,1,0.9793388429752066,0.9917355371900827,0.9917355371900827,0.7520661157024794,0.0,0.0,0.0,0.0,0.0,,0.0,0.0,0.0,0.0,0.0,0.0,0.0,0.0,0.0,0.0,0.0,0.0,0.0,0.0,0.0,0.0,0.0,0.0,0.0,0.0,0.0,0.0,0.0,0.0,0.0,0.0,0.0,0.0
2025-12-31,42.68,42.77,41.16,41.75,17600723.0,0.0,0.0,41.41947469717333,38.46228325072523,2.1378571428571425,0.0512061591103494,53.7963000745465,1.026939321937603,0.3664596273289655,43.99,43.99,43.99,580327049.0,572889387.95,16526988.307341645,4629.9395,-0.0008888752507358,-0.0057156465825196,-0.0048267713317837,0.154605888391956,1.3832502589460085,-1.0477781490138778,0.3664596273289655,0.0265828463748698,0.450031240519241,-0.0048267713317837,0.575,-0.9036147695566288,-0.8637035616081504,-0.068218405275713,-0.5060659848754128,0.117057779243868,-0.0498737442350306,-0.4425004040819851,0.0694583896482735,1.0,,,,,,,,,,,,,,,0.0553327832110682,0.1,732717180.0,17600200,48,41.63118487289917,2026-01-05,43.19145309792257,43.27,43.86,41.95,0.0345258227047322,0.03747835258081,0.0364071856287426,42.68,42.68,41.16,41.77,17259800,718501058.0,47,2025-12-31 14:55:00,41.6285853833764,-0.0324299281908732,-0.0299581978634463,-0.0052393427006429,0.132592190889371,0.284440344403444,0.0026283890015723,0.0775600758445445,0.0654592869727854,0.999514654986851,0.0363897534115394,asof1455,14:55,41.75,80.23921113805885,5.77909575191105,10.412059277970814,18.787960226546215,2025-10-31,2025-09-30,0.06055,0.127434,0.36917,270302332.09,0.520568,,679036441.0,679036441.0,True,2025-11-01,1.701725,158.662522,0.598875,450.826515,0.425734,0.161829,0.111265,0.266715,0.282373,0.30303,0.295869,1.655401,1.022095,0.541795,0.400017,0.00625,2.666724,0.424379,0.575621,0.254607,3.615401,-0.02791,-0.219012,-0.02791,0.06055,2.700284,0.161829,1.087331,0.127434,0.947554,0.769234,0.174832,60,80.200792,5.776329,10.407073,18.778964,asof1455_from_lagged_eod,1,0.934156378600823,0.9465020576131687,0.9465020576131687,0.7160493827160493,0.0,0.0,0.0,0.0,0.0,,0.0,0.0,0.0,0.0,0.0,0.0,0.0,0.0,0.0,0.0,0.0,0.0,0.0,0.0,0.0,0.0,0.0,0.0,0.0,0.0,0.0,0.0,0.0,0.0,0.0,0.0,0.0,0.0
2026-01-05,41.99,43.86,41.95,43.27,19153981.0,0.0,0.0,41.59571520220444,38.6199133080785,2.035,0.0470302750173319,59.334606603690254,1.1180059549606705,0.6910994764394301,43.99,43.99,43.99,599481030.0,575911798.95,15557916.058381123,4717.7457,0.0162001985251292,0.0200377180575199,0.0038375195323907,0.8227443723807087,1.46231051308328,-0.3538083538081794,0.6910994764394301,0.1115467011593932,1.5149349669683487,0.0038375195323907,0.4416666666666666,-0.1510725524970531,-0.6147973761393398,0.6488501579046744,0.5353006363225905,0.3398662230497239,0.8407478136107661,-0.2968421836261594,-0.3477667550916217,0.0,,,,,,,,,,,,,,,0.0553327832110682,0.1,827288272.0,19153981,48,43.19145309792257,2026-01-06,40.57321686607675,40.87,42.85,39.39,-0.0623245466587302,-0.0606193134069794,-0.0554656806101225,41.99,43.86,41.95,43.24,18881208,815487644.0,47,2026-01-05 14:55:00,43.19043802705844,0.035688622754491,0.0081604103520633,0.0193305044790192,0.124284971398856,0.2569767441860466,0.0318823978617794,0.1110730437165958,1.057293619800496,1.480649867106491,0.0441720629047177,asof1455,14:55,43.27,83.06304781029941,5.982478226586826,10.77848710227545,19.449159361916166,2025-10-31,2025-09-30,0.06055,0.127434,0.36917,270302332.09,0.520568,,679036441.0,679036441.0,True,2025-11-01,1.701725,158.662522,0.598875,450.826515,0.425734,0.161829,0.111265,0.266715,0.282373,0.30303,0.295869,1.655401,1.022095,0.541795,0.400017,0.00625,2.666724,0.424379,0.575621,0.254607,3.615401,-0.02791,-0.219012,-0.02791,0.06055,2.700284,0.161829,1.087331,0.127434,0.947554,0.769234,0.174832,65,83.120677,5.986629,10.785966,19.462653,asof1455_from_lagged_eod,1,0.9795081967213115,0.9918032786885246,0.9918032786885246,0.7540983606557377,0.0,0.0,0.0,0.0,0.0,,0.0,0.0,0.0,0.0,0.0,0.0,0.0,0.0,0.0,0.0,0.0,0.0,0.0,0.0,0.0,0.0,0.0,0.0,0.0,0.0,0.0,0.0,0.0,0.0,0.0,0.0,0.0,0.0
2026-01-06,42.85,42.85,39.39,40.87,40214450.0,0.0,0.0,41.52659946866116,38.69368664223986,2.166428571428572,0.0530077947499025,49.28849249382508,2.2658797584699726,0.4277456647397597,43.99,43.86,43.86,559266580.0,575528324.5,15865896.719496692,4790.6938,0.0286551262120913,-0.0508592661402694,-0.0795143923523608,-0.3030792140208388,1.3076419244932374,-1.4401582591486943,0.4277456647397597,0.8179630978572051,-1.0249496002338696,-0.0795143923523608,0.625,-1.396013420251415,-1.0811716991883498,-0.467961590689937,-0.3136761362733784,2.2543674503200584,-1.3030703044279608,-1.6674437768700756,0.1996697440683177,1.0,,,,,,,,,,,,,,,0.0553327832110682,0.1,1631629601.0,40214450,48,40.57321686607675,2026-01-07,41.74188607299649,41.6,42.8,39.99,0.0213331556886835,0.0288039573193632,0.0178615121115732,42.85,42.85,39.39,40.8,39829287,1615894026.0,47,2026-01-06 14:55:00,40.570498437494,-0.0570834296279179,-0.0548992355802642,-0.0524849047840224,-0.0024449877750611,0.2117612117612115,-0.0319021461875217,0.0444087016992971,-1.31896487851046,0.5958522566850184,0.0848039215686274,asof1455,14:55,40.87,78.37586368384561,5.644891684770047,10.170266068869886,18.351658017101915,2025-10-31,2025-09-30,0.06055,0.127434,0.36917,270302332.09,0.520568,,679036441.0,679036441.0,True,2025-11-01,1.701725,158.662522,0.598875,450.826515,0.425734,0.161829,0.111265,0.266715,0.282373,0.30303,0.295869,1.655401,1.022095,0.541795,0.400017,0.00625,2.666724,0.424379,0.575621,0.254607,3.615401,-0.02791,-0.219012,-0.02791,0.06055,2.700284,0.161829,1.087331,0.127434,0.947554,0.769234,0.174832,66,78.510332,5.654576,10.187715,18.383144,asof1455_from_lagged_eod,1,0.8857142857142857,0.9061224489795918,0.9020408163265307,0.6775510204081633,0.0,0.0,0.0,0.0,0.0,,0.0,0.0,0.0,0.0,0.0,0.0,0.0,0.0,0.0,0.0,0.0,0.0,0.0,0.0,0.0,0.0,0.0,0.0,0.0,0.0,0.0,0.0,0.0,0.0,0.0,0.0,0.0,0.0
2026-01-07,39.99,42.8,39.99,41.6,26719337.0,0.0,0.0,41.53358999545534,38.78897560478937,2.1357142857142857,0.0513392857142844,51.95320734947767,1.4670604284281834,0.5729537366546011,43.99,43.86,43.86,585985917.0,575609859.6,15915162.361441912,4776.6658,0.0295931641266713,-0.0300769410118908,-0.0596701051385621,0.0310949854055139,1.285103728070419,-1.119063545149978,0.5729537366546011,0.3832606901517366,0.6519605118913726,-0.0596701051385621,0.5666666666666667,-1.0082763966424582,-1.1386604452392113,-0.1263268984388737,0.1661326870344477,1.0459924185067249,0.1096927195260107,-1.3155284310480255,0.007166544604003,1.0,,,,,,,,,,,,,,,0.0553327832110682,0.1,1115315521.0,26719337,48,41.74188607299649,2026-01-08,43.46497541361379,43.9,44.35,41.09,0.0448311397503315,0.0412796234842869,0.0552884615384614,39.99,42.77,39.99,41.65,26435140,1103487616.0,47,2026-01-07 14:55:00,41.7432105901463,0.0190849033520921,-0.0023952095808383,-0.0289111681044532,-0.008569388240895,0.2006341885269531,-0.0116982654296086,0.0629022036399826,-0.4827603837710872,0.8697295494690503,0.0667466986794718,asof1455,14:55,41.6,80.00869409836066,5.76249303645706,10.38214655615366,18.733984526547594,2025-10-31,2025-09-30,0.06055,0.127434,0.36917,270302332.09,0.520568,,679036441.0,679036441.0,True,2025-11-01,1.701725,158.662522,0.598875,450.826515,0.425734,0.161829,0.111265,0.266715,0.282373,0.30303,0.295869,1.655401,1.022095,0.541795,0.400017,0.00625,2.666724,0.424379,0.575621,0.254607,3.615401,-0.02791,-0.219012,-0.02791,0.06055,2.700284,0.161829,1.087331,0.127434,0.947554,0.769234,0.174832,67,79.912645,5.755575,10.369683,18.711495,asof1455_from_lagged_eod,1,0.9146341463414634,0.926829268292683,0.9308943089430894,0.6991869918699187,0.0,0.0,0.0,0.0,0.0,,0.0,0.0,0.0,0.0,0.0,0.0,0.0,0.0,0.0,0.0,0.0,0.0,0.0,0.0,0.0,0.0,0.0,0.0,0.0,0.0,0.0,0.0,0.0,0.0,0.0,0.0,0.0,0.0
2026-01-08,41.26,44.35,41.09,43.9,25388237.0,0.0,0.0,41.75896237684054,38.95655017512414,2.2278571428571428,0.0507484542792048,59.223385409921306,1.350599358912303,0.8619631901837836,43.99,44.35,44.35,611374154.0,577645302.65,17660157.56822874,4737.6536,0.0185694618631793,0.016909891128098,-0.0016595707350812,0.9610300328380544,1.257895826354985,-0.0403975633215608,0.8619631901837836,0.3005484634896804,1.9098839418442928,-0.0016595707350812,0.5333333333333333,0.0283627675309727,-1.2072606874372451,0.999633832682305,1.103328117223049,0.8085519116120742,1.1607333772855777,-0.3509903278546784,-0.1094284732964734,1.0,,,,,,,,,,,,,,,0.0553327832110682,0.1,1103499097.0,25388237,48,43.46497541361379,2026-01-09,44.56844579383424,44.76,45.99,43.1,0.0152265556682058,0.0253875763121869,0.0195899772209566,41.26,44.3,41.11,43.87,24874137,1080936788.0,47,2026-01-08 14:55:00,43.45625289432152,0.0545673076923076,0.0138664201525304,0.0162149640954365,0.0545673076923076,0.2956290608387477,0.0414861416107781,0.1162755192916089,1.700285087282,1.63842738594175,0.0727148392979256,asof1455,14:55,43.9,84.27326288822115,6.069641231971154,10.935528682932691,19.732530905048076,2025-10-31,2025-09-30,0.06055,0.127434,0.36917,270302332.09,0.520568,,679036441.0,679036441.0,True,2025-11-01,1.701725,158.662522,0.598875,450.826515,0.425734,0.161829,0.111265,0.266715,0.282373,0.30303,0.295869,1.655401,1.022095,0.541795,0.400017,0.00625,2.666724,0.424379,0.575621,0.254607,3.615401,-0.02791,-0.219012,-0.02791,0.06055,2.700284,0.161829,1.087331,0.127434,0.947554,0.769234,0.174832,68,84.330892,6.073792,10.943007,19.746024,asof1455_from_lagged_eod,1,0.9838056680161943,0.9919028340080972,0.9919028340080972,0.757085020242915,0.0,0.0,0.0,0.0,0.0,,0.0,0.0,0.0,0.0,0.0,0.0,0.0,0.0,0.0,0.0,0.0,0.0,0.0,0.0,0.0,0.0,0.0,0.0,0.0,0.0,0.0,0.0,0.0,0.0,0.0,0.0,0.0,0.0
2026-01-09,44.78,45.99,43.1,44.76,25433389.0,0.0,0.0,42.04477548380811,39.14682721856269,2.301428571428571,0.0514170815779383,61.56524097882064,1.3363194947130292,0.57439446366762,44.35,45.99,45.99,636807543.0,579915406.2,21731755.942432955,4758.9221,0.0278583769831115,0.0720958083832334,0.0442374314001219,1.1797996035589673,1.2591953976852337,0.1781502172562836,0.57439446366762,0.289919189273658,2.617926363185112,0.0442374314001219,0.5666666666666667,0.2835736286312973,-1.1889548580482243,1.2509977114878807,0.173538972082366,0.7945095555619522,1.7550066556726325,0.4117776036721364,-0.0173968653993679,1.0,,,,,,,,,,,,,,,0.0553327832110682,0.1,1133526619.0,25433389,48,44.56844579383424,2026-01-12,45.71421689237009,45.71,46.5,44.77,0.0213185185962934,0.0257081232725948,0.021224307417337,44.78,45.98,43.13,44.73,24946036,1111719337.0,47,2026-01-09 14:55:00,44.56496964086799,0.0189066059225511,0.0944458037680451,0.071377245508982,0.0665236051502145,0.2635593220338983,0.0590115418762946,0.1333327702845366,2.287362751262127,1.9075737188368596,0.0637156270959086,asof1455,14:55,44.76,85.92530294214123,6.1886267917995434,11.149902120956718,20.119354294305236,2025-10-31,2025-09-30,0.06055,0.127434,0.36917,270302332.09,0.520568,,679036441.0,679036441.0,True,2025-11-01,1.701725,158.662522,0.598875,450.826515,0.425734,0.161829,0.111265,0.266715,0.282373,0.30303,0.295869,1.655401,1.022095,0.541795,0.400017,0.00625,2.666724,0.424379,0.575621,0.254607,3.615401,-0.02791,-0.219012,-0.02791,0.06055,2.700284,0.161829,1.087331,0.127434,0.947554,0.769234,0.174832,69,85.982933,6.192778,11.15738,20.132848,asof1455_from_lagged_eod,1,0.9919354838709677,1.0,1.0,0.7661290322580645,0.0,0.0,0.0,0.0,0.0,,0.0,0.0,0.0,0.0,0.0,0.0,0.0,0.0,0.0,0.0,0.0,0.0,0.0,0.0,0.0,0.0,0.0,0.0,0.0,0.0,0.0,0.0,0.0,0.0,0.0,0.0,0.0,0.0
2026-01-12,45.5,46.5,44.77,45.71,24967130.0,0.0,0.0,42.39384448535019,39.3620132113967,2.265,0.0495515204550415,64.02323534555404,1.2873486392585105,0.5433526011557549,45.99,46.5,46.5,661774673.0,584320413.45,28035061.57448629,4789.9155,0.0152975180497751,0.0563901086202911,0.0410925905705159,1.4640863199330432,1.3385568538420107,-0.1236203090507185,0.5433526011557549,0.2525847849038683,2.7627640247627747,0.0410925905705159,0.475,0.6118091133458731,-0.936650355668012,0.9267594085655796,0.0718598886693604,0.6791009296764505,1.869399126665868,0.3652791540291006,-0.3223772100744458,0.0,,,,,,,,,,,,,,,0.0553327832110682,0.1,1141352796.0,24967130,48,45.71421689237009,2026-01-13,43.56736369812749,43.77,45.24,42.69,-0.046874563593798,-0.0469624843251097,-0.0424414788886458,45.5,46.5,44.77,45.62,24475730,1118897030.0,47,2026-01-12 14:55:00,45.714551925519686,0.019213583556747,0.0966346153846153,0.0543101455974115,0.0932183081715791,0.2036939313984169,0.0764892575244522,0.1513321163277838,2.6633696169771426,2.150221323548758,0.0379219640508548,asof1455,14:55,45.71,87.63497326764968,6.311763457551384,11.371753252904378,20.51967215728329,2025-10-31,2025-09-30,0.06055,0.127434,0.36917,270302332.09,0.520568,,679036441.0,679036441.0,True,2025-11-01,1.701725,158.662522,0.598875,450.826515,0.425734,0.161829,0.111265,0.266715,0.282373,0.30303,0.295869,1.655401,1.022095,0.541795,0.400017,0.00625,2.666724,0.424379,0.575621,0.254607,3.615401,-0.02791,-0.219012,-0.02791,0.06055,2.700284,0.161829,1.087331,0.127434,0.947554,0.769234,0.174832,72,87.807861,6.324215,11.394187,20.560154,asof1455_from_lagged_eod,1,1.0,1.0,1.0,0.7670682730923695,0.0,0.0,0.0,0.0,0.0,,0.0,0.0,0.0,0.0,0.0,0.0,0.0,0.0,0.0,0.0,0.0,0.0,0.0,0.0,0.0,0.0,0.0,0.0,0.0,0.0,0.0,0.0,0.0,0.0,0.0,0.0,0.0,0.0
2026-01-13,45.0,45.24,42.69,43.77,23357291.0,0.0,0.0,42.52490691531685,39.50653736840009,2.3385714285714285,0.053428636704852,56.12905156756273,1.212152492893373,0.4235294117645412,46.5,46.5,46.5,638417382.0,586264733.75,30281022.699322067,4761.0324,-0.0061914622888233,0.0709566919500856,0.077148154238909,0.5324161021856054,1.2906894824928696,-1.1673793524735374,0.4235294117645412,0.1923976989515032,1.7222882056479418,0.077148154238909,0.65,-0.4270671692272149,-1.066126389823714,-0.1511035188975791,-0.3051494203031376,0.5401046183132977,1.0209977668480097,1.00904013253318,0.226317715292654,1.0,,,,,,,,,,,,,,,0.0543597414240879,0.1,1017615592.0,23357291,48,43.56736369812749,2026-01-14,45.58019334669629,45.77,47.09,43.88,0.0413569418939063,0.0462004004308229,0.0456933973040896,45.0,45.0,42.7,43.63,22758391,991394322.0,47,2026-01-13 14:55:00,43.561705306847045,-0.0455042660249398,-0.006150341685649,0.0675311964766334,-0.0120018115942027,0.2790970389914982,0.0247196289119839,0.097504223911321,0.7488175779891318,1.343188971756106,0.0527160210864083,asof1455,14:55,43.77,83.81222873397506,6.036436238241085,10.875702883614089,19.62457928287027,2025-10-31,2025-09-30,0.06055,0.127434,0.36917,270302332.09,0.520568,,679036441.0,679036441.0,True,2025-11-01,1.701725,158.662522,0.598875,450.826515,0.425734,0.161829,0.111265,0.266715,0.282373,0.30303,0.295869,1.655401,1.022095,0.541795,0.400017,0.00625,2.666724,0.424379,0.575621,0.254607,3.615401,-0.02791,-0.219012,-0.02791,0.06055,2.700284,0.161829,1.087331,0.127434,0.947554,0.769234,0.174832,73,84.081165,6.055806,10.910601,19.687551,asof1455_from_lagged_eod,1,0.972,0.98,0.98,0.748,0.0,0.0,0.0,0.0,0.0,,0.0,0.0,0.0,0.0,0.0,0.0,0.0,0.0,0.0,0.0,0.0,0.0,0.0,0.0,0.0,0.0,0.0,0.0,0.0,0.0,0.0,0.0,0.0,0.0,0.0,0.0,0.0,0.0
2026-01-14,43.88,47.09,43.88,45.77,28533614.0,0.0,0.0,42.83396339957238,39.711896798944345,2.4850000000000003,0.0542932051562146,61.41155558833231,1.4470326241934872,0.5887850467287885,46.5,47.09,47.09,666950996.0,590612975.1,34951048.05162219,4741.9306,-0.0072718505866581,0.1002403846153847,0.1075122352020429,1.1815036621434358,1.256364829226069,-0.2937625754525967,0.5887850467287885,0.3695149934860564,2.1841411103681305,0.1075122352020429,0.6833333333333333,0.390625838224108,-1.1498400622302063,0.8322014667205893,0.2355477318028648,1.099069301096644,1.4411582341446278,1.5848903637537253,0.3217757191935787,1.0,,,,,,,,,,,,,,,0.0540981110844554,0.1,1300567643.0,28533614,48,45.58019334669629,2026-01-15,47.336072874032425,48.44,48.99,44.8,0.0342161431949403,0.0385228626386116,0.0583351540310246,43.88,47.07,43.88,45.68,28093013,1280410802.0,47,2026-01-14 14:55:00,45.577553464984334,0.0436371944254054,0.0205540661304737,0.0980769230769229,0.0370034052213394,0.3329442661219723,0.0733587104657174,0.144436696466226,2.2524783507115878,2.033238805079428,0.0698336252189141,asof1455,14:55,45.77,87.75023114461959,6.320064383824537,11.386709017135024,20.546660490747087,2025-10-31,2025-09-30,0.06055,0.127434,0.36917,270302332.09,0.520568,,679036441.0,679036441.0,True,2025-11-01,1.701725,158.662522,0.598875,450.826515,0.425734,0.161829,0.111265,0.266715,0.282373,0.30303,0.295869,1.655401,1.022095,0.541795,0.400017,0.00625,2.666724,0.424379,0.575621,0.254607,3.615401,-0.02791,-0.219012,-0.02791,0.06055,2.700284,0.161829,1.087331,0.127434,0.947554,0.769234,0.174832,74,87.923119,6.332517,11.409144,20.587142,asof1455_from_lagged_eod,1,1.0,1.0,1.0,0.7689243027888446,0.0,0.0,0.0,0.0,0.0,,0.0,0.0,0.0,0.0,0.0,0.0,0.0,0.0,0.0,0.0,0.0,0.0,0.0,0.0,0.0,0.0,0.0,0.0,0.0,0.0,0.0,0.0,0.0,0.0,0.0,0.0,0.0,0.0
2026-01-15,45.65,48.99,44.8,48.44,26668704.0,0.0,0.0,43.36787164723215,39.998064117011744,2.6057142857142863,0.0537926153120196,67.10593396945562,1.3330154301085202,0.8687350835320113,47.09,48.99,48.99,693619700.0,597340496.95,40707311.25662085,4751.4293,0.002907705198202,0.1034168564920272,0.1005091512938252,1.946540486258844,1.2932375390095276,0.5180921052629568,0.8687350835320113,0.2874436166048353,2.365157512935483,0.1005091512938252,0.6416666666666667,1.4185405565477065,-1.0227117317856165,1.7041002346372376,1.150487211953379,0.8686675783246979,1.590089193049636,1.5054457150928744,0.1733601732100908,1.0,,,,,,,,,,,,,,,0.0538710745632937,0.1,1262391716.0,26668704,48,47.336072874032425,2026-01-16,49.83110320203683,50.66,51.29,48.84,0.0287180677546827,0.0527088576748648,0.0458298926507019,45.65,48.95,44.8,48.42,26341025,1246521457.0,47,2026-01-15 14:55:00,47.32243551646149,0.0578981865850993,0.0592868081382629,0.1029612756264237,0.1611510791366905,0.3397897066961814,0.1354469561954787,0.2072856020844502,3.793582085229073,2.9313239306746874,0.0857083849648906,asof1455,14:55,48.44,93.0137081490059,6.6991582508193135,12.069712748088266,21.779100188769934,2025-10-31,2025-09-30,0.06055,0.127434,0.36917,270302332.09,0.520568,,679036441.0,679036441.0,True,2025-11-01,1.701725,158.662522,0.598875,450.826515,0.425734,0.161829,0.111265,0.266715,0.282373,0.30303,0.295869,1.655401,1.022095,0.541795,0.400017,0.00625,2.666724,0.424379,0.575621,0.254607,3.615401,-0.02791,-0.219012,-0.02791,0.06055,2.700284,0.161829,1.087331,0.127434,0.947554,0.769234,0.174832,75,93.052128,6.701925,12.074698,21.788096,asof1455_from_lagged_eod,1,1.0,1.0,1.0,0.7698412698412699,0.0,0.0,0.0,0.0,0.0,,0.0,0.0,0.0,0.0,0.0,0.0,0.0,0.0,0.0,0.0,0.0,0.0,0.0,0.0,0.0,0.0,0.0,0.0,0.0,0.0,0.0,0.0,0.0,0.0,0.0,0.0,0.0,0.0
2026-01-16,51.0,51.29,48.84,50.66,25916785.0,0.0,0.0,44.06236006178147,40.34763578530645,2.704285714285715,0.053381083977214,70.94508389611863,1.2582756054698074,0.7428571428568381,48.99,51.29,51.29,719536485.0,604658786.2,48175843.04132441,4731.8728,-0.0056839131701692,0.1318141197497766,0.1374980329199459,2.43969781127906,1.3736434197208425,0.6175382989960716,0.7428571428568381,0.2297422165326867,2.384549839666736,0.1374980329199459,0.625,2.0442195880040046,-0.7699686648092746,1.7732693469718817,0.7245995980908555,0.709046046420462,1.583921398006203,2.125728722209008,0.106866947813662,1.0,,,,,,,,,,,,,,,0.0538158737129554,0.1,1291461988.0,25916785,48,49.83110320203683,2026-01-19,53.45808847783534,54.53,54.98,50.67,0.055232697943848,0.072785570511918,0.0763916304776946,51.0,51.24,48.87,50.58,25521484,1271446531.0,47,2026-01-16 14:55:00,49.81867555193891,0.0441783649876135,0.1555860178204249,0.1300268096514745,0.1898376852505292,0.4328611898016998,0.1767990507433516,0.2547287994740954,3.877960042988831,3.442662914312192,0.0468564650059312,asof1455,14:55,50.66,97.16301887365813,6.998005088769612,12.608138415359207,22.75065845747316,2025-10-31,2025-09-30,0.06055,0.127434,0.36917,270302332.09,0.520568,,679036441.0,679036441.0,True,2025-11-01,1.701725,158.662522,0.598875,450.826515,0.425734,0.161829,0.111265,0.266715,0.282373,0.30303,0.295869,1.655401,1.022095,0.541795,0.400017,0.00625,2.666724,0.424379,0.575621,0.254607,3.615401,-0.02791,-0.219012,-0.02791,0.06055,2.700284,0.161829,1.087331,0.127434,0.947554,0.769234,0.174832,76,97.316697,7.009073,12.62808,22.786642,asof1455_from_lagged_eod,1,1.0,1.0,1.0,0.7738095238095238,0.0,0.0,0.0,0.0,0.0,,0.0,0.0,0.0,0.0,0.0,0.0,0.0,0.0,0.0,0.0,0.0,0.0,0.0,0.0,0.0,0.0,0.0,0.0,0.0,0.0,0.0,0.0,0.0,0.0,0.0,0.0,0.0,0.0
2026-01-19,50.67,54.98,50.67,54.53,28582164.0,0.0,0.0,45.059278151135615,40.81263133332918,2.862142857142858,0.0524874905032606,76.16708886030331,1.3289072912340736,0.8955916473315796,51.29,54.98,54.98,748118649.0,613924337.75,56360642.33985565,4734.4556,-0.0115784714782546,0.1929555895865238,0.2045340610647784,3.308961963664962,1.4837298589785204,1.1320189668076908,0.8955916473315796,0.284357019009002,2.3809932903320368,0.2045340610647784,0.575,3.033788694570636,-0.4320138696585588,2.2703604707738454,1.2096446254553062,0.8790228920946914,1.551549635456695,3.1504477258061754,-0.0686954617060359,0.0,,,,,,,,,,,,,,,0.0536106260084358,0.1,1527947852.0,28582164,48,53.45808847783534,2026-01-20,51.96143431544922,52.0,54.53,50.71,-0.047103716936563,-0.027996776633842,-0.046396479002384,50.67,54.93,50.67,54.41,27925564,1492164501.0,47,2026-01-19 14:55:00,53.43363883357915,0.0740228977497039,0.1887699366397202,0.1903303434697001,0.3066762728146013,0.5092926490984744,0.2540189220646023,0.3412214210883098,4.286548017416077,4.334816861319303,0.0782944311707406,asof1455,14:55,54.53,104.52036091136992,7.52790489399921,13.562847074615082,24.47337527082511,2025-10-31,2025-09-30,0.06055,0.127434,0.36917,270302332.09,0.520568,,679036441.0,679036441.0,True,2025-11-01,1.701725,158.662522,0.598875,450.826515,0.425734,0.161829,0.111265,0.266715,0.282373,0.30303,0.295869,1.655401,1.022095,0.541795,0.400017,0.00625,2.666724,0.424379,0.575621,0.254607,3.615401,-0.02791,-0.219012,-0.02791,0.06055,2.700284,0.161829,1.087331,0.127434,0.947554,0.769234,0.174832,79,104.750878,7.544508,13.59276,24.527351,asof1455_from_lagged_eod,1,1.0,1.0,1.0,0.7777777777777778,0.0,0.0,0.0,0.0,0.0,,0.0,0.0,0.0,0.0,0.0,0.0,0.0,0.0,0.0,0.0,0.0,0.0,0.0,0.0,0.0,0.0,0.0,0.0,0.0,0.0,0.0,0.0,0.0,0.0,0.0,0.0,0.0,0.0
2026-01-20,54.53,54.53,50.71,52.0,25634110.0,0.0,0.0,45.72029927959889,41.17943030600691,3.0071428571428584,0.0578296703296692,67.61180499025286,1.167287179020314,0.3376963350784454,54.98,54.98,54.98,722484539.0,622737494.6,58812683.67122882,4718.8782,-0.00885400401812,0.1880283299063283,0.1968823339244484,2.0882615222229512,1.5100276871797291,-0.9909738717336356,0.3376963350784454,0.154682406167446,1.6960124614887495,0.1968823339244484,0.7583333333333333,1.4971887225366831,-0.3441225092421775,-0.02019750905869,-0.6277788189055457,0.4956213617480177,0.9662042078383796,2.893446817140649,0.5324746071417296,0.0,,,,,,,,,,,,,,,0.0536106260084358,0.1,1331985123.0,25634110,48,51.96143431544922,2026-01-21,51.27397851259764,51.55,52.95,49.93,-0.0139619516808147,-0.0132301159871406,-0.0086538461538462,54.53,54.53,50.73,51.72,25216094,1310288620.0,47,2026-01-20 14:55:00,51.96239433434853,-0.0515312671923712,0.0677126341866225,0.1816312542837559,0.2805149789551868,0.3585500394011032,0.174573615243113,0.265305623172805,2.196340309709068,3.0063877418162672,0.0734725444702243,asof1455,14:55,52.0,99.35293251714651,7.155729942417018,12.892307852558224,23.263425522097926,2025-10-31,2025-09-30,0.06055,0.127434,0.36917,270302332.09,0.520568,,679036441.0,679036441.0,True,2025-11-01,1.701725,158.662522,0.598875,450.826515,0.425734,0.161829,0.111265,0.266715,0.282373,0.30303,0.295869,1.655401,1.022095,0.541795,0.400017,0.00625,2.666724,0.424379,0.575621,0.254607,3.615401,-0.02791,-0.219012,-0.02791,0.06055,2.700284,0.161829,1.087331,0.127434,0.947554,0.769234,0.174832,80,99.890806,7.194469,12.962103,23.389368,asof1455_from_lagged_eod,1,0.996031746031746,0.996031746031746,0.996031746031746,0.7777777777777778,0.0,0.0,0.0,0.0,0.0,,0.0,0.0,0.0,0.0,0.0,0.0,0.0,0.0,0.0,0.0,0.0,0.0,0.0,0.0,0.0,0.0,0.0,0.0,0.0,0.0,0.0,0.0,0.0,0.0,0.0,0.0,0.0,0.0
2026-01-21,51.51,52.95,49.93,51.55,19741800.0,0.0,0.0,46.27550887201805,41.51944898449848,3.08857142857143,0.0599140917278636,66.18776733003449,0.8877518546993338,0.5364238410594236,54.98,54.98,54.98,702742739.0,629854028.2,59448344.97638385,4723.0692,-0.0039775782462948,0.1262835918724054,0.1302611701187003,1.7077445835273684,1.5398898803249834,-1.11054579093396,0.5364238410594236,-0.1190630179475667,1.2260847771112109,0.1302611701187003,0.825,1.0227999598763902,-0.2447907016957674,-0.1552726815416084,0.0316694041478452,-0.3259796457710994,0.5713960308044816,1.76210754901699,0.7425996805511219,0.0,,,,,,,,,,,,,,,0.0536106260084358,0.1,1012240629.0,19741800,48,51.27397851259764,2026-01-22,51.8131638741306,51.61,52.7,50.8,0.0051050218066073,0.0105157699319253,0.0011639185257033,51.51,52.94,49.98,51.49,19440500,996716956.0,47,2026-01-21 14:55:00,51.27012967773462,-0.0098076923076922,0.0163837347019346,0.1249726895346297,0.2552413456850315,0.322290703646636,0.1541349591491365,0.2525644040446633,1.810703256541712,2.690676919380232,0.0574868906583802,asof1455,14:55,51.55,98.91110771038461,7.123907861730769,12.834974682115385,23.159972275384618,2025-10-31,2025-09-30,0.06055,0.127434,0.36917,270302332.09,0.520568,,679036441.0,679036441.0,True,2025-11-01,1.701725,158.662522,0.598875,450.826515,0.425734,0.161829,0.111265,0.266715,0.282373,0.30303,0.295869,1.655401,1.022095,0.541795,0.400017,0.00625,2.666724,0.424379,0.575621,0.254607,3.615401,-0.02791,-0.219012,-0.02791,0.06055,2.700284,0.161829,1.087331,0.127434,0.947554,0.769234,0.174832,81,99.026367,7.132209,12.849931,23.18696,asof1455_from_lagged_eod,1,0.9920634920634921,0.9920634920634921,0.9920634920634921,0.7777777777777778,0.0,0.0,0.0,0.0,0.0,,0.0,0.0,0.0,0.0,0.0,0.0,0.0,0.0,0.0,0.0,0.0,0.0,0.0,0.0,0.0,0.0,0.0,0.0,0.0,0.0,0.0,0.0,0.0,0.0,0.0,0.0,0.0,0.0
2026-01-22,51.78,52.7,50.8,51.61,16587670.0,0.0,0.0,46.783555646111566,41.85028672271165,3.080714285714287,0.0596921969717928,66.28971675165718,0.7343675248640738,0.4263157894734597,54.98,54.98,54.98,719330409.0,638279604.35,59591013.06318191,4723.7091,-0.0058340760747507,0.0654417836498761,0.0712758597246269,1.566664061080828,1.6013393212978544,-1.0939021562713802,0.4263157894734597,-0.308745660609914,1.360117918520115,0.0712758597246269,0.8083333333333333,0.8448914364270035,-0.0479134818568992,-0.1455120371870701,-0.3325112482804012,-0.8917480971480659,0.6786283183307076,0.784384532732481,0.673401773266292,0.0,,,,,,,,,,,,,,,0.0536106260084358,0.1,859459664.0,16587670,48,51.8131638741306,2026-01-23,52.25205331435365,52.17,53.92,50.89,0.0124404827427562,0.008470616488297,0.0108506103468319,51.78,52.68,50.84,51.55,16262330,842675661.0,47,2026-01-22 14:55:00,51.817646118360656,0.0,-0.0546488171648634,0.0642031379025598,0.2668960432538707,0.3221338804821747,0.1420026583961009,0.2476452863372151,1.6072595125470803,2.51260274506051,0.035693501454898,asof1455,14:55,51.61,99.026367,7.132209,12.849931,23.18696,2025-10-31,2025-09-30,0.06055,0.127434,0.36917,270302332.09,0.520568,,679036441.0,679036441.0,True,2025-11-01,1.701725,158.662522,0.598875,450.826515,0.425734,0.161829,0.111265,0.266715,0.282373,0.30303,0.295869,1.655401,1.022095,0.541795,0.400017,0.00625,2.666724,0.424379,0.575621,0.254607,3.615401,-0.02791,-0.219012,-0.02791,0.06055,2.700284,0.161829,1.087331,0.127434,0.947554,0.769234,0.174832,82,99.141625,7.140511,12.864888,23.213948,asof1455_from_lagged_eod,1,0.9920634920634921,0.9920634920634921,0.9920634920634921,0.7817460317460317,0.0,0.0,0.0,0.0,0.0,,0.0,0.0,0.0,0.0,0.0,0.0,0.0,0.0,0.0,0.0,0.0,0.0,0.0,0.0,0.0,0.0,0.0,0.0,0.0,0.0,0.0,0.0,0.0,0.0,0.0,0.0,0.0,0.0
2026-01-23,51.62,53.92,50.89,52.17,20906565.0,0.0,0.0,47.29655034648189,42.1886379777047,3.1464285714285727,0.0603110709493676,67.28129830678397,0.9120790705899322,0.4224422442242832,54.98,54.98,54.98,740236974.0,647039362.85,61040412.51670906,4702.4966,-0.0062081550459259,0.0298065534938809,0.0360147085398069,1.548882977281085,1.6234000718015422,-0.8930760499429605,0.4224422442242832,-0.0920285924577924,1.5268181735254212,0.0360147085398069,0.8416666666666667,0.8226527224737903,0.0318097113958986,0.0667128976551938,-0.3362795390417874,-0.2462418382203361,0.8132454931283873,0.2010360145768435,0.7726613985888335,1.0,,,,,,,,,,,,,,,0.0536106260084358,0.1,1092410949.0,20906565,48,52.25205331435365,2026-01-26,53.65885933883566,52.98,55.47,51.51,0.0285386110568459,0.0269234591800349,0.0155261644623345,51.62,53.9,50.9,52.11,20622045,1077574571.0,47,2026-01-23 14:55:00,52.25352631128485,0.0096880449525285,0.0021153846153845,0.0286221871298855,0.2410097642295783,0.2541516245487365,0.1406120036772753,0.254810991736532,1.571501921050554,2.4794081155952723,0.0575705238917674,asof1455,14:55,52.17,100.10211351966673,7.209688591552024,12.989523613253246,23.43884577174966,2025-10-31,2025-09-30,0.06055,0.127434,0.36917,270302332.09,0.520568,,679036441.0,679036441.0,True,2025-11-01,1.701725,158.662522,0.598875,450.826515,0.425734,0.161829,0.111265,0.266715,0.282373,0.30303,0.295869,1.655401,1.022095,0.541795,0.400017,0.00625,2.666724,0.424379,0.575621,0.254607,3.615401,-0.02791,-0.219012,-0.02791,0.06055,2.700284,0.161829,1.087331,0.127434,0.947554,0.769234,0.174832,83,100.217373,7.21799,13.00448,23.465833,asof1455_from_lagged_eod,1,0.996031746031746,0.996031746031746,0.996031746031746,0.7896825396825397,0.0,0.0,0.0,0.0,0.0,,0.0,0.0,0.0,0.0,0.0,0.0,0.0,0.0,0.0,0.0,0.0,0.0,0.0,0.0,0.0,0.0,0.0,0.0,0.0,0.0,0.0,0.0,0.0,0.0,0.0,0.0,0.0,0.0
2026-01-26,52.16,55.47,51.51,52.98,26589123.0,0.0,0.0,47.837831265864565,42.54245312597668,3.1521428571428585,0.0594968451706832,68.71476351117136,1.1289402705512437,0.3712121212120271,54.98,55.47,55.47,766826097.0,656429528.55,64217498.203590326,4706.964,-0.0058067077448145,-0.028424720337429,-0.0226180125926145,1.6313247740283972,1.6799296160980484,-0.6344890097437368,0.3712121212120271,0.1212793790304147,1.719104162233276,-0.0226180125926145,0.7833333333333333,0.910119342632615,0.2150986116398713,0.3350780903976695,-0.5158985670284553,0.3977379372442374,0.9610574637093312,-0.7622627329825409,0.5628022722855376,1.0,,,,,,,,,,,,,,,0.0536106260084358,0.1,1426742011.0,26589123,48,53.65885933883566,2026-01-27,52.94134556731834,54.17,54.5,51.48,-0.0007296042408767,-0.013371767129571,0.0224613061532654,52.16,55.46,51.8,52.94,26235123,1407988534.0,47,2026-01-26 14:55:00,53.668074435938415,0.0147594402913551,0.0269641125121242,-0.0291582615074271,0.2479962281942478,0.2899610136452242,0.1460114731031496,0.2693870863322289,1.5955753130407535,2.507737919630874,0.0691348696637703,asof1455,14:55,52.98,101.69652533294996,7.3245234924285985,13.196418846080121,23.81217556105041,2025-10-31,2025-09-30,0.06055,0.127434,0.36917,270302332.09,0.520568,,679036441.0,679036441.0,True,2025-11-01,1.701725,158.662522,0.598875,450.826515,0.425734,0.161829,0.111265,0.266715,0.282373,0.30303,0.295869,1.655401,1.022095,0.541795,0.400017,0.00625,2.666724,0.424379,0.575621,0.254607,3.615401,-0.02791,-0.219012,-0.02791,0.06055,2.700284,0.161829,1.087331,0.127434,0.947554,0.769234,0.174832,86,101.773364,7.330057,13.206389,23.830168,asof1455_from_lagged_eod,1,0.996031746031746,0.996031746031746,0.996031746031746,0.7936507936507936,0.0,0.0,0.0,0.0,0.0,,0.0,0.0,0.0,0.0,0.0,0.0,0.0,0.0,0.0,0.0,0.0,0.0,0.0,0.0,0.0,0.0,0.0,0.0,0.0,0.0,0.0,0.0,0.0,0.0,0.0,0.0,0.0,0.0
2026-01-27,51.98,54.5,51.48,54.17,20074135.0,0.0,0.0,48.44089495482984,42.92368417102662,3.167142857142859,0.0584667317176075,70.74277692066761,0.8471613555340474,0.8907284768208977,55.47,55.47,55.47,786900232.0,665963172.6,68577779.34947178,4705.6918,-0.0027943929555123,0.0417307692307693,0.0445251621862816,1.8089190489931628,1.7420151324587432,-0.4104645917905774,0.8907284768208977,-0.1658641000718882,1.7635021219294045,0.0445251621862816,0.7416666666666667,1.1102563163392591,0.4151890824837035,0.5694549775521859,1.1936476760913712,-0.463453095906372,0.9824718325752692,0.3325509933658836,0.4104545180931395,0.0,,,,,,,,,,,,,,,0.0536106260084358,0.1,1062751718.0,20074135,48,52.94134556731834,2026-01-28,52.90756707600321,53.15,54.16,51.99,-0.0233050198264129,-0.0006380361313669,-0.0188296104855086,51.98,54.48,51.5,54.16,19762735,1045883184.0,47,2026-01-27 14:55:00,52.9219859498192,0.0222725556813891,0.0494090292578957,0.0415384615384615,0.2577798420808173,0.3563736538943149,0.1591721421997731,0.2924729044446652,1.6981093646942516,2.6045179367828584,0.0550221565731166,asof1455,14:55,54.17,104.04011691657229,7.493316102680256,13.500529034352585,24.36092674367686,2025-10-31,2025-09-30,0.06055,0.127434,0.36917,270302332.09,0.520568,,679036441.0,679036441.0,True,2025-11-01,1.701725,158.662522,0.598875,450.826515,0.425734,0.161829,0.111265,0.266715,0.282373,0.30303,0.295869,1.655401,1.022095,0.541795,0.400017,0.00625,2.666724,0.424379,0.575621,0.254607,3.615401,-0.02791,-0.219012,-0.02791,0.06055,2.700284,0.161829,1.087331,0.127434,0.947554,0.769234,0.174832,87,104.059327,7.4947,13.503022,24.365425,asof1455_from_lagged_eod,1,0.996031746031746,0.996031746031746,0.996031746031746,0.7976190476190477,0.0,0.0,0.0,0.0,0.0,,0.0,0.0,0.0,0.0,0.0,0.0,0.0,0.0,0.0,0.0,0.0,0.0,0.0,0.0,0.0,0.0,0.0,0.0,0.0,0.0,0.0,0.0,0.0,0.0,0.0,0.0,0.0,0.0
2026-01-28,54.16,54.16,51.99,53.15,15869908.0,0.0,0.0,48.88938114960796,43.25897321459952,3.090000000000002,0.0581373471307609,66.74873765095629,0.6686115412593137,0.5345622119813203,55.47,55.47,55.47,771030324.0,675456962.2,69318899.43356213,4717.9914,-0.0010751059925185,0.0310378273520854,0.032112933344604,1.3788410519063623,1.822138490293401,-0.7508090614884297,0.5345622119813203,-0.402552043315458,1.3787489787197371,0.032112933344604,0.7333333333333333,0.5696903102697277,0.6669217258046213,0.1717811116951958,0.0014979540241654,-1.1643626429252083,0.6508698391972404,0.1193165366158078,0.3741367204324842,0.0,,,,,,,,,,,,,,,0.0536106260084358,0.1,839638222.0,15869908,48,52.90756707600321,2026-01-29,54.26095550341323,52.64,56.22,52.6,0.0209022672326102,0.0255802430957718,-0.0095954844778927,54.16,54.16,52.0,53.22,15594208,824974257.0,47,2026-01-28 14:55:00,52.90260698074568,-0.0175373823149345,0.0201265094882114,0.0323957322987391,0.2408486826766145,0.3600817786864296,0.1256702306545258,0.2628881269057819,1.2973411655564455,2.236873828175486,0.040586245772266,asof1455,14:55,53.15,102.23439879896621,7.36326258076426,13.266214340779028,23.938119226509134,2025-10-31,2025-09-30,0.06055,0.127434,0.36917,270302332.09,0.520568,,679036441.0,679036441.0,True,2025-11-01,1.701725,158.662522,0.598875,450.826515,0.425734,0.161829,0.111265,0.266715,0.282373,0.30303,0.295869,1.655401,1.022095,0.541795,0.400017,0.00625,2.666724,0.424379,0.575621,0.254607,3.615401,-0.02791,-0.219012,-0.02791,0.06055,2.700284,0.161829,1.087331,0.127434,0.947554,0.769234,0.174832,88,102.09993,7.353578,13.248765,23.906633,asof1455_from_lagged_eod,1,0.9920634920634921,0.9920634920634921,0.9920634920634921,0.7976190476190477,0.0,0.0,0.0,0.0,0.0,,0.0,0.0,0.0,0.0,0.0,0.0,0.0,0.0,0.0,0.0,0.0,0.0,0.0,0.0,0.0,0.0,0.0,0.0,0.0,0.0,0.0,0.0,0.0,0.0,0.0,0.0,0.0,0.0
2026-01-29,53.0,56.22,52.6,52.64,23970715.0,0.0,0.0,49.24658294488339,43.56654786330117,3.1421428571428587,0.0596911636995212,64.77939273050264,0.9948215810521616,0.0110497237569027,55.47,56.22,56.22,747059609.0,682913554.05,68595315.01092263,4753.8697,0.0063849401733904,0.0199573726022088,0.0135724324288184,1.079969055958567,1.807694729304972,-0.9006592407362434,0.0110497237569027,-0.005191873427961,0.935137551883622,0.0135724324288184,0.7916666666666666,0.1962595481748834,0.6275504304286795,-0.0079137284818316,-1.7106029897975217,0.0181287087987247,0.2742872649818673,-0.1894704114471118,0.5617453212243093,0.0,,,,,,,,,,,,,,,0.0536106260084358,0.1,1300673900.0,23970715,48,54.26095550341323,2026-01-30,51.3700596334103,51.4,53.49,50.11,-0.02412500696409,-0.0532776439924851,-0.0235562310030394,53.0,56.18,52.7,52.72,23538715,1277928682.0,47,2026-01-29 14:55:00,54.290503198666535,-0.0080903104421449,-0.0049075122687806,0.0215074597946134,0.2212184387306,0.3329962073324906,0.1031250326940982,0.2441249001970491,1.0636070672217934,2.015538199383605,0.066009104704097,asof1455,14:55,52.64,101.27390987017874,7.294085271119473,13.141578378174977,23.71322091740357,2025-10-31,2025-09-30,0.06055,0.127434,0.36917,270302332.09,0.520568,,679036441.0,679036441.0,True,2025-11-01,1.701725,158.662522,0.598875,450.826515,0.425734,0.161829,0.111265,0.266715,0.282373,0.30303,0.295869,1.655401,1.022095,0.541795,0.400017,0.00625,2.666724,0.424379,0.575621,0.254607,3.615401,-0.02791,-0.219012,-0.02791,0.06055,2.700284,0.161829,1.087331,0.127434,0.947554,0.769234,0.174832,89,101.120232,7.283017,13.121637,23.677237,asof1455_from_lagged_eod,1,0.9841269841269841,0.9841269841269841,0.9841269841269841,0.7936507936507936,0.0,0.0,0.0,0.0,0.0,,0.0,0.0,0.0,0.0,0.0,0.0,0.0,0.0,0.0,0.0,0.0,0.0,0.0,0.0,0.0,0.0,0.0,0.0,0.0,0.0,0.0,0.0,0.0,0.0,0.0,0.0,0.0,0.0
2026-01-30,52.21,53.49,50.11,51.4,20911935.0,0.0,0.0,49.45167028346592,43.823382359586375,3.259285714285716,0.0634102279043901,60.133875085500414,0.8619549915109515,0.3816568047336143,56.22,56.22,56.22,726147674.0,690204585.3,64957047.42545721,4706.3401,0.0008173317977517,-0.0147594402913552,-0.015576772089107,0.5977781291139311,1.726847050937748,-1.478851632697332,0.3816568047336143,-0.1485522237060618,0.5533362448662291,-0.015576772089107,0.9083333333333332,-0.4000400960015359,0.3820571895788652,-0.6727032737755555,-0.4837815597095066,-0.4338512267292,-0.0516974631153053,-0.6732697606410868,0.9487530277056642,0.0,,,,,,,,,,,,,,,0.0536106260084358,0.1,1074247348.0,20911935,48,51.3700596334103,2026-02-02,51.58344124938074,50.32,52.98,50.23,0.0035688959023489,0.0041538128920461,-0.0210116731517508,52.21,53.48,50.13,51.42,20516451,1053925582.0,47,2026-01-30 14:55:00,51.36978037770763,-0.023176291793313,-0.0507661067011261,-0.0143760782058653,0.2316167664670658,0.2176178072460337,0.065368279291412,0.2072311785881984,0.6827306861421542,1.670517007956171,0.0651497471800854,asof1455,14:55,51.4,98.7766399969605,7.114223672872341,12.817526112082067,23.128486446428575,2025-10-31,2025-09-30,0.06055,0.127434,0.36917,270302332.09,0.520568,,679036441.0,679036441.0,True,2025-11-01,1.701725,158.662522,0.598875,450.826515,0.425734,0.161829,0.111265,0.266715,0.282373,0.30303,0.295869,1.655401,1.022095,0.541795,0.400017,0.00625,2.666724,0.424379,0.575621,0.254607,3.615401,-0.02791,-0.219012,-0.02791,0.06055,2.700284,0.161829,1.087331,0.127434,0.947554,0.769234,0.174832,90,98.73822,7.111456,12.812541,23.119491,asof1455_from_lagged_eod,1,0.9642857142857143,0.9642857142857143,0.9642857142857143,0.7777777777777778,0.0,0.0,0.0,0.0,0.0,,0.0,0.0,0.0,0.0,0.0,0.0,0.0,0.0,0.0,0.0,0.0,0.0,0.0,0.0,0.0,0.0,0.0,0.0,0.0,0.0,0.0,0.0,0.0,0.0,0.0,0.0,0.0,0.0
2026-02-02,51.92,52.98,50.23,50.32,16858784.0,0.0,0.0,49.53436835170727,44.03638621664912,3.240000000000001,0.0643879173290925,56.34394460522286,0.6981934862107173,0.032727272727262,56.22,56.22,56.22,709288890.0,695694978.3,61611248.60704549,4605.9799,-0.0214541900044273,-0.0502076255190637,-0.0287534355146363,0.2424789037939791,1.696908066375446,-1.820987654320424,0.032727272727262,-0.3592590137578754,0.2206400942578127,-0.0287534355146363,0.9166666666666666,-0.8264699445715352,0.3014925169777752,-1.0489343866243996,-1.6105327548340278,-1.0642849355399604,-0.3322853759804423,-0.8777662425380132,0.9635519306944024,1.0,,,,,,,,,,,,,,,0.0536106260084358,0.1,869634094.0,16858784,48,51.58344124938074,2026-02-03,52.20036619699374,53.15,53.19,50.5,0.0373681676668071,0.0119597477925226,0.0562400635930047,51.92,52.95,50.34,50.35,16474584,850304714.0,47,2026-02-02 14:55:00,51.6131220066012,-0.0204280155642022,-0.0526810912511758,-0.0496413741034351,0.1636237577998613,0.2039693926351029,0.0328734806913175,0.1778833969517734,0.3629752229614658,1.407501106811728,0.0518371400198609,asof1455,14:55,50.32,96.72119410505837,6.9661830661478605,12.55080621303502,22.647205678015567,2025-10-31,2025-09-30,0.06055,0.127434,0.36917,270302332.09,0.520568,,679036441.0,679036441.0,True,2025-11-01,1.701725,158.662522,0.598875,450.826515,0.425734,0.161829,0.111265,0.266715,0.282373,0.30303,0.295869,1.655401,1.022095,0.541795,0.400017,0.00625,2.666724,0.424379,0.575621,0.254607,3.615401,-0.02791,-0.219012,-0.02791,0.06055,2.700284,0.161829,1.087331,0.127434,0.947554,0.769234,0.174832,93,96.663565,6.962033,12.543328,22.633712,asof1455_from_lagged_eod,1,0.9563492063492064,0.9563492063492064,0.9563492063492064,0.7738095238095238,0.0,0.0,0.0,0.0,0.0,,0.0,0.0,0.0,0.0,0.0,0.0,0.0,0.0,0.0,0.0,0.0,0.0,0.0,0.0,0.0,0.0,0.0,0.0,0.0,0.0,0.0,0.0,0.0,0.0,0.0,0.0,0.0,0.0
2026-02-03,50.92,53.19,50.5,53.15,15470908.0,0.0,0.0,49.87871422297325,44.335193225939314,3.207857142857144,0.0603547910227108,62.93588215077975,0.675316696648328,0.9851301115237976,56.22,56.22,56.22,724759798.0,703969639.2,53283006.07120136,4660.1074,-0.0096870772539756,-0.0188296104855086,-0.009142533231533,1.0197728986497498,1.728107191236936,-0.9570251614336804,0.9851301115237976,-0.3925735179204865,0.3901836689209753,-0.009142533231533,0.825,0.1294480998605911,0.4184750526418671,-0.058988351569564,1.504881208003738,-1.163752481229112,-0.1983227234813195,-0.5486717201412703,0.630464858321142,1.0,,,,,,,,,,,,,,,0.0536106260084358,0.1,807587063.0,15470908,48,52.20036619699374,2026-02-04,54.80504815385832,54.72,55.99,53.2,0.0311391938637501,0.0498977717327695,0.0295390404515523,50.92,53.19,50.7,53.14,15199108,793142216.0,47,2026-02-03 14:55:00,52.183471293183786,0.0560413354531001,0.009498480243161,-0.0190142145098762,0.3002202104232934,0.2938884830776722,0.0822810590631364,0.2390460386978434,0.9524861338374864,1.868445039426156,0.0468573579224688,asof1455,14:55,53.15,102.08072027225757,7.352194626788553,13.246272852146266,23.902135446740857,2025-10-31,2025-09-30,0.06055,0.127434,0.36917,270302332.09,0.520568,,679036441.0,679036441.0,True,2025-11-01,1.701725,158.662522,0.598875,450.826515,0.425734,0.161829,0.111265,0.266715,0.282373,0.30303,0.295869,1.655401,1.022095,0.541795,0.400017,0.00625,2.666724,0.424379,0.575621,0.254607,3.615401,-0.02791,-0.219012,-0.02791,0.06055,2.700284,0.161829,1.087331,0.127434,0.947554,0.769234,0.174832,94,102.09993,7.353578,13.248765,23.906633,asof1455_from_lagged_eod,1,0.9880952380952381,0.9880952380952381,0.9880952380952381,0.8095238095238095,0.0,0.0,0.0,0.0,0.0,,0.0,0.0,0.0,0.0,0.0,0.0,0.0,0.0,0.0,0.0,0.0,0.0,0.0,0.0,0.0,0.0,0.0,0.0,0.0,0.0,0.0,0.0,0.0,0.0,0.0,0.0,0.0,0.0
2026-02-04,54.18,55.99,53.2,54.72,18322104.0,0.0,0.0,50.33978905888056,44.6756786939413,3.1114285714285725,0.056860902255638,66.0028485784222,0.8147048526650632,0.544802867383316,56.22,56.22,56.22,743081902.0,711824438.45,46452786.61807444,4698.6832,-0.0040924618896082,0.0295390404515523,0.0336315023411605,1.407781294206898,1.820421145755832,-0.4820936639116906,0.544802867383316,-0.204929375300485,0.6728867270545595,0.0336315023411605,0.65,0.5996762096066205,0.7414236504633787,0.4815805219626232,0.0574494654840673,-0.6164820281016309,0.0273323031310611,0.1566775621180098,-0.0054974312382026,0.0,,,,,,,,,,,,,,,0.0536106260084358,0.1,1004143792.0,18322104,48,54.80504815385832,2026-02-05,52.30214415408663,52.62,54.7,50.98,-0.0441859620963699,-0.0456692236223402,-0.0383771929824561,54.18,55.98,53.4,54.7,18044454,988956113.0,47,2026-02-04 14:55:00,54.80665211593546,0.0291627469426152,0.0642023346303501,0.0291627469426152,0.3149038461538462,0.3397012000979673,0.1002936798487346,0.2694606146169767,1.2853643361746223,2.0600444042091377,0.0471663619744058,asof1455,14:55,54.72,105.07744442144873,7.568028534336782,13.635135380997179,24.603816088428974,2025-10-31,2025-09-30,0.06055,0.127434,0.36917,270302332.09,0.520568,,679036441.0,679036441.0,True,2025-11-01,1.701725,158.662522,0.598875,450.826515,0.425734,0.161829,0.111265,0.266715,0.282373,0.30303,0.295869,1.655401,1.022095,0.541795,0.400017,0.00625,2.666724,0.424379,0.575621,0.254607,3.615401,-0.02791,-0.219012,-0.02791,0.06055,2.700284,0.161829,1.087331,0.127434,0.947554,0.769234,0.174832,95,105.115864,7.570795,13.640121,24.612812,asof1455_from_lagged_eod,1,1.0,1.0,1.0,0.8253968253968254,0.0,0.0,0.0,0.0,0.0,,0.0,0.0,0.0,0.0,0.0,0.0,0.0,0.0,0.0,0.0,0.0,0.0,0.0,0.0,0.0,0.0,0.0,0.0,0.0,0.0,0.0,0.0,0.0,0.0,0.0,0.0,0.0,0.0
2026-02-05,54.05,54.7,50.98,52.62,17118266.0,0.0,0.0,50.55695200565384,44.93614824495962,3.175000000000001,0.0603382744203713,58.97347826499277,0.7754328674149537,0.4408602150536443,56.22,55.99,55.99,725963636.0,717553912.55,40379665.355044566,4670.4188,-0.0175543094923278,-0.0003799392097264,0.0171743702826013,0.6497788958568523,1.7703318931314804,-1.1338582677161784,0.4408602150536443,-0.2543338669534764,0.2082662987931234,0.0171743702826013,0.8166666666666667,-0.3352683333578226,0.6090725169215979,-0.263004933763605,-0.2809825004838353,-0.7746095989707457,-0.385259973711056,-0.1182504470655461,0.5819178108857403,0.0,,,,,,,,,,,,,,,0.0536106260084358,0.1,895322016.0,17118266,48,52.30214415408663,2026-02-06,52.78477715482784,51.98,54.16,51.39,0.0031314548617986,0.0092277861366321,-0.0121626757886734,54.05,54.4,50.99,52.63,16891166,883368913.0,47,2026-02-05 14:55:00,52.297687027645104,-0.0381944444444444,0.0459062003179651,-0.0001899696048631,0.1988610478359909,0.329040404040404,0.044867976970419,0.2148935842784813,0.6372422215718463,1.599297263520557,0.0647919437583126,asof1455,14:55,52.62,101.10102197222223,7.281632690972223,13.119144156250002,23.672739319444446,2025-10-31,2025-09-30,0.06055,0.127434,0.36917,270302332.09,0.520568,,679036441.0,679036441.0,True,2025-11-01,1.701725,158.662522,0.598875,450.826515,0.425734,0.161829,0.111265,0.266715,0.282373,0.30303,0.295869,1.655401,1.022095,0.541795,0.400017,0.00625,2.666724,0.424379,0.575621,0.254607,3.615401,-0.02791,-0.219012,-0.02791,0.06055,2.700284,0.161829,1.087331,0.127434,0.947554,0.769234,0.174832,96,101.081812,7.28025,13.116652,23.668241,asof1455_from_lagged_eod,1,0.9722222222222222,0.9722222222222222,0.9722222222222222,0.8015873015873016,0.0,0.0,0.0,0.0,0.0,,0.0,0.0,0.0,0.0,0.0,0.0,0.0,0.0,0.0,0.0,0.0,0.0,0.0,0.0,0.0,0.0,0.0,0.0,0.0,0.0,0.0,0.0,0.0,0.0,0.0,0.0,0.0,0.0
2026-02-06,52.0,54.16,51.39,51.98,13022270.0,0.0,0.0,50.69248038606776,45.16709420414127,3.0642857142857154,0.0589512449843335,56.98172871859508,0.6069517215688567,0.2129963898916188,56.22,55.99,55.99,712941366.0,721360603.7,35931760.96689996,4643.5959,-0.0133318456947044,0.0112840466926069,0.0246158923873114,0.4201695709800808,1.80315632976563,-1.3836829836825322,0.2129963898916188,-0.4993060272161889,-0.2343118587412339,0.0246158923873114,0.7166666666666667,-0.6099759656917876,0.7599712948323593,-0.5388335308592663,-1.0116127226287006,-1.5027549854739397,-0.7724076417174905,0.0045768613937861,0.1986402365442698,1.0,,,,,,,,,,,,,,,0.0536106260084358,0.1,687377620.0,13022270,48,52.78477715482784,2026-02-09,56.01475694172461,57.18,57.18,53.5,0.077621334007784,0.061191501811642,0.1000384763370527,52.0,54.16,51.43,52.09,12617071,666299423.0,47,2026-02-06 14:55:00,52.80935828925747,-0.0100722158874951,-0.0199435559736593,0.0134241245136188,0.163762287756926,0.4036647803826463,0.0252726055977641,0.1964352706085916,0.3953507409733131,1.4446541734087612,0.0524092916106737,asof1455,14:55,51.98,100.0636941672368,7.206921750285063,12.984538249334856,23.429849366970732,2025-10-31,2025-09-30,0.06055,0.127434,0.36917,270302332.09,0.520568,,679036441.0,679036441.0,True,2025-11-01,1.701725,158.662522,0.598875,450.826515,0.425734,0.161829,0.111265,0.266715,0.282373,0.30303,0.295869,1.655401,1.022095,0.541795,0.400017,0.00625,2.666724,0.424379,0.575621,0.254607,3.615401,-0.02791,-0.219012,-0.02791,0.06055,2.700284,0.161829,1.087331,0.127434,0.947554,0.769234,0.174832,97,99.852387,7.191702,12.957118,23.380372,asof1455_from_lagged_eod,1,0.9642857142857143,0.9642857142857143,0.9642857142857143,0.7976190476190477,0.0,0.0,0.0,0.0,0.0,,0.0,0.0,0.0,0.0,0.0,0.0,0.0,0.0,0.0,0.0,0.0,0.0,0.0,0.0,0.0,0.0,0.0,0.0,0.0,0.0,0.0,0.0,0.0,0.0,0.0,0.0,0.0,0.0
2026-02-09,54.0,57.18,53.5,57.18,22660183.0,0.0,0.0,51.31033939691845,45.56095996793992,3.162857142857144,0.0553140458701834,66.79457646849008,1.0618716249091835,0.9999999999997282,56.22,57.18,57.18,735601549.0,725051947.5,33317885.53337768,4719.0559,0.0245498248917672,0.1363275039745628,0.1117776790827955,1.8558095854362164,1.817780307264544,0.3035230352302565,0.9999999999997282,0.0600330350132834,0.3166347843242172,0.1117776790827955,0.6,1.142611690009359,0.861820159785622,1.3805636487776338,1.5462724649930155,0.2105623074820743,-0.2992116175891653,1.416611683385416,-0.2645558024234233,1.0,,,,,,,,,,,,,,,0.0536106260084358,0.1,1269304643.0,22660183,48,56.01475694172461,2026-02-10,60.38862821022411,61.16,62.3,57.5,0.0561145192414149,0.0780842675627404,0.0696047569080098,54.0,57.18,53.58,57.18,22611983,1266548567.0,47,2026-02-09 14:55:00,56.01227309431464,0.1000384763370527,0.0449561403508771,0.1363275039745628,0.250929774666375,0.5321543408360128,0.117517149725409,0.3059117744458781,2.04344676274212,2.2485858752704786,0.0629590766002098,asof1455,14:55,57.18,109.84146765409773,7.911148910350136,14.2533283424394,25.71930879107349,2025-10-31,2025-09-30,0.06055,0.127434,0.36917,270302332.09,0.520568,,679036441.0,679036441.0,True,2025-11-01,1.701725,158.662522,0.598875,450.826515,0.425734,0.161829,0.111265,0.266715,0.282373,0.30303,0.295869,1.655401,1.022095,0.541795,0.400017,0.00625,2.666724,0.424379,0.575621,0.254607,3.615401,-0.02791,-0.219012,-0.02791,0.06055,2.700284,0.161829,1.087331,0.127434,0.947554,0.769234,0.174832,100,109.841468,7.911149,14.253328,25.719309,asof1455_from_lagged_eod,1,1.0,1.0,1.0,0.8373015873015873,0.0,0.0,0.0,0.0,0.0,,0.0,0.0,0.0,0.0,0.0,0.0,0.0,0.0,0.0,0.0,0.0,0.0,0.0,0.0,0.0,0.0,0.0,0.0,0.0,0.0,0.0,0.0,0.0,0.0,0.0,0.0,0.0,0.0
2026-02-10,58.61,62.3,57.5,61.16,30663124.0,0.0,0.0,52.24840231149765,46.07240390341729,3.312857142857144,0.0541670559656162,72.04980249364581,1.412712346818018,0.7624999999998409,57.18,62.3,62.3,766264673.0,731444312.05,27908174.645852257,4724.2956,0.0137739743938092,0.1507055503292567,0.1369315759354474,2.6900036144673387,1.864251352158235,1.2013799051311582,0.7624999999998409,0.3455115067698862,1.2476760444515524,0.1369315759354474,0.5416666666666666,2.105600455509019,1.0729228434625813,2.327376831884357,0.7591059083862981,1.069257269003957,0.4948504558658252,1.787985961337106,-0.5163377064383019,0.0,,,,,,,,,,,,,,,0.0536106260084358,0.1,1851703995.0,30663124,48,60.38862821022411,2026-02-11,60.65779128171812,61.17,61.9,59.83,-0.0082113917312275,0.0044571814176173,0.000163505559189,58.61,62.18,57.99,61.12,30312842,1830288383.0,47,2026-02-10 14:55:00,60.37996645118264,0.0689052116124517,0.16153553781832,0.1499529633113829,0.3963902216129766,0.6350989834135901,0.1812796552024043,0.3854226876565458,3.189360784006253,2.770458840042376,0.0685536649214659,asof1455,14:55,61.16,117.41011759636235,8.456268395942637,15.235456582021683,27.491503429171036,2025-10-31,2025-09-30,0.06055,0.127434,0.36917,270302332.09,0.520568,,679036441.0,679036441.0,True,2025-11-01,1.701725,158.662522,0.598875,450.826515,0.425734,0.161829,0.111265,0.266715,0.282373,0.30303,0.295869,1.655401,1.022095,0.541795,0.400017,0.00625,2.666724,0.424379,0.575621,0.254607,3.615401,-0.02791,-0.219012,-0.02791,0.06055,2.700284,0.161829,1.087331,0.127434,0.947554,0.769234,0.174832,101,117.486956,8.461803,15.245428,27.509495,asof1455_from_lagged_eod,1,1.0,1.0,1.0,0.8412698412698413,0.0,0.0,0.0,0.0,0.0,,0.0,0.0,0.0,0.0,0.0,0.0,0.0,0.0,0.0,0.0,0.0,0.0,0.0,0.0,0.0,0.0,0.0,0.0,0.0,0.0,0.0,0.0,0.0,0.0,0.0,0.0,0.0,0.0
2026-02-11,60.91,61.9,59.83,61.17,20889047.0,0.0,0.0,53.09807828183121,46.567407054124914,3.325,0.0543567108059497,72.06176667332937,0.979652500607914,0.6473429951687709,62.3,62.3,62.3,787153720.0,737454448.25,26266937.21908892,4713.8185,0.0032211790741711,0.1178728070175438,0.1146516279433726,2.4276456295237194,1.9641116474298728,-0.3398496240600467,0.6473429951687709,-0.0205573614162644,1.892084765553943,0.1146516279433726,0.5583333333333333,1.7621000515613774,1.4647536245962909,0.6176076332648005,0.3927064302356421,-0.0365787848417002,1.0423840695120823,1.4028084120182107,-0.4743956576933558,1.0,,,,,,,,,,,,,,,0.0536106260084358,0.1,1267083453.0,20889047,48,60.65779128171812,2026-02-12,65.19729563119505,67.29,67.29,61.23,0.0658377575804323,0.0748379433796677,0.1000490436488474,60.91,61.86,59.83,61.0,20453686,1240470065.0,47,2026-02-11 14:55:00,60.64775146152141,-0.0026160889470241,0.1735282801077338,0.1147660818713449,0.3327507100720994,0.5947712418300655,0.1594753849078123,0.3703913103711664,2.7732544562777486,2.5563499817334296,0.0332786885245901,asof1455,14:55,61.17,117.1795996729889,8.439666170699804,15.205544604316549,27.437527714192285,2025-10-31,2025-09-30,0.06055,0.127434,0.36917,270302332.09,0.520568,,679036441.0,679036441.0,True,2025-11-01,1.701725,158.662522,0.598875,450.826515,0.425734,0.161829,0.111265,0.266715,0.282373,0.30303,0.295869,1.655401,1.022095,0.541795,0.400017,0.00625,2.666724,0.424379,0.575621,0.254607,3.615401,-0.02791,-0.219012,-0.02791,0.06055,2.700284,0.161829,1.087331,0.127434,0.947554,0.769234,0.174832,102,117.506166,8.463186,15.247921,27.513993,asof1455_from_lagged_eod,1,0.996031746031746,0.996031746031746,0.996031746031746,0.8412698412698413,0.0,0.0,0.0,0.0,0.0,,0.0,0.0,0.0,0.0,0.0,0.0,0.0,0.0,0.0,0.0,0.0,0.0,0.0,0.0,0.0,0.0,0.0,0.0,0.0,0.0,0.0,0.0,0.0,0.0,0.0,0.0,0.0,0.0
2026-02-12,62.5,67.29,61.23,67.29,30078294.0,0.0,0.0,54.44968987403776,47.24683633103885,3.5457142857142863,0.0526930344139431,78.20934903344725,1.3994203661036415,0.999999999999835,62.3,67.29,67.29,817232014.0,743635063.95,29561811.89614752,4719.578,0.010525651361287,0.2787913340935006,0.2682656827322136,3.6213606318175007,2.0314252538669675,1.407332796131757,0.999999999999835,0.3360581266778403,2.4895953708301306,0.2682656827322136,0.4416666666666666,3.059616136387292,1.731788965363269,2.52281983367634,1.5458233843226208,1.0617724317306498,1.5487263512288612,3.630277996303581,-0.9693567873348842,0.0,,,,,,,,,,,,,,,0.053404860341033,0.1,1961023426.0,30078294,48,65.19729563119505,2026-02-13,65.71363319229792,64.91,67.44,64.48,-0.0234264646708587,0.0079196162372081,-0.0353692970723734,62.5,67.29,61.25,67.29,30028194,1957652197.0,47,2026-02-12 14:55:00,65.19380409624368,0.1000490436488474,0.1768100734522562,0.2787913340935006,0.3891412056151941,0.8064429530201345,0.2605844885724993,0.4988361689726737,4.424442594660717,3.3229774598799917,0.0897607371080399,asof1455,14:55,67.29,129.2625455311427,9.309919665522315,16.773460913683177,30.266741686611084,2025-10-31,2025-09-30,0.06055,0.127434,0.36917,270302332.09,0.520568,,679036441.0,679036441.0,True,2025-11-01,1.701725,158.662522,0.598875,450.826515,0.425734,0.161829,0.111265,0.266715,0.282373,0.30303,0.295869,1.655401,1.022095,0.541795,0.400017,0.00625,2.666724,0.424379,0.575621,0.254607,3.615401,-0.02791,-0.219012,-0.02791,0.06055,2.700284,0.161829,1.087331,0.127434,0.947554,0.769234,0.174832,103,129.262545,9.30992,16.77346,30.266742,asof1455_from_lagged_eod,1,1.0,1.0,1.0,0.8492063492063492,0.0,0.0,0.0,0.0,0.0,,0.0,0.0,0.0,0.0,0.0,0.0,0.0,0.0,0.0,0.0,0.0,0.0,0.0,0.0,0.0,0.0,0.0,0.0,0.0,0.0,0.0,0.0,0.0,0.0,0.0,0.0,0.0,0.0
2026-02-13,67.29,67.44,64.48,64.91,27864633.0,0.0,0.0,55.445909886034165,47.82595645133266,3.474285714285714,0.0535246605189595,71.61016404604017,1.2905797796559235,0.145270270270219,67.29,67.44,67.44,789367381.0,747126608.75,30614457.42227715,4660.4056,0.0036199747699836,0.2487495190457869,0.2451295442758032,2.724039095301881,2.193243176105888,-0.6850328947366477,0.145270270270219,0.2550915589986987,1.379765503185523,0.2451295442758032,0.4916666666666666,1.97987672241907,2.3490984138300486,0.217768072938768,-1.2432051410210816,0.8010134520039923,0.5922229563180459,3.114959006959576,-0.79195779235766,1.0,,,,,,,,,,,,,,,0.053404860341033,0.1,1831086272.0,27864633,48,65.71363319229792,2026-02-24,67.83997632143405,67.44,69.49,66.0,0.0451390590268687,0.0323577167452271,0.0389770451394237,67.29,67.43,64.5,65.17,27299805,1794377049.0,47,2026-02-13 14:55:00,65.7285665227279,-0.0315054242829544,0.0655657292347939,0.2537514428626395,0.2864192656928543,0.8047632234837996,0.1996870541672417,0.4356048507010608,2.596759384649004,2.7277110379159484,0.044959337118306,asof1455,14:55,64.91,125.1900736758805,9.016607020359636,16.245005026006837,29.313175451627284,2025-10-31,2025-09-30,0.06055,0.127434,0.36917,270302332.09,0.520568,,679036441.0,679036441.0,True,2025-11-01,1.701725,158.662522,0.598875,450.826515,0.425734,0.161829,0.111265,0.266715,0.282373,0.30303,0.295869,1.655401,1.022095,0.541795,0.400017,0.00625,2.666724,0.424379,0.575621,0.254607,3.615401,-0.02791,-0.219012,-0.02791,0.06055,2.700284,0.161829,1.087331,0.127434,0.947554,0.769234,0.174832,104,124.69062,8.980635,16.180195,29.196229,asof1455_from_lagged_eod,1,0.996031746031746,0.996031746031746,0.996031746031746,0.8492063492063492,0.0,0.0,0.0,0.0,0.0,,0.0,0.0,0.0,0.0,0.0,0.0,0.0,0.0,0.0,0.0,0.0,0.0,0.0,0.0,0.0,0.0,0.0,0.0,0.0,0.0,0.0,0.0,0.0,0.0,0.0,0.0,0.0,0.0
2026-02-24,66.42,69.49,66.0,67.44,24224440.0,0.0,0.0,56.58820418260234,48.46903984637093,3.5857142857142854,0.0531689544145052,74.11094722675976,1.1334184507767822,0.4126074498566152,67.44,69.49,69.49,813591821.0,750400267.35,33872705.49291959,4707.544,-0.0024394498060513,0.1794333683105979,0.1818728181166493,3.0263972399108536,2.264308779028048,0.0,0.4126074498566152,0.1252382437604423,1.8655596808825592,0.1818728181166493,0.4583333333333333,2.254760249954935,2.595563864591317,0.9620529463397646,-0.359557188158386,0.3993332227728146,0.995241383291992,2.1318308872692886,-0.955846973482138,0.0,,,,,,,,,,,,,,,0.0532750191958596,0.1,1643385436.0,24224440,48,67.83997632143405,2026-02-25,66.85967232412611,66.42,68.28,65.8,-0.0086050960242273,-0.0144502408530207,-0.0151245551601423,66.42,69.41,66.0,67.27,23742840,1610928387.0,47,2026-02-24 14:55:00,67.84901835669196,0.0363580342012017,0.0997220859898642,0.1764603008044769,0.2336328626444157,0.8577740955537143,0.2223130734986829,0.466360039672592,2.6158678346739817,2.8279582893731283,0.0506912442396312,asof1455,14:55,67.44,129.22412582652905,9.307153234478509,16.768475083192115,30.257746492528117,2025-10-31,2025-09-30,0.06055,0.127434,0.36917,270302332.09,0.520568,,679036441.0,679036441.0,True,2025-11-01,1.701725,158.662522,0.598875,450.826515,0.425734,0.161829,0.111265,0.266715,0.282373,0.30303,0.295869,1.655401,1.022095,0.541795,0.400017,0.00625,2.666724,0.424379,0.575621,0.254607,3.615401,-0.02791,-0.219012,-0.02791,0.06055,2.700284,0.161829,1.087331,0.127434,0.947554,0.769234,0.174832,115,129.550692,9.330673,16.810851,30.334211,asof1455_from_lagged_eod,1,0.996031746031746,0.996031746031746,0.996031746031746,0.8531746031746031,0.0,0.0,0.0,0.0,0.0,,0.0,0.0,0.0,0.0,0.0,0.0,0.0,0.0,0.0,0.0,0.0,0.0,0.0,0.0,0.0,0.0,0.0,0.0,0.0,0.0,0.0,0.0,0.0,0.0,0.0,0.0,0.0,0.0
2026-02-25,67.44,68.28,65.8,66.42,20377698.0,0.0,0.0,57.524565689021166,49.05759591698172,3.607142857142857,0.0543080827633665,71.38096447942016,0.9653065219776216,0.2499999999999006,69.49,69.49,69.49,793214123.0,753936746.55,34460708.199243896,4735.8858,0.0024533181200598,0.0860039241334207,0.0835506060133608,2.46606099710236,2.3472787486835527,-0.8510891089106533,0.2499999999999006,-0.0353095887248027,1.139772758670753,0.0835506060133608,0.55,1.6001844005152157,2.8611289276824805,0.0256168748927028,-0.8940575928915152,-0.104386450388256,0.3647332029741263,0.7179775598928373,-0.5922391662937493,1.0,,,,,,,,,,,,,,,0.0532750191958596,0.1,1362446211.0,20377698,48,66.85967232412611,2026-02-26,71.26194723085446,73.06,73.06,65.66,0.0728989345205428,0.0658435010777012,0.0999698885877746,67.44,68.18,65.8,66.18,19970698,1335441257.0,47,2026-02-25 14:55:00,66.87003413701414,-0.0186832740213521,-0.0164957646009807,0.0820797907128845,0.2726923076923078,0.8246484698097603,0.1885669130126348,0.4264160703508923,1.944978776661605,2.4894485124777077,0.0359625264430342,asof1455,14:55,66.42,127.1302609217082,9.156345479537368,16.496769264234878,29.767468623665483,2025-10-31,2025-09-30,0.06055,0.127434,0.36917,270302332.09,0.520568,,679036441.0,679036441.0,True,2025-11-01,1.701725,158.662522,0.598875,450.826515,0.425734,0.161829,0.111265,0.266715,0.282373,0.30303,0.295869,1.655401,1.022095,0.541795,0.400017,0.00625,2.666724,0.424379,0.575621,0.254607,3.615401,-0.02791,-0.219012,-0.02791,0.06055,2.700284,0.161829,1.087331,0.127434,0.947554,0.769234,0.174832,116,127.591295,9.189551,16.556594,29.87542,asof1455_from_lagged_eod,1,0.9920634920634921,0.9920634920634921,0.9920634920634921,0.8531746031746031,0.0,0.0,0.0,0.0,0.0,,0.0,0.0,0.0,0.0,0.0,0.0,0.0,0.0,0.0,0.0,0.0,0.0,0.0,0.0,0.0,0.0,0.0,0.0,0.0,0.0,0.0,0.0,0.0,0.0,0.0,0.0,0.0,0.0
2026-02-26,66.2,73.06,65.66,73.06,30835974.0,0.0,0.0,59.00413086149534,49.8445599852774,3.8771428571428577,0.0530679285127676,77.25477966326457,1.4233221604265074,0.9999999999998648,69.49,73.06,73.06,824050097.0,760002114.45,35573930.01828501,4726.8739,0.0027696017570466,0.1943763282654895,0.1916067265084429,3.6253162848012974,2.362453800055602,0.9207811348560648,0.9999999999998648,0.3529936887241714,1.800419085467343,0.1916067265084429,0.4416666666666666,2.7570693477483093,2.881161452404668,1.92669728670936,1.5572200544670871,1.080208264560421,0.9199349927620334,2.195011548874934,-1.094413387203664,0.0,,,,,,,,,,,,,,,0.0531184414636364,0.1,2197431552.0,30835974,48,71.26194723085446,2026-02-27,72.54984429184124,70.0,76.94,69.16,-0.0069826951568404,0.0180727177832316,-0.0418833835203942,66.2,73.06,65.89,73.06,30608934,2180844010.0,47,2026-02-26 14:55:00,71.24861029136135,0.0999698885877746,0.1255584655677093,0.1943763282654895,0.4172647914645975,0.9799457994579948,0.2953556199746461,0.5578323400535197,2.869133139849639,3.1753906710121997,0.0981385162879825,asof1455,14:55,73.06,140.3465825459199,10.108229389641673,18.21175485757302,32.862062408912976,2025-10-31,2025-09-30,0.06055,0.127434,0.36917,270302332.09,0.520568,,679036441.0,679036441.0,True,2025-11-01,1.701725,158.662522,0.598875,450.826515,0.425734,0.161829,0.111265,0.266715,0.282373,0.30303,0.295869,1.655401,1.022095,0.541795,0.400017,0.00625,2.666724,0.424379,0.575621,0.254607,3.615401,-0.02791,-0.219012,-0.02791,0.06055,2.700284,0.161829,1.087331,0.127434,0.947554,0.769234,0.174832,117,140.346583,10.108229,18.211755,32.862062,asof1455_from_lagged_eod,1,1.0,1.0,1.0,0.8650793650793651,0.0,0.0,0.0,0.0,0.0,,0.0,0.0,0.0,0.0,0.0,0.0,0.0,0.0,0.0,0.0,0.0,0.0,0.0,0.0,0.0,0.0,0.0,0.0,0.0,0.0,0.0,0.0,0.0,0.0,0.0,0.0,0.0,0.0
2026-02-27,73.4,76.94,69.16,70.0,56501214.0,0.0,0.0,60.05135649373388,50.50539408412076,4.191428571428572,0.0598775510204073,70.11306839462527,2.388000895671285,0.1079691516709377,73.06,76.94,76.94,767548883.0,762413038.15,34348657.1560724,4710.6469,-0.0018923513924339,0.0402734433050973,0.0421657946975312,2.3735686620261154,2.277496144078932,-0.7300613496930778,0.1079691516709377,0.8704565706020129,0.1495209791365038,0.0421657946975312,0.775,1.4046807481370442,2.552523261145668,0.1448017720929844,-1.3330710740178742,2.581724461155316,-0.483062877703916,0.0872475345051511,0.3584632428723471,0.0,,,,,,,,,,,,,,,0.0531184414636364,0.1,4099154278.0,56501214,48,72.54984429184124,2026-03-02,67.8787884344173,67.12,70.0,66.51,-0.0303030223654671,-0.0643840921096122,-0.041142857142857,73.4,76.63,69.19,69.99,55556814,4033008556.0,47,2026-02-27 14:55:00,72.59250964247158,-0.0420202573227485,0.0378113879003558,0.0401248328131964,0.3561325324549504,0.9039717083786724,0.2177044730935853,0.4734374945176782,1.8601138542830664,2.558590803523479,0.1063009001285897,asof1455,14:55,70.0,134.44918346797152,9.68347861634273,17.44649236860115,31.481189698603885,2025-10-31,2025-09-30,0.06055,0.127434,0.36917,270302332.09,0.520568,,679036441.0,679036441.0,True,2025-11-01,1.701725,158.662522,0.598875,450.826515,0.425734,0.161829,0.111265,0.266715,0.282373,0.30303,0.295869,1.655401,1.022095,0.541795,0.400017,0.00625,2.666724,0.424379,0.575621,0.254607,3.615401,-0.02791,-0.219012,-0.02791,0.06055,2.700284,0.161829,1.087331,0.127434,0.947554,0.769234,0.174832,118,134.468393,9.684863,17.448985,31.485688,asof1455_from_lagged_eod,1,0.996031746031746,0.996031746031746,0.996031746031746,0.8650793650793651,0.0,0.0,0.0,0.0,0.0,,0.0,0.0,0.0,0.0,0.0,0.0,0.0,0.0,0.0,0.0,0.0,0.0,0.0,0.0,0.0,0.0,0.0,0.0,0.0,0.0,0.0,0.0,0.0,0.0,0.0,0.0,0.0,0.0
2026-03-02,68.24,70.0,66.51,67.12,37958589.0,0.0,0.0,60.72456063718779,51.05013526169057,4.244285714285715,0.0632342925251139,64.106394855719,1.548504260617374,0.1747851002864829,76.94,76.94,76.94,729590294.0,761880704.15,34768155.03525344,4728.6688,0.0146474804682237,0.0340471421968882,0.0193996617286644,1.5068352588244676,2.279400122129404,-2.313699091214532,0.1747851002864829,0.4372894718754295,-0.9287352209876786,0.0193996617286644,0.8916666666666667,0.484422162242451,2.559244185766216,-1.5396648277633551,-1.1152588859268306,1.2627171049197408,-1.3813800377972365,-0.2459249111881161,0.8809014865108555,0.0,,,,,,,,,,,,,,,0.0531184414636364,0.1,2576583032.0,37958589,48,67.8787884344173,2026-03-03,63.99196606654329,63.0,66.8,62.56,-0.0466036044913097,-0.05726122191514,-0.0613825983313469,68.24,69.98,66.51,67.12,37120989,2520369073.0,47,2026-03-02 14:55:00,67.89606475732637,-0.041142857142857,0.0105389942788316,0.0340471421968882,0.2865631589035844,0.8254011422355181,0.1493839528053908,0.3967280660074708,1.2272344439772491,2.0868271237314264,0.0516984505363527,asof1455,14:55,67.12,128.93597911657145,9.286400065142859,16.731083902857144,30.19027683657143,2025-10-31,2025-09-30,0.06055,0.127434,0.36917,270302332.09,0.520568,,679036441.0,679036441.0,True,2025-11-01,1.701725,158.662522,0.598875,450.826515,0.425734,0.161829,0.111265,0.266715,0.282373,0.30303,0.295869,1.655401,1.022095,0.541795,0.400017,0.00625,2.666724,0.424379,0.575621,0.254607,3.615401,-0.02791,-0.219012,-0.02791,0.06055,2.700284,0.161829,1.087331,0.127434,0.947554,0.769234,0.174832,121,128.935979,9.2864,16.731084,30.190277,asof1455_from_lagged_eod,1,0.9841269841269841,0.9841269841269841,0.9841269841269841,0.8571428571428571,0.0,0.0,0.0,0.0,0.0,,0.0,0.0,0.0,0.0,0.0,0.0,0.0,0.0,0.0,0.0,0.0,0.0,0.0,0.0,0.0,0.0,0.0,0.0,0.0,0.0,0.0,0.0,0.0,0.0,0.0,0.0,0.0,0.0
2026-03-03,66.7,66.8,62.56,63.0,31655602.0,0.0,0.0,60.94126914793181,51.441934105569565,4.365,0.0692857142857131,56.63184295773215,1.2781677317569138,0.1037735849056354,76.94,76.94,76.94,697934692.0,758436133.9,37419130.37899984,4655.8962,-0.010971283539782,-0.0658362989323843,-0.0548650153926022,0.4716450978391101,2.1762508688110125,-3.1935853379145023,0.1037735849056354,0.2454275928495974,-1.6168585770757051,-0.0548650153926022,0.9416666666666668,-0.6092419081666914,2.1837093316968543,-2.407261141999044,-1.3535472780975386,0.6800391623345948,-1.923837174888772,-1.3022642939793398,1.1072152265913746,1.0,,,,,,,,,,,,,,,0.0531184414636364,0.1,2025704209.0,31655602,48,63.99196606654329,2026-03-04,65.04833153700976,64.6,67.0,62.0,0.0325131990001548,0.0165077827014719,0.0253968253968253,66.7,66.72,62.57,63.07,31107402,1991152612.0,47,2026-03-03 14:55:00,64.00896519741507,-0.0603396901072705,-0.1367369285518752,-0.0647983392645313,0.1904492261230654,0.7350756533700138,0.0663803597998105,0.2987788554601429,0.5453035814300529,1.5542586378626069,0.0657999048676074,asof1455,14:55,63.0,121.15602198346245,8.726061501787843,15.721535576281287,28.36860504156734,2025-10-31,2025-09-30,0.06055,0.127434,0.36917,270302332.09,0.520568,,679036441.0,679036441.0,True,2025-11-01,1.701725,158.662522,0.598875,450.826515,0.425734,0.161829,0.111265,0.266715,0.282373,0.30303,0.295869,1.655401,1.022095,0.541795,0.400017,0.00625,2.666724,0.424379,0.575621,0.254607,3.615401,-0.02791,-0.219012,-0.02791,0.06055,2.700284,0.161829,1.087331,0.127434,0.947554,0.769234,0.174832,122,121.021554,8.716376,15.704087,28.337119,asof1455_from_lagged_eod,1,0.9722222222222222,0.9722222222222222,0.9722222222222222,0.8492063492063492,0.0,0.0,0.0,0.0,0.0,,0.0,0.0,0.0,0.0,0.0,0.0,0.0,0.0,0.0,0.0,0.0,0.0,0.0,0.0,0.0,0.0,0.0,0.0,0.0,0.0,0.0,0.0,0.0,0.0,0.0,0.0,0.0,0.0
2026-03-04,62.0,67.0,62.0,64.6,29793259.0,0.0,0.0,61.28971970527164,51.873346102108265,4.519285714285714,0.0699579831932762,58.64828074840487,1.1798213681707497,0.5199999999998949,76.94,76.94,76.94,727727951.0,755477519.85,37390871.90802593,4602.6247,-0.0281385796929477,-0.0274013851249624,0.0007371945679852,0.7324786490625377,2.083597762672009,-2.730519993677285,0.5199999999998949,0.1653630441118802,-0.7421482151648782,0.0007371945679852,0.95,-0.3447201130728789,1.833584975262592,-1.8901718615208816,0.008264998172597,0.4491629340757643,-1.1972113736397565,-0.5218273017774366,1.1364971546325848,1.0,,,,,,,,,,,,,,,0.0532750191958596,0.1,1938001789.0,29793259,48,65.04833153700976,2026-03-05,67.08280410428092,66.8,68.74,65.74,0.0384335000662683,0.031276322070054,0.0340557275541795,62.0,66.87,62.0,64.67,29289259,1905448565.0,47,2026-03-04 14:55:00,65.05622299970102,0.0265079365079365,-0.076142857142857,-0.0263474856970792,0.1938342255861178,0.7259140645850015,0.084248470114846,0.3196567708847027,0.7076216629493319,1.6704987305337673,0.0753053966290398,asof1455,14:55,64.6,124.22958566952381,8.947429141587303,16.12036994111111,29.088277551269844,2025-10-31,2025-09-30,0.06055,0.127434,0.36917,270302332.09,0.520568,,679036441.0,679036441.0,True,2025-11-01,1.701725,158.662522,0.598875,450.826515,0.425734,0.161829,0.111265,0.266715,0.282373,0.30303,0.295869,1.655401,1.022095,0.541795,0.400017,0.00625,2.666724,0.424379,0.575621,0.254607,3.615401,-0.02791,-0.219012,-0.02791,0.06055,2.700284,0.161829,1.087331,0.127434,0.947554,0.769234,0.174832,123,124.095117,8.937745,16.102921,29.056792,asof1455_from_lagged_eod,1,0.9722222222222222,0.9722222222222222,0.9722222222222222,0.8531746031746031,0.0,0.0,0.0,0.0,0.0,,0.0,0.0,0.0,0.0,0.0,0.0,0.0,0.0,0.0,0.0,0.0,0.0,0.0,0.0,0.0,0.0,0.0,0.0,0.0,0.0,0.0,0.0,0.0,0.0,0.0,0.0,0.0,0.0
2026-03-05,66.19,68.74,65.74,66.8,33833649.0,0.0,0.0,61.814508304769575,52.36274459056373,4.547857142857143,0.0680816937553454,61.311937294184816,1.293803349578967,0.3533333333332163,76.94,76.94,76.94,761561600.0,755004083.65,37250630.54398006,4647.6921,-0.0167514094251592,-0.0856830002737476,-0.0689315908485883,1.096228737760493,2.078289492678699,-2.2296214857855943,0.3533333333332163,0.2575862135708852,0.1760377275294138,-0.0689315908485883,0.9083333333333332,0.0328872425331756,1.789630019133894,-1.3554819289162985,-0.5274190166800297,0.7165075665517586,-0.4317091746457845,-1.5163686987822609,0.9248737382751576,0.0,,,,,,,,,,,,,,,0.053404860341033,0.1,2269656048.0,33833649,48,67.08280410428092,2026-03-06,68.35695347600554,67.7,69.8,65.7,0.02330768676655,0.0189936808506683,0.0134730538922156,66.19,68.72,65.76,66.97,33116949,2221732461.0,47,2026-03-05 14:55:00,67.08747418127196,0.036687306501548,-0.0022348033373064,-0.0833561456337257,0.2600188146754469,0.8607946651847733,0.1130778755619821,0.3540964602485645,0.963272042967006,1.850467494797336,0.0441988950276242,asof1455,14:55,66.8,128.64783259272446,9.265646790247677,16.693693798297215,30.12280743405573,2025-10-31,2025-09-30,0.06055,0.127434,0.36917,270302332.09,0.520568,,679036441.0,679036441.0,True,2025-11-01,1.701725,158.662522,0.598875,450.826515,0.425734,0.161829,0.111265,0.266715,0.282373,0.30303,0.295869,1.655401,1.022095,0.541795,0.400017,0.00625,2.666724,0.424379,0.575621,0.254607,3.615401,-0.02791,-0.219012,-0.02791,0.06055,2.700284,0.161829,1.087331,0.127434,0.947554,0.769234,0.174832,124,128.321267,9.242126,16.651318,30.046342,asof1455_from_lagged_eod,1,0.9801587301587301,0.9801587301587301,0.9801587301587301,0.8650793650793651,0.0,0.0,0.0,0.0,0.0,,0.0,0.0,0.0,0.0,0.0,0.0,0.0,0.0,0.0,0.0,0.0,0.0,0.0,0.0,0.0,0.0,0.0,0.0,0.0,0.0,0.0,0.0,0.0,0.0,0.0,0.0,0.0,0.0
2026-03-06,66.0,69.8,65.7,67.7,28909577.0,0.0,0.0,62.37503132336296,52.86560542366,4.642857142857143,0.0685798691707101,62.37954861236812,1.0951643769750348,0.4878048780486622,76.94,70.0,70.0,790471177.0,757174662.05,37982075.60146247,4660.439,-0.0106583874923844,-0.0328571428571428,-0.0221987553647583,1.146916330352348,2.04818403993558,-1.9901538461534165,0.4878048780486622,0.0909044679611269,0.8766375829318288,-0.0221987553647583,0.9083333333333332,0.0810641309802499,1.657106250767798,-1.0946206968047054,-0.0819853110592633,0.2099800076675519,0.1534298733065303,-0.8488296792934077,0.9143472368112914,0.0,,,,,,,,,,,,,,,0.0534766486119057,0.1,1976170610.0,28909577,48,68.35695347600554,2026-03-09,66.31662178846797,68.27,69.31,64.11,-0.0204339469945646,-0.0298481951547733,0.0084194977843425,66.0,69.79,65.91,67.67,28370377,1939666022.0,47,2026-03-06 14:55:00,68.36941299722595,0.0130239520958084,0.0741269841269842,-0.0332857142857142,0.2855243161094225,0.9115819209039548,0.1120971585399923,0.3541899441340783,0.9728668943354276,1.8524073495121232,0.0573370769912813,asof1455,14:55,67.7,129.99251703428143,9.362495006287427,16.86818396796407,30.437664118862276,2025-10-31,2025-09-30,0.06055,0.127434,0.36917,270302332.09,0.520568,,679036441.0,679036441.0,True,2025-11-01,1.701725,158.662522,0.598875,450.826515,0.425734,0.161829,0.111265,0.266715,0.282373,0.30303,0.295869,1.655401,1.022095,0.541795,0.400017,0.00625,2.666724,0.424379,0.575621,0.254607,3.615401,-0.02791,-0.219012,-0.02791,0.06055,2.700284,0.161829,1.087331,0.127434,0.947554,0.769234,0.174832,125,130.050146,9.366646,16.875662,30.451158,asof1455_from_lagged_eod,1,0.9920634920634921,0.9920634920634921,0.9920634920634921,0.8809523809523809,0.0,0.0,0.0,0.0,0.0,,0.0,0.0,0.0,0.0,0.0,0.0,0.0,0.0,0.0,0.0,0.0,0.0,0.0,0.0,0.0,0.0,0.0,0.0,0.0,0.0,0.0,0.0,0.0,0.0,0.0,0.0,0.0,0.0
2026-03-09,65.29,69.31,64.11,68.27,26749811.0,0.0,0.0,62.9364569116141,53.37066754091705,4.642857142857143,0.0680072820105035,63.07453954012404,1.00226456064928,0.7999999999998451,76.94,69.8,69.8,817220988.0,761728327.75,39421397.22688423,4615.4551,-0.0239419813034907,0.0171334922526815,0.0410754735561723,1.148763126729022,2.060323864457383,-1.8673846153842133,0.7999999999998451,0.0022620003963163,1.40767867588812,0.0410754735561723,0.8916666666666667,0.0886567412711409,1.6685441032228263,-0.9554273019310762,0.9336512548172404,-0.0353160208722098,0.6081232378676794,0.059334623196714,0.8195634933580209,0.0,,,,,,,,,,,,,,,0.0536586379154895,0.1,1773957099.0,26749811,48,66.31662178846797,2026-03-10,68.4511697230181,68.01,70.15,67.09,0.002653723788166,0.0321872236097724,-0.003808407792588,65.29,69.29,64.18,68.31,26296511,1743009606.0,47,2026-03-09 14:55:00,66.2829227040804,0.009010339734121,0.0574303405572755,0.0177294398092966,0.3289883268482492,0.8522234273318872,0.1088925684231032,0.3524277771361634,0.9726044792908556,1.8488207371153624,0.0748060313277704,asof1455,14:55,68.27,131.22194199793205,9.451042662629245,17.027717447858194,30.725533278877396,2025-10-31,2025-09-30,0.06055,0.127434,0.36917,270302332.09,0.520568,,679036441.0,679036441.0,True,2025-11-01,1.701725,158.662522,0.598875,450.826515,0.425734,0.161829,0.111265,0.266715,0.282373,0.30303,0.295869,1.655401,1.022095,0.541795,0.400017,0.00625,2.666724,0.424379,0.575621,0.254607,3.615401,-0.02791,-0.219012,-0.02791,0.06055,2.700284,0.161829,1.087331,0.127434,0.947554,0.769234,0.174832,128,131.145103,9.445508,17.017746,30.707542,asof1455_from_lagged_eod,1,0.9920634920634921,0.9920634920634921,0.9920634920634921,0.8849206349206349,0.0,0.0,0.0,0.0,0.0,,0.0,0.0,0.0,0.0,0.0,0.0,0.0,0.0,0.0,0.0,0.0,0.0,0.0,0.0,0.0,0.0,0.0,0.0,0.0,0.0,0.0,0.0,0.0,0.0,0.0,0.0,0.0,0.0
2026-03-10,69.01,70.15,67.09,68.01,23857913.0,0.0,0.0,63.41965149146038,53.8506456543296,4.495714285714286,0.0661037242422323,62.50729669580696,0.8823412039154709,0.3006535947711439,76.94,70.15,70.15,793363075.0,765932037.0,38064662.32561408,4674.7562,0.0040507775925071,0.0795238095238095,0.0754730319313023,1.021049874794097,2.1284728585923265,-1.986336193199429,0.3006535947711439,-0.1251764452716144,0.7206431457436413,0.0754730319313023,0.8833333333333333,-0.0507532059515697,1.8639564534406488,-1.0710513613698394,-0.707894312925942,-0.420481313402373,0.0294858787679622,0.5454959146205676,0.7637412481177704,0.0,,,,,,,,,,,,,,,0.0538158737129554,0.1,1633102052.0,23857913,48,68.4511697230181,2026-03-11,65.69464729552656,64.52,69.58,64.03,-0.0340442979631442,-0.0402699097567735,-0.0513159829436848,69.01,70.12,67.16,68.13,23176106,1586707476.0,47,2026-03-10 14:55:00,68.46307468562665,-0.002050681119086,0.0199101796407186,0.0814285714285714,0.3539348171701111,0.7714508580343211,0.0910313793628041,0.3350359575955113,0.8581862549448449,1.757978769025673,0.04344635256128,asof1455,14:55,68.01,130.87616621341732,9.426138275084224,16.982848029588396,30.64457062340706,2025-10-31,2025-09-30,0.06055,0.127434,0.36917,270302332.09,0.520568,,679036441.0,679036441.0,True,2025-11-01,1.701725,158.662522,0.598875,450.826515,0.425734,0.161829,0.111265,0.266715,0.282373,0.30303,0.295869,1.655401,1.022095,0.541795,0.400017,0.00625,2.666724,0.424379,0.575621,0.254607,3.615401,-0.02791,-0.219012,-0.02791,0.06055,2.700284,0.161829,1.087331,0.127434,0.947554,0.769234,0.174832,129,130.645649,9.409536,16.952936,30.590595,asof1455_from_lagged_eod,1,0.9880952380952381,0.9880952380952381,0.9880952380952381,0.8849206349206349,0.0,0.0,0.0,0.0,0.0,,0.0,0.0,0.0,0.0,0.0,0.0,0.0,0.0,0.0,0.0,0.0,0.0,0.0,0.0,0.0,0.0,0.0,0.0,0.0,0.0,0.0,0.0,0.0,0.0,0.0,0.0,0.0,0.0
2026-03-11,67.6,69.58,64.03,64.52,35386112.0,0.0,0.0,63.524446587511775,54.20046055090896,4.744285714285715,0.0735320166504284,55.31606944993598,1.2622079896132448,0.0882882882882715,76.94,70.15,70.15,757976963.0,767592895.25,36940040.12910719,4704.4959,0.022133284080277,-0.0012383900928791,-0.0233716741731562,0.2098426343696499,1.9653087099128568,-2.617886178861237,0.0882882882882715,0.232862560058636,-0.2603119058991777,-0.0233716741731562,0.9666666666666668,-0.9203869938184704,1.2808355159946108,-1.703810939133137,-1.3949714060227465,0.6841222680600324,-0.7968797724427942,-0.8571468481819334,1.1711715667846208,0.0,,,,,,,,,,,,,,,0.0538710745632937,0.1,2324678147.0,35386112,48,65.69464729552656,2026-03-12,64.42305019829723,63.94,65.75,63.1,-0.0015026317684867,-0.0193561751158974,-0.008989460632362,67.6,69.56,64.03,64.43,34799592,2286851820.0,47,2026-03-11 14:55:00,65.71490320921004,-0.05263931774739,-0.0483013293943869,-0.0026315789473682,0.2122295390404516,0.575305623471883,0.01736933522817,0.2504649861393697,0.1801345977299506,1.3135933973993268,0.0858295824926276,asof1455,14:55,64.52,123.768551169975,8.914224444640494,16.060545015144832,28.98032694971328,2025-10-31,2025-09-30,0.06055,0.127434,0.36917,270302332.09,0.520568,,679036441.0,679036441.0,True,2025-11-01,1.701725,158.662522,0.598875,450.826515,0.425734,0.161829,0.111265,0.266715,0.282373,0.30303,0.295869,1.655401,1.022095,0.541795,0.400017,0.00625,2.666724,0.424379,0.575621,0.254607,3.615401,-0.02791,-0.219012,-0.02791,0.06055,2.700284,0.161829,1.087331,0.127434,0.947554,0.769234,0.174832,130,123.941439,8.926676,16.082979,29.020808,asof1455_from_lagged_eod,1,0.9523809523809523,0.9523809523809523,0.9523809523809523,0.8531746031746031,0.0,0.0,0.0,0.0,0.0,,0.0,0.0,0.0,0.0,0.0,0.0,0.0,0.0,0.0,0.0,0.0,0.0,0.0,0.0,0.0,0.0,0.0,0.0,0.0,0.0,0.0,0.0,0.0,0.0,0.0,0.0,0.0,0.0
2026-03-12,64.4,65.75,63.1,63.94,19279140.0,0.0,0.0,63.564023102986845,54.51978971317424,4.496428571428571,0.0703226238884657,54.200081550004825,0.6865071880517779,0.3169811320753508,76.94,70.15,70.15,738697823.0,767373691.3,37097511.16826993,4687.5601,0.008578020906333,-0.0428143712574849,-0.051392392163818,0.0836167840855119,2.0114260120309515,-2.891183478950906,0.3169811320753508,-0.3761385832509552,-0.772986310858688,-0.051392392163818,0.9416666666666668,-1.0382569508247708,1.4133942656873264,-1.933873134070803,-0.6339455082104276,-1.182674478507443,-1.2086143898073007,-1.236170261734368,1.0269381286151131,0.0,,,,,,,,,,,,,,,0.0540350364891562,0.1,1242021004.0,19279140,48,64.42305019829723,2026-03-13,62.103703348395904,61.82,64.1,60.6,-0.0287190592994072,-0.0360018167839347,-0.0331560838285892,64.4,65.74,63.32,63.9,18985740,1223261886.0,47,2026-03-12 14:55:00,64.43056135815617,-0.0096094234345939,-0.064010546360041,-0.0434131736526945,0.1677631578947369,0.5210664127588669,2.3474729453853985e-05,0.230775157217562,0.000265764174559,1.2146883143389031,0.0378716744913927,asof1455,14:55,63.94,122.75043323155612,8.840895790452574,15.928430844699319,28.74193476751395,2025-10-31,2025-09-30,0.06055,0.127434,0.36917,270302332.09,0.520568,,679036441.0,679036441.0,True,2025-11-01,1.701725,158.662522,0.598875,450.826515,0.425734,0.161829,0.111265,0.266715,0.282373,0.30303,0.295869,1.655401,1.022095,0.541795,0.400017,0.00625,2.666724,0.424379,0.575621,0.254607,3.615401,-0.02791,-0.219012,-0.02791,0.06055,2.700284,0.161829,1.087331,0.127434,0.947554,0.769234,0.174832,131,122.827272,8.84643,15.938402,28.759927,asof1455_from_lagged_eod,1,0.9484126984126984,0.9484126984126984,0.9484126984126984,0.8531746031746031,0.0,0.0,0.0,0.0,0.0,,0.0,0.0,0.0,0.0,0.0,0.0,0.0,0.0,0.0,0.0,0.0,0.0,0.0,0.0,0.0,0.0,0.0,0.0,0.0,0.0,0.0,0.0,0.0,0.0,0.0,0.0,0.0,0.0
2026-03-13,62.78,64.1,60.6,61.82,23599778.0,0.0,0.0,63.39792566460714,54.75914087011934,4.534999999999999,0.0733581365253951,50.212474564998615,0.8307728816008824,0.3485714285713293,76.94,70.15,70.15,715098045.0,766830411.75,37773373.00291233,4669.14,0.001866991500157,-0.0868537666174298,-0.0887207581175868,-0.3479439172231081,1.90491395688774,-3.3340683572208745,0.3485714285713293,-0.185398828821438,-1.3695458635905096,-0.0887207581175868,0.9583333333333334,-1.4717653435568854,1.0368823788378203,-2.305114461891157,-0.5185038590486809,-0.578305400997244,-1.6800579453131057,-1.7300744323031674,1.0942203937620267,0.0,,,,,,,,,,,,,,,0.0542301305609154,0.1,1465633612.0,23599778,48,62.103703348395904,2026-03-16,60.115980671206415,61.75,62.2,58.16,-0.0275642078420185,-0.032006507986143,-0.0011323196376576,62.78,64.09,60.63,61.85,22985264,1427657189.0,47,2026-03-13 14:55:00,62.11184648564402,-0.0326868939630903,-0.0905749154536098,-0.086410635155096,0.1754085898897759,0.486778846153846,-0.0389919126158531,0.1829622829163797,-0.4791425712527042,0.9666365218992264,0.0559417946645109,asof1455,14:55,61.82,118.81242998436034,8.557267680638098,15.417425143884893,27.819854315764783,2025-10-31,2025-09-30,0.06055,0.127434,0.36917,270302332.09,0.520568,,679036441.0,679036441.0,True,2025-11-01,1.701725,158.662522,0.598875,450.826515,0.425734,0.161829,0.111265,0.266715,0.282373,0.30303,0.295869,1.655401,1.022095,0.541795,0.400017,0.00625,2.666724,0.424379,0.575621,0.254607,3.615401,-0.02791,-0.219012,-0.02791,0.06055,2.700284,0.161829,1.087331,0.127434,0.947554,0.769234,0.174832,132,118.754801,8.553117,15.409947,27.80636,asof1455_from_lagged_eod,1,0.9404761904761905,0.9404761904761905,0.9404761904761905,0.8492063492063492,0.0,0.0,0.0,0.0,0.0,,0.0,0.0,0.0,0.0,0.0,0.0,0.0,0.0,0.0,0.0,0.0,0.0,0.0,0.0,0.0,0.0,0.0,0.0,0.0,0.0,0.0,0.0,0.0,0.0,0.0,0.0,0.0,0.0
2026-03-16,61.81,62.2,58.16,61.75,26928944.0,0.0,0.0,63.24098036321599,54.988349366181,4.496428571428572,0.0728166570271821,50.08145498340096,0.9253185697736656,0.8886138613859181,70.15,70.15,70.15,688169101.0,765591798.5,39868184.97357503,4671.5591,0.0121556810291578,-0.09550314926029,-0.1076588302894479,-0.3315921379669452,1.8353746458850544,-1.8681493248605865,0.8886138613859181,-0.0776172010063803,-1.9419669481145536,-0.1076588302894479,0.9416666666666668,-1.4338982925075616,0.7903739657191846,-0.8509618404260682,1.2451600530044686,-0.2421196588847033,-2.1221438037076163,-1.9559088566907348,0.9957976448306562,0.0,,,,,,,,,,,,,,,0.0543006439597905,0.1,1618859877.0,26928944,48,60.115980671206415,2026-03-17,61.27379074176894,60.05,62.8,59.85,-0.0077118908215556,0.0192596054765363,-0.0275303643724696,61.81,62.0,58.16,61.67,26607944,1599045070.0,47,2026-03-16 14:55:00,60.09652869083008,-0.0024263992235522,-0.0441723496590203,-0.0966749670426248,0.1864178530203926,0.4704339532665713,-0.0485887734400911,0.1719655650785809,-0.6930559326374578,0.9167393672259418,0.0622669044916491,asof1455,14:55,61.75,118.46665444306049,8.53236372355225,15.37255631656422,27.73889066968619,2025-10-31,2025-09-30,0.06055,0.127434,0.36917,270302332.09,0.520568,,679036441.0,679036441.0,True,2025-11-01,1.701725,158.662522,0.598875,450.826515,0.425734,0.161829,0.111265,0.266715,0.282373,0.30303,0.295869,1.655401,1.022095,0.541795,0.400017,0.00625,2.666724,0.424379,0.575621,0.254607,3.615401,-0.02791,-0.219012,-0.02791,0.06055,2.700284,0.161829,1.087331,0.127434,0.947554,0.769234,0.174832,135,118.620333,8.543432,15.392498,27.774875,asof1455_from_lagged_eod,1,0.9365079365079365,0.9365079365079365,0.9365079365079365,0.8492063492063492,0.0,0.0,0.0,0.0,0.0,,0.0,0.0,0.0,0.0,0.0,0.0,0.0,0.0,0.0,0.0,0.0,0.0,0.0,0.0,0.0,0.0,0.0,0.0,0.0,0.0,0.0,0.0,0.0,0.0,0.0,0.0,0.0,0.0
2026-03-17,62.01,62.8,59.85,60.05,15591769.0,0.0,0.0,62.93707747148113,55.15430512466687,4.529999999999999,0.0754371357202318,46.88206706841525,0.5423426157030997,0.0677966101694672,70.15,69.58,69.58,672577332.0,762440587.65,44352630.575044855,4637.4392,-0.0079826622830084,-0.1170416115277166,-0.1090589492447081,-0.6373239451391827,1.718051290687096,-2.229580573950945,0.0677966101694672,-0.6118573449604089,-2.026108812147025,-0.1090589492447081,0.9916666666666668,-1.7282881603941156,0.3860639210292975,-1.1919749802885875,-1.466188471333397,-1.8619395537905288,-2.183981831850423,-1.9308471418411768,1.2396963486234924,1.0,,,,,,,,,,,,,,,0.0543323967846581,0.1,955366791.0,15591769,48,61.27379074176894,2026-03-18,62.095538398664566,63.49,63.88,60.0,0.0340639200443724,0.0134110791408152,0.0572855953372191,62.01,62.77,59.85,60.02,15272156,936183597.0,47,2026-03-17 14:55:00,61.30002843082535,-0.0280161943319837,-0.0613074757585235,-0.1174827231289517,0.0496677159846101,0.4382937934339805,-0.0809701721075517,0.1334972159883165,-1.4873023135834833,0.7184266393050701,0.04865044985005,asof1455,14:55,60.05,115.29704269894738,8.30407754882591,14.961258784777328,26.996728704453442,2025-10-31,2025-09-30,0.06055,0.127434,0.36917,270302332.09,0.520568,,679036441.0,679036441.0,True,2025-11-01,1.701725,158.662522,0.598875,450.826515,0.425734,0.161829,0.111265,0.266715,0.282373,0.30303,0.295869,1.655401,1.022095,0.541795,0.400017,0.00625,2.666724,0.424379,0.575621,0.254607,3.615401,-0.02791,-0.219012,-0.02791,0.06055,2.700284,0.161829,1.087331,0.127434,0.947554,0.769234,0.174832,136,115.354672,8.308228,14.968737,27.010222,asof1455_from_lagged_eod,1,0.9246031746031746,0.9246031746031746,0.9246031746031746,0.8412698412698413,0.0,0.0,0.0,0.0,0.0,,0.0,0.0,0.0,0.0,0.0,0.0,0.0,0.0,0.0,0.0,0.0,0.0,0.0,0.0,0.0,0.0,0.0,0.0,0.0,0.0,0.0,0.0,0.0,0.0,0.0,0.0,0.0,0.0
2026-03-18,60.01,63.88,60.0,63.49,25538297.0,0.0,0.0,62.9897367599115,55.42760659598926,4.278571428571428,0.0673896901649292,53.37319048321349,0.8963105866428112,0.8994845360822423,70.15,65.75,65.75,698115629.0,759033135.45,46494074.27037476,4658.3324,-0.0098126347607189,-0.0159640421574704,-0.0061514073967515,0.1169229609555487,1.7674427762084584,-1.556594323872759,0.8994845360822423,-0.1094682891937517,-1.310220870207016,-0.0061514073967515,0.8416666666666667,-0.9275106315954944,0.5425097314228108,-0.5220060331915822,1.2882376696995763,-0.3077859981839736,-1.5776381042372656,-0.5101555975126021,0.4761554216841517,0.0,,,,,,,,,,,,,,,0.0545865883207146,0.1,1585814302.0,25538297,48,62.095538398664566,2026-03-19,61.26813834639325,61.16,62.23,60.65,-0.0349954583967042,-0.0133246296530881,-0.036698692707513,60.01,63.88,60.01,63.74,24953897,1548662318.0,47,2026-03-18 14:55:00,62.060940541671705,0.0614487926727727,0.0310579100614687,-0.0120892746435212,0.0421844342707653,0.4433876811594204,-0.0261491333277311,0.1968492108944448,-0.5232305298838147,1.0729874955332397,0.0607154063382492,asof1455,14:55,63.49,122.44307732356368,8.818758579850124,15.888547816486263,28.669967531723564,2025-10-31,2025-09-30,0.06055,0.127434,0.36917,270302332.09,0.520568,,679036441.0,679036441.0,True,2025-11-01,1.701725,158.662522,0.598875,450.826515,0.425734,0.161829,0.111265,0.266715,0.282373,0.30303,0.295869,1.655401,1.022095,0.541795,0.400017,0.00625,2.666724,0.424379,0.575621,0.254607,3.615401,-0.02791,-0.219012,-0.02791,0.06055,2.700284,0.161829,1.087331,0.127434,0.947554,0.769234,0.174832,137,121.962833,8.78417,15.82623,28.557519,asof1455_from_lagged_eod,1,0.9444444444444444,0.9444444444444444,0.9444444444444444,0.8650793650793651,0.0,0.0,0.0,0.0,0.0,,0.0,0.0,0.0,0.0,0.0,0.0,0.0,0.0,0.0,0.0,0.0,0.0,0.0,0.0,0.0,0.0,0.0,0.0,0.0,0.0,0.0,0.0,0.0,0.0,0.0,0.0,0.0,0.0
2026-03-19,62.22,62.23,60.65,61.16,14542974.0,0.0,0.0,62.81547611611041,55.61555392071092,3.925714285714285,0.0641876109501998,49.0050028891182,0.5161588688730299,0.322784810126377,70.15,64.1,64.1,683572655.0,753854082.2,48785778.57745375,4583.2511,-0.0222523013624933,-0.0434782608695651,-0.0212259595070718,-0.4217006118184114,1.834041316149332,-2.290029112080933,0.322784810126377,-0.6613406754747132,-1.4406130075062586,-0.0212259595070718,0.8083333333333333,-1.4605867044302836,0.7552277676747632,-1.2230303898367878,-0.638076028671258,-1.968259497285024,-1.6909504107667002,-0.7132104929408678,0.3091783348887442,0.0,,,,,,,,,,,,,,,0.0550652558528315,0.1,891020943.0,14542974,48,61.26813834639325,2026-03-20,61.18020183462033,60.19,62.77,60.0,0.0003303112266241,-0.0014352731149713,-0.0158600392413341,62.22,62.22,60.66,61.09,14258140,873597537.0,47,2026-03-19 14:55:00,61.2700911198796,-0.0378012285399275,-0.0106882591093117,-0.0445730372223959,-0.0013078306359326,0.3868331441543702,-0.0682955100048803,0.1401926139757119,-1.4190827159475592,0.7677309876075878,0.0255360942871174,asof1455,14:55,61.16,117.35248807638999,8.452117582296424,15.227979062844543,27.478009697747677,2025-10-31,2025-09-30,0.06055,0.127434,0.36917,270302332.09,0.520568,,679036441.0,679036441.0,True,2025-11-01,1.701725,158.662522,0.598875,450.826515,0.425734,0.161829,0.111265,0.266715,0.282373,0.30303,0.295869,1.655401,1.022095,0.541795,0.400017,0.00625,2.666724,0.424379,0.575621,0.254607,3.615401,-0.02791,-0.219012,-0.02791,0.06055,2.700284,0.161829,1.087331,0.127434,0.947554,0.769234,0.174832,138,117.486956,8.461803,15.245428,27.509495,asof1455_from_lagged_eod,1,0.9246031746031746,0.9246031746031746,0.9246031746031746,0.8492063492063492,0.0,0.0,0.0,0.0,0.0,,0.0,0.0,0.0,0.0,0.0,0.0,0.0,0.0,0.0,0.0,0.0,0.0,0.0,0.0,0.0,0.0,0.0,0.0,0.0,0.0,0.0,0.0,0.0,0.0,0.0,0.0,0.0,0.0
2026-03-20,62.0,62.77,60.0,60.19,16979644.0,0.0,0.0,62.565430771718944,55.76553575937613,3.8742857142857146,0.0643675978449185,47.270523955218,0.6169827701060355,0.0685920577617072,70.15,63.88,63.88,666593011.0,746322132.05,50032075.049237765,4567.0179,-0.0218717151338363,-0.026366871562601,-0.0044951564287647,-0.6131274115792157,1.755135143303371,-2.5707964601763296,0.0685920577617072,-0.4829141807405154,-1.593560150594126,-0.0044951564287647,0.8083333333333333,-1.628550052508576,0.4780674834891751,-1.4726447225130443,-1.4938920065171133,-1.3991561260312144,-1.8371578803279904,-0.4844686371396701,0.3128667690017972,0.0,,,,,,,,,,,,,,,0.0560874740629107,0.1,1038818047.0,16979644,48,61.18020183462033,2026-03-23,58.46589113434781,57.66,59.88,57.01,-0.0286444403663763,-0.0443658343529125,-0.0420335603920917,62.0,62.77,60.0,60.1,16339044,1000285481.0,47,2026-03-20 14:55:00,61.22056351644564,-0.0173315892740352,0.0008326394671107,-0.0278227110967324,-0.1068509436766236,0.4412470023980814,-0.0833873489152399,0.1157765105219024,-1.7322733423811103,0.6395268411613065,0.046089850249584,asof1455,14:55,60.19,115.45072033355136,8.3151465058862,14.981200503597124,27.032711731523875,2025-10-31,2025-09-30,0.06055,0.127434,0.36917,270302332.09,0.520568,,679036441.0,679036441.0,True,2025-11-01,1.701725,158.662522,0.598875,450.826515,0.425734,0.161829,0.111265,0.266715,0.282373,0.30303,0.295869,1.655401,1.022095,0.541795,0.400017,0.00625,2.666724,0.424379,0.575621,0.254607,3.615401,-0.02791,-0.219012,-0.02791,0.06055,2.700284,0.161829,1.087331,0.127434,0.947554,0.769234,0.174832,139,115.623608,8.327598,15.003635,27.073194,asof1455_from_lagged_eod,1,0.9166666666666666,0.9166666666666666,0.9166666666666666,0.8452380952380952,0.0,0.0,0.0,0.0,0.0,,0.0,0.0,0.0,0.0,0.0,0.0,0.0,0.0,0.0,0.0,0.0,0.0,0.0,0.0,0.0,0.0,0.0,0.0,0.0,0.0,0.0,0.0,0.0,0.0,0.0,0.0,0.0,0.0
2026-03-23,58.99,59.88,57.01,57.66,19311123.0,0.0,0.0,62.09824688869809,55.82764934103592,3.775714285714286,0.0654823844209889,42.995978697109145,0.7127775855565863,0.226480836236854,70.15,63.88,63.88,647281888.0,739217857.4,53390463.93922543,4417.9971,-0.0542778105921855,-0.0662348178137652,-0.0119570072215797,-1.1754721233779206,1.6607712006668016,-3.307983352250356,0.226480836236854,-0.3385858489476463,-1.7219548701552967,-0.0119570072215797,0.8166666666666667,-2.142840952848198,0.1504370071778361,-2.127649640957882,-0.9496720723064392,-0.9460317221819344,-1.923519741778939,-0.5814561204448252,0.3583669898768769,1.0,,,,,,,,,,,,,,,0.0573452862926536,0.1,1129042015.0,19311123,48,58.46589113434781,2026-03-24,60.96204026041074,61.73,62.0,59.16,0.0572674342769812,0.0426941089519541,0.0705861949358308,58.99,59.87,57.07,57.43,19031123,1112903352.0,47,2026-03-23 14:55:00,58.47807047434878,-0.045854793155009,-0.0954481020633171,-0.0699595141700405,-0.1152364812817747,0.3509762408844978,-0.1193406172129577,0.0601417706564277,-2.3324056090955656,0.3374900438312951,0.0487550060943757,asof1455,14:55,57.66,110.32171137132416,7.945737716231933,14.315646420501745,25.83175828908457,2025-10-31,2025-09-30,0.06055,0.127434,0.36917,270302332.09,0.520568,,679036441.0,679036441.0,True,2025-11-01,1.701725,158.662522,0.598875,450.826515,0.425734,0.161829,0.111265,0.266715,0.282373,0.30303,0.295869,1.655401,1.022095,0.541795,0.400017,0.00625,2.666724,0.424379,0.575621,0.254607,3.615401,-0.02791,-0.219012,-0.02791,0.06055,2.700284,0.161829,1.087331,0.127434,0.947554,0.769234,0.174832,142,110.763537,7.97756,14.372979,25.935211,asof1455_from_lagged_eod,1,0.9087301587301587,0.9087301587301587,0.9087301587301587,0.8412698412698413,0.0,0.0,0.0,0.0,0.0,,0.0,0.0,0.0,0.0,0.0,0.0,0.0,0.0,0.0,0.0,0.0,0.0,0.0,0.0,0.0,0.0,0.0,0.0,0.0,0.0,0.0,0.0,0.0,0.0,0.0,0.0,0.0,0.0
2026-03-24,59.59,62.0,59.16,61.73,22108766.0,0.0,0.0,62.06317575644113,56.02116903477245,3.7285714285714286,0.0604012867094017,50.71669968464162,0.8192378864133232,0.9049295774644692,70.15,63.88,63.88,669390654.0,732007799.05,52590629.316351295,4474.7224,-0.0350876406099297,0.0279766860949208,0.0630643267048506,-0.0893574825703956,1.6204615728608984,-2.258237547892117,0.9049295774644692,-0.1993807777031637,-1.190652134495969,0.0630643267048506,0.6916666666666667,-1.0395039839074305,0.0082296371733233,-1.1089179178848592,1.3490530672973091,-0.51166933099497,-1.4650836757891674,0.4490591427581492,-0.2747327224396194,1.0,,,,,,,,,,,,,,,0.057983508730215,0.1,1347795483.0,22108766,48,60.96204026041074,2026-03-25,63.78040484612,63.53,65.0,62.55,0.0332156948990767,0.0462314675439026,0.0291592418597117,59.59,61.98,59.3,61.69,21600666,1316446960.0,47,2026-03-24 14:55:00,60.94473938905402,0.0698924731182795,0.0086657946370176,0.0273105745212323,-0.0852609727164886,0.4815081652257444,-0.0487278334618349,0.1334968626262069,-0.849122193344335,0.7613609397480035,0.0434430215594099,asof1455,14:55,61.73,118.50507453225806,8.535131397849462,15.377542048387097,27.747887037634406,2025-10-31,2025-09-30,0.06055,0.127434,0.36917,270302332.09,0.520568,,679036441.0,679036441.0,True,2025-11-01,1.701725,158.662522,0.598875,450.826515,0.425734,0.161829,0.111265,0.266715,0.282373,0.30303,0.295869,1.655401,1.022095,0.541795,0.400017,0.00625,2.666724,0.424379,0.575621,0.254607,3.615401,-0.02791,-0.219012,-0.02791,0.06055,2.700284,0.161829,1.087331,0.127434,0.947554,0.769234,0.174832,143,118.581913,8.540665,15.387512,27.765879,asof1455_from_lagged_eod,1,0.9325396825396826,0.9325396825396826,0.9325396825396826,0.8690476190476191,0.0,0.0,0.0,0.0,0.0,,0.0,0.0,0.0,0.0,0.0,0.0,0.0,0.0,0.0,0.0,0.0,0.0,0.0,0.0,0.0,0.0,0.0,0.0,0.0,0.0,0.0,0.0,0.0,0.0,0.0,0.0,0.0,0.0
2026-03-25,62.7,65.0,62.55,63.53,20290129.0,0.0,0.0,62.20287330344674,56.26736021396023,3.666428571428572,0.0577117672190856,53.70322295030182,0.7519704948370235,0.3999999999998379,69.58,65.0,65.0,689680783.0,726831132.05,51393039.61114004,4537.4656,-0.0259463665581271,0.0006300204756655,0.0265763870337926,0.3619671488747445,1.6188814193023262,-1.650107149814472,0.3999999999998379,-0.2850581913910975,-0.7228673246629137,0.0265763870337926,0.5083333333333333,-0.5826392307635351,-0.002250759928525,-0.5210194154437336,-0.3630064334538618,-0.7598639464082814,-1.0917746510362387,-0.0538248732130538,-1.1925860870261904,0.0,,,,,,,,,,,,,,,0.057983508730215,0.1,1294112642.0,20290129,48,63.78040484612,2026-03-26,62.76157191142207,62.12,64.31,61.45,-0.0120955153246959,-0.0159740744380036,-0.022194238942232,62.7,65.0,62.68,63.53,19930024,1271235317.0,47,2026-03-25 14:55:00,63.78493658612754,0.0291592418597117,0.0554909453397574,0.0006300204756655,-0.0435109906654622,0.5729140876454568,-0.0160227369529694,0.1601675209096775,-0.2772821285931824,0.929073180723136,0.0365181803872186,asof1455,14:55,63.53,122.03967168135429,8.789704316377776,15.836200184027216,28.57551098120849,2025-10-31,2025-09-30,0.06055,0.127434,0.36917,270302332.09,0.520568,,679036441.0,679036441.0,True,2025-11-01,1.701725,158.662522,0.598875,450.826515,0.425734,0.161829,0.111265,0.266715,0.282373,0.30303,0.295869,1.655401,1.022095,0.541795,0.400017,0.00625,2.666724,0.424379,0.575621,0.254607,3.615401,-0.02791,-0.219012,-0.02791,0.06055,2.700284,0.161829,1.087331,0.127434,0.947554,0.769234,0.174832,144,122.039672,8.789705,15.836201,28.575511,asof1455_from_lagged_eod,1,0.9404761904761905,0.9404761904761905,0.9404761904761905,0.8809523809523809,0.0,0.0,0.0,0.0,0.0,,0.0,0.0,0.0,0.0,0.0,0.0,0.0,0.0,0.0,0.0,0.0,0.0,0.0,0.0,0.0,0.0,0.0,0.0,0.0,0.0,0.0,0.0,0.0,0.0,0.0,0.0,0.0,0.0
2026-03-26,63.6,64.31,61.45,62.12,14037763.0,0.0,0.0,62.19498060788038,56.45925004301071,3.577857142857144,0.05759589734155,51.09139153408736,0.5369667852608193,0.2342657342656505,65.75,65.0,65.0,675643020.0,719410778.2,47377396.00988746,4477.5343,-0.0230658974805024,0.0156965336821452,0.0387624311626477,-0.0209568478803171,1.6031189440637434,-1.0145737672187227,0.2342657342656505,-0.6218190387869199,-0.9238109707605268,0.0387624311626477,0.5083333333333333,-0.9568065556596292,-0.0618145107254511,0.0826876498474349,-0.9115604700107574,-1.7574778671492952,-1.2717655744446743,0.1080626146494265,-1.1723917585689938,0.0,,,,,,,,,,,,,,,0.057983508730215,0.1,881032072.0,14037763,48,62.76157191142207,2026-03-27,62.05079629732095,62.37,63.05,60.08,-0.0011140325608346,-0.0113250129411076,0.0040244687701223,63.6,64.19,61.45,62.11,13660463,857598198.0,47,2026-03-26 14:55:00,62.77958499649682,-0.022351644892177,0.0771765522025669,0.0155330281229562,-0.1498768135778811,0.5141394441735738,-0.0358584290592981,0.1263033819929278,-0.622287156977591,0.7475429873863162,0.0441152793431008,asof1455,14:55,62.12,119.31188458869823,8.593240635133007,15.482235858806863,27.9368013255155,2025-10-31,2025-09-30,0.06055,0.127434,0.36917,270302332.09,0.520568,,679036441.0,679036441.0,True,2025-11-01,1.701725,158.662522,0.598875,450.826515,0.425734,0.161829,0.111265,0.266715,0.282373,0.30303,0.295869,1.655401,1.022095,0.541795,0.400017,0.00625,2.666724,0.424379,0.575621,0.254607,3.615401,-0.02791,-0.219012,-0.02791,0.06055,2.700284,0.161829,1.087331,0.127434,0.947554,0.769234,0.174832,145,119.331094,8.594624,15.484728,27.941299,asof1455_from_lagged_eod,1,0.9325396825396826,0.9325396825396826,0.9325396825396826,0.876984126984127,0.0,0.0,0.0,0.0,0.0,,0.0,0.0,0.0,0.0,0.0,0.0,0.0,0.0,0.0,0.0,0.0,0.0,0.0,0.0,0.0,0.0,0.0,0.0,0.0,0.0,0.0,0.0,0.0,0.0,0.0,0.0,0.0,0.0
2026-03-27,60.98,63.05,60.08,62.37,12199275.0,0.0,0.0,62.21164912141558,56.653045123567736,3.418571428571429,0.0548111500492444,51.54140056400059,0.5098410243361708,0.7710437710435114,65.0,65.0,65.0,687842295.0,715425448.8,46504832.03003576,4502.5698,-0.0141116372677233,0.0362186409702607,0.050330278237984,0.0463207751813864,1.6260020052203736,-0.7693272043457847,0.7710437710435114,-0.6736563188455048,-0.5931244689193804,0.050330278237984,0.45,-0.8813569995758658,0.0128856239040587,0.3148565434574663,0.9079417531215062,-1.8800797079898728,-1.0062391059366742,0.2646521323069223,-1.441174524261008,1.0,,,,,,,,,,,,,,,0.057983508730215,0.1,756974728.0,12199275,48,62.05079629732095,2026-03-30,63.00446219173585,63.95,64.71,60.78,0.0101725539800521,0.0153691161326172,0.0253326919993588,60.98,63.02,60.21,62.37,11896678,738100547.0,47,2026-03-27 14:55:00,62.04257583503563,0.0040244687701223,0.0103677304390086,0.0362186409702607,-0.1089999999999999,0.5328090439911526,-0.0235310694659716,0.1238512823593007,-0.4749913955584358,0.7491757857658817,0.0450537117203784,asof1455,14:55,62.37,119.81133826110752,8.629212795878944,15.547045804249839,28.05374788522215,2025-10-31,2025-09-30,0.06055,0.127434,0.36917,270302332.09,0.520568,,679036441.0,679036441.0,True,2025-11-01,1.701725,158.662522,0.598875,450.826515,0.425734,0.161829,0.111265,0.266715,0.282373,0.30303,0.295869,1.655401,1.022095,0.541795,0.400017,0.00625,2.666724,0.424379,0.575621,0.254607,3.615401,-0.02791,-0.219012,-0.02791,0.06055,2.700284,0.161829,1.087331,0.127434,0.947554,0.769234,0.174832,146,119.811338,8.629212,15.547046,28.053748,asof1455_from_lagged_eod,1,0.9325396825396826,0.9325396825396826,0.9325396825396826,0.8809523809523809,0.0,0.0,0.0,0.0,0.0,,0.0,0.0,0.0,0.0,0.0,0.0,0.0,0.0,0.0,0.0,0.0,0.0,0.0,0.0,0.0,0.0,0.0,0.0,0.0,0.0,0.0,0.0,0.0,0.0,0.0,0.0,0.0,0.0
2026-03-30,60.78,64.71,60.78,63.95,17081292.0,0.0,0.0,62.37720634794743,56.89228954574585,3.480714285714285,0.0544286831229746,54.39720921480047,0.746437923413208,0.8066157760812216,65.0,65.0,65.0,704923587.0,714192113.45,46439860.02501082,4491.95,0.016739010534887,0.1090877558099203,0.0923487452750333,0.4518594526724752,1.5758020773814916,-0.3016622203980246,0.8066157760812216,-0.2924428223082927,-0.1995812744699996,0.0923487452750333,0.4416666666666666,-0.4742841844153532,-0.1611644776751563,0.7583440541497697,1.01648875832477,-0.7254403058920402,-0.6785671330024022,0.8339430651492443,-1.455429976428138,0.0,,,,,,,,,,,,,,,0.057983508730215,0.1,1076197616.0,17081292,48,63.00446219173585,2026-03-31,62.54532046195824,61.73,64.2,61.3,-0.0219652781554615,-0.0072874478061625,-0.0347146207974981,60.78,64.69,60.78,63.96,16771333,1056377700.0,47,2026-03-30 14:55:00,62.98710424508296,0.0254930254930254,0.006768455847631,0.109261186264308,-0.0470798569725864,0.5232198142414861,0.0073789404880968,0.1450463675749222,0.1645837184188387,0.8992524258874064,0.0611319574734208,asof1455,14:55,63.95,122.8656914939875,8.849196721500721,15.94338724001924,28.768922912938912,2025-10-31,2025-09-30,0.06055,0.127434,0.36917,270302332.09,0.520568,,679036441.0,679036441.0,True,2025-11-01,1.701725,158.662522,0.598875,450.826515,0.425734,0.161829,0.111265,0.266715,0.282373,0.30303,0.295869,1.655401,1.022095,0.541795,0.400017,0.00625,2.666724,0.424379,0.575621,0.254607,3.615401,-0.02791,-0.219012,-0.02791,0.06055,2.700284,0.161829,1.087331,0.127434,0.947554,0.769234,0.174832,149,122.846482,8.847814,15.940895,28.764425,asof1455_from_lagged_eod,1,0.9484126984126984,0.9484126984126984,0.9484126984126984,0.9007936507936508,0.0,0.0,0.0,0.0,0.0,,0.0,0.0,0.0,0.0,0.0,0.0,0.0,0.0,0.0,0.0,0.0,0.0,0.0,0.0,0.0,0.0,0.0,0.0,0.0,0.0,0.0,0.0,0.0,0.0,0.0,0.0,0.0,0.0
2026-03-31,63.9,64.2,61.3,61.73,12867830.0,0.0,0.0,62.31556764814291,57.05090300326238,3.291428571428572,0.0533197565434718,49.94353828666538,0.586384590139816,0.148275862068914,65.0,65.0,65.0,692055757.0,713898166.7,46560282.65254292,4450.0493,-0.0055138839450689,0.0,0.0055138839450689,-0.1779068375433656,1.5995074875934256,-0.9934895833330324,0.148275862068914,-0.5337794075070068,-0.4691210717726841,0.0055138839450689,0.3416666666666667,-1.0800049003685284,-0.0816634405321356,0.1073045584057344,-1.1868582298514614,-1.4258749619281614,-0.8859175513350985,-0.3541374722674466,-1.9068280470956,1.0,,,,,,,,,,,,,,,0.057983508730215,0.1,804822551.0,12867830,48,62.54532046195824,2026-04-01,64.01821188336571,64.14,65.17,63.08,0.0370680687407372,0.0235491865822852,0.0390409849343917,63.9,64.11,61.3,61.7,12658230,791887052.0,47,2026-03-31 14:55:00,62.5590664729587,-0.0351837372947615,-0.0067611075338054,-0.0004859873643284,-0.0206349206349205,0.4545025931164546,-0.025784346233401,0.0973961297666476,-0.5990863308929775,0.6163836461181601,0.0455429497568882,asof1455,14:55,61.73,118.52428364972634,8.536514836591087,15.380034738076622,27.75238502736513,2025-10-31,2025-09-30,0.06055,0.127434,0.36917,270302332.09,0.520568,,679036441.0,679036441.0,True,2025-11-01,1.701725,158.662522,0.598875,450.826515,0.425734,0.161829,0.111265,0.266715,0.282373,0.30303,0.295869,1.655401,1.022095,0.541795,0.400017,0.00625,2.666724,0.424379,0.575621,0.254607,3.615401,-0.02791,-0.219012,-0.02791,0.06055,2.700284,0.161829,1.087331,0.127434,0.947554,0.769234,0.174832,150,118.581913,8.540665,15.387512,27.765879,asof1455_from_lagged_eod,1,0.9166666666666666,0.9166666666666666,0.9166666666666666,0.873015873015873,0.0,0.0,0.0,0.0,0.0,,0.0,0.0,0.0,0.0,0.0,0.0,0.0,0.0,0.0,0.0,0.0,0.0,0.0,0.0,0.0,0.0,0.0,0.0,0.0,0.0,0.0,0.0,0.0,0.0,0.0,0.0,0.0,0.0
2026-04-01,63.57,65.17,63.08,64.14,17997864.0,0.0,0.0,62.48932311022454,57.28333241299148,3.347857142857144,0.0521960889126456,54.31626063522514,0.8428103897606053,0.5071770334925806,65.0,65.17,65.17,710053621.0,713014450.2,46457021.49002946,4526.0668,-0.0025121512766952,0.0096017629466393,0.0121139142233346,0.4930547569201951,1.5550217572272471,-0.2568807339448771,0.5071770334925806,-0.1710132694576975,-0.0637326523534337,0.0121139142233346,0.275,-0.4110562637019243,-0.230588757167048,0.8154288962911425,0.0316501252286867,-0.3483411042700285,-0.5437609035647307,-0.2618647590689805,-2.17257980256758,0.0,,,,,,,,,,,,,,,0.057983508730215,0.1,1152191071.0,17997864,48,64.01821188336571,2026-04-02,64.5929017809884,63.53,65.85,63.24,0.007061144075279,0.0089769751562214,-0.0095104458995946,63.57,65.09,63.09,64.3,17608264,1127182539.0,47,2026-04-01 14:55:00,64.01440477039644,0.0416329175441438,0.0309443642776976,0.0121202581457577,-0.0046439628482971,0.4932652113330236,0.0162874686855436,0.1371306462309336,0.3750625673501909,0.8885718133334571,0.031104199066874,asof1455,14:55,64.14,123.51882400615584,8.896237801717156,16.028139018305524,28.921853550947677,2025-10-31,2025-09-30,0.06055,0.127434,0.36917,270302332.09,0.520568,,679036441.0,679036441.0,True,2025-11-01,1.701725,158.662522,0.598875,450.826515,0.425734,0.161829,0.111265,0.266715,0.282373,0.30303,0.295869,1.655401,1.022095,0.541795,0.400017,0.00625,2.666724,0.424379,0.575621,0.254607,3.615401,-0.02791,-0.219012,-0.02791,0.06055,2.700284,0.161829,1.087331,0.127434,0.947554,0.769234,0.174832,151,123.212259,8.874158,15.988359,28.850071,asof1455_from_lagged_eod,1,0.9484126984126984,0.9484126984126984,0.9484126984126984,0.9087301587301587,0.0,0.0,0.0,0.0,0.0,,0.0,0.0,0.0,0.0,0.0,0.0,0.0,0.0,0.0,0.0,0.0,0.0,0.0,0.0,0.0,0.0,0.0,0.0,0.0,0.0,0.0,0.0,0.0,0.0,0.0,0.0,0.0,0.0
2026-04-02,64.5,65.85,63.24,63.53,17183099.0,0.0,0.0,62.58843519496506,57.48814118633602,3.284285714285715,0.0516966112747625,53.05298234521833,0.8372991398765864,0.1111111111110685,65.17,65.85,65.85,692870522.0,709579896.3,45264846.06970634,4478.9141,0.0003081606767367,0.02269800386349,0.0223898431867533,0.2866878484229053,1.5529385846190678,-0.4993475424095913,0.1111111111110685,-0.177573877030625,-0.3691468269718199,0.0223898431867533,0.2416666666666666,-0.6087828893431902,-0.2346427396420119,0.5789926477670115,-1.3191364997251005,-0.3739363037164384,-0.7828475057319906,-0.1192449562969283,-2.26208008482237,0.0,,,,,,,,,,,,,,,0.057983508730215,0.1,1109906226.0,17183099,48,64.5929017809884,2026-04-03,64.3117561963696,63.3,65.75,62.5,0.0123053076714874,-0.004352577092326,-0.0036203368487329,64.5,65.83,63.25,63.42,16886199,1091048656.0,47,2026-04-02 14:55:00,64.61185587117622,-0.011225444340505,-0.0082877247849882,0.0209272376046363,-0.0505988023952095,0.4786663557938913,0.0027432348035068,0.1146424983083516,0.0633623979566786,0.7584725458160301,0.0406811731315042,asof1455,14:55,63.53,121.82914664452761,8.774541633302151,15.808882565949487,28.52621613376988,2025-10-31,2025-09-30,0.06055,0.127434,0.36917,270302332.09,0.520568,,679036441.0,679036441.0,True,2025-11-01,1.701725,158.662522,0.598875,450.826515,0.425734,0.161829,0.111265,0.266715,0.282373,0.30303,0.295869,1.655401,1.022095,0.541795,0.400017,0.00625,2.666724,0.424379,0.575621,0.254607,3.615401,-0.02791,-0.219012,-0.02791,0.06055,2.700284,0.161829,1.087331,0.127434,0.947554,0.769234,0.174832,152,122.040456,8.789761,15.836302,28.575694,asof1455_from_lagged_eod,1,0.9285714285714286,0.9285714285714286,0.9285714285714286,0.8928571428571429,0.0,0.0,0.0,0.0,0.0,,0.0,0.0,0.0,0.0,0.0,0.0,0.0,0.0,0.0,0.0,0.0,0.0,0.0,0.0,0.0,0.0,0.0,0.0,0.0,0.0,0.0,0.0,0.0,0.0,0.0,0.0,0.0,0.0
2026-04-03,63.62,65.75,62.5,63.3,14073523.0,0.0,0.0,62.65620327163505,57.67869393432501,3.227857142857143,0.0509930038366049,52.55664213123756,0.7114936041538762,0.2461538461537695,65.85,65.85,65.85,678796999.0,703996187.4,41688581.86936896,4440.7889,-0.0137212531385967,0.0149110149110149,0.0286322680496117,0.1994501924564387,1.54204759288159,-0.7899977871207987,0.2461538461537695,-0.340388850735253,-0.6044625955126408,0.0286322680496117,0.1916666666666666,-0.6870721319047374,-0.2659741784103656,0.3006600379732165,-0.8449804551197624,-0.8905077588984596,-0.9598914964919736,-0.0349726577735219,-2.416421405645152,0.0,,,,,,,,,,,,,,,0.057983508730215,0.1,905092980.0,14073523,48,64.3117561963696,2026-04-07,61.60997948002697,60.91,63.7,60.07,-0.0266985864134758,-0.0420106194595747,-0.0377567140600315,63.62,65.74,62.5,63.59,13787591,886956643.0,47,2026-04-03 14:55:00,64.33006628931768,0.0009444356996695,0.0301312165883687,0.0195606862273529,-0.060709010339734,0.4730136668983089,0.0080370305787613,0.110913765442703,0.193803162370229,0.7518589425598464,0.0509514074540021,asof1455,14:55,63.3,122.15571536345035,8.798062364079962,15.851258368959547,28.60268190555643,2025-10-31,2025-09-30,0.06055,0.127434,0.36917,270302332.09,0.520568,,679036441.0,679036441.0,True,2025-11-01,1.701725,158.662522,0.598875,450.826515,0.425734,0.161829,0.111265,0.266715,0.282373,0.30303,0.295869,1.655401,1.022095,0.541795,0.400017,0.00625,2.666724,0.424379,0.575621,0.254607,3.615401,-0.02791,-0.219012,-0.02791,0.06055,2.700284,0.161829,1.087331,0.127434,0.947554,0.769234,0.174832,153,121.598628,8.757939,15.77897,28.472241,asof1455_from_lagged_eod,1,0.9325396825396826,0.9325396825396826,0.9325396825396826,0.9007936507936508,0.0,0.0,0.0,0.0,0.0,,0.0,0.0,0.0,0.0,0.0,0.0,0.0,0.0,0.0,0.0,0.0,0.0,0.0,0.0,0.0,0.0,0.0,0.0,0.0,0.0,0.0,0.0,0.0,0.0,0.0,0.0,0.0,0.0
2026-04-07,63.3,63.7,60.07,60.91,15655966.0,0.0,0.0,62.489898198146,57.78463839549468,3.276428571428572,0.0537913080188559,47.575719724085566,0.8143308158141276,0.231404958677621,65.85,65.85,65.85,663141033.0,696292189.65,33482094.997983284,4440.6162,-0.0114279544518526,-0.0475371383893667,-0.0361091839375141,-0.4822013249190605,1.4360941189687912,-1.5077392631344853,0.231404958677621,-0.2053885879067476,-0.9901159605453828,-0.0361091839375141,0.3666666666666666,-1.336656137063604,-0.6187423278683547,-0.3811483804173426,-0.8995154995838317,-0.5014937830720542,-1.2531942999642038,-0.918426589504083,-1.584039150467882,1.0,,,,,,,,,,,,,,,0.057983508730215,0.1,964563744.0,15655966,48,61.60997948002697,2026-04-08,66.01650264775623,67.0,67.0,63.0,0.0838368518758205,0.0715228799769003,0.099983582334592,63.3,63.7,60.08,60.91,15426166,950566086.0,47,2026-04-07 14:55:00,61.62037190576064,-0.0377567140600315,-0.0503585905830995,-0.0475371383893667,-0.1078072359748059,0.4589221556886227,-0.0310675596137632,0.0578938227291145,-0.8157442841933316,0.4027377668980053,0.059431948776884,asof1455,14:55,60.91,117.00746337251186,8.427268001421801,15.183207941548183,27.397222737914692,2025-10-31,2025-09-30,0.06055,0.127434,0.36917,270302332.09,0.520568,,679036441.0,679036441.0,True,2025-11-01,1.701725,158.662522,0.598875,450.826515,0.425734,0.161829,0.111265,0.266715,0.282373,0.30303,0.295869,1.655401,1.022095,0.541795,0.400017,0.00625,2.666724,0.424379,0.575621,0.254607,3.615401,-0.02791,-0.219012,-0.02791,0.06055,2.700284,0.161829,1.087331,0.127434,0.947554,0.769234,0.174832,157,117.007463,8.427268,15.183208,27.397222,asof1455_from_lagged_eod,1,0.8809523809523809,0.8809523809523809,0.8809523809523809,0.8531746031746031,0.0,0.0,0.0,0.0,0.0,,0.0,0.0,0.0,0.0,0.0,0.0,0.0,0.0,0.0,0.0,0.0,0.0,0.0,0.0,0.0,0.0,0.0,0.0,0.0,0.0,0.0,0.0,0.0,0.0,0.0,0.0,0.0,0.0
2026-04-08,63.95,67.0,63.0,67.0,22125904.0,0.0,0.0,62.91943170308448,58.08678139892108,3.434285714285715,0.0512579957356069,58.39566028786559,1.1560661844962563,0.99999999999975,65.85,67.0,67.0,685266937.0,690887382.75,25035549.09515396,4595.556,0.0326977725842272,0.0853717803337112,0.052674007749484,1.1881854441930255,1.4071777091985835,0.3348585690514847,0.99999999999975,0.1450230216357372,-0.2244986011146817,0.052674007749484,0.2083333333333333,0.2973193679877899,-0.7049676467426025,1.3734639663894104,1.711211879238427,0.5813864687185469,-0.6215702217989615,0.2906226135435343,-2.272289866852963,1.0,,,,,,,,,,,,,,,0.057983508730215,0.1,1460674800.0,22125904,48,66.01650264775623,2026-04-09,68.71275372593183,68.7,70.16,66.96,0.0255634884467437,0.0408420769055575,0.0253731343283583,63.95,67.0,63.7,67.0,22072336,1457085744.0,47,2026-04-08 14:55:00,66.01411576916915,0.099983582334592,0.054619864630883,0.0853717803337112,-0.0148507572415822,0.5484169170325859,0.0720857668613488,0.1572474782368385,2.166121995951019,1.134354735462443,0.0492537313432835,asof1455,14:55,67.0,128.70628831062223,9.269856443933673,16.701279527171238,30.136494401576094,2025-10-31,2025-09-30,0.06055,0.127434,0.36917,270302332.09,0.520568,,679036441.0,679036441.0,True,2025-11-01,1.701725,158.662522,0.598875,450.826515,0.425734,0.161829,0.111265,0.266715,0.282373,0.30303,0.295869,1.655401,1.022095,0.541795,0.400017,0.00625,2.666724,0.424379,0.575621,0.254607,3.615401,-0.02791,-0.219012,-0.02791,0.06055,2.700284,0.161829,1.087331,0.127434,0.947554,0.769234,0.174832,158,128.706412,9.269865,16.701295,30.136524,asof1455_from_lagged_eod,1,0.9682539682539683,0.9682539682539683,0.9682539682539683,0.9444444444444444,0.0,0.0,0.0,0.0,0.0,,0.0,0.0,0.0,0.0,0.0,0.0,0.0,0.0,0.0,0.0,0.0,0.0,0.0,0.0,0.0,0.0,0.0,0.0,0.0,0.0,0.0,0.0,0.0,0.0,0.0,0.0,0.0,0.0
2026-04-09,67.8,70.16,66.96,68.7,23573566.0,0.0,0.0,63.46996201707643,58.43475577928432,3.460000000000001,0.0503639010189221,60.82620890980063,1.2709264433439118,0.5437499999998324,67.0,70.16,70.16,708840503.0,688430559.75,20293049.959826726,4566.2237,0.00887236131822,0.0710944808231992,0.0622221195049792,1.5115716713647562,1.4552619184366071,0.4913294797686448,0.5437499999998324,0.2397461174751025,1.0057602622772173,0.0622221195049792,0.1583333333333333,0.6098654622146357,-0.5289782852236138,1.4996064950616643,0.1515913385116298,0.8618011061095373,0.3757819773095022,0.4139172122497375,-2.43237727687627,1.0,,,,,,,,,,,,,,,0.057983508730215,0.1,1619804635.0,23573566,48,68.71275372593183,2026-04-10,71.75698569355893,71.41,73.8,69.06,0.0444976083487471,0.0443037398816723,0.0394468704512371,67.8,70.14,67.38,68.75,23012366,1581245585.0,47,2026-04-09 14:55:00,68.71286442254569,0.0261194029850746,0.0860979462875197,0.0718740255690677,0.0655610663360199,0.6821629557132372,0.1009776681693341,0.1794172392201265,3.227520348877016,1.327464338056728,0.0401454545454546,asof1455,14:55,68.7,132.06814664179106,9.511988339552238,17.13752285447761,30.923672014925376,2025-10-31,2025-09-30,0.06055,0.127434,0.36917,270302332.09,0.520568,,679036441.0,679036441.0,True,2025-11-01,1.701725,158.662522,0.598875,450.826515,0.425734,0.161829,0.111265,0.266715,0.282373,0.30303,0.295869,1.655401,1.022095,0.541795,0.400017,0.00625,2.666724,0.424379,0.575621,0.254607,3.615401,-0.02791,-0.219012,-0.02791,0.06055,2.700284,0.161829,1.087331,0.127434,0.947554,0.769234,0.174832,159,131.972097,9.505071,17.125059,30.901182,asof1455_from_lagged_eod,1,0.9920634920634921,0.9920634920634921,0.9920634920634921,0.9722222222222222,0.0,0.0,0.0,0.0,0.0,,0.0,0.0,0.0,0.0,0.0,0.0,0.0,0.0,0.0,0.0,0.0,0.0,0.0,0.0,0.0,0.0,0.0,0.0,0.0,0.0,0.0,0.0,0.0,0.0,0.0,0.0,0.0,0.0
2026-04-10,70.07,73.8,69.06,71.41,21932289.0,0.0,0.0,64.2261561106882,58.86017362258647,3.626428571428572,0.0507832036329438,64.39694682669784,1.1740432007891872,0.4957805907171943,70.16,73.8,73.8,730772792.0,688034308.2,19363734.279434662,4636.5655,0.0351985763692139,0.1240358885565873,0.0888373121873733,1.980969360849665,1.479687902962446,0.3446917470946459,0.4957805907171943,0.1604535186753736,2.2071405847264978,0.0888373121873733,0.1666666666666666,1.0613711184774015,-0.4359286209725042,1.3497171879589336,-0.0009909944959237,0.6124305197261165,1.339975632712358,0.7724473881075982,-2.325559754244134,0.0,,,,,,,,,,,,,,,0.057983508730215,0.1,1573794948.0,21932289,48,71.75698569355893,2026-04-13,68.9525436282048,68.28,70.8,68.15,-0.0344133366726677,-0.039082495428816,-0.0438313961630023,70.07,73.77,69.06,71.42,21237604,1524173226.0,47,2026-04-10 14:55:00,71.76766390408258,0.0395924308588064,0.1725496634378591,0.1241932945065322,0.1169846731310604,0.7168269230769231,0.1399203556066302,0.2155492267368637,3.733193836835024,1.6543658658130014,0.0659479137496498,asof1455,14:55,71.41,137.1971931257642,9.881399866375546,17.80308171441048,32.124634911790395,2025-10-31,2025-09-30,0.06055,0.127434,0.36917,270302332.09,0.520568,,679036441.0,679036441.0,True,2025-11-01,1.701725,158.662522,0.598875,450.826515,0.425734,0.161829,0.111265,0.266715,0.282373,0.30303,0.295869,1.655401,1.022095,0.541795,0.400017,0.00625,2.666724,0.424379,0.575621,0.254607,3.615401,-0.02791,-0.219012,-0.02791,0.06055,2.700284,0.161829,1.087331,0.127434,0.947554,0.769234,0.174832,160,137.177983,9.880016,17.800589,32.120137,asof1455_from_lagged_eod,1,0.996031746031746,0.996031746031746,0.996031746031746,0.9801587301587301,0.0,0.0,0.0,0.0,0.0,,0.0,0.0,0.0,0.0,0.0,0.0,0.0,0.0,0.0,0.0,0.0,0.0,0.0,0.0,0.0,0.0,0.0,0.0,0.0,0.0,0.0,0.0,0.0,0.0,0.0,0.0,0.0,0.0
2026-04-13,69.8,70.8,68.15,68.28,18497495.0,0.0,0.0,64.61223648109885,59.16902038905905,3.6321428571428567,0.0531948280190803,57.83933923011848,1.0038868926261502,0.0490566037735648,73.8,73.8,73.8,712275297.0,687893170.8,19175329.720763,4646.1546,0.0462453191593954,0.0786729857819905,0.0324276666225951,1.009807065183914,1.498623899479571,-1.5197640117989906,0.0490566037735648,0.0038793581764271,1.271536216329002,0.0324276666225951,0.3333333333333333,0.1147865771866172,-0.3661054310721099,-0.3953716075661749,-1.5438953550171004,0.1399604504509882,0.578592112753189,0.0047587702860063,-1.5753051589339584,0.0,,,,,,,,,,,,,,,0.057983508730215,0.1,1275449331.0,18497495,48,68.9525436282048,2026-04-14,67.761346272462,66.78,70.32,66.0,-0.0075959831215288,-0.0172756115012344,-0.0219683655536028,69.8,70.77,68.17,68.29,18073064,1246467215.0,47,2026-04-13 14:55:00,68.9682289068417,-0.0436913597535357,0.0192537313432836,0.078830963665087,0.1046586865092205,0.555580865603645,0.0835038951560442,0.1525316936370822,1.742192770729784,1.2064319387129572,0.0380729242934543,asof1455,14:55,68.28,131.1844903944826,9.44834466657331,17.02285706217617,30.716764539000145,2025-10-31,2025-09-30,0.06055,0.127434,0.36917,270302332.09,0.520568,,679036441.0,679036441.0,True,2025-11-01,1.701725,158.662522,0.598875,450.826515,0.425734,0.161829,0.111265,0.266715,0.282373,0.30303,0.295869,1.655401,1.022095,0.541795,0.400017,0.00625,2.666724,0.424379,0.575621,0.254607,3.615401,-0.02791,-0.219012,-0.02791,0.06055,2.700284,0.161829,1.087331,0.127434,0.947554,0.769234,0.174832,163,131.16528,9.446961,17.020364,30.712266,asof1455_from_lagged_eod,1,0.9801587301587301,0.9801587301587301,0.9801587301587301,0.9682539682539683,0.0,0.0,0.0,0.0,0.0,,0.0,0.0,0.0,0.0,0.0,0.0,0.0,0.0,0.0,0.0,0.0,0.0,0.0,0.0,0.0,0.0,0.0,0.0,0.0,0.0,0.0,0.0,0.0,0.0,0.0,0.0,0.0,0.0
2026-04-14,69.0,70.32,66.0,66.78,21812494.0,0.0,0.0,64.81869014956563,59.41856070417187,3.630714285714285,0.0543682881957806,54.95138443287217,1.200463965622643,0.1805555555555143,73.8,73.8,73.8,690462803.0,688007855.9,19183494.48969648,4701.2837,0.0587007496842442,0.0963716959448366,0.0376709462605924,0.5401994472963545,1.4873462961930322,-1.9335038363166024,0.1805555555555143,0.1827081200876054,0.1279718406528375,0.0376709462605924,0.4333333333333333,-0.3347662996611368,-0.3992960643937612,-0.7758431406102583,-1.0723114942060488,0.6974676357316201,-0.3358110624985474,0.0832118373887621,-1.1297740712869075,0.0,,,,,,,,,,,,,,,0.057983508730215,0.1,1478043959.0,21812494,48,67.761346272462,2026-04-15,66.75355555435381,65.01,69.48,64.68,-0.0003959934957501,-0.0148726489886426,-0.0265049415992811,69.0,70.31,66.07,66.64,21202094,1437313686.0,47,2026-04-14 14:55:00,67.79111940547004,-0.0240187463386057,-0.029985443959243,0.0940732227877196,0.0791902834008098,0.4888293118856122,0.0519337016574585,0.1170243971940294,1.0237157227226366,0.9555114172270464,0.0636254501800721,asof1455,14:55,66.78,128.0148544112478,9.2200568400703,16.611556194493264,29.974595873462214,2025-10-31,2025-09-30,0.06055,0.127434,0.36917,270302332.09,0.520568,,679036441.0,679036441.0,True,2025-11-01,1.701725,158.662522,0.598875,450.826515,0.425734,0.161829,0.111265,0.266715,0.282373,0.30303,0.295869,1.655401,1.022095,0.541795,0.400017,0.00625,2.666724,0.424379,0.575621,0.254607,3.615401,-0.02791,-0.219012,-0.02791,0.06055,2.700284,0.161829,1.087331,0.127434,0.947554,0.769234,0.174832,164,128.283794,9.239427,16.646455,30.037568,asof1455_from_lagged_eod,1,0.9484126984126984,0.9484126984126984,0.9484126984126984,0.9404761904761905,0.0,0.0,0.0,0.0,0.0,,0.0,0.0,0.0,0.0,0.0,0.0,0.0,0.0,0.0,0.0,0.0,0.0,0.0,0.0,0.0,0.0,0.0,0.0,0.0,0.0,0.0,0.0,0.0,0.0,0.0,0.0,0.0,0.0
2026-04-15,67.45,69.48,64.68,65.01,20340710.0,0.0,0.0,64.83691013532128,59.60188658272361,3.7399999999999984,0.0575296108291023,51.67273339815756,1.1050229435961734,0.0687499999999853,73.8,73.8,73.8,670122093.0,687885093.95,19289410.63573936,4685.2464,0.0195167679384171,-0.0297014925373133,-0.0492182604757305,0.0462807124809313,1.3997389178064892,-2.350267379678515,0.0687499999999853,0.09986609818961,-0.920867997754624,-0.0492182604757305,0.5,-0.8022427529928077,-0.6910855252467455,-1.1473731906438007,-1.4340456722675787,0.4540008755031885,-1.1632185886540578,-1.0884240870826416,-0.8336614318774552,1.0,,,,,,,,,,,,,,,0.057983508730215,0.1,1357814715.0,20340710,48,66.75355555435381,2026-04-16,67.75959609286059,69.0,69.9,64.7,0.0422949714330194,0.0150709655860594,0.0613751730502998,67.45,69.45,64.68,65.13,19893810,1328745966.0,47,2026-04-15 14:55:00,66.79193005261436,-0.0247079964061096,-0.0879428651449376,-0.0279104477611941,0.0845961698584512,0.4248523299059286,0.0240324520648096,0.0850388584851438,0.466722610426556,0.7190367527804306,0.0732381391064025,asof1455,14:55,65.01,125.11415847888588,9.011139270889487,16.235154449685535,29.295399877807725,2025-10-31,2025-09-30,0.06055,0.127434,0.36917,270302332.09,0.520568,,679036441.0,679036441.0,True,2025-11-01,1.701725,158.662522,0.598875,450.826515,0.425734,0.161829,0.111265,0.266715,0.282373,0.30303,0.295869,1.655401,1.022095,0.541795,0.400017,0.00625,2.666724,0.424379,0.575621,0.254607,3.615401,-0.02791,-0.219012,-0.02791,0.06055,2.700284,0.161829,1.087331,0.127434,0.947554,0.769234,0.174832,165,124.883639,8.994537,16.205242,29.241424,asof1455_from_lagged_eod,1,0.9365079365079365,0.9365079365079365,0.9365079365079365,0.9325396825396826,0.0,0.0,0.0,0.0,0.0,,0.0,0.0,0.0,0.0,0.0,0.0,0.0,0.0,0.0,0.0,0.0,0.0,0.0,0.0,0.0,0.0,0.0,0.0,0.0,0.0,0.0,0.0,0.0,0.0,0.0,0.0,0.0,0.0
2026-04-16,65.26,69.9,64.7,69.0,26422707.0,0.0,0.0,65.2333948843383,59.910021448863816,3.907142857142856,0.056625258799171,57.78703339141182,1.4319914928909354,0.8269230769229169,73.8,73.8,73.8,696544800.0,687806552.5,19250753.93297527,4736.6077,0.0373139844199923,0.0043668122270741,-0.0329471721929182,0.9640305597669174,1.3624721772691712,-1.2285191956121166,0.8269230769229169,0.3590661278021872,0.4539171572408891,-0.0329471721929182,0.4833333333333333,0.0940991912074437,-0.811503049387218,-0.1012447353745034,1.1668442990160817,1.2625480096213062,-0.0480612729174618,-0.8549404082694327,-0.8892574923005563,1.0,,,,,,,,,,,,,,,0.057983508730215,0.1,1790391954.0,26422707,48,67.75959609286059,2026-04-17,71.16878842958447,71.1,73.18,68.01,0.0314317163707893,0.0503130557633753,0.0304347826086954,65.26,69.88,64.72,68.97,25685907,1739576745.0,47,2026-04-16 14:55:00,67.7249491326119,0.0609137055837563,0.0101054481546571,0.0039301310043666,0.0863128051661679,0.5757368060315282,0.0801963993453356,0.1428871280894159,1.6086281967497085,1.2538804163673287,0.0748151370160939,asof1455,14:55,69.0,132.4907642182741,9.542427578680202,17.19236334010152,31.022627492385784,2025-10-31,2025-09-30,0.06055,0.127434,0.36917,270302332.09,0.520568,,679036441.0,679036441.0,True,2025-11-01,1.701725,158.662522,0.598875,450.826515,0.425734,0.161829,0.111265,0.266715,0.282373,0.30303,0.295869,1.655401,1.022095,0.541795,0.400017,0.00625,2.666724,0.424379,0.575621,0.254607,3.615401,-0.02791,-0.219012,-0.02791,0.06055,2.700284,0.161829,1.087331,0.127434,0.947554,0.769234,0.174832,166,132.548394,9.546578,17.199841,31.036121,asof1455_from_lagged_eod,1,0.9880952380952381,0.9880952380952381,0.9880952380952381,0.9880952380952381,0.0,0.0,0.0,0.0,0.0,,0.0,0.0,0.0,0.0,0.0,0.0,0.0,0.0,0.0,0.0,0.0,0.0,0.0,0.0,0.0,0.0,0.0,0.0,0.0,0.0,0.0,0.0,0.0,0.0,0.0,0.0,0.0,0.0
2026-04-17,68.14,73.18,68.01,71.1,24804295.0,0.0,0.0,65.79211918106797,60.27690599152402,4.064285714285713,0.057162949568012,60.61161282031465,1.3079132073760682,0.5976789168277351,73.8,73.18,73.18,721349095.0,689695374.5,20551951.04865884,4728.6716,0.0198651566552872,-0.0043411286934603,-0.0242062853487475,1.305981220826538,1.356994457883944,-0.6643233743407865,0.5976789168277351,0.2684328956163289,1.540180804491826,-0.0242062853487475,0.5083333333333333,0.4229109975098365,-0.8236470054935989,0.4204076285956729,0.365499606637164,0.96443432366119,0.829814346993412,-0.7315662156374125,-0.7691580228943186,0.0,,,,,,,,,,,,,,,0.057983508730215,0.1,1765291623.0,24804295,48,71.16878842958447,2026-04-20,70.77883399746464,71.49,71.96,68.58,-0.0045171027079514,-0.0054792900191865,0.0054852320675105,68.14,73.14,68.11,70.98,24393295,1736088163.0,47,2026-04-17 14:55:00,71.17071158283454,0.028695652173913,0.0628930817610062,-0.0060215656070576,0.1605624591236103,0.5507974655888137,0.1069005847953217,0.1680553803283546,2.0323765409730017,1.5433776301598396,0.0708650324034939,asof1455,14:55,71.1,136.35195661043477,9.820523281739131,17.69340165478261,31.92672273304348,2025-10-31,2025-09-30,0.06055,0.127434,0.36917,270302332.09,0.520568,,679036441.0,679036441.0,True,2025-11-01,1.701725,158.662522,0.598875,450.826515,0.425734,0.161829,0.111265,0.266715,0.282373,0.30303,0.295869,1.655401,1.022095,0.541795,0.400017,0.00625,2.666724,0.424379,0.575621,0.254607,3.615401,-0.02791,-0.219012,-0.02791,0.06055,2.700284,0.161829,1.087331,0.127434,0.947554,0.769234,0.174832,167,136.582476,9.837126,17.723315,31.980699,asof1455_from_lagged_eod,1,0.9920634920634921,0.9920634920634921,0.9920634920634921,0.9920634920634921,0.0,0.0,0.0,0.0,0.0,,0.0,0.0,0.0,0.0,0.0,0.0,0.0,0.0,0.0,0.0,0.0,0.0,0.0,0.0,0.0,0.0,0.0,0.0,0.0,0.0,0.0,0.0,0.0,0.0,0.0,0.0,0.0,0.0
2026-04-20,70.87,71.96,68.58,71.49,18729479.0,0.0,0.0,66.33477449715674,60.64454841803143,4.025,0.0563015806406482,61.13176773064558,0.9830571734059452,0.8609467455618756,73.8,73.18,73.18,740078574.0,693369652.65,22563682.13770607,4757.4419,0.0239525606831938,0.0470123022847099,0.0230597416015161,1.280801367165707,1.4137207649997277,-0.5739130434781189,0.8609467455618756,-0.0170879983636122,2.070093039998332,0.0230597416015161,0.4833333333333333,0.3973495357244563,-0.6252254313739789,0.5018519060568407,1.2788096497777854,0.070335843845222,1.254404614309415,-0.0832860672297321,-0.8611459794155799,0.0,,,,,,,,,,,,,,,0.057983508730215,0.1,1325650685.0,18729479,48,70.77883399746464,2026-04-21,70.43568825575618,70.68,71.83,69.6,-0.0147476814133979,-0.0048481406421694,-0.0113302559798571,70.87,71.93,68.64,71.4,18129453,1282764157.0,47,2026-04-20 14:55:00,70.75581138603575,0.0042194092827005,0.0982925703737886,0.0456942003514939,0.1862435620534974,0.4739884393063585,0.104886880628888,0.16686050787304,1.8710906530219773,1.582349225405149,0.0460784313725491,asof1455,14:55,71.49,137.15877336708866,9.878632860759495,17.798096919831227,32.11563865822785,2025-10-31,2025-09-30,0.06055,0.127434,0.36917,270302332.09,0.520568,,679036441.0,679036441.0,True,2025-11-01,1.701725,158.662522,0.598875,450.826515,0.425734,0.161829,0.111265,0.266715,0.282373,0.30303,0.295869,1.655401,1.022095,0.541795,0.400017,0.00625,2.666724,0.424379,0.575621,0.254607,3.615401,-0.02791,-0.219012,-0.02791,0.06055,2.700284,0.161829,1.087331,0.127434,0.947554,0.769234,0.174832,170,137.331662,9.891085,17.820531,32.156121,asof1455_from_lagged_eod,1,0.9920634920634921,0.9920634920634921,0.9920634920634921,0.9920634920634921,0.0,0.0,0.0,0.0,0.0,,0.0,0.0,0.0,0.0,0.0,0.0,0.0,0.0,0.0,0.0,0.0,0.0,0.0,0.0,0.0,0.0,0.0,0.0,0.0,0.0,0.0,0.0,0.0,0.0,0.0,0.0,0.0,0.0
2026-04-21,71.2,71.83,69.6,70.68,15237388.0,0.0,0.0,66.74860549742753,60.97357961744023,3.977142857142856,0.0562697065243746,59.37790943002518,0.8084098930319553,0.4843049327352136,73.8,73.18,73.18,724841186.0,697247617.55,20914107.867516696,4767.997,0.0141904433463566,0.0584007187780772,0.0442102754317206,0.9884971809626582,1.4520539209734544,-0.7844827586204902,0.4843049327352136,-0.2126860557344358,1.31937583112774,0.0442102754317206,0.4833333333333333,0.1083490826756916,-0.4905674500716841,0.2990227351521492,-0.0392822223489891,-0.5475294403371688,0.6482491766728993,0.2005328650054423,-0.8465816646313665,1.0,,,,,,,,,,,,,,,0.057983508730215,0.1,1073255911.0,15237388,48,70.43568825575618,2026-04-22,73.200393214809,75.45,75.5,69.83,0.0356592135654922,0.0392514792929119,0.0674872665534804,71.2,71.8,69.6,70.66,14818175,1043627177.0,47,2026-04-21 14:55:00,70.42886030162283,-0.0116100153867673,0.0240579710144928,0.0581012279125485,0.2254595907041277,0.3947887879984209,0.0839584579747496,0.1475622827816936,1.4534318337045222,1.4269070578070169,0.0311350127370507,asof1455,14:55,70.68,135.73723929108968,9.776249350958176,17.613634360889634,31.782787940411247,2025-10-31,2025-09-30,0.06055,0.127434,0.36917,270302332.09,0.520568,,679036441.0,679036441.0,True,2025-11-01,1.701725,158.662522,0.598875,450.826515,0.425734,0.161829,0.111265,0.266715,0.282373,0.30303,0.295869,1.655401,1.022095,0.541795,0.400017,0.00625,2.666724,0.424379,0.575621,0.254607,3.615401,-0.02791,-0.219012,-0.02791,0.06055,2.700284,0.161829,1.087331,0.127434,0.947554,0.769234,0.174832,171,135.775659,9.779016,17.61862,31.791783,asof1455_from_lagged_eod,1,0.9841269841269841,0.9841269841269841,0.9841269841269841,0.9841269841269841,0.0,0.0,0.0,0.0,0.0,,0.0,0.0,0.0,0.0,0.0,0.0,0.0,0.0,0.0,0.0,0.0,0.0,0.0,0.0,0.0,0.0,0.0,0.0,0.0,0.0,0.0,0.0,0.0,0.0,0.0,0.0,0.0,0.0
2026-04-22,70.0,75.5,69.83,75.45,24088106.0,0.0,0.0,67.57730973576777,61.44821635129465,4.13642857142857,0.0548234403105171,65.63121646001208,1.2713039384857534,0.9911816578481502,73.8,75.5,75.5,748929292.0,701224549.45,22722965.76909307,4799.627,0.0244129316229773,0.1605906783571757,0.1361777467341984,1.903257877727934,1.4817355790468487,0.3988948368156537,0.9911816578481502,0.2400430969678457,2.099406522668188,0.1361777467341984,0.4583333333333333,0.994662634223063,-0.3871589290987244,1.3893967464924637,1.7220157285536175,0.8605234211165947,1.2699769803313017,1.4299203758496108,-0.9384493789239524,1.0,,,,,,,,,,,,,,,0.057983508730215,0.1,1763258831.0,24088106,48,73.200393214809,2026-04-23,82.48909846934843,83.0,83.0,79.22,0.0932948769960031,0.126894198877886,0.1000662690523526,70.0,75.5,69.9,75.32,23182560,1694978660.0,47,2026-04-22 14:55:00,73.11438684942473,0.0656479909451044,0.0593530239099859,0.1585909860021532,0.220152276040823,0.3812580231065468,0.1440201707220754,0.2166506033178443,2.6892840842913466,2.125144546435019,0.074349442379182,asof1455,14:55,75.45,144.68905823259757,10.420988753820032,18.775247006225236,33.87884968251272,2025-10-31,2025-09-30,0.06055,0.127434,0.36917,270302332.09,0.520568,,679036441.0,679036441.0,True,2025-11-01,1.701725,158.662522,0.598875,450.826515,0.425734,0.161829,0.111265,0.266715,0.282373,0.30303,0.295869,1.655401,1.022095,0.541795,0.400017,0.00625,2.666724,0.424379,0.575621,0.254607,3.615401,-0.02791,-0.219012,-0.02791,0.06055,2.700284,0.161829,1.087331,0.127434,0.947554,0.769234,0.174832,172,144.938788,10.438975,18.807652,33.937324,asof1455_from_lagged_eod,1,1.0,1.0,1.0,1.0,0.0,0.0,0.0,0.0,0.0,,0.0,0.0,0.0,0.0,0.0,0.0,0.0,0.0,0.0,0.0,0.0,0.0,0.0,0.0,0.0,0.0,0.0,0.0,0.0,0.0,0.0,0.0,0.0,0.0,0.0,0.0,0.0,0.0
2026-04-23,79.22,83.0,79.22,83.0,41313648.0,0.0,0.0,69.04613737998037,62.15483220862925,4.489285714285713,0.0540877796901886,72.77500443111668,2.0658130988302306,0.9999999999997354,75.5,83.0,83.0,790242940.0,706252657.3,29674940.10786129,4786.3273,0.0104968794439108,0.2028985507246377,0.1924016712807268,3.108258976614661,1.535056044532923,1.670644391407743,0.9999999999997354,0.7255239013729995,2.8303437983266524,0.1924016712807268,0.3916666666666666,2.1249448199242487,-0.2043737669548854,2.503015145104793,1.7409757919447455,2.312186508352207,1.8362429379844385,2.14435913522302,-1.2055572739161038,0.0,,,,,,,,,,,,,,,0.0579245571749233,0.1,3407925578.0,41313648,48,82.48909846934843,2026-04-24,82.01953599378346,82.19,84.66,80.0,-0.0118128193520065,-0.0056924185653386,-0.0097590361445782,79.22,83.0,79.22,83.0,41163256,3395443042.0,47,2026-04-23 14:55:00,82.48723186523438,0.1000662690523526,0.161001538676738,0.2028985507246377,0.3064693845427357,0.5961538461538463,0.2476700138295953,0.3331976934073641,4.153311277384802,3.206172607060546,0.0455421686746988,asof1455,14:55,83.0,159.44227175612988,11.483564280980781,20.68966356527502,37.33330539430086,2025-10-31,2025-09-30,0.06055,0.127434,0.36917,270302332.09,0.520568,,679036441.0,679036441.0,True,2025-11-01,1.701725,158.662522,0.598875,450.826515,0.425734,0.161829,0.111265,0.266715,0.282373,0.30303,0.295869,1.655401,1.022095,0.541795,0.400017,0.00625,2.666724,0.424379,0.575621,0.254607,3.615401,-0.02791,-0.219012,-0.02791,0.06055,2.700284,0.161829,1.087331,0.127434,0.947554,0.769234,0.174832,173,159.442271,11.483565,20.689664,37.333305,asof1455_from_lagged_eod,1,1.0,1.0,1.0,1.0,0.0,0.0,0.0,0.0,0.0,,0.0,0.0,0.0,0.0,0.0,0.0,0.0,0.0,0.0,0.0,0.0,0.0,0.0,0.0,0.0,0.0,0.0,0.0,0.0,0.0,0.0,0.0,0.0,0.0,0.0,0.0,0.0,0.0
2026-04-24,82.17,84.66,80.0,82.19,30486445.0,0.0,0.0,70.29793381998223,62.8117229558873,4.589999999999999,0.055846210001216,71.06828174479462,1.4642043088959644,0.4699570815449633,83.0,84.66,84.66,759756495.0,710458331.05,30970952.78423376,4769.3688,0.0086064762881821,0.1559774964838256,0.1473710201956435,2.590864091506574,1.6309827590617223,-0.1764705882352562,0.4699570815449633,0.3813119610589972,1.5917548385884996,0.1473710201956435,0.4833333333333333,1.6085252489985755,0.1213365886594193,0.8258200541249131,-0.0848639784820427,1.2412387797643694,0.8573124372866942,1.5266757481601805,-0.79634896314443,0.0,,,,,,,,,,,,,,,0.0576538322803178,0.1,2500484073.0,30486445,48,82.01953599378346,2026-04-27,80.59477246725018,80.4,83.15,79.28,-0.0194090221772699,-0.0173710264179166,-0.021778805207446,82.17,84.6,80.01,82.37,29955796,2456854062.0,47,2026-04-24 14:55:00,82.01598321740474,-0.007590361445783,0.1653933220147141,0.1585091420534459,0.32598197037991,0.5978661493695443,0.2203414941294121,0.312188361238112,2.8149767827414656,2.858172031817107,0.0557241714216339,asof1455,14:55,82.19,158.2320465333735,11.396400590963857,20.532621972048194,37.04993172108434,2025-10-31,2025-09-30,0.06055,0.127434,0.36917,270302332.09,0.520568,,679036441.0,679036441.0,True,2025-11-01,1.701725,158.662522,0.598875,450.826515,0.425734,0.161829,0.111265,0.266715,0.282373,0.30303,0.295869,1.655401,1.022095,0.541795,0.400017,0.00625,2.666724,0.424379,0.575621,0.254607,3.615401,-0.02791,-0.219012,-0.02791,0.06055,2.700284,0.161829,1.087331,0.127434,0.947554,0.769234,0.174832,174,148.131125,10.977547,17.745894,160.964682,asof1455_from_lagged_eod,1,0.996031746031746,0.996031746031746,0.996031746031746,0.996031746031746,0.0,0.0,0.0,0.0,0.0,,0.0,0.0,0.0,0.0,0.0,0.0,0.0,0.0,0.0,0.0,0.0,0.0,0.0,0.0,0.0,0.0,0.0,0.0,0.0,0.0,0.0,0.0,0.0,0.0,0.0,0.0,0.0,0.0
2026-04-27,80.56,83.15,79.28,80.4,19777131.0,0.0,0.0,71.2600353609363,63.38838777700575,4.607142857142856,0.0573027718550099,67.31144494217452,0.9328808293011772,0.289405684754448,84.66,84.66,84.66,739979364.0,713065184.5,31151316.929537103,4770.9469,0.0028387104422651,0.1246328157784306,0.1217941053361655,1.983868293749832,1.7085746693799049,-0.9246511627904952,0.289405684754448,-0.0694778148016944,0.8639820769336551,0.1217941053361655,0.5583333333333333,1.0243299726158137,0.3836163520248376,0.1483283505182332,-0.708890512268906,-0.1362859432071701,0.2860497398333509,1.174192201703066,-0.4600426743728062,0.0,,,,,,,,,,,,,,,0.0575627540853261,0.1,1593933373.0,19777131,48,80.59477246725018,2026-04-28,76.6074012351176,76.47,79.8,75.05,-0.0471716264288855,-0.0494743158900641,-0.0488805970149254,80.56,83.14,79.31,80.45,18714391,1508456924.0,47,2026-04-27 14:55:00,80.60411498295616,-0.0211704586932716,0.0662690523525513,0.1253322142957058,0.2898829565496232,0.5588064328618485,0.1744354097020481,0.2712600934416991,1.984501838377052,2.40530208724518,0.0476072094468613,asof1455,14:55,80.4,144.99512113699964,10.745147294683052,17.370205284097825,157.55698584864342,2026-04-24,2026-03-31,0.023479,0.12639,0.337236,112325434.08,0.554847,,679040802.0,679040802.0,True,2026-04-25,0.771458,116.662228,0.240578,374.064838,0.190222,0.065817,0.095431,0.153843,0.315239,0.285714,0.305532,1.528952,0.764195,0.242375,0.209069,0.598242,2.489061,0.351372,0.648628,0.278293,3.979652,-0.172824,-1.367388,-0.172824,0.023479,2.638312,0.065817,1.069795,0.12639,0.948757,0.784252,0.169864,2,144.905006,10.738469,17.35941,157.459064,asof1455_from_lagged_eod,1,0.9920634920634921,0.9920634920634921,0.9642857142857143,1.0,-0.037071,-0.0010439999999999894,-0.03193400000000002,-157976898.01,0.03427899999999995,,4361.0,4361.0,-0.015834,-0.11287199999999997,0.032866000000000006,-0.017315999999999998,0.009663000000000033,-0.1264489999999998,-0.2579,-0.29942,-0.190948,0.5919920000000001,-0.1776629999999999,-0.07300699999999999,0.07300699999999993,0.023685999999999985,0.3642510000000003,-0.14491400000000002,-1.148376,-0.14491400000000002,-0.037071,-0.061971999999999916,-0.096012,-0.017535999999999996,-0.0010439999999999894,0.001202999999999954,0.015017999999999976,-0.004968
2026-04-28,79.8,79.8,75.05,76.47,21582722.0,0.0,0.0,71.75622246941856,63.81729309579245,4.554285714285713,0.0595565020829822,59.83299701337494,1.0073553312192849,0.29894736842099,84.66,84.66,84.66,718396642.0,713738837.25,31113625.30914708,4758.2083,-0.0020530004528106,0.0819185059422749,0.0839715063950855,1.0350201604160236,1.7431777169187774,-1.798306148054812,0.29894736842099,0.0073284126865046,0.1497030546495221,0.0839715063950855,0.6416666666666667,0.1336176564700331,0.5007702659265064,-0.6401015534749536,-0.6629055041695708,0.1014684350666792,-0.2785320698417507,0.6860202447781393,-0.0880725341105024,0.0,,,,,,,,,,,,,,,0.0575627540853261,0.1,1653396244.0,21582722,48,76.6074012351176,2026-04-29,75.90586384060894,76.41,77.43,74.0,-0.0073772219091284,-0.009157566804225,-0.0007846214201647,79.8,79.8,75.08,76.49,21101003,1616553449.0,47,2026-04-28 14:55:00,76.61026582480463,-0.04863184079602,-0.0784337349397591,0.0822014714204866,0.1960906958561374,0.4661682959555298,0.1021216814956231,0.1995891066205586,1.1117527549250414,1.74292651868603,0.0617074127336906,asof1455,14:55,76.47,137.85800881766167,10.216237485199004,16.51518993656716,149.8015398676617,2026-04-24,2026-03-31,0.023479,0.12639,0.337236,112325434.08,0.554847,,679040802.0,679040802.0,True,2026-04-25,0.771458,116.662228,0.240578,374.064838,0.190222,0.065817,0.095431,0.153843,0.315239,0.285714,0.305532,1.528952,0.764195,0.242375,0.209069,0.598242,2.489061,0.351372,0.648628,0.278293,3.979652,-0.172824,-1.367388,-0.172824,0.023479,2.638312,0.065817,1.069795,0.12639,0.948757,0.784252,0.169864,3,137.821963,10.213566,16.510871,149.76237,asof1455_from_lagged_eod,1,0.9801587301587301,0.9841269841269841,0.9126984126984127,0.996031746031746,-0.037071,-0.0010439999999999894,-0.03193400000000002,-157976898.01,0.03427899999999995,,4361.0,4361.0,-0.015834,-0.11287199999999997,0.032866000000000006,-0.017315999999999998,0.009663000000000033,-0.1264489999999998,-0.2579,-0.29942,-0.190948,0.5919920000000001,-0.1776629999999999,-0.07300699999999999,0.07300699999999993,0.023685999999999985,0.3642510000000003,-0.14491400000000002,-1.148376,-0.14491400000000002,-0.037071,-0.061971999999999916,-0.096012,-0.017535999999999996,-0.0010439999999999894,0.001202999999999954,0.015017999999999976,-0.004968
2026-04-29,76.26,77.43,74.0,76.41,17337886.0,0.0,0.0,72.19943937709299,64.23016873199597,4.570714285714286,0.0598182735991915,59.72389968855169,0.8008766058116312,0.7026239067053321,84.66,84.66,84.66,701058756.0,714188987.2,30860759.379338767,4810.3468,0.0022334652255269,0.0127236580516898,0.0104901928261629,0.9212040743973317,1.7435503833619903,-1.804969526488119,0.7026239067053321,-0.2220483939534694,-0.4254668862358169,0.0104901928261629,0.6583333333333333,0.033070748987488,0.5039849854251293,-0.6347468633321122,0.7446020627784322,-0.5961015601880939,-0.7342147681684604,-0.2809206181466567,-0.0054972568152057,0.0,,,,,,,,,,,,,,,0.0575627540853261,0.1,1316047214.0,17337886,48,75.90586384060894,2026-04-30,76.6671370333863,75.58,78.99,75.2,0.0033652275014566,0.0100291750104566,-0.0108624525585656,76.26,77.39,74.13,76.35,16800986,1275030345.0,47,2026-04-29 14:55:00,75.8902093603316,-0.0015692428403295,-0.0710548728555785,0.0119284294234591,0.2368378422161023,0.441109852774632,0.0902703899126784,0.1898361345519996,0.984129625406528,1.6638192938498513,0.0426981008513425,asof1455,14:55,76.41,137.6056868713221,10.197538434680267,16.48496143389565,149.52735647312673,2026-04-24,2026-03-31,0.023479,0.12639,0.337236,112325434.08,0.554847,,679040802.0,679040802.0,True,2026-04-25,0.771458,116.662228,0.240578,374.064838,0.190222,0.065817,0.095431,0.153843,0.315239,0.285714,0.305532,1.528952,0.764195,0.242375,0.209069,0.598242,2.489061,0.351372,0.648628,0.278293,3.979652,-0.172824,-1.367388,-0.172824,0.023479,2.638312,0.065817,1.069795,0.12639,0.948757,0.784252,0.169864,4,137.713825,10.205552,16.497917,149.644864,asof1455_from_lagged_eod,1,0.9761904761904762,0.9801587301587301,0.9047619047619048,0.9920634920634921,-0.037071,-0.0010439999999999894,-0.03193400000000002,-157976898.01,0.03427899999999995,,4361.0,4361.0,-0.015834,-0.11287199999999997,0.032866000000000006,-0.017315999999999998,0.009663000000000033,-0.1264489999999998,-0.2579,-0.29942,-0.190948,0.5919920000000001,-0.1776629999999999,-0.07300699999999999,0.07300699999999993,0.023685999999999985,0.3642510000000003,-0.14491400000000002,-1.148376,-0.14491400000000002,-0.037071,-0.061971999999999916,-0.096012,-0.017535999999999996,-0.0010439999999999894,0.001202999999999954,0.015017999999999976,-0.004968
2026-04-30,76.38,78.99,75.2,75.58,22595136.0,0.0,0.0,72.52139753165555,64.60229434734036,4.477142857142857,0.0592371375647366,58.144494824038034,1.032755287977485,0.1002638522427166,84.66,84.66,84.66,678463620.0,712609487.15,31825330.783195823,4807.3069,0.0043832355551614,-0.0893975903614457,-0.0937808259166071,0.6831594536823977,1.7687850124503497,-2.0280791320991,0.1002638522427166,0.0322302675696796,-1.072914760340195,-0.0937808259166071,0.625,-0.1912508490790481,0.5911559473920848,-0.8310342490449549,-1.3476461657687542,0.1929740416076936,-1.2419971385951116,-1.6398240623822404,-0.140145794290062,1.0,,,,,,,,,,,,,,,0.0575627540853261,0.1,1732304388.0,22595136,48,76.6671370333863,2026-05-06,80.04425211643596,81.39,82.76,77.09,0.0590665800004757,0.0440490569196423,0.0768721884096321,76.38,78.96,75.21,75.59,22052093,1691250403.0,47,2026-04-30 14:55:00,76.69341876074984,-0.0107315796361732,-0.0598258706467661,-0.0892771084337349,0.1785157468038665,0.3954218201956803,0.0682211623388093,0.1708669589058071,0.769917807312621,1.5030546317310516,0.0496097367376637,asof1455,14:55,75.58,136.2359381200105,10.096030305980895,16.320868289883524,148.0389382248397,2026-04-24,2026-03-31,0.023479,0.12639,0.337236,112325434.08,0.554847,,679040802.0,679040802.0,True,2026-04-25,0.771458,116.662228,0.240578,374.064838,0.190222,0.065817,0.095431,0.153843,0.315239,0.285714,0.305532,1.528952,0.764195,0.242375,0.209069,0.598242,2.489061,0.351372,0.648628,0.278293,3.979652,-0.172824,-1.367388,-0.172824,0.023479,2.638312,0.065817,1.069795,0.12639,0.948757,0.784252,0.169864,5,136.217915,10.094695,16.318709,148.019353,asof1455_from_lagged_eod,1,0.9603174603174603,0.9722222222222222,0.9007936507936508,0.9880952380952381,-0.037071,-0.0010439999999999894,-0.03193400000000002,-157976898.01,0.03427899999999995,,4361.0,4361.0,-0.015834,-0.11287199999999997,0.032866000000000006,-0.017315999999999998,0.009663000000000033,-0.1264489999999998,-0.2579,-0.29942,-0.190948,0.5919920000000001,-0.1776629999999999,-0.07300699999999999,0.07300699999999993,0.023685999999999985,0.3642510000000003,-0.14491400000000002,-1.148376,-0.14491400000000002,-0.037071,-0.061971999999999916,-0.096012,-0.017535999999999996,-0.0010439999999999894,0.001202999999999954,0.015017999999999976,-0.004968
2026-05-06,77.09,82.76,77.09,81.39,22749330.0,0.0,0.0,73.36602633816456,65.15271092611609,4.757142857142858,0.0584487388763091,65.10166657640926,1.0267420704179857,0.7583774250439572,84.66,83.15,83.15,701212950.0,713026608.55,31617881.094222847,4877.0932,0.0225867204901411,-0.0097335442267915,-0.0323202647169326,1.6867211901752637,1.7265227592891057,-0.6873873873872419,0.7583774250439572,0.0263907508327295,-0.3736385279834112,-0.0323202647169326,0.6,0.7695378493955377,0.4517926337330848,0.4042092776881943,0.9570162611733436,0.1775894121077189,-0.668177707011423,-0.819686374428432,-0.2391251303787399,0.0,,,,,,,,,,,,,,,0.0575627540853261,0.1,1820953106.0,22749330,48,80.04425211643596,2026-05-07,79.88639486578597,80.41,82.0,78.79,-0.0184740770882666,-0.0019721247494493,-0.0120407912519966,77.09,82.6,77.09,81.3,22249430,1780282830.0,47,2026-05-06 14:55:00,80.01476127703047,0.0756813971950252,0.063162024323264,-0.0108285679523056,0.2797103730521013,0.5296331138287864,0.1397009861988238,0.2523909164430866,1.6175727596462837,2.2304307552435243,0.0677736777367772,asof1455,14:55,81.39,146.5270771301932,10.858675621857635,17.553731697539032,159.22166444694363,2026-04-24,2026-03-31,0.023479,0.12639,0.337236,112325434.08,0.554847,,679040802.0,679040802.0,True,2026-04-25,0.771458,116.662228,0.240578,374.064838,0.190222,0.065817,0.095431,0.153843,0.315239,0.285714,0.305532,1.528952,0.764195,0.242375,0.209069,0.598242,2.489061,0.351372,0.648628,0.278293,3.979652,-0.172824,-1.367388,-0.172824,0.023479,2.638312,0.065817,1.069795,0.12639,0.948757,0.784252,0.169864,11,146.689284,10.870696,17.573164,159.397925,asof1455_from_lagged_eod,1,0.9920634920634921,0.9920634920634921,0.9682539682539683,1.0,0.0,0.0,0.0,0.0,0.0,,0.0,0.0,0.0,0.0,0.0,0.0,0.0,0.0,0.0,0.0,0.0,0.0,0.0,0.0,0.0,0.0,0.0,0.0,0.0,0.0,0.0,0.0,0.0,0.0,0.0,0.0,0.0,0.0
2026-05-07,81.4,82.0,78.79,80.41,18650099.0,0.0,0.0,74.03688097262508,65.65294991214506,4.677857142857143,0.0581750670669952,63.1936241534674,0.8331278072293471,0.5046728971961024,84.66,82.76,82.76,682562851.0,713214901.15,31424093.7576756,4900.5098,0.0271566426362868,0.0001243781094526,-0.0270322645268341,1.3624013801073398,1.7922588921468197,-0.9085356542981718,0.5046728971961024,-0.1825682185372448,-0.9754314758086844,-0.0270322645268341,0.6,0.454077161654025,0.6782700218608884,0.1981133358536426,0.0715830739547213,-0.4636554486621427,-1.1384344192951288,-0.7419984679497514,-0.2270827361730394,0.0,,,,,,,,,,,,,,,0.0575627540853261,0.1,1489889173.0,18650099,48,79.88639486578597,2026-05-08,79.10643061779713,78.76,81.67,77.31,-0.0162115331700394,-0.0097634177797011,-0.0205198358413131,81.4,81.87,78.8,80.47,18044499,1441184329.0,47,2026-05-07 14:55:00,79.86834818744482,-0.0113035999508539,0.053134406491297,0.0008706467661689,0.2712480252764613,0.5286854103343466,0.1141185836419647,0.2306821744549716,1.3170255709335488,2.0164379067363183,0.0381508636759041,asof1455,14:55,80.41,145.03116701658678,10.747818001228651,17.37452398427325,157.59615462280377,2026-04-24,2026-03-31,0.023479,0.12639,0.337236,112325434.08,0.554847,,679040802.0,679040802.0,True,2026-04-25,0.771458,116.662228,0.240578,374.064838,0.190222,0.065817,0.095431,0.153843,0.315239,0.285714,0.305532,1.528952,0.764195,0.242375,0.209069,0.598242,2.489061,0.351372,0.648628,0.278293,3.979652,-0.172824,-1.367388,-0.172824,0.023479,2.638312,0.065817,1.069795,0.12639,0.948757,0.784252,0.169864,12,144.923029,10.739804,17.361569,157.478648,asof1455_from_lagged_eod,1,0.9880952380952381,0.9880952380952381,0.9603174603174603,0.996031746031746,0.0,0.0,0.0,0.0,0.0,,0.0,0.0,0.0,0.0,0.0,0.0,0.0,0.0,0.0,0.0,0.0,0.0,0.0,0.0,0.0,0.0,0.0,0.0,0.0,0.0,0.0,0.0,0.0,0.0,0.0,0.0,0.0,0.0
2026-05-08,79.0,81.67,77.31,78.76,20481578.0,0.0,0.0,74.48670183237508,66.08268925928785,4.646428571428572,0.0589947761735463,60.0048425740713,0.905186284210378,0.3325688073393739,84.66,82.76,82.76,662081273.0,713161913.15,31509262.82185902,4871.9122,0.023896368723496,0.0299463842029554,0.0060500154794593,0.9196952243925616,1.808703705199014,-1.2697924673325456,0.3325688073393739,-0.0996145175576369,-1.6211309175587454,0.0060500154794593,0.6416666666666667,0.035343708873469,0.7334425740751495,-0.1266276897450969,-0.5203446658799524,-0.1947112746215358,-1.6244650794789537,-0.3029419769210186,-0.0268665545332377,0.0,,,,,,,,,,,,,,,0.0575627540853261,0.1,1620224529.0,20481578,48,79.10643061779713,2026-05-11,77.44575650926812,77.16,80.3,76.5,-0.0166866872870985,-0.0209929091169914,-0.0203148806500762,79.0,81.66,77.37,78.71,20040078,1585451053.0,47,2026-05-08 14:55:00,79.11401607319094,-0.0211416490486258,0.0414130722413337,0.0292925330194846,0.2922344442620259,0.5313229571984435,0.0769946499185856,0.1953044323404944,0.9152485555111404,1.706521976696399,0.0545038749841188,asof1455,14:55,78.76,141.8591171818182,10.512746832980971,16.9945168012685,154.14928969133192,2026-04-24,2026-03-31,0.023479,0.12639,0.337236,112325434.08,0.554847,,679040802.0,679040802.0,True,2026-04-25,0.771458,116.662228,0.240578,374.064838,0.190222,0.065817,0.095431,0.153843,0.315239,0.285714,0.305532,1.528952,0.764195,0.242375,0.209069,0.598242,2.489061,0.351372,0.648628,0.278293,3.979652,-0.172824,-1.367388,-0.172824,0.023479,2.638312,0.065817,1.069795,0.12639,0.948757,0.784252,0.169864,13,141.949232,10.519425,17.005312,154.247212,asof1455_from_lagged_eod,1,0.9761904761904762,0.9801587301587301,0.9365079365079365,0.9880952380952381,0.0,0.0,0.0,0.0,0.0,,0.0,0.0,0.0,0.0,0.0,0.0,0.0,0.0,0.0,0.0,0.0,0.0,0.0,0.0,0.0,0.0,0.0,0.0,0.0,0.0,0.0,0.0,0.0,0.0,0.0,0.0,0.0,0.0
2026-05-11,79.5,80.3,76.5,77.16,21938872.0,0.0,0.0,74.74130165786316,66.44587977537677,4.546428571428572,0.0589220913870984,57.00114757998243,0.9699924953914588,0.1736842105262693,84.66,82.76,82.76,640142401.0,710905686.35,34863004.13353237,4951.8366,0.0294136381185654,0.0098154691794267,-0.0195981689391386,0.5319996353481263,1.8246018280405965,-1.6496465043201398,0.1736842105262693,-0.0304669442244734,-2.0297529461019,-0.0195981689391386,0.6333333333333333,-0.3314030669703585,0.7886702145628004,-0.4716596926146664,-1.0746106498475876,0.0339837516828768,-1.904513093245592,-0.6344750350295466,-0.0520331146513,0.0,,,,,,,,,,,,,,,0.0575627540853261,0.1,1699072539.0,21938872,48,77.44575650926812,2026-05-12,75.0101349408241,75.13,77.44,74.02,-0.0278624294864683,-0.0314493870061498,-0.0263089683773976,79.5,80.08,76.5,77.22,21407172,1658035769.0,47,2026-05-11 14:55:00,77.45234956770562,-0.0195530726256983,-0.051234795429414,0.0106007067137809,0.1525373134328358,0.5345786963434023,0.0438591155179755,0.1646121981137769,0.5808180516133503,1.4600397590721674,0.0463610463610463,asof1455,14:55,77.16,139.1736883575419,10.313737918994413,16.67280589944134,151.2312050614525,2026-04-24,2026-03-31,0.023479,0.12639,0.337236,112325434.08,0.554847,,679040802.0,679040802.0,True,2026-04-25,0.771458,116.662228,0.240578,374.064838,0.190222,0.065817,0.095431,0.153843,0.315239,0.285714,0.305532,1.528952,0.764195,0.242375,0.209069,0.598242,2.489061,0.351372,0.648628,0.278293,3.979652,-0.172824,-1.367388,-0.172824,0.023479,2.638312,0.065817,1.069795,0.12639,0.948757,0.784252,0.169864,16,139.065551,10.305725,16.659851,151.113698,asof1455_from_lagged_eod,1,0.9682539682539683,0.9722222222222222,0.9047619047619048,0.9841269841269841,0.0,0.0,0.0,0.0,0.0,,0.0,0.0,0.0,0.0,0.0,0.0,0.0,0.0,0.0,0.0,0.0,0.0,0.0,0.0,0.0,0.0,0.0,0.0,0.0,0.0,0.0,0.0,0.0,0.0,0.0,0.0,0.0,0.0
2026-05-12,77.1,77.44,74.02,75.13,22619767.0,0.0,0.0,74.77832054759047,66.73060502864311,4.421428571428572,0.0588503736380741,53.35208221902722,1.0022103862555736,0.3245614035086767,84.66,82.76,82.76,617522634.0,706339792.9,40378065.18909279,4948.0465,0.0292761837194128,-0.0059539560730352,-0.0352301397924481,0.0795397792202305,1.820161829809976,-2.155411954765264,0.3245614035086767,0.0022079469457574,-2.199638801018923,-0.0352301397924481,0.6333333333333333,-0.7587451935871293,0.7745465532420283,-0.9314094775070516,-0.5478769759873683,0.141372213606112,-1.9933672299568808,-0.8311923361916781,-0.038722573659876,1.0,,,,,,,,,,,,,,,0.0575627540853261,0.1,1696711775.0,22619767,48,75.0101349408241,2026-05-13,78.90160804344704,80.5,81.68,74.82,0.050201092019793,0.05187929745351,0.0714761080793291,77.1,77.25,74.05,75.23,22093839,1657176945.0,47,2026-05-12 14:55:00,75.00629225188072,-0.0250129600829444,-0.0644198482775773,-0.0046308547234716,0.0950509461426492,0.415428033866416,0.0100223539441623,0.1269961749343346,0.1385726654143605,1.1601980603297068,0.0425362222517613,asof1455,14:55,75.13,135.58710992392432,10.047948311949199,16.243138811949198,147.33389710393988,2026-04-24,2026-03-31,0.023479,0.12639,0.337236,112325434.08,0.554847,,679040802.0,679040802.0,True,2026-04-25,0.771458,116.662228,0.240578,374.064838,0.190222,0.065817,0.095431,0.153843,0.315239,0.285714,0.305532,1.528952,0.764195,0.242375,0.209069,0.598242,2.489061,0.351372,0.648628,0.278293,3.979652,-0.172824,-1.367388,-0.172824,0.023479,2.638312,0.065817,1.069795,0.12639,0.948757,0.784252,0.169864,17,135.40688,10.034592,16.221548,147.138053,asof1455_from_lagged_eod,1,0.9365079365079365,0.9523809523809523,0.876984126984127,0.9682539682539683,0.0,0.0,0.0,0.0,0.0,,0.0,0.0,0.0,0.0,0.0,0.0,0.0,0.0,0.0,0.0,0.0,0.0,0.0,0.0,0.0,0.0,0.0,0.0,0.0,0.0,0.0,0.0,0.0,0.0,0.0,0.0,0.0,0.0
2026-05-13,75.36,81.68,74.82,80.5,28670494.0,0.0,0.0,75.32324240020091,67.18206060147449,4.670000000000002,0.0580124223602477,60.54721257817633,1.2516155745285138,0.8279883381922984,84.66,82.0,82.0,646193128.0,702110809.7,41994479.90137939,4998.3417,0.0248608125840201,-0.0109350043002826,-0.0357958168843027,1.1085134046676612,1.7432937470502516,-0.890792291220365,0.8279883381922984,0.2244351764300494,-1.3315483804375756,-0.0357958168843027,0.5916666666666667,0.2310781173191214,0.5139055659049365,0.2347949551989454,1.2039353781276716,0.8334905232386919,-1.3136928775225407,-0.828552346500535,-0.2190467804857577,0.0,,,,,,,,,,,,,,,0.0576538322803178,0.1,2262148080.0,28670494,48,78.90160804344704,2026-05-14,76.69392585653162,74.4,80.4,74.4,-0.0472804241424643,-0.0279801925671751,-0.0757763975155279,75.36,81.67,74.95,80.62,28131894,2218781060.0,47,2026-05-13 14:55:00,78.87066046815049,0.0730733395447891,0.0236160487557135,-0.0094606216979972,0.128973533118611,0.4733187134502925,0.0777354454916114,0.2011501959206783,1.1136339653423846,1.884231435368765,0.0833540064500123,asof1455,14:55,80.5,145.30151291894052,10.767853148409424,17.406910684946094,157.8899219068282,2026-04-24,2026-03-31,0.023479,0.12639,0.337236,112325434.08,0.554847,,679040802.0,679040802.0,True,2026-04-25,0.771458,116.662228,0.240578,374.064838,0.190222,0.065817,0.095431,0.153843,0.315239,0.285714,0.305532,1.528952,0.764195,0.242375,0.209069,0.598242,2.489061,0.351372,0.648628,0.278293,3.979652,-0.172824,-1.367388,-0.172824,0.023479,2.638312,0.065817,1.069795,0.12639,0.948757,0.784252,0.169864,18,145.085236,10.751825,17.381001,157.654908,asof1455_from_lagged_eod,1,0.9880952380952381,0.9880952380952381,0.9603174603174603,0.996031746031746,0.0,0.0,0.0,0.0,0.0,,0.0,0.0,0.0,0.0,0.0,0.0,0.0,0.0,0.0,0.0,0.0,0.0,0.0,0.0,0.0,0.0,0.0,0.0,0.0,0.0,0.0,0.0,0.0,0.0,0.0,0.0,0.0,0.0
2026-05-14,80.4,80.4,74.4,74.4,25810635.0,0.0,0.0,75.23531455256273,67.41871435224581,4.946428571428572,0.0664842549923186,50.93612491658501,1.1090641219704016,0.0,83.15,81.68,81.68,620382493.0,697516169.5,45510830.26101679,4914.5971,0.0028746601016897,-0.0747419475189652,-0.077616607620655,-0.1688722561137289,1.5802513040348685,-1.7689530685917,0.0,0.1035165263273992,-1.6948422179428002,-0.077616607620655,0.8416666666666667,-0.9926006840371012,-0.0412915693493878,-0.5776796111784804,-1.6814678871829003,0.4512791169157557,-1.592249298828089,-1.3570287062896078,0.9704166743184768,0.0,,,,,,,,,,,,,,,0.0576538322803178,0.1,1979518927.0,25810635,48,76.69392585653162,2026-05-15,73.85181865190998,73.74,76.37,72.67,-0.0073680288721778,-0.0370577874698742,-0.0088709677419356,80.4,80.4,74.56,74.6,25130935,1928880685.0,47,2026-05-14 14:55:00,76.75323998092391,-0.0732919254658386,-0.0331778123379989,-0.0722546946897152,0.0925600468658465,0.4177118966172557,-0.0087630133072902,0.1043889343979156,-0.1244022020163767,0.9818341187229884,0.07828418230563,asof1455,14:55,74.4,134.4516596968944,9.96380304347826,16.107113970186333,146.10007623354036,2026-04-24,2026-03-31,0.023479,0.12639,0.337236,112325434.08,0.554847,,679040802.0,679040802.0,True,2026-04-25,0.771458,116.662228,0.240578,374.064838,0.190222,0.065817,0.095431,0.153843,0.315239,0.285714,0.305532,1.528952,0.764195,0.242375,0.209069,0.598242,2.489061,0.351372,0.648628,0.278293,3.979652,-0.172824,-1.367388,-0.172824,0.023479,2.638312,0.065817,1.069795,0.12639,0.948757,0.784252,0.169864,19,134.0912,9.937091,16.063931,145.708387,asof1455_from_lagged_eod,1,0.9285714285714286,0.9444444444444444,0.8611111111111112,0.9603174603174603,0.0,0.0,0.0,0.0,0.0,,0.0,0.0,0.0,0.0,0.0,0.0,0.0,0.0,0.0,0.0,0.0,0.0,0.0,0.0,0.0,0.0,0.0,0.0,0.0,0.0,0.0,0.0,0.0,0.0,0.0,0.0,0.0,0.0
2026-05-15,75.48,76.37,72.67,73.74,17764422.0,0.0,0.0,75.09290364279485,67.62596961938529,4.805714285714287,0.0651710643573938,50.01112061136902,0.7700212082400801,0.2891891891891089,82.76,81.68,81.68,602618071.0,693123932.9,49997388.77874842,4859.5927,-0.0025286785751187,-0.0637379380396141,-0.0612092594644954,-0.2815197829834133,1.5537615387590982,-1.876932223543012,0.2891891891891089,-0.2613372213447784,-1.810211775269148,-0.0612092594644954,0.8166666666666667,-1.1047011821926962,-0.1322730715732034,-0.6867844448557924,-0.6694912450483999,-0.6832899959448095,-1.6916822168990835,-1.1639698089926676,0.8672953646369562,0.0,,,,,,,,,,,,,,,0.0576538322803178,0.1,1311934872.0,17764422,48,73.85181865190998,2026-05-18,73.583623294697,73.01,75.62,71.8,-0.0021206496515187,-0.0036315335506776,-0.0098996474098181,75.48,76.21,72.67,73.66,17386522,1284084965.0,47,2026-05-15 14:55:00,73.85519455817558,-0.0099462365591399,-0.0195660854518834,-0.0647536820721179,0.1030248577418389,0.4170834936514045,-0.0252165340003044,0.0846442682896899,-0.3765194543249686,0.8252903336258601,0.0480586478414335,asof1455,14:55,73.74,132.75749720430105,9.8382543422043,15.904155342204298,144.25913691424728,2026-04-24,2026-03-31,0.023479,0.12639,0.337236,112325434.08,0.554847,,679040802.0,679040802.0,True,2026-04-25,0.771458,116.662228,0.240578,374.064838,0.190222,0.065817,0.095431,0.153843,0.315239,0.285714,0.305532,1.528952,0.764195,0.242375,0.209069,0.598242,2.489061,0.351372,0.648628,0.278293,3.979652,-0.172824,-1.367388,-0.172824,0.023479,2.638312,0.065817,1.069795,0.12639,0.948757,0.784252,0.169864,20,132.901681,9.848939,15.921429,144.415813,asof1455_from_lagged_eod,1,0.9206349206349206,0.9325396825396826,0.8412698412698413,0.9563492063492064,0.0,0.0,0.0,0.0,0.0,,0.0,0.0,0.0,0.0,0.0,0.0,0.0,0.0,0.0,0.0,0.0,0.0,0.0,0.0,0.0,0.0,0.0,0.0,0.0,0.0,0.0,0.0,0.0,0.0,0.0,0.0,0.0,0.0
2026-05-18,72.28,75.62,71.8,73.01,18217657.0,0.0,0.0,74.89453186729058,67.80249520563495,4.539285714285716,0.0621734791711499,48.95222321465873,0.7933175572169016,0.3167539267014892,82.76,81.68,81.68,584400414.0,688837848.95,55190165.02265181,4833.5237,-0.0238927310323607,-0.0537843442198029,-0.0298916131874421,-0.4151604428333948,1.5623684227089984,-2.147915027536898,0.3167539267014892,-0.2315316870435012,-1.892319671577999,-0.0298916131874421,0.775,-1.2327907296765153,-0.1041069194446891,-0.9459195155136167,-0.5742915670640107,-0.5854125734561074,-1.7464461063083567,-0.7709457881917807,0.6836255943210131,0.0,,,,,,,,,,,,,,,0.0578620947896667,0.1,1340521210.0,18217657,48,73.583623294697,2026-05-19,71.55533920027901,73.1,74.22,69.9,-0.0199241309371455,-0.0275643411346416,0.0012327078482399,72.28,75.61,71.81,73.09,17924493,1319116288.0,47,2026-05-18 14:55:00,73.59294837516464,-0.0088147545429887,-0.0920496894409937,-0.0527475375842404,0.1242885709890786,0.2782441413081498,-0.0371936480336171,0.0705340708807116,-0.6047516329776702,0.7201315582691799,0.0519906964016965,asof1455,14:55,73.01,131.7301853036344,9.76212302020613,15.781085511391376,143.14282305627884,2026-04-24,2026-03-31,0.023479,0.12639,0.337236,112325434.08,0.554847,,679040802.0,679040802.0,True,2026-04-25,0.771458,116.662228,0.240578,374.064838,0.190222,0.065817,0.095431,0.153843,0.315239,0.285714,0.305532,1.528952,0.764195,0.242375,0.209069,0.598242,2.489061,0.351372,0.648628,0.278293,3.979652,-0.172824,-1.367388,-0.172824,0.023479,2.638312,0.065817,1.069795,0.12639,0.948757,0.784252,0.169864,23,131.587229,9.751529,15.763959,142.987481,asof1455_from_lagged_eod,1,0.9087301587301587,0.9206349206349206,0.8214285714285714,0.9523809523809523,0.0,0.0,0.0,0.0,0.0,,0.0,0.0,0.0,0.0,0.0,0.0,0.0,0.0,0.0,0.0,0.0,0.0,0.0,0.0,0.0,0.0,0.0,0.0,0.0,0.0,0.0,0.0,0.0,0.0,0.0,0.0,0.0,0.0
2026-05-19,74.18,74.22,69.9,73.1,16802610.0,0.0,0.0,74.72362407040576,67.9761838874174,4.5150000000000015,0.0617647058823521,49.09532639458941,0.7473511517761177,0.7407407407405678,82.76,81.68,81.68,601203024.0,684070760.15,58345972.029583625,4852.8832,-0.0192324991286966,-0.0270198322906961,-0.0077873331619995,-0.3596066601119397,1.4944496529317517,-2.139534883720458,0.7407407407405678,-0.2912201216046252,-1.4202820394865112,-0.0077873331619995,0.775,-1.1787500283411725,-0.3389967644361614,-0.9446512411797482,0.8883369318752149,-0.7708690633560025,-1.3765339320917978,-0.4896143830677903,0.699798275027352,0.0,,,,,,,,,,,,,,,0.0580937447136214,0.1,1202316458.0,16802610,48,71.55533920027901,2026-05-20,72.280472389149,73.49,73.7,70.91,-0.0112110480280573,0.0101338795535632,0.0053351573187414,74.18,74.18,69.91,73.05,16549010,1183780060.0,47,2026-05-19 14:55:00,71.53177501252341,0.0005478701547732,-0.0181451612903227,-0.0276853454013044,0.058695652173913,0.1944081098757357,-0.0427643863798673,0.0658295013240797,-0.8129474931809635,0.6882765694870612,0.0584531143052705,asof1455,14:55,73.1,131.65932171551842,9.756871571702504,15.772595602657168,143.0658195733461,2026-04-24,2026-03-31,0.023479,0.12639,0.337236,112325434.08,0.554847,,679040802.0,679040802.0,True,2026-04-25,0.771458,116.662228,0.240578,374.064838,0.190222,0.065817,0.095431,0.153843,0.315239,0.285714,0.305532,1.528952,0.764195,0.242375,0.209069,0.598242,2.489061,0.351372,0.648628,0.278293,3.979652,-0.172824,-1.367388,-0.172824,0.023479,2.638312,0.065817,1.069795,0.12639,0.948757,0.784252,0.169864,24,131.749437,9.76355,15.783392,143.163743,asof1455_from_lagged_eod,1,0.9047619047619048,0.9166666666666666,0.8174603174603174,0.9484126984126984,0.0,0.0,0.0,0.0,0.0,,0.0,0.0,0.0,0.0,0.0,0.0,0.0,0.0,0.0,0.0,0.0,0.0,0.0,0.0,0.0,0.0,0.0,0.0,0.0,0.0,0.0,0.0,0.0,0.0,0.0,0.0,0.0,0.0
2026-05-20,73.0,73.7,70.91,73.49,20708181.0,0.0,0.0,74.60613606370045,68.15696474356764,4.437857142857145,0.060387224695293,49.75266967104943,0.929531703390606,0.9247311827953648,82.76,80.4,80.4,621911205.0,679098865.65,59188170.43565952,4850.7,-0.0295381366183908,-0.0870807453416149,-0.057542608723224,-0.2515033782681925,1.4532174228527102,-2.088845968130868,0.9247311827953648,-0.0730743643973478,-0.9662008511002348,-0.057542608723224,0.7666666666666667,-1.0708867240463893,-0.4833432074863074,-0.8990056398271568,1.5150580214004157,-0.0909607336402187,-1.0235637155262411,-1.1501888485964835,0.6742982893578635,0.0,,,,,,,,,,,,,,,0.0583119029716521,0.1,1496797105.0,20708181,48,72.280472389149,2026-05-21,73.72756244030037,71.67,75.49,71.28,0.0032325818519578,0.0200204841407292,-0.0247652741869641,73.0,73.69,70.92,73.55,20360922,1471275913.0,47,2026-05-20 14:55:00,72.25978828463661,0.006155950752394,-0.0025766205587197,-0.0863354037267081,0.0344585091420535,0.2023867909105769,-0.0387945398825121,0.0700179184963012,-0.7957735044981594,0.7393743203331552,0.037661454792658,asof1455,14:55,73.49,132.56048004582763,9.823653932968538,15.88055378385773,144.04505195143642,2026-04-24,2026-03-31,0.023479,0.12639,0.337236,112325434.08,0.554847,,679040802.0,679040802.0,True,2026-04-25,0.771458,116.662228,0.240578,374.064838,0.190222,0.065817,0.095431,0.153843,0.315239,0.285714,0.305532,1.528952,0.764195,0.242375,0.209069,0.598242,2.489061,0.351372,0.648628,0.278293,3.979652,-0.172824,-1.367388,-0.172824,0.023479,2.638312,0.065817,1.069795,0.12639,0.948757,0.784252,0.169864,25,132.452341,9.81564,15.867599,143.927544,asof1455_from_lagged_eod,1,0.9166666666666666,0.9285714285714286,0.8333333333333334,0.9523809523809523,0.0,0.0,0.0,0.0,0.0,,0.0,0.0,0.0,0.0,0.0,0.0,0.0,0.0,0.0,0.0,0.0,0.0,0.0,0.0,0.0,0.0,0.0,0.0,0.0,0.0,0.0,0.0,0.0,0.0,0.0,0.0,0.0,0.0
2026-05-21,73.9,75.49,71.28,71.67,17926203.0,0.0,0.0,74.32650405763374,68.2721462273851,4.356428571428572,0.0607845482269919,46.7206310265352,0.8061098622305675,0.0926365795724248,82.0,76.37,76.37,603985002.0,672294187.05,59608004.93868558,4783.0976,-0.0267569237771291,-0.0366935483870968,-0.0099366246099676,-0.6097894213291328,1.389752576216783,-2.3712083948182774,0.0926365795724248,-0.215535240267277,-1.145973349053783,-0.0099366246099676,0.7833333333333333,-1.409076285763982,-0.7028569109052701,-1.1698548231818142,-1.3560068247778785,-0.5631072249767767,-1.1581728018355033,-0.520533316391812,0.7711999947885242,0.0,,,,,,,,,,,,,,,0.0586495562571916,0.1,1321655251.0,17926203,48,73.72756244030037,2026-05-22,70.87497991647268,70.89,72.4,69.74,-0.011092787547472,-0.0386908563013665,-0.0108832147341983,73.9,75.49,71.28,71.5,17565128,1295773397.0,47,2026-05-21 14:55:00,73.7696529737785,-0.0270785140835486,-0.0206820983426928,-0.0389784946236559,0.000139879703455,0.0625650170902065,-0.0670424593543673,0.0370961308336657,-1.4309987040584184,0.3958040795882834,0.0588811188811187,asof1455,14:55,71.67,128.8657284188325,9.549847054020956,15.437927997006398,140.03019997278545,2026-04-24,2026-03-31,0.023479,0.12639,0.337236,112325434.08,0.554847,,679040802.0,679040802.0,True,2026-04-25,0.771458,116.662228,0.240578,374.064838,0.190222,0.065817,0.095431,0.153843,0.315239,0.285714,0.305532,1.528952,0.764195,0.242375,0.209069,0.598242,2.489061,0.351372,0.648628,0.278293,3.979652,-0.172824,-1.367388,-0.172824,0.023479,2.638312,0.065817,1.069795,0.12639,0.948757,0.784252,0.169864,26,129.172123,9.572553,15.474633,140.363139,asof1455_from_lagged_eod,1,0.8690476190476191,0.9047619047619048,0.7976190476190477,0.9404761904761905,0.0,0.0,0.0,0.0,0.0,,0.0,0.0,0.0,0.0,0.0,0.0,0.0,0.0,0.0,0.0,0.0,0.0,0.0,0.0,0.0,0.0,0.0,0.0,0.0,0.0,0.0,0.0,0.0,0.0,0.0,0.0,0.0,0.0
2026-05-22,72.0,72.4,69.74,70.89,17862898.0,0.0,0.0,73.99921795690672,68.35797749861837,4.3014285714285725,0.0606775084134364,45.44246255998455,0.7985491294700823,0.432330827067507,81.68,75.62,75.62,586122104.0,665358232.95,61141056.85559658,4845.0956,-0.0029831923979967,-0.0386493083807972,-0.0356661159828005,-0.722833799347126,1.3114806777817758,-2.508468947193041,0.432330827067507,-0.2249587860186856,-1.2959561549147007,-0.0356661159828005,0.7833333333333333,-1.51684859404841,-0.97421468091174,-1.3137960679033005,-0.1972138274067591,-0.5991569695618798,-1.2712709056250842,-0.860495792008583,0.7878801935899642,1.0,,,,,,,,,,,,,,,0.0588862325125862,0.1,1266032537.0,17862898,48,70.87497991647268,2026-05-25,73.17042587062926,73.57,74.1,71.78,0.0321685127751341,0.0323872536805203,0.0378050500775848,72.0,72.4,69.78,71.01,17326678,1227988671.0,47,2026-05-22 14:55:00,70.87271264578241,-0.0092088740058601,-0.0285909712722296,-0.0370219690805531,0.0046689303904923,0.0939762748420891,-0.0735449528357272,0.0288993052285357,-1.5755548722161496,0.3084029814284887,0.0368962118011548,asof1455,14:55,70.89,127.98259319422353,9.484400565508581,15.332129054416075,139.07055253788195,2026-04-24,2026-03-31,0.023479,0.12639,0.337236,112325434.08,0.554847,,679040802.0,679040802.0,True,2026-04-25,0.771458,116.662228,0.240578,374.064838,0.190222,0.065817,0.095431,0.153843,0.315239,0.285714,0.305532,1.528952,0.764195,0.242375,0.209069,0.598242,2.489061,0.351372,0.648628,0.278293,3.979652,-0.172824,-1.367388,-0.172824,0.023479,2.638312,0.065817,1.069795,0.12639,0.948757,0.784252,0.169864,27,127.766315,9.468373,15.306219,138.835536,asof1455_from_lagged_eod,1,0.8531746031746031,0.8928571428571429,0.7777777777777778,0.9365079365079365,0.0,0.0,0.0,0.0,0.0,,0.0,0.0,0.0,0.0,0.0,0.0,0.0,0.0,0.0,0.0,0.0,0.0,0.0,0.0,0.0,0.0,0.0,0.0,0.0,0.0,0.0,0.0,0.0,0.0,0.0,0.0,0.0,0.0
2026-05-25,71.92,74.1,71.78,73.57,18191440.0,0.0,0.0,73.95834005624893,68.52886348227022,4.260000000000001,0.0579040369715909,50.45758401721232,0.8240982703655292,0.7715517241375973,81.68,75.49,75.49,604313544.0,658127445.55,59355380.159750246,4921.5974,0.0182214271546863,0.0076701821668263,-0.0105512449878599,-0.0911596376170996,1.2745250173655935,-1.903755868544157,0.7715517241375973,-0.1934654960312507,-0.9066389837814895,-0.0105512449878599,0.5916666666666667,-0.9211678386153676,-1.1021245394880812,-0.7627441350770927,0.9686916397343236,-0.505078942637382,-0.9713028797244012,-0.5241275832341393,-0.1640792948220519,0.0,,,,,,,,,,,,,,,0.0588862325125862,0.1,1331075412.0,18191440,48,73.17042587062926,,,,,,,,,71.92,74.08,71.8,73.54,17772740,1300275884.0,47,2026-05-25 14:55:00,73.16125054437302,0.0373818592185075,0.0006803646754662,0.0072592795507464,-0.0253147779986745,0.0904507710557533,-0.0406679059452759,0.0640211627452731,-0.8755727630384603,0.6861053770788963,0.0310035354908893,asof1455,14:55,73.57,132.5424574001975,9.822318386514318,15.878393923825646,144.02546646127803,2026-04-24,2026-03-31,0.023479,0.12639,0.337236,112325434.08,0.554847,,679040802.0,679040802.0,True,2026-04-25,0.771458,116.662228,0.240578,374.064838,0.190222,0.065817,0.095431,0.153843,0.315239,0.285714,0.305532,1.528952,0.764195,0.242375,0.209069,0.598242,2.489061,0.351372,0.648628,0.278293,3.979652,-0.172824,-1.367388,-0.172824,0.023479,2.638312,0.065817,1.069795,0.12639,0.948757,0.784252,0.169864,30,132.596527,9.826325,15.884872,144.084221,asof1455_from_lagged_eod,1,0.9126984126984127,0.9246031746031746,0.8293650793650794,0.9484126984126984,0.0,0.0,0.0,0.0,0.0,,0.0,0.0,0.0,0.0,0.0,0.0,0.0,0.0,0.0,0.0,0.0,0.0,0.0,0.0,0.0,0.0,0.0,0.0,0.0,0.0,0.0,0.0,0.0,0.0,0.0,0.0,0.0,0.0
