raw_code,stock_code,label_mode,entry_policy,search_dir,summary_file,feature_group,model_name,target_hit_bps,trades,win_rate,avg_return,median_return,compound_return,max_drawdown,profit_factor,windows,sample_file,intraday_bars,feature_pipeline,external,entry_vwap_premium_bps,rank_score
601100,601100.SH,close_profit,vwap_low,/root/stock_realtime_v021_full/saved_data/601100_pipeline_out_v2_new27_full/10_search/search_vwap_low_close_profit_50bps,/root/stock_realtime_v021_full/saved_data/601100_pipeline_out_v2_new27_full/10_search/search_vwap_low_close_profit_50bps/summary_50bps.csv,reversal_fundamental_regime,random_forest_600_d4,50.0,134,0.5074626865671642,0.0047234764488197,0.0034070426345862,0.7794366858156752,-0.1472100508283553,1.5589067005456043,10,/root/stock_realtime_v021_full/saved_data/601100_pipeline_out_v2_new27_full/04_external/aero_nuclear_equipment/training_samples_with_aero_nuclear_equipment_external.csv,/root/stock_realtime_v021_full/saved_data/601100_pipeline_out_v2_new27_full/00_base/601100_5m.csv,"fundamental,sector",aero_nuclear_equipment,50.0,0.01787568027861878
601100,601100.SH,close_profit,vwap_low,/root/stock_realtime_v021_full/saved_data/601100_pipeline_out_v2_new27_full/10_search/search_vwap_low_close_profit_50bps,/root/stock_realtime_v021_full/saved_data/601100_pipeline_out_v2_new27_full/10_search/search_vwap_low_close_profit_50bps/summary_50bps.csv,reversal_fundamental_regime,xgb_d3_600_lr002_mcw3,50.0,154,0.487012987012987,0.0036954659412874,-0.000354079251728,0.6823999061223336,-0.1430907772384254,1.506835577136849,10,/root/stock_realtime_v021_full/saved_data/601100_pipeline_out_v2_new27_full/04_external/aero_nuclear_equipment/training_samples_with_aero_nuclear_equipment_external.csv,/root/stock_realtime_v021_full/saved_data/601100_pipeline_out_v2_new27_full/00_base/601100_5m.csv,"fundamental,sector",aero_nuclear_equipment,50.0,0.010086831991644694
601100,601100.SH,close_profit,vwap_low,/root/stock_realtime_v021_full/saved_data/601100_pipeline_out_v2_new27_full/10_search/search_vwap_low_close_profit_50bps,/root/stock_realtime_v021_full/saved_data/601100_pipeline_out_v2_new27_full/10_search/search_vwap_low_close_profit_50bps/summary_50bps.csv,reversal_fundamental_regime_sector,xgb_d4_500_lr002_mcw5,50.0,153,0.4640522875816993,0.0037694136223554,-0.001886247139588,0.6789054945823332,-0.1605326787730299,1.472064804400154,10,/root/stock_realtime_v021_full/saved_data/601100_pipeline_out_v2_new27_full/04_external/aero_nuclear_equipment/training_samples_with_aero_nuclear_equipment_external.csv,/root/stock_realtime_v021_full/saved_data/601100_pipeline_out_v2_new27_full/00_base/601100_5m.csv,"fundamental,sector",aero_nuclear_equipment,50.0,0.006491901841582701
601100,601100.SH,close_profit,vwap_low,/root/stock_realtime_v021_full/saved_data/601100_pipeline_out_v2_new27_full/10_search/search_vwap_low_close_profit_50bps,/root/stock_realtime_v021_full/saved_data/601100_pipeline_out_v2_new27_full/10_search/search_vwap_low_close_profit_50bps/summary_50bps.csv,reversal_fundamental_regime,xgb_d2_200_lr003_mcw5,50.0,129,0.4961240310077519,0.0033463264147756,-1.6837187930770326e-05,0.4729765885738486,-0.1469560860654074,1.4301524377960826,10,/root/stock_realtime_v021_full/saved_data/601100_pipeline_out_v2_new27_full/04_external/aero_nuclear_equipment/training_samples_with_aero_nuclear_equipment_external.csv,/root/stock_realtime_v021_full/saved_data/601100_pipeline_out_v2_new27_full/00_base/601100_5m.csv,"fundamental,sector",aero_nuclear_equipment,50.0,0.0012679404929302751
601100,601100.SH,close_profit,all_days,/root/stock_realtime_v021_full/saved_data/601100_pipeline_out_v2_new27_full/10_search/search_all_days_close_profit_50bps,/root/stock_realtime_v021_full/saved_data/601100_pipeline_out_v2_new27_full/10_search/search_all_days_close_profit_50bps/summary_50bps.csv,reversal_fundamental_regime,extra_trees_600_d3,50.0,163,0.5030674846625767,0.0032611699802949,0.0004456371844858,0.598234001508781,-0.1808489883213621,1.383542495165423,10,/root/stock_realtime_v021_full/saved_data/601100_pipeline_out_v2_new27_full/04_external/aero_nuclear_equipment/training_samples_with_aero_nuclear_equipment_external.csv,/root/stock_realtime_v021_full/saved_data/601100_pipeline_out_v2_new27_full/00_base/601100_5m.csv,"fundamental,sector",aero_nuclear_equipment,50.0,-0.0035764159804166015
601100,601100.SH,close_profit,vwap_low,/root/stock_realtime_v021_full/saved_data/601100_pipeline_out_v2_new27_full/10_search/search_vwap_low_close_profit_50bps,/root/stock_realtime_v021_full/saved_data/601100_pipeline_out_v2_new27_full/10_search/search_vwap_low_close_profit_50bps/summary_50bps.csv,reversal_fundamental_regime,lgbm_leaves15_700,50.0,174,0.4597701149425287,0.0027419432679204,-0.0019661121054897,0.523607618723825,-0.1589938045494361,1.3366332556118754,10,/root/stock_realtime_v021_full/saved_data/601100_pipeline_out_v2_new27_full/04_external/aero_nuclear_equipment/training_samples_with_aero_nuclear_equipment_external.csv,/root/stock_realtime_v021_full/saved_data/601100_pipeline_out_v2_new27_full/00_base/601100_5m.csv,"fundamental,sector",aero_nuclear_equipment,50.0,-0.0035797353473015006
601100,601100.SH,close_profit,vwap_low,/root/stock_realtime_v021_full/saved_data/601100_pipeline_out_v2_new27_full/10_search/search_vwap_low_close_profit_50bps,/root/stock_realtime_v021_full/saved_data/601100_pipeline_out_v2_new27_full/10_search/search_vwap_low_close_profit_50bps/summary_50bps.csv,reversal_fundamental_regime_sector,xgb_d2_200_lr003_mcw5,50.0,158,0.4620253164556962,0.0037471183126777,-0.0013226363520809,0.7001721635660161,-0.2071719133487493,1.4876569899212666,10,/root/stock_realtime_v021_full/saved_data/601100_pipeline_out_v2_new27_full/04_external/aero_nuclear_equipment/training_samples_with_aero_nuclear_equipment_external.csv,/root/stock_realtime_v021_full/saved_data/601100_pipeline_out_v2_new27_full/00_base/601100_5m.csv,"fundamental,sector",aero_nuclear_equipment,50.0,-0.004692431497746882
601100,601100.SH,close_profit,vwap_low,/root/stock_realtime_v021_full/saved_data/601100_pipeline_out_v2_new27_full/10_search/search_vwap_low_close_profit_50bps,/root/stock_realtime_v021_full/saved_data/601100_pipeline_out_v2_new27_full/10_search/search_vwap_low_close_profit_50bps/summary_50bps.csv,reversal_fundamental_regime_sector,xgb_d3_400_lr003_mcw3,50.0,170,0.4588235294117647,0.0022658008479087,-0.0013226363520809,0.3967933896536637,-0.1376580520277296,1.3013436934993858,10,/root/stock_realtime_v021_full/saved_data/601100_pipeline_out_v2_new27_full/04_external/aero_nuclear_equipment/training_samples_with_aero_nuclear_equipment_external.csv,/root/stock_realtime_v021_full/saved_data/601100_pipeline_out_v2_new27_full/00_base/601100_5m.csv,"fundamental,sector",aero_nuclear_equipment,50.0,-0.004872084332139207
601100,601100.SH,close_profit,vwap_low,/root/stock_realtime_v021_full/saved_data/601100_pipeline_out_v2_new27_full/10_search/search_vwap_low_close_profit_50bps,/root/stock_realtime_v021_full/saved_data/601100_pipeline_out_v2_new27_full/10_search/search_vwap_low_close_profit_50bps/summary_50bps.csv,reversal_fundamental_regime,xgb_d3_400_lr003_mcw3,50.0,146,0.4383561643835616,0.0028246629922993,-0.0024359172568602,0.4399501248434223,-0.1607840412313428,1.3449425321031243,10,/root/stock_realtime_v021_full/saved_data/601100_pipeline_out_v2_new27_full/04_external/aero_nuclear_equipment/training_samples_with_aero_nuclear_equipment_external.csv,/root/stock_realtime_v021_full/saved_data/601100_pipeline_out_v2_new27_full/00_base/601100_5m.csv,"fundamental,sector",aero_nuclear_equipment,50.0,-0.006065477511972048
601100,601100.SH,hit,all_days,/root/stock_realtime_v021_full/saved_data/601100_pipeline_out_v2_new27_full/10_search/search_all_days_hit_80bps,/root/stock_realtime_v021_full/saved_data/601100_pipeline_out_v2_new27_full/10_search/search_all_days_hit_80bps/summary_80bps.csv,reversal_fundamental_regime_sector,xgb_d3_600_lr002_mcw3,80.0,183,0.7540983606557377,0.001242785047193,0.008,0.2350922236153803,-0.091967816263858,1.2653611326013177,10,/root/stock_realtime_v021_full/saved_data/601100_pipeline_out_v2_new27_full/04_external/aero_nuclear_equipment/training_samples_with_aero_nuclear_equipment_external.csv,/root/stock_realtime_v021_full/saved_data/601100_pipeline_out_v2_new27_full/00_base/601100_5m.csv,"fundamental,sector",aero_nuclear_equipment,50.0,-0.006179869565363424
601100,601100.SH,close_profit,vwap_low,/root/stock_realtime_v021_full/saved_data/601100_pipeline_out_v2_new27_full/10_search/search_vwap_low_close_profit_50bps,/root/stock_realtime_v021_full/saved_data/601100_pipeline_out_v2_new27_full/10_search/search_vwap_low_close_profit_50bps/summary_50bps.csv,all_no_ak,random_forest_600_d4,50.0,139,0.4820143884892086,0.002409845997606,-0.0011393679720822,0.3339919698956848,-0.1435522528381376,1.2865941673075574,10,/root/stock_realtime_v021_full/saved_data/601100_pipeline_out_v2_new27_full/04_external/aero_nuclear_equipment/training_samples_with_aero_nuclear_equipment_external.csv,/root/stock_realtime_v021_full/saved_data/601100_pipeline_out_v2_new27_full/00_base/601100_5m.csv,"fundamental,sector",aero_nuclear_equipment,50.0,-0.007476397915632777
601100,601100.SH,close_profit,vwap_low,/root/stock_realtime_v021_full/saved_data/601100_pipeline_out_v2_new27_full/10_search/search_vwap_low_close_profit_50bps,/root/stock_realtime_v021_full/saved_data/601100_pipeline_out_v2_new27_full/10_search/search_vwap_low_close_profit_50bps/summary_50bps.csv,reversal_fundamental_regime,extra_trees_600_d3,50.0,149,0.5033557046979866,0.0029429655144496,0.0004456371844858,0.4702186005014217,-0.1748217315087793,1.3635756936658014,10,/root/stock_realtime_v021_full/saved_data/601100_pipeline_out_v2_new27_full/04_external/aero_nuclear_equipment/training_samples_with_aero_nuclear_equipment_external.csv,/root/stock_realtime_v021_full/saved_data/601100_pipeline_out_v2_new27_full/00_base/601100_5m.csv,"fundamental,sector",aero_nuclear_equipment,50.0,-0.0077819606498794325
601100,601100.SH,close_profit,all_days,/root/stock_realtime_v021_full/saved_data/601100_pipeline_out_v2_new27_full/10_search/search_all_days_close_profit_50bps,/root/stock_realtime_v021_full/saved_data/601100_pipeline_out_v2_new27_full/10_search/search_all_days_close_profit_50bps/summary_50bps.csv,all_no_ak,random_forest_600_d4,50.0,148,0.4932432432432432,0.0028432920088198,-0.0001699999999999,0.4398873797846514,-0.1707959522316897,1.325173766769743,10,/root/stock_realtime_v021_full/saved_data/601100_pipeline_out_v2_new27_full/04_external/aero_nuclear_equipment/training_samples_with_aero_nuclear_equipment_external.csv,/root/stock_realtime_v021_full/saved_data/601100_pipeline_out_v2_new27_full/00_base/601100_5m.csv,"fundamental,sector",aero_nuclear_equipment,50.0,-0.008108847870031556
601100,601100.SH,hit,vwap_low,/root/stock_realtime_v021_full/saved_data/601100_pipeline_out_v2_new27_full/10_search/search_vwap_low_hit_80bps,/root/stock_realtime_v021_full/saved_data/601100_pipeline_out_v2_new27_full/10_search/search_vwap_low_hit_80bps/summary_80bps.csv,reversal_fundamental_regime_sector,xgb_d3_600_lr002_mcw3,80.0,154,0.7402597402597403,0.0010432304798248,0.008,0.1588085289256733,-0.0893396906960179,1.2195286295104846,10,/root/stock_realtime_v021_full/saved_data/601100_pipeline_out_v2_new27_full/04_external/aero_nuclear_equipment/training_samples_with_aero_nuclear_equipment_external.csv,/root/stock_realtime_v021_full/saved_data/601100_pipeline_out_v2_new27_full/00_base/601100_5m.csv,"fundamental,sector",aero_nuclear_equipment,50.0,-0.009388772881828258
601100,601100.SH,close_profit,all_days,/root/stock_realtime_v021_full/saved_data/601100_pipeline_out_v2_new27_full/10_search/search_all_days_close_profit_50bps,/root/stock_realtime_v021_full/saved_data/601100_pipeline_out_v2_new27_full/10_search/search_all_days_close_profit_50bps/summary_50bps.csv,reversal_fundamental_regime,xgb_d3_600_lr002_mcw3,50.0,183,0.4863387978142076,0.0028572004370909,-0.0003479359430604,0.5895976244141616,-0.1950032186731903,1.3619336230143233,10,/root/stock_realtime_v021_full/saved_data/601100_pipeline_out_v2_new27_full/04_external/aero_nuclear_equipment/training_samples_with_aero_nuclear_equipment_external.csv,/root/stock_realtime_v021_full/saved_data/601100_pipeline_out_v2_new27_full/00_base/601100_5m.csv,"fundamental,sector",aero_nuclear_equipment,50.0,-0.010099313574144751
601100,601100.SH,close_profit,all_days,/root/stock_realtime_v021_full/saved_data/601100_pipeline_out_v2_new27_full/10_search/search_all_days_close_profit_50bps,/root/stock_realtime_v021_full/saved_data/601100_pipeline_out_v2_new27_full/10_search/search_all_days_close_profit_50bps/summary_50bps.csv,reversal_fundamental_regime,xgb_d3_400_lr003_mcw3,50.0,126,0.4603174603174603,0.0031139020768618,-0.0019453864573376,0.4213545139425225,-0.1851560586474143,1.395953410503899,10,/root/stock_realtime_v021_full/saved_data/601100_pipeline_out_v2_new27_full/04_external/aero_nuclear_equipment/training_samples_with_aero_nuclear_equipment_external.csv,/root/stock_realtime_v021_full/saved_data/601100_pipeline_out_v2_new27_full/00_base/601100_5m.csv,"fundamental,sector",aero_nuclear_equipment,50.0,-0.01133555053911156
601100,601100.SH,close_profit,all_days,/root/stock_realtime_v021_full/saved_data/601100_pipeline_out_v2_new27_full/10_search/search_all_days_close_profit_50bps,/root/stock_realtime_v021_full/saved_data/601100_pipeline_out_v2_new27_full/10_search/search_all_days_close_profit_50bps/summary_50bps.csv,reversal_fundamental_regime,random_forest_600_d4,50.0,148,0.4797297297297297,0.0031541397442781,-0.0022381874507047,0.5006204245080541,-0.2062202182082128,1.3457205357424935,10,/root/stock_realtime_v021_full/saved_data/601100_pipeline_out_v2_new27_full/04_external/aero_nuclear_equipment/training_samples_with_aero_nuclear_equipment_external.csv,/root/stock_realtime_v021_full/saved_data/601100_pipeline_out_v2_new27_full/00_base/601100_5m.csv,"fundamental,sector",aero_nuclear_equipment,50.0,-0.01318328844841473
601100,601100.SH,hit,all_days,/root/stock_realtime_v021_full/saved_data/601100_pipeline_out_v2_new27_full/10_search/search_all_days_hit_80bps,/root/stock_realtime_v021_full/saved_data/601100_pipeline_out_v2_new27_full/10_search/search_all_days_hit_80bps/summary_80bps.csv,reversal_fundamental_regime,xgb_d3_600_lr002_mcw3,80.0,183,0.726775956284153,0.0010812891069884,0.008,0.2002643835214534,-0.1135163903531671,1.236749893568218,10,/root/stock_realtime_v021_full/saved_data/601100_pipeline_out_v2_new27_full/04_external/aero_nuclear_equipment/training_samples_with_aero_nuclear_equipment_external.csv,/root/stock_realtime_v021_full/saved_data/601100_pipeline_out_v2_new27_full/00_base/601100_5m.csv,"fundamental,sector",aero_nuclear_equipment,50.0,-0.013751689673039184
601100,601100.SH,close_profit,vwap_low,/root/stock_realtime_v021_full/saved_data/601100_pipeline_out_v2_new27_full/10_search/search_vwap_low_close_profit_50bps,/root/stock_realtime_v021_full/saved_data/601100_pipeline_out_v2_new27_full/10_search/search_vwap_low_close_profit_50bps/summary_50bps.csv,reversal_fundamental_regime_sector,extra_trees_600_d3,50.0,103,0.4660194174757281,0.0030879635311827,-0.0023622428330523,0.3163365839521228,-0.1853405032711412,1.3657810141418336,10,/root/stock_realtime_v021_full/saved_data/601100_pipeline_out_v2_new27_full/04_external/aero_nuclear_equipment/training_samples_with_aero_nuclear_equipment_external.csv,/root/stock_realtime_v021_full/saved_data/601100_pipeline_out_v2_new27_full/00_base/601100_5m.csv,"fundamental,sector",aero_nuclear_equipment,50.0,-0.014995718782852815
601100,601100.SH,hit,all_days,/root/stock_realtime_v021_full/saved_data/601100_pipeline_out_v2_new27_full/10_search/search_all_days_hit_80bps,/root/stock_realtime_v021_full/saved_data/601100_pipeline_out_v2_new27_full/10_search/search_all_days_hit_80bps/summary_80bps.csv,reversal_fundamental_regime_sector,xgb_d3_400_lr003_mcw3,80.0,192,0.7447916666666666,0.0011946689270103,0.008,0.2351739633951335,-0.1294619908227324,1.2562549064936686,10,/root/stock_realtime_v021_full/saved_data/601100_pipeline_out_v2_new27_full/04_external/aero_nuclear_equipment/training_samples_with_aero_nuclear_equipment_external.csv,/root/stock_realtime_v021_full/saved_data/601100_pipeline_out_v2_new27_full/00_base/601100_5m.csv,"fundamental,sector",aero_nuclear_equipment,50.0,-0.015811679467238028
601100,601100.SH,hit,vwap_low,/root/stock_realtime_v021_full/saved_data/601100_pipeline_out_v2_new27_full/10_search/search_vwap_low_hit_80bps,/root/stock_realtime_v021_full/saved_data/601100_pipeline_out_v2_new27_full/10_search/search_vwap_low_hit_80bps/summary_80bps.csv,reversal_fundamental_regime,xgb_d3_600_lr002_mcw3,80.0,172,0.7209302325581395,0.0008225501748245,0.008,0.1350711122603107,-0.1135163903531671,1.172493109120874,10,/root/stock_realtime_v021_full/saved_data/601100_pipeline_out_v2_new27_full/04_external/aero_nuclear_equipment/training_samples_with_aero_nuclear_equipment_external.csv,/root/stock_realtime_v021_full/saved_data/601100_pipeline_out_v2_new27_full/00_base/601100_5m.csv,"fundamental,sector",aero_nuclear_equipment,50.0,-0.017591453179160735
601100,601100.SH,hit,vwap_low,/root/stock_realtime_v021_full/saved_data/601100_pipeline_out_v2_new27_full/10_search/search_vwap_low_hit_80bps,/root/stock_realtime_v021_full/saved_data/601100_pipeline_out_v2_new27_full/10_search/search_vwap_low_hit_80bps/summary_80bps.csv,reversal_fundamental_regime,xgb_d3_400_lr003_mcw3,80.0,182,0.7362637362637363,0.0011014965718475,0.008,0.2033240089015651,-0.1365002523266968,1.2363881589902137,10,/root/stock_realtime_v021_full/saved_data/601100_pipeline_out_v2_new27_full/04_external/aero_nuclear_equipment/training_samples_with_aero_nuclear_equipment_external.csv,/root/stock_realtime_v021_full/saved_data/601100_pipeline_out_v2_new27_full/00_base/601100_5m.csv,"fundamental,sector",aero_nuclear_equipment,50.0,-0.01926506190407981
601100,601100.SH,hit,vwap_low,/root/stock_realtime_v021_full/saved_data/601100_pipeline_out_v2_new27_full/10_search/search_vwap_low_hit_80bps,/root/stock_realtime_v021_full/saved_data/601100_pipeline_out_v2_new27_full/10_search/search_vwap_low_hit_80bps/summary_80bps.csv,reversal_fundamental_regime_sector,xgb_d3_400_lr003_mcw3,80.0,173,0.7167630057803468,0.0009898933467989,0.008,0.1707188383308044,-0.1294619908227324,1.2137344053934889,10,/root/stock_realtime_v021_full/saved_data/601100_pipeline_out_v2_new27_full/04_external/aero_nuclear_equipment/training_samples_with_aero_nuclear_equipment_external.csv,/root/stock_realtime_v021_full/saved_data/601100_pipeline_out_v2_new27_full/00_base/601100_5m.csv,"fundamental,sector",aero_nuclear_equipment,50.0,-0.01934548353593836
601100,601100.SH,close_profit,vwap_low,/root/stock_realtime_v021_full/saved_data/601100_pipeline_out_v2_new27_full/10_search/search_vwap_low_close_profit_50bps,/root/stock_realtime_v021_full/saved_data/601100_pipeline_out_v2_new27_full/10_search/search_vwap_low_close_profit_50bps/summary_50bps.csv,reversal_fundamental_regime_sector,lgbm_leaves7_400,50.0,183,0.448087431693989,0.0018808874777642,-0.0020459770713914,0.3233578828485881,-0.1842889078632705,1.2281733462614453,10,/root/stock_realtime_v021_full/saved_data/601100_pipeline_out_v2_new27_full/04_external/aero_nuclear_equipment/training_samples_with_aero_nuclear_equipment_external.csv,/root/stock_realtime_v021_full/saved_data/601100_pipeline_out_v2_new27_full/00_base/601100_5m.csv,"fundamental,sector",aero_nuclear_equipment,50.0,-0.02062805278322994
601100,601100.SH,close_profit,vwap_low,/root/stock_realtime_v021_full/saved_data/601100_pipeline_out_v2_new27_full/10_search/search_vwap_low_close_profit_50bps,/root/stock_realtime_v021_full/saved_data/601100_pipeline_out_v2_new27_full/10_search/search_vwap_low_close_profit_50bps/summary_50bps.csv,reversal_fundamental_regime,lgbm_leaves7_400,50.0,177,0.4576271186440678,0.0020382965472286,-0.0020045257750871,0.3595373743459726,-0.1915411105200801,1.250477843834132,10,/root/stock_realtime_v021_full/saved_data/601100_pipeline_out_v2_new27_full/04_external/aero_nuclear_equipment/training_samples_with_aero_nuclear_equipment_external.csv,/root/stock_realtime_v021_full/saved_data/601100_pipeline_out_v2_new27_full/00_base/601100_5m.csv,"fundamental,sector",aero_nuclear_equipment,50.0,-0.020767505816012267
601100,601100.SH,close_profit,all_days,/root/stock_realtime_v021_full/saved_data/601100_pipeline_out_v2_new27_full/10_search/search_all_days_close_profit_50bps,/root/stock_realtime_v021_full/saved_data/601100_pipeline_out_v2_new27_full/10_search/search_all_days_close_profit_50bps/summary_50bps.csv,reversal_fundamental_regime_sector,extra_trees_600_d3,50.0,108,0.4629629629629629,0.0033072265688851,-0.0022041099522218,0.3602001956716656,-0.2232289973676121,1.3611353647897064,10,/root/stock_realtime_v021_full/saved_data/601100_pipeline_out_v2_new27_full/04_external/aero_nuclear_equipment/training_samples_with_aero_nuclear_equipment_external.csv,/root/stock_realtime_v021_full/saved_data/601100_pipeline_out_v2_new27_full/00_base/601100_5m.csv,"fundamental,sector",aero_nuclear_equipment,50.0,-0.021437542645198912
601100,601100.SH,close_profit,vwap_low,/root/stock_realtime_v021_full/saved_data/601100_pipeline_out_v2_new27_full/10_search/search_vwap_low_close_profit_50bps,/root/stock_realtime_v021_full/saved_data/601100_pipeline_out_v2_new27_full/10_search/search_vwap_low_close_profit_50bps/summary_50bps.csv,reversal_fundamental_regime_sector,lgbm_leaves15_700,50.0,154,0.4415584415584415,0.0022233851790999,-0.0024219974116186,0.3351719775196282,-0.19635188726537,1.268593553391889,10,/root/stock_realtime_v021_full/saved_data/601100_pipeline_out_v2_new27_full/04_external/aero_nuclear_equipment/training_samples_with_aero_nuclear_equipment_external.csv,/root/stock_realtime_v021_full/saved_data/601100_pipeline_out_v2_new27_full/00_base/601100_5m.csv,"fundamental,sector",aero_nuclear_equipment,50.0,-0.021496487354379812
601100,601100.SH,hit,vwap_low,/root/stock_realtime_v021_full/saved_data/601100_pipeline_out_v2_new27_full/10_search/search_vwap_low_hit_80bps,/root/stock_realtime_v021_full/saved_data/601100_pipeline_out_v2_new27_full/10_search/search_vwap_low_hit_80bps/summary_80bps.csv,reversal_fundamental_regime,lgbm_leaves15_700,80.0,176,0.7102272727272727,0.0002956376050812,0.008,0.0370863329066875,-0.1022689790255938,1.056515745263238,10,/root/stock_realtime_v021_full/saved_data/601100_pipeline_out_v2_new27_full/04_external/aero_nuclear_equipment/training_samples_with_aero_nuclear_equipment_external.csv,/root/stock_realtime_v021_full/saved_data/601100_pipeline_out_v2_new27_full/00_base/601100_5m.csv,"fundamental,sector",aero_nuclear_equipment,50.0,-0.021645168716504022
601100,601100.SH,hit,all_days,/root/stock_realtime_v021_full/saved_data/601100_pipeline_out_v2_new27_full/10_search/search_all_days_hit_80bps,/root/stock_realtime_v021_full/saved_data/601100_pipeline_out_v2_new27_full/10_search/search_all_days_hit_80bps/summary_80bps.csv,reversal_fundamental_regime,xgb_d4_500_lr002_mcw5,80.0,193,0.7305699481865285,0.0006051572815253,0.008,0.1018944321530137,-0.1210643468303502,1.1175697250814598,10,/root/stock_realtime_v021_full/saved_data/601100_pipeline_out_v2_new27_full/04_external/aero_nuclear_equipment/training_samples_with_aero_nuclear_equipment_external.csv,/root/stock_realtime_v021_full/saved_data/601100_pipeline_out_v2_new27_full/00_base/601100_5m.csv,"fundamental,sector",aero_nuclear_equipment,50.0,-0.021858973069189613
601100,601100.SH,close_profit,all_days,/root/stock_realtime_v021_full/saved_data/601100_pipeline_out_v2_new27_full/10_search/search_all_days_close_profit_50bps,/root/stock_realtime_v021_full/saved_data/601100_pipeline_out_v2_new27_full/10_search/search_all_days_close_profit_50bps/summary_50bps.csv,all_no_ak,lgbm_leaves7_400,50.0,246,0.4349593495934959,0.0019979683033347,-0.0027161219608948,0.5067211400120646,-0.2135624507097897,1.240619578239328,10,/root/stock_realtime_v021_full/saved_data/601100_pipeline_out_v2_new27_full/04_external/aero_nuclear_equipment/training_samples_with_aero_nuclear_equipment_external.csv,/root/stock_realtime_v021_full/saved_data/601100_pipeline_out_v2_new27_full/00_base/601100_5m.csv,"fundamental,sector",aero_nuclear_equipment,50.0,-0.02205370431178355
601100,601100.SH,hit,all_days,/root/stock_realtime_v021_full/saved_data/601100_pipeline_out_v2_new27_full/10_search/search_all_days_hit_80bps,/root/stock_realtime_v021_full/saved_data/601100_pipeline_out_v2_new27_full/10_search/search_all_days_hit_80bps/summary_80bps.csv,reversal_fundamental_regime_sector,xgb_d4_500_lr002_mcw5,80.0,166,0.7469879518072289,0.001129954084193,0.008,0.1888248932682812,-0.1497065601392418,1.2376997355790935,10,/root/stock_realtime_v021_full/saved_data/601100_pipeline_out_v2_new27_full/04_external/aero_nuclear_equipment/training_samples_with_aero_nuclear_equipment_external.csv,/root/stock_realtime_v021_full/saved_data/601100_pipeline_out_v2_new27_full/00_base/601100_5m.csv,"fundamental,sector",aero_nuclear_equipment,50.0,-0.02286820005740156
601100,601100.SH,hit,all_days,/root/stock_realtime_v021_full/saved_data/601100_pipeline_out_v2_new27_full/10_search/search_all_days_hit_80bps,/root/stock_realtime_v021_full/saved_data/601100_pipeline_out_v2_new27_full/10_search/search_all_days_hit_80bps/summary_80bps.csv,reversal_fundamental_regime,lgbm_leaves15_700,80.0,201,0.7164179104477612,0.0003623297554758,0.008,0.0542408084207923,-0.1132121666090303,1.0692368551118994,10,/root/stock_realtime_v021_full/saved_data/601100_pipeline_out_v2_new27_full/04_external/aero_nuclear_equipment/training_samples_with_aero_nuclear_equipment_external.csv,/root/stock_realtime_v021_full/saved_data/601100_pipeline_out_v2_new27_full/00_base/601100_5m.csv,"fundamental,sector",aero_nuclear_equipment,50.0,-0.023166130791406107
601100,601100.SH,hit,all_days,/root/stock_realtime_v021_full/saved_data/601100_pipeline_out_v2_new27_full/10_search/search_all_days_hit_50bps,/root/stock_realtime_v021_full/saved_data/601100_pipeline_out_v2_new27_full/10_search/search_all_days_hit_50bps/summary_50bps.csv,reversal_fundamental_regime,random_forest_600_d4,50.0,152,0.7763157894736842,8.584206056043801e-05,0.005,0.0037853387893369,-0.1000066495370328,1.022646040903675,10,/root/stock_realtime_v021_full/saved_data/601100_pipeline_out_v2_new27_full/04_external/aero_nuclear_equipment/training_samples_with_aero_nuclear_equipment_external.csv,/root/stock_realtime_v021_full/saved_data/601100_pipeline_out_v2_new27_full/00_base/601100_5m.csv,"fundamental,sector",aero_nuclear_equipment,50.0,-0.02394333038393325
601100,601100.SH,close_profit,all_days,/root/stock_realtime_v021_full/saved_data/601100_pipeline_out_v2_new27_full/10_search/search_all_days_close_profit_50bps,/root/stock_realtime_v021_full/saved_data/601100_pipeline_out_v2_new27_full/10_search/search_all_days_close_profit_50bps/summary_50bps.csv,reversal_fundamental_regime_sector,random_forest_600_d4,50.0,159,0.4213836477987421,0.0015617754874093,-0.0029589978842086,0.2003758894370444,-0.1758743759296573,1.162336304758285,10,/root/stock_realtime_v021_full/saved_data/601100_pipeline_out_v2_new27_full/04_external/aero_nuclear_equipment/training_samples_with_aero_nuclear_equipment_external.csv,/root/stock_realtime_v021_full/saved_data/601100_pipeline_out_v2_new27_full/00_base/601100_5m.csv,"fundamental,sector",aero_nuclear_equipment,50.0,-0.024275354405886126
601100,601100.SH,close_profit,all_days,/root/stock_realtime_v021_full/saved_data/601100_pipeline_out_v2_new27_full/10_search/search_all_days_close_profit_50bps,/root/stock_realtime_v021_full/saved_data/601100_pipeline_out_v2_new27_full/10_search/search_all_days_close_profit_50bps/summary_50bps.csv,reversal_fundamental_regime,lgbm_leaves15_700,50.0,181,0.4585635359116022,0.0017704580177745,-0.0020459770713914,0.2981145664127391,-0.1937672727731619,1.202116725339334,10,/root/stock_realtime_v021_full/saved_data/601100_pipeline_out_v2_new27_full/04_external/aero_nuclear_equipment/training_samples_with_aero_nuclear_equipment_external.csv,/root/stock_realtime_v021_full/saved_data/601100_pipeline_out_v2_new27_full/00_base/601100_5m.csv,"fundamental,sector",aero_nuclear_equipment,50.0,-0.024622741631025014
601100,601100.SH,close_profit,all_days,/root/stock_realtime_v021_full/saved_data/601100_pipeline_out_v2_new27_full/10_search/search_all_days_close_profit_50bps,/root/stock_realtime_v021_full/saved_data/601100_pipeline_out_v2_new27_full/10_search/search_all_days_close_profit_50bps/summary_50bps.csv,reversal_fundamental_regime_sector,xgb_d4_500_lr002_mcw5,50.0,193,0.4455958549222797,0.0021038909896549,-0.0023622428330523,0.3978862199116435,-0.217385247713587,1.2405214047357649,10,/root/stock_realtime_v021_full/saved_data/601100_pipeline_out_v2_new27_full/04_external/aero_nuclear_equipment/training_samples_with_aero_nuclear_equipment_external.csv,/root/stock_realtime_v021_full/saved_data/601100_pipeline_out_v2_new27_full/00_base/601100_5m.csv,"fundamental,sector",aero_nuclear_equipment,50.0,-0.025118124194707936
601100,601100.SH,hit,vwap_low,/root/stock_realtime_v021_full/saved_data/601100_pipeline_out_v2_new27_full/10_search/search_vwap_low_hit_50bps,/root/stock_realtime_v021_full/saved_data/601100_pipeline_out_v2_new27_full/10_search/search_vwap_low_hit_50bps/summary_50bps.csv,reversal_fundamental_regime_sector,xgb_d4_500_lr002_mcw5,50.0,154,0.7792207792207793,0.000488442766154,0.005,0.070792488332342,-0.1251763176390509,1.144549623561666,10,/root/stock_realtime_v021_full/saved_data/601100_pipeline_out_v2_new27_full/04_external/aero_nuclear_equipment/training_samples_with_aero_nuclear_equipment_external.csv,/root/stock_realtime_v021_full/saved_data/601100_pipeline_out_v2_new27_full/00_base/601100_5m.csv,"fundamental,sector",aero_nuclear_equipment,50.0,-0.02523266408704656
601100,601100.SH,hit,vwap_low,/root/stock_realtime_v021_full/saved_data/601100_pipeline_out_v2_new27_full/10_search/search_vwap_low_hit_80bps,/root/stock_realtime_v021_full/saved_data/601100_pipeline_out_v2_new27_full/10_search/search_vwap_low_hit_80bps/summary_80bps.csv,reversal_fundamental_regime,xgb_d4_500_lr002_mcw5,80.0,169,0.7218934911242604,0.0005220151369529,0.008,0.0753148506456271,-0.1292025051739272,1.100611037991838,10,/root/stock_realtime_v021_full/saved_data/601100_pipeline_out_v2_new27_full/04_external/aero_nuclear_equipment/training_samples_with_aero_nuclear_equipment_external.csv,/root/stock_realtime_v021_full/saved_data/601100_pipeline_out_v2_new27_full/00_base/601100_5m.csv,"fundamental,sector",aero_nuclear_equipment,50.0,-0.0255144295130941
601100,601100.SH,hit,all_days,/root/stock_realtime_v021_full/saved_data/601100_pipeline_out_v2_new27_full/10_search/search_all_days_hit_80bps,/root/stock_realtime_v021_full/saved_data/601100_pipeline_out_v2_new27_full/10_search/search_all_days_hit_80bps/summary_80bps.csv,reversal_fundamental_regime_sector,lgbm_leaves15_700,80.0,221,0.7285067873303167,0.0004710222529859,0.008,0.0840397909776253,-0.1306903696655182,1.0887908439506764,10,/root/stock_realtime_v021_full/saved_data/601100_pipeline_out_v2_new27_full/04_external/aero_nuclear_equipment/training_samples_with_aero_nuclear_equipment_external.csv,/root/stock_realtime_v021_full/saved_data/601100_pipeline_out_v2_new27_full/00_base/601100_5m.csv,"fundamental,sector",aero_nuclear_equipment,50.0,-0.025670343221974312
601100,601100.SH,close_profit,all_days,/root/stock_realtime_v021_full/saved_data/601100_pipeline_out_v2_new27_full/10_search/search_all_days_close_profit_50bps,/root/stock_realtime_v021_full/saved_data/601100_pipeline_out_v2_new27_full/10_search/search_all_days_close_profit_50bps/summary_50bps.csv,all_no_ak,lgbm_leaves15_700,50.0,198,0.4797979797979798,0.0035612427822805,-0.0006596664192784,0.8829353453668869,-0.3074365953894301,1.4514732652634377,10,/root/stock_realtime_v021_full/saved_data/601100_pipeline_out_v2_new27_full/04_external/aero_nuclear_equipment/training_samples_with_aero_nuclear_equipment_external.csv,/root/stock_realtime_v021_full/saved_data/601100_pipeline_out_v2_new27_full/00_base/601100_5m.csv,"fundamental,sector",aero_nuclear_equipment,50.0,-0.026748021035659833
601100,601100.SH,close_profit,all_days,/root/stock_realtime_v021_full/saved_data/601100_pipeline_out_v2_new27_full/10_search/search_all_days_close_profit_50bps,/root/stock_realtime_v021_full/saved_data/601100_pipeline_out_v2_new27_full/10_search/search_all_days_close_profit_50bps/summary_50bps.csv,reversal_fundamental_regime_sector,xgb_d3_400_lr003_mcw3,50.0,154,0.461038961038961,0.0027744043316295,-0.0017550598637405,0.4612295017775376,-0.2459836586966549,1.3737719796500356,10,/root/stock_realtime_v021_full/saved_data/601100_pipeline_out_v2_new27_full/04_external/aero_nuclear_equipment/training_samples_with_aero_nuclear_equipment_external.csv,/root/stock_realtime_v021_full/saved_data/601100_pipeline_out_v2_new27_full/00_base/601100_5m.csv,"fundamental,sector",aero_nuclear_equipment,50.0,-0.027066462356618234
601100,601100.SH,hit,all_days,/root/stock_realtime_v021_full/saved_data/601100_pipeline_out_v2_new27_full/10_search/search_all_days_hit_80bps,/root/stock_realtime_v021_full/saved_data/601100_pipeline_out_v2_new27_full/10_search/search_all_days_hit_80bps/summary_80bps.csv,reversal_fundamental_regime_sector,lgbm_leaves7_400,80.0,168,0.7380952380952381,0.0003821603534142,0.008,0.045678415677745,-0.1285554935498165,1.0700702593623317,10,/root/stock_realtime_v021_full/saved_data/601100_pipeline_out_v2_new27_full/04_external/aero_nuclear_equipment/training_samples_with_aero_nuclear_equipment_external.csv,/root/stock_realtime_v021_full/saved_data/601100_pipeline_out_v2_new27_full/00_base/601100_5m.csv,"fundamental,sector",aero_nuclear_equipment,50.0,-0.027185509076075448
601100,601100.SH,hit,all_days,/root/stock_realtime_v021_full/saved_data/601100_pipeline_out_v2_new27_full/10_search/search_all_days_hit_80bps,/root/stock_realtime_v021_full/saved_data/601100_pipeline_out_v2_new27_full/10_search/search_all_days_hit_80bps/summary_80bps.csv,reversal_fundamental_regime,xgb_d2_200_lr003_mcw5,80.0,154,0.6948051948051948,0.0003550079371735,0.008,0.041676608547043,-0.1293618854093599,1.0689153826635884,10,/root/stock_realtime_v021_full/saved_data/601100_pipeline_out_v2_new27_full/04_external/aero_nuclear_equipment/training_samples_with_aero_nuclear_equipment_external.csv,/root/stock_realtime_v021_full/saved_data/601100_pipeline_out_v2_new27_full/00_base/601100_5m.csv,"fundamental,sector",aero_nuclear_equipment,50.0,-0.02793493871028041
601100,601100.SH,close_profit,all_days,/root/stock_realtime_v021_full/saved_data/601100_pipeline_out_v2_new27_full/10_search/search_all_days_close_profit_50bps,/root/stock_realtime_v021_full/saved_data/601100_pipeline_out_v2_new27_full/10_search/search_all_days_close_profit_50bps/summary_50bps.csv,reversal_fundamental_regime_sector,xgb_d3_600_lr002_mcw3,50.0,163,0.4601226993865031,0.0020867233005392,-0.001886247139588,0.3309933819656792,-0.2199424962841409,1.2568443570458483,10,/root/stock_realtime_v021_full/saved_data/601100_pipeline_out_v2_new27_full/04_external/aero_nuclear_equipment/training_samples_with_aero_nuclear_equipment_external.csv,/root/stock_realtime_v021_full/saved_data/601100_pipeline_out_v2_new27_full/00_base/601100_5m.csv,"fundamental,sector",aero_nuclear_equipment,50.0,-0.02834412441952999
601100,601100.SH,hit,vwap_low,/root/stock_realtime_v021_full/saved_data/601100_pipeline_out_v2_new27_full/10_search/search_vwap_low_hit_80bps,/root/stock_realtime_v021_full/saved_data/601100_pipeline_out_v2_new27_full/10_search/search_vwap_low_hit_80bps/summary_80bps.csv,reversal_fundamental_regime_sector,xgb_d4_500_lr002_mcw5,80.0,137,0.7299270072992701,0.0007402629435061,0.008,0.0932197608433196,-0.1497065601392418,1.1484271996382114,10,/root/stock_realtime_v021_full/saved_data/601100_pipeline_out_v2_new27_full/04_external/aero_nuclear_equipment/training_samples_with_aero_nuclear_equipment_external.csv,/root/stock_realtime_v021_full/saved_data/601100_pipeline_out_v2_new27_full/00_base/601100_5m.csv,"fundamental,sector",aero_nuclear_equipment,50.0,-0.028762084426045553
601100,601100.SH,close_profit,vwap_low,/root/stock_realtime_v021_full/saved_data/601100_pipeline_out_v2_new27_full/10_search/search_vwap_low_close_profit_50bps,/root/stock_realtime_v021_full/saved_data/601100_pipeline_out_v2_new27_full/10_search/search_vwap_low_close_profit_50bps/summary_50bps.csv,reversal_fundamental_regime_sector_external,extra_trees_600_d3,50.0,164,0.4756097560975609,0.0014948864281322,-0.0015719468735846,0.1961101097689161,-0.1919399598047438,1.1563557191741118,10,/root/stock_realtime_v021_full/saved_data/601100_pipeline_out_v2_new27_full/04_external/aero_nuclear_equipment/training_samples_with_aero_nuclear_equipment_external.csv,/root/stock_realtime_v021_full/saved_data/601100_pipeline_out_v2_new27_full/00_base/601100_5m.csv,"fundamental,sector",aero_nuclear_equipment,50.0,-0.028841102910820534
601100,601100.SH,hit,all_days,/root/stock_realtime_v021_full/saved_data/601100_pipeline_out_v2_new27_full/10_search/search_all_days_hit_80bps,/root/stock_realtime_v021_full/saved_data/601100_pipeline_out_v2_new27_full/10_search/search_all_days_hit_80bps/summary_80bps.csv,reversal_fundamental_regime_sector,xgb_d2_200_lr003_mcw5,80.0,218,0.7293577981651376,0.0003703391482936,0.008,0.0585823738508692,-0.1428432223429911,1.0686870760735456,10,/root/stock_realtime_v021_full/saved_data/601100_pipeline_out_v2_new27_full/04_external/aero_nuclear_equipment/training_samples_with_aero_nuclear_equipment_external.csv,/root/stock_realtime_v021_full/saved_data/601100_pipeline_out_v2_new27_full/00_base/601100_5m.csv,"fundamental,sector",aero_nuclear_equipment,50.0,-0.030242813588915233
601100,601100.SH,close_profit,all_days,/root/stock_realtime_v021_full/saved_data/601100_pipeline_out_v2_new27_full/10_search/search_all_days_close_profit_50bps,/root/stock_realtime_v021_full/saved_data/601100_pipeline_out_v2_new27_full/10_search/search_all_days_close_profit_50bps/summary_50bps.csv,reversal_fundamental_regime_sector,lgbm_leaves15_700,50.0,164,0.4268292682926829,0.0021244654585972,-0.0024875186176046,0.3429067688984444,-0.2338810416032816,1.2616120182483248,10,/root/stock_realtime_v021_full/saved_data/601100_pipeline_out_v2_new27_full/04_external/aero_nuclear_equipment/training_samples_with_aero_nuclear_equipment_external.csv,/root/stock_realtime_v021_full/saved_data/601100_pipeline_out_v2_new27_full/00_base/601100_5m.csv,"fundamental,sector",aero_nuclear_equipment,50.0,-0.031263827861755154
601100,601100.SH,close_profit,all_days,/root/stock_realtime_v021_full/saved_data/601100_pipeline_out_v2_new27_full/10_search/search_all_days_close_profit_50bps,/root/stock_realtime_v021_full/saved_data/601100_pipeline_out_v2_new27_full/10_search/search_all_days_close_profit_50bps/summary_50bps.csv,reversal_fundamental_regime_sector,xgb_d2_200_lr003_mcw5,50.0,159,0.4591194968553459,0.003145480204643,-0.0014292475995591,0.5456851777666816,-0.2891196534695113,1.3808810528505409,10,/root/stock_realtime_v021_full/saved_data/601100_pipeline_out_v2_new27_full/04_external/aero_nuclear_equipment/training_samples_with_aero_nuclear_equipment_external.csv,/root/stock_realtime_v021_full/saved_data/601100_pipeline_out_v2_new27_full/00_base/601100_5m.csv,"fundamental,sector",aero_nuclear_equipment,50.0,-0.03261691714759692
601100,601100.SH,close_profit,all_days,/root/stock_realtime_v021_full/saved_data/601100_pipeline_out_v2_new27_full/10_search/search_all_days_close_profit_50bps,/root/stock_realtime_v021_full/saved_data/601100_pipeline_out_v2_new27_full/10_search/search_all_days_close_profit_50bps/summary_50bps.csv,all_no_ak,xgb_d3_400_lr003_mcw3,50.0,156,0.4615384615384615,0.0011380982551354,-0.0015265600937261,0.1353475955882006,-0.1886487690139286,1.138142567956248,10,/root/stock_realtime_v021_full/saved_data/601100_pipeline_out_v2_new27_full/04_external/aero_nuclear_equipment/training_samples_with_aero_nuclear_equipment_external.csv,/root/stock_realtime_v021_full/saved_data/601100_pipeline_out_v2_new27_full/00_base/601100_5m.csv,"fundamental,sector",aero_nuclear_equipment,50.0,-0.03294734960287959
601100,601100.SH,close_profit,vwap_low,/root/stock_realtime_v021_full/saved_data/601100_pipeline_out_v2_new27_full/10_search/search_vwap_low_close_profit_50bps,/root/stock_realtime_v021_full/saved_data/601100_pipeline_out_v2_new27_full/10_search/search_vwap_low_close_profit_50bps/summary_50bps.csv,all_no_ak,extra_trees_600_d3,50.0,180,0.4444444444444444,0.0009610792519018,-0.0024018397583773,0.1092977236249375,-0.1913324589380327,1.1009036051772767,10,/root/stock_realtime_v021_full/saved_data/601100_pipeline_out_v2_new27_full/04_external/aero_nuclear_equipment/training_samples_with_aero_nuclear_equipment_external.csv,/root/stock_realtime_v021_full/saved_data/601100_pipeline_out_v2_new27_full/00_base/601100_5m.csv,"fundamental,sector",aero_nuclear_equipment,50.0,-0.03493888350040576
601100,601100.SH,hit,vwap_low,/root/stock_realtime_v021_full/saved_data/601100_pipeline_out_v2_new27_full/10_search/search_vwap_low_hit_50bps,/root/stock_realtime_v021_full/saved_data/601100_pipeline_out_v2_new27_full/10_search/search_vwap_low_hit_50bps/summary_50bps.csv,reversal_fundamental_regime,xgb_d2_200_lr003_mcw5,50.0,141,0.7730496453900709,-0.0002355671442853,0.005,-0.0414672307860198,-0.1295444639977432,0.94211518074106,10,/root/stock_realtime_v021_full/saved_data/601100_pipeline_out_v2_new27_full/04_external/aero_nuclear_equipment/training_samples_with_aero_nuclear_equipment_external.csv,/root/stock_realtime_v021_full/saved_data/601100_pipeline_out_v2_new27_full/00_base/601100_5m.csv,"fundamental,sector",aero_nuclear_equipment,50.0,-0.03518332085514607
601100,601100.SH,close_profit,vwap_low,/root/stock_realtime_v021_full/saved_data/601100_pipeline_out_v2_new27_full/10_search/search_vwap_low_close_profit_50bps,/root/stock_realtime_v021_full/saved_data/601100_pipeline_out_v2_new27_full/10_search/search_vwap_low_close_profit_50bps/summary_50bps.csv,reversal_fundamental_regime_sector,random_forest_600_d4,50.0,151,0.4105960264900662,0.0009570132101656,-0.0032907090250904,0.0923529305687278,-0.1884475377672552,1.10552140130696,10,/root/stock_realtime_v021_full/saved_data/601100_pipeline_out_v2_new27_full/04_external/aero_nuclear_equipment/training_samples_with_aero_nuclear_equipment_external.csv,/root/stock_realtime_v021_full/saved_data/601100_pipeline_out_v2_new27_full/00_base/601100_5m.csv,"fundamental,sector",aero_nuclear_equipment,50.0,-0.03535190923141682
601100,601100.SH,close_profit,vwap_low,/root/stock_realtime_v021_full/saved_data/601100_pipeline_out_v2_new27_full/10_search/search_vwap_low_close_profit_50bps,/root/stock_realtime_v021_full/saved_data/601100_pipeline_out_v2_new27_full/10_search/search_vwap_low_close_profit_50bps/summary_50bps.csv,reversal_fundamental_regime_sector_external,lgbm_leaves15_700,50.0,176,0.4318181818181818,0.0013995976758909,-0.0027161219608948,0.2071261859340771,-0.2170378238217089,1.1715484728019574,10,/root/stock_realtime_v021_full/saved_data/601100_pipeline_out_v2_new27_full/04_external/aero_nuclear_equipment/training_samples_with_aero_nuclear_equipment_external.csv,/root/stock_realtime_v021_full/saved_data/601100_pipeline_out_v2_new27_full/00_base/601100_5m.csv,"fundamental,sector",aero_nuclear_equipment,50.0,-0.03569169456189298
601100,601100.SH,hit,vwap_low,/root/stock_realtime_v021_full/saved_data/601100_pipeline_out_v2_new27_full/10_search/search_vwap_low_hit_50bps,/root/stock_realtime_v021_full/saved_data/601100_pipeline_out_v2_new27_full/10_search/search_vwap_low_hit_50bps/summary_50bps.csv,reversal_fundamental_regime_sector,lgbm_leaves7_400,50.0,104,0.7403846153846154,-0.0002986267142369,0.005,-0.0354457608724345,-0.1357679529918252,0.9245550631762922,10,/root/stock_realtime_v021_full/saved_data/601100_pipeline_out_v2_new27_full/04_external/aero_nuclear_equipment/training_samples_with_aero_nuclear_equipment_external.csv,/root/stock_realtime_v021_full/saved_data/601100_pipeline_out_v2_new27_full/00_base/601100_5m.csv,"fundamental,sector",aero_nuclear_equipment,50.0,-0.0369873951343044
601100,601100.SH,hit,vwap_low,/root/stock_realtime_v021_full/saved_data/601100_pipeline_out_v2_new27_full/10_search/search_vwap_low_hit_50bps,/root/stock_realtime_v021_full/saved_data/601100_pipeline_out_v2_new27_full/10_search/search_vwap_low_hit_50bps/summary_50bps.csv,all_no_ak,lgbm_leaves7_400,50.0,156,0.7884615384615384,-0.0001499315552541,0.005,-0.0342500481957155,-0.1414958062288026,0.9630619922945096,10,/root/stock_realtime_v021_full/saved_data/601100_pipeline_out_v2_new27_full/04_external/aero_nuclear_equipment/training_samples_with_aero_nuclear_equipment_external.csv,/root/stock_realtime_v021_full/saved_data/601100_pipeline_out_v2_new27_full/00_base/601100_5m.csv,"fundamental,sector",aero_nuclear_equipment,50.0,-0.037246596082117875
601100,601100.SH,hit,vwap_low,/root/stock_realtime_v021_full/saved_data/601100_pipeline_out_v2_new27_full/10_search/search_vwap_low_hit_80bps,/root/stock_realtime_v021_full/saved_data/601100_pipeline_out_v2_new27_full/10_search/search_vwap_low_hit_80bps/summary_80bps.csv,reversal_fundamental_regime_sector,extra_trees_600_d3,80.0,86,0.7558139534883721,9.01509886090479e-05,0.008,-0.0064257364785893,-0.1532670063007062,1.0153726038965776,10,/root/stock_realtime_v021_full/saved_data/601100_pipeline_out_v2_new27_full/04_external/aero_nuclear_equipment/training_samples_with_aero_nuclear_equipment_external.csv,/root/stock_realtime_v021_full/saved_data/601100_pipeline_out_v2_new27_full/00_base/601100_5m.csv,"fundamental,sector",aero_nuclear_equipment,50.0,-0.03748072569982446
601100,601100.SH,hit,all_days,/root/stock_realtime_v021_full/saved_data/601100_pipeline_out_v2_new27_full/10_search/search_all_days_hit_80bps,/root/stock_realtime_v021_full/saved_data/601100_pipeline_out_v2_new27_full/10_search/search_all_days_hit_80bps/summary_80bps.csv,reversal_fundamental_regime_sector,extra_trees_600_d3,80.0,114,0.7807017543859649,0.0004212267912978,0.008,0.030266149641787,-0.1693914587965145,1.0731930846928976,10,/root/stock_realtime_v021_full/saved_data/601100_pipeline_out_v2_new27_full/04_external/aero_nuclear_equipment/training_samples_with_aero_nuclear_equipment_external.csv,/root/stock_realtime_v021_full/saved_data/601100_pipeline_out_v2_new27_full/00_base/601100_5m.csv,"fundamental,sector",aero_nuclear_equipment,50.0,-0.03785039328658995
601100,601100.SH,hit,all_days,/root/stock_realtime_v021_full/saved_data/601100_pipeline_out_v2_new27_full/10_search/search_all_days_hit_50bps,/root/stock_realtime_v021_full/saved_data/601100_pipeline_out_v2_new27_full/10_search/search_all_days_hit_50bps/summary_50bps.csv,all_no_ak,extra_trees_600_d3,50.0,149,0.8187919463087249,-0.0006357401174416,0.005,-0.1057214975682755,-0.1206847171423733,0.8654364067173386,10,/root/stock_realtime_v021_full/saved_data/601100_pipeline_out_v2_new27_full/04_external/aero_nuclear_equipment/training_samples_with_aero_nuclear_equipment_external.csv,/root/stock_realtime_v021_full/saved_data/601100_pipeline_out_v2_new27_full/00_base/601100_5m.csv,"fundamental,sector",aero_nuclear_equipment,50.0,-0.03793137638629729
601100,601100.SH,hit,all_days,/root/stock_realtime_v021_full/saved_data/601100_pipeline_out_v2_new27_full/10_search/search_all_days_hit_50bps,/root/stock_realtime_v021_full/saved_data/601100_pipeline_out_v2_new27_full/10_search/search_all_days_hit_50bps/summary_50bps.csv,reversal_fundamental_regime_sector,lgbm_leaves7_400,50.0,113,0.7522123893805309,-0.0003915790013029,0.005,-0.0492312851071389,-0.142058164838335,0.904810327081824,10,/root/stock_realtime_v021_full/saved_data/601100_pipeline_out_v2_new27_full/04_external/aero_nuclear_equipment/training_samples_with_aero_nuclear_equipment_external.csv,/root/stock_realtime_v021_full/saved_data/601100_pipeline_out_v2_new27_full/00_base/601100_5m.csv,"fundamental,sector",aero_nuclear_equipment,50.0,-0.03967708309063859
601100,601100.SH,hit,all_days,/root/stock_realtime_v021_full/saved_data/601100_pipeline_out_v2_new27_full/10_search/search_all_days_hit_80bps,/root/stock_realtime_v021_full/saved_data/601100_pipeline_out_v2_new27_full/10_search/search_all_days_hit_80bps/summary_80bps.csv,reversal_fundamental_regime,random_forest_600_d4,80.0,155,0.7161290322580646,0.0003970172924798,0.008,0.0446295967984915,-0.1786154272223861,1.0758647831704788,10,/root/stock_realtime_v021_full/saved_data/601100_pipeline_out_v2_new27_full/04_external/aero_nuclear_equipment/training_samples_with_aero_nuclear_equipment_external.csv,/root/stock_realtime_v021_full/saved_data/601100_pipeline_out_v2_new27_full/00_base/601100_5m.csv,"fundamental,sector",aero_nuclear_equipment,50.0,-0.03971103137555769
601100,601100.SH,hit,vwap_low,/root/stock_realtime_v021_full/saved_data/601100_pipeline_out_v2_new27_full/10_search/search_vwap_low_hit_50bps,/root/stock_realtime_v021_full/saved_data/601100_pipeline_out_v2_new27_full/10_search/search_vwap_low_hit_50bps/summary_50bps.csv,reversal_fundamental_regime_sector,xgb_d2_200_lr003_mcw5,50.0,158,0.7721518987341772,-0.0002587165092965,0.005,-0.0491863533202749,-0.1474631474403205,0.9367689448241404,10,/root/stock_realtime_v021_full/saved_data/601100_pipeline_out_v2_new27_full/04_external/aero_nuclear_equipment/training_samples_with_aero_nuclear_equipment_external.csv,/root/stock_realtime_v021_full/saved_data/601100_pipeline_out_v2_new27_full/00_base/601100_5m.csv,"fundamental,sector",aero_nuclear_equipment,50.0,-0.04011780295549623
601100,601100.SH,hit,all_days,/root/stock_realtime_v021_full/saved_data/601100_pipeline_out_v2_new27_full/10_search/search_all_days_hit_80bps,/root/stock_realtime_v021_full/saved_data/601100_pipeline_out_v2_new27_full/10_search/search_all_days_hit_80bps/summary_80bps.csv,reversal_fundamental_regime_sector_external,xgb_d4_500_lr002_mcw5,80.0,190,0.6789473684210526,0.0001099174415983,0.008,0.0031655433994388,-0.1665473145281963,1.0210389652715903,10,/root/stock_realtime_v021_full/saved_data/601100_pipeline_out_v2_new27_full/04_external/aero_nuclear_equipment/training_samples_with_aero_nuclear_equipment_external.csv,/root/stock_realtime_v021_full/saved_data/601100_pipeline_out_v2_new27_full/00_base/601100_5m.csv,"fundamental,sector",aero_nuclear_equipment,50.0,-0.040121721258353074
601100,601100.SH,close_profit,all_days,/root/stock_realtime_v021_full/saved_data/601100_pipeline_out_v2_new27_full/10_search/search_all_days_close_profit_50bps,/root/stock_realtime_v021_full/saved_data/601100_pipeline_out_v2_new27_full/10_search/search_all_days_close_profit_50bps/summary_50bps.csv,all_no_ak,xgb_d4_500_lr002_mcw5,50.0,224,0.4553571428571428,0.001103929544758,-0.0018887284245255,0.1902937211369695,-0.2266335953102454,1.1289649697173352,10,/root/stock_realtime_v021_full/saved_data/601100_pipeline_out_v2_new27_full/04_external/aero_nuclear_equipment/training_samples_with_aero_nuclear_equipment_external.csv,/root/stock_realtime_v021_full/saved_data/601100_pipeline_out_v2_new27_full/00_base/601100_5m.csv,"fundamental,sector",aero_nuclear_equipment,50.0,-0.04013629428507429
601100,601100.SH,close_profit,all_days,/root/stock_realtime_v021_full/saved_data/601100_pipeline_out_v2_new27_full/10_search/search_all_days_close_profit_50bps,/root/stock_realtime_v021_full/saved_data/601100_pipeline_out_v2_new27_full/10_search/search_all_days_close_profit_50bps/summary_50bps.csv,reversal_fundamental_regime_sector_external,lgbm_leaves15_700,50.0,214,0.4392523364485981,0.0011999192252445,-0.0027161219608948,0.2033042189696812,-0.2349672189453874,1.1400508025129434,10,/root/stock_realtime_v021_full/saved_data/601100_pipeline_out_v2_new27_full/04_external/aero_nuclear_equipment/training_samples_with_aero_nuclear_equipment_external.csv,/root/stock_realtime_v021_full/saved_data/601100_pipeline_out_v2_new27_full/00_base/601100_5m.csv,"fundamental,sector",aero_nuclear_equipment,50.0,-0.041188499763156444
601100,601100.SH,close_profit,vwap_low,/root/stock_realtime_v021_full/saved_data/601100_pipeline_out_v2_new27_full/10_search/search_vwap_low_close_profit_50bps,/root/stock_realtime_v021_full/saved_data/601100_pipeline_out_v2_new27_full/10_search/search_vwap_low_close_profit_50bps/summary_50bps.csv,all_no_ak,lgbm_leaves7_400,50.0,206,0.4223300970873786,0.0008200282575467,-0.0035699846386236,0.1009562654029399,-0.2167998834774199,1.0903461763425892,10,/root/stock_realtime_v021_full/saved_data/601100_pipeline_out_v2_new27_full/04_external/aero_nuclear_equipment/training_samples_with_aero_nuclear_equipment_external.csv,/root/stock_realtime_v021_full/saved_data/601100_pipeline_out_v2_new27_full/00_base/601100_5m.csv,"fundamental,sector",aero_nuclear_equipment,50.0,-0.042430351219847784
601100,601100.SH,close_profit,vwap_low,/root/stock_realtime_v021_full/saved_data/601100_pipeline_out_v2_new27_full/10_search/search_vwap_low_close_profit_50bps,/root/stock_realtime_v021_full/saved_data/601100_pipeline_out_v2_new27_full/10_search/search_vwap_low_close_profit_50bps/summary_50bps.csv,reversal_fundamental_regime_sector,xgb_d3_600_lr002_mcw3,50.0,175,0.4342857142857143,0.0008635559393164,-0.0026971294782222,0.0922625990427734,-0.2163095478859736,1.0958599647697218,10,/root/stock_realtime_v021_full/saved_data/601100_pipeline_out_v2_new27_full/04_external/aero_nuclear_equipment/training_samples_with_aero_nuclear_equipment_external.csv,/root/stock_realtime_v021_full/saved_data/601100_pipeline_out_v2_new27_full/00_base/601100_5m.csv,"fundamental,sector",aero_nuclear_equipment,50.0,-0.0426536156783735
601100,601100.SH,close_profit,all_days,/root/stock_realtime_v021_full/saved_data/601100_pipeline_out_v2_new27_full/10_search/search_all_days_close_profit_50bps,/root/stock_realtime_v021_full/saved_data/601100_pipeline_out_v2_new27_full/10_search/search_all_days_close_profit_50bps/summary_50bps.csv,reversal_fundamental_regime,xgb_d4_500_lr002_mcw5,50.0,208,0.4663461538461538,0.002045307444812,-0.0020252514232392,0.43640893959549,-0.2888881861081255,1.2482488030955134,10,/root/stock_realtime_v021_full/saved_data/601100_pipeline_out_v2_new27_full/04_external/aero_nuclear_equipment/training_samples_with_aero_nuclear_equipment_external.csv,/root/stock_realtime_v021_full/saved_data/601100_pipeline_out_v2_new27_full/00_base/601100_5m.csv,"fundamental,sector",aero_nuclear_equipment,50.0,-0.04272420306159978
601100,601100.SH,close_profit,all_days,/root/stock_realtime_v021_full/saved_data/601100_pipeline_out_v2_new27_full/10_search/search_all_days_close_profit_50bps,/root/stock_realtime_v021_full/saved_data/601100_pipeline_out_v2_new27_full/10_search/search_all_days_close_profit_50bps/summary_50bps.csv,reversal_fundamental_regime,lgbm_leaves7_400,50.0,160,0.45,0.0010895772275435,-0.0022381874507047,0.1342740132188689,-0.2267550465052664,1.1279485481805327,10,/root/stock_realtime_v021_full/saved_data/601100_pipeline_out_v2_new27_full/04_external/aero_nuclear_equipment/training_samples_with_aero_nuclear_equipment_external.csv,/root/stock_realtime_v021_full/saved_data/601100_pipeline_out_v2_new27_full/00_base/601100_5m.csv,"fundamental,sector",aero_nuclear_equipment,50.0,-0.04290657872356056
601100,601100.SH,hit,all_days,/root/stock_realtime_v021_full/saved_data/601100_pipeline_out_v2_new27_full/10_search/search_all_days_hit_80bps,/root/stock_realtime_v021_full/saved_data/601100_pipeline_out_v2_new27_full/10_search/search_all_days_hit_80bps/summary_80bps.csv,reversal_fundamental_regime,extra_trees_600_d3,80.0,128,0.7265625,-5.109580037631007e-05,0.008,-0.0229317764141726,-0.1702505223735069,0.991088109443783,10,/root/stock_realtime_v021_full/saved_data/601100_pipeline_out_v2_new27_full/04_external/aero_nuclear_equipment/training_samples_with_aero_nuclear_equipment_external.csv,/root/stock_realtime_v021_full/saved_data/601100_pipeline_out_v2_new27_full/00_base/601100_5m.csv,"fundamental,sector",aero_nuclear_equipment,50.0,-0.043140713584356616
601100,601100.SH,hit,vwap_low,/root/stock_realtime_v021_full/saved_data/601100_pipeline_out_v2_new27_full/10_search/search_vwap_low_hit_80bps,/root/stock_realtime_v021_full/saved_data/601100_pipeline_out_v2_new27_full/10_search/search_vwap_low_hit_80bps/summary_80bps.csv,reversal_fundamental_regime_sector_external,xgb_d4_500_lr002_mcw5,80.0,175,0.6571428571428571,-0.0003292504173941,0.008,-0.0712606929586667,-0.1571869642945502,0.9399273551038452,10,/root/stock_realtime_v021_full/saved_data/601100_pipeline_out_v2_new27_full/04_external/aero_nuclear_equipment/training_samples_with_aero_nuclear_equipment_external.csv,/root/stock_realtime_v021_full/saved_data/601100_pipeline_out_v2_new27_full/00_base/601100_5m.csv,"fundamental,sector",aero_nuclear_equipment,50.0,-0.04365231469108257
601100,601100.SH,hit,vwap_low,/root/stock_realtime_v021_full/saved_data/601100_pipeline_out_v2_new27_full/10_search/search_vwap_low_hit_80bps,/root/stock_realtime_v021_full/saved_data/601100_pipeline_out_v2_new27_full/10_search/search_vwap_low_hit_80bps/summary_80bps.csv,all_no_ak,xgb_d3_600_lr002_mcw3,80.0,194,0.711340206185567,0.0002174425666157,0.008,0.0201181372908192,-0.1954525467257568,1.0404605890905685,10,/root/stock_realtime_v021_full/saved_data/601100_pipeline_out_v2_new27_full/04_external/aero_nuclear_equipment/training_samples_with_aero_nuclear_equipment_external.csv,/root/stock_realtime_v021_full/saved_data/601100_pipeline_out_v2_new27_full/00_base/601100_5m.csv,"fundamental,sector",aero_nuclear_equipment,50.0,-0.04583451218562826
601100,601100.SH,close_profit,vwap_low,/root/stock_realtime_v021_full/saved_data/601100_pipeline_out_v2_new27_full/10_search/search_vwap_low_close_profit_50bps,/root/stock_realtime_v021_full/saved_data/601100_pipeline_out_v2_new27_full/10_search/search_vwap_low_close_profit_50bps/summary_50bps.csv,all_no_ak,xgb_d4_500_lr002_mcw5,50.0,209,0.4497607655502392,0.0009345166169361,-0.0025336005515068,0.1329490954614707,-0.2403570640067489,1.1062261072715935,10,/root/stock_realtime_v021_full/saved_data/601100_pipeline_out_v2_new27_full/04_external/aero_nuclear_equipment/training_samples_with_aero_nuclear_equipment_external.csv,/root/stock_realtime_v021_full/saved_data/601100_pipeline_out_v2_new27_full/00_base/601100_5m.csv,"fundamental,sector",aero_nuclear_equipment,50.0,-0.04657911599393727
601100,601100.SH,close_profit,vwap_low,/root/stock_realtime_v021_full/saved_data/601100_pipeline_out_v2_new27_full/10_search/search_vwap_low_close_profit_50bps,/root/stock_realtime_v021_full/saved_data/601100_pipeline_out_v2_new27_full/10_search/search_vwap_low_close_profit_50bps/summary_50bps.csv,all_no_ak,lgbm_leaves15_700,50.0,187,0.4598930481283422,0.0021709545080623,-0.0020045257750871,0.403975402625752,-0.3074365953894304,1.2589675295372822,10,/root/stock_realtime_v021_full/saved_data/601100_pipeline_out_v2_new27_full/04_external/aero_nuclear_equipment/training_samples_with_aero_nuclear_equipment_external.csv,/root/stock_realtime_v021_full/saved_data/601100_pipeline_out_v2_new27_full/00_base/601100_5m.csv,"fundamental,sector",aero_nuclear_equipment,50.0,-0.04717179244726337
601100,601100.SH,hit,vwap_low,/root/stock_realtime_v021_full/saved_data/601100_pipeline_out_v2_new27_full/10_search/search_vwap_low_hit_80bps,/root/stock_realtime_v021_full/saved_data/601100_pipeline_out_v2_new27_full/10_search/search_vwap_low_hit_80bps/summary_80bps.csv,reversal_fundamental_regime_sector,lgbm_leaves7_400,80.0,131,0.6870229007633588,-0.0005243807165642,0.008,-0.0793464782509001,-0.1666175705321995,0.9116093250149492,10,/root/stock_realtime_v021_full/saved_data/601100_pipeline_out_v2_new27_full/04_external/aero_nuclear_equipment/training_samples_with_aero_nuclear_equipment_external.csv,/root/stock_realtime_v021_full/saved_data/601100_pipeline_out_v2_new27_full/00_base/601100_5m.csv,"fundamental,sector",aero_nuclear_equipment,50.0,-0.047656204259840095
601100,601100.SH,hit,all_days,/root/stock_realtime_v021_full/saved_data/601100_pipeline_out_v2_new27_full/10_search/search_all_days_hit_50bps,/root/stock_realtime_v021_full/saved_data/601100_pipeline_out_v2_new27_full/10_search/search_all_days_hit_50bps/summary_50bps.csv,reversal_fundamental_regime,xgb_d2_200_lr003_mcw5,50.0,164,0.7621951219512195,-0.0006184625710114,0.005,-0.1068788389927857,-0.1596994053318828,0.8595229178630915,10,/root/stock_realtime_v021_full/saved_data/601100_pipeline_out_v2_new27_full/04_external/aero_nuclear_equipment/training_samples_with_aero_nuclear_equipment_external.csv,/root/stock_realtime_v021_full/saved_data/601100_pipeline_out_v2_new27_full/00_base/601100_5m.csv,"fundamental,sector",aero_nuclear_equipment,50.0,-0.047845036689746955
601100,601100.SH,hit,vwap_low,/root/stock_realtime_v021_full/saved_data/601100_pipeline_out_v2_new27_full/10_search/search_vwap_low_hit_50bps,/root/stock_realtime_v021_full/saved_data/601100_pipeline_out_v2_new27_full/10_search/search_vwap_low_hit_50bps/summary_50bps.csv,reversal_fundamental_regime,random_forest_600_d4,50.0,134,0.7388059701492538,-0.0007808001275726,0.005,-0.1076726633403286,-0.1587419289110109,0.8252853466287532,10,/root/stock_realtime_v021_full/saved_data/601100_pipeline_out_v2_new27_full/04_external/aero_nuclear_equipment/training_samples_with_aero_nuclear_equipment_external.csv,/root/stock_realtime_v021_full/saved_data/601100_pipeline_out_v2_new27_full/00_base/601100_5m.csv,"fundamental,sector",aero_nuclear_equipment,50.0,-0.048723897158210946
601100,601100.SH,close_profit,vwap_low,/root/stock_realtime_v021_full/saved_data/601100_pipeline_out_v2_new27_full/10_search/search_vwap_low_close_profit_50bps,/root/stock_realtime_v021_full/saved_data/601100_pipeline_out_v2_new27_full/10_search/search_vwap_low_close_profit_50bps/summary_50bps.csv,reversal_fundamental_regime_sector_external,lgbm_leaves7_400,50.0,202,0.4356435643564356,0.000270258118004,-0.0028280636812154,-0.0080498246429183,-0.2105217376925733,1.0315885482834564,10,/root/stock_realtime_v021_full/saved_data/601100_pipeline_out_v2_new27_full/04_external/aero_nuclear_equipment/training_samples_with_aero_nuclear_equipment_external.csv,/root/stock_realtime_v021_full/saved_data/601100_pipeline_out_v2_new27_full/00_base/601100_5m.csv,"fundamental,sector",aero_nuclear_equipment,50.0,-0.048789344868068234
601100,601100.SH,hit,all_days,/root/stock_realtime_v021_full/saved_data/601100_pipeline_out_v2_new27_full/10_search/search_all_days_hit_50bps,/root/stock_realtime_v021_full/saved_data/601100_pipeline_out_v2_new27_full/10_search/search_all_days_hit_50bps/summary_50bps.csv,all_no_ak,random_forest_600_d4,50.0,208,0.7836538461538461,-0.0004311157016581,0.005,-0.1035461388322618,-0.1703878372328833,0.900307603205637,10,/root/stock_realtime_v021_full/saved_data/601100_pipeline_out_v2_new27_full/04_external/aero_nuclear_equipment/training_samples_with_aero_nuclear_equipment_external.csv,/root/stock_realtime_v021_full/saved_data/601100_pipeline_out_v2_new27_full/00_base/601100_5m.csv,"fundamental,sector",aero_nuclear_equipment,50.0,-0.048814598380164484
601100,601100.SH,hit,vwap_low,/root/stock_realtime_v021_full/saved_data/601100_pipeline_out_v2_new27_full/10_search/search_vwap_low_hit_50bps,/root/stock_realtime_v021_full/saved_data/601100_pipeline_out_v2_new27_full/10_search/search_vwap_low_hit_50bps/summary_50bps.csv,reversal_fundamental_regime_sector,random_forest_600_d4,50.0,129,0.7674418604651163,-0.0002197747422883,0.005,-0.0367157033787306,-0.1864103847182578,0.9457470913431308,10,/root/stock_realtime_v021_full/saved_data/601100_pipeline_out_v2_new27_full/04_external/aero_nuclear_equipment/training_samples_with_aero_nuclear_equipment_external.csv,/root/stock_realtime_v021_full/saved_data/601100_pipeline_out_v2_new27_full/00_base/601100_5m.csv,"fundamental,sector",aero_nuclear_equipment,50.0,-0.04909875741591871
601100,601100.SH,close_profit,all_days,/root/stock_realtime_v021_full/saved_data/601100_pipeline_out_v2_new27_full/10_search/search_all_days_close_profit_50bps,/root/stock_realtime_v021_full/saved_data/601100_pipeline_out_v2_new27_full/10_search/search_all_days_close_profit_50bps/summary_50bps.csv,reversal_fundamental_regime_sector_external,lgbm_leaves7_400,50.0,204,0.4411764705882353,0.0002224213559154,-0.0026888756699723,-0.0171538990962779,-0.2105217376925733,1.025673438212872,10,/root/stock_realtime_v021_full/saved_data/601100_pipeline_out_v2_new27_full/04_external/aero_nuclear_equipment/training_samples_with_aero_nuclear_equipment_external.csv,/root/stock_realtime_v021_full/saved_data/601100_pipeline_out_v2_new27_full/00_base/601100_5m.csv,"fundamental,sector",aero_nuclear_equipment,50.0,-0.049453622034644755
601100,601100.SH,hit,vwap_low,/root/stock_realtime_v021_full/saved_data/601100_pipeline_out_v2_new27_full/10_search/search_vwap_low_hit_80bps,/root/stock_realtime_v021_full/saved_data/601100_pipeline_out_v2_new27_full/10_search/search_vwap_low_hit_80bps/summary_80bps.csv,reversal_fundamental_regime,random_forest_600_d4,80.0,144,0.7013888888888888,-0.0004409405604782,0.008,-0.0802200120855831,-0.1786154272223861,0.925838904298312,10,/root/stock_realtime_v021_full/saved_data/601100_pipeline_out_v2_new27_full/04_external/aero_nuclear_equipment/training_samples_with_aero_nuclear_equipment_external.csv,/root/stock_realtime_v021_full/saved_data/601100_pipeline_out_v2_new27_full/00_base/601100_5m.csv,"fundamental,sector",aero_nuclear_equipment,50.0,-0.049945143531334925
601100,601100.SH,hit,all_days,/root/stock_realtime_v021_full/saved_data/601100_pipeline_out_v2_new27_full/10_search/search_all_days_hit_80bps,/root/stock_realtime_v021_full/saved_data/601100_pipeline_out_v2_new27_full/10_search/search_all_days_hit_80bps/summary_80bps.csv,reversal_fundamental_regime_sector,random_forest_600_d4,80.0,169,0.7159763313609467,-0.0002034857359731,0.008,-0.0528083809419381,-0.1903709525346232,0.9654200243412988,10,/root/stock_realtime_v021_full/saved_data/601100_pipeline_out_v2_new27_full/04_external/aero_nuclear_equipment/training_samples_with_aero_nuclear_equipment_external.csv,/root/stock_realtime_v021_full/saved_data/601100_pipeline_out_v2_new27_full/00_base/601100_5m.csv,"fundamental,sector",aero_nuclear_equipment,50.0,-0.050238052701306095
601100,601100.SH,close_profit,vwap_low,/root/stock_realtime_v021_full/saved_data/601100_pipeline_out_v2_new27_full/10_search/search_vwap_low_close_profit_50bps,/root/stock_realtime_v021_full/saved_data/601100_pipeline_out_v2_new27_full/10_search/search_vwap_low_close_profit_50bps/summary_50bps.csv,reversal_fundamental_regime_sector_external,xgb_d2_200_lr003_mcw5,50.0,207,0.4879227053140096,0.0017596689415451,-0.0003479359430604,0.3244703771358999,-0.3026675543463362,1.191188785522162,10,/root/stock_realtime_v021_full/saved_data/601100_pipeline_out_v2_new27_full/04_external/aero_nuclear_equipment/training_samples_with_aero_nuclear_equipment_external.csv,/root/stock_realtime_v021_full/saved_data/601100_pipeline_out_v2_new27_full/00_base/601100_5m.csv,"fundamental,sector",aero_nuclear_equipment,50.0,-0.05034966124521509
601100,601100.SH,hit,all_days,/root/stock_realtime_v021_full/saved_data/601100_pipeline_out_v2_new27_full/10_search/search_all_days_hit_80bps,/root/stock_realtime_v021_full/saved_data/601100_pipeline_out_v2_new27_full/10_search/search_all_days_hit_80bps/summary_80bps.csv,reversal_fundamental_regime,lgbm_leaves7_400,80.0,147,0.7074829931972789,-0.0001131972570452,0.008,-0.0312173543316722,-0.1983897174572522,0.9800278764184084,10,/root/stock_realtime_v021_full/saved_data/601100_pipeline_out_v2_new27_full/04_external/aero_nuclear_equipment/training_samples_with_aero_nuclear_equipment_external.csv,/root/stock_realtime_v021_full/saved_data/601100_pipeline_out_v2_new27_full/00_base/601100_5m.csv,"fundamental,sector",aero_nuclear_equipment,50.0,-0.05096987316767109
601100,601100.SH,close_profit,all_days,/root/stock_realtime_v021_full/saved_data/601100_pipeline_out_v2_new27_full/10_search/search_all_days_close_profit_50bps,/root/stock_realtime_v021_full/saved_data/601100_pipeline_out_v2_new27_full/10_search/search_all_days_close_profit_50bps/summary_50bps.csv,reversal_fundamental_regime,xgb_d2_200_lr003_mcw5,50.0,130,0.4461538461538462,0.000678997187899,-0.0028198098729655,0.0449292384307755,-0.2413566030385385,1.07163669847836,10,/root/stock_realtime_v021_full/saved_data/601100_pipeline_out_v2_new27_full/04_external/aero_nuclear_equipment/training_samples_with_aero_nuclear_equipment_external.csv,/root/stock_realtime_v021_full/saved_data/601100_pipeline_out_v2_new27_full/00_base/601100_5m.csv,"fundamental,sector",aero_nuclear_equipment,50.0,-0.052597391686096014
601100,601100.SH,hit,all_days,/root/stock_realtime_v021_full/saved_data/601100_pipeline_out_v2_new27_full/10_search/search_all_days_hit_50bps,/root/stock_realtime_v021_full/saved_data/601100_pipeline_out_v2_new27_full/10_search/search_all_days_hit_50bps/summary_50bps.csv,all_no_ak,lgbm_leaves7_400,50.0,166,0.7710843373493976,-0.0005479366992416,0.005,-0.0982539021824091,-0.1847657086946891,0.8746750019022523,10,/root/stock_realtime_v021_full/saved_data/601100_pipeline_out_v2_new27_full/04_external/aero_nuclear_equipment/training_samples_with_aero_nuclear_equipment_external.csv,/root/stock_realtime_v021_full/saved_data/601100_pipeline_out_v2_new27_full/00_base/601100_5m.csv,"fundamental,sector",aero_nuclear_equipment,50.0,-0.053251097702696946
601100,601100.SH,hit,vwap_low,/root/stock_realtime_v021_full/saved_data/601100_pipeline_out_v2_new27_full/10_search/search_vwap_low_hit_80bps,/root/stock_realtime_v021_full/saved_data/601100_pipeline_out_v2_new27_full/10_search/search_vwap_low_hit_80bps/summary_80bps.csv,reversal_fundamental_regime_sector,random_forest_600_d4,80.0,150,0.7,-0.0005111251984551,0.008,-0.0907359984582096,-0.1903709525346232,0.9156335912308944,10,/root/stock_realtime_v021_full/saved_data/601100_pipeline_out_v2_new27_full/04_external/aero_nuclear_equipment/training_samples_with_aero_nuclear_equipment_external.csv,/root/stock_realtime_v021_full/saved_data/601100_pipeline_out_v2_new27_full/00_base/601100_5m.csv,"fundamental,sector",aero_nuclear_equipment,50.0,-0.05385271778812471
601100,601100.SH,hit,vwap_low,/root/stock_realtime_v021_full/saved_data/601100_pipeline_out_v2_new27_full/10_search/search_vwap_low_hit_80bps,/root/stock_realtime_v021_full/saved_data/601100_pipeline_out_v2_new27_full/10_search/search_vwap_low_hit_80bps/summary_80bps.csv,reversal_fundamental_regime_sector,lgbm_leaves15_700,80.0,202,0.7029702970297029,-0.0005604822415081,0.008,-0.1288215665938737,-0.1857910809110238,0.9085248965883228,10,/root/stock_realtime_v021_full/saved_data/601100_pipeline_out_v2_new27_full/04_external/aero_nuclear_equipment/training_samples_with_aero_nuclear_equipment_external.csv,/root/stock_realtime_v021_full/saved_data/601100_pipeline_out_v2_new27_full/00_base/601100_5m.csv,"fundamental,sector",aero_nuclear_equipment,50.0,-0.05441371959335455
601100,601100.SH,hit,vwap_low,/root/stock_realtime_v021_full/saved_data/601100_pipeline_out_v2_new27_full/10_search/search_vwap_low_hit_80bps,/root/stock_realtime_v021_full/saved_data/601100_pipeline_out_v2_new27_full/10_search/search_vwap_low_hit_80bps/summary_80bps.csv,reversal_fundamental_regime,xgb_d2_200_lr003_mcw5,80.0,142,0.6619718309859155,-0.0008709961173926,0.008,-0.1294967639031221,-0.176533657445762,0.8574543594807749,10,/root/stock_realtime_v021_full/saved_data/601100_pipeline_out_v2_new27_full/04_external/aero_nuclear_equipment/training_samples_with_aero_nuclear_equipment_external.csv,/root/stock_realtime_v021_full/saved_data/601100_pipeline_out_v2_new27_full/00_base/601100_5m.csv,"fundamental,sector",aero_nuclear_equipment,50.0,-0.05451253097051873
601100,601100.SH,hit,all_days,/root/stock_realtime_v021_full/saved_data/601100_pipeline_out_v2_new27_full/10_search/search_all_days_hit_50bps,/root/stock_realtime_v021_full/saved_data/601100_pipeline_out_v2_new27_full/10_search/search_all_days_hit_50bps/summary_50bps.csv,reversal_fundamental_regime_sector,xgb_d2_200_lr003_mcw5,50.0,175,0.7771428571428571,-0.00040465327811,0.005,-0.0792877754860863,-0.1969116765377094,0.9051268673792908,10,/root/stock_realtime_v021_full/saved_data/601100_pipeline_out_v2_new27_full/04_external/aero_nuclear_equipment/training_samples_with_aero_nuclear_equipment_external.csv,/root/stock_realtime_v021_full/saved_data/601100_pipeline_out_v2_new27_full/00_base/601100_5m.csv,"fundamental,sector",aero_nuclear_equipment,50.0,-0.054580978839857935
601100,601100.SH,hit,vwap_low,/root/stock_realtime_v021_full/saved_data/601100_pipeline_out_v2_new27_full/10_search/search_vwap_low_hit_80bps,/root/stock_realtime_v021_full/saved_data/601100_pipeline_out_v2_new27_full/10_search/search_vwap_low_hit_80bps/summary_80bps.csv,reversal_fundamental_regime_sector,xgb_d2_200_lr003_mcw5,80.0,201,0.7213930348258707,4.977739797161326e-06,0.008,-0.0233080516651397,-0.2236726976607908,1.0008752579403752,10,/root/stock_realtime_v021_full/saved_data/601100_pipeline_out_v2_new27_full/04_external/aero_nuclear_equipment/training_samples_with_aero_nuclear_equipment_external.csv,/root/stock_realtime_v021_full/saved_data/601100_pipeline_out_v2_new27_full/00_base/601100_5m.csv,"fundamental,sector",aero_nuclear_equipment,50.0,-0.05584760277364716
601100,601100.SH,close_profit,vwap_low,/root/stock_realtime_v021_full/saved_data/601100_pipeline_out_v2_new27_full/10_search/search_vwap_low_close_profit_50bps,/root/stock_realtime_v021_full/saved_data/601100_pipeline_out_v2_new27_full/10_search/search_vwap_low_close_profit_50bps/summary_50bps.csv,reversal_fundamental_regime_sector_external,xgb_d4_500_lr002_mcw5,50.0,199,0.4673366834170854,-0.0001033191009459,-0.0014292475995591,-0.0771810349207752,-0.219482305247471,0.9882258210812548,10,/root/stock_realtime_v021_full/saved_data/601100_pipeline_out_v2_new27_full/04_external/aero_nuclear_equipment/training_samples_with_aero_nuclear_equipment_external.csv,/root/stock_realtime_v021_full/saved_data/601100_pipeline_out_v2_new27_full/00_base/601100_5m.csv,"fundamental,sector",aero_nuclear_equipment,50.0,-0.05632807159056801
601100,601100.SH,hit,all_days,/root/stock_realtime_v021_full/saved_data/601100_pipeline_out_v2_new27_full/10_search/search_all_days_hit_80bps,/root/stock_realtime_v021_full/saved_data/601100_pipeline_out_v2_new27_full/10_search/search_all_days_hit_80bps/summary_80bps.csv,all_no_ak,xgb_d2_200_lr003_mcw5,80.0,227,0.6916299559471366,4.66397756948832e-05,0.008,-0.0115674232661696,-0.2303437483729642,1.008664211492212,10,/root/stock_realtime_v021_full/saved_data/601100_pipeline_out_v2_new27_full/04_external/aero_nuclear_equipment/training_samples_with_aero_nuclear_equipment_external.csv,/root/stock_realtime_v021_full/saved_data/601100_pipeline_out_v2_new27_full/00_base/601100_5m.csv,"fundamental,sector",aero_nuclear_equipment,50.0,-0.05688323801849478
601100,601100.SH,hit,all_days,/root/stock_realtime_v021_full/saved_data/601100_pipeline_out_v2_new27_full/10_search/search_all_days_hit_80bps,/root/stock_realtime_v021_full/saved_data/601100_pipeline_out_v2_new27_full/10_search/search_all_days_hit_80bps/summary_80bps.csv,reversal_fundamental_regime,xgb_d3_400_lr003_mcw3,80.0,194,0.6958762886597938,-0.0001784946867757,0.008,-0.0528263914284763,-0.218675954220712,0.9682651311745064,10,/root/stock_realtime_v021_full/saved_data/601100_pipeline_out_v2_new27_full/04_external/aero_nuclear_equipment/training_samples_with_aero_nuclear_equipment_external.csv,/root/stock_realtime_v021_full/saved_data/601100_pipeline_out_v2_new27_full/00_base/601100_5m.csv,"fundamental,sector",aero_nuclear_equipment,50.0,-0.05715513185800431
601100,601100.SH,hit,vwap_low,/root/stock_realtime_v021_full/saved_data/601100_pipeline_out_v2_new27_full/10_search/search_vwap_low_hit_50bps,/root/stock_realtime_v021_full/saved_data/601100_pipeline_out_v2_new27_full/10_search/search_vwap_low_hit_50bps/summary_50bps.csv,all_no_ak,random_forest_600_d4,50.0,204,0.7745098039215687,-0.0006452846158693,0.005,-0.1403715445583873,-0.1964922407347449,0.8563614405410368,10,/root/stock_realtime_v021_full/saved_data/601100_pipeline_out_v2_new27_full/04_external/aero_nuclear_equipment/training_samples_with_aero_nuclear_equipment_external.csv,/root/stock_realtime_v021_full/saved_data/601100_pipeline_out_v2_new27_full/00_base/601100_5m.csv,"fundamental,sector",aero_nuclear_equipment,50.0,-0.058339567984226966
601100,601100.SH,hit,vwap_low,/root/stock_realtime_v021_full/saved_data/601100_pipeline_out_v2_new27_full/10_search/search_vwap_low_hit_80bps,/root/stock_realtime_v021_full/saved_data/601100_pipeline_out_v2_new27_full/10_search/search_vwap_low_hit_80bps/summary_80bps.csv,reversal_fundamental_regime,extra_trees_600_d3,80.0,118,0.7033898305084746,-0.0010533367593584,0.008,-0.1333637996285986,-0.1928502350507493,0.8389213719071014,10,/root/stock_realtime_v021_full/saved_data/601100_pipeline_out_v2_new27_full/04_external/aero_nuclear_equipment/training_samples_with_aero_nuclear_equipment_external.csv,/root/stock_realtime_v021_full/saved_data/601100_pipeline_out_v2_new27_full/00_base/601100_5m.csv,"fundamental,sector",aero_nuclear_equipment,50.0,-0.05965472476290981
601100,601100.SH,hit,vwap_low,/root/stock_realtime_v021_full/saved_data/601100_pipeline_out_v2_new27_full/10_search/search_vwap_low_hit_80bps,/root/stock_realtime_v021_full/saved_data/601100_pipeline_out_v2_new27_full/10_search/search_vwap_low_hit_80bps/summary_80bps.csv,all_no_ak,random_forest_600_d4,80.0,199,0.7085427135678392,1.6976049139865328e-05,0.008,-0.0174402372471236,-0.2413589005802717,1.003075337410965,10,/root/stock_realtime_v021_full/saved_data/601100_pipeline_out_v2_new27_full/04_external/aero_nuclear_equipment/training_samples_with_aero_nuclear_equipment_external.csv,/root/stock_realtime_v021_full/saved_data/601100_pipeline_out_v2_new27_full/00_base/601100_5m.csv,"fundamental,sector",aero_nuclear_equipment,50.0,-0.06010024850187401
601100,601100.SH,hit,vwap_low,/root/stock_realtime_v021_full/saved_data/601100_pipeline_out_v2_new27_full/10_search/search_vwap_low_hit_80bps,/root/stock_realtime_v021_full/saved_data/601100_pipeline_out_v2_new27_full/10_search/search_vwap_low_hit_80bps/summary_80bps.csv,reversal_fundamental_regime,lgbm_leaves7_400,80.0,142,0.6971830985915493,-0.0008905496775298,0.008,-0.1342704151268203,-0.1983897174572522,0.8599546281505183,10,/root/stock_realtime_v021_full/saved_data/601100_pipeline_out_v2_new27_full/04_external/aero_nuclear_equipment/training_samples_with_aero_nuclear_equipment_external.csv,/root/stock_realtime_v021_full/saved_data/601100_pipeline_out_v2_new27_full/00_base/601100_5m.csv,"fundamental,sector",aero_nuclear_equipment,50.0,-0.06020955353419898
601100,601100.SH,hit,all_days,/root/stock_realtime_v021_full/saved_data/601100_pipeline_out_v2_new27_full/10_search/search_all_days_hit_80bps,/root/stock_realtime_v021_full/saved_data/601100_pipeline_out_v2_new27_full/10_search/search_all_days_hit_80bps/summary_80bps.csv,all_no_ak,random_forest_600_d4,80.0,212,0.7122641509433962,-8.486341499673496e-05,0.008,-0.0408449673663582,-0.2413589005802717,0.985005730942262,10,/root/stock_realtime_v021_full/saved_data/601100_pipeline_out_v2_new27_full/04_external/aero_nuclear_equipment/training_samples_with_aero_nuclear_equipment_external.csv,/root/stock_realtime_v021_full/saved_data/601100_pipeline_out_v2_new27_full/00_base/601100_5m.csv,"fundamental,sector",aero_nuclear_equipment,50.0,-0.061575355118579624
601100,601100.SH,close_profit,all_days,/root/stock_realtime_v021_full/saved_data/601100_pipeline_out_v2_new27_full/10_search/search_all_days_close_profit_50bps,/root/stock_realtime_v021_full/saved_data/601100_pipeline_out_v2_new27_full/10_search/search_all_days_close_profit_50bps/summary_50bps.csv,reversal_fundamental_regime_sector_external,xgb_d3_400_lr003_mcw3,50.0,212,0.4811320754716981,0.0007205545667974,-0.000354079251728,0.0825246923562197,-0.288696216092827,1.0791379781420134,10,/root/stock_realtime_v021_full/saved_data/601100_pipeline_out_v2_new27_full/04_external/aero_nuclear_equipment/training_samples_with_aero_nuclear_equipment_external.csv,/root/stock_realtime_v021_full/saved_data/601100_pipeline_out_v2_new27_full/00_base/601100_5m.csv,"fundamental,sector",aero_nuclear_equipment,50.0,-0.06168262116819076
601100,601100.SH,hit,all_days,/root/stock_realtime_v021_full/saved_data/601100_pipeline_out_v2_new27_full/10_search/search_all_days_hit_50bps,/root/stock_realtime_v021_full/saved_data/601100_pipeline_out_v2_new27_full/10_search/search_all_days_hit_50bps/summary_50bps.csv,all_no_ak,xgb_d3_400_lr003_mcw3,50.0,184,0.7391304347826086,-0.0009875699243494,0.005,-0.1791024462020248,-0.2019737647795629,0.788042806648781,10,/root/stock_realtime_v021_full/saved_data/601100_pipeline_out_v2_new27_full/04_external/aero_nuclear_equipment/training_samples_with_aero_nuclear_equipment_external.csv,/root/stock_realtime_v021_full/saved_data/601100_pipeline_out_v2_new27_full/00_base/601100_5m.csv,"fundamental,sector",aero_nuclear_equipment,50.0,-0.06388949141158609
601100,601100.SH,close_profit,all_days,/root/stock_realtime_v021_full/saved_data/601100_pipeline_out_v2_new27_full/10_search/search_all_days_close_profit_50bps,/root/stock_realtime_v021_full/saved_data/601100_pipeline_out_v2_new27_full/10_search/search_all_days_close_profit_50bps/summary_50bps.csv,reversal_fundamental_regime_sector_external,random_forest_600_d4,50.0,184,0.4565217391304347,0.000168158017825,-0.0025214323473874,-0.0318629176974797,-0.2678893646140927,1.0177130748375087,10,/root/stock_realtime_v021_full/saved_data/601100_pipeline_out_v2_new27_full/04_external/aero_nuclear_equipment/training_samples_with_aero_nuclear_equipment_external.csv,/root/stock_realtime_v021_full/saved_data/601100_pipeline_out_v2_new27_full/00_base/601100_5m.csv,"fundamental,sector",aero_nuclear_equipment,50.0,-0.06469133482112835
601100,601100.SH,hit,vwap_low,/root/stock_realtime_v021_full/saved_data/601100_pipeline_out_v2_new27_full/10_search/search_vwap_low_hit_50bps,/root/stock_realtime_v021_full/saved_data/601100_pipeline_out_v2_new27_full/10_search/search_vwap_low_hit_50bps/summary_50bps.csv,reversal_fundamental_regime_sector_external,random_forest_600_d4,50.0,188,0.7659574468085106,-0.000968100852503,0.005,-0.1821429047884863,-0.2066424718427074,0.7970570641578528,10,/root/stock_realtime_v021_full/saved_data/601100_pipeline_out_v2_new27_full/04_external/aero_nuclear_equipment/training_samples_with_aero_nuclear_equipment_external.csv,/root/stock_realtime_v021_full/saved_data/601100_pipeline_out_v2_new27_full/00_base/601100_5m.csv,"fundamental,sector",aero_nuclear_equipment,50.0,-0.06493454808690557
601100,601100.SH,close_profit,all_days,/root/stock_realtime_v021_full/saved_data/601100_pipeline_out_v2_new27_full/10_search/search_all_days_close_profit_50bps,/root/stock_realtime_v021_full/saved_data/601100_pipeline_out_v2_new27_full/10_search/search_all_days_close_profit_50bps/summary_50bps.csv,all_no_ak,extra_trees_600_d3,50.0,179,0.441340782122905,0.0004426388184448,-0.0023622428330523,0.0120614988495946,-0.283504630339082,1.0456095179563931,10,/root/stock_realtime_v021_full/saved_data/601100_pipeline_out_v2_new27_full/04_external/aero_nuclear_equipment/training_samples_with_aero_nuclear_equipment_external.csv,/root/stock_realtime_v021_full/saved_data/601100_pipeline_out_v2_new27_full/00_base/601100_5m.csv,"fundamental,sector",aero_nuclear_equipment,50.0,-0.06495405380964436
601100,601100.SH,hit,all_days,/root/stock_realtime_v021_full/saved_data/601100_pipeline_out_v2_new27_full/10_search/search_all_days_hit_50bps,/root/stock_realtime_v021_full/saved_data/601100_pipeline_out_v2_new27_full/10_search/search_all_days_hit_50bps/summary_50bps.csv,all_no_ak,xgb_d2_200_lr003_mcw5,50.0,234,0.7307692307692307,-0.0007884151938389,0.005,-0.1826207487276034,-0.2141418890396331,0.8216297644529011,10,/root/stock_realtime_v021_full/saved_data/601100_pipeline_out_v2_new27_full/04_external/aero_nuclear_equipment/training_samples_with_aero_nuclear_equipment_external.csv,/root/stock_realtime_v021_full/saved_data/601100_pipeline_out_v2_new27_full/00_base/601100_5m.csv,"fundamental,sector",aero_nuclear_equipment,50.0,-0.06559590563450104
601100,601100.SH,hit,vwap_low,/root/stock_realtime_v021_full/saved_data/601100_pipeline_out_v2_new27_full/10_search/search_vwap_low_hit_50bps,/root/stock_realtime_v021_full/saved_data/601100_pipeline_out_v2_new27_full/10_search/search_vwap_low_hit_50bps/summary_50bps.csv,reversal_fundamental_regime_sector,lgbm_leaves15_700,50.0,155,0.7419354838709677,-0.0009015846946654,0.005,-0.1395391351370335,-0.2187243480046079,0.8032699431597549,10,/root/stock_realtime_v021_full/saved_data/601100_pipeline_out_v2_new27_full/04_external/aero_nuclear_equipment/training_samples_with_aero_nuclear_equipment_external.csv,/root/stock_realtime_v021_full/saved_data/601100_pipeline_out_v2_new27_full/00_base/601100_5m.csv,"fundamental,sector",aero_nuclear_equipment,50.0,-0.06590572592881953
601100,601100.SH,close_profit,vwap_low,/root/stock_realtime_v021_full/saved_data/601100_pipeline_out_v2_new27_full/10_search/search_vwap_low_close_profit_50bps,/root/stock_realtime_v021_full/saved_data/601100_pipeline_out_v2_new27_full/10_search/search_vwap_low_close_profit_50bps/summary_50bps.csv,reversal_fundamental_regime,xgb_d4_500_lr002_mcw5,50.0,194,0.4381443298969072,0.0004213080764004,-0.0026112947583545,0.023441331365027,-0.2888881861081255,1.046340560766991,10,/root/stock_realtime_v021_full/saved_data/601100_pipeline_out_v2_new27_full/04_external/aero_nuclear_equipment/training_samples_with_aero_nuclear_equipment_external.csv,/root/stock_realtime_v021_full/saved_data/601100_pipeline_out_v2_new27_full/00_base/601100_5m.csv,"fundamental,sector",aero_nuclear_equipment,50.0,-0.06635390405461306
601100,601100.SH,hit,all_days,/root/stock_realtime_v021_full/saved_data/601100_pipeline_out_v2_new27_full/10_search/search_all_days_hit_50bps,/root/stock_realtime_v021_full/saved_data/601100_pipeline_out_v2_new27_full/10_search/search_all_days_hit_50bps/summary_50bps.csv,reversal_fundamental_regime_sector,random_forest_600_d4,50.0,156,0.7628205128205128,-0.0005409291658598,0.005,-0.0916246635988826,-0.2404014507818195,0.8756491996532141,10,/root/stock_realtime_v021_full/saved_data/601100_pipeline_out_v2_new27_full/04_external/aero_nuclear_equipment/training_samples_with_aero_nuclear_equipment_external.csv,/root/stock_realtime_v021_full/saved_data/601100_pipeline_out_v2_new27_full/00_base/601100_5m.csv,"fundamental,sector",aero_nuclear_equipment,50.0,-0.06685656581159441
601100,601100.SH,hit,all_days,/root/stock_realtime_v021_full/saved_data/601100_pipeline_out_v2_new27_full/10_search/search_all_days_hit_80bps,/root/stock_realtime_v021_full/saved_data/601100_pipeline_out_v2_new27_full/10_search/search_all_days_hit_80bps/summary_80bps.csv,all_no_ak,xgb_d3_600_lr002_mcw3,80.0,234,0.7051282051282052,-0.0004858774249642,0.008,-0.1344267315294335,-0.2402297132082875,0.9195507166960408,10,/root/stock_realtime_v021_full/saved_data/601100_pipeline_out_v2_new27_full/04_external/aero_nuclear_equipment/training_samples_with_aero_nuclear_equipment_external.csv,/root/stock_realtime_v021_full/saved_data/601100_pipeline_out_v2_new27_full/00_base/601100_5m.csv,"fundamental,sector",aero_nuclear_equipment,50.0,-0.06748992371539189
601100,601100.SH,hit,vwap_low,/root/stock_realtime_v021_full/saved_data/601100_pipeline_out_v2_new27_full/10_search/search_vwap_low_hit_50bps,/root/stock_realtime_v021_full/saved_data/601100_pipeline_out_v2_new27_full/10_search/search_vwap_low_hit_50bps/summary_50bps.csv,reversal_fundamental_regime_sector_external,lgbm_leaves7_400,50.0,158,0.7911392405063291,-0.0005171608293433,0.005,-0.0907140584825868,-0.2445472728730863,0.8835234742256214,10,/root/stock_realtime_v021_full/saved_data/601100_pipeline_out_v2_new27_full/04_external/aero_nuclear_equipment/training_samples_with_aero_nuclear_equipment_external.csv,/root/stock_realtime_v021_full/saved_data/601100_pipeline_out_v2_new27_full/00_base/601100_5m.csv,"fundamental,sector",aero_nuclear_equipment,50.0,-0.06763742904328747
601100,601100.SH,close_profit,all_days,/root/stock_realtime_v021_full/saved_data/601100_pipeline_out_v2_new27_full/10_search/search_all_days_close_profit_50bps,/root/stock_realtime_v021_full/saved_data/601100_pipeline_out_v2_new27_full/10_search/search_all_days_close_profit_50bps/summary_50bps.csv,all_no_ak,xgb_d3_600_lr002_mcw3,50.0,230,0.4347826086956521,0.000131566693546,-0.002847056163888,-0.0536321406909151,-0.2886222110059648,1.0138535240643096,10,/root/stock_realtime_v021_full/saved_data/601100_pipeline_out_v2_new27_full/04_external/aero_nuclear_equipment/training_samples_with_aero_nuclear_equipment_external.csv,/root/stock_realtime_v021_full/saved_data/601100_pipeline_out_v2_new27_full/00_base/601100_5m.csv,"fundamental,sector",aero_nuclear_equipment,50.0,-0.07016024505200116
601100,601100.SH,hit,vwap_low,/root/stock_realtime_v021_full/saved_data/601100_pipeline_out_v2_new27_full/10_search/search_vwap_low_hit_50bps,/root/stock_realtime_v021_full/saved_data/601100_pipeline_out_v2_new27_full/10_search/search_vwap_low_hit_50bps/summary_50bps.csv,all_no_ak,xgb_d3_400_lr003_mcw3,50.0,156,0.7307692307692307,-0.0014363166503465,0.005,-0.2123915095504769,-0.2129116188954953,0.7162514409357177,10,/root/stock_realtime_v021_full/saved_data/601100_pipeline_out_v2_new27_full/04_external/aero_nuclear_equipment/training_samples_with_aero_nuclear_equipment_external.csv,/root/stock_realtime_v021_full/saved_data/601100_pipeline_out_v2_new27_full/00_base/601100_5m.csv,"fundamental,sector",aero_nuclear_equipment,50.0,-0.07116749393683419
601100,601100.SH,hit,vwap_low,/root/stock_realtime_v021_full/saved_data/601100_pipeline_out_v2_new27_full/10_search/search_vwap_low_hit_80bps,/root/stock_realtime_v021_full/saved_data/601100_pipeline_out_v2_new27_full/10_search/search_vwap_low_hit_80bps/summary_80bps.csv,reversal_fundamental_regime_sector_external,xgb_d3_600_lr002_mcw3,80.0,213,0.676056338028169,-0.0005958680985962,0.008,-0.141260142079486,-0.2520663572880113,0.898905386747367,10,/root/stock_realtime_v021_full/saved_data/601100_pipeline_out_v2_new27_full/04_external/aero_nuclear_equipment/training_samples_with_aero_nuclear_equipment_external.csv,/root/stock_realtime_v021_full/saved_data/601100_pipeline_out_v2_new27_full/00_base/601100_5m.csv,"fundamental,sector",aero_nuclear_equipment,50.0,-0.07171299791790899
601100,601100.SH,hit,all_days,/root/stock_realtime_v021_full/saved_data/601100_pipeline_out_v2_new27_full/10_search/search_all_days_hit_50bps,/root/stock_realtime_v021_full/saved_data/601100_pipeline_out_v2_new27_full/10_search/search_all_days_hit_50bps/summary_50bps.csv,reversal_fundamental_regime,lgbm_leaves7_400,50.0,145,0.7586206896551724,-0.0011012193191644,0.005,-0.1572820444039343,-0.2353944895487778,0.7750006749676733,10,/root/stock_realtime_v021_full/saved_data/601100_pipeline_out_v2_new27_full/04_external/aero_nuclear_equipment/training_samples_with_aero_nuclear_equipment_external.csv,/root/stock_realtime_v021_full/saved_data/601100_pipeline_out_v2_new27_full/00_base/601100_5m.csv,"fundamental,sector",aero_nuclear_equipment,50.0,-0.07210905897090583
601100,601100.SH,close_profit,vwap_low,/root/stock_realtime_v021_full/saved_data/601100_pipeline_out_v2_new27_full/10_search/search_vwap_low_close_profit_50bps,/root/stock_realtime_v021_full/saved_data/601100_pipeline_out_v2_new27_full/10_search/search_vwap_low_close_profit_50bps/summary_50bps.csv,reversal_fundamental_regime_sector_external,xgb_d3_600_lr002_mcw3,50.0,228,0.4561403508771929,-0.0001407495264782,-0.0026071112066147,-0.1016179404035357,-0.2848801819706441,0.984728913180632,10,/root/stock_realtime_v021_full/saved_data/601100_pipeline_out_v2_new27_full/04_external/aero_nuclear_equipment/training_samples_with_aero_nuclear_equipment_external.csv,/root/stock_realtime_v021_full/saved_data/601100_pipeline_out_v2_new27_full/00_base/601100_5m.csv,"fundamental,sector",aero_nuclear_equipment,50.0,-0.07334531673616736
601100,601100.SH,hit,vwap_low,/root/stock_realtime_v021_full/saved_data/601100_pipeline_out_v2_new27_full/10_search/search_vwap_low_hit_80bps,/root/stock_realtime_v021_full/saved_data/601100_pipeline_out_v2_new27_full/10_search/search_vwap_low_hit_80bps/summary_80bps.csv,all_no_ak,lgbm_leaves15_700,80.0,175,0.6685714285714286,-0.0009927722526422,0.008,-0.1760086745476174,-0.2425222420782758,0.8407952717596963,10,/root/stock_realtime_v021_full/saved_data/601100_pipeline_out_v2_new27_full/04_external/aero_nuclear_equipment/training_samples_with_aero_nuclear_equipment_external.csv,/root/stock_realtime_v021_full/saved_data/601100_pipeline_out_v2_new27_full/00_base/601100_5m.csv,"fundamental,sector",aero_nuclear_equipment,50.0,-0.07376370296465219
601100,601100.SH,hit,all_days,/root/stock_realtime_v021_full/saved_data/601100_pipeline_out_v2_new27_full/10_search/search_all_days_hit_50bps,/root/stock_realtime_v021_full/saved_data/601100_pipeline_out_v2_new27_full/10_search/search_all_days_hit_50bps/summary_50bps.csv,reversal_fundamental_regime_sector,xgb_d4_500_lr002_mcw5,50.0,203,0.7536945812807881,-0.0006043981902525,0.005,-0.1263121501159766,-0.2611970687987016,0.8610955189378912,10,/root/stock_realtime_v021_full/saved_data/601100_pipeline_out_v2_new27_full/04_external/aero_nuclear_equipment/training_samples_with_aero_nuclear_equipment_external.csv,/root/stock_realtime_v021_full/saved_data/601100_pipeline_out_v2_new27_full/00_base/601100_5m.csv,"fundamental,sector",aero_nuclear_equipment,50.0,-0.07391061587414219
601100,601100.SH,hit,vwap_low,/root/stock_realtime_v021_full/saved_data/601100_pipeline_out_v2_new27_full/10_search/search_vwap_low_hit_50bps,/root/stock_realtime_v021_full/saved_data/601100_pipeline_out_v2_new27_full/10_search/search_vwap_low_hit_50bps/summary_50bps.csv,reversal_fundamental_regime,xgb_d3_600_lr002_mcw3,50.0,139,0.7410071942446043,-0.0011203904454727,0.005,-0.1526009889308091,-0.244675985402436,0.7678152460068086,10,/root/stock_realtime_v021_full/saved_data/601100_pipeline_out_v2_new27_full/04_external/aero_nuclear_equipment/training_samples_with_aero_nuclear_equipment_external.csv,/root/stock_realtime_v021_full/saved_data/601100_pipeline_out_v2_new27_full/00_base/601100_5m.csv,"fundamental,sector",aero_nuclear_equipment,50.0,-0.07437820489210026
601100,601100.SH,hit,all_days,/root/stock_realtime_v021_full/saved_data/601100_pipeline_out_v2_new27_full/10_search/search_all_days_hit_80bps,/root/stock_realtime_v021_full/saved_data/601100_pipeline_out_v2_new27_full/10_search/search_all_days_hit_80bps/summary_80bps.csv,all_no_ak,lgbm_leaves15_700,80.0,211,0.6872037914691943,-0.0009267511204655,0.008,-0.199223993865971,-0.2438645447525682,0.8537523813453207,10,/root/stock_realtime_v021_full/saved_data/601100_pipeline_out_v2_new27_full/04_external/aero_nuclear_equipment/training_samples_with_aero_nuclear_equipment_external.csv,/root/stock_realtime_v021_full/saved_data/601100_pipeline_out_v2_new27_full/00_base/601100_5m.csv,"fundamental,sector",aero_nuclear_equipment,50.0,-0.07442797380003355
601100,601100.SH,hit,all_days,/root/stock_realtime_v021_full/saved_data/601100_pipeline_out_v2_new27_full/10_search/search_all_days_hit_50bps,/root/stock_realtime_v021_full/saved_data/601100_pipeline_out_v2_new27_full/10_search/search_all_days_hit_50bps/summary_50bps.csv,reversal_fundamental_regime_sector,xgb_d3_400_lr003_mcw3,50.0,151,0.7483443708609272,-0.0010055270398625,0.005,-0.1500754687996029,-0.2487336362377296,0.7868781868993047,10,/root/stock_realtime_v021_full/saved_data/601100_pipeline_out_v2_new27_full/04_external/aero_nuclear_equipment/training_samples_with_aero_nuclear_equipment_external.csv,/root/stock_realtime_v021_full/saved_data/601100_pipeline_out_v2_new27_full/00_base/601100_5m.csv,"fundamental,sector",aero_nuclear_equipment,50.0,-0.0745395321897711
601100,601100.SH,close_profit,all_days,/root/stock_realtime_v021_full/saved_data/601100_pipeline_out_v2_new27_full/10_search/search_all_days_close_profit_50bps,/root/stock_realtime_v021_full/saved_data/601100_pipeline_out_v2_new27_full/10_search/search_all_days_close_profit_50bps/summary_50bps.csv,reversal_fundamental_regime_sector_external,xgb_d4_500_lr002_mcw5,50.0,227,0.4625550660792951,0.0002577122787887,-0.001623872587893,-0.0150256481991838,-0.3174151224701277,1.028644724967129,10,/root/stock_realtime_v021_full/saved_data/601100_pipeline_out_v2_new27_full/04_external/aero_nuclear_equipment/training_samples_with_aero_nuclear_equipment_external.csv,/root/stock_realtime_v021_full/saved_data/601100_pipeline_out_v2_new27_full/00_base/601100_5m.csv,"fundamental,sector",aero_nuclear_equipment,50.0,-0.07547095362796215
601100,601100.SH,close_profit,vwap_low,/root/stock_realtime_v021_full/saved_data/601100_pipeline_out_v2_new27_full/10_search/search_vwap_low_close_profit_50bps,/root/stock_realtime_v021_full/saved_data/601100_pipeline_out_v2_new27_full/10_search/search_vwap_low_close_profit_50bps/summary_50bps.csv,reversal_fundamental_regime_sector_external,random_forest_600_d4,50.0,196,0.4387755102040816,-0.0003962955677393,-0.0033478493365617,-0.1343908195261585,-0.2845439183464568,0.9589080360009072,10,/root/stock_realtime_v021_full/saved_data/601100_pipeline_out_v2_new27_full/04_external/aero_nuclear_equipment/training_samples_with_aero_nuclear_equipment_external.csv,/root/stock_realtime_v021_full/saved_data/601100_pipeline_out_v2_new27_full/00_base/601100_5m.csv,"fundamental,sector",aero_nuclear_equipment,50.0,-0.0766841175349644
601100,601100.SH,hit,vwap_low,/root/stock_realtime_v021_full/saved_data/601100_pipeline_out_v2_new27_full/10_search/search_vwap_low_hit_80bps,/root/stock_realtime_v021_full/saved_data/601100_pipeline_out_v2_new27_full/10_search/search_vwap_low_hit_80bps/summary_80bps.csv,all_no_ak,xgb_d2_200_lr003_mcw5,80.0,213,0.6666666666666666,-0.0008002239589846,0.008,-0.1769848962083912,-0.2628102022790389,0.8671474912892949,10,/root/stock_realtime_v021_full/saved_data/601100_pipeline_out_v2_new27_full/04_external/aero_nuclear_equipment/training_samples_with_aero_nuclear_equipment_external.csv,/root/stock_realtime_v021_full/saved_data/601100_pipeline_out_v2_new27_full/00_base/601100_5m.csv,"fundamental,sector",aero_nuclear_equipment,50.0,-0.07738143475899313
601100,601100.SH,close_profit,all_days,/root/stock_realtime_v021_full/saved_data/601100_pipeline_out_v2_new27_full/10_search/search_all_days_close_profit_50bps,/root/stock_realtime_v021_full/saved_data/601100_pipeline_out_v2_new27_full/10_search/search_all_days_close_profit_50bps/summary_50bps.csv,reversal_fundamental_regime_sector_external,xgb_d3_600_lr002_mcw3,50.0,220,0.45,-0.0004026629420782,-0.0024479216922795,-0.1470691032011313,-0.2893314158902234,0.9559442574038798,10,/root/stock_realtime_v021_full/saved_data/601100_pipeline_out_v2_new27_full/04_external/aero_nuclear_equipment/training_samples_with_aero_nuclear_equipment_external.csv,/root/stock_realtime_v021_full/saved_data/601100_pipeline_out_v2_new27_full/00_base/601100_5m.csv,"fundamental,sector",aero_nuclear_equipment,50.0,-0.07830531057625552
601100,601100.SH,hit,all_days,/root/stock_realtime_v021_full/saved_data/601100_pipeline_out_v2_new27_full/10_search/search_all_days_hit_50bps,/root/stock_realtime_v021_full/saved_data/601100_pipeline_out_v2_new27_full/10_search/search_all_days_hit_50bps/summary_50bps.csv,reversal_fundamental_regime,xgb_d4_500_lr002_mcw5,50.0,164,0.7439024390243902,-0.0010848404010663,0.005,-0.1726282629542257,-0.2587033300851702,0.7729272449811787,10,/root/stock_realtime_v021_full/saved_data/601100_pipeline_out_v2_new27_full/04_external/aero_nuclear_equipment/training_samples_with_aero_nuclear_equipment_external.csv,/root/stock_realtime_v021_full/saved_data/601100_pipeline_out_v2_new27_full/00_base/601100_5m.csv,"fundamental,sector",aero_nuclear_equipment,50.0,-0.07856856825292055
601100,601100.SH,close_profit,all_days,/root/stock_realtime_v021_full/saved_data/601100_pipeline_out_v2_new27_full/10_search/search_all_days_close_profit_50bps,/root/stock_realtime_v021_full/saved_data/601100_pipeline_out_v2_new27_full/10_search/search_all_days_close_profit_50bps/summary_50bps.csv,reversal_fundamental_regime_sector,lgbm_leaves7_400,50.0,194,0.4072164948453608,-0.0003150036295796,-0.0035234589191981,-0.113959788575324,-0.297522972717208,0.9642497298837364,10,/root/stock_realtime_v021_full/saved_data/601100_pipeline_out_v2_new27_full/04_external/aero_nuclear_equipment/training_samples_with_aero_nuclear_equipment_external.csv,/root/stock_realtime_v021_full/saved_data/601100_pipeline_out_v2_new27_full/00_base/601100_5m.csv,"fundamental,sector",aero_nuclear_equipment,50.0,-0.07876823604080896
601100,601100.SH,hit,vwap_low,/root/stock_realtime_v021_full/saved_data/601100_pipeline_out_v2_new27_full/10_search/search_vwap_low_hit_50bps,/root/stock_realtime_v021_full/saved_data/601100_pipeline_out_v2_new27_full/10_search/search_vwap_low_hit_50bps/summary_50bps.csv,all_no_ak,xgb_d2_200_lr003_mcw5,50.0,233,0.7381974248927039,-0.0011536815413991,0.005,-0.2515623934808831,-0.2459141083538574,0.7607669649722731,10,/root/stock_realtime_v021_full/saved_data/601100_pipeline_out_v2_new27_full/04_external/aero_nuclear_equipment/training_samples_with_aero_nuclear_equipment_external.csv,/root/stock_realtime_v021_full/saved_data/601100_pipeline_out_v2_new27_full/00_base/601100_5m.csv,"fundamental,sector",aero_nuclear_equipment,50.0,-0.07908871152982798
601100,601100.SH,hit,all_days,/root/stock_realtime_v021_full/saved_data/601100_pipeline_out_v2_new27_full/10_search/search_all_days_hit_50bps,/root/stock_realtime_v021_full/saved_data/601100_pipeline_out_v2_new27_full/10_search/search_all_days_hit_50bps/summary_50bps.csv,reversal_fundamental_regime_sector_external,xgb_d3_400_lr003_mcw3,50.0,232,0.75,-0.001103739307785,0.005,-0.2417228228266633,-0.2497448704627608,0.771548388791401,10,/root/stock_realtime_v021_full/saved_data/601100_pipeline_out_v2_new27_full/04_external/aero_nuclear_equipment/training_samples_with_aero_nuclear_equipment_external.csv,/root/stock_realtime_v021_full/saved_data/601100_pipeline_out_v2_new27_full/00_base/601100_5m.csv,"fundamental,sector",aero_nuclear_equipment,50.0,-0.0792478738879179
601100,601100.SH,hit,vwap_low,/root/stock_realtime_v021_full/saved_data/601100_pipeline_out_v2_new27_full/10_search/search_vwap_low_hit_50bps,/root/stock_realtime_v021_full/saved_data/601100_pipeline_out_v2_new27_full/10_search/search_vwap_low_hit_50bps/summary_50bps.csv,reversal_fundamental_regime_sector_external,lgbm_leaves15_700,50.0,205,0.751219512195122,-0.0012261862406982,0.005,-0.2344648092482437,-0.2482266465062013,0.7526350817974822,10,/root/stock_realtime_v021_full/saved_data/601100_pipeline_out_v2_new27_full/04_external/aero_nuclear_equipment/training_samples_with_aero_nuclear_equipment_external.csv,/root/stock_realtime_v021_full/saved_data/601100_pipeline_out_v2_new27_full/00_base/601100_5m.csv,"fundamental,sector",aero_nuclear_equipment,50.0,-0.07961297681111866
601100,601100.SH,close_profit,vwap_low,/root/stock_realtime_v021_full/saved_data/601100_pipeline_out_v2_new27_full/10_search/search_vwap_low_close_profit_50bps,/root/stock_realtime_v021_full/saved_data/601100_pipeline_out_v2_new27_full/10_search/search_vwap_low_close_profit_50bps/summary_50bps.csv,all_no_ak,xgb_d3_600_lr002_mcw3,50.0,223,0.4260089686098655,-0.0003653964742269,-0.0033728469750889,-0.1503420773439198,-0.2976222769272636,0.9620294928521405,10,/root/stock_realtime_v021_full/saved_data/601100_pipeline_out_v2_new27_full/04_external/aero_nuclear_equipment/training_samples_with_aero_nuclear_equipment_external.csv,/root/stock_realtime_v021_full/saved_data/601100_pipeline_out_v2_new27_full/00_base/601100_5m.csv,"fundamental,sector",aero_nuclear_equipment,50.0,-0.07986210220552468
601100,601100.SH,hit,vwap_low,/root/stock_realtime_v021_full/saved_data/601100_pipeline_out_v2_new27_full/10_search/search_vwap_low_hit_50bps,/root/stock_realtime_v021_full/saved_data/601100_pipeline_out_v2_new27_full/10_search/search_vwap_low_hit_50bps/summary_50bps.csv,reversal_fundamental_regime,xgb_d4_500_lr002_mcw5,50.0,166,0.7469879518072289,-0.0012504263023344,0.005,-0.1987326991027994,-0.2583005314033658,0.7478388661910461,10,/root/stock_realtime_v021_full/saved_data/601100_pipeline_out_v2_new27_full/04_external/aero_nuclear_equipment/training_samples_with_aero_nuclear_equipment_external.csv,/root/stock_realtime_v021_full/saved_data/601100_pipeline_out_v2_new27_full/00_base/601100_5m.csv,"fundamental,sector",aero_nuclear_equipment,50.0,-0.08068574878061169
601100,601100.SH,hit,all_days,/root/stock_realtime_v021_full/saved_data/601100_pipeline_out_v2_new27_full/10_search/search_all_days_hit_50bps,/root/stock_realtime_v021_full/saved_data/601100_pipeline_out_v2_new27_full/10_search/search_all_days_hit_50bps/summary_50bps.csv,all_no_ak,xgb_d4_500_lr002_mcw5,50.0,162,0.7530864197530864,-0.0012984719195915,0.005,-0.2024298465064693,-0.2570544251034199,0.7421989742740869,10,/root/stock_realtime_v021_full/saved_data/601100_pipeline_out_v2_new27_full/04_external/aero_nuclear_equipment/training_samples_with_aero_nuclear_equipment_external.csv,/root/stock_realtime_v021_full/saved_data/601100_pipeline_out_v2_new27_full/00_base/601100_5m.csv,"fundamental,sector",aero_nuclear_equipment,50.0,-0.08079045566727731
601100,601100.SH,close_profit,all_days,/root/stock_realtime_v021_full/saved_data/601100_pipeline_out_v2_new27_full/10_search/search_all_days_close_profit_50bps,/root/stock_realtime_v021_full/saved_data/601100_pipeline_out_v2_new27_full/10_search/search_all_days_close_profit_50bps/summary_50bps.csv,reversal_fundamental_regime_sector_external,extra_trees_600_d3,50.0,196,0.5,0.0005865324947393,9.752273943286832e-05,0.0387690702694014,-0.3566316664781203,1.0591933680184882,10,/root/stock_realtime_v021_full/saved_data/601100_pipeline_out_v2_new27_full/04_external/aero_nuclear_equipment/training_samples_with_aero_nuclear_equipment_external.csv,/root/stock_realtime_v021_full/saved_data/601100_pipeline_out_v2_new27_full/00_base/601100_5m.csv,"fundamental,sector",aero_nuclear_equipment,50.0,-0.08094646169317987
601100,601100.SH,hit,all_days,/root/stock_realtime_v021_full/saved_data/601100_pipeline_out_v2_new27_full/10_search/search_all_days_hit_50bps,/root/stock_realtime_v021_full/saved_data/601100_pipeline_out_v2_new27_full/10_search/search_all_days_hit_50bps/summary_50bps.csv,reversal_fundamental_regime_sector_external,lgbm_leaves7_400,50.0,166,0.7710843373493976,-0.0008562636650169,0.005,-0.1447194100385413,-0.2822923813175367,0.8170553903577876,10,/root/stock_realtime_v021_full/saved_data/601100_pipeline_out_v2_new27_full/04_external/aero_nuclear_equipment/training_samples_with_aero_nuclear_equipment_external.csv,/root/stock_realtime_v021_full/saved_data/601100_pipeline_out_v2_new27_full/00_base/601100_5m.csv,"fundamental,sector",aero_nuclear_equipment,50.0,-0.0816052809255694
601100,601100.SH,hit,all_days,/root/stock_realtime_v021_full/saved_data/601100_pipeline_out_v2_new27_full/10_search/search_all_days_hit_50bps,/root/stock_realtime_v021_full/saved_data/601100_pipeline_out_v2_new27_full/10_search/search_all_days_hit_50bps/summary_50bps.csv,reversal_fundamental_regime_sector_external,xgb_d4_500_lr002_mcw5,50.0,218,0.7339449541284404,-0.0009685228358648,0.005,-0.2050492591552657,-0.270830464615352,0.7901115765888096,10,/root/stock_realtime_v021_full/saved_data/601100_pipeline_out_v2_new27_full/04_external/aero_nuclear_equipment/training_samples_with_aero_nuclear_equipment_external.csv,/root/stock_realtime_v021_full/saved_data/601100_pipeline_out_v2_new27_full/00_base/601100_5m.csv,"fundamental,sector",aero_nuclear_equipment,50.0,-0.08200768445517724
601100,601100.SH,hit,vwap_low,/root/stock_realtime_v021_full/saved_data/601100_pipeline_out_v2_new27_full/10_search/search_vwap_low_hit_80bps,/root/stock_realtime_v021_full/saved_data/601100_pipeline_out_v2_new27_full/10_search/search_vwap_low_hit_80bps/summary_80bps.csv,all_no_ak,xgb_d4_500_lr002_mcw5,80.0,209,0.6555023923444976,-0.0011451665753408,0.008,-0.2320675472201305,-0.2628428304466339,0.817728133181261,10,/root/stock_realtime_v021_full/saved_data/601100_pipeline_out_v2_new27_full/04_external/aero_nuclear_equipment/training_samples_with_aero_nuclear_equipment_external.csv,/root/stock_realtime_v021_full/saved_data/601100_pipeline_out_v2_new27_full/00_base/601100_5m.csv,"fundamental,sector",aero_nuclear_equipment,50.0,-0.08226618874097197
601100,601100.SH,hit,all_days,/root/stock_realtime_v021_full/saved_data/601100_pipeline_out_v2_new27_full/10_search/search_all_days_hit_50bps,/root/stock_realtime_v021_full/saved_data/601100_pipeline_out_v2_new27_full/10_search/search_all_days_hit_50bps/summary_50bps.csv,reversal_fundamental_regime_sector_external,random_forest_600_d4,50.0,196,0.7653061224489796,-0.0013006534136196,0.005,-0.2423293757701623,-0.2576578944177712,0.7450065289286647,10,/root/stock_realtime_v021_full/saved_data/601100_pipeline_out_v2_new27_full/04_external/aero_nuclear_equipment/training_samples_with_aero_nuclear_equipment_external.csv,/root/stock_realtime_v021_full/saved_data/601100_pipeline_out_v2_new27_full/00_base/601100_5m.csv,"fundamental,sector",aero_nuclear_equipment,50.0,-0.0826236213951172
601100,601100.SH,hit,vwap_low,/root/stock_realtime_v021_full/saved_data/601100_pipeline_out_v2_new27_full/10_search/search_vwap_low_hit_50bps,/root/stock_realtime_v021_full/saved_data/601100_pipeline_out_v2_new27_full/10_search/search_vwap_low_hit_50bps/summary_50bps.csv,all_no_ak,xgb_d4_500_lr002_mcw5,50.0,173,0.7514450867052023,-0.001248357782313,0.005,-0.2074786481053604,-0.2665451958241631,0.7493322339990323,10,/root/stock_realtime_v021_full/saved_data/601100_pipeline_out_v2_new27_full/04_external/aero_nuclear_equipment/training_samples_with_aero_nuclear_equipment_external.csv,/root/stock_realtime_v021_full/saved_data/601100_pipeline_out_v2_new27_full/00_base/601100_5m.csv,"fundamental,sector",aero_nuclear_equipment,50.0,-0.08305588200222155
601100,601100.SH,hit,vwap_low,/root/stock_realtime_v021_full/saved_data/601100_pipeline_out_v2_new27_full/10_search/search_vwap_low_hit_50bps,/root/stock_realtime_v021_full/saved_data/601100_pipeline_out_v2_new27_full/10_search/search_vwap_low_hit_50bps/summary_50bps.csv,all_no_ak,extra_trees_600_d3,50.0,171,0.7894736842105263,-0.0015174726717846,0.005,-0.2448076077766344,-0.2568709109828266,0.7220885540130452,10,/root/stock_realtime_v021_full/saved_data/601100_pipeline_out_v2_new27_full/04_external/aero_nuclear_equipment/training_samples_with_aero_nuclear_equipment_external.csv,/root/stock_realtime_v021_full/saved_data/601100_pipeline_out_v2_new27_full/00_base/601100_5m.csv,"fundamental,sector",aero_nuclear_equipment,50.0,-0.08406125782338786
601100,601100.SH,hit,all_days,/root/stock_realtime_v021_full/saved_data/601100_pipeline_out_v2_new27_full/10_search/search_all_days_hit_50bps,/root/stock_realtime_v021_full/saved_data/601100_pipeline_out_v2_new27_full/10_search/search_all_days_hit_50bps/summary_50bps.csv,reversal_fundamental_regime_sector_external,xgb_d3_600_lr002_mcw3,50.0,232,0.7586206896551724,-0.0009107206385074,0.005,-0.2064316085336038,-0.2826912794883963,0.8054629631601252,10,/root/stock_realtime_v021_full/saved_data/601100_pipeline_out_v2_new27_full/04_external/aero_nuclear_equipment/training_samples_with_aero_nuclear_equipment_external.csv,/root/stock_realtime_v021_full/saved_data/601100_pipeline_out_v2_new27_full/00_base/601100_5m.csv,"fundamental,sector",aero_nuclear_equipment,50.0,-0.0845445033634988
601100,601100.SH,hit,all_days,/root/stock_realtime_v021_full/saved_data/601100_pipeline_out_v2_new27_full/10_search/search_all_days_hit_80bps,/root/stock_realtime_v021_full/saved_data/601100_pipeline_out_v2_new27_full/10_search/search_all_days_hit_80bps/summary_80bps.csv,reversal_fundamental_regime_sector_external,xgb_d3_600_lr002_mcw3,80.0,238,0.680672268907563,-0.0006795072812208,0.008,-0.1734789047455727,-0.2972471868838101,0.8872430443402387,10,/root/stock_realtime_v021_full/saved_data/601100_pipeline_out_v2_new27_full/04_external/aero_nuclear_equipment/training_samples_with_aero_nuclear_equipment_external.csv,/root/stock_realtime_v021_full/saved_data/601100_pipeline_out_v2_new27_full/00_base/601100_5m.csv,"fundamental,sector",aero_nuclear_equipment,50.0,-0.08479472448781401
601100,601100.SH,hit,vwap_low,/root/stock_realtime_v021_full/saved_data/601100_pipeline_out_v2_new27_full/10_search/search_vwap_low_hit_50bps,/root/stock_realtime_v021_full/saved_data/601100_pipeline_out_v2_new27_full/10_search/search_vwap_low_hit_50bps/summary_50bps.csv,reversal_fundamental_regime_sector,xgb_d3_400_lr003_mcw3,50.0,136,0.7279411764705882,-0.001577094690346,0.005,-0.2019110820161462,-0.2694881032629806,0.6958012014850268,10,/root/stock_realtime_v021_full/saved_data/601100_pipeline_out_v2_new27_full/04_external/aero_nuclear_equipment/training_samples_with_aero_nuclear_equipment_external.csv,/root/stock_realtime_v021_full/saved_data/601100_pipeline_out_v2_new27_full/00_base/601100_5m.csv,"fundamental,sector",aero_nuclear_equipment,50.0,-0.0857639523617921
601100,601100.SH,hit,all_days,/root/stock_realtime_v021_full/saved_data/601100_pipeline_out_v2_new27_full/10_search/search_all_days_hit_50bps,/root/stock_realtime_v021_full/saved_data/601100_pipeline_out_v2_new27_full/10_search/search_all_days_hit_50bps/summary_50bps.csv,reversal_fundamental_regime,xgb_d3_400_lr003_mcw3,50.0,166,0.7349397590361446,-0.0010713683957611,0.005,-0.172509709268963,-0.2898118740725903,0.7742618566787386,10,/root/stock_realtime_v021_full/saved_data/601100_pipeline_out_v2_new27_full/04_external/aero_nuclear_equipment/training_samples_with_aero_nuclear_equipment_external.csv,/root/stock_realtime_v021_full/saved_data/601100_pipeline_out_v2_new27_full/00_base/601100_5m.csv,"fundamental,sector",aero_nuclear_equipment,50.0,-0.0862565847018267
601100,601100.SH,hit,all_days,/root/stock_realtime_v021_full/saved_data/601100_pipeline_out_v2_new27_full/10_search/search_all_days_hit_50bps,/root/stock_realtime_v021_full/saved_data/601100_pipeline_out_v2_new27_full/10_search/search_all_days_hit_50bps/summary_50bps.csv,reversal_fundamental_regime_sector_external,extra_trees_600_d3,50.0,214,0.7710280373831776,-0.0012865886996185,0.005,-0.2584727264537929,-0.2735997343671859,0.7485904841780662,10,/root/stock_realtime_v021_full/saved_data/601100_pipeline_out_v2_new27_full/04_external/aero_nuclear_equipment/training_samples_with_aero_nuclear_equipment_external.csv,/root/stock_realtime_v021_full/saved_data/601100_pipeline_out_v2_new27_full/00_base/601100_5m.csv,"fundamental,sector",aero_nuclear_equipment,50.0,-0.08722110367085928
601100,601100.SH,hit,vwap_low,/root/stock_realtime_v021_full/saved_data/601100_pipeline_out_v2_new27_full/10_search/search_vwap_low_hit_50bps,/root/stock_realtime_v021_full/saved_data/601100_pipeline_out_v2_new27_full/10_search/search_vwap_low_hit_50bps/summary_50bps.csv,reversal_fundamental_regime_sector_external,xgb_d3_400_lr003_mcw3,50.0,205,0.7463414634146341,-0.0014028936413884,0.005,-0.2644665999485693,-0.2686092743373601,0.7254240753417326,10,/root/stock_realtime_v021_full/saved_data/601100_pipeline_out_v2_new27_full/04_external/aero_nuclear_equipment/training_samples_with_aero_nuclear_equipment_external.csv,/root/stock_realtime_v021_full/saved_data/601100_pipeline_out_v2_new27_full/00_base/601100_5m.csv,"fundamental,sector",aero_nuclear_equipment,50.0,-0.08723869871254732
601100,601100.SH,hit,vwap_low,/root/stock_realtime_v021_full/saved_data/601100_pipeline_out_v2_new27_full/10_search/search_vwap_low_hit_50bps,/root/stock_realtime_v021_full/saved_data/601100_pipeline_out_v2_new27_full/10_search/search_vwap_low_hit_50bps/summary_50bps.csv,reversal_fundamental_regime,lgbm_leaves7_400,50.0,137,0.7445255474452555,-0.0017472345524988,0.005,-0.2223929433350162,-0.2758252747955368,0.6805706506028618,10,/root/stock_realtime_v021_full/saved_data/601100_pipeline_out_v2_new27_full/04_external/aero_nuclear_equipment/training_samples_with_aero_nuclear_equipment_external.csv,/root/stock_realtime_v021_full/saved_data/601100_pipeline_out_v2_new27_full/00_base/601100_5m.csv,"fundamental,sector",aero_nuclear_equipment,50.0,-0.08940717480952315
601100,601100.SH,hit,vwap_low,/root/stock_realtime_v021_full/saved_data/601100_pipeline_out_v2_new27_full/10_search/search_vwap_low_hit_80bps,/root/stock_realtime_v021_full/saved_data/601100_pipeline_out_v2_new27_full/10_search/search_vwap_low_hit_80bps/summary_80bps.csv,reversal_fundamental_regime_sector_external,xgb_d3_400_lr003_mcw3,80.0,249,0.6746987951807228,-0.0007661972463231,0.008,-0.197845157187894,-0.3126850319997508,0.8737639074120092,10,/root/stock_realtime_v021_full/saved_data/601100_pipeline_out_v2_new27_full/04_external/aero_nuclear_equipment/training_samples_with_aero_nuclear_equipment_external.csv,/root/stock_realtime_v021_full/saved_data/601100_pipeline_out_v2_new27_full/00_base/601100_5m.csv,"fundamental,sector",aero_nuclear_equipment,50.0,-0.09026164661437033
601100,601100.SH,hit,all_days,/root/stock_realtime_v021_full/saved_data/601100_pipeline_out_v2_new27_full/10_search/search_all_days_hit_50bps,/root/stock_realtime_v021_full/saved_data/601100_pipeline_out_v2_new27_full/10_search/search_all_days_hit_50bps/summary_50bps.csv,all_no_ak,lgbm_leaves15_700,50.0,242,0.7768595041322314,-0.0011167108661752,0.005,-0.2556103679538587,-0.2919016010934857,0.7757421645155804,10,/root/stock_realtime_v021_full/saved_data/601100_pipeline_out_v2_new27_full/04_external/aero_nuclear_equipment/training_samples_with_aero_nuclear_equipment_external.csv,/root/stock_realtime_v021_full/saved_data/601100_pipeline_out_v2_new27_full/00_base/601100_5m.csv,"fundamental,sector",aero_nuclear_equipment,50.0,-0.09034734444750954
601100,601100.SH,hit,all_days,/root/stock_realtime_v021_full/saved_data/601100_pipeline_out_v2_new27_full/10_search/search_all_days_hit_50bps,/root/stock_realtime_v021_full/saved_data/601100_pipeline_out_v2_new27_full/10_search/search_all_days_hit_50bps/summary_50bps.csv,reversal_fundamental_regime_sector_external,xgb_d2_200_lr003_mcw5,50.0,239,0.7322175732217573,-0.0011305006919463,0.005,-0.2514246949789505,-0.2985994758523361,0.7629925842463404,10,/root/stock_realtime_v021_full/saved_data/601100_pipeline_out_v2_new27_full/04_external/aero_nuclear_equipment/training_samples_with_aero_nuclear_equipment_external.csv,/root/stock_realtime_v021_full/saved_data/601100_pipeline_out_v2_new27_full/00_base/601100_5m.csv,"fundamental,sector",aero_nuclear_equipment,50.0,-0.09212698553485764
601100,601100.SH,hit,vwap_low,/root/stock_realtime_v021_full/saved_data/601100_pipeline_out_v2_new27_full/10_search/search_vwap_low_hit_50bps,/root/stock_realtime_v021_full/saved_data/601100_pipeline_out_v2_new27_full/10_search/search_vwap_low_hit_50bps/summary_50bps.csv,reversal_fundamental_regime_sector_external,xgb_d3_600_lr002_mcw3,50.0,198,0.7373737373737373,-0.0014174495302693,0.005,-0.2583282948369686,-0.2915353859914412,0.7208719498630698,10,/root/stock_realtime_v021_full/saved_data/601100_pipeline_out_v2_new27_full/04_external/aero_nuclear_equipment/training_samples_with_aero_nuclear_equipment_external.csv,/root/stock_realtime_v021_full/saved_data/601100_pipeline_out_v2_new27_full/00_base/601100_5m.csv,"fundamental,sector",aero_nuclear_equipment,50.0,-0.09282912934444862
601100,601100.SH,hit,all_days,/root/stock_realtime_v021_full/saved_data/601100_pipeline_out_v2_new27_full/10_search/search_all_days_hit_80bps,/root/stock_realtime_v021_full/saved_data/601100_pipeline_out_v2_new27_full/10_search/search_all_days_hit_80bps/summary_80bps.csv,all_no_ak,xgb_d4_500_lr002_mcw5,80.0,218,0.6559633027522935,-0.0013128322145104,0.008,-0.2686672304809083,-0.2960605903548525,0.7967275765832055,10,/root/stock_realtime_v021_full/saved_data/601100_pipeline_out_v2_new27_full/04_external/aero_nuclear_equipment/training_samples_with_aero_nuclear_equipment_external.csv,/root/stock_realtime_v021_full/saved_data/601100_pipeline_out_v2_new27_full/00_base/601100_5m.csv,"fundamental,sector",aero_nuclear_equipment,50.0,-0.09339888294373355
601100,601100.SH,hit,vwap_low,/root/stock_realtime_v021_full/saved_data/601100_pipeline_out_v2_new27_full/10_search/search_vwap_low_hit_50bps,/root/stock_realtime_v021_full/saved_data/601100_pipeline_out_v2_new27_full/10_search/search_vwap_low_hit_50bps/summary_50bps.csv,reversal_fundamental_regime_sector_external,xgb_d4_500_lr002_mcw5,50.0,187,0.7272727272727273,-0.0014163085738619,0.005,-0.2458392039303584,-0.2962750567419512,0.7181445927549465,10,/root/stock_realtime_v021_full/saved_data/601100_pipeline_out_v2_new27_full/04_external/aero_nuclear_equipment/training_samples_with_aero_nuclear_equipment_external.csv,/root/stock_realtime_v021_full/saved_data/601100_pipeline_out_v2_new27_full/00_base/601100_5m.csv,"fundamental,sector",aero_nuclear_equipment,50.0,-0.09343649264253238
601100,601100.SH,hit,all_days,/root/stock_realtime_v021_full/saved_data/601100_pipeline_out_v2_new27_full/10_search/search_all_days_hit_80bps,/root/stock_realtime_v021_full/saved_data/601100_pipeline_out_v2_new27_full/10_search/search_all_days_hit_80bps/summary_80bps.csv,reversal_fundamental_regime_sector_external,xgb_d2_200_lr003_mcw5,80.0,220,0.6818181818181818,-0.000887009604431,0.008,-0.2002970197875748,-0.324473034007283,0.8574093888267184,10,/root/stock_realtime_v021_full/saved_data/601100_pipeline_out_v2_new27_full/04_external/aero_nuclear_equipment/training_samples_with_aero_nuclear_equipment_external.csv,/root/stock_realtime_v021_full/saved_data/601100_pipeline_out_v2_new27_full/00_base/601100_5m.csv,"fundamental,sector",aero_nuclear_equipment,50.0,-0.09427473707466176
601100,601100.SH,hit,all_days,/root/stock_realtime_v021_full/saved_data/601100_pipeline_out_v2_new27_full/10_search/search_all_days_hit_50bps,/root/stock_realtime_v021_full/saved_data/601100_pipeline_out_v2_new27_full/10_search/search_all_days_hit_50bps/summary_50bps.csv,all_no_ak,xgb_d3_600_lr002_mcw3,50.0,213,0.7323943661971831,-0.0014911449782012,0.005,-0.2865976561981648,-0.2956537013992061,0.7092591047167027,10,/root/stock_realtime_v021_full/saved_data/601100_pipeline_out_v2_new27_full/04_external/aero_nuclear_equipment/training_samples_with_aero_nuclear_equipment_external.csv,/root/stock_realtime_v021_full/saved_data/601100_pipeline_out_v2_new27_full/00_base/601100_5m.csv,"fundamental,sector",aero_nuclear_equipment,50.0,-0.09567596984030452
601100,601100.SH,hit,all_days,/root/stock_realtime_v021_full/saved_data/601100_pipeline_out_v2_new27_full/10_search/search_all_days_hit_80bps,/root/stock_realtime_v021_full/saved_data/601100_pipeline_out_v2_new27_full/10_search/search_all_days_hit_80bps/summary_80bps.csv,reversal_fundamental_regime_sector_external,xgb_d3_400_lr003_mcw3,80.0,268,0.6791044776119403,-0.0009556039281884,0.008,-0.2523096827610424,-0.3216645056195886,0.8483382694648695,10,/root/stock_realtime_v021_full/saved_data/601100_pipeline_out_v2_new27_full/04_external/aero_nuclear_equipment/training_samples_with_aero_nuclear_equipment_external.csv,/root/stock_realtime_v021_full/saved_data/601100_pipeline_out_v2_new27_full/00_base/601100_5m.csv,"fundamental,sector",aero_nuclear_equipment,50.0,-0.09606003692971539
601100,601100.SH,hit,vwap_low,/root/stock_realtime_v021_full/saved_data/601100_pipeline_out_v2_new27_full/10_search/search_vwap_low_hit_50bps,/root/stock_realtime_v021_full/saved_data/601100_pipeline_out_v2_new27_full/10_search/search_vwap_low_hit_50bps/summary_50bps.csv,all_no_ak,xgb_d3_600_lr002_mcw3,50.0,191,0.7329842931937173,-0.0015845342566333,0.005,-0.2746596608079258,-0.3133288937296213,0.6965837314300285,10,/root/stock_realtime_v021_full/saved_data/601100_pipeline_out_v2_new27_full/04_external/aero_nuclear_equipment/training_samples_with_aero_nuclear_equipment_external.csv,/root/stock_realtime_v021_full/saved_data/601100_pipeline_out_v2_new27_full/00_base/601100_5m.csv,"fundamental,sector",aero_nuclear_equipment,50.0,-0.10023092254433635
601100,601100.SH,hit,vwap_low,/root/stock_realtime_v021_full/saved_data/601100_pipeline_out_v2_new27_full/10_search/search_vwap_low_hit_80bps,/root/stock_realtime_v021_full/saved_data/601100_pipeline_out_v2_new27_full/10_search/search_vwap_low_hit_80bps/summary_80bps.csv,reversal_fundamental_regime_sector_external,random_forest_600_d4,80.0,197,0.6649746192893401,-0.0015347196542685,0.008,-0.281689747323619,-0.316847280140632,0.7729523388516971,10,/root/stock_realtime_v021_full/saved_data/601100_pipeline_out_v2_new27_full/04_external/aero_nuclear_equipment/training_samples_with_aero_nuclear_equipment_external.csv,/root/stock_realtime_v021_full/saved_data/601100_pipeline_out_v2_new27_full/00_base/601100_5m.csv,"fundamental,sector",aero_nuclear_equipment,50.0,-0.10075263687640176
601100,601100.SH,hit,all_days,/root/stock_realtime_v021_full/saved_data/601100_pipeline_out_v2_new27_full/10_search/search_all_days_hit_50bps,/root/stock_realtime_v021_full/saved_data/601100_pipeline_out_v2_new27_full/10_search/search_all_days_hit_50bps/summary_50bps.csv,reversal_fundamental_regime_sector,lgbm_leaves15_700,50.0,171,0.7251461988304093,-0.0016910380919381,0.005,-0.2623491394509769,-0.3156834547402201,0.6803945106315051,10,/root/stock_realtime_v021_full/saved_data/601100_pipeline_out_v2_new27_full/04_external/aero_nuclear_equipment/training_samples_with_aero_nuclear_equipment_external.csv,/root/stock_realtime_v021_full/saved_data/601100_pipeline_out_v2_new27_full/00_base/601100_5m.csv,"fundamental,sector",aero_nuclear_equipment,50.0,-0.10103405614236308
601100,601100.SH,hit,vwap_low,/root/stock_realtime_v021_full/saved_data/601100_pipeline_out_v2_new27_full/10_search/search_vwap_low_hit_80bps,/root/stock_realtime_v021_full/saved_data/601100_pipeline_out_v2_new27_full/10_search/search_vwap_low_hit_80bps/summary_80bps.csv,reversal_fundamental_regime_sector_external,lgbm_leaves15_700,80.0,240,0.6583333333333333,-0.0011535017220275,0.008,-0.2634167664792816,-0.3345672601163314,0.8150904280508343,10,/root/stock_realtime_v021_full/saved_data/601100_pipeline_out_v2_new27_full/04_external/aero_nuclear_equipment/training_samples_with_aero_nuclear_equipment_external.csv,/root/stock_realtime_v021_full/saved_data/601100_pipeline_out_v2_new27_full/00_base/601100_5m.csv,"fundamental,sector",aero_nuclear_equipment,50.0,-0.1015117868660192
601100,601100.SH,hit,vwap_low,/root/stock_realtime_v021_full/saved_data/601100_pipeline_out_v2_new27_full/10_search/search_vwap_low_hit_50bps,/root/stock_realtime_v021_full/saved_data/601100_pipeline_out_v2_new27_full/10_search/search_vwap_low_hit_50bps/summary_50bps.csv,reversal_fundamental_regime_sector_external,xgb_d2_200_lr003_mcw5,50.0,227,0.7224669603524229,-0.0014534265771516,0.005,-0.2947705581584691,-0.3203467254615455,0.7117888009620433,10,/root/stock_realtime_v021_full/saved_data/601100_pipeline_out_v2_new27_full/04_external/aero_nuclear_equipment/training_samples_with_aero_nuclear_equipment_external.csv,/root/stock_realtime_v021_full/saved_data/601100_pipeline_out_v2_new27_full/00_base/601100_5m.csv,"fundamental,sector",aero_nuclear_equipment,50.0,-0.1019847607570529
601100,601100.SH,hit,all_days,/root/stock_realtime_v021_full/saved_data/601100_pipeline_out_v2_new27_full/10_search/search_all_days_hit_80bps,/root/stock_realtime_v021_full/saved_data/601100_pipeline_out_v2_new27_full/10_search/search_all_days_hit_80bps/summary_80bps.csv,all_no_ak,xgb_d3_400_lr003_mcw3,80.0,307,0.6710097719869706,-0.0008914581293414,0.008,-0.2674047744821338,-0.3484949717845135,0.8553007531619122,10,/root/stock_realtime_v021_full/saved_data/601100_pipeline_out_v2_new27_full/04_external/aero_nuclear_equipment/training_samples_with_aero_nuclear_equipment_external.csv,/root/stock_realtime_v021_full/saved_data/601100_pipeline_out_v2_new27_full/00_base/601100_5m.csv,"fundamental,sector",aero_nuclear_equipment,50.0,-0.10274335120258739
601100,601100.SH,close_profit,vwap_low,/root/stock_realtime_v021_full/saved_data/601100_pipeline_out_v2_new27_full/10_search/search_vwap_low_close_profit_50bps,/root/stock_realtime_v021_full/saved_data/601100_pipeline_out_v2_new27_full/10_search/search_vwap_low_close_profit_50bps/summary_50bps.csv,all_no_ak,xgb_d2_200_lr003_mcw5,50.0,171,0.4385964912280701,-0.0011484067945302,-0.0029589978842086,-0.2301918675786408,-0.3592946774783209,0.88867039025296,10,/root/stock_realtime_v021_full/saved_data/601100_pipeline_out_v2_new27_full/04_external/aero_nuclear_equipment/training_samples_with_aero_nuclear_equipment_external.csv,/root/stock_realtime_v021_full/saved_data/601100_pipeline_out_v2_new27_full/00_base/601100_5m.csv,"fundamental,sector",aero_nuclear_equipment,50.0,-0.10484103685987808
601100,601100.SH,hit,vwap_low,/root/stock_realtime_v021_full/saved_data/601100_pipeline_out_v2_new27_full/10_search/search_vwap_low_hit_80bps,/root/stock_realtime_v021_full/saved_data/601100_pipeline_out_v2_new27_full/10_search/search_vwap_low_hit_80bps/summary_80bps.csv,reversal_fundamental_regime_sector_external,xgb_d2_200_lr003_mcw5,80.0,227,0.6696035242290749,-0.0013557043751792,0.008,-0.2869593055694168,-0.3381919223505256,0.7944463093548435,10,/root/stock_realtime_v021_full/saved_data/601100_pipeline_out_v2_new27_full/04_external/aero_nuclear_equipment/training_samples_with_aero_nuclear_equipment_external.csv,/root/stock_realtime_v021_full/saved_data/601100_pipeline_out_v2_new27_full/00_base/601100_5m.csv,"fundamental,sector",aero_nuclear_equipment,50.0,-0.10497372654962177
601100,601100.SH,close_profit,all_days,/root/stock_realtime_v021_full/saved_data/601100_pipeline_out_v2_new27_full/10_search/search_all_days_close_profit_50bps,/root/stock_realtime_v021_full/saved_data/601100_pipeline_out_v2_new27_full/10_search/search_all_days_close_profit_50bps/summary_50bps.csv,all_no_ak,xgb_d2_200_lr003_mcw5,50.0,165,0.4181818181818181,-0.0013768045469444,-0.0038954901960784,-0.2454967998585601,-0.3499072450573285,0.8609968992413372,10,/root/stock_realtime_v021_full/saved_data/601100_pipeline_out_v2_new27_full/04_external/aero_nuclear_equipment/training_samples_with_aero_nuclear_equipment_external.csv,/root/stock_realtime_v021_full/saved_data/601100_pipeline_out_v2_new27_full/00_base/601100_5m.csv,"fundamental,sector",aero_nuclear_equipment,50.0,-0.10516218588519662
601100,601100.SH,close_profit,vwap_low,/root/stock_realtime_v021_full/saved_data/601100_pipeline_out_v2_new27_full/10_search/search_vwap_low_close_profit_50bps,/root/stock_realtime_v021_full/saved_data/601100_pipeline_out_v2_new27_full/10_search/search_vwap_low_close_profit_50bps/summary_50bps.csv,reversal_fundamental_regime_sector_external,xgb_d3_400_lr003_mcw3,50.0,208,0.4567307692307692,-0.0002875140964889,-0.0022041099522218,-0.1206685737578573,-0.4055275655850129,0.968867745352678,10,/root/stock_realtime_v021_full/saved_data/601100_pipeline_out_v2_new27_full/04_external/aero_nuclear_equipment/training_samples_with_aero_nuclear_equipment_external.csv,/root/stock_realtime_v021_full/saved_data/601100_pipeline_out_v2_new27_full/00_base/601100_5m.csv,"fundamental,sector",aero_nuclear_equipment,50.0,-0.10552847866549095
601100,601100.SH,hit,vwap_low,/root/stock_realtime_v021_full/saved_data/601100_pipeline_out_v2_new27_full/10_search/search_vwap_low_hit_50bps,/root/stock_realtime_v021_full/saved_data/601100_pipeline_out_v2_new27_full/10_search/search_vwap_low_hit_50bps/summary_50bps.csv,reversal_fundamental_regime,lgbm_leaves15_700,50.0,163,0.7055214723926381,-0.0019729200732384,0.005,-0.2848606091619505,-0.3266085494432255,0.6413216556993477,10,/root/stock_realtime_v021_full/saved_data/601100_pipeline_out_v2_new27_full/04_external/aero_nuclear_equipment/training_samples_with_aero_nuclear_equipment_external.csv,/root/stock_realtime_v021_full/saved_data/601100_pipeline_out_v2_new27_full/00_base/601100_5m.csv,"fundamental,sector",aero_nuclear_equipment,50.0,-0.1068406946697926
601100,601100.SH,hit,all_days,/root/stock_realtime_v021_full/saved_data/601100_pipeline_out_v2_new27_full/10_search/search_all_days_hit_50bps,/root/stock_realtime_v021_full/saved_data/601100_pipeline_out_v2_new27_full/10_search/search_all_days_hit_50bps/summary_50bps.csv,reversal_fundamental_regime_sector_external,lgbm_leaves15_700,50.0,219,0.7397260273972602,-0.0016883403845524,0.005,-0.3227806199250769,-0.3282877477700773,0.685204742431388,10,/root/stock_realtime_v021_full/saved_data/601100_pipeline_out_v2_new27_full/04_external/aero_nuclear_equipment/training_samples_with_aero_nuclear_equipment_external.csv,/root/stock_realtime_v021_full/saved_data/601100_pipeline_out_v2_new27_full/00_base/601100_5m.csv,"fundamental,sector",aero_nuclear_equipment,50.0,-0.1070570929886642
601100,601100.SH,hit,vwap_low,/root/stock_realtime_v021_full/saved_data/601100_pipeline_out_v2_new27_full/10_search/search_vwap_low_hit_50bps,/root/stock_realtime_v021_full/saved_data/601100_pipeline_out_v2_new27_full/10_search/search_vwap_low_hit_50bps/summary_50bps.csv,all_no_ak,lgbm_leaves15_700,50.0,218,0.7568807339449541,-0.0015656704230761,0.005,-0.3059250028945744,-0.3364620625027247,0.7060486918340523,10,/root/stock_realtime_v021_full/saved_data/601100_pipeline_out_v2_new27_full/04_external/aero_nuclear_equipment/training_samples_with_aero_nuclear_equipment_external.csv,/root/stock_realtime_v021_full/saved_data/601100_pipeline_out_v2_new27_full/00_base/601100_5m.csv,"fundamental,sector",aero_nuclear_equipment,50.0,-0.10723236239304057
601100,601100.SH,hit,all_days,/root/stock_realtime_v021_full/saved_data/601100_pipeline_out_v2_new27_full/10_search/search_all_days_hit_80bps,/root/stock_realtime_v021_full/saved_data/601100_pipeline_out_v2_new27_full/10_search/search_all_days_hit_80bps/summary_80bps.csv,reversal_fundamental_regime_sector_external,lgbm_leaves7_400,80.0,224,0.65625,-0.0013122131343902,0.008,-0.2750214130366709,-0.3523081159038476,0.79617885532771,10,/root/stock_realtime_v021_full/saved_data/601100_pipeline_out_v2_new27_full/04_external/aero_nuclear_equipment/training_samples_with_aero_nuclear_equipment_external.csv,/root/stock_realtime_v021_full/saved_data/601100_pipeline_out_v2_new27_full/00_base/601100_5m.csv,"fundamental,sector",aero_nuclear_equipment,50.0,-0.10771643684521341
601100,601100.SH,hit,vwap_low,/root/stock_realtime_v021_full/saved_data/601100_pipeline_out_v2_new27_full/10_search/search_vwap_low_hit_50bps,/root/stock_realtime_v021_full/saved_data/601100_pipeline_out_v2_new27_full/10_search/search_vwap_low_hit_50bps/summary_50bps.csv,reversal_fundamental_regime,xgb_d3_400_lr003_mcw3,50.0,152,0.7039473684210527,-0.0021442442804874,0.005,-0.2872576586514772,-0.3262265172329455,0.6214245361916183,10,/root/stock_realtime_v021_full/saved_data/601100_pipeline_out_v2_new27_full/04_external/aero_nuclear_equipment/training_samples_with_aero_nuclear_equipment_external.csv,/root/stock_realtime_v021_full/saved_data/601100_pipeline_out_v2_new27_full/00_base/601100_5m.csv,"fundamental,sector",aero_nuclear_equipment,50.0,-0.1079926482450817
601100,601100.SH,hit,vwap_low,/root/stock_realtime_v021_full/saved_data/601100_pipeline_out_v2_new27_full/10_search/search_vwap_low_hit_50bps,/root/stock_realtime_v021_full/saved_data/601100_pipeline_out_v2_new27_full/10_search/search_vwap_low_hit_50bps/summary_50bps.csv,reversal_fundamental_regime_sector,xgb_d3_600_lr002_mcw3,50.0,187,0.7165775401069518,-0.0019227724433891,0.005,-0.3129564344811714,-0.3289732867326643,0.6492642573439927,10,/root/stock_realtime_v021_full/saved_data/601100_pipeline_out_v2_new27_full/04_external/aero_nuclear_equipment/training_samples_with_aero_nuclear_equipment_external.csv,/root/stock_realtime_v021_full/saved_data/601100_pipeline_out_v2_new27_full/00_base/601100_5m.csv,"fundamental,sector",aero_nuclear_equipment,50.0,-0.10853683939216735
601100,601100.SH,hit,vwap_low,/root/stock_realtime_v021_full/saved_data/601100_pipeline_out_v2_new27_full/10_search/search_vwap_low_hit_80bps,/root/stock_realtime_v021_full/saved_data/601100_pipeline_out_v2_new27_full/10_search/search_vwap_low_hit_80bps/summary_80bps.csv,all_no_ak,xgb_d3_400_lr003_mcw3,80.0,268,0.6567164179104478,-0.0012490815312952,0.008,-0.3083749696990954,-0.3590125667114058,0.8045154472951457,10,/root/stock_realtime_v021_full/saved_data/601100_pipeline_out_v2_new27_full/04_external/aero_nuclear_equipment/training_samples_with_aero_nuclear_equipment_external.csv,/root/stock_realtime_v021_full/saved_data/601100_pipeline_out_v2_new27_full/00_base/601100_5m.csv,"fundamental,sector",aero_nuclear_equipment,50.0,-0.11020148762681516
601100,601100.SH,close_profit,all_days,/root/stock_realtime_v021_full/saved_data/601100_pipeline_out_v2_new27_full/10_search/search_all_days_close_profit_50bps,/root/stock_realtime_v021_full/saved_data/601100_pipeline_out_v2_new27_full/10_search/search_all_days_close_profit_50bps/summary_50bps.csv,reversal_fundamental_regime_sector_external,xgb_d2_200_lr003_mcw5,50.0,210,0.4523809523809524,-3.581313574209572e-05,-0.0018887284245255,-0.0844091169575091,-0.4406206037414341,0.99635495644709,10,/root/stock_realtime_v021_full/saved_data/601100_pipeline_out_v2_new27_full/04_external/aero_nuclear_equipment/training_samples_with_aero_nuclear_equipment_external.csv,/root/stock_realtime_v021_full/saved_data/601100_pipeline_out_v2_new27_full/00_base/601100_5m.csv,"fundamental,sector",aero_nuclear_equipment,50.0,-0.11067413257785966
601100,601100.SH,close_profit,vwap_low,/root/stock_realtime_v021_full/saved_data/601100_pipeline_out_v2_new27_full/10_search/search_vwap_low_close_profit_50bps,/root/stock_realtime_v021_full/saved_data/601100_pipeline_out_v2_new27_full/10_search/search_vwap_low_close_profit_50bps/summary_50bps.csv,all_no_ak,xgb_d3_400_lr003_mcw3,50.0,146,0.4178082191780822,-0.0013316651649861,-0.003954837785243,-0.2115987871636031,-0.3823325268308793,0.8517696867660157,10,/root/stock_realtime_v021_full/saved_data/601100_pipeline_out_v2_new27_full/04_external/aero_nuclear_equipment/training_samples_with_aero_nuclear_equipment_external.csv,/root/stock_realtime_v021_full/saved_data/601100_pipeline_out_v2_new27_full/00_base/601100_5m.csv,"fundamental,sector",aero_nuclear_equipment,50.0,-0.11167370311768128
601100,601100.SH,hit,all_days,/root/stock_realtime_v021_full/saved_data/601100_pipeline_out_v2_new27_full/10_search/search_all_days_hit_50bps,/root/stock_realtime_v021_full/saved_data/601100_pipeline_out_v2_new27_full/10_search/search_all_days_hit_50bps/summary_50bps.csv,reversal_fundamental_regime,xgb_d3_600_lr002_mcw3,50.0,195,0.7230769230769231,-0.0017242937190556,0.005,-0.2973604046695539,-0.3578917227275036,0.6770791026990963,10,/root/stock_realtime_v021_full/saved_data/601100_pipeline_out_v2_new27_full/04_external/aero_nuclear_equipment/training_samples_with_aero_nuclear_equipment_external.csv,/root/stock_realtime_v021_full/saved_data/601100_pipeline_out_v2_new27_full/00_base/601100_5m.csv,"fundamental,sector",aero_nuclear_equipment,50.0,-0.11355138208073137
601100,601100.SH,hit,all_days,/root/stock_realtime_v021_full/saved_data/601100_pipeline_out_v2_new27_full/10_search/search_all_days_hit_80bps,/root/stock_realtime_v021_full/saved_data/601100_pipeline_out_v2_new27_full/10_search/search_all_days_hit_80bps/summary_80bps.csv,reversal_fundamental_regime_sector_external,random_forest_600_d4,80.0,211,0.6729857819905213,-0.0016526823091228,0.008,-0.3162175359010083,-0.3592929338285866,0.7621293483779022,10,/root/stock_realtime_v021_full/saved_data/601100_pipeline_out_v2_new27_full/04_external/aero_nuclear_equipment/training_samples_with_aero_nuclear_equipment_external.csv,/root/stock_realtime_v021_full/saved_data/601100_pipeline_out_v2_new27_full/00_base/601100_5m.csv,"fundamental,sector",aero_nuclear_equipment,50.0,-0.11382983067418798
601100,601100.SH,hit,all_days,/root/stock_realtime_v021_full/saved_data/601100_pipeline_out_v2_new27_full/10_search/search_all_days_hit_50bps,/root/stock_realtime_v021_full/saved_data/601100_pipeline_out_v2_new27_full/10_search/search_all_days_hit_50bps/summary_50bps.csv,reversal_fundamental_regime_sector,xgb_d3_600_lr002_mcw3,50.0,187,0.7219251336898396,-0.0019150221334213,0.005,-0.3124459902922742,-0.3643242080022923,0.6518837266358147,10,/root/stock_realtime_v021_full/saved_data/601100_pipeline_out_v2_new27_full/04_external/aero_nuclear_equipment/training_samples_with_aero_nuclear_equipment_external.csv,/root/stock_realtime_v021_full/saved_data/601100_pipeline_out_v2_new27_full/00_base/601100_5m.csv,"fundamental,sector",aero_nuclear_equipment,50.0,-0.11726858581476182
601100,601100.SH,hit,all_days,/root/stock_realtime_v021_full/saved_data/601100_pipeline_out_v2_new27_full/10_search/search_all_days_hit_80bps,/root/stock_realtime_v021_full/saved_data/601100_pipeline_out_v2_new27_full/10_search/search_all_days_hit_80bps/summary_80bps.csv,reversal_fundamental_regime_sector_external,lgbm_leaves15_700,80.0,269,0.6617100371747212,-0.0011658417322401,0.008,-0.2929299631736851,-0.3946019863394759,0.8154772091467152,10,/root/stock_realtime_v021_full/saved_data/601100_pipeline_out_v2_new27_full/04_external/aero_nuclear_equipment/training_samples_with_aero_nuclear_equipment_external.csv,/root/stock_realtime_v021_full/saved_data/601100_pipeline_out_v2_new27_full/00_base/601100_5m.csv,"fundamental,sector",aero_nuclear_equipment,50.0,-0.11777172269895927
601100,601100.SH,hit,vwap_low,/root/stock_realtime_v021_full/saved_data/601100_pipeline_out_v2_new27_full/10_search/search_vwap_low_hit_50bps,/root/stock_realtime_v021_full/saved_data/601100_pipeline_out_v2_new27_full/10_search/search_vwap_low_hit_50bps/summary_50bps.csv,reversal_fundamental_regime_sector,extra_trees_600_d3,50.0,148,0.7162162162162162,-0.0024637427389252,0.005,-0.3180961533087627,-0.3655025379391302,0.5924210841726966,10,/root/stock_realtime_v021_full/saved_data/601100_pipeline_out_v2_new27_full/04_external/aero_nuclear_equipment/training_samples_with_aero_nuclear_equipment_external.csv,/root/stock_realtime_v021_full/saved_data/601100_pipeline_out_v2_new27_full/00_base/601100_5m.csv,"fundamental,sector",aero_nuclear_equipment,50.0,-0.12134835851803957
601100,601100.SH,hit,all_days,/root/stock_realtime_v021_full/saved_data/601100_pipeline_out_v2_new27_full/10_search/search_all_days_hit_50bps,/root/stock_realtime_v021_full/saved_data/601100_pipeline_out_v2_new27_full/10_search/search_all_days_hit_50bps/summary_50bps.csv,reversal_fundamental_regime_sector,extra_trees_600_d3,50.0,175,0.7314285714285714,-0.0020990862985803,0.005,-0.3214372953249944,-0.3748782472309001,0.6353365646513036,10,/root/stock_realtime_v021_full/saved_data/601100_pipeline_out_v2_new27_full/04_external/aero_nuclear_equipment/training_samples_with_aero_nuclear_equipment_external.csv,/root/stock_realtime_v021_full/saved_data/601100_pipeline_out_v2_new27_full/00_base/601100_5m.csv,"fundamental,sector",aero_nuclear_equipment,50.0,-0.12148786344025775
601100,601100.SH,hit,vwap_low,/root/stock_realtime_v021_full/saved_data/601100_pipeline_out_v2_new27_full/10_search/search_vwap_low_hit_80bps,/root/stock_realtime_v021_full/saved_data/601100_pipeline_out_v2_new27_full/10_search/search_vwap_low_hit_80bps/summary_80bps.csv,reversal_fundamental_regime_sector_external,extra_trees_600_d3,80.0,273,0.652014652014652,-0.0015055399113744,0.008,-0.3604226207356048,-0.3871626953725279,0.7719821071638632,10,/root/stock_realtime_v021_full/saved_data/601100_pipeline_out_v2_new27_full/04_external/aero_nuclear_equipment/training_samples_with_aero_nuclear_equipment_external.csv,/root/stock_realtime_v021_full/saved_data/601100_pipeline_out_v2_new27_full/00_base/601100_5m.csv,"fundamental,sector",aero_nuclear_equipment,50.0,-0.12166627566408009
601100,601100.SH,hit,vwap_low,/root/stock_realtime_v021_full/saved_data/601100_pipeline_out_v2_new27_full/10_search/search_vwap_low_hit_80bps,/root/stock_realtime_v021_full/saved_data/601100_pipeline_out_v2_new27_full/10_search/search_vwap_low_hit_80bps/summary_80bps.csv,reversal_fundamental_regime_sector_external,lgbm_leaves7_400,80.0,237,0.6497890295358649,-0.0016863809409191,0.008,-0.3504619589208287,-0.3837094375160408,0.7497360489964252,10,/root/stock_realtime_v021_full/saved_data/601100_pipeline_out_v2_new27_full/04_external/aero_nuclear_equipment/training_samples_with_aero_nuclear_equipment_external.csv,/root/stock_realtime_v021_full/saved_data/601100_pipeline_out_v2_new27_full/00_base/601100_5m.csv,"fundamental,sector",aero_nuclear_equipment,50.0,-0.12188886397063893
601100,601100.SH,hit,all_days,/root/stock_realtime_v021_full/saved_data/601100_pipeline_out_v2_new27_full/10_search/search_all_days_hit_80bps,/root/stock_realtime_v021_full/saved_data/601100_pipeline_out_v2_new27_full/10_search/search_all_days_hit_80bps/summary_80bps.csv,all_no_ak,extra_trees_600_d3,80.0,260,0.6615384615384615,-0.0014476231138435,0.008,-0.3375606270426772,-0.3993602188933817,0.781965819687982,10,/root/stock_realtime_v021_full/saved_data/601100_pipeline_out_v2_new27_full/04_external/aero_nuclear_equipment/training_samples_with_aero_nuclear_equipment_external.csv,/root/stock_realtime_v021_full/saved_data/601100_pipeline_out_v2_new27_full/00_base/601100_5m.csv,"fundamental,sector",aero_nuclear_equipment,50.0,-0.12318227605574708
601100,601100.SH,hit,vwap_low,/root/stock_realtime_v021_full/saved_data/601100_pipeline_out_v2_new27_full/10_search/search_vwap_low_hit_80bps,/root/stock_realtime_v021_full/saved_data/601100_pipeline_out_v2_new27_full/10_search/search_vwap_low_hit_80bps/summary_80bps.csv,all_no_ak,extra_trees_600_d3,80.0,242,0.6487603305785123,-0.0017433220212432,0.008,-0.3659758694869586,-0.3909138686691357,0.7445843219011874,10,/root/stock_realtime_v021_full/saved_data/601100_pipeline_out_v2_new27_full/04_external/aero_nuclear_equipment/training_samples_with_aero_nuclear_equipment_external.csv,/root/stock_realtime_v021_full/saved_data/601100_pipeline_out_v2_new27_full/00_base/601100_5m.csv,"fundamental,sector",aero_nuclear_equipment,50.0,-0.12484819327356783
601100,601100.SH,hit,all_days,/root/stock_realtime_v021_full/saved_data/601100_pipeline_out_v2_new27_full/10_search/search_all_days_hit_80bps,/root/stock_realtime_v021_full/saved_data/601100_pipeline_out_v2_new27_full/10_search/search_all_days_hit_80bps/summary_80bps.csv,reversal_fundamental_regime_sector_external,extra_trees_600_d3,80.0,264,0.6439393939393939,-0.0016162866199361,0.008,-0.3694431573502769,-0.3968610920770803,0.7567598093220188,10,/root/stock_realtime_v021_full/saved_data/601100_pipeline_out_v2_new27_full/04_external/aero_nuclear_equipment/training_samples_with_aero_nuclear_equipment_external.csv,/root/stock_realtime_v021_full/saved_data/601100_pipeline_out_v2_new27_full/00_base/601100_5m.csv,"fundamental,sector",aero_nuclear_equipment,50.0,-0.1254768221657903
601100,601100.SH,hit,all_days,/root/stock_realtime_v021_full/saved_data/601100_pipeline_out_v2_new27_full/10_search/search_all_days_hit_50bps,/root/stock_realtime_v021_full/saved_data/601100_pipeline_out_v2_new27_full/10_search/search_all_days_hit_50bps/summary_50bps.csv,reversal_fundamental_regime,lgbm_leaves15_700,50.0,212,0.7122641509433962,-0.002076990934588,0.005,-0.3681832955963685,-0.3985262240494708,0.6316289256360579,10,/root/stock_realtime_v021_full/saved_data/601100_pipeline_out_v2_new27_full/04_external/aero_nuclear_equipment/training_samples_with_aero_nuclear_equipment_external.csv,/root/stock_realtime_v021_full/saved_data/601100_pipeline_out_v2_new27_full/00_base/601100_5m.csv,"fundamental,sector",aero_nuclear_equipment,50.0,-0.12987300049804787
601100,601100.SH,hit,all_days,/root/stock_realtime_v021_full/saved_data/601100_pipeline_out_v2_new27_full/10_search/search_all_days_hit_50bps,/root/stock_realtime_v021_full/saved_data/601100_pipeline_out_v2_new27_full/10_search/search_all_days_hit_50bps/summary_50bps.csv,reversal_fundamental_regime,extra_trees_600_d3,50.0,164,0.7134146341463414,-0.0025956947166781,0.005,-0.3590961676724796,-0.402185782428976,0.5788102417452731,10,/root/stock_realtime_v021_full/saved_data/601100_pipeline_out_v2_new27_full/04_external/aero_nuclear_equipment/training_samples_with_aero_nuclear_equipment_external.csv,/root/stock_realtime_v021_full/saved_data/601100_pipeline_out_v2_new27_full/00_base/601100_5m.csv,"fundamental,sector",aero_nuclear_equipment,50.0,-0.13378755711391987
601100,601100.SH,hit,vwap_low,/root/stock_realtime_v021_full/saved_data/601100_pipeline_out_v2_new27_full/10_search/search_vwap_low_hit_80bps,/root/stock_realtime_v021_full/saved_data/601100_pipeline_out_v2_new27_full/10_search/search_vwap_low_hit_80bps/summary_80bps.csv,all_no_ak,lgbm_leaves7_400,80.0,233,0.648068669527897,-0.0020369230397716,0.008,-0.4000890582684152,-0.4234732319428931,0.7120011315465884,10,/root/stock_realtime_v021_full/saved_data/601100_pipeline_out_v2_new27_full/04_external/aero_nuclear_equipment/training_samples_with_aero_nuclear_equipment_external.csv,/root/stock_realtime_v021_full/saved_data/601100_pipeline_out_v2_new27_full/00_base/601100_5m.csv,"fundamental,sector",aero_nuclear_equipment,50.0,-0.13696058877210018
601100,601100.SH,hit,vwap_low,/root/stock_realtime_v021_full/saved_data/601100_pipeline_out_v2_new27_full/10_search/search_vwap_low_hit_50bps,/root/stock_realtime_v021_full/saved_data/601100_pipeline_out_v2_new27_full/10_search/search_vwap_low_hit_50bps/summary_50bps.csv,reversal_fundamental_regime,extra_trees_600_d3,50.0,142,0.6901408450704225,-0.0033386919094524,0.005,-0.3887330853472063,-0.3946633040866175,0.5082490632212098,10,/root/stock_realtime_v021_full/saved_data/601100_pipeline_out_v2_new27_full/04_external/aero_nuclear_equipment/training_samples_with_aero_nuclear_equipment_external.csv,/root/stock_realtime_v021_full/saved_data/601100_pipeline_out_v2_new27_full/00_base/601100_5m.csv,"fundamental,sector",aero_nuclear_equipment,50.0,-0.1384509317850741
601100,601100.SH,hit,vwap_low,/root/stock_realtime_v021_full/saved_data/601100_pipeline_out_v2_new27_full/10_search/search_vwap_low_hit_50bps,/root/stock_realtime_v021_full/saved_data/601100_pipeline_out_v2_new27_full/10_search/search_vwap_low_hit_50bps/summary_50bps.csv,reversal_fundamental_regime_sector_external,extra_trees_600_d3,50.0,246,0.7398373983739838,-0.0022071734628794,0.005,-0.4358636515831342,-0.4446087797414105,0.6249674483056292,10,/root/stock_realtime_v021_full/saved_data/601100_pipeline_out_v2_new27_full/04_external/aero_nuclear_equipment/training_samples_with_aero_nuclear_equipment_external.csv,/root/stock_realtime_v021_full/saved_data/601100_pipeline_out_v2_new27_full/00_base/601100_5m.csv,"fundamental,sector",aero_nuclear_equipment,50.0,-0.14577035801528515
601100,601100.SH,hit,all_days,/root/stock_realtime_v021_full/saved_data/601100_pipeline_out_v2_new27_full/10_search/search_all_days_hit_80bps,/root/stock_realtime_v021_full/saved_data/601100_pipeline_out_v2_new27_full/10_search/search_all_days_hit_80bps/summary_80bps.csv,all_no_ak,lgbm_leaves7_400,80.0,235,0.6468085106382979,-0.0022753654641645,0.008,-0.4361007520882296,-0.4580812112377415,0.6896450314537462,10,/root/stock_realtime_v021_full/saved_data/601100_pipeline_out_v2_new27_full/04_external/aero_nuclear_equipment/training_samples_with_aero_nuclear_equipment_external.csv,/root/stock_realtime_v021_full/saved_data/601100_pipeline_out_v2_new27_full/00_base/601100_5m.csv,"fundamental,sector",aero_nuclear_equipment,50.0,-0.14940099487460867
