=== nextday pipeline start: 2026-05-11T05:37:35 ===
symbol=600176.SH, out_root=/root/workspace/stock_realtime_v021_full/saved_data/600176_pipeline_out

[2026-05-11T05:37:35] RUN update_data
  /usr/bin/python3 bootstrap/ashare_xgb_dual_opportunity_regression_baostock_full_v19_compressed_trading_axis.py --mode update_data --symbol 600176 --benchmark_symbol 000300 --daily_start 2018-01-01 --daily_end 2026-05-11 --intraday_start '2018-01-01 09:30:00' --intraday_end '2026-05-11 15:00:00' --output_dir /root/workspace/stock_realtime_v021_full/saved_data/600176_pipeline_out/00_base --cache_mode incremental --feature_cache_mode incremental --adjust qfq
/root/workspace/stock_realtime_v021_full/bootstrap/ashare_fetch_and_train_xgb_sell_signal_baostock_state_cache_helper_fix2.py:246: FutureWarning: The behavior of DataFrame concatenation with empty or all-NA entries is deprecated. In a future version, this will no longer exclude empty or all-NA columns when determining the result dtypes. To retain the old behavior, exclude the relevant entries before the concat operation.
  merged = _normalize_daily_df(pd.concat([df_old, df_new], axis=0, ignore_index=True))
/root/workspace/stock_realtime_v021_full/bootstrap/ashare_fetch_and_train_xgb_sell_signal_baostock_state_cache_helper_fix2.py:248: FutureWarning: The behavior of DataFrame concatenation with empty or all-NA entries is deprecated. In a future version, this will no longer exclude empty or all-NA columns when determining the result dtypes. To retain the old behavior, exclude the relevant entries before the concat operation.
  merged = _normalize_intraday_df(pd.concat([df_old, df_new], axis=0, ignore_index=True))
/root/workspace/stock_realtime_v021_full/bootstrap/ashare_fetch_and_train_xgb_sell_signal_baostock_state_cache_helper_fix2.py:254: FutureWarning: The behavior of DataFrame concatenation with empty or all-NA entries is deprecated. In a future version, this will no longer exclude empty or all-NA columns when determining the result dtypes. To retain the old behavior, exclude the relevant entries before the concat operation.
  merged = _normalize_bench_df(pd.concat([df_old, df_new], axis=0, ignore_index=True))
/root/workspace/stock_realtime_v021_full/bootstrap/ashare_fetch_and_train_xgb_sell_signal_baostock_state_cache_helper_fix2.py:250: FutureWarning: The behavior of DataFrame concatenation with empty or all-NA entries is deprecated. In a future version, this will no longer exclude empty or all-NA columns when determining the result dtypes. To retain the old behavior, exclude the relevant entries before the concat operation.
  merged = _normalize_daily_feature_df(pd.concat([df_old, df_new], axis=0, ignore_index=True))
/root/workspace/stock_realtime_v021_full/bootstrap/ashare_fetch_and_train_xgb_sell_signal_baostock_state_cache_helper_fix2.py:252: FutureWarning: The behavior of DataFrame concatenation with empty or all-NA entries is deprecated. In a future version, this will no longer exclude empty or all-NA columns when determining the result dtypes. To retain the old behavior, exclude the relevant entries before the concat operation.
  merged = _normalize_intraday_feature_df(pd.concat([df_old, df_new], axis=0, ignore_index=True))
login success!
logout success!
login success!
logout success!
login success!
logout success!
{
  "mode": "update_data",
  "symbol": "600176",
  "data_source": "baostock",
  "daily_rows": 2022,
  "intraday_rows": 73200,
  "daily_min": "2018-01-02 00:00:00",
  "daily_max": "2026-05-08 00:00:00",
  "intraday_min": "2020-01-02 09:35:00",
  "intraday_max": "2026-05-08 15:00:00",
  "base_paths": {
    "daily_csv": "/root/workspace/stock_realtime_v021_full/saved_data/600176_pipeline_out/00_base/600176_daily.csv",
    "intraday_csv": "/root/workspace/stock_realtime_v021_full/saved_data/600176_pipeline_out/00_base/600176_5m.csv",
    "benchmark_csv": "/root/workspace/stock_realtime_v021_full/saved_data/600176_pipeline_out/00_base/000300_benchmark_daily.csv",
    "raw_daily_cache_csv": "/root/workspace/stock_realtime_v021_full/saved_data/600176_pipeline_out/00_base/raw_cache/600176_daily_raw.csv",
    "raw_intraday_cache_csv": "/root/workspace/stock_realtime_v021_full/saved_data/600176_pipeline_out/00_base/raw_cache/600176_5m_raw.csv",
    "raw_benchmark_cache_csv": "/root/workspace/stock_realtime_v021_full/saved_data/600176_pipeline_out/00_base/raw_cache/000300_benchmark_daily_raw.csv",
    "daily_features_csv": "/root/workspace/stock_realtime_v021_full/saved_data/600176_pipeline_out/00_base/daily_features.csv",
    "intraday_features_csv": "/root/workspace/stock_realtime_v021_full/saved_data/600176_pipeline_out/00_base/intraday_features.csv",
    "daily_features_cache_csv": "/root/workspace/stock_realtime_v021_full/saved_data/600176_pipeline_out/00_base/feature_cache/daily_features_cache.csv",
    "intraday_features_cache_csv": "/root/workspace/stock_realtime_v021_full/saved_data/600176_pipeline_out/00_base/feature_cache/intraday_features_cache.csv",
    "feature_state_json": "/root/workspace/stock_realtime_v021_full/saved_data/600176_pipeline_out/00_base/feature_cache/feature_state.json"
  },
  "fetch_logs": {
    "symbol": "600176",
    "benchmark_symbol": "000300",
    "daily_start": "2018-01-01",
    "daily_end": "2026-05-11",
    "intraday_start": "2018-01-01 09:30:00",
    "intraday_end": "2026-05-11 15:00:00",
    "perf_start": "2018-01-01",
    "data_source": "baostock",
    "cache_mode": "incremental",
    "force_refresh": false,
    "raw_cache_dir": "/root/workspace/stock_realtime_v021_full/saved_data/600176_pipeline_out/00_base/raw_cache",
    "feature_cache_dir": "/root/workspace/stock_realtime_v021_full/saved_data/600176_pipeline_out/00_base/feature_cache",
    "feature_cache_mode": "incremental",
    "daily": {
      "cache_path": "/root/workspace/stock_realtime_v021_full/saved_data/600176_pipeline_out/00_base/raw_cache/600176_daily_raw.csv",
      "requested_start": "2018-01-01",
      "requested_end": "2026-05-11",
      "mode": "initial_fetch",
      "fetch_segments": [
        {
          "provider": "baostock",
          "code": "sh.600176",
          "adjustflag": "2",
          "rows": 2022,
          "start": "2018-01-01",
          "end": "2026-05-11"
        }
      ],
      "cache_after": {
        "rows": 2022,
        "min": "2018-01-02 00:00:00",
        "max": "2026-05-08 00:00:00"
      }
    },
    "intraday_5m": {
      "cache_path": "/root/workspace/stock_realtime_v021_full/saved_data/600176_pipeline_out/00_base/raw_cache/600176_5m_raw.csv",
      "requested_start": "2018-01-01 09:30:00",
      "requested_end": "2026-05-11 15:00:00",
      "mode": "initial_fetch",
      "fetch_segments": [
        {
          "provider": "baostock",
          "code": "sh.600176",
          "adjustflag": "2",
          "requested_start": "2018-01-01 09:30:00",
          "effective_start": "2018-01-01 09:30:00",
          "requested_end": "2026-05-11 15:00:00",
          "rows": 73200
        }
      ],
      "cache_after": {
        "rows": 73200,
        "min": "2020-01-02 09:35:00",
        "max": "2026-05-08 15:00:00"
      }
    },
    "benchmark_daily": {
      "cache_path": "/root/workspace/stock_realtime_v021_full/saved_data/600176_pipeline_out/00_base/raw_cache/000300_benchmark_daily_raw.csv",
      "requested_start": "2018-01-01",
      "requested_end": "2026-05-11",
      "mode": "initial_fetch",
      "fetch_segments": [
        {
          "provider": "baostock",
          "code": "sh.000300",
          "rows": 2022,
          "start": "2018-01-01",
          "end": "2026-05-11"
        }
      ],
      "cache_after": {
        "rows": 2022,
        "min": "2018-01-02 00:00:00",
        "max": "2026-05-08 00:00:00"
      }
    },
    "feature_build": {
      "mode": "full_rebuild",
      "reason": "feature_cache_missing",
      "daily_cache_after": {
        "rows": 2022,
        "min": "2018-01-02 00:00:00",
        "max": "2026-05-08 00:00:00"
      },
      "intraday_cache_after": {
        "rows": 73200,
        "min": "2020-01-02 09:35:00",
        "max": "2026-05-08 15:00:00"
      },
      "daily_context_days": 260,
      "intraday_context_days": 40,
      "daily_appended_rows": 2022,
      "intraday_appended_rows": 73200
    },
    "feature_state": {
      "daily_feature_max": "2026-05-08 00:00:00",
      "intraday_feature_max": "2026-05-08 15:00:00",
      "daily_context_days": 260,
      "intraday_context_days": 40,
      "feature_build_mode": "full_rebuild"
    }
  }
}

[2026-05-11T05:40:07] RUN samples
  /usr/bin/python3 feature_building/build_nextday_samples_from_baostock.py --daily-features /root/workspace/stock_realtime_v021_full/saved_data/600176_pipeline_out/00_base/daily_features.csv --intraday-bars /root/workspace/stock_realtime_v021_full/saved_data/600176_pipeline_out/00_base/600176_5m.csv --out-dir /root/workspace/stock_realtime_v021_full/saved_data/600176_pipeline_out/01_samples --min-bars 40 --keep-unlabeled-tail
{
  "rows": 1525,
  "date_min": "2020-01-02",
  "date_max": "2026-05-08",
  "out": "/root/workspace/stock_realtime_v021_full/saved_data/600176_pipeline_out/01_samples/training_samples.csv"
}

[2026-05-11T05:40:08] RUN fundamental
  /usr/bin/python3 feature_building/build_fundamental_features.py --symbol 600176.SH --daily-samples /root/workspace/stock_realtime_v021_full/saved_data/600176_pipeline_out/01_samples/training_samples.csv --out-dir /root/workspace/stock_realtime_v021_full/saved_data/600176_pipeline_out/02_fundamental --start-date 2018-01-01 --end-date 2026-05-11 --fallback-lag-days 120
login success!
logout success!
{
  "rows": 1525,
  "date_min": "2020-01-02",
  "date_max": "2026-05-08",
  "source_errors": [],
  "top_missing_rates": {
    "ak_fund_小单净流入-净额_sum10": 0.9239344262295082,
    "ak_fund_主力净流入-净额_sum10": 0.9239344262295082,
    "ak_fund_主力净流入-净占比_sum10": 0.9239344262295082,
    "ak_fund_涨跌幅_sum10": 0.9239344262295082,
    "ak_fund_收盘价_sum10": 0.9239344262295082,
    "ak_fund_中单净流入-净额_sum10": 0.9239344262295082,
    "ak_fund_中单净流入-净占比_sum10": 0.9239344262295082,
    "ak_fund_小单净流入-净占比_sum10": 0.9239344262295082,
    "ak_fund_超大单净流入-净额_sum10": 0.9239344262295082,
    "ak_fund_大单净流入-净额_sum10": 0.9239344262295082,
    "ak_fund_大单净流入-净占比_sum10": 0.9239344262295082,
    "ak_fund_超大单净流入-净占比_sum10": 0.9239344262295082,
    "ak_fund_涨跌幅_sum5": 0.9226229508196722,
    "ak_fund_主力净流入-净占比_sum5": 0.9226229508196722,
    "ak_fund_主力净流入-净额_sum5": 0.9226229508196722,
    "ak_fund_收盘价_sum5": 0.9226229508196722,
    "ak_fund_超大单净流入-净占比_sum5": 0.9226229508196722,
    "ak_fund_中单净流入-净占比_sum5": 0.9226229508196722,
    "ak_fund_中单净流入-净额_sum5": 0.9226229508196722,
    "ak_fund_小单净流入-净额_sum5": 0.9226229508196722,
    "ak_fund_小单净流入-净占比_sum5": 0.9226229508196722,
    "ak_fund_大单净流入-净占比_sum5": 0.9226229508196722,
    "ak_fund_大单净流入-净额_sum5": 0.9226229508196722,
    "ak_fund_超大单净流入-净额_sum5": 0.9226229508196722,
    "ak_fund_大单净流入-净额": 0.921311475409836,
    "ak_fund_超大单净流入-净占比": 0.921311475409836,
    "ak_fund_超大单净流入-净额": 0.921311475409836,
    "ak_fund_收盘价": 0.921311475409836,
    "ak_fund_涨跌幅": 0.921311475409836,
    "ak_fund_中单净流入-净额": 0.921311475409836
  },
  "valuation_non_null": {
    "peTTM": 1525,
    "pbMRQ": 1525,
    "psTTM": 1525,
    "pcfNcfTTM": 1525
  },
  "future_effective_date_violations": 0,
  "rows_with_quarterly": 1525,
  "sample_rows": 1525,
  "quarterly_raw_rows": 37,
  "quarterly_used_pubDate_rows": 37,
  "quarterly_fallback_rows": 0,
  "elapsed_seconds": 9.853,
  "symbol": "600176",
  "baostock_code": "sh.600176",
  "valuation_rows": 2022,
  "fund_flow_rows": 120,
  "feature_columns": 125,
  "merged_columns": 194,
  "outputs": {
    "daily_valuation": "/root/workspace/stock_realtime_v021_full/saved_data/600176_pipeline_out/02_fundamental/baostock_daily_valuation.csv",
    "quarterly_fundamentals": "/root/workspace/stock_realtime_v021_full/saved_data/600176_pipeline_out/02_fundamental/baostock_quarterly_fundamentals_pit.csv",
    "fundamental_features": "/root/workspace/stock_realtime_v021_full/saved_data/600176_pipeline_out/02_fundamental/fundamental_features.csv",
    "merged_samples": "/root/workspace/stock_realtime_v021_full/saved_data/600176_pipeline_out/02_fundamental/training_samples_with_fundamentals.csv"
  }
}

[2026-05-11T05:40:18] RUN sector
  /usr/bin/python3 feature_building/build_sector_features.py --samples /root/workspace/stock_realtime_v021_full/saved_data/600176_pipeline_out/02_fundamental/training_samples_with_fundamentals.csv --out-dir /root/workspace/stock_realtime_v021_full/saved_data/600176_pipeline_out/03_sector --sector-symbol '玻璃玻纤' --start-date 2018-01-01 --end-date 2026-05-11
Traceback (most recent call last):
  File "/root/workspace/stock_realtime_v021_full/feature_building/build_sector_features.py", line 133, in <module>
    main()
  File "/root/workspace/stock_realtime_v021_full/feature_building/build_sector_features.py", line 101, in main
    sector = fetch_ths_sector_index(args.sector_symbol, start_date, end_date)
  File "/root/workspace/stock_realtime_v021_full/feature_building/build_sector_features.py", line 28, in fetch_ths_sector_index
    raw = ak.stock_board_industry_index_ths(
  File "/usr/local/lib/python3.10/dist-packages/akshare/stock_feature/stock_board_industry_ths.py", line 139, in stock_board_industry_index_ths
    symbol_code = code_map[symbol]
KeyError: '玻璃玻纤'
=== nextday pipeline start: 2026-05-11T11:40:21 ===
symbol=600176.SH, out_root=/root/workspace/stock_realtime_v021_full/saved_data/600176_pipeline_out

[2026-05-11T11:40:21] SKIP update_data: outputs exist
  /usr/bin/python3 bootstrap/ashare_xgb_dual_opportunity_regression_baostock_full_v19_compressed_trading_axis.py --mode update_data --symbol 600176 --benchmark_symbol 000300 --daily_start 2018-01-01 --daily_end 2026-05-11 --intraday_start '2018-01-01 09:30:00' --intraday_end '2026-05-11 15:00:00' --output_dir /root/workspace/stock_realtime_v021_full/saved_data/600176_pipeline_out/00_base --cache_mode incremental --feature_cache_mode incremental --adjust qfq

[2026-05-11T11:40:21] SKIP samples: outputs exist
  /usr/bin/python3 feature_building/build_nextday_samples_from_baostock.py --daily-features /root/workspace/stock_realtime_v021_full/saved_data/600176_pipeline_out/00_base/daily_features.csv --intraday-bars /root/workspace/stock_realtime_v021_full/saved_data/600176_pipeline_out/00_base/600176_5m.csv --out-dir /root/workspace/stock_realtime_v021_full/saved_data/600176_pipeline_out/01_samples --min-bars 40 --keep-unlabeled-tail

[2026-05-11T11:40:21] SKIP fundamental: outputs exist
  /usr/bin/python3 feature_building/build_fundamental_features.py --symbol 600176.SH --daily-samples /root/workspace/stock_realtime_v021_full/saved_data/600176_pipeline_out/01_samples/training_samples.csv --out-dir /root/workspace/stock_realtime_v021_full/saved_data/600176_pipeline_out/02_fundamental --start-date 2018-01-01 --end-date 2026-05-11 --fallback-lag-days 120

[2026-05-11T11:40:21] RUN sector
  /usr/bin/python3 feature_building/build_sector_features.py --samples /root/workspace/stock_realtime_v021_full/saved_data/600176_pipeline_out/02_fundamental/training_samples_with_fundamentals.csv --out-dir /root/workspace/stock_realtime_v021_full/saved_data/600176_pipeline_out/03_sector --sector-symbol '建筑材料' --start-date 2018-01-01 --end-date 2026-05-11

  0%|          | 0/9 [00:00<?, ?it/s]
 11%|█         | 1/9 [00:00<00:02,  3.77it/s]
 22%|██▏       | 2/9 [00:00<00:01,  3.91it/s]
 33%|███▎      | 3/9 [00:00<00:01,  4.13it/s]
 44%|████▍     | 4/9 [00:01<00:01,  3.87it/s]
 56%|█████▌    | 5/9 [00:01<00:00,  4.08it/s]
 67%|██████▋   | 6/9 [00:01<00:00,  4.00it/s]
 78%|███████▊  | 7/9 [00:01<00:00,  4.08it/s]
 89%|████████▉ | 8/9 [00:01<00:00,  4.02it/s]
100%|██████████| 9/9 [00:02<00:00,  3.92it/s]
                                             
{
  "sector_symbol": "建筑材料",
  "sector_rows": 2022,
  "sector_date_min": "2018-01-02",
  "sector_date_max": "2026-05-08",
  "sample_rows": 1525,
  "merged_rows": 1525,
  "sector_feature_cols": 23,
  "top_missing": {
    "sector_ret60": 0.03934426229508197,
    "sector_ma60_gap": 0.019672131147540985,
    "stock_vs_sector_ret20": 0.013114754098360656,
    "sector_ret20": 0.013114754098360656,
    "sector_vol20": 0.007213114754098361,
    "sector_ma20_gap": 0.006557377049180328,
    "sector_range_z20": 0.006557377049180328,
    "sector_volume_shock20": 0.006557377049180328,
    "sector_amount_z20": 0.006557377049180328,
    "sector_volume_z20": 0.006557377049180328,
    "sector_amount_shock20": 0.006557377049180328,
    "sector_ret5": 0.003278688524590164,
    "stock_vs_sector_ret5": 0.003278688524590164,
    "sector_vs_bench_ret5": 0.003278688524590164,
    "stock_vs_sector_ret1": 0.0006557377049180328,
    "sector_ret1": 0.0006557377049180328,
    "sector_amount": 0.0,
    "sector_volume": 0.0,
    "sector_close": 0.0,
    "sector_low": 0.0
  },
  "outputs": {
    "sector_index": "/root/workspace/stock_realtime_v021_full/saved_data/600176_pipeline_out/03_sector/sector_index_ths.csv",
    "sector_features": "/root/workspace/stock_realtime_v021_full/saved_data/600176_pipeline_out/03_sector/sector_features.csv",
    "merged_samples": "/root/workspace/stock_realtime_v021_full/saved_data/600176_pipeline_out/03_sector/training_samples_with_sector.csv"
  }
}
[INFO] final samples for search: /root/workspace/stock_realtime_v021_full/saved_data/600176_pipeline_out/03_sector/training_samples_with_sector.csv

[2026-05-11T11:40:26] RUN search_vwap_low_hit_50bps
  /usr/bin/python3 model_training/search_walk_forward_model_complexity.py --samples /root/workspace/stock_realtime_v021_full/saved_data/600176_pipeline_out/03_sector/training_samples_with_sector.csv --intraday-bars /root/workspace/stock_realtime_v021_full/saved_data/600176_pipeline_out/00_base/600176_5m.csv --out-dir /root/workspace/stock_realtime_v021_full/saved_data/600176_pipeline_out/10_search/search_vwap_low_hit_50bps --round-trip-cost-bps 1.7 --target-hit-bps 50.0 --label-mode hit --entry-policy vwap_low --entry-vwap-premium-bps 50.0 --max-missing 0.35 --groups reversal_fundamental_regime,reversal_fundamental_regime_sector,all_no_ak --models xgb_d2_200_lr003_mcw5,xgb_d3_400_lr003_mcw3,xgb_d3_600_lr002_mcw3,xgb_d4_500_lr002_mcw5,lgbm_leaves7_400,lgbm_leaves15_700,extra_trees_600_d3,random_forest_600_d4 --quantiles 0.5,0.6,0.7,0.8 --train-rows 756 --valid-rows 126 --test-rows 63 --min-valid-trades 8 --min-train-entries 80
{
  "rows": 1524,
  "target_hit_bps": 50.0,
  "label_mode": "hit",
  "entry_policy": "vwap_low",
  "entry_vwap_premium_bps": 50.0,
  "groups": {
    "reversal_fundamental_regime": 137,
    "reversal_fundamental_regime_sector": 160,
    "all_no_ak": 215
  },
  "models": [
    "xgb_d2_200_lr003_mcw5",
    "xgb_d3_400_lr003_mcw3",
    "xgb_d3_600_lr002_mcw3",
    "xgb_d4_500_lr002_mcw5",
    "extra_trees_600_d3",
    "random_forest_600_d4",
    "lgbm_leaves7_400",
    "lgbm_leaves15_700"
  ],
  "top": [
    {
      "entry_policy": "vwap_low",
      "feature_group": "reversal_fundamental_regime",
      "model_name": "xgb_d2_200_lr003_mcw5",
      "target_hit_bps": 50.0,
      "trades": 232,
      "win_rate": 0.7887931034482759,
      "avg_return": 0.0008053922516939062,
      "median_return": 0.005,
      "compound_return": 0.19276907610736127,
      "max_drawdown": -0.1657322532123876,
      "profit_factor": 1.2582643478579993,
      "windows": 10
    },
    {
      "entry_policy": "vwap_low",
      "feature_group": "reversal_fundamental_regime",
      "model_name": "xgb_d3_400_lr003_mcw3",
      "target_hit_bps": 50.0,
      "trades": 235,
      "win_rate": 0.7829787234042553,
      "avg_return": 0.0006444673940633753,
      "median_return": 0.005,
      "compound_return": 0.1514420727671375,
      "max_drawdown": -0.10454841244925916,
      "profit_factor": 1.1973492035903366,
      "windows": 10
    },
    {
      "entry_policy": "vwap_low",
      "feature_group": "reversal_fundamental_regime_sector",
      "model_name": "xgb_d2_200_lr003_mcw5",
      "target_hit_bps": 50.0,
      "trades": 162,
      "win_rate": 0.7962962962962963,
      "avg_return": 0.0008512829090195162,
      "median_return": 0.005,
      "compound_return": 0.13870736631205438,
      "max_drawdown": -0.14669972610903226,
      "profit_factor": 1.2738916135308702,
      "windows": 10
    },
    {
      "entry_policy": "vwap_low",
      "feature_group": "reversal_fundamental_regime",
      "model_name": "xgb_d4_500_lr002_mcw5",
      "target_hit_bps": 50.0,
      "trades": 197,
      "win_rate": 0.7766497461928934,
      "avg_return": 0.0005467399220316172,
      "median_return": 0.005,
      "compound_return": 0.10395281198565876,
      "max_drawdown": -0.11563091704867923,
      "profit_factor": 1.163865870987011,
      "windows": 10
    },
    {
      "entry_policy": "vwap_low",
      "feature_group": "all_no_ak",
      "model_name": "xgb_d2_200_lr003_mcw5",
      "target_hit_bps": 50.0,
      "trades": 205,
      "win_rate": 0.775609756097561,
      "avg_return": 0.00036922930366497603,
      "median_return": 0.005,
      "compound_return": 0.06731805848300954,
      "max_drawdown": -0.20645581738695007,
      "profit_factor": 1.1058403305858149,
      "windows": 10
    },
    {
      "entry_policy": "vwap_low",
      "feature_group": "all_no_ak",
      "model_name": "xgb_d4_500_lr002_mcw5",
      "target_hit_bps": 50.0,
      "trades": 176,
      "win_rate": 0.7556818181818182,
      "avg_return": 0.00039853136648775706,
      "median_return": 0.005,
      "compound_return": 0.06535113407288984,
      "max_drawdown": -0.17186331648701525,
      "profit_factor": 1.1194566621438138,
      "windows": 10
    },
    {
      "entry_policy": "vwap_low",
      "feature_group": "reversal_fundamental_regime",
      "model_name": "xgb_d3_600_lr002_mcw3",
      "target_hit_bps": 50.0,
      "trades": 235,
      "win_rate": 0.7617021276595745,
      "avg_return": 0.0002279194852196281,
      "median_return": 0.005,
      "compound_return": 0.04313836303711649,
      "max_drawdown": -0.1379761588808266,
      "profit_factor": 1.064008759942059,
      "windows": 10
    },
    {
      "entry_policy": "vwap_low",
      "feature_group": "reversal_fundamental_regime",
      "model_name": "lgbm_leaves15_700",
      "target_hit_bps": 50.0,
      "trades": 207,
      "win_rate": 0.7729468599033816,
      "avg_return": 0.00025289658914830145,
      "median_return": 0.005,
      "compound_return": 0.0414857657537806,
      "max_drawdown": -0.15061764069908468,
      "profit_factor": 1.070124761756632,
      "windows": 10
    },
    {
      "entry_policy": "vwap_low",
      "feature_group": "reversal_fundamental_regime",
      "model_name": "random_forest_600_d4",
      "target_hit_bps": 50.0,
      "trades": 257,
      "win_rate": 0.7782101167315175,
      "avg_return": 0.00021510089475503644,
      "median_return": 0.005,
      "compound_return": 0.03955610709784119,
      "max_drawdown": -0.22927953010536795,
      "profit_factor": 1.0585857848885538,
      "windows": 10
    },
    {
      "entry_policy": "vwap_low",
      "feature_group": "reversal_fundamental_regime_sector",
      "model_name": "xgb_d3_600_lr002_mcw3",
      "target_hit_bps": 50.0,
      "trades": 204,
      "win_rate": 0.7647058823529411,
      "avg_return": 0.00012939608377985197,
      "median_return": 0.005,
      "compound_return": 0.01684271793325509,
      "max_drawdown": -0.172824465828342,
      "profit_factor": 1.0353884369330624,
      "windows": 10
    },
    {
      "entry_policy": "vwap_low",
      "feature_group": "all_no_ak",
      "model_name": "random_forest_600_d4",
      "target_hit_bps": 50.0,
      "trades": 258,
      "win_rate": 0.7868217054263565,
      "avg_return": 9.169143385670283e-05,
      "median_return": 0.005,
      "compound_return": 0.005713894530867236,
      "max_drawdown": -0.27884810628655887,
      "profit_factor": 1.0239494383995502,
      "windows": 10
    },
    {
      "entry_policy": "vwap_low",
      "feature_group": "all_no_ak",
      "model_name": "xgb_d3_600_lr002_mcw3",
      "target_hit_bps": 50.0,
      "trades": 189,
      "win_rate": 0.7566137566137566,
      "avg_return": 2.2582428536145254e-05,
      "median_return": 0.005,
      "compound_return": -0.0060281559751959035,
      "max_drawdown": -0.1791778375212013,
      "profit_factor": 1.006040503330199,
      "windows": 10
    },
    {
      "entry_policy": "vwap_low",
      "feature_group": "reversal_fundamental_regime_sector",
      "model_name": "xgb_d4_500_lr002_mcw5",
      "target_hit_bps": 50.0,
      "trades": 160,
      "win_rate": 0.75,
      "avg_return": -0.00010424604139734374,
      "median_return": 0.005,
      "compound_return": -0.02519844915548508,
      "max_drawdown": -0.142680966106297,
      "profit_factor": 0.9726373811893319,
      "windows": 10
    },
    {
      "entry_policy": "vwap_low",
      "feature_group": "all_no_ak",
      "model_name": "xgb_d3_400_lr003_mcw3",
      "target_hit_bps": 50.0,
      "trades": 194,
      "win_rate": 0.7577319587628866,
      "avg_return": -9.033301018341053e-05,
      "median_return": 0.005,
      "compound_return": -0.02802253614783856,
      "max_drawdown": -0.1851239133315894,
      "profit_factor": 0.9765829494779042,
      "windows": 10
    },
    {
      "entry_policy": "vwap_low",
      "feature_group": "reversal_fundamental_regime_sector",
      "model_name": "xgb_d3_400_lr003_mcw3",
      "target_hit_bps": 50.0,
      "trades": 182,
      "win_rate": 0.7527472527472527,
      "avg_return": -0.00017669457452266097,
      "median_return": 0.005,
      "compound_return": -0.04147724589129809,
      "max_drawdown": -0.19812311663617277,
      "profit_factor": 0.9548651843211138,
      "windows": 10
    },
    {
      "entry_policy": "vwap_low",
      "feature_group": "reversal_fundamental_regime_sector",
      "model_name": "lgbm_leaves7_400",
      "target_hit_bps": 50.0,
      "trades": 181,
      "win_rate": 0.7458563535911602,
      "avg_return": -0.00030564885118829557,
      "median_return": 0.005,
      "compound_return": -0.06471028173487403,
      "max_drawdown": -0.2082551876220815,
      "profit_factor": 0.9234434756794657,
      "windows": 10
    },
    {
      "entry_policy": "vwap_low",
      "feature_group": "reversal_fundamental_regime",
      "model_name": "lgbm_leaves7_400",
      "target_hit_bps": 50.0,
      "trades": 241,
      "win_rate": 0.7676348547717843,
      "avg_return": -0.00023145849126912033,
      "median_return": 0.005,
      "compound_return": -0.06942731348777142,
      "max_drawdown": -0.2891764281303909,
      "profit_factor": 0.9426761651813587,
      "windows": 10
    },
    {
      "entry_policy": "vwap_low",
      "feature_group": "reversal_fundamental_regime_sector",
      "model_name": "lgbm_leaves15_700",
      "target_hit_bps": 50.0,
      "trades": 215,
      "win_rate": 0.7627906976744186,
      "avg_return": -0.00027901896618683764,
      "median_return": 0.005,
      "compound_return": -0.07224886457686175,
      "max_drawdown": -0.22479917071037991,
      "profit_factor": 0.9312289934963659,
      "windows": 10
    },
    {
      "entry_policy": "vwap_low",
      "feature_group": "reversal_fundamental_regime_sector",
      "model_name": "random_forest_600_d4",
      "target_hit_bps": 50.0,
      "trades": 252,
      "win_rate": 0.7857142857142857,
      "avg_return": -0.0002574679988803643,
      "median_return": 0.005,
      "compound_return": -0.08200430532446001,
      "max_drawdown": -0.24579948618407788,
      "profit_factor": 0.938284219280634,
      "windows": 10
    },
    {
      "entry_policy": "vwap_low",
      "feature_group": "all_no_ak",
      "model_name": "lgbm_leaves15_700",
      "target_hit_bps": 50.0,
      "trades": 182,
      "win_rate": 0.7307692307692307,
      "avg_return": -0.0005634699509288287,
      "median_return": 0.005,
      "compound_return": -0.10696267473626708,
      "max_drawdown": -0.2943527191662494,
      "profit_factor": 0.865097328841651,
      "windows": 10
    }
  ]
}

[2026-05-11T11:48:22] RUN search_vwap_low_hit_80bps
  /usr/bin/python3 model_training/search_walk_forward_model_complexity.py --samples /root/workspace/stock_realtime_v021_full/saved_data/600176_pipeline_out/03_sector/training_samples_with_sector.csv --intraday-bars /root/workspace/stock_realtime_v021_full/saved_data/600176_pipeline_out/00_base/600176_5m.csv --out-dir /root/workspace/stock_realtime_v021_full/saved_data/600176_pipeline_out/10_search/search_vwap_low_hit_80bps --round-trip-cost-bps 1.7 --target-hit-bps 80.0 --label-mode hit --entry-policy vwap_low --entry-vwap-premium-bps 50.0 --max-missing 0.35 --groups reversal_fundamental_regime,reversal_fundamental_regime_sector,all_no_ak --models xgb_d2_200_lr003_mcw5,xgb_d3_400_lr003_mcw3,xgb_d3_600_lr002_mcw3,xgb_d4_500_lr002_mcw5,lgbm_leaves7_400,lgbm_leaves15_700,extra_trees_600_d3,random_forest_600_d4 --quantiles 0.5,0.6,0.7,0.8 --train-rows 756 --valid-rows 126 --test-rows 63 --min-valid-trades 8 --min-train-entries 80
{
  "rows": 1524,
  "target_hit_bps": 80.0,
  "label_mode": "hit",
  "entry_policy": "vwap_low",
  "entry_vwap_premium_bps": 50.0,
  "groups": {
    "reversal_fundamental_regime": 137,
    "reversal_fundamental_regime_sector": 160,
    "all_no_ak": 215
  },
  "models": [
    "xgb_d2_200_lr003_mcw5",
    "xgb_d3_400_lr003_mcw3",
    "xgb_d3_600_lr002_mcw3",
    "xgb_d4_500_lr002_mcw5",
    "extra_trees_600_d3",
    "random_forest_600_d4",
    "lgbm_leaves7_400",
    "lgbm_leaves15_700"
  ],
  "top": [
    {
      "entry_policy": "vwap_low",
      "feature_group": "reversal_fundamental_regime_sector",
      "model_name": "lgbm_leaves15_700",
      "target_hit_bps": 80.0,
      "trades": 203,
      "win_rate": 0.6945812807881774,
      "avg_return": 0.0007457229296488438,
      "median_return": 0.008,
      "compound_return": 0.14409018479022961,
      "max_drawdown": -0.15803312997950203,
      "profit_factor": 1.1595472193517407,
      "windows": 10
    },
    {
      "entry_policy": "vwap_low",
      "feature_group": "reversal_fundamental_regime",
      "model_name": "xgb_d4_500_lr002_mcw5",
      "target_hit_bps": 80.0,
      "trades": 204,
      "win_rate": 0.6715686274509803,
      "avg_return": 0.0003595695952594252,
      "median_return": 0.008,
      "compound_return": 0.05994483885467017,
      "max_drawdown": -0.11117534729577172,
      "profit_factor": 1.0735057256078029,
      "windows": 10
    },
    {
      "entry_policy": "vwap_low",
      "feature_group": "all_no_ak",
      "model_name": "lgbm_leaves7_400",
      "target_hit_bps": 80.0,
      "trades": 182,
      "win_rate": 0.6648351648351648,
      "avg_return": 0.0001040437769579811,
      "median_return": 0.008,
      "compound_return": 0.0035685209426730147,
      "max_drawdown": -0.20120787424878073,
      "profit_factor": 1.0206586990734872,
      "windows": 10
    },
    {
      "entry_policy": "vwap_low",
      "feature_group": "all_no_ak",
      "model_name": "xgb_d3_600_lr002_mcw3",
      "target_hit_bps": 80.0,
      "trades": 238,
      "win_rate": 0.6470588235294118,
      "avg_return": -0.00020690479977114641,
      "median_return": 0.008,
      "compound_return": -0.06768711310404407,
      "max_drawdown": -0.2449403023589819,
      "profit_factor": 0.9597993856158744,
      "windows": 10
    },
    {
      "entry_policy": "vwap_low",
      "feature_group": "all_no_ak",
      "model_name": "lgbm_leaves15_700",
      "target_hit_bps": 80.0,
      "trades": 215,
      "win_rate": 0.6604651162790698,
      "avg_return": -0.00024278599701632635,
      "median_return": 0.008,
      "compound_return": -0.068954552010702,
      "max_drawdown": -0.20878947339132092,
      "profit_factor": 0.954846946955789,
      "windows": 10
    },
    {
      "entry_policy": "vwap_low",
      "feature_group": "reversal_fundamental_regime",
      "model_name": "lgbm_leaves15_700",
      "target_hit_bps": 80.0,
      "trades": 176,
      "win_rate": 0.625,
      "avg_return": -0.0003808403473901096,
      "median_return": 0.008,
      "compound_return": -0.07904022304662894,
      "max_drawdown": -0.2702325216691417,
      "profit_factor": 0.9275288028022588,
      "windows": 10
    },
    {
      "entry_policy": "vwap_low",
      "feature_group": "reversal_fundamental_regime",
      "model_name": "lgbm_leaves7_400",
      "target_hit_bps": 80.0,
      "trades": 175,
      "win_rate": 0.6342857142857142,
      "avg_return": -0.0004021959781594539,
      "median_return": 0.008,
      "compound_return": -0.08120495378872783,
      "max_drawdown": -0.2031114455344285,
      "profit_factor": 0.9248229094334439,
      "windows": 10
    },
    {
      "entry_policy": "vwap_low",
      "feature_group": "all_no_ak",
      "model_name": "xgb_d4_500_lr002_mcw5",
      "target_hit_bps": 80.0,
      "trades": 253,
      "win_rate": 0.6482213438735178,
      "avg_return": -0.00031783304335851324,
      "median_return": 0.008,
      "compound_return": -0.09518122587095379,
      "max_drawdown": -0.30094002152793886,
      "profit_factor": 0.9396327823958321,
      "windows": 10
    },
    {
      "entry_policy": "vwap_low",
      "feature_group": "reversal_fundamental_regime",
      "model_name": "xgb_d3_400_lr003_mcw3",
      "target_hit_bps": 80.0,
      "trades": 188,
      "win_rate": 0.6436170212765957,
      "avg_return": -0.00047910901544093084,
      "median_return": 0.008,
      "compound_return": -0.101683355220067,
      "max_drawdown": -0.2238255180255141,
      "profit_factor": 0.9121441962538895,
      "windows": 10
    },
    {
      "entry_policy": "vwap_low",
      "feature_group": "reversal_fundamental_regime",
      "model_name": "xgb_d2_200_lr003_mcw5",
      "target_hit_bps": 80.0,
      "trades": 193,
      "win_rate": 0.6269430051813472,
      "avg_return": -0.0005876947372075625,
      "median_return": 0.008,
      "compound_return": -0.12322252386352106,
      "max_drawdown": -0.20634757145129934,
      "profit_factor": 0.8935090011705152,
      "windows": 10
    },
    {
      "entry_policy": "vwap_low",
      "feature_group": "reversal_fundamental_regime_sector",
      "model_name": "lgbm_leaves7_400",
      "target_hit_bps": 80.0,
      "trades": 178,
      "win_rate": 0.6292134831460674,
      "avg_return": -0.0006725893118500252,
      "median_return": 0.008,
      "compound_return": -0.12688241198192673,
      "max_drawdown": -0.2979108380623757,
      "profit_factor": 0.8808528484515271,
      "windows": 10
    },
    {
      "entry_policy": "vwap_low",
      "feature_group": "reversal_fundamental_regime_sector",
      "model_name": "xgb_d2_200_lr003_mcw5",
      "target_hit_bps": 80.0,
      "trades": 229,
      "win_rate": 0.6506550218340611,
      "avg_return": -0.000540750930350033,
      "median_return": 0.008,
      "compound_return": -0.13711602658413824,
      "max_drawdown": -0.29503899382792254,
      "profit_factor": 0.9045681004347024,
      "windows": 10
    },
    {
      "entry_policy": "vwap_low",
      "feature_group": "reversal_fundamental_regime_sector",
      "model_name": "xgb_d4_500_lr002_mcw5",
      "target_hit_bps": 80.0,
      "trades": 209,
      "win_rate": 0.6507177033492823,
      "avg_return": -0.0006242903786946428,
      "median_return": 0.008,
      "compound_return": -0.13919143564879188,
      "max_drawdown": -0.33754683615645564,
      "profit_factor": 0.8896894060078621,
      "windows": 10
    },
    {
      "entry_policy": "vwap_low",
      "feature_group": "all_no_ak",
      "model_name": "xgb_d2_200_lr003_mcw5",
      "target_hit_bps": 80.0,
      "trades": 234,
      "win_rate": 0.6367521367521367,
      "avg_return": -0.0005568228129809789,
      "median_return": 0.008,
      "compound_return": -0.14164937811975842,
      "max_drawdown": -0.29075420083428005,
      "profit_factor": 0.8966901505946064,
      "windows": 10
    },
    {
      "entry_policy": "vwap_low",
      "feature_group": "all_no_ak",
      "model_name": "xgb_d3_400_lr003_mcw3",
      "target_hit_bps": 80.0,
      "trades": 208,
      "win_rate": 0.6298076923076923,
      "avg_return": -0.0008367830470794169,
      "median_return": 0.008,
      "compound_return": -0.1754565511095585,
      "max_drawdown": -0.29695467965128997,
      "profit_factor": 0.8506012480963849,
      "windows": 10
    },
    {
      "entry_policy": "vwap_low",
      "feature_group": "all_no_ak",
      "model_name": "extra_trees_600_d3",
      "target_hit_bps": 80.0,
      "trades": 286,
      "win_rate": 0.6573426573426573,
      "avg_return": -0.0005865669480511283,
      "median_return": 0.008,
      "compound_return": -0.17865127783394708,
      "max_drawdown": -0.3726807354241477,
      "profit_factor": 0.8967643275995425,
      "windows": 10
    },
    {
      "entry_policy": "vwap_low",
      "feature_group": "reversal_fundamental_regime",
      "model_name": "xgb_d3_600_lr002_mcw3",
      "target_hit_bps": 80.0,
      "trades": 215,
      "win_rate": 0.6139534883720931,
      "avg_return": -0.000986478733813954,
      "median_return": 0.008,
      "compound_return": -0.20678899344887391,
      "max_drawdown": -0.30163604707838954,
      "profit_factor": 0.829521505271468,
      "windows": 10
    },
    {
      "entry_policy": "vwap_low",
      "feature_group": "reversal_fundamental_regime_sector",
      "model_name": "xgb_d3_600_lr002_mcw3",
      "target_hit_bps": 80.0,
      "trades": 204,
      "win_rate": 0.6127450980392157,
      "avg_return": -0.0011199292632944151,
      "median_return": 0.008,
      "compound_return": -0.21912474968801576,
      "max_drawdown": -0.36028791580915287,
      "profit_factor": 0.8096453404245681,
      "windows": 10
    },
    {
      "entry_policy": "vwap_low",
      "feature_group": "reversal_fundamental_regime_sector",
      "model_name": "xgb_d3_400_lr003_mcw3",
      "target_hit_bps": 80.0,
      "trades": 216,
      "win_rate": 0.625,
      "avg_return": -0.0012177396956743957,
      "median_return": 0.008,
      "compound_return": -0.2469286499252752,
      "max_drawdown": -0.3837449625358216,
      "profit_factor": 0.7951732642238127,
      "windows": 10
    },
    {
      "entry_policy": "vwap_low",
      "feature_group": "all_no_ak",
      "model_name": "random_forest_600_d4",
      "target_hit_bps": 80.0,
      "trades": 284,
      "win_rate": 0.647887323943662,
      "avg_return": -0.0009277014775970244,
      "median_return": 0.008,
      "compound_return": -0.2553334168866648,
      "max_drawdown": -0.36885824442369586,
      "profit_factor": 0.843317097770363,
      "windows": 10
    }
  ]
}

[2026-05-11T11:56:15] RUN search_vwap_low_close_profit_50bps
  /usr/bin/python3 model_training/search_walk_forward_model_complexity.py --samples /root/workspace/stock_realtime_v021_full/saved_data/600176_pipeline_out/03_sector/training_samples_with_sector.csv --intraday-bars /root/workspace/stock_realtime_v021_full/saved_data/600176_pipeline_out/00_base/600176_5m.csv --out-dir /root/workspace/stock_realtime_v021_full/saved_data/600176_pipeline_out/10_search/search_vwap_low_close_profit_50bps --round-trip-cost-bps 1.7 --target-hit-bps 50.0 --label-mode close_profit --entry-policy vwap_low --entry-vwap-premium-bps 50.0 --max-missing 0.35 --groups reversal_fundamental_regime,reversal_fundamental_regime_sector,all_no_ak --models xgb_d2_200_lr003_mcw5,xgb_d3_400_lr003_mcw3,xgb_d3_600_lr002_mcw3,xgb_d4_500_lr002_mcw5,lgbm_leaves7_400,lgbm_leaves15_700,extra_trees_600_d3,random_forest_600_d4 --quantiles 0.5,0.6,0.7,0.8 --train-rows 756 --valid-rows 126 --test-rows 63 --min-valid-trades 8 --min-train-entries 80
{
  "rows": 1524,
  "target_hit_bps": 50.0,
  "label_mode": "close_profit",
  "entry_policy": "vwap_low",
  "entry_vwap_premium_bps": 50.0,
  "groups": {
    "reversal_fundamental_regime": 137,
    "reversal_fundamental_regime_sector": 160,
    "all_no_ak": 215
  },
  "models": [
    "xgb_d2_200_lr003_mcw5",
    "xgb_d3_400_lr003_mcw3",
    "xgb_d3_600_lr002_mcw3",
    "xgb_d4_500_lr002_mcw5",
    "extra_trees_600_d3",
    "random_forest_600_d4",
    "lgbm_leaves7_400",
    "lgbm_leaves15_700"
  ],
  "top": [
    {
      "entry_policy": "vwap_low",
      "feature_group": "reversal_fundamental_regime",
      "model_name": "random_forest_600_d4",
      "target_hit_bps": 50.0,
      "trades": 194,
      "win_rate": 0.4793814432989691,
      "avg_return": 0.0020755332931741265,
      "median_return": -0.00016999999999999999,
      "compound_return": 0.4298796548097634,
      "max_drawdown": -0.26820332071584485,
      "profit_factor": 1.304399684330518,
      "windows": 10
    },
    {
      "entry_policy": "vwap_low",
      "feature_group": "all_no_ak",
      "model_name": "extra_trees_600_d3",
      "target_hit_bps": 50.0,
      "trades": 154,
      "win_rate": 0.487012987012987,
      "avg_return": 0.0025122545648163016,
      "median_return": -0.00016999999999999999,
      "compound_return": 0.4271208146129797,
      "max_drawdown": -0.3129024342822261,
      "profit_factor": 1.4370194830968874,
      "windows": 10
    },
    {
      "entry_policy": "vwap_low",
      "feature_group": "reversal_fundamental_regime",
      "model_name": "xgb_d4_500_lr002_mcw5",
      "target_hit_bps": 50.0,
      "trades": 204,
      "win_rate": 0.46078431372549017,
      "avg_return": 0.0018625489520089028,
      "median_return": -0.0009514422169082902,
      "compound_return": 0.38625351764894433,
      "max_drawdown": -0.24432165923932603,
      "profit_factor": 1.2508406749681968,
      "windows": 10
    },
    {
      "entry_policy": "vwap_low",
      "feature_group": "reversal_fundamental_regime_sector",
      "model_name": "xgb_d4_500_lr002_mcw5",
      "target_hit_bps": 50.0,
      "trades": 169,
      "win_rate": 0.46745562130177515,
      "avg_return": 0.0021141859166641398,
      "median_return": -0.001597551748750977,
      "compound_return": 0.3624036583899062,
      "max_drawdown": -0.17141217143677645,
      "profit_factor": 1.2706075584942,
      "windows": 10
    },
    {
      "entry_policy": "vwap_low",
      "feature_group": "all_no_ak",
      "model_name": "xgb_d3_600_lr002_mcw3",
      "target_hit_bps": 50.0,
      "trades": 191,
      "win_rate": 0.4712041884816754,
      "avg_return": 0.0017709459979459087,
      "median_return": -0.00016999999999999999,
      "compound_return": 0.3411088304046743,
      "max_drawdown": -0.264406413541895,
      "profit_factor": 1.2625338189127644,
      "windows": 10
    },
    {
      "entry_policy": "vwap_low",
      "feature_group": "all_no_ak",
      "model_name": "lgbm_leaves15_700",
      "target_hit_bps": 50.0,
      "trades": 204,
      "win_rate": 0.4362745098039216,
      "avg_return": 0.0016199529090625544,
      "median_return": -0.0026433750252333153,
      "compound_return": 0.3292531026852914,
      "max_drawdown": -0.32363955192508453,
      "profit_factor": 1.2460248636618103,
      "windows": 10
    },
    {
      "entry_policy": "vwap_low",
      "feature_group": "all_no_ak",
      "model_name": "xgb_d4_500_lr002_mcw5",
      "target_hit_bps": 50.0,
      "trades": 185,
      "win_rate": 0.4702702702702703,
      "avg_return": 0.0017892573621080651,
      "median_return": -0.002309037433155022,
      "compound_return": 0.32634175405872257,
      "max_drawdown": -0.28039417442777914,
      "profit_factor": 1.2430528374032066,
      "windows": 10
    },
    {
      "entry_policy": "vwap_low",
      "feature_group": "reversal_fundamental_regime_sector",
      "model_name": "xgb_d3_400_lr003_mcw3",
      "target_hit_bps": 50.0,
      "trades": 183,
      "win_rate": 0.4808743169398907,
      "avg_return": 0.0016267196610359781,
      "median_return": -0.0008832667617688604,
      "compound_return": 0.2839616328026855,
      "max_drawdown": -0.24476178746325772,
      "profit_factor": 1.221847983646797,
      "windows": 10
    },
    {
      "entry_policy": "vwap_low",
      "feature_group": "reversal_fundamental_regime_sector",
      "model_name": "lgbm_leaves7_400",
      "target_hit_bps": 50.0,
      "trades": 167,
      "win_rate": 0.4550898203592814,
      "avg_return": 0.0016298746003861307,
      "median_return": -0.00101961767204772,
      "compound_return": 0.25693551575937823,
      "max_drawdown": -0.24407562218070133,
      "profit_factor": 1.224064827187299,
      "windows": 10
    },
    {
      "entry_policy": "vwap_low",
      "feature_group": "all_no_ak",
      "model_name": "xgb_d3_400_lr003_mcw3",
      "target_hit_bps": 50.0,
      "trades": 188,
      "win_rate": 0.4734042553191489,
      "avg_return": 0.0014471601382777415,
      "median_return": -0.0005266333808844302,
      "compound_return": 0.25286175279275835,
      "max_drawdown": -0.2507140504381514,
      "profit_factor": 1.2013013180851224,
      "windows": 10
    },
    {
      "entry_policy": "vwap_low",
      "feature_group": "reversal_fundamental_regime_sector",
      "model_name": "extra_trees_600_d3",
      "target_hit_bps": 50.0,
      "trades": 225,
      "win_rate": 0.44,
      "avg_return": 0.0010402353881469337,
      "median_return": -0.0010644543828265372,
      "compound_return": 0.2061911045278939,
      "max_drawdown": -0.31453108968686017,
      "profit_factor": 1.1592146831646708,
      "windows": 10
    },
    {
      "entry_policy": "vwap_low",
      "feature_group": "reversal_fundamental_regime",
      "model_name": "xgb_d3_400_lr003_mcw3",
      "target_hit_bps": 50.0,
      "trades": 208,
      "win_rate": 0.44711538461538464,
      "avg_return": 0.001015809704709019,
      "median_return": -0.001862272480187662,
      "compound_return": 0.1761667878392954,
      "max_drawdown": -0.27554521184717395,
      "profit_factor": 1.13503016356489,
      "windows": 10
    },
    {
      "entry_policy": "vwap_low",
      "feature_group": "reversal_fundamental_regime_sector",
      "model_name": "xgb_d3_600_lr002_mcw3",
      "target_hit_bps": 50.0,
      "trades": 173,
      "win_rate": 0.4624277456647399,
      "avg_return": 0.0010756872996443678,
      "median_return": -0.001597551748750977,
      "compound_return": 0.1563074893374694,
      "max_drawdown": -0.21257742150980674,
      "profit_factor": 1.1472808215730501,
      "windows": 10
    },
    {
      "entry_policy": "vwap_low",
      "feature_group": "reversal_fundamental_regime",
      "model_name": "extra_trees_600_d3",
      "target_hit_bps": 50.0,
      "trades": 184,
      "win_rate": 0.43478260869565216,
      "avg_return": 0.000907921840797638,
      "median_return": -0.0011172271914133246,
      "compound_return": 0.13169292924778309,
      "max_drawdown": -0.25007042738760543,
      "profit_factor": 1.129655157408336,
      "windows": 10
    },
    {
      "entry_policy": "vwap_low",
      "feature_group": "reversal_fundamental_regime",
      "model_name": "xgb_d3_600_lr002_mcw3",
      "target_hit_bps": 50.0,
      "trades": 190,
      "win_rate": 0.4473684210526316,
      "avg_return": 0.0008450089112690255,
      "median_return": -0.0021121190656176424,
      "compound_return": 0.12361302262733931,
      "max_drawdown": -0.26293518602341004,
      "profit_factor": 1.112929467768008,
      "windows": 10
    },
    {
      "entry_policy": "vwap_low",
      "feature_group": "reversal_fundamental_regime_sector",
      "model_name": "lgbm_leaves15_700",
      "target_hit_bps": 50.0,
      "trades": 187,
      "win_rate": 0.45454545454545453,
      "avg_return": 0.0008493445839477892,
      "median_return": -0.001597551748750977,
      "compound_return": 0.12070439722636905,
      "max_drawdown": -0.2839118561576952,
      "profit_factor": 1.116617193641132,
      "windows": 10
    },
    {
      "entry_policy": "vwap_low",
      "feature_group": "reversal_fundamental_regime_sector",
      "model_name": "random_forest_600_d4",
      "target_hit_bps": 50.0,
      "trades": 137,
      "win_rate": 0.45255474452554745,
      "avg_return": 0.0010134489539448716,
      "median_return": -0.001170000000000112,
      "compound_return": 0.11662105408990953,
      "max_drawdown": -0.2970542299470522,
      "profit_factor": 1.1483778410542356,
      "windows": 10
    },
    {
      "entry_policy": "vwap_low",
      "feature_group": "reversal_fundamental_regime",
      "model_name": "lgbm_leaves15_700",
      "target_hit_bps": 50.0,
      "trades": 199,
      "win_rate": 0.4221105527638191,
      "avg_return": 0.00030474694845827264,
      "median_return": -0.003228103975535187,
      "compound_return": 0.007847309634110289,
      "max_drawdown": -0.26780135912807457,
      "profit_factor": 1.0376269681536936,
      "windows": 10
    },
    {
      "entry_policy": "vwap_low",
      "feature_group": "reversal_fundamental_regime",
      "model_name": "xgb_d2_200_lr003_mcw5",
      "target_hit_bps": 50.0,
      "trades": 206,
      "win_rate": 0.441747572815534,
      "avg_return": 0.0002532709674876468,
      "median_return": -0.0030340407719103256,
      "compound_return": 0.0052056362956200974,
      "max_drawdown": -0.3165045439128389,
      "profit_factor": 1.0328451968223615,
      "windows": 10
    },
    {
      "entry_policy": "vwap_low",
      "feature_group": "all_no_ak",
      "model_name": "random_forest_600_d4",
      "target_hit_bps": 50.0,
      "trades": 152,
      "win_rate": 0.45394736842105265,
      "avg_return": 5.2756109169578645e-05,
      "median_return": -0.0010828819157721013,
      "compound_return": -0.02071999667608959,
      "max_drawdown": -0.32640709884489405,
      "profit_factor": 1.0075237173525398,
      "windows": 10
    }
  ]
}

[2026-05-11T12:04:23] RUN search_all_days_hit_50bps
  /usr/bin/python3 model_training/search_walk_forward_model_complexity.py --samples /root/workspace/stock_realtime_v021_full/saved_data/600176_pipeline_out/03_sector/training_samples_with_sector.csv --intraday-bars /root/workspace/stock_realtime_v021_full/saved_data/600176_pipeline_out/00_base/600176_5m.csv --out-dir /root/workspace/stock_realtime_v021_full/saved_data/600176_pipeline_out/10_search/search_all_days_hit_50bps --round-trip-cost-bps 1.7 --target-hit-bps 50.0 --label-mode hit --entry-policy all_days --entry-vwap-premium-bps 50.0 --max-missing 0.35 --groups reversal_fundamental_regime,reversal_fundamental_regime_sector,all_no_ak --models xgb_d2_200_lr003_mcw5,xgb_d3_400_lr003_mcw3,xgb_d3_600_lr002_mcw3,xgb_d4_500_lr002_mcw5,lgbm_leaves7_400,lgbm_leaves15_700,extra_trees_600_d3,random_forest_600_d4 --quantiles 0.5,0.6,0.7,0.8 --train-rows 756 --valid-rows 126 --test-rows 63 --min-valid-trades 8 --min-train-entries 80
{
  "rows": 1524,
  "target_hit_bps": 50.0,
  "label_mode": "hit",
  "entry_policy": "all_days",
  "entry_vwap_premium_bps": 50.0,
  "groups": {
    "reversal_fundamental_regime": 137,
    "reversal_fundamental_regime_sector": 160,
    "all_no_ak": 215
  },
  "models": [
    "xgb_d2_200_lr003_mcw5",
    "xgb_d3_400_lr003_mcw3",
    "xgb_d3_600_lr002_mcw3",
    "xgb_d4_500_lr002_mcw5",
    "extra_trees_600_d3",
    "random_forest_600_d4",
    "lgbm_leaves7_400",
    "lgbm_leaves15_700"
  ],
  "top": [
    {
      "entry_policy": "all_days",
      "feature_group": "reversal_fundamental_regime",
      "model_name": "xgb_d2_200_lr003_mcw5",
      "target_hit_bps": 50.0,
      "trades": 239,
      "win_rate": 0.7824267782426778,
      "avg_return": 0.000341548585616745,
      "median_return": 0.005,
      "compound_return": 0.07014639122629673,
      "max_drawdown": -0.1657322532123876,
      "profit_factor": 1.09618158861744,
      "windows": 10
    },
    {
      "entry_policy": "all_days",
      "feature_group": "reversal_fundamental_regime",
      "model_name": "xgb_d3_400_lr003_mcw3",
      "target_hit_bps": 50.0,
      "trades": 256,
      "win_rate": 0.78125,
      "avg_return": 0.0001183375647256958,
      "median_return": 0.005,
      "compound_return": 0.014347628073769991,
      "max_drawdown": -0.21116379593098644,
      "profit_factor": 1.0312772740204823,
      "windows": 10
    },
    {
      "entry_policy": "all_days",
      "feature_group": "reversal_fundamental_regime",
      "model_name": "xgb_d4_500_lr002_mcw5",
      "target_hit_bps": 50.0,
      "trades": 210,
      "win_rate": 0.7714285714285715,
      "avg_return": 7.335724722196575e-05,
      "median_return": 0.005,
      "compound_return": 0.0032024923467359745,
      "max_drawdown": -0.17260056685668546,
      "profit_factor": 1.0193872631233722,
      "windows": 10
    },
    {
      "entry_policy": "all_days",
      "feature_group": "reversal_fundamental_regime_sector",
      "model_name": "xgb_d2_200_lr003_mcw5",
      "target_hit_bps": 50.0,
      "trades": 177,
      "win_rate": 0.7909604519774012,
      "avg_return": 2.1662500107785903e-05,
      "median_return": 0.005,
      "compound_return": -0.009611516056549307,
      "max_drawdown": -0.18144751911175117,
      "profit_factor": 1.0055361536887304,
      "windows": 10
    },
    {
      "entry_policy": "all_days",
      "feature_group": "reversal_fundamental_regime",
      "model_name": "lgbm_leaves15_700",
      "target_hit_bps": 50.0,
      "trades": 211,
      "win_rate": 0.7677725118483413,
      "avg_return": -2.6596771775786953e-05,
      "median_return": 0.005,
      "compound_return": -0.018668330991272186,
      "max_drawdown": -0.15061764069908468,
      "profit_factor": 0.9931098334647555,
      "windows": 10
    },
    {
      "entry_policy": "all_days",
      "feature_group": "all_no_ak",
      "model_name": "random_forest_600_d4",
      "target_hit_bps": 50.0,
      "trades": 273,
      "win_rate": 0.7912087912087912,
      "avg_return": -1.64540230453429e-05,
      "median_return": 0.005,
      "compound_return": -0.024981130103380877,
      "max_drawdown": -0.27884810628655887,
      "profit_factor": 0.9958442986755492,
      "windows": 10
    },
    {
      "entry_policy": "all_days",
      "feature_group": "reversal_fundamental_regime",
      "model_name": "random_forest_600_d4",
      "target_hit_bps": 50.0,
      "trades": 274,
      "win_rate": 0.7773722627737226,
      "avg_return": -3.5358088086978435e-05,
      "median_return": 0.005,
      "compound_return": -0.029127273299598855,
      "max_drawdown": -0.22927953010536795,
      "profit_factor": 0.9909756981536118,
      "windows": 10
    },
    {
      "entry_policy": "all_days",
      "feature_group": "all_no_ak",
      "model_name": "xgb_d2_200_lr003_mcw5",
      "target_hit_bps": 50.0,
      "trades": 213,
      "win_rate": 0.7652582159624414,
      "avg_return": -0.00016092506496035838,
      "median_return": 0.005,
      "compound_return": -0.04695442585681109,
      "max_drawdown": -0.20645581738695007,
      "profit_factor": 0.9594413047328969,
      "windows": 10
    },
    {
      "entry_policy": "all_days",
      "feature_group": "reversal_fundamental_regime",
      "model_name": "xgb_d3_600_lr002_mcw3",
      "target_hit_bps": 50.0,
      "trades": 248,
      "win_rate": 0.7580645161290323,
      "avg_return": -0.00015621638587501245,
      "median_return": 0.005,
      "compound_return": -0.052061832444588396,
      "max_drawdown": -0.20483811421682463,
      "profit_factor": 0.9602274341555465,
      "windows": 10
    },
    {
      "entry_policy": "all_days",
      "feature_group": "all_no_ak",
      "model_name": "xgb_d4_500_lr002_mcw5",
      "target_hit_bps": 50.0,
      "trades": 196,
      "win_rate": 0.7551020408163265,
      "avg_return": -0.00028055261254424736,
      "median_return": 0.005,
      "compound_return": -0.06461200585775395,
      "max_drawdown": -0.17186331648701525,
      "profit_factor": 0.9301559319570851,
      "windows": 10
    },
    {
      "entry_policy": "all_days",
      "feature_group": "reversal_fundamental_regime_sector",
      "model_name": "xgb_d3_600_lr002_mcw3",
      "target_hit_bps": 50.0,
      "trades": 213,
      "win_rate": 0.7605633802816901,
      "avg_return": -0.0003231177903262648,
      "median_return": 0.005,
      "compound_return": -0.07854797967899385,
      "max_drawdown": -0.172824465828342,
      "profit_factor": 0.9209950920296518,
      "windows": 10
    },
    {
      "entry_policy": "all_days",
      "feature_group": "all_no_ak",
      "model_name": "xgb_d3_400_lr003_mcw3",
      "target_hit_bps": 50.0,
      "trades": 194,
      "win_rate": 0.7525773195876289,
      "avg_return": -0.00044102855463619,
      "median_return": 0.005,
      "compound_return": -0.09395705235819618,
      "max_drawdown": -0.1851239133315894,
      "profit_factor": 0.8945537555401449,
      "windows": 10
    },
    {
      "entry_policy": "all_days",
      "feature_group": "reversal_fundamental_regime_sector",
      "model_name": "xgb_d4_500_lr002_mcw5",
      "target_hit_bps": 50.0,
      "trades": 166,
      "win_rate": 0.7530120481927711,
      "avg_return": -0.000537343810215208,
      "median_return": 0.005,
      "compound_return": -0.0961696018692284,
      "max_drawdown": -0.1436643356282371,
      "profit_factor": 0.8738499923301667,
      "windows": 10
    },
    {
      "entry_policy": "all_days",
      "feature_group": "reversal_fundamental_regime_sector",
      "model_name": "random_forest_600_d4",
      "target_hit_bps": 50.0,
      "trades": 271,
      "win_rate": 0.7896678966789668,
      "avg_return": -0.000406283491322642,
      "median_return": 0.005,
      "compound_return": -0.12557975158163248,
      "max_drawdown": -0.24579948618407788,
      "profit_factor": 0.9064167736782837,
      "windows": 10
    },
    {
      "entry_policy": "all_days",
      "feature_group": "reversal_fundamental_regime",
      "model_name": "lgbm_leaves7_400",
      "target_hit_bps": 50.0,
      "trades": 256,
      "win_rate": 0.76953125,
      "avg_return": -0.0004726655735407899,
      "median_return": 0.005,
      "compound_return": -0.13110836616875932,
      "max_drawdown": -0.2891764281303909,
      "profit_factor": 0.8898290865129734,
      "windows": 10
    },
    {
      "entry_policy": "all_days",
      "feature_group": "all_no_ak",
      "model_name": "xgb_d3_600_lr002_mcw3",
      "target_hit_bps": 50.0,
      "trades": 203,
      "win_rate": 0.7487684729064039,
      "avg_return": -0.0006211532966905354,
      "median_return": 0.005,
      "compound_return": -0.13137050566187392,
      "max_drawdown": -0.18028673835950193,
      "profit_factor": 0.8570262435462853,
      "windows": 10
    },
    {
      "entry_policy": "all_days",
      "feature_group": "reversal_fundamental_regime_sector",
      "model_name": "xgb_d3_400_lr003_mcw3",
      "target_hit_bps": 50.0,
      "trades": 189,
      "win_rate": 0.746031746031746,
      "avg_return": -0.0007268746190143311,
      "median_return": 0.005,
      "compound_return": -0.1400182258536442,
      "max_drawdown": -0.19812311663617277,
      "profit_factor": 0.8360076412715787,
      "windows": 10
    },
    {
      "entry_policy": "all_days",
      "feature_group": "reversal_fundamental_regime_sector",
      "model_name": "lgbm_leaves7_400",
      "target_hit_bps": 50.0,
      "trades": 188,
      "win_rate": 0.7393617021276596,
      "avg_return": -0.0008539538962535412,
      "median_return": 0.005,
      "compound_return": -0.16086278827839662,
      "max_drawdown": -0.2082551876220815,
      "profit_factor": 0.8106479066686471,
      "windows": 10
    },
    {
      "entry_policy": "all_days",
      "feature_group": "all_no_ak",
      "model_name": "lgbm_leaves15_700",
      "target_hit_bps": 50.0,
      "trades": 191,
      "win_rate": 0.7329842931937173,
      "avg_return": -0.0009225600988307867,
      "median_return": 0.005,
      "compound_return": -0.1729947468636739,
      "max_drawdown": -0.2943527191662494,
      "profit_factor": 0.7971920438521917,
      "windows": 10
    },
    {
      "entry_policy": "all_days",
      "feature_group": "reversal_fundamental_regime_sector",
      "model_name": "lgbm_leaves15_700",
      "target_hit_bps": 50.0,
      "trades": 221,
      "win_rate": 0.751131221719457,
      "avg_return": -0.000847158703275621,
      "median_return": 0.005,
      "compound_return": -0.18578740767121238,
      "max_drawdown": -0.22479917071037991,
      "profit_factor": 0.8145462040317487,
      "windows": 10
    }
  ]
}

[2026-05-11T12:12:14] RUN search_all_days_hit_80bps
  /usr/bin/python3 model_training/search_walk_forward_model_complexity.py --samples /root/workspace/stock_realtime_v021_full/saved_data/600176_pipeline_out/03_sector/training_samples_with_sector.csv --intraday-bars /root/workspace/stock_realtime_v021_full/saved_data/600176_pipeline_out/00_base/600176_5m.csv --out-dir /root/workspace/stock_realtime_v021_full/saved_data/600176_pipeline_out/10_search/search_all_days_hit_80bps --round-trip-cost-bps 1.7 --target-hit-bps 80.0 --label-mode hit --entry-policy all_days --entry-vwap-premium-bps 50.0 --max-missing 0.35 --groups reversal_fundamental_regime,reversal_fundamental_regime_sector,all_no_ak --models xgb_d2_200_lr003_mcw5,xgb_d3_400_lr003_mcw3,xgb_d3_600_lr002_mcw3,xgb_d4_500_lr002_mcw5,lgbm_leaves7_400,lgbm_leaves15_700,extra_trees_600_d3,random_forest_600_d4 --quantiles 0.5,0.6,0.7,0.8 --train-rows 756 --valid-rows 126 --test-rows 63 --min-valid-trades 8 --min-train-entries 80
{
  "rows": 1524,
  "target_hit_bps": 80.0,
  "label_mode": "hit",
  "entry_policy": "all_days",
  "entry_vwap_premium_bps": 50.0,
  "groups": {
    "reversal_fundamental_regime": 137,
    "reversal_fundamental_regime_sector": 160,
    "all_no_ak": 215
  },
  "models": [
    "xgb_d2_200_lr003_mcw5",
    "xgb_d3_400_lr003_mcw3",
    "xgb_d3_600_lr002_mcw3",
    "xgb_d4_500_lr002_mcw5",
    "extra_trees_600_d3",
    "random_forest_600_d4",
    "lgbm_leaves7_400",
    "lgbm_leaves15_700"
  ],
  "top": [
    {
      "entry_policy": "all_days",
      "feature_group": "reversal_fundamental_regime_sector",
      "model_name": "lgbm_leaves15_700",
      "target_hit_bps": 80.0,
      "trades": 206,
      "win_rate": 0.6941747572815534,
      "avg_return": 0.0005630275948702752,
      "median_return": 0.008,
      "compound_return": 0.1027201940143756,
      "max_drawdown": -0.15803312997950203,
      "profit_factor": 1.115958279721115,
      "windows": 10
    },
    {
      "entry_policy": "all_days",
      "feature_group": "reversal_fundamental_regime",
      "model_name": "xgb_d4_500_lr002_mcw5",
      "target_hit_bps": 80.0,
      "trades": 228,
      "win_rate": 0.6842105263157895,
      "avg_return": 0.00018380315560268058,
      "median_return": 0.008,
      "compound_return": 0.02202256601020025,
      "max_drawdown": -0.14831629563519066,
      "profit_factor": 1.035473730618968,
      "windows": 10
    },
    {
      "entry_policy": "all_days",
      "feature_group": "all_no_ak",
      "model_name": "xgb_d3_600_lr002_mcw3",
      "target_hit_bps": 80.0,
      "trades": 244,
      "win_rate": 0.6557377049180327,
      "avg_return": -5.0956653505443975e-06,
      "median_return": 0.008,
      "compound_return": -0.022031469812807902,
      "max_drawdown": -0.2449403023589819,
      "profit_factor": 0.9989849769776085,
      "windows": 10
    },
    {
      "entry_policy": "all_days",
      "feature_group": "all_no_ak",
      "model_name": "lgbm_leaves7_400",
      "target_hit_bps": 80.0,
      "trades": 183,
      "win_rate": 0.6666666666666666,
      "avg_return": -0.00010865526150665559,
      "median_return": 0.008,
      "compound_return": -0.03579652572885772,
      "max_drawdown": -0.20120787424878073,
      "profit_factor": 0.9793613256015702,
      "windows": 10
    },
    {
      "entry_policy": "all_days",
      "feature_group": "all_no_ak",
      "model_name": "lgbm_leaves15_700",
      "target_hit_bps": 80.0,
      "trades": 227,
      "win_rate": 0.6696035242290749,
      "avg_return": -0.0001537654943319683,
      "median_return": 0.008,
      "compound_return": -0.05418515892021858,
      "max_drawdown": -0.20878947339132092,
      "profit_factor": 0.9713602239348127,
      "windows": 10
    },
    {
      "entry_policy": "all_days",
      "feature_group": "reversal_fundamental_regime",
      "model_name": "lgbm_leaves15_700",
      "target_hit_bps": 80.0,
      "trades": 190,
      "win_rate": 0.631578947368421,
      "avg_return": -0.0002635528338911558,
      "median_return": 0.008,
      "compound_return": -0.06409599627341467,
      "max_drawdown": -0.2702325216691417,
      "profit_factor": 0.9493135487441534,
      "windows": 10
    },
    {
      "entry_policy": "all_days",
      "feature_group": "reversal_fundamental_regime_sector",
      "model_name": "xgb_d4_500_lr002_mcw5",
      "target_hit_bps": 80.0,
      "trades": 231,
      "win_rate": 0.6666666666666666,
      "avg_return": -0.00038022815829151865,
      "median_return": 0.008,
      "compound_return": -0.10396737044967119,
      "max_drawdown": -0.33754683615645564,
      "profit_factor": 0.9316034142679425,
      "windows": 10
    },
    {
      "entry_policy": "all_days",
      "feature_group": "reversal_fundamental_regime",
      "model_name": "lgbm_leaves7_400",
      "target_hit_bps": 80.0,
      "trades": 181,
      "win_rate": 0.6353591160220995,
      "avg_return": -0.0005585086963135422,
      "median_return": 0.008,
      "compound_return": -0.11020349495274062,
      "max_drawdown": -0.2031114455344285,
      "profit_factor": 0.8988039116963167,
      "windows": 10
    },
    {
      "entry_policy": "all_days",
      "feature_group": "all_no_ak",
      "model_name": "xgb_d4_500_lr002_mcw5",
      "target_hit_bps": 80.0,
      "trades": 265,
      "win_rate": 0.6566037735849056,
      "avg_return": -0.0003696308127435406,
      "median_return": 0.008,
      "compound_return": -0.11338616886363817,
      "max_drawdown": -0.30094002152793886,
      "profit_factor": 0.9314820453422102,
      "windows": 10
    },
    {
      "entry_policy": "all_days",
      "feature_group": "reversal_fundamental_regime",
      "model_name": "xgb_d3_400_lr003_mcw3",
      "target_hit_bps": 80.0,
      "trades": 194,
      "win_rate": 0.6443298969072165,
      "avg_return": -0.0006225684162770187,
      "median_return": 0.008,
      "compound_return": -0.1300355675109227,
      "max_drawdown": -0.2238255180255141,
      "profit_factor": 0.8889841087442425,
      "windows": 10
    },
    {
      "entry_policy": "all_days",
      "feature_group": "reversal_fundamental_regime_sector",
      "model_name": "xgb_d2_200_lr003_mcw5",
      "target_hit_bps": 80.0,
      "trades": 237,
      "win_rate": 0.6582278481012658,
      "avg_return": -0.0005162056683575072,
      "median_return": 0.008,
      "compound_return": -0.13724282113517383,
      "max_drawdown": -0.29503899382792254,
      "profit_factor": 0.9095182350457669,
      "windows": 10
    },
    {
      "entry_policy": "all_days",
      "feature_group": "reversal_fundamental_regime_sector",
      "model_name": "lgbm_leaves7_400",
      "target_hit_bps": 80.0,
      "trades": 185,
      "win_rate": 0.6324324324324324,
      "avg_return": -0.0007982832989605076,
      "median_return": 0.008,
      "compound_return": -0.1523711120882314,
      "max_drawdown": -0.2979108380623757,
      "profit_factor": 0.8623363319645673,
      "windows": 10
    },
    {
      "entry_policy": "all_days",
      "feature_group": "reversal_fundamental_regime",
      "model_name": "xgb_d2_200_lr003_mcw5",
      "target_hit_bps": 80.0,
      "trades": 222,
      "win_rate": 0.6441441441441441,
      "avg_return": -0.0006839933678706282,
      "median_return": 0.008,
      "compound_return": -0.16112311204620522,
      "max_drawdown": -0.20634757145129934,
      "profit_factor": 0.8813268562405722,
      "windows": 10
    },
    {
      "entry_policy": "all_days",
      "feature_group": "all_no_ak",
      "model_name": "xgb_d2_200_lr003_mcw5",
      "target_hit_bps": 80.0,
      "trades": 241,
      "win_rate": 0.6390041493775933,
      "avg_return": -0.0006566724109375044,
      "median_return": 0.008,
      "compound_return": -0.1667069899321929,
      "max_drawdown": -0.29075420083428005,
      "profit_factor": 0.8809357895656293,
      "windows": 10
    },
    {
      "entry_policy": "all_days",
      "feature_group": "all_no_ak",
      "model_name": "xgb_d3_400_lr003_mcw3",
      "target_hit_bps": 80.0,
      "trades": 211,
      "win_rate": 0.6303317535545023,
      "avg_return": -0.0008275560019690498,
      "median_return": 0.008,
      "compound_return": -0.1760877537679011,
      "max_drawdown": -0.29695467965128997,
      "profit_factor": 0.8522186819029776,
      "windows": 10
    },
    {
      "entry_policy": "all_days",
      "feature_group": "reversal_fundamental_regime_sector",
      "model_name": "xgb_d3_600_lr002_mcw3",
      "target_hit_bps": 80.0,
      "trades": 221,
      "win_rate": 0.6199095022624435,
      "avg_return": -0.0008796749919820446,
      "median_return": 0.008,
      "compound_return": -0.19280307607374814,
      "max_drawdown": -0.36028791580915287,
      "profit_factor": 0.8459709470489336,
      "windows": 10
    },
    {
      "entry_policy": "all_days",
      "feature_group": "reversal_fundamental_regime",
      "model_name": "xgb_d3_600_lr002_mcw3",
      "target_hit_bps": 80.0,
      "trades": 220,
      "win_rate": 0.6181818181818182,
      "avg_return": -0.0008938925926952317,
      "median_return": 0.008,
      "compound_return": -0.19466382329250909,
      "max_drawdown": -0.30163604707838954,
      "profit_factor": 0.8440061121755849,
      "windows": 10
    },
    {
      "entry_policy": "all_days",
      "feature_group": "all_no_ak",
      "model_name": "random_forest_600_d4",
      "target_hit_bps": 80.0,
      "trades": 288,
      "win_rate": 0.6493055555555556,
      "avg_return": -0.0008889953550712007,
      "median_return": 0.008,
      "compound_return": -0.24995070016430443,
      "max_drawdown": -0.36885824442369586,
      "profit_factor": 0.8492247569881017,
      "windows": 10
    },
    {
      "entry_policy": "all_days",
      "feature_group": "reversal_fundamental_regime_sector",
      "model_name": "xgb_d3_400_lr003_mcw3",
      "target_hit_bps": 80.0,
      "trades": 231,
      "win_rate": 0.6363636363636364,
      "avg_return": -0.0012170373259565138,
      "median_return": 0.008,
      "compound_return": -0.26264532708280885,
      "max_drawdown": -0.3837449625358216,
      "profit_factor": 0.7989405386276496,
      "windows": 10
    },
    {
      "entry_policy": "all_days",
      "feature_group": "all_no_ak",
      "model_name": "extra_trees_600_d3",
      "target_hit_bps": 80.0,
      "trades": 313,
      "win_rate": 0.6645367412140575,
      "avg_return": -0.0008589889504903598,
      "median_return": 0.008,
      "compound_return": -0.26318157266602593,
      "max_drawdown": -0.3726807354241477,
      "profit_factor": 0.857450546262099,
      "windows": 10
    }
  ]
}

[2026-05-11T12:20:35] RUN search_all_days_close_profit_50bps
  /usr/bin/python3 model_training/search_walk_forward_model_complexity.py --samples /root/workspace/stock_realtime_v021_full/saved_data/600176_pipeline_out/03_sector/training_samples_with_sector.csv --intraday-bars /root/workspace/stock_realtime_v021_full/saved_data/600176_pipeline_out/00_base/600176_5m.csv --out-dir /root/workspace/stock_realtime_v021_full/saved_data/600176_pipeline_out/10_search/search_all_days_close_profit_50bps --round-trip-cost-bps 1.7 --target-hit-bps 50.0 --label-mode close_profit --entry-policy all_days --entry-vwap-premium-bps 50.0 --max-missing 0.35 --groups reversal_fundamental_regime,reversal_fundamental_regime_sector,all_no_ak --models xgb_d2_200_lr003_mcw5,xgb_d3_400_lr003_mcw3,xgb_d3_600_lr002_mcw3,xgb_d4_500_lr002_mcw5,lgbm_leaves7_400,lgbm_leaves15_700,extra_trees_600_d3,random_forest_600_d4 --quantiles 0.5,0.6,0.7,0.8 --train-rows 756 --valid-rows 126 --test-rows 63 --min-valid-trades 8 --min-train-entries 80
{
  "rows": 1524,
  "target_hit_bps": 50.0,
  "label_mode": "close_profit",
  "entry_policy": "all_days",
  "entry_vwap_premium_bps": 50.0,
  "groups": {
    "reversal_fundamental_regime": 137,
    "reversal_fundamental_regime_sector": 160,
    "all_no_ak": 215
  },
  "models": [
    "xgb_d2_200_lr003_mcw5",
    "xgb_d3_400_lr003_mcw3",
    "xgb_d3_600_lr002_mcw3",
    "xgb_d4_500_lr002_mcw5",
    "extra_trees_600_d3",
    "random_forest_600_d4",
    "lgbm_leaves7_400",
    "lgbm_leaves15_700"
  ],
  "top": [
    {
      "entry_policy": "all_days",
      "feature_group": "reversal_fundamental_regime",
      "model_name": "xgb_d4_500_lr002_mcw5",
      "target_hit_bps": 50.0,
      "trades": 225,
      "win_rate": 0.4711111111111111,
      "avg_return": 0.002681235659784294,
      "median_return": -0.0008832667617688604,
      "compound_return": 0.7026791936485166,
      "max_drawdown": -0.24432165923932603,
      "profit_factor": 1.338660411739959,
      "windows": 10
    },
    {
      "entry_policy": "all_days",
      "feature_group": "all_no_ak",
      "model_name": "extra_trees_600_d3",
      "target_hit_bps": 50.0,
      "trades": 156,
      "win_rate": 0.4935897435897436,
      "avg_return": 0.0033153286745841973,
      "median_return": -0.00016999999999999999,
      "compound_return": 0.6174305684593038,
      "max_drawdown": -0.3129024342822261,
      "profit_factor": 1.5842081649367057,
      "windows": 10
    },
    {
      "entry_policy": "all_days",
      "feature_group": "all_no_ak",
      "model_name": "xgb_d3_600_lr002_mcw3",
      "target_hit_bps": 50.0,
      "trades": 195,
      "win_rate": 0.47692307692307695,
      "avg_return": 0.0021943592074345824,
      "median_return": -0.00016999999999999999,
      "compound_return": 0.46421525026026367,
      "max_drawdown": -0.264406413541895,
      "profit_factor": 1.3290475342251087,
      "windows": 10
    },
    {
      "entry_policy": "all_days",
      "feature_group": "reversal_fundamental_regime",
      "model_name": "random_forest_600_d4",
      "target_hit_bps": 50.0,
      "trades": 194,
      "win_rate": 0.4793814432989691,
      "avg_return": 0.0020755332931741265,
      "median_return": -0.00016999999999999999,
      "compound_return": 0.4298796548097634,
      "max_drawdown": -0.26820332071584485,
      "profit_factor": 1.304399684330518,
      "windows": 10
    },
    {
      "entry_policy": "all_days",
      "feature_group": "all_no_ak",
      "model_name": "xgb_d3_400_lr003_mcw3",
      "target_hit_bps": 50.0,
      "trades": 190,
      "win_rate": 0.4789473684210526,
      "avg_return": 0.0017731211875561346,
      "median_return": -0.00016999999999999999,
      "compound_return": 0.33539291333665866,
      "max_drawdown": -0.2507140504381514,
      "profit_factor": 1.249266662107068,
      "windows": 10
    },
    {
      "entry_policy": "all_days",
      "feature_group": "reversal_fundamental_regime_sector",
      "model_name": "xgb_d4_500_lr002_mcw5",
      "target_hit_bps": 50.0,
      "trades": 171,
      "win_rate": 0.4619883040935672,
      "avg_return": 0.0018897135358457529,
      "median_return": -0.001998153564899515,
      "compound_return": 0.31709573605578667,
      "max_drawdown": -0.17141217143677645,
      "profit_factor": 1.2409002515829646,
      "windows": 10
    },
    {
      "entry_policy": "all_days",
      "feature_group": "reversal_fundamental_regime_sector",
      "model_name": "lgbm_leaves7_400",
      "target_hit_bps": 50.0,
      "trades": 178,
      "win_rate": 0.46629213483146065,
      "avg_return": 0.0016962700493018186,
      "median_return": -0.0005266333808844302,
      "compound_return": 0.2900134012483344,
      "max_drawdown": -0.24407562218070133,
      "profit_factor": 1.2267468711675285,
      "windows": 10
    },
    {
      "entry_policy": "all_days",
      "feature_group": "reversal_fundamental_regime",
      "model_name": "xgb_d2_200_lr003_mcw5",
      "target_hit_bps": 50.0,
      "trades": 219,
      "win_rate": 0.4474885844748858,
      "avg_return": 0.0013992185027955292,
      "median_return": -0.0026637655860349795,
      "compound_return": 0.2802911928459284,
      "max_drawdown": -0.3165045439128389,
      "profit_factor": 1.183622020689223,
      "windows": 10
    },
    {
      "entry_policy": "all_days",
      "feature_group": "reversal_fundamental_regime_sector",
      "model_name": "lgbm_leaves15_700",
      "target_hit_bps": 50.0,
      "trades": 193,
      "win_rate": 0.46113989637305697,
      "avg_return": 0.0012763414187549529,
      "median_return": -0.0014840604467806183,
      "compound_return": 0.22097161091204542,
      "max_drawdown": -0.2839118561576952,
      "profit_factor": 1.178116623847106,
      "windows": 10
    },
    {
      "entry_policy": "all_days",
      "feature_group": "reversal_fundamental_regime",
      "model_name": "extra_trees_600_d3",
      "target_hit_bps": 50.0,
      "trades": 189,
      "win_rate": 0.43915343915343913,
      "avg_return": 0.0012748465476321955,
      "median_return": -0.0010644543828265372,
      "compound_return": 0.21652812531182453,
      "max_drawdown": -0.25007042738760543,
      "profit_factor": 1.1841642064899864,
      "windows": 10
    },
    {
      "entry_policy": "all_days",
      "feature_group": "reversal_fundamental_regime_sector",
      "model_name": "xgb_d3_600_lr002_mcw3",
      "target_hit_bps": 50.0,
      "trades": 173,
      "win_rate": 0.4682080924855491,
      "avg_return": 0.0013052162545118663,
      "median_return": -0.001170000000000112,
      "compound_return": 0.20264667811448334,
      "max_drawdown": -0.21257742150980674,
      "profit_factor": 1.1800108183381433,
      "windows": 10
    },
    {
      "entry_policy": "all_days",
      "feature_group": "reversal_fundamental_regime",
      "model_name": "xgb_d3_400_lr003_mcw3",
      "target_hit_bps": 50.0,
      "trades": 207,
      "win_rate": 0.4492753623188406,
      "avg_return": 0.0011126060667200506,
      "median_return": -0.0018093442622950616,
      "compound_return": 0.19994889372147218,
      "max_drawdown": -0.27554521184717395,
      "profit_factor": 1.150272814724769,
      "windows": 10
    },
    {
      "entry_policy": "all_days",
      "feature_group": "reversal_fundamental_regime_sector",
      "model_name": "random_forest_600_d4",
      "target_hit_bps": 50.0,
      "trades": 140,
      "win_rate": 0.4642857142857143,
      "avg_return": 0.0015092704197193765,
      "median_return": -0.0009395152966564756,
      "compound_return": 0.199412580798092,
      "max_drawdown": -0.2970542299470522,
      "profit_factor": 1.2258092341432383,
      "windows": 10
    },
    {
      "entry_policy": "all_days",
      "feature_group": "all_no_ak",
      "model_name": "xgb_d4_500_lr002_mcw5",
      "target_hit_bps": 50.0,
      "trades": 190,
      "win_rate": 0.4631578947368421,
      "avg_return": 0.0011958112075426183,
      "median_return": -0.003079649939352943,
      "compound_return": 0.19072439013371412,
      "max_drawdown": -0.28039417442777914,
      "profit_factor": 1.151847620691378,
      "windows": 10
    },
    {
      "entry_policy": "all_days",
      "feature_group": "all_no_ak",
      "model_name": "lgbm_leaves15_700",
      "target_hit_bps": 50.0,
      "trades": 210,
      "win_rate": 0.4238095238095238,
      "avg_return": 0.0009934569294699706,
      "median_return": -0.00318420050261908,
      "compound_return": 0.17517186421352116,
      "max_drawdown": -0.32363955192508453,
      "profit_factor": 1.1429826806788712,
      "windows": 10
    },
    {
      "entry_policy": "all_days",
      "feature_group": "reversal_fundamental_regime_sector",
      "model_name": "xgb_d3_400_lr003_mcw3",
      "target_hit_bps": 50.0,
      "trades": 183,
      "win_rate": 0.47540983606557374,
      "avg_return": 0.0011165709156913787,
      "median_return": -0.001170000000000112,
      "compound_return": 0.16997835769784375,
      "max_drawdown": -0.24476178746325772,
      "profit_factor": 1.1472312357205519,
      "windows": 10
    },
    {
      "entry_policy": "all_days",
      "feature_group": "reversal_fundamental_regime",
      "model_name": "xgb_d3_600_lr002_mcw3",
      "target_hit_bps": 50.0,
      "trades": 194,
      "win_rate": 0.4381443298969072,
      "avg_return": 0.0006205537186071166,
      "median_return": -0.0021121190656176424,
      "compound_return": 0.0796595992903002,
      "max_drawdown": -0.26293518602341004,
      "profit_factor": 1.0830978287390776,
      "windows": 10
    },
    {
      "entry_policy": "all_days",
      "feature_group": "reversal_fundamental_regime_sector",
      "model_name": "extra_trees_600_d3",
      "target_hit_bps": 50.0,
      "trades": 229,
      "win_rate": 0.4366812227074236,
      "avg_return": 0.0004711146868348256,
      "median_return": -0.001170000000000112,
      "compound_return": 0.05798289350511543,
      "max_drawdown": -0.31453108968686017,
      "profit_factor": 1.066318536996708,
      "windows": 10
    },
    {
      "entry_policy": "all_days",
      "feature_group": "all_no_ak",
      "model_name": "random_forest_600_d4",
      "target_hit_bps": 50.0,
      "trades": 149,
      "win_rate": 0.4563758389261745,
      "avg_return": 0.00029967676011796414,
      "median_return": -0.0009957638315440907,
      "compound_return": 0.01460706397360223,
      "max_drawdown": -0.32640709884489405,
      "profit_factor": 1.0436971657996434,
      "windows": 10
    },
    {
      "entry_policy": "all_days",
      "feature_group": "reversal_fundamental_regime_sector",
      "model_name": "xgb_d2_200_lr003_mcw5",
      "target_hit_bps": 50.0,
      "trades": 150,
      "win_rate": 0.4266666666666667,
      "avg_return": 0.00021636099621855884,
      "median_return": -0.0033925320893763954,
      "compound_return": -0.006823209052266077,
      "max_drawdown": -0.20727804766069235,
      "profit_factor": 1.0268810998788596,
      "windows": 10
    }
  ]
}

[2026-05-11T12:28:33] RUN summarize
  /usr/bin/python3 model_training/summarize_nextday_search_results.py --pipeline-out /root/workspace/stock_realtime_v021_full/saved_data/600176_pipeline_out --out-dir /root/workspace/stock_realtime_v021_full/saved_data/600176_pipeline_out/99_summary --excel
{
  "rows": 144,
  "outputs": {
    "final_leaderboard": "/root/workspace/stock_realtime_v021_full/saved_data/600176_pipeline_out/99_summary/final_leaderboard.csv",
    "best_by_target_top5": "/root/workspace/stock_realtime_v021_full/saved_data/600176_pipeline_out/99_summary/best_by_target_top5.csv",
    "best_by_entry_policy_top5": "/root/workspace/stock_realtime_v021_full/saved_data/600176_pipeline_out/99_summary/best_by_entry_policy_top5.csv",
    "excel": "/root/workspace/stock_realtime_v021_full/saved_data/600176_pipeline_out/99_summary/final_leaderboard.xlsx",
    "summary_manifest": "/root/workspace/stock_realtime_v021_full/saved_data/600176_pipeline_out/99_summary/summary_manifest.json"
  }
}
=== nextday pipeline end: 2026-05-11T12:28:34 status=ok ===
=== nextday pipeline start: 2026-05-29T20:07:49 ===
symbol=600176.SH, out_root=/root/stock_realtime_v021_full/saved_data/600176_pipeline_out

[2026-05-29T20:07:49] RUN update_data
  /usr/bin/python3 bootstrap/ashare_xgb_dual_opportunity_regression_baostock_full_v19_compressed_trading_axis.py --mode update_data --symbol 600176 --benchmark_symbol 000300 --daily_start 2018-01-01 --daily_end 2026-05-29 --intraday_start '2018-01-01 09:30:00' --intraday_end '2026-05-29 15:00:00' --output_dir /root/stock_realtime_v021_full/saved_data/600176_pipeline_out/00_base --cache_mode incremental --feature_cache_mode incremental --adjust qfq
/root/stock_realtime_v021_full/bootstrap/ashare_fetch_and_train_xgb_sell_signal_baostock_state_cache_helper_fix2.py:246: FutureWarning: The behavior of DataFrame concatenation with empty or all-NA entries is deprecated. In a future version, this will no longer exclude empty or all-NA columns when determining the result dtypes. To retain the old behavior, exclude the relevant entries before the concat operation.
  merged = _normalize_daily_df(pd.concat([df_old, df_new], axis=0, ignore_index=True))
/root/stock_realtime_v021_full/bootstrap/ashare_fetch_and_train_xgb_sell_signal_baostock_state_cache_helper_fix2.py:248: FutureWarning: The behavior of DataFrame concatenation with empty or all-NA entries is deprecated. In a future version, this will no longer exclude empty or all-NA columns when determining the result dtypes. To retain the old behavior, exclude the relevant entries before the concat operation.
  merged = _normalize_intraday_df(pd.concat([df_old, df_new], axis=0, ignore_index=True))
/root/stock_realtime_v021_full/bootstrap/ashare_fetch_and_train_xgb_sell_signal_baostock_state_cache_helper_fix2.py:254: FutureWarning: The behavior of DataFrame concatenation with empty or all-NA entries is deprecated. In a future version, this will no longer exclude empty or all-NA columns when determining the result dtypes. To retain the old behavior, exclude the relevant entries before the concat operation.
  merged = _normalize_bench_df(pd.concat([df_old, df_new], axis=0, ignore_index=True))
/root/stock_realtime_v021_full/bootstrap/ashare_fetch_and_train_xgb_sell_signal_baostock_state_cache_helper_fix2.py:250: FutureWarning: The behavior of DataFrame concatenation with empty or all-NA entries is deprecated. In a future version, this will no longer exclude empty or all-NA columns when determining the result dtypes. To retain the old behavior, exclude the relevant entries before the concat operation.
  merged = _normalize_daily_feature_df(pd.concat([df_old, df_new], axis=0, ignore_index=True))
/root/stock_realtime_v021_full/bootstrap/ashare_fetch_and_train_xgb_sell_signal_baostock_state_cache_helper_fix2.py:252: FutureWarning: The behavior of DataFrame concatenation with empty or all-NA entries is deprecated. In a future version, this will no longer exclude empty or all-NA columns when determining the result dtypes. To retain the old behavior, exclude the relevant entries before the concat operation.
  merged = _normalize_intraday_feature_df(pd.concat([df_old, df_new], axis=0, ignore_index=True))
login success!
logout success!
login success!
logout success!
login success!
logout success!
{
  "mode": "update_data",
  "symbol": "600176",
  "data_source": "baostock",
  "daily_rows": 2037,
  "intraday_rows": 73920,
  "daily_min": "2018-01-02 00:00:00",
  "daily_max": "2026-05-29 00:00:00",
  "intraday_min": "2020-01-02 09:35:00",
  "intraday_max": "2026-05-29 15:00:00",
  "base_paths": {
    "daily_csv": "/root/stock_realtime_v021_full/saved_data/600176_pipeline_out/00_base/600176_daily.csv",
    "intraday_csv": "/root/stock_realtime_v021_full/saved_data/600176_pipeline_out/00_base/600176_5m.csv",
    "benchmark_csv": "/root/stock_realtime_v021_full/saved_data/600176_pipeline_out/00_base/000300_benchmark_daily.csv",
    "raw_daily_cache_csv": "/root/stock_realtime_v021_full/saved_data/600176_pipeline_out/00_base/raw_cache/600176_daily_raw.csv",
    "raw_intraday_cache_csv": "/root/stock_realtime_v021_full/saved_data/600176_pipeline_out/00_base/raw_cache/600176_5m_raw.csv",
    "raw_benchmark_cache_csv": "/root/stock_realtime_v021_full/saved_data/600176_pipeline_out/00_base/raw_cache/000300_benchmark_daily_raw.csv",
    "daily_features_csv": "/root/stock_realtime_v021_full/saved_data/600176_pipeline_out/00_base/daily_features.csv",
    "intraday_features_csv": "/root/stock_realtime_v021_full/saved_data/600176_pipeline_out/00_base/intraday_features.csv",
    "daily_features_cache_csv": "/root/stock_realtime_v021_full/saved_data/600176_pipeline_out/00_base/feature_cache/daily_features_cache.csv",
    "intraday_features_cache_csv": "/root/stock_realtime_v021_full/saved_data/600176_pipeline_out/00_base/feature_cache/intraday_features_cache.csv",
    "feature_state_json": "/root/stock_realtime_v021_full/saved_data/600176_pipeline_out/00_base/feature_cache/feature_state.json"
  },
  "fetch_logs": {
    "symbol": "600176",
    "benchmark_symbol": "000300",
    "daily_start": "2018-01-01",
    "daily_end": "2026-05-29",
    "intraday_start": "2018-01-01 09:30:00",
    "intraday_end": "2026-05-29 15:00:00",
    "perf_start": "2018-01-01",
    "data_source": "baostock",
    "cache_mode": "incremental",
    "force_refresh": false,
    "raw_cache_dir": "/root/stock_realtime_v021_full/saved_data/600176_pipeline_out/00_base/raw_cache",
    "feature_cache_dir": "/root/stock_realtime_v021_full/saved_data/600176_pipeline_out/00_base/feature_cache",
    "feature_cache_mode": "incremental",
    "daily": {
      "cache_path": "/root/stock_realtime_v021_full/saved_data/600176_pipeline_out/00_base/raw_cache/600176_daily_raw.csv",
      "requested_start": "2018-01-01",
      "requested_end": "2026-05-29",
      "mode": "initial_fetch",
      "fetch_segments": [
        {
          "provider": "baostock",
          "code": "sh.600176",
          "adjustflag": "2",
          "rows": 2037,
          "start": "2018-01-01",
          "end": "2026-05-29"
        }
      ],
      "cache_after": {
        "rows": 2037,
        "min": "2018-01-02 00:00:00",
        "max": "2026-05-29 00:00:00"
      }
    },
    "intraday_5m": {
      "cache_path": "/root/stock_realtime_v021_full/saved_data/600176_pipeline_out/00_base/raw_cache/600176_5m_raw.csv",
      "requested_start": "2018-01-01 09:30:00",
      "requested_end": "2026-05-29 15:00:00",
      "mode": "initial_fetch",
      "fetch_segments": [
        {
          "provider": "baostock",
          "code": "sh.600176",
          "adjustflag": "2",
          "requested_start": "2018-01-01 09:30:00",
          "effective_start": "2018-01-01 09:30:00",
          "requested_end": "2026-05-29 15:00:00",
          "rows": 73920
        }
      ],
      "cache_after": {
        "rows": 73920,
        "min": "2020-01-02 09:35:00",
        "max": "2026-05-29 15:00:00"
      }
    },
    "benchmark_daily": {
      "cache_path": "/root/stock_realtime_v021_full/saved_data/600176_pipeline_out/00_base/raw_cache/000300_benchmark_daily_raw.csv",
      "requested_start": "2018-01-01",
      "requested_end": "2026-05-29",
      "mode": "initial_fetch",
      "fetch_segments": [
        {
          "provider": "baostock",
          "code": "sh.000300",
          "rows": 2037,
          "start": "2018-01-01",
          "end": "2026-05-29"
        }
      ],
      "cache_after": {
        "rows": 2037,
        "min": "2018-01-02 00:00:00",
        "max": "2026-05-29 00:00:00"
      }
    },
    "feature_build": {
      "mode": "full_rebuild",
      "reason": "feature_cache_missing",
      "daily_cache_after": {
        "rows": 2037,
        "min": "2018-01-02 00:00:00",
        "max": "2026-05-29 00:00:00"
      },
      "intraday_cache_after": {
        "rows": 73920,
        "min": "2020-01-02 09:35:00",
        "max": "2026-05-29 15:00:00"
      },
      "daily_context_days": 260,
      "intraday_context_days": 40,
      "daily_appended_rows": 2037,
      "intraday_appended_rows": 73920
    },
    "feature_state": {
      "daily_feature_max": "2026-05-29 00:00:00",
      "intraday_feature_max": "2026-05-29 15:00:00",
      "daily_context_days": 260,
      "intraday_context_days": 40,
      "feature_build_mode": "full_rebuild"
    }
  }
}

[2026-05-29T20:10:44] RUN samples
  /usr/bin/python3 feature_building/build_nextday_samples_from_baostock.py --daily-features /root/stock_realtime_v021_full/saved_data/600176_pipeline_out/00_base/daily_features.csv --intraday-bars /root/stock_realtime_v021_full/saved_data/600176_pipeline_out/00_base/600176_5m.csv --out-dir /root/stock_realtime_v021_full/saved_data/600176_pipeline_out/01_samples --min-bars 40 --keep-unlabeled-tail
{
  "rows": 1540,
  "date_min": "2020-01-02",
  "date_max": "2026-05-29",
  "out": "/root/stock_realtime_v021_full/saved_data/600176_pipeline_out/01_samples/training_samples.csv"
}

[2026-05-29T20:10:45] RUN asof_samples
  /usr/bin/python3 feature_building/build_asof1455_training_samples.py --samples /root/stock_realtime_v021_full/saved_data/600176_pipeline_out/01_samples/training_samples.csv --intraday-bars /root/stock_realtime_v021_full/saved_data/600176_pipeline_out/00_base/600176_5m.csv --out-dir /root/stock_realtime_v021_full/saved_data/600176_pipeline_out/01_samples_asof1455 --cutoff-time 14:55 --min-bars 40
{
  "rows": 1540,
  "date_min": "2020-01-02",
  "date_max": "2026-05-29",
  "cutoff_time": "14:55",
  "min_bars": 40,
  "out": "/root/stock_realtime_v021_full/saved_data/600176_pipeline_out/01_samples_asof1455/training_samples_asof1455.csv"
}
[INFO] final samples for search: /root/stock_realtime_v021_full/saved_data/600176_pipeline_out/01_samples/training_samples.csv
=== nextday pipeline end: 2026-05-29T20:10:46 status=ok ===
=== nextday pipeline start: 2026-05-30T23:59:10 ===
symbol=600176.SH, out_root=/mnt/d/VSCodeWorkspace/stock_realtime_v021_full/saved_data/600176_pipeline_out

[2026-05-30T23:59:10] RUN update_data
  /usr/bin/python3 bootstrap/ashare_xgb_dual_opportunity_regression_baostock_full_v19_compressed_trading_axis.py --mode update_data --symbol 600176 --benchmark_symbol 000300 --daily_start 2018-01-01 --daily_end 2026-05-30 --intraday_start '2018-01-01 09:30:00' --intraday_end '2026-05-30 15:00:00' --output_dir /mnt/d/VSCodeWorkspace/stock_realtime_v021_full/saved_data/600176_pipeline_out/00_base --cache_mode incremental --feature_cache_mode incremental --adjust qfq
未安装 xgboost。请先执行: pip install -U xgboost
原始错误: ModuleNotFoundError: No module named 'xgboost'

[2026-05-30T23:59:11] RUN samples
  /usr/bin/python3 feature_building/build_nextday_samples_from_baostock.py --daily-features /mnt/d/VSCodeWorkspace/stock_realtime_v021_full/saved_data/600176_pipeline_out/00_base/daily_features.csv --intraday-bars /mnt/d/VSCodeWorkspace/stock_realtime_v021_full/saved_data/600176_pipeline_out/00_base/600176_5m.csv --out-dir /mnt/d/VSCodeWorkspace/stock_realtime_v021_full/saved_data/600176_pipeline_out/01_samples --min-bars 40 --keep-unlabeled-tail
Traceback (most recent call last):
  File "/mnt/d/VSCodeWorkspace/stock_realtime_v021_full/feature_building/build_nextday_samples_from_baostock.py", line 75, in <module>
    main()
  File "/mnt/d/VSCodeWorkspace/stock_realtime_v021_full/feature_building/build_nextday_samples_from_baostock.py", line 61, in main
    samples = build_samples(Path(args.daily_features), Path(args.intraday_bars), args.min_bars, args.keep_unlabeled_tail)
  File "/mnt/d/VSCodeWorkspace/stock_realtime_v021_full/feature_building/build_nextday_samples_from_baostock.py", line 34, in build_samples
    daily = pd.read_csv(daily_features, parse_dates=["date"]).sort_values("date")
  File "/usr/local/lib/python3.10/dist-packages/pandas/io/parsers/readers.py", line 1026, in read_csv
    return _read(filepath_or_buffer, kwds)
  File "/usr/local/lib/python3.10/dist-packages/pandas/io/parsers/readers.py", line 620, in _read
    parser = TextFileReader(filepath_or_buffer, **kwds)
  File "/usr/local/lib/python3.10/dist-packages/pandas/io/parsers/readers.py", line 1620, in __init__
    self._engine = self._make_engine(f, self.engine)
  File "/usr/local/lib/python3.10/dist-packages/pandas/io/parsers/readers.py", line 1880, in _make_engine
    self.handles = get_handle(
  File "/usr/local/lib/python3.10/dist-packages/pandas/io/common.py", line 873, in get_handle
    handle = open(
FileNotFoundError: [Errno 2] No such file or directory: '/mnt/d/VSCodeWorkspace/stock_realtime_v021_full/saved_data/600176_pipeline_out/00_base/daily_features.csv'

[2026-05-30T23:59:11] RUN asof_samples
  /usr/bin/python3 feature_building/build_asof1455_training_samples.py --samples /mnt/d/VSCodeWorkspace/stock_realtime_v021_full/saved_data/600176_pipeline_out/01_samples/training_samples.csv --intraday-bars /mnt/d/VSCodeWorkspace/stock_realtime_v021_full/saved_data/600176_pipeline_out/00_base/600176_5m.csv --out-dir /mnt/d/VSCodeWorkspace/stock_realtime_v021_full/saved_data/600176_pipeline_out/01_samples_asof1455 --cutoff-time 14:55 --min-bars 40
Traceback (most recent call last):
  File "/mnt/d/VSCodeWorkspace/stock_realtime_v021_full/feature_building/build_asof1455_training_samples.py", line 116, in <module>
    main()
  File "/mnt/d/VSCodeWorkspace/stock_realtime_v021_full/feature_building/build_asof1455_training_samples.py", line 100, in main
    df = build_asof_samples(Path(args.samples), Path(args.intraday_bars), args.cutoff_time, args.min_bars)
  File "/mnt/d/VSCodeWorkspace/stock_realtime_v021_full/feature_building/build_asof1455_training_samples.py", line 80, in build_asof_samples
    base = pd.read_csv(samples, parse_dates=["date"]).sort_values("date")
  File "/usr/local/lib/python3.10/dist-packages/pandas/io/parsers/readers.py", line 1026, in read_csv
    return _read(filepath_or_buffer, kwds)
  File "/usr/local/lib/python3.10/dist-packages/pandas/io/parsers/readers.py", line 620, in _read
    parser = TextFileReader(filepath_or_buffer, **kwds)
  File "/usr/local/lib/python3.10/dist-packages/pandas/io/parsers/readers.py", line 1620, in __init__
    self._engine = self._make_engine(f, self.engine)
  File "/usr/local/lib/python3.10/dist-packages/pandas/io/parsers/readers.py", line 1880, in _make_engine
    self.handles = get_handle(
  File "/usr/local/lib/python3.10/dist-packages/pandas/io/common.py", line 873, in get_handle
    handle = open(
FileNotFoundError: [Errno 2] No such file or directory: '/mnt/d/VSCodeWorkspace/stock_realtime_v021_full/saved_data/600176_pipeline_out/01_samples/training_samples.csv'

[2026-05-30T23:59:12] RUN fundamental
  /usr/bin/python3 feature_building/build_fundamental_features.py --symbol 600176.SH --daily-samples /mnt/d/VSCodeWorkspace/stock_realtime_v021_full/saved_data/600176_pipeline_out/01_samples_asof1455/training_samples_asof1455.csv --out-dir /mnt/d/VSCodeWorkspace/stock_realtime_v021_full/saved_data/600176_pipeline_out/02_fundamental --start-date 2018-01-01 --end-date 2026-05-30 --fallback-lag-days 120 --skip-akshare
Traceback (most recent call last):
  File "/mnt/d/VSCodeWorkspace/stock_realtime_v021_full/feature_building/build_fundamental_features.py", line 373, in <module>
    main()
  File "/mnt/d/VSCodeWorkspace/stock_realtime_v021_full/feature_building/build_fundamental_features.py", line 313, in main
    samples = pd.read_csv(args.daily_samples, parse_dates=["date"]).sort_values("date")
  File "/usr/local/lib/python3.10/dist-packages/pandas/io/parsers/readers.py", line 1026, in read_csv
    return _read(filepath_or_buffer, kwds)
  File "/usr/local/lib/python3.10/dist-packages/pandas/io/parsers/readers.py", line 620, in _read
    parser = TextFileReader(filepath_or_buffer, **kwds)
  File "/usr/local/lib/python3.10/dist-packages/pandas/io/parsers/readers.py", line 1620, in __init__
    self._engine = self._make_engine(f, self.engine)
  File "/usr/local/lib/python3.10/dist-packages/pandas/io/parsers/readers.py", line 1880, in _make_engine
    self.handles = get_handle(
  File "/usr/local/lib/python3.10/dist-packages/pandas/io/common.py", line 873, in get_handle
    handle = open(
FileNotFoundError: [Errno 2] No such file or directory: '/mnt/d/VSCodeWorkspace/stock_realtime_v021_full/saved_data/600176_pipeline_out/01_samples_asof1455/training_samples_asof1455.csv'

[2026-05-30T23:59:13] RUN sector
  /usr/bin/python3 feature_building/build_sector_features.py --samples /mnt/d/VSCodeWorkspace/stock_realtime_v021_full/saved_data/600176_pipeline_out/02_fundamental/training_samples_with_fundamentals.csv --out-dir /mnt/d/VSCodeWorkspace/stock_realtime_v021_full/saved_data/600176_pipeline_out/03_sector --sector-symbol '建筑材料' --start-date 2018-01-01 --end-date 2026-05-30
Traceback (most recent call last):
  File "/mnt/d/VSCodeWorkspace/stock_realtime_v021_full/feature_building/build_sector_features.py", line 133, in <module>
    main()
  File "/mnt/d/VSCodeWorkspace/stock_realtime_v021_full/feature_building/build_sector_features.py", line 97, in main
    samples = pd.read_csv(args.samples, parse_dates=["date"]).sort_values("date")
  File "/usr/local/lib/python3.10/dist-packages/pandas/io/parsers/readers.py", line 1026, in read_csv
    return _read(filepath_or_buffer, kwds)
  File "/usr/local/lib/python3.10/dist-packages/pandas/io/parsers/readers.py", line 620, in _read
    parser = TextFileReader(filepath_or_buffer, **kwds)
  File "/usr/local/lib/python3.10/dist-packages/pandas/io/parsers/readers.py", line 1620, in __init__
    self._engine = self._make_engine(f, self.engine)
  File "/usr/local/lib/python3.10/dist-packages/pandas/io/parsers/readers.py", line 1880, in _make_engine
    self.handles = get_handle(
  File "/usr/local/lib/python3.10/dist-packages/pandas/io/common.py", line 873, in get_handle
    handle = open(
FileNotFoundError: [Errno 2] No such file or directory: '/mnt/d/VSCodeWorkspace/stock_realtime_v021_full/saved_data/600176_pipeline_out/02_fundamental/training_samples_with_fundamentals.csv'
[INFO] final samples for search: /mnt/d/VSCodeWorkspace/stock_realtime_v021_full/saved_data/600176_pipeline_out/03_sector/training_samples_with_sector.csv
=== nextday pipeline end: 2026-05-30T23:59:14 status=partial_failed ===
=== nextday pipeline start: 2026-05-30T23:59:53 ===
symbol=600176.SH, out_root=/mnt/d/VSCodeWorkspace/stock_realtime_v021_full/saved_data/600176_pipeline_out

[2026-05-30T23:59:53] RUN update_data
  /usr/bin/python3 bootstrap/ashare_xgb_dual_opportunity_regression_baostock_full_v19_compressed_trading_axis.py --mode update_data --symbol 600176 --benchmark_symbol 000300 --daily_start 2018-01-01 --daily_end 2026-05-30 --intraday_start '2018-01-01 09:30:00' --intraday_end '2026-05-30 15:00:00' --output_dir /mnt/d/VSCodeWorkspace/stock_realtime_v021_full/saved_data/600176_pipeline_out/00_base --cache_mode incremental --feature_cache_mode incremental --adjust qfq
未安装 xgboost。请先执行: pip install -U xgboost
原始错误: ModuleNotFoundError: No module named 'xgboost'

[2026-05-30T23:59:54] RUN samples
  /usr/bin/python3 feature_building/build_nextday_samples_from_baostock.py --daily-features /mnt/d/VSCodeWorkspace/stock_realtime_v021_full/saved_data/600176_pipeline_out/00_base/daily_features.csv --intraday-bars /mnt/d/VSCodeWorkspace/stock_realtime_v021_full/saved_data/600176_pipeline_out/00_base/600176_5m.csv --out-dir /mnt/d/VSCodeWorkspace/stock_realtime_v021_full/saved_data/600176_pipeline_out/01_samples --min-bars 40 --keep-unlabeled-tail
Traceback (most recent call last):
  File "/mnt/d/VSCodeWorkspace/stock_realtime_v021_full/feature_building/build_nextday_samples_from_baostock.py", line 75, in <module>
    main()
  File "/mnt/d/VSCodeWorkspace/stock_realtime_v021_full/feature_building/build_nextday_samples_from_baostock.py", line 61, in main
    samples = build_samples(Path(args.daily_features), Path(args.intraday_bars), args.min_bars, args.keep_unlabeled_tail)
  File "/mnt/d/VSCodeWorkspace/stock_realtime_v021_full/feature_building/build_nextday_samples_from_baostock.py", line 34, in build_samples
    daily = pd.read_csv(daily_features, parse_dates=["date"]).sort_values("date")
  File "/usr/local/lib/python3.10/dist-packages/pandas/io/parsers/readers.py", line 1026, in read_csv
    return _read(filepath_or_buffer, kwds)
  File "/usr/local/lib/python3.10/dist-packages/pandas/io/parsers/readers.py", line 620, in _read
    parser = TextFileReader(filepath_or_buffer, **kwds)
  File "/usr/local/lib/python3.10/dist-packages/pandas/io/parsers/readers.py", line 1620, in __init__
    self._engine = self._make_engine(f, self.engine)
  File "/usr/local/lib/python3.10/dist-packages/pandas/io/parsers/readers.py", line 1880, in _make_engine
    self.handles = get_handle(
  File "/usr/local/lib/python3.10/dist-packages/pandas/io/common.py", line 873, in get_handle
    handle = open(
FileNotFoundError: [Errno 2] No such file or directory: '/mnt/d/VSCodeWorkspace/stock_realtime_v021_full/saved_data/600176_pipeline_out/00_base/daily_features.csv'

[2026-05-30T23:59:54] RUN asof_samples
  /usr/bin/python3 feature_building/build_asof1455_training_samples.py --samples /mnt/d/VSCodeWorkspace/stock_realtime_v021_full/saved_data/600176_pipeline_out/01_samples/training_samples.csv --intraday-bars /mnt/d/VSCodeWorkspace/stock_realtime_v021_full/saved_data/600176_pipeline_out/00_base/600176_5m.csv --out-dir /mnt/d/VSCodeWorkspace/stock_realtime_v021_full/saved_data/600176_pipeline_out/01_samples_asof1455 --cutoff-time 14:55 --min-bars 40
Traceback (most recent call last):
  File "/mnt/d/VSCodeWorkspace/stock_realtime_v021_full/feature_building/build_asof1455_training_samples.py", line 116, in <module>
    main()
  File "/mnt/d/VSCodeWorkspace/stock_realtime_v021_full/feature_building/build_asof1455_training_samples.py", line 100, in main
    df = build_asof_samples(Path(args.samples), Path(args.intraday_bars), args.cutoff_time, args.min_bars)
  File "/mnt/d/VSCodeWorkspace/stock_realtime_v021_full/feature_building/build_asof1455_training_samples.py", line 80, in build_asof_samples
    base = pd.read_csv(samples, parse_dates=["date"]).sort_values("date")
  File "/usr/local/lib/python3.10/dist-packages/pandas/io/parsers/readers.py", line 1026, in read_csv
    return _read(filepath_or_buffer, kwds)
  File "/usr/local/lib/python3.10/dist-packages/pandas/io/parsers/readers.py", line 620, in _read
    parser = TextFileReader(filepath_or_buffer, **kwds)
  File "/usr/local/lib/python3.10/dist-packages/pandas/io/parsers/readers.py", line 1620, in __init__
    self._engine = self._make_engine(f, self.engine)
  File "/usr/local/lib/python3.10/dist-packages/pandas/io/parsers/readers.py", line 1880, in _make_engine
    self.handles = get_handle(
  File "/usr/local/lib/python3.10/dist-packages/pandas/io/common.py", line 873, in get_handle
    handle = open(
FileNotFoundError: [Errno 2] No such file or directory: '/mnt/d/VSCodeWorkspace/stock_realtime_v021_full/saved_data/600176_pipeline_out/01_samples/training_samples.csv'

[2026-05-30T23:59:55] RUN fundamental
  /usr/bin/python3 feature_building/build_fundamental_features.py --symbol 600176.SH --daily-samples /mnt/d/VSCodeWorkspace/stock_realtime_v021_full/saved_data/600176_pipeline_out/01_samples_asof1455/training_samples_asof1455.csv --out-dir /mnt/d/VSCodeWorkspace/stock_realtime_v021_full/saved_data/600176_pipeline_out/02_fundamental --start-date 2018-01-01 --end-date 2026-05-30 --fallback-lag-days 120 --skip-akshare
Traceback (most recent call last):
  File "/mnt/d/VSCodeWorkspace/stock_realtime_v021_full/feature_building/build_fundamental_features.py", line 373, in <module>
    main()
  File "/mnt/d/VSCodeWorkspace/stock_realtime_v021_full/feature_building/build_fundamental_features.py", line 313, in main
    samples = pd.read_csv(args.daily_samples, parse_dates=["date"]).sort_values("date")
  File "/usr/local/lib/python3.10/dist-packages/pandas/io/parsers/readers.py", line 1026, in read_csv
    return _read(filepath_or_buffer, kwds)
  File "/usr/local/lib/python3.10/dist-packages/pandas/io/parsers/readers.py", line 620, in _read
    parser = TextFileReader(filepath_or_buffer, **kwds)
  File "/usr/local/lib/python3.10/dist-packages/pandas/io/parsers/readers.py", line 1620, in __init__
    self._engine = self._make_engine(f, self.engine)
  File "/usr/local/lib/python3.10/dist-packages/pandas/io/parsers/readers.py", line 1880, in _make_engine
    self.handles = get_handle(
  File "/usr/local/lib/python3.10/dist-packages/pandas/io/common.py", line 873, in get_handle
    handle = open(
FileNotFoundError: [Errno 2] No such file or directory: '/mnt/d/VSCodeWorkspace/stock_realtime_v021_full/saved_data/600176_pipeline_out/01_samples_asof1455/training_samples_asof1455.csv'

[2026-05-30T23:59:56] RUN sector
  /usr/bin/python3 feature_building/build_sector_features.py --samples /mnt/d/VSCodeWorkspace/stock_realtime_v021_full/saved_data/600176_pipeline_out/02_fundamental/training_samples_with_fundamentals.csv --out-dir /mnt/d/VSCodeWorkspace/stock_realtime_v021_full/saved_data/600176_pipeline_out/03_sector --sector-symbol '建筑材料' --start-date 2018-01-01 --end-date 2026-05-30
Traceback (most recent call last):
  File "/mnt/d/VSCodeWorkspace/stock_realtime_v021_full/feature_building/build_sector_features.py", line 133, in <module>
    main()
  File "/mnt/d/VSCodeWorkspace/stock_realtime_v021_full/feature_building/build_sector_features.py", line 97, in main
    samples = pd.read_csv(args.samples, parse_dates=["date"]).sort_values("date")
  File "/usr/local/lib/python3.10/dist-packages/pandas/io/parsers/readers.py", line 1026, in read_csv
    return _read(filepath_or_buffer, kwds)
  File "/usr/local/lib/python3.10/dist-packages/pandas/io/parsers/readers.py", line 620, in _read
    parser = TextFileReader(filepath_or_buffer, **kwds)
  File "/usr/local/lib/python3.10/dist-packages/pandas/io/parsers/readers.py", line 1620, in __init__
    self._engine = self._make_engine(f, self.engine)
  File "/usr/local/lib/python3.10/dist-packages/pandas/io/parsers/readers.py", line 1880, in _make_engine
    self.handles = get_handle(
  File "/usr/local/lib/python3.10/dist-packages/pandas/io/common.py", line 873, in get_handle
    handle = open(
FileNotFoundError: [Errno 2] No such file or directory: '/mnt/d/VSCodeWorkspace/stock_realtime_v021_full/saved_data/600176_pipeline_out/02_fundamental/training_samples_with_fundamentals.csv'
[INFO] final samples for search: /mnt/d/VSCodeWorkspace/stock_realtime_v021_full/saved_data/600176_pipeline_out/03_sector/training_samples_with_sector.csv
=== nextday pipeline end: 2026-05-30T23:59:57 status=partial_failed ===
=== nextday pipeline start: 2026-05-31T00:02:37 ===
symbol=600176.SH, out_root=/mnt/d/VSCodeWorkspace/stock_realtime_v021_full/saved_data/600176_pipeline_out

[2026-05-31T00:02:37] RUN update_data
  /usr/bin/python3 bootstrap/ashare_xgb_dual_opportunity_regression_baostock_full_v19_compressed_trading_axis.py --mode update_data --symbol 600176 --benchmark_symbol 000300 --daily_start 2018-01-01 --daily_end 2026-05-31 --intraday_start '2018-01-01 09:30:00' --intraday_end '2026-05-31 15:00:00' --output_dir /mnt/d/VSCodeWorkspace/stock_realtime_v021_full/saved_data/600176_pipeline_out/00_base --cache_mode incremental --feature_cache_mode incremental --adjust qfq
未安装 xgboost。请先执行: pip install -U xgboost
原始错误: ModuleNotFoundError: No module named 'xgboost'

[2026-05-31T00:02:38] RUN samples
  /usr/bin/python3 feature_building/build_nextday_samples_from_baostock.py --daily-features /mnt/d/VSCodeWorkspace/stock_realtime_v021_full/saved_data/600176_pipeline_out/00_base/daily_features.csv --intraday-bars /mnt/d/VSCodeWorkspace/stock_realtime_v021_full/saved_data/600176_pipeline_out/00_base/600176_5m.csv --out-dir /mnt/d/VSCodeWorkspace/stock_realtime_v021_full/saved_data/600176_pipeline_out/01_samples --min-bars 40 --keep-unlabeled-tail
Traceback (most recent call last):
  File "/mnt/d/VSCodeWorkspace/stock_realtime_v021_full/feature_building/build_nextday_samples_from_baostock.py", line 75, in <module>
    main()
  File "/mnt/d/VSCodeWorkspace/stock_realtime_v021_full/feature_building/build_nextday_samples_from_baostock.py", line 61, in main
    samples = build_samples(Path(args.daily_features), Path(args.intraday_bars), args.min_bars, args.keep_unlabeled_tail)
  File "/mnt/d/VSCodeWorkspace/stock_realtime_v021_full/feature_building/build_nextday_samples_from_baostock.py", line 34, in build_samples
    daily = pd.read_csv(daily_features, parse_dates=["date"]).sort_values("date")
  File "/usr/local/lib/python3.10/dist-packages/pandas/io/parsers/readers.py", line 1026, in read_csv
    return _read(filepath_or_buffer, kwds)
  File "/usr/local/lib/python3.10/dist-packages/pandas/io/parsers/readers.py", line 620, in _read
    parser = TextFileReader(filepath_or_buffer, **kwds)
  File "/usr/local/lib/python3.10/dist-packages/pandas/io/parsers/readers.py", line 1620, in __init__
    self._engine = self._make_engine(f, self.engine)
  File "/usr/local/lib/python3.10/dist-packages/pandas/io/parsers/readers.py", line 1880, in _make_engine
    self.handles = get_handle(
  File "/usr/local/lib/python3.10/dist-packages/pandas/io/common.py", line 873, in get_handle
    handle = open(
FileNotFoundError: [Errno 2] No such file or directory: '/mnt/d/VSCodeWorkspace/stock_realtime_v021_full/saved_data/600176_pipeline_out/00_base/daily_features.csv'

[2026-05-31T00:02:39] RUN asof_samples
  /usr/bin/python3 feature_building/build_asof1455_training_samples.py --samples /mnt/d/VSCodeWorkspace/stock_realtime_v021_full/saved_data/600176_pipeline_out/01_samples/training_samples.csv --intraday-bars /mnt/d/VSCodeWorkspace/stock_realtime_v021_full/saved_data/600176_pipeline_out/00_base/600176_5m.csv --out-dir /mnt/d/VSCodeWorkspace/stock_realtime_v021_full/saved_data/600176_pipeline_out/01_samples_asof1455 --cutoff-time 14:55 --min-bars 40
Traceback (most recent call last):
  File "/mnt/d/VSCodeWorkspace/stock_realtime_v021_full/feature_building/build_asof1455_training_samples.py", line 116, in <module>
    main()
  File "/mnt/d/VSCodeWorkspace/stock_realtime_v021_full/feature_building/build_asof1455_training_samples.py", line 100, in main
    df = build_asof_samples(Path(args.samples), Path(args.intraday_bars), args.cutoff_time, args.min_bars)
  File "/mnt/d/VSCodeWorkspace/stock_realtime_v021_full/feature_building/build_asof1455_training_samples.py", line 80, in build_asof_samples
    base = pd.read_csv(samples, parse_dates=["date"]).sort_values("date")
  File "/usr/local/lib/python3.10/dist-packages/pandas/io/parsers/readers.py", line 1026, in read_csv
    return _read(filepath_or_buffer, kwds)
  File "/usr/local/lib/python3.10/dist-packages/pandas/io/parsers/readers.py", line 620, in _read
    parser = TextFileReader(filepath_or_buffer, **kwds)
  File "/usr/local/lib/python3.10/dist-packages/pandas/io/parsers/readers.py", line 1620, in __init__
    self._engine = self._make_engine(f, self.engine)
  File "/usr/local/lib/python3.10/dist-packages/pandas/io/parsers/readers.py", line 1880, in _make_engine
    self.handles = get_handle(
  File "/usr/local/lib/python3.10/dist-packages/pandas/io/common.py", line 873, in get_handle
    handle = open(
FileNotFoundError: [Errno 2] No such file or directory: '/mnt/d/VSCodeWorkspace/stock_realtime_v021_full/saved_data/600176_pipeline_out/01_samples/training_samples.csv'

[2026-05-31T00:02:40] RUN fundamental
  /usr/bin/python3 feature_building/build_fundamental_features.py --symbol 600176.SH --daily-samples /mnt/d/VSCodeWorkspace/stock_realtime_v021_full/saved_data/600176_pipeline_out/01_samples_asof1455/training_samples_asof1455.csv --out-dir /mnt/d/VSCodeWorkspace/stock_realtime_v021_full/saved_data/600176_pipeline_out/02_fundamental --start-date 2018-01-01 --end-date 2026-05-31 --fallback-lag-days 120 --skip-akshare
Traceback (most recent call last):
  File "/mnt/d/VSCodeWorkspace/stock_realtime_v021_full/feature_building/build_fundamental_features.py", line 373, in <module>
    main()
  File "/mnt/d/VSCodeWorkspace/stock_realtime_v021_full/feature_building/build_fundamental_features.py", line 313, in main
    samples = pd.read_csv(args.daily_samples, parse_dates=["date"]).sort_values("date")
  File "/usr/local/lib/python3.10/dist-packages/pandas/io/parsers/readers.py", line 1026, in read_csv
    return _read(filepath_or_buffer, kwds)
  File "/usr/local/lib/python3.10/dist-packages/pandas/io/parsers/readers.py", line 620, in _read
    parser = TextFileReader(filepath_or_buffer, **kwds)
  File "/usr/local/lib/python3.10/dist-packages/pandas/io/parsers/readers.py", line 1620, in __init__
    self._engine = self._make_engine(f, self.engine)
  File "/usr/local/lib/python3.10/dist-packages/pandas/io/parsers/readers.py", line 1880, in _make_engine
    self.handles = get_handle(
  File "/usr/local/lib/python3.10/dist-packages/pandas/io/common.py", line 873, in get_handle
    handle = open(
FileNotFoundError: [Errno 2] No such file or directory: '/mnt/d/VSCodeWorkspace/stock_realtime_v021_full/saved_data/600176_pipeline_out/01_samples_asof1455/training_samples_asof1455.csv'

[2026-05-31T00:02:41] RUN sector
  /usr/bin/python3 feature_building/build_sector_features.py --samples /mnt/d/VSCodeWorkspace/stock_realtime_v021_full/saved_data/600176_pipeline_out/02_fundamental/training_samples_with_fundamentals.csv --out-dir /mnt/d/VSCodeWorkspace/stock_realtime_v021_full/saved_data/600176_pipeline_out/03_sector --sector-symbol '建筑材料' --start-date 2018-01-01 --end-date 2026-05-31
Traceback (most recent call last):
  File "/mnt/d/VSCodeWorkspace/stock_realtime_v021_full/feature_building/build_sector_features.py", line 133, in <module>
    main()
  File "/mnt/d/VSCodeWorkspace/stock_realtime_v021_full/feature_building/build_sector_features.py", line 97, in main
    samples = pd.read_csv(args.samples, parse_dates=["date"]).sort_values("date")
  File "/usr/local/lib/python3.10/dist-packages/pandas/io/parsers/readers.py", line 1026, in read_csv
    return _read(filepath_or_buffer, kwds)
  File "/usr/local/lib/python3.10/dist-packages/pandas/io/parsers/readers.py", line 620, in _read
    parser = TextFileReader(filepath_or_buffer, **kwds)
  File "/usr/local/lib/python3.10/dist-packages/pandas/io/parsers/readers.py", line 1620, in __init__
    self._engine = self._make_engine(f, self.engine)
  File "/usr/local/lib/python3.10/dist-packages/pandas/io/parsers/readers.py", line 1880, in _make_engine
    self.handles = get_handle(
  File "/usr/local/lib/python3.10/dist-packages/pandas/io/common.py", line 873, in get_handle
    handle = open(
FileNotFoundError: [Errno 2] No such file or directory: '/mnt/d/VSCodeWorkspace/stock_realtime_v021_full/saved_data/600176_pipeline_out/02_fundamental/training_samples_with_fundamentals.csv'
[INFO] final samples for search: /mnt/d/VSCodeWorkspace/stock_realtime_v021_full/saved_data/600176_pipeline_out/03_sector/training_samples_with_sector.csv
=== nextday pipeline end: 2026-05-31T00:02:41 status=partial_failed ===
=== nextday pipeline start: 2026-05-31T00:21:51 ===
symbol=600176.SH, out_root=/mnt/d/VSCodeWorkspace/stock_realtime_v021_full/saved_data/600176_pipeline_out

[2026-05-31T00:21:51] RUN update_data
  /usr/bin/python3 bootstrap/ashare_xgb_dual_opportunity_regression_baostock_full_v19_compressed_trading_axis.py --mode update_data --symbol 600176 --benchmark_symbol 000300 --daily_start 2018-01-01 --daily_end 2026-05-31 --intraday_start '2018-01-01 09:30:00' --intraday_end '2026-05-31 15:00:00' --output_dir /mnt/d/VSCodeWorkspace/stock_realtime_v021_full/saved_data/600176_pipeline_out/00_base --cache_mode incremental --feature_cache_mode incremental --adjust qfq
未安装 xgboost。请先执行: pip install -U xgboost
原始错误: ModuleNotFoundError: No module named 'xgboost'

[2026-05-31T00:21:52] RUN samples
  /usr/bin/python3 feature_building/build_nextday_samples_from_baostock.py --daily-features /mnt/d/VSCodeWorkspace/stock_realtime_v021_full/saved_data/600176_pipeline_out/00_base/daily_features.csv --intraday-bars /mnt/d/VSCodeWorkspace/stock_realtime_v021_full/saved_data/600176_pipeline_out/00_base/600176_5m.csv --out-dir /mnt/d/VSCodeWorkspace/stock_realtime_v021_full/saved_data/600176_pipeline_out/01_samples --min-bars 40 --keep-unlabeled-tail
Traceback (most recent call last):
  File "/mnt/d/VSCodeWorkspace/stock_realtime_v021_full/feature_building/build_nextday_samples_from_baostock.py", line 75, in <module>
    main()
  File "/mnt/d/VSCodeWorkspace/stock_realtime_v021_full/feature_building/build_nextday_samples_from_baostock.py", line 61, in main
    samples = build_samples(Path(args.daily_features), Path(args.intraday_bars), args.min_bars, args.keep_unlabeled_tail)
  File "/mnt/d/VSCodeWorkspace/stock_realtime_v021_full/feature_building/build_nextday_samples_from_baostock.py", line 34, in build_samples
    daily = pd.read_csv(daily_features, parse_dates=["date"]).sort_values("date")
  File "/usr/local/lib/python3.10/dist-packages/pandas/io/parsers/readers.py", line 1026, in read_csv
    return _read(filepath_or_buffer, kwds)
  File "/usr/local/lib/python3.10/dist-packages/pandas/io/parsers/readers.py", line 620, in _read
    parser = TextFileReader(filepath_or_buffer, **kwds)
  File "/usr/local/lib/python3.10/dist-packages/pandas/io/parsers/readers.py", line 1620, in __init__
    self._engine = self._make_engine(f, self.engine)
  File "/usr/local/lib/python3.10/dist-packages/pandas/io/parsers/readers.py", line 1880, in _make_engine
    self.handles = get_handle(
  File "/usr/local/lib/python3.10/dist-packages/pandas/io/common.py", line 873, in get_handle
    handle = open(
FileNotFoundError: [Errno 2] No such file or directory: '/mnt/d/VSCodeWorkspace/stock_realtime_v021_full/saved_data/600176_pipeline_out/00_base/daily_features.csv'

[2026-05-31T00:21:52] RUN asof_samples
  /usr/bin/python3 feature_building/build_asof1455_training_samples.py --samples /mnt/d/VSCodeWorkspace/stock_realtime_v021_full/saved_data/600176_pipeline_out/01_samples/training_samples.csv --intraday-bars /mnt/d/VSCodeWorkspace/stock_realtime_v021_full/saved_data/600176_pipeline_out/00_base/600176_5m.csv --out-dir /mnt/d/VSCodeWorkspace/stock_realtime_v021_full/saved_data/600176_pipeline_out/01_samples_asof1455 --cutoff-time 14:55 --min-bars 40
Traceback (most recent call last):
  File "/mnt/d/VSCodeWorkspace/stock_realtime_v021_full/feature_building/build_asof1455_training_samples.py", line 116, in <module>
    main()
  File "/mnt/d/VSCodeWorkspace/stock_realtime_v021_full/feature_building/build_asof1455_training_samples.py", line 100, in main
    df = build_asof_samples(Path(args.samples), Path(args.intraday_bars), args.cutoff_time, args.min_bars)
  File "/mnt/d/VSCodeWorkspace/stock_realtime_v021_full/feature_building/build_asof1455_training_samples.py", line 80, in build_asof_samples
    base = pd.read_csv(samples, parse_dates=["date"]).sort_values("date")
  File "/usr/local/lib/python3.10/dist-packages/pandas/io/parsers/readers.py", line 1026, in read_csv
    return _read(filepath_or_buffer, kwds)
  File "/usr/local/lib/python3.10/dist-packages/pandas/io/parsers/readers.py", line 620, in _read
    parser = TextFileReader(filepath_or_buffer, **kwds)
  File "/usr/local/lib/python3.10/dist-packages/pandas/io/parsers/readers.py", line 1620, in __init__
    self._engine = self._make_engine(f, self.engine)
  File "/usr/local/lib/python3.10/dist-packages/pandas/io/parsers/readers.py", line 1880, in _make_engine
    self.handles = get_handle(
  File "/usr/local/lib/python3.10/dist-packages/pandas/io/common.py", line 873, in get_handle
    handle = open(
FileNotFoundError: [Errno 2] No such file or directory: '/mnt/d/VSCodeWorkspace/stock_realtime_v021_full/saved_data/600176_pipeline_out/01_samples/training_samples.csv'

[2026-05-31T00:21:53] RUN fundamental
  /usr/bin/python3 feature_building/build_fundamental_features.py --symbol 600176.SH --daily-samples /mnt/d/VSCodeWorkspace/stock_realtime_v021_full/saved_data/600176_pipeline_out/01_samples_asof1455/training_samples_asof1455.csv --out-dir /mnt/d/VSCodeWorkspace/stock_realtime_v021_full/saved_data/600176_pipeline_out/02_fundamental --start-date 2018-01-01 --end-date 2026-05-31 --fallback-lag-days 120 --skip-akshare
Traceback (most recent call last):
  File "/mnt/d/VSCodeWorkspace/stock_realtime_v021_full/feature_building/build_fundamental_features.py", line 373, in <module>
    main()
  File "/mnt/d/VSCodeWorkspace/stock_realtime_v021_full/feature_building/build_fundamental_features.py", line 313, in main
    samples = pd.read_csv(args.daily_samples, parse_dates=["date"]).sort_values("date")
  File "/usr/local/lib/python3.10/dist-packages/pandas/io/parsers/readers.py", line 1026, in read_csv
    return _read(filepath_or_buffer, kwds)
  File "/usr/local/lib/python3.10/dist-packages/pandas/io/parsers/readers.py", line 620, in _read
    parser = TextFileReader(filepath_or_buffer, **kwds)
  File "/usr/local/lib/python3.10/dist-packages/pandas/io/parsers/readers.py", line 1620, in __init__
    self._engine = self._make_engine(f, self.engine)
  File "/usr/local/lib/python3.10/dist-packages/pandas/io/parsers/readers.py", line 1880, in _make_engine
    self.handles = get_handle(
  File "/usr/local/lib/python3.10/dist-packages/pandas/io/common.py", line 873, in get_handle
    handle = open(
FileNotFoundError: [Errno 2] No such file or directory: '/mnt/d/VSCodeWorkspace/stock_realtime_v021_full/saved_data/600176_pipeline_out/01_samples_asof1455/training_samples_asof1455.csv'

[2026-05-31T00:21:54] RUN sector
  /usr/bin/python3 feature_building/build_sector_features.py --samples /mnt/d/VSCodeWorkspace/stock_realtime_v021_full/saved_data/600176_pipeline_out/02_fundamental/training_samples_with_fundamentals.csv --out-dir /mnt/d/VSCodeWorkspace/stock_realtime_v021_full/saved_data/600176_pipeline_out/03_sector --sector-symbol '建筑材料' --start-date 2018-01-01 --end-date 2026-05-31
Traceback (most recent call last):
  File "/mnt/d/VSCodeWorkspace/stock_realtime_v021_full/feature_building/build_sector_features.py", line 133, in <module>
    main()
  File "/mnt/d/VSCodeWorkspace/stock_realtime_v021_full/feature_building/build_sector_features.py", line 97, in main
    samples = pd.read_csv(args.samples, parse_dates=["date"]).sort_values("date")
  File "/usr/local/lib/python3.10/dist-packages/pandas/io/parsers/readers.py", line 1026, in read_csv
    return _read(filepath_or_buffer, kwds)
  File "/usr/local/lib/python3.10/dist-packages/pandas/io/parsers/readers.py", line 620, in _read
    parser = TextFileReader(filepath_or_buffer, **kwds)
  File "/usr/local/lib/python3.10/dist-packages/pandas/io/parsers/readers.py", line 1620, in __init__
    self._engine = self._make_engine(f, self.engine)
  File "/usr/local/lib/python3.10/dist-packages/pandas/io/parsers/readers.py", line 1880, in _make_engine
    self.handles = get_handle(
  File "/usr/local/lib/python3.10/dist-packages/pandas/io/common.py", line 873, in get_handle
    handle = open(
FileNotFoundError: [Errno 2] No such file or directory: '/mnt/d/VSCodeWorkspace/stock_realtime_v021_full/saved_data/600176_pipeline_out/02_fundamental/training_samples_with_fundamentals.csv'
[INFO] final samples for search: /mnt/d/VSCodeWorkspace/stock_realtime_v021_full/saved_data/600176_pipeline_out/03_sector/training_samples_with_sector.csv
=== nextday pipeline end: 2026-05-31T00:21:54 status=partial_failed ===
=== nextday pipeline start: 2026-05-31T02:21:24 ===
symbol=600176.SH, out_root=/root/stock_realtime_v021_full/saved_data/600176_pipeline_out

[2026-05-31T02:21:24] SKIP update_data: outputs exist
  /usr/bin/python3 bootstrap/ashare_xgb_dual_opportunity_regression_baostock_full_v19_compressed_trading_axis.py --mode update_data --symbol 600176 --benchmark_symbol 000300 --daily_start 2018-01-01 --daily_end 2026-05-31 --intraday_start '2018-01-01 09:30:00' --intraday_end '2026-05-31 15:00:00' --output_dir /root/stock_realtime_v021_full/saved_data/600176_pipeline_out/00_base --cache_mode incremental --feature_cache_mode incremental --adjust qfq

[2026-05-31T02:21:24] SKIP samples: outputs exist
  /usr/bin/python3 feature_building/build_nextday_samples_from_baostock.py --daily-features /root/stock_realtime_v021_full/saved_data/600176_pipeline_out/00_base/daily_features.csv --intraday-bars /root/stock_realtime_v021_full/saved_data/600176_pipeline_out/00_base/600176_5m.csv --out-dir /root/stock_realtime_v021_full/saved_data/600176_pipeline_out/01_samples --min-bars 40 --keep-unlabeled-tail

[2026-05-31T02:21:24] SKIP asof_samples: outputs exist
  /usr/bin/python3 feature_building/build_asof1455_training_samples.py --samples /root/stock_realtime_v021_full/saved_data/600176_pipeline_out/01_samples/training_samples.csv --intraday-bars /root/stock_realtime_v021_full/saved_data/600176_pipeline_out/00_base/600176_5m.csv --out-dir /root/stock_realtime_v021_full/saved_data/600176_pipeline_out/01_samples_asof1455 --cutoff-time 14:55 --min-bars 40

[2026-05-31T02:21:24] RUN fundamental
  /usr/bin/python3 feature_building/build_fundamental_features.py --symbol 600176.SH --daily-samples /root/stock_realtime_v021_full/saved_data/600176_pipeline_out/01_samples_asof1455/training_samples_asof1455.csv --out-dir /root/stock_realtime_v021_full/saved_data/600176_pipeline_out/02_fundamental --start-date 2018-01-01 --end-date 2026-05-31 --fallback-lag-days 120 --skip-akshare
login success!
logout success!
{
  "rows": 1540,
  "date_min": "2020-01-02",
  "date_max": "2026-05-29",
  "source_errors": [],
  "top_missing_rates": {
    "profit_MBRevenue_chg4q": 0.772077922077922,
    "profit_MBRevenue": 0.7383116883116884,
    "pbMRQ_rank252": 0.03831168831168831,
    "peTTM_rank252": 0.03831168831168831,
    "pcfNcfTTM_rank252": 0.03831168831168831,
    "psTTM_rank252": 0.03831168831168831,
    "profit_netProfit_chg4q": 0.0025974025974025974,
    "growth_YOYNI_chg4q": 0.0025974025974025974,
    "growth_YOYEPSBasic_chg4q": 0.0025974025974025974,
    "growth_YOYPNI_chg4q": 0.0025974025974025974,
    "profit_epsTTM_chg4q": 0.0025974025974025974,
    "profit_totalShare_chg4q": 0.0025974025974025974,
    "profit_liqaShare_chg4q": 0.0025974025974025974,
    "growth_YOYEquity_chg4q": 0.0025974025974025974,
    "growth_YOYAsset_chg4q": 0.0025974025974025974,
    "dupont_dupontROE_chg4q": 0.0025974025974025974,
    "cashflow_CAToAsset_chg4q": 0.0025974025974025974,
    "cashflow_NCAToAsset_chg4q": 0.0025974025974025974,
    "cashflow_tangibleAssetToAsset_chg4q": 0.0025974025974025974,
    "cashflow_ebitToInterest_chg4q": 0.0025974025974025974,
    "cashflow_CFOToOR_chg4q": 0.0025974025974025974,
    "cashflow_CFOToNP_chg4q": 0.0025974025974025974,
    "cashflow_CFOToGr_chg4q": 0.0025974025974025974,
    "profit_npMargin_chg4q": 0.0025974025974025974,
    "dupont_dupontAssetStoEquity_chg4q": 0.0025974025974025974,
    "profit_roeAvg_chg4q": 0.0025974025974025974,
    "solvency_currentRatio_chg4q": 0.0025974025974025974,
    "solvency_quickRatio_chg4q": 0.0025974025974025974,
    "solvency_cashRatio_chg4q": 0.0025974025974025974,
    "solvency_YOYLiability_chg4q": 0.0025974025974025974
  },
  "valuation_non_null": {
    "peTTM": 1540,
    "pbMRQ": 1540,
    "psTTM": 1540,
    "pcfNcfTTM": 1540
  },
  "future_effective_date_violations": 0,
  "rows_with_quarterly": 1540,
  "sample_rows": 1540,
  "quarterly_raw_rows": 37,
  "quarterly_used_pubDate_rows": 37,
  "quarterly_fallback_rows": 0,
  "elapsed_seconds": 21.111,
  "symbol": "600176",
  "baostock_code": "sh.600176",
  "valuation_rows": 2037,
  "fund_flow_rows": 0,
  "feature_columns": 95,
  "merged_columns": 185,
  "outputs": {
    "daily_valuation": "/root/stock_realtime_v021_full/saved_data/600176_pipeline_out/02_fundamental/baostock_daily_valuation.csv",
    "quarterly_fundamentals": "/root/stock_realtime_v021_full/saved_data/600176_pipeline_out/02_fundamental/baostock_quarterly_fundamentals_pit.csv",
    "fundamental_features": "/root/stock_realtime_v021_full/saved_data/600176_pipeline_out/02_fundamental/fundamental_features.csv",
    "merged_samples": "/root/stock_realtime_v021_full/saved_data/600176_pipeline_out/02_fundamental/training_samples_with_fundamentals.csv"
  }
}

[2026-05-31T02:21:45] RUN sector
  /usr/bin/python3 feature_building/build_sector_features.py --samples /root/stock_realtime_v021_full/saved_data/600176_pipeline_out/02_fundamental/training_samples_with_fundamentals.csv --out-dir /root/stock_realtime_v021_full/saved_data/600176_pipeline_out/03_sector --sector-symbol '建筑材料' --start-date 2018-01-01 --end-date 2026-05-31

  0%|          | 0/9 [00:00<?, ?it/s]
 11%|█         | 1/9 [00:00<00:01,  4.77it/s]
 22%|██▏       | 2/9 [00:00<00:01,  4.66it/s]
 33%|███▎      | 3/9 [00:00<00:01,  4.63it/s]
 44%|████▍     | 4/9 [00:00<00:01,  4.15it/s]
 56%|█████▌    | 5/9 [00:01<00:00,  4.25it/s]
 67%|██████▋   | 6/9 [00:01<00:00,  4.34it/s]
 78%|███████▊  | 7/9 [00:01<00:00,  4.24it/s]
 89%|████████▉ | 8/9 [00:01<00:00,  4.30it/s]
100%|██████████| 9/9 [00:02<00:00,  4.60it/s]
                                             
{
  "sector_symbol": "建筑材料",
  "sector_rows": 2037,
  "sector_date_min": "2018-01-02",
  "sector_date_max": "2026-05-29",
  "sample_rows": 1540,
  "merged_rows": 1540,
  "sector_feature_cols": 23,
  "top_missing": {
    "sector_ret60": 0.03896103896103896,
    "sector_ma60_gap": 0.01948051948051948,
    "stock_vs_sector_ret20": 0.012987012987012988,
    "sector_ret20": 0.012987012987012988,
    "sector_vol20": 0.007142857142857143,
    "sector_ma20_gap": 0.006493506493506494,
    "sector_range_z20": 0.006493506493506494,
    "sector_volume_shock20": 0.006493506493506494,
    "sector_amount_z20": 0.006493506493506494,
    "sector_volume_z20": 0.006493506493506494,
    "sector_amount_shock20": 0.006493506493506494,
    "sector_ret5": 0.003246753246753247,
    "stock_vs_sector_ret5": 0.003246753246753247,
    "sector_vs_bench_ret5": 0.003246753246753247,
    "stock_vs_sector_ret1": 0.0006493506493506494,
    "sector_ret1": 0.0006493506493506494,
    "sector_amount": 0.0,
    "sector_volume": 0.0,
    "sector_close": 0.0,
    "sector_low": 0.0
  },
  "outputs": {
    "sector_index": "/root/stock_realtime_v021_full/saved_data/600176_pipeline_out/03_sector/sector_index_ths.csv",
    "sector_features": "/root/stock_realtime_v021_full/saved_data/600176_pipeline_out/03_sector/sector_features.csv",
    "merged_samples": "/root/stock_realtime_v021_full/saved_data/600176_pipeline_out/03_sector/training_samples_with_sector.csv"
  }
}
[INFO] final samples for search: /root/stock_realtime_v021_full/saved_data/600176_pipeline_out/03_sector/training_samples_with_sector.csv
=== nextday pipeline end: 2026-05-31T02:21:50 status=ok ===
