=== nextday pipeline start: 2026-05-17T22:50:31 ===
symbol=000657.SZ, out_root=/root/stock_realtime_v021_full/saved_data/000657_pipeline_out_v2_new27_full

[2026-05-17T22:50:31] RUN update_data
  /usr/bin/python3 bootstrap/ashare_xgb_dual_opportunity_regression_baostock_full_v19_compressed_trading_axis.py --mode update_data --symbol 000657 --benchmark_symbol 000300 --daily_start 2018-01-01 --daily_end 2026-05-15 --intraday_start '2018-01-01 09:30:00' --intraday_end '2026-05-15 15:00:00' --output_dir /root/stock_realtime_v021_full/saved_data/000657_pipeline_out_v2_new27_full/00_base --cache_mode incremental --feature_cache_mode incremental --adjust qfq
/root/stock_realtime_v021_full/bootstrap/ashare_fetch_and_train_xgb_sell_signal_baostock_state_cache_helper_fix2.py:246: FutureWarning: The behavior of DataFrame concatenation with empty or all-NA entries is deprecated. In a future version, this will no longer exclude empty or all-NA columns when determining the result dtypes. To retain the old behavior, exclude the relevant entries before the concat operation.
  merged = _normalize_daily_df(pd.concat([df_old, df_new], axis=0, ignore_index=True))
/root/stock_realtime_v021_full/bootstrap/ashare_fetch_and_train_xgb_sell_signal_baostock_state_cache_helper_fix2.py:248: FutureWarning: The behavior of DataFrame concatenation with empty or all-NA entries is deprecated. In a future version, this will no longer exclude empty or all-NA columns when determining the result dtypes. To retain the old behavior, exclude the relevant entries before the concat operation.
  merged = _normalize_intraday_df(pd.concat([df_old, df_new], axis=0, ignore_index=True))
/root/stock_realtime_v021_full/bootstrap/ashare_fetch_and_train_xgb_sell_signal_baostock_state_cache_helper_fix2.py:254: FutureWarning: The behavior of DataFrame concatenation with empty or all-NA entries is deprecated. In a future version, this will no longer exclude empty or all-NA columns when determining the result dtypes. To retain the old behavior, exclude the relevant entries before the concat operation.
  merged = _normalize_bench_df(pd.concat([df_old, df_new], axis=0, ignore_index=True))
/root/stock_realtime_v021_full/bootstrap/ashare_fetch_and_train_xgb_sell_signal_baostock_state_cache_helper_fix2.py:250: FutureWarning: The behavior of DataFrame concatenation with empty or all-NA entries is deprecated. In a future version, this will no longer exclude empty or all-NA columns when determining the result dtypes. To retain the old behavior, exclude the relevant entries before the concat operation.
  merged = _normalize_daily_feature_df(pd.concat([df_old, df_new], axis=0, ignore_index=True))
/root/stock_realtime_v021_full/bootstrap/ashare_fetch_and_train_xgb_sell_signal_baostock_state_cache_helper_fix2.py:252: FutureWarning: The behavior of DataFrame concatenation with empty or all-NA entries is deprecated. In a future version, this will no longer exclude empty or all-NA columns when determining the result dtypes. To retain the old behavior, exclude the relevant entries before the concat operation.
  merged = _normalize_intraday_feature_df(pd.concat([df_old, df_new], axis=0, ignore_index=True))
login success!
logout success!
login success!
logout success!
login success!
logout success!
{
  "mode": "update_data",
  "symbol": "000657",
  "data_source": "baostock",
  "daily_rows": 2027,
  "intraday_rows": 73440,
  "daily_min": "2018-01-02 00:00:00",
  "daily_max": "2026-05-15 00:00:00",
  "intraday_min": "2020-01-02 09:35:00",
  "intraday_max": "2026-05-15 15:00:00",
  "base_paths": {
    "daily_csv": "/root/stock_realtime_v021_full/saved_data/000657_pipeline_out_v2_new27_full/00_base/000657_daily.csv",
    "intraday_csv": "/root/stock_realtime_v021_full/saved_data/000657_pipeline_out_v2_new27_full/00_base/000657_5m.csv",
    "benchmark_csv": "/root/stock_realtime_v021_full/saved_data/000657_pipeline_out_v2_new27_full/00_base/000300_benchmark_daily.csv",
    "raw_daily_cache_csv": "/root/stock_realtime_v021_full/saved_data/000657_pipeline_out_v2_new27_full/00_base/raw_cache/000657_daily_raw.csv",
    "raw_intraday_cache_csv": "/root/stock_realtime_v021_full/saved_data/000657_pipeline_out_v2_new27_full/00_base/raw_cache/000657_5m_raw.csv",
    "raw_benchmark_cache_csv": "/root/stock_realtime_v021_full/saved_data/000657_pipeline_out_v2_new27_full/00_base/raw_cache/000300_benchmark_daily_raw.csv",
    "daily_features_csv": "/root/stock_realtime_v021_full/saved_data/000657_pipeline_out_v2_new27_full/00_base/daily_features.csv",
    "intraday_features_csv": "/root/stock_realtime_v021_full/saved_data/000657_pipeline_out_v2_new27_full/00_base/intraday_features.csv",
    "daily_features_cache_csv": "/root/stock_realtime_v021_full/saved_data/000657_pipeline_out_v2_new27_full/00_base/feature_cache/daily_features_cache.csv",
    "intraday_features_cache_csv": "/root/stock_realtime_v021_full/saved_data/000657_pipeline_out_v2_new27_full/00_base/feature_cache/intraday_features_cache.csv",
    "feature_state_json": "/root/stock_realtime_v021_full/saved_data/000657_pipeline_out_v2_new27_full/00_base/feature_cache/feature_state.json"
  },
  "fetch_logs": {
    "symbol": "000657",
    "benchmark_symbol": "000300",
    "daily_start": "2018-01-01",
    "daily_end": "2026-05-15",
    "intraday_start": "2018-01-01 09:30:00",
    "intraday_end": "2026-05-15 15:00:00",
    "perf_start": "2018-01-01",
    "data_source": "baostock",
    "cache_mode": "incremental",
    "force_refresh": false,
    "raw_cache_dir": "/root/stock_realtime_v021_full/saved_data/000657_pipeline_out_v2_new27_full/00_base/raw_cache",
    "feature_cache_dir": "/root/stock_realtime_v021_full/saved_data/000657_pipeline_out_v2_new27_full/00_base/feature_cache",
    "feature_cache_mode": "incremental",
    "daily": {
      "cache_path": "/root/stock_realtime_v021_full/saved_data/000657_pipeline_out_v2_new27_full/00_base/raw_cache/000657_daily_raw.csv",
      "requested_start": "2018-01-01",
      "requested_end": "2026-05-15",
      "mode": "initial_fetch",
      "fetch_segments": [
        {
          "provider": "baostock",
          "code": "sz.000657",
          "adjustflag": "2",
          "rows": 2027,
          "start": "2018-01-01",
          "end": "2026-05-15"
        }
      ],
      "cache_after": {
        "rows": 2027,
        "min": "2018-01-02 00:00:00",
        "max": "2026-05-15 00:00:00"
      }
    },
    "intraday_5m": {
      "cache_path": "/root/stock_realtime_v021_full/saved_data/000657_pipeline_out_v2_new27_full/00_base/raw_cache/000657_5m_raw.csv",
      "requested_start": "2018-01-01 09:30:00",
      "requested_end": "2026-05-15 15:00:00",
      "mode": "initial_fetch",
      "fetch_segments": [
        {
          "provider": "baostock",
          "code": "sz.000657",
          "adjustflag": "2",
          "requested_start": "2018-01-01 09:30:00",
          "effective_start": "2018-01-01 09:30:00",
          "requested_end": "2026-05-15 15:00:00",
          "rows": 73440
        }
      ],
      "cache_after": {
        "rows": 73440,
        "min": "2020-01-02 09:35:00",
        "max": "2026-05-15 15:00:00"
      }
    },
    "benchmark_daily": {
      "cache_path": "/root/stock_realtime_v021_full/saved_data/000657_pipeline_out_v2_new27_full/00_base/raw_cache/000300_benchmark_daily_raw.csv",
      "requested_start": "2018-01-01",
      "requested_end": "2026-05-15",
      "mode": "initial_fetch",
      "fetch_segments": [
        {
          "provider": "baostock",
          "code": "sh.000300",
          "rows": 2027,
          "start": "2018-01-01",
          "end": "2026-05-15"
        }
      ],
      "cache_after": {
        "rows": 2027,
        "min": "2018-01-02 00:00:00",
        "max": "2026-05-15 00:00:00"
      }
    },
    "feature_build": {
      "mode": "full_rebuild",
      "reason": "feature_cache_missing",
      "daily_cache_after": {
        "rows": 2027,
        "min": "2018-01-02 00:00:00",
        "max": "2026-05-15 00:00:00"
      },
      "intraday_cache_after": {
        "rows": 73440,
        "min": "2020-01-02 09:35:00",
        "max": "2026-05-15 15:00:00"
      },
      "daily_context_days": 260,
      "intraday_context_days": 40,
      "daily_appended_rows": 2027,
      "intraday_appended_rows": 73440
    },
    "feature_state": {
      "daily_feature_max": "2026-05-15 00:00:00",
      "intraday_feature_max": "2026-05-15 15:00:00",
      "daily_context_days": 260,
      "intraday_context_days": 40,
      "feature_build_mode": "full_rebuild"
    }
  }
}

[2026-05-17T22:53:40] RUN samples
  /usr/bin/python3 feature_building/build_nextday_samples_from_baostock.py --daily-features /root/stock_realtime_v021_full/saved_data/000657_pipeline_out_v2_new27_full/00_base/daily_features.csv --intraday-bars /root/stock_realtime_v021_full/saved_data/000657_pipeline_out_v2_new27_full/00_base/000657_5m.csv --out-dir /root/stock_realtime_v021_full/saved_data/000657_pipeline_out_v2_new27_full/01_samples --min-bars 40 --keep-unlabeled-tail
{
  "rows": 1530,
  "date_min": "2020-01-02",
  "date_max": "2026-05-15",
  "out": "/root/stock_realtime_v021_full/saved_data/000657_pipeline_out_v2_new27_full/01_samples/training_samples.csv"
}

[2026-05-17T22:53:41] RUN fundamental
  /usr/bin/python3 feature_building/build_fundamental_features.py --symbol 000657.SZ --daily-samples /root/stock_realtime_v021_full/saved_data/000657_pipeline_out_v2_new27_full/01_samples/training_samples.csv --out-dir /root/stock_realtime_v021_full/saved_data/000657_pipeline_out_v2_new27_full/02_fundamental --start-date 2018-01-01 --end-date 2026-05-15 --fallback-lag-days 120
login success!
logout success!
{
  "rows": 1530,
  "date_min": "2020-01-02",
  "date_max": "2026-05-15",
  "source_errors": [],
  "top_missing_rates": {
    "ak_fund_小单净流入-净额_sum10": 0.9241830065359478,
    "ak_fund_主力净流入-净额_sum10": 0.9241830065359478,
    "ak_fund_主力净流入-净占比_sum10": 0.9241830065359478,
    "ak_fund_涨跌幅_sum10": 0.9241830065359478,
    "ak_fund_收盘价_sum10": 0.9241830065359478,
    "ak_fund_中单净流入-净额_sum10": 0.9241830065359478,
    "ak_fund_中单净流入-净占比_sum10": 0.9241830065359478,
    "ak_fund_小单净流入-净占比_sum10": 0.9241830065359478,
    "ak_fund_超大单净流入-净额_sum10": 0.9241830065359478,
    "ak_fund_大单净流入-净额_sum10": 0.9241830065359478,
    "ak_fund_大单净流入-净占比_sum10": 0.9241830065359478,
    "ak_fund_超大单净流入-净占比_sum10": 0.9241830065359478,
    "ak_fund_涨跌幅_sum5": 0.9228758169934641,
    "ak_fund_主力净流入-净占比_sum5": 0.9228758169934641,
    "ak_fund_主力净流入-净额_sum5": 0.9228758169934641,
    "ak_fund_收盘价_sum5": 0.9228758169934641,
    "ak_fund_超大单净流入-净占比_sum5": 0.9228758169934641,
    "ak_fund_中单净流入-净占比_sum5": 0.9228758169934641,
    "ak_fund_中单净流入-净额_sum5": 0.9228758169934641,
    "ak_fund_小单净流入-净额_sum5": 0.9228758169934641,
    "ak_fund_小单净流入-净占比_sum5": 0.9228758169934641,
    "ak_fund_大单净流入-净占比_sum5": 0.9228758169934641,
    "ak_fund_大单净流入-净额_sum5": 0.9228758169934641,
    "ak_fund_超大单净流入-净额_sum5": 0.9228758169934641,
    "ak_fund_大单净流入-净额": 0.9215686274509803,
    "ak_fund_超大单净流入-净占比": 0.9215686274509803,
    "ak_fund_超大单净流入-净额": 0.9215686274509803,
    "ak_fund_收盘价": 0.9215686274509803,
    "ak_fund_涨跌幅": 0.9215686274509803,
    "ak_fund_中单净流入-净额": 0.9215686274509803
  },
  "valuation_non_null": {
    "peTTM": 1530,
    "pbMRQ": 1530,
    "psTTM": 1530,
    "pcfNcfTTM": 1530
  },
  "future_effective_date_violations": 0,
  "rows_with_quarterly": 1530,
  "sample_rows": 1530,
  "quarterly_raw_rows": 37,
  "quarterly_used_pubDate_rows": 37,
  "quarterly_fallback_rows": 0,
  "elapsed_seconds": 25.446,
  "symbol": "000657",
  "baostock_code": "sz.000657",
  "valuation_rows": 2027,
  "fund_flow_rows": 120,
  "feature_columns": 125,
  "merged_columns": 194,
  "outputs": {
    "daily_valuation": "/root/stock_realtime_v021_full/saved_data/000657_pipeline_out_v2_new27_full/02_fundamental/baostock_daily_valuation.csv",
    "quarterly_fundamentals": "/root/stock_realtime_v021_full/saved_data/000657_pipeline_out_v2_new27_full/02_fundamental/baostock_quarterly_fundamentals_pit.csv",
    "fundamental_features": "/root/stock_realtime_v021_full/saved_data/000657_pipeline_out_v2_new27_full/02_fundamental/fundamental_features.csv",
    "merged_samples": "/root/stock_realtime_v021_full/saved_data/000657_pipeline_out_v2_new27_full/02_fundamental/training_samples_with_fundamentals.csv"
  }
}

[2026-05-17T22:54:07] RUN sector
  /usr/bin/python3 feature_building/build_sector_features.py --samples /root/stock_realtime_v021_full/saved_data/000657_pipeline_out_v2_new27_full/02_fundamental/training_samples_with_fundamentals.csv --out-dir /root/stock_realtime_v021_full/saved_data/000657_pipeline_out_v2_new27_full/03_sector --sector-symbol '小金属' --start-date 2018-01-01 --end-date 2026-05-15

  0%|          | 0/9 [00:00<?, ?it/s]
 11%|█         | 1/9 [00:00<00:01,  4.51it/s]
 22%|██▏       | 2/9 [00:00<00:01,  4.23it/s]
 33%|███▎      | 3/9 [00:00<00:01,  4.08it/s]
 44%|████▍     | 4/9 [00:00<00:01,  4.03it/s]
 56%|█████▌    | 5/9 [00:01<00:00,  4.01it/s]
 67%|██████▋   | 6/9 [00:01<00:00,  4.04it/s]
 78%|███████▊  | 7/9 [00:01<00:00,  4.16it/s]
 89%|████████▉ | 8/9 [00:01<00:00,  4.05it/s]
100%|██████████| 9/9 [00:02<00:00,  4.15it/s]
                                             
{
  "sector_symbol": "小金属",
  "sector_rows": 2027,
  "sector_date_min": "2018-01-02",
  "sector_date_max": "2026-05-15",
  "sample_rows": 1530,
  "merged_rows": 1530,
  "sector_feature_cols": 23,
  "top_missing": {
    "sector_ret60": 0.0392156862745098,
    "sector_ma60_gap": 0.0196078431372549,
    "stock_vs_sector_ret20": 0.013071895424836602,
    "sector_ret20": 0.013071895424836602,
    "sector_vol20": 0.00718954248366013,
    "sector_ma20_gap": 0.006535947712418301,
    "sector_range_z20": 0.006535947712418301,
    "sector_volume_shock20": 0.006535947712418301,
    "sector_amount_z20": 0.006535947712418301,
    "sector_volume_z20": 0.006535947712418301,
    "sector_amount_shock20": 0.006535947712418301,
    "sector_ret5": 0.0032679738562091504,
    "stock_vs_sector_ret5": 0.0032679738562091504,
    "sector_vs_bench_ret5": 0.0032679738562091504,
    "stock_vs_sector_ret1": 0.00065359477124183,
    "sector_ret1": 0.00065359477124183,
    "sector_amount": 0.0,
    "sector_volume": 0.0,
    "sector_close": 0.0,
    "sector_low": 0.0
  },
  "outputs": {
    "sector_index": "/root/stock_realtime_v021_full/saved_data/000657_pipeline_out_v2_new27_full/03_sector/sector_index_ths.csv",
    "sector_features": "/root/stock_realtime_v021_full/saved_data/000657_pipeline_out_v2_new27_full/03_sector/sector_features.csv",
    "merged_samples": "/root/stock_realtime_v021_full/saved_data/000657_pipeline_out_v2_new27_full/03_sector/training_samples_with_sector.csv"
  }
}

[2026-05-17T22:54:12] RUN external_zijin_external
  /usr/bin/python3 feature_building/build_zijin_external_features.py --samples /root/stock_realtime_v021_full/saved_data/000657_pipeline_out_v2_new27_full/03_sector/training_samples_with_sector.csv --out-dir /root/stock_realtime_v021_full/saved_data/000657_pipeline_out_v2_new27_full/04_external/zijin_external --lag-days 1
/root/stock_realtime_v021_full/feature_building/build_zijin_external_features.py:41: FutureWarning: The default fill_method='pad' in Series.pct_change is deprecated and will be removed in a future version. Either fill in any non-leading NA values prior to calling pct_change or specify 'fill_method=None' to not fill NA values.
  out[f"{col}_ret1"] = out[col].pct_change()
/root/stock_realtime_v021_full/feature_building/build_zijin_external_features.py:41: FutureWarning: The default fill_method='pad' in Series.pct_change is deprecated and will be removed in a future version. Either fill in any non-leading NA values prior to calling pct_change or specify 'fill_method=None' to not fill NA values.
  out[f"{col}_ret1"] = out[col].pct_change()
/root/.local/lib/python3.10/site-packages/akshare/futures/futures_basis.py:107: UserWarning: 20200104非交易日
  warnings.warn(f"{date.strftime('%Y%m%d')}非交易日")
/root/.local/lib/python3.10/site-packages/akshare/futures/futures_basis.py:107: UserWarning: 20200105非交易日
  warnings.warn(f"{date.strftime('%Y%m%d')}非交易日")
/root/.local/lib/python3.10/site-packages/akshare/futures/futures_basis.py:107: UserWarning: 20200111非交易日
  warnings.warn(f"{date.strftime('%Y%m%d')}非交易日")
/root/.local/lib/python3.10/site-packages/akshare/futures/futures_basis.py:107: UserWarning: 20200112非交易日
  warnings.warn(f"{date.strftime('%Y%m%d')}非交易日")
/root/.local/lib/python3.10/site-packages/akshare/futures/futures_basis.py:107: UserWarning: 20200118非交易日
  warnings.warn(f"{date.strftime('%Y%m%d')}非交易日")
/root/.local/lib/python3.10/site-packages/akshare/futures/futures_basis.py:107: UserWarning: 20200119非交易日
  warnings.warn(f"{date.strftime('%Y%m%d')}非交易日")
/root/.local/lib/python3.10/site-packages/akshare/futures/futures_basis.py:107: UserWarning: 20200124非交易日
  warnings.warn(f"{date.strftime('%Y%m%d')}非交易日")
/root/.local/lib/python3.10/site-packages/akshare/futures/futures_basis.py:107: UserWarning: 20200125非交易日
  warnings.warn(f"{date.strftime('%Y%m%d')}非交易日")
/root/.local/lib/python3.10/site-packages/akshare/futures/futures_basis.py:107: UserWarning: 20200126非交易日
  warnings.warn(f"{date.strftime('%Y%m%d')}非交易日")
/root/.local/lib/python3.10/site-packages/akshare/futures/futures_basis.py:107: UserWarning: 20200127非交易日
  warnings.warn(f"{date.strftime('%Y%m%d')}非交易日")
/root/.local/lib/python3.10/site-packages/akshare/futures/futures_basis.py:107: UserWarning: 20200128非交易日
  warnings.warn(f"{date.strftime('%Y%m%d')}非交易日")
/root/.local/lib/python3.10/site-packages/akshare/futures/futures_basis.py:107: UserWarning: 20200129非交易日
  warnings.warn(f"{date.strftime('%Y%m%d')}非交易日")
/root/.local/lib/python3.10/site-packages/akshare/futures/futures_basis.py:107: UserWarning: 20200130非交易日
  warnings.warn(f"{date.strftime('%Y%m%d')}非交易日")
/root/.local/lib/python3.10/site-packages/akshare/futures/futures_basis.py:107: UserWarning: 20200131非交易日
  warnings.warn(f"{date.strftime('%Y%m%d')}非交易日")
/root/.local/lib/python3.10/site-packages/akshare/futures/futures_basis.py:107: UserWarning: 20200201非交易日
  warnings.warn(f"{date.strftime('%Y%m%d')}非交易日")
/root/.local/lib/python3.10/site-packages/akshare/futures/futures_basis.py:107: UserWarning: 20200202非交易日
  warnings.warn(f"{date.strftime('%Y%m%d')}非交易日")
/root/.local/lib/python3.10/site-packages/akshare/futures/futures_basis.py:107: UserWarning: 20200208非交易日
  warnings.warn(f"{date.strftime('%Y%m%d')}非交易日")
/root/.local/lib/python3.10/site-packages/akshare/futures/futures_basis.py:107: UserWarning: 20200209非交易日
  warnings.warn(f"{date.strftime('%Y%m%d')}非交易日")
/root/.local/lib/python3.10/site-packages/akshare/futures/futures_basis.py:107: UserWarning: 20200215非交易日
  warnings.warn(f"{date.strftime('%Y%m%d')}非交易日")
/root/.local/lib/python3.10/site-packages/akshare/futures/futures_basis.py:107: UserWarning: 20200216非交易日
  warnings.warn(f"{date.strftime('%Y%m%d')}非交易日")
/root/.local/lib/python3.10/site-packages/akshare/futures/futures_basis.py:107: UserWarning: 20200222非交易日
  warnings.warn(f"{date.strftime('%Y%m%d')}非交易日")
/root/.local/lib/python3.10/site-packages/akshare/futures/futures_basis.py:107: UserWarning: 20200223非交易日
  warnings.warn(f"{date.strftime('%Y%m%d')}非交易日")
/root/.local/lib/python3.10/site-packages/akshare/futures/futures_basis.py:107: UserWarning: 20200229非交易日
  warnings.warn(f"{date.strftime('%Y%m%d')}非交易日")
/root/.local/lib/python3.10/site-packages/akshare/futures/futures_basis.py:107: UserWarning: 20200301非交易日
  warnings.warn(f"{date.strftime('%Y%m%d')}非交易日")
/root/.local/lib/python3.10/site-packages/akshare/futures/futures_basis.py:107: UserWarning: 20200307非交易日
  warnings.warn(f"{date.strftime('%Y%m%d')}非交易日")
/root/.local/lib/python3.10/site-packages/akshare/futures/futures_basis.py:107: UserWarning: 20200308非交易日
  warnings.warn(f"{date.strftime('%Y%m%d')}非交易日")
/root/.local/lib/python3.10/site-packages/akshare/futures/futures_basis.py:107: UserWarning: 20200314非交易日
  warnings.warn(f"{date.strftime('%Y%m%d')}非交易日")
/root/.local/lib/python3.10/site-packages/akshare/futures/futures_basis.py:107: UserWarning: 20200315非交易日
  warnings.warn(f"{date.strftime('%Y%m%d')}非交易日")
/root/.local/lib/python3.10/site-packages/akshare/futures/futures_basis.py:107: UserWarning: 20200321非交易日
  warnings.warn(f"{date.strftime('%Y%m%d')}非交易日")
/root/.local/lib/python3.10/site-packages/akshare/futures/futures_basis.py:107: UserWarning: 20200322非交易日
  warnings.warn(f"{date.strftime('%Y%m%d')}非交易日")
/root/.local/lib/python3.10/site-packages/akshare/futures/futures_basis.py:107: UserWarning: 20200328非交易日
  warnings.warn(f"{date.strftime('%Y%m%d')}非交易日")
/root/.local/lib/python3.10/site-packages/akshare/futures/futures_basis.py:107: UserWarning: 20200329非交易日
  warnings.warn(f"{date.strftime('%Y%m%d')}非交易日")
/root/.local/lib/python3.10/site-packages/akshare/futures/futures_basis.py:107: UserWarning: 20200404非交易日
  warnings.warn(f"{date.strftime('%Y%m%d')}非交易日")
/root/.local/lib/python3.10/site-packages/akshare/futures/futures_basis.py:107: UserWarning: 20200405非交易日
  warnings.warn(f"{date.strftime('%Y%m%d')}非交易日")
/root/.local/lib/python3.10/site-packages/akshare/futures/futures_basis.py:107: UserWarning: 20200406非交易日
  warnings.warn(f"{date.strftime('%Y%m%d')}非交易日")
/root/.local/lib/python3.10/site-packages/akshare/futures/futures_basis.py:107: UserWarning: 20200411非交易日
  warnings.warn(f"{date.strftime('%Y%m%d')}非交易日")
/root/.local/lib/python3.10/site-packages/akshare/futures/futures_basis.py:107: UserWarning: 20200412非交易日
  warnings.warn(f"{date.strftime('%Y%m%d')}非交易日")
/root/.local/lib/python3.10/site-packages/akshare/futures/futures_basis.py:107: UserWarning: 20200418非交易日
  warnings.warn(f"{date.strftime('%Y%m%d')}非交易日")
/root/.local/lib/python3.10/site-packages/akshare/futures/futures_basis.py:107: UserWarning: 20200419非交易日
  warnings.warn(f"{date.strftime('%Y%m%d')}非交易日")
/root/.local/lib/python3.10/site-packages/akshare/futures/futures_basis.py:107: UserWarning: 20200425非交易日
  warnings.warn(f"{date.strftime('%Y%m%d')}非交易日")
/root/.local/lib/python3.10/site-packages/akshare/futures/futures_basis.py:107: UserWarning: 20200426非交易日
  warnings.warn(f"{date.strftime('%Y%m%d')}非交易日")
/root/.local/lib/python3.10/site-packages/akshare/futures/futures_basis.py:107: UserWarning: 20200501非交易日
  warnings.warn(f"{date.strftime('%Y%m%d')}非交易日")
/root/.local/lib/python3.10/site-packages/akshare/futures/futures_basis.py:107: UserWarning: 20200502非交易日
  warnings.warn(f"{date.strftime('%Y%m%d')}非交易日")
/root/.local/lib/python3.10/site-packages/akshare/futures/futures_basis.py:107: UserWarning: 20200503非交易日
  warnings.warn(f"{date.strftime('%Y%m%d')}非交易日")
/root/.local/lib/python3.10/site-packages/akshare/futures/futures_basis.py:107: UserWarning: 20200504非交易日
  warnings.warn(f"{date.strftime('%Y%m%d')}非交易日")
/root/.local/lib/python3.10/site-packages/akshare/futures/futures_basis.py:107: UserWarning: 20200505非交易日
  warnings.warn(f"{date.strftime('%Y%m%d')}非交易日")
/root/.local/lib/python3.10/site-packages/akshare/futures/futures_basis.py:107: UserWarning: 20200509非交易日
  warnings.warn(f"{date.strftime('%Y%m%d')}非交易日")
/root/.local/lib/python3.10/site-packages/akshare/futures/futures_basis.py:107: UserWarning: 20200510非交易日
  warnings.warn(f"{date.strftime('%Y%m%d')}非交易日")
/root/.local/lib/python3.10/site-packages/akshare/futures/futures_basis.py:107: UserWarning: 20200516非交易日
  warnings.warn(f"{date.strftime('%Y%m%d')}非交易日")
/root/.local/lib/python3.10/site-packages/akshare/futures/futures_basis.py:107: UserWarning: 20200517非交易日
  warnings.warn(f"{date.strftime('%Y%m%d')}非交易日")
/root/.local/lib/python3.10/site-packages/akshare/futures/futures_basis.py:107: UserWarning: 20200523非交易日
  warnings.warn(f"{date.strftime('%Y%m%d')}非交易日")
/root/.local/lib/python3.10/site-packages/akshare/futures/futures_basis.py:107: UserWarning: 20200524非交易日
  warnings.warn(f"{date.strftime('%Y%m%d')}非交易日")
/root/.local/lib/python3.10/site-packages/akshare/futures/futures_basis.py:107: UserWarning: 20200530非交易日
  warnings.warn(f"{date.strftime('%Y%m%d')}非交易日")
/root/.local/lib/python3.10/site-packages/akshare/futures/futures_basis.py:107: UserWarning: 20200531非交易日
  warnings.warn(f"{date.strftime('%Y%m%d')}非交易日")
/root/.local/lib/python3.10/site-packages/akshare/futures/futures_basis.py:107: UserWarning: 20200606非交易日
  warnings.warn(f"{date.strftime('%Y%m%d')}非交易日")
/root/.local/lib/python3.10/site-packages/akshare/futures/futures_basis.py:107: UserWarning: 20200607非交易日
  warnings.warn(f"{date.strftime('%Y%m%d')}非交易日")
/root/.local/lib/python3.10/site-packages/akshare/futures/futures_basis.py:107: UserWarning: 20200613非交易日
  warnings.warn(f"{date.strftime('%Y%m%d')}非交易日")
/root/.local/lib/python3.10/site-packages/akshare/futures/futures_basis.py:107: UserWarning: 20200614非交易日
  warnings.warn(f"{date.strftime('%Y%m%d')}非交易日")
/root/.local/lib/python3.10/site-packages/akshare/futures/futures_basis.py:107: UserWarning: 20200620非交易日
  warnings.warn(f"{date.strftime('%Y%m%d')}非交易日")
/root/.local/lib/python3.10/site-packages/akshare/futures/futures_basis.py:107: UserWarning: 20200621非交易日
  warnings.warn(f"{date.strftime('%Y%m%d')}非交易日")
/root/.local/lib/python3.10/site-packages/akshare/futures/futures_basis.py:107: UserWarning: 20200625非交易日
  warnings.warn(f"{date.strftime('%Y%m%d')}非交易日")
/root/.local/lib/python3.10/site-packages/akshare/futures/futures_basis.py:107: UserWarning: 20200626非交易日
  warnings.warn(f"{date.strftime('%Y%m%d')}非交易日")
/root/.local/lib/python3.10/site-packages/akshare/futures/futures_basis.py:107: UserWarning: 20200627非交易日
  warnings.warn(f"{date.strftime('%Y%m%d')}非交易日")
/root/.local/lib/python3.10/site-packages/akshare/futures/futures_basis.py:107: UserWarning: 20200628非交易日
  warnings.warn(f"{date.strftime('%Y%m%d')}非交易日")
/root/.local/lib/python3.10/site-packages/akshare/futures/futures_basis.py:107: UserWarning: 20200704非交易日
  warnings.warn(f"{date.strftime('%Y%m%d')}非交易日")
/root/.local/lib/python3.10/site-packages/akshare/futures/futures_basis.py:107: UserWarning: 20200705非交易日
  warnings.warn(f"{date.strftime('%Y%m%d')}非交易日")
/root/.local/lib/python3.10/site-packages/akshare/futures/futures_basis.py:107: UserWarning: 20200711非交易日
  warnings.warn(f"{date.strftime('%Y%m%d')}非交易日")
/root/.local/lib/python3.10/site-packages/akshare/futures/futures_basis.py:107: UserWarning: 20200712非交易日
  warnings.warn(f"{date.strftime('%Y%m%d')}非交易日")
/root/.local/lib/python3.10/site-packages/akshare/futures/futures_basis.py:107: UserWarning: 20200718非交易日
  warnings.warn(f"{date.strftime('%Y%m%d')}非交易日")
/root/.local/lib/python3.10/site-packages/akshare/futures/futures_basis.py:107: UserWarning: 20200719非交易日
  warnings.warn(f"{date.strftime('%Y%m%d')}非交易日")
/root/.local/lib/python3.10/site-packages/akshare/futures/futures_basis.py:107: UserWarning: 20200725非交易日
  warnings.warn(f"{date.strftime('%Y%m%d')}非交易日")
/root/.local/lib/python3.10/site-packages/akshare/futures/futures_basis.py:107: UserWarning: 20200726非交易日
  warnings.warn(f"{date.strftime('%Y%m%d')}非交易日")
/root/.local/lib/python3.10/site-packages/akshare/futures/futures_basis.py:107: UserWarning: 20200801非交易日
  warnings.warn(f"{date.strftime('%Y%m%d')}非交易日")
/root/.local/lib/python3.10/site-packages/akshare/futures/futures_basis.py:107: UserWarning: 20200802非交易日
  warnings.warn(f"{date.strftime('%Y%m%d')}非交易日")
/root/.local/lib/python3.10/site-packages/akshare/futures/futures_basis.py:107: UserWarning: 20200808非交易日
  warnings.warn(f"{date.strftime('%Y%m%d')}非交易日")
/root/.local/lib/python3.10/site-packages/akshare/futures/futures_basis.py:107: UserWarning: 20200809非交易日
  warnings.warn(f"{date.strftime('%Y%m%d')}非交易日")
/root/.local/lib/python3.10/site-packages/akshare/futures/futures_basis.py:107: UserWarning: 20200815非交易日
  warnings.warn(f"{date.strftime('%Y%m%d')}非交易日")
/root/.local/lib/python3.10/site-packages/akshare/futures/futures_basis.py:107: UserWarning: 20200816非交易日
  warnings.warn(f"{date.strftime('%Y%m%d')}非交易日")
/root/.local/lib/python3.10/site-packages/akshare/futures/futures_basis.py:107: UserWarning: 20200822非交易日
  warnings.warn(f"{date.strftime('%Y%m%d')}非交易日")
/root/.local/lib/python3.10/site-packages/akshare/futures/futures_basis.py:107: UserWarning: 20200823非交易日
  warnings.warn(f"{date.strftime('%Y%m%d')}非交易日")
/root/.local/lib/python3.10/site-packages/akshare/futures/futures_basis.py:107: UserWarning: 20200829非交易日
  warnings.warn(f"{date.strftime('%Y%m%d')}非交易日")
/root/.local/lib/python3.10/site-packages/akshare/futures/futures_basis.py:107: UserWarning: 20200830非交易日
  warnings.warn(f"{date.strftime('%Y%m%d')}非交易日")
/root/.local/lib/python3.10/site-packages/akshare/futures/futures_basis.py:107: UserWarning: 20200905非交易日
  warnings.warn(f"{date.strftime('%Y%m%d')}非交易日")
/root/.local/lib/python3.10/site-packages/akshare/futures/futures_basis.py:107: UserWarning: 20200906非交易日
  warnings.warn(f"{date.strftime('%Y%m%d')}非交易日")
/root/.local/lib/python3.10/site-packages/akshare/futures/futures_basis.py:107: UserWarning: 20200912非交易日
  warnings.warn(f"{date.strftime('%Y%m%d')}非交易日")
/root/.local/lib/python3.10/site-packages/akshare/futures/futures_basis.py:107: UserWarning: 20200913非交易日
  warnings.warn(f"{date.strftime('%Y%m%d')}非交易日")
/root/.local/lib/python3.10/site-packages/akshare/futures/futures_basis.py:107: UserWarning: 20200919非交易日
  warnings.warn(f"{date.strftime('%Y%m%d')}非交易日")
/root/.local/lib/python3.10/site-packages/akshare/futures/futures_basis.py:107: UserWarning: 20200920非交易日
  warnings.warn(f"{date.strftime('%Y%m%d')}非交易日")
/root/.local/lib/python3.10/site-packages/akshare/futures/futures_basis.py:107: UserWarning: 20200926非交易日
  warnings.warn(f"{date.strftime('%Y%m%d')}非交易日")
/root/.local/lib/python3.10/site-packages/akshare/futures/futures_basis.py:107: UserWarning: 20200927非交易日
  warnings.warn(f"{date.strftime('%Y%m%d')}非交易日")
/root/.local/lib/python3.10/site-packages/akshare/futures/futures_basis.py:107: UserWarning: 20201001非交易日
  warnings.warn(f"{date.strftime('%Y%m%d')}非交易日")
/root/.local/lib/python3.10/site-packages/akshare/futures/futures_basis.py:107: UserWarning: 20201002非交易日
  warnings.warn(f"{date.strftime('%Y%m%d')}非交易日")
/root/.local/lib/python3.10/site-packages/akshare/futures/futures_basis.py:107: UserWarning: 20201003非交易日
  warnings.warn(f"{date.strftime('%Y%m%d')}非交易日")
/root/.local/lib/python3.10/site-packages/akshare/futures/futures_basis.py:107: UserWarning: 20201004非交易日
  warnings.warn(f"{date.strftime('%Y%m%d')}非交易日")
/root/.local/lib/python3.10/site-packages/akshare/futures/futures_basis.py:107: UserWarning: 20201005非交易日
  warnings.warn(f"{date.strftime('%Y%m%d')}非交易日")
/root/.local/lib/python3.10/site-packages/akshare/futures/futures_basis.py:107: UserWarning: 20201006非交易日
  warnings.warn(f"{date.strftime('%Y%m%d')}非交易日")
/root/.local/lib/python3.10/site-packages/akshare/futures/futures_basis.py:107: UserWarning: 20201007非交易日
  warnings.warn(f"{date.strftime('%Y%m%d')}非交易日")
/root/.local/lib/python3.10/site-packages/akshare/futures/futures_basis.py:107: UserWarning: 20201008非交易日
  warnings.warn(f"{date.strftime('%Y%m%d')}非交易日")
/root/.local/lib/python3.10/site-packages/akshare/futures/futures_basis.py:107: UserWarning: 20201010非交易日
  warnings.warn(f"{date.strftime('%Y%m%d')}非交易日")
/root/.local/lib/python3.10/site-packages/akshare/futures/futures_basis.py:107: UserWarning: 20201011非交易日
  warnings.warn(f"{date.strftime('%Y%m%d')}非交易日")
/root/.local/lib/python3.10/site-packages/akshare/futures/futures_basis.py:107: UserWarning: 20201017非交易日
  warnings.warn(f"{date.strftime('%Y%m%d')}非交易日")
/root/.local/lib/python3.10/site-packages/akshare/futures/futures_basis.py:107: UserWarning: 20201018非交易日
  warnings.warn(f"{date.strftime('%Y%m%d')}非交易日")
/root/.local/lib/python3.10/site-packages/akshare/futures/futures_basis.py:107: UserWarning: 20201024非交易日
  warnings.warn(f"{date.strftime('%Y%m%d')}非交易日")
/root/.local/lib/python3.10/site-packages/akshare/futures/futures_basis.py:107: UserWarning: 20201025非交易日
  warnings.warn(f"{date.strftime('%Y%m%d')}非交易日")
/root/.local/lib/python3.10/site-packages/akshare/futures/futures_basis.py:107: UserWarning: 20201031非交易日
  warnings.warn(f"{date.strftime('%Y%m%d')}非交易日")
/root/.local/lib/python3.10/site-packages/akshare/futures/futures_basis.py:107: UserWarning: 20201101非交易日
  warnings.warn(f"{date.strftime('%Y%m%d')}非交易日")
/root/.local/lib/python3.10/site-packages/akshare/futures/futures_basis.py:107: UserWarning: 20201107非交易日
  warnings.warn(f"{date.strftime('%Y%m%d')}非交易日")
/root/.local/lib/python3.10/site-packages/akshare/futures/futures_basis.py:107: UserWarning: 20201108非交易日
  warnings.warn(f"{date.strftime('%Y%m%d')}非交易日")
/root/.local/lib/python3.10/site-packages/akshare/futures/futures_basis.py:107: UserWarning: 20201114非交易日
  warnings.warn(f"{date.strftime('%Y%m%d')}非交易日")
/root/.local/lib/python3.10/site-packages/akshare/futures/futures_basis.py:107: UserWarning: 20201115非交易日
  warnings.warn(f"{date.strftime('%Y%m%d')}非交易日")
/root/.local/lib/python3.10/site-packages/akshare/futures/futures_basis.py:107: UserWarning: 20201121非交易日
  warnings.warn(f"{date.strftime('%Y%m%d')}非交易日")
/root/.local/lib/python3.10/site-packages/akshare/futures/futures_basis.py:107: UserWarning: 20201122非交易日
  warnings.warn(f"{date.strftime('%Y%m%d')}非交易日")
/root/.local/lib/python3.10/site-packages/akshare/futures/futures_basis.py:107: UserWarning: 20201128非交易日
  warnings.warn(f"{date.strftime('%Y%m%d')}非交易日")
/root/.local/lib/python3.10/site-packages/akshare/futures/futures_basis.py:107: UserWarning: 20201129非交易日
  warnings.warn(f"{date.strftime('%Y%m%d')}非交易日")
/root/.local/lib/python3.10/site-packages/akshare/futures/futures_basis.py:107: UserWarning: 20201205非交易日
  warnings.warn(f"{date.strftime('%Y%m%d')}非交易日")
/root/.local/lib/python3.10/site-packages/akshare/futures/futures_basis.py:107: UserWarning: 20201206非交易日
  warnings.warn(f"{date.strftime('%Y%m%d')}非交易日")
/root/.local/lib/python3.10/site-packages/akshare/futures/futures_basis.py:107: UserWarning: 20201212非交易日
  warnings.warn(f"{date.strftime('%Y%m%d')}非交易日")
/root/.local/lib/python3.10/site-packages/akshare/futures/futures_basis.py:107: UserWarning: 20201213非交易日
  warnings.warn(f"{date.strftime('%Y%m%d')}非交易日")
/root/.local/lib/python3.10/site-packages/akshare/futures/futures_basis.py:107: UserWarning: 20201219非交易日
  warnings.warn(f"{date.strftime('%Y%m%d')}非交易日")
/root/.local/lib/python3.10/site-packages/akshare/futures/futures_basis.py:107: UserWarning: 20201220非交易日
  warnings.warn(f"{date.strftime('%Y%m%d')}非交易日")
/root/.local/lib/python3.10/site-packages/akshare/futures/futures_basis.py:107: UserWarning: 20201226非交易日
  warnings.warn(f"{date.strftime('%Y%m%d')}非交易日")
/root/.local/lib/python3.10/site-packages/akshare/futures/futures_basis.py:107: UserWarning: 20201227非交易日
  warnings.warn(f"{date.strftime('%Y%m%d')}非交易日")
/root/.local/lib/python3.10/site-packages/akshare/futures/futures_basis.py:107: UserWarning: 20210101非交易日
  warnings.warn(f"{date.strftime('%Y%m%d')}非交易日")
/root/.local/lib/python3.10/site-packages/akshare/futures/futures_basis.py:107: UserWarning: 20210102非交易日
  warnings.warn(f"{date.strftime('%Y%m%d')}非交易日")
/root/.local/lib/python3.10/site-packages/akshare/futures/futures_basis.py:107: UserWarning: 20210103非交易日
  warnings.warn(f"{date.strftime('%Y%m%d')}非交易日")
/root/.local/lib/python3.10/site-packages/akshare/futures/futures_basis.py:107: UserWarning: 20210109非交易日
  warnings.warn(f"{date.strftime('%Y%m%d')}非交易日")
/root/.local/lib/python3.10/site-packages/akshare/futures/futures_basis.py:107: UserWarning: 20210110非交易日
  warnings.warn(f"{date.strftime('%Y%m%d')}非交易日")
/root/.local/lib/python3.10/site-packages/akshare/futures/futures_basis.py:107: UserWarning: 20210116非交易日
  warnings.warn(f"{date.strftime('%Y%m%d')}非交易日")
/root/.local/lib/python3.10/site-packages/akshare/futures/futures_basis.py:107: UserWarning: 20210117非交易日
  warnings.warn(f"{date.strftime('%Y%m%d')}非交易日")
/root/.local/lib/python3.10/site-packages/akshare/futures/futures_basis.py:107: UserWarning: 20210123非交易日
  warnings.warn(f"{date.strftime('%Y%m%d')}非交易日")
/root/.local/lib/python3.10/site-packages/akshare/futures/futures_basis.py:107: UserWarning: 20210124非交易日
  warnings.warn(f"{date.strftime('%Y%m%d')}非交易日")
/root/.local/lib/python3.10/site-packages/akshare/futures/futures_basis.py:107: UserWarning: 20210130非交易日
  warnings.warn(f"{date.strftime('%Y%m%d')}非交易日")
/root/.local/lib/python3.10/site-packages/akshare/futures/futures_basis.py:107: UserWarning: 20210131非交易日
  warnings.warn(f"{date.strftime('%Y%m%d')}非交易日")
/root/.local/lib/python3.10/site-packages/akshare/futures/futures_basis.py:107: UserWarning: 20210206非交易日
  warnings.warn(f"{date.strftime('%Y%m%d')}非交易日")
/root/.local/lib/python3.10/site-packages/akshare/futures/futures_basis.py:107: UserWarning: 20210207非交易日
  warnings.warn(f"{date.strftime('%Y%m%d')}非交易日")
/root/.local/lib/python3.10/site-packages/akshare/futures/futures_basis.py:107: UserWarning: 20210211非交易日
  warnings.warn(f"{date.strftime('%Y%m%d')}非交易日")
/root/.local/lib/python3.10/site-packages/akshare/futures/futures_basis.py:107: UserWarning: 20210212非交易日
  warnings.warn(f"{date.strftime('%Y%m%d')}非交易日")
/root/.local/lib/python3.10/site-packages/akshare/futures/futures_basis.py:107: UserWarning: 20210213非交易日
  warnings.warn(f"{date.strftime('%Y%m%d')}非交易日")
/root/.local/lib/python3.10/site-packages/akshare/futures/futures_basis.py:107: UserWarning: 20210214非交易日
  warnings.warn(f"{date.strftime('%Y%m%d')}非交易日")
/root/.local/lib/python3.10/site-packages/akshare/futures/futures_basis.py:107: UserWarning: 20210215非交易日
  warnings.warn(f"{date.strftime('%Y%m%d')}非交易日")
/root/.local/lib/python3.10/site-packages/akshare/futures/futures_basis.py:107: UserWarning: 20210216非交易日
  warnings.warn(f"{date.strftime('%Y%m%d')}非交易日")
/root/.local/lib/python3.10/site-packages/akshare/futures/futures_basis.py:107: UserWarning: 20210217非交易日
  warnings.warn(f"{date.strftime('%Y%m%d')}非交易日")
/root/.local/lib/python3.10/site-packages/akshare/futures/futures_basis.py:107: UserWarning: 20210220非交易日
  warnings.warn(f"{date.strftime('%Y%m%d')}非交易日")
/root/.local/lib/python3.10/site-packages/akshare/futures/futures_basis.py:107: UserWarning: 20210221非交易日
  warnings.warn(f"{date.strftime('%Y%m%d')}非交易日")
/root/.local/lib/python3.10/site-packages/akshare/futures/futures_basis.py:107: UserWarning: 20210227非交易日
  warnings.warn(f"{date.strftime('%Y%m%d')}非交易日")
/root/.local/lib/python3.10/site-packages/akshare/futures/futures_basis.py:107: UserWarning: 20210228非交易日
  warnings.warn(f"{date.strftime('%Y%m%d')}非交易日")
/root/.local/lib/python3.10/site-packages/akshare/futures/futures_basis.py:107: UserWarning: 20210306非交易日
  warnings.warn(f"{date.strftime('%Y%m%d')}非交易日")
/root/.local/lib/python3.10/site-packages/akshare/futures/futures_basis.py:107: UserWarning: 20210307非交易日
  warnings.warn(f"{date.strftime('%Y%m%d')}非交易日")
/root/.local/lib/python3.10/site-packages/akshare/futures/futures_basis.py:107: UserWarning: 20210313非交易日
  warnings.warn(f"{date.strftime('%Y%m%d')}非交易日")
/root/.local/lib/python3.10/site-packages/akshare/futures/futures_basis.py:107: UserWarning: 20210314非交易日
  warnings.warn(f"{date.strftime('%Y%m%d')}非交易日")
/root/.local/lib/python3.10/site-packages/akshare/futures/futures_basis.py:107: UserWarning: 20210320非交易日
  warnings.warn(f"{date.strftime('%Y%m%d')}非交易日")
/root/.local/lib/python3.10/site-packages/akshare/futures/futures_basis.py:107: UserWarning: 20210321非交易日
  warnings.warn(f"{date.strftime('%Y%m%d')}非交易日")
/root/.local/lib/python3.10/site-packages/akshare/futures/futures_basis.py:107: UserWarning: 20210327非交易日
  warnings.warn(f"{date.strftime('%Y%m%d')}非交易日")
/root/.local/lib/python3.10/site-packages/akshare/futures/futures_basis.py:107: UserWarning: 20210328非交易日
  warnings.warn(f"{date.strftime('%Y%m%d')}非交易日")
/root/.local/lib/python3.10/site-packages/akshare/futures/futures_basis.py:107: UserWarning: 20210403非交易日
  warnings.warn(f"{date.strftime('%Y%m%d')}非交易日")
/root/.local/lib/python3.10/site-packages/akshare/futures/futures_basis.py:107: UserWarning: 20210404非交易日
  warnings.warn(f"{date.strftime('%Y%m%d')}非交易日")
/root/.local/lib/python3.10/site-packages/akshare/futures/futures_basis.py:107: UserWarning: 20210405非交易日
  warnings.warn(f"{date.strftime('%Y%m%d')}非交易日")
/root/.local/lib/python3.10/site-packages/akshare/futures/futures_basis.py:107: UserWarning: 20210410非交易日
  warnings.warn(f"{date.strftime('%Y%m%d')}非交易日")
/root/.local/lib/python3.10/site-packages/akshare/futures/futures_basis.py:107: UserWarning: 20210411非交易日
  warnings.warn(f"{date.strftime('%Y%m%d')}非交易日")
/root/.local/lib/python3.10/site-packages/akshare/futures/futures_basis.py:107: UserWarning: 20210417非交易日
  warnings.warn(f"{date.strftime('%Y%m%d')}非交易日")
/root/.local/lib/python3.10/site-packages/akshare/futures/futures_basis.py:107: UserWarning: 20210418非交易日
  warnings.warn(f"{date.strftime('%Y%m%d')}非交易日")
/root/.local/lib/python3.10/site-packages/akshare/futures/futures_basis.py:107: UserWarning: 20210424非交易日
  warnings.warn(f"{date.strftime('%Y%m%d')}非交易日")
/root/.local/lib/python3.10/site-packages/akshare/futures/futures_basis.py:107: UserWarning: 20210425非交易日
  warnings.warn(f"{date.strftime('%Y%m%d')}非交易日")
/root/.local/lib/python3.10/site-packages/akshare/futures/futures_basis.py:107: UserWarning: 20210501非交易日
  warnings.warn(f"{date.strftime('%Y%m%d')}非交易日")
/root/.local/lib/python3.10/site-packages/akshare/futures/futures_basis.py:107: UserWarning: 20210502非交易日
  warnings.warn(f"{date.strftime('%Y%m%d')}非交易日")
/root/.local/lib/python3.10/site-packages/akshare/futures/futures_basis.py:107: UserWarning: 20210503非交易日
  warnings.warn(f"{date.strftime('%Y%m%d')}非交易日")
/root/.local/lib/python3.10/site-packages/akshare/futures/futures_basis.py:107: UserWarning: 20210504非交易日
  warnings.warn(f"{date.strftime('%Y%m%d')}非交易日")
/root/.local/lib/python3.10/site-packages/akshare/futures/futures_basis.py:107: UserWarning: 20210505非交易日
  warnings.warn(f"{date.strftime('%Y%m%d')}非交易日")
/root/.local/lib/python3.10/site-packages/akshare/futures/futures_basis.py:107: UserWarning: 20210508非交易日
  warnings.warn(f"{date.strftime('%Y%m%d')}非交易日")
/root/.local/lib/python3.10/site-packages/akshare/futures/futures_basis.py:107: UserWarning: 20210509非交易日
  warnings.warn(f"{date.strftime('%Y%m%d')}非交易日")
/root/.local/lib/python3.10/site-packages/akshare/futures/futures_basis.py:107: UserWarning: 20210515非交易日
  warnings.warn(f"{date.strftime('%Y%m%d')}非交易日")
/root/.local/lib/python3.10/site-packages/akshare/futures/futures_basis.py:107: UserWarning: 20210516非交易日
  warnings.warn(f"{date.strftime('%Y%m%d')}非交易日")
/root/.local/lib/python3.10/site-packages/akshare/futures/futures_basis.py:107: UserWarning: 20210522非交易日
  warnings.warn(f"{date.strftime('%Y%m%d')}非交易日")
/root/.local/lib/python3.10/site-packages/akshare/futures/futures_basis.py:107: UserWarning: 20210523非交易日
  warnings.warn(f"{date.strftime('%Y%m%d')}非交易日")
/root/.local/lib/python3.10/site-packages/akshare/futures/futures_basis.py:107: UserWarning: 20210529非交易日
  warnings.warn(f"{date.strftime('%Y%m%d')}非交易日")
/root/.local/lib/python3.10/site-packages/akshare/futures/futures_basis.py:107: UserWarning: 20210530非交易日
  warnings.warn(f"{date.strftime('%Y%m%d')}非交易日")
/root/.local/lib/python3.10/site-packages/akshare/futures/futures_basis.py:107: UserWarning: 20210605非交易日
  warnings.warn(f"{date.strftime('%Y%m%d')}非交易日")
/root/.local/lib/python3.10/site-packages/akshare/futures/futures_basis.py:107: UserWarning: 20210606非交易日
  warnings.warn(f"{date.strftime('%Y%m%d')}非交易日")
/root/.local/lib/python3.10/site-packages/akshare/futures/futures_basis.py:107: UserWarning: 20210612非交易日
  warnings.warn(f"{date.strftime('%Y%m%d')}非交易日")
/root/.local/lib/python3.10/site-packages/akshare/futures/futures_basis.py:107: UserWarning: 20210613非交易日
  warnings.warn(f"{date.strftime('%Y%m%d')}非交易日")
/root/.local/lib/python3.10/site-packages/akshare/futures/futures_basis.py:107: UserWarning: 20210614非交易日
  warnings.warn(f"{date.strftime('%Y%m%d')}非交易日")
/root/.local/lib/python3.10/site-packages/akshare/futures/futures_basis.py:107: UserWarning: 20210619非交易日
  warnings.warn(f"{date.strftime('%Y%m%d')}非交易日")
/root/.local/lib/python3.10/site-packages/akshare/futures/futures_basis.py:107: UserWarning: 20210620非交易日
  warnings.warn(f"{date.strftime('%Y%m%d')}非交易日")
/root/.local/lib/python3.10/site-packages/akshare/futures/futures_basis.py:107: UserWarning: 20210626非交易日
  warnings.warn(f"{date.strftime('%Y%m%d')}非交易日")
/root/.local/lib/python3.10/site-packages/akshare/futures/futures_basis.py:107: UserWarning: 20210627非交易日
  warnings.warn(f"{date.strftime('%Y%m%d')}非交易日")
/root/.local/lib/python3.10/site-packages/akshare/futures/futures_basis.py:107: UserWarning: 20210703非交易日
  warnings.warn(f"{date.strftime('%Y%m%d')}非交易日")
/root/.local/lib/python3.10/site-packages/akshare/futures/futures_basis.py:107: UserWarning: 20210704非交易日
  warnings.warn(f"{date.strftime('%Y%m%d')}非交易日")
/root/.local/lib/python3.10/site-packages/akshare/futures/futures_basis.py:107: UserWarning: 20210710非交易日
  warnings.warn(f"{date.strftime('%Y%m%d')}非交易日")
/root/.local/lib/python3.10/site-packages/akshare/futures/futures_basis.py:107: UserWarning: 20210711非交易日
  warnings.warn(f"{date.strftime('%Y%m%d')}非交易日")
/root/.local/lib/python3.10/site-packages/akshare/futures/futures_basis.py:107: UserWarning: 20210717非交易日
  warnings.warn(f"{date.strftime('%Y%m%d')}非交易日")
/root/.local/lib/python3.10/site-packages/akshare/futures/futures_basis.py:107: UserWarning: 20210718非交易日
  warnings.warn(f"{date.strftime('%Y%m%d')}非交易日")
/root/.local/lib/python3.10/site-packages/akshare/futures/futures_basis.py:107: UserWarning: 20210724非交易日
  warnings.warn(f"{date.strftime('%Y%m%d')}非交易日")
/root/.local/lib/python3.10/site-packages/akshare/futures/futures_basis.py:107: UserWarning: 20210725非交易日
  warnings.warn(f"{date.strftime('%Y%m%d')}非交易日")
/root/.local/lib/python3.10/site-packages/akshare/futures/futures_basis.py:107: UserWarning: 20210731非交易日
  warnings.warn(f"{date.strftime('%Y%m%d')}非交易日")
/root/.local/lib/python3.10/site-packages/akshare/futures/futures_basis.py:107: UserWarning: 20210801非交易日
  warnings.warn(f"{date.strftime('%Y%m%d')}非交易日")
/root/.local/lib/python3.10/site-packages/akshare/futures/futures_basis.py:107: UserWarning: 20210807非交易日
  warnings.warn(f"{date.strftime('%Y%m%d')}非交易日")
/root/.local/lib/python3.10/site-packages/akshare/futures/futures_basis.py:107: UserWarning: 20210808非交易日
  warnings.warn(f"{date.strftime('%Y%m%d')}非交易日")
/root/.local/lib/python3.10/site-packages/akshare/futures/futures_basis.py:107: UserWarning: 20210814非交易日
  warnings.warn(f"{date.strftime('%Y%m%d')}非交易日")
/root/.local/lib/python3.10/site-packages/akshare/futures/futures_basis.py:107: UserWarning: 20210815非交易日
  warnings.warn(f"{date.strftime('%Y%m%d')}非交易日")
/root/.local/lib/python3.10/site-packages/akshare/futures/futures_basis.py:107: UserWarning: 20210821非交易日
  warnings.warn(f"{date.strftime('%Y%m%d')}非交易日")
/root/.local/lib/python3.10/site-packages/akshare/futures/futures_basis.py:107: UserWarning: 20210822非交易日
  warnings.warn(f"{date.strftime('%Y%m%d')}非交易日")
/root/.local/lib/python3.10/site-packages/akshare/futures/futures_basis.py:107: UserWarning: 20210828非交易日
  warnings.warn(f"{date.strftime('%Y%m%d')}非交易日")
/root/.local/lib/python3.10/site-packages/akshare/futures/futures_basis.py:107: UserWarning: 20210829非交易日
  warnings.warn(f"{date.strftime('%Y%m%d')}非交易日")
/root/.local/lib/python3.10/site-packages/akshare/futures/futures_basis.py:107: UserWarning: 20210904非交易日
  warnings.warn(f"{date.strftime('%Y%m%d')}非交易日")
/root/.local/lib/python3.10/site-packages/akshare/futures/futures_basis.py:107: UserWarning: 20210905非交易日
  warnings.warn(f"{date.strftime('%Y%m%d')}非交易日")
/root/.local/lib/python3.10/site-packages/akshare/futures/futures_basis.py:107: UserWarning: 20210911非交易日
  warnings.warn(f"{date.strftime('%Y%m%d')}非交易日")
/root/.local/lib/python3.10/site-packages/akshare/futures/futures_basis.py:107: UserWarning: 20210912非交易日
  warnings.warn(f"{date.strftime('%Y%m%d')}非交易日")
/root/.local/lib/python3.10/site-packages/akshare/futures/futures_basis.py:107: UserWarning: 20210918非交易日
  warnings.warn(f"{date.strftime('%Y%m%d')}非交易日")
/root/.local/lib/python3.10/site-packages/akshare/futures/futures_basis.py:107: UserWarning: 20210919非交易日
  warnings.warn(f"{date.strftime('%Y%m%d')}非交易日")
/root/.local/lib/python3.10/site-packages/akshare/futures/futures_basis.py:107: UserWarning: 20210920非交易日
  warnings.warn(f"{date.strftime('%Y%m%d')}非交易日")
/root/.local/lib/python3.10/site-packages/akshare/futures/futures_basis.py:107: UserWarning: 20210921非交易日
  warnings.warn(f"{date.strftime('%Y%m%d')}非交易日")
/root/.local/lib/python3.10/site-packages/akshare/futures/futures_basis.py:107: UserWarning: 20210925非交易日
  warnings.warn(f"{date.strftime('%Y%m%d')}非交易日")
/root/.local/lib/python3.10/site-packages/akshare/futures/futures_basis.py:107: UserWarning: 20210926非交易日
  warnings.warn(f"{date.strftime('%Y%m%d')}非交易日")
/root/.local/lib/python3.10/site-packages/akshare/futures/futures_basis.py:107: UserWarning: 20211001非交易日
  warnings.warn(f"{date.strftime('%Y%m%d')}非交易日")
/root/.local/lib/python3.10/site-packages/akshare/futures/futures_basis.py:107: UserWarning: 20211002非交易日
  warnings.warn(f"{date.strftime('%Y%m%d')}非交易日")
/root/.local/lib/python3.10/site-packages/akshare/futures/futures_basis.py:107: UserWarning: 20211003非交易日
  warnings.warn(f"{date.strftime('%Y%m%d')}非交易日")
/root/.local/lib/python3.10/site-packages/akshare/futures/futures_basis.py:107: UserWarning: 20211004非交易日
  warnings.warn(f"{date.strftime('%Y%m%d')}非交易日")
/root/.local/lib/python3.10/site-packages/akshare/futures/futures_basis.py:107: UserWarning: 20211005非交易日
  warnings.warn(f"{date.strftime('%Y%m%d')}非交易日")
/root/.local/lib/python3.10/site-packages/akshare/futures/futures_basis.py:107: UserWarning: 20211006非交易日
  warnings.warn(f"{date.strftime('%Y%m%d')}非交易日")
/root/.local/lib/python3.10/site-packages/akshare/futures/futures_basis.py:107: UserWarning: 20211007非交易日
  warnings.warn(f"{date.strftime('%Y%m%d')}非交易日")
/root/.local/lib/python3.10/site-packages/akshare/futures/futures_basis.py:107: UserWarning: 20211009非交易日
  warnings.warn(f"{date.strftime('%Y%m%d')}非交易日")
/root/.local/lib/python3.10/site-packages/akshare/futures/futures_basis.py:107: UserWarning: 20211010非交易日
  warnings.warn(f"{date.strftime('%Y%m%d')}非交易日")
/root/.local/lib/python3.10/site-packages/akshare/futures/futures_basis.py:107: UserWarning: 20211016非交易日
  warnings.warn(f"{date.strftime('%Y%m%d')}非交易日")
/root/.local/lib/python3.10/site-packages/akshare/futures/futures_basis.py:107: UserWarning: 20211017非交易日
  warnings.warn(f"{date.strftime('%Y%m%d')}非交易日")
/root/.local/lib/python3.10/site-packages/akshare/futures/futures_basis.py:107: UserWarning: 20211023非交易日
  warnings.warn(f"{date.strftime('%Y%m%d')}非交易日")
/root/.local/lib/python3.10/site-packages/akshare/futures/futures_basis.py:107: UserWarning: 20211024非交易日
  warnings.warn(f"{date.strftime('%Y%m%d')}非交易日")
/root/.local/lib/python3.10/site-packages/akshare/futures/futures_basis.py:107: UserWarning: 20211030非交易日
  warnings.warn(f"{date.strftime('%Y%m%d')}非交易日")
/root/.local/lib/python3.10/site-packages/akshare/futures/futures_basis.py:107: UserWarning: 20211031非交易日
  warnings.warn(f"{date.strftime('%Y%m%d')}非交易日")
/root/.local/lib/python3.10/site-packages/akshare/futures/futures_basis.py:107: UserWarning: 20211106非交易日
  warnings.warn(f"{date.strftime('%Y%m%d')}非交易日")
/root/.local/lib/python3.10/site-packages/akshare/futures/futures_basis.py:107: UserWarning: 20211107非交易日
  warnings.warn(f"{date.strftime('%Y%m%d')}非交易日")
/root/.local/lib/python3.10/site-packages/akshare/futures/futures_basis.py:107: UserWarning: 20211113非交易日
  warnings.warn(f"{date.strftime('%Y%m%d')}非交易日")
/root/.local/lib/python3.10/site-packages/akshare/futures/futures_basis.py:107: UserWarning: 20211114非交易日
  warnings.warn(f"{date.strftime('%Y%m%d')}非交易日")
/root/.local/lib/python3.10/site-packages/akshare/futures/futures_basis.py:107: UserWarning: 20211120非交易日
  warnings.warn(f"{date.strftime('%Y%m%d')}非交易日")
/root/.local/lib/python3.10/site-packages/akshare/futures/futures_basis.py:107: UserWarning: 20211121非交易日
  warnings.warn(f"{date.strftime('%Y%m%d')}非交易日")
/root/.local/lib/python3.10/site-packages/akshare/futures/futures_basis.py:107: UserWarning: 20211127非交易日
  warnings.warn(f"{date.strftime('%Y%m%d')}非交易日")
/root/.local/lib/python3.10/site-packages/akshare/futures/futures_basis.py:107: UserWarning: 20211128非交易日
  warnings.warn(f"{date.strftime('%Y%m%d')}非交易日")
/root/.local/lib/python3.10/site-packages/akshare/futures/futures_basis.py:107: UserWarning: 20211204非交易日
  warnings.warn(f"{date.strftime('%Y%m%d')}非交易日")
/root/.local/lib/python3.10/site-packages/akshare/futures/futures_basis.py:107: UserWarning: 20211205非交易日
  warnings.warn(f"{date.strftime('%Y%m%d')}非交易日")
/root/.local/lib/python3.10/site-packages/akshare/futures/futures_basis.py:107: UserWarning: 20211211非交易日
  warnings.warn(f"{date.strftime('%Y%m%d')}非交易日")
/root/.local/lib/python3.10/site-packages/akshare/futures/futures_basis.py:107: UserWarning: 20211212非交易日
  warnings.warn(f"{date.strftime('%Y%m%d')}非交易日")
/root/.local/lib/python3.10/site-packages/akshare/futures/futures_basis.py:107: UserWarning: 20211218非交易日
  warnings.warn(f"{date.strftime('%Y%m%d')}非交易日")
/root/.local/lib/python3.10/site-packages/akshare/futures/futures_basis.py:107: UserWarning: 20211219非交易日
  warnings.warn(f"{date.strftime('%Y%m%d')}非交易日")
/root/.local/lib/python3.10/site-packages/akshare/futures/futures_basis.py:107: UserWarning: 20211225非交易日
  warnings.warn(f"{date.strftime('%Y%m%d')}非交易日")
/root/.local/lib/python3.10/site-packages/akshare/futures/futures_basis.py:107: UserWarning: 20211226非交易日
  warnings.warn(f"{date.strftime('%Y%m%d')}非交易日")
/root/.local/lib/python3.10/site-packages/akshare/futures/futures_basis.py:107: UserWarning: 20220101非交易日
  warnings.warn(f"{date.strftime('%Y%m%d')}非交易日")
/root/.local/lib/python3.10/site-packages/akshare/futures/futures_basis.py:107: UserWarning: 20220102非交易日
  warnings.warn(f"{date.strftime('%Y%m%d')}非交易日")
/root/.local/lib/python3.10/site-packages/akshare/futures/futures_basis.py:107: UserWarning: 20220103非交易日
  warnings.warn(f"{date.strftime('%Y%m%d')}非交易日")
/root/.local/lib/python3.10/site-packages/akshare/futures/futures_basis.py:107: UserWarning: 20220108非交易日
  warnings.warn(f"{date.strftime('%Y%m%d')}非交易日")
/root/.local/lib/python3.10/site-packages/akshare/futures/futures_basis.py:107: UserWarning: 20220109非交易日
  warnings.warn(f"{date.strftime('%Y%m%d')}非交易日")
/root/.local/lib/python3.10/site-packages/akshare/futures/futures_basis.py:107: UserWarning: 20220115非交易日
  warnings.warn(f"{date.strftime('%Y%m%d')}非交易日")
/root/.local/lib/python3.10/site-packages/akshare/futures/futures_basis.py:107: UserWarning: 20220116非交易日
  warnings.warn(f"{date.strftime('%Y%m%d')}非交易日")
/root/.local/lib/python3.10/site-packages/akshare/futures/futures_basis.py:107: UserWarning: 20220122非交易日
  warnings.warn(f"{date.strftime('%Y%m%d')}非交易日")
/root/.local/lib/python3.10/site-packages/akshare/futures/futures_basis.py:107: UserWarning: 20220123非交易日
  warnings.warn(f"{date.strftime('%Y%m%d')}非交易日")
/root/.local/lib/python3.10/site-packages/akshare/futures/futures_basis.py:107: UserWarning: 20220129非交易日
  warnings.warn(f"{date.strftime('%Y%m%d')}非交易日")
/root/.local/lib/python3.10/site-packages/akshare/futures/futures_basis.py:107: UserWarning: 20220130非交易日
  warnings.warn(f"{date.strftime('%Y%m%d')}非交易日")
/root/.local/lib/python3.10/site-packages/akshare/futures/futures_basis.py:107: UserWarning: 20220131非交易日
  warnings.warn(f"{date.strftime('%Y%m%d')}非交易日")
/root/.local/lib/python3.10/site-packages/akshare/futures/futures_basis.py:107: UserWarning: 20220201非交易日
  warnings.warn(f"{date.strftime('%Y%m%d')}非交易日")
/root/.local/lib/python3.10/site-packages/akshare/futures/futures_basis.py:107: UserWarning: 20220202非交易日
  warnings.warn(f"{date.strftime('%Y%m%d')}非交易日")
/root/.local/lib/python3.10/site-packages/akshare/futures/futures_basis.py:107: UserWarning: 20220203非交易日
  warnings.warn(f"{date.strftime('%Y%m%d')}非交易日")
/root/.local/lib/python3.10/site-packages/akshare/futures/futures_basis.py:107: UserWarning: 20220204非交易日
  warnings.warn(f"{date.strftime('%Y%m%d')}非交易日")
/root/.local/lib/python3.10/site-packages/akshare/futures/futures_basis.py:107: UserWarning: 20220205非交易日
  warnings.warn(f"{date.strftime('%Y%m%d')}非交易日")
/root/.local/lib/python3.10/site-packages/akshare/futures/futures_basis.py:107: UserWarning: 20220206非交易日
  warnings.warn(f"{date.strftime('%Y%m%d')}非交易日")
/root/.local/lib/python3.10/site-packages/akshare/futures/futures_basis.py:107: UserWarning: 20220212非交易日
  warnings.warn(f"{date.strftime('%Y%m%d')}非交易日")
/root/.local/lib/python3.10/site-packages/akshare/futures/futures_basis.py:107: UserWarning: 20220213非交易日
  warnings.warn(f"{date.strftime('%Y%m%d')}非交易日")
/root/.local/lib/python3.10/site-packages/akshare/futures/futures_basis.py:107: UserWarning: 20220219非交易日
  warnings.warn(f"{date.strftime('%Y%m%d')}非交易日")
/root/.local/lib/python3.10/site-packages/akshare/futures/futures_basis.py:107: UserWarning: 20220220非交易日
  warnings.warn(f"{date.strftime('%Y%m%d')}非交易日")
/root/.local/lib/python3.10/site-packages/akshare/futures/futures_basis.py:107: UserWarning: 20220226非交易日
  warnings.warn(f"{date.strftime('%Y%m%d')}非交易日")
/root/.local/lib/python3.10/site-packages/akshare/futures/futures_basis.py:107: UserWarning: 20220227非交易日
  warnings.warn(f"{date.strftime('%Y%m%d')}非交易日")
/root/.local/lib/python3.10/site-packages/akshare/futures/futures_basis.py:107: UserWarning: 20220305非交易日
  warnings.warn(f"{date.strftime('%Y%m%d')}非交易日")
/root/.local/lib/python3.10/site-packages/akshare/futures/futures_basis.py:107: UserWarning: 20220306非交易日
  warnings.warn(f"{date.strftime('%Y%m%d')}非交易日")
/root/.local/lib/python3.10/site-packages/akshare/futures/futures_basis.py:107: UserWarning: 20220312非交易日
  warnings.warn(f"{date.strftime('%Y%m%d')}非交易日")
/root/.local/lib/python3.10/site-packages/akshare/futures/futures_basis.py:107: UserWarning: 20220313非交易日
  warnings.warn(f"{date.strftime('%Y%m%d')}非交易日")
/root/.local/lib/python3.10/site-packages/akshare/futures/futures_basis.py:107: UserWarning: 20220319非交易日
  warnings.warn(f"{date.strftime('%Y%m%d')}非交易日")
/root/.local/lib/python3.10/site-packages/akshare/futures/futures_basis.py:107: UserWarning: 20220320非交易日
  warnings.warn(f"{date.strftime('%Y%m%d')}非交易日")
/root/.local/lib/python3.10/site-packages/akshare/futures/futures_basis.py:107: UserWarning: 20220326非交易日
  warnings.warn(f"{date.strftime('%Y%m%d')}非交易日")
/root/.local/lib/python3.10/site-packages/akshare/futures/futures_basis.py:107: UserWarning: 20220327非交易日
  warnings.warn(f"{date.strftime('%Y%m%d')}非交易日")
/root/.local/lib/python3.10/site-packages/akshare/futures/futures_basis.py:107: UserWarning: 20220402非交易日
  warnings.warn(f"{date.strftime('%Y%m%d')}非交易日")
/root/.local/lib/python3.10/site-packages/akshare/futures/futures_basis.py:107: UserWarning: 20220403非交易日
  warnings.warn(f"{date.strftime('%Y%m%d')}非交易日")
/root/.local/lib/python3.10/site-packages/akshare/futures/futures_basis.py:107: UserWarning: 20220404非交易日
  warnings.warn(f"{date.strftime('%Y%m%d')}非交易日")
/root/.local/lib/python3.10/site-packages/akshare/futures/futures_basis.py:107: UserWarning: 20220405非交易日
  warnings.warn(f"{date.strftime('%Y%m%d')}非交易日")
/root/.local/lib/python3.10/site-packages/akshare/futures/futures_basis.py:107: UserWarning: 20220409非交易日
  warnings.warn(f"{date.strftime('%Y%m%d')}非交易日")
/root/.local/lib/python3.10/site-packages/akshare/futures/futures_basis.py:107: UserWarning: 20220410非交易日
  warnings.warn(f"{date.strftime('%Y%m%d')}非交易日")
/root/.local/lib/python3.10/site-packages/akshare/futures/futures_basis.py:107: UserWarning: 20220416非交易日
  warnings.warn(f"{date.strftime('%Y%m%d')}非交易日")
/root/.local/lib/python3.10/site-packages/akshare/futures/futures_basis.py:107: UserWarning: 20220417非交易日
  warnings.warn(f"{date.strftime('%Y%m%d')}非交易日")
/root/.local/lib/python3.10/site-packages/akshare/futures/futures_basis.py:107: UserWarning: 20220423非交易日
  warnings.warn(f"{date.strftime('%Y%m%d')}非交易日")
/root/.local/lib/python3.10/site-packages/akshare/futures/futures_basis.py:107: UserWarning: 20220424非交易日
  warnings.warn(f"{date.strftime('%Y%m%d')}非交易日")
/root/.local/lib/python3.10/site-packages/akshare/futures/futures_basis.py:107: UserWarning: 20220430非交易日
  warnings.warn(f"{date.strftime('%Y%m%d')}非交易日")
/root/.local/lib/python3.10/site-packages/akshare/futures/futures_basis.py:107: UserWarning: 20220501非交易日
  warnings.warn(f"{date.strftime('%Y%m%d')}非交易日")
/root/.local/lib/python3.10/site-packages/akshare/futures/futures_basis.py:107: UserWarning: 20220502非交易日
  warnings.warn(f"{date.strftime('%Y%m%d')}非交易日")
/root/.local/lib/python3.10/site-packages/akshare/futures/futures_basis.py:107: UserWarning: 20220503非交易日
  warnings.warn(f"{date.strftime('%Y%m%d')}非交易日")
/root/.local/lib/python3.10/site-packages/akshare/futures/futures_basis.py:107: UserWarning: 20220504非交易日
  warnings.warn(f"{date.strftime('%Y%m%d')}非交易日")
/root/.local/lib/python3.10/site-packages/akshare/futures/futures_basis.py:107: UserWarning: 20220507非交易日
  warnings.warn(f"{date.strftime('%Y%m%d')}非交易日")
/root/.local/lib/python3.10/site-packages/akshare/futures/futures_basis.py:107: UserWarning: 20220508非交易日
  warnings.warn(f"{date.strftime('%Y%m%d')}非交易日")
/root/.local/lib/python3.10/site-packages/akshare/futures/futures_basis.py:107: UserWarning: 20220514非交易日
  warnings.warn(f"{date.strftime('%Y%m%d')}非交易日")
/root/.local/lib/python3.10/site-packages/akshare/futures/futures_basis.py:107: UserWarning: 20220515非交易日
  warnings.warn(f"{date.strftime('%Y%m%d')}非交易日")
/root/.local/lib/python3.10/site-packages/akshare/futures/futures_basis.py:107: UserWarning: 20220521非交易日
  warnings.warn(f"{date.strftime('%Y%m%d')}非交易日")
/root/.local/lib/python3.10/site-packages/akshare/futures/futures_basis.py:107: UserWarning: 20220522非交易日
  warnings.warn(f"{date.strftime('%Y%m%d')}非交易日")
/root/.local/lib/python3.10/site-packages/akshare/futures/futures_basis.py:107: UserWarning: 20220528非交易日
  warnings.warn(f"{date.strftime('%Y%m%d')}非交易日")
/root/.local/lib/python3.10/site-packages/akshare/futures/futures_basis.py:107: UserWarning: 20220529非交易日
  warnings.warn(f"{date.strftime('%Y%m%d')}非交易日")
/root/.local/lib/python3.10/site-packages/akshare/futures/futures_basis.py:107: UserWarning: 20220603非交易日
  warnings.warn(f"{date.strftime('%Y%m%d')}非交易日")
/root/.local/lib/python3.10/site-packages/akshare/futures/futures_basis.py:107: UserWarning: 20220604非交易日
  warnings.warn(f"{date.strftime('%Y%m%d')}非交易日")
/root/.local/lib/python3.10/site-packages/akshare/futures/futures_basis.py:107: UserWarning: 20220605非交易日
  warnings.warn(f"{date.strftime('%Y%m%d')}非交易日")
/root/.local/lib/python3.10/site-packages/akshare/futures/futures_basis.py:107: UserWarning: 20220611非交易日
  warnings.warn(f"{date.strftime('%Y%m%d')}非交易日")
/root/.local/lib/python3.10/site-packages/akshare/futures/futures_basis.py:107: UserWarning: 20220612非交易日
  warnings.warn(f"{date.strftime('%Y%m%d')}非交易日")
/root/.local/lib/python3.10/site-packages/akshare/futures/futures_basis.py:107: UserWarning: 20220618非交易日
  warnings.warn(f"{date.strftime('%Y%m%d')}非交易日")
/root/.local/lib/python3.10/site-packages/akshare/futures/futures_basis.py:107: UserWarning: 20220619非交易日
  warnings.warn(f"{date.strftime('%Y%m%d')}非交易日")
/root/.local/lib/python3.10/site-packages/akshare/futures/futures_basis.py:107: UserWarning: 20220625非交易日
  warnings.warn(f"{date.strftime('%Y%m%d')}非交易日")
/root/.local/lib/python3.10/site-packages/akshare/futures/futures_basis.py:107: UserWarning: 20220626非交易日
  warnings.warn(f"{date.strftime('%Y%m%d')}非交易日")
/root/.local/lib/python3.10/site-packages/akshare/futures/futures_basis.py:107: UserWarning: 20220702非交易日
  warnings.warn(f"{date.strftime('%Y%m%d')}非交易日")
/root/.local/lib/python3.10/site-packages/akshare/futures/futures_basis.py:107: UserWarning: 20220703非交易日
  warnings.warn(f"{date.strftime('%Y%m%d')}非交易日")
/root/.local/lib/python3.10/site-packages/akshare/futures/futures_basis.py:107: UserWarning: 20220709非交易日
  warnings.warn(f"{date.strftime('%Y%m%d')}非交易日")
/root/.local/lib/python3.10/site-packages/akshare/futures/futures_basis.py:107: UserWarning: 20220710非交易日
  warnings.warn(f"{date.strftime('%Y%m%d')}非交易日")
/root/.local/lib/python3.10/site-packages/akshare/futures/futures_basis.py:107: UserWarning: 20220716非交易日
  warnings.warn(f"{date.strftime('%Y%m%d')}非交易日")
/root/.local/lib/python3.10/site-packages/akshare/futures/futures_basis.py:107: UserWarning: 20220717非交易日
  warnings.warn(f"{date.strftime('%Y%m%d')}非交易日")
/root/.local/lib/python3.10/site-packages/akshare/futures/futures_basis.py:107: UserWarning: 20220723非交易日
  warnings.warn(f"{date.strftime('%Y%m%d')}非交易日")
/root/.local/lib/python3.10/site-packages/akshare/futures/futures_basis.py:107: UserWarning: 20220724非交易日
  warnings.warn(f"{date.strftime('%Y%m%d')}非交易日")
/root/.local/lib/python3.10/site-packages/akshare/futures/futures_basis.py:107: UserWarning: 20220730非交易日
  warnings.warn(f"{date.strftime('%Y%m%d')}非交易日")
/root/.local/lib/python3.10/site-packages/akshare/futures/futures_basis.py:107: UserWarning: 20220731非交易日
  warnings.warn(f"{date.strftime('%Y%m%d')}非交易日")
/root/.local/lib/python3.10/site-packages/akshare/futures/futures_basis.py:107: UserWarning: 20220806非交易日
  warnings.warn(f"{date.strftime('%Y%m%d')}非交易日")
/root/.local/lib/python3.10/site-packages/akshare/futures/futures_basis.py:107: UserWarning: 20220807非交易日
  warnings.warn(f"{date.strftime('%Y%m%d')}非交易日")
/root/.local/lib/python3.10/site-packages/akshare/futures/futures_basis.py:107: UserWarning: 20220813非交易日
  warnings.warn(f"{date.strftime('%Y%m%d')}非交易日")
/root/.local/lib/python3.10/site-packages/akshare/futures/futures_basis.py:107: UserWarning: 20220814非交易日
  warnings.warn(f"{date.strftime('%Y%m%d')}非交易日")
/root/.local/lib/python3.10/site-packages/akshare/futures/futures_basis.py:107: UserWarning: 20220820非交易日
  warnings.warn(f"{date.strftime('%Y%m%d')}非交易日")
/root/.local/lib/python3.10/site-packages/akshare/futures/futures_basis.py:107: UserWarning: 20220821非交易日
  warnings.warn(f"{date.strftime('%Y%m%d')}非交易日")
/root/.local/lib/python3.10/site-packages/akshare/futures/futures_basis.py:107: UserWarning: 20220827非交易日
  warnings.warn(f"{date.strftime('%Y%m%d')}非交易日")
/root/.local/lib/python3.10/site-packages/akshare/futures/futures_basis.py:107: UserWarning: 20220828非交易日
  warnings.warn(f"{date.strftime('%Y%m%d')}非交易日")
/root/.local/lib/python3.10/site-packages/akshare/futures/futures_basis.py:107: UserWarning: 20220903非交易日
  warnings.warn(f"{date.strftime('%Y%m%d')}非交易日")
/root/.local/lib/python3.10/site-packages/akshare/futures/futures_basis.py:107: UserWarning: 20220904非交易日
  warnings.warn(f"{date.strftime('%Y%m%d')}非交易日")
/root/.local/lib/python3.10/site-packages/akshare/futures/futures_basis.py:107: UserWarning: 20220910非交易日
  warnings.warn(f"{date.strftime('%Y%m%d')}非交易日")
/root/.local/lib/python3.10/site-packages/akshare/futures/futures_basis.py:107: UserWarning: 20220911非交易日
  warnings.warn(f"{date.strftime('%Y%m%d')}非交易日")
/root/.local/lib/python3.10/site-packages/akshare/futures/futures_basis.py:107: UserWarning: 20220912非交易日
  warnings.warn(f"{date.strftime('%Y%m%d')}非交易日")
/root/.local/lib/python3.10/site-packages/akshare/futures/futures_basis.py:107: UserWarning: 20220917非交易日
  warnings.warn(f"{date.strftime('%Y%m%d')}非交易日")
/root/.local/lib/python3.10/site-packages/akshare/futures/futures_basis.py:107: UserWarning: 20220918非交易日
  warnings.warn(f"{date.strftime('%Y%m%d')}非交易日")
/root/.local/lib/python3.10/site-packages/akshare/futures/futures_basis.py:107: UserWarning: 20220924非交易日
  warnings.warn(f"{date.strftime('%Y%m%d')}非交易日")
/root/.local/lib/python3.10/site-packages/akshare/futures/futures_basis.py:107: UserWarning: 20220925非交易日
  warnings.warn(f"{date.strftime('%Y%m%d')}非交易日")
/root/.local/lib/python3.10/site-packages/akshare/futures/futures_basis.py:107: UserWarning: 20221001非交易日
  warnings.warn(f"{date.strftime('%Y%m%d')}非交易日")
/root/.local/lib/python3.10/site-packages/akshare/futures/futures_basis.py:107: UserWarning: 20221002非交易日
  warnings.warn(f"{date.strftime('%Y%m%d')}非交易日")
/root/.local/lib/python3.10/site-packages/akshare/futures/futures_basis.py:107: UserWarning: 20221003非交易日
  warnings.warn(f"{date.strftime('%Y%m%d')}非交易日")
/root/.local/lib/python3.10/site-packages/akshare/futures/futures_basis.py:107: UserWarning: 20221004非交易日
  warnings.warn(f"{date.strftime('%Y%m%d')}非交易日")
/root/.local/lib/python3.10/site-packages/akshare/futures/futures_basis.py:107: UserWarning: 20221005非交易日
  warnings.warn(f"{date.strftime('%Y%m%d')}非交易日")
/root/.local/lib/python3.10/site-packages/akshare/futures/futures_basis.py:107: UserWarning: 20221006非交易日
  warnings.warn(f"{date.strftime('%Y%m%d')}非交易日")
/root/.local/lib/python3.10/site-packages/akshare/futures/futures_basis.py:107: UserWarning: 20221007非交易日
  warnings.warn(f"{date.strftime('%Y%m%d')}非交易日")
/root/.local/lib/python3.10/site-packages/akshare/futures/futures_basis.py:107: UserWarning: 20221008非交易日
  warnings.warn(f"{date.strftime('%Y%m%d')}非交易日")
/root/.local/lib/python3.10/site-packages/akshare/futures/futures_basis.py:107: UserWarning: 20221009非交易日
  warnings.warn(f"{date.strftime('%Y%m%d')}非交易日")
/root/.local/lib/python3.10/site-packages/akshare/futures/futures_basis.py:107: UserWarning: 20221015非交易日
  warnings.warn(f"{date.strftime('%Y%m%d')}非交易日")
/root/.local/lib/python3.10/site-packages/akshare/futures/futures_basis.py:107: UserWarning: 20221016非交易日
  warnings.warn(f"{date.strftime('%Y%m%d')}非交易日")
/root/.local/lib/python3.10/site-packages/akshare/futures/futures_basis.py:107: UserWarning: 20221022非交易日
  warnings.warn(f"{date.strftime('%Y%m%d')}非交易日")
/root/.local/lib/python3.10/site-packages/akshare/futures/futures_basis.py:107: UserWarning: 20221023非交易日
  warnings.warn(f"{date.strftime('%Y%m%d')}非交易日")
/root/.local/lib/python3.10/site-packages/akshare/futures/futures_basis.py:107: UserWarning: 20221029非交易日
  warnings.warn(f"{date.strftime('%Y%m%d')}非交易日")
/root/.local/lib/python3.10/site-packages/akshare/futures/futures_basis.py:107: UserWarning: 20221030非交易日
  warnings.warn(f"{date.strftime('%Y%m%d')}非交易日")
/root/.local/lib/python3.10/site-packages/akshare/futures/futures_basis.py:107: UserWarning: 20221105非交易日
  warnings.warn(f"{date.strftime('%Y%m%d')}非交易日")
/root/.local/lib/python3.10/site-packages/akshare/futures/futures_basis.py:107: UserWarning: 20221106非交易日
  warnings.warn(f"{date.strftime('%Y%m%d')}非交易日")
/root/.local/lib/python3.10/site-packages/akshare/futures/futures_basis.py:107: UserWarning: 20221112非交易日
  warnings.warn(f"{date.strftime('%Y%m%d')}非交易日")
/root/.local/lib/python3.10/site-packages/akshare/futures/futures_basis.py:107: UserWarning: 20221113非交易日
  warnings.warn(f"{date.strftime('%Y%m%d')}非交易日")
/root/.local/lib/python3.10/site-packages/akshare/futures/futures_basis.py:107: UserWarning: 20221119非交易日
  warnings.warn(f"{date.strftime('%Y%m%d')}非交易日")
/root/.local/lib/python3.10/site-packages/akshare/futures/futures_basis.py:107: UserWarning: 20221120非交易日
  warnings.warn(f"{date.strftime('%Y%m%d')}非交易日")
/root/.local/lib/python3.10/site-packages/akshare/futures/futures_basis.py:107: UserWarning: 20221126非交易日
  warnings.warn(f"{date.strftime('%Y%m%d')}非交易日")
/root/.local/lib/python3.10/site-packages/akshare/futures/futures_basis.py:107: UserWarning: 20221127非交易日
  warnings.warn(f"{date.strftime('%Y%m%d')}非交易日")
/root/.local/lib/python3.10/site-packages/akshare/futures/futures_basis.py:107: UserWarning: 20221203非交易日
  warnings.warn(f"{date.strftime('%Y%m%d')}非交易日")
/root/.local/lib/python3.10/site-packages/akshare/futures/futures_basis.py:107: UserWarning: 20221204非交易日
  warnings.warn(f"{date.strftime('%Y%m%d')}非交易日")
/root/.local/lib/python3.10/site-packages/akshare/futures/futures_basis.py:107: UserWarning: 20221210非交易日
  warnings.warn(f"{date.strftime('%Y%m%d')}非交易日")
/root/.local/lib/python3.10/site-packages/akshare/futures/futures_basis.py:107: UserWarning: 20221211非交易日
  warnings.warn(f"{date.strftime('%Y%m%d')}非交易日")
/root/.local/lib/python3.10/site-packages/akshare/futures/futures_basis.py:107: UserWarning: 20221217非交易日
  warnings.warn(f"{date.strftime('%Y%m%d')}非交易日")
/root/.local/lib/python3.10/site-packages/akshare/futures/futures_basis.py:107: UserWarning: 20221218非交易日
  warnings.warn(f"{date.strftime('%Y%m%d')}非交易日")
/root/.local/lib/python3.10/site-packages/akshare/futures/futures_basis.py:107: UserWarning: 20221224非交易日
  warnings.warn(f"{date.strftime('%Y%m%d')}非交易日")
/root/.local/lib/python3.10/site-packages/akshare/futures/futures_basis.py:107: UserWarning: 20221225非交易日
  warnings.warn(f"{date.strftime('%Y%m%d')}非交易日")
/root/.local/lib/python3.10/site-packages/akshare/futures/futures_basis.py:107: UserWarning: 20221231非交易日
  warnings.warn(f"{date.strftime('%Y%m%d')}非交易日")
/root/.local/lib/python3.10/site-packages/akshare/futures/futures_basis.py:107: UserWarning: 20230101非交易日
  warnings.warn(f"{date.strftime('%Y%m%d')}非交易日")
/root/.local/lib/python3.10/site-packages/akshare/futures/futures_basis.py:107: UserWarning: 20230102非交易日
  warnings.warn(f"{date.strftime('%Y%m%d')}非交易日")
/root/.local/lib/python3.10/site-packages/akshare/futures/futures_basis.py:107: UserWarning: 20230107非交易日
  warnings.warn(f"{date.strftime('%Y%m%d')}非交易日")
/root/.local/lib/python3.10/site-packages/akshare/futures/futures_basis.py:107: UserWarning: 20230108非交易日
  warnings.warn(f"{date.strftime('%Y%m%d')}非交易日")
/root/.local/lib/python3.10/site-packages/akshare/futures/futures_basis.py:107: UserWarning: 20230114非交易日
  warnings.warn(f"{date.strftime('%Y%m%d')}非交易日")
/root/.local/lib/python3.10/site-packages/akshare/futures/futures_basis.py:107: UserWarning: 20230115非交易日
  warnings.warn(f"{date.strftime('%Y%m%d')}非交易日")
/root/.local/lib/python3.10/site-packages/akshare/futures/futures_basis.py:107: UserWarning: 20230121非交易日
  warnings.warn(f"{date.strftime('%Y%m%d')}非交易日")
/root/.local/lib/python3.10/site-packages/akshare/futures/futures_basis.py:107: UserWarning: 20230122非交易日
  warnings.warn(f"{date.strftime('%Y%m%d')}非交易日")
/root/.local/lib/python3.10/site-packages/akshare/futures/futures_basis.py:107: UserWarning: 20230123非交易日
  warnings.warn(f"{date.strftime('%Y%m%d')}非交易日")
/root/.local/lib/python3.10/site-packages/akshare/futures/futures_basis.py:107: UserWarning: 20230124非交易日
  warnings.warn(f"{date.strftime('%Y%m%d')}非交易日")
/root/.local/lib/python3.10/site-packages/akshare/futures/futures_basis.py:107: UserWarning: 20230125非交易日
  warnings.warn(f"{date.strftime('%Y%m%d')}非交易日")
/root/.local/lib/python3.10/site-packages/akshare/futures/futures_basis.py:107: UserWarning: 20230126非交易日
  warnings.warn(f"{date.strftime('%Y%m%d')}非交易日")
/root/.local/lib/python3.10/site-packages/akshare/futures/futures_basis.py:107: UserWarning: 20230127非交易日
  warnings.warn(f"{date.strftime('%Y%m%d')}非交易日")
/root/.local/lib/python3.10/site-packages/akshare/futures/futures_basis.py:107: UserWarning: 20230128非交易日
  warnings.warn(f"{date.strftime('%Y%m%d')}非交易日")
/root/.local/lib/python3.10/site-packages/akshare/futures/futures_basis.py:107: UserWarning: 20230129非交易日
  warnings.warn(f"{date.strftime('%Y%m%d')}非交易日")
/root/.local/lib/python3.10/site-packages/akshare/futures/futures_basis.py:107: UserWarning: 20230204非交易日
  warnings.warn(f"{date.strftime('%Y%m%d')}非交易日")
/root/.local/lib/python3.10/site-packages/akshare/futures/futures_basis.py:107: UserWarning: 20230205非交易日
  warnings.warn(f"{date.strftime('%Y%m%d')}非交易日")
/root/.local/lib/python3.10/site-packages/akshare/futures/futures_basis.py:107: UserWarning: 20230211非交易日
  warnings.warn(f"{date.strftime('%Y%m%d')}非交易日")
/root/.local/lib/python3.10/site-packages/akshare/futures/futures_basis.py:107: UserWarning: 20230212非交易日
  warnings.warn(f"{date.strftime('%Y%m%d')}非交易日")
/root/.local/lib/python3.10/site-packages/akshare/futures/futures_basis.py:107: UserWarning: 20230218非交易日
  warnings.warn(f"{date.strftime('%Y%m%d')}非交易日")
/root/.local/lib/python3.10/site-packages/akshare/futures/futures_basis.py:107: UserWarning: 20230219非交易日
  warnings.warn(f"{date.strftime('%Y%m%d')}非交易日")
/root/.local/lib/python3.10/site-packages/akshare/futures/futures_basis.py:107: UserWarning: 20230225非交易日
  warnings.warn(f"{date.strftime('%Y%m%d')}非交易日")
/root/.local/lib/python3.10/site-packages/akshare/futures/futures_basis.py:107: UserWarning: 20230226非交易日
  warnings.warn(f"{date.strftime('%Y%m%d')}非交易日")
/root/.local/lib/python3.10/site-packages/akshare/futures/futures_basis.py:107: UserWarning: 20230304非交易日
  warnings.warn(f"{date.strftime('%Y%m%d')}非交易日")
/root/.local/lib/python3.10/site-packages/akshare/futures/futures_basis.py:107: UserWarning: 20230305非交易日
  warnings.warn(f"{date.strftime('%Y%m%d')}非交易日")
/root/.local/lib/python3.10/site-packages/akshare/futures/futures_basis.py:107: UserWarning: 20230311非交易日
  warnings.warn(f"{date.strftime('%Y%m%d')}非交易日")
/root/.local/lib/python3.10/site-packages/akshare/futures/futures_basis.py:107: UserWarning: 20230312非交易日
  warnings.warn(f"{date.strftime('%Y%m%d')}非交易日")
/root/.local/lib/python3.10/site-packages/akshare/futures/futures_basis.py:107: UserWarning: 20230318非交易日
  warnings.warn(f"{date.strftime('%Y%m%d')}非交易日")
/root/.local/lib/python3.10/site-packages/akshare/futures/futures_basis.py:107: UserWarning: 20230319非交易日
  warnings.warn(f"{date.strftime('%Y%m%d')}非交易日")
/root/.local/lib/python3.10/site-packages/akshare/futures/futures_basis.py:107: UserWarning: 20230325非交易日
  warnings.warn(f"{date.strftime('%Y%m%d')}非交易日")
/root/.local/lib/python3.10/site-packages/akshare/futures/futures_basis.py:107: UserWarning: 20230326非交易日
  warnings.warn(f"{date.strftime('%Y%m%d')}非交易日")
/root/.local/lib/python3.10/site-packages/akshare/futures/futures_basis.py:107: UserWarning: 20230401非交易日
  warnings.warn(f"{date.strftime('%Y%m%d')}非交易日")
/root/.local/lib/python3.10/site-packages/akshare/futures/futures_basis.py:107: UserWarning: 20230402非交易日
  warnings.warn(f"{date.strftime('%Y%m%d')}非交易日")
/root/.local/lib/python3.10/site-packages/akshare/futures/futures_basis.py:107: UserWarning: 20230405非交易日
  warnings.warn(f"{date.strftime('%Y%m%d')}非交易日")
/root/.local/lib/python3.10/site-packages/akshare/futures/futures_basis.py:107: UserWarning: 20230408非交易日
  warnings.warn(f"{date.strftime('%Y%m%d')}非交易日")
/root/.local/lib/python3.10/site-packages/akshare/futures/futures_basis.py:107: UserWarning: 20230409非交易日
  warnings.warn(f"{date.strftime('%Y%m%d')}非交易日")
/root/.local/lib/python3.10/site-packages/akshare/futures/futures_basis.py:107: UserWarning: 20230415非交易日
  warnings.warn(f"{date.strftime('%Y%m%d')}非交易日")
/root/.local/lib/python3.10/site-packages/akshare/futures/futures_basis.py:107: UserWarning: 20230416非交易日
  warnings.warn(f"{date.strftime('%Y%m%d')}非交易日")
/root/.local/lib/python3.10/site-packages/akshare/futures/futures_basis.py:107: UserWarning: 20230422非交易日
  warnings.warn(f"{date.strftime('%Y%m%d')}非交易日")
/root/.local/lib/python3.10/site-packages/akshare/futures/futures_basis.py:107: UserWarning: 20230423非交易日
  warnings.warn(f"{date.strftime('%Y%m%d')}非交易日")
/root/.local/lib/python3.10/site-packages/akshare/futures/futures_basis.py:107: UserWarning: 20230429非交易日
  warnings.warn(f"{date.strftime('%Y%m%d')}非交易日")
/root/.local/lib/python3.10/site-packages/akshare/futures/futures_basis.py:107: UserWarning: 20230430非交易日
  warnings.warn(f"{date.strftime('%Y%m%d')}非交易日")
/root/.local/lib/python3.10/site-packages/akshare/futures/futures_basis.py:107: UserWarning: 20230501非交易日
  warnings.warn(f"{date.strftime('%Y%m%d')}非交易日")
/root/.local/lib/python3.10/site-packages/akshare/futures/futures_basis.py:107: UserWarning: 20230502非交易日
  warnings.warn(f"{date.strftime('%Y%m%d')}非交易日")
/root/.local/lib/python3.10/site-packages/akshare/futures/futures_basis.py:107: UserWarning: 20230503非交易日
  warnings.warn(f"{date.strftime('%Y%m%d')}非交易日")
/root/.local/lib/python3.10/site-packages/akshare/futures/futures_basis.py:107: UserWarning: 20230506非交易日
  warnings.warn(f"{date.strftime('%Y%m%d')}非交易日")
/root/.local/lib/python3.10/site-packages/akshare/futures/futures_basis.py:107: UserWarning: 20230507非交易日
  warnings.warn(f"{date.strftime('%Y%m%d')}非交易日")
/root/.local/lib/python3.10/site-packages/akshare/futures/futures_basis.py:107: UserWarning: 20230513非交易日
  warnings.warn(f"{date.strftime('%Y%m%d')}非交易日")
/root/.local/lib/python3.10/site-packages/akshare/futures/futures_basis.py:107: UserWarning: 20230514非交易日
  warnings.warn(f"{date.strftime('%Y%m%d')}非交易日")
/root/.local/lib/python3.10/site-packages/akshare/futures/futures_basis.py:107: UserWarning: 20230520非交易日
  warnings.warn(f"{date.strftime('%Y%m%d')}非交易日")
/root/.local/lib/python3.10/site-packages/akshare/futures/futures_basis.py:107: UserWarning: 20230521非交易日
  warnings.warn(f"{date.strftime('%Y%m%d')}非交易日")
/root/.local/lib/python3.10/site-packages/akshare/futures/futures_basis.py:107: UserWarning: 20230527非交易日
  warnings.warn(f"{date.strftime('%Y%m%d')}非交易日")
/root/.local/lib/python3.10/site-packages/akshare/futures/futures_basis.py:107: UserWarning: 20230528非交易日
  warnings.warn(f"{date.strftime('%Y%m%d')}非交易日")
/root/.local/lib/python3.10/site-packages/akshare/futures/futures_basis.py:107: UserWarning: 20230603非交易日
  warnings.warn(f"{date.strftime('%Y%m%d')}非交易日")
/root/.local/lib/python3.10/site-packages/akshare/futures/futures_basis.py:107: UserWarning: 20230604非交易日
  warnings.warn(f"{date.strftime('%Y%m%d')}非交易日")
/root/.local/lib/python3.10/site-packages/akshare/futures/futures_basis.py:107: UserWarning: 20230610非交易日
  warnings.warn(f"{date.strftime('%Y%m%d')}非交易日")
/root/.local/lib/python3.10/site-packages/akshare/futures/futures_basis.py:107: UserWarning: 20230611非交易日
  warnings.warn(f"{date.strftime('%Y%m%d')}非交易日")
/root/.local/lib/python3.10/site-packages/akshare/futures/futures_basis.py:107: UserWarning: 20230617非交易日
  warnings.warn(f"{date.strftime('%Y%m%d')}非交易日")
/root/.local/lib/python3.10/site-packages/akshare/futures/futures_basis.py:107: UserWarning: 20230618非交易日
  warnings.warn(f"{date.strftime('%Y%m%d')}非交易日")
/root/.local/lib/python3.10/site-packages/akshare/futures/futures_basis.py:107: UserWarning: 20230622非交易日
  warnings.warn(f"{date.strftime('%Y%m%d')}非交易日")
/root/.local/lib/python3.10/site-packages/akshare/futures/futures_basis.py:107: UserWarning: 20230623非交易日
  warnings.warn(f"{date.strftime('%Y%m%d')}非交易日")
/root/.local/lib/python3.10/site-packages/akshare/futures/futures_basis.py:107: UserWarning: 20230624非交易日
  warnings.warn(f"{date.strftime('%Y%m%d')}非交易日")
/root/.local/lib/python3.10/site-packages/akshare/futures/futures_basis.py:107: UserWarning: 20230625非交易日
  warnings.warn(f"{date.strftime('%Y%m%d')}非交易日")
/root/.local/lib/python3.10/site-packages/akshare/futures/futures_basis.py:107: UserWarning: 20230701非交易日
  warnings.warn(f"{date.strftime('%Y%m%d')}非交易日")
/root/.local/lib/python3.10/site-packages/akshare/futures/futures_basis.py:107: UserWarning: 20230702非交易日
  warnings.warn(f"{date.strftime('%Y%m%d')}非交易日")
/root/.local/lib/python3.10/site-packages/akshare/futures/futures_basis.py:107: UserWarning: 20230708非交易日
  warnings.warn(f"{date.strftime('%Y%m%d')}非交易日")
/root/.local/lib/python3.10/site-packages/akshare/futures/futures_basis.py:107: UserWarning: 20230709非交易日
  warnings.warn(f"{date.strftime('%Y%m%d')}非交易日")
/root/.local/lib/python3.10/site-packages/akshare/futures/futures_basis.py:107: UserWarning: 20230715非交易日
  warnings.warn(f"{date.strftime('%Y%m%d')}非交易日")
/root/.local/lib/python3.10/site-packages/akshare/futures/futures_basis.py:107: UserWarning: 20230716非交易日
  warnings.warn(f"{date.strftime('%Y%m%d')}非交易日")
/root/.local/lib/python3.10/site-packages/akshare/futures/futures_basis.py:107: UserWarning: 20230722非交易日
  warnings.warn(f"{date.strftime('%Y%m%d')}非交易日")
/root/.local/lib/python3.10/site-packages/akshare/futures/futures_basis.py:107: UserWarning: 20230723非交易日
  warnings.warn(f"{date.strftime('%Y%m%d')}非交易日")
/root/.local/lib/python3.10/site-packages/akshare/futures/futures_basis.py:107: UserWarning: 20230729非交易日
  warnings.warn(f"{date.strftime('%Y%m%d')}非交易日")
/root/.local/lib/python3.10/site-packages/akshare/futures/futures_basis.py:107: UserWarning: 20230730非交易日
  warnings.warn(f"{date.strftime('%Y%m%d')}非交易日")
/root/.local/lib/python3.10/site-packages/akshare/futures/futures_basis.py:107: UserWarning: 20230805非交易日
  warnings.warn(f"{date.strftime('%Y%m%d')}非交易日")
/root/.local/lib/python3.10/site-packages/akshare/futures/futures_basis.py:107: UserWarning: 20230806非交易日
  warnings.warn(f"{date.strftime('%Y%m%d')}非交易日")
/root/.local/lib/python3.10/site-packages/akshare/futures/futures_basis.py:107: UserWarning: 20230812非交易日
  warnings.warn(f"{date.strftime('%Y%m%d')}非交易日")
/root/.local/lib/python3.10/site-packages/akshare/futures/futures_basis.py:107: UserWarning: 20230813非交易日
  warnings.warn(f"{date.strftime('%Y%m%d')}非交易日")
/root/.local/lib/python3.10/site-packages/akshare/futures/futures_basis.py:107: UserWarning: 20230819非交易日
  warnings.warn(f"{date.strftime('%Y%m%d')}非交易日")
/root/.local/lib/python3.10/site-packages/akshare/futures/futures_basis.py:107: UserWarning: 20230820非交易日
  warnings.warn(f"{date.strftime('%Y%m%d')}非交易日")
/root/.local/lib/python3.10/site-packages/akshare/futures/futures_basis.py:107: UserWarning: 20230826非交易日
  warnings.warn(f"{date.strftime('%Y%m%d')}非交易日")
/root/.local/lib/python3.10/site-packages/akshare/futures/futures_basis.py:107: UserWarning: 20230827非交易日
  warnings.warn(f"{date.strftime('%Y%m%d')}非交易日")
/root/.local/lib/python3.10/site-packages/akshare/futures/futures_basis.py:107: UserWarning: 20230902非交易日
  warnings.warn(f"{date.strftime('%Y%m%d')}非交易日")
/root/.local/lib/python3.10/site-packages/akshare/futures/futures_basis.py:107: UserWarning: 20230903非交易日
  warnings.warn(f"{date.strftime('%Y%m%d')}非交易日")
/root/.local/lib/python3.10/site-packages/akshare/futures/futures_basis.py:107: UserWarning: 20230909非交易日
  warnings.warn(f"{date.strftime('%Y%m%d')}非交易日")
/root/.local/lib/python3.10/site-packages/akshare/futures/futures_basis.py:107: UserWarning: 20230910非交易日
  warnings.warn(f"{date.strftime('%Y%m%d')}非交易日")
/root/.local/lib/python3.10/site-packages/akshare/futures/futures_basis.py:107: UserWarning: 20230916非交易日
  warnings.warn(f"{date.strftime('%Y%m%d')}非交易日")
/root/.local/lib/python3.10/site-packages/akshare/futures/futures_basis.py:107: UserWarning: 20230917非交易日
  warnings.warn(f"{date.strftime('%Y%m%d')}非交易日")
/root/.local/lib/python3.10/site-packages/akshare/futures/futures_basis.py:107: UserWarning: 20230923非交易日
  warnings.warn(f"{date.strftime('%Y%m%d')}非交易日")
/root/.local/lib/python3.10/site-packages/akshare/futures/futures_basis.py:107: UserWarning: 20230924非交易日
  warnings.warn(f"{date.strftime('%Y%m%d')}非交易日")
/root/.local/lib/python3.10/site-packages/akshare/futures/futures_basis.py:107: UserWarning: 20230929非交易日
  warnings.warn(f"{date.strftime('%Y%m%d')}非交易日")
/root/.local/lib/python3.10/site-packages/akshare/futures/futures_basis.py:107: UserWarning: 20230930非交易日
  warnings.warn(f"{date.strftime('%Y%m%d')}非交易日")
/root/.local/lib/python3.10/site-packages/akshare/futures/futures_basis.py:107: UserWarning: 20231001非交易日
  warnings.warn(f"{date.strftime('%Y%m%d')}非交易日")
/root/.local/lib/python3.10/site-packages/akshare/futures/futures_basis.py:107: UserWarning: 20231002非交易日
  warnings.warn(f"{date.strftime('%Y%m%d')}非交易日")
/root/.local/lib/python3.10/site-packages/akshare/futures/futures_basis.py:107: UserWarning: 20231003非交易日
  warnings.warn(f"{date.strftime('%Y%m%d')}非交易日")
/root/.local/lib/python3.10/site-packages/akshare/futures/futures_basis.py:107: UserWarning: 20231004非交易日
  warnings.warn(f"{date.strftime('%Y%m%d')}非交易日")
/root/.local/lib/python3.10/site-packages/akshare/futures/futures_basis.py:107: UserWarning: 20231005非交易日
  warnings.warn(f"{date.strftime('%Y%m%d')}非交易日")
/root/.local/lib/python3.10/site-packages/akshare/futures/futures_basis.py:107: UserWarning: 20231006非交易日
  warnings.warn(f"{date.strftime('%Y%m%d')}非交易日")
/root/.local/lib/python3.10/site-packages/akshare/futures/futures_basis.py:107: UserWarning: 20231007非交易日
  warnings.warn(f"{date.strftime('%Y%m%d')}非交易日")
/root/.local/lib/python3.10/site-packages/akshare/futures/futures_basis.py:107: UserWarning: 20231008非交易日
  warnings.warn(f"{date.strftime('%Y%m%d')}非交易日")
/root/.local/lib/python3.10/site-packages/akshare/futures/futures_basis.py:107: UserWarning: 20231014非交易日
  warnings.warn(f"{date.strftime('%Y%m%d')}非交易日")
/root/.local/lib/python3.10/site-packages/akshare/futures/futures_basis.py:107: UserWarning: 20231015非交易日
  warnings.warn(f"{date.strftime('%Y%m%d')}非交易日")
/root/.local/lib/python3.10/site-packages/akshare/futures/futures_basis.py:107: UserWarning: 20231021非交易日
  warnings.warn(f"{date.strftime('%Y%m%d')}非交易日")
/root/.local/lib/python3.10/site-packages/akshare/futures/futures_basis.py:107: UserWarning: 20231022非交易日
  warnings.warn(f"{date.strftime('%Y%m%d')}非交易日")
/root/.local/lib/python3.10/site-packages/akshare/futures/futures_basis.py:107: UserWarning: 20231028非交易日
  warnings.warn(f"{date.strftime('%Y%m%d')}非交易日")
/root/.local/lib/python3.10/site-packages/akshare/futures/futures_basis.py:107: UserWarning: 20231029非交易日
  warnings.warn(f"{date.strftime('%Y%m%d')}非交易日")
/root/.local/lib/python3.10/site-packages/akshare/futures/futures_basis.py:107: UserWarning: 20231104非交易日
  warnings.warn(f"{date.strftime('%Y%m%d')}非交易日")
/root/.local/lib/python3.10/site-packages/akshare/futures/futures_basis.py:107: UserWarning: 20231105非交易日
  warnings.warn(f"{date.strftime('%Y%m%d')}非交易日")
/root/.local/lib/python3.10/site-packages/akshare/futures/futures_basis.py:107: UserWarning: 20231111非交易日
  warnings.warn(f"{date.strftime('%Y%m%d')}非交易日")
/root/.local/lib/python3.10/site-packages/akshare/futures/futures_basis.py:107: UserWarning: 20231112非交易日
  warnings.warn(f"{date.strftime('%Y%m%d')}非交易日")
/root/.local/lib/python3.10/site-packages/akshare/futures/futures_basis.py:107: UserWarning: 20231118非交易日
  warnings.warn(f"{date.strftime('%Y%m%d')}非交易日")
/root/.local/lib/python3.10/site-packages/akshare/futures/futures_basis.py:107: UserWarning: 20231119非交易日
  warnings.warn(f"{date.strftime('%Y%m%d')}非交易日")
/root/.local/lib/python3.10/site-packages/akshare/futures/futures_basis.py:107: UserWarning: 20231125非交易日
  warnings.warn(f"{date.strftime('%Y%m%d')}非交易日")
/root/.local/lib/python3.10/site-packages/akshare/futures/futures_basis.py:107: UserWarning: 20231126非交易日
  warnings.warn(f"{date.strftime('%Y%m%d')}非交易日")
/root/.local/lib/python3.10/site-packages/akshare/futures/futures_basis.py:107: UserWarning: 20231202非交易日
  warnings.warn(f"{date.strftime('%Y%m%d')}非交易日")
/root/.local/lib/python3.10/site-packages/akshare/futures/futures_basis.py:107: UserWarning: 20231203非交易日
  warnings.warn(f"{date.strftime('%Y%m%d')}非交易日")
/root/.local/lib/python3.10/site-packages/akshare/futures/futures_basis.py:107: UserWarning: 20231209非交易日
  warnings.warn(f"{date.strftime('%Y%m%d')}非交易日")
/root/.local/lib/python3.10/site-packages/akshare/futures/futures_basis.py:107: UserWarning: 20231210非交易日
  warnings.warn(f"{date.strftime('%Y%m%d')}非交易日")
/root/.local/lib/python3.10/site-packages/akshare/futures/futures_basis.py:107: UserWarning: 20231216非交易日
  warnings.warn(f"{date.strftime('%Y%m%d')}非交易日")
/root/.local/lib/python3.10/site-packages/akshare/futures/futures_basis.py:107: UserWarning: 20231217非交易日
  warnings.warn(f"{date.strftime('%Y%m%d')}非交易日")
/root/.local/lib/python3.10/site-packages/akshare/futures/futures_basis.py:107: UserWarning: 20231223非交易日
  warnings.warn(f"{date.strftime('%Y%m%d')}非交易日")
/root/.local/lib/python3.10/site-packages/akshare/futures/futures_basis.py:107: UserWarning: 20231224非交易日
  warnings.warn(f"{date.strftime('%Y%m%d')}非交易日")
/root/.local/lib/python3.10/site-packages/akshare/futures/futures_basis.py:107: UserWarning: 20231230非交易日
  warnings.warn(f"{date.strftime('%Y%m%d')}非交易日")
/root/.local/lib/python3.10/site-packages/akshare/futures/futures_basis.py:107: UserWarning: 20231231非交易日
  warnings.warn(f"{date.strftime('%Y%m%d')}非交易日")
/root/.local/lib/python3.10/site-packages/akshare/futures/futures_basis.py:107: UserWarning: 20240101非交易日
  warnings.warn(f"{date.strftime('%Y%m%d')}非交易日")
/root/.local/lib/python3.10/site-packages/akshare/futures/futures_basis.py:107: UserWarning: 20240106非交易日
  warnings.warn(f"{date.strftime('%Y%m%d')}非交易日")
/root/.local/lib/python3.10/site-packages/akshare/futures/futures_basis.py:107: UserWarning: 20240107非交易日
  warnings.warn(f"{date.strftime('%Y%m%d')}非交易日")
/root/.local/lib/python3.10/site-packages/akshare/futures/futures_basis.py:107: UserWarning: 20240113非交易日
  warnings.warn(f"{date.strftime('%Y%m%d')}非交易日")
/root/.local/lib/python3.10/site-packages/akshare/futures/futures_basis.py:107: UserWarning: 20240114非交易日
  warnings.warn(f"{date.strftime('%Y%m%d')}非交易日")
/root/.local/lib/python3.10/site-packages/akshare/futures/futures_basis.py:107: UserWarning: 20240120非交易日
  warnings.warn(f"{date.strftime('%Y%m%d')}非交易日")
/root/.local/lib/python3.10/site-packages/akshare/futures/futures_basis.py:107: UserWarning: 20240121非交易日
  warnings.warn(f"{date.strftime('%Y%m%d')}非交易日")
/root/.local/lib/python3.10/site-packages/akshare/futures/futures_basis.py:107: UserWarning: 20240127非交易日
  warnings.warn(f"{date.strftime('%Y%m%d')}非交易日")
/root/.local/lib/python3.10/site-packages/akshare/futures/futures_basis.py:107: UserWarning: 20240128非交易日
  warnings.warn(f"{date.strftime('%Y%m%d')}非交易日")
/root/.local/lib/python3.10/site-packages/akshare/futures/futures_basis.py:107: UserWarning: 20240203非交易日
  warnings.warn(f"{date.strftime('%Y%m%d')}非交易日")
/root/.local/lib/python3.10/site-packages/akshare/futures/futures_basis.py:107: UserWarning: 20240204非交易日
  warnings.warn(f"{date.strftime('%Y%m%d')}非交易日")
/root/.local/lib/python3.10/site-packages/akshare/futures/futures_basis.py:107: UserWarning: 20240209非交易日
  warnings.warn(f"{date.strftime('%Y%m%d')}非交易日")
/root/.local/lib/python3.10/site-packages/akshare/futures/futures_basis.py:107: UserWarning: 20240210非交易日
  warnings.warn(f"{date.strftime('%Y%m%d')}非交易日")
/root/.local/lib/python3.10/site-packages/akshare/futures/futures_basis.py:107: UserWarning: 20240211非交易日
  warnings.warn(f"{date.strftime('%Y%m%d')}非交易日")
/root/.local/lib/python3.10/site-packages/akshare/futures/futures_basis.py:107: UserWarning: 20240212非交易日
  warnings.warn(f"{date.strftime('%Y%m%d')}非交易日")
/root/.local/lib/python3.10/site-packages/akshare/futures/futures_basis.py:107: UserWarning: 20240213非交易日
  warnings.warn(f"{date.strftime('%Y%m%d')}非交易日")
/root/.local/lib/python3.10/site-packages/akshare/futures/futures_basis.py:107: UserWarning: 20240214非交易日
  warnings.warn(f"{date.strftime('%Y%m%d')}非交易日")
/root/.local/lib/python3.10/site-packages/akshare/futures/futures_basis.py:107: UserWarning: 20240215非交易日
  warnings.warn(f"{date.strftime('%Y%m%d')}非交易日")
/root/.local/lib/python3.10/site-packages/akshare/futures/futures_basis.py:107: UserWarning: 20240216非交易日
  warnings.warn(f"{date.strftime('%Y%m%d')}非交易日")
/root/.local/lib/python3.10/site-packages/akshare/futures/futures_basis.py:107: UserWarning: 20240217非交易日
  warnings.warn(f"{date.strftime('%Y%m%d')}非交易日")
/root/.local/lib/python3.10/site-packages/akshare/futures/futures_basis.py:107: UserWarning: 20240218非交易日
  warnings.warn(f"{date.strftime('%Y%m%d')}非交易日")
/root/.local/lib/python3.10/site-packages/akshare/futures/futures_basis.py:107: UserWarning: 20240224非交易日
  warnings.warn(f"{date.strftime('%Y%m%d')}非交易日")
/root/.local/lib/python3.10/site-packages/akshare/futures/futures_basis.py:107: UserWarning: 20240225非交易日
  warnings.warn(f"{date.strftime('%Y%m%d')}非交易日")
/root/.local/lib/python3.10/site-packages/akshare/futures/futures_basis.py:107: UserWarning: 20240302非交易日
  warnings.warn(f"{date.strftime('%Y%m%d')}非交易日")
/root/.local/lib/python3.10/site-packages/akshare/futures/futures_basis.py:107: UserWarning: 20240303非交易日
  warnings.warn(f"{date.strftime('%Y%m%d')}非交易日")
/root/.local/lib/python3.10/site-packages/akshare/futures/futures_basis.py:107: UserWarning: 20240309非交易日
  warnings.warn(f"{date.strftime('%Y%m%d')}非交易日")
/root/.local/lib/python3.10/site-packages/akshare/futures/futures_basis.py:107: UserWarning: 20240310非交易日
  warnings.warn(f"{date.strftime('%Y%m%d')}非交易日")
/root/.local/lib/python3.10/site-packages/akshare/futures/futures_basis.py:107: UserWarning: 20240316非交易日
  warnings.warn(f"{date.strftime('%Y%m%d')}非交易日")
/root/.local/lib/python3.10/site-packages/akshare/futures/futures_basis.py:107: UserWarning: 20240317非交易日
  warnings.warn(f"{date.strftime('%Y%m%d')}非交易日")
/root/.local/lib/python3.10/site-packages/akshare/futures/futures_basis.py:107: UserWarning: 20240323非交易日
  warnings.warn(f"{date.strftime('%Y%m%d')}非交易日")
/root/.local/lib/python3.10/site-packages/akshare/futures/futures_basis.py:107: UserWarning: 20240324非交易日
  warnings.warn(f"{date.strftime('%Y%m%d')}非交易日")
/root/.local/lib/python3.10/site-packages/akshare/futures/futures_basis.py:107: UserWarning: 20240330非交易日
  warnings.warn(f"{date.strftime('%Y%m%d')}非交易日")
/root/.local/lib/python3.10/site-packages/akshare/futures/futures_basis.py:107: UserWarning: 20240331非交易日
  warnings.warn(f"{date.strftime('%Y%m%d')}非交易日")
/root/.local/lib/python3.10/site-packages/akshare/futures/futures_basis.py:107: UserWarning: 20240404非交易日
  warnings.warn(f"{date.strftime('%Y%m%d')}非交易日")
/root/.local/lib/python3.10/site-packages/akshare/futures/futures_basis.py:107: UserWarning: 20240405非交易日
  warnings.warn(f"{date.strftime('%Y%m%d')}非交易日")
/root/.local/lib/python3.10/site-packages/akshare/futures/futures_basis.py:107: UserWarning: 20240406非交易日
  warnings.warn(f"{date.strftime('%Y%m%d')}非交易日")
/root/.local/lib/python3.10/site-packages/akshare/futures/futures_basis.py:107: UserWarning: 20240407非交易日
  warnings.warn(f"{date.strftime('%Y%m%d')}非交易日")
/root/.local/lib/python3.10/site-packages/akshare/futures/futures_basis.py:107: UserWarning: 20240413非交易日
  warnings.warn(f"{date.strftime('%Y%m%d')}非交易日")
/root/.local/lib/python3.10/site-packages/akshare/futures/futures_basis.py:107: UserWarning: 20240414非交易日
  warnings.warn(f"{date.strftime('%Y%m%d')}非交易日")
/root/.local/lib/python3.10/site-packages/akshare/futures/futures_basis.py:107: UserWarning: 20240420非交易日
  warnings.warn(f"{date.strftime('%Y%m%d')}非交易日")
/root/.local/lib/python3.10/site-packages/akshare/futures/futures_basis.py:107: UserWarning: 20240421非交易日
  warnings.warn(f"{date.strftime('%Y%m%d')}非交易日")
/root/.local/lib/python3.10/site-packages/akshare/futures/futures_basis.py:107: UserWarning: 20240427非交易日
  warnings.warn(f"{date.strftime('%Y%m%d')}非交易日")
/root/.local/lib/python3.10/site-packages/akshare/futures/futures_basis.py:107: UserWarning: 20240428非交易日
  warnings.warn(f"{date.strftime('%Y%m%d')}非交易日")
/root/.local/lib/python3.10/site-packages/akshare/futures/futures_basis.py:107: UserWarning: 20240501非交易日
  warnings.warn(f"{date.strftime('%Y%m%d')}非交易日")
/root/.local/lib/python3.10/site-packages/akshare/futures/futures_basis.py:107: UserWarning: 20240502非交易日
  warnings.warn(f"{date.strftime('%Y%m%d')}非交易日")
/root/.local/lib/python3.10/site-packages/akshare/futures/futures_basis.py:107: UserWarning: 20240503非交易日
  warnings.warn(f"{date.strftime('%Y%m%d')}非交易日")
/root/.local/lib/python3.10/site-packages/akshare/futures/futures_basis.py:107: UserWarning: 20240504非交易日
  warnings.warn(f"{date.strftime('%Y%m%d')}非交易日")
/root/.local/lib/python3.10/site-packages/akshare/futures/futures_basis.py:107: UserWarning: 20240505非交易日
  warnings.warn(f"{date.strftime('%Y%m%d')}非交易日")
/root/.local/lib/python3.10/site-packages/akshare/futures/futures_basis.py:107: UserWarning: 20240511非交易日
  warnings.warn(f"{date.strftime('%Y%m%d')}非交易日")
/root/.local/lib/python3.10/site-packages/akshare/futures/futures_basis.py:107: UserWarning: 20240512非交易日
  warnings.warn(f"{date.strftime('%Y%m%d')}非交易日")
/root/.local/lib/python3.10/site-packages/akshare/futures/futures_basis.py:107: UserWarning: 20240518非交易日
  warnings.warn(f"{date.strftime('%Y%m%d')}非交易日")
/root/.local/lib/python3.10/site-packages/akshare/futures/futures_basis.py:107: UserWarning: 20240519非交易日
  warnings.warn(f"{date.strftime('%Y%m%d')}非交易日")
/root/.local/lib/python3.10/site-packages/akshare/futures/futures_basis.py:107: UserWarning: 20240525非交易日
  warnings.warn(f"{date.strftime('%Y%m%d')}非交易日")
/root/.local/lib/python3.10/site-packages/akshare/futures/futures_basis.py:107: UserWarning: 20240526非交易日
  warnings.warn(f"{date.strftime('%Y%m%d')}非交易日")
/root/.local/lib/python3.10/site-packages/akshare/futures/futures_basis.py:107: UserWarning: 20240601非交易日
  warnings.warn(f"{date.strftime('%Y%m%d')}非交易日")
/root/.local/lib/python3.10/site-packages/akshare/futures/futures_basis.py:107: UserWarning: 20240602非交易日
  warnings.warn(f"{date.strftime('%Y%m%d')}非交易日")
/root/.local/lib/python3.10/site-packages/akshare/futures/futures_basis.py:107: UserWarning: 20240608非交易日
  warnings.warn(f"{date.strftime('%Y%m%d')}非交易日")
/root/.local/lib/python3.10/site-packages/akshare/futures/futures_basis.py:107: UserWarning: 20240609非交易日
  warnings.warn(f"{date.strftime('%Y%m%d')}非交易日")
/root/.local/lib/python3.10/site-packages/akshare/futures/futures_basis.py:107: UserWarning: 20240610非交易日
  warnings.warn(f"{date.strftime('%Y%m%d')}非交易日")
/root/.local/lib/python3.10/site-packages/akshare/futures/futures_basis.py:107: UserWarning: 20240615非交易日
  warnings.warn(f"{date.strftime('%Y%m%d')}非交易日")
/root/.local/lib/python3.10/site-packages/akshare/futures/futures_basis.py:107: UserWarning: 20240616非交易日
  warnings.warn(f"{date.strftime('%Y%m%d')}非交易日")
/root/.local/lib/python3.10/site-packages/akshare/futures/futures_basis.py:107: UserWarning: 20240622非交易日
  warnings.warn(f"{date.strftime('%Y%m%d')}非交易日")
/root/.local/lib/python3.10/site-packages/akshare/futures/futures_basis.py:107: UserWarning: 20240623非交易日
  warnings.warn(f"{date.strftime('%Y%m%d')}非交易日")
/root/.local/lib/python3.10/site-packages/akshare/futures/futures_basis.py:107: UserWarning: 20240629非交易日
  warnings.warn(f"{date.strftime('%Y%m%d')}非交易日")
/root/.local/lib/python3.10/site-packages/akshare/futures/futures_basis.py:107: UserWarning: 20240630非交易日
  warnings.warn(f"{date.strftime('%Y%m%d')}非交易日")
/root/.local/lib/python3.10/site-packages/akshare/futures/futures_basis.py:107: UserWarning: 20240706非交易日
  warnings.warn(f"{date.strftime('%Y%m%d')}非交易日")
/root/.local/lib/python3.10/site-packages/akshare/futures/futures_basis.py:107: UserWarning: 20240707非交易日
  warnings.warn(f"{date.strftime('%Y%m%d')}非交易日")
/root/.local/lib/python3.10/site-packages/akshare/futures/futures_basis.py:107: UserWarning: 20240713非交易日
  warnings.warn(f"{date.strftime('%Y%m%d')}非交易日")
/root/.local/lib/python3.10/site-packages/akshare/futures/futures_basis.py:107: UserWarning: 20240714非交易日
  warnings.warn(f"{date.strftime('%Y%m%d')}非交易日")
/root/.local/lib/python3.10/site-packages/akshare/futures/futures_basis.py:107: UserWarning: 20240720非交易日
  warnings.warn(f"{date.strftime('%Y%m%d')}非交易日")
/root/.local/lib/python3.10/site-packages/akshare/futures/futures_basis.py:107: UserWarning: 20240721非交易日
  warnings.warn(f"{date.strftime('%Y%m%d')}非交易日")
/root/.local/lib/python3.10/site-packages/akshare/futures/futures_basis.py:107: UserWarning: 20240727非交易日
  warnings.warn(f"{date.strftime('%Y%m%d')}非交易日")
/root/.local/lib/python3.10/site-packages/akshare/futures/futures_basis.py:107: UserWarning: 20240728非交易日
  warnings.warn(f"{date.strftime('%Y%m%d')}非交易日")
/root/.local/lib/python3.10/site-packages/akshare/futures/futures_basis.py:107: UserWarning: 20240803非交易日
  warnings.warn(f"{date.strftime('%Y%m%d')}非交易日")
/root/.local/lib/python3.10/site-packages/akshare/futures/futures_basis.py:107: UserWarning: 20240804非交易日
  warnings.warn(f"{date.strftime('%Y%m%d')}非交易日")
/root/.local/lib/python3.10/site-packages/akshare/futures/futures_basis.py:107: UserWarning: 20240810非交易日
  warnings.warn(f"{date.strftime('%Y%m%d')}非交易日")
/root/.local/lib/python3.10/site-packages/akshare/futures/futures_basis.py:107: UserWarning: 20240811非交易日
  warnings.warn(f"{date.strftime('%Y%m%d')}非交易日")
/root/.local/lib/python3.10/site-packages/akshare/futures/futures_basis.py:107: UserWarning: 20240817非交易日
  warnings.warn(f"{date.strftime('%Y%m%d')}非交易日")
/root/.local/lib/python3.10/site-packages/akshare/futures/futures_basis.py:107: UserWarning: 20240818非交易日
  warnings.warn(f"{date.strftime('%Y%m%d')}非交易日")
/root/.local/lib/python3.10/site-packages/akshare/futures/futures_basis.py:107: UserWarning: 20240824非交易日
  warnings.warn(f"{date.strftime('%Y%m%d')}非交易日")
/root/.local/lib/python3.10/site-packages/akshare/futures/futures_basis.py:107: UserWarning: 20240825非交易日
  warnings.warn(f"{date.strftime('%Y%m%d')}非交易日")
/root/.local/lib/python3.10/site-packages/akshare/futures/futures_basis.py:107: UserWarning: 20240831非交易日
  warnings.warn(f"{date.strftime('%Y%m%d')}非交易日")
/root/.local/lib/python3.10/site-packages/akshare/futures/futures_basis.py:107: UserWarning: 20240901非交易日
  warnings.warn(f"{date.strftime('%Y%m%d')}非交易日")
/root/.local/lib/python3.10/site-packages/akshare/futures/futures_basis.py:107: UserWarning: 20240907非交易日
  warnings.warn(f"{date.strftime('%Y%m%d')}非交易日")
/root/.local/lib/python3.10/site-packages/akshare/futures/futures_basis.py:107: UserWarning: 20240908非交易日
  warnings.warn(f"{date.strftime('%Y%m%d')}非交易日")
/root/.local/lib/python3.10/site-packages/akshare/futures/futures_basis.py:107: UserWarning: 20240914非交易日
  warnings.warn(f"{date.strftime('%Y%m%d')}非交易日")
/root/.local/lib/python3.10/site-packages/akshare/futures/futures_basis.py:107: UserWarning: 20240915非交易日
  warnings.warn(f"{date.strftime('%Y%m%d')}非交易日")
/root/.local/lib/python3.10/site-packages/akshare/futures/futures_basis.py:107: UserWarning: 20240916非交易日
  warnings.warn(f"{date.strftime('%Y%m%d')}非交易日")
/root/.local/lib/python3.10/site-packages/akshare/futures/futures_basis.py:107: UserWarning: 20240917非交易日
  warnings.warn(f"{date.strftime('%Y%m%d')}非交易日")
/root/.local/lib/python3.10/site-packages/akshare/futures/futures_basis.py:107: UserWarning: 20240921非交易日
  warnings.warn(f"{date.strftime('%Y%m%d')}非交易日")
/root/.local/lib/python3.10/site-packages/akshare/futures/futures_basis.py:107: UserWarning: 20240922非交易日
  warnings.warn(f"{date.strftime('%Y%m%d')}非交易日")
/root/.local/lib/python3.10/site-packages/akshare/futures/futures_basis.py:107: UserWarning: 20240928非交易日
  warnings.warn(f"{date.strftime('%Y%m%d')}非交易日")
/root/.local/lib/python3.10/site-packages/akshare/futures/futures_basis.py:107: UserWarning: 20240929非交易日
  warnings.warn(f"{date.strftime('%Y%m%d')}非交易日")
/root/.local/lib/python3.10/site-packages/akshare/futures/futures_basis.py:107: UserWarning: 20241001非交易日
  warnings.warn(f"{date.strftime('%Y%m%d')}非交易日")
/root/.local/lib/python3.10/site-packages/akshare/futures/futures_basis.py:107: UserWarning: 20241002非交易日
  warnings.warn(f"{date.strftime('%Y%m%d')}非交易日")
/root/.local/lib/python3.10/site-packages/akshare/futures/futures_basis.py:107: UserWarning: 20241003非交易日
  warnings.warn(f"{date.strftime('%Y%m%d')}非交易日")
/root/.local/lib/python3.10/site-packages/akshare/futures/futures_basis.py:107: UserWarning: 20241004非交易日
  warnings.warn(f"{date.strftime('%Y%m%d')}非交易日")
/root/.local/lib/python3.10/site-packages/akshare/futures/futures_basis.py:107: UserWarning: 20241005非交易日
  warnings.warn(f"{date.strftime('%Y%m%d')}非交易日")
/root/.local/lib/python3.10/site-packages/akshare/futures/futures_basis.py:107: UserWarning: 20241006非交易日
  warnings.warn(f"{date.strftime('%Y%m%d')}非交易日")
/root/.local/lib/python3.10/site-packages/akshare/futures/futures_basis.py:107: UserWarning: 20241007非交易日
  warnings.warn(f"{date.strftime('%Y%m%d')}非交易日")
/root/.local/lib/python3.10/site-packages/akshare/futures/futures_basis.py:107: UserWarning: 20241012非交易日
  warnings.warn(f"{date.strftime('%Y%m%d')}非交易日")
/root/.local/lib/python3.10/site-packages/akshare/futures/futures_basis.py:107: UserWarning: 20241013非交易日
  warnings.warn(f"{date.strftime('%Y%m%d')}非交易日")
/root/.local/lib/python3.10/site-packages/akshare/futures/futures_basis.py:107: UserWarning: 20241019非交易日
  warnings.warn(f"{date.strftime('%Y%m%d')}非交易日")
/root/.local/lib/python3.10/site-packages/akshare/futures/futures_basis.py:107: UserWarning: 20241020非交易日
  warnings.warn(f"{date.strftime('%Y%m%d')}非交易日")
/root/.local/lib/python3.10/site-packages/akshare/futures/futures_basis.py:107: UserWarning: 20241026非交易日
  warnings.warn(f"{date.strftime('%Y%m%d')}非交易日")
/root/.local/lib/python3.10/site-packages/akshare/futures/futures_basis.py:107: UserWarning: 20241027非交易日
  warnings.warn(f"{date.strftime('%Y%m%d')}非交易日")
/root/.local/lib/python3.10/site-packages/akshare/futures/futures_basis.py:107: UserWarning: 20241102非交易日
  warnings.warn(f"{date.strftime('%Y%m%d')}非交易日")
/root/.local/lib/python3.10/site-packages/akshare/futures/futures_basis.py:107: UserWarning: 20241103非交易日
  warnings.warn(f"{date.strftime('%Y%m%d')}非交易日")
/root/.local/lib/python3.10/site-packages/akshare/futures/futures_basis.py:107: UserWarning: 20241109非交易日
  warnings.warn(f"{date.strftime('%Y%m%d')}非交易日")
/root/.local/lib/python3.10/site-packages/akshare/futures/futures_basis.py:107: UserWarning: 20241110非交易日
  warnings.warn(f"{date.strftime('%Y%m%d')}非交易日")
/root/.local/lib/python3.10/site-packages/akshare/futures/futures_basis.py:107: UserWarning: 20241116非交易日
  warnings.warn(f"{date.strftime('%Y%m%d')}非交易日")
/root/.local/lib/python3.10/site-packages/akshare/futures/futures_basis.py:107: UserWarning: 20241117非交易日
  warnings.warn(f"{date.strftime('%Y%m%d')}非交易日")
/root/.local/lib/python3.10/site-packages/akshare/futures/futures_basis.py:107: UserWarning: 20241123非交易日
  warnings.warn(f"{date.strftime('%Y%m%d')}非交易日")
/root/.local/lib/python3.10/site-packages/akshare/futures/futures_basis.py:107: UserWarning: 20241124非交易日
  warnings.warn(f"{date.strftime('%Y%m%d')}非交易日")
/root/.local/lib/python3.10/site-packages/akshare/futures/futures_basis.py:107: UserWarning: 20241130非交易日
  warnings.warn(f"{date.strftime('%Y%m%d')}非交易日")
/root/.local/lib/python3.10/site-packages/akshare/futures/futures_basis.py:107: UserWarning: 20241201非交易日
  warnings.warn(f"{date.strftime('%Y%m%d')}非交易日")
/root/.local/lib/python3.10/site-packages/akshare/futures/futures_basis.py:107: UserWarning: 20241207非交易日
  warnings.warn(f"{date.strftime('%Y%m%d')}非交易日")
/root/.local/lib/python3.10/site-packages/akshare/futures/futures_basis.py:107: UserWarning: 20241208非交易日
  warnings.warn(f"{date.strftime('%Y%m%d')}非交易日")
/root/.local/lib/python3.10/site-packages/akshare/futures/futures_basis.py:107: UserWarning: 20241214非交易日
  warnings.warn(f"{date.strftime('%Y%m%d')}非交易日")
/root/.local/lib/python3.10/site-packages/akshare/futures/futures_basis.py:107: UserWarning: 20241215非交易日
  warnings.warn(f"{date.strftime('%Y%m%d')}非交易日")
/root/.local/lib/python3.10/site-packages/akshare/futures/futures_basis.py:107: UserWarning: 20241221非交易日
  warnings.warn(f"{date.strftime('%Y%m%d')}非交易日")
/root/.local/lib/python3.10/site-packages/akshare/futures/futures_basis.py:107: UserWarning: 20241222非交易日
  warnings.warn(f"{date.strftime('%Y%m%d')}非交易日")
/root/.local/lib/python3.10/site-packages/akshare/futures/futures_basis.py:107: UserWarning: 20241228非交易日
  warnings.warn(f"{date.strftime('%Y%m%d')}非交易日")
/root/.local/lib/python3.10/site-packages/akshare/futures/futures_basis.py:107: UserWarning: 20241229非交易日
  warnings.warn(f"{date.strftime('%Y%m%d')}非交易日")
/root/.local/lib/python3.10/site-packages/akshare/futures/futures_basis.py:107: UserWarning: 20250101非交易日
  warnings.warn(f"{date.strftime('%Y%m%d')}非交易日")
/root/.local/lib/python3.10/site-packages/akshare/futures/futures_basis.py:107: UserWarning: 20250104非交易日
  warnings.warn(f"{date.strftime('%Y%m%d')}非交易日")
/root/.local/lib/python3.10/site-packages/akshare/futures/futures_basis.py:107: UserWarning: 20250105非交易日
  warnings.warn(f"{date.strftime('%Y%m%d')}非交易日")
/root/.local/lib/python3.10/site-packages/akshare/futures/futures_basis.py:107: UserWarning: 20250111非交易日
  warnings.warn(f"{date.strftime('%Y%m%d')}非交易日")
/root/.local/lib/python3.10/site-packages/akshare/futures/futures_basis.py:107: UserWarning: 20250112非交易日
  warnings.warn(f"{date.strftime('%Y%m%d')}非交易日")
/root/.local/lib/python3.10/site-packages/akshare/futures/futures_basis.py:107: UserWarning: 20250118非交易日
  warnings.warn(f"{date.strftime('%Y%m%d')}非交易日")
/root/.local/lib/python3.10/site-packages/akshare/futures/futures_basis.py:107: UserWarning: 20250119非交易日
  warnings.warn(f"{date.strftime('%Y%m%d')}非交易日")
/root/.local/lib/python3.10/site-packages/akshare/futures/futures_basis.py:107: UserWarning: 20250125非交易日
  warnings.warn(f"{date.strftime('%Y%m%d')}非交易日")
/root/.local/lib/python3.10/site-packages/akshare/futures/futures_basis.py:107: UserWarning: 20250126非交易日
  warnings.warn(f"{date.strftime('%Y%m%d')}非交易日")
/root/.local/lib/python3.10/site-packages/akshare/futures/futures_basis.py:107: UserWarning: 20250128非交易日
  warnings.warn(f"{date.strftime('%Y%m%d')}非交易日")
/root/.local/lib/python3.10/site-packages/akshare/futures/futures_basis.py:107: UserWarning: 20250129非交易日
  warnings.warn(f"{date.strftime('%Y%m%d')}非交易日")
/root/.local/lib/python3.10/site-packages/akshare/futures/futures_basis.py:107: UserWarning: 20250130非交易日
  warnings.warn(f"{date.strftime('%Y%m%d')}非交易日")
/root/.local/lib/python3.10/site-packages/akshare/futures/futures_basis.py:107: UserWarning: 20250131非交易日
  warnings.warn(f"{date.strftime('%Y%m%d')}非交易日")
/root/.local/lib/python3.10/site-packages/akshare/futures/futures_basis.py:107: UserWarning: 20250201非交易日
  warnings.warn(f"{date.strftime('%Y%m%d')}非交易日")
/root/.local/lib/python3.10/site-packages/akshare/futures/futures_basis.py:107: UserWarning: 20250202非交易日
  warnings.warn(f"{date.strftime('%Y%m%d')}非交易日")
/root/.local/lib/python3.10/site-packages/akshare/futures/futures_basis.py:107: UserWarning: 20250203非交易日
  warnings.warn(f"{date.strftime('%Y%m%d')}非交易日")
/root/.local/lib/python3.10/site-packages/akshare/futures/futures_basis.py:107: UserWarning: 20250204非交易日
  warnings.warn(f"{date.strftime('%Y%m%d')}非交易日")
/root/.local/lib/python3.10/site-packages/akshare/futures/futures_basis.py:107: UserWarning: 20250208非交易日
  warnings.warn(f"{date.strftime('%Y%m%d')}非交易日")
/root/.local/lib/python3.10/site-packages/akshare/futures/futures_basis.py:107: UserWarning: 20250209非交易日
  warnings.warn(f"{date.strftime('%Y%m%d')}非交易日")
/root/.local/lib/python3.10/site-packages/akshare/futures/futures_basis.py:107: UserWarning: 20250215非交易日
  warnings.warn(f"{date.strftime('%Y%m%d')}非交易日")
/root/.local/lib/python3.10/site-packages/akshare/futures/futures_basis.py:107: UserWarning: 20250216非交易日
  warnings.warn(f"{date.strftime('%Y%m%d')}非交易日")
/root/.local/lib/python3.10/site-packages/akshare/futures/futures_basis.py:107: UserWarning: 20250222非交易日
  warnings.warn(f"{date.strftime('%Y%m%d')}非交易日")
/root/.local/lib/python3.10/site-packages/akshare/futures/futures_basis.py:107: UserWarning: 20250223非交易日
  warnings.warn(f"{date.strftime('%Y%m%d')}非交易日")
/root/.local/lib/python3.10/site-packages/akshare/futures/futures_basis.py:107: UserWarning: 20250301非交易日
  warnings.warn(f"{date.strftime('%Y%m%d')}非交易日")
/root/.local/lib/python3.10/site-packages/akshare/futures/futures_basis.py:107: UserWarning: 20250302非交易日
  warnings.warn(f"{date.strftime('%Y%m%d')}非交易日")
/root/.local/lib/python3.10/site-packages/akshare/futures/futures_basis.py:107: UserWarning: 20250308非交易日
  warnings.warn(f"{date.strftime('%Y%m%d')}非交易日")
/root/.local/lib/python3.10/site-packages/akshare/futures/futures_basis.py:107: UserWarning: 20250309非交易日
  warnings.warn(f"{date.strftime('%Y%m%d')}非交易日")
/root/.local/lib/python3.10/site-packages/akshare/futures/futures_basis.py:107: UserWarning: 20250315非交易日
  warnings.warn(f"{date.strftime('%Y%m%d')}非交易日")
/root/.local/lib/python3.10/site-packages/akshare/futures/futures_basis.py:107: UserWarning: 20250316非交易日
  warnings.warn(f"{date.strftime('%Y%m%d')}非交易日")
/root/.local/lib/python3.10/site-packages/akshare/futures/futures_basis.py:107: UserWarning: 20250322非交易日
  warnings.warn(f"{date.strftime('%Y%m%d')}非交易日")
/root/.local/lib/python3.10/site-packages/akshare/futures/futures_basis.py:107: UserWarning: 20250323非交易日
  warnings.warn(f"{date.strftime('%Y%m%d')}非交易日")
/root/.local/lib/python3.10/site-packages/akshare/futures/futures_basis.py:107: UserWarning: 20250329非交易日
  warnings.warn(f"{date.strftime('%Y%m%d')}非交易日")
/root/.local/lib/python3.10/site-packages/akshare/futures/futures_basis.py:107: UserWarning: 20250330非交易日
  warnings.warn(f"{date.strftime('%Y%m%d')}非交易日")
/root/.local/lib/python3.10/site-packages/akshare/futures/futures_basis.py:107: UserWarning: 20250404非交易日
  warnings.warn(f"{date.strftime('%Y%m%d')}非交易日")
/root/.local/lib/python3.10/site-packages/akshare/futures/futures_basis.py:107: UserWarning: 20250405非交易日
  warnings.warn(f"{date.strftime('%Y%m%d')}非交易日")
/root/.local/lib/python3.10/site-packages/akshare/futures/futures_basis.py:107: UserWarning: 20250406非交易日
  warnings.warn(f"{date.strftime('%Y%m%d')}非交易日")
/root/.local/lib/python3.10/site-packages/akshare/futures/futures_basis.py:107: UserWarning: 20250412非交易日
  warnings.warn(f"{date.strftime('%Y%m%d')}非交易日")
/root/.local/lib/python3.10/site-packages/akshare/futures/futures_basis.py:107: UserWarning: 20250413非交易日
  warnings.warn(f"{date.strftime('%Y%m%d')}非交易日")
/root/.local/lib/python3.10/site-packages/akshare/futures/futures_basis.py:107: UserWarning: 20250419非交易日
  warnings.warn(f"{date.strftime('%Y%m%d')}非交易日")
/root/.local/lib/python3.10/site-packages/akshare/futures/futures_basis.py:107: UserWarning: 20250420非交易日
  warnings.warn(f"{date.strftime('%Y%m%d')}非交易日")
/root/.local/lib/python3.10/site-packages/akshare/futures/futures_basis.py:107: UserWarning: 20250426非交易日
  warnings.warn(f"{date.strftime('%Y%m%d')}非交易日")
/root/.local/lib/python3.10/site-packages/akshare/futures/futures_basis.py:107: UserWarning: 20250427非交易日
  warnings.warn(f"{date.strftime('%Y%m%d')}非交易日")
/root/.local/lib/python3.10/site-packages/akshare/futures/futures_basis.py:107: UserWarning: 20250501非交易日
  warnings.warn(f"{date.strftime('%Y%m%d')}非交易日")
/root/.local/lib/python3.10/site-packages/akshare/futures/futures_basis.py:107: UserWarning: 20250502非交易日
  warnings.warn(f"{date.strftime('%Y%m%d')}非交易日")
/root/.local/lib/python3.10/site-packages/akshare/futures/futures_basis.py:107: UserWarning: 20250503非交易日
  warnings.warn(f"{date.strftime('%Y%m%d')}非交易日")
/root/.local/lib/python3.10/site-packages/akshare/futures/futures_basis.py:107: UserWarning: 20250504非交易日
  warnings.warn(f"{date.strftime('%Y%m%d')}非交易日")
/root/.local/lib/python3.10/site-packages/akshare/futures/futures_basis.py:107: UserWarning: 20250505非交易日
  warnings.warn(f"{date.strftime('%Y%m%d')}非交易日")
/root/.local/lib/python3.10/site-packages/akshare/futures/futures_basis.py:107: UserWarning: 20250510非交易日
  warnings.warn(f"{date.strftime('%Y%m%d')}非交易日")
/root/.local/lib/python3.10/site-packages/akshare/futures/futures_basis.py:107: UserWarning: 20250511非交易日
  warnings.warn(f"{date.strftime('%Y%m%d')}非交易日")
/root/.local/lib/python3.10/site-packages/akshare/futures/futures_basis.py:107: UserWarning: 20250517非交易日
  warnings.warn(f"{date.strftime('%Y%m%d')}非交易日")
/root/.local/lib/python3.10/site-packages/akshare/futures/futures_basis.py:107: UserWarning: 20250518非交易日
  warnings.warn(f"{date.strftime('%Y%m%d')}非交易日")
/root/.local/lib/python3.10/site-packages/akshare/futures/futures_basis.py:107: UserWarning: 20250524非交易日
  warnings.warn(f"{date.strftime('%Y%m%d')}非交易日")
/root/.local/lib/python3.10/site-packages/akshare/futures/futures_basis.py:107: UserWarning: 20250525非交易日
  warnings.warn(f"{date.strftime('%Y%m%d')}非交易日")
/root/.local/lib/python3.10/site-packages/akshare/futures/futures_basis.py:107: UserWarning: 20250531非交易日
  warnings.warn(f"{date.strftime('%Y%m%d')}非交易日")
/root/.local/lib/python3.10/site-packages/akshare/futures/futures_basis.py:107: UserWarning: 20250601非交易日
  warnings.warn(f"{date.strftime('%Y%m%d')}非交易日")
/root/.local/lib/python3.10/site-packages/akshare/futures/futures_basis.py:107: UserWarning: 20250602非交易日
  warnings.warn(f"{date.strftime('%Y%m%d')}非交易日")
/root/.local/lib/python3.10/site-packages/akshare/futures/futures_basis.py:107: UserWarning: 20250607非交易日
  warnings.warn(f"{date.strftime('%Y%m%d')}非交易日")
/root/.local/lib/python3.10/site-packages/akshare/futures/futures_basis.py:107: UserWarning: 20250608非交易日
  warnings.warn(f"{date.strftime('%Y%m%d')}非交易日")
/root/.local/lib/python3.10/site-packages/akshare/futures/futures_basis.py:107: UserWarning: 20250614非交易日
  warnings.warn(f"{date.strftime('%Y%m%d')}非交易日")
/root/.local/lib/python3.10/site-packages/akshare/futures/futures_basis.py:107: UserWarning: 20250615非交易日
  warnings.warn(f"{date.strftime('%Y%m%d')}非交易日")
/root/.local/lib/python3.10/site-packages/akshare/futures/futures_basis.py:107: UserWarning: 20250621非交易日
  warnings.warn(f"{date.strftime('%Y%m%d')}非交易日")
/root/.local/lib/python3.10/site-packages/akshare/futures/futures_basis.py:107: UserWarning: 20250622非交易日
  warnings.warn(f"{date.strftime('%Y%m%d')}非交易日")
/root/.local/lib/python3.10/site-packages/akshare/futures/futures_basis.py:107: UserWarning: 20250628非交易日
  warnings.warn(f"{date.strftime('%Y%m%d')}非交易日")
/root/.local/lib/python3.10/site-packages/akshare/futures/futures_basis.py:107: UserWarning: 20250629非交易日
  warnings.warn(f"{date.strftime('%Y%m%d')}非交易日")
/root/.local/lib/python3.10/site-packages/akshare/futures/futures_basis.py:107: UserWarning: 20250705非交易日
  warnings.warn(f"{date.strftime('%Y%m%d')}非交易日")
/root/.local/lib/python3.10/site-packages/akshare/futures/futures_basis.py:107: UserWarning: 20250706非交易日
  warnings.warn(f"{date.strftime('%Y%m%d')}非交易日")
/root/.local/lib/python3.10/site-packages/akshare/futures/futures_basis.py:107: UserWarning: 20250712非交易日
  warnings.warn(f"{date.strftime('%Y%m%d')}非交易日")
/root/.local/lib/python3.10/site-packages/akshare/futures/futures_basis.py:107: UserWarning: 20250713非交易日
  warnings.warn(f"{date.strftime('%Y%m%d')}非交易日")
/root/.local/lib/python3.10/site-packages/akshare/futures/futures_basis.py:107: UserWarning: 20250719非交易日
  warnings.warn(f"{date.strftime('%Y%m%d')}非交易日")
/root/.local/lib/python3.10/site-packages/akshare/futures/futures_basis.py:107: UserWarning: 20250720非交易日
  warnings.warn(f"{date.strftime('%Y%m%d')}非交易日")
/root/.local/lib/python3.10/site-packages/akshare/futures/futures_basis.py:107: UserWarning: 20250726非交易日
  warnings.warn(f"{date.strftime('%Y%m%d')}非交易日")
/root/.local/lib/python3.10/site-packages/akshare/futures/futures_basis.py:107: UserWarning: 20250727非交易日
  warnings.warn(f"{date.strftime('%Y%m%d')}非交易日")
/root/.local/lib/python3.10/site-packages/akshare/futures/futures_basis.py:107: UserWarning: 20250802非交易日
  warnings.warn(f"{date.strftime('%Y%m%d')}非交易日")
/root/.local/lib/python3.10/site-packages/akshare/futures/futures_basis.py:107: UserWarning: 20250803非交易日
  warnings.warn(f"{date.strftime('%Y%m%d')}非交易日")
/root/.local/lib/python3.10/site-packages/akshare/futures/futures_basis.py:107: UserWarning: 20250809非交易日
  warnings.warn(f"{date.strftime('%Y%m%d')}非交易日")
/root/.local/lib/python3.10/site-packages/akshare/futures/futures_basis.py:107: UserWarning: 20250810非交易日
  warnings.warn(f"{date.strftime('%Y%m%d')}非交易日")
/root/.local/lib/python3.10/site-packages/akshare/futures/futures_basis.py:107: UserWarning: 20250816非交易日
  warnings.warn(f"{date.strftime('%Y%m%d')}非交易日")
/root/.local/lib/python3.10/site-packages/akshare/futures/futures_basis.py:107: UserWarning: 20250817非交易日
  warnings.warn(f"{date.strftime('%Y%m%d')}非交易日")
/root/.local/lib/python3.10/site-packages/akshare/futures/futures_basis.py:107: UserWarning: 20250823非交易日
  warnings.warn(f"{date.strftime('%Y%m%d')}非交易日")
/root/.local/lib/python3.10/site-packages/akshare/futures/futures_basis.py:107: UserWarning: 20250824非交易日
  warnings.warn(f"{date.strftime('%Y%m%d')}非交易日")
/root/.local/lib/python3.10/site-packages/akshare/futures/futures_basis.py:107: UserWarning: 20250830非交易日
  warnings.warn(f"{date.strftime('%Y%m%d')}非交易日")
/root/.local/lib/python3.10/site-packages/akshare/futures/futures_basis.py:107: UserWarning: 20250831非交易日
  warnings.warn(f"{date.strftime('%Y%m%d')}非交易日")
/root/.local/lib/python3.10/site-packages/akshare/futures/futures_basis.py:107: UserWarning: 20250906非交易日
  warnings.warn(f"{date.strftime('%Y%m%d')}非交易日")
/root/.local/lib/python3.10/site-packages/akshare/futures/futures_basis.py:107: UserWarning: 20250907非交易日
  warnings.warn(f"{date.strftime('%Y%m%d')}非交易日")
/root/.local/lib/python3.10/site-packages/akshare/futures/futures_basis.py:107: UserWarning: 20250913非交易日
  warnings.warn(f"{date.strftime('%Y%m%d')}非交易日")
/root/.local/lib/python3.10/site-packages/akshare/futures/futures_basis.py:107: UserWarning: 20250914非交易日
  warnings.warn(f"{date.strftime('%Y%m%d')}非交易日")
/root/.local/lib/python3.10/site-packages/akshare/futures/futures_basis.py:107: UserWarning: 20250920非交易日
  warnings.warn(f"{date.strftime('%Y%m%d')}非交易日")
/root/.local/lib/python3.10/site-packages/akshare/futures/futures_basis.py:107: UserWarning: 20250921非交易日
  warnings.warn(f"{date.strftime('%Y%m%d')}非交易日")
/root/.local/lib/python3.10/site-packages/akshare/futures/futures_basis.py:107: UserWarning: 20250927非交易日
  warnings.warn(f"{date.strftime('%Y%m%d')}非交易日")
/root/.local/lib/python3.10/site-packages/akshare/futures/futures_basis.py:107: UserWarning: 20250928非交易日
  warnings.warn(f"{date.strftime('%Y%m%d')}非交易日")
/root/.local/lib/python3.10/site-packages/akshare/futures/futures_basis.py:107: UserWarning: 20251001非交易日
  warnings.warn(f"{date.strftime('%Y%m%d')}非交易日")
/root/.local/lib/python3.10/site-packages/akshare/futures/futures_basis.py:107: UserWarning: 20251002非交易日
  warnings.warn(f"{date.strftime('%Y%m%d')}非交易日")
/root/.local/lib/python3.10/site-packages/akshare/futures/futures_basis.py:107: UserWarning: 20251003非交易日
  warnings.warn(f"{date.strftime('%Y%m%d')}非交易日")
/root/.local/lib/python3.10/site-packages/akshare/futures/futures_basis.py:107: UserWarning: 20251004非交易日
  warnings.warn(f"{date.strftime('%Y%m%d')}非交易日")
/root/.local/lib/python3.10/site-packages/akshare/futures/futures_basis.py:107: UserWarning: 20251005非交易日
  warnings.warn(f"{date.strftime('%Y%m%d')}非交易日")
/root/.local/lib/python3.10/site-packages/akshare/futures/futures_basis.py:107: UserWarning: 20251006非交易日
  warnings.warn(f"{date.strftime('%Y%m%d')}非交易日")
/root/.local/lib/python3.10/site-packages/akshare/futures/futures_basis.py:107: UserWarning: 20251007非交易日
  warnings.warn(f"{date.strftime('%Y%m%d')}非交易日")
/root/.local/lib/python3.10/site-packages/akshare/futures/futures_basis.py:107: UserWarning: 20251008非交易日
  warnings.warn(f"{date.strftime('%Y%m%d')}非交易日")
/root/.local/lib/python3.10/site-packages/akshare/futures/futures_basis.py:107: UserWarning: 20251011非交易日
  warnings.warn(f"{date.strftime('%Y%m%d')}非交易日")
/root/.local/lib/python3.10/site-packages/akshare/futures/futures_basis.py:107: UserWarning: 20251012非交易日
  warnings.warn(f"{date.strftime('%Y%m%d')}非交易日")
/root/.local/lib/python3.10/site-packages/akshare/futures/futures_basis.py:107: UserWarning: 20251018非交易日
  warnings.warn(f"{date.strftime('%Y%m%d')}非交易日")
/root/.local/lib/python3.10/site-packages/akshare/futures/futures_basis.py:107: UserWarning: 20251019非交易日
  warnings.warn(f"{date.strftime('%Y%m%d')}非交易日")
/root/.local/lib/python3.10/site-packages/akshare/futures/futures_basis.py:107: UserWarning: 20251025非交易日
  warnings.warn(f"{date.strftime('%Y%m%d')}非交易日")
/root/.local/lib/python3.10/site-packages/akshare/futures/futures_basis.py:107: UserWarning: 20251026非交易日
  warnings.warn(f"{date.strftime('%Y%m%d')}非交易日")
/root/.local/lib/python3.10/site-packages/akshare/futures/futures_basis.py:107: UserWarning: 20251101非交易日
  warnings.warn(f"{date.strftime('%Y%m%d')}非交易日")
/root/.local/lib/python3.10/site-packages/akshare/futures/futures_basis.py:107: UserWarning: 20251102非交易日
  warnings.warn(f"{date.strftime('%Y%m%d')}非交易日")
/root/.local/lib/python3.10/site-packages/akshare/futures/futures_basis.py:107: UserWarning: 20251108非交易日
  warnings.warn(f"{date.strftime('%Y%m%d')}非交易日")
/root/.local/lib/python3.10/site-packages/akshare/futures/futures_basis.py:107: UserWarning: 20251109非交易日
  warnings.warn(f"{date.strftime('%Y%m%d')}非交易日")
/root/.local/lib/python3.10/site-packages/akshare/futures/futures_basis.py:107: UserWarning: 20251115非交易日
  warnings.warn(f"{date.strftime('%Y%m%d')}非交易日")
/root/.local/lib/python3.10/site-packages/akshare/futures/futures_basis.py:107: UserWarning: 20251116非交易日
  warnings.warn(f"{date.strftime('%Y%m%d')}非交易日")
/root/.local/lib/python3.10/site-packages/akshare/futures/futures_basis.py:107: UserWarning: 20251122非交易日
  warnings.warn(f"{date.strftime('%Y%m%d')}非交易日")
/root/.local/lib/python3.10/site-packages/akshare/futures/futures_basis.py:107: UserWarning: 20251123非交易日
  warnings.warn(f"{date.strftime('%Y%m%d')}非交易日")
/root/.local/lib/python3.10/site-packages/akshare/futures/futures_basis.py:107: UserWarning: 20251129非交易日
  warnings.warn(f"{date.strftime('%Y%m%d')}非交易日")
/root/.local/lib/python3.10/site-packages/akshare/futures/futures_basis.py:107: UserWarning: 20251130非交易日
  warnings.warn(f"{date.strftime('%Y%m%d')}非交易日")
/root/.local/lib/python3.10/site-packages/akshare/futures/futures_basis.py:107: UserWarning: 20251206非交易日
  warnings.warn(f"{date.strftime('%Y%m%d')}非交易日")
/root/.local/lib/python3.10/site-packages/akshare/futures/futures_basis.py:107: UserWarning: 20251207非交易日
  warnings.warn(f"{date.strftime('%Y%m%d')}非交易日")
/root/.local/lib/python3.10/site-packages/akshare/futures/futures_basis.py:107: UserWarning: 20251213非交易日
  warnings.warn(f"{date.strftime('%Y%m%d')}非交易日")
/root/.local/lib/python3.10/site-packages/akshare/futures/futures_basis.py:107: UserWarning: 20251214非交易日
  warnings.warn(f"{date.strftime('%Y%m%d')}非交易日")
/root/.local/lib/python3.10/site-packages/akshare/futures/futures_basis.py:107: UserWarning: 20251220非交易日
  warnings.warn(f"{date.strftime('%Y%m%d')}非交易日")
/root/.local/lib/python3.10/site-packages/akshare/futures/futures_basis.py:107: UserWarning: 20251221非交易日
  warnings.warn(f"{date.strftime('%Y%m%d')}非交易日")
/root/.local/lib/python3.10/site-packages/akshare/futures/futures_basis.py:107: UserWarning: 20251227非交易日
  warnings.warn(f"{date.strftime('%Y%m%d')}非交易日")
/root/.local/lib/python3.10/site-packages/akshare/futures/futures_basis.py:107: UserWarning: 20251228非交易日
  warnings.warn(f"{date.strftime('%Y%m%d')}非交易日")
/root/.local/lib/python3.10/site-packages/akshare/futures/futures_basis.py:107: UserWarning: 20260101非交易日
  warnings.warn(f"{date.strftime('%Y%m%d')}非交易日")
/root/.local/lib/python3.10/site-packages/akshare/futures/futures_basis.py:107: UserWarning: 20260102非交易日
  warnings.warn(f"{date.strftime('%Y%m%d')}非交易日")
/root/.local/lib/python3.10/site-packages/akshare/futures/futures_basis.py:107: UserWarning: 20260103非交易日
  warnings.warn(f"{date.strftime('%Y%m%d')}非交易日")
/root/.local/lib/python3.10/site-packages/akshare/futures/futures_basis.py:107: UserWarning: 20260104非交易日
  warnings.warn(f"{date.strftime('%Y%m%d')}非交易日")
/root/.local/lib/python3.10/site-packages/akshare/futures/futures_basis.py:107: UserWarning: 20260110非交易日
  warnings.warn(f"{date.strftime('%Y%m%d')}非交易日")
/root/.local/lib/python3.10/site-packages/akshare/futures/futures_basis.py:107: UserWarning: 20260111非交易日
  warnings.warn(f"{date.strftime('%Y%m%d')}非交易日")
/root/.local/lib/python3.10/site-packages/akshare/futures/futures_basis.py:107: UserWarning: 20260117非交易日
  warnings.warn(f"{date.strftime('%Y%m%d')}非交易日")
/root/.local/lib/python3.10/site-packages/akshare/futures/futures_basis.py:107: UserWarning: 20260118非交易日
  warnings.warn(f"{date.strftime('%Y%m%d')}非交易日")
/root/.local/lib/python3.10/site-packages/akshare/futures/futures_basis.py:107: UserWarning: 20260124非交易日
  warnings.warn(f"{date.strftime('%Y%m%d')}非交易日")
/root/.local/lib/python3.10/site-packages/akshare/futures/futures_basis.py:107: UserWarning: 20260125非交易日
  warnings.warn(f"{date.strftime('%Y%m%d')}非交易日")
/root/.local/lib/python3.10/site-packages/akshare/futures/futures_basis.py:107: UserWarning: 20260131非交易日
  warnings.warn(f"{date.strftime('%Y%m%d')}非交易日")
/root/.local/lib/python3.10/site-packages/akshare/futures/futures_basis.py:107: UserWarning: 20260201非交易日
  warnings.warn(f"{date.strftime('%Y%m%d')}非交易日")
/root/.local/lib/python3.10/site-packages/akshare/futures/futures_basis.py:107: UserWarning: 20260207非交易日
  warnings.warn(f"{date.strftime('%Y%m%d')}非交易日")
/root/.local/lib/python3.10/site-packages/akshare/futures/futures_basis.py:107: UserWarning: 20260208非交易日
  warnings.warn(f"{date.strftime('%Y%m%d')}非交易日")
/root/.local/lib/python3.10/site-packages/akshare/futures/futures_basis.py:107: UserWarning: 20260214非交易日
  warnings.warn(f"{date.strftime('%Y%m%d')}非交易日")
/root/.local/lib/python3.10/site-packages/akshare/futures/futures_basis.py:107: UserWarning: 20260215非交易日
  warnings.warn(f"{date.strftime('%Y%m%d')}非交易日")
/root/.local/lib/python3.10/site-packages/akshare/futures/futures_basis.py:107: UserWarning: 20260216非交易日
  warnings.warn(f"{date.strftime('%Y%m%d')}非交易日")
/root/.local/lib/python3.10/site-packages/akshare/futures/futures_basis.py:107: UserWarning: 20260217非交易日
  warnings.warn(f"{date.strftime('%Y%m%d')}非交易日")
/root/.local/lib/python3.10/site-packages/akshare/futures/futures_basis.py:107: UserWarning: 20260218非交易日
  warnings.warn(f"{date.strftime('%Y%m%d')}非交易日")
/root/.local/lib/python3.10/site-packages/akshare/futures/futures_basis.py:107: UserWarning: 20260219非交易日
  warnings.warn(f"{date.strftime('%Y%m%d')}非交易日")
/root/.local/lib/python3.10/site-packages/akshare/futures/futures_basis.py:107: UserWarning: 20260220非交易日
  warnings.warn(f"{date.strftime('%Y%m%d')}非交易日")
/root/.local/lib/python3.10/site-packages/akshare/futures/futures_basis.py:107: UserWarning: 20260221非交易日
  warnings.warn(f"{date.strftime('%Y%m%d')}非交易日")
/root/.local/lib/python3.10/site-packages/akshare/futures/futures_basis.py:107: UserWarning: 20260222非交易日
  warnings.warn(f"{date.strftime('%Y%m%d')}非交易日")
/root/.local/lib/python3.10/site-packages/akshare/futures/futures_basis.py:107: UserWarning: 20260223非交易日
  warnings.warn(f"{date.strftime('%Y%m%d')}非交易日")
/root/.local/lib/python3.10/site-packages/akshare/futures/futures_basis.py:107: UserWarning: 20260228非交易日
  warnings.warn(f"{date.strftime('%Y%m%d')}非交易日")
/root/.local/lib/python3.10/site-packages/akshare/futures/futures_basis.py:107: UserWarning: 20260301非交易日
  warnings.warn(f"{date.strftime('%Y%m%d')}非交易日")
/root/.local/lib/python3.10/site-packages/akshare/futures/futures_basis.py:107: UserWarning: 20260307非交易日
  warnings.warn(f"{date.strftime('%Y%m%d')}非交易日")
/root/.local/lib/python3.10/site-packages/akshare/futures/futures_basis.py:107: UserWarning: 20260308非交易日
  warnings.warn(f"{date.strftime('%Y%m%d')}非交易日")
/root/.local/lib/python3.10/site-packages/akshare/futures/futures_basis.py:107: UserWarning: 20260314非交易日
  warnings.warn(f"{date.strftime('%Y%m%d')}非交易日")
/root/.local/lib/python3.10/site-packages/akshare/futures/futures_basis.py:107: UserWarning: 20260315非交易日
  warnings.warn(f"{date.strftime('%Y%m%d')}非交易日")
/root/.local/lib/python3.10/site-packages/akshare/futures/futures_basis.py:107: UserWarning: 20260321非交易日
  warnings.warn(f"{date.strftime('%Y%m%d')}非交易日")
/root/.local/lib/python3.10/site-packages/akshare/futures/futures_basis.py:107: UserWarning: 20260322非交易日
  warnings.warn(f"{date.strftime('%Y%m%d')}非交易日")
/root/.local/lib/python3.10/site-packages/akshare/futures/futures_basis.py:107: UserWarning: 20260328非交易日
  warnings.warn(f"{date.strftime('%Y%m%d')}非交易日")
/root/.local/lib/python3.10/site-packages/akshare/futures/futures_basis.py:107: UserWarning: 20260329非交易日
  warnings.warn(f"{date.strftime('%Y%m%d')}非交易日")
/root/.local/lib/python3.10/site-packages/akshare/futures/futures_basis.py:107: UserWarning: 20260404非交易日
  warnings.warn(f"{date.strftime('%Y%m%d')}非交易日")
/root/.local/lib/python3.10/site-packages/akshare/futures/futures_basis.py:107: UserWarning: 20260405非交易日
  warnings.warn(f"{date.strftime('%Y%m%d')}非交易日")
/root/.local/lib/python3.10/site-packages/akshare/futures/futures_basis.py:107: UserWarning: 20260406非交易日
  warnings.warn(f"{date.strftime('%Y%m%d')}非交易日")
/root/.local/lib/python3.10/site-packages/akshare/futures/futures_basis.py:107: UserWarning: 20260411非交易日
  warnings.warn(f"{date.strftime('%Y%m%d')}非交易日")
/root/.local/lib/python3.10/site-packages/akshare/futures/futures_basis.py:107: UserWarning: 20260412非交易日
  warnings.warn(f"{date.strftime('%Y%m%d')}非交易日")
/root/.local/lib/python3.10/site-packages/akshare/futures/futures_basis.py:107: UserWarning: 20260418非交易日
  warnings.warn(f"{date.strftime('%Y%m%d')}非交易日")
/root/.local/lib/python3.10/site-packages/akshare/futures/futures_basis.py:107: UserWarning: 20260419非交易日
  warnings.warn(f"{date.strftime('%Y%m%d')}非交易日")
/root/.local/lib/python3.10/site-packages/akshare/futures/futures_basis.py:107: UserWarning: 20260425非交易日
  warnings.warn(f"{date.strftime('%Y%m%d')}非交易日")
/root/.local/lib/python3.10/site-packages/akshare/futures/futures_basis.py:107: UserWarning: 20260426非交易日
  warnings.warn(f"{date.strftime('%Y%m%d')}非交易日")
/root/.local/lib/python3.10/site-packages/akshare/futures/futures_basis.py:107: UserWarning: 20260501非交易日
  warnings.warn(f"{date.strftime('%Y%m%d')}非交易日")
/root/.local/lib/python3.10/site-packages/akshare/futures/futures_basis.py:107: UserWarning: 20260502非交易日
  warnings.warn(f"{date.strftime('%Y%m%d')}非交易日")
/root/.local/lib/python3.10/site-packages/akshare/futures/futures_basis.py:107: UserWarning: 20260503非交易日
  warnings.warn(f"{date.strftime('%Y%m%d')}非交易日")
/root/.local/lib/python3.10/site-packages/akshare/futures/futures_basis.py:107: UserWarning: 20260504非交易日
  warnings.warn(f"{date.strftime('%Y%m%d')}非交易日")
/root/.local/lib/python3.10/site-packages/akshare/futures/futures_basis.py:107: UserWarning: 20260505非交易日
  warnings.warn(f"{date.strftime('%Y%m%d')}非交易日")
/root/.local/lib/python3.10/site-packages/akshare/futures/futures_basis.py:107: UserWarning: 20260509非交易日
  warnings.warn(f"{date.strftime('%Y%m%d')}非交易日")
/root/.local/lib/python3.10/site-packages/akshare/futures/futures_basis.py:107: UserWarning: 20260510非交易日
  warnings.warn(f"{date.strftime('%Y%m%d')}非交易日")
/root/.local/lib/python3.10/site-packages/akshare/futures/futures_basis.py:107: UserWarning: 20260516非交易日
  warnings.warn(f"{date.strftime('%Y%m%d')}非交易日")
/root/.local/lib/python3.10/site-packages/akshare/futures/futures_basis.py:107: UserWarning: 20260517非交易日
  warnings.warn(f"{date.strftime('%Y%m%d')}非交易日")
/root/.local/lib/python3.10/site-packages/akshare/futures/futures_basis.py:74: FutureWarning: The behavior of DataFrame concatenation with empty or all-NA entries is deprecated. In a future version, this will no longer exclude empty or all-NA columns when determining the result dtypes. To retain the old behavior, exclude the relevant entries before the concat operation.
  temp_df = pd.concat(df_list)

  0%|          | 0/7 [00:00<?, ?it/s]
 14%|█▍        | 1/7 [00:00<00:01,  3.92it/s]
 29%|██▊       | 2/7 [00:00<00:01,  4.19it/s]
 43%|████▎     | 3/7 [00:00<00:01,  3.92it/s]
 57%|█████▋    | 4/7 [00:01<00:00,  3.91it/s]
 71%|███████▏  | 5/7 [00:01<00:00,  4.05it/s]
 86%|████████▌ | 6/7 [00:01<00:00,  3.75it/s]
100%|██████████| 7/7 [00:01<00:00,  4.01it/s]
                                             

  0%|          | 0/7 [00:00<?, ?it/s]
 14%|█▍        | 1/7 [00:00<00:01,  4.55it/s]
 29%|██▊       | 2/7 [00:00<00:01,  4.43it/s]
 43%|████▎     | 3/7 [00:00<00:00,  4.19it/s]
 57%|█████▋    | 4/7 [00:00<00:00,  4.12it/s]
 71%|███████▏  | 5/7 [00:01<00:00,  4.15it/s]
 86%|████████▌ | 6/7 [00:01<00:00,  4.09it/s]
100%|██████████| 7/7 [00:01<00:00,  4.22it/s]
                                             

  0%|          | 0/7 [00:00<?, ?it/s]
 14%|█▍        | 1/7 [00:00<00:01,  3.84it/s]
 29%|██▊       | 2/7 [00:00<00:01,  4.18it/s]
 43%|████▎     | 3/7 [00:00<00:00,  4.09it/s]
 57%|█████▋    | 4/7 [00:00<00:00,  4.07it/s]
 71%|███████▏  | 5/7 [00:01<00:00,  4.06it/s]
 86%|████████▌ | 6/7 [00:01<00:00,  3.99it/s]
100%|██████████| 7/7 [00:01<00:00,  4.11it/s]
                                             
{
  "sample_rows": 1530,
  "external_rows": 5275,
  "external_date_min": "2005-01-04",
  "external_date_max": "2026-05-15",
  "feature_cols": 212,
  "lag_days": 1,
  "errors": {},
  "top_missing": {
    "zijin_hk_volume_ret20": 0.03986928104575163,
    "zijin_hk_close_ret20": 0.03986928104575163,
    "zijin_hk_close_ma20_gap": 0.03594771241830065,
    "zijin_hk_close_z20": 0.03594771241830065,
    "zijin_hk_volume_ma20_gap": 0.03594771241830065,
    "zijin_a_h_close_ratio_z20": 0.03594771241830065,
    "zijin_hk_volume_z20": 0.03594771241830065,
    "copper_dom_basis_rate_ret20": 0.032679738562091505,
    "gold_spot_ret20": 0.032679738562091505,
    "gold_dom_basis_rate_ret20": 0.032679738562091505,
    "silver_spot_ret20": 0.032679738562091505,
    "silver_dom_basis_rate_ret20": 0.032679738562091505,
    "copper_spot_ret20": 0.032679738562091505,
    "precious_sector_close_ret20": 0.032679738562091505,
    "zijin_hk_close_ret5": 0.032679738562091505,
    "zijin_hk_volume_ret5": 0.032679738562091505,
    "industrial_metal_sector_close_ret20": 0.032679738562091505,
    "minor_metal_sector_volume_ret20": 0.032679738562091505,
    "industrial_metal_sector_amount_ret20": 0.032679738562091505,
    "industrial_metal_sector_volume_ret20": 0.032679738562091505,
    "minor_metal_sector_close_ret20": 0.032679738562091505,
    "stock_vs_industrial_metal_sector_ret20": 0.032679738562091505,
    "stock_vs_precious_sector_ret20": 0.032679738562091505,
    "minor_metal_sector_amount_ret20": 0.032679738562091505,
    "precious_sector_amount_ret20": 0.032679738562091505,
    "precious_sector_volume_ret20": 0.032679738562091505,
    "stock_vs_copper_ret20": 0.03202614379084967,
    "stock_vs_gold_ret20": 0.03202614379084967,
    "zijin_hk_close_ret1": 0.030065359477124184,
    "zijin_hk_volume_ret1": 0.030065359477124184
  },
  "outputs": {
    "external": "/root/stock_realtime_v021_full/saved_data/000657_pipeline_out_v2_new27_full/04_external/zijin_external/zijin_external_features.csv",
    "merged_samples": "/root/stock_realtime_v021_full/saved_data/000657_pipeline_out_v2_new27_full/04_external/zijin_external/training_samples_with_zijin_external.csv"
  }
}
[INFO] final samples for search: /root/stock_realtime_v021_full/saved_data/000657_pipeline_out_v2_new27_full/04_external/zijin_external/training_samples_with_zijin_external.csv

[2026-05-17T23:10:08] RUN search_vwap_low_hit_50bps
  /usr/bin/python3 model_training/search_walk_forward_model_complexity.py --samples /root/stock_realtime_v021_full/saved_data/000657_pipeline_out_v2_new27_full/04_external/zijin_external/training_samples_with_zijin_external.csv --intraday-bars /root/stock_realtime_v021_full/saved_data/000657_pipeline_out_v2_new27_full/00_base/000657_5m.csv --out-dir /root/stock_realtime_v021_full/saved_data/000657_pipeline_out_v2_new27_full/10_search/search_vwap_low_hit_50bps --round-trip-cost-bps 1.7 --target-hit-bps 50.0 --label-mode hit --entry-policy vwap_low --entry-vwap-premium-bps 50.0 --max-missing 0.35 --groups reversal_fundamental_regime,reversal_fundamental_regime_sector,reversal_fundamental_regime_sector_external,all_no_ak --models xgb_d2_200_lr003_mcw5,xgb_d3_400_lr003_mcw3,xgb_d3_600_lr002_mcw3,xgb_d4_500_lr002_mcw5,lgbm_leaves7_400,lgbm_leaves15_700,extra_trees_600_d3,random_forest_600_d4 --quantiles 0.5,0.6,0.7,0.8 --train-rows 756 --valid-rows 126 --test-rows 63 --min-valid-trades 8 --min-train-entries 80
{
  "rows": 1529,
  "target_hit_bps": 50.0,
  "label_mode": "hit",
  "entry_policy": "vwap_low",
  "entry_vwap_premium_bps": 50.0,
  "groups": {
    "reversal_fundamental_regime": 137,
    "reversal_fundamental_regime_sector": 160,
    "reversal_fundamental_regime_sector_external": 371,
    "all_no_ak": 426
  },
  "models": [
    "xgb_d2_200_lr003_mcw5",
    "xgb_d3_400_lr003_mcw3",
    "xgb_d3_600_lr002_mcw3",
    "xgb_d4_500_lr002_mcw5",
    "extra_trees_600_d3",
    "random_forest_600_d4",
    "lgbm_leaves7_400",
    "lgbm_leaves15_700"
  ],
  "top": [
    {
      "entry_policy": "vwap_low",
      "feature_group": "reversal_fundamental_regime_sector",
      "model_name": "lgbm_leaves7_400",
      "target_hit_bps": 50.0,
      "trades": 174,
      "win_rate": 0.8275862068965517,
      "avg_return": -0.0007424205168011552,
      "median_return": 0.005,
      "compound_return": -0.13789647158979523,
      "max_drawdown": -0.28073348868651005,
      "profit_factor": 0.8473137173666541,
      "windows": 10
    },
    {
      "entry_policy": "vwap_low",
      "feature_group": "reversal_fundamental_regime_sector_external",
      "model_name": "lgbm_leaves15_700",
      "target_hit_bps": 50.0,
      "trades": 191,
      "win_rate": 0.8324607329842932,
      "avg_return": -0.0007340545471016045,
      "median_return": 0.005,
      "compound_return": -0.1477539748159271,
      "max_drawdown": -0.21228585300034553,
      "profit_factor": 0.8490107059252795,
      "windows": 10
    },
    {
      "entry_policy": "vwap_low",
      "feature_group": "reversal_fundamental_regime_sector",
      "model_name": "random_forest_600_d4",
      "target_hit_bps": 50.0,
      "trades": 219,
      "win_rate": 0.8493150684931506,
      "avg_return": -0.0007739205717911528,
      "median_return": 0.005,
      "compound_return": -0.17945477823955103,
      "max_drawdown": -0.2948542996378767,
      "profit_factor": 0.845354447437288,
      "windows": 10
    },
    {
      "entry_policy": "vwap_low",
      "feature_group": "all_no_ak",
      "model_name": "xgb_d4_500_lr002_mcw5",
      "target_hit_bps": 50.0,
      "trades": 161,
      "win_rate": 0.8136645962732919,
      "avg_return": -0.001277836712906924,
      "median_return": 0.005,
      "compound_return": -0.20072775488949735,
      "max_drawdown": -0.28417963805922253,
      "profit_factor": 0.7600024524534219,
      "windows": 10
    },
    {
      "entry_policy": "vwap_low",
      "feature_group": "reversal_fundamental_regime",
      "model_name": "xgb_d4_500_lr002_mcw5",
      "target_hit_bps": 50.0,
      "trades": 233,
      "win_rate": 0.8111587982832618,
      "avg_return": -0.0008625813417701864,
      "median_return": 0.005,
      "compound_return": -0.20329588915377728,
      "max_drawdown": -0.2684623504711581,
      "profit_factor": 0.823599739009852,
      "windows": 10
    },
    {
      "entry_policy": "vwap_low",
      "feature_group": "all_no_ak",
      "model_name": "xgb_d3_600_lr002_mcw3",
      "target_hit_bps": 50.0,
      "trades": 168,
      "win_rate": 0.8214285714285714,
      "avg_return": -0.0012772704378355806,
      "median_return": 0.005,
      "compound_return": -0.2090602290994854,
      "max_drawdown": -0.29867292394985623,
      "profit_factor": 0.7627837300255578,
      "windows": 10
    },
    {
      "entry_policy": "vwap_low",
      "feature_group": "reversal_fundamental_regime_sector_external",
      "model_name": "lgbm_leaves7_400",
      "target_hit_bps": 50.0,
      "trades": 163,
      "win_rate": 0.7975460122699386,
      "avg_return": -0.001342966060203742,
      "median_return": 0.005,
      "compound_return": -0.21105968586291723,
      "max_drawdown": -0.26835081801633065,
      "profit_factor": 0.7480692897173843,
      "windows": 10
    },
    {
      "entry_policy": "vwap_low",
      "feature_group": "reversal_fundamental_regime_sector_external",
      "model_name": "xgb_d2_200_lr003_mcw5",
      "target_hit_bps": 50.0,
      "trades": 156,
      "win_rate": 0.8141025641025641,
      "avg_return": -0.0014511101075936695,
      "median_return": 0.005,
      "compound_return": -0.2178983650187728,
      "max_drawdown": -0.30304225633770154,
      "profit_factor": 0.7371950010915915,
      "windows": 10
    },
    {
      "entry_policy": "vwap_low",
      "feature_group": "all_no_ak",
      "model_name": "xgb_d3_400_lr003_mcw3",
      "target_hit_bps": 50.0,
      "trades": 161,
      "win_rate": 0.8198757763975155,
      "avg_return": -0.0015059814943353715,
      "median_return": 0.005,
      "compound_return": -0.23079706831758962,
      "max_drawdown": -0.2901826393537129,
      "profit_factor": 0.731331904957148,
      "windows": 10
    },
    {
      "entry_policy": "vwap_low",
      "feature_group": "reversal_fundamental_regime",
      "model_name": "random_forest_600_d4",
      "target_hit_bps": 50.0,
      "trades": 248,
      "win_rate": 0.8346774193548387,
      "avg_return": -0.0010539664307021705,
      "median_return": 0.005,
      "compound_return": -0.25431329385835477,
      "max_drawdown": -0.36466160895857624,
      "profit_factor": 0.7978277596839423,
      "windows": 10
    },
    {
      "entry_policy": "vwap_low",
      "feature_group": "reversal_fundamental_regime",
      "model_name": "lgbm_leaves15_700",
      "target_hit_bps": 50.0,
      "trades": 144,
      "win_rate": 0.7847222222222222,
      "avg_return": -0.0019518540939436097,
      "median_return": 0.005,
      "compound_return": -0.2607366598901536,
      "max_drawdown": -0.2914601154424453,
      "profit_factor": 0.666412888876045,
      "windows": 10
    },
    {
      "entry_policy": "vwap_low",
      "feature_group": "reversal_fundamental_regime",
      "model_name": "xgb_d3_600_lr002_mcw3",
      "target_hit_bps": 50.0,
      "trades": 208,
      "win_rate": 0.7932692307692307,
      "avg_return": -0.0013478693300882812,
      "median_return": 0.005,
      "compound_return": -0.26331500308650424,
      "max_drawdown": -0.3167910085988591,
      "profit_factor": 0.7448342451834692,
      "windows": 10
    },
    {
      "entry_policy": "vwap_low",
      "feature_group": "reversal_fundamental_regime_sector_external",
      "model_name": "xgb_d4_500_lr002_mcw5",
      "target_hit_bps": 50.0,
      "trades": 169,
      "win_rate": 0.8047337278106509,
      "avg_return": -0.0017841497422995964,
      "median_return": 0.005,
      "compound_return": -0.2756055808926551,
      "max_drawdown": -0.32145451153024873,
      "profit_factor": 0.6928020772777671,
      "windows": 10
    },
    {
      "entry_policy": "vwap_low",
      "feature_group": "all_no_ak",
      "model_name": "lgbm_leaves7_400",
      "target_hit_bps": 50.0,
      "trades": 179,
      "win_rate": 0.7877094972067039,
      "avg_return": -0.0016944485536151623,
      "median_return": 0.005,
      "compound_return": -0.2773648311823712,
      "max_drawdown": -0.33977394912531644,
      "profit_factor": 0.6991923051803103,
      "windows": 10
    },
    {
      "entry_policy": "vwap_low",
      "feature_group": "reversal_fundamental_regime_sector",
      "model_name": "xgb_d3_400_lr003_mcw3",
      "target_hit_bps": 50.0,
      "trades": 164,
      "win_rate": 0.7926829268292683,
      "avg_return": -0.0018536247449417555,
      "median_return": 0.005,
      "compound_return": -0.2773691399107563,
      "max_drawdown": -0.3176966933631532,
      "profit_factor": 0.6813456770457109,
      "windows": 10
    },
    {
      "entry_policy": "vwap_low",
      "feature_group": "reversal_fundamental_regime_sector_external",
      "model_name": "xgb_d3_600_lr002_mcw3",
      "target_hit_bps": 50.0,
      "trades": 171,
      "win_rate": 0.8187134502923976,
      "avg_return": -0.0018091848896331626,
      "median_return": 0.005,
      "compound_return": -0.2830893243953847,
      "max_drawdown": -0.34826274281587755,
      "profit_factor": 0.6935014639971822,
      "windows": 10
    },
    {
      "entry_policy": "vwap_low",
      "feature_group": "reversal_fundamental_regime_sector",
      "model_name": "xgb_d4_500_lr002_mcw5",
      "target_hit_bps": 50.0,
      "trades": 210,
      "win_rate": 0.819047619047619,
      "avg_return": -0.0014869534103268717,
      "median_return": 0.005,
      "compound_return": -0.28738165368160073,
      "max_drawdown": -0.37126428704781234,
      "profit_factor": 0.7329135119863276,
      "windows": 10
    },
    {
      "entry_policy": "vwap_low",
      "feature_group": "reversal_fundamental_regime",
      "model_name": "lgbm_leaves7_400",
      "target_hit_bps": 50.0,
      "trades": 209,
      "win_rate": 0.8229665071770335,
      "avg_return": -0.001518746279256722,
      "median_return": 0.005,
      "compound_return": -0.29615622984126677,
      "max_drawdown": -0.3235137643136198,
      "profit_factor": 0.7288845994316742,
      "windows": 10
    },
    {
      "entry_policy": "vwap_low",
      "feature_group": "all_no_ak",
      "model_name": "random_forest_600_d4",
      "target_hit_bps": 50.0,
      "trades": 200,
      "win_rate": 0.83,
      "avg_return": -0.0016154851226677825,
      "median_return": 0.005,
      "compound_return": -0.2986549662891308,
      "max_drawdown": -0.34921010678845865,
      "profit_factor": 0.7198006606042076,
      "windows": 10
    },
    {
      "entry_policy": "vwap_low",
      "feature_group": "reversal_fundamental_regime_sector",
      "model_name": "lgbm_leaves15_700",
      "target_hit_bps": 50.0,
      "trades": 172,
      "win_rate": 0.7848837209302325,
      "avg_return": -0.00195603072461299,
      "median_return": 0.005,
      "compound_return": -0.3017381524357884,
      "max_drawdown": -0.3464660684541818,
      "profit_factor": 0.6673671321545497,
      "windows": 10
    }
  ]
}

[2026-05-17T23:28:28] RUN search_vwap_low_hit_80bps
  /usr/bin/python3 model_training/search_walk_forward_model_complexity.py --samples /root/stock_realtime_v021_full/saved_data/000657_pipeline_out_v2_new27_full/04_external/zijin_external/training_samples_with_zijin_external.csv --intraday-bars /root/stock_realtime_v021_full/saved_data/000657_pipeline_out_v2_new27_full/00_base/000657_5m.csv --out-dir /root/stock_realtime_v021_full/saved_data/000657_pipeline_out_v2_new27_full/10_search/search_vwap_low_hit_80bps --round-trip-cost-bps 1.7 --target-hit-bps 80.0 --label-mode hit --entry-policy vwap_low --entry-vwap-premium-bps 50.0 --max-missing 0.35 --groups reversal_fundamental_regime,reversal_fundamental_regime_sector,reversal_fundamental_regime_sector_external,all_no_ak --models xgb_d2_200_lr003_mcw5,xgb_d3_400_lr003_mcw3,xgb_d3_600_lr002_mcw3,xgb_d4_500_lr002_mcw5,lgbm_leaves7_400,lgbm_leaves15_700,extra_trees_600_d3,random_forest_600_d4 --quantiles 0.5,0.6,0.7,0.8 --train-rows 756 --valid-rows 126 --test-rows 63 --min-valid-trades 8 --min-train-entries 80
{
  "rows": 1529,
  "target_hit_bps": 80.0,
  "label_mode": "hit",
  "entry_policy": "vwap_low",
  "entry_vwap_premium_bps": 50.0,
  "groups": {
    "reversal_fundamental_regime": 137,
    "reversal_fundamental_regime_sector": 160,
    "reversal_fundamental_regime_sector_external": 371,
    "all_no_ak": 426
  },
  "models": [
    "xgb_d2_200_lr003_mcw5",
    "xgb_d3_400_lr003_mcw3",
    "xgb_d3_600_lr002_mcw3",
    "xgb_d4_500_lr002_mcw5",
    "extra_trees_600_d3",
    "random_forest_600_d4",
    "lgbm_leaves7_400",
    "lgbm_leaves15_700"
  ],
  "top": [
    {
      "entry_policy": "vwap_low",
      "feature_group": "all_no_ak",
      "model_name": "xgb_d3_400_lr003_mcw3",
      "target_hit_bps": 80.0,
      "trades": 156,
      "win_rate": 0.7948717948717948,
      "avg_return": 0.00035461699535598414,
      "median_return": 0.008,
      "compound_return": 0.030671688350777382,
      "max_drawdown": -0.2766821733171997,
      "profit_factor": 1.0591947890060867,
      "windows": 10
    },
    {
      "entry_policy": "vwap_low",
      "feature_group": "reversal_fundamental_regime_sector_external",
      "model_name": "lgbm_leaves15_700",
      "target_hit_bps": 80.0,
      "trades": 163,
      "win_rate": 0.7852760736196319,
      "avg_return": 0.00022549664744405973,
      "median_return": 0.008,
      "compound_return": 0.011277487024372368,
      "max_drawdown": -0.18808815609484641,
      "profit_factor": 1.0381379466993153,
      "windows": 10
    },
    {
      "entry_policy": "vwap_low",
      "feature_group": "all_no_ak",
      "model_name": "xgb_d3_600_lr002_mcw3",
      "target_hit_bps": 80.0,
      "trades": 179,
      "win_rate": 0.7932960893854749,
      "avg_return": 0.0002200859276645513,
      "median_return": 0.008,
      "compound_return": 0.00914645308678419,
      "max_drawdown": -0.26021729970938323,
      "profit_factor": 1.0362260213380887,
      "windows": 10
    },
    {
      "entry_policy": "vwap_low",
      "feature_group": "all_no_ak",
      "model_name": "lgbm_leaves15_700",
      "target_hit_bps": 80.0,
      "trades": 189,
      "win_rate": 0.7671957671957672,
      "avg_return": 1.477760029684507e-05,
      "median_return": 0.008,
      "compound_return": -0.023972192486200194,
      "max_drawdown": -0.23972155499697678,
      "profit_factor": 1.0024763980969271,
      "windows": 10
    },
    {
      "entry_policy": "vwap_low",
      "feature_group": "reversal_fundamental_regime_sector_external",
      "model_name": "lgbm_leaves7_400",
      "target_hit_bps": 80.0,
      "trades": 169,
      "win_rate": 0.7810650887573964,
      "avg_return": -1.462143540563643e-05,
      "median_return": 0.008,
      "compound_return": -0.029213711493563332,
      "max_drawdown": -0.22907693806167218,
      "profit_factor": 0.9976187125663304,
      "windows": 10
    },
    {
      "entry_policy": "vwap_low",
      "feature_group": "reversal_fundamental_regime_sector_external",
      "model_name": "xgb_d4_500_lr002_mcw5",
      "target_hit_bps": 80.0,
      "trades": 174,
      "win_rate": 0.7873563218390804,
      "avg_return": -0.0003090142340373077,
      "median_return": 0.008,
      "compound_return": -0.0800377158340827,
      "max_drawdown": -0.2617606351928682,
      "profit_factor": 0.9526695014368769,
      "windows": 10
    },
    {
      "entry_policy": "vwap_low",
      "feature_group": "all_no_ak",
      "model_name": "xgb_d4_500_lr002_mcw5",
      "target_hit_bps": 80.0,
      "trades": 160,
      "win_rate": 0.78125,
      "avg_return": -0.00040227868380566715,
      "median_return": 0.008,
      "compound_return": -0.08802592572047929,
      "max_drawdown": -0.19942696023345952,
      "profit_factor": 0.9389331810695052,
      "windows": 10
    },
    {
      "entry_policy": "vwap_low",
      "feature_group": "all_no_ak",
      "model_name": "lgbm_leaves7_400",
      "target_hit_bps": 80.0,
      "trades": 192,
      "win_rate": 0.7708333333333334,
      "avg_return": -0.0003252101805667123,
      "median_return": 0.008,
      "compound_return": -0.08954087471950911,
      "max_drawdown": -0.33384442189170016,
      "profit_factor": 0.949025145811281,
      "windows": 10
    },
    {
      "entry_policy": "vwap_low",
      "feature_group": "reversal_fundamental_regime",
      "model_name": "xgb_d4_500_lr002_mcw5",
      "target_hit_bps": 80.0,
      "trades": 219,
      "win_rate": 0.7488584474885844,
      "avg_return": -0.0004400003004527361,
      "median_return": 0.008,
      "compound_return": -0.1209745512313618,
      "max_drawdown": -0.27644999815426596,
      "profit_factor": 0.9302739163204568,
      "windows": 10
    },
    {
      "entry_policy": "vwap_low",
      "feature_group": "reversal_fundamental_regime_sector_external",
      "model_name": "xgb_d3_600_lr002_mcw3",
      "target_hit_bps": 80.0,
      "trades": 171,
      "win_rate": 0.7602339181286549,
      "avg_return": -0.0011110308296107803,
      "median_return": 0.008,
      "compound_return": -0.1995543128707633,
      "max_drawdown": -0.35114894341982206,
      "profit_factor": 0.8443845368899833,
      "windows": 10
    },
    {
      "entry_policy": "vwap_low",
      "feature_group": "reversal_fundamental_regime_sector",
      "model_name": "xgb_d2_200_lr003_mcw5",
      "target_hit_bps": 80.0,
      "trades": 239,
      "win_rate": 0.7405857740585774,
      "avg_return": -0.0007826382180331682,
      "median_return": 0.008,
      "compound_return": -0.20208831363668045,
      "max_drawdown": -0.3322573108234337,
      "profit_factor": 0.8815698177706832,
      "windows": 10
    },
    {
      "entry_policy": "vwap_low",
      "feature_group": "reversal_fundamental_regime_sector",
      "model_name": "xgb_d3_600_lr002_mcw3",
      "target_hit_bps": 80.0,
      "trades": 224,
      "win_rate": 0.7455357142857143,
      "avg_return": -0.000915402882908296,
      "median_return": 0.008,
      "compound_return": -0.21827700370677838,
      "max_drawdown": -0.3392755922705678,
      "profit_factor": 0.8656339591214646,
      "windows": 10
    },
    {
      "entry_policy": "vwap_low",
      "feature_group": "reversal_fundamental_regime_sector",
      "model_name": "xgb_d4_500_lr002_mcw5",
      "target_hit_bps": 80.0,
      "trades": 236,
      "win_rate": 0.7457627118644068,
      "avg_return": -0.000890940907196316,
      "median_return": 0.008,
      "compound_return": -0.22168510947012954,
      "max_drawdown": -0.3208497109905968,
      "profit_factor": 0.868854153037746,
      "windows": 10
    },
    {
      "entry_policy": "vwap_low",
      "feature_group": "reversal_fundamental_regime_sector_external",
      "model_name": "xgb_d3_400_lr003_mcw3",
      "target_hit_bps": 80.0,
      "trades": 199,
      "win_rate": 0.7537688442211056,
      "avg_return": -0.001339589160521956,
      "median_return": 0.008,
      "compound_return": -0.262585744812317,
      "max_drawdown": -0.4116935473415637,
      "profit_factor": 0.8164917177747206,
      "windows": 10
    },
    {
      "entry_policy": "vwap_low",
      "feature_group": "reversal_fundamental_regime_sector_external",
      "model_name": "xgb_d2_200_lr003_mcw5",
      "target_hit_bps": 80.0,
      "trades": 219,
      "win_rate": 0.7625570776255708,
      "avg_return": -0.0012672983878974312,
      "median_return": 0.008,
      "compound_return": -0.2740292080119022,
      "max_drawdown": -0.44114307757282856,
      "profit_factor": 0.8269568298204854,
      "windows": 10
    },
    {
      "entry_policy": "vwap_low",
      "feature_group": "reversal_fundamental_regime_sector",
      "model_name": "lgbm_leaves15_700",
      "target_hit_bps": 80.0,
      "trades": 184,
      "win_rate": 0.7445652173913043,
      "avg_return": -0.001557993334283879,
      "median_return": 0.008,
      "compound_return": -0.2771306374067777,
      "max_drawdown": -0.3459641624538039,
      "profit_factor": 0.7890043994132679,
      "windows": 10
    },
    {
      "entry_policy": "vwap_low",
      "feature_group": "reversal_fundamental_regime_sector_external",
      "model_name": "random_forest_600_d4",
      "target_hit_bps": 80.0,
      "trades": 198,
      "win_rate": 0.7727272727272727,
      "avg_return": -0.0015281919836644836,
      "median_return": 0.008,
      "compound_return": -0.2910552300224396,
      "max_drawdown": -0.45649715040508754,
      "profit_factor": 0.8008887443589876,
      "windows": 10
    },
    {
      "entry_policy": "vwap_low",
      "feature_group": "reversal_fundamental_regime_sector_external",
      "model_name": "extra_trees_600_d3",
      "target_hit_bps": 80.0,
      "trades": 273,
      "win_rate": 0.7545787545787546,
      "avg_return": -0.0011226429316456043,
      "median_return": 0.008,
      "compound_return": -0.3010669847847548,
      "max_drawdown": -0.463122144935565,
      "profit_factor": 0.8414461681860632,
      "windows": 10
    },
    {
      "entry_policy": "vwap_low",
      "feature_group": "all_no_ak",
      "model_name": "random_forest_600_d4",
      "target_hit_bps": 80.0,
      "trades": 273,
      "win_rate": 0.7692307692307693,
      "avg_return": -0.0013039736564112027,
      "median_return": 0.008,
      "compound_return": -0.3363247380023706,
      "max_drawdown": -0.48713202118455434,
      "profit_factor": 0.8244628322837697,
      "windows": 10
    },
    {
      "entry_policy": "vwap_low",
      "feature_group": "all_no_ak",
      "model_name": "xgb_d2_200_lr003_mcw5",
      "target_hit_bps": 80.0,
      "trades": 231,
      "win_rate": 0.7532467532467533,
      "avg_return": -0.0016082140497895943,
      "median_return": 0.008,
      "compound_return": -0.34109177824372394,
      "max_drawdown": -0.5107033744321079,
      "profit_factor": 0.788679858189756,
      "windows": 10
    }
  ]
}

[2026-05-17T23:46:51] RUN search_vwap_low_close_profit_50bps
  /usr/bin/python3 model_training/search_walk_forward_model_complexity.py --samples /root/stock_realtime_v021_full/saved_data/000657_pipeline_out_v2_new27_full/04_external/zijin_external/training_samples_with_zijin_external.csv --intraday-bars /root/stock_realtime_v021_full/saved_data/000657_pipeline_out_v2_new27_full/00_base/000657_5m.csv --out-dir /root/stock_realtime_v021_full/saved_data/000657_pipeline_out_v2_new27_full/10_search/search_vwap_low_close_profit_50bps --round-trip-cost-bps 1.7 --target-hit-bps 50.0 --label-mode close_profit --entry-policy vwap_low --entry-vwap-premium-bps 50.0 --max-missing 0.35 --groups reversal_fundamental_regime,reversal_fundamental_regime_sector,reversal_fundamental_regime_sector_external,all_no_ak --models xgb_d2_200_lr003_mcw5,xgb_d3_400_lr003_mcw3,xgb_d3_600_lr002_mcw3,xgb_d4_500_lr002_mcw5,lgbm_leaves7_400,lgbm_leaves15_700,extra_trees_600_d3,random_forest_600_d4 --quantiles 0.5,0.6,0.7,0.8 --train-rows 756 --valid-rows 126 --test-rows 63 --min-valid-trades 8 --min-train-entries 80
{
  "rows": 1529,
  "target_hit_bps": 50.0,
  "label_mode": "close_profit",
  "entry_policy": "vwap_low",
  "entry_vwap_premium_bps": 50.0,
  "groups": {
    "reversal_fundamental_regime": 137,
    "reversal_fundamental_regime_sector": 160,
    "reversal_fundamental_regime_sector_external": 371,
    "all_no_ak": 426
  },
  "models": [
    "xgb_d2_200_lr003_mcw5",
    "xgb_d3_400_lr003_mcw3",
    "xgb_d3_600_lr002_mcw3",
    "xgb_d4_500_lr002_mcw5",
    "extra_trees_600_d3",
    "random_forest_600_d4",
    "lgbm_leaves7_400",
    "lgbm_leaves15_700"
  ],
  "top": [
    {
      "entry_policy": "vwap_low",
      "feature_group": "all_no_ak",
      "model_name": "extra_trees_600_d3",
      "target_hit_bps": 50.0,
      "trades": 131,
      "win_rate": 0.5343511450381679,
      "avg_return": 0.005114168791996693,
      "median_return": 0.0011722818791946067,
      "compound_return": 0.8067348121806472,
      "max_drawdown": -0.18431803641191802,
      "profit_factor": 1.5030333962188844,
      "windows": 10
    },
    {
      "entry_policy": "vwap_low",
      "feature_group": "reversal_fundamental_regime_sector",
      "model_name": "xgb_d3_400_lr003_mcw3",
      "target_hit_bps": 50.0,
      "trades": 190,
      "win_rate": 0.4789473684210526,
      "avg_return": 0.003618092051447235,
      "median_return": -0.0007182456140349923,
      "compound_return": 0.7935279453128745,
      "max_drawdown": -0.3267504532231361,
      "profit_factor": 1.3473040476899842,
      "windows": 10
    },
    {
      "entry_policy": "vwap_low",
      "feature_group": "reversal_fundamental_regime_sector_external",
      "model_name": "xgb_d2_200_lr003_mcw5",
      "target_hit_bps": 50.0,
      "trades": 130,
      "win_rate": 0.49230769230769234,
      "avg_return": 0.004989337177294179,
      "median_return": -0.00016999999999999999,
      "compound_return": 0.7665663381258834,
      "max_drawdown": -0.22513803332214777,
      "profit_factor": 1.4745059332413988,
      "windows": 10
    },
    {
      "entry_policy": "vwap_low",
      "feature_group": "reversal_fundamental_regime",
      "model_name": "lgbm_leaves7_400",
      "target_hit_bps": 50.0,
      "trades": 148,
      "win_rate": 0.5202702702702703,
      "avg_return": 0.004377722563225444,
      "median_return": 0.001171382226460519,
      "compound_return": 0.7588082563128913,
      "max_drawdown": -0.25179959822890763,
      "profit_factor": 1.4306939125063811,
      "windows": 10
    },
    {
      "entry_policy": "vwap_low",
      "feature_group": "reversal_fundamental_regime_sector_external",
      "model_name": "extra_trees_600_d3",
      "target_hit_bps": 50.0,
      "trades": 135,
      "win_rate": 0.5185185185185185,
      "avg_return": 0.004839461747929311,
      "median_return": 0.0010660939431397266,
      "compound_return": 0.7557849716458682,
      "max_drawdown": -0.17677536951405493,
      "profit_factor": 1.4282396719332797,
      "windows": 10
    },
    {
      "entry_policy": "vwap_low",
      "feature_group": "reversal_fundamental_regime_sector_external",
      "model_name": "lgbm_leaves7_400",
      "target_hit_bps": 50.0,
      "trades": 144,
      "win_rate": 0.4930555555555556,
      "avg_return": 0.004423436929899904,
      "median_return": -0.00016999999999999999,
      "compound_return": 0.7350480807720663,
      "max_drawdown": -0.3320670396469311,
      "profit_factor": 1.4357516642715988,
      "windows": 10
    },
    {
      "entry_policy": "vwap_low",
      "feature_group": "reversal_fundamental_regime_sector_external",
      "model_name": "xgb_d4_500_lr002_mcw5",
      "target_hit_bps": 50.0,
      "trades": 142,
      "win_rate": 0.4859154929577465,
      "avg_return": 0.004290749369733888,
      "median_return": -0.00016999999999999999,
      "compound_return": 0.6873450722195749,
      "max_drawdown": -0.2252125800693625,
      "profit_factor": 1.3981541667248465,
      "windows": 10
    },
    {
      "entry_policy": "vwap_low",
      "feature_group": "reversal_fundamental_regime_sector_external",
      "model_name": "random_forest_600_d4",
      "target_hit_bps": 50.0,
      "trades": 141,
      "win_rate": 0.475177304964539,
      "avg_return": 0.004030607818343613,
      "median_return": -0.00016999999999999999,
      "compound_return": 0.6240308407167892,
      "max_drawdown": -0.24328847875066817,
      "profit_factor": 1.384950380724992,
      "windows": 10
    },
    {
      "entry_policy": "vwap_low",
      "feature_group": "all_no_ak",
      "model_name": "random_forest_600_d4",
      "target_hit_bps": 50.0,
      "trades": 116,
      "win_rate": 0.5,
      "avg_return": 0.004777523903681683,
      "median_return": 0.00042031877213699956,
      "compound_return": 0.6187967017161455,
      "max_drawdown": -0.21649342493613888,
      "profit_factor": 1.4511334830456952,
      "windows": 10
    },
    {
      "entry_policy": "vwap_low",
      "feature_group": "reversal_fundamental_regime_sector_external",
      "model_name": "lgbm_leaves15_700",
      "target_hit_bps": 50.0,
      "trades": 189,
      "win_rate": 0.4973544973544973,
      "avg_return": 0.003002872801829283,
      "median_return": -0.00016999999999999999,
      "compound_return": 0.5994549323830327,
      "max_drawdown": -0.37392467687531195,
      "profit_factor": 1.2814052402433973,
      "windows": 10
    },
    {
      "entry_policy": "vwap_low",
      "feature_group": "all_no_ak",
      "model_name": "xgb_d3_600_lr002_mcw3",
      "target_hit_bps": 50.0,
      "trades": 130,
      "win_rate": 0.49230769230769234,
      "avg_return": 0.004272377429650791,
      "median_return": -0.00016999999999999999,
      "compound_return": 0.597952087562051,
      "max_drawdown": -0.2396786940193546,
      "profit_factor": 1.3863944430496447,
      "windows": 10
    },
    {
      "entry_policy": "vwap_low",
      "feature_group": "all_no_ak",
      "model_name": "lgbm_leaves7_400",
      "target_hit_bps": 50.0,
      "trades": 128,
      "win_rate": 0.5078125,
      "avg_return": 0.004161905250704036,
      "median_return": 0.001404069916120524,
      "compound_return": 0.5840339276148581,
      "max_drawdown": -0.26356440068371856,
      "profit_factor": 1.4072440654729703,
      "windows": 10
    },
    {
      "entry_policy": "vwap_low",
      "feature_group": "all_no_ak",
      "model_name": "xgb_d3_400_lr003_mcw3",
      "target_hit_bps": 50.0,
      "trades": 149,
      "win_rate": 0.48322147651006714,
      "avg_return": 0.003642299705004741,
      "median_return": -0.00016999999999999999,
      "compound_return": 0.5732283163711889,
      "max_drawdown": -0.2519835506427207,
      "profit_factor": 1.3547529640145752,
      "windows": 10
    },
    {
      "entry_policy": "vwap_low",
      "feature_group": "reversal_fundamental_regime",
      "model_name": "random_forest_600_d4",
      "target_hit_bps": 50.0,
      "trades": 217,
      "win_rate": 0.48847926267281105,
      "avg_return": 0.0026322329707483406,
      "median_return": -0.00016999999999999999,
      "compound_return": 0.5523500472395755,
      "max_drawdown": -0.32206034718741494,
      "profit_factor": 1.2349380167100146,
      "windows": 10
    },
    {
      "entry_policy": "vwap_low",
      "feature_group": "all_no_ak",
      "model_name": "xgb_d2_200_lr003_mcw5",
      "target_hit_bps": 50.0,
      "trades": 102,
      "win_rate": 0.5196078431372549,
      "avg_return": 0.004883128878009647,
      "median_return": 0.0011191879111671667,
      "compound_return": 0.5223154009756745,
      "max_drawdown": -0.2993402066703281,
      "profit_factor": 1.4115577100227796,
      "windows": 10
    },
    {
      "entry_policy": "vwap_low",
      "feature_group": "reversal_fundamental_regime_sector_external",
      "model_name": "xgb_d3_600_lr002_mcw3",
      "target_hit_bps": 50.0,
      "trades": 150,
      "win_rate": 0.48,
      "avg_return": 0.0032502196812716835,
      "median_return": -0.00016999999999999999,
      "compound_return": 0.48189631376034514,
      "max_drawdown": -0.36131282145703225,
      "profit_factor": 1.2903923535619752,
      "windows": 10
    },
    {
      "entry_policy": "vwap_low",
      "feature_group": "reversal_fundamental_regime_sector_external",
      "model_name": "xgb_d3_400_lr003_mcw3",
      "target_hit_bps": 50.0,
      "trades": 122,
      "win_rate": 0.48360655737704916,
      "avg_return": 0.0035963972569199283,
      "median_return": -0.00016999999999999999,
      "compound_return": 0.4428861158152384,
      "max_drawdown": -0.22835088400122505,
      "profit_factor": 1.338817119285268,
      "windows": 10
    },
    {
      "entry_policy": "vwap_low",
      "feature_group": "reversal_fundamental_regime_sector",
      "model_name": "random_forest_600_d4",
      "target_hit_bps": 50.0,
      "trades": 161,
      "win_rate": 0.4968944099378882,
      "avg_return": 0.0026629883622155607,
      "median_return": -0.00016999999999999999,
      "compound_return": 0.4067174901549464,
      "max_drawdown": -0.27070937134634987,
      "profit_factor": 1.2468905916016293,
      "windows": 10
    },
    {
      "entry_policy": "vwap_low",
      "feature_group": "all_no_ak",
      "model_name": "lgbm_leaves15_700",
      "target_hit_bps": 50.0,
      "trades": 156,
      "win_rate": 0.4807692307692308,
      "avg_return": 0.002678924461957025,
      "median_return": -0.00016999999999999999,
      "compound_return": 0.37751291864405423,
      "max_drawdown": -0.2560901650078824,
      "profit_factor": 1.2346410121343059,
      "windows": 10
    },
    {
      "entry_policy": "vwap_low",
      "feature_group": "reversal_fundamental_regime_sector",
      "model_name": "lgbm_leaves7_400",
      "target_hit_bps": 50.0,
      "trades": 213,
      "win_rate": 0.460093896713615,
      "avg_return": 0.0020777374070170282,
      "median_return": -0.0018941379310345417,
      "compound_return": 0.37614074992748225,
      "max_drawdown": -0.3754284087750016,
      "profit_factor": 1.1802422829160566,
      "windows": 10
    }
  ]
}

[2026-05-18T00:05:35] RUN search_all_days_hit_50bps
  /usr/bin/python3 model_training/search_walk_forward_model_complexity.py --samples /root/stock_realtime_v021_full/saved_data/000657_pipeline_out_v2_new27_full/04_external/zijin_external/training_samples_with_zijin_external.csv --intraday-bars /root/stock_realtime_v021_full/saved_data/000657_pipeline_out_v2_new27_full/00_base/000657_5m.csv --out-dir /root/stock_realtime_v021_full/saved_data/000657_pipeline_out_v2_new27_full/10_search/search_all_days_hit_50bps --round-trip-cost-bps 1.7 --target-hit-bps 50.0 --label-mode hit --entry-policy all_days --entry-vwap-premium-bps 50.0 --max-missing 0.35 --groups reversal_fundamental_regime,reversal_fundamental_regime_sector,reversal_fundamental_regime_sector_external,all_no_ak --models xgb_d2_200_lr003_mcw5,xgb_d3_400_lr003_mcw3,xgb_d3_600_lr002_mcw3,xgb_d4_500_lr002_mcw5,lgbm_leaves7_400,lgbm_leaves15_700,extra_trees_600_d3,random_forest_600_d4 --quantiles 0.5,0.6,0.7,0.8 --train-rows 756 --valid-rows 126 --test-rows 63 --min-valid-trades 8 --min-train-entries 80
{
  "rows": 1529,
  "target_hit_bps": 50.0,
  "label_mode": "hit",
  "entry_policy": "all_days",
  "entry_vwap_premium_bps": 50.0,
  "groups": {
    "reversal_fundamental_regime": 137,
    "reversal_fundamental_regime_sector": 160,
    "reversal_fundamental_regime_sector_external": 371,
    "all_no_ak": 426
  },
  "models": [
    "xgb_d2_200_lr003_mcw5",
    "xgb_d3_400_lr003_mcw3",
    "xgb_d3_600_lr002_mcw3",
    "xgb_d4_500_lr002_mcw5",
    "extra_trees_600_d3",
    "random_forest_600_d4",
    "lgbm_leaves7_400",
    "lgbm_leaves15_700"
  ],
  "top": [
    {
      "entry_policy": "all_days",
      "feature_group": "reversal_fundamental_regime",
      "model_name": "lgbm_leaves7_400",
      "target_hit_bps": 50.0,
      "trades": 229,
      "win_rate": 0.8471615720524017,
      "avg_return": -6.012713451564829e-05,
      "median_return": 0.005,
      "compound_return": -0.03911465813512971,
      "max_drawdown": -0.2046839274139054,
      "profit_factor": 0.9859087116302566,
      "windows": 10
    },
    {
      "entry_policy": "all_days",
      "feature_group": "all_no_ak",
      "model_name": "lgbm_leaves15_700",
      "target_hit_bps": 50.0,
      "trades": 213,
      "win_rate": 0.812206572769953,
      "avg_return": -0.00046147933595531055,
      "median_return": 0.005,
      "compound_return": -0.10990996176911505,
      "max_drawdown": -0.2791924256644911,
      "profit_factor": 0.8975866143280384,
      "windows": 10
    },
    {
      "entry_policy": "all_days",
      "feature_group": "reversal_fundamental_regime",
      "model_name": "xgb_d4_500_lr002_mcw5",
      "target_hit_bps": 50.0,
      "trades": 221,
      "win_rate": 0.8144796380090498,
      "avg_return": -0.0005095908838683512,
      "median_return": 0.005,
      "compound_return": -0.12484046593208065,
      "max_drawdown": -0.20442272379482662,
      "profit_factor": 0.8880506649060423,
      "windows": 10
    },
    {
      "entry_policy": "all_days",
      "feature_group": "reversal_fundamental_regime_sector_external",
      "model_name": "lgbm_leaves15_700",
      "target_hit_bps": 50.0,
      "trades": 191,
      "win_rate": 0.837696335078534,
      "avg_return": -0.0006099500130610495,
      "median_return": 0.005,
      "compound_return": -0.12768435264115086,
      "max_drawdown": -0.2187278463768636,
      "profit_factor": 0.8723972065168151,
      "windows": 10
    },
    {
      "entry_policy": "all_days",
      "feature_group": "reversal_fundamental_regime",
      "model_name": "lgbm_leaves15_700",
      "target_hit_bps": 50.0,
      "trades": 200,
      "win_rate": 0.82,
      "avg_return": -0.0006222801711995131,
      "median_return": 0.005,
      "compound_return": -0.13469246390473744,
      "max_drawdown": -0.2224972196878895,
      "profit_factor": 0.8672926945485774,
      "windows": 10
    },
    {
      "entry_policy": "all_days",
      "feature_group": "all_no_ak",
      "model_name": "xgb_d3_600_lr002_mcw3",
      "target_hit_bps": 50.0,
      "trades": 184,
      "win_rate": 0.8260869565217391,
      "avg_return": -0.0008930574905283227,
      "median_return": 0.005,
      "compound_return": -0.1686387108287114,
      "max_drawdown": -0.29127179556524774,
      "profit_factor": 0.8222237754193588,
      "windows": 10
    },
    {
      "entry_policy": "all_days",
      "feature_group": "reversal_fundamental_regime_sector_external",
      "model_name": "lgbm_leaves7_400",
      "target_hit_bps": 50.0,
      "trades": 180,
      "win_rate": 0.8055555555555556,
      "avg_return": -0.0009623846659803689,
      "median_return": 0.005,
      "compound_return": -0.17450662774782577,
      "max_drawdown": -0.3055408534644326,
      "profit_factor": 0.8071436197063785,
      "windows": 10
    },
    {
      "entry_policy": "all_days",
      "feature_group": "all_no_ak",
      "model_name": "xgb_d3_400_lr003_mcw3",
      "target_hit_bps": 50.0,
      "trades": 184,
      "win_rate": 0.8206521739130435,
      "avg_return": -0.000957336820437478,
      "median_return": 0.005,
      "compound_return": -0.17838571074031406,
      "max_drawdown": -0.26867426131159355,
      "profit_factor": 0.8108253453285341,
      "windows": 10
    },
    {
      "entry_policy": "all_days",
      "feature_group": "reversal_fundamental_regime_sector_external",
      "model_name": "xgb_d2_200_lr003_mcw5",
      "target_hit_bps": 50.0,
      "trades": 172,
      "win_rate": 0.8255813953488372,
      "avg_return": -0.001063103278818384,
      "median_return": 0.005,
      "compound_return": -0.18325418181454267,
      "max_drawdown": -0.2710947384164174,
      "profit_factor": 0.7952030093411613,
      "windows": 10
    },
    {
      "entry_policy": "all_days",
      "feature_group": "reversal_fundamental_regime_sector",
      "model_name": "lgbm_leaves7_400",
      "target_hit_bps": 50.0,
      "trades": 183,
      "win_rate": 0.8142076502732241,
      "avg_return": -0.0010933097873475634,
      "median_return": 0.005,
      "compound_return": -0.19858121001293483,
      "max_drawdown": -0.2826230035789702,
      "profit_factor": 0.7882966486472743,
      "windows": 10
    },
    {
      "entry_policy": "all_days",
      "feature_group": "reversal_fundamental_regime_sector_external",
      "model_name": "xgb_d3_600_lr002_mcw3",
      "target_hit_bps": 50.0,
      "trades": 209,
      "win_rate": 0.8325358851674641,
      "avg_return": -0.001013340739661748,
      "median_return": 0.005,
      "compound_return": -0.21121989688404208,
      "max_drawdown": -0.31612037513411406,
      "profit_factor": 0.8042239583191341,
      "windows": 10
    },
    {
      "entry_policy": "all_days",
      "feature_group": "reversal_fundamental_regime_sector",
      "model_name": "xgb_d3_400_lr003_mcw3",
      "target_hit_bps": 50.0,
      "trades": 187,
      "win_rate": 0.8128342245989305,
      "avg_return": -0.0012369173399839107,
      "median_return": 0.005,
      "compound_return": -0.2240576520124271,
      "max_drawdown": -0.2788211214386833,
      "profit_factor": 0.7666672894402304,
      "windows": 10
    },
    {
      "entry_policy": "all_days",
      "feature_group": "reversal_fundamental_regime",
      "model_name": "xgb_d3_400_lr003_mcw3",
      "target_hit_bps": 50.0,
      "trades": 257,
      "win_rate": 0.8015564202334631,
      "avg_return": -0.000918673102976587,
      "median_return": 0.005,
      "compound_return": -0.23241085073186873,
      "max_drawdown": -0.2899099903535902,
      "profit_factor": 0.8130610830312371,
      "windows": 10
    },
    {
      "entry_policy": "all_days",
      "feature_group": "all_no_ak",
      "model_name": "xgb_d4_500_lr002_mcw5",
      "target_hit_bps": 50.0,
      "trades": 206,
      "win_rate": 0.8252427184466019,
      "avg_return": -0.0013027080697800883,
      "median_return": 0.005,
      "compound_return": -0.2543368737567855,
      "max_drawdown": -0.3456337104885957,
      "profit_factor": 0.7592880004972902,
      "windows": 10
    },
    {
      "entry_policy": "all_days",
      "feature_group": "reversal_fundamental_regime_sector_external",
      "model_name": "xgb_d3_400_lr003_mcw3",
      "target_hit_bps": 50.0,
      "trades": 217,
      "win_rate": 0.8202764976958525,
      "avg_return": -0.001270034111375114,
      "median_return": 0.005,
      "compound_return": -0.26096052057607444,
      "max_drawdown": -0.33096407808813855,
      "profit_factor": 0.7635569522927073,
      "windows": 10
    },
    {
      "entry_policy": "all_days",
      "feature_group": "reversal_fundamental_regime_sector",
      "model_name": "random_forest_600_d4",
      "target_hit_bps": 50.0,
      "trades": 276,
      "win_rate": 0.8405797101449275,
      "avg_return": -0.0010538673461041401,
      "median_return": 0.005,
      "compound_return": -0.2789418346927973,
      "max_drawdown": -0.344812427577709,
      "profit_factor": 0.7990358942902411,
      "windows": 10
    },
    {
      "entry_policy": "all_days",
      "feature_group": "all_no_ak",
      "model_name": "lgbm_leaves7_400",
      "target_hit_bps": 50.0,
      "trades": 200,
      "win_rate": 0.79,
      "avg_return": -0.001567960828045195,
      "median_return": 0.005,
      "compound_return": -0.2855138758738125,
      "max_drawdown": -0.3675030104063529,
      "profit_factor": 0.7158441538627842,
      "windows": 10
    },
    {
      "entry_policy": "all_days",
      "feature_group": "reversal_fundamental_regime_sector_external",
      "model_name": "xgb_d4_500_lr002_mcw5",
      "target_hit_bps": 50.0,
      "trades": 167,
      "win_rate": 0.8023952095808383,
      "avg_return": -0.0019103981754676163,
      "median_return": 0.005,
      "compound_return": -0.2887507335317271,
      "max_drawdown": -0.3131539591541119,
      "profit_factor": 0.677426973809169,
      "windows": 10
    },
    {
      "entry_policy": "all_days",
      "feature_group": "all_no_ak",
      "model_name": "xgb_d2_200_lr003_mcw5",
      "target_hit_bps": 50.0,
      "trades": 212,
      "win_rate": 0.8207547169811321,
      "avg_return": -0.0015889124873456582,
      "median_return": 0.005,
      "compound_return": -0.3060792271568826,
      "max_drawdown": -0.3906840293489682,
      "profit_factor": 0.7208852785522949,
      "windows": 10
    },
    {
      "entry_policy": "all_days",
      "feature_group": "reversal_fundamental_regime",
      "model_name": "random_forest_600_d4",
      "target_hit_bps": 50.0,
      "trades": 289,
      "win_rate": 0.8408304498269896,
      "avg_return": -0.001181641898364441,
      "median_return": 0.005,
      "compound_return": -0.31856323989500257,
      "max_drawdown": -0.39332731098078755,
      "profit_factor": 0.7801047243503313,
      "windows": 10
    }
  ]
}

[2026-05-18T00:23:46] RUN search_all_days_hit_80bps
  /usr/bin/python3 model_training/search_walk_forward_model_complexity.py --samples /root/stock_realtime_v021_full/saved_data/000657_pipeline_out_v2_new27_full/04_external/zijin_external/training_samples_with_zijin_external.csv --intraday-bars /root/stock_realtime_v021_full/saved_data/000657_pipeline_out_v2_new27_full/00_base/000657_5m.csv --out-dir /root/stock_realtime_v021_full/saved_data/000657_pipeline_out_v2_new27_full/10_search/search_all_days_hit_80bps --round-trip-cost-bps 1.7 --target-hit-bps 80.0 --label-mode hit --entry-policy all_days --entry-vwap-premium-bps 50.0 --max-missing 0.35 --groups reversal_fundamental_regime,reversal_fundamental_regime_sector,reversal_fundamental_regime_sector_external,all_no_ak --models xgb_d2_200_lr003_mcw5,xgb_d3_400_lr003_mcw3,xgb_d3_600_lr002_mcw3,xgb_d4_500_lr002_mcw5,lgbm_leaves7_400,lgbm_leaves15_700,extra_trees_600_d3,random_forest_600_d4 --quantiles 0.5,0.6,0.7,0.8 --train-rows 756 --valid-rows 126 --test-rows 63 --min-valid-trades 8 --min-train-entries 80
{
  "rows": 1529,
  "target_hit_bps": 80.0,
  "label_mode": "hit",
  "entry_policy": "all_days",
  "entry_vwap_premium_bps": 50.0,
  "groups": {
    "reversal_fundamental_regime": 137,
    "reversal_fundamental_regime_sector": 160,
    "reversal_fundamental_regime_sector_external": 371,
    "all_no_ak": 426
  },
  "models": [
    "xgb_d2_200_lr003_mcw5",
    "xgb_d3_400_lr003_mcw3",
    "xgb_d3_600_lr002_mcw3",
    "xgb_d4_500_lr002_mcw5",
    "extra_trees_600_d3",
    "random_forest_600_d4",
    "lgbm_leaves7_400",
    "lgbm_leaves15_700"
  ],
  "top": [
    {
      "entry_policy": "all_days",
      "feature_group": "reversal_fundamental_regime_sector_external",
      "model_name": "lgbm_leaves7_400",
      "target_hit_bps": 80.0,
      "trades": 196,
      "win_rate": 0.8061224489795918,
      "avg_return": 0.0011616907953899962,
      "median_return": 0.008,
      "compound_return": 0.2207993910617334,
      "max_drawdown": -0.1412194245684767,
      "profit_factor": 1.223249895378178,
      "windows": 10
    },
    {
      "entry_policy": "all_days",
      "feature_group": "all_no_ak",
      "model_name": "xgb_d3_400_lr003_mcw3",
      "target_hit_bps": 80.0,
      "trades": 187,
      "win_rate": 0.8074866310160428,
      "avg_return": 0.0008501723866096972,
      "median_return": 0.008,
      "compound_return": 0.13943530285800332,
      "max_drawdown": -0.23896941530229165,
      "profit_factor": 1.1518623258930425,
      "windows": 10
    },
    {
      "entry_policy": "all_days",
      "feature_group": "all_no_ak",
      "model_name": "lgbm_leaves7_400",
      "target_hit_bps": 80.0,
      "trades": 238,
      "win_rate": 0.7857142857142857,
      "avg_return": 0.00013253916133159808,
      "median_return": 0.008,
      "compound_return": -0.006725762913268429,
      "max_drawdown": -0.2397894568063782,
      "profit_factor": 1.0218611454873947,
      "windows": 10
    },
    {
      "entry_policy": "all_days",
      "feature_group": "reversal_fundamental_regime_sector_external",
      "model_name": "xgb_d4_500_lr002_mcw5",
      "target_hit_bps": 80.0,
      "trades": 213,
      "win_rate": 0.8028169014084507,
      "avg_return": 0.00012651953301811355,
      "median_return": 0.008,
      "compound_return": -0.00947976451215704,
      "max_drawdown": -0.24875295692692168,
      "profit_factor": 1.0203032972845691,
      "windows": 10
    },
    {
      "entry_policy": "all_days",
      "feature_group": "all_no_ak",
      "model_name": "lgbm_leaves15_700",
      "target_hit_bps": 80.0,
      "trades": 219,
      "win_rate": 0.7671232876712328,
      "avg_return": -0.00018139361745925272,
      "median_return": 0.008,
      "compound_return": -0.07037556248855026,
      "max_drawdown": -0.18759859057436423,
      "profit_factor": 0.9706684883005839,
      "windows": 10
    },
    {
      "entry_policy": "all_days",
      "feature_group": "reversal_fundamental_regime_sector_external",
      "model_name": "lgbm_leaves15_700",
      "target_hit_bps": 80.0,
      "trades": 207,
      "win_rate": 0.7874396135265701,
      "avg_return": -0.000253332431974699,
      "median_return": 0.008,
      "compound_return": -0.08732370969928116,
      "max_drawdown": -0.2749180948868827,
      "profit_factor": 0.9608392264253551,
      "windows": 10
    },
    {
      "entry_policy": "all_days",
      "feature_group": "all_no_ak",
      "model_name": "xgb_d4_500_lr002_mcw5",
      "target_hit_bps": 80.0,
      "trades": 229,
      "win_rate": 0.7729257641921398,
      "avg_return": -0.0005424030052623686,
      "median_return": 0.008,
      "compound_return": -0.15072661042303204,
      "max_drawdown": -0.23705289021112452,
      "profit_factor": 0.918695356848713,
      "windows": 10
    },
    {
      "entry_policy": "all_days",
      "feature_group": "reversal_fundamental_regime_sector",
      "model_name": "lgbm_leaves15_700",
      "target_hit_bps": 80.0,
      "trades": 230,
      "win_rate": 0.7739130434782608,
      "avg_return": -0.000642717526475804,
      "median_return": 0.008,
      "compound_return": -0.1747801893024874,
      "max_drawdown": -0.30048240698093764,
      "profit_factor": 0.9040053116094824,
      "windows": 10
    },
    {
      "entry_policy": "all_days",
      "feature_group": "reversal_fundamental_regime_sector",
      "model_name": "xgb_d3_600_lr002_mcw3",
      "target_hit_bps": 80.0,
      "trades": 212,
      "win_rate": 0.7452830188679245,
      "avg_return": -0.0007515557630984484,
      "median_return": 0.008,
      "compound_return": -0.17732266314705347,
      "max_drawdown": -0.31807116700247096,
      "profit_factor": 0.8868666643241809,
      "windows": 10
    },
    {
      "entry_policy": "all_days",
      "feature_group": "reversal_fundamental_regime_sector_external",
      "model_name": "xgb_d3_400_lr003_mcw3",
      "target_hit_bps": 80.0,
      "trades": 217,
      "win_rate": 0.7557603686635944,
      "avg_return": -0.0009387995583629693,
      "median_return": 0.008,
      "compound_return": -0.21493470045511565,
      "max_drawdown": -0.31812775346720423,
      "profit_factor": 0.8643514180797751,
      "windows": 10
    },
    {
      "entry_policy": "all_days",
      "feature_group": "all_no_ak",
      "model_name": "xgb_d2_200_lr003_mcw5",
      "target_hit_bps": 80.0,
      "trades": 262,
      "win_rate": 0.767175572519084,
      "avg_return": -0.000757265905516388,
      "median_return": 0.008,
      "compound_return": -0.21699399017904097,
      "max_drawdown": -0.3359806554353847,
      "profit_factor": 0.8898302318378438,
      "windows": 10
    },
    {
      "entry_policy": "all_days",
      "feature_group": "reversal_fundamental_regime",
      "model_name": "lgbm_leaves7_400",
      "target_hit_bps": 80.0,
      "trades": 175,
      "win_rate": 0.7485714285714286,
      "avg_return": -0.001408128485133951,
      "median_return": 0.008,
      "compound_return": -0.24617655462245747,
      "max_drawdown": -0.30159973352401614,
      "profit_factor": 0.805980154627819,
      "windows": 10
    },
    {
      "entry_policy": "all_days",
      "feature_group": "reversal_fundamental_regime_sector",
      "model_name": "xgb_d4_500_lr002_mcw5",
      "target_hit_bps": 80.0,
      "trades": 242,
      "win_rate": 0.7520661157024794,
      "avg_return": -0.0010788302085861675,
      "median_return": 0.008,
      "compound_return": -0.26232844351539,
      "max_drawdown": -0.4442913814010814,
      "profit_factor": 0.8466133562303992,
      "windows": 10
    },
    {
      "entry_policy": "all_days",
      "feature_group": "all_no_ak",
      "model_name": "xgb_d3_600_lr002_mcw3",
      "target_hit_bps": 80.0,
      "trades": 210,
      "win_rate": 0.7714285714285715,
      "avg_return": -0.0012740690615512594,
      "median_return": 0.008,
      "compound_return": -0.2671658422774892,
      "max_drawdown": -0.3286253764432091,
      "profit_factor": 0.827195456173467,
      "windows": 10
    },
    {
      "entry_policy": "all_days",
      "feature_group": "reversal_fundamental_regime_sector",
      "model_name": "xgb_d2_200_lr003_mcw5",
      "target_hit_bps": 80.0,
      "trades": 276,
      "win_rate": 0.7608695652173914,
      "avg_return": -0.0009452057127341564,
      "median_return": 0.008,
      "compound_return": -0.27111771234933346,
      "max_drawdown": -0.32155818439861117,
      "profit_factor": 0.8634951527599415,
      "windows": 10
    },
    {
      "entry_policy": "all_days",
      "feature_group": "reversal_fundamental_regime_sector_external",
      "model_name": "xgb_d2_200_lr003_mcw5",
      "target_hit_bps": 80.0,
      "trades": 243,
      "win_rate": 0.7736625514403292,
      "avg_return": -0.001121217928632363,
      "median_return": 0.008,
      "compound_return": -0.27602122147421293,
      "max_drawdown": -0.36990294344360297,
      "profit_factor": 0.8463233044298994,
      "windows": 10
    },
    {
      "entry_policy": "all_days",
      "feature_group": "reversal_fundamental_regime",
      "model_name": "xgb_d3_400_lr003_mcw3",
      "target_hit_bps": 80.0,
      "trades": 233,
      "win_rate": 0.7639484978540773,
      "avg_return": -0.0012847020583175905,
      "median_return": 0.008,
      "compound_return": -0.2940083745099836,
      "max_drawdown": -0.35821494345227056,
      "profit_factor": 0.8238896737420638,
      "windows": 10
    },
    {
      "entry_policy": "all_days",
      "feature_group": "reversal_fundamental_regime_sector_external",
      "model_name": "xgb_d3_600_lr002_mcw3",
      "target_hit_bps": 80.0,
      "trades": 242,
      "win_rate": 0.7644628099173554,
      "avg_return": -0.0012947362727030285,
      "median_return": 0.008,
      "compound_return": -0.30383202451921465,
      "max_drawdown": -0.385626693378071,
      "profit_factor": 0.8243894102653473,
      "windows": 10
    },
    {
      "entry_policy": "all_days",
      "feature_group": "reversal_fundamental_regime_sector",
      "model_name": "random_forest_600_d4",
      "target_hit_bps": 80.0,
      "trades": 315,
      "win_rate": 0.765079365079365,
      "avg_return": -0.0010370631174106376,
      "median_return": 0.008,
      "compound_return": -0.3223159637818348,
      "max_drawdown": -0.4270412212653758,
      "profit_factor": 0.8529270013091599,
      "windows": 10
    },
    {
      "entry_policy": "all_days",
      "feature_group": "reversal_fundamental_regime",
      "model_name": "xgb_d4_500_lr002_mcw5",
      "target_hit_bps": 80.0,
      "trades": 247,
      "win_rate": 0.7611336032388664,
      "avg_return": -0.001373595133199583,
      "median_return": 0.008,
      "compound_return": -0.32620191069969184,
      "max_drawdown": -0.3829601008145753,
      "profit_factor": 0.8133039186609001,
      "windows": 10
    }
  ]
}

[2026-05-18T00:42:22] RUN search_all_days_close_profit_50bps
  /usr/bin/python3 model_training/search_walk_forward_model_complexity.py --samples /root/stock_realtime_v021_full/saved_data/000657_pipeline_out_v2_new27_full/04_external/zijin_external/training_samples_with_zijin_external.csv --intraday-bars /root/stock_realtime_v021_full/saved_data/000657_pipeline_out_v2_new27_full/00_base/000657_5m.csv --out-dir /root/stock_realtime_v021_full/saved_data/000657_pipeline_out_v2_new27_full/10_search/search_all_days_close_profit_50bps --round-trip-cost-bps 1.7 --target-hit-bps 50.0 --label-mode close_profit --entry-policy all_days --entry-vwap-premium-bps 50.0 --max-missing 0.35 --groups reversal_fundamental_regime,reversal_fundamental_regime_sector,reversal_fundamental_regime_sector_external,all_no_ak --models xgb_d2_200_lr003_mcw5,xgb_d3_400_lr003_mcw3,xgb_d3_600_lr002_mcw3,xgb_d4_500_lr002_mcw5,lgbm_leaves7_400,lgbm_leaves15_700,extra_trees_600_d3,random_forest_600_d4 --quantiles 0.5,0.6,0.7,0.8 --train-rows 756 --valid-rows 126 --test-rows 63 --min-valid-trades 8 --min-train-entries 80
{
  "rows": 1529,
  "target_hit_bps": 50.0,
  "label_mode": "close_profit",
  "entry_policy": "all_days",
  "entry_vwap_premium_bps": 50.0,
  "groups": {
    "reversal_fundamental_regime": 137,
    "reversal_fundamental_regime_sector": 160,
    "reversal_fundamental_regime_sector_external": 371,
    "all_no_ak": 426
  },
  "models": [
    "xgb_d2_200_lr003_mcw5",
    "xgb_d3_400_lr003_mcw3",
    "xgb_d3_600_lr002_mcw3",
    "xgb_d4_500_lr002_mcw5",
    "extra_trees_600_d3",
    "random_forest_600_d4",
    "lgbm_leaves7_400",
    "lgbm_leaves15_700"
  ],
  "top": [
    {
      "entry_policy": "all_days",
      "feature_group": "reversal_fundamental_regime_sector",
      "model_name": "random_forest_600_d4",
      "target_hit_bps": 50.0,
      "trades": 210,
      "win_rate": 0.5190476190476191,
      "avg_return": 0.006017833676816195,
      "median_return": 0.001171382226460519,
      "compound_return": 2.049778101907933,
      "max_drawdown": -0.27262521961969177,
      "profit_factor": 1.546637955947394,
      "windows": 10
    },
    {
      "entry_policy": "all_days",
      "feature_group": "reversal_fundamental_regime",
      "model_name": "lgbm_leaves7_400",
      "target_hit_bps": 50.0,
      "trades": 209,
      "win_rate": 0.5550239234449761,
      "avg_return": 0.0057526918423007126,
      "median_return": 0.0027654207436398383,
      "compound_return": 1.9195212835826285,
      "max_drawdown": -0.25376512252269046,
      "profit_factor": 1.5628314547590005,
      "windows": 10
    },
    {
      "entry_policy": "all_days",
      "feature_group": "reversal_fundamental_regime_sector_external",
      "model_name": "lgbm_leaves7_400",
      "target_hit_bps": 50.0,
      "trades": 159,
      "win_rate": 0.5220125786163522,
      "avg_return": 0.006416767806896495,
      "median_return": 0.0019959085986571735,
      "compound_return": 1.503142149040868,
      "max_drawdown": -0.3338217011748915,
      "profit_factor": 1.6292718050356223,
      "windows": 10
    },
    {
      "entry_policy": "all_days",
      "feature_group": "reversal_fundamental_regime_sector_external",
      "model_name": "extra_trees_600_d3",
      "target_hit_bps": 50.0,
      "trades": 140,
      "win_rate": 0.5357142857142857,
      "avg_return": 0.007306696789423991,
      "median_return": 0.0026258026715726447,
      "compound_return": 1.5019193807617546,
      "max_drawdown": -0.18675748805336767,
      "profit_factor": 1.6699415861190057,
      "windows": 10
    },
    {
      "entry_policy": "all_days",
      "feature_group": "all_no_ak",
      "model_name": "lgbm_leaves15_700",
      "target_hit_bps": 50.0,
      "trades": 180,
      "win_rate": 0.5055555555555555,
      "avg_return": 0.005557402809284649,
      "median_return": 0.0008257339657005182,
      "compound_return": 1.4666261429587437,
      "max_drawdown": -0.258044417972195,
      "profit_factor": 1.592870357014111,
      "windows": 10
    },
    {
      "entry_policy": "all_days",
      "feature_group": "reversal_fundamental_regime_sector_external",
      "model_name": "random_forest_600_d4",
      "target_hit_bps": 50.0,
      "trades": 152,
      "win_rate": 0.506578947368421,
      "avg_return": 0.006605288739807676,
      "median_return": 0.0009009234646696375,
      "compound_return": 1.4636446034103714,
      "max_drawdown": -0.24328847875066806,
      "profit_factor": 1.645392925404339,
      "windows": 10
    },
    {
      "entry_policy": "all_days",
      "feature_group": "reversal_fundamental_regime_sector_external",
      "model_name": "xgb_d2_200_lr003_mcw5",
      "target_hit_bps": 50.0,
      "trades": 143,
      "win_rate": 0.5174825174825175,
      "avg_return": 0.006624168270483413,
      "median_return": 0.0019959085986571735,
      "compound_return": 1.3467269022405994,
      "max_drawdown": -0.23812391089642826,
      "profit_factor": 1.643536221449904,
      "windows": 10
    },
    {
      "entry_policy": "all_days",
      "feature_group": "reversal_fundamental_regime_sector",
      "model_name": "extra_trees_600_d3",
      "target_hit_bps": 50.0,
      "trades": 178,
      "win_rate": 0.5168539325842697,
      "avg_return": 0.0049151596333082,
      "median_return": 0.0010418711995983133,
      "compound_return": 1.1344778455945308,
      "max_drawdown": -0.19619844534381425,
      "profit_factor": 1.4485457256541108,
      "windows": 10
    },
    {
      "entry_policy": "all_days",
      "feature_group": "all_no_ak",
      "model_name": "extra_trees_600_d3",
      "target_hit_bps": 50.0,
      "trades": 127,
      "win_rate": 0.5511811023622047,
      "avg_return": 0.006583647783959346,
      "median_return": 0.0020621428571430157,
      "compound_return": 1.1298285723300436,
      "max_drawdown": -0.18646083493439647,
      "profit_factor": 1.6780119459783345,
      "windows": 10
    },
    {
      "entry_policy": "all_days",
      "feature_group": "reversal_fundamental_regime_sector",
      "model_name": "xgb_d2_200_lr003_mcw5",
      "target_hit_bps": 50.0,
      "trades": 194,
      "win_rate": 0.4845360824742268,
      "avg_return": 0.004530223799684028,
      "median_return": -0.0015803145795522631,
      "compound_return": 1.1025323712807857,
      "max_drawdown": -0.2891336638400206,
      "profit_factor": 1.3818787377348334,
      "windows": 10
    },
    {
      "entry_policy": "all_days",
      "feature_group": "reversal_fundamental_regime",
      "model_name": "xgb_d4_500_lr002_mcw5",
      "target_hit_bps": 50.0,
      "trades": 221,
      "win_rate": 0.5248868778280543,
      "avg_return": 0.0039223178114153375,
      "median_return": 0.0017335532994924331,
      "compound_return": 1.044399789183343,
      "max_drawdown": -0.27399762354816093,
      "profit_factor": 1.3267934145172335,
      "windows": 10
    },
    {
      "entry_policy": "all_days",
      "feature_group": "reversal_fundamental_regime",
      "model_name": "xgb_d2_200_lr003_mcw5",
      "target_hit_bps": 50.0,
      "trades": 249,
      "win_rate": 0.5180722891566265,
      "avg_return": 0.0033389211255744626,
      "median_return": 0.0010660939431397266,
      "compound_return": 0.9578031137932055,
      "max_drawdown": -0.3536387651787184,
      "profit_factor": 1.2868934623576118,
      "windows": 10
    },
    {
      "entry_policy": "all_days",
      "feature_group": "all_no_ak",
      "model_name": "lgbm_leaves7_400",
      "target_hit_bps": 50.0,
      "trades": 137,
      "win_rate": 0.5182481751824818,
      "avg_return": 0.00526192759321241,
      "median_return": 0.0019959085986571735,
      "compound_return": 0.9159714793702873,
      "max_drawdown": -0.26549901881254656,
      "profit_factor": 1.571343737305859,
      "windows": 10
    },
    {
      "entry_policy": "all_days",
      "feature_group": "reversal_fundamental_regime",
      "model_name": "xgb_d3_600_lr002_mcw3",
      "target_hit_bps": 50.0,
      "trades": 199,
      "win_rate": 0.507537688442211,
      "avg_return": 0.0037748085974195133,
      "median_return": 0.0009423470522802492,
      "compound_return": 0.8783674630086724,
      "max_drawdown": -0.35482740884149355,
      "profit_factor": 1.3456486862148218,
      "windows": 10
    },
    {
      "entry_policy": "all_days",
      "feature_group": "reversal_fundamental_regime",
      "model_name": "random_forest_600_d4",
      "target_hit_bps": 50.0,
      "trades": 245,
      "win_rate": 0.5142857142857142,
      "avg_return": 0.003204768103944061,
      "median_return": 0.0010176484560569,
      "compound_return": 0.8696442031051159,
      "max_drawdown": -0.32384129632105285,
      "profit_factor": 1.2761396610542928,
      "windows": 10
    },
    {
      "entry_policy": "all_days",
      "feature_group": "reversal_fundamental_regime",
      "model_name": "lgbm_leaves15_700",
      "target_hit_bps": 50.0,
      "trades": 206,
      "win_rate": 0.4854368932038835,
      "avg_return": 0.003610926075499457,
      "median_return": -0.00016999999999999999,
      "compound_return": 0.8581162331552135,
      "max_drawdown": -0.3115927352717478,
      "profit_factor": 1.335114109129603,
      "windows": 10
    },
    {
      "entry_policy": "all_days",
      "feature_group": "all_no_ak",
      "model_name": "xgb_d3_400_lr003_mcw3",
      "target_hit_bps": 50.0,
      "trades": 156,
      "win_rate": 0.5128205128205128,
      "avg_return": 0.004102794304689495,
      "median_return": 0.0010418711995983133,
      "compound_return": 0.7196471531348594,
      "max_drawdown": -0.25845617987225056,
      "profit_factor": 1.3819068520139728,
      "windows": 10
    },
    {
      "entry_policy": "all_days",
      "feature_group": "all_no_ak",
      "model_name": "xgb_d2_200_lr003_mcw5",
      "target_hit_bps": 50.0,
      "trades": 138,
      "win_rate": 0.5144927536231884,
      "avg_return": 0.004401350662174928,
      "median_return": 0.0011191879111671667,
      "compound_return": 0.6646664056296487,
      "max_drawdown": -0.3102087595448383,
      "profit_factor": 1.3790176104976894,
      "windows": 10
    },
    {
      "entry_policy": "all_days",
      "feature_group": "all_no_ak",
      "model_name": "xgb_d3_600_lr002_mcw3",
      "target_hit_bps": 50.0,
      "trades": 136,
      "win_rate": 0.5147058823529411,
      "avg_return": 0.004351883509482731,
      "median_return": 0.0010418711995983133,
      "compound_return": 0.662782727915662,
      "max_drawdown": -0.1858911522058243,
      "profit_factor": 1.4098447567627708,
      "windows": 10
    },
    {
      "entry_policy": "all_days",
      "feature_group": "reversal_fundamental_regime",
      "model_name": "xgb_d3_400_lr003_mcw3",
      "target_hit_bps": 50.0,
      "trades": 207,
      "win_rate": 0.5169082125603864,
      "avg_return": 0.0028620127158904755,
      "median_return": 0.0010660939431397266,
      "compound_return": 0.6199038031879718,
      "max_drawdown": -0.35361833311396607,
      "profit_factor": 1.2755493130173816,
      "windows": 10
    }
  ]
}

[2026-05-18T01:01:18] RUN summarize
  /usr/bin/python3 model_training/summarize_nextday_search_results.py --pipeline-out /root/stock_realtime_v021_full/saved_data/000657_pipeline_out_v2_new27_full --out-dir /root/stock_realtime_v021_full/saved_data/000657_pipeline_out_v2_new27_full/99_summary --excel
{
  "rows": 192,
  "outputs": {
    "final_leaderboard": "/root/stock_realtime_v021_full/saved_data/000657_pipeline_out_v2_new27_full/99_summary/final_leaderboard.csv",
    "best_by_target_top5": "/root/stock_realtime_v021_full/saved_data/000657_pipeline_out_v2_new27_full/99_summary/best_by_target_top5.csv",
    "best_by_entry_policy_top5": "/root/stock_realtime_v021_full/saved_data/000657_pipeline_out_v2_new27_full/99_summary/best_by_entry_policy_top5.csv",
    "excel": "/root/stock_realtime_v021_full/saved_data/000657_pipeline_out_v2_new27_full/99_summary/final_leaderboard.xlsx",
    "summary_manifest": "/root/stock_realtime_v021_full/saved_data/000657_pipeline_out_v2_new27_full/99_summary/summary_manifest.json"
  }
}
=== nextday pipeline end: 2026-05-18T01:01:19 status=ok ===
