date,open,high,low,close,volume,event_flag,no_price_limit_flag,ema20,ema60,atr14,atrp14,rsi14,rvol20,close_pos,b10_prev,r5,resistance,obv,obv_ma20,obv_std20,bench_close,bench_ret5,ret5,rs5,x1_price_vs_ema20,x2_ema20_vs_ema60,x3_break_b10,x4_close_pos,x5_log_rvol20,x6_obv_z,x7_rs5,x8_atrp_rank,z_x1_price_vs_ema20,z_x2_ema20_vs_ema60,z_x3_break_b10,z_x4_close_pos,z_x5_log_rvol20,z_x6_obv_z,z_x7_rs5,z_x8_atrp_rank,label_rev,p_rev,cv_best_l2,cv_logloss,cv_folds_used,train_n,coef_intercept,coef_z_x1_price_vs_ema20,coef_z_x2_ema20_vs_ema60,coef_z_x3_break_b10,coef_z_x4_close_pos,coef_z_x5_log_rvol20,coef_z_x6_obv_z,coef_z_x7_rs5,coef_z_x8_atrp_rank,atrp14_med60,price_limit_ratio,daily_vwap_pv,daily_vwap_volume,n_intraday_bars,daily_vwap,next_date,next_day_vwap,next_day_close,next_day_high,next_day_low,next_day_vwap_ret_close,next_day_vwap_ret_vwap,next_day_close_ret_close,open_asof1455,high_asof1455,low_asof1455,close_asof1455,volume_asof1455,amount_asof1455,n_intraday_bars_asof1455,asof_last_bar_time,vwap_asof1455,close_ret1_asof,close_ret3_asof,close_ret5_asof,close_ret20_asof,close_ret60_asof,close_ma20_gap_asof,close_ma60_gap_asof,close_z20_asof,close_z60_asof,range_pct_asof1455,feature_time_mode,feature_cutoff_time
2025-01-02,9.08574835,9.18721356,8.91971437,8.96583492,146672367.0,0.0,0.0,8.96583492,8.96583492,,,,,0.1724137931028081,,,8.96583492,0.0,,,3820.3952,,,,,,,0.1724137931028081,,,,,,,,,,,,,0.0,,,,,,,,,,,,,,,,0.1,1448841472.0,147505100,48,9.822314428450271,2025-01-03,9.647077757616996,8.8551456,9.03040369,8.82747327,0.0759820857394277,-0.0178406700487721,-0.0123456790123457,9.08574835,9.17798945,8.91971437,8.95661081,145464100,1429011968.0,47,2025-01-02 14:55:00,9.823811978350673,,,,,,,,,,0.028836251287332717,asof1455,14:55
2025-01-03,8.99350725,9.03040369,8.82747327,8.8551456,126862181.0,0.0,0.0,8.95529308,8.962205761967214,,,,,0.1363636363629632,,,8.95529308,-126862181.0,,,3775.1648,,,,,,,0.1363636363629632,,,,,,,,,,,,,0.0,,,,,,,,,,,,,,,,0.1,1224978216.0,126979200,48,9.647077757616996,2025-01-06,9.56200240455095,8.89204204,8.90126615,8.6706634,0.0798244135648036,-0.0088187692898891,0.0041666666666666,8.99350725,9.03040369,8.82747327,8.84592149,125679100,1212517806.0,47,2025-01-03 14:55:00,9.647728269855529,-0.013374485596707841,,,,,,,,,0.022940563086548432,asof1455,14:55
2025-01-06,8.8551456,8.90126615,8.6706634,8.89204204,115252041.0,0.0,0.0,8.949269171428572,8.959905312066649,,,,,0.9599999999958372,,,8.949269171428572,-11610140.0,,,3768.9697,,,,,,,0.9599999999958372,,,,,,,,,,,,,0.0,,,,,,,,,,,,,,,,0.1,1102321024.0,115281400,48,9.56200240455095,2025-01-07,9.664472575710548,8.97505903,8.99350725,8.81824916,0.0868676207597582,0.0107163925320523,0.0093360995850624,8.8551456,8.90126615,8.6706634,8.87359382,113971700,1089698304.0,47,2025-01-06 14:55:00,9.561130561358652,0.002083333333333215,,,,,,,,,0.025987525987525895,asof1455,14:55
2025-01-07,8.89204204,8.99350725,8.81824916,8.97505903,85335345.0,0.0,0.0,8.951725348435374,8.960402155277578,,,,,0.8947368421001589,,,8.951725348435374,73725205.0,,,3796.1055,,,,,,,0.8947368421001589,,,,,,,,,,,,,0.0,,,,,,,,,,,,,,,,0.1,828258830.0,85701400,48,9.664472575710548,2025-01-08,9.806216346199816,9.06730013,9.10419657,8.96583492,0.0926074484214076,0.0146664775939773,0.0102774922918806,8.89204204,8.99350725,8.81824916,8.97505903,83440800,806251152.0,47,2025-01-07 14:55:00,9.662552995656801,0.00933609958506243,0.0010288065843622185,,,,,,,,0.01952723535457346,asof1455,14:55
2025-01-08,8.97505903,9.10419657,8.96583492,9.06730013,104522024.0,0.0,0.0,8.962732470489147,8.96390700690782,,,,,0.7333333333280332,,9.18721356,9.18721356,178247229.0,,,3789.2153,,,,,,,0.7333333333280332,,,,,,,,,,,,,0.0,,,,,,,,,,,,,,,,0.1,1025602749.0,104587000,48,9.806216346199816,2025-01-09,9.862046950427406,9.09497246,9.19643767,8.9473867,0.0876497754604936,0.0056933889949539,0.0030518819938962,8.97505903,9.10419657,8.96583492,9.05807602,103509800,1015015293.0,47,2025-01-08 14:55:00,9.805982554308867,0.00924974306269255,0.022916666666666696,,,,,,,,0.015274949083502885,asof1455,14:55
2025-01-09,9.08574835,9.19643767,8.9473867,9.09497246,124705639.0,0.0,0.0,8.975326755204467,8.968204234878055,,,,,0.5925925925902119,,9.19643767,9.19643767,302952868.0,,,3779.8773,-0.0106056828885137,0.0144032921810697,0.0250089750695834,,,,0.5925925925902119,,,0.0250089750695834,,,,,,,,,,0.0,,,,,,,,,,,,,,,,0.1,1229856427.0,124706000,48,9.862046950427406,2025-01-10,9.527051514192715,9.07592409,9.19020645,8.91402408,0.0475074615226176,-0.0339681445361776,-0.0020943845716712,9.08574835,9.19643767,8.96583492,9.10419657,119643300,1179901103.0,47,2025-01-09 14:55:00,9.861823461907186,0.004069175991861629,0.02385892116182564,0.015432098765431945,,,,,,,0.025329280648429497,asof1455,14:55
2025-01-10,9.13306527,9.19020645,8.91402408,9.07592409,126726075.0,0.0,0.0,8.984907453756422,8.971736033406643,,,,,0.5862068965496041,,9.19643767,9.19643767,176226793.0,,,3732.4806,-0.0113065792518515,0.0249322258461792,0.0362388050980307,,,,0.5862068965496041,,,0.0362388050980307,,,,,,,,,,0.0,,,,,,,,,,,,,,,,0.1,1216463478.0,127685200,48,9.527051514192715,2025-01-13,9.459841113089668,9.02830644,9.11401821,8.93307114,0.0423005987360198,-0.0070546906357044,-0.0052465897166842,9.13306527,9.17115939,8.92354761,9.10449468,126172400,1202029549.0,47,2025-01-10 14:55:00,9.526881861643275,0.001046976232405239,0.014421704589056006,0.028158665172032915,,,,,,,0.027196652719665242,asof1455,14:55
2025-01-13,9.00925938,9.11401821,8.93307114,9.02830644,82708907.0,0.0,0.0,8.989040690541525,8.973590800835932,,,,,0.5263157894707781,,9.19643767,9.19643767,93517886.0,,,3722.513,-0.0123261006847574,0.015324309015525,0.0276504097002825,,,,0.5263157894707781,,,0.0276504097002825,,,,,,,,,,0.0,,,,,,,,,,,,,,,,0.1,783582289.0,82832500,48,9.459841113089668,2025-01-14,9.462034406955835,8.97116526,9.12354174,8.9521182,0.0480409000113466,0.0002318531400209,-0.0063291139240506,9.00925938,9.10449468,8.93307114,8.99973585,81164400,767790922.0,47,2025-01-13 14:55:00,9.459700583014229,-0.008394543546694666,-0.00745142203647331,0.012111257404716635,,,,,,,0.019047619047619164,asof1455,14:55
2025-01-14,9.0473535,9.12354174,8.9521182,8.97116526,142295143.0,0.0,0.0,8.987338268585189,8.973511274906887,,,,,0.1111111111104629,,9.19643767,9.19643767,-48777257.0,,,3820.5395,0.0064365966646606,-0.0004338433860976,-0.0068704400507583,,,,0.1111111111104629,,,-0.0068704400507583,,,,,,,,,,0.0,,,,,,,,,,,,,,,,0.1,1347242307.0,142384000,48,9.462034406955835,2025-01-15,9.579699249244982,9.1425888,9.19020645,8.9521182,0.0678322126065686,0.0124354697127972,0.0191082802547772,9.0473535,9.11401821,8.9521182,8.97116526,138905800,1314471362.0,47,2025-01-14 14:55:00,9.463041586456432,-0.006329113924050667,-0.013612707519952139,-0.00043384338609764317,,,,,,,0.01804670912951169,asof1455,14:55
2025-01-15,8.96164173,9.19020645,8.9521182,9.1425888,133205646.0,0.0,0.0,9.002124033481838,8.979054800319776,,,,,0.7999999999966428,,9.19643767,9.19643767,84428389.0,,,3796.026,0.0017973906101349,0.0083033172962811,0.0065059266861462,,,,0.7999999999966428,,,0.0065059266861462,,,,,,,,,,0.0,,,,,,,,,,,,,,,,0.1,1280857520.0,133705400,48,9.579699249244982,2025-01-16,9.746383251482277,9.36162999,9.39972411,9.15211233,0.0660419564622958,0.0173997114001704,0.0239583333333333,8.96164173,9.19020645,8.9521182,9.13306527,131889400,1263426481.0,47,2025-01-15 14:55:00,9.579439143706772,0.018046709129511784,0.006295907660020861,0.00725300134076412,,,,,,,0.026068821689259707,asof1455,14:55
2025-01-16,9.19020645,9.39972411,9.15211233,9.36162999,105808287.0,0.0,0.0,9.036362696007378,8.99159824916175,,,,,0.846153846150435,9.19643767,9.39972411,9.39972411,190236676.0,,,3800.3836,0.0054251231911681,0.0293192234690946,0.0238941002779264,,,,0.846153846150435,,,0.0238941002779264,,,,,,,,,,0.0,,,,,,,,,,,,,,,,0.1,1033964560.0,106087000,48,9.746383251482277,2025-01-17,9.80529280988816,9.29496528,9.41877117,9.27591822,0.047391620942301,0.0060442480955102,-0.007121057985758,9.19020645,9.39972411,9.15211233,9.35210646,104153700,1014972238.0,47,2025-01-16 14:55:00,9.74494653574477,0.022916666666666696,0.035864978902953704,0.0282721032010691,,,,,,,0.026476578411405265,asof1455,14:55
2025-01-17,9.32353587,9.41877117,9.27591822,9.29496528,71380626.0,0.0,0.0,9.060991513530483,9.001544709189234,,,,,0.1333333333324008,9.39972411,9.41877117,9.41877117,118856050.0,,,3812.3429,0.021396574706912,0.024134312696747,0.002737737989835,,,,0.1333333333324008,,,0.002737737989835,,,,,,,,,,0.0,,,,,,,,,,,,,,,,0.1,691119200.0,70484300,48,9.80529280988816,2025-01-20,9.719603097678096,9.20925351,9.35210646,9.20925351,0.0456847126252091,-0.0087391283331844,-0.0092213114754098,9.32353587,9.41877117,9.27591822,9.29496528,69907200,685485798.0,47,2025-01-17 14:55:00,9.805653752403186,-0.007121057985758017,0.03609341825902335,0.02413431269674704,,,,,,,0.015368852459016391,asof1455,14:55
2025-01-20,9.31401234,9.35210646,9.20925351,9.20925351,81992269.0,0.0,0.0,9.07511170367044,9.00835483380598,,,,,0.0,9.41877117,9.41877117,9.41877117,36863781.0,,,3829.6764,0.0287879182691908,0.020042194092827,-0.0087457241763637,,,,0.0,,,-0.0087457241763637,,,,,,,,,,0.0,,,,,,,,,,,,,,,,0.1,789195809.0,81196300,48,9.719603097678096,2025-01-21,9.621429647738092,9.13306527,9.26639469,9.11401821,0.0447567370461163,-0.0101005616127941,-0.0082730093071354,9.31401234,9.35210646,9.20925351,9.21877704,80132700,778901919.0,47,2025-01-20 14:55:00,9.720150687547031,-0.008196721311475308,0.008333333333333304,0.021097046413502296,,,,,,,0.015495867768595038,asof1455,14:55
2025-01-21,9.25687116,9.26639469,9.11401821,9.13306527,69006252.0,0.0,0.0,9.080631090939924,9.012443700566442,0.2018258564285713,0.0220983700939377,,,0.1249999999991796,9.41877117,9.41877117,9.41877117,-32142471.0,,,3832.6145,0.0031605483989893,0.0180467091295117,0.0148861607305224,0.2597991158698447,0.3378526001561925,-1.4156060331134983,0.1249999999991796,,,0.0148861607305224,,,,,,,,,,0.0,,,,,,,,,,,,,,,,0.1,667891744.0,69417100,48,9.621429647738092,2025-01-22,9.475445452024486,8.99973585,9.15211233,8.98068879,0.0374879815158144,-0.0151728174562838,-0.0145985401459852,9.25687116,9.25687116,9.11401821,9.1425888,67728100,651690528.0,47,2025-01-21 14:55:00,9.622158719940467,-0.007238883143743435,-0.023397761953204532,0.019108280254777288,,,,,,,0.015624999999999997,asof1455,14:55
2025-01-22,9.1425888,9.15211233,8.98068879,8.99973585,100725218.0,0.0,0.0,9.072926782278978,9.012027049728196,0.1949633099999998,0.0216632258156752,28.159327711819373,,0.1111111111104641,9.41877117,9.41877117,9.41877117,-132867689.0,,,3797.0166,0.000260957116732,-0.015625,-0.015885957116732,-0.3754087488492195,0.3123650934653783,-2.149303476627731,0.1111111111104641,,,-0.015885957116732,,,,,,,,,,1.0,,,,,,,,,,,,,,,,0.1,960164891.0,101331900,48,9.475445452024486,2025-01-23,9.583053119991591,9.13306527,9.18068292,9.05687703,0.0648149323173292,0.0113564759052162,0.0148148148148146,9.1425888,9.15211233,8.98068879,9.00925938,99779800,945496290.0,47,2025-01-22 14:55:00,9.47582867474178,-0.013555787278414999,-0.030737704918032738,-0.014583333333333393,,,,,,,0.019027484143763134,asof1455,14:55
2025-01-23,9.05687703,9.18068292,9.05687703,9.13306527,95038374.0,0.0,0.0,9.078654257300029,9.015995515966615,0.1933930707142856,0.021175045288411,34.88796976253454,,0.6153846153796348,9.41877117,9.41877117,9.41877117,-37829315.0,,,3803.7439,0.0008842002159992,-0.0244150559511699,-0.0252992561671692,0.2813493394500935,0.3239968272992468,-1.4773326621439185,0.6153846153796348,,,-0.0252992561671692,,,,,,,,,,1.0,,,,,,,,,,,,,,,,0.1,911851462.0,95152500,48,9.583053119991591,2025-01-24,9.620394575720516,9.30448881,9.31401234,8.94259467,0.0533587893345381,0.0038966136638669,0.0187695516162671,9.05687703,9.18068292,9.05687703,9.13306527,93684900,897780027.0,47,2025-01-23 14:55:00,9.582974705635593,0.014814814814814614,-0.008273009307135482,-0.024415055951169995,,,,,,,0.013555787278415,asof1455,14:55
2025-01-24,9.05687703,9.31401234,8.94259467,9.30448881,129698940.0,0.0,0.0,9.10016230993812,9.025454312492302,0.2034512792857142,0.0218659276656911,42.36261308215654,,0.9743589743563532,9.41877117,9.35210646,9.35210646,91869625.0,,,3832.8637,0.0053827267216701,0.0010245901639345,-0.0043581365577356,1.0043018691169414,0.3672033801298248,-0.5617185618132499,0.9743589743563532,,,-0.0043581365577356,,,,,,,,,,1.0,,,,,,,,,,,,,,,,0.1,1248387616.0,129764700,48,9.620394575720516,2025-01-27,9.913703809661763,9.45686529,9.50448294,9.3330594,0.0654753863540584,0.0304882748449308,0.0163766632548616,9.05687703,9.31401234,8.94259467,9.30448881,128263900,1233723936.0,47,2025-01-24 14:55:00,9.618637325077438,0.018769551616267144,0.018769551616267144,0.0010245901639345245,,,,,,,0.03991811668372564,asof1455,14:55
2025-01-27,9.35210646,9.50448294,9.3330594,9.45686529,109959547.0,0.0,0.0,9.134134022324966,9.039598934705667,0.2052181392857142,0.0217004401556504,48.06931808070119,,0.7222222222180039,9.41877117,9.50448294,9.50448294,201829172.0,,,3817.0802,-0.0032891029644175,0.0268872802481903,0.0301763832126078,1.5726254452786907,0.4606565869268524,0.1856274505382694,0.7222222222180039,,,0.0301763832126078,,,,,,,,,,0.0,,,,,,,,,,,,,,,,0.1,1095028068.0,110456000,48,9.913703809661763,2025-02-05,9.812698820527146,9.28544175,9.45686529,9.25687116,0.0376270063721237,-0.0101884211061642,-0.0181268882175226,9.35210646,9.50448294,9.34258293,9.43781823,108214000,1072794200.0,47,2025-01-27 14:55:00,9.91363594359325,0.014329580348003912,0.04867724867724865,0.024819027921406445,,,,,,,0.017154389505549962,asof1455,14:55
2025-02-05,9.44734176,9.45686529,9.25687116,9.28544175,97637864.0,0.0,0.0,9.148544282103542,9.047659354879254,0.2096204592857143,0.0225751735813421,42.92075859729479,,0.1428571428564336,9.50448294,9.50448294,9.50448294,104191308.0,,,3795.0848,-0.0097921927707573,0.0166840458811263,0.0264762386518837,0.6530730271381255,0.4812742399648075,-1.0449418474959098,0.1428571428564336,,,0.0264762386518837,,,,,,,,,,0.0,,,,,,,,,,,,,,,,0.1,958996037.0,97730100,48,9.812698820527146,2025-02-06,9.675879350137937,9.21877704,9.39020058,9.1425888,0.042048360288075,-0.013943103002713,-0.0071794871794871,9.44734176,9.44734176,9.25687116,9.29496528,95949400,941634951.0,47,2025-02-05 14:55:00,9.813870133632935,-0.017119838872104776,0.01772679874869665,0.01772679874869665,,,,,,,0.02049180327868865,asof1455,14:55
2025-02-06,9.26639469,9.39020058,9.1425888,9.21877704,97146158.0,0.0,0.0,9.15523311618892,9.053269770784851,0.20951766,0.0227272727272702,41.07812654964732,0.9050832694562516,0.3076923076910672,9.50448294,9.50448294,9.50448294,7045150.0,63495053.95,110852911.19282795,3842.8314,0.0120659993954201,0.0243386243386243,0.0122726249432041,0.3032867196530292,0.4866575228244681,-1.363636363629855,0.3076923076910672,-0.0997283290660157,-0.5092324896348976,0.0122726249432041,,,,,,,,,,0.0,,,,,,,,,,,,,,,,0.1,940337756.0,97183700,48,9.675879350137937,2025-02-07,9.5764770701784,9.10449468,9.22830057,9.08544762,0.0388012453958206,-0.0102732037432978,-0.0123966942148761,9.26639469,9.38067705,9.1425888,9.20925351,94922800,918462367.0,47,2025-02-06 14:55:00,9.675887847808957,-0.00820512820512831,-0.010235414534288667,0.023280423280423124,,,,,,,0.025853154084798213,asof1455,14:55
2025-02-07,9.22830057,9.22830057,9.08544762,9.10449468,139787830.0,0.0,0.0,9.150400884170926,9.05494927600502,0.19999413,0.0219665271966503,38.061477659250805,1.3065538653726878,0.1333333333324008,9.50448294,9.50448294,9.50448294,-132742680.0,56857919.95,118187129.9663247,3892.7028,0.0233871949160404,-0.003128258602711,-0.0265154535187515,-0.2295377577866729,0.4772720487617736,-1.9999999999900024,0.1333333333324008,0.2673930338869243,-1.6042406648170853,-0.0265154535187515,,,,,,,,,,0.0,,,,,,,,,,,,,,,,0.1,1350698886.0,141043400,48,9.5764770701784,2025-02-10,9.52410656915241,9.06640056,9.1425888,8.99021232,0.0460884325710222,-0.0054686604105254,-0.0041841004184101,9.22830057,9.22830057,9.08544762,9.10449468,137538100,1317197824.0,47,2025-02-07 14:55:00,9.576966847731647,-0.012396694214876103,-0.03726082578046319,-0.0031282586027110426,0.015465348318057126,,-0.002059200061555022,,-0.11887680939468323,,0.015690376569037653,asof1455,14:55
2025-02-10,9.05687703,9.1425888,8.99021232,9.06640056,127547124.0,0.0,0.0,9.142400853297504,9.055324727939285,0.1979533735714287,0.0218337334933949,37.08387434263917,1.1917622699150323,0.4999999999967186,9.50448294,9.50448294,9.50448294,-260289804.0,50186538.8,131396995.88996588,3901.0618,0.0177929885688343,-0.0255885363357216,-0.043381524904556,-0.3839302757307976,0.439881997395519,-2.213058419232809,0.4999999999967186,0.1754331107620126,-2.362887680171914,-0.043381524904556,,,,,,,,,,0.0,,,,,,,,,,,,,,,,0.1,1203280386.0,126340500,48,9.52410656915241,2025-02-11,9.550787609860311,9.10449468,9.15211233,9.0473535,0.0534266103350182,0.00280142189865,0.0042016806722688,9.05687703,9.1425888,8.99021232,9.06640056,124292400,1183795840.0,47,2025-02-10 14:55:00,9.524281774267775,-0.004184100418410108,-0.02358974358974364,-0.025588536335721668,0.02385674607089472,,-0.006989295891315139,,-0.4144705605486633,,0.016806722689075734,asof1455,14:55
2025-02-11,9.06640056,9.15211233,9.0473535,9.10449468,85067672.0,0.0,0.0,9.138790741554883,9.056936857515042,0.1931916085714286,0.0212193664076486,38.777330536245465,0.8062159500794709,0.5454545454493432,9.50448294,9.45686529,9.45686529,-175222132.0,42005939.2,139813305.1148846,3883.1352,0.0173051119020239,-0.0372608257804631,-0.0545659376824871,-0.1775235570960397,0.4236927506566807,-2.0704225352005534,0.5454545454493432,-0.2154036442235412,-1.5537009944905007,-0.0545659376824871,,,,,,,,,,0.0,,,,,,,,,,,,,,,,0.1,812740508.0,85096700,48,9.550787609860311,2025-02-12,9.537738021294636,9.07592409,9.16163586,9.0473535,0.0475856548355559,-0.0013663363796513,-0.0031380753138074,9.06640056,9.15211233,9.05687703,9.08544762,82649400,789350562.0,47,2025-02-11 14:55:00,9.550590349113243,0.0021008403361344463,-0.01446280991735549,-0.0392749244712991,0.021750412237142358,,-0.006053036523141375,,-0.39110170211792306,,0.010482180293500917,asof1455,14:55
2025-02-12,9.09497115,9.16163586,9.0473535,9.07592409,80127002.0,0.0,0.0,9.1328034414068,9.057559389727665,0.1843483307142857,0.0203117973317321,37.9522516206498,0.7612703640238891,0.2499999999978202,9.50448294,9.39020058,9.39020058,-255349134.0,25552222.25,153778190.49664164,3919.8617,0.0328785538599822,-0.0225641025641024,-0.0554426564240847,-0.3085428069031211,0.4081623705904161,-2.324723247219861,0.2499999999978202,-0.272766709545528,-1.826665766730651,-0.0554426564240847,,,,,,,,,,0.0,,,,,,,,,,,,,,,,0.1,757030296.0,79372100,48,9.537738021294636,2025-02-13,9.526148706318104,9.0473535,9.09497115,9.0473535,0.0496064766357147,-0.0012151009967621,-0.0031479538300106,9.09497115,9.15211233,9.0473535,9.07592409,78165900,745540706.0,47,2025-02-12 14:55:00,9.537927740869101,-0.003138075313807498,-0.003138075313807498,-0.02256410256410246,0.01123837288009466,,-0.008247439943165014,,-0.5810373784299764,,0.011542497376705112,asof1455,14:55
2025-02-13,9.06640056,9.09497115,9.0473535,9.0473535,74489315.0,0.0,0.0,9.12466535174901,9.057224770392333,0.1693827835714286,0.0187218045112761,37.10209164001007,0.7179506559397844,0.0,9.50448294,9.22830057,9.22830057,-329838449.0,147938.35,167784660.9145388,3905.1398,0.0162141904013795,-0.0185950413223141,-0.0348092317236936,-0.4564327620460434,0.3981548769851324,-2.6987951807069632,0.0,-0.3313544366133861,-1.9667255966746493,-0.0348092317236936,,,,,,,,,,0.0,,,,,,,,,,,,,,,,0.1,709850497.0,74516000,48,9.526148706318104,2025-02-14,9.454175681047923,8.99973585,9.06640056,8.97116526,0.0449658766011435,-0.0075553119617421,-0.0052631578947367,9.06640056,9.09497115,9.0473535,9.05687703,70738800,673951992.0,47,2025-02-13 14:55:00,9.52733142207671,-0.0020986358866736943,-0.0010504201680671121,-0.017561983471074405,-0.0011495263033715064,,-0.010873865856836473,,-0.7977257303270411,,0.005257623554153456,asof1455,14:55
2025-02-14,9.05687703,9.06640056,8.97116526,8.99973585,110170179.0,0.0,0.0,9.112767303963391,9.055339887756515,0.165981522857143,0.0184429327286449,35.6680050860607,1.0693442728093865,0.2999999999968592,9.50448294,9.16163586,9.16163586,-440008628.0,-37000136.45,178533083.351222,3939.0085,0.0118955138316749,-0.0115062761506276,-0.0234017899823025,-0.6809881727618182,0.3459868015306416,-3.040983606539056,0.2999999999968592,0.0670456314671716,-2.257332276938136,-0.0234017899823025,,,,,,,,,,0.0,,,,,,,,,,,,,,,,0.1,1041621369.0,110175800,48,9.454175681047923,2025-02-17,9.369477073798013,8.91402408,9.03782997,8.86640643,0.0410835640023823,-0.0089588569228412,-0.0095238095238094,9.05687703,9.05687703,8.97116526,9.00925938,108246800,1023388352.0,47,2025-02-14 14:55:00,9.454213445570677,-0.004210526315789553,-0.010460251046025215,-0.010460251046025215,-0.009424226447850015,,-0.015967136597373255,,-1.1639238198828485,,0.009513742071881763,asof1455,14:55
2025-02-17,9.00925938,9.03782997,8.86640643,8.91402408,149783126.0,0.0,0.0,9.09383937787164,9.050706582584173,0.1680222792857144,0.0188492063492042,33.181815181660824,1.4377508999279214,0.2777777777761625,9.50448294,9.16163586,9.16163586,-589791754.0,-75301063.8,208357249.12891304,3947.3983,0.0118779200062915,-0.0168067226890755,-0.028684642695367,-1.0701872313302077,0.256708785707315,-3.514170040464911,0.2777777777761625,0.3630800175394884,-2.469271850876082,-0.028684642695367,,,,,,,,,,1.0,,,,,,,,,,,,,,,,0.1,1413521474.0,150864500,48,9.369477073798013,2025-02-18,9.463141886198544,9.02830644,9.07592409,8.92354761,0.0616015619063194,0.0099968025603551,0.0128205128205127,9.00925938,9.02830644,8.86640643,8.91402408,148720900,1393448384.0,47,2025-02-17 14:55:00,9.369553196625356,-0.00952380952380949,-0.01783840503672618,-0.01680672268907557,-0.01783840503672618,,-0.025862517562574627,,-1.826872559880001,,0.01816239316239317,asof1455,14:55
2025-02-18,8.92354761,9.07592409,8.92354761,9.02830644,136227480.0,0.0,0.0,9.08759814569339,9.049972151679771,0.1687025314285715,0.0186859553948141,39.26101513180141,1.274885210339821,0.6874999999954823,9.50448294,9.16163586,9.16163586,-453564274.0,-102655171.8,219985583.52549824,3912.7829,0.0076349904067207,-0.0083682008368201,-0.0160031912435408,-0.3514571191727642,0.2230315911372338,-2.8225806451445634,0.6874999999954823,0.2428561434513234,-1.595145902637418,-0.0160031912435408,,,,,,,,,,0.0,,,,,,,,,,,,,,,,0.1,1291527712.0,136479800,48,9.463141886198544,2025-02-19,9.45071668801531,8.98068879,9.05687703,8.9521182,0.0467873183993643,-0.0013130098156253,-0.0052742616033754,8.92354761,9.07592409,8.92354761,9.01878291,134476400,1272534949.0,47,2025-02-18 14:55:00,9.46288678905741,0.01175213675213671,-0.0031578947368420263,-0.009414225941422605,-0.001054852320675037,,-0.013541666666666674,,-0.8926331637973082,,0.016895459345301053,asof1455,14:55
2025-02-19,9.03782997,9.05687703,8.9521182,8.98068879,92577832.0,0.0,0.0,9.07741630229402,9.047700566050928,0.1639407664285717,0.0182548098772893,37.72105653481268,0.8870256162349373,0.2727272727246755,9.45686529,9.09497115,9.09497115,-546142106.0,-127523414.25,239716747.49931,3940.1602,0.005178371471626,-0.0104931794333683,-0.0156715509049943,-0.5900150060331215,0.1812589808518226,-2.9045643153349707,0.2727272727246755,-0.1198814174560405,-1.7463055715421176,-0.0156715509049943,,,,,,,,,,0.0,,,,,,,,,,,,,,,,0.1,875039968.0,92589800,48,9.45071668801531,2025-02-20,9.39378992651702,8.93307114,8.99021232,8.91402408,0.0459988254995549,-0.0060235391005298,-0.005302226935313,9.03782997,9.05687703,8.9521182,8.99973585,90695700,857177888.0,47,2025-02-19 14:55:00,9.451141432284,-0.0031645569620252223,0.0,-0.008394543546694666,0.0031847133757962887,,-0.015625,,-1.0299613428430487,,0.011640211640211808,asof1455,14:55
2025-02-20,8.98068879,8.99021232,8.91402408,8.93307114,67533551.0,0.0,0.0,9.063669143980302,9.043942224213191,0.156457992857143,0.0175144684739548,36.19226602212863,0.668085233257163,0.2499999999967011,9.39020058,9.07592409,9.07592409,-613675657.0,-162428616.55,256547788.3271272,3928.8959,0.0060832905393042,-0.0126315789473685,-0.0187148694866727,-0.8347160895686133,0.1260844486545138,-2.921739130416112,0.2499999999967011,-0.4033395188886505,-1.758920017952404,-0.0187148694866727,,,,,,,,,,0.0,,,,,,,,,,,,,,,,0.1,635218408.0,67621100,48,9.39378992651702,2025-02-21,9.187955862181916,8.73307701,8.92354761,8.67593583,0.0285327093210541,-0.0219117167772796,-0.0223880597014923,8.98068879,8.99021232,8.91402408,8.93307114,65520800,615523112.0,47,2025-02-20 14:55:00,9.394316186615548,-0.005302226935313015,0.002136752136751907,-0.01263157894736855,-0.022916666666666807,,-0.022967553773241,,-1.5203371802760615,,0.008528784648187487,asof1455,14:55
2025-02-21,8.92354761,8.92354761,8.67593583,8.73307701,262372241.0,0.0,0.0,9.03218417883932,9.03374992210784,0.1482949671428572,0.0169808381367795,30.585486296729187,2.4089980546935306,0.2307692307683004,9.22830057,9.07592409,9.07592409,-876047898.0,-215742845.25,286737413.37337965,3978.444,0.0100115295511549,-0.0296296296296295,-0.0396411591807844,-2.016974511003897,-0.0105583034857885,-3.3394495412618777,0.2307692307683004,0.8792109161162317,-2.3028214036728207,-0.0396411591807844,,,,,,,,,,0.0,,,,,,,,,,,,,,,,0.1,2423542032.0,263773800,48,9.187955862181916,2025-02-24,9.097062193043833,8.64736524,8.75212407,8.61879465,0.041678915991127,-0.0098926976251818,-0.0098146128680481,8.92354761,8.92354761,8.67593583,8.71402995,260464000,2393218064.0,47,2025-02-21 14:55:00,9.188287302659868,-0.024520255863539342,-0.034810126582278444,-0.031746031746031744,-0.06917599186164802,,-0.045831378069763784,,-2.8764992538238987,,0.028415300546448054,asof1455,14:55
2025-02-24,8.6664123,8.75212407,8.61879465,8.64736524,149296059.0,0.0,0.0,8.995534756092718,9.021081571874795,0.1435332021428573,0.0165984896161088,28.54455277053998,1.3234386629488215,0.2142857142841004,9.16163586,9.07592409,9.07592409,-1025343957.0,-272952845.6,325761012.1856591,3969.7169,0.0056540025363034,-0.0299145299145301,-0.0355685324508335,-2.4257071596839554,-0.1779854096508912,-3.582938388600635,0.2142857142841004,0.2802333970314168,-2.309641372833143,-0.0355685324508335,,,,,,,,,,0.0,,,,,,,,,,,,,,,,0.1,1358641690.0,149349500,48,9.097062193043833,2025-02-25,8.995473771869326,8.55212994,8.68545936,8.51403582,0.0402560227546635,-0.0111671679294648,-0.0110132158590307,8.6664123,8.75212407,8.61879465,8.62831818,146269500,1330690202.0,47,2025-02-24 14:55:00,9.09752342080885,-0.01199563794983638,-0.03923647932131491,-0.03205128205128205,-0.07172131147540972,,-0.051954167320671596,,-2.95856913939567,,0.015452538631346671,asof1455,14:55
2025-02-25,8.63784171,8.68545936,8.51403582,8.55212994,157816588.0,0.0,0.0,8.953305725988649,9.005706108534639,0.1414924457142858,0.0165447025135201,26.43389957543637,1.3534821851272685,0.2222222222209282,9.16163586,9.05687703,9.05687703,-1183160545.0,-333954061.9,372858786.09281504,3925.6505,0.0032886056622256,-0.0527426160337551,-0.0560312216959808,-2.835315934787807,-0.3703404961380849,-4.307692307661861,0.2222222222209282,0.3026806679074807,-2.2775552428275314,-0.0560312216959808,,,,,,,,,,0.0,,,,,,,,,,,,,,,0.0207434213100716,0.1,1433427846.0,159349900,48,8.995473771869326,2025-02-26,8.993136797506317,8.54260641,8.63784171,8.51403582,0.0515669032861205,-0.0002597944724509,-0.0011135857461025,8.63784171,8.67593583,8.51403582,8.54260641,155508300,1398950264.0,47,2025-02-25 14:55:00,8.995984548734699,-0.012114537444933848,-0.043710021321961556,-0.053797468354430444,-0.07238883143743546,,-0.058020477815699745,,-2.900322407927308,,0.018952062430323314,asof1455,14:55
2025-02-26,8.52355935,8.63784171,8.51403582,8.54260641,132014404.0,0.0,0.0,8.914191505418302,8.990522511861373,0.1326491678571429,0.0155279503105572,26.22506858290897,1.102409138137613,0.2307692307673612,9.16163586,8.99021232,8.99021232,-1315174949.0,-398105685.8,422484855.541103,3959.9413,0.0050203796282191,-0.048780487804878,-0.0538008674330972,-2.801262167099917,-0.5754352452832655,-4.666666666631491,0.2307692307673612,0.0974979105549594,-2.1706559446384217,-0.0538008674330972,,,,,,,,,,1.0,,,,,,,,,,,,,,,0.0203117973317321,0.1,1187792824.0,132077700,48,8.993136797506317,2025-02-27,9.097324085363825,8.74260054,8.75212407,8.52355935,0.0649354130039832,0.0115851999367335,0.0234113712374581,8.52355935,8.63784171,8.51403582,8.55212994,130390800,1172654398.0,47,2025-02-26 14:55:00,8.993382953398553,0.0,-0.02071973827699025,-0.04772004241781547,-0.06360792492179346,,-0.05354131534569995,,-2.30135349013342,,0.014476614699331833,asof1455,14:55
2025-02-27,8.571177,8.75212407,8.52355935,8.74260054,180025979.0,0.0,0.0,8.897849508711797,8.982393922620016,0.1387714371428573,0.015873015873014,37.40801883645775,1.4551567945349968,0.9583333333291366,9.09497115,8.92354761,8.92354761,-1135148970.0,-448219749.85,446795382.8520069,3968.1159,0.0099824482496468,-0.021321961620469,-0.0313044098701159,-1.118738638923646,-0.6092349812632988,-2.539215686256204,0.9583333333291366,0.3751136573844956,-1.5374581889480563,-0.0313044098701159,,,,,,,,,,0.0,,,,,,,,,,,,,,,0.0195805018404681,0.1,1638468096.0,180104400,48,9.097324085363825,2025-02-28,9.206299109521767,8.69498289,8.8568829,8.69498289,0.0530389747764648,0.0119787998245843,-0.0054466230936818,8.571177,8.75212407,8.52355935,8.73307701,176198200,1602623872.0,47,2025-02-27 14:55:00,9.095574597243331,0.022296544035674604,0.009911894273127997,-0.02238805970149238,-0.02962962962962956,,-0.030347890451517312,,-1.165271471410715,,0.026172300981461442,asof1455,14:55
2025-02-28,8.77117113,8.8568829,8.69498289,8.69498289,123189658.0,0.0,0.0,8.878528878358292,8.972970610075098,0.1394516892857144,0.0160381786887792,36.00847129482578,0.9845451048663708,0.0,9.07592409,8.8568829,8.878528878358292,-1258338628.0,-509245215.5,469356603.3049969,3890.0487,-0.022218560824282,-0.0043620501635769,0.0178565106607051,-1.3161976688637944,-0.6772361969931582,-2.7317073170535826,0.0,-0.0155755669535787,-1.596000582979387,0.0178565106607051,,,,,,,,,,1.0,,,,,,,,,,,,,,,0.0188492063492042,0.1,1135074998.0,123293300,48,9.206299109521767,2025-03-03,9.17457761455558,8.79021819,8.79021819,8.62831818,0.0551576386777201,-0.0034456294096918,0.0109529025191674,8.77117113,8.84735937,8.70450642,8.72355348,117924700,1086033855.0,47,2025-02-28 14:55:00,9.20955368128984,-0.002178649237472796,0.020044543429843964,-0.0010905125408943173,-0.044838373305526535,,-0.030020649123736032,,-1.117904033339772,,0.01637554585152838,asof1455,14:55
2025-03-03,8.73307701,8.79021819,8.62831818,8.79021819,104108906.0,0.0,0.0,8.870118336609885,8.966978727449685,0.1435332021428572,0.0163287416808525,40.78049303873675,0.8406460419396063,0.9999999999938232,9.07592409,8.8568829,8.870118336609885,-1154229722.0,-571550182.85,468131402.7250309,3888.4738,-0.0204657163335751,0.0165198237885462,0.0369855401221214,-0.5566666486671489,-0.6748291642147152,-1.9905213270003608,0.9999999999938232,-0.17358458520159,-1.2446922717813311,0.0369855401221214,,,,,,,,,,1.0,,,,,,,,,,,,,,,0.0187855054302401,0.1,955555195.0,104152500,48,9.17457761455558,2025-03-04,9.278450683534228,8.84735937,8.88545349,8.7616476,0.0555427047407828,0.0113218366384357,0.0065005417118093,8.73307701,8.79021819,8.63784171,8.79021819,101842600,934238210.0,47,2025-03-03 14:55:00,9.173353881381662,0.010952902519167473,0.02898550724637672,0.016519823788546217,-0.0552712384851588,,-0.02022185658935316,,-0.7325582162971619,,0.017334777898158085,asof1455,14:55
2025-03-04,8.79021819,8.88545349,8.7616476,8.84735937,95875875.0,0.0,0.0,8.867950815980372,8.963056781303795,0.1442134542857142,0.0163001691526969,43.50283404795883,0.778594086084823,0.6923076923020982,9.07592409,8.88545349,8.88545349,-1058353847.0,-634559333.8,443981943.50665706,3885.2208,-0.0102988536549547,0.0345211581291757,0.0448200117841305,-0.1427845001162919,-0.659480530397259,-1.5849056603663785,0.6923076923020982,-0.2502654394102473,-0.9545309655000546,0.0448200117841305,,,,,,,,,,1.0,,,,,,,,,,,,,,,0.0187218045112761,0.1,890537346.0,95979100,48,9.278450683534228,2025-03-05,9.427111815953149,9.01878291,9.05687703,8.81878878,0.0655283030458782,0.016022193520168,0.0193756727664156,8.79021819,8.88545349,8.7616476,8.86640643,93783300,870132414.0,47,2025-03-04 14:55:00,9.278116828902373,0.008667388949079147,0.014161220043573008,0.03674832962138086,-0.06243705941591138,,-0.008889125459094038,,-0.33372579005457975,,0.013963480128893648,asof1455,14:55
2025-03-05,8.8568829,9.05687703,8.81878878,9.01878291,148530261.0,0.0,0.0,8.882315777315574,8.964883867490554,0.1578184971428572,0.0174988686076311,50.80870405253782,1.18177200915417,0.8399999999964712,9.05687703,9.05687703,9.05687703,-909823586.0,-685260078.5,413582271.7861339,3902.5706,-0.0144877652605608,0.0557413600891862,0.0702291253497471,0.8647093664821304,-0.5231838578447291,-0.2413793103432994,0.8399999999964712,0.1670150147227051,-0.5429717926016985,0.0702291253497471,,,,,,,,,,0.0,,,,,,,,,,,,,,,0.0187038799530451,0.1,1407027548.0,149253300,48,9.427111815953149,2025-03-06,9.40005996790597,8.93307114,9.03782997,8.90450055,0.0422758881892155,-0.0028695796311019,-0.0095036958817319,8.8568829,9.0473535,8.82831231,9.01878291,146813200,1383926876.0,47,2025-03-05 14:55:00,9.426447185947858,0.019375672766415608,0.03723986856516981,0.05574136008918629,-0.02871794871794875,,0.011590022966405211,,0.4966689466207531,,0.024287222808870162,asof1455,14:55
2025-03-06,9.01878291,9.03782997,8.90450055,8.93307114,115109902.0,0.0,0.0,8.887149621380757,8.963840827244962,0.1605395057142858,0.0179713676515362,47.501170371332265,0.9093662809565224,0.2142857142841004,9.05687703,9.05687703,9.05687703,-1024933488.0,-736859010.4,387546668.8648021,3956.2369,-0.0029936121573465,0.0217864923747275,0.024780104532074,0.2860449732583749,-0.4777092437310402,-0.7711864406731722,0.2142857142841004,-0.095007316619835,-0.7433284833638873,0.024780104532074,,,,,,,,,,0.0,,,,,,,,,,,,,,,0.0186859553948141,0.1,1082525946.0,115161600,48,9.40005996790597,2025-03-07,9.334680973318973,8.8568829,8.97116526,8.84735937,0.0449576441321135,-0.0069551678191646,-0.0085287846481875,9.01878291,9.02830644,8.90450055,8.93307114,112084400,1053664314.0,47,2025-03-06 14:55:00,9.400633040815672,-0.009503695881731944,0.01625135427952329,0.021786492374727517,-0.030991735537190257,,0.0034768654720513936,,0.1613569022857928,,0.01385927505330489,asof1455,14:55
2025-03-07,8.94259467,8.97116526,8.84735937,8.8568829,85695229.0,0.0,0.0,8.884267076487353,8.960334009958242,0.157138245,0.0177419354838689,44.714734967727765,0.6917716215125816,0.0769230769224633,9.05687703,9.05687703,9.05687703,-1110628717.0,-785753312.25,369512016.6389722,3944.0143,0.0138727312077095,0.0186199342825847,0.0047472030748751,-0.1742680560494874,-0.4840765115481906,-1.2727272727191752,0.0769230769224633,-0.3684994045511914,-0.8792011900046435,0.0047472030748751,,,,,,,,,,0.0,,,,,,,,,,,,,,,0.0185644440617295,0.1,789533851.0,84580700,48,9.334680973318973,2025-03-10,9.241707293497964,8.82831231,8.84735937,8.75212407,0.0434491906286762,-0.009960027566743,-0.003225806451613,8.94259467,8.97116526,8.84735937,8.86640643,84041800,784515737.0,47,2025-03-07 14:55:00,9.334827871368772,-0.00746268656716409,0.0021528525296017342,0.019715224534501585,-0.026150627615062816,,-0.00241092954728106,,-0.12049369674538664,,0.013963480128893648,asof1455,14:55
2025-03-10,8.82831231,8.84735937,8.75212407,8.82831231,87613656.0,0.0,0.0,8.878938051107605,8.956005429631743,0.1530567321428571,0.0173370319001367,43.6799671263465,0.7188444412498959,0.799999999991596,9.05687703,9.05687703,9.05687703,-1198242373.0,-832650940.7,359223480.8906105,3928.8018,0.0103711641312846,0.0043336944745395,-0.0060374696567451,-0.3307645498404004,-0.5035216513815455,-1.493333333323586,0.799999999991596,-0.3301102989807494,-1.0177269909906823,-0.0060374696567451,,,,,,,,,,1.0,,,,,,,,,,,,,,,0.0184429327286449,0.1,812702801.0,87938600,48,9.241707293497964,2025-03-11,9.269615100212931,8.87592996,8.87592996,8.79021819,0.0499872200616486,0.0030197674335132,0.005393743257821,8.82831231,8.84735937,8.75212407,8.82831231,86683300,801062155.0,47,2025-03-10 14:55:00,9.241251256008942,-0.003225806451613078,-0.02111932418162632,0.004333694474539573,-0.02626050420168069,,-0.005311443746982114,,-0.2760038301182905,,0.010787486515641721,asof1455,14:55
2025-03-11,8.79021819,8.87592996,8.79021819,8.87592996,69610190.0,0.0,0.0,8.878651566240215,8.953380004397914,0.1516962278571428,0.0170907418761476,45.92599048363047,0.5747760377884661,0.9999999999883328,9.05687703,9.05687703,9.05687703,-1128632183.0,-880321443.25,330966229.809077,3941.4157,0.0144637596915984,0.0032292787944026,-0.0112344808971958,-0.0179411596362155,-0.4926189610171483,-1.1928251120997615,0.9999999999883328,-0.5537748135577388,-0.7502600488673479,-0.0112344808971958,,,,,,,,,,0.0,,,,,,,,,,,,,,,0.0183488713029671,0.1,645598102.0,69646700,48,9.269615100212931,2025-03-12,9.263397066112653,8.78069466,8.89497702,8.77117113,0.0436536912592595,-0.0006707974422945,-0.0107296137339056,8.79021819,8.86640643,8.79021819,8.8568829,66124100,612810065.0,47,2025-03-11 14:55:00,9.267575135238136,0.003236245954692629,-0.008528784648187515,0.0010764262648008671,-0.027196652719665204,,-0.0007521220586653721,,-0.040333261949918826,,0.00860215053763446,asof1455,14:55
2025-03-12,8.84735937,8.89497702,8.77117113,8.78069466,93797445.0,0.0,0.0,8.86932233707448,8.94771818982749,0.1550974885714286,0.0176634645181262,42.29322894337539,0.7701452212741601,0.0769230769224489,9.05687703,9.03782997,9.03782997,-1222429628.0,-928675467.95,305815164.28478444,3927.2315,0.0063191425672093,-0.0263991552270328,-0.0327182977942421,-0.571432057928473,-0.5054617806812524,-1.780701754374488,0.0769230769224489,-0.2611761828596232,-0.9605611308942388,-0.0327182977942421,,,,,,,,,,1.0,,,,,,,,,,,,,,,0.0182548098772893,0.1,878383100.0,94823000,48,9.263397066112653,2025-03-13,9.310773863378758,8.89497702,8.90450055,8.77117113,0.060368709299676,0.0051144085617811,0.0130151843817787,8.84735937,8.89497702,8.77117113,8.79021819,92021600,852539516.0,47,2025-03-12 14:55:00,9.264558712302328,-0.009656652360515161,-0.007526881720430256,-0.02534318901795163,-0.03147953830010508,,-0.0069930069930072,,-0.3971618557562252,,0.014084507042253508,asof1455,14:55
2025-03-13,8.78069466,8.90450055,8.77117113,8.89497702,98390219.0,0.0,0.0,8.871765640210246,8.945988971144622,0.1462542107142857,0.0164423371061468,47.645055078345415,0.8000054298448716,0.9285714285644696,9.05687703,8.97116526,8.97116526,-1124039409.0,-968385515.95,275543266.12031484,3911.5793,-0.0112878983561374,-0.0042643923240935,0.0070235060320438,0.1587057198301172,-0.5074953436989781,-1.106976744178478,0.9285714285644696,-0.2231367640311539,-0.5648981927289572,0.0070235060320438,,,,,,,,,,0.0,,,,,,,,,,,,,,,0.0181130887644127,0.1,928233876.0,99694600,48,9.310773863378758,2025-03-14,9.298926706964414,8.79974172,8.97116526,8.79021819,0.0454132355885965,-0.0012724137207263,-0.0107066381156317,8.78069466,8.90450055,8.77117113,8.89497702,98098400,913330966.0,47,2025-03-13 14:55:00,9.31035537786549,0.013015184381778733,0.007551240560949468,-0.004264392324093591,-0.01684210526315777,,0.006519747831241096,,0.3900000812444796,,0.014989293361884258,asof1455,14:55
2025-03-14,8.88545349,8.97116526,8.79021819,8.79974172,207092303.0,0.0,0.0,8.864906219237842,8.941193979303815,0.1496554714285714,0.0170068027210865,43.98425587690816,1.6200216671361904,0.0526315789470827,9.05687703,8.97116526,8.97116526,-1331131712.0,-1012941670.15,257990259.46459177,4006.5567,0.015857548995195,-0.0064516129032258,-0.0223091618984209,-0.4354301156874723,-0.5097559035913689,-1.7181818181703417,0.0526315789470827,0.4824395239302774,-1.2333412994364248,-0.0223091618984209,,,,,,,,,,1.0,,,,,,,,,,,,,,,0.0179713676515362,0.1,1927116080.0,207240700,48,9.298926706964414,2025-03-17,9.330002469887626,8.89497702,8.9521182,8.78069466,0.060258671988344,0.0033418655617467,0.0108225108225108,8.88545349,8.97116526,8.79021819,8.80926525,203673700,1894143536.0,47,2025-03-14 14:55:00,9.299892602726812,-0.009635974304068706,-0.007510729613734002,-0.005376344086021612,-0.021164021164021274,,-0.0023189343687645136,,-0.14577443794436526,,0.020540540540540567,asof1455,14:55
2025-03-17,8.82831231,8.9521182,8.78069466,8.89497702,153820014.0,0.0,0.0,8.867770105024714,8.939678669162706,0.1496554714285714,0.0168247170388479,48.26507230407638,1.201391390116839,0.6666666666627845,9.05687703,8.97116526,8.97116526,-1177311698.0,-1042317667.35,241027192.43478703,3996.7876,0.0173044616300064,0.0075512405609494,-0.0097532210690569,0.1817969948936345,-0.4804940537829414,-1.0818181818109536,0.6666666666627845,0.1834803768665752,-0.5600780114738478,-0.0097532210690569,,,,,,,,,,0.0,,,,,,,,,,,,,,,0.0178566515677025,0.1,1427895300.0,153043400,48,9.330002469887626,2025-03-18,9.382814528713435,8.90450055,8.98068879,8.88545349,0.0548441561587569,0.0056604549673227,0.0010706638115631,8.82831231,8.9521182,8.79021819,8.89497702,151855700,1416808322.0,47,2025-03-17 14:55:00,9.329964709918693,0.010822510822510845,0.013015184381778733,0.007551240560949468,-0.002136752136752129,,0.008530396285498343,,0.5572368983150766,,0.018201284796573885,asof1455,14:55
2025-03-18,8.92354761,8.98068879,8.88545349,8.90450055,92239259.0,0.0,0.0,8.871268242641408,8.938525288206552,0.147614715,0.01657754010695,48.68737650144262,0.733014727347735,0.1999999999978999,9.05687703,8.98068879,8.98068879,-1085072439.0,-1073893075.6,199642109.04197264,4007.7229,0.016823193757512,0.0032188841201716,-0.0136043096373403,0.2251286896321054,-0.4556256167597421,-1.032258064509142,0.1999999999978999,-0.3105894854177408,-0.0559970211377087,-0.0136043096373403,,,,,,,,,,1.0,,,,,,,,,,,,,,,0.0177419354838689,0.1,870657632.0,92792800,48,9.382814528713435,2025-03-19,9.394761589126889,8.96164173,8.99021232,8.88545349,0.05505766846484,0.0012732917587672,0.0064171122994651,8.92354761,8.98068879,8.89497702,8.92354761,90174700,846163309.0,47,2025-03-18 14:55:00,9.383599934349657,0.0032119914346895317,0.0032119914346895317,0.005364806866952732,-0.011603375527426185,,0.011879049676025932,,0.7793777767395411,,0.009605122732123758,asof1455,14:55
2025-03-19,8.92354761,8.99021232,8.88545349,8.96164173,90801821.0,0.0,0.0,8.879875241437464,8.939283204330927,0.138771437142857,0.0154850463033229,51.2582381674413,0.7221011516503044,0.7272727272657911,9.05687703,8.99021232,8.99021232,-994270618.0,-1096299501.2,160455153.50584644,4010.168,0.0211183119711686,0.0206073752711497,-0.0005109367000188,0.5892169905091721,-0.4280993561512072,-0.6862745097989806,0.7272727272657911,-0.3255900506636439,0.6358716499329046,-0.0005109367000188,,,,,,,,,,0.0,,,,,,,,,,,,,,,0.0177027000009976,0.1,853252916.0,90822200,48,9.394761589126889,2025-03-20,9.467916273206589,8.98068879,9.06640056,8.98068879,0.0564935040319434,0.007786752583947,0.0021253985122211,8.92354761,8.99021232,8.88545349,8.98068879,89070900,836765238.0,47,2025-03-19 14:55:00,9.3943727749467,0.00855614973262031,0.02056277056277067,0.022776572668112838,0.0,,0.019073863943372737,,1.3205977399591413,,0.0116648992576882,asof1455,14:55
2025-03-20,8.99021232,9.06640056,8.98068879,8.98068879,88213056.0,0.0,0.0,8.889476531776753,8.940640764516798,0.1346899242857142,0.014997727617026,52.11938583564108,0.6957927234059271,0.0,9.03782997,9.06640056,9.06640056,-906057562.0,-1110918596.45,125281480.52551784,3974.9918,0.016211482661236,0.0096359743040683,-0.0065755083571676,0.6772017929795874,-0.3798668164007032,-0.4242424242392772,0.0,-0.3627034742006593,1.635206046341966,-0.0065755083571676,,,,,,,,,,0.0,,,,,,,,,,,,,,,0.0176634645181262,0.1,835194245.0,88213100,48,9.467916273206589,2025-03-21,9.419746643636564,8.91402408,9.0473535,8.90450055,0.0488891068272463,-0.0050876695758641,-0.0074231177094379,8.99021232,9.06640056,8.98068879,8.99973585,86152900,815749440.0,47,2025-03-20 14:55:00,9.468624271498696,0.004250797024442088,0.011777301927194728,0.011777301927194728,0.007462686567164312,,0.02134558227506078,,1.4917348176434546,,0.009523809523809483,asof1455,14:55
2025-03-21,8.99021232,9.0473535,8.90450055,8.91402408,92458682.0,0.0,0.0,8.8918143935123,8.93976808633592,0.13332942,0.0149572649572632,48.86529508706723,0.7816604075496645,0.0666666666662066,9.06640056,9.06640056,9.06640056,-998516244.0,-1117042013.75,116324783.7544989,3914.6956,-0.0229276924996468,0.0129870129870131,0.0359147054866599,0.1665775377072368,-0.35966325229091,-1.1428571428485643,0.0666666666662066,-0.2463348942010763,1.0189210409378129,0.0359147054866599,,,,,,,,,,1.0,,,,,,,,,,,,,,,0.0175889664960405,0.1,870937529.0,92458700,48,9.419746643636564,2025-03-24,9.44792891169718,9.01878291,9.02830644,8.91402408,0.0598949281385807,0.0029918286687309,0.0117521367521367,8.99021232,9.0473535,8.90450055,8.92354761,86413000,814331265.0,47,2025-03-21 14:55:00,9.423712462245264,-0.006362672322375418,0.002139037433155133,0.01406926406926412,0.021810250817884347,,0.012425715829281536,,0.850453079394477,,0.016008537886872995,asof1455,14:55
2025-03-24,8.94259467,9.02830644,8.91402408,9.01878291,111109727.0,0.0,0.0,8.903906633177796,8.94235873629212,0.1326491678571428,0.0147081007693451,53.75186303252174,0.9547505744858996,0.916666666658652,9.06640056,9.06640056,9.06640056,-887406517.0,-1110145141.75,125299979.48898952,3934.8486,-0.0154971957979453,0.013918629550321,0.0294158253482664,0.8660158120634082,-0.2898782083235152,-0.3589743589716483,0.916666666658652,-0.0463051511632599,1.7776429466181412,0.0294158253482664,,,,,,,,,,1.0,,,,,,,,,,,,,,,0.0175144684739548,0.1,1049756547.0,111109700,48,9.44792891169718,2025-03-25,9.545189344281027,9.12354174,9.13306527,9.00925938,0.0583677908132536,0.0102943654099083,0.0116156282998942,8.94259467,9.02830644,8.92354761,9.01878291,108311100,1023249018.0,47,2025-03-24 14:55:00,9.447314430376942,0.01175213675213671,0.006376195536663243,0.013918629550321082,0.04295154185022043,,0.02218144530195909,,1.5155942952520804,,0.011615628299894374,asof1455,14:55
2025-03-25,9.01878291,9.13306527,9.00925938,9.12354174,96263846.0,0.0,0.0,8.924824262398957,8.948299162643197,0.124486142142857,0.0136444974649552,58.06730829401597,0.8496516059200102,0.923076923069474,9.06640056,9.13306527,9.13306527,-791142671.0,-1090544248.05,141906505.09312364,3932.2951,-0.0188206125727904,0.0245989304812834,0.0434195430540739,1.596301999393668,-0.1885744054716749,0.4590163934389387,0.923076923069474,-0.1629288889078749,2.109850967392389,0.0434195430540739,,,,,,,,,,0.0,,,,,,,,,,,,,,,0.017506668540793,0.1,918856198.0,96263800,48,9.545189344281027,2025-03-26,9.501134949636526,8.99973585,9.1425888,8.99973585,0.0413866917472474,-0.0046153505242823,-0.0135699373695198,9.01878291,9.13306527,9.01878291,9.11401821,94944000,906215997.0,47,2025-03-25 14:55:00,9.544742132204247,0.010559662090813049,0.014846235418875864,0.0235294117647058,0.06570155902004449,,0.030805687203791177,,2.107618314160265,,0.012539184952977938,asof1455,14:55
2025-03-26,9.11401821,9.1425888,8.99973585,8.99973585,89896547.0,0.0,0.0,8.931958699313341,8.949985611408994,0.1251663942857141,0.0139077853363552,51.90331932320645,0.8084794131616982,0.0,9.13306527,9.1425888,9.1425888,-881039218.0,-1068837461.5,139060928.71747127,3919.3566,-0.0226452856837917,0.004250797024442,0.0268960827082338,0.5414963902483636,-0.1440235791594308,-1.0652173912958307,0.0,-0.2126000632926286,1.3504745382619143,0.0268960827082338,,,,,,,,,,1.0,,,,,,,,,,,,,,,0.0174988686076311,0.1,854118778.0,89896500,48,9.501134949636526,2025-03-27,9.535726962976891,9.09497115,9.12354174,8.99973585,0.0595563160864207,0.0036408295981198,0.0105820105820104,9.11401821,9.1425888,8.99973585,9.00925938,88588500,841750458.0,47,2025-03-26 14:55:00,9.501802807362129,-0.012526096033403045,0.010683760683760646,0.005313496280552554,0.05462653288740249,,0.015675327464032662,,1.1108525035779,,0.015856236786469344,asof1455,14:55
2025-03-27,8.99973585,9.12354174,8.99973585,9.09497115,89338831.0,0.0,0.0,8.947483694616833,8.954739235625093,0.1251663942857141,0.0137621540762886,55.79093083952466,0.8376213928831544,0.7692307692245471,9.1425888,9.1425888,9.1425888,-791700387.0,-1051665032.35,150543803.15375823,3932.4117,-0.0107119969404716,0.0127253446447506,0.0234373415852222,1.178331102558739,-0.0579671648257223,-0.380434782605666,0.7692307692245471,-0.1771890790605227,1.7268372387569124,0.0234373415852222,,,,,,,,,,0.0,,,,,,,,,,,,,,,0.0174179502538839,0.1,851910404.0,89338800,48,9.535726962976891,2025-03-28,9.535884066418804,9.05687703,9.13306527,9.0473535,0.0484787592117657,1.647524541348311e-05,-0.0041884816753925,8.99973585,9.12354174,8.99973585,9.10449468,88087100,839954488.0,47,2025-03-27 14:55:00,9.535499386402776,0.011640211640211673,0.009503695881731833,0.013785790031813239,0.04139433551198257,,0.023773827372028267,,2.051864674319953,,0.013598326359832621,asof1455,14:55
2025-03-28,9.09497115,9.13306527,9.0473535,9.05687703,63476046.0,0.0,0.0,8.957902107510467,8.958088015768533,0.1238058899999998,0.0136698212407976,53.91372553446924,0.6122770896274222,0.1111111111098262,9.1425888,9.1425888,9.1425888,-855176433.0,-1031506922.6,148498407.41935828,3915.1662,0.0001202136891562,0.0160256410256409,0.0159054273364847,0.799436298941306,-0.0015016107720294,-0.6923076923020982,0.1111111111098262,-0.4905703381059468,1.1874234388389375,0.0159054273364847,,,,,,,,,,0.0,,,,,,,,,,,,,,,0.0173370319001367,0.1,605299777.0,63476000,48,9.535884066418804,2025-03-31,9.546506814504363,9.0473535,9.1425888,9.02830644,0.0540616575539794,0.0011139762198837,-0.0010515247108308,9.09497115,9.13306527,9.0473535,9.06640056,61338600,584955000.0,47,2025-03-28 14:55:00,9.536490888282419,-0.003141361256544406,-0.006263048016701522,0.017094017094017033,0.042716319824753546,,0.017474482979746853,,1.4704836955373828,,0.009453781512605001,asof1455,14:55
2025-03-31,9.08544762,9.1425888,9.02830644,9.0473535,94247540.0,0.0,0.0,8.966421287747565,8.961014752956451,0.1258466464285712,0.0139097744360886,53.42971400487707,0.9134370316957776,0.1666666666652082,9.1425888,9.1425888,9.1425888,-949423973.0,-1021266635.15,146733601.3841079,3887.3056,-0.0120825487415194,0.0031678986272438,0.0152504473687633,0.6431018588781213,0.0429612941187044,-0.7567567567507492,0.1666666666652082,-0.0905408363600806,0.4896128867029972,0.0152504473687633,,,,,,,,,,1.0,,,,,,,,,,,,,,,0.0172138868881422,0.1,899734401.0,94247500,48,9.546506814504363,2025-04-01,9.525715804618,9.12354174,9.13306527,8.99021232,0.0528731749696747,-0.0021778657146901,0.0084210526315791,9.08544762,9.1425888,9.02830644,9.0473535,92127100,879594874.0,47,2025-03-31 14:55:00,9.547623598268045,-0.001051524710830809,0.005291005291005124,0.0031678986272438703,0.02925243770314201,,0.01327929177110554,,1.2084104336526418,,0.012631578947368497,asof1455,14:55
2025-04-01,9.0473535,9.13306527,8.99021232,9.12354174,107596410.0,0.0,0.0,8.981385140343034,8.966343506630011,0.1272071507142855,0.0139427378467028,56.77309004191123,1.0369234229592597,0.9333333333268056,9.1425888,9.1425888,9.1425888,-841827563.0,-1010440320.95,151508041.5771897,3887.6841,-0.0113447742006951,0.0,0.0113447742006951,1.1175205077514867,0.1182451900576689,-0.1497326203196796,0.9333333333268056,0.0362580817369881,1.112896425791999,0.0113447742006951,,,,,,,,,,1.0,,,,,,,,,,,,,,,0.0170907418761476,0.1,1024932728.0,107596400,48,9.525715804618,2025-04-02,9.717707895490522,9.28544175,9.32353587,9.11401821,0.0651245067346533,0.0201551353001152,0.0177453027139875,9.0473535,9.13306527,8.99973585,9.11401821,106350700,1013002430.0,47,2025-04-01 14:55:00,9.525112951771826,0.007368421052631469,0.0020942408376962707,-0.001043841336117013,0.030139935414424057,,0.019277878368303414,,1.7966643423000768,,0.014629049111807627,asof1455,14:55
2025-04-02,9.11401821,9.32353587,9.11401821,9.28544175,119763334.0,0.0,0.0,9.010342912691316,8.976805744117552,0.1326491678571428,0.0142857142857127,62.87283559804554,1.1704015732390034,0.8181818181779131,9.1425888,9.32353587,9.32353587,-722064229.0,-1001052353.1,162844726.2732835,3884.3858,-0.0089225869368456,0.0317460317460316,0.0406686186828773,2.073882872773688,0.2528260758456393,1.0769230769149585,0.8181818181779131,0.157346914912043,1.7132155918381198,0.0406686186828773,,,,,,,,,,0.0,,,,,,,,,,,,,,,0.017048772298617,0.1,1163824766.0,119763300,48,9.717707895490522,2025-04-03,9.741132061506578,9.27591822,9.3330594,9.21877704,0.0490757816133602,0.0024104620418696,-0.0010256410256411,9.11401821,9.32353587,9.11401821,9.28544175,118127200,1147879811.0,47,2025-04-02 14:55:00,9.7173200668432,0.017745302713987554,0.025236593059936974,0.03174603174603163,0.029567053854276715,,0.03684798213431173,,3.263535198926671,,0.0225641025641027,asof1455,14:55
2025-04-03,9.22830057,9.3330594,9.21877704,9.27591822,75660181.0,0.0,0.0,9.035635799101666,8.986612710539928,0.1278874028571427,0.0137870343209137,62.31578917576052,0.7539312588208053,0.499999999995617,9.32353587,9.3330594,9.3330594,-797724410.0,-989691899.2,168605878.1723367,3861.5034,-0.0180317589839335,0.0198952879581151,0.0379270469420486,1.8788591802498595,0.3833300815101835,-0.3723404255290129,0.499999999995617,-0.2824540838029691,1.1385575122344478,0.0379270469420486,,,,,0.1455174202432653,,,,,0.0,,,,,,,,,,,,,,,0.0170068027210865,0.1,737016000.0,75660200,48,9.741132061506578,2025-04-07,9.30847145117795,8.86640643,9.0473535,8.64736524,0.0035094349050814,-0.044415844852196,-0.0441478439425051,9.22830057,9.3330594,9.21877704,9.26639469,73648600,717422789.0,47,2025-04-03 14:55:00,9.741159899848741,-0.002051282051282022,0.02421052631578946,0.018848167539267102,0.037313432835821114,,0.0331829041677727,,2.4067852232485554,,0.01233299075025682,asof1455,14:55
2025-04-07,8.99021232,9.0473535,8.64736524,8.86640643,263135153.0,0.0,0.0,9.019518716330078,8.982671521014028,0.1605395057142856,0.0181064907165853,44.186786918034784,2.409084282726162,0.5476190476176788,9.3330594,9.3330594,9.3330594,-1060859563.0,-987203441.5,167163709.7461591,3589.4406,-0.0831958551338127,-0.0210304942166141,0.0621653609171986,-0.9537358773336468,0.2295210462488736,-2.9067796609988443,0.5476190476176788,0.8792467096235244,-0.4406226782825534,0.0621653609171986,,,,,0.2836639404545404,,,,,1.0,,,,,,,,,,,,,,,0.017048772298617,0.1,2449386497.0,263135200,48,9.30847145117795,2025-04-08,9.335614065298758,8.94259467,8.97116526,8.78069466,0.0529197075504195,0.002915904535258,0.00859291084855,8.99021232,9.0473535,8.64736524,8.86640643,257110900,2393177600.0,47,2025-04-07 14:55:00,9.307958550182041,-0.04414784394250515,-0.028183716075156684,-0.02103049421661418,0.0010752688172042113,-0.011089707861808518,-0.013300831964389803,-0.014735805090617005,-0.8526423205706798,-0.7114517003747414,0.04511278195488729,asof1455,14:55
2025-04-08,8.82831231,8.97116526,8.78069466,8.94259467,205911048.0,0.0,0.0,9.012192616679595,8.981357525898813,0.167342027142857,0.0187129164764926,47.26086584594666,1.7883369111208969,0.8499999999955407,9.3330594,9.3330594,9.3330594,-854948515.0,-970038748.6,162162806.8408097,3650.759,-0.0608510429434722,-0.011578947368421,0.0492720955750511,-0.4159023759151943,0.1842638774434952,-2.33333333331939,0.8499999999955407,0.5812860880393337,0.7097202856939977,0.0492720955750511,,,,,1.161233863400358,,,,,0.0,,,,,,,,,,,,,,,0.0170907418761476,0.1,1902871680.0,203829300,48,9.335614065298758,2025-04-09,9.324358578630711,8.88545349,8.9521182,8.79974172,0.0426905079251134,-0.00120565038243,-0.0063897763578275,8.82831231,8.96164173,8.79021819,8.93307114,201063700,1876916480.0,47,2025-04-08 14:55:00,9.334934550592672,0.007518796992481258,-0.037948717948718125,-0.01263157894736855,0.011866235167206085,0.00880002921691081,-0.005934718100890413,-0.007144972345766165,-0.3816152070459633,-0.3435569368109757,0.019189765458422294,asof1455,14:55
2025-04-09,8.87592996,8.9521182,8.79974172,8.88545349,165744395.0,0.0,0.0,9.00012222366249,8.97821313127918,0.1707432878571426,0.019216046547234,45.24796231407997,1.3818044589388208,0.5624999999963092,9.3330594,9.3330594,9.3330594,-1020692910.0,-964641784.95,158550771.1664243,3686.7943,-0.0516733857053869,-0.0260960334029227,0.0255773523024641,-0.6715856014074186,0.1283159804297156,-2.621513944207757,0.5624999999963092,0.3233902239734306,-0.3535216173194475,0.0255773523024641,,,,,0.3052478914595137,,,,,1.0,,,,,,,,,,,,,,,0.0172138868881422,0.1,1545460218.0,165744400,48,9.324358578630711,2025-04-10,9.429578105173096,9.03782997,9.0473535,8.89497702,0.0612376864934889,0.0112843715366677,0.0171489817792069,8.87592996,8.9521182,8.80926525,8.86640643,161982700,1510400255.0,47,2025-04-09 14:55:00,9.324454123804578,-0.008519701810436708,-0.04414784394250515,-0.028183716075156684,-0.0010729613733906351,-0.002882983445723797,-0.013980088964202664,-0.014713945000763173,-0.9281516258252934,-0.710556685901642,0.016111707841031147,asof1455,14:55
2025-04-10,8.92354761,9.0473535,8.89497702,9.03782997,138385229.0,0.0,0.0,9.003713437599396,8.980167781729042,0.1748248007142855,0.0193436700285993,51.21502732753726,1.1326601798964966,0.9374999999938526,9.3330594,9.3330594,9.3330594,-882307681.0,-947635687.6,147869389.40441346,3735.1151,-0.0384283919480912,-0.0266666666666666,0.0117617252814246,0.1951469829281583,0.1346814397843913,-1.6887159532977298,0.9374999999938526,0.1245690075756756,0.4417953361620507,0.0117617252814246,,,,,1.3931901941829452,,,,,0.0,,,,,,,,,,,,,,,0.0173370319001367,0.1,1304914052.0,138385200,48,9.429578105173096,2025-04-11,9.372556004987327,8.92354761,9.01878291,8.87592996,0.037036106686938,-0.0060471528577176,-0.0126448893572181,8.92354761,9.0473535,8.89497702,9.02830644,134885000,1271703044.0,47,2025-04-10 14:55:00,9.428053853282426,0.016077170418006492,0.018259935553168738,-0.027692307692307794,0.02819956616052055,0.005932820031825381,0.003971405877680745,0.003289557632087048,0.2644470522172046,0.15880009798263414,0.016877637130801593,asof1455,14:55
2025-04-11,8.99973585,9.01878291,8.87592996,8.92354761,104341920.0,0.0,0.0,8.996078596875645,8.978311382655958,0.1761853049999998,0.0197438633938078,47.07155033223635,0.8519462618353492,0.3333333333309958,9.3330594,9.0473535,9.0473535,-986649601.0,-940766197.2,142612611.82037535,3750.5167,-0.0287418366639272,-0.0379876796714578,-0.0092458430075306,-0.4116744405853434,0.1008439053392431,-2.3243243243111325,0.3333333333309958,-0.1602318271052095,-0.3217345451732656,-0.0092458430075306,,,,,-0.3954762034688698,,,-0.3776703741626434,,0.0,,,,,,,,,,,,,,,0.0174179502538839,0.1,960685116.0,102499800,48,9.372556004987327,2025-04-14,9.38822190119586,8.94259467,8.97116526,8.91402408,0.0520728203069293,0.0016714646677167,0.0021344717182496,8.99973585,9.01878291,8.87592996,8.92354761,101128300,947825349.0,47,2025-04-11 14:55:00,9.37250353264121,-0.012644889357218192,-0.0021299254526091493,-0.037987679671457886,0.0032119914346895317,-0.015853949680609047,-0.009094754653130366,-0.008467262684553223,-0.6489133919856775,-0.40870734808245873,0.016008537886872995,asof1455,14:55
2025-04-14,8.93307114,8.97116526,8.91402408,8.94259467,77182988.0,0.0,0.0,8.990984889554156,8.977140342896746,0.1721037921428569,0.0192453978396448,47.82913124630376,0.6654893338862142,0.4999999999912498,9.3330594,9.0473535,9.0473535,-909466613.0,-919682942.25,111011597.82763045,3759.1422,0.0472780076093193,0.00859291084855,-0.0386850967607692,-0.2811688165110713,0.0804430075883363,-2.26877470354413,0.4999999999912498,-0.4072326684937186,0.0920293865679067,-0.0386850967607692,,,,,0.1013860311744357,,,-1.3150058693359137,,1.0,,,,,,,,,,,,,,,0.0174988686076311,0.1,724611131.0,77183000,48,9.38822190119586,2025-04-15,9.507763605435326,9.11401821,9.12354174,8.92354761,0.0631996591919026,0.0127331570874182,0.0191693290734824,8.93307114,8.97116526,8.91402408,8.94259467,74476500,699197628.0,47,2025-04-14 14:55:00,9.388164427705384,0.002134471718249653,0.006430868167202508,0.008592910848550073,0.016233766233766156,-0.016754068324028704,-0.007137192704203099,-0.006086268619861612,-0.5138059200735084,-0.2936373260584499,0.006389776357827316,asof1455,14:55
2025-04-15,8.93307114,9.12354174,8.92354761,9.11401821,124099293.0,0.0,0.0,9.002702348644236,8.981628141818163,0.1775458092857141,0.0194805194805173,54.184997619065,1.0839003733086825,0.9523809523761856,9.3330594,9.12354174,9.12354174,-785367320.0,-900085723.35,97585497.86307712,3761.2348,0.0302610498255295,0.0191693290734824,-0.0110917207520471,0.6269698045984395,0.1186972923255034,-1.23371647508884,0.9523809523761856,0.0805659922519834,1.1755681516423906,-0.0110917207520471,,,,,1.428807654568791,,,-0.4097420630907175,,1.0,,,,,,,,,,,,,,,0.017506668540793,0.1,1179906808.0,124099300,48,9.507763605435326,2025-04-16,9.681782941041078,9.27591822,9.28544175,9.09497115,0.0622957643883266,0.0183028673016512,0.0177638453500521,8.93307114,9.12354174,8.92354761,9.12354174,121526100,1155277312.0,47,2025-04-15 14:55:00,9.506413124423478,0.020234291799787085,0.009483667017913477,0.020234291799787085,0.025695931477516032,0.005246589716684014,0.012150026413100923,0.014311175422188516,0.9369432188878359,0.6914071871145525,0.02192066805845515,asof1455,14:55
2025-04-16,9.09497115,9.28544175,9.09497115,9.27591822,125163974.0,0.0,0.0,9.028722907820974,8.991276996840519,0.1809470699999999,0.0195071868583141,59.23607252605897,1.0777037344608087,0.9499999999950076,9.3330594,9.28544175,9.28544175,-660203346.0,-878842268.7,101182105.7673921,3772.8204,0.0233335773574347,0.0439442658092175,0.0206106884517827,1.3661194523772022,0.2069440029078588,-0.3157894736824673,0.9499999999950076,0.074832605828349,2.160845744825966,0.0206106884517827,,,,,1.390693305672262,,,0.6258178883927523,,1.0,,,,,,,,,,,,,,,0.0175144684739548,0.1,1198832250.0,123823500,48,9.681782941041078,2025-04-17,9.783697639961618,9.37115352,9.38067705,9.19020645,0.0547416878759006,0.0105264391425801,0.0102669404517454,9.09497115,9.28544175,9.09497115,9.27591822,121471500,1175913984.0,47,2025-04-16 14:55:00,9.680575147256764,0.017763845350052154,0.039487726787619915,0.04394426580921751,0.0417112299465241,0.02742616033755274,0.02780562443940271,0.031178868244137403,2.1731081130398673,1.5036849394549294,0.020533880903490887,asof1455,14:55
2025-04-17,9.25687116,9.38067705,9.19020645,9.37115352,112239668.0,0.0,0.0,9.06133534707612,9.00373196481296,0.1857088349999999,0.0198170731707295,61.89721758371189,0.9575832582841728,0.9499999999950164,9.3330594,9.38067705,9.38067705,-547963678.0,-856526921.7,120613808.13931748,3772.2221,0.0099346336074088,0.0368809272918861,0.0269462936844773,1.6683006649748957,0.3101811621555224,0.2051282051271018,0.9499999999950164,-0.0433426078860099,2.558274615984164,0.0269462936844773,,,,,1.3616281139587436,,,0.8241547938789916,,0.0,,,,,,,,,,,,,,,0.0175889664960405,0.1,1098119288.0,112239700,48,9.783697639961618,2025-04-18,9.86064833111968,9.39972411,9.41877117,9.3330594,0.0522342110899147,0.0078651951429646,0.0030487804878047,9.25687116,9.38067705,9.19020645,9.37115352,109725800,1073374275.0,47,2025-04-17 14:55:00,9.782332641912841,0.010266940451745477,0.04792332268370614,0.03688092729188619,0.04569606801275228,0.04458598726114649,0.036225779275484316,0.041288206141201655,2.6388252777802546,1.956589964233748,0.020325203252032454,asof1455,14:55
2025-04-18,9.3330594,9.41877117,9.3330594,9.39972411,92607031.0,0.0,0.0,9.093562848306965,9.016715313835483,0.1857088349999999,0.0197568389057729,62.684246486976924,0.7886074233364779,0.777777777768701,9.38067705,9.41877117,9.41877117,-455356647.0,-833991875.95,148202826.13914883,3772.523,0.0058675381981367,0.0533617929562433,0.0474942547581065,1.6486090265516242,0.4138065616052441,0.1025641025635509,0.777777777768701,-0.2374866442726464,2.5548448623678497,0.0474942547581065,,,,,0.8442216128067715,,,1.4678796082647998,,0.0,,,,,,,,,,,,,,,0.0176634645181262,0.1,913165060.0,92607000,48,9.86064833111968,2025-04-21,9.886139834634951,9.30448881,9.55210059,9.30448881,0.0517478724846269,0.0025851751993655,-0.0101317122593717,9.3330594,9.41877117,9.3330594,9.39020058,88713600,874722559.0,47,2025-04-18 14:55:00,9.860072852414962,0.00203252032520318,0.030303030303030498,0.0522945570971185,0.04559915164369044,0.027083333333333348,0.035986340950879825,0.04263231173225712,2.305012765168816,1.96169449878353,0.009127789046653104,asof1455,14:55
2025-04-21,9.40924764,9.55210059,9.30448881,9.30448881,142629895.0,0.0,0.0,9.113651035134872,9.026150510431044,0.1952323649999998,0.0209825997952894,58.35719717126835,1.1891804892735192,0.0,9.41877117,9.55210059,9.55210059,-597986542.0,-813965390.85,151639473.97923872,3784.8806,0.0068468811847555,0.0404685835995741,0.0336217024148186,0.9774904630395236,0.4481865734883715,-0.5853658536555332,0.0,0.1732644054090987,1.4242917307901646,0.0336217024148186,,,,,-1.4184472537833144,,,0.997190200174022,,1.0,,,,,,,,,,,,,,,0.0177027000009976,0.1,1410059136.0,142629900,48,9.886139834634951,2025-04-22,9.911196285442548,9.46638882,9.50448294,9.3330594,0.0652058901710417,0.0025345029735279,0.0174002047082906,9.40924764,9.55210059,9.30448881,9.32353587,140630100,1390509696.0,47,2025-04-21 14:55:00,9.887710355037791,-0.00810536980749732,0.005133470225872738,0.04259850905218321,0.045940170940171,-0.004069175991861629,0.026259237905550847,0.034737880496054085,1.5126428244591221,1.55416530498746,0.026557711950970345,asof1455,14:55
2025-04-22,9.3330594,9.50448294,9.3330594,9.46638882,108718226.0,0.0,0.0,9.147245109883931,9.04058455336773,0.1993138778571427,0.0210549008335706,63.02941767726727,0.9073456472531792,0.7777777777732405,9.55210059,9.55210059,9.55210059,-489268316.0,-794058480.8,166132400.72682917,3783.9522,0.0060398781804316,0.0386624869383491,0.0326226087579175,1.601211684533141,0.5351386349128938,-0.4300341296906735,0.7777777777732405,-0.0972318129807673,1.83462204522744,0.0326226087579175,,,,,0.8478799670506675,,,0.9506047831035463,,0.0,,,,,,,,,,,,,,,0.0177419354838689,0.1,1077527420.0,108718200,48,9.911196285442548,2025-04-23,9.917508248243363,9.39020058,9.52353,9.39020058,0.0476548594000563,0.0006368517602752,-0.0080482897384306,9.3330594,9.50448294,9.3330594,9.47591235,106463700,1055104572.0,47,2025-04-22 14:55:00,9.910463115597148,0.01842374616171938,0.011178861788617933,0.03970741901776398,0.05068637803590281,0.01946721311475419,0.04079497907949814,0.05175998026848938,2.3286175927035297,2.333248518521009,0.018090452261306643,asof1455,14:55
2025-04-23,9.47591235,9.52353,9.39020058,9.39020058,86928223.0,0.0,0.0,9.17038372608546,9.05204737391305,0.1938718607142854,0.0206461895102846,59.638362636269264,0.7283269543138869,0.0,9.55210059,9.55210059,9.55210059,-576196539.0,-783311174.2,172792465.57361576,3786.8824,0.0037271851053393,0.0123203285420945,0.0085931434367552,1.1338254716467362,0.6103843628250764,-0.8350877192939398,0.0,-0.3170052185380136,1.1986323275870026,0.0085931434367552,0.8,0.9964685682017612,1.5709559897525671,0.5931715340070715,-1.4036361165339577,,,0.1603423185773441,,1.0,,,,,,,,,,,,,,,0.0178566515677025,0.1,862105190.0,86927600,48,9.917508248243363,2025-04-24,9.956525169197215,9.48543588,9.51400647,9.40924764,0.0603101695615981,0.0039341455512036,0.0101419878296147,9.47591235,9.52353,9.39020058,9.40924764,85112900,844199198.0,47,2025-04-23 14:55:00,9.918581061155242,-0.006036217303822977,0.0010131712259373593,0.014373716632443578,0.03131524008350728,0.02171664943123064,0.030938592372306672,0.04402958788305744,1.6006520481759727,1.9349057004117933,0.014170040485829856,asof1455,14:55
2025-04-24,9.4282947,9.51400647,9.40924764,9.48543588,84369033.0,0.0,0.0,9.20038869312494,9.066256833129016,0.1945521128571426,0.0205106138841056,62.36412656475207,0.7085254838832501,0.7272727272657911,9.55210059,9.55210059,9.55210059,-491827506.0,-763850588.6,182343411.4006643,3784.3574,0.0032170163045277,0.0121951219512195,0.0089781056466917,1.4651456758164412,0.6894392357163819,-0.3426573426555793,0.7272727272657911,-0.344569251714565,1.491817447696435,0.0089781056466917,0.7868852459016393,1.2782859264016162,1.715090691781405,0.9900796149211388,0.7071176024415997,,,0.1717785794410208,,0.0,,,,,,,,,,,,,,,0.0178566515677025,0.1,840022072.0,84369000,48,9.956525169197215,2025-04-25,9.9382374027982,9.45686529,9.54257706,9.40924764,0.047736501361306,-0.0018367619313205,-0.0030120481927712,9.4282947,9.51400647,9.41877117,9.48543588,82914000,825530561.0,47,2025-04-24 14:55:00,9.956467677352437,0.01014198782961473,0.019447287615148356,0.012195121951219523,0.053968253968254,0.03858185610010434,0.03777025266996614,0.052131199492948976,1.861086256632845,2.2461364563703885,0.010040160642570342,asof1455,14:55
2025-04-25,9.49495941,9.54257706,9.40924764,9.45686529,72696669.0,0.0,0.0,9.22481503568447,9.079063667780522,0.1591790014285711,0.0168321104876978,61.03248766267004,0.6147979541644638,0.3571428571401766,9.55210059,9.55210059,9.55210059,-564524175.0,-752491778.0,187264165.0112779,3786.9937,0.0038358149174968,0.006079027355623,0.0022432124381261,1.4577943838792105,0.9156444417603394,-0.5982905982868444,0.3571428571401766,-0.486461594967241,1.0037563940152656,0.0022432124381261,0.3709677419354839,1.2450164007718223,2.17625611409573,0.7654941732997818,-0.3715919456683539,,,-0.0521774913482514,,1.0,,,,,,,,,,,,,,,0.0177027000009976,0.1,722477063.0,72696700,48,9.9382374027982,2025-04-28,10.092921227125885,9.64733589,9.69495354,9.47591235,0.0672586441300451,0.0155645129068995,0.0201409869083586,9.49495941,9.54257706,9.40924764,9.46638882,70848900,704120956.0,47,2025-04-25 14:55:00,9.938347045613975,-0.002008032128514081,0.0,0.007092198581560405,0.04083769633507872,0.051851851851851816,0.03294191000727431,0.04933492856640176,1.5327967117364312,2.048613213165652,0.014084507042253417,asof1455,14:55
2025-04-28,9.48543588,9.69495354,9.47591235,9.64733589,153164374.0,0.0,0.0,9.265055117047854,9.097695543918864,0.1625802621428569,0.0168523480468181,66.2121930465112,1.247986115437935,0.7826086956486041,9.55210059,9.69495354,9.69495354,-411359801.0,-730300946.4,199666669.37234303,3781.6188,-0.0008617973312023,0.0368474923234392,0.0377092896546416,2.351335690515067,1.0293966249168864,0.5857740585738072,0.7826086956486041,0.221531144434975,1.5973679853658056,0.0377092896546416,0.3809523809523809,1.990120626789174,2.3253881425395218,1.7071572101300732,0.8686670123708302,,,1.1194771105941352,,1.0,,,,,,,,,,,,,,,0.0175889664960405,0.1,1545876224.0,153164400,48,10.092921227125885,2025-04-29,10.294665896614458,9.87590061,9.89494767,9.66638295,0.0670993540595441,0.0199887292240388,0.0236920039486672,9.48543588,9.69495354,9.47591235,9.65685942,150094500,1514754554.0,47,2025-04-28 14:55:00,10.092005729723608,0.02114803625377637,0.028397565922920975,0.03787103377686796,0.0662460567823342,0.05735140771637126,0.05164903546981958,0.06954503902679132,2.30062978067774,2.7999027328497066,0.022682445759368883,asof1455,14:55
2025-04-29,9.66638295,9.89494767,9.66638295,9.87590061,182325331.0,0.0,0.0,9.323230878281391,9.123210464118246,0.1693827835714283,0.0171511227441778,71.16535876350845,1.4341293031482405,0.916666666662656,9.69495354,9.89494767,9.89494767,-229034470.0,-694281471.25,220753335.755022,3775.0767,-0.0023455634561134,0.0432595573440643,0.0456051208001778,3.262844783054864,1.1808780676792685,1.0682730923631734,0.916666666662656,0.3605579076718407,2.1075423375087823,0.0456051208001778,0.4375,2.6340091599363245,2.5220730848369306,2.021601919161009,1.2422498300126654,,,1.3562981568376913,,0.0,,,,,,,,,,,,,,,0.017506668540793,0.1,1876978048.0,182325300,48,10.294665896614458,2025-04-30,10.196676722878246,9.67590648,9.88542414,9.65685942,0.0324806947280775,-0.0095184413676248,-0.0202507232401157,9.66638295,9.89494767,9.66638295,9.87590061,179214000,1844710016.0,47,2025-04-29 14:55:00,10.293336547367952,0.023692003948667217,0.04116465863453822,0.04325955734406439,0.0915789473684212,0.06141248720573178,0.07205623901581726,0.09276757174470474,2.9211803590438583,3.5298182326147844,0.023143683702989533,asof1455,14:55
2025-04-30,9.83780649,9.88542414,9.65685942,9.67590648,132422326.0,0.0,0.0,9.35681903082602,9.141331644966828,0.1741445485714283,0.0179977502812129,62.52783977043752,1.0315320733043998,0.0833333333329693,9.89494767,9.89494767,9.89494767,-361456796.0,-670262932.9,229358378.5819203,3770.5705,-0.0043074746657039,0.0304259634888437,0.0347334381545476,1.832313740451473,1.2374052913265314,-1.257812499992781,0.0833333333329693,0.0310451468939478,1.3463913496829294,0.0347334381545476,0.5384615384615384,1.3726571713908344,2.4970964663697552,0.14136464057449,-1.183054635416899,,,0.9810378115371756,,0.0,,,,,,,,,,,,,,,0.017506668540793,0.1,1350267384.0,132422300,48,10.196676722878246,2025-05-06,10.024059313003464,9.53305353,9.7140006,9.48543588,0.0359814177331179,-0.0169287910724366,-0.014763779527559,9.83780649,9.87590061,9.65685942,9.67590648,130114100,1326822786.0,47,2025-04-30 14:55:00,10.197378962003349,-0.020250723240115787,0.023162134944612278,0.030425963488843744,0.06054279749478075,0.023162134944612278,0.04564400761591103,0.06951121091968138,1.5896899788661751,2.4322609243525513,0.022637795275590598,asof1455,14:55
2025-05-06,9.66638295,9.7140006,9.48543588,9.53305353,135511559.0,0.0,0.0,9.37360326884259,9.15417498545972,0.1789063135714283,0.0187669473383739,57.18852060734604,1.0491610672168123,0.2083333333324195,9.89494767,9.89494767,9.89494767,-496968355.0,-659008139.2,232047359.9657899,3808.5424,0.0063907811667047,0.0050200803212849,-0.0013707008454197,0.8912500513452156,1.226498266054978,-2.022813688201626,0.2083333333324195,0.0479908612088782,0.6983047952964823,-0.0013707008454197,0.6363636363636364,0.5636952331928587,2.3484087023580127,-0.4768525798474476,-0.8088564925661926,0.2356675256014807,0.5117514282227634,-0.2191160485568707,,1.0,,,,,,,,,,,,,,,0.017506668540793,0.1,1358376316.0,135511600,48,10.024059313003464,2025-05-07,10.139220328554076,9.67590648,9.73304766,9.56162412,0.063585796161377,0.0114884611068915,0.014985014985015,9.66638295,9.70447707,9.48543588,9.54257706,132915000,1332376062.0,47,2025-05-06 14:55:00,10.024271617198961,-0.013779527559055205,-0.010858835143139345,0.0060240963855420215,0.027692307692307683,0.027692307692307683,0.02816684623672483,0.054348397958646766,0.9366105357970608,1.850877048373195,0.022954091816367126,asof1455,14:55
2025-05-07,9.58067118,9.73304766,9.56162412,9.67590648,94261480.0,0.0,0.0,9.40239405085758,9.171280936100382,0.1891100957142855,0.0195444319460047,60.793898569000646,0.7245761396545772,0.6666666666627776,9.89494767,9.89494767,9.89494767,-402706875.0,-639257262.45,236174272.19532645,3831.627,0.0117859451416568,0.0231621349446122,0.0113761898029554,1.4463132076999516,1.2221088138263654,-1.1582733812888424,0.6666666666627776,-0.3221684300523221,1.001592532713989,0.0113761898029554,0.7313432835820896,1.0239135202788143,2.2324175084597497,0.2292159831697211,0.5302534945296348,-0.934087916791168,0.7050568187788318,0.2064681136736304,,1.0,,,,,,,,,,,,,,,0.017506668540793,0.1,955738117.0,94261500,48,10.139220328554076,2025-05-08,10.342266594679083,9.91399473,9.91399473,9.66638295,0.0688679780087211,0.0200258263994113,0.0246062992125983,9.58067118,9.73304766,9.56162412,9.67590648,91642500,929121912.0,47,2025-05-07 14:55:00,10.138548293641051,0.014985014985015033,-0.020250723240115787,0.023162134944612278,0.043121149897330735,0.04958677685950397,0.04114361838397307,0.06859256402615399,1.3441500335019338,2.2898273146122547,0.017716535433070973,asof1455,14:55
2025-05-08,9.67590648,9.91399473,9.66638295,9.91399473,134097249.0,0.0,0.0,9.451117925061622,9.195632208031515,0.1925113564285714,0.0194181418965261,65.94195925577554,1.0845782418826688,0.9999999999959612,9.89494767,9.91399473,9.91399473,-268609626.0,-599644765.6,228452829.85585192,3852.8963,0.0188484095752854,0.0276406712734451,0.0087922616981597,2.4044129838528154,1.3271202373121922,0.0989399293281085,0.9999999999959612,0.0811911942634932,1.4490305933565149,0.0087922616981597,0.6911764705882353,1.7877073241413106,2.3251105284744704,1.2420901031435834,1.4815757737790702,0.3545283354095041,0.9883265737599088,0.1185470610754705,,1.0,,,,,,,,,,,,,,,0.017506668540793,0.1,1386868992.0,134097200,48,10.342266594679083,2025-05-09,10.53853029728363,10.0949418,10.0949418,9.88542414,0.0629953499363651,0.0189768558765948,0.0182516810758885,9.67590648,9.9044712,9.66638295,9.9044712,129236400,1336285952.0,47,2025-05-08 14:55:00,10.339857439544897,0.023622047244094446,0.023622047244094446,0.026653504442250675,0.11707841031149302,0.08786610878661083,0.06344905158750436,0.09291531657763397,1.9941076228810712,2.986510370968842,0.024038461538461595,asof1455,14:55
2025-05-09,9.91399473,10.0949418,9.88542414,10.0949418,110735978.0,0.0,0.0,9.51243448457956,9.225117768423926,0.1938718607142857,0.0192048517520196,69.24699274895679,0.9314840263313012,0.9999999999952272,9.91399473,10.0949418,10.0949418,-157873648.0,-564791022.25,239739437.3857416,3846.1566,0.0188287300228893,0.0221793635486982,0.0033506335258088,3.0045996013619125,1.4819928745491306,0.9333333333285204,0.9999999999952272,-0.0709762374167806,1.6973318144368068,0.0033506335258088,0.6376811594202898,2.194895888353175,2.484918293223856,1.8637438330836065,1.4531921880297436,-0.1351991556820712,1.1333668350860349,-0.0656971709476031,,1.0,,,,,,,,,,,,,,,0.017506668540793,0.1,1166994691.0,110736000,48,10.53853029728363,2025-05-12,10.604790889132309,10.11398886,10.1901771,9.97113591,0.0505054015400372,0.0062874603933866,0.00188679245283,9.91399473,10.0949418,9.9044712,10.08541827,106147600,1118382081.0,47,2025-05-09 14:55:00,10.536103322166493,0.01729106628242061,0.05794205794205798,0.02121504339440694,0.1277955271565494,0.11239495798319332,0.07682139407188981,0.11122770199370424,2.3580062063502596,3.339680278665707,0.01888574126534478,asof1455,14:55
2025-05-12,10.06637121,10.1901771,9.97113591,10.11398886,106720927.0,0.0,0.0,9.569725377476749,9.254261082901827,0.1959126171428571,0.0193704600484242,69.58161394695958,0.9205629587108848,0.6521739130404994,10.0949418,10.1901771,10.1901771,-51152721.0,-516314012.8,240673775.17225492,3890.6096,0.0318357924881658,0.045275590551181,0.0134397980630152,2.7780930623963016,1.6102295971232656,0.0972222222217174,0.6521739130404994,-0.0827698844383751,1.9327460645310228,0.0134397980630152,0.6857142857142857,1.9398981354859728,2.5712156163330504,1.1697188699364425,0.4408954076901489,-0.1721392051983064,1.2640569915078406,0.2770104454579311,,1.0,,,,,,,,,,,,,,,0.017506668540793,0.1,1131752828.0,106720900,48,10.604790889132309,2025-05-13,10.761931568225991,10.29493593,10.35207711,10.10446533,0.064064012448002,0.0148178951133042,0.0178907721280603,10.06637121,10.18065357,9.98065944,10.0949418,105340800,1117107452.0,47,2025-05-12 14:55:00,10.604698768188584,0.0,0.04330708661417337,0.04330708661417337,0.1361200428724545,0.10878661087866126,0.07124810510358759,0.11018014243820717,2.048734860690692,3.043259986426126,0.01981132075471701,asof1455,14:55
2025-05-13,10.11398886,10.35207711,10.10446533,10.29493593,115656823.0,0.0,0.0,9.638793049145628,9.288381569691934,0.2074769035714286,0.0201532972115746,72.62860437412516,1.0075193589750562,0.769230769227661,10.1901771,10.35207711,10.35207711,64504102.0,-468973423.65,256617712.8346029,3896.2583,0.023031357088213,0.0799200799200798,0.0568887228318668,3.162486375864565,1.6889180116926503,0.5049180327844502,0.769230769227661,0.0074912295176772,2.078880369391495,0.0568887228318668,0.7887323943661971,2.1567538331648364,2.5628675815681734,1.4637938445126368,0.7746667860076655,0.1225853849984253,1.3317699966320733,1.724949291406554,,0.0,,,,,,,,,,,,,,,0.017506668540793,0.1,1244690567.0,115656800,48,10.761931568225991,2025-05-14,10.776121604833932,10.26636534,10.35207711,10.1901771,0.046740035888104,0.0013185399403425,-0.0027752081406104,10.11398886,10.34255358,10.10446533,10.29493593,113830700,1224954880.0,47,2025-05-13 14:55:00,10.761199570941757,0.01789077212806034,0.03842459173871271,0.07992007992007988,0.13909378292939922,0.1343126967471142,0.08539585320548215,0.130083283966965,2.4096796266687943,3.3455798181661907,0.023126734505087936,asof1455,14:55
2025-05-14,10.2854124,10.35207711,10.1901771,10.26636534,121871828.0,0.0,0.0,9.698561838750807,9.320446611341378,0.2013546342857143,0.0196130400212013,71.41225039935253,1.0536152549736932,0.4705882352912136,10.35207711,10.35207711,10.35207711,-57367726.0,-422509329.9,242415490.0569798,3943.2108,0.0291217803820673,0.0610236220472439,0.0319018416651766,2.8199177200991654,1.877857089055227,-0.4256756756735596,0.4705882352912136,0.0522273502465324,1.5062634974942128,0.0319018416651766,0.7361111111111112,1.8314700060618447,2.712983556391514,0.7147261723066513,-0.0974412984038766,0.26805939041879,0.9400871782338786,0.8678044030847056,,0.0,,,,,,,,,,,,,,,0.017506668540793,0.1,1313305337.0,121871800,48,10.776121604833932,2025-05-15,10.83784681608805,10.26636534,10.36160064,10.25684181,0.0556654139183447,0.0057279616468348,0.0,10.2854124,10.35207711,10.1901771,10.26636534,120183700,1295117439.0,47,2025-05-14 14:55:00,10.776148837155121,-0.0027752081406104967,0.016981132075471583,0.061023622047243986,0.15048025613660632,0.13473684210526327,0.0752580918657424,0.1244393449462815,1.9789266231557299,2.9489229187799593,0.01576994434137292,asof1455,14:55
2025-05-15,10.25684181,10.36160064,10.25684181,10.26636534,108050811.0,0.0,0.0,9.752638362679305,9.351460340149856,0.194552112857143,0.0189504373177824,71.41225039930745,0.9218287895863124,0.0909090909082308,10.35207711,10.36160064,10.36160064,-57367726.0,-379904385.55,227508545.56087697,3907.1992,0.0140940466007351,0.0355427473583092,0.0214487007575741,2.640562313991828,2.062059448421226,-0.4405594405571738,0.0909090909082308,-0.0813957672607705,1.4176903058953243,0.0214487007575741,0.6027397260273972,1.650169801169359,2.8219993547771143,0.6956472568906097,-1.1961869103478318,-0.1748155463639858,0.8699410723309291,0.5087343099779777,,0.0,,,,,,,,,,,,,,,0.017506668540793,0.1,1171006589.0,108047900,48,10.83784681608805,2025-05-16,10.707593351707104,10.21874769,10.30445946,10.12351239,0.0429780157918191,-0.0120183895003563,-0.0046382189239331,10.25684181,10.36160064,10.25684181,10.27588887,105376300,1142193400.0,47,2025-05-15 14:55:00,10.839186800067948,0.0009276437847864916,0.016007532956685555,0.036503362151776964,0.14909478168264112,0.1417989417989416,0.06874009508716306,0.12298352124891587,1.8077943920720685,2.7340221468150725,0.010194624652456127,asof1455,14:55
2025-05-16,10.26636534,10.30445946,10.12351239,10.21874769,96047225.0,0.0,0.0,9.797029727186036,9.379895990964616,0.1979533735714288,0.0193715883371037,69.17297828911464,0.8293450692087733,0.5263157894707781,10.36160064,10.36160064,10.36160064,-153414951.0,-348306767.1,212383126.563794,3889.0854,0.0111614800083803,0.0122641509433962,0.0011026709350159,2.130390380337029,2.107232267343992,-0.7216494845324359,0.5263157894707781,-0.1871189629160918,0.9176426548248404,0.0011026709350159,0.6756756756756757,1.2418598092614344,2.72254525746284,0.4662537779596503,0.0797949535124663,-0.5238875726172929,0.5339123381083911,-0.1843824204120622,,0.0,,,,,,,,,,,,,,,0.017506668540793,0.1,1028386176.0,96042700,48,10.707593351707104,2025-05-19,10.762355564517083,10.19970063,10.32350652,10.18065357,0.0531971128956492,0.0051143343804,-0.0018639328984156,10.26636534,10.30445946,10.12351239,10.19970063,93685800,1003096314.0,47,2025-05-16 14:55:00,10.707026187533224,-0.00649350649350644,-0.009250693802035026,0.01037735849056598,0.11912225705329171,0.14423076923076916,0.05356352368304562,0.1120917917034423,1.4499920236175563,2.362564426937271,0.017740429505135408,asof1455,14:55
2025-05-19,10.21874769,10.32350652,10.18065357,10.19970063,84310972.0,0.0,0.0,9.835379336977844,9.406774831588724,0.1993138778571431,0.0195411497932487,68.25106880367173,0.7410762557234164,0.1333333333324008,10.36160064,10.36160064,10.36160064,-237725923.0,-327182895.95,201016931.8099049,3877.1453,-0.0034607173127829,0.0084745762711866,0.0119352935839696,1.827877200209084,2.150399711224154,-0.8122866894157192,0.1333333333324008,-0.2996517497724503,0.4450220792077182,0.0119352935839696,0.72,1.0000108273087254,2.6346338284341515,0.3901193571622205,-1.06574315247446,-0.8909549731995768,0.2178245233403439,0.1862958545709191,,0.0,,,,,,,,,,,,,,,0.017506668540793,0.1,907384960.0,84311000,48,10.762355564517083,2025-05-20,10.750280867586447,10.19970063,10.35207711,10.17113004,0.0539800389794822,-0.0011219381164515,0.0,10.21874769,10.32350652,10.18065357,10.19970063,81967400,882290496.0,47,2025-05-19 14:55:00,10.763919509463518,-0.0018639328984156878,-0.00649350649350644,0.00847457627118664,0.09958932238193041,0.129746835443038,0.047586442998972966,0.10946132596685088,1.3199230940844808,2.2169241573191334,0.014005602240896356,asof1455,14:55
2025-05-20,10.22827122,10.35207711,10.17113004,10.19970063,87977353.0,0.0,0.0,9.870076602979951,9.43277239874975,0.2027151385714289,0.01987461651327,68.25106880362031,0.7816376306847894,0.1578947368412383,10.36160064,10.36160064,10.36160064,-237725923.0,-311671008.2,195269321.7764576,3898.1705,0.0004907785502825,-0.009250693802035,-0.0097414723523175,1.6260454416051158,2.157235060537708,-0.7986577181168646,0.1578947368412383,-0.2463640337052778,0.378682552524311,-0.0097414723523175,0.7894736842105263,0.8381955911153076,2.5137554911937623,0.3981050061693348,-0.9823579996055832,-0.7036504179621098,0.1721038383268075,-0.5577610361553059,,1.0,,,,,,,,,,,,,,,0.017506668540793,0.1,945781760.0,87977400,48,10.750280867586447,2025-05-21,10.863652347032437,10.39969476,10.42826535,10.21874769,0.0650952161360087,0.0105459085992642,0.0196078431372548,10.22827122,10.34255358,10.17113004,10.21874769,87020200,935523648.0,47,2025-05-20 14:55:00,10.750649251553087,0.0018674136321195078,-0.004638218923933124,-0.007400555041627954,0.09044715447154483,0.13785790031813372,0.04458722741433041,0.10917767861757666,1.252816589386268,2.1343438899529747,0.016775396085741013,asof1455,14:55
2025-05-21,10.23779475,10.42826535,10.21874769,10.39969476,100559692.0,0.0,0.0,9.920516427458054,9.464474771249757,0.2020348864285717,0.0194270015698568,72.68432132355352,0.8902806584464029,0.8636363636322362,10.36160064,10.42826535,10.42826535,-137166231.0,-295761487.4,195875758.83290148,3916.3807,-0.0068041252067984,0.0129870129870128,0.0197911381938112,2.37176034797824,2.2572421242074503,0.1885521885512474,0.8636363636322362,-0.1162185193982382,0.8096727096041276,0.0197911381938112,0.6753246753246753,1.3752843441906462,2.5203587413982462,1.1844139569301344,1.0836954741467797,-0.2612778587627679,0.4588833984897046,0.4628078940311479,,1.0,,,,,,,,,,,,,,,0.0175811665628787,0.1,1092436930.0,100558900,48,10.863652347032437,2025-05-22,11.047408483283574,10.53302418,10.59016536,10.36160064,0.0622819936768581,0.0169147658983523,0.0128205128205129,10.23779475,10.42826535,10.21874769,10.37112417,98583400,1070876742.0,47,2025-05-21 14:55:00,10.862647687135969,0.01680672268907557,0.01491146318732528,0.010204081632652962,0.10334346504559266,0.16098081023454158,0.05569288934128269,0.1232401024565506,1.5811708681975105,2.3373428085613046,0.020202020202020155,asof1455,14:55
2025-05-22,10.39017123,10.59016536,10.36160064,10.53302418,115254930.0,0.0,0.0,9.978850499128717,9.499509178094026,0.2006743821428574,0.0190519245672934,75.17321980869467,1.0328978876030754,0.7499999999967167,10.42826535,10.59016536,10.59016536,-21911301.0,-266957725.35,191625554.7631866,3913.8651,0.0017060558366208,0.0259740259740259,0.0242679701374051,2.761556681779216,2.388652282935961,0.5220338983024814,0.7499999999967167,0.0323683349156432,1.2787773773327449,0.0242679701374051,0.5769230769230769,1.6286130422491467,2.5592815589733986,1.4270532774601994,0.74281643248473,0.2430324315479975,0.7684785935692924,0.6137713459624867,,0.0,,,,,,,,,,,,,,,0.0177027000009976,0.1,1273267960.0,115254900,48,11.047408483283574,2025-05-23,11.061719815381704,10.45683594,10.6663536,10.42826535,0.0501940968089285,0.0012954469928205,-0.0072332730560579,10.39017123,10.59016536,10.36160064,10.52350065,112520800,1243037946.0,47,2025-05-22 14:55:00,11.047183685149768,0.011904761904762085,0.031746031746031855,0.02504638218923949,0.1310133060388945,0.20501635768811344,0.06577932098765427,0.13673381911701687,1.8385086997903215,2.4941032637843374,0.02171945701357462,asof1455,14:55
2025-05-23,10.56159477,10.6663536,10.42826535,10.45683594,88788565.0,0.0,0.0,10.024372922068835,9.530896940779469,0.2013546342857146,0.0192557897475912,71.18194463122008,0.8028801707776781,0.1199999999994926,10.59016536,10.6663536,10.6663536,-110699866.0,-248029302.85,187381413.31155327,3882.2741,-0.0017513886426869,0.0232991612301955,0.0250505498728825,2.147767889540432,2.450780350983596,-0.6621621621588765,0.1199999999994926,-0.2195498030977474,0.7328871867438986,0.0250505498728825,0.620253164556962,1.1551018755093785,2.5127544092933207,0.4668565667890991,-1.1024784103522158,-0.6148287524660782,0.3939635452182039,0.6359332125365258,,0.0,,,,,,,,,,,,,,,0.0178566515677025,0.1,982154616.0,88788600,48,11.061719815381704,2025-05-26,10.8677957186921,10.29493593,10.51397712,10.22827122,0.0393005858607837,-0.0175310982312123,-0.0154826958105647,10.56159477,10.6663536,10.42826535,10.44731241,86966100,962144508.0,47,2025-05-23 14:55:00,11.06344320373111,-0.008137432188065064,0.024276377217553602,0.02236719478098781,0.10362173038229372,0.20814977973568305,0.05152168703570581,0.12485900810062556,1.4390561666348567,2.194625027784648,0.02278942570647225,asof1455,14:55
2025-05-26,10.43778888,10.51397712,10.22827122,10.29493593,110424493.0,0.0,0.0,10.05014082758609,9.555947399442438,0.2054361471428575,0.0199550680586739,63.47005174251623,0.98802917502986,0.233333333332515,10.6663536,10.6663536,10.6663536,-221124359.0,-230275693.85,171604517.65082514,3860.1067,-0.0043946250866585,0.0093370681605975,0.013731693247256,1.1915872927780882,2.4055816613304684,-1.8079470198587528,0.233333333332515,-0.0120430522878033,0.0533280532195592,0.013731693247256,0.8,0.4428926314416306,2.3549352802161025,-0.459762591815947,-0.761950737084725,0.0990044927937025,-0.0705430263086439,0.2374496617958409,,1.0,,,,,,,,,,,,,,,0.0179845589663745,0.1,1200067648.0,110424200,48,10.8677957186921,2025-05-27,10.901562919046611,10.36160064,10.45683594,10.32350652,0.0589247949838007,0.0031070882475676,0.0064754856614246,10.43778888,10.51397712,10.23779475,10.26636534,108304500,1177203904.0,47,2025-05-26 14:55:00,10.869390505472994,-0.01821493624772308,-0.012820512820512775,0.006535947712418277,0.09330628803245444,0.20044543429844097,0.028184462778387154,0.10179885527391686,0.7907042644586938,1.7486318679892519,0.02690166975881252,asof1455,14:55
2025-05-27,10.33303005,10.45683594,10.32350652,10.36160064,70099629.0,0.0,0.0,10.079803666863604,9.582362259788589,0.2027151385714289,0.0195640756302502,65.14459023580912,0.6312500371063973,0.2857142857121466,10.6663536,10.6663536,10.6663536,-151024730.0,-213235555.05,161404189.5040502,3839.3969,-0.0150772266118169,0.0158730158730158,0.0309502424848328,1.3901131169624603,2.453893727809988,-1.503355704690568,0.2857142857121466,-0.4600532396101577,0.3854350078591914,0.0309502424848328,0.7283950617283951,0.5858941372936735,2.315461206294969,-0.2099045484545068,-0.6028291353395856,-1.424407075696117,0.1571608601589908,0.8366043164398402,,0.0,,,,,,,,,,,,,,,0.0180521204988991,0.1,764195200.0,70099600,48,10.901562919046611,2025-05-28,10.846344407047864,10.32350652,10.40921829,10.24731828,0.046782710885088,-0.0050651922489274,-0.0036764705882352,10.33303005,10.45683594,10.32350652,10.36160064,68330900,744966592.0,47,2025-05-27 14:55:00,10.902338356439035,0.00647548566142464,-0.016274864376130127,0.015873015873015817,0.09236947791164662,0.21293199554069142,0.033042157235093184,0.10856385959549653,0.9914328734585321,1.8540351323785442,0.012867647058823435,asof1455,14:55
2025-05-28,10.36160064,10.40921829,10.24731828,10.32350652,64711849.0,0.0,0.0,10.103013462400405,9.606662071598798,0.1965928692857145,0.0190432261465453,63.357322848029376,0.5848354466439044,0.4705882352912136,10.6663536,10.6663536,10.6663536,-215736579.0,-195796175.25,139918935.28887305,3836.2366,-0.0204638175241748,-0.0073260073260071,0.0131378101981676,1.1215720000404814,2.524768027459416,-1.7439446366693292,0.4705882352912136,-0.5364247591073084,-0.1425139757448236,0.0131378101981676,0.5487804878048781,0.3822907879181597,2.303012589411453,-0.4044501323851026,-0.0546782130422828,-1.6455863629125351,-0.207492856202658,0.2061524749944731,,1.0,,,,,,,,,,,,,,,0.0184097035965389,0.1,701886470.0,64711800,48,10.846344407047864,2025-05-29,10.9007415012363,10.3806477,10.475883,10.2854124,0.0559146235940286,0.0050152468100763,0.0055350553505535,10.36160064,10.39969476,10.24731828,10.34255358,63634100,690198651.0,47,2025-05-28 14:55:00,10.846364622112986,-0.0018382352941176405,-0.010928961748633781,-0.005494505494505364,0.09365558912386707,0.18300653594771243,0.026659103800340533,0.10294864416534089,0.8472404207680944,1.747978587122093,0.01473296500920802,asof1455,14:55
2025-05-29,10.34255358,10.475883,10.2854124,10.3806477,86103676.0,0.0,0.0,10.12945481836227,9.632038649579163,0.1952323650000001,0.0188073394495394,64.91236173388188,0.8024825397413117,0.4999999999973796,10.6663536,10.6663536,10.6663536,-129632903.0,-181709830.35,131432029.70412944,3858.6998,-0.014094839395461,-0.0144665461121156,-0.0003717067166545,1.2866354491810033,2.5478161306940894,-1.4634146341388448,0.4999999999973796,-0.2200451815463591,0.3962270647971572,-0.0003717067166545,0.5180722891566265,0.502591365097625,2.24262095270853,-0.1719659452684939,0.0327701142706343,-0.5645168524842074,0.1673290331117579,-0.2720282595126445,,1.0,,,,,,,,,,,,,,,0.0187399319074332,0.1,938594176.0,86103700,48,10.9007415012363,2025-05-30,11.009425710781215,10.45683594,10.55207124,10.36160064,0.0605721366289326,0.0099703501392625,0.0073394495412841,10.34255358,10.475883,10.2854124,10.3806477,85160200,928311494.0,47,2025-05-29 14:55:00,10.900766954516312,0.005535055350553542,0.008325624421831712,-0.01446654611211562,0.0760118460019743,0.19386637458926614,0.026027203840542468,0.10390925663358308,0.9158202621810172,1.747832484637417,0.018348623853210948,asof1455,14:55
2025-05-30,10.37112417,10.55207124,10.36160064,10.45683594,98159554.0,0.0,0.0,10.16063397280396,9.659081183691324,0.1931916085714286,0.0184751496226888,66.92767342898698,0.9521886600800582,0.4999999999973702,10.6663536,10.55207124,10.55207124,-31473349.0,-171831774.3,134882806.0997455,3840.2323,-0.0108291683990061,0.0,0.0108291683990061,1.5332030691436205,2.596141689687314,-1.0845070422479135,0.4999999999973702,-0.0489920914713163,1.0405953831966197,0.0108291683990061,0.4642857142857143,0.6828243750200557,2.213269082160413,0.1415686435847803,0.0326005780822858,0.0197824336461647,0.614356921513257,0.1271105967263084,,1.0,,,,,,,,,,,,,,,0.0187399319074332,0.1,1080680824.0,98159600,48,11.009425710781215,2025-06-03,11.07286630103897,10.55207124,10.63778301,10.41874182,0.0589117362626394,0.0057623886953181,0.0091074681238616,10.37112417,10.55207124,10.36160064,10.49493006,93438000,1028810494.0,47,2025-05-30 14:55:00,11.01062195252467,0.011009174311926495,0.012867647058823373,0.0036429872495447047,0.06268081002892956,0.1939328277356447,0.033577190020634085,0.11273792093704249,1.2554372864721954,1.8817728282784816,0.018148820326678708,asof1455,14:55
2025-06-03,10.45683594,10.63778301,10.41874182,10.55207124,129335756.0,0.0,0.0,10.197913712536916,9.688359546193247,0.1911508521428572,0.0181150077359446,69.30125116743136,1.2564918692969949,0.6086956521711366,10.6663536,10.63778301,10.63778301,97862407.0,-148865814.15,139659590.37727323,3852.0127,-0.0020968332300242,0.0249768732654949,0.0270737064955192,1.8527645756794748,2.6657174719795984,-0.5978647686801496,0.6086956521711366,0.2283236070669202,1.7666400172268444,0.0270737064955192,0.4352941176470588,0.9149558372489508,2.2069192918207463,0.5435507545881163,0.357726132974134,0.9614724286595084,1.1102534139606015,0.7043953744023794,,1.0,,,,,,,,,,,,,,,0.0187399319074332,0.1,1432054906.0,129330100,48,11.07286630103897,2025-06-04,11.16555596026074,10.67587713,10.68540066,10.52350065,0.058138796290077,0.0083708821818859,0.0117328519855595,10.45683594,10.63778301,10.41874182,10.53302418,126991600,1406157570.0,47,2025-06-03 14:55:00,11.07283922716148,0.007285974499089187,0.02029520295202958,0.023126734505087843,0.0885826771653544,0.1905274488697526,0.03436988543371533,0.11349755017115237,1.289840958071589,1.8712731724164138,0.020795660036166407,asof1455,14:55
2025-06-04,10.55207124,10.68540066,10.52350065,10.67587713,127390387.0,0.0,0.0,10.24343403800959,9.720737171891829,0.1911508521428572,0.0179049318210764,72.10414369262001,1.2424941296878262,0.9411764705824162,10.6663536,10.68540066,10.68540066,225252794.0,-112754756.7,138348330.00468025,3868.7429,0.0076433879498105,0.0303308823529411,0.0226874944031305,2.2623131790433195,2.7344731151100934,0.0498220640566744,0.9411764705824162,0.2171207543801628,2.443163214825689,0.0226874944031305,0.3953488372093023,1.2079675350401586,2.199666264773176,1.072718029074269,1.3436110724710586,0.9123023900317384,1.5523242754446231,0.5427706906262121,,0.0,,,,,,,,,,,,,,,0.0187399319074332,0.1,1422384640.0,127390400,48,11.16555596026074,2025-06-05,11.135390485660944,10.49493006,10.79968302,10.49493006,0.0430422109645376,-0.0027016545084865,-0.0169491525423729,10.55207124,10.68540066,10.53302418,10.6663536,125351100,1399542400.0,47,2025-06-04 14:55:00,11.164979006965236,0.010830324909747446,0.02752293577981657,0.02941176470588225,0.11888111888111896,0.1826821541710666,0.0429762071052755,0.12421580928481823,1.7152371249272802,2.01518880451122,0.014285714285714372,asof1455,14:55
2025-06-05,10.75206537,10.79968302,10.49493006,10.49493006,122284873.0,0.0,0.0,10.267386040103917,9.746120545272424,0.2054361471428571,0.0195747990666302,63.044193773419344,1.1766179007264552,0.0,10.68540066,10.79968302,10.79968302,102967921.0,-87471016.9,128934848.10236467,3877.5557,0.0107707381760551,0.0166051660516604,0.0058344278756052,1.1076143271745966,2.5373601582708503,-0.9271523178762872,0.0,0.1626441372764407,1.477016808898752,0.0058344278756052,0.7471264367816092,0.3323892095306422,1.9438989741772497,0.2531278841818706,-1.4666103007382538,0.7178970994519653,0.8688516290955951,-0.0656616364688127,,1.0,,,,,,,,,,,,,,,0.0187871433939567,0.1,1361690112.0,122284900,48,11.135390485660944,2025-06-06,11.091645589812586,10.61873595,10.62825948,10.46635947,0.0568575041854624,-0.0039284563845953,0.0117967332123412,10.75206537,10.79015949,10.49493006,10.52350065,119678800,1332950272.0,47,2025-06-05 14:55:00,11.137730926446455,-0.014272970561998166,0.006375227686703289,0.019372693726937396,0.08759842519685046,0.17803837953091706,0.023290271797008932,0.10594004904168552,1.0886247386986923,1.6775063953592266,0.02805429864253402,asof1455,14:55
2025-06-06,10.52350065,10.62825948,10.46635947,10.61873595,95286175.0,0.0,0.0,10.300847936284494,9.774730886411032,0.2040756428571428,0.0192184497117214,66.17580259955142,0.9342828369438104,0.9411764705824162,10.79968302,10.79968302,10.79968302,198254096.0,-64127830.8,136090679.1063678,3873.9841,0.0039609974323475,0.0229357798165137,0.0189747823841661,1.55769698560487,2.578049210111644,-0.886666666662323,0.9411764705824162,-0.0679760633146987,1.927993368266784,0.0189747823841661,0.6022727272727273,0.6690225187810651,1.9304830294445856,0.2854403373431122,1.331772229061882,-0.0781465641938669,1.16670947947475,0.4090042140353399,,1.0,,,,,,,,,,,,,,,0.0188788883836609,0.1,1056880760.0,95286200,48,11.091645589812586,2025-06-09,11.157349634098283,10.68540066,10.71397125,10.50445359,0.0507229567280353,0.005923741770657,0.0062780269058297,10.52350065,10.62825948,10.46635947,10.61873595,93419300,1036081792.0,47,2025-06-06 14:55:00,11.090661051838325,0.011796733212341204,0.006317689530685788,0.022935779816513735,0.07108549471661862,0.19892473118279552,0.028455472028778406,0.11290403074210209,1.683187082086398,1.7691613857410458,0.015246636771300458,asof1455,14:55
2025-06-09,10.61873595,10.71397125,10.50445359,10.68540066,108608385.0,0.0,0.0,10.33747200520978,9.804588911774603,0.2088374078571428,0.0195441813088853,67.76003454350544,1.0660192866878957,0.8636363636322447,10.79968302,10.79968302,10.79968302,306862481.0,-40891024.35,156278598.74591237,3885.2459,0.0117215825719709,0.0218579234972677,0.0101363409252968,1.6660264957251223,2.551664947867712,-0.5472312703556808,0.8636363636322447,0.0639314181577474,2.2252151487191134,0.0101363409252968,0.7191011235955056,0.7450500675686516,1.856385420214686,0.5684232705328307,1.0887512765477,0.377602238986476,1.3502792839780224,0.0861956417425855,,1.0,,,,,,,,,,,,,,,0.0189968317321638,0.1,1211781892.0,108608400,48,11.157349634098283,2025-06-10,11.322695468011275,10.79968302,10.83777714,10.64730654,0.0596416389323557,0.0148194543807855,0.0106951871657752,10.61873595,10.71397125,10.50445359,10.68540066,107453600,1198823678.0,47,2025-06-09 14:55:00,11.156663694841308,0.006278026905829792,0.000892060660125038,0.021857923497267784,0.05849056603773595,0.21035598705501646,0.031392195615204566,0.11645494046237048,2.0528846538848082,1.8046396159210234,0.019607843137254853,asof1455,14:55
2025-06-10,10.65683007,10.83777714,10.64730654,10.79968302,110346676.0,0.0,0.0,10.38149210185647,9.837214948109864,0.2095176599999998,0.0194003527336842,70.32591539539968,1.0811572678982837,0.799999999995798,10.79968302,10.83777714,10.83777714,417209157.0,-17472930.45,185370216.029477,3865.4652,0.0034923301265334,0.023465703971119,0.0199733738445855,1.99596978193406,2.5977626599304724,0.0,0.799999999995798,0.0780320117925327,2.344940286312652,0.0199733738445855,0.6555555555555556,0.9863336083159316,1.853580274210426,1.0215017261701649,0.8913526432907616,0.4238485594228212,1.4076205589665791,0.4440860729904008,,0.0,,,,,,,,,,,,,,,0.0190475753569194,0.1,1249422080.0,110346700,48,11.322695468011275,2025-06-11,11.337586853902565,10.80920655,10.8568242,10.73301831,0.0498073723929133,0.0013151802884177,0.0008818342151677,10.65683007,10.83777714,10.64730654,10.80920655,108148300,1224486148.0,47,2025-06-10 14:55:00,11.322287525555186,0.01158645276292325,0.029945553539020064,0.024368231046931532,0.06873822975517907,0.21781115879828317,0.040377652504697714,0.12575008678690103,2.6017875640952957,1.9284776363006102,0.017621145374449282,asof1455,14:55
2025-06-11,10.79968302,10.8568242,10.73301831,10.80920655,67366033.0,0.0,0.0,10.422226811203473,9.869083525221017,0.2020348864285713,0.0186910006293248,70.53635709348755,0.6760335925730456,0.6153846153796492,10.83777714,10.8568242,10.8568242,484575190.0,3530623.95,214912939.9624059,3894.6252,0.0066901059773187,0.0124888492417485,0.0057987432644297,1.9154104800184,2.737860256502185,-0.141414141413438,0.6153846153796492,-0.391512511018444,2.238322951303666,0.0057987432644297,0.4725274725274725,0.91534654854319,1.9348393764685765,0.8924647729097069,0.3391393421993729,-1.2065452748613288,1.3126072050589574,-0.0773041786952166,,1.0,,,,,,,,,,,,,,,0.0190475753569194,0.1,763767876.0,67366000,48,11.337586853902565,2025-06-12,11.532643361984892,11.05681833,11.09491245,10.81873008,0.0669278368063834,0.017204411361593,0.0229074889867841,10.79968302,10.8568242,10.73301831,10.80920655,65528900,742909888.0,47,2025-06-11 14:55:00,11.337133509031894,0.0008818342151677427,0.017937219730941756,0.012488849241748534,0.04995374653099005,0.23101952277657278,0.03695582659540464,0.12200345992256367,2.2456719268081575,1.844374365749221,0.011453744493392056,asof1455,14:55
2025-06-12,10.81873008,11.09491245,10.81873008,11.05681833,131964947.0,0.0,0.0,10.482664098707904,9.908025649967868,0.2061163992857142,0.0186415651531913,75.41765963554901,1.3176256095811267,0.8620689655141196,10.8568242,11.09491245,11.09491245,616540137.0,37226017.1,252301000.6855104,3892.1992,0.0037764770213359,0.0535390199637024,0.0497625429423664,2.785582482902928,2.7879317256105174,0.9702970296982648,0.8620689655141196,0.2758313362293879,2.2961229576021656,0.0497625429423664,0.4565217391304347,1.551742498637845,1.930319419738241,1.7949399195831068,1.0666827249836577,1.1145603031829805,1.330306849450042,1.5233069381661044,,0.0,,,,,,,,,,,,,,,0.0190475753569194,0.1,1521904128.0,131964900,48,11.532643361984892,2025-06-13,11.532888766342207,10.9520595,11.12348304,10.89491832,0.0430567295340744,2.127910745275408e-05,-0.0094745908699397,10.81873008,11.09491245,10.81873008,11.05681833,129632000,1494831616.0,47,2025-06-12 14:55:00,11.531347321648976,0.022907488986784186,0.03475935828876997,0.05353901996370247,0.07699443413729123,0.24304068522483946,0.05809979494190043,0.1436921258291195,3.2289865442887153,2.154166844754899,0.024978466838932026,asof1455,14:55
2025-06-13,11.05681833,11.12348304,10.89491832,10.9520595,115330163.0,0.0,0.0,10.527368422640484,9.942256268001708,0.205436147142857,0.0187577639751535,70.12440832021264,1.1473632604097663,0.2499999999989081,11.09491245,11.12348304,11.12348304,501209974.0,65154902.1,270540993.4389099,3864.1822,-0.0025301859137728,0.031390134529148,0.0339203204429209,2.067265587210048,2.848146067639456,-0.6953642384072116,0.2499999999989081,0.1374664928104858,1.611789275840241,0.0339203204429209,0.5053763440860215,0.9955191307758564,1.9347329758671192,0.3940622437599856,-0.7588316267470406,0.6259023845258489,0.8543891217208472,0.93242579275415,,1.0,,,,,,,,,,,,,,,0.0190475753569194,0.1,1330090368.0,115330200,48,11.532888766342207,2025-06-16,11.643103868091732,11.15205363,11.16157716,10.96158303,0.0630972072505386,0.0095565910659936,0.0182608695652173,11.05681833,11.11395951,10.89491832,10.92348891,111587100,1287079548.0,47,2025-06-13 14:55:00,11.534304126552263,-0.01205857019810519,0.011463844797178213,0.028699551569506765,0.06400742115027835,0.2413419913419912,0.04140185218812409,0.12570540606853697,1.9317178854443438,1.8456993867896896,0.02005231037489106,asof1455,14:55
2025-06-16,10.99967715,11.16157716,10.96158303,11.15205363,91008691.0,0.0,0.0,10.58686225191282,9.98192175528034,0.1999941299999998,0.0179333902647293,73.89177659362886,0.907675760563477,0.9523809523761856,11.12348304,11.16157716,11.16157716,592218665.0,102436582.9,288623763.5426903,3873.7951,-0.0029472523219187,0.0436720142602493,0.046619266582168,2.8260398346909192,3.0247912607707823,0.1428571428564251,0.9523809523761856,-0.0968680560437789,1.6969568828574868,0.046619266582168,0.3723404255319149,1.5430994208229731,2.0374758284182986,1.0881425372309186,1.3292453690668464,-0.1948166802946994,0.9031694862240937,1.379286226605799,,0.0,,,,,,,,,,,,,,,0.0190475753569194,0.1,1059623747.0,91008700,48,11.643103868091732,2025-06-17,11.673044388438822,11.08538892,11.22824187,11.06634186,0.0467170241216658,0.0025715239412356,-0.0059777967549102,10.99967715,11.16157716,10.96158303,11.15205363,89236500,1038874366.0,47,2025-06-16 14:55:00,11.641809864797477,0.01826086956521733,0.0317180616740087,0.04367201426024936,0.09133271202236704,0.253747323340471,0.05972850678733033,0.14502697152914723,2.6191301074374262,2.110687576400439,0.01793339026473103,asof1455,14:55
2025-06-17,11.16157716,11.22824187,11.06634186,11.08538892,90665543.0,0.0,0.0,10.634340982206837,10.018101006582622,0.1999941299999998,0.0180412371134004,70.69174904840555,0.9013969640517656,0.1176470588228034,11.16157716,11.22824187,11.22824187,501553122.0,139400535.15,290028476.504905,3870.3786,0.0012711018585809,0.0264550264550265,0.0251839245964455,2.2553058821821828,3.081290313976384,-0.3809523809504788,0.1176470588228034,-0.1038095367679087,1.24867940974022,0.0251839245964455,0.4,1.100032410085924,2.0309686956572093,0.6420096725515485,-1.1512633993107642,-0.2180022402335658,0.5917518088355376,0.590848863196809,,1.0,,,,,,,,,,,,,,,0.0190475753569194,0.1,1058342406.0,90665500,48,11.673044388438822,2025-06-18,11.708144832243184,11.18062422,11.19967128,11.0472948,0.0561780842095331,0.0030069656754778,0.0085910652920961,11.16157716,11.21871834,11.06634186,11.09491245,88951100,1038380806.0,47,2025-06-17 14:55:00,11.673613996903917,-0.005123825789922987,0.003445305770887197,0.02733686067019403,0.08776844070961709,0.24598930481283432,0.04964411208216957,0.13477710315269964,1.9759514311938602,1.9266467013939794,0.013733905579399224,asof1455,14:55
2025-06-18,11.12348304,11.19967128,11.0472948,11.18062422,69898839.0,0.0,0.0,10.686367957234756,10.056216521776635,0.1993138778571427,0.0178267218301273,72.52246917150815,0.7012362532989601,0.8749999999942576,11.22824187,11.22824187,11.22824187,571451961.0,179859429.35,291035734.096317,3874.9708,-0.0050465446585206,0.0343612334801761,0.0394077781386967,2.479788502820763,3.161603407799918,-0.23890784982815,0.8749999999942576,-0.3549104254761128,1.3455135771073532,0.0394077781386967,0.3541666666666667,1.2518951556979598,2.0441931912562823,0.7557904573512756,1.0959203161764757,-1.0946956379203163,0.653046771918666,1.1011847025118282,,1.0,,,,,,,,,,,,,,,0.0190475753569194,0.1,818385274.0,69898800,48,11.708144832243184,2025-06-19,11.800433627744791,11.27585952,11.29490658,11.15205363,0.0554360289326305,0.0078824439587945,0.008517887563884,11.12348304,11.19967128,11.05681833,11.18062422,67332200,788241414.0,47,2025-06-18 14:55:00,11.706752697817686,0.00859106529209619,0.02086956521739136,0.03436123348017617,0.09617180205415488,0.24760892667375134,0.05333991296935969,0.13930806929011608,2.0677197721513276,1.968523945224394,0.012776831345826233,asof1455,14:55
2025-06-19,11.19014775,11.29490658,11.15205363,11.27585952,90996285.0,0.0,0.0,10.742510010831449,10.096204816800352,0.195912617142857,0.0173745173745158,74.25435968997002,0.9172894939010432,0.866666666660599,11.22824187,11.29490658,11.29490658,662448246.0,219840153.2,299537435.17827094,3843.0912,-0.0126170315229497,0.0198105081826009,0.0324275397055507,2.72238468835786,3.2989462519227044,0.2430555555543119,0.866666666660599,-0.0863321598177993,1.4776386548698996,0.0324275397055507,0.3092783505154639,1.411617927895581,2.1017549396595334,1.1499867161640491,1.0606981646716356,-0.1427409655648892,0.7377755363203551,0.8382980602350302,,0.0,,,,,,,,,,,,,,,0.0190475753569194,0.1,1073781638.0,90995100,48,11.800433627744791,2025-06-20,11.84030555948688,11.31395364,11.32347717,11.15205363,0.0500579169584121,0.0033788530997997,0.0033783783783782,11.19014775,11.29490658,11.15205363,11.26633599,87611100,1033732096.0,47,2025-06-19 14:55:00,11.79909961180718,0.0076660988074956915,0.010247651579846417,0.018949181739879473,0.08333333333333348,0.2545068928950158,0.056532999910690274,0.14373187238156637,2.1314097862175188,2.002306463141647,0.012679628064243447,asof1455,14:55
2025-06-20,11.27585952,11.32347717,11.15205363,11.31395364,156859770.0,0.0,0.0,10.796933213609403,10.13613100772493,0.1945521128571428,0.0171957671957656,74.93490456531663,1.5487502418562027,0.9444444444389298,11.29490658,11.32347717,11.32347717,819308016.0,261901119.05,320935270.53138185,3846.6443,-0.004538579987248,0.0330434782608695,0.0375820582481175,2.6574906784362624,3.396530606513106,0.0979020979015952,0.9444444444389298,0.4374483101234,1.7368203127910662,0.0375820582481175,0.2959183673469387,1.3435356208307598,2.122407380460872,1.0165464915877436,1.2768557718619908,1.6859022096929304,0.907732907106825,1.0176925867667044,,1.0,,,,,,,,,,,,,,,0.0190475753569194,0.1,1857267962.0,156859800,48,11.84030555948688,2025-06-23,11.865575478243706,11.36157129,11.39014188,11.18062422,0.048755886385593,0.0021342285999181,0.0042087542087543,11.27585952,11.32347717,11.15205363,11.30443011,118270600,1398870914.0,47,2025-06-20 14:55:00,11.827714698327394,0.0025337837837837718,0.019759450171821236,0.032173913043478164,0.0732368896925859,0.2681623931623931,0.05576803344303105,0.14315982086964896,1.9544093974717072,1.9636031465943296,0.015164279696714498,asof1455,14:55
2025-06-23,11.29490658,11.39014188,11.18062422,11.36157129,132740936.0,0.0,0.0,10.850708268503748,10.176309377635588,0.1938718607142857,0.0170638246916521,75.79616012421818,1.2827797465214557,0.8636363636322447,11.32347717,11.39014188,11.39014188,952048952.0,315038559.95,342124958.3250509,3857.9016,-0.0041028241271717,0.0187873612297182,0.02289018535689,2.635055028674276,3.478580586063293,0.1964912280691631,0.8636363636322447,0.2490294002194384,1.8619231849340268,0.02289018535689,0.2727272727272727,1.3085604245729574,2.12873387086496,1.08769018656099,1.0274196403105706,1.010784547048794,0.9836827611130464,0.4754740123166293,,0.0,,,,,,,,,,,,,,,0.0190475753569194,0.1,1575047168.0,132740900,48,11.865575478243706,2025-06-24,11.911359690209252,11.36157129,11.43775953,11.2377654,0.0483901729942191,0.0038585749211654,0.0,11.29490658,11.39014188,11.19014775,11.36157129,130968000,1553892992.0,47,2025-06-23 14:55:00,11.864676806548164,0.004208754208754328,0.016183986371379966,0.018787361229718247,0.08652094717668501,0.259767687434002,0.057249202410492694,0.14430962543762882,1.86597685088084,1.9567175130512464,0.01760268231349542,asof1455,14:55
2025-06-24,11.35204776,11.43775953,11.2377654,11.36157129,134926340.0,0.0,0.0,10.89936188959863,10.215170423942618,0.1965928692857141,0.0173033169680262,75.79616012415929,1.288642741484167,0.6190476190445275,11.39014188,11.43775953,11.43775953,952048952.0,373697225.5,345722759.24640334,3904.0342,0.0086956867733818,0.0249140893470791,0.0162184025736973,2.351099518911222,3.4802455864163417,-0.1453287197224406,0.6190476190445275,0.2535895261030801,1.6728772145654358,0.0162184025736973,0.31,1.0862919592100042,2.072913682230956,0.7925037534958392,0.300121306016079,1.0156932749242775,0.8451059517281503,0.2284814136340918,,1.0,,,,,,,,,,,,,,,0.0190475753569194,0.1,1597046520.0,134077600,48,11.911359690209252,2025-06-25,12.0669417419416,11.58061248,11.63775366,11.30443011,0.0620838820562115,0.0130616533946354,0.0192791282481139,11.35204776,11.43775953,11.2377654,11.36157129,133340200,1588252664.0,47,2025-06-24 14:55:00,11.911281549000227,0.0,0.007601351351351537,0.02491408934707917,0.1036077705827938,0.24530271398747394,0.05281736751533339,0.13982706730998906,1.6359375806444567,1.870725759667484,0.017602682313495262,asof1455,14:55
2025-06-25,11.34252423,11.63775366,11.30443011,11.58061248,150858121.0,0.0,0.0,10.964242898208283,10.259939015944498,0.1986336257142855,0.0171522556390962,79.5456746002161,1.3873012541076764,0.8285714285689415,11.43775953,11.63775366,11.63775366,1102907073.0,436393815.65,358349071.9952696,3960.0662,0.021960268707057,0.0357751277683133,0.0138148590612563,3.103047530709612,3.545743474840012,0.7191780821881607,0.8285714285689415,0.3273603160958276,1.859955304583008,0.0138148590612563,0.297029702970297,1.6129177493541662,2.069278850346795,1.4991970031995696,0.9169277619407984,1.2580814730321748,0.9647465869809232,0.1388599209021115,,1.0,,,,,,,,,,,,,,,0.0190475753569194,0.1,1820395904.0,150858100,48,12.0669417419416,2025-06-26,12.341387063813652,11.84727132,11.88536544,11.53299483,0.0656938124065138,0.0227435689788864,0.0230263157894738,11.34252423,11.63775366,11.30443011,11.57108895,149289000,1801322880.0,47,2025-06-25 14:55:00,12.066012097341398,0.018440905280804554,0.022727272727272707,0.034923339011925014,0.11672794117647056,0.2857142857142856,0.06695938529088918,0.1565187041913889,2.0751180427750002,2.066612259368897,0.028806584362139863,asof1455,14:55
2025-06-26,11.55204189,11.88536544,11.53299483,11.84727132,133982257.0,0.0,0.0,11.04834084314083,10.311982698044678,0.2122386685714283,0.0179145613229199,82.99862069788699,1.1940774167835986,0.891891891889365,11.63775366,11.88536544,11.88536544,1236889330.0,509025111.1,365943579.2093244,3946.0195,0.0267826847304586,0.0506756756756758,0.0238929909452172,3.764302152067681,3.4694815513548245,0.9871794871748428,0.891891891889365,0.1773738510457248,1.989006667291879,0.0238929909452172,0.4019607843137255,2.044067500173564,1.960670472730428,1.6915323887463038,1.0951010917831536,0.7256249375844873,1.0426513571354832,0.5106418949953979,,0.0,,,,,,,,,,,,,,,0.0190475753569194,0.1,1653527424.0,133982300,48,12.341387063813652,2025-06-27,12.16098387439135,11.41871247,11.95203015,11.31395364,0.0264797307259905,-0.0146177401688716,-0.0361736334405146,11.55204189,11.88536544,11.53299483,11.83774779,131051500,1617092352.0,47,2025-06-26 14:55:00,12.33936545556518,0.022203947368421018,0.041911148365465056,0.04983108108108114,0.14667896678966774,0.3015706806282723,0.0854473213116187,0.1781059947871415,2.5444977488081464,2.3164585494892966,0.0297666934835076,asof1455,14:55
2025-06-27,11.83774779,11.95203015,11.31395364,11.41871247,233200515.0,0.0,0.0,11.08361433141313,10.348268920076,0.2428500149999999,0.0212677231025836,64.23169325725797,1.9504810619651385,0.1641791044773539,11.88536544,11.95203015,11.95203015,1003688815.0,565691197.0,350062942.8008632,3921.7578,0.0195270199534696,0.0092592592592593,-0.0102677606942103,1.3798563635480476,3.027981741463358,-1.9215686274430688,0.1641791044773539,0.668076040594259,1.2511967547766385,-0.0102677606942103,0.9223300970873788,0.3212037845762434,1.5885745092823904,-0.7252462826721989,-1.06276979431252,2.36777015837094,0.5281296022117493,-0.7583993833243077,,0.0,,,,,,,,,,,,,,,0.0191283881596565,0.1,2835947520.0,233200500,48,12.16098387439135,2025-06-30,11.889257083558329,11.37109482,11.40918894,11.2377654,0.0412082023077973,-0.0223441453125537,-0.0041701417848206,11.83774779,11.95203015,11.31395364,11.41871247,228226500,2776323072.0,47,2025-06-27 14:55:00,12.164770839494976,-0.03617363344051461,0.005029337803855727,0.0092592592592593,0.09999999999999987,0.26077812828601443,0.03976065559554254,0.13123879611284073,1.1066915857544901,1.6642848360495563,0.055879899916597274,asof1455,14:55
2025-06-30,11.35204776,11.40918894,11.2377654,11.37109482,120744389.0,0.0,0.0,11.11099342556426,10.381804195483344,0.2421697628571426,0.0212969609954515,62.53961791319344,1.0004526892148389,0.7777777777732383,11.95203015,11.95203015,11.95203015,882944426.0,611412085.75,328109539.742275,3936.0791,0.0202642545367148,0.0008382229673091,-0.0194260315694057,1.0740457081262496,3.011066375400705,-2.398876404484481,0.7777777777732383,0.0004525867819885,0.8275661246036445,-0.0194260315694057,0.9230769230769232,0.099013522978249,1.5495124983258963,-1.1114874617723811,0.75879194160834,0.0753234833130471,0.2323689030251143,-1.0899256711347431,,1.0,,,,,,,,,,,,,,,0.0192104491496268,0.1,1435561213.0,120744400,48,11.889257083558329,2025-07-01,12.1310522296381,11.56156542,11.64727719,11.37109482,0.0668323870012457,0.0203372796450125,0.016750418760469,11.35204776,11.40918894,11.2377654,11.37109482,117803200,1400445442.0,47,2025-06-30 14:55:00,11.888008492129247,-0.004170141784820669,-0.018092105263157854,0.0008382229673091768,0.08743169398907114,0.256842105263158,0.030554117037804085,0.12214529619999381,0.8870982511121159,1.543152585768105,0.015075376884422046,asof1455,14:55
2025-07-01,11.37109482,11.64727719,11.37109482,11.56156542,94017503.0,0.0,0.0,11.15390504408195,10.420484891369137,0.253053797142857,0.0218875029418667,66.35734802923761,0.7905690052827371,0.6896551724112983,11.95203015,11.95203015,11.95203015,976961929.0,655367061.85,314989683.8211206,3942.762,0.0099199438365575,0.0176026823134953,0.0076827384769377,1.6109632833776528,2.898277603382011,-1.5430107526820742,0.6896551724112983,-0.2350023329321472,1.0209695227118307,0.0076827384769377,0.961904761904762,0.4872368156672023,1.4412591617789623,-0.3958036299851221,0.4933514458221124,-0.7314257834988863,0.3653636428573973,-0.077177026777066,,1.0,,,,,,,,,,,,,,,0.0192172481294777,0.1,1140531203.0,94017500,48,12.1310522296381,2025-07-02,12.247939707375444,11.67584778,11.75203602,11.56156542,0.0593668990695763,0.0096353948136311,0.0098846787479405,11.37109482,11.64727719,11.37109482,11.57108895,92067500,1116847737.0,47,2025-07-01 14:55:00,12.130749037391045,0.017587939698492594,-0.02331189710610937,0.018440905280804554,0.0965703971119134,0.2682672233820458,0.044352759154203225,0.13753393876977804,1.355811916690362,1.7383065477401012,0.023868312757201714,asof1455,14:55
2025-07-02,11.56156542,11.75203602,11.56156542,11.67584778,88249611.0,0.0,0.0,11.203613876074144,10.46164433034064,0.2462512757142855,0.0210906548590054,68.43590663542275,0.7544842556891438,0.5999999999968462,11.95203015,11.95203015,11.95203015,1065211540.0,697364999.15,310810850.54960674,3943.6849,-0.0041366227665587,0.0082236842105263,0.0123603069770851,1.917691197960934,3.0130586880344405,-1.1215469613214162,0.5999999999968462,-0.2817208682031644,1.1835061105477402,0.0123603069770851,0.8773584905660378,0.706440460593993,1.505244018411958,-0.0428306953044607,0.2241038625232368,-0.8850172108562432,0.4764555193369795,0.0978485102303087,,0.0,,,,,,,,,,,,,,,0.0192319237756831,0.1,1080875780.0,88249600,48,12.247939707375444,2025-07-03,12.27624011106064,11.7139419,11.78060661,11.59965954,0.0514217333399187,0.0023106256530764,0.0032626427406199,11.56156542,11.75203602,11.56156542,11.67584778,86241600,1056256511.0,47,2025-07-02 14:55:00,12.247645115582271,0.009884678747940523,0.02251876563803168,0.008223684210526327,0.09366636931311323,0.25743589743589745,0.04902883545820158,0.1432656740542726,1.5341984092733076,1.8010972028606342,0.016313213703099457,asof1455,14:55
2025-07-03,11.68537131,11.78060661,11.59965954,11.7139419,78155602.0,0.0,0.0,11.252216545019463,10.502703267050782,0.2428500149999999,0.0207317073170713,69.12076692555623,0.6810332092688254,0.6315789473649337,11.95203015,11.95203015,11.95203015,1143367142.0,749384960.2,293560572.4844588,3968.0676,0.005587428039826,-0.0112540192926046,-0.0168414473324306,1.901277852416991,3.086321728106943,-0.9803921568587108,0.6315789473649337,-0.3841442085754745,1.3420813921490002,-0.0168414473324306,0.8504672897196262,0.6896074571832934,1.5361895483866903,0.0755199871503366,0.31750235433975,-1.2242211314982987,0.5842319729088118,-0.9936385922000068,,1.0,,,,,,,,,,,,,,,0.019250593793618,0.1,959455684.0,78155500,48,12.27624011106064,2025-07-04,12.512685561818657,11.94250662,12.01869486,11.69489484,0.0681874358467371,0.0192604126849051,0.0195121951219512,11.68537131,11.78060661,11.59965954,11.72346543,76857300,943487686.0,47,2025-07-03 14:55:00,12.275836986206906,0.004078303425774754,0.030988274706867713,-0.010450160771704353,0.11705989110707793,0.26386036960985626,0.04859661825461048,0.14346755840416137,1.5151520008771222,1.7841550333825271,0.015434606011372887,asof1455,14:55
2025-07-04,11.7139419,12.01869486,11.69489484,11.94250662,128477438.0,0.0,0.0,11.317958456922373,10.549909934360592,0.2510130407142856,0.0210184552289797,72.91767854805313,1.103569368915,0.7647058823505782,11.95203015,12.01869486,12.01869486,1271844580.0,803064484.4,285932264.07918864,3982.2034,0.0154128844978647,0.0458715596330274,0.0304586751351627,2.488110423657341,3.0597953013642365,-0.0379403794036466,0.7647058823505782,0.0985498073714143,1.639479535860185,0.0304586751351627,0.8611111111111112,1.1090828943298146,1.4933282543649624,0.8647268076939818,0.7059560262627783,0.4401792674004303,0.7880564359903282,0.7829394043173725,,0.0,,,,,,,,,,,,,,,0.0192997298880953,0.1,1607597308.0,128477400,48,12.512685561818657,2025-07-07,12.49318168952366,11.9044125,12.03774192,11.79965367,0.0461105098825276,-0.001558727916452,-0.0031897926634768,11.7139419,12.01869486,11.7139419,11.94250662,126005500,1576604034.0,47,2025-07-04 14:55:00,12.512184261798096,0.019512195121951237,0.03294892915980219,0.04587155963302747,0.12466367713004489,0.346938775510204,0.062396746727665375,0.16023377384385262,2.0625903202721045,1.9745156863180109,0.025518341307815,asof1455,14:55
2025-07-07,11.99012427,12.03774192,11.79965367,11.9044125,95390215.0,0.0,0.0,11.373811222929763,10.59431985454549,0.2564550578571428,0.0215428571428553,71.34315298868495,0.824041501666924,0.4399999999981498,12.01869486,12.03774192,12.03774192,1176454365.0,846544078.6,272996269.69515467,3965.1746,0.0073920008365684,0.0469011725293131,0.0395091716927447,2.0689834760979227,3.039485260670691,-0.4456233421733314,0.4399999999981498,-0.1935343842403588,1.2084791003496098,0.0395091716927447,0.9174311926605504,0.7955001554827423,1.456769428658454,0.5168449913893206,-0.2850747657269049,-0.5688606098553342,0.4800268484048178,1.1136735069658896,,0.0,,,,,,,,,,,,,,,0.0193570650385118,0.1,1191727100.0,95390200,48,12.49318168952366,2025-07-08,12.306840608933848,11.77108308,11.94250662,11.59013601,0.0338049533258233,-0.0149154222855875,-0.0111999999999998,11.99012427,12.02821839,11.79965367,11.9044125,91730800,1145983488.0,47,2025-07-07 14:55:00,12.492897565485093,-0.0031897926634768536,0.019575856443719397,0.04690117252931314,0.11408199643493755,0.331203407880724,0.05280889412953749,0.15080095746639666,1.749507069485697,1.8558923770027371,0.019199999999999967,asof1455,14:55
2025-07-08,11.9044125,11.94250662,11.59013601,11.77108308,135388031.0,0.0,0.0,11.411646637888836,10.632902255380063,0.2707403528571427,0.0230004623208487,65.973581027311,1.1570532676336132,0.5135135135120577,12.03774192,12.03774192,12.03774192,1041066334.0,877736937.45,257350909.21009943,3998.4527,0.0141247937359647,0.0181219110378911,0.0039971173019264,1.327605723774375,2.8763513613236755,-0.98492462311194,0.5135135135120577,0.145876486593082,0.6346563804702124,0.0039971173019264,1.0,0.2493529058357639,1.3183207729097268,0.0588501306813849,-0.0505799360936799,0.6077993665172423,0.071900933724846,-0.2240425063414245,,0.0,,,,,,,,,,,,,,,0.0193710241927639,0.1,1660088190.0,134891500,48,12.306840608933848,2025-07-09,12.358317752552784,11.73298896,11.84727132,11.69489484,0.0498879048394911,0.0041828073715011,-0.0032362459546926,11.9044125,11.93298309,11.59965954,11.76155955,134020200,1649323262.0,47,2025-07-08 14:55:00,12.30652738915477,-0.01200000000000001,0.00406504065040636,0.017298187808896026,0.08906525573192225,0.3236870310825295,0.03459830778252493,0.13159140540292902,1.1791292097569892,1.6210647421378221,0.028340080971660016,asof1455,14:55
2025-07-09,11.72346543,11.84727132,11.69489484,11.73298896,92271848.0,0.0,0.0,11.44225066856609,10.66897067192498,0.2714206049999999,0.0231331168831149,64.4803352545585,0.7802696961592901,0.2499999999983593,12.03774192,12.03774192,12.03774192,948794486.0,900947902.25,241276588.9217557,3991.4006,0.0120992678700064,0.0048939641109297,-0.0072053037590766,1.0711725126131817,2.849009921845325,-1.1228070175397236,0.2499999999983593,-0.2481156547544199,0.1983059523670417,-0.0072053037590766,1.0,0.0597861706161442,1.282433657898586,-0.0584434248337024,-0.8430363330080338,-0.7611483536875508,-0.2384675118890635,-0.6441925205331307,,1.0,,,,,,,,,,,,,,,0.0193859705353939,0.1,1140324224.0,92271800,48,12.358317752552784,2025-07-10,12.243501517583695,11.8201896,11.93645376,11.75236884,0.0435108700199182,-0.0092906038886539,0.0074320908591394,11.72346543,11.84727132,11.69489484,11.76155955,88438900,1093064068.0,47,2025-07-09 14:55:00,12.359539388210392,-0.0008090614886732128,-0.015151515151515138,0.007340946166394691,0.08810572687224649,0.3013698630136985,0.030196863530196794,0.12637947283616557,1.0855365748027166,1.5736178133042031,0.012955465587044614,asof1455,14:55
2025-07-10,11.8201896,11.93645376,11.75236884,11.8201896,131195383.0,0.0,0.0,11.478244852512177,10.706715554812686,0.2737092664285712,0.0231560808828775,66.35747346323473,1.109776200170881,0.3684210526295811,12.03774192,12.03774192,12.03774192,1079989869.0,924120388.85,235023064.1291428,4010.0243,0.0105735849863042,0.0090701918198861,-0.0015033931664181,1.2492991265818578,2.8187912954639227,-0.7948299406807926,0.3684210526295811,0.1041583735282274,0.6632092927881805,-0.0015033931664181,1.0,0.1909805102413463,1.2455951336966251,0.2214117726264168,-0.4705931043303891,0.4677620347726196,0.0945462916857782,-0.4257316690822322,,0.0,,,,,,,,,,,,,,,0.0193859705353939,0.1,1606291079.0,131195400,48,12.243501517583695,2025-07-11,12.097540741330494,11.54890656,11.92676508,11.53921788,0.0234641871844842,-0.0119214896199079,-0.0229508196721311,11.8201896,11.93645376,11.76205752,11.83956696,128646800,1575187704.0,47,2025-07-10 14:55:00,12.24428204976727,0.009083618876941424,-0.00544718523488652,0.0107244052490989,0.07079329755072505,0.3267780346386251,0.03285092714359794,0.12899334192107492,1.2895983623135352,1.6212720267814236,0.014729950900163522,asof1455,14:55
2025-07-11,11.868633,11.92676508,11.53921788,11.54890656,160770375.0,0.0,0.0,11.484974538939587,10.734328374654892,0.2864256621428568,0.0248011065510631,56.37571397461083,1.3343059920235,0.0249999999999356,12.03774192,12.03774192,12.03774192,919219494.0,945020864.85,214143761.9094032,4014.807,0.0081873266443397,-0.0329579101376289,-0.0411452367819686,0.2232063306824216,2.6207364195868905,-1.706674452076444,0.0249999999999356,0.2884113005179771,-0.1204862127196387,-0.0411452367819686,1.0,-0.5698109515732581,1.0884599285925889,-0.5596036595557158,-1.4970079237229428,1.1027344279621163,-0.4675458130172762,-1.8878682540309544,,1.0,,,,,,,,,,,,,,,0.0194092473151051,0.1,1944926464.0,160770400,48,12.097540741330494,2025-07-14,12.029318014646654,11.60703864,11.74268016,11.51984052,0.0415980034257592,-0.0056393880494043,0.0050335570469799,11.868633,11.92676508,11.54890656,11.5779726,155053000,1876729984.0,47,2025-07-11 14:55:00,12.103796663076496,-0.020491803278688492,-0.01640549800622082,-0.030524079374552482,0.0571502647515747,0.29469947227296167,0.006678205991146546,0.09898899336150291,0.26831912967760363,1.262120016794481,0.032635983263598185,asof1455,14:55
2025-07-14,11.5295292,11.74268016,11.51984052,11.60703864,109991827.0,0.0,0.0,11.496599691421531,10.762941825977682,0.2880574842857141,0.0248174830135388,57.83925023579777,0.9057369502588976,0.3913043478243309,12.03774192,11.94250662,11.94250662,1029211321.0,966870497.65,198773932.76182768,4017.6678,0.0132385595327884,-0.0249801374070327,-0.0382186969398211,0.3833920470837184,2.546914784250537,-1.495199060932244,0.3913043478243309,-0.0990063569741174,0.3136267541916436,-0.0382186969398211,1.0,-0.4477819054282443,1.0245805080598822,-0.3752629736454539,-0.3770977931795596,-0.2540528777089978,-0.1528210925456363,-1.7398019872359791,,0.0,,,,,,,,,,,,,,,0.0194092473151051,0.1,1306690684.0,108625500,48,12.029318014646654,2025-07-15,11.89239521438244,11.4326424,11.7717462,11.41326504,0.0245847871479507,-0.0113824241821105,-0.015025041736227,11.5295292,11.74268016,11.5295292,11.60703864,107524400,1293492991.0,47,2025-07-14 14:55:00,12.02976246321765,0.005033557046979942,-0.010734717336681077,-0.024980137407032754,0.040798316175242544,0.27353691561254867,0.006593598782701937,0.09722387183575676,0.2957518668404483,1.2701182094300292,0.018363939899833065,asof1455,14:55
2025-07-15,11.60703864,11.7717462,11.41326504,11.4326424,110990856.0,0.0,0.0,11.490508520809955,10.784899221847263,0.2898544564285713,0.0253532338620637,52.18321712492073,0.9063784875789914,0.0540540540539032,12.03774192,11.93645376,11.93645376,918220465.0,987703864.8,168432109.2860534,4019.0644,0.0051549190515622,-0.0287518725082347,-0.033906791559797,-0.1996385410897304,2.434357255204529,-2.087597780809095,0.0540540540539032,-0.0982983034654936,-0.4125306041379211,-0.033906791559797,1.0,-0.8779786879614231,0.9337471427463984,-0.8813978574485096,-1.3799245101340032,-0.2503307961341736,-0.675881975338551,-1.5476753479684688,,0.0,,,,,,,,,,,,,,,0.0194092473151051,0.1,1319947648.0,110990900,48,11.89239521438244,2025-07-16,11.663938392734782,11.3357556,11.4810858,11.22918012,0.020231192811102,-0.0192103287461694,-0.0084745762711864,11.60703864,11.75236884,11.41326504,11.4326424,109001900,1296485888.0,47,2025-07-15 14:55:00,11.894158615583764,-0.015025041736227096,-0.032786885245901676,-0.028751872508234744,0.031325331254142386,0.23250789073903677,-0.010482707136747038,0.076509731800112,-0.4999810108941461,1.01897517541296,0.029661016949152557,asof1455,14:55
2025-07-16,11.44233108,11.4810858,11.22918012,11.3357556,147398186.0,0.0,0.0,11.475770147399484,10.802960086704733,0.2826783899999999,0.0249368811374139,49.29892705843948,1.1667685097658589,0.4230769230752436,12.03774192,11.93645376,11.93645376,770822279.0,997672380.7,148184354.3408021,4007.2019,0.0039588359033668,-0.0338561095859072,-0.0378149454892741,-0.4953139410444124,2.380125557855252,-2.483339175652997,0.4230769230752436,0.154237970102373,-1.5308640558522013,-0.0378149454892741,0.9913793103448276,-1.0894147160265728,0.8867603617438327,-1.2113473009844258,-0.2757658577773724,0.6384877807309953,-1.4689346201577476,-1.6649045260640587,,0.0,,,,,,,,,,,,,,,0.0194092473151051,0.1,1719243524.0,147398200,48,11.663938392734782,2025-07-17,11.740918932990162,11.35513296,11.45201976,11.29700088,0.0357420667211774,0.0065998754162941,0.0017094017094017,11.44233108,11.4810858,11.22918012,11.34544428,144843200,1689334264.0,47,2025-07-16 14:55:00,11.6631934671424,-0.007627118644067843,-0.017617449664429574,-0.03303034557700624,0.014741579428559026,0.2106774535052116,-0.019503336829422402,0.06469543521569832,-1.0285314776257073,0.8787585912872253,0.02220324508966696,asof1455,14:55
2025-07-17,11.36482164,11.45201976,11.29700088,11.35513296,95268126.0,0.0,0.0,11.464280891456678,10.821064115337364,0.2481742735714284,0.0218556906771267,49.89541305093323,0.7528466505142098,0.3749999999975809,12.03774192,11.92676508,11.92676508,866090405.0,1007854488.65,130774069.83527936,4034.491,0.0061013844729069,-0.039344262295082,-0.045445646767989,-0.4398035698282116,2.591794737062444,-2.750522647549056,0.3749999999975809,-0.283893723297552,-1.0840381723117087,-0.045445646767989,0.8888888888888888,-1.038451444536381,1.0340641733214515,-1.4236855591090485,-0.4119635022894339,-0.9073352685360916,-1.1333797892056785,-1.898578242364838,,1.0,,,,,,,,,,,,,,,0.0194092473151051,0.1,1118535039.0,95268100,48,11.740918932990162,2025-07-18,11.771146616133631,11.41326504,11.46170844,11.31637824,0.0366366169026022,0.0025745585431591,0.0051194539249146,11.36482164,11.45201976,11.29700088,11.35513296,93221700,1094552060.0,47,2025-07-17 14:55:00,11.741387037567433,0.0017094017094017033,-0.02170283806343909,-0.03934426229508203,0.0070303678277823245,0.20802832371640756,-0.019323406590523673,0.06234034785027287,-1.0761326389208727,0.8641621548705181,0.013651877133105809,asof1455,14:55
2025-07-18,11.34544428,11.46170844,11.31637824,11.41326504,101425440.0,0.0,0.0,11.459422238936996,10.840480539096792,0.2456302114285714,0.0215214673949734,51.73011410188478,0.8194528417012441,0.6666666666620794,12.03774192,11.7717462,11.7717462,967515845.0,1015264880.1,123898406.49087666,4058.5486,0.0108950691776716,-0.0117449664429529,-0.0226400356206246,-0.1879133624009784,2.5198109639606288,-2.542345570463564,0.6666666666620794,-0.1991184276630178,-0.3853886135615154,-0.0226400356206246,0.847457627118644,-0.8435011391501904,0.9727138554613892,-1.2310844411413977,0.4817548146705853,-0.6028356195695639,-0.6240099296261736,-1.06033141904726,,0.0,,,,,,,,,,,,,,,0.0194092473151051,0.1,1193893254.0,101425400,48,11.771146616133631,2025-07-21,11.696697825975695,11.3357556,11.45201976,11.24855748,0.0248336286752606,-0.0063246846365753,-0.0067911714770797,11.34544428,11.46170844,11.31637824,11.40357636,99435700,1170459524.0,47,2025-07-18 14:55:00,11.771019100785734,0.00426621160409546,-0.0025423728813559476,-0.012583892617449632,0.007921432494043756,0.22559944913298247,-0.015476654000095569,0.06362950755632313,-0.883976259674457,0.9010524736677922,0.012744265080713685,asof1455,14:55
2025-07-21,11.41326504,11.45201976,11.24855748,11.3357556,87924526.0,0.0,0.0,11.447644463800138,10.856719065683782,0.2404359192857142,0.0212104007681405,49.14606933934874,0.723472098905769,0.4285714285693222,12.03774192,11.7717462,11.7717462,879591319.0,1011641998.45,126721122.7078152,4085.6072,0.016910158674642,-0.023372287145242,-0.0402824458198841,-0.4653583546587845,2.4577251180664548,-2.919639969279704,0.4285714285693222,-0.3236932977098168,-1.042057366824893,-0.0402824458198841,0.8151260504201681,-1.042407361483336,0.9195805033746516,-1.5331931573066362,-0.2540896971714543,-1.0364609629530586,-1.089695137979871,-1.6609784647754129,0.6834972169119321,0.0,,,,,,,,,,,,,,,0.0194092473151051,0.1,1028426308.0,87924500,48,11.696697825975695,2025-07-22,11.494864588413726,11.11291596,11.32606692,11.00634048,0.0140360284773364,-0.0172555742282871,-0.0196581196581197,11.41326504,11.45201976,11.24855748,11.32606692,86234100,1008645251.0,47,2025-07-21 14:55:00,11.696593934418056,-0.007640067911714787,-0.0008547008547008517,-0.024207011686143587,-0.0031249524466082645,0.19645063554446307,-0.022587418789136393,0.052948359648286925,-1.3266776577544581,0.770423756098614,0.017964071856287435,asof1455,14:55
2025-07-22,11.2873122,11.32606692,11.00634048,11.11291596,164444985.0,0.0,0.0,11.415765558676314,10.865118963858084,0.2503605278571428,0.0225287880119198,42.56322408451298,1.336872171019152,0.3333333333322908,11.94250662,11.4810858,11.4810858,715146334.0,999796867.55,141900856.96328187,4118.9582,0.0248549886386493,-0.0279661016949153,-0.0528210903335646,-1.2096539389304697,2.199414578364499,-3.31358408251182,0.3333333333322908,0.2903326847375877,-2.005981779402896,-0.0528210903335646,0.925,-1.5771954384610132,0.7237771382032688,-1.8353397685961848,-0.5600500871078274,1.136004352291156,-1.7560433117176946,-2.057577837919779,1.1555157436841066,0.0,,,,,,,,,,,,,,,0.0194092473151051,0.1,1890208636.0,164439400,48,11.494864588413726,2025-07-23,11.511433639059414,11.11291596,11.22918012,11.01602916,0.0358607660216134,0.0014414306943979,0.0,11.2873122,11.30668956,11.00634048,11.10322728,161282600,1853988102.0,47,2025-07-22 14:55:00,11.495276626244864,-0.02051282051282055,-0.022184300341296925,-0.028813559322033888,-0.02273840505031066,0.18242706163791023,-0.041711203269005126,0.029250460149800706,-2.4304971831451097,0.4361666295236242,0.02705061082024434,asof1455,14:55
2025-07-23,11.0935386,11.22918012,11.01602916,11.11291596,140725063.0,0.0,0.0,11.38692273975476,10.873243455534867,0.2526608057142857,0.0227357793961273,42.56322408448544,1.1487703153357716,0.454545454543322,11.93645376,11.46170844,11.46170844,715146334.0,980408830.6,152576760.4167068,4119.7685,0.0280910727258338,-0.0196581196581197,-0.0477491923839535,-1.084484706597226,2.033078627948097,-3.2594600403832072,0.454545454543322,0.1386920792632879,-1.7385511127352158,-0.0477491923839535,0.9416666666666668,-1.4636554845413972,0.5901665988462685,-1.75386479810076,-0.19423293721922,0.5938257229763994,-1.5409063111143293,-1.8366523323888293,1.2057532126206731,0.0,,,,,,,,,,,,,,,0.0194092473151051,0.1,1619947650.0,140725100,48,11.511433639059414,2025-07-24,11.33483174885559,10.9482084,11.15167068,10.91914236,0.0199691772757355,-0.0153414331994753,-0.014821272885789,11.0935386,11.22918012,11.03540652,11.10322728,139321200,1603854078.0,47,2025-07-23 14:55:00,11.51191690855376,-0.0008718395815170421,-0.02716468590831922,-0.02051282051282055,-0.04122279377057603,0.1705553039909431,-0.040681818747256626,0.026518333478875666,-2.1476093510004475,0.40902342549936993,0.0174520069808028,asof1455,14:55
2025-07-24,11.11291596,11.15167068,10.91914236,10.9482084,170655616.0,0.0,0.0,11.34514042168288,10.875701322566512,0.2461413985714285,0.0224823450174191,38.179478864875215,1.3725548614654246,0.1249999999994624,11.93645376,11.46170844,11.46170844,544490718.0,945788900.0,168205962.85661808,4149.0368,0.028391636020504,-0.0358361774744027,-0.0642278134949068,-1.6126178854309206,1.9071927836561504,-4.014949804184207,0.1249999999994624,0.3166738655264992,-2.3857547924271514,-0.0642278134949068,0.9083333333333332,-1.8271408022978124,0.4874079195946427,-2.32376134777376,-1.2221133798395485,1.2146622213710965,-1.9604993440594949,-2.3392171271274056,1.039091537799654,1.0,,,,,,,,,,,,,,,0.0194225717331914,0.1,1934352513.0,170655600,48,11.33483174885559,2025-07-25,11.40580556530129,11.01602916,11.13229332,10.93851972,0.0417965340613437,0.0062615677072457,0.0061946902654868,11.11291596,11.15167068,10.92883104,10.95789708,167941800,1903671290.0,47,2025-07-24 14:55:00,11.335303599223064,-0.013949433304272008,-0.033333333333333326,-0.03498293515358364,-0.07506996471825556,0.1587240321152974,-0.05132158443029089,0.010548041367873573,-2.4582171768034105,0.16809839093012555,0.020335985853227243,asof1455,14:55
2025-07-25,10.9482084,11.13229332,10.93851972,11.01602916,136812357.0,0.0,0.0,11.313796491998795,10.880302235269248,0.2429760664285713,0.0220565925252642,40.87959230186514,1.1447308466004311,0.3999999999979357,11.92676508,11.45201976,11.45201976,681303075.0,929669613.0,177097239.11055133,4127.1634,0.0169062408172222,-0.034804753820034,-0.0517109946372562,-1.2255006691579111,1.7841027023754257,-3.7482536176623102,0.3999999999979357,0.1351695409020403,-1.4024303215984042,-0.0517109946372562,0.9,-1.521039272200058,0.3875056184564046,-2.0533219430153427,-0.3590901787763229,0.5662570607628716,-1.2536139000451034,-1.8900050139865792,0.9862905419486776,1.0,,,,,,,,,,,,,,,0.0194840756815528,0.1,1560451071.0,136812000,48,11.40580556530129,2025-07-28,11.52072911950765,11.13229332,11.24855748,11.0450952,0.0458150529721046,0.0100758822819126,0.0105540897097624,10.9482084,11.13229332,10.93851972,11.01602916,134202600,1530775552.0,47,2025-07-25 14:55:00,11.406452274397068,0.006194690265486802,-0.008718395815169977,-0.03480475382003401,-0.03526521147265549,0.14187266677619537,-0.0425626411404082,0.01358567879094208,-1.8524763153806596,0.22504178033222969,0.017590149516270897,asof1455,14:55
2025-07-28,11.0450952,11.24855748,11.0450952,11.13229332,147997265.0,0.0,0.0,11.29651047561796,10.888564238047303,0.2344159028571428,0.0210572876691971,45.2909888858425,1.2243572998438927,0.4285714285693222,11.7717462,11.32606692,11.32606692,829300340.0,926987408.7,178187472.26949215,4135.8242,0.0122911962755498,-0.0179487179487179,-0.0302399142242678,-0.7005376069444248,1.740266904236121,-2.7278562256374146,0.4285714285693222,0.2024160531293893,-0.5482263565210541,-0.0302399142242678,0.7916666666666666,-1.1242011619655814,0.3468772147739385,-1.2126906601584606,-0.2580063135395296,0.8003675390169246,-0.6492913559382835,-1.1616552150840522,0.4972928054946269,0.0,,,,,,,,,,,,,,,0.019542665551067,0.1,1704978048.0,147992200,48,11.52072911950765,2025-07-29,11.42061491943463,10.96758576,11.21949144,10.95789708,0.0258995690417749,-0.0086899187572685,-0.0147954743255004,11.0450952,11.24855748,11.0450952,11.15167068,144707600,1667213442.0,47,2025-07-28 14:55:00,11.521256948494758,0.012313104661389573,0.0034873583260679464,-0.016239316239316293,-0.01929665907051148,0.12918012446461824,-0.02907457004193359,0.023916973312412937,-1.1726806096808604,0.4090658055688247,0.018245004344048663,asof1455,14:55
2025-07-29,11.15167068,11.21949144,10.95789708,10.96758576,113702736.0,0.0,0.0,11.265184312225774,10.891155107619523,0.2422171799999999,0.0220848220657066,40.66206087058124,0.9330467790505492,0.0370370370368954,11.7717462,11.24855748,11.265184312225774,715597604.0,913919192.45,183546742.93059173,4152.0247,0.0080278794769026,-0.0130775937227549,-0.0211054731996576,-1.228643452229709,1.544189411356809,-3.319997532778974,0.0370370370368954,-0.0692999410738318,-1.080496364487358,-0.0211054731996576,0.9,-1.4761445743053725,0.1944376780851102,-1.6521748846113191,-1.460351995160848,-0.1690256669710035,-1.0155341844068602,-0.8448877665313542,0.9696975323916994,1.0,,,,,,,,,,,,,,,0.019544306627445,0.1,1298554752.0,113702700,48,11.42061491943463,2025-07-30,11.437514270956433,11.10322728,11.17104804,10.92883104,0.0428470331793815,0.0014797234335468,0.0123674911660778,11.15167068,11.21949144,10.95789708,10.97727444,109323600,1248952832.0,47,2025-07-29 14:55:00,11.424366120398524,-0.013925152306353383,0.0026548672566371057,-0.012205754141238034,-0.050537358806901134,0.13449571496891943,-0.04326386786624492,0.005970247727637323,-1.6874547770168788,0.10447635609960229,0.0238305383936452,asof1455,14:55
2025-07-30,10.98696312,11.17104804,10.92883104,11.10322728,127776955.0,0.0,0.0,11.249759832966175,10.89810829359921,0.2449851942857142,0.0220643231114415,45.59359925384919,1.0318061418904612,0.7199999999970275,11.4810858,11.24855748,11.249759832966175,843374559.0,902827343.4,180750480.6885752,4151.2379,0.0076386330930973,-0.000871839581517,-0.0085104726746143,-0.5981281986971205,1.435399148878434,-1.5423728813496371,0.7199999999970275,0.0313108024085453,-0.3289218605312281,-0.0085104726746143,0.9,-1.0133705694195845,0.1075559876313681,-0.2368377196675941,0.6585695479161976,0.1908383198412261,-0.4835797715758006,-0.4186679354349887,0.9557503936994224,0.0,,,,,,,,,,,,,,,0.0195542537881274,0.1,1461451261.0,127777000,48,11.437514270956433,2025-07-31,11.275366208279616,10.9482084,11.10322728,10.83194424,0.0155035039757931,-0.0141768621079287,-0.0139616055846422,10.98696312,11.17104804,10.93851972,11.0935386,125559700,1436048124.0,47,2025-07-30 14:55:00,11.437173902135797,0.01148409893992941,0.0070360598065084545,-0.0017436791630339732,-0.04987296776834127,0.16369204946654703,-0.030621555789552946,0.01462313190695963,-1.119000163135686,0.2653871744683993,0.020960698689956342,asof1455,14:55
2025-07-31,11.0935386,11.10322728,10.83194424,10.9482084,139620044.0,0.0,0.0,11.22104064887416,10.89975092003858,0.2366806114285715,0.0216182048040435,41.36267538278042,1.1001382385272866,0.4285714285698488,11.46170844,11.24855748,11.24855748,703754515.0,880846712.05,176850552.52794313,4075.5912,-0.0177018434736466,0.0,0.0177018434736466,-1.1527443977190572,1.3574822495808274,-2.169590643265687,0.4285714285698488,0.0954358432967798,-1.001366376969722,0.0177018434736466,0.8583333333333333,-1.3891503988572833,0.0440273346840657,-0.7280520856574002,-0.2577738250839769,0.4156393880469126,-0.9537424400814593,0.4491594355616854,0.759323276984511,1.0,,,,,,,,,,,,,,,0.0195694373484402,0.1,1574266630.0,139620000,48,11.275366208279616,2025-08-01,11.352036605785628,11.08384992,11.0935386,10.82225556,0.0368853232448176,0.006799814399794,0.0123893805309733,11.0935386,11.0935386,10.83194424,10.9482084,137079900,1545569157.0,47,2025-07-31 14:55:00,11.274951010323177,-0.013961605584642212,-0.01653611836379465,0.0,-0.06536941249469574,0.13149175455858697,-0.04092137199737589,-0.0010598247849052944,-1.4744751165395946,-0.020218332504085505,0.023893805309734523,asof1455,14:55
2025-08-01,10.97727444,11.0935386,10.82225556,11.08384992,129597035.0,0.0,0.0,11.207974865171858,10.9057869528242,0.2401408542857144,0.0216658341658322,46.07778499671406,1.0207115584097857,0.9642857142821598,11.46170844,11.24855748,11.24855748,833351550.0,858922060.55,152526228.79320735,4054.9286,-0.0175022874064061,0.0061565523306947,0.0236588397371009,-0.5168839160689388,1.2583777685194026,-1.5734870316937355,0.9642857142821598,0.0204999903661247,-0.1676466451200865,0.0236588397371009,0.8666666666666667,-0.936681296696234,-0.035003868062433,-0.2587807867920855,1.3975665575418177,0.1540946171986228,-0.3771188013783853,0.634499296663685,0.7875209215687808,1.0,,,,,,,,,,,,,,,0.0195939195439158,0.1,1471189888.0,129597000,48,11.352036605785628,2025-08-04,11.585904548067832,11.20011408,11.31637824,11.03540652,0.0452960507126598,0.02060140839953,0.0104895104895104,10.97727444,11.0935386,10.82225556,11.08384992,127535200,1447605504.0,47,2025-08-01 14:55:00,11.350634993319492,0.012389380530973382,0.010600706713780994,0.006156552330694787,-0.07189920234685199,0.118000384492841,-0.025771451331075723,0.00936351189877227,-0.9033129685421558,0.18706100497541997,0.024475524475524486,asof1455,14:55
2025-08-04,11.0450952,11.31637824,11.03540652,11.20011408,136018183.0,0.0,0.0,11.207226218965014,10.915437022567668,0.2346044657142858,0.0209466139396916,49.80365450111698,1.0544148031936793,0.5862068965496379,11.45201976,11.31637824,11.31637824,969369733.0,848567828.95,136841647.74244043,4070.7023,-0.0157458095051525,0.0060922541340295,0.0218380636391821,-0.0303154458007815,1.243749540349582,-1.0737463126797888,0.5862068965496379,0.0529859241152767,0.8827860965060137,0.0218380636391821,0.7666666666666667,-0.5962151795158355,-0.0510667559835474,0.1305086318686196,0.2121637513860586,0.2756905678549182,0.3553407173748639,0.5611886520880617,0.3323095378790996,1.0,,,,,,,,,,,,,,,0.0197438282672357,0.1,1575893882.0,136018200,48,11.585904548067832,2025-08-05,11.711158497944089,11.39388768,11.42295372,11.20980276,0.0456285011289889,0.0108108908852648,0.0173010380622837,11.0450952,11.30668956,11.0450952,11.20011408,134350300,1556606332.0,47,2025-08-04 14:55:00,11.586176822828085,0.010489510489510412,0.008726003490401313,0.006092254134029584,-0.05916280370828875,0.10947782581569698,-0.011823253325804584,0.018143455978343326,-0.4422268658144684,0.37521215988893425,0.023356401384083056,asof1455,14:55
2025-08-05,11.20980276,11.42295372,11.20980276,11.39388768,129553169.0,0.0,0.0,11.225003500968349,10.931123929368727,0.2325283200000001,0.0204081632653043,55.342142657083286,1.0065743918995702,0.8636363636323119,11.32606692,11.42295372,11.42295372,1098922902.0,851460657.35,141415584.39041862,4103.45,-0.0116990392663126,0.03886925795053,0.0505682972168427,0.7262950982956715,1.2638442130333012,0.2916666666654123,0.8636363636323119,0.0065528748413734,1.749893731420781,0.0505682972168427,0.7416666666666667,-0.0668310362037322,-0.0413198751151317,1.1957867115328198,1.0667660851559042,0.1010783154311495,0.9653129801847192,1.5072828998168393,0.2168312477560476,0.0,,,,,,,,,,,,,,,0.0199148422859719,0.1,1517216888.0,129553100,48,11.711158497944089,2025-08-06,11.682134156463531,11.32606692,11.46170844,11.2388688,0.0252983428096713,-0.0024783493012796,-0.0059523809523809,11.20980276,11.42295372,11.20980276,11.384199,127307800,1490833795.0,47,2025-08-05 14:55:00,11.710467033441784,0.016435986159169635,0.03982300884955747,0.03798586572438167,-0.03286733067557279,0.12558943435498326,0.007548843315231535,0.03314772110319697,0.31099099052162815,0.703439368347264,0.018723404255319157,asof1455,14:55
2025-08-06,11.4326424,11.46170844,11.2388688,11.32606692,89155639.0,0.0,0.0,11.234628588495172,10.944072879881228,0.2373726600000001,0.0209580838323334,53.13245083590638,0.693541928153456,0.3913043478243309,11.42295372,11.46170844,11.46170844,1009767263.0,854509296.2,144112555.55739662,4113.4852,-0.0090943234065192,0.0200698080279231,0.0291641314344424,0.3852100385294743,1.2240487536042255,-0.4081632653044029,0.3913043478243309,-0.3659435822899112,1.0773382388473736,0.0291641314344424,0.775,-0.3132459138989626,-0.0764928915507538,0.6298549569650503,-0.4086026478170544,-1.2436960548164144,0.4651864199070925,0.7718994230173216,0.3667518659488655,0.0,,,,,,,,,,,,,,,0.0199148422859719,0.1,1041527680.0,89155600,48,11.682134156463531,2025-08-07,11.673507285145606,11.2873122,11.37451032,11.2388688,0.03067617096029,-0.0007384670645262,-0.0034217279726261,11.4326424,11.45201976,11.2388688,11.31637824,87256100,1019329600.0,47,2025-08-06 14:55:00,11.682044006092411,-0.006802721088435382,0.020979020979021046,0.01919720767888311,-0.03550763760370912,0.09921793753212804,0.0032209689042350664,0.025008478146118618,0.14342871376056748,0.5437329292316081,0.018835616438356174,asof1455,14:55
2025-08-07,11.29700088,11.37451032,11.2388688,11.2873122,72297788.0,0.0,0.0,11.239646075305156,10.955326628081842,0.2366806114285715,0.0209687308399736,51.85824328547623,0.5755904208523132,0.3571428571402241,11.46170844,11.46170844,11.46170844,937469475.0,847383276.5,136087081.0927126,4114.666,0.0095875170208434,0.0309734513274335,0.02138593430659,0.2013942942218141,1.2012789957994374,-0.7368421052600447,0.3571428571402241,-0.5523589461290979,0.6619746545862543,0.02138593430659,0.775,-0.44882818789178,-0.0988812757867467,0.3580966177483095,-0.5298376629028108,-1.892277482077404,0.1469465805133797,0.4922923203869878,0.3638961086513412,0.0,,,,,,,,,,,,,,,0.0201816156619891,0.1,843968895.0,72297800,48,11.673507285145606,2025-08-08,11.708960845689626,11.2873122,11.45201976,11.27762352,0.0373559832685079,0.0030370958511445,0.0,11.29700088,11.37451032,11.2388688,11.27762352,70525600,823326277.0,47,2025-08-07 14:55:00,11.674147784634233,-0.004277159965782706,0.006920415224913601,0.030088495575221197,-0.04590163934426228,0.09850206441221387,0.0015918771242955376,0.019910562012194877,0.07741822618213309,0.44062501066117854,0.012027491408934714,asof1455,14:55
2025-08-08,11.3357556,11.45201976,11.27762352,11.2873122,86480903.0,0.0,0.0,11.244185706228471,10.966211400931616,0.2346044657142858,0.0207847946045352,51.85824328544167,0.709488892635626,0.0555555555552369,11.46170844,11.46170844,11.46170844,937469475.0,848295775.55,136625821.26593783,4104.9669,0.0123401186398202,0.0183566433566433,0.0060165247168231,0.1838263975071371,1.1848636574301363,-0.7433628318552384,0.0555555555552369,-0.343210437704547,0.6526855511186738,0.0060165247168231,0.75,-0.4683217187540359,-0.1168104650895652,0.3406081719248073,-1.4639998590638863,-1.125554185539287,0.1242022178218238,-0.0485165081018618,0.2460935649700166,0.0,,,,,,,,,,,,,,,0.0205699352911878,0.1,1012601472.0,86480900,48,11.708960845689626,2025-08-11,11.540898627683056,11.15167068,11.30668956,11.13229332,0.0224665024932202,-0.014353299171586,-0.0120171673819742,11.3357556,11.44233108,11.27762352,11.2873122,84902400,994212359.0,47,2025-08-08 14:55:00,11.710061894598974,0.0,-0.009353741496598622,0.018356643356643332,-0.022651006711409405,0.09944579470810067,0.004830084526479261,0.019218349334114038,0.2812189134257827,0.434611429074772,0.014592274678111595,asof1455,14:55
2025-08-11,11.2873122,11.30668956,11.13229332,11.15167068,93783047.0,0.0,0.0,11.235374751349571,10.972292033032218,0.2235316885714287,0.0200446816432897,47.25788151885623,0.7745454721939882,0.1111111111104739,11.46170844,11.46170844,11.46170844,843686428.0,839019530.9,130173372.45671108,4122.5106,0.0127271159082302,-0.0043252595155709,-0.0170523754238012,-0.3744617681910854,1.1769370150492509,-1.3869969040185628,0.1111111111104739,-0.255478909171481,0.0358513958110134,-0.0170523754238012,0.7,-0.8755289689022401,-0.1289612621699139,-0.1944317695672278,-1.280013241028238,-0.7989533126152143,-0.3647011284695806,-0.8573721361973451,0.0124827892653815,0.0,,,,,,,,,,,,,,,0.0205699352911878,0.1,1082340096.0,93783000,48,11.540898627683056,2025-08-12,11.53064561732136,11.11291596,11.26793484,11.0935386,0.0339836916096378,-0.0008884065870834,-0.0034752389226759,11.2873122,11.30668956,11.13229332,11.15167068,91126800,1051743872.0,47,2025-08-11 14:55:00,11.541542905050983,-0.012017167381974225,-0.015397775876817787,-0.004325259515570945,-0.03923205342237068,0.09129523678453788,-0.006087820042312564,0.005425409849683538,-0.38058239727728477,0.12564041123329842,0.01563857515204171,asof1455,14:55
2025-08-12,11.16135936,11.26793484,11.0935386,11.11291596,90754967.0,0.0,0.0,11.223712009316278,10.97690265358854,0.2207634942857144,0.0198654876074213,46.0022283611658,0.7558529874857626,0.1111111111104739,11.46170844,11.46170844,11.46170844,752931461.0,830755080.7,130129643.62698106,4143.8252,0.0098393303196091,-0.0246598639455782,-0.0344991942651874,-0.5018766788153053,1.117980835215438,-1.5799373040680784,0.1111111111104739,-0.2799083827102639,-0.5980468210846933,-0.0344991942651874,0.675,-0.965322330593296,-0.1798599859884101,-0.3631494922794804,-1.2580128943866071,-0.8716649667722852,-0.8665989546854426,-1.4521450598579313,-0.1043656355653258,0.0,,,,,,,,,,,,,,,0.0205699352911878,0.1,1046463743.0,90755000,48,11.53064561732136,2025-08-13,11.293502580881537,10.8513216,11.13229332,10.84163292,0.0162501562624552,-0.0205663277070616,-0.023539668700959,11.16135936,11.25824616,11.0935386,11.11291596,89258900,1029308295.0,47,2025-08-12 14:55:00,11.531716108981849,-0.0034752389226759828,-0.015450643776824036,-0.024659863945578286,-0.027966101694915313,0.08953354251535517,-0.007527905165700344,0.000528715720298889,-0.5392297273510592,0.01262035311254726,0.014821272885789022,asof1455,14:55
2025-08-13,11.0935386,11.13229332,10.84163292,10.8513216,188055932.0,0.0,0.0,11.18824625604806,10.972785241995473,0.2249157857142858,0.0207270408163246,38.5554320583416,1.5401482299679383,0.0333333333332186,11.46170844,11.45201976,11.45201976,564875529.0,820457743.2,142065790.23651424,4176.5776,0.0153379426283093,-0.0419161676646706,-0.05725411029298,-1.498003597108844,0.9579630587838488,-2.713846153834088,0.0333333333332186,0.4318786650194272,-1.799041231351342,-0.05725411029298,0.7333333333333333,-1.662389758205495,-0.3074166733659959,-1.2998314275110834,-1.4826325302073853,1.6461059517816072,-1.7982815402828778,-2.190111617475532,0.1705676652874275,0.0,,,,,,,,,,,,,,,0.020729374066698,0.1,2123809792.0,188055900,48,11.293502580881537,2025-08-14,11.18077572460804,10.82225556,10.899765,10.7544348,0.030360737314065,-0.0099815673185683,-0.0026785714285714,11.0935386,11.13229332,10.84163292,10.8513216,183776700,2075880192.0,47,2025-08-13 14:55:00,11.295665837943547,-0.023539668700959027,-0.03862660944206009,-0.041916167664670656,-0.042735042735042805,0.06388628388596151,-0.029504787487543926,-0.02436034184795166,-2.2362271071385167,-0.6019927212515666,0.026785714285714298,asof1455,14:55
2025-08-14,10.86101028,10.899765,10.7544348,10.82225556,130621712.0,0.0,0.0,11.153389999281575,10.967849842585784,0.2214555428571429,0.0204629748049603,37.82279911193044,1.0545050031299668,0.4666666666634556,11.46170844,11.45201976,11.45201976,434253817.0,798865913.8,164529748.97614616,4173.3131,0.0142531860423178,-0.0412017167381973,-0.0554549027805152,-1.4952637220450633,0.8378212362679246,-2.8874999999869613,0.4666666666634556,0.0530714654773257,-2.216086142894816,-0.0554549027805152,0.7083333333333334,-1.6473515119162867,-0.404838313343944,-1.4437098855020176,-0.1546872398658903,0.2911659466832017,-2.1070738019711666,-2.086013353014373,0.0511605608187064,0.0,,,,,,,,,,,,,,,0.020729374066698,0.1,1448655096.0,129566600,48,11.18077572460804,2025-08-15,10.980082036732004,10.63817064,10.8513216,10.5606612,0.0145835104204474,-0.0179498894190608,-0.0170098478066248,10.86101028,10.899765,10.7544348,10.82225556,128226500,1433684996.0,47,2025-08-14 14:55:00,11.18087911625132,-0.002678571428571419,-0.02953953084274541,-0.04120171673819739,-0.04692832764505117,0.040632038704182305,-0.03000303938170301,-0.027922848412129997,-2.0993538025062746,-0.7141440436992578,0.013428827215756497,asof1455,14:55
2025-08-15,10.83194424,10.8513216,10.5606612,10.63817064,180663992.0,0.0,0.0,11.104321488873808,10.957040688402644,0.2256078342857144,0.021207390059847,33.48324205661069,1.4132913257089,0.2666666666657492,11.46170844,11.30668956,11.30668956,253589825.0,763169612.8,198090820.280078,4202.3533,0.0237240402596179,-0.0575107296137339,-0.0812347698733518,-2.066199741456665,0.6528177575783691,-3.6503067484500775,0.2666666666657492,0.3459212577582599,-2.572455336797092,-0.0812347698733518,0.8166666666666667,-2.0502317774396657,-0.5525274167177318,-2.062051987569948,-0.7735240821054067,1.4051288227764285,-2.371127297470314,-2.8656099095181604,0.5656973863652697,1.0,,,,,,,,,,,,,,,0.0207582509608033,0.1,1945816572.0,177213300,48,10.980082036732004,2025-08-18,11.011512941453814,10.71568008,10.78350084,10.54128384,0.0350945960624122,0.0028625382412137,0.0072859744990891,10.83194424,10.8513216,10.5606612,10.64785932,174811600,1919429496.0,47,2025-08-15 14:55:00,10.979989291328494,-0.0161145926589078,-0.04184829991281602,-0.05665236051502154,-0.06706281833616301,0.010902390238318072,-0.043349582172701906,-0.04419210828499576,-2.865383354895262,-1.1537208121645819,0.027297543221110113,asof1455,14:55
2025-08-18,10.657548,10.78350084,10.54128384,10.71568008,162041309.0,0.0,0.0,11.067308021362017,10.949127225832065,0.2242237371428572,0.0209248256264511,36.77265035394552,1.2318979249961974,0.7199999999970275,11.46170844,11.26793484,11.26793484,415631134.0,739971603.55,209912540.0605596,4239.4125,0.0283569677176818,-0.0390964378801043,-0.0674534055977861,-1.5682012343609246,0.5270663892919131,-3.327160493812322,0.7199999999970275,0.2085560085913193,-1.5451219324792511,-0.0674534055977861,0.7416666666666667,-1.720301749835577,-0.6563387646416945,-1.80445015977654,0.6150807210534799,0.8998817832745927,-1.6007760710827752,-2.3674827220886554,0.2032756982326043,1.0,,,,,,,,,,,,,,,0.0208548101154932,0.1,1784319872.0,162041300,48,11.011512941453814,2025-08-19,11.074063758812198,10.76412348,10.79318952,10.61879328,0.0334447908239714,0.0056804925618263,0.0045207956600361,10.657548,10.78350084,10.55097252,10.74474612,154054900,1695901440.0,47,2025-08-18 14:55:00,11.008422581819858,0.010018214936247771,-0.009821428571428537,-0.036490008688097375,-0.052136752136752174,0.02753320236178447,-0.03127183787561161,-0.035646740004736444,-1.8549969811674307,-0.935789770724092,0.02164111812443644,asof1455,14:55
2025-08-19,10.71568008,10.79318952,10.61879328,10.76412348,122188641.0,0.0,0.0,11.038433303137062,10.943061529247409,0.2193793971428572,0.0203806094895184,38.80939306973403,0.9440875404914107,0.833333333328555,11.46170844,11.13229332,11.13229332,537819775.0,731105275.6,214469382.6452928,4223.3741,0.0191969728838947,-0.031386224934612,-0.0505831978185068,-1.2503900854335177,0.4347344150422428,-3.179810725537556,0.833333333328555,-0.0575363835647183,-0.9012265443952512,-0.0505831978185068,0.675,-1.5326493040942233,-0.7366862362704387,-1.7196815193179409,0.9499528716760722,-0.0787290488714357,-1.1264527983098984,-1.8309839891355293,-0.1188786375353671,1.0,,,,,,,,,,,,,,,0.0208548101154932,0.1,1353124347.0,122188600,48,11.074063758812198,2025-08-20,11.32083232422659,10.899765,11.141982,10.72536876,0.0517189202874686,0.0222834698073708,0.0126012601260125,10.71568008,10.79318952,10.61879328,10.76412348,119523100,1323512184.0,47,2025-08-19 14:55:00,11.073275241355018,0.004520795660036159,-0.0053715308863026,-0.03138622493461207,-0.03138622493461207,0.04557459640256356,-0.02680448493342691,-0.03428151884841679,-1.5191390026949467,-0.9125724335865361,0.01620162016201621,asof1455,14:55
2025-08-20,10.72536876,11.141982,10.72536876,10.899765,211790465.0,0.0,0.0,11.025226798076387,10.941641970911428,0.2297601257142858,0.0210793650793631,44.22689110531249,1.592668316885952,0.4186046511617859,11.46170844,11.141982,11.141982,749610240.0,732828470.9,214472688.20232964,4271.3958,0.0227023676035615,0.0044642857142858,-0.0182380818892757,-0.5460555772495456,0.3637917019097519,-2.4457831325194754,0.4186046511617859,0.4654107963709814,0.0782466487488999,-0.0182380818892757,0.8,-1.059740863113085,-0.8034252062531356,-1.157314579376633,-0.3394519533439589,1.84194209418044,-0.3766103705324019,-0.806986055328383,0.4865764178965421,1.0,,,,,,,,,,,,,,,0.0209357197830714,0.1,2383031808.0,210499700,48,11.32083232422659,2025-08-21,11.293524772856166,10.95789708,11.01602916,10.81256688,0.0361255286564587,-0.0024121505016893,0.0053333333333334,10.72536876,11.141982,10.72536876,10.90945368,209270800,2369186560.0,47,2025-08-20 14:55:00,11.321152114867434,0.013501350135013412,0.02550091074681249,0.005357142857142838,-0.018308631211856996,0.052873398525423054,-0.012107387260922975,-0.021929194461205448,-0.6520906130605979,-0.6010375922728223,0.03818827708703377,asof1455,14:55
2025-08-21,10.89007632,11.01602916,10.81256688,10.95789708,128541912.0,0.0,0.0,11.018814443973875,10.942174925307771,0.2249157857142858,0.0205254515599324,46.41643426463443,0.982190399490608,0.7142857142822037,11.45201976,11.141982,11.141982,878152152.0,749511542.6,212138167.8516104,4288.0707,0.0274979607928289,0.0125335720680392,-0.0149643887247896,-0.2708452133768422,0.3407476199252702,-2.196923076913309,0.7142857142822037,-0.0179700999201738,0.6064001150890654,-0.0149643887247896,0.6916666666666667,-0.8643562162583556,-0.833783006899528,-0.946845020563796,0.5883224257841401,0.0698590976853829,0.0333984263764603,-0.7074105656046665,-0.0435744801166015,0.0,,,,,,,,,,,,,,,0.0209357197830714,0.1,1451691132.0,128541900,48,11.293524772856166,2025-08-22,11.136209980548838,10.8028782,11.00634048,10.7059914,0.0162725474830647,-0.013929645125978,-0.0141467727674624,10.89007632,11.01602916,10.81256688,10.95789708,125811500,1420817663.0,47,2025-08-21 14:55:00,11.29322568286683,0.005333333333333412,0.022603978300180794,0.01253357206803929,0.0008849557522123686,0.061451073699714254,-0.006762097128304223,-0.018375435978529087,-0.3609776010576458,-0.5190987628216882,0.01856763925729444,asof1455,14:55
2025-08-22,10.9966518,11.00634048,10.7059914,10.8028782,184081895.0,0.0,0.0,10.998249087404936,10.937607819559975,0.2262998828571429,0.0209481101857764,41.713599310441694,1.3816209362944172,0.3225806451602163,11.45201976,11.141982,11.141982,694070257.0,750149901.7,211951083.5356344,4377.9977,0.0417966761623778,0.0154826958105647,-0.026313980351813,-0.8633273907941209,0.2679686223389433,-2.868501529039312,0.3225806451602163,0.3232574013938958,-0.264587676385111,-0.026313980351813,0.7416666666666667,-1.319164589898114,-0.9043511115470624,-1.526748474111978,-0.6497502878765878,1.3217112868089107,-0.6907718872227764,-1.063730035821919,0.2014588530027926,0.0,,,,,,,,,,,,,,,0.020947362062734,0.1,2033596668.0,182611200,48,11.136209980548838,2025-08-25,11.03108864241362,10.72536876,10.76412348,10.6091046,0.0211249667161497,-0.0094395973422581,-0.0071748878923766,10.9966518,10.9966518,10.7059914,10.81256688,180711900,2012422917.0,47,2025-08-22 14:55:00,11.136084104035207,-0.01326259946949604,0.004500450045004545,0.016393442622950838,-0.01846965699208447,0.04160811468440451,-0.01997804610318321,-0.03231088648214864,-1.0674899923283234,-0.9481344257563427,0.02688172043010754,asof1455,14:55
2025-08-25,10.69630272,10.76412348,10.6091046,10.72536876,203557085.0,0.0,0.0,10.972260484794942,10.930649161869484,0.2242237371428572,0.0209059233449457,39.55560317846591,1.4965873359116606,0.7499999999951619,11.30668956,11.141982,11.141982,490513172.0,733210543.3,218388740.3810857,4469.2217,0.0542077941224166,0.0009041591320071,-0.0533036349904094,-1.101095396677567,0.1855794727868686,-2.59259259258103,0.7499999999951619,0.4031874067224393,-1.1113089936619256,-0.0533036349904094,0.7166666666666667,-1.4890462311804986,-0.9827273278311124,-1.2775022233689757,0.7099052524613086,1.58454286146527,-1.3890116967754793,-1.9008517927524256,0.0771425108648349,0.0,,,,,,,,,,,,,,,0.020947362062734,0.1,2226529272.0,201841300,48,11.03108864241362,2025-08-26,11.009631901125273,10.67692536,10.74474612,10.62848196,0.0265038104969803,-0.0019451154807919,-0.0045167118337849,10.69630272,10.76412348,10.61879328,10.7059914,200206100,2208440580.0,47,2025-08-25 14:55:00,11.030835623889581,-0.008968609865470878,-0.01777777777777778,-0.000904159132007254,-0.03829416884247172,0.0238270411269359,-0.028699512152243645,-0.04245210829853252,-1.4886693022913258,-1.2835016902455774,0.01357466063348417,asof1455,14:55
2025-08-26,10.71568008,10.74474612,10.62848196,10.67692536,115163667.0,0.0,0.0,10.944133330052566,10.922330348693434,0.2166112028571429,0.0202877884366068,38.2245953964779,0.8462489684097221,0.4166666666630828,11.26793484,11.141982,11.141982,375349505.0,716198138.35,231930884.8734315,4452.5905,0.0542732882696799,-0.0081008100810081,-0.062374098350688,-1.2335833351498344,0.1006549110639048,-2.7284345047797363,0.4166666666630828,-0.1669416737700176,-1.4696129561873863,-0.062374098350688,0.6333333333333333,-1.5694284951438306,-1.0629542373544256,-1.3764122512429506,-0.341915568319219,-0.5087616201491836,-1.6715275506105995,-2.138053432178707,-0.3359505596852861,0.0,,,,,,,,,,,,,,,0.020947362062734,0.1,1227692861.0,111510800,48,11.009631901125273,2025-08-27,10.909409060564496,10.47346308,10.68661404,10.45408572,0.0217744053391504,-0.0091031963158126,-0.0190562613430127,10.71568008,10.74474612,10.62848196,10.657548,110980100,1221854148.0,47,2025-08-26 14:55:00,11.009668832520425,-0.006323396567298967,-0.027409372236958496,-0.00990099009900991,-0.028268551236749095,0.009995834713488971,-0.031306415393421716,-0.047166318370399196,-1.5632642287219973,-1.4550607299821583,0.010909090909090915,asof1455,14:55
2025-08-27,10.657548,10.68661404,10.45408572,10.47346308,193417570.0,0.0,0.0,10.89930759195232,10.90761338906414,0.2235316885714287,0.021342672128979,33.17539447691455,1.3878066583738162,0.0833333333329749,11.141982,11.01602916,11.01602916,181931935.0,683126007.15,257218771.08737,4386.1266,0.026860259590085,-0.039111111111111,-0.0659713707011961,-1.9050744647076656,-0.0371571349228584,-2.990712074290026,0.0833333333329749,0.3277245572624176,-1.948512816662818,-0.0659713707011961,0.8416666666666667,-2.01851858288848,-1.1823625091354444,-1.5688374476288032,-1.3762737506458786,1.2962320519902977,-2.025209063952878,-2.2119602813611867,0.7015702245955588,1.0,,,,,,,,,,,,,,,0.0209530970090549,0.1,2095005824.0,192036600,48,10.909409060564496,2025-08-28,10.94977574908176,10.67692536,10.73505744,10.42501968,0.045478049184259,0.0037001718693621,0.0194264569842739,10.657548,10.68661404,10.45408572,10.48315176,190119700,2074269696.0,47,2025-08-27 14:55:00,10.910335415004337,-0.01814882032667875,-0.02959641255605383,-0.03822222222222227,-0.05584642233856896,-0.01805241552082193,-0.045897447202504216,-0.06293247634095056,-2.179088308011989,-1.959614642997936,0.022181146025878014,asof1455,14:55
2025-08-28,10.47346308,10.73505744,10.42501968,10.67692536,212199820.0,0.0,0.0,10.878128331766383,10.90004984712761,0.2332203685714287,0.0218434016074649,41.49759471501439,1.4839331247683136,0.8124999999973794,11.141982,11.00634048,11.00634048,394131755.0,667644869.15,264719545.34545204,4463.782,0.0409767730741938,-0.0256410256410256,-0.0666177987152195,-0.8627161212289209,-0.0939948577193708,-1.9940652818905595,0.8124999999973794,0.394696079557473,-1.033218434222802,-0.0666177987152195,0.875,-1.2387930876775963,-1.2352998888365512,-0.7118048930007875,0.9174165221830056,1.5116861383421765,-1.2818319952611197,-2.168447504063298,0.8603995446029263,0.0,,,,,,,,,,,,,,,0.0209634073361535,0.1,2323540224.0,212199800,48,10.94977574908176,2025-08-29,10.95983816938596,10.49284044,10.78350084,10.49284044,0.0264975917548193,0.0009189613134352,-0.0172413793103448,10.47346308,10.73505744,10.43470836,10.66723668,208605400,2283934720.0,47,2025-08-28 14:55:00,10.948588675077444,0.018501387604070274,-0.005420054200542035,-0.02652519893899208,-0.025663716814159354,0.016418081779956184,-0.026353024407499093,-0.046189873881029464,-1.1315512927157922,-1.4154243006491642,0.028156221616712093,asof1455,14:55
2025-08-29,10.67692536,10.78350084,10.49284044,10.49284044,221613933.0,0.0,0.0,10.841434246836254,10.886698719025064,0.2415249514285715,0.0230180714945236,37.006992935703394,1.5014587545050069,0.0,11.141982,10.78350084,10.841434246836254,172517822.0,634603182.75,282611551.5770802,4496.7591,0.0271268758318443,-0.0286995515695067,-0.0558264274013511,-1.4433034962762576,-0.1874111636122586,-2.687679083083428,0.0,0.4064371385368184,-1.6350547533226705,-0.0558264274013511,0.95,-1.639924862552539,-1.3168459145820204,-1.28148571335779,-1.649386124871157,1.525820643749326,-1.748362353444097,-1.790277252394312,1.2203086360465325,0.0,,,,,,,,,,,,,,,0.0209935930344767,0.1,2428316544.0,221565000,48,10.95983816938596,2025-09-01,10.767532312444164,10.38626496,10.5606612,10.34751024,0.026178981183875,-0.0175464139132055,-0.0101569713758079,10.67692536,10.78350084,10.52190648,10.52190648,211861300,2323100032.0,47,2025-08-29 14:55:00,10.96519294462934,-0.014519056261342977,-0.014519056261342977,-0.026008968609865457,-0.05069930069930073,-0.009118737904015739,-0.038427483619621006,-0.059439659383494936,-1.6029718389846672,-1.8473298301321286,0.024861878453038687,asof1455,14:55
2025-09-01,10.48315176,10.5606612,10.34751024,10.38626496,179369511.0,0.0,0.0,10.798084790947089,10.870291054794734,0.2442931457142858,0.0235207889125777,34.66797343830417,1.1976599167769917,0.1818181818173288,11.141982,10.78350084,10.798084790947089,-6851689.0,585792111.65,304066693.1598257,4523.7111,0.0121921452229591,-0.031616982836495,-0.0438091280594542,-1.68576089083992,-0.295572205418325,-3.093484419250793,0.1818181818173288,0.1803695835806982,-1.9490585913613707,-0.0438091280594542,0.9666666666666668,-1.7879823363252965,-1.4091819784601145,-1.5953972554744993,-1.057348511270353,0.6972456494876765,-1.973313268847223,-1.3982320697688233,1.2845794968919488,1.0,,,,,,,,,,,,,,,0.0210378714490884,0.1,1918748416.0,178197600,48,10.767532312444164,2025-09-02,10.806377547281924,10.55097252,10.5606612,10.34751024,0.0404488609620377,0.0036076264932929,0.0158582089552239,10.48315176,10.5606612,10.35719892,10.38626496,176950400,1905393536.0,47,2025-09-01 14:55:00,10.767952691827766,-0.010156971375807955,-0.008325624421831601,-0.031616982836495056,-0.0726643598615917,-0.02799480426782619,-0.048253207262396236,-0.07139057225482293,-1.8971429473456878,-2.19604392497624,0.01958955223880598,asof1455,14:55
2025-09-02,10.38626496,10.5606612,10.34751024,10.55097252,162403487.0,0.0,0.0,10.774550288952126,10.85982159463753,0.2387567571428572,0.0226288862652477,40.88637231571271,1.072613327870652,0.9545454545409764,11.141982,10.78350084,10.78350084,155551798.0,538623556.45,293805815.5716424,4490.4528,0.0085034318785883,-0.0117967332123412,-0.0203001650909295,-0.936424885421836,-0.357147193258394,-2.475362318830212,0.9545454545409764,0.0700980332499324,-1.3038263306826574,-0.0203001650909295,0.9166666666666666,-1.2398714114381515,-1.4623245278532866,-1.0658983458563345,1.3830209651831775,0.2837937708926236,-1.4525844744205998,-0.6749523444376975,1.0229869755574,0.0,,,,,,,,,,,,,,,0.0210683263742801,0.1,1754993536.0,162403500,48,10.806377547281924,2025-09-03,10.774385778442564,10.415331,10.57034988,10.35719892,0.0211746602523197,-0.0029604526308085,-0.0128558310376492,10.38626496,10.5606612,10.34751024,10.53159516,158783100,1715592960.0,47,2025-09-02 14:55:00,10.804631979096012,0.013992537313432862,-0.01361161524500909,-0.01361161524500909,-0.07568027210884354,-0.024823678574966146,-0.031323798066212216,-0.057977064106511045,-1.167247596739506,-1.7407077876045833,0.020239190432382714,asof1455,14:55
2025-09-03,10.53159516,10.57034988,10.35719892,10.415331,108573225.0,0.0,0.0,10.740338928099542,10.845248132518266,0.2436010971428572,0.0233887043189346,37.70364398499628,0.7125160409908415,0.2727272727259932,11.141982,10.78350084,10.78350084,46978573.0,490484121.95,291532797.44521385,4459.8296,0.0168036645362676,-0.0055504162812211,-0.0223540808174887,-1.334180887976912,-0.4306598190597278,-2.9829545454423,0.2727272727259932,-0.3389528534214038,-1.5212886949138047,-0.0223540808174887,0.9583333333333334,-1.5101283324667207,-1.5240332702933317,-1.4668927747133236,-0.7803337930473218,-1.2153663446860818,-1.611894797440446,-0.7421944646021752,1.214489599277681,0.0,,,,,,,,,,,,,,,0.0210850099691842,0.1,1169809542.0,108573200,48,10.774385778442564,2025-09-04,10.689833342806,10.43470836,10.48315176,10.21186872,0.0263556043303856,-0.0078475411383298,0.001860465116279,10.53159516,10.57034988,10.35719892,10.39595364,104294200,1123843450.0,47,2025-09-03 14:55:00,10.77570420982183,-0.014692378328741929,-0.009233610341643606,-0.007400555041628176,-0.08212147134302827,-0.03823156751500878,-0.04007872606906426,-0.06976492650133381,-1.5860419414955234,-2.06309481943384,0.02050326188257224,asof1455,14:55
2025-09-04,10.39595364,10.48315176,10.21186872,10.43470836,156591085.0,0.0,0.0,10.711231254947204,10.831787812107832,0.2422170000000001,0.0232126276694499,38.44086908683916,0.9999768644799776,0.8214285714255436,11.01602916,10.78350084,10.78350084,203569658.0,453789131.1,278874613.08242935,4365.2085,-0.0220829556640536,-0.0226860254083485,-0.0006030697442949,-1.1416328950736838,-0.4977212877714187,-2.3999999999900914,0.8214285714255436,-2.313578765258165e-05,-0.8972472263943241,-0.0006030697442949,0.95,-1.356644611972292,-1.579039815892355,-0.9742404951148568,0.968701980678921,0.0214052615243934,-1.1183159775284903,-0.0732195764869928,1.15810848483512,0.0,,,,,,,,,,,,,,,0.0211490224594262,0.1,1673930624.0,156590900,48,10.689833342806,2025-09-05,10.677636978509202,10.32813288,10.48315176,10.28937816,0.0232808249285083,-0.001140931191879,-0.0102135561745589,10.39595364,10.48315176,10.21186872,10.45408572,154118000,1647278464.0,47,2025-09-04 14:55:00,10.688423571549073,0.0037209302325580396,0.006529850746268551,-0.020871143375680634,-0.07381974248927037,-0.05451230109882799,-0.03063516305812586,-0.06401343793179237,-1.2566951180060646,-1.8449984461036892,0.025949953660797047,asof1455,14:55
2025-09-05,10.42501968,10.48315176,10.28937816,10.32813288,128334002.0,0.0,0.0,10.674745695428422,10.81527453564528,0.2387567571428572,0.0231171267756611,35.92286836506028,0.8087222554785811,0.1999999999989678,11.00634048,10.57034988,10.674745695428422,75235656.0,410677440.15,267170797.14493427,4460.3249,-0.0081023241827654,-0.015697137580794,-0.0075948133980285,-1.4517403384716716,-0.5885858138548317,-2.84057971013303,0.1999999999989678,-0.2122997391915382,-1.255533118644064,-0.0075948133980285,0.925,-1.5575784039450655,-1.6512908163652174,-1.3190367748224776,-1.0207072688269303,-0.7466539553558958,-1.398044257119076,-0.2919781010596888,1.0224721510451578,0.0,,,,,,,,,,,,,,,0.0212088954139937,0.1,1370303864.0,128334000,48,10.677636978509202,2025-09-08,10.662863744323344,10.33782156,10.40564232,10.24093476,0.0324096202297645,-0.0013835677515158,0.0009380863039398,10.42501968,10.47346308,10.28937816,10.33782156,124315900,1327433465.0,47,2025-09-05 14:55:00,10.677905762657874,-0.00928505106778088,-0.02020202020202022,-0.014773776546629702,-0.0841201716738198,-0.056084240594200585,-0.03761161720934436,-0.07356289345577205,-1.6388769733386543,-2.0596410703632286,0.017806935332708537,asof1455,14:55
2025-09-08,10.26031212,10.40564232,10.24093476,10.33782156,120052582.0,0.0,0.0,10.642657682530476,10.799620339722484,0.2380647085714287,0.0230285178738764,36.33117037448316,0.7503247001711358,0.5882352941140756,10.78350084,10.57034988,10.642657682530476,195288238.0,378257530.65,251543178.3159068,4467.5733,-0.0124096784164665,-0.0046641791044775,0.0077454993119889,-1.2804759023647267,-0.6593277018389027,-1.87209302324795,0.5882352941140756,-0.2872492325789611,-0.7273872178724459,0.0077454993119889,0.9166666666666666,-1.4183713361814485,-1.7044232020219088,-0.5242410900203112,0.2249490073323769,-1.0088370060625216,-0.9830806513440504,0.1750031386465357,0.9709594529745746,1.0,,,,,,,,,,,,,,,0.021239061935362,0.1,1270952580.0,119194300,48,10.662863744323344,2025-09-09,10.79819277093125,10.54128384,10.55097252,10.32813288,0.0445327101323318,0.0126916211116316,0.0196813495782568,10.26031212,10.40564232,10.25062344,10.33782156,118055600,1258804868.0,47,2025-09-08 14:55:00,10.662813691176023,0.0009380863039398779,-0.007441860465116301,-0.004664179104477584,-0.07298001737619464,-0.07301185028465462,-0.03329558323895798,-0.07269874168550328,-1.55912562829908,-1.9684650144954479,0.014995313964386137,asof1455,14:55
2025-09-09,10.34751024,10.55097252,10.32813288,10.54128384,157404833.0,0.0,0.0,10.633003030860907,10.791150290551254,0.2242237371428572,0.0212710084033593,44.35059093586665,0.9637030617404366,0.9565217391261424,10.78350084,10.57034988,10.633003030860907,352693071.0,358245611.15,236404617.15215632,4436.2584,-0.0120688051770637,-0.0009182736455464,0.0111505315315173,-0.4090521013930913,-0.7053100697759,-1.0802469135754291,0.9565217391261424,-0.0369720590619369,-0.0234874437601453,0.0111505315315173,0.7583333333333333,-0.8091393661522155,-1.735367531849641,0.1203553702469104,1.3800251773091805,-0.0884380628067134,-0.4335952489320731,0.2735176718644763,0.1826074897811776,0.0,,,,,,,,,,,,,,,0.0212693657529714,0.1,1699672256.0,157403400,48,10.79819277093125,2025-09-10,10.834427063903034,10.48315176,10.5606612,10.43470836,0.027809062762419,0.0033555886378808,-0.0055147058823529,10.34751024,10.55097252,10.33782156,10.53159516,154488100,1667961280.0,47,2025-09-09 14:55:00,10.796697480258997,0.018744142455482615,0.00928505106778088,-0.0018365472910927272,-0.052310374891020084,-0.04995708892097217,-0.011413760174616927,-0.05416593445736528,-0.5647383700390406,-1.4204656040491446,0.020239190432382714,asof1455,14:55
2025-09-10,10.53159516,10.5606612,10.43470836,10.48315176,118747067.0,0.0,0.0,10.618731481255107,10.781051978074162,0.2186873485714286,0.0208608397148118,42.6958924924405,0.7427824765809686,0.3846153846123309,10.78350084,10.5606612,10.618731481255107,233946004.0,341699134.9,232918613.69137743,4445.3649,-0.0032433301936021,0.0065116279069767,0.0097549581005789,-0.6199705750705713,-0.7422491418852905,-1.373417721512707,0.3846153846123309,-0.2973520408144807,-0.46262138174485,0.0097549581005789,0.625,-0.9444988537333728,-1.75714070095709,-0.1136140066686774,-0.4375228445621394,-1.0620580972955014,-0.767550809521967,0.2279128952220279,-0.4807171642095269,0.0,,,,,,,,,,,,,,,0.0212693657529714,0.1,1286556794.0,118747100,48,10.834427063903034,2025-09-11,10.704541173923785,10.42501968,10.54128384,10.28937816,0.021118592861407,-0.0119882564360039,-0.0055452865064694,10.53159516,10.5606612,10.43470836,10.47346308,117066400,1268377734.0,47,2025-09-10 14:55:00,10.834686417281132,-0.006433823529411797,0.014071294559099501,0.005581395348837281,-0.03482142857142856,-0.063248806693192,-0.01422578880175096,-0.058620044126778126,-0.8010645801400713,-1.5121088526327926,0.012025901942645705,asof1455,14:55
2025-09-11,10.48315176,10.54128384,10.28937816,10.42501968,181403998.0,0.0,0.0,10.60028273827843,10.76937878797337,0.2152271057142858,0.0206452469463602,41.04665973563984,1.1169715196263863,0.5384615384594009,10.78350084,10.5606612,10.60028273827843,52542006.0,322613544.35,240081433.3471538,4548.0345,0.0418825355077541,-0.0009285051067781,-0.0428110406145322,-0.814316847759305,-0.7856633537535411,-1.665594855297727,0.5384615384594009,0.1106210225609179,-1.1249163860142446,-0.0428110406145322,0.5833333333333334,-1.0647162773336385,-1.7816300163862742,-0.3435632681741252,0.0403519207815584,0.4500559601715481,-1.2611583303199183,-1.3690461678783443,-0.6846099227214838,0.0,,,,,,,,,,,,,,,0.0212693657529714,0.1,1928492672.0,180156500,48,10.704541173923785,2025-09-12,10.61285438407171,10.20218004,10.415331,10.19249136,0.0180176834037122,-0.0085652237085529,-0.0213754646840148,10.48315176,10.54128384,10.28937816,10.42501968,178405800,1909663610.0,47,2025-09-11 14:55:00,10.70404443129091,-0.00554528650646946,0.008434864104967188,-0.0009285051067781103,-0.036705461056401045,-0.07545676127756507,-0.017082305654517294,-0.06199418549486502,-0.9870719875647158,-1.5694834407493714,0.024163568773234213,asof1455,14:55
2025-09-12,10.38626496,10.415331,10.19249136,10.20218004,188022748.0,0.0,0.0,10.562368195585249,10.750782107711949,0.2179953000000001,0.0213675213675192,35.40147137265214,1.1551086793738632,0.0434782608693701,10.78350084,10.5606612,10.562368195585249,-135480742.0,303160016.0,259836409.95911252,4521.998,0.0138270420614425,-0.0121951219512195,-0.0260221640126621,-1.6522748682361243,-0.8643026346248552,-2.666666666654434,0.0434782608693701,0.1441944342431141,-1.688142004690658,-0.0260221640126621,0.775,-1.611964747405293,-1.831464031221948,-1.1431568398482514,-1.5584617915003427,0.5651713552221712,-1.6624239681360862,-0.8421351864280765,0.2782433635521855,0.0,,,,,,,,,,,,,,,0.0212839846994054,0.1,1995457536.0,188022700,48,10.61285438407171,2025-09-15,10.438792488836388,10.09560456,10.20218004,10.04716116,0.0231923420199109,-0.01640104433135,-0.0104463437796771,10.38626496,10.415331,10.19249136,10.21186872,185606800,1970003840.0,47,2025-09-12 14:55:00,10.613855957863613,-0.020446096654275103,-0.03125,-0.011257035647279534,-0.04007285974499086,-0.0974093544190976,-0.035372717704663104,-0.07999889044385755,-2.073862282235085,-1.9855904582176962,0.021821631878557887,asof1455,14:55
2025-09-15,10.18280268,10.20218004,10.04716116,10.09560456,181415349.0,0.0,0.0,10.5179145160057,10.729300876639424,0.2207634942857144,0.0218672881820653,33.059677015247146,1.1079229999118667,0.3124999999979841,10.57034988,10.5606612,10.5606612,-316896091.0,266533654.75,291143368.0752763,4533.0557,0.0146572637095847,-0.0234301780693533,-0.038087441778938,-1.912951946018887,-0.9575240748780176,-2.1504702194259955,0.3124999999979841,0.1024870912458457,-2.003925933834604,-0.038087441778938,0.825,-1.750215551494785,-1.8879901147374167,-0.7125329624131126,-0.6761784624151591,0.4031550003007246,-1.8609452685910048,-1.1902759327771848,0.5275961472055909,0.0,,,,,,,,,,,,,,,0.0213198165622153,0.1,1893756671.0,181415300,48,10.438792488836388,2025-09-16,10.368653684152369,10.01809512,10.1246706,9.99871776,0.0270463370994362,-0.0067190534498151,-0.0076775431861804,10.18280268,10.20218004,10.04716116,10.0762272,179067100,1869297152.0,47,2025-09-15 14:55:00,10.439087649266671,-0.012345679012345734,-0.038817005545286554,-0.025304592314901564,-0.05967450271247743,-0.11313083878911268,-0.04622157006603078,-0.09070107796551596,-2.4609093372893223,-2.181268939665752,0.015384615384615392,asof1455,14:55
2025-09-16,10.06653852,10.1246706,9.99871776,10.01809512,133753500.0,0.0,0.0,10.47031266876706,10.705982655110262,0.2131509600000001,0.0212765957446787,31.431240082329964,0.8139725187320407,0.1538461538449324,10.57034988,10.5606612,10.5606612,-450649591.0,217110186.45,323047309.2329127,4523.3367,0.0196287709480584,-0.0496323529411765,-0.069261123889235,-2.121583448486178,-1.1056482520280215,-2.590909090896936,0.1538461538449324,-0.2058286743209532,-2.0670649727299053,-0.069261123889235,0.7416666666666667,-1.8450535379341384,-1.9801404388557,-1.0529634994905874,-1.1721466601208468,-0.7555410495433422,-1.867276434044468,-2.0875315677237776,0.1042808181505956,0.0,,,,,,,,,,,,,,,0.0213198165622153,0.1,1369920004.0,132121300,48,10.368653684152369,2025-09-17,10.325418710217903,9.9793404,10.06653852,9.94058568,0.0306768488955917,-0.0041697770271316,-0.0038684719535783,10.06653852,10.1246706,9.99871776,10.00840644,131288300,1361301504.0,47,2025-09-16 14:55:00,10.368795269647029,-0.008637236084452993,-0.039962825278810454,-0.05055147058823528,-0.07020702070207019,-0.119100150451109,-0.04985283296541576,-0.0950983756074053,-2.3902875151028646,-2.2087920203846925,0.01258470474346564,asof1455,14:55
2025-09-17,9.99871776,10.06653852,9.94058568,9.9793404,123783672.0,0.0,0.0,10.42355340507496,10.68215831887714,0.2000020371428572,0.0200416088765583,30.61912094751105,0.7740274796197326,0.3076923076898648,10.57034988,10.54128384,10.54128384,-574433263.0,150908011.3,342236865.7448471,4551.023,0.023768150056703,-0.0480591497227357,-0.0718272997794388,-2.221042402460368,-1.293011398759753,-2.9550173010232874,0.3076923076898648,-0.2561479026379727,-2.1194130349498184,-0.0718272997794388,0.4833333333333333,-1.8676521611903287,-2.09397362251073,-1.3267912157316002,-0.6870333871456209,-0.9423344037603962,-1.861225227292452,-2.1056230011331194,-1.1982628597032383,0.0,,,,,,,,,,,,,,,0.0213198165622153,0.1,1278118532.0,123783700,48,10.325418710217903,2025-09-18,10.254913541795254,9.86307624,10.03747248,9.86307624,0.0276143643517015,-0.0068283108318774,-0.0116504854368931,9.99871776,10.06653852,9.94058568,9.99871776,119940200,1238506872.0,47,2025-09-17 14:55:00,10.326036408143391,-0.0019342359767892114,-0.019943019943019946,-0.04621072088724587,-0.08266666666666667,-0.13659853679863398,-0.04739927078044959,-0.09414046791788111,-2.074806749738984,-2.1086100717833407,0.012596899224806208,asof1455,14:55
2025-09-18,10.00840644,10.03747248,9.86307624,9.86307624,147435384.0,0.0,0.0,10.370174627448772,10.65530316875002,0.1916974542857143,0.019435868650012,28.26006960687303,0.9165092796005834,0.0,10.5606612,10.415331,10.415331,-721868647.0,70906971.35,349812319.16031307,4498.109,-0.010977379349255,-0.053903345724907,-0.042925966375652,-2.64530579884658,-1.4873882512534151,-3.638989169656107,0.0,-0.0871830867120821,-2.2662884493404145,-0.042925966375652,0.3583333333333333,-2.08513730949088,-2.201836853409337,-1.8354283177943151,-1.6616226148430482,-0.3107870535265893,-1.9233926114010804,-1.2273081394167025,-1.796132251394765,1.0,,,,,,,,,,,,,,,0.0213198165622153,0.1,1511937280.0,147435400,48,10.254913541795254,2025-09-19,10.229311700997092,9.94058568,9.9793404,9.7855668,0.037131971008377,-0.0024965437976457,0.0078585461689586,10.00840644,10.0277838,9.87276492,9.8824536,145644200,1493689728.0,47,2025-09-18 14:55:00,10.255744670917208,-0.009708737864077666,-0.021113243761996192,-0.052044609665427566,-0.09814323607427056,-0.1658455915230952,-0.05432968663081772,-0.1025037014904352,-2.3064074758020876,-2.2312144229242694,0.015686274509803932,asof1455,14:55
2025-09-19,9.85338756,9.9793404,9.7855668,9.94058568,127972048.0,0.0,0.0,10.329261394358412,10.631869808463131,0.1903133571428572,0.0191450849345567,32.02032368595309,0.809638481211528,0.7999999999958715,10.5606612,10.20218004,10.329261394358412,-593896599.0,6508628.55,347711198.2800248,4501.9195,-0.004440183299506,-0.0256410256410256,-0.0212008423415196,-2.042293405946356,-1.5900534710024523,-3.258181818164698,0.7999999999958715,-0.2111674504377834,-1.726735378440332,-0.0212008423415196,0.2583333333333333,-1.6646494011254545,-2.232919964105869,-1.5015837838945918,0.926866218277507,-0.7951285984518695,-1.4967601329401334,-0.576672676782102,-2.2320787720485464,0.0,,,,,,,,,,,,,,,0.0213198165622153,0.1,1309065477.0,127972000,48,10.229311700997092,2025-09-22,10.15889586735116,9.80494416,9.95027436,9.76618944,0.0219615015029133,-0.0068837313500839,-0.01364522417154,9.85338756,9.9793404,9.79525548,9.95027436,123342300,1261552120.0,47,2025-09-19 14:55:00,10.2280573655591,0.008840864440078589,-0.0067698259187620735,-0.024691358024691357,-0.07892376681614355,-0.12859927192824738,-0.04282585395405203,-0.09362227462786221,-1.788672466008336,-1.996121702806695,0.018500486854917245,asof1455,14:55
2025-09-22,9.930897,9.95027436,9.76618944,9.80494416,114829518.0,0.0,0.0,10.279326419657613,10.60475749212008,0.1882372114285715,0.0191981931112346,29.141645945461065,0.7474695127261628,0.21052631578833,10.5606612,10.1246706,10.279326419657613,-708726117.0,-53453335.9,362177659.97741246,4522.608,-0.0023047808567628,-0.0287907869481766,-0.0264860060914137,-2.520130085092661,-1.7288349630286957,-4.014705882331613,0.21052631578833,-0.2910617601996711,-1.8092578684750096,-0.0264860060914137,0.2583333333333333,-1.9196454757042527,-2.284457238834082,-2.044183180558532,-1.0010607113438077,-1.087899104110575,-1.5278890880659886,-0.721553090856214,-2.170526205281118,1.0,,,,,,,,,,,,,,,0.0213096339368289,0.1,1166540933.0,114829500,48,10.15889586735116,2025-09-23,10.217602779921515,9.89214228,9.98902908,9.70805736,0.0420867893980456,0.0057788674415919,0.0088932806324111,9.930897,9.95027436,9.76618944,9.86307624,110660200,1124223363.0,47,2025-09-22 14:55:00,10.159238488634577,-0.007797270955165692,-0.011650485436893177,-0.02303262955854124,-0.08039747064137315,-0.1326185916018947,-0.04726251754796451,-0.09954453802934227,-1.9628123634335544,-2.063479884277129,0.018664047151277025,asof1455,14:55
2025-09-23,9.79525548,9.98902908,9.70805736,9.89214228,195789674.0,0.0,0.0,10.24245173969022,10.581393058935811,0.1930815514285715,0.0195186791660817,33.29343308228897,1.2418817443424035,0.6551724137907717,10.5606612,10.06653852,10.24245173969022,-512936443.0,-97867633.3,361334568.0121078,4519.7781,-0.0007867201218957,-0.0125725338491295,-0.0117858137272338,-1.8143082914785795,-1.7554308878092166,-3.462365591379917,0.6551724137907717,0.2166277650831511,-1.1487104928363556,-0.0117858137272338,0.375,-1.4528598941886284,-2.2512130684199096,-1.5820852159036138,0.4639882418195293,0.8275406051940095,-1.033729019346897,-0.2826378004613903,-1.5790351690993047,0.0,,,,,,,,,,,,,,,0.021273802074019,0.1,2000501383.0,195789700,48,10.217602779921515,2025-09-24,10.210809415535053,9.87276492,9.95996304,9.81463284,0.0322141682271732,-0.0006648687106738,-0.0019588638589618,9.79525548,9.98902908,9.71774604,9.90183096,193946600,1981675519.0,47,2025-09-23 14:55:00,10.217634745852724,0.009881422924901129,0.003929273084479323,-0.011605415860735047,-0.07259528130671511,-0.14355620538451275,-0.03924794359576966,-0.09384699978609112,-1.5506763895454048,-1.8798039064492384,0.02739726027397262,asof1455,14:55
2025-09-24,9.86307624,9.95996304,9.81463284,9.87276492,117074594.0,0.0,0.0,10.207243471148294,10.558159349462509,0.1840849200000001,0.0186457311089284,32.833041573440894,0.761022714460073,0.3999999999972476,10.5606612,10.03747248,10.207243471148294,-630011037.0,-138464781.9,373040187.84853977,4566.0708,0.0033064653815197,-0.0106796116504854,-0.0139860770320052,-1.816979637150489,-1.9062717267243103,-3.736842105242858,0.3999999999972476,-0.2730920733923472,-1.317676408900951,-0.0139860770320052,0.1666666666666666,-1.427547526510749,-2.3009965706130364,-1.7678211291244514,-0.3662644002132651,-1.006344324542176,-1.1361359746343052,-0.3361923554628175,-2.4918686325458506,0.0,,,,,,,,,,,,,,,0.021273802074019,0.1,1195426428.0,117074600,48,10.210809415535053,2025-09-25,10.061893823972392,9.76618944,9.87276492,9.68868,0.0191566299314247,-0.0145841123364907,-0.0107948969578017,9.86307624,9.95996304,9.82432152,9.89214228,115157200,1175875198.0,47,2025-09-24 14:55:00,10.211043669002025,0.0,-0.004873294346978585,-0.008737864077669855,-0.05550416281221093,-0.15276882104059086,-0.03651976974615467,-0.09242272706757204,-1.4355899085746935,-1.8151724152884356,0.013712047012732622,asof1455,14:55
2025-09-25,9.86307624,9.87276492,9.68868,9.76618944,137703422.0,0.0,0.0,10.165238325324648,10.532193122922752,0.1833928714285715,0.0187783446711999,30.34740485178025,0.9173275915444604,0.42105263157666,10.54128384,9.98902908,10.165238325324648,-767714459.0,-196557092.6,376030676.1930968,4593.4875,0.021204132669973,-0.0098231827111984,-0.0310273153811714,-2.1759236453086173,-2.000921817394776,-4.226415094316577,0.42105263157666,-0.0862906278341226,-1.518911627589402,-0.0310273153811714,0.2,-1.6141283776455022,-2.3054362077447803,-2.0893660734358805,-0.2943944040540768,-0.3099765482466107,-1.2586956342431004,-0.827479308977361,-2.268273768759866,1.0,,,,,,,,,,,,,,,0.021273802074019,0.1,1385556990.0,137703400,48,10.061893823972392,2025-09-26,10.069820440652748,9.82432152,9.85338756,9.67899132,0.0310900175056145,0.0007877857607154,0.0059523809523809,9.86307624,9.87276492,9.68868,9.77587812,135997200,1368345988.0,47,2025-09-25 14:55:00,10.061574708891065,-0.00981354268891066,-0.0029644268774703386,-0.008840864440078589,-0.08439201451905631,-0.16544932496207787,-0.045050160893431834,-0.1006099110251999,-1.7073768207545352,-1.9496726591252969,0.018830525272547086,asof1455,14:55
2025-09-26,9.75650076,9.85338756,9.67899132,9.82432152,177243314.0,0.0,0.0,10.132770058150872,10.50898421790889,0.1840849200000001,0.0187376725838245,33.312994158015854,1.1984389834353233,0.833333333328555,10.415331,9.98902908,10.132770058150872,-590471145.0,-234706540.95,375354883.3216213,4550.0487,0.0106908175501583,-0.0116959064327485,-0.0223867239829068,-1.6755774353988149,-2.0436989610880425,-3.210526315772033,0.833333333328555,0.1810198628206042,-0.947808646851051,-0.0223867239829068,0.175,-1.300502213333843,-2.276325177297924,-1.3091475432125377,1.0551437235191483,0.7581387066278957,-0.8449830403260605,-0.5575144697736432,-2.312646912234279,0.0,,,,,,,,,,,,,,,0.021273802074019,0.1,1779946496.0,176760500,48,10.069820440652748,2025-09-29,10.153338647996026,9.82432152,9.930897,9.75650076,0.0334900611025632,0.0082939122733616,0.0,9.75650076,9.85338756,9.67899132,9.82432152,175857900,1770795520.0,47,2025-09-26 14:55:00,10.0694681330779,0.005952380952380931,-0.006856023506366271,-0.011695906432748537,-0.06371191135734078,-0.17736520208016426,-0.03603004087841055,-0.09344557057735081,-1.3656527142186512,-1.784712349907441,0.01775147928994084,asof1455,14:55
2025-09-29,9.80494416,9.930897,9.75650076,9.82432152,131745021.0,0.0,0.0,10.103394006898409,10.4865362606004,0.1806246771428572,0.0183854606931511,33.31299415798958,0.905377406037367,0.3888888888866589,10.20218004,9.98902908,10.103394006898409,-590471145.0,-263887513.75,379173166.5831832,4620.0528,0.0215461521316904,0.0019762845849802,-0.0195698675467101,-1.5450407514148448,-2.121206580188604,-2.091954022976924,0.3888888888866589,-0.0994033989665281,-0.8613047019991429,-0.0195698675467101,0.1333333333333333,-1.20955736876761,-2.2708578131942296,-0.4594092594915815,-0.3958081499842732,-0.3390575806162973,-0.7722362124586315,-0.4596841423761953,-2.420845741369853,0.0,,,,,,,,,,,,,,,0.0212407045857499,0.1,1318202880.0,129829500,48,10.153338647996026,2025-09-30,10.06068445524595,9.71774604,9.84369888,9.69836868,0.0240589576353715,-0.0091254902414157,-0.0108481262327416,9.80494416,9.930897,9.75650076,9.84369888,128818000,1307921408.0,47,2025-09-29 14:55:00,10.15325038426307,0.0019723865877712132,-0.0029440628066732533,0.0039525691699604515,-0.052238805970149294,-0.17310502471247524,-0.030950450665267693,-0.08868876478802279,-1.1605970186384356,-1.7003330732044644,0.017716535433070876,asof1455,14:55
2025-09-30,9.84369888,9.84369888,9.69836868,9.71774604,92415093.0,0.0,0.0,10.06666562909856,10.461330023859404,0.1820087742857143,0.0187295257085866,30.54757337164681,0.65074403531119,0.1333333333324158,10.1246706,9.95996304,10.06666562909856,-682886238.0,-305809415.55,376824062.5813064,4640.6935,0.0267525080490123,-0.0176297747306561,-0.0443822827796684,-1.9170481778472683,-2.168381147049192,-2.235741444854636,0.1333333333324158,-0.4296389010177903,-1.000670763610376,-0.0443822827796684,0.175,-1.418536745036961,-2.246091162804402,-0.5724346084001299,-1.2207988991295222,-1.6479264518658805,-0.8656663735153964,-1.196217130444445,-2.178994602007498,0.0,,,,,,,,,,,,,,,0.0212088954139937,0.1,929759160.0,92415100,48,10.06068445524595,2025-10-09,9.936941490042033,9.67899132,9.68868,9.55303848,0.022556202759342,-0.0122996567235933,-0.0039880358923229,9.84369888,9.84369888,9.70805736,9.71774604,89194900,897455552.0,47,2025-09-30 14:55:00,10.061736175498824,-0.010848126232741673,-0.004960317460317443,-0.01762977473065619,-0.07897153351698816,-0.17443909163199967,-0.04069628425230731,-0.09745250296061747,-1.4997393495905011,-1.8788451168482567,0.013958125623130617,asof1455,14:55
2025-10-09,9.68868,9.68868,9.55303848,9.67899132,160278690.0,0.0,0.0,10.029744266327269,10.435679574552536,0.1757803371428572,0.0181610181610162,29.585778310745667,1.108429697005963,0.9285714285645827,10.06653852,9.930897,10.029744266327269,-843164928.0,-350316590.6,385006577.35175306,4709.482,0.031408010581001,-0.0196270853778214,-0.0510350959588224,-1.9954049015176,-2.3093328572527114,-2.204724409436276,0.9285714285645827,0.1029443263272736,-1.280103682357924,-0.0510350959588224,0.1333333333333333,-1.4419604127230068,-2.2791936238710435,-0.5448489245098489,1.3912492104874346,0.5067116123722233,-1.0494951611331236,-1.3733509661803145,-2.292146880800959,1.0,,,,,,,,,,,,,,,0.0211433775696051,0.1,1592680064.0,160278700,48,9.936941490042033,2025-10-10,10.105247178096947,9.80494416,9.84369888,9.64992528,0.0440392850870898,0.0169373733581483,0.013013013013013,9.68868,9.68868,9.55303848,9.66930264,157307900,1563018488.0,47,2025-10-09 14:55:00,9.936045729426176,-0.004985044865403743,-0.015779092702169595,-0.02060843964671244,-0.07162790697674426,-0.17588751911686795,-0.04153661464585845,-0.09908825212402195,-1.5460361993772898,-1.9031628671353675,0.014028056112224456,asof1455,14:55
2025-10-10,9.64992528,9.84369888,9.64992528,9.80494416,158173355.0,0.0,0.0,10.008334732391338,10.414999724895075,0.1730121428571429,0.0176453980801788,36.57508016523081,1.0932718069756426,0.7999999999958715,10.03747248,9.930897,10.008334732391338,-684991573.0,-394744652.15,369482178.62819016,4616.8341,0.0050825434922812,0.0039682539682539,-0.0011142895240272,-1.175585534236771,-2.3504997151394966,-1.3439999999922316,0.7999999999958715,0.0891748580368517,-0.7855505289257143,-0.0011142895240272,0.075,-0.9481321241146882,-2.248321687772134,0.1053878978637107,0.9537535981697872,0.4428138053015786,-0.6954652736410498,0.1340405572826782,-2.45872958949796,1.0,,,,,,,,,,,,,,,0.0210683263742801,0.1,1598381304.0,158173400,48,10.105247178096947,2025-10-13,10.255666271315087,9.98902908,10.11498192,9.71774604,0.0459688606033925,0.0148852463049267,0.0187747035573122,9.64992528,9.84369888,9.64992528,9.79525548,156454500,1580991098.0,47,2025-10-10 14:55:00,10.105117449482117,0.012012012012011963,-0.00295857988165682,0.0029761904761904656,-0.061281337047353834,-0.17131147540983616,-0.025495204588172893,-0.08443263802940204,-0.9348872783892799,-1.6147892259489647,0.019782393669634038,asof1455,14:55
2025-10-13,9.79525548,10.11498192,9.71774604,9.98902908,256649195.0,0.0,0.0,10.006496098830258,10.401033474242778,0.1903133571428572,0.0190522377719254,45.145133222238826,1.6985987932662967,0.6829268292665736,9.98902908,10.11498192,10.11498192,-428342378.0,-419923553.85,353405530.6438931,4593.9785,0.0096547977607359,0.0167652859960552,0.0071104882353192,-0.0917803095505003,-2.0730934566736208,0.0,0.6829268292665736,0.5298036719351059,-0.0238219932061084,0.0071104882353192,0.2666666666666666,-0.3065319293412774,-2.029959124851932,1.1132855654918277,0.5643977895558134,2.173171724474328,-0.1560470708817071,0.3725443312017819,-1.6386621931436565,1.0,,,,,,,,,,,,,,,0.0210130092545853,0.1,2632108544.0,256649200,48,10.255666271315087,2025-10-14,10.606382357171134,10.38626496,10.43470836,9.92120832,0.061803131438189,0.0341972989933372,0.0397672162948594,9.79525548,10.10529324,9.72743472,10.00840644,253685200,2601526784.0,47,2025-10-13 14:55:00,10.254941100229734,0.02075098814229248,0.029910269192422678,0.018737672583826415,-0.030956848030018747,-0.13338926174496646,-0.0011603171533552947,-0.06156315295400194,-0.04399236065666683,-1.1905428570170598,0.03775411423039692,asof1455,14:55
2025-10-14,9.95996304,10.43470836,9.92120832,10.38626496,344595210.0,0.0,0.0,10.042664561798803,10.400549260661048,0.2179953000000001,0.0209888059701472,58.25372990211241,2.1229141337509665,0.9056603773567268,10.11498192,10.43470836,10.43470836,-83747168.0,-433875324.15,333807231.6079772,4539.0644,-0.0175297563698839,0.0571992110453649,0.0747289674152489,1.5761825975129675,-1.6417083251822455,1.244444444438736,0.9056603773567268,0.7527897361900115,1.048893262328091,0.0747289674152489,0.6583333333333333,0.6768606003691013,-1.733330053012562,2.009753192242133,1.2967793985283582,2.933954744143631,0.6035962315156542,2.346888642049673,-0.0305101912649468,1.0,,,,,,,,,,,,,,,0.0209787684050604,0.1,3635794688.0,342793100,48,10.606382357171134,2025-10-15,10.770936231277632,10.52190648,10.53159516,10.32813288,0.0370365355360269,0.0155146088991635,0.0130597014925373,9.95996304,10.43470836,9.92120832,10.415331,340152000,3607416064.0,47,2025-10-14 14:55:00,10.60530605141231,0.04267701260911738,0.07607607607607614,0.06015779092702167,0.007497656982193179,-0.10267111853088484,0.04121264952297943,-0.021021476815663576,1.618739780112074,-0.40965154279563554,0.04930232558139538,asof1455,14:55
2025-10-15,10.3668876,10.53159516,10.32813288,10.52190648,216999843.0,0.0,0.0,10.08830664924654,10.404528185885276,0.2235316885714287,0.0212444093659543,61.62589021489634,1.3127515320906602,0.9523809523762716,10.43470836,10.53159516,10.53159516,133252675.0,-444847343.95,310570602.30138004,4606.2879,-0.0074138919107672,0.0827517447657029,0.0901656366764701,1.9397689585875728,-1.414660886151162,0.3900928792552208,0.9523809523762716,0.2721253406200183,1.8614125569715303,0.0901656366764701,0.7166666666666667,0.8874798004820978,-1.5710597284790877,1.3597153972786122,1.4497274135138756,1.0663773592942905,1.182925973409999,2.706393041119461,0.2090820242445346,1.0,,,,,,,,,,,,,,,0.0209787684050604,0.1,2337291008.0,216999800,48,10.770936231277632,2025-10-16,10.949281710144405,10.69630272,10.71568008,10.4637744,0.0406176609682622,0.0165580294077756,0.0165745856353591,10.3668876,10.53159516,10.33782156,10.53159516,213654000,2300950784.0,47,2025-10-15 14:55:00,10.769518866953112,0.013992537313432862,0.07411067193675902,0.08374875373878377,-0.0009191176470588758,-0.07881355932203393,0.0525806139246634,-0.00819659666357464,2.0386899243398893,-0.1635845436229499,0.018399264029438832,asof1455,14:55
2025-10-16,10.48315176,10.71568008,10.4637744,10.69630272,182150693.0,0.0,0.0,10.146211036937345,10.41409456405297,0.2290680771428572,0.0214156314699773,65.48612251331471,1.0811945011941366,0.9230769230732588,10.53159516,10.71568008,10.71568008,315403368.0,-440774475.75,319841441.2618118,4618.4218,-0.01933550229091,0.105105105105105,0.1244406073960151,2.401433189301152,-1.1694494075985604,0.7190332326252599,0.9230769230732588,0.0780664495712409,2.364227226987192,0.1244406073960151,0.7666666666666667,1.1527261717603718,-1.4037721731135548,1.5942259581905318,1.3558083580277684,0.3161173126857632,1.5434864370926786,3.488330079314364,0.4140252915301387,0.0,,,,,,,,,,,,,,,0.0209787684050604,0.1,1994419328.0,182150700,48,10.949281710144405,2025-10-17,11.065414810726493,10.64785932,10.82225556,10.6091046,0.0345083811097011,0.0106064583647065,-0.0045289855072463,10.48315176,10.7059914,10.48315176,10.69630272,178641800,1955666816.0,47,2025-10-16 14:55:00,10.947420010322332,0.016574585635359185,0.07080504364694473,0.10510510510510507,0.020332717190388205,-0.05641025641025643,0.0691458454386984,0.008756567425568962,2.7014850708241807,0.17804165830722257,0.020833333333333343,asof1455,14:55
2025-10-17,10.67692536,10.82225556,10.6091046,10.64785932,154369234.0,0.0,0.0,10.193987063895692,10.421758982280744,0.2304521742857144,0.0216430521253067,63.57305459730035,0.9237030544520264,0.1818181818173288,10.71568008,10.82225556,10.82225556,161034134.0,-435349869.35,328952494.7070466,4514.2345,-0.0222229341097616,0.0859683794466403,0.1081913135564019,1.9694856753211976,-0.9883695785906128,-0.2942942942930172,0.1818181818173288,-0.079364628631406,1.8129791168816591,0.1081913135564019,0.7916666666666666,0.8956722682221787,-1.2792012992936856,0.8478099761791968,-1.0584469258474027,-0.2950509383104507,1.1635129568575362,2.941430022569929,0.5151251351001943,0.0,,,,,,,,,,,,,,,0.0209787684050604,0.1,1708159232.0,154369200,48,11.065414810726493,2025-10-20,10.813375679437248,10.45408572,10.63817064,10.39595364,0.0155445667023752,-0.0227771968426275,-0.0181983621474067,10.67692536,10.82225556,10.61879328,10.63817064,151696300,1678790656.0,47,2025-10-17 14:55:00,11.066787100278649,-0.005434782608695676,0.02425373134328357,0.08498023715415015,0.020446096654275214,-0.06313993174061439,0.06220373415884706,0.004283601884174981,2.231603289015176,0.08846904115568914,0.0191256830601093,asof1455,14:55
2025-10-20,10.61879328,10.63817064,10.39595364,10.45408572,160298052.0,0.0,0.0,10.218758364477054,10.422818875320718,0.2352965142857144,0.0225076128690565,56.467116822428295,0.96720226702199,0.2399999999990091,10.82225556,10.82225556,10.82225556,736082.0,-428539028.15,336416155.0631853,4538.2201,-0.012137279266762,0.046556741028128,0.05869402029489,1.0001310739189024,-0.8672483375381065,-1.5647058823462912,0.2399999999990091,-0.0333476357823262,1.276024066291864,0.05869402029489,0.8666666666666667,0.325476600627274,-1.1933471729024558,-0.0900140247751239,-0.8817171565273264,-0.1111828428367542,0.7810955965244424,1.6097105028342285,0.8219035437581632,1.0,,,,,,,,,,,,,,,0.0209787684050604,0.1,1733363576.0,160298100,48,10.813375679437248,2025-10-21,10.835321789605766,10.5122178,10.57034988,10.43470836,0.0364676624830435,0.0020295336830153,0.0055607043558851,10.61879328,10.62848196,10.39595364,10.4637744,157816500,1706581880.0,47,2025-10-20 14:55:00,10.813710100021227,-0.017288444040036377,-0.0055248618784530246,0.047526673132880726,0.02564102564102555,-0.08319185059422751,0.043629511523409104,-0.011079571467814242,1.4628378788404823,-0.23293982289358509,0.022222222222222233,asof1455,14:55
2025-10-21,10.47346308,10.57034988,10.43470836,10.5122178,122970088.0,0.0,0.0,10.246706882145906,10.425749987605284,0.2249157857142858,0.021395655036206,57.98439388383296,0.7552912607882442,0.5714285714243587,10.82225556,10.82225556,10.82225556,123706170.0,-406508915.1,356813724.763656,4607.8715,0.0151588728285061,0.0121268656716417,-0.0030320071568643,1.180490364469999,-0.7960450836742223,-1.3784615384554095,0.5714285714243587,-0.2806518282470255,1.4859716661717557,-0.0030320071568643,0.7416666666666667,0.4341013257279837,-1.138416807467855,0.0545781598759086,0.2196033111361265,-1.0562573397233943,0.9354365607956416,-0.0103506823812421,0.2987907738743047,1.0,,,,,,,,,,,,,,,0.0209787684050604,0.1,1332420604.0,122970100,48,10.835321789605766,2025-10-22,10.92286300712819,10.58972724,10.64785932,10.47346308,0.0390636129255417,0.0080792448274493,0.0073732718894008,10.47346308,10.5606612,10.43470836,10.50252912,120287000,1303302138.0,47,2025-10-21 14:55:00,10.834937590928362,0.004633920296570837,-0.018115942028985477,0.011194029850746245,0.040307101727447225,-0.07350427350427358,0.046180572310958956,-0.005914989224631961,1.4895577623064422,-0.127097256042344,0.011992619926199268,asof1455,14:55
2025-10-22,10.47346308,10.64785932,10.47346308,10.58972724,96321833.0,0.0,0.0,10.27937548765582,10.431126290962489,0.2269919314285715,0.0214351065220212,59.98689661429096,0.5984956807165938,0.6666666666628439,10.82225556,10.82225556,10.82225556,220028003.0,-372975035.4,381734880.0092111,4592.57,-0.0029780813309564,0.0064456721915284,0.0094237535224849,1.3672369338840262,-0.668529503894514,-1.0243902438979262,0.6666666666628439,-0.5133359708579474,1.553442112456926,0.0094237535224849,0.75,0.5426083478351793,-1.0515636554419203,0.3199889224667619,0.5224267577278849,-1.9261860974473632,0.9799181475912158,0.3191155247618073,0.3357100434021026,1.0,,,,,,,,,,,,,,,0.0209787684050604,0.1,1052109826.0,96321800,48,10.92286300712819,2025-10-23,10.985635612199555,10.64785932,10.72536876,10.54128384,0.0373860783405368,0.0057469003346835,0.0054894784995425,10.47346308,10.64785932,10.47346308,10.58972724,93612800,1022496633.0,47,2025-10-22 14:55:00,10.922615635895946,0.007373271889400845,-0.005459508644222066,0.006445672191528473,0.05705996131528046,-0.04707933740191805,0.05268226909371099,0.003642373970799806,1.6165965662983455,0.07983900266909795,0.01646843549862764,asof1455,14:55
2025-10-23,10.58003856,10.72536876,10.54128384,10.64785932,112076173.0,0.0,0.0,10.314469185974312,10.438232291914538,0.2269919314285715,0.0213180813726744,61.470118430538,0.698927425381108,0.5789473684179076,10.82225556,10.82225556,10.82225556,332104176.0,-327648163.45,408037445.7557917,4606.3447,-0.0026149841922191,-0.0045289855072463,-0.0019140013150271,1.4687312096338914,-0.5452313003408474,-0.7682926829234445,0.5789473684179076,-0.3582083684890016,1.6168916512747176,-0.0019140013150271,0.7083333333333334,0.6023067384456202,-0.9687081829666292,0.5146511906989191,0.2331622424789946,-1.334011059712138,1.023835838164075,0.0214660700442164,0.1638885249629457,0.0,,,,,,,,,,,,,,,0.0209787684050604,0.1,1231228294.0,112076200,48,10.985635612199555,2025-10-24,10.92601759182362,10.57034988,10.66723668,10.52190648,0.0261233984657509,-0.0054269067790424,-0.0072793448589626,10.58003856,10.71568008,10.54128384,10.63817064,110997400,1219377408.0,47,2025-10-23 14:55:00,10.985639375336719,0.0045745654162854255,0.017608897126969447,-0.005434782608695676,0.06601941747572826,-0.042720139494333065,0.054501800720287985,0.009067516235755413,1.5831910052743918,0.20090576921924802,0.016393442622950827,asof1455,14:55
2025-10-24,10.58972724,10.66723668,10.52190648,10.57034988,131970439.0,0.0,0.0,10.33883877588152,10.442564016114062,0.2249157857142858,0.0212779887390316,58.363631062480806,0.8269794777290677,0.3333333333310397,10.82225556,10.72536876,10.72536876,200133737.0,-281548044.25,412948584.4366915,4660.6835,0.0324416022251392,-0.0072793448589626,-0.0397209470841019,1.0293235016040327,-0.4611736784177738,-1.1199999999950203,0.3333333333310397,-0.1899753995879136,1.1664449265689294,-0.0397209470841019,0.6916666666666667,0.3461921969343217,-0.9091058726407032,0.2553614626780223,-0.5904238280515597,-0.7113681920162497,0.700271948251453,-0.9665075427669848,0.0832719803687034,0.0,,,,,,,,,,,,,,,0.0209787684050604,0.1,1441910912.0,131970400,48,10.92601759182362,2025-10-27,10.874111032479972,10.59941592,10.64785932,10.39595364,0.0287370953590395,-0.0047507299807472,0.0027497708524288,10.58972724,10.657548,10.52190648,10.53159516,129614000,1416231552.0,47,2025-10-24 14:55:00,10.926532257317882,-0.010919017288444022,0.0018433179723502668,-0.010919017288444022,0.0677799607072691,-0.038053097345132736,0.040490092849621684,-0.0003065603923972926,1.1172623202555056,-0.0068681739856927375,0.012879484820607183,asof1455,14:55
2025-10-27,10.5122178,10.64785932,10.39595364,10.59941592,125480386.0,0.0,0.0,10.363655646749947,10.447706701487371,0.2304521742857144,0.0217419691825521,59.196391463323074,0.7869245557376856,0.8076923076891014,10.82225556,10.72536876,10.72536876,325614123.0,-235572508.15,426575898.7013331,4716.0186,0.0391780248824866,0.0139017608897127,-0.0252762639927739,1.0230334080369072,-0.3647223333760039,-0.966966966962771,0.8076923076891014,-0.2396228982632167,1.3155610358167809,-0.0252762639927739,0.7916666666666666,0.3506961771823141,-0.8429181144061823,0.3831771762895288,0.9999303098812936,-0.887790459750496,0.8097669611778561,-0.5737074818930451,0.493924159667471,0.0,,,,,,,,,,,,,,,0.0209787684050604,0.1,1364487802.0,125480400,48,10.874111032479972,2025-10-28,10.875616066778544,10.59941592,10.63817064,10.415331,0.0260580534685295,0.000138405272309,0.0,10.5122178,10.64785932,10.39595364,10.59941592,123445700,1342233476.0,47,2025-10-27 14:55:00,10.873067883287955,0.00274977085242889,0.0009149130832570851,0.013901760889712733,0.06627680311890849,-0.03781882145998239,0.043544617732627744,0.006733025567092321,1.1819812603668012,0.1517433264992546,0.02376599634369288,asof1455,14:55
2025-10-28,10.59941592,10.63817064,10.415331,10.59941592,96773601.0,0.0,0.0,10.386109006107096,10.452680774225492,0.2359885628571429,0.0222642987725233,59.1963914632792,0.6103514561709397,0.826086956518032,10.82225556,10.72536876,10.72536876,325614123.0,-183855496.15,428771679.210891,4691.973,0.0182517025485626,0.0082949308755759,-0.0099567716729866,0.9038866600544884,-0.2820974343507255,-0.9442815249226848,0.826086956518032,-0.4937203300725992,1.1882072530714365,-0.0099567716729866,0.85,0.2952125734783261,-0.7852004878619351,0.4192400254968019,1.0674309870519518,-1.8290712351669591,0.7282933117520729,-0.1571102708112981,0.7285978525178538,0.0,,,,,,,,,,,,,,,0.0209787684050604,0.1,1052472519.0,96773600,48,10.875616066778544,2025-10-29,10.611567139072497,10.19249136,10.57034988,10.15373664,0.0011464045909896,-0.0242789857682296,-0.0383912248628884,10.59941592,10.63817064,10.42501968,10.58972724,94849100,1031425671.0,47,2025-10-28 14:55:00,10.874385429065748,-0.000914076782449702,-0.005459508644222066,0.007373271889400845,0.0800395256916997,-0.048738033072236786,0.0392203470406467,0.006476564658215445,1.0446260559814113,0.14719695947446376,0.020128087831656004,asof1455,14:55
2025-10-29,10.55097252,10.57034988,10.15373664,10.19249136,203906604.0,0.0,0.0,10.36766923028737,10.444149973759082,0.2560579714285715,0.0251222161868525,44.68506749023388,1.282756259128805,0.0930232558137302,10.82225556,10.72536876,10.72536876,121707519.0,-152123298.05,426722327.5497344,4747.8378,0.0338084776062206,-0.0375114364135407,-0.0713199140197613,-0.6841336331353122,-0.2986852666398902,-2.4594594594498544,0.0930232558137302,0.2490110902891942,0.6417072634149548,-0.0713199140197613,0.9916666666666668,-0.6439049629604169,-0.785411862798256,-0.7337794478955445,-1.3991393068339388,1.005551704900683,0.3398898038514238,-1.754016207634615,1.3079612735528614,0.0,,,,,,,,,,,,,,,0.0209787684050604,0.1,2163768576.0,203906600,48,10.611567139072497,2025-10-30,10.539861692088843,10.2215574,10.2700008,10.1246706,0.0340810033405654,-0.0067572909867035,0.0028517110266159,10.55097252,10.55097252,10.15373664,10.173114,201616400,2139682560.0,47,2025-10-29 14:55:00,10.612641431947004,-0.040219378427788,-0.03758020164986253,-0.03934126258005488,0.028403525954946218,-0.07243816254416968,-0.005540559738599238,-0.032302658863646694,-0.14845958551205923,-0.744378796471186,0.03904761904761907,asof1455,14:55
2025-10-30,10.13435928,10.2700008,10.1246706,10.2215574,115075081.0,0.0,0.0,10.35375381787905,10.436851856586651,0.2525977285714287,0.024712254570072,45.70882637135024,0.7243815324924151,0.6666666666620794,10.82225556,10.66723668,10.66723668,236782600.0,-108783616.2,419949011.3472948,4709.911,0.0224834020780078,-0.0400363967242948,-0.0625197988023026,-0.5233476113430044,-0.3289738161037214,-2.378082191771408,0.6666666666620794,-0.3224370468201866,0.8228766037365886,-0.0625197988023026,0.9583333333333334,-0.5399828485474599,-0.7934662856944521,-0.6684141874710202,0.5199284712310304,-1.1568454160317891,0.4697601826656634,-1.493844695817591,1.1492981777368838,1.0,,,,,,,,,,,,,,,0.0209787684050604,0.1,1197345152.0,113601600,48,10.539861692088843,2025-10-31,10.770476607021688,10.44439704,10.55097252,10.3184442,0.0537021107000472,0.0218802600707694,0.0218009478672986,10.13435928,10.2700008,10.1246706,10.20218004,112713600,1187997956.0,47,2025-10-30 14:55:00,10.539969941515487,0.000950570342205248,-0.03747714808043878,-0.04185623293903551,0.03336604514229635,-0.08115183246073299,-0.004161149990542956,-0.028343816803285127,-0.11397510410400556,-0.6553578756517003,0.014245014245014252,asof1455,14:55
2025-10-31,10.37657628,10.55097252,10.3184442,10.44439704,177880251.0,0.0,0.0,10.362386505700092,10.437099239649385,0.2477533885714287,0.023721176782399,52.90528356458461,1.1057486816890325,0.5416666666643372,10.82225556,10.64785932,10.64785932,414662851.0,-49664750.7,406020257.2472404,4640.6676,-0.004294627601295,-0.0119156736938588,-0.0076210460925637,0.3310168017174573,-0.3015608964212034,-1.5251396647983133,0.5416666666643372,0.1005226455331961,1.143606983671394,-0.0076210460925637,0.95,-0.0226651586170593,-0.7682170127980714,-0.0139863630685927,0.1016009203051847,0.4370558463135714,0.699949921211866,-0.0525825683859804,1.1010765775409872,1.0,,,,,,,,,,,,,,,0.0209787684050604,0.1,1915855610.0,177880300,48,10.770476607021688,2025-11-03,10.92148311304904,10.58003856,10.67692536,10.44439704,0.0456786611253758,0.0140204107521948,0.0129870129870131,10.37657628,10.55097252,10.3184442,10.44439704,175384900,1888962050.0,47,2025-10-31 14:55:00,10.770380175260241,0.021800947867298692,-0.014625228519195566,-0.01191567369385882,0.06944444444444442,-0.046017699115044275,0.017749244712990997,-0.0038809831824062613,0.5000176842790808,-0.09071478833112187,0.022263450834879416,asof1455,14:55
2025-11-03,10.44439704,10.67692536,10.44439704,10.58003856,147007027.0,0.0,0.0,10.383115272776276,10.441785774742849,0.2276839800000001,0.0215201465201444,56.67024580357948,0.92250241622818,0.5833333333308247,10.72536876,10.67692536,10.67692536,561669878.0,7942300.45,406935867.8704993,4653.4028,-0.0132772589149671,-0.0018281535648994,0.0114491053500677,0.8648974215175818,-0.2576839264945861,-0.638297872337622,0.5833333333308247,-0.0806652838533456,1.3607244317087692,0.0114491053500677,0.7083333333333334,0.3072051014625994,-0.7334638202191438,0.6719226280417397,0.2570285654165766,-0.248830517269795,0.8574653415544801,0.4463582448249837,0.0883357851394625,1.0,,,,,,,,,,,,,,,0.0209787684050604,0.1,1605534468.0,147007000,48,10.92148311304904,2025-11-04,11.070823962766095,10.76412348,10.77381216,10.58972724,0.0463878652221185,0.0136740448317522,0.0173992673992673,10.44439704,10.67692536,10.44439704,10.59941592,145384000,1587808254.0,47,2025-11-03 14:55:00,10.92147866340175,0.014842300556586308,0.03992395437262353,0.0,0.07889546351084809,-0.04370629370629375,0.029453279382704478,0.011713933415536282,0.8721370170620215,0.2760772122335044,0.021937842778793428,asof1455,14:55
2025-11-04,10.61879328,10.77381216,10.58972724,10.76412348,153181837.0,0.0,0.0,10.419401768702343,10.452354224095542,0.2269919314285715,0.0210878230680191,61.20332394663551,0.9548285299324611,0.9473684210474852,10.72536876,10.77381216,10.77381216,714851715.0,73208443.45,410387919.6219403,4618.699,-0.0156168844108864,0.0155393053016452,0.0311561897125317,1.5186518266382227,-0.1451701617130945,0.170731707316321,0.9473684210474852,-0.0462235044313445,1.563504286727294,0.0311561897125317,0.575,0.7154970870784965,-0.659324741271211,1.3084711730632257,1.5063033421955212,-0.1182509441179015,1.0054311308340014,0.95304290207938,-0.4675353503614884,0.0,,,,,,,,,,,,,,,0.0210340855247552,0.1,1687893248.0,152463200,48,11.070823962766095,2025-11-05,11.1732332682309,10.77381216,10.90945368,10.72536876,0.0380067907053496,0.0092503779130832,0.0009000900090008,10.61879328,10.77381216,10.59941592,10.7544348,150287300,1663736065.0,47,2025-11-04 14:55:00,11.070370317385434,0.016483516483516425,0.05213270142180093,0.014625228519195677,0.09467455621301779,-0.03979238754325265,0.04069004312769531,0.027333868081693025,1.2543457378378267,0.6537590032529373,0.016216216216216224,asof1455,14:55
2025-11-05,10.79318952,10.90945368,10.72536876,10.77381216,146384702.0,0.0,0.0,10.45315513930212,10.462893828551426,0.2221475914285715,0.0206192189105839,61.43202329063542,0.8973658503628276,0.2631578947354125,10.77381216,10.90945368,10.90945368,861236417.0,150414576.2,406107010.0680737,4627.257,-0.0253969922898378,0.0570342205323193,0.0824312128221571,1.443441356417042,-0.0438388243898323,0.0,0.2631578947354125,-0.1082916401393332,1.750331373695934,0.0824312128221571,0.4416666666666666,0.6814739674603972,-0.5920848839687558,1.1778142933749898,-0.8251256911479606,-0.3541478060793686,1.142957319746566,2.230436787577533,-1.0126250708692004,0.0,,,,,,,,,,,,,,,0.0210340855247552,0.1,1635590400.0,146384700,48,11.1732332682309,2025-11-06,11.101565894339332,10.7544348,10.84163292,10.68661404,0.0304213336442029,-0.0064142018850837,-0.0017985611510791,10.79318952,10.90945368,10.72536876,10.78350084,144291300,1612296824.0,47,2025-11-05 14:55:00,11.173901849938284,0.0018001800180018623,0.032467532467532534,0.057984790874524794,0.10967098703888345,-0.0535714285714286,0.038779224415511626,0.03082598829939953,1.2339390395057155,0.7516718479533341,0.017070979335130288,asof1455,14:55
2025-11-06,10.7059914,10.84163292,10.68661404,10.7544348,111960257.0,0.0,0.0,10.481848440320968,10.472452548926787,0.2179953000000001,0.0202702702702683,60.66182850086975,0.696655005013666,0.4374999999971777,10.90945368,10.90945368,10.90945368,749276160.0,230036630.6,356587970.0001253,4693.4032,-0.0035049069929347,0.0521327014218009,0.0556376084147356,1.2504231039741824,0.0431013484884055,-0.7111111111078491,0.4374999999971777,-0.3614649620463258,1.456133052945722,0.0556376084147356,0.3916666666666666,0.5794261132439367,-0.5335709219920257,0.6402626074860626,-0.2202016552049757,-1.2988000794597525,0.938060992152974,1.5461389835741235,-1.2007937318753992,0.0,,,,,,,,,,,,,,,0.0210340855247552,0.1,1242934648.0,111960300,48,11.101565894339332,2025-11-07,11.128903511252854,10.71568008,10.87069896,10.71568008,0.0348199341217685,0.0024625009817274,-0.0036036036036035,10.7059914,10.83194424,10.68661404,10.74474612,110648900,1228376837.0,47,2025-11-06 14:55:00,11.101572966382856,-0.0026978417266186883,0.015567765567765512,0.05118483412322283,0.11011011011011007,-0.0513259195893927,0.029807781595319938,0.02813702313076516,1.0403178027774784,0.7109540114167021,0.013525698827772775,asof1455,14:55
2025-11-07,10.7544348,10.87069896,10.71568008,10.71568008,97233086.0,0.0,0.0,10.504118120290398,10.480427222076733,0.2110748142857144,0.0196977525187271,59.06681633686147,0.6167100621503504,0.0,10.90945368,10.90945368,10.90945368,652043074.0,296888362.95,299543765.5418618,4678.7944,0.0082158006748855,0.0259740259740259,0.0177582252991403,1.0023079277579086,0.1122393417411069,-0.9180327868808964,0.0,-0.4833562809991805,1.1856521547278422,0.0177582252991403,0.3416666666666667,0.4390046769600157,-0.4851544838032738,0.4827843903785948,-1.687241864356811,-1.722172645886441,0.7448073752168455,0.581372618303524,-1.383450964226836,1.0,,,,,,,,,,,,,,,0.0210340855247552,0.1,1082097788.0,97233100,48,11.128903511252854,2025-11-10,11.110301097081097,10.77381216,10.81256688,10.657548,0.0368265022970988,-0.0016715406107122,0.0054249547920433,10.7544348,10.86101028,10.72536876,10.73505744,95148100,1059021182.0,47,2025-11-07 14:55:00,11.13023993122301,-0.0018018018018017834,-0.0027002700270026825,0.027829313543599188,0.0948616600790515,-0.04892703862660952,0.023603861610236088,0.02814723167336841,0.9851381513267355,0.7353190247103617,0.012635379061371847,asof1455,14:55
2025-11-10,10.7059914,10.81256688,10.657548,10.77381216,98297154.0,0.0,0.0,10.529803266929408,10.490046400369296,0.2124589114285715,0.0197199383350444,60.73458068103846,0.6564233761347823,0.7499999999951619,10.90945368,10.90945368,10.90945368,750340228.0,355822493.25,265021101.18951336,4695.0507,0.0089499881677983,0.0183150183150182,0.0093650301472199,1.1484992153481857,0.1871273193136473,-0.6384364820816856,0.7499999999951619,-0.4209493077635362,1.4886276337214568,0.0093650301472199,0.3416666666666667,0.5426030973130118,-0.4331989791193781,0.7037871828529301,0.8406367569093001,-1.4650399570462542,0.9643912099486572,0.3692262966954978,-1.364263481366868,0.0,,,,,,,,,,,,,,,0.0210340855247552,0.1,1092111489.0,98297200,48,11.110301097081097,2025-11-11,11.103018151998665,10.7544348,10.79318952,10.68661404,0.0305561287972802,-0.0006555128451329,-0.0017985611510791,10.7059914,10.81256688,10.657548,10.79318952,96663900,1073945464.0,47,2025-11-10 14:55:00,11.1100986407542,0.00723327305605781,0.0017985611510791255,0.020146520146520075,0.08050436469447142,-0.043776824034334805,0.024697603826518977,0.03465890620888201,1.2946300553210937,0.9367250565226001,0.014362657091561946,asof1455,14:55
2025-11-11,10.77381216,10.79318952,10.68661404,10.7544348,86341342.0,0.0,0.0,10.551196746269463,10.498714872488335,0.2076145714285715,0.0193050193050175,59.85908767189409,0.6309938692184672,0.6363636363576654,10.90945368,10.90945368,10.90945368,663998886.0,393209795.95,252835784.1967172,4652.1655,0.0072458716188261,-0.0009000900090009,-0.0081459616278271,0.9789199877980588,0.2527851172475758,-0.7466666666630702,0.6363636363576654,-0.4604591324651968,1.0710077725363212,-0.0081459616278271,0.2583333333333333,0.4437734494160831,-0.3867327408565632,0.6191543493486598,0.4499922794078589,-1.5883868334830928,0.6594113609227944,-0.0784423963155449,-1.670272341488329,0.0,,,,,,,,,,,,,,,0.0210340855247552,0.1,958607940.0,86337600,48,11.103018151998665,2025-11-12,11.174296197681592,10.78350084,10.89007632,10.76412348,0.0390407683425251,0.0064197000047321,0.0027027027027026,10.77381216,10.79318952,10.69630272,10.7544348,84172100,934560257.0,47,2025-11-11 14:55:00,11.10296947563385,-0.0017985611510791255,0.0,-0.0009000900090009312,0.035447761194029814,-0.035621198957428324,0.017228739002932425,0.031790295593976614,1.1098062529800803,0.8898810076864621,0.009009009009009014,asof1455,14:55
2025-11-12,10.8028782,10.89007632,10.76412348,10.78350084,98550412.0,0.0,0.0,10.573320945672371,10.508052117324784,0.2041543285714286,0.0189321011423419,60.77253360504843,0.7528022961689438,0.1538461538449324,10.90945368,10.89007632,10.89007632,762549298.0,424674627.1,257638499.30312693,4645.9079,0.0040306600649153,0.0008992805755396,-0.0031313794893756,1.0295147587481144,0.3197033773615708,-0.6169491525393509,0.1538461538449324,-0.2839526405443333,1.311429277122401,-0.0031313794893756,0.2,0.4815767586799073,-0.3396453656315177,0.7190053637085599,-1.1939781883873002,-0.9408830142714818,0.8266548409071578,0.0535971027062939,-1.8606992501230504,0.0,,,,,,,,,,,,,,,0.0210340855247552,0.1,1101231360.0,98550400,48,11.174296197681592,2025-11-13,11.033697562946914,10.68661404,10.83194424,10.6091046,0.0232018086388829,-0.0125823257453877,-0.008984725965858,10.8028782,10.89007632,10.76412348,10.79318952,95929000,1072046918.0,47,2025-11-12 14:55:00,11.17542055061556,0.003603603603603567,0.00723327305605781,0.0017985611510791255,0.025782688766114115,-0.028770706190061057,0.0191199341322843,0.03616661757638706,1.243276976826574,1.0385322496278322,0.011669658886894082,asof1455,14:55
2025-11-13,10.78350084,10.83194424,10.6091046,10.68661404,106899620.0,0.0,0.0,10.584110764179766,10.513906606592824,0.2096907171428572,0.0196218106462875,56.18304486620111,0.8407438405879615,0.3478260869549608,10.90945368,10.89007632,10.89007632,655649678.0,441686942.6,261072098.7546232,4702.0738,0.0018474014761826,-0.0063063063063063,-0.008153707782489,0.4888307752312793,0.3347985954894608,-1.0627062706219947,0.3478260869549608,-0.1734682544808194,0.819554201389784,-0.008153707782489,0.3333333333333333,0.1439996946929122,-0.3226340561115789,0.37177990486472,-0.5410845371837902,-0.5378507836149494,0.4670975298042847,-0.0758193524244433,-1.3073882933255263,0.0,,,,,,,,,,,,,,,0.0210340855247552,0.1,1179497856.0,106899600,48,11.033697562946914,2025-11-14,11.074489671979345,10.657548,10.8028782,10.64785932,0.0362954655728677,0.0036970479569258,-0.0027198549410698,10.78350084,10.83194424,10.6091046,10.69630272,104093900,1148547328.0,47,2025-11-13 14:55:00,11.03376209364814,-0.008086253369272267,-0.007194244604316502,-0.005405405405405461,0.0,-0.014285714285714346,0.008725844031248542,0.02740682146014617,0.5531725612947047,0.8047286665492059,0.020833333333333343,asof1455,14:55
2025-11-14,10.71568008,10.8028782,10.64785932,10.657548,90782275.0,0.0,0.0,10.591104786638835,10.518616160475029,0.2027702314285715,0.0190259740259722,54.844911968213744,0.7322951769971893,0.0624999999995968,10.90945368,10.89007632,10.89007632,564867403.0,461878606.05,254108852.3009972,4628.1398,-0.0108264214388219,-0.0054249547920434,0.0054014666467785,0.3276773562506022,0.3574914604217249,-1.2423208191065012,0.0624999999995968,-0.3115715990392331,0.4052940148185299,0.0054014666467785,0.2083333333333333,0.0524153990855868,-0.3009056105047247,0.242095775270608,-1.4901449213881226,-1.0359635945194057,0.169660033870322,0.2760329186330971,-1.7623464040390218,0.0,,,,,,,,,,,,,,,0.0210340855247552,0.1,993839100.0,89741300,48,11.074489671979345,2025-11-17,10.86551193298196,10.49284044,10.657548,10.4637744,0.019513300149524,-0.0188701913304538,-0.0154545454545454,10.71568008,10.8028782,10.64785932,10.66723668,88339600,978421308.0,47,2025-11-14 14:55:00,11.07568189124696,-0.0018132366273798661,-0.008108108108108136,-0.004520795660036159,0.0018198362147405778,-0.0143240823634736,0.006030701754386136,0.024885192999875683,0.38288061251289895,0.736295608611321,0.014532243415077209,asof1455,14:55
2025-11-17,10.61879328,10.657548,10.4637744,10.49284044,112339863.0,0.0,0.0,10.581746277435135,10.517771054885682,0.2006940857142858,0.019126764279117,47.88497102338321,0.9240633632172464,0.1499999999992259,10.90945368,10.89007632,10.89007632,452527540.0,484468178.95,231155295.76754,4598.0525,-0.0206596704056891,-0.0260791366906475,-0.0054194662849583,-0.4429918157192876,0.3187698447686879,-2.075862068955174,0.1499999999992259,-0.0789746347811648,-0.1381782703439375,-0.0054194662849583,0.2333333333333333,-0.4304974991514582,-0.3143315962913832,-0.4036346525204478,-1.1713614500016971,-0.1799028594470464,-0.2162125278810577,0.003908219079013,-1.635756519733016,0.0,,,,,,,,,,,,,,,0.0209684580779618,0.1,1220630524.0,112339900,48,10.86551193298196,2025-11-18,10.799012632553682,10.39595364,10.53159516,10.38626496,0.0291791526140543,-0.006120217881904,-0.0092336103416436,10.61879328,10.657548,10.4637744,10.49284044,111358000,1209989884.0,47,2025-11-17 14:55:00,10.865765225668564,-0.015454545454545499,-0.02695417789757415,-0.026079136690647542,0.003707136237256714,-0.013661202185792365,-0.010461875828041478,0.008395536864321373,-0.6636733321486653,0.2501944707955553,0.018467220683287176,asof1455,14:55
2025-11-18,10.49284044,10.53159516,10.38626496,10.39595364,80981120.0,0.0,0.0,10.564051740536552,10.513777041282871,0.1792405800000001,0.0172413793103431,44.32190863319665,0.6778242281975647,0.0666666666662079,10.90945368,10.89007632,10.89007632,371546420.0,496860191.45,217736798.9447692,4568.1928,-0.0180502391843111,-0.0333333333333333,-0.0152830941490221,-0.9378350624373908,0.2804872604931325,-2.8648648648488813,0.0666666666662079,-0.3888672750990174,-0.5755286752506493,-0.0152830941490221,0.0333333333333333,-0.7385582492669401,-0.32719586052671,-1.016843854272698,-1.450415829056016,-1.304097723731931,-0.525835548927898,-0.2424809886895952,-2.33304079563131,1.0,,,,,,,,,,,,,,,0.0209684580779618,0.1,869986816.0,80561700,48,10.799012632553682,2025-11-19,10.866921849585625,10.5606612,10.58972724,10.415331,0.0453030309574971,0.0062884653757353,0.015843429636533,10.49284044,10.53159516,10.38626496,10.39595364,79345200,856923262.0,47,2025-11-18 14:55:00,10.799938269737805,-0.009233610341643606,-0.027198549410698103,-0.033333333333333326,-0.011059907834101379,-0.029837251356238714,-0.019778011236468274,-0.0006829752887120843,-1.2664771522103215,-0.020414031401003296,0.013979496738117434,asof1455,14:55
2025-11-19,10.43470836,10.58972724,10.415331,10.5606612,83921477.0,0.0,0.0,10.563728831914023,10.51531422681458,0.1827008228571429,0.0173001310615973,50.99731460975057,0.7060998673087787,0.833333333328555,10.90945368,10.83194424,10.83194424,455467897.0,508632186.15,208625494.19807,4588.2922,-0.0124013866051886,-0.0206648697214735,-0.0082634831162848,-0.0167904657791546,0.2649939083034939,-1.90909090908046,0.833333333328555,-0.3479985963811413,-0.2548312197143343,-0.0082634831162848,0.0416666666666666,-0.1310731958731805,-0.3268374680008696,-0.2545451628467744,1.1335249216152692,-1.1385974735959214,-0.2909590750757201,-0.0562612888639093,-2.23252195246848,1.0,,,,,,,,,,,,,,,0.0209684580779618,0.1,911968382.0,83921500,48,10.866921849585625,2025-11-20,10.969631941211004,10.59941592,10.73505744,10.49284044,0.0387258651201691,0.0094516269691675,0.0036697247706423,10.43470836,10.58972724,10.415331,10.5606612,82143200,892582662.0,47,2025-11-19 14:55:00,10.866178356820772,0.01584342963653307,-0.00909090909090915,-0.020664869721473522,-0.0027447392497712553,-0.01890189018901889,-0.003701841780540227,0.015669891755059062,-0.22978469129569584,0.47136467932940107,0.016513761467889916,asof1455,14:55
2025-11-20,10.54128384,10.73505744,10.49284044,10.59941592,98794774.0,0.0,0.0,10.567127602207924,10.518071659378036,0.1764723857142858,0.0166492556803327,52.44212720224362,0.8359115928129914,0.4399999999981834,10.89007632,10.8028782,10.8028782,554262671.0,519740110.9,204810182.794078,4564.9483,-0.0291627706906684,-0.0081595648232094,0.0210032058674589,0.1829652705220836,0.2779808446010067,-1.6470588235200785,0.4399999999981834,-0.179232421713079,0.1685588071307469,0.0210032058674589,0.0083333333333333,0.006117515235724,-0.3096010528358895,-0.0448263687914231,-0.2040259841021296,-0.5396826870809402,0.0177485622446622,0.704843717038638,-2.282661230911442,0.0,,,,,,,,,,,,,,,0.0209270167653611,0.1,1083733818.0,98794000,48,10.969631941211004,2025-11-21,10.856057448639929,10.40564232,10.63817064,10.39595364,0.0242127991369478,-0.0103535372179986,-0.0182815356489944,10.54128384,10.72536876,10.50252912,10.59941592,97661500,1071348090.0,47,2025-11-20 14:55:00,10.970014693610072,0.003669724770642313,0.010156971375807844,-0.008159564823209453,-0.0045495905368516665,-0.027555555555555555,9.141603437234913e-05,0.01972968774273709,0.005666927666177385,0.5978301180229499,0.021023765996343702,asof1455,14:55
2025-11-21,10.6091046,10.63817064,10.39595364,10.40564232,100931197.0,0.0,0.0,10.551748051521455,10.514385451529575,0.1771644342857143,0.0170258047353003,45.25703388927584,0.8653512432629425,0.0399999999998348,10.89007632,10.73505744,10.73505744,453331474.0,532399997.75,192093810.1083929,4453.6076,-0.0377110907496787,-0.0236363636363636,0.014074727113315,-0.8246899673159379,0.2108922151463877,-2.7343749999845657,0.0399999999998348,-0.144619792895292,-0.4116141155479396,0.014074727113315,0.0166666666666666,-0.6436958424644563,-0.339154175738693,-0.9015051604968636,-1.534607359913321,-0.430842479685897,-0.4016987387358975,0.5248908833821181,-2.1919393036251296,0.0,,,,,,,,,,,,,,,0.0209270167653611,0.1,1082116608.0,99678600,48,10.856057448639929,2025-11-24,10.705475407074577,10.37657628,10.47346308,10.30875552,0.0288144717888567,-0.0138707852530955,-0.0027932960893854,10.6091046,10.63817064,10.39595364,10.40564232,98209700,1066330368.0,47,2025-11-21 14:55:00,10.857688884091898,-0.018281535648994485,0.0009319664492077884,-0.023636363636363678,-0.015582034830430858,-0.050397877984084904,-0.017967357015498342,0.0015698099131165044,-1.1159955055930506,0.048284482300576206,0.023277467411545637,asof1455,14:55
2025-11-24,10.39595364,10.47346308,10.30875552,10.37657628,109230550.0,0.0,0.0,10.535065025662272,10.509867118036802,0.1750882885714286,0.0168734160330782,44.2770769385423,0.9430767059098308,0.411764705879853,10.89007632,10.73505744,10.73505744,344100924.0,533324337.8,191138652.91034293,4448.0478,-0.0326235292006777,-0.0110803324099723,0.0215431967907054,-0.9051932996461368,0.1439154373540332,-2.9328063240939213,0.411764705879853,-0.0586076572285549,-0.9899798440494332,0.0215431967907054,0.0166666666666666,-0.6847163208732856,-0.3684810951339153,-1.0445753963448752,-0.282294398389816,-0.1169185337475779,-0.8109358034076631,0.7123795301364779,-2.136545164641708,1.0,,,,,,,,,,,,,,,0.0208833815298788,0.1,1169365502.0,109230600,48,10.705475407074577,2025-11-25,10.69111523138795,10.44439704,10.4637744,10.28937816,0.0303124019812004,-0.0013413860796069,0.0065359477124182,10.39595364,10.47346308,10.30875552,10.35719892,105487600,1129290364.0,47,2025-11-24 14:55:00,10.70543233517494,-0.004655493482309092,-0.019266055045871533,-0.012927054478301003,-0.022851919561243106,-0.041255605381165905,-0.021778916544655913,-0.002209016520954621,-1.3136146234837207,-0.06957277803867007,0.01590271281571563,asof1455,14:55
2025-11-25,10.35719892,10.4637744,10.28937816,10.44439704,105925970.0,0.0,0.0,10.52642997940872,10.507720558101168,0.1743962400000001,0.0166975881261579,47.15253186712904,0.910946418829138,0.8888888888837919,10.89007632,10.73505744,10.73505744,450026894.0,539544976.35,186239187.15721023,4490.4047,-0.0170281998605662,0.0046598322460391,0.0216880321066054,-0.4703825002663528,0.107281104841746,-2.5555555555409017,0.8888888888837919,-0.0932711992267153,-0.4806619042770791,0.0216880321066054,0.0166666666666666,-0.3898107684590045,-0.3796201871844394,-0.7355511692144032,1.3008601658622043,-0.2443813022082743,-0.4335364608339904,0.7128276665799861,-2.087319066037972,0.0,,,,,,,,,,,,,,,0.020753043330586,0.1,1132467072.0,105926000,48,10.69111523138795,2025-11-26,10.715916765602772,10.3668876,10.50252912,10.30875552,0.0259966874643797,0.0023198266671009,-0.0074211502782931,10.35719892,10.44439704,10.28937816,10.44439704,101755500,1087491203.0,47,2025-11-25 14:55:00,10.687296539253406,0.006535947712418277,-0.014625228519195566,0.004659832246039164,-0.014625228519195566,-0.02619692863595302,-0.012504007694774,0.00688066253619346,-0.7289700135055075,0.21964143631830146,0.014842300556586278,asof1455,14:55
2025-11-26,10.43470836,10.50252912,10.30875552,10.3668876,115562778.0,0.0,0.0,10.51123546708408,10.503103084065064,0.1771644342857143,0.0170894526034696,44.3366637226679,1.033064596939617,0.2999999999984518,10.89007632,10.73505744,10.73505744,334464116.0,550182806.2,167168694.243031,4517.6255,-0.0154015256482574,-0.018348623853211,-0.0029470982049535,-0.8147677476308542,0.0459030225324804,-2.953124999983331,0.2999999999984518,0.03252972152179,-1.290425167085332,-0.0029470982049535,0.05,-0.6040113749504635,-0.4052509338922079,-1.0320375030959923,-0.6546070139653117,0.2301705319964084,-1.0036259473602869,0.0828372825698368,-1.9349452276145955,1.0,,,,,,,,,,,,,,,0.020753043330586,0.1,1238361346.0,115562800,48,10.715916765602772,2025-11-27,10.742595013212537,10.49284044,10.5122178,10.28937816,0.0362411002905573,0.002489590782881,0.0121495327102802,10.43470836,10.50252912,10.30875552,10.34751024,113450800,1215773688.0,47,2025-11-26 14:55:00,10.71630775631375,-0.00927643784786647,-0.005586592178770999,-0.020183486238532167,0.015209125475285079,-0.030852994555353952,-0.020946967960764562,-0.0020090641498856643,-1.2059306876516356,-0.06472124751106136,0.018726591760299637,asof1455,14:55
2025-11-27,10.35719892,10.5122178,10.28937816,10.49284044,109782063.0,0.0,0.0,10.50948355974274,10.502766603931782,0.1820087742857143,0.0173459965703716,49.60345502595301,0.9837156387087796,0.9130434782567722,10.83194424,10.63817064,10.63817064,444246179.0,560555985.15,153257670.21655625,4515.4027,-0.0108534854600653,-0.0100548446069469,0.0007986408531184,-0.091441304453393,0.0369045714267448,-1.863117870712197,0.9130434782567722,-0.0164184087461634,-0.7589167053476137,0.0007986408531184,0.1,-0.1145531379567905,-0.3993492139218366,-0.1619156067101855,1.390654971931771,0.055008095310145,-0.6049615986355944,0.1850785963935466,-1.7401899772354417,0.0,,,,,,,,,,,,,,,0.020632232928472,0.1,1179344640.0,109782100,48,10.742595013212537,2025-11-28,10.775439843250943,10.38626496,10.52190648,10.38626496,0.0269325932160029,0.0030574391008888,-0.0101569713758079,10.35719892,10.5122178,10.28937816,10.48315176,107993100,1159977728.0,47,2025-11-27 14:55:00,10.741220763178388,0.01121495327102795,0.010270774976657293,-0.010968921389396757,0.025592417061611306,0.0009250693802034249,-0.008930615983512635,0.011577356373778658,-0.5587530174606674,0.3757122883911765,0.0212569316081331,asof1455,14:55
2025-11-28,10.4637744,10.52190648,10.38626496,10.38626496,81404030.0,0.0,0.0,10.497748455005336,10.498946877901233,0.1806246771428572,0.0173907249466934,45.66609799611967,0.7623843627528728,0.0,10.8028782,10.52190648,10.52190648,362842149.0,557964950.05,156113733.34197488,4526.6616,0.016403331088262,-0.0018621973929237,-0.0182655284811857,-0.6172107641556963,-0.0066348791031586,-2.306513409948916,0.0,-0.2713044374074827,-1.249875951800946,-0.0182655284811857,0.1166666666666666,-0.4555474357876647,-0.4147091232910391,-0.5048981931999451,-1.655410319658834,-0.8848128773599366,-0.949252250801338,-0.3050231877371858,-1.649194733378876,1.0,,,,,,,,,,,,,,,0.0204447445904261,0.1,877163905.0,81404000,48,10.775439843250943,2025-12-01,10.71396973492599,10.43470836,10.44439704,10.32813288,0.0315517441725259,-0.0057046495752519,0.0046641791044776,10.4637744,10.52190648,10.39595364,10.39595364,78070000,841381308.0,47,2025-11-28 14:55:00,10.777267939029077,-0.009233610341643606,-0.004638218923933235,-0.0009310986964617962,-0.004638218923933235,-0.02631578947368418,-0.01843296894296298,0.003131865563502201,-1.3038657703849086,0.10160098259995631,0.012115563839701776,asof1455,14:55
2025-12-01,10.33782156,10.44439704,10.32813288,10.43470836,152708947.0,0.0,0.0,10.4917446364334,10.49684069698644,0.1813167257142858,0.0173763098554168,47.69831712746775,1.426377615129631,0.9166666666587824,10.73505744,10.52190648,10.52190648,515551096.0,555659010.95,156382354.53224683,4576.4856,0.0288750943728617,0.0056022408963585,-0.0232728534765032,-0.3145670991376847,-0.0281058492145962,-1.6564885496091846,0.9166666666587824,0.3551380941806349,-0.2564734050076576,-0.0232728534765032,0.1166666666666666,-0.2443778514374163,-0.4165952778063675,0.0163371628475898,1.404806850204212,1.4325062594122684,-0.2080200430414173,-0.4264378167273953,-1.6177847671598262,1.0,,,,,,,,,,,,,,,0.0201559395734133,0.1,1620065792.0,151210600,48,10.71396973492599,2025-12-02,10.879312108194297,10.6091046,10.62848196,10.39595364,0.0426081623803327,0.0154324099618567,0.0167130919220055,10.33782156,10.44439704,10.32813288,10.43470836,148699900,1593018752.0,47,2025-12-01 14:55:00,10.712977964342949,0.004664179104477695,0.006542056074766434,0.0056022408963585235,-0.013736263736263798,-0.005540166204986208,-0.014503362767076977,0.007342281251461413,-1.0031896731857344,0.24003076610807839,0.011142061281337053,asof1455,14:55
2025-12-02,10.40564232,10.62848196,10.39595364,10.6091046,174353012.0,0.0,0.0,10.502921775820695,10.5005214806918,0.1882372114285715,0.0177429876059996,54.32192505484696,1.6125994391722065,0.9166666666627244,10.73505744,10.62848196,10.62848196,689904108.0,554411630.6,155202629.82395762,4554.3347,0.014237024114998,0.015769944341373,0.0015329202263749,0.5640905077848067,0.0127514379896937,-0.6691176470552689,0.9166666666627244,0.4778474354901098,0.8730037471251978,0.0015329202263749,0.1416666666666666,0.3512794460503892,-0.3806834147829958,0.8029407484443708,1.4006145519104352,1.848564488853752,0.6424641825520171,0.2207654446770803,-1.506798397229109,0.0,,,,,,,,,,,,,,,0.0198807736058013,0.1,1896840704.0,174353000,48,10.879312108194297,2025-12-03,10.934106109606793,10.42501968,10.72536876,10.42501968,0.0306342073021688,0.0050365318016041,-0.0173515981735159,10.40564232,10.62848196,10.40564232,10.6091046,172252400,1873844096.0,47,2025-12-02 14:55:00,10.878478883313091,0.01671309192200554,0.011080332409972415,0.01576994434137302,-0.014401440144014455,0.021455223880596952,0.0026554344840217237,0.024273888031429935,0.17930294755264897,0.7942873796964809,0.021004566210045674,asof1455,14:55
2025-12-03,10.58003856,10.72536876,10.42501968,10.42501968,141370759.0,0.0,0.0,10.495502528599678,10.498046011816658,0.1937736000000001,0.0185873605947937,47.48582072696328,1.3105838502155305,0.0,10.73505744,10.72536876,10.72536876,548533349.0,538776477.2,138340353.89100707,4531.0486,0.0029712732939017,0.005607476635514,0.0026362033416122,-0.363738138731561,-0.0131260564750165,-1.599999999991743,0.0,0.2704727251114536,0.0705280240043842,0.0026362033416122,0.2,-0.2609443252279311,-0.3853248623863487,0.0732729115141058,-1.6212652805779006,1.0798523843938277,0.0576786904986475,0.2536953546680215,-1.2969996048762362,0.0,,,,,,,,,,,,,,,0.0197088454268858,0.1,1545763328.0,141370800,48,10.934106109606793,2025-12-04,10.735167416262964,10.3668876,10.49284044,10.34751024,0.0297503262135774,-0.0181943262073375,-0.0055762081784386,10.58003856,10.72536876,10.42501968,10.43470836,136875400,1497373568.0,47,2025-12-03 14:55:00,10.939683595445201,-0.016438356164383605,0.004664179104477695,0.006542056074766434,-0.03147482014388492,-0.011019283746556474,-0.013103637863098982,0.00707539818595504,-0.9163842939079181,0.23042645505846068,0.02878365831012072,asof1455,14:55
2025-12-04,10.4637744,10.49284044,10.34751024,10.3668876,103789245.0,0.0,0.0,10.483253487780662,10.49374573601939,0.1930815514285715,0.0186248331108126,45.536963902631065,0.965840877937896,0.1333333333324158,10.73505744,10.72536876,10.72536876,444744104.0,523549874.4,130892332.16424976,4546.5664,0.0069016435676934,-0.0120036934441366,-0.01890533701183,-0.6026774019531697,-0.0543410189168464,-1.9068100358324185,0.1333333333324158,-0.0347561809694593,-0.6020655992370191,-0.01890533701183,0.2083333333333333,-0.4110257989005665,-0.3990130201537312,-0.161982566115984,-1.160821740934315,-0.0424793690123751,-0.438560986049723,-0.3026180269894553,-1.2557593026536362,0.0,,,,,,,,,,,,,,,0.0196597815825073,0.1,1114194438.0,103789200,48,10.735167416262964,2025-12-05,10.555968872709398,10.18280268,10.39595364,10.15373664,0.0182389623583261,-0.0166926640829181,-0.0177570093457943,10.4637744,10.48315176,10.34751024,10.34751024,102206900,1097277436.0,47,2025-12-04 14:55:00,10.735844996766364,-0.0074349442379182396,-0.00835654596100277,-0.013850415512465353,-0.037837837837837895,-0.006511627906976791,-0.01973382285452041,-0.0011379046965847017,-1.4159760139226025,-0.03714942488915342,0.013108614232209744,asof1455,14:55
2025-12-05,10.35719892,10.39595364,10.15373664,10.18280268,152978316.0,0.0,0.0,10.454639125134884,10.483550881723673,0.1965417942857144,0.0193013456571953,39.94611712017415,1.3875930933465177,0.1199999999995045,10.72536876,10.72536876,10.72536876,291765788.0,505536010.1,136634444.1589285,4584.5368,0.012785404590438,-0.0195895522388059,-0.032374956829244,-1.3830974023689335,-0.1471023335963379,-2.7605633802676444,0.1199999999995045,0.3275706586915268,-1.5645412356737065,-0.032374956829244,0.3083333333333333,-0.9297223908921312,-0.4445237173599261,-0.8400615857034774,-1.1850365615592489,1.282490500796622,-1.1599618079458471,-0.640886796755998,-0.9304454596512226,0.0,,,,,,,,,,,,,,,0.0195702449061846,0.1,1614834173.0,152978300,48,10.555968872709398,2025-12-08,10.488663223349947,10.14404796,10.21186872,10.10529324,0.0300369704649867,-0.0063760750122573,-0.0038058991436726,10.35719892,10.39595364,10.15373664,10.18280268,149280500,1575982599.0,47,2025-12-05 14:55:00,10.557189981276858,-0.017757009345794383,-0.040182648401826504,-0.019589552238805985,-0.04972875226039786,-0.024141132776230312,-0.03356321839080456,-0.01696077820041164,-2.435770322762158,-0.5538221859439246,0.02378686964795434,asof1455,14:55
2025-12-08,10.18280268,10.21186872,10.10529324,10.14404796,117214695.0,0.0,0.0,10.425059014169658,10.47241963838847,0.1937736000000001,0.0191021967526246,38.86429614002663,1.0541541835335952,0.3636363636329516,10.72536876,10.72536876,10.72536876,174551093.0,476746553.35,142552565.82384768,4621.7545,0.0098916295071485,-0.0278551532033426,-0.0377467827104911,-1.4502029903361866,-0.2444121604726687,-2.9999999999845177,0.3636363636329516,0.0527387236081539,-2.1198879066366523,-0.0377467827104911,0.275,-0.9605531506242394,-0.4929691098871901,-1.0195122617345669,-0.3858950726805264,0.2792357613346872,-1.5594458211706943,-0.7683646174175521,-1.0261536414273926,0.0,,,,,,,,,,,,,,,0.0194772739080468,0.1,1220874106.0,116399400,48,10.488663223349947,2025-12-09,10.511205224818283,10.173114,10.26031212,10.0762272,0.0361943541933218,0.0021491777348854,0.0028653295128939,10.18280268,10.21186872,10.10529324,10.15373664,115554300,1212018680.0,47,2025-12-08 14:55:00,10.488737156471027,-0.0028544243577545148,-0.026022304832713727,-0.02692664809656453,-0.05755395683453235,-0.016885553470919357,-0.03387877391103955,-0.019369327219986743,-2.2512250991875367,-0.6309597529825697,0.010496183206106876,asof1455,14:55
2025-12-09,10.15373664,10.26031212,10.0762272,10.173114,127043178.0,0.0,0.0,10.401064250915406,10.462606338769175,0.1930815514285715,0.0189795918367328,40.17294874292417,1.122009907741718,0.5263157894708251,10.72536876,10.72536876,10.72536876,301594271.0,458626322.6,140618759.61978397,4598.2232,0.0096366435255625,-0.0410958904109589,-0.0507325339365215,-1.1805905288603031,-0.3187362407133853,-2.860215053748627,0.5263157894708251,0.1151216374908552,-1.1167219226267933,-0.0507325339365215,0.25,-0.7617989269533352,-0.5270736687717144,-0.8905665501069309,0.1645951291803467,0.5010224560884515,-0.7739921976340685,-1.0933793058358336,-1.0988667796589242,0.0,,,,,,,,,,,,,,,0.0193704439775147,0.1,1325926523.0,126144100,48,10.511205224818283,2025-12-10,10.425379527348444,10.04716116,10.29906684,9.99871776,0.0247972771511697,-0.0081651623799707,-0.0123809523809523,10.15373664,10.26031212,10.0762272,10.173114,125260800,1316645241.0,47,2025-12-09 14:55:00,10.511231295026057,0.002865329512893977,-0.01869158878504673,-0.04109589041095896,-0.05405405405405406,-0.015932521087160256,-0.029126213592232997,-0.017206682994555633,-1.8495842514260707,-0.5583703694828152,0.018095238095238105,asof1455,14:55
2025-12-10,10.18280268,10.29906684,9.99871776,10.04716116,107673438.0,0.0,0.0,10.367359194637748,10.448985185366908,0.1972338428571429,0.0196308031409265,36.52440629841651,0.9471261740214308,0.1612903225801081,10.72536876,10.49284044,10.49284044,193920833.0,430194899.35,133604942.99016528,4591.8273,0.0134138265477885,-0.0362453531598513,-0.0496591797076398,-1.6234436747655174,-0.413853877946636,-3.438596491210636,0.1612903225801081,-0.0543229591680253,-1.7684530307190227,-0.0496591797076398,0.3416666666666667,-1.057582450974534,-0.5747074933216302,-1.3442981402789969,-1.0555644571243394,-0.1210869115584617,-1.2561640649465282,-1.0473379450333995,-0.8070220648837857,0.0,,,,,,,,,,,,,,,0.0193704439775147,0.1,1122536060.0,107673400,48,10.425379527348444,2025-12-11,10.401644836706392,10.08591588,10.13435928,10.03747248,0.0352819737895389,-0.0022766260527773,0.0038572806171648,10.18280268,10.28937816,9.99871776,10.03747248,105949800,1104662520.0,47,2025-12-10 14:55:00,10.426282258201526,-0.013333333333333308,-0.014272121788772574,-0.03717472118959109,-0.0691823899371069,-0.047794117647058876,-0.03940658321743162,-0.030053365789720066,-2.4954708154161183,-0.9725233827083226,0.028957528957528973,asof1455,14:55
2025-12-11,10.06653852,10.13435928,10.03747248,10.08591588,82348597.0,0.0,0.0,10.340555069434153,10.437081273715531,0.1868531142857143,0.0185261424454489,38.37886310075657,0.7322686276133189,0.4999999999948393,10.72536876,10.39595364,10.39595364,276269430.0,411225886.95,127018175.88400032,4552.1848,0.0012357457267093,-0.0271028037383177,-0.0283385494650271,-1.3627773366593452,-0.5165886833080381,-3.422222222203907,0.4999999999948393,-0.3116078547268169,-1.0624972057010904,-0.0283385494650271,0.175,-0.860218865319959,-0.6278066663437536,-1.3087076778063451,0.0867924560328068,-1.066582791502063,-0.698158325397607,-0.472098089211292,-1.321454709957549,0.0,,,,,,,,,,,,,,,0.0193031824811064,0.1,856560890.0,82348600,48,10.401644836706392,2025-12-12,10.386942123959551,10.06653852,10.13435928,10.00840644,0.0298461981580151,-0.0014134988242394,-0.0019212295869356,10.06653852,10.13435928,10.03747248,10.05684984,79055200,822316932.0,47,2025-12-11 14:55:00,10.401806990558496,0.0009643201542912649,-0.008595988538681931,-0.029906542056074792,-0.05893019038984593,-0.04066543438077641,-0.03414906485530855,-0.027406886858749258,-2.111113820198187,-0.8826213745740156,0.009633911368015419,asof1455,14:55
2025-12-12,10.09560456,10.13435928,10.00840644,10.06653852,198940738.0,0.0,0.0,10.314458255202329,10.42493233097076,0.1840849200000001,0.018286814244464,37.78446432400003,1.6878732560124778,0.4615384615347971,10.72536876,10.29906684,10.314458255202329,77328692.0,386848951.4,141185916.738026,4580.95,-0.0007823691152397,-0.011417697431018,-0.0106353283157782,-1.3467683023736103,-0.6001256146773527,-3.578947368401611,0.4615384615347971,0.5234693080540583,-2.1922884842283707,-0.0106353283157782,0.1583333333333333,-0.8371761043977388,-0.6693667527755209,-1.4171344690559824,-0.0314977419942567,1.9473905553836404,-1.5445636673384522,0.008142444165443,-1.363717702739691,0.0,,,,,,,,,,,,,,,0.0192497693842149,0.1,2066385537.0,198940700,48,10.386942123959551,2025-12-15,10.379409639670772,10.05684984,10.11498192,9.99871776,0.0310803081962252,-0.0007251878559527,-0.0009624639076034,10.09560456,10.13435928,10.01809512,10.05684984,193175100,2006494079.0,47,2025-12-12 14:55:00,10.386918805788117,-0.0028818443804035088,-0.011428571428571455,-0.01236917221693623,-0.056363636363636394,-0.03531598513011158,-0.0313549832026877,-0.026783760977591498,-1.9103864838693188,-0.8591155996834712,0.011560693641618503,asof1455,14:55
2025-12-15,10.06653852,10.11498192,9.99871776,10.05684984,115458339.0,0.0,0.0,10.289924120421157,10.412864052578277,0.1799326285714286,0.0178915496834554,37.47196651654922,0.9782892069487444,0.4999999999956994,10.72536876,10.29906684,10.29906684,-38129647.0,362316092.05,167768466.94819313,4552.0596,-0.0150797494760919,-0.0085959885386819,0.0064837609374099,-1.2953419414274552,-0.6832553558102042,-3.715384615363967,0.4999999999956994,-0.0219499400351526,-2.386895143851184,0.0064837609374099,0.1333333333333333,-0.7881949153587581,-0.7117157082050469,-1.5060555473244317,0.1126549524814613,-0.008376789265575,-1.6643375674786829,0.4756417561956062,-1.430433867355989,0.0,,,,,,,,,,,,,,,0.0191716390228956,0.1,1198388992.0,115458300,48,10.379409639670772,2025-12-16,10.407709575763022,10.0277838,10.173114,9.98902908,0.0348876379129692,0.0027265458320562,-0.0028901734104046,10.06653852,10.11498192,9.99871776,10.06653852,113628500,1179382788.0,47,2025-12-15 14:55:00,10.379286781045248,0.0,0.0019286403085825299,-0.00764087870105068,-0.04062788550323182,-0.013295346628679927,-0.027654297880305156,-0.025282611754772755,-1.67067179529643,-0.8065654538863055,0.011549566891241585,asof1455,14:55
2025-12-16,10.05684984,10.173114,9.98902908,10.0277838,97926518.0,0.0,0.0,10.26495837561914,10.400238470526528,0.1792405800000001,0.0178743961352639,36.49676577356762,0.8238262173403917,0.21052631578833,10.72536876,10.29906684,10.29906684,-136056165.0,336935962.8,199791373.4963365,4497.5545,-0.0218929563923735,-0.0142857142857143,0.0076072421066591,-1.3232191929853043,-0.7547403322764961,-3.8918918918701775,0.21052631578833,-0.1937956726014013,-2.3674301824081163,0.0076072421066591,0.125,-0.7974387735378299,-0.7476132846696749,-1.6265564187702022,-0.8647288389006536,-0.6240456181590277,-1.6218931762571316,0.5105362167239956,-1.445752808621645,0.0,,,,,,,,,,,,,,,0.0191359246068368,0.1,1019189531.0,97926400,48,10.407709575763022,2025-12-17,10.338191632154263,10.00840644,10.0762272,9.95027436,0.0309547790763364,-0.0066794661306313,-0.0019323671497584,10.05684984,10.173114,9.98902908,10.01809512,96262100,1001972193.0,47,2025-12-16 14:55:00,10.408792172620377,-0.003853564547206201,-0.00672430355427478,-0.015238095238095273,-0.0363466915191053,-0.007677543186180413,-0.030291662759073468,-0.029745707047011405,-1.741473975298398,-0.94443584378714,0.01837524177949711,asof1455,14:55
2025-12-17,10.0277838,10.0762272,9.95027436,10.00840644,109815556.0,0.0,0.0,10.240524857941129,10.387391518705986,0.1723200942857143,0.0172175356105639,35.827350442763645,0.9138910444165942,0.4615384615347971,10.72536876,10.173114,10.240524857941129,-245871721.0,301868981.9,234451804.4666496,4579.875,-0.0026029506815292,-0.0038572806171649,-0.0012543299356356,-1.3470188656867677,-0.8522898120081994,-4.16064257025698,0.4615384615347971,-0.0900439220554258,-2.3362614083779225,-0.0012543299356356,0.0583333333333333,-0.8030975253641882,-0.8024050198164624,-1.813196096175404,0.0040227678679372,-0.2346687886836268,-1.570493877540138,0.2760671966993446,-1.632270977409839,1.0,,,,,,,,,,,,,,,0.0191144805158708,0.1,1135294717.0,109815600,48,10.338191632154263,2025-12-18,10.477853671656751,10.2700008,10.2700008,9.9793404,0.046905292512956,0.0135093297234021,0.0261374636979669,10.0277838,10.0762272,9.95027436,9.98902908,105898700,1094861565.0,47,2025-12-17 14:55:00,10.338763034862563,-0.0038647342995169476,-0.007699711260827691,-0.005785920925747368,-0.05412844036697251,-0.0029013539651837617,-0.03137918075911306,-0.03245483694377094,-1.6975104009089972,-1.0274549996832527,0.012609117361784682,asof1455,14:55
2025-12-18,10.01809512,10.2700008,9.9793404,10.2700008,130872816.0,0.0,0.0,10.243332090518162,10.383542642682835,0.1833928714285715,0.0178571428571411,49.3371607383852,1.0747847406756876,0.9999999999965596,10.49284044,10.2700008,10.2700008,-114998905.0,268405903.1,243622010.53361592,4552.7926,0.0001335183053201,0.0182516810758885,0.0181181627705684,0.145418462963972,-0.7645365442599537,-1.215094339616016,0.9999999999965596,0.0721204002967554,-1.573769165028282,0.0181181627705684,0.1166666666666666,0.3614200594410624,-0.7310122306801478,0.6444580612052647,1.841184878497094,0.371741305871422,-0.9693309809204824,0.7979420311480265,-1.440823682353309,0.0,,,,,,,,,,,,,,,0.019077217262275,0.1,1371266048.0,130872800,48,10.477853671656751,2025-12-19,10.53609300729836,10.173114,10.29906684,10.15373664,0.0259096578939272,0.0055583268736754,-0.0094339622641509,10.01809512,10.2700008,9.9793404,10.26031212,127861300,1339363968.0,47,2025-12-18 14:55:00,10.475131787335183,0.02516940948693125,0.020231213872832443,0.01729106628242083,-0.03199268738574046,0.028155339805825186,-0.0024021478027411725,-0.006162605186598613,-0.12821559687600262,-0.19500067009771008,0.02832861189801701,asof1455,14:55
2025-12-19,10.2215574,10.29906684,10.15373664,10.173114,144278972.0,0.0,0.0,10.236644653325955,10.376643342922744,0.1854690171428572,0.018231292517005,45.515277669099234,1.164160426698853,0.1333333333324158,10.39595364,10.29906684,10.29906684,-259277877.0,232775435.55,265131644.7521993,4568.1781,-0.002788046147633,0.0105871029836381,0.0133751491312712,-0.3425405186499696,-0.7548359923005278,-1.2014925373069547,0.1333333333324158,0.1520001634368871,-1.8558830011026752,0.0133751491312712,0.15,0.0065217737723827,-0.7132071404901195,0.6882139245716135,-1.1064882428820386,0.6684911005042177,-1.172413027406003,0.6735482803509965,-1.3245962859537312,0.0,,,,,,,,,,,,,,,0.0190391058989488,0.1,1520136963.0,144279000,48,10.53609300729836,2025-12-22,10.436150677696286,10.08591588,10.24093476,10.05684984,0.025856063118558,-0.0094857106455726,-0.0085714285714285,10.2215574,10.29906684,10.15373664,10.2215574,106360200,1121946118.0,47,2025-12-19 14:55:00,10.54855216518961,-0.004716981132075526,0.019323671497584627,0.015399422521655382,-0.017690875232774683,0.036345776031434296,-0.004576119262159728,-0.010380839222062566,-0.26297887618774374,-0.33168902147846885,0.014218009478672994,asof1455,14:55
2025-12-22,10.20218004,10.24093476,10.05684984,10.08591588,108108860.0,0.0,0.0,10.222289532056818,10.367111294958065,0.1820087742857143,0.0180458350487151,42.33660053134012,0.8727053912293573,0.1578947368412475,10.29906684,10.29906684,10.29906684,-367386737.0,197201052.5,293971624.08757,4611.6235,0.0130850439655931,0.0028901734104045,-0.0101948705551886,-0.7492696579671032,-0.795685611689853,-1.1711026615905238,0.1578947368412475,-0.1361572471885963,-1.920551996310424,-0.0101948705551886,0.1416666666666666,-0.3144688285858767,-0.7303253364111716,0.7075640349965252,-1.0217603011301848,-0.3842760672239149,-1.202954071902002,0.0359331769873353,-1.3260769009369486,0.0,,,,,,,,,,,,,,,0.0190027829313525,0.1,1128240770.0,108108900,48,10.436150677696286,2025-12-23,10.40534565113724,10.06653852,10.13435928,10.04716116,0.0316708740126079,-0.0029517613831391,-0.0019212295869356,10.20218004,10.23124608,10.05684984,10.08591588,106512400,1111617286.0,47,2025-12-22 14:55:00,10.43650585283967,-0.008571428571428563,0.007744433688286589,0.0028901734104045396,-0.02801120448179273,0.014619883040935644,-0.01667217682898048,-0.02400150009375579,-0.966448876739978,-0.7794500404445144,0.017291066282420758,asof1455,14:55
2025-12-23,10.0762272,10.13435928,10.04716116,10.06653852,75911827.0,0.0,0.0,10.20745610233712,10.35725644987747,0.1667837057142858,0.0165681286951722,41.64064917916961,0.620310546543261,0.2222222222196737,10.29906684,10.29906684,10.29906684,-443298564.0,152534779.6,318967368.9646474,4620.7341,0.0273881283706511,0.0038647342995168,-0.0235233940711343,-0.8449121677250606,-0.8981713585143111,-1.3941908713609352,0.2222222222196737,-0.4775350448208886,-1.8680072056713704,-0.0235233940711343,0.0083333333333333,-0.3822568110647836,-0.792939670468122,0.5079348919866202,-0.7869703261724968,-1.650075698618329,-1.1423183141299158,-0.3236159511840131,-1.6933756983944388,0.0,,,,,,,,,,,,,,,0.0189558464895374,0.1,789888518.0,75911800,48,10.40534565113724,2025-12-24,10.300948701591526,9.99871776,10.06653852,9.91151964,0.0232860760554192,-0.0100330112084555,-0.0067372473532242,10.0762272,10.13435928,10.04716116,10.05684984,74476900,774982660.0,47,2025-12-23 14:55:00,10.405678270712126,-0.0028818443804035088,-0.02075471698113207,0.0028985507246377384,-0.03710575139146566,0.025691699604743157,-0.018114742467956302,-0.027042227117214268,-1.0397364096348805,-0.8852466780347712,0.008670520231213877,asof1455,14:55
2025-12-24,10.05684984,10.06653852,9.91151964,9.99871776,127286612.0,0.0,0.0,10.187576260209775,10.34550108299624,0.1674757542857143,0.0167497231450703,39.2111054831313,1.0351591506520887,0.5624999999963713,10.29906684,10.29906684,10.29906684,-570585176.0,107282315.0,352395525.29658407,4634.0586,0.0118308032424465,-0.0009680542110358,-0.0127988574534824,-1.127676665879983,-0.9429712584909504,-1.7933884297413578,0.5624999999963713,0.03455518364211,-1.923598463486423,-0.0127988574534824,0.0333333333333333,-0.6040319488409368,-0.8140134359600573,0.1662103930059514,0.3890969507845459,0.2698715140339856,-1.1659515050008054,-0.0289928509673693,-1.5872614568115466,0.0,,,,,,,,,,,,,,,0.0188552229067709,0.1,1311172737.0,127286600,48,10.300948701591526,2025-12-25,10.357115329285657,9.99871776,10.10529324,9.96965172,0.0358443530348893,0.0054525684304642,0.0,10.05684984,10.05684984,9.91151964,9.99871776,125910300,1296971390.0,47,2025-12-24 14:55:00,10.300756888038547,-0.006737247353224229,-0.017142857142857126,-0.0009680542110358514,-0.03551401869158877,0.010773751224289807,-0.021986353297953065,-0.033074112245854215,-1.2768084757292297,-1.102760704015426,0.014534883720930241,asof1455,14:55
2025-12-25,9.99871776,10.10529324,9.96965172,9.99871776,95386320.0,0.0,0.0,10.169589736380276,10.334131137979972,0.15986322,0.0159883720930216,39.21110548309497,0.7802974371927694,0.2142857142841344,10.29906684,10.29906684,10.29906684,-570585176.0,56540747.25,372700796.93632114,4642.5357,0.0197116600479452,-0.0264150943396226,-0.0461267543875678,-1.068863597137648,-1.0292636517559586,-1.8787878787761263,0.2142857142841344,-0.2480801022518849,-1.6826524880148013,-0.0461267543875678,0.0083333333333333,-0.5419294835468138,-0.8675938426838843,0.0983279547316934,-0.800097982331644,-0.7980617731683208,-0.962040264359001,-0.9165508081971014,-1.6279254122393585,0.0,,,,,,,,,,,,,,,0.0188552229067709,0.1,982742138.0,94885700,48,10.357115329285657,2025-12-26,10.263239100503858,9.92120832,10.01809512,9.91151964,0.026455526283788,-0.0090639358351408,-0.0077519379844961,9.99871776,10.10529324,9.9793404,10.00840644,93874800,972298040.0,47,2025-12-25 14:55:00,10.357391333989526,0.0009689922480620172,-0.007684918347742542,-0.025471698113207597,-0.046168051708217916,0.013738959764475034,-0.019272761796259363,-0.03230339271495253,-1.0968807379851364,-1.0852172945549134,0.01258470474346564,asof1455,14:55
2025-12-26,9.99871776,10.01809512,9.91151964,9.92120832,95586453.0,0.0,0.0,10.145934363391678,10.320592684931448,0.15986322,0.0161132812499983,36.396436054459045,0.7774248485371726,0.0909090909082379,10.29906684,10.24093476,10.24093476,-666171629.0,5090058.35,397093618.8762414,4657.24,0.0194961531819435,-0.0247619047619047,-0.0442580579438482,-1.4057395027466129,-1.092548502017395,-2.3636363636215783,0.0909090909082379,-0.2517682974304199,-1.6904368527745246,-0.0442580579438482,0.0166666666666666,-0.816494797461892,-0.9058540433506442,-0.3110846334692507,-1.2042944315020705,-0.8197929002675075,-0.9526622092468762,-0.8572658964099943,-1.5711090637975649,1.0,,,,,,,,,,,,,,,0.0188348868630832,0.1,980985025.0,95582400,48,10.263239100503858,2025-12-29,10.25113715384267,9.99871776,10.00840644,9.84369888,0.0332549043625636,-0.0011791547037615,0.0078125,9.99871776,10.01809512,9.91151964,9.91151964,93441200,959056188.0,47,2025-12-26 14:55:00,10.263740063269735,-0.008720930232558155,-0.015399422521655493,-0.02571428571428569,-0.04570895522388063,0.014880952380952328,-0.02640970735189163,-0.04186569261028383,-1.564560121206973,-1.4196247905456179,0.010752688172043017,asof1455,14:55
2025-12-29,9.91151964,10.00840644,9.84369888,9.99871776,121458461.0,0.0,0.0,10.131913734497234,10.310039408704188,0.1584791228571429,0.0158499446290128,40.96044091555812,1.000562857926324,0.9411764705825212,10.29906684,10.13435928,10.13435928,-544713168.0,-47923154.85,396180006.0777283,4639.3721,0.0060171000516411,-0.0086455331412104,-0.0146626331928515,-0.8404638547656493,-1.1239693342219972,-1.89519650653826,0.9411764705825212,0.0005626995812157,-1.2539502386007146,-0.0146626331928515,0.0083333333333333,-0.3132971099046211,-0.920858688068776,0.1091065853279753,1.6950755325308402,0.1403986304356279,-0.5968189206833309,-0.0499348485685831,-1.5639559724576797,1.0,,,,,,,,,,,,,,,0.0188308134254642,0.1,1245087742.0,121458500,48,10.25113715384267,2025-12-30,10.379231319553565,10.11498192,10.13435928,9.930897,0.03805623567812,0.0124956054912286,0.0116279069767442,9.91151964,10.00840644,9.84369888,9.99871776,119305700,1222885638.0,47,2025-12-29 14:55:00,10.25001854898802,0.0078125,0.0,-0.008645533141210415,-0.04178272980501396,0.01775147928994092,-0.015595936471598293,-0.03367770529666958,-0.9111109722554604,-1.1585291864871268,0.016472868217054272,asof1455,14:55
2025-12-30,9.96965172,10.13435928,9.930897,10.11498192,123843402.0,0.0,0.0,10.130301180735591,10.303644081205688,0.1515586371428572,0.0149835796387505,47.09315165271116,1.0418858482011446,0.904761904757458,10.29906684,10.13435928,10.13435928,-420869766.0,-103461848.55,365525725.4503761,4651.2818,0.0066110058139896,0.0048123195380174,-0.0017986862759722,-0.1010781109165831,-1.14373488530093,-1.2146118721381045,0.904761904757458,0.0410323866593756,-0.8683599958906077,-0.0017986862759722,0.0083333333333333,0.3663640850420532,-0.9277552747694352,0.7152943583848959,1.542214276969191,0.2869419102227445,-0.2790294514326349,0.3104948817737903,-1.5342135204203151,0.0,,,,,,,,,,,,,,,0.0188308134254642,0.1,1285399296.0,123843400,48,10.379231319553565,2025-12-31,10.430563081444792,10.0762272,10.14404796,10.03747248,0.0311993796865621,0.0049456226873489,-0.0038314176245211,9.96965172,10.13435928,9.930897,10.11498192,122042700,1266592896.0,47,2025-12-30 14:55:00,10.378276586801176,0.011627906976744207,0.011627906976744207,0.004812319538017418,-0.046575342465753455,0.029585798816567976,-0.0020074562661314133,-0.02271592611083395,-0.12346747994586801,-0.7928721576486432,0.020114942528735642,asof1455,14:55
2025-12-31,10.08591588,10.14404796,10.03747248,10.0762272,81725298.0,0.0,0.0,10.125151277808394,10.296187790018616,0.1522506857142858,0.0151098901098886,45.40025255806329,0.705243511172715,0.3636363636329516,10.29906684,10.14404796,10.14404796,-502595064.0,-156018269.2,342866384.9327369,4629.9395,-0.0008888752507358,0.0077519379844961,0.008640813235232,-0.3213389652634056,-1.1233874672332584,-1.4636363636267502,0.3636363636329516,-0.3492121298900154,-1.010821737068191,0.008640813235232,0.0166666666666666,0.1812901210874536,-0.9019626563737476,0.5005596076926591,-0.2780496369349829,-1.1760010138063228,-0.3831535082291394,0.5943022914665562,-1.483738236791491,1.0,,,,,,,,,,,,,,,0.0187784671265773,0.1,852440897.0,81725300,48,10.430563081444792,2026-01-05,10.466678329512126,10.13435928,10.28937816,10.0762272,0.0387497345744769,0.0034624447199385,0.0057692307692307,10.08591588,10.14404796,10.03747248,10.10529324,78021500,813902584.0,47,2025-12-31 14:55:00,10.43177308818723,-0.0009578544061302763,0.0185546875,0.01065891472868219,-0.03066914498141271,0.039880358923230386,-0.0005270470988453235,-0.024108785827901436,-0.043020311270607035,-0.8602222046008138,0.01054650047938639,asof1455,14:55
2026-01-05,10.15373664,10.28937816,10.0762272,10.13435928,127178798.0,0.0,0.0,10.12602823039807,10.29088193723112,0.1584791228571429,0.0156378038787201,48.39683087735543,1.0865166800933792,0.2727272727259932,10.29906684,10.28937816,10.28937816,-375416266.0,-197026287.7,316601805.0057441,4717.7457,0.0162001985251292,0.0135658914728682,-0.0026343070522609,0.0525687513388562,-1.040223493542508,-1.03930131003711,0.2727272727259932,0.0829768727303095,-0.5634521834035768,-0.0026343070522609,0.025,0.5360536148852282,-0.8242254416494087,0.874454495074197,-0.585402824597403,0.4506182335168698,-0.0191759339455201,0.2853418687290783,-1.434858899028953,1.0,,,,,,,,,,,,,,,0.0187784671265773,0.1,1331139569.0,127178798,48,10.466678329512126,2026-01-06,10.51601241343336,10.2700008,10.27968948,10.0277838,0.03765932535928,0.004713442256282,0.0133843212237094,10.15373664,10.28937816,10.08591588,10.13435928,125308622,1311586518.0,47,2026-01-05 14:55:00,10.466849743188462,0.005769230769230749,0.013565891472868241,0.013565891472868241,-0.02242990654205612,0.047047047047046986,0.0040796736261099475,-0.021866184561195712,0.4086019053339737,-0.8075054529078095,0.020076481835564063,asof1455,14:55
2026-01-06,10.14404796,10.27968948,10.0277838,10.2700008,133551448.0,0.0,0.0,10.139739903693492,10.290197309780918,0.1681678028571429,0.0163746630727746,54.65093117454962,1.150507012346912,0.9615384615346446,10.29906684,10.28937816,10.28937816,-241864818.0,-223707818.0,296107140.9141679,4790.6938,0.0286551262120913,0.03515625,0.0065011237879086,0.7745887981683915,-0.8946861618590791,-0.1728395061718117,0.9615384615346446,0.140202725517657,-0.0613190210271326,0.0065011237879086,0.0583333333333333,1.2132061421021194,-0.6918582830393435,1.6250187152415037,1.7004942028972378,0.6660700650000113,0.3903921232130731,0.5324838767179162,-1.316543744074086,1.0,,,,,,,,,,,,,,,0.0187784671265773,0.1,1404428685.0,133551448,48,10.51601241343336,2026-01-07,10.62445762448152,10.30875552,10.34751024,10.2215574,0.0345138069007278,0.0103123890296696,0.0037735849056603,10.14404796,10.27968948,10.04716116,10.26031212,130482509,1371903703.0,47,2026-01-06 14:55:00,10.514081262799753,0.012428298279158811,0.014367816091954033,0.0341796875,0.007611798287345373,0.04644268774703564,0.0177310076401902,-0.01043451175829302,2.2415567252822832,-0.40387102586141815,0.02266288951841361,asof1455,14:55
2026-01-07,10.2700008,10.34751024,10.2215574,10.30875552,124287966.0,0.0,0.0,10.155836629056015,10.29080577568974,0.1640155114285715,0.0159103114930167,56.28125108425482,1.067452582739174,0.6923076923021957,10.28937816,10.34751024,10.34751024,-117576852.0,-238314215.25,283017266.51813567,4776.6658,0.0295931641266713,0.0310077519379845,0.0014145878113132,0.932344078990643,-0.822904769538701,0.1181434599148914,0.6923076923021957,0.065275046154394,0.4266077640258149,0.0014145878113132,0.0416666666666666,1.3466764355969054,-0.6188073502962522,1.840898842203656,0.7894476484490603,0.3913633697815588,0.778425630651213,0.3847810488382437,-1.3429532062733085,0.0,,,,,,,,,,,,,,,0.0186060968528032,0.1,1320492228.0,124287966,48,10.62445762448152,2026-01-08,10.547503175279514,10.19249136,10.32813288,10.15373664,0.0231596970959608,-0.0072431414310206,-0.0112781954887217,10.2700008,10.34751024,10.2215574,10.3184442,122604766,1302571778.0,47,2026-01-07 14:55:00,10.624152881626152,0.004716981132075526,0.024038461538461453,0.03197674418604657,0.017191977077363862,0.032977691561590694,0.023054755043227626,-0.005571290734227685,2.6666666666706513,-0.22405671251122308,0.012206572769953059,asof1455,14:55
2026-01-08,10.30875552,10.32813288,10.15373664,10.19249136,98414958.0,0.0,0.0,10.159327555812586,10.287582352224502,0.1674757542857143,0.0164312873438332,50.42455762816588,0.8557616393424775,0.2222222222209479,10.34751024,10.34751024,10.34751024,-215991810.0,-264193519.3,254713349.8304596,4737.6536,0.0185694618631793,0.0076628352490422,-0.0109066266141371,0.1980215245404298,-0.7658111286505807,-0.9256198347052168,0.2222222222209479,-0.1557634003292797,0.1892390380483931,-0.0109066266141371,0.075,0.6705487005734174,-0.5566794079207995,0.9308633619173152,-0.7797978190647633,-0.449151042467393,0.5886256694159687,0.0419440941615757,-1.2266594844676209,0.0,,,,,,,,,,,,,,,0.0185567515201213,0.1,1038032082.0,98414958,48,10.547503175279514,2026-01-09,10.420932738554738,10.0762272,10.2215574,10.0277838,0.0224127125043487,-0.0120000377929653,-0.0114068441064638,10.30875552,10.32813288,10.15373664,10.18280268,96821966,1021277470.0,47,2026-01-08 14:55:00,10.54799352039598,-0.012218045112782017,0.004780114722753304,0.006704980842911823,0.0009523809523810378,-0.019589552238805985,0.00878245428804525,-0.019147314554136763,0.8932570063481112,-0.7850198582641726,0.017126546146527127,asof1455,14:55
2026-01-09,10.19249136,10.2215574,10.0277838,10.0762272,139239039.0,0.0,0.0,10.151413236211388,10.280652675102388,0.1605552685714286,0.0159340659340643,45.3431385739575,1.194353973598534,0.2499999999987098,10.34751024,10.34751024,10.34751024,-355230849.0,-291651103.4,232477791.2791422,4758.9221,0.0278583769831115,0.0,-0.0278583769831115,-0.4682875677634374,-0.8049529613081393,-1.6896551724032691,0.2499999999987098,0.1776054313350185,-0.2734873952912696,-0.0278583769831115,0.05,0.0565213997796498,-0.5800185008522319,0.26857601183993,-0.6962405101793087,0.8100406916207634,0.2152309052874093,-0.4239227743548859,-1.2792907873308583,1.0,,,,,,,,,,,,,,,0.0184064783449564,0.1,1451000660.0,139239039,48,10.420932738554738,2026-01-12,10.423257126419967,10.173114,10.173114,9.99871776,0.0344404626386321,0.0002230498865642,0.0096153846153845,10.19249136,10.2215574,10.0277838,10.0762272,137159844,1429372699.0,47,2026-01-09 14:55:00,10.421218465369499,-0.011406844106463865,-0.018867924528301883,0.0,0.0028929604628735728,-0.0423572744014733,-0.0018714909544604863,-0.029111107653529533,-0.1887364382550899,-1.1877464358343655,0.019230769230769242,asof1455,14:55
2026-01-12,10.06653852,10.173114,9.99871776,10.173114,131072229.0,0.0,0.0,10.153479975619828,10.27712681690231,0.1626314142857143,0.0159863945578215,49.87618790630369,1.1012878425195751,0.999999999994266,10.34751024,10.34751024,10.34751024,-224158620.0,-316672505.9,193703195.6573493,4789.9155,0.0152975180497751,0.0038240917782026,-0.0114734262715725,0.1207271329852563,-0.7602887906053438,-1.0723404255253213,0.999999999994266,0.0964802609192346,0.4776063997604465,-0.0114734262715725,0.0583333333333333,0.5957338536132613,-0.5267072600367698,0.7895145134400043,1.785541247078028,0.504162261039797,0.80614530638217,0.0190845010023937,-1.2355849009602782,1.0,,,,,,,,,,,,,,,0.0182590533807345,0.1,1366199545.0,131072229,48,10.423257126419967,2026-01-13,10.585996372814066,10.2700008,10.34751024,10.13435928,0.0405856429814965,0.0156130894997881,0.0095238095238094,10.06653852,10.173114,9.99871776,10.173114,128445929,1338627755.0,47,2026-01-12 14:55:00,10.421721929388669,0.009615384615384581,-0.013157894736842146,0.003824091778202643,0.008645533141210304,-0.048913043478260865,0.007580846367910787,-0.019073569482289,0.7684403167397963,-0.770993206947277,0.01714285714285715,asof1455,14:55
2026-01-13,10.14404796,10.34751024,10.13435928,10.2700008,150482498.0,0.0,0.0,10.164577196989368,10.276893177003874,0.16470756,0.016037735849055,53.98598663632552,1.290650350171222,0.6363636363606509,10.34751024,10.34751024,10.34751024,-73676122.0,-324222746.6,180705386.76346505,4761.0324,-0.0061914622888233,0.0,0.0061914622888233,0.6400653558949774,-0.6819115043281894,-0.4705882352912605,0.6363636363606509,0.2551462387535184,1.3864922849696448,0.0061914622888233,0.075,1.0620619501129147,-0.4400754002363712,1.2846621106029223,0.5712420069303813,1.0892997634001302,1.5076391407038885,0.4935454723188041,-1.1672567842998611,0.0,,,,,,,,,,,,,,,0.01813856378286,0.1,1593007178.0,150482498,48,10.585996372814066,2026-01-14,10.210472974663189,10.12,10.34,10.12,-0.0057962824439907,-0.0354735997374097,-0.0146057242760877,10.14404796,10.34751024,10.13435928,10.25062344,147272769,1559004809.0,47,2026-01-13 14:55:00,10.585832123520404,0.007619047619047636,0.005703422053231932,-0.0018867924528301883,0.018286814244465877,-0.03730664240218384,0.014819433120713654,-0.010768103972199183,1.4829228972606752,-0.438882870979926,0.020793950850661637,asof1455,14:55
2026-01-14,10.33,10.34,10.12,10.12,151707767.0,0.0,0.0,10.160331749657043,10.271749138413584,0.1741934085714287,0.0172127874082422,47.4933261556416,1.2812421241055871,0.0,10.34751024,10.34751024,10.34751024,-225383889.0,-333585458.7,170184515.5533043,4741.9306,-0.0072718505866581,-0.0183102140344483,-0.0110383634477901,-0.2315343042401983,-0.6396188562451404,-1.306078352014125,0.0,0.2478300168461464,0.6357897447262741,-0.0110383634477901,0.1666666666666666,0.2611793234087132,-0.3851171803142958,0.5599315765841182,-1.507812152859323,1.044320673131694,0.8990208110085073,0.0166079995774222,-0.8836617788709459,0.0,,,,,,,,,,,,,,,0.0179686923660852,0.1,1549008055.0,151707767,48,10.210472974663189,2026-01-15,10.093033362129404,10.03,10.2,10.01,-0.00266468753662,-0.0115018778096965,-0.008893280632411,10.33,10.33,10.13,10.14,148596967,1517510345.0,47,2026-01-14 14:55:00,10.212256519340666,-0.012658304758846661,0.0063290355342524585,-0.01637011564321189,0.00826801248133191,-0.03004430309951578,0.002857605361846094,-0.0208486899311211,0.2699511755590172,-0.8576138866779807,0.01972386587771196,asof1455,14:55
2026-01-15,10.14,10.2,10.01,10.03,102261638.0,0.0,0.0,10.14791920207066,10.263822937154124,0.1766920600000001,0.0176163569292106,44.06875606410097,0.8620686325310732,0.1052631578941808,10.34751024,10.34751024,10.34751024,-327645527.0,-343164926.8,164078871.79945794,4751.4293,0.002907705198202,-0.0159422612451447,-0.0188499664433468,-0.6673712563540884,-0.6559645921996026,-1.7969694846401336,0.1052631578941808,-0.1484203913823029,0.0945849982377273,-0.0188499664433468,0.225,-0.1379556054877264,-0.3873533795154685,0.1318870437940514,-1.1464173662808168,-0.4644206091206753,0.4612071368935255,-0.2039181754990094,-0.69965750401747,0.0,,,,,,,,,,,,,,,0.0178829729093596,0.1,1032130124.0,102261638,48,10.093033362129404,2026-01-16,9.862512394917903,9.76,10.06,9.74,-0.0166986645146653,-0.0228396121305264,-0.0269192422731804,10.14,10.19,10.01,10.02,98388881,993296536.0,47,2026-01-15 14:55:00,10.095617776159076,-0.009881422924901129,-0.01505084873717133,-0.01692337564071289,-0.0007762233565506982,-0.046823402003714265,-0.009319902704742145,-0.03191576629957649,-0.8866526577528929,-1.3046019880297008,0.017964071856287397,asof1455,14:55
2026-01-16,10.04,10.06,9.74,9.76,206128836.0,0.0,0.0,10.110974516159168,10.247304152329397,0.1898605228571429,0.0194529224238856,35.74227337258159,1.6698813623887263,0.0624999999998033,10.34751024,10.34751024,10.34751024,-533774363.0,-357560058.9,167505091.8822725,4731.8728,-0.0056839131701692,-0.031383492424625,-0.0256995792544557,-1.84859132839007,-0.7180515154911374,-3.094430749245156,0.0624999999998033,0.5127525834193765,-1.0519937162498236,-0.0256995792544557,0.4666666666666667,-1.2134560870775692,-0.4378535782824544,-0.9855757780079136,-1.271050444200171,2.021350805962648,-0.4589299514844968,-0.401171360538517,0.0226472588490107,0.0,,,,,,,,,,,,,,,0.0178829729093596,0.1,2032948200.0,206128836,48,9.862512394917903,2026-01-19,9.71102871820446,9.71,9.79,9.65,-0.0050175493642971,-0.0153595423404997,-0.005122950819672,10.04,10.06,9.74,9.78,201204966,1984846566.0,47,2026-01-16 14:55:00,9.864799092483631,-0.024925224327018936,-0.0477118560691836,-0.0293986225320525,-0.022821459277187484,-0.07646346517230984,-0.033059360932918946,-0.05436913709380686,-3.1477873551101467,-2.200044659619041,0.03271983640081803,asof1455,14:55
2026-01-19,9.75,9.79,9.65,9.71,122122433.0,0.0,0.0,10.072786467001151,10.229687622744825,0.1922479885714285,0.0197989689568907,34.4443769114378,0.9928516612687294,0.4285714285683746,10.34751024,10.34751024,10.34751024,-655896796.0,-384604953.45,169808640.09636465,4734.4556,-0.0115784714782546,-0.0455233274688555,-0.0339448559906009,-1.8870754887740853,-0.8161393880309008,-3.316082757140629,0.4285714285683746,-0.0071740105181548,-1.597632737627748,-0.0339448559906009,0.5166666666666667,-1.2359272219908422,-0.5293349328204691,-1.175292301635229,-0.0803545823084372,0.0699280644106513,-0.8966891614039876,-0.6347412194803801,0.1829390595241272,1.0,,,,,,,,,,,,,,,0.0178829729093596,0.1,1185934454.0,122122433,48,9.71102871820446,2026-01-20,9.769757707754977,9.81,9.86,9.67,0.0061542438470623,0.0060476589303479,0.0102986611740474,9.75,9.78,9.65,9.7,120778477,1172884512.0,47,2026-01-19 14:55:00,9.71103909515269,-0.006147540983606592,-0.04150197628458496,-0.04650631065374877,-0.0555015341381474,-0.08901876814052434,-0.03978977001215245,-0.06084861090190663,-3.0968016990218183,-2.379415937195018,0.013402061855670002,asof1455,14:55
2026-01-20,9.71,9.86,9.67,9.81,123137412.0,0.0,0.0,10.047759184429614,10.215927372818763,0.1940545914285714,0.0197813039172835,39.199682207733325,1.0097814837662846,0.7368421052592847,10.34751024,10.34,10.34,-532759384.0,-398279028.8,170176781.24439824,4718.8782,-0.00885400401812,-0.044790726793322,-0.0359367227752019,-1.2252180310606244,-0.8666024707288766,-2.769891895060258,0.7368421052592847,0.009733954738896,-0.7902391514084811,-0.0359367227752019,0.5166666666666667,-0.6379189774036195,-0.5723498685492426,-0.7226571604230523,0.9063589590093024,0.1442786833565564,-0.2640825642409733,-0.7017130932068645,0.1941697274617609,0.0,,,,,,,,,,,,,,,0.0178829729093596,0.1,1203022680.0,123137412,48,9.769757707754977,2026-01-21,9.801260826214149,9.73,9.92,9.7,-0.0008908434032468,0.0032245547332425,-0.0081549439347604,9.71,9.86,9.67,9.82,120651112,1178607469.0,47,2026-01-20 14:55:00,9.7687244606581,0.011328527291452062,-0.02093718843469583,-0.043817017034701644,-0.034710512435032204,-0.0709862860282161,-0.02520900867877307,-0.04778917866136512,-1.6993627921378094,-1.8093425581579183,0.01934826883910382,asof1455,14:55
2026-01-21,9.8,9.92,9.7,9.73,131902873.0,0.0,0.0,10.017496404960124,10.199995327808312,0.1952358571428571,0.0200653501688424,36.89400289642941,1.0712113411597584,0.1363636363630213,10.34751024,10.2,10.2,-664662257.0,-413142804.8,179553584.10904932,4723.0692,-0.0039775782462948,-0.0385375494071145,-0.0345599711608196,-1.4725594425428048,-0.934761295993461,-3.162893584373667,0.1363636363630213,0.0687901026798541,-1.4008044086006282,-0.0345599711608196,0.5583333333333333,-0.860515265455366,-0.6367978761841881,-1.0746693907118106,-1.0364885264312091,0.3708504461426202,-0.7571497673449572,-0.6695828989722239,0.3306769723937692,1.0,,,,,,,,,,,,,,,0.0178829729093596,0.1,1292814462.0,131902873,48,9.801260826214149,2026-01-22,9.854697950386104,9.84,9.94,9.71,0.012815822239065,0.0054520663330408,0.0113052415210688,9.8,9.92,9.7,9.71,129219773,1266715148.0,47,2026-01-21 14:55:00,9.80279657355535,-0.010193679918450549,-0.0051229508196720674,-0.04051383399209474,-0.03727136776397533,-0.08391178596188154,-0.03438798987319103,-0.05729709091147461,-2.187244584108069,-2.1248472110140053,0.022657054582904287,asof1455,14:55
2026-01-22,9.71,9.94,9.71,9.84,152184419.0,0.0,0.0,10.000591985440114,10.1881922023064,0.2040518942857141,0.0207369811265948,41.94999085024577,1.198793894596622,0.5652173913018893,10.34751024,10.06,10.06,-512477838.0,-416601768.5,180763461.7031976,4723.7091,-0.0058340760747507,-0.0189431704885343,-0.0131090944137836,-0.7870154109643558,-0.9193750321312312,-2.4871626003476126,0.5652173913018893,0.1813159635183247,-0.5303951838310255,-0.0131090944137836,0.6416666666666667,-0.2351840389694893,-0.6081576519824301,-0.4860288276165885,0.3494635842474946,0.79938732969869,-0.0543824580286004,-0.070617327580644,0.5891986529805125,0.0,,,,,,,,,,,,,,,0.0178829729093596,0.1,1499731482.0,152184419,48,9.854697950386104,2026-01-23,9.759078455605536,9.73,9.89,9.7,-0.0082237341864291,-0.0097029351139901,-0.0111788617886178,9.71,9.94,9.71,9.82,149639019,1474700631.0,47,2026-01-22 14:55:00,9.85505412194663,0.009249743062692772,0.011328527291452062,-0.02093718843469583,-0.024490893221158605,-0.07353385562777315,-0.021717757202762034,-0.04527454876370096,-1.2598981225204589,-1.637655567699852,0.023421588594704546,asof1455,14:55
2026-01-23,9.85,9.89,9.7,9.73,151793577.0,0.0,0.0,9.9748213201601,10.173169507148812,0.2023982542857142,0.0208014649831134,38.61795720758583,1.1842839917711796,0.1578947368412791,10.34751024,9.94,9.9748213201601,-664271415.0,-421286080.45,185835826.76406792,4702.4966,-0.0062081550459259,-0.0030737704918032,0.0031343845541227,-1.209601935663392,-0.9799896134861656,-3.050966235732666,0.1578947368412791,0.1691383656153509,-1.3075268573399872,0.0031343845541227,0.6583333333333333,-0.6203818376905157,-0.6671042979908617,-0.9836466753791012,-0.9769261533463466,0.7438917988620196,-0.6798099011106655,0.3808391163079035,0.6501094158965883,1.0,,,,,,,,,,,,,,,0.0178829729093596,0.1,1481365427.0,151793577,48,9.759078455605536,2026-01-26,9.804026328681342,9.83,9.89,9.68,0.0076080502241873,0.0046057497416662,0.0102774922918806,9.85,9.89,9.7,9.73,147952477,1444023304.0,47,2026-01-23 14:55:00,9.76004818087635,-0.011178861788617822,-0.008154943934760461,-0.0030737704918032405,-0.026875222048471925,-0.04537569311218914,-0.029588667717339145,-0.052859084316354,-1.665474280593683,-1.8920654475501988,0.019527235354573614,asof1455,14:55
2026-01-26,9.72,9.89,9.68,9.83,175918723.0,0.0,0.0,9.961028813478189,10.161918047898032,0.1994049914285714,0.0202853500944609,43.04677512781743,1.3307022760984997,0.7142857142823117,10.34751024,9.94,9.961028813478189,-488352692.0,-417174456.25,183380573.06639692,4706.964,-0.0058067077448145,0.0123583934088566,0.0181651011536712,-0.6570989649698175,-1.0074433592641443,-2.595272246145259,0.7142857142823117,0.2857068300181144,-0.3881449084807274,0.0181651011536712,0.575,-0.1165266136192209,-0.6881313429353679,-0.5756656705936184,0.8325021981815522,1.171320890477224,0.0623631049452289,0.7954637960296073,0.4061606123745813,0.0,,,,,,,,,,,,,,,0.0178829729093596,0.1,1724711792.0,175918723,48,9.804026328681342,2026-01-27,9.889472399909376,9.83,9.98,9.79,0.0060500915472407,0.008715406136565,0.0,9.72,9.89,9.68,9.81,172682915,1692923349.0,47,2026-01-26 14:55:00,9.803652833866048,0.008221993833504637,0.008221993833504637,0.01029866117404743,-0.018874196124923914,-0.0402636686264658,-0.02029713599708738,-0.044354645163289796,-1.0724719667776825,-1.5426323313979293,0.021406727828746263,asof1455,14:55
2026-01-27,9.83,9.98,9.79,9.83,151558977.0,0.0,0.0,9.948549878861217,10.151035488950557,0.2039797885714287,0.0207507414619947,43.04677512778398,1.1226712503291592,0.210526315788369,10.34751024,9.98,9.98,-488352692.0,-408283509.4,175221925.29081538,4705.6918,-0.0027943929555123,0.0020387359836899,0.0048331289392022,-0.5811844383745012,-0.992674869929292,-2.5370662633873824,0.210526315788369,0.1157108905383975,-0.4569586966192125,0.0048331289392022,0.6583333333333333,-0.0517705051394903,-0.6586203981139755,-0.5214597599456061,-0.7977198917078061,0.52947452485033,0.0031831571485555,0.4250523923290074,0.6718806762193591,0.0,,,,,,,,,,,,,,,0.0178829729093596,0.1,1498838320.0,151558977,48,9.889472399909376,2026-01-28,9.859224909482409,9.8,9.97,9.75,0.0029730325007535,-0.0030585545116892,-0.0030518819938961,9.83,9.98,9.79,9.8,146726121,1451398413.0,47,2026-01-27 14:55:00,9.891888391161107,-0.003051881993896166,-0.004065040650406471,-0.0010193679918449883,-0.012217092524471784,-0.06169786896573204,-0.02047058630455101,-0.04472150133300046,-1.057467054161938,-1.52760004439196,0.019387755102040945,asof1455,14:55
2026-01-28,9.81,9.97,9.75,9.8,183514050.0,0.0,0.0,9.934402271350624,10.139526128657096,0.2072372000000001,0.0211466530612223,41.99260684456425,1.328836349428573,0.2272727272716967,10.34,9.98,9.98,-671866742.0,-414641188.1,182223644.08131927,4717.9914,-0.0010751059925185,0.0071942446043165,0.008269350596835,-0.6485431734745247,-0.9898023004821604,-2.6057097856822664,0.2272727272716967,0.2843036340215022,-1.4115926349558146,0.008269350596835,0.7666666666666667,-0.1122165114911922,-0.6430732374798496,-0.5734892141569492,-0.7302318272915824,1.1504303024593494,-0.7576381359539935,0.5266870045005542,1.0135689011426083,1.0,,,,,,,,,,,,,,,0.0178829729093596,0.1,1809306293.0,183514050,48,9.859224909482409,2026-01-29,9.98418453061784,10.13,10.14,9.8,0.0187943398589631,0.0126743858957156,0.0336734693877551,9.81,9.97,9.75,9.8,178494543,1760056558.0,47,2026-01-28 14:55:00,9.860562280607088,-0.003051881993896166,0.007194244604316502,0.007194244604316502,-0.01987432436536729,-0.07372738346617136,-0.02002389103355573,-0.043767024244996455,-1.0183259890431813,-1.4741403994828073,0.0224489795918368,asof1455,14:55
2026-01-29,9.8,10.14,9.8,10.13,215190262.0,0.0,0.0,9.95303062646009,10.139213796569978,0.217681942857143,0.021488839373852,55.03648997386931,1.5083218831983414,0.9705882352912636,10.2,10.14,10.14,-456676480.0,-416431523.8,182451801.0036616,4753.8697,0.0063849401733904,0.0294715447154472,0.0230866045420568,0.8129722255154502,-0.8552991013646858,-0.3215700810131756,0.9705882352912636,0.4109976972052476,-0.2205785636459259,0.0230866045420568,0.8583333333333333,1.2082386402633292,-0.4620618172321591,1.4107161104380883,1.674021772911167,1.5973828165097252,0.2104087215048461,0.9438924801630012,1.292856065253651,0.0,,,,,,,,,,,,,,,0.0178829729093596,0.1,2148499285.0,215190262,48,9.98418453061784,2026-01-30,10.169188973501576,10.13,10.23,10.09,0.0038686054789314,0.018529749957685,0.0,9.8,10.14,9.8,10.13,211880606,2114969173.0,47,2026-01-29 14:55:00,9.981891277958683,0.03367346938775517,0.030518819938962327,0.029471544715447218,0.0014847362178973533,-0.05891083293295696,0.013982761826997425,-0.010311888377061873,0.6935074904476398,-0.34437280683888544,0.03356367226061203,asof1455,14:55
2026-01-30,10.12,10.23,10.09,10.13,145423029.0,0.0,0.0,9.96988485251151,10.13891170487916,0.2152250685714287,0.0212463048935249,55.036489973828914,0.997048288437026,0.2857142857122503,10.14,10.23,10.23,-456676480.0,-414135594.6,181640203.2606643,4706.3401,0.0008173317977517,0.0411099691675231,0.0402926373697714,0.7439428341248605,-0.7853492787285007,-0.046462989029712,0.2857142857122503,-0.0029560764549336,-0.2342041279206857,0.0402926373697714,0.775,1.1452913145462484,-0.3588389679282874,1.6597239085748257,-0.531072242473072,0.0618990253988489,0.2156977314564669,1.436750208298177,1.032549254382254,0.0,,,,,,,,,,,,,,,0.0178829729093596,0.1,1478834263.0,145423029,48,10.169188973501576,2026-02-02,10.1471988330128,10.07,10.26,10.06,0.0016978117485486,-0.0021624281489976,-0.0059230009871669,10.12,10.23,10.09,10.16,139272113,1416484050.0,47,2026-01-30 14:55:00,10.170622240792742,0.0029615004935834577,0.033570701932858604,0.04419321685508737,0.008313905426824864,-0.05697260643534374,0.016909238074419797,-0.00635493738928905,0.8366773906865395,-0.21737692116124424,0.013779527559055173,asof1455,14:55
2026-02-02,10.15,10.26,10.06,10.07,140531447.0,0.0,0.0,9.979419628462797,10.136652304719188,0.2142857142857144,0.0212796141296616,52.544986416721,0.9591203668381892,0.0499999999997491,10.23,10.26,10.26,-597207927.0,-425225177.65,185663672.3015832,4605.9799,-0.0214541900044273,0.0244150559511699,0.0458692459555973,0.4227084005049863,-0.7337524891930705,-0.7466666666631824,0.0499999999997491,-0.0417386991090974,-0.9263134097156036,0.0458692459555973,0.8,0.8533486828183534,-0.2765518562538084,1.0537144289913247,-1.2810290477445343,-0.0926540831346072,-0.3409109927018292,1.5821662970679076,1.1086425436329923,0.0,,,,,,,,,,,,,,,0.0178829729093596,0.1,1426000535.0,140531447,48,10.1471988330128,2026-02-03,9.995837815056117,10.0,10.15,9.93,-0.0073646658335534,-0.0149165321826794,-0.0069513406156902,10.15,10.25,10.06,10.07,138120247,1401730794.0,47,2026-02-02 14:55:00,10.14862646459067,-0.005923000987166915,0.027551020408163263,0.024415055951169995,-0.0063506017718368835,-0.06364209860661385,0.00763002591337858,-0.014122320765332708,0.3749118094928955,-0.4966126785313418,0.018867924528301838,asof1455,14:55
2026-02-03,10.13,10.15,9.93,10.0,100756455.0,0.0,0.0,9.98137966384729,10.13217190128577,0.2142857142857144,0.0214285714285693,49.71718574405827,0.6954407850423927,0.3181818181803723,10.26,10.26,10.26,-697964382.0,-448030155.85,189708235.94860584,4660.1074,-0.0096870772539756,0.017293997965412,0.0269810752193877,0.0868949020455722,-0.7036971080429495,-1.2133333333276697,0.3181818181803723,-0.3632094113692287,-1.3174663972823513,0.0269810752193877,0.8416666666666667,0.5498882718586022,-0.2205164217568845,0.6503175858807994,-0.4120066553024761,-1.3123654797899622,-0.6518837526949801,1.0479307865033278,1.2336038757439398,1.0,,,,,,,,,,,,,,,0.0178829729093596,0.1,1007145183.0,100756455,48,9.995837815056117,2026-02-04,10.1639387560941,10.18,10.23,9.98,0.0163938756094099,0.0168170936892135,0.018,10.13,10.14,9.94,10.02,98740895,986977319.0,47,2026-02-03 14:55:00,9.99562865011503,-0.0049652432969216065,-0.010858835143139345,0.019328585961342792,-0.02434282186229242,-0.0649216918390868,0.0029498452556688814,-0.017920659644744985,0.1461545479352392,-0.6475625428259891,0.01996007984031947,asof1455,14:55
2026-02-04,9.99,10.23,9.98,10.18,112190689.0,0.0,0.0,10.000295886338026,10.133740035669842,0.2185714285714287,0.0214706707830459,56.23894079269217,0.7776085365791409,0.7999999999967973,10.26,10.26,10.26,-585773693.0,-471439997.9,175868953.71834853,4698.6832,-0.0040924618896082,0.0387755102040814,0.0428679720936896,0.8221756834170305,-0.6105287877898251,-0.3660130718937503,0.7999999999967973,-0.2515320477851317,-0.6501073252707451,0.0428679720936896,0.85,1.2069925705558726,-0.0756648582937223,1.3873515405368912,1.128018049714374,-0.8966671823262843,-0.0906691880974868,1.473535878777521,1.2532359957317878,1.0,,,,,,,,,,,,,,,0.0178829729093596,0.1,1140299292.0,112190689,48,10.1639387560941,2026-02-05,10.368069235550225,10.43,10.47,10.18,0.0184743846316528,0.0200837966810585,0.0245579567779961,9.99,10.22,9.99,10.18,109685452,1114783437.0,47,2026-02-04 14:55:00,10.163457565913117,0.018000000000000016,0.004935834155972207,0.03877551020408143,-0.012489918860739468,-0.055116253298405415,0.02034378640849477,-0.0010709198121707786,1.0612997732492104,-0.03961830714304813,0.02259332023575643,asof1455,14:55
2026-02-05,10.19,10.47,10.18,10.43,149793451.0,0.0,0.0,10.041220087639168,10.14345347712329,0.2164285714285716,0.0207505821120374,63.34913306955202,1.0200752559440875,0.862068965514266,10.26,10.47,10.47,-435980242.0,-482439419.5,166159810.07995516,4670.4188,-0.0175543094923278,0.0296150049358341,0.0471693144281619,1.79634282938168,-0.4723654959640546,0.7854785478511551,0.862068965514266,0.0198764049118852,0.2796053839833116,0.0471693144281619,0.6416666666666667,2.034636153085289,0.1386093345971293,2.3274224092569207,1.3060816823540906,0.1222028638195541,0.6798943228642178,1.5624963821838571,0.6130240582514619,0.0,,,,,,,,,,,,,,,0.0178829729093596,0.1,1553068871.0,149793451,48,10.368069235550225,2026-02-06,10.449614051967409,10.41,10.53,10.4,0.0018805418952452,0.0078649953587868,-0.0019175455417065,10.19,10.47,10.18,10.44,146991651,1523842753.0,47,2026-02-05 14:55:00,10.36686602696911,0.025540275049115824,0.036742800397219444,0.030602171767028397,0.0242834289731495,-0.02923768713535746,0.04707928552590679,0.02543785395363285,2.5804223560985,0.9779927031819077,0.027777777777777866,asof1455,14:55
2026-02-06,10.44,10.53,10.4,10.41,104520937.0,0.0,0.0,10.076341984054483,10.15219270738154,0.2157142857142859,0.0207218334019467,62.47460905943933,0.7202896826420601,0.0769230769224841,10.47,10.53,10.53,-540501179.0,-491702936.0,163959528.9186942,4643.5959,-0.0133318456947044,0.0276406712734451,0.0409725169681496,1.5467590143097845,-0.3516258697264438,-0.278145695362951,0.0769230769224841,-0.3281018108850039,-0.2976237082517999,0.0409725169681496,0.6166666666666667,1.773983524821582,0.3359490541830826,1.3962101347369242,-1.2295894547680837,-1.1957038767950063,0.1983734579669734,1.3660841889489057,0.5378665438944527,0.0,,,,,,,,,,,,,,,0.0178829729093596,0.1,1092203452.0,104520937,48,10.449614051967409,2026-02-09,10.390566637307629,10.43,10.47,10.29,-0.0018667975689119,-0.0056506789979159,0.0019212295869355,10.44,10.52,10.4,10.42,103037131,1076746145.0,47,2026-02-06 14:55:00,10.450078865258778,-0.0009587727708533222,0.04200000000000004,0.028627838104639647,0.03411721403026724,-0.03370898239759401,0.04383013694079696,0.024017280126370277,2.1597263449113466,0.9538304928632841,0.01151631477927056,asof1455,14:55
2026-02-09,10.35,10.47,10.29,10.43,82483397.0,0.0,0.0,10.110023699858822,10.161301143205096,0.2150000000000003,0.0206136145733441,63.02431692436381,0.5781000423510227,0.7777777777734535,10.53,10.53,10.53,-458017782.0,-503395894.1,152393366.9255869,4719.0559,0.0245498248917672,0.0357497517378351,0.0111999268460678,1.4882618611148344,-0.2384997364931969,-0.4651162790676016,0.7777777777734535,-0.5480083416347182,0.2977696012330902,0.0111999268460678,0.6,1.686163612064696,0.5261161121638411,1.216128414132806,1.0170303598384685,-1.9888251093597729,0.6801122441456773,0.5371190192434198,0.490979424760624,1.0,,,,,,,,,,,,,,,0.0178829729093596,0.1,857049233.0,82483397,48,10.390566637307629,2026-02-10,10.481459084229002,10.48,10.54,10.43,0.0049337568771814,0.0087475928978717,0.0047938638542666,10.35,10.47,10.29,10.43,81424675,846004680.0,47,2026-02-09 14:55:00,10.39002832986438,0.0019212295869355245,0.024557956777996104,0.03574975173783512,0.0252514618434434,-0.024012660983122824,0.04308806375287055,0.02562745838943825,1.937230342179695,1.0607215188617747,0.017257909875359682,asof1455,14:55
2026-02-10,10.43,10.54,10.43,10.48,66595470.0,0.0,0.0,10.145259537967506,10.17175028605083,0.2071428571428574,0.0197655398037058,64.42728699333469,0.4808830493738426,0.4545454545413311,10.53,10.54,10.54,-391422312.0,-519283203.6,119855253.1493687,4724.2956,0.0137739743938092,0.048,0.0342260256061908,1.6159884373904436,-0.127886370056809,-0.2413793103436568,0.4545454545413311,-0.7321311790347642,1.0667942225331948,0.0342260256061908,0.5166666666666667,1.757427719088564,0.7149536199719192,1.3796479300395177,-0.030087189200069,-2.583987103154692,1.299368872866161,1.1538576055450982,0.2384837034548999,0.0,,,,,,,,,,,,,,,0.0178829729093596,0.1,698017694.0,66595470,48,10.481459084229002,2026-02-11,10.4803043854843,10.49,10.52,10.41,2.9044416440804355e-05,-0.0001101658400251,0.0009541984732823,10.43,10.54,10.43,10.48,65552070,687085222.0,47,2026-02-10 14:55:00,10.48151831055831,0.004793863854266611,0.004793863854266611,0.04800000000000004,0.02044782703424919,-0.01665936667608725,0.04674390312926935,0.030977771321685443,1.9591018800261781,1.3186883649417933,0.010496183206106815,asof1455,14:55
2026-02-11,10.47,10.52,10.41,10.49,68244253.0,0.0,0.0,10.178091962922982,10.182184702901624,0.1985714285714289,0.0189295928094766,64.71564305539647,0.5081000938643021,0.72727272726612,10.54,10.54,10.54,-323178059.0,-524172912.1,109294983.82403532,4713.8185,0.0032211790741711,0.030451866404715,0.0272306873305439,1.5707598989410974,-0.0206109207556378,-0.2517985611498053,0.72727272726612,-0.677076815646585,1.839012606686518,0.0272306873305439,0.375,1.686253906725084,0.8965607937992769,1.3493349390701033,0.8401964439887509,-2.315591384149564,1.9073637558336465,0.948641369243212,-0.1910404153301645,0.0,,,,,,,,,,,,,,,0.0178829729093596,0.1,715220544.0,68244253,48,10.4803043854843,2026-02-12,10.465991489530651,10.43,10.53,10.4,-0.0022887045252,-0.001365694680917,-0.0057197330791229,10.47,10.52,10.41,10.5,66602801,697994806.0,47,2026-02-11 14:55:00,10.4799617361438,0.00190839694656475,0.008645533141210304,0.03143418467583503,0.03754940711462451,0.0006823281113383928,0.047642803691693825,0.033246071250364384,1.879007695170938,1.4455545079177199,0.010476190476190422,asof1455,14:55
2026-02-12,10.49,10.53,10.4,10.43,76467933.0,0.0,0.0,10.202083204549366,10.190309794609766,0.1942857142857144,0.018627585262291,61.4946811723046,0.5748477524809075,0.2307692307674524,10.54,10.54,10.54,-399645992.0,-527772935.35,103810550.32347631,4719.578,0.010525651361287,0.0,-0.010525651361287,1.173101153048694,0.0605984335123366,-0.5661764705853177,0.2307692307674524,-0.553650051538822,1.2342381670336318,-0.010525651361287,0.3416666666666667,1.3218111599950924,1.0355284002933514,1.066737163663637,-0.7538323520160377,-1.826786282351,1.3789035776835128,-0.1246503014381853,-0.2857142129949225,0.0,,,,,,,,,,,,,,,0.0179686923660852,0.1,800312736.0,76467933,48,10.465991489530651,2026-02-13,10.447928939461963,10.39,10.52,10.38,0.0017189778966408,-0.0017258326730683,-0.0038350910834131,10.49,10.53,10.41,10.44,74617311,780998063.0,47,2026-02-12 14:55:00,10.466714124822857,-0.004766444232602529,0.0009587727708533222,0.0009587727708533222,0.04087736789631102,0.004236875377216398,0.03973707798028081,0.027346593910304584,1.4599721564239074,1.1893764571204435,0.011494252873563144,asof1455,14:55
2026-02-13,10.46,10.52,10.38,10.39,70079627.0,0.0,0.0,10.219980042211333,10.196857014458624,0.1892857142857143,0.0182180668224924,59.373100890947846,0.5552160169531043,0.0714285714280603,10.54,10.54,10.54,-469725619.0,-524570498.15,104561218.64497852,4660.4056,0.0036199747699836,-0.0019212295869356,-0.0055412043569192,0.898218644916528,0.1221593919004471,-0.7924528301844851,0.0714285714280603,-0.5883980212267318,0.5245241004336157,-0.0055412043569192,0.2916666666666667,1.0691064558471737,1.1410104468116644,0.8608726337600705,-1.2485205178038732,-1.9053928232858617,0.7801498852716399,0.0062041276235202,-0.4330874745767229,0.0,,,,,,,,,,,,,,,0.0181319509356037,0.1,732186963.0,70079627,48,10.447928939461963,2026-02-24,10.379614946054634,10.32,10.48,10.32,-0.000999523960093,-0.0065385201031858,-0.0067372473532242,10.46,10.52,10.38,10.39,68687427,717721253.0,47,2026-02-13 14:55:00,10.449092131519208,-0.003835091083413178,-0.00858778625954193,-0.0019212295869356355,0.06454918032786883,-0.01616008664305979,0.03270052678660185,0.022369263749599133,1.1499771448551663,0.9704290328691908,0.013474494706448391,asof1455,14:55
2026-02-24,10.43,10.48,10.32,10.32,76468662.0,0.0,0.0,10.229505752476918,10.200894489394408,0.187142857142857,0.0181339977851588,55.74836174863224,0.6169923381995908,0.0,10.54,10.54,10.54,-546194281.0,-519085372.4,100319546.51969644,4707.544,-0.0024394498060513,-0.0105465004793863,-0.0081070506733349,0.4835570478306817,0.1528846118904588,-1.175572519077682,0.0,-0.4828986729827154,-0.2702255895333173,-0.0081070506733349,0.2833333333333333,0.7071063104580461,1.195915491761984,0.5276038884046971,-1.4553490939490392,-1.512710567058579,0.1261023676285032,-0.0695582198768664,-0.447903328066061,0.0,,,,,,,,,,,,,,,0.0181760323038256,0.1,793715267.0,76468662,48,10.379614946054634,2026-02-25,10.304765484529426,10.26,10.37,10.23,-0.0014762127393966,-0.0072111982876261,-0.0058139534883721,10.43,10.48,10.32,10.33,75018134,778737923.0,47,2026-02-24 14:55:00,10.38066240090696,-0.005774783445620879,-0.015252621544327938,-0.009587727708533,0.06385169927909362,-0.025417996805997656,0.023532325984642055,0.016749873170657015,0.830710343364732,0.7385667536466929,0.015488867376573102,asof1455,14:55
2026-02-25,10.35,10.37,10.23,10.26,85379314.0,0.0,0.0,10.232409966526737,10.202832374988033,0.1814285714285712,0.0176830966304633,52.774316724558574,0.6995444479236459,0.2142857142841809,10.54,10.53,10.53,-631573595.0,-524026082.95,103261473.33203304,4735.8858,0.0024533181200598,-0.0209923664122138,-0.0234456845322736,0.1520710506392055,0.1630260950943106,-1.5433070866056648,0.2142857142841809,-0.3573259444741117,-1.0415066585790944,-0.0234456845322736,0.2416666666666666,0.4219497136555208,1.2178504958903251,0.2117283827486109,-0.7551036974101679,-1.0543089104218444,-0.5010962587988514,-0.5056420895071985,-0.5684068225093482,1.0,,,,,,,,,,,,,,,0.0181760323038256,0.1,879813808.0,85379314,48,10.304765484529426,2026-02-26,10.36999866657631,10.45,10.46,10.22,0.0107211176000301,0.0063303897740145,0.0185185185185183,10.35,10.37,10.23,10.26,83934114,864984007.0,47,2026-02-25 14:55:00,10.305511856597425,-0.005813953488372103,-0.016299137104506256,-0.020992366412213803,0.04587155963302747,-0.013996475712034662,0.013533537488886527,0.010323089342550773,0.49668662012588527,0.46753918567201413,0.013645224171539844,asof1455,14:55
2026-02-26,10.25,10.46,10.22,10.45,107205235.0,0.0,0.0,10.253132826857522,10.2109362315458,0.1742857142857141,0.0166780587833203,60.04356066573053,0.8873504045538997,0.9583333333293338,10.54,10.53,10.53,-524368360.0,-517011388.1,98106091.12573697,4726.8739,0.0027696017570466,-0.003813155386082,-0.0065827571431287,1.1295657475323244,0.2421116124429089,-0.5163934426199875,0.9583333333293338,-0.1195153300892315,-0.0749899605170383,-0.0065827571431287,0.125,1.2314537587415806,1.3425380359095709,1.0634092067904022,1.5992694358218251,-0.2067769472228179,0.2980404147749551,-0.0286812730890566,-0.9214031397998405,0.0,,,,,,,,,,,,,,,0.0181760323038256,0.1,1111718144.0,107205235,48,10.36999866657631,2026-02-27,10.446594250143976,10.35,10.55,10.35,-0.0003259090771313,0.0073862674461611,-0.0095693779904305,10.25,10.46,10.23,10.44,104655835,1085091000.0,47,2026-02-26 14:55:00,10.368184439978908,0.01754385964912286,0.004812319538017196,-0.004766444232602529,0.07297019527235338,0.006112201008172891,0.02902764772559263,0.028293847114338355,1.100484826903486,1.2923490460639278,0.02203065134099621,asof1455,14:55
2026-02-27,10.44,10.55,10.35,10.35,81961774.0,0.0,0.0,10.26235827191871,10.215495699363972,0.1785714285714284,0.0172532781228416,55.22540339004702,0.698713340157678,0.0,10.54,10.55,10.55,-606330134.0,-521704002.9,100003243.68210366,4710.6469,-0.0018923513924339,-0.0076701821668264,-0.0057778307743925,0.490793677252471,0.2624304063050672,-1.0639999999940395,0.0,-0.3585147207797804,-0.8462338618636678,-0.0057778307743925,0.2,0.6804395777518698,1.3715351336547452,0.5898159270373259,-1.4182997304152267,-1.0379908083821132,-0.3426812914365444,-0.0171190685687168,-0.6719644253647618,1.0,,,,,,,,,,,,,,,0.0181760323038256,0.1,856221397.0,81961774,48,10.446594250143976,2026-03-02,10.40343258744834,10.44,10.49,10.28,0.0051625688355882,-0.0041316491922754,0.0086956521739129,10.44,10.55,10.36,10.37,77584795,810899265.0,47,2026-02-27 14:55:00,10.451780725849698,-0.007655502392344471,0.004844961240309864,-0.0057526366251199335,0.05386178861788604,-0.007123153181085917,0.018513971418749664,0.021276060261516072,0.7319477697280229,0.9657243305424138,0.018322082931533392,asof1455,14:55
2026-03-02,10.3,10.49,10.28,10.44,90283847.0,0.0,0.0,10.279276531735976,10.222856496106136,0.1792857142857142,0.0171729611384767,58.45646455651296,0.7903801987500189,0.7619047619011313,10.55,10.55,10.55,-516046287.0,-514292746.5,94504228.28282,4728.6688,0.0146474804682237,0.0048123195380171,-0.0098351609302065,0.8964655600333705,0.3146934258220615,-0.6135458167296524,0.7619047619011313,-0.2352411850510316,-0.0185551539001221,-0.0098351609302065,0.175,1.006398191774155,1.4452782392764034,0.9551144460632376,0.977359490794476,-0.5957207618911465,0.3340850855803068,-0.148422844957815,-0.7388788761764097,0.0,,,,,,,,,,,,,,,0.0181760323038256,0.1,939261916.0,90283847,48,10.40343258744834,2026-03-03,10.487884539565322,10.47,10.58,10.33,0.0045866417208162,0.0081177007114818,0.0028735632183909,10.3,10.49,10.28,10.45,88186035,917365546.0,47,2026-03-02 14:55:00,10.402616990320519,0.009661835748792313,0.01851851851851838,0.005774783445620768,0.07399794450154151,0.008017102452234415,0.02380719114333285,0.029314241840855404,0.9817801174154921,1.3406978259429778,0.02009569377990439,asof1455,14:55
2026-03-03,10.41,10.58,10.33,10.47,139504273.0,0.0,0.0,10.297440671570646,10.230959561807571,0.1814285714285713,0.0173284213398809,59.50545951643562,1.2410567066535731,0.5599999999977623,10.55,10.58,10.58,-376542014.0,-508702212.6,99070247.74313164,4655.8962,-0.010971283539782,0.0145348837209302,0.0255061672607123,0.9511144086604916,0.3664313136527127,-0.4409448818873339,0.5599999999977623,0.2159631995004931,1.334004926914725,0.0255061672607123,0.225,1.0357830656952547,1.5110890411758129,1.082785737469124,0.3308190722762477,1.0194155921052497,1.4325077248284792,0.8691032845032056,-0.5680211064330568,0.0,,,,,,,,,,,,,,,0.0181760323038256,0.1,1463104708.0,139504273,48,10.487884539565322,2026-03-04,10.430164373008685,10.49,10.52,10.31,-0.0038047399227619,-0.0055035089620686,0.0019102196752625,10.41,10.58,10.33,10.46,136716756,1433944155.0,47,2026-03-03 14:55:00,10.488430218458372,0.0019157088122607746,0.000956937799043267,0.013565891472868241,0.06408952187182093,-0.0031297950433714083,0.02123505003661208,0.03017558478782134,0.9599234831089376,1.371787637562726,0.02390057361376673,asof1455,14:55
2026-03-04,10.43,10.52,10.31,10.49,124281171.0,0.0,0.0,10.315779655230584,10.239452690928635,0.1785714285714284,0.0170230151164357,60.22649597744994,1.119208920402246,0.8571428571387779,10.58,10.58,10.58,-252260843.0,-496897620.15,113767171.17718352,4602.6247,-0.0281385796929477,0.0224171539961013,0.050555733689049,0.9756339307032602,0.4274310000885277,-0.5039999999971772,0.8571428571387779,0.1126221146753324,2.150328382244797,0.050555733689049,0.1583333333333333,1.0399021681079044,1.5860483156878162,1.0148064631019058,1.2683855872644714,0.6646216050811098,2.052659210653064,1.5846684854305162,-0.7669329658594127,1.0,,,,,,,,,,,,,,,0.0181760323038256,0.1,1296273042.0,124281171,48,10.430164373008685,2026-03-05,10.542128655690462,10.59,10.6,10.44,0.0049693666053824,0.0107346613799799,0.0095328884652048,10.43,10.52,10.31,10.48,121891404,1271211110.0,47,2026-03-04 14:55:00,10.429046415775144,0.0009551098376312517,0.012560386473430052,0.02144249512670582,0.06612410986775186,0.009024903597298684,0.02000097328337147,0.03218402590426961,0.9753175046930719,1.4667125888751489,0.02003816793893121,asof1455,14:55
2026-03-05,10.47,10.6,10.44,10.59,91265967.0,0.0,0.0,10.341895878541958,10.250946045324415,0.1692857142857141,0.0159854309995937,63.706240764943246,0.8575101107430041,0.937499999994142,10.58,10.6,10.6,-160994876.0,-471354026.85,128067626.96056238,4647.6921,-0.0167514094251592,0.0133971291866028,0.0301485386117621,1.4655939664101547,0.5372563987502358,0.0590717299574557,0.937499999994142,-0.1537223090576142,2.4234004971886702,0.0301485386117621,0.0583333333333333,1.4262494128490166,1.7264125543577666,1.4604004714149053,1.4966351638057052,-0.2842869797042352,2.2110719914110257,0.9659174057940788,-1.0732540667134818,0.0,,,,,,,,,,,,,,,0.0181760323038256,0.1,962137566.0,91265967,48,10.542128655690462,2026-03-06,10.537827709490182,10.55,10.63,10.47,-0.004926561898944,-0.0004079770168577,-0.0037771482530688,10.47,10.6,10.44,10.58,89586267,944356241.0,47,2026-03-05 14:55:00,10.541305856621975,0.008579599618684375,0.013409961685823868,0.012440191387559807,0.07959183673469372,0.01392388124204369,0.0264370603929176,0.04185570030241803,1.4412392342839795,1.889202148356567,0.01512287334593574,asof1455,14:55
2026-03-06,10.58,10.63,10.47,10.55,81858287.0,0.0,0.0,10.36171531868082,10.260751093018698,0.1714285714285713,0.0162491536899104,61.39250598384013,0.8205130374847618,0.499999999996875,10.6,10.63,10.63,-242853163.0,-460662861.0,137429533.82737884,4660.439,-0.0106583874923844,0.0193236714975846,0.029982058989969,1.0983273076888214,0.5889579830256055,-0.2916666666649592,0.499999999996875,-0.1978254788954014,1.5848827536123662,0.029982058989969,0.1,1.099786830728421,1.7715185216716367,1.147809916104516,0.1067303673662288,-0.4353453003564981,1.510913019019385,0.9451942518087528,-0.9253216067297242,0.0,,,,,,,,,,,,,,,0.0181760323038256,0.1,862608525.0,81858287,48,10.537827709490182,2026-03-09,10.514428445463697,10.47,10.59,10.46,-0.0033717113304555,-0.0022205016699422,-0.0075829383886255,10.58,10.63,10.47,10.58,79313191,835737367.0,47,2026-03-06 14:55:00,10.537179962914365,-0.0009442870632672129,0.010506208213944657,0.022222222222222365,0.0444225074037512,-0.002743360641387249,0.022518604426403854,0.04159023019332175,1.4648295004534202,1.8444153787825912,0.01512287334593574,asof1455,14:55
2026-03-09,10.49,10.59,10.46,10.47,96499689.0,0.0,0.0,10.372028145473122,10.267611712919724,0.1678571428571425,0.0160322008459528,56.938485720810746,0.9915853192367178,0.0769230769224841,10.63,10.63,10.63,-339352852.0,-454796679.6,139955264.41080412,4615.4551,-0.0239419813034907,0.0028735632183909,0.0268155445218817,0.5836621120715467,0.6220553428676028,-0.953191489356026,0.0769230769224841,-0.008450284057042,0.8248623450215004,0.0268155445218817,0.0833333333333333,0.6564681449635811,1.7854623973141563,0.5839801763624791,-1.2155727842350483,0.2620272603554536,0.8880566056321382,0.8375440649343439,-0.965894558931381,0.0,,,,,,,,,,,,,,,0.0180899164169369,0.1,1014639075.0,96499689,48,10.514428445463697,2026-03-10,10.437007943175184,10.44,10.5,10.4,-0.0031511038037073,-0.007363263033276,-0.002865329512894,10.49,10.59,10.46,10.47,94773779,996560488.0,47,2026-03-09 14:55:00,10.515149849622436,-0.00758293838862556,-0.0019065776930409228,0.00287356321839094,0.033563672260612076,0.004314650847738299,0.00983796296296302,0.030860814837320838,0.6507781275473715,1.3794491340538682,0.012416427889207163,asof1455,14:55
2026-03-10,10.46,10.5,10.4,10.44,75996939.0,0.0,0.0,10.378501655428064,10.273263787905965,0.1671428571428568,0.0160098522167472,55.31773157582038,0.807688700538453,0.3999999999959929,10.63,10.63,10.63,-415349791.0,-445703772.8,136266466.0286398,4674.7562,0.0040507775925071,-0.002865329512894,-0.0069161071054012,0.367938813676047,0.6296282672224797,-1.136752136745345,0.3999999999959929,-0.2135785663080422,0.222754597551685,-0.0069161071054012,0.0833333333333333,0.4646705652384346,1.7605909463245168,0.4193218577584348,-0.1913540220891318,-0.4964272315442046,0.3963463004645709,-0.171988367330928,-0.9531640786026088,1.0,,,,,,,,,,,,,,,0.0179686923660852,0.1,793180656.0,75996939,48,10.437007943175184,2026-03-11,10.434014649214904,10.53,10.54,10.33,-0.0005733094621738,-0.0002867961753576,0.0086206896551723,10.46,10.5,10.4,10.43,73007039,761980521.0,47,2026-03-10 14:55:00,10.437082936619303,-0.003820439350525451,-0.01510859301227574,-0.003820439350525451,0.03574975173783512,0.006087883117397608,0.004333172845450095,0.026846680415357982,0.30363155935024544,1.1950780031307304,0.009587727708533044,asof1455,14:55
2026-03-11,10.43,10.54,10.33,10.53,100275954.0,0.0,0.0,10.39293006919682,10.281681368630355,0.174285714285714,0.0165513498846816,59.08081734031848,1.0659960973092766,0.952380952376418,10.63,10.63,10.63,-315073837.0,-426559245.55,125989980.1530514,4704.4959,0.022133284080277,0.0038131553860818,-0.0183201286941951,0.7864668160793121,0.6383122163612818,-0.5737704917999957,0.952380952376418,0.0639096646762349,0.8848751973336978,-0.0183201286941951,0.1416666666666666,0.8038181401331788,1.7370894956129483,0.8786236265661298,1.557522717461837,0.5229801427780878,0.9134611147425964,-0.5074716911879346,-0.7457768225797609,1.0,,,,,,,,,,,,,,,0.0178829729093596,0.1,1046280773.0,100275954,48,10.434014649214904,2026-03-12,10.624230736842245,10.66,10.7,10.51,0.0089487879242398,0.0182303834163826,0.0123456790123457,10.43,10.54,10.33,10.53,97945413,1021730209.0,47,2026-03-11 14:55:00,10.431628982972383,0.008620689655172376,-0.0018957345971565287,0.0038131553860818457,0.052999999999999936,0.03409643994004985,0.01215936944297602,0.03656745310228193,0.9755985539156137,1.6187176924185152,0.019943019943019856,asof1455,14:55
2026-03-12,10.54,10.7,10.51,10.66,120650520.0,0.0,0.0,10.418365300701884,10.29408525818346,0.1785714285714283,0.0167515411417834,63.82057454367912,1.2768489134422405,0.7894736842063751,10.63,10.7,10.7,-194423317.0,-406991726.75,130067212.46850036,4687.5601,0.008578020906333,0.0066100094428707,-0.0019680114634623,1.3531543160618824,0.6959682380992733,0.1679999999990558,0.7894736842063751,0.2443952563798717,1.6342966510601569,-0.0019680114634623,0.1916666666666666,1.2594218813963436,1.780636881361112,1.4733590552060574,1.0238432031058065,1.1675009740931648,1.4841394792563505,-0.0212469886176557,-0.5634730753274657,1.0,,,,,,,,,,,,,,,0.0178657694962025,0.1,1281818963.0,120650520,48,10.624230736842245,2026-03-13,10.73379834440173,10.75,10.82,10.61,0.0069229216136708,0.010312992090762,0.0084427767354595,10.54,10.7,10.51,10.65,119508735,1269646684.0,47,2026-03-12 14:55:00,10.62388187775563,0.01139601139601143,0.017191977077363862,0.0056657223796034994,0.046168958742632604,0.04987673973891593,0.021093000958772867,0.047783336785548025,2.3492156433851066,2.0724763681001224,0.017840375586854414,asof1455,14:55
2026-03-13,10.62,10.82,10.61,10.75,98800659.0,0.0,0.0,10.449949557777892,10.309033282505313,0.1835714285714284,0.0170764119601312,66.69665384719593,1.0746070743387353,0.6666666666634921,10.7,10.82,10.82,-95622658.0,-389973847.55,146401467.52936715,4669.14,0.001866991500157,0.0189573459715639,0.0170903544714069,1.6345160276601602,0.7676372972005376,0.2723735408545514,0.6666666666634921,0.0719550825207074,2.010575402811144,0.0170903544714069,0.225,1.467888160017505,1.839195534007818,1.5306990461728551,0.6323189225050133,0.5258058116974573,1.743624822948848,0.5443270103404111,-0.4355245091360659,1.0,,,,,,,,,,,,,,,0.0177701197438022,0.1,1060506350.0,98800659,48,10.73379834440173,2026-03-16,10.898663539481104,10.92,10.98,10.76,0.0138291664633585,0.0153594459099708,0.0158139534883721,10.62,10.82,10.61,10.74,97456059,1046057578.0,47,2026-03-13 14:55:00,10.733633072521432,0.007504690431519689,0.028735632183908066,0.018009478672985635,0.029721955896452545,0.05572394057512775,0.027357949110388358,0.0557446641273891,3.2563135460709227,2.3359577755037417,0.019553072625698404,asof1455,14:55
2026-03-16,10.76,10.98,10.76,10.92,120639254.0,0.0,0.0,10.49471626656095,10.329064978160876,0.1885714285714284,0.0172684458398728,71.33241815571202,1.3007332775553158,0.72727272726942,10.82,10.98,10.98,25016596.0,-361697958.8,167665719.05541193,4671.5591,0.0121556810291578,0.0429799426934096,0.0308242616642517,2.2552925258011864,0.8784538021169467,0.5303030303002164,0.72727272726942,0.2629281651035731,2.3064616725390032,0.0308242616642517,0.2833333333333333,1.9379021440513744,1.9449438819899527,1.7127727323067103,0.8360582842474719,1.2095288784918274,1.9300072472266616,0.945630774896842,-0.2198492280790176,0.0,,,,,,,,,,,,,,,0.0176497267798369,0.1,1314806639.0,120639254,48,10.898663539481104,2026-03-17,10.95093989741657,10.91,11.0,10.88,0.0028333239392464,0.0047965842551327,-0.0009157509157509,10.76,10.98,10.76,10.91,119337654,1300602907.0,47,2026-03-16 14:55:00,10.898512442686362,0.014883720930232602,0.0360873694207029,0.042024832855778405,0.048030739673391,0.08587886929047728,0.042024832855778405,0.07144304909758903,4.0488130833128855,2.866810160686969,0.020164986251145798,asof1455,14:55
2026-03-17,10.89,11.0,10.88,10.91,85496458.0,0.0,0.0,10.534267098317049,10.34811202805724,0.187142857142857,0.0171533324603886,70.70890823246349,0.9203284777005124,0.2499999999979129,10.98,11.0,11.0,-60479862.0,-341821062.8,178295945.0652208,4637.4392,-0.0079826622830084,0.0450191570881226,0.0530018193711311,2.007733062417258,0.9947217494745751,-0.3740458015247204,0.2499999999979129,-0.0830246316841959,1.5779450323286106,0.0530018193711311,0.2416666666666666,1.6964121450528018,2.04914805056298,0.9626230695318404,-0.679579510024374,-0.0580419098023703,1.343599412293929,1.577554598086455,-0.3565909816374918,0.0,,,,,,,,,,,,,,,0.0174723891345458,0.1,936266573.0,85496458,48,10.95093989741657,2026-03-18,10.91178087514982,10.91,10.98,10.84,0.0001632332859597,-0.0035758594817953,0.0,10.89,11.0,10.88,10.92,83361105,912954426.0,47,2026-03-17 14:55:00,10.951803314027567,0.0,0.024390243902439046,0.04597701149425282,0.046979865771812124,0.0826979056660544,0.040445905388023284,0.07089518437097175,2.922049633856414,2.676768314840502,0.010989010989010917,asof1455,14:55
2026-03-18,10.91,10.98,10.84,10.91,87247941.0,0.0,0.0,10.570051184191614,10.36653458451438,0.1799999999999999,0.0164986251145722,70.70890823239692,0.928857454941298,0.4999999999964286,11.0,11.0,11.0,-60479862.0,-325273940.3,188016664.50328144,4658.3324,-0.0098126347607189,0.0360873694207029,0.0459000041814218,1.8886045322583185,1.1306477759783553,-0.4999999999972215,0.4999999999964286,-0.0737999911864083,1.4083543019952818,0.0459000041814218,0.1416666666666666,1.5670566148852538,2.1689945312663106,0.8495233098004515,0.1165043067787665,-0.0187386609140786,1.1927646164252816,1.3454426728154711,-0.6976829892308615,0.0,,,,,,,,,,,,,,,0.0172984335898769,0.1,952030414.0,87247941,48,10.91178087514982,2026-03-19,10.93927551037045,10.87,11.0,10.86,0.0026833648368882,0.0025197202487126,-0.003666361136572,10.91,10.98,10.84,10.91,85480741,932753226.0,47,2026-03-18 14:55:00,10.911852366838982,0.0,0.014883720930232602,0.0360873694207029,0.04103053435114501,0.0837886308510345,0.037121536194685945,0.06847535095858093,2.2968700746619253,2.456456795031337,0.012832263978001884,asof1455,14:55
2026-03-19,10.9,11.0,10.86,10.87,93779479.0,0.0,0.0,10.598617738078126,10.383041647317189,0.1757142857142856,0.0161650676830054,67.95342890612979,0.9850045909078666,0.0714285714280594,11.0,11.0,11.0,-154259341.0,-316828004.4,191679452.0038034,4583.2511,-0.0222523013624933,0.0196998123827392,0.0419521137452325,1.5444518971075645,1.2268558010715316,-0.7398373983697779,0.0714285714280594,-0.0151089770007405,0.8481277554819711,0.0419521137452325,0.1166666666666666,1.2681258581889678,2.228101590794632,0.6427771261469238,-1.2486096538928255,0.2015181614742032,0.7509272145421287,1.2083922692121123,-0.772554123302924,0.0,,,,,,,,,,,,,,,0.0172608619813572,0.1,1025879558.0,93779479,48,10.93927551037045,2026-03-20,10.87782251145098,10.87,10.94,10.8,0.0007196422677995,-0.0056176479750611,0.0,10.9,11.0,10.86,10.89,91515049,1001236146.0,47,2026-03-19 14:55:00,10.940672129236361,-0.0018331805682859637,-0.0027472527472527375,0.02157598499061919,0.03813155386081979,0.082844048907466,0.03310881320557835,0.06505033912603309,1.839672588228305,2.234309633874332,0.01285583103764927,asof1455,14:55
2026-03-20,10.87,10.94,10.8,10.87,74626358.0,0.0,0.0,10.62446366778497,10.399007494946131,0.1707142857142855,0.0157050860822695,67.95342890605849,0.7845902619444415,0.4999999999964222,11.0,11.0,11.0,-154259341.0,-304558671.85,193827148.1545692,4567.0179,-0.0218717151338363,0.0111627906976743,0.0330345058315106,1.4382881384896506,1.3206637739436269,-0.7615062761461724,0.4999999999964222,-0.242593656774351,0.7754297180813005,0.0330345058315106,0.0333333333333333,1.1646579122813945,2.278072217946669,0.6154040148401901,0.111001947029526,-0.6229562668455579,0.6820104986626097,0.9317747836397324,-1.0548752927698315,0.0,,,,,,,,,,,,,,,0.0172354068667027,0.1,811772277.0,74626358,48,10.87782251145098,2026-03-23,10.531269481164744,10.4,10.79,10.38,-0.0311619612543931,-0.0318586766718635,-0.0432382704691811,10.87,10.94,10.8,10.85,70201958,763716905.0,47,2026-03-20 14:55:00,10.878854760717642,-0.0018399264029438367,-0.005499541704858002,0.009302325581395321,0.04026845637583887,0.08199381003806638,0.027462121212121104,0.05973368962833203,1.4337824433447066,1.9852515686303556,0.012903225806451502,asof1455,14:55
2026-03-23,10.78,10.79,10.38,10.4,157949039.0,0.0,0.0,10.603086175614974,10.399040036095435,0.1878571428571425,0.018063186813185,44.38372923830178,1.5872912758312876,0.0487804878047582,11.0,11.0,11.0,-312208380.0,-296682809.9,190120630.23373955,4417.9971,-0.0542778105921855,-0.0476190476190475,0.0066587629731379,-1.0810670945226255,1.086177168539285,-3.193916349792888,0.0487804878047582,0.4620289633491693,-0.0816616801707024,0.0066587629731379,0.4333333333333333,-0.8926448638145945,1.929880249407684,-1.352754989603732,-1.3198654518836377,1.914860012280636,0.0073455135991248,0.1427101442971904,0.3956016998271762,1.0,,,,,,,,,,,,,,,0.0172608619813572,0.1,1663403894.0,157949039,48,10.531269481164744,2026-03-24,10.661895493328505,10.7,10.8,10.45,0.0251822589738943,0.0124036339965836,0.0288461538461537,10.78,10.78,10.38,10.4,154994039,1632679287.0,47,2026-03-23 14:55:00,10.533819865162686,-0.04323827046918116,-0.04674610449129235,-0.04761904761904756,0.0009624639076033503,0.039126464572316166,-0.017199017199017064,0.014390865194687796,-0.8638699825908177,0.4651437824453882,0.038461538461538325,asof1455,14:55
2026-03-24,10.46,10.8,10.45,10.7,139162484.0,0.0,0.0,10.612316063651644,10.408907575895585,0.2014285714285712,0.0188251001335095,55.0911065547508,1.355788210804013,0.7142857142836706,11.0,11.0,11.0,-173045896.0,-278025390.65,182891389.5207085,4474.7224,-0.0350876406099297,-0.0192483959670027,0.0158392446429269,0.4353103222946395,1.0098293718335791,-1.4893617021202707,0.7142857142836706,0.3043829905970829,0.5739991091166887,0.0158392446429269,0.5583333333333333,0.334313851079474,1.7934571998994635,0.0175758082473203,0.7821360771419136,1.3205243937096174,0.505980630004789,0.4029398185051026,0.8452404055510727,1.0,,,,,,,,,,,,,,,0.0172608619813572,0.1,1483735861.0,139162484,48,10.661895493328505,2026-03-25,10.696565849880509,10.79,10.82,10.54,-0.0003209486092982,0.0032518004489634,0.0084112149532709,10.46,10.8,10.46,10.67,137194584,1462713989.0,47,2026-03-24 14:55:00,10.661601546894882,0.02596153846153837,-0.01839926402943881,-0.021998166819431786,0.0339147286821706,0.03894831244803787,0.008268367587999093,0.04006392374669754,0.4162009426212305,1.3001288759432046,0.03186504217432051,asof1455,14:55
2026-03-25,10.71,10.82,10.54,10.79,104005762.0,0.0,0.0,10.629238343303868,10.421402409472778,0.2099999999999998,0.0194624652455959,57.720850265218,1.0041632571057788,0.8928571428539506,11.0,11.0,11.0,-69040134.0,-249898717.6,169091915.4154088,4537.4656,-0.0259463665581271,-0.0109990834097158,0.0149472831484112,0.7655316985493609,0.9896949230004785,-0.9999999999952428,0.8928571428539506,0.0041546147295669,1.069587408455833,0.0149472831484112,0.6666666666666666,0.5962305785022202,1.7332398998644114,0.4029892931501663,1.327379605462881,0.2375628667079878,0.8826038044504092,0.3638393171030704,1.220502099498907,1.0,,,,,,,,,,,,,,,0.0172608619813572,0.1,1112504482.0,104005762,48,10.696565849880509,2026-03-26,10.893231228834228,10.88,10.95,10.75,0.0095673057306977,0.0183858428689911,0.0083410565338277,10.71,10.81,10.55,10.8,102133165,1092291806.0,47,2026-03-25 14:55:00,10.694780740418649,0.009345794392523477,-0.006439742410303428,-0.010082493125572856,0.052631578947368585,0.06162183968448609,0.01872376550488153,0.05200084312646536,0.9793338316843015,1.6623697213110367,0.024074074074074053,asof1455,14:55
2026-03-26,10.75,10.95,10.75,10.88,92898812.0,0.0,0.0,10.653120405846355,10.43643839604744,0.2128571428571426,0.0195640756302502,60.22888485951675,0.9031645383151206,0.6499999999967562,11.0,10.95,10.95,23858678.0,-222487365.7,166796792.5296876,4477.5343,-0.0230658974805024,0.000919963201472,0.0239858606819745,1.0658772879651328,1.0179691735471728,-0.5637583892590934,0.6499999999967562,-0.1018505291903637,1.476923146805438,0.0239858606819745,0.675,0.8371317989082558,1.7350935825977272,0.748993119732885,0.5614380771111802,-0.147190919435991,1.1871007887954164,0.6300648830611687,1.230410888370265,0.0,,,,,,,,,,,,,,,0.0172608619813572,0.1,1011968240.0,92898812,48,10.893231228834228,2026-03-27,10.829732243801834,10.81,10.93,10.78,-0.0046201981799786,-0.0058292148306109,-0.0064338235294117,10.75,10.95,10.75,10.87,91431912,996004892.0,47,2026-03-26 14:55:00,10.893405488446966,0.007414272474513428,0.04519230769230753,0.0,0.040191387559808556,0.07774049767307778,0.022770041400075103,0.05776003252934703,1.2697159543996783,1.810761415391438,0.01839926402943876,asof1455,14:55
2026-03-27,10.87,10.93,10.78,10.81,79581239.0,0.0,0.0,10.668061319575274,10.448686317488509,0.2142857142857141,0.0198229152900734,57.37791732242917,0.774587103078689,0.1999999999986737,11.0,10.95,10.95,-55722561.0,-194956987.05,145213669.17442843,4502.5698,-0.0141116372677233,-0.0055197792088315,0.0085918580588918,0.6623805086456307,1.0237500097334633,-0.886666666662527,0.1999999999986737,-0.2554251618223187,0.9588245159121608,0.0085918580588918,0.7333333333333333,0.47920201430886,1.7126959399985386,0.4679021443105812,-0.8725144938986111,-0.701879321432083,0.760971317072263,0.1489064418703754,1.4132355063234212,0.0,,,,,,,,,,,,,,,0.0172984335898769,0.1,861843510.0,79581239,48,10.829732243801834,2026-03-30,10.808231687339536,10.81,10.86,10.72,-0.000163581189682,-0.001985326689365,0.0,10.87,10.93,10.78,10.81,77850883,843141929.0,47,2026-03-27 14:55:00,10.830216646354545,-0.006433823529411797,0.010280373831775824,-0.00551977920883151,0.04444444444444451,0.07385472956000783,0.015071130100004826,0.050568432500108784,0.829318942882657,1.549651012192335,0.013876040703052761,asof1455,14:55
2026-03-30,10.75,10.86,10.72,10.81,69407228.0,0.0,0.0,10.681579289139531,10.460532667734787,0.2171428571428569,0.0200872208272744,57.37791732238738,0.682494607663041,0.6428571428525556,11.0,10.95,10.95,-55722561.0,-171940800.75,127951784.7708996,4491.95,0.016739010534887,0.039423076923077,0.0226840663881899,0.5914111684336408,1.0179778617276944,-0.8749999999959689,0.6428571428525556,-0.3820006528142473,0.9082971367542176,0.0226840663881899,0.7416666666666667,0.404358945153926,1.678145480447294,0.4648603976592609,0.5392454139328571,-1.138651354770197,0.7078340625884382,0.5740441580488788,1.4198928824036003,1.0,,,,,,,,,,,,,,,0.0174723891345458,0.1,750169401.0,69407228,48,10.808231687339536,2026-03-31,10.933473829687015,10.92,11.0,10.83,0.0114221859099923,0.0115876626233117,0.0101757631822385,10.75,10.86,10.73,10.83,68234233,737477799.0,47,2026-03-30 14:55:00,10.808032369910277,0.0018501387604070718,0.003707136237256714,0.04134615384615392,0.03735632183908044,0.08313888440031336,0.014757554462403455,0.05124619806798303,0.857591434973842,1.5482668191954403,0.012003693444136565,asof1455,14:55
2026-03-31,10.87,11.0,10.83,10.92,110767762.0,0.0,0.0,10.704286023507198,10.475597170432009,0.2157142857142855,0.0197540554683393,60.76284197157848,1.104810084321334,0.5294117647027675,11.0,11.0,11.0,55045201.0,-150361440.0,128019685.36921936,4450.0493,-0.0055138839450689,0.0205607476635514,0.0260746316086203,0.9999985665182892,1.060147001005905,-0.3708609271505992,0.5294117647027675,0.0996734508060216,1.6044926247677478,0.0260746316086203,0.6916666666666667,0.7517892166493285,1.706130527846489,0.8836152943869066,0.1742227873486309,0.5845072102853596,1.2448217083838575,0.6678059413848596,1.222790393288067,0.0,,,,,,,,,,,,,,,0.0176497267798369,0.1,1211076427.0,110767762,48,10.933473829687015,2026-04-01,10.903539707591197,10.82,11.03,10.8,-0.0015073527846891,-0.0027378418389354,-0.0091575091575091,10.87,11.0,10.83,10.93,108744417,1188963157.0,47,2026-03-31 14:55:00,10.933555853262794,0.011100832562442209,0.004595588235293935,0.021495327102803774,0.04393505253104091,0.09314016680474846,0.022355252081189825,0.05956232864211253,1.3438635367764844,1.782186553026808,0.015553522415370533,asof1455,14:55
2026-04-01,10.93,11.03,10.8,10.82,88758066.0,0.0,0.0,10.715306402220795,10.486889066483416,0.2185714285714283,0.0202006865592798,56.37929207055744,0.9012490494990284,0.086956521738751,11.0,11.03,11.03,-33712865.0,-139434041.1,128182689.47561872,4526.0668,-0.0025121512766952,0.0027803521779425,0.0052925034546378,0.4789903166346863,1.045046634087814,-0.8235294117609375,0.086956521738751,-0.1039736450309369,0.8247695264664339,0.0052925034546378,0.7416666666666667,0.2725694383817087,1.6675084560283655,0.4787387830758673,-1.2198129901525965,-0.148657349926343,0.6077234605694589,0.0188530412833283,1.3724388314848104,1.0,,,,,,,,,,,,,,,0.0178731417218241,0.1,967777097.0,88758066,48,10.903539707591197,2026-04-02,10.86514544219553,10.88,10.93,10.82,0.0041724068572577,-0.0035212661599182,0.0055452865064695,10.93,11.03,10.8,10.82,87364966,952706176.0,47,2026-04-01 14:55:00,10.904899522309664,-0.009157509157509125,0.0009250693802034249,0.002780352177942591,0.03145853193517634,0.09059296519236892,0.009940728986792324,0.04733988516022336,0.6019471483914897,1.3942796202748577,0.02125693160813296,asof1455,14:55
2026-04-02,10.84,10.93,10.82,10.88,56458203.0,0.0,0.0,10.7309915067712,10.499777949549532,0.2114285714285711,0.0194327731092418,58.32209902206459,0.58358950124691,0.545454545449594,11.03,11.03,11.03,22745338.0,-130247030.4,132809129.15076582,4478.9141,0.0003081606767367,0.0,-0.0003081606767367,0.7047699004031639,1.0935776355027114,-0.7094594594560982,0.545454545449594,-0.5385574521339271,1.151971776174528,-0.0003081606767367,0.6166666666666667,0.4646585460915361,1.7096862470457357,0.5672535922027022,0.2416749212551227,-1.6779857806353409,0.856847103260508,-0.1605660633069696,0.9232422072096031,0.0,,,,,,,,,,,,,,,0.0180985922991719,0.1,613426587.0,56458203,48,10.86514544219553,2026-04-03,10.81271682346546,10.81,10.9,10.78,-0.0061841154903069,-0.0048253950219993,-0.0064338235294117,10.84,10.93,10.83,10.85,54112403,587920798.0,47,2026-04-02 14:55:00,10.864806687664563,0.0027726432532346745,0.0037002775208139216,-0.0027573529411766273,0.02455146364494798,0.08513914088120034,0.011183597390493905,0.048723135873999235,0.7034524581129528,1.431503100692461,0.009216589861751119,asof1455,14:55
2026-04-03,10.9,10.9,10.78,10.81,50136121.0,0.0,0.0,10.73851612517394,10.5099491643184,0.2035714285714283,0.0188317695255697,55.23141516853367,0.5268784698676552,0.249999999997924,11.03,11.03,11.03,-27390783.0,-119473911.4,131974118.74796017,4440.7889,-0.0137212531385967,0.0,0.0137212531385967,0.351148858792953,1.1227850708638134,-1.080701754380652,0.249999999997924,-0.6407853644965189,0.6977362627884437,0.0137212531385967,0.5333333333333333,0.1269300039423233,1.7313223353251734,0.2269521168618689,-0.694445408558297,-1.992948402174302,0.4814824609878301,0.2666642548036513,0.6231109464473128,0.0,,,,,,,,,,,,,,,0.0181760323038256,0.1,542107679.0,50136121,48,10.81271682346546,2026-04-07,10.773874008207963,10.79,10.84,10.72,-0.0033419048836297,-0.0035923270618908,-0.0018501387604071,10.9,10.9,10.78,10.83,49291121,532968102.0,47,2026-04-03 14:55:00,10.812659383421204,-0.004595588235294157,-0.008241758241758212,0.0018501387604070718,0.026540284360189403,0.07068901216582701,0.007957559681697646,0.04530599057652562,0.5017727466058581,1.3196056001684815,0.011080332409972391,asof1455,14:55
2026-04-07,10.81,10.84,10.72,10.79,57085052.0,0.0,0.0,10.743419351347852,10.519131158930907,0.2035714285714283,0.0188666754931797,54.345280132281474,0.6125914837370201,0.5833333333284636,11.03,11.03,11.03,-84475835.0,-106730060.55,122060100.46870244,4440.6162,-0.0114279544518526,-0.0018501387604071,0.0095778156914454,0.2288172214480224,1.10176655923571,-1.178947368415264,0.5833333333284636,-0.4900569865132308,0.182321868198906,0.0095778156914454,0.5333333333333333,-0.0032250181624222,1.6934229784486896,0.1310828339434604,0.3549513403151676,-1.4584211592179217,0.0582493500978416,0.1251017443535486,0.6127711134914645,1.0,,,,,,,,,,,,,,,0.0184228260423917,0.1,615027158.0,57085052,48,10.773874008207963,2026-04-08,10.80047527719116,10.88,10.9,10.63,0.0009708319917665,0.0024690532823132,0.0083410565338277,10.81,10.84,10.72,10.8,56077165,604148368.0,47,2026-04-07 14:55:00,10.773518383106564,-0.0009250693802035359,-0.001848428835489746,-0.0009250693802035359,0.03151862464183375,0.07182974198914449,0.0039507320474088115,0.04124624448093006,0.2577474096572435,1.1922593518130984,0.011111111111111039,asof1455,14:55
2026-04-08,10.81,10.9,10.63,10.88,93437684.0,0.0,0.0,10.756427032171866,10.53096292421186,0.2128571428571425,0.0195640756302502,57.63893299847606,0.9934028109695854,0.925925925922498,11.03,11.03,11.03,8961849.0,-85514478.55,101761933.95590384,4595.556,0.0326977725842272,-0.0036630036630035,-0.0363607762472307,0.5805441441562981,1.0592273528272598,-0.7046979865738651,0.925925925922498,-0.0066190466676463,0.9284053857598572,-0.0363607762472307,0.6333333333333333,0.3141388816996914,1.635647555180617,0.5480042544331751,1.4490716495618603,0.2385840031308294,0.6490910819851653,-1.3293307470059306,0.9442738973404404,0.0,,,,,,,,,,,,,,,0.0187263426979003,0.1,1009171396.0,93437684,48,10.80047527719116,2026-04-09,10.832474084611691,10.81,10.93,10.78,-0.0043681907526017,0.0029627221579877,-0.0064338235294117,10.81,10.9,10.66,10.9,91872884,992137840.0,47,2026-04-08 14:55:00,10.799027926455427,0.010194624652456019,0.0018382352941175295,-0.001831501831501825,0.04406130268199249,0.07554900106126894,0.01174177379681618,0.04968349569588981,0.8367992671680884,1.4305443655543908,0.02201834862385323,asof1455,14:55
2026-04-09,10.86,10.93,10.78,10.81,53126061.0,0.0,0.0,10.761529219584068,10.54011168079508,0.2135714285714282,0.0197568389057732,54.35444683413876,0.5793418777390894,0.1999999999986737,11.03,10.93,10.93,-44164212.0,-71968997.3,87307665.26909678,4566.2237,0.00887236131822,-0.0009242144177449,-0.0097965757359649,0.2269534868962818,1.036737639809804,-1.0301003344433337,0.1999999999986737,-0.5458625132470947,0.3184690051474978,-0.0097965757359649,0.6833333333333333,-0.0372381997205235,1.6081574617539562,0.2518939918854634,-0.8544111271432986,-1.6185693963438703,0.1468851258857819,-0.4874204471700464,1.09899959957176,0.0,,,,,,,,,,,,,,,0.0188284348295396,0.1,575486679.0,53126061,48,10.832474084611691,2026-04-10,10.7971176337874,10.78,10.85,10.76,-0.0011917082527843,-0.0032639312633591,-0.0027752081406106,10.86,10.93,10.78,10.83,51706157,560122589.0,47,2026-04-09 14:55:00,10.832802542258168,-0.004595588235294157,0.0018501387604070718,0.0009242144177448175,0.028490028490028463,0.05452766858596547,0.0031957760177852013,0.041695740125452296,0.26173380140870034,1.1887855161610699,0.013850415512465407,asof1455,14:55
2026-04-10,10.84,10.85,10.76,10.78,54411476.0,0.0,0.0,10.763288341528442,10.547976871588684,0.2099999999999997,0.0194805194805176,52.961546444190645,0.6155927281742323,0.2222222222197487,11.03,10.93,10.93,-98575688.0,-67176615.85,82977733.60136516,4636.5655,0.0351985763692139,-0.0091911764705883,-0.0443897528398022,0.0795793260546554,1.0252927139939667,-1.1904761904705232,0.2222222222197487,-0.4851696896696507,-0.3784035883752243,-0.0443897528398022,0.6166666666666667,-0.1814697899169031,1.587018781105838,0.1168207750616665,-0.7706762810803401,-1.3935804672516243,-0.4173264309744258,-1.5500103400193592,0.8557665620370143,0.0,,,,,,,,,,,,,,,0.0188492225093747,0.1,587487107.0,54411476,48,10.7971176337874,2026-04-13,10.769327531076843,10.81,10.82,10.72,-0.0009900249464893,-0.0025738445808531,0.0027829313543601,10.84,10.85,10.76,10.8,52564076,567560505.0,47,2026-04-10 14:55:00,10.797497990833131,-0.0009250693802035359,0.000926784059314345,-0.007352941176470562,0.013133208255159623,0.04765313126758497,-0.0008788565613579991,0.037911663374465165,-0.08126859657543717,1.0717975823122627,0.00833333333333332,asof1455,14:55
2026-04-13,10.77,10.82,10.72,10.81,54098723.0,0.0,0.0,10.767737070906684,10.55656779383168,0.1821428571428569,0.0168494779965624,54.22482656334699,0.6279329623048714,0.8999999999910018,11.03,10.93,10.93,-44476965.0,-64619331.2,82849679.60453205,4646.1546,0.0462453191593954,0.0,-0.0462453191593954,0.2320317675698686,1.1593607368760244,-1.2078431372482656,0.8999999999910018,-0.4653218661340826,0.2431194217786471,-0.0462453191593954,0.225,-0.0230139901128129,1.7498880707947737,0.1224152034848085,1.3964244688189762,-1.3282736683111416,0.0936082296615874,-1.5914919393404774,-0.4864270869970655,0.0,,,,,,,,,,,,,,,0.0188492225093747,0.1,582606867.0,54098723,48,10.769327531076843,2026-04-14,10.827359300994283,10.82,10.88,10.78,0.0016058557811549,0.0053886159326086,0.0009250693802034,10.77,10.81,10.72,10.79,52878523,569423135.0,47,2026-04-13 14:55:00,10.768514373973721,0.0009276437847867136,-0.008272058823529549,-0.0018501387604071828,0.0037209302325580396,0.0586224328180347,-0.0023577273357682227,0.03616853445911583,-0.22758107570827962,1.0153767233490085,0.008341056533827605,asof1455,14:55
2026-04-14,10.81,10.88,10.78,10.82,50954891.0,0.0,0.0,10.772714492725097,10.565204915345394,0.1607142857142856,0.0148534459994704,54.66191889748464,0.6163691177547619,0.3999999999960035,11.03,10.93,10.93,6477926.0,-65546264.7,81940351.66923654,4701.2837,0.0587007496842442,0.0027803521779425,-0.0559203975063016,0.2942209341531242,1.2911707036878974,-1.3066666666585316,0.3999999999960035,-0.4839092777731643,0.8789831777966431,-0.0559203975063016,0.0083333333333333,0.0516412904366128,1.8992662516412315,0.0442354442278201,-0.1894765148432833,-1.372293133592238,0.6226143984526266,-1.8895000974422929,-1.21691910794749,1.0,,,,,,,,,,,,,,,0.0188492225093747,0.1,551706913.0,50954891,48,10.827359300994283,2026-04-15,10.88770222474754,10.95,10.96,10.79,0.0062571372225084,0.0055731893692412,0.0120147874306837,10.81,10.88,10.79,10.81,49615325,537221804.0,47,2026-04-14 14:55:00,10.827739292244885,0.0,0.0,0.001853568118628468,-0.010073260073260037,0.07282217693543092,-0.0007856911771502162,0.037064184689062474,-0.07654008880257346,1.0351625579121497,0.008325624421831788,asof1455,14:55
2026-04-15,10.8,10.96,10.79,10.95,66740966.0,0.0,0.0,10.78959882675128,10.577821147629152,0.1528571428571427,0.0139595564253085,60.00809563886382,0.8165863754399476,0.9411764705826904,11.03,10.96,10.96,73218892.0,-58861327.0,87355811.79010426,4685.2464,0.0195167679384171,0.0064338235294116,-0.0130829444090054,1.049353469844578,1.3854614521917683,-0.5233644859778852,0.9411764705826904,-0.2026225847326072,1.5119797560505548,-0.0130829444090054,0.0083333333333333,0.8216761218504015,1.986241659996936,0.8002928131848185,1.5570205882002914,-0.3459973296790058,1.157863695053167,-0.511983908183267,-1.1978583405832848,0.0,,,,,,,,,,,,,,,0.0188492225093747,0.1,726655764.0,66740966,48,10.88770222474754,2026-04-16,10.928973212707373,10.9,11.01,10.84,-0.0019202545472718,0.0037906058696226,-0.004566210045662,10.8,10.96,10.79,10.95,64447166,701537188.0,47,2026-04-15 14:55:00,10.885462178430002,0.012014787430683738,0.0157699443413728,0.006433823529411686,0.0036663611365719273,0.07636658745788161,0.012623110001387161,0.04924736777229266,1.2569705583798436,1.3748290997798622,0.015525114155251298,asof1455,14:55
2026-04-16,10.93,11.01,10.84,10.9,70315654.0,0.0,0.0,10.800113224203535,10.588384388690493,0.1507142857142856,0.0138269986893827,57.21367759504488,0.8693281563405788,0.3529411764685152,11.03,11.01,11.01,2903238.0,-55692172.0,88383292.54898089,4736.6077,0.0373139844199923,0.0083256244218317,-0.0289883599981606,0.6627558583607616,1.4048358754326922,-0.8625592417004316,0.3529411764685152,-0.1400345997511373,0.6629693046061524,-0.0289883599981606,0.0083333333333333,0.450027714491008,1.9665563750325312,0.4835689612340363,-0.3473177021601835,-0.1172823652874488,0.46661330294923,-1.075279085750286,-1.1798499374471805,0.0,,,,,,,,,,,,,,,0.0188492225093747,0.1,768477899.0,70315654,48,10.928973212707373,2026-04-17,10.85798968595808,10.83,10.93,10.81,-0.0038541572515522,-0.006494985884562,-0.0064220183486238,10.93,11.01,10.84,10.91,68307954,746572550.0,47,2026-04-16 14:55:00,10.929511225003168,-0.0036529680365295913,0.009250693802035137,0.009250693802035137,0.0,0.06231734665492916,0.008737460126670094,0.04411905312263498,0.8536494808161584,1.2198114968555782,0.01558203483043079,asof1455,14:55
2026-04-17,10.9,10.93,10.81,10.83,55186900.0,0.0,0.0,10.8029595838032,10.596306212012117,0.1485714285714284,0.0137185067932977,53.46027265921023,0.6989627459292963,0.1666666666652753,11.01,11.01,11.01,-52283662.0,-50593388.05,85442468.13392763,4728.6716,0.0198651566552872,0.0046382189239333,-0.0152269377313538,0.1820028013233851,1.3909361562767957,-1.211538461530306,0.1666666666652753,-0.3581578344071106,-0.0197825974239246,-0.0152269377313538,0.0083333333333333,-0.0314990300406878,1.902746614425112,0.1474544035998463,-0.9467773138541552,-0.8953944904413368,-0.0940525936586299,-0.564367341800786,-1.164515144502005,1.0,,,,,,,,,,,,,,,0.0188492225093747,0.1,599218791.0,55186900,48,10.85798968595808,2026-04-20,10.949764036848736,11.02,11.03,10.81,0.0110585444920345,0.0084522414871457,0.0175438596491228,10.9,10.93,10.81,10.81,53376176,579619936.0,47,2026-04-17 14:55:00,10.859150644287444,-0.008256880733944927,-0.0009242144177449285,0.002782931354360141,-0.00551977920883151,0.06818181818181834,-0.000462320850670328,0.03351020603279342,-0.04533294649387805,0.9186392469919255,0.01110083256244211,asof1455,14:55
2026-04-20,10.82,11.03,10.81,11.02,109082710.0,0.0,0.0,10.823630099631467,10.610197811618274,0.1542857142857141,0.0140005185377223,60.9488544707171,1.352070989266534,0.9545454545411164,11.01,11.03,11.03,56799048.0,-40040468.6,85019859.60871218,4757.4419,0.0239525606831938,0.0194264569842737,-0.0045261036989201,1.2727678727507463,1.383357422298778,0.0648148148143933,0.9545454545411164,0.3016374830962811,1.1390223066197185,-0.0045261036989201,0.0333333333333333,1.0778250640304678,1.8495353196533064,1.3447510937858258,1.5734255088366769,1.4605160901622158,0.8806581252432192,-0.1694668384794788,-1.059784506327453,1.0,,,,,,,,,,,,,,,0.0188492225093747,0.1,1194429935.0,109082710,48,10.949764036848736,2026-04-21,11.178271180886943,11.18,11.25,11.03,0.0143621761240422,0.0208686820345374,0.014519056261343,10.82,11.03,10.81,11.02,106235658,1163054156.0,47,2026-04-20 14:55:00,10.94786983858094,0.01754385964912286,0.006392694063926951,0.0194264569842737,0.013799448022079108,0.0987038883349951,0.019143623416258304,0.0523970204367481,1.8879915529010618,1.4369031518628348,0.01996370235934654,asof1455,14:55
2026-04-21,11.04,11.25,11.03,11.18,96993849.0,0.0,0.0,10.857570090142758,10.628879850581608,0.157142857142857,0.014055711730129,65.92169762199697,1.24942994444612,0.6818181818150822,11.03,11.25,11.25,153792897.0,-16740404.75,69715734.47701953,4767.997,0.0141904433463566,0.0332717190388169,0.0190812756924603,2.051826699078481,1.455301524470784,0.9545454545393828,0.6818181818150822,0.2226874028512122,2.4461235763959865,0.0190812756924603,0.0416666666666666,1.848637417417028,1.899073086729986,2.1314718051483084,0.700165001917311,1.1592506095281496,1.9519883700483311,0.6965971391448222,-1.0144089258385571,0.0,,,,,,,,,,,,,,,0.0188284348295396,0.1,1084223547.0,96993849,48,11.178271180886943,2026-04-22,11.136918336689972,11.12,11.23,11.09,-0.0038534582567107,-0.003699395329367,-0.0053667262969588,11.04,11.25,11.03,11.18,95454329,1067012431.0,47,2026-04-21 14:55:00,11.178250815633517,0.014519056261343088,0.025688073394495303,0.03327171903881698,0.07499999999999996,0.1454918032786885,0.03322397301418589,0.06599710775978518,3.044342624520181,1.8034697278376561,0.019677996422182525,asof1455,14:55
2026-04-22,11.2,11.23,11.09,11.12,58969187.0,0.0,0.0,10.882563414891068,10.64498215056254,0.1507142857142858,0.0135534429599165,62.69739051769002,0.8009852262262239,0.2142857142841782,11.25,11.25,11.25,94823710.0,-3346924.45,63887835.887406304,4799.627,0.0244129316229773,0.015525114155251,-0.0088878174677262,1.5754086215654024,1.5763685784726609,-0.8625592417004426,0.2142857142841782,-0.221912776245891,1.536609169592354,-0.0088878174677262,0.0083333333333333,1.36549921490241,2.0055785729225755,0.442479516876601,-0.784124348704484,-0.4462857980524992,1.1975724956758158,-0.3303982707136944,-1.1147111697665324,1.0,,,,,,,,,,,,,,,0.0187263426979003,0.1,656735020.0,58969187,48,11.136918336689972,2026-04-23,11.225589996184848,11.2,11.3,11.08,0.0094955032540331,0.0079619565138364,0.0071942446043165,11.2,11.23,11.09,11.12,58076320,646804126.0,47,2026-04-22 14:55:00,11.137140335338051,-0.00536672629695889,0.026777469990766356,0.01552511415525104,0.03925233644859816,0.14521112255406776,0.023988213085316845,0.05788897873757293,2.599190802368216,1.5930843306499012,0.012589928057554009,asof1455,14:55
2026-04-23,11.12,11.3,11.08,11.2,80544631.0,0.0,0.0,10.912795470615729,10.663179457101473,0.1585714285714287,0.0141581632653048,65.14528647391896,1.1117614977492594,0.545454545452061,11.25,11.3,11.3,175368341.0,8873499.3,72893718.75505309,4786.3273,0.0104968794439108,0.0275229357798163,0.0170260563359054,1.811199734844348,1.5741550401700526,-0.3153153153133309,0.545454545452061,0.1059456923828578,2.284076660424988,0.0170260563359054,0.0583333333333333,1.5840392633144995,1.9520811362374824,0.9419823460261664,0.2675825792211468,0.7268820103615544,1.7927309442595205,0.6100122362376956,-0.921583161181776,1.0,,,,,,,,,,,,,,,0.0184228260423917,0.1,904161004.0,80544631,48,11.225589996184848,2026-04-24,11.276212116695984,11.29,11.34,11.15,0.0068046532764272,0.0045095287221732,0.0080357142857143,11.12,11.3,11.09,11.2,79038731,887289368.0,47,2026-04-23 14:55:00,11.22600725965603,0.007194244604316502,0.016333938294010864,0.02752293577981635,0.037998146431881485,0.14169215086646259,0.029364459353889982,0.06312292358803973,2.950659303981166,1.7721785117524227,0.018750000000000076,asof1455,14:55
2026-04-24,11.24,11.34,11.15,11.29,86658921.0,0.0,0.0,10.948719711509469,10.68373095031126,0.1635714285714286,0.0144881690497266,67.71229944869039,1.2013308455022689,0.7368421052592753,11.3,11.34,11.34,262027262.0,20781928.5,91459264.96180804,4769.3688,0.0086064762881821,0.0424746075715603,0.0338681312833781,2.086429711283073,1.6200186274027055,-0.061135371178675,0.7368421052592753,0.1834299801842744,2.6377353196610565,0.0338681312833781,0.0666666666666666,1.8290305624777088,1.9596738830556115,1.164479838038945,0.8823566597326872,0.990369727949424,2.0464277396171178,1.2130985547814277,-0.8781266049780718,0.0,,,,,,,,,,,,,,,0.0181760323038256,0.1,977184375.0,86658921,48,11.276212116695984,2026-04-27,11.30146372851083,11.24,11.43,11.22,0.00101538782204,0.002239370060932,-0.0044286979627988,11.24,11.34,11.16,11.31,84880422,957101830.0,47,2026-04-24 14:55:00,11.275884443647087,0.009821428571428648,0.011627906976744207,0.04432132963988922,0.03952205882352944,0.16238437821171625,0.037519493624438294,0.07120870100554089,3.2335299569147833,2.017433184993711,0.0159151193633952,asof1455,14:55
2026-04-27,11.28,11.43,11.22,11.24,65863990.0,0.0,0.0,10.976460691365707,10.701969279809251,0.17,0.015124555160141,64.85458135394143,0.9218205559864032,0.0952380952376401,11.34,11.43,11.43,196163272.0,33376220.15,97218644.82649104,4770.9469,0.0028387104422651,0.0199637023593466,0.0171249919170815,1.5502312272514167,1.6146553620873003,-0.5882352941141845,0.0952380952376401,-0.0814046991109937,1.67444271765494,0.0171249919170815,0.1,1.2871277209455991,1.9048093040752057,0.674734320034459,-1.1512840856333355,0.0269372105390366,1.256774462227049,0.5852332433159757,-0.7457706124837938,1.0,,,,,,,,,,,,,,,0.0180985922991719,0.1,744359494.0,65863990,48,11.30146372851083,2026-04-28,11.313493213918695,11.36,11.39,11.19,0.006538542163585,0.0010644183529535,0.0106761565836297,11.28,11.43,11.22,11.23,64715029,731443460.0,47,2026-04-27 14:55:00,11.302528505395555,-0.005314437555358653,0.009892086330935301,0.019056261343012748,0.03885291396854762,0.1412601626016261,0.028247035663599318,0.06101881741595161,2.0287822032626686,1.7531899679550742,0.018699910952804905,asof1455,14:55
2026-04-28,11.23,11.39,11.19,11.36,71564203.0,0.0,0.0,11.012988244568977,10.723544057520424,0.1650000000000001,0.0145246478873226,68.31121487437798,1.0000901439714724,0.849999999995745,11.43,11.43,11.43,267727475.0,49548721.95,107419788.58569822,4758.2083,-0.0020530004528106,0.0161001788908765,0.0181531793436872,2.103101548054067,1.7542071942230058,-0.4242424242398543,0.849999999995745,9.013990874880013e-05,2.031085295573261,0.0181531793436872,0.075,1.7895901584208571,2.02345594241881,0.8116416718573143,1.2428620798302268,0.3317307630921496,1.5220218955475853,0.6135730940887809,-0.8290723046656676,1.0,,,,,,,,,,,,,,,0.0178731417218241,0.1,809641125.0,71564203,48,11.313493213918695,2026-04-29,11.321184844372135,11.4,11.44,11.21,-0.0034168270799176,0.0006798634434126,0.0035211267605634,11.23,11.39,11.19,11.33,70121503,793264426.0,47,2026-04-28 14:55:00,11.312712820773394,0.008007117437722311,0.011607142857142927,0.013416815742397059,0.04810360777058276,0.16443987667009252,0.03536507356300844,0.06811218477492353,2.350380614704043,1.9804154297866914,0.017652250661959495,asof1455,14:55
2026-04-29,11.41,11.44,11.21,11.4,98486926.0,0.0,0.0,11.049846506990978,10.74572294088041,0.1707142857142857,0.014974937343357,69.39186453079246,1.3882404095899652,0.8260869565181501,11.43,11.44,11.44,366214401.0,65107181.95,127707839.82409623,4810.3468,0.0022334652255269,0.0251798561151079,0.022946390889581,2.0511083272374897,1.7814769562857724,-0.1757322175721885,0.8260869565181501,0.3280370528426866,2.3577817890016988,0.022946390889581,0.0916666666666666,1.7012918278908449,2.003044436983579,1.023692135380438,1.1576896089488695,1.4976511769577077,1.7528656553947013,0.787103951321647,-0.7576807467667792,0.0,,,,,,,,,,,,,,,0.0175057589851721,0.1,1114988694.0,98486926,48,11.321184844372135,2026-04-30,11.334691430742316,11.3,11.42,11.29,-0.0057288218647091,0.0011930364671057,-0.0087719298245613,11.41,11.44,11.21,11.39,95755226,1083861045.0,47,2026-04-29 14:55:00,11.319079806672901,0.002640845070422726,0.008857395925597977,0.024280575539568527,0.04304029304029311,0.1586978636826044,0.03823891344970609,0.07102557673019061,2.2695661299137404,2.103335342113982,0.0201931518876206,asof1455,14:55
2026-04-30,11.35,11.42,11.29,11.3,62073358.0,0.0,0.0,11.073670649182311,10.7638959592122,0.1735714285714286,0.0153603034133994,63.55654917874844,0.8917371914165255,0.0769230769224967,11.44,11.44,11.44,304141043.0,81999877.35,135619019.48887312,4807.3069,0.0043832355551614,0.0089285714285716,0.0045453358734102,1.3039551075841025,1.7847101479656713,-0.8065843621352632,0.0769230769224967,-0.1145838182704284,1.6379794404001395,0.0045453358734102,0.125,0.9696006706074686,1.955920545771836,0.4360655725143871,-1.2090273567393863,-0.0990547237882764,1.175582706718146,0.0662958756048772,-0.6195311806647517,0.0,,,,,,,,,,,,,,,0.0172984335898769,0.1,703582359.0,62073358,48,11.334691430742316,2026-05-06,11.170840240926072,11.25,11.3,11.06,-0.0114300671746839,-0.0144557256646477,-0.004424778761062,11.35,11.42,11.29,11.31,60090258,681166997.0,47,2026-04-30 14:55:00,11.335730943275363,-0.007894736842105288,0.006227758007117501,0.009821428571428648,0.04528650646950094,0.15055951169888093,0.02869616626495075,0.06089267568201362,1.5270842308194201,1.8198322006748895,0.011494252873563288,asof1455,14:55
2026-05-06,11.29,11.3,11.06,11.25,129215903.0,0.0,0.0,11.09046392068876,10.77983379661508,0.1835714285714287,0.0163174603174588,60.80334794864696,1.764103204139631,0.7916666666633653,11.44,11.44,11.44,174925140.0,89608867.45,136348164.33319145,4877.0932,0.0225867204901411,-0.0035429583702391,-0.0261296788603802,0.8690681363210929,1.6921485358007056,-1.0350194552472765,0.7916666666633653,0.5676424616212952,0.6257236609472366,-0.0261296788603802,0.25,0.5521114553598895,1.8033232237137296,0.2288350467398288,1.04450629818645,2.3036016976861178,0.3822902686733556,-1.112091176190057,-0.1141635578748159,0.0,,,,,,,,,,,,,,,0.0172608619813572,0.1,1443450209.0,129215903,48,11.170840240926072,2026-05-07,11.23112424937167,11.21,11.34,11.18,-0.001677844500296,0.0053965509438347,-0.0035555555555555,11.29,11.3,11.06,11.26,128137039,1431306336.0,47,2026-05-06 14:55:00,11.170121825587058,-0.0035398230088495852,-0.008802816901408383,-0.0026572187776793266,0.03492647058823528,0.14897959183673448,0.02191768389526705,0.053780883453955486,1.1352581984826113,1.6455926336132611,0.02131438721136769,asof1455,14:55
2026-05-07,11.25,11.34,11.18,11.21,69605020.0,0.0,0.0,11.10184830919459,10.793937606562126,0.1878571428571429,0.0167579966866303,58.61575420016367,0.937810089307809,0.187499999998835,11.44,11.44,11.44,105320120.0,96244412.6,133696251.70571044,4900.5098,0.0271566426362868,-0.0026690391459074,-0.0298256817821942,0.5757124225352422,1.6390683790234015,-1.2243346007539313,0.187499999998835,-0.064207813898909,0.0678830354943478,-0.0298256817821942,0.3416666666666667,0.2796056724888126,1.7034525396608604,0.0653365772001082,-0.8469081982307178,0.0632163157451035,-0.0500550442381679,-1.2342604646142965,0.2599078438542135,1.0,,,,,,,,,,,,,,,0.0172131196306591,0.1,781742628.0,69605020,48,11.23112424937167,2026-05-08,11.269055819508498,11.29,11.33,11.18,0.0052681373334966,0.003377361811214,0.0071364852809989,11.25,11.33,11.18,11.23,67881120,762403637.0,47,2026-05-07 14:55:00,11.231453414439832,-0.001777777777777767,-0.014912280701754432,-0.000889679715302516,0.03885291396854762,0.1085883514313919,0.017486635861194255,0.04860170876324754,0.8937580048024102,1.5441767332907792,0.013357079252003592,asof1455,14:55
2026-05-08,11.25,11.33,11.18,11.29,73407024.0,0.0,0.0,11.119767517842725,10.81020194733058,0.1864285714285714,0.0165127166898631,61.59204297652053,0.978278956535065,0.7333333333284389,11.44,11.44,11.44,178727144.0,109404561.55,128096361.5958722,4871.9122,0.023896368723496,-0.0061619718309859,-0.030058340554482,0.9131244253597928,1.6605049759183088,-0.8045977011451115,0.7333333333284389,-0.0219604179871819,0.5411752651390987,-0.030058340554482,0.2833333333333333,0.6117925691465549,1.6915469459350914,0.4643299892399671,0.8727742117998395,0.2104753154780176,0.3371524617410125,-1.2511133249289623,0.0317473575261647,1.0,,,,,,,,,,,,,,,0.0171631467994326,0.1,827227851.0,73407024,48,11.269055819508498,2026-05-11,11.30032389227393,11.36,11.38,11.19,0.0009144280136341,0.0027746843450098,0.0062001771479185,11.25,11.33,11.18,11.28,72362759,815438587.0,47,2026-05-08 14:55:00,11.26876031633896,0.006244424620874156,-0.0017699115044248481,-0.007042253521126751,0.045412418906394914,0.1135241855873641,0.020168219227638673,0.05150314611978546,1.049472773893348,1.6518530876578235,0.013297872340425565,asof1455,14:55
2026-05-11,11.26,11.38,11.19,11.36,76239855.0,0.0,0.0,11.142646801857705,10.828228112991871,0.1878571428571429,0.0165367203219301,64.02972216961345,1.027809728826447,0.8947368421005476,11.44,11.42,11.42,254966999.0,121704819.05,129662507.12574276,4951.8366,0.0294136381185654,-0.0035087719298246,-0.0329224100483901,1.157013222044088,1.6737116517483694,-0.4258555133057181,0.8947368421005476,0.0274300612117211,1.0277618635028118,-0.0329224100483901,0.2916666666666667,0.8493883002576632,1.6713212404351645,0.8149303466959005,1.3617511971690528,0.3754722419871352,0.7320205614850963,-1.3537859809220618,0.068568744112708,0.0,,,,,,,,,,,,,,,0.0171148722102599,0.1,861535055.0,76239855,48,11.30032389227393,2026-05-12,11.33065279219493,11.3,11.46,11.27,-0.002583380968756,0.0026838965157216,-0.005281690140845,11.26,11.38,11.19,11.37,74970045,847104205.0,47,2026-05-11 14:55:00,11.299235648051164,0.007085916740478204,0.010666666666666602,-0.0026315789473685403,0.04503676470588225,0.12909632571996021,0.0259880887926367,0.05798607341697526,1.3780693040880918,1.8719400261326125,0.016710642040457458,asof1455,14:55
2026-05-12,11.33,11.46,11.27,11.3,68146066.0,0.0,0.0,11.1576328207284,10.84369604371345,0.192857142857143,0.017067003792666,60.48608913001278,0.909487167614074,0.1578947368412791,11.44,11.46,11.46,186820933.0,133254076.3,124560664.14735746,4948.0465,0.0292761837194128,0.0,-0.0292761837194128,0.7382001888118863,1.627820325254253,-0.7259259259221548,0.1578947368412791,-0.0948743903988416,0.4300463317747685,-0.0292761837194128,0.4,0.4460651986172828,1.5881183030010309,0.5329922267740287,-0.9653287225374224,-0.0719532761992033,0.2573558169950442,-1.1849344613598525,0.5010671850504272,0.0,,,,,,,,,,,,,,,0.0170717078763986,0.1,772139413.0,68146066,48,11.33065279219493,2026-05-13,11.237868288809915,11.23,11.34,11.16,-0.0054983815212463,-0.0081888047482072,-0.0061946902654868,11.33,11.46,11.27,11.3,66779866,756701325.0,47,2026-05-12 14:55:00,11.33127947576295,-0.005281690140845008,0.00802854594112401,0.0,0.04532839962997226,0.13000000000000012,0.017468035296236417,0.04937316204921838,0.9152980152780312,1.6104416706351181,0.01681415929203551,asof1455,14:55
2026-05-13,11.28,11.34,11.16,11.23,72162965.0,0.0,0.0,11.16452493303998,10.856361747198257,0.1900000000000002,0.0169189670525363,56.55367346227361,0.9518222803553282,0.3888888888867305,11.46,11.46,11.46,114657968.0,143915759.1,112834951.82844964,4998.3417,0.0248608125840201,-0.0017777777777777,-0.0266385903617979,0.3446056155772427,1.621911504421591,-1.210526315783103,0.3888888888867305,-0.0493769419167326,-0.2592972357047888,-0.0266385903617979,0.3833333333333333,0.0707564206863177,1.5521833562746803,0.0855397258594334,-0.2261827632914829,0.0808064170039441,-0.2879760712025982,-1.0614488239518247,0.4326176682307749,0.0,,,,,,,,,,,,,,,0.0170450094545509,0.1,810957896.0,72162965,48,11.237868288809915,2026-05-14,11.276852297347208,11.2,11.38,11.19,0.0041720656587005,0.0034689860688355,-0.0026714158504007,11.28,11.34,11.16,11.24,70699965,794518036.0,47,2026-05-13 14:55:00,11.2378844317674,-0.005309734513274433,-0.004428697962798878,-0.000888888888888828,0.04267161410018572,0.1041257367387034,0.009837832981447248,0.0417052826691382,0.5354235168249653,1.3994785466249158,0.016014234875444813,asof1455,14:55
2026-05-14,11.22,11.38,11.19,11.2,82937224.0,0.0,0.0,11.167903510845695,10.867628575158967,0.1871428571428574,0.0167091836734679,54.90614559911252,1.073516628893932,0.0526315789470899,11.46,11.46,11.46,31720744.0,147725644.55,107573260.02757354,4914.5971,0.0028746601016897,-0.000892060660125,-0.0037667207618148,0.1715079573121572,1.6045225570960768,-1.389312977091819,0.0526315789470899,0.0709398285697117,-1.0783804499395595,-0.0037667207618148,0.3416666666666667,-0.0913823216371666,1.505910473997281,-0.0765732653038478,-1.2703821238095014,0.5032634410980882,-0.9359446025269867,-0.1396899962322967,0.2627288692499807,0.0,,,,,,,,,,,,,,,0.016970991084486,0.1,935270825.0,82937224,48,11.276852297347208,2026-05-15,11.20741179108715,11.18,11.31,11.1,0.0006617670613526,-0.0061577915919315,-0.0017857142857142,11.22,11.38,11.19,11.21,81468099,918810224.0,47,2026-05-14 14:55:00,11.27815961435408,-0.0017809439002670624,-0.01320422535211252,0.0,0.03700277520814055,0.07478427612655802,0.005110732538330609,0.037242655563266336,0.30179859485921506,1.2721040495577414,0.016949152542372996,asof1455,14:55
2026-05-15,11.2,11.31,11.1,11.18,80654378.0,0.0,0.0,11.16905555743182,10.877870261219329,0.1921428571428574,0.0171863020700214,53.781290474002255,1.0242803038738175,0.3809523809505656,11.46,11.46,11.46,-48933634.0,144955066.55,111805759.52390464,4859.5927,-0.0025286785751187,-0.0097431355181576,-0.0072144569430389,0.0569599241463637,1.5154625081612108,-1.4572490706243897,0.3809523809505656,0.0239902234107064,-1.734156642516664,-0.0072144569430389,0.4583333333333333,-0.1956338467806493,1.386052942753696,-0.1337882034396034,-0.2414615351952215,0.3237173422211156,-1.439425939171605,-0.277464278002031,0.7203758634039761,0.0,,,,,,,,,,,,,,,0.016970991084486,0.1,903926827.0,80654378,48,11.20741179108715,2026-05-18,11.059345770361295,11.04,11.19,10.98,-0.0107919704506891,-0.0132114375277623,-0.0125223613595707,11.2,11.31,11.12,11.15,79599078,892146601.0,47,2026-05-15 14:55:00,11.208001693185441,-0.004464285714285587,-0.013274336283185861,-0.012400354295836968,0.030499075785582308,0.07108549471661862,-0.0020138733497425676,0.030467330026801465,-0.1309584531499235,1.0417691303220402,0.017040358744394732,asof1455,14:55
2026-05-18,11.14,11.19,10.98,11.04,73405265.0,0.0,0.0,11.156764551962125,10.883185990359678,0.1914285714285716,0.017339544513456,46.58649583911525,0.9282910382579982,0.2857142857129203,11.46,11.46,11.46,-122338899.0,135177177.0,125379105.12794398,4833.5237,-0.0238927310323607,-0.0281690140845071,-0.0042762830521463,-0.6099640774108928,1.4291417397067978,-2.1940298507348133,0.2857142857129203,-0.0744099765515384,-2.0538994574671428,-0.0042762830521463,0.525,-0.8363362028698971,1.273527941105042,-0.8131374026646067,-0.5409510880396798,-0.0383042746718009,-1.660785214991322,-0.1602040257556072,0.9769476619890028,1.0,,,,,,,,,,,,,,,0.016970991084486,0.1,811814207.0,73405265,48,11.059345770361295,2026-05-19,11.195887012447512,11.22,11.28,11.04,0.0141202004028544,0.0123462314065758,0.0163043478260871,11.14,11.18,10.99,11.04,71828465,794392585.0,47,2026-05-18 14:55:00,11.059579026225885,-0.012522361359570744,-0.016918967052537925,-0.028169014084507116,0.008219178082191858,0.05848513902205177,-0.013448907555515976,0.01909260142463709,-0.9926967675900946,0.6562832271358486,0.017210144927536187,asof1455,14:55
2026-05-19,11.04,11.28,11.04,11.22,89833046.0,0.0,0.0,11.16278697558478,10.894229072642966,0.1950000000000002,0.0173796791443835,54.934141157586346,1.1221896687560389,0.7499999999968805,11.46,11.38,11.38,-32505853.0,133406722.45,127467037.59772824,4852.8832,-0.0192324991286966,-0.0070796460176991,0.0121528531109974,0.293400125204756,1.3772200150791571,-1.2307692307629183,0.7499999999968805,0.1152818380510797,-1.3016116054536513,0.0121528531109974,0.55,0.0446034786335657,1.2009778462609229,0.0869109104324668,0.9125676433666788,0.6422973509406332,-1.0451735097139838,0.5005598690666787,1.0605487567687568,0.0,,,,,,,,,,,,,,,0.016970991084486,0.1,1005760633.0,89833046,48,11.195887012447512,2026-05-20,11.214563009777295,11.17,11.29,11.15,-0.0004845802337526,0.0016681123442046,-0.0044563279857398,11.04,11.28,11.04,11.22,88306646,988644494.0,47,2026-05-19 14:55:00,11.195584237227173,0.01630434782608714,0.0017857142857145014,-0.0070796460176991705,0.029357798165137616,0.07061068702290085,0.0022331397945514198,0.034737165693206506,0.17168046079218607,1.2080001050485305,0.021390374331550818,asof1455,14:55
2026-05-20,11.25,11.29,11.15,11.17,65125988.0,0.0,0.0,11.16347393029099,10.903270742392376,0.1900000000000002,0.0170098478066233,52.48059706264729,0.8085311014219193,0.1428571428561206,11.46,11.38,11.38,-97631841.0,131139313.5,131101485.41029836,4850.7,-0.0295381366183908,-0.0053428317008015,0.0241953049175893,0.0343477353103942,1.369490462617078,-1.5263157894656538,0.1428571428561206,-0.2125361326505301,-1.7449928487387636,0.0241953049175893,0.4,-0.2121849831928675,1.1763951859899144,-0.1939183910905288,-1.0137544700124212,-0.5517183016004829,-1.3755956730839785,0.9727915061788546,0.4595401051585234,1.0,,,,,,,,,,,,,,,0.0169644074295798,0.1,730359496.0,65125988,48,11.214563009777295,2026-05-21,11.283968898230214,11.29,11.37,11.11,0.0102031242820244,0.0061889070837988,0.0107430617726052,11.25,11.29,11.15,11.19,63874588,716373002.0,47,2026-05-20 14:55:00,11.21530524783972,-0.002673796791443972,0.0008944543828264262,-0.003561887800534347,0.0332409972299168,0.06673021925643452,-0.0018731602890019738,0.030798047102895465,-0.1628494244793654,1.0721657201088302,0.012511170688114281,asof1455,14:55
2026-05-21,11.17,11.37,11.11,11.29,110200417.0,0.0,0.0,11.17552403216804,10.91595039018279,0.1942857142857144,0.01720865494116,57.39842275777945,1.3671760131518758,0.6923076923050291,11.46,11.37,11.37,12568576.0,128927789.9,132700172.8559066,4783.0976,-0.0267569237771291,0.0080357142857143,0.0347926380628434,0.589214540308521,1.3360408043289695,-0.8749999999955044,0.6923076923050291,0.3127473081596877,-0.8768580431794122,0.0347926380628434,0.475,0.3189270790319865,1.1252602843470385,0.4036515700743699,0.7162169603393584,1.3432461690327928,-0.6890146079300118,1.3731697327341512,0.7436811559910645,0.0,,,,,,,,,,,,,,,0.0169644074295798,0.1,1243498078.0,110200417,48,11.283968898230214,2026-05-22,11.156178755902712,11.13,11.27,11.08,-0.0118530774222573,-0.0113249286204203,-0.0141718334809564,11.17,11.37,11.11,11.3,108618877,1225637060.0,47,2026-05-21 14:55:00,11.283831078459778,0.011638316920322467,0.023550724637681375,0.008928571428571619,0.025408348457350405,0.08341323106423792,0.006412540078375661,0.039845403515229805,0.7520428212385217,1.393676548597908,0.023008849557522103,asof1455,14:55
2026-05-22,11.26,11.27,11.08,11.13,105347324.0,0.0,0.0,11.171188410056798,10.922968410176797,0.192857142857143,0.0173276857912961,49.97240732064056,1.3002297408799512,0.2631578947354615,11.46,11.37,11.37,-92778748.0,116599207.65,141011055.2599262,4845.0956,-0.0029831923979967,-0.0044722719141322,-0.0014890795161355,-0.2135695336267307,1.287066666037778,-1.7111111111022372,0.2631578947354615,0.2625409726074966,-1.4848336200594543,-0.0014890795161355,0.5166666666666667,-0.4672971416382697,1.0591832430716523,-0.3874536305179069,-0.6389594584395362,1.1408215538572062,-1.1530062325885333,-0.0781886891192356,0.8940571470141702,0.0,,,,,,,,,,,,,,,0.0169644074295798,0.1,1175273578.0,105347324,48,11.156178755902712,2026-05-25,11.143276962785444,11.15,11.21,11.06,0.0011928987228611,-0.0011564706338577,0.0017969451931716,11.26,11.27,11.08,11.12,103053324,1149750740.0,47,2026-05-22 14:55:00,11.156852543640417,-0.015057573073516406,-0.00891265597147961,-0.00536672629695889,-0.00536672629695889,0.07025986525505279,-0.010808166169995026,0.021933586570273222,-1.4508820224927788,0.7698061428962542,0.017086330935251755,asof1455,14:55
2026-05-25,11.1,11.21,11.06,11.15,78286626.0,0.0,0.0,11.169170466241864,10.930412068859525,0.1942857142857144,0.0174247277386275,50.8287776075188,0.9548551926647908,0.5999999999959976,11.46,11.37,11.37,-14492122.0,111133416.05,143839428.0031672,4921.5974,0.0182214271546863,0.0099637681159421,-0.0082576590387442,-0.0986715174208492,1.2289035159321846,-1.5955882352859063,0.5999999999959976,-0.0461955807160027,-0.8733734539547379,-0.0082576590387442,0.5666666666666667,-0.352089088516484,0.9852937380740404,-0.2787620947606143,0.4343253773152227,0.0117968383461109,-0.6665355482231757,-0.3397050714431987,1.0748225550054302,0.0,,,,,,,,,,,,,,,0.0169644074295798,0.1,872369556.0,78286626,48,11.143276962785444,,,,,,,,,11.1,11.21,11.07,11.14,76455526,851968664.0,47,2026-05-25 14:55:00,11.143323557802741,0.0008984725965857088,-0.0026857654431512445,0.009057971014492905,0.0017985611510793476,0.07945736434108519,-0.00880861286591339,0.0226125271564519,-1.147830908774448,0.8078606546117497,0.012567324955116747,asof1455,14:55
