=== nextday pipeline start: 2026-05-17T20:41:06 ===
symbol=002460.SZ, out_root=/root/stock_realtime_v021_full/saved_data/002460_pipeline_out_v2_new27_full

[2026-05-17T20:41:06] RUN update_data
  /usr/bin/python3 bootstrap/ashare_xgb_dual_opportunity_regression_baostock_full_v19_compressed_trading_axis.py --mode update_data --symbol 002460 --benchmark_symbol 000300 --daily_start 2018-01-01 --daily_end 2026-05-15 --intraday_start '2018-01-01 09:30:00' --intraday_end '2026-05-15 15:00:00' --output_dir /root/stock_realtime_v021_full/saved_data/002460_pipeline_out_v2_new27_full/00_base --cache_mode incremental --feature_cache_mode incremental --adjust qfq
/root/stock_realtime_v021_full/bootstrap/ashare_fetch_and_train_xgb_sell_signal_baostock_state_cache_helper_fix2.py:246: FutureWarning: The behavior of DataFrame concatenation with empty or all-NA entries is deprecated. In a future version, this will no longer exclude empty or all-NA columns when determining the result dtypes. To retain the old behavior, exclude the relevant entries before the concat operation.
  merged = _normalize_daily_df(pd.concat([df_old, df_new], axis=0, ignore_index=True))
/root/stock_realtime_v021_full/bootstrap/ashare_fetch_and_train_xgb_sell_signal_baostock_state_cache_helper_fix2.py:248: FutureWarning: The behavior of DataFrame concatenation with empty or all-NA entries is deprecated. In a future version, this will no longer exclude empty or all-NA columns when determining the result dtypes. To retain the old behavior, exclude the relevant entries before the concat operation.
  merged = _normalize_intraday_df(pd.concat([df_old, df_new], axis=0, ignore_index=True))
/root/stock_realtime_v021_full/bootstrap/ashare_fetch_and_train_xgb_sell_signal_baostock_state_cache_helper_fix2.py:254: FutureWarning: The behavior of DataFrame concatenation with empty or all-NA entries is deprecated. In a future version, this will no longer exclude empty or all-NA columns when determining the result dtypes. To retain the old behavior, exclude the relevant entries before the concat operation.
  merged = _normalize_bench_df(pd.concat([df_old, df_new], axis=0, ignore_index=True))
/root/stock_realtime_v021_full/bootstrap/ashare_fetch_and_train_xgb_sell_signal_baostock_state_cache_helper_fix2.py:250: FutureWarning: The behavior of DataFrame concatenation with empty or all-NA entries is deprecated. In a future version, this will no longer exclude empty or all-NA columns when determining the result dtypes. To retain the old behavior, exclude the relevant entries before the concat operation.
  merged = _normalize_daily_feature_df(pd.concat([df_old, df_new], axis=0, ignore_index=True))
/root/stock_realtime_v021_full/bootstrap/ashare_fetch_and_train_xgb_sell_signal_baostock_state_cache_helper_fix2.py:252: FutureWarning: The behavior of DataFrame concatenation with empty or all-NA entries is deprecated. In a future version, this will no longer exclude empty or all-NA columns when determining the result dtypes. To retain the old behavior, exclude the relevant entries before the concat operation.
  merged = _normalize_intraday_feature_df(pd.concat([df_old, df_new], axis=0, ignore_index=True))
login success!
logout success!
login success!
logout success!
login success!
logout success!
{
  "mode": "update_data",
  "symbol": "002460",
  "data_source": "baostock",
  "daily_rows": 2027,
  "intraday_rows": 73920,
  "daily_min": "2018-01-02 00:00:00",
  "daily_max": "2026-05-15 00:00:00",
  "intraday_min": "2020-01-02 09:35:00",
  "intraday_max": "2026-05-15 15:00:00",
  "base_paths": {
    "daily_csv": "/root/stock_realtime_v021_full/saved_data/002460_pipeline_out_v2_new27_full/00_base/002460_daily.csv",
    "intraday_csv": "/root/stock_realtime_v021_full/saved_data/002460_pipeline_out_v2_new27_full/00_base/002460_5m.csv",
    "benchmark_csv": "/root/stock_realtime_v021_full/saved_data/002460_pipeline_out_v2_new27_full/00_base/000300_benchmark_daily.csv",
    "raw_daily_cache_csv": "/root/stock_realtime_v021_full/saved_data/002460_pipeline_out_v2_new27_full/00_base/raw_cache/002460_daily_raw.csv",
    "raw_intraday_cache_csv": "/root/stock_realtime_v021_full/saved_data/002460_pipeline_out_v2_new27_full/00_base/raw_cache/002460_5m_raw.csv",
    "raw_benchmark_cache_csv": "/root/stock_realtime_v021_full/saved_data/002460_pipeline_out_v2_new27_full/00_base/raw_cache/000300_benchmark_daily_raw.csv",
    "daily_features_csv": "/root/stock_realtime_v021_full/saved_data/002460_pipeline_out_v2_new27_full/00_base/daily_features.csv",
    "intraday_features_csv": "/root/stock_realtime_v021_full/saved_data/002460_pipeline_out_v2_new27_full/00_base/intraday_features.csv",
    "daily_features_cache_csv": "/root/stock_realtime_v021_full/saved_data/002460_pipeline_out_v2_new27_full/00_base/feature_cache/daily_features_cache.csv",
    "intraday_features_cache_csv": "/root/stock_realtime_v021_full/saved_data/002460_pipeline_out_v2_new27_full/00_base/feature_cache/intraday_features_cache.csv",
    "feature_state_json": "/root/stock_realtime_v021_full/saved_data/002460_pipeline_out_v2_new27_full/00_base/feature_cache/feature_state.json"
  },
  "fetch_logs": {
    "symbol": "002460",
    "benchmark_symbol": "000300",
    "daily_start": "2018-01-01",
    "daily_end": "2026-05-15",
    "intraday_start": "2018-01-01 09:30:00",
    "intraday_end": "2026-05-15 15:00:00",
    "perf_start": "2018-01-01",
    "data_source": "baostock",
    "cache_mode": "incremental",
    "force_refresh": false,
    "raw_cache_dir": "/root/stock_realtime_v021_full/saved_data/002460_pipeline_out_v2_new27_full/00_base/raw_cache",
    "feature_cache_dir": "/root/stock_realtime_v021_full/saved_data/002460_pipeline_out_v2_new27_full/00_base/feature_cache",
    "feature_cache_mode": "incremental",
    "daily": {
      "cache_path": "/root/stock_realtime_v021_full/saved_data/002460_pipeline_out_v2_new27_full/00_base/raw_cache/002460_daily_raw.csv",
      "requested_start": "2018-01-01",
      "requested_end": "2026-05-15",
      "mode": "initial_fetch",
      "fetch_segments": [
        {
          "provider": "baostock",
          "code": "sz.002460",
          "adjustflag": "2",
          "rows": 2027,
          "start": "2018-01-01",
          "end": "2026-05-15"
        }
      ],
      "cache_after": {
        "rows": 2027,
        "min": "2018-01-02 00:00:00",
        "max": "2026-05-15 00:00:00"
      }
    },
    "intraday_5m": {
      "cache_path": "/root/stock_realtime_v021_full/saved_data/002460_pipeline_out_v2_new27_full/00_base/raw_cache/002460_5m_raw.csv",
      "requested_start": "2018-01-01 09:30:00",
      "requested_end": "2026-05-15 15:00:00",
      "mode": "initial_fetch",
      "fetch_segments": [
        {
          "provider": "baostock",
          "code": "sz.002460",
          "adjustflag": "2",
          "requested_start": "2018-01-01 09:30:00",
          "effective_start": "2018-01-01 09:30:00",
          "requested_end": "2026-05-15 15:00:00",
          "rows": 73920
        }
      ],
      "cache_after": {
        "rows": 73920,
        "min": "2020-01-02 09:35:00",
        "max": "2026-05-15 15:00:00"
      }
    },
    "benchmark_daily": {
      "cache_path": "/root/stock_realtime_v021_full/saved_data/002460_pipeline_out_v2_new27_full/00_base/raw_cache/000300_benchmark_daily_raw.csv",
      "requested_start": "2018-01-01",
      "requested_end": "2026-05-15",
      "mode": "initial_fetch",
      "fetch_segments": [
        {
          "provider": "baostock",
          "code": "sh.000300",
          "rows": 2027,
          "start": "2018-01-01",
          "end": "2026-05-15"
        }
      ],
      "cache_after": {
        "rows": 2027,
        "min": "2018-01-02 00:00:00",
        "max": "2026-05-15 00:00:00"
      }
    },
    "feature_build": {
      "mode": "full_rebuild",
      "reason": "feature_cache_missing",
      "daily_cache_after": {
        "rows": 2027,
        "min": "2018-01-02 00:00:00",
        "max": "2026-05-15 00:00:00"
      },
      "intraday_cache_after": {
        "rows": 73920,
        "min": "2020-01-02 09:35:00",
        "max": "2026-05-15 15:00:00"
      },
      "daily_context_days": 260,
      "intraday_context_days": 40,
      "daily_appended_rows": 2027,
      "intraday_appended_rows": 73920
    },
    "feature_state": {
      "daily_feature_max": "2026-05-15 00:00:00",
      "intraday_feature_max": "2026-05-15 15:00:00",
      "daily_context_days": 260,
      "intraday_context_days": 40,
      "feature_build_mode": "full_rebuild"
    }
  }
}

[2026-05-17T20:44:11] RUN samples
  /usr/bin/python3 feature_building/build_nextday_samples_from_baostock.py --daily-features /root/stock_realtime_v021_full/saved_data/002460_pipeline_out_v2_new27_full/00_base/daily_features.csv --intraday-bars /root/stock_realtime_v021_full/saved_data/002460_pipeline_out_v2_new27_full/00_base/002460_5m.csv --out-dir /root/stock_realtime_v021_full/saved_data/002460_pipeline_out_v2_new27_full/01_samples --min-bars 40 --keep-unlabeled-tail
{
  "rows": 1540,
  "date_min": "2020-01-02",
  "date_max": "2026-05-15",
  "out": "/root/stock_realtime_v021_full/saved_data/002460_pipeline_out_v2_new27_full/01_samples/training_samples.csv"
}

[2026-05-17T20:44:12] RUN fundamental
  /usr/bin/python3 feature_building/build_fundamental_features.py --symbol 002460.SZ --daily-samples /root/stock_realtime_v021_full/saved_data/002460_pipeline_out_v2_new27_full/01_samples/training_samples.csv --out-dir /root/stock_realtime_v021_full/saved_data/002460_pipeline_out_v2_new27_full/02_fundamental --start-date 2018-01-01 --end-date 2026-05-15 --fallback-lag-days 120
login success!
logout success!
{
  "rows": 1540,
  "date_min": "2020-01-02",
  "date_max": "2026-05-15",
  "source_errors": [],
  "top_missing_rates": {
    "ak_fund_小单净流入-净额_sum10": 0.9246753246753247,
    "ak_fund_主力净流入-净额_sum10": 0.9246753246753247,
    "ak_fund_主力净流入-净占比_sum10": 0.9246753246753247,
    "ak_fund_涨跌幅_sum10": 0.9246753246753247,
    "ak_fund_收盘价_sum10": 0.9246753246753247,
    "ak_fund_中单净流入-净额_sum10": 0.9246753246753247,
    "ak_fund_中单净流入-净占比_sum10": 0.9246753246753247,
    "ak_fund_小单净流入-净占比_sum10": 0.9246753246753247,
    "ak_fund_超大单净流入-净额_sum10": 0.9246753246753247,
    "ak_fund_大单净流入-净额_sum10": 0.9246753246753247,
    "ak_fund_大单净流入-净占比_sum10": 0.9246753246753247,
    "ak_fund_超大单净流入-净占比_sum10": 0.9246753246753247,
    "ak_fund_涨跌幅_sum5": 0.9233766233766234,
    "ak_fund_主力净流入-净占比_sum5": 0.9233766233766234,
    "ak_fund_主力净流入-净额_sum5": 0.9233766233766234,
    "ak_fund_收盘价_sum5": 0.9233766233766234,
    "ak_fund_超大单净流入-净占比_sum5": 0.9233766233766234,
    "ak_fund_中单净流入-净占比_sum5": 0.9233766233766234,
    "ak_fund_中单净流入-净额_sum5": 0.9233766233766234,
    "ak_fund_小单净流入-净额_sum5": 0.9233766233766234,
    "ak_fund_小单净流入-净占比_sum5": 0.9233766233766234,
    "ak_fund_大单净流入-净占比_sum5": 0.9233766233766234,
    "ak_fund_大单净流入-净额_sum5": 0.9233766233766234,
    "ak_fund_超大单净流入-净额_sum5": 0.9233766233766234,
    "ak_fund_大单净流入-净额": 0.922077922077922,
    "ak_fund_超大单净流入-净占比": 0.922077922077922,
    "ak_fund_超大单净流入-净额": 0.922077922077922,
    "ak_fund_收盘价": 0.922077922077922,
    "ak_fund_涨跌幅": 0.922077922077922,
    "ak_fund_中单净流入-净额": 0.922077922077922
  },
  "valuation_non_null": {
    "peTTM": 1540,
    "pbMRQ": 1540,
    "psTTM": 1540,
    "pcfNcfTTM": 1540
  },
  "future_effective_date_violations": 0,
  "rows_with_quarterly": 1540,
  "sample_rows": 1540,
  "quarterly_raw_rows": 37,
  "quarterly_used_pubDate_rows": 37,
  "quarterly_fallback_rows": 0,
  "elapsed_seconds": 21.818,
  "symbol": "002460",
  "baostock_code": "sz.002460",
  "valuation_rows": 2027,
  "fund_flow_rows": 120,
  "feature_columns": 125,
  "merged_columns": 194,
  "outputs": {
    "daily_valuation": "/root/stock_realtime_v021_full/saved_data/002460_pipeline_out_v2_new27_full/02_fundamental/baostock_daily_valuation.csv",
    "quarterly_fundamentals": "/root/stock_realtime_v021_full/saved_data/002460_pipeline_out_v2_new27_full/02_fundamental/baostock_quarterly_fundamentals_pit.csv",
    "fundamental_features": "/root/stock_realtime_v021_full/saved_data/002460_pipeline_out_v2_new27_full/02_fundamental/fundamental_features.csv",
    "merged_samples": "/root/stock_realtime_v021_full/saved_data/002460_pipeline_out_v2_new27_full/02_fundamental/training_samples_with_fundamentals.csv"
  }
}

[2026-05-17T20:44:35] RUN sector
  /usr/bin/python3 feature_building/build_sector_features.py --samples /root/stock_realtime_v021_full/saved_data/002460_pipeline_out_v2_new27_full/02_fundamental/training_samples_with_fundamentals.csv --out-dir /root/stock_realtime_v021_full/saved_data/002460_pipeline_out_v2_new27_full/03_sector --sector-symbol '能源金属' --start-date 2018-01-01 --end-date 2026-05-15

  0%|          | 0/9 [00:00<?, ?it/s]
 11%|█         | 1/9 [00:00<00:02,  3.80it/s]
 22%|██▏       | 2/9 [00:00<00:01,  4.11it/s]
 33%|███▎      | 3/9 [00:00<00:01,  4.26it/s]
 44%|████▍     | 4/9 [00:00<00:01,  4.04it/s]
 56%|█████▌    | 5/9 [00:01<00:01,  4.00it/s]
 67%|██████▋   | 6/9 [00:01<00:00,  3.83it/s]
 78%|███████▊  | 7/9 [00:01<00:00,  3.82it/s]
 89%|████████▉ | 8/9 [00:02<00:00,  3.80it/s]
100%|██████████| 9/9 [00:02<00:00,  3.77it/s]
                                             
{
  "sector_symbol": "能源金属",
  "sector_rows": 2027,
  "sector_date_min": "2018-01-02",
  "sector_date_max": "2026-05-15",
  "sample_rows": 1540,
  "merged_rows": 1540,
  "sector_feature_cols": 23,
  "top_missing": {
    "sector_ret60": 0.03896103896103896,
    "sector_ma60_gap": 0.01948051948051948,
    "stock_vs_sector_ret20": 0.012987012987012988,
    "sector_ret20": 0.012987012987012988,
    "sector_vol20": 0.007142857142857143,
    "sector_ma20_gap": 0.006493506493506494,
    "sector_range_z20": 0.006493506493506494,
    "sector_volume_shock20": 0.006493506493506494,
    "sector_amount_z20": 0.006493506493506494,
    "sector_volume_z20": 0.006493506493506494,
    "sector_amount_shock20": 0.006493506493506494,
    "sector_ret5": 0.003246753246753247,
    "stock_vs_sector_ret5": 0.003246753246753247,
    "sector_vs_bench_ret5": 0.003246753246753247,
    "stock_vs_sector_ret1": 0.0006493506493506494,
    "sector_ret1": 0.0006493506493506494,
    "sector_amount": 0.0,
    "sector_volume": 0.0,
    "sector_close": 0.0,
    "sector_low": 0.0
  },
  "outputs": {
    "sector_index": "/root/stock_realtime_v021_full/saved_data/002460_pipeline_out_v2_new27_full/03_sector/sector_index_ths.csv",
    "sector_features": "/root/stock_realtime_v021_full/saved_data/002460_pipeline_out_v2_new27_full/03_sector/sector_features.csv",
    "merged_samples": "/root/stock_realtime_v021_full/saved_data/002460_pipeline_out_v2_new27_full/03_sector/training_samples_with_sector.csv"
  }
}

[2026-05-17T20:44:40] RUN external_zijin_external
  /usr/bin/python3 feature_building/build_zijin_external_features.py --samples /root/stock_realtime_v021_full/saved_data/002460_pipeline_out_v2_new27_full/03_sector/training_samples_with_sector.csv --out-dir /root/stock_realtime_v021_full/saved_data/002460_pipeline_out_v2_new27_full/04_external/zijin_external --lag-days 1
/root/stock_realtime_v021_full/feature_building/build_zijin_external_features.py:41: FutureWarning: The default fill_method='pad' in Series.pct_change is deprecated and will be removed in a future version. Either fill in any non-leading NA values prior to calling pct_change or specify 'fill_method=None' to not fill NA values.
  out[f"{col}_ret1"] = out[col].pct_change()
/root/stock_realtime_v021_full/feature_building/build_zijin_external_features.py:41: FutureWarning: The default fill_method='pad' in Series.pct_change is deprecated and will be removed in a future version. Either fill in any non-leading NA values prior to calling pct_change or specify 'fill_method=None' to not fill NA values.
  out[f"{col}_ret1"] = out[col].pct_change()
/root/.local/lib/python3.10/site-packages/akshare/futures/futures_basis.py:107: UserWarning: 20200104非交易日
  warnings.warn(f"{date.strftime('%Y%m%d')}非交易日")
/root/.local/lib/python3.10/site-packages/akshare/futures/futures_basis.py:107: UserWarning: 20200105非交易日
  warnings.warn(f"{date.strftime('%Y%m%d')}非交易日")
/root/.local/lib/python3.10/site-packages/akshare/futures/futures_basis.py:107: UserWarning: 20200111非交易日
  warnings.warn(f"{date.strftime('%Y%m%d')}非交易日")
/root/.local/lib/python3.10/site-packages/akshare/futures/futures_basis.py:107: UserWarning: 20200112非交易日
  warnings.warn(f"{date.strftime('%Y%m%d')}非交易日")
/root/.local/lib/python3.10/site-packages/akshare/futures/futures_basis.py:107: UserWarning: 20200118非交易日
  warnings.warn(f"{date.strftime('%Y%m%d')}非交易日")
/root/.local/lib/python3.10/site-packages/akshare/futures/futures_basis.py:107: UserWarning: 20200119非交易日
  warnings.warn(f"{date.strftime('%Y%m%d')}非交易日")
/root/.local/lib/python3.10/site-packages/akshare/futures/futures_basis.py:107: UserWarning: 20200124非交易日
  warnings.warn(f"{date.strftime('%Y%m%d')}非交易日")
/root/.local/lib/python3.10/site-packages/akshare/futures/futures_basis.py:107: UserWarning: 20200125非交易日
  warnings.warn(f"{date.strftime('%Y%m%d')}非交易日")
/root/.local/lib/python3.10/site-packages/akshare/futures/futures_basis.py:107: UserWarning: 20200126非交易日
  warnings.warn(f"{date.strftime('%Y%m%d')}非交易日")
/root/.local/lib/python3.10/site-packages/akshare/futures/futures_basis.py:107: UserWarning: 20200127非交易日
  warnings.warn(f"{date.strftime('%Y%m%d')}非交易日")
/root/.local/lib/python3.10/site-packages/akshare/futures/futures_basis.py:107: UserWarning: 20200128非交易日
  warnings.warn(f"{date.strftime('%Y%m%d')}非交易日")
/root/.local/lib/python3.10/site-packages/akshare/futures/futures_basis.py:107: UserWarning: 20200129非交易日
  warnings.warn(f"{date.strftime('%Y%m%d')}非交易日")
/root/.local/lib/python3.10/site-packages/akshare/futures/futures_basis.py:107: UserWarning: 20200130非交易日
  warnings.warn(f"{date.strftime('%Y%m%d')}非交易日")
/root/.local/lib/python3.10/site-packages/akshare/futures/futures_basis.py:107: UserWarning: 20200131非交易日
  warnings.warn(f"{date.strftime('%Y%m%d')}非交易日")
/root/.local/lib/python3.10/site-packages/akshare/futures/futures_basis.py:107: UserWarning: 20200201非交易日
  warnings.warn(f"{date.strftime('%Y%m%d')}非交易日")
/root/.local/lib/python3.10/site-packages/akshare/futures/futures_basis.py:107: UserWarning: 20200202非交易日
  warnings.warn(f"{date.strftime('%Y%m%d')}非交易日")
/root/.local/lib/python3.10/site-packages/akshare/futures/futures_basis.py:107: UserWarning: 20200208非交易日
  warnings.warn(f"{date.strftime('%Y%m%d')}非交易日")
/root/.local/lib/python3.10/site-packages/akshare/futures/futures_basis.py:107: UserWarning: 20200209非交易日
  warnings.warn(f"{date.strftime('%Y%m%d')}非交易日")
/root/.local/lib/python3.10/site-packages/akshare/futures/futures_basis.py:107: UserWarning: 20200215非交易日
  warnings.warn(f"{date.strftime('%Y%m%d')}非交易日")
/root/.local/lib/python3.10/site-packages/akshare/futures/futures_basis.py:107: UserWarning: 20200216非交易日
  warnings.warn(f"{date.strftime('%Y%m%d')}非交易日")
/root/.local/lib/python3.10/site-packages/akshare/futures/futures_basis.py:107: UserWarning: 20200222非交易日
  warnings.warn(f"{date.strftime('%Y%m%d')}非交易日")
/root/.local/lib/python3.10/site-packages/akshare/futures/futures_basis.py:107: UserWarning: 20200223非交易日
  warnings.warn(f"{date.strftime('%Y%m%d')}非交易日")
/root/.local/lib/python3.10/site-packages/akshare/futures/futures_basis.py:107: UserWarning: 20200229非交易日
  warnings.warn(f"{date.strftime('%Y%m%d')}非交易日")
/root/.local/lib/python3.10/site-packages/akshare/futures/futures_basis.py:107: UserWarning: 20200301非交易日
  warnings.warn(f"{date.strftime('%Y%m%d')}非交易日")
/root/.local/lib/python3.10/site-packages/akshare/futures/futures_basis.py:107: UserWarning: 20200307非交易日
  warnings.warn(f"{date.strftime('%Y%m%d')}非交易日")
/root/.local/lib/python3.10/site-packages/akshare/futures/futures_basis.py:107: UserWarning: 20200308非交易日
  warnings.warn(f"{date.strftime('%Y%m%d')}非交易日")
/root/.local/lib/python3.10/site-packages/akshare/futures/futures_basis.py:107: UserWarning: 20200314非交易日
  warnings.warn(f"{date.strftime('%Y%m%d')}非交易日")
/root/.local/lib/python3.10/site-packages/akshare/futures/futures_basis.py:107: UserWarning: 20200315非交易日
  warnings.warn(f"{date.strftime('%Y%m%d')}非交易日")
/root/.local/lib/python3.10/site-packages/akshare/futures/futures_basis.py:107: UserWarning: 20200321非交易日
  warnings.warn(f"{date.strftime('%Y%m%d')}非交易日")
/root/.local/lib/python3.10/site-packages/akshare/futures/futures_basis.py:107: UserWarning: 20200322非交易日
  warnings.warn(f"{date.strftime('%Y%m%d')}非交易日")
/root/.local/lib/python3.10/site-packages/akshare/futures/futures_basis.py:107: UserWarning: 20200328非交易日
  warnings.warn(f"{date.strftime('%Y%m%d')}非交易日")
/root/.local/lib/python3.10/site-packages/akshare/futures/futures_basis.py:107: UserWarning: 20200329非交易日
  warnings.warn(f"{date.strftime('%Y%m%d')}非交易日")
/root/.local/lib/python3.10/site-packages/akshare/futures/futures_basis.py:107: UserWarning: 20200404非交易日
  warnings.warn(f"{date.strftime('%Y%m%d')}非交易日")
/root/.local/lib/python3.10/site-packages/akshare/futures/futures_basis.py:107: UserWarning: 20200405非交易日
  warnings.warn(f"{date.strftime('%Y%m%d')}非交易日")
/root/.local/lib/python3.10/site-packages/akshare/futures/futures_basis.py:107: UserWarning: 20200406非交易日
  warnings.warn(f"{date.strftime('%Y%m%d')}非交易日")
/root/.local/lib/python3.10/site-packages/akshare/futures/futures_basis.py:107: UserWarning: 20200411非交易日
  warnings.warn(f"{date.strftime('%Y%m%d')}非交易日")
/root/.local/lib/python3.10/site-packages/akshare/futures/futures_basis.py:107: UserWarning: 20200412非交易日
  warnings.warn(f"{date.strftime('%Y%m%d')}非交易日")
/root/.local/lib/python3.10/site-packages/akshare/futures/futures_basis.py:107: UserWarning: 20200418非交易日
  warnings.warn(f"{date.strftime('%Y%m%d')}非交易日")
/root/.local/lib/python3.10/site-packages/akshare/futures/futures_basis.py:107: UserWarning: 20200419非交易日
  warnings.warn(f"{date.strftime('%Y%m%d')}非交易日")
/root/.local/lib/python3.10/site-packages/akshare/futures/futures_basis.py:107: UserWarning: 20200425非交易日
  warnings.warn(f"{date.strftime('%Y%m%d')}非交易日")
/root/.local/lib/python3.10/site-packages/akshare/futures/futures_basis.py:107: UserWarning: 20200426非交易日
  warnings.warn(f"{date.strftime('%Y%m%d')}非交易日")
/root/.local/lib/python3.10/site-packages/akshare/futures/futures_basis.py:107: UserWarning: 20200501非交易日
  warnings.warn(f"{date.strftime('%Y%m%d')}非交易日")
/root/.local/lib/python3.10/site-packages/akshare/futures/futures_basis.py:107: UserWarning: 20200502非交易日
  warnings.warn(f"{date.strftime('%Y%m%d')}非交易日")
/root/.local/lib/python3.10/site-packages/akshare/futures/futures_basis.py:107: UserWarning: 20200503非交易日
  warnings.warn(f"{date.strftime('%Y%m%d')}非交易日")
/root/.local/lib/python3.10/site-packages/akshare/futures/futures_basis.py:107: UserWarning: 20200504非交易日
  warnings.warn(f"{date.strftime('%Y%m%d')}非交易日")
/root/.local/lib/python3.10/site-packages/akshare/futures/futures_basis.py:107: UserWarning: 20200505非交易日
  warnings.warn(f"{date.strftime('%Y%m%d')}非交易日")
/root/.local/lib/python3.10/site-packages/akshare/futures/futures_basis.py:107: UserWarning: 20200509非交易日
  warnings.warn(f"{date.strftime('%Y%m%d')}非交易日")
/root/.local/lib/python3.10/site-packages/akshare/futures/futures_basis.py:107: UserWarning: 20200510非交易日
  warnings.warn(f"{date.strftime('%Y%m%d')}非交易日")
/root/.local/lib/python3.10/site-packages/akshare/futures/futures_basis.py:107: UserWarning: 20200516非交易日
  warnings.warn(f"{date.strftime('%Y%m%d')}非交易日")
/root/.local/lib/python3.10/site-packages/akshare/futures/futures_basis.py:107: UserWarning: 20200517非交易日
  warnings.warn(f"{date.strftime('%Y%m%d')}非交易日")
/root/.local/lib/python3.10/site-packages/akshare/futures/futures_basis.py:107: UserWarning: 20200523非交易日
  warnings.warn(f"{date.strftime('%Y%m%d')}非交易日")
/root/.local/lib/python3.10/site-packages/akshare/futures/futures_basis.py:107: UserWarning: 20200524非交易日
  warnings.warn(f"{date.strftime('%Y%m%d')}非交易日")
/root/.local/lib/python3.10/site-packages/akshare/futures/futures_basis.py:107: UserWarning: 20200530非交易日
  warnings.warn(f"{date.strftime('%Y%m%d')}非交易日")
/root/.local/lib/python3.10/site-packages/akshare/futures/futures_basis.py:107: UserWarning: 20200531非交易日
  warnings.warn(f"{date.strftime('%Y%m%d')}非交易日")
/root/.local/lib/python3.10/site-packages/akshare/futures/futures_basis.py:107: UserWarning: 20200606非交易日
  warnings.warn(f"{date.strftime('%Y%m%d')}非交易日")
/root/.local/lib/python3.10/site-packages/akshare/futures/futures_basis.py:107: UserWarning: 20200607非交易日
  warnings.warn(f"{date.strftime('%Y%m%d')}非交易日")
/root/.local/lib/python3.10/site-packages/akshare/futures/futures_basis.py:107: UserWarning: 20200613非交易日
  warnings.warn(f"{date.strftime('%Y%m%d')}非交易日")
/root/.local/lib/python3.10/site-packages/akshare/futures/futures_basis.py:107: UserWarning: 20200614非交易日
  warnings.warn(f"{date.strftime('%Y%m%d')}非交易日")
/root/.local/lib/python3.10/site-packages/akshare/futures/futures_basis.py:107: UserWarning: 20200620非交易日
  warnings.warn(f"{date.strftime('%Y%m%d')}非交易日")
/root/.local/lib/python3.10/site-packages/akshare/futures/futures_basis.py:107: UserWarning: 20200621非交易日
  warnings.warn(f"{date.strftime('%Y%m%d')}非交易日")
/root/.local/lib/python3.10/site-packages/akshare/futures/futures_basis.py:107: UserWarning: 20200625非交易日
  warnings.warn(f"{date.strftime('%Y%m%d')}非交易日")
/root/.local/lib/python3.10/site-packages/akshare/futures/futures_basis.py:107: UserWarning: 20200626非交易日
  warnings.warn(f"{date.strftime('%Y%m%d')}非交易日")
/root/.local/lib/python3.10/site-packages/akshare/futures/futures_basis.py:107: UserWarning: 20200627非交易日
  warnings.warn(f"{date.strftime('%Y%m%d')}非交易日")
/root/.local/lib/python3.10/site-packages/akshare/futures/futures_basis.py:107: UserWarning: 20200628非交易日
  warnings.warn(f"{date.strftime('%Y%m%d')}非交易日")
/root/.local/lib/python3.10/site-packages/akshare/futures/futures_basis.py:107: UserWarning: 20200704非交易日
  warnings.warn(f"{date.strftime('%Y%m%d')}非交易日")
/root/.local/lib/python3.10/site-packages/akshare/futures/futures_basis.py:107: UserWarning: 20200705非交易日
  warnings.warn(f"{date.strftime('%Y%m%d')}非交易日")
/root/.local/lib/python3.10/site-packages/akshare/futures/futures_basis.py:107: UserWarning: 20200711非交易日
  warnings.warn(f"{date.strftime('%Y%m%d')}非交易日")
/root/.local/lib/python3.10/site-packages/akshare/futures/futures_basis.py:107: UserWarning: 20200712非交易日
  warnings.warn(f"{date.strftime('%Y%m%d')}非交易日")
/root/.local/lib/python3.10/site-packages/akshare/futures/futures_basis.py:107: UserWarning: 20200718非交易日
  warnings.warn(f"{date.strftime('%Y%m%d')}非交易日")
/root/.local/lib/python3.10/site-packages/akshare/futures/futures_basis.py:107: UserWarning: 20200719非交易日
  warnings.warn(f"{date.strftime('%Y%m%d')}非交易日")
/root/.local/lib/python3.10/site-packages/akshare/futures/futures_basis.py:107: UserWarning: 20200725非交易日
  warnings.warn(f"{date.strftime('%Y%m%d')}非交易日")
/root/.local/lib/python3.10/site-packages/akshare/futures/futures_basis.py:107: UserWarning: 20200726非交易日
  warnings.warn(f"{date.strftime('%Y%m%d')}非交易日")
/root/.local/lib/python3.10/site-packages/akshare/futures/futures_basis.py:107: UserWarning: 20200801非交易日
  warnings.warn(f"{date.strftime('%Y%m%d')}非交易日")
/root/.local/lib/python3.10/site-packages/akshare/futures/futures_basis.py:107: UserWarning: 20200802非交易日
  warnings.warn(f"{date.strftime('%Y%m%d')}非交易日")
/root/.local/lib/python3.10/site-packages/akshare/futures/futures_basis.py:107: UserWarning: 20200808非交易日
  warnings.warn(f"{date.strftime('%Y%m%d')}非交易日")
/root/.local/lib/python3.10/site-packages/akshare/futures/futures_basis.py:107: UserWarning: 20200809非交易日
  warnings.warn(f"{date.strftime('%Y%m%d')}非交易日")
/root/.local/lib/python3.10/site-packages/akshare/futures/futures_basis.py:107: UserWarning: 20200815非交易日
  warnings.warn(f"{date.strftime('%Y%m%d')}非交易日")
/root/.local/lib/python3.10/site-packages/akshare/futures/futures_basis.py:107: UserWarning: 20200816非交易日
  warnings.warn(f"{date.strftime('%Y%m%d')}非交易日")
/root/.local/lib/python3.10/site-packages/akshare/futures/futures_basis.py:107: UserWarning: 20200822非交易日
  warnings.warn(f"{date.strftime('%Y%m%d')}非交易日")
/root/.local/lib/python3.10/site-packages/akshare/futures/futures_basis.py:107: UserWarning: 20200823非交易日
  warnings.warn(f"{date.strftime('%Y%m%d')}非交易日")
/root/.local/lib/python3.10/site-packages/akshare/futures/futures_basis.py:107: UserWarning: 20200829非交易日
  warnings.warn(f"{date.strftime('%Y%m%d')}非交易日")
/root/.local/lib/python3.10/site-packages/akshare/futures/futures_basis.py:107: UserWarning: 20200830非交易日
  warnings.warn(f"{date.strftime('%Y%m%d')}非交易日")
/root/.local/lib/python3.10/site-packages/akshare/futures/futures_basis.py:107: UserWarning: 20200905非交易日
  warnings.warn(f"{date.strftime('%Y%m%d')}非交易日")
/root/.local/lib/python3.10/site-packages/akshare/futures/futures_basis.py:107: UserWarning: 20200906非交易日
  warnings.warn(f"{date.strftime('%Y%m%d')}非交易日")
/root/.local/lib/python3.10/site-packages/akshare/futures/futures_basis.py:107: UserWarning: 20200912非交易日
  warnings.warn(f"{date.strftime('%Y%m%d')}非交易日")
/root/.local/lib/python3.10/site-packages/akshare/futures/futures_basis.py:107: UserWarning: 20200913非交易日
  warnings.warn(f"{date.strftime('%Y%m%d')}非交易日")
/root/.local/lib/python3.10/site-packages/akshare/futures/futures_basis.py:107: UserWarning: 20200919非交易日
  warnings.warn(f"{date.strftime('%Y%m%d')}非交易日")
/root/.local/lib/python3.10/site-packages/akshare/futures/futures_basis.py:107: UserWarning: 20200920非交易日
  warnings.warn(f"{date.strftime('%Y%m%d')}非交易日")
/root/.local/lib/python3.10/site-packages/akshare/futures/futures_basis.py:107: UserWarning: 20200926非交易日
  warnings.warn(f"{date.strftime('%Y%m%d')}非交易日")
/root/.local/lib/python3.10/site-packages/akshare/futures/futures_basis.py:107: UserWarning: 20200927非交易日
  warnings.warn(f"{date.strftime('%Y%m%d')}非交易日")
/root/.local/lib/python3.10/site-packages/akshare/futures/futures_basis.py:107: UserWarning: 20201001非交易日
  warnings.warn(f"{date.strftime('%Y%m%d')}非交易日")
/root/.local/lib/python3.10/site-packages/akshare/futures/futures_basis.py:107: UserWarning: 20201002非交易日
  warnings.warn(f"{date.strftime('%Y%m%d')}非交易日")
/root/.local/lib/python3.10/site-packages/akshare/futures/futures_basis.py:107: UserWarning: 20201003非交易日
  warnings.warn(f"{date.strftime('%Y%m%d')}非交易日")
/root/.local/lib/python3.10/site-packages/akshare/futures/futures_basis.py:107: UserWarning: 20201004非交易日
  warnings.warn(f"{date.strftime('%Y%m%d')}非交易日")
/root/.local/lib/python3.10/site-packages/akshare/futures/futures_basis.py:107: UserWarning: 20201005非交易日
  warnings.warn(f"{date.strftime('%Y%m%d')}非交易日")
/root/.local/lib/python3.10/site-packages/akshare/futures/futures_basis.py:107: UserWarning: 20201006非交易日
  warnings.warn(f"{date.strftime('%Y%m%d')}非交易日")
/root/.local/lib/python3.10/site-packages/akshare/futures/futures_basis.py:107: UserWarning: 20201007非交易日
  warnings.warn(f"{date.strftime('%Y%m%d')}非交易日")
/root/.local/lib/python3.10/site-packages/akshare/futures/futures_basis.py:107: UserWarning: 20201008非交易日
  warnings.warn(f"{date.strftime('%Y%m%d')}非交易日")
/root/.local/lib/python3.10/site-packages/akshare/futures/futures_basis.py:107: UserWarning: 20201010非交易日
  warnings.warn(f"{date.strftime('%Y%m%d')}非交易日")
/root/.local/lib/python3.10/site-packages/akshare/futures/futures_basis.py:107: UserWarning: 20201011非交易日
  warnings.warn(f"{date.strftime('%Y%m%d')}非交易日")
/root/.local/lib/python3.10/site-packages/akshare/futures/futures_basis.py:107: UserWarning: 20201017非交易日
  warnings.warn(f"{date.strftime('%Y%m%d')}非交易日")
/root/.local/lib/python3.10/site-packages/akshare/futures/futures_basis.py:107: UserWarning: 20201018非交易日
  warnings.warn(f"{date.strftime('%Y%m%d')}非交易日")
/root/.local/lib/python3.10/site-packages/akshare/futures/futures_basis.py:107: UserWarning: 20201024非交易日
  warnings.warn(f"{date.strftime('%Y%m%d')}非交易日")
/root/.local/lib/python3.10/site-packages/akshare/futures/futures_basis.py:107: UserWarning: 20201025非交易日
  warnings.warn(f"{date.strftime('%Y%m%d')}非交易日")
/root/.local/lib/python3.10/site-packages/akshare/futures/futures_basis.py:107: UserWarning: 20201031非交易日
  warnings.warn(f"{date.strftime('%Y%m%d')}非交易日")
/root/.local/lib/python3.10/site-packages/akshare/futures/futures_basis.py:107: UserWarning: 20201101非交易日
  warnings.warn(f"{date.strftime('%Y%m%d')}非交易日")
/root/.local/lib/python3.10/site-packages/akshare/futures/futures_basis.py:107: UserWarning: 20201107非交易日
  warnings.warn(f"{date.strftime('%Y%m%d')}非交易日")
/root/.local/lib/python3.10/site-packages/akshare/futures/futures_basis.py:107: UserWarning: 20201108非交易日
  warnings.warn(f"{date.strftime('%Y%m%d')}非交易日")
/root/.local/lib/python3.10/site-packages/akshare/futures/futures_basis.py:107: UserWarning: 20201114非交易日
  warnings.warn(f"{date.strftime('%Y%m%d')}非交易日")
/root/.local/lib/python3.10/site-packages/akshare/futures/futures_basis.py:107: UserWarning: 20201115非交易日
  warnings.warn(f"{date.strftime('%Y%m%d')}非交易日")
/root/.local/lib/python3.10/site-packages/akshare/futures/futures_basis.py:107: UserWarning: 20201121非交易日
  warnings.warn(f"{date.strftime('%Y%m%d')}非交易日")
/root/.local/lib/python3.10/site-packages/akshare/futures/futures_basis.py:107: UserWarning: 20201122非交易日
  warnings.warn(f"{date.strftime('%Y%m%d')}非交易日")
/root/.local/lib/python3.10/site-packages/akshare/futures/futures_basis.py:107: UserWarning: 20201128非交易日
  warnings.warn(f"{date.strftime('%Y%m%d')}非交易日")
/root/.local/lib/python3.10/site-packages/akshare/futures/futures_basis.py:107: UserWarning: 20201129非交易日
  warnings.warn(f"{date.strftime('%Y%m%d')}非交易日")
/root/.local/lib/python3.10/site-packages/akshare/futures/futures_basis.py:107: UserWarning: 20201205非交易日
  warnings.warn(f"{date.strftime('%Y%m%d')}非交易日")
/root/.local/lib/python3.10/site-packages/akshare/futures/futures_basis.py:107: UserWarning: 20201206非交易日
  warnings.warn(f"{date.strftime('%Y%m%d')}非交易日")
/root/.local/lib/python3.10/site-packages/akshare/futures/futures_basis.py:107: UserWarning: 20201212非交易日
  warnings.warn(f"{date.strftime('%Y%m%d')}非交易日")
/root/.local/lib/python3.10/site-packages/akshare/futures/futures_basis.py:107: UserWarning: 20201213非交易日
  warnings.warn(f"{date.strftime('%Y%m%d')}非交易日")
/root/.local/lib/python3.10/site-packages/akshare/futures/futures_basis.py:107: UserWarning: 20201219非交易日
  warnings.warn(f"{date.strftime('%Y%m%d')}非交易日")
/root/.local/lib/python3.10/site-packages/akshare/futures/futures_basis.py:107: UserWarning: 20201220非交易日
  warnings.warn(f"{date.strftime('%Y%m%d')}非交易日")
/root/.local/lib/python3.10/site-packages/akshare/futures/futures_basis.py:107: UserWarning: 20201226非交易日
  warnings.warn(f"{date.strftime('%Y%m%d')}非交易日")
/root/.local/lib/python3.10/site-packages/akshare/futures/futures_basis.py:107: UserWarning: 20201227非交易日
  warnings.warn(f"{date.strftime('%Y%m%d')}非交易日")
/root/.local/lib/python3.10/site-packages/akshare/futures/futures_basis.py:107: UserWarning: 20210101非交易日
  warnings.warn(f"{date.strftime('%Y%m%d')}非交易日")
/root/.local/lib/python3.10/site-packages/akshare/futures/futures_basis.py:107: UserWarning: 20210102非交易日
  warnings.warn(f"{date.strftime('%Y%m%d')}非交易日")
/root/.local/lib/python3.10/site-packages/akshare/futures/futures_basis.py:107: UserWarning: 20210103非交易日
  warnings.warn(f"{date.strftime('%Y%m%d')}非交易日")
/root/.local/lib/python3.10/site-packages/akshare/futures/futures_basis.py:107: UserWarning: 20210109非交易日
  warnings.warn(f"{date.strftime('%Y%m%d')}非交易日")
/root/.local/lib/python3.10/site-packages/akshare/futures/futures_basis.py:107: UserWarning: 20210110非交易日
  warnings.warn(f"{date.strftime('%Y%m%d')}非交易日")
/root/.local/lib/python3.10/site-packages/akshare/futures/futures_basis.py:107: UserWarning: 20210116非交易日
  warnings.warn(f"{date.strftime('%Y%m%d')}非交易日")
/root/.local/lib/python3.10/site-packages/akshare/futures/futures_basis.py:107: UserWarning: 20210117非交易日
  warnings.warn(f"{date.strftime('%Y%m%d')}非交易日")
/root/.local/lib/python3.10/site-packages/akshare/futures/futures_basis.py:107: UserWarning: 20210123非交易日
  warnings.warn(f"{date.strftime('%Y%m%d')}非交易日")
/root/.local/lib/python3.10/site-packages/akshare/futures/futures_basis.py:107: UserWarning: 20210124非交易日
  warnings.warn(f"{date.strftime('%Y%m%d')}非交易日")
/root/.local/lib/python3.10/site-packages/akshare/futures/futures_basis.py:107: UserWarning: 20210130非交易日
  warnings.warn(f"{date.strftime('%Y%m%d')}非交易日")
/root/.local/lib/python3.10/site-packages/akshare/futures/futures_basis.py:107: UserWarning: 20210131非交易日
  warnings.warn(f"{date.strftime('%Y%m%d')}非交易日")
/root/.local/lib/python3.10/site-packages/akshare/futures/futures_basis.py:107: UserWarning: 20210206非交易日
  warnings.warn(f"{date.strftime('%Y%m%d')}非交易日")
/root/.local/lib/python3.10/site-packages/akshare/futures/futures_basis.py:107: UserWarning: 20210207非交易日
  warnings.warn(f"{date.strftime('%Y%m%d')}非交易日")
/root/.local/lib/python3.10/site-packages/akshare/futures/futures_basis.py:107: UserWarning: 20210211非交易日
  warnings.warn(f"{date.strftime('%Y%m%d')}非交易日")
/root/.local/lib/python3.10/site-packages/akshare/futures/futures_basis.py:107: UserWarning: 20210212非交易日
  warnings.warn(f"{date.strftime('%Y%m%d')}非交易日")
/root/.local/lib/python3.10/site-packages/akshare/futures/futures_basis.py:107: UserWarning: 20210213非交易日
  warnings.warn(f"{date.strftime('%Y%m%d')}非交易日")
/root/.local/lib/python3.10/site-packages/akshare/futures/futures_basis.py:107: UserWarning: 20210214非交易日
  warnings.warn(f"{date.strftime('%Y%m%d')}非交易日")
/root/.local/lib/python3.10/site-packages/akshare/futures/futures_basis.py:107: UserWarning: 20210215非交易日
  warnings.warn(f"{date.strftime('%Y%m%d')}非交易日")
/root/.local/lib/python3.10/site-packages/akshare/futures/futures_basis.py:107: UserWarning: 20210216非交易日
  warnings.warn(f"{date.strftime('%Y%m%d')}非交易日")
/root/.local/lib/python3.10/site-packages/akshare/futures/futures_basis.py:107: UserWarning: 20210217非交易日
  warnings.warn(f"{date.strftime('%Y%m%d')}非交易日")
/root/.local/lib/python3.10/site-packages/akshare/futures/futures_basis.py:107: UserWarning: 20210220非交易日
  warnings.warn(f"{date.strftime('%Y%m%d')}非交易日")
/root/.local/lib/python3.10/site-packages/akshare/futures/futures_basis.py:107: UserWarning: 20210221非交易日
  warnings.warn(f"{date.strftime('%Y%m%d')}非交易日")
/root/.local/lib/python3.10/site-packages/akshare/futures/futures_basis.py:107: UserWarning: 20210227非交易日
  warnings.warn(f"{date.strftime('%Y%m%d')}非交易日")
/root/.local/lib/python3.10/site-packages/akshare/futures/futures_basis.py:107: UserWarning: 20210228非交易日
  warnings.warn(f"{date.strftime('%Y%m%d')}非交易日")
/root/.local/lib/python3.10/site-packages/akshare/futures/futures_basis.py:107: UserWarning: 20210306非交易日
  warnings.warn(f"{date.strftime('%Y%m%d')}非交易日")
/root/.local/lib/python3.10/site-packages/akshare/futures/futures_basis.py:107: UserWarning: 20210307非交易日
  warnings.warn(f"{date.strftime('%Y%m%d')}非交易日")
/root/.local/lib/python3.10/site-packages/akshare/futures/futures_basis.py:107: UserWarning: 20210313非交易日
  warnings.warn(f"{date.strftime('%Y%m%d')}非交易日")
/root/.local/lib/python3.10/site-packages/akshare/futures/futures_basis.py:107: UserWarning: 20210314非交易日
  warnings.warn(f"{date.strftime('%Y%m%d')}非交易日")
/root/.local/lib/python3.10/site-packages/akshare/futures/futures_basis.py:107: UserWarning: 20210320非交易日
  warnings.warn(f"{date.strftime('%Y%m%d')}非交易日")
/root/.local/lib/python3.10/site-packages/akshare/futures/futures_basis.py:107: UserWarning: 20210321非交易日
  warnings.warn(f"{date.strftime('%Y%m%d')}非交易日")
/root/.local/lib/python3.10/site-packages/akshare/futures/futures_basis.py:107: UserWarning: 20210327非交易日
  warnings.warn(f"{date.strftime('%Y%m%d')}非交易日")
/root/.local/lib/python3.10/site-packages/akshare/futures/futures_basis.py:107: UserWarning: 20210328非交易日
  warnings.warn(f"{date.strftime('%Y%m%d')}非交易日")
/root/.local/lib/python3.10/site-packages/akshare/futures/futures_basis.py:107: UserWarning: 20210403非交易日
  warnings.warn(f"{date.strftime('%Y%m%d')}非交易日")
/root/.local/lib/python3.10/site-packages/akshare/futures/futures_basis.py:107: UserWarning: 20210404非交易日
  warnings.warn(f"{date.strftime('%Y%m%d')}非交易日")
/root/.local/lib/python3.10/site-packages/akshare/futures/futures_basis.py:107: UserWarning: 20210405非交易日
  warnings.warn(f"{date.strftime('%Y%m%d')}非交易日")
/root/.local/lib/python3.10/site-packages/akshare/futures/futures_basis.py:107: UserWarning: 20210410非交易日
  warnings.warn(f"{date.strftime('%Y%m%d')}非交易日")
/root/.local/lib/python3.10/site-packages/akshare/futures/futures_basis.py:107: UserWarning: 20210411非交易日
  warnings.warn(f"{date.strftime('%Y%m%d')}非交易日")
/root/.local/lib/python3.10/site-packages/akshare/futures/futures_basis.py:107: UserWarning: 20210417非交易日
  warnings.warn(f"{date.strftime('%Y%m%d')}非交易日")
/root/.local/lib/python3.10/site-packages/akshare/futures/futures_basis.py:107: UserWarning: 20210418非交易日
  warnings.warn(f"{date.strftime('%Y%m%d')}非交易日")
/root/.local/lib/python3.10/site-packages/akshare/futures/futures_basis.py:107: UserWarning: 20210424非交易日
  warnings.warn(f"{date.strftime('%Y%m%d')}非交易日")
/root/.local/lib/python3.10/site-packages/akshare/futures/futures_basis.py:107: UserWarning: 20210425非交易日
  warnings.warn(f"{date.strftime('%Y%m%d')}非交易日")
/root/.local/lib/python3.10/site-packages/akshare/futures/futures_basis.py:107: UserWarning: 20210501非交易日
  warnings.warn(f"{date.strftime('%Y%m%d')}非交易日")
/root/.local/lib/python3.10/site-packages/akshare/futures/futures_basis.py:107: UserWarning: 20210502非交易日
  warnings.warn(f"{date.strftime('%Y%m%d')}非交易日")
/root/.local/lib/python3.10/site-packages/akshare/futures/futures_basis.py:107: UserWarning: 20210503非交易日
  warnings.warn(f"{date.strftime('%Y%m%d')}非交易日")
/root/.local/lib/python3.10/site-packages/akshare/futures/futures_basis.py:107: UserWarning: 20210504非交易日
  warnings.warn(f"{date.strftime('%Y%m%d')}非交易日")
/root/.local/lib/python3.10/site-packages/akshare/futures/futures_basis.py:107: UserWarning: 20210505非交易日
  warnings.warn(f"{date.strftime('%Y%m%d')}非交易日")
/root/.local/lib/python3.10/site-packages/akshare/futures/futures_basis.py:107: UserWarning: 20210508非交易日
  warnings.warn(f"{date.strftime('%Y%m%d')}非交易日")
/root/.local/lib/python3.10/site-packages/akshare/futures/futures_basis.py:107: UserWarning: 20210509非交易日
  warnings.warn(f"{date.strftime('%Y%m%d')}非交易日")
/root/.local/lib/python3.10/site-packages/akshare/futures/futures_basis.py:107: UserWarning: 20210515非交易日
  warnings.warn(f"{date.strftime('%Y%m%d')}非交易日")
/root/.local/lib/python3.10/site-packages/akshare/futures/futures_basis.py:107: UserWarning: 20210516非交易日
  warnings.warn(f"{date.strftime('%Y%m%d')}非交易日")
/root/.local/lib/python3.10/site-packages/akshare/futures/futures_basis.py:107: UserWarning: 20210522非交易日
  warnings.warn(f"{date.strftime('%Y%m%d')}非交易日")
/root/.local/lib/python3.10/site-packages/akshare/futures/futures_basis.py:107: UserWarning: 20210523非交易日
  warnings.warn(f"{date.strftime('%Y%m%d')}非交易日")
/root/.local/lib/python3.10/site-packages/akshare/futures/futures_basis.py:107: UserWarning: 20210529非交易日
  warnings.warn(f"{date.strftime('%Y%m%d')}非交易日")
/root/.local/lib/python3.10/site-packages/akshare/futures/futures_basis.py:107: UserWarning: 20210530非交易日
  warnings.warn(f"{date.strftime('%Y%m%d')}非交易日")
/root/.local/lib/python3.10/site-packages/akshare/futures/futures_basis.py:107: UserWarning: 20210605非交易日
  warnings.warn(f"{date.strftime('%Y%m%d')}非交易日")
/root/.local/lib/python3.10/site-packages/akshare/futures/futures_basis.py:107: UserWarning: 20210606非交易日
  warnings.warn(f"{date.strftime('%Y%m%d')}非交易日")
/root/.local/lib/python3.10/site-packages/akshare/futures/futures_basis.py:107: UserWarning: 20210612非交易日
  warnings.warn(f"{date.strftime('%Y%m%d')}非交易日")
/root/.local/lib/python3.10/site-packages/akshare/futures/futures_basis.py:107: UserWarning: 20210613非交易日
  warnings.warn(f"{date.strftime('%Y%m%d')}非交易日")
/root/.local/lib/python3.10/site-packages/akshare/futures/futures_basis.py:107: UserWarning: 20210614非交易日
  warnings.warn(f"{date.strftime('%Y%m%d')}非交易日")
/root/.local/lib/python3.10/site-packages/akshare/futures/futures_basis.py:107: UserWarning: 20210619非交易日
  warnings.warn(f"{date.strftime('%Y%m%d')}非交易日")
/root/.local/lib/python3.10/site-packages/akshare/futures/futures_basis.py:107: UserWarning: 20210620非交易日
  warnings.warn(f"{date.strftime('%Y%m%d')}非交易日")
/root/.local/lib/python3.10/site-packages/akshare/futures/futures_basis.py:107: UserWarning: 20210626非交易日
  warnings.warn(f"{date.strftime('%Y%m%d')}非交易日")
/root/.local/lib/python3.10/site-packages/akshare/futures/futures_basis.py:107: UserWarning: 20210627非交易日
  warnings.warn(f"{date.strftime('%Y%m%d')}非交易日")
/root/.local/lib/python3.10/site-packages/akshare/futures/futures_basis.py:107: UserWarning: 20210703非交易日
  warnings.warn(f"{date.strftime('%Y%m%d')}非交易日")
/root/.local/lib/python3.10/site-packages/akshare/futures/futures_basis.py:107: UserWarning: 20210704非交易日
  warnings.warn(f"{date.strftime('%Y%m%d')}非交易日")
/root/.local/lib/python3.10/site-packages/akshare/futures/futures_basis.py:107: UserWarning: 20210710非交易日
  warnings.warn(f"{date.strftime('%Y%m%d')}非交易日")
/root/.local/lib/python3.10/site-packages/akshare/futures/futures_basis.py:107: UserWarning: 20210711非交易日
  warnings.warn(f"{date.strftime('%Y%m%d')}非交易日")
/root/.local/lib/python3.10/site-packages/akshare/futures/futures_basis.py:107: UserWarning: 20210717非交易日
  warnings.warn(f"{date.strftime('%Y%m%d')}非交易日")
/root/.local/lib/python3.10/site-packages/akshare/futures/futures_basis.py:107: UserWarning: 20210718非交易日
  warnings.warn(f"{date.strftime('%Y%m%d')}非交易日")
/root/.local/lib/python3.10/site-packages/akshare/futures/futures_basis.py:107: UserWarning: 20210724非交易日
  warnings.warn(f"{date.strftime('%Y%m%d')}非交易日")
/root/.local/lib/python3.10/site-packages/akshare/futures/futures_basis.py:107: UserWarning: 20210725非交易日
  warnings.warn(f"{date.strftime('%Y%m%d')}非交易日")
/root/.local/lib/python3.10/site-packages/akshare/futures/futures_basis.py:107: UserWarning: 20210731非交易日
  warnings.warn(f"{date.strftime('%Y%m%d')}非交易日")
/root/.local/lib/python3.10/site-packages/akshare/futures/futures_basis.py:107: UserWarning: 20210801非交易日
  warnings.warn(f"{date.strftime('%Y%m%d')}非交易日")
/root/.local/lib/python3.10/site-packages/akshare/futures/futures_basis.py:107: UserWarning: 20210807非交易日
  warnings.warn(f"{date.strftime('%Y%m%d')}非交易日")
/root/.local/lib/python3.10/site-packages/akshare/futures/futures_basis.py:107: UserWarning: 20210808非交易日
  warnings.warn(f"{date.strftime('%Y%m%d')}非交易日")
/root/.local/lib/python3.10/site-packages/akshare/futures/futures_basis.py:107: UserWarning: 20210814非交易日
  warnings.warn(f"{date.strftime('%Y%m%d')}非交易日")
/root/.local/lib/python3.10/site-packages/akshare/futures/futures_basis.py:107: UserWarning: 20210815非交易日
  warnings.warn(f"{date.strftime('%Y%m%d')}非交易日")
/root/.local/lib/python3.10/site-packages/akshare/futures/futures_basis.py:107: UserWarning: 20210821非交易日
  warnings.warn(f"{date.strftime('%Y%m%d')}非交易日")
/root/.local/lib/python3.10/site-packages/akshare/futures/futures_basis.py:107: UserWarning: 20210822非交易日
  warnings.warn(f"{date.strftime('%Y%m%d')}非交易日")
/root/.local/lib/python3.10/site-packages/akshare/futures/futures_basis.py:107: UserWarning: 20210828非交易日
  warnings.warn(f"{date.strftime('%Y%m%d')}非交易日")
/root/.local/lib/python3.10/site-packages/akshare/futures/futures_basis.py:107: UserWarning: 20210829非交易日
  warnings.warn(f"{date.strftime('%Y%m%d')}非交易日")
/root/.local/lib/python3.10/site-packages/akshare/futures/futures_basis.py:107: UserWarning: 20210904非交易日
  warnings.warn(f"{date.strftime('%Y%m%d')}非交易日")
/root/.local/lib/python3.10/site-packages/akshare/futures/futures_basis.py:107: UserWarning: 20210905非交易日
  warnings.warn(f"{date.strftime('%Y%m%d')}非交易日")
/root/.local/lib/python3.10/site-packages/akshare/futures/futures_basis.py:107: UserWarning: 20210911非交易日
  warnings.warn(f"{date.strftime('%Y%m%d')}非交易日")
/root/.local/lib/python3.10/site-packages/akshare/futures/futures_basis.py:107: UserWarning: 20210912非交易日
  warnings.warn(f"{date.strftime('%Y%m%d')}非交易日")
/root/.local/lib/python3.10/site-packages/akshare/futures/futures_basis.py:107: UserWarning: 20210918非交易日
  warnings.warn(f"{date.strftime('%Y%m%d')}非交易日")
/root/.local/lib/python3.10/site-packages/akshare/futures/futures_basis.py:107: UserWarning: 20210919非交易日
  warnings.warn(f"{date.strftime('%Y%m%d')}非交易日")
/root/.local/lib/python3.10/site-packages/akshare/futures/futures_basis.py:107: UserWarning: 20210920非交易日
  warnings.warn(f"{date.strftime('%Y%m%d')}非交易日")
/root/.local/lib/python3.10/site-packages/akshare/futures/futures_basis.py:107: UserWarning: 20210921非交易日
  warnings.warn(f"{date.strftime('%Y%m%d')}非交易日")
/root/.local/lib/python3.10/site-packages/akshare/futures/futures_basis.py:107: UserWarning: 20210925非交易日
  warnings.warn(f"{date.strftime('%Y%m%d')}非交易日")
/root/.local/lib/python3.10/site-packages/akshare/futures/futures_basis.py:107: UserWarning: 20210926非交易日
  warnings.warn(f"{date.strftime('%Y%m%d')}非交易日")
/root/.local/lib/python3.10/site-packages/akshare/futures/futures_basis.py:107: UserWarning: 20211001非交易日
  warnings.warn(f"{date.strftime('%Y%m%d')}非交易日")
/root/.local/lib/python3.10/site-packages/akshare/futures/futures_basis.py:107: UserWarning: 20211002非交易日
  warnings.warn(f"{date.strftime('%Y%m%d')}非交易日")
/root/.local/lib/python3.10/site-packages/akshare/futures/futures_basis.py:107: UserWarning: 20211003非交易日
  warnings.warn(f"{date.strftime('%Y%m%d')}非交易日")
/root/.local/lib/python3.10/site-packages/akshare/futures/futures_basis.py:107: UserWarning: 20211004非交易日
  warnings.warn(f"{date.strftime('%Y%m%d')}非交易日")
/root/.local/lib/python3.10/site-packages/akshare/futures/futures_basis.py:107: UserWarning: 20211005非交易日
  warnings.warn(f"{date.strftime('%Y%m%d')}非交易日")
/root/.local/lib/python3.10/site-packages/akshare/futures/futures_basis.py:107: UserWarning: 20211006非交易日
  warnings.warn(f"{date.strftime('%Y%m%d')}非交易日")
/root/.local/lib/python3.10/site-packages/akshare/futures/futures_basis.py:107: UserWarning: 20211007非交易日
  warnings.warn(f"{date.strftime('%Y%m%d')}非交易日")
/root/.local/lib/python3.10/site-packages/akshare/futures/futures_basis.py:107: UserWarning: 20211009非交易日
  warnings.warn(f"{date.strftime('%Y%m%d')}非交易日")
/root/.local/lib/python3.10/site-packages/akshare/futures/futures_basis.py:107: UserWarning: 20211010非交易日
  warnings.warn(f"{date.strftime('%Y%m%d')}非交易日")
/root/.local/lib/python3.10/site-packages/akshare/futures/futures_basis.py:107: UserWarning: 20211016非交易日
  warnings.warn(f"{date.strftime('%Y%m%d')}非交易日")
/root/.local/lib/python3.10/site-packages/akshare/futures/futures_basis.py:107: UserWarning: 20211017非交易日
  warnings.warn(f"{date.strftime('%Y%m%d')}非交易日")
/root/.local/lib/python3.10/site-packages/akshare/futures/futures_basis.py:107: UserWarning: 20211023非交易日
  warnings.warn(f"{date.strftime('%Y%m%d')}非交易日")
/root/.local/lib/python3.10/site-packages/akshare/futures/futures_basis.py:107: UserWarning: 20211024非交易日
  warnings.warn(f"{date.strftime('%Y%m%d')}非交易日")
/root/.local/lib/python3.10/site-packages/akshare/futures/futures_basis.py:107: UserWarning: 20211030非交易日
  warnings.warn(f"{date.strftime('%Y%m%d')}非交易日")
/root/.local/lib/python3.10/site-packages/akshare/futures/futures_basis.py:107: UserWarning: 20211031非交易日
  warnings.warn(f"{date.strftime('%Y%m%d')}非交易日")
/root/.local/lib/python3.10/site-packages/akshare/futures/futures_basis.py:107: UserWarning: 20211106非交易日
  warnings.warn(f"{date.strftime('%Y%m%d')}非交易日")
/root/.local/lib/python3.10/site-packages/akshare/futures/futures_basis.py:107: UserWarning: 20211107非交易日
  warnings.warn(f"{date.strftime('%Y%m%d')}非交易日")
/root/.local/lib/python3.10/site-packages/akshare/futures/futures_basis.py:107: UserWarning: 20211113非交易日
  warnings.warn(f"{date.strftime('%Y%m%d')}非交易日")
/root/.local/lib/python3.10/site-packages/akshare/futures/futures_basis.py:107: UserWarning: 20211114非交易日
  warnings.warn(f"{date.strftime('%Y%m%d')}非交易日")
/root/.local/lib/python3.10/site-packages/akshare/futures/futures_basis.py:107: UserWarning: 20211120非交易日
  warnings.warn(f"{date.strftime('%Y%m%d')}非交易日")
/root/.local/lib/python3.10/site-packages/akshare/futures/futures_basis.py:107: UserWarning: 20211121非交易日
  warnings.warn(f"{date.strftime('%Y%m%d')}非交易日")
/root/.local/lib/python3.10/site-packages/akshare/futures/futures_basis.py:107: UserWarning: 20211127非交易日
  warnings.warn(f"{date.strftime('%Y%m%d')}非交易日")
/root/.local/lib/python3.10/site-packages/akshare/futures/futures_basis.py:107: UserWarning: 20211128非交易日
  warnings.warn(f"{date.strftime('%Y%m%d')}非交易日")
/root/.local/lib/python3.10/site-packages/akshare/futures/futures_basis.py:107: UserWarning: 20211204非交易日
  warnings.warn(f"{date.strftime('%Y%m%d')}非交易日")
/root/.local/lib/python3.10/site-packages/akshare/futures/futures_basis.py:107: UserWarning: 20211205非交易日
  warnings.warn(f"{date.strftime('%Y%m%d')}非交易日")
/root/.local/lib/python3.10/site-packages/akshare/futures/futures_basis.py:107: UserWarning: 20211211非交易日
  warnings.warn(f"{date.strftime('%Y%m%d')}非交易日")
/root/.local/lib/python3.10/site-packages/akshare/futures/futures_basis.py:107: UserWarning: 20211212非交易日
  warnings.warn(f"{date.strftime('%Y%m%d')}非交易日")
/root/.local/lib/python3.10/site-packages/akshare/futures/futures_basis.py:107: UserWarning: 20211218非交易日
  warnings.warn(f"{date.strftime('%Y%m%d')}非交易日")
/root/.local/lib/python3.10/site-packages/akshare/futures/futures_basis.py:107: UserWarning: 20211219非交易日
  warnings.warn(f"{date.strftime('%Y%m%d')}非交易日")
/root/.local/lib/python3.10/site-packages/akshare/futures/futures_basis.py:107: UserWarning: 20211225非交易日
  warnings.warn(f"{date.strftime('%Y%m%d')}非交易日")
/root/.local/lib/python3.10/site-packages/akshare/futures/futures_basis.py:107: UserWarning: 20211226非交易日
  warnings.warn(f"{date.strftime('%Y%m%d')}非交易日")
/root/.local/lib/python3.10/site-packages/akshare/futures/futures_basis.py:107: UserWarning: 20220101非交易日
  warnings.warn(f"{date.strftime('%Y%m%d')}非交易日")
/root/.local/lib/python3.10/site-packages/akshare/futures/futures_basis.py:107: UserWarning: 20220102非交易日
  warnings.warn(f"{date.strftime('%Y%m%d')}非交易日")
/root/.local/lib/python3.10/site-packages/akshare/futures/futures_basis.py:107: UserWarning: 20220103非交易日
  warnings.warn(f"{date.strftime('%Y%m%d')}非交易日")
/root/.local/lib/python3.10/site-packages/akshare/futures/futures_basis.py:107: UserWarning: 20220108非交易日
  warnings.warn(f"{date.strftime('%Y%m%d')}非交易日")
/root/.local/lib/python3.10/site-packages/akshare/futures/futures_basis.py:107: UserWarning: 20220109非交易日
  warnings.warn(f"{date.strftime('%Y%m%d')}非交易日")
/root/.local/lib/python3.10/site-packages/akshare/futures/futures_basis.py:107: UserWarning: 20220115非交易日
  warnings.warn(f"{date.strftime('%Y%m%d')}非交易日")
/root/.local/lib/python3.10/site-packages/akshare/futures/futures_basis.py:107: UserWarning: 20220116非交易日
  warnings.warn(f"{date.strftime('%Y%m%d')}非交易日")
/root/.local/lib/python3.10/site-packages/akshare/futures/futures_basis.py:107: UserWarning: 20220122非交易日
  warnings.warn(f"{date.strftime('%Y%m%d')}非交易日")
/root/.local/lib/python3.10/site-packages/akshare/futures/futures_basis.py:107: UserWarning: 20220123非交易日
  warnings.warn(f"{date.strftime('%Y%m%d')}非交易日")
/root/.local/lib/python3.10/site-packages/akshare/futures/futures_basis.py:107: UserWarning: 20220129非交易日
  warnings.warn(f"{date.strftime('%Y%m%d')}非交易日")
/root/.local/lib/python3.10/site-packages/akshare/futures/futures_basis.py:107: UserWarning: 20220130非交易日
  warnings.warn(f"{date.strftime('%Y%m%d')}非交易日")
/root/.local/lib/python3.10/site-packages/akshare/futures/futures_basis.py:107: UserWarning: 20220131非交易日
  warnings.warn(f"{date.strftime('%Y%m%d')}非交易日")
/root/.local/lib/python3.10/site-packages/akshare/futures/futures_basis.py:107: UserWarning: 20220201非交易日
  warnings.warn(f"{date.strftime('%Y%m%d')}非交易日")
/root/.local/lib/python3.10/site-packages/akshare/futures/futures_basis.py:107: UserWarning: 20220202非交易日
  warnings.warn(f"{date.strftime('%Y%m%d')}非交易日")
/root/.local/lib/python3.10/site-packages/akshare/futures/futures_basis.py:107: UserWarning: 20220203非交易日
  warnings.warn(f"{date.strftime('%Y%m%d')}非交易日")
/root/.local/lib/python3.10/site-packages/akshare/futures/futures_basis.py:107: UserWarning: 20220204非交易日
  warnings.warn(f"{date.strftime('%Y%m%d')}非交易日")
/root/.local/lib/python3.10/site-packages/akshare/futures/futures_basis.py:107: UserWarning: 20220205非交易日
  warnings.warn(f"{date.strftime('%Y%m%d')}非交易日")
/root/.local/lib/python3.10/site-packages/akshare/futures/futures_basis.py:107: UserWarning: 20220206非交易日
  warnings.warn(f"{date.strftime('%Y%m%d')}非交易日")
/root/.local/lib/python3.10/site-packages/akshare/futures/futures_basis.py:107: UserWarning: 20220212非交易日
  warnings.warn(f"{date.strftime('%Y%m%d')}非交易日")
/root/.local/lib/python3.10/site-packages/akshare/futures/futures_basis.py:107: UserWarning: 20220213非交易日
  warnings.warn(f"{date.strftime('%Y%m%d')}非交易日")
/root/.local/lib/python3.10/site-packages/akshare/futures/futures_basis.py:107: UserWarning: 20220219非交易日
  warnings.warn(f"{date.strftime('%Y%m%d')}非交易日")
/root/.local/lib/python3.10/site-packages/akshare/futures/futures_basis.py:107: UserWarning: 20220220非交易日
  warnings.warn(f"{date.strftime('%Y%m%d')}非交易日")
/root/.local/lib/python3.10/site-packages/akshare/futures/futures_basis.py:107: UserWarning: 20220226非交易日
  warnings.warn(f"{date.strftime('%Y%m%d')}非交易日")
/root/.local/lib/python3.10/site-packages/akshare/futures/futures_basis.py:107: UserWarning: 20220227非交易日
  warnings.warn(f"{date.strftime('%Y%m%d')}非交易日")
/root/.local/lib/python3.10/site-packages/akshare/futures/futures_basis.py:107: UserWarning: 20220305非交易日
  warnings.warn(f"{date.strftime('%Y%m%d')}非交易日")
/root/.local/lib/python3.10/site-packages/akshare/futures/futures_basis.py:107: UserWarning: 20220306非交易日
  warnings.warn(f"{date.strftime('%Y%m%d')}非交易日")
/root/.local/lib/python3.10/site-packages/akshare/futures/futures_basis.py:107: UserWarning: 20220312非交易日
  warnings.warn(f"{date.strftime('%Y%m%d')}非交易日")
/root/.local/lib/python3.10/site-packages/akshare/futures/futures_basis.py:107: UserWarning: 20220313非交易日
  warnings.warn(f"{date.strftime('%Y%m%d')}非交易日")
/root/.local/lib/python3.10/site-packages/akshare/futures/futures_basis.py:107: UserWarning: 20220319非交易日
  warnings.warn(f"{date.strftime('%Y%m%d')}非交易日")
/root/.local/lib/python3.10/site-packages/akshare/futures/futures_basis.py:107: UserWarning: 20220320非交易日
  warnings.warn(f"{date.strftime('%Y%m%d')}非交易日")
/root/.local/lib/python3.10/site-packages/akshare/futures/futures_basis.py:107: UserWarning: 20220326非交易日
  warnings.warn(f"{date.strftime('%Y%m%d')}非交易日")
/root/.local/lib/python3.10/site-packages/akshare/futures/futures_basis.py:107: UserWarning: 20220327非交易日
  warnings.warn(f"{date.strftime('%Y%m%d')}非交易日")
/root/.local/lib/python3.10/site-packages/akshare/futures/futures_basis.py:107: UserWarning: 20220402非交易日
  warnings.warn(f"{date.strftime('%Y%m%d')}非交易日")
/root/.local/lib/python3.10/site-packages/akshare/futures/futures_basis.py:107: UserWarning: 20220403非交易日
  warnings.warn(f"{date.strftime('%Y%m%d')}非交易日")
/root/.local/lib/python3.10/site-packages/akshare/futures/futures_basis.py:107: UserWarning: 20220404非交易日
  warnings.warn(f"{date.strftime('%Y%m%d')}非交易日")
/root/.local/lib/python3.10/site-packages/akshare/futures/futures_basis.py:107: UserWarning: 20220405非交易日
  warnings.warn(f"{date.strftime('%Y%m%d')}非交易日")
/root/.local/lib/python3.10/site-packages/akshare/futures/futures_basis.py:107: UserWarning: 20220409非交易日
  warnings.warn(f"{date.strftime('%Y%m%d')}非交易日")
/root/.local/lib/python3.10/site-packages/akshare/futures/futures_basis.py:107: UserWarning: 20220410非交易日
  warnings.warn(f"{date.strftime('%Y%m%d')}非交易日")
/root/.local/lib/python3.10/site-packages/akshare/futures/futures_basis.py:107: UserWarning: 20220416非交易日
  warnings.warn(f"{date.strftime('%Y%m%d')}非交易日")
/root/.local/lib/python3.10/site-packages/akshare/futures/futures_basis.py:107: UserWarning: 20220417非交易日
  warnings.warn(f"{date.strftime('%Y%m%d')}非交易日")
/root/.local/lib/python3.10/site-packages/akshare/futures/futures_basis.py:107: UserWarning: 20220423非交易日
  warnings.warn(f"{date.strftime('%Y%m%d')}非交易日")
/root/.local/lib/python3.10/site-packages/akshare/futures/futures_basis.py:107: UserWarning: 20220424非交易日
  warnings.warn(f"{date.strftime('%Y%m%d')}非交易日")
/root/.local/lib/python3.10/site-packages/akshare/futures/futures_basis.py:107: UserWarning: 20220430非交易日
  warnings.warn(f"{date.strftime('%Y%m%d')}非交易日")
/root/.local/lib/python3.10/site-packages/akshare/futures/futures_basis.py:107: UserWarning: 20220501非交易日
  warnings.warn(f"{date.strftime('%Y%m%d')}非交易日")
/root/.local/lib/python3.10/site-packages/akshare/futures/futures_basis.py:107: UserWarning: 20220502非交易日
  warnings.warn(f"{date.strftime('%Y%m%d')}非交易日")
/root/.local/lib/python3.10/site-packages/akshare/futures/futures_basis.py:107: UserWarning: 20220503非交易日
  warnings.warn(f"{date.strftime('%Y%m%d')}非交易日")
/root/.local/lib/python3.10/site-packages/akshare/futures/futures_basis.py:107: UserWarning: 20220504非交易日
  warnings.warn(f"{date.strftime('%Y%m%d')}非交易日")
/root/.local/lib/python3.10/site-packages/akshare/futures/futures_basis.py:107: UserWarning: 20220507非交易日
  warnings.warn(f"{date.strftime('%Y%m%d')}非交易日")
/root/.local/lib/python3.10/site-packages/akshare/futures/futures_basis.py:107: UserWarning: 20220508非交易日
  warnings.warn(f"{date.strftime('%Y%m%d')}非交易日")
/root/.local/lib/python3.10/site-packages/akshare/futures/futures_basis.py:107: UserWarning: 20220514非交易日
  warnings.warn(f"{date.strftime('%Y%m%d')}非交易日")
/root/.local/lib/python3.10/site-packages/akshare/futures/futures_basis.py:107: UserWarning: 20220515非交易日
  warnings.warn(f"{date.strftime('%Y%m%d')}非交易日")
/root/.local/lib/python3.10/site-packages/akshare/futures/futures_basis.py:107: UserWarning: 20220521非交易日
  warnings.warn(f"{date.strftime('%Y%m%d')}非交易日")
/root/.local/lib/python3.10/site-packages/akshare/futures/futures_basis.py:107: UserWarning: 20220522非交易日
  warnings.warn(f"{date.strftime('%Y%m%d')}非交易日")
/root/.local/lib/python3.10/site-packages/akshare/futures/futures_basis.py:107: UserWarning: 20220528非交易日
  warnings.warn(f"{date.strftime('%Y%m%d')}非交易日")
/root/.local/lib/python3.10/site-packages/akshare/futures/futures_basis.py:107: UserWarning: 20220529非交易日
  warnings.warn(f"{date.strftime('%Y%m%d')}非交易日")
/root/.local/lib/python3.10/site-packages/akshare/futures/futures_basis.py:107: UserWarning: 20220603非交易日
  warnings.warn(f"{date.strftime('%Y%m%d')}非交易日")
/root/.local/lib/python3.10/site-packages/akshare/futures/futures_basis.py:107: UserWarning: 20220604非交易日
  warnings.warn(f"{date.strftime('%Y%m%d')}非交易日")
/root/.local/lib/python3.10/site-packages/akshare/futures/futures_basis.py:107: UserWarning: 20220605非交易日
  warnings.warn(f"{date.strftime('%Y%m%d')}非交易日")
/root/.local/lib/python3.10/site-packages/akshare/futures/futures_basis.py:107: UserWarning: 20220611非交易日
  warnings.warn(f"{date.strftime('%Y%m%d')}非交易日")
/root/.local/lib/python3.10/site-packages/akshare/futures/futures_basis.py:107: UserWarning: 20220612非交易日
  warnings.warn(f"{date.strftime('%Y%m%d')}非交易日")
/root/.local/lib/python3.10/site-packages/akshare/futures/futures_basis.py:107: UserWarning: 20220618非交易日
  warnings.warn(f"{date.strftime('%Y%m%d')}非交易日")
/root/.local/lib/python3.10/site-packages/akshare/futures/futures_basis.py:107: UserWarning: 20220619非交易日
  warnings.warn(f"{date.strftime('%Y%m%d')}非交易日")
/root/.local/lib/python3.10/site-packages/akshare/futures/futures_basis.py:107: UserWarning: 20220625非交易日
  warnings.warn(f"{date.strftime('%Y%m%d')}非交易日")
/root/.local/lib/python3.10/site-packages/akshare/futures/futures_basis.py:107: UserWarning: 20220626非交易日
  warnings.warn(f"{date.strftime('%Y%m%d')}非交易日")
/root/.local/lib/python3.10/site-packages/akshare/futures/futures_basis.py:107: UserWarning: 20220702非交易日
  warnings.warn(f"{date.strftime('%Y%m%d')}非交易日")
/root/.local/lib/python3.10/site-packages/akshare/futures/futures_basis.py:107: UserWarning: 20220703非交易日
  warnings.warn(f"{date.strftime('%Y%m%d')}非交易日")
/root/.local/lib/python3.10/site-packages/akshare/futures/futures_basis.py:107: UserWarning: 20220709非交易日
  warnings.warn(f"{date.strftime('%Y%m%d')}非交易日")
/root/.local/lib/python3.10/site-packages/akshare/futures/futures_basis.py:107: UserWarning: 20220710非交易日
  warnings.warn(f"{date.strftime('%Y%m%d')}非交易日")
/root/.local/lib/python3.10/site-packages/akshare/futures/futures_basis.py:107: UserWarning: 20220716非交易日
  warnings.warn(f"{date.strftime('%Y%m%d')}非交易日")
/root/.local/lib/python3.10/site-packages/akshare/futures/futures_basis.py:107: UserWarning: 20220717非交易日
  warnings.warn(f"{date.strftime('%Y%m%d')}非交易日")
/root/.local/lib/python3.10/site-packages/akshare/futures/futures_basis.py:107: UserWarning: 20220723非交易日
  warnings.warn(f"{date.strftime('%Y%m%d')}非交易日")
/root/.local/lib/python3.10/site-packages/akshare/futures/futures_basis.py:107: UserWarning: 20220724非交易日
  warnings.warn(f"{date.strftime('%Y%m%d')}非交易日")
/root/.local/lib/python3.10/site-packages/akshare/futures/futures_basis.py:107: UserWarning: 20220730非交易日
  warnings.warn(f"{date.strftime('%Y%m%d')}非交易日")
/root/.local/lib/python3.10/site-packages/akshare/futures/futures_basis.py:107: UserWarning: 20220731非交易日
  warnings.warn(f"{date.strftime('%Y%m%d')}非交易日")
/root/.local/lib/python3.10/site-packages/akshare/futures/futures_basis.py:107: UserWarning: 20220806非交易日
  warnings.warn(f"{date.strftime('%Y%m%d')}非交易日")
/root/.local/lib/python3.10/site-packages/akshare/futures/futures_basis.py:107: UserWarning: 20220807非交易日
  warnings.warn(f"{date.strftime('%Y%m%d')}非交易日")
/root/.local/lib/python3.10/site-packages/akshare/futures/futures_basis.py:107: UserWarning: 20220813非交易日
  warnings.warn(f"{date.strftime('%Y%m%d')}非交易日")
/root/.local/lib/python3.10/site-packages/akshare/futures/futures_basis.py:107: UserWarning: 20220814非交易日
  warnings.warn(f"{date.strftime('%Y%m%d')}非交易日")
/root/.local/lib/python3.10/site-packages/akshare/futures/futures_basis.py:107: UserWarning: 20220820非交易日
  warnings.warn(f"{date.strftime('%Y%m%d')}非交易日")
/root/.local/lib/python3.10/site-packages/akshare/futures/futures_basis.py:107: UserWarning: 20220821非交易日
  warnings.warn(f"{date.strftime('%Y%m%d')}非交易日")
/root/.local/lib/python3.10/site-packages/akshare/futures/futures_basis.py:107: UserWarning: 20220827非交易日
  warnings.warn(f"{date.strftime('%Y%m%d')}非交易日")
/root/.local/lib/python3.10/site-packages/akshare/futures/futures_basis.py:107: UserWarning: 20220828非交易日
  warnings.warn(f"{date.strftime('%Y%m%d')}非交易日")
/root/.local/lib/python3.10/site-packages/akshare/futures/futures_basis.py:107: UserWarning: 20220903非交易日
  warnings.warn(f"{date.strftime('%Y%m%d')}非交易日")
/root/.local/lib/python3.10/site-packages/akshare/futures/futures_basis.py:107: UserWarning: 20220904非交易日
  warnings.warn(f"{date.strftime('%Y%m%d')}非交易日")
/root/.local/lib/python3.10/site-packages/akshare/futures/futures_basis.py:107: UserWarning: 20220910非交易日
  warnings.warn(f"{date.strftime('%Y%m%d')}非交易日")
/root/.local/lib/python3.10/site-packages/akshare/futures/futures_basis.py:107: UserWarning: 20220911非交易日
  warnings.warn(f"{date.strftime('%Y%m%d')}非交易日")
/root/.local/lib/python3.10/site-packages/akshare/futures/futures_basis.py:107: UserWarning: 20220912非交易日
  warnings.warn(f"{date.strftime('%Y%m%d')}非交易日")
/root/.local/lib/python3.10/site-packages/akshare/futures/futures_basis.py:107: UserWarning: 20220917非交易日
  warnings.warn(f"{date.strftime('%Y%m%d')}非交易日")
/root/.local/lib/python3.10/site-packages/akshare/futures/futures_basis.py:107: UserWarning: 20220918非交易日
  warnings.warn(f"{date.strftime('%Y%m%d')}非交易日")
/root/.local/lib/python3.10/site-packages/akshare/futures/futures_basis.py:107: UserWarning: 20220924非交易日
  warnings.warn(f"{date.strftime('%Y%m%d')}非交易日")
/root/.local/lib/python3.10/site-packages/akshare/futures/futures_basis.py:107: UserWarning: 20220925非交易日
  warnings.warn(f"{date.strftime('%Y%m%d')}非交易日")
/root/.local/lib/python3.10/site-packages/akshare/futures/futures_basis.py:107: UserWarning: 20221001非交易日
  warnings.warn(f"{date.strftime('%Y%m%d')}非交易日")
/root/.local/lib/python3.10/site-packages/akshare/futures/futures_basis.py:107: UserWarning: 20221002非交易日
  warnings.warn(f"{date.strftime('%Y%m%d')}非交易日")
/root/.local/lib/python3.10/site-packages/akshare/futures/futures_basis.py:107: UserWarning: 20221003非交易日
  warnings.warn(f"{date.strftime('%Y%m%d')}非交易日")
/root/.local/lib/python3.10/site-packages/akshare/futures/futures_basis.py:107: UserWarning: 20221004非交易日
  warnings.warn(f"{date.strftime('%Y%m%d')}非交易日")
/root/.local/lib/python3.10/site-packages/akshare/futures/futures_basis.py:107: UserWarning: 20221005非交易日
  warnings.warn(f"{date.strftime('%Y%m%d')}非交易日")
/root/.local/lib/python3.10/site-packages/akshare/futures/futures_basis.py:107: UserWarning: 20221006非交易日
  warnings.warn(f"{date.strftime('%Y%m%d')}非交易日")
/root/.local/lib/python3.10/site-packages/akshare/futures/futures_basis.py:107: UserWarning: 20221007非交易日
  warnings.warn(f"{date.strftime('%Y%m%d')}非交易日")
/root/.local/lib/python3.10/site-packages/akshare/futures/futures_basis.py:107: UserWarning: 20221008非交易日
  warnings.warn(f"{date.strftime('%Y%m%d')}非交易日")
/root/.local/lib/python3.10/site-packages/akshare/futures/futures_basis.py:107: UserWarning: 20221009非交易日
  warnings.warn(f"{date.strftime('%Y%m%d')}非交易日")
/root/.local/lib/python3.10/site-packages/akshare/futures/futures_basis.py:107: UserWarning: 20221015非交易日
  warnings.warn(f"{date.strftime('%Y%m%d')}非交易日")
/root/.local/lib/python3.10/site-packages/akshare/futures/futures_basis.py:107: UserWarning: 20221016非交易日
  warnings.warn(f"{date.strftime('%Y%m%d')}非交易日")
/root/.local/lib/python3.10/site-packages/akshare/futures/futures_basis.py:107: UserWarning: 20221022非交易日
  warnings.warn(f"{date.strftime('%Y%m%d')}非交易日")
/root/.local/lib/python3.10/site-packages/akshare/futures/futures_basis.py:107: UserWarning: 20221023非交易日
  warnings.warn(f"{date.strftime('%Y%m%d')}非交易日")
/root/.local/lib/python3.10/site-packages/akshare/futures/futures_basis.py:107: UserWarning: 20221029非交易日
  warnings.warn(f"{date.strftime('%Y%m%d')}非交易日")
/root/.local/lib/python3.10/site-packages/akshare/futures/futures_basis.py:107: UserWarning: 20221030非交易日
  warnings.warn(f"{date.strftime('%Y%m%d')}非交易日")
/root/.local/lib/python3.10/site-packages/akshare/futures/futures_basis.py:107: UserWarning: 20221105非交易日
  warnings.warn(f"{date.strftime('%Y%m%d')}非交易日")
/root/.local/lib/python3.10/site-packages/akshare/futures/futures_basis.py:107: UserWarning: 20221106非交易日
  warnings.warn(f"{date.strftime('%Y%m%d')}非交易日")
/root/.local/lib/python3.10/site-packages/akshare/futures/futures_basis.py:107: UserWarning: 20221112非交易日
  warnings.warn(f"{date.strftime('%Y%m%d')}非交易日")
/root/.local/lib/python3.10/site-packages/akshare/futures/futures_basis.py:107: UserWarning: 20221113非交易日
  warnings.warn(f"{date.strftime('%Y%m%d')}非交易日")
/root/.local/lib/python3.10/site-packages/akshare/futures/futures_basis.py:107: UserWarning: 20221119非交易日
  warnings.warn(f"{date.strftime('%Y%m%d')}非交易日")
/root/.local/lib/python3.10/site-packages/akshare/futures/futures_basis.py:107: UserWarning: 20221120非交易日
  warnings.warn(f"{date.strftime('%Y%m%d')}非交易日")
/root/.local/lib/python3.10/site-packages/akshare/futures/futures_basis.py:107: UserWarning: 20221126非交易日
  warnings.warn(f"{date.strftime('%Y%m%d')}非交易日")
/root/.local/lib/python3.10/site-packages/akshare/futures/futures_basis.py:107: UserWarning: 20221127非交易日
  warnings.warn(f"{date.strftime('%Y%m%d')}非交易日")
/root/.local/lib/python3.10/site-packages/akshare/futures/futures_basis.py:107: UserWarning: 20221203非交易日
  warnings.warn(f"{date.strftime('%Y%m%d')}非交易日")
/root/.local/lib/python3.10/site-packages/akshare/futures/futures_basis.py:107: UserWarning: 20221204非交易日
  warnings.warn(f"{date.strftime('%Y%m%d')}非交易日")
/root/.local/lib/python3.10/site-packages/akshare/futures/futures_basis.py:107: UserWarning: 20221210非交易日
  warnings.warn(f"{date.strftime('%Y%m%d')}非交易日")
/root/.local/lib/python3.10/site-packages/akshare/futures/futures_basis.py:107: UserWarning: 20221211非交易日
  warnings.warn(f"{date.strftime('%Y%m%d')}非交易日")
/root/.local/lib/python3.10/site-packages/akshare/futures/futures_basis.py:107: UserWarning: 20221217非交易日
  warnings.warn(f"{date.strftime('%Y%m%d')}非交易日")
/root/.local/lib/python3.10/site-packages/akshare/futures/futures_basis.py:107: UserWarning: 20221218非交易日
  warnings.warn(f"{date.strftime('%Y%m%d')}非交易日")
/root/.local/lib/python3.10/site-packages/akshare/futures/futures_basis.py:107: UserWarning: 20221224非交易日
  warnings.warn(f"{date.strftime('%Y%m%d')}非交易日")
/root/.local/lib/python3.10/site-packages/akshare/futures/futures_basis.py:107: UserWarning: 20221225非交易日
  warnings.warn(f"{date.strftime('%Y%m%d')}非交易日")
/root/.local/lib/python3.10/site-packages/akshare/futures/futures_basis.py:107: UserWarning: 20221231非交易日
  warnings.warn(f"{date.strftime('%Y%m%d')}非交易日")
/root/.local/lib/python3.10/site-packages/akshare/futures/futures_basis.py:107: UserWarning: 20230101非交易日
  warnings.warn(f"{date.strftime('%Y%m%d')}非交易日")
/root/.local/lib/python3.10/site-packages/akshare/futures/futures_basis.py:107: UserWarning: 20230102非交易日
  warnings.warn(f"{date.strftime('%Y%m%d')}非交易日")
/root/.local/lib/python3.10/site-packages/akshare/futures/futures_basis.py:107: UserWarning: 20230107非交易日
  warnings.warn(f"{date.strftime('%Y%m%d')}非交易日")
/root/.local/lib/python3.10/site-packages/akshare/futures/futures_basis.py:107: UserWarning: 20230108非交易日
  warnings.warn(f"{date.strftime('%Y%m%d')}非交易日")
/root/.local/lib/python3.10/site-packages/akshare/futures/futures_basis.py:107: UserWarning: 20230114非交易日
  warnings.warn(f"{date.strftime('%Y%m%d')}非交易日")
/root/.local/lib/python3.10/site-packages/akshare/futures/futures_basis.py:107: UserWarning: 20230115非交易日
  warnings.warn(f"{date.strftime('%Y%m%d')}非交易日")
/root/.local/lib/python3.10/site-packages/akshare/futures/futures_basis.py:107: UserWarning: 20230121非交易日
  warnings.warn(f"{date.strftime('%Y%m%d')}非交易日")
/root/.local/lib/python3.10/site-packages/akshare/futures/futures_basis.py:107: UserWarning: 20230122非交易日
  warnings.warn(f"{date.strftime('%Y%m%d')}非交易日")
/root/.local/lib/python3.10/site-packages/akshare/futures/futures_basis.py:107: UserWarning: 20230123非交易日
  warnings.warn(f"{date.strftime('%Y%m%d')}非交易日")
/root/.local/lib/python3.10/site-packages/akshare/futures/futures_basis.py:107: UserWarning: 20230124非交易日
  warnings.warn(f"{date.strftime('%Y%m%d')}非交易日")
/root/.local/lib/python3.10/site-packages/akshare/futures/futures_basis.py:107: UserWarning: 20230125非交易日
  warnings.warn(f"{date.strftime('%Y%m%d')}非交易日")
/root/.local/lib/python3.10/site-packages/akshare/futures/futures_basis.py:107: UserWarning: 20230126非交易日
  warnings.warn(f"{date.strftime('%Y%m%d')}非交易日")
/root/.local/lib/python3.10/site-packages/akshare/futures/futures_basis.py:107: UserWarning: 20230127非交易日
  warnings.warn(f"{date.strftime('%Y%m%d')}非交易日")
/root/.local/lib/python3.10/site-packages/akshare/futures/futures_basis.py:107: UserWarning: 20230128非交易日
  warnings.warn(f"{date.strftime('%Y%m%d')}非交易日")
/root/.local/lib/python3.10/site-packages/akshare/futures/futures_basis.py:107: UserWarning: 20230129非交易日
  warnings.warn(f"{date.strftime('%Y%m%d')}非交易日")
/root/.local/lib/python3.10/site-packages/akshare/futures/futures_basis.py:107: UserWarning: 20230204非交易日
  warnings.warn(f"{date.strftime('%Y%m%d')}非交易日")
/root/.local/lib/python3.10/site-packages/akshare/futures/futures_basis.py:107: UserWarning: 20230205非交易日
  warnings.warn(f"{date.strftime('%Y%m%d')}非交易日")
/root/.local/lib/python3.10/site-packages/akshare/futures/futures_basis.py:107: UserWarning: 20230211非交易日
  warnings.warn(f"{date.strftime('%Y%m%d')}非交易日")
/root/.local/lib/python3.10/site-packages/akshare/futures/futures_basis.py:107: UserWarning: 20230212非交易日
  warnings.warn(f"{date.strftime('%Y%m%d')}非交易日")
/root/.local/lib/python3.10/site-packages/akshare/futures/futures_basis.py:107: UserWarning: 20230218非交易日
  warnings.warn(f"{date.strftime('%Y%m%d')}非交易日")
/root/.local/lib/python3.10/site-packages/akshare/futures/futures_basis.py:107: UserWarning: 20230219非交易日
  warnings.warn(f"{date.strftime('%Y%m%d')}非交易日")
/root/.local/lib/python3.10/site-packages/akshare/futures/futures_basis.py:107: UserWarning: 20230225非交易日
  warnings.warn(f"{date.strftime('%Y%m%d')}非交易日")
/root/.local/lib/python3.10/site-packages/akshare/futures/futures_basis.py:107: UserWarning: 20230226非交易日
  warnings.warn(f"{date.strftime('%Y%m%d')}非交易日")
/root/.local/lib/python3.10/site-packages/akshare/futures/futures_basis.py:107: UserWarning: 20230304非交易日
  warnings.warn(f"{date.strftime('%Y%m%d')}非交易日")
/root/.local/lib/python3.10/site-packages/akshare/futures/futures_basis.py:107: UserWarning: 20230305非交易日
  warnings.warn(f"{date.strftime('%Y%m%d')}非交易日")
/root/.local/lib/python3.10/site-packages/akshare/futures/futures_basis.py:107: UserWarning: 20230311非交易日
  warnings.warn(f"{date.strftime('%Y%m%d')}非交易日")
/root/.local/lib/python3.10/site-packages/akshare/futures/futures_basis.py:107: UserWarning: 20230312非交易日
  warnings.warn(f"{date.strftime('%Y%m%d')}非交易日")
/root/.local/lib/python3.10/site-packages/akshare/futures/futures_basis.py:107: UserWarning: 20230318非交易日
  warnings.warn(f"{date.strftime('%Y%m%d')}非交易日")
/root/.local/lib/python3.10/site-packages/akshare/futures/futures_basis.py:107: UserWarning: 20230319非交易日
  warnings.warn(f"{date.strftime('%Y%m%d')}非交易日")
/root/.local/lib/python3.10/site-packages/akshare/futures/futures_basis.py:107: UserWarning: 20230325非交易日
  warnings.warn(f"{date.strftime('%Y%m%d')}非交易日")
/root/.local/lib/python3.10/site-packages/akshare/futures/futures_basis.py:107: UserWarning: 20230326非交易日
  warnings.warn(f"{date.strftime('%Y%m%d')}非交易日")
/root/.local/lib/python3.10/site-packages/akshare/futures/futures_basis.py:107: UserWarning: 20230401非交易日
  warnings.warn(f"{date.strftime('%Y%m%d')}非交易日")
/root/.local/lib/python3.10/site-packages/akshare/futures/futures_basis.py:107: UserWarning: 20230402非交易日
  warnings.warn(f"{date.strftime('%Y%m%d')}非交易日")
/root/.local/lib/python3.10/site-packages/akshare/futures/futures_basis.py:107: UserWarning: 20230405非交易日
  warnings.warn(f"{date.strftime('%Y%m%d')}非交易日")
/root/.local/lib/python3.10/site-packages/akshare/futures/futures_basis.py:107: UserWarning: 20230408非交易日
  warnings.warn(f"{date.strftime('%Y%m%d')}非交易日")
/root/.local/lib/python3.10/site-packages/akshare/futures/futures_basis.py:107: UserWarning: 20230409非交易日
  warnings.warn(f"{date.strftime('%Y%m%d')}非交易日")
/root/.local/lib/python3.10/site-packages/akshare/futures/futures_basis.py:107: UserWarning: 20230415非交易日
  warnings.warn(f"{date.strftime('%Y%m%d')}非交易日")
/root/.local/lib/python3.10/site-packages/akshare/futures/futures_basis.py:107: UserWarning: 20230416非交易日
  warnings.warn(f"{date.strftime('%Y%m%d')}非交易日")
/root/.local/lib/python3.10/site-packages/akshare/futures/futures_basis.py:107: UserWarning: 20230422非交易日
  warnings.warn(f"{date.strftime('%Y%m%d')}非交易日")
/root/.local/lib/python3.10/site-packages/akshare/futures/futures_basis.py:107: UserWarning: 20230423非交易日
  warnings.warn(f"{date.strftime('%Y%m%d')}非交易日")
/root/.local/lib/python3.10/site-packages/akshare/futures/futures_basis.py:107: UserWarning: 20230429非交易日
  warnings.warn(f"{date.strftime('%Y%m%d')}非交易日")
/root/.local/lib/python3.10/site-packages/akshare/futures/futures_basis.py:107: UserWarning: 20230430非交易日
  warnings.warn(f"{date.strftime('%Y%m%d')}非交易日")
/root/.local/lib/python3.10/site-packages/akshare/futures/futures_basis.py:107: UserWarning: 20230501非交易日
  warnings.warn(f"{date.strftime('%Y%m%d')}非交易日")
/root/.local/lib/python3.10/site-packages/akshare/futures/futures_basis.py:107: UserWarning: 20230502非交易日
  warnings.warn(f"{date.strftime('%Y%m%d')}非交易日")
/root/.local/lib/python3.10/site-packages/akshare/futures/futures_basis.py:107: UserWarning: 20230503非交易日
  warnings.warn(f"{date.strftime('%Y%m%d')}非交易日")
/root/.local/lib/python3.10/site-packages/akshare/futures/futures_basis.py:107: UserWarning: 20230506非交易日
  warnings.warn(f"{date.strftime('%Y%m%d')}非交易日")
/root/.local/lib/python3.10/site-packages/akshare/futures/futures_basis.py:107: UserWarning: 20230507非交易日
  warnings.warn(f"{date.strftime('%Y%m%d')}非交易日")
/root/.local/lib/python3.10/site-packages/akshare/futures/futures_basis.py:107: UserWarning: 20230513非交易日
  warnings.warn(f"{date.strftime('%Y%m%d')}非交易日")
/root/.local/lib/python3.10/site-packages/akshare/futures/futures_basis.py:107: UserWarning: 20230514非交易日
  warnings.warn(f"{date.strftime('%Y%m%d')}非交易日")
/root/.local/lib/python3.10/site-packages/akshare/futures/futures_basis.py:107: UserWarning: 20230520非交易日
  warnings.warn(f"{date.strftime('%Y%m%d')}非交易日")
/root/.local/lib/python3.10/site-packages/akshare/futures/futures_basis.py:107: UserWarning: 20230521非交易日
  warnings.warn(f"{date.strftime('%Y%m%d')}非交易日")
/root/.local/lib/python3.10/site-packages/akshare/futures/futures_basis.py:107: UserWarning: 20230527非交易日
  warnings.warn(f"{date.strftime('%Y%m%d')}非交易日")
/root/.local/lib/python3.10/site-packages/akshare/futures/futures_basis.py:107: UserWarning: 20230528非交易日
  warnings.warn(f"{date.strftime('%Y%m%d')}非交易日")
/root/.local/lib/python3.10/site-packages/akshare/futures/futures_basis.py:107: UserWarning: 20230603非交易日
  warnings.warn(f"{date.strftime('%Y%m%d')}非交易日")
/root/.local/lib/python3.10/site-packages/akshare/futures/futures_basis.py:107: UserWarning: 20230604非交易日
  warnings.warn(f"{date.strftime('%Y%m%d')}非交易日")
/root/.local/lib/python3.10/site-packages/akshare/futures/futures_basis.py:107: UserWarning: 20230610非交易日
  warnings.warn(f"{date.strftime('%Y%m%d')}非交易日")
/root/.local/lib/python3.10/site-packages/akshare/futures/futures_basis.py:107: UserWarning: 20230611非交易日
  warnings.warn(f"{date.strftime('%Y%m%d')}非交易日")
/root/.local/lib/python3.10/site-packages/akshare/futures/futures_basis.py:107: UserWarning: 20230617非交易日
  warnings.warn(f"{date.strftime('%Y%m%d')}非交易日")
/root/.local/lib/python3.10/site-packages/akshare/futures/futures_basis.py:107: UserWarning: 20230618非交易日
  warnings.warn(f"{date.strftime('%Y%m%d')}非交易日")
/root/.local/lib/python3.10/site-packages/akshare/futures/futures_basis.py:107: UserWarning: 20230622非交易日
  warnings.warn(f"{date.strftime('%Y%m%d')}非交易日")
/root/.local/lib/python3.10/site-packages/akshare/futures/futures_basis.py:107: UserWarning: 20230623非交易日
  warnings.warn(f"{date.strftime('%Y%m%d')}非交易日")
/root/.local/lib/python3.10/site-packages/akshare/futures/futures_basis.py:107: UserWarning: 20230624非交易日
  warnings.warn(f"{date.strftime('%Y%m%d')}非交易日")
/root/.local/lib/python3.10/site-packages/akshare/futures/futures_basis.py:107: UserWarning: 20230625非交易日
  warnings.warn(f"{date.strftime('%Y%m%d')}非交易日")
/root/.local/lib/python3.10/site-packages/akshare/futures/futures_basis.py:107: UserWarning: 20230701非交易日
  warnings.warn(f"{date.strftime('%Y%m%d')}非交易日")
/root/.local/lib/python3.10/site-packages/akshare/futures/futures_basis.py:107: UserWarning: 20230702非交易日
  warnings.warn(f"{date.strftime('%Y%m%d')}非交易日")
/root/.local/lib/python3.10/site-packages/akshare/futures/futures_basis.py:107: UserWarning: 20230708非交易日
  warnings.warn(f"{date.strftime('%Y%m%d')}非交易日")
/root/.local/lib/python3.10/site-packages/akshare/futures/futures_basis.py:107: UserWarning: 20230709非交易日
  warnings.warn(f"{date.strftime('%Y%m%d')}非交易日")
/root/.local/lib/python3.10/site-packages/akshare/futures/futures_basis.py:107: UserWarning: 20230715非交易日
  warnings.warn(f"{date.strftime('%Y%m%d')}非交易日")
/root/.local/lib/python3.10/site-packages/akshare/futures/futures_basis.py:107: UserWarning: 20230716非交易日
  warnings.warn(f"{date.strftime('%Y%m%d')}非交易日")
/root/.local/lib/python3.10/site-packages/akshare/futures/futures_basis.py:107: UserWarning: 20230722非交易日
  warnings.warn(f"{date.strftime('%Y%m%d')}非交易日")
/root/.local/lib/python3.10/site-packages/akshare/futures/futures_basis.py:107: UserWarning: 20230723非交易日
  warnings.warn(f"{date.strftime('%Y%m%d')}非交易日")
/root/.local/lib/python3.10/site-packages/akshare/futures/futures_basis.py:107: UserWarning: 20230729非交易日
  warnings.warn(f"{date.strftime('%Y%m%d')}非交易日")
/root/.local/lib/python3.10/site-packages/akshare/futures/futures_basis.py:107: UserWarning: 20230730非交易日
  warnings.warn(f"{date.strftime('%Y%m%d')}非交易日")
/root/.local/lib/python3.10/site-packages/akshare/futures/futures_basis.py:107: UserWarning: 20230805非交易日
  warnings.warn(f"{date.strftime('%Y%m%d')}非交易日")
/root/.local/lib/python3.10/site-packages/akshare/futures/futures_basis.py:107: UserWarning: 20230806非交易日
  warnings.warn(f"{date.strftime('%Y%m%d')}非交易日")
/root/.local/lib/python3.10/site-packages/akshare/futures/futures_basis.py:107: UserWarning: 20230812非交易日
  warnings.warn(f"{date.strftime('%Y%m%d')}非交易日")
/root/.local/lib/python3.10/site-packages/akshare/futures/futures_basis.py:107: UserWarning: 20230813非交易日
  warnings.warn(f"{date.strftime('%Y%m%d')}非交易日")
/root/.local/lib/python3.10/site-packages/akshare/futures/futures_basis.py:107: UserWarning: 20230819非交易日
  warnings.warn(f"{date.strftime('%Y%m%d')}非交易日")
/root/.local/lib/python3.10/site-packages/akshare/futures/futures_basis.py:107: UserWarning: 20230820非交易日
  warnings.warn(f"{date.strftime('%Y%m%d')}非交易日")
/root/.local/lib/python3.10/site-packages/akshare/futures/futures_basis.py:107: UserWarning: 20230826非交易日
  warnings.warn(f"{date.strftime('%Y%m%d')}非交易日")
/root/.local/lib/python3.10/site-packages/akshare/futures/futures_basis.py:107: UserWarning: 20230827非交易日
  warnings.warn(f"{date.strftime('%Y%m%d')}非交易日")
/root/.local/lib/python3.10/site-packages/akshare/futures/futures_basis.py:107: UserWarning: 20230902非交易日
  warnings.warn(f"{date.strftime('%Y%m%d')}非交易日")
/root/.local/lib/python3.10/site-packages/akshare/futures/futures_basis.py:107: UserWarning: 20230903非交易日
  warnings.warn(f"{date.strftime('%Y%m%d')}非交易日")
/root/.local/lib/python3.10/site-packages/akshare/futures/futures_basis.py:107: UserWarning: 20230909非交易日
  warnings.warn(f"{date.strftime('%Y%m%d')}非交易日")
/root/.local/lib/python3.10/site-packages/akshare/futures/futures_basis.py:107: UserWarning: 20230910非交易日
  warnings.warn(f"{date.strftime('%Y%m%d')}非交易日")
/root/.local/lib/python3.10/site-packages/akshare/futures/futures_basis.py:107: UserWarning: 20230916非交易日
  warnings.warn(f"{date.strftime('%Y%m%d')}非交易日")
/root/.local/lib/python3.10/site-packages/akshare/futures/futures_basis.py:107: UserWarning: 20230917非交易日
  warnings.warn(f"{date.strftime('%Y%m%d')}非交易日")
/root/.local/lib/python3.10/site-packages/akshare/futures/futures_basis.py:107: UserWarning: 20230923非交易日
  warnings.warn(f"{date.strftime('%Y%m%d')}非交易日")
/root/.local/lib/python3.10/site-packages/akshare/futures/futures_basis.py:107: UserWarning: 20230924非交易日
  warnings.warn(f"{date.strftime('%Y%m%d')}非交易日")
/root/.local/lib/python3.10/site-packages/akshare/futures/futures_basis.py:107: UserWarning: 20230929非交易日
  warnings.warn(f"{date.strftime('%Y%m%d')}非交易日")
/root/.local/lib/python3.10/site-packages/akshare/futures/futures_basis.py:107: UserWarning: 20230930非交易日
  warnings.warn(f"{date.strftime('%Y%m%d')}非交易日")
/root/.local/lib/python3.10/site-packages/akshare/futures/futures_basis.py:107: UserWarning: 20231001非交易日
  warnings.warn(f"{date.strftime('%Y%m%d')}非交易日")
/root/.local/lib/python3.10/site-packages/akshare/futures/futures_basis.py:107: UserWarning: 20231002非交易日
  warnings.warn(f"{date.strftime('%Y%m%d')}非交易日")
/root/.local/lib/python3.10/site-packages/akshare/futures/futures_basis.py:107: UserWarning: 20231003非交易日
  warnings.warn(f"{date.strftime('%Y%m%d')}非交易日")
/root/.local/lib/python3.10/site-packages/akshare/futures/futures_basis.py:107: UserWarning: 20231004非交易日
  warnings.warn(f"{date.strftime('%Y%m%d')}非交易日")
/root/.local/lib/python3.10/site-packages/akshare/futures/futures_basis.py:107: UserWarning: 20231005非交易日
  warnings.warn(f"{date.strftime('%Y%m%d')}非交易日")
/root/.local/lib/python3.10/site-packages/akshare/futures/futures_basis.py:107: UserWarning: 20231006非交易日
  warnings.warn(f"{date.strftime('%Y%m%d')}非交易日")
/root/.local/lib/python3.10/site-packages/akshare/futures/futures_basis.py:107: UserWarning: 20231007非交易日
  warnings.warn(f"{date.strftime('%Y%m%d')}非交易日")
/root/.local/lib/python3.10/site-packages/akshare/futures/futures_basis.py:107: UserWarning: 20231008非交易日
  warnings.warn(f"{date.strftime('%Y%m%d')}非交易日")
/root/.local/lib/python3.10/site-packages/akshare/futures/futures_basis.py:107: UserWarning: 20231014非交易日
  warnings.warn(f"{date.strftime('%Y%m%d')}非交易日")
/root/.local/lib/python3.10/site-packages/akshare/futures/futures_basis.py:107: UserWarning: 20231015非交易日
  warnings.warn(f"{date.strftime('%Y%m%d')}非交易日")
/root/.local/lib/python3.10/site-packages/akshare/futures/futures_basis.py:107: UserWarning: 20231021非交易日
  warnings.warn(f"{date.strftime('%Y%m%d')}非交易日")
/root/.local/lib/python3.10/site-packages/akshare/futures/futures_basis.py:107: UserWarning: 20231022非交易日
  warnings.warn(f"{date.strftime('%Y%m%d')}非交易日")
/root/.local/lib/python3.10/site-packages/akshare/futures/futures_basis.py:107: UserWarning: 20231028非交易日
  warnings.warn(f"{date.strftime('%Y%m%d')}非交易日")
/root/.local/lib/python3.10/site-packages/akshare/futures/futures_basis.py:107: UserWarning: 20231029非交易日
  warnings.warn(f"{date.strftime('%Y%m%d')}非交易日")
/root/.local/lib/python3.10/site-packages/akshare/futures/futures_basis.py:107: UserWarning: 20231104非交易日
  warnings.warn(f"{date.strftime('%Y%m%d')}非交易日")
/root/.local/lib/python3.10/site-packages/akshare/futures/futures_basis.py:107: UserWarning: 20231105非交易日
  warnings.warn(f"{date.strftime('%Y%m%d')}非交易日")
/root/.local/lib/python3.10/site-packages/akshare/futures/futures_basis.py:107: UserWarning: 20231111非交易日
  warnings.warn(f"{date.strftime('%Y%m%d')}非交易日")
/root/.local/lib/python3.10/site-packages/akshare/futures/futures_basis.py:107: UserWarning: 20231112非交易日
  warnings.warn(f"{date.strftime('%Y%m%d')}非交易日")
/root/.local/lib/python3.10/site-packages/akshare/futures/futures_basis.py:107: UserWarning: 20231118非交易日
  warnings.warn(f"{date.strftime('%Y%m%d')}非交易日")
/root/.local/lib/python3.10/site-packages/akshare/futures/futures_basis.py:107: UserWarning: 20231119非交易日
  warnings.warn(f"{date.strftime('%Y%m%d')}非交易日")
/root/.local/lib/python3.10/site-packages/akshare/futures/futures_basis.py:107: UserWarning: 20231125非交易日
  warnings.warn(f"{date.strftime('%Y%m%d')}非交易日")
/root/.local/lib/python3.10/site-packages/akshare/futures/futures_basis.py:107: UserWarning: 20231126非交易日
  warnings.warn(f"{date.strftime('%Y%m%d')}非交易日")
/root/.local/lib/python3.10/site-packages/akshare/futures/futures_basis.py:107: UserWarning: 20231202非交易日
  warnings.warn(f"{date.strftime('%Y%m%d')}非交易日")
/root/.local/lib/python3.10/site-packages/akshare/futures/futures_basis.py:107: UserWarning: 20231203非交易日
  warnings.warn(f"{date.strftime('%Y%m%d')}非交易日")
/root/.local/lib/python3.10/site-packages/akshare/futures/futures_basis.py:107: UserWarning: 20231209非交易日
  warnings.warn(f"{date.strftime('%Y%m%d')}非交易日")
/root/.local/lib/python3.10/site-packages/akshare/futures/futures_basis.py:107: UserWarning: 20231210非交易日
  warnings.warn(f"{date.strftime('%Y%m%d')}非交易日")
/root/.local/lib/python3.10/site-packages/akshare/futures/futures_basis.py:107: UserWarning: 20231216非交易日
  warnings.warn(f"{date.strftime('%Y%m%d')}非交易日")
/root/.local/lib/python3.10/site-packages/akshare/futures/futures_basis.py:107: UserWarning: 20231217非交易日
  warnings.warn(f"{date.strftime('%Y%m%d')}非交易日")
/root/.local/lib/python3.10/site-packages/akshare/futures/futures_basis.py:107: UserWarning: 20231223非交易日
  warnings.warn(f"{date.strftime('%Y%m%d')}非交易日")
/root/.local/lib/python3.10/site-packages/akshare/futures/futures_basis.py:107: UserWarning: 20231224非交易日
  warnings.warn(f"{date.strftime('%Y%m%d')}非交易日")
/root/.local/lib/python3.10/site-packages/akshare/futures/futures_basis.py:107: UserWarning: 20231230非交易日
  warnings.warn(f"{date.strftime('%Y%m%d')}非交易日")
/root/.local/lib/python3.10/site-packages/akshare/futures/futures_basis.py:107: UserWarning: 20231231非交易日
  warnings.warn(f"{date.strftime('%Y%m%d')}非交易日")
/root/.local/lib/python3.10/site-packages/akshare/futures/futures_basis.py:107: UserWarning: 20240101非交易日
  warnings.warn(f"{date.strftime('%Y%m%d')}非交易日")
/root/.local/lib/python3.10/site-packages/akshare/futures/futures_basis.py:107: UserWarning: 20240106非交易日
  warnings.warn(f"{date.strftime('%Y%m%d')}非交易日")
/root/.local/lib/python3.10/site-packages/akshare/futures/futures_basis.py:107: UserWarning: 20240107非交易日
  warnings.warn(f"{date.strftime('%Y%m%d')}非交易日")
/root/.local/lib/python3.10/site-packages/akshare/futures/futures_basis.py:107: UserWarning: 20240113非交易日
  warnings.warn(f"{date.strftime('%Y%m%d')}非交易日")
/root/.local/lib/python3.10/site-packages/akshare/futures/futures_basis.py:107: UserWarning: 20240114非交易日
  warnings.warn(f"{date.strftime('%Y%m%d')}非交易日")
/root/.local/lib/python3.10/site-packages/akshare/futures/futures_basis.py:107: UserWarning: 20240120非交易日
  warnings.warn(f"{date.strftime('%Y%m%d')}非交易日")
/root/.local/lib/python3.10/site-packages/akshare/futures/futures_basis.py:107: UserWarning: 20240121非交易日
  warnings.warn(f"{date.strftime('%Y%m%d')}非交易日")
/root/.local/lib/python3.10/site-packages/akshare/futures/futures_basis.py:107: UserWarning: 20240127非交易日
  warnings.warn(f"{date.strftime('%Y%m%d')}非交易日")
/root/.local/lib/python3.10/site-packages/akshare/futures/futures_basis.py:107: UserWarning: 20240128非交易日
  warnings.warn(f"{date.strftime('%Y%m%d')}非交易日")
/root/.local/lib/python3.10/site-packages/akshare/futures/futures_basis.py:107: UserWarning: 20240203非交易日
  warnings.warn(f"{date.strftime('%Y%m%d')}非交易日")
/root/.local/lib/python3.10/site-packages/akshare/futures/futures_basis.py:107: UserWarning: 20240204非交易日
  warnings.warn(f"{date.strftime('%Y%m%d')}非交易日")
/root/.local/lib/python3.10/site-packages/akshare/futures/futures_basis.py:107: UserWarning: 20240209非交易日
  warnings.warn(f"{date.strftime('%Y%m%d')}非交易日")
/root/.local/lib/python3.10/site-packages/akshare/futures/futures_basis.py:107: UserWarning: 20240210非交易日
  warnings.warn(f"{date.strftime('%Y%m%d')}非交易日")
/root/.local/lib/python3.10/site-packages/akshare/futures/futures_basis.py:107: UserWarning: 20240211非交易日
  warnings.warn(f"{date.strftime('%Y%m%d')}非交易日")
/root/.local/lib/python3.10/site-packages/akshare/futures/futures_basis.py:107: UserWarning: 20240212非交易日
  warnings.warn(f"{date.strftime('%Y%m%d')}非交易日")
/root/.local/lib/python3.10/site-packages/akshare/futures/futures_basis.py:107: UserWarning: 20240213非交易日
  warnings.warn(f"{date.strftime('%Y%m%d')}非交易日")
/root/.local/lib/python3.10/site-packages/akshare/futures/futures_basis.py:107: UserWarning: 20240214非交易日
  warnings.warn(f"{date.strftime('%Y%m%d')}非交易日")
/root/.local/lib/python3.10/site-packages/akshare/futures/futures_basis.py:107: UserWarning: 20240215非交易日
  warnings.warn(f"{date.strftime('%Y%m%d')}非交易日")
/root/.local/lib/python3.10/site-packages/akshare/futures/futures_basis.py:107: UserWarning: 20240216非交易日
  warnings.warn(f"{date.strftime('%Y%m%d')}非交易日")
/root/.local/lib/python3.10/site-packages/akshare/futures/futures_basis.py:107: UserWarning: 20240217非交易日
  warnings.warn(f"{date.strftime('%Y%m%d')}非交易日")
/root/.local/lib/python3.10/site-packages/akshare/futures/futures_basis.py:107: UserWarning: 20240218非交易日
  warnings.warn(f"{date.strftime('%Y%m%d')}非交易日")
/root/.local/lib/python3.10/site-packages/akshare/futures/futures_basis.py:107: UserWarning: 20240224非交易日
  warnings.warn(f"{date.strftime('%Y%m%d')}非交易日")
/root/.local/lib/python3.10/site-packages/akshare/futures/futures_basis.py:107: UserWarning: 20240225非交易日
  warnings.warn(f"{date.strftime('%Y%m%d')}非交易日")
/root/.local/lib/python3.10/site-packages/akshare/futures/futures_basis.py:107: UserWarning: 20240302非交易日
  warnings.warn(f"{date.strftime('%Y%m%d')}非交易日")
/root/.local/lib/python3.10/site-packages/akshare/futures/futures_basis.py:107: UserWarning: 20240303非交易日
  warnings.warn(f"{date.strftime('%Y%m%d')}非交易日")
/root/.local/lib/python3.10/site-packages/akshare/futures/futures_basis.py:107: UserWarning: 20240309非交易日
  warnings.warn(f"{date.strftime('%Y%m%d')}非交易日")
/root/.local/lib/python3.10/site-packages/akshare/futures/futures_basis.py:107: UserWarning: 20240310非交易日
  warnings.warn(f"{date.strftime('%Y%m%d')}非交易日")
/root/.local/lib/python3.10/site-packages/akshare/futures/futures_basis.py:107: UserWarning: 20240316非交易日
  warnings.warn(f"{date.strftime('%Y%m%d')}非交易日")
/root/.local/lib/python3.10/site-packages/akshare/futures/futures_basis.py:107: UserWarning: 20240317非交易日
  warnings.warn(f"{date.strftime('%Y%m%d')}非交易日")
/root/.local/lib/python3.10/site-packages/akshare/futures/futures_basis.py:107: UserWarning: 20240323非交易日
  warnings.warn(f"{date.strftime('%Y%m%d')}非交易日")
/root/.local/lib/python3.10/site-packages/akshare/futures/futures_basis.py:107: UserWarning: 20240324非交易日
  warnings.warn(f"{date.strftime('%Y%m%d')}非交易日")
/root/.local/lib/python3.10/site-packages/akshare/futures/futures_basis.py:107: UserWarning: 20240330非交易日
  warnings.warn(f"{date.strftime('%Y%m%d')}非交易日")
/root/.local/lib/python3.10/site-packages/akshare/futures/futures_basis.py:107: UserWarning: 20240331非交易日
  warnings.warn(f"{date.strftime('%Y%m%d')}非交易日")
/root/.local/lib/python3.10/site-packages/akshare/futures/futures_basis.py:107: UserWarning: 20240404非交易日
  warnings.warn(f"{date.strftime('%Y%m%d')}非交易日")
/root/.local/lib/python3.10/site-packages/akshare/futures/futures_basis.py:107: UserWarning: 20240405非交易日
  warnings.warn(f"{date.strftime('%Y%m%d')}非交易日")
/root/.local/lib/python3.10/site-packages/akshare/futures/futures_basis.py:107: UserWarning: 20240406非交易日
  warnings.warn(f"{date.strftime('%Y%m%d')}非交易日")
/root/.local/lib/python3.10/site-packages/akshare/futures/futures_basis.py:107: UserWarning: 20240407非交易日
  warnings.warn(f"{date.strftime('%Y%m%d')}非交易日")
/root/.local/lib/python3.10/site-packages/akshare/futures/futures_basis.py:107: UserWarning: 20240413非交易日
  warnings.warn(f"{date.strftime('%Y%m%d')}非交易日")
/root/.local/lib/python3.10/site-packages/akshare/futures/futures_basis.py:107: UserWarning: 20240414非交易日
  warnings.warn(f"{date.strftime('%Y%m%d')}非交易日")
/root/.local/lib/python3.10/site-packages/akshare/futures/futures_basis.py:107: UserWarning: 20240420非交易日
  warnings.warn(f"{date.strftime('%Y%m%d')}非交易日")
/root/.local/lib/python3.10/site-packages/akshare/futures/futures_basis.py:107: UserWarning: 20240421非交易日
  warnings.warn(f"{date.strftime('%Y%m%d')}非交易日")
/root/.local/lib/python3.10/site-packages/akshare/futures/futures_basis.py:107: UserWarning: 20240427非交易日
  warnings.warn(f"{date.strftime('%Y%m%d')}非交易日")
/root/.local/lib/python3.10/site-packages/akshare/futures/futures_basis.py:107: UserWarning: 20240428非交易日
  warnings.warn(f"{date.strftime('%Y%m%d')}非交易日")
/root/.local/lib/python3.10/site-packages/akshare/futures/futures_basis.py:107: UserWarning: 20240501非交易日
  warnings.warn(f"{date.strftime('%Y%m%d')}非交易日")
/root/.local/lib/python3.10/site-packages/akshare/futures/futures_basis.py:107: UserWarning: 20240502非交易日
  warnings.warn(f"{date.strftime('%Y%m%d')}非交易日")
/root/.local/lib/python3.10/site-packages/akshare/futures/futures_basis.py:107: UserWarning: 20240503非交易日
  warnings.warn(f"{date.strftime('%Y%m%d')}非交易日")
/root/.local/lib/python3.10/site-packages/akshare/futures/futures_basis.py:107: UserWarning: 20240504非交易日
  warnings.warn(f"{date.strftime('%Y%m%d')}非交易日")
/root/.local/lib/python3.10/site-packages/akshare/futures/futures_basis.py:107: UserWarning: 20240505非交易日
  warnings.warn(f"{date.strftime('%Y%m%d')}非交易日")
/root/.local/lib/python3.10/site-packages/akshare/futures/futures_basis.py:107: UserWarning: 20240511非交易日
  warnings.warn(f"{date.strftime('%Y%m%d')}非交易日")
/root/.local/lib/python3.10/site-packages/akshare/futures/futures_basis.py:107: UserWarning: 20240512非交易日
  warnings.warn(f"{date.strftime('%Y%m%d')}非交易日")
/root/.local/lib/python3.10/site-packages/akshare/futures/futures_basis.py:107: UserWarning: 20240518非交易日
  warnings.warn(f"{date.strftime('%Y%m%d')}非交易日")
/root/.local/lib/python3.10/site-packages/akshare/futures/futures_basis.py:107: UserWarning: 20240519非交易日
  warnings.warn(f"{date.strftime('%Y%m%d')}非交易日")
/root/.local/lib/python3.10/site-packages/akshare/futures/futures_basis.py:107: UserWarning: 20240525非交易日
  warnings.warn(f"{date.strftime('%Y%m%d')}非交易日")
/root/.local/lib/python3.10/site-packages/akshare/futures/futures_basis.py:107: UserWarning: 20240526非交易日
  warnings.warn(f"{date.strftime('%Y%m%d')}非交易日")
/root/.local/lib/python3.10/site-packages/akshare/futures/futures_basis.py:107: UserWarning: 20240601非交易日
  warnings.warn(f"{date.strftime('%Y%m%d')}非交易日")
/root/.local/lib/python3.10/site-packages/akshare/futures/futures_basis.py:107: UserWarning: 20240602非交易日
  warnings.warn(f"{date.strftime('%Y%m%d')}非交易日")
/root/.local/lib/python3.10/site-packages/akshare/futures/futures_basis.py:107: UserWarning: 20240608非交易日
  warnings.warn(f"{date.strftime('%Y%m%d')}非交易日")
/root/.local/lib/python3.10/site-packages/akshare/futures/futures_basis.py:107: UserWarning: 20240609非交易日
  warnings.warn(f"{date.strftime('%Y%m%d')}非交易日")
/root/.local/lib/python3.10/site-packages/akshare/futures/futures_basis.py:107: UserWarning: 20240610非交易日
  warnings.warn(f"{date.strftime('%Y%m%d')}非交易日")
/root/.local/lib/python3.10/site-packages/akshare/futures/futures_basis.py:107: UserWarning: 20240615非交易日
  warnings.warn(f"{date.strftime('%Y%m%d')}非交易日")
/root/.local/lib/python3.10/site-packages/akshare/futures/futures_basis.py:107: UserWarning: 20240616非交易日
  warnings.warn(f"{date.strftime('%Y%m%d')}非交易日")
/root/.local/lib/python3.10/site-packages/akshare/futures/futures_basis.py:107: UserWarning: 20240622非交易日
  warnings.warn(f"{date.strftime('%Y%m%d')}非交易日")
/root/.local/lib/python3.10/site-packages/akshare/futures/futures_basis.py:107: UserWarning: 20240623非交易日
  warnings.warn(f"{date.strftime('%Y%m%d')}非交易日")
/root/.local/lib/python3.10/site-packages/akshare/futures/futures_basis.py:107: UserWarning: 20240629非交易日
  warnings.warn(f"{date.strftime('%Y%m%d')}非交易日")
/root/.local/lib/python3.10/site-packages/akshare/futures/futures_basis.py:107: UserWarning: 20240630非交易日
  warnings.warn(f"{date.strftime('%Y%m%d')}非交易日")
/root/.local/lib/python3.10/site-packages/akshare/futures/futures_basis.py:107: UserWarning: 20240706非交易日
  warnings.warn(f"{date.strftime('%Y%m%d')}非交易日")
/root/.local/lib/python3.10/site-packages/akshare/futures/futures_basis.py:107: UserWarning: 20240707非交易日
  warnings.warn(f"{date.strftime('%Y%m%d')}非交易日")
/root/.local/lib/python3.10/site-packages/akshare/futures/futures_basis.py:107: UserWarning: 20240713非交易日
  warnings.warn(f"{date.strftime('%Y%m%d')}非交易日")
/root/.local/lib/python3.10/site-packages/akshare/futures/futures_basis.py:107: UserWarning: 20240714非交易日
  warnings.warn(f"{date.strftime('%Y%m%d')}非交易日")
/root/.local/lib/python3.10/site-packages/akshare/futures/futures_basis.py:107: UserWarning: 20240720非交易日
  warnings.warn(f"{date.strftime('%Y%m%d')}非交易日")
/root/.local/lib/python3.10/site-packages/akshare/futures/futures_basis.py:107: UserWarning: 20240721非交易日
  warnings.warn(f"{date.strftime('%Y%m%d')}非交易日")
/root/.local/lib/python3.10/site-packages/akshare/futures/futures_basis.py:107: UserWarning: 20240727非交易日
  warnings.warn(f"{date.strftime('%Y%m%d')}非交易日")
/root/.local/lib/python3.10/site-packages/akshare/futures/futures_basis.py:107: UserWarning: 20240728非交易日
  warnings.warn(f"{date.strftime('%Y%m%d')}非交易日")
/root/.local/lib/python3.10/site-packages/akshare/futures/futures_basis.py:107: UserWarning: 20240803非交易日
  warnings.warn(f"{date.strftime('%Y%m%d')}非交易日")
/root/.local/lib/python3.10/site-packages/akshare/futures/futures_basis.py:107: UserWarning: 20240804非交易日
  warnings.warn(f"{date.strftime('%Y%m%d')}非交易日")
/root/.local/lib/python3.10/site-packages/akshare/futures/futures_basis.py:107: UserWarning: 20240810非交易日
  warnings.warn(f"{date.strftime('%Y%m%d')}非交易日")
/root/.local/lib/python3.10/site-packages/akshare/futures/futures_basis.py:107: UserWarning: 20240811非交易日
  warnings.warn(f"{date.strftime('%Y%m%d')}非交易日")
/root/.local/lib/python3.10/site-packages/akshare/futures/futures_basis.py:107: UserWarning: 20240817非交易日
  warnings.warn(f"{date.strftime('%Y%m%d')}非交易日")
/root/.local/lib/python3.10/site-packages/akshare/futures/futures_basis.py:107: UserWarning: 20240818非交易日
  warnings.warn(f"{date.strftime('%Y%m%d')}非交易日")
/root/.local/lib/python3.10/site-packages/akshare/futures/futures_basis.py:107: UserWarning: 20240824非交易日
  warnings.warn(f"{date.strftime('%Y%m%d')}非交易日")
/root/.local/lib/python3.10/site-packages/akshare/futures/futures_basis.py:107: UserWarning: 20240825非交易日
  warnings.warn(f"{date.strftime('%Y%m%d')}非交易日")
/root/.local/lib/python3.10/site-packages/akshare/futures/futures_basis.py:107: UserWarning: 20240831非交易日
  warnings.warn(f"{date.strftime('%Y%m%d')}非交易日")
/root/.local/lib/python3.10/site-packages/akshare/futures/futures_basis.py:107: UserWarning: 20240901非交易日
  warnings.warn(f"{date.strftime('%Y%m%d')}非交易日")
/root/.local/lib/python3.10/site-packages/akshare/futures/futures_basis.py:107: UserWarning: 20240907非交易日
  warnings.warn(f"{date.strftime('%Y%m%d')}非交易日")
/root/.local/lib/python3.10/site-packages/akshare/futures/futures_basis.py:107: UserWarning: 20240908非交易日
  warnings.warn(f"{date.strftime('%Y%m%d')}非交易日")
/root/.local/lib/python3.10/site-packages/akshare/futures/futures_basis.py:107: UserWarning: 20240914非交易日
  warnings.warn(f"{date.strftime('%Y%m%d')}非交易日")
/root/.local/lib/python3.10/site-packages/akshare/futures/futures_basis.py:107: UserWarning: 20240915非交易日
  warnings.warn(f"{date.strftime('%Y%m%d')}非交易日")
/root/.local/lib/python3.10/site-packages/akshare/futures/futures_basis.py:107: UserWarning: 20240916非交易日
  warnings.warn(f"{date.strftime('%Y%m%d')}非交易日")
/root/.local/lib/python3.10/site-packages/akshare/futures/futures_basis.py:107: UserWarning: 20240917非交易日
  warnings.warn(f"{date.strftime('%Y%m%d')}非交易日")
/root/.local/lib/python3.10/site-packages/akshare/futures/futures_basis.py:107: UserWarning: 20240921非交易日
  warnings.warn(f"{date.strftime('%Y%m%d')}非交易日")
/root/.local/lib/python3.10/site-packages/akshare/futures/futures_basis.py:107: UserWarning: 20240922非交易日
  warnings.warn(f"{date.strftime('%Y%m%d')}非交易日")
/root/.local/lib/python3.10/site-packages/akshare/futures/futures_basis.py:107: UserWarning: 20240928非交易日
  warnings.warn(f"{date.strftime('%Y%m%d')}非交易日")
/root/.local/lib/python3.10/site-packages/akshare/futures/futures_basis.py:107: UserWarning: 20240929非交易日
  warnings.warn(f"{date.strftime('%Y%m%d')}非交易日")
/root/.local/lib/python3.10/site-packages/akshare/futures/futures_basis.py:107: UserWarning: 20241001非交易日
  warnings.warn(f"{date.strftime('%Y%m%d')}非交易日")
/root/.local/lib/python3.10/site-packages/akshare/futures/futures_basis.py:107: UserWarning: 20241002非交易日
  warnings.warn(f"{date.strftime('%Y%m%d')}非交易日")
/root/.local/lib/python3.10/site-packages/akshare/futures/futures_basis.py:107: UserWarning: 20241003非交易日
  warnings.warn(f"{date.strftime('%Y%m%d')}非交易日")
/root/.local/lib/python3.10/site-packages/akshare/futures/futures_basis.py:107: UserWarning: 20241004非交易日
  warnings.warn(f"{date.strftime('%Y%m%d')}非交易日")
/root/.local/lib/python3.10/site-packages/akshare/futures/futures_basis.py:107: UserWarning: 20241005非交易日
  warnings.warn(f"{date.strftime('%Y%m%d')}非交易日")
/root/.local/lib/python3.10/site-packages/akshare/futures/futures_basis.py:107: UserWarning: 20241006非交易日
  warnings.warn(f"{date.strftime('%Y%m%d')}非交易日")
/root/.local/lib/python3.10/site-packages/akshare/futures/futures_basis.py:107: UserWarning: 20241007非交易日
  warnings.warn(f"{date.strftime('%Y%m%d')}非交易日")
/root/.local/lib/python3.10/site-packages/akshare/futures/futures_basis.py:107: UserWarning: 20241012非交易日
  warnings.warn(f"{date.strftime('%Y%m%d')}非交易日")
/root/.local/lib/python3.10/site-packages/akshare/futures/futures_basis.py:107: UserWarning: 20241013非交易日
  warnings.warn(f"{date.strftime('%Y%m%d')}非交易日")
/root/.local/lib/python3.10/site-packages/akshare/futures/futures_basis.py:107: UserWarning: 20241019非交易日
  warnings.warn(f"{date.strftime('%Y%m%d')}非交易日")
/root/.local/lib/python3.10/site-packages/akshare/futures/futures_basis.py:107: UserWarning: 20241020非交易日
  warnings.warn(f"{date.strftime('%Y%m%d')}非交易日")
/root/.local/lib/python3.10/site-packages/akshare/futures/futures_basis.py:107: UserWarning: 20241026非交易日
  warnings.warn(f"{date.strftime('%Y%m%d')}非交易日")
/root/.local/lib/python3.10/site-packages/akshare/futures/futures_basis.py:107: UserWarning: 20241027非交易日
  warnings.warn(f"{date.strftime('%Y%m%d')}非交易日")
/root/.local/lib/python3.10/site-packages/akshare/futures/futures_basis.py:107: UserWarning: 20241102非交易日
  warnings.warn(f"{date.strftime('%Y%m%d')}非交易日")
/root/.local/lib/python3.10/site-packages/akshare/futures/futures_basis.py:107: UserWarning: 20241103非交易日
  warnings.warn(f"{date.strftime('%Y%m%d')}非交易日")
/root/.local/lib/python3.10/site-packages/akshare/futures/futures_basis.py:107: UserWarning: 20241109非交易日
  warnings.warn(f"{date.strftime('%Y%m%d')}非交易日")
/root/.local/lib/python3.10/site-packages/akshare/futures/futures_basis.py:107: UserWarning: 20241110非交易日
  warnings.warn(f"{date.strftime('%Y%m%d')}非交易日")
/root/.local/lib/python3.10/site-packages/akshare/futures/futures_basis.py:107: UserWarning: 20241116非交易日
  warnings.warn(f"{date.strftime('%Y%m%d')}非交易日")
/root/.local/lib/python3.10/site-packages/akshare/futures/futures_basis.py:107: UserWarning: 20241117非交易日
  warnings.warn(f"{date.strftime('%Y%m%d')}非交易日")
/root/.local/lib/python3.10/site-packages/akshare/futures/futures_basis.py:107: UserWarning: 20241123非交易日
  warnings.warn(f"{date.strftime('%Y%m%d')}非交易日")
/root/.local/lib/python3.10/site-packages/akshare/futures/futures_basis.py:107: UserWarning: 20241124非交易日
  warnings.warn(f"{date.strftime('%Y%m%d')}非交易日")
/root/.local/lib/python3.10/site-packages/akshare/futures/futures_basis.py:107: UserWarning: 20241130非交易日
  warnings.warn(f"{date.strftime('%Y%m%d')}非交易日")
/root/.local/lib/python3.10/site-packages/akshare/futures/futures_basis.py:107: UserWarning: 20241201非交易日
  warnings.warn(f"{date.strftime('%Y%m%d')}非交易日")
/root/.local/lib/python3.10/site-packages/akshare/futures/futures_basis.py:107: UserWarning: 20241207非交易日
  warnings.warn(f"{date.strftime('%Y%m%d')}非交易日")
/root/.local/lib/python3.10/site-packages/akshare/futures/futures_basis.py:107: UserWarning: 20241208非交易日
  warnings.warn(f"{date.strftime('%Y%m%d')}非交易日")
/root/.local/lib/python3.10/site-packages/akshare/futures/futures_basis.py:107: UserWarning: 20241214非交易日
  warnings.warn(f"{date.strftime('%Y%m%d')}非交易日")
/root/.local/lib/python3.10/site-packages/akshare/futures/futures_basis.py:107: UserWarning: 20241215非交易日
  warnings.warn(f"{date.strftime('%Y%m%d')}非交易日")
/root/.local/lib/python3.10/site-packages/akshare/futures/futures_basis.py:107: UserWarning: 20241221非交易日
  warnings.warn(f"{date.strftime('%Y%m%d')}非交易日")
/root/.local/lib/python3.10/site-packages/akshare/futures/futures_basis.py:107: UserWarning: 20241222非交易日
  warnings.warn(f"{date.strftime('%Y%m%d')}非交易日")
/root/.local/lib/python3.10/site-packages/akshare/futures/futures_basis.py:107: UserWarning: 20241228非交易日
  warnings.warn(f"{date.strftime('%Y%m%d')}非交易日")
/root/.local/lib/python3.10/site-packages/akshare/futures/futures_basis.py:107: UserWarning: 20241229非交易日
  warnings.warn(f"{date.strftime('%Y%m%d')}非交易日")
/root/.local/lib/python3.10/site-packages/akshare/futures/futures_basis.py:107: UserWarning: 20250101非交易日
  warnings.warn(f"{date.strftime('%Y%m%d')}非交易日")
/root/.local/lib/python3.10/site-packages/akshare/futures/futures_basis.py:107: UserWarning: 20250104非交易日
  warnings.warn(f"{date.strftime('%Y%m%d')}非交易日")
/root/.local/lib/python3.10/site-packages/akshare/futures/futures_basis.py:107: UserWarning: 20250105非交易日
  warnings.warn(f"{date.strftime('%Y%m%d')}非交易日")
/root/.local/lib/python3.10/site-packages/akshare/futures/futures_basis.py:107: UserWarning: 20250111非交易日
  warnings.warn(f"{date.strftime('%Y%m%d')}非交易日")
/root/.local/lib/python3.10/site-packages/akshare/futures/futures_basis.py:107: UserWarning: 20250112非交易日
  warnings.warn(f"{date.strftime('%Y%m%d')}非交易日")
/root/.local/lib/python3.10/site-packages/akshare/futures/futures_basis.py:107: UserWarning: 20250118非交易日
  warnings.warn(f"{date.strftime('%Y%m%d')}非交易日")
/root/.local/lib/python3.10/site-packages/akshare/futures/futures_basis.py:107: UserWarning: 20250119非交易日
  warnings.warn(f"{date.strftime('%Y%m%d')}非交易日")
/root/.local/lib/python3.10/site-packages/akshare/futures/futures_basis.py:107: UserWarning: 20250125非交易日
  warnings.warn(f"{date.strftime('%Y%m%d')}非交易日")
/root/.local/lib/python3.10/site-packages/akshare/futures/futures_basis.py:107: UserWarning: 20250126非交易日
  warnings.warn(f"{date.strftime('%Y%m%d')}非交易日")
/root/.local/lib/python3.10/site-packages/akshare/futures/futures_basis.py:107: UserWarning: 20250128非交易日
  warnings.warn(f"{date.strftime('%Y%m%d')}非交易日")
/root/.local/lib/python3.10/site-packages/akshare/futures/futures_basis.py:107: UserWarning: 20250129非交易日
  warnings.warn(f"{date.strftime('%Y%m%d')}非交易日")
/root/.local/lib/python3.10/site-packages/akshare/futures/futures_basis.py:107: UserWarning: 20250130非交易日
  warnings.warn(f"{date.strftime('%Y%m%d')}非交易日")
/root/.local/lib/python3.10/site-packages/akshare/futures/futures_basis.py:107: UserWarning: 20250131非交易日
  warnings.warn(f"{date.strftime('%Y%m%d')}非交易日")
/root/.local/lib/python3.10/site-packages/akshare/futures/futures_basis.py:107: UserWarning: 20250201非交易日
  warnings.warn(f"{date.strftime('%Y%m%d')}非交易日")
/root/.local/lib/python3.10/site-packages/akshare/futures/futures_basis.py:107: UserWarning: 20250202非交易日
  warnings.warn(f"{date.strftime('%Y%m%d')}非交易日")
/root/.local/lib/python3.10/site-packages/akshare/futures/futures_basis.py:107: UserWarning: 20250203非交易日
  warnings.warn(f"{date.strftime('%Y%m%d')}非交易日")
/root/.local/lib/python3.10/site-packages/akshare/futures/futures_basis.py:107: UserWarning: 20250204非交易日
  warnings.warn(f"{date.strftime('%Y%m%d')}非交易日")
/root/.local/lib/python3.10/site-packages/akshare/futures/futures_basis.py:107: UserWarning: 20250208非交易日
  warnings.warn(f"{date.strftime('%Y%m%d')}非交易日")
/root/.local/lib/python3.10/site-packages/akshare/futures/futures_basis.py:107: UserWarning: 20250209非交易日
  warnings.warn(f"{date.strftime('%Y%m%d')}非交易日")
/root/.local/lib/python3.10/site-packages/akshare/futures/futures_basis.py:107: UserWarning: 20250215非交易日
  warnings.warn(f"{date.strftime('%Y%m%d')}非交易日")
/root/.local/lib/python3.10/site-packages/akshare/futures/futures_basis.py:107: UserWarning: 20250216非交易日
  warnings.warn(f"{date.strftime('%Y%m%d')}非交易日")
/root/.local/lib/python3.10/site-packages/akshare/futures/futures_basis.py:107: UserWarning: 20250222非交易日
  warnings.warn(f"{date.strftime('%Y%m%d')}非交易日")
/root/.local/lib/python3.10/site-packages/akshare/futures/futures_basis.py:107: UserWarning: 20250223非交易日
  warnings.warn(f"{date.strftime('%Y%m%d')}非交易日")
/root/.local/lib/python3.10/site-packages/akshare/futures/futures_basis.py:107: UserWarning: 20250301非交易日
  warnings.warn(f"{date.strftime('%Y%m%d')}非交易日")
/root/.local/lib/python3.10/site-packages/akshare/futures/futures_basis.py:107: UserWarning: 20250302非交易日
  warnings.warn(f"{date.strftime('%Y%m%d')}非交易日")
/root/.local/lib/python3.10/site-packages/akshare/futures/futures_basis.py:107: UserWarning: 20250308非交易日
  warnings.warn(f"{date.strftime('%Y%m%d')}非交易日")
/root/.local/lib/python3.10/site-packages/akshare/futures/futures_basis.py:107: UserWarning: 20250309非交易日
  warnings.warn(f"{date.strftime('%Y%m%d')}非交易日")
/root/.local/lib/python3.10/site-packages/akshare/futures/futures_basis.py:107: UserWarning: 20250315非交易日
  warnings.warn(f"{date.strftime('%Y%m%d')}非交易日")
/root/.local/lib/python3.10/site-packages/akshare/futures/futures_basis.py:107: UserWarning: 20250316非交易日
  warnings.warn(f"{date.strftime('%Y%m%d')}非交易日")
/root/.local/lib/python3.10/site-packages/akshare/futures/futures_basis.py:107: UserWarning: 20250322非交易日
  warnings.warn(f"{date.strftime('%Y%m%d')}非交易日")
/root/.local/lib/python3.10/site-packages/akshare/futures/futures_basis.py:107: UserWarning: 20250323非交易日
  warnings.warn(f"{date.strftime('%Y%m%d')}非交易日")
/root/.local/lib/python3.10/site-packages/akshare/futures/futures_basis.py:107: UserWarning: 20250329非交易日
  warnings.warn(f"{date.strftime('%Y%m%d')}非交易日")
/root/.local/lib/python3.10/site-packages/akshare/futures/futures_basis.py:107: UserWarning: 20250330非交易日
  warnings.warn(f"{date.strftime('%Y%m%d')}非交易日")
/root/.local/lib/python3.10/site-packages/akshare/futures/futures_basis.py:107: UserWarning: 20250404非交易日
  warnings.warn(f"{date.strftime('%Y%m%d')}非交易日")
/root/.local/lib/python3.10/site-packages/akshare/futures/futures_basis.py:107: UserWarning: 20250405非交易日
  warnings.warn(f"{date.strftime('%Y%m%d')}非交易日")
/root/.local/lib/python3.10/site-packages/akshare/futures/futures_basis.py:107: UserWarning: 20250406非交易日
  warnings.warn(f"{date.strftime('%Y%m%d')}非交易日")
/root/.local/lib/python3.10/site-packages/akshare/futures/futures_basis.py:107: UserWarning: 20250412非交易日
  warnings.warn(f"{date.strftime('%Y%m%d')}非交易日")
/root/.local/lib/python3.10/site-packages/akshare/futures/futures_basis.py:107: UserWarning: 20250413非交易日
  warnings.warn(f"{date.strftime('%Y%m%d')}非交易日")
/root/.local/lib/python3.10/site-packages/akshare/futures/futures_basis.py:107: UserWarning: 20250419非交易日
  warnings.warn(f"{date.strftime('%Y%m%d')}非交易日")
/root/.local/lib/python3.10/site-packages/akshare/futures/futures_basis.py:107: UserWarning: 20250420非交易日
  warnings.warn(f"{date.strftime('%Y%m%d')}非交易日")
/root/.local/lib/python3.10/site-packages/akshare/futures/futures_basis.py:107: UserWarning: 20250426非交易日
  warnings.warn(f"{date.strftime('%Y%m%d')}非交易日")
/root/.local/lib/python3.10/site-packages/akshare/futures/futures_basis.py:107: UserWarning: 20250427非交易日
  warnings.warn(f"{date.strftime('%Y%m%d')}非交易日")
/root/.local/lib/python3.10/site-packages/akshare/futures/futures_basis.py:107: UserWarning: 20250501非交易日
  warnings.warn(f"{date.strftime('%Y%m%d')}非交易日")
/root/.local/lib/python3.10/site-packages/akshare/futures/futures_basis.py:107: UserWarning: 20250502非交易日
  warnings.warn(f"{date.strftime('%Y%m%d')}非交易日")
/root/.local/lib/python3.10/site-packages/akshare/futures/futures_basis.py:107: UserWarning: 20250503非交易日
  warnings.warn(f"{date.strftime('%Y%m%d')}非交易日")
/root/.local/lib/python3.10/site-packages/akshare/futures/futures_basis.py:107: UserWarning: 20250504非交易日
  warnings.warn(f"{date.strftime('%Y%m%d')}非交易日")
/root/.local/lib/python3.10/site-packages/akshare/futures/futures_basis.py:107: UserWarning: 20250505非交易日
  warnings.warn(f"{date.strftime('%Y%m%d')}非交易日")
/root/.local/lib/python3.10/site-packages/akshare/futures/futures_basis.py:107: UserWarning: 20250510非交易日
  warnings.warn(f"{date.strftime('%Y%m%d')}非交易日")
/root/.local/lib/python3.10/site-packages/akshare/futures/futures_basis.py:107: UserWarning: 20250511非交易日
  warnings.warn(f"{date.strftime('%Y%m%d')}非交易日")
/root/.local/lib/python3.10/site-packages/akshare/futures/futures_basis.py:107: UserWarning: 20250517非交易日
  warnings.warn(f"{date.strftime('%Y%m%d')}非交易日")
/root/.local/lib/python3.10/site-packages/akshare/futures/futures_basis.py:107: UserWarning: 20250518非交易日
  warnings.warn(f"{date.strftime('%Y%m%d')}非交易日")
/root/.local/lib/python3.10/site-packages/akshare/futures/futures_basis.py:107: UserWarning: 20250524非交易日
  warnings.warn(f"{date.strftime('%Y%m%d')}非交易日")
/root/.local/lib/python3.10/site-packages/akshare/futures/futures_basis.py:107: UserWarning: 20250525非交易日
  warnings.warn(f"{date.strftime('%Y%m%d')}非交易日")
/root/.local/lib/python3.10/site-packages/akshare/futures/futures_basis.py:107: UserWarning: 20250531非交易日
  warnings.warn(f"{date.strftime('%Y%m%d')}非交易日")
/root/.local/lib/python3.10/site-packages/akshare/futures/futures_basis.py:107: UserWarning: 20250601非交易日
  warnings.warn(f"{date.strftime('%Y%m%d')}非交易日")
/root/.local/lib/python3.10/site-packages/akshare/futures/futures_basis.py:107: UserWarning: 20250602非交易日
  warnings.warn(f"{date.strftime('%Y%m%d')}非交易日")
/root/.local/lib/python3.10/site-packages/akshare/futures/futures_basis.py:107: UserWarning: 20250607非交易日
  warnings.warn(f"{date.strftime('%Y%m%d')}非交易日")
/root/.local/lib/python3.10/site-packages/akshare/futures/futures_basis.py:107: UserWarning: 20250608非交易日
  warnings.warn(f"{date.strftime('%Y%m%d')}非交易日")
/root/.local/lib/python3.10/site-packages/akshare/futures/futures_basis.py:107: UserWarning: 20250614非交易日
  warnings.warn(f"{date.strftime('%Y%m%d')}非交易日")
/root/.local/lib/python3.10/site-packages/akshare/futures/futures_basis.py:107: UserWarning: 20250615非交易日
  warnings.warn(f"{date.strftime('%Y%m%d')}非交易日")
/root/.local/lib/python3.10/site-packages/akshare/futures/futures_basis.py:107: UserWarning: 20250621非交易日
  warnings.warn(f"{date.strftime('%Y%m%d')}非交易日")
/root/.local/lib/python3.10/site-packages/akshare/futures/futures_basis.py:107: UserWarning: 20250622非交易日
  warnings.warn(f"{date.strftime('%Y%m%d')}非交易日")
/root/.local/lib/python3.10/site-packages/akshare/futures/futures_basis.py:107: UserWarning: 20250628非交易日
  warnings.warn(f"{date.strftime('%Y%m%d')}非交易日")
/root/.local/lib/python3.10/site-packages/akshare/futures/futures_basis.py:107: UserWarning: 20250629非交易日
  warnings.warn(f"{date.strftime('%Y%m%d')}非交易日")
/root/.local/lib/python3.10/site-packages/akshare/futures/futures_basis.py:107: UserWarning: 20250705非交易日
  warnings.warn(f"{date.strftime('%Y%m%d')}非交易日")
/root/.local/lib/python3.10/site-packages/akshare/futures/futures_basis.py:107: UserWarning: 20250706非交易日
  warnings.warn(f"{date.strftime('%Y%m%d')}非交易日")
/root/.local/lib/python3.10/site-packages/akshare/futures/futures_basis.py:107: UserWarning: 20250712非交易日
  warnings.warn(f"{date.strftime('%Y%m%d')}非交易日")
/root/.local/lib/python3.10/site-packages/akshare/futures/futures_basis.py:107: UserWarning: 20250713非交易日
  warnings.warn(f"{date.strftime('%Y%m%d')}非交易日")
/root/.local/lib/python3.10/site-packages/akshare/futures/futures_basis.py:107: UserWarning: 20250719非交易日
  warnings.warn(f"{date.strftime('%Y%m%d')}非交易日")
/root/.local/lib/python3.10/site-packages/akshare/futures/futures_basis.py:107: UserWarning: 20250720非交易日
  warnings.warn(f"{date.strftime('%Y%m%d')}非交易日")
/root/.local/lib/python3.10/site-packages/akshare/futures/futures_basis.py:107: UserWarning: 20250726非交易日
  warnings.warn(f"{date.strftime('%Y%m%d')}非交易日")
/root/.local/lib/python3.10/site-packages/akshare/futures/futures_basis.py:107: UserWarning: 20250727非交易日
  warnings.warn(f"{date.strftime('%Y%m%d')}非交易日")
/root/.local/lib/python3.10/site-packages/akshare/futures/futures_basis.py:107: UserWarning: 20250802非交易日
  warnings.warn(f"{date.strftime('%Y%m%d')}非交易日")
/root/.local/lib/python3.10/site-packages/akshare/futures/futures_basis.py:107: UserWarning: 20250803非交易日
  warnings.warn(f"{date.strftime('%Y%m%d')}非交易日")
/root/.local/lib/python3.10/site-packages/akshare/futures/futures_basis.py:107: UserWarning: 20250809非交易日
  warnings.warn(f"{date.strftime('%Y%m%d')}非交易日")
/root/.local/lib/python3.10/site-packages/akshare/futures/futures_basis.py:107: UserWarning: 20250810非交易日
  warnings.warn(f"{date.strftime('%Y%m%d')}非交易日")
/root/.local/lib/python3.10/site-packages/akshare/futures/futures_basis.py:107: UserWarning: 20250816非交易日
  warnings.warn(f"{date.strftime('%Y%m%d')}非交易日")
/root/.local/lib/python3.10/site-packages/akshare/futures/futures_basis.py:107: UserWarning: 20250817非交易日
  warnings.warn(f"{date.strftime('%Y%m%d')}非交易日")
/root/.local/lib/python3.10/site-packages/akshare/futures/futures_basis.py:107: UserWarning: 20250823非交易日
  warnings.warn(f"{date.strftime('%Y%m%d')}非交易日")
/root/.local/lib/python3.10/site-packages/akshare/futures/futures_basis.py:107: UserWarning: 20250824非交易日
  warnings.warn(f"{date.strftime('%Y%m%d')}非交易日")
/root/.local/lib/python3.10/site-packages/akshare/futures/futures_basis.py:107: UserWarning: 20250830非交易日
  warnings.warn(f"{date.strftime('%Y%m%d')}非交易日")
/root/.local/lib/python3.10/site-packages/akshare/futures/futures_basis.py:107: UserWarning: 20250831非交易日
  warnings.warn(f"{date.strftime('%Y%m%d')}非交易日")
/root/.local/lib/python3.10/site-packages/akshare/futures/futures_basis.py:107: UserWarning: 20250906非交易日
  warnings.warn(f"{date.strftime('%Y%m%d')}非交易日")
/root/.local/lib/python3.10/site-packages/akshare/futures/futures_basis.py:107: UserWarning: 20250907非交易日
  warnings.warn(f"{date.strftime('%Y%m%d')}非交易日")
/root/.local/lib/python3.10/site-packages/akshare/futures/futures_basis.py:107: UserWarning: 20250913非交易日
  warnings.warn(f"{date.strftime('%Y%m%d')}非交易日")
/root/.local/lib/python3.10/site-packages/akshare/futures/futures_basis.py:107: UserWarning: 20250914非交易日
  warnings.warn(f"{date.strftime('%Y%m%d')}非交易日")
/root/.local/lib/python3.10/site-packages/akshare/futures/futures_basis.py:107: UserWarning: 20250920非交易日
  warnings.warn(f"{date.strftime('%Y%m%d')}非交易日")
/root/.local/lib/python3.10/site-packages/akshare/futures/futures_basis.py:107: UserWarning: 20250921非交易日
  warnings.warn(f"{date.strftime('%Y%m%d')}非交易日")
/root/.local/lib/python3.10/site-packages/akshare/futures/futures_basis.py:107: UserWarning: 20250927非交易日
  warnings.warn(f"{date.strftime('%Y%m%d')}非交易日")
/root/.local/lib/python3.10/site-packages/akshare/futures/futures_basis.py:107: UserWarning: 20250928非交易日
  warnings.warn(f"{date.strftime('%Y%m%d')}非交易日")
/root/.local/lib/python3.10/site-packages/akshare/futures/futures_basis.py:107: UserWarning: 20251001非交易日
  warnings.warn(f"{date.strftime('%Y%m%d')}非交易日")
/root/.local/lib/python3.10/site-packages/akshare/futures/futures_basis.py:107: UserWarning: 20251002非交易日
  warnings.warn(f"{date.strftime('%Y%m%d')}非交易日")
/root/.local/lib/python3.10/site-packages/akshare/futures/futures_basis.py:107: UserWarning: 20251003非交易日
  warnings.warn(f"{date.strftime('%Y%m%d')}非交易日")
/root/.local/lib/python3.10/site-packages/akshare/futures/futures_basis.py:107: UserWarning: 20251004非交易日
  warnings.warn(f"{date.strftime('%Y%m%d')}非交易日")
/root/.local/lib/python3.10/site-packages/akshare/futures/futures_basis.py:107: UserWarning: 20251005非交易日
  warnings.warn(f"{date.strftime('%Y%m%d')}非交易日")
/root/.local/lib/python3.10/site-packages/akshare/futures/futures_basis.py:107: UserWarning: 20251006非交易日
  warnings.warn(f"{date.strftime('%Y%m%d')}非交易日")
/root/.local/lib/python3.10/site-packages/akshare/futures/futures_basis.py:107: UserWarning: 20251007非交易日
  warnings.warn(f"{date.strftime('%Y%m%d')}非交易日")
/root/.local/lib/python3.10/site-packages/akshare/futures/futures_basis.py:107: UserWarning: 20251008非交易日
  warnings.warn(f"{date.strftime('%Y%m%d')}非交易日")
/root/.local/lib/python3.10/site-packages/akshare/futures/futures_basis.py:107: UserWarning: 20251011非交易日
  warnings.warn(f"{date.strftime('%Y%m%d')}非交易日")
/root/.local/lib/python3.10/site-packages/akshare/futures/futures_basis.py:107: UserWarning: 20251012非交易日
  warnings.warn(f"{date.strftime('%Y%m%d')}非交易日")
/root/.local/lib/python3.10/site-packages/akshare/futures/futures_basis.py:107: UserWarning: 20251018非交易日
  warnings.warn(f"{date.strftime('%Y%m%d')}非交易日")
/root/.local/lib/python3.10/site-packages/akshare/futures/futures_basis.py:107: UserWarning: 20251019非交易日
  warnings.warn(f"{date.strftime('%Y%m%d')}非交易日")
/root/.local/lib/python3.10/site-packages/akshare/futures/futures_basis.py:107: UserWarning: 20251025非交易日
  warnings.warn(f"{date.strftime('%Y%m%d')}非交易日")
/root/.local/lib/python3.10/site-packages/akshare/futures/futures_basis.py:107: UserWarning: 20251026非交易日
  warnings.warn(f"{date.strftime('%Y%m%d')}非交易日")
/root/.local/lib/python3.10/site-packages/akshare/futures/futures_basis.py:107: UserWarning: 20251101非交易日
  warnings.warn(f"{date.strftime('%Y%m%d')}非交易日")
/root/.local/lib/python3.10/site-packages/akshare/futures/futures_basis.py:107: UserWarning: 20251102非交易日
  warnings.warn(f"{date.strftime('%Y%m%d')}非交易日")
/root/.local/lib/python3.10/site-packages/akshare/futures/futures_basis.py:107: UserWarning: 20251108非交易日
  warnings.warn(f"{date.strftime('%Y%m%d')}非交易日")
/root/.local/lib/python3.10/site-packages/akshare/futures/futures_basis.py:107: UserWarning: 20251109非交易日
  warnings.warn(f"{date.strftime('%Y%m%d')}非交易日")
/root/.local/lib/python3.10/site-packages/akshare/futures/futures_basis.py:107: UserWarning: 20251115非交易日
  warnings.warn(f"{date.strftime('%Y%m%d')}非交易日")
/root/.local/lib/python3.10/site-packages/akshare/futures/futures_basis.py:107: UserWarning: 20251116非交易日
  warnings.warn(f"{date.strftime('%Y%m%d')}非交易日")
/root/.local/lib/python3.10/site-packages/akshare/futures/futures_basis.py:107: UserWarning: 20251122非交易日
  warnings.warn(f"{date.strftime('%Y%m%d')}非交易日")
/root/.local/lib/python3.10/site-packages/akshare/futures/futures_basis.py:107: UserWarning: 20251123非交易日
  warnings.warn(f"{date.strftime('%Y%m%d')}非交易日")
/root/.local/lib/python3.10/site-packages/akshare/futures/futures_basis.py:107: UserWarning: 20251129非交易日
  warnings.warn(f"{date.strftime('%Y%m%d')}非交易日")
/root/.local/lib/python3.10/site-packages/akshare/futures/futures_basis.py:107: UserWarning: 20251130非交易日
  warnings.warn(f"{date.strftime('%Y%m%d')}非交易日")
/root/.local/lib/python3.10/site-packages/akshare/futures/futures_basis.py:107: UserWarning: 20251206非交易日
  warnings.warn(f"{date.strftime('%Y%m%d')}非交易日")
/root/.local/lib/python3.10/site-packages/akshare/futures/futures_basis.py:107: UserWarning: 20251207非交易日
  warnings.warn(f"{date.strftime('%Y%m%d')}非交易日")
/root/.local/lib/python3.10/site-packages/akshare/futures/futures_basis.py:107: UserWarning: 20251213非交易日
  warnings.warn(f"{date.strftime('%Y%m%d')}非交易日")
/root/.local/lib/python3.10/site-packages/akshare/futures/futures_basis.py:107: UserWarning: 20251214非交易日
  warnings.warn(f"{date.strftime('%Y%m%d')}非交易日")
/root/.local/lib/python3.10/site-packages/akshare/futures/futures_basis.py:107: UserWarning: 20251220非交易日
  warnings.warn(f"{date.strftime('%Y%m%d')}非交易日")
/root/.local/lib/python3.10/site-packages/akshare/futures/futures_basis.py:107: UserWarning: 20251221非交易日
  warnings.warn(f"{date.strftime('%Y%m%d')}非交易日")
/root/.local/lib/python3.10/site-packages/akshare/futures/futures_basis.py:107: UserWarning: 20251227非交易日
  warnings.warn(f"{date.strftime('%Y%m%d')}非交易日")
/root/.local/lib/python3.10/site-packages/akshare/futures/futures_basis.py:107: UserWarning: 20251228非交易日
  warnings.warn(f"{date.strftime('%Y%m%d')}非交易日")
/root/.local/lib/python3.10/site-packages/akshare/futures/futures_basis.py:107: UserWarning: 20260101非交易日
  warnings.warn(f"{date.strftime('%Y%m%d')}非交易日")
/root/.local/lib/python3.10/site-packages/akshare/futures/futures_basis.py:107: UserWarning: 20260102非交易日
  warnings.warn(f"{date.strftime('%Y%m%d')}非交易日")
/root/.local/lib/python3.10/site-packages/akshare/futures/futures_basis.py:107: UserWarning: 20260103非交易日
  warnings.warn(f"{date.strftime('%Y%m%d')}非交易日")
/root/.local/lib/python3.10/site-packages/akshare/futures/futures_basis.py:107: UserWarning: 20260104非交易日
  warnings.warn(f"{date.strftime('%Y%m%d')}非交易日")
/root/.local/lib/python3.10/site-packages/akshare/futures/futures_basis.py:107: UserWarning: 20260110非交易日
  warnings.warn(f"{date.strftime('%Y%m%d')}非交易日")
/root/.local/lib/python3.10/site-packages/akshare/futures/futures_basis.py:107: UserWarning: 20260111非交易日
  warnings.warn(f"{date.strftime('%Y%m%d')}非交易日")
/root/.local/lib/python3.10/site-packages/akshare/futures/futures_basis.py:107: UserWarning: 20260117非交易日
  warnings.warn(f"{date.strftime('%Y%m%d')}非交易日")
/root/.local/lib/python3.10/site-packages/akshare/futures/futures_basis.py:107: UserWarning: 20260118非交易日
  warnings.warn(f"{date.strftime('%Y%m%d')}非交易日")
/root/.local/lib/python3.10/site-packages/akshare/futures/futures_basis.py:107: UserWarning: 20260124非交易日
  warnings.warn(f"{date.strftime('%Y%m%d')}非交易日")
/root/.local/lib/python3.10/site-packages/akshare/futures/futures_basis.py:107: UserWarning: 20260125非交易日
  warnings.warn(f"{date.strftime('%Y%m%d')}非交易日")
/root/.local/lib/python3.10/site-packages/akshare/futures/futures_basis.py:107: UserWarning: 20260131非交易日
  warnings.warn(f"{date.strftime('%Y%m%d')}非交易日")
/root/.local/lib/python3.10/site-packages/akshare/futures/futures_basis.py:107: UserWarning: 20260201非交易日
  warnings.warn(f"{date.strftime('%Y%m%d')}非交易日")
/root/.local/lib/python3.10/site-packages/akshare/futures/futures_basis.py:107: UserWarning: 20260207非交易日
  warnings.warn(f"{date.strftime('%Y%m%d')}非交易日")
/root/.local/lib/python3.10/site-packages/akshare/futures/futures_basis.py:107: UserWarning: 20260208非交易日
  warnings.warn(f"{date.strftime('%Y%m%d')}非交易日")
/root/.local/lib/python3.10/site-packages/akshare/futures/futures_basis.py:107: UserWarning: 20260214非交易日
  warnings.warn(f"{date.strftime('%Y%m%d')}非交易日")
/root/.local/lib/python3.10/site-packages/akshare/futures/futures_basis.py:107: UserWarning: 20260215非交易日
  warnings.warn(f"{date.strftime('%Y%m%d')}非交易日")
/root/.local/lib/python3.10/site-packages/akshare/futures/futures_basis.py:107: UserWarning: 20260216非交易日
  warnings.warn(f"{date.strftime('%Y%m%d')}非交易日")
/root/.local/lib/python3.10/site-packages/akshare/futures/futures_basis.py:107: UserWarning: 20260217非交易日
  warnings.warn(f"{date.strftime('%Y%m%d')}非交易日")
/root/.local/lib/python3.10/site-packages/akshare/futures/futures_basis.py:107: UserWarning: 20260218非交易日
  warnings.warn(f"{date.strftime('%Y%m%d')}非交易日")
/root/.local/lib/python3.10/site-packages/akshare/futures/futures_basis.py:107: UserWarning: 20260219非交易日
  warnings.warn(f"{date.strftime('%Y%m%d')}非交易日")
/root/.local/lib/python3.10/site-packages/akshare/futures/futures_basis.py:107: UserWarning: 20260220非交易日
  warnings.warn(f"{date.strftime('%Y%m%d')}非交易日")
/root/.local/lib/python3.10/site-packages/akshare/futures/futures_basis.py:107: UserWarning: 20260221非交易日
  warnings.warn(f"{date.strftime('%Y%m%d')}非交易日")
/root/.local/lib/python3.10/site-packages/akshare/futures/futures_basis.py:107: UserWarning: 20260222非交易日
  warnings.warn(f"{date.strftime('%Y%m%d')}非交易日")
/root/.local/lib/python3.10/site-packages/akshare/futures/futures_basis.py:107: UserWarning: 20260223非交易日
  warnings.warn(f"{date.strftime('%Y%m%d')}非交易日")
/root/.local/lib/python3.10/site-packages/akshare/futures/futures_basis.py:107: UserWarning: 20260228非交易日
  warnings.warn(f"{date.strftime('%Y%m%d')}非交易日")
/root/.local/lib/python3.10/site-packages/akshare/futures/futures_basis.py:107: UserWarning: 20260301非交易日
  warnings.warn(f"{date.strftime('%Y%m%d')}非交易日")
/root/.local/lib/python3.10/site-packages/akshare/futures/futures_basis.py:107: UserWarning: 20260307非交易日
  warnings.warn(f"{date.strftime('%Y%m%d')}非交易日")
/root/.local/lib/python3.10/site-packages/akshare/futures/futures_basis.py:107: UserWarning: 20260308非交易日
  warnings.warn(f"{date.strftime('%Y%m%d')}非交易日")
/root/.local/lib/python3.10/site-packages/akshare/futures/futures_basis.py:107: UserWarning: 20260314非交易日
  warnings.warn(f"{date.strftime('%Y%m%d')}非交易日")
/root/.local/lib/python3.10/site-packages/akshare/futures/futures_basis.py:107: UserWarning: 20260315非交易日
  warnings.warn(f"{date.strftime('%Y%m%d')}非交易日")
/root/.local/lib/python3.10/site-packages/akshare/futures/futures_basis.py:107: UserWarning: 20260321非交易日
  warnings.warn(f"{date.strftime('%Y%m%d')}非交易日")
/root/.local/lib/python3.10/site-packages/akshare/futures/futures_basis.py:107: UserWarning: 20260322非交易日
  warnings.warn(f"{date.strftime('%Y%m%d')}非交易日")
/root/.local/lib/python3.10/site-packages/akshare/futures/futures_basis.py:107: UserWarning: 20260328非交易日
  warnings.warn(f"{date.strftime('%Y%m%d')}非交易日")
/root/.local/lib/python3.10/site-packages/akshare/futures/futures_basis.py:107: UserWarning: 20260329非交易日
  warnings.warn(f"{date.strftime('%Y%m%d')}非交易日")
/root/.local/lib/python3.10/site-packages/akshare/futures/futures_basis.py:107: UserWarning: 20260404非交易日
  warnings.warn(f"{date.strftime('%Y%m%d')}非交易日")
/root/.local/lib/python3.10/site-packages/akshare/futures/futures_basis.py:107: UserWarning: 20260405非交易日
  warnings.warn(f"{date.strftime('%Y%m%d')}非交易日")
/root/.local/lib/python3.10/site-packages/akshare/futures/futures_basis.py:107: UserWarning: 20260406非交易日
  warnings.warn(f"{date.strftime('%Y%m%d')}非交易日")
/root/.local/lib/python3.10/site-packages/akshare/futures/futures_basis.py:107: UserWarning: 20260411非交易日
  warnings.warn(f"{date.strftime('%Y%m%d')}非交易日")
/root/.local/lib/python3.10/site-packages/akshare/futures/futures_basis.py:107: UserWarning: 20260412非交易日
  warnings.warn(f"{date.strftime('%Y%m%d')}非交易日")
/root/.local/lib/python3.10/site-packages/akshare/futures/futures_basis.py:107: UserWarning: 20260418非交易日
  warnings.warn(f"{date.strftime('%Y%m%d')}非交易日")
/root/.local/lib/python3.10/site-packages/akshare/futures/futures_basis.py:107: UserWarning: 20260419非交易日
  warnings.warn(f"{date.strftime('%Y%m%d')}非交易日")
/root/.local/lib/python3.10/site-packages/akshare/futures/futures_basis.py:107: UserWarning: 20260425非交易日
  warnings.warn(f"{date.strftime('%Y%m%d')}非交易日")
/root/.local/lib/python3.10/site-packages/akshare/futures/futures_basis.py:107: UserWarning: 20260426非交易日
  warnings.warn(f"{date.strftime('%Y%m%d')}非交易日")
/root/.local/lib/python3.10/site-packages/akshare/futures/futures_basis.py:107: UserWarning: 20260501非交易日
  warnings.warn(f"{date.strftime('%Y%m%d')}非交易日")
/root/.local/lib/python3.10/site-packages/akshare/futures/futures_basis.py:107: UserWarning: 20260502非交易日
  warnings.warn(f"{date.strftime('%Y%m%d')}非交易日")
/root/.local/lib/python3.10/site-packages/akshare/futures/futures_basis.py:107: UserWarning: 20260503非交易日
  warnings.warn(f"{date.strftime('%Y%m%d')}非交易日")
/root/.local/lib/python3.10/site-packages/akshare/futures/futures_basis.py:107: UserWarning: 20260504非交易日
  warnings.warn(f"{date.strftime('%Y%m%d')}非交易日")
/root/.local/lib/python3.10/site-packages/akshare/futures/futures_basis.py:107: UserWarning: 20260505非交易日
  warnings.warn(f"{date.strftime('%Y%m%d')}非交易日")
/root/.local/lib/python3.10/site-packages/akshare/futures/futures_basis.py:107: UserWarning: 20260509非交易日
  warnings.warn(f"{date.strftime('%Y%m%d')}非交易日")
/root/.local/lib/python3.10/site-packages/akshare/futures/futures_basis.py:107: UserWarning: 20260510非交易日
  warnings.warn(f"{date.strftime('%Y%m%d')}非交易日")
/root/.local/lib/python3.10/site-packages/akshare/futures/futures_basis.py:107: UserWarning: 20260516非交易日
  warnings.warn(f"{date.strftime('%Y%m%d')}非交易日")
/root/.local/lib/python3.10/site-packages/akshare/futures/futures_basis.py:107: UserWarning: 20260517非交易日
  warnings.warn(f"{date.strftime('%Y%m%d')}非交易日")
/root/.local/lib/python3.10/site-packages/akshare/futures/futures_basis.py:74: FutureWarning: The behavior of DataFrame concatenation with empty or all-NA entries is deprecated. In a future version, this will no longer exclude empty or all-NA columns when determining the result dtypes. To retain the old behavior, exclude the relevant entries before the concat operation.
  temp_df = pd.concat(df_list)

  0%|          | 0/7 [00:00<?, ?it/s]
 14%|█▍        | 1/7 [00:00<00:01,  4.71it/s]
 29%|██▊       | 2/7 [00:00<00:01,  4.22it/s]
 43%|████▎     | 3/7 [00:00<00:00,  4.30it/s]
 57%|█████▋    | 4/7 [00:00<00:00,  4.22it/s]
 71%|███████▏  | 5/7 [00:01<00:00,  4.09it/s]
 86%|████████▌ | 6/7 [00:01<00:00,  3.89it/s]
100%|██████████| 7/7 [00:01<00:00,  4.09it/s]
                                             

  0%|          | 0/7 [00:00<?, ?it/s]
 14%|█▍        | 1/7 [00:00<00:01,  3.96it/s]
 29%|██▊       | 2/7 [00:00<00:01,  4.16it/s]
 43%|████▎     | 3/7 [00:00<00:00,  4.04it/s]
 57%|█████▋    | 4/7 [00:00<00:00,  4.20it/s]
 71%|███████▏  | 5/7 [00:01<00:00,  4.23it/s]
 86%|████████▌ | 6/7 [00:01<00:00,  4.29it/s]
100%|██████████| 7/7 [00:01<00:00,  4.57it/s]
                                             

  0%|          | 0/7 [00:00<?, ?it/s]
 14%|█▍        | 1/7 [00:00<00:01,  3.78it/s]
 29%|██▊       | 2/7 [00:00<00:01,  3.72it/s]
 43%|████▎     | 3/7 [00:00<00:01,  3.92it/s]
 57%|█████▋    | 4/7 [00:01<00:00,  4.10it/s]
 71%|███████▏  | 5/7 [00:01<00:00,  4.14it/s]
 86%|████████▌ | 6/7 [00:01<00:00,  4.25it/s]
100%|██████████| 7/7 [00:01<00:00,  4.61it/s]
                                             
{
  "sample_rows": 1540,
  "external_rows": 5275,
  "external_date_min": "2005-01-04",
  "external_date_max": "2026-05-15",
  "feature_cols": 212,
  "lag_days": 1,
  "errors": {},
  "top_missing": {
    "zijin_hk_volume_ret20": 0.04090909090909091,
    "zijin_hk_close_ret20": 0.04090909090909091,
    "zijin_hk_close_ma20_gap": 0.03701298701298701,
    "zijin_hk_close_z20": 0.03701298701298701,
    "zijin_hk_volume_ma20_gap": 0.03701298701298701,
    "zijin_a_h_close_ratio_z20": 0.03701298701298701,
    "zijin_hk_volume_z20": 0.03701298701298701,
    "zijin_hk_volume_ret5": 0.033766233766233764,
    "zijin_hk_close_ret5": 0.033766233766233764,
    "copper_dom_basis_rate_ret20": 0.032467532467532464,
    "copper_spot_ret20": 0.032467532467532464,
    "gold_dom_basis_rate_ret20": 0.032467532467532464,
    "gold_spot_ret20": 0.032467532467532464,
    "precious_sector_close_ret20": 0.032467532467532464,
    "silver_spot_ret20": 0.032467532467532464,
    "silver_dom_basis_rate_ret20": 0.032467532467532464,
    "industrial_metal_sector_close_ret20": 0.032467532467532464,
    "minor_metal_sector_volume_ret20": 0.032467532467532464,
    "industrial_metal_sector_amount_ret20": 0.032467532467532464,
    "industrial_metal_sector_volume_ret20": 0.032467532467532464,
    "minor_metal_sector_close_ret20": 0.032467532467532464,
    "stock_vs_industrial_metal_sector_ret20": 0.032467532467532464,
    "stock_vs_precious_sector_ret20": 0.032467532467532464,
    "minor_metal_sector_amount_ret20": 0.032467532467532464,
    "precious_sector_amount_ret20": 0.032467532467532464,
    "precious_sector_volume_ret20": 0.032467532467532464,
    "stock_vs_copper_ret20": 0.031818181818181815,
    "stock_vs_gold_ret20": 0.031818181818181815,
    "zijin_hk_close_ret1": 0.03116883116883117,
    "zijin_hk_volume_ret1": 0.03116883116883117
  },
  "outputs": {
    "external": "/root/stock_realtime_v021_full/saved_data/002460_pipeline_out_v2_new27_full/04_external/zijin_external/zijin_external_features.csv",
    "merged_samples": "/root/stock_realtime_v021_full/saved_data/002460_pipeline_out_v2_new27_full/04_external/zijin_external/training_samples_with_zijin_external.csv"
  }
}
[INFO] final samples for search: /root/stock_realtime_v021_full/saved_data/002460_pipeline_out_v2_new27_full/04_external/zijin_external/training_samples_with_zijin_external.csv

[2026-05-17T20:59:08] RUN search_vwap_low_hit_50bps
  /usr/bin/python3 model_training/search_walk_forward_model_complexity.py --samples /root/stock_realtime_v021_full/saved_data/002460_pipeline_out_v2_new27_full/04_external/zijin_external/training_samples_with_zijin_external.csv --intraday-bars /root/stock_realtime_v021_full/saved_data/002460_pipeline_out_v2_new27_full/00_base/002460_5m.csv --out-dir /root/stock_realtime_v021_full/saved_data/002460_pipeline_out_v2_new27_full/10_search/search_vwap_low_hit_50bps --round-trip-cost-bps 1.7 --target-hit-bps 50.0 --label-mode hit --entry-policy vwap_low --entry-vwap-premium-bps 50.0 --max-missing 0.35 --groups reversal_fundamental_regime,reversal_fundamental_regime_sector,reversal_fundamental_regime_sector_external,all_no_ak --models xgb_d2_200_lr003_mcw5,xgb_d3_400_lr003_mcw3,xgb_d3_600_lr002_mcw3,xgb_d4_500_lr002_mcw5,lgbm_leaves7_400,lgbm_leaves15_700,extra_trees_600_d3,random_forest_600_d4 --quantiles 0.5,0.6,0.7,0.8 --train-rows 756 --valid-rows 126 --test-rows 63 --min-valid-trades 8 --min-train-entries 80
{
  "rows": 1539,
  "target_hit_bps": 50.0,
  "label_mode": "hit",
  "entry_policy": "vwap_low",
  "entry_vwap_premium_bps": 50.0,
  "groups": {
    "reversal_fundamental_regime": 137,
    "reversal_fundamental_regime_sector": 160,
    "reversal_fundamental_regime_sector_external": 371,
    "all_no_ak": 426
  },
  "models": [
    "xgb_d2_200_lr003_mcw5",
    "xgb_d3_400_lr003_mcw3",
    "xgb_d3_600_lr002_mcw3",
    "xgb_d4_500_lr002_mcw5",
    "extra_trees_600_d3",
    "random_forest_600_d4",
    "lgbm_leaves7_400",
    "lgbm_leaves15_700"
  ],
  "top": [
    {
      "entry_policy": "vwap_low",
      "feature_group": "reversal_fundamental_regime_sector",
      "model_name": "xgb_d4_500_lr002_mcw5",
      "target_hit_bps": 50.0,
      "trades": 181,
      "win_rate": 0.7458563535911602,
      "avg_return": -0.0018792036945312264,
      "median_return": 0.005,
      "compound_return": -0.30273152964554284,
      "max_drawdown": -0.3293948090060619,
      "profit_factor": 0.6608961300672048,
      "windows": 10
    },
    {
      "entry_policy": "vwap_low",
      "feature_group": "reversal_fundamental_regime_sector",
      "model_name": "lgbm_leaves15_700",
      "target_hit_bps": 50.0,
      "trades": 162,
      "win_rate": 0.7407407407407407,
      "avg_return": -0.00210883204625361,
      "median_return": 0.005,
      "compound_return": -0.30301482420985315,
      "max_drawdown": -0.34167800987331576,
      "profit_factor": 0.6336356172504793,
      "windows": 10
    },
    {
      "entry_policy": "vwap_low",
      "feature_group": "reversal_fundamental_regime_sector",
      "model_name": "xgb_d3_400_lr003_mcw3",
      "target_hit_bps": 50.0,
      "trades": 159,
      "win_rate": 0.7421383647798742,
      "avg_return": -0.002175457142591217,
      "median_return": 0.005,
      "compound_return": -0.3058564148938582,
      "max_drawdown": -0.3172536615519541,
      "profit_factor": 0.6267650925031701,
      "windows": 10
    },
    {
      "entry_policy": "vwap_low",
      "feature_group": "reversal_fundamental_regime_sector_external",
      "model_name": "lgbm_leaves15_700",
      "target_hit_bps": 50.0,
      "trades": 170,
      "win_rate": 0.7588235294117647,
      "avg_return": -0.002038855734115429,
      "median_return": 0.005,
      "compound_return": -0.3071869506559183,
      "max_drawdown": -0.33235213219886595,
      "profit_factor": 0.6463576703780985,
      "windows": 10
    },
    {
      "entry_policy": "vwap_low",
      "feature_group": "all_no_ak",
      "model_name": "lgbm_leaves15_700",
      "target_hit_bps": 50.0,
      "trades": 163,
      "win_rate": 0.7300613496932515,
      "avg_return": -0.0024586724923786594,
      "median_return": 0.005,
      "compound_return": -0.34237958241092836,
      "max_drawdown": -0.3643139160970543,
      "profit_factor": 0.592716026603532,
      "windows": 10
    },
    {
      "entry_policy": "vwap_low",
      "feature_group": "reversal_fundamental_regime_sector_external",
      "model_name": "xgb_d3_600_lr002_mcw3",
      "target_hit_bps": 50.0,
      "trades": 175,
      "win_rate": 0.7257142857142858,
      "avg_return": -0.0023196343779139056,
      "median_return": 0.005,
      "compound_return": -0.3460614700378756,
      "max_drawdown": -0.3663351641302568,
      "profit_factor": 0.6055668521422685,
      "windows": 10
    },
    {
      "entry_policy": "vwap_low",
      "feature_group": "reversal_fundamental_regime_sector",
      "model_name": "xgb_d2_200_lr003_mcw5",
      "target_hit_bps": 50.0,
      "trades": 194,
      "win_rate": 0.7216494845360825,
      "avg_return": -0.0020821186965419023,
      "median_return": 0.005,
      "compound_return": -0.3472028369402699,
      "max_drawdown": -0.3676890263161755,
      "profit_factor": 0.6314125299666514,
      "windows": 10
    },
    {
      "entry_policy": "vwap_low",
      "feature_group": "reversal_fundamental_regime_sector",
      "model_name": "lgbm_leaves7_400",
      "target_hit_bps": 50.0,
      "trades": 161,
      "win_rate": 0.7142857142857143,
      "avg_return": -0.0026544226805622064,
      "median_return": 0.005,
      "compound_return": -0.36105609876105893,
      "max_drawdown": -0.37829742862399796,
      "profit_factor": 0.5715842007628339,
      "windows": 10
    },
    {
      "entry_policy": "vwap_low",
      "feature_group": "all_no_ak",
      "model_name": "lgbm_leaves7_400",
      "target_hit_bps": 50.0,
      "trades": 149,
      "win_rate": 0.7583892617449665,
      "avg_return": -0.0029784306281686046,
      "median_return": 0.005,
      "compound_return": -0.3730500271270504,
      "max_drawdown": -0.39349147899310244,
      "profit_factor": 0.5548843578522876,
      "windows": 10
    },
    {
      "entry_policy": "vwap_low",
      "feature_group": "reversal_fundamental_regime_sector_external",
      "model_name": "lgbm_leaves7_400",
      "target_hit_bps": 50.0,
      "trades": 172,
      "win_rate": 0.7616279069767442,
      "avg_return": -0.0026448128561789796,
      "median_return": 0.005,
      "compound_return": -0.3809542939927625,
      "max_drawdown": -0.39264963404360087,
      "profit_factor": 0.5857450304171177,
      "windows": 10
    },
    {
      "entry_policy": "vwap_low",
      "feature_group": "reversal_fundamental_regime",
      "model_name": "lgbm_leaves15_700",
      "target_hit_bps": 50.0,
      "trades": 194,
      "win_rate": 0.7371134020618557,
      "avg_return": -0.0023661558236093253,
      "median_return": 0.005,
      "compound_return": -0.38383887718832366,
      "max_drawdown": -0.3960095863951616,
      "profit_factor": 0.6060339216135577,
      "windows": 10
    },
    {
      "entry_policy": "vwap_low",
      "feature_group": "reversal_fundamental_regime",
      "model_name": "xgb_d4_500_lr002_mcw5",
      "target_hit_bps": 50.0,
      "trades": 175,
      "win_rate": 0.7371428571428571,
      "avg_return": -0.002733272078863163,
      "median_return": 0.005,
      "compound_return": -0.39668294378139346,
      "max_drawdown": -0.4056429505957928,
      "profit_factor": 0.5707994709085165,
      "windows": 10
    },
    {
      "entry_policy": "vwap_low",
      "feature_group": "reversal_fundamental_regime",
      "model_name": "xgb_d3_600_lr002_mcw3",
      "target_hit_bps": 50.0,
      "trades": 172,
      "win_rate": 0.7558139534883721,
      "avg_return": -0.0028186472029226714,
      "median_return": 0.005,
      "compound_return": -0.402395071228543,
      "max_drawdown": -0.4238175991727736,
      "profit_factor": 0.5694179846485776,
      "windows": 10
    },
    {
      "entry_policy": "vwap_low",
      "feature_group": "reversal_fundamental_regime_sector",
      "model_name": "xgb_d3_600_lr002_mcw3",
      "target_hit_bps": 50.0,
      "trades": 170,
      "win_rate": 0.711764705882353,
      "avg_return": -0.002959891971290078,
      "median_return": 0.005,
      "compound_return": -0.4085624504597395,
      "max_drawdown": -0.42312916201200756,
      "profit_factor": 0.5409299799027372,
      "windows": 10
    },
    {
      "entry_policy": "vwap_low",
      "feature_group": "all_no_ak",
      "model_name": "xgb_d4_500_lr002_mcw5",
      "target_hit_bps": 50.0,
      "trades": 189,
      "win_rate": 0.7301587301587301,
      "avg_return": -0.0028211597135746817,
      "median_return": 0.005,
      "compound_return": -0.4268832760840837,
      "max_drawdown": -0.4148137990866796,
      "profit_factor": 0.5623694730314625,
      "windows": 10
    },
    {
      "entry_policy": "vwap_low",
      "feature_group": "reversal_fundamental_regime_sector_external",
      "model_name": "xgb_d3_400_lr003_mcw3",
      "target_hit_bps": 50.0,
      "trades": 175,
      "win_rate": 0.7028571428571428,
      "avg_return": -0.00305024443151867,
      "median_return": 0.005,
      "compound_return": -0.4280636185007539,
      "max_drawdown": -0.4275618724977803,
      "profit_factor": 0.531859252539671,
      "windows": 10
    },
    {
      "entry_policy": "vwap_low",
      "feature_group": "reversal_fundamental_regime",
      "model_name": "lgbm_leaves7_400",
      "target_hit_bps": 50.0,
      "trades": 196,
      "win_rate": 0.7295918367346939,
      "avg_return": -0.0027709169077089627,
      "median_return": 0.005,
      "compound_return": -0.43620663959603445,
      "max_drawdown": -0.4445796704909247,
      "profit_factor": 0.566276003726021,
      "windows": 10
    },
    {
      "entry_policy": "vwap_low",
      "feature_group": "reversal_fundamental_regime",
      "model_name": "xgb_d2_200_lr003_mcw5",
      "target_hit_bps": 50.0,
      "trades": 176,
      "win_rate": 0.75,
      "avg_return": -0.003148407419530576,
      "median_return": 0.005,
      "compound_return": -0.4434055639024862,
      "max_drawdown": -0.4516716818397909,
      "profit_factor": 0.5406631475861257,
      "windows": 10
    },
    {
      "entry_policy": "vwap_low",
      "feature_group": "all_no_ak",
      "model_name": "xgb_d2_200_lr003_mcw5",
      "target_hit_bps": 50.0,
      "trades": 209,
      "win_rate": 0.722488038277512,
      "avg_return": -0.0027506268652788646,
      "median_return": 0.005,
      "compound_return": -0.4521221729087931,
      "max_drawdown": -0.4548479332425801,
      "profit_factor": 0.5661469612988423,
      "windows": 10
    },
    {
      "entry_policy": "vwap_low",
      "feature_group": "reversal_fundamental_regime_sector_external",
      "model_name": "xgb_d4_500_lr002_mcw5",
      "target_hit_bps": 50.0,
      "trades": 186,
      "win_rate": 0.7204301075268817,
      "avg_return": -0.003217592640330867,
      "median_return": 0.005,
      "compound_return": -0.46401516496723694,
      "max_drawdown": -0.452727662147245,
      "profit_factor": 0.5238765200261358,
      "windows": 10
    }
  ]
}

[2026-05-17T21:17:19] RUN search_vwap_low_hit_80bps
  /usr/bin/python3 model_training/search_walk_forward_model_complexity.py --samples /root/stock_realtime_v021_full/saved_data/002460_pipeline_out_v2_new27_full/04_external/zijin_external/training_samples_with_zijin_external.csv --intraday-bars /root/stock_realtime_v021_full/saved_data/002460_pipeline_out_v2_new27_full/00_base/002460_5m.csv --out-dir /root/stock_realtime_v021_full/saved_data/002460_pipeline_out_v2_new27_full/10_search/search_vwap_low_hit_80bps --round-trip-cost-bps 1.7 --target-hit-bps 80.0 --label-mode hit --entry-policy vwap_low --entry-vwap-premium-bps 50.0 --max-missing 0.35 --groups reversal_fundamental_regime,reversal_fundamental_regime_sector,reversal_fundamental_regime_sector_external,all_no_ak --models xgb_d2_200_lr003_mcw5,xgb_d3_400_lr003_mcw3,xgb_d3_600_lr002_mcw3,xgb_d4_500_lr002_mcw5,lgbm_leaves7_400,lgbm_leaves15_700,extra_trees_600_d3,random_forest_600_d4 --quantiles 0.5,0.6,0.7,0.8 --train-rows 756 --valid-rows 126 --test-rows 63 --min-valid-trades 8 --min-train-entries 80
{
  "rows": 1539,
  "target_hit_bps": 80.0,
  "label_mode": "hit",
  "entry_policy": "vwap_low",
  "entry_vwap_premium_bps": 50.0,
  "groups": {
    "reversal_fundamental_regime": 137,
    "reversal_fundamental_regime_sector": 160,
    "reversal_fundamental_regime_sector_external": 371,
    "all_no_ak": 426
  },
  "models": [
    "xgb_d2_200_lr003_mcw5",
    "xgb_d3_400_lr003_mcw3",
    "xgb_d3_600_lr002_mcw3",
    "xgb_d4_500_lr002_mcw5",
    "extra_trees_600_d3",
    "random_forest_600_d4",
    "lgbm_leaves7_400",
    "lgbm_leaves15_700"
  ],
  "top": [
    {
      "entry_policy": "vwap_low",
      "feature_group": "all_no_ak",
      "model_name": "lgbm_leaves7_400",
      "target_hit_bps": 80.0,
      "trades": 179,
      "win_rate": 0.6927374301675978,
      "avg_return": -0.0014273884747263937,
      "median_return": 0.008,
      "compound_return": -0.24579101592540653,
      "max_drawdown": -0.28479656465859404,
      "profit_factor": 0.7933844947011528,
      "windows": 10
    },
    {
      "entry_policy": "vwap_low",
      "feature_group": "all_no_ak",
      "model_name": "lgbm_leaves15_700",
      "target_hit_bps": 80.0,
      "trades": 179,
      "win_rate": 0.7150837988826816,
      "avg_return": -0.0015441092011162678,
      "median_return": 0.008,
      "compound_return": -0.26610234910603214,
      "max_drawdown": -0.2837045212221363,
      "profit_factor": 0.783473873273689,
      "windows": 10
    },
    {
      "entry_policy": "vwap_low",
      "feature_group": "reversal_fundamental_regime_sector",
      "model_name": "lgbm_leaves15_700",
      "target_hit_bps": 80.0,
      "trades": 218,
      "win_rate": 0.6880733944954128,
      "avg_return": -0.0013959307393433653,
      "median_return": 0.008,
      "compound_return": -0.2843018904453888,
      "max_drawdown": -0.37856604902374613,
      "profit_factor": 0.7935856799297354,
      "windows": 10
    },
    {
      "entry_policy": "vwap_low",
      "feature_group": "reversal_fundamental_regime",
      "model_name": "random_forest_600_d4",
      "target_hit_bps": 80.0,
      "trades": 253,
      "win_rate": 0.7154150197628458,
      "avg_return": -0.0013783293279590611,
      "median_return": 0.008,
      "compound_return": -0.3247260172000742,
      "max_drawdown": -0.35040963727944796,
      "profit_factor": 0.8042791086686768,
      "windows": 10
    },
    {
      "entry_policy": "vwap_low",
      "feature_group": "reversal_fundamental_regime_sector_external",
      "model_name": "lgbm_leaves15_700",
      "target_hit_bps": 80.0,
      "trades": 199,
      "win_rate": 0.678391959798995,
      "avg_return": -0.0019162540081902827,
      "median_return": 0.008,
      "compound_return": -0.3370194423320637,
      "max_drawdown": -0.36015959492864436,
      "profit_factor": 0.7341804503721082,
      "windows": 10
    },
    {
      "entry_policy": "vwap_low",
      "feature_group": "all_no_ak",
      "model_name": "xgb_d3_400_lr003_mcw3",
      "target_hit_bps": 80.0,
      "trades": 163,
      "win_rate": 0.7055214723926381,
      "avg_return": -0.002325245984433976,
      "median_return": 0.008,
      "compound_return": -0.33783750610803254,
      "max_drawdown": -0.34830631348815877,
      "profit_factor": 0.7075372120155762,
      "windows": 10
    },
    {
      "entry_policy": "vwap_low",
      "feature_group": "all_no_ak",
      "model_name": "xgb_d3_600_lr002_mcw3",
      "target_hit_bps": 80.0,
      "trades": 156,
      "win_rate": 0.6602564102564102,
      "avg_return": -0.0025210493896523746,
      "median_return": 0.008,
      "compound_return": -0.34139084810428977,
      "max_drawdown": -0.370723783701567,
      "profit_factor": 0.67118614375881,
      "windows": 10
    },
    {
      "entry_policy": "vwap_low",
      "feature_group": "all_no_ak",
      "model_name": "xgb_d4_500_lr002_mcw5",
      "target_hit_bps": 80.0,
      "trades": 169,
      "win_rate": 0.6804733727810651,
      "avg_return": -0.0023131902318871194,
      "median_return": 0.008,
      "compound_return": -0.34482109927199656,
      "max_drawdown": -0.3754075785504827,
      "profit_factor": 0.6972179382111267,
      "windows": 10
    },
    {
      "entry_policy": "vwap_low",
      "feature_group": "reversal_fundamental_regime_sector",
      "model_name": "xgb_d3_600_lr002_mcw3",
      "target_hit_bps": 80.0,
      "trades": 189,
      "win_rate": 0.6772486772486772,
      "avg_return": -0.002164611406908535,
      "median_return": 0.008,
      "compound_return": -0.3568764169380886,
      "max_drawdown": -0.3770512670563392,
      "profit_factor": 0.7079896219477744,
      "windows": 10
    },
    {
      "entry_policy": "vwap_low",
      "feature_group": "reversal_fundamental_regime_sector",
      "model_name": "xgb_d4_500_lr002_mcw5",
      "target_hit_bps": 80.0,
      "trades": 220,
      "win_rate": 0.7,
      "avg_return": -0.00182539965272745,
      "median_return": 0.008,
      "compound_return": -0.35772128167248973,
      "max_drawdown": -0.4515279885062118,
      "profit_factor": 0.7485063255342304,
      "windows": 10
    },
    {
      "entry_policy": "vwap_low",
      "feature_group": "reversal_fundamental_regime_sector_external",
      "model_name": "lgbm_leaves7_400",
      "target_hit_bps": 80.0,
      "trades": 204,
      "win_rate": 0.6764705882352942,
      "avg_return": -0.002066400419674016,
      "median_return": 0.008,
      "compound_return": -0.3635917662625445,
      "max_drawdown": -0.4563822016000578,
      "profit_factor": 0.7192783162464164,
      "windows": 10
    },
    {
      "entry_policy": "vwap_low",
      "feature_group": "reversal_fundamental_regime_sector",
      "model_name": "lgbm_leaves7_400",
      "target_hit_bps": 80.0,
      "trades": 168,
      "win_rate": 0.6488095238095238,
      "avg_return": -0.002637717579615837,
      "median_return": 0.008,
      "compound_return": -0.3758928274421798,
      "max_drawdown": -0.46885180042062125,
      "profit_factor": 0.6586677120619241,
      "windows": 10
    },
    {
      "entry_policy": "vwap_low",
      "feature_group": "reversal_fundamental_regime",
      "model_name": "xgb_d2_200_lr003_mcw5",
      "target_hit_bps": 80.0,
      "trades": 203,
      "win_rate": 0.6896551724137931,
      "avg_return": -0.002159072487207422,
      "median_return": 0.008,
      "compound_return": -0.3800006591639028,
      "max_drawdown": -0.4208003072287113,
      "profit_factor": 0.7153136083687058,
      "windows": 10
    },
    {
      "entry_policy": "vwap_low",
      "feature_group": "reversal_fundamental_regime_sector_external",
      "model_name": "xgb_d4_500_lr002_mcw5",
      "target_hit_bps": 80.0,
      "trades": 201,
      "win_rate": 0.6567164179104478,
      "avg_return": -0.0023708319685663373,
      "median_return": 0.008,
      "compound_return": -0.3958107409460975,
      "max_drawdown": -0.432804312724268,
      "profit_factor": 0.6831351946265317,
      "windows": 10
    },
    {
      "entry_policy": "vwap_low",
      "feature_group": "reversal_fundamental_regime_sector_external",
      "model_name": "xgb_d3_600_lr002_mcw3",
      "target_hit_bps": 80.0,
      "trades": 177,
      "win_rate": 0.672316384180791,
      "avg_return": -0.0026910188048217196,
      "median_return": 0.008,
      "compound_return": -0.3999311488570507,
      "max_drawdown": -0.4080885125744208,
      "profit_factor": 0.6621166107155405,
      "windows": 10
    },
    {
      "entry_policy": "vwap_low",
      "feature_group": "reversal_fundamental_regime_sector",
      "model_name": "random_forest_600_d4",
      "target_hit_bps": 80.0,
      "trades": 238,
      "win_rate": 0.6890756302521008,
      "avg_return": -0.002095789946449408,
      "median_return": 0.008,
      "compound_return": -0.4186891322657359,
      "max_drawdown": -0.4409588036499281,
      "profit_factor": 0.7222400191942719,
      "windows": 10
    },
    {
      "entry_policy": "vwap_low",
      "feature_group": "reversal_fundamental_regime_sector",
      "model_name": "xgb_d2_200_lr003_mcw5",
      "target_hit_bps": 80.0,
      "trades": 208,
      "win_rate": 0.6586538461538461,
      "avg_return": -0.0024546177079113308,
      "median_return": 0.008,
      "compound_return": -0.420723638619509,
      "max_drawdown": -0.4433488046702856,
      "profit_factor": 0.6792153950686353,
      "windows": 10
    },
    {
      "entry_policy": "vwap_low",
      "feature_group": "reversal_fundamental_regime",
      "model_name": "lgbm_leaves7_400",
      "target_hit_bps": 80.0,
      "trades": 205,
      "win_rate": 0.6926829268292682,
      "avg_return": -0.0026242109499326448,
      "median_return": 0.008,
      "compound_return": -0.4409318898976401,
      "max_drawdown": -0.46292136749575175,
      "profit_factor": 0.6741947007732983,
      "windows": 10
    },
    {
      "entry_policy": "vwap_low",
      "feature_group": "reversal_fundamental_regime_sector_external",
      "model_name": "random_forest_600_d4",
      "target_hit_bps": 80.0,
      "trades": 218,
      "win_rate": 0.6651376146788991,
      "avg_return": -0.0026609219008506806,
      "median_return": 0.008,
      "compound_return": -0.45973346803265935,
      "max_drawdown": -0.4904451289411972,
      "profit_factor": 0.6621527269426813,
      "windows": 10
    },
    {
      "entry_policy": "vwap_low",
      "feature_group": "reversal_fundamental_regime",
      "model_name": "xgb_d3_400_lr003_mcw3",
      "target_hit_bps": 80.0,
      "trades": 213,
      "win_rate": 0.6948356807511737,
      "avg_return": -0.0026914393866894685,
      "median_return": 0.008,
      "compound_return": -0.46230764664995994,
      "max_drawdown": -0.5105605968386224,
      "profit_factor": 0.6677008460654833,
      "windows": 10
    }
  ]
}

[2026-05-17T21:35:44] RUN search_vwap_low_close_profit_50bps
  /usr/bin/python3 model_training/search_walk_forward_model_complexity.py --samples /root/stock_realtime_v021_full/saved_data/002460_pipeline_out_v2_new27_full/04_external/zijin_external/training_samples_with_zijin_external.csv --intraday-bars /root/stock_realtime_v021_full/saved_data/002460_pipeline_out_v2_new27_full/00_base/002460_5m.csv --out-dir /root/stock_realtime_v021_full/saved_data/002460_pipeline_out_v2_new27_full/10_search/search_vwap_low_close_profit_50bps --round-trip-cost-bps 1.7 --target-hit-bps 50.0 --label-mode close_profit --entry-policy vwap_low --entry-vwap-premium-bps 50.0 --max-missing 0.35 --groups reversal_fundamental_regime,reversal_fundamental_regime_sector,reversal_fundamental_regime_sector_external,all_no_ak --models xgb_d2_200_lr003_mcw5,xgb_d3_400_lr003_mcw3,xgb_d3_600_lr002_mcw3,xgb_d4_500_lr002_mcw5,lgbm_leaves7_400,lgbm_leaves15_700,extra_trees_600_d3,random_forest_600_d4 --quantiles 0.5,0.6,0.7,0.8 --train-rows 756 --valid-rows 126 --test-rows 63 --min-valid-trades 8 --min-train-entries 80
{
  "rows": 1539,
  "target_hit_bps": 50.0,
  "label_mode": "close_profit",
  "entry_policy": "vwap_low",
  "entry_vwap_premium_bps": 50.0,
  "groups": {
    "reversal_fundamental_regime": 137,
    "reversal_fundamental_regime_sector": 160,
    "reversal_fundamental_regime_sector_external": 371,
    "all_no_ak": 426
  },
  "models": [
    "xgb_d2_200_lr003_mcw5",
    "xgb_d3_400_lr003_mcw3",
    "xgb_d3_600_lr002_mcw3",
    "xgb_d4_500_lr002_mcw5",
    "extra_trees_600_d3",
    "random_forest_600_d4",
    "lgbm_leaves7_400",
    "lgbm_leaves15_700"
  ],
  "top": [
    {
      "entry_policy": "vwap_low",
      "feature_group": "all_no_ak",
      "model_name": "xgb_d4_500_lr002_mcw5",
      "target_hit_bps": 50.0,
      "trades": 177,
      "win_rate": 0.5310734463276836,
      "avg_return": 0.004949448778635014,
      "median_return": 0.0015174077198902881,
      "compound_return": 1.1811482034082732,
      "max_drawdown": -0.25681020432862656,
      "profit_factor": 1.4977523529022427,
      "windows": 10
    },
    {
      "entry_policy": "vwap_low",
      "feature_group": "all_no_ak",
      "model_name": "lgbm_leaves7_400",
      "target_hit_bps": 50.0,
      "trades": 202,
      "win_rate": 0.5148514851485149,
      "avg_return": 0.004035587239176849,
      "median_return": 0.00038778706012410416,
      "compound_return": 1.0218589280014907,
      "max_drawdown": -0.2445079653856388,
      "profit_factor": 1.3817166209611498,
      "windows": 10
    },
    {
      "entry_policy": "vwap_low",
      "feature_group": "reversal_fundamental_regime",
      "model_name": "xgb_d2_200_lr003_mcw5",
      "target_hit_bps": 50.0,
      "trades": 173,
      "win_rate": 0.5260115606936416,
      "avg_return": 0.004443435366787714,
      "median_return": 0.0020491400832176633,
      "compound_return": 0.9564747814443226,
      "max_drawdown": -0.20656908791768236,
      "profit_factor": 1.4291214503339156,
      "windows": 10
    },
    {
      "entry_policy": "vwap_low",
      "feature_group": "reversal_fundamental_regime_sector",
      "model_name": "lgbm_leaves15_700",
      "target_hit_bps": 50.0,
      "trades": 210,
      "win_rate": 0.5047619047619047,
      "avg_return": 0.0035618322125041055,
      "median_return": 0.00013777373245904906,
      "compound_return": 0.8980762770509341,
      "max_drawdown": -0.21222194260940663,
      "profit_factor": 1.3508004638305147,
      "windows": 10
    },
    {
      "entry_policy": "vwap_low",
      "feature_group": "all_no_ak",
      "model_name": "xgb_d3_400_lr003_mcw3",
      "target_hit_bps": 50.0,
      "trades": 192,
      "win_rate": 0.5416666666666666,
      "avg_return": 0.0037816067738698244,
      "median_return": 0.0018188044652126568,
      "compound_return": 0.8928121264184381,
      "max_drawdown": -0.19327996282834603,
      "profit_factor": 1.4054347426297231,
      "windows": 10
    },
    {
      "entry_policy": "vwap_low",
      "feature_group": "all_no_ak",
      "model_name": "lgbm_leaves15_700",
      "target_hit_bps": 50.0,
      "trades": 188,
      "win_rate": 0.5,
      "avg_return": 0.003835195240179684,
      "median_return": -1.866828087171074e-05,
      "compound_return": 0.8653329071305329,
      "max_drawdown": -0.22575393611463146,
      "profit_factor": 1.3799400457297364,
      "windows": 10
    },
    {
      "entry_policy": "vwap_low",
      "feature_group": "reversal_fundamental_regime_sector_external",
      "model_name": "xgb_d4_500_lr002_mcw5",
      "target_hit_bps": 50.0,
      "trades": 185,
      "win_rate": 0.5297297297297298,
      "avg_return": 0.0036094937661848778,
      "median_return": 0.001989827213822796,
      "compound_return": 0.7918288227899062,
      "max_drawdown": -0.25681020432862656,
      "profit_factor": 1.3751271614085583,
      "windows": 10
    },
    {
      "entry_policy": "vwap_low",
      "feature_group": "reversal_fundamental_regime",
      "model_name": "xgb_d3_600_lr002_mcw3",
      "target_hit_bps": 50.0,
      "trades": 228,
      "win_rate": 0.5482456140350878,
      "avg_return": 0.00301232825957423,
      "median_return": 0.002925986001968809,
      "compound_return": 0.7866209240034201,
      "max_drawdown": -0.20656908791768225,
      "profit_factor": 1.3064975940120755,
      "windows": 10
    },
    {
      "entry_policy": "vwap_low",
      "feature_group": "reversal_fundamental_regime",
      "model_name": "xgb_d4_500_lr002_mcw5",
      "target_hit_bps": 50.0,
      "trades": 188,
      "win_rate": 0.5531914893617021,
      "avg_return": 0.003384054829477574,
      "median_return": 0.0027573061586099214,
      "compound_return": 0.7406431943227247,
      "max_drawdown": -0.20656908791768214,
      "profit_factor": 1.3670464473872703,
      "windows": 10
    },
    {
      "entry_policy": "vwap_low",
      "feature_group": "reversal_fundamental_regime_sector_external",
      "model_name": "lgbm_leaves15_700",
      "target_hit_bps": 50.0,
      "trades": 183,
      "win_rate": 0.4918032786885246,
      "avg_return": 0.0034542611942055637,
      "median_return": -0.0009221624670929761,
      "compound_return": 0.6917243162554076,
      "max_drawdown": -0.2622849101725593,
      "profit_factor": 1.3100411698746015,
      "windows": 10
    },
    {
      "entry_policy": "vwap_low",
      "feature_group": "all_no_ak",
      "model_name": "xgb_d3_600_lr002_mcw3",
      "target_hit_bps": 50.0,
      "trades": 154,
      "win_rate": 0.5064935064935064,
      "avg_return": 0.003878323899031906,
      "median_return": 0.00011495010501816688,
      "compound_return": 0.6817008967770908,
      "max_drawdown": -0.1932799628283458,
      "profit_factor": 1.396974599132381,
      "windows": 10
    },
    {
      "entry_policy": "vwap_low",
      "feature_group": "reversal_fundamental_regime_sector_external",
      "model_name": "lgbm_leaves7_400",
      "target_hit_bps": 50.0,
      "trades": 191,
      "win_rate": 0.518324607329843,
      "avg_return": 0.0030933391616738107,
      "median_return": 0.0005972634271098655,
      "compound_return": 0.6427135877591539,
      "max_drawdown": -0.2622849101725595,
      "profit_factor": 1.3002530802652588,
      "windows": 10
    },
    {
      "entry_policy": "vwap_low",
      "feature_group": "reversal_fundamental_regime_sector_external",
      "model_name": "xgb_d3_600_lr002_mcw3",
      "target_hit_bps": 50.0,
      "trades": 159,
      "win_rate": 0.5031446540880503,
      "avg_return": 0.0036376708139770914,
      "median_return": 9.723677177975526e-05,
      "compound_return": 0.6314700490210927,
      "max_drawdown": -0.2568102043286268,
      "profit_factor": 1.3374369483901083,
      "windows": 10
    },
    {
      "entry_policy": "vwap_low",
      "feature_group": "reversal_fundamental_regime_sector",
      "model_name": "xgb_d3_400_lr003_mcw3",
      "target_hit_bps": 50.0,
      "trades": 171,
      "win_rate": 0.5263157894736842,
      "avg_return": 0.0033023058437641212,
      "median_return": 0.0015174077198902881,
      "compound_return": 0.6159983260120019,
      "max_drawdown": -0.20656908791768236,
      "profit_factor": 1.3333550154357323,
      "windows": 10
    },
    {
      "entry_policy": "vwap_low",
      "feature_group": "reversal_fundamental_regime",
      "model_name": "extra_trees_600_d3",
      "target_hit_bps": 50.0,
      "trades": 276,
      "win_rate": 0.4891304347826087,
      "avg_return": 0.002155887582849861,
      "median_return": -0.0008285775635253866,
      "compound_return": 0.582595703198227,
      "max_drawdown": -0.23749712843321746,
      "profit_factor": 1.208535634525038,
      "windows": 10
    },
    {
      "entry_policy": "vwap_low",
      "feature_group": "reversal_fundamental_regime_sector",
      "model_name": "lgbm_leaves7_400",
      "target_hit_bps": 50.0,
      "trades": 205,
      "win_rate": 0.4975609756097561,
      "avg_return": 0.0026245756638801406,
      "median_return": -0.00016999999999999999,
      "compound_return": 0.5495019900114084,
      "max_drawdown": -0.32695003606855744,
      "profit_factor": 1.2532009124560752,
      "windows": 10
    },
    {
      "entry_policy": "vwap_low",
      "feature_group": "all_no_ak",
      "model_name": "xgb_d2_200_lr003_mcw5",
      "target_hit_bps": 50.0,
      "trades": 164,
      "win_rate": 0.5304878048780488,
      "avg_return": 0.003119495404468998,
      "median_return": 0.0014840766314200317,
      "compound_return": 0.5455622126457411,
      "max_drawdown": -0.25135531500598285,
      "profit_factor": 1.3188411542321536,
      "windows": 10
    },
    {
      "entry_policy": "vwap_low",
      "feature_group": "reversal_fundamental_regime_sector_external",
      "model_name": "xgb_d2_200_lr003_mcw5",
      "target_hit_bps": 50.0,
      "trades": 145,
      "win_rate": 0.5103448275862069,
      "avg_return": 0.0035309306890405254,
      "median_return": 0.00017831069313834286,
      "compound_return": 0.5421976584698163,
      "max_drawdown": -0.23374297496517482,
      "profit_factor": 1.3377850242821072,
      "windows": 10
    },
    {
      "entry_policy": "vwap_low",
      "feature_group": "reversal_fundamental_regime_sector_external",
      "model_name": "xgb_d3_400_lr003_mcw3",
      "target_hit_bps": 50.0,
      "trades": 157,
      "win_rate": 0.5095541401273885,
      "avg_return": 0.0031277784067546477,
      "median_return": 0.00017831069313834286,
      "compound_return": 0.5139095156646913,
      "max_drawdown": -0.20656908791768225,
      "profit_factor": 1.3046205923630443,
      "windows": 10
    },
    {
      "entry_policy": "vwap_low",
      "feature_group": "reversal_fundamental_regime_sector",
      "model_name": "xgb_d4_500_lr002_mcw5",
      "target_hit_bps": 50.0,
      "trades": 168,
      "win_rate": 0.5238095238095238,
      "avg_return": 0.0026963007299564464,
      "median_return": 0.001096287819816747,
      "compound_return": 0.4589361610574114,
      "max_drawdown": -0.20656908791768225,
      "profit_factor": 1.2702789335644744,
      "windows": 10
    }
  ]
}

[2026-05-17T21:54:57] RUN search_all_days_hit_50bps
  /usr/bin/python3 model_training/search_walk_forward_model_complexity.py --samples /root/stock_realtime_v021_full/saved_data/002460_pipeline_out_v2_new27_full/04_external/zijin_external/training_samples_with_zijin_external.csv --intraday-bars /root/stock_realtime_v021_full/saved_data/002460_pipeline_out_v2_new27_full/00_base/002460_5m.csv --out-dir /root/stock_realtime_v021_full/saved_data/002460_pipeline_out_v2_new27_full/10_search/search_all_days_hit_50bps --round-trip-cost-bps 1.7 --target-hit-bps 50.0 --label-mode hit --entry-policy all_days --entry-vwap-premium-bps 50.0 --max-missing 0.35 --groups reversal_fundamental_regime,reversal_fundamental_regime_sector,reversal_fundamental_regime_sector_external,all_no_ak --models xgb_d2_200_lr003_mcw5,xgb_d3_400_lr003_mcw3,xgb_d3_600_lr002_mcw3,xgb_d4_500_lr002_mcw5,lgbm_leaves7_400,lgbm_leaves15_700,extra_trees_600_d3,random_forest_600_d4 --quantiles 0.5,0.6,0.7,0.8 --train-rows 756 --valid-rows 126 --test-rows 63 --min-valid-trades 8 --min-train-entries 80
{
  "rows": 1539,
  "target_hit_bps": 50.0,
  "label_mode": "hit",
  "entry_policy": "all_days",
  "entry_vwap_premium_bps": 50.0,
  "groups": {
    "reversal_fundamental_regime": 137,
    "reversal_fundamental_regime_sector": 160,
    "reversal_fundamental_regime_sector_external": 371,
    "all_no_ak": 426
  },
  "models": [
    "xgb_d2_200_lr003_mcw5",
    "xgb_d3_400_lr003_mcw3",
    "xgb_d3_600_lr002_mcw3",
    "xgb_d4_500_lr002_mcw5",
    "extra_trees_600_d3",
    "random_forest_600_d4",
    "lgbm_leaves7_400",
    "lgbm_leaves15_700"
  ],
  "top": [
    {
      "entry_policy": "all_days",
      "feature_group": "reversal_fundamental_regime_sector",
      "model_name": "lgbm_leaves15_700",
      "target_hit_bps": 50.0,
      "trades": 201,
      "win_rate": 0.746268656716418,
      "avg_return": -0.001791791078122364,
      "median_return": 0.005,
      "compound_return": -0.3181660611191911,
      "max_drawdown": -0.33333059582274727,
      "profit_factor": 0.672890746094338,
      "windows": 10
    },
    {
      "entry_policy": "all_days",
      "feature_group": "reversal_fundamental_regime_sector_external",
      "model_name": "lgbm_leaves15_700",
      "target_hit_bps": 50.0,
      "trades": 216,
      "win_rate": 0.7824074074074074,
      "avg_return": -0.0017088816259228337,
      "median_return": 0.005,
      "compound_return": -0.3261550973324624,
      "max_drawdown": -0.35111692192849775,
      "profit_factor": 0.6922460433137949,
      "windows": 10
    },
    {
      "entry_policy": "all_days",
      "feature_group": "reversal_fundamental_regime_sector",
      "model_name": "xgb_d4_500_lr002_mcw5",
      "target_hit_bps": 50.0,
      "trades": 199,
      "win_rate": 0.7487437185929648,
      "avg_return": -0.001986340658671599,
      "median_return": 0.005,
      "compound_return": -0.343010962516889,
      "max_drawdown": -0.3655524995967715,
      "profit_factor": 0.6496316582913398,
      "windows": 10
    },
    {
      "entry_policy": "all_days",
      "feature_group": "reversal_fundamental_regime_sector_external",
      "model_name": "random_forest_600_d4",
      "target_hit_bps": 50.0,
      "trades": 246,
      "win_rate": 0.7601626016260162,
      "avg_return": -0.0017221038044421036,
      "median_return": 0.005,
      "compound_return": -0.36244814007752757,
      "max_drawdown": -0.47429041270145844,
      "profit_factor": 0.6860771825222033,
      "windows": 10
    },
    {
      "entry_policy": "all_days",
      "feature_group": "reversal_fundamental_regime_sector",
      "model_name": "xgb_d3_400_lr003_mcw3",
      "target_hit_bps": 50.0,
      "trades": 189,
      "win_rate": 0.7407407407407407,
      "avg_return": -0.00253639505488162,
      "median_return": 0.005,
      "compound_return": -0.3958971206380546,
      "max_drawdown": -0.41755258261847394,
      "profit_factor": 0.5903576127196476,
      "windows": 10
    },
    {
      "entry_policy": "all_days",
      "feature_group": "reversal_fundamental_regime_sector",
      "model_name": "xgb_d3_600_lr002_mcw3",
      "target_hit_bps": 50.0,
      "trades": 186,
      "win_rate": 0.7258064516129032,
      "avg_return": -0.002681578359220509,
      "median_return": 0.005,
      "compound_return": -0.40677352201414474,
      "max_drawdown": -0.4395557011198148,
      "profit_factor": 0.5706449815678538,
      "windows": 10
    },
    {
      "entry_policy": "all_days",
      "feature_group": "reversal_fundamental_regime",
      "model_name": "xgb_d2_200_lr003_mcw5",
      "target_hit_bps": 50.0,
      "trades": 210,
      "win_rate": 0.7714285714285715,
      "avg_return": -0.0023747582011894035,
      "median_return": 0.005,
      "compound_return": -0.4126687860536721,
      "max_drawdown": -0.42427003311129385,
      "profit_factor": 0.6166584692358308,
      "windows": 10
    },
    {
      "entry_policy": "all_days",
      "feature_group": "reversal_fundamental_regime_sector",
      "model_name": "lgbm_leaves7_400",
      "target_hit_bps": 50.0,
      "trades": 191,
      "win_rate": 0.7277486910994765,
      "avg_return": -0.002659013770769821,
      "median_return": 0.005,
      "compound_return": -0.41295106088966094,
      "max_drawdown": -0.4274096839002095,
      "profit_factor": 0.5749422808819149,
      "windows": 10
    },
    {
      "entry_policy": "all_days",
      "feature_group": "reversal_fundamental_regime",
      "model_name": "xgb_d3_600_lr002_mcw3",
      "target_hit_bps": 50.0,
      "trades": 203,
      "win_rate": 0.7684729064039408,
      "avg_return": -0.0025049578659116184,
      "median_return": 0.005,
      "compound_return": -0.4187486670440581,
      "max_drawdown": -0.4423730971165931,
      "profit_factor": 0.6026157204053153,
      "windows": 10
    },
    {
      "entry_policy": "all_days",
      "feature_group": "reversal_fundamental_regime_sector",
      "model_name": "xgb_d2_200_lr003_mcw5",
      "target_hit_bps": 50.0,
      "trades": 233,
      "win_rate": 0.7339055793991416,
      "avg_return": -0.002299445207795604,
      "median_return": 0.005,
      "compound_return": -0.43132996465397,
      "max_drawdown": -0.45357337719069657,
      "profit_factor": 0.6116978847502837,
      "windows": 10
    },
    {
      "entry_policy": "all_days",
      "feature_group": "all_no_ak",
      "model_name": "lgbm_leaves15_700",
      "target_hit_bps": 50.0,
      "trades": 181,
      "win_rate": 0.7237569060773481,
      "avg_return": -0.003050274362292389,
      "median_return": 0.005,
      "compound_return": -0.4376757784380607,
      "max_drawdown": -0.44136752449742545,
      "profit_factor": 0.5393591216165113,
      "windows": 10
    },
    {
      "entry_policy": "all_days",
      "feature_group": "reversal_fundamental_regime",
      "model_name": "xgb_d4_500_lr002_mcw5",
      "target_hit_bps": 50.0,
      "trades": 226,
      "win_rate": 0.7566371681415929,
      "avg_return": -0.0024332483273240566,
      "median_return": 0.005,
      "compound_return": -0.4419629026535825,
      "max_drawdown": -0.4664581193905111,
      "profit_factor": 0.6060904768805612,
      "windows": 10
    },
    {
      "entry_policy": "all_days",
      "feature_group": "reversal_fundamental_regime_sector_external",
      "model_name": "xgb_d3_400_lr003_mcw3",
      "target_hit_bps": 50.0,
      "trades": 177,
      "win_rate": 0.7344632768361582,
      "avg_return": -0.0033006414531981535,
      "median_return": 0.005,
      "compound_return": -0.45771163454193686,
      "max_drawdown": -0.461268368652894,
      "profit_factor": 0.5233480695538139,
      "windows": 10
    },
    {
      "entry_policy": "all_days",
      "feature_group": "reversal_fundamental_regime",
      "model_name": "lgbm_leaves7_400",
      "target_hit_bps": 50.0,
      "trades": 212,
      "win_rate": 0.7264150943396226,
      "avg_return": -0.0028432905850366216,
      "median_return": 0.005,
      "compound_return": -0.4704705931528639,
      "max_drawdown": -0.4835125485274959,
      "profit_factor": 0.5590043255133937,
      "windows": 10
    },
    {
      "entry_policy": "all_days",
      "feature_group": "reversal_fundamental_regime",
      "model_name": "lgbm_leaves15_700",
      "target_hit_bps": 50.0,
      "trades": 249,
      "win_rate": 0.751004016064257,
      "avg_return": -0.002439553066226962,
      "median_return": 0.005,
      "compound_return": -0.4747727811853215,
      "max_drawdown": -0.4978277978180472,
      "profit_factor": 0.6039005589949334,
      "windows": 10
    },
    {
      "entry_policy": "all_days",
      "feature_group": "all_no_ak",
      "model_name": "xgb_d2_200_lr003_mcw5",
      "target_hit_bps": 50.0,
      "trades": 203,
      "win_rate": 0.7241379310344828,
      "avg_return": -0.0031129348722015423,
      "median_return": 0.005,
      "compound_return": -0.4830798721346917,
      "max_drawdown": -0.4920373565104844,
      "profit_factor": 0.5360664549705062,
      "windows": 10
    },
    {
      "entry_policy": "all_days",
      "feature_group": "all_no_ak",
      "model_name": "lgbm_leaves7_400",
      "target_hit_bps": 50.0,
      "trades": 198,
      "win_rate": 0.7525252525252525,
      "avg_return": -0.0032545264871099325,
      "median_return": 0.005,
      "compound_return": -0.492212605057445,
      "max_drawdown": -0.5089930545289998,
      "profit_factor": 0.531236502482152,
      "windows": 10
    },
    {
      "entry_policy": "all_days",
      "feature_group": "reversal_fundamental_regime",
      "model_name": "xgb_d3_400_lr003_mcw3",
      "target_hit_bps": 50.0,
      "trades": 203,
      "win_rate": 0.7339901477832512,
      "avg_return": -0.0031704505905940246,
      "median_return": 0.005,
      "compound_return": -0.4923796473201887,
      "max_drawdown": -0.5073314476930505,
      "profit_factor": 0.5335305371142394,
      "windows": 10
    },
    {
      "entry_policy": "all_days",
      "feature_group": "reversal_fundamental_regime_sector_external",
      "model_name": "lgbm_leaves7_400",
      "target_hit_bps": 50.0,
      "trades": 214,
      "win_rate": 0.7336448598130841,
      "avg_return": -0.003079560759343627,
      "median_return": 0.005,
      "compound_return": -0.49829033443064297,
      "max_drawdown": -0.5102178106733215,
      "profit_factor": 0.5408998092801607,
      "windows": 10
    },
    {
      "entry_policy": "all_days",
      "feature_group": "reversal_fundamental_regime_sector_external",
      "model_name": "xgb_d3_600_lr002_mcw3",
      "target_hit_bps": 50.0,
      "trades": 206,
      "win_rate": 0.7233009708737864,
      "avg_return": -0.0032384510937257167,
      "median_return": 0.005,
      "compound_return": -0.5022333948387312,
      "max_drawdown": -0.509195653073399,
      "profit_factor": 0.5246964272881645,
      "windows": 10
    }
  ]
}

[2026-05-17T22:13:19] RUN search_all_days_hit_80bps
  /usr/bin/python3 model_training/search_walk_forward_model_complexity.py --samples /root/stock_realtime_v021_full/saved_data/002460_pipeline_out_v2_new27_full/04_external/zijin_external/training_samples_with_zijin_external.csv --intraday-bars /root/stock_realtime_v021_full/saved_data/002460_pipeline_out_v2_new27_full/00_base/002460_5m.csv --out-dir /root/stock_realtime_v021_full/saved_data/002460_pipeline_out_v2_new27_full/10_search/search_all_days_hit_80bps --round-trip-cost-bps 1.7 --target-hit-bps 80.0 --label-mode hit --entry-policy all_days --entry-vwap-premium-bps 50.0 --max-missing 0.35 --groups reversal_fundamental_regime,reversal_fundamental_regime_sector,reversal_fundamental_regime_sector_external,all_no_ak --models xgb_d2_200_lr003_mcw5,xgb_d3_400_lr003_mcw3,xgb_d3_600_lr002_mcw3,xgb_d4_500_lr002_mcw5,lgbm_leaves7_400,lgbm_leaves15_700,extra_trees_600_d3,random_forest_600_d4 --quantiles 0.5,0.6,0.7,0.8 --train-rows 756 --valid-rows 126 --test-rows 63 --min-valid-trades 8 --min-train-entries 80
{
  "rows": 1539,
  "target_hit_bps": 80.0,
  "label_mode": "hit",
  "entry_policy": "all_days",
  "entry_vwap_premium_bps": 50.0,
  "groups": {
    "reversal_fundamental_regime": 137,
    "reversal_fundamental_regime_sector": 160,
    "reversal_fundamental_regime_sector_external": 371,
    "all_no_ak": 426
  },
  "models": [
    "xgb_d2_200_lr003_mcw5",
    "xgb_d3_400_lr003_mcw3",
    "xgb_d3_600_lr002_mcw3",
    "xgb_d4_500_lr002_mcw5",
    "extra_trees_600_d3",
    "random_forest_600_d4",
    "lgbm_leaves7_400",
    "lgbm_leaves15_700"
  ],
  "top": [
    {
      "entry_policy": "all_days",
      "feature_group": "all_no_ak",
      "model_name": "lgbm_leaves7_400",
      "target_hit_bps": 80.0,
      "trades": 241,
      "win_rate": 0.7344398340248963,
      "avg_return": -0.0005561989537986901,
      "median_return": 0.008,
      "compound_return": -0.15716431761500282,
      "max_drawdown": -0.28479656465859404,
      "profit_factor": 0.9126109718222369,
      "windows": 10
    },
    {
      "entry_policy": "all_days",
      "feature_group": "reversal_fundamental_regime_sector",
      "model_name": "lgbm_leaves7_400",
      "target_hit_bps": 80.0,
      "trades": 203,
      "win_rate": 0.6995073891625616,
      "avg_return": -0.0011863646611523712,
      "median_return": 0.008,
      "compound_return": -0.23601692051355194,
      "max_drawdown": -0.3374033734614913,
      "profit_factor": 0.8221329477018723,
      "windows": 10
    },
    {
      "entry_policy": "all_days",
      "feature_group": "reversal_fundamental_regime_sector_external",
      "model_name": "lgbm_leaves15_700",
      "target_hit_bps": 80.0,
      "trades": 216,
      "win_rate": 0.6990740740740741,
      "avg_return": -0.0012127308617504984,
      "median_return": 0.008,
      "compound_return": -0.2519239847977297,
      "max_drawdown": -0.3827068217459729,
      "profit_factor": 0.8189989169719174,
      "windows": 10
    },
    {
      "entry_policy": "all_days",
      "feature_group": "reversal_fundamental_regime",
      "model_name": "random_forest_600_d4",
      "target_hit_bps": 80.0,
      "trades": 289,
      "win_rate": 0.740484429065744,
      "avg_return": -0.0008541728414133967,
      "median_return": 0.008,
      "compound_return": -0.25661875246942967,
      "max_drawdown": -0.39382340679914496,
      "profit_factor": 0.8730064143711413,
      "windows": 10
    },
    {
      "entry_policy": "all_days",
      "feature_group": "reversal_fundamental_regime_sector_external",
      "model_name": "xgb_d3_600_lr002_mcw3",
      "target_hit_bps": 80.0,
      "trades": 195,
      "win_rate": 0.7025641025641025,
      "avg_return": -0.0014087167642389473,
      "median_return": 0.008,
      "compound_return": -0.2623115768095191,
      "max_drawdown": -0.2870347749797718,
      "profit_factor": 0.797986052930512,
      "windows": 10
    },
    {
      "entry_policy": "all_days",
      "feature_group": "all_no_ak",
      "model_name": "lgbm_leaves15_700",
      "target_hit_bps": 80.0,
      "trades": 194,
      "win_rate": 0.711340206185567,
      "avg_return": -0.0015347266037797386,
      "median_return": 0.008,
      "compound_return": -0.28080188497540404,
      "max_drawdown": -0.2824044189553091,
      "profit_factor": 0.7859305983597457,
      "windows": 10
    },
    {
      "entry_policy": "all_days",
      "feature_group": "reversal_fundamental_regime",
      "model_name": "lgbm_leaves7_400",
      "target_hit_bps": 80.0,
      "trades": 247,
      "win_rate": 0.728744939271255,
      "avg_return": -0.0012275937541747551,
      "median_return": 0.008,
      "compound_return": -0.2944675960161298,
      "max_drawdown": -0.3787523304325945,
      "profit_factor": 0.8237561512953571,
      "windows": 10
    },
    {
      "entry_policy": "all_days",
      "feature_group": "all_no_ak",
      "model_name": "xgb_d3_600_lr002_mcw3",
      "target_hit_bps": 80.0,
      "trades": 187,
      "win_rate": 0.7272727272727273,
      "avg_return": -0.0017012123489116963,
      "median_return": 0.008,
      "compound_return": -0.298054413393112,
      "max_drawdown": -0.3382334540617292,
      "profit_factor": 0.7719902466291368,
      "windows": 10
    },
    {
      "entry_policy": "all_days",
      "feature_group": "reversal_fundamental_regime",
      "model_name": "xgb_d2_200_lr003_mcw5",
      "target_hit_bps": 80.0,
      "trades": 196,
      "win_rate": 0.6836734693877551,
      "avg_return": -0.0018622032016340794,
      "median_return": 0.008,
      "compound_return": -0.326591457323402,
      "max_drawdown": -0.35289320397462076,
      "profit_factor": 0.7426481333614134,
      "windows": 10
    },
    {
      "entry_policy": "all_days",
      "feature_group": "reversal_fundamental_regime_sector",
      "model_name": "lgbm_leaves15_700",
      "target_hit_bps": 80.0,
      "trades": 203,
      "win_rate": 0.6995073891625616,
      "avg_return": -0.0017935107216032755,
      "median_return": 0.008,
      "compound_return": -0.32737410135830036,
      "max_drawdown": -0.3850815733709281,
      "profit_factor": 0.7533769413735903,
      "windows": 10
    },
    {
      "entry_policy": "all_days",
      "feature_group": "reversal_fundamental_regime",
      "model_name": "xgb_d3_600_lr002_mcw3",
      "target_hit_bps": 80.0,
      "trades": 257,
      "win_rate": 0.708171206225681,
      "avg_return": -0.0013777287876555056,
      "median_return": 0.008,
      "compound_return": -0.32951156305396256,
      "max_drawdown": -0.37946930574854365,
      "profit_factor": 0.8008549500575474,
      "windows": 10
    },
    {
      "entry_policy": "all_days",
      "feature_group": "all_no_ak",
      "model_name": "xgb_d4_500_lr002_mcw5",
      "target_hit_bps": 80.0,
      "trades": 190,
      "win_rate": 0.7052631578947368,
      "avg_return": -0.0019519052048965985,
      "median_return": 0.008,
      "compound_return": -0.33438682338626613,
      "max_drawdown": -0.3396694676451053,
      "profit_factor": 0.740617473720324,
      "windows": 10
    },
    {
      "entry_policy": "all_days",
      "feature_group": "all_no_ak",
      "model_name": "xgb_d3_400_lr003_mcw3",
      "target_hit_bps": 80.0,
      "trades": 190,
      "win_rate": 0.7210526315789474,
      "avg_return": -0.0019800601828018783,
      "median_return": 0.008,
      "compound_return": -0.33910511647116104,
      "max_drawdown": -0.3524518239977541,
      "profit_factor": 0.7439239212077716,
      "windows": 10
    },
    {
      "entry_policy": "all_days",
      "feature_group": "reversal_fundamental_regime_sector",
      "model_name": "random_forest_600_d4",
      "target_hit_bps": 80.0,
      "trades": 275,
      "win_rate": 0.72,
      "avg_return": -0.001535136574413199,
      "median_return": 0.008,
      "compound_return": -0.3756920958241392,
      "max_drawdown": -0.4290832499422327,
      "profit_factor": 0.787548546153634,
      "windows": 10
    },
    {
      "entry_policy": "all_days",
      "feature_group": "reversal_fundamental_regime_sector",
      "model_name": "xgb_d3_400_lr003_mcw3",
      "target_hit_bps": 80.0,
      "trades": 228,
      "win_rate": 0.6885964912280702,
      "avg_return": -0.00191603891832427,
      "median_return": 0.008,
      "compound_return": -0.3765125808659294,
      "max_drawdown": -0.41033687482038517,
      "profit_factor": 0.7369113772652699,
      "windows": 10
    },
    {
      "entry_policy": "all_days",
      "feature_group": "reversal_fundamental_regime_sector_external",
      "model_name": "random_forest_600_d4",
      "target_hit_bps": 80.0,
      "trades": 205,
      "win_rate": 0.6926829268292682,
      "avg_return": -0.0021620921049604527,
      "median_return": 0.008,
      "compound_return": -0.3785133963462053,
      "max_drawdown": -0.48636868997272664,
      "profit_factor": 0.7153564379330268,
      "windows": 10
    },
    {
      "entry_policy": "all_days",
      "feature_group": "all_no_ak",
      "model_name": "xgb_d2_200_lr003_mcw5",
      "target_hit_bps": 80.0,
      "trades": 248,
      "win_rate": 0.7016129032258065,
      "avg_return": -0.001796908454987132,
      "median_return": 0.008,
      "compound_return": -0.38662601721901735,
      "max_drawdown": -0.39231213252499697,
      "profit_factor": 0.7561954390003618,
      "windows": 10
    },
    {
      "entry_policy": "all_days",
      "feature_group": "reversal_fundamental_regime",
      "model_name": "lgbm_leaves15_700",
      "target_hit_bps": 80.0,
      "trades": 264,
      "win_rate": 0.7083333333333334,
      "avg_return": -0.0017860832297277804,
      "median_return": 0.008,
      "compound_return": -0.40604544252848573,
      "max_drawdown": -0.43712330042647807,
      "profit_factor": 0.756371667257385,
      "windows": 10
    },
    {
      "entry_policy": "all_days",
      "feature_group": "reversal_fundamental_regime_sector",
      "model_name": "xgb_d4_500_lr002_mcw5",
      "target_hit_bps": 80.0,
      "trades": 208,
      "win_rate": 0.6923076923076923,
      "avg_return": -0.002349159701115776,
      "median_return": 0.008,
      "compound_return": -0.412332008528318,
      "max_drawdown": -0.46821218024449673,
      "profit_factor": 0.6965190187349052,
      "windows": 10
    },
    {
      "entry_policy": "all_days",
      "feature_group": "reversal_fundamental_regime_sector",
      "model_name": "xgb_d2_200_lr003_mcw5",
      "target_hit_bps": 80.0,
      "trades": 226,
      "win_rate": 0.6814159292035398,
      "avg_return": -0.0021888484841705437,
      "median_return": 0.008,
      "compound_return": -0.41478475610759014,
      "max_drawdown": -0.4823375271665158,
      "profit_factor": 0.7108355977384959,
      "windows": 10
    }
  ]
}

[2026-05-17T22:31:40] RUN search_all_days_close_profit_50bps
  /usr/bin/python3 model_training/search_walk_forward_model_complexity.py --samples /root/stock_realtime_v021_full/saved_data/002460_pipeline_out_v2_new27_full/04_external/zijin_external/training_samples_with_zijin_external.csv --intraday-bars /root/stock_realtime_v021_full/saved_data/002460_pipeline_out_v2_new27_full/00_base/002460_5m.csv --out-dir /root/stock_realtime_v021_full/saved_data/002460_pipeline_out_v2_new27_full/10_search/search_all_days_close_profit_50bps --round-trip-cost-bps 1.7 --target-hit-bps 50.0 --label-mode close_profit --entry-policy all_days --entry-vwap-premium-bps 50.0 --max-missing 0.35 --groups reversal_fundamental_regime,reversal_fundamental_regime_sector,reversal_fundamental_regime_sector_external,all_no_ak --models xgb_d2_200_lr003_mcw5,xgb_d3_400_lr003_mcw3,xgb_d3_600_lr002_mcw3,xgb_d4_500_lr002_mcw5,lgbm_leaves7_400,lgbm_leaves15_700,extra_trees_600_d3,random_forest_600_d4 --quantiles 0.5,0.6,0.7,0.8 --train-rows 756 --valid-rows 126 --test-rows 63 --min-valid-trades 8 --min-train-entries 80
{
  "rows": 1539,
  "target_hit_bps": 50.0,
  "label_mode": "close_profit",
  "entry_policy": "all_days",
  "entry_vwap_premium_bps": 50.0,
  "groups": {
    "reversal_fundamental_regime": 137,
    "reversal_fundamental_regime_sector": 160,
    "reversal_fundamental_regime_sector_external": 371,
    "all_no_ak": 426
  },
  "models": [
    "xgb_d2_200_lr003_mcw5",
    "xgb_d3_400_lr003_mcw3",
    "xgb_d3_600_lr002_mcw3",
    "xgb_d4_500_lr002_mcw5",
    "extra_trees_600_d3",
    "random_forest_600_d4",
    "lgbm_leaves7_400",
    "lgbm_leaves15_700"
  ],
  "top": [
    {
      "entry_policy": "all_days",
      "feature_group": "all_no_ak",
      "model_name": "xgb_d3_600_lr002_mcw3",
      "target_hit_bps": 50.0,
      "trades": 176,
      "win_rate": 0.5397727272727273,
      "avg_return": 0.0057141952341249165,
      "median_return": 0.0023483840010228886,
      "compound_return": 1.4706207847192792,
      "max_drawdown": -0.2326175766224865,
      "profit_factor": 1.592869036974981,
      "windows": 10
    },
    {
      "entry_policy": "all_days",
      "feature_group": "reversal_fundamental_regime_sector_external",
      "model_name": "xgb_d3_400_lr003_mcw3",
      "target_hit_bps": 50.0,
      "trades": 195,
      "win_rate": 0.517948717948718,
      "avg_return": 0.005187865578984125,
      "median_return": 0.0005972634271098655,
      "compound_return": 1.4544218352485951,
      "max_drawdown": -0.20656908791768225,
      "profit_factor": 1.5095143789570125,
      "windows": 10
    },
    {
      "entry_policy": "all_days",
      "feature_group": "reversal_fundamental_regime",
      "model_name": "xgb_d2_200_lr003_mcw5",
      "target_hit_bps": 50.0,
      "trades": 228,
      "win_rate": 0.5263157894736842,
      "avg_return": 0.004367822049590398,
      "median_return": 0.0017832739015539757,
      "compound_return": 1.3690395979004388,
      "max_drawdown": -0.2109619300625205,
      "profit_factor": 1.4164764003634724,
      "windows": 10
    },
    {
      "entry_policy": "all_days",
      "feature_group": "all_no_ak",
      "model_name": "xgb_d4_500_lr002_mcw5",
      "target_hit_bps": 50.0,
      "trades": 199,
      "win_rate": 0.5125628140703518,
      "avg_return": 0.0046915910966487916,
      "median_return": 0.0005914213197970621,
      "compound_return": 1.2746279526656603,
      "max_drawdown": -0.25681020432862656,
      "profit_factor": 1.4615951381367942,
      "windows": 10
    },
    {
      "entry_policy": "all_days",
      "feature_group": "reversal_fundamental_regime_sector_external",
      "model_name": "lgbm_leaves15_700",
      "target_hit_bps": 50.0,
      "trades": 189,
      "win_rate": 0.5132275132275133,
      "avg_return": 0.004865455030347017,
      "median_return": 0.0005914213197970621,
      "compound_return": 1.2522983190693666,
      "max_drawdown": -0.27649686402415763,
      "profit_factor": 1.4742138610947724,
      "windows": 10
    },
    {
      "entry_policy": "all_days",
      "feature_group": "reversal_fundamental_regime",
      "model_name": "xgb_d3_600_lr002_mcw3",
      "target_hit_bps": 50.0,
      "trades": 249,
      "win_rate": 0.5502008032128514,
      "avg_return": 0.0036264746556432066,
      "median_return": 0.003063392122280909,
      "compound_return": 1.1763907432241845,
      "max_drawdown": -0.2325525507625006,
      "profit_factor": 1.3630994062876272,
      "windows": 10
    },
    {
      "entry_policy": "all_days",
      "feature_group": "reversal_fundamental_regime_sector_external",
      "model_name": "xgb_d3_600_lr002_mcw3",
      "target_hit_bps": 50.0,
      "trades": 179,
      "win_rate": 0.5139664804469274,
      "avg_return": 0.004814335486889708,
      "median_return": 0.0005914213197970621,
      "compound_return": 1.1366542052354025,
      "max_drawdown": -0.2568102043286268,
      "profit_factor": 1.4748073436186007,
      "windows": 10
    },
    {
      "entry_policy": "all_days",
      "feature_group": "reversal_fundamental_regime",
      "model_name": "xgb_d4_500_lr002_mcw5",
      "target_hit_bps": 50.0,
      "trades": 239,
      "win_rate": 0.5313807531380753,
      "avg_return": 0.003637865581688231,
      "median_return": 0.0015174077198902881,
      "compound_return": 1.128451119878037,
      "max_drawdown": -0.22218698934352188,
      "profit_factor": 1.378901064717027,
      "windows": 10
    },
    {
      "entry_policy": "all_days",
      "feature_group": "all_no_ak",
      "model_name": "lgbm_leaves7_400",
      "target_hit_bps": 50.0,
      "trades": 226,
      "win_rate": 0.5,
      "avg_return": 0.003815592487133288,
      "median_return": -3.638161411012236e-05,
      "compound_return": 1.0844344318886265,
      "max_drawdown": -0.25404540801834274,
      "profit_factor": 1.3568265470130625,
      "windows": 10
    },
    {
      "entry_policy": "all_days",
      "feature_group": "reversal_fundamental_regime_sector",
      "model_name": "lgbm_leaves15_700",
      "target_hit_bps": 50.0,
      "trades": 202,
      "win_rate": 0.5247524752475248,
      "avg_return": 0.00413985033956645,
      "median_return": 0.0017854733767424004,
      "compound_return": 1.0723486510093534,
      "max_drawdown": -0.21222194260940663,
      "profit_factor": 1.408726657792077,
      "windows": 10
    },
    {
      "entry_policy": "all_days",
      "feature_group": "reversal_fundamental_regime_sector_external",
      "model_name": "lgbm_leaves7_400",
      "target_hit_bps": 50.0,
      "trades": 203,
      "win_rate": 0.5320197044334976,
      "avg_return": 0.004052504426702869,
      "median_return": 0.0012688489208634336,
      "compound_return": 1.0309131523120119,
      "max_drawdown": -0.2622849101725595,
      "profit_factor": 1.383709099678048,
      "windows": 10
    },
    {
      "entry_policy": "all_days",
      "feature_group": "reversal_fundamental_regime_sector_external",
      "model_name": "xgb_d4_500_lr002_mcw5",
      "target_hit_bps": 50.0,
      "trades": 208,
      "win_rate": 0.5144230769230769,
      "avg_return": 0.0037418030167846723,
      "median_return": 0.0005943423734534638,
      "compound_return": 0.9505533033264115,
      "max_drawdown": -0.25681020432862656,
      "profit_factor": 1.3644312794770226,
      "windows": 10
    },
    {
      "entry_policy": "all_days",
      "feature_group": "reversal_fundamental_regime",
      "model_name": "lgbm_leaves7_400",
      "target_hit_bps": 50.0,
      "trades": 239,
      "win_rate": 0.5355648535564853,
      "avg_return": 0.0032728325162672696,
      "median_return": 0.002704198540791406,
      "compound_return": 0.9369330274331471,
      "max_drawdown": -0.21305816087420426,
      "profit_factor": 1.322028694355144,
      "windows": 10
    },
    {
      "entry_policy": "all_days",
      "feature_group": "all_no_ak",
      "model_name": "xgb_d3_400_lr003_mcw3",
      "target_hit_bps": 50.0,
      "trades": 204,
      "win_rate": 0.5343137254901961,
      "avg_return": 0.0034232354732178713,
      "median_return": 0.001312953806674292,
      "compound_return": 0.8230981509785664,
      "max_drawdown": -0.2080887743773676,
      "profit_factor": 1.3501833929361453,
      "windows": 10
    },
    {
      "entry_policy": "all_days",
      "feature_group": "reversal_fundamental_regime",
      "model_name": "lgbm_leaves15_700",
      "target_hit_bps": 50.0,
      "trades": 222,
      "win_rate": 0.5540540540540541,
      "avg_return": 0.0030699644518685358,
      "median_return": 0.0027573061586099214,
      "compound_return": 0.7746850571948707,
      "max_drawdown": -0.20656908791768236,
      "profit_factor": 1.3037909495227509,
      "windows": 10
    },
    {
      "entry_policy": "all_days",
      "feature_group": "reversal_fundamental_regime",
      "model_name": "extra_trees_600_d3",
      "target_hit_bps": 50.0,
      "trades": 305,
      "win_rate": 0.4885245901639344,
      "avg_return": 0.0023684544396321726,
      "median_return": -0.0008189292667100077,
      "compound_return": 0.7425197389038174,
      "max_drawdown": -0.23639247080234238,
      "profit_factor": 1.2190997143613898,
      "windows": 10
    },
    {
      "entry_policy": "all_days",
      "feature_group": "reversal_fundamental_regime_sector_external",
      "model_name": "extra_trees_600_d3",
      "target_hit_bps": 50.0,
      "trades": 203,
      "win_rate": 0.5270935960591133,
      "avg_return": 0.0030684389305935624,
      "median_return": 0.0011084998934582958,
      "compound_return": 0.7095900066400977,
      "max_drawdown": -0.2265051110493258,
      "profit_factor": 1.3338962983273939,
      "windows": 10
    },
    {
      "entry_policy": "all_days",
      "feature_group": "reversal_fundamental_regime_sector_external",
      "model_name": "xgb_d2_200_lr003_mcw5",
      "target_hit_bps": 50.0,
      "trades": 156,
      "win_rate": 0.532051282051282,
      "avg_return": 0.003882006654380864,
      "median_return": 0.0012674106445624868,
      "compound_return": 0.6915812333948337,
      "max_drawdown": -0.23374297496517482,
      "profit_factor": 1.397342066728744,
      "windows": 10
    },
    {
      "entry_policy": "all_days",
      "feature_group": "all_no_ak",
      "model_name": "random_forest_600_d4",
      "target_hit_bps": 50.0,
      "trades": 196,
      "win_rate": 0.49489795918367346,
      "avg_return": 0.00274818949818488,
      "median_return": -0.00039411474675032573,
      "compound_return": 0.582791434000514,
      "max_drawdown": -0.19327996282834592,
      "profit_factor": 1.2966442978417212,
      "windows": 10
    },
    {
      "entry_policy": "all_days",
      "feature_group": "reversal_fundamental_regime_sector",
      "model_name": "xgb_d3_400_lr003_mcw3",
      "target_hit_bps": 50.0,
      "trades": 185,
      "win_rate": 0.5351351351351351,
      "avg_return": 0.003011302069093216,
      "median_return": 0.0021202012105350256,
      "compound_return": 0.5748077334131956,
      "max_drawdown": -0.21361598307318952,
      "profit_factor": 1.27657109608788,
      "windows": 10
    }
  ]
}

[2026-05-17T22:50:30] RUN summarize
  /usr/bin/python3 model_training/summarize_nextday_search_results.py --pipeline-out /root/stock_realtime_v021_full/saved_data/002460_pipeline_out_v2_new27_full --out-dir /root/stock_realtime_v021_full/saved_data/002460_pipeline_out_v2_new27_full/99_summary --excel
{
  "rows": 192,
  "outputs": {
    "final_leaderboard": "/root/stock_realtime_v021_full/saved_data/002460_pipeline_out_v2_new27_full/99_summary/final_leaderboard.csv",
    "best_by_target_top5": "/root/stock_realtime_v021_full/saved_data/002460_pipeline_out_v2_new27_full/99_summary/best_by_target_top5.csv",
    "best_by_entry_policy_top5": "/root/stock_realtime_v021_full/saved_data/002460_pipeline_out_v2_new27_full/99_summary/best_by_entry_policy_top5.csv",
    "excel": "/root/stock_realtime_v021_full/saved_data/002460_pipeline_out_v2_new27_full/99_summary/final_leaderboard.xlsx",
    "summary_manifest": "/root/stock_realtime_v021_full/saved_data/002460_pipeline_out_v2_new27_full/99_summary/summary_manifest.json"
  }
}
=== nextday pipeline end: 2026-05-17T22:50:31 status=ok ===
