date,open,high,low,close,volume,event_flag,no_price_limit_flag,ema20,ema60,atr14,atrp14,rsi14,rvol20,close_pos,b10_prev,r5,resistance,obv,obv_ma20,obv_std20,bench_close,bench_ret5,ret5,rs5,x1_price_vs_ema20,x2_ema20_vs_ema60,x3_break_b10,x4_close_pos,x5_log_rvol20,x6_obv_z,x7_rs5,x8_atrp_rank,z_x1_price_vs_ema20,z_x2_ema20_vs_ema60,z_x3_break_b10,z_x4_close_pos,z_x5_log_rvol20,z_x6_obv_z,z_x7_rs5,z_x8_atrp_rank,label_rev,p_rev,cv_best_l2,cv_logloss,cv_folds_used,train_n,coef_intercept,coef_z_x1_price_vs_ema20,coef_z_x2_ema20_vs_ema60,coef_z_x3_break_b10,coef_z_x4_close_pos,coef_z_x5_log_rvol20,coef_z_x6_obv_z,coef_z_x7_rs5,coef_z_x8_atrp_rank,atrp14_med60,price_limit_ratio
2025-01-02,3.58684371,3.6146487,3.43855043,3.45708709,319356492.0,0.0,0.0,3.45708709,3.45708709,,,,,0.10526315789413948,,,3.45708709,0.0,,,3820.3952,,,,,,,0.10526315789413948,,,,,,,,,,,,,0.0,,,,,,,,,,,,,,,,0.1
2025-01-03,3.47562375,3.49416041,3.40147711,3.43855043,203436642.0,0.0,0.0,3.4553216938095237,3.4564793306557373,,,,,0.3999999999956813,,,3.4553216938095237,-203436642.0,,,3775.1648,,,,,,,0.3999999999956813,,,,,,,,,,,,,0.0,,,,,,,,,,,,,,,,0.1
2025-01-06,3.43855043,3.44781876,3.35513546,3.44781876,184451145.0,0.0,0.0,3.454607128684807,3.456195377519484,,,,,0.9999999999892105,,,3.454607128684807,-18985497.0,,,3768.9697,,,,,,,0.9999999999892105,,,,,,,,,,,,,0.0,,,,,,,,,,,,,,,,0.1
2025-01-07,3.44781876,3.46635542,3.41074544,3.45708709,133056822.0,0.0,0.0,3.4548433154767304,3.4562246139942547,,,,,0.833333333318344,,,3.4548433154767304,114071325.0,,,3796.1055,,,,,,,0.833333333318344,,,,,,,,,,,,,0.0,,,,,,,,,,,,,,,,0.1
2025-01-08,3.45708709,3.50342874,3.43855043,3.46635542,182623200.0,0.0,0.0,3.4559397063837083,3.4565567715682133,,,,,0.42857142856482766,,3.6146487,3.6146487,296694525.0,,,3789.2153,,,,,,,0.42857142856482766,,,,,,,,,,,,,0.0,,,,,,,,,,,,,,,,0.1
2025-01-09,3.46635542,3.46635542,3.38294045,3.41074544,165301092.0,0.0,0.0,3.451635490537641,3.455054760697124,,,,,0.33333333332933546,,3.50342874,3.50342874,131393433.0,,,3779.8773,-0.010605682888513712,-0.013404825737265424,-0.0027991428487517123,,,,0.33333333332933546,,,-0.0027991428487517123,,,,,,,,,,0.0,,,,,,,,,,,,,,,,0.1
2025-01-10,3.41074544,3.43855043,3.34586713,3.41074544,182781783.0,0.0,0.0,3.447741200010247,3.4536019960841036,,,,,0.6999999999924483,,3.50342874,3.50342874,131393433.0,,,3732.4806,-0.011306579251851523,-0.008086253369272267,0.0032203258825792558,,,,0.6999999999924483,,,0.0032203258825792558,,,,,,,,,,0.0,,,,,,,,,,,,,,,,0.1
2025-01-13,3.39220878,3.39220878,3.32733047,3.34586713,182133547.0,0.0,0.0,3.438038907628319,3.450069705392821,,,,,0.28571428570987795,,3.50342874,3.50342874,-50740114.0,,,3722.513,-0.01232610068475748,-0.029569892473118364,-0.017243791788360885,,,,0.28571428570987795,,,-0.017243791788360885,,,,,,,,,,0.0,,,,,,,,,,,,,,,,0.1
2025-01-14,3.35513546,3.41074544,3.3365988,3.40147711,163693392.0,0.0,0.0,3.434556831663717,3.448476505543876,,,,,0.8749999999882012,,3.50342874,3.50342874,112953278.0,,,3820.5395,0.0064365966646606765,-0.0160857908847184,-0.022522387549379075,,,,0.8749999999882012,,,-0.022522387549379075,,,,,,,,,,0.0,,,,,,,,,,,,,,,,0.1
2025-01-15,3.41074544,3.48489208,3.40147711,3.42001377,150281884.0,0.0,0.0,3.4331717781719346,3.4475433010998144,,,,,0.22222222221955992,,3.48489208,3.48489208,263235162.0,,,3796.026,0.0017973906101349524,-0.013368983957219305,-0.015166374567354257,,,,0.22222222221955992,,,-0.015166374567354257,,,,,,,,,,0.0,,,,,,,,,,,,,,,,0.1
2025-01-16,3.44781876,3.48489208,3.4292821,3.45708709,134736580.0,0.0,0.0,3.4354494269174647,3.4478562122112955,,,,,0.4999999999910088,3.6146487,3.48489208,3.48489208,397971742.0,,,3800.3836,0.0054251231911681685,0.013586956521739024,0.008161833330570856,,,,0.4999999999910088,,,0.008161833330570856,,,,,,,,,,0.0,,,,,,,,,,,,,,,,0.1
2025-01-17,3.45708709,3.47562375,3.41074544,3.43855043,108879698.0,0.0,0.0,3.435744760544373,3.4475511045978102,,,,,0.4285714285648208,3.50342874,3.48489208,3.48489208,289092044.0,,,3812.3429,0.02139657470691203,0.008152173913043459,-0.013244400793868571,,,,0.4285714285648208,,,-0.013244400793868571,,,,,,,,,,0.0,,,,,,,,,,,,,,,,0.1
2025-01-20,3.44781876,3.50342874,3.41074544,3.48489208,184295893.0,0.0,0.0,3.440425457635385,3.4487753988732917,,,,,0.7999999999913674,3.50342874,3.50342874,3.50342874,473387937.0,,,3829.6764,0.028787918269190804,0.04155124653739617,0.012763328268205365,,,,0.7999999999913674,,,0.012763328268205365,,,,,,,,,,0.0,,,,,,,,,,,,,,,,0.1
2025-01-21,3.49416041,3.53123373,3.46635542,3.50342874,144764800.0,0.0,0.0,3.4464257702415386,3.4505673116971183,0.08473901714285713,0.024187452758874423,,,0.5714285714197627,3.50342874,3.53123373,3.53123373,618152737.0,,,3832.6145,0.0031605483989893823,0.029972752043596618,0.026812203644607235,0.6726885876159061,-0.0488740794402745,0.0,0.5714285714197627,,,0.026812203644607235,,,,,,,,,,0.0,,,,,,,,,,,,,,,,0.1
2025-01-22,3.49390606,3.51294642,3.44630516,3.4748657,178225747.0,0.0,0.0,3.4491343349804398,3.4513639801660654,0.07692065928571425,0.022136297033203932,40.97613015710844,,0.4285714285649975,3.53123373,3.53123373,3.53123373,439926990.0,,,3797.0166,0.00026095711673201905,0.016038511447279857,0.01577755433054784,0.3345182589198716,-0.02898629843141156,-0.7328074216042982,0.4285714285649975,,,0.01577755433054784,,,,,,,,,,1.0,,,,,,,,,,,,,,,,0.1
2025-01-23,3.49390606,3.69382984,3.49390606,3.68430966,363403427.0,0.0,0.0,3.4715319849823025,3.459001543439309,0.08594071928571423,0.023326139010175086,63.90385516147607,,0.9523809523761886,3.53123373,3.69382984,3.69382984,803330417.0,,,3803.7439,0.0008842002159992202,0.06572659701205263,0.06484239679605341,2.475865652320542,0.1458033124110792,1.7811804610258168,0.9523809523761886,,,0.06484239679605341,,,,,,,,,,0.0,,,,,,,,,,,,,,,,0.1
2025-01-24,3.70335002,3.7128702,3.5700675,3.68430966,246552659.0,0.0,0.0,3.4917965254601784,3.4663886948019544,0.08952067642857135,0.0242978155176422,63.90385516134844,,0.7999999999943979,3.69382984,3.7128702,3.7128702,803330417.0,,,3832.8637,0.005382726721670172,0.07147175386926063,0.06608902714759046,2.150487934385498,0.28382080734402243,-0.10634615800171936,0.7999999999943979,,,0.06608902714759046,,,,,,,,,,0.0,,,,,,,,,,,,,,,,0.1
2025-01-27,3.65574912,3.72239038,3.65574912,3.68430966,132591300.0,0.0,0.0,3.510131109702066,3.4735336444805784,0.09030862499999993,0.02451168151809895,63.90385516121098,,0.42857142856499464,3.7128702,3.72239038,3.72239038,803330417.0,,,3817.0802,-0.003289102964417534,0.05722345926993522,0.06051256223435275,1.928703380170003,0.40524883665411054,-0.3162548427648382,0.42857142856499464,,,0.06051256223435275,,,,,,,,,,0.0,,,,,,,,,,,,,,,,0.1
2025-02-05,3.67478948,3.69382984,3.5700675,3.59862804,169207585.0,0.0,0.0,3.5185593887780597,3.477635100071379,0.09451462714285706,0.02626407233319696,53.320947215345704,,0.23076923076736613,3.72239038,3.72239038,3.72239038,634122832.0,,,3795.0848,-0.00979219277075738,0.02717318006588032,0.0369653728366377,0.8471561877937769,0.4329942353196978,-1.309451708587142,0.23076923076736613,,,0.0369653728366377,,,,,,,,,,0.0,,,,,,,,,,,,,,,,0.1
2025-02-06,3.59862804,3.64622894,3.5700675,3.58910786,132654741.0,0.0,0.0,3.525278290799197,3.4812899446592023,0.09399651785714276,0.026189382298785684,52.28486054213231,0.7244086461846324,0.2499999999967175,3.72239038,3.72239038,3.72239038,501468091.0,327034626.35,296159569.9359438,3842.8314,0.01206599939542019,0.03287671232876699,0.020810712933346798,0.6790631254780426,0.46797846497229517,-1.4179516756263992,0.2499999999967175,-0.3223996173944222,0.5889847310614617,0.020810712933346798,,,,,,,,,,0.0,,,,,,,,,,,,,,,,0.1
2025-02-07,3.59862804,3.60814822,3.56054732,3.5700675,143701433.0,0.0,0.0,3.5295439297707016,3.4842006841785724,0.09077634642857133,0.025427067255323853,50.18455263297606,0.8242659774586956,0.1999999999957984,3.72239038,3.72239038,3.72239038,357766658.0,344922959.25,286513767.4834747,3892.7028,0.023387194916040466,-0.03100775193798444,-0.054394946854024906,0.44641111724780036,0.4995050734643599,-1.6780018803486403,0.1999999999957984,-0.19326201297953274,0.044827509905752745,-0.054394946854024906,,,,,,,,,,0.0,,,,,,,,,,,,,,,,0.1
2025-02-10,3.5700675,3.60814822,3.55102714,3.5700675,124356076.0,0.0,0.0,3.533403317411587,3.4870159896153403,0.08889821142857134,0.024900988966888284,50.18455263286203,0.729854967290649,0.33333333332749776,3.72239038,3.72239038,3.72239038,357766658.0,372983124.25,257441452.593543,3901.0618,0.017792988568834378,-0.03100775193798444,-0.04880074050681882,0.41242879917173214,0.5218027117789275,-1.7134526955098128,0.33333333332749776,-0.3149094395224978,-0.05910651177852176,-0.04880074050681882,,,,,,,,,,0.0,,,,,,,,,,,,,,,,0.1
2025-02-11,3.5700675,3.59862804,3.56054732,3.5700675,114279742.0,0.0,0.0,3.536895144324769,3.489738989955821,0.08632207428571419,0.024179395567644032,50.18455263273924,0.6848180327218821,0.249999999993435,3.72239038,3.69382984,3.69382984,357766658.0,391820732.0,241352135.0387358,3883.1352,0.017305111902023995,-0.03100775193798444,-0.048312863840008435,0.3842858961550299,0.5462815248428968,-1.764587809765413,0.249999999993435,-0.37860212167145635,-0.14109704890132624,-0.048312863840008435,,,,,,,,,,0.0,,,,,,,,,,,,,,,,0.1
2025-02-12,3.57958768,3.58910786,3.55102714,3.57958768,106927888.0,0.0,0.0,3.5409611001033623,3.492684848645794,0.0830839135714285,0.023210470310760845,51.40363993950719,0.6458182717125811,0.749999999980305,3.72239038,3.64622894,3.64622894,464694546.0,409351893.05,233134734.57187343,3919.8617,0.032878553859982285,-0.005291005291005235,-0.03816955915098752,0.4649104530080288,0.5810541340891845,-1.7187767626703316,0.749999999980305,-0.4372371279139178,0.2373848455127493,-0.03816955915098752,,,,,,,,,,0.0,,,,,,,,,,,,,,,,0.1
2025-02-13,3.5700675,3.60814822,3.5700675,3.58910786,119883016.0,0.0,0.0,3.545546505807804,3.4958462588541286,0.08116979999999994,0.022615592277011515,52.651488237235995,0.7380476921296905,0.49999999998687,3.72239038,3.60814822,3.60814822,584577562.0,423746044.9,234617199.88220838,3905.1398,0.016214190401379502,0.0,-0.016214190401379502,0.5366694779543542,0.6122997340521117,-1.6420210472165553,0.49999999998687,-0.30374683298770644,0.6855060804610528,-0.016214190401379502,,,,,,,,,,0.0,,,,,,,,,,,,,,,,0.1
2025-02-14,3.58910786,3.60814822,3.56054732,3.59862804,108469216.0,0.0,0.0,3.5506018900165848,3.499216153317928,0.07993569928571422,0.022212826220764956,53.92558542990719,0.6796699197869375,0.7999999999831936,3.72239038,3.60814822,3.60814822,693046778.0,451828712.15,231536684.00248405,3939.0085,0.011895513831674975,0.008000000000000007,-0.0038955138316749682,0.6008097810110403,0.6428383958254505,-1.5482736887818822,0.7999999999831936,-0.3861480107405995,1.0418135980880339,-0.0038955138316749682,,,,,,,,,,0.0,,,,,,,,,,,,,,,,0.1
2025-02-17,3.59862804,3.60814822,3.5700675,3.59862804,131226179.0,0.0,0.0,3.555175809062624,3.5024755594386514,0.07603551499999993,0.021129028661705976,53.92558542974304,0.8357650531549775,0.749999999980305,3.72239038,3.60814822,3.60814822,693046778.0,479911379.4,224935477.85401875,3947.3983,0.011877920006291509,0.008000000000000007,-0.003877920006291502,0.5714728299900945,0.693100449484425,-1.627691217694425,0.749999999980305,-0.17940774229166428,0.9475401596644666,-0.003877920006291502,,,,,,,,,,1.0,,,,,,,,,,,,,,,,0.1
2025-02-18,3.58910786,3.68430966,3.58910786,3.65574912,186885103.0,0.0,0.0,3.564754219628089,3.5075009220800073,0.07820147857142852,0.02139136904761318,61.192252723607034,1.1884523428006755,0.6999999999926472,3.72239038,3.68430966,3.68430966,879931881.0,526444979.15,205795682.66694963,3912.7829,0.007634990406720776,0.02400000000000002,0.016365009593279245,1.1635956510417322,0.7321255121161774,-0.8521739130325863,0.6999999999926472,0.17265190840301367,1.717659463352626,0.016365009593279245,,,,,,,,,,0.0,,,,,,,,,,,,,,,,0.1
2025-02-19,3.65574912,3.68430966,3.62718858,3.64622894,115642673.0,0.0,0.0,3.572513716806366,3.512049381683941,0.07752146571428566,0.021260723610587215,59.50770965484549,0.7468127608932723,0.33333333332749776,3.69382984,3.68430966,3.68430966,764289208.0,559011775.65,188602734.0309518,3940.1602,0.005178371471626031,0.018617021276595702,0.013438649804969671,0.9509007926187678,0.7799689358879428,-0.6140350877113772,0.33333333332749776,-0.29194078002982377,1.0884117529086919,0.013438649804969671,,,,,,,,,,1.0,,,,,,,,,,,,,,,,0.1
2025-02-20,3.64622894,3.68430966,3.63670876,3.6652693,112933585.0,0.0,0.0,3.5813475818724267,3.5170729855631557,0.06528123428571424,0.01781076066789865,61.77421510676632,0.738220322434759,0.5999999999873952,3.68430966,3.68430966,3.68430966,877222793.0,589711157.2,187928873.7140477,3928.8959,0.006083290539304231,0.021220159151193574,0.015136868611889343,1.2855412285709875,0.9845799794007863,-0.2916666666621987,0.5999999999873952,-0.30351295905133135,1.5298960192645927,0.015136868611889343,,,,,,,,,,0.0,,,,,,,,,,,,,,,,0.1
2025-02-21,3.6652693,3.67478948,3.60814822,3.60814822,141694620.0,0.0,0.0,3.5839000235988623,3.5200590588233798,0.05984113142857139,0.016584998115336518,52.31386569577564,0.9241228562514178,0.0,3.68430966,3.68430966,3.68430966,735528173.0,606588978.75,185087359.51689357,3978.444,0.010011529551154918,0.002645502645502562,-0.007366026905652356,0.40520952431649737,1.0668408709921975,-1.2727272727060037,0.0,-0.07891025486796636,0.6966396548448857,-0.007366026905652356,,,,,,,,,,0.0,,,,,,,,,,,,,,,,0.1
2025-02-24,3.59862804,3.6176684,3.5700675,3.58910786,114839250.0,0.0,0.0,3.5843960080180186,3.5223229539439247,0.05848110571428565,0.01629405077680484,49.587788737667104,0.7475211999485507,0.3999999999915968,3.68430966,3.68430966,3.68430966,620688923.0,623168822.7,170153356.3293414,3969.7169,0.005654002536303437,-0.002645502645502673,-0.00829950518180611,0.0805705009224842,1.0614206642448865,-1.6279069767163497,0.3999999999915968,-0.29099261298428003,-0.014574497697242375,-0.00829950518180611,,,,,,,,,,0.0,,,,,,,,,,,,,,,,0.1
2025-02-25,3.57958768,3.60814822,3.54150696,3.56054732,117128251.0,0.0,0.0,3.5821247043972546,3.523576211847402,0.05440102857142851,0.015278838808246265,45.73769326626581,0.7794604762669588,0.28571428570999835,3.68430966,3.68430966,3.68430966,503560672.0,624677459.45,168948153.2451191,3925.6505,0.003288605662225663,-0.02604166666666663,-0.029330272328892293,-0.396635596117947,1.0762387051542994,-2.274999999958181,0.28571428570999835,-0.2491532957249471,-0.716887312016233,-0.029330272328892293,,,,,,,,,,0.0,,,,,,,,,,,,,,,0.02291303129388618,0.1
2025-02-26,3.56054732,3.59862804,3.55102714,3.5700675,104918188.0,0.0,0.0,3.5809763992165635,3.5251005163769955,0.05236098999999994,0.014666666666662541,47.209055542268615,0.7075869593017261,0.3999999999915968,3.68430966,3.68430966,3.68430966,608478860.0,624193765.6,168979985.96357596,3959.9413,0.005020379628219107,-0.02088772845953002,-0.025908108087749127,-0.20834020167218467,1.0671280821562188,-2.181818181776513,0.3999999999915968,-0.34589474634382456,-0.09299862057857793,-0.025908108087749127,,,,,,,,,,1.0,,,,,,,,,,,,,,,0.022615592277011515,0.1
2025-02-27,3.5700675,3.6176684,3.55102714,3.60814822,133807510.0,0.0,0.0,3.583564191672129,3.5278233919056183,0.053721015714285655,0.014888805126268003,52.73043557301445,0.9161439056439638,0.857142857129995,3.68430966,3.67478948,3.67478948,742286370.0,639311734.6,165303549.87344667,3968.1159,0.009982448249646891,-0.01558441558441559,-0.02556686383406248,0.4576240415513219,1.0375976519492747,-1.4177215189609513,0.857142857129995,-0.08758182441586854,0.6229426741218531,-0.02556686383406248,,,,,,,,,,0.0,,,,,,,,,,,,,,,0.022414209248888234,0.1
2025-02-28,3.59862804,3.6176684,3.57958768,3.57958768,114321199.0,0.0,0.0,3.5831854762747835,3.5295205816792046,0.05236098999999994,0.014627659574463983,48.622955120934016,0.8556911238995589,0.0,3.68430966,3.6176684,3.6176684,627965171.0,630543472.3,160964940.2617424,3890.0487,-0.022218560824282085,-0.0079155672823219,0.014302993541960185,-0.0687113875179749,1.0249022143117241,-1.9999999999618037,0.0,-0.15584580452350935,-0.016017781858629707,0.014302993541960185,,,,,,,,,,0.0,,,,,,,,,,,,,,,0.022212826220764956,0.1
2025-03-03,3.57958768,3.58910786,3.53198678,3.5700675,148152370.0,0.0,0.0,3.5819361452009946,3.530849988837263,0.053721015714285655,0.015047619047614817,47.300315249810666,1.15131506840506,0.6666666666549955,3.68430966,3.6176684,3.6176684,479812801.0,614367591.5,159032302.4558215,3888.4738,-0.02046571633357519,-0.0053050397877983935,0.015160676545776797,-0.22093113920066004,0.9509529126269953,-2.1265822784414268,0.6666666666549955,0.14090482677743646,-0.8460846533827852,0.015160676545776797,,,,,,,,,,0.0,,,,,,,,,,,,,,,0.022174561626984446,0.1
2025-03-04,3.5700675,3.58910786,3.55102714,3.57958768,105108215.0,0.0,0.0,3.581712481848519,3.532447945924566,0.053721015714285655,0.015007598784190319,48.800184292408844,0.8256289555906194,0.749999999980305,3.68430966,3.6176684,3.6176684,584921016.0,603447121.45,153068690.87985834,3885.2208,-0.010298853654954754,0.005347593582887722,0.015646447237842476,-0.03955252558477492,0.9170440146747845,-1.9493670885713081,0.749999999980305,-0.19160981269129287,-0.1210313183153892,0.015646447237842476,,,,,,,,,,1.0,,,,,,,,,,,,,,,0.022136297033203932,0.1
2025-03-05,3.5700675,3.6652693,3.5700675,3.6652693,173409716.0,0.0,0.0,3.589670274053422,3.5368027444188423,0.05780109285714279,0.015769944341368594,59.87002569076651,1.3598954332882678,0.999999999989496,3.68430966,3.6652693,3.6652693,758330732.0,609657516.45,156664775.2418534,3902.5706,-0.014487765260560836,0.026666666666666616,0.04115443192722745,1.307916895829551,0.9146458487269238,-0.3294117647001833,0.999999999989496,0.3074078095039432,0.9489894286733163,0.04115443192722745,,,,,,,,,,0.0,,,,,,,,,,,,,,,0.021763833040408555,0.1
2025-03-06,3.6652693,3.67478948,3.60814822,3.6176684,126893477.0,0.0,0.0,3.5923367622388103,3.5394540773887164,0.05916111857142851,0.01635338345864208,53.01255562737981,0.9973637405603507,0.14285714285499918,3.68430966,3.67478948,3.67478948,631437255.0,616155974.65,154725861.13577962,3956.2369,-0.0029936121573465035,0.0026385224274405594,0.005632134584787063,0.42818050727315365,0.8938756758858736,-1.1264367815901553,0.14285714285499918,-0.002639740490881247,0.09876358249245705,0.005632134584787063,,,,,,,,,,0.0,,,,,,,,,,,,,,,0.02139136904761318,0.1
2025-03-07,3.62718858,3.64622894,3.59862804,3.6176684,98022589.0,0.0,0.0,3.5947492991684475,3.5420184814087587,0.05984113142857136,0.016541353383454055,53.01255562724245,0.7845262603571003,0.3999999999915968,3.67478948,3.67478948,3.67478948,631437255.0,629839504.5,142920527.01962298,3944.0143,0.013872731207709599,0.010638297872340496,-0.0032344333353691024,0.3829991225771936,0.8811801598662806,-0.9545454545295032,0.3999999999915968,-0.24267523336406518,0.011179293368968819,-0.0032344333353691024,,,,,,,,,,0.0,,,,,,,,,,,,,,,0.0213260463291002,0.1
2025-03-10,3.60814822,3.6176684,3.55102714,3.56054732,151509470.0,0.0,0.0,3.5914919678190715,3.542625984313389,0.05780109285714279,0.016233766233761656,45.72388663024269,1.199575104435379,0.14285714285499918,3.67478948,3.67478948,3.67478948,479927785.0,635947560.85,133459593.8223765,3928.8018,0.010371164131284694,-0.002666666666666706,-0.0130378307979514,-0.5353644072961887,0.8454162558069754,-1.9764705882010998,0.14285714285499918,0.18196741445577458,-1.1690412909367103,-0.0130378307979514,,,,,,,,,,0.0,,,,,,,,,,,,,,,0.021260723610587215,0.1
2025-03-11,3.55102714,3.5700675,3.54150696,3.5700675,103188398.0,0.0,0.0,3.589451542312493,3.5435257061391794,0.05576105428571422,0.015619047619043225,47.03103359323952,0.8205964352496479,0.9999999999649867,3.67478948,3.67478948,3.67478948,583116183.0,647215037.1,118130580.93035781,3941.4157,0.01446375969159841,-0.0026595744680850686,-0.01712333415968348,-0.34762689766989624,0.8236185050800969,-1.8780487804541246,0.9999999999649867,-0.19772384306142024,-0.5426101657604527,-0.01712333415968348,,,,,,,,,,1.0,,,,,,,,,,,,,,,0.021194876136146595,0.1
2025-03-12,3.5700675,3.60814822,3.54150696,3.59862804,113094398.0,0.0,0.0,3.590325494473208,3.5453323400362553,0.057121079999999935,0.015873015873011445,50.8548928719037,0.897173200912027,0.857142857129995,3.67478948,3.67478948,3.67478948,696210581.0,658790838.85,110793396.22613838,3927.2315,0.006319142567209335,-0.018181818181818188,-0.024500960749027523,0.14534993957828582,0.7876803876286165,-1.333333333309991,0.857142857129995,-0.10850634647453812,0.3377434343976894,-0.024500960749027523,,,,,,,,,,1.0,,,,,,,,,,,,,,,0.021129028661705976,0.1
2025-03-13,3.59862804,3.62718858,3.58910786,3.6176684,108972091.0,0.0,0.0,3.592929580713855,3.5477040141334273,0.05508104142857136,0.01522556390977021,53.27652920297978,0.8682286255932335,0.749999999980305,3.67478948,3.64622894,3.64622894,805182672.0,669821094.35,113796564.22114399,3911.5793,-0.011287898356137416,0.0,0.011287898356137416,0.44913492272612193,0.821073193364632,-1.0370370370182096,0.749999999980305,-0.14130020546318398,1.1895049606853516,0.011287898356137416,,,,,,,,,,1.0,,,,,,,,,,,,,,,0.019469894664802312,0.1
2025-03-14,3.62718858,3.7128702,3.6176684,3.67478948,206197194.0,0.0,0.0,3.60072576159825,3.5518707507192167,0.05848110571428565,0.01591413767579136,59.69323998811573,1.5813004908467998,0.5999999999936976,3.67478948,3.7128702,3.7128702,1011379866.0,685737748.75,136023770.88858497,4006.5567,0.015857548995195092,0.015789473684210575,-6.807531098451669e-05,1.2664555072253236,0.835398207360907,0.0,0.5999999999936976,0.45824760395421893,2.3940088936126362,-6.807531098451669e-05,,,,,,,,,,0.0,,,,,,,,,,,,,,,0.01781076066789865,0.1
2025-03-17,3.69382984,3.7128702,3.67478948,3.68430966,119728311.0,0.0,0.0,3.608686132874607,3.556213010039898,0.05644106714285708,0.01531930601697626,60.66288617550944,0.922247433327541,0.249999999993435,3.7128702,3.7128702,3.7128702,1131108177.0,707640818.7,167146018.78616855,3996.7876,0.01730446163000643,0.03475935828876997,0.01745489665876354,1.3398670675847344,0.9296975675701789,-0.5060240963765766,0.249999999993435,-0.08094172556420876,2.533517467991539,0.01745489665876354,,,,,,,,,,0.0,,,,,,,,,,,,,,,0.017197879391617585,0.1
2025-03-18,3.70335002,3.70335002,3.65574912,3.67478948,91608400.0,0.0,0.0,3.614981689743692,3.560100763153344,0.05644106714285708,0.015358993338263753,59.13096969217911,0.7325244064137258,0.3999999999915968,3.7128702,3.7128702,3.7128702,1039499777.0,715619213.5,178595757.83107635,4007.7229,0.016823193757512067,0.02933333333333321,0.012510139575821144,1.0596502384313444,0.9723580606735815,-0.6746987951687689,0.3999999999915968,-0.31125861930984694,1.8134840795397857,0.012510139575821144,,,,,,,,,,1.0,,,,,,,,,,,,,,,0.016584998115336518,0.1
2025-03-19,3.67478948,3.72239038,3.65574912,3.7128702,104877675.0,0.0,0.0,3.624304405006198,3.565109597148316,0.05644106714285711,0.0152014652014611,63.14060519755033,0.8422540021922629,0.8571428571299893,3.7128702,3.72239038,3.72239038,1144377452.0,734623625.7,201515557.63275105,4010.168,0.021118311971168646,0.03174603174603163,0.010627719774862987,1.569172935162002,1.0487896642174717,0.0,0.8571428571299893,-0.17167364492016565,2.033360754442342,0.010627719774862987,,,,,,,,,,0.0,,,,,,,,,,,,,,,0.01656317574939529,0.1
2025-03-20,3.7128702,3.74143074,3.69382984,3.7128702,82827738.0,0.0,0.0,3.6327392426246554,3.5699542070778794,0.05712108,0.015384615384611241,63.140605197375145,0.6733143896742374,0.3999999999915931,3.72239038,3.74143074,3.74143074,1144377452.0,747981358.65,218651034.11856288,3974.9918,0.016211482661236065,0.026315789473684292,0.010104306812448227,1.4028263711740314,1.0991570107861564,-0.16666666666375649,0.3999999999915931,-0.39554291179794104,1.8129166182450132,0.010104306812448227,,,,,,,,,,0.0,,,,,,,,,,,,,,,0.016541353383454055,0.1
2025-03-21,3.70335002,3.72239038,3.63670876,3.65574912,116712000.0,0.0,0.0,3.6349306595175457,3.572767155042539,0.0591611185714286,0.016183035714281296,53.93518965810461,0.9584955620798092,0.22222222221962748,3.74143074,3.74143074,3.74143074,1027665452.0,762588222.6,226932412.3140457,3914.6956,-0.02292769249964688,-0.005181347150259086,0.017746345349387793,0.3518943012709768,1.0507493092596336,-1.4482758620444907,0.22222222221962748,-0.042390346575169977,1.1680888890969294,0.017746345349387793,,,,,,,,,,0.0,,,,,,,,,,,,,,,0.01644736842104807,0.1
2025-03-24,3.65574912,3.67478948,3.64622894,3.65574912,105539191.0,0.0,0.0,3.6369133700396845,3.575487875205079,0.05848110571428574,0.01599702380951944,53.935189657956364,0.8700616519044024,0.3333333333216622,3.74143074,3.74143074,3.74143074,1027665452.0,782937049.05,231496806.32084388,3934.8486,-0.015497195797945396,-0.007751937984496138,0.007745257813449258,0.3220826578077519,1.0503476991980032,-1.4651162790447199,0.3333333333216622,-0.13919120558632672,1.0571567134745599,0.007745257813449258,,,,,,,,,,1.0,,,,,,,,,,,,,,,0.01635338345864208,0.1
2025-03-25,3.6652693,3.68430966,3.65574912,3.67478948,94522292.0,0.0,0.0,3.640520618607334,3.5787436655262237,0.053721015714285746,0.01461880088822697,56.39294970509368,0.7865680462627203,0.6666666666433244,3.74143074,3.74143074,3.74143074,1122187744.0,813868402.65,233422399.09602883,3932.2951,-0.01882061257279044,0.0,0.01882061257279044,0.6379041970145626,1.1499587686226884,-1.2405063290908387,0.6666666666433244,-0.2400760424097003,1.3208644180850826,0.01882061257279044,,,,,,,,,,0.0,,,,,,,,,,,,,,,0.016323717117723457,0.1
2025-03-26,3.67478948,3.68430966,3.6176684,3.62718858,116432052.0,0.0,0.0,3.6392509006447304,3.5803320233778226,0.053721015714285746,0.01481064866891231,49.30977568551494,0.9642708276610541,0.14285714285499918,3.74143074,3.74143074,3.74143074,1005755692.0,833732244.25,231998356.83866727,3919.3566,-0.02264528568379176,-0.023076923076923106,-0.0004316373931313455,-0.22453634735164468,1.096756576219073,-2.1265822784414317,0.14285714285499918,-0.03638308227117079,0.7414856298729129,-0.0004316373931313455,,,,,,,,,,1.0,,,,,,,,,,,,,,,0.01629405077680484,0.1
2025-03-27,3.62718858,3.67478948,3.62718858,3.65574912,105962215.0,0.0,0.0,3.6408221596309467,3.582804715070353,0.053721015714285746,0.014694940476186465,53.11494076846957,0.8877981449253181,0.5999999999873952,3.74143074,3.72239038,3.72239038,1111717907.0,852203821.1,238595311.06745714,3932.4117,-0.010711996940471646,-0.01538461538461533,-0.0046726184441436835,0.2778607249007367,1.0799766867417104,-1.5949367088310757,0.5999999999873952,-0.1190108761030628,1.0876747105337228,-0.0046726184441436835,,,,,,,,,,0.0,,,,,,,,,,,,,,,0.016263908505283246,0.1
2025-03-28,3.65574912,3.6652693,3.6176684,3.63670876,94331011.0,0.0,0.0,3.640430407285142,3.584572060805751,0.05236099000000004,0.014397905759158355,50.39873688208232,0.7970213105688878,0.3999999999915968,3.74143074,3.68430966,3.68430966,1017386896.0,871674907.35,235369333.31544945,3915.1662,0.00012021368915626773,-0.00520833333333337,-0.005328547022489638,-0.07107671732469031,1.0667931694630652,-1.9999999999618085,0.3999999999915968,-0.2268738620689775,0.6190780531918836,-0.005328547022489638,,,,,,,,,,0.0,,,,,,,,,,,,,,,0.016233766233761656,0.1
2025-03-31,3.62718858,3.63670876,3.54150696,3.59862804,184880222.0,0.0,0.0,3.636449229448462,3.5850329125826117,0.05712108000000003,0.01587301587301147,45.39838313312776,1.5382223233660057,0.5999999999936976,3.74143074,3.68430966,3.68430966,832506674.0,889309601.0,217914324.10643604,3887.3056,-0.012082548741519483,-0.015625,-0.003542451258480517,-0.6621231504691397,0.9001285841400404,-2.499999999956237,0.5999999999936976,0.4306274141905639,-0.26066632945274265,-0.003542451258480517,,,,,,,,,,0.0,,,,,,,,,,,,,,,0.016208400974021476,0.1
2025-04-01,3.58910786,3.60814822,3.5224666,3.56054732,216926312.0,0.0,0.0,3.6292204761676556,3.5842301062684276,0.05848110571428574,0.01642475171886476,41.01592048497958,1.7246248631884062,0.44444444443925724,3.74143074,3.68430966,3.68430966,615580362.0,890842568.3,215865854.04431805,3887.6841,-0.011344774200695129,-0.031088082901554404,-0.019743308700859274,-1.1742793732729637,0.7693146247655241,-3.093023255761067,0.44444444443925724,0.5450095562177433,-1.2751539956082523,-0.019743308700859274,,,,,,,,,,1.0,,,,,,,,,,,,,,,0.016233766233761656,0.1
2025-04-02,3.55102714,3.64622894,3.55102714,3.62718858,219359243.0,0.0,0.0,3.6290269622469262,3.5856385808170037,0.06256118285714288,0.017247844019492812,50.09504969942393,1.7126841759478177,0.7999999999915968,3.74143074,3.67478948,3.67478948,834939605.0,894673011.95,214153408.4973507,3884.3858,-0.008922586936845667,0.0,0.008922586936845667,-0.029385349875734622,0.6935351834428294,-1.8260869564925546,0.7999999999915968,0.5380618333700976,-0.27892811685385344,0.008922586936845667,,,,,,,,,,0.0,,,,,,,,,,,,,,,0.016263908505283246,0.1
2025-04-03,3.59862804,3.65574912,3.59862804,3.63670876,112041579.0,0.0,0.0,3.629758562032933,3.5873130129213644,0.059841131428571455,0.016454749439038116,51.24949965503579,0.8798849838788774,0.6666666666549955,3.74143074,3.6652693,3.6652693,946981184.0,910450208.4,205632965.49804437,3861.5034,-0.0180317589839335,-0.00520833333333337,0.012823425650600129,0.11614416039654661,0.7093039201894729,-1.7499999999707605,0.6666666666549955,-0.12796408018953154,0.17765135814445784,0.012823425650600129,,,,,0.5754860880011741,,,,,0.0,,,,,,,,,,,,,,,0.01629405077680484,0.1
2025-04-07,3.5700675,3.57958768,3.34158318,3.41774462,344035545.0,0.0,0.0,3.6095667580297963,3.5817533934813195,0.07820147857142858,0.022881018702739026,32.58102740484516,2.463780284167027,0.31999999999865547,3.72239038,3.65574912,3.65574912,602945639.0,909025627.6,207649774.06900454,3589.4406,-0.08319585513381278,-0.060209424083769614,0.022986431050043166,-2.452922138193775,0.3556628986588363,-3.895652173863229,0.31999999999865547,0.9016968713085995,-1.4740203304930442,0.022986431050043166,,,,,-0.7201804567541092,,,,,1.0,,,,,,,,,,,,,,,0.016323717117723457,0.1
2025-04-08,3.39870426,3.48438588,3.39870426,3.48438588,265379613.0,0.0,0.0,3.5976447696460063,3.5785610159901284,0.08092153,0.02322404371584033,39.771775822620086,1.826038668176363,0.9999999999883288,3.68430966,3.65574912,3.65574912,868325252.0,928445500.95,183351780.17264766,3650.759,-0.06085104294347221,-0.031746031746031744,0.029105011197440467,-1.399613794309211,0.2358303612850876,-2.470588235263584,0.9999999999883288,0.602148958386874,-0.32789563806465166,0.029105011197440467,,,,,1.7857376973112113,,,,,0.0,,,,,,,,,,,,,,,0.01635338345864208,0.1
2025-04-09,3.4748657,3.48438588,3.39870426,3.4748657,196489606.0,0.0,0.0,3.585951524917815,3.5751611695642227,0.08228155571428568,0.02367906066535521,39.12970173206344,1.3099670853259375,0.8888888888785145,3.68430966,3.65574912,3.65574912,671835646.0,932881474.1,175863615.9806052,3686.7943,-0.05167338570538693,-0.024064171122994638,0.027609214582392294,-1.3500695745496012,0.13113941830329115,-2.5454545454236075,0.8888888888785145,0.27000201119201317,-1.4843651806226308,0.027609214582392294,,,,,1.3427658225465928,,,,,0.0,,,,,,,,,,,,,,,0.01638906758875342,0.1
2025-04-10,3.49390606,3.50342624,3.44630516,3.46534552,155333343.0,0.0,0.0,3.5744652387351663,3.571560656463756,0.08296156857142852,0.023940345368909873,38.46102577378507,1.0212057615659798,0.33333333332749776,3.68430966,3.65574912,3.65574912,516502303.0,923896060.2,191612105.272809,3735.1151,-0.03842839194809122,-0.044619422572178435,-0.006191030624087213,-1.315304430869104,0.03501117832499043,-2.6393442622632666,0.33333333332749776,0.020984048325777844,-2.1261378899833625,-0.006191030624087213,,,,,-0.6954831558817336,,,,,0.0,,,,,,,,,,,,,,,0.01642475171886476,0.1
2025-04-11,3.4748657,3.48438588,3.45582534,3.4748657,112520470.0,0.0,0.0,3.564979568379436,3.5683903300223214,0.07888149142857134,0.02270058708414217,39.57307584682032,0.738879875107181,0.6666666666433244,3.67478948,3.57958768,3.57958768,629022773.0,915088065.25,200699993.6730176,3750.5167,-0.028741836663927267,-0.04450261780104703,-0.01576078113711976,-1.1423955955484615,-0.04323906129399961,-2.534482758588559,0.6666666666433244,-0.30261992184592956,-1.4253378239565886,-0.01576078113711976,,,,,0.5320059109009259,,,-0.75058565776967,,1.0,,,,,,,,,,,,,,,0.01643975057895144,0.1
2025-04-14,3.48438588,3.54150696,3.4748657,3.5224666,138313256.0,0.0,0.0,3.5609307142480615,3.5668846339560156,0.08160154285714276,0.023166023166016562,44.931443071572744,0.9289564349951387,0.7142857142749959,3.6652693,3.54150696,3.5609307142480615,767336029.0,902885873.4,201889875.03245994,3759.1422,0.04727800760931933,0.03064066852367686,-0.016637339085642466,-0.4713650367484847,-0.07296332274384186,-1.7499999999785543,0.7142857142749959,-0.07369343578333959,-0.6714048655397217,-0.016637339085642466,,,,,0.7010426880956817,,,-0.7757142291072974,,1.0,,,,,,,,,,,,,,,0.016454749439038116,0.1
2025-04-15,3.5224666,3.56054732,3.51294642,3.54150696,161945364.0,0.0,0.0,3.5590808328911034,3.5660525790722115,0.08296156857142847,0.023425499231944202,46.95758538359881,1.072472669638144,0.5999999999873952,3.65574912,3.56054732,3.56054732,929281393.0,892794534.2,195162116.44039938,3761.2348,0.030261049825529573,0.016393442622950838,-0.013867607202578736,-0.21183149250319233,-0.0840358529988676,-1.37704918031127,0.5999999999873952,0.06996688864046405,0.18695666692640467,-0.013867607202578736,,,,,0.2721725703380333,,,-0.6554330511428734,,1.0,,,,,,,,,,,,,,,0.016498051411246085,0.1
2025-04-16,3.55102714,3.62718858,3.53198678,3.60814822,235531539.0,0.0,0.0,3.563753917377665,3.5674327640206633,0.08500160714285705,0.023558235959284815,53.41769585172905,1.488840056122247,0.7999999999915968,3.65574912,3.62718858,3.62718858,1164812932.0,899060191.95,201674421.40809396,3772.8204,0.023333577357434798,0.03835616438356171,0.01502258702612691,0.5222760382306855,-0.04327973042641569,-0.5599999999934118,0.7999999999915968,0.39799733095592693,1.3177315109893966,0.01502258702612691,,,,,1.0087378665606308,,,0.5190734742906495,,1.0,,,,,,,,,,,,,,,0.016541353383454055,0.1
2025-04-17,3.6176684,3.63670876,3.55102714,3.63670876,148806980.0,0.0,0.0,3.570701997627411,3.5697041081511336,0.08772165857142847,0.0241211667913172,55.89679938557563,0.9277562503724975,0.9999999999883288,3.65574912,3.63670876,3.63670876,1313619912.0,907522314.95,214906781.8732045,3772.2221,0.009934633607408871,0.0494505494505495,0.039515915843140625,0.7524568441451611,0.0113756339371253,-0.21705426356341712,0.9999999999883288,-0.07498624193397349,1.88964533138651,0.039515915843140625,,,,,1.7096498861138554,,,1.4864377108060098,,0.0,,,,,,,,,,,,,,,0.01656317574939529,0.1
2025-04-18,3.6176684,3.64622894,3.59862804,3.62718858,105446100.0,0.0,0.0,3.576081672139086,3.5715888449330633,0.08772165857142847,0.024184476940375756,54.848934418068794,0.6528143696714457,0.5999999999873952,3.65574912,3.64622894,3.64622894,1208173812.0,910712132.95,218836236.2425281,3772.523,0.00586753819813679,0.043835616438356206,0.037968078240219416,0.5826030730907444,0.05121685201965456,-0.3255813953451257,0.5999999999873952,-0.4264624632101614,1.3592889557848828,0.037968078240219416,,,,,0.22644563552864322,,,1.3909818807664078,,0.0,,,,,,,,,,,,,,,0.016584998115336518,0.1
2025-04-21,3.6176684,3.65574912,3.5700675,3.57958768,123941295.0,0.0,0.0,3.576415577649649,3.5718511018205037,0.08704164571428562,0.02431610942248558,49.81999138808849,0.7656044099450309,0.11111111110981431,3.64622894,3.65574912,3.65574912,1084232517.0,913540486.2,220687246.91946113,3784.8806,0.0068468811847555155,0.016216216216216273,0.009369335031460757,0.036443501547834066,0.05244013703596173,-0.7656249999912038,0.11111111110981431,-0.26708967874369294,0.7734567048285,0.009369335031460757,,,,,-1.5576520422012445,,,0.23481148499491306,,1.0,,,,,,,,,,,,,,,0.016916421067414665,0.1
2025-04-22,3.57958768,3.64622894,3.5700675,3.63670876,133076801.0,0.0,0.0,3.5821577854925395,3.573977582416553,0.08636163285714275,0.02374719521315724,55.13585517786024,0.8151032155168312,0.8749999999885112,3.65574912,3.65574912,3.65574912,1217309318.0,923022679.5,229293477.29673192,3783.9522,0.006039878180431613,0.026881720430107503,0.02084184224967589,0.6316575162151644,0.09472033824815834,-0.22047244094232898,0.8749999999885112,-0.20444052895412293,1.2834496731852494,0.02084184224967589,,,,,1.2386654166535624,,,0.693410170639194,,0.0,,,,,,,,,,,,,,,0.017247844019492812,0.1
2025-04-23,3.63670876,3.64622894,3.59862804,3.59862804,102892093.0,0.0,0.0,3.583726381159917,3.5747857941406003,0.08296156857142847,0.023053665910802334,51.23880890336853,0.6286088097297601,0.0,3.65574912,3.65574912,3.65574912,1114417225.0,922634153.55,228962017.01353484,3786.8824,0.0037271851053393146,-0.0026385224274406704,-0.006365707532779985,0.1796212281964425,0.10776781554595607,-0.688524590155635,0.0,-0.46424613987475133,0.8376195927670527,-0.006365707532779985,0.6666666666666666,-0.1432521080583476,-1.3059203538975737,0.6837820719888822,-1.9132145102087927,,,-0.41333208497629975,,1.0,,,,,,,,,,,,,,,0.01752930234369573,0.1
2025-04-24,3.59862804,3.67478948,3.59862804,3.6652693,142348274.0,0.0,0.0,3.591492373430401,3.577752466463859,0.08432159428571419,0.02300556586270242,56.970589711022036,0.8628316312180913,0.8749999999885112,3.65574912,3.67478948,3.67478948,1256765499.0,935184643.9,239797453.5306357,3784.3574,0.0032170163045277533,0.007853403141361293,0.004636386836833539,0.8749470072724095,0.16294647987587815,0.11290322580511265,0.8749999999885112,-0.14753570401478594,1.341052001867551,0.004636386836833539,0.6557377049180327,0.6447086165363989,-1.1451847047283625,1.5046289089432983,1.2206237649808045,,,0.03814766392801211,,0.0,,,,,,,,,,,,,,,0.01752930234369573,0.1
2025-04-25,3.6652693,3.68430966,3.6176684,3.62718858,121316876.0,0.0,0.0,3.594892012151315,3.5793733226453717,0.06800128571428564,0.018747656542926944,53.12749372480381,0.731945506272241,0.14285714285499918,3.67478948,3.68430966,3.68430966,1135448623.0,936371179.7,240724934.8733618,3786.9937,0.0038358149174968492,0.0,-0.0038358149174968492,0.4749405472112315,0.22821170721562972,-0.699999999989706,0.14285714285499918,-0.31204921277526815,0.8269913684044765,-0.0038358149174968492,0.5161290322580645,0.18328699696743264,-0.9665011121011132,0.6317763983505577,-1.3823214250597664,,,-0.3098219933237973,,1.0,,,,,,,,,,,,,,,0.01752930234369573,0.1
2025-04-28,3.63670876,3.7128702,3.62718858,3.70335002,171663803.0,0.0,0.0,3.605221346232142,3.5834381323947033,0.06800128571428564,0.018362100624306443,59.073792150814704,1.012094558594274,0.8888888888785145,3.68430966,3.7128702,3.7128702,1307112426.0,950857456.2,253540762.66741326,3781.6188,-0.0008617973312023963,0.034574468085106336,0.03543626541630873,1.4430414474619282,0.3203353231973083,0.2799999999958824,0.8888888888785145,0.012022003846397426,1.4051191061033603,0.03543626541630873,0.5079365079365079,1.277505772834373,-0.7269961823645206,1.6308412531327405,1.259159613133149,,,1.299784879775594,,0.0,,,,,,,,,,,,,,,0.01752930234369573,0.1
2025-04-29,3.70335002,3.73191056,3.67478948,3.70335002,108913612.0,0.0,0.0,3.614566934210033,3.5873696696932376,0.0659612471428571,0.01781123760557726,59.07379215070874,0.6568417385569607,0.4999999999912428,3.7128702,3.73191056,3.73191056,1307112426.0,974587743.8,263372979.96830887,3775.0767,-0.0023455634561134753,0.018324607329842868,0.020670170785956343,1.3459885862427212,0.412321866163019,-0.14432989690502832,0.4999999999912428,-0.4203121745119931,1.2625618703938881,0.020670170785956343,0.5,1.1444192541634346,-0.4911267440164117,1.1611769580720865,-0.12279672139000493,,,0.6811623793584065,,0.0,,,,,,,,,,,,,,,0.01752930234369573,0.1
2025-04-30,3.69382984,3.70335002,3.58910786,3.59862804,177445288.0,0.0,0.0,3.613048944285268,3.5877387965885412,0.07004132428571423,0.019463340891906898,49.13389703690228,1.0830398631387004,0.08333333333260388,3.73191056,3.73191056,3.73191056,1129667138.0,1000292082.6,251918199.938332,3770.5705,-0.004307474665703914,0.0,0.004307474665703914,-0.20589137101742808,0.3613602106253653,-1.9029126213320604,0.08333333333260388,0.07977177541042862,0.5135597802448183,0.004307474665703914,0.5384615384615384,-0.6326004054023591,-0.6132914779673314,-0.6812354705008481,-1.5774070461571792,,,0.0009147958054283209,,0.0,,,,,,,,,,,,,,,0.01752930234369573,0.1
2025-05-06,3.6176684,3.6176684,3.5700675,3.58910786,135279971.0,0.0,0.0,3.6107688410200045,3.587783683913507,0.07140134999999995,0.019893899204238473,48.33761996227763,0.847427343087493,0.3999999999915968,3.73191056,3.73191056,3.73191056,994387167.0,1008264460.7,249066039.34818023,3808.5424,0.006390781166704773,-0.020779220779220786,-0.02717000194592556,-0.3033693483344674,0.3219148812477005,-1.9999999999719946,0.3999999999915968,-0.16555017427284757,-0.055717325960286286,-0.02717000194592556,0.5454545454545454,-0.7364152993102783,-0.7052957955862664,-0.7742470988929688,-0.45192360762394923,-0.29273849272389996,-0.525248866995864,-1.2927605221594725,,1.0,,,,,,,,,,,,,,,0.01752930234369573,0.1
2025-05-07,3.63670876,3.68430966,3.6176684,3.68430966,179725589.0,0.0,0.0,3.6177727285419086,3.590948470014703,0.07344138857142853,0.019933554817270327,56.01438657085686,1.102473870321608,0.9999999999849942,3.73191056,3.73191056,3.73191056,1174112756.0,1019621039.3,251182047.39119524,3831.627,0.011785945141656873,0.015748031496062964,0.003962086354406091,0.9059868386403391,0.365247158974276,-0.6481481481393284,0.9999999999849942,0.09755662766944112,0.6150587524250568,0.003962086354406091,0.5522388059701493,0.6578873541235389,-0.5888564297731765,0.6511678446393251,1.6452556290555558,0.6050534924543804,0.1385827643514287,0.0042019994513804735,,0.0,,,,,,,,,,,,,,,0.01752930234369573,0.1
2025-05-08,3.67478948,3.7128702,3.6652693,3.68430966,94504381.0,0.0,0.0,3.624109579156965,3.5940094926371717,0.07344138857142853,0.019933554817270327,56.014386570762696,0.6277537554047583,0.3999999999915968,3.73191056,3.73191056,3.73191056,1174112756.0,1048179395.15,234071156.50687248,3852.8963,0.01884840957528544,-0.005141388174807138,-0.02398979775009258,0.8197023778174499,0.4098518165966886,-0.6481481481393284,0.3999999999915968,-0.4656072986369551,0.5380131526214018,-0.02398979775009258,0.5514705882352942,0.552099138084517,-0.47034550912615725,0.6443562661536528,-0.4642189981200439,-1.311707150605698,0.06107808553063759,-1.1501504446903845,,1.0,,,,,,,,,,,,,,,0.01752930234369573,0.1
2025-05-09,3.68430966,3.73191056,3.67478948,3.7128702,114513143.0,0.0,0.0,3.6325629716182064,3.5979065650097235,0.07072133714285712,0.019047619047613915,58.17667254422035,0.8007890303000659,0.6666666666549904,3.73191056,3.73191056,3.73191056,1288625899.0,1069194427.5,235841101.47314566,3846.1566,0.018828730022889317,0.0025706940874035134,-0.016258035935485804,1.135544541789944,0.49004173292123854,-0.2692307692269683,0.6666666666549904,-0.22215774950144168,0.9304208220253154,-0.016258035935485804,0.5072463768115942,0.9092700789742542,-0.2617487425674103,1.033485182583921,0.47586941778812863,-0.4707951567381058,0.4520802309461992,-0.8176014274514244,,0.0,,,,,,,,,,,,,,,0.01752930234369573,0.1
2025-05-12,3.73191056,3.7604711,3.69382984,3.7128702,117643450.0,0.0,0.0,3.6402112790831387,3.6016758645176012,0.06936131142857145,0.018681318681313657,58.17667254411251,0.8460022518331681,0.28571428570999646,3.73191056,3.7604711,3.7604711,1288625899.0,1100033940.15,221771860.42429182,3890.6096,0.031835792488165815,0.03174603174603163,-8.976074213418173e-05,1.0475424904651347,0.5555750572084523,-0.2745098039176169,0.28571428570999646,-0.16723325763812272,0.8503872334803323,-8.976074213418173e-05,0.4857142857142857,0.7967393179412735,-0.09113917085515501,1.0128637824691245,-0.8693117260340463,-0.2785721327395273,0.3676212844536829,-0.13867163818541542,,1.0,,,,,,,,,,,,,,,0.01752930234369573,0.1
2025-05-13,3.72239038,3.7604711,3.69382984,3.7604711,108376227.0,0.0,0.0,3.651664595360935,3.6068822656809587,0.0707213371428572,0.018806509945745464,61.805920509361314,0.7927441164284057,0.9999999999849942,3.7604711,3.7604711,3.7604711,1397002126.0,1144058931.3,186087626.73240262,3896.2583,0.023031357088213023,0.04774535809018565,0.02471400100197263,1.5385244260545774,0.6332223270734081,0.0,0.9999999999849942,-0.2322547873150869,1.359269281582794,0.02471400100197263,0.5070422535211268,1.345760363190692,0.11086442072902121,1.2814529300203261,1.636981002294818,-0.5000784214712285,0.875020807854446,0.8976348067535265,,1.0,,,,,,,,,,,,,,,0.01752930234369573,0.1
2025-05-14,3.75095092,3.82711236,3.73191056,3.808072,164401165.0,0.0,0.0,3.6665605386598936,3.6134786504127305,0.07140135000000004,0.018749999999995087,65.07014161180571,1.1801589167979816,0.7999999999915968,3.7604711,3.82711236,3.82711236,1561403291.0,1190677957.2,167035848.72081238,3943.2108,0.029121780382067364,0.033591731266150004,0.004469950884082641,1.9819157668324827,0.7434297565300884,0.6666666666573285,0.7999999999915968,0.16564910466220245,2.219435747709696,0.004469950884082641,0.5,1.8072001440713186,0.39749658261115195,1.9238591925035087,0.9220188675980076,0.8812491539970002,1.7021180697736027,0.04204241730894669,,0.0,,,,,,,,,,,,,,,0.01752930234369573,0.1
2025-05-15,3.79855182,3.83663254,3.78903164,3.808072,108015888.0,0.0,0.0,3.680037820692285,3.619858760235264,0.06936131142857148,0.018214285714280944,65.0701416116799,0.7839202022111834,0.3999999999915968,3.82711236,3.83663254,3.83663254,1561403291.0,1230381320.3,155677750.38162336,3907.1992,0.0140940466007351,0.033591731266150004,0.019497684665414905,1.8459019396961585,0.8676171083951594,-0.27450980391761043,0.3999999999915968,-0.24344804670585815,2.1263280712146955,0.019497684665414905,0.4520547945205479,1.6099329969197884,0.718480684828092,0.931113427200758,-0.48515252247794666,-0.5483097939242618,1.5663323412291965,0.6748289414980074,,0.0,,,,,,,,,,,,,,,0.01752930234369573,0.1
2025-05-16,3.808072,3.81759218,3.73191056,3.76999128,99516700.0,0.0,0.0,3.688604816816829,3.624781137932468,0.07208136285714291,0.01911976911976406,60.289516634759565,0.73897830578055,0.44444444443925724,3.83663254,3.83663254,3.83663254,1461886591.0,1257011580.2,147217755.14058155,3889.0854,0.011161480008380353,0.015384615384615552,0.004223135376235199,1.1290916258525905,0.885439402831031,-0.9245283018739645,0.44444444443925724,-0.30248671464812465,1.3916460728827185,0.004223135376235199,0.5405405405405406,0.7876665044114044,0.757601297990844,0.2514682334346862,-0.32561813697074937,-0.7477596944220392,0.8243134877434855,0.02307722739115839,,0.0,,,,,,,,,,,,,,,0.01752930234369573,0.1
2025-05-19,3.77951146,3.82711236,3.7604711,3.76999128,92320223.0,0.0,0.0,3.6963559085485596,3.629542126196977,0.07140135000000004,0.018939393939388927,60.2895166346343,0.7240381978180819,0.14285714285499918,3.83663254,3.83663254,3.83663254,1461886591.0,1271865263.15,152072661.90039796,3877.1453,-0.0034607173127829682,0.015384615384615552,0.01884533269739852,1.0312882242479908,0.9357495670690628,-0.93333333332026,0.14285714285499918,-0.32291112857090964,1.2495429847506512,0.01884533269739852,0.52,0.6698247421368589,0.880910274431056,0.24051361974133326,-1.3763165045499721,-0.8101075613004121,0.6752314621517859,0.6451191655933182,,0.0,,,,,,,,,,,,,,,0.01752930234369573,0.1
2025-05-20,3.77951146,3.808072,3.7604711,3.76999128,92463940.0,0.0,0.0,3.703368801067745,3.634147016485601,0.07004132428571433,0.01857864357863866,60.2895166344994,0.7415491324383394,0.1999999999957984,3.83663254,3.83663254,3.83663254,1461886591.0,1279278597.1,157446402.6076272,3898.1705,0.0004907785502825668,0.0025316455696202667,0.0020408670193377,0.9511881679954549,0.9882991974678312,-0.9514563106660257,0.1999999999957984,-0.299013858724943,1.1598105188536965,0.0020408670193377,0.4605263157894737,0.5732766360481161,1.0073768377332821,0.2198421015541397,-1.158366475225606,-0.7174746592970339,0.5796971393069312,-0.0782337530620749,,1.0,,,,,,,,,,,,,,,0.01752930234369573,0.1
2025-05-21,3.77951146,3.81759218,3.76999128,3.79855182,83017995.0,0.0,0.0,3.712433850489864,3.6395373379123024,0.06732127285714291,0.017722878625129612,62.846445285268686,0.6718360218392831,0.5999999999873952,3.83663254,3.83663254,3.83663254,1544904586.0,1296115135.8,166676226.36247715,3916.3807,-0.006804125206798406,-0.0024999999999999467,0.004304125206798459,1.279208871935633,1.082815423457112,-0.5656565656481621,0.5999999999873952,-0.39774098335563535,1.4926510854580313,0.004304125206798459,0.4025974025974026,0.9378616039213726,1.2384068019319867,0.6241456820191741,0.2540596110406358,-1.0527906335140758,0.9030566545515061,0.019717331040409222,,1.0,,,,,,,,,,,,,,,0.01748536132231121,0.1
2025-05-22,3.79855182,3.8556729,3.76999128,3.8556729,113955356.0,0.0,0.0,3.726075664728925,3.64662374978403,0.06936131142857145,0.01798941798941333,67.37151271084579,0.9259428218991355,0.9999999999883288,3.83663254,3.8556729,3.8556729,1658859942.0,1324846507.05,176889655.58875075,3913.8651,0.0017060558366208678,0.012499999999999956,0.010793944163379088,1.868436922543864,1.1454788455891514,0.27450980391761054,0.9999999999883288,-0.0769427936515484,1.888258721734102,0.010793944163379088,0.4358974358974359,1.5776842772086506,1.3784550614542763,1.4889041864008132,1.6410585045895667,0.08708862811501566,1.277853477143109,0.300668369013826,,0.0,,,,,,,,,,,,,,,0.017767058115353437,0.1
2025-05-23,3.8556729,3.87471326,3.79855182,3.808072,103259758.0,0.0,0.0,3.7338848395166466,3.6519171350370123,0.06664126000000002,0.017499999999995408,60.73324715269989,0.8493245065208659,0.12499999999835874,3.8556729,3.87471326,3.87471326,1555600184.0,1341761050.35,181901069.5381359,3882.2741,-0.0017513886426869796,0.010101010101010166,0.011852398743697146,1.1132316598191607,1.2299843141982052,-0.7142857142749948,0.12499999999835874,-0.16331394364853974,1.1755793090879454,0.011852398743697146,0.3924050632911392,0.7125387262739666,1.5661312896079451,0.4390903915405031,-1.414581832304161,-0.22051357263066895,0.5576339443301308,0.34481084248391797,,0.0,,,,,,,,,,,,,,,0.017767058115353437,0.1
2025-05-26,3.79855182,3.82711236,3.7604711,3.76999128,115052741.0,0.0,0.0,3.7373235481341087,3.6557884184784215,0.06800128571428574,0.01803751803751326,55.98105419794864,0.9416141291100549,0.14285714285499918,3.87471326,3.87471326,3.87471326,1440547443.0,1358067561.25,175287688.1694415,3860.1067,-0.0043946250866585546,0.0,0.0043946250866585546,0.4803987383807391,1.199023353721079,-1.539999999977351,0.14285714285499918,-0.060159717721659164,0.4705400739284723,0.0043946250866585546,0.45,-0.008819799662181566,1.4559394918257886,-0.4359952852950854,-1.331778327236033,0.15015381535753164,-0.1521367923868412,0.01625157413383821,,1.0,,,,,,,,,,,,,,,0.017900327797495293,0.1
2025-05-27,3.76999128,3.808072,3.7604711,3.78903164,96712310.0,0.0,0.0,3.7422481283118127,3.6601570486922435,0.06460122142857146,0.017049533381187178,57.7607211942221,0.8065749875379593,0.5999999999873952,3.87471326,3.87471326,3.87471326,1537259753.0,1372092273.95,177824260.84725645,3839.3969,-0.015077226611816985,0.005050505050504972,0.020127731662321957,0.7241892746438392,1.2707357198975775,-1.3263157894531512,0.5999999999873952,-0.21495840677081843,0.9288242125289746,0.020127731662321957,0.37037037037037035,0.269049879529898,1.6053907561054135,-0.20618708692888404,0.25953163082437863,-0.4081713306951162,0.3106974290376955,0.7071264668027902,,0.0,,,,,,,,,,,,,,,0.017900327797495293,0.1
2025-05-28,3.77951146,3.79855182,3.73191056,3.76999128,92444052.0,0.0,0.0,3.7448903332344976,3.6637581710302025,0.06596124714285716,0.017496392496387857,55.35077419093503,0.7803735728007449,0.5714285714199967,3.87471326,3.87471326,3.87471326,1444815701.0,1387560627.85,169842932.5548903,3836.2366,-0.02046381752417481,-0.007518796992481147,0.012945020531693663,0.38054081528748296,1.2299973957034371,-1.58762886595531,0.5714285714199967,-0.2479825344652747,0.3371060089974379,0.012945020531693663,0.3902439024390244,-0.12665714437444156,1.471478879676037,-0.4835660715555767,0.15862149696258765,-0.524186026682881,-0.291408012860291,0.3855858874564117,,0.0,,,,,,,,,,,,,,,0.017900327797495293,0.1
2025-05-29,3.76999128,3.77951146,3.74143074,3.75095092,100702700.0,0.0,0.0,3.7454675319740693,3.6666169496849497,0.06460122142857141,0.0172226250906408,52.97067490119106,0.8763369097158773,0.249999999993435,3.87471326,3.87471326,3.87471326,1344113001.0,1389410656.6,169156697.43574777,3858.6998,-0.014094839395461078,-0.02716049382716046,-0.01306565443169938,0.08488056269816607,1.2205741709556217,-1.9157894736545529,0.249999999993435,-0.13200466185313894,-0.26778517366837157,-0.01306565443169938,0.37349397590361444,-0.4663942194810606,1.420880783791961,-0.8296141852549963,-0.9629167691033096,-0.09843447414987389,-0.9020049197430385,-0.7685049418078591,,1.0,,,,,,,,,,,,,,,0.017900327797495293,0.1
2025-05-30,3.75095092,3.78903164,3.74143074,3.77951146,129462052.0,0.0,0.0,3.748709810833682,3.6703184090395413,0.06324119571428567,0.01673263763943421,56.02524927333027,1.1166235135305302,0.7999999999831936,3.87471326,3.82711236,3.82711236,1473575053.0,1397733787.95,168997769.55621055,3840.2323,-0.010829168399006162,-0.007499999999999951,0.0033291683990062104,0.4870503920417406,1.2395622964983402,-1.505376344062217,0.7999999999831936,0.11030941182261844,0.44877080478138676,0.0033291683990062104,0.35714285714285715,0.002634406066754109,1.4418216778205195,-0.382656320270032,0.9638640915485945,0.787196438874306,-0.16393932229283745,-0.034951174505065484,,1.0,,,,,,,,,,,,,,,0.017900327797495293,0.1
2025-06-03,3.76999128,3.86519308,3.7604711,3.83663254,157406280.0,0.0,0.0,3.7570834040876173,3.675771331366114,0.06596124714285707,0.017192484934415917,61.4220434581794,1.3694803004509986,0.7272727272657824,3.87471326,3.86519308,3.86519308,1630981333.0,1422799497.7,164496780.31051123,3852.0127,-0.0020968332300242976,0.017676767676767735,0.019773600906792033,1.2059980572970583,1.2327249141327987,-0.5773195876201135,0.7272727272657824,0.3144313251348792,1.2655678421609646,0.019773600906792033,0.3764705882352941,0.8376551787535472,1.3995969577372043,0.6220764499902701,0.7023024447239229,1.5097076926369621,0.6751161446371858,0.6989933599423741,,1.0,,,,,,,,,,,,,,,0.017900327797495293,0.1
2025-06-04,3.84615272,3.88423344,3.83663254,3.8556729,127021108.0,0.0,0.0,3.7664728798887968,3.6816697434524706,0.06256118285714278,0.016225749559078663,63.049883439343176,1.1091051993424614,0.3999999999915968,3.87471326,3.88423344,3.88423344,1758002441.0,1460980261.4,148467553.42790624,3868.7429,0.007643387949810565,0.017587939698492372,0.009944551748681807,1.4258045650042133,1.3555232264168813,-0.3043478260820917,0.3999999999915968,0.1035535635108729,2.000586476588164,0.009944551748681807,0.26744186046511625,1.0820750934913923,1.6688800527616228,0.9103500804647456,-0.45058310318102646,0.7293523752174416,1.4113080480281277,0.25425440743113825,,0.0,,,,,,,,,,,,,,,0.017900327797495293,0.1
2025-06-05,3.87471326,3.89375362,3.808072,3.81759218,111783165.0,0.0,0.0,3.771341384661292,3.6861262167818976,0.06528123428571421,0.017100106875663473,57.797058729146876,1.0058898709539317,0.11111111110981431,3.88423344,3.89375362,3.89375362,1646219276.0,1484585587.4,138153643.99493742,3877.5557,0.010770738176055117,0.012626262626262541,0.0018555244502074242,0.7084853073637533,1.3053547288203973,-1.0208333333176958,0.11111111110981431,0.005872593472235854,1.1699560281299775,0.0018555244502074242,0.3793103448275862,0.23845526262016267,1.5151568592344387,0.12639564857388538,-1.451725432818251,0.36751820779518346,0.5497631947632983,-0.11178607534860151,,0.0,,,,,,,,,,,,,,,0.017900327797495293,0.1
2025-06-06,3.82711236,3.8556729,3.79855182,3.808072,112135800.0,0.0,0.0,3.7748395385030737,3.690124439182491,0.06324119571428564,0.016607142857138477,56.529099241440676,1.0011213027655388,0.16666666666374888,3.89375362,3.89375362,3.89375362,1534083476.0,1502584123.4,118597281.36788327,3873.9841,0.003960997432347568,0.015228426395939021,0.011267428963591453,0.5254875579288575,1.339555622919808,-1.3548387096559957,0.16666666666374888,0.001120674575143352,0.265599280495228,0.011267428963591453,0.3522727272727273,0.02230749489889652,1.567437304876891,-0.2393463298352706,-1.2400053558812518,0.34754870192814385,-0.38469875443728463,0.315229301878128,,0.0,,,,,,,,,,,,,,,0.017900327797495293,0.1
2025-06-09,3.808072,3.81759218,3.7604711,3.808072,148884124.0,0.0,0.0,3.778004534836114,3.693991572324048,0.06256118285714278,0.016428571428567094,56.52909924130039,1.309115960339869,0.8333333333187445,3.89375362,3.89375362,3.89375362,1534083476.0,1514857002.25,108052746.21163966,3885.2459,0.011721582571970979,0.007556675062972307,-0.004164907508998672,0.48060896214292764,1.3428928078704179,-1.3695652173694128,0.8333333333187445,0.26935206997121963,0.1779360027772148,-0.004164907508998672,0.3146067415730337,-0.03079826618364276,1.5452849426225297,-0.254090110560707,1.0916794107515253,1.322214470075834,-0.47249876902998794,-0.3889091878219421,,1.0,,,,,,,,,,,,,,,0.017900327797495293,0.1
2025-06-10,3.808072,3.88423344,3.79855182,3.8556729,190869792.0,0.0,0.0,3.78540152199458,3.6992925994609647,0.06528123428571421,0.01693121693121252,61.43513617173998,1.6259449709088167,0.6666666666588859,3.89375362,3.89375362,3.89375362,1724953268.0,1536673370.7,104151036.82513182,3865.4652,0.003492330126533494,0.00496277915632759,0.0014704490297940964,1.076440707245047,1.3190455645404315,-0.5833333333243976,0.6666666666588859,0.48608916732341384,1.8077582618415922,0.0014704490297940964,0.37777777777777777,0.6750580694862758,1.4615327468073176,0.6147726697707184,0.5032784617426098,2.0569163796228183,1.2150039171733282,-0.12912096752068655,,1.0,,,,,,,,,,,,,,,0.017900327797495293,0.1
2025-06-11,3.8556729,3.88423344,3.83663254,3.87471326,109797397.0,0.0,0.0,3.7939074018046197,3.705044096527818,0.06528123428571421,0.01684801684801248,63.223073455459605,0.9347551783627399,0.7999999999831936,3.89375362,3.89375362,3.89375362,1834750665.0,1558560797.65,117624316.58596975,3894.6252,0.006690105977318783,0.004938271604938205,-0.0017518343723805785,1.237811433535129,1.3612381298814789,-0.2916666666621988,0.7999999999831936,-0.06747062530314736,2.3480677751537633,-0.0017518343723805785,0.37362637362637363,0.8599672663430281,1.5337269731986722,0.9302973466087758,0.9641613514200219,0.049415551375775794,1.7363042633536745,-0.2765145423545199,,1.0,,,,,,,,,,,,,,,0.017900327797495293,0.1
2025-06-12,3.87471326,3.9032738,3.84615272,3.89375362,103361524.0,0.0,0.0,3.8034165654422747,3.711231294018709,0.06324119571428564,0.016241704505758996,64.9719575548468,0.9034376034725249,0.8333333333187445,3.89375362,3.9032738,3.9032738,1938112189.0,1577396242.55,143816775.14497152,3892.1992,0.003776477021335989,0.01995012468827917,0.01617364766694318,1.4284526650069411,1.4576775530713761,0.0,0.8333333333187445,-0.10154823223945501,2.5081632242580034,0.01617364766694318,0.2717391304347826,1.075749686833749,1.7248575243909836,1.2383216267343642,1.0705732807186283,-0.07444226046948178,1.8517094263506442,0.552117064197549,,0.0,,,,,,,,,,,,,,,0.017900327797495293,0.1
2025-06-13,3.89375362,3.91279398,3.82711236,3.82711236,147463359.0,0.0,0.0,3.8056733077811056,3.7150306732312104,0.0639212085714285,0.016702203269363062,55.096401480812595,1.2670685218794377,0.0,3.9032738,3.91279398,3.91279398,1790648830.0,1588858519.5,151039483.57288155,3864.1822,-0.0025301859137728533,0.004999999999999893,0.007530185913772747,0.33539810491227096,1.4180369328779023,-1.1914893616834876,0.0,0.2367059818651305,1.3360103313821878,0.007530185913772747,0.3655913978494624,-0.23251010731397834,1.599979307997494,-0.08661527912725339,-1.8267347373277487,1.1508350461063255,0.6557999955593486,0.14864813942367627,,1.0,,,,,,,,,,,,,,,0.017900327797495293,0.1
2025-06-16,3.83663254,3.88423344,3.81759218,3.88423344,114288936.0,0.0,0.0,3.813155225135286,3.7205783049285475,0.0639212085714285,0.016456582633048965,60.62141792900272,0.9758265757944775,0.9999999999849942,3.91279398,3.91279398,3.91279398,1904937766.0,1611011078.25,162823219.20058113,3873.7951,-0.002947252321918725,0.020000000000000018,0.022947252321918743,1.1119660665391826,1.4482974004135196,-0.4468085106313079,0.9999999999849942,-0.024470397092724673,1.805189021523479,0.022947252321918743,0.32978723404255317,0.6970881146205137,1.6375772949591918,0.7400532212540809,1.6278435133480693,0.19339220896679407,1.119258654908012,0.8629769931622036,,0.0,,,,,,,,,,,,,,,0.017900327797495293,0.1
2025-06-17,3.88423344,3.9032738,3.8556729,3.87471326,106162590.0,0.0,0.0,3.8190178951224016,3.7256319100128574,0.0639212085714285,0.01649701649701222,59.31155700299725,0.9011167424964092,0.3999999999915968,3.91279398,3.91279398,3.91279398,1798775176.0,1627855507.5,163946723.35669607,3870.3786,0.0012711018585809253,0.004938271604938205,0.0036671697463572794,0.8713127633450568,1.4609546220286098,-0.5957446808417438,0.3999999999915968,-0.10412045984893283,1.0425317749604122,0.0036671697463572794,0.3368421052631579,0.4039957845861011,1.6343288507650937,0.5690794118286989,-0.4429504450308839,-0.0992852181523845,0.34118892132424244,-0.04059788474342314,,1.0,,,,,,,,,,,,,,,0.017900327797495293,0.1
2025-06-18,3.88423344,3.91279398,3.8556729,3.9032738,125959588.0,0.0,0.0,3.827042267015506,3.731456234274731,0.06324119571428564,0.016202090592330326,61.96659215464877,1.0541695326837661,0.8333333333187445,3.91279398,3.91279398,3.91279398,1924734764.0,1650997916.15,171384181.31806648,3874.9708,-0.005046544658520613,0.0073710073710073765,0.01241755202952799,1.2054094190073694,1.5114520157257534,-0.15053763440622175,0.8333333333187445,0.052753284133231826,1.5972118648568876,0.01241755202952799,0.23958333333333334,0.8022582537798842,1.7137998419403297,1.05808935620571,1.0497399639927412,0.47821438341009054,0.8991567358880336,0.36955173165229954,,0.0,,,,,,,,,,,,,,,0.017900327797495293,0.1
2025-06-19,3.89375362,3.91279398,3.8556729,3.88423344,107572956.0,0.0,0.0,3.832489045394982,3.7364653229870344,0.06460122142857136,0.016631652661060127,59.193485690319996,0.8911332691380456,0.49999999999124667,3.91279398,3.91279398,3.91279398,1817161808.0,1664610777.25,173219397.96500006,3843.0912,-0.012617031522949795,-0.0024449877750610804,0.010172043747888715,0.8009816758872009,1.486407227031041,-0.4421052631510511,0.49999999999124667,-0.11526129015067994,0.8806809892089786,0.010172043747888715,0.38144329896907214,0.309073273770343,1.6255888445912852,0.7245200711429283,-0.1052959521518858,-0.14568660868193553,0.16484119647251183,0.26199212777587466,,1.0,,,,,,,,,,,,,,,0.017900327797495293,0.1
2025-06-20,3.88423344,3.97943524,3.87471326,3.96039488,154025637.0,0.0,0.0,3.8446705534526022,3.743807275675984,0.06868129857142849,0.01734203296702857,65.78862704755045,1.255115538766482,0.8181818181740053,3.91279398,3.97943524,3.97943524,1971187445.0,1680227152.4,185631079.60054153,3846.6443,-0.004538579987248048,0.03482587064676612,0.03936445063401417,1.6849466878579702,1.4685697544034024,0.693069306920602,0.8181818181740053,0.2272276311083683,1.5674115198064662,0.03936445063401417,0.47959183673469385,1.3677476579650403,1.557527599273052,1.9540197303120428,0.9936782839092982,1.120689471715387,0.8631996531695515,1.6205532815807697,,1.0,,,,,,,,,,,,,,,0.017900327797495293,0.1
2025-06-23,3.9508747,4.0460765,3.89375362,4.02703614,191447910.0,0.0,0.0,3.8620387045523543,3.7530934679489025,0.07208136285714277,0.01789935832488577,70.31024586039248,1.505949595711658,0.8749999999942556,3.97943524,4.0460765,4.0460765,2162635355.0,1710578910.95,210705856.82591853,3857.9016,-0.004102824127171778,0.03676470588235281,0.04086753000952459,2.289044336916368,1.5114203211981116,0.6603773584814044,0.8749999999942556,0.4094236598346401,2.1454384365949593,0.04086753000952459,0.5353535353535354,2.04605281439184,1.622527687089223,1.8735298138742862,1.178758121441387,1.7606660521268844,1.4346244160820336,1.6614185815245912,,1.0,,,,,,,,,,,,,,,0.01794438815714955,0.1
2025-06-24,4.01751596,4.05559668,3.96991506,4.0460765,166827492.0,0.0,0.0,3.8795661136426065,3.7626994689997577,0.0748014142857142,0.018487394957978603,71.47045152361328,1.2860936809592614,0.8888888888785145,4.0460765,4.05559668,4.05559668,2329462847.0,1755024681.15,240679347.35441816,3904.0342,0.008695686773381839,0.04422604422604426,0.03553035745266242,2.2260325950410267,1.5623587569467383,0.0,0.8888888888785145,0.2516094699423708,2.386736428215825,0.03553035745266242,0.58,1.9238699675161772,1.7011025756999252,1.1366390773965,1.2135366685944713,1.1635848589868414,1.648215140505022,1.3926184305254132,,0.0,,,,,,,,,,,,,,,0.018013468013463294,0.1
2025-06-25,4.03655632,4.05559668,3.96991506,4.03655632,161870380.0,0.0,0.0,3.8945175618671204,3.7716783821473068,0.0748014142857142,0.0185309973045776,69.99757592267544,1.21730536465651,0.7777777777687002,4.05559668,4.05559668,4.05559668,2167592467.0,1786541316.85,251142948.57023555,3960.0662,0.02196026870705703,0.034146341463414664,0.012186072756357635,1.8988779756014262,1.6422039728950901,-0.2545454545420516,0.7777777777687002,0.19663969843636186,1.5172679636013509,0.012186072756357635,0.5841584158415841,1.5131021316488382,1.835014765355462,0.8507852013543917,0.8220432813778662,0.9514963231149254,0.7595893578264394,0.3048865920321316,,1.0,,,,,,,,,,,,,,,0.0181259018758971,0.1
2025-06-26,4.02703614,4.0936774,3.98895542,4.07463704,163950721.0,0.0,0.0,3.9116717978797757,3.781611452896575,0.07820147857142848,0.01919225634178432,72.44383780932266,1.2006672321968763,0.8181818181740053,4.05559668,4.0936774,4.0936774,2331543188.0,1830877691.2,264801054.9025354,3946.0195,0.02678268473045864,0.0490196078431373,0.022236923112678664,2.083915101033407,1.6631443210212642,0.24347826086645175,0.8181818181740053,0.18287742909904425,1.890723195888621,0.022236923112678664,0.6666666666666666,1.6965074777657652,1.8394858126567573,1.376450357725509,0.9543514437970578,0.892332960049958,1.1258340627343735,0.7688807295037794,,0.0,,,,,,,,,,,,,,,0.01828819316929369,0.1
2025-06-27,4.06511686,4.13175812,3.93183434,3.9508747,291002055.0,0.0,0.0,3.9154054076055114,3.787161067555704,0.08840167142857133,0.022375215146293797,56.36011676467514,1.9922826525671595,0.09523809523761886,4.0936774,4.13175812,4.13175812,2040541133.0,1865699097.8,243429688.1647533,3921.7578,0.019527019953469615,-0.0024038461538461453,-0.02193086610731576,0.4012287530416956,1.45070039939209,-1.615384615366342,0.09523809523761886,0.6892810429554409,0.71824450221399,-0.02193086610731576,0.7572815533980582,-0.2532650924422194,1.3658274741650058,-0.6463470997290977,-1.5348753966501467,2.643609005460619,-0.0644048566963203,-1.2830585582094398,,0.0,,,,,,,,,,,,,,,0.018424747791142525,0.1
2025-06-30,3.93183434,3.96991506,3.92231416,3.9508747,151249836.0,0.0,0.0,3.9187834354526054,3.792528727635845,0.0856816199999999,0.021686746987946294,56.36011676456627,1.0278334438439531,0.5999999999873952,4.13175812,4.13175812,4.13175812,2040541133.0,1894047401.8,228680585.70512906,3936.0791,0.020264254536714876,-0.01891252955082745,-0.03917678408754233,0.3745408238898847,1.4735331546635932,-2.1111111110864718,0.5999999999873952,0.027453134299329496,0.6406041455084237,-0.03917678408754233,0.7307692307692307,-0.28287123019302657,1.3942737192902794,-1.1748412466789773,0.20749995363108253,0.2798755916511793,-0.1429015286073664,-2.0392666226574954,,1.0,,,,,,,,,,,,,,,0.0185091961312781,0.1
2025-07-01,3.96039488,4.01751596,3.9508747,3.9984756,126264409.0,0.0,0.0,3.9263731654095,3.7992810841068008,0.08704164571428562,0.021768707482987728,60.29248195644434,0.8672188434082461,0.7142857142749959,4.13175812,4.13175812,4.13175812,2166805542.0,1920838612.25,227676752.5366578,3942.762,0.009919943836557588,-0.0117647058823529,-0.021684649718910487,0.8283670879379708,1.4601295765755546,-1.5312499999824076,0.7142857142749959,-0.1424639195104031,1.0803339691451253,-0.021684649718910487,0.7333333333333333,0.24684855875843137,1.3474345289090373,-0.5385240458893176,0.6003441017642556,-0.3276126075979044,0.30647772909462284,-1.2210703225775692,,1.0,,,,,,,,,,,,,,,0.01855482044160813,0.1
2025-07-02,4.00799578,4.05559668,3.9984756,4.01751596,127187300.0,0.0,0.0,3.935053431560976,3.8064363259393645,0.08704164571428562,0.02166553825321056,61.77619151449491,0.8735076603802823,0.33333333332749776,4.13175812,4.13175812,4.13175812,2293992842.0,1947638132.3,238232895.286054,3943.6849,-0.004136622766558795,-0.004716981132075415,-0.00058035836551662,0.9473916509892254,1.477650204849296,-1.312499999984921,0.33333333332749776,-0.13523837969229296,1.4538492229803976,-0.00058035836551662,0.7169811320754716,0.3846343291241549,1.3655752946603505,-0.2973866282545518,-0.7197264196092462,-0.2999355779984324,0.6863009105699109,-0.2514337210013464,,1.0,,,,,,,,,,,,,,,0.01862998112997616,0.1
2025-07-03,4.01751596,4.05559668,3.9984756,4.0460765,127722600.0,0.0,0.0,3.9456270571265977,3.8142933808265984,0.08500160714285705,0.021008403361339325,63.95205954825482,0.8724089002084622,0.8333333333187445,4.13175812,4.13175812,4.13175812,2421715442.0,1986412940.6,248889985.8765589,3968.0676,0.005587428039826037,-0.007009345794392496,-0.012596773834218533,1.1817358076936257,1.5450728605369735,-1.0079999999881413,0.8333333333187445,-0.13649704272543037,1.7489755558742952,-0.012596773834218533,0.6822429906542056,0.6567275848546448,1.4845322187397474,0.037401827007994624,1.0137889309314823,-0.3028404043579886,0.9815661141079408,-0.7993771150262892,,1.0,,,,,,,,,,,,,,,0.0187144876121203,0.1
2025-07-04,4.0460765,4.1888792,4.03655632,4.16983884,223699384.0,0.0,0.0,3.966980560257398,3.825950608996218,0.09112172285714275,0.02185257664709193,71.51817811340996,1.471896275677312,0.8749999999942556,4.13175812,4.1888792,4.1888792,2645414826.0,2041979508.1,265221904.57553315,3982.2034,0.01541288449786471,0.055421686746987886,0.040008802249123177,2.2262340238936105,1.5477094466347385,0.41791044775660774,0.8749999999942556,0.3865515529307868,2.275209202142451,0.040008802249123177,0.7407407407407407,1.8532699733025861,1.4681130477351365,1.5868485699895487,1.1415375633038942,1.5711509968164288,1.5008669687905687,1.6031437571134042,,1.0,,,,,,,,,,,,,,,0.0187144876121203,0.1
2025-07-07,4.16983884,4.2364801,4.16031866,4.22695992,152668929.0,0.0,0.0,3.991740499280503,3.839098455258637,0.09316176142857133,0.022039897039891804,74.20882325827975,1.0032811357825404,0.8749999999885112,4.1888792,4.2364801,4.2364801,2798083755.0,2105179522.05,286417840.8222113,3965.1746,0.007392000836568435,0.06987951807228909,0.06248751723572066,2.5248494351120514,1.6384624086059236,0.4087591240832036,0.8749999999885112,0.0032757646023694057,2.419207654665995,0.06248751723572066,0.7431192660550459,2.145141955493047,1.6286934546015877,1.5519572648537963,1.1229752547305831,0.18724036529179527,1.619481024262515,2.54765113811913,,0.0,,,,,,,,,,,,,,,0.0187144876121203,0.1
2025-07-08,4.22695992,4.25552046,4.17935902,4.19839938,130874601.0,0.0,0.0,4.011422297444264,3.850878813446878,0.09452178714285704,0.02251376741172121,70.6167036642778,0.87735272579511,0.2499999999967175,4.2364801,4.25552046,4.25552046,2667209154.0,2152292316.35,297289134.1784145,3998.4527,0.014124793735964758,0.050000000000000044,0.035875206264035286,1.978137403085347,1.6984812586440814,-0.4028776978374643,0.2499999999967175,-0.13084617157951958,1.7320405573282032,0.035875206264035286,0.7727272727272727,1.4942226453569132,1.7205975346684699,0.6629456184143959,-1.0389321075987217,-0.29742204344214623,0.9114424972988187,1.3413292765101041,,1.0,,,,,,,,,,,,,,,0.0187144876121203,0.1
2025-07-09,4.20791956,4.24600028,4.1888792,4.21743974,112119041.0,0.0,0.0,4.031043006259097,3.8628972044814067,0.09452178714285704,0.022412125120923394,71.6035569912524,0.7510353900495067,0.49999999999124667,4.25552046,4.25552046,4.25552046,2779328195.0,2199521192.85,317438698.27687,3991.4006,0.01209926787000648,0.04976303317535535,0.03766376530534887,1.9719975613370193,1.7789105227325124,-0.4028776978374643,0.49999999999124667,-0.28630250442749056,1.826516443323783,0.03766376530534887,0.7657657657657657,1.4659578107766464,1.847062559324436,0.6586499691117808,-0.153719580688312,-0.8563258949649706,0.9981199606939527,1.4031972772492385,,0.0,,,,,,,,,,,,,,,0.0187144876121203,0.1
2025-07-10,4.20791956,4.284081,4.19839938,4.22695992,206705007.0,0.0,0.0,4.049701759948706,3.874833686957426,0.09316176142857133,0.022039897039891804,72.10797071570707,1.338302423745761,0.3333333333294429,4.25552046,4.284081,4.284081,2986033202.0,2251917243.5,354309617.00490487,4010.0243,0.01057358498630423,0.04470588235294115,0.03413229736663692,1.9026922347888122,1.8770369978832766,-0.3065693430624027,0.3333333333294429,0.2914019628816624,2.071961705995232,0.03413229736663692,0.7276785714285714,1.369250913722466,1.9991360292173264,0.7587614971080746,-0.7362688539666714,1.234907633739608,1.233370194773122,1.2333135665810888,,0.0,,,,,,,,,,,,,,,0.0187144876121203,0.1
2025-07-11,4.22695992,4.284081,4.13175812,4.13175812,284352532.0,0.0,0.0,4.057516651382163,3.883257438860461,0.09316176142857133,0.022547728768921443,60.5289736211789,1.7629062085359597,0.0,4.284081,4.284081,4.284081,2701680670.0,2297468835.5,350622712.7478176,4014.807,0.008187326644339743,-0.0091324200913242,-0.017319746735663943,0.7969092412873925,1.8705014788008179,-1.6350364963328143,0.0,0.5669637020776854,1.152839846946042,-0.017319746735663943,0.7787610619469026,0.11670188942977777,1.943673864112981,-0.6947187870796911,-1.873743136529021,2.1761903038180352,0.2973682440182597,-1.0355659559535206,,1.0,,,,,,,,,,,,,,,0.0187144876121203,0.1
2025-07-14,4.1412783,4.24600028,4.13175812,4.17935902,198209474.0,0.0,0.0,4.069120686488624,3.892965687422413,0.09520179999999989,0.022779043280176756,63.6702408105888,1.1976864817197086,0.41666666666301944,4.284081,4.284081,4.284081,2899890144.0,2347216454.4,361805197.21118,4017.6678,0.013238559532788408,-0.011261261261261257,-0.024499820794049665,1.1579437942372715,1.8503326519494472,-1.0999999999884456,0.41666666666301944,0.18039176404088947,1.5275449160488788,-0.024499820794049665,0.7982456140350878,0.5243222286126368,1.8661910214077029,-0.10566452945074079,-0.42028913933570033,0.7897332336666857,0.6753672932114585,-1.3321299493493288,,0.0,,,,,,,,,,,,,,,0.0187144876121203,0.1
2025-07-15,4.1888792,4.21743974,4.10319758,4.1412783,154702824.0,0.0,0.0,4.075992840156374,3.9011070845561044,0.09724183857142846,0.023481116584559165,59.58482031892501,0.9212853745195904,0.33333333333041554,4.284081,4.284081,4.284081,2745187320.0,2394537061.6,348630763.9378853,4019.0644,0.00515491905156229,-0.013605442176870763,-0.018760361228433053,0.6713721254354853,1.798462042344148,-1.4685314685163666,0.33333333333041554,-0.08198543782274766,1.0057926456039163,-0.018760361228433053,0.8695652173913043,-0.030650841591322753,1.73426720850579,-0.5100305690195618,-0.7117027301738006,-0.14814011314130043,0.14061987293578132,-1.079668128513382,,0.0,,,,,,,,,,,,,,,0.0187144876121203,0.1
2025-07-16,4.15079848,4.16031866,4.07463704,4.10319758,175665864.0,0.0,0.0,4.078583767760529,3.9077330024395107,0.09588181285714274,0.023367583692403958,55.7335694266523,1.030866976617194,0.3333333333294429,4.284081,4.284081,4.284081,2569521456.0,2426776396.2,333165577.2151852,4007.2019,0.003958835903366875,-0.02708803611738142,-0.031046872020748295,0.25670991719656944,1.781889184487909,-1.88652482267536,0.3333333333294429,0.03040017306088948,0.4284508051316595,-0.031046872020748295,0.853448275862069,-0.5030491062963214,1.6741843559541605,-0.9652170837636619,-0.6986221804479609,0.2544597671360224,-0.4505598920123798,-1.6070484558501945,,0.0,,,,,,,,,,,,,,,0.0187144876121203,0.1
2025-07-17,4.10319758,4.12223794,4.05559668,4.06511686,127999261.0,0.0,0.0,4.077301205116669,3.9128931289169033,0.08636163285714275,0.021244563399124894,52.10660232252027,0.746668055430601,0.14285714285499918,4.284081,4.284081,4.284081,2441522195.0,2457994415.55,302413808.7634067,4034.491,0.006101384472906979,-0.03828828828828823,-0.04438967276119521,-0.14108516378659658,1.9037166246013606,-2.5354330708367834,0.14285714285499918,-0.29213456285119316,-0.05446914152947038,-0.04438967276119521,0.6410256410256411,-0.9524737646623092,1.8701348281139045,-1.657489746034126,-1.3568539345725392,-0.9020170516037848,-0.9408476265470097,-2.142822733803803,,1.0,,,,,,,,,,,,,,,0.0187144876121203,0.1
2025-07-18,4.07463704,4.12223794,4.06511686,4.0936774,141636436.0,0.0,0.0,4.078860842724605,3.9188204820671686,0.08704164571428562,0.02126245847175558,54.49826884950563,0.82921525643558,0.49999999999124667,4.284081,4.24600028,4.24600028,2583158631.0,2488592974.85,281872475.7974996,4058.5486,0.01089506917767169,-0.009216589861751112,-0.020111659039422802,0.17022377223725288,1.8386642318428916,-2.187499999974868,0.49999999999124667,-0.18727549960812673,0.3354909197233473,-0.020111659039422802,0.652542372881356,-0.5910698091266703,1.7176091544408578,-1.2606163094174634,-0.11467499353753567,-0.5203252580371863,-0.5351082039994653,-1.0866548120503121,,0.0,,,,,,,,,,,,,,,0.0187144876121203,0.1
2025-07-21,4.0936774,4.11271776,4.05559668,4.06511686,141331097.0,0.0,0.0,4.077551891988929,3.923617084622343,0.08636163285714275,0.021244563399124894,51.71699991884385,0.8397471734407821,0.16666666666374888,4.284081,4.21743974,4.21743974,2441827534.0,2502552583.8,272128928.55438197,4085.6072,0.016910158674642073,-0.02733485193621865,-0.044245010610860724,-0.14398792122602108,1.7824443826744019,-2.5354330708367834,0.16666666666374888,-0.17465441644862145,-0.223148086910815,-0.044245010610860724,0.634453781512605,-0.9457821262199879,1.5881437627787611,-1.6172962980502514,-1.2586897458107063,-0.47201844636272094,-1.1027807759731165,-2.072197725051823,0.6254297843206064,0.0,,,,,,,,,,,,,,,0.0187144876121203,0.1
2025-07-22,4.06511686,4.07463704,3.98895542,4.03655632,189618324.0,0.0,0.0,4.073647551799507,3.92732001037243,0.08840167142857133,0.021900269541773525,49.02272205427066,1.1190783828250817,0.5555555555490715,4.284081,4.16031866,4.16031866,2252209210.0,2498689901.95,275090568.4244469,4118.9582,0.024854988638649322,-0.025287356321839094,-0.050142344960488416,-0.4195761369631692,1.6552576332638054,-2.799999999968326,0.5555555555490715,0.11250547408399805,-0.8959983374264439,-0.050142344960488416,0.7,-1.2501399994914235,1.3354373023457875,-1.869578092337783,0.09299325666227631,0.5687579298736618,-1.7662200871329854,-2.2494065918007795,1.0129343654202414,0.0,,,,,,,,,,,,,,,0.0187144876121203,0.1
2025-07-23,4.03655632,4.08415722,4.01751596,4.03655632,177077228.0,0.0,0.0,4.070115053532887,3.9309015287208746,0.08908168428571418,0.02206873315363332,49.022722054174366,1.0403954598937821,0.28571428570999835,4.284081,4.12223794,4.12223794,2252209210.0,2502920739.1,270579529.63367265,4119.7685,0.028091072725833888,-0.016241299303944245,-0.04433237202977813,-0.3767186689564208,1.5627626029605155,-2.778625954167281,0.28571428570999835,0.039600890774477863,-0.9265724182440139,-0.04433237202977813,0.725,-1.183723342848516,1.1486885325047205,-1.8064715479370843,-0.832550492486254,0.30144953534508445,-1.7650970446898675,-1.9607626231988682,1.14528992555847,0.0,,,,,,,,,,,,,,,0.0187144876121203,0.1
2025-07-24,4.05596268,4.06566594,3.99774312,4.00744638,198450100.0,0.0,0.0,4.064146608434517,3.933411195975928,0.08305310857142846,0.020724696152118628,46.17893400138526,1.1542707860002694,0.14285714285504336,4.284081,4.12223794,4.12223794,2053759110.0,2489031535.2,285725685.0084367,4149.0368,0.028391636020504096,-0.014186672114513299,-0.042578308135017395,-0.6826984493310089,1.5741182323666807,-3.3308159652898905,0.14285714285504336,0.1434687904735011,-1.5233927085944248,-0.042578308135017395,0.6083333333333333,-1.5102690624283936,1.154912662720001,-2.3208021928944804,-1.3096227455749496,0.6774403075442949,-2.3055484658367553,-1.8446990176834073,0.42307012461763316,0.0,,,,,,,,,,,,,,,0.018715659340654372,0.1
2025-07-25,4.00744638,4.03655616,3.95893008,3.95893008,174138350.0,0.0,0.0,4.054125986678849,3.9342478806980283,0.0831577257142856,0.021005100881767682,41.82422852296193,1.0484979775386334,0.0,4.284081,4.11271776,4.11271776,1879620760.0,2480985516.55,300143834.28723234,4127.1634,0.01690624081722225,-0.03291595962104876,-0.049822200438271014,-1.1447632298745083,1.4415750905845799,-3.91005065618614,0.0,0.04735864244871008,-2.0035885727191207,-0.049822200438271014,0.6166666666666667,-2.002311974556988,0.8901189158725319,-2.887231435695626,-1.765990488763494,0.32319522463482764,-2.6843242439117327,-2.1109843109985964,0.4701575631912406,0.0,,,,,,,,,,,,,,,0.018778254972870275,0.1
2025-07-28,3.95893008,4.01714964,3.94922682,3.96863334,152445915.0,0.0,0.0,4.045983829852291,3.9353752728062896,0.0825692528571428,0.020805462682809087,42.98231017355694,0.9175560629348205,0.28571428571007645,4.24600028,4.08415722,4.08415722,2032066675.0,2480561793.65,300770652.2991203,4135.8242,0.012291196275549865,-0.023734500956019255,-0.03602569723156912,-0.9367953224087278,1.3395852961880572,-3.3592037035447935,0.28571428571007645,-0.08604159690403293,-1.4911531933772777,-0.03602569723156912,0.6166666666666667,-1.73708051994355,0.6830212689202393,-2.2436012520765876,-0.7747039426454806,-0.1675118512045299,-2.135844347685797,-1.5484405545069941,0.46573569753248956,0.0,,,,,,,,,,,,,,,0.018872951942567197,0.1
2025-07-29,3.96863334,3.99774312,3.9298203,3.9298203,151636901.0,0.0,0.0,4.034920636533026,3.9351931425503457,0.08334080571428568,0.021207281593579347,39.587613135461524,0.9057704830179664,0.0,4.21743974,4.08415722,4.08415722,1880429774.0,2466243005.25,321471196.7831346,4152.0247,0.008027879476902644,-0.026442346281941642,-0.034470225758844286,-1.261090958156521,1.1966226283361816,-3.451123822615589,0.0,-0.09896933503486764,-1.8222883950788018,-0.034470225758844286,0.65,-2.0577043405929274,0.3988207879601613,-2.2686471709538303,-1.7204262986188166,-0.2143860828852154,-2.3818438067084897,-1.4753454209195709,0.667385674058246,1.0,,,,,,,,,,,,,,,0.018872951942567197,0.1
2025-07-30,3.9298203,3.99774312,3.92011704,3.95893008,154462030.0,0.0,0.0,4.027683440672737,3.9359714027945967,0.08276540999999996,0.020906004482902876,43.210268575418816,0.915190653325135,0.4999999999935588,4.16031866,4.06566594,4.06566594,2034891804.0,2453287953.35,333159997.5919339,4151.2379,0.007638633093097313,-0.01923080810625233,-0.026869441199349642,-0.8307016261008845,1.108096218903916,-2.4332457242411603,0.4999999999935588,-0.08862287112167433,-1.2558414946996914,-0.026869441199349642,0.625,-1.542517880740857,0.2189849232512585,-1.2204832734834457,-0.0354714436876889,-0.17520049633723567,-1.819096791746517,-1.1408221186808847,0.505117417981588,0.0,,,,,,,,,,,,,,,0.018872951942567197,0.1
2025-07-31,3.94922682,3.96863334,3.881304,3.9298203,181955567.0,0.0,0.0,4.018363141561048,3.9357697272931347,0.07812301428571423,0.019879538584930807,40.58909894176311,1.0610430918533156,0.5555555555491928,4.12223794,4.03655616,4.03655616,1852936237.0,2424848993.1,357991728.29540145,4075.5912,-0.017701843473646672,-0.01937046004842624,-0.001668616574779569,-1.1333771791765859,1.0572225741929604,-2.463008394604698,0.5555555555491928,0.059252473183462384,-1.5975585771861152,-0.001668616574779569,0.5833333333333334,-1.836644553153829,0.1118222156595845,-1.233911360278461,0.14511754250664857,0.36588564154136993,-2.0795895610573196,-0.0778637978635746,0.23931677769665277,0.0,,,,,,,,,,,,,,,0.018872951942567197,0.1
2025-08-01,3.93952356,3.95893008,3.881304,3.9298203,157970702.0,0.0,0.0,4.009930489983805,3.935574664103196,0.07550757999999995,0.019214003245894153,40.58909894167203,0.9391780869704728,0.6249999999919457,4.12223794,4.01714964,4.01714964,1852936237.0,2385225063.65,374846325.09899473,4054.9286,-0.017502287406406136,-0.007352941176470673,0.010149346229935463,-1.0609556018448025,0.9847465099480701,-2.5483221684160946,0.6249999999919457,-0.06275016177070294,-1.4200187943937446,0.010149346229935463,0.575,-1.7214843087946592,-0.03661504294425863,-1.3036957768022799,0.37133944142301906,-0.09514769549803416,-1.8814406753416115,0.404736092672596,0.1847630935578588,0.0,,,,,,,,,,,,,,,0.018872951942567197,0.1
2025-08-04,3.91041378,3.96863334,3.91041378,3.93952356,132314157.0,0.0,0.0,4.003225068080586,3.935704136099812,0.07150596571428568,0.01815091714142903,41.950404053868354,0.7914318015475621,0.49999999999141564,4.11271776,3.99774312,4.003225068080586,1985250394.0,2344583395.6,371933319.46096784,4070.7023,-0.015745809505152586,-0.007334963325183352,0.008410846179969234,-0.8908558529819103,0.9442699123821511,-2.4220944122285504,0.49999999999141564,-0.23391156692666362,-0.9661221052224382,0.008410846179969234,0.4666666666666667,-1.5105093058447299,-0.12266393531801871,-1.1667361504600633,-0.061432707415482256,-0.7411338226583841,-1.4576083322283544,0.315544207664147,-0.5065098309296414,1.0,,,,,,,,,,,,,,,0.018778254972870275,0.1
2025-08-05,3.93952356,4.01714964,3.9298203,3.99774312,191825059.0,0.0,0.0,4.002702977787197,3.9377382011457196,0.07162366,0.017916023578819162,49.43660523991438,1.1268528749256088,0.777777777768868,4.08415722,4.01714964,4.01714964,2177075453.0,2320076710.55,365967748.6550692,4103.45,-0.01169903926631266,0.01728395061728394,0.0289829898835966,-0.06924887372591625,0.9070295575591998,-1.2065021530426303,0.777777777768868,0.11942868077325189,-0.3907482505645089,0.0289829898835966,0.45,-0.6224057228699871,-0.20190893083608621,0.031163112128888542,0.8762550508979822,0.5743481679088861,-0.9425800836078536,1.2042760708851534,-0.6081872655940536,0.0,,,,,,,,,,,,,,,0.018778254972870275,0.1
2025-08-06,4.00744638,4.0268529,3.9783366,3.99774312,130261367.0,0.0,0.0,4.002230610378893,3.939705575534384,0.07032901999999999,0.01759218086028059,49.43660523979645,0.7611485216238011,0.39999999999175717,4.08415722,4.0268529,4.0268529,2177075453.0,2289964073.45,351429215.95551956,4113.4852,-0.009094323406519278,0.009803921568627416,0.018898244975146694,-0.06380709384020096,0.8890360599880386,-1.2287118461023787,0.39999999999175717,-0.2729267737716051,-0.32122719263126986,0.018898244975146694,0.4166666666666667,-0.6108836607434843,-0.24284974185081384,0.005129301986100724,-0.41030274625000324,-0.9194272132194189,-0.8744340060000476,0.7438798377421869,-0.8148259836740556,0.0,,,,,,,,,,,,,,,0.018664321789316873,0.1
2025-08-07,3.99774312,4.0268529,3.95893008,4.00744638,144777559.0,0.0,0.0,4.002727350342808,3.941926585516863,0.07110057285714284,0.01774211458248509,50.666373972449584,0.8615581676002799,0.7142857142752037,4.06566594,4.0268529,4.0268529,2321853012.0,2256755063.95,313408502.03722066,4114.666,0.009587517020843483,0.019753086419753263,0.01016556939890978,0.06637119037855266,0.8551374817647753,-0.8188339089216193,0.7142857142752037,-0.14901270631460564,0.2077095791175094,0.01016556939890978,0.43333333333333335,-0.4667749417133752,-0.3141043581636165,0.40462141120842904,0.6623749532918464,-0.45471702014409804,-0.402153980520828,0.3430181019147165,-0.6992255462113036,1.0,,,,,,,,,,,,,,,0.01855482044160813,0.1
2025-08-08,4.00744638,4.0753692,4.00744638,4.0268529,157139616.0,0.0,0.0,4.0050250217387315,3.944711054844179,0.07187212571428568,0.017848212363125514,53.122047004121704,0.9719121071979269,0.2857142857100736,4.03655616,4.0753692,4.0753692,2478992628.0,2245620661.85,301118666.37072825,4104.9669,0.012340118639820208,0.024691358024691246,0.012351239384871038,0.3037043644393819,0.8391844027750135,-0.13500727720839534,0.2857142857100736,-0.028489903303747923,0.775016603795261,0.012351239384871038,0.4583333333333333,-0.21002908029981052,-0.349341976317185,1.0661194857528982,-0.7939514825135771,-0.006077542708625408,0.10198195155924408,0.43504200970974155,-0.5314533743611924,0.0,,,,,,,,,,,,,,,0.01855482044160813,0.1
2025-08-11,4.01714964,4.03655616,3.93952356,3.93952356,211724460.0,0.0,0.0,3.9987867872874236,3.9445409730460086,0.07268290999999996,0.018449670091573587,42.798034437361295,1.3040702178336552,0.0,4.0753692,4.0753692,4.0753692,2267268168.0,2213989563.05,261327242.72083613,4122.5106,0.01272711590823028,0.0,-0.01272711590823028,-0.8153667387093922,0.7463352009525863,-1.869017627364272,0.0,0.26549031008665214,0.20387696435811284,-0.01272711590823028,0.525,-1.3842177504294237,-0.5336063113838128,-0.6425671317248134,-1.7360458417460845,1.1065464158344773,-0.3981081958239244,-0.6879894339049093,-0.09374532820146825,1.0,,,,,,,,,,,,,,,0.0185091961312781,0.1
2025-08-12,3.94922682,4.01714964,3.94922682,3.9783366,213969546.0,0.0,0.0,3.9968391504029075,3.9456490263887622,0.07346754,0.01846689895469919,47.666126351412636,1.2942751986029721,0.42857142856511793,4.0753692,4.0753692,4.0753692,2481237714.0,2200792082.75,239958913.48662177,4143.8252,0.009839330319609152,-0.004854368932038833,-0.014693699251647985,-0.2518466033115529,0.6967719895541414,-1.3207547169631535,0.42857142856511793,0.2579508462668787,1.1687235417726438,-0.014693699251647985,0.5333333333333333,-0.7731144914921211,-0.6306045099504741,-0.09823475852596776,-0.2717328087754806,1.0722600467585996,0.4612706367667306,-0.7639903563820276,-0.03849065365313325,0.0,,,,,,,,,,,,,,,0.018477146956338897,0.1
2025-08-13,3.98803986,3.99774312,3.92011704,3.92011704,220779683.0,0.0,0.0,3.989532282745488,3.944811912080934,0.07416063000000002,0.018917963224889096,41.905207529589184,1.3174924842415023,0.0,4.0753692,4.0753692,4.0753692,2260458031.0,2185338911.5,225214150.07534462,4176.5776,0.015337942628309342,-0.01941747572815533,-0.034755418356464673,-0.9360120422999629,0.6030203716439706,-2.0934579438970022,0.0,0.27573029685657974,0.33354529222461893,-0.034755418356464673,0.6,-1.4706010636145028,-0.8111149157028984,-0.8469823452397319,-1.702820903851463,1.1212200322336703,-0.2745859311047167,-1.6289211791008158,0.40135611939438404,0.0,,,,,,,,,,,,,,,0.018477146956338897,0.1
2025-08-14,3.9298203,3.95893008,3.92011704,3.92011704,136192329.0,0.0,0.0,3.9829213072459178,3.9440022441438543,0.07138827000000002,0.01821074964638857,41.9052075294955,0.8107394619127355,0.0,4.0753692,4.0753692,4.0753692,2260458031.0,2176285703.3,218266129.26408896,4173.3131,0.014253186042317845,-0.021791767554479424,-0.03604495359679727,-0.8797561174271057,0.5451744817673592,-2.1747572815229317,0.0,-0.20980853182832285,0.3856408137341196,-0.03604495359679727,0.5,-1.3854980836459507,-0.9145782445528722,-0.9117116790906441,-1.6668903177427938,-0.7386745261958558,-0.22039155737826766,-1.650420069950548,-0.2648170227631826,0.0,,,,,,,,,,,,,,,0.018477146956338897,0.1
2025-08-15,3.9298203,3.9298203,3.79397466,3.81338118,327813759.0,0.0,0.0,3.9667746284605925,3.939719586303072,0.07623989999999996,0.019992729916388785,33.33811060589356,1.8489819870290396,0.14285714285609125,4.0753692,4.03655616,4.03655616,1932644272.0,2143759985.35,203157474.0030554,4202.3533,0.02372404025961794,-0.053012048192771055,-0.076736088452389,-2.0119838622372357,0.35486723037629325,-3.436363636318565,0.14285714285609125,0.6146352103505247,-1.0391727618488937,-0.076736088452389,0.6833333333333333,-2.4835399841519217,-1.2677271644469663,-2.09682807263427,-1.202016007218587,2.34206392098183,-1.4624211301409609,-3.259265876145351,0.9554490065134811,0.0,,,,,,,,,,,,,,,0.0185091961312781,0.1
2025-08-18,3.82308444,3.84249096,3.80367792,3.82308444,163516612.0,0.0,0.0,3.953089848607203,3.935895483145594,0.07416062999999995,0.019398114575774464,34.64617372842986,0.9165551445416111,0.49999999998711775,4.0753692,4.01714964,4.01714964,2096160884.0,2126476652.85,191429663.8599982,4239.4125,0.028356967717681814,-0.029556650246305383,-0.057913617963987196,-1.7530245981654948,0.2318530123244242,-3.401869158832632,0.49999999998711775,-0.08713304489092928,-0.15836505293229422,-0.057913617963987196,0.6333333333333333,-2.1612162497225893,-1.4802363521657926,-2.014962139992273,-0.008816607119686548,-0.29176135778743345,-0.6839871952237939,-2.3938310560012863,0.6139211809914641,0.0,,,,,,,,,,,,,,,0.018724480264733348,0.1
2025-08-19,3.82308444,3.84249096,3.80367792,3.81338118,138493151.0,0.0,0.0,3.9397842611208027,3.9318786207473777,0.07138826999999995,0.01872046528534586,33.92919006655775,0.7875766427701224,0.24999999999355316,4.0753692,3.99774312,3.99774312,1957667733.0,2111749579.0,192517059.7013179,4223.3741,0.01919697288389477,-0.04146341463414638,-0.06066038751804115,-1.770642167390136,0.11074144776605832,-3.669902912569954,0.24999999999355316,-0.23879458886550062,-0.8003542451720979,-0.06066038751804115,0.55,-2.13141410279332,-1.6784793013229333,-2.2197513770166184,-0.8447624183652254,-0.8623234879397746,-1.2483493660927882,-2.4474623555917256,0.05112096981694274,1.0,,,,,,,,,,,,,,,0.018819214255117477,0.1
2025-08-20,3.81338118,3.85219422,3.79397466,3.8327877,140278826.0,0.0,0.0,3.929594112442631,3.928629738099923,0.06930899999999997,0.01808318264013994,36.74847928818473,0.8061663995469588,0.6666666666552158,4.0753692,3.95893008,3.95893008,2097946559.0,2104036446.45,189806234.44273406,4271.3958,0.02270236760356159,-0.022277227722772297,-0.04497959532633389,-1.3967365340898643,0.01391412865131824,-3.499999999949503,0.6666666666552158,-0.21546510673277694,-0.032084759849326294,-0.04497959532633389,0.4583333333333333,-1.734109359025549,-1.8207437462116967,-2.021126919564726,0.5423096247831436,-0.781976961075477,-0.5722354281886313,-1.7947915958124152,-0.5668301369953604,1.0,,,,,,,,,,,,,,,0.018819214255117477,0.1
2025-08-21,3.8327877,3.87160074,3.81338118,3.86189748,148290726.0,0.0,0.0,3.9231468141147614,3.926441795211401,0.06792281999999997,0.0175879396984879,40.82723597584865,0.8646724061346583,0.8333333333190235,4.0753692,3.9298203,3.9298203,2246237285.0,2113660355.2,191881344.61143598,4288.0707,0.027497960792828957,-0.014851485148514865,-0.04234944594134382,-0.9017489867743944,-0.04851066396523118,-3.1428571428108705,0.8333333333190235,-0.14540456501486398,0.6909318363829021,-0.04234944594134382,0.375,-1.2336725614104165,-1.8921305046051409,-1.6596278791526025,1.101358243598891,-0.5152848944593376,0.06428900715117104,-1.671962345157482,-1.1196419187456048,0.0,,,,,,,,,,,,,,,0.018819214255117477,0.1
2025-08-22,3.86189748,3.87160074,3.80367792,3.8327877,194603762.0,0.0,0.0,3.9145411841990696,3.9233711691388957,0.06861590999999996,0.01790235081373854,38.17609390750425,1.1279900569378405,0.428571428565117,4.0753692,3.87160074,3.9145411841990696,2051633523.0,2122260993.35,184927334.98018834,4377.9977,0.04179667616237781,0.0050890585241729624,-0.03670761763820485,-1.1914654224928047,-0.12868713596740808,-3.5353535353020136,0.428571428565117,0.12043733826559883,-0.38192012207154974,-0.03670761763820485,0.425,-1.49165520935051,-1.989050939633496,-1.9751834741807646,-0.2688362201014511,0.4790456399646536,-0.8765705128379759,-1.4219275712502237,-0.7717680940706001,1.0,,,,,,,,,,,,,,,0.018819214255117477,0.1
2025-08-25,3.8327877,3.89100726,3.82308444,3.881304,210068628.0,0.0,0.0,3.911375738084873,3.921991917691719,0.06722972999999989,0.017321428571424078,44.62957859532358,1.19762924985138,0.8571428571302405,4.03655616,3.89100726,3.911375738084873,2261702151.0,2133742767.15,186096021.35050604,4469.2217,0.05420779412241661,0.015228426395939021,-0.03897936772647759,-0.44729821292492894,-0.15790900256014903,-2.3092783504811165,0.8571428571302405,0.18034397754862452,0.6875987080292942,-0.03897936772647759,0.3333333333333333,-0.7758877555329345,-1.9914250001413598,-0.8738750119222805,1.1722434452592057,0.7033213803257391,0.05304537544058255,-1.481849362372798,-1.373464302891323,0.0,,,,,,,,,,,,,,,0.018819214255117477,0.1
2025-08-26,3.881304,3.881304,3.8327877,3.84249096,143873231.0,0.0,0.0,3.9048152830291705,3.9193853289149407,0.06722972999999992,0.01749639249638792,40.94713554047188,0.8220597567112591,0.19999999999588133,4.01714964,3.89100726,3.9048152830291705,2117828920.0,2145612724.45,176904274.05184218,4452.5905,0.05427328826967992,0.007633587786259666,-0.046639700483420254,-0.9270351528742327,-0.2167202796374991,-2.5979381442912612,0.19999999999588133,-0.19594218983921063,-0.15705558612935458,-0.046639700483420254,0.35,-1.2209617648644207,-2.043087262342616,-1.1229441918312977,-1.0265529917010063,-0.7153293092357482,-0.6945103608130382,-1.7403524840217617,-1.2415684812497563,0.0,,,,,,,,,,,,,,,0.018819214255117477,0.1
2025-08-27,3.8327877,3.84249096,3.7357551,3.7357551,295063740.0,0.0,0.0,3.8887143132168682,3.913364665671828,0.07000208999999995,0.018738404452685136,32.90617346991269,1.6208230306046796,0.0,3.99774312,3.89100726,3.89100726,1822765180.0,2135006393.25,189159188.65571964,4386.1266,0.02686025959008509,-0.025316455696202556,-0.052176715286287645,-2.1850663775136323,-0.352137378392668,-3.742574257372281,0.0,0.4829340638169805,-1.6506795967405874,-0.052176715286287645,0.55,-2.3426885918302185,-2.2156661825024937,-2.086341178457778,-1.671675173189713,1.823606803201036,-1.9656751911429147,-1.9154434286592463,0.11090449417661337,0.0,,,,,,,,,,,,,,,0.018828183838787114,0.1
2025-08-28,3.74545836,3.77456814,3.70664532,3.7357551,213781283.0,0.0,0.0,3.874146769100976,3.9075414012235714,0.07000208999999999,0.018738404452685146,32.90617346984749,1.164152039112564,0.4285714285651207,3.95893008,3.89100726,3.89100726,1822765180.0,2133497840.4,191508415.0407901,4463.782,0.040976773074193895,-0.03266331658291455,-0.07364008965710844,-1.9769648177504262,-0.4770519297655038,-3.1881188118356456,0.4285714285651207,0.15199295857378364,-1.6225535589849456,-0.07364008965710844,0.55,-2.090524768796795,-2.354432834225823,-1.5681124667687816,-0.23838258395482806,0.5804778774054223,-1.900732923474319,-2.63366386652175,0.11026484897375721,0.0,,,,,,,,,,,,,,,0.01882818383878712,0.1
2025-08-29,3.7357551,3.82308444,3.65812902,3.66783228,558827330.0,0.0,0.0,3.854497770138978,3.8996820857736183,0.07485372,0.02040816326530056,28.740765527948284,2.743656913091168,0.05882352941140668,3.9298203,3.89100726,3.89100726,1263937850.0,2104047921.05,263968110.69107834,4496.7591,0.027126875831844366,-0.04303797468354431,-0.07016485051538868,-2.493736986438144,-0.6036348712400192,-3.499999999953242,0.05882352941140668,1.0092916703742127,-3.182619555258249,-0.07016485051538868,0.6833333333333333,-2.4753551090274524,-2.4799584125919485,-1.7969838366467652,-1.4678294006692063,3.550779624761391,-3.0888040185484056,-2.42161080326018,1.010963635494346,0.0,,,,,,,,,,,,,,,0.01905510978333671,0.1
2025-09-01,3.6872388,3.7357551,3.5902062,3.59990946,597840984.0,0.0,0.0,3.8302512644114564,3.889853475092516,0.07970534999999998,0.02214093184442973,25.292808132651743,2.6341703526200555,0.06666666666621004,3.89100726,3.881304,3.881304,666096866.0,2038090244.65,409888115.95365965,4523.7111,0.012192145222959194,-0.07250000000000001,-0.0846921452229592,-2.8899164787378306,-0.7477818073731797,-3.6521739129976547,0.06666666666621004,0.9685682757248699,-3.34723873478955,-0.0846921452229592,0.825,-2.7278488464674733,-2.615892269334596,-1.8885442213052068,-1.4353636783036423,3.2362149793749433,-3.103638755968072,-2.828431557689923,1.9276094866012943,1.0,,,,,,,,,,,,,,,0.019203129793839237,0.1
2025-09-02,3.60961272,3.6872388,3.59990946,3.67753554,391262640.0,0.0,0.0,3.8157069097056038,3.882892231318991,0.08039843999999996,0.021862042970216433,34.90433255538986,1.6513991736465436,0.8888888888787125,3.89100726,3.84249096,3.84249096,1057359506.0,1982104447.3,460434200.26619375,4490.4528,0.008503431878588374,-0.04292929292929293,-0.0514327248078813,-1.7185827200612998,-0.8356545427069441,-2.655172413760077,0.8888888888787125,0.5016229126053675,-2.0084193154317624,-0.0514327248078813,0.7833333333333333,-1.6861440367647316,-2.6518271571361893,-1.035691878251274,1.3260045824133455,1.6195794115444206,-1.9988099141182687,-1.6350023443010524,1.6140411677483302,0.0,,,,,,,,,,,,,,,0.019306058910834308,0.1
2025-09-03,3.67753554,3.67753554,3.60961272,3.62901924,214891761.0,0.0,0.0,3.7979271316384033,3.8745685266855814,0.08247770999999997,0.022727272727266455,32.122659660464834,0.8910773892927593,0.2857142857100783,3.89100726,3.82308444,3.82308444,842467745.0,1915374061.9,520177483.6028701,4459.8296,0.016803664536267693,-0.02857142857142858,-0.045375093107696274,-2.0479216946779393,-0.9292376697443324,-3.176470588196782,0.2857142857100783,-0.11532399861338641,-2.0625773908336087,-0.045375093107696274,0.8666666666666667,-1.9218509537395683,-2.688810201754906,-1.449067215832451,-0.6893026268914623,-0.4520429246757494,-1.991805593240369,-1.4097898570743288,2.105116076122971,0.0,,,,,,,,,,,,,,,0.019638826580352636,0.1
2025-09-04,3.61931598,3.65812902,3.5416899,3.6387225,338915783.0,0.0,0.0,3.7827647857680793,3.866835870072939,0.08109152999999998,0.022285714285708153,33.26810626570821,1.3509812120409872,0.8333333333261764,3.89100726,3.82308444,3.82308444,1181383528.0,1858350587.7,534797892.84046024,4365.2085,-0.022082955664053605,-0.025974025974025983,-0.0038910703099723776,-1.7762926136219521,-1.036743101330349,-3.1111111110727436,0.8333333333261764,0.3008311521759498,-1.2658371859029582,-0.0038910703099723776,0.8166666666666667,-1.658160964440084,-2.736148632951605,-1.369782064794034,1.1550543812723366,0.9307488900859316,-1.3512437540352582,0.024902224886480643,1.7390022328226815,0.0,,,,,,,,,,,,,,,0.019936134250659796,0.1
2025-09-05,3.62901924,3.6387225,3.57079968,3.59990946,235843778.0,0.0,0.0,3.765349992837786,3.858084184496777,0.08317079999999999,0.023103581055057113,31.013622058255038,0.9255977099227061,0.4285714285651207,3.89100726,3.7357551,3.765349992837786,945539750.0,1781677943.8,550028586.5532095,4460.3249,-0.008102324182765464,-0.01851851851851849,-0.010416194335753026,-1.9891660635198476,-1.1149849665733167,-3.499999999957915,0.4285714285651207,-0.07731557726011075,-1.5201722496638133,-0.010416194335753026,0.9,-1.7939305802765693,-2.735607462977146,-1.6587878099712305,-0.2039508313033734,-0.3237808790631624,-1.5202989598376622,-0.19736389724885542,2.206006639806001,0.0,,,,,,,,,,,,,,,0.020200446590844672,0.1
2025-09-08,3.59990946,3.62901924,3.52228338,3.55139316,388119869.0,0.0,0.0,3.7449731516151394,3.8480287410706526,0.08802242999999997,0.024785323965644847,28.42092364643578,1.472262538708923,0.27272727272471603,3.89100726,3.6872388,3.7449731516151394,557419881.0,1696185529.45,598642622.9721196,4467.5733,-0.012409678416466563,-0.013477088948787075,-0.0010674105323205119,-2.1992120827945825,-1.1707878259478002,-3.8582677164916004,0.27272727272471603,0.3868003595044749,-1.9022461895484437,-0.0010674105323205119,1.0,-1.9196700893673848,-2.7025271705669214,-1.9066313107347739,-0.7302312455684672,1.223938036439684,-1.7801628736402826,0.13098856586773308,2.7116209891117493,0.0,,,,,,,,,,,,,,,0.020566429708709595,0.1
2025-09-09,3.5416899,3.57079968,3.53198664,3.56109642,188318988.0,0.0,0.0,3.7274610819375074,3.8386211239863686,0.08663624999999997,0.024328532502912583,29.686971137395744,0.7178463766127193,0.7499999999806823,3.881304,3.67753554,3.7274610819375074,745738869.0,1609410587.2,604313822.058655,4436.2584,-0.012068805177063768,-0.0316622691292876,-0.019593463952223833,-1.9202661926801654,-1.2830661766590563,-3.695999999957339,0.7499999999806823,-0.3314996929760671,-1.42917750128206,-0.019593463952223833,0.9916666666666667,-1.6566802422970135,-2.73931148910897,-1.735154598439119,0.8669845691647314,-1.1874181733904476,-1.3927165688630543,-0.5010198693334096,2.5542845477116223,0.0,,,,,,,,,,,,,,,0.020765079417463857,0.1
2025-09-10,3.56109642,3.58050294,3.5416899,3.56109642,212382100.0,0.0,0.0,3.7116168284196496,3.8295219533638645,0.08525006999999997,0.02393927598286598,29.686971137337466,0.8108695023702064,0.49999999998711775,3.84249096,3.65812902,3.7116168284196496,745738869.0,1533674629.1,612831594.5827335,4445.3649,-0.003243330193602123,-0.018716577540106916,-0.015473247346504793,-1.7656338395720241,-1.3830501833351208,-3.300813008091363,0.49999999998711775,-0.20964814734523984,-1.2857296638507874,-0.015473247346504793,0.95,-1.5036229582840521,-2.7532735371156183,-1.3924512699840796,0.03651479750653302,-0.776747021993912,-1.262050855884348,-0.3511145267027802,2.234778442528145,1.0,,,,,,,,,,,,,,,0.02085573358285598,0.1
2025-09-11,3.55139316,3.59990946,3.53198664,3.5902062,243260945.0,0.0,0.0,3.700053911427302,3.8216755352207867,0.08525007,0.02374517374516713,33.763158545085986,0.9101611304902334,0.8571428571302349,3.82308444,3.6387225,3.700053911427302,988999814.0,1470101718.25,599953227.652971,4548.0345,0.041882535507754115,-0.01333333333333342,-0.055215868841087534,-1.2885351463759933,-1.4266454419575019,-2.73170731704113,0.8571428571302349,-0.09413362867287502,-0.8018990182486062,-0.055215868841087534,0.9333333333333333,-1.1016813035884057,-2.6974446675215766,-0.9194915680692713,1.2249783393177276,-0.40076416775778556,-0.8782084964533031,-1.6904538093194137,2.0791753784909384,0.0,,,,,,,,,,,,,,,0.02095555268233528,0.1
2025-09-12,3.58050294,3.59990946,3.51258012,3.52228338,347037938.0,0.0,0.0,3.683123384624702,3.8118593989840397,0.08663625000000004,0.02459661550569944,29.470146559373674,1.2937899396208667,0.11111111110984104,3.82308444,3.62901924,3.683123384624702,641961876.0,1405567598.45,615932400.4852082,4521.998,0.013827042061442585,-0.02156334231805923,-0.035390384379501816,-1.8564977664989568,-1.485937057038499,-3.4719999999599223,0.11111111110984104,0.257575848759571,-1.2397557294411863,-0.035390384379501816,0.9916666666666667,-1.5280702710684544,-2.662945813821224,-1.488048621927883,-1.2773445791951297,0.7776990172227362,-1.1921149617205855,-0.9945389490187093,2.332048486899109,0.0,,,,,,,,,,,,,,,0.021006752121553503,0.1
2025-09-15,3.5416899,3.57079968,3.46406382,3.50287686,522182691.0,0.0,0.0,3.665957048946159,3.8017288239353824,0.09079479000000003,0.025920063316177806,28.360586341075916,1.8247486936799298,0.36363636363296015,3.7357551,3.59990946,3.665957048946159,119779185.0,1306748513.5,654541173.894272,4533.0557,0.014657263709584756,-0.013661202185792254,-0.02831846589537701,-1.7961403836537582,-1.4953696681024113,-2.5648854961549534,0.36363636363296015,0.6014422754594619,-1.8134372226547373,-0.02831846589537701,1.0,-1.4532217180530056,-2.5754707952693003,-0.7553263486221243,-0.43171093046933834,1.889913111744368,-1.5949570034492677,-0.7412785101973087,2.302314583821158,0.0,,,,,,,,,,,,,,,0.021107842477459338,0.1
2025-09-16,3.4931736,3.5416899,3.42525078,3.4446573,572456303.0,0.0,0.0,3.644880882379858,3.7900215608555334,0.09148788000000005,0.02655935613681323,25.284939676013295,1.8594389800030358,0.16666666666523466,3.6872388,3.59990946,3.644880882379858,-452677118.0,1186231270.95,739928292.940789,4523.3367,0.019628770948058483,-0.032697547683923744,-0.05232631863198223,-2.1885257629499093,-1.586447062431534,-2.651515151486168,0.16666666666523466,0.6202748185732646,-2.2149556985262486,-0.05232631863198223,1.0,-1.723635444472456,-2.582259528324911,-0.8129521780975797,-1.0746958482597924,1.9056592757675495,-1.8525541742222564,-1.531023460593478,2.2330410123280244,0.0,,,,,,,,,,,,,,,0.02122592249635212,0.1
2025-09-17,3.43495404,3.46406382,3.41554752,3.43495404,276655145.0,0.0,0.0,3.6248878497722528,3.7783800027946963,0.09010170000000002,0.026230831315569445,24.802165239347232,0.8791525765509796,0.39999999999175717,3.67753554,3.59990946,3.6248878497722528,-729332263.0,1044867329.85,818179723.0179267,4551.023,0.023768150056703075,-0.03542234332425076,-0.059190493380953835,-2.107993631309339,-1.7035433628970371,-2.6923076922778106,0.39999999999175717,-0.1287968166662249,-2.1684717219655743,-0.059190493380953835,0.9916666666666667,-1.6304022277142103,-2.6124773946592073,-0.8396534657435786,-0.3035016868076469,-0.5524422141488767,-1.7767822329811527,-1.7257642409687641,2.128427371034742,0.0,,,,,,,,,,,,,,,0.021244563399124894,0.1
2025-09-18,3.4446573,3.45436056,3.35732796,3.37673448,339329069.0,0.0,0.0,3.6012541955082287,3.7652112971292966,0.08525007,0.025246305418711732,22.07830954485054,1.046550290481435,0.19999999999793883,3.65812902,3.59990946,3.6012541955082287,-1068661332.0,879122399.0,890579788.0153337,4498.109,-0.010977379349255023,-0.05945945945945941,-0.048482080110204384,-2.633660189435562,-1.923248879668306,-3.3008130080913616,0.19999999999793883,0.045499317632151454,-2.1870962683092734,-0.048482080110204384,0.975,-1.9834670261333966,-2.738505782386489,-1.3010490980752003,-0.961136702335567,0.01517065780434715,-1.7502658535894868,-1.344297440540621,1.9912965954237953,0.0,,,,,,,,,,,,,,,0.021253510935440235,0.1
2025-09-19,3.37673448,3.38643774,3.32821818,3.35732796,283766901.0,0.0,0.0,3.578023125459826,3.7518380729611227,0.07901225999999999,0.02353426919900207,21.24091310533582,0.8633164570910323,0.49999999999141564,3.6387225,3.57079968,3.578023125459826,-1352428233.0,708919311.2,971810198.5925927,4501.9195,-0.0044401832995060175,-0.04683195592286504,-0.042391772623359025,-2.7931762166660308,-2.1998478147454184,-3.5614035087268556,0.49999999999141564,-0.1469739609187285,-2.121142119299953,-0.042391772623359025,0.8666666666666667,-2.0499847921232246,-2.8987854524753933,-1.4823672714201455,0.04079585191825667,-0.6205138034760119,-1.6665728045519852,-1.1254154029233783,1.4113488474899356,0.0,,,,,,,,,,,,,,,0.021253510935440235,0.1
2025-09-22,3.35732796,3.37673448,3.32821818,3.3476247,178806634.0,0.0,0.0,3.556080418273176,3.738585175486987,0.07623990000000003,0.022774327122146415,20.815791757230954,0.5465905490471578,0.3999999999917535,3.62901924,3.5416899,3.556080418273176,-1531234867.0,519272460.3,1019218790.9172229,4522.608,-0.002304780856762889,-0.04432132963988933,-0.04201654878312644,-2.7342076559707134,-2.393822095929002,-3.690909090860677,0.3999999999917535,-0.6040552960746106,-2.011842153591666,-0.04201654878312644,0.775,-1.9624985530533083,-2.956227223828166,-1.5621518586583676,-0.2887109533995607,-2.072736114411703,-1.5620802576308583,-1.0969200311268958,0.9321026051238435,1.0,,,,,,,,,,,,,,,0.021253510935440235,0.1
2025-09-23,3.3476247,3.40584426,3.32821818,3.37673448,327580718.0,0.0,0.0,3.5389998527233493,3.7267212182579055,0.07693299,0.02278325123152035,25.624990285006106,0.9740258981851694,0.6249999999919514,3.59990946,3.46406382,3.5389998527233493,-1203654149.0,353198306.85,1015815429.4082665,4519.7781,-0.0007867201218957343,-0.019718309859154903,-0.01893158973725917,-2.1091780356026715,-2.4400633009599146,-2.900900900863194,0.6249999999919514,-0.02631738618060254,-1.5326135149934654,-0.01893158973725917,0.7833333333333333,-1.4889483147375089,-2.8710114878119306,-0.9540983609623855,0.45985463479515626,-0.1793667147300681,-1.2177730130814315,-0.33705108959897095,0.966000436886241,0.0,,,,,,,,,,,,,,,0.021253510935440235,0.1
2025-09-24,3.37673448,3.40584426,3.3476247,3.36703122,257449287.0,0.0,0.0,3.522621887702078,3.7149281035609247,0.07277445000000002,0.021613832853019523,25.07823311045567,0.7698024920857733,0.3333333333276079,3.59990946,3.45436056,3.522621887702078,-1461103436.0,189004876.05,1030303210.1660464,4566.0708,0.0033064653815197964,-0.019774011299435124,-0.02308047668095492,-2.137984796861263,-2.6424963136953163,-3.199999999956031,0.3333333333276079,-0.2616213008218398,-1.6015754350450526,-0.02308047668095492,0.6166666666666667,-1.4832280356838683,-2.9267074484241946,-1.169958277670153,-0.5055029320968127,-0.9398220130386108,-1.2511505112054486,-0.4651255233001872,0.10867038012567905,0.0,,,,,,,,,,,,,,,0.021253510935440235,0.1
2025-09-25,3.36703122,3.36703122,3.31851492,3.33792144,233093460.0,0.0,0.0,3.5050313688733086,3.7025672293458127,0.07138826999999999,0.02138704318936236,23.460963022356395,0.6949692435161908,0.39999999999175717,3.59990946,3.40584426,3.5050313688733086,-1694196896.0,13156772.25,1036564497.965697,4593.4875,0.021204132669973008,-0.011494252873563204,-0.03269838554353621,-2.340859764089641,-2.7670632790196077,-3.6699029125699516,0.39999999999175717,-0.36388768833011753,-1.6471272859535089,-0.03269838554353621,0.6083333333333333,-1.5975093085537457,-2.9060838521643952,-1.504666879756041,-0.2743719548043465,-1.265484510454152,-1.2639825077299294,-0.7692526412687266,0.06532469027160304,0.0,,,,,,,,,,,,,,,0.021324750830558972,0.1
2025-09-26,3.33792144,3.35732796,3.28940514,3.32821818,252801608.0,0.0,0.0,3.488192017552041,3.690293490022999,0.06861591000000002,0.020616409829231627,22.930132827709755,0.7897586447360003,0.5714285714201566,3.59990946,3.40584426,3.488192017552041,-1946998504.0,-147390045.45,1078229311.369777,4550.0487,0.010690817550158327,-0.008670520231213952,-0.01936133778137228,-2.3314394219898777,-2.9454024943779475,-3.959595959538255,0.5714285714201566,-0.23602789319207632,-1.6690405645379707,-0.01936133778137228,0.5333333333333333,-1.5933923744368002,-2.928570303141231,-1.7238184103146452,0.29560443043851947,-0.840260696635294,-1.2764378340240368,-0.31975626208134206,-0.3221881064655311,0.0,,,,,,,,,,,,,,,0.021253510935440235,0.1
2025-09-29,3.32821818,3.33792144,3.28940514,3.2991084,372178543.0,0.0,0.0,3.470184053975656,3.677467749366507,0.06930900000000004,0.02100840336133818,21.368128582577157,1.2051761880051555,0.19999999999588133,3.57079968,3.40584426,3.470184053975656,-2319177047.0,-296653741.1,1158897617.6987772,4620.0528,0.02154615213169042,-0.01449275362318836,-0.03603890575487878,-2.468303596548609,-2.990718310578138,-3.919999999943436,0.19999999999588133,0.18662577036653907,-1.7452131016682253,-0.03603890575487878,0.575,-1.6709724365303207,-2.8430899450410596,-1.667122308521421,-0.9412581090358662,0.624549677398783,-1.3124967332602775,-0.856796674974427,-0.10461171922294286,0.0,,,,,,,,,,,,,,,0.021244563399124894,0.1
2025-09-30,3.2991084,3.30881166,3.2505921,3.26029536,304397551.0,0.0,0.0,3.4501946545494033,3.6637899661085886,0.07069518000000004,0.021683673469381114,19.46426004280235,0.9997507086443742,0.16666666666380775,3.5416899,3.40584426,3.4501946545494033,-2623574598.0,-480700446.3,1219930710.5981972,4640.6935,0.026752508049012302,-0.03448275862068961,-0.061235266669701915,-2.686170323729522,-3.021356074857774,-3.9803921568064387,0.16666666666380775,-0.0002493224338809205,-1.7565539854712193,-0.061235266669701915,0.65,-1.7984187252378256,-2.7552189732628922,-1.6859790631427563,-1.0379715908076725,-0.015973878308006926,-1.3162619916168052,-1.6605362251527622,0.286516335724101,0.0,,,,,,,,,,,,,,,0.021244563399124894,0.1
2025-10-09,3.26029536,3.26999862,3.22148232,3.26029536,529392376.0,0.0,0.0,3.4321090074494602,3.6505606347607658,0.06930900000000004,0.021258503401354035,19.46426004275422,1.653325677273775,0.7999999999835162,3.46406382,3.36703122,3.4321090074494602,-2623574598.0,-654002563.45,1265011499.248028,4709.482,0.03140801058100107,-0.03170028818443793,-0.063108298765439,-2.478951470183973,-3.151850803043667,-2.9399999999575734,0.7999999999835162,0.5027888213768203,-1.5569597871013743,-0.063108298765439,0.6166666666666667,-1.6326159677211085,-2.7478776223489922,-0.9068031484540785,1.1044450084702158,1.7002568443395276,-1.186514866301276,-1.6864103540896591,0.11082631710850323,0.0,,,,,,,,,,,,,,,0.021244563399124894,0.1
2025-10-10,3.2505921,3.31851492,3.2505921,3.2505921,701476267.0,0.0,0.0,3.414821682930464,3.637446912309593,0.06792282000000004,0.020895522388053284,18.974096562404398,2.0733706915440573,0.0,3.45436056,3.35732796,3.414821682930464,-3325050865.0,-879324283.1,1318247724.1057394,4616.8341,0.005082543492281211,-0.026162790697674465,-0.031245334189955676,-2.41788522514298,-3.277620531300837,-2.999999999955831,0.0,0.7291756363502581,-1.855286026425048,-0.031245334189955676,0.5583333333333333,-1.5695675875751705,-2.7354372780718705,-0.9464761388359189,-1.5800636189657113,2.4007035830428247,-1.3875578861220783,-0.6409085361398303,-0.19620176687496776,0.0,,,,,,,,,,,,,,,0.02122592249635212,0.1
2025-10-13,3.23118558,3.26999862,3.18266928,3.2505921,508863103.0,0.0,0.0,3.3991807702704198,3.6247631479715734,0.06653664000000004,0.020469083155644035,18.974096562351363,1.445726330325954,0.777777777768872,3.40584426,3.33792144,3.3991807702704198,-3325050865.0,-1092853813.85,1350834812.3709126,4593.9785,0.009654797760735967,-0.023323615160349864,-0.03297841292108583,-2.23318565933276,-3.3903482005968915,-2.3333333332982615,0.777777777768872,0.3686118460224317,-1.6524574512794559,-0.03297841292108583,0.5333333333333333,-1.4202256382508243,-2.7125407661373537,-0.44711640345479275,1.0351409303550194,1.1666512492188161,-1.2346934107597856,-0.6916417680665093,-0.32713933381232246,1.0,,,,,,,,,,,,,,,0.02110784247745876,0.1
2025-10-14,3.24088884,3.3476247,3.23118558,3.31851492,603413876.0,0.0,0.0,3.3914983083399033,3.6147222224643087,0.06653664000000001,0.020050125313277167,32.7274433202318,1.6634786835869808,0.7499999999935607,3.40584426,3.3476247,3.3914983083399033,-2721636989.0,-1256806657.35,1339533770.9846344,4539.0644,-0.017529756369883964,0.00588235294117645,0.023412109311060414,-1.0968901997276423,-3.3549021128967516,-1.3124999999802693,0.7499999999935607,0.5089110021995102,-1.0935374406971954,0.023412109311060414,0.525,-0.6371850198924714,-2.5917118430916015,0.3103509564579039,0.9348720330495266,1.6072220824723729,-0.8386237110381743,1.1266883525843276,-0.3696521231456226,1.0,,,,,,,,,,,,,,,0.02100675212155293,0.1
2025-10-15,3.32821818,3.3476247,3.2991084,3.33792144,374636536.0,0.0,0.0,3.3863957494503887,3.6056467869736757,0.06653664000000001,0.019933554817269775,36.06654266367439,1.0069303256100162,0.7999999999835143,3.40584426,3.3476247,3.3863957494503887,-2347000453.0,-1411443623.45,1276461839.8809147,4606.2879,-0.007413891910767245,0.023809523809523725,0.03122341572029097,-0.728535577535325,-3.295192506264094,-1.0208333333179864,0.7999999999835143,0.006906421283115786,-0.7329297283476027,0.03122341572029097,0.5,-0.3787665377579154,-2.465653216276326,0.530779781824763,1.1024551952847075,-0.04716951743288043,-0.5792410285156738,1.3684295577497076,-0.5004943321687442,1.0,,,,,,,,,,,,,,,0.02095555268233528,0.1
2025-10-16,3.33792144,3.37673448,3.31851492,3.36703122,393755884.0,0.0,0.0,3.3845515085503513,3.597823325761424,0.06376428,0.01893783449978853,40.81223207350125,1.0331363320033946,0.8333333333190159,3.40584426,3.37673448,3.3845515085503513,-1953244569.0,-1546392795.35,1180317392.7461114,4618.4218,-0.019335502290910078,0.03273809523809512,0.0520735975290052,-0.2747665079896864,-3.3446910591279013,-0.6086956521643664,0.8333333333190159,0.03259915819931886,-0.3446969231754045,0.0520735975290052,0.425,-0.06320380138324667,-2.4190740729731894,0.8417832772770243,1.2274089609547458,0.035617278764887336,-0.3003368204822268,2.0239882217940663,-0.8955033451837682,0.0,,,,,,,,,,,,,,,0.02090076343547808,0.1
2025-10-17,3.35732796,3.38643774,3.32821818,3.32821818,375571644.0,0.0,0.0,3.379186429640794,3.5889838127856395,0.06376428,0.019158683881710197,36.88125728109372,0.9686115406254332,0.0,3.37673448,3.38643774,3.38643774,-2328816213.0,-1712283596.7,1036739082.7462124,4514.2345,-0.022222934109761616,0.023880597014925398,0.046103531124687014,-0.7993229068060458,-3.290202338073219,-0.7608695652054615,0.0,-0.03189163433545108,-0.5946844549034171,0.046103531124687014,0.4583333333333333,-0.4142584210744313,-2.31044024874654,0.7327942696664187,-1.553695333976104,-0.19252313779711994,-0.46365584102289054,1.8240282091566486,-0.7121044280100854,1.0,,,,,,,,,,,,,,,0.020850492535431184,0.1
2025-10-20,3.33792144,3.37673448,3.27970188,3.36703122,399805655.0,0.0,0.0,3.3780287906273845,3.581706678595946,0.06722972999999999,0.019967064635646598,42.81311883760549,1.0241430822634379,0.8999999999907224,3.38643774,3.38643774,3.38643774,-1929010558.0,-1840832218.4,885171237.1365114,4538.2201,-0.012137279266762002,0.035820895522387985,0.04795817478914999,-0.16358195440054601,-3.029580632936234,-0.2886597938101391,0.8999999999907224,0.02385624562904886,-0.09961726714624485,0.04795817478914999,0.5416666666666666,0.02186477040465952,-2.083854460237598,1.0798614655349261,1.4295820303837414,-0.012828458982736756,-0.11425047547489539,1.8491222162423395,-0.26296424880647357,0.0,,,,,,,,,,,,,,,0.020765079417463857,0.1
2025-10-21,3.35732796,3.36703122,3.32821818,3.3476247,298576948.0,0.0,0.0,3.375133162948586,3.574031859625587,0.06445736999999999,0.01925465838508741,40.75094605594546,0.7873856867495074,0.49999999998711775,3.38643774,3.38643774,3.38643774,-2227587506.0,-1958200552.95,764873794.7962157,4607.8715,0.015158872828506142,0.00877192982456143,-0.006386943003944712,-0.42676986275051954,-3.085740182603092,-0.6021505376250663,0.49999999998711775,-0.23903707850220066,-0.3521979114499175,-0.006386943003944712,0.48333333333333334,-0.15238443430388923,-2.064958861847004,0.8505482206932269,0.1070713993346291,-0.9009327068945983,-0.2814219476745442,0.1459803186881802,-0.5745524774845172,1.0,,,,,,,,,,,,,,,0.020670552990675127,0.1
2025-10-22,3.3476247,3.41554752,3.33792144,3.396141,431862176.0,0.0,0.0,3.377133909334435,3.568199372424748,0.06584354999999999,0.019387755102035102,47.5523547249617,1.1603874563849108,0.7499999999903383,3.38643774,3.41554752,3.41554752,-1795725330.0,-2025352963.55,684479616.1764225,4592.57,-0.0029780813309564502,0.01744186046511631,0.02041994179607276,0.2886705025059612,-2.9018098672901296,0.1473684210503967,0.7499999999903383,0.14875396347289693,0.33547767986536237,0.02041994179607276,0.49166666666666664,0.3371042179640266,-1.9033035311258286,1.397418823372254,0.9323965780827805,0.3976620347439335,0.20193467043422078,0.9823940044263462,-0.5213494138406529,1.0,,,,,,,,,,,,,,,0.02054274649243783,0.1
2025-10-23,3.40584426,3.45436056,3.37673448,3.43495404,433540058.0,0.0,0.0,3.382640588445441,3.5638306730009854,0.06792282000000001,0.019774011299429274,52.27255382101851,1.140850112007459,0.7499999999903383,3.41554752,3.45436056,3.45436056,-1362185272.0,-2056995614.0,636802303.8405277,4606.3447,-0.002614984192219172,0.02017291066282434,0.02278789485504351,0.7701896292555096,-2.6675877790833282,0.28571428571007895,0.7499999999903383,0.13177369678839082,1.0910926951891164,0.02278789485504351,0.5166666666666667,0.6678277370958026,-1.7211191827445882,1.4968358381268556,0.9397217592079599,0.33201143951375317,0.7324999822357698,1.048355503861582,-0.37982790936650884,0.0,,,,,,,,,,,,,,,0.020438623210472295,0.1
2025-10-24,3.43495404,3.46406382,3.41554752,3.42525078,376543728.0,0.0,0.0,3.3866987019268273,3.5592870699517727,0.06653663999999997,0.01942533387292026,51.03593711709776,0.9860375499647287,0.199999999995874,3.45436056,3.46406382,3.46406382,-1738729000.0,-2090498997.4,600515733.9386578,4660.6835,0.032441602225139254,0.02915451895043719,-0.003287083274702063,0.5794112548002592,-2.593884632923327,-0.4374999999934278,0.199999999995874,-0.014060841976117473,0.5857798181120316,-0.003287083274702063,0.5,0.5363310619890425,-1.642489174902608,0.9573858786918461,-0.931614967340129,-0.1767838097687869,0.380479200560648,0.23021696628605634,-0.4691091349693019,0.0,,,,,,,,,,,,,,,0.02022914428928886,0.1
2025-10-27,3.41554752,3.45436056,3.35732796,3.42525078,446255068.0,0.0,0.0,3.3903703284099866,3.5548924374943374,0.07000208999999995,0.020437070012134854,51.035937116963765,1.144243599800919,0.6999999999927836,3.46406382,3.46406382,3.46406382,-1738729000.0,-2109814035.75,582405150.9832847,4716.0186,0.03917802488248667,0.01729106628242083,-0.021886958600065842,0.4982772884283159,-2.350245672407789,-0.5544554455366337,0.6999999999927836,0.1347438071786799,0.6371596046557808,-0.021886958600065842,0.5916666666666667,0.4882707436445853,-1.4676717128953987,0.8812834396455733,0.7794831057094407,0.3319638232891226,0.4222497486270064,-0.34110896531599566,0.022826090538596494,0.0,,,,,,,,,,,,,,,0.02022914428928886,0.1
2025-10-28,3.41554752,3.43495404,3.36703122,3.396141,305726286.0,0.0,0.0,3.390919916180464,3.5496874723305885,0.07069517999999997,0.020816326530606104,47.15464367069231,0.7713620327325759,0.4285714285651207,3.46406382,3.46406382,3.46406382,-2044455286.0,-2135475056.7,567462040.5617791,4691.973,0.018251702548562676,0.01449275362318847,-0.003758948925374206,0.07385346242080502,-2.245804539261072,-0.960784313711896,0.4285714285651207,-0.2595974530703426,0.16039798998694574,-0.003758948925374206,0.625,0.20447506933563694,-1.3805302175934175,0.5861427971346536,-0.1474173539891902,-1.0362335194220171,0.09404812703015436,0.23973614059923679,0.19773122943342786,0.0,,,,,,,,,,,,,,,0.02022914428928886,0.1
2025-10-29,3.396141,3.396141,3.32821818,3.33792144,304300969.0,0.0,0.0,3.385872442258515,3.5427443237295857,0.07208135999999997,0.021594684385375578,40.517808763104874,0.7700273028961427,0.14285714285504242,3.46406382,3.46406382,3.46406382,-2348756255.0,-2192730162.0,526872805.9709437,4747.8378,0.03380847760622063,-0.017142857142857126,-0.05095133474907776,-0.6652344275669853,-2.176316893422853,-1.7499999999757179,0.14285714285504242,-0.26132930645635954,-0.29613616651265284,-0.05095133474907776,0.7166666666666667,-0.3037046241028423,-1.3168936182211697,-0.005695796839651357,-1.1292563474605588,-1.027877618361872,-0.22298762832721872,-1.237733342170161,0.685000178481389,0.0,,,,,,,,,,,,,,,0.02022914428928886,0.1
2025-10-30,3.33792144,3.36703122,3.33792144,3.3476247,237864330.0,0.0,0.0,3.382229800138657,3.53634695901714,0.06930899999999994,0.020703933747405805,41.98343092210378,0.603405982932542,0.33333333332187737,3.46406382,3.46406382,3.46406382,-2110891925.0,-2225219586.45,500110370.33088285,4709.911,0.022483402078007808,-0.025423728813559365,-0.04790713089156717,-0.4992872518454697,-2.2236240441538557,-1.6799999999757604,0.33333333332187737,-0.5051650369391771,0.2286048605118074,-0.04790713089156717,0.5916666666666667,-0.18787319526630952,-1.3226784731132293,0.04472615595945274,-0.47380579420225133,-1.8360565303729337,0.1452302876827774,-1.131115875511239,0.007063804876692951,0.0,,,,,,,,,,,,,,,0.02022914428928886,0.1
2025-10-31,3.28940514,3.2991084,3.23118558,3.24088884,591535497.0,0.0,0.0,3.3687687563159274,3.5266598075739553,0.07138826999999992,0.022027373823774187,32.49779710609123,1.4353306233329928,0.14285714285504242,3.46406382,3.45436056,3.45436056,-2702427422.0,-2275631112.75,494829436.83200085,4640.6676,-0.004294627601295065,-0.053824362606232135,-0.04952973500493707,-1.7913295323466447,-2.211722615715667,-3.1262135921892154,0.14285714285504242,0.36139522220887427,-0.8625119636827533,-0.04952973500493707,0.7833333333333333,-1.0627601806169655,-1.2940584288548425,-1.021191190212607,-1.1117853624438652,1.1021470448984685,-0.6146526097126704,-1.1626948821336769,1.0287920803173598,1.0,,,,,,,,,,,,,,,0.02042261663871771,0.1
2025-11-03,3.24088884,3.31851492,3.24088884,3.30881166,423025624.0,0.0,0.0,3.3630585566667914,3.5195172453584154,0.06861590999999992,0.0207373271889338,41.548352363802586,1.0056807250167061,0.8749999999887251,3.46406382,3.43495404,3.43495404,-2279401798.0,-2292251277.45,489061021.7626131,4653.4028,-0.013277258914967116,-0.03399433427762033,-0.020717075362653214,-0.7905877319997793,-2.2802100662855582,-2.262626262593288,0.8749999999887251,0.005664650546048619,0.026273775414956006,-0.020717075362653214,0.5916666666666667,-0.36418077305122076,-1.3117057882402126,-0.36631610767861617,1.3944332173867517,-0.11810657627963352,0.01429543117385203,-0.2617011027417679,-0.005141677797491135,1.0,,,,,,,,,,,,,,,0.020453076583889444,0.1
2025-11-04,3.30881166,3.37673448,3.30881166,3.35732796,393932681.0,0.0,0.0,3.3625127855556687,3.514199563871254,0.07000208999999995,0.020850536746484277,47.01324061038554,0.9341011083481671,0.714285714275199,3.46406382,3.396141,3.396141,-1885469117.0,-2270565880.95,496938389.5774752,4618.699,-0.015616884410886489,-0.011428571428571455,0.0041883129823150345,-0.07406672508770105,-2.1668892787832297,-1.5247524752257398,0.714285714275199,-0.06817059356280356,0.7749386483854278,0.0041883129823150345,0.6083333333333333,0.13817236363834315,-1.225748351240089,0.19552280850793902,0.8410279341255347,-0.3768643539723742,0.5430653463613144,0.5122470692347849,0.08015874699093417,0.0,,,,,,,,,,,,,,,0.02054274649243783,0.1
2025-11-05,3.35732796,3.36703122,3.32821818,3.3476247,261324796.0,0.0,0.0,3.361094872645605,3.508738092924655,0.06861590999999996,0.020496894409931753,46.085213191597184,0.6228393043850556,0.49999999998711775,3.46406382,3.37673448,3.37673448,-2146793913.0,-2246726846.7,490830602.92602813,4627.257,-0.025396992289837828,0.0029069767441860517,0.02830396903402388,-0.1963126721690193,-2.1517344924362063,-1.6969696969449648,0.49999999998711775,-0.47346673185325966,0.20359963927322694,0.02830396903402388,0.55,0.060818163320383846,-1.1973182629415728,0.07512216401129065,0.10093413987752513,-1.7435182020062796,0.1442441368021533,1.2515880970705875,-0.23747079036293464,0.0,,,,,,,,,,,,,,,0.02055665211958169,0.1
2025-11-06,3.3476247,3.36703122,3.31851492,3.33792144,206180497.0,0.0,0.0,3.358887879060309,3.5031375469271255,0.06792281999999994,0.02034883720929621,45.125919978225866,0.5110946954017331,0.39999999999175717,3.46406382,3.37673448,3.37673448,-2352974410.0,-2233196837.3,483937325.9697275,4693.4032,-0.0035049069929347088,-0.0028985507246376274,0.0006063562682970813,-0.3086803383605153,-2.1237290775720554,-1.8571428571155117,0.39999999999175717,-0.6712003920492154,-0.24750637380571144,0.0006063562682970813,0.5166666666666667,-0.006697684879721914,-1.1622114340790608,-0.03474990240538675,-0.22819683830293483,-2.3557464497589247,-0.16542726283873516,0.3986122426829411,-0.4178885129907116,0.0,,,,,,,,,,,,,,,0.02055665211958169,0.1
2025-11-07,3.33792144,3.36703122,3.33792144,3.3476247,218300800.0,0.0,0.0,3.35781519534028,3.498038765060662,0.06307118999999993,0.018840579710139277,46.32905317852269,0.5756106394771929,0.33333333332187737,3.46406382,3.37673448,3.37673448,-2134673610.0,-2173677974.55,414162915.85476583,4678.7944,0.008215800674885587,0.03293413173652682,0.02471833106164123,-0.1615713186974669,-2.2232586656151416,-1.8461538461245754,0.33333333332187737,-0.5523238199889672,0.09417638097679856,0.02471833106164123,0.36666666666666664,0.11004673031295358,-1.1987381415149265,-0.010534552726916453,-0.4488046809657003,-1.9108723609700906,0.09023272191029376,1.1416218912227571,-1.2153295170562104,1.0,,,,,,,,,,,,,,,0.02055665211958169,0.1
2025-11-10,3.33792144,3.396141,3.32821818,3.38643774,289110677.0,0.0,0.0,3.3605411519745387,3.494379715058673,0.06515045999999994,0.019238641015139613,50.96069961480943,0.7850653760635942,0.8571428571302349,3.45436056,3.396141,3.396141,-1845562933.0,-2099703577.95,324281832.51362765,4695.0507,0.00894998816779835,0.02346041055718473,0.01451042238938638,0.39748895134529616,-2.0542995871722187,-1.0425531914733628,0.8571428571302349,-0.24198828305777526,0.7837029998876672,0.01451042238938638,0.425,0.5190252046495829,-1.0849955653800787,0.6201556246220318,1.3588959699963694,-0.8911592925264165,0.5972753394918945,0.8263646221979698,-0.899943197624923,0.0,,,,,,,,,,,,,,,0.02055665211958169,0.1
2025-11-11,3.38643774,3.40584426,3.37673448,3.37673448,174195399.0,0.0,0.0,3.362083373691249,3.4905224942370774,0.06168500999999993,0.018267651888336112,49.8035718207838,0.5022902609369697,0.0,3.43495404,3.40584426,3.40584426,-2019758332.0,-2064609645.1,291387416.5162287,4652.1655,0.007245871618826172,0.005780346820809301,-0.0014655247980168706,0.23751485666474537,-2.0821771860577822,-0.9438202247038008,0.0,-0.6885771173510565,0.15392330127441153,-0.0014655247980168706,0.2916666666666667,0.41163975558070204,-1.0829287799958711,0.6972245064413444,-1.585383782765088,-2.3066114665457422,0.1503841250304235,0.33053644523938114,-1.5875954183347474,1.0,,,,,,,,,,,,,,,0.02055665211958169,0.1
2025-11-12,3.38643774,3.42525078,3.38643774,3.396141,283867438.0,0.0,0.0,3.3653269571492257,3.4874280190161895,0.059605739999999914,0.01755102040815807,52.14400873422523,0.8293819900681567,0.2499999999935646,3.40584426,3.42525078,3.42525078,-1735890894.0,-2034054167.15,292213212.77136964,4645.9079,0.00403066006491537,0.01449275362318847,0.0104620935582731,0.5169643536051639,-2.048478248318291,-0.16279069767168386,0.2499999999935646,-0.18707444581584556,1.020362051127667,0.0104620935582731,0.18333333333333332,0.6166342374834136,-1.046752884128077,1.293982712633387,-0.7322425286773493,-0.6937019218903977,0.78148384386916,0.7056641305521286,-2.1086478333165766,0.0,,,,,,,,,,,,,,,0.02055665211958169,0.1
2025-11-13,3.40584426,3.41554752,3.35732796,3.396141,299654004.0,0.0,0.0,3.3682616278969184,3.484435001999265,0.06029882999999993,0.017755102040811075,52.14400873409032,0.887709283730496,0.6666666666552158,3.42525078,3.42525078,3.42525078,-1735890894.0,-2023186483.4,298979953.3132508,4702.0738,0.0018474014761826751,0.01744186046511631,0.015594458988933635,0.46235345035085007,-1.926627334235511,-0.48275862068164554,0.6666666666552158,-0.11911097277791993,0.9609192396220337,0.015594458988933635,0.225,0.5815889460734084,-0.9626229945415483,1.040305852395035,0.6898127781392888,-0.4802290905794046,0.7402219051346003,0.8603782955457229,-1.8572030550664123,0.0,,,,,,,,,,,,,,,0.02055665211958169,0.1
2025-11-14,3.396141,3.43495404,3.38643774,3.40584426,330208719.0,0.0,0.0,3.37184092619245,3.4818582563599447,0.05683337999999995,0.016687016687011773,53.40384350416904,0.9848434492568897,0.3999999999917535,3.42525078,3.43495404,3.43495404,-1405682175.0,-1977029781.5,318831731.9790612,4628.1398,-0.010826421438821954,0.017391304347825987,0.02821772578664794,0.5982986372964544,-1.9357872110643257,-0.34146341462813823,0.3999999999917535,-0.015272585206095242,1.792003584315511,0.02821772578664794,0.075,0.6862320415722278,-0.9521190962453272,1.1463072737615858,-0.22396705939195274,-0.15425212743545552,1.3398441186179166,1.2405868955746024,-2.5520477917755677,1.0,,,,,,,,,,,,,,,0.02055665211958169,0.1
2025-11-17,3.42525078,3.46406382,3.38643774,3.43495404,423931196.0,0.0,0.0,3.377851698936026,3.4803204132006025,0.057526469999999934,0.016747376916863548,57.05628155591815,1.2598370619698578,0.6249999999919514,3.43495404,3.46406382,3.46406382,-981750979.0,-1929666802.55,385777298.43235254,4598.0525,-0.020659670405689168,0.014326647564469885,0.03498631797015905,0.9926272386082681,-1.7812446037936145,0.0,0.6249999999919514,0.23098239670442686,2.4571581256905413,0.03498631797015905,0.1,0.9834334253872925,-0.8514739146863181,1.4153680780136093,0.5705205633953415,0.6435828335541803,1.8090609236007118,1.4344382533766875,-2.3607056427823454,0.0,,,,,,,,,,,,,,,0.02055665211958169,0.1
2025-11-18,3.43495404,3.4446573,3.40584426,3.42525078,244436394.0,0.0,0.0,3.382365897132595,3.4785148514563202,0.05544719999999992,0.016187778227433534,55.49475934975797,0.7323063247008699,0.49999999998711775,3.46406382,3.46406382,3.46406382,-1226187373.0,-1879596795.9,408195353.3942125,4568.1928,-0.018050239184311145,0.014367816091954033,0.03241805527626518,0.7734364019577455,-1.7340632948461123,-0.6999999999873758,0.49999999998711775,-0.3115563761903314,1.6007272436268363,0.03241805527626518,0.008333333333333333,0.8274940513232647,-0.8113733968462705,0.8735767407426215,0.12334802727679572,-1.124196789258271,1.1853124334328793,1.3428156776096611,-2.7171133674151964,1.0,,,,,,,,,,,,,,,0.02055665211958169,0.1
2025-11-19,3.42525078,3.50287686,3.41554752,3.4931736,421441912.0,0.0,0.0,3.3929190116913954,3.47899546616267,0.05960573999999995,0.017063492063487163,63.106402635240215,1.2645705430100793,0.888888888878708,3.46406382,3.50287686,3.50287686,-804745461.0,-1830047802.45,470724858.32800764,4588.2922,-0.012401386605188636,0.02857142857142847,0.040972815176617106,1.6819619772680063,-1.4440967341371926,0.4883720930150662,0.888888888878708,0.23473257284749632,2.1781351107987486,0.040972815176617106,0.14166666666666666,1.4718715273625407,-0.6375110359759824,1.7570644914235913,1.463451963423115,0.6486338278694707,1.5749155094140421,1.5800448811585734,-2.034821729351138,1.0,,,,,,,,,,,,,,,0.02055665211958169,0.1
2025-11-20,3.48347034,3.60961272,3.47376708,3.56109642,517945184.0,0.0,0.0,3.4089359077207866,3.4816873007147136,0.06099191999999994,0.01712728688205045,68.84470941987091,1.5347021443502054,0.6428571428524122,3.50287686,3.60961272,3.60961272,-286800277.0,-1776278552.7,571687536.0716451,4564.9483,-0.029162770690668416,0.04857142857142849,0.0777341992620969,2.4947650816160394,-1.1928037843821646,0.9545454545298042,0.6428571428524122,0.4283363194418308,2.6054062433037464,0.0777341992620969,0.15,2.0194820017383965,-0.4863055526890326,2.0619520396694737,0.5999215886456365,1.2568664749161127,1.8461206090443285,2.611756292060466,-1.9622246269498245,0.0,,,,,,,,,,,,,,,0.02055665211958169,0.1
2025-11-21,3.5416899,3.57079968,3.47376708,3.4931736,465384998.0,0.0,0.0,3.416958545080712,3.48206390069128,0.06237809999999994,0.01785714285713773,58.96757993849813,1.3610489542583346,0.19999999999793883,3.60961272,3.60961272,3.60961272,-752185275.0,-1726951366.45,613808863.7535666,4453.6076,-0.03771109074967871,0.025641025641025772,0.06335211639070448,1.2218239240705695,-1.0437213639005423,-1.8666666666367417,0.19999999999793883,0.30825569235259853,1.5880612826102025,0.06335211639070448,0.25,1.101870390798149,-0.3929397558688953,-0.053399779109215784,-0.9366271699638103,0.8527800706098712,1.1172257537615473,2.1367199952894054,-1.483276438607439,0.0,,,,,,,,,,,,,,,0.02055665211958169,0.1
2025-11-24,3.4931736,3.51258012,3.45436056,3.47376708,394647296.0,0.0,0.0,3.4223688817396916,3.481791873783369,0.06168500999999993,0.017757382282516814,56.47453845454537,1.162948110822398,0.3333333333276079,3.60961272,3.60961272,3.60961272,-1146832571.0,-1697356545.0,626662128.2436838,4448.0478,-0.03262352920067779,0.011299435028248483,0.043922964228926276,0.8332364420379484,-0.9633295356961805,-2.2022471909755352,0.3333333333276079,0.15095825587943593,0.8785020654478154,0.043922964228926276,0.23333333333333334,0.8192993362435079,-0.33836791858009085,-0.30334956517411205,-0.47446714029520337,0.33476661762282106,0.6128029190929905,1.5432779351324355,-1.5445243054081519,1.0,,,,,,,,,,,,,,,0.02055665211958169,0.1
2025-11-25,3.4931736,3.55139316,3.47376708,3.5416899,318887431.0,0.0,0.0,3.433732788240673,3.4837557434953896,0.06445736999999993,0.018199608610562357,62.45721371042435,0.9378799560754064,0.8749999999887308,3.60961272,3.60961272,3.60961272,-827945140.0,-1636531037.7,648672192.554618,4490.4047,-0.01702819986056625,0.03399433427762055,0.051022534138186804,1.6748606366913859,-0.7760626171055449,-1.0537634408438634,0.8749999999887308,-0.06413331676351962,1.2465246806951993,0.051022534138186804,0.2916666666666667,1.3991431585986378,-0.2238612915422067,0.554836824755476,1.412480911923898,-0.3593224178474278,0.8631223735273397,1.7153147538696492,-1.271175508596838,0.0,,,,,,,,,,,,,,,0.02055665211958169,0.1
2025-11-26,3.55139316,3.57079968,3.50287686,3.51258012,301873600.0,0.0,0.0,3.4412420579320377,3.4847008050201307,0.06584354999999993,0.01874506708760317,58.7313261071452,0.8881576045333621,0.1428571428550368,3.60961272,3.60961272,3.60961272,-1129818740.0,-1575584161.95,636031226.713004,4517.6255,-0.015401525648257475,0.005555555555555536,0.02095708120381301,1.0834479925046394,-0.6600304371108933,-1.4736842105039343,0.1428571428550368,-0.11860606915552223,0.7008546172390094,0.02095708120381301,0.36666666666666664,0.984270376545689,-0.14970301395476937,0.24654551745867767,-1.1200532000498027,-0.5256120005021694,0.4869925199913616,0.8610375065530217,-0.9278119998327948,1.0,,,,,,,,,,,,,,,0.02055665211958169,0.1
2025-11-27,3.52228338,3.55139316,3.48347034,3.5416899,266575172.0,0.0,0.0,3.4508085190813675,3.486569299937503,0.06861590999999992,0.01937377690801799,61.22254090761137,0.7810056713126401,0.8571428571302405,3.60961272,3.57079968,3.57079968,-863243568.0,-1513201744.1,641629091.709228,4515.4027,-0.01085348546006537,-0.00544959128065392,0.00540389417941145,1.324494288821765,-0.5211733088669145,-0.9898989898845602,0.8571428571302405,-0.24717286756492385,1.0129811514134812,0.00540389417941145,0.43333333333333335,1.155490349648113,-0.062135004938958904,0.6168803914565295,1.341400384632762,-0.9313150377564433,0.7152268129725577,0.420758554262298,-0.6336630412100317,0.0,,,,,,,,,,,,,,,0.02055665211958169,0.1
2025-11-28,3.53198664,3.5416899,3.4931736,3.50287686,268595543.0,0.0,0.0,3.4557674086926657,3.4871039740379124,0.06722972999999992,0.019192718638696513,56.33912017965184,0.8260005947262989,0.19999999999588133,3.60961272,3.57079968,3.57079968,-1131839111.0,-1434672328.55,584876063.3402578,4526.6616,0.016403331088262085,0.002777777777777768,-0.013625553310484317,0.7007234940053126,-0.46611172385759353,-1.5876288659557636,0.19999999999588133,-0.19115978545379236,0.5177733139231303,-0.013625553310484317,0.4,0.7158274165130603,-0.022366852828797565,0.1695884747589425,-0.932780523493425,-0.7426180283179896,0.3716957054145532,-0.11616880609926798,-0.7882022174676184,0.0,,,,,,,,,,,,,,,0.02055665211958169,0.1
2025-12-01,3.4931736,3.51258012,3.47376708,3.4931736,276314715.0,0.0,0.0,3.459329903102888,3.4873029781678166,0.06792281999999994,0.01944444444443886,55.154662052619514,0.8693504518389725,0.49999999998711775,3.60961272,3.57079968,3.57079968,-1408153826.0,-1391109929.95,551850608.9673389,4576.4856,0.02887509437286173,0.005586592178770999,-0.023288502194090732,0.498266957947474,-0.41183618501877467,-1.7142857142604755,0.49999999998711775,-0.14000895326501844,-0.030884981864736313,-0.023288502194090732,0.4583333333333333,0.573312808728136,0.01718144361459325,0.0761744326520503,0.09679005078557361,-0.5725214937890367,-0.013236896259100161,-0.3829001341664323,-0.5255854053269724,0.0,,,,,,,,,,,,,,,0.02055665211958169,0.1
2025-12-02,3.4931736,3.51258012,3.45436056,3.48347034,227317939.0,0.0,0.0,3.461628992331184,3.4871773179000196,0.06861590999999996,0.01969757262235804,53.9335559817393,0.7344453167362996,0.49999999999141564,3.60961272,3.57079968,3.57079968,-1635471765.0,-1378610062.35,543276111.1608154,4554.3347,0.014237024114998054,-0.016438356164383494,-0.030675380279381548,0.31831316772593815,-0.3723382167264596,-1.838383838357042,0.49999999999141564,-0.30863973578396564,-0.4728013939379094,-0.030675380279381548,0.4583333333333333,0.44760580030456665,0.04836097305961449,-0.014703962499166726,0.10716021757345495,-1.0989594338128428,-0.32079342444833325,-0.5859226180438886,-0.5336541341186085,0.0,,,,,,,,,,,,,,,0.020482988782787894,0.1
2025-12-03,3.47376708,3.4931736,3.43495404,3.4446573,258803894.0,0.0,0.0,3.460012640680595,3.4857832189524776,0.06861590999999996,0.0199195171026099,49.23771158783847,0.8365144765424385,0.16666666666380012,3.60961272,3.55139316,3.55139316,-1894275659.0,-1365984149.65,527995973.70146453,4531.0486,0.0029712732939017883,-0.01933701657458564,-0.02230828986848743,-0.2237868838345439,-0.37557730082581264,-2.4040404040053702,0.16666666666380012,-0.17851145261721443,-1.000559730875339,-0.02230828986848743,0.475,0.07315484128526399,0.0548963557473211,-0.43235011231387843,-1.0427453273396279,-0.6664668052246758,-0.6795979224568035,-0.342630296164791,-0.4613253967525134,0.0,,,,,,,,,,,,,,,0.020453076583889444,0.1
2025-12-04,3.4446573,3.45436056,3.41554752,3.43495404,194147300.0,0.0,0.0,3.4576261072824432,3.4841166884950194,0.06792281999999994,0.019774011299429253,48.10995776083764,0.6287520393974622,0.49999999998711775,3.60961272,3.5416899,3.5416899,-2088422959.0,-1352756577.1,505957688.47884536,4546.5664,0.006901643567693405,-0.03013698630136985,-0.037038629869063255,-0.3337916076233205,-0.39001003215393887,-2.571428571390713,0.49999999998711775,-0.464018313998956,-1.4540077137907927,-0.037038629869063255,0.45,0.0045434838187472905,0.055252411346206946,-0.5473922898028051,0.13091238989827803,-1.566826428346215,-0.9862135464356371,-0.7510415678398683,-0.5817927528606857,0.0,,,,,,,,,,,,,,,0.020392953610715532,0.1
2025-12-05,3.43495404,3.4446573,3.396141,3.41554752,204517623.0,0.0,0.0,3.4536186227793535,3.481868519036166,0.06584354999999993,0.019277597402591738,45.84816362453808,0.6638182021622869,0.39999999999175717,3.57079968,3.51258012,3.51258012,-2292940582.0,-1360669925.7,519189895.20340663,4584.5368,0.012785404590438088,-0.024930747922437768,-0.037716152512875856,-0.5782055004442389,-0.42904576464032534,-2.357894736806295,0.39999999999175717,-0.4097469589178215,-1.7956255792204079,-0.037716152512875856,0.39166666666666666,-0.15860083241510986,0.04187431817582812,-0.37261428074075537,-0.20911224513415602,-1.3740497228808382,-1.2144592071304257,-0.7575136227117667,-0.8627758721313437,1.0,,,,,,,,,,,,,,,0.02019948126128669,0.1
2025-12-08,3.41554752,3.47376708,3.41554752,3.45436056,241260744.0,0.0,0.0,3.453689283467034,3.480966618739898,0.06722972999999992,0.01946227929373431,50.82732926604078,0.7892066976393945,0.6666666666552158,3.57079968,3.51258012,3.51258012,-2051679838.0,-1370975770.95,530632274.13476104,4621.7545,0.009891629507148503,-0.011111111111111072,-0.021002740618259574,0.009984816731466326,-0.4057332265421594,-1.7319587628608366,0.6666666666552158,-0.2367270182510937,-1.282816934118723,-0.021002740618259574,0.43333333333333335,0.26506294046124157,0.06481435966258366,0.11173088700506054,0.7209502056126217,-0.8088075206718346,-0.8309874637372383,-0.27733070986880565,-0.6717463110731008,0.0,,,,,,,,,,,,,,,0.020008594974461884,0.1
2025-12-09,3.45436056,3.46406382,3.40584426,3.41554752,199649842.0,0.0,0.0,3.450056734565412,3.4788217302566227,0.06515045999999991,0.019074675324669714,46.24781623232658,0.6503823179952458,0.16666666666380775,3.57079968,3.4931736,3.4931736,-2251329680.0,-1382554338.35,546938531.1104373,4598.2232,0.009636643525562594,-0.01949860724233987,-0.029135250767902465,-0.5296848950089127,-0.44151638669579807,-2.3829787233676796,0.16666666666380775,-0.43019490747226496,-1.5884332374355572,-0.029135250767902465,0.325,-0.11268691324568,0.053297325301172795,-0.3781430345109188,-1.0502709916118391,-1.4031889152201562,-1.0348064758209838,-0.49714776741549493,-1.1797913943608653,0.0,,,,,,,,,,,,,,,0.019950309726458185,0.1
2025-12-10,3.41554752,3.42525078,3.36703122,3.38643774,224648747.0,0.0,0.0,3.4439977827020396,3.4757927469695202,0.059605739999999914,0.017601309864914958,43.11054902690692,0.7389466986752313,0.3333333333276079,3.57079968,3.47376708,3.47376708,-2475978427.0,-1419558715.0,592713175.7655312,4591.8273,0.013413826547788554,-0.016901408450704203,-0.030315234998492757,-0.9656795251778459,-0.5334211817007432,-3.0930232557620676,0.3333333333276079,-0.3025294869203688,-1.7823455850050218,-0.030315234998492757,0.11666666666666667,-0.4169064241632373,0.008688472018859642,-0.9111726107527728,-0.44657396617137907,-0.9907590275973287,-1.15526840686735,-0.5224773472077879,-2.1191801197943225,0.0,,,,,,,,,,,,,,,0.019926535959939838,0.1
2025-12-11,3.396141,3.40584426,3.38643774,3.396141,164061135.0,0.0,0.0,3.439439993873274,3.4731812142819947,0.05406101999999992,0.015918367346934064,44.46295316275322,0.5519623594339135,0.49999999997424693,3.55139316,3.47376708,3.47376708,-2311917292.0,-1448360034.9,620718359.5011574,4552.1848,0.0012357457267093697,-0.011299435028248594,-0.012535180754957964,-0.800928171027352,-0.6241321456401775,-2.871794871741752,0.49999999997424693,-0.5942754244613628,-1.3912223537161055,-0.012535180754957964,0.008333333333333333,-0.28731137518232835,-0.03504427234202242,-0.7267351134214123,0.16571453271341127,-1.8652270479154702,-0.8582420507350622,-0.010959276585046517,-2.5644647057908685,0.0,,,,,,,,,,,,,,,0.019846764201019586,0.1
2025-12-12,3.396141,3.41554752,3.36703122,3.396141,229318788.0,0.0,0.0,3.4353162801710573,3.470655305617011,0.05336792999999994,0.01571428571428107,44.46295316263591,0.7848330850862626,0.5999999999876349,3.5416899,3.47376708,3.47376708,-2311917292.0,-1493671790.75,648408523.565059,4580.95,-0.0007823691152397672,-0.005681818181818121,-0.004899449066578354,-0.7340603274349069,-0.6621771810390934,-2.727272727221629,0.5999999999876349,-0.24228421427215033,-1.2619289714933863,-0.004899449066578354,0.008333333333333333,-0.23015116067058725,-0.04744263700342781,-0.6021012243644168,0.5255175466205873,-0.7677328617340207,-0.7517751628452614,0.21052167528523819,-2.4908742588006927,1.0,,,,,,,,,,,,,,,0.019774011299429264,0.1
2025-12-15,3.40584426,3.4446573,3.396141,3.43495404,198083584.0,0.0,0.0,3.4352817811071468,3.4694847723180926,0.051288659999999923,0.01493139628732412,49.97932638643461,0.7051858042853898,0.7999999999835143,3.51258012,3.46406382,3.46406382,-2113833708.0,-1550275927.2,650658496.8121066,4552.0596,-0.01507974947609192,-0.005617977528089901,0.009461771948002018,-0.006390128093429206,-0.6668723887557018,-1.5135135134840048,0.7999999999835143,-0.3492939587157849,-0.8661345138212203,0.009461771948002018,0.008333333333333333,0.31315200760648315,-0.039782553653314,0.3661392374515133,1.252955901140584,-1.0812417325706738,-0.45299101428395283,0.6322240626136699,-2.413751392920524,0.0,,,,,,,,,,,,,,,0.019735791960893645,0.1
2025-12-16,3.43495404,3.4446573,3.38643774,3.396141,209396129.0,0.0,0.0,3.431554087668371,3.4670800584715975,0.05059556999999994,0.014897959183669063,45.14973138425633,0.7501377244648265,0.16666666666380775,3.51258012,3.4446573,3.4446573,-2323229837.0,-1605128050.4,667059923.7248667,4497.5545,-0.02189295639237354,-0.005681818181818121,0.01621113821055542,-0.699924670631659,-0.7021557579551805,-2.301369862968214,0.16666666666380775,-0.28749845669041796,-1.0765176576492785,0.01621113821055542,0.008333333333333333,-0.1816292714444055,-0.050375682871658216,-0.24473583320894718,-1.0317729662345656,-0.875450203998143,-0.5936415563055372,0.8380872464261357,-2.3391929396983455,1.0,,,,,,,,,,,,,,,0.019579925958046175,0.1
2025-12-17,3.396141,3.42525078,3.36703122,3.41554752,205500124.0,0.0,0.0,3.430029652652336,3.465390467046299,0.04990247999999996,0.01461038961038532,47.86257394041128,0.7658014250884402,0.8333333333190235,3.4931736,3.4446573,3.4446573,-2117729713.0,-1670777263.0,649435548.3641981,4579.875,-0.0026029506815292702,0.008595988538681931,0.011198939220211201,-0.2902086760426675,-0.7085983380636522,-1.5555555555243836,0.8333333333190235,-0.26683237902602286,-0.6882167924527481,0.011198939220211201,0.008333333333333333,0.1429583829051518,-0.04305323346545866,0.3733326899127093,1.4082926241611384,-0.7979708904447619,-0.2928789638164769,0.7031588247408322,-2.268405019113671,1.0,,,,,,,,,,,,,,,0.019453361869086583,0.1
2025-12-18,3.40584426,3.46406382,3.38643774,3.45436056,223191574.0,0.0,0.0,3.432346881923542,3.465028830749699,0.05198174999999994,0.01504815409309354,52.8819299835499,0.8800623880852901,0.8749999999887308,3.47376708,3.46406382,3.46406382,-1894538139.0,-1751164156.1,567484194.0436474,4552.7926,0.00013351830532015718,0.017142857142857126,0.01700933883753697,0.42348859120815424,-0.6287196722989945,-0.37333333332615143,0.8749999999887308,-0.12776247847138966,-0.2526484162992787,0.01700933883753697,0.03333333333333333,0.7036883934328653,0.018085108580091533,1.342681909224575,1.5515439809209246,-0.35883984467498903,0.04514718640334046,0.8704706670274087,-2.105702996769131,0.0,,,,,,,,,,,,,,,0.01943488915867956,0.1
2025-12-19,3.45436056,3.46406382,3.43495404,3.45436056,208129346.0,0.0,0.0,3.4344434226927287,3.4646790513808563,0.051288659999999923,0.014847512038518954,52.88192998340864,0.8645183025394758,0.66666666664377,3.47376708,3.46406382,3.46406382,-1894538139.0,-1808281799.3,519524542.2779231,4568.1781,-0.002788046147633061,0.017142857142857126,0.019930903290490187,0.388334132864516,-0.5895187881207677,-0.3783783783710012,0.66666666664377,-0.14558280284001246,-0.1660293839474799,0.019930903290490187,0.016666666666666666,0.6977070448337579,0.05465203998130967,1.351978032604493,0.8003949864271578,-0.40600333198946653,0.1250199915574978,0.9566065693124333,-2.1125894028520444,0.0,,,,,,,,,,,,,,,0.01940654448747768,0.1
2025-12-22,3.4446573,3.45436056,3.40584426,3.41554752,184857800.0,0.0,0.0,3.432643812912469,3.4630681814995166,0.05059556999999994,0.014813311688307332,47.57056558962075,0.8028340509564176,0.19999999999588133,3.47376708,3.46406382,3.46406382,-2079395939.0,-1854909967.7,499530733.4860158,4611.6235,0.01308504396559318,-0.005649717514124242,-0.01873476147971742,-0.3379009844563678,-0.6013247520770351,-1.150684931484107,0.19999999999588133,-0.21960724771728057,-0.4493937134426272,-0.01873476147971742,0.016666666666666666,0.1352793692499813,0.0584156080534371,0.7108365362426612,-0.9162391643475113,-0.6241194466781499,-0.08444377976273978,-0.1703810892042427,-2.0566515237224112,0.0,,,,,,,,,,,,,,,0.019380766005026546,0.1
2025-12-23,3.41554752,3.43495404,3.396141,3.40584426,173952768.0,0.0,0.0,3.430091474539853,3.461191987351991,0.04920938999999994,0.01444851444851019,46.31807633895795,0.7800229123858214,0.24999999999355316,3.46406382,3.46406382,3.46406382,-2253348707.0,-1926180146.05,446829216.76759255,4620.7341,0.027388128370651188,0.0028571428571428914,-0.024530985513508297,-0.49273552343080534,-0.6320036239324655,-1.183098591525254,0.24999999999355316,-0.24843198487631496,-0.73220046647077,-0.024530985513508297,0.008333333333333333,0.01973704252513585,0.05050605923448834,0.6765038562631306,-0.7209824565041256,-0.706684233098843,-0.29309428507313384,-0.3434643348456329,-2.034290822348874,0.0,,,,,,,,,,,,,,,0.019325687155304864,0.1
2025-12-24,3.40584426,3.41554752,3.38643774,3.396141,148271986.0,0.0,0.0,3.426858096012248,3.4590591680945484,0.04851629999999996,0.014285714285710066,45.04096699742879,0.6885810925056871,0.3333333333218875,3.46406382,3.46406382,3.46406382,-2401620693.0,-1989770243.7,418575273.6007142,4634.0586,0.011830803242446564,-0.005681818181818121,-0.017512621424264685,-0.6331294021105265,-0.6637165670431708,-1.3999999999711392,0.3333333333218875,-0.37312218633199407,-0.9839340144417389,-0.017512621424264685,0.008333333333333333,-0.08124271894264687,0.04190661518875249,0.4972085355593352,-0.40449079442330854,-1.089739381517886,-0.47524558376084153,-0.13965082572134435,-1.982383569514125,1.0,,,,,,,,,,,,,,,0.019266127893839573,0.1
2025-12-25,3.396141,3.42525078,3.38643774,3.41554752,129488472.0,0.0,0.0,3.425780898296796,3.457632556681612,0.04782320999999997,0.014001623376619268,48.12186018347291,0.6211211027969202,0.7499999999806823,3.46406382,3.46406382,3.46406382,-2272132221.0,-2060214676.35,332830494.90181327,4642.5357,0.019711660047945223,-0.011235955056179803,-0.030947615104125026,-0.21398350919108255,-0.6660292854484269,-1.01449275360197,0.7499999999806823,-0.47622920350570785,-0.6367131254379707,-0.030947615104125026,0.008333333333333333,0.258205592982394,0.05235002356144217,0.8106211506482547,1.1138571497345977,-1.3942942753432548,-0.1955377732743055,-0.5241632340752018,-1.93306175740657,0.0,,,,,,,,,,,,,,,0.019246649700113513,0.1
2025-12-26,3.40584426,3.42525078,3.396141,3.40584426,126614517.0,0.0,0.0,3.4238821708399585,3.455934579741231,0.04574393999999996,0.013431013431009477,46.71185924949907,0.6287457099664052,0.33333333332187737,3.46406382,3.45436056,3.45436056,-2398746738.0,-2123560057.7,263438112.88329628,4657.24,0.019496153181943532,-0.014044943820224809,-0.03354109700216834,-0.3943235068855971,-0.7006919146136499,-1.2727272726994499,0.33333333332187737,-0.4640283807065269,-1.0445970679341614,-0.03354109700216834,0.008333333333333333,0.12666169231973368,0.04240297715221279,0.6014278145847762,-0.40326106926407773,-1.3381407424255354,-0.49999277513689555,-0.5938574856786244,-1.886017727485843,1.0,,,,,,,,,,,,,,,0.01921567982691806,0.1
2025-12-29,3.40584426,3.43495404,3.396141,3.42525078,196528968.0,0.0,0.0,3.424012514569486,3.4549285535202072,0.04435775999999996,0.012950222581946835,49.87518868908289,0.9956527242332355,0.7499999999806709,3.46406382,3.43495404,3.43495404,-2202217770.0,-2163263254.9,206257953.589829,4639.3721,0.006017100051641133,0.0028409090909089496,-0.0031761909607321837,0.027915418418016345,-0.6969702471455799,-0.874999999980274,0.7499999999806709,-0.004356752645771537,-0.18886309314144592,-0.0031761909607321837,0.008333333333333333,0.48833514753427354,0.05764091317238278,0.9492320320122581,1.1479919286327267,0.09726798683524181,0.1924953025169099,0.3042137319507369,-1.841973356845326,0.0,,,,,,,,,,,,,,,0.019175701260203355,0.1
2025-12-30,3.41554752,3.42525078,3.38643774,3.38643774,200164942.0,0.0,0.0,3.420433964610487,3.4526829530769216,0.04297157999999996,0.012689316414241023,44.22115241225815,1.0210964658948352,0.0,3.46406382,3.43495404,3.43495404,-2402382712.0,-2201608802.25,173212803.5542979,4651.2818,0.006611005813989657,-0.005698005698005715,-0.012309011511995371,-0.7911327582019589,-0.7504724859007766,-1.8064516128611876,0.0,0.020877016496913984,-1.1591170261675396,-0.012309011511995371,0.008333333333333333,-0.16109407094513511,0.03582348563890054,0.19294235622402878,-1.6140136886964165,0.17555979371173552,-0.5728441883304141,0.055033575627299575,-1.8000827183325308,0.0,,,,,,,,,,,,,,,0.019116679603189954,0.1
2025-12-31,3.38643774,3.396141,3.37673448,3.38643774,122343911.0,0.0,0.0,3.4171962289332978,3.4505109788776784,0.04297157999999996,0.012689316414241023,44.221152412119054,0.6466160832866052,0.49999999997422406,3.46406382,3.43495404,3.43495404,-2402382712.0,-2227014154.9,163248486.8741139,4629.9395,-0.0008888752507358877,-0.0028571428571428914,-0.0019682676064070037,-0.7157867812303423,-0.7752740286395199,-1.8064516128611876,0.49999999997422406,-0.4360025403740958,-1.0742430784992953,-0.0019682676064070037,0.0125,-0.08076329108689725,0.03342058259706789,0.20445206274186234,0.23805331656561216,-1.2349274135090835,-0.49044816119577883,0.37871788266639944,-1.7462227664912784,0.0,,,,,,,,,,,,,,,0.019006254912229122,0.1
2026-01-05,3.38643774,3.40584426,3.36703122,3.37673448,229224400.0,0.0,0.0,3.413342729034888,3.4480920772751316,0.042278489999999946,0.01252052545155621,42.813911912026306,1.2003774397679685,0.2499999999935646,3.46406382,3.43495404,3.43495404,-2631607112.0,-2254173362.55,182035279.47683224,4717.7457,0.016200198525129217,-0.011363636363636354,-0.02756383488876557,-0.8658835505719855,-0.8219155471120557,-2.0655737704429424,0.2499999999935646,0.18263604047875023,-2.073409893591731,-0.02756383488876557,0.008333333333333333,-0.19281806323091283,0.016756755662424655,-0.004839760177610291,-0.6843125611617713,0.6724658403968629,-1.3023700140311067,-0.38490615441718873,-1.7233956232752004,1.0,,,,,,,,,,,,,,,0.018889207104963904,0.1
2026-01-06,3.37673448,3.396141,3.36703122,3.396141,192181301.0,0.0,0.0,3.4117044691268035,3.4463887632661105,0.04089230999999998,0.01204081632652706,46.482103286910835,1.0096554258228683,0.9999999999656474,3.46406382,3.43495404,3.43495404,-2439425811.0,-2261497624.0,186343706.0543292,4790.6938,0.02865512621209132,-0.002849002849002802,-0.03150412906109412,-0.3805964770985745,-0.8481862271527068,-1.661016949111917,0.9999999999656474,0.009609110092369623,-0.9548387266062229,-0.03150412906109412,0.008333333333333333,0.25251694682743847,0.014531325591291153,0.35614167631326665,2.048269394564519,0.14328065362306655,-0.3534211418534709,-0.4930705883238635,-1.6865787945506048,0.0,,,,,,,,,,,,,,,0.01879282339887122,0.1
2026-01-07,3.396141,3.41554752,3.38643774,3.38643774,199912365.0,0.0,0.0,3.40929811397187,3.4444231559459104,0.03881304,0.011461318051572546,44.93023459898092,1.0618046266647279,0.0,3.45436056,3.42525078,3.42525078,-2639338176.0,-2290880540.9,196971114.50970694,4776.6658,0.029593164126671345,-0.011331444759206777,-0.04092460888587812,-0.5889869479762737,-0.9049804388714607,-1.7499999999549163,0.0,0.0599699385366635,-1.7690798773585024,-0.04092460888587812,0.008333333333333333,0.07765633960377792,-0.009019318409381381,0.2797970683739331,-1.6065460689110922,0.31806075403340195,-1.0309263213919917,-0.7760999764620853,-1.6521562622043329,0.0,,,,,,,,,,,,,,,0.01850635948796964,0.1
2026-01-08,3.396141,3.396141,3.36703122,3.36703122,163674172.0,0.0,0.0,3.4052726954983585,3.4418857154230937,0.03673377000000001,0.01090983944009557,41.91608637954936,0.8777165618181896,0.0,3.43495404,3.41554752,3.41554752,-2803012348.0,-2318464674.3,225992193.22367334,4737.6536,0.018569461863179315,-0.005730659025787954,-0.02430012088896727,-1.0410441263534236,-0.9967128319183813,-1.849056603723252,0.0,-0.13043155999596626,-2.1440903191749814,-0.02430012088896727,0.008333333333333333,-0.31510896246424747,-0.0579726009762627,0.19976144519982228,-1.5771562510959645,-0.2764977568130626,-1.3338043086534639,-0.2637954457952964,-1.6195477831415572,0.0,,,,,,,,,,,,,,,0.018233630249449233,0.1
2026-01-09,3.37673448,3.37673448,3.3476247,3.3476247,191124812.0,0.0,0.0,3.3997824102128007,3.4387951903272542,0.03326832000000003,0.009937888198754805,39.091875577952564,1.0342192706111217,0.0,3.43495404,3.41554752,3.41554752,-2994137160.0,-2344372610.95,268304652.3985462,4758.9221,0.027858376983111555,-0.011461318051575908,-0.03931969503468746,-1.5677891222410079,-1.1726705800978474,-2.6249999999210982,0.0,0.03364681415691882,-2.4217416404871885,-0.03931969503468746,0.008333333333333333,-0.7792786363049012,-0.1691852951054152,-0.4677244373395814,-1.5520687525884505,0.24031520531951245,-1.5450512681067912,-0.7198718329821293,-1.5903271069088423,1.0,,,,,,,,,,,,,,,0.018028375733850042,0.1
2026-01-12,3.3476247,3.36703122,3.33792144,3.35732796,227347310.0,0.0,0.0,3.395739129240153,3.436124133595213,0.03326832000000003,0.009909165978527198,41.22427741369127,1.2095170398799344,0.66666666664377,3.43495404,3.41554752,3.41554752,-2766789850.0,-2367116238.85,283441815.36000466,4789.9155,0.015297518049775194,-0.005747126436781658,-0.02104464448655685,-1.1545869836228084,-1.2139177558063055,-2.3333333332631923,0.66666666664377,0.1902211393357444,-1.4100728597238459,-0.02104464448655685,0.008333333333333333,-0.39312107410773467,-0.1841101872037242,-0.21039445016124786,0.8239401673309394,0.7306568145820497,-0.6636808776718846,-0.16053456917778275,-1.5616873269006792,0.0,,,,,,,,,,,,,,,0.017807262569827273,0.1
2026-01-13,3.36703122,3.396141,3.35732796,3.35732796,248832211.0,0.0,0.0,3.392080922645853,3.4335406524937304,0.03257523000000002,0.00970272502064121,41.224277413531084,1.3169834256851265,0.0,3.43495404,3.41554752,3.41554752,-2766789850.0,-2389859866.75,296068562.44852805,4761.0324,-0.0061914622888233906,-0.011428571428571455,-0.005237109139748064,-1.0668524103985162,-1.2727379007486554,-2.382978723331099,0.0,0.2753438377807587,-1.2731172135695084,-0.005237109139748064,0.008333333333333333,-0.3061702589581471,-0.21213697256564254,-0.2548358190515087,-1.5456111457367276,0.9834373788761913,-0.536996636353231,0.3168545436036804,-1.5307075097428788,0.0,,,,,,,,,,,,,,,0.017756242161663945,0.1
2026-01-14,3.36703122,3.36703122,3.31851492,3.32821818,314596036.0,0.0,0.0,3.385998756679581,3.4300874566742636,0.033268320000000004,0.009995835068718364,36.74798936988824,1.6152458563631396,0.199999999995874,3.43495404,3.396141,3.396141,-3081385886.0,-2438237475.65,324679981.4844306,4741.9306,-0.007271850586658135,-0.017191977077363862,-0.009920126490705727,-1.7368047643477138,-1.3252457591293254,-3.2083333332368986,0.199999999995874,0.4794871781305378,-1.9808686923337182,-0.009920126490705727,0.03333333333333333,-0.903630508033295,-0.23644010187968437,-0.9628708449354921,-0.8237754887877513,1.5946419569941876,-1.1267512157300992,0.16968092251856554,-1.417660861236947,0.0,,,,,,,,,,,,,,,0.017678205952863017,0.1
2026-01-15,3.31851492,3.32821818,3.26999862,3.27970188,254392020.0,0.0,0.0,3.3758752446148588,3.4251567820292057,0.035347589999999984,0.01077768385460364,30.75418425446921,1.2912222189586764,0.16666666666380775,3.42525078,3.396141,3.396141,-3335777906.0,-2488864879.1,377454049.85890925,4751.4293,0.0029077051982020485,-0.025936599423631024,-0.028844304621833072,-2.7207898646594533,-1.3941979471005734,-4.117647058707031,0.16666666666380775,0.25558922637703146,-2.243751331364898,-0.028844304621833072,0.041666666666666664,-1.7619519017462826,-0.2745284140573554,-1.7199729082972137,-0.9419267706688245,0.8813308452484544,-1.328823570848048,-0.4194614247173324,-1.3638577203310638,0.0,,,,,,,,,,,,,,,0.017576165136536516,0.1
2026-01-16,3.28940514,3.2991084,3.2505921,3.2505921,231038840.0,0.0,0.0,3.3639435165563008,3.4194333498315266,0.03604068,0.011087420042640512,27.82198742561583,1.1651363812711262,0.0,3.41554752,3.396141,3.396141,-3566816746.0,-2561319230.75,434089705.5606436,4731.8728,-0.0056839131701692525,-0.02898550724637683,-0.023301594076207577,-3.1450965007640166,-1.5396444593633136,-4.576923076796086,0.0,0.15283814563481446,-2.3163357766141015,-0.023301594076207577,0.058333333333333334,-2.08620871576075,-0.3748825316891406,-2.066164512190242,-1.5030158606387247,0.5595400381254882,-1.3698742455277857,-0.25604711732244023,-1.2842365275794383,0.0,,,,,,,,,,,,,,,0.017339153645104258,0.1
2026-01-19,3.24088884,3.26029536,3.23118558,3.24088884,188755831.0,0.0,0.0,3.3522240235509386,3.4135794314763945,0.03604068000000003,0.01112061591103165,26.90127254784693,0.9602395799591811,0.3333333333218875,3.41554752,3.396141,3.396141,-3755572577.0,-2654370952.65,478390479.69297165,4734.4556,-0.011578471478254637,-0.034682080924855474,-0.023103609446600837,-3.0891532442742244,-1.702393182474733,-4.846153846019374,0.3333333333218875,-0.04057246319830487,-2.3018886685553297,-0.023103609446600837,0.06666666666666667,-1.9840653884299975,-0.4922447350512082,-2.2332668780955087,-0.3334213052275516,-0.04126195405941485,-1.3379913650470008,-0.25621414310793583,-1.2344334748919423,1.0,,,,,,,,,,,,,,,0.017095389472768806,0.1
2026-01-20,3.24088884,3.2991084,3.24088884,3.28940514,252984330.0,0.0,0.0,3.3462412727365636,3.409508143231267,0.03742686000000003,0.011378002528441556,37.95693872570315,1.272465144035056,0.8333333333190159,3.41554752,3.36703122,3.36703122,-3502588247.0,-2734773458.05,479060770.5427701,4718.8782,-0.008854004018120087,-0.020231213872832443,-0.011377209854712356,-1.5185920682377574,-1.690413529027362,-3.3703703702803187,0.8333333333190159,0.24095607734640317,-1.6027502900729587,-0.011377209854712356,0.075,-0.6070687147528728,-0.4693285067742715,-1.0129039020648845,1.3984821671931242,0.8324657622240845,-0.7500662008702694,0.10172694903084598,-1.1860020066954917,0.0,,,,,,,,,,,,,,,0.016905434490175356,0.1
2026-01-21,3.27970188,3.30881166,3.2505921,3.26029536,255850190.0,0.0,0.0,3.3380559477140337,3.4046159208302416,0.03881304000000003,0.011904761904758261,34.57778319715402,1.2643070361679323,0.16666666666380775,3.41554752,3.32821818,3.3380559477140337,-3758438437.0,-2818725582.95,503358497.922143,4723.0692,-0.003977578246294855,-0.020408163265306034,-0.01643058501901118,-2.003465528905491,-1.7148868811742892,-3.9999999998969353,0.16666666666380775,0.23452417458791244,-1.8668858436464708,-0.01643058501901118,0.09166666666666666,-1.0190279853083888,-0.47657682928160716,-1.5311485260961966,-0.9463333019118085,0.8055678822375728,-0.9736895854478926,-0.0654111661838254,-1.1113730980799752,1.0,,,,,,,,,,,,,,,0.01671719680193766,0.1
2026-01-22,3.26029536,3.30881166,3.2505921,3.27970188,220241100.0,0.0,0.0,3.3324984174555543,3.4005203785079385,0.04158540000000003,0.012679628064239591,38.50810664091932,1.0760349669887006,0.49999999999141564,3.396141,3.30881166,3.3324984174555543,-3538197337.0,-2882968014.45,509060032.88044924,4723.7091,-0.005834076074750727,0.0,0.005834076074750727,-1.2695931133110299,-1.6357173683732382,-2.7999999999326644,0.49999999999141564,0.07328295841296467,-1.2871356622567112,0.005834076074750727,0.11666666666666667,-0.37978308568386054,-0.39573014522670713,-0.5459434503700678,0.22177159594738172,0.3008144327987432,-0.48841190577950894,0.6239509417203476,-1.0111243814011381,0.0,,,,,,,,,,,,,,,0.016437397457222655,0.1
2026-01-23,3.28940514,3.2991084,3.26029536,3.26999862,206511943.0,0.0,0.0,3.3265460557931203,3.3962409765896453,0.04158540000000003,0.012717253073332279,37.30145072518227,0.9948049590180547,0.24999999999355316,3.396141,3.30881166,3.3265460557931203,-3744709280.0,-2950122443.8,529317993.21310747,4702.4966,-0.006208155045925978,0.005970149253731405,0.012178304299657383,-1.359790594577918,-1.6759468658435162,-3.0333333332603916,0.24999999999355316,-0.005208582125570909,-1.5011521361226297,0.012178304299657383,0.14166666666666666,-0.45713512260428035,-0.41690332793611845,-0.7439959167010012,-0.672534726400771,0.054785326405677764,-0.67184366922589,0.810457239899754,-0.9125545521745552,1.0,,,,,,,,,,,,,,,0.0160530727871838,0.1
2026-01-26,3.26999862,3.2991084,3.2505921,3.27970188,239562293.0,0.0,0.0,3.322084705717585,3.3924200226030994,0.04297158000000002,0.013102282333047575,39.348177264019334,1.1242090773743176,0.5999999999876349,3.396141,3.30881166,3.322084705717585,-3505146987.0,-3011773182.1,518455204.8859332,4706.964,-0.00580670774481451,0.011976047904191711,0.01778275564900622,-0.98629898450554,-1.6367868457216952,-2.7096774192917774,0.5999999999876349,0.11707974607229024,-0.9516228215098133,0.01778275564900622,0.15833333333333333,-0.1322836834031122,-0.3686595875172098,-0.4730520058343734,0.5680525070142225,0.42883865500758295,-0.21120012217641002,0.9717108586399216,-0.8431843141452037,0.0,,,,,,,,,,,,,,,0.015816326530607567,0.1
2026-01-27,3.27970188,3.2991084,3.26029536,3.26029536,245717325.0,0.0,0.0,3.316200006125434,3.3880880664521777,0.04366467000000001,0.013392857142853036,36.763346881506266,1.1217448325482473,0.0,3.396141,3.30881166,3.316200006125434,-3750864312.0,-3079379060.8,522252772.6063925,4705.6918,-0.002794392955512315,-0.008849557522123797,-0.006055164566611482,-1.2803176143127537,-1.6463667382599518,-3.1111111110398575,0.0,0.1148853592649475,-1.2857476042661045,-0.006055164566611482,0.16666666666666666,-0.38590742610781686,-0.3632872559799868,-0.7997063920345229,-1.5317317861558617,0.42038959968957756,-0.4957454945135865,0.22628762625770743,-0.8027625365597327,0.0,,,,,,,,,,,,,,,0.015381219903687304,0.1
2026-01-28,3.26029536,3.30881166,3.21177906,3.22148232,718169970.0,0.0,0.0,3.307179274113488,3.3826255829619423,0.04851629999999999,0.015060240963850745,32.206488924874776,2.9297363178337386,0.09999999999896712,3.36703122,3.30881166,3.30881166,-4469034282.0,-3192719886.4,563904514.0215671,4717.9914,-0.001075105992518588,-0.011904761904762085,-0.010829655912243497,-1.7663538668802419,-1.555071364611465,-2.9999999999381677,0.09999999999896712,1.074912425065881,-2.263351975138092,-0.010829655912243497,0.25833333333333336,-0.7998738264218697,-0.26567657582547377,-0.7034906532545964,-1.1601003295595562,3.218389223941434,-1.3076454975979317,0.08235392816728279,-0.488969510637186,1.0,,,,,,,,,,,,,,,0.015054197528472143,0.1
2026-01-29,3.22148232,3.2505921,3.16326276,3.24088884,649091103.0,0.0,0.0,3.300865899436013,3.377978476635321,0.05267483999999999,0.016253207869969317,36.44812592538635,2.425805329492727,0.8888888888787131,3.32821818,3.30881166,3.30881166,-3819943179.0,-3263597909.75,549002201.4682338,4753.8697,0.006384940173390419,-0.011834319526627168,-0.018219259700017587,-1.138628222408921,-1.4639356701955633,-1.6578947368106258,0.8888888888787131,0.8861635638944044,-1.0133752975163453,-0.018219259700017587,0.2916666666666667,-0.25555304523578437,-0.16581794130648606,0.4000907304986501,1.576993942925783,2.5624885227294154,-0.25805951884019995,-0.14300090867167983,-0.3729628803591494,0.0,,,,,,,,,,,,,,,0.015054197528472143,0.1
2026-01-30,3.24088884,3.27970188,3.22148232,3.22148232,365986701.0,0.0,0.0,3.293305558537345,3.372847455106294,0.05475411000000003,0.016996557659202997,34.14728678204624,1.308218033015627,0.0,3.30881166,3.30881166,3.30881166,-4185929880.0,-3352775268.15,546718436.026488,4706.3401,0.0008173317977517858,-0.014836795252225587,-0.015654127049977373,-1.3117415028028654,-1.4527109758061343,-1.5949367088316322,0.0,0.2686659310514263,-1.5239189991566964,-0.015654127049977373,0.31666666666666665,-0.39665202049432075,-0.13926406126310653,0.45551300665457606,-1.4789758468212357,0.775484601343028,-0.6775410813716025,-0.050979681350031024,-0.28598014002460936,1.0,,,,,,,,,,,,,,,0.015054197528472143,0.1
2026-02-02,3.23118558,3.2991084,3.22148232,3.2505921,455575838.0,0.0,0.0,3.289237610105217,3.368839082807727,0.05752647000000006,0.017697228144983913,40.24110576812458,1.5651370346686848,0.37499999999516986,3.30881166,3.30881166,3.30881166,-3730354042.0,-3407712614.65,526314589.67204386,4605.9799,-0.021454190004427387,-0.00887573964497046,0.012578450359456927,-0.6717865724169269,-1.383736438219241,-1.0120481927534897,0.37499999999516986,0.44797338224739713,-0.6130201094198122,0.012578450359456927,0.38333333333333336,0.16159316700736148,-0.05609269079577076,0.9350683410025579,-0.1817212728388155,1.2691778073884936,0.08783397677709305,0.8470771486859595,-0.06320402032786523,0.0,,,,,,,,,,,,,,,0.015054197528472143,0.1
2026-02-03,3.26029536,3.26029536,3.21177906,3.22148232,319401673.0,0.0,0.0,3.2827847253332916,3.3640077135353423,0.05752647000000009,0.017857142857137343,36.59428953201721,1.0738417669056017,0.19999999999587217,3.30881166,3.30881166,3.30881166,-4049755715.0,-3488229109.85,494222765.29068923,4660.1074,-0.009687077253975662,-0.011904761904762085,-0.0022176846507864223,-1.0656382241466589,-1.4119237318166524,-1.5180722891302374,0.19999999999587217,0.07124265460451852,-1.1361811810099935,-0.0022176846507864223,0.4166666666666667,-0.17199014945821836,-0.06644546345615525,0.5238133720434739,-0.7731428801300734,0.1837116853381117,-0.34205272889834853,0.381253801109717,0.04818464068130303,1.0,,,,,,,,,,,,,,,0.015054197528472143,0.1
2026-02-04,3.22148232,3.27970188,3.21177906,3.26999862,339138812.0,0.0,0.0,3.281567001015835,3.3609254481735276,0.05821956000000011,0.01780415430266521,45.46490020759636,1.1141236177374996,0.8571428571302349,3.30881166,3.2991084,3.2991084,-3710616903.0,-3541793046.2,455882739.4218156,4698.6832,-0.004092461889608212,0.015060240963855387,0.0191527028534636,-0.19870265277917218,-1.3630890916442766,-0.6666666666552139,0.8571428571302349,0.10806810279704424,-0.3703229848406087,0.0191527028534636,0.4083333333333333,0.5865947783240036,0.00044720815626486134,1.240370672827566,1.4736172286202363,0.28603460217970167,0.3112821406301806,1.0574911918047973,0.021842242152887863,1.0,,,,,,,,,,,,,,,0.015054197528472143,0.1
2026-02-05,3.29,3.34,3.28,3.32,323078654.0,0.0,0.0,3.2852272866333743,3.359583630200625,0.05975420857142866,0.01799825559379839,52.79474085308219,1.0342824520795235,0.6666666666555555,3.30881166,3.34,3.34,-3387538249.0,-3571019341.25,425293753.65940434,4670.4188,-0.017554309492327835,0.024410328124675695,0.04196463761700353,0.581929109218763,-1.2443699840342204,0.18723936384227083,0.6666666666555555,0.033707903270578585,0.4314220245918318,0.04196463761700353,0.44166666666666665,1.2484398611061165,0.14063327705947937,1.9087610875676564,0.8055675774419699,0.07843321142651934,0.986051468884175,1.7447495798233965,0.13518352234994588,0.0,,,,,,,,,,,,,,,0.015054197528472143,0.1
2026-02-06,3.31,3.33,3.28,3.31,259385980.0,0.0,0.0,3.287586592668291,3.3579579374071615,0.061246367142857236,0.018503434182126504,51.30942684517226,0.8214060147929222,0.5999999999880018,3.34,3.34,3.34,-3646924229.0,-3603658694.7,404299238.87524354,4643.5959,-0.01333184569470447,0.027477313611331544,0.040809159306036014,0.36595488641903917,-1.1489880628116322,-0.4898249708351671,0.5999999999880018,-0.19673775487518858,-0.10701364271761796,0.040809159306036014,0.48333333333333334,1.0533089454933808,0.26042537258866166,1.339343432317266,0.5694302883660304,-0.5737286217506055,0.5457798812980676,1.673968418591547,0.275476430526527,1.0,,,,,,,,,,,,,,,0.015054197528472143,0.1
2026-02-09,3.31,3.35,3.29,3.33,199520704.0,0.0,0.0,3.2916259647951205,3.3570412837216805,0.06137354142857153,0.018430492921487417,54.09129978749904,0.6346248377887128,0.6666666666555555,3.34,3.35,3.35,-3447403525.0,-3637689378.45,358473287.5125174,4719.0559,0.02454982489176727,0.024428749457675814,-0.00012107543409145549,0.625253721897656,-1.06585537355094,-0.1629366623966969,0.6666666666555555,-0.4547212613164032,0.53082296527703,-0.00012107543409145549,0.48333333333333334,1.2573557054162954,0.36972489632605043,1.5764337205021377,0.7858162479134669,-1.29279210468993,1.0865648869187463,0.397542138414251,0.27914264038625247,1.0,,,,,,,,,,,,,,,0.015054197528472143,0.1
2026-02-10,3.33,3.36,3.32,3.35,217278099.0,0.0,0.0,3.297185396719395,3.3568104219603137,0.06007214428571439,0.017931983368864614,56.75227225666292,0.6945922747650423,0.7499999999812555,3.35,3.36,3.36,-3230125426.0,-3660856157.25,313605672.06952035,4724.2956,0.01377397439380923,0.03989395788458028,0.026119983490771048,0.8791862502615159,-0.9925569654437232,0.0,0.7499999999812555,-0.364430260581057,1.3734787652517817,0.026119983490771048,0.44166666666666665,1.4494313557105134,0.47080292692946196,1.673424245133225,1.059248407513812,-1.02736856238227,1.7797318734289813,1.1907999459308647,0.14176980804297717,0.0,,,,,,,,,,,,,,,0.015054197528472143,0.1
2026-02-11,3.35,3.36,3.33,3.35,145469050.0,0.0,0.0,3.3022153589365955,3.3565871294370244,0.05805646142857152,0.017330286993598266,56.752272256485796,0.47795450778323917,0.6666666666444494,3.36,3.36,3.36,-3230125426.0,-3668293134.25,301297805.01408833,4713.8185,0.0032211790741711877,0.02446526414742034,0.021244085073249153,0.8230718835899486,-0.9365326298156758,-0.1722461161731467,0.6666666666444494,-0.738239723021415,1.4542678405158371,0.021244085073249153,0.35,1.3765295706485325,0.5521540145301008,1.506922733307419,0.7546180643890076,-2.053162241978104,1.8055736173189334,1.0275998390223864,-0.1555581182391348,0.0,,,,,,,,,,,,,,,0.015054197528472143,0.1
2026-02-12,3.35,3.35,3.29,3.3,320740783.0,0.0,0.0,3.302004372371205,3.3547318137177777,0.059569815714285816,0.018051459307353867,48.586932813176055,1.0424663157822691,0.1666666666638852,3.36,3.36,3.36,-3550866209.0,-3679047549.4,292960483.9374503,4719.578,0.010525651361287025,-0.0060240963855421326,-0.016549747746829158,-0.033647449587308226,-0.8851368887656732,-1.0072215144456766,0.1666666666638852,0.04158936316858638,0.4375379869572033,-0.016549747746829158,0.4666666666666667,0.6401478057874317,0.6277516108937332,0.8290532705109827,-0.98285874602904,0.16070337195924192,0.9530158376417962,-0.16696995110343157,0.24060677244142128,0.0,,,,,,,,,,,,,,,0.015054197528472143,0.1
2026-02-13,3.3,3.32,3.28,3.29,198940960.0,0.0,0.0,3.300861098812043,3.352609459169654,0.058961508571428664,0.01792143117672059,47.12653498894363,0.649985024613659,0.24999999999375555,3.36,3.36,3.36,-3749807169.0,-3688197070.55,292168940.7488365,4660.4056,0.003619974769983658,-0.006042296072507614,-0.009662270842491272,-0.18420659638823425,-0.8776634385811758,-1.1872152137018581,0.24999999999375555,-0.43080595541376654,-0.21087148514859771,-0.009662270842491272,0.45,0.5023596969408868,0.6527481472876112,0.6727329666965046,-0.6921604325120045,-1.172932004035058,0.4109376601294982,0.037366302660832115,0.18760967160159453,0.0,,,,,,,,,,,,,,,0.015054197528472143,0.1
2026-02-24,3.31,3.31,3.27,3.28,183774612.0,0.0,0.0,3.2988743274966104,3.3502288211640914,0.059046291428571526,0.01800191811846144,45.6489015577212,0.6009221354794706,0.24999999999374445,3.36,3.36,3.36,-3933581781.0,-3697097530.75,296761152.4596628,4707.544,-0.0024394498060513747,-0.01501501501501512,-0.012575565208963746,-0.3196530559268609,-0.8697327541516298,-1.3548691723581225,0.24999999999374445,-0.5092899111107587,-0.7968841214220048,-0.012575565208963746,0.475,0.3800247556768662,0.6768494699766088,0.52673101352872,-0.6803830161246788,-1.3789172116654562,-0.06951321861477802,-0.06446005863206908,0.27116847315131093,0.0,,,,,,,,,,,,,,,0.015054197528472143,0.1
2026-02-25,3.28,3.31,3.23,3.24,549013268.0,0.0,0.0,3.2932672486874095,3.3466147614537936,0.05782967714285725,0.017848665784826974,40.216959731326,1.712335686519227,0.12499999999844026,3.36,3.36,3.36,-4482595049.0,-3746097870.85,338562804.756917,4735.8858,0.0024533181200598886,-0.032835820895522394,-0.03528913901558228,-0.9211057595030584,-0.9224936987574156,-2.0750591379143852,0.12499999999844026,0.537858337072974,-2.1753635301987586,-0.03528913901558228,0.4166666666666667,-0.13047534066042366,0.6304775890050225,-0.0596796651174685,-1.09898515065919,1.535422262255398,-1.1932150804020618,-0.7955876551483295,0.07389098351558898,0.0,,,,,,,,,,,,,,,0.015054197528472143,0.1
2026-02-26,3.25,3.26,3.23,3.24,186328216.0,0.0,0.0,3.288194177383847,3.3431191955044888,0.053734724285714366,0.016584791446203017,40.21695973119716,0.5875149234176503,0.3333333333222321,3.36,3.35,3.35,-4482595049.0,-3782305701.45,374736648.80901706,4726.8739,0.002769601757046658,-0.032835820895522394,-0.03560542265256905,-0.8968907540437973,-1.0221512969449011,-2.233192811406479,0.3333333333222321,-0.5318536317244792,-1.8687506273422958,-0.03560542265256905,0.3,-0.11205614275654949,0.5281106638493843,-0.19726358489966456,-0.3669471767225996,-1.4181894265946298,-0.925570714058475,-0.8062313232186674,-0.3147073117142925,0.0,,,,,,,,,,,,,,,0.015054197528472143,0.1
2026-02-27,3.24,3.25,3.23,3.24,196191861.0,0.0,0.0,3.2836042557282425,3.3397382382748333,0.05100475571428577,0.015742208553787045,40.216959731058395,0.6209705767780987,0.49999999997501116,3.36,3.32,3.32,-4482595049.0,-3829525587.05,399673181.73654485,4710.6469,-0.001892351392433933,-0.018181818181818077,-0.016289466789384144,-0.8549056870627153,-1.1005636976272741,-2.352721786765396,0.49999999997501116,-0.4764715785606794,-1.634008714601441,-0.016289466789384144,0.275,-0.07352906240877612,0.449524079275291,-0.29399613592547097,0.22839882408405365,-1.2434312839133792,-0.7181923325481666,-0.19273896185267347,-0.39689458749044126,0.0,,,,,,,,,,,,,,,0.015054197528472143,0.1
2026-03-02,3.23,3.26,3.22,3.24,337378236.0,0.0,0.0,3.2794514694684103,3.336468132101888,0.04831717857142857,0.014912709435621499,40.216959730908975,1.0461755653600782,0.49999999998750555,3.36,3.31,3.31,-4482595049.0,-3866419875.5,423488794.9977952,4728.6688,0.014647480468223728,-0.015197568389057725,-0.029845048857281453,-0.8165102068050473,-1.1800495045050803,-2.4835887265254297,0.49999999998750555,0.04514119607091995,-1.454997583827945,-0.029845048857281453,0.24166666666666667,-0.04169162972976784,0.3682406513006809,-0.40115605473785537,0.220170878835067,0.18526608482491444,-0.5604990809139538,-0.6365659778672829,-0.5053293634644638,1.0,,,,,,,,,,,,,,,0.01498977519020883,0.1
2026-03-03,3.23,3.29,3.22,3.26,476884558.0,0.0,0.0,3.277598948566657,3.3339609802296946,0.04985172857142855,0.015291941279574619,44.64668839233076,1.4262892851970383,0.5714285714204036,3.36,3.31,3.31,-4005710491.0,-3891448050.7,416125628.5244932,4655.8962,-0.01097128353978205,-0.0060975609756097615,0.004873722564172289,-0.35302584425107897,-1.1305933269926702,-2.0059484969455403,0.5714285714204036,0.3550761662123813,-0.2745864048440234,0.004873722564172289,0.275,0.3410844109460886,0.4380770723947113,-0.025206960004228653,0.46031189698194674,1.044709730791908,0.4101268886639767,0.47442504815649994,-0.3859971800846434,0.0,,,,,,,,,,,,,,,0.01498977519020883,0.1
2026-03-04,3.25,3.26,3.18,3.2,439094256.0,0.0,0.0,3.27020857251269,3.329568816943475,0.050714384285714224,0.015848245089280743,36.02312996013197,1.2763545448596234,0.24999999999687636,3.36,3.29,3.29,-4444804747.0,-3926145072.45,431600101.5804372,4602.6247,-0.02813857969294775,-0.012345679012345734,0.015792900680602018,-1.3843916967573728,-1.1704814179581,-3.154923445297852,0.24999999999687636,0.2440080028006965,-1.2017135136223729,0.015792900680602018,0.3,-0.5462981734137066,0.3993253286432837,-0.9668413521703659,-0.68096225376025,0.7349461808449057,-0.3638564156970307,0.8186009501319065,-0.29531490619336215,1.0,,,,,,,,,,,,,,,0.01498977519020883,0.1
2026-03-05,3.2,3.25,3.2,3.24,235787356.0,0.0,0.0,3.2673315656067197,3.326632134420738,0.04928571428571422,0.015211640211635494,43.81451737104918,0.7370588255373731,0.7999999999840036,3.36,3.29,3.29,-4209017391.0,-3913144227.9,418776824.17133814,4647.6921,-0.01675140942515929,0.0,0.01675140942515929,-0.5545535050526219,-1.203199946926688,-2.4347826086462474,0.7999999999840036,-0.30508757242395,-0.7065175196489539,0.01675140942515929,0.275,0.1527861392579902,0.36742184991048843,-0.38637593570928597,1.2588728611407278,-0.7740437637331665,0.03169578412163296,0.8384891059883055,-0.36921085731769904,0.0,,,,,,,,,,,,,,,0.01498977519020883,0.1
2026-03-06,3.23,3.25,3.22,3.24,172993980.0,0.0,0.0,3.2647285593584607,3.323791736570878,0.04785714285714276,0.014770723104051846,43.81451737090551,0.5842453340565511,0.6666666666444494,3.35,3.29,3.29,-4209017391.0,-3932597938.5,423011000.168152,4660.439,-0.010658387492384458,0.0,0.010658387492384458,-0.5167161656883791,-1.234155941726217,-2.2985074626385407,0.6666666666444494,-0.5374342918054985,-0.6534568897501954,0.010658387492384458,0.21666666666666667,0.1709232617638197,0.3357911410177445,-0.28557895446504133,0.7693123266158339,-1.4382642703862938,0.05883478463480372,0.623765500720704,-0.5532881195279563,0.0,,,,,,,,,,,,,,,0.01492205286147281,0.1
2026-03-09,3.23,3.26,3.22,3.23,252487689.0,0.0,0.0,3.261421077514798,3.3207165976669146,0.0464285714285713,0.014374170720915456,42.32017988616371,0.8693784228349565,0.24999999999374722,3.32,3.29,3.29,-4461505080.0,-3946376698.5,435346685.5546276,4615.4551,-0.02394198130349079,-0.0030864197530865445,0.020855561550404245,-0.6767616695349221,-1.2771342801719303,-1.9384615384197894,0.24999999999374722,-0.13997677919073487,-1.1832601432206409,0.020855561550404245,0.2,0.02278977543156181,0.2886380113342547,0.008575980738477438,-0.7122551267449587,-0.26217589375745326,-0.4070913109795082,0.9603145663688151,-0.597285567493257,1.0,,,,,,,,,,,,,,,0.014905334309645281,0.1
2026-03-10,3.24,3.26,3.22,3.25,248684262.0,0.0,0.0,3.260333355846722,3.3183980206942287,0.046428571428571264,0.01428571428570984,46.26733097791441,0.8879086699412508,0.7499999999812528,3.31,3.26,3.260333355846722,-4212820818.0,-3970500037.3,436074689.9136442,4674.7562,0.00405077759250716,-0.0030674846625766694,-0.007118262255083829,-0.22256458746306587,-1.2506235505347512,-1.2923076922798638,0.7499999999812528,-0.11888639044456312,-0.555686414058992,-0.007118262255083829,0.19166666666666668,0.4118119805674027,0.32483410141607627,0.5347724834328507,1.0786564363901103,-0.19970183834121993,0.12788040570152528,-0.021394313979339507,-0.6129421589032393,1.0,,,,,,,,,,,,,,,0.014872735611094009,0.1
2026-03-11,3.25,3.29,3.24,3.29,295929493.0,0.0,0.0,3.2631587505279867,3.3174669380485162,0.047857142857142695,0.014546244029522233,53.16974568734469,1.0610403148738063,0.99999999998,3.31,3.29,3.29,-3916891325.0,-3963856817.8,435828664.0381684,4704.4959,0.022133284080277038,0.028124999999999956,0.0059917159197229175,0.5608619292542337,-1.1347979481664618,-0.4179104477524634,0.99999999998,0.059249855963516715,0.10776136742554206,0.0059917159197229175,0.225,1.0874423988580317,0.4677623374689254,1.242751353433024,1.9584666261222066,0.3345215948706206,0.6967876748137513,0.433675643474523,-0.4850632986481433,1.0,,,,,,,,,,,,,,,0.014830411863413143,0.1
2026-03-12,3.29,3.34,3.28,3.33,329294045.0,0.0,0.0,3.2695245838110356,3.317877858112499,0.047857142857142695,0.014371514371510007,58.86092007411055,1.1827546769884878,0.8333333333194481,3.29,3.34,3.34,-3587597280.0,-3957705836.65,440205439.6472912,4687.5601,0.008578020906333084,0.02777777777777768,0.019199756871444595,1.2636654128773344,-1.0103669256811119,0.8358208955049268,0.8333333333194481,0.16784618985525918,0.8407632512368423,0.019199756871444595,0.20833333333333334,1.6750723851347524,0.6186177355465893,2.225435859911823,1.3404013589478876,0.6498439287754569,1.3126563188664935,0.8835705555349562,-0.5303489789309593,0.0,,,,,,,,,,,,,,,0.01479201739617959,0.1
2026-03-13,3.32,3.36,3.31,3.33,286597333.0,0.0,0.0,3.2752841472576035,3.3182753053874987,0.04857142857142839,0.014586014586010151,58.86092007391797,1.036185840597662,0.3999999999920018,3.34,3.36,3.36,-3587597280.0,-3967708788.2,429272912.42320377,4669.14,0.0018669915001570114,0.02777777777777768,0.025910786277620668,1.1265028505555639,-0.8851120791266812,-0.2058823529369341,0.3999999999920018,0.03554651056639386,0.885477506731807,0.025910786277620668,0.24166666666666667,1.5270931406056563,0.7675820835928386,1.3498983652266852,-0.20110328853781018,0.26810729637887926,1.327804898021403,1.1038597279257363,-0.3985213830288358,0.0,,,,,,,,,,,,,,,0.014690556357218583,0.1
2026-03-16,3.32,3.34,3.3,3.31,241249400.0,0.0,0.0,3.2785904189473554,3.318003983899384,0.04857142857142839,0.014674147604656712,54.985965601854616,0.8751005885966407,0.24999999999375555,3.36,3.36,3.36,-3828846680.0,-3976804910.75,424277611.3330581,4671.5591,0.012155681029157872,0.024767801857585203,0.012612120828427331,0.6466678451881969,-0.8114557489956463,-1.0294117646846888,0.24999999999375555,-0.13341644083557183,0.34872976277282924,0.012612120828427331,0.25833333333333336,1.0877165162934672,0.8504091988122068,0.6582606541921031,-0.721061086769685,-0.24183681062440587,0.849183444070505,0.6333698894490162,-0.32339329330659317,1.0,,,,,,,,,,,,,,,0.014642268607521016,0.1
2026-03-17,3.3,3.36,3.3,3.34,297914932.0,0.0,0.0,3.284438950476179,3.3187251647551417,0.047142857142856966,0.014114627887078698,59.312827288260785,1.0617006864890353,0.6666666666555555,3.36,3.36,3.36,-3530931748.0,-3980981321.9,419429256.9310408,4637.4392,-0.00798266228300848,0.027692307692307683,0.03567496997531616,1.1785677171469655,-0.7272833331746963,-0.4242424242334271,0.6666666666555555,0.059872043631355974,1.0730047235927407,0.03567496997531616,0.19166666666666668,1.5251196425586315,0.942807738149108,1.1420531378984067,0.756471032447189,0.33011576980605484,1.4477733231778516,1.4058648218330128,-0.5576240900798777,0.0,,,,,,,,,,,,,,,0.014598202098197736,0.1
2026-03-18,3.33,3.35,3.31,3.33,242770225.0,0.0,0.0,3.288778098049876,3.319094831484481,0.047857142857142695,0.014371514371510007,57.334471858773355,0.8612653456461289,0.4999999999875,3.36,3.36,3.36,-3773701973.0,-4008160149.25,386188063.6648871,4658.3324,-0.009812634760718919,0.012158054711246313,0.021970689471965232,0.8613531750592244,-0.6334839822023933,-0.6268656716286904,0.4999999999875,-0.14935263893651302,0.6071088112486305,0.021970689471965232,0.22083333333333333,1.2265777386664927,1.0438221514740422,0.9577309897202803,0.17622584226322538,-0.29493186674051947,1.0331329386328338,0.9212938806385237,-0.4341097691781598,0.0,,,,,,,,,,,,,,,0.014566129307766192,0.1
2026-03-19,3.32,3.34,3.3,3.31,221178600.0,0.0,0.0,3.2907992315689354,3.318796640288268,0.04928571428571412,0.014889943892960491,53.491599526931374,0.7742675951435923,0.24999999999375555,3.36,3.36,3.36,-3994880573.0,-4046397906.6,342667492.2694175,4583.2511,-0.022252301362493343,-0.006006006006005982,0.01624629535648736,0.38958080873833634,-0.568063365308269,-1.0144927536026043,0.24999999999375555,-0.25583773498363016,0.15034205100346992,0.01624629535648736,0.30833333333333335,0.802283382030528,1.107840800809767,0.6230513726560728,-0.7270032066060756,-0.6021386600585593,0.6325065905558733,0.7099060177954496,-0.07727336812412991,0.0,,,,,,,,,,,,,,,0.014566129307766192,0.1
2026-03-20,3.3,3.32,3.28,3.28,325930406.0,0.0,0.0,3.289770733324275,3.31752461929521,0.049285714285714155,0.015026132404176565,48.265769095880614,1.13993094524968,0.0,3.36,3.36,3.36,-4320810979.0,-4084895145.1,327759845.67205465,4567.0179,-0.021871715133836345,-0.01501501501501512,0.006856700118821224,-0.1982467630972128,-0.563122324036532,-1.623188405764173,0.0,0.13096768622931854,-0.7197826000200447,0.006856700118821224,0.3416666666666667,0.27947664393843746,1.0988260993486092,0.10787336507962328,-1.5990985207095947,0.5786549096735155,-0.11929737665917554,0.3743433375045723,0.07882887028292525,0.0,,,,,,,,,,,,,,,0.014566129307766192,0.1
2026-03-23,3.27,3.28,3.17,3.18,467852100.0,0.0,0.0,3.2793163777695824,3.3130156153838914,0.05214285714285701,0.016397124887685726,35.73394858846437,1.5628058675191232,0.09090909090826665,3.36,3.36,3.36,-4788663079.0,-4136837940.6,351964103.4019925,4417.9971,-0.054277810592185505,-0.0392749244712991,0.015002886120886405,-1.9046976558184783,-0.6462867487551778,-3.4520547944543476,0.09090909090826665,0.4464828386831069,-1.851964822831731,0.015002886120886405,0.43333333333333335,-1.2210630110613592,0.9860551966429039,-1.4096355822462743,-1.26980623523511,1.5564474695049457,-1.0972595936975564,0.6451775644494327,0.48788875150395355,1.0,,,,,,,,,,,,,,,0.014566129307766192,0.1
2026-03-24,3.2,3.25,3.19,3.25,251904256.0,0.0,0.0,3.276524341791527,3.3109495296336,0.05142857142857132,0.015824175824170922,46.25371525436551,0.8319898734928949,0.9999999999833333,3.36,3.35,3.35,-4536758823.0,-4166996792.7,359026957.22158754,4474.7224,-0.03508764060992975,-0.026946107784431073,0.008141532825498676,-0.5157510903807725,-0.6693786524717417,-2.1388888888473017,0.9999999999833333,-0.18393500951757738,-1.0299004653062502,0.008141532825498676,0.4,-0.012533312510080259,0.9450314190477437,-0.3210253908732512,1.9122810931181913,-0.37746445420100766,-0.4004182148851462,0.3901038868344233,0.3810509879639088,1.0,,,,,,,,,,,,,,,0.014566129307766192,0.1
2026-03-25,3.25,3.3,3.23,3.3,243714060.0,0.0,0.0,3.278760118763762,3.3105905286620065,0.05285714285714275,0.016017316017311132,52.264394751578,0.8476767147052906,0.9999999999857142,3.36,3.34,3.34,-4293044763.0,-4157519278.4,353022413.3200927,4537.4656,-0.0259463665581271,-0.009009009009009028,0.01693735754911807,0.4018355909482482,-0.6021969440094499,-1.135135135113663,0.9999999999857142,-0.165255948536734,-0.38390051024073696,0.01693735754911807,0.425,0.7878098517150681,1.008595949475498,0.50425004423511,1.8672535678953135,-0.31476086138672416,0.14812378719605626,0.6915383788287067,0.5284887910640681,0.0,,,,,,,,,,,,,,,0.014566129307766192,0.1
2026-03-26,3.29,3.32,3.29,3.3,233882953.0,0.0,0.0,3.2807829645957844,3.310243298214072,0.05285714285714275,0.016017316017311132,52.264394751452116,0.8068101010730407,0.3333333333222173,3.36,3.32,3.32,-4293044763.0,-4148041764.1,346654938.0093694,4477.5343,-0.023065897480502473,-0.0030211480362538623,0.02004474944424861,0.36356553466746744,-0.5573576630381386,-1.135135135113663,0.3333333333222173,-0.21466695305848968,-0.41829203337666276,0.02004474944424861,0.42916666666666664,0.7417767571969409,1.0440579325555366,0.4916590095786327,-0.4328900023273977,-0.46438032762276354,0.106472469627894,0.7898543818709484,0.5787465700076915,0.0,,,,,,,,,,,,,,,0.014566129307766192,0.1
2026-03-27,3.28,3.3,3.26,3.27,153131329.0,0.0,0.0,3.279756015586662,3.3089238458136103,0.052857142857142776,0.01616426387068092,48.49080137475636,0.5321994457705418,0.24999999999375555,3.36,3.32,3.32,-4446176092.0,-4146220816.25,344984404.0633685,4502.5698,-0.014111637267723354,-0.0030487804878047697,0.011062856779918584,-0.18457326785227704,-0.5518238150939871,-1.7027027026704893,0.24999999999375555,-0.6307369618322852,-0.8694748870296835,0.011062856779918584,0.44166666666666665,0.2267571419900993,1.033332901216745,-0.0029826786359968024,-0.7151055049620264,-1.7377974584226847,-0.3017012703935625,0.4512823829832027,0.6618624779063053,0.0,,,,,,,,,,,,,,,0.014630081095333432,0.1
2026-03-30,3.26,3.29,3.25,3.28,148729128.0,0.0,0.0,3.2797792521974563,3.307975523000049,0.05285714285714281,0.016114982578392285,49.79212246030802,0.534419156105484,0.7499999999812444,3.36,3.32,3.32,-4297446964.0,-4136963412.0,338252310.6776467,4491.95,0.016739010534887022,0.03144654088050314,0.014707530345616115,0.0041763097777719905,-0.5334429611200402,-1.5135135134848823,0.7499999999812444,-0.6265748113963829,-0.47444924080042805,0.014707530345616115,0.44166666666666665,0.38944296322845817,1.0378685291679244,0.14987459030970735,1.002751290123092,-1.6891923728673834,0.04121312820452099,0.5746940585224142,0.6891646999660904,0.0,,,,,,,,,,,,,,,0.01472243535435428,0.1
2026-03-31,3.25,3.28,3.21,3.21,368633940.0,0.0,0.0,3.273133609131032,3.3047632107705387,0.054285714285714236,0.016911437472179852,41.8262811663583,1.3508617357984716,0.0,3.36,3.32,3.32,-4666080904.0,-4169981932.65,355613979.6553557,4450.0493,-0.005513883945068909,-0.012307692307692353,-0.0067938083626234436,-1.1629875366028504,-0.5826505565064978,-2.7631578946859428,0.0,0.3007427116226682,-1.3950491255456146,-0.0067938083626234436,0.5083333333333333,-0.7190349855724645,0.9641891731951594,-0.9319924736458735,-1.5520833408396426,1.0993217890594402,-0.7811673641789545,-0.21847778457465838,1.02091599163133,0.0,,,,,,,,,,,,,,,0.014830333498506168,0.1
2026-04-01,3.23,3.24,3.2,3.2,279995692.0,0.0,0.0,3.2661685034995047,3.3013283514010126,0.05285714285714281,0.016517857142851967,40.821556162534385,1.0568544866001142,0.0,3.35,3.32,3.32,-4946076596.0,-4195045525.1,390093432.6792428,4526.0668,-0.0025121512766952403,-0.030303030303030165,-0.027790879026334925,-1.2518365526696469,-0.6651863116375643,-2.83783783778415,0.0,0.05529703099693768,-1.9252594583347957,-0.027790879026334925,0.48333333333333334,-0.8210623280000026,0.8521605682110984,-1.0107359360394916,-1.5258128023161868,0.3496351675497267,-1.2489796126031318,-0.9927331069152331,0.9102170685900457,0.0,,,,,,,,,,,,,,,0.014901326664290995,0.1
2026-04-02,3.2,3.22,3.19,3.19,181071711.0,0.0,0.0,3.2589143603090758,3.2976782415190122,0.051428571428571414,0.016121809225252443,39.79216552111357,0.6905934084402334,0.0,3.34,3.3,3.3,-5127148307.0,-4240952070.9,439882364.2994081,4478.9141,0.0003081606767367795,-0.033333333333333326,-0.033641494010070105,-1.340001450428197,-0.7537421346229974,-2.9166666666099528,0.0,-0.3702040387572384,-2.014620971475924,-0.033641494010070105,0.45,-0.9235106802943848,0.7333506950636628,-1.099814762289298,-1.4964908659806626,-0.9316168380771239,-1.321947823669812,-1.1986370695865216,0.7532940543810617,0.0,,,,,,,,,,,,,,,0.014969420919899033,0.1
2026-04-03,3.2,3.2,3.18,3.19,142931152.0,0.0,0.0,3.252351087898688,3.294147807370848,0.04999999999999998,0.015673981191217653,39.79216552100551,0.5482714516593116,0.49999999997498895,3.32,3.29,3.29,-5127148307.0,-4286858616.7,480213786.4839206,4440.7889,-0.013721253138596734,-0.024464831804281384,-0.01074357866568465,-1.2470217579488185,-0.8359343894264863,-2.599999999947999,0.49999999997498895,-0.6009847649360365,-1.749824169881754,-0.01074357866568465,0.38333333333333336,-0.8555111679315154,0.6209891535996014,-0.8420644140388136,0.16755724136733108,-1.5945778502008163,-1.0870076911221345,-0.36986558896178845,0.43765289133786156,0.0,,,,,,,,,,,,,,,0.015043186684013655,0.1
2026-04-07,3.19,3.19,3.17,3.18,135049700.0,0.0,0.0,3.245460508098813,3.2904052563095085,0.04714285714285712,0.014824797843661098,38.66148842264336,0.529976120606274,0.49999999997501116,3.32,3.28,3.28,-5262198007.0,-4326893263.05,524444262.79370624,4440.6162,-0.011427954451852629,-0.030487804878048697,-0.019059850426196068,-1.3885562323696028,-0.9533734468733229,-2.969696969633971,0.49999999997501116,-0.6349233289108577,-1.7834206803362598,-0.019059850426196068,0.3,-1.0229902169476772,0.4628114542910083,-1.1945717559772584,0.15882977059608147,-1.6609836362427504,-1.1163621039543759,-0.7028864082542191,0.04147783183328383,1.0,,,,,,,,,,,,,,,0.015043186684013655,0.1
2026-04-08,3.19,3.22,3.18,3.22,199854460.0,0.0,0.0,3.2430356978036876,3.2880968872501803,0.04714285714285712,0.014640638864236792,45.35063641767762,0.7918768105946132,0.999999999975,3.32,3.24,3.2430356978036876,-5062343547.0,-4369369399.5,547385871.6496414,4595.556,0.032697772584227236,0.0031152647975078995,-0.029582507786719336,-0.4886360140072471,-0.9558434124810861,-2.1212121211671193,0.999999999975,-0.233349441444169,-1.2659701015146834,-0.029582507786719336,0.275,-0.1431083000885159,0.4463792166132197,-0.43546050842058,1.820740021243641,-0.46050014606863277,-0.6607887810319891,-1.1296891662925994,-0.07002453228062139,0.0,,,,,,,,,,,,,,,0.015043186684013655,0.1
2026-04-09,3.21,3.22,3.19,3.19,107480066.0,0.0,0.0,3.2379846789652413,3.2848805958649288,0.04642857142857142,0.01455441110613068,41.67945730573372,0.4423807596815892,0.0,3.32,3.22,3.2379846789652413,-5169823613.0,-4432016013.9,563476903.8622519,4566.2237,0.008872361318220001,-0.0031250000000000444,-0.011997361318220046,-1.0335161623060158,-1.0100659024330507,-2.7999999999396903,0.0,-0.8155843204937478,-1.3093839233566271,-0.011997361318220046,0.25833333333333336,-0.721772186224642,0.3622157116509205,-1.0558144332613868,-1.5168492289885562,-2.1743939587669785,-0.7060896822952258,-0.46481024974476126,-0.14273341088697397,0.0,,,,,,,,,,,,,,,0.015043186684013655,0.1
2026-04-10,3.2,3.21,3.19,3.19,107013182.0,0.0,0.0,3.2334147095399803,3.2817697566562427,0.04499999999999999,0.014106583072095889,41.679457305612615,0.4615736239070214,0.0,3.32,3.22,3.2334147095399803,-5169823613.0,-4511127330.55,550284902.1375334,4636.5655,0.035198576369213974,0.0,-0.035198576369213974,-0.9647713230892362,-1.0745566025597295,-2.8888888888246895,0.0,-0.7731137060035418,-1.1970095488561505,-0.035198576369213974,0.19166666666666668,-0.6712423087839313,0.2601740226185224,-1.128351626109433,-1.4885313483154587,-2.0001037297594286,-0.6109534046259609,-1.355829830559207,-0.47052308140742305,0.0,,,,,,,,,,,,,,,0.015043186684013655,0.1
2026-04-13,3.19,3.2,3.17,3.19,88896742.0,0.0,0.0,3.2292799752980774,3.27876091217571,0.039285714285714306,0.012315270935956737,41.679457305482174,0.40050937883689464,0.6666666666444395,3.3,3.22,3.2292799752980774,-5169823613.0,-4590238647.2,524979547.23079145,4646.1546,0.04624531915939545,0.0,-0.04624531915939545,-0.9998539166528844,-1.2595147568531369,-2.7999999999287226,0.6666666666444395,-0.9150180949279544,-1.104014373240341,-0.04624531915939545,0.10833333333333334,-0.7094158835325313,-0.016496296396301763,-1.0322108982327682,0.7303481083964624,-2.3639181988486406,-0.5277060744701353,-1.7416494399469162,-0.8824846851417318,1.0,,,,,,,,,,,,,,,0.015043186684013655,0.1
2026-04-14,3.18,3.2,3.18,3.2,96560157.0,0.0,0.0,3.2264914062220704,3.2761785871863425,0.03571428571428575,0.011160714285710808,43.580891087583254,0.4496927424495274,0.9999999999500001,3.29,3.22,3.2264914062220704,-5073263456.0,-4652459486.0,504392559.5601616,4701.2837,0.05870074968424421,0.0062893081761006275,-0.052411441508143586,-0.741759374197197,-1.3912410669606614,-2.519999999929434,0.9999999999500001,-0.7991907239847432,-0.8342787022214361,-0.052411441508143586,0.075,-0.4378894739447344,-0.2333590667152494,-0.7671173204662725,1.819449350307912,-1.9705307050985987,-0.2857360567958484,-1.9310691456978462,-1.0364993880846165,1.0,,,,,,,,,,,,,,,0.015043186684013655,0.1
2026-04-15,3.2,3.21,3.19,3.21,111992041.0,0.0,0.0,3.2249207961056827,3.274008797442528,0.03214285714285719,0.010013351134843357,45.494633988593044,0.5451628630376409,0.9999999999500001,3.28,3.22,3.2249207961056827,-4961271415.0,-4723976469.35,437234710.7122587,4685.2464,0.019516767938417168,-0.0031055900621118626,-0.02262235800052903,-0.4642025454956876,-1.5271822637654442,-2.1777777777100167,0.9999999999500001,-0.6066706976983347,-0.5427175378264099,-0.02262235800052903,0.041666666666666664,-0.14437982063785718,-0.4737803368300546,-0.44781695824163065,1.8021641118595015,-1.3860309126809895,-0.023634094383424467,-0.7954719512202673,-1.1873724008130881,0.0,,,,,,,,,,,,,,,0.015043186684013655,0.1
2026-04-16,3.2,3.21,3.19,3.2,123690410.0,0.0,0.0,3.222547386952761,3.2715822794935923,0.031428571428571486,0.00982142857142552,43.8913124707151,0.6200809895829132,0.49999999997501116,3.24,3.21,3.222547386952761,-5084961825.0,-4789539461.95,385019644.5403673,4736.6077,0.03731398441999234,0.0031347962382446415,-0.0341791881817477,-0.717416857565016,-1.560201126249531,-1.2727272726867758,0.49999999997501116,-0.47790518111460356,-0.7672916622284884,-0.0341791881817477,0.016666666666666666,-0.4114551186963846,-0.5699680331671456,0.3762007844744756,0.15048679948677182,-1.0003230619991572,-0.22307391515575037,-1.2219895588373648,-1.292420672712325,0.0,,,,,,,,,,,,,,,0.015043186684013655,0.1
2026-04-17,3.2,3.2,3.17,3.18,204965591.0,0.0,0.0,3.218495254862022,3.2685795818052776,0.030714285714285788,0.00965858041329438,40.79475295022201,1.031720083485019,0.3333333333222272,3.22,3.21,3.218495254862022,-5289927416.0,-4854291804.1,353542824.2895552,4728.6716,0.01986515665528721,-0.0031347962382444194,-0.022999952893531628,-1.2533338791878101,-1.630652505076157,-1.3023255813529457,0.3333333333222272,0.03122739333486007,-1.2322004067694203,-0.022999952893531628,0.008333333333333333,-0.9618957484498435,-0.7255224993521131,0.3592551336976655,-0.3886938460311719,0.46093577899148214,-0.6295041970334285,-0.7783759629120152,-1.313449753176853,0.0,,,,,,,,,,,,,,,0.015043186684013655,0.1
2026-04-20,3.18,3.19,3.17,3.18,103689499.0,0.0,0.0,3.214829040113258,3.265675333221498,0.02928571428571436,0.009209344115001619,40.79475295006705,0.5528576054327001,0.49999999997501116,3.22,3.21,3.214829040113258,-5289927416.0,-4902747625.95,343370633.1586645,4757.4419,0.023952560683193846,-0.0031347962382444194,-0.027087356921438266,-1.1892842965096546,-1.7362148865635345,-1.3658536584899443,0.49999999997501116,-0.5926548053139985,-1.127585625154765,-0.027087356921438266,0.008333333333333333,-0.8852350759124652,-0.9546721135565275,0.30823269126026165,0.16754339157414294,-1.3122769869235162,-0.529757227626912,-0.9281899105956731,-1.2908894466213514,0.0,,,,,,,,,,,,,,,0.015043186684013655,0.1
2026-04-21,3.19,3.2,3.18,3.18,118472915.0,0.0,0.0,3.2115119886739003,3.26286630590276,0.0257142857142858,0.00808625336926972,40.79475294990014,0.6965596231559231,0.0,3.22,3.21,3.2115119886739003,-5289927416.0,-4927810842.8,352306503.1693723,4767.997,0.014190443346356663,-0.006249999999999978,-0.02044044334635664,-1.225466226159567,-1.9971123366001984,-1.555555555495058,0.0,-0.36160188546926914,-1.027845270928511,-0.02044044334635664,0.008333333333333333,-0.9083394564896053,-1.4567371585466269,0.14916806163606713,-1.4729781650103546,-0.6421292329593268,-0.43141979075030523,-0.6570235404094077,-1.2691037656648598,0.0,,,,,,,,,,,,,,,0.015043186684013655,0.1
2026-04-22,3.18,3.19,3.17,3.18,105973300.0,0.0,0.0,3.2085108468954338,3.2601493778403743,0.024285714285714372,0.00763701707097696,40.79475294972041,0.6509960235535989,0.49999999997501116,3.22,3.21,3.21,-5289927416.0,-4965469272.45,348729194.89418966,4799.627,0.024412931622977307,-0.009345794392523255,-0.03375872601550056,-1.1739760485871567,-2.1262924505864613,-1.6470588234615873,0.49999999997501116,-0.4292517450048208,-0.9304014355564532,-0.03375872601550056,0.008333333333333333,-0.8401410956910591,-1.722744361238609,0.08039224582040894,0.19520796527716394,-0.8215129416738555,-0.33214963565894845,-1.1572675672104755,-1.2485230022207687,0.0,,,,,,,,,,,,,,,0.015043186684013655,0.1
2026-04-23,3.18,3.19,3.17,3.18,111278158.0,0.0,0.0,3.205795528143488,3.2575215293865916,0.02357142857142864,0.007412398921830573,40.79475294952685,0.7125696445341084,0.49999999997501116,3.22,3.2,3.205795528143488,-5289927416.0,-5015313405.1,319035314.8356169,4786.3273,0.010496879443910867,-0.006249999999999978,-0.016746879443910845,-1.0943557393742567,-2.1944364162809964,-1.696969696897701,0.49999999997501116,-0.33887762490169215,-0.8607636776558565,-0.016746879443910845,0.008333333333333333,-0.7436704434442626,-1.8760891736167071,0.04355738535171667,0.1873542938796605,-0.5556016151575152,-0.2596270326501796,-0.48896790890828856,-1.2280387931420176,0.0,,,,,,,,,,,,,,,0.015043186684013655,0.1
2026-04-24,3.18,3.18,3.17,3.18,92093592.0,0.0,0.0,3.2033388111774412,3.2549798398985064,0.02285714285714294,0.007187780772684198,40.79475294931841,0.617766269286019,0.9999999999,3.21,3.2,3.2033388111774412,-5289927416.0,-5065157537.75,277463759.31589895,4769.3688,0.008606476288182119,0.0,-0.008606476288182119,-1.0210729889683714,-2.259295006447747,-1.3124999999425648,0.9999999999,-0.4816450981008141,-0.8100873382678213,-0.008606476288182119,0.008333333333333333,-0.6548228950471529,-2.001317344867028,0.4156980663798588,1.8301752810875465,-0.9468132363274427,-0.20384678090911942,-0.17646386904610778,-1.2114723987451452,0.0,,,,,,,,,,,,,,,0.015043186684013655,0.1
2026-04-27,3.17,3.18,3.16,3.16,138633020.0,0.0,0.0,3.1992113053510183,3.2518657467870797,0.02285714285714294,0.007233273056055603,36.75021555131895,0.934498225775499,0.0,3.21,3.2,3.2,-5428560436.0,-5114276754.95,249037390.86542326,4770.9469,0.0028387104422651355,-0.0062893081761006275,-0.009128018618365763,-1.7154946090319843,-2.3036318127268967,-2.1874999999042815,0.0,-0.06774555066991733,-1.2619939518232233,-0.009128018618365763,0.016666666666666666,-1.3586270345960005,-2.077696275180612,-0.40805161924120653,-1.451361482086168,0.2270522443933769,-0.6042903282926992,-0.195043415393435,-1.1549193266979179,0.0,,,,,,,,,,,,,,,0.015043186684013655,0.1
2026-04-28,3.16,3.17,3.14,3.15,178988714.0,0.0,0.0,3.194524514365207,3.2485258862366835,0.02214285714285721,0.007029478458047677,34.88773392401728,1.19434732136956,0.3333333333222173,3.21,3.19,3.194524514365207,-5607549150.0,-5179781864.25,191138798.05366617,4758.2083,-0.0020530004528106494,-0.009433962264151052,-0.007380961811340403,-2.0107845196282046,-2.4387716327952536,-2.7096774192324604,0.3333333333222173,0.17759986158966093,-2.2379929669218463,-0.007380961811340403,0.008333333333333333,-1.636466738021505,-2.301025919247713,-0.8952215102342769,-0.3655140799523154,0.9124697229251647,-1.46461958073473,-0.14304131608114096,-1.1918319775894057,1.0,,,,,,,,,,,,,,,0.015043186684013655,0.1
2026-04-29,3.15,3.16,3.14,3.16,101701442.0,0.0,0.0,3.191236465378044,3.2456233981633495,0.02142857142857148,0.00678119349005212,38.25750917084067,0.7449750358962267,0.9999999999500001,3.21,3.19,3.191236465378044,-5505847708.0,-5221770204.45,163989427.41402835,4810.3468,0.0022334652255269205,-0.0062893081761006275,-0.008522773401627548,-1.4577017175740201,-2.5380568631958074,-2.333333333224431,0.9999999999500001,-0.2944045700281373,-1.732291575314684,-0.008522773401627548,0.008333333333333333,-1.053211635248293,-2.45045344162173,-0.5318489365151331,1.785197421064261,-0.43404322045845783,-0.9921071240460472,-0.2038233909489066,-1.1772767925689582,0.0,,,,,,,,,,,,,,,0.015043186684013655,0.1
2026-04-30,3.13,3.14,3.12,3.12,216338044.0,0.0,0.0,3.1844520401039444,3.2415045982235675,0.02285714285714291,0.0073260073260049945,31.283294862985173,1.6225309313186453,0.0,3.21,3.18,3.1844520401039444,-5722185752.0,-5260575662.25,184681093.97822165,4807.3069,0.004383235555161402,-0.018867924528301883,-0.023251160083463285,-2.8197767544241934,-2.4960494176243015,-3.9374999998277196,0.0,0.48398723340123095,-2.4994983504074053,-0.023251160083463285,0.041666666666666664,-2.401710790895204,-2.3500266106664944,-2.026309977182531,-1.4501084822064407,1.772579463713694,-1.6515875886323892,-0.8126150263566574,-0.9994379029915992,0.0,,,,,,,,,,,,,,,0.015043186684013655,0.1
2026-05-06,3.12,3.13,3.1,3.11,168677076.0,0.0,0.0,3.1773613696178544,3.237192972052303,0.022857142857142878,0.007349563619657726,29.819745991049857,1.270982134234443,0.3333333333222173,3.2,3.18,3.18,-5890862828.0,-5298761388.3,227204554.10936478,4877.0932,0.0225867204901411,-0.022012578616352307,-0.044599299106493406,-2.9470599206522,-2.6176326063925988,-3.937499999827744,0.3333333333222173,0.23978993564467108,-2.606028043852467,-0.044599299106493406,0.05,-2.44917836893322,-2.5322464646013554,-1.9814278712601776,-0.3613020236571445,1.0701040957572838,-1.708137506384439,-1.6547562944743222,-0.941524116983131,1.0,,,,,,,,,,,,,,,0.014969420919899033,0.1
2026-05-07,3.11,3.13,3.1,3.12,147344187.0,0.0,0.0,3.171898382035202,3.233350579525998,0.023571428571428577,0.007554945054942635,33.186000099992114,1.108395937519202,0.6666666666444494,3.2,3.17,3.171898382035202,-5743518641.0,-5329579905.0,243084402.30554876,4900.5098,0.02715664263628681,-0.012658227848101222,-0.03981487048438803,-2.2017495407939367,-2.607062923741358,-3.393939393795411,0.6666666666444494,0.10291386882422256,-1.7028601262523344,-0.03981487048438803,0.06666666666666667,-1.6792124708796206,-2.473693022227755,-1.4519973408658702,0.725742751373648,0.6782902146771709,-0.8978441988857349,-1.435737555638245,-0.8371800434402111,0.0,,,,,,,,,,,,,,,0.014901326664290995,0.1
2026-05-08,3.12,3.13,3.11,3.12,72971313.0,0.0,0.0,3.1669556789842304,3.229634167082523,0.023571428571428577,0.007554945054942635,33.18600009982069,0.562049773723214,0.49999999997501116,3.2,3.16,3.1669556789842304,-5743518641.0,-5353645936.7,258555797.86889404,4871.9122,0.023896368723496098,-0.00952380952380949,-0.03342017824730559,-1.9920591083373775,-2.6590873737541427,-3.393939393795411,0.49999999997501116,-0.5761648676663274,-1.5078861410707682,-0.03342017824730559,0.07083333333333333,-1.448205831641659,-2.5176299275958156,-1.4267425981137953,0.18267947315873337,-1.2306354718067014,-0.7133285567600136,-1.1618262903063974,-0.8009698241105223,1.0,,,,,,,,,,,,,,,0.014857370868310795,0.1
2026-05-11,3.12,3.16,3.11,3.15,220582924.0,0.0,0.0,3.1653408524143036,3.227023210784735,0.025714285714285738,0.008163265306119865,42.7416722774415,1.685548870300584,0.7999999999839965,3.19,3.16,3.1653408524143036,-5522935717.0,-5376675545.2,252013561.37599388,4951.8366,0.029413638118565455,-0.0031645569620254443,-0.0325781950805909,-0.5965887049774989,-2.398758380979043,-1.5555555554950617,0.7999999999839965,0.5220912498136703,-0.580366274741009,-0.0325781950805909,0.1,-0.10009768063230946,-2.0553834865870586,0.2409418204029253,1.1431029836850481,1.8212452894017852,0.10896815381918272,-1.111563788984788,-0.6190529880054171,0.0,,,,,,,,,,,,,,,0.014797760473856472,0.1
2026-05-12,3.15,3.16,3.14,3.15,115873100.0,0.0,0.0,3.1638798188510364,3.224497859611465,0.025000000000000005,0.007936507936505419,42.74167227722206,0.8825954031094803,0.49999999997498895,3.19,3.16,3.1638798188510364,-5522935717.0,-5394331150.4,249257558.60643077,4948.0465,0.029276183719412874,0.009615384615384581,-0.019660799104028293,-0.5551927540192525,-2.424721630320157,-1.5999999999360013,0.49999999997498895,-0.12488839051117118,-0.515950518487837,-0.019660799104028293,0.09166666666666666,-0.05703159359242408,-2.085088452158288,0.19868177176389468,0.16646199956729635,0.0003660292313469384,0.17077005517742216,-0.5866061194611255,-0.655795199595555,0.0,,,,,,,,,,,,,,,0.01472243535435428,0.1
2026-05-13,3.14,3.15,3.12,3.13,127161087.0,0.0,0.0,3.160653169436652,3.2213995691324007,0.025714285714285707,0.008215426745775557,38.485942849752696,0.9611995088617876,0.3333333333222173,3.18,3.16,3.160653169436652,-5650096804.0,-5418344809.95,249606282.84972358,4998.3417,0.024860812584020175,0.006430868167202508,-0.018429944416817667,-1.1920677002678985,-2.3623599880761272,-1.9444444443688382,0.3333333333222173,-0.03957328608355381,-0.9284701947567857,-0.018429944416817667,0.11666666666666667,-0.6596244542486843,-1.9613122771163947,-0.10748698987484923,-0.3622333755913146,0.23589202112185,-0.18346278483644038,-0.5273124310607752,-0.49673490397214043,1.0,,,,,,,,,,,,,,,0.014657393234446751,0.1
2026-05-14,3.14,3.15,3.13,3.14,117251960.0,0.0,0.0,3.158686200918876,3.218730730800191,0.025714285714285707,0.00818926296633042,41.61612836339578,0.8768997879931077,0.49999999997501116,3.18,3.16,3.16,-5532844844.0,-5436495871.5,244010673.99985588,4914.5971,0.0028746601016897966,0.0064102564102563875,0.003535596308566591,-0.726685591261361,-2.335065050849213,-1.5555555554950637,0.49999999997501116,-0.13136255996546423,-0.39485556480228773,0.003535596308566591,0.11666666666666667,-0.20264159141747656,-1.900835275420565,0.2516217302135341,0.16974448574114054,-0.03608156917210416,0.29757735121095774,0.3477575425758543,-0.4882132048561385,0.0,,,,,,,,,,,,,,,0.014613326725123471,0.1
2026-05-15,3.14,3.15,3.11,3.11,188147800.0,0.0,0.0,3.1540494198789832,3.215165788806742,0.027142857142857135,0.00872760679834354,35.74040764226787,1.3605178939782923,0.0,3.17,3.16,3.16,-5720992644.0,-5468882330.9,236521368.10031328,4859.5927,-0.002528678575118737,-0.0032051282051283048,-0.0006764496300095679,-1.6228733639027555,-2.251655697255525,-2.210526315708036,0.0,0.30786543165617164,-1.06590924585332,-0.0006764496300095679,0.13333333333333333,-1.0525114957866863,-1.751691454265767,-0.3333467586380633,-1.4595024775080605,1.1955187880686176,-0.29006696030869084,0.18365852588268472,-0.3868892791715015,0.0,,,,,,,,,,,,,,,0.014570212846070416,0.1
2026-05-18,3.11,3.12,3.08,3.09,154729209.0,0.0,0.0,3.1479494751286037,3.2110619924524224,0.028571428571428564,0.00924641701340431,32.45097742665756,1.1018388422381675,0.24999999999374445,3.16,3.16,3.16,-5875721853.0,-5514604852.8,221910536.7016947,4833.5237,-0.02389273103236078,-0.01904761904761909,0.00484511198474169,-2.028231629430146,-2.2089381062563436,-2.4499999999142608,0.24999999999374445,0.09698045887325384,-1.6273089397527558,0.00484511198474169,0.15,-1.418154372711076,-1.6678296273833828,-0.5416879431362105,-0.6310525901111492,0.5927192938572076,-0.7837010900818274,0.40881122588419,-0.2845543366267137,1.0,,,,,,,,,,,,,,,0.014550327567826458,0.1
2026-05-19,3.09,3.12,3.08,3.12,122101155.0,0.0,0.0,3.145287620354451,3.208076353355622,0.030714285714285694,0.009844322344319182,41.193950192903095,0.8699841983507359,0.999999999975,3.16,3.15,3.15,-5753620698.0,-5548037796.45,204336234.48646176,4852.8832,-0.019232499128696623,-0.00952380952380949,0.009708689604887133,-0.8233178719785756,-2.0442843302041176,-1.3023255813529495,0.999999999975,-0.13928023031369963,-1.006101057243575,0.009708689604887133,0.18333333333333332,-0.247348432382624,-1.3929522675888741,0.5320305862474405,1.7819786418501697,-0.07203719492970106,-0.2015519687590273,0.6135057143646786,-0.09300235123917229,1.0,,,,,,,,,,,,,,,0.014460207375218845,0.1
2026-05-20,3.12,3.16,3.11,3.13,222828205.0,0.0,0.0,3.1438316565111704,3.2055164729177323,0.032857142857142856,0.010497489730713214,43.80491959265049,1.5776360098974924,0.39999999999199826,3.16,3.16,3.16,-5530792493.0,-5560081050.3,195683618.01786777,4850.7,-0.029538136618390887,0.0,0.029538136618390887,-0.42096345902281096,-1.8773639775338797,-0.913043478233089,0.39999999999199826,0.45592753035211264,0.1496730160484148,0.029538136618390887,0.225,0.15502475523220696,-1.1162323859798386,0.9107217697045825,-0.14875563426641333,1.5943172017678298,0.926316975298777,1.4183623944010386,0.1479344370961392,0.0,,,,,,,,,,,,,,,0.014372842546212732,0.1
2026-05-21,3.13,3.15,3.11,3.11,126116912.0,0.0,0.0,3.140609593986297,3.202384785281085,0.033571428571428585,0.01079467156637228,39.98148733630127,0.8858813723965901,0.0,3.16,3.16,3.16,-5656909405.0,-5578430149.75,186480632.0167257,4783.0976,-0.026756923777129127,-0.009554140127388644,0.017202783649740483,-0.9117751399902022,-1.84011208106653,-1.489361702083303,0.0,-0.12117222854151986,-0.42084400080197654,0.017202783649740483,0.24166666666666667,-0.3131254910332173,-1.0522717240056714,0.37611992718838144,-1.4161070741004507,-0.03046662156176324,0.40029736019506923,0.9309010279357911,0.23652868970716467,0.0,,,,,,,,,,,,,,,0.014371514371510007,0.1
2026-05-22,3.12,3.12,3.09,3.1,111326891.0,0.0,0.0,3.1367420136066495,3.1990279070751475,0.034285714285714315,0.011059907834097823,38.18676183964693,0.7839595926041089,0.3333333333222272,3.16,3.16,3.16,-5768236296.0,-5602345593.75,178445243.54628542,4845.0956,-0.0029831923979967145,-0.003215434083601254,-0.0002322416856045395,-1.0716420634960175,-1.816671892778204,-1.7499999999489584,0.3333333333222272,-0.24339780000574252,-0.9296448532514177,-0.0002322416856045395,0.25833333333333336,-0.4572295940165981,-1.0052352713908168,0.1504788770379324,-0.33573255024486065,-0.3641236518374185,-0.08000718612702061,0.23942942421485525,0.3301745548755958,0.0,,,,,,,,,,,,,,,0.014328614328609924,0.1
2026-05-25,3.1,3.12,3.09,3.1,91995219.0,0.0,0.0,3.1332427742155398,3.195781090449733,0.03357142857142862,0.010829493087554126,38.186761839462335,0.6510308671161913,0.3333333333222272,3.16,3.16,3.16,-5768236296.0,-5626261037.75,166632790.43391937,4921.5974,0.01822142715468633,0.003236245954692629,-0.014985181199993702,-0.9902102957525357,-1.8628434622396202,-1.7872340424999538,0.3333333333222272,-0.4291982229725948,-0.8520247298283247,-0.014985181199993702,0.25,-0.3611909472955944,-1.0662807811640511,0.14117241897094654,-0.3278585968477692,-0.8739566939127276,0.030999242044443445,-0.35594986405020873,0.2755184936733549,0.0,,,,,,,,,,,,,,,0.014200171086394268,0.1
