date,open,high,low,close,volume,event_flag,no_price_limit_flag,ema20,ema60,atr14,atrp14,rsi14,rvol20,close_pos,b10_prev,r5,resistance,obv,obv_ma20,obv_std20,bench_close,bench_ret5,ret5,rs5,x1_price_vs_ema20,x2_ema20_vs_ema60,x3_break_b10,x4_close_pos,x5_log_rvol20,x6_obv_z,x7_rs5,x8_atrp_rank,z_x1_price_vs_ema20,z_x2_ema20_vs_ema60,z_x3_break_b10,z_x4_close_pos,z_x5_log_rvol20,z_x6_obv_z,z_x7_rs5,z_x8_atrp_rank,label_rev,p_rev,cv_best_l2,cv_logloss,cv_folds_used,train_n,coef_intercept,coef_z_x1_price_vs_ema20,coef_z_x2_ema20_vs_ema60,coef_z_x3_break_b10,coef_z_x4_close_pos,coef_z_x5_log_rvol20,coef_z_x6_obv_z,coef_z_x7_rs5,coef_z_x8_atrp_rank,atrp14_med60,price_limit_ratio,daily_vwap_pv,daily_vwap_volume,n_intraday_bars,daily_vwap,next_date,next_day_vwap,next_day_close,next_day_high,next_day_low,next_day_vwap_ret_close,next_day_vwap_ret_vwap,next_day_close_ret_close
2025-01-02,3.7821168,3.85088256,3.70352736,3.74282208,39178111.0,0.0,0.0,3.74282208,3.74282208,,,,,0.2666666666648565,,,3.74282208,0.0,,,3820.3952,,,,,,,0.2666666666648565,,,,,,,,,,,,,0.0,,,,,,,,,,,,,,,,0.1,149164501.0,38800500,48,3.844396360871638,2025-01-03,3.76503903751891,3.64458528,3.77229312,3.6347616,0.00593588395174538,-0.020642336508386316,-0.026246719160105014
2025-01-03,3.75264576,3.77229312,3.6347616,3.64458528,51468210.0,0.0,0.0,3.7334661942857137,3.739601201311475,,,,,0.0714285714280504,,,3.7334661942857137,-51468210.0,,,3775.1648,,,,,,,0.0714285714280504,,,,,,,,,,,,,0.0,,,,,,,,,,,,,,,,0.1,194870514.0,51757900,48,3.76503903751891,2025-01-06,3.718791578842685,3.67405632,3.71335104,3.57581952,0.020360697621729207,-0.0122833941999978,0.008086253369272267
2025-01-06,3.64458528,3.71335104,3.57581952,3.67405632,36185900.0,0.0,0.0,3.727808111020408,3.7374521888094594,,,,,0.7142857142805207,,,3.727808111020408,-15282310.0,,,3768.9697,,,,,,,0.7142857142805207,,,,,,,,,,,,,0.0,,,,,,,,,,,,,,,,0.1,134617652.0,36199300,48,3.718791578842685,2025-01-07,3.7445009592003027,3.71335104,3.7329984,3.6347616,0.01917353275637934,0.006913369521402091,0.010695187165775444
2025-01-07,3.65440896,3.7329984,3.6347616,3.71335104,30804700.0,0.0,0.0,3.726431247113702,3.736661987209149,,,,,0.7999999999918563,,,3.726431247113702,15522390.0,,,3796.1055,,,,,,,0.7999999999918563,,,,,,,,,,,,,0.0,,,,,,,,,,,,,,,,0.1,116722835.0,31171800,48,3.7445009592003027,2025-01-08,3.677071798361811,3.64458528,3.70352736,3.54634848,-0.009769946672800733,-0.018007515974276078,-0.0185185185185186
2025-01-08,3.70352736,3.70352736,3.54634848,3.64458528,49277710.0,0.0,0.0,3.718636393102874,3.7336430787760624,,,,,0.6249999999960236,,3.85088256,3.85088256,-33755320.0,,,3789.2153,,,,,,,0.6249999999960236,,,,,,,,,,,,,0.0,,,,,,,,,,,,,,,,0.1,181542918.0,49371600,48,3.677071798361811,2025-01-09,3.687238446577964,3.61511424,3.64458528,3.59546688,0.011703160524745515,0.002764876176930331,-0.008086253369272156
2025-01-09,3.61511424,3.64458528,3.59546688,3.61511424,25820880.0,0.0,0.0,3.7087771404264096,3.729756887340781,,,,,0.3999999999918582,,3.77229312,3.77229312,-59576200.0,,,3779.8773,-0.0106056828885137,-0.0341207349081363,-0.0235150520196226,,,,0.3999999999918582,,,-0.0235150520196226,,,,,,,,,,0.0,,,,,,,,,,,,,,,,0.1,95552572.0,25914400,48,3.687238446577964,2025-01-10,3.634175164111751,3.54634848,3.6347616,3.5365248,0.005272564806071189,-0.014391063457113829,-0.01902173913043481
2025-01-10,3.57581952,3.6347616,3.5365248,3.54634848,32187649.0,0.0,0.0,3.6933077441953226,3.723743496936165,,,,,0.0999999999989797,,3.7329984,3.7329984,-91763849.0,,,3732.4806,-0.0113065792518515,-0.0269541778975741,-0.0156475986457226,,,,0.0999999999989797,,,-0.0156475986457226,,,,,,,,,,0.0,,,,,,,,,,,,,,,,0.1,117255208.0,32264600,48,3.634175164111751,2025-01-13,3.6082287902306516,3.57581952,3.57581952,3.4874064,0.017449021318585167,-0.007139549611511642,0.008310249307479367
2025-01-13,3.49723008,3.57581952,3.4874064,3.57581952,32872042.0,0.0,0.0,3.6821183895100535,3.7188935304792414,,,,,0.9999999999886894,,3.7329984,3.7329984,-58891807.0,,,3722.513,-0.0123261006847574,-0.0267379679144385,-0.014411867229681,,,,0.9999999999886894,,,-0.014411867229681,,,,,,,,,,0.0,,,,,,,,,,,,,,,,0.1,119016705.0,32984800,48,3.6082287902306516,2025-01-14,3.7004913671515403,3.67405632,3.68388,3.57581952,0.034865251574984546,0.025570046215110054,0.027472527472527375
2025-01-14,3.5856432,3.68388,3.57581952,3.67405632,35512608.0,0.0,0.0,3.681350573366239,3.717423458004512,,,,,0.909090909082498,,3.70352736,3.70352736,-23379199.0,,,3820.5395,0.0064365966646606,-0.0105820105820105,-0.0170186072466712,,,,0.909090909082498,,,-0.0170186072466712,,,,,,,,,,0.0,,,,,,,,,,,,,,,,0.1,131446264.0,35521300,48,3.7004913671515403,2025-01-15,3.6915467808172555,3.62493792,3.68388,3.59546688,0.0047605314926841835,-0.0024171347658540343,-0.013368983957219305
2025-01-15,3.65440896,3.68388,3.59546688,3.62493792,26396171.0,0.0,0.0,3.675977939712311,3.7143911452830527,,,,,0.3333333333295614,,3.68388,3.68388,-49775370.0,,,3796.026,0.0017973906101349,-0.0053908355795148,-0.0071882261896497,,,,0.3333333333295614,,,-0.0071882261896497,,,,,,,,,,0.0,,,,,,,,,,,,,,,,0.1,97621478.0,26444600,48,3.6915467808172555,2025-01-16,3.7397543167861764,3.65440896,3.72317472,3.62493792,0.031674031202767905,0.013058898838672839,0.008130081300813163
2025-01-16,3.64458528,3.72317472,3.62493792,3.65440896,39802323.0,0.0,0.0,3.673923751168281,3.7124245162573786,,,,,0.2999999999969484,3.85088256,3.72317472,3.72317472,-9973047.0,,,3800.3836,0.0054251231911681,0.0108695652173913,0.0054444420262231,,,,0.2999999999969484,,,0.0054444420262231,,,,,,,,,,0.0,,,,,,,,,,,,,,,,0.1,148900188.0,39815500,48,3.7397543167861764,2025-01-17,3.7084919671599708,3.66423264,3.68388,3.59546688,0.014799385550973154,-0.008359466151528272,0.0026881720430107503
2025-01-17,3.6347616,3.68388,3.59546688,3.66423264,26443640.0,0.0,0.0,3.6730007881998734,3.710844454740743,,,,,0.77777777776898,3.77229312,3.72317472,3.72317472,16470593.0,,,3812.3429,0.021396574706912,0.0332409972299168,0.0118444225230047,,,,0.77777777776898,,,0.0118444225230047,,,,,,,,,,0.0,,,,,,,,,,,,,,,,0.1,98381100.0,26528600,48,3.7084919671599708,2025-01-20,3.775034620305562,3.71335104,3.74282208,3.64458528,0.030238795183474387,0.017943318668302455,0.013404825737265424
2025-01-20,3.67405632,3.74282208,3.64458528,3.71335104,31813240.0,0.0,0.0,3.676843669323695,3.710926637863997,,,,,0.6999999999928765,3.7329984,3.74282208,3.74282208,48283833.0,,,3829.6764,0.0287879182691908,0.0384615384615385,0.0096736201923477,,,,0.6999999999928765,,,0.0096736201923477,,,,,,,,,,0.0,,,,,,,,,,,,,,,,0.1,120381324.0,31888800,48,3.775034620305562,2025-01-21,3.7519839302026434,3.69370368,3.7329984,3.65440896,0.010403780786274242,-0.006106087075051114,-0.005291005291005346
2025-01-21,3.71335104,3.7329984,3.65440896,3.69370368,21339609.0,0.0,0.0,3.6784493846262,3.710361950720915,0.1059554057142857,0.0286854103343387,,,0.4999999999936378,3.74282208,3.74282208,3.74282208,26944224.0,,,3832.6145,0.0031605483989893,0.0053475935828877,0.0021870451838983,0.1439690148022251,-0.3011886545974589,-0.46357615893602,0.4999999999936378,,,0.0021870451838983,,,,,,,,,,0.0,,,,,,,,,,,,,,,,0.1,80504068.0,21456400,48,3.7519839302026434,2025-01-22,3.723868381233184,3.65440896,3.69370368,3.6347616,0.008166518986489013,-0.007493515295504127,-0.010638297872340385
2025-01-22,3.68388,3.69370368,3.6347616,3.65440896,20276009.0,0.0,0.0,3.676159820376086,3.708527426434983,0.0996401828571428,0.027265745007673,20.59754411496173,,0.333333333327678,3.74282208,3.74282208,3.74282208,6668215.0,,,3797.0166,0.000260957116732,0.0081300813008131,0.0078691241840811,-0.2182940632199806,-0.3248449082533166,-0.8873239436530646,0.333333333327678,,,0.0078691241840811,,,,,,,,,,0.0,,,,,,,,,,,,,,,,0.1,76537784.0,20553300,48,3.723868381233184,2025-01-23,3.7733164717655097,3.66423264,3.74282208,3.65440896,0.032538096602496624,0.013278689113053632,0.0026881720430107503
2025-01-23,3.67405632,3.74282208,3.65440896,3.66423264,30172600.0,0.0,0.0,3.6750238984355055,3.707075138355148,0.0961317257142856,0.0262351589429265,21.53623276545798,,0.1111111111098521,3.74282208,3.74282208,3.74282208,36840815.0,,,3803.7439,0.0008842002159992,0.0026881720430107,0.0018039718270115,-0.1122549122593214,-0.3334095968959049,-0.8175182481666787,0.1111111111098521,,,0.0018039718270115,,,,,,,,,,1.0,,,,,,,,,,,,,,,,0.1,116515862.0,30878900,48,3.7733164717655097,2025-01-24,3.745636912462268,3.70352736,3.71335104,3.64458528,0.022215912705332075,-0.007335605033492065,0.01072386058981234
2025-01-24,3.65440896,3.71335104,3.64458528,3.70352736,20849400.0,0.0,0.0,3.677738513822601,3.70695881775334,0.0912198857142857,0.0246305418719145,25.33838653883103,,0.8571428571303896,3.74282208,3.74282208,3.74282208,57690215.0,,,3832.8637,0.0053827267216701,0.0107238605898123,0.0053411338681421,0.2827107924459645,-0.3203282234088782,-0.4307692307645085,0.8571428571303896,,,0.0053411338681421,,,,,,,,,,0.0,,,,,,,,,,,,,,,,0.1,78175188.0,20871000,48,3.745636912462268,2025-01-27,3.784312708801923,3.68388,3.76246944,3.68388,0.02181308275846594,0.010325559375756521,-0.0053050397877983935
2025-01-27,3.72317472,3.76246944,3.68388,3.68388,23091401.0,0.0,0.0,3.678323417268067,3.7062021352040495,0.0898165028571428,0.0243809523809457,24.69405755834474,,0.0,3.74282208,3.76246944,3.76246944,34598814.0,,,3817.0802,-0.0032891029644175,-0.007936507936508,-0.0046474049720904,0.061865943953624,-0.3103963865083237,-0.6562499999926936,0.0,,,-0.0046474049720904,,,,,,,,,,1.0,,,,,,,,,,,,,,,,0.1,85975422.0,22718900,48,3.784312708801923,2025-02-05,3.7632963685784455,3.71335104,3.72317472,3.67405632,0.021557805514415662,-0.00555354217282189,0.008000000000000007
2025-02-05,3.69370368,3.72317472,3.67405632,3.71335104,19954800.0,0.0,0.0,3.681659381337776,3.706436525525228,0.0813962057142856,0.0219198790627302,27.66538704461422,,0.7999999999837165,3.76246944,3.76246944,3.76246944,54553614.0,,,3795.0848,-0.0097921927707573,0.0053191489361701,0.0151113417069275,0.3893505647312156,-0.304401709756846,-0.603448275854653,0.7999999999837165,,,0.0151113417069275,,,,,,,,,,1.0,,,,,,,,,,,,,,,,0.1,74625038.0,19829700,48,3.7632963685784455,2025-02-06,3.7795429757804127,3.75264576,3.75264576,3.66423264,0.017825391423379244,0.004317121377316324,0.010582010582010692
2025-02-06,3.69370368,3.75264576,3.66423264,3.75264576,29055315.0,0.0,0.0,3.688419988829416,3.7079515823932536,0.0842029714285714,0.0224382946895976,31.54383147068845,0.933500620314156,0.9999999999886894,3.76246944,3.76246944,3.76246944,83608929.0,-634183.5,45846895.3334689,3842.8314,0.0120659993954201,0.0268817204301075,0.0148157210346873,0.7627494621648023,-0.2319584835574821,-0.1166666666652785,0.9999999999886894,-0.0688136514969318,1.837487836139284,0.0148157210346873,,,,,,,,,,1.0,,,,,,,,,,,,,,,,0.1,112139796.0,29670200,48,3.7795429757804127,2025-02-07,3.8477240216469006,3.77229312,3.8312352,3.7329984,0.025336327414741344,0.01803949480225442,0.005235602094240788
2025-02-07,3.74282208,3.8312352,3.7329984,3.77229312,45802061.0,0.0,0.0,3.6964079060837576,3.7100611410033104,0.0842029714285714,0.0223214285714226,33.464788458016415,1.4560530478438074,0.3999999999959281,3.76246944,3.8312352,3.8312352,129410990.0,5836366.0,53903961.34777827,3892.7028,0.0233871949160404,0.0294906166219839,0.0061034217059434,0.9012177673529488,-0.1621467115441716,0.1166666666652838,0.3999999999959281,0.3757293830694526,2.292496152605922,0.0061034217059434,,,,,,,,,,0.0,,,,,,,,,,,,,,,,0.1,176398523.0,45844900,48,3.8477240216469006,2025-02-10,3.839430874782009,3.7821168,3.80176416,3.74282208,0.017797597547777322,-0.002155338277442742,0.0026041666666665186
2025-02-10,3.77229312,3.80176416,3.74282208,3.7821168,28299253.0,0.0,0.0,3.704570657885304,3.7124236216261526,0.0820978971428571,0.0217068645640016,34.45516021391063,0.934034542905284,0.6666666666553561,3.8312352,3.8312352,3.8312352,157710243.0,16295288.65,61525124.86950074,3901.0618,0.0177929885688343,0.0212201591511935,0.0034271705823591,0.9445569839482516,-0.0956536527006014,-0.5982905982833138,0.6666666666553561,-0.0682418575985459,2.2984911391882807,0.0034271705823591,,,,,,,,,,0.0,,,,,,,,,,,,,,,,0.1,110300322.0,28728300,48,3.839430874782009,2025-02-11,3.8189284090736897,3.76246944,3.80176416,3.7329984,0.009733070399541743,-0.005339975214290971,-0.0051948051948051965
2025-02-11,3.7821168,3.80176416,3.7329984,3.76246944,26219613.0,0.0,0.0,3.710084827610513,3.714064468130213,0.0792911314285713,0.0210742260350559,33.38484727112679,0.8798660363717156,0.4285714285651943,3.8312352,3.8312352,3.8312352,131490630.0,23633935.65,65917572.36905177,3883.1352,0.0173051119020239,0.0213333333333334,0.0040282214313094,0.660661683658987,-0.0501902349979014,-0.8672566371572072,0.4285714285651943,-0.1279856144940377,1.6362358393016094,0.0040282214313094,,,,,,,,,,1.0,,,,,,,,,,,,,,,,0.1,100809017.0,26397200,48,3.8189284090736897,2025-02-12,3.849405594867565,3.81158784,3.85088256,3.72317472,0.023106142456153833,0.007980559604485515,0.01305483028720622
2025-02-12,3.75264576,3.85088256,3.72317472,3.81158784,52872785.0,0.0,0.0,3.719751781171417,3.717261955732501,0.0820978971428571,0.0215390279823212,38.52613286956831,1.7109297227427482,0.6923076923022717,3.8312352,3.85088256,3.85088256,184363415.0,32075986.9,74580604.28614166,3919.8617,0.0328785538599822,0.0264550264550265,-0.0064235274049557,1.1186164569801609,0.0303275178236689,-0.2393162393133243,0.6923076923022717,0.5370369202750079,2.0419173263295423,-0.0064235274049557,,,,,,,,,,0.0,,,,,,,,,,,,,,,,0.1,203944203.0,52980700,48,3.849405594867565,2025-02-13,3.864539092151661,3.7821168,3.8312352,3.77229312,0.013892176797284828,0.003931385485663963,-0.0077319587628866815
2025-02-13,3.81158784,3.8312352,3.77229312,3.7821168,33072809.0,0.0,0.0,3.725691306774139,3.71938834406914,0.0792911314285714,0.0209647495361725,36.69611743599693,1.0990305811735723,0.1666666666638352,3.85088256,3.85088256,3.85088256,151290606.0,41328283.2,77269526.7929917,3905.1398,0.0162141904013795,0.0078534031413612,-0.0083607872600182,0.7116242662772402,0.0794913957129884,-0.8672566371572068,0.1666666666638352,0.0944285013979163,1.4231007664197772,-0.0083607872600182,,,,,,,,,,0.0,,,,,,,,,,,,,,,,0.1,129211251.0,33435100,48,3.864539092151661,2025-02-14,3.844600503682749,3.7821168,3.80176416,3.75264576,0.016520828675293586,-0.005159370365641958,0.0
2025-02-14,3.7821168,3.80176416,3.75264576,3.7821168,23120140.0,0.0,0.0,3.73106516327184,3.721445014755398,0.0764843657142857,0.0202226345083434,36.696117435933225,0.7717601995086841,0.5999999999877829,3.85088256,3.85088256,3.85088256,151290606.0,51871623.5,77168112.7890068,3939.0085,0.0118955138316749,0.0026041666666665,-0.0092913471650084,0.6674780688931996,0.1257792808565992,-0.8990825687955873,0.5999999999877829,-0.2590813996085681,1.288342799983091,-0.0092913471650084,,,,,,,,,,0.0,,,,,,,,,,,,,,,,0.1,89153210.0,23189200,48,3.844600503682749,2025-02-17,3.825852242629184,3.77229312,3.7821168,3.72317472,0.011563747219330844,-0.004876517348319065,-0.0025974025974024872
2025-02-17,3.77229312,3.7821168,3.72317472,3.77229312,27545201.0,0.0,0.0,3.734991635341188,3.723112165747024,0.0736776,0.0195312499999948,36.03441172516142,0.9266506447601256,0.8333333333191989,3.85088256,3.85088256,3.85088256,123745405.0,62647086.2,71172618.40313561,3947.3983,0.0118779200062915,-0.0025974025974024,-0.0144753226036939,0.5062798551840142,0.1612358382195231,-1.0666666666521891,0.8333333333191989,-0.0761786509422372,0.8584525927362568,-0.0144753226036939,,,,,,,,,,0.0,,,,,,,,,,,,,,,,0.1,105445844.0,27561400,48,3.825852242629184,2025-02-18,3.77988300296195,3.67405632,3.7821168,3.65440896,0.0020120077418452897,-0.012015424734658109,-0.02604166666666663
2025-02-18,3.77229312,3.7821168,3.65440896,3.67405632,35070701.0,0.0,0.0,3.7291882719753606,3.721503777361876,0.0771860571428571,0.0210084033613388,30.17474339501676,1.175469486560817,0.1538461538449494,3.85088256,3.85088256,3.85088256,88674704.0,70025411.75,65623080.077360496,3912.7829,0.0076349904067207,-0.0234986945169711,-0.0311336849236919,-0.7142734583864966,0.0995580665451396,-2.290909090879412,0.1538461538449494,0.1616676308225543,0.2841880056226418,-0.0311336849236919,,,,,,,,,,1.0,,,,,,,,,,,,,,,,0.1,132719252.0,35112000,48,3.77988300296195,2025-02-19,3.7971111178245125,3.74282208,3.81158784,3.67405632,0.03349289915743925,0.004557843417127616,0.018716577540106805
2025-02-19,3.67405632,3.81158784,3.67405632,3.74282208,46278401.0,0.0,0.0,3.730486729882469,3.722202738104109,0.0827995885714285,0.022122234720654,37.79959716264511,1.523630274244225,0.4999999999963628,3.85088256,3.8312352,3.8312352,134953105.0,77942026.95,63389865.47300089,3940.1602,0.005178371471626,-0.0180412371134021,-0.0232196085850281,0.14897839868782,0.100048707018798,-1.305084745746953,0.4999999999963628,0.4210958256298278,0.8993721255692243,-0.0232196085850281,,,,,,,,,,0.0,,,,,,,,,,,,,,,,0.1,175964964.0,46341800,48,3.7971111178245125,2025-02-20,3.8136274704210456,3.75264576,3.7821168,3.70352736,0.018917647942550797,0.004349715371509966,0.002624671916010568
2025-02-20,3.74282208,3.7821168,3.70352736,3.75264576,33389700.0,0.0,0.0,3.7325971137031866,3.723200869969548,0.0820978971428571,0.0218773373223576,38.8272900298516,1.0867822443658146,0.62499999999205,3.85088256,3.81158784,3.81158784,168342805.0,88847935.7,59096231.33872327,3928.8959,0.0060832905393042,-0.0077922077922076,-0.0138754983315119,0.2442041391350494,0.1144516980401294,-1.1965811965666218,0.62499999999205,0.0832212609005408,1.3451766296966954,-0.0138754983315119,,,,,,,,,,1.0,,,,,,,,,,,,,,,,0.1,126932014.0,33283800,48,3.8136274704210456,2025-02-21,3.83128899728077,3.7821168,3.79194048,3.71335104,0.020956744204059907,0.0046311620620287375,0.007853403141361293
2025-02-21,3.76246944,3.79194048,3.71335104,3.7821168,39191860.0,0.0,0.0,3.737313274302883,3.725132539806612,0.0827995885714285,0.0218923933209589,41.92719842983532,1.2769020083255729,0.8749999999888634,3.85088256,3.81158784,3.81158784,207534665.0,99723321.3,59917761.98255489,3978.444,0.0100115295511549,0.0,-0.0100115295511549,0.5411080715446454,0.1471110509880823,-0.8305084745662438,0.8749999999888634,0.244436838260773,1.7993219394841444,-0.0100115295511549,,,,,,,,,,0.0,,,,,,,,,,,,,,,,0.1,148927184.0,38871300,48,3.83128899728077,2025-02-24,3.832960403942135,3.76246944,3.80176416,3.74282208,0.013443160703586754,0.0004362517843345959,-0.0051948051948051965
2025-02-24,3.79194048,3.80176416,3.74282208,3.76246944,29265101.0,0.0,0.0,3.7397090996073694,3.72635670046869,0.0813962057142857,0.0216337187616503,40.45535837491745,0.94911789088201,0.333333333327678,3.85088256,3.81158784,3.81158784,178269564.0,107813269.85,59047571.55972748,3969.7169,0.0056540025363034,-0.0026041666666667,-0.0082581692029701,0.2796240954061483,0.1640420339172227,-1.0862068965383824,0.333333333327678,-0.0522222616577364,1.19321239280319,-0.0082581692029701,,,,,,,,,,0.0,,,,,,,,,,,,,,,,0.1,111892930.0,29192300,48,3.832960403942135,2025-02-25,3.8059820147810903,3.71335104,3.77229312,3.70352736,0.011564897861626289,-0.007038525400183682,-0.01305483028720622
2025-02-25,3.74282208,3.77229312,3.70352736,3.71335104,25624740.0,0.0,0.0,3.737198808216192,3.725930285371356,0.0827995885714285,0.0222978080120877,36.96198686360025,0.8394790113203525,0.1428571428550681,3.85088256,3.81158784,3.81158784,152644824.0,113031319.4,58160926.624205306,3925.6505,0.0032886056622256,0.0106951871657754,0.0074065815035497,-0.2880179554917915,0.1360939473144785,-1.6610169491324815,0.1428571428550681,-0.1749738041822605,0.6811016759749099,0.0074065815035497,,,,,,,,,,1.0,,,,,,,,,,,,,,,0.0219061361918446,0.1,97640185.0,25654400,48,3.8059820147810903,2025-02-26,3.8587477015387592,3.8312352,3.8312352,3.72317472,0.03915510814155598,0.013863882318083887,0.031746031746031855
2025-02-26,3.7329984,3.8312352,3.72317472,3.8312352,52010174.0,0.0,0.0,3.7461546550527456,3.7293829055231145,0.0849046628571428,0.0221611721611663,48.46403236473212,1.6223721558173785,0.9999999999907458,3.85088256,3.8312352,3.8312352,204654998.0,121916858.1,57904543.10402911,3959.9413,0.0050203796282191,0.0236220472440944,0.0186016676158753,1.0020715244980771,0.1975362596710742,-0.2314049586749605,0.9999999999907458,0.4838893719260929,1.4288713020557955,0.0186016676158753,,,,,,,,,,1.0,,,,,,,,,,,,,,,0.0219198790627302,0.1,199362200.0,51665000,48,3.8587477015387592,2025-02-27,3.8819483883892087,3.85088256,3.86070624,3.76246944,0.013236772409380926,0.006012491265287467,0.00512820512820511
2025-02-27,3.85088256,3.86070624,3.76246944,3.85088256,43797240.0,0.0,0.0,3.7561287412381983,3.7333665007518646,0.0849046628571428,0.0220481049562624,50.09829329102964,1.317837843359671,0.8999999999908407,3.8312352,3.86070624,3.86070624,248452238.0,134006059.25,57820713.92799912,3968.1159,0.0099824482496468,0.0261780104712041,0.0161955622215572,1.1160025323946543,0.2680917598644072,0.2314049586749605,0.8999999999908407,0.2759923961589165,1.9793283578703889,0.0161955622215572,,,,,,,,,,0.0,,,,,,,,,,,,,,,0.0219839920094963,0.1,170526617.0,43928100,48,3.8819483883892087,2025-02-28,3.888056281729851,3.76246944,3.90000096,3.75264576,0.009653299250406366,0.0015734092083530271,-0.022959183673469497
2025-02-28,3.84105888,3.90000096,3.75264576,3.76246944,44734706.0,0.0,0.0,3.7567326173107514,3.734320695481312,0.0912198857142857,0.0242446848190909,43.42489645317745,1.3171883367672592,0.0666666666662128,3.86070624,3.90000096,3.90000096,203717532.0,142349895.1,55177401.16743772,3890.0487,-0.022218560824282,-0.0051948051948051,0.0170237556294768,0.0628900446899818,0.2456911851368763,-1.0769230769112714,0.0666666666662128,0.2754994169160807,1.112187881299045,0.0170237556294768,,,,,,,,,,0.0,,,,,,,,,,,,,,,0.0220481049562624,0.1,174307784.0,44831600,48,3.888056281729851,2025-03-03,3.853440312336167,3.76246944,3.8312352,3.74282208,0.024178501323898427,-0.008903155429191179,0.0
2025-03-03,3.76246944,3.8312352,3.74282208,3.76246944,41698697.0,0.0,0.0,3.757278981376393,3.735243605137662,0.0926232685714285,0.0246176799701538,43.424896453107,1.1912301898335471,0.2222222222197082,3.90000096,3.90000096,3.90000096,203717532.0,149651260.95,53114705.379203655,3888.4738,-0.0204657163335751,0.0,0.0204657163335751,0.0560383875845205,0.2379032458944168,-1.4848484848324537,0.2222222222197082,0.1749865461175039,1.0179152960371862,0.0204657163335751,,,,,,,,,,1.0,,,,,,,,,,,,,,,0.0220851698384582,0.1,159498904.0,41391300,48,3.853440312336167,2025-03-04,3.832388316894263,3.79194048,3.80176416,3.7329984,0.018583241142355433,-0.005463168943997787,0.00783289817232391
2025-03-04,3.76246944,3.80176416,3.7329984,3.79194048,29787101.0,0.0,0.0,3.760580076483403,3.7371025190675744,0.0884131199999999,0.0233160621761596,46.19559917703815,0.842883578619301,0.8571428571303952,3.90000096,3.90000096,3.90000096,233504633.0,159596551.9,49111905.25919466,3885.2208,-0.0102988536549547,0.0211640211640211,0.0314628748189759,0.3547030521741813,0.2655438176547016,-1.222222222208396,0.8571428571303952,-0.1709264341719166,1.5048913437574902,0.0314628748189759,,,,,,,,,,0.0,,,,,,,,,,,,,,,0.022122234720654,0.1,115203509.0,30060500,48,3.832388316894263,2025-03-05,3.798792139631393,3.75264576,3.79194048,3.69370368,0.0018069006271408394,-0.008766381296688719,-0.010362694300518172
2025-03-05,3.79194048,3.79194048,3.69370368,3.75264576,32981610.0,0.0,0.0,3.7598244272945074,3.737612133524375,0.0912198857142857,0.0243081525803974,43.1604897199576,0.9163884840052338,0.5999999999938923,3.90000096,3.90000096,3.90000096,200523023.0,166895022.35,43482863.624425456,3902.5706,-0.0144877652605608,-0.0205128205128205,-0.0060250552522597,-0.0786962978326161,0.2435027581536449,-1.6153846153669047,0.5999999999938923,-0.0873148950408641,0.7733621442335339,-0.0060250552522597,,,,,,,,,,1.0,,,,,,,,,,,,,,,0.0221417034409101,0.1,124494016.0,32772000,48,3.798792139631393,2025-03-06,3.853530343920444,3.81158784,3.81158784,3.74282208,0.026883588372712097,0.014409370736026217,0.015706806282722585
2025-03-06,3.75264576,3.81158784,3.74282208,3.81158784,35393361.0,0.0,0.0,3.764754276123602,3.740037566523576,0.0926232685714285,0.0243004418262086,48.61420857255536,0.9748152562427096,0.9999999999854576,3.90000096,3.90000096,3.90000096,235916384.0,174510395.1,41522695.935893886,3956.2369,-0.0029936121573465,-0.010204081632653,-0.0072104694753065,0.5056349727042454,0.2668520554389501,-0.9545454545351464,0.9999999999854576,-0.0255073067147482,1.478853612848346,-0.0072104694753065,,,,,,,,,,1.0,,,,,,,,,,,,,,,0.0221611721611663,0.1,135935595.0,35275600,48,3.853530343920444,2025-03-07,4.21623061684644,4.19471136,4.19471136,3.91964832,0.10616120992936118,0.09412155622394769,0.10051546391752586
2025-03-07,3.91964832,4.19471136,3.91964832,4.19471136,132931757.0,0.0,0.0,3.805702569826116,3.754944904014606,0.1157790857142857,0.0276012044161861,69.26036361030556,3.269008162514258,0.9999999999963646,3.90000096,4.19471136,4.19471136,368848141.0,186482252.65,58029897.997869685,3944.0143,0.0138727312077095,0.1148825065274152,0.1010097753197056,3.359922802728828,0.4384009901091231,2.5454545454325634,0.9999999999963646,1.1844866246842782,3.142619488262667,0.1010097753197056,,,,,,,,,,1.0,,,,,,,,,,,,,,,0.022229490086627,0.1,560604358.0,132963400,48,4.21623061684644,2025-03-10,4.465252236764503,4.34206656,4.6171296,4.20453504,0.0644957074625756,0.05906261837838467,0.03512880562060894
2025-03-10,4.3224192,4.6171296,4.20453504,4.34206656,318760444.0,0.0,0.0,3.8567848546045815,3.774194794374783,0.1368298285714286,0.0315126050420095,73.64618518625596,5.775973879486479,0.3333333333325262,4.19471136,4.6171296,4.6171296,687608585.0,212977169.75,123209078.60734303,3928.8018,0.0103711641312846,0.1540469973890339,0.1436758332577492,3.546607566920561,0.6035968990933943,1.0769230769152045,0.3333333333325262,1.7537068793307289,3.852243849356348,0.1436758332577492,,,,,,,,,,1.0,,,,,,,,,,,,,,,0.0222978080120877,0.1,1423361664.0,318764000,48,4.465252236764503,2025-03-11,4.486433846816903,4.53854016,4.6171296,4.2733008,0.033248519989730996,0.004743653645812529,0.045248868778280604
2025-03-11,4.28312448,4.6171296,4.2733008,4.53854016,244836374.0,0.0,0.0,3.9217139313089073,3.7992552981657735,0.1515653485714286,0.0333951762523117,78.1272313074365,3.7030133502641167,0.7714285714263277,4.6171296,4.6171296,4.6171296,932444959.0,253024886.2,197803816.0370106,3941.4157,0.0144637596915984,0.1968911917098446,0.1824274320182461,4.069704813803993,0.8079593013611189,-0.5185185185150974,0.7714285714263277,1.309146907181287,3.4348178230943494,0.1824274320182461,,,,,,,,,,0.0,,,,,,,,,,,,,,,0.0223096182917551,0.1,1099262432.0,245019200,48,4.486433846816903,2025-03-12,4.476272927682113,4.36171392,4.5188928,4.35189024,-0.013719660975278658,-0.0022648097535191702,-0.038961038961039085
2025-03-12,4.47959808,4.5188928,4.35189024,4.36171392,153206917.0,0.0,0.0,3.96361869213663,3.81769656445542,0.1592839542857143,0.0365186615186531,67.07338675913586,2.1537532354200435,0.0588235294114087,4.6171296,4.6171296,4.6171296,779238042.0,282768617.55,227708046.56328,3927.2315,0.0063191425672093,0.1623036649214659,0.1559845223542566,2.4992801669576226,0.9161131661670542,-1.6035242290648255,0.0588235294114087,0.7672120110852436,2.1802893307594697,0.1559845223542566,,,,,,,,,,1.0,,,,,,,,,,,,,,,0.0223214285714226,0.1,685907358.0,153231800,48,4.476272927682113,2025-03-13,4.500100258325275,4.44030336,4.55818752,4.28312448,0.03172751373966198,0.005323029008309277,0.018018018018018056
2025-03-13,4.3715376,4.55818752,4.28312448,4.44030336,169213155.0,0.0,0.0,4.009017231933141,3.8381099020142586,0.1733177828571428,0.0390328697850733,69.16173544743945,2.171017415556201,0.5714285714264941,4.6171296,4.6171296,4.6171296,948451197.0,322626647.1,267496978.30659583,3911.5793,-0.0112878983561374,0.1649484536082472,0.1762363519643847,2.488412446516568,0.9860922930151188,-1.0202429149738732,0.5714285714264941,0.7751959127691851,2.339557455421801,0.1762363519643847,,,,,,,,,,0.0,,,,,,,,,,,,,,,0.0223798616305101,0.1,761789122.0,169282700,48,4.500100258325275,2025-03-14,4.493625908995911,4.39118496,4.5680112,4.36171392,0.012008762616595448,-0.001438712241440765,-0.011061946902654718
2025-03-14,4.45995072,4.5680112,4.36171392,4.39118496,130292727.0,0.0,0.0,4.045414158415699,3.8562435104728072,0.1838431542857143,0.0418664109939182,66.33013774458541,1.5641290218043458,0.1428571428564534,4.6171296,4.6171296,4.6171296,818158470.0,355970040.3,285048485.2782214,4006.5567,0.015857548995195,0.0468384074941452,0.0309808584989501,1.8807923685047905,1.0289784717676742,-1.2290076335810998,0.1428571428564534,0.4473291334804256,1.6214379432638668,0.0309808584989501,,,,,,,,,,1.0,,,,,,,,,,,,,,,0.0224382946895976,0.1,586979435.0,130624900,48,4.493625908995911,2025-03-17,4.59053544435712,4.50906912,4.63677696,4.3715376,0.045397879199586155,0.02156599977919904,0.02684563758389258
2025-03-17,4.39118496,4.63677696,4.3715376,4.50906912,144118795.0,0.0,0.0,4.08957177380468,3.877647628817961,0.1978769828571428,0.0438842203547988,69.5520898710975,1.6169653771422836,0.5185185185165657,4.6171296,4.63677696,4.63677696,962277265.0,397896633.3,308510629.0437668,3996.7876,0.0173044616300064,0.0384615384615385,0.0211570768315321,2.1199906130368684,1.07098936887797,-0.546099290777381,0.5185185185165657,0.4805511685798861,1.8293717576256807,0.0211570768315321,,,,,,,,,,1.0,,,,,,,,,,,,,,,0.0228771784328786,0.1,662949062.0,144416500,48,4.59053544435712,2025-03-18,4.676916587845484,4.57783488,4.70554272,4.4697744,0.03722441669855869,0.01881722612436132,0.01525054466230924
2025-03-18,4.49924544,4.70554272,4.4697744,4.57783488,137708372.0,0.0,0.0,4.136073022013759,3.9006045878731097,0.20629728,0.0450643776823935,71.27865885980644,1.460925324439588,0.4583333333313883,4.63677696,4.70554272,4.70554272,1099985637.0,448462179.95,335391520.6184998,4007.7229,0.016823193757512,0.0086580086580085,-0.0081651850995034,2.1413847918116047,1.1414034840377312,-0.2857142857128986,0.4583333333313883,0.3790700188268038,1.942575816611336,-0.0081651850995034,,,,,,,,,,0.0,,,,,,,,,,,,,,,0.0233160621761596,0.1,644782170.0,137864800,48,4.676916587845484,2025-03-19,4.590841543988418,4.49924544,4.57783488,4.45995072,0.002841226110020356,-0.01840422899154548,-0.01716738197424894
2025-03-19,4.5680112,4.57783488,4.45995072,4.49924544,83411400.0,0.0,0.0,4.170660871345782,3.920232156795303,0.2077006628571428,0.0461634435433459,66.6285468008396,0.8678046808949438,0.3333333333305057,4.70554272,4.70554272,4.70554272,1016574237.0,492543236.55,348952003.88634545,4010.168,0.0211183119711686,0.0315315315315316,0.010413219560363,1.5820102070576323,1.2057193804986506,-0.9932432432384622,0.3333333333305057,-0.1417886116534715,1.501728015927022,0.010413219560363,,,,,,,,,,0.0,,,,,,,,,,,,,,,0.0237803734976252,0.1,385288672.0,83925500,48,4.590841543988418,2025-03-20,4.550573680035666,4.420656,4.5680112,4.40100864,0.011408188488527093,-0.00877134694519821,-0.017467248908296984
2025-03-20,4.48942176,4.5680112,4.40100864,4.420656,86356548.0,0.0,0.0,4.194469931217612,3.936639495916769,0.2091040457142857,0.0473015873015766,62.25472672671092,0.8743545433506711,0.1176470588228274,4.70554272,4.70554272,4.70554272,930217689.0,530636980.75,353042515.8456572,3974.9918,0.016211482661236,-0.0044247787610618,-0.0206362614222979,1.081691499600926,1.2330246142243622,-1.362416107376036,0.1176470588228274,-0.1342693295751226,1.1318203624650365,-0.0206362614222979,,,,,,,,,,0.0,,,,,,,,,,,,,,,0.0242446848190909,0.1,392971616.0,86356500,48,4.550573680035666,2025-03-21,4.418231724193799,4.30277184,4.44030336,4.2733008,-0.0005483972980936391,-0.029082477319833266,-0.026666666666666616
2025-03-21,4.39118496,4.44030336,4.2733008,4.30277184,89266580.0,0.0,0.0,4.2047843987206965,3.9486438350670383,0.2147175771428571,0.049902152641867,56.28605957503935,0.8814729451307606,0.1764705882342367,4.70554272,4.70554272,4.70554272,840951109.0,562307802.95,351042682.024899,3914.6956,-0.0229276924996468,-0.0201342281879195,0.0027934643117273,0.4563550063423716,1.192918470210049,-1.8758169934553175,0.1764705882342367,-0.1261609694691468,0.793759050730578,0.0027934643117273,,,,,,,,,,0.0,,,,,,,,,,,,,,,0.0242725633226497,0.1,392691552.0,88879800,48,4.418231724193799,2025-03-24,4.316677270362722,4.25365344,4.33224288,4.175064,0.0032317377913122503,-0.022985316337070905,-0.011415525114155334
2025-03-24,4.30277184,4.33224288,4.175064,4.25365344,63997300.0,0.0,0.0,4.209438593128249,3.958644149982873,0.2210327999999999,0.051963048498833,53.964465169647234,0.6212944056110051,0.4999999999968189,4.70554272,4.70554272,4.70554272,776953809.0,592242015.2,342438730.9973512,3934.8486,-0.0154971957979453,-0.056644880174292,-0.0411476843763466,0.2000374915919749,1.13464808455687,-2.044444444435197,0.4999999999968189,-0.4759502262810417,0.5394009995949575,-0.0411476843763466,,,,,,,,,,0.0,,,,,,,,,,,,,,,0.0243004418262086,0.1,273837056.0,63437000,48,4.316677270362722,2025-03-25,4.351978269295283,4.24382976,4.35189024,4.21435872,0.02311538320697859,0.008177817502116547,-0.002309468822170979
2025-03-25,4.25365344,4.35189024,4.21435872,4.24382976,61406202.0,0.0,0.0,4.21271394235413,3.9679944978522874,0.2238395657142857,0.0527447089946965,53.48927560158418,0.5859623535455583,0.2142857142841538,4.70554272,4.57783488,4.57783488,715547607.0,620387154.35,327978756.2513986,3932.2951,-0.0188206125727904,-0.072961373390558,-0.0541407608177676,0.1390094621852862,1.0932805543999125,-2.0626959247556784,0.2142857142841538,-0.5344997345651175,0.2901421230375623,-0.0541407608177676,,,,,,,,,,0.0,,,,,,,,,,,,,,,0.024304297203303,0.1,267238448.0,61406200,48,4.351978269295283,2025-03-26,4.293881415430738,4.19471136,4.29294816,4.16524032,0.011793982855414553,-0.01334952756415142,-0.011574074074073959
2025-03-26,4.2241824,4.29294816,4.16524032,4.19471136,64978077.0,0.0,0.0,4.210999410701356,3.975427837594834,0.2280497142857143,0.0543660086985484,51.0679024186436,0.6162338136871546,0.2307692307674285,4.70554272,4.5680112,4.5680112,650569530.0,642682880.95,313810217.53030163,3919.3566,-0.0226452856837917,-0.0676855895196506,-0.0450403038358588,-0.0714232453756874,1.0329834169857823,-2.239999999990178,0.2307692307674285,-0.4841288197922515,0.0251319065136507,-0.0450403038358588,,,,,,,,,,0.0,,,,,,,,,,,,,,,0.0243081525803974,0.1,279008256.0,64978100,48,4.293881415430738,2025-03-27,4.18041329214466,4.1259456,4.18488768,4.0277088,-0.0034085939718484504,-0.026425537248958908,-0.01639344262295095
2025-03-27,4.175064,4.18488768,4.0277088,4.1259456,60243117.0,0.0,0.0,4.202899047777417,3.980362846198282,0.2126125028571428,0.0515306122448854,47.80516198460465,0.5669078083388388,0.6249999999960207,4.70554272,4.44030336,4.44030336,590326413.0,659776589.7,300916645.83794105,3932.4117,-0.0107119969404716,-0.0666666666666667,-0.0559546697261951,-0.3619422505399953,1.0466750477398468,-2.726072607247908,0.6249999999960207,-0.5675585839968001,-0.2307953968668204,-0.0559546697261951,,,,,,,,,,0.0,,,,,,,,,,,,,,,0.0243445524806715,0.1,251841056.0,60243100,48,4.18041329214466,2025-03-28,4.1921255526942325,4.11612192,4.15541664,4.0768272,0.016039947956229206,0.002801699193613283,-0.0023809523809522615
2025-03-28,4.1259456,4.15541664,4.0768272,4.11612192,41616057.0,0.0,0.0,4.194634559417663,3.9848139633721087,0.1880533028571429,0.0456870098874761,47.33984598127328,0.3921964656611187,0.4999999999936378,4.70554272,4.35189024,4.35189024,548710356.0,677026230.9,283673350.57902896,3915.1662,0.0001202136891562,-0.0433789954337898,-0.0434992091229461,-0.4175020498145058,1.1157506560989865,-3.134328358192288,0.4999999999936378,-0.93599237683337,-0.4523367268658966,-0.0434992091229461,,,,,,,,,,0.0,,,,,,,,,,,,,,,0.0243809523809457,0.1,172556272.0,41162000,48,4.1921255526942325,2025-03-31,4.133474879208077,4.09647456,4.10629824,4.01788512,0.004215851606280019,-0.013990676745943786,-0.004773269689737569
2025-03-31,4.08665088,4.10629824,4.01788512,4.09647456,40731150.0,0.0,0.0,4.185285988044552,3.988474966540237,0.1705110171428572,0.041623843782107,46.36776151291053,0.3840320450296643,0.8888888888788328,4.70554272,4.35189024,4.35189024,507979206.0,692239314.6,265456061.3768802,3887.3056,-0.0120825487415194,-0.0369515011547344,-0.0248689524132149,-0.5208544851364283,1.1542422583654517,-3.5720164608844023,0.8888888888788328,-0.9570292792781336,-0.6941265821705893,-0.0248689524132149,,,,,,,,,,0.0,,,,,,,,,,,,,,,0.0244993161755498,0.1,168361392.0,40731200,48,4.133474879208077,2025-04-01,4.173727658453024,4.08665088,4.13576928,4.0768272,0.01885843481303695,0.009738242137970587,-0.0023980815347722784
2025-04-01,4.10629824,4.13576928,4.0768272,4.08665088,37945000.0,0.0,0.0,4.175892168230786,3.991693848948753,0.1613890285714286,0.0394917582417485,45.86068627782255,0.3563923181534483,0.1666666666638289,4.70554272,4.29294816,4.29294816,470034206.0,704065793.25,249547460.4834345,3887.6841,-0.0113447742006951,-0.037037037037037,-0.0256922628363419,-0.5529575896216284,1.1413311109891715,-3.8347826086718944,0.1666666666638289,-1.031723137620444,-0.9378239586033996,-0.0256922628363419,,,,,,,,,,0.0,,,,,,,,,,,,,,,0.0246176799701538,0.1,158372096.0,37945000,48,4.173727658453024,2025-04-02,4.150506633137304,4.0768272,4.11612192,4.04735616,0.015625448567141875,-0.005563617757543549,-0.0024038461538460343
2025-04-02,4.06700352,4.11612192,4.04735616,4.0768272,32767258.0,0.0,0.0,4.166457409351663,3.994485106360269,0.1466535085714286,0.0359724612736572,45.32686408170169,0.3077921914045853,0.4285714285652017,4.57783488,4.18488768,4.18488768,437266948.0,715902989.5,230250148.6133174,3884.3858,-0.0089225869368456,-0.0281030444964871,-0.0191804575596414,-0.6111698944276982,1.172643632364656,-3.4162679425604336,0.4285714285652017,-1.1783304269550865,-1.2101448931872003,-0.0191804575596414,,,,,,,,,,0.0,,,,,,,,,,,,,,,0.0246241109210341,0.1,136000896.0,32767300,48,4.150506633137304,2025-04-03,4.139298590626025,4.06700352,4.10629824,4.01788512,0.015323531648833377,-0.002700403469252599,-0.002409638554216942
2025-04-03,4.03753248,4.10629824,4.01788512,4.06700352,41493631.0,0.0,0.0,4.156985610365791,3.99686275926649,0.1382332114285715,0.033988957901993,44.76570475220644,0.388647992475965,0.555555555549273,4.5680112,4.15541664,4.156985610365791,395773317.0,723895836.15,215768483.85865247,3861.5034,-0.0180317589839335,-0.0142857142857142,0.0037460446982192,-0.6509440780201754,1.158352970630952,-3.62436548220728,0.555555555549273,-0.9450812486969282,-1.5207156915694386,0.0037460446982192,,,,,0.1732447050019107,,,,,0.0,,,,,,,,,,,,,,,0.0246305418719145,0.1,171754400.0,41493600,48,4.139298590626025,2025-04-07,3.832153210700167,3.66423264,3.93929568,3.66423264,-0.05774529285379937,-0.0742022768353624,-0.09903381642512088
2025-04-07,3.75264576,3.93929568,3.66423264,3.66423264,67692423.0,0.0,0.0,4.110056756045239,3.9859568537167687,0.1480568914285715,0.0404059747223176,28.94389806231001,0.6540199519388676,0.0,4.44030336,4.13576928,4.13576928,328080894.0,721857473.8,219277025.32523945,3589.4406,-0.0831958551338127,-0.1097852028639618,-0.026589347730149,-3.011167610913343,0.8381906517840326,-5.241706161102032,0.0,-0.4246174204384988,-1.79579497312104,-0.026589347730149,,,,,-1.6497729065405664,,,,,0.0,,,,,,,,,,,,,,,0.0254328504074205,0.1,259407648.0,67692400,48,3.832153210700167,2025-04-08,3.684462070272461,3.61511424,3.69370368,3.56599584,0.00552078218277674,-0.038539988436610995,-0.013404825737265313
2025-04-08,3.64458528,3.69370368,3.56599584,3.61511424,72292875.0,0.0,0.0,4.06291937356474,3.973798079496546,0.1403382857142858,0.0388198757763868,27.65999120996756,0.7928702280798857,0.384615384612374,4.35189024,4.13576928,4.13576928,255788019.0,700266445.5,241699459.759659,3650.759,-0.0608510429434722,-0.1175059952038368,-0.0566549522603646,-3.190897845747052,0.6350461929469513,-5.249999999962587,0.384615384612374,-0.2320957175486172,-1.838971534905292,-0.0566549522603646,,,,,-0.3670219814764275,,,,,1.0,,,,,,,,,,,,,,,0.0262351589429265,0.1,266360448.0,72292900,48,3.684462070272461,2025-04-09,3.5918599771643493,3.67405632,3.69370368,3.35969856,-0.006432511199328195,-0.025133137848061482,0.016304347826086918
2025-04-09,3.55617216,3.69370368,3.35969856,3.67405632,74630733.0,0.0,0.0,4.025884797034765,3.963970480824528,0.1557754971428573,0.0423987776928838,31.582036199242708,0.9027720228172246,0.9411764705854176,4.35189024,4.11612192,4.11612192,330418752.0,670165135.15,248307395.5325012,3686.7943,-0.0516733857053869,-0.1009615384615383,-0.0492881527561513,-2.2585610926335504,0.3974586333886618,-4.351351351323416,0.9411764705854176,-0.1022852238662727,-1.368249151103235,-0.0492881527561513,,,,,1.4596413477417265,,,,,0.0,,,,,,,,,,,,,,,0.0267504519752997,0.1,267396016.0,74445000,48,3.5918599771643493,2025-04-10,3.800792651787063,3.69370368,3.79194048,3.68388,0.03449493441272633,0.058168379600270104,0.005347593582887722
2025-04-10,3.7329984,3.79194048,3.68388,3.69370368,55938400.0,0.0,0.0,3.994248500174311,3.955109274240117,0.1522670400000001,0.041223404255308,32.888196124148834,0.7189564576770718,0.0909090909082514,4.29294816,4.10629824,4.10629824,386357152.0,650521090.65,254368193.38581645,3735.1151,-0.0384283919480912,-0.0939759036144578,-0.0555475116663666,-1.9738008972416945,0.2570433229275158,-3.935483870941892,0.0909090909082514,-0.3299544826539045,-1.0385101027522168,-0.0555475116663666,,,,,-1.3318218871555736,,,,,0.0,,,,,,,,,,,,,,,0.027265745007673,0.1,211365120.0,55610800,48,3.800792651787063,2025-04-11,3.7677083167664467,3.70352736,3.7329984,3.6347616,0.02003534749339897,-0.008704588240313615,0.0026595744680850686
2025-04-11,3.66423264,3.7329984,3.6347616,3.70352736,35212900.0,0.0,0.0,3.9665607725386622,3.946860686887982,0.1473552000000001,0.0397877984084773,33.57106635199254,0.4952241230061008,0.6999999999928721,4.18488768,3.93929568,3.9665607725386622,421570052.0,624177033.4,249383199.0039273,3750.5167,-0.0287418366639272,-0.0893719806763285,-0.0606301440124013,-1.7850297277386684,0.1336911466344346,-3.266666666644496,0.6999999999928721,-0.7027448451348527,-0.8124323619603954,-0.0606301440124013,,,,,0.6687452456708816,,,-1.2683645629837306,,1.0,,,,,,,,,,,,,,,0.0274334747119295,0.1,132664024.0,35210800,48,3.7677083167664467,2025-04-14,3.8533028648354675,3.76246944,3.82141152,3.75264576,0.04044131182966826,0.022717933786997824,0.01591511936339529
2025-04-14,3.79194048,3.82141152,3.75264576,3.76246944,41004100.0,0.0,0.0,3.947123502773075,3.940815072235917,0.1445484342857144,0.0384185005594825,37.66912725108419,0.6153025826278533,0.1428571428550626,4.15541664,3.82141152,3.947123502773075,462574152.0,606397817.5,247588800.4413421,3759.1422,0.0472780076093193,0.0268096514745308,-0.0204683561347884,-1.277454603256446,0.0436423304637478,-2.7184466019229414,0.1428571428550626,-0.4856411278971044,-0.5808972992462729,-0.0204683561347884,,,,,-1.1549600195801315,,,-0.4712059160168241,,0.0,,,,,,,,,,,,,,,0.0276012044161861,0.1,158001216.0,41004100,48,3.8533028648354675,2025-04-15,3.775653662954411,3.71335104,3.76246944,3.67405632,0.0035041408746727676,-0.020151336296367672,-0.01305483028720622
2025-04-15,3.76246944,3.76246944,3.67405632,3.71335104,32352301.0,0.0,0.0,3.924859458699449,3.933357235113428,0.1410399771428572,0.0379818594104206,35.693031434513486,0.5299119403701564,0.4444444444394186,4.13576928,3.82141152,3.924859458699449,430221851.0,579795046.8,236245415.1852076,3761.2348,0.0302610498255295,0.0271739130434782,-0.0030871367820513,-1.499634521946326,-0.0602508351608077,-2.9950248756006514,0.4444444444394186,-0.6350444364854384,-0.63312634314084,-0.0030871367820513,,,,,-0.1579172492744378,,,-0.1250430444110859,,0.0,,,,,,,,,,,,,,,0.0281433073752624,0.1,122151080.0,32352300,48,3.775653662954411,2025-04-16,3.7199544660254458,3.67405632,3.72317472,3.60529056,0.0017782929635021816,-0.014752199725167947,-0.010582010582010581
2025-04-16,3.71335104,3.72317472,3.60529056,3.67405632,33953641.0,0.0,0.0,3.900973445489978,3.9248555657654474,0.1403382857142858,0.038197097020616,34.14961567199866,0.6077858090471081,0.5833333333283869,4.13576928,3.82141152,3.900973445489978,396268210.0,544609175.45,206707627.18881908,3772.8204,0.0233335773574347,0.0,-0.0233335773574347,-1.61692958078696,-0.1701753741236371,-3.289999999976553,0.5833333333283869,-0.4979327468353445,-0.7176366323168935,-0.0233335773574347,,,,,0.3016093874829792,,,-0.5248957713689923,,0.0,,,,,,,,,,,,,,,0.0286854103343387,0.1,125812208.0,33820900,48,3.7199544660254458,2025-04-17,3.74578336166902,3.68388,3.70352736,3.61511424,0.019522575437553424,0.006943336505720987,0.002673796791443861
2025-04-17,3.65440896,3.70352736,3.61511424,3.68388,28015750.0,0.0,0.0,3.880297879252837,3.916954727543629,0.1347247542857143,0.0365714285714186,34.907417573229154,0.5276562230418314,0.77777777776898,4.11612192,3.82141152,3.880297879252837,424283960.0,514994661.6,177305895.60113233,3772.2221,0.0099346336074088,-0.0026595744680851,-0.012594208075494,-1.457919743797272,-0.2720869559931086,-3.208333333309521,0.77777777776898,-0.6393103000525964,-0.5116056704852217,-0.012594208075494,,,,,0.9396518499774268,,,-0.3060453404164152,,0.0,,,,,,,,,,,,,,,0.0300990076881741,0.1,103991936.0,27762400,48,3.74578336166902,2025-04-18,3.7481645035034914,3.70352736,3.72317472,3.64458528,0.01745021648465528,0.0006356859445844076,0.005333333333333412
2025-04-18,3.67405632,3.72317472,3.64458528,3.70352736,25217712.0,0.0,0.0,3.863462591704948,3.909957108935641,0.1347247542857143,0.0363774156877507,36.481800015731736,0.5039736355825926,0.7499999999904566,4.10629824,3.82141152,3.863462591704948,449501672.0,490958860.75,149845318.0870026,3772.523,0.0058675381981367,0.0,-0.0058675381981367,-1.1871257999445448,-0.3451074561379099,-2.9895833333111432,0.7499999999904566,-0.6852313226310015,-0.2766665604188533,-0.0058675381981367,,,,,0.8362234365188689,,,-0.1683098004722138,,1.0,,,,,,,,,,,,,,,0.0315126050420095,0.1,94520088.0,25217700,48,3.7481645035034914,2025-04-21,3.798910715495562,3.75264576,3.76246944,3.69370368,0.02575473223871705,0.01353895004998762,0.01326259946949615
2025-04-21,3.70352736,3.76246944,3.69370368,3.75264576,25091681.0,0.0,0.0,3.852908607733048,3.9047993597902098,0.13261968,0.0353403141361162,40.36512503828244,0.5358148315883661,0.8571428571303952,3.93929568,3.76246944,3.852908607733048,474593353.0,472640972.95,126517734.4864461,3784.8806,0.0068468811847555,-0.0026109660574411,-0.0094578472421966,-0.7560178680290286,-0.3912749002016168,-1.407407407396793,0.8571428571303952,-0.6239666410521219,0.0154316709663274,-0.0094578472421966,,,,,1.175801582825448,,,-0.239712483127178,,0.0,,,,,,,,,,,,,,,0.0324538906471606,0.1,95321128.0,25091700,48,3.798910715495562,2025-04-22,3.8049397979276285,3.75264576,3.77229312,3.71335104,0.013935244963710236,0.0015870555755559401,0.0
2025-04-22,3.74282208,3.77229312,3.71335104,3.75264576,24909615.0,0.0,0.0,3.843359765091805,3.8998107171741374,0.13261968,0.0353403141361162,40.36512503822833,0.5550934762390799,0.6666666666553561,3.82141152,3.77229312,3.843359765091805,474593353.0,457522950.15,105584364.40285474,3783.9522,0.0060398781804316,0.0105820105820106,0.004542132401579,-0.684016166311978,-0.4256604455832368,-0.5185185185146068,0.6666666666553561,-0.5886187537617111,0.1616754805178188,0.004542132401579,,,,,0.5331484506786636,,,0.0479942720620229,,0.0,,,,,,,,,,,,,,,0.0333951762523117,0.1,94298584.0,24783200,48,3.8049397979276285,2025-04-23,3.8205098077935755,3.76246944,3.77229312,3.7329984,0.01808432027263218,0.004092051567919031,0.002617801047120283
2025-04-23,3.74282208,3.77229312,3.7329984,3.76246944,24307200.0,0.0,0.0,3.835655924606872,3.895307724479903,0.1305146057142857,0.0346885490488531,41.19897860594261,0.5650251095945771,0.7499999999809078,3.82141152,3.77229312,3.835655924606872,498900553.0,446690597.45,88246740.81851533,3786.8824,0.0037271851053393,0.0240641711229945,0.0203369860176552,-0.5607532138320684,-0.4570507610708365,-0.4516129032223462,0.7499999999809078,-0.5708851070628884,0.5916360770464361,0.0203369860176552,0.5333333333333333,-0.5258843059722398,-1.4832550227588344,0.7751313969872664,0.8043655105858909,,,0.3722868937308926,,0.0,,,,,,,,,,,,,,,0.0336920670771524,0.1,92865896.0,24307200,48,3.8205098077935755,2025-04-24,3.8149961222727873,3.72317472,3.79194048,3.71335104,0.013960693398425983,-0.0014431805696560884,-0.010443864229765065
2025-04-24,3.76246944,3.79194048,3.71335104,3.72317472,27555579.0,0.0,0.0,3.824943428930027,3.889664019414988,0.1298129142857143,0.0348661892197418,38.85842116400681,0.6696608964735207,0.1249999999984066,3.82141152,3.79194048,3.824943428930027,471344974.0,437729369.65,75227951.04662767,3784.3574,0.0032170163045277,0.0106666666666666,0.0074496503621388,-0.7839644421297959,-0.4985681959347637,-0.7567567567509272,0.1249999999984066,-0.4009838193878344,0.4468499258894404,0.0074496503621388,0.5409836065573771,-0.6748435119356765,-1.5163292086120628,0.5606461221936068,-1.2805393867504795,,,0.102646723708224,,0.0,,,,,,,,,,,,,,,0.0343387534754231,0.1,104285208.0,27335600,48,3.8149961222727873,2025-04-25,3.7853508424005287,3.72317472,3.75264576,3.68388,0.016699759500013123,-0.007770723461338003,0.0
2025-04-25,3.71335104,3.75264576,3.68388,3.72317472,28571979.0,0.0,0.0,3.815251170936691,3.884205353860398,0.1059554057142857,0.0284583490388163,38.85842116394632,0.7221529013424662,0.5714285714202597,3.82141152,3.79194048,3.815251170936691,471344974.0,431780297.7,67201642.25999412,3786.9937,0.0038358149174968,0.0053050397877985,0.0014692248703016,-0.8690113573262235,-0.6507849454042467,-0.9271523178720444,0.5714285714202597,-0.3255183877978527,0.5887456759900241,0.0014692248703016,0.4516129032258064,-0.7258831297415079,-1.7324394630468607,0.4393565341288705,0.2170647674403212,,,-0.022867490160704,,0.0,,,,,,,,,,,,,,,0.0343387534754231,0.1,105934936.0,27985500,48,3.7853508424005287,2025-04-28,3.718818513153591,3.65440896,3.72317472,3.62493792,-0.0011700248239784328,-0.01757626492680542,-0.01846965699208436
2025-04-28,3.71335104,3.72317472,3.62493792,3.65440896,34241600.0,0.0,0.0,3.799932865133196,3.876671045864975,0.1038503314285714,0.0284178187403916,34.84113669567876,0.873593186520136,0.2999999999969484,3.82141152,3.79194048,3.799932865133196,437103374.0,426199948.6,61666078.65532772,3781.6188,-0.0008617973312023,-0.0261780104712041,-0.0253162131400017,-1.401284936985365,-0.7389305327717751,-1.6081081080926216,0.2999999999969484,-0.1351404733349424,0.1768139897615812,-0.0253162131400017,0.4444444444444444,-1.0845152628689716,-1.8229534575287532,-0.0310360395194906,-0.6933998425113008,,,-0.5842310123587057,,0.0,,,,,,,,,,,,,,,0.0343387534754231,0.1,127338296.0,34241600,48,3.718818513153591,2025-04-29,3.7395940472961073,3.67405632,3.69370368,3.62493792,0.023310222864631802,0.005586595331025901,0.005376344086021501
2025-04-29,3.64458528,3.69370368,3.62493792,3.67405632,21012300.0,0.0,0.0,3.787944622739559,3.87002794009891,0.0849046628571428,0.0231092436974727,36.849941914581805,0.5499114468612377,0.7142857142753279,3.79194048,3.79194048,3.79194048,458115674.0,423706772.0,59270799.35779433,3775.0767,-0.0023455634561134,-0.0209424083769633,-0.0185968449208498,-1.341366880283607,-0.9667704292813092,-1.388429752049763,0.7142857142753279,-0.5979980194252712,0.5805371679279554,-0.0185968449208498,0.28125,-1.0252126116758726,-2.122017577203452,0.1210417964690458,0.7045512052757793,,,-0.4376737342316977,,0.0,,,,,,,,,,,,,,,0.0343387534754231,0.1,78577472.0,21012300,48,3.7395940472961073,2025-04-30,3.7568229651241567,3.68388,3.72317472,3.66423264,0.022527320736378087,0.004607162598439407,0.002673796791443861
2025-04-30,3.66423264,3.72317472,3.66423264,3.68388,22141387.0,0.0,0.0,3.778033706288172,3.863924728948126,0.0806945142857142,0.0219047619047559,37.8811409231566,0.591696855223328,0.333333333327678,3.79194048,3.79194048,3.79194048,480257061.0,424217914.75,59710565.161024846,3770.5705,-0.0043074746657039,-0.02088772845953,-0.0165802537938261,-1.1667919079807136,-1.06439729415529,-1.3391304347660165,0.333333333327678,-0.524760844129688,0.9385130771895404,-0.0165802537938261,0.1692307692307692,-0.8890400504940111,-2.183270208147758,0.1544251230564509,-0.586409368168673,,,-0.3914186514320749,,1.0,,,,,,,,,,,,,,,0.0343387534754231,0.1,83181320.0,22141400,48,3.7568229651241567,2025-05-06,3.837194580573599,3.80176416,3.80176416,3.70352736,0.04161769128570936,0.0213935062140429,0.03200000000000003
2025-05-06,3.70352736,3.80176416,3.70352736,3.80176416,40751300.0,0.0,0.0,3.7802937494988234,3.861886677507204,0.0820978971428571,0.0215946843853763,48.70556734145895,1.0775249769031294,0.9999999999898204,3.79194048,3.80176416,3.80176416,521008361.0,428404985.4,63306600.69887367,3808.5424,0.0063907811667047,0.0211081794195251,0.0147173982528203,0.2615220516982982,-0.9938491830723636,0.1196581196566594,0.9999999999898204,0.0746667231476417,1.4627759914085483,0.0147173982528203,0.106060606060606,0.1233811850786007,-1.988511851448728,1.165068720064076,1.6509431629659013,0.3319867186366075,0.573714335157009,0.2797582866945099,,1.0,,,,,,,,,,,,,,,0.0343387534754231,0.1,156364528.0,40749700,48,3.837194580573599,2025-05-07,3.8719027206174097,3.82141152,3.85088256,3.76246944,0.018448950977908662,0.009045186350342016,0.0051679586563306845
2025-05-07,3.84105888,3.85088256,3.76246944,3.82141152,51866087.0,0.0,0.0,3.784209727641792,3.860559623162705,0.0799928228571428,0.0209327947117095,50.26121078896079,1.3528644311150249,0.6666666666591246,3.80176416,3.85088256,3.85088256,572874448.0,437260041.95,70140171.49687618,3831.627,0.0117859451416568,0.0263852242744062,0.0145992791327493,0.4650641273677844,-0.9544593226358604,0.2456140350846488,0.6666666666591246,0.3022241454359946,1.933476966990876,0.0145992791327493,0.044776119402985,0.2667247996460404,-1.8602606275157043,1.2301735322213938,0.5208236999374302,0.7236520799062994,0.93056583078114,0.2752063218215622,,1.0,,,,,,,,,,,,,,,0.0343387534754231,0.1,199073104.0,51414800,48,3.8719027206174097,2025-05-08,3.9123777202119308,3.84105888,3.87052992,3.7821168,0.023804345524119475,0.010453516659650663,0.005141388174807249
2025-05-08,3.80176416,3.87052992,3.7821168,3.84105888,33237309.0,0.0,0.0,3.789623932628288,3.85992025453442,0.0799928228571429,0.0208257215929796,51.83433171123117,0.9077456526554571,0.6666666666591246,3.85088256,3.87052992,3.87052992,606111757.0,451161585.1,74538121.26738785,3852.8963,0.0188484095752854,0.0510752688172042,0.0322268592419188,0.6429945279331505,-0.878782863192527,-0.1228070175423271,0.6666666666591246,-0.0967910578421429,2.078804365676899,0.0322268592419188,0.0441176470588235,0.3914466875744118,-1.6912958131944145,0.9575611362261368,0.5167342432999529,0.0178482980041916,1.0278713487011677,0.6529317212275878,,0.0,,,,,,,,,,,,,,,0.0343387534754231,0.1,130036872.0,33237300,48,3.9123777202119308,2025-05-09,3.8745392532777707,3.79194048,3.84105888,3.79194048,0.008716443648416838,-0.00967147592592632,-0.012787723785166238
2025-05-09,3.84105888,3.84105888,3.79194048,3.79194048,23133087.0,0.0,0.0,3.7898445561874983,3.857691409467717,0.0750809828571428,0.0198001480384847,47.7669140069126,0.6772529544807495,0.0,3.87052992,3.87052992,3.87052992,582978670.0,467521117.65,65180847.60006159,3846.1566,0.0188287300228893,0.0320855614973261,0.0132568314744367,0.0279155084645249,-0.9036489760450708,-1.0467289719486752,0.0,-0.3897104355594868,1.771341683962559,0.0132568314744367,0.0289855072463768,-0.0537078633532841,-1.681132474285355,0.30569964529786,-1.7130935245385086,-0.499380261719244,0.7751253064532834,0.236551952513049,,1.0,,,,,,,,,,,,,,,0.0343387534754231,0.1,89630104.0,23133100,48,3.8745392532777707,2025-05-12,3.8822176168765274,3.8312352,3.8312352,3.79194048,0.02380763552399623,0.0019817488214273205,0.010362694300518172
2025-05-12,3.81158784,3.8312352,3.79194048,3.8312352,21408909.0,0.0,0.0,3.79378652226488,3.856823992763857,0.0715725257142857,0.0186813186813138,51.07450049876813,0.6797311588816075,0.9999999999745514,3.87052992,3.87052992,3.87052992,604387579.0,481219559.0,63699796.52420648,3890.6096,0.0318357924881658,0.04,0.0081642075118342,0.5232269975226266,-0.8807495595410321,-0.5490196078354662,0.9999999999745514,-0.386057913571085,1.933570069618591,0.0081642075118342,0.0142857142857142,0.3052931278010334,-1.60363835497518,0.6511268188404032,1.617454423503401,-0.4880384108345987,0.8908361441653262,0.123710199782997,,1.0,,,,,,,,,,,,,,,0.0343387534754231,0.1,81488136.0,20990100,48,3.8822176168765274,2025-05-13,3.9009487951807227,3.81158784,3.89017728,3.80176416,0.018196114710139044,0.004824865618755725,-0.00512820512820511
2025-05-13,3.8803536,3.89017728,3.80176416,3.81158784,22594076.0,0.0,0.0,3.795481885858701,3.855340840214222,0.0722742171428572,0.0189617083946931,49.39041968303197,0.757455238754132,0.1111111111098566,3.87052992,3.89017728,3.89017728,581793503.0,490991376.55,63387599.39048724,3896.2583,0.023031357088213,0.0025839793281654,-0.0204473777600475,0.2228450860870761,-0.8282200308911766,-0.8155339805712398,0.1111111111098566,-0.2777908340981613,1.432490381764275,-0.0204473777600475,0.028169014084507,0.0840778142372991,-1.4894603628288892,0.4578277960954668,-1.3229810725456683,-0.2902307645261355,0.4887161486156204,-0.5056376193189337,,1.0,,,,,,,,,,,,,,,0.0343387534754231,0.1,88067820.0,22576000,48,3.9009487951807227,2025-05-14,3.886352770084234,3.84105888,3.85088256,3.79194048,0.019615166492984226,-0.0037416602634007257,0.0077319587628865705
2025-05-14,3.80176416,3.85088256,3.79194048,3.84105888,24479394.0,0.0,0.0,3.799822551967397,3.854872579223592,0.0715725257142857,0.0186335403726659,51.94977267905312,0.8356952336371111,0.8333333333191915,3.89017728,3.89017728,3.89017728,606272897.0,500226518.8,66001707.07535173,3943.2108,0.0291217803820673,0.0051413881748072,-0.0239803922072601,0.5761474479277247,-0.7691502668940752,-0.6862745097943356,0.8333333333191915,-0.1794912854287148,1.606721748559181,-0.0239803922072601,0.0138888888888888,0.3427002762693387,-1.3728143623826472,0.5451980296702394,1.0594719648913609,-0.1107379931144659,0.6210856861069183,-0.5793261859825275,,0.0,,,,,,,,,,,,,,,0.0343387534754231,0.1,95135584.0,24479400,48,3.886352770084234,2025-05-15,3.8767649740395598,3.81158784,3.84105888,3.7821168,0.009295898645417244,-0.0024670421374194396,-0.007672634271099654
2025-05-15,3.82141152,3.84105888,3.7821168,3.81158784,20839405.0,0.0,0.0,3.800943055589549,3.8534534074457687,0.0715725257142857,0.0187776141384339,49.26668140786308,0.7367908890560787,0.4999999999915209,3.89017728,3.89017728,3.89017728,585433492.0,506369485.8,67901514.49791557,3907.1992,0.0140940466007351,-0.0076726342710996,-0.0217666808718347,0.1487272428081646,-0.7336663242136344,-1.098039215670932,0.4999999999915209,-0.3054511596765621,1.164392381887551,-0.0217666808718347,0.0410958904109589,0.0244429202037249,-1.2956709286003465,0.2477491464627935,-0.0451835327352005,-0.3385179585649319,0.2644300959542823,-0.5256892507681059,,0.0,,,,,,,,,,,,,,,0.0343387534754231,0.1,80789456.0,20839400,48,3.8767649740395598,2025-05-16,3.8965513649258243,3.82141152,3.85088256,3.80176416,0.022290847933291724,0.005103840707074703,0.002577319587628857
2025-05-16,3.81158784,3.85088256,3.80176416,3.82141152,21687689.0,0.0,0.0,3.8028924331524494,3.8524028537590222,0.0722742171428572,0.0189129636430358,50.1901673861966,0.7815162345857964,0.3999999999918546,3.89017728,3.89017728,3.89017728,607121181.0,515214452.3,68920275.16432661,3889.0854,0.0111614800083803,0.0077720207253886,-0.0033894592829917,0.2562336553668837,-0.6850357231545726,-0.9514563106664492,0.3999999999918546,-0.2465193557141141,1.3335223703165255,-0.0033894592829917,0.054054054054054,0.1042833810967975,-1.203390464587604,0.3509776858012179,-0.3761081492953676,-0.2281091376058125,0.3975067424042039,-0.1126687917132022,,1.0,,,,,,,,,,,,,,,0.0343387534754231,0.1,83787544.0,21503000,48,3.8965513649258243,2025-05-19,3.918369100058,3.8803536,3.8803536,3.79194048,0.025372190236659042,0.005599242275763139,0.015424164524421524
2025-05-19,3.84105888,3.8803536,3.79194048,3.8803536,31901200.0,0.0,0.0,3.8102696871379305,3.853319271668562,0.0729759085714286,0.0188065099457456,55.43214001671021,1.1538271116851906,0.9999999999886894,3.89017728,3.89017728,3.89017728,639022381.0,527352160.85,68276570.59684865,3877.1453,-0.0034607173127829,0.0128205128205127,0.0162812301332957,0.960370541909883,-0.5899150195287399,-0.1346153846135428,0.9999999999886894,0.1430843402983257,1.6355569586143537,0.0162812301332957,0.0533333333333333,0.6295482618323228,-1.048288187783619,0.9329113310494188,1.6009055439974809,0.4905984077176796,0.6362251161093831,0.3291315596032542,,0.0,,,,,,,,,,,,,,,0.0343387534754231,0.1,124982260.0,31896500,48,3.918369100058,2025-05-20,3.926154833362298,3.87052992,3.8803536,3.84105888,0.011803365900029839,0.0019869831313703568,-0.0025316455696201556
2025-05-20,3.87052992,3.8803536,3.84105888,3.87052992,22440900.0,0.0,0.0,3.816008756934318,3.853883555220413,0.0708708342857143,0.0183103698332077,54.40448393933413,0.819926020757228,0.7499999999809192,3.89017728,3.8803536,3.8803536,616581481.0,536967036.9,66604692.990872346,3898.1705,0.0004907785502825,0.0154639175257731,0.0149731389754905,0.7693032488528613,-0.5344200991464079,-0.2772277227683652,0.7499999999809192,-0.1985411613825262,1.195327844404456,0.0149731389754905,0.0131578947368421,0.4808802546375116,-0.9543748421594352,0.8199856861518731,0.764033387036432,-0.1459611700657653,0.2750124428186589,0.2974980850428035,,0.0,,,,,,,,,,,,,,,0.0343387534754231,0.1,88106448.0,22440900,48,3.926154833362298,2025-05-21,3.9169930734353695,3.85088256,3.89017728,3.8312352,0.012004339042900103,-0.0023335197708141964,-0.005076142131979711
2025-05-21,3.8803536,3.89017728,3.8312352,3.85088256,20313085.0,0.0,0.0,3.8193300715120015,3.853785161934497,0.0680640685714286,0.017674927113698,52.3155180018706,0.7488918811585781,0.333333333327678,3.89017728,3.89017728,3.89017728,596268396.0,544305373.1,64619323.788824834,3916.3807,-0.0068041252067984,0.0025575447570334,0.0093616699638318,0.4635704146075656,-0.5062155575644308,-0.5773195876203835,0.333333333327678,-0.2891606568076415,0.804140616974181,0.0093616699638318,0.0129870129870129,0.2464075628315838,-0.9020239605469794,0.5958885425203639,-0.6176896744404353,-0.3138389546098912,-0.0458618745528727,0.168421687275096,,0.0,,,,,,,,,,,,,,,0.0343387534754231,0.1,79566272.0,20313100,48,3.9169930734353695,2025-05-22,3.8866961079758187,3.79194048,3.87052992,3.7821168,0.009300088335028045,-0.007734750838601645,-0.015306122448979553
2025-05-22,3.8312352,3.87052992,3.7821168,3.79194048,27500100.0,0.0,0.0,3.816721538987049,3.8517574674448416,0.0694674514285714,0.0183197631384111,46.54191580403375,1.0093776328430144,0.1111111111098566,3.89017728,3.89017728,3.89017728,568768296.0,549014120.25,62772750.05702537,3913.8651,0.0017060558366208,-0.0051546391752577,-0.0068606950118785,-0.3567290648653328,-0.5043502782495658,-1.4141414141210562,0.1111111111098566,0.0093339358148465,0.3146934893254555,-0.0068606950118785,0.0384615384615384,-0.3791288230104706,-0.8888945621977907,-0.0166573188904485,-1.3386915972777669,0.2489694490355021,-0.4468285598844978,-0.2026530260485069,,0.0,,,,,,,,,,,,,,,0.0343387534754231,0.1,106404136.0,27376500,48,3.8866961079758187,2025-05-23,3.865742627250183,3.77229312,3.8312352,3.76246944,0.019462897067989537,-0.005391077702894598,-0.005181347150259086
2025-05-23,3.79194048,3.8312352,3.76246944,3.77229312,22664973.0,0.0,0.0,3.8124902609882825,3.849152079004027,0.0701691428571429,0.0186011904761855,44.76833610212238,0.8353478284051399,0.1428571428550681,3.89017728,3.89017728,3.89017728,546103323.0,552589618.75,60424623.021793656,3882.2741,-0.0017513886426869,-0.0128534704370179,-0.0111020817943309,-0.5728606528591457,-0.5224777804377873,-1.6799999999760562,0.1428571428550681,-0.1799070799044738,-0.1073452414864144,-0.0111020817943309,0.050632911392405,-0.5411182498686711,-0.905052373473286,-0.2111471311705851,-1.216434888396568,-0.1105995707454456,-0.7888633624669942,-0.298655308122711,,1.0,,,,,,,,,,,,,,,0.0343387534754231,0.1,86671496.0,22420400,48,3.865742627250183,2025-05-26,3.879251233146991,3.82141152,3.84105888,3.75264576,0.02835360608111781,0.0034944400596108594,0.01302083333333326
2025-05-26,3.77229312,3.84105888,3.75264576,3.82141152,24601900.0,0.0,0.0,3.813339904703685,3.848242552479305,0.0680640685714286,0.0178112376055774,49.90762217845171,0.90624369690111,0.77777777776898,3.89017728,3.89017728,3.89017728,570705223.0,556179852.25,59249711.03349868,3860.1067,-0.0043946250866585,-0.0151898734177214,-0.0107952483310629,0.1185884926600617,-0.5127910879802859,-1.0103092783356744,0.77777777776898,-0.0984470279810423,0.2451551323480316,-0.0107952483310629,0.025,-0.0061052196911524,-0.8807948124662452,0.2833973095701749,0.8797759926231797,0.0452634262685407,-0.4908211550869446,-0.2897352811581168,,0.0,,,,,,,,,,,,,,,0.0343387534754231,0.1,94374424.0,24328000,48,3.879251233146991,2025-05-27,3.860207844033837,3.80176416,3.8312352,3.77229312,0.010152354393341279,-0.004909037329274835,-0.005141388174807249
2025-05-27,3.8312352,3.8312352,3.77229312,3.80176416,19245207.0,0.0,0.0,3.812237452827143,3.846718670758672,0.0659589942857143,0.0173495754891058,47.98427247194645,0.7199423554023817,0.4999999999915133,3.89017728,3.89017728,3.89017728,551460016.0,560185604.35,55997751.936958745,3839.3969,-0.0150772266118169,-0.017766497461929,-0.002689270850112,-0.1587849078113175,-0.5227674906873788,-1.340425531894574,0.4999999999915133,-0.3285841321183008,-0.1558203329273491,-0.002689270850112,0.0123456790123456,-0.2206209102504613,-0.885639878053486,0.0370146901705685,-0.041903846862177,-0.395865108452902,-0.8175860130861917,-0.1001061839510737,,0.0,,,,,,,,,,,,,,,0.0343387534754231,0.1,74290472.0,19245200,48,3.860207844033837,2025-05-28,3.8761051935227173,3.80176416,3.8312352,3.7821168,0.019554351715156848,0.004118262573205911,0.0
2025-05-28,3.81158784,3.8312352,3.7821168,3.80176416,20860604.0,0.0,0.0,3.8112399963674153,3.845244752373141,0.0631522285714286,0.0166112956810587,47.98427247184509,0.7917932031463599,0.3999999999918546,3.89017728,3.87052992,3.87052992,551460016.0,564191356.45,52238645.52857329,3836.2366,-0.0204638175241748,-0.0127551020408164,0.0077087154833583,-0.1500475372226604,-0.5384569440289229,-1.399999999977834,0.3999999999918546,-0.2334550284005495,-0.2437149799957257,0.0077087154833583,0.0121951219512195,-0.2124111456663542,-0.8988136714178999,-0.0076364950393289,-0.3733071098355788,-0.2097479700309745,-0.8809241352871889,0.142949443856974,,1.0,,,,,,,,,,,,,,,0.0343387534754231,0.1,80857880.0,20860600,48,3.8761051935227173,2025-05-29,3.8954576430501704,3.84105888,3.84105888,3.7821168,0.024644738365404262,0.004992756532973486,0.010335917312661591
2025-05-29,3.79194048,3.84105888,3.7821168,3.84105888,24681916.0,0.0,0.0,3.814079890046709,3.8451075106559887,0.06385392,0.0166240409207117,52.25244419489244,0.9541470735391664,0.9999999999830342,3.89017728,3.84105888,3.84105888,576141932.0,571143284.35,43360348.635260895,3858.6998,-0.014094839395461,0.0129533678756477,0.0270482072711087,0.4225110995983972,-0.4859156745395349,-0.7692307692187255,0.9999999999830342,-0.0469374542806792,0.1152815373337438,0.0270482072711087,0.0240963855421686,0.2371241015768806,-0.8126179444880998,0.4650904456693102,1.6069462269093322,0.1535815680110085,-0.5739844733011698,0.5945525455676518,,0.0,,,,,,,,,,,,,,,0.0343387534754231,0.1,96147296.0,24681900,48,3.8954576430501704,2025-05-30,3.8625020188789327,3.79194048,3.8312352,3.77229312,0.005582611344643773,-0.008460013480067863,-0.012787723785166238
2025-05-30,3.8312352,3.8312352,3.77229312,3.79194048,26235505.0,0.0,0.0,3.811971374804165,3.8433643293230055,0.0659589942857143,0.0173945225758651,47.054807665420455,1.0040683734399516,0.333333333327678,3.89017728,3.84105888,3.84105888,549906427.0,575732822.0,35253994.78589974,3840.2323,-0.0108291683990061,0.0052083333333332,0.0160375017323394,-0.3036870865115644,-0.4759465309974192,-1.489361702105079,0.333333333327678,0.0040601199865755,-0.7325806665839065,0.0160375017323394,0.0476190476190476,-0.336003140363967,-0.7900485198221211,-0.0806374899776653,-0.6043034442597823,0.2521060901065957,-1.268403640853552,0.3319455376531806,,1.0,,,,,,,,,,,,,,,0.0343387534754231,0.1,99964256.0,25880700,48,3.8625020188789327,2025-06-03,3.8758635214460706,3.81158784,3.82141152,3.7821168,0.022131951144462647,0.003459286882396384,0.005181347150259086
2025-06-03,3.80176416,3.82141152,3.7821168,3.81158784,22980865.0,0.0,0.0,3.811934847679959,3.8423224772140543,0.0624505371428571,0.0163843888070649,49.23025681934293,0.8780983091911589,0.7499999999809192,3.89017728,3.84105888,3.84105888,572887292.0,580364333.55,27677013.102013968,3852.0127,-0.0020968332300242,-0.0025706940874035,-0.0004738608573792,-0.0055565203412044,-0.4865871603969745,-1.2584269662719838,0.7499999999809192,-0.1299967221491207,-0.2701534852204074,-0.0004738608573792,0.0117647058823529,-0.0979468077485184,-0.7981026781041125,0.0950014503180966,0.778498601866084,-0.0129627966140223,-0.8695684470906923,-0.0603968201768297,,1.0,,,,,,,,,,,,,,,0.0343387534754231,0.1,89070832.0,22980900,48,3.8758635214460706,2025-06-04,3.9081653096254567,3.85088256,3.85088256,3.80176416,0.02533785752277362,0.008334088133045148,0.010309278350515427
2025-06-04,3.81158784,3.85088256,3.80176416,3.85088256,23028111.0,0.0,0.0,3.815644153615201,3.842603135666052,0.0617488457142857,0.0160349854227363,53.358013812584765,0.910741401505376,0.9999999999796412,3.89017728,3.85088256,3.85088256,595915403.0,584109685.65,24247156.659703363,3868.7429,0.0076433879498105,0.012919896640827,0.0052765086910164,0.5706731190940406,-0.4365908664131883,-0.6363636363533304,0.9999999999796412,-0.0934962842520846,0.4868907936582967,0.0052765086910164,0.0116279069767441,0.3613352156683221,-0.7170651185527421,0.568020645912528,1.5848399004636629,0.0593172689583598,-0.2302373712583303,0.0766825544543538,,0.0,,,,,,,,,,,,,,,0.0343387534754231,0.1,88797424.0,22721000,48,3.9081653096254567,2025-06-05,3.877230625933699,3.80176416,3.85088256,3.7821168,0.006842085034579393,-0.007915397952990455,-0.012755102040816424
2025-06-05,3.8312352,3.85088256,3.7821168,3.80176416,33067425.0,0.0,0.0,3.8143222494613727,3.841264152857329,0.0624505371428572,0.016426725729047,48.09424328965525,1.3582794110827223,0.2857142857101298,3.89017728,3.85088256,3.85088256,562847978.0,583608362.15,24575694.56161208,3877.5557,0.0107707381760551,0.0,-0.0107707381760551,-0.2010885740253087,-0.431411876152393,-1.4157303370559846,0.2857142857101298,0.3062187598743423,-0.8447526924601463,-0.0107707381760551,0.0344827586206896,-0.2585565144288819,-0.7031928786286903,-0.0323267885936784,-0.7764149054140925,0.85076882619896,-1.335283168314109,-0.3072715215287859,,1.0,,,,,,,,,,,,,,,0.0343387534754231,0.1,128209936.0,33067400,48,3.877230625933699,2025-06-06,3.983432707130353,3.90982464,3.9785904,3.80176416,0.04778532793847812,0.02739122106544256,0.028423772609819098
2025-06-06,3.81158784,3.9785904,3.80176416,3.90982464,84200566.0,0.0,0.0,3.823417715226957,3.843512037681679,0.0715725257142857,0.0183058147882221,57.92760275086415,3.130918687526147,0.6111111111076564,3.87052992,3.9785904,3.9785904,647048544.0,585655201.5,27851174.23970207,3873.9841,0.0039609974323475,0.0179028132992327,0.0139418158668851,1.2072638754816185,-0.2807546925849337,0.5490196078354662,0.6111111111076564,1.1413264718780538,2.204335873655313,0.0139418158668851,0.1136363636363636,0.8728355994705853,-0.4736560043393681,1.4635162374867638,0.3026165579423193,2.4185179364480995,1.2169981826069995,0.2879755166909561,,0.0,,,,,,,,,,,,,,,0.0343387534754231,0.1,335407424.0,84200600,48,3.983432707130353,2025-06-09,3.9523721645520955,3.89017728,3.929472,3.87052992,0.010882207891578233,-0.007797431226253426,-0.005025125628140725
2025-06-09,3.90982464,3.929472,3.87052992,3.89017728,44737215.0,0.0,0.0,3.829775769014865,3.8450420456265415,0.0694674514285714,0.0178571428571382,55.855670033967314,1.5992740045161926,0.333333333327678,3.9785904,3.9785904,3.9785904,602311329.0,586621834.45,28076087.074083284,3885.2459,0.0117215825719709,0.0259067357512954,0.0141851531793244,0.8694936944156062,-0.2197615760692432,-1.2727272727089474,0.333333333327678,0.4695497790939547,0.5588205546093618,0.0141851531793244,0.1123595505617977,0.5944302456100051,-0.3792102642600001,0.0608053710683227,-0.6198427036174479,1.0973866488834692,-0.1652543388028779,0.2922322993685757,,0.0,,,,,,,,,,,,,,,0.0343387534754231,0.1,176818064.0,44737200,48,3.9523721645520955,2025-06-10,3.923260166174517,3.85088256,3.89017728,3.81158784,0.00850421042367433,-0.007365702713595046,-0.010101010101010055
2025-06-10,3.8803536,3.89017728,3.81158784,3.85088256,38910930.0,0.0,0.0,3.8317859395848783,3.845233537901081,0.0722742171428572,0.0187682215743391,51.86044701822403,1.3488000453735058,0.4999999999936378,3.9785904,3.9785904,3.9785904,563400399.0,584572475.45,28200132.310465477,3865.4652,0.0034923301265334,0.0103092783505154,0.0068169482239819,0.2642245211333264,-0.1860635624656575,-1.7669902912376831,0.4999999999936378,0.2992153419053598,-0.7507793302850139,0.0068169482239819,0.1888888888888888,0.1013702563990163,-0.3261201384965368,-0.3198448438173884,-0.0618321248063042,0.7593869009259904,-1.2530426123412872,0.1119791045431238,,1.0,,,,,,,,,,,,,,,0.0343387534754231,0.1,152657584.0,38910900,48,3.923260166174517,2025-06-11,3.9869360458300744,3.929472,3.94911936,3.84105888,0.03533046871989631,0.01623034847511695,0.020408163265306145
2025-06-11,3.85088256,3.94911936,3.84105888,3.929472,52035682.0,0.0,0.0,3.841089373910128,3.847995454691209,0.0757826742857143,0.0192857142857093,58.28676629514768,1.7161805616093722,0.818181818174247,3.9785904,3.9785904,3.9785904,615436081.0,586254604.35,28976885.23073089,3894.6252,0.0066901059773187,0.0204081632653061,0.0137180572879873,1.1662642803484,-0.0911300748631928,-0.6481481481395919,0.818181818174247,0.5401012179133678,1.007060504179107,0.0137180572879873,0.2417582417582417,0.8315595791961059,-0.1805026803019337,0.5466995179647359,0.9983439276451008,1.210390851923336,0.2267030263626593,0.2795787151343056,,0.0,,,,,,,,,,,,,,,0.0312236534704046,0.1,207463008.0,52035700,48,3.9869360458300744,2025-06-12,3.9685285832086477,3.90000096,3.929472,3.8803536,0.009939397254554283,-0.004616944543336499,-0.007500000000000062
2025-06-12,3.91964832,3.929472,3.8803536,3.90000096,26800700.0,0.0,0.0,3.8467000011567833,3.849700553225924,0.0729759085714286,0.0187117668225932,55.30521502467993,0.8805389864404777,0.3999999999918546,3.9785904,3.9785904,3.9785904,588635381.0,585372728.55,28620429.33972396,3892.1992,0.0037764770213359,0.0258397932816536,0.0220633162603176,0.7303911645076148,-0.0411170224234088,-1.076923076908319,0.3999999999918546,-0.1272210744105669,0.1139973272683098,0.0220633162603176,0.1847826086956521,0.4711823688669486,-0.1033517925754542,0.2106050957403955,-0.4054993940125997,-0.0844877200696944,-0.5260797249914384,0.4820675860760594,,0.0,,,,,,,,,,,,,,,0.0284380838896039,0.1,106359344.0,26800700,48,3.9685285832086477,2025-06-13,3.8765607213409745,3.88,3.92,3.83,-0.006010316125415915,-0.023174297460474613,-0.005128450019663555
2025-06-13,3.91,3.92,3.83,3.88,40901550.0,0.0,0.0,3.849871429618041,3.85069397771032,0.07449264,0.0191991340206136,53.312074296927705,1.3009479067669123,0.5555555555493816,3.9785904,3.94911936,3.94911936,547733831.0,583487745.5,29772637.779015675,3864.1822,-0.0025301859137728,-0.0076281272809207,-0.0050979413671479,0.4044502971240442,-0.0110420048513183,-1.3234918241409677,0.5555555555493816,0.2630931578116551,-1.2008984479433678,-0.0050979413671479,0.2473118279569892,0.201785624057235,-0.0567436683202067,0.0169261435605459,0.1190658821796235,0.6719094653229353,-1.6106215694441968,-0.1883368205298959,,0.0,,,,,,,,,,,,,,,0.0257635312189321,0.1,158557536.0,40901600,48,3.8765607213409745,2025-06-16,3.8855112162003573,3.89,3.91,3.87,0.001420416546483949,0.0023088751867368362,0.002577319587628857
2025-06-16,3.89,3.91,3.87,3.89,23006850.0,0.0,0.0,3.853693198225847,3.851982699752604,0.07103456,0.0182608123393269,54.20079171286826,0.7302425630418449,0.4999999999875,3.9785904,3.94911936,3.94911936,570740681.0,581668720.5,29381942.19859489,3873.7951,-0.0029472523219187,-4.557118795367465e-05,0.002901681133965,0.5111146148247038,0.0240798066915414,-1.2471450516305371,0.4999999999875,-0.3143785218923419,-0.3719304675687028,0.002901681133965,0.1170212765957446,0.2883536968378086,-0.0023698985517615,0.0767785366677425,-0.06903557816079,-0.4559750271124362,-0.9024744005325952,0.0102995339460779,,0.0,,,,,,,,,,,,,,,0.0225070028011143,0.1,89393568.0,23006900,48,3.8855112162003573,2025-06-17,3.8702965292598,3.87,3.9,3.85,-0.005065159573316214,-0.003915749072379571,-0.005141388174807249
2025-06-17,3.89,3.9,3.85,3.87,21367150.0,0.0,0.0,3.8552462269662415,3.852573430908256,0.07039584,0.018190139534879,52.06612986441296,0.6897287660587861,0.3999999999920018,3.9785904,3.94911936,3.94911936,549373531.0,577186278.0,27034849.383718558,3870.3786,0.0012711018585809,0.004964430803104,0.0036933289445231,0.2095830241325068,0.0379680966652103,-1.5425684244758937,0.3999999999920018,-0.371456851340434,-1.0287738838578449,0.0036933289445231,0.1157894736842105,0.0374706609646754,0.0191398925381741,-0.1568128685034608,-0.4075758734687583,-0.5640519230986829,-1.4314859465358118,0.0299124335961396,,0.0,,,,,,,,,,,,,,,0.0217497231450661,0.1,82697400.0,21367200,48,3.8702965292598,2025-06-18,3.8238007605839943,3.82,3.87,3.79,-0.011937787962792212,-0.01201349000633245,-0.012919896640826933
2025-06-18,3.85,3.87,3.79,3.82,25007050.0,0.0,0.0,3.851889443445648,3.851505449567002,0.0726016685714286,0.0190056724008925,47.0745884180762,0.8038947247265127,0.3749999999953097,3.9785904,3.929472,3.929472,524366481.0,572575528.0,27776276.07191697,3874.9708,-0.0050465446585206,-0.0278592136551679,-0.0228126689966473,-0.4392384372520913,0.0052890503234538,-2.1843905673020125,0.3749999999953097,-0.2182869577713663,-1.7356195220403017,-0.0228126689966473,0.2604166666666667,-0.5014956781502878,-0.0318139957180807,-0.6637523639146486,-0.4902825830648,-0.2599772383544917,-1.968618749686097,-0.6306211972198199,,0.0,,,,,,,,,,,,,,,0.0212637395485429,0.1,95622168.0,25007100,48,3.8238007605839943,2025-06-19,3.750188813547618,3.73,3.82,3.71,-0.018275179699576483,-0.019250989171604727,-0.023560209424083767
2025-06-19,3.82,3.82,3.71,3.73,37650850.0,0.0,0.0,3.840280925022253,3.847521664335297,0.0762486628571429,0.0204420007659845,39.69728883524423,1.1775363371261027,0.1818181818165292,3.9785904,3.92,3.92,486715631.0,567097889.75,32894459.830870356,3843.0912,-0.0126170315229497,-0.0435899790137487,-0.0309729474907989,-1.4463325767092474,-0.0949621808649299,-3.260259140051948,0.1818181818165292,0.1634244059873661,-2.443641244248794,-0.0309729474907989,0.3195876288659793,-1.3271908538143855,-0.188449163673159,-1.4987402474616092,-1.1412989509331026,0.4944432021133985,-2.452180925075109,-0.8291441639949729,,0.0,,,,,,,,,,,,,,,0.0208792581523445,0.1,141197984.0,37650900,48,3.750188813547618,2025-06-20,3.7390781241528868,3.74,3.76,3.71,0.0024338134458141703,-0.0029627013324218243,0.002680965147453085
2025-06-20,3.71,3.76,3.71,3.74,18444985.0,0.0,0.0,3.8307303607344183,3.843996363865287,0.0749082514285714,0.020028944232233,40.80728460944627,0.5851556558296841,0.5999999999880071,3.9785904,3.91,3.91,505160616.0,563917505.75,35547185.9125924,3846.6443,-0.004538579987248,-0.0360824742268039,-0.0315438942395559,-1.2112198456497545,-0.1770966866492731,-3.185101713718704,0.5999999999880071,-0.5358773888015042,-1.6529266168770251,-0.0315438942395559,0.3061224489795918,-1.1176720345134223,-0.3164645802802366,-1.4167612202560709,0.2907273776086471,-0.8909065479299575,-1.777184582317921,-0.8367351270784907,,1.0,,,,,,,,,,,,,,,0.020633861179482,0.1,68967296.0,18445000,48,3.7390781241528868,2025-06-23,3.7552532653711372,3.77,3.78,3.7,0.004078413200838682,0.004325970381246158,0.008021390374331583
2025-06-23,3.72,3.78,3.7,3.77,19120600.0,0.0,0.0,3.82494651685495,3.841570253574621,0.0778157714285714,0.0206407881773344,44.12982635693044,0.6100187383293809,0.8749999999890645,3.94911936,3.9,3.9,524281216.0,562826400.4,36401874.03588428,3857.9016,-0.0041028241271717,-0.0308483290488431,-0.0267455049216713,-0.7061102890264404,-0.213629402038592,-2.3018387752168628,0.8749999999890645,-0.4942656037138302,-1.0588791214980542,-0.0267455049216713,0.3333333333333333,-0.6909424584599674,-0.3723087797391084,-0.7130571892930899,1.2234235217552123,-0.8006975443386167,-1.288255213188825,-0.7106373256292319,,1.0,,,,,,,,,,,,,,,0.0205413944716595,0.1,70726440.0,18834000,48,3.7552532653711372,2025-06-24,3.813068490386429,3.84,3.84,3.77,0.011424002755020979,0.015395825775169847,0.018567639257294433
2025-06-24,3.78,3.84,3.77,3.84,22799600.0,0.0,0.0,3.826380181916384,3.841518769850863,0.0793073142857142,0.020652946428566,51.03604247310844,0.7294899023875953,0.9999999999857142,3.94911936,3.87,3.87,547080816.0,561645180.05,36510183.934566736,3904.0342,0.0086956867733818,-0.0077519379844961,-0.0164476247578779,0.1717347032378053,-0.1908851418136504,-1.3759053749507708,0.9999999999857142,-0.3154097529415586,-0.3989123713017193,-0.0164476247578779,0.34,0.0433358500709757,-0.3341660573427401,0.0205922978033762,1.6258292010001,-0.4402300722452869,-0.761432384640105,-0.4477480602568404,,1.0,,,,,,,,,,,,,,,0.0205413944716595,0.1,86922328.0,22795900,48,3.813068490386429,2025-06-25,3.824449347444,3.86,3.86,3.8,-0.004049649103124997,0.002984697779823353,0.005208333333333259
2025-06-25,3.84,3.86,3.8,3.86,26741004.0,0.0,0.0,3.829582069352919,3.8421247118229656,0.0786811885714285,0.020383727609173,52.830121383833166,0.8454595337774312,0.9999999999833332,3.94911936,3.86,3.86,573821820.0,562763270.25,36523554.79588322,3960.0662,0.021960268707057,0.0104712041884815,-0.0114890645185754,0.3865972438771742,-0.1594109430426418,-1.1326641299776885,0.9999999999833332,-0.1678749724897121,0.3027785715766766,-0.0114890645185754,0.3168316831683168,0.2228492104440884,-0.282229898234736,0.2132066805784076,1.600236617484479,-0.1431675860706269,-0.2058242517101237,-0.3202731699851424,,0.0,,,,,,,,,,,,,,,0.0204128641875788,0.1,102269600.0,26741000,48,3.824449347444,2025-06-26,3.8325299493182143,3.82,3.86,3.81,-0.007116593440877117,0.0021128798266383253,-0.010362694300518172
2025-06-26,3.86,3.86,3.81,3.82,22947100.0,0.0,0.0,3.828669491319307,3.841399311435327,0.0696221714285713,0.0182256993268463,48.965805576383055,0.7231240529678955,0.1999999999959964,3.929472,3.86,3.86,550874720.0,562734005.45,36532833.20548376,3946.0195,0.0267826847304586,0.0241286863270777,-0.0026539984033808,-0.1245219897813326,-0.182841469242266,-1.5723726760050891,0.1999999999959964,-0.3241744906732275,-0.3246199215729019,-0.0026539984033808,0.1176470588235294,-0.2079219350433493,-0.3182013853159157,-0.1379660134511037,-1.0967207844467266,-0.4557930430610229,-0.698627948408047,-0.0946832424431207,,1.0,,,,,,,,,,,,,,,0.020206335920703,0.1,87945448.0,22947100,48,3.8325299493182143,2025-06-27,4.028990631923755,4.05,4.13,3.89,0.05470958950883653,0.05126135612860394,0.060209424083769614
2025-06-27,3.89,4.13,3.89,4.05,147725120.0,0.0,0.0,3.849748587384135,3.8482386782735127,0.0875548799999999,0.0216184888888835,64.87529434945787,3.899258097362774,0.6666666666638883,3.92,4.13,4.13,698599840.0,568856900.85,47022820.83329586,3921.7578,0.0195270199534696,0.0828877005347592,0.0633606805812896,2.287153070320897,0.0172452878766446,1.4847830297810374,0.6666666666638883,1.3607863035938617,2.7591483635139933,0.0633606805812896,0.4271844660194174,1.8010276801691707,0.005171003769315,2.2509349402213994,0.4786859314772612,2.8198572018731283,1.7207864913289883,1.57016420018946,,0.0,,,,,,,,,,,,,,,0.020206335920703,0.1,595183044.0,147725100,48,4.028990631923755,2025-06-30,4.000280952070238,3.99,4.08,3.96,-0.01227630813080538,-0.007125774784889294,-0.014814814814814725
2025-06-30,4.04,4.08,3.96,3.99,68965530.0,0.0,0.0,3.8631058647761214,3.8528865904612655,0.0905127771428571,0.0226849065520888,59.65107577711457,1.7231928999131343,0.2499999999979185,4.13,4.13,4.13,629634310.0,572843295.0,48600339.41232753,3936.0791,0.0202642545367148,0.0583554376657824,0.0380911831290675,1.4019472082068354,0.1129042179162599,-1.5467429507492596,0.2499999999979185,0.5441789071196778,1.1685312425121643,0.0380911831290675,0.5480769230769231,1.0472972108893597,0.1597458673644974,-0.1363598707572557,-0.9274499001580274,1.210813788479019,0.4644497146101356,0.9199875159932502,,0.0,,,,,,,,,,,,,,,0.020206335920703,0.1,275881376.0,68965500,48,4.000280952070238,2025-07-01,3.9687515847832158,3.98,4.0,3.95,-0.005325417347564976,-0.007881788220576058,-0.0025062656641604564
2025-07-01,3.99,4.0,3.95,3.98,41882653.0,0.0,0.0,3.8742386395593487,3.857054243233028,0.0863655999999999,0.0216998994974819,58.80118810102865,1.0223501525655376,0.5999999999879982,4.13,4.13,4.13,587751657.0,573586513.25,48708864.52911477,3942.762,0.0099199438365575,0.0364583333333332,0.0265383894967756,1.224577383118126,0.1989726966074635,-1.7368026158362035,0.5999999999879982,0.0221040481371568,0.2908124401367037,0.0265383894967756,0.4380952380952381,0.8907902996611102,0.2986359915839928,-0.2853028383873998,0.2594681778239588,0.1935526554058253,-0.2287622008896606,0.6222003958047233,,0.0,,,,,,,,,,,,,,,0.020206335920703,0.1,166222032.0,41882700,48,3.9687515847832158,2025-07-02,3.994487787032749,3.99,4.02,3.96,0.0036401474956655466,0.006484709788390219,0.002512562814070307
2025-07-02,3.98,4.02,3.96,3.99,47289911.0,0.0,0.0,3.885263531029887,3.861413120504076,0.087142857142857,0.0218403150733922,59.42377443114676,1.1211420692958118,0.4999999999916741,4.13,4.13,4.13,635041568.0,575542821.5,50325277.58084926,3943.6849,-0.0041366227665587,0.033678756476684,0.0378153792432428,1.2018939062006246,0.2736932355389485,-1.6065573770307426,0.4999999999916741,0.1143478704896988,1.1822835235118825,0.0378153792432428,0.4528301886792453,0.8645271620011024,0.4187601075329982,-0.1808781836873505,-0.080993598175058,0.3718535098486562,0.4770011389853426,0.9026242135781029,,0.0,,,,,,,,,,,,,,,0.020206335920703,0.1,188898928.0,47289900,48,3.994487787032749,2025-07-03,3.9526881438082264,3.95,4.0,3.93,-0.0093513424039533,-0.010464331211680333,-0.010025062656641603
2025-07-03,3.99,4.0,3.93,3.95,36559801.0,0.0,0.0,3.8914289090270406,3.8643176083564015,0.0857142857142856,0.021699819168168,55.79190085960919,0.8631808145091927,0.2857142857102049,4.13,4.13,4.13,598481767.0,577324510.95,50474854.677863225,3968.0676,0.005587428039826,0.0340314136125654,0.0284439855727394,0.6833293946765566,0.3162985078204338,-2.0999999999754992,0.2857142857102049,-0.1471310912940264,0.4191642786299868,0.0284439855727394,0.4299065420560747,0.4261922665460612,0.4860300629894487,-0.5713623459085696,-0.8087289079635714,-0.1411174948936644,-0.1313662408790921,0.6592053979677157,,0.0,,,,,,,,,,,,,,,0.020206335920703,0.1,144509488.0,36559800,48,3.9526881438082264,2025-07-04,3.933737850074624,3.92,3.97,3.91,-0.004116999981107927,-0.004794280004934759,-0.0075949367088608
2025-07-04,3.95,3.97,3.91,3.92,31893814.0,0.0,0.0,3.89414996531018,3.866143260541437,0.087142857142857,0.0222303206997027,53.16731281648671,0.8025740244637157,0.1666666666638852,4.13,4.08,4.08,566587953.0,573301481.4,47897994.03507467,3982.2034,0.0154128844978647,-0.0320987654320987,-0.0475116499299634,0.2966397423387936,0.3213884153753291,-2.409836065546119,0.1666666666638852,-0.2199311859096403,-0.1401630388755697,-0.0475116499299634,0.5277777777777778,0.0993809237148886,0.491584536798383,-0.8132477745283986,-1.2102783290671923,-0.2833237063521922,-0.5761456548458966,-1.2702912021250032,,1.0,,,,,,,,,,,,,,,0.020206335920703,0.1,125459488.0,31893200,48,3.933737850074624,2025-07-07,3.9234152140180214,3.94,3.94,3.9,0.0008712280658218496,-0.0026241291235018505,0.005102040816326481
2025-07-07,3.92,3.94,3.9,3.94,22040200.0,0.0,0.0,3.898516635280639,3.868564792982701,0.0864285714285713,0.0219361856417638,54.69736715443138,0.5709222803092091,0.999999999975,4.13,4.02,4.02,588628153.0,572617322.6,47575377.45040372,3965.1746,0.0073920008365684,-0.012531328320802,-0.0199233291573704,0.479972814929201,0.3465502414597376,-2.198347107412583,0.999999999975,-0.5605021901326844,0.3365360667225586,-0.0199233291573704,0.4954128440366973,0.2535703489469435,0.530137485686065,-0.6393857612366675,1.609264712684375,-0.9498209915463586,-0.1916070555981275,-0.562914028321699,,1.0,,,,,,,,,,,,,,,0.020206335920703,0.1,86472856.0,22040200,48,3.9234152140180214,2025-07-08,4.13323000033384,4.11,4.33,3.93,0.04904314729285275,0.053477589006172055,0.043147208121827596
2025-07-08,3.94,4.33,3.93,4.11,122813344.0,0.0,0.0,3.9186579081110544,3.8764807014094975,0.1092857142857141,0.0265901981230383,65.12666125256625,2.869492463689216,0.4499999999988755,4.13,4.33,4.33,711441497.0,580019377.5,56284865.71597588,3998.4527,0.0141247937359647,0.0326633165829146,0.0185385228469499,1.7508426708632243,0.3859352247165973,-0.1830065359460341,0.4499999999988755,1.0541351722130197,2.334945954445036,0.0185385228469499,0.6545454545454545,1.3189763870461324,0.5919515694263778,0.9732960164680516,-0.2611238481949034,2.1898923669715837,1.4034704059960197,0.4195796715977185,,0.0,,,,,,,,,,,,,,,0.020206335920703,0.1,507615616.0,122813300,48,4.13323000033384,2025-07-09,4.072531935338836,4.05,4.15,4.03,-0.00911631743580632,-0.014685382857982932,-0.014598540145985495
2025-07-09,4.12,4.15,4.03,4.05,68059356.0,0.0,0.0,3.931166678767144,3.8821698587403337,0.1099999999999999,0.0271604938271537,59.8864693253534,1.560963671302398,0.166666666665274,4.33,4.33,4.33,643382141.0,581416680.5,57480940.306932434,3991.4006,0.0120992678700064,0.0150375939849622,0.0029383261149558,1.0803029202888654,0.4454256366033212,-2.5454545454314093,0.166666666665274,0.4453033685542161,1.0780175162257517,0.0029383261149558,0.6576576576576577,0.7447242782551724,0.6865569945511004,-0.920011981467476,-1.2086501997646495,0.995158074226944,0.3900754168523836,0.0187435429422477,,1.0,,,,,,,,,,,,,,,0.020206335920703,0.1,277174080.0,68059400,48,4.072531935338836,2025-07-10,4.065794981091314,4.08,4.09,4.03,0.003899995331188677,-0.001654242214545465,0.007407407407407529
2025-07-10,4.04,4.09,4.03,4.08,44714910.0,0.0,0.0,3.9453412807893216,3.888656092879995,0.1107142857142856,0.02713585434173,61.55223594603899,1.004906919913099,0.8333333333194469,4.33,4.33,4.33,688097051.0,586389764.0,62014163.94442955,4010.0243,0.0105735849863042,0.0329113924050632,0.022337807418759,1.2162723025370794,0.5119952456280037,-2.258064516108639,0.8333333333194469,0.0048949202199284,1.6400654387784568,0.022337807418759,0.6517857142857143,0.8536652765197651,0.7920103202284774,-0.684069054832806,1.0543747886636483,0.1371841264576954,0.8372959681373788,0.5164598501495204,,0.0,,,,,,,,,,,,,,,0.020206335920703,0.1,181801616.0,44714900,48,4.065794981091314,2025-07-11,4.090551741922284,4.09,4.13,4.06,0.0025862112554617678,0.006089033250841647,0.002450980392156854
2025-07-11,4.07,4.13,4.06,4.09,47351420.0,0.0,0.0,3.959118301666529,3.8952575324577,0.1099999999999999,0.0268948655256657,62.11695388972387,1.056501797770763,0.4285714285653079,4.33,4.33,4.33,735448471.0,595775496.0,69237817.79758321,4014.807,0.0081873266443397,0.0433673469387754,0.0351800202944356,1.189833621202557,0.5805524473477144,-2.18181818179835,0.4285714285653079,0.0549632597012657,2.0172931418539792,0.0351800202944356,0.6460176991150443,0.8249555737794738,0.8995042741351399,-0.6187066167573552,-0.3210381842889804,0.233941017899765,1.1302200148960435,0.8352424494832574,,0.0,,,,,,,,,,,,,,,0.020206335920703,0.1,191938096.0,46922300,48,4.090551741922284,2025-07-14,4.095150539705818,4.07,4.13,4.07,0.001259300661569318,0.001124248774658776,-0.004889975550122161
2025-07-14,4.11,4.13,4.07,4.07,32558726.0,0.0,0.0,3.9696784634125737,3.900986793688595,0.1092857142857142,0.0268515268515202,60.21211154950683,0.7187887303699031,0.0,4.33,4.33,4.33,702889745.0,602382949.2,72749934.66951449,4017.6678,0.0132385595327884,0.0329949238578681,0.0197563643250797,0.9179748445824324,0.6285512262267345,-2.379084967298492,0.0,-0.3301878025903216,1.3815379526672873,0.0197563643250797,0.6403508771929824,0.5896946123052217,0.9715415133145304,-0.7728924683697601,-1.7659958364285957,-0.5195650735216105,0.6127078244995825,0.4289993016662982,,0.0,,,,,,,,,,,,,,,0.020206335920703,0.1,131799144.0,32184200,48,4.095150539705818,2025-07-15,4.0319774587675195,4.03,4.09,4.0,-0.009342147722968264,-0.015426314692410958,-0.009828009828009798
2025-07-15,4.08,4.09,4.0,4.03,37052115.0,0.0,0.0,3.9754233716589953,3.905216734879133,0.1114285714285713,0.0276497695852465,56.48158254458436,0.8040665746958879,0.3333333333296329,4.33,4.15,4.15,665837630.0,608206154.15,72934684.36488424,4019.0644,0.0051549190515622,-0.0194647201946471,-0.0246196392462094,0.489790254337957,0.630059560839265,-2.692307692283531,0.3333333333296329,-0.2180732088831421,0.7901792727541818,-0.0246196392462094,0.6869565217391305,0.222621997801042,0.96584891810173,-1.017716014860324,-0.6259151639400657,-0.2970862349335914,0.1329893647325579,-0.7152083983989063,,0.0,,,,,,,,,,,,,,,0.020206335920703,0.1,149393232.0,37052100,48,4.0319774587675195,2025-07-16,4.030724531141974,4.04,4.05,4.01,0.0001797844024749029,-0.0003107476761361472,0.002481389578163684
2025-07-16,4.02,4.05,4.01,4.04,22853415.0,0.0,0.0,3.981573526739091,3.9096358583257182,0.1107142857142856,0.0274045261668956,57.19558518779603,0.497102740635148,0.7499999999812555,4.33,4.13,4.13,688691045.0,616422382.35,72279998.06746465,4007.2019,0.0039588359033668,-0.0024691358024691,-0.0064279717058359,0.527722984287315,0.6497595856633052,-2.6193548386860206,0.7499999999812555,-0.6989585526495787,0.9998431735228592,-0.0064279717058359,0.6724137931034483,0.2540114536574177,0.9903096019697916,-0.9506807251004774,0.8048493718603086,-1.234517022823855,0.3021107929860444,-0.247968642654506,,0.0,,,,,,,,,,,,,,,0.020206335920703,0.1,92115760.0,22853400,48,4.030724531141974,2025-07-17,4.04129734209749,4.06,4.06,4.03,0.00032112428155683936,0.002623054707368011,0.004950495049504955
2025-07-17,4.04,4.06,4.03,4.06,22683323.0,0.0,0.0,3.9890427146687015,3.914565830183891,0.0907142857142856,0.0223434201266658,58.65657717399895,0.501567718427417,0.9999999999666668,4.33,4.13,4.13,711374368.0,627655319.2,68613563.97981347,4034.491,0.0061013844729069,-0.0049019607843138,-0.0110033452572207,0.7822062949820657,0.8210050258077591,-2.976377952723104,0.9999999999666668,-0.6900166489365589,1.220153041818825,-0.0110033452572207,0.5213675213675214,0.4708789924134576,1.2631523119900645,-1.2268507606014811,1.6276283181170852,-1.2033678600422586,0.4794726260498379,-0.3652981607676117,,0.0,,,,,,,,,,,,,,,0.020206335920703,0.1,91669960.0,22683300,48,4.04129734209749,2025-07-18,4.058500808214914,4.06,4.08,4.04,-0.0003692590603658896,0.004256916693117008,0.0
2025-07-18,4.06,4.08,4.04,4.06,26663716.0,0.0,0.0,3.9958005513669206,3.919334163620485,0.0849999999999998,0.0209359605911278,58.65657717389114,0.5842721282645071,0.4999999999874889,4.33,4.13,4.13,711374368.0,637966006.8,64820577.166692965,4058.5486,0.0108950691776716,-0.0073349633251834,-0.0182300325028551,0.7552876309685157,0.8996045617121967,-3.176470588197934,0.4999999999874889,-0.5373884316299774,1.1324854607700066,-0.0182300325028551,0.3305084745762712,0.445321092415767,1.377351126185672,-1.3716870305264035,-0.0769258719596047,-0.8953519895961898,0.4054555247029767,-0.5462411277291644,,1.0,,,,,,,,,,,,,,,0.020206335920703,0.1,108214648.0,26663700,48,4.058500808214914,2025-07-21,4.129964557062797,4.16,4.17,4.07,0.017232649522856525,0.017608410648392914,0.024630541871921263
2025-07-21,4.07,4.17,4.07,4.16,61055337.0,0.0,0.0,4.01143859409388,3.927224846780468,0.0892857142857141,0.0214629120879069,65.48744329933464,1.279114057246056,0.8999999999910018,4.33,4.17,4.17,772429705.0,650373431.25,65616886.29049527,4085.6072,0.016910158674642,0.0221130221130221,0.00520286343838,1.6638877461299124,0.943193969899648,-1.9039999999786763,0.8999999999910018,0.2461676955136117,1.860135106223108,0.00520286343838,0.361344537815126,1.2207862833462746,1.4312584551225296,-0.3444415069035663,1.2770147209194926,0.6457455023027371,0.9955233043373122,0.0598923834801731,0.4495231329986108,0.0,,,,,,,,,,,,,,,0.020206335920703,0.1,249012496.0,60294100,48,4.129964557062797,2025-07-22,4.137015436949085,4.16,4.18,4.1,-0.005525135348777743,0.0017072494906111846,0.0
2025-07-22,4.17,4.18,4.1,4.16,46388722.0,0.0,0.0,4.025587299418272,3.934856819017174,0.0907142857142856,0.0218063186813134,65.48744329921811,0.948412350837387,0.7499999999906305,4.33,4.18,4.18,772429705.0,661640875.7,66257368.96265554,4118.9582,0.0248549886386493,0.032258064516129,0.0074030758774796,1.4817148095460224,1.0001785240955696,-1.874015748010838,0.7499999999906305,-0.0529659020610613,1.6720982289901,0.0074030758774796,0.425,1.05365373443745,1.5048423561225597,-0.3187111235189411,0.7659457679966206,0.0540863916576883,0.8344643541145563,0.1171780107875388,0.7227609665708591,0.0,,,,,,,,,,,,,,,0.020206335920703,0.1,191910768.0,46388700,48,4.137015436949085,2025-07-23,4.154389857495106,4.13,4.18,4.12,-0.001348591948291844,0.004199747574264334,-0.007211538461538547
2025-07-23,4.16,4.18,4.12,4.13,50410611.0,0.0,0.0,4.035531366140342,3.941254956098578,0.0899999999999999,0.0217917675544741,61.9274966398382,1.006291085537614,0.1666666666638864,4.18,4.18,4.18,722019094.0,669050739.4,64279078.99817039,4119.7685,0.0280910727258338,0.0222772277227722,-0.0058138450030615,1.0496514873178724,1.0475156671190715,-0.5555555555493812,0.1666666666638864,0.0062713792650394,0.8240372361512475,-0.0058138450030615,0.425,0.6719364229690424,1.551154851058553,0.752936130353217,-1.1946564550902874,0.1709503338130155,0.1348735381947218,-0.2222166780276808,0.7139073361611111,1.0,,,,,,,,,,,,,,,0.020206335920703,0.1,209257448.0,50370200,48,4.154389857495106,2025-07-24,4.1888249125109365,4.22,4.23,4.11,0.014243320220565847,0.008288835712831455,0.021791767554479424
2025-07-24,4.13,4.23,4.11,4.22,58949158.0,0.0,0.0,4.053099807460309,3.9503941378658376,0.0942857142857142,0.0223425863236236,67.6151518181178,1.135919123376397,0.9166666666590222,4.18,4.23,4.23,780968252.0,680555416.0,62669293.24996046,4149.0368,0.028391636020504,0.0394088669950738,0.0110172309745697,1.770153557220373,1.0893025562934455,0.4242424242379254,0.9166666666590222,0.1274421235536133,1.602265332712418,0.0110172309745697,0.5416666666666666,1.2722619271743087,1.586402917550828,1.526439260702231,1.3085805358827916,0.4105113343119172,0.7736746287616139,0.2114440589443471,1.2111732326199816,0.0,,,,,,,,,,,,,,,0.020206335920703,0.1,245136736.0,58521600,48,4.1888249125109365,2025-07-25,4.207278712577948,4.2,4.24,4.18,-0.0030145230857941963,0.004405483746025007,-0.004739336492890933
2025-07-25,4.23,4.24,4.18,4.2,42530000.0,0.0,0.0,4.067090301987899,3.958577936624335,0.0957142857142856,0.022789115646253,65.28125065312913,0.9119602788613712,0.3333333333277827,4.23,4.24,4.24,738438252.0,682547336.6,63833483.70618974,4127.1634,0.0169062408172222,0.0344827586206897,0.0175765178034674,1.3886087851865498,1.1337112799059934,-0.3134328358176236,0.3333333333277827,-0.0921588437363788,0.8755736355742778,0.0175765178034674,0.575,0.9309779164837336,1.6238538755776857,0.9267675225622128,-0.6562740844900562,-0.0288804740319191,0.1703572591790892,0.3770849682224967,1.329905054303096,0.0,,,,,,,,,,,,,,,0.020206335920703,0.1,178928832.0,42528400,48,4.207278712577948,2025-07-28,4.183080396760315,4.18,4.23,4.13,-0.004028476961829841,-0.0057515361997033665,-0.004761904761904856
2025-07-28,4.2,4.23,4.13,4.18,35877200.0,0.0,0.0,4.07784360656048,3.9658376764071432,0.0742857142857142,0.017771701982224,62.94154868057401,0.7976010237087711,0.4999999999949955,4.24,4.24,4.24,702561052.0,686193673.7,62781015.35359673,4135.8242,0.0122911962755498,0.0048076923076922,-0.0074835039678575,1.3751822193596417,1.5077721366592325,-0.8076923076814415,0.4999999999949955,-0.226146776848909,0.2607058552305217,-0.0074835039678575,0.075,0.908527358163848,2.161278316409354,0.5331849017796408,-0.0846805792988095,-0.2968224205794837,-0.3399932015832481,-0.2663522115561509,-0.87093313582748,0.0,,,,,,,,,,,,,,,0.0199145461353588,0.1,148952800.0,35608400,48,4.183080396760315,2025-07-29,4.154683273168979,4.17,4.2,4.13,-0.006056633213162743,-0.006788567490437991,-0.0023923444976076125
2025-07-29,4.17,4.2,4.13,4.17,29671986.0,0.0,0.0,4.086620405935672,3.972531523082319,0.0707142857142857,0.0169578622815992,61.749860199023466,0.6687269643614527,0.5714285714204063,4.24,4.24,4.24,672889066.0,690450544.15,58716641.929736204,4152.0247,0.0080278794769026,0.002403846153846,-0.0056240333230566,1.179105370589988,1.6133781413377293,-0.989898989884995,0.5714285714204063,-0.4023794271798415,-0.2990885986125547,-0.0056240333230566,0.05,0.7318305524945429,2.2575319177474986,0.3892629146678785,0.1431890462869415,-0.6485263320441155,-0.8022634809962534,-0.2181929419928969,-0.9672710283709938,0.0,,,,,,,,,,,,,,,0.019542931162097,0.1,121422696.0,29225500,48,4.154683273168979,2025-07-30,4.135788104984349,4.13,4.17,4.09,-0.0082042913706597,-0.004547920248615722,-0.00959232613908878
2025-07-30,4.17,4.17,4.09,4.13,31387444.0,0.0,0.0,4.09075179584656,3.9776944239648655,0.0721428571428571,0.0174680041508086,57.09339996789773,0.7202964602550467,0.4999999999937499,4.24,4.24,4.24,641501622.0,690773546.85,58428005.49260109,4151.2379,0.0076386330930973,0.0,-0.0076386330930973,0.544034513010434,1.567131887447312,-1.524752475226393,0.4999999999937499,-0.3280924013637197,-0.8432929454735447,-0.0076386330930973,0.075,0.1901500760407552,2.124944078522235,-0.0355027540175898,-0.0939300923674114,-0.4956685336109748,-1.2443508388771196,-0.2652758095708449,-0.8453577758021517,0.0,,,,,,,,,,,,,,,0.0192424241531615,0.1,128819460.0,31147500,48,4.135788104984349,2025-07-31,4.049278341276823,4.02,4.12,4.01,-0.01954519581674985,-0.020917358798741792,-0.026634382566586012
2025-07-31,4.12,4.12,4.01,4.02,42423704.0,0.0,0.0,4.08401352957546,3.9790814920315913,0.0757142857142857,0.0188343994314096,46.67067301936645,0.967055927439462,0.0909090909082622,4.24,4.24,4.24,599077918.0,690803354.4,58381047.639359735,4075.5912,-0.0177018434736466,-0.04739336492891,-0.0296915214552633,-0.8454617113628334,1.3858948354667475,-2.905660377320121,0.0909090909082622,-0.033498949172882,-1.5711509147047216,-0.0296915214552633,0.225,-0.977622824895398,1.806430877579558,-1.1311729928292884,-1.481112974680853,0.1015029116354384,-1.8106045986834032,-0.8223115480742474,-0.1773104844545397,0.0,,,,,,,,,,,,,,,0.019102403210753,0.1,171704384.0,42403700,48,4.049278341276823,2025-08-01,4.021783152544362,4.02,4.05,4.0,0.00044357028466723847,-0.006790145407438497,0.0
2025-08-01,4.03,4.05,4.0,4.02,22152945.0,0.0,0.0,4.077917002949225,3.980423082456785,0.075,0.0186567164179058,46.67067301928304,0.5106497040460319,0.3999999999919929,4.24,4.23,4.23,599077918.0,692427852.65,55271260.305834375,4054.9286,-0.0175022874064061,-0.042857142857143,-0.0253548554507369,-0.7722267059793767,1.299918939881874,-2.9333333332942284,0.3999999999919929,-0.6720714345214361,-1.688941669385926,-0.0253548554507369,0.1833333333333333,-0.9015522063029148,1.6419516852954508,-1.1350322804342168,-0.4133875342365271,-1.1739433008151143,-1.867897659971596,-0.7025924893126221,-0.3608423845928108,1.0,,,,,,,,,,,,,,,0.0189836903977928,0.1,89094160.0,22152900,48,4.021783152544362,2025-08-04,4.027147623181523,4.06,4.07,3.99,0.0017780157167968103,0.0013338537742311196,0.00995024875621886
2025-08-04,4.02,4.07,3.99,4.06,25687659.0,0.0,0.0,4.0762106217159655,3.983032161720496,0.0742857142857143,0.0182969739619941,50.48296991688121,0.5896499151734023,0.8749999999890541,4.24,4.2,4.2,624765577.0,694234723.85,52362560.35754202,4070.7023,-0.0157458095051525,-0.0287081339712919,-0.0129623244661393,-0.2182199077119875,1.2543254229990457,-2.4230769230443103,0.8749999999890541,-0.528226282305403,-1.3266949968766006,-0.0129623244661393,0.1416666666666666,-0.4248056153293422,1.543005178448256,-0.710389928853534,1.2151731685488385,-0.8721495620508117,-1.5429107127883348,-0.380758088349713,-0.5434537249098714,1.0,,,,,,,,,,,,,,,0.0189373360188644,0.1,103448160.0,25687700,48,4.027147623181523,2025-08-05,4.083855541959168,4.09,4.1,4.06,0.00587574925102663,0.014081410487963408,0.007389162561576512
2025-08-05,4.07,4.1,4.06,4.09,25015713.0,0.0,0.0,4.077523895838255,3.986539303959168,0.0742857142857143,0.018162766329021,53.18594957967935,0.6468291806566586,0.7499999999812555,4.24,4.17,4.17,649781290.0,691151713.5,53069148.39452451,4103.45,-0.0116990392663126,-0.0191846522781774,-0.0074856130118647,0.1679475560212345,1.224792582971212,-2.01923076920359,0.7499999999812555,-0.4356730368722131,-0.7795569507248482,-0.0074856130118647,0.1166666666666666,-0.0944447025630169,1.4711899111126594,-0.3762888395264009,0.7747597718861774,-0.6788753070672885,-1.0760909913313073,-0.2377487906202142,-0.6500385999495054,0.0,,,,,,,,,,,,,,,0.0189373360188644,0.1,101456040.0,24843200,48,4.083855541959168,2025-08-06,4.065756603249929,4.08,4.09,4.04,-0.005927480867988111,-0.004431826376639303,-0.0024449877750610804
2025-08-06,4.09,4.09,4.04,4.08,25793128.0,0.0,0.0,4.07775971528223,3.989603589075261,0.0757142857142858,0.0185574229691831,52.16378526171324,0.7054808277230111,0.7999999999840036,4.24,4.12,4.12,623988162.0,690182014.55,54100320.93185264,4113.4852,-0.0090943234065192,-0.0121065375302662,-0.0030122141237469,0.0295886660833615,1.164326195171009,-2.1132075471419,0.7999999999840036,-0.3488756835042948,-1.2235389995815535,-0.0030122141237469,0.1833333333333333,-0.2043348219770717,1.3588594035405146,-0.4414463618398782,0.9409546482872836,-0.4920684305738272,-1.4143859529437492,-0.1237623369584868,-0.3442463925070746,0.0,,,,,,,,,,,,,,,0.0188736815372227,0.1,104010592.0,25582100,48,4.065756603249929,2025-08-07,4.074452273676345,4.06,4.12,4.05,-0.0013597368440332325,0.002138758237388183,-0.004901960784313819
2025-08-07,4.09,4.12,4.05,4.06,22749528.0,0.0,0.0,4.07606831382678,3.991911668121973,0.0778571428571429,0.0191766361717053,50.09034053709339,0.6415041342274441,0.1428571428550984,4.24,4.12,4.12,601238634.0,685839093.7,57474452.21098635,4114.666,0.0095875170208434,0.0099502487562188,0.0003627317353753,-0.2063820124514079,1.080911045735925,-2.311926605474897,0.1428571428550984,-0.4439396503214227,-1.471966351056905,0.0003627317353753,0.2916666666666667,-0.3980492653461987,1.2184346044403704,-0.5930494640872292,-1.3056105340064084,-0.6747800695364766,-1.5844200777219462,-0.0390691343375647,0.1502482633036084,0.0,,,,,,,,,,,,,,,0.0189593180219642,0.1,92691752.0,22749500,48,4.074452273676345,2025-08-08,4.0657273421050215,4.07,4.09,4.04,0.001410675395325578,-0.0021413753273518132,0.0024630541871923928
2025-08-08,4.05,4.09,4.04,4.07,21751800.0,0.0,0.0,4.07549037917661,3.9944719412983023,0.0735714285714286,0.0180765180765136,51.13618104154623,0.6363373592017146,0.5999999999880071,4.24,4.12,4.12,622990434.0,680216191.85,57845819.358341314,4104.9669,0.0123401186398202,0.0124378109452738,9.769230545364492e-05,-0.0746265130791229,1.1012214857096068,-2.3106796116190744,0.5999999999880071,-0.4520264172786434,-0.9892807896020946,9.769230545364492e-05,0.1166666666666666,-0.2810534025012235,1.228250830696242,-0.5824030951855867,0.2571272701844833,-0.6867884650559919,-1.1732286807479926,-0.0478930049315375,-0.649353480192144,1.0,,,,,,,,,,,,,,,0.0189593180219642,0.1,88436888.0,21751800,48,4.0657273421050215,2025-08-11,4.250655232066944,4.26,4.45,4.05,0.04438703490588303,0.04548457739573286,0.04668304668304657
2025-08-11,4.07,4.45,4.05,4.26,134224216.0,0.0,0.0,4.093062724016933,4.003177779288522,0.0964285714285715,0.0226358148893307,65.7999563111704,3.418324301535936,0.524999999998687,4.23,4.45,4.45,757214650.0,682932437.1,60079068.370200925,4122.5106,0.0127271159082302,0.0492610837438423,0.036533967835612,1.731201380547179,0.93214016754423,0.3111111111078778,0.524999999998687,1.2291504606887074,1.2364075361868256,0.036533967835612,0.575,1.2350232877941385,0.9731779090877912,1.5239166829405135,0.0095690492955381,2.6101529568647006,0.6195261056345557,0.8742141943912096,1.4392701474410194,0.0,,,,,,,,,,,,,,,0.0190911542862989,0.1,570540798.0,134224200,48,4.250655232066944,2025-08-12,4.201647747200816,4.19,4.25,4.18,-0.013697711924690936,-0.011529395396835729,-0.016431924882629012
2025-08-12,4.21,4.25,4.18,4.19,70993863.0,0.0,0.0,4.10229484553913,4.009303098000373,0.0978571428571429,0.0233549266962099,58.79899877693033,1.7331143343498872,0.142857142855111,4.45,4.45,4.45,686220787.0,683951594.95,59953188.524648055,4143.8252,0.0098393303196091,0.0244498777506114,0.0146105474310023,0.8962570528756475,0.9502806317732032,-2.656934306542186,0.142857142855111,0.5499199833696257,0.0378493972687881,0.0146105474310023,0.6083333333333333,0.5204682636924608,0.9850843435453148,-0.8611119728354848,-1.302091154233629,1.26405473484539,-0.3447126158062301,0.3039771099663954,1.555983199769062,1.0,,,,,,,,,,,,,,,0.0191878850961594,0.1,298291360.0,70993900,48,4.201647747200816,2025-08-13,4.20180209151356,4.21,4.23,4.18,0.002816728284859016,3.6734234288626766e-05,0.004773269689737347
2025-08-13,4.2,4.23,4.18,4.21,48886859.0,0.0,0.0,4.1125524792973085,4.015883324295443,0.092857142857143,0.0220563284696249,60.10506803093482,1.1566789918664695,0.5999999999879965,4.45,4.45,4.45,735107646.0,686272425.0,60981329.28006485,4176.5776,0.0153379426283093,0.0318627450980391,0.0165248024697297,1.0494348383253735,1.0410524384704194,-2.5846153845875475,0.5999999999879965,0.1455529610262225,0.8008225070942249,0.0165248024697297,0.5166666666666667,0.6424520045954301,1.097503157475994,-0.7925062110444805,0.2644368536831115,0.4812684895109328,0.2707077514148538,0.3450915860617256,1.122585040729154,0.0,,,,,,,,,,,,,,,0.0192424241531615,0.1,202786112.0,48261700,48,4.20180209151356,2025-08-14,4.174827167830991,4.14,4.23,4.13,-0.008354591964135016,-0.0064198463171434295,-0.016627078384798155
2025-08-14,4.21,4.23,4.13,4.14,44589500.0,0.0,0.0,4.115166528888041,4.019952723498871,0.0957142857142858,0.0231193926846045,53.68995643976586,1.0283519642767325,0.0999999999989973,4.45,4.45,4.45,690518146.0,685229613.9,60720927.16679433,4173.3131,0.0142531860423178,0.0197044334975369,0.005451247455219,0.2594541757938695,0.9947711010704928,-3.2388059701154144,0.0999999999989973,0.0279574861362043,0.0870957073081732,0.005451247455219,0.5916666666666667,-0.0239188270200578,1.0174592259234922,-1.294573688560951,-1.425103720075923,0.252052343823416,-0.2965070747437909,0.0563192280357998,1.4338373104081654,1.0,,,,,,,,,,,,,,,0.0196573292589712,0.1,186153456.0,44589500,48,4.174827167830991,2025-08-15,4.2443644527675515,4.28,4.29,4.12,0.025208805016316838,0.016656326631286023,0.0338164251207731
2025-08-15,4.12,4.29,4.12,4.28,75186325.0,0.0,0.0,4.130864954708228,4.028478863712023,0.1007142857142858,0.0235313751668837,62.34599167510355,1.6421145581960068,0.9411764705827002,4.45,4.45,4.45,765704471.0,687946119.05,63002256.45705844,4202.3533,0.0237240402596179,0.0515970515970516,0.0278730113374336,1.4807734993362265,1.01659948505861,-1.6879432623945847,0.9411764705827002,0.4959847760728519,1.2342153491438703,0.0278730113374336,0.6083333333333333,0.995551316117756,1.033449820844633,-0.0541447337817132,1.4333343064625388,1.1599672220441353,0.6353796764535113,0.6243457187342403,1.4781727633085635,0.0,,,,,,,,,,,,,,,0.020206335920703,0.1,319115088.0,75185600,48,4.2443644527675515,2025-08-18,4.276489118909012,4.27,4.36,4.24,-0.0008202993203243469,0.007568781262531132,-0.00233644859813098
2025-08-18,4.3,4.36,4.24,4.27,56961217.0,0.0,0.0,4.144115911402682,4.036397589491956,0.1042857142857144,0.0244228839076557,61.46228291280616,1.24965432033334,0.2499999999979111,4.45,4.36,4.36,708743254.0,684761796.5,60198809.248492606,4239.4125,0.0283569677176818,0.0023474178403755,-0.0260095498773063,1.207107698866807,1.032915415572405,-1.7260273972437266,0.2499999999979111,0.2228669693356122,0.3983709611432306,-0.0260095498773063,0.6333333333333333,0.7573382089397551,1.0415023624630837,-0.0803240849431503,-0.9100061176450313,0.6217515517102963,-0.0362570244101993,-0.7550297712814319,1.555539388200206,0.0,,,,,,,,,,,,,,,0.0204128641875788,0.1,243593952.0,56961200,48,4.276489118909012,2025-08-19,4.2642544730160985,4.29,4.33,4.22,-0.0013455566707027966,-0.0028609089261601994,0.004683840749414525
2025-08-19,4.26,4.33,4.22,4.29,54867947.0,0.0,0.0,4.158009634126237,4.044712422623367,0.1064285714285715,0.024808524808519,62.60395396320909,1.1926378175564143,0.636363636357852,4.45,4.36,4.36,763611201.0,684320871.3,59584230.63501295,4223.3741,0.0191969728838947,0.0238663484486871,0.0046693755647924,1.240177934372699,1.0645375577350802,-1.5033557046838604,0.636363636357852,0.1761675073805449,1.330726751943783,0.0046693755647924,0.6416666666666667,0.7732299629845019,1.0698407518794208,0.0963376973826209,0.3882374198545558,0.5245482796281009,0.7141876025655457,0.0323722605444661,1.5583693772510814,1.0,,,,,,,,,,,,,,,0.0205413944716595,0.1,233970688.0,54867900,48,4.2642544730160985,2025-08-20,4.584022156705084,4.72,4.72,4.24,0.06853663326458825,0.07498794589123436,0.10023310023310006
2025-08-20,4.28,4.72,4.24,4.72,188383650.0,0.0,0.0,4.211532526114215,4.0668529989307975,0.1321428571428572,0.027996368038735,77.81870905902578,3.560845417389901,0.9999999999979168,4.45,4.72,4.72,951994851.0,695819659.15,83243429.704884,4271.3958,0.0227023676035615,0.1211401425178146,0.0984377749142531,3.847861964511955,1.0948720975959496,2.043243243227776,0.9999999999979168,1.2699979934657044,3.077422359436614,0.0984377749142531,0.7083333333333334,2.838244111664697,1.0960884061772076,2.8268900458871604,1.6286648131646777,2.578706932297573,2.0835866642624725,2.36424449313466,1.8022548215737813,1.0,,,,,,,,,,,,,,,0.0206468673029502,0.1,861990528.0,188042400,48,4.584022156705084,2025-08-21,4.7509796999709515,4.63,4.94,4.58,0.00656349575655768,0.03642162658870607,-0.01906779661016944
2025-08-21,4.81,4.94,4.58,4.63,298117781.0,0.0,0.0,4.251386571246194,4.085316835031427,0.1542857142857144,0.0333230484418317,71.28174164585347,4.5961412915873705,0.1388888888885024,4.72,4.94,4.94,653877070.0,689465100.05,81329779.68548854,4288.0707,0.0274979607928289,0.1183574879227054,0.0908595271298764,2.453975927092096,1.0763779199035477,-0.5833333333295511,0.1388888888885024,1.5252171018088767,-0.4375768652961178,0.0908595271298764,0.7333333333333333,1.6838731488097272,1.0562510909814855,0.8016713094739539,-1.2871066926564432,2.937396325626525,-0.703715890130402,2.118509769322693,1.8584084354304455,0.0,,,,,,,,,,,,,,,0.0207944535098469,0.1,1416351616.0,298117800,48,4.7509796999709515,2025-08-22,4.59177201252381,4.6,4.69,4.52,-0.008256584768075559,-0.0335104962557754,-0.006479481641468721
2025-08-22,4.56,4.69,4.52,4.6,146313297.0,0.0,0.0,4.284587850175128,4.102191692899249,0.1607142857142859,0.0349378881987502,69.1951783677902,2.088644715123268,0.4705882352913476,4.94,4.94,4.94,507563773.0,677921376.1,89530786.09946397,4377.9977,0.0417966761623778,0.0747663551401867,0.0329696789778088,1.962564487786989,1.134909423042852,-2.1155555555423944,0.4705882352913476,0.7365153939710093,-1.9027823894089544,0.0329696789778088,0.7666666666666667,1.2693291041208468,1.1206296319577749,-0.3858431626024048,-0.1687543944531191,1.4729360658312514,-1.831630298058445,0.6907997793169346,1.9426755890073384,1.0,,,,,,,,,,,,,,,0.0211994363395173,0.1,671837316.0,146313300,48,4.59177201252381,2025-08-25,4.719178252596734,4.69,4.83,4.6,0.025908315781898894,0.0277466389283767,0.019565217391304568
2025-08-25,4.6,4.83,4.6,4.69,153461991.0,0.0,0.0,4.32319853111083,4.121464096410748,0.1742857142857145,0.0371611331099525,71.85672360130074,2.0210709080268847,0.3913043478243881,4.94,4.94,4.94,661025764.0,675844611.7,89416811.13305089,4469.2217,0.0542077941224166,0.098360655737705,0.0441528616152884,2.104598591974967,1.1574926581085778,-1.4344262294999646,0.3913043478243881,0.7036275234204884,-0.1657277587091517,0.0441528616152884,0.8166666666666667,1.3584242997929388,1.1349023473198598,0.1447539833519756,-0.4483444029918865,1.3947113399158797,-0.4523293966813466,0.9573532726243396,2.083249035722879,1.0,,,,,,,,,,,,,,,0.0215407004883952,0.1,724214533.0,153462000,48,4.719178252596734,2025-08-26,4.732222348000553,4.75,4.83,4.61,0.009002632835938718,0.002764060754993025,0.012793176972281328
2025-08-26,4.69,4.83,4.61,4.75,143992347.0,0.0,0.0,4.363846290052655,4.1420718309546585,0.1864285714285716,0.0392481203007436,73.50051253202153,1.7635953115692464,0.636363636360743,4.94,4.94,4.94,805018111.0,682451063.95,93731391.6754855,4452.5905,0.0542732882696799,0.1072261072261071,0.0529528189564272,2.0713225820819234,1.189594799752988,-1.0191570881171397,0.636363636360743,0.567354516054727,1.3076413873630357,0.0529528189564272,0.8583333333333333,1.3112867605233178,1.1614944128234246,0.4668788214037454,0.4073098356038065,1.1313917786948402,0.7131503682220318,1.163664282086183,2.177535049400306,0.0,,,,,,,,,,,,,,,0.0216591540285258,0.1,681403580.0,143992300,48,4.732222348000553,2025-08-27,4.670352979210909,4.57,4.79,4.55,-0.01676779385033489,-0.013074062087506277,-0.0378947368421052
2025-08-27,4.78,4.79,4.55,4.57,116921950.0,0.0,0.0,4.383479976714307,4.1561022627266375,0.1985714285714288,0.0434510784620099,61.83256208663184,1.3607637169462683,0.0833333333329879,4.94,4.94,4.94,688096161.0,684780790.9,93262514.83847135,4386.1266,0.026860259590085,-0.031779661016949,-0.0586399206070341,0.9393094697793348,1.1450676243925684,-1.8633093525086004,0.0833333333329879,0.3080460987122073,0.0355487958451707,-0.0586399206070341,0.9166666666666666,0.4173880217041342,1.0857335868165283,-0.1891238453509711,-1.4858760336360304,0.6581871273819397,-0.2875347790169337,-1.5304270616020228,2.3210899544445014,1.0,,,,,,,,,,,,,,,0.021699859332825,0.1,546066544.0,116921900,48,4.670352979210909,2025-08-28,4.639678171661897,4.68,4.72,4.53,0.015246864696257578,-0.0065679848365968185,0.024070021881837933
2025-08-28,4.55,4.72,4.53,4.68,115987300.0,0.0,0.0,4.411719978931992,4.173279237719207,0.2085714285714287,0.044566544566535,65.44288878192071,1.294472932390664,0.7894736842063704,4.94,4.83,4.83,804083461.0,695031068.05,94536954.2868188,4463.782,0.0409767730741938,0.0107991360691144,-0.0301776370050794,1.2862740736075668,1.1432090332065012,-1.2465753424597787,0.7894736842063704,0.2581036102887695,1.1535424826480276,-0.0301776370050794,0.925,0.6828519611603607,1.0682818296133607,0.2933948534443203,0.9593762990868676,0.5635964768928873,0.5992814442488146,-0.8366327865717571,2.26984618402704,0.0,,,,,,,,,,,,,,,0.021745833525978,0.1,538143744.0,115987300,48,4.639678171661897,2025-08-29,4.619792029816146,4.6,4.68,4.57,-0.01286495089398576,-0.004286103714522871,-0.017094017094017144
2025-08-29,4.61,4.68,4.57,4.6,78078463.0,0.0,0.0,4.429651409509898,4.187270082384151,0.1878571428571429,0.0408385093167613,60.92891604335546,0.8450212280967941,0.2727272727247889,4.94,4.83,4.83,726004998.0,701377422.05,92111771.1442801,4496.7591,0.0271268758318443,0.0,-0.0271268758318443,0.9067985805508476,1.2902428059857,-1.809885931549304,0.2727272727247889,-0.1683935299324751,0.2673662187151349,-0.0271268758318443,0.8666666666666667,0.4110461307247027,1.2476189578992505,-0.1230105733009363,-0.8208647432756769,-0.1842403938238166,-0.0850402664749003,-0.7529716494175202,1.9899154212250123,0.0,,,,,,,,,,,,,,,0.0217990431178937,0.1,360706432.0,78078500,48,4.619792029816146,2025-09-01,4.61522704462559,4.61,4.68,4.56,0.003310227092519602,-0.0009881365137420772,0.0021739130434783593
2025-09-01,4.66,4.68,4.56,4.61,69446699.0,0.0,0.0,4.446827465747051,4.201130079683031,0.1907142857142858,0.041369693213502,61.28836127161078,0.7342161397625,0.4166666666631999,4.94,4.83,4.83,795451697.0,709911728.05,92524449.33478253,4523.7111,0.0121921452229591,-0.0170575692963752,-0.0292497145193344,0.8555863219210924,1.2883009007034596,-1.7303370786426118,0.4166666666631999,-0.3089518253736334,0.924512056705029,-0.0292497145193344,0.875,0.3985653706567483,1.23012089306397,-0.039795507995214,-0.319359234152392,-0.4302582264390931,0.4813726619446563,-0.8090219555106244,1.9657176313909372,0.0,,,,,,,,,,,,,,,0.0218233168773528,0.1,320512288.0,69446700,48,4.61522704462559,2025-09-02,4.506284951233881,4.5,4.62,4.45,-0.02249784138093691,-0.023604926114863978,-0.02386117136659438
2025-09-02,4.61,4.62,4.45,4.5,76384979.0,0.0,0.0,4.451891516628284,4.210929093463915,0.1992857142857143,0.0442857142857044,55.26542653432856,0.786220580175675,0.2941176470570925,4.94,4.79,4.79,719066718.0,713375999.45,91499616.1818008,4490.4528,0.0085034318785883,-0.0526315789473684,-0.0611350108259568,0.2414045760575786,1.2091304388115545,-2.2078853046484204,0.2941176470570925,-0.2405178895681262,0.0621939062421098,-0.0611350108259568,0.9166666666666666,-0.0829414693817809,1.1167010528761965,-0.4278089526824945,-0.7362248796282339,-0.2825900734247112,-0.2216895143216678,-1.7258005986982483,2.057209349687894,0.0,,,,,,,,,,,,,,,0.021888250357578,0.1,344212576.0,76385000,48,4.506284951233881,2025-09-03,4.405779709158767,4.37,4.54,4.34,-0.020937842409162855,-0.022303348137714618,-0.028888888888888853
2025-09-03,4.51,4.54,4.34,4.37,58807985.0,0.0,0.0,4.444092324568447,4.216144533022475,0.2064285714285714,0.047237659365795,49.121611850629,0.5951900808774594,0.1499999999992511,4.94,4.72,4.72,660258733.0,715189528.0,90058057.94692573,4459.8296,0.0168036645362676,-0.0437636761487965,-0.0605673406850642,-0.3589247556931604,1.104245356964758,-2.761245674727109,0.1499999999992511,-0.5188744607945613,-0.6099486958998448,-0.0605673406850642,0.95,-0.583532746207596,0.9746454050324228,-0.8799959567581488,-1.2497486904043802,-0.8204685624197988,-0.7858637630184288,-1.7883367400253292,2.1119906254995984,0.0,,,,,,,,,,,,,,,0.0219962570556943,0.1,256401840.0,58196700,48,4.405779709158767,2025-09-04,4.360334826803781,4.35,4.42,4.27,-0.0022117101135512574,-0.010314833095380394,-0.004576659038901698
2025-09-04,4.37,4.42,4.27,4.35,59364866.0,0.0,0.0,4.435131150800024,4.220533236857803,0.205,0.0471264367815983,48.23322482465884,0.5898960261067415,0.533333333329777,4.94,4.68,4.68,600893867.0,715172289.65,90079898.41253434,4365.2085,-0.0220829556640536,-0.0705128205128204,-0.0484298648487668,-0.4152739063395572,1.046819092395971,-2.878048780473768,0.533333333329777,-0.5278089845498894,-1.2686340089621868,-0.0484298648487668,0.9416666666666668,-0.6197085085965065,0.8978934918491804,-0.9620859906428442,0.1027911620459441,-0.825179498236535,-1.3383179081184615,-1.553136603666212,2.024585174251498,1.0,,,,,,,,,,,,,,,0.0221433245846638,0.1,257119352.0,58967800,48,4.360334826803781,2025-09-05,4.391783304819726,4.45,4.45,4.32,0.00960535742982227,0.007212399796140856,0.02298850574712663
2025-09-05,4.32,4.45,4.32,4.45,49069840.0,0.0,0.0,4.4365472316762125,4.228056737288695,0.2057142857142857,0.0462279293739864,52.827077554832805,0.481067176551825,0.9999999999923076,4.83,4.68,4.68,649963707.0,716520953.3,88883645.52255322,4460.3249,-0.0081023241827654,-0.0326086956521738,-0.0245063714694083,0.0653954015736501,1.013495458823285,-1.8472222222132415,0.9999999999923076,-0.7317483584370479,-0.7488131917711657,-0.0245063714694083,0.9333333333333332,-0.1858012558568981,0.8543599012596892,-0.1001096533485451,1.7134388956231028,-1.2164998688303028,-0.8703621681371579,-0.7103215296973819,1.9441824155127247,1.0,,,,,,,,,,,,,,,0.0222864535116632,0.1,213323408.0,48573300,48,4.391783304819726,2025-09-08,4.504811293856969,4.51,4.6,4.44,0.012317144686959214,0.025736239971858588,0.01348314606741563
2025-09-08,4.47,4.6,4.44,4.51,62111800.0,0.0,0.0,4.443542733421335,4.237300778689065,0.2092857142857142,0.0464048146974873,55.38530870706846,0.6312403624586881,0.4374999999972638,4.83,4.62,4.62,712075507.0,714263996.15,88393426.44046949,4467.5733,-0.0124096784164665,-0.0216919739696312,-0.0092822955531647,0.3175432532753788,0.9854564389890752,-1.529010238900545,0.4374999999972638,-0.4600685659012926,-0.0247585056732002,-0.0092822955531647,0.9333333333333332,0.0513166753103517,0.8190856724484759,0.1723527124038031,-0.2564122362327963,-0.6551655066360716,-0.2258270661701401,-0.1720046972626549,1.8965607865305825,0.0,,,,,,,,,,,,,,,0.0223430032251447,0.1,276498560.0,61378500,48,4.504811293856969,2025-09-09,4.4678679577500295,4.45,4.52,4.43,-0.009341916241678572,-0.008200862077689663,-0.013303769401330268
2025-09-09,4.5,4.52,4.43,4.45,49971651.0,0.0,0.0,4.444157711190732,4.244274523650079,0.1814285714285714,0.0407704654895574,52.32915358335849,0.5133441422108559,0.2222222222197585,4.83,4.6,4.6,662103856.0,713058149.6,88930628.60475233,4436.2584,-0.0120688051770637,-0.011111111111111,0.0009576940659526,0.0322015918619318,1.101718356517212,-2.094488188964833,0.2222222222197585,-0.6668088162093376,-0.5729667539680148,0.0009576940659526,0.8333333333333334,-0.1907103583954804,0.9730045342220668,-0.2894522340379072,-1.0000480955900717,-1.056725076202122,-0.6955404836641873,0.1829517155338083,1.531278052525914,0.0,,,,,,,,,,,,,,,0.0224896175079982,0.1,221521808.0,49581100,48,4.4678679577500295,2025-09-10,4.480567937122237,4.43,4.55,4.43,0.00686919935331165,0.0028425144816954795,-0.004494382022471988
2025-09-10,4.5,4.55,4.43,4.43,58023628.0,0.0,0.0,4.442809357743996,4.2503638835304045,0.1642857142857142,0.0370848113511686,51.31274232325496,0.5932755219862177,0.0,4.79,4.6,4.6,604080228.0,706506778.7,91843544.1313386,4445.3649,-0.0032433301936021,0.0137299771167047,0.0169733073103068,-0.0779700036586318,1.1714072343364683,-2.1913043478127503,0.0,-0.522096363965889,-1.115228638754701,0.0169733073103068,0.7583333333333333,-0.2796546938814669,1.065603942505052,-0.3628843581313194,-1.7461218331620014,-0.7549890578269216,-1.1573738787741554,0.739454047971702,1.2624691006818138,1.0,,,,,,,,,,,,,,,0.0226603607207097,0.1,258639440.0,57724700,48,4.480567937122237,2025-09-11,4.413755392922124,4.47,4.47,4.37,-0.0036669541936513728,-0.014911623958775433,0.009029345372460584
2025-09-11,4.43,4.47,4.37,4.47,54599902.0,0.0,0.0,4.445398942720757,4.257565067676948,0.1592857142857142,0.0356343879833732,53.2677874218769,0.5554263780002362,0.99999999999,4.72,4.6,4.6,658680130.0,704914877.9,92381221.29502828,4548.0345,0.0418825355077541,0.0275862068965517,-0.0142963286112023,0.1544460995099688,1.1792261213438666,-1.5695067264475464,0.99999999999,-0.5880192115385671,-0.500477772991817,-0.0142963286112023,0.7333333333333333,-0.0609094001006352,1.077204631460224,0.1620783901143864,1.6727892054242488,-0.8778642339544073,-0.6005611162471082,-0.3533811178772171,1.1646163055360204,1.0,,,,,,,,,,,,,,,0.0227370110991709,0.1,239187584.0,54191400,48,4.413755392922124,2025-09-12,4.526720019848684,4.51,4.58,4.47,0.012689042471741407,0.025593766955846364,0.008948545861297452
2025-09-12,4.47,4.58,4.47,4.51,68557824.0,0.0,0.0,4.451551424366399,4.26584162283508,0.1507142857142856,0.0334178017104772,55.20490769286517,0.6997748819813664,0.3636363636330571,4.68,4.6,4.6,727237954.0,702991552.05,91491737.99038278,4521.998,0.0138270420614425,0.0134831460674156,-0.0003438959940269,0.3878104544383791,1.2321977352707174,-1.127962085300573,0.3636363636330571,-0.3569965928316684,0.2650119287552361,-0.0003438959940269,0.6833333333333333,0.1528862993238864,1.146061414084355,0.5280729514884579,-0.5219114533534068,-0.4078009853179252,0.0838179615562219,0.1346338477900203,0.9877420731685314,0.0,,,,,,,,,,,,,,,0.0229542541654288,0.1,306514624.0,67712300,48,4.526720019848684,2025-09-15,4.477834935621448,4.47,4.55,4.45,-0.007131943321186607,-0.010799228583363796,-0.008869179600886956
2025-09-15,4.51,4.55,4.45,4.47,39948193.0,0.0,0.0,4.453308431569599,4.272535340119176,0.142142857142857,0.0317992968999609,52.845864292765135,0.4113256207986345,0.1999999999979964,4.68,4.58,4.58,687289761.0,701918877.4,91543763.8397008,4533.0557,0.0146572637095847,-0.0088691796008869,-0.0235264433104717,0.1174281196100367,1.2717704926070923,-1.477386934662974,0.1999999999979964,-0.8883701134450557,-0.1598046200680205,-0.0235264433104717,0.675,-0.093592709075025,1.1947165109397269,0.2301728417511477,-1.072977839817625,-1.4610756366962463,-0.2890675685636739,-0.6833951263978983,0.950746551554033,0.0,,,,,,,,,,,,,,,0.0232371596904072,0.1,176808208.0,39485200,48,4.477834935621448,2025-09-16,4.4052593907712145,4.43,4.49,4.35,-0.014483357769303207,-0.016207731167777295,-0.008948545861297563
2025-09-16,4.48,4.49,4.35,4.43,54113900.0,0.0,0.0,4.451088580943923,4.277698115852973,0.1349999999999999,0.0304740406320472,50.520911681589794,0.5573988696050757,0.571428571424488,4.62,4.58,4.58,633175861.0,695397110.4,91562602.785017,4523.3367,0.0196287709480584,-0.0044943820224719,-0.0241231529705304,-0.1562117106945686,1.2843738154789996,-1.4074074073969858,0.571428571424488,-0.5844741919143225,-0.6795487186629174,-0.0241231529705304,0.675,-0.3412648392864909,1.2064648386470946,0.2844319059315911,0.1936820731627987,-0.8516729803715944,-0.7427505640148256,-0.7209765695861655,0.9418230513073148,0.0,,,,,,,,,,,,,,,0.0234431509315468,0.1,236464192.0,53677700,48,4.4052593907712145,2025-09-17,4.390683629751126,4.41,4.43,4.36,-0.008875027144215286,-0.0033087179952726586,-0.004514672686230181
2025-09-17,4.43,4.43,4.36,4.41,44900419.0,0.0,0.0,4.447175382758787,4.282035882546318,0.1264285714285713,0.0286686103012568,49.35178741670601,0.4993999318136374,0.7142857142755138,4.6,4.58,4.58,588275442.0,677211139.95,73038436.973605,4551.023,0.023768150056703,-0.0045146726862301,-0.0282828227429332,-0.2940425754909037,1.3061881372634332,-1.5028248587451725,0.7142857142755138,-0.6943480376730427,-1.2176560949974884,-0.0282828227429332,0.675,-0.4651878553445991,1.228247608926799,0.1991145123359191,0.6741204425742522,-1.0646465650051815,-1.2040423341375095,-0.8786196858008433,0.9331461869673348,0.0,,,,,,,,,,,,,,,0.0239771295372697,0.1,194611344.0,44323700,48,4.390683629751126,2025-09-18,4.352278858754002,4.32,4.42,4.28,-0.013088694160090286,-0.008746877305596423,-0.020408163265306034
2025-09-18,4.39,4.42,4.28,4.32,74108163.0,0.0,0.0,4.435063441543664,4.2832806077087335,0.1285714285714285,0.0297619047618978,44.37524761567863,0.9415550939791232,0.2857142857122458,4.6,4.58,4.58,514167279.0,670225650.4,81165000.46169338,4498.109,-0.010977379349255,-0.0335570469798656,-0.0225796676306105,-0.894937878665982,1.18053315204028,-2.177777777760836,0.2857142857122458,-0.0602224153594786,-1.922729877561613,-0.0225796676306105,0.6833333333333333,-1.0065654680871765,1.06085042176942,-0.3736604536863578,-0.7962806036218637,0.1914663524618141,-1.7901336732662625,-0.6938536927668908,0.9520678029653392,0.0,,,,,,,,,,,,,,,0.0246157043580873,0.1,319840704.0,73488100,48,4.352278858754002,2025-09-19,4.266856335202663,4.26,4.32,4.23,-0.012301774258642983,-0.01962707958832277,-0.01388888888888895
2025-09-19,4.32,4.32,4.23,4.26,48252600.0,0.0,0.0,4.41839073282522,4.282517309095332,0.1264285714285713,0.0296780684104557,41.37951263348305,0.6537829808119954,0.333333333329623,4.6,4.55,4.55,465914679.0,668143195.7,85718288.69106688,4501.9195,-0.004440183299506,-0.0554323725055432,-0.0509921892060372,-1.2528080562347683,1.0747050464425898,-2.6892655367018934,0.333333333329623,-0.4249798162146993,-2.3592225158488875,-0.0509921892060372,0.6833333333333333,-1.3180208418957382,0.9234029644463272,-0.810801190068788,-0.6261588955601571,-0.5510040020507314,-2.117772958291185,-1.7125499109815805,0.9433773184289984,0.0,,,,,,,,,,,,,,,0.0256993614657786,0.1,205886912.0,48252600,48,4.266856335202663,2025-09-22,4.190038814305447,4.17,4.29,4.15,-0.016422813543322312,-0.018003306149178666,-0.021126760563380254
2025-09-22,4.26,4.29,4.15,4.17,50328034.0,0.0,0.0,4.394734472556151,4.278828216993845,0.1242857142857141,0.029804727646447,37.31066410107128,0.7331262022567661,0.1428571428561197,4.6,4.49,4.49,415586645.0,655871239.75,101900597.5775423,4522.608,-0.0023047808567628,-0.0671140939597315,-0.0648093131029686,-1.808208399862532,0.9325790677351914,-3.459770114914692,0.1428571428561197,-0.3104374196688145,-2.358029299751191,-0.0648093131029686,0.7,-1.7894704526749672,0.7416059528453438,-1.4653669700561949,-1.261245083007863,-0.334439915532005,-2.0708064381862075,-2.1601323047664622,0.9896787025363926,0.0,,,,,,,,,,,,,,,0.0267208624872792,0.1,210828088.0,50316500,48,4.190038814305447,2025-09-23,4.098164153453194,4.12,4.19,4.04,-0.01722682171386236,-0.021926923573733603,-0.011990407673860837
2025-09-23,4.19,4.19,4.04,4.12,44279300.0,0.0,0.0,4.368569284693661,4.273620734469456,0.1207142857142856,0.0292995839112272,35.23763642437885,0.6955278117600809,0.533333333329777,4.58,4.43,4.43,371307345.0,634185701.45,113358106.30422825,4519.7781,-0.0007867201218957,-0.0699774266365688,-0.069190706514673,-2.059153837681906,0.7865560373537583,-3.8106508875424,0.533333333329777,-0.3630842802656196,-2.319008009400689,-0.069190706514673,0.6833333333333333,-1.9732584281857364,0.5558718273804639,-1.763350170698342,0.0741333013091458,-0.459044168890127,-2.000345137095822,-2.2582241187148733,0.925695310891237,1.0,,,,,,,,,,,,,,,0.026873196188593,0.1,181463840.0,44279300,48,4.098164153453194,2025-09-24,4.131993484844629,4.15,4.16,4.09,0.002911040010832311,0.008254752646482011,0.00728155339805836
2025-09-24,4.12,4.16,4.09,4.15,31739500.0,0.0,0.0,4.347753162341884,4.269567595634392,0.1149999999999999,0.0277108433734872,37.48209937390904,0.5343012650061165,0.8571428571306158,4.58,4.42,4.42,403046845.0,619933235.65,123178200.7869356,4566.0708,0.0033064653815197,-0.0589569160997731,-0.0622633814812929,-1.7195927160014273,0.6798744931027146,-3.7391304347500953,0.8571428571306158,-0.626795432426012,-1.7607530331211263,-0.0622633814812929,0.65,-1.6502011665710332,0.4227783528202894,-1.6944216962707537,1.177559045409998,-1.028665593817955,-1.5256410667900873,-1.9744123007396912,0.8077786169651733,0.0,,,,,,,,,,,,,,,0.0270153599336979,0.1,129886736.0,31434400,48,4.131993484844629,2025-09-25,4.180533256626986,4.17,4.23,4.15,0.007357411235418221,0.011747301141783462,0.004819277108433662
2025-09-25,4.16,4.23,4.15,4.17,36494500.0,0.0,0.0,4.330824289737895,4.266303084302116,0.1114285714285713,0.0267214799588836,38.9998965691324,0.6583995031794871,0.2499999999968694,4.58,4.32,4.330824289737895,439541345.0,601706129.85,121540685.36524516,4593.4875,0.021204132669973,-0.0347222222222223,-0.0559263548921953,-1.4432949078912332,0.5790364590338433,-3.6794871794541626,0.2499999999968694,-0.4179433842072179,-1.334242804067414,-0.0559263548921953,0.6,-1.3948534018087395,0.2973880331623525,-1.6426334678525958,-0.9033918249084852,-0.6064009714491517,-1.1765813046158475,-1.7196109521211596,0.6359250710835367,0.0,,,,,,,,,,,,,,,0.0270153599336979,0.1,151148016.0,36155200,48,4.180533256626986,2025-09-26,4.162418414011102,4.14,4.2,4.13,-0.0018181261364265122,-0.004333141612297586,-0.007194244604316613
2025-09-26,4.15,4.2,4.13,4.14,27618100.0,0.0,0.0,4.312650547858095,4.2621619995709,0.1049999999999999,0.0253623188405735,37.528119261067545,0.5220211479172291,0.1428571428550984,4.58,4.29,4.312650547858095,411923245.0,586002042.2,124715221.8779468,4550.0487,0.0106908175501583,-0.0281690140845071,-0.0388598316346654,-1.6442909319662045,0.4808433170163323,-4.190476190436286,0.1428571428550984,-0.6500471786687412,-1.3958103475962471,-0.0388598316346654,0.5916666666666667,-1.6139806189834065,0.1714966070950049,-2.1211938511397475,-1.2835526946776714,-1.0906084310026845,-1.235022892729398,-1.1362292123652529,0.6040834295254551,1.0,,,,,,,,,,,,,,,0.0270153599336979,0.1,114958088.0,27618100,48,4.162418414011102,2025-09-29,4.189540378523116,4.22,4.22,4.11,0.01196627500558356,0.006515914983635351,0.019323671497584627
2025-09-29,4.16,4.22,4.11,4.22,41603800.0,0.0,0.0,4.303826686157325,4.260779638929231,0.1064285714285713,0.0252200406228782,43.636549714023744,0.807622025608551,0.999999999990909,4.55,4.23,4.303826686157325,453527045.0,568905809.6,118091611.67634746,4620.0528,0.0215461521316904,0.0119904076738608,-0.0095557444578295,-0.7876332927459881,0.4044689001259414,-3.1006711409104653,0.999999999990909,-0.2136611199973858,-0.9770276056204354,-0.0095557444578295,0.5916666666666667,-0.9038292410626414,0.0727248244414947,-1.2403248135480924,1.6441701527734471,-0.1692364439602905,-0.899964338105021,-0.165218353953182,0.6003363656467583,0.0,,,,,,,,,,,,,,,0.0270153599336979,0.1,174300800.0,41603800,48,4.189540378523116,2025-09-30,4.238041128372628,4.22,4.28,4.2,0.004275148903466475,0.011576627855919952,0.0
2025-09-30,4.24,4.28,4.2,4.22,36712999.0,0.0,0.0,4.295843192237579,4.259442601587288,0.1035714285714285,0.0245429925524654,43.6365497139663,0.7412222778913442,0.2499999999968694,4.49,4.28,4.295843192237579,453527045.0,555628825.95,115358348.19782367,4640.6935,0.0267525080490123,0.0242718446601941,-0.0024806633888181,-0.732279097459215,0.3514539786890705,-2.606896551698973,0.2499999999968694,-0.299454728504347,-0.8850835899185169,-0.0024806633888181,0.5833333333333334,-0.8808693217123927,0.0028326405505196,-0.8311796679021355,-0.9061889744253872,-0.3468156472806875,-0.8292833284413355,0.063274809585478,0.5687279971096447,1.0,,,,,,,,,,,,,,,0.0270153599336979,0.1,153886240.0,36310700,48,4.238041128372628,2025-10-09,4.325092229056633,4.36,4.36,4.26,0.02490337181436808,0.020540409601317755,0.0331753554502372
2025-10-09,4.29,4.36,4.26,4.36,56424961.0,0.0,0.0,4.301953364405429,4.262739565469672,0.1064285714285714,0.0244102228047126,52.969735115987866,1.141946808455306,0.99999999999,4.43,4.36,4.36,509952006.0,548113489.6,113172505.23006617,4709.482,0.031408010581001,0.0506024096385542,0.0191943990575531,0.5454046297425287,0.3684518020774746,-0.6577181207991835,0.99999999999,0.132734532614293,-0.33719748027511,0.0191943990575531,0.575,0.3001938754985171,0.0241739024598119,0.9277182728173438,1.6426331597645318,0.5571659955605882,-0.3754475261363614,0.7963224698179927,0.537336174256556,0.0,,,,,,,,,,,,,,,0.026873196188593,0.1,243784256.0,56365100,48,4.325092229056633,2025-10-10,4.341796479345567,4.36,4.38,4.29,-0.004175119416154338,0.0038621720426474937,0.0
2025-10-10,4.33,4.38,4.29,4.36,45701589.0,0.0,0.0,4.307481615414436,4.265928432175584,0.1049999999999999,0.0240825688073339,52.96973511592039,0.9378910694698922,0.7777777777691401,4.42,4.38,4.38,509952006.0,543566396.55,112786818.442792,4616.8341,0.0050825434922812,0.0455635491606716,0.0404810056683904,0.5001750912863255,0.3957446022710124,-0.5714285714231256,0.7777777777691401,-0.0641214673487087,-0.2980347439009455,0.0404810056683904,0.575,0.2427201871584296,0.0575392915140917,0.9915633690952376,0.876725714749295,0.1313700558269785,-0.3467745411048464,1.5181029833051731,0.5342711651920085,0.0,,,,,,,,,,,,,,,0.0267865034052019,0.1,197441024.0,45474500,48,4.341796479345567,2025-10-13,4.2486140997959065,4.32,4.34,4.12,-0.02554722481745275,-0.021461710605953144,-0.00917431192660556
2025-10-13,4.21,4.34,4.12,4.32,49046100.0,0.0,0.0,4.308673842517823,4.267701270464909,0.115,0.0266203703703642,50.21447520572131,1.0065518674431233,0.9090909090867788,4.38,4.38,4.38,460905906.0,534113506.5,111387287.13591416,4593.9785,0.0096547977607359,0.0434782608695654,0.0338234631088294,0.0984883259311176,0.3562832352396355,-0.5217391304302422,0.9090909090867788,0.0065304972519467,-0.6572347920698749,0.0338234631088294,0.6416666666666667,-0.1582424224694114,0.0016548661611607,1.02041972180287,1.3044242009849774,0.2732301456558596,-0.649189803589061,1.2625183040186487,0.7566268072490336,0.0,,,,,,,,,,,,,,,0.0266709251646239,0.1,208377952.0,49046100,48,4.2486140997959065,2025-10-14,4.341575706507649,4.28,4.42,4.26,0.0049943765064,0.02188045431478658,-0.0092592592592593
2025-10-14,4.36,4.42,4.26,4.28,49650748.0,0.0,0.0,4.305943000373269,4.268104507498847,0.1164285714285714,0.0272029372496598,47.55082314410421,1.0321586359727493,0.1249999999992215,4.38,4.42,4.42,411255158.0,519072489.05,106546142.76583011,4539.0644,-0.0175297563698839,0.014218009478673,0.0317477658485569,-0.2228233160875076,0.3249931903296674,-0.8588957055140923,0.1249999999992215,0.031652372273977,-1.0119308709932724,0.0317477658485569,0.6916666666666667,-0.4877934153176985,-0.0442677202797319,0.6950902506102019,-1.3610251165566043,0.3163100672821395,-0.943816122037893,1.1732155584120083,0.9201883893704016,0.0,,,,,,,,,,,,,,,0.0266709251646239,0.1,214341856.0,49369600,48,4.341575706507649,2025-10-15,4.283671317041902,4.29,4.32,4.25,0.0008577843555845899,-0.01333718294465136,0.002336448598130758
2025-10-15,4.29,4.32,4.25,4.29,33274100.0,0.0,0.0,4.304424619385339,4.268822392498884,0.1164285714285714,0.0271395271395208,48.289328142182285,0.7039319156829441,0.5714285714204063,4.42,4.42,4.42,444529258.0,508193759.15,102414207.22843537,4606.2879,-0.0074138919107672,0.0165876777251186,0.0240015696358858,-0.1238924364374265,0.3057859977951415,-1.1165644171683224,0.5714285714204063,-0.3510736381785099,-0.6216373965381191,0.0240015696358858,0.6833333333333333,-0.4081303586484675,-0.075269673192066,0.4427551047660281,0.1565190081782398,-0.5051467183235714,-0.616149067421036,0.8901897670757771,0.8847847755417868,0.0,,,,,,,,,,,,,,,0.0266709251646239,0.1,141672148.0,33072600,48,4.283671317041902,2025-10-16,4.225790136152359,4.2,4.28,4.19,-0.014967334230219453,-0.013512049969677253,-0.020979020979020935
2025-10-16,4.28,4.28,4.19,4.2,36466500.0,0.0,0.0,4.294479417539116,4.266565920613675,0.1135714285714286,0.0270408163265241,42.49057567722296,0.7894709222270829,0.1111111111098743,4.42,4.42,4.42,408062758.0,498392885.65,102147994.8163686,4618.4218,-0.01933550229091,-0.036697247706422,-0.0173617454155119,-0.8318942424754564,0.2457792182092668,-1.9371069182219345,0.1111111111098743,-0.2363922765827118,-0.8843064204283834,-0.0173617454155119,0.675,-1.1307463448000086,-0.1615368170863232,-0.3410904999287747,-1.3821767201849924,-0.2681541896216885,-0.83330922020532,-0.5398362110470565,0.8499081338685706,0.0,,,,,,,,,,,,,,,0.0266709251646239,0.1,154099776.0,36466500,48,4.225790136152359,2025-10-17,4.174796516006698,4.12,4.26,4.11,-0.006000829522214701,-0.012067239144083586,-0.01904761904761909
2025-10-17,4.21,4.26,4.11,4.12,33857700.0,0.0,0.0,4.277862330154439,4.261760480593554,0.1178571428571428,0.0286061026352219,38.10978894031015,0.7498280632205578,0.066666666666221,4.42,4.42,4.42,374205058.0,484169132.05,98582090.00770286,4514.2345,-0.0222229341097616,-0.055045871559633,-0.0328229374498714,-1.3394379528141749,0.1366217538487713,-2.5454545454329454,0.066666666666221,-0.2879113477726149,-1.1154569155655738,-0.0328229374498714,0.7666666666666667,-1.6382178361516475,-0.3140022472448048,-0.9250498926517374,-1.5026276466778594,-0.388378980490087,-1.017780668960898,-1.0619224988154297,1.1527892205212324,0.0,,,,,,,,,,,,,,,0.0268811481427038,0.1,141349008.0,33857700,48,4.174796516006698,2025-10-20,4.131475313287308,4.14,4.16,4.1,0.00278527021536612,-0.010376841734271669,0.004854368932038833
2025-10-20,4.16,4.16,4.1,4.14,30562957.0,0.0,0.0,4.2647325844254445,4.257768333688848,0.1121428571428572,0.0270876466528575,39.78132362933528,0.7065892154125587,0.6666666666555506,4.42,4.42,4.42,404768015.0,468045635.1,82580661.02678955,4538.2201,-0.012137279266762,-0.0416666666666668,-0.0295293873999048,-1.112265084038633,0.062101598924513,-2.4968152866019397,0.6666666666555506,-0.3473058068220834,-0.7662522836850685,-0.0295293873999048,0.6833333333333333,-1.4013678530270686,-0.4206449894407287,-0.8674454098875172,0.5198991919850147,-0.5240560772660318,-0.718304351599296,-0.9395231302925348,0.8609918436405645,1.0,,,,,,,,,,,,,,,0.0270642314896908,0.1,126270280.0,30563000,48,4.131475313287308,2025-10-21,4.307782999929147,4.36,4.44,4.13,0.04052729466887617,0.042674268456793785,0.053140096618357724
2025-10-21,4.16,4.44,4.13,4.36,81564345.0,0.0,0.0,4.2738056716230215,4.261120191600688,0.1235714285714286,0.0283420707732569,54.377774387962994,1.799146722475772,0.7419354838685747,4.42,4.44,4.44,486332360.0,457997765.05,65817374.31237661,4607.8715,0.0151588728285061,0.0186915887850467,0.0035327159565405,0.6975263568022758,0.1026570637637158,-0.485549132944044,0.7419354838685747,0.5873125094391667,0.4305032713022071,0.0035327159565405,0.7583333333333333,0.4039058082417911,-0.3735471507590281,1.040643682463858,0.7706258698780716,1.478805596575958,0.2799129873237065,0.1952127559132816,1.1077272725816725,0.0,,,,,,,,,,,,,,,0.0271135868961891,0.1,346552096.0,80447900,48,4.307782999929147,2025-10-22,4.3088737455659505,4.31,4.34,4.26,-0.011726205145424218,0.0002532034777102954,-0.01146788990825709
2025-10-22,4.31,4.34,4.26,4.31,43523200.0,0.0,0.0,4.277252750516067,4.262722808269518,0.1257142857142858,0.0291680477295259,51.332406970802815,0.9713811630064922,0.6249999999921847,4.44,4.44,4.44,442809160.0,448479430.0,52139183.733410224,4592.57,-0.0029780813309564,0.0046620046620045,0.0076400859929609,0.2604894845292105,0.1155790860511732,-1.0340909090826886,0.6249999999921847,-0.0290363408515815,-0.1087525656134611,0.0076400859929609,0.8,-0.0429781915010825,-0.364279861031243,0.5267804773859273,0.3810174032354321,0.1364335283962862,-0.1658474496579229,0.34047300512475,1.2354330024554074,1.0,,,,,,,,,,,,,,,0.0271712321945903,0.1,186215304.0,43216700,48,4.3088737455659505,2025-10-23,4.316031674943034,4.38,4.38,4.26,0.0013994605436273844,0.0016612065703824896,0.016241299303944468
2025-10-23,4.3,4.38,4.26,4.38,40979541.0,0.0,0.0,4.28703820284787,4.266567962096747,0.1285714285714287,0.0293542074363925,55.12177397260236,0.9186294177573776,0.9999999999916668,4.44,4.44,4.44,483788701.0,443255092.95,42147262.84287831,4606.3447,-0.0026149841922191,0.0428571428571427,0.0454721270493618,0.7230362000664974,0.1592129836186038,-0.4666666666630404,0.9999999999916668,-0.0848724830469623,0.9617138887786408,0.0454721270493618,0.8166666666666667,0.4131386616160256,-0.3141803054552859,1.0625267245916885,1.615975854901193,0.0094227040639043,0.7241306614382419,1.6132177698599257,1.276210606912798,0.0,,,,,,,,,,,,,,,0.0274568903115735,0.1,175394032.0,40637800,48,4.316031674943034,2025-10-24,4.344200523017713,4.33,4.43,4.3,-0.00817339657129823,0.00652656194304968,-0.011415525114155223
2025-10-24,4.41,4.43,4.3,4.33,40534028.0,0.0,0.0,4.291129802576644,4.268647701044396,0.1328571428571429,0.0306829429231206,52.00687336236553,0.944172808279354,0.2307692307674577,4.44,4.44,4.44,443254673.0,439709462.65,38889501.98204806,4660.6835,0.0324416022251392,0.0509708737864078,0.0185292715612686,0.2925713784531659,0.1692201190586611,-0.8279569892410816,0.2307692307674577,-0.0574460699720438,0.0911611146791373,0.0185292715612686,0.85,-0.0333873817799295,-0.3123779681044197,0.7180655593906727,-0.957451947526606,0.0643285604158128,0.0011556745977298,0.6903916578222612,1.3669075764623375,0.0,,,,,,,,,,,,,,,0.0278536057061111,0.1,176087824.0,40534000,48,4.344200523017713,2025-10-27,4.302318945114392,4.3,4.35,4.27,-0.0063928533223114314,-0.009640802187056652,-0.006928406466512715
2025-10-27,4.33,4.35,4.27,4.3,35797200.0,0.0,0.0,4.29197458328363,4.269675645272448,0.1307142857142858,0.0303986710963384,50.17480109320893,0.8461102807932354,0.3749999999953152,4.44,4.44,4.44,407457473.0,436786602.35,39006718.98147899,4716.0186,0.0391780248824866,0.038647342995169,-0.0005306818873176,0.0613966306165669,0.1705929683902492,-1.0710382513579295,0.3749999999953152,-0.1671055723239003,-0.7518994192750731,-0.0005306818873176,0.8333333333333334,-0.2853243311360499,-0.3241427101574095,0.4824902379070543,-0.4769758895227081,-0.174029833602297,-0.6949817673589064,0.0362866443120532,1.2909485457618404,1.0,,,,,,,,,,,,,,,0.0281692194059959,0.1,152697904.0,35492000,48,4.302318945114392,2025-10-28,4.4964560111830005,4.41,4.57,4.4,0.04568744446116302,0.0451238200945252,0.0255813953488373
2025-10-28,4.44,4.57,4.4,4.41,171760728.0,0.0,0.0,4.303215099161379,4.274276443788105,0.1442857142857144,0.0327178490443722,56.25928624413239,3.550272149034204,0.0588235294114174,4.44,4.57,4.57,579218201.0,444968180.15,49461621.64264598,4691.973,0.0182517025485626,0.0114678899082567,-0.0067838126403059,0.7400933721437268,0.2005649382292216,-0.2079207920777684,0.0588235294114174,1.2670242622487424,2.71422602800894,-0.0067838126403059,0.8583333333333333,0.4030079536414953,-0.3004736788848943,1.2832617468811884,-1.5073718775120095,2.831674801073678,2.1380720668427355,-0.1801917285879206,1.3495254915563817,1.0,,,,,,,,,,,,,,,0.0284740867042394,0.1,772314432.0,171760700,48,4.4964560111830005,2025-10-29,4.4928074792756245,4.55,4.59,4.38,0.018777206184948936,-0.0008114239076957297,0.03174603174603163
2025-10-29,4.42,4.59,4.38,4.55,124322200.0,0.0,0.0,4.326718423050772,4.283316560385217,0.1492857142857144,0.0328100470957542,62.53076127851378,2.3733881401167207,0.8095238095199544,4.57,4.59,4.59,703540401.0,461579832.95,72402960.88412273,4747.8378,0.0338084776062206,0.0556844547563806,0.0218759771501599,1.4956660656785885,0.290730180532872,-0.1339712918651342,0.8095238095199544,0.8643185292349507,3.34186012692555,0.0218759771501599,0.8583333333333333,1.175940544786767,-0.1925094397894268,1.3336680431556531,0.9753888445822826,1.931940329165611,2.566110720398816,0.7847294930913895,1.3255019828949128,0.0,,,,,,,,,,,,,,,0.0286373564682393,0.1,558555710.0,124322200,48,4.4928074792756245,2025-10-30,4.502992952203429,4.47,4.56,4.47,-0.010331219295949712,0.0022670619595404062,-0.01758241758241763
2025-10-30,4.52,4.56,4.47,4.47,71781300.0,0.0,0.0,4.340364287522127,4.2894373288971765,0.1492857142857144,0.0333972515180494,57.46082689745028,1.319901527052808,0.0,4.59,4.59,4.59,631759101.0,473015445.75,79925960.32867062,4709.911,0.0224834020780078,0.0205479452054793,-0.0019354568725284,0.8683731936258652,0.3411375218873355,-0.8038277511907878,0.0,0.2775571330979379,1.9861338493427687,-0.0019354568725284,0.8666666666666667,0.5106753327695284,-0.1383766541390588,0.7202127228664982,-1.6825681579232992,0.7009399356156195,1.4763649404445451,-0.0211003035405263,1.3296442239422115,1.0,,,,,,,,,,,,,,,0.0289183290153913,0.1,323230688.0,71781300,48,4.502992952203429,2025-10-31,4.515844030994903,4.5,4.57,4.46,0.010255935345615974,0.002853897158596741,0.006711409395973256
2025-10-31,4.46,4.57,4.46,4.5,60698500.0,0.0,0.0,4.355567688710496,4.296341023031695,0.1400000000000001,0.0311111111111042,58.80954492814417,1.0918168770704944,0.3636363636330571,4.59,4.59,4.59,692457601.0,485661258.55,92628072.1869714,4640.6676,-0.004294627601295,0.0392609699769053,0.0435555975782003,1.0316593663462277,0.4230476119884181,-0.6428571428525494,0.3636363636330571,0.0878431682699464,2.232545032704318,0.0435555975782003,0.825,0.6759089049777068,-0.0357644232361481,0.8870829668551238,-0.4684128843305495,0.3094912765141382,1.6646756484553598,1.5083263170708952,1.1736058307158048,1.0,,,,,,,,,,,,,,,0.0292338158203765,0.1,272452160.0,60332500,48,4.515844030994903,2025-11-03,4.553543958099055,4.6,4.64,4.46,0.011898657355345454,0.008348367845610882,0.022222222222222143
2025-11-03,4.49,4.64,4.46,4.6,82588820.0,0.0,0.0,4.378846956452354,4.3062970550634425,0.1414285714285715,0.0307453416149001,63.018550303140536,1.4155842971170802,0.7777777777734562,4.59,4.64,4.64,775046421.0,503817417.35,110297948.91519795,4653.4028,-0.0132772589149671,0.069767441860465,0.0830447007754321,1.5637083887096692,0.5129791007260497,0.0707070707065692,0.7777777777734562,0.3475423766875222,2.4590575465599374,0.0830447007754321,0.8166666666666667,1.2182341652436497,0.082482664715111,1.5612364073449412,0.9002579100573912,0.8421203099723845,1.8334740944722927,2.751788545406757,1.1282005331501186,0.0,,,,,,,,,,,,,,,0.0293268956738099,0.1,371317376.0,81544700,48,4.553543958099055,2025-11-04,4.605065203606187,4.6,4.65,4.56,0.0011011312187363398,0.011314537859131724,0.0
2025-11-04,4.6,4.65,4.56,4.6,72542000.0,0.0,0.0,4.399909151075939,4.31592665981546,0.142857142857143,0.0310559006211112,63.0185503030712,1.2112645674551057,0.4444444444395029,4.64,4.65,4.65,775046421.0,519893386.15,124334240.27810904,4618.699,-0.0156168844108864,0.0430839002267573,0.0587007846376438,1.400635942458616,0.5878774388192386,-0.27999999999804,0.4444444444395029,0.1916649109452383,2.0521542117382743,0.0587007846376438,0.8166666666666667,1.032390838680784,0.1805070188977016,1.2157598538300072,-0.2177863394988444,0.5076249706799763,1.5074414625812105,1.9106583424345869,1.1109806013635175,0.0,,,,,,,,,,,,,,,0.0295161379234241,0.1,334060640.0,72542000,48,4.605065203606187,2025-11-05,4.572090819730248,4.6,4.62,4.53,-0.006067213102119884,-0.007160459715123357,0.0
2025-11-05,4.55,4.62,4.53,4.6,55851334.0,0.0,0.0,4.4189654224020405,4.32524053982151,0.1421428571428573,0.0309006211180057,63.01855030299651,0.917907071550785,0.7777777777691303,4.65,4.65,4.65,775046421.0,535969354.95,135038866.74010685,4627.257,-0.0253969922898378,0.0109890109890109,0.0363860032788487,1.2736100936450223,0.6593710332252223,-0.3517587939673792,0.7777777777691303,-0.0856591227331835,1.7704315196166671,0.0363860032788487,0.8083333333333333,0.8911327577394946,0.2761568984131125,1.1445374577629763,0.9118968421796296,-0.0762948256652637,1.289174977925083,1.1735925224976682,1.0671093423283804,1.0,,,,,,,,,,,,,,,0.0297199865861768,0.1,255357216.0,55851300,48,4.572090819730248,2025-11-06,4.630222531411459,4.66,4.7,4.57,0.006570115524230147,0.0127144700254751,0.013043478260869712
2025-11-06,4.58,4.7,4.57,4.66,58935490.0,0.0,0.0,4.441921096458989,4.336216259827362,0.1407142857142858,0.0301961986511278,65.6489863521829,0.966600542784294,0.6923076923023663,4.65,4.7,4.7,833981911.0,552170850.2,149598583.34212255,4693.4032,-0.0035049069929347,0.0425055928411635,0.0460104998340982,1.549799314493632,0.7512018846864285,0.0710659898472091,0.6923076923023663,-0.0339699580315904,1.8837816141314367,0.0460104998340982,0.7666666666666667,1.1589908593748997,0.4070300453880053,1.5245266724785311,0.6107045072477909,0.0275347330824128,1.3704911074859474,1.4553975852297654,0.9132535757887834,0.0,,,,,,,,,,,,,,,0.0297833162041724,0.1,272884480.0,58935500,48,4.630222531411459,2025-11-07,4.599052140463366,4.58,4.64,4.57,-0.013078939814728407,-0.006731942306580918,-0.01716738197424894
2025-11-07,4.63,4.64,4.57,4.58,48846900.0,0.0,0.0,4.4550714682248,4.344209169341219,0.142857142857143,0.0311915159076663,59.56537938987016,0.7990765844430032,0.1428571428551002,4.7,4.7,4.7,785135011.0,565930000.45,157527506.78199387,4678.7944,0.0082158006748855,0.0177777777777778,0.0095619771028923,0.874499722420281,0.7760360921796341,-0.8399999999941199,0.1428571428551002,-0.2242984874425028,1.391534818445156,0.0095619771028923,0.825,0.4613401111813225,0.433396665225988,0.6736033359661749,-1.2338667446658675,-0.3698326392151713,0.9877021688717128,0.2810739272912136,1.093387715600421,0.0,,,,,,,,,,,,,,,0.0300004631487874,0.1,224649440.0,48846900,48,4.599052140463366,2025-11-10,4.586898266619106,4.6,4.62,4.53,0.0015061717508964012,-0.0026426910313382956,0.004366812227074135
2025-11-10,4.58,4.62,4.53,4.6,39055930.0,0.0,0.0,4.468874185536723,4.352595753952982,0.1271428571428572,0.027639751552789,60.54963708354721,0.6441718403342847,0.7777777777691303,4.7,4.7,4.7,824190941.0,584094252.2,165131487.00732443,4695.0507,0.0089499881677983,0.0,-0.0089499881677983,1.0313266306019262,0.9145494618874024,-0.7865168539264018,0.7777777777691303,-0.4397897556541159,1.4539727895101582,-0.0089499881677983,0.65,0.6142243243618015,0.6467319858037148,0.720265106226976,0.908169120600388,-0.8169714689513295,1.0330007814104885,-0.3164624040172737,0.4884476987711378,0.0,,,,,,,,,,,,,,,0.0300004631487874,0.1,177455168.0,38687400,48,4.586898266619106,2025-11-11,4.562942240330641,4.55,4.61,4.54,-0.008056034710730131,-0.0052227071314843165,-0.010869565217391242
2025-11-11,4.61,4.61,4.54,4.55,34115501.0,0.0,0.0,4.476600453580845,4.359068024315179,0.125,0.0274725274725214,56.82551814991096,0.5699889761590671,0.1428571428550984,4.7,4.7,4.7,790075440.0,603035266.3,165943938.87182167,4652.1655,0.0072458716188261,-0.0108695652173912,-0.0181154368362174,0.5871963713485387,0.940259434117808,-1.1999999999904023,0.1428571428550984,-0.562138258412375,1.1271286855766,-0.0181154368362174,0.6416666666666667,0.1554208959995357,0.6770478218503204,0.3356872892260532,-1.2231081688377912,-1.0626967685515396,0.779225498497561,-0.6060274957228639,0.447401487940589,0.0,,,,,,,,,,,,,,,0.0300004631487874,0.1,155667056.0,34115500,48,4.562942240330641,2025-11-12,4.540147570940937,4.55,4.63,4.47,-0.0021653690239697987,-0.004995607699836313,0.0
2025-11-12,4.54,4.63,4.47,4.55,46404800.0,0.0,0.0,4.483590886573146,4.36532808909173,0.1278571428571429,0.0281004709576076,56.82551814983569,0.7669017153018616,0.499999999996875,4.7,4.7,4.7,790075440.0,620312575.4,166528913.5077878,4645.9079,0.0040306600649153,-0.0108695652173912,-0.0149002252823066,0.5194008871333418,0.9249604272217145,-1.173184357532726,0.499999999996875,-0.2653966275442961,1.0194197573507917,-0.0149002252823066,0.675,0.0896936291938352,0.6387566162358831,0.3714691741516985,-0.0092539883179099,-0.4383090104436049,0.7014388974207989,-0.4945769719224036,0.5495936707176321,1.0,,,,,,,,,,,,,,,0.0300004631487874,0.1,210684640.0,46404800,48,4.540147570940937,2025-11-13,4.606311716337389,4.63,4.64,4.53,0.012376201392832797,0.014573126613754317,0.01758241758241752
2025-11-13,4.57,4.64,4.53,4.63,51687701.0,0.0,0.0,4.497534611661417,4.374005856662493,0.1264285714285714,0.0273063869176121,61.24826881003302,0.8435983649311546,0.909090909082646,4.7,4.64,4.64,841763141.0,641997594.55,165714083.22607866,4702.0738,0.0018474014761826,-0.0064377682403433,-0.008285169716526,1.0477488343081838,0.9770635988538182,-0.5536723163798035,0.909090909082646,-0.1700787685833377,1.2054832188128877,-0.008285169716526,0.6166666666666667,0.6296810133875842,0.714820041865839,0.9600055822333816,1.3700446212790236,-0.2405870346144931,0.8477956617800445,-0.2763537716169844,0.3332325242124219,0.0,,,,,,,,,,,,,,,0.0300004631487874,0.1,235227296.0,51066300,48,4.606311716337389,2025-11-14,4.647540796299927,4.61,4.69,4.58,0.0037885089200706545,0.008950562293973396,-0.004319654427645703
2025-11-14,4.6,4.69,4.58,4.61,47436854.0,0.0,0.0,4.508245601026997,4.381743369558804,0.1285714285714286,0.0278896808180912,59.60439565702453,0.7657346659843589,0.2727272727247948,4.7,4.69,4.69,794326287.0,663003656.0,156826216.42251253,4628.1398,-0.0108264214388219,0.0065502183406114,0.0173766397794333,0.7914231031172059,0.9839062447449554,-0.6999999999945542,0.2727272727247948,-0.2669195583024534,0.8373767728107259,0.0173766397794333,0.6583333333333333,0.3634962695245692,0.7139515978423565,0.8233830886171335,-0.7798227738953075,-0.4424935910661891,0.5577505511786738,0.544558495707771,0.4670885096787784,1.0,,,,,,,,,,,,,,,0.0300004631487874,0.1,220464928.0,47436900,48,4.647540796299927,2025-11-17,4.669283081591569,4.68,4.72,4.57,0.012859670627238362,0.004678234413553195,0.015184381778741818
2025-11-17,4.59,4.72,4.57,4.68,57905460.0,0.0,0.0,4.52460316283395,4.391522275474909,0.1199999999999999,0.0256410256410201,63.31555161655943,0.91453848883426,0.7333333333284432,4.7,4.72,4.72,852231747.0,685376842.6,150166520.52239704,4598.0525,-0.0206596704056891,0.0173913043478262,0.0380509747535153,1.2949736430396246,1.1090073946494334,-0.1666666666652816,0.7333333333284432,-0.0893357247386009,1.1111325202152094,0.0380509747535153,0.5083333333333333,0.865786220228796,0.9193991483681608,1.3086164473027824,0.7626371108376064,-0.071322514572011,0.7661647816710343,1.1886021232051214,-0.0835134602534056,0.0,,,,,,,,,,,,,,,0.0300004631487874,0.1,267429920.0,57274300,48,4.669283081591569,2025-11-18,4.549034284684669,4.53,4.68,4.49,-0.02798412720413046,-0.025753160561409305,-0.03205128205128194
2025-11-18,4.66,4.68,4.49,4.53,46323900.0,0.0,0.0,4.525117147325955,4.396062528738026,0.1185714285714285,0.0261747082939078,52.240193554091526,0.752566389289506,0.2105263157883664,4.72,4.72,4.72,805907847.0,701355616.95,145052106.17045113,4568.1928,-0.0180502391843111,-0.0043956043956042,0.0136546347887068,0.0411806852024454,1.088412445913109,-1.602409638540699,0.2105263157883664,-0.2842660612812567,0.7207908441339027,0.0136546347887068,0.5083333333333333,-0.427259146465978,0.8707804814339156,-0.0403355512064462,-1.016645266607841,-0.4747722878679103,0.4539257950135638,0.4042396517354943,-0.098565135338842,0.0,,,,,,,,,,,,,,,0.0300004631487874,0.1,209548080.0,46064300,48,4.549034284684669,2025-11-19,4.49831677466889,4.5,4.6,4.46,-0.0069940894770662565,-0.01114907183411018,-0.0066225165562914245
2025-11-19,4.54,4.6,4.46,4.5,39767730.0,0.0,0.0,4.522725038056817,4.399470314681042,0.122142857142857,0.0271428571428511,50.3434650795127,0.648033345218235,0.2857142857122458,4.72,4.72,4.72,766140117.0,717522164.8,132839355.19025975,4588.2922,-0.0124013866051886,-0.0109890109890109,0.0014123756161776,-0.1860529431537012,1.0091029983898934,-1.8011695906285272,0.2857142857122458,-0.4338131252836986,0.36599057659055,0.0014123756161776,0.5833333333333334,-0.6577841669928637,0.7167456151642277,-0.2210169963437096,-0.7477114730958517,-0.7779442865858418,0.1747278945839769,0.0107552736622742,0.1615266879720452,0.0,,,,,,,,,,,,,,,0.0300004631487874,0.1,178887712.0,39767700,48,4.49831677466889,2025-11-20,4.5047069993376025,4.49,4.56,4.45,0.0010459998528005165,0.0014205812949183994,-0.0022222222222221255
2025-11-20,4.5,4.56,4.45,4.49,36231987.0,0.0,0.0,4.519608367765691,4.402438501084943,0.122142857142857,0.0272033089404966,49.69575138880681,0.5927095021760812,0.36363636363306,4.72,4.72,4.72,729908130.0,729828136.25,121535843.91337094,4564.9483,-0.0291627706906684,-0.0302375809935204,-0.001074810302852,-0.2424076893077618,0.9592854581971026,-1.883040935657096,0.36363636363306,-0.5230508783005219,0.000658190599779,-0.001074810302852,0.6,-0.7146808059899749,0.6140013274874734,-0.2936767580937344,-0.4779178405733377,-0.9572219023100228,-0.1129403961801245,-0.0690078408595731,0.2086506021968827,0.0,,,,,,,,,,,,,,,0.0300004631487874,0.1,163214544.0,36232000,48,4.5047069993376025,2025-11-21,4.321820839931914,4.25,4.45,4.25,-0.037456383088660616,-0.04059890231097851,-0.053452115812917644
2025-11-21,4.45,4.45,4.25,4.25,62450301.0,0.0,0.0,4.4939313803594345,4.3974405174428135,0.1264285714285713,0.0297478991596568,37.29417479970676,1.0036170086231804,0.0,4.72,4.72,4.72,667457829.0,741038294.05,103602987.3469022,4453.6076,-0.0377110907496787,-0.0780911062906725,-0.0403800155409938,-1.9294007485904368,0.763204565436164,-3.717514124264382,0.0,0.0036104829782989,-0.710215669782036,-0.0403800155409938,0.7333333333333333,-2.3788525346322458,0.236532410373103,-1.9671135783912648,-1.6846582938019383,0.1282720077486732,-0.6667240673902328,-1.3008500640421528,0.7004151569742879,0.0,,,,,,,,,,,,,,,0.0297833162041724,0.1,269899008.0,62450300,48,4.321820839931914,2025-11-24,4.224191341654984,4.21,4.3,4.16,-0.006072625492945072,-0.022589899464335095,-0.009411764705882342
2025-11-24,4.29,4.3,4.16,4.21,47362400.0,0.0,0.0,4.466890296515679,4.391294926706983,0.1299999999999998,0.0308788598574748,35.69534351700834,0.7541364125234833,0.3571428571403056,4.72,4.68,4.68,620095429.0,751670191.85,76079513.39275412,4448.0478,-0.0326235292006777,-0.1004273504273504,-0.0678038212266726,-1.9760792039515631,0.5815028446778009,-3.923076923046749,0.3571428571403056,-0.2821820088717948,-1.7294374922031417,-0.0678038212266726,0.7916666666666666,-2.349227848990864,-0.1246987763227456,-2.0981280121306254,-0.4702179792624114,-0.4587710933245733,-1.4405533254523728,-2.1101642772965445,0.9123458464563255,1.0,,,,,,,,,,,,,,,0.0297833162041724,0.1,200067840.0,47362400,48,4.224191341654984,2025-11-25,4.355782643600359,4.38,4.47,4.24,0.034627706318375084,0.031151832694638282,0.040380047505938155
2025-11-25,4.24,4.47,4.24,4.38,63527194.0,0.0,0.0,4.4586150301808525,4.3909246012411804,0.1421428571428569,0.0324527071102339,46.24329024541782,1.1069033779348094,0.6086956521712663,4.72,4.6,4.6,683622623.0,756890412.95,67122133.2621269,4490.4047,-0.0170281998605662,-0.033112582781457,-0.0160843829208907,-0.5530705640825099,0.4762140729390666,-2.391959798978149,0.6086956521712663,0.1015663671120839,-1.0915593171610471,-0.0160843829208907,0.8333333333333334,-0.9492500667866094,-0.3486878174080068,-0.697349329055823,0.3779909822837635,0.3329626984595031,-0.9410467659193792,-0.4898178082971168,1.061700598233048,0.0,,,,,,,,,,,,,,,0.0297833162041724,0.1,276709804.0,63527000,48,4.355782643600359,2025-11-26,4.3737095605578045,4.33,4.43,4.31,-0.001436173388629114,0.004115659210815803,-0.011415525114155223
2025-11-26,4.38,4.43,4.31,4.33,32434300.0,0.0,0.0,4.446365979687438,4.388927073331634,0.1414285714285712,0.032662487627838,43.95936101635953,0.6143160013987122,0.1666666666652814,4.72,4.56,4.56,651188323.0,754272809.05,70106093.3565554,4517.6255,-0.0154015256482574,-0.0377777777777778,-0.0223762521295203,-0.8227897553599057,0.4061336813007939,-2.7575757575562605,0.1666666666652814,-0.4872458229686737,-1.4704069377495963,-0.0223762521295203,0.8333333333333334,-1.2003277321156045,-0.5106347480877114,-1.0139370034302706,-1.1079211657593964,-0.875245503241203,-1.2197668344291657,-0.6789304163457407,1.0510028785148986,0.0,,,,,,,,,,,,,,,0.0297833162041724,0.1,141858208.0,32434300,48,4.3737095605578045,2025-11-27,4.341428103504749,4.31,4.39,4.3,0.0026392848740759423,-0.007380795776694926,-0.004618937644341958
2025-11-27,4.34,4.39,4.3,4.31,28087556.0,0.0,0.0,4.433378743526729,4.386339300435514,0.1414285714285712,0.0328140536957165,43.04358962402291,0.5549503927301266,0.1111111111098743,4.72,4.47,4.47,623100767.0,753839892.35,70883719.6161378,4515.4027,-0.0108534854600653,-0.0400890868596883,-0.029235601399623,-0.8723749542232347,0.3326021228648261,-2.8989898989694054,0.1111111111098743,-0.5888765516987938,-1.844416828828988,-0.029235601399623,0.85,-1.2291747146523258,-0.6829001152080673,-1.1226415005443424,-1.278774239463705,-1.0709775190849895,-1.479750210327308,-0.8806164780033174,1.107607638552017,1.0,,,,,,,,,,,,,,,0.0297833162041724,0.1,121940296.0,28087600,48,4.341428103504749,2025-11-28,4.286558292083183,4.34,4.35,4.21,-0.005438911349609499,-0.012638654865036458,0.006960556844547661
2025-11-28,4.27,4.35,4.21,4.34,28283021.0,0.0,0.0,4.424485529857517,4.38481997910976,0.1449999999999998,0.0334101382488401,44.89788912009369,0.5772992467777204,0.9285714285647972,4.72,4.47,4.47,651383788.0,751786201.7,73189872.54185809,4526.6616,0.016403331088262,0.0211764705882353,0.0047731394999732,-0.5826588265995472,0.273555522396438,-2.6206896551543424,0.9285714285647972,-0.5493945216489595,-1.371807467523308,0.0047731394999732,0.8666666666666667,-0.9433680867333872,-0.8302681388139895,-0.8599039361063096,1.484863038373636,-0.9738916051429236,-1.111999473463048,0.1701198641639099,1.1647261468752277,1.0,,,,,,,,,,,,,,,0.0297833162041724,0.1,120109792.0,28020100,48,4.286558292083183,2025-12-01,4.484234490537068,4.47,4.59,4.35,0.033233753579969605,0.046115364584909946,0.02995391705069128
2025-12-01,4.37,4.59,4.35,4.47,63304900.0,0.0,0.0,4.428820241299658,4.387612766679931,0.1578571428571426,0.0353147970597555,52.16540736273987,1.3180897071117903,0.4999999999979166,4.72,4.59,4.59,714688688.0,748768315.05,73412595.57394129,4576.4856,0.0288750943728617,0.0617577197149643,0.0328826253421026,0.2608672496837733,0.2610428256436736,-1.5837104072297885,0.4999999999979166,0.276183496823152,-0.4642204349752883,0.0328826253421026,0.8833333333333333,-0.1212277269715538,-0.8773170661743381,0.0907357612441302,0.0345419607334122,0.7492721141234635,-0.408153028222347,1.0334514887359951,1.218994614632755,0.0,,,,,,,,,,,,,,,0.0297833162041724,0.1,283874016.0,63304900,48,4.484234490537068,2025-12-02,4.401541355206924,4.45,4.46,4.35,-0.01531513306332788,-0.018440858858886133,-0.004474272930648726
2025-12-02,4.45,4.46,4.35,4.45,37110200.0,0.0,0.0,4.430837361175881,4.389658249739605,0.1549999999999998,0.0348314606741494,51.049870651614015,0.802275623625711,0.9090909090826468,4.68,4.59,4.59,677578488.0,743894918.4,74729725.17779861,4554.3347,0.014237024114998,0.0159817351598174,0.0017447110448194,0.1236299278967477,0.2656716866839368,-1.483870967732361,0.9090909090826468,-0.2203030598005045,-0.8874170250488471,0.0017447110448194,0.8666666666666667,-0.2482783639548497,-0.8865634580583761,0.1838029892698004,1.3967204697198872,-0.2817704152037178,-0.7233220255318376,0.0742858624355273,1.136364330065096,0.0,,,,,,,,,,,,,,,0.0297833162041724,0.1,163342080.0,37110200,48,4.401541355206924,2025-12-03,4.447003050388752,4.45,4.49,4.4,-0.0006734718227523473,0.01032858526435243,0.0
2025-12-03,4.43,4.49,4.4,4.45,34880762.0,0.0,0.0,4.432662374397226,4.391636667780929,0.1535714285714284,0.03451043338683,51.04987065155524,0.771567784641714,0.5555555555493816,4.6,4.59,4.59,677578488.0,739021521.75,75710993.06956083,4531.0486,0.0029712732939017,0.0277136258660508,0.024742352572149,0.1128961667150053,0.2671441361043771,-0.9767441860401488,0.5555555555493816,-0.2593307501937232,-0.8115470588735788,0.024742352572149,0.8583333333333333,-0.2574000286031015,-0.90142692186092,0.6410159913025537,0.2037503060656064,-0.3550696646649848,-0.6644876256777131,0.7792760288906925,1.0859559291054746,0.0,,,,,,,,,,,,,,,0.0297833162041724,0.1,155115024.0,34880800,48,4.447003050388752,2025-12-04,4.378639920305835,4.36,4.47,4.34,-0.016035972964980938,-0.015372854326452745,-0.020224719101123556
2025-12-04,4.45,4.47,4.34,4.36,35234700.0,0.0,0.0,4.425742148264157,4.390599399984833,0.1549999999999998,0.0355504587155881,45.92447554680672,0.8003774451797347,0.153846153844974,4.59,4.59,4.59,642343788.0,729439615.6,75211681.1402185,4546.5664,0.0069016435676934,0.0116009280742461,0.0046992845065527,-0.4241428920240815,0.2267274082522426,-1.483870967732361,0.153846153844974,-0.2226718561052202,-1.1580093182284503,0.0046992845065527,0.8833333333333333,-0.7648659485276742,-1.001635080751209,0.1844981349932364,-1.1306307954708883,-0.2660604743845244,-0.91553103038826,0.1631226157863502,1.1743507057471658,1.0,,,,,,,,,,,,,,,0.0297833162041724,0.1,154280064.0,35234700,48,4.378639920305835,2025-12-05,4.510197988261888,4.58,4.58,4.35,0.03444907987657975,0.03004541829209484,0.050458715596330306
2025-12-05,4.35,4.58,4.35,4.58,78479417.0,0.0,0.0,4.440433372238999,4.396809255723035,0.1607142857142856,0.0350904553961245,57.22889016667212,1.724661988407157,0.999999999995652,4.59,4.59,4.59,720823205.0,726224025.3,74128740.93159628,4584.5368,0.012785404590438,0.0552995391705068,0.0425141345800688,0.8684145727297133,0.2714389472087559,-0.0622222222218337,0.999999999995652,0.5450310825333844,-0.0728573051710626,0.0425141345800688,0.8666666666666667,0.4860840722044943,-0.9168927970197897,1.469323835258029,1.6826220790402897,1.3463088241659888,-0.0820462175106764,1.3187405077425316,1.0886270022982163,0.0,,,,,,,,,,,,,,,0.0297833162041724,0.1,353957632.0,78479400,48,4.510197988261888,2025-12-08,4.570626358236345,4.57,4.62,4.54,-0.0020466466732870225,0.01339816348012346,-0.0021834061135370675
2025-12-08,4.59,4.62,4.54,4.57,50022191.0,0.0,0.0,4.452773051073381,4.402487640781296,0.1528571428571427,0.0334479524851442,56.64919050244285,1.0861982189637462,0.3749999999953152,4.59,4.62,4.62,670801014.0,718554528.95,71483975.39540248,4621.7545,0.0098916295071485,0.0223713646532439,0.0124797351460954,0.7669052733467,0.3289699738712976,-0.1308411214944684,0.3749999999953152,0.0826837269226826,-0.6680310473201709,0.0124797351460954,0.8333333333333334,0.3846208791833992,-0.8033734853554697,1.3870777258969245,-0.3927688179770497,0.3731994709465432,-0.5433116333690405,0.3913309706053672,0.930505826515119,0.0,,,,,,,,,,,,,,,0.0297833162041724,0.1,227145504.0,49696800,48,4.570626358236345,2025-12-09,4.449745896261291,4.42,4.55,4.41,-0.026313808257923288,-0.02644724212847227,-0.032822757111597434
2025-12-09,4.55,4.55,4.41,4.42,51117410.0,0.0,0.0,4.449651808114011,4.403061816493384,0.1542857142857142,0.0349062702003799,48.68315270580633,1.089862124432435,0.0714285714280598,4.62,4.62,4.62,619683604.0,710034937.15,72597425.90508431,4598.2232,0.0096366435255625,-0.0067415730337079,-0.0163782165592705,-0.192187645182157,0.3019721679095108,-1.296296296287896,0.0714285714280598,0.0860511968939573,-1.244552847756993,-0.0163782165592705,0.85,-0.5373050591425487,-0.8730051826279088,0.3348651307055282,-1.3798069902593173,0.3733881860390411,-0.9774832921877872,-0.4893186187622357,0.9921535932510754,0.0,,,,,,,,,,,,,,,0.0297833162041724,0.1,224480336.0,50447900,48,4.449745896261291,2025-12-10,4.434701538407758,4.44,4.46,4.4,0.0033261399112574086,-0.0033809476325767918,0.00452488687782826
2025-12-10,4.44,4.46,4.4,4.44,34327700.0,0.0,0.0,4.448732588293629,4.404272904477208,0.1507142857142856,0.0339446589446512,49.698817202488286,0.7414384760453385,0.6666666666555605,4.62,4.62,4.62,654011304.0,703231730.35,71138673.68754415,4591.8273,0.0134138265477885,-0.0022471910112359,-0.0156610175590244,-0.0579413441279544,0.2949931627610262,-1.194312796200605,0.6666666666555605,-0.2991630931387348,-0.69189406828396,-0.0156610175590244,0.825,-0.4051321233268186,-0.8981792145678162,0.4240679275970113,0.576927910716824,-0.4438768594353553,-0.5570351906308494,-0.4619878022292376,0.8718543500729589,0.0,,,,,,,,,,,,,,,0.0297833162041724,0.1,152233104.0,34327700,48,4.434701538407758,2025-12-11,4.366853128605526,4.31,4.46,4.3,-0.016474520584341068,-0.01529943091200503,-0.029279279279279424
2025-12-11,4.44,4.46,4.3,4.31,39089300.0,0.0,0.0,4.435519960837093,4.401181989576315,0.1449999999999999,0.0336426914153054,43.65119708888572,0.8559288856322476,0.0624999999996079,4.62,4.62,4.62,614922004.0,691889673.5,66048856.4776174,4552.1848,0.0012357457267093,-0.011467889908257,-0.0127036356349664,-0.8656549023188106,0.2368135949002801,-2.1379310344680182,0.0624999999996079,-0.1555679838239453,-1.1653141871741983,-0.0127036356349664,0.8166666666666667,-1.1781017279047887,-1.0375496365949226,-0.4281281394136495,-1.395867168851353,-0.1407507568909188,-0.9277952388221244,-0.3744395710433903,0.8209297577646,0.0,,,,,,,,,,,,,,,0.0297833162041724,0.1,170697232.0,39089300,48,4.366853128605526,2025-12-12,4.3342892712149235,4.28,4.37,4.28,0.005635561766803576,-0.007457053496324306,-0.006960556844547439
2025-12-12,4.33,4.37,4.28,4.28,61529825.0,0.0,0.0,4.420708535995465,4.397208809590206,0.1414285714285714,0.0330440587449855,42.36987527122231,1.3268312322607383,0.0,4.62,4.62,4.62,553392179.0,679842968.1,68203688.61636421,4580.95,-0.0007823691152397,-0.0655021834061134,-0.0647198142908737,-0.99490884036494,0.16615968165217,-2.404040404023405,0.0,0.282793567353006,-1.8540168672000608,-0.0647198142908737,0.7666666666666667,-1.313441983576729,-1.209152319660577,-0.6794646221429657,-1.5852316294699027,0.7851113609611211,-1.4716526519508537,-1.9381397330336545,0.5818731944611686,0.0,,,,,,,,,,,,,,,0.0297833162041724,0.1,266687952.0,61529800,48,4.3342892712149235,2025-12-15,4.285326040196334,4.25,4.37,4.23,0.001244401915031279,-0.011296715090929998,-0.007009345794392607
2025-12-15,4.25,4.37,4.23,4.25,58012896.0,0.0,0.0,4.404450580186373,4.392382291242987,0.1328571428571428,0.0312605042016733,41.071537455658216,1.2508471608453626,0.1428571428561197,4.62,4.55,4.55,495379283.0,662000344.9,67445029.02158716,4552.0596,-0.0150797494760919,-0.0700218818380744,-0.0549421323619825,-1.1625312487058883,0.0908365834441627,-2.7849462365381794,0.1428571428561197,0.2238210504361317,-2.470472091377846,-0.0549421323619825,0.7083333333333334,-1.4770052634833777,-1.3956551850991623,-1.032543138863564,-1.103315338480548,0.6482068977186092,-1.9278752699088253,-1.6235510486083415,0.3033907076835198,0.0,,,,,,,,,,,,,,,0.0297833162041724,0.1,248038528.0,57880900,48,4.285326040196334,2025-12-16,4.180853477753839,4.19,4.27,4.14,-0.016269769940273182,-0.024379139757988666,-0.014117647058823457
2025-12-16,4.26,4.27,4.14,4.19,55652300.0,0.0,0.0,4.384026715406719,4.3857468062842,0.1335714285714285,0.031878622570739,38.52863982303506,1.1880016704769203,0.3846153846124318,4.62,4.46,4.46,439726983.0,643691301.7,75155936.4874566,4497.5545,-0.0218929563923735,-0.0520361990950225,-0.030143242702649,-1.452606425493972,-0.012877685713667,-3.2192513368742937,0.3846153846124318,0.1722726270648185,-2.713881673659157,-0.030143242702649,0.7166666666666667,-1.7374784305952191,-1.646688872441124,-1.4119394130001586,-0.3096296192077382,0.5281893964445444,-2.0722911681762866,-0.8759701761127442,0.3297160472875625,0.0,,,,,,,,,,,,,,,0.0297833162041724,0.1,232674112.0,55652300,48,4.180853477753839,2025-12-17,4.171105891553277,4.18,4.21,4.13,-0.004509333758167755,-0.0023314823761292347,-0.0023866348448688957
2025-12-17,4.18,4.21,4.13,4.18,36839600.0,0.0,0.0,4.364595599653699,4.37900100935685,0.1328571428571428,0.0317840054682083,38.105186599929816,0.7888751464756192,0.6249999999921847,4.62,4.46,4.46,402887383.0,625528665.0,86418598.47310393,4579.875,-0.0026029506815292,-0.0585585585585587,-0.0559556078770294,-1.3894292446948036,-0.1084278149691407,-3.3118279569643234,0.6249999999921847,-0.2371472134011616,-2.5763121125979924,-0.0559556078770294,0.7,-1.6454535239775483,-1.872597362970725,-1.4681365179074883,0.4889618377920298,-0.3434508162233932,-1.924564704209362,-1.6252749163948588,0.240422613125853,0.0,,,,,,,,,,,,,,,0.0297833162041724,0.1,153610568.0,36827300,48,4.171105891553277,2025-12-18,4.220401704477391,4.2,4.27,4.15,0.009665479540045707,0.011818403609445749,0.004784688995215447
2025-12-18,4.17,4.27,4.15,4.2,35062360.0,0.0,0.0,4.348919828258109,4.373132123804166,0.1314285714285713,0.0312925170067952,39.5364838717993,0.7517591505049301,0.4166666666631957,4.62,4.37,4.37,437949743.0,610930745.65,92030505.13800436,4552.7926,0.0001335183053201,-0.0255220417633409,-0.0256555600686611,-1.1330856497813355,-0.1842239878490344,-3.1956521738887296,0.4166666666631957,-0.2853392849163062,-1.8796050547653331,-0.0256555600686611,0.6916666666666667,-1.3787821577832724,-2.04407724309726,-1.339507668814418,-0.183524547629819,-0.443546762865607,-1.3806547073688142,-0.7188403297127753,0.1886997989268412,1.0,,,,,,,,,,,,,,,0.0300004631487874,0.1,147969816.0,35060600,48,4.220401704477391,2025-12-19,4.226307935513926,4.25,4.28,4.17,0.006263794169982351,0.0013994476000398492,0.011904761904761862
2025-12-19,4.2,4.28,4.17,4.25,39544300.0,0.0,0.0,4.339498892233527,4.369095004990915,0.1214285714285713,0.0285714285714218,43.08023624019732,0.8691987834140422,0.7272727272661142,4.62,4.37,4.37,477494043.0,601432556.35,95445798.22642767,4568.1781,-0.002788046147633,-0.0070093457943926,-0.0042212996467595,-0.7370497007406227,-0.2437326932941297,-3.047058823504321,0.7272727272661142,-0.1401834302625513,-1.298522466709101,-0.0042212996467595,0.5166666666666667,-0.9973634834573936,-2.173993787176588,-1.188911042829217,0.8382042225816169,-0.1385096436170957,-0.9414909920181418,-0.0817778427179314,-0.6712704691072708,1.0,,,,,,,,,,,,,,,0.0300004631487874,0.1,166021632.0,39282900,48,4.226307935513926,2025-12-22,4.310672522204234,4.29,4.36,4.26,0.014275887577466895,0.019961769936683194,0.009411764705882453
2025-12-22,4.28,4.36,4.26,4.29,44970270.0,0.0,0.0,4.33478471202081,4.366501726138754,0.1207142857142856,0.0281385281385215,45.816222529962126,0.9910691891042784,0.2999999999970009,4.62,4.36,4.36,522464313.0,596551000.55,96852748.25302155,4611.6235,0.0130850439655931,0.0094117647058824,-0.0036732792597107,-0.3709976143705027,-0.2627444956494281,-2.7337278106282428,0.2999999999970009,-0.0089709296278432,-0.7649415105542825,-0.0036732792597107,0.5,-0.6409246942007868,-2.1901033987135303,-0.9078834523215618,-0.5775684335601049,0.1717397370939886,-0.5354224958856073,-0.0496873251490636,-0.7571214005592433,0.0,,,,,,,,,,,,,,,0.0300004631487874,0.1,192778448.0,44721200,48,4.310672522204234,2025-12-23,4.267850412845584,4.26,4.33,4.23,-0.005163073928768358,-0.009933974139319068,-0.006993006993007089
2025-12-23,4.28,4.33,4.23,4.26,32936700.0,0.0,0.0,4.327662358495019,4.363009866265352,0.1214285714285713,0.0285043594902682,44.10394479123135,0.7511907806273183,0.2999999999969946,4.55,4.36,4.36,489527613.0,586846250.05,97364775.78788967,4620.7341,0.0273881283706511,0.0167064439140809,-0.0106816844565702,-0.5572194228955669,-0.291097122812111,-2.3882352940979805,0.2999999999969946,-0.2860956240237285,-0.9995261249510784,-0.0106816844565702,0.5083333333333333,-0.8040343039411814,-2.2165785010749084,-0.5845286617280055,-0.5794928197752975,-0.4301352097223477,-0.6987467178890168,-0.2503917756243065,-0.7142713306164583,1.0,,,,,,,,,,,,,,,0.0299720489053923,0.1,139196368.0,32615100,48,4.267850412845584,2025-12-24,4.273712275703588,4.29,4.3,4.23,0.0032188440618750036,0.0013734930447328875,0.007042253521126751
2025-12-24,4.26,4.3,4.23,4.29,30098101.0,0.0,0.0,4.324075467209779,4.360616100158291,0.117142857142857,0.0273060273060209,46.26658396511552,0.6882842104904129,0.857142857130614,4.46,4.36,4.36,519625714.0,580268119.6,97239717.55294296,4634.0586,0.0118308032424465,0.0263157894736842,0.0144849862312377,-0.2908881347151421,-0.3119322324846336,-1.4512195121827338,0.857142857130614,-0.3735534297066787,-0.6236382326695137,0.0144849862312377,0.4083333333333333,-0.5393616358706367,-2.2182832236465253,0.2695991121351927,1.267109502972685,-0.6171853538169002,-0.4106831740145178,0.5177181781707597,-1.1972858166781033,0.0,,,,,,,,,,,,,,,0.0299720489053923,0.1,127208328.0,29765300,48,4.273712275703588,2025-12-25,4.250641690636366,4.28,4.31,4.2,-0.00917443108709426,-0.005398254159125315,-0.002331002331002252
2025-12-25,4.3,4.31,4.2,4.28,42067039.0,0.0,0.0,4.319877803665991,4.357972949333429,0.1085714285714284,0.0253671562082717,45.63279682565344,0.94685552692926,0.72727272726612,4.46,4.36,4.36,477558675.0,572991015.0,99188387.09624311,4642.5357,0.0197116600479452,0.0190476190476189,-0.0006640410003262,-0.3672955600781077,-0.3508763416705427,-1.6578947368268349,0.72727272726612,-0.0546087561151415,-0.962132188997099,-0.0006640410003262,0.275,-0.6009161922826314,-2.2513191487689617,0.0811601914589501,0.8271657636647534,0.0970623398274539,-0.6525611643758475,0.0670527536886779,-1.8186756017884165,1.0,,,,,,,,,,,,,,,0.0299720489053923,0.1,178811744.0,42067000,48,4.250641690636366,2025-12-26,4.3430690387510635,4.37,4.42,4.26,0.014735756717538129,0.021744328231265264,0.02102803738317749
2025-12-26,4.26,4.42,4.26,4.37,59846138.0,0.0,0.0,4.324651346173991,4.35836727886348,0.1142857142857141,0.0261523373651459,52.00512384941501,1.3008246894556927,0.6874999999957044,4.37,4.42,4.42,537404813.0,567292066.25,97784997.12945136,4657.24,0.0194961531819435,0.0282352941176471,0.0087391409357036,0.3968007209741077,-0.2950144110304489,0.0,0.6874999999957044,0.2629984398401531,-0.3056425231616478,0.0087391409357036,0.2833333333333333,0.1324476531870344,-2.0863511102815413,1.5643565068034426,0.6841856288533114,0.7960208783706744,-0.1545044519665269,0.3611530446073983,-1.7581549174181188,0.0,,,,,,,,,,,,,,,0.0299720489053923,0.1,259915744.0,59846100,48,4.3430690387510635,2025-12-29,4.345725563220114,4.3,4.41,4.3,-0.005554791025145556,0.000611669868783471,-0.016018306636155666
2025-12-29,4.38,4.41,4.3,4.3,50695100.0,0.0,0.0,4.3223035989193255,4.356453597589268,0.1107142857142855,0.0257475083056418,47.35594956780767,1.1172273048373391,0.0,4.42,4.42,4.42,486709713.0,555893117.5,93114752.9052268,4639.3721,0.0060171000516411,0.0023310023310023,-0.0036860977206387,-0.201451861204993,-0.3084516008870176,-1.083870967732148,0.0,0.1108499952103254,-0.7429907972844605,-0.0036860977206387,0.275,-0.4359223984009638,-2.070753546896425,0.5739454582630937,-1.5777177852470958,0.4510491941880557,-0.4792672325804671,-0.0319770943758522,-1.7668312935411024,0.0,,,,,,,,,,,,,,,0.0299720489053923,0.1,220306992.0,50695100,48,4.345725563220114,2025-12-30,4.240637116711596,4.29,4.32,4.16,-0.013805321694977502,-0.02418202552824078,-0.0023255813953487747
2025-12-30,4.26,4.32,4.16,4.29,51896274.0,0.0,0.0,4.319227065688914,4.354274791110932,0.1178571428571427,0.027472527472521,46.71347125004164,1.1253635457645783,0.8124999999949205,4.42,4.42,4.42,434813439.0,543754865.05,92280377.07800382,4651.2818,0.0066110058139896,0.0070422535211267,0.000431247707137,-0.2479872240250412,-0.2973746399418727,-1.103030303020944,0.8124999999949205,0.1181061352448256,-1.1805481240926516,0.000431247707137,0.425,-0.4742755511627873,-2.005781094960668,0.5480923409128879,1.1091980645514452,0.4562998385669445,-0.7968456120836245,0.090351267955685,-1.0552844343757948,0.0,,,,,,,,,,,,,,,0.0299720489053923,0.1,220073376.0,51896300,48,4.240637116711596,2025-12-31,4.244056400985424,4.24,4.3,4.22,-0.01070946363976133,0.0008063138108076462,-0.011655011655011593
2025-12-31,4.28,4.3,4.22,4.24,43510600.0,0.0,0.0,4.311681630861398,4.350528076648279,0.112142857142857,0.0264487870619883,43.53323382833268,0.9347748207331628,0.2499999999968805,4.42,4.42,4.42,391302839.0,529441082.6,92614397.01794185,4629.9395,-0.0008888752507358,-0.0116550116550115,-0.0107661364042757,-0.6391992560831972,-0.3464014273958474,-1.60509554138696,0.2499999999968805,-0.0674496121389477,-1.4915417909943205,-0.0107661364042757,0.2916666666666667,-0.8339897925547225,-2.059649969494026,0.1055737628603442,-0.7481147023405316,0.0646917324931894,-1.016318580056775,-0.2495396522117915,-1.6481224561828471,1.0,,,,,,,,,,,,,,,0.0299720489053923,0.1,183815600.0,43311300,48,4.244056400985424,2026-01-05,4.283156099247731,4.27,4.34,4.25,0.010178325294276203,0.009212813065638814,0.007075471698112956
2026-01-05,4.26,4.34,4.25,4.27,57992701.0,0.0,0.0,4.307711951731741,4.347887811840137,0.1128571428571427,0.0264302442288328,45.91253786206836,1.2161748052398509,0.2222222222197487,4.42,4.42,4.42,449295540.0,519788670.2,90377385.58653788,4717.7457,0.0162001985251292,-0.0023364485981309,-0.0185366471232601,-0.3341565343289239,-0.3559886338687144,-1.3291139240388603,0.2222222222197487,0.1957105275214024,-0.7799863842321665,-0.0185366471232601,0.2916666666666667,-0.5302717672699808,-2.031190616728066,0.3485984637792138,-0.8427142805492046,0.6767603193776337,-0.4668829748682591,-0.4847943345659032,-1.6159539930088322,1.0,,,,,,,,,,,,,,,0.0299720489053923,0.1,248391791.0,57992701,48,4.283156099247731,2026-01-06,4.384838769205453,4.42,4.44,4.29,0.026894325340855785,0.023740127046871118,0.03512880562060894
2026-01-06,4.3,4.44,4.29,4.42,75816813.0,0.0,0.0,4.318406051566813,4.350252145878165,0.1149999999999999,0.0260180995475054,55.914918172020776,1.5944187437887845,0.8666666666608861,4.42,4.44,4.44,525112353.0,510003127.6,77800950.20175819,4790.6938,0.0286551262120913,0.0114416475972538,-0.0172134786148374,0.8834256385417736,-0.2769225592267427,0.0,0.8666666666608861,0.4665092458613859,0.1942036101206708,-0.0172134786148374,0.275,0.646254546621518,-1.8347359280911453,1.5317411649157562,1.2892032023723423,1.283799861339044,0.2843643141950753,-0.4343067931283114,-1.6585599690692034,0.0,,,,,,,,,,,,,,,0.0299720489053923,0.1,332444501.0,75816813,48,4.384838769205453,2026-01-07,4.42212483991217,4.42,4.48,4.38,0.00048073301180329153,0.008503407461313062,0.0
2026-01-07,4.45,4.48,4.38,4.42,57702700.0,0.0,0.0,4.328081665703307,4.352538960767405,0.1128571428571428,0.0255332902391668,55.91491817194655,1.2037594837244976,0.3999999999959982,4.44,4.48,4.48,525112353.0,502718694.55,68691639.29118712,4776.6658,0.0295931641266713,0.0279069767441859,-0.0016861873824853,0.8144662532546213,-0.2167102094268001,-0.1772151898718515,0.3999999999959982,0.1854495625826502,0.3260026792354191,-0.0016861873824853,0.2583333333333333,0.5840715978039552,-1.6831234993741848,1.3469181690637302,-0.2537428756684617,0.6366283763201473,0.4005334243374576,0.0580631804277447,-1.6985627750221926,0.0,,,,,,,,,,,,,,,0.0299720489053923,0.1,255168543.0,57702700,48,4.42212483991217,2026-01-08,4.39303315628979,4.38,4.44,4.35,-0.0061010958620384415,-0.00657866629178161,-0.009049773755656076
2026-01-08,4.39,4.44,4.35,4.38,52698900.0,0.0,0.0,4.333026268969658,4.353439322709458,0.1135714285714286,0.0259295499021467,52.88996841412126,1.09756263250319,0.3333333333296296,4.48,4.48,4.48,472413453.0,495355187.0,63452351.77839756,4737.6536,0.0185694618631793,0.020979020979021,0.0024095591158417,0.4136051788798682,-0.1797375800972829,-0.8805031446463394,0.3333333333296296,0.09309193267889,-0.3615584506642438,0.0024095591158417,0.2833333333333333,0.2007659225322917,-1.581384939278892,0.7030623946946881,-0.4880751733034236,0.4174364592776096,-0.1211910389502389,0.1910123051034998,-1.5570561446806317,1.0,,,,,,,,,,,,,,,0.0299720489053923,0.1,231508015.0,52698900,48,4.39303315628979,2026-01-09,4.450439980258814,4.46,4.49,4.36,0.01608218727370181,0.013067696492759406,0.0182648401826484
2026-01-09,4.36,4.49,4.36,4.46,52783050.0,0.0,0.0,4.345119005258263,4.356933115407508,0.1142857142857144,0.0256245996156252,57.80641756424277,1.078586389297877,0.7692307692248499,4.48,4.49,4.49,525196503.0,488914446.95,52637010.24728272,4758.9221,0.0278583769831115,0.0518867924528301,0.0240284154697185,1.0052087039814048,-0.1033734638049934,-0.1749999999984726,0.7692307692248499,0.0756512849816243,0.6892879340895506,0.0240284154697185,0.2666666666666666,0.7681956664596545,-1.4109845321293568,1.3134416697126388,0.952693077737134,0.37182452507045,0.6982908995352672,0.8544437112411437,-1.5983926786607134,1.0,,,,,,,,,,,,,,,0.0299720489053923,0.1,234907796.0,52783050,48,4.450439980258814,2026-01-12,4.477796399041134,4.52,4.53,4.42,0.003990224000254283,0.0061469020824158616,0.013452914798206095
2026-01-12,4.5,4.53,4.42,4.52,63176284.0,0.0,0.0,4.361774338090809,4.362279570640048,0.1142857142857144,0.0252844500632055,61.0864974836701,1.259957541979035,0.9090909090826388,4.49,4.53,4.53,588372787.0,487586986.1,49695025.34513777,4789.9155,0.0152975180497751,0.0585480093676815,0.0432504913179063,1.3844745416933006,-0.0044207848058021,0.2624999999976972,0.9090909090826388,0.2310780235535995,2.0280863164880345,0.0432504913179063,0.2416666666666666,1.1224580785308178,-1.2046790975840114,1.6692573914407165,1.4068635234013924,0.7142304049880154,1.7195986199606847,1.430463212773298,-1.6726030282383133,0.0,,,,,,,,,,,,,,,0.0299720489053923,0.1,282890537.0,63176284,48,4.477796399041134,2026-01-13,4.510720833455035,4.47,4.57,4.47,-0.0020529129524258227,0.007352820780540892,-0.011061946902654829
2026-01-13,4.51,4.57,4.47,4.47,65049700.0,0.0,0.0,4.372081543986923,4.365811387996112,0.1135714285714286,0.025407478427607,57.10269268728317,1.292782470690325,0.0,4.53,4.57,4.57,523323087.0,486083531.5,48111042.83910361,4761.0324,-0.0061914622888233,0.01131221719457,0.0175036794833934,0.8621750843842808,0.0552089206733227,-0.528301886787805,0.0,0.2567968495113975,0.7740334297998733,0.0175036794833934,0.2583333333333333,0.6190603673561167,-1.075017547848523,0.951302726922558,-1.5802743371463146,0.7598035868122579,0.7558562095207926,0.6236616553905321,-1.5755027537081423,0.0,,,,,,,,,,,,,,,0.0299720489053923,0.1,293421037.0,65049700,48,4.510720833455035,2026-01-14,4.503815577892794,4.46,4.58,4.41,0.007565006239998784,-0.0015308541178220558,-0.0022371364653243075
2026-01-14,4.48,4.58,4.41,4.46,75061500.0,0.0,0.0,4.3804547302738825,4.3688995392093535,0.1185714285714287,0.0265855221012112,56.31171136105381,1.466903819846939,0.2941176470570925,4.57,4.58,4.58,448261587.0,483727646.7,48747581.21554092,4741.9306,-0.0072718505866581,0.009049773755656,0.0163216243423142,0.6708637205760545,0.0974534186156882,-0.9277108433656716,0.2941176470570925,0.3831539345350074,-0.7275450148630814,0.0163216243423142,0.3416666666666667,0.435877397839693,-0.9799039024293136,0.5832408192441523,-0.5974989008244918,1.0351928054767716,-0.3965649950750317,0.5778854091839322,-1.2184395819929863,1.0,,,,,,,,,,,,,,,0.0299720489053923,0.1,338063153.0,75061500,48,4.503815577892794,2026-01-15,4.511140211931251,4.53,4.57,4.43,0.011466415231222271,0.001626317488311546,0.015695067264574147
2026-01-15,4.45,4.57,4.43,4.53,68264590.0,0.0,0.0,4.394697136914465,4.374181521530359,0.1235714285714287,0.0272784610532895,60.442398626183504,1.3178330474552475,0.7142857142806132,4.58,4.58,4.58,516526177.0,487567606.4,48151486.40549023,4751.4293,0.002907705198202,0.0342465753424658,0.0313388701442638,1.0949364642671418,0.1660223210261104,-0.4046242774533708,0.7142857142806132,0.2759887569303314,0.6014055382659624,0.0313388701442638,0.4083333333333333,0.8528038308267719,-0.8376752391137283,1.0364186797124764,0.8047179142313203,0.7858959414925811,0.6507919524030723,1.0316844749673233,-0.9351555337099068,0.0,,,,,,,,,,,,,,,0.0299720489053923,0.1,307951137.0,68264590,48,4.511140211931251,2026-01-16,4.531306420756826,4.49,4.58,4.48,0.00028839310305195376,0.004470313020251027,-0.008830022075055233
2026-01-16,4.54,4.58,4.48,4.49,64843711.0,0.0,0.0,4.403773600065469,4.377978848693298,0.1228571428571431,0.0273623926185112,57.11898497903477,1.218847467648752,0.0999999999989982,4.58,4.58,4.58,451682466.0,490007360.55,44927312.36195147,4731.8728,-0.0056839131701692,0.0067264573991032,0.0124103705692725,0.7018427901590782,0.209957278608985,-0.7325581395289185,0.0999999999989982,0.1979057135875998,-0.8530422261015776,0.0124103705692725,0.425,0.4815372190923926,-0.7427775790585214,0.7338775073085103,-1.221407999606543,0.5992502611060273,-0.4780358644389285,0.4466320220789163,-0.863381524087144,1.0,,,,,,,,,,,,,,,0.0299720489053923,0.1,293826724.0,64843711,48,4.531306420756826,2026-01-19,4.554476977237745,4.57,4.61,4.43,0.014360128560744867,0.005113438450063956,0.017817371937639104
2026-01-19,4.5,4.61,4.43,4.57,64585430.0,0.0,0.0,4.419604685773519,4.384274624145976,0.1242857142857145,0.0271959987496033,61.65959387828019,1.1812176207002438,0.7777777777734574,4.58,4.61,4.61,516267896.0,493923268.2,43613186.9071954,4734.4556,-0.0115784714782546,0.0110619469026549,0.0226404183809095,1.210077240892981,0.2842648636675996,-0.0804597701142932,0.7777777777734574,0.1665457884027132,0.5123365061018631,0.0226404183809095,0.375,0.9732449865875192,-0.5922131033144702,1.3060330685314498,1.0145447146739006,0.5230687857868473,0.6054525754849341,0.7528037831758974,-1.0750394210086378,1.0,,,,,,,,,,,,,,,0.0299720489053923,0.1,294152854.0,64585430,48,4.554476977237745,2026-01-20,4.6059390856601015,4.65,4.68,4.52,0.007864132529562529,0.011299235604780078,0.017505470459518557
2026-01-20,4.58,4.68,4.52,4.65,68021750.0,0.0,0.0,4.441547096652232,4.392986931551026,0.1278571428571431,0.0274961597542184,65.58416361771454,1.2124901622844868,0.8124999999949261,4.61,4.68,4.68,584289646.0,499263048.35,47627775.08925464,4718.8782,-0.00885400401812,0.040268456375839,0.0491224603939591,1.6303579032658813,0.3798001739729396,0.312849162008726,0.8124999999949261,0.1926762302167812,1.78523135902653,0.0491224603939591,0.4416666666666666,1.384800791259844,-0.4026984480101812,1.6581052263528435,1.1371237291549543,0.5818244402756492,1.6100947743620329,1.5425440742847851,-0.7832568288299034,1.0,,,,,,,,,,,,,,,0.0291596638655393,0.1,313304037.0,68021750,48,4.6059390856601015,2026-01-21,4.735757971028365,4.76,4.83,4.59,0.018442574414702095,0.028185106870482812,0.023655913978494425
2026-01-21,4.66,4.83,4.59,4.76,114919300.0,0.0,0.0,4.471875944590114,4.405020146910008,0.1335714285714288,0.02806122448979,70.11407246143372,1.9282305580395396,0.708333333330381,4.68,4.83,4.83,699208946.0,508100280.0,64515978.34646939,4723.0692,-0.0039775782462948,0.0672645739910313,0.0712421522373262,2.157078489683523,0.5005246885104165,0.5989304812789378,0.708333333330381,0.6566027730841562,2.9621912415819134,0.0712421522373262,0.475,1.8732743799499716,-0.1658893670383562,1.8864389599245197,0.7778823336491284,1.6206342899943365,2.4700204255174194,2.1619470461004093,-0.6357126616038513,1.0,,,,,,,,,,,,,,,0.028537894030845,0.1,544229991.0,114919300,48,4.735757971028365,2026-01-22,4.761671462377848,4.83,4.84,4.69,0.0003511475583715118,0.005471878315575385,0.014705882352941346
2026-01-22,4.74,4.84,4.69,4.83,86500900.0,0.0,0.0,4.505982997486294,4.418953912585089,0.1385714285714288,0.028689736764265,72.58682424124896,1.388980749562182,0.9333333333271122,4.83,4.84,4.84,785709846.0,522909391.65,88199251.88401945,4723.7091,-0.0058340760747507,0.0662251655629138,0.0720592416376645,2.338267028432548,0.6280449425814788,0.0,0.9333333333271122,0.3285702044696745,2.9796222613722194,0.0720592416376645,0.5333333333333333,2.0156615925081884,0.0905510674642214,1.345805283159902,1.5009095770802954,0.8588176794438178,2.406688759351992,2.125365961773551,-0.4115618016102408,1.0,,,,,,,,,,,,,,,0.028537894030845,0.1,411888867.0,86500900,48,4.761671462377848,2026-01-23,4.899108846261444,4.96,4.99,4.8,0.014308249743570256,0.028863264710615733,0.0269151138716357
2026-01-23,4.84,4.99,4.8,4.96,100266650.0,0.0,0.0,4.549222712011408,4.436693128565906,0.1450000000000002,0.029233870967736,76.47905473601281,1.5241577304987652,0.8421052631534616,4.84,4.99,4.99,885976496.0,541226930.75,118464858.84147207,4702.4966,-0.0062081550459259,0.1046770601336302,0.1108852151795561,2.832946813694882,0.7760660927222465,0.8275862068908434,0.8421052631534616,0.4214419496115387,2.910142033861187,0.1108852151795561,0.5416666666666666,2.4203423838452096,0.3940662305585892,2.022461129038776,1.1858918321958185,1.0527137358400012,2.2824647450234767,3.102157967480718,-0.4037341209195773,0.0,,,,,,,,,,,,,,,0.028537894030845,0.1,491217232.0,100266650,48,4.899108846261444,2026-01-26,4.9978702413376395,4.98,5.14,4.91,0.007635129301943433,0.020159053039117802,0.0040322580645162365
2026-01-26,5.01,5.14,4.91,4.98,133013193.0,0.0,0.0,4.590249120391274,4.454506468612926,0.1492857142857144,0.0299770510613824,77.01964383324025,1.8912115870713,0.3043478260856351,4.99,5.14,5.14,1018989689.0,568298481.45,156560640.78192592,4706.964,-0.0058067077448145,0.0897155361050328,0.0955222438498473,2.6107714423376147,0.9092809209971976,-0.0669856459325641,0.3043478260856351,0.6372176750463744,2.878700580804149,0.0955222438498473,0.5916666666666667,2.154771881106148,0.6737675665279924,1.2346910689736386,-0.5723231916241286,1.5130084388383054,2.1929137572714663,2.5720127942019326,-0.203359065409865,0.0,,,,,,,,,,,,,,,0.028537894030845,0.1,664782679.0,133013193,48,4.9978702413376395,2026-01-27,4.9173375149074765,4.91,5.08,4.84,-0.012582828331832108,-0.01611340882043566,-0.014056224899598457
2026-01-27,4.99,5.08,4.84,4.91,104111351.0,0.0,0.0,4.620701585115914,4.469440682756764,0.1592857142857144,0.0324410823392427,70.87940450261542,1.4351174826464848,0.2916666666654523,5.14,5.14,5.14,914878338.0,587172157.7,173531488.49028358,4705.6918,-0.0027943929555123,0.0559139784946236,0.0587083714501359,1.81622323244474,0.9496200148048488,-1.4439461883317375,0.2916666666654523,0.3612467153005237,1.888453693050348,0.0587083714501359,0.7166666666666667,1.4028650250778816,0.7672550829860137,0.0479840809595444,-0.6225891537565459,0.8801680095929435,1.4491353875976822,1.5350560782486102,0.3612833817034117,1.0,,,,,,,,,,,,,,,0.028537894030845,0.1,511950652.0,104111351,48,4.9173375149074765,2026-01-28,5.040235460149967,5.09,5.15,4.86,0.02652453363543117,0.02499278214479106,0.03665987780040725
2026-01-28,4.9,5.15,4.86,5.09,150452635.0,0.0,0.0,4.6653966722477325,4.489786889879492,0.1735714285714286,0.0341004771260107,76.14574364894132,1.9404879947895903,0.7931034482731256,5.14,5.15,5.15,1065330973.0,616103220.7,200507677.1199631,4717.9914,-0.0010751059925185,0.0693277310924369,0.0704028370849555,2.446274316254112,1.0117436021157182,-0.2880658436197383,0.7931034482731256,0.6629394851493976,2.240451631341918,0.0704028370849555,0.825,1.928339510211704,0.900988351814432,1.024677958124845,1.0140363511047934,1.5317705348030677,1.6682760469409808,1.809663368749351,0.8589553802637959,0.0,,,,,,,,,,,,,,,0.028537894030845,0.1,758316706.0,150452635,48,5.040235460149967,2026-01-29,4.999151593039699,4.98,5.16,4.9,-0.017848410011847005,-0.008151180125431257,-0.02161100196463639
2026-01-29,5.12,5.16,4.9,4.98,144444831.0,0.0,0.0,4.695358893938424,4.5058594508670495,0.1828571428571429,0.0367183017785353,68.04692057291149,1.7580741573197445,0.3076923076911248,5.15,5.16,5.16,920886142.0,640406855.85,206431572.4662908,4753.8697,0.0063849401733904,0.0310559006211181,0.0246709604477277,1.5566310487657304,1.0363250792909129,-0.9296874999949148,0.3076923076911248,0.5642189811490533,1.3587034328084713,0.0246709604477277,0.8916666666666667,1.1105193192312883,0.9580043233385952,0.4621911390838947,-0.5659146818155444,1.2876830064923386,1.0201205256739565,0.5740418964331154,1.1694917705788848,0.0,,,,,,,,,,,,,,,0.028537894030845,0.1,722101607.0,144444831,48,4.999151593039699,2026-01-30,4.729148284646598,4.74,4.88,4.62,-0.05037183039224946,-0.05400982614110461,-0.048192771084337394
2026-01-30,4.85,4.88,4.62,4.74,127621311.0,0.0,0.0,4.69961042784905,4.513536190182884,0.2007142857142858,0.0423447860156631,54.44155939037494,1.4776737564444211,0.4615384615366872,5.16,5.16,5.16,793264831.0,660504955.45,200688061.35687688,4706.3401,0.0008173317977517,-0.0443548387096773,-0.0451721705074291,0.2012291850926982,0.9270602588303734,-2.092526690381032,0.4615384615366872,0.3904690650380144,0.661523533848471,-0.0451721705074291,0.9416666666666668,-0.1029567201939994,0.7468977271859141,-0.5406155669972602,-0.0506530232287738,0.8830866310484898,0.5131325405268315,-1.2815750492213245,1.408424141949867,0.0,,,,,,,,,,,,,,,0.028537894030845,0.1,603540104.0,127621311,48,4.729148284646598,2026-02-02,4.509625145101694,4.39,4.64,4.38,-0.04860229006293382,-0.0464191702885689,-0.07383966244725748
2026-02-02,4.6,4.64,4.38,4.39,112871701.0,0.0,0.0,4.670123720434855,4.509485823291642,0.2192857142857143,0.0499511877643882,41.4316262286092,1.2666513523153855,0.0384615384613897,5.16,5.16,5.16,680393130.0,672059834.95,194760080.2180264,4605.9799,-0.0214541900044273,-0.1184738955823294,-0.097019705577902,-1.277437161586349,0.7325506710080558,-3.5114006514497857,0.0384615384613897,0.2363766877138153,0.0427874903351402,-0.097019705577902,1.0,-1.4053868745037743,0.3626064526702361,-1.7346099850120833,-1.4245822810882391,0.5271059112008398,0.0634669813252471,-2.567672093412284,1.684344399839936,1.0,,,,,,,,,,,,,,,0.028537894030845,0.1,509009061.0,112871701,48,4.509625145101694,2026-02-03,4.452769165519964,4.5,4.53,4.38,0.01429821538040188,-0.012607695263426977,0.02505694760820054
2026-02-03,4.48,4.53,4.38,4.5,86918748.0,0.0,0.0,4.6539214613458215,4.509174812691915,0.2178571428571429,0.0484126984126876,45.8142941802848,0.9693676335568716,0.7999999999946654,5.16,5.16,5.16,767311878.0,684169811.2,192766197.20387748,4660.1074,-0.0096870772539756,-0.0835030549898167,-0.073815977735841,-0.7065247406005275,0.664410846277175,-3.0295081967074045,0.7999999999946654,-0.031111344247845,0.4313104061085226,-0.073815977735841,0.9916666666666668,-0.8925387553033045,0.2320273258199704,-1.3117470634620063,1.0685575380704964,-0.0819871206154923,0.3319532397782835,-1.920505000416605,1.6193966993222082,1.0,,,,,,,,,,,,,,,0.028537894030845,0.1,387029121.0,86918748,48,4.452769165519964,2026-02-04,4.531204708523966,4.58,4.6,4.47,0.006934379671992508,0.017615003178554245,0.017777777777777892
2026-02-04,4.53,4.6,4.47,4.58,72057571.0,0.0,0.0,4.646881322170029,4.511496949980705,0.2171428571428572,0.0474111041796527,48.81419518898991,0.7972455792323949,0.8461538461473403,5.16,5.16,5.16,839369449.0,699882666.0,191966912.791472,4698.6832,-0.0040924618896082,-0.1001964636542239,-0.0961040017646157,-0.3080060889395037,0.623480661395331,-2.6710526315666456,0.8461538461473403,-0.2265925181278581,0.7266188791165299,-0.0961040017646157,0.9833333333333332,-0.5374424354627678,0.1572829582666737,-1.0028763435091732,1.207386272911453,-0.5290542514049837,0.5346486452103261,-2.4072417687519643,1.5774233084004627,0.0,,,,,,,,,,,,,,,0.0286305826678434,0.1,326507605.0,72057571,48,4.531204708523966,2026-02-05,4.4541028986965205,4.43,4.55,4.39,-0.027488450066261882,-0.017015741902457915,-0.0327510917030569
2026-02-05,4.5,4.55,4.39,4.43,69583000.0,0.0,0.0,4.626225958153836,4.508824918833796,0.2235714285714287,0.0504675910996339,43.90589639256462,0.7627426659192725,0.2499999999984375,5.16,4.88,4.88,769786449.0,714751315.8,185168662.73902056,4670.4188,-0.0175543094923278,-0.1104417670682732,-0.0928874575759454,-0.8776879917384728,0.5251164697997457,-3.2651757188352355,0.2499999999984375,-0.2708345707455513,0.29721623727211,-0.0928874575759454,1.0,-1.024812327866983,-0.0380741921208434,-1.4814281351959155,-0.738725095763236,-0.6202189372392246,0.2317030331298529,-2.258175289439146,1.6287425643902684,0.0,,,,,,,,,,,,,,,0.0289618038660005,0.1,309929842.0,69583000,48,4.4541028986965205,2026-02-06,4.447556887923577,4.44,4.51,4.33,0.003963180118188969,-0.0014696586320129823,0.0022573363431153126
2026-02-06,4.36,4.51,4.33,4.44,53870001.0,0.0,0.0,4.608490152615375,4.506568364117934,0.2235714285714286,0.050353925353914,44.30793853399504,0.590151107695341,0.6111111111077188,5.16,4.64,4.64,823656450.0,729674313.15,181276592.17511475,4643.5959,-0.0133318456947044,-0.0632911392405063,-0.0499592935458018,-0.7536300755925547,0.4558802041398716,-3.2204472843306418,0.6111111111077188,-0.5273766601362865,0.518446070296889,-0.0499592935458018,0.9916666666666668,-0.9006183761110966,-0.172791692457095,-1.4327222811078155,0.4320911705217276,-1.1999204083982604,0.3884420643241211,-1.1911414760959838,1.554668140218243,1.0,,,,,,,,,,,,,,,0.0294908850636964,0.1,239589894.0,53870001,48,4.447556887923577,2026-02-09,4.5464033283925405,4.53,4.62,4.49,0.023964713601923426,0.022224885023362173,0.020270270270270174
2026-02-09,4.5,4.62,4.49,4.53,56082087.0,0.0,0.0,4.60101489998534,4.507336614474723,0.225,0.0496688741721744,47.925427938420974,0.616781464620662,0.3076923076899413,5.16,4.62,4.62,879738537.0,744242600.65,181043158.85807285,4719.0559,0.0245498248917672,0.0318906605922553,0.007340835700488,-0.3156217777112172,0.41634793560089,-2.7999999999875547,0.3076923076899413,-0.483240508058967,0.7484178756305332,0.007340835700488,0.975,-0.5032990128426682,-0.2447987299948001,-1.075141564826405,-0.5567103802927003,-1.0797388750120192,0.5549480300862988,0.2013233333257821,1.4425450837468372,0.0,,,,,,,,,,,,,,,0.0298624751105196,0.1,254971787.0,56082087,48,4.5464033283925405,2026-02-10,4.501054661472724,4.47,4.55,4.47,-0.006389699454144915,-0.009974624696540202,-0.013245033112582849
2026-02-10,4.53,4.55,4.47,4.47,43974300.0,0.0,0.0,4.588537290462926,4.506112463180469,0.2135714285714285,0.0477788430808458,45.79003231488582,0.4892925399319138,0.0,5.16,4.62,4.62,835764237.0,759864658.15,174674312.9633477,4724.2956,0.0137739743938092,-0.0066666666666667,-0.0204406410604759,-0.5550241024993982,0.3859356461367887,-3.230769230754105,0.0,-0.7147947272126188,0.4345205517764149,-0.0204406410604759,0.9583333333333334,-0.707921563344373,-0.2984412677651013,-1.4379392567059843,-1.5585640361374489,-1.58758844422715,0.3259753699886417,-0.4676132748550171,1.334453570705516,1.0,,,,,,,,,,,,,,,0.0304279554594286,0.1,197930728.0,43974300,48,4.501054661472724,2026-02-11,4.533289150443371,4.52,4.57,4.47,0.014158646631626803,0.007161541326427878,0.01118568232662187
2026-02-11,4.48,4.57,4.47,4.52,47544800.0,0.0,0.0,4.582009929466457,4.506567792256519,0.2100000000000001,0.0464601769911401,47.87436548852658,0.5372452044999789,0.4999999999949955,5.16,4.62,4.62,883309037.0,781617030.65,161074678.1335176,4713.8185,0.0032211790741711,-0.0131004366812228,-0.016321615755394,-0.2952853784102953,0.3592482724265667,-3.0476190476045364,0.4999999999949955,-0.6213006695114922,0.6313345308423075,-0.016321615755394,0.925,-0.4670881872250757,-0.3439506773923776,-1.2657075637528408,0.0902361178117259,-1.3485585500618822,0.4728925904802972,-0.3593019793739986,1.1488610446827665,0.0,,,,,,,,,,,,,,,0.031069682029574,0.1,215534326.0,47544800,48,4.533289150443371,2026-02-12,4.5527168050573215,4.55,4.59,4.49,0.007238231207371992,0.004285553815169596,0.006637168141592875
2026-02-12,4.52,4.59,4.49,4.55,47835600.0,0.0,0.0,4.578961364755366,4.5079917990677805,0.2035714285714286,0.044740973312392,49.13798830597799,0.5468429157325979,0.5999999999939982,5.16,4.62,4.62,931144637.0,802347953.65,152051136.08907396,4719.578,0.010525651361287,0.0270880361173815,0.0165623847560945,-0.1422663531835558,0.3486224279373039,-2.996491228055457,0.5999999999939982,-0.6035936919659927,0.8470616311248664,0.0165623847560945,0.9,-0.3221213949668871,-0.355758242561153,-1.20677671491481,0.4116380375267588,-1.28488784524296,0.6255535583060814,0.4314163482526539,1.0093383912902825,0.0,,,,,,,,,,,,,,,0.0312765106042342,0.1,217781940.0,47835600,48,4.5527168050573215,2026-02-13,4.467792128054408,4.42,4.53,4.41,-0.018067664163866293,-0.01865362609608745,-0.02857142857142858
2026-02-13,4.52,4.53,4.41,4.42,50815900.0,0.0,0.0,4.563822187159617,4.505106822049164,0.1971428571428572,0.0446024563671521,44.1440304961709,0.5856083180201506,0.083333333332637,4.88,4.62,4.62,880328737.0,823780267.2,129676288.6538088,4660.4056,0.0036199747699836,-0.0045045045045045,-0.0081244792744882,-0.7295328334146454,0.2978315621529578,-2.3333333333214967,0.083333333332637,-0.5351041121665321,0.4360740917791453,-0.0081244792744882,0.8916666666666667,-0.8308271282626962,-0.4511353786730053,-0.6486546705605152,-1.275541356002668,-1.1100040208473223,0.3350065039267866,-0.166265054840072,0.9542913777383044,1.0,,,,,,,,,,,,,,,0.0315382612375018,0.1,227034878.0,50815900,48,4.467792128054408,2026-02-24,4.543621149815007,4.54,4.58,4.5,0.02796858593099727,0.01697237015223907,0.02714932126696845
2026-02-24,4.5,4.58,4.5,4.54,52380600.0,0.0,0.0,4.56155340743013,4.506250860670503,0.1914285714285714,0.0421648835745659,49.269345247247486,0.6079152623461253,0.4999999999937499,4.64,4.59,4.59,932709337.0,844602339.25,110668267.10892728,4707.544,-0.0024394498060513,0.0022075055187638,0.0046469553248151,-0.1125924268732229,0.2888939009816127,-0.5223880596987617,0.4999999999937499,-0.4977197778702714,0.7961360564476813,0.0046469553248151,0.85,-0.2637281650713087,-0.4583466980163151,0.9031382909116282,0.1105520822647892,-1.0265206509650735,0.6224323870903593,0.1674461089490211,0.7407868313623668,1.0,,,,,,,,,,,,,,,0.0318313140194737,0.1,237997602.0,52380600,48,4.543621149815007,2026-02-25,4.693427606994406,4.69,4.76,4.54,0.033794627091278784,0.03297071922149519,0.03303964757709266
2026-02-25,4.54,4.76,4.54,4.69,75277300.0,0.0,0.0,4.573786416246308,4.5122754226157324,0.1864285714285714,0.0397502284495803,54.84677852688578,0.8699853527199934,0.681818181815085,4.62,4.76,4.76,1007986637.0,865787188.8,98718053.1546603,4735.8858,0.0024533181200598,0.0492170022371365,0.0467636841170766,0.6233678822003714,0.3299440271354158,0.3754789272010526,0.681818181815085,-0.1392789034292644,1.440460418898436,0.0467636841170766,0.8166666666666667,0.4452333095269281,-0.3600799925058082,1.6538837046695851,0.7035284129006948,-0.1576267856549349,1.082828278329303,1.2472481272322649,0.5722479379986675,0.0,,,,,,,,,,,,,,,0.0321598524549909,0.1,353308558.0,75277300,48,4.693427606994406,2026-02-26,4.67416133401041,4.66,4.74,4.65,-0.003377114283494742,-0.004104947300195616,-0.006396588486140775
2026-02-26,4.7,4.74,4.65,4.66,41608251.0,0.0,0.0,4.58199723374666,4.517118851382429,0.1742857142857143,0.0374003678724628,53.578059150657744,0.5021419196106749,0.1111111111098743,4.76,4.76,4.76,966378386.0,879145660.8,93195059.65157823,4726.8739,0.0027696017570466,0.0309734513274337,0.0282038495703871,0.4475568555493854,0.3722530135631197,-0.5737704917999844,0.1111111111098743,-0.6888724908570953,0.9360230630907996,0.0282038495703871,0.8,0.2937098017339852,-0.2581669836932539,0.8322106071413274,-1.187096422241121,-1.5205582812981502,0.6978842057141436,0.7784020879448451,0.4885157765085964,1.0,,,,,,,,,,,,,,,0.0324468947247383,0.1,194483678.0,41608251,48,4.67416133401041,2026-02-27,4.760146082207789,4.8,4.82,4.65,0.021490575581070592,0.018395759592577887,0.030042918454935563
2026-02-27,4.67,4.82,4.65,4.8,68488012.0,0.0,0.0,4.602759401961264,4.526393643140382,0.1607142857142857,0.0334821428571358,58.41272414396192,0.8356181862495858,0.8823529411712775,4.76,4.82,4.82,1034866398.0,891603488.4,96467903.99033496,4710.6469,-0.0018923513924339,0.0549450549450549,0.0568374063374889,1.2272748322333855,0.4751647215491962,0.2488888888873404,0.8823529411712775,-0.1795834852359599,1.4850836773063238,0.0568374063374889,0.6916666666666667,1.06186778519173,-0.0248865543300685,1.5055671609993402,1.3519355101376078,-0.2158827986706065,1.0893088228787748,1.4968408530796553,-0.0397096744618437,0.0,,,,,,,,,,,,,,,0.0325517849835403,0.1,326012942.0,68488012,48,4.760146082207789,2026-03-02,4.779620067995481,4.83,4.85,4.69,-0.004245819167608134,0.004091047932432312,0.006250000000000089
2026-03-02,4.8,4.85,4.69,4.83,80043849.0,0.0,0.0,4.624401363679239,4.536347949922665,0.1464285714285713,0.030316474415847,59.38876323141279,0.988809069489917,0.8749999999945333,4.82,4.85,4.85,1114910247.0,903050175.95,108012694.22651029,4728.6688,0.0146474804682237,0.0927601809954752,0.0781127005272515,1.4040882480346313,0.6013403866261569,0.0682926829263614,0.8749999999945333,-0.011254020102008,1.9614367789559477,0.0781127005272515,0.4833333333333333,1.249742117917988,0.2618911905556937,1.336709221340021,1.3131322364911855,0.2329268224452201,1.4298107666915714,2.011220805120149,-1.0491046813796,0.0,,,,,,,,,,,,,,,0.0321598524549909,0.1,382579187.0,80043849,48,4.779620067995481,2026-03-03,4.702430150817996,4.64,4.83,4.61,-0.026411977056315594,-0.016149801883700188,-0.03933747412008293
2026-03-03,4.82,4.83,4.61,4.64,78240000.0,0.0,0.0,4.6258869480907405,4.539746377794053,0.1514285714285713,0.0326354679802885,51.19389556478201,1.000369609976193,0.1363636363630137,4.85,4.85,4.85,1036670247.0,903934203.85,109025585.27152434,4655.8962,-0.010971283539782,0.0220264317180616,0.0329977152578436,0.0931993994001526,0.5688528227102182,-1.3867924528210316,0.1363636363630137,0.000369541687252,1.217476088932938,0.0329977152578436,0.625,-0.0286310531223775,0.2030414520538642,0.1157438806832546,-1.1116674296358935,0.2711307458729102,0.8735993710530573,0.8663354399157079,-0.3417702838379652,0.0,,,,,,,,,,,,,,,0.0321598524549909,0.1,367918135.0,78240000,48,4.702430150817996,2026-03-04,4.679174898241052,4.66,4.79,4.55,0.0084428660002267,-0.0049453690604843725,0.004310344827586299
2026-03-04,4.58,4.79,4.55,4.66,75501960.0,0.0,0.0,4.6291358101773366,4.543689119505723,0.1592857142857142,0.0341814837522918,51.94557407622304,0.9833465423626738,0.4583333333314245,4.85,4.85,4.85,1112172207.0,913798897.3,118116174.42635135,4602.6247,-0.0281385796929477,-0.0063965884861407,0.0217419912068069,0.1937662141320976,0.53643662304712,-1.1928251121001323,0.4583333333314245,-0.0167936854954082,1.6794762500853868,0.0217419912068069,0.7416666666666667,0.079614330978306,0.1439082027673825,0.2777062815031915,-0.0454837892592645,0.2330048481004265,1.204548108810014,0.57239909246549,0.2435333681388606,1.0,,,,,,,,,,,,,,,0.0321598524549909,0.1,353286876.0,75501960,48,4.679174898241052,2026-03-05,4.78785251209809,4.78,4.88,4.7,0.02743616139443983,0.023225807160551115,0.025751072961373467
2026-03-05,4.75,4.88,4.7,4.78,84558800.0,0.0,0.0,4.643503828255685,4.551437017226848,0.1614285714285712,0.0337716676628739,56.294937241781135,1.1506801197760153,0.4444444444419764,4.85,4.88,4.88,1196731007.0,920368899.0,129470831.36925232,4647.6921,-0.0167514094251592,0.0257510729613734,0.0425024823865327,0.8455515063754748,0.5703253780512152,-0.4336283185813812,0.4444444444419764,0.1403531760629546,2.13455111917689,0.0425024823865327,0.725,0.724646316229997,0.2360947668102775,0.9006766050475934,-0.0961911202238588,0.6382521460380919,1.5106296420034988,1.0778171479731262,0.1671159127615242,0.0,,,,,,,,,,,,,,,0.0321598524549909,0.1,404855063.0,84558800,48,4.78785251209809,2026-03-06,4.71424295927447,4.73,4.76,4.61,-0.013756703080654797,-0.015374231482198186,-0.010460251046025104
2026-03-06,4.72,4.76,4.61,4.73,53911809.0,0.0,0.0,4.651741558898001,4.557291541252197,0.1607142857142856,0.0339776502567128,54.09785766363435,0.7817919357626704,0.7999999999946702,4.88,4.88,4.88,1142819198.0,931465551.8,138252500.41617706,4660.439,-0.0106583874923844,-0.0145833333333331,-0.0039249458409487,0.4869414112982995,0.5876889986813468,-0.9333333333275232,0.7999999999946702,-0.2461666406385308,1.5287509850727397,-0.0039249458409487,0.7416666666666667,0.3737131607603456,0.2927201198339353,0.4778231038453192,1.0632965790983793,-0.3776309111929619,1.066020090159017,-0.0945177670657925,0.2565230230038701,1.0,,,,,,,,,,,,,,,0.0321598524549909,0.1,254153366.0,53911809,48,4.71424295927447,2026-03-09,4.76190776266248,4.82,4.94,4.63,0.006745827201369847,0.010110807567572877,0.019027484143763207
2026-03-09,4.72,4.94,4.63,4.82,109924617.0,0.0,0.0,4.667766172336287,4.565904933342289,0.1699999999999999,0.0352697095435611,57.32630623657811,1.6147706604962964,0.6129032258044749,4.88,4.94,4.94,1252743815.0,954439501.0,150970082.09655082,4615.4551,-0.0239419813034907,-0.0020703933747411,0.0218715879287496,0.8954931038989292,0.599183758784696,-0.3529411764685099,0.6129032258044749,0.4791929407061833,1.9759167502421016,0.0218715879287496,0.8,0.7711005195642789,0.3347565866909298,0.9465596975728224,0.4394392680369789,1.4977641155020769,1.3657668116741737,0.5425343967175431,0.5552420201436921,1.0,,,,,,,,,,,,,,,0.0321598524549909,0.1,523450887.0,109924617,48,4.76190776266248,2026-03-10,4.88001762178259,4.89,5.03,4.79,0.01245178875157471,0.02480305478535194,0.014522821576763434
2026-03-10,4.81,5.03,4.79,4.89,119683692.0,0.0,0.0,4.6889312987804495,4.576531001101558,0.1814285714285713,0.0371019573473485,59.70042064844269,1.7493767966155185,0.4166666666649287,4.94,5.03,5.03,1372427507.0,989041219.85,163019369.17416948,4674.7562,0.0040507775925071,0.0538793103448276,0.0498285327523204,1.1082526838811766,0.6195291998014986,-0.2755905511795873,0.4166666666649287,0.5592596082912797,2.3517836505697125,0.0498285327523204,0.85,0.9663238195911088,0.3948851651639101,0.9942018734592394,-0.2148477661481391,1.6713878298581304,1.6007745801975293,1.234175656494433,0.8139958486061949,0.0,,,,,,,,,,,,,,,0.0321598524549909,0.1,584058526.0,119683692,48,4.88001762178259,2026-03-11,4.851910513066567,4.89,4.95,4.78,-0.007789261131581293,-0.005759632627260092,0.0
2026-03-11,4.85,4.95,4.78,4.89,96049330.0,0.0,0.0,4.708080698896596,4.586808673196589,0.1864285714285713,0.0381244522348738,59.70042064839159,1.3946149984858884,0.6470588235256024,5.03,5.03,5.03,1372427507.0,1019297001.3,174788328.04757127,4704.4959,0.022133284080277,0.0493562231759656,0.0272229390956886,0.9758123430781552,0.650501287276246,-0.7509578544021056,0.6470588235256024,0.3326183904335106,2.020332305048941,0.0272229390956886,0.8666666666666667,0.8230753326273267,0.4786322248114351,0.5864231865037469,0.5434148595184352,1.0677436782513097,1.3418591770546977,0.6448120863100225,0.9042794626123308,0.0,,,,,,,,,,,,,,,0.0321598524549909,0.1,466022754.0,96049330,48,4.851910513066567,2026-03-12,4.951500743111371,4.92,5.04,4.87,0.01257683908207996,0.02052598245095405,0.006134969325153339
2026-03-12,4.88,5.04,4.87,4.92,93372276.0,0.0,0.0,4.7282634894778734,4.597732978993422,0.1914285714285713,0.0389082462253114,60.784817456258445,1.3350853366832134,0.2941176470570925,5.03,5.04,5.04,1465799783.0,1050618518.0,194729203.5436273,4687.5601,0.008578020906333,0.0292887029288702,0.0207106820225371,1.0016086370506527,0.6818758010346173,-0.574626865668642,0.2941176470570925,0.2889952124183985,2.132095532897213,0.0207106820225371,0.875,0.8383046530560434,0.5626532156154103,0.7236668380113481,-0.6097636379112817,0.940729449648602,1.394384751635269,0.4686902825602006,0.9514622848183608,0.0,,,,,,,,,,,,,,,0.0321598524549909,0.1,462332894.0,93372276,48,4.951500743111371,2026-03-13,4.906155206590211,4.84,4.98,4.82,-0.0028139824003636793,-0.009157937941188021,-0.016260162601625994
2026-03-13,4.94,4.98,4.82,4.84,86382917.0,0.0,0.0,4.738905061908552,4.605676160010031,0.1928571428571428,0.0398465171192361,56.42458627336469,1.2204889256376117,0.1249999999992159,5.04,5.04,5.04,1379416866.0,1081100038.85,196092898.2213325,4669.14,0.001866991500157,0.0232558139534881,0.0213888224533311,0.524195975286271,0.6908165283591201,-1.037037037031661,0.1249999999992159,0.1992515371821919,1.5213035752742368,0.0213888224533311,0.8916666666666667,0.3683035594723801,0.5929510879591113,0.3343005716051392,-1.1593697842527482,0.6939288593464702,0.9540695967523952,0.4792531147476939,1.0398614570730575,0.0,,,,,,,,,,,,,,,0.0321598524549909,0.1,423807998.0,86382917,48,4.906155206590211,2026-03-16,4.794322443900954,4.77,4.92,4.7,-0.009437511590711822,-0.022794379301135148,-0.01446280991735538
2026-03-16,4.86,4.92,4.7,4.77,79621230.0,0.0,0.0,4.7418664845839285,4.611063826894948,0.197142857142857,0.0413297394429383,52.8521091276677,1.1048550266862702,0.3181818181803695,5.04,5.04,5.04,1299795636.0,1104906998.15,192258111.81942716,4671.5591,0.0121556810291578,-0.0103734439834026,-0.0225291250125605,0.1427062376170282,0.6634917418972615,-1.3695652173843602,0.3181818181803695,0.099714128793576,1.0136822629000093,-0.0225291250125605,0.9,-0.0065149805901852,0.5414489838280286,0.052018360074841,-0.5213803725470929,0.421095499509902,0.5905223378299733,-0.640981383720631,1.0766273547315683,0.0,,,,,,,,,,,,,,,0.0321598524549909,0.1,381729850.0,79621230,48,4.794322443900954,2026-03-17,4.707950594959978,4.63,4.81,4.61,-0.013008261014679667,-0.01801544429929902,-0.02935010482180289
2026-03-17,4.78,4.81,4.61,4.63,71689528.0,0.0,0.0,4.731212533671173,4.61168468502954,0.1957142857142856,0.0422709040419532,46.5096352342905,0.9841347139084906,0.0999999999994982,5.04,5.04,5.04,1228106108.0,1122325376.7,186771627.6301594,4637.4392,-0.0079826622830084,-0.0531697341513291,-0.0451870718683207,-0.517144332623791,0.6107262339322316,-2.094890510938203,0.0999999999994982,-0.0159924869218854,0.566364027781909,-0.0451870718683207,0.9083333333333332,-0.6486982000821805,0.4309312043208717,-0.5545095984537262,-1.255010008668537,0.1051851664345273,0.2696659833491342,-1.2011735931602678,1.107388983176338,0.0,,,,,,,,,,,,,,,0.0321598524549909,0.1,337510756.0,71689528,48,4.707950594959978,2026-03-18,4.5623523552233625,4.58,4.63,4.51,-0.014610722413960553,-0.030926033907935024,-0.010799136069114423
2026-03-18,4.61,4.63,4.51,4.58,58225900.0,0.0,0.0,4.716811339988205,4.610645842897424,0.1978571428571427,0.0432002495321178,44.4576712794571,0.7915664323354245,0.583333333328474,5.04,5.04,5.04,1169880208.0,1139031175.25,174962184.32025868,4658.3324,-0.0098126347607189,-0.0633946830265848,-0.0535820482658658,-0.6914652562545788,0.5365765195896823,-2.324909747280669,0.583333333328474,-0.2337414709842863,0.1763182876908563,-0.0535820482658658,0.9166666666666666,-0.8101584522562827,0.2667635313693555,-0.7397255999613891,0.3757096946062909,-0.484671518791148,-0.0070944118546838,-1.3960320845302912,1.1357670507964142,0.0,,,,,,,,,,,,,,,0.0321598524549909,0.1,265647072.0,58225900,48,4.5623523552233625,2026-03-19,4.39778908011112,4.35,4.51,4.32,-0.039784043643860345,-0.036069830276005965,-0.05021834061135377
2026-03-19,4.51,4.51,4.32,4.35,97082215.0,0.0,0.0,4.6818769266559945,4.602100077556525,0.2042857142857141,0.0469622331691189,36.48379766652888,1.2768147788038635,0.1578947368412712,5.04,4.98,4.98,1072797993.0,1148505623.05,165745744.75078303,4583.2511,-0.0222523013624933,-0.1158536585365854,-0.0936013571740921,-1.6245723682381772,0.3905160445409472,-3.377622377605847,0.1578947368412712,0.2443685225241317,-0.4567696755282297,-0.0936013571740921,0.9416666666666668,-1.6844485077916784,-0.0784472167934514,-1.584926171269797,-1.053054042631518,0.7816221295653049,-0.445738894168823,-2.332512475405588,1.2423304471612504,0.0,,,,,,,,,,,,,,,0.0325382751597656,0.1,426947105.0,97082215,48,4.39778908011112,2026-03-20,4.312601817188591,4.26,4.39,4.25,-0.008597283404921496,-0.019370474884251587,-0.020689655172413723
2026-03-20,4.35,4.39,4.25,4.26,69745100.0,0.0,0.0,4.641698171736376,4.590883681571064,0.2028571428571428,0.0476190476190364,33.92003243770672,0.9042519309141418,0.0714285714280598,5.04,4.92,4.92,1003052893.0,1152101035.85,161722786.9872017,4567.0179,-0.0218717151338363,-0.1198347107438017,-0.0979629956099653,-1.8816107057334253,0.250493965602415,-3.845070422516259,0.0714285714280598,-0.1006472727757741,-0.9216273453276264,-0.0979629956099653,0.95,-1.8873949766869504,-0.4170278120702602,-1.9235966680569148,-1.3352725877161982,-0.1629840079880546,-0.7647714522922052,-2.370545879376185,1.2639330146482557,0.0,,,,,,,,,,,,,,,0.0330588054187121,0.1,300782845.0,69745100,48,4.312601817188591,2026-03-23,4.070362478235297,3.99,4.17,3.96,-0.044515850179507654,-0.05617011475249334,-0.06338028169014076
2026-03-23,4.16,4.17,3.96,3.99,78958120.0,0.0,0.0,4.579631679190054,4.571182577257259,0.2085714285714285,0.0522735409953323,27.644001679655247,1.005358534509791,0.1428571428564637,5.04,4.81,4.81,924094773.0,1154289337.65,158290255.03792205,4417.9971,-0.0542778105921855,-0.1635220125786162,-0.1092442019864307,-2.8270012015825974,0.0405093928282761,-5.03424657531833,0.1428571428564637,0.0053442286466297,-1.45425607277499,-0.1092442019864307,1.0,-2.680286160136692,-0.9452089394193028,-2.770657789682809,-1.0788894343215876,0.1145592209963673,-1.1276406130528185,-2.556294460026117,1.484337350032176,1.0,,,,,,,,,,,,,,,0.0336269052600049,0.1,321388169.0,78958120,48,4.070362478235297,2026-03-24,4.022055315933019,4.07,4.08,3.96,0.008033913767673928,-0.01186802466870751,0.020050125313283207
2026-03-24,4.06,4.08,3.96,4.07,62588947.0,0.0,0.0,4.531095328791001,4.55475036160948,0.1999999999999999,0.049140049140037,31.67768925106934,0.7917871464904801,0.9166666666590296,5.04,4.63,4.63,986683720.0,1156988056.8,154913585.8274187,4474.7224,-0.0350876406099297,-0.120950323974082,-0.0858626833641522,-2.3054766439434777,-0.1182751640918004,-4.849999999975751,0.9166666666590296,-0.2334626777198672,-1.099350556572406,-0.0858626833641522,0.9583333333333334,-2.143004148167419,-1.3501437721736285,-2.532898128057172,1.4901571849572093,-0.562504550671652,-0.8821309418122536,-1.966499705009914,1.2598267552396798,1.0,,,,,,,,,,,,,,,0.0338746589597933,0.1,251736207.0,62588947,48,4.022055315933019,2026-03-25,4.132996974457613,4.17,4.17,4.09,0.015478372102607496,0.02758332489488846,0.02457002457002444
2026-03-25,4.12,4.17,4.09,4.17,66963200.0,0.0,0.0,4.496705297477572,4.54213559565507,0.1914285714285713,0.0459061322370564,36.44702910545653,0.8516025348114165,0.9999999999875,5.04,4.51,4.51,1053646920.0,1159271070.95,153025832.109925,4537.4656,-0.0259463665581271,-0.0895196506550218,-0.0635732840968947,-1.7066694644261626,-0.2373224531647964,-4.544776119379247,0.9999999999875,-0.1606353694390409,-0.6902373899468536,-0.0635732840968947,0.9,-1.5839355901112488,-1.6463292529276092,-2.2383549590294165,1.7275216698327849,-0.3563313408708081,-0.6091537406661715,-1.4315744259470229,0.9628769578692752,0.0,,,,,,,,,,,,,,,0.0340390636913617,0.1,276758703.0,66963200,48,4.132996974457613,2026-03-26,4.128311038092568,4.09,4.2,4.06,-0.009997352975403273,-0.0011337865461804597,-0.01918465227817745
2026-03-26,4.16,4.2,4.06,4.09,60601349.0,0.0,0.0,4.457971459622565,4.52731147776474,0.1892857142857142,0.0462801257422171,34.379417735958484,0.7614990977589468,0.2142857142841845,5.04,4.39,4.457971459622565,993045571.0,1160604430.2,151447330.42337117,4477.5343,-0.0230658974805024,-0.0597701149425287,-0.0367042174620262,-1.9440001640334683,-0.3663246241454058,-5.018867924501789,0.2142857142841845,-0.2724662914684409,-1.10638370931722,-0.0367042174620262,0.9,-1.7780397171844842,-1.955601308949378,-2.516695031197941,-0.8456096695783092,-0.674566527854782,-0.9172018550922107,-0.8191528000525121,0.95051131160661,1.0,,,,,,,,,,,,,,,0.0341409804391512,0.1,250181218.0,60601349,48,4.128311038092568,2026-03-27,4.113770086601656,4.13,4.16,4.01,0.005811757115319338,-0.0035222519225757143,0.009779951100244544
2026-03-27,4.02,4.16,4.01,4.13,45439431.0,0.0,0.0,4.426736082515654,4.514284871936388,0.1778571428571428,0.0430646835005084,36.32448198942855,0.5793686940389884,0.7999999999946654,4.98,4.2,4.426736082515654,1038485002.0,1160785360.4,151299095.35997507,4502.5698,-0.0141116372677233,-0.0305164319248826,-0.0164047946571592,-1.6683956446569477,-0.4922421895114,-4.779116465836588,0.7999999999946654,-0.5458162267963503,-0.8083350274436185,-0.0164047946571592,0.8583333333333333,-1.5363173471052942,-2.233245913742517,-2.299541457627394,1.0545397094142872,-1.4268063847875214,-0.7237426065164956,-0.3638849091975508,0.740821152240317,1.0,,,,,,,,,,,,,,,0.0347255966479264,0.1,186927372.0,45439431,48,4.113770086601656,2026-03-30,4.244111152967667,4.31,4.31,4.19,0.027629819120500443,0.03168409114318882,0.04358353510895885
2026-03-30,4.23,4.31,4.19,4.31,103610477.0,0.0,0.0,4.4156183603713055,4.507587007282735,0.1735714285714285,0.0402717931720158,44.32231350964525,1.3015157938880235,0.9999999999916668,4.92,4.31,4.4156183603713055,1142095479.0,1162144622.0,151002675.29588258,4491.95,0.016739010534887,0.0802005012531326,0.0634614907182455,-0.6085008416418782,-0.5298605171821399,-3.514403292160826,0.9999999999916668,0.2635295805213988,-0.1327734290847142,0.0634614907182455,0.8166666666666667,-0.6104004007583842,-2.265570234641426,-1.3947885933907236,1.6768876964052069,0.8147656389380112,-0.2564430123137081,1.468580864411564,0.5337141459027182,0.0,,,,,,,,,,,,,,,0.0359940056610482,0.1,439734381.0,103610477,48,4.244111152967667,2026-03-31,4.1659390911077425,4.14,4.29,4.09,-0.03342480484739141,-0.018418947817910758,-0.03944315545243615
2026-03-31,4.29,4.29,4.09,4.14,94555586.0,0.0,0.0,4.389368992716896,4.495534974257072,0.177142857142857,0.0427881297446411,39.30154203161629,1.1757234227828648,0.2499999999987489,4.81,4.31,4.389368992716896,1047539893.0,1162688104.3,150569033.43609363,4450.0493,-0.0055138839450689,0.017199017199017,0.0227129011440859,-1.4077281846842078,-0.5993240893363208,-3.782258064494779,0.2499999999987489,0.1618836371077264,-0.7647536061847178,0.0227129011440859,0.85,-1.3396792415734873,-2.367862348995212,-1.5871782891573218,-0.7371094883921612,0.5184715314671113,-0.7260147062407812,0.5077404072590662,0.6852493806384454,0.0,,,,,,,,,,,,,,,0.0369101295629419,0.1,393912812.0,94555586,48,4.1659390911077425,2026-04-01,4.149729574121394,4.15,4.22,4.12,0.0023501386766653365,-0.003890963509511791,0.0024154589371983004
2026-04-01,4.2,4.22,4.12,4.15,55305173.0,0.0,0.0,4.366571945791477,4.484205958707659,0.172142857142857,0.0414802065404374,39.73401212024977,0.6964204266374038,0.2999999999970035,4.63,4.31,4.366571945791477,1102845066.0,1162221747.25,150739122.35590652,4526.0668,-0.0025121512766952,-0.0047961630695442,-0.0022840117928489,-1.258094290897534,-0.6833511123721953,-2.7883817427223905,0.2999999999970035,-0.3618017397586444,-0.3939035886769139,-0.0022840117928489,0.8166666666666667,-1.2075600492909084,-2.4909991954160464,-0.8812569691617222,-0.5765046722074149,-0.9603998413031032,-0.4628704102962523,-0.089815031960899,0.516114275546877,0.0,,,,,,,,,,,,,,,0.0372511626099056,0.1,229501512.0,55305173,48,4.149729574121394,2026-04-02,4.122973083205504,4.09,4.19,4.06,-0.006512510070962985,-0.006447767363625179,-0.014457831325301318
2026-04-02,4.17,4.19,4.06,4.09,50262300.0,0.0,0.0,4.3402317604780025,4.47128117317626,0.1699999999999999,0.0415647921760289,37.98525537927591,0.6468876052306841,0.2307692307674561,4.51,4.31,4.3402317604780025,1052582766.0,1155014335.2,152354281.46337968,4478.9141,0.0003081606767367,0.0,-0.0003081606767367,-1.471951532214887,-0.7708788982205114,-2.4705882352795854,0.2307692307674561,-0.4355827163713082,-0.672324848479042,-0.0003081606767367,0.8166666666666667,-1.4058755552225883,-2.6058443457862484,-0.6699242800285308,-0.8058661326655524,-1.182539966551898,-0.6744911737942284,-0.0509016467430561,0.5072259370068133,0.0,,,,,,,,,,,,,,,0.0377624100536683,0.1,207230110.0,50262300,48,4.122973083205504,2026-04-03,3.998944988573294,3.98,4.11,3.96,-0.022262838979634658,-0.030082198483765255,-0.02689486552567233
2026-04-03,4.09,4.11,3.96,3.98,55134000.0,0.0,0.0,4.305923973765812,4.455173593727857,0.1649999999999999,0.0414572864321503,34.94842388725915,0.7090298804306896,0.1333333333324442,4.39,4.31,4.31,997448766.0,1147745813.6,156182281.43830118,4440.7889,-0.0137212531385967,-0.0363196125907989,-0.0225983594522022,-1.9752968106899196,-0.904543151279642,-2.484848484833424,0.1333333333324442,-0.3438576088660042,-0.9623181721761044,-0.0225983594522022,0.8,-1.833389239095937,-2.8041480140333364,-0.6865550841522703,-1.107806855882932,-0.9165089577985482,-0.888432679604486,-0.5765684146421222,0.4188960308063754,1.0,,,,,,,,,,,,,,,0.0385163492300926,0.1,220477833.0,55134000,48,3.998944988573294,2026-04-07,4.027661150041361,4.05,4.06,3.99,0.011975163326975125,0.0071809343589674945,0.017587939698492372
2026-04-07,3.99,4.06,3.99,4.05,40487796.0,0.0,0.0,4.281550261978592,4.4418892136056325,0.1564285714285714,0.038624338624329,38.32742078869986,0.5450117791580602,0.857142857130614,4.31,4.29,4.29,1037936562.0,1137005450.95,155978281.2360974,4440.6162,-0.0114279544518526,-0.0603248259860788,-0.0488968715342261,-1.480229985241811,-1.0249978642758988,-1.662100456610378,0.857142857130614,-0.606947871418398,-0.6351454071996336,-0.0488968715342261,0.75,-1.374339095929077,-2.9441906547457664,-0.0850503461258191,1.2464112671045724,-1.6412509829672537,-0.649499727643579,-1.1837185786009488,0.1715663558048149,1.0,,,,,,,,,,,,,,,0.0387662924248202,0.1,163071123.0,40487796,48,4.027661150041361,2026-04-08,4.152364206865546,4.17,4.17,4.11,0.025275112806307787,0.030961655456766657,0.029629629629629672
2026-04-08,4.11,4.17,4.11,4.17,53828200.0,0.0,0.0,4.27092642750444,4.432974813159546,0.1564285714285714,0.0375128468653558,43.72402862421023,0.758195414148251,0.9999999999833332,4.31,4.22,4.27092642750444,1091764762.0,1122972313.7,146504109.32592586,4595.556,0.0326977725842272,0.0072463768115942,-0.025451395772633,-0.6451917739968627,-1.0359257530397148,-0.8949771689440483,0.9999999999833332,-0.27681412425867,-0.2130148556486767,-0.025451395772633,0.7333333333333333,-0.6181101884939434,-2.8412622777823744,0.4847002504707864,1.7133728399349113,-0.7021963458699974,-0.338794254036113,-0.6219808690802745,0.0849370646241907,0.0,,,,,,,,,,,,,,,0.0387662924248202,0.1,223514291.0,53828200,48,4.152364206865546,2026-04-09,4.16533949277609,4.18,4.2,4.11,-0.0011176276316331446,0.0031247947588723957,0.0023980815347721673
2026-04-09,4.14,4.2,4.11,4.18,49993700.0,0.0,0.0,4.262266767742112,4.42468055699038,0.1442857142857143,0.0345181134654736,44.162516933749714,0.7277911413228272,0.7777777777691303,4.31,4.2,4.262266767742112,1141758462.0,1111438861.45,135043270.19055885,4566.2237,0.00887236131822,0.0072289156626503,-0.0016434456555696,-0.5701657170205888,-1.125640123495049,-0.9009900990036556,0.7777777777691303,-0.3177411657346718,0.2245176713153948,-0.0016434456555696,0.65,-0.5427919615404023,-2.900299720185688,0.4828732280249282,0.9869881710923244,-0.8090323408518288,-0.0189906258560361,-0.0534447884649714,-0.3214346365779718,0.0,,,,,,,,,,,,,,,0.0387662924248202,0.1,208240733.0,49993700,48,4.16533949277609,2026-04-10,4.170870782836959,4.15,4.21,4.14,-0.0021840232447466468,0.0013279325899995253,-0.007177033492822837
2026-04-10,4.18,4.21,4.14,4.15,40456700.0,0.0,0.0,4.251574694623816,4.415674637089056,0.1392857142857143,0.0335628227194411,43.0780970609912,0.6125478679021862,0.142857142855111,4.31,4.21,4.251574694623816,1101301762.0,1093213960.4,107847543.82299444,4636.5655,0.0351985763692139,0.0146699266503669,-0.020528649718847,-0.7292542178067738,-1.1781534330753176,-1.148717948709696,0.142857142855111,-0.4901281879398995,0.074992914194449,-0.020528649718847,0.5833333333333334,-0.6774258982283462,-2.8778478989403933,0.3036117910021364,-1.0714307735360362,-1.2717083610511797,-0.1342115408822696,-0.4897173418004728,-0.6411038341955131,1.0,,,,,,,,,,,,,,,0.0387662924248202,0.1,168739668.0,40456700,48,4.170870782836959,2026-04-13,4.28079351298729,4.33,4.39,4.11,0.031516509153563854,0.026354863498207814,0.04337349397590362
2026-04-13,4.12,4.39,4.11,4.33,124481088.0,0.0,0.0,4.25904377132631,4.412865632594333,0.1378571428571428,0.0318376773342057,50.87283141678066,1.8319107648275383,0.7857142857114806,4.31,4.39,4.39,1225782850.0,1085532259.6,91406807.99189256,4646.1546,0.0462453191593954,0.0879396984924623,0.0416943793330668,0.5147083945204457,-1.1158062475319748,0.1450777202062048,0.7857142857114806,0.6053595559103353,1.5343560669183396,0.0416943793330668,0.4666666666666667,0.4258284239504455,-2.6470367426771437,1.252222958788671,1.0205404199179016,1.740877246993264,0.930286392977185,0.9791310488087476,-1.189174278778441,1.0,,,,,,,,,,,,,,,0.0387662924248202,0.1,532877834.0,124481088,48,4.28079351298729,2026-04-14,4.358252234005685,4.37,4.43,4.28,0.006524765359280593,0.01809447729337954,0.009237875288683695
2026-04-14,4.32,4.43,4.28,4.37,92625100.0,0.0,0.0,4.269611031199994,4.411460202017469,0.1399999999999999,0.0320366132723038,52.431707661817576,1.3501867457488714,0.5999999999960012,4.39,4.43,4.43,1318407950.0,1086462875.3,93650697.47382054,4701.2837,0.0587007496842442,0.0790123456790123,0.0203115959947681,0.717064062852065,-1.0132083629747302,-0.1428571428561194,0.5999999999960012,0.3002429130679496,2.4767041886136387,0.0203115959947681,0.475,0.5990279023455806,-2.3677859813458157,1.0291957053054723,0.4097620302029577,0.8877235534550395,1.594391233929843,0.4748818245839123,-1.1346818636945544,0.0,,,,,,,,,,,,,,,0.0387662924248202,0.1,403683549.0,92625100,48,4.358252234005685,2026-04-15,4.32901430195105,4.29,4.43,4.27,-0.009378878272070956,-0.006708636968393855,-0.01830663615560646
2026-04-15,4.4,4.43,4.27,4.29,56202262.0,0.0,0.0,4.271552837752376,4.407477900311979,0.1442857142857143,0.0336330336330257,49.0775211910991,0.8286078808802095,0.1249999999992215,4.43,4.43,4.43,1262205688.0,1088167854.3,96481514.94583124,4685.2464,0.0195167679384171,0.0287769784172662,0.009260210478849,0.1278516195371042,-0.9420548890204232,-0.9702970296962432,0.1249999999992215,-0.1880082383048844,1.803846403092988,0.009260210478849,0.5833333333333334,0.0678480066612769,-2.1692366747110747,0.4138813365013428,-1.1505733877400723,-0.4549906467573808,1.0824469439307094,0.2085719190170058,-0.6121164763808015,1.0,,,,,,,,,,,,,,,0.0387662924248202,0.1,243300396.0,56202262,48,4.32901430195105,2026-04-16,4.384442416828188,4.46,4.49,4.29,0.022014549377199932,0.012803865039705986,0.039627039627039506
2026-04-16,4.29,4.49,4.29,4.46,71690094.0,0.0,0.0,4.289500186537864,4.409199936367323,0.1485714285714285,0.0333119795003128,55.58047576987632,1.0465624360265096,0.8499999999957488,4.43,4.49,4.49,1333895782.0,1096368633.0,109209410.0349572,4736.6077,0.0373139844199923,0.0669856459330144,0.0296716615130221,1.1475948982951163,-0.8056713930774787,0.2019230769217195,0.8499999999957488,0.045510922879132,2.174969619595685,0.0296716615130221,0.5333333333333333,0.9614653484122688,-1.872046526069484,1.2543827521935793,1.210976139333072,0.1796535738736009,1.3304339459418129,0.6793584430289444,-0.8393270181597503,0.0,,,,,,,,,,,,,,,0.0387662924248202,0.1,314321089.0,71690094,48,4.384442416828188,2026-04-17,4.4968936144236045,4.48,4.54,4.41,0.0082721108573105,0.025647776137693423,0.004484304932735439
2026-04-17,4.43,4.54,4.41,4.48,74158051.0,0.0,0.0,4.30764302591521,4.41152124992905,0.147142857142857,0.0328443877550946,56.28772158430589,1.1010138015811148,0.5384615384573991,4.49,4.54,4.54,1408053833.0,1113131425.0,128356178.2151512,4728.6716,0.0198651566552872,0.0795180722891566,0.0596529156338694,1.1713580762964402,-0.7059685127106219,-0.0679611650480803,0.5384615384573991,0.0962313931579913,2.29768766958494,0.0596529156338694,0.5166666666666667,0.966470456544083,-1.6579884070415265,1.0393135600133736,0.1900472266923515,0.310125840778161,1.3938402836679424,1.3634158351084351,-0.9089697619122958,0.0,,,,,,,,,,,,,,,0.0387662924248202,0.1,333480866.0,74158051,48,4.4968936144236045,2026-04-20,4.446479979007516,4.49,4.53,4.39,-0.007482147542965278,-0.01121076897491835,0.0022321428571427937
2026-04-20,4.45,4.53,4.39,4.49,70661482.0,0.0,0.0,4.325010356780428,4.414094323701868,0.1442857142857143,0.0321349029589492,56.65929712735822,1.048387563892882,0.7142857142806132,4.54,4.54,4.54,1478715315.0,1136914546.1,148278071.56742778,4757.4419,0.0239525606831938,0.0369515011547343,0.0129989404715404,1.1434925767613864,-0.6174136321245148,-0.3465346534629435,0.7142857142806132,0.0472533304098105,2.305133626886765,0.0129989404715404,0.45,0.9359018704659062,-1.4726939007552284,0.8342402094630663,0.7704145576050704,0.1894317908713714,1.3768112170531337,0.2638223307659724,-1.2060183003709626,1.0,,,,,,,,,,,,,,,0.0387662924248202,0.1,314194865.0,70661482,48,4.446479979007516,2026-04-21,4.565854717271051,4.6,4.67,4.44,0.01689414638553477,0.026847020300804436,0.024498886414253684
2026-04-21,4.47,4.67,4.44,4.6,98921600.0,0.0,0.0,4.351199846610864,4.420189591777216,0.145,0.0315217391304279,60.62434833381337,1.4462576005587318,0.695652173910017,4.54,4.67,4.67,1577636915.0,1169591653.2,168421467.48753548,4767.997,0.0141904433463566,0.0526315789473683,0.0384411356010117,1.7158631268097957,-0.4757913459715657,0.4137931034454194,0.695652173910017,0.3689792548680207,2.422762774170689,0.0384411356010117,0.4083333333333333,1.423950049918819,-1.2014193856243425,1.370641499529073,0.7062503885159692,1.0742659976501578,1.4345980909424,0.853654316538704,-1.3772471431912836,1.0,,,,,,,,,,,,,,,0.0387662924248202,0.1,451661654.0,98921600,48,4.565854717271051,2026-04-22,4.628244868491378,4.65,4.69,4.55,0.006140188802473467,0.013664506447024216,0.010869565217391353
2026-04-22,4.58,4.69,4.55,4.65,59986599.0,0.0,0.0,4.379657004076496,4.42772435925993,0.1478571428571429,0.0317972350230346,62.31213067308007,0.878690089094383,0.7142857142806132,4.67,4.69,4.69,1637623514.0,1202138642.9,191275742.5993788,4799.627,0.0244129316229773,0.0839160839160839,0.0595031522931066,1.828406735702159,-0.3250932234606418,-0.135265700482174,0.7142857142806132,-0.1293230155989355,2.27673862446902,0.0595031522931066,0.4166666666666667,1.5028547699145942,-0.9210209096265782,0.968818558935555,0.7830914326203499,-0.31080719617887,1.3136241269061493,1.34049659580971,-1.3145459302332323,0.0,,,,,,,,,,,,,,,0.0387662924248202,0.1,277632669.0,59986599,48,4.628244868491378,2026-04-23,4.549919327276317,4.51,4.68,4.5,-0.02152272531692112,-0.016923378827315982,-0.03010752688172058
2026-04-23,4.68,4.68,4.5,4.51,55589421.0,0.0,0.0,4.392070622735877,4.430421921251408,0.1514285714285714,0.0335761799176358,55.180090120198656,0.82111986363413,0.0555555555552458,4.69,4.69,4.69,1582034093.0,1228558001.55,204943809.9999852,4786.3273,0.0104968794439108,0.0112107623318384,0.0007138828879276,0.7787789064560424,-0.2532632920820168,-1.188679245275173,0.0555555555552458,-0.1970861830679439,1.724746365601506,0.0007138828879276,0.575,0.5770423359648468,-0.784522794023016,0.2085263440556644,-1.3945481664034167,-0.4955404643550851,0.9091246665921836,-0.0302602500571467,-0.5671603570718569,0.0,,,,,,,,,,,,,,,0.0387662924248202,0.1,252927381.0,55589421,48,4.549919327276317,2026-04-24,4.50403757301502,4.49,4.57,4.45,-0.0013220458946741065,-0.010084080828915098,-0.0044345898004433115
2026-04-24,4.49,4.57,4.45,4.49,45213300.0,0.0,0.0,4.401397230094365,4.432375300882509,0.1492857142857142,0.0332484887050514,54.22525270092213,0.6755299609661528,0.3333333333305555,4.69,4.69,4.69,1536820793.0,1255746762.65,207944051.8735894,4769.3688,0.0086064762881821,0.0022321428571427,-0.0063743334310393,0.5935113773543457,-0.2075086081488537,-1.3397129186513144,0.3333333333305555,-0.3922577688035982,1.3516810306306175,-0.0063743334310393,0.5166666666666667,0.4104269631415248,-0.6960555804175361,0.1007589275766513,-0.4746308675301756,-1.0287195990349691,0.6335550026409491,-0.1948826603210596,-0.8256720173568607,1.0,,,,,,,,,,,,,,,0.0387662924248202,0.1,203642402.0,45213300,48,4.50403757301502,2026-04-27,4.616554849631988,4.61,4.72,4.49,0.02818593533006397,0.024981424953266718,0.026726057906458767
2026-04-27,4.55,4.72,4.49,4.61,79143129.0,0.0,0.0,4.421264160561568,4.438199061509311,0.1599999999999999,0.0347071583514024,58.82864625979156,1.1534326258873075,0.5217391304325156,4.69,4.72,4.72,1615963922.0,1284620708.65,215719054.36114675,4770.9469,0.0028387104422651,0.0267260579064587,0.0238873474641936,1.1795989964828275,-0.1058431309227327,-0.4999999999968756,0.5217391304325156,0.1427423885056402,1.5359941861940514,0.0238873474641936,0.65,0.9185886400468934,-0.5103725364563255,0.7121034724715026,0.1364316934055155,0.5052927279254817,0.7775461212954212,0.5063848225436505,-0.1975803458414125,0.0,,,,,,,,,,,,,,,0.0387662924248202,0.1,365368596.0,79143129,48,4.616554849631988,2026-04-28,4.477771109883582,4.48,4.59,4.41,-0.028683056424385733,-0.03006218798840199,-0.02819956616052055
2026-04-28,4.57,4.59,4.41,4.48,75436110.0,0.0,0.0,4.426858050031895,4.4395695840827765,0.1657142857142856,0.036989795918359,52.651222433819896,1.1224511780371378,0.3888888888867305,4.72,4.72,4.72,1540527812.0,1304542325.3,219992249.47126648,4758.2083,-0.0020530004528106,-0.0260869565217389,-0.0240339560689283,0.3206841808400789,-0.0767075330651996,-1.448275862060222,0.3888888888867305,0.1155148457348308,1.0726990940234122,-0.0240339560689283,0.7083333333333334,0.1773822197662823,-0.4529222748241011,0.0319572350589865,-0.2959085510224652,0.4568368144407157,0.4681067711526496,-0.6039651681750154,0.0805285810753832,0.0,,,,,,,,,,,,,,,0.0387662924248202,0.1,337785634.0,75436110,48,4.477771109883582,2026-04-29,4.495674365927743,4.5,4.54,4.43,0.0034987423945855856,0.003998251720514379,0.004464285714285587
2026-04-29,4.46,4.54,4.43,4.5,46920520.0,0.0,0.0,4.433823950028858,4.441550909194817,0.1671428571428571,0.0371428571428488,53.46089220251021,0.7238047380185043,0.636363636357852,4.72,4.72,4.72,1587448332.0,1331537747.25,219925248.5325653,4810.3468,0.0022334652255269,-0.0322580645161291,-0.034491529741656,0.3959250852950641,-0.0462296702234097,-1.31623931623144,0.636363636357852,-0.3232336218411704,1.1636253065873252,-0.034491529741656,0.7166666666666667,0.247392673464021,-0.3930392530635544,0.1314123751195496,0.5197827104006141,-0.84971070624791,0.541452313249153,-0.8393449156240336,0.125686872893693,0.0,,,,,,,,,,,,,,,0.0387662924248202,0.1,210939379.0,46920520,48,4.495674365927743,2026-04-30,4.498138480147345,4.47,4.56,4.44,-0.00041367107836776107,0.0005481078074240919,-0.00666666666666671
2026-04-30,4.46,4.56,4.44,4.47,45553100.0,0.0,0.0,4.437269288121347,4.442483666270396,0.1707142857142856,0.0381911153723148,52.02382404137726,0.708036415296204,0.2499999999979129,4.72,4.72,4.72,1541895232.0,1353490255.55,217905251.8139493,4807.3069,0.0043832355551614,-0.0088691796008869,-0.0132524151560483,0.1917280193717388,-0.0305444745130763,-1.464435146434937,0.2499999999979129,-0.3452597525769154,0.8646187959290812,-0.0132524151560483,0.7416666666666667,0.0739227487943921,-0.3586320284910146,0.0283566636397718,-0.7815034999417602,-0.902670864987518,0.333790829813762,-0.3350382279544952,0.2465172888100751,0.0,,,,,,,,,,,,,,,0.0387662924248202,0.1,204904152.0,45553100,48,4.498138480147345,2026-05-06,4.4926317480658335,4.48,4.54,4.47,0.005063030887211051,-0.0012242246666739343,0.0022371364653246406
2026-05-06,4.5,4.54,4.47,4.48,52283500.0,0.0,0.0,4.441338879728838,4.443713709999235,0.1557142857142857,0.0347576530612167,52.482345420425,0.811373206013004,0.142857142855111,4.72,4.72,4.72,1594178732.0,1380570053.85,212411545.2689869,4877.0932,0.0225867204901411,-0.0022271714922048,-0.0248138919823459,0.2482824237581627,-0.0152512035712587,-1.5412844036598223,0.142857142855111,-0.2090271506763913,1.0056359124900542,-0.0248138919823459,0.625,0.134472937073579,-0.3240671854464287,-0.0180757387684288,-1.1238636343182005,-0.4817638467946426,0.4502893717124505,-0.592502828666546,-0.2941355218659261,0.0,,,,,,,,,,,,,,,0.0387662924248202,0.1,234890512.0,52283500,48,4.4926317480658335,2026-05-07,4.481402889278085,4.48,4.53,4.44,0.000313144928143938,-0.0024993944345833574,0.0
2026-05-07,4.49,4.53,4.44,4.48,49389500.0,0.0,0.0,4.445020891183234,4.44490342442549,0.1514285714285714,0.0338010204081557,52.482345420370976,0.7698937164604347,0.4444444444395072,4.72,4.59,4.59,1594178732.0,1410406552.15,197916106.57450375,4900.5098,0.0271566426362868,-0.0281995661605205,-0.0553562087968073,0.2309941148261754,0.0007757238718887,-1.5849056603668874,0.4444444444395072,-0.2615028042323675,0.9285357469419524,-0.0553562087968073,0.5583333333333333,0.1284856242358695,-0.287509144387658,-0.0422813314894227,-0.1075232288787943,-0.6291605387165684,0.402334804445024,-1.2951227752343912,-0.5974403909582172,0.0,,,,,,,,,,,,,,,0.0387662924248202,0.1,221334248.0,49389500,48,4.481402889278085,2026-05-08,4.43516976076378,4.43,4.49,4.38,-0.01000674982951344,-0.010316664146604482,-0.011160714285714413
2026-05-08,4.47,4.49,4.38,4.43,59691296.0,0.0,0.0,4.443590330118164,4.444414787559081,0.1478571428571428,0.0333763302160518,49.72646169371255,0.9167587378188616,0.4545454545413193,4.72,4.56,4.56,1534487436.0,1435234095.85,179965238.0993833,4871.9122,0.023896368723496,-0.0111607142857144,-0.0350570830092105,-0.0919152761608778,-0.005576040663168,-1.9613526569915656,0.4545454545413193,-0.0869109407765752,0.5515139545737651,-0.0350570830092105,0.4833333333333333,-0.1507929621204337,-0.289801541326723,-0.3107843356164219,-0.0646856805494318,-0.1016746158428485,0.1292907847615191,-0.7999107107194586,-0.9351583662912396,0.0,,,,,,,,,,,,,,,0.0384077269983219,0.1,264741031.0,59691296,48,4.43516976076378,2026-05-11,4.470294288539712,4.45,4.57,4.42,0.009095776194065985,0.00791954528700689,0.004514672686230403
2026-05-11,4.45,4.57,4.42,4.45,85724609.0,0.0,0.0,4.444200774868816,4.444597909278455,0.1442857142857143,0.0324237560192543,50.83849425993464,1.285109801207928,0.1999999999986678,4.72,4.57,4.57,1620212045.0,1461656460.0,165836149.60469672,4951.8366,0.0294136381185654,-0.011111111111111,-0.0405247492296765,0.0401926494237722,-0.002752416700452,-1.8712871286998984,0.1999999999986678,0.2508441631075145,0.956097843431294,-0.0405247492296765,0.4,-0.0209604338070912,-0.274771015954002,-0.2335786011858406,-0.9112497152960204,0.9083804911513944,0.4401599386698945,-0.9142351866696746,-1.3031536080948165,0.0,,,,,,,,,,,,,,,0.0381577838035943,0.1,383214230.0,85724609,48,4.470294288539712,2026-05-12,4.391981937670011,4.37,4.47,4.34,-0.01303776681572788,-0.01751838823463292,-0.017977528089887618
2026-05-12,4.46,4.47,4.34,4.37,69108692.0,0.0,0.0,4.437134034405118,4.442152076187358,0.1442857142857143,0.0330173259234968,46.415784652992826,1.0213840628894282,0.2307692307674577,4.72,4.57,4.57,1551103353.0,1482123704.55,149552737.49881378,4948.0465,0.0292761837194128,-0.0223713646532437,-0.0516475483726566,-0.4652853869629402,-0.0347785074014197,-2.4257425742406107,0.2307692307674577,0.0211586319076272,0.461239624253265,-0.0516475483726566,0.45,-0.4689882369893949,-0.3216087995006333,-0.635707174344092,-0.8116346893945036,0.2109310706027651,0.073779580812271,-1.1603563751146646,-1.0527009274001824,1.0,,,,,,,,,,,,,,,0.0378186495501148,0.1,303524127.0,69108692,48,4.391981937670011,2026-05-13,4.444771283744797,4.46,4.51,4.34,0.017110133580044984,0.012019481597137505,0.020594965675057253
2026-05-13,4.36,4.51,4.34,4.46,67815862.0,0.0,0.0,4.439311745414154,4.44273725401728,0.1464285714285714,0.0328315182575198,51.52496340170918,0.9824147780770937,0.7058823529370252,4.72,4.57,4.57,1618919215.0,1508004577.2,124018485.36347148,4998.3417,0.0248608125840201,-0.0044642857142858,-0.0293250982983059,0.1412856410731023,-0.0233937172894801,-1.7756097560854336,0.7058823529370252,-0.0177416788714835,0.8943395613559787,-0.0293250982983059,0.4333333333333333,0.0877615982165801,-0.2892871060913509,-0.1466033139277246,0.8018733207341638,0.0835927746207436,0.4048959741417393,-0.6273828680170134,-1.115948413701269,0.0,,,,,,,,,,,,,,,0.0374566073689093,0.1,301425996.0,67815862,48,4.444771283744797,2026-05-14,4.412536540235206,4.38,4.46,4.37,-0.010642031337397717,-0.007252283965089035,-0.017937219730941756
2026-05-14,4.45,4.46,4.37,4.38,47371411.0,0.0,0.0,4.433663007755664,4.440680294869173,0.1364285714285714,0.0311480756686165,47.21542926733184,0.7268420858504312,0.1111111111098743,4.72,4.57,4.57,1571547804.0,1525292824.9,106306787.7500457,4914.5971,0.0028746601016897,-0.0223214285714287,-0.0251960886731185,-0.3933414181014596,-0.0514356123499524,-2.4921465968403704,0.1111111111098743,-0.3190460384535534,0.4351084260842979,-0.0251960886731185,0.3,-0.3910889340205276,-0.3279763360365266,-0.6707803677621871,-1.2151920880400329,-0.8420778591436511,0.0621564480986986,-0.5281534393169307,-1.6983922307750898,0.0,,,,,,,,,,,,,,,0.0372716125076558,0.1,209028082.0,47371411,48,4.412536540235206,2026-05-15,4.2935559412226585,4.25,4.38,4.22,-0.01973608647884506,-0.026964218409895713,-0.029680365296803624
2026-05-15,4.36,4.38,4.22,4.25,62727097.0,0.0,0.0,4.416171292731315,4.434428481922643,0.1378571428571428,0.0324369747899083,41.18691921301379,0.9850456344922036,0.1874999999988295,4.59,4.57,4.57,1508820707.0,1534813462.75,95309965.56996834,4859.5927,-0.0025286785751187,-0.0406320541760721,-0.0381033756009534,-1.2053876156588266,-0.1324355692625562,-2.466321243505425,0.1874999999988295,-0.0150673094495139,-0.2727181317772942,-0.0381033756009534,0.3833333333333333,-1.1117687850720956,-0.4638471097512995,-0.6427247288621276,-0.9437831935897016,0.0799791446885007,-0.4656459084563117,-0.8261155538279614,-1.297425771281341,1.0,,,,,,,,,,,,,,,0.0371224072450987,0.1,269322300.0,62727097,48,4.2935559412226585,2026-05-18,4.30115914692423,4.35,4.36,4.18,0.012037446335112945,0.0017708411875045904,0.0235294117647058
2026-05-18,4.25,4.36,4.18,4.35,57027197.0,0.0,0.0,4.409869264852143,4.431660334974359,0.1378571428571429,0.0316912972085313,46.81261233855713,0.8949565994943066,0.944444444439194,4.57,4.51,4.51,1565847904.0,1549995573.55,72013192.77106598,4833.5237,-0.0238927310323607,-0.0224719101123597,0.001420820920001,-0.4342848227585074,-0.1580699387092343,-1.5958549222682206,0.944444444439194,-0.1109800540681979,0.2201309210160352,0.001420820920001,0.3166666666666666,-0.4034358936244502,-0.4984545020146521,0.0096605345620223,1.6103484428084398,-0.2150797547391326,-0.0863960324809128,0.1024221717706155,-1.572196990692049,1.0,,,,,,,,,,,,,,,0.0370458766328538,0.1,245283050.0,57027197,48,4.30115914692423,2026-05-19,4.362912088356902,4.42,4.43,4.29,0.0029682961740005176,0.014357278892326297,0.016091954022988464
2026-05-19,4.35,4.43,4.29,4.42,51262277.0,0.0,0.0,4.410834096770986,4.431278028909626,0.1392857142857143,0.0315126050420096,50.38990822073264,0.8175901162651537,0.9285714285647972,4.57,4.51,4.51,1617110181.0,1564156293.5,53624961.30386552,4852.8832,-0.0192324991286966,0.0114416475972538,0.0306741467259504,0.0658064847206513,-0.1467769486866135,-1.0769230769153475,0.9285714285647972,-0.2013941483225547,0.98748579416099,0.0306741467259504,0.3,0.0564149813178649,-0.4646557370142615,0.3985423385555962,1.52599395736114,-0.4939978435200398,0.4945175304783385,0.7871813546022485,-1.6155962616156443,0.0,,,,,,,,,,,,,,,0.0361297527309601,0.1,223652808.0,51262277,48,4.362912088356902,2026-05-20,4.399085759188659,4.4,4.46,4.34,-0.004731728690348658,0.00829117573289917,-0.004524886877827927
2026-05-20,4.4,4.46,4.34,4.4,43334097.0,0.0,0.0,4.4098022780308925,4.430252519765047,0.1314285714285714,0.029870129870123,49.36823861371232,0.7085592840357205,0.499999999995837,4.57,4.46,4.46,1573776084.0,1572442406.05,39914971.168789424,4850.7,-0.0295381366183908,-0.0134529147982062,0.0160852218201846,-0.0745825502344816,-0.1555996653673849,-1.2934782608597224,0.499999999995837,-0.3445215479310765,0.0334129754061525,0.0160852218201846,0.2416666666666666,-0.0613390353161317,-0.4681503804061444,0.2453699511207214,0.0985834352337274,-0.92279745196175,-0.2223502448719647,0.4499702612929055,-1.84160391010614,0.0,,,,,,,,,,,,,,,0.0350136813023889,0.1,190630409.0,43334097,48,4.399085759188659,2026-05-21,4.341306250504195,4.25,4.48,4.22,-0.013339488521774023,-0.013134435618532003,-0.03409090909090917
2026-05-21,4.4,4.48,4.22,4.25,60405703.0,0.0,0.0,4.394583013456522,4.424342601084226,0.1357142857142858,0.0319327731092362,42.4212537410306,0.9960500122260192,0.1153846153841722,4.57,4.48,4.48,1513370381.0,1574175159.35,36406583.42590348,4783.0976,-0.0267569237771291,-0.0296803652968036,-0.0029234415196744,-1.065348520198101,-0.2192811719919935,-2.3578947368247314,0.1153846153841722,-0.0039578095798407,-1.670158873154161,-0.0029234415196744,0.35,-0.9562997113749856,-0.5770509313695605,-0.545760781936139,-1.1867151735059338,0.1101740304439452,-1.4870778703101284,0.0051149331433301,-1.352947460343849,1.0,,,,,,,,,,,,,,,0.0347324057063095,0.1,262239656.0,60405703,48,4.341306250504195,2026-05-22,4.382015509692849,4.45,4.47,4.23,0.03106247286890551,0.009377191296726872,0.04705882352941182
2026-05-22,4.27,4.47,4.23,4.45,72923301.0,0.0,0.0,4.399860821698758,4.425183827278186,0.145,0.032584269662914,52.09978771330551,1.2287958221107758,0.9166666666628488,4.57,4.48,4.48,1586293682.0,1574607997.7,36496516.40447279,4845.0956,-0.0029831923979967,0.0470588235294118,0.0500420159274085,0.3457874365579043,-0.1746414177879527,-0.8275862068908448,0.9166666666628488,0.2060346834305361,0.3201862931380438,0.0500420159274085,0.4,0.3265398318561302,-0.4775902242940905,0.5910775287389691,1.4672661746849474,0.7393109084989771,0.010678944173997,1.2370165987199382,-1.1229029762772724,0.0,,,,,,,,,,,,,,,0.034612635908438,0.1,319551036.0,72923301,48,4.382015509692849,2026-05-25,4.438735413754399,4.42,4.55,4.37,-0.0025313676956406628,0.012943793543424897,-0.006741573033707926
2026-05-25,4.47,4.55,4.37,4.42,49581213.0,0.0,0.0,4.401778838679829,4.425013865728081,0.1492857142857143,0.0337750484809232,50.72250217755962,0.8428585931013839,0.277777777776234,4.57,4.55,4.55,1536712469.0,1569562445.45,34348128.074166246,4921.5974,0.0182214271546863,0.0160919540229884,-0.0021294731316978,0.1220556260673137,-0.1556413295087807,-1.0047846889884868,0.277777777776234,-0.1709560775163592,-0.9563833108770496,-0.0021294731316978,0.55,0.1198070755645261,-0.4272739563461034,0.4530473890791485,-0.652503687859479,-0.4315782502519587,-0.9404714554236993,0.0143993242018905,-0.4701783958191943,0.0,,,,,,,,,,,,,,,0.0343497986088827,0.1,220077886.0,49581213,48,4.438735413754399,,,,,,,,
