=== nextday pipeline start: 2026-05-18T07:43:36 ===
symbol=600361.SH, out_root=/root/stock_realtime_v021_full/saved_data/600361_pipeline_out_v2_new27_full

[2026-05-18T07:43:36] RUN update_data
  /usr/bin/python3 bootstrap/ashare_xgb_dual_opportunity_regression_baostock_full_v19_compressed_trading_axis.py --mode update_data --symbol 600361 --benchmark_symbol 000300 --daily_start 2018-01-01 --daily_end 2026-05-15 --intraday_start '2018-01-01 09:30:00' --intraday_end '2026-05-15 15:00:00' --output_dir /root/stock_realtime_v021_full/saved_data/600361_pipeline_out_v2_new27_full/00_base --cache_mode incremental --feature_cache_mode incremental --adjust qfq
/root/stock_realtime_v021_full/bootstrap/ashare_fetch_and_train_xgb_sell_signal_baostock_state_cache_helper_fix2.py:246: FutureWarning: The behavior of DataFrame concatenation with empty or all-NA entries is deprecated. In a future version, this will no longer exclude empty or all-NA columns when determining the result dtypes. To retain the old behavior, exclude the relevant entries before the concat operation.
  merged = _normalize_daily_df(pd.concat([df_old, df_new], axis=0, ignore_index=True))
/root/stock_realtime_v021_full/bootstrap/ashare_fetch_and_train_xgb_sell_signal_baostock_state_cache_helper_fix2.py:248: FutureWarning: The behavior of DataFrame concatenation with empty or all-NA entries is deprecated. In a future version, this will no longer exclude empty or all-NA columns when determining the result dtypes. To retain the old behavior, exclude the relevant entries before the concat operation.
  merged = _normalize_intraday_df(pd.concat([df_old, df_new], axis=0, ignore_index=True))
/root/stock_realtime_v021_full/bootstrap/ashare_fetch_and_train_xgb_sell_signal_baostock_state_cache_helper_fix2.py:254: FutureWarning: The behavior of DataFrame concatenation with empty or all-NA entries is deprecated. In a future version, this will no longer exclude empty or all-NA columns when determining the result dtypes. To retain the old behavior, exclude the relevant entries before the concat operation.
  merged = _normalize_bench_df(pd.concat([df_old, df_new], axis=0, ignore_index=True))
/root/stock_realtime_v021_full/bootstrap/ashare_fetch_and_train_xgb_sell_signal_baostock_state_cache_helper_fix2.py:250: FutureWarning: The behavior of DataFrame concatenation with empty or all-NA entries is deprecated. In a future version, this will no longer exclude empty or all-NA columns when determining the result dtypes. To retain the old behavior, exclude the relevant entries before the concat operation.
  merged = _normalize_daily_feature_df(pd.concat([df_old, df_new], axis=0, ignore_index=True))
/root/stock_realtime_v021_full/bootstrap/ashare_fetch_and_train_xgb_sell_signal_baostock_state_cache_helper_fix2.py:252: FutureWarning: The behavior of DataFrame concatenation with empty or all-NA entries is deprecated. In a future version, this will no longer exclude empty or all-NA columns when determining the result dtypes. To retain the old behavior, exclude the relevant entries before the concat operation.
  merged = _normalize_intraday_feature_df(pd.concat([df_old, df_new], axis=0, ignore_index=True))
login success!
logout success!
login success!
logout success!
login success!
logout success!
{
  "mode": "update_data",
  "symbol": "600361",
  "data_source": "baostock",
  "daily_rows": 2027,
  "intraday_rows": 73392,
  "daily_min": "2018-01-02 00:00:00",
  "daily_max": "2026-05-15 00:00:00",
  "intraday_min": "2020-01-02 09:35:00",
  "intraday_max": "2026-05-15 15:00:00",
  "base_paths": {
    "daily_csv": "/root/stock_realtime_v021_full/saved_data/600361_pipeline_out_v2_new27_full/00_base/600361_daily.csv",
    "intraday_csv": "/root/stock_realtime_v021_full/saved_data/600361_pipeline_out_v2_new27_full/00_base/600361_5m.csv",
    "benchmark_csv": "/root/stock_realtime_v021_full/saved_data/600361_pipeline_out_v2_new27_full/00_base/000300_benchmark_daily.csv",
    "raw_daily_cache_csv": "/root/stock_realtime_v021_full/saved_data/600361_pipeline_out_v2_new27_full/00_base/raw_cache/600361_daily_raw.csv",
    "raw_intraday_cache_csv": "/root/stock_realtime_v021_full/saved_data/600361_pipeline_out_v2_new27_full/00_base/raw_cache/600361_5m_raw.csv",
    "raw_benchmark_cache_csv": "/root/stock_realtime_v021_full/saved_data/600361_pipeline_out_v2_new27_full/00_base/raw_cache/000300_benchmark_daily_raw.csv",
    "daily_features_csv": "/root/stock_realtime_v021_full/saved_data/600361_pipeline_out_v2_new27_full/00_base/daily_features.csv",
    "intraday_features_csv": "/root/stock_realtime_v021_full/saved_data/600361_pipeline_out_v2_new27_full/00_base/intraday_features.csv",
    "daily_features_cache_csv": "/root/stock_realtime_v021_full/saved_data/600361_pipeline_out_v2_new27_full/00_base/feature_cache/daily_features_cache.csv",
    "intraday_features_cache_csv": "/root/stock_realtime_v021_full/saved_data/600361_pipeline_out_v2_new27_full/00_base/feature_cache/intraday_features_cache.csv",
    "feature_state_json": "/root/stock_realtime_v021_full/saved_data/600361_pipeline_out_v2_new27_full/00_base/feature_cache/feature_state.json"
  },
  "fetch_logs": {
    "symbol": "600361",
    "benchmark_symbol": "000300",
    "daily_start": "2018-01-01",
    "daily_end": "2026-05-15",
    "intraday_start": "2018-01-01 09:30:00",
    "intraday_end": "2026-05-15 15:00:00",
    "perf_start": "2018-01-01",
    "data_source": "baostock",
    "cache_mode": "incremental",
    "force_refresh": false,
    "raw_cache_dir": "/root/stock_realtime_v021_full/saved_data/600361_pipeline_out_v2_new27_full/00_base/raw_cache",
    "feature_cache_dir": "/root/stock_realtime_v021_full/saved_data/600361_pipeline_out_v2_new27_full/00_base/feature_cache",
    "feature_cache_mode": "incremental",
    "daily": {
      "cache_path": "/root/stock_realtime_v021_full/saved_data/600361_pipeline_out_v2_new27_full/00_base/raw_cache/600361_daily_raw.csv",
      "requested_start": "2018-01-01",
      "requested_end": "2026-05-15",
      "mode": "initial_fetch",
      "fetch_segments": [
        {
          "provider": "baostock",
          "code": "sh.600361",
          "adjustflag": "2",
          "rows": 2027,
          "start": "2018-01-01",
          "end": "2026-05-15"
        }
      ],
      "cache_after": {
        "rows": 2027,
        "min": "2018-01-02 00:00:00",
        "max": "2026-05-15 00:00:00"
      }
    },
    "intraday_5m": {
      "cache_path": "/root/stock_realtime_v021_full/saved_data/600361_pipeline_out_v2_new27_full/00_base/raw_cache/600361_5m_raw.csv",
      "requested_start": "2018-01-01 09:30:00",
      "requested_end": "2026-05-15 15:00:00",
      "mode": "initial_fetch",
      "fetch_segments": [
        {
          "provider": "baostock",
          "code": "sh.600361",
          "adjustflag": "2",
          "requested_start": "2018-01-01 09:30:00",
          "effective_start": "2018-01-01 09:30:00",
          "requested_end": "2026-05-15 15:00:00",
          "rows": 73392
        }
      ],
      "cache_after": {
        "rows": 73392,
        "min": "2020-01-02 09:35:00",
        "max": "2026-05-15 15:00:00"
      }
    },
    "benchmark_daily": {
      "cache_path": "/root/stock_realtime_v021_full/saved_data/600361_pipeline_out_v2_new27_full/00_base/raw_cache/000300_benchmark_daily_raw.csv",
      "requested_start": "2018-01-01",
      "requested_end": "2026-05-15",
      "mode": "initial_fetch",
      "fetch_segments": [
        {
          "provider": "baostock",
          "code": "sh.000300",
          "rows": 2027,
          "start": "2018-01-01",
          "end": "2026-05-15"
        }
      ],
      "cache_after": {
        "rows": 2027,
        "min": "2018-01-02 00:00:00",
        "max": "2026-05-15 00:00:00"
      }
    },
    "feature_build": {
      "mode": "full_rebuild",
      "reason": "feature_cache_missing",
      "daily_cache_after": {
        "rows": 2027,
        "min": "2018-01-02 00:00:00",
        "max": "2026-05-15 00:00:00"
      },
      "intraday_cache_after": {
        "rows": 73392,
        "min": "2020-01-02 09:35:00",
        "max": "2026-05-15 15:00:00"
      },
      "daily_context_days": 260,
      "intraday_context_days": 40,
      "daily_appended_rows": 2027,
      "intraday_appended_rows": 73392
    },
    "feature_state": {
      "daily_feature_max": "2026-05-15 00:00:00",
      "intraday_feature_max": "2026-05-15 15:00:00",
      "daily_context_days": 260,
      "intraday_context_days": 40,
      "feature_build_mode": "full_rebuild"
    }
  }
}

[2026-05-18T07:46:17] RUN samples
  /usr/bin/python3 feature_building/build_nextday_samples_from_baostock.py --daily-features /root/stock_realtime_v021_full/saved_data/600361_pipeline_out_v2_new27_full/00_base/daily_features.csv --intraday-bars /root/stock_realtime_v021_full/saved_data/600361_pipeline_out_v2_new27_full/00_base/600361_5m.csv --out-dir /root/stock_realtime_v021_full/saved_data/600361_pipeline_out_v2_new27_full/01_samples --min-bars 40 --keep-unlabeled-tail
{
  "rows": 1529,
  "date_min": "2020-01-02",
  "date_max": "2026-05-15",
  "out": "/root/stock_realtime_v021_full/saved_data/600361_pipeline_out_v2_new27_full/01_samples/training_samples.csv"
}

[2026-05-18T07:46:18] RUN fundamental
  /usr/bin/python3 feature_building/build_fundamental_features.py --symbol 600361.SH --daily-samples /root/stock_realtime_v021_full/saved_data/600361_pipeline_out_v2_new27_full/01_samples/training_samples.csv --out-dir /root/stock_realtime_v021_full/saved_data/600361_pipeline_out_v2_new27_full/02_fundamental --start-date 2018-01-01 --end-date 2026-05-15 --fallback-lag-days 120
login success!
logout success!
{
  "rows": 1529,
  "date_min": "2020-01-02",
  "date_max": "2026-05-15",
  "source_errors": [],
  "top_missing_rates": {
    "ak_fund_小单净流入-净额_sum10": 0.9241334205362982,
    "ak_fund_主力净流入-净额_sum10": 0.9241334205362982,
    "ak_fund_主力净流入-净占比_sum10": 0.9241334205362982,
    "ak_fund_涨跌幅_sum10": 0.9241334205362982,
    "ak_fund_收盘价_sum10": 0.9241334205362982,
    "ak_fund_中单净流入-净额_sum10": 0.9241334205362982,
    "ak_fund_中单净流入-净占比_sum10": 0.9241334205362982,
    "ak_fund_小单净流入-净占比_sum10": 0.9241334205362982,
    "ak_fund_超大单净流入-净额_sum10": 0.9241334205362982,
    "ak_fund_大单净流入-净额_sum10": 0.9241334205362982,
    "ak_fund_大单净流入-净占比_sum10": 0.9241334205362982,
    "ak_fund_超大单净流入-净占比_sum10": 0.9241334205362982,
    "ak_fund_涨跌幅_sum5": 0.9228253760627861,
    "ak_fund_主力净流入-净占比_sum5": 0.9228253760627861,
    "ak_fund_主力净流入-净额_sum5": 0.9228253760627861,
    "ak_fund_收盘价_sum5": 0.9228253760627861,
    "ak_fund_超大单净流入-净占比_sum5": 0.9228253760627861,
    "ak_fund_中单净流入-净占比_sum5": 0.9228253760627861,
    "ak_fund_中单净流入-净额_sum5": 0.9228253760627861,
    "ak_fund_小单净流入-净额_sum5": 0.9228253760627861,
    "ak_fund_小单净流入-净占比_sum5": 0.9228253760627861,
    "ak_fund_大单净流入-净占比_sum5": 0.9228253760627861,
    "ak_fund_大单净流入-净额_sum5": 0.9228253760627861,
    "ak_fund_超大单净流入-净额_sum5": 0.9228253760627861,
    "ak_fund_大单净流入-净额": 0.9215173315892741,
    "ak_fund_超大单净流入-净占比": 0.9215173315892741,
    "ak_fund_超大单净流入-净额": 0.9215173315892741,
    "ak_fund_收盘价": 0.9215173315892741,
    "ak_fund_涨跌幅": 0.9215173315892741,
    "ak_fund_中单净流入-净额": 0.9215173315892741
  },
  "valuation_non_null": {
    "peTTM": 1529,
    "pbMRQ": 1529,
    "psTTM": 1529,
    "pcfNcfTTM": 1529
  },
  "future_effective_date_violations": 0,
  "rows_with_quarterly": 1529,
  "sample_rows": 1529,
  "quarterly_raw_rows": 37,
  "quarterly_used_pubDate_rows": 37,
  "quarterly_fallback_rows": 0,
  "elapsed_seconds": 26.915,
  "symbol": "600361",
  "baostock_code": "sh.600361",
  "valuation_rows": 2027,
  "fund_flow_rows": 120,
  "feature_columns": 125,
  "merged_columns": 194,
  "outputs": {
    "daily_valuation": "/root/stock_realtime_v021_full/saved_data/600361_pipeline_out_v2_new27_full/02_fundamental/baostock_daily_valuation.csv",
    "quarterly_fundamentals": "/root/stock_realtime_v021_full/saved_data/600361_pipeline_out_v2_new27_full/02_fundamental/baostock_quarterly_fundamentals_pit.csv",
    "fundamental_features": "/root/stock_realtime_v021_full/saved_data/600361_pipeline_out_v2_new27_full/02_fundamental/fundamental_features.csv",
    "merged_samples": "/root/stock_realtime_v021_full/saved_data/600361_pipeline_out_v2_new27_full/02_fundamental/training_samples_with_fundamentals.csv"
  }
}

[2026-05-18T07:46:46] RUN sector
  /usr/bin/python3 feature_building/build_sector_features.py --samples /root/stock_realtime_v021_full/saved_data/600361_pipeline_out_v2_new27_full/02_fundamental/training_samples_with_fundamentals.csv --out-dir /root/stock_realtime_v021_full/saved_data/600361_pipeline_out_v2_new27_full/03_sector --sector-symbol '工业金属' --start-date 2018-01-01 --end-date 2026-05-15

  0%|          | 0/9 [00:00<?, ?it/s]
 11%|█         | 1/9 [00:00<00:02,  3.92it/s]
 22%|██▏       | 2/9 [00:00<00:01,  3.87it/s]
 33%|███▎      | 3/9 [00:00<00:01,  4.10it/s]
 44%|████▍     | 4/9 [00:01<00:01,  3.69it/s]
 56%|█████▌    | 5/9 [00:01<00:01,  3.65it/s]
 67%|██████▋   | 6/9 [00:01<00:00,  3.42it/s]
 78%|███████▊  | 7/9 [00:01<00:00,  3.50it/s]
 89%|████████▉ | 8/9 [00:02<00:00,  3.21it/s]
100%|██████████| 9/9 [00:02<00:00,  3.42it/s]
                                             
{
  "sector_symbol": "工业金属",
  "sector_rows": 2027,
  "sector_date_min": "2018-01-02",
  "sector_date_max": "2026-05-15",
  "sample_rows": 1529,
  "merged_rows": 1529,
  "sector_feature_cols": 23,
  "top_missing": {
    "sector_ret60": 0.03924133420536298,
    "sector_ma60_gap": 0.01962066710268149,
    "stock_vs_sector_ret20": 0.013080444735120994,
    "sector_ret20": 0.013080444735120994,
    "sector_vol20": 0.007194244604316547,
    "sector_ma20_gap": 0.006540222367560497,
    "sector_range_z20": 0.006540222367560497,
    "sector_volume_shock20": 0.006540222367560497,
    "sector_amount_z20": 0.006540222367560497,
    "sector_volume_z20": 0.006540222367560497,
    "sector_amount_shock20": 0.006540222367560497,
    "sector_ret5": 0.0032701111837802484,
    "stock_vs_sector_ret5": 0.0032701111837802484,
    "sector_vs_bench_ret5": 0.0032701111837802484,
    "stock_vs_sector_ret1": 0.0006540222367560497,
    "sector_ret1": 0.0006540222367560497,
    "sector_amount": 0.0,
    "sector_volume": 0.0,
    "sector_close": 0.0,
    "sector_low": 0.0
  },
  "outputs": {
    "sector_index": "/root/stock_realtime_v021_full/saved_data/600361_pipeline_out_v2_new27_full/03_sector/sector_index_ths.csv",
    "sector_features": "/root/stock_realtime_v021_full/saved_data/600361_pipeline_out_v2_new27_full/03_sector/sector_features.csv",
    "merged_samples": "/root/stock_realtime_v021_full/saved_data/600361_pipeline_out_v2_new27_full/03_sector/training_samples_with_sector.csv"
  }
}

[2026-05-18T07:46:50] RUN external_zijin_external
  /usr/bin/python3 feature_building/build_zijin_external_features.py --samples /root/stock_realtime_v021_full/saved_data/600361_pipeline_out_v2_new27_full/03_sector/training_samples_with_sector.csv --out-dir /root/stock_realtime_v021_full/saved_data/600361_pipeline_out_v2_new27_full/04_external/zijin_external --lag-days 1
/root/stock_realtime_v021_full/feature_building/build_zijin_external_features.py:41: FutureWarning: The default fill_method='pad' in Series.pct_change is deprecated and will be removed in a future version. Either fill in any non-leading NA values prior to calling pct_change or specify 'fill_method=None' to not fill NA values.
  out[f"{col}_ret1"] = out[col].pct_change()
/root/stock_realtime_v021_full/feature_building/build_zijin_external_features.py:41: FutureWarning: The default fill_method='pad' in Series.pct_change is deprecated and will be removed in a future version. Either fill in any non-leading NA values prior to calling pct_change or specify 'fill_method=None' to not fill NA values.
  out[f"{col}_ret1"] = out[col].pct_change()
/root/.local/lib/python3.10/site-packages/akshare/futures/futures_basis.py:107: UserWarning: 20200104非交易日
  warnings.warn(f"{date.strftime('%Y%m%d')}非交易日")
/root/.local/lib/python3.10/site-packages/akshare/futures/futures_basis.py:107: UserWarning: 20200105非交易日
  warnings.warn(f"{date.strftime('%Y%m%d')}非交易日")
/root/.local/lib/python3.10/site-packages/akshare/futures/futures_basis.py:107: UserWarning: 20200111非交易日
  warnings.warn(f"{date.strftime('%Y%m%d')}非交易日")
/root/.local/lib/python3.10/site-packages/akshare/futures/futures_basis.py:107: UserWarning: 20200112非交易日
  warnings.warn(f"{date.strftime('%Y%m%d')}非交易日")
/root/.local/lib/python3.10/site-packages/akshare/futures/futures_basis.py:107: UserWarning: 20200118非交易日
  warnings.warn(f"{date.strftime('%Y%m%d')}非交易日")
/root/.local/lib/python3.10/site-packages/akshare/futures/futures_basis.py:107: UserWarning: 20200119非交易日
  warnings.warn(f"{date.strftime('%Y%m%d')}非交易日")
/root/.local/lib/python3.10/site-packages/akshare/futures/futures_basis.py:107: UserWarning: 20200124非交易日
  warnings.warn(f"{date.strftime('%Y%m%d')}非交易日")
/root/.local/lib/python3.10/site-packages/akshare/futures/futures_basis.py:107: UserWarning: 20200125非交易日
  warnings.warn(f"{date.strftime('%Y%m%d')}非交易日")
/root/.local/lib/python3.10/site-packages/akshare/futures/futures_basis.py:107: UserWarning: 20200126非交易日
  warnings.warn(f"{date.strftime('%Y%m%d')}非交易日")
/root/.local/lib/python3.10/site-packages/akshare/futures/futures_basis.py:107: UserWarning: 20200127非交易日
  warnings.warn(f"{date.strftime('%Y%m%d')}非交易日")
/root/.local/lib/python3.10/site-packages/akshare/futures/futures_basis.py:107: UserWarning: 20200128非交易日
  warnings.warn(f"{date.strftime('%Y%m%d')}非交易日")
/root/.local/lib/python3.10/site-packages/akshare/futures/futures_basis.py:107: UserWarning: 20200129非交易日
  warnings.warn(f"{date.strftime('%Y%m%d')}非交易日")
/root/.local/lib/python3.10/site-packages/akshare/futures/futures_basis.py:107: UserWarning: 20200130非交易日
  warnings.warn(f"{date.strftime('%Y%m%d')}非交易日")
/root/.local/lib/python3.10/site-packages/akshare/futures/futures_basis.py:107: UserWarning: 20200131非交易日
  warnings.warn(f"{date.strftime('%Y%m%d')}非交易日")
/root/.local/lib/python3.10/site-packages/akshare/futures/futures_basis.py:107: UserWarning: 20200201非交易日
  warnings.warn(f"{date.strftime('%Y%m%d')}非交易日")
/root/.local/lib/python3.10/site-packages/akshare/futures/futures_basis.py:107: UserWarning: 20200202非交易日
  warnings.warn(f"{date.strftime('%Y%m%d')}非交易日")
/root/.local/lib/python3.10/site-packages/akshare/futures/futures_basis.py:107: UserWarning: 20200208非交易日
  warnings.warn(f"{date.strftime('%Y%m%d')}非交易日")
/root/.local/lib/python3.10/site-packages/akshare/futures/futures_basis.py:107: UserWarning: 20200209非交易日
  warnings.warn(f"{date.strftime('%Y%m%d')}非交易日")
/root/.local/lib/python3.10/site-packages/akshare/futures/futures_basis.py:107: UserWarning: 20200215非交易日
  warnings.warn(f"{date.strftime('%Y%m%d')}非交易日")
/root/.local/lib/python3.10/site-packages/akshare/futures/futures_basis.py:107: UserWarning: 20200216非交易日
  warnings.warn(f"{date.strftime('%Y%m%d')}非交易日")
/root/.local/lib/python3.10/site-packages/akshare/futures/futures_basis.py:107: UserWarning: 20200222非交易日
  warnings.warn(f"{date.strftime('%Y%m%d')}非交易日")
/root/.local/lib/python3.10/site-packages/akshare/futures/futures_basis.py:107: UserWarning: 20200223非交易日
  warnings.warn(f"{date.strftime('%Y%m%d')}非交易日")
/root/.local/lib/python3.10/site-packages/akshare/futures/futures_basis.py:107: UserWarning: 20200229非交易日
  warnings.warn(f"{date.strftime('%Y%m%d')}非交易日")
/root/.local/lib/python3.10/site-packages/akshare/futures/futures_basis.py:107: UserWarning: 20200301非交易日
  warnings.warn(f"{date.strftime('%Y%m%d')}非交易日")
/root/.local/lib/python3.10/site-packages/akshare/futures/futures_basis.py:107: UserWarning: 20200307非交易日
  warnings.warn(f"{date.strftime('%Y%m%d')}非交易日")
/root/.local/lib/python3.10/site-packages/akshare/futures/futures_basis.py:107: UserWarning: 20200308非交易日
  warnings.warn(f"{date.strftime('%Y%m%d')}非交易日")
/root/.local/lib/python3.10/site-packages/akshare/futures/futures_basis.py:107: UserWarning: 20200314非交易日
  warnings.warn(f"{date.strftime('%Y%m%d')}非交易日")
/root/.local/lib/python3.10/site-packages/akshare/futures/futures_basis.py:107: UserWarning: 20200315非交易日
  warnings.warn(f"{date.strftime('%Y%m%d')}非交易日")
/root/.local/lib/python3.10/site-packages/akshare/futures/futures_basis.py:107: UserWarning: 20200321非交易日
  warnings.warn(f"{date.strftime('%Y%m%d')}非交易日")
/root/.local/lib/python3.10/site-packages/akshare/futures/futures_basis.py:107: UserWarning: 20200322非交易日
  warnings.warn(f"{date.strftime('%Y%m%d')}非交易日")
/root/.local/lib/python3.10/site-packages/akshare/futures/futures_basis.py:107: UserWarning: 20200328非交易日
  warnings.warn(f"{date.strftime('%Y%m%d')}非交易日")
/root/.local/lib/python3.10/site-packages/akshare/futures/futures_basis.py:107: UserWarning: 20200329非交易日
  warnings.warn(f"{date.strftime('%Y%m%d')}非交易日")
/root/.local/lib/python3.10/site-packages/akshare/futures/futures_basis.py:107: UserWarning: 20200404非交易日
  warnings.warn(f"{date.strftime('%Y%m%d')}非交易日")
/root/.local/lib/python3.10/site-packages/akshare/futures/futures_basis.py:107: UserWarning: 20200405非交易日
  warnings.warn(f"{date.strftime('%Y%m%d')}非交易日")
/root/.local/lib/python3.10/site-packages/akshare/futures/futures_basis.py:107: UserWarning: 20200406非交易日
  warnings.warn(f"{date.strftime('%Y%m%d')}非交易日")
/root/.local/lib/python3.10/site-packages/akshare/futures/futures_basis.py:107: UserWarning: 20200411非交易日
  warnings.warn(f"{date.strftime('%Y%m%d')}非交易日")
/root/.local/lib/python3.10/site-packages/akshare/futures/futures_basis.py:107: UserWarning: 20200412非交易日
  warnings.warn(f"{date.strftime('%Y%m%d')}非交易日")
/root/.local/lib/python3.10/site-packages/akshare/futures/futures_basis.py:107: UserWarning: 20200418非交易日
  warnings.warn(f"{date.strftime('%Y%m%d')}非交易日")
/root/.local/lib/python3.10/site-packages/akshare/futures/futures_basis.py:107: UserWarning: 20200419非交易日
  warnings.warn(f"{date.strftime('%Y%m%d')}非交易日")
/root/.local/lib/python3.10/site-packages/akshare/futures/futures_basis.py:107: UserWarning: 20200425非交易日
  warnings.warn(f"{date.strftime('%Y%m%d')}非交易日")
/root/.local/lib/python3.10/site-packages/akshare/futures/futures_basis.py:107: UserWarning: 20200426非交易日
  warnings.warn(f"{date.strftime('%Y%m%d')}非交易日")
/root/.local/lib/python3.10/site-packages/akshare/futures/futures_basis.py:107: UserWarning: 20200501非交易日
  warnings.warn(f"{date.strftime('%Y%m%d')}非交易日")
/root/.local/lib/python3.10/site-packages/akshare/futures/futures_basis.py:107: UserWarning: 20200502非交易日
  warnings.warn(f"{date.strftime('%Y%m%d')}非交易日")
/root/.local/lib/python3.10/site-packages/akshare/futures/futures_basis.py:107: UserWarning: 20200503非交易日
  warnings.warn(f"{date.strftime('%Y%m%d')}非交易日")
/root/.local/lib/python3.10/site-packages/akshare/futures/futures_basis.py:107: UserWarning: 20200504非交易日
  warnings.warn(f"{date.strftime('%Y%m%d')}非交易日")
/root/.local/lib/python3.10/site-packages/akshare/futures/futures_basis.py:107: UserWarning: 20200505非交易日
  warnings.warn(f"{date.strftime('%Y%m%d')}非交易日")
/root/.local/lib/python3.10/site-packages/akshare/futures/futures_basis.py:107: UserWarning: 20200509非交易日
  warnings.warn(f"{date.strftime('%Y%m%d')}非交易日")
/root/.local/lib/python3.10/site-packages/akshare/futures/futures_basis.py:107: UserWarning: 20200510非交易日
  warnings.warn(f"{date.strftime('%Y%m%d')}非交易日")
/root/.local/lib/python3.10/site-packages/akshare/futures/futures_basis.py:107: UserWarning: 20200516非交易日
  warnings.warn(f"{date.strftime('%Y%m%d')}非交易日")
/root/.local/lib/python3.10/site-packages/akshare/futures/futures_basis.py:107: UserWarning: 20200517非交易日
  warnings.warn(f"{date.strftime('%Y%m%d')}非交易日")
/root/.local/lib/python3.10/site-packages/akshare/futures/futures_basis.py:107: UserWarning: 20200523非交易日
  warnings.warn(f"{date.strftime('%Y%m%d')}非交易日")
/root/.local/lib/python3.10/site-packages/akshare/futures/futures_basis.py:107: UserWarning: 20200524非交易日
  warnings.warn(f"{date.strftime('%Y%m%d')}非交易日")
/root/.local/lib/python3.10/site-packages/akshare/futures/futures_basis.py:107: UserWarning: 20200530非交易日
  warnings.warn(f"{date.strftime('%Y%m%d')}非交易日")
/root/.local/lib/python3.10/site-packages/akshare/futures/futures_basis.py:107: UserWarning: 20200531非交易日
  warnings.warn(f"{date.strftime('%Y%m%d')}非交易日")
/root/.local/lib/python3.10/site-packages/akshare/futures/futures_basis.py:107: UserWarning: 20200606非交易日
  warnings.warn(f"{date.strftime('%Y%m%d')}非交易日")
/root/.local/lib/python3.10/site-packages/akshare/futures/futures_basis.py:107: UserWarning: 20200607非交易日
  warnings.warn(f"{date.strftime('%Y%m%d')}非交易日")
/root/.local/lib/python3.10/site-packages/akshare/futures/futures_basis.py:107: UserWarning: 20200613非交易日
  warnings.warn(f"{date.strftime('%Y%m%d')}非交易日")
/root/.local/lib/python3.10/site-packages/akshare/futures/futures_basis.py:107: UserWarning: 20200614非交易日
  warnings.warn(f"{date.strftime('%Y%m%d')}非交易日")
/root/.local/lib/python3.10/site-packages/akshare/futures/futures_basis.py:107: UserWarning: 20200620非交易日
  warnings.warn(f"{date.strftime('%Y%m%d')}非交易日")
/root/.local/lib/python3.10/site-packages/akshare/futures/futures_basis.py:107: UserWarning: 20200621非交易日
  warnings.warn(f"{date.strftime('%Y%m%d')}非交易日")
/root/.local/lib/python3.10/site-packages/akshare/futures/futures_basis.py:107: UserWarning: 20200625非交易日
  warnings.warn(f"{date.strftime('%Y%m%d')}非交易日")
/root/.local/lib/python3.10/site-packages/akshare/futures/futures_basis.py:107: UserWarning: 20200626非交易日
  warnings.warn(f"{date.strftime('%Y%m%d')}非交易日")
/root/.local/lib/python3.10/site-packages/akshare/futures/futures_basis.py:107: UserWarning: 20200627非交易日
  warnings.warn(f"{date.strftime('%Y%m%d')}非交易日")
/root/.local/lib/python3.10/site-packages/akshare/futures/futures_basis.py:107: UserWarning: 20200628非交易日
  warnings.warn(f"{date.strftime('%Y%m%d')}非交易日")
/root/.local/lib/python3.10/site-packages/akshare/futures/futures_basis.py:107: UserWarning: 20200704非交易日
  warnings.warn(f"{date.strftime('%Y%m%d')}非交易日")
/root/.local/lib/python3.10/site-packages/akshare/futures/futures_basis.py:107: UserWarning: 20200705非交易日
  warnings.warn(f"{date.strftime('%Y%m%d')}非交易日")
/root/.local/lib/python3.10/site-packages/akshare/futures/futures_basis.py:107: UserWarning: 20200711非交易日
  warnings.warn(f"{date.strftime('%Y%m%d')}非交易日")
/root/.local/lib/python3.10/site-packages/akshare/futures/futures_basis.py:107: UserWarning: 20200712非交易日
  warnings.warn(f"{date.strftime('%Y%m%d')}非交易日")
/root/.local/lib/python3.10/site-packages/akshare/futures/futures_basis.py:107: UserWarning: 20200718非交易日
  warnings.warn(f"{date.strftime('%Y%m%d')}非交易日")
/root/.local/lib/python3.10/site-packages/akshare/futures/futures_basis.py:107: UserWarning: 20200719非交易日
  warnings.warn(f"{date.strftime('%Y%m%d')}非交易日")
/root/.local/lib/python3.10/site-packages/akshare/futures/futures_basis.py:107: UserWarning: 20200725非交易日
  warnings.warn(f"{date.strftime('%Y%m%d')}非交易日")
/root/.local/lib/python3.10/site-packages/akshare/futures/futures_basis.py:107: UserWarning: 20200726非交易日
  warnings.warn(f"{date.strftime('%Y%m%d')}非交易日")
/root/.local/lib/python3.10/site-packages/akshare/futures/futures_basis.py:107: UserWarning: 20200801非交易日
  warnings.warn(f"{date.strftime('%Y%m%d')}非交易日")
/root/.local/lib/python3.10/site-packages/akshare/futures/futures_basis.py:107: UserWarning: 20200802非交易日
  warnings.warn(f"{date.strftime('%Y%m%d')}非交易日")
/root/.local/lib/python3.10/site-packages/akshare/futures/futures_basis.py:107: UserWarning: 20200808非交易日
  warnings.warn(f"{date.strftime('%Y%m%d')}非交易日")
/root/.local/lib/python3.10/site-packages/akshare/futures/futures_basis.py:107: UserWarning: 20200809非交易日
  warnings.warn(f"{date.strftime('%Y%m%d')}非交易日")
/root/.local/lib/python3.10/site-packages/akshare/futures/futures_basis.py:107: UserWarning: 20200815非交易日
  warnings.warn(f"{date.strftime('%Y%m%d')}非交易日")
/root/.local/lib/python3.10/site-packages/akshare/futures/futures_basis.py:107: UserWarning: 20200816非交易日
  warnings.warn(f"{date.strftime('%Y%m%d')}非交易日")
/root/.local/lib/python3.10/site-packages/akshare/futures/futures_basis.py:107: UserWarning: 20200822非交易日
  warnings.warn(f"{date.strftime('%Y%m%d')}非交易日")
/root/.local/lib/python3.10/site-packages/akshare/futures/futures_basis.py:107: UserWarning: 20200823非交易日
  warnings.warn(f"{date.strftime('%Y%m%d')}非交易日")
/root/.local/lib/python3.10/site-packages/akshare/futures/futures_basis.py:107: UserWarning: 20200829非交易日
  warnings.warn(f"{date.strftime('%Y%m%d')}非交易日")
/root/.local/lib/python3.10/site-packages/akshare/futures/futures_basis.py:107: UserWarning: 20200830非交易日
  warnings.warn(f"{date.strftime('%Y%m%d')}非交易日")
/root/.local/lib/python3.10/site-packages/akshare/futures/futures_basis.py:107: UserWarning: 20200905非交易日
  warnings.warn(f"{date.strftime('%Y%m%d')}非交易日")
/root/.local/lib/python3.10/site-packages/akshare/futures/futures_basis.py:107: UserWarning: 20200906非交易日
  warnings.warn(f"{date.strftime('%Y%m%d')}非交易日")
/root/.local/lib/python3.10/site-packages/akshare/futures/futures_basis.py:107: UserWarning: 20200912非交易日
  warnings.warn(f"{date.strftime('%Y%m%d')}非交易日")
/root/.local/lib/python3.10/site-packages/akshare/futures/futures_basis.py:107: UserWarning: 20200913非交易日
  warnings.warn(f"{date.strftime('%Y%m%d')}非交易日")
/root/.local/lib/python3.10/site-packages/akshare/futures/futures_basis.py:107: UserWarning: 20200919非交易日
  warnings.warn(f"{date.strftime('%Y%m%d')}非交易日")
/root/.local/lib/python3.10/site-packages/akshare/futures/futures_basis.py:107: UserWarning: 20200920非交易日
  warnings.warn(f"{date.strftime('%Y%m%d')}非交易日")
/root/.local/lib/python3.10/site-packages/akshare/futures/futures_basis.py:107: UserWarning: 20200926非交易日
  warnings.warn(f"{date.strftime('%Y%m%d')}非交易日")
/root/.local/lib/python3.10/site-packages/akshare/futures/futures_basis.py:107: UserWarning: 20200927非交易日
  warnings.warn(f"{date.strftime('%Y%m%d')}非交易日")
/root/.local/lib/python3.10/site-packages/akshare/futures/futures_basis.py:107: UserWarning: 20201001非交易日
  warnings.warn(f"{date.strftime('%Y%m%d')}非交易日")
/root/.local/lib/python3.10/site-packages/akshare/futures/futures_basis.py:107: UserWarning: 20201002非交易日
  warnings.warn(f"{date.strftime('%Y%m%d')}非交易日")
/root/.local/lib/python3.10/site-packages/akshare/futures/futures_basis.py:107: UserWarning: 20201003非交易日
  warnings.warn(f"{date.strftime('%Y%m%d')}非交易日")
/root/.local/lib/python3.10/site-packages/akshare/futures/futures_basis.py:107: UserWarning: 20201004非交易日
  warnings.warn(f"{date.strftime('%Y%m%d')}非交易日")
/root/.local/lib/python3.10/site-packages/akshare/futures/futures_basis.py:107: UserWarning: 20201005非交易日
  warnings.warn(f"{date.strftime('%Y%m%d')}非交易日")
/root/.local/lib/python3.10/site-packages/akshare/futures/futures_basis.py:107: UserWarning: 20201006非交易日
  warnings.warn(f"{date.strftime('%Y%m%d')}非交易日")
/root/.local/lib/python3.10/site-packages/akshare/futures/futures_basis.py:107: UserWarning: 20201007非交易日
  warnings.warn(f"{date.strftime('%Y%m%d')}非交易日")
/root/.local/lib/python3.10/site-packages/akshare/futures/futures_basis.py:107: UserWarning: 20201008非交易日
  warnings.warn(f"{date.strftime('%Y%m%d')}非交易日")
/root/.local/lib/python3.10/site-packages/akshare/futures/futures_basis.py:107: UserWarning: 20201010非交易日
  warnings.warn(f"{date.strftime('%Y%m%d')}非交易日")
/root/.local/lib/python3.10/site-packages/akshare/futures/futures_basis.py:107: UserWarning: 20201011非交易日
  warnings.warn(f"{date.strftime('%Y%m%d')}非交易日")
/root/.local/lib/python3.10/site-packages/akshare/futures/futures_basis.py:107: UserWarning: 20201017非交易日
  warnings.warn(f"{date.strftime('%Y%m%d')}非交易日")
/root/.local/lib/python3.10/site-packages/akshare/futures/futures_basis.py:107: UserWarning: 20201018非交易日
  warnings.warn(f"{date.strftime('%Y%m%d')}非交易日")
/root/.local/lib/python3.10/site-packages/akshare/futures/futures_basis.py:107: UserWarning: 20201024非交易日
  warnings.warn(f"{date.strftime('%Y%m%d')}非交易日")
/root/.local/lib/python3.10/site-packages/akshare/futures/futures_basis.py:107: UserWarning: 20201025非交易日
  warnings.warn(f"{date.strftime('%Y%m%d')}非交易日")
/root/.local/lib/python3.10/site-packages/akshare/futures/futures_basis.py:107: UserWarning: 20201031非交易日
  warnings.warn(f"{date.strftime('%Y%m%d')}非交易日")
/root/.local/lib/python3.10/site-packages/akshare/futures/futures_basis.py:107: UserWarning: 20201101非交易日
  warnings.warn(f"{date.strftime('%Y%m%d')}非交易日")
/root/.local/lib/python3.10/site-packages/akshare/futures/futures_basis.py:107: UserWarning: 20201107非交易日
  warnings.warn(f"{date.strftime('%Y%m%d')}非交易日")
/root/.local/lib/python3.10/site-packages/akshare/futures/futures_basis.py:107: UserWarning: 20201108非交易日
  warnings.warn(f"{date.strftime('%Y%m%d')}非交易日")
/root/.local/lib/python3.10/site-packages/akshare/futures/futures_basis.py:107: UserWarning: 20201114非交易日
  warnings.warn(f"{date.strftime('%Y%m%d')}非交易日")
/root/.local/lib/python3.10/site-packages/akshare/futures/futures_basis.py:107: UserWarning: 20201115非交易日
  warnings.warn(f"{date.strftime('%Y%m%d')}非交易日")
/root/.local/lib/python3.10/site-packages/akshare/futures/futures_basis.py:107: UserWarning: 20201121非交易日
  warnings.warn(f"{date.strftime('%Y%m%d')}非交易日")
/root/.local/lib/python3.10/site-packages/akshare/futures/futures_basis.py:107: UserWarning: 20201122非交易日
  warnings.warn(f"{date.strftime('%Y%m%d')}非交易日")
/root/.local/lib/python3.10/site-packages/akshare/futures/futures_basis.py:107: UserWarning: 20201128非交易日
  warnings.warn(f"{date.strftime('%Y%m%d')}非交易日")
/root/.local/lib/python3.10/site-packages/akshare/futures/futures_basis.py:107: UserWarning: 20201129非交易日
  warnings.warn(f"{date.strftime('%Y%m%d')}非交易日")
/root/.local/lib/python3.10/site-packages/akshare/futures/futures_basis.py:107: UserWarning: 20201205非交易日
  warnings.warn(f"{date.strftime('%Y%m%d')}非交易日")
/root/.local/lib/python3.10/site-packages/akshare/futures/futures_basis.py:107: UserWarning: 20201206非交易日
  warnings.warn(f"{date.strftime('%Y%m%d')}非交易日")
/root/.local/lib/python3.10/site-packages/akshare/futures/futures_basis.py:107: UserWarning: 20201212非交易日
  warnings.warn(f"{date.strftime('%Y%m%d')}非交易日")
/root/.local/lib/python3.10/site-packages/akshare/futures/futures_basis.py:107: UserWarning: 20201213非交易日
  warnings.warn(f"{date.strftime('%Y%m%d')}非交易日")
/root/.local/lib/python3.10/site-packages/akshare/futures/futures_basis.py:107: UserWarning: 20201219非交易日
  warnings.warn(f"{date.strftime('%Y%m%d')}非交易日")
/root/.local/lib/python3.10/site-packages/akshare/futures/futures_basis.py:107: UserWarning: 20201220非交易日
  warnings.warn(f"{date.strftime('%Y%m%d')}非交易日")
/root/.local/lib/python3.10/site-packages/akshare/futures/futures_basis.py:107: UserWarning: 20201226非交易日
  warnings.warn(f"{date.strftime('%Y%m%d')}非交易日")
/root/.local/lib/python3.10/site-packages/akshare/futures/futures_basis.py:107: UserWarning: 20201227非交易日
  warnings.warn(f"{date.strftime('%Y%m%d')}非交易日")
/root/.local/lib/python3.10/site-packages/akshare/futures/futures_basis.py:107: UserWarning: 20210101非交易日
  warnings.warn(f"{date.strftime('%Y%m%d')}非交易日")
/root/.local/lib/python3.10/site-packages/akshare/futures/futures_basis.py:107: UserWarning: 20210102非交易日
  warnings.warn(f"{date.strftime('%Y%m%d')}非交易日")
/root/.local/lib/python3.10/site-packages/akshare/futures/futures_basis.py:107: UserWarning: 20210103非交易日
  warnings.warn(f"{date.strftime('%Y%m%d')}非交易日")
/root/.local/lib/python3.10/site-packages/akshare/futures/futures_basis.py:107: UserWarning: 20210109非交易日
  warnings.warn(f"{date.strftime('%Y%m%d')}非交易日")
/root/.local/lib/python3.10/site-packages/akshare/futures/futures_basis.py:107: UserWarning: 20210110非交易日
  warnings.warn(f"{date.strftime('%Y%m%d')}非交易日")
/root/.local/lib/python3.10/site-packages/akshare/futures/futures_basis.py:107: UserWarning: 20210116非交易日
  warnings.warn(f"{date.strftime('%Y%m%d')}非交易日")
/root/.local/lib/python3.10/site-packages/akshare/futures/futures_basis.py:107: UserWarning: 20210117非交易日
  warnings.warn(f"{date.strftime('%Y%m%d')}非交易日")
/root/.local/lib/python3.10/site-packages/akshare/futures/futures_basis.py:107: UserWarning: 20210123非交易日
  warnings.warn(f"{date.strftime('%Y%m%d')}非交易日")
/root/.local/lib/python3.10/site-packages/akshare/futures/futures_basis.py:107: UserWarning: 20210124非交易日
  warnings.warn(f"{date.strftime('%Y%m%d')}非交易日")
/root/.local/lib/python3.10/site-packages/akshare/futures/futures_basis.py:107: UserWarning: 20210130非交易日
  warnings.warn(f"{date.strftime('%Y%m%d')}非交易日")
/root/.local/lib/python3.10/site-packages/akshare/futures/futures_basis.py:107: UserWarning: 20210131非交易日
  warnings.warn(f"{date.strftime('%Y%m%d')}非交易日")
/root/.local/lib/python3.10/site-packages/akshare/futures/futures_basis.py:107: UserWarning: 20210206非交易日
  warnings.warn(f"{date.strftime('%Y%m%d')}非交易日")
/root/.local/lib/python3.10/site-packages/akshare/futures/futures_basis.py:107: UserWarning: 20210207非交易日
  warnings.warn(f"{date.strftime('%Y%m%d')}非交易日")
/root/.local/lib/python3.10/site-packages/akshare/futures/futures_basis.py:107: UserWarning: 20210211非交易日
  warnings.warn(f"{date.strftime('%Y%m%d')}非交易日")
/root/.local/lib/python3.10/site-packages/akshare/futures/futures_basis.py:107: UserWarning: 20210212非交易日
  warnings.warn(f"{date.strftime('%Y%m%d')}非交易日")
/root/.local/lib/python3.10/site-packages/akshare/futures/futures_basis.py:107: UserWarning: 20210213非交易日
  warnings.warn(f"{date.strftime('%Y%m%d')}非交易日")
/root/.local/lib/python3.10/site-packages/akshare/futures/futures_basis.py:107: UserWarning: 20210214非交易日
  warnings.warn(f"{date.strftime('%Y%m%d')}非交易日")
/root/.local/lib/python3.10/site-packages/akshare/futures/futures_basis.py:107: UserWarning: 20210215非交易日
  warnings.warn(f"{date.strftime('%Y%m%d')}非交易日")
/root/.local/lib/python3.10/site-packages/akshare/futures/futures_basis.py:107: UserWarning: 20210216非交易日
  warnings.warn(f"{date.strftime('%Y%m%d')}非交易日")
/root/.local/lib/python3.10/site-packages/akshare/futures/futures_basis.py:107: UserWarning: 20210217非交易日
  warnings.warn(f"{date.strftime('%Y%m%d')}非交易日")
/root/.local/lib/python3.10/site-packages/akshare/futures/futures_basis.py:107: UserWarning: 20210220非交易日
  warnings.warn(f"{date.strftime('%Y%m%d')}非交易日")
/root/.local/lib/python3.10/site-packages/akshare/futures/futures_basis.py:107: UserWarning: 20210221非交易日
  warnings.warn(f"{date.strftime('%Y%m%d')}非交易日")
/root/.local/lib/python3.10/site-packages/akshare/futures/futures_basis.py:107: UserWarning: 20210227非交易日
  warnings.warn(f"{date.strftime('%Y%m%d')}非交易日")
/root/.local/lib/python3.10/site-packages/akshare/futures/futures_basis.py:107: UserWarning: 20210228非交易日
  warnings.warn(f"{date.strftime('%Y%m%d')}非交易日")
/root/.local/lib/python3.10/site-packages/akshare/futures/futures_basis.py:107: UserWarning: 20210306非交易日
  warnings.warn(f"{date.strftime('%Y%m%d')}非交易日")
/root/.local/lib/python3.10/site-packages/akshare/futures/futures_basis.py:107: UserWarning: 20210307非交易日
  warnings.warn(f"{date.strftime('%Y%m%d')}非交易日")
/root/.local/lib/python3.10/site-packages/akshare/futures/futures_basis.py:107: UserWarning: 20210313非交易日
  warnings.warn(f"{date.strftime('%Y%m%d')}非交易日")
/root/.local/lib/python3.10/site-packages/akshare/futures/futures_basis.py:107: UserWarning: 20210314非交易日
  warnings.warn(f"{date.strftime('%Y%m%d')}非交易日")
/root/.local/lib/python3.10/site-packages/akshare/futures/futures_basis.py:107: UserWarning: 20210320非交易日
  warnings.warn(f"{date.strftime('%Y%m%d')}非交易日")
/root/.local/lib/python3.10/site-packages/akshare/futures/futures_basis.py:107: UserWarning: 20210321非交易日
  warnings.warn(f"{date.strftime('%Y%m%d')}非交易日")
/root/.local/lib/python3.10/site-packages/akshare/futures/futures_basis.py:107: UserWarning: 20210327非交易日
  warnings.warn(f"{date.strftime('%Y%m%d')}非交易日")
/root/.local/lib/python3.10/site-packages/akshare/futures/futures_basis.py:107: UserWarning: 20210328非交易日
  warnings.warn(f"{date.strftime('%Y%m%d')}非交易日")
/root/.local/lib/python3.10/site-packages/akshare/futures/futures_basis.py:107: UserWarning: 20210403非交易日
  warnings.warn(f"{date.strftime('%Y%m%d')}非交易日")
/root/.local/lib/python3.10/site-packages/akshare/futures/futures_basis.py:107: UserWarning: 20210404非交易日
  warnings.warn(f"{date.strftime('%Y%m%d')}非交易日")
/root/.local/lib/python3.10/site-packages/akshare/futures/futures_basis.py:107: UserWarning: 20210405非交易日
  warnings.warn(f"{date.strftime('%Y%m%d')}非交易日")
/root/.local/lib/python3.10/site-packages/akshare/futures/futures_basis.py:107: UserWarning: 20210410非交易日
  warnings.warn(f"{date.strftime('%Y%m%d')}非交易日")
/root/.local/lib/python3.10/site-packages/akshare/futures/futures_basis.py:107: UserWarning: 20210411非交易日
  warnings.warn(f"{date.strftime('%Y%m%d')}非交易日")
/root/.local/lib/python3.10/site-packages/akshare/futures/futures_basis.py:107: UserWarning: 20210417非交易日
  warnings.warn(f"{date.strftime('%Y%m%d')}非交易日")
/root/.local/lib/python3.10/site-packages/akshare/futures/futures_basis.py:107: UserWarning: 20210418非交易日
  warnings.warn(f"{date.strftime('%Y%m%d')}非交易日")
/root/.local/lib/python3.10/site-packages/akshare/futures/futures_basis.py:107: UserWarning: 20210424非交易日
  warnings.warn(f"{date.strftime('%Y%m%d')}非交易日")
/root/.local/lib/python3.10/site-packages/akshare/futures/futures_basis.py:107: UserWarning: 20210425非交易日
  warnings.warn(f"{date.strftime('%Y%m%d')}非交易日")
/root/.local/lib/python3.10/site-packages/akshare/futures/futures_basis.py:107: UserWarning: 20210501非交易日
  warnings.warn(f"{date.strftime('%Y%m%d')}非交易日")
/root/.local/lib/python3.10/site-packages/akshare/futures/futures_basis.py:107: UserWarning: 20210502非交易日
  warnings.warn(f"{date.strftime('%Y%m%d')}非交易日")
/root/.local/lib/python3.10/site-packages/akshare/futures/futures_basis.py:107: UserWarning: 20210503非交易日
  warnings.warn(f"{date.strftime('%Y%m%d')}非交易日")
/root/.local/lib/python3.10/site-packages/akshare/futures/futures_basis.py:107: UserWarning: 20210504非交易日
  warnings.warn(f"{date.strftime('%Y%m%d')}非交易日")
/root/.local/lib/python3.10/site-packages/akshare/futures/futures_basis.py:107: UserWarning: 20210505非交易日
  warnings.warn(f"{date.strftime('%Y%m%d')}非交易日")
/root/.local/lib/python3.10/site-packages/akshare/futures/futures_basis.py:107: UserWarning: 20210508非交易日
  warnings.warn(f"{date.strftime('%Y%m%d')}非交易日")
/root/.local/lib/python3.10/site-packages/akshare/futures/futures_basis.py:107: UserWarning: 20210509非交易日
  warnings.warn(f"{date.strftime('%Y%m%d')}非交易日")
/root/.local/lib/python3.10/site-packages/akshare/futures/futures_basis.py:107: UserWarning: 20210515非交易日
  warnings.warn(f"{date.strftime('%Y%m%d')}非交易日")
/root/.local/lib/python3.10/site-packages/akshare/futures/futures_basis.py:107: UserWarning: 20210516非交易日
  warnings.warn(f"{date.strftime('%Y%m%d')}非交易日")
/root/.local/lib/python3.10/site-packages/akshare/futures/futures_basis.py:107: UserWarning: 20210522非交易日
  warnings.warn(f"{date.strftime('%Y%m%d')}非交易日")
/root/.local/lib/python3.10/site-packages/akshare/futures/futures_basis.py:107: UserWarning: 20210523非交易日
  warnings.warn(f"{date.strftime('%Y%m%d')}非交易日")
/root/.local/lib/python3.10/site-packages/akshare/futures/futures_basis.py:107: UserWarning: 20210529非交易日
  warnings.warn(f"{date.strftime('%Y%m%d')}非交易日")
/root/.local/lib/python3.10/site-packages/akshare/futures/futures_basis.py:107: UserWarning: 20210530非交易日
  warnings.warn(f"{date.strftime('%Y%m%d')}非交易日")
/root/.local/lib/python3.10/site-packages/akshare/futures/futures_basis.py:107: UserWarning: 20210605非交易日
  warnings.warn(f"{date.strftime('%Y%m%d')}非交易日")
/root/.local/lib/python3.10/site-packages/akshare/futures/futures_basis.py:107: UserWarning: 20210606非交易日
  warnings.warn(f"{date.strftime('%Y%m%d')}非交易日")
/root/.local/lib/python3.10/site-packages/akshare/futures/futures_basis.py:107: UserWarning: 20210612非交易日
  warnings.warn(f"{date.strftime('%Y%m%d')}非交易日")
/root/.local/lib/python3.10/site-packages/akshare/futures/futures_basis.py:107: UserWarning: 20210613非交易日
  warnings.warn(f"{date.strftime('%Y%m%d')}非交易日")
/root/.local/lib/python3.10/site-packages/akshare/futures/futures_basis.py:107: UserWarning: 20210614非交易日
  warnings.warn(f"{date.strftime('%Y%m%d')}非交易日")
/root/.local/lib/python3.10/site-packages/akshare/futures/futures_basis.py:107: UserWarning: 20210619非交易日
  warnings.warn(f"{date.strftime('%Y%m%d')}非交易日")
/root/.local/lib/python3.10/site-packages/akshare/futures/futures_basis.py:107: UserWarning: 20210620非交易日
  warnings.warn(f"{date.strftime('%Y%m%d')}非交易日")
/root/.local/lib/python3.10/site-packages/akshare/futures/futures_basis.py:107: UserWarning: 20210626非交易日
  warnings.warn(f"{date.strftime('%Y%m%d')}非交易日")
/root/.local/lib/python3.10/site-packages/akshare/futures/futures_basis.py:107: UserWarning: 20210627非交易日
  warnings.warn(f"{date.strftime('%Y%m%d')}非交易日")
/root/.local/lib/python3.10/site-packages/akshare/futures/futures_basis.py:107: UserWarning: 20210703非交易日
  warnings.warn(f"{date.strftime('%Y%m%d')}非交易日")
/root/.local/lib/python3.10/site-packages/akshare/futures/futures_basis.py:107: UserWarning: 20210704非交易日
  warnings.warn(f"{date.strftime('%Y%m%d')}非交易日")
/root/.local/lib/python3.10/site-packages/akshare/futures/futures_basis.py:107: UserWarning: 20210710非交易日
  warnings.warn(f"{date.strftime('%Y%m%d')}非交易日")
/root/.local/lib/python3.10/site-packages/akshare/futures/futures_basis.py:107: UserWarning: 20210711非交易日
  warnings.warn(f"{date.strftime('%Y%m%d')}非交易日")
/root/.local/lib/python3.10/site-packages/akshare/futures/futures_basis.py:107: UserWarning: 20210717非交易日
  warnings.warn(f"{date.strftime('%Y%m%d')}非交易日")
/root/.local/lib/python3.10/site-packages/akshare/futures/futures_basis.py:107: UserWarning: 20210718非交易日
  warnings.warn(f"{date.strftime('%Y%m%d')}非交易日")
/root/.local/lib/python3.10/site-packages/akshare/futures/futures_basis.py:107: UserWarning: 20210724非交易日
  warnings.warn(f"{date.strftime('%Y%m%d')}非交易日")
/root/.local/lib/python3.10/site-packages/akshare/futures/futures_basis.py:107: UserWarning: 20210725非交易日
  warnings.warn(f"{date.strftime('%Y%m%d')}非交易日")
/root/.local/lib/python3.10/site-packages/akshare/futures/futures_basis.py:107: UserWarning: 20210731非交易日
  warnings.warn(f"{date.strftime('%Y%m%d')}非交易日")
/root/.local/lib/python3.10/site-packages/akshare/futures/futures_basis.py:107: UserWarning: 20210801非交易日
  warnings.warn(f"{date.strftime('%Y%m%d')}非交易日")
/root/.local/lib/python3.10/site-packages/akshare/futures/futures_basis.py:107: UserWarning: 20210807非交易日
  warnings.warn(f"{date.strftime('%Y%m%d')}非交易日")
/root/.local/lib/python3.10/site-packages/akshare/futures/futures_basis.py:107: UserWarning: 20210808非交易日
  warnings.warn(f"{date.strftime('%Y%m%d')}非交易日")
/root/.local/lib/python3.10/site-packages/akshare/futures/futures_basis.py:107: UserWarning: 20210814非交易日
  warnings.warn(f"{date.strftime('%Y%m%d')}非交易日")
/root/.local/lib/python3.10/site-packages/akshare/futures/futures_basis.py:107: UserWarning: 20210815非交易日
  warnings.warn(f"{date.strftime('%Y%m%d')}非交易日")
/root/.local/lib/python3.10/site-packages/akshare/futures/futures_basis.py:107: UserWarning: 20210821非交易日
  warnings.warn(f"{date.strftime('%Y%m%d')}非交易日")
/root/.local/lib/python3.10/site-packages/akshare/futures/futures_basis.py:107: UserWarning: 20210822非交易日
  warnings.warn(f"{date.strftime('%Y%m%d')}非交易日")
/root/.local/lib/python3.10/site-packages/akshare/futures/futures_basis.py:107: UserWarning: 20210828非交易日
  warnings.warn(f"{date.strftime('%Y%m%d')}非交易日")
/root/.local/lib/python3.10/site-packages/akshare/futures/futures_basis.py:107: UserWarning: 20210829非交易日
  warnings.warn(f"{date.strftime('%Y%m%d')}非交易日")
/root/.local/lib/python3.10/site-packages/akshare/futures/futures_basis.py:107: UserWarning: 20210904非交易日
  warnings.warn(f"{date.strftime('%Y%m%d')}非交易日")
/root/.local/lib/python3.10/site-packages/akshare/futures/futures_basis.py:107: UserWarning: 20210905非交易日
  warnings.warn(f"{date.strftime('%Y%m%d')}非交易日")
/root/.local/lib/python3.10/site-packages/akshare/futures/futures_basis.py:107: UserWarning: 20210911非交易日
  warnings.warn(f"{date.strftime('%Y%m%d')}非交易日")
/root/.local/lib/python3.10/site-packages/akshare/futures/futures_basis.py:107: UserWarning: 20210912非交易日
  warnings.warn(f"{date.strftime('%Y%m%d')}非交易日")
/root/.local/lib/python3.10/site-packages/akshare/futures/futures_basis.py:107: UserWarning: 20210918非交易日
  warnings.warn(f"{date.strftime('%Y%m%d')}非交易日")
/root/.local/lib/python3.10/site-packages/akshare/futures/futures_basis.py:107: UserWarning: 20210919非交易日
  warnings.warn(f"{date.strftime('%Y%m%d')}非交易日")
/root/.local/lib/python3.10/site-packages/akshare/futures/futures_basis.py:107: UserWarning: 20210920非交易日
  warnings.warn(f"{date.strftime('%Y%m%d')}非交易日")
/root/.local/lib/python3.10/site-packages/akshare/futures/futures_basis.py:107: UserWarning: 20210921非交易日
  warnings.warn(f"{date.strftime('%Y%m%d')}非交易日")
/root/.local/lib/python3.10/site-packages/akshare/futures/futures_basis.py:107: UserWarning: 20210925非交易日
  warnings.warn(f"{date.strftime('%Y%m%d')}非交易日")
/root/.local/lib/python3.10/site-packages/akshare/futures/futures_basis.py:107: UserWarning: 20210926非交易日
  warnings.warn(f"{date.strftime('%Y%m%d')}非交易日")
/root/.local/lib/python3.10/site-packages/akshare/futures/futures_basis.py:107: UserWarning: 20211001非交易日
  warnings.warn(f"{date.strftime('%Y%m%d')}非交易日")
/root/.local/lib/python3.10/site-packages/akshare/futures/futures_basis.py:107: UserWarning: 20211002非交易日
  warnings.warn(f"{date.strftime('%Y%m%d')}非交易日")
/root/.local/lib/python3.10/site-packages/akshare/futures/futures_basis.py:107: UserWarning: 20211003非交易日
  warnings.warn(f"{date.strftime('%Y%m%d')}非交易日")
/root/.local/lib/python3.10/site-packages/akshare/futures/futures_basis.py:107: UserWarning: 20211004非交易日
  warnings.warn(f"{date.strftime('%Y%m%d')}非交易日")
/root/.local/lib/python3.10/site-packages/akshare/futures/futures_basis.py:107: UserWarning: 20211005非交易日
  warnings.warn(f"{date.strftime('%Y%m%d')}非交易日")
/root/.local/lib/python3.10/site-packages/akshare/futures/futures_basis.py:107: UserWarning: 20211006非交易日
  warnings.warn(f"{date.strftime('%Y%m%d')}非交易日")
/root/.local/lib/python3.10/site-packages/akshare/futures/futures_basis.py:107: UserWarning: 20211007非交易日
  warnings.warn(f"{date.strftime('%Y%m%d')}非交易日")
/root/.local/lib/python3.10/site-packages/akshare/futures/futures_basis.py:107: UserWarning: 20211009非交易日
  warnings.warn(f"{date.strftime('%Y%m%d')}非交易日")
/root/.local/lib/python3.10/site-packages/akshare/futures/futures_basis.py:107: UserWarning: 20211010非交易日
  warnings.warn(f"{date.strftime('%Y%m%d')}非交易日")
/root/.local/lib/python3.10/site-packages/akshare/futures/futures_basis.py:107: UserWarning: 20211016非交易日
  warnings.warn(f"{date.strftime('%Y%m%d')}非交易日")
/root/.local/lib/python3.10/site-packages/akshare/futures/futures_basis.py:107: UserWarning: 20211017非交易日
  warnings.warn(f"{date.strftime('%Y%m%d')}非交易日")
/root/.local/lib/python3.10/site-packages/akshare/futures/futures_basis.py:107: UserWarning: 20211023非交易日
  warnings.warn(f"{date.strftime('%Y%m%d')}非交易日")
/root/.local/lib/python3.10/site-packages/akshare/futures/futures_basis.py:107: UserWarning: 20211024非交易日
  warnings.warn(f"{date.strftime('%Y%m%d')}非交易日")
/root/.local/lib/python3.10/site-packages/akshare/futures/futures_basis.py:107: UserWarning: 20211030非交易日
  warnings.warn(f"{date.strftime('%Y%m%d')}非交易日")
/root/.local/lib/python3.10/site-packages/akshare/futures/futures_basis.py:107: UserWarning: 20211031非交易日
  warnings.warn(f"{date.strftime('%Y%m%d')}非交易日")
/root/.local/lib/python3.10/site-packages/akshare/futures/futures_basis.py:107: UserWarning: 20211106非交易日
  warnings.warn(f"{date.strftime('%Y%m%d')}非交易日")
/root/.local/lib/python3.10/site-packages/akshare/futures/futures_basis.py:107: UserWarning: 20211107非交易日
  warnings.warn(f"{date.strftime('%Y%m%d')}非交易日")
/root/.local/lib/python3.10/site-packages/akshare/futures/futures_basis.py:107: UserWarning: 20211113非交易日
  warnings.warn(f"{date.strftime('%Y%m%d')}非交易日")
/root/.local/lib/python3.10/site-packages/akshare/futures/futures_basis.py:107: UserWarning: 20211114非交易日
  warnings.warn(f"{date.strftime('%Y%m%d')}非交易日")
/root/.local/lib/python3.10/site-packages/akshare/futures/futures_basis.py:107: UserWarning: 20211120非交易日
  warnings.warn(f"{date.strftime('%Y%m%d')}非交易日")
/root/.local/lib/python3.10/site-packages/akshare/futures/futures_basis.py:107: UserWarning: 20211121非交易日
  warnings.warn(f"{date.strftime('%Y%m%d')}非交易日")
/root/.local/lib/python3.10/site-packages/akshare/futures/futures_basis.py:107: UserWarning: 20211127非交易日
  warnings.warn(f"{date.strftime('%Y%m%d')}非交易日")
/root/.local/lib/python3.10/site-packages/akshare/futures/futures_basis.py:107: UserWarning: 20211128非交易日
  warnings.warn(f"{date.strftime('%Y%m%d')}非交易日")
/root/.local/lib/python3.10/site-packages/akshare/futures/futures_basis.py:107: UserWarning: 20211204非交易日
  warnings.warn(f"{date.strftime('%Y%m%d')}非交易日")
/root/.local/lib/python3.10/site-packages/akshare/futures/futures_basis.py:107: UserWarning: 20211205非交易日
  warnings.warn(f"{date.strftime('%Y%m%d')}非交易日")
/root/.local/lib/python3.10/site-packages/akshare/futures/futures_basis.py:107: UserWarning: 20211211非交易日
  warnings.warn(f"{date.strftime('%Y%m%d')}非交易日")
/root/.local/lib/python3.10/site-packages/akshare/futures/futures_basis.py:107: UserWarning: 20211212非交易日
  warnings.warn(f"{date.strftime('%Y%m%d')}非交易日")
/root/.local/lib/python3.10/site-packages/akshare/futures/futures_basis.py:107: UserWarning: 20211218非交易日
  warnings.warn(f"{date.strftime('%Y%m%d')}非交易日")
/root/.local/lib/python3.10/site-packages/akshare/futures/futures_basis.py:107: UserWarning: 20211219非交易日
  warnings.warn(f"{date.strftime('%Y%m%d')}非交易日")
/root/.local/lib/python3.10/site-packages/akshare/futures/futures_basis.py:107: UserWarning: 20211225非交易日
  warnings.warn(f"{date.strftime('%Y%m%d')}非交易日")
/root/.local/lib/python3.10/site-packages/akshare/futures/futures_basis.py:107: UserWarning: 20211226非交易日
  warnings.warn(f"{date.strftime('%Y%m%d')}非交易日")
/root/.local/lib/python3.10/site-packages/akshare/futures/futures_basis.py:107: UserWarning: 20220101非交易日
  warnings.warn(f"{date.strftime('%Y%m%d')}非交易日")
/root/.local/lib/python3.10/site-packages/akshare/futures/futures_basis.py:107: UserWarning: 20220102非交易日
  warnings.warn(f"{date.strftime('%Y%m%d')}非交易日")
/root/.local/lib/python3.10/site-packages/akshare/futures/futures_basis.py:107: UserWarning: 20220103非交易日
  warnings.warn(f"{date.strftime('%Y%m%d')}非交易日")
/root/.local/lib/python3.10/site-packages/akshare/futures/futures_basis.py:107: UserWarning: 20220108非交易日
  warnings.warn(f"{date.strftime('%Y%m%d')}非交易日")
/root/.local/lib/python3.10/site-packages/akshare/futures/futures_basis.py:107: UserWarning: 20220109非交易日
  warnings.warn(f"{date.strftime('%Y%m%d')}非交易日")
/root/.local/lib/python3.10/site-packages/akshare/futures/futures_basis.py:107: UserWarning: 20220115非交易日
  warnings.warn(f"{date.strftime('%Y%m%d')}非交易日")
/root/.local/lib/python3.10/site-packages/akshare/futures/futures_basis.py:107: UserWarning: 20220116非交易日
  warnings.warn(f"{date.strftime('%Y%m%d')}非交易日")
/root/.local/lib/python3.10/site-packages/akshare/futures/futures_basis.py:107: UserWarning: 20220122非交易日
  warnings.warn(f"{date.strftime('%Y%m%d')}非交易日")
/root/.local/lib/python3.10/site-packages/akshare/futures/futures_basis.py:107: UserWarning: 20220123非交易日
  warnings.warn(f"{date.strftime('%Y%m%d')}非交易日")
/root/.local/lib/python3.10/site-packages/akshare/futures/futures_basis.py:107: UserWarning: 20220129非交易日
  warnings.warn(f"{date.strftime('%Y%m%d')}非交易日")
/root/.local/lib/python3.10/site-packages/akshare/futures/futures_basis.py:107: UserWarning: 20220130非交易日
  warnings.warn(f"{date.strftime('%Y%m%d')}非交易日")
/root/.local/lib/python3.10/site-packages/akshare/futures/futures_basis.py:107: UserWarning: 20220131非交易日
  warnings.warn(f"{date.strftime('%Y%m%d')}非交易日")
/root/.local/lib/python3.10/site-packages/akshare/futures/futures_basis.py:107: UserWarning: 20220201非交易日
  warnings.warn(f"{date.strftime('%Y%m%d')}非交易日")
/root/.local/lib/python3.10/site-packages/akshare/futures/futures_basis.py:107: UserWarning: 20220202非交易日
  warnings.warn(f"{date.strftime('%Y%m%d')}非交易日")
/root/.local/lib/python3.10/site-packages/akshare/futures/futures_basis.py:107: UserWarning: 20220203非交易日
  warnings.warn(f"{date.strftime('%Y%m%d')}非交易日")
/root/.local/lib/python3.10/site-packages/akshare/futures/futures_basis.py:107: UserWarning: 20220204非交易日
  warnings.warn(f"{date.strftime('%Y%m%d')}非交易日")
/root/.local/lib/python3.10/site-packages/akshare/futures/futures_basis.py:107: UserWarning: 20220205非交易日
  warnings.warn(f"{date.strftime('%Y%m%d')}非交易日")
/root/.local/lib/python3.10/site-packages/akshare/futures/futures_basis.py:107: UserWarning: 20220206非交易日
  warnings.warn(f"{date.strftime('%Y%m%d')}非交易日")
/root/.local/lib/python3.10/site-packages/akshare/futures/futures_basis.py:107: UserWarning: 20220212非交易日
  warnings.warn(f"{date.strftime('%Y%m%d')}非交易日")
/root/.local/lib/python3.10/site-packages/akshare/futures/futures_basis.py:107: UserWarning: 20220213非交易日
  warnings.warn(f"{date.strftime('%Y%m%d')}非交易日")
/root/.local/lib/python3.10/site-packages/akshare/futures/futures_basis.py:107: UserWarning: 20220219非交易日
  warnings.warn(f"{date.strftime('%Y%m%d')}非交易日")
/root/.local/lib/python3.10/site-packages/akshare/futures/futures_basis.py:107: UserWarning: 20220220非交易日
  warnings.warn(f"{date.strftime('%Y%m%d')}非交易日")
/root/.local/lib/python3.10/site-packages/akshare/futures/futures_basis.py:107: UserWarning: 20220226非交易日
  warnings.warn(f"{date.strftime('%Y%m%d')}非交易日")
/root/.local/lib/python3.10/site-packages/akshare/futures/futures_basis.py:107: UserWarning: 20220227非交易日
  warnings.warn(f"{date.strftime('%Y%m%d')}非交易日")
/root/.local/lib/python3.10/site-packages/akshare/futures/futures_basis.py:107: UserWarning: 20220305非交易日
  warnings.warn(f"{date.strftime('%Y%m%d')}非交易日")
/root/.local/lib/python3.10/site-packages/akshare/futures/futures_basis.py:107: UserWarning: 20220306非交易日
  warnings.warn(f"{date.strftime('%Y%m%d')}非交易日")
/root/.local/lib/python3.10/site-packages/akshare/futures/futures_basis.py:107: UserWarning: 20220312非交易日
  warnings.warn(f"{date.strftime('%Y%m%d')}非交易日")
/root/.local/lib/python3.10/site-packages/akshare/futures/futures_basis.py:107: UserWarning: 20220313非交易日
  warnings.warn(f"{date.strftime('%Y%m%d')}非交易日")
/root/.local/lib/python3.10/site-packages/akshare/futures/futures_basis.py:107: UserWarning: 20220319非交易日
  warnings.warn(f"{date.strftime('%Y%m%d')}非交易日")
/root/.local/lib/python3.10/site-packages/akshare/futures/futures_basis.py:107: UserWarning: 20220320非交易日
  warnings.warn(f"{date.strftime('%Y%m%d')}非交易日")
/root/.local/lib/python3.10/site-packages/akshare/futures/futures_basis.py:107: UserWarning: 20220326非交易日
  warnings.warn(f"{date.strftime('%Y%m%d')}非交易日")
/root/.local/lib/python3.10/site-packages/akshare/futures/futures_basis.py:107: UserWarning: 20220327非交易日
  warnings.warn(f"{date.strftime('%Y%m%d')}非交易日")
/root/.local/lib/python3.10/site-packages/akshare/futures/futures_basis.py:107: UserWarning: 20220402非交易日
  warnings.warn(f"{date.strftime('%Y%m%d')}非交易日")
/root/.local/lib/python3.10/site-packages/akshare/futures/futures_basis.py:107: UserWarning: 20220403非交易日
  warnings.warn(f"{date.strftime('%Y%m%d')}非交易日")
/root/.local/lib/python3.10/site-packages/akshare/futures/futures_basis.py:107: UserWarning: 20220404非交易日
  warnings.warn(f"{date.strftime('%Y%m%d')}非交易日")
/root/.local/lib/python3.10/site-packages/akshare/futures/futures_basis.py:107: UserWarning: 20220405非交易日
  warnings.warn(f"{date.strftime('%Y%m%d')}非交易日")
/root/.local/lib/python3.10/site-packages/akshare/futures/futures_basis.py:107: UserWarning: 20220409非交易日
  warnings.warn(f"{date.strftime('%Y%m%d')}非交易日")
/root/.local/lib/python3.10/site-packages/akshare/futures/futures_basis.py:107: UserWarning: 20220410非交易日
  warnings.warn(f"{date.strftime('%Y%m%d')}非交易日")
/root/.local/lib/python3.10/site-packages/akshare/futures/futures_basis.py:107: UserWarning: 20220416非交易日
  warnings.warn(f"{date.strftime('%Y%m%d')}非交易日")
/root/.local/lib/python3.10/site-packages/akshare/futures/futures_basis.py:107: UserWarning: 20220417非交易日
  warnings.warn(f"{date.strftime('%Y%m%d')}非交易日")
/root/.local/lib/python3.10/site-packages/akshare/futures/futures_basis.py:107: UserWarning: 20220423非交易日
  warnings.warn(f"{date.strftime('%Y%m%d')}非交易日")
/root/.local/lib/python3.10/site-packages/akshare/futures/futures_basis.py:107: UserWarning: 20220424非交易日
  warnings.warn(f"{date.strftime('%Y%m%d')}非交易日")
/root/.local/lib/python3.10/site-packages/akshare/futures/futures_basis.py:107: UserWarning: 20220430非交易日
  warnings.warn(f"{date.strftime('%Y%m%d')}非交易日")
/root/.local/lib/python3.10/site-packages/akshare/futures/futures_basis.py:107: UserWarning: 20220501非交易日
  warnings.warn(f"{date.strftime('%Y%m%d')}非交易日")
/root/.local/lib/python3.10/site-packages/akshare/futures/futures_basis.py:107: UserWarning: 20220502非交易日
  warnings.warn(f"{date.strftime('%Y%m%d')}非交易日")
/root/.local/lib/python3.10/site-packages/akshare/futures/futures_basis.py:107: UserWarning: 20220503非交易日
  warnings.warn(f"{date.strftime('%Y%m%d')}非交易日")
/root/.local/lib/python3.10/site-packages/akshare/futures/futures_basis.py:107: UserWarning: 20220504非交易日
  warnings.warn(f"{date.strftime('%Y%m%d')}非交易日")
/root/.local/lib/python3.10/site-packages/akshare/futures/futures_basis.py:107: UserWarning: 20220507非交易日
  warnings.warn(f"{date.strftime('%Y%m%d')}非交易日")
/root/.local/lib/python3.10/site-packages/akshare/futures/futures_basis.py:107: UserWarning: 20220508非交易日
  warnings.warn(f"{date.strftime('%Y%m%d')}非交易日")
/root/.local/lib/python3.10/site-packages/akshare/futures/futures_basis.py:107: UserWarning: 20220514非交易日
  warnings.warn(f"{date.strftime('%Y%m%d')}非交易日")
/root/.local/lib/python3.10/site-packages/akshare/futures/futures_basis.py:107: UserWarning: 20220515非交易日
  warnings.warn(f"{date.strftime('%Y%m%d')}非交易日")
/root/.local/lib/python3.10/site-packages/akshare/futures/futures_basis.py:107: UserWarning: 20220521非交易日
  warnings.warn(f"{date.strftime('%Y%m%d')}非交易日")
/root/.local/lib/python3.10/site-packages/akshare/futures/futures_basis.py:107: UserWarning: 20220522非交易日
  warnings.warn(f"{date.strftime('%Y%m%d')}非交易日")
/root/.local/lib/python3.10/site-packages/akshare/futures/futures_basis.py:107: UserWarning: 20220528非交易日
  warnings.warn(f"{date.strftime('%Y%m%d')}非交易日")
/root/.local/lib/python3.10/site-packages/akshare/futures/futures_basis.py:107: UserWarning: 20220529非交易日
  warnings.warn(f"{date.strftime('%Y%m%d')}非交易日")
/root/.local/lib/python3.10/site-packages/akshare/futures/futures_basis.py:107: UserWarning: 20220603非交易日
  warnings.warn(f"{date.strftime('%Y%m%d')}非交易日")
/root/.local/lib/python3.10/site-packages/akshare/futures/futures_basis.py:107: UserWarning: 20220604非交易日
  warnings.warn(f"{date.strftime('%Y%m%d')}非交易日")
/root/.local/lib/python3.10/site-packages/akshare/futures/futures_basis.py:107: UserWarning: 20220605非交易日
  warnings.warn(f"{date.strftime('%Y%m%d')}非交易日")
/root/.local/lib/python3.10/site-packages/akshare/futures/futures_basis.py:107: UserWarning: 20220611非交易日
  warnings.warn(f"{date.strftime('%Y%m%d')}非交易日")
/root/.local/lib/python3.10/site-packages/akshare/futures/futures_basis.py:107: UserWarning: 20220612非交易日
  warnings.warn(f"{date.strftime('%Y%m%d')}非交易日")
/root/.local/lib/python3.10/site-packages/akshare/futures/futures_basis.py:107: UserWarning: 20220618非交易日
  warnings.warn(f"{date.strftime('%Y%m%d')}非交易日")
/root/.local/lib/python3.10/site-packages/akshare/futures/futures_basis.py:107: UserWarning: 20220619非交易日
  warnings.warn(f"{date.strftime('%Y%m%d')}非交易日")
/root/.local/lib/python3.10/site-packages/akshare/futures/futures_basis.py:107: UserWarning: 20220625非交易日
  warnings.warn(f"{date.strftime('%Y%m%d')}非交易日")
/root/.local/lib/python3.10/site-packages/akshare/futures/futures_basis.py:107: UserWarning: 20220626非交易日
  warnings.warn(f"{date.strftime('%Y%m%d')}非交易日")
/root/.local/lib/python3.10/site-packages/akshare/futures/futures_basis.py:107: UserWarning: 20220702非交易日
  warnings.warn(f"{date.strftime('%Y%m%d')}非交易日")
/root/.local/lib/python3.10/site-packages/akshare/futures/futures_basis.py:107: UserWarning: 20220703非交易日
  warnings.warn(f"{date.strftime('%Y%m%d')}非交易日")
/root/.local/lib/python3.10/site-packages/akshare/futures/futures_basis.py:107: UserWarning: 20220709非交易日
  warnings.warn(f"{date.strftime('%Y%m%d')}非交易日")
/root/.local/lib/python3.10/site-packages/akshare/futures/futures_basis.py:107: UserWarning: 20220710非交易日
  warnings.warn(f"{date.strftime('%Y%m%d')}非交易日")
/root/.local/lib/python3.10/site-packages/akshare/futures/futures_basis.py:107: UserWarning: 20220716非交易日
  warnings.warn(f"{date.strftime('%Y%m%d')}非交易日")
/root/.local/lib/python3.10/site-packages/akshare/futures/futures_basis.py:107: UserWarning: 20220717非交易日
  warnings.warn(f"{date.strftime('%Y%m%d')}非交易日")
/root/.local/lib/python3.10/site-packages/akshare/futures/futures_basis.py:107: UserWarning: 20220723非交易日
  warnings.warn(f"{date.strftime('%Y%m%d')}非交易日")
/root/.local/lib/python3.10/site-packages/akshare/futures/futures_basis.py:107: UserWarning: 20220724非交易日
  warnings.warn(f"{date.strftime('%Y%m%d')}非交易日")
/root/.local/lib/python3.10/site-packages/akshare/futures/futures_basis.py:107: UserWarning: 20220730非交易日
  warnings.warn(f"{date.strftime('%Y%m%d')}非交易日")
/root/.local/lib/python3.10/site-packages/akshare/futures/futures_basis.py:107: UserWarning: 20220731非交易日
  warnings.warn(f"{date.strftime('%Y%m%d')}非交易日")
/root/.local/lib/python3.10/site-packages/akshare/futures/futures_basis.py:107: UserWarning: 20220806非交易日
  warnings.warn(f"{date.strftime('%Y%m%d')}非交易日")
/root/.local/lib/python3.10/site-packages/akshare/futures/futures_basis.py:107: UserWarning: 20220807非交易日
  warnings.warn(f"{date.strftime('%Y%m%d')}非交易日")
/root/.local/lib/python3.10/site-packages/akshare/futures/futures_basis.py:107: UserWarning: 20220813非交易日
  warnings.warn(f"{date.strftime('%Y%m%d')}非交易日")
/root/.local/lib/python3.10/site-packages/akshare/futures/futures_basis.py:107: UserWarning: 20220814非交易日
  warnings.warn(f"{date.strftime('%Y%m%d')}非交易日")
/root/.local/lib/python3.10/site-packages/akshare/futures/futures_basis.py:107: UserWarning: 20220820非交易日
  warnings.warn(f"{date.strftime('%Y%m%d')}非交易日")
/root/.local/lib/python3.10/site-packages/akshare/futures/futures_basis.py:107: UserWarning: 20220821非交易日
  warnings.warn(f"{date.strftime('%Y%m%d')}非交易日")
/root/.local/lib/python3.10/site-packages/akshare/futures/futures_basis.py:107: UserWarning: 20220827非交易日
  warnings.warn(f"{date.strftime('%Y%m%d')}非交易日")
/root/.local/lib/python3.10/site-packages/akshare/futures/futures_basis.py:107: UserWarning: 20220828非交易日
  warnings.warn(f"{date.strftime('%Y%m%d')}非交易日")
/root/.local/lib/python3.10/site-packages/akshare/futures/futures_basis.py:107: UserWarning: 20220903非交易日
  warnings.warn(f"{date.strftime('%Y%m%d')}非交易日")
/root/.local/lib/python3.10/site-packages/akshare/futures/futures_basis.py:107: UserWarning: 20220904非交易日
  warnings.warn(f"{date.strftime('%Y%m%d')}非交易日")
/root/.local/lib/python3.10/site-packages/akshare/futures/futures_basis.py:107: UserWarning: 20220910非交易日
  warnings.warn(f"{date.strftime('%Y%m%d')}非交易日")
/root/.local/lib/python3.10/site-packages/akshare/futures/futures_basis.py:107: UserWarning: 20220911非交易日
  warnings.warn(f"{date.strftime('%Y%m%d')}非交易日")
/root/.local/lib/python3.10/site-packages/akshare/futures/futures_basis.py:107: UserWarning: 20220912非交易日
  warnings.warn(f"{date.strftime('%Y%m%d')}非交易日")
/root/.local/lib/python3.10/site-packages/akshare/futures/futures_basis.py:107: UserWarning: 20220917非交易日
  warnings.warn(f"{date.strftime('%Y%m%d')}非交易日")
/root/.local/lib/python3.10/site-packages/akshare/futures/futures_basis.py:107: UserWarning: 20220918非交易日
  warnings.warn(f"{date.strftime('%Y%m%d')}非交易日")
/root/.local/lib/python3.10/site-packages/akshare/futures/futures_basis.py:107: UserWarning: 20220924非交易日
  warnings.warn(f"{date.strftime('%Y%m%d')}非交易日")
/root/.local/lib/python3.10/site-packages/akshare/futures/futures_basis.py:107: UserWarning: 20220925非交易日
  warnings.warn(f"{date.strftime('%Y%m%d')}非交易日")
/root/.local/lib/python3.10/site-packages/akshare/futures/futures_basis.py:107: UserWarning: 20221001非交易日
  warnings.warn(f"{date.strftime('%Y%m%d')}非交易日")
/root/.local/lib/python3.10/site-packages/akshare/futures/futures_basis.py:107: UserWarning: 20221002非交易日
  warnings.warn(f"{date.strftime('%Y%m%d')}非交易日")
/root/.local/lib/python3.10/site-packages/akshare/futures/futures_basis.py:107: UserWarning: 20221003非交易日
  warnings.warn(f"{date.strftime('%Y%m%d')}非交易日")
/root/.local/lib/python3.10/site-packages/akshare/futures/futures_basis.py:107: UserWarning: 20221004非交易日
  warnings.warn(f"{date.strftime('%Y%m%d')}非交易日")
/root/.local/lib/python3.10/site-packages/akshare/futures/futures_basis.py:107: UserWarning: 20221005非交易日
  warnings.warn(f"{date.strftime('%Y%m%d')}非交易日")
/root/.local/lib/python3.10/site-packages/akshare/futures/futures_basis.py:107: UserWarning: 20221006非交易日
  warnings.warn(f"{date.strftime('%Y%m%d')}非交易日")
/root/.local/lib/python3.10/site-packages/akshare/futures/futures_basis.py:107: UserWarning: 20221007非交易日
  warnings.warn(f"{date.strftime('%Y%m%d')}非交易日")
/root/.local/lib/python3.10/site-packages/akshare/futures/futures_basis.py:107: UserWarning: 20221008非交易日
  warnings.warn(f"{date.strftime('%Y%m%d')}非交易日")
/root/.local/lib/python3.10/site-packages/akshare/futures/futures_basis.py:107: UserWarning: 20221009非交易日
  warnings.warn(f"{date.strftime('%Y%m%d')}非交易日")
/root/.local/lib/python3.10/site-packages/akshare/futures/futures_basis.py:107: UserWarning: 20221015非交易日
  warnings.warn(f"{date.strftime('%Y%m%d')}非交易日")
/root/.local/lib/python3.10/site-packages/akshare/futures/futures_basis.py:107: UserWarning: 20221016非交易日
  warnings.warn(f"{date.strftime('%Y%m%d')}非交易日")
/root/.local/lib/python3.10/site-packages/akshare/futures/futures_basis.py:107: UserWarning: 20221022非交易日
  warnings.warn(f"{date.strftime('%Y%m%d')}非交易日")
/root/.local/lib/python3.10/site-packages/akshare/futures/futures_basis.py:107: UserWarning: 20221023非交易日
  warnings.warn(f"{date.strftime('%Y%m%d')}非交易日")
/root/.local/lib/python3.10/site-packages/akshare/futures/futures_basis.py:107: UserWarning: 20221029非交易日
  warnings.warn(f"{date.strftime('%Y%m%d')}非交易日")
/root/.local/lib/python3.10/site-packages/akshare/futures/futures_basis.py:107: UserWarning: 20221030非交易日
  warnings.warn(f"{date.strftime('%Y%m%d')}非交易日")
/root/.local/lib/python3.10/site-packages/akshare/futures/futures_basis.py:107: UserWarning: 20221105非交易日
  warnings.warn(f"{date.strftime('%Y%m%d')}非交易日")
/root/.local/lib/python3.10/site-packages/akshare/futures/futures_basis.py:107: UserWarning: 20221106非交易日
  warnings.warn(f"{date.strftime('%Y%m%d')}非交易日")
/root/.local/lib/python3.10/site-packages/akshare/futures/futures_basis.py:107: UserWarning: 20221112非交易日
  warnings.warn(f"{date.strftime('%Y%m%d')}非交易日")
/root/.local/lib/python3.10/site-packages/akshare/futures/futures_basis.py:107: UserWarning: 20221113非交易日
  warnings.warn(f"{date.strftime('%Y%m%d')}非交易日")
/root/.local/lib/python3.10/site-packages/akshare/futures/futures_basis.py:107: UserWarning: 20221119非交易日
  warnings.warn(f"{date.strftime('%Y%m%d')}非交易日")
/root/.local/lib/python3.10/site-packages/akshare/futures/futures_basis.py:107: UserWarning: 20221120非交易日
  warnings.warn(f"{date.strftime('%Y%m%d')}非交易日")
/root/.local/lib/python3.10/site-packages/akshare/futures/futures_basis.py:107: UserWarning: 20221126非交易日
  warnings.warn(f"{date.strftime('%Y%m%d')}非交易日")
/root/.local/lib/python3.10/site-packages/akshare/futures/futures_basis.py:107: UserWarning: 20221127非交易日
  warnings.warn(f"{date.strftime('%Y%m%d')}非交易日")
/root/.local/lib/python3.10/site-packages/akshare/futures/futures_basis.py:107: UserWarning: 20221203非交易日
  warnings.warn(f"{date.strftime('%Y%m%d')}非交易日")
/root/.local/lib/python3.10/site-packages/akshare/futures/futures_basis.py:107: UserWarning: 20221204非交易日
  warnings.warn(f"{date.strftime('%Y%m%d')}非交易日")
/root/.local/lib/python3.10/site-packages/akshare/futures/futures_basis.py:107: UserWarning: 20221210非交易日
  warnings.warn(f"{date.strftime('%Y%m%d')}非交易日")
/root/.local/lib/python3.10/site-packages/akshare/futures/futures_basis.py:107: UserWarning: 20221211非交易日
  warnings.warn(f"{date.strftime('%Y%m%d')}非交易日")
/root/.local/lib/python3.10/site-packages/akshare/futures/futures_basis.py:107: UserWarning: 20221217非交易日
  warnings.warn(f"{date.strftime('%Y%m%d')}非交易日")
/root/.local/lib/python3.10/site-packages/akshare/futures/futures_basis.py:107: UserWarning: 20221218非交易日
  warnings.warn(f"{date.strftime('%Y%m%d')}非交易日")
/root/.local/lib/python3.10/site-packages/akshare/futures/futures_basis.py:107: UserWarning: 20221224非交易日
  warnings.warn(f"{date.strftime('%Y%m%d')}非交易日")
/root/.local/lib/python3.10/site-packages/akshare/futures/futures_basis.py:107: UserWarning: 20221225非交易日
  warnings.warn(f"{date.strftime('%Y%m%d')}非交易日")
/root/.local/lib/python3.10/site-packages/akshare/futures/futures_basis.py:107: UserWarning: 20221231非交易日
  warnings.warn(f"{date.strftime('%Y%m%d')}非交易日")
/root/.local/lib/python3.10/site-packages/akshare/futures/futures_basis.py:107: UserWarning: 20230101非交易日
  warnings.warn(f"{date.strftime('%Y%m%d')}非交易日")
/root/.local/lib/python3.10/site-packages/akshare/futures/futures_basis.py:107: UserWarning: 20230102非交易日
  warnings.warn(f"{date.strftime('%Y%m%d')}非交易日")
/root/.local/lib/python3.10/site-packages/akshare/futures/futures_basis.py:107: UserWarning: 20230107非交易日
  warnings.warn(f"{date.strftime('%Y%m%d')}非交易日")
/root/.local/lib/python3.10/site-packages/akshare/futures/futures_basis.py:107: UserWarning: 20230108非交易日
  warnings.warn(f"{date.strftime('%Y%m%d')}非交易日")
/root/.local/lib/python3.10/site-packages/akshare/futures/futures_basis.py:107: UserWarning: 20230114非交易日
  warnings.warn(f"{date.strftime('%Y%m%d')}非交易日")
/root/.local/lib/python3.10/site-packages/akshare/futures/futures_basis.py:107: UserWarning: 20230115非交易日
  warnings.warn(f"{date.strftime('%Y%m%d')}非交易日")
/root/.local/lib/python3.10/site-packages/akshare/futures/futures_basis.py:107: UserWarning: 20230121非交易日
  warnings.warn(f"{date.strftime('%Y%m%d')}非交易日")
/root/.local/lib/python3.10/site-packages/akshare/futures/futures_basis.py:107: UserWarning: 20230122非交易日
  warnings.warn(f"{date.strftime('%Y%m%d')}非交易日")
/root/.local/lib/python3.10/site-packages/akshare/futures/futures_basis.py:107: UserWarning: 20230123非交易日
  warnings.warn(f"{date.strftime('%Y%m%d')}非交易日")
/root/.local/lib/python3.10/site-packages/akshare/futures/futures_basis.py:107: UserWarning: 20230124非交易日
  warnings.warn(f"{date.strftime('%Y%m%d')}非交易日")
/root/.local/lib/python3.10/site-packages/akshare/futures/futures_basis.py:107: UserWarning: 20230125非交易日
  warnings.warn(f"{date.strftime('%Y%m%d')}非交易日")
/root/.local/lib/python3.10/site-packages/akshare/futures/futures_basis.py:107: UserWarning: 20230126非交易日
  warnings.warn(f"{date.strftime('%Y%m%d')}非交易日")
/root/.local/lib/python3.10/site-packages/akshare/futures/futures_basis.py:107: UserWarning: 20230127非交易日
  warnings.warn(f"{date.strftime('%Y%m%d')}非交易日")
/root/.local/lib/python3.10/site-packages/akshare/futures/futures_basis.py:107: UserWarning: 20230128非交易日
  warnings.warn(f"{date.strftime('%Y%m%d')}非交易日")
/root/.local/lib/python3.10/site-packages/akshare/futures/futures_basis.py:107: UserWarning: 20230129非交易日
  warnings.warn(f"{date.strftime('%Y%m%d')}非交易日")
/root/.local/lib/python3.10/site-packages/akshare/futures/futures_basis.py:107: UserWarning: 20230204非交易日
  warnings.warn(f"{date.strftime('%Y%m%d')}非交易日")
/root/.local/lib/python3.10/site-packages/akshare/futures/futures_basis.py:107: UserWarning: 20230205非交易日
  warnings.warn(f"{date.strftime('%Y%m%d')}非交易日")
/root/.local/lib/python3.10/site-packages/akshare/futures/futures_basis.py:107: UserWarning: 20230211非交易日
  warnings.warn(f"{date.strftime('%Y%m%d')}非交易日")
/root/.local/lib/python3.10/site-packages/akshare/futures/futures_basis.py:107: UserWarning: 20230212非交易日
  warnings.warn(f"{date.strftime('%Y%m%d')}非交易日")
/root/.local/lib/python3.10/site-packages/akshare/futures/futures_basis.py:107: UserWarning: 20230218非交易日
  warnings.warn(f"{date.strftime('%Y%m%d')}非交易日")
/root/.local/lib/python3.10/site-packages/akshare/futures/futures_basis.py:107: UserWarning: 20230219非交易日
  warnings.warn(f"{date.strftime('%Y%m%d')}非交易日")
/root/.local/lib/python3.10/site-packages/akshare/futures/futures_basis.py:107: UserWarning: 20230225非交易日
  warnings.warn(f"{date.strftime('%Y%m%d')}非交易日")
/root/.local/lib/python3.10/site-packages/akshare/futures/futures_basis.py:107: UserWarning: 20230226非交易日
  warnings.warn(f"{date.strftime('%Y%m%d')}非交易日")
/root/.local/lib/python3.10/site-packages/akshare/futures/futures_basis.py:107: UserWarning: 20230304非交易日
  warnings.warn(f"{date.strftime('%Y%m%d')}非交易日")
/root/.local/lib/python3.10/site-packages/akshare/futures/futures_basis.py:107: UserWarning: 20230305非交易日
  warnings.warn(f"{date.strftime('%Y%m%d')}非交易日")
/root/.local/lib/python3.10/site-packages/akshare/futures/futures_basis.py:107: UserWarning: 20230311非交易日
  warnings.warn(f"{date.strftime('%Y%m%d')}非交易日")
/root/.local/lib/python3.10/site-packages/akshare/futures/futures_basis.py:107: UserWarning: 20230312非交易日
  warnings.warn(f"{date.strftime('%Y%m%d')}非交易日")
/root/.local/lib/python3.10/site-packages/akshare/futures/futures_basis.py:107: UserWarning: 20230318非交易日
  warnings.warn(f"{date.strftime('%Y%m%d')}非交易日")
/root/.local/lib/python3.10/site-packages/akshare/futures/futures_basis.py:107: UserWarning: 20230319非交易日
  warnings.warn(f"{date.strftime('%Y%m%d')}非交易日")
/root/.local/lib/python3.10/site-packages/akshare/futures/futures_basis.py:107: UserWarning: 20230325非交易日
  warnings.warn(f"{date.strftime('%Y%m%d')}非交易日")
/root/.local/lib/python3.10/site-packages/akshare/futures/futures_basis.py:107: UserWarning: 20230326非交易日
  warnings.warn(f"{date.strftime('%Y%m%d')}非交易日")
/root/.local/lib/python3.10/site-packages/akshare/futures/futures_basis.py:107: UserWarning: 20230401非交易日
  warnings.warn(f"{date.strftime('%Y%m%d')}非交易日")
/root/.local/lib/python3.10/site-packages/akshare/futures/futures_basis.py:107: UserWarning: 20230402非交易日
  warnings.warn(f"{date.strftime('%Y%m%d')}非交易日")
/root/.local/lib/python3.10/site-packages/akshare/futures/futures_basis.py:107: UserWarning: 20230405非交易日
  warnings.warn(f"{date.strftime('%Y%m%d')}非交易日")
/root/.local/lib/python3.10/site-packages/akshare/futures/futures_basis.py:107: UserWarning: 20230408非交易日
  warnings.warn(f"{date.strftime('%Y%m%d')}非交易日")
/root/.local/lib/python3.10/site-packages/akshare/futures/futures_basis.py:107: UserWarning: 20230409非交易日
  warnings.warn(f"{date.strftime('%Y%m%d')}非交易日")
/root/.local/lib/python3.10/site-packages/akshare/futures/futures_basis.py:107: UserWarning: 20230415非交易日
  warnings.warn(f"{date.strftime('%Y%m%d')}非交易日")
/root/.local/lib/python3.10/site-packages/akshare/futures/futures_basis.py:107: UserWarning: 20230416非交易日
  warnings.warn(f"{date.strftime('%Y%m%d')}非交易日")
/root/.local/lib/python3.10/site-packages/akshare/futures/futures_basis.py:107: UserWarning: 20230422非交易日
  warnings.warn(f"{date.strftime('%Y%m%d')}非交易日")
/root/.local/lib/python3.10/site-packages/akshare/futures/futures_basis.py:107: UserWarning: 20230423非交易日
  warnings.warn(f"{date.strftime('%Y%m%d')}非交易日")
/root/.local/lib/python3.10/site-packages/akshare/futures/futures_basis.py:107: UserWarning: 20230429非交易日
  warnings.warn(f"{date.strftime('%Y%m%d')}非交易日")
/root/.local/lib/python3.10/site-packages/akshare/futures/futures_basis.py:107: UserWarning: 20230430非交易日
  warnings.warn(f"{date.strftime('%Y%m%d')}非交易日")
/root/.local/lib/python3.10/site-packages/akshare/futures/futures_basis.py:107: UserWarning: 20230501非交易日
  warnings.warn(f"{date.strftime('%Y%m%d')}非交易日")
/root/.local/lib/python3.10/site-packages/akshare/futures/futures_basis.py:107: UserWarning: 20230502非交易日
  warnings.warn(f"{date.strftime('%Y%m%d')}非交易日")
/root/.local/lib/python3.10/site-packages/akshare/futures/futures_basis.py:107: UserWarning: 20230503非交易日
  warnings.warn(f"{date.strftime('%Y%m%d')}非交易日")
/root/.local/lib/python3.10/site-packages/akshare/futures/futures_basis.py:107: UserWarning: 20230506非交易日
  warnings.warn(f"{date.strftime('%Y%m%d')}非交易日")
/root/.local/lib/python3.10/site-packages/akshare/futures/futures_basis.py:107: UserWarning: 20230507非交易日
  warnings.warn(f"{date.strftime('%Y%m%d')}非交易日")
/root/.local/lib/python3.10/site-packages/akshare/futures/futures_basis.py:107: UserWarning: 20230513非交易日
  warnings.warn(f"{date.strftime('%Y%m%d')}非交易日")
/root/.local/lib/python3.10/site-packages/akshare/futures/futures_basis.py:107: UserWarning: 20230514非交易日
  warnings.warn(f"{date.strftime('%Y%m%d')}非交易日")
/root/.local/lib/python3.10/site-packages/akshare/futures/futures_basis.py:107: UserWarning: 20230520非交易日
  warnings.warn(f"{date.strftime('%Y%m%d')}非交易日")
/root/.local/lib/python3.10/site-packages/akshare/futures/futures_basis.py:107: UserWarning: 20230521非交易日
  warnings.warn(f"{date.strftime('%Y%m%d')}非交易日")
/root/.local/lib/python3.10/site-packages/akshare/futures/futures_basis.py:107: UserWarning: 20230527非交易日
  warnings.warn(f"{date.strftime('%Y%m%d')}非交易日")
/root/.local/lib/python3.10/site-packages/akshare/futures/futures_basis.py:107: UserWarning: 20230528非交易日
  warnings.warn(f"{date.strftime('%Y%m%d')}非交易日")
/root/.local/lib/python3.10/site-packages/akshare/futures/futures_basis.py:107: UserWarning: 20230603非交易日
  warnings.warn(f"{date.strftime('%Y%m%d')}非交易日")
/root/.local/lib/python3.10/site-packages/akshare/futures/futures_basis.py:107: UserWarning: 20230604非交易日
  warnings.warn(f"{date.strftime('%Y%m%d')}非交易日")
/root/.local/lib/python3.10/site-packages/akshare/futures/futures_basis.py:107: UserWarning: 20230610非交易日
  warnings.warn(f"{date.strftime('%Y%m%d')}非交易日")
/root/.local/lib/python3.10/site-packages/akshare/futures/futures_basis.py:107: UserWarning: 20230611非交易日
  warnings.warn(f"{date.strftime('%Y%m%d')}非交易日")
/root/.local/lib/python3.10/site-packages/akshare/futures/futures_basis.py:107: UserWarning: 20230617非交易日
  warnings.warn(f"{date.strftime('%Y%m%d')}非交易日")
/root/.local/lib/python3.10/site-packages/akshare/futures/futures_basis.py:107: UserWarning: 20230618非交易日
  warnings.warn(f"{date.strftime('%Y%m%d')}非交易日")
/root/.local/lib/python3.10/site-packages/akshare/futures/futures_basis.py:107: UserWarning: 20230622非交易日
  warnings.warn(f"{date.strftime('%Y%m%d')}非交易日")
/root/.local/lib/python3.10/site-packages/akshare/futures/futures_basis.py:107: UserWarning: 20230623非交易日
  warnings.warn(f"{date.strftime('%Y%m%d')}非交易日")
/root/.local/lib/python3.10/site-packages/akshare/futures/futures_basis.py:107: UserWarning: 20230624非交易日
  warnings.warn(f"{date.strftime('%Y%m%d')}非交易日")
/root/.local/lib/python3.10/site-packages/akshare/futures/futures_basis.py:107: UserWarning: 20230625非交易日
  warnings.warn(f"{date.strftime('%Y%m%d')}非交易日")
/root/.local/lib/python3.10/site-packages/akshare/futures/futures_basis.py:107: UserWarning: 20230701非交易日
  warnings.warn(f"{date.strftime('%Y%m%d')}非交易日")
/root/.local/lib/python3.10/site-packages/akshare/futures/futures_basis.py:107: UserWarning: 20230702非交易日
  warnings.warn(f"{date.strftime('%Y%m%d')}非交易日")
/root/.local/lib/python3.10/site-packages/akshare/futures/futures_basis.py:107: UserWarning: 20230708非交易日
  warnings.warn(f"{date.strftime('%Y%m%d')}非交易日")
/root/.local/lib/python3.10/site-packages/akshare/futures/futures_basis.py:107: UserWarning: 20230709非交易日
  warnings.warn(f"{date.strftime('%Y%m%d')}非交易日")
/root/.local/lib/python3.10/site-packages/akshare/futures/futures_basis.py:107: UserWarning: 20230715非交易日
  warnings.warn(f"{date.strftime('%Y%m%d')}非交易日")
/root/.local/lib/python3.10/site-packages/akshare/futures/futures_basis.py:107: UserWarning: 20230716非交易日
  warnings.warn(f"{date.strftime('%Y%m%d')}非交易日")
/root/.local/lib/python3.10/site-packages/akshare/futures/futures_basis.py:107: UserWarning: 20230722非交易日
  warnings.warn(f"{date.strftime('%Y%m%d')}非交易日")
/root/.local/lib/python3.10/site-packages/akshare/futures/futures_basis.py:107: UserWarning: 20230723非交易日
  warnings.warn(f"{date.strftime('%Y%m%d')}非交易日")
/root/.local/lib/python3.10/site-packages/akshare/futures/futures_basis.py:107: UserWarning: 20230729非交易日
  warnings.warn(f"{date.strftime('%Y%m%d')}非交易日")
/root/.local/lib/python3.10/site-packages/akshare/futures/futures_basis.py:107: UserWarning: 20230730非交易日
  warnings.warn(f"{date.strftime('%Y%m%d')}非交易日")
/root/.local/lib/python3.10/site-packages/akshare/futures/futures_basis.py:107: UserWarning: 20230805非交易日
  warnings.warn(f"{date.strftime('%Y%m%d')}非交易日")
/root/.local/lib/python3.10/site-packages/akshare/futures/futures_basis.py:107: UserWarning: 20230806非交易日
  warnings.warn(f"{date.strftime('%Y%m%d')}非交易日")
/root/.local/lib/python3.10/site-packages/akshare/futures/futures_basis.py:107: UserWarning: 20230812非交易日
  warnings.warn(f"{date.strftime('%Y%m%d')}非交易日")
/root/.local/lib/python3.10/site-packages/akshare/futures/futures_basis.py:107: UserWarning: 20230813非交易日
  warnings.warn(f"{date.strftime('%Y%m%d')}非交易日")
/root/.local/lib/python3.10/site-packages/akshare/futures/futures_basis.py:107: UserWarning: 20230819非交易日
  warnings.warn(f"{date.strftime('%Y%m%d')}非交易日")
/root/.local/lib/python3.10/site-packages/akshare/futures/futures_basis.py:107: UserWarning: 20230820非交易日
  warnings.warn(f"{date.strftime('%Y%m%d')}非交易日")
/root/.local/lib/python3.10/site-packages/akshare/futures/futures_basis.py:107: UserWarning: 20230826非交易日
  warnings.warn(f"{date.strftime('%Y%m%d')}非交易日")
/root/.local/lib/python3.10/site-packages/akshare/futures/futures_basis.py:107: UserWarning: 20230827非交易日
  warnings.warn(f"{date.strftime('%Y%m%d')}非交易日")
/root/.local/lib/python3.10/site-packages/akshare/futures/futures_basis.py:107: UserWarning: 20230902非交易日
  warnings.warn(f"{date.strftime('%Y%m%d')}非交易日")
/root/.local/lib/python3.10/site-packages/akshare/futures/futures_basis.py:107: UserWarning: 20230903非交易日
  warnings.warn(f"{date.strftime('%Y%m%d')}非交易日")
/root/.local/lib/python3.10/site-packages/akshare/futures/futures_basis.py:107: UserWarning: 20230909非交易日
  warnings.warn(f"{date.strftime('%Y%m%d')}非交易日")
/root/.local/lib/python3.10/site-packages/akshare/futures/futures_basis.py:107: UserWarning: 20230910非交易日
  warnings.warn(f"{date.strftime('%Y%m%d')}非交易日")
/root/.local/lib/python3.10/site-packages/akshare/futures/futures_basis.py:107: UserWarning: 20230916非交易日
  warnings.warn(f"{date.strftime('%Y%m%d')}非交易日")
/root/.local/lib/python3.10/site-packages/akshare/futures/futures_basis.py:107: UserWarning: 20230917非交易日
  warnings.warn(f"{date.strftime('%Y%m%d')}非交易日")
/root/.local/lib/python3.10/site-packages/akshare/futures/futures_basis.py:107: UserWarning: 20230923非交易日
  warnings.warn(f"{date.strftime('%Y%m%d')}非交易日")
/root/.local/lib/python3.10/site-packages/akshare/futures/futures_basis.py:107: UserWarning: 20230924非交易日
  warnings.warn(f"{date.strftime('%Y%m%d')}非交易日")
/root/.local/lib/python3.10/site-packages/akshare/futures/futures_basis.py:107: UserWarning: 20230929非交易日
  warnings.warn(f"{date.strftime('%Y%m%d')}非交易日")
/root/.local/lib/python3.10/site-packages/akshare/futures/futures_basis.py:107: UserWarning: 20230930非交易日
  warnings.warn(f"{date.strftime('%Y%m%d')}非交易日")
/root/.local/lib/python3.10/site-packages/akshare/futures/futures_basis.py:107: UserWarning: 20231001非交易日
  warnings.warn(f"{date.strftime('%Y%m%d')}非交易日")
/root/.local/lib/python3.10/site-packages/akshare/futures/futures_basis.py:107: UserWarning: 20231002非交易日
  warnings.warn(f"{date.strftime('%Y%m%d')}非交易日")
/root/.local/lib/python3.10/site-packages/akshare/futures/futures_basis.py:107: UserWarning: 20231003非交易日
  warnings.warn(f"{date.strftime('%Y%m%d')}非交易日")
/root/.local/lib/python3.10/site-packages/akshare/futures/futures_basis.py:107: UserWarning: 20231004非交易日
  warnings.warn(f"{date.strftime('%Y%m%d')}非交易日")
/root/.local/lib/python3.10/site-packages/akshare/futures/futures_basis.py:107: UserWarning: 20231005非交易日
  warnings.warn(f"{date.strftime('%Y%m%d')}非交易日")
/root/.local/lib/python3.10/site-packages/akshare/futures/futures_basis.py:107: UserWarning: 20231006非交易日
  warnings.warn(f"{date.strftime('%Y%m%d')}非交易日")
/root/.local/lib/python3.10/site-packages/akshare/futures/futures_basis.py:107: UserWarning: 20231007非交易日
  warnings.warn(f"{date.strftime('%Y%m%d')}非交易日")
/root/.local/lib/python3.10/site-packages/akshare/futures/futures_basis.py:107: UserWarning: 20231008非交易日
  warnings.warn(f"{date.strftime('%Y%m%d')}非交易日")
/root/.local/lib/python3.10/site-packages/akshare/futures/futures_basis.py:107: UserWarning: 20231014非交易日
  warnings.warn(f"{date.strftime('%Y%m%d')}非交易日")
/root/.local/lib/python3.10/site-packages/akshare/futures/futures_basis.py:107: UserWarning: 20231015非交易日
  warnings.warn(f"{date.strftime('%Y%m%d')}非交易日")
/root/.local/lib/python3.10/site-packages/akshare/futures/futures_basis.py:107: UserWarning: 20231021非交易日
  warnings.warn(f"{date.strftime('%Y%m%d')}非交易日")
/root/.local/lib/python3.10/site-packages/akshare/futures/futures_basis.py:107: UserWarning: 20231022非交易日
  warnings.warn(f"{date.strftime('%Y%m%d')}非交易日")
/root/.local/lib/python3.10/site-packages/akshare/futures/futures_basis.py:107: UserWarning: 20231028非交易日
  warnings.warn(f"{date.strftime('%Y%m%d')}非交易日")
/root/.local/lib/python3.10/site-packages/akshare/futures/futures_basis.py:107: UserWarning: 20231029非交易日
  warnings.warn(f"{date.strftime('%Y%m%d')}非交易日")
/root/.local/lib/python3.10/site-packages/akshare/futures/futures_basis.py:107: UserWarning: 20231104非交易日
  warnings.warn(f"{date.strftime('%Y%m%d')}非交易日")
/root/.local/lib/python3.10/site-packages/akshare/futures/futures_basis.py:107: UserWarning: 20231105非交易日
  warnings.warn(f"{date.strftime('%Y%m%d')}非交易日")
/root/.local/lib/python3.10/site-packages/akshare/futures/futures_basis.py:107: UserWarning: 20231111非交易日
  warnings.warn(f"{date.strftime('%Y%m%d')}非交易日")
/root/.local/lib/python3.10/site-packages/akshare/futures/futures_basis.py:107: UserWarning: 20231112非交易日
  warnings.warn(f"{date.strftime('%Y%m%d')}非交易日")
/root/.local/lib/python3.10/site-packages/akshare/futures/futures_basis.py:107: UserWarning: 20231118非交易日
  warnings.warn(f"{date.strftime('%Y%m%d')}非交易日")
/root/.local/lib/python3.10/site-packages/akshare/futures/futures_basis.py:107: UserWarning: 20231119非交易日
  warnings.warn(f"{date.strftime('%Y%m%d')}非交易日")
/root/.local/lib/python3.10/site-packages/akshare/futures/futures_basis.py:107: UserWarning: 20231125非交易日
  warnings.warn(f"{date.strftime('%Y%m%d')}非交易日")
/root/.local/lib/python3.10/site-packages/akshare/futures/futures_basis.py:107: UserWarning: 20231126非交易日
  warnings.warn(f"{date.strftime('%Y%m%d')}非交易日")
/root/.local/lib/python3.10/site-packages/akshare/futures/futures_basis.py:107: UserWarning: 20231202非交易日
  warnings.warn(f"{date.strftime('%Y%m%d')}非交易日")
/root/.local/lib/python3.10/site-packages/akshare/futures/futures_basis.py:107: UserWarning: 20231203非交易日
  warnings.warn(f"{date.strftime('%Y%m%d')}非交易日")
/root/.local/lib/python3.10/site-packages/akshare/futures/futures_basis.py:107: UserWarning: 20231209非交易日
  warnings.warn(f"{date.strftime('%Y%m%d')}非交易日")
/root/.local/lib/python3.10/site-packages/akshare/futures/futures_basis.py:107: UserWarning: 20231210非交易日
  warnings.warn(f"{date.strftime('%Y%m%d')}非交易日")
/root/.local/lib/python3.10/site-packages/akshare/futures/futures_basis.py:107: UserWarning: 20231216非交易日
  warnings.warn(f"{date.strftime('%Y%m%d')}非交易日")
/root/.local/lib/python3.10/site-packages/akshare/futures/futures_basis.py:107: UserWarning: 20231217非交易日
  warnings.warn(f"{date.strftime('%Y%m%d')}非交易日")
/root/.local/lib/python3.10/site-packages/akshare/futures/futures_basis.py:107: UserWarning: 20231223非交易日
  warnings.warn(f"{date.strftime('%Y%m%d')}非交易日")
/root/.local/lib/python3.10/site-packages/akshare/futures/futures_basis.py:107: UserWarning: 20231224非交易日
  warnings.warn(f"{date.strftime('%Y%m%d')}非交易日")
/root/.local/lib/python3.10/site-packages/akshare/futures/futures_basis.py:107: UserWarning: 20231230非交易日
  warnings.warn(f"{date.strftime('%Y%m%d')}非交易日")
/root/.local/lib/python3.10/site-packages/akshare/futures/futures_basis.py:107: UserWarning: 20231231非交易日
  warnings.warn(f"{date.strftime('%Y%m%d')}非交易日")
/root/.local/lib/python3.10/site-packages/akshare/futures/futures_basis.py:107: UserWarning: 20240101非交易日
  warnings.warn(f"{date.strftime('%Y%m%d')}非交易日")
/root/.local/lib/python3.10/site-packages/akshare/futures/futures_basis.py:107: UserWarning: 20240106非交易日
  warnings.warn(f"{date.strftime('%Y%m%d')}非交易日")
/root/.local/lib/python3.10/site-packages/akshare/futures/futures_basis.py:107: UserWarning: 20240107非交易日
  warnings.warn(f"{date.strftime('%Y%m%d')}非交易日")
/root/.local/lib/python3.10/site-packages/akshare/futures/futures_basis.py:107: UserWarning: 20240113非交易日
  warnings.warn(f"{date.strftime('%Y%m%d')}非交易日")
/root/.local/lib/python3.10/site-packages/akshare/futures/futures_basis.py:107: UserWarning: 20240114非交易日
  warnings.warn(f"{date.strftime('%Y%m%d')}非交易日")
/root/.local/lib/python3.10/site-packages/akshare/futures/futures_basis.py:107: UserWarning: 20240120非交易日
  warnings.warn(f"{date.strftime('%Y%m%d')}非交易日")
/root/.local/lib/python3.10/site-packages/akshare/futures/futures_basis.py:107: UserWarning: 20240121非交易日
  warnings.warn(f"{date.strftime('%Y%m%d')}非交易日")
/root/.local/lib/python3.10/site-packages/akshare/futures/futures_basis.py:107: UserWarning: 20240127非交易日
  warnings.warn(f"{date.strftime('%Y%m%d')}非交易日")
/root/.local/lib/python3.10/site-packages/akshare/futures/futures_basis.py:107: UserWarning: 20240128非交易日
  warnings.warn(f"{date.strftime('%Y%m%d')}非交易日")
/root/.local/lib/python3.10/site-packages/akshare/futures/futures_basis.py:107: UserWarning: 20240203非交易日
  warnings.warn(f"{date.strftime('%Y%m%d')}非交易日")
/root/.local/lib/python3.10/site-packages/akshare/futures/futures_basis.py:107: UserWarning: 20240204非交易日
  warnings.warn(f"{date.strftime('%Y%m%d')}非交易日")
/root/.local/lib/python3.10/site-packages/akshare/futures/futures_basis.py:107: UserWarning: 20240209非交易日
  warnings.warn(f"{date.strftime('%Y%m%d')}非交易日")
/root/.local/lib/python3.10/site-packages/akshare/futures/futures_basis.py:107: UserWarning: 20240210非交易日
  warnings.warn(f"{date.strftime('%Y%m%d')}非交易日")
/root/.local/lib/python3.10/site-packages/akshare/futures/futures_basis.py:107: UserWarning: 20240211非交易日
  warnings.warn(f"{date.strftime('%Y%m%d')}非交易日")
/root/.local/lib/python3.10/site-packages/akshare/futures/futures_basis.py:107: UserWarning: 20240212非交易日
  warnings.warn(f"{date.strftime('%Y%m%d')}非交易日")
/root/.local/lib/python3.10/site-packages/akshare/futures/futures_basis.py:107: UserWarning: 20240213非交易日
  warnings.warn(f"{date.strftime('%Y%m%d')}非交易日")
/root/.local/lib/python3.10/site-packages/akshare/futures/futures_basis.py:107: UserWarning: 20240214非交易日
  warnings.warn(f"{date.strftime('%Y%m%d')}非交易日")
/root/.local/lib/python3.10/site-packages/akshare/futures/futures_basis.py:107: UserWarning: 20240215非交易日
  warnings.warn(f"{date.strftime('%Y%m%d')}非交易日")
/root/.local/lib/python3.10/site-packages/akshare/futures/futures_basis.py:107: UserWarning: 20240216非交易日
  warnings.warn(f"{date.strftime('%Y%m%d')}非交易日")
/root/.local/lib/python3.10/site-packages/akshare/futures/futures_basis.py:107: UserWarning: 20240217非交易日
  warnings.warn(f"{date.strftime('%Y%m%d')}非交易日")
/root/.local/lib/python3.10/site-packages/akshare/futures/futures_basis.py:107: UserWarning: 20240218非交易日
  warnings.warn(f"{date.strftime('%Y%m%d')}非交易日")
/root/.local/lib/python3.10/site-packages/akshare/futures/futures_basis.py:107: UserWarning: 20240224非交易日
  warnings.warn(f"{date.strftime('%Y%m%d')}非交易日")
/root/.local/lib/python3.10/site-packages/akshare/futures/futures_basis.py:107: UserWarning: 20240225非交易日
  warnings.warn(f"{date.strftime('%Y%m%d')}非交易日")
/root/.local/lib/python3.10/site-packages/akshare/futures/futures_basis.py:107: UserWarning: 20240302非交易日
  warnings.warn(f"{date.strftime('%Y%m%d')}非交易日")
/root/.local/lib/python3.10/site-packages/akshare/futures/futures_basis.py:107: UserWarning: 20240303非交易日
  warnings.warn(f"{date.strftime('%Y%m%d')}非交易日")
/root/.local/lib/python3.10/site-packages/akshare/futures/futures_basis.py:107: UserWarning: 20240309非交易日
  warnings.warn(f"{date.strftime('%Y%m%d')}非交易日")
/root/.local/lib/python3.10/site-packages/akshare/futures/futures_basis.py:107: UserWarning: 20240310非交易日
  warnings.warn(f"{date.strftime('%Y%m%d')}非交易日")
/root/.local/lib/python3.10/site-packages/akshare/futures/futures_basis.py:107: UserWarning: 20240316非交易日
  warnings.warn(f"{date.strftime('%Y%m%d')}非交易日")
/root/.local/lib/python3.10/site-packages/akshare/futures/futures_basis.py:107: UserWarning: 20240317非交易日
  warnings.warn(f"{date.strftime('%Y%m%d')}非交易日")
/root/.local/lib/python3.10/site-packages/akshare/futures/futures_basis.py:107: UserWarning: 20240323非交易日
  warnings.warn(f"{date.strftime('%Y%m%d')}非交易日")
/root/.local/lib/python3.10/site-packages/akshare/futures/futures_basis.py:107: UserWarning: 20240324非交易日
  warnings.warn(f"{date.strftime('%Y%m%d')}非交易日")
/root/.local/lib/python3.10/site-packages/akshare/futures/futures_basis.py:107: UserWarning: 20240330非交易日
  warnings.warn(f"{date.strftime('%Y%m%d')}非交易日")
/root/.local/lib/python3.10/site-packages/akshare/futures/futures_basis.py:107: UserWarning: 20240331非交易日
  warnings.warn(f"{date.strftime('%Y%m%d')}非交易日")
/root/.local/lib/python3.10/site-packages/akshare/futures/futures_basis.py:107: UserWarning: 20240404非交易日
  warnings.warn(f"{date.strftime('%Y%m%d')}非交易日")
/root/.local/lib/python3.10/site-packages/akshare/futures/futures_basis.py:107: UserWarning: 20240405非交易日
  warnings.warn(f"{date.strftime('%Y%m%d')}非交易日")
/root/.local/lib/python3.10/site-packages/akshare/futures/futures_basis.py:107: UserWarning: 20240406非交易日
  warnings.warn(f"{date.strftime('%Y%m%d')}非交易日")
/root/.local/lib/python3.10/site-packages/akshare/futures/futures_basis.py:107: UserWarning: 20240407非交易日
  warnings.warn(f"{date.strftime('%Y%m%d')}非交易日")
/root/.local/lib/python3.10/site-packages/akshare/futures/futures_basis.py:107: UserWarning: 20240413非交易日
  warnings.warn(f"{date.strftime('%Y%m%d')}非交易日")
/root/.local/lib/python3.10/site-packages/akshare/futures/futures_basis.py:107: UserWarning: 20240414非交易日
  warnings.warn(f"{date.strftime('%Y%m%d')}非交易日")
/root/.local/lib/python3.10/site-packages/akshare/futures/futures_basis.py:107: UserWarning: 20240420非交易日
  warnings.warn(f"{date.strftime('%Y%m%d')}非交易日")
/root/.local/lib/python3.10/site-packages/akshare/futures/futures_basis.py:107: UserWarning: 20240421非交易日
  warnings.warn(f"{date.strftime('%Y%m%d')}非交易日")
/root/.local/lib/python3.10/site-packages/akshare/futures/futures_basis.py:107: UserWarning: 20240427非交易日
  warnings.warn(f"{date.strftime('%Y%m%d')}非交易日")
/root/.local/lib/python3.10/site-packages/akshare/futures/futures_basis.py:107: UserWarning: 20240428非交易日
  warnings.warn(f"{date.strftime('%Y%m%d')}非交易日")
/root/.local/lib/python3.10/site-packages/akshare/futures/futures_basis.py:107: UserWarning: 20240501非交易日
  warnings.warn(f"{date.strftime('%Y%m%d')}非交易日")
/root/.local/lib/python3.10/site-packages/akshare/futures/futures_basis.py:107: UserWarning: 20240502非交易日
  warnings.warn(f"{date.strftime('%Y%m%d')}非交易日")
/root/.local/lib/python3.10/site-packages/akshare/futures/futures_basis.py:107: UserWarning: 20240503非交易日
  warnings.warn(f"{date.strftime('%Y%m%d')}非交易日")
/root/.local/lib/python3.10/site-packages/akshare/futures/futures_basis.py:107: UserWarning: 20240504非交易日
  warnings.warn(f"{date.strftime('%Y%m%d')}非交易日")
/root/.local/lib/python3.10/site-packages/akshare/futures/futures_basis.py:107: UserWarning: 20240505非交易日
  warnings.warn(f"{date.strftime('%Y%m%d')}非交易日")
/root/.local/lib/python3.10/site-packages/akshare/futures/futures_basis.py:107: UserWarning: 20240511非交易日
  warnings.warn(f"{date.strftime('%Y%m%d')}非交易日")
/root/.local/lib/python3.10/site-packages/akshare/futures/futures_basis.py:107: UserWarning: 20240512非交易日
  warnings.warn(f"{date.strftime('%Y%m%d')}非交易日")
/root/.local/lib/python3.10/site-packages/akshare/futures/futures_basis.py:107: UserWarning: 20240518非交易日
  warnings.warn(f"{date.strftime('%Y%m%d')}非交易日")
/root/.local/lib/python3.10/site-packages/akshare/futures/futures_basis.py:107: UserWarning: 20240519非交易日
  warnings.warn(f"{date.strftime('%Y%m%d')}非交易日")
/root/.local/lib/python3.10/site-packages/akshare/futures/futures_basis.py:107: UserWarning: 20240525非交易日
  warnings.warn(f"{date.strftime('%Y%m%d')}非交易日")
/root/.local/lib/python3.10/site-packages/akshare/futures/futures_basis.py:107: UserWarning: 20240526非交易日
  warnings.warn(f"{date.strftime('%Y%m%d')}非交易日")
/root/.local/lib/python3.10/site-packages/akshare/futures/futures_basis.py:107: UserWarning: 20240601非交易日
  warnings.warn(f"{date.strftime('%Y%m%d')}非交易日")
/root/.local/lib/python3.10/site-packages/akshare/futures/futures_basis.py:107: UserWarning: 20240602非交易日
  warnings.warn(f"{date.strftime('%Y%m%d')}非交易日")
/root/.local/lib/python3.10/site-packages/akshare/futures/futures_basis.py:107: UserWarning: 20240608非交易日
  warnings.warn(f"{date.strftime('%Y%m%d')}非交易日")
/root/.local/lib/python3.10/site-packages/akshare/futures/futures_basis.py:107: UserWarning: 20240609非交易日
  warnings.warn(f"{date.strftime('%Y%m%d')}非交易日")
/root/.local/lib/python3.10/site-packages/akshare/futures/futures_basis.py:107: UserWarning: 20240610非交易日
  warnings.warn(f"{date.strftime('%Y%m%d')}非交易日")
/root/.local/lib/python3.10/site-packages/akshare/futures/futures_basis.py:107: UserWarning: 20240615非交易日
  warnings.warn(f"{date.strftime('%Y%m%d')}非交易日")
/root/.local/lib/python3.10/site-packages/akshare/futures/futures_basis.py:107: UserWarning: 20240616非交易日
  warnings.warn(f"{date.strftime('%Y%m%d')}非交易日")
/root/.local/lib/python3.10/site-packages/akshare/futures/futures_basis.py:107: UserWarning: 20240622非交易日
  warnings.warn(f"{date.strftime('%Y%m%d')}非交易日")
/root/.local/lib/python3.10/site-packages/akshare/futures/futures_basis.py:107: UserWarning: 20240623非交易日
  warnings.warn(f"{date.strftime('%Y%m%d')}非交易日")
/root/.local/lib/python3.10/site-packages/akshare/futures/futures_basis.py:107: UserWarning: 20240629非交易日
  warnings.warn(f"{date.strftime('%Y%m%d')}非交易日")
/root/.local/lib/python3.10/site-packages/akshare/futures/futures_basis.py:107: UserWarning: 20240630非交易日
  warnings.warn(f"{date.strftime('%Y%m%d')}非交易日")
/root/.local/lib/python3.10/site-packages/akshare/futures/futures_basis.py:107: UserWarning: 20240706非交易日
  warnings.warn(f"{date.strftime('%Y%m%d')}非交易日")
/root/.local/lib/python3.10/site-packages/akshare/futures/futures_basis.py:107: UserWarning: 20240707非交易日
  warnings.warn(f"{date.strftime('%Y%m%d')}非交易日")
/root/.local/lib/python3.10/site-packages/akshare/futures/futures_basis.py:107: UserWarning: 20240713非交易日
  warnings.warn(f"{date.strftime('%Y%m%d')}非交易日")
/root/.local/lib/python3.10/site-packages/akshare/futures/futures_basis.py:107: UserWarning: 20240714非交易日
  warnings.warn(f"{date.strftime('%Y%m%d')}非交易日")
/root/.local/lib/python3.10/site-packages/akshare/futures/futures_basis.py:107: UserWarning: 20240720非交易日
  warnings.warn(f"{date.strftime('%Y%m%d')}非交易日")
/root/.local/lib/python3.10/site-packages/akshare/futures/futures_basis.py:107: UserWarning: 20240721非交易日
  warnings.warn(f"{date.strftime('%Y%m%d')}非交易日")
/root/.local/lib/python3.10/site-packages/akshare/futures/futures_basis.py:107: UserWarning: 20240727非交易日
  warnings.warn(f"{date.strftime('%Y%m%d')}非交易日")
/root/.local/lib/python3.10/site-packages/akshare/futures/futures_basis.py:107: UserWarning: 20240728非交易日
  warnings.warn(f"{date.strftime('%Y%m%d')}非交易日")
/root/.local/lib/python3.10/site-packages/akshare/futures/futures_basis.py:107: UserWarning: 20240803非交易日
  warnings.warn(f"{date.strftime('%Y%m%d')}非交易日")
/root/.local/lib/python3.10/site-packages/akshare/futures/futures_basis.py:107: UserWarning: 20240804非交易日
  warnings.warn(f"{date.strftime('%Y%m%d')}非交易日")
/root/.local/lib/python3.10/site-packages/akshare/futures/futures_basis.py:107: UserWarning: 20240810非交易日
  warnings.warn(f"{date.strftime('%Y%m%d')}非交易日")
/root/.local/lib/python3.10/site-packages/akshare/futures/futures_basis.py:107: UserWarning: 20240811非交易日
  warnings.warn(f"{date.strftime('%Y%m%d')}非交易日")
/root/.local/lib/python3.10/site-packages/akshare/futures/futures_basis.py:107: UserWarning: 20240817非交易日
  warnings.warn(f"{date.strftime('%Y%m%d')}非交易日")
/root/.local/lib/python3.10/site-packages/akshare/futures/futures_basis.py:107: UserWarning: 20240818非交易日
  warnings.warn(f"{date.strftime('%Y%m%d')}非交易日")
/root/.local/lib/python3.10/site-packages/akshare/futures/futures_basis.py:107: UserWarning: 20240824非交易日
  warnings.warn(f"{date.strftime('%Y%m%d')}非交易日")
/root/.local/lib/python3.10/site-packages/akshare/futures/futures_basis.py:107: UserWarning: 20240825非交易日
  warnings.warn(f"{date.strftime('%Y%m%d')}非交易日")
/root/.local/lib/python3.10/site-packages/akshare/futures/futures_basis.py:107: UserWarning: 20240831非交易日
  warnings.warn(f"{date.strftime('%Y%m%d')}非交易日")
/root/.local/lib/python3.10/site-packages/akshare/futures/futures_basis.py:107: UserWarning: 20240901非交易日
  warnings.warn(f"{date.strftime('%Y%m%d')}非交易日")
/root/.local/lib/python3.10/site-packages/akshare/futures/futures_basis.py:107: UserWarning: 20240907非交易日
  warnings.warn(f"{date.strftime('%Y%m%d')}非交易日")
/root/.local/lib/python3.10/site-packages/akshare/futures/futures_basis.py:107: UserWarning: 20240908非交易日
  warnings.warn(f"{date.strftime('%Y%m%d')}非交易日")
/root/.local/lib/python3.10/site-packages/akshare/futures/futures_basis.py:107: UserWarning: 20240914非交易日
  warnings.warn(f"{date.strftime('%Y%m%d')}非交易日")
/root/.local/lib/python3.10/site-packages/akshare/futures/futures_basis.py:107: UserWarning: 20240915非交易日
  warnings.warn(f"{date.strftime('%Y%m%d')}非交易日")
/root/.local/lib/python3.10/site-packages/akshare/futures/futures_basis.py:107: UserWarning: 20240916非交易日
  warnings.warn(f"{date.strftime('%Y%m%d')}非交易日")
/root/.local/lib/python3.10/site-packages/akshare/futures/futures_basis.py:107: UserWarning: 20240917非交易日
  warnings.warn(f"{date.strftime('%Y%m%d')}非交易日")
/root/.local/lib/python3.10/site-packages/akshare/futures/futures_basis.py:107: UserWarning: 20240921非交易日
  warnings.warn(f"{date.strftime('%Y%m%d')}非交易日")
/root/.local/lib/python3.10/site-packages/akshare/futures/futures_basis.py:107: UserWarning: 20240922非交易日
  warnings.warn(f"{date.strftime('%Y%m%d')}非交易日")
/root/.local/lib/python3.10/site-packages/akshare/futures/futures_basis.py:107: UserWarning: 20240928非交易日
  warnings.warn(f"{date.strftime('%Y%m%d')}非交易日")
/root/.local/lib/python3.10/site-packages/akshare/futures/futures_basis.py:107: UserWarning: 20240929非交易日
  warnings.warn(f"{date.strftime('%Y%m%d')}非交易日")
/root/.local/lib/python3.10/site-packages/akshare/futures/futures_basis.py:107: UserWarning: 20241001非交易日
  warnings.warn(f"{date.strftime('%Y%m%d')}非交易日")
/root/.local/lib/python3.10/site-packages/akshare/futures/futures_basis.py:107: UserWarning: 20241002非交易日
  warnings.warn(f"{date.strftime('%Y%m%d')}非交易日")
/root/.local/lib/python3.10/site-packages/akshare/futures/futures_basis.py:107: UserWarning: 20241003非交易日
  warnings.warn(f"{date.strftime('%Y%m%d')}非交易日")
/root/.local/lib/python3.10/site-packages/akshare/futures/futures_basis.py:107: UserWarning: 20241004非交易日
  warnings.warn(f"{date.strftime('%Y%m%d')}非交易日")
/root/.local/lib/python3.10/site-packages/akshare/futures/futures_basis.py:107: UserWarning: 20241005非交易日
  warnings.warn(f"{date.strftime('%Y%m%d')}非交易日")
/root/.local/lib/python3.10/site-packages/akshare/futures/futures_basis.py:107: UserWarning: 20241006非交易日
  warnings.warn(f"{date.strftime('%Y%m%d')}非交易日")
/root/.local/lib/python3.10/site-packages/akshare/futures/futures_basis.py:107: UserWarning: 20241007非交易日
  warnings.warn(f"{date.strftime('%Y%m%d')}非交易日")
/root/.local/lib/python3.10/site-packages/akshare/futures/futures_basis.py:107: UserWarning: 20241012非交易日
  warnings.warn(f"{date.strftime('%Y%m%d')}非交易日")
/root/.local/lib/python3.10/site-packages/akshare/futures/futures_basis.py:107: UserWarning: 20241013非交易日
  warnings.warn(f"{date.strftime('%Y%m%d')}非交易日")
/root/.local/lib/python3.10/site-packages/akshare/futures/futures_basis.py:107: UserWarning: 20241019非交易日
  warnings.warn(f"{date.strftime('%Y%m%d')}非交易日")
/root/.local/lib/python3.10/site-packages/akshare/futures/futures_basis.py:107: UserWarning: 20241020非交易日
  warnings.warn(f"{date.strftime('%Y%m%d')}非交易日")
/root/.local/lib/python3.10/site-packages/akshare/futures/futures_basis.py:107: UserWarning: 20241026非交易日
  warnings.warn(f"{date.strftime('%Y%m%d')}非交易日")
/root/.local/lib/python3.10/site-packages/akshare/futures/futures_basis.py:107: UserWarning: 20241027非交易日
  warnings.warn(f"{date.strftime('%Y%m%d')}非交易日")
/root/.local/lib/python3.10/site-packages/akshare/futures/futures_basis.py:107: UserWarning: 20241102非交易日
  warnings.warn(f"{date.strftime('%Y%m%d')}非交易日")
/root/.local/lib/python3.10/site-packages/akshare/futures/futures_basis.py:107: UserWarning: 20241103非交易日
  warnings.warn(f"{date.strftime('%Y%m%d')}非交易日")
/root/.local/lib/python3.10/site-packages/akshare/futures/futures_basis.py:107: UserWarning: 20241109非交易日
  warnings.warn(f"{date.strftime('%Y%m%d')}非交易日")
/root/.local/lib/python3.10/site-packages/akshare/futures/futures_basis.py:107: UserWarning: 20241110非交易日
  warnings.warn(f"{date.strftime('%Y%m%d')}非交易日")
/root/.local/lib/python3.10/site-packages/akshare/futures/futures_basis.py:107: UserWarning: 20241116非交易日
  warnings.warn(f"{date.strftime('%Y%m%d')}非交易日")
/root/.local/lib/python3.10/site-packages/akshare/futures/futures_basis.py:107: UserWarning: 20241117非交易日
  warnings.warn(f"{date.strftime('%Y%m%d')}非交易日")
/root/.local/lib/python3.10/site-packages/akshare/futures/futures_basis.py:107: UserWarning: 20241123非交易日
  warnings.warn(f"{date.strftime('%Y%m%d')}非交易日")
/root/.local/lib/python3.10/site-packages/akshare/futures/futures_basis.py:107: UserWarning: 20241124非交易日
  warnings.warn(f"{date.strftime('%Y%m%d')}非交易日")
/root/.local/lib/python3.10/site-packages/akshare/futures/futures_basis.py:107: UserWarning: 20241130非交易日
  warnings.warn(f"{date.strftime('%Y%m%d')}非交易日")
/root/.local/lib/python3.10/site-packages/akshare/futures/futures_basis.py:107: UserWarning: 20241201非交易日
  warnings.warn(f"{date.strftime('%Y%m%d')}非交易日")
/root/.local/lib/python3.10/site-packages/akshare/futures/futures_basis.py:107: UserWarning: 20241207非交易日
  warnings.warn(f"{date.strftime('%Y%m%d')}非交易日")
/root/.local/lib/python3.10/site-packages/akshare/futures/futures_basis.py:107: UserWarning: 20241208非交易日
  warnings.warn(f"{date.strftime('%Y%m%d')}非交易日")
/root/.local/lib/python3.10/site-packages/akshare/futures/futures_basis.py:107: UserWarning: 20241214非交易日
  warnings.warn(f"{date.strftime('%Y%m%d')}非交易日")
/root/.local/lib/python3.10/site-packages/akshare/futures/futures_basis.py:107: UserWarning: 20241215非交易日
  warnings.warn(f"{date.strftime('%Y%m%d')}非交易日")
/root/.local/lib/python3.10/site-packages/akshare/futures/futures_basis.py:107: UserWarning: 20241221非交易日
  warnings.warn(f"{date.strftime('%Y%m%d')}非交易日")
/root/.local/lib/python3.10/site-packages/akshare/futures/futures_basis.py:107: UserWarning: 20241222非交易日
  warnings.warn(f"{date.strftime('%Y%m%d')}非交易日")
/root/.local/lib/python3.10/site-packages/akshare/futures/futures_basis.py:107: UserWarning: 20241228非交易日
  warnings.warn(f"{date.strftime('%Y%m%d')}非交易日")
/root/.local/lib/python3.10/site-packages/akshare/futures/futures_basis.py:107: UserWarning: 20241229非交易日
  warnings.warn(f"{date.strftime('%Y%m%d')}非交易日")
/root/.local/lib/python3.10/site-packages/akshare/futures/futures_basis.py:107: UserWarning: 20250101非交易日
  warnings.warn(f"{date.strftime('%Y%m%d')}非交易日")
/root/.local/lib/python3.10/site-packages/akshare/futures/futures_basis.py:107: UserWarning: 20250104非交易日
  warnings.warn(f"{date.strftime('%Y%m%d')}非交易日")
/root/.local/lib/python3.10/site-packages/akshare/futures/futures_basis.py:107: UserWarning: 20250105非交易日
  warnings.warn(f"{date.strftime('%Y%m%d')}非交易日")
/root/.local/lib/python3.10/site-packages/akshare/futures/futures_basis.py:107: UserWarning: 20250111非交易日
  warnings.warn(f"{date.strftime('%Y%m%d')}非交易日")
/root/.local/lib/python3.10/site-packages/akshare/futures/futures_basis.py:107: UserWarning: 20250112非交易日
  warnings.warn(f"{date.strftime('%Y%m%d')}非交易日")
/root/.local/lib/python3.10/site-packages/akshare/futures/futures_basis.py:107: UserWarning: 20250118非交易日
  warnings.warn(f"{date.strftime('%Y%m%d')}非交易日")
/root/.local/lib/python3.10/site-packages/akshare/futures/futures_basis.py:107: UserWarning: 20250119非交易日
  warnings.warn(f"{date.strftime('%Y%m%d')}非交易日")
/root/.local/lib/python3.10/site-packages/akshare/futures/futures_basis.py:107: UserWarning: 20250125非交易日
  warnings.warn(f"{date.strftime('%Y%m%d')}非交易日")
/root/.local/lib/python3.10/site-packages/akshare/futures/futures_basis.py:107: UserWarning: 20250126非交易日
  warnings.warn(f"{date.strftime('%Y%m%d')}非交易日")
/root/.local/lib/python3.10/site-packages/akshare/futures/futures_basis.py:107: UserWarning: 20250128非交易日
  warnings.warn(f"{date.strftime('%Y%m%d')}非交易日")
/root/.local/lib/python3.10/site-packages/akshare/futures/futures_basis.py:107: UserWarning: 20250129非交易日
  warnings.warn(f"{date.strftime('%Y%m%d')}非交易日")
/root/.local/lib/python3.10/site-packages/akshare/futures/futures_basis.py:107: UserWarning: 20250130非交易日
  warnings.warn(f"{date.strftime('%Y%m%d')}非交易日")
/root/.local/lib/python3.10/site-packages/akshare/futures/futures_basis.py:107: UserWarning: 20250131非交易日
  warnings.warn(f"{date.strftime('%Y%m%d')}非交易日")
/root/.local/lib/python3.10/site-packages/akshare/futures/futures_basis.py:107: UserWarning: 20250201非交易日
  warnings.warn(f"{date.strftime('%Y%m%d')}非交易日")
/root/.local/lib/python3.10/site-packages/akshare/futures/futures_basis.py:107: UserWarning: 20250202非交易日
  warnings.warn(f"{date.strftime('%Y%m%d')}非交易日")
/root/.local/lib/python3.10/site-packages/akshare/futures/futures_basis.py:107: UserWarning: 20250203非交易日
  warnings.warn(f"{date.strftime('%Y%m%d')}非交易日")
/root/.local/lib/python3.10/site-packages/akshare/futures/futures_basis.py:107: UserWarning: 20250204非交易日
  warnings.warn(f"{date.strftime('%Y%m%d')}非交易日")
/root/.local/lib/python3.10/site-packages/akshare/futures/futures_basis.py:107: UserWarning: 20250208非交易日
  warnings.warn(f"{date.strftime('%Y%m%d')}非交易日")
/root/.local/lib/python3.10/site-packages/akshare/futures/futures_basis.py:107: UserWarning: 20250209非交易日
  warnings.warn(f"{date.strftime('%Y%m%d')}非交易日")
/root/.local/lib/python3.10/site-packages/akshare/futures/futures_basis.py:107: UserWarning: 20250215非交易日
  warnings.warn(f"{date.strftime('%Y%m%d')}非交易日")
/root/.local/lib/python3.10/site-packages/akshare/futures/futures_basis.py:107: UserWarning: 20250216非交易日
  warnings.warn(f"{date.strftime('%Y%m%d')}非交易日")
/root/.local/lib/python3.10/site-packages/akshare/futures/futures_basis.py:107: UserWarning: 20250222非交易日
  warnings.warn(f"{date.strftime('%Y%m%d')}非交易日")
/root/.local/lib/python3.10/site-packages/akshare/futures/futures_basis.py:107: UserWarning: 20250223非交易日
  warnings.warn(f"{date.strftime('%Y%m%d')}非交易日")
/root/.local/lib/python3.10/site-packages/akshare/futures/futures_basis.py:107: UserWarning: 20250301非交易日
  warnings.warn(f"{date.strftime('%Y%m%d')}非交易日")
/root/.local/lib/python3.10/site-packages/akshare/futures/futures_basis.py:107: UserWarning: 20250302非交易日
  warnings.warn(f"{date.strftime('%Y%m%d')}非交易日")
/root/.local/lib/python3.10/site-packages/akshare/futures/futures_basis.py:107: UserWarning: 20250308非交易日
  warnings.warn(f"{date.strftime('%Y%m%d')}非交易日")
/root/.local/lib/python3.10/site-packages/akshare/futures/futures_basis.py:107: UserWarning: 20250309非交易日
  warnings.warn(f"{date.strftime('%Y%m%d')}非交易日")
/root/.local/lib/python3.10/site-packages/akshare/futures/futures_basis.py:107: UserWarning: 20250315非交易日
  warnings.warn(f"{date.strftime('%Y%m%d')}非交易日")
/root/.local/lib/python3.10/site-packages/akshare/futures/futures_basis.py:107: UserWarning: 20250316非交易日
  warnings.warn(f"{date.strftime('%Y%m%d')}非交易日")
/root/.local/lib/python3.10/site-packages/akshare/futures/futures_basis.py:107: UserWarning: 20250322非交易日
  warnings.warn(f"{date.strftime('%Y%m%d')}非交易日")
/root/.local/lib/python3.10/site-packages/akshare/futures/futures_basis.py:107: UserWarning: 20250323非交易日
  warnings.warn(f"{date.strftime('%Y%m%d')}非交易日")
/root/.local/lib/python3.10/site-packages/akshare/futures/futures_basis.py:107: UserWarning: 20250329非交易日
  warnings.warn(f"{date.strftime('%Y%m%d')}非交易日")
/root/.local/lib/python3.10/site-packages/akshare/futures/futures_basis.py:107: UserWarning: 20250330非交易日
  warnings.warn(f"{date.strftime('%Y%m%d')}非交易日")
/root/.local/lib/python3.10/site-packages/akshare/futures/futures_basis.py:107: UserWarning: 20250404非交易日
  warnings.warn(f"{date.strftime('%Y%m%d')}非交易日")
/root/.local/lib/python3.10/site-packages/akshare/futures/futures_basis.py:107: UserWarning: 20250405非交易日
  warnings.warn(f"{date.strftime('%Y%m%d')}非交易日")
/root/.local/lib/python3.10/site-packages/akshare/futures/futures_basis.py:107: UserWarning: 20250406非交易日
  warnings.warn(f"{date.strftime('%Y%m%d')}非交易日")
/root/.local/lib/python3.10/site-packages/akshare/futures/futures_basis.py:107: UserWarning: 20250412非交易日
  warnings.warn(f"{date.strftime('%Y%m%d')}非交易日")
/root/.local/lib/python3.10/site-packages/akshare/futures/futures_basis.py:107: UserWarning: 20250413非交易日
  warnings.warn(f"{date.strftime('%Y%m%d')}非交易日")
/root/.local/lib/python3.10/site-packages/akshare/futures/futures_basis.py:107: UserWarning: 20250419非交易日
  warnings.warn(f"{date.strftime('%Y%m%d')}非交易日")
/root/.local/lib/python3.10/site-packages/akshare/futures/futures_basis.py:107: UserWarning: 20250420非交易日
  warnings.warn(f"{date.strftime('%Y%m%d')}非交易日")
/root/.local/lib/python3.10/site-packages/akshare/futures/futures_basis.py:107: UserWarning: 20250426非交易日
  warnings.warn(f"{date.strftime('%Y%m%d')}非交易日")
/root/.local/lib/python3.10/site-packages/akshare/futures/futures_basis.py:107: UserWarning: 20250427非交易日
  warnings.warn(f"{date.strftime('%Y%m%d')}非交易日")
/root/.local/lib/python3.10/site-packages/akshare/futures/futures_basis.py:107: UserWarning: 20250501非交易日
  warnings.warn(f"{date.strftime('%Y%m%d')}非交易日")
/root/.local/lib/python3.10/site-packages/akshare/futures/futures_basis.py:107: UserWarning: 20250502非交易日
  warnings.warn(f"{date.strftime('%Y%m%d')}非交易日")
/root/.local/lib/python3.10/site-packages/akshare/futures/futures_basis.py:107: UserWarning: 20250503非交易日
  warnings.warn(f"{date.strftime('%Y%m%d')}非交易日")
/root/.local/lib/python3.10/site-packages/akshare/futures/futures_basis.py:107: UserWarning: 20250504非交易日
  warnings.warn(f"{date.strftime('%Y%m%d')}非交易日")
/root/.local/lib/python3.10/site-packages/akshare/futures/futures_basis.py:107: UserWarning: 20250505非交易日
  warnings.warn(f"{date.strftime('%Y%m%d')}非交易日")
/root/.local/lib/python3.10/site-packages/akshare/futures/futures_basis.py:107: UserWarning: 20250510非交易日
  warnings.warn(f"{date.strftime('%Y%m%d')}非交易日")
/root/.local/lib/python3.10/site-packages/akshare/futures/futures_basis.py:107: UserWarning: 20250511非交易日
  warnings.warn(f"{date.strftime('%Y%m%d')}非交易日")
/root/.local/lib/python3.10/site-packages/akshare/futures/futures_basis.py:107: UserWarning: 20250517非交易日
  warnings.warn(f"{date.strftime('%Y%m%d')}非交易日")
/root/.local/lib/python3.10/site-packages/akshare/futures/futures_basis.py:107: UserWarning: 20250518非交易日
  warnings.warn(f"{date.strftime('%Y%m%d')}非交易日")
/root/.local/lib/python3.10/site-packages/akshare/futures/futures_basis.py:107: UserWarning: 20250524非交易日
  warnings.warn(f"{date.strftime('%Y%m%d')}非交易日")
/root/.local/lib/python3.10/site-packages/akshare/futures/futures_basis.py:107: UserWarning: 20250525非交易日
  warnings.warn(f"{date.strftime('%Y%m%d')}非交易日")
/root/.local/lib/python3.10/site-packages/akshare/futures/futures_basis.py:107: UserWarning: 20250531非交易日
  warnings.warn(f"{date.strftime('%Y%m%d')}非交易日")
/root/.local/lib/python3.10/site-packages/akshare/futures/futures_basis.py:107: UserWarning: 20250601非交易日
  warnings.warn(f"{date.strftime('%Y%m%d')}非交易日")
/root/.local/lib/python3.10/site-packages/akshare/futures/futures_basis.py:107: UserWarning: 20250602非交易日
  warnings.warn(f"{date.strftime('%Y%m%d')}非交易日")
/root/.local/lib/python3.10/site-packages/akshare/futures/futures_basis.py:107: UserWarning: 20250607非交易日
  warnings.warn(f"{date.strftime('%Y%m%d')}非交易日")
/root/.local/lib/python3.10/site-packages/akshare/futures/futures_basis.py:107: UserWarning: 20250608非交易日
  warnings.warn(f"{date.strftime('%Y%m%d')}非交易日")
/root/.local/lib/python3.10/site-packages/akshare/futures/futures_basis.py:107: UserWarning: 20250614非交易日
  warnings.warn(f"{date.strftime('%Y%m%d')}非交易日")
/root/.local/lib/python3.10/site-packages/akshare/futures/futures_basis.py:107: UserWarning: 20250615非交易日
  warnings.warn(f"{date.strftime('%Y%m%d')}非交易日")
/root/.local/lib/python3.10/site-packages/akshare/futures/futures_basis.py:107: UserWarning: 20250621非交易日
  warnings.warn(f"{date.strftime('%Y%m%d')}非交易日")
/root/.local/lib/python3.10/site-packages/akshare/futures/futures_basis.py:107: UserWarning: 20250622非交易日
  warnings.warn(f"{date.strftime('%Y%m%d')}非交易日")
/root/.local/lib/python3.10/site-packages/akshare/futures/futures_basis.py:107: UserWarning: 20250628非交易日
  warnings.warn(f"{date.strftime('%Y%m%d')}非交易日")
/root/.local/lib/python3.10/site-packages/akshare/futures/futures_basis.py:107: UserWarning: 20250629非交易日
  warnings.warn(f"{date.strftime('%Y%m%d')}非交易日")
/root/.local/lib/python3.10/site-packages/akshare/futures/futures_basis.py:107: UserWarning: 20250705非交易日
  warnings.warn(f"{date.strftime('%Y%m%d')}非交易日")
/root/.local/lib/python3.10/site-packages/akshare/futures/futures_basis.py:107: UserWarning: 20250706非交易日
  warnings.warn(f"{date.strftime('%Y%m%d')}非交易日")
/root/.local/lib/python3.10/site-packages/akshare/futures/futures_basis.py:107: UserWarning: 20250712非交易日
  warnings.warn(f"{date.strftime('%Y%m%d')}非交易日")
/root/.local/lib/python3.10/site-packages/akshare/futures/futures_basis.py:107: UserWarning: 20250713非交易日
  warnings.warn(f"{date.strftime('%Y%m%d')}非交易日")
/root/.local/lib/python3.10/site-packages/akshare/futures/futures_basis.py:107: UserWarning: 20250719非交易日
  warnings.warn(f"{date.strftime('%Y%m%d')}非交易日")
/root/.local/lib/python3.10/site-packages/akshare/futures/futures_basis.py:107: UserWarning: 20250720非交易日
  warnings.warn(f"{date.strftime('%Y%m%d')}非交易日")
/root/.local/lib/python3.10/site-packages/akshare/futures/futures_basis.py:107: UserWarning: 20250726非交易日
  warnings.warn(f"{date.strftime('%Y%m%d')}非交易日")
/root/.local/lib/python3.10/site-packages/akshare/futures/futures_basis.py:107: UserWarning: 20250727非交易日
  warnings.warn(f"{date.strftime('%Y%m%d')}非交易日")
/root/.local/lib/python3.10/site-packages/akshare/futures/futures_basis.py:107: UserWarning: 20250802非交易日
  warnings.warn(f"{date.strftime('%Y%m%d')}非交易日")
/root/.local/lib/python3.10/site-packages/akshare/futures/futures_basis.py:107: UserWarning: 20250803非交易日
  warnings.warn(f"{date.strftime('%Y%m%d')}非交易日")
/root/.local/lib/python3.10/site-packages/akshare/futures/futures_basis.py:107: UserWarning: 20250809非交易日
  warnings.warn(f"{date.strftime('%Y%m%d')}非交易日")
/root/.local/lib/python3.10/site-packages/akshare/futures/futures_basis.py:107: UserWarning: 20250810非交易日
  warnings.warn(f"{date.strftime('%Y%m%d')}非交易日")
/root/.local/lib/python3.10/site-packages/akshare/futures/futures_basis.py:107: UserWarning: 20250816非交易日
  warnings.warn(f"{date.strftime('%Y%m%d')}非交易日")
/root/.local/lib/python3.10/site-packages/akshare/futures/futures_basis.py:107: UserWarning: 20250817非交易日
  warnings.warn(f"{date.strftime('%Y%m%d')}非交易日")
/root/.local/lib/python3.10/site-packages/akshare/futures/futures_basis.py:107: UserWarning: 20250823非交易日
  warnings.warn(f"{date.strftime('%Y%m%d')}非交易日")
/root/.local/lib/python3.10/site-packages/akshare/futures/futures_basis.py:107: UserWarning: 20250824非交易日
  warnings.warn(f"{date.strftime('%Y%m%d')}非交易日")
/root/.local/lib/python3.10/site-packages/akshare/futures/futures_basis.py:107: UserWarning: 20250830非交易日
  warnings.warn(f"{date.strftime('%Y%m%d')}非交易日")
/root/.local/lib/python3.10/site-packages/akshare/futures/futures_basis.py:107: UserWarning: 20250831非交易日
  warnings.warn(f"{date.strftime('%Y%m%d')}非交易日")
/root/.local/lib/python3.10/site-packages/akshare/futures/futures_basis.py:107: UserWarning: 20250906非交易日
  warnings.warn(f"{date.strftime('%Y%m%d')}非交易日")
/root/.local/lib/python3.10/site-packages/akshare/futures/futures_basis.py:107: UserWarning: 20250907非交易日
  warnings.warn(f"{date.strftime('%Y%m%d')}非交易日")
/root/.local/lib/python3.10/site-packages/akshare/futures/futures_basis.py:107: UserWarning: 20250913非交易日
  warnings.warn(f"{date.strftime('%Y%m%d')}非交易日")
/root/.local/lib/python3.10/site-packages/akshare/futures/futures_basis.py:107: UserWarning: 20250914非交易日
  warnings.warn(f"{date.strftime('%Y%m%d')}非交易日")
/root/.local/lib/python3.10/site-packages/akshare/futures/futures_basis.py:107: UserWarning: 20250920非交易日
  warnings.warn(f"{date.strftime('%Y%m%d')}非交易日")
/root/.local/lib/python3.10/site-packages/akshare/futures/futures_basis.py:107: UserWarning: 20250921非交易日
  warnings.warn(f"{date.strftime('%Y%m%d')}非交易日")
/root/.local/lib/python3.10/site-packages/akshare/futures/futures_basis.py:107: UserWarning: 20250927非交易日
  warnings.warn(f"{date.strftime('%Y%m%d')}非交易日")
/root/.local/lib/python3.10/site-packages/akshare/futures/futures_basis.py:107: UserWarning: 20250928非交易日
  warnings.warn(f"{date.strftime('%Y%m%d')}非交易日")
/root/.local/lib/python3.10/site-packages/akshare/futures/futures_basis.py:107: UserWarning: 20251001非交易日
  warnings.warn(f"{date.strftime('%Y%m%d')}非交易日")
/root/.local/lib/python3.10/site-packages/akshare/futures/futures_basis.py:107: UserWarning: 20251002非交易日
  warnings.warn(f"{date.strftime('%Y%m%d')}非交易日")
/root/.local/lib/python3.10/site-packages/akshare/futures/futures_basis.py:107: UserWarning: 20251003非交易日
  warnings.warn(f"{date.strftime('%Y%m%d')}非交易日")
/root/.local/lib/python3.10/site-packages/akshare/futures/futures_basis.py:107: UserWarning: 20251004非交易日
  warnings.warn(f"{date.strftime('%Y%m%d')}非交易日")
/root/.local/lib/python3.10/site-packages/akshare/futures/futures_basis.py:107: UserWarning: 20251005非交易日
  warnings.warn(f"{date.strftime('%Y%m%d')}非交易日")
/root/.local/lib/python3.10/site-packages/akshare/futures/futures_basis.py:107: UserWarning: 20251006非交易日
  warnings.warn(f"{date.strftime('%Y%m%d')}非交易日")
/root/.local/lib/python3.10/site-packages/akshare/futures/futures_basis.py:107: UserWarning: 20251007非交易日
  warnings.warn(f"{date.strftime('%Y%m%d')}非交易日")
/root/.local/lib/python3.10/site-packages/akshare/futures/futures_basis.py:107: UserWarning: 20251008非交易日
  warnings.warn(f"{date.strftime('%Y%m%d')}非交易日")
/root/.local/lib/python3.10/site-packages/akshare/futures/futures_basis.py:107: UserWarning: 20251011非交易日
  warnings.warn(f"{date.strftime('%Y%m%d')}非交易日")
/root/.local/lib/python3.10/site-packages/akshare/futures/futures_basis.py:107: UserWarning: 20251012非交易日
  warnings.warn(f"{date.strftime('%Y%m%d')}非交易日")
/root/.local/lib/python3.10/site-packages/akshare/futures/futures_basis.py:107: UserWarning: 20251018非交易日
  warnings.warn(f"{date.strftime('%Y%m%d')}非交易日")
/root/.local/lib/python3.10/site-packages/akshare/futures/futures_basis.py:107: UserWarning: 20251019非交易日
  warnings.warn(f"{date.strftime('%Y%m%d')}非交易日")
/root/.local/lib/python3.10/site-packages/akshare/futures/futures_basis.py:107: UserWarning: 20251025非交易日
  warnings.warn(f"{date.strftime('%Y%m%d')}非交易日")
/root/.local/lib/python3.10/site-packages/akshare/futures/futures_basis.py:107: UserWarning: 20251026非交易日
  warnings.warn(f"{date.strftime('%Y%m%d')}非交易日")
/root/.local/lib/python3.10/site-packages/akshare/futures/futures_basis.py:107: UserWarning: 20251101非交易日
  warnings.warn(f"{date.strftime('%Y%m%d')}非交易日")
/root/.local/lib/python3.10/site-packages/akshare/futures/futures_basis.py:107: UserWarning: 20251102非交易日
  warnings.warn(f"{date.strftime('%Y%m%d')}非交易日")
/root/.local/lib/python3.10/site-packages/akshare/futures/futures_basis.py:107: UserWarning: 20251108非交易日
  warnings.warn(f"{date.strftime('%Y%m%d')}非交易日")
/root/.local/lib/python3.10/site-packages/akshare/futures/futures_basis.py:107: UserWarning: 20251109非交易日
  warnings.warn(f"{date.strftime('%Y%m%d')}非交易日")
/root/.local/lib/python3.10/site-packages/akshare/futures/futures_basis.py:107: UserWarning: 20251115非交易日
  warnings.warn(f"{date.strftime('%Y%m%d')}非交易日")
/root/.local/lib/python3.10/site-packages/akshare/futures/futures_basis.py:107: UserWarning: 20251116非交易日
  warnings.warn(f"{date.strftime('%Y%m%d')}非交易日")
/root/.local/lib/python3.10/site-packages/akshare/futures/futures_basis.py:107: UserWarning: 20251122非交易日
  warnings.warn(f"{date.strftime('%Y%m%d')}非交易日")
/root/.local/lib/python3.10/site-packages/akshare/futures/futures_basis.py:107: UserWarning: 20251123非交易日
  warnings.warn(f"{date.strftime('%Y%m%d')}非交易日")
/root/.local/lib/python3.10/site-packages/akshare/futures/futures_basis.py:107: UserWarning: 20251129非交易日
  warnings.warn(f"{date.strftime('%Y%m%d')}非交易日")
/root/.local/lib/python3.10/site-packages/akshare/futures/futures_basis.py:107: UserWarning: 20251130非交易日
  warnings.warn(f"{date.strftime('%Y%m%d')}非交易日")
/root/.local/lib/python3.10/site-packages/akshare/futures/futures_basis.py:107: UserWarning: 20251206非交易日
  warnings.warn(f"{date.strftime('%Y%m%d')}非交易日")
/root/.local/lib/python3.10/site-packages/akshare/futures/futures_basis.py:107: UserWarning: 20251207非交易日
  warnings.warn(f"{date.strftime('%Y%m%d')}非交易日")
/root/.local/lib/python3.10/site-packages/akshare/futures/futures_basis.py:107: UserWarning: 20251213非交易日
  warnings.warn(f"{date.strftime('%Y%m%d')}非交易日")
/root/.local/lib/python3.10/site-packages/akshare/futures/futures_basis.py:107: UserWarning: 20251214非交易日
  warnings.warn(f"{date.strftime('%Y%m%d')}非交易日")
/root/.local/lib/python3.10/site-packages/akshare/futures/futures_basis.py:107: UserWarning: 20251220非交易日
  warnings.warn(f"{date.strftime('%Y%m%d')}非交易日")
/root/.local/lib/python3.10/site-packages/akshare/futures/futures_basis.py:107: UserWarning: 20251221非交易日
  warnings.warn(f"{date.strftime('%Y%m%d')}非交易日")
/root/.local/lib/python3.10/site-packages/akshare/futures/futures_basis.py:107: UserWarning: 20251227非交易日
  warnings.warn(f"{date.strftime('%Y%m%d')}非交易日")
/root/.local/lib/python3.10/site-packages/akshare/futures/futures_basis.py:107: UserWarning: 20251228非交易日
  warnings.warn(f"{date.strftime('%Y%m%d')}非交易日")
/root/.local/lib/python3.10/site-packages/akshare/futures/futures_basis.py:107: UserWarning: 20260101非交易日
  warnings.warn(f"{date.strftime('%Y%m%d')}非交易日")
/root/.local/lib/python3.10/site-packages/akshare/futures/futures_basis.py:107: UserWarning: 20260102非交易日
  warnings.warn(f"{date.strftime('%Y%m%d')}非交易日")
/root/.local/lib/python3.10/site-packages/akshare/futures/futures_basis.py:107: UserWarning: 20260103非交易日
  warnings.warn(f"{date.strftime('%Y%m%d')}非交易日")
/root/.local/lib/python3.10/site-packages/akshare/futures/futures_basis.py:107: UserWarning: 20260104非交易日
  warnings.warn(f"{date.strftime('%Y%m%d')}非交易日")
/root/.local/lib/python3.10/site-packages/akshare/futures/futures_basis.py:107: UserWarning: 20260110非交易日
  warnings.warn(f"{date.strftime('%Y%m%d')}非交易日")
/root/.local/lib/python3.10/site-packages/akshare/futures/futures_basis.py:107: UserWarning: 20260111非交易日
  warnings.warn(f"{date.strftime('%Y%m%d')}非交易日")
/root/.local/lib/python3.10/site-packages/akshare/futures/futures_basis.py:107: UserWarning: 20260117非交易日
  warnings.warn(f"{date.strftime('%Y%m%d')}非交易日")
/root/.local/lib/python3.10/site-packages/akshare/futures/futures_basis.py:107: UserWarning: 20260118非交易日
  warnings.warn(f"{date.strftime('%Y%m%d')}非交易日")
/root/.local/lib/python3.10/site-packages/akshare/futures/futures_basis.py:107: UserWarning: 20260124非交易日
  warnings.warn(f"{date.strftime('%Y%m%d')}非交易日")
/root/.local/lib/python3.10/site-packages/akshare/futures/futures_basis.py:107: UserWarning: 20260125非交易日
  warnings.warn(f"{date.strftime('%Y%m%d')}非交易日")
/root/.local/lib/python3.10/site-packages/akshare/futures/futures_basis.py:107: UserWarning: 20260131非交易日
  warnings.warn(f"{date.strftime('%Y%m%d')}非交易日")
/root/.local/lib/python3.10/site-packages/akshare/futures/futures_basis.py:107: UserWarning: 20260201非交易日
  warnings.warn(f"{date.strftime('%Y%m%d')}非交易日")
/root/.local/lib/python3.10/site-packages/akshare/futures/futures_basis.py:107: UserWarning: 20260207非交易日
  warnings.warn(f"{date.strftime('%Y%m%d')}非交易日")
/root/.local/lib/python3.10/site-packages/akshare/futures/futures_basis.py:107: UserWarning: 20260208非交易日
  warnings.warn(f"{date.strftime('%Y%m%d')}非交易日")
/root/.local/lib/python3.10/site-packages/akshare/futures/futures_basis.py:107: UserWarning: 20260214非交易日
  warnings.warn(f"{date.strftime('%Y%m%d')}非交易日")
/root/.local/lib/python3.10/site-packages/akshare/futures/futures_basis.py:107: UserWarning: 20260215非交易日
  warnings.warn(f"{date.strftime('%Y%m%d')}非交易日")
/root/.local/lib/python3.10/site-packages/akshare/futures/futures_basis.py:107: UserWarning: 20260216非交易日
  warnings.warn(f"{date.strftime('%Y%m%d')}非交易日")
/root/.local/lib/python3.10/site-packages/akshare/futures/futures_basis.py:107: UserWarning: 20260217非交易日
  warnings.warn(f"{date.strftime('%Y%m%d')}非交易日")
/root/.local/lib/python3.10/site-packages/akshare/futures/futures_basis.py:107: UserWarning: 20260218非交易日
  warnings.warn(f"{date.strftime('%Y%m%d')}非交易日")
/root/.local/lib/python3.10/site-packages/akshare/futures/futures_basis.py:107: UserWarning: 20260219非交易日
  warnings.warn(f"{date.strftime('%Y%m%d')}非交易日")
/root/.local/lib/python3.10/site-packages/akshare/futures/futures_basis.py:107: UserWarning: 20260220非交易日
  warnings.warn(f"{date.strftime('%Y%m%d')}非交易日")
/root/.local/lib/python3.10/site-packages/akshare/futures/futures_basis.py:107: UserWarning: 20260221非交易日
  warnings.warn(f"{date.strftime('%Y%m%d')}非交易日")
/root/.local/lib/python3.10/site-packages/akshare/futures/futures_basis.py:107: UserWarning: 20260222非交易日
  warnings.warn(f"{date.strftime('%Y%m%d')}非交易日")
/root/.local/lib/python3.10/site-packages/akshare/futures/futures_basis.py:107: UserWarning: 20260223非交易日
  warnings.warn(f"{date.strftime('%Y%m%d')}非交易日")
/root/.local/lib/python3.10/site-packages/akshare/futures/futures_basis.py:107: UserWarning: 20260228非交易日
  warnings.warn(f"{date.strftime('%Y%m%d')}非交易日")
/root/.local/lib/python3.10/site-packages/akshare/futures/futures_basis.py:107: UserWarning: 20260301非交易日
  warnings.warn(f"{date.strftime('%Y%m%d')}非交易日")
/root/.local/lib/python3.10/site-packages/akshare/futures/futures_basis.py:107: UserWarning: 20260307非交易日
  warnings.warn(f"{date.strftime('%Y%m%d')}非交易日")
/root/.local/lib/python3.10/site-packages/akshare/futures/futures_basis.py:107: UserWarning: 20260308非交易日
  warnings.warn(f"{date.strftime('%Y%m%d')}非交易日")
/root/.local/lib/python3.10/site-packages/akshare/futures/futures_basis.py:107: UserWarning: 20260314非交易日
  warnings.warn(f"{date.strftime('%Y%m%d')}非交易日")
/root/.local/lib/python3.10/site-packages/akshare/futures/futures_basis.py:107: UserWarning: 20260315非交易日
  warnings.warn(f"{date.strftime('%Y%m%d')}非交易日")
/root/.local/lib/python3.10/site-packages/akshare/futures/futures_basis.py:107: UserWarning: 20260321非交易日
  warnings.warn(f"{date.strftime('%Y%m%d')}非交易日")
/root/.local/lib/python3.10/site-packages/akshare/futures/futures_basis.py:107: UserWarning: 20260322非交易日
  warnings.warn(f"{date.strftime('%Y%m%d')}非交易日")
/root/.local/lib/python3.10/site-packages/akshare/futures/futures_basis.py:107: UserWarning: 20260328非交易日
  warnings.warn(f"{date.strftime('%Y%m%d')}非交易日")
/root/.local/lib/python3.10/site-packages/akshare/futures/futures_basis.py:107: UserWarning: 20260329非交易日
  warnings.warn(f"{date.strftime('%Y%m%d')}非交易日")
/root/.local/lib/python3.10/site-packages/akshare/futures/futures_basis.py:107: UserWarning: 20260404非交易日
  warnings.warn(f"{date.strftime('%Y%m%d')}非交易日")
/root/.local/lib/python3.10/site-packages/akshare/futures/futures_basis.py:107: UserWarning: 20260405非交易日
  warnings.warn(f"{date.strftime('%Y%m%d')}非交易日")
/root/.local/lib/python3.10/site-packages/akshare/futures/futures_basis.py:107: UserWarning: 20260406非交易日
  warnings.warn(f"{date.strftime('%Y%m%d')}非交易日")
/root/.local/lib/python3.10/site-packages/akshare/futures/futures_basis.py:107: UserWarning: 20260411非交易日
  warnings.warn(f"{date.strftime('%Y%m%d')}非交易日")
/root/.local/lib/python3.10/site-packages/akshare/futures/futures_basis.py:107: UserWarning: 20260412非交易日
  warnings.warn(f"{date.strftime('%Y%m%d')}非交易日")
/root/.local/lib/python3.10/site-packages/akshare/futures/futures_basis.py:107: UserWarning: 20260418非交易日
  warnings.warn(f"{date.strftime('%Y%m%d')}非交易日")
/root/.local/lib/python3.10/site-packages/akshare/futures/futures_basis.py:107: UserWarning: 20260419非交易日
  warnings.warn(f"{date.strftime('%Y%m%d')}非交易日")
/root/.local/lib/python3.10/site-packages/akshare/futures/futures_basis.py:107: UserWarning: 20260425非交易日
  warnings.warn(f"{date.strftime('%Y%m%d')}非交易日")
/root/.local/lib/python3.10/site-packages/akshare/futures/futures_basis.py:107: UserWarning: 20260426非交易日
  warnings.warn(f"{date.strftime('%Y%m%d')}非交易日")
/root/.local/lib/python3.10/site-packages/akshare/futures/futures_basis.py:107: UserWarning: 20260501非交易日
  warnings.warn(f"{date.strftime('%Y%m%d')}非交易日")
/root/.local/lib/python3.10/site-packages/akshare/futures/futures_basis.py:107: UserWarning: 20260502非交易日
  warnings.warn(f"{date.strftime('%Y%m%d')}非交易日")
/root/.local/lib/python3.10/site-packages/akshare/futures/futures_basis.py:107: UserWarning: 20260503非交易日
  warnings.warn(f"{date.strftime('%Y%m%d')}非交易日")
/root/.local/lib/python3.10/site-packages/akshare/futures/futures_basis.py:107: UserWarning: 20260504非交易日
  warnings.warn(f"{date.strftime('%Y%m%d')}非交易日")
/root/.local/lib/python3.10/site-packages/akshare/futures/futures_basis.py:107: UserWarning: 20260505非交易日
  warnings.warn(f"{date.strftime('%Y%m%d')}非交易日")
/root/.local/lib/python3.10/site-packages/akshare/futures/futures_basis.py:107: UserWarning: 20260509非交易日
  warnings.warn(f"{date.strftime('%Y%m%d')}非交易日")
/root/.local/lib/python3.10/site-packages/akshare/futures/futures_basis.py:107: UserWarning: 20260510非交易日
  warnings.warn(f"{date.strftime('%Y%m%d')}非交易日")
/root/.local/lib/python3.10/site-packages/akshare/futures/futures_basis.py:107: UserWarning: 20260516非交易日
  warnings.warn(f"{date.strftime('%Y%m%d')}非交易日")
/root/.local/lib/python3.10/site-packages/akshare/futures/futures_basis.py:107: UserWarning: 20260517非交易日
  warnings.warn(f"{date.strftime('%Y%m%d')}非交易日")
/root/.local/lib/python3.10/site-packages/akshare/futures/futures_basis.py:74: FutureWarning: The behavior of DataFrame concatenation with empty or all-NA entries is deprecated. In a future version, this will no longer exclude empty or all-NA columns when determining the result dtypes. To retain the old behavior, exclude the relevant entries before the concat operation.
  temp_df = pd.concat(df_list)

  0%|          | 0/7 [00:00<?, ?it/s]
 14%|█▍        | 1/7 [00:00<00:01,  4.32it/s]
 29%|██▊       | 2/7 [00:00<00:01,  4.03it/s]
 43%|████▎     | 3/7 [00:00<00:00,  4.22it/s]
 57%|█████▋    | 4/7 [00:00<00:00,  4.25it/s]
 71%|███████▏  | 5/7 [00:01<00:00,  4.32it/s]
 86%|████████▌ | 6/7 [00:01<00:00,  4.22it/s]
100%|██████████| 7/7 [00:01<00:00,  4.17it/s]
                                             

  0%|          | 0/7 [00:00<?, ?it/s]
 14%|█▍        | 1/7 [00:00<00:01,  3.86it/s]
 29%|██▊       | 2/7 [00:00<00:01,  3.92it/s]
 43%|████▎     | 3/7 [00:00<00:00,  4.21it/s]
 57%|█████▋    | 4/7 [00:00<00:00,  4.08it/s]
 71%|███████▏  | 5/7 [00:01<00:00,  4.19it/s]
 86%|████████▌ | 6/7 [00:01<00:00,  4.08it/s]
100%|██████████| 7/7 [00:01<00:00,  4.24it/s]
                                             

  0%|          | 0/7 [00:00<?, ?it/s]
 14%|█▍        | 1/7 [00:00<00:01,  4.51it/s]
 29%|██▊       | 2/7 [00:00<00:01,  4.39it/s]
 43%|████▎     | 3/7 [00:00<00:00,  4.55it/s]
 57%|█████▋    | 4/7 [00:00<00:00,  4.58it/s]
 71%|███████▏  | 5/7 [00:01<00:00,  4.15it/s]
 86%|████████▌ | 6/7 [00:01<00:00,  4.18it/s]
100%|██████████| 7/7 [00:01<00:00,  4.29it/s]
                                             
{
  "sample_rows": 1529,
  "external_rows": 5275,
  "external_date_min": "2005-01-04",
  "external_date_max": "2026-05-15",
  "feature_cols": 212,
  "lag_days": 1,
  "errors": {},
  "top_missing": {
    "zijin_hk_volume_ret20": 0.041203400915631135,
    "zijin_hk_close_ret20": 0.041203400915631135,
    "zijin_hk_close_ma20_gap": 0.03727926749509483,
    "zijin_hk_close_z20": 0.03727926749509483,
    "zijin_hk_volume_ma20_gap": 0.03727926749509483,
    "zijin_a_h_close_ratio_z20": 0.03727926749509483,
    "zijin_hk_volume_z20": 0.03727926749509483,
    "zijin_hk_volume_ret5": 0.034009156311314584,
    "zijin_hk_close_ret5": 0.034009156311314584,
    "copper_dom_basis_rate_ret20": 0.032701111837802485,
    "copper_spot_ret20": 0.032701111837802485,
    "gold_dom_basis_rate_ret20": 0.032701111837802485,
    "gold_spot_ret20": 0.032701111837802485,
    "precious_sector_close_ret20": 0.032701111837802485,
    "silver_spot_ret20": 0.032701111837802485,
    "silver_dom_basis_rate_ret20": 0.032701111837802485,
    "industrial_metal_sector_close_ret20": 0.032701111837802485,
    "minor_metal_sector_volume_ret20": 0.032701111837802485,
    "industrial_metal_sector_amount_ret20": 0.032701111837802485,
    "industrial_metal_sector_volume_ret20": 0.032701111837802485,
    "minor_metal_sector_close_ret20": 0.032701111837802485,
    "stock_vs_industrial_metal_sector_ret20": 0.032701111837802485,
    "stock_vs_precious_sector_ret20": 0.032701111837802485,
    "minor_metal_sector_amount_ret20": 0.032701111837802485,
    "precious_sector_amount_ret20": 0.032701111837802485,
    "precious_sector_volume_ret20": 0.032701111837802485,
    "stock_vs_copper_ret20": 0.032047089601046436,
    "stock_vs_gold_ret20": 0.032047089601046436,
    "zijin_hk_close_ret1": 0.031393067364290386,
    "zijin_hk_volume_ret1": 0.031393067364290386
  },
  "outputs": {
    "external": "/root/stock_realtime_v021_full/saved_data/600361_pipeline_out_v2_new27_full/04_external/zijin_external/zijin_external_features.csv",
    "merged_samples": "/root/stock_realtime_v021_full/saved_data/600361_pipeline_out_v2_new27_full/04_external/zijin_external/training_samples_with_zijin_external.csv"
  }
}
[INFO] final samples for search: /root/stock_realtime_v021_full/saved_data/600361_pipeline_out_v2_new27_full/04_external/zijin_external/training_samples_with_zijin_external.csv

[2026-05-18T08:02:33] RUN search_vwap_low_hit_50bps
  /usr/bin/python3 model_training/search_walk_forward_model_complexity.py --samples /root/stock_realtime_v021_full/saved_data/600361_pipeline_out_v2_new27_full/04_external/zijin_external/training_samples_with_zijin_external.csv --intraday-bars /root/stock_realtime_v021_full/saved_data/600361_pipeline_out_v2_new27_full/00_base/600361_5m.csv --out-dir /root/stock_realtime_v021_full/saved_data/600361_pipeline_out_v2_new27_full/10_search/search_vwap_low_hit_50bps --round-trip-cost-bps 1.7 --target-hit-bps 50.0 --label-mode hit --entry-policy vwap_low --entry-vwap-premium-bps 50.0 --max-missing 0.35 --groups reversal_fundamental_regime,reversal_fundamental_regime_sector,reversal_fundamental_regime_sector_external,all_no_ak --models xgb_d2_200_lr003_mcw5,xgb_d3_400_lr003_mcw3,xgb_d3_600_lr002_mcw3,xgb_d4_500_lr002_mcw5,lgbm_leaves7_400,lgbm_leaves15_700,extra_trees_600_d3,random_forest_600_d4 --quantiles 0.5,0.6,0.7,0.8 --train-rows 756 --valid-rows 126 --test-rows 63 --min-valid-trades 8 --min-train-entries 80
{
  "rows": 1528,
  "target_hit_bps": 50.0,
  "label_mode": "hit",
  "entry_policy": "vwap_low",
  "entry_vwap_premium_bps": 50.0,
  "groups": {
    "reversal_fundamental_regime": 137,
    "reversal_fundamental_regime_sector": 160,
    "reversal_fundamental_regime_sector_external": 371,
    "all_no_ak": 426
  },
  "models": [
    "xgb_d2_200_lr003_mcw5",
    "xgb_d3_400_lr003_mcw3",
    "xgb_d3_600_lr002_mcw3",
    "xgb_d4_500_lr002_mcw5",
    "extra_trees_600_d3",
    "random_forest_600_d4",
    "lgbm_leaves7_400",
    "lgbm_leaves15_700"
  ],
  "top": [
    {
      "entry_policy": "vwap_low",
      "feature_group": "reversal_fundamental_regime_sector_external",
      "model_name": "xgb_d3_600_lr002_mcw3",
      "target_hit_bps": 50.0,
      "trades": 170,
      "win_rate": 0.7941176470588235,
      "avg_return": -0.00031239761271552107,
      "median_return": 0.005,
      "compound_return": -0.0679541730537302,
      "max_drawdown": -0.14950140932439338,
      "profit_factor": 0.9270607880106125,
      "windows": 10
    },
    {
      "entry_policy": "vwap_low",
      "feature_group": "all_no_ak",
      "model_name": "xgb_d3_400_lr003_mcw3",
      "target_hit_bps": 50.0,
      "trades": 193,
      "win_rate": 0.7875647668393783,
      "avg_return": -0.0005390672464922705,
      "median_return": 0.005,
      "compound_return": -0.11747899063588263,
      "max_drawdown": -0.1692297306977274,
      "profit_factor": 0.8795794583179385,
      "windows": 10
    },
    {
      "entry_policy": "vwap_low",
      "feature_group": "reversal_fundamental_regime_sector",
      "model_name": "xgb_d4_500_lr002_mcw5",
      "target_hit_bps": 50.0,
      "trades": 156,
      "win_rate": 0.8205128205128205,
      "avg_return": -0.0007409895568439649,
      "median_return": 0.005,
      "compound_return": -0.12676009562535195,
      "max_drawdown": -0.22737389623314563,
      "profit_factor": 0.8470153096364124,
      "windows": 10
    },
    {
      "entry_policy": "vwap_low",
      "feature_group": "reversal_fundamental_regime_sector",
      "model_name": "xgb_d3_400_lr003_mcw3",
      "target_hit_bps": 50.0,
      "trades": 144,
      "win_rate": 0.8263888888888888,
      "avg_return": -0.0008033486195888909,
      "median_return": 0.005,
      "compound_return": -0.12703169099164535,
      "max_drawdown": -0.27882663551321296,
      "profit_factor": 0.8372237252852498,
      "windows": 10
    },
    {
      "entry_policy": "vwap_low",
      "feature_group": "reversal_fundamental_regime_sector_external",
      "model_name": "lgbm_leaves7_400",
      "target_hit_bps": 50.0,
      "trades": 173,
      "win_rate": 0.7572254335260116,
      "avg_return": -0.0008465898468590599,
      "median_return": 0.005,
      "compound_return": -0.1511969161507679,
      "max_drawdown": -0.18031966416708922,
      "profit_factor": 0.8172429621258936,
      "windows": 10
    },
    {
      "entry_policy": "vwap_low",
      "feature_group": "all_no_ak",
      "model_name": "lgbm_leaves7_400",
      "target_hit_bps": 50.0,
      "trades": 195,
      "win_rate": 0.7487179487179487,
      "avg_return": -0.0009716710623063385,
      "median_return": 0.005,
      "compound_return": -0.18893267550033677,
      "max_drawdown": -0.21284449912259373,
      "profit_factor": 0.7932345268700026,
      "windows": 10
    },
    {
      "entry_policy": "vwap_low",
      "feature_group": "reversal_fundamental_regime",
      "model_name": "random_forest_600_d4",
      "target_hit_bps": 50.0,
      "trades": 142,
      "win_rate": 0.8098591549295775,
      "avg_return": -0.0014015121772710617,
      "median_return": 0.005,
      "compound_return": -0.196791232247026,
      "max_drawdown": -0.29135311770820815,
      "profit_factor": 0.7428799198882686,
      "windows": 10
    },
    {
      "entry_policy": "vwap_low",
      "feature_group": "reversal_fundamental_regime_sector",
      "model_name": "xgb_d3_600_lr002_mcw3",
      "target_hit_bps": 50.0,
      "trades": 164,
      "win_rate": 0.8109756097560976,
      "avg_return": -0.0013631663938631043,
      "median_return": 0.005,
      "compound_return": -0.21976313335010123,
      "max_drawdown": -0.28936590098717374,
      "profit_factor": 0.748402507898591,
      "windows": 10
    },
    {
      "entry_policy": "vwap_low",
      "feature_group": "all_no_ak",
      "model_name": "xgb_d2_200_lr003_mcw5",
      "target_hit_bps": 50.0,
      "trades": 153,
      "win_rate": 0.7647058823529411,
      "avg_return": -0.0016874601078366374,
      "median_return": 0.005,
      "compound_return": -0.24288444427973055,
      "max_drawdown": -0.24553993448292166,
      "profit_factor": 0.6938008860596224,
      "windows": 10
    },
    {
      "entry_policy": "vwap_low",
      "feature_group": "reversal_fundamental_regime",
      "model_name": "lgbm_leaves15_700",
      "target_hit_bps": 50.0,
      "trades": 181,
      "win_rate": 0.7790055248618785,
      "avg_return": -0.0014829460481738596,
      "median_return": 0.005,
      "compound_return": -0.2527810897761469,
      "max_drawdown": -0.27343146974253085,
      "profit_factor": 0.7233133983288697,
      "windows": 10
    },
    {
      "entry_policy": "vwap_low",
      "feature_group": "reversal_fundamental_regime_sector",
      "model_name": "lgbm_leaves15_700",
      "target_hit_bps": 50.0,
      "trades": 165,
      "win_rate": 0.793939393939394,
      "avg_return": -0.00171507742745668,
      "median_return": 0.005,
      "compound_return": -0.2660565051664864,
      "max_drawdown": -0.3138549383307192,
      "profit_factor": 0.6983033436972601,
      "windows": 10
    },
    {
      "entry_policy": "vwap_low",
      "feature_group": "reversal_fundamental_regime",
      "model_name": "lgbm_leaves7_400",
      "target_hit_bps": 50.0,
      "trades": 174,
      "win_rate": 0.7586206896551724,
      "avg_return": -0.0017950895769633514,
      "median_return": 0.005,
      "compound_return": -0.28538748967718053,
      "max_drawdown": -0.3292786673036353,
      "profit_factor": 0.677745166148195,
      "windows": 10
    },
    {
      "entry_policy": "vwap_low",
      "feature_group": "reversal_fundamental_regime_sector",
      "model_name": "random_forest_600_d4",
      "target_hit_bps": 50.0,
      "trades": 169,
      "win_rate": 0.8224852071005917,
      "avg_return": -0.0018297510412343687,
      "median_return": 0.005,
      "compound_return": -0.2867230101966609,
      "max_drawdown": -0.39739206439690467,
      "profit_factor": 0.6920739625216572,
      "windows": 10
    },
    {
      "entry_policy": "vwap_low",
      "feature_group": "reversal_fundamental_regime_sector",
      "model_name": "lgbm_leaves7_400",
      "target_hit_bps": 50.0,
      "trades": 187,
      "win_rate": 0.7807486631016043,
      "avg_return": -0.0017783205746416343,
      "median_return": 0.005,
      "compound_return": -0.3022696938270668,
      "max_drawdown": -0.3312385783231888,
      "profit_factor": 0.6861147314672529,
      "windows": 10
    },
    {
      "entry_policy": "vwap_low",
      "feature_group": "reversal_fundamental_regime",
      "model_name": "xgb_d2_200_lr003_mcw5",
      "target_hit_bps": 50.0,
      "trades": 191,
      "win_rate": 0.8010471204188482,
      "avg_return": -0.0018041135419312722,
      "median_return": 0.005,
      "compound_return": -0.311052889537502,
      "max_drawdown": -0.3601771865952975,
      "profit_factor": 0.6894465288273007,
      "windows": 10
    },
    {
      "entry_policy": "vwap_low",
      "feature_group": "reversal_fundamental_regime_sector_external",
      "model_name": "lgbm_leaves15_700",
      "target_hit_bps": 50.0,
      "trades": 181,
      "win_rate": 0.7513812154696132,
      "avg_return": -0.001965227978025086,
      "median_return": 0.005,
      "compound_return": -0.31708869130591033,
      "max_drawdown": -0.33722222926246825,
      "profit_factor": 0.6556402834086786,
      "windows": 10
    },
    {
      "entry_policy": "vwap_low",
      "feature_group": "all_no_ak",
      "model_name": "xgb_d4_500_lr002_mcw5",
      "target_hit_bps": 50.0,
      "trades": 188,
      "win_rate": 0.7712765957446809,
      "avg_return": -0.0019053393254086551,
      "median_return": 0.005,
      "compound_return": -0.3194254254057536,
      "max_drawdown": -0.3523450452011927,
      "profit_factor": 0.6693108024240897,
      "windows": 10
    },
    {
      "entry_policy": "vwap_low",
      "feature_group": "reversal_fundamental_regime_sector",
      "model_name": "extra_trees_600_d3",
      "target_hit_bps": 50.0,
      "trades": 235,
      "win_rate": 0.7829787234042553,
      "avg_return": -0.0015169200204136963,
      "median_return": 0.005,
      "compound_return": -0.3213935399201603,
      "max_drawdown": -0.4336741400992754,
      "profit_factor": 0.7207192870915157,
      "windows": 10
    },
    {
      "entry_policy": "vwap_low",
      "feature_group": "reversal_fundamental_regime_sector",
      "model_name": "xgb_d2_200_lr003_mcw5",
      "target_hit_bps": 50.0,
      "trades": 202,
      "win_rate": 0.7970297029702971,
      "avg_return": -0.0017753634576451519,
      "median_return": 0.005,
      "compound_return": -0.32209658403943886,
      "max_drawdown": -0.39035835195168733,
      "profit_factor": 0.6909825654314403,
      "windows": 10
    },
    {
      "entry_policy": "vwap_low",
      "feature_group": "reversal_fundamental_regime_sector_external",
      "model_name": "xgb_d4_500_lr002_mcw5",
      "target_hit_bps": 50.0,
      "trades": 176,
      "win_rate": 0.75,
      "avg_return": -0.0021335066420805453,
      "median_return": 0.005,
      "compound_return": -0.3293858180214263,
      "max_drawdown": -0.35239483885269673,
      "profit_factor": 0.6362638391431019,
      "windows": 10
    }
  ]
}

[2026-05-18T08:20:35] RUN search_vwap_low_hit_80bps
  /usr/bin/python3 model_training/search_walk_forward_model_complexity.py --samples /root/stock_realtime_v021_full/saved_data/600361_pipeline_out_v2_new27_full/04_external/zijin_external/training_samples_with_zijin_external.csv --intraday-bars /root/stock_realtime_v021_full/saved_data/600361_pipeline_out_v2_new27_full/00_base/600361_5m.csv --out-dir /root/stock_realtime_v021_full/saved_data/600361_pipeline_out_v2_new27_full/10_search/search_vwap_low_hit_80bps --round-trip-cost-bps 1.7 --target-hit-bps 80.0 --label-mode hit --entry-policy vwap_low --entry-vwap-premium-bps 50.0 --max-missing 0.35 --groups reversal_fundamental_regime,reversal_fundamental_regime_sector,reversal_fundamental_regime_sector_external,all_no_ak --models xgb_d2_200_lr003_mcw5,xgb_d3_400_lr003_mcw3,xgb_d3_600_lr002_mcw3,xgb_d4_500_lr002_mcw5,lgbm_leaves7_400,lgbm_leaves15_700,extra_trees_600_d3,random_forest_600_d4 --quantiles 0.5,0.6,0.7,0.8 --train-rows 756 --valid-rows 126 --test-rows 63 --min-valid-trades 8 --min-train-entries 80
{
  "rows": 1528,
  "target_hit_bps": 80.0,
  "label_mode": "hit",
  "entry_policy": "vwap_low",
  "entry_vwap_premium_bps": 50.0,
  "groups": {
    "reversal_fundamental_regime": 137,
    "reversal_fundamental_regime_sector": 160,
    "reversal_fundamental_regime_sector_external": 371,
    "all_no_ak": 426
  },
  "models": [
    "xgb_d2_200_lr003_mcw5",
    "xgb_d3_400_lr003_mcw3",
    "xgb_d3_600_lr002_mcw3",
    "xgb_d4_500_lr002_mcw5",
    "extra_trees_600_d3",
    "random_forest_600_d4",
    "lgbm_leaves7_400",
    "lgbm_leaves15_700"
  ],
  "top": [
    {
      "entry_policy": "vwap_low",
      "feature_group": "reversal_fundamental_regime_sector_external",
      "model_name": "lgbm_leaves15_700",
      "target_hit_bps": 80.0,
      "trades": 119,
      "win_rate": 0.6890756302521008,
      "avg_return": 8.958619201430282e-05,
      "median_return": 0.008,
      "compound_return": -0.004563124629841431,
      "max_drawdown": -0.15387026024837824,
      "profit_factor": 1.0165196165626942,
      "windows": 10
    },
    {
      "entry_policy": "vwap_low",
      "feature_group": "reversal_fundamental_regime_sector_external",
      "model_name": "lgbm_leaves7_400",
      "target_hit_bps": 80.0,
      "trades": 144,
      "win_rate": 0.6805555555555556,
      "avg_return": -0.0009128627058514189,
      "median_return": 0.008,
      "compound_return": -0.1410361940087077,
      "max_drawdown": -0.21645459680361234,
      "profit_factor": 0.8555423018165161,
      "windows": 10
    },
    {
      "entry_policy": "vwap_low",
      "feature_group": "reversal_fundamental_regime_sector_external",
      "model_name": "xgb_d4_500_lr002_mcw5",
      "target_hit_bps": 80.0,
      "trades": 169,
      "win_rate": 0.6982248520710059,
      "avg_return": -0.0007855022766125392,
      "median_return": 0.008,
      "compound_return": -0.14537359838919728,
      "max_drawdown": -0.25007723922015324,
      "profit_factor": 0.8760815428911124,
      "windows": 10
    },
    {
      "entry_policy": "vwap_low",
      "feature_group": "reversal_fundamental_regime_sector_external",
      "model_name": "xgb_d3_600_lr002_mcw3",
      "target_hit_bps": 80.0,
      "trades": 155,
      "win_rate": 0.6967741935483871,
      "avg_return": -0.001006734777332854,
      "median_return": 0.008,
      "compound_return": -0.16524019811601343,
      "max_drawdown": -0.22163401531778537,
      "profit_factor": 0.8453473997510467,
      "windows": 10
    },
    {
      "entry_policy": "vwap_low",
      "feature_group": "all_no_ak",
      "model_name": "xgb_d4_500_lr002_mcw5",
      "target_hit_bps": 80.0,
      "trades": 175,
      "win_rate": 0.6857142857142857,
      "avg_return": -0.0009695764099796728,
      "median_return": 0.008,
      "compound_return": -0.1776467158393774,
      "max_drawdown": -0.33027830426806715,
      "profit_factor": 0.8498012784108342,
      "windows": 10
    },
    {
      "entry_policy": "vwap_low",
      "feature_group": "all_no_ak",
      "model_name": "lgbm_leaves15_700",
      "target_hit_bps": 80.0,
      "trades": 149,
      "win_rate": 0.6778523489932886,
      "avg_return": -0.0013590334523763583,
      "median_return": 0.008,
      "compound_return": -0.20365484910048426,
      "max_drawdown": -0.24712165967974342,
      "profit_factor": 0.7973867990034635,
      "windows": 10
    },
    {
      "entry_policy": "vwap_low",
      "feature_group": "reversal_fundamental_regime_sector",
      "model_name": "xgb_d2_200_lr003_mcw5",
      "target_hit_bps": 80.0,
      "trades": 174,
      "win_rate": 0.7011494252873564,
      "avg_return": -0.0012151020064170386,
      "median_return": 0.008,
      "compound_return": -0.21358367313012128,
      "max_drawdown": -0.3285132830092381,
      "profit_factor": 0.818481954560058,
      "windows": 10
    },
    {
      "entry_policy": "vwap_low",
      "feature_group": "reversal_fundamental_regime_sector_external",
      "model_name": "xgb_d2_200_lr003_mcw5",
      "target_hit_bps": 80.0,
      "trades": 160,
      "win_rate": 0.675,
      "avg_return": -0.001471171651979274,
      "median_return": 0.008,
      "compound_return": -0.23122726215550315,
      "max_drawdown": -0.349757600134436,
      "profit_factor": 0.7836518659677458,
      "windows": 10
    },
    {
      "entry_policy": "vwap_low",
      "feature_group": "reversal_fundamental_regime",
      "model_name": "xgb_d2_200_lr003_mcw5",
      "target_hit_bps": 80.0,
      "trades": 169,
      "win_rate": 0.6982248520710059,
      "avg_return": -0.0014125981903195485,
      "median_return": 0.008,
      "compound_return": -0.2346767968622966,
      "max_drawdown": -0.28533024024105214,
      "profit_factor": 0.7952191242638066,
      "windows": 10
    },
    {
      "entry_policy": "vwap_low",
      "feature_group": "all_no_ak",
      "model_name": "xgb_d3_400_lr003_mcw3",
      "target_hit_bps": 80.0,
      "trades": 183,
      "win_rate": 0.6939890710382514,
      "avg_return": -0.0014096284731384863,
      "median_return": 0.008,
      "compound_return": -0.25024911965700003,
      "max_drawdown": -0.3356958694916201,
      "profit_factor": 0.7938666824773302,
      "windows": 10
    },
    {
      "entry_policy": "vwap_low",
      "feature_group": "all_no_ak",
      "model_name": "lgbm_leaves7_400",
      "target_hit_bps": 80.0,
      "trades": 171,
      "win_rate": 0.6666666666666666,
      "avg_return": -0.0015291729473299583,
      "median_return": 0.008,
      "compound_return": -0.2504498853898641,
      "max_drawdown": -0.2876826204765025,
      "profit_factor": 0.7761028397902527,
      "windows": 10
    },
    {
      "entry_policy": "vwap_low",
      "feature_group": "reversal_fundamental_regime",
      "model_name": "xgb_d3_400_lr003_mcw3",
      "target_hit_bps": 80.0,
      "trades": 162,
      "win_rate": 0.7037037037037037,
      "avg_return": -0.0016719510347552775,
      "median_return": 0.008,
      "compound_return": -0.2625535111143441,
      "max_drawdown": -0.38063186907910573,
      "profit_factor": 0.7659272214133873,
      "windows": 10
    },
    {
      "entry_policy": "vwap_low",
      "feature_group": "reversal_fundamental_regime_sector",
      "model_name": "random_forest_600_d4",
      "target_hit_bps": 80.0,
      "trades": 145,
      "win_rate": 0.7241379310344828,
      "avg_return": -0.002087796553240252,
      "median_return": 0.008,
      "compound_return": -0.28524171132585463,
      "max_drawdown": -0.33409783544745564,
      "profit_factor": 0.7310925860403696,
      "windows": 10
    },
    {
      "entry_policy": "vwap_low",
      "feature_group": "reversal_fundamental_regime",
      "model_name": "lgbm_leaves7_400",
      "target_hit_bps": 80.0,
      "trades": 152,
      "win_rate": 0.6907894736842105,
      "avg_return": -0.002018401825487164,
      "median_return": 0.008,
      "compound_return": -0.287090359553443,
      "max_drawdown": -0.35243937096968525,
      "profit_factor": 0.7270669126251633,
      "windows": 10
    },
    {
      "entry_policy": "vwap_low",
      "feature_group": "all_no_ak",
      "model_name": "xgb_d3_600_lr002_mcw3",
      "target_hit_bps": 80.0,
      "trades": 183,
      "win_rate": 0.6885245901639344,
      "avg_return": -0.0016934812767309439,
      "median_return": 0.008,
      "compound_return": -0.28993257183106713,
      "max_drawdown": -0.30206141299751044,
      "profit_factor": 0.7637911769058349,
      "windows": 10
    },
    {
      "entry_policy": "vwap_low",
      "feature_group": "reversal_fundamental_regime_sector",
      "model_name": "xgb_d4_500_lr002_mcw5",
      "target_hit_bps": 80.0,
      "trades": 193,
      "win_rate": 0.6994818652849741,
      "avg_return": -0.0016660098317250063,
      "median_return": 0.008,
      "compound_return": -0.30211041745610656,
      "max_drawdown": -0.3641167136734782,
      "profit_factor": 0.7667764464997585,
      "windows": 10
    },
    {
      "entry_policy": "vwap_low",
      "feature_group": "reversal_fundamental_regime",
      "model_name": "lgbm_leaves15_700",
      "target_hit_bps": 80.0,
      "trades": 127,
      "win_rate": 0.6692913385826772,
      "avg_return": -0.00265379715006312,
      "median_return": 0.008,
      "compound_return": -0.3069643458985041,
      "max_drawdown": -0.3280489595746232,
      "profit_factor": 0.6611822225704348,
      "windows": 10
    },
    {
      "entry_policy": "vwap_low",
      "feature_group": "reversal_fundamental_regime_sector_external",
      "model_name": "random_forest_600_d4",
      "target_hit_bps": 80.0,
      "trades": 144,
      "win_rate": 0.6736111111111112,
      "avg_return": -0.0023992738869364053,
      "median_return": 0.008,
      "compound_return": -0.3125841598466391,
      "max_drawdown": -0.3402721540418545,
      "profit_factor": 0.6872932278498599,
      "windows": 10
    },
    {
      "entry_policy": "vwap_low",
      "feature_group": "reversal_fundamental_regime",
      "model_name": "xgb_d3_600_lr002_mcw3",
      "target_hit_bps": 80.0,
      "trades": 163,
      "win_rate": 0.6809815950920245,
      "avg_return": -0.0020937488738169987,
      "median_return": 0.008,
      "compound_return": -0.3132141627166657,
      "max_drawdown": -0.356073158503194,
      "profit_factor": 0.717144989250805,
      "windows": 10
    },
    {
      "entry_policy": "vwap_low",
      "feature_group": "reversal_fundamental_regime_sector_external",
      "model_name": "xgb_d3_400_lr003_mcw3",
      "target_hit_bps": 80.0,
      "trades": 174,
      "win_rate": 0.6781609195402298,
      "avg_return": -0.0019844643581009348,
      "median_return": 0.008,
      "compound_return": -0.3134504411164498,
      "max_drawdown": -0.3382892692684951,
      "profit_factor": 0.7286084983985955,
      "windows": 10
    }
  ]
}

[2026-05-18T08:39:05] RUN search_vwap_low_close_profit_50bps
  /usr/bin/python3 model_training/search_walk_forward_model_complexity.py --samples /root/stock_realtime_v021_full/saved_data/600361_pipeline_out_v2_new27_full/04_external/zijin_external/training_samples_with_zijin_external.csv --intraday-bars /root/stock_realtime_v021_full/saved_data/600361_pipeline_out_v2_new27_full/00_base/600361_5m.csv --out-dir /root/stock_realtime_v021_full/saved_data/600361_pipeline_out_v2_new27_full/10_search/search_vwap_low_close_profit_50bps --round-trip-cost-bps 1.7 --target-hit-bps 50.0 --label-mode close_profit --entry-policy vwap_low --entry-vwap-premium-bps 50.0 --max-missing 0.35 --groups reversal_fundamental_regime,reversal_fundamental_regime_sector,reversal_fundamental_regime_sector_external,all_no_ak --models xgb_d2_200_lr003_mcw5,xgb_d3_400_lr003_mcw3,xgb_d3_600_lr002_mcw3,xgb_d4_500_lr002_mcw5,lgbm_leaves7_400,lgbm_leaves15_700,extra_trees_600_d3,random_forest_600_d4 --quantiles 0.5,0.6,0.7,0.8 --train-rows 756 --valid-rows 126 --test-rows 63 --min-valid-trades 8 --min-train-entries 80
{
  "rows": 1528,
  "target_hit_bps": 50.0,
  "label_mode": "close_profit",
  "entry_policy": "vwap_low",
  "entry_vwap_premium_bps": 50.0,
  "groups": {
    "reversal_fundamental_regime": 137,
    "reversal_fundamental_regime_sector": 160,
    "reversal_fundamental_regime_sector_external": 371,
    "all_no_ak": 426
  },
  "models": [
    "xgb_d2_200_lr003_mcw5",
    "xgb_d3_400_lr003_mcw3",
    "xgb_d3_600_lr002_mcw3",
    "xgb_d4_500_lr002_mcw5",
    "extra_trees_600_d3",
    "random_forest_600_d4",
    "lgbm_leaves7_400",
    "lgbm_leaves15_700"
  ],
  "top": [
    {
      "entry_policy": "vwap_low",
      "feature_group": "reversal_fundamental_regime",
      "model_name": "random_forest_600_d4",
      "target_hit_bps": 50.0,
      "trades": 118,
      "win_rate": 0.576271186440678,
      "avg_return": 0.005876774437417934,
      "median_return": 0.0024686877576026757,
      "compound_return": 0.9215264975216528,
      "max_drawdown": -0.14519774576848365,
      "profit_factor": 1.9919344573528568,
      "windows": 10
    },
    {
      "entry_policy": "vwap_low",
      "feature_group": "all_no_ak",
      "model_name": "xgb_d2_200_lr003_mcw5",
      "target_hit_bps": 50.0,
      "trades": 125,
      "win_rate": 0.544,
      "avg_return": 0.0054244655812978404,
      "median_return": 0.002166448598130758,
      "compound_return": 0.8777093096861612,
      "max_drawdown": -0.1726518230699512,
      "profit_factor": 1.8139134079046955,
      "windows": 10
    },
    {
      "entry_policy": "vwap_low",
      "feature_group": "all_no_ak",
      "model_name": "xgb_d4_500_lr002_mcw5",
      "target_hit_bps": 50.0,
      "trades": 176,
      "win_rate": 0.5284090909090909,
      "avg_return": 0.0035567461109943317,
      "median_return": 0.0021972650664514627,
      "compound_return": 0.7647280553214264,
      "max_drawdown": -0.17021916427097183,
      "profit_factor": 1.49500884591363,
      "windows": 10
    },
    {
      "entry_policy": "vwap_low",
      "feature_group": "all_no_ak",
      "model_name": "lgbm_leaves15_700",
      "target_hit_bps": 50.0,
      "trades": 146,
      "win_rate": 0.5342465753424658,
      "avg_return": 0.003918422934136309,
      "median_return": 0.0022545057061005326,
      "compound_return": 0.6889727078552748,
      "max_drawdown": -0.16753433369299275,
      "profit_factor": 1.6166775567473326,
      "windows": 10
    },
    {
      "entry_policy": "vwap_low",
      "feature_group": "reversal_fundamental_regime",
      "model_name": "extra_trees_600_d3",
      "target_hit_bps": 50.0,
      "trades": 163,
      "win_rate": 0.50920245398773,
      "avg_return": 0.0033722387850093414,
      "median_return": 0.0018918556701030854,
      "compound_return": 0.6734293751069891,
      "max_drawdown": -0.11390702248334728,
      "profit_factor": 1.5861750271901813,
      "windows": 10
    },
    {
      "entry_policy": "vwap_low",
      "feature_group": "reversal_fundamental_regime_sector",
      "model_name": "xgb_d2_200_lr003_mcw5",
      "target_hit_bps": 50.0,
      "trades": 109,
      "win_rate": 0.5596330275229358,
      "avg_return": 0.004931881288344839,
      "median_return": 0.0022454589371983004,
      "compound_return": 0.6314011841959246,
      "max_drawdown": -0.21435781129240028,
      "profit_factor": 1.615671295277829,
      "windows": 10
    },
    {
      "entry_policy": "vwap_low",
      "feature_group": "reversal_fundamental_regime_sector_external",
      "model_name": "lgbm_leaves7_400",
      "target_hit_bps": 50.0,
      "trades": 179,
      "win_rate": 0.5195530726256983,
      "avg_return": 0.002920570453076201,
      "median_return": 0.0020621428571427937,
      "compound_return": 0.5903206915233445,
      "max_drawdown": -0.21435781129240017,
      "profit_factor": 1.403059684769768,
      "windows": 10
    },
    {
      "entry_policy": "vwap_low",
      "feature_group": "reversal_fundamental_regime_sector",
      "model_name": "lgbm_leaves7_400",
      "target_hit_bps": 50.0,
      "trades": 105,
      "win_rate": 0.5714285714285714,
      "avg_return": 0.004842357167479015,
      "median_return": 0.002503796791443861,
      "compound_return": 0.5786867556758506,
      "max_drawdown": -0.1928872248026242,
      "profit_factor": 1.571751526591192,
      "windows": 10
    },
    {
      "entry_policy": "vwap_low",
      "feature_group": "reversal_fundamental_regime_sector",
      "model_name": "xgb_d3_600_lr002_mcw3",
      "target_hit_bps": 50.0,
      "trades": 165,
      "win_rate": 0.5333333333333333,
      "avg_return": 0.0031542552278270228,
      "median_return": 0.0022166348448686736,
      "compound_return": 0.5641406912888425,
      "max_drawdown": -0.1833293236501894,
      "profit_factor": 1.382489958652438,
      "windows": 10
    },
    {
      "entry_policy": "vwap_low",
      "feature_group": "reversal_fundamental_regime_sector",
      "model_name": "extra_trees_600_d3",
      "target_hit_bps": 50.0,
      "trades": 172,
      "win_rate": 0.5,
      "avg_return": 0.0028410032059092384,
      "median_return": 0.0007407468123861206,
      "compound_return": 0.5453492274419811,
      "max_drawdown": -0.22750308712667944,
      "profit_factor": 1.4001388487874113,
      "windows": 10
    },
    {
      "entry_policy": "vwap_low",
      "feature_group": "reversal_fundamental_regime_sector",
      "model_name": "random_forest_600_d4",
      "target_hit_bps": 50.0,
      "trades": 161,
      "win_rate": 0.5093167701863354,
      "avg_return": 0.0029908440812727185,
      "median_return": 0.0020039130434783593,
      "compound_return": 0.5158674405858146,
      "max_drawdown": -0.21541999557957225,
      "profit_factor": 1.3629231041648915,
      "windows": 10
    },
    {
      "entry_policy": "vwap_low",
      "feature_group": "reversal_fundamental_regime_sector_external",
      "model_name": "xgb_d2_200_lr003_mcw5",
      "target_hit_bps": 50.0,
      "trades": 153,
      "win_rate": 0.5098039215686274,
      "avg_return": 0.002993775166235402,
      "median_return": 0.0019264360587001352,
      "compound_return": 0.4981958821586938,
      "max_drawdown": -0.20713119908797628,
      "profit_factor": 1.3969402387604894,
      "windows": 10
    },
    {
      "entry_policy": "vwap_low",
      "feature_group": "reversal_fundamental_regime_sector_external",
      "model_name": "lgbm_leaves15_700",
      "target_hit_bps": 50.0,
      "trades": 124,
      "win_rate": 0.5403225806451613,
      "avg_return": 0.003591313777617101,
      "median_return": 0.002236770235985234,
      "compound_return": 0.4975771469899659,
      "max_drawdown": -0.2073923489287114,
      "profit_factor": 1.492384661496963,
      "windows": 10
    },
    {
      "entry_policy": "vwap_low",
      "feature_group": "reversal_fundamental_regime_sector",
      "model_name": "xgb_d4_500_lr002_mcw5",
      "target_hit_bps": 50.0,
      "trades": 190,
      "win_rate": 0.5368421052631579,
      "avg_return": 0.0023875952394439813,
      "median_return": 0.002191541721499716,
      "compound_return": 0.4691791793142286,
      "max_drawdown": -0.21388591515736166,
      "profit_factor": 1.3046586245534515,
      "windows": 10
    },
    {
      "entry_policy": "vwap_low",
      "feature_group": "reversal_fundamental_regime_sector_external",
      "model_name": "random_forest_600_d4",
      "target_hit_bps": 50.0,
      "trades": 113,
      "win_rate": 0.5486725663716814,
      "avg_return": 0.0032957150750209468,
      "median_return": 0.0022454589371983004,
      "compound_return": 0.39740613721021223,
      "max_drawdown": -0.13469744257774197,
      "profit_factor": 1.4576477944113562,
      "windows": 10
    },
    {
      "entry_policy": "vwap_low",
      "feature_group": "reversal_fundamental_regime_sector",
      "model_name": "lgbm_leaves15_700",
      "target_hit_bps": 50.0,
      "trades": 156,
      "win_rate": 0.5384615384615384,
      "avg_return": 0.0025325626883799714,
      "median_return": 0.002236770235985234,
      "compound_return": 0.3924076560005081,
      "max_drawdown": -0.2258062096818504,
      "profit_factor": 1.2894549866290212,
      "windows": 10
    },
    {
      "entry_policy": "vwap_low",
      "feature_group": "reversal_fundamental_regime_sector_external",
      "model_name": "xgb_d4_500_lr002_mcw5",
      "target_hit_bps": 50.0,
      "trades": 163,
      "win_rate": 0.5030674846625767,
      "avg_return": 0.0022281353239693882,
      "median_return": 0.0018583975659229902,
      "compound_return": 0.36078957511747034,
      "max_drawdown": -0.24939287412336597,
      "profit_factor": 1.2862120859523736,
      "windows": 10
    },
    {
      "entry_policy": "vwap_low",
      "feature_group": "all_no_ak",
      "model_name": "lgbm_leaves7_400",
      "target_hit_bps": 50.0,
      "trades": 137,
      "win_rate": 0.5328467153284672,
      "avg_return": 0.002244533268601023,
      "median_return": 0.002097573696145053,
      "compound_return": 0.2955886988178129,
      "max_drawdown": -0.1795618992891419,
      "profit_factor": 1.2843401016156986,
      "windows": 10
    },
    {
      "entry_policy": "vwap_low",
      "feature_group": "reversal_fundamental_regime_sector_external",
      "model_name": "xgb_d3_400_lr003_mcw3",
      "target_hit_bps": 50.0,
      "trades": 145,
      "win_rate": 0.4896551724137931,
      "avg_return": 0.002143074105942275,
      "median_return": -0.00016999999999999999,
      "compound_return": 0.2935138456105726,
      "max_drawdown": -0.17377039364340952,
      "profit_factor": 1.2619255461605763,
      "windows": 10
    },
    {
      "entry_policy": "vwap_low",
      "feature_group": "reversal_fundamental_regime",
      "model_name": "xgb_d2_200_lr003_mcw5",
      "target_hit_bps": 50.0,
      "trades": 148,
      "win_rate": 0.49324324324324326,
      "avg_return": 0.0019689857970293175,
      "median_return": -0.00016999999999999999,
      "compound_return": 0.24511640313016558,
      "max_drawdown": -0.25115442029068724,
      "profit_factor": 1.2104873005385302,
      "windows": 10
    }
  ]
}

[2026-05-18T08:57:31] RUN search_all_days_hit_50bps
  /usr/bin/python3 model_training/search_walk_forward_model_complexity.py --samples /root/stock_realtime_v021_full/saved_data/600361_pipeline_out_v2_new27_full/04_external/zijin_external/training_samples_with_zijin_external.csv --intraday-bars /root/stock_realtime_v021_full/saved_data/600361_pipeline_out_v2_new27_full/00_base/600361_5m.csv --out-dir /root/stock_realtime_v021_full/saved_data/600361_pipeline_out_v2_new27_full/10_search/search_all_days_hit_50bps --round-trip-cost-bps 1.7 --target-hit-bps 50.0 --label-mode hit --entry-policy all_days --entry-vwap-premium-bps 50.0 --max-missing 0.35 --groups reversal_fundamental_regime,reversal_fundamental_regime_sector,reversal_fundamental_regime_sector_external,all_no_ak --models xgb_d2_200_lr003_mcw5,xgb_d3_400_lr003_mcw3,xgb_d3_600_lr002_mcw3,xgb_d4_500_lr002_mcw5,lgbm_leaves7_400,lgbm_leaves15_700,extra_trees_600_d3,random_forest_600_d4 --quantiles 0.5,0.6,0.7,0.8 --train-rows 756 --valid-rows 126 --test-rows 63 --min-valid-trades 8 --min-train-entries 80
{
  "rows": 1528,
  "target_hit_bps": 50.0,
  "label_mode": "hit",
  "entry_policy": "all_days",
  "entry_vwap_premium_bps": 50.0,
  "groups": {
    "reversal_fundamental_regime": 137,
    "reversal_fundamental_regime_sector": 160,
    "reversal_fundamental_regime_sector_external": 371,
    "all_no_ak": 426
  },
  "models": [
    "xgb_d2_200_lr003_mcw5",
    "xgb_d3_400_lr003_mcw3",
    "xgb_d3_600_lr002_mcw3",
    "xgb_d4_500_lr002_mcw5",
    "extra_trees_600_d3",
    "random_forest_600_d4",
    "lgbm_leaves7_400",
    "lgbm_leaves15_700"
  ],
  "top": [
    {
      "entry_policy": "all_days",
      "feature_group": "reversal_fundamental_regime_sector",
      "model_name": "xgb_d3_400_lr003_mcw3",
      "target_hit_bps": 50.0,
      "trades": 153,
      "win_rate": 0.8562091503267973,
      "avg_return": 0.0002058688320519935,
      "median_return": 0.005,
      "compound_return": 0.014918622674376492,
      "max_drawdown": -0.21984779606874016,
      "profit_factor": 1.0505177655141191,
      "windows": 10
    },
    {
      "entry_policy": "all_days",
      "feature_group": "reversal_fundamental_regime_sector",
      "model_name": "xgb_d4_500_lr002_mcw5",
      "target_hit_bps": 50.0,
      "trades": 171,
      "win_rate": 0.8304093567251462,
      "avg_return": -0.0008322809351225453,
      "median_return": 0.005,
      "compound_return": -0.1530812267713354,
      "max_drawdown": -0.2945218819519494,
      "profit_factor": 0.8330071077264611,
      "windows": 10
    },
    {
      "entry_policy": "all_days",
      "feature_group": "reversal_fundamental_regime_sector",
      "model_name": "xgb_d3_600_lr002_mcw3",
      "target_hit_bps": 50.0,
      "trades": 150,
      "win_rate": 0.8133333333333334,
      "avg_return": -0.0010241363198254987,
      "median_return": 0.005,
      "compound_return": -0.15980711402587977,
      "max_drawdown": -0.2514738314399523,
      "profit_factor": 0.7988261728959218,
      "windows": 10
    },
    {
      "entry_policy": "all_days",
      "feature_group": "reversal_fundamental_regime_sector_external",
      "model_name": "xgb_d3_600_lr002_mcw3",
      "target_hit_bps": 50.0,
      "trades": 141,
      "win_rate": 0.7872340425531915,
      "avg_return": -0.0015983382495522345,
      "median_return": 0.005,
      "compound_return": -0.21834449983620374,
      "max_drawdown": -0.26741742349899045,
      "profit_factor": 0.7112050220115205,
      "windows": 10
    },
    {
      "entry_policy": "all_days",
      "feature_group": "reversal_fundamental_regime_sector",
      "model_name": "lgbm_leaves15_700",
      "target_hit_bps": 50.0,
      "trades": 141,
      "win_rate": 0.8085106382978723,
      "avg_return": -0.001733850298420564,
      "median_return": 0.005,
      "compound_return": -0.23529929899488555,
      "max_drawdown": -0.2939549316998773,
      "profit_factor": 0.6998391297544899,
      "windows": 10
    },
    {
      "entry_policy": "all_days",
      "feature_group": "reversal_fundamental_regime",
      "model_name": "random_forest_600_d4",
      "target_hit_bps": 50.0,
      "trades": 160,
      "win_rate": 0.825,
      "avg_return": -0.0016345340395503359,
      "median_return": 0.005,
      "compound_return": -0.24939691994342017,
      "max_drawdown": -0.3503309420747537,
      "profit_factor": 0.71620377129016,
      "windows": 10
    },
    {
      "entry_policy": "all_days",
      "feature_group": "all_no_ak",
      "model_name": "xgb_d3_400_lr003_mcw3",
      "target_hit_bps": 50.0,
      "trades": 217,
      "win_rate": 0.7972350230414746,
      "avg_return": -0.001281506509734179,
      "median_return": 0.005,
      "compound_return": -0.2640475664194679,
      "max_drawdown": -0.3166093904214826,
      "profit_factor": 0.7567083977232777,
      "windows": 10
    },
    {
      "entry_policy": "all_days",
      "feature_group": "reversal_fundamental_regime",
      "model_name": "lgbm_leaves15_700",
      "target_hit_bps": 50.0,
      "trades": 212,
      "win_rate": 0.7924528301886793,
      "avg_return": -0.0013290520308331,
      "median_return": 0.005,
      "compound_return": -0.2670344708238904,
      "max_drawdown": -0.31966943531530956,
      "profit_factor": 0.7481289276955007,
      "windows": 10
    },
    {
      "entry_policy": "all_days",
      "feature_group": "reversal_fundamental_regime",
      "model_name": "lgbm_leaves7_400",
      "target_hit_bps": 50.0,
      "trades": 195,
      "win_rate": 0.7897435897435897,
      "avg_return": -0.0014926866370048493,
      "median_return": 0.005,
      "compound_return": -0.2726040020325685,
      "max_drawdown": -0.3165593664048745,
      "profit_factor": 0.7248773284359841,
      "windows": 10
    },
    {
      "entry_policy": "all_days",
      "feature_group": "reversal_fundamental_regime_sector",
      "model_name": "random_forest_600_d4",
      "target_hit_bps": 50.0,
      "trades": 173,
      "win_rate": 0.8208092485549133,
      "avg_return": -0.0018013877232040424,
      "median_return": 0.005,
      "compound_return": -0.2885502376072565,
      "max_drawdown": -0.4061902685591262,
      "profit_factor": 0.69496099125282,
      "windows": 10
    },
    {
      "entry_policy": "all_days",
      "feature_group": "all_no_ak",
      "model_name": "lgbm_leaves15_700",
      "target_hit_bps": 50.0,
      "trades": 220,
      "win_rate": 0.7545454545454545,
      "avg_return": -0.0014288020004325677,
      "median_return": 0.005,
      "compound_return": -0.2890005282440973,
      "max_drawdown": -0.32579226476987555,
      "profit_factor": 0.7245497454382412,
      "windows": 10
    },
    {
      "entry_policy": "all_days",
      "feature_group": "reversal_fundamental_regime",
      "model_name": "extra_trees_600_d3",
      "target_hit_bps": 50.0,
      "trades": 212,
      "win_rate": 0.8018867924528302,
      "avg_return": -0.0015504810830013756,
      "median_return": 0.005,
      "compound_return": -0.30176324525022813,
      "max_drawdown": -0.40925858114856994,
      "profit_factor": 0.7211161555540534,
      "windows": 10
    },
    {
      "entry_policy": "all_days",
      "feature_group": "all_no_ak",
      "model_name": "lgbm_leaves7_400",
      "target_hit_bps": 50.0,
      "trades": 204,
      "win_rate": 0.7549019607843137,
      "avg_return": -0.001715747464773682,
      "median_return": 0.005,
      "compound_return": -0.3126902305582655,
      "max_drawdown": -0.3622336653735637,
      "profit_factor": 0.6866262855381307,
      "windows": 10
    },
    {
      "entry_policy": "all_days",
      "feature_group": "reversal_fundamental_regime_sector",
      "model_name": "extra_trees_600_d3",
      "target_hit_bps": 50.0,
      "trades": 252,
      "win_rate": 0.7936507936507936,
      "avg_return": -0.0013602336865962106,
      "median_return": 0.005,
      "compound_return": -0.312990789856317,
      "max_drawdown": -0.39699207377011037,
      "profit_factor": 0.7447113288461454,
      "windows": 10
    },
    {
      "entry_policy": "all_days",
      "feature_group": "reversal_fundamental_regime_sector_external",
      "model_name": "xgb_d2_200_lr003_mcw5",
      "target_hit_bps": 50.0,
      "trades": 176,
      "win_rate": 0.7556818181818182,
      "avg_return": -0.00205376955752048,
      "median_return": 0.005,
      "compound_return": -0.31930458248410776,
      "max_drawdown": -0.34592984501346224,
      "profit_factor": 0.6478555131239854,
      "windows": 10
    },
    {
      "entry_policy": "all_days",
      "feature_group": "reversal_fundamental_regime_sector_external",
      "model_name": "random_forest_600_d4",
      "target_hit_bps": 50.0,
      "trades": 186,
      "win_rate": 0.7688172043010753,
      "avg_return": -0.0020163128214132305,
      "median_return": 0.005,
      "compound_return": -0.32976400086945945,
      "max_drawdown": -0.3628110766765372,
      "profit_factor": 0.6559427309542875,
      "windows": 10
    },
    {
      "entry_policy": "all_days",
      "feature_group": "reversal_fundamental_regime_sector_external",
      "model_name": "lgbm_leaves15_700",
      "target_hit_bps": 50.0,
      "trades": 230,
      "win_rate": 0.7565217391304347,
      "avg_return": -0.0016346455243335994,
      "median_return": 0.005,
      "compound_return": -0.33278906680746667,
      "max_drawdown": -0.35245972751764076,
      "profit_factor": 0.6975829540426963,
      "windows": 10
    },
    {
      "entry_policy": "all_days",
      "feature_group": "reversal_fundamental_regime",
      "model_name": "xgb_d3_400_lr003_mcw3",
      "target_hit_bps": 50.0,
      "trades": 231,
      "win_rate": 0.7619047619047619,
      "avg_return": -0.0017212823026270894,
      "median_return": 0.005,
      "compound_return": -0.3478743371435965,
      "max_drawdown": -0.3745858567540429,
      "profit_factor": 0.6879731802601627,
      "windows": 10
    },
    {
      "entry_policy": "all_days",
      "feature_group": "reversal_fundamental_regime_sector",
      "model_name": "xgb_d2_200_lr003_mcw5",
      "target_hit_bps": 50.0,
      "trades": 194,
      "win_rate": 0.788659793814433,
      "avg_return": -0.002052283069219203,
      "median_return": 0.005,
      "compound_return": -0.34870289534433996,
      "max_drawdown": -0.3834724783129604,
      "profit_factor": 0.6567874335687762,
      "windows": 10
    },
    {
      "entry_policy": "all_days",
      "feature_group": "reversal_fundamental_regime",
      "model_name": "xgb_d2_200_lr003_mcw5",
      "target_hit_bps": 50.0,
      "trades": 238,
      "win_rate": 0.7773109243697479,
      "avg_return": -0.0017356594817713512,
      "median_return": 0.005,
      "compound_return": -0.3597131729128573,
      "max_drawdown": -0.3908644455958262,
      "profit_factor": 0.6912347660949091,
      "windows": 10
    }
  ]
}

[2026-05-18T09:16:03] RUN search_all_days_hit_80bps
  /usr/bin/python3 model_training/search_walk_forward_model_complexity.py --samples /root/stock_realtime_v021_full/saved_data/600361_pipeline_out_v2_new27_full/04_external/zijin_external/training_samples_with_zijin_external.csv --intraday-bars /root/stock_realtime_v021_full/saved_data/600361_pipeline_out_v2_new27_full/00_base/600361_5m.csv --out-dir /root/stock_realtime_v021_full/saved_data/600361_pipeline_out_v2_new27_full/10_search/search_all_days_hit_80bps --round-trip-cost-bps 1.7 --target-hit-bps 80.0 --label-mode hit --entry-policy all_days --entry-vwap-premium-bps 50.0 --max-missing 0.35 --groups reversal_fundamental_regime,reversal_fundamental_regime_sector,reversal_fundamental_regime_sector_external,all_no_ak --models xgb_d2_200_lr003_mcw5,xgb_d3_400_lr003_mcw3,xgb_d3_600_lr002_mcw3,xgb_d4_500_lr002_mcw5,lgbm_leaves7_400,lgbm_leaves15_700,extra_trees_600_d3,random_forest_600_d4 --quantiles 0.5,0.6,0.7,0.8 --train-rows 756 --valid-rows 126 --test-rows 63 --min-valid-trades 8 --min-train-entries 80
{
  "rows": 1528,
  "target_hit_bps": 80.0,
  "label_mode": "hit",
  "entry_policy": "all_days",
  "entry_vwap_premium_bps": 50.0,
  "groups": {
    "reversal_fundamental_regime": 137,
    "reversal_fundamental_regime_sector": 160,
    "reversal_fundamental_regime_sector_external": 371,
    "all_no_ak": 426
  },
  "models": [
    "xgb_d2_200_lr003_mcw5",
    "xgb_d3_400_lr003_mcw3",
    "xgb_d3_600_lr002_mcw3",
    "xgb_d4_500_lr002_mcw5",
    "extra_trees_600_d3",
    "random_forest_600_d4",
    "lgbm_leaves7_400",
    "lgbm_leaves15_700"
  ],
  "top": [
    {
      "entry_policy": "all_days",
      "feature_group": "reversal_fundamental_regime_sector_external",
      "model_name": "xgb_d3_600_lr002_mcw3",
      "target_hit_bps": 80.0,
      "trades": 151,
      "win_rate": 0.6821192052980133,
      "avg_return": -0.0001243622822735761,
      "median_return": 0.008,
      "compound_return": -0.03717275013689347,
      "max_drawdown": -0.22781152313272357,
      "profit_factor": 0.977572226594136,
      "windows": 10
    },
    {
      "entry_policy": "all_days",
      "feature_group": "reversal_fundamental_regime_sector_external",
      "model_name": "lgbm_leaves15_700",
      "target_hit_bps": 80.0,
      "trades": 138,
      "win_rate": 0.717391304347826,
      "avg_return": -0.0003214374740122766,
      "median_return": 0.008,
      "compound_return": -0.06285767853249602,
      "max_drawdown": -0.16711605862821988,
      "profit_factor": 0.9462507709164899,
      "windows": 10
    },
    {
      "entry_policy": "all_days",
      "feature_group": "reversal_fundamental_regime_sector",
      "model_name": "xgb_d2_200_lr003_mcw5",
      "target_hit_bps": 80.0,
      "trades": 189,
      "win_rate": 0.7301587301587301,
      "avg_return": -0.0003778375811512339,
      "median_return": 0.008,
      "compound_return": -0.09559085488985697,
      "max_drawdown": -0.30195212130586324,
      "profit_factor": 0.9380397327375387,
      "windows": 10
    },
    {
      "entry_policy": "all_days",
      "feature_group": "reversal_fundamental_regime_sector_external",
      "model_name": "xgb_d3_400_lr003_mcw3",
      "target_hit_bps": 80.0,
      "trades": 181,
      "win_rate": 0.7016574585635359,
      "avg_return": -0.0006932148412629582,
      "median_return": 0.008,
      "compound_return": -0.1408708043429534,
      "max_drawdown": -0.3382892692684951,
      "profit_factor": 0.8889715428124122,
      "windows": 10
    },
    {
      "entry_policy": "all_days",
      "feature_group": "reversal_fundamental_regime_sector_external",
      "model_name": "xgb_d4_500_lr002_mcw5",
      "target_hit_bps": 80.0,
      "trades": 186,
      "win_rate": 0.7096774193548387,
      "avg_return": -0.0007036564376000567,
      "median_return": 0.008,
      "compound_return": -0.1473084676152454,
      "max_drawdown": -0.28650782283408605,
      "profit_factor": 0.8892159394680477,
      "windows": 10
    },
    {
      "entry_policy": "all_days",
      "feature_group": "reversal_fundamental_regime",
      "model_name": "xgb_d2_200_lr003_mcw5",
      "target_hit_bps": 80.0,
      "trades": 184,
      "win_rate": 0.717391304347826,
      "avg_return": -0.0008029174435260652,
      "median_return": 0.008,
      "compound_return": -0.16191098147996852,
      "max_drawdown": -0.3088326387572585,
      "profit_factor": 0.8754862778213107,
      "windows": 10
    },
    {
      "entry_policy": "all_days",
      "feature_group": "reversal_fundamental_regime",
      "model_name": "xgb_d3_600_lr002_mcw3",
      "target_hit_bps": 80.0,
      "trades": 211,
      "win_rate": 0.7014218009478673,
      "avg_return": -0.0007135790708153914,
      "median_return": 0.008,
      "compound_return": -0.16854135654102942,
      "max_drawdown": -0.3235089858512742,
      "profit_factor": 0.8847246821201802,
      "windows": 10
    },
    {
      "entry_policy": "all_days",
      "feature_group": "all_no_ak",
      "model_name": "xgb_d3_600_lr002_mcw3",
      "target_hit_bps": 80.0,
      "trades": 186,
      "win_rate": 0.7150537634408602,
      "avg_return": -0.0009545281378380971,
      "median_return": 0.008,
      "compound_return": -0.18760424754195215,
      "max_drawdown": -0.3076006081324507,
      "profit_factor": 0.8550161156877529,
      "windows": 10
    },
    {
      "entry_policy": "all_days",
      "feature_group": "reversal_fundamental_regime",
      "model_name": "xgb_d3_400_lr003_mcw3",
      "target_hit_bps": 80.0,
      "trades": 172,
      "win_rate": 0.7267441860465116,
      "avg_return": -0.0010375302908570622,
      "median_return": 0.008,
      "compound_return": -0.1917027672114443,
      "max_drawdown": -0.29278727430629914,
      "profit_factor": 0.8455912456164586,
      "windows": 10
    },
    {
      "entry_policy": "all_days",
      "feature_group": "reversal_fundamental_regime",
      "model_name": "xgb_d4_500_lr002_mcw5",
      "target_hit_bps": 80.0,
      "trades": 154,
      "win_rate": 0.7272727272727273,
      "avg_return": -0.0012774411196768754,
      "median_return": 0.008,
      "compound_return": -0.20498784032699824,
      "max_drawdown": -0.2892700608252754,
      "profit_factor": 0.8170841057692136,
      "windows": 10
    },
    {
      "entry_policy": "all_days",
      "feature_group": "all_no_ak",
      "model_name": "xgb_d4_500_lr002_mcw5",
      "target_hit_bps": 80.0,
      "trades": 195,
      "win_rate": 0.7025641025641025,
      "avg_return": -0.0011444070307575214,
      "median_return": 0.008,
      "compound_return": -0.22487665752340635,
      "max_drawdown": -0.3231646921761231,
      "profit_factor": 0.8308321375688404,
      "windows": 10
    },
    {
      "entry_policy": "all_days",
      "feature_group": "all_no_ak",
      "model_name": "lgbm_leaves15_700",
      "target_hit_bps": 80.0,
      "trades": 176,
      "win_rate": 0.6704545454545454,
      "avg_return": -0.001310116945350382,
      "median_return": 0.008,
      "compound_return": -0.227322769321344,
      "max_drawdown": -0.25636380703749506,
      "profit_factor": 0.8018226225613774,
      "windows": 10
    },
    {
      "entry_policy": "all_days",
      "feature_group": "reversal_fundamental_regime_sector_external",
      "model_name": "xgb_d2_200_lr003_mcw5",
      "target_hit_bps": 80.0,
      "trades": 175,
      "win_rate": 0.6857142857142857,
      "avg_return": -0.0013405754848710041,
      "median_return": 0.008,
      "compound_return": -0.2314430894746914,
      "max_drawdown": -0.31421557218163687,
      "profit_factor": 0.8007543434487481,
      "windows": 10
    },
    {
      "entry_policy": "all_days",
      "feature_group": "all_no_ak",
      "model_name": "lgbm_leaves7_400",
      "target_hit_bps": 80.0,
      "trades": 200,
      "win_rate": 0.665,
      "avg_return": -0.0012938414807333104,
      "median_return": 0.008,
      "compound_return": -0.24922246876845655,
      "max_drawdown": -0.2876826204765025,
      "profit_factor": 0.8035430560241541,
      "windows": 10
    },
    {
      "entry_policy": "all_days",
      "feature_group": "reversal_fundamental_regime_sector_external",
      "model_name": "random_forest_600_d4",
      "target_hit_bps": 80.0,
      "trades": 159,
      "win_rate": 0.6855345911949685,
      "avg_return": -0.0018182849164892617,
      "median_return": 0.008,
      "compound_return": -0.2730449955647396,
      "max_drawdown": -0.3137635702867624,
      "profit_factor": 0.7510072486039159,
      "windows": 10
    },
    {
      "entry_policy": "all_days",
      "feature_group": "reversal_fundamental_regime_sector",
      "model_name": "random_forest_600_d4",
      "target_hit_bps": 80.0,
      "trades": 190,
      "win_rate": 0.7052631578947368,
      "avg_return": -0.001492622813902107,
      "median_return": 0.008,
      "compound_return": -0.2735748566949626,
      "max_drawdown": -0.3136425699019305,
      "profit_factor": 0.7890206837873198,
      "windows": 10
    },
    {
      "entry_policy": "all_days",
      "feature_group": "reversal_fundamental_regime_sector",
      "model_name": "xgb_d4_500_lr002_mcw5",
      "target_hit_bps": 80.0,
      "trades": 166,
      "win_rate": 0.7048192771084337,
      "avg_return": -0.0017710398503577504,
      "median_return": 0.008,
      "compound_return": -0.28038553199910654,
      "max_drawdown": -0.3231707398189644,
      "profit_factor": 0.7575541237322514,
      "windows": 10
    },
    {
      "entry_policy": "all_days",
      "feature_group": "reversal_fundamental_regime_sector_external",
      "model_name": "lgbm_leaves7_400",
      "target_hit_bps": 80.0,
      "trades": 185,
      "win_rate": 0.6594594594594595,
      "avg_return": -0.0016743068678854345,
      "median_return": 0.008,
      "compound_return": -0.28867328357557576,
      "max_drawdown": -0.3390191116085257,
      "profit_factor": 0.7559465699285862,
      "windows": 10
    },
    {
      "entry_policy": "all_days",
      "feature_group": "reversal_fundamental_regime",
      "model_name": "lgbm_leaves15_700",
      "target_hit_bps": 80.0,
      "trades": 162,
      "win_rate": 0.6604938271604939,
      "avg_return": -0.002097985157487986,
      "median_return": 0.008,
      "compound_return": -0.3109834150314664,
      "max_drawdown": -0.3845323243251184,
      "profit_factor": 0.7137503388890438,
      "windows": 10
    },
    {
      "entry_policy": "all_days",
      "feature_group": "reversal_fundamental_regime_sector",
      "model_name": "xgb_d3_600_lr002_mcw3",
      "target_hit_bps": 80.0,
      "trades": 175,
      "win_rate": 0.7085714285714285,
      "avg_return": -0.0019268446943985964,
      "median_return": 0.008,
      "compound_return": -0.3118123320992934,
      "max_drawdown": -0.3797468371353765,
      "profit_factor": 0.7407702310196205,
      "windows": 10
    }
  ]
}

[2026-05-18T09:34:40] RUN search_all_days_close_profit_50bps
  /usr/bin/python3 model_training/search_walk_forward_model_complexity.py --samples /root/stock_realtime_v021_full/saved_data/600361_pipeline_out_v2_new27_full/04_external/zijin_external/training_samples_with_zijin_external.csv --intraday-bars /root/stock_realtime_v021_full/saved_data/600361_pipeline_out_v2_new27_full/00_base/600361_5m.csv --out-dir /root/stock_realtime_v021_full/saved_data/600361_pipeline_out_v2_new27_full/10_search/search_all_days_close_profit_50bps --round-trip-cost-bps 1.7 --target-hit-bps 50.0 --label-mode close_profit --entry-policy all_days --entry-vwap-premium-bps 50.0 --max-missing 0.35 --groups reversal_fundamental_regime,reversal_fundamental_regime_sector,reversal_fundamental_regime_sector_external,all_no_ak --models xgb_d2_200_lr003_mcw5,xgb_d3_400_lr003_mcw3,xgb_d3_600_lr002_mcw3,xgb_d4_500_lr002_mcw5,lgbm_leaves7_400,lgbm_leaves15_700,extra_trees_600_d3,random_forest_600_d4 --quantiles 0.5,0.6,0.7,0.8 --train-rows 756 --valid-rows 126 --test-rows 63 --min-valid-trades 8 --min-train-entries 80
{
  "rows": 1528,
  "target_hit_bps": 50.0,
  "label_mode": "close_profit",
  "entry_policy": "all_days",
  "entry_vwap_premium_bps": 50.0,
  "groups": {
    "reversal_fundamental_regime": 137,
    "reversal_fundamental_regime_sector": 160,
    "reversal_fundamental_regime_sector_external": 371,
    "all_no_ak": 426
  },
  "models": [
    "xgb_d2_200_lr003_mcw5",
    "xgb_d3_400_lr003_mcw3",
    "xgb_d3_600_lr002_mcw3",
    "xgb_d4_500_lr002_mcw5",
    "extra_trees_600_d3",
    "random_forest_600_d4",
    "lgbm_leaves7_400",
    "lgbm_leaves15_700"
  ],
  "top": [
    {
      "entry_policy": "all_days",
      "feature_group": "reversal_fundamental_regime_sector",
      "model_name": "xgb_d4_500_lr002_mcw5",
      "target_hit_bps": 50.0,
      "trades": 176,
      "win_rate": 0.5511363636363636,
      "avg_return": 0.00361897850355641,
      "median_return": 0.002236770235985234,
      "compound_return": 0.7570722063129596,
      "max_drawdown": -0.2052403613974375,
      "profit_factor": 1.4767864082142192,
      "windows": 10
    },
    {
      "entry_policy": "all_days",
      "feature_group": "reversal_fundamental_regime_sector",
      "model_name": "random_forest_600_d4",
      "target_hit_bps": 50.0,
      "trades": 122,
      "win_rate": 0.5573770491803278,
      "avg_return": 0.004890663264073839,
      "median_return": 0.002395181930595295,
      "compound_return": 0.7276597524511044,
      "max_drawdown": -0.21541999557957225,
      "profit_factor": 1.6417836996689643,
      "windows": 10
    },
    {
      "entry_policy": "all_days",
      "feature_group": "reversal_fundamental_regime_sector",
      "model_name": "xgb_d3_600_lr002_mcw3",
      "target_hit_bps": 50.0,
      "trades": 157,
      "win_rate": 0.5668789808917197,
      "avg_return": 0.003733551547402888,
      "median_return": 0.002447801047120283,
      "compound_return": 0.6799663712583837,
      "max_drawdown": -0.1726518230699513,
      "profit_factor": 1.4729608847561935,
      "windows": 10
    },
    {
      "entry_policy": "all_days",
      "feature_group": "reversal_fundamental_regime",
      "model_name": "random_forest_600_d4",
      "target_hit_bps": 50.0,
      "trades": 142,
      "win_rate": 0.5633802816901409,
      "avg_return": 0.0038578574528813307,
      "median_return": 0.002395181930595295,
      "compound_return": 0.6553744270880866,
      "max_drawdown": -0.1613837359368575,
      "profit_factor": 1.5724781570401358,
      "windows": 10
    },
    {
      "entry_policy": "all_days",
      "feature_group": "all_no_ak",
      "model_name": "lgbm_leaves7_400",
      "target_hit_bps": 50.0,
      "trades": 142,
      "win_rate": 0.5492957746478874,
      "avg_return": 0.0038256379935084693,
      "median_return": 0.0022853221744212372,
      "compound_return": 0.6363520718641307,
      "max_drawdown": -0.1795618992891419,
      "profit_factor": 1.5448842623326944,
      "windows": 10
    },
    {
      "entry_policy": "all_days",
      "feature_group": "reversal_fundamental_regime_sector_external",
      "model_name": "xgb_d2_200_lr003_mcw5",
      "target_hit_bps": 50.0,
      "trades": 188,
      "win_rate": 0.526595744680851,
      "avg_return": 0.0029115947077941098,
      "median_return": 0.0020330279503105765,
      "compound_return": 0.6295953111163801,
      "max_drawdown": -0.20122362832163487,
      "profit_factor": 1.425375330778952,
      "windows": 10
    },
    {
      "entry_policy": "all_days",
      "feature_group": "reversal_fundamental_regime_sector_external",
      "model_name": "xgb_d3_400_lr003_mcw3",
      "target_hit_bps": 50.0,
      "trades": 151,
      "win_rate": 0.5298013245033113,
      "avg_return": 0.0033601680396916126,
      "median_return": 0.002097573696145053,
      "compound_return": 0.5670254978849245,
      "max_drawdown": -0.20039984017783563,
      "profit_factor": 1.4190583144267803,
      "windows": 10
    },
    {
      "entry_policy": "all_days",
      "feature_group": "reversal_fundamental_regime",
      "model_name": "extra_trees_600_d3",
      "target_hit_bps": 50.0,
      "trades": 164,
      "win_rate": 0.5060975609756098,
      "avg_return": 0.00285375263319848,
      "median_return": 0.0017716746474376634,
      "compound_return": 0.5448943161559783,
      "max_drawdown": -0.13504322787997014,
      "profit_factor": 1.4863606444127948,
      "windows": 10
    },
    {
      "entry_policy": "all_days",
      "feature_group": "reversal_fundamental_regime_sector",
      "model_name": "lgbm_leaves15_700",
      "target_hit_bps": 50.0,
      "trades": 173,
      "win_rate": 0.5491329479768786,
      "avg_return": 0.002938423042118323,
      "median_return": 0.002447801047120283,
      "compound_return": 0.5303845275654135,
      "max_drawdown": -0.2258062096818504,
      "profit_factor": 1.3183872048295353,
      "windows": 10
    },
    {
      "entry_policy": "all_days",
      "feature_group": "reversal_fundamental_regime_sector",
      "model_name": "lgbm_leaves7_400",
      "target_hit_bps": 50.0,
      "trades": 171,
      "win_rate": 0.5263157894736842,
      "avg_return": 0.00281050670672491,
      "median_return": 0.0022166348448686736,
      "compound_return": 0.5057158654105369,
      "max_drawdown": -0.21435781129240006,
      "profit_factor": 1.3368638625604174,
      "windows": 10
    },
    {
      "entry_policy": "all_days",
      "feature_group": "all_no_ak",
      "model_name": "xgb_d2_200_lr003_mcw5",
      "target_hit_bps": 50.0,
      "trades": 116,
      "win_rate": 0.5258620689655172,
      "avg_return": 0.0038352182227997284,
      "median_return": 0.001957746263994479,
      "compound_return": 0.4976025605633039,
      "max_drawdown": -0.1726518230699513,
      "profit_factor": 1.5388571516867784,
      "windows": 10
    },
    {
      "entry_policy": "all_days",
      "feature_group": "all_no_ak",
      "model_name": "random_forest_600_d4",
      "target_hit_bps": 50.0,
      "trades": 113,
      "win_rate": 0.584070796460177,
      "avg_return": 0.0038843720928061075,
      "median_return": 0.0026232960893854997,
      "compound_return": 0.47645098227687765,
      "max_drawdown": -0.3231535819950646,
      "profit_factor": 1.4738950538327409,
      "windows": 10
    },
    {
      "entry_policy": "all_days",
      "feature_group": "all_no_ak",
      "model_name": "lgbm_leaves15_700",
      "target_hit_bps": 50.0,
      "trades": 135,
      "win_rate": 0.5185185185185185,
      "avg_return": 0.0029882861090434628,
      "median_return": 0.0019441649048626032,
      "compound_return": 0.4339141458307314,
      "max_drawdown": -0.16753433369299275,
      "profit_factor": 1.4410192111849125,
      "windows": 10
    },
    {
      "entry_policy": "all_days",
      "feature_group": "reversal_fundamental_regime_sector_external",
      "model_name": "lgbm_leaves7_400",
      "target_hit_bps": 50.0,
      "trades": 165,
      "win_rate": 0.503030303030303,
      "avg_return": 0.0024527844578916915,
      "median_return": 0.0018583975659229902,
      "compound_return": 0.42405408208816997,
      "max_drawdown": -0.18082588318893855,
      "profit_factor": 1.3465860027094798,
      "windows": 10
    },
    {
      "entry_policy": "all_days",
      "feature_group": "all_no_ak",
      "model_name": "xgb_d3_600_lr002_mcw3",
      "target_hit_bps": 50.0,
      "trades": 131,
      "win_rate": 0.5038167938931297,
      "avg_return": 0.002906724425584646,
      "median_return": 0.0018583975659229902,
      "compound_return": 0.3992108353764825,
      "max_drawdown": -0.1626666730538947,
      "profit_factor": 1.3671688004053306,
      "windows": 10
    },
    {
      "entry_policy": "all_days",
      "feature_group": "reversal_fundamental_regime_sector",
      "model_name": "xgb_d2_200_lr003_mcw5",
      "target_hit_bps": 50.0,
      "trades": 147,
      "win_rate": 0.5510204081632653,
      "avg_return": 0.0025423022502040764,
      "median_return": 0.002342562814070307,
      "compound_return": 0.3841192810976146,
      "max_drawdown": -0.22600621036356794,
      "profit_factor": 1.3297184518261613,
      "windows": 10
    },
    {
      "entry_policy": "all_days",
      "feature_group": "reversal_fundamental_regime",
      "model_name": "xgb_d4_500_lr002_mcw5",
      "target_hit_bps": 50.0,
      "trades": 178,
      "win_rate": 0.5056179775280899,
      "avg_return": 0.001994538177944493,
      "median_return": 0.0017889648417361882,
      "compound_return": 0.3133197442332818,
      "max_drawdown": -0.26965446368402446,
      "profit_factor": 1.2153603648906488,
      "windows": 10
    },
    {
      "entry_policy": "all_days",
      "feature_group": "all_no_ak",
      "model_name": "xgb_d4_500_lr002_mcw5",
      "target_hit_bps": 50.0,
      "trades": 169,
      "win_rate": 0.4970414201183432,
      "avg_return": 0.0018699793664665241,
      "median_return": -0.00016999999999999999,
      "compound_return": 0.30578172420977245,
      "max_drawdown": -0.20216812778051207,
      "profit_factor": 1.2473155715972302,
      "windows": 10
    },
    {
      "entry_policy": "all_days",
      "feature_group": "reversal_fundamental_regime_sector_external",
      "model_name": "random_forest_600_d4",
      "target_hit_bps": 50.0,
      "trades": 121,
      "win_rate": 0.5454545454545454,
      "avg_return": 0.0024051025172631994,
      "median_return": 0.0022454589371983004,
      "compound_return": 0.28332227125842513,
      "max_drawdown": -0.19540951771260173,
      "profit_factor": 1.297239145662895,
      "windows": 10
    },
    {
      "entry_policy": "all_days",
      "feature_group": "reversal_fundamental_regime_sector",
      "model_name": "xgb_d3_400_lr003_mcw3",
      "target_hit_bps": 50.0,
      "trades": 144,
      "win_rate": 0.5486111111111112,
      "avg_return": 0.0019849924468878467,
      "median_return": 0.00242756031737457,
      "compound_return": 0.2557114437578849,
      "max_drawdown": -0.2330739343914473,
      "profit_factor": 1.2376836822629849,
      "windows": 10
    }
  ]
}

[2026-05-18T09:53:23] RUN summarize
  /usr/bin/python3 model_training/summarize_nextday_search_results.py --pipeline-out /root/stock_realtime_v021_full/saved_data/600361_pipeline_out_v2_new27_full --out-dir /root/stock_realtime_v021_full/saved_data/600361_pipeline_out_v2_new27_full/99_summary --excel
{
  "rows": 192,
  "outputs": {
    "final_leaderboard": "/root/stock_realtime_v021_full/saved_data/600361_pipeline_out_v2_new27_full/99_summary/final_leaderboard.csv",
    "best_by_target_top5": "/root/stock_realtime_v021_full/saved_data/600361_pipeline_out_v2_new27_full/99_summary/best_by_target_top5.csv",
    "best_by_entry_policy_top5": "/root/stock_realtime_v021_full/saved_data/600361_pipeline_out_v2_new27_full/99_summary/best_by_entry_policy_top5.csv",
    "excel": "/root/stock_realtime_v021_full/saved_data/600361_pipeline_out_v2_new27_full/99_summary/final_leaderboard.xlsx",
    "summary_manifest": "/root/stock_realtime_v021_full/saved_data/600361_pipeline_out_v2_new27_full/99_summary/summary_manifest.json"
  }
}
=== nextday pipeline end: 2026-05-18T09:53:24 status=ok ===
