date,open,high,low,close,volume
2018-01-02,7.29263325,7.39979031,7.29263325,7.37002446,2461663
2018-01-03,7.33430544,7.49504103,7.33430544,7.47122835,3591228
2018-01-04,7.51290054,7.51290054,7.35811812,7.38788397,2948771
2018-01-05,7.43550933,7.43550933,7.32835227,7.35216495,2346401
2018-01-08,7.37002446,7.37002446,7.25691423,7.28668008,2383721
2018-01-09,7.25096106,7.42360299,7.25096106,7.2628674,2982568
2018-01-10,7.29858642,7.29858642,7.00688109,7.09022547,3945256
2018-01-11,7.11403815,7.29263325,7.04855328,7.25096106,3376967
2018-01-12,7.21524204,7.2628674,7.10213181,7.11999132,2337241
2018-01-15,7.0247406,7.11403815,6.54253383,6.61397187,8519674
2018-01-16,6.64373772,6.67350357,6.39965775,6.45323628,5331587
2018-01-17,6.46514262,6.64373772,6.38775141,6.6080187,4607282
2018-01-18,6.64373772,6.64373772,6.45918945,6.4889553,3321406
2018-01-19,6.51276798,6.61992504,6.45918945,6.4889553,3253237
2018-01-22,6.4889553,6.63183138,6.35203239,6.59015919,4366766
2018-01-23,6.59015919,6.63183138,6.548487,6.6080187,3263049
2018-01-24,6.63183138,6.71517576,6.50086164,6.70922259,5779643
2018-01-25,6.68540991,6.89377086,6.67350357,6.71517576,6518889
2018-01-26,6.70922259,6.76280112,6.6080187,6.65564406,3010187
2018-01-29,6.61992504,6.78066063,6.56039334,6.58420602,3421534
2018-01-30,6.55444017,6.71517576,6.55444017,6.62587821,2381765
2018-01-31,6.57825285,6.6080187,6.1317651,6.1317651,6102294
2018-02-01,6.13771827,6.25678167,5.78648124,5.81624709,4772018
2018-02-02,5.81624709,5.94126366,5.62574565,5.90554464,2923748
2018-02-05,5.7745749,5.8341066,5.60788614,5.78648124,2337766
2018-02-06,5.60788614,5.7150432,5.20902375,5.20902375,8020721
2018-02-07,5.28046179,5.35189983,4.83992721,5.13163254,7408867
2018-02-08,5.10186669,5.25069594,4.8815994,5.1792579,5088607
2018-02-09,4.97089695,5.14949205,4.81611453,4.91731842,5938735
2018-02-12,5.05424133,5.20902375,4.9411311,5.16139839,4370652
2018-02-13,5.21497692,5.26260228,5.0601945,5.11377303,4044171
2018-02-14,5.10186669,5.19116424,5.03042865,5.16735156,3515749
2018-02-22,5.22093009,5.32808715,5.15544522,5.29236813,4196838
2018-02-23,5.31022764,5.42929104,5.25664911,5.31022764,3711977
2018-02-26,5.357853,5.50668225,5.30427447,5.48882274,4201239
2018-02-27,5.49477591,5.75671539,5.43524421,5.64955833,7822686
2018-02-28,5.56026078,5.91745098,5.51858859,5.76862173,8102707
2018-03-01,5.7150432,6.14367144,5.67337101,6.11985876,9982902
2018-03-02,6.0722334,6.21510948,5.95912317,6.01865487,8206273
2018-03-05,6.06032706,6.06032706,5.93531049,6.06032706,4300582
2018-03-06,6.04246755,6.39370458,6.02460804,6.22701582,10264326
2018-03-07,6.17939046,6.22701582,6.04246755,6.04842072,6346725
2018-03-08,6.04246755,6.0722334,5.96507634,6.04246755,3619044
2018-03-09,6.04246755,6.29250069,5.99484219,6.25678167,10890608
2018-03-12,6.26868801,6.45323628,6.21510948,6.39965775,7971855
2018-03-13,6.35203239,6.58420602,6.3103602,6.50086164,9888072
2018-03-14,6.51276798,6.51872115,6.2508285,6.29250069,6364779
2018-03-15,6.23296899,6.29250069,6.03651438,6.27464118,7567413
2018-03-16,6.23296899,6.26868801,6.09604608,6.11390559,5171755
2018-03-19,6.08413974,6.20915631,6.08413974,6.10795242,3958712
2018-03-20,6.01865487,6.4889553,6.0127017,6.4889553,11306476
2018-03-21,6.45918945,6.84019233,6.45918945,6.66159723,17806165
2018-03-22,6.6080187,6.73303527,6.548487,6.61992504,8627348
2018-03-23,6.45918945,6.45918945,5.99484219,6.06032706,11055236
2018-03-26,6.10199925,6.6675504,6.10199925,6.6675504,11849751
2018-03-27,7.2628674,7.33430544,7.15571034,7.33430544,10933672
2018-03-28,7.96534146,8.06654535,7.44741567,7.48313469,53659607
2018-03-29,7.5605259,7.64982345,7.16166351,7.25691423,31529561
2018-03-30,7.28072691,7.46527518,7.16761668,7.3223991,25975363
2018-04-02,7.35216495,7.57243224,7.10808498,7.55457273,26417891
2018-04-03,7.29858642,7.4414625,7.143804,7.20928887,16840014
2018-04-04,7.3223991,7.60219809,7.25096106,7.29858642,22101778
2018-04-09,7.17952302,7.48908786,7.17356985,7.33430544,16474992
2018-04-10,7.31049276,7.31049276,6.70922259,6.87591135,20120950
2018-04-11,6.88186452,6.9652089,6.76280112,6.94139622,10431289
2018-04-12,6.89972403,6.95925573,6.67945674,6.7270821,10114236
2018-04-13,6.81637965,6.95925573,6.71517576,6.7270821,9316798
2018-04-16,6.70922259,6.8461455,6.67945674,6.74494161,5737215
2018-04-17,6.75684795,6.97711524,6.55444017,6.63778455,9471625
2018-04-18,6.72112893,6.85209867,6.46514262,6.84019233,10056307
2018-04-19,6.85805184,7.22119521,6.77470746,7.13189766,17649059
2018-04-20,7.0247406,7.17356985,6.79256697,6.84019233,11303132
2018-04-23,6.83423916,6.87591135,6.46514262,6.63778455,7552497
2018-04-24,6.66159723,6.8461455,6.63778455,6.8461455,5890493
2018-04-25,6.8461455,7.11999132,6.548487,6.97116207,9528302
2018-04-26,6.98306841,7.19738253,6.89972403,6.92353671,12186557
2018-04-27,6.95925573,7.01878743,6.64373772,6.81042648,6817844
2018-05-02,6.8461455,6.9056772,6.70326942,6.77470746,4683452
2018-05-03,6.7270821,6.82828599,6.548487,6.82828599,5187454
2018-05-04,6.77470746,7.06045962,6.7270821,6.94734939,9287759
2018-05-07,6.92353671,7.11999132,6.88781769,7.10808498,11138884
2018-05-08,7.143804,7.3223991,7.03664694,7.06641279,11002946
2018-05-09,7.0842723,7.31049276,7.0247406,7.24500789,11859175
2018-05-10,7.25096106,7.2628674,7.10808498,7.2033357,7132979
2018-05-11,7.21524204,7.21524204,6.95330256,6.95330256,7007849
2018-05-14,6.97116207,7.04855328,6.7270821,6.80447331,6555625
2018-05-15,6.73303527,6.88186452,6.70326942,6.86400501,3652614
2018-05-16,6.83423916,6.8461455,6.6675504,6.6675504,4091450
2018-05-17,6.7270821,6.79852014,6.56039334,6.64969089,4303389
2018-05-18,6.66159723,6.76280112,6.60206553,6.74494161,3242645
2018-05-21,6.76875429,6.97116207,6.76875429,6.94139622,6187507
2018-05-22,6.94734939,7.07236596,6.89377086,7.03069377,5435802
2018-05-23,7.01878743,7.19142936,6.95330256,7.01878743,7666561
2018-05-24,6.97116207,7.04260011,6.92353671,6.93544305,3309903
2018-05-25,6.94139622,6.98306841,6.73898844,6.79852014,5247184
2018-05-28,6.78066063,6.92353671,6.63778455,6.79256697,4493041
2018-05-29,6.79256697,6.87591135,6.60206553,6.6675504,3955192
2018-05-30,6.63778455,6.63778455,6.06032706,6.07818657,6342548
2018-05-31,6.22106265,6.41751726,6.13771827,6.35798556,5463071
2018-06-01,6.3103602,6.50681481,6.23892216,6.29845386,4064726
2018-06-04,6.30440703,6.42347043,6.1912968,6.30440703,2031352
2018-06-05,6.34607922,6.46514262,6.29250069,6.42347043,2765711
2018-06-06,6.4294236,6.51872115,6.3698919,6.38775141,2647720
2018-06-07,6.46514262,6.46514262,6.22701582,6.22701582,2402186
2018-06-08,6.20320314,6.28654752,6.14367144,6.22106265,2655538
2018-06-11,6.10795242,6.26868801,5.98888902,6.0127017,3321250
2018-06-12,6.0127017,6.17343729,6.0127017,6.16153095,2160646
2018-06-13,6.19150243,6.26342695,6.10159678,6.1135842,2156019
2018-06-14,6.08361565,6.16752759,5.9337729,6.01768484,2955260
2018-06-15,6.03566597,6.0536471,5.79591757,5.83187983,4101177
2018-06-19,5.8138987,5.81989241,5.25048996,5.25048996,5755283
2018-06-20,5.22052141,5.47825094,5.1545906,5.37036416,4623071
2018-06-21,5.394339,5.41831384,5.16058431,5.24449625,4511382
2018-06-22,5.18455915,5.38834529,5.11263463,5.38834529,3827333
2018-06-25,5.40033271,5.44828239,5.29843964,5.31642077,3243334
2018-06-26,5.18455915,5.46626352,5.16058431,5.44828239,3005671
2018-06-27,5.41232013,5.53219433,5.41232013,5.46626352,2657698
2018-06-28,5.49023836,5.56216288,5.43030126,5.43030126,2913746
2018-06-29,5.44228868,5.64008111,5.43030126,5.61011256,3658748
2018-07-02,5.62809369,5.7539616,5.47225723,5.55017546,3365348
2018-07-03,5.55017546,5.77793644,5.5142132,5.75995531,5051150
2018-07-04,5.77194273,5.84986096,5.61011256,5.65206853,4679330
2018-07-05,5.6340874,5.73598047,5.48424465,5.48424465,3138244
2018-07-06,5.50821949,5.72998676,5.46026981,5.60411885,4462174
2018-07-09,5.61610627,5.7539616,5.61610627,5.70001821,3985997
2018-07-10,5.72998676,5.7539616,5.68203708,5.74796789,3471981
2018-07-11,5.67004966,5.67004966,5.38834529,5.52620062,4029670
2018-07-12,5.56216288,5.74796789,5.52020691,5.71200563,3433104
2018-07-13,5.7539616,5.77793644,5.68803079,5.70001821,3071082
2018-07-16,5.74197418,5.97572887,5.68803079,5.82588612,4799361
2018-07-17,5.78393015,5.91579177,5.75995531,5.91579177,3679373
2018-07-18,5.91579177,5.98771629,5.80191128,5.8138987,4241824
2018-07-19,5.84386725,5.84386725,5.70001821,5.74796789,2841756
2018-07-20,5.7539616,5.84986096,5.71200563,5.83787354,3011975
2018-07-23,5.84386725,6.06563452,5.81989241,5.98771629,5666634
2018-07-24,5.98172258,6.10759049,5.98172258,6.04165968,4544312
2018-07-25,6.06563452,6.20948356,6.02367855,6.08361565,4588000
2018-07-26,6.1735213,6.18550872,6.02367855,6.09560307,3764210
2018-07-27,6.10759049,6.12557162,6.03566597,6.05964081,3695875
2018-07-30,6.10759049,6.27541437,6.0536471,6.22147098,6905035
2018-07-31,6.26342695,6.26342695,6.11957791,6.15554017,4494826
2018-08-01,6.15554017,6.22147098,5.93976661,5.99371,4690166
2018-08-02,5.95175403,5.95774774,5.68803079,5.83187983,4373225
2018-08-03,5.8138987,5.86784209,5.67004966,5.68203708,2308644
2018-08-06,5.64008111,5.86184838,5.64008111,5.76594902,4122776
2018-08-07,5.78393015,5.96973516,5.70601192,5.94576032,3913453
2018-08-08,5.92777919,6.07162823,5.88582322,5.91579177,3712424
2018-08-09,5.90380435,6.16752759,5.8738358,6.07162823,4815832
2018-08-10,6.07762194,6.11957791,5.96374145,6.0536471,4430408
2018-08-13,5.99970371,6.15554017,5.92178548,6.11957791,4325492
2018-08-14,6.11957791,6.11957791,6.03566597,6.06563452,2985807
2018-08-15,6.05964081,6.10159678,5.94576032,6.04765339,2980010
2018-08-16,6.08960936,6.6530181,5.99970371,6.6530181,18168910
2018-08-17,6.64702439,6.7129552,6.38929486,6.44323825,13021560
2018-08-20,6.43724454,6.51516277,6.18550872,6.4132697,10149572
2018-08-21,6.30538292,6.52115648,6.25143953,6.45522567,8600681
2018-08-22,6.40128228,6.4132697,6.29938921,6.34134518,4846297
2018-08-23,6.38929486,6.51516277,6.34733889,6.43724454,6345046
2018-08-24,6.43724454,6.44323825,6.1735213,6.21547727,6325351
2018-08-27,6.1735213,6.36532002,6.1735213,6.29938921,6456477
2018-08-28,6.34733889,6.74292375,6.31137663,6.52115648,11217206
2018-08-29,6.45522567,6.50916906,6.32935776,6.38330115,6549545
2018-08-30,6.35932631,6.43125083,6.20948356,6.22147098,5503242
2018-08-31,6.22147098,6.27541437,5.98771629,5.99371,6095898
2018-09-03,6.03566597,6.18550872,5.9337729,6.17951501,5011918
2018-09-04,6.15554017,6.34134518,6.1135842,6.31737034,6677294
2018-09-05,6.26942066,6.44323825,6.20948356,6.20948356,6140902
2018-09-06,6.16153388,6.4132697,6.16153388,6.40727599,7513080
2018-09-07,6.38929486,6.46121938,6.21547727,6.32336405,6300292
2018-09-10,6.31137663,6.32336405,5.95774774,5.99371,6944902
2018-09-11,5.93976661,6.20348985,5.9337729,6.16153388,5730022
2018-09-12,6.14355275,6.29938921,6.11957791,6.18550872,4471612
2018-09-13,6.19150243,6.49718164,6.19150243,6.42525712,6338842
2018-09-14,6.44923196,6.56311245,6.30538292,6.38330115,6839691
2018-09-17,6.39528857,6.49718164,6.1735213,6.25743324,6113146
2018-09-18,6.20348985,6.57509987,6.20348985,6.54513132,8674356
2018-09-19,6.50916906,6.64702439,6.45522567,6.64702439,10813543
2018-09-20,6.59907471,6.61705584,6.39528857,6.45522567,8603502
2018-09-21,6.4732068,6.55112503,6.43125083,6.52715019,6058833
2018-09-25,6.47920051,6.61705584,6.44923196,6.58708729,6309783
2018-09-26,6.62304955,6.62304955,6.50317535,6.5331439,5557915
2018-09-27,6.5331439,6.5331439,6.5331439,6.5331439,0
2018-09-28,6.5331439,6.5331439,6.5331439,6.5331439,0
2018-10-08,6.5331439,6.5331439,6.5331439,6.5331439,0
2018-10-09,6.2933955,6.40128228,5.88582322,6.07162823,8261292
2018-10-10,6.03566597,6.14355275,5.98771629,6.08361565,3551133
2018-10-11,5.78992386,5.85585467,5.47825094,5.47825094,6928730
2018-10-12,5.40632642,5.58613772,5.32840819,5.50222578,4528904
2018-10-15,5.50222578,5.60411885,5.43629497,5.44228868,2435172
2018-10-16,5.46026981,5.80790499,5.46026981,5.5741503,4790019
2018-10-17,5.6340874,5.67004966,5.42430755,5.59812514,3404134
2018-10-18,5.55616917,5.61610627,5.40632642,5.41232013,3370672
2018-10-19,5.34638932,5.55616917,5.2744648,5.55017546,4235155
2018-10-22,5.56815659,5.90380435,5.53219433,5.79591757,7793810
2018-10-23,5.75995531,5.81989241,5.62809369,5.68203708,3968134
2018-10-24,5.62209998,5.75995531,5.62209998,5.68803079,3109517
2018-10-25,5.48424465,5.64607482,5.42430755,5.61610627,3091786
2018-10-26,5.64008111,5.73598047,5.59812514,5.65806224,2570407
2018-10-29,5.65206853,5.71799934,5.58613772,5.60411885,2177892
2018-10-30,5.64607482,5.68203708,5.4542761,5.64008111,3109004
2018-10-31,5.65206853,5.76594902,5.58014401,5.67004966,3081812
2018-11-01,5.65206853,5.84386725,5.65206853,5.72399305,4670417
2018-11-02,5.77194273,5.85585467,5.77194273,5.83187983,4756029
2018-11-05,5.83787354,5.97572887,5.81989241,5.95774774,6320158
2018-11-06,5.95175403,5.95175403,5.80191128,5.87982951,3436707
2018-11-07,5.90380435,5.95175403,5.83187983,5.83187983,3189133
2018-11-08,5.85585467,5.91579177,5.74796789,5.77194273,3274988
2018-11-09,5.77194273,5.96374145,5.74197418,5.89781064,4776982
2018-11-12,5.86784209,6.02367855,5.82588612,5.99970371,4912375
2018-11-13,5.9337729,6.10159678,5.90979806,6.08361565,5117346
2018-11-14,6.07762194,6.13156533,5.99970371,6.05964081,4720578
2018-11-15,6.06563452,6.18550872,6.03566597,6.16153388,3949374
2018-11-16,6.22147098,6.26942066,6.11957791,6.14954646,4549308
2018-11-19,6.14355275,6.26942066,6.14355275,6.25143953,4168370
2018-11-20,6.21547727,6.38929486,5.99371,6.01169113,7216156
2018-11-21,5.97572887,6.30538292,5.92178548,6.24544582,6931000
2018-11-22,6.25743324,6.32935776,6.12557162,6.13156533,5155658
2018-11-23,6.13156533,6.20948356,5.94576032,5.98771629,4796557
2018-11-26,5.95774774,6.02367855,5.80191128,5.88582322,4116436
2018-11-27,5.88582322,6.02367855,5.88582322,5.98771629,2823146
2018-11-28,5.98771629,6.07762194,5.92777919,6.06563452,3881309
2018-11-29,6.1135842,6.15554017,5.96374145,5.96374145,2710495
2018-11-30,5.96374145,5.98172258,5.64008111,5.86184838,4220241
2018-12-03,5.99371,6.17951501,5.96973516,6.13156533,5291275
2018-12-04,6.14355275,6.20348985,6.10759049,6.18550872,3766728
2018-12-05,6.11957791,6.23945211,6.06563452,6.16752759,3943022
2018-12-06,6.14355275,6.25743324,6.10759049,6.15554017,4310910
2018-12-07,6.12557162,6.28140808,6.09560307,6.24544582,5190034
2018-12-10,6.22746469,6.2334584,6.10159678,6.13755904,3067431
2018-12-11,6.11957791,6.22147098,6.08361565,6.13755904,2131172
2018-12-12,6.1135842,6.20348985,6.06563452,6.07762194,2819342
2018-12-13,6.1135842,6.22746469,6.02367855,6.16153388,3517082
2018-12-14,6.16752759,6.20948356,5.80191128,5.86184838,5378768
2018-12-17,5.8138987,5.88582322,5.43030126,5.44828239,10348865
2018-12-18,5.48424465,5.59812514,5.41232013,5.55017546,6172686
2018-12-19,5.48424465,5.5142132,5.38235158,5.41831384,4039400
2018-12-20,5.40632642,5.48424465,5.38235158,5.4542761,3979137
2018-12-21,5.44228868,5.46026981,5.36437045,5.41831384,3373903
2018-12-24,5.43030126,5.49623207,5.38235158,5.44828239,3471586
2018-12-25,5.40632642,5.41232013,5.13660947,5.3344019,5247389
2018-12-26,5.3344019,5.35238303,5.26247738,5.29244593,2510647
2018-12-27,5.36437045,5.40033271,5.2744648,5.29244593,3264676
2018-12-28,5.29244593,5.36437045,5.13061576,5.1545906,3975467
2019-01-02,5.16657802,5.32241448,5.16657802,5.25648367,3305986
2019-01-03,5.22651512,5.50222578,5.22651512,5.36437045,5182890
2019-01-04,5.3344019,5.56216288,5.3344019,5.52020691,5125483
2019-01-07,5.5741503,5.84386725,5.52620062,5.74197418,6622178
2019-01-08,5.74796789,5.78393015,5.62809369,5.67004966,5142213
2019-01-09,5.68803079,5.74796789,5.64607482,5.65206853,3787634
2019-01-10,5.64008111,5.71200563,5.62209998,5.66405595,3308788
2019-01-11,5.64607482,5.72399305,5.60411885,5.6940245,3629065
2019-01-14,5.6340874,5.77194273,5.6340874,5.72399305,3737181
2019-01-15,5.70601192,5.8138987,5.62209998,5.7539616,3955198
2019-01-16,5.88582322,5.97572887,5.7539616,5.76594902,5546302
2019-01-17,5.76594902,5.86784209,5.72998676,5.74197418,2985265
2019-01-18,5.74796789,5.82588612,5.71799934,5.78992386,2862860
2019-01-21,5.84386725,5.86184838,5.76594902,5.81989241,2780972
2019-01-22,5.81989241,5.89181693,5.70001821,5.73598047,2838926
2019-01-23,5.73598047,5.83187983,5.71799934,5.81989241,2683372
2019-01-24,5.8138987,5.90380435,5.78992386,5.85585467,2713909
2019-01-25,5.86184838,5.98172258,5.84986096,5.8738358,3826828
2019-01-28,5.89781064,5.95774774,5.7539616,5.84986096,3173711
2019-01-29,5.84386725,5.85585467,5.6340874,5.78992386,2904505
2019-01-30,5.78992386,5.84386725,5.65206853,5.66405595,3054375
2019-01-31,5.68803079,5.78992386,5.64008111,5.70001821,4399701
2019-02-01,5.72998676,5.8138987,5.58014401,5.80191128,4327926
2019-02-11,5.80191128,5.95774774,5.78393015,5.95175403,4578016
2019-02-12,5.96374145,6.07762194,5.90380435,6.00569742,6266999
2019-02-13,6.02967226,6.20348985,5.99970371,6.19749614,7202649
2019-02-14,6.19150243,6.19150243,6.10159678,6.15554017,5457479
2019-02-15,6.11957791,6.27541437,6.08960936,6.16153388,5565037
2019-02-18,6.1735213,6.54513132,6.1735213,6.4732068,10399600
2019-02-19,6.42525712,6.50916906,6.32935776,6.47920051,6099014
2019-02-20,6.44323825,6.55112503,6.34134518,6.44323825,5690033
2019-02-21,6.46121938,6.63503697,6.4132697,6.46721309,8087993
2019-02-22,6.4732068,6.64103068,6.4132697,6.60506842,7772859
2019-02-25,6.64103068,7.04860296,6.62304955,6.92273505,13704244
2019-02-26,6.88077908,7.00664699,6.74891746,6.80885456,10555665
2019-02-27,6.90475392,7.10254635,6.7728923,6.88077908,12011037
2019-02-28,6.92273505,6.95869731,6.79087343,6.88677279,7065153
2019-03-01,6.90475392,6.94670989,6.70096778,6.83882311,7674129
2019-03-04,6.87478537,7.15648974,6.86879166,7.00065328,13062805
2019-03-05,6.97667844,7.12052748,6.9527036,7.10254635,9878035
2019-03-06,7.21043313,7.81579784,7.21043313,7.81579784,23306832
2019-03-07,7.791823,7.791823,7.55806831,7.68393622,17596392
2019-03-08,7.48015008,7.62999283,7.1325149,7.18046458,13943358
2019-03-11,7.34229475,7.68393622,7.28235765,7.62999283,15607632
2019-03-12,7.74387332,8.12747076,7.61800541,7.83377897,19062935
2019-03-13,7.9116972,8.15743931,7.48015008,7.58204315,15519176
2019-03-14,7.61800541,7.74986703,7.25838281,7.38425072,11198849
2019-03-15,7.4322004,7.5520746,7.34229475,7.47415637,7530452
2019-03-18,7.45617524,7.62399912,7.36027588,7.58803686,7925154
2019-03-19,7.62999283,7.74986703,7.50412492,7.67794251,8825927
2019-03-20,7.66595509,7.74387332,7.37825701,7.7318859,10767005
2019-03-21,7.78582929,8.37321287,7.78582929,8.0315714,17586119
2019-03-22,7.95964688,8.3312569,7.91769091,8.1514456,13580101
2019-03-25,8.1514456,8.60097385,7.97762801,8.31327577,16507312
2019-03-26,8.31926948,8.46911223,7.85775381,7.92368462,11161168
2019-03-27,8.08551479,8.30728206,7.55806831,8.24734496,10849927
2019-03-28,8.22936383,8.36122545,7.67794251,7.76185445,10471476
2019-03-29,7.8517601,8.1514456,7.791823,8.0915085,9056562
2019-04-01,8.12147705,8.71485434,8.12147705,8.68488579,14582150
2019-04-02,8.67889208,8.86469709,8.48109965,8.52904933,12859382
2019-04-03,8.49908078,8.76879773,8.42116255,8.71485434,8076158
2019-04-04,8.76879773,8.84072225,8.59498014,8.63693611,9702276
2019-04-08,8.68488579,8.96059645,8.5710053,8.9306279,13855597
2019-04-09,8.82873483,8.94860903,8.70286692,8.82873483,6745106
2019-04-10,8.8107537,8.95460274,8.52305562,8.79277257,6811999
2019-04-11,8.73882918,8.77479144,8.43914368,8.43914368,6664461
2019-04-12,8.391194,8.6309424,8.3312569,8.58299272,4670118
2019-04-15,8.67289837,8.96659016,8.4511311,8.46911223,8870486
2019-04-16,8.42116255,8.73283547,8.3312569,8.70286692,6745353
2019-04-17,8.74482289,8.76879773,8.59498014,8.63693611,6195734
2019-04-18,8.64892353,8.76280402,8.51706191,8.54703046,4291730
2019-04-19,8.60097385,8.61895498,8.34923803,8.43914368,5406519
2019-04-22,8.43914368,8.56501159,8.22936383,8.2713198,6342174
2019-04-23,8.32526319,8.32526319,7.7318859,8.08551479,10642889
2019-04-24,8.08551479,8.16942673,7.92967833,8.0315714,7634746
2019-04-25,8.07352737,8.13346447,7.67794251,7.68393622,7672884
2019-04-26,7.72589219,7.9116972,7.58803686,7.76185445,5585477
2019-04-29,7.7318859,7.81579784,7.51611234,7.53409347,5279437
2019-04-30,7.58204315,7.69592364,7.53409347,7.60601799,4281167
2019-05-06,7.30033878,7.47415637,6.98866586,7.10254635,8980240
2019-05-07,7.16248345,7.24040168,6.8927665,7.04860296,5710503
2019-05-08,6.8927665,7.39623814,6.86279795,7.25838281,7804142
2019-05-09,7.17447087,7.36027588,7.14450232,7.20443942,4697241
2019-05-10,7.22841426,7.52210605,7.18645829,7.52210605,8462286
2019-05-13,7.30033878,7.57604944,7.28235765,7.4322004,5482420
2019-05-14,7.34229475,7.6120117,7.3123262,7.43819411,6044893
2019-05-15,7.49813121,7.60002428,7.40822556,7.57604944,4499197
2019-05-16,7.5520746,8.00160285,7.51011863,8.00160285,10536665
2019-05-17,7.99560914,7.99560914,7.58803686,7.6120117,8055698
2019-05-20,7.5520746,7.74387332,7.45018153,7.71989848,4890831
2019-05-21,7.69592364,8.44513739,7.67794251,8.17542044,13284805
2019-05-22,8.10349592,8.22936383,8.0315714,8.1514456,6982380
2019-05-23,8.06753366,8.29529464,8.02557769,8.13346447,6141460
2019-05-24,8.0315714,8.10948963,7.74387332,7.82179155,7949591
2019-05-27,7.87573494,8.2113827,7.85775381,8.20538899,6831994
2019-05-28,8.15743931,8.42715626,8.0915085,8.29529464,9288551
2019-05-29,8.27731351,8.37920658,8.16942673,8.20538899,6537526
2019-05-30,8.19340157,8.391194,8.12747076,8.31327577,7714918
2019-05-31,8.25933238,8.37321287,8.1514456,8.1514456,5579919
2019-06-03,8.11548334,8.34923803,8.10948963,8.12147705,5765884
2019-06-04,8.10349592,8.12147705,7.86374752,7.93567204,5272795
2019-06-05,8.08551479,8.1514456,7.80980413,7.83377897,4288224
2019-06-06,7.86374752,7.9116972,7.46216895,7.51011863,5672558
2019-06-10,7.57005573,7.82179155,7.5520746,7.69592364,4155818
2019-06-11,7.75586074,8.02557769,7.6120117,7.98961543,4979814
2019-06-12,8.12147705,8.28930093,8.05554624,8.15743931,7249499
2019-06-13,8.09750221,8.69687321,8.07952108,8.54703046,13417770
2019-06-14,8.49308707,8.68488579,8.30128835,8.36122545,8830258
2019-06-17,8.45712481,8.60696756,8.16343302,8.22936383,8145179
2019-06-18,8.38520029,8.38520029,8.2113827,8.22936383,6153603
2019-06-19,8.4047184,8.5861152,8.35029936,8.36843904,6758613
2019-06-20,8.2837872,8.918676,8.26564752,8.86425696,14511388
2019-06-21,8.767512,8.99728128,8.74937232,8.86425696,9885590
2019-06-24,8.7977448,9.40844736,8.7977448,9.22705056,16312137
2019-06-25,9.1907712,9.28751616,8.99728128,9.14239872,9160701
2019-06-26,9.1303056,9.1303056,8.8884432,9.06984,6498785
2019-06-27,9.06379344,9.17867808,8.97309504,9.06984,6791763
2019-06-28,9.08193312,9.1303056,8.78565168,8.97309504,9132162
2019-07-01,9.1303056,9.37821456,8.98518816,9.23914368,8984795
2019-07-02,9.25728336,9.33588864,9.1000728,9.26332992,7466839
2019-07-03,9.18472464,9.23309712,8.84007072,8.93076912,9507030
2019-07-04,8.99728128,9.54147168,8.9791416,9.33588864,16134392
2019-07-05,9.24519024,9.29960928,8.9489088,9.02146752,11830338
2019-07-08,8.9791416,9.06379344,8.7977448,8.8279776,7856342
2019-07-09,8.86425696,8.86425696,8.56797552,8.68286016,5571929
2019-07-10,8.84007072,9.1303056,8.75541888,8.78565168,7326790
2019-07-11,8.78565168,8.9791416,8.66472048,8.77960512,5590778
2019-07-12,8.83402416,9.03356064,8.70099984,8.98518816,5495433
2019-07-15,8.97309504,9.2814696,8.8279776,9.221004,8066119
2019-07-16,9.23309712,9.2814696,9.05170032,9.1303056,7395037
2019-07-17,9.1303056,9.14844528,9.0093744,9.0396072,4256440
2019-07-18,9.06984,9.06984,8.80379136,8.8582104,4559786
2019-07-19,8.89448976,9.2814696,8.86425696,9.21495744,7986002
2019-07-22,9.14844528,9.22705056,8.8884432,9.02751408,7016008
2019-07-23,8.99123472,9.37821456,8.96100192,9.37821456,7613715
2019-07-24,9.31774896,9.63217008,9.31774896,9.4024008,10594285
2019-07-25,9.45077328,9.62612352,9.36007488,9.5535648,7635613
2019-07-26,9.46891296,9.7651944,9.4326336,9.69263568,8196680
2019-07-29,9.75310128,9.77728752,9.55961136,9.6442632,6303460
2019-07-30,9.674496,10.01914992,9.6442632,9.89821872,10767107
2019-07-31,9.89217216,9.9465912,9.68658912,9.89821872,6883477
2019-08-01,9.82566,9.82566,9.57170448,9.59589072,8951769
2019-08-02,9.31774896,9.7349616,9.26332992,9.65635632,7566604
2019-08-05,9.62612352,9.78333408,9.3117024,9.37821456,8839644
2019-08-06,9.16658496,9.49914576,9.05774688,9.33588864,8370379
2019-08-07,9.48705264,9.4930992,8.99728128,9.00332784,7457144
2019-08-08,9.1000728,9.4326336,9.06379344,9.32984208,9373933
2019-08-09,9.4024008,9.43868016,8.8279776,8.918676,10887845
2019-08-12,8.98518816,9.11821248,8.77960512,9.11216592,6206778
2019-08-13,9.06984,9.06984,8.8582104,8.9489088,4548885
2019-08-14,9.08797968,9.29960928,8.918676,9.05774688,6821945
2019-08-15,8.82193104,9.05774688,8.78565168,8.99728128,6946631
2019-08-16,8.89448976,9.3117024,8.8582104,9.2512368,8656241
2019-08-19,9.22705056,9.57170448,9.11821248,9.51123888,11251340
2019-08-20,9.45681984,9.65635632,9.40844736,9.48705264,8984983
2019-08-21,9.49914576,9.74100816,9.46891296,9.62612352,8960970
2019-08-22,9.57170448,9.7651944,9.50519232,9.62007696,7508386
2019-08-23,9.69868224,9.84984624,9.50519232,9.674496,6771795
2019-08-26,9.54147168,9.72286848,9.4628664,9.674496,5969572
2019-08-27,9.68054256,9.89217216,9.63217008,9.78938064,7901622
2019-08-28,9.75914784,9.9465912,9.71077536,9.7651944,6471838
2019-08-29,9.77728752,10.0372896,9.77728752,9.81961344,8845846
2019-08-30,9.86798592,10.3396176,9.80147376,10.23682608,16065454
2019-09-02,10.23682608,11.22241536,10.23682608,11.1559032,25130882
2019-09-03,11.11962384,11.3070672,10.95636672,11.17404288,18058359
2019-09-04,11.10753072,11.22846192,10.75078368,10.95032016,13730879
2019-09-05,10.96241328,11.1559032,10.86566832,10.99264608,14127465
2019-09-06,10.9442736,10.98659952,10.7628768,10.84752864,8723635
2019-09-09,10.883808,11.034972,10.7931096,11.034972,8653633
2019-09-10,11.04101856,11.41590528,10.8535752,10.88985456,14414047
2019-09-11,10.96845984,11.01683232,10.7024112,10.87171488,8565123
2019-09-12,10.8233424,10.883808,10.46659536,10.7024112,9792586
2019-09-16,10.86566832,10.86566832,10.59357312,10.67822496,5655369
2019-09-17,10.66008528,10.72659744,10.29124512,10.37589696,7176687
2019-09-18,10.4605488,10.55729376,10.23077952,10.53310752,5920730
2019-09-19,10.53310752,10.732644,10.50287472,10.64799216,6030808
2019-09-20,10.62985248,10.7024112,10.40612976,10.62380592,4822332
2019-09-23,10.6419456,10.6721784,10.21263984,10.4000832,5691575
2019-09-24,10.36380384,10.59961968,10.29124512,10.43636256,5600998
2019-09-25,10.430316,10.71450432,10.38194352,10.44240912,7387157
2019-09-26,10.58148,10.58148,9.7651944,9.7651944,10111436
2019-09-27,9.9163584,10.5512472,9.80147376,10.3698504,11310691
2019-09-30,10.3698504,10.43636256,9.88007904,9.9465912,7579296
2019-10-08,10.04333616,10.04333616,9.57775104,9.60798384,6834579
2019-10-09,9.63821664,9.75310128,9.523332,9.68658912,3831927
2019-10-10,9.72286848,9.90426528,9.674496,9.88007904,4642827
2019-10-11,9.8558928,10.00101024,9.78333408,9.98287056,3867090
2019-10-14,10.0070568,10.34566416,9.98891712,10.11589488,7117034
2019-10-15,10.15217424,10.15217424,9.7651944,9.78938064,4835177
2019-10-16,9.82566,9.91031184,9.68054256,9.7954272,4001225
2019-10-17,9.7954272,9.7954272,9.52937856,9.6442632,4576467
2019-10-18,9.65635632,9.71077536,9.41449392,9.41449392,3873691
2019-10-21,9.4024008,9.66240288,9.221004,9.66240288,4969966
2019-10-22,9.58984416,9.72891504,9.50519232,9.69868224,4406340
2019-10-23,9.81961344,9.91031184,9.54147168,9.6140304,4279768
2019-10-24,9.6140304,9.68658912,9.372168,9.4628664,3251429
2019-10-25,9.41449392,9.72891504,9.41449392,9.69263568,3479023
2019-10-28,9.68054256,10.03124304,9.65635632,9.9465912,5036004
2019-10-29,9.976824,10.01310336,9.69263568,9.7651944,4237389
2019-10-30,9.7651944,9.83170656,9.50519232,9.53542512,3341212
2019-10-31,9.53542512,9.60193728,9.3117024,9.36007488,3686326
2019-11-01,9.34798176,9.51728544,9.33588864,9.48705264,3242512
2019-11-04,9.48705264,9.7954272,9.48705264,9.69263568,4627468
2019-11-05,9.69868224,9.75914784,9.54751824,9.58984416,3545596
2019-11-06,9.674496,9.89217216,9.62612352,9.69868224,5454967
2019-11-07,9.59589072,9.84379968,9.59589072,9.77124096,3298517
2019-11-08,9.8861256,9.8861256,9.59589072,9.68658912,3677452
2019-11-11,9.62612352,9.62612352,9.41449392,9.44472672,3410040
2019-11-12,9.44472672,9.78938064,9.39030768,9.7651944,4693778
2019-11-13,9.75914784,9.75914784,9.44472672,9.51123888,4583303
2019-11-14,9.51123888,9.54147168,9.39030768,9.45681984,2686512
2019-11-15,9.4326336,9.66240288,9.42054048,9.46891296,2874212
2019-11-18,9.4628664,9.63217008,9.4024008,9.62007696,3002794
2019-11-19,9.55961136,9.72891504,9.523332,9.71682192,2642445
2019-11-20,9.7349616,9.77124096,9.62612352,9.7651944,3060097
2019-11-21,9.7651944,9.7651944,9.5837976,9.6442632,2351067
2019-11-22,9.58984416,9.69868224,9.221004,9.29356272,5089104
2019-11-25,9.18472464,9.39635424,8.86425696,8.8884432,5753851
2019-11-26,8.8884432,9.08797968,8.80379136,8.94286224,3463510
2019-11-27,8.9489088,9.14239872,8.88239664,9.00332784,3191627
2019-11-28,9.00332784,9.15449184,8.99728128,9.1000728,2525714
2019-11-29,9.0396072,9.16658496,8.96704848,9.10611936,1532811
2019-12-02,9.14844528,9.14844528,8.96100192,8.99123472,2004817
2019-12-03,9.05170032,9.1303056,8.96704848,9.1303056,2461405
2019-12-04,9.06984,9.33588864,9.06984,9.28751616,2753725
2019-12-05,9.28751616,9.72891504,9.28751616,9.674496,5234922
2019-12-06,9.674496,9.78333408,9.62007696,9.75914784,4717418
2019-12-09,9.83170656,9.94054464,9.5535648,9.60193728,4863371
2019-12-10,9.5837976,9.65635632,9.48100608,9.57775104,3301299
2019-12-11,9.6140304,9.6442632,9.50519232,9.523332,2189365
2019-12-12,9.523332,9.74705472,9.49914576,9.6442632,3940148
2019-12-13,9.6442632,9.89217216,9.6442632,9.78938064,4153792
2019-12-16,9.81356688,10.0372896,9.71682192,9.976824,4494620
2019-12-17,10.0372896,10.14612768,9.89217216,10.0977552,5559847
2019-12-18,10.0977552,10.18240704,9.92240496,10.00101024,3629070
2019-12-19,10.0372896,10.06147584,9.8861256,9.976824,3109525
2019-12-20,9.976824,10.01914992,9.80147376,9.80147376,3014000
2019-12-23,9.80147376,9.93449808,9.68658912,9.69868224,4741587
2019-12-24,9.69263568,9.78938064,9.60798384,9.77728752,3765537
2019-12-25,9.83170656,9.83775312,9.63217008,9.75914784,3621350
2019-12-26,9.74705472,9.81961344,9.62612352,9.72286848,4044471
2019-12-27,9.7349616,9.74705472,9.55961136,9.55961136,4613890
2019-12-30,9.54751824,9.65030976,9.28751616,9.57775104,4824201
2019-12-31,9.63821664,9.7349616,9.57775104,9.65635632,3444658
2020-01-02,9.65635632,9.88007904,9.65635632,9.82566,4200532
2020-01-03,9.82566,9.91031184,9.7349616,9.87403248,4649129
2020-01-06,9.8861256,10.20054672,9.87403248,9.93449808,7205716
2020-01-07,9.95263776,10.127988,9.9465912,10.00101024,5187394
2020-01-08,10.0372896,10.1582208,9.84984624,9.976824,6559278
2020-01-09,9.976824,10.0977552,9.78333408,10.01914992,6583734
2020-01-10,10.0675224,10.12194144,9.89821872,9.91031184,3885331
2020-01-13,9.9163584,9.98891712,9.69868224,9.96473088,7277727
2020-01-14,10.02519648,10.39403664,10.02519648,10.04333616,11732993
2020-01-15,10.0675224,10.279152,9.84984624,10.24287264,9590722
2020-01-16,10.17636048,10.3698504,10.14008112,10.19450016,7166952
2020-01-17,10.10984832,10.19450016,9.40844736,9.45681984,17534102
2020-01-20,9.4024008,9.42054048,9.10611936,9.29356272,8678571
2020-01-21,9.30565584,9.35402832,9.20286432,9.21495744,5429333
2020-01-22,9.20891088,9.38426112,9.08193312,9.32984208,5916527
2020-01-23,9.2512368,9.34798176,8.88239664,8.97309504,6089778
2020-02-03,8.07820416,8.07820416,8.07820416,8.07820416,907400
2020-02-04,7.3768032,8.1023904,7.3768032,7.96936608,8214074
2020-02-05,7.98750576,8.29588032,7.9209936,8.02983168,6400540
2020-02-06,8.1023904,8.30797344,8.03587824,8.18704224,7413919
2020-02-07,8.13866976,8.27169408,7.97541264,8.16890256,6261305
2020-02-10,8.13866976,8.51355648,8.11448352,8.465184,6546062
2020-02-11,8.45913744,8.57402208,8.38053216,8.45309088,5320207
2020-02-12,8.38657872,8.60425488,8.38657872,8.58006864,4494530
2020-02-13,8.5256496,8.7372792,8.5256496,8.61030144,4684488
2020-02-14,8.44704432,8.69495328,8.44099776,8.64053424,4753464
2020-02-17,9.0396072,9.50519232,8.90053632,9.50519232,12743868
2020-02-18,10.45450224,10.45450224,10.16426736,10.45450224,36101633
2020-02-19,9.8558928,10.62985248,9.8558928,10.02519648,36429743
2020-02-20,9.95263776,10.15217424,9.68658912,9.87403248,20623998
2020-02-21,9.96473088,10.43636256,9.89217216,10.34566416,22064061
2020-02-24,10.18240704,10.58752656,10.03124304,10.50892128,20583130
2020-02-25,10.2186864,11.3675328,9.90426528,11.0652048,26233976
2020-02-26,10.7628768,11.05311168,10.0070568,10.26101232,21992892
2020-02-27,10.31543136,10.62985248,10.0675224,10.3093848,13720610
2020-02-28,9.9163584,10.1884536,9.69263568,9.75310128,12763987
2020-03-02,9.80147376,10.43636256,9.7954272,10.29124512,11367595
2020-03-03,10.4605488,10.93822704,10.23077952,10.40612976,14354021
2020-03-04,10.279152,10.6117128,10.17031392,10.48473504,9158891
2020-03-05,10.61775936,10.72659744,10.40612976,10.5210144,9539048
2020-03-06,10.30333824,10.59357312,10.26101232,10.33357104,6776339
2020-03-09,10.0977552,10.26101232,9.77124096,9.77728752,9372408
2020-03-10,9.7651944,10.0675224,9.5535648,10.04938272,8214586
2020-03-11,10.0977552,10.6721784,10.05542928,10.18240704,12787718
2020-03-12,10.02519648,10.23682608,9.8558928,10.07961552,9098848
2020-03-13,9.66240288,10.3396176,9.5837976,10.27310544,9666665
2020-03-16,10.33357104,10.51496784,9.78333408,9.78938064,12008519
2020-03-17,9.7954272,10.0675224,9.58984416,9.92845152,7172742
2020-03-18,9.92240496,10.0372896,9.20286432,9.27542304,12267469
2020-03-19,9.26332992,10.0070568,9.20891088,9.72286848,14789639
2020-03-20,9.9163584,9.9465912,9.33588864,9.4930992,9651710
2020-03-23,9.29356272,9.29960928,8.69495328,8.89448976,8456746
2020-03-24,9.04565376,9.06984,8.63448768,8.8582104,6853408
2020-03-25,8.99728128,9.11216592,8.81588448,9.0093744,5247097
2020-03-26,9.0093744,9.1000728,8.86425696,9.0396072,4885521
2020-03-27,9.06379344,9.372168,9.02146752,9.21495744,8059673
2020-03-30,8.99728128,9.05774688,8.70099984,8.74937232,5714691
2020-03-31,8.83402416,8.9489088,8.6465808,8.65262736,2965002
2020-04-01,8.65262736,8.76146544,8.4954168,8.51355648,2834916
2020-04-02,8.54378928,8.72518608,8.35634592,8.7070464,2956710
2020-04-03,8.7070464,8.8279776,8.41681152,8.465184,4367706
2020-04-07,8.68890672,9.1000728,8.57402208,8.99728128,8195035
2020-04-08,8.90658288,9.3117024,8.87635008,9.17867808,6218048
2020-04-09,9.2814696,9.36007488,9.0396072,9.10611936,4450792
2020-04-10,9.1907712,9.1907712,8.8582104,8.8582104,3505619
2020-04-13,8.80379136,8.95495536,8.74332576,8.8582104,2499416
2020-04-14,8.89448976,8.94286224,8.84611728,8.94286224,2700754
2020-04-15,8.9791416,9.05774688,8.70099984,8.71309296,5229699
2020-04-16,8.81588448,8.8582104,8.57402208,8.77355856,4579668
2020-04-17,8.80983792,9.14844528,8.80983792,8.98518816,7389300
2020-04-20,9.04565376,9.38426112,9.03356064,9.35402832,10611085
2020-04-21,9.372168,9.46891296,9.21495744,9.42054048,9299654
2020-04-22,9.38426112,9.523332,9.2512368,9.44472672,5340111
2020-04-23,9.4930992,9.77728752,9.4024008,9.66844944,7756033
2020-04-24,9.66844944,10.16426736,9.63217008,10.00101024,12775907
2020-04-27,9.82566,9.84984624,9.523332,9.72891504,7620304
2020-04-28,9.6140304,9.976824,9.39030768,9.81961344,7501779
2020-04-29,9.71077536,9.86798592,9.62007696,9.71077536,4954951
2020-04-30,9.72286848,9.95868432,9.674496,9.78333408,6773578
2020-05-06,9.83775312,10.08566208,9.63821664,10.05542928,6478615
2020-05-07,10.0372896,10.4907816,9.9465912,10.34566416,10901462
2020-05-08,10.35171072,10.62380592,10.3093848,10.39403664,7106093
2020-05-11,10.39403664,10.5512472,10.279152,10.4605488,5609708
2020-05-12,10.4605488,10.72055088,10.39403664,10.55729376,7456155
2020-05-13,10.430316,10.732644,10.41822288,10.46659536,4793320
2020-05-14,10.38799008,10.63589904,10.35171072,10.430316,5479686
2020-05-15,10.52706096,10.74473712,10.34566416,10.64799216,7587006
2020-05-18,10.65403872,11.0954376,10.58148,10.9140408,10078052
2020-05-19,10.9745064,10.98055296,10.72659744,10.82938896,5941867
2020-05-20,10.883808,10.93218048,10.48473504,10.67822496,7511608
2020-05-21,10.6419456,10.6419456,10.34566416,10.43636256,5717596
2020-05-22,10.47868848,10.74473712,10.3698504,10.43636256,5364751
2020-05-25,10.38799008,10.56334032,9.95263776,10.17636048,6771009
2020-05-26,10.23077952,10.32752448,10.07961552,10.26101232,5081384
2020-05-27,10.25496576,10.3093848,9.84984624,9.95868432,6589410
2020-05-28,9.98287056,10.15217424,9.7954272,10.0070568,4674449
2020-05-29,10.01310336,10.127988,9.89217216,10.0372896,4437821
2020-06-01,10.04333616,10.50287472,10.04333616,10.47868848,7009251
2020-06-02,10.47868848,10.57543344,10.3093848,10.33357104,5740833
2020-06-03,10.33357104,10.45450224,10.22473296,10.2489192,5029326
2020-06-04,10.28519856,10.40612976,10.19450016,10.24287264,3996601
2020-06-05,10.24287264,10.33357104,10.01914992,10.08566208,4334101
2020-06-08,10.10380176,10.21263984,9.82566,9.90426528,6312685
2020-06-09,9.98287056,10.79915616,9.80147376,10.6419456,15423495
2020-06-10,10.69636464,10.99264608,10.60566624,10.93218048,12281041
2020-06-11,10.9442736,11.11357728,10.8233424,10.90194768,10037772
2020-06-12,10.76892336,11.2768344,10.75078368,10.883808,12237694
2020-06-15,11.08334448,11.2768344,10.76892336,10.77496992,10681326
2020-06-16,10.87776144,10.99869264,10.66008528,10.77496992,7912884
2020-06-17,10.81124928,10.9442736,10.6419456,10.732644,7918608
2020-06-18,10.66008528,11.0047392,10.5210144,10.93822704,9777176
2020-06-19,10.87171488,11.10148416,10.7024112,10.93822704,9036923
2020-06-22,10.98659952,11.3373,10.93822704,11.02287888,10694580
2020-06-23,11.1256704,11.17404288,10.69636464,11.10753072,9447817
2020-06-24,11.10753072,11.65172112,10.77496992,10.89590112,21135434
2020-06-29,10.76892336,11.98428192,10.76892336,11.45218464,29743286
2020-06-30,11.40381216,11.59730208,11.22846192,11.34334656,17053546
2020-07-01,11.54288304,11.5791624,10.78101648,11.02892544,18598355
2020-07-02,10.92613392,11.11962384,10.7931096,10.93822704,10755900
2020-07-03,10.883808,11.02287888,10.67822496,10.73869056,15616806
2020-07-06,10.73869056,11.16194976,10.71450432,11.10148416,16201929
2020-07-07,11.15626122,12.01443516,11.1380022,11.78315424,19996953
2020-07-08,11.72837718,12.45265164,11.61273672,12.19702536,21290512
2020-07-09,12.4161336,12.46482432,11.9900898,12.2944068,20635749
2020-07-10,12.2335434,12.64132818,12.0509532,12.12398928,14269955
2020-07-13,12.0205215,12.7204506,12.0205215,12.67175988,14872843
2020-07-14,12.60481014,12.96999054,12.31875216,12.62306916,13274527
2020-07-15,12.6291555,12.85435008,12.0509532,12.14833464,13542795
2020-07-16,12.1118166,12.37352922,11.6249094,11.66142744,10661659
2020-07-17,11.66751378,12.2639751,11.5944777,11.85010398,9866202
2020-07-20,12.10573026,12.91521348,12.03878052,12.79348668,15536230
2020-07-21,12.91521348,12.97607688,12.14833464,12.3248385,13789092
2020-07-22,12.28223412,12.89086812,12.05703954,12.71436426,13108384
2020-07-23,12.70827792,13.98640932,12.52568772,13.98640932,21048408
2020-07-24,14.2420356,14.7898062,13.19518512,13.21344414,35521253
2020-07-27,13.21344414,13.76121474,12.78740034,13.50558846,18585331
2020-07-28,13.3595163,14.40028044,13.0247676,14.16899952,20954556
2020-07-29,13.97423664,14.80806522,13.8768552,14.66199306,17703478
2020-07-30,14.66199306,14.93587836,14.28463998,14.72285646,15235052
2020-07-31,14.4854892,14.76546084,13.8159918,14.43679848,15561532
2020-08-03,14.58287064,15.56885772,14.58287064,15.28888608,14970888
2020-08-04,15.14890026,15.28888608,14.64373404,15.08195052,12397404
2020-08-05,14.83849692,16.42703166,14.80197888,15.7636206,17376143
2020-08-06,15.9462108,16.6157082,15.4897353,15.87317472,20011679
2020-08-07,16.0375059,17.46170946,15.50799432,17.21825586,26947327
2020-08-10,17.04783834,18.34422876,16.7678667,17.1634788,22068778
2020-08-11,16.77395304,18.38683314,16.44529068,17.65647234,22084684
2020-08-12,17.39475972,17.63821332,15.89143374,15.92186544,21136575
2020-08-13,15.73927524,16.5852765,15.73927524,16.23835512,12476131
2020-08-14,15.8549157,16.9504569,15.83057034,16.4635497,11430090
2020-08-17,16.73134866,17.36432802,16.39051362,17.13913344,13601531
2020-08-18,17.041752,17.57734992,16.80438474,17.10870174,12954148
2020-08-19,17.11478808,17.4677958,16.69483062,16.737435,9781692
2020-08-20,16.6765716,16.69483062,15.7331889,15.75144792,11494596
2020-08-21,15.90969276,16.1896644,15.22802268,15.4288719,11786827
2020-08-24,15.73927524,16.12271466,15.22802268,15.74536158,7657048
2020-08-25,15.6723255,15.824484,14.6985111,14.8811013,13908452
2020-08-26,14.89327398,15.14890026,14.43071214,14.58895698,7263651
2020-08-27,14.6376477,14.911533,14.26638096,14.6680794,8094509
2020-08-28,14.65590672,15.17324562,14.44288482,15.13672758,10978975
2020-08-31,15.0332598,15.07586418,14.3637624,14.69242476,12693580
2020-09-01,14.7898062,15.824484,14.6985111,15.64798014,15631501
2020-09-02,15.43495824,16.16531904,15.43495824,15.7027572,13798069
2020-09-03,15.824484,15.8853474,15.0941232,15.21585,9318589
2020-09-04,14.84458326,15.19150464,14.6680794,14.94805104,6813997
2020-09-07,15.13064124,15.35583582,14.71068378,14.83849692,6942219
2020-09-08,14.84458326,15.04543248,14.12639514,14.43679848,7784033
2020-09-09,14.302899,14.80197888,13.7246967,14.37593508,10775314
2020-09-10,14.29072632,14.34550338,13.31691192,13.3290846,10440165
2020-09-11,13.3290846,13.51776114,12.98824956,13.46907042,7401779
2020-09-14,13.47515676,14.26638096,13.42646604,13.93163226,8631075
2020-09-15,13.998582,14.07770442,13.55427918,13.8159918,6553395
2020-09-16,13.82207814,13.96206396,13.4508114,13.59079722,4621394
2020-09-17,13.53602016,14.0898771,13.33517094,13.91945958,5784440
2020-09-18,13.8768552,14.41245312,13.79164644,14.1811722,7776149
2020-09-21,14.18725854,14.911533,14.13856782,14.68025208,11851439
2020-09-22,14.4854892,14.607216,13.70035134,13.80381912,8864027
2020-09-23,14.00466834,14.04118638,13.4812431,13.70643768,6542344
2020-09-24,13.71252402,13.93163226,13.21344414,13.35342996,6404723
2020-09-25,13.29256656,13.62731526,13.12823538,13.34125728,5212089
2020-09-28,13.34734362,13.50558846,12.94564518,12.98824956,5106608
2020-09-29,13.07345832,13.67600598,13.07345832,13.63948794,7800333
2020-09-30,13.54819284,13.91337324,13.3290846,13.7551284,6688381
2020-10-09,13.9681503,14.14465416,13.8159918,14.0898771,7652046
2020-10-12,14.26638096,14.6680794,13.998582,14.55243894,8959564
2020-10-13,14.52809358,15.3375768,14.44897116,15.05151882,13269234
2020-10-14,15.14281392,15.45321726,14.607216,14.78371986,10792161
2020-10-15,14.66199306,15.0332598,14.55243894,14.8202379,5966871
2020-10-16,14.72285646,14.9419647,14.3637624,14.50374822,5777859
2020-10-19,14.59504332,14.77154718,14.302899,14.55243894,6075737
2020-10-20,14.35767606,14.58895698,14.1203088,14.56461162,4405130
2020-10-21,14.67416574,14.67416574,14.09596344,14.1507405,5118423
2020-10-22,14.07161808,14.16899952,13.694265,13.96206396,3621871
2020-10-23,14.09596344,14.72285646,13.91337324,14.44288482,8570144
2020-10-26,14.32724436,14.75328816,14.0594454,14.3941941,5952539
2020-10-27,14.31507168,14.78371986,14.31507168,14.56461162,7125152
2020-10-28,14.43071214,14.43679848,13.86468252,14.0594454,7776340
2020-10-29,13.57862454,13.83425082,13.25604852,13.6638333,8785087
2020-10-30,13.79164644,14.02292736,12.781314,12.84826374,10794107
2020-11-02,12.98824956,12.98824956,12.28832046,12.89695446,10061030
2020-11-03,12.9639042,13.52384748,12.82391838,13.51776114,6408192
2020-11-04,13.56036552,13.6638333,13.29256656,13.55427918,5326583
2020-11-05,13.7551284,14.10813612,13.5725382,13.65166062,7721205
2020-11-06,13.63948794,13.85250984,13.44472506,13.6334016,5399390
2020-11-09,13.70643768,14.302899,13.28648022,14.16291318,9223677
2020-11-10,14.43071214,15.65406648,14.16291318,15.07586418,18994564
2020-11-11,15.0332598,15.03934614,13.9377186,13.9681503,13644755
2020-11-12,14.19943122,14.46723018,13.8159918,14.05335906,7367729
2020-11-13,14.04727272,14.70459744,13.97423664,14.61938868,11650076
2020-11-16,14.82632424,15.69667086,14.7289428,15.02717346,15856593
2020-11-17,14.98456908,15.20976366,14.6376477,14.89936032,9711191
2020-11-18,14.78371986,15.520167,14.7289428,15.46538994,13068448
2020-11-19,15.20976366,15.9157791,14.607216,15.824484,18144330
2020-11-20,15.95229714,16.08011028,15.56885772,15.75144792,12578245
2020-11-23,16.0070742,16.0983693,15.6418938,15.6723255,12652384
2020-11-24,15.520167,16.17749172,15.35583582,15.9462108,11946154
2020-11-25,15.98272884,16.12271466,15.44713092,15.44713092,10273181
2020-11-26,15.50799432,15.8549157,15.17933196,15.4897353,8789247
2020-11-27,15.520167,15.8853474,15.01500078,15.7331889,9233731
2020-11-30,15.6114621,16.06185126,15.34366314,15.36192216,8672896
2020-12-01,15.29497242,15.66623916,15.11238222,15.50190798,10057319
2020-12-02,15.52625334,15.7636206,15.13672758,15.6418938,7845181
2020-12-03,15.5505987,15.77579328,15.21585,15.37409484,6550620
2020-12-04,15.75144792,17.2852056,15.75144792,16.6461399,24542917
2020-12-07,17.04783834,17.97296202,17.04783834,17.57126358,27131592
2020-12-08,17.5895226,18.23467464,17.35215534,17.5895226,18549219
2020-12-09,17.88775326,17.99122104,17.16956514,17.18173782,14348327
2020-12-10,17.41910508,17.954703,17.1026154,17.56517724,16679079
2020-12-11,17.41301874,17.73559476,16.78612572,17.19999684,14322811
2020-12-14,16.9200252,17.69299038,16.7982984,17.64429966,12666240
2020-12-15,17.60778162,19.11719394,17.36432802,19.0198125,17514077
2020-12-16,18.64854576,19.0198125,18.38683314,18.7459272,10887749
2020-12-17,18.83113596,18.95286276,18.0764298,18.50855994,10991093
2020-12-18,18.3198834,19.94493618,18.13120686,19.64061918,16975191
2020-12-21,19.476288,21.65519772,19.3849929,21.22915392,15672016
2020-12-22,21.15611784,21.38131242,20.2675122,20.54748384,12826530
2020-12-23,20.5413975,22.5803214,20.3283756,22.5498897,19367062
2020-12-24,22.519458,23.432409,20.1457854,20.46836142,32124827
2020-12-25,20.18230344,21.56998896,20.18230344,21.04047738,19237123
2020-12-28,20.997873,21.63085236,20.28577122,20.98570032,17775710
2020-12-29,20.8761462,20.98570032,19.476288,19.75625964,18105146
2020-12-30,19.93884984,20.9065779,19.65279186,20.56574286,16349548
2020-12-31,20.389239,21.9716874,20.36489364,21.8803923,21566603
2021-01-04,22.47685362,23.81584842,21.5152119,23.09157396,27875560
2021-01-05,22.95158814,23.97409326,22.215141,22.89072474,16810232
2021-01-06,22.81768866,23.96800692,22.40990388,23.3715456,18643211
2021-01-07,23.10374664,23.90714352,22.5803214,23.29242318,17386959
2021-01-08,23.0063652,23.0063652,20.28577122,21.01004568,24710112
2021-01-11,21.01004568,21.28393098,19.79886402,20.13969906,20029396
2021-01-12,19.9936269,21.17437686,19.9936269,20.7544194,15335667
2021-01-13,20.71790136,21.72214746,20.16404442,20.57791554,13962200
2021-01-14,20.31620292,20.5109658,18.91025838,19.34238852,18275171
2021-01-15,19.3545612,19.45802898,18.73984086,19.33630218,11045751
2021-01-18,19.7197416,19.97536788,19.34847486,19.39716558,11660370
2021-01-19,19.39716558,19.780605,18.49030092,18.5937687,11086822
2021-01-20,18.73984086,19.3241295,18.45378288,19.24500708,11143008
2021-01-21,19.3241295,19.97536788,18.9285174,19.64061918,14332230
2021-01-22,19.37282022,19.780605,18.69115014,19.19023002,15337621
2021-01-25,19.3545612,20.4805341,19.34847486,19.77451866,20623458
2021-01-26,19.5980148,19.6588782,18.44769654,18.7154955,13784115
2021-01-27,18.73984086,20.19447612,18.46595556,19.59192846,15867815
2021-01-28,19.36673388,20.12752638,18.98329446,19.05633054,10445770
2021-01-29,19.29978414,19.40933826,17.4982275,17.99122104,16540084
2021-02-01,18.0155664,18.25902,17.23651488,17.29129194,11362763
2021-02-02,17.30955096,18.00948006,16.8895935,17.9242713,11481057
2021-02-03,17.8938396,17.89992594,17.1634788,17.26086024,7769672
2021-02-04,17.10870174,17.45562312,16.3722546,16.50615408,10910662
2021-02-05,16.77395304,17.09652906,15.89752008,16.0375059,10236182
2021-02-08,15.95838348,16.42094532,15.7027572,16.17140538,6193081
2021-02-09,16.22618244,18.13120686,16.14706002,18.00339372,12111000
2021-02-10,17.93644398,17.94253032,17.30346462,17.51648652,9545475
2021-02-18,17.69907672,18.12512052,17.41910508,17.69907672,8447699
2021-02-19,17.69907672,18.05208444,17.39475972,17.954703,7948707
2021-02-22,17.954703,18.97112178,17.79037182,17.97904836,13977949
2021-02-23,17.650386,17.78428548,16.433118,17.2547739,16199201
2021-02-24,17.58343626,17.97296202,17.19999684,17.346069,11375910
2021-02-25,17.50431384,18.3198834,17.44345044,18.00339372,12927873
2021-02-26,17.4069324,17.8329762,16.9504569,17.1026154,10167112
2021-03-01,17.2852056,17.50431384,16.8895935,17.2243422,6702832
2021-03-02,17.40084606,17.45562312,16.6157082,16.8287301,7045193
2021-03-03,16.68874428,16.93219788,16.22618244,16.87133448,8174257
2021-03-04,16.68265794,16.91393886,16.0679376,16.21400976,8354040
2021-03-05,15.97055616,16.36616826,15.824484,16.18357806,5641275
2021-03-08,16.2200961,16.41485898,14.911533,14.93587836,12774835
2021-03-09,14.93587836,14.98456908,14.00466834,14.0290137,9190751
2021-03-10,14.302899,14.68633842,14.08379076,14.22377658,6833349
2021-03-11,14.3333307,14.58895698,14.22377658,14.5463526,4819290
2021-03-12,14.58895698,14.65590672,14.1811722,14.31507168,4865008
2021-03-15,14.31507168,14.5463526,13.94989128,14.14465416,5067200
2021-03-16,14.22986292,14.40028044,13.73078304,13.9072869,6543435
2021-03-17,14.0594454,14.28463998,13.7551284,14.13856782,4541834
2021-03-18,14.2724673,14.43679848,14.03510004,14.20551756,5569475
2021-03-19,13.9072869,14.60112966,13.85250984,14.22986292,6744650
2021-03-22,14.19334488,14.70459744,14.1811722,14.4550575,7596666
2021-03-23,14.47331652,14.5159209,13.93163226,14.10813612,5565587
2021-03-24,14.20551756,14.26029462,13.6638333,13.68817866,6734595
2021-03-25,13.82207814,13.96206396,13.56036552,13.76730108,3503742
2021-03-26,13.86468252,14.33941704,13.7551284,14.24812194,5752343
2021-03-29,14.23594926,14.52809358,14.10204978,14.26638096,5735241
2021-03-30,14.24812194,14.99674176,14.1811722,14.68025208,11500657
2021-03-31,14.4246258,14.46723018,13.7855601,13.998582,7670171
2021-04-01,14.09596344,14.1203088,13.62731526,13.74295572,5553747
2021-04-02,13.77338742,13.94989128,13.66991964,13.89511422,3614551
2021-04-06,13.8768552,14.13248148,13.87076886,14.01075468,3606817
2021-04-07,14.01684102,14.10813612,13.64557428,13.998582,4641232
2021-04-08,13.9072869,14.0290137,13.76730108,13.8159918,4110582
2021-04-09,13.80381912,14.20551756,13.76121474,13.8768552,4973184
2021-04-12,13.8464235,13.86468252,13.03694028,13.0551993,7244287
2021-04-13,13.06128564,13.14040806,12.86043642,12.93955884,3321669
2021-04-14,13.03085394,13.35342996,12.9334725,13.2986529,3121937
2021-04-15,13.18301244,13.56645186,13.09171734,13.46907042,3129258
2021-04-16,13.5725382,13.6029699,13.30473924,13.48732944,2472462
2021-04-19,13.5725382,13.76121474,13.39603434,13.65166062,4502092
2021-04-20,13.694265,13.71861036,13.44472506,13.49950212,4365266
2021-04-21,13.47515676,13.6029699,13.2073578,13.49341578,3196068
2021-04-22,13.56645186,13.68209232,13.42646604,13.50558846,3005434
2021-04-23,13.61514258,14.40636678,13.5116748,14.10813612,11832096
2021-04-26,14.1507405,14.95413738,14.13248148,14.87501496,13918658
2021-04-27,14.87501496,14.8811013,14.38810776,14.68633842,9580860
2021-04-28,14.70459744,15.04543248,14.4854892,14.71677012,9297423
2021-04-29,14.59504332,14.8811013,14.50983456,14.54026626,5950543
2021-04-30,14.56461162,14.6985111,14.29072632,14.4550575,5664907
2021-05-06,14.46114384,14.86284228,14.3333307,14.7289428,5742860
2021-05-07,14.607216,14.66199306,13.9681503,13.9681503,6748407
2021-05-10,13.998582,14.30898534,13.7246967,14.29072632,6457852
2021-05-11,14.1203088,14.5463526,14.01684102,14.43071214,5140817
2021-05-12,14.57069796,14.72285646,14.29681266,14.607216,5187229
2021-05-13,14.43679848,14.80806522,14.40636678,14.56461162,5742218
2021-05-14,14.66199306,15.31931778,14.302899,15.28279974,9964802
2021-05-17,15.3984402,15.67841184,14.97848274,15.08803686,9370371
2021-05-18,14.94805104,15.50799432,14.94805104,15.37409484,8409803
2021-05-19,15.22193634,15.55668504,15.13064124,15.45321726,6435527
2021-05-20,15.4288719,15.824484,15.20976366,15.7940523,9074228
2021-05-21,15.6418938,15.6723255,15.1245549,15.16107294,8141503
2021-05-24,15.01500078,15.63580746,14.98456908,15.47756262,6939170
2021-05-25,15.38626752,15.78796596,15.22193634,15.69667086,8450712
2021-05-26,15.6114621,16.26270048,15.56277138,15.87317472,9634167
2021-05-27,15.824484,16.17749172,15.71492988,15.95838348,6077466
2021-05-28,15.95229714,16.9504569,15.8853474,16.56093114,11125770
2021-05-31,16.6157082,17.51040018,16.37834094,17.21825586,14521475
2021-06-01,17.14521978,17.82080352,16.80438474,16.87133448,17106657
2021-06-02,16.93219788,17.3156373,16.41485898,16.45746336,11692121
2021-06-03,16.5244131,17.00523396,16.26270048,16.4939814,7976472
2021-06-04,16.33573656,17.19999684,16.33573656,17.09652906,8643785
2021-06-07,17.09652906,18.27727902,17.041752,18.11903418,15618014
2021-06-08,17.96687568,18.37466046,17.72342208,18.31379706,11009899
2021-06-09,18.61811406,19.22674806,17.93035764,17.97904836,13155689
2021-06-10,17.94861666,18.50855994,17.82080352,18.16163856,7966881
2021-06-11,18.1981566,18.867654,18.05817078,18.24076098,10780141
2021-06-15,17.8329762,18.69115014,17.52257286,18.3198834,8631080
2021-06-16,18.38683314,18.5937687,17.82080352,17.99122104,8723993
2021-06-17,18.0459981,18.35640144,17.54083188,18.0764298,6533221
2021-06-18,18.12531185,18.8894481,17.727961,18.68160304,12118796
2021-06-21,18.43707944,19.62913199,18.4004009,19.61079272,13887372
2021-06-22,19.72082834,19.83697705,18.8894481,19.24400732,7823932
2021-06-23,19.23789423,19.64747126,19.06061462,19.30513822,8165849
2021-06-24,19.5007571,20.37492897,18.4004009,18.48598416,13729336
2021-06-25,18.35760927,19.56800109,18.11308567,19.48853092,11408341
2021-06-28,19.67192362,20.55220858,19.56800109,20.09372683,11826486
2021-06-29,20.09372683,20.2954588,19.65358435,19.89810795,8153331
2021-06-30,20.10595301,20.12429228,19.2562335,19.69026289,6681626
2021-07-01,19.72694143,20.1120661,18.57156742,18.68771613,8410107
2021-07-02,18.34538309,18.55322815,17.28781852,17.39174105,13273331
2021-07-05,17.35506251,18.08252022,17.34283633,17.88078825,7752450
2021-07-06,17.92969297,18.08252022,17.41008032,17.89301443,6046143
2021-07-07,17.77686572,21.36524955,17.75852645,21.03514269,19595394
2021-07-08,21.0290296,21.90320147,20.6622442,21.25521393,18095223
2021-07-09,21.02291651,22.4961712,20.9678987,21.95821928,13119043
2021-07-12,21.79927894,22.36168322,21.38970191,22.22719524,9672184
2021-07-13,22.21496906,22.9240875,21.53641607,22.51451047,11004603
2021-07-14,22.1905167,22.1905167,21.21853539,21.68924332,9436588
2021-07-15,21.68924332,22.02546327,20.67447038,21.29189247,8672867
2021-07-16,21.2735532,23.229742,21.05348196,22.4961712,13677323
2021-07-19,22.08659417,22.91797441,21.56698152,21.69535641,10101892
2021-07-20,21.13295213,22.3127785,20.83341072,21.85429675,8172529
2021-07-21,22.24553451,23.1074802,21.75037422,22.7406948,9859565
2021-07-22,22.6795639,22.82016497,21.86040984,22.36168322,7068716
2021-07-23,21.99489782,24.05500915,21.7626004,23.51705723,15684556
2021-07-26,23.89606881,24.37900292,22.9240875,23.85939027,18357241
2021-07-27,23.48037869,24.1467055,22.3739094,22.69179008,16033281
2021-07-28,22.3127785,22.3739094,19.55577491,20.173197,17048017
2021-07-29,20.5399824,21.8848622,20.5399824,21.55475534,14671555
2021-07-30,21.65867787,21.75037422,20.70503583,21.24298775,10365603
2021-08-02,21.5792077,22.9240875,21.24910084,22.71012935,15639018
2021-08-03,22.57564137,23.4131347,22.28832614,22.78959952,12784904
2021-08-04,22.78959952,24.99031192,22.60009373,23.94497353,20638949
2021-08-05,24.2689673,28.13244018,24.1467055,27.80844641,25649341
2021-08-06,27.8145595,27.98572602,26.55526296,27.508905,17014228
2021-08-09,27.3866432,29.99081954,27.17268505,29.21445711,18826996
2021-08-10,28.1813449,30.76718197,28.120214,29.23279638,17948997
2021-08-11,28.88435025,30.46764056,28.34639833,30.30258713,17735440
2021-08-12,29.71573049,29.94191482,28.21802344,29.60569487,19536693
2021-08-13,28.4258685,28.61537429,26.21292992,26.35964408,32322561
2021-08-16,26.91593527,27.508905,25.60162092,26.37798335,17629713
2021-08-17,26.33519172,27.5700359,25.9806325,26.5308106,16933476
2021-08-18,26.15791211,27.6311668,25.68109109,26.09678121,18420397
2021-08-19,26.09678121,28.120214,25.58939474,27.02597089,26650524
2021-08-20,27.20936359,28.4258685,26.286287,27.63727989,17753990
2021-08-23,27.90625585,30.30870022,27.16045887,29.11053458,20107985
2021-08-24,27.508905,30.6877118,26.74476875,30.26590859,25816857
2021-08-25,29.954141,29.954141,28.47477322,29.33060582,17729888
2021-08-26,28.80488008,29.92357555,28.04685692,28.4869994,13418730
2021-08-27,28.40141614,28.83544553,27.72897624,28.16300563,11743477
2021-08-30,28.23024962,29.70350431,28.120214,28.68873137,14350755
2021-08-31,28.21191035,30.16809915,28.12632709,29.22668329,11723396
2021-09-01,28.89046334,29.80131375,26.38409644,26.72031639,17661879
2021-09-02,26.26794773,28.00406529,26.1028943,27.508905,13424010
2021-09-03,27.61894062,27.61894062,23.841051,25.063669,25758702
2021-09-06,25.28985333,25.46101985,24.5746218,25.20427007,11761117
2021-09-07,25.40600204,26.34130481,24.77024068,25.56494238,10020682
2021-09-08,25.66886491,26.01119795,24.89861557,25.14313917,7163801
2021-09-09,24.99642501,26.21292992,24.60518725,25.62607328,9922988
2021-09-10,25.62607328,26.23738228,25.35709732,25.63829946,8454254
2021-09-13,25.28985333,25.75444817,24.5746218,25.3081926,8237298
2021-09-14,25.674978,26.5919415,25.1247999,25.56494238,10599068
2021-09-15,25.05755591,25.71165654,24.65409197,25.52826384,6501649
2021-09-16,25.3693235,25.3693235,23.2908729,23.70656302,14910223
2021-09-17,23.60264049,24.9414072,23.229742,24.16504477,12226663
2021-09-22,23.68822375,26.2251561,23.66377139,25.50381148,11111191
2021-09-23,25.64441255,25.9806325,24.78246686,25.57105547,8223824
2021-09-24,25.1859308,25.77278744,25.063669,25.27151406,5779381
2021-09-27,24.93529411,25.39988895,23.4742656,23.9633128,11595122
2021-09-28,23.83493791,24.6357527,23.63931903,23.80437246,5772015
2021-09-29,23.43147397,24.03666988,22.64899845,22.6795639,6609596
2021-09-30,22.74680789,23.61486667,22.68567699,23.61486667,5988952
2021-10-08,23.58430122,23.68211066,21.95821928,22.13549889,7884550
2021-10-11,22.34334395,23.46203942,21.79316585,22.53896283,10484361
2021-10-12,22.28832614,22.8629566,21.395815,21.71980877,7467082
2021-10-13,21.63422551,21.8848622,21.1512914,21.81761821,5554733
2021-10-14,21.83595748,24.01221752,21.58532079,23.69433684,10580292
2021-10-15,23.55373577,24.48903854,23.35811689,24.07334842,8326455
2021-10-18,24.12836623,25.21649625,23.95719971,24.99642501,7085425
2021-10-19,24.83137158,25.08812136,24.28730657,24.72744905,6849653
2021-10-20,24.8191454,25.1859308,24.3912291,24.76412759,4568751
2021-10-21,24.8191454,24.86805012,24.31787202,24.47069927,4248309
2021-10-22,24.33621129,24.60518725,23.9021819,24.09168769,4470515
2021-10-25,24.09168769,25.05755591,23.92663426,24.78246686,6004900
2021-10-26,24.70299669,25.15536535,24.46458618,25.02087737,5656327
2021-10-27,25.4915853,25.97451941,23.57207504,24.01833061,11486211
2021-10-28,23.55984886,24.1467055,22.9240875,23.22362891,7941481
2021-10-29,23.37034307,25.9806325,23.1074802,25.51603766,14083284
2021-11-01,25.674978,25.77890053,24.97197265,25.57105547,12004562
2021-11-02,25.74833508,26.74476875,25.55882929,26.51247133,15527731
2021-11-03,25.91338851,26.9587269,25.58939474,26.5919415,13122233
2021-11-04,26.59805459,27.3866432,26.14568593,27.1421196,12115329
2021-11-05,26.897596,26.99540544,26.06010267,26.5919415,7421412
2021-11-08,26.67752476,29.82576611,26.13957284,28.37085069,14759875
2021-11-09,27.93070821,30.56545,27.88180349,30.00304572,14562821
2021-11-10,29.8318792,30.30870022,28.731523,29.00049896,10498872
2021-11-11,29.20223093,29.51399852,28.68873137,29.26947492,6836952
2021-11-12,29.342832,31.91644289,29.04940368,31.2378899,15257605
2021-11-15,31.53131822,32.50329953,30.2597955,30.96891394,11597133
2021-11-16,30.36983112,31.8491989,29.04940368,29.342832,15311555
2021-11-17,29.2817011,30.41262275,29.22668329,30.06417662,8242156
2021-11-18,30.08862898,32.72337077,29.44064144,32.08149632,14385980
2021-11-19,31.92255598,36.067231,31.34792552,33.90319714,21682863
2021-11-22,33.89708405,34.81404755,32.7661624,34.38613125,12025536
2021-11-23,34.22107782,35.35199947,33.68923899,34.15994692,9371100
2021-11-24,34.18439928,34.77125592,32.95566819,33.4997332,8414221
2021-11-25,33.45694157,33.97044113,32.3382461,32.96789437,9361456
2021-11-26,32.99845982,34.45337524,32.91898965,33.59142955,9051057
2021-11-29,33.16351325,36.1894928,33.01679909,35.31532093,14251114
2021-11-30,36.067231,37.43045007,35.09524969,36.067231,12010510
2021-12-01,35.72489796,36.36065932,34.6000894,35.07691042,6938457
2021-12-02,35.3947911,35.455922,32.8884242,33.93987568,13649897
2021-12-03,33.93987568,34.95464862,33.53029865,34.9057439,9162199
2021-12-06,34.844613,35.19305913,33.20630488,33.45694157,10881987
2021-12-07,33.68923899,33.9276495,31.0544972,31.63524075,14632303
2021-12-08,31.98979997,32.27100211,31.2378899,31.94700834,8310837
2021-12-09,31.788068,31.9714607,31.14619355,31.64746693,6660179
2021-12-10,31.3601517,31.6046753,30.84053905,31.0544972,8089938
2021-12-13,30.61435472,31.04838411,30.19255151,30.8099736,9081185
2021-12-14,30.7488427,32.2771152,30.6265809,31.65358002,11641041
2021-12-15,32.2159843,32.56443043,31.21343754,31.65358002,7986992
2021-12-16,31.43350878,33.010686,31.39071715,32.6439006,9646509
2021-12-17,32.399377,33.40803685,31.59244912,31.68414547,6906766
2021-12-20,31.25622917,32.81506712,31.04227102,31.176759,6986989
2021-12-21,30.8711045,32.1548534,30.8099736,31.8491989,4930466
2021-12-22,32.14874031,33.58531646,31.68414547,32.71114459,6089038
2021-12-23,32.7050315,32.87008493,31.50075277,32.12428795,5348709
2021-12-24,32.12428795,32.66223987,31.39071715,31.68414547,4035530
2021-12-27,31.53131822,31.96534761,31.21343754,31.36626479,2747181
2021-12-28,31.64746693,31.69025856,30.29647404,31.58022294,4235884
2021-12-29,31.56188367,33.3163405,31.42739569,33.1329478,9241722
2021-12-30,33.02291218,35.17471986,32.399377,34.75291665,10422309
2021-12-31,34.77736901,35.3336602,34.24553018,35.2113984,6839263
2022-01-04,34.85683918,35.80436813,33.76259607,35.40090419,6749878
2022-01-05,35.38867801,35.47426127,30.6877118,30.81608669,13969763
2022-01-06,30.81608669,31.37849097,29.5262247,29.61180796,11273505
2022-01-07,29.8318792,30.22923005,29.1594393,29.37339745,6942908
2022-01-10,29.2817011,29.7707483,28.2424758,28.77431463,8811535
2022-01-11,29.0983084,29.26947492,26.90982218,27.1421196,9934589
2022-01-12,27.27660758,28.45643395,27.15434578,28.38918996,9379959
2022-01-13,28.4258685,28.88435025,27.31939921,28.30971979,6285844
2022-01-14,28.23636271,30.10696825,28.04074383,29.14721312,6328584
2022-01-17,29.33671891,30.33315258,28.73763609,30.0152719,8328951
2022-01-18,30.0152719,30.73050343,29.2205702,29.43452835,6402855
2022-01-19,29.16555239,29.41007599,27.8145595,28.34028524,10917347
2022-01-20,28.66427901,28.6703921,26.7142033,27.53335736,10660503
2022-01-21,27.15434578,28.27915434,26.1640252,28.03463074,11584589
2022-01-24,27.88791658,28.40141614,27.3255123,27.83901186,6506987
2022-01-25,28.19968417,29.06162986,27.84512495,27.85735113,7228972
2022-01-26,27.96738675,28.35862451,27.0198578,27.52113118,7678543
2022-01-27,27.61282753,27.99183911,25.8583707,25.93784087,10120402
2022-01-28,26.4085488,27.0198578,25.65052564,25.7361089,10690521
2022-02-07,26.31685245,26.3474179,24.92306793,25.26540097,6366180
2022-02-08,25.26540097,25.45490676,24.13447932,25.02087737,7134834
2022-02-09,25.02087737,26.07844194,24.53183017,25.80335289,6677452
2022-02-10,25.84003143,26.0417634,24.64797888,24.8191454,7223859
2022-02-11,24.69077051,24.91084175,23.97553898,24.18949713,6691199
2022-02-14,24.18338404,25.26540097,24.09780078,24.48903854,5715542
2022-02-15,24.46458618,25.65052564,24.42179455,25.6138471,5982608
2022-02-16,25.60773401,25.60773401,24.9414072,25.35098423,3975141
2022-02-17,25.34487114,26.02953722,24.92918102,25.72999581,5253494
2022-02-18,25.61996019,25.72388272,25.07589518,25.39377586,4726590
2022-02-21,25.41822822,25.77890053,24.68465742,24.6968836,5781528
2022-02-22,25.1247999,25.31430569,23.5353965,24.21394949,7434667
2022-02-23,24.25062803,26.58582841,24.10391387,25.98674559,11258611
2022-02-24,25.99285868,27.85735113,25.674978,26.58582841,17363410
2022-02-25,26.5919415,27.2643814,25.76667435,26.51247133,10303381
2022-02-28,26.90982218,27.1421196,26.1640252,26.39632262,8345062
2022-03-01,26.6530724,27.06876252,26.1028943,26.7753342,6628905
2022-03-02,26.72031639,27.19102432,26.18236447,26.76922111,5897738
2022-03-03,26.897596,27.00151853,25.39988895,25.44268058,7734041
2022-03-04,25.3081926,25.82169216,24.6968836,24.90472866,6232835
2022-03-07,25.00865119,25.96229323,24.90472866,25.13702608,7802123
2022-03-08,25.19204389,25.3693235,20.16708391,21.38358882,27335586
2022-03-09,21.02291651,21.395815,19.87365559,20.99846415,15065526
2022-03-10,21.97044546,23.5965274,21.62811242,22.95465295,13940784
2022-03-11,22.72846862,22.85073042,21.85429675,22.52673665,7021399
2022-03-14,22.3127785,23.26030745,22.0682549,22.67345081,6528777
2022-03-15,22.23942142,23.04023621,22.0682549,22.0682549,8161136
2022-03-16,22.20885597,23.26030745,21.79927894,23.11359329,8465296
2022-03-17,23.39479543,24.68465742,23.39479543,23.77380701,9940117
2022-03-18,23.7799201,23.81048555,22.77126025,22.94853986,5021656
2022-03-21,23.17472419,24.53794326,22.75903407,24.14059241,7425502
2022-03-22,24.20172331,24.50737781,23.57207504,23.71267611,5068343
2022-03-23,23.71267611,25.46101985,23.23585509,24.94752029,7567892
2022-03-24,24.54405635,24.91695484,24.11614005,24.59296107,5306050
2022-03-25,24.78246686,24.89250248,23.57207504,23.77380701,11397300
2022-03-28,23.46203942,23.52928341,21.93988001,22.2516476,9196484
2022-03-29,22.27609996,23.36422998,21.8848622,21.96433237,10578910
2022-03-30,21.9459931,22.96076604,21.48139826,22.60620682,7477640
2022-03-31,22.67345081,22.69790317,21.5792077,21.73814804,7367037
2022-04-01,21.60977315,22.007124,21.40804118,21.64645169,3612915
2022-04-06,21.46917208,21.49362444,20.784506,21.32245792,4707312
2022-04-07,21.15740449,22.23330833,21.15740449,21.22464848,4929842
2022-04-08,21.60366006,21.73203495,20.7233751,20.77839291,5771434
2022-04-11,20.79673218,20.81507145,19.50687019,19.66581053,8323406
2022-04-12,19.561888,19.97757812,19.45796547,19.85531632,4386560
2022-04-13,19.62913199,19.85531632,19.00559681,19.12174552,5478206
2022-04-14,19.2562335,19.65358435,18.93223973,19.18898951,3984900
2022-04-15,19.1339717,19.1339717,18.1558773,18.7671863,7210022
2022-04-18,18.7671863,19.8064116,18.32704382,19.45796547,6349282
2022-04-19,19.58634036,20.18542318,19.47630474,19.56800109,5345630
2022-04-20,19.6230189,19.73305452,18.80997793,18.87110883,4231470
2022-04-21,18.8283172,19.09118007,18.13753803,18.18644275,6030814
2022-04-22,18.13753803,18.41874017,17.53234212,17.71573482,4867691
2022-04-25,17.70350864,17.70350864,15.894034,16.1385576,6224091
2022-04-26,16.13244451,16.36474193,15.34996899,15.39276062,6603566
2022-04-27,15.0382014,16.61537862,14.78145162,16.49922991,6853565
2022-04-28,16.30972412,16.78043205,16.04074816,16.2608194,6915934
2022-04-29,16.505343,17.71573482,16.02240889,17.6668301,9055615
2022-05-05,17.4223065,19.89810795,17.2389138,19.1339717,12954360
2022-05-06,18.6449245,21.07793432,18.43096635,19.8675425,9798804
2022-05-09,19.85531632,21.4569459,19.58022727,20.93122016,9554245
2022-05-10,20.6011133,22.8629566,20.40549442,21.7626004,14720213
2022-05-11,22.007124,22.41058794,20.784506,21.34079719,10925840
2022-05-12,21.0901605,21.8237313,21.05348196,21.4569459,6602355
2022-05-13,21.61588624,21.66479096,21.12072595,21.42638045,3130747
2022-05-16,21.67090405,21.98267164,21.18796994,21.41415427,4186905
2022-05-17,21.54864225,22.22108215,21.02291651,21.95821928,5660236
2022-05-18,22.007124,22.88740896,21.74426113,22.45337957,7194466
2022-05-19,22.03768945,22.77737334,21.67090405,22.59398064,4671766
2022-05-20,22.51451047,23.25419436,22.11104653,22.51451047,4867740
2022-05-23,22.27609996,22.27609996,21.48751135,22.01935018,6850429
2022-05-24,22.24553451,23.13804565,21.65867787,21.65867787,8415379
2022-05-25,21.48139826,22.21496906,21.395815,21.73814804,4883894
2022-05-26,21.62811242,23.73101538,21.46917208,22.99133149,9582146
2022-05-27,23.1074802,23.22362891,22.33111777,22.77126025,7003883
2022-05-30,22.93020059,22.96687913,22.3739094,22.96076604,6943360
2022-05-31,22.80793879,22.9852184,22.52673665,22.8629566,6176463
2022-06-01,23.32755144,23.50483105,22.72846862,22.96076604,7687232
2022-06-02,22.94242677,23.51705723,22.6795639,23.20528964,4748444
2022-06-06,23.33977762,24.6968836,23.01578385,24.37900292,7262356
2022-06-07,24.37900292,24.52571708,23.40702161,23.59041431,6567375
2022-06-08,23.7799201,23.7799201,22.01323709,23.02801003,10902890
2022-06-09,22.66733772,22.77737334,21.73814804,21.85429675,10006870
2022-06-10,21.97655855,23.05246239,21.81150512,22.79571261,11234132
2022-06-13,22.618433,23.54762268,22.57564137,23.13804565,7750372
2022-06-14,22.86906969,22.86906969,22.01323709,22.54507592,6890451
2022-06-15,22.41670103,23.0463493,22.19662979,22.4961712,5718516
2022-06-16,22.42281412,23.34589071,22.3739094,22.78348643,5256275
2022-06-17,22.618433,22.9240875,22.22719524,22.7406948,7199022
2022-06-20,22.67345081,24.40345528,22.56952828,24.13447932,11689417
2022-06-21,23.99387825,23.99387825,22.4350403,22.54507592,11908630
2022-06-22,22.41058794,22.71012935,21.70758259,21.87263602,5967076
2022-06-23,21.78093967,23.73712847,21.54864225,23.71267611,12309370
2022-06-24,24.04278297,25.68720418,23.85327718,25.41211513,15470654
2022-06-27,25.88893615,26.01731104,24.9414072,25.5527162,10779154
2022-06-28,25.25317479,26.66529858,25.25317479,26.55526296,10090170
2022-06-29,26.39632262,26.55526296,25.38766277,25.41822822,7728087
2022-06-30,25.40600204,26.09678121,25.3081926,25.78501362,4505924
2022-07-01,25.60773401,26.21904301,24.98419883,25.50992457,6121975
2022-07-04,25.51603766,27.2032505,24.89250248,27.00151853,9778479
2022-07-05,26.82423892,27.2032505,26.12123357,27.2032505,8632817
2022-07-06,27.1421196,28.16911872,26.68363785,26.98929235,10232227
2022-07-07,26.96483999,28.02851765,26.79367347,27.91236894,8840418
2022-07-08,27.71611156,28.03504004,26.78999232,27.59958,7344176
2022-07-11,27.292918,27.59958,26.30546636,26.66119428,9169684
2022-07-12,26.4955968,27.18251968,26.06627,26.36066552,6084064
2022-07-13,26.4649306,26.4649306,25.68600912,26.15213536,3742541
2022-07-14,26.15213536,27.03532192,25.86387308,26.99852248,6259589
2022-07-15,26.98012276,28.80169504,26.78999232,27.45851548,8766658
2022-07-18,27.53211436,27.752911,26.25640044,26.80839204,6214387
2022-07-19,26.60599512,27.2009194,26.29319988,26.372932,4730042
2022-07-20,26.39133172,27.5689138,26.2502672,27.48304844,7038736
2022-07-21,27.36038364,28.43983388,26.7409264,27.9675744,7173009
2022-07-22,27.96144116,30.31660532,27.74064452,29.8075464,9558683
2022-07-25,29.5622168,30.6662,29.1942224,29.98541036,9163031
2022-07-26,29.6542154,29.9608774,28.09637244,29.3782196,7655797
2022-07-27,29.36595312,29.91794472,28.84462772,29.3475534,4158153
2022-07-28,29.3782196,30.58646788,28.80782828,30.53126872,6446706
2022-07-29,30.2368732,30.87473016,29.57448328,30.07127572,5698397
2022-08-01,30.07127572,30.31047208,29.20035564,29.86274556,4066677
2022-08-02,29.86274556,30.6048676,28.21903724,28.519566,6989361
2022-08-03,28.64836404,30.40860392,27.4155828,29.36595312,8384853
2022-08-04,29.37208636,29.67261512,28.71582968,29.439552,5409107
2022-08-05,29.43341876,29.87501204,28.59929812,29.35981988,4531981
2022-08-08,29.29848748,31.6475184,28.95502604,31.279524,7612472
2022-08-09,31.08326032,31.66591812,30.39633744,31.3408564,5805048
2022-08-10,31.26112428,32.80056752,30.9115296,32.51230524,6610535
2022-08-11,32.21790972,32.659503,31.89898124,32.5675044,4210710
2022-08-12,32.30990832,32.54910468,30.8808634,31.38992232,4877402
2022-08-15,30.972862,32.31604156,30.972862,31.26112428,2868054
2022-08-16,31.50032064,32.72696864,31.30405696,31.90511448,3354116
2022-08-17,31.8315156,32.36510748,31.279524,31.41445528,2547158
2022-08-18,31.2181916,32.20564324,31.05872736,31.739517,2864850
2022-08-19,31.84378208,32.13204436,30.97899524,31.14459272,3084386
2022-08-22,31.14459272,31.57391952,30.359538,30.92992932,5824518
2022-08-23,29.3782196,32.1381776,29.12062352,31.41445528,10740506
2022-08-24,31.63525192,31.81924912,28.519566,28.7648956,10151748
2022-08-25,28.7648956,29.83207936,27.95530792,28.28650288,6737565
2022-08-26,28.1822378,28.74036264,27.32971744,27.65477916,5548229
2022-08-29,27.42171604,29.439552,27.12732052,28.54409896,5064838
2022-08-30,28.5502322,28.98569224,28.04730652,28.49503304,4461201
2022-08-31,28.32943556,28.65449728,27.21931912,27.292918,3949083
2022-09-01,27.42784928,28.38463472,27.3542504,27.45851548,3274516
2022-09-02,27.58731352,28.2742364,26.75319288,27.71611156,4362280
2022-09-05,27.6609124,28.44596712,27.36038364,28.34170204,6526895
2022-09-06,28.20677076,29.3168872,27.88784228,28.826228,4469014
2022-09-07,28.59316488,29.746214,28.53796572,29.592883,4332836
2022-09-08,29.746214,30.64166704,29.5008844,30.43927012,4553268
2022-09-09,30.4208704,31.2488578,29.3782196,30.04060952,3897593
2022-09-13,30.052876,30.5742014,29.53768384,30.052876,4201803
2022-09-14,29.6848816,31.88058152,29.57448328,31.23659132,8717060
2022-09-15,31.29792372,31.51258712,30.19394052,30.97899524,4451481
2022-09-16,30.81339776,32.84963344,30.81339776,31.6781846,7788901
2022-09-19,31.65978488,31.84378208,29.8688788,30.6662,5058018
2022-09-20,31.14459272,31.279524,30.18780728,30.56193492,2955172
2022-09-21,30.6662,31.1568592,29.75234724,30.62326732,3545802
2022-09-22,30.6662,32.73923512,30.512869,32.37124072,5626307
2022-09-23,32.30990832,33.2421608,31.72725052,32.43257312,3556683
2022-09-26,31.892848,32.506172,31.35312288,31.73338376,2766683
2022-09-27,31.59231924,33.2421608,31.59231924,33.01523092,3354108
2022-09-28,33.04589712,33.65922112,31.63525192,32.68403596,3519723
2022-09-29,32.6901692,33.07043008,31.94804716,32.0768452,3166925
2022-09-30,32.1381776,32.30377508,30.97899524,31.10166004,2099120
2022-10-10,31.20592512,32.1075114,30.46993632,31.6168522,3432686
2022-10-11,31.36538936,31.68431784,30.56806816,31.2181916,2280011
2022-10-12,31.4021888,34.08854792,30.1142084,33.73282,5246487
2022-10-13,33.65922112,34.959468,33.43229124,34.35227724,4270986
2022-10-14,34.10694764,34.4688088,31.892848,33.426158,6046666
2022-10-17,33.08269656,35.12506548,32.81896724,33.52428984,4170143
2022-10-18,33.5181566,34.81840348,32.8435002,34.7754708,4534955
2022-10-19,33.6101552,33.91068396,32.0155128,33.73282,4891809
2022-10-20,33.52428984,33.90455072,32.21790972,33.3648256,3340338
2022-10-21,33.3648256,34.05174848,31.2181916,32.5368382,6010294
2022-10-24,33.80028564,34.959468,32.84963344,34.30321132,8636967
2022-10-25,33.91068396,34.5914736,33.272827,33.4568242,3438947
2022-10-26,33.119496,34.03334876,32.5675044,33.6408214,6225446
2022-10-27,33.64695464,34.346144,33.2421608,33.49362364,3095319
2022-10-28,33.6714876,33.7941524,32.00324632,32.37737396,4550317
2022-10-31,32.21177648,33.27896024,31.34698964,32.80056752,3228354
2022-11-01,32.97229824,32.97229824,31.432855,32.1381776,3894299
2022-11-02,31.7701832,32.19337676,30.53740196,30.56806816,8043047
2022-11-03,30.512869,32.13204436,30.3902042,31.91124772,5945948
2022-11-04,31.892848,32.1688438,31.45738796,31.64138516,3752876
2022-11-07,31.69658432,31.96644688,30.40247068,30.52513548,6167416
2022-11-08,30.53126872,30.84406396,29.97927712,30.80726452,4379314
2022-11-09,30.972862,32.61043708,30.90539636,32.1688438,6790316
2022-11-10,31.892848,32.14431084,30.96059552,31.29179048,3842477
2022-11-11,31.892848,32.21177648,30.92992932,31.08326032,3824271
2022-11-14,30.8501972,31.14459272,29.57448328,30.03447628,6409508
2022-11-15,29.62968244,30.53126872,29.50701764,29.8075464,4794938
2022-11-16,29.87501204,30.43313688,29.286221,29.54995032,3969255
2022-11-17,29.3168872,30.10807516,28.47050008,30.0222098,4629642
2022-11-18,29.9302112,30.4208704,29.67261512,29.67261512,2579248
2022-11-21,29.54995032,30.83793072,29.2248886,30.65393352,4500681
2022-11-22,30.50673576,30.7275324,30.07127572,30.30433884,2463364
2022-11-23,30.2982056,31.13232624,30.052876,30.86859692,3031610
2022-11-24,30.83793072,31.24272456,30.42700364,30.67846648,1557379
2022-11-25,30.5435352,30.5435352,29.91794472,29.92407796,1933951
2022-11-28,29.48861792,29.92407796,28.83849448,29.2248886,3926499
2022-11-29,29.1942224,29.35981988,27.91850848,28.26810316,5692375
2022-11-30,28.32330232,29.3168872,28.0902392,29.2555548,5419158
2022-12-01,28.94275956,29.7768802,28.7035632,29.20035564,2338359
2022-12-02,29.03475816,29.61128272,28.94275956,29.0715576,2258288
2022-12-05,28.95502604,29.39661932,28.5808984,29.17582268,2729799
2022-12-06,29.17582268,29.3168872,28.16383808,28.8875604,2800011
2022-12-07,28.99795872,29.18195592,28.22517048,28.49503304,3407858
2022-12-08,28.42143416,28.62996432,28.10250568,28.13317188,2016330
2022-12-09,28.059573,28.86916068,27.7222448,28.85076096,5381201
2022-12-12,28.826228,29.79527992,28.5808984,29.1942224,3502649
2022-12-13,29.18808916,29.30462072,28.1515716,28.16997132,3066134
2022-12-14,28.1822378,28.78942856,28.05343976,28.20677076,1812589
2022-12-15,28.19450428,28.3969012,27.55664732,27.9982406,2721202
2022-12-16,27.9982406,27.9982406,27.21318588,27.34198392,2466933
2022-12-19,27.31745096,27.77744396,27.139587,27.60571324,2093330
2022-12-20,27.3849166,28.6422308,27.3542504,28.06570624,2395579
2022-12-21,27.88170904,28.15770484,26.99238924,27.13345376,1859656
2022-12-22,27.14572024,27.59958,26.5569292,27.14572024,1629277
2022-12-23,26.60599512,27.21931912,26.07853648,26.07853648,2443609
2022-12-26,26.4955968,27.77131072,25.82707364,27.40944956,3120009
2022-12-27,27.40944956,27.96144116,27.34811716,27.55051408,2219961
2022-12-28,27.51371464,27.89397552,27.05985488,27.2315856,2304529
2022-12-29,27.21931912,28.26810316,27.1089208,27.97370764,5218315
2022-12-30,28.13930512,28.47663332,27.80197692,28.11477216,2712996
2023-01-03,28.02277356,28.9488928,27.8449096,28.7955618,3222590
2023-01-04,28.66063052,28.979559,28.14543836,28.34783528,2293197
2023-01-05,28.34783528,28.5502322,27.9675744,28.1822378,1961782
2023-01-06,27.91237524,28.32943556,27.79584368,27.97984088,2607940
2023-01-09,27.91850848,28.10863892,26.50173004,26.8635912,8046720
2023-01-10,26.84519148,26.94332332,26.2502672,26.47719708,4877972
2023-01-11,26.45266412,26.8635912,25.23214936,25.45907924,7702662
2023-01-12,25.7289418,25.9742714,24.97455328,25.5756108,6018952
2023-01-13,25.41001332,25.53267812,24.22016476,24.686291,8934538
2023-01-16,24.5636262,25.40388008,24.53296,25.3609474,5179518
2023-01-17,25.71667532,26.0356038,25.299615,25.38548036,5855659
2023-01-18,25.40388008,25.4836122,25.02975244,25.21988288,4538600
2023-01-19,25.146284,25.83934012,24.92548736,25.759608,4732072
2023-01-20,25.6982756,26.29933312,25.68600912,25.98653788,4726577
2023-01-30,26.23800072,27.3542504,26.11533592,27.139587,7893036
2023-01-31,27.2009194,27.8449096,27.2009194,27.55051408,5033794
2023-02-01,27.8449096,28.43370064,27.34198392,28.22517048,6753310
2023-02-02,28.366235,28.5502322,27.3849166,27.4155828,7094203
2023-02-03,27.3235842,27.8755758,27.14572024,27.7222448,4771654
2023-02-06,27.7222448,28.366235,27.46464872,27.83877636,4190369
2023-02-07,27.79584368,27.9675744,27.09052108,27.39718308,3727633
2023-02-08,27.3235842,27.47078196,26.75932612,26.85745796,2836172
2023-02-09,26.58146216,27.39104984,26.57532892,27.1702532,3896513
2023-02-10,27.28678476,27.43398252,26.29933312,26.69799372,3639142
2023-02-13,26.69799372,27.65477916,26.56919568,26.87585768,3943151
2023-02-14,26.9249236,26.986256,26.372932,26.62439484,3263902
2023-02-15,26.44039764,26.77772584,26.18280156,26.39133172,2771054
2023-02-16,26.39746496,26.48333032,25.61854348,25.79640744,4186400
2023-02-17,25.79640744,25.96813816,25.28734852,25.8822728,4758544
2023-02-20,25.8822728,25.8822728,25.21988288,25.48974544,4443567
2023-02-21,25.48974544,26.08466972,25.38548036,25.64920968,2908572
2023-02-22,25.452946,26.20733452,25.37934712,25.912939,3162664
2023-02-23,25.92520548,26.36066552,25.759608,26.07240324,2998808
2023-02-24,26.07853648,27.6915786,26.06627,27.5382476,11615998
2023-02-27,27.33585068,28.00437384,27.02305544,27.25611856,6242190
2023-02-28,26.99238924,27.27451828,26.8022588,27.22545236,3366106
2023-03-01,27.22545236,27.53211436,26.7409264,26.75319288,3767282
2023-03-02,26.72252668,27.446249,26.65506104,27.05985488,4852417
2023-03-03,27.05985488,27.43398252,26.7102602,26.76545936,5283426
2023-03-06,26.90039064,28.00437384,26.85132472,27.85717608,8437046
2023-03-07,27.7222448,27.8449096,27.14572024,27.18251968,5175867
2023-03-08,27.12118728,27.83264312,26.90039064,27.60571324,5550083
2023-03-09,27.75904424,27.83264312,26.986256,27.15185348,3709682
2023-03-10,26.99238924,27.07212136,26.3115996,26.39133172,4995298
2023-03-13,26.4342644,26.88812416,26.33613256,26.82679176,2956050
2023-03-14,26.679594,26.84519148,25.83934012,26.21346776,3266772
2023-03-15,26.21346776,26.5875954,26.01107084,26.1889348,2464381
2023-03-16,25.76574124,26.32386608,25.52041164,25.61241024,2389126
2023-03-17,25.87000632,26.11533592,25.25668232,25.47134572,3671108
2023-03-20,25.5142784,26.08466972,24.49616056,25.56334432,5092462
2023-03-21,25.75347476,26.4342644,25.75347476,26.10920268,4020231
2023-03-22,26.1582686,26.32999932,25.78414096,26.05400352,2208364
2023-03-23,25.91907224,25.9742714,24.992953,25.2689488,5724680
2023-03-24,25.23214936,25.63080996,24.9622868,25.34868092,2798219
2023-03-27,25.34254768,25.5142784,24.96842004,25.03588568,1895525
2023-03-28,24.95002032,25.13401752,24.36736252,24.4102952,3323625
2023-03-29,24.45936112,24.58202592,23.77243824,23.77243824,5439890
2023-03-30,23.82150416,24.09749996,23.50870892,23.83990388,4901270
2023-03-31,23.766305,23.8276374,23.01804972,23.08551536,6054423
2023-04-03,23.0916486,23.42284356,23.00578324,23.35537792,4980497
2023-04-04,23.35537792,23.35537792,22.57645644,22.79725308,5053105
2023-04-06,22.79725308,23.4289768,22.60712264,23.22044664,4180856
2023-04-07,23.1836472,23.47804272,22.92605112,23.2449796,3234037
2023-04-10,23.3983106,23.89510304,23.26951256,23.63137372,4268698
2023-04-11,23.5823078,23.58844104,22.88311844,23.12844804,3764996
2023-04-12,23.12844804,23.22657988,22.86471872,22.9076514,3487956
2023-04-13,22.82178604,23.0916486,22.692988,22.93218436,2728326
2023-04-14,22.93218436,23.42284356,22.69912124,23.18978044,3044078
2023-04-17,23.17138072,23.77243824,22.99965,23.47190948,3421730
2023-04-18,23.36151116,23.5823078,22.76658688,22.98738352,4147796
2023-04-19,22.88925168,23.88283656,22.84018576,23.50870892,5379596
2023-04-20,23.43511004,23.49644244,21.7116696,22.30659388,7487676
2023-04-21,22.19619556,23.6743064,22.079664,22.45379164,8546312
2023-04-24,22.4169922,22.80338632,21.96926568,22.37405952,3593458
2023-04-25,22.58258968,22.9383176,21.6503372,21.7423358,4223519
2023-04-26,21.53380564,23.11004832,21.53380564,22.79111984,7231811
2023-04-27,22.8156528,24.1649656,22.6316556,23.89510304,8389844
2023-04-28,23.89510304,23.89510304,22.82178604,23.34311144,6166273
2023-05-04,23.11004832,23.35537792,22.85245224,22.88311844,4718969
2023-05-05,22.87085196,22.9689838,22.14712964,22.2636612,3946720
2023-05-08,22.42312544,22.99351676,22.39859248,22.69912124,3218788
2023-05-09,22.7849866,22.80951956,22.21459528,22.232995,3029037
2023-05-10,22.25752796,22.8769852,21.77913524,22.57645644,3335587
2023-05-11,22.68072152,22.91991788,22.33112684,22.4169922,1649329
2023-05-12,22.33726008,22.5703232,21.9876654,22.03673132,1654034
2023-05-15,22.12872992,23.4289768,21.926333,23.306312,4807331
2023-05-16,23.28177904,23.28177904,22.9076514,23.1836472,2545538
2023-05-17,23.07938212,23.7356388,22.846319,23.612974,3858110
2023-05-18,23.58844104,23.72337232,23.2143134,23.4903092,3429918
2023-05-19,23.4289768,23.97483516,23.38604412,23.91350276,3503236
2023-05-22,23.84603712,24.02390108,23.56390808,23.93190248,2443668
2023-05-23,23.766305,24.30603012,23.61910724,23.7969712,2975895
2023-05-24,23.7969712,24.66789128,23.55777484,24.09749996,3159418
2023-05-25,24.09749996,24.34282956,23.8583036,24.03616756,2241441
2023-05-26,23.919636,24.07910024,23.6436402,23.7969712,1662714
2023-05-29,24.226298,24.226298,23.37991088,23.51484216,3425064
2023-05-30,23.31244524,23.60684076,22.92605112,23.37377764,2610609
2023-05-31,23.22657988,23.84603712,23.15911424,23.50257568,4546687
2023-06-01,23.50257568,23.72950556,23.18978044,23.63750696,2382484
2023-06-02,23.62524048,23.84603712,23.40444384,23.5209754,2781433
2023-06-05,23.4903092,23.69270612,23.26337932,23.306312,1867601
2023-06-06,23.306312,23.306312,22.079664,22.45992488,3470846
2023-06-07,22.45379164,22.59485616,22.16552936,22.3249936,2325623
2023-06-08,22.2636612,22.46605812,21.85273412,22.06739752,2142481
2023-06-09,22.12259668,22.30046064,21.6503372,22.15939612,3764407
2023-06-12,22.15939612,22.4783246,22.05513104,22.14712964,1817951
2023-06-13,22.14712964,22.2636612,21.91406652,22.09193048,1828800
2023-06-14,22.0489978,22.28206092,21.84046764,22.0489978,1954531
2023-06-15,21.99379864,22.8156528,21.926333,22.52739052,2924393
2023-06-16,22.539657,22.91991788,22.48445784,22.7849866,2193537
2023-06-19,22.89538492,23.07324888,22.74818716,22.74818716,1596300
2023-06-20,22.85858548,23.37991088,22.5089908,23.2143134,3018957
2023-06-21,23.22657988,23.46577624,22.7849866,22.8156528,1862288
2023-06-26,22.76045364,23.16524748,22.58872292,22.90151816,1877462
2023-06-27,23.0609824,23.46577624,22.80338632,23.2756458,1996066
2023-06-28,23.306312,23.80923768,23.09778184,23.64977344,2909244
2023-06-29,23.68043964,24.1036332,23.459643,23.78470472,3316302
2023-06-30,23.8276374,24.2876304,23.7969712,24.15883236,3780894
2023-07-03,24.10976644,25.5756108,23.93190248,24.89482116,6698562
2023-07-04,25.3485525,25.9008945,24.96388575,25.0723815,9405281
2023-07-05,25.1512875,25.39786875,24.737031,25.24005675,5490400
2023-07-06,25.1512875,25.1512875,24.45099675,24.815937,8969902
2023-07-07,24.8751165,25.00333875,24.37209075,24.51017625,3620360
2023-07-10,24.5594925,24.7173045,24.3227745,24.5594925,2923108
2023-07-11,24.579219,24.74689425,24.421407,24.618672,2939061
2023-07-12,24.5989455,24.68771475,24.2438685,24.33263775,4311070
2023-07-13,24.45099675,24.5989455,24.29318475,24.381954,4109824
2023-07-14,24.381954,24.421407,23.9676975,23.9676975,2717657
2023-07-17,24.026877,24.658125,23.72111625,24.45099675,3532417
2023-07-18,24.421407,24.894843,24.17482575,24.74689425,4575522
2023-07-19,24.776484,24.90470625,24.0466035,24.25373175,4189902
2023-07-20,24.35236425,24.47072325,24.15509925,24.224142,3651326
2023-07-21,24.1255095,24.31291125,23.89865475,24.15509925,2604914
2023-07-24,24.184689,24.41154375,23.8887915,24.1649625,2147164
2023-07-25,24.35236425,24.41154375,23.908518,24.1649625,2682310
2023-07-26,24.0860565,24.0860565,23.62248375,23.97756075,2452868
2023-07-27,23.97756075,24.11564625,23.711253,23.9282445,2481420
2023-07-28,23.8098855,24.105783,23.395629,23.869065,3128043
2023-07-31,23.711253,24.05646675,23.26740675,23.32658625,6274446
2023-08-01,23.32658625,24.07619325,23.316723,23.5731675,4956945
2023-08-02,23.5731675,23.80002225,23.26740675,23.6718,3764400
2023-08-03,23.553441,23.6915265,23.3364495,23.44494525,2814384
2023-08-04,23.356176,23.72111625,23.356176,23.592894,2670403
2023-08-07,23.56330425,23.74084275,23.30685975,23.42521875,2555400
2023-08-08,23.474535,23.62248375,23.2575435,23.553441,2385652
2023-08-09,23.4548085,23.80002225,23.356176,23.72111625,4231054
2023-08-10,23.632347,24.06633,23.553441,23.72111625,2852295
2023-08-11,23.8098855,23.81974875,23.28713325,23.3364495,2085660
2023-08-14,23.2969965,23.52385125,22.7841075,23.46467175,3142996
2023-08-15,23.474535,23.62248375,23.03068875,23.2180905,1662142
2023-08-16,23.08986825,23.316723,22.77424425,22.7841075,1453634
2023-08-17,22.803834,24.263595,22.6262955,24.0466035,6156878
2023-08-18,23.99728725,24.7173045,23.97756075,24.06633,5366306
2023-08-21,24.1649625,24.27345825,23.4548085,23.474535,3310834
2023-08-22,23.44494525,23.91838125,23.001099,23.435082,3686422
2023-08-23,23.1786375,23.42521875,22.34026125,22.39944075,3685549
2023-08-24,22.48821,22.75451775,21.92600475,22.39944075,2331408
2023-08-25,22.37971425,22.65588525,22.014774,22.08381675,2190460
2023-08-28,23.1786375,24.45099675,23.1786375,23.64221025,9229837
2023-08-29,23.54357775,24.815937,23.3759025,24.58908225,7718490
2023-08-30,24.618672,25.1118345,24.4805865,24.85539,5254479
2023-08-31,24.7567575,25.10197125,24.46086,24.64826175,3394167
2023-09-01,24.5200395,24.78634725,24.29318475,24.7173045,2720590
2023-09-04,24.7173045,25.013202,24.37209075,24.64826175,2827582
2023-09-05,24.64826175,25.18087725,24.64826175,24.74689425,3428649
2023-09-06,24.74689425,25.328826,24.41154375,25.131561,5206917
2023-09-07,25.31896275,25.407732,24.88497975,25.2696465,5048169
2023-09-08,25.1512875,25.9798005,24.973749,25.841715,6985814
2023-09-11,25.7036295,25.79239875,25.1118345,25.1512875,4949651
2023-09-12,25.24992,25.53595425,24.98361225,25.33868925,3957271
2023-09-13,25.33868925,25.41759525,24.80607375,25.013202,2987483
2023-09-14,25.1512875,25.2696465,24.6778515,24.82580025,1997820
2023-09-15,24.80607375,25.16115075,24.618672,24.8356635,2449747
2023-09-18,24.60880875,24.85539,24.2833215,24.39181725,2994185
2023-09-19,24.421407,24.43127025,24.03674025,24.17482575,2030341
2023-09-20,24.06633,24.263595,23.76056925,23.81974875,2788301
2023-09-21,23.81974875,24.0071505,23.44494525,23.56330425,3606829
2023-09-22,23.78029575,23.869065,23.4548085,23.7309795,2867360
2023-09-25,23.72111625,23.790159,23.36603925,23.6718,3204260
2023-09-26,23.750706,23.829612,23.30685975,23.44494525,2594374
2023-09-27,23.474535,23.99728725,23.28713325,23.6915265,2194827
2023-09-28,23.6718,24.105783,23.6718,23.97756075,2629200
2023-10-09,23.97756075,24.4016805,23.790159,24.06633,3357526
2023-10-10,24.13537275,24.2044155,23.62248375,23.7704325,2826080
2023-10-11,23.908518,24.105783,23.22795375,23.28713325,4378164
2023-10-12,23.435082,23.4548085,22.89260325,23.30685975,3099027
2023-10-13,23.27727,23.42521875,23.001099,23.22795375,2928360
2023-10-16,23.18850075,23.316723,22.83342375,22.9813725,2783620
2023-10-17,22.91232975,23.10959475,22.88274,23.040552,2008733
2023-10-18,22.9024665,23.16877425,22.55725275,22.55725275,3084535
2023-10-19,22.6262955,22.961646,22.448757,22.51779975,2941884
2023-10-20,22.369851,22.53752625,22.04436375,22.09368,2684625
2023-10-23,22.32053475,22.32053475,21.61038075,21.69915,2693020
2023-10-24,21.896415,22.04436375,21.2848935,21.4821585,3399060
2023-10-25,21.55120125,22.0739535,21.49202175,21.5216115,2877814
2023-10-26,21.30462,21.659697,21.01858575,21.541338,3092080
2023-10-27,21.43284225,21.59065425,20.318295,21.23557725,7450010
2023-10-30,21.05803875,22.04436375,20.9298165,21.225714,6830715
2023-10-31,21.107355,21.59065425,21.03831225,21.33420975,3977340
2023-11-01,21.33420975,21.462432,21.01858575,21.383526,3631998
2023-11-02,21.39338925,21.53147475,20.62405575,20.633919,3605422
2023-11-03,20.633919,21.39338925,20.633919,21.25530375,4295000
2023-11-06,21.265167,21.580791,21.21585075,21.541338,5650526
2023-11-07,21.55120125,21.55120125,21.05803875,21.11721825,5730980
2023-11-08,21.11721825,21.11721825,20.673372,20.80159425,7674802
2023-11-09,20.82132075,20.86077375,20.42679075,20.594466,6038788
2023-11-10,20.50569675,20.56487625,20.24925225,20.4169275,4907394
2023-11-13,20.4169275,21.3637995,20.19007275,21.2848935,9946209
2023-11-14,21.2059875,21.896415,21.0087225,21.09749175,7962536
2023-11-15,21.13694475,21.31448325,20.66350875,20.91995325,6233763
2023-11-16,20.8114575,21.0087225,20.712825,20.791731,3832622
2023-11-17,20.791731,20.86077375,20.51556,20.72268825,3847113
2023-11-20,20.752278,21.11721825,20.56487625,20.97913275,6794202
2023-11-21,20.988996,21.03831225,20.44651725,20.48597025,7948298
2023-11-22,20.44651725,20.555013,20.042124,20.05198725,5470098
2023-11-23,20.0223975,20.44651725,19.884312,20.357748,5438707
2023-11-24,20.24925225,20.26897875,19.9434915,20.01253425,5493467
2023-11-27,19.97308125,20.20979925,19.73636325,20.0223975,5155295
2023-11-28,19.9434915,20.30843175,19.9434915,20.160483,4257700
2023-11-29,20.160483,20.160483,19.7856795,19.81526925,3128062
2023-11-30,19.7856795,19.963218,19.450329,19.65745725,4664560
2023-12-01,19.63773075,19.75608975,19.33197,19.529235,4473586
2023-12-04,19.69691025,20.278842,19.59827775,19.9040385,8457459
2023-12-05,19.765953,19.805406,19.16429475,19.1938845,6580420
2023-12-06,19.055799,19.57855125,19.055799,19.134705,4686090
2023-12-07,19.0755255,19.0755255,18.75003825,18.858534,6978495
2023-12-08,18.92757675,18.93744,18.54291,18.59222625,7479940
2023-12-11,18.5626365,19.51937175,18.4837305,19.5095085,9987980
2023-12-12,19.51937175,20.68323525,19.2333375,20.4563805,17430951
2023-12-13,20.397201,21.51174825,20.1407565,20.44651725,18877417
2023-12-14,20.2985685,20.5352865,19.923765,20.09144025,10258545
2023-12-15,20.07171375,20.199936,19.647594,19.75608975,5878449
2023-12-18,19.5489615,19.85472225,19.1149785,19.134705,5738913
2023-12-19,19.32210675,19.32210675,18.9177135,19.04593575,4813626
2023-12-20,19.02620925,19.0755255,18.19769625,18.25687575,8192126
2023-12-21,18.108927,18.43441425,18.00043125,18.19769625,8004376
2023-12-22,18.227286,20.91009,18.227286,20.26897875,25203519
2023-12-25,20.002671,21.27503025,20.002671,20.3774745,23412441
2023-12-26,20.594466,20.66350875,19.8251325,20.13089325,14893212
2023-12-27,20.07171375,20.09144025,19.59827775,19.81526925,9712586
2023-12-28,19.8251325,20.51556,19.7067735,20.17034625,12512162
2023-12-29,20.15061975,20.36761125,19.83499575,20.07171375,14194136
2024-01-02,20.07171375,21.39338925,20.0223975,20.88050025,24175234
2024-01-03,20.673372,20.84104725,19.884312,20.22952575,18512093
2024-01-04,20.17034625,21.0876285,20.002671,20.22952575,19818265
2024-01-05,20.042124,20.199936,18.94730325,19.10511525,19089848
2024-01-08,19.08538875,19.489782,18.54291,18.54291,11733552
2024-01-09,18.700722,18.78949125,18.15824325,18.621816,9551637
2024-01-10,18.54291,18.9177135,18.14838,18.23714925,10881537
2024-01-11,18.17796975,18.9177135,18.14838,18.80921775,12354700
2024-01-12,18.76976475,18.90785025,18.39496125,18.6020895,8454580
2024-01-15,18.6020895,18.61195275,17.98070475,18.1286535,13247262
2024-01-16,18.13851675,18.15824325,17.48754225,17.76371325,11049449
2024-01-17,17.60590125,17.7341235,16.96479,17.01410625,10008040
2024-01-18,16.8661575,17.1817815,16.17573,17.0634225,14952565
2024-01-19,17.0634225,17.083149,16.6688925,16.728072,8291548
2024-01-22,16.67875575,16.7083455,15.583935,15.8009265,10160818
2024-01-23,15.67270425,16.17573,15.53461875,16.0376445,11258886
2024-01-24,16.12641375,16.3532685,15.49516575,16.24477275,12083277
2024-01-25,16.3138155,16.688619,16.08696075,16.58012325,13434171
2024-01-26,16.56039675,16.728072,15.86996925,15.939012,16002204
2024-01-29,16.08696075,16.32367875,15.63325125,15.75161025,9665085
2024-01-30,15.465576,15.899559,15.10063575,15.1696785,7439063
2024-01-31,15.10063575,15.2880375,14.44966125,14.48911425,10222817
2024-02-01,14.46938775,14.873781,14.1833535,14.5384305,8913150
2024-02-02,14.50884075,14.68637925,13.36470375,13.79868675,11564536
2024-02-05,13.80855,13.80855,12.151524,12.6446865,19535341
2024-02-06,12.63482325,13.87759275,12.467148,13.7888235,17914639
2024-02-07,13.70005425,15.307764,13.66060125,14.8146015,25263587
2024-02-08,14.86391775,15.92914875,14.6962425,15.149952,19324233
2024-02-19,15.35708025,15.53461875,14.952687,15.0907725,16423078
2024-02-20,14.9329605,15.2485845,14.80473825,15.110499,10629567
2024-02-21,15.00200325,15.8009265,14.84419125,15.3274905,14382797
2024-02-22,15.3274905,15.71215725,15.189405,15.6825675,9494539
2024-02-23,15.67270425,15.9192855,15.38667,15.86996925,10755410
2024-02-26,15.9587385,16.412448,15.8798325,16.08696075,11740669
2024-02-27,15.939012,16.4716275,15.92914875,16.451901,10915687
2024-02-28,16.4321745,16.79711475,15.59379825,15.61352475,16566931
2024-02-29,15.4853025,16.254636,15.4458495,16.24477275,11790361
2024-03-01,16.4321745,16.54067025,16.10668725,16.3532685,12249316
2024-03-04,16.333542,16.333542,15.820653,16.0770975,12351418
2024-03-05,16.0770975,16.44203775,15.860106,16.04750775,15951830
2024-03-06,16.0376445,16.333542,15.81078975,16.1954565,10220471
2024-03-07,16.26449925,16.3532685,15.6431145,15.6431145,11821211
2024-03-08,15.7614735,15.978465,15.465576,15.69243075,10092130
2024-03-11,15.702294,16.1954565,15.6036615,16.18559325,14132880
2024-03-12,16.18559325,16.7083455,16.136277,16.58012325,13901925
2024-03-13,16.59984975,16.79711475,16.30395225,16.6688925,10310152
2024-03-14,16.4716275,16.6294395,16.057371,16.24477275,9056806
2024-03-15,16.08696075,16.372995,16.00805475,16.32367875,7484400
2024-03-18,16.42231125,16.7872515,16.34340525,16.7872515,12772717
2024-03-19,16.67875575,16.91547375,16.52094375,16.67875575,10229927
2024-03-20,16.67875575,16.81684125,16.58012325,16.61957625,10069271
2024-03-21,16.65902925,16.69848225,16.24477275,16.52094375,8966169
2024-03-22,16.46176425,16.50121725,15.978465,16.06723425,10412696
2024-03-25,16.02778125,16.06723425,15.38667,15.39653325,10037074
2024-03-26,15.39653325,15.505029,15.06118275,15.25844775,8180038
2024-03-27,15.25844775,15.307764,14.35102875,14.39048175,11316460
2024-03-28,14.400345,15.149952,14.39048175,14.8935075,11423860
2024-03-29,14.873781,15.110499,14.72583225,15.0907725,7084128
2024-04-01,15.25844775,15.53461875,15.189405,15.47543925,8446162
2024-04-02,15.39653325,15.65297775,15.15981525,15.426123,8260625
2024-04-03,15.4853025,15.4853025,15.06118275,15.1696785,7550206
2024-04-08,15.21899475,15.2485845,14.6173365,14.62719975,8816106
2024-04-09,14.6173365,15.1302255,14.6173365,15.00200325,7582033
2024-04-10,15.04145625,15.04145625,14.44966125,14.66665275,7188369
2024-04-11,14.59761,15.08090925,14.50884075,14.78501175,10058614
2024-04-12,14.88364425,16.9056105,14.78501175,16.1560035,34830962
2024-04-15,15.8798325,16.4716275,15.53461875,16.2743625,33576968
2024-04-16,16.0770975,16.806978,15.2091315,15.43598625,31530733
2024-04-17,15.4853025,16.5899865,15.4853025,16.57026,32502127
2024-04-18,16.42231125,16.530807,16.12641375,16.17573,28388804
2024-04-19,15.939012,17.556585,15.79106325,17.2606875,42596091
2024-04-22,17.280414,18.6415425,16.846431,17.4184995,45201505
2024-04-23,17.13246525,18.14838,16.71820875,17.11273875,39880012
2024-04-24,17.34945675,18.0102945,17.11273875,17.872209,45910626
2024-04-25,17.5368585,17.7341235,17.09301225,17.17191825,32804922
2024-04-26,17.11273875,17.31000375,16.79711475,17.15219175,34100402
2024-04-29,17.21137125,17.70453375,16.87602075,17.6157645,32371048
2024-04-30,17.70453375,18.23714925,17.35932,17.56644825,28384667
2024-05-06,17.82289275,17.9313885,17.398773,17.714397,24121120
2024-05-07,17.596038,18.2864655,17.517132,18.227286,33844660
2024-05-08,18.14838,18.14838,17.438226,17.4974055,23236491
2024-05-09,17.34945675,18.54291,17.13246525,18.53304675,41117120
2024-05-10,18.47386725,19.0360725,18.1286535,18.29632875,38425450
2024-05-13,17.9313885,18.2470125,17.35932,18.03988425,25750994
2024-05-14,17.8524825,18.13851675,17.50726875,17.56644825,18818710
2024-05-15,17.517132,17.911662,16.83656775,16.885884,26178764
2024-05-16,16.93520025,17.11273875,16.71820875,16.846431,17172204
2024-05-17,16.846431,17.40863625,16.83656775,17.398773,17817331
2024-05-20,17.398773,18.0497475,17.280414,17.60590125,24465778
2024-05-21,17.556585,17.5763115,17.0239695,17.122602,15284335
2024-05-22,17.05355925,17.3395935,16.96479,17.17191825,10926476
2024-05-23,17.07328575,17.35932,16.87602075,16.885884,17230134
2024-05-24,16.767525,16.925337,16.4716275,16.57026,14639317
2024-05-27,16.57026,16.7083455,15.69243075,16.32367875,23995969
2024-05-28,16.20531975,16.412448,16.0376445,16.1165505,15085180
2024-05-29,16.17573,16.3138155,15.9587385,16.04750775,10688018
2024-05-30,16.0376445,16.56039675,15.85024275,16.372995,17431719
2024-05-31,16.4321745,16.71820875,16.17573,16.5110805,17121558
2024-06-03,16.57026,16.7083455,15.978465,16.16586675,16436560
2024-06-04,16.1165505,16.52094375,15.939012,16.4716275,14380260
2024-06-05,16.36313175,17.0634225,16.32367875,16.6294395,21204233
2024-06-06,16.6294395,16.71820875,15.90942225,15.9981915,17196094
2024-06-07,16.12641375,16.28422575,15.81078975,16.00805475,11827880
2024-06-11,15.88969575,16.215183,15.7614735,16.17573,10460494
2024-06-12,16.057371,16.412448,15.9192855,16.00805475,15008440
2024-06-13,15.9981915,16.057371,15.83051625,15.978465,14013225
2024-06-14,15.90942225,15.90942225,15.55434525,15.85024275,14840595
2024-06-17,15.88969575,16.65902925,15.79106325,16.412448,22332686
2024-06-18,16.38285825,16.57026,16.254636,16.32367875,12785621
2024-06-19,16.254636,16.372995,15.85024275,15.85024275,14933992
2024-06-20,15.79106325,15.94887525,15.228858,15.23872125,14147243
2024-06-21,15.228858,15.69243075,15.228858,15.27817425,9795887
2024-06-24,15.4063965,15.465576,14.7356955,14.78501175,11024800
2024-06-25,14.794875,14.98227675,14.62719975,14.76528525,7964668
2024-06-26,14.6962425,15.228858,14.46938775,15.228858,10386040
2024-06-27,15.031593,15.2880375,14.84419125,14.86391775,8669040
2024-06-28,14.913234,16.017918,14.8146015,15.67270425,22899820
2024-07-01,15.662841,15.85024275,15.38667,15.702294,10044260
2024-07-02,15.71215725,15.79106325,15.41625975,15.465576,8761070
2024-07-03,15.465576,15.51489225,15.0907725,15.15981525,7351580
2024-07-04,15.228858,15.31762725,14.755422,14.78501175,7735620
2024-07-05,14.715969,15.2091315,14.400345,15.15981525,11073350
2024-07-08,15.00200325,15.63325125,14.96255025,15.31762725,15699018
2024-07-09,15.2091315,15.978465,15.2091315,15.7812,19217977
2024-07-10,15.7812,16.1560035,15.6036615,15.702294,12241658
2024-07-11,15.97062312,16.11969552,15.39420984,15.92093232,18525393
2024-07-12,15.82155072,15.89111784,15.6029112,15.68241648,9026817
2024-07-15,15.6029112,15.68241648,15.28489008,15.3544572,9448247
2024-07-16,15.3047664,15.34451904,15.09606504,15.34451904,8627767
2024-07-17,15.3544572,15.5532204,15.17557032,15.2053848,8696560
2024-07-18,15.06625056,15.63272568,14.88736368,15.57309672,12371442
2024-07-19,15.46377696,15.68241648,15.32464272,15.6029112,10643399
2024-07-22,15.7519836,15.901056,15.44390064,15.59297304,12361780
2024-07-23,15.56315856,15.56315856,14.6090952,14.64884784,18509860
2024-07-24,14.5097136,15.155694,14.48983728,14.76810576,12582874
2024-07-25,14.71841496,14.90724,14.52958992,14.7581676,7332398
2024-07-26,14.7581676,15.76192176,14.7581676,15.58303488,20716794
2024-07-29,15.652602,15.7519836,15.37433352,15.48365328,11083223
2024-07-30,15.41408616,15.5035296,15.04637424,15.3544572,9648429
2024-07-31,15.3047664,15.82155072,15.18550848,15.82155072,14583976
2024-08-01,15.79173624,16.13957184,15.71223096,15.9507468,18871190
2024-08-02,15.81161256,16.38802584,15.61284936,15.64266384,20632855
2024-08-05,15.56315856,15.83148888,14.98674528,14.98674528,17251923
2024-08-06,15.2053848,15.57309672,15.1060032,15.44390064,14222884
2024-08-07,15.41408616,15.76192176,15.27495192,15.69235464,12564170
2024-08-08,15.58303488,15.66254016,15.0563124,15.09606504,14392660
2024-08-09,15.24513744,15.24513744,14.7084768,14.7084768,16741560
2024-08-12,14.72835312,14.72835312,14.37057936,14.44014648,10758352
2024-08-13,14.48983728,14.58921888,14.32088856,14.53952808,8705700
2024-08-14,14.48983728,14.51965176,14.32088856,14.32088856,6130300
2024-08-15,14.30101224,14.5097136,14.20163064,14.34076488,9087694
2024-08-16,14.34076488,14.40039384,14.00286744,14.00286744,10821060
2024-08-19,13.92336216,14.18175432,13.8637332,13.93330032,7301285
2024-08-20,13.95317664,14.0624964,13.62521736,13.74447528,6984131
2024-08-21,13.68484632,13.83391872,13.64509368,13.77428976,5464124
2024-08-22,13.74447528,13.87367136,13.6152792,13.65503184,6796814
2024-08-23,13.65503184,13.73453712,13.52583576,13.7146608,5299631
2024-08-26,13.7146608,13.85379504,13.59540288,13.64509368,5646154
2024-08-27,13.62521736,13.62521736,13.32707256,13.3668252,7031613
2024-08-28,13.14818568,13.5158976,13.14818568,13.44633048,4979228
2024-08-29,13.44633048,13.78422792,13.35688704,13.70472264,8178599
2024-08-30,13.69478448,14.0128056,13.65503184,13.75441344,16459289
2024-09-02,13.6152792,13.75441344,13.17800016,13.18793832,12239822
2024-09-03,13.2177528,13.40657784,13.19787648,13.30719624,5794816
2024-09-04,13.22769096,13.4662068,13.168062,13.416516,6225760
2024-09-05,13.4662068,13.8140424,13.42645416,13.60534104,7583524
2024-09-06,13.6152792,13.65503184,13.28731992,13.28731992,5808133
2024-09-09,13.22769096,13.43639232,13.168062,13.2674436,5420547
2024-09-10,13.29725808,13.48608312,13.10843304,13.4662068,7224624
2024-09-11,13.33701072,13.44633048,13.2674436,13.38670152,4950448
2024-09-12,13.33701072,13.55565024,13.29725808,13.30719624,5632584
2024-09-13,13.34694888,13.37676336,12.88979352,12.92954616,8420980
2024-09-18,12.97923696,13.00905144,12.66121584,12.919608,6562458
2024-09-19,13.04880408,13.28731992,12.78047376,13.07861856,8242944
2024-09-20,13.07861856,13.09849488,12.7705356,12.85004088,7049934
2024-09-23,12.8202264,12.93948432,12.79041192,12.8202264,5117293
2024-09-24,12.94942248,13.47614496,12.85997904,13.47614496,13714025
2024-09-25,13.57552656,13.85379504,13.40657784,13.49602128,16888888
2024-09-26,13.44633048,14.08237272,13.37676336,14.08237272,16518334
2024-09-27,14.2612596,15.155694,14.2612596,14.93705448,26986060
2024-09-30,15.51346776,17.36196552,15.3544572,17.10357336,48330583
2024-10-08,20.373228,20.373228,17.90856432,19.58811336,61634050
2024-10-09,18.55454472,19.21046328,17.2923984,17.40171816,45010638
2024-10-10,17.40171816,18.1868328,17.08369704,17.4414708,29026475
2024-10-11,17.45140896,17.45140896,16.22901528,16.50728376,25531661
2024-10-14,16.60666536,17.27252208,16.51722192,16.95450096,28789612
2024-10-15,16.75573776,17.4414708,16.58678904,16.894872,25330792
2024-10-16,16.50728376,16.78555224,16.23895344,16.397964,19322654
2024-10-17,16.45759296,16.85511936,16.4476548,16.46753112,19080207
2024-10-18,16.397964,17.82905904,16.27870608,17.2923984,30179899
2024-10-21,17.48122344,18.46510128,17.43153264,17.9880696,36264110
2024-10-22,17.97813144,18.15701832,17.51103792,17.76943008,22170616
2024-10-23,17.85887352,18.7334316,17.67998664,18.17689464,32854398
2024-10-24,18.17689464,18.17689464,17.53091424,17.66011032,18147198
2024-10-25,17.66011032,18.04769856,17.5408524,17.85887352,15822545
2024-10-28,17.57066688,18.05763672,17.57066688,17.75949192,22521614
2024-10-29,17.69986296,17.80918272,17.06382072,17.13338784,28167767
2024-10-30,17.02406808,17.2923984,16.65635616,16.81536672,17002880
2024-10-31,16.7457996,17.38184184,16.646418,17.07375888,18902743
2024-11-01,16.97437728,17.16320232,16.3482732,16.45759296,20624911
2024-11-04,16.57685088,17.38184184,16.4973456,17.07375888,19616370
2024-11-05,17.15326416,18.14708016,17.07375888,17.888688,36087068
2024-11-06,18.11726568,18.4849776,17.69986296,17.888688,35026159
2024-11-07,17.56072872,17.96819328,17.46134712,17.9383788,25955334
2024-11-08,18.0874512,18.87256584,18.01788408,18.32596704,43564344
2024-11-11,18.41541048,18.82287504,18.137142,18.81293688,33459259
2024-11-12,18.81293688,18.81293688,17.89862616,18.0874512,32603943
2024-11-13,17.94831696,18.17689464,17.69986296,18.15701832,18151599
2024-11-14,18.09738936,18.09738936,17.4911616,17.53091424,15796204
2024-11-15,17.46134712,17.60048136,16.7954904,16.81536672,18018143
2024-11-18,16.8451812,17.12344968,16.46753112,16.82530488,15831158
2024-11-19,16.88493384,17.08369704,16.45759296,17.05388256,19437116
2024-11-20,16.90481016,17.17314048,16.80542856,17.10357336,15911631
2024-11-21,17.0936352,17.12344968,16.80542856,17.00419176,11635727
2024-11-22,16.9445628,17.10357336,16.42777848,16.4476548,14210183
2024-11-25,16.45759296,16.55697456,15.97062312,16.23895344,14949506
2024-11-26,16.20913896,16.2985824,15.99049944,16.02031392,7886354
2024-11-27,16.0004376,16.40790216,15.7519836,16.40790216,13814223
2024-11-28,16.397964,16.57685088,16.18926264,16.21907712,8252659
2024-11-29,16.1992008,16.58678904,16.0501284,16.397964,11799922
2024-12-02,16.397964,16.71598512,16.3482732,16.6961088,12506091
2024-12-03,16.67623248,16.70604696,16.40790216,16.57685088,9558826
2024-12-04,16.50728376,16.56691272,16.16938632,16.21907712,9155571
2024-12-05,16.22901528,16.72592328,16.22901528,16.58678904,10304053
2024-12-06,16.60666536,16.73586144,16.3482732,16.68617064,10676905
2024-12-09,16.5967272,16.72592328,16.36814952,16.48740744,9398235
2024-12-10,16.87499568,17.01412992,16.57685088,16.5967272,13762083
2024-12-11,16.5967272,16.6961088,16.5470364,16.65635616,7779944
2024-12-12,16.646418,16.894872,16.62654168,16.87499568,12934120
2024-12-13,16.73586144,16.76567592,16.25882976,16.28864424,14805772
2024-12-16,16.21907712,16.36814952,15.98056128,16.0998192,8776765
2024-12-17,16.06006656,16.15944816,15.87124152,15.92093232,7449780
2024-12-18,15.93087048,16.08988104,15.84142704,15.88117968,7228000
2024-12-19,15.74204544,15.98056128,15.53334408,15.94080864,9696234
2024-12-20,15.94080864,16.0998192,15.84142704,15.97062312,7146476
2024-12-23,15.97062312,16.06006656,15.56315856,15.61284936,10318476
2024-12-24,15.66254016,15.81161256,15.44390064,15.58303488,8783346
2024-12-25,15.61284936,15.652602,15.37433352,15.46377696,8099540
2024-12-26,15.48365328,15.84142704,15.47371512,15.74204544,8732636
2024-12-27,16.15944816,16.2985824,15.88117968,15.92093232,16225492
2024-12-30,15.84142704,16.08988104,15.69235464,15.9507468,9291021
2024-12-31,15.9507468,15.96068496,15.46377696,15.5035296,11085142
2025-01-02,15.41408616,15.49359144,14.6090952,14.78798208,12653271
2025-01-03,14.78798208,15.0066216,14.49977544,14.56934256,8583342
2025-01-06,14.5097136,14.7084768,14.3606412,14.52958992,6536020
2025-01-07,14.58921888,14.67866232,14.42027016,14.64884784,5578681
2025-01-08,14.68860048,14.69853864,14.13206352,14.4600228,8806460
2025-01-09,14.46996096,14.69853864,14.32088856,14.5594044,7097337
2025-01-10,14.53952808,14.76810576,14.28113592,14.30101224,6491972
2025-01-13,14.22150696,14.51965176,14.12212536,14.44014648,5249831
2025-01-14,14.46996096,14.98674528,14.40039384,14.97680712,8802532
2025-01-15,14.90724,15.01655976,14.72835312,14.78798208,6111649
2025-01-16,14.8575492,15.09606504,14.67866232,14.76810576,6343980
2025-01-17,14.7084768,15.03643608,14.68860048,14.91717816,6176029
2025-01-20,14.97680712,15.08612688,14.86748736,14.91717816,6111401
2025-01-21,14.99668344,15.04637424,14.7084768,14.88736368,5185176
2025-01-22,14.81779656,14.88736368,14.7084768,14.79792024,4235740
2025-01-23,14.91717816,15.14575584,14.77804392,14.77804392,7225980
2025-01-24,14.78798208,14.91717816,14.72835312,14.90724,5894976
2025-01-27,14.96686896,15.155694,14.78798208,14.78798208,7162455
2025-02-05,14.91717816,15.04637424,14.87742552,14.98674528,6754608
2025-02-06,14.92711632,15.2053848,14.84761104,15.155694,10927325
2025-02-07,15.16563216,15.4538388,15.09606504,15.33458088,13138193
2025-02-10,15.38427168,15.4538388,15.26501376,15.41408616,10659574
2025-02-11,15.41408616,15.42402432,15.16563216,15.31470456,8660700
2025-02-12,15.3047664,15.41408616,15.2550756,15.404148,7409620
2025-02-13,15.39420984,15.57309672,15.29482824,15.29482824,11494002
2025-02-14,15.27495192,15.36439536,15.09606504,15.2053848,9128191
2025-02-17,15.2053848,15.27495192,14.96686896,15.08612688,11313411
2025-02-18,15.01655976,15.08612688,14.62897152,14.7084768,10780091
2025-02-19,14.71841496,15.0066216,14.71841496,14.92711632,8781254
2025-02-20,14.92711632,15.2550756,14.8078584,15.17557032,13051915
2025-02-21,15.16563216,15.32464272,15.03643608,15.32464272,11790733
2025-02-24,15.33458088,15.4538388,15.18550848,15.31470456,10243800
2025-02-25,15.24513744,15.37433352,15.12587952,15.2550756,7714220
2025-02-26,15.3047664,15.93087048,15.22526112,15.73210728,20600753
2025-02-27,15.66254016,15.72216912,15.12587952,15.34451904,15689000
2025-02-28,15.2550756,15.37433352,14.79792024,14.88736368,11577369
2025-03-03,14.87742552,15.24513744,14.86748736,14.99668344,9363701
2025-03-04,15.06625056,15.46377696,14.99668344,15.39420984,12858444
2025-03-05,15.32464272,15.54328224,15.23519928,15.36439536,8908860
2025-03-06,15.44390064,16.4973456,15.27495192,16.32839688,41926890
2025-03-07,16.27870608,16.72592328,16.21907712,16.32839688,29628931
2025-03-10,16.40790216,16.57685088,16.2488916,16.46753112,18266372
2025-03-11,16.2985824,16.9445628,16.22901528,16.85511936,28632702
2025-03-12,16.9942536,17.06382072,16.62654168,16.66629432,23071744
2025-03-13,16.5967272,16.82530488,16.42777848,16.77561408,18742534
2025-03-14,16.9942536,17.10357336,16.55697456,16.894872,24640668
2025-03-17,17.10357336,17.48122344,16.87499568,16.97437728,30607367
2025-03-18,16.85511936,17.06382072,16.67623248,16.7457996,20595062
2025-03-19,16.6961088,16.80542856,16.48740744,16.57685088,14152393
2025-03-20,16.55697456,17.0439444,16.45759296,16.87499568,19444770
2025-03-21,16.80542856,17.55079056,16.75573776,17.07375888,36569460
2025-03-24,17.22283128,17.33215104,16.32839688,16.67623248,25730072
2025-03-25,16.67623248,17.76943008,16.63647984,17.35202736,45424363
2025-03-26,17.33215104,17.35202736,16.894872,16.98431544,24924206
2025-03-27,16.9445628,17.01412992,16.4476548,16.72592328,19270005
2025-03-28,16.65635616,16.82530488,16.2985824,16.40790216,14657800
2025-03-31,16.23895344,16.37808768,15.8513652,16.0998192,14457408
2025-04-01,16.14951,17.08369704,16.11969552,16.5967272,19560377
2025-04-02,16.60666536,16.70604696,16.07000472,16.2488916,16467857
2025-04-03,16.06006656,16.45759296,16.01037576,16.03025208,10120440
2025-04-07,15.404148,15.7022928,13.74447528,14.33082672,29639572
2025-04-08,14.69853864,15.1060032,14.46996096,14.78798208,17188439
2025-04-09,14.51965176,16.15944816,14.51965176,15.92093232,33058129
2025-04-10,15.99049944,16.45759296,15.71223096,16.08988104,24692747
2025-04-11,15.901056,16.26876792,15.86130336,16.03025208,14628237
2025-04-14,16.0998192,16.2488916,15.94080864,16.04019024,12812137
2025-04-15,15.98056128,15.98056128,15.56315856,15.7519836,10767630
2025-04-16,16.0004376,16.22901528,15.5035296,15.67247832,12612870
2025-04-17,15.6029112,16.0004376,15.53334408,15.67247832,12718268
2025-04-18,15.58303488,15.63272568,15.3544572,15.37433352,8706995
2025-04-21,15.41408616,15.99049944,15.36439536,15.94080864,12330260
2025-04-22,15.901056,16.08988104,15.76192176,15.77185992,10620840
2025-04-23,15.7519836,15.87124152,15.56315856,15.69235464,9484060
2025-04-24,15.38427168,15.38427168,14.86748736,15.01655976,21013445
2025-04-25,14.9569308,15.14575584,14.88736368,15.01655976,7744218
2025-04-28,15.0066216,15.06625056,14.68860048,14.74822944,8310000
2025-04-29,14.61903336,14.78798208,14.6090952,14.64884784,6238346
2025-04-30,14.69853864,14.82773472,14.68860048,14.73829128,5802034
2025-05-06,14.83767288,15.2053848,14.83767288,15.17557032,9294194
2025-05-07,15.38427168,15.84142704,15.23519928,15.74204544,23196545
2025-05-08,15.6029112,16.33833504,15.48365328,16.26876792,27220160
2025-05-09,16.26876792,16.26876792,15.8016744,15.84142704,16225778
2025-05-12,15.97062312,16.47746928,15.79173624,16.3482732,23726474
2025-05-13,16.3482732,16.4476548,15.87124152,15.9507468,16776028
2025-05-14,16.08988104,16.14951,15.77185992,15.82155072,12195980
2025-05-15,15.86130336,15.93087048,15.5532204,15.57309672,9606734
2025-05-16,15.56315856,15.94080864,15.41408616,15.42402432,10406721
2025-05-19,15.44390064,15.63272568,15.19544664,15.61284936,8973481
2025-05-20,15.59297304,15.88117968,15.4538388,15.77185992,9977704
2025-05-21,15.73210728,15.78179808,15.5035296,15.61284936,8879913
2025-05-22,15.57309672,15.67247832,15.29482824,15.34451904,8312715
2025-05-23,15.3544572,15.47371512,15.2053848,15.22526112,6139478
2025-05-26,15.38427168,15.68241648,15.22526112,15.54328224,8057752
2025-05-27,15.52340592,15.52340592,15.2053848,15.37433352,6572160
2025-05-28,15.33458088,15.49359144,15.2550756,15.3047664,5609660
2025-05-29,15.28489008,15.7519836,15.2550756,15.652602,10715938
2025-05-30,15.67247832,16.25882976,15.63272568,15.88117968,21969611
2025-06-03,16.20913896,16.3482732,15.88117968,15.97062312,18123386
2025-06-04,15.901056,16.18926264,15.83148888,16.01037576,13665970
2025-06-05,16.0004376,16.25882976,15.8513652,16.13957184,14748609
2025-06-06,16.18926264,16.27870608,15.98056128,16.02031392,12441690
2025-06-09,16.16938632,16.25882976,16.03025208,16.13957184,12022310
2025-06-10,16.0501284,16.06006656,15.73210728,15.92093232,11798333
2025-06-11,15.89111784,16.01037576,15.83148888,15.88117968,8747766
2025-06-12,15.8513652,15.86130336,15.71223096,15.8016744,9656249
2025-06-13,15.86130336,15.94080864,15.56315856,15.68241648,24206117
2025-06-16,15.57309672,15.73210728,15.47371512,15.64266384,11474425
2025-06-17,15.652602,15.77185992,15.54328224,15.71223096,8429891
2025-06-18,15.71223096,15.81161256,15.64266384,15.73210728,10057685
2025-06-19,15.73210728,15.73210728,15.2053848,15.28489008,13813125
2025-06-20,15.2550756,15.36439536,15.17557032,15.19544664,6550000
2025-06-23,15.19544664,15.404148,15.11594136,15.37433352,6754085
2025-06-24,15.3047664,15.59297304,15.21532296,15.53334408,8518290
2025-06-25,15.54328224,15.97062312,15.5035296,15.96068496,18450014
2025-06-26,16.0004376,16.25882976,15.901056,15.97062312,20643922
2025-06-27,15.98056128,16.17932448,15.97062312,16.01037576,13016296
2025-06-30,16.08988104,16.52716008,16.07994288,16.52716008,23581654
2025-07-01,16.55697456,16.58678904,16.37808768,16.4973456,16724413
2025-07-02,16.5470364,16.56691272,16.21907712,16.2985824,17826010
2025-07-03,16.21907712,16.48740744,16.10975736,16.23895344,11906836
2025-07-04,16.20913896,16.31845872,16.0004376,16.07000472,11559600
2025-07-07,16.07000472,16.18926264,16.0004376,16.07994288,8062220
2025-07-08,16.12963368,16.18926264,16.04019024,16.16938632,8630863
2025-07-09,16.1992008,16.32839688,16.03025208,16.07994288,10899500
2025-07-10,16.0004376,16.10975736,15.93087048,16.07000472,8349068
2025-07-11,16.13,16.53,16.09,16.39,15253140
2025-07-14,16.36,16.44,16.27,16.27,9846020
2025-07-15,16.24,16.35,16.02,16.09,11026696
2025-07-16,16.09,16.2,16.03,16.11,7174565
2025-07-17,16.08,16.48,16.08,16.47,14770238
2025-07-18,16.43,16.75,16.37,16.7,17585757
2025-07-21,16.7,16.84,16.58,16.82,18023934
2025-07-22,17.0,19.27,17.0,17.89,64156509
2025-07-23,17.75,17.98,17.46,17.61,37857472
2025-07-24,17.52,17.9,17.38,17.78,28018884
2025-07-25,17.7,17.86,17.56,17.71,18344570
2025-07-28,17.82,18.07,17.63,17.88,26751539
2025-07-29,17.78,17.94,17.58,17.92,21704240
2025-07-30,18.0,18.49,17.6,17.78,31817050
2025-07-31,17.65,17.86,17.29,17.38,28448380
2025-08-01,17.39,17.49,17.06,17.22,15298476
2025-08-04,17.22,17.94,17.2,17.88,23731469
2025-08-05,17.8,18.02,17.72,17.75,17383427
2025-08-06,17.76,18.25,17.71,18.14,28016686
2025-08-07,18.17,18.17,17.83,17.93,18968582
2025-08-08,17.95,18.16,17.79,17.85,17803161
2025-08-11,17.84,18.13,17.8,18.0,18192496
2025-08-12,18.09,18.09,17.6,17.8,19262717
2025-08-13,17.81,17.96,17.68,17.73,19383298
2025-08-14,17.73,17.79,17.22,17.25,21244754
2025-08-15,17.26,17.58,17.23,17.55,14662343
2025-08-18,17.56,17.85,17.56,17.84,20361740
2025-08-19,17.83,17.83,17.57,17.64,16563929
2025-08-20,17.57,18.53,17.45,18.37,46524101
2025-08-21,18.31,18.43,18.04,18.17,23513218
2025-08-22,18.17,18.3,18.01,18.29,21051358
2025-08-25,18.4,18.65,18.1,18.49,32463745
2025-08-26,18.18,18.18,17.72,17.9,29633548
2025-08-27,17.88,17.95,17.29,17.29,25416645
2025-08-28,17.29,17.7,16.94,17.69,23586333
2025-08-29,17.6,17.7,17.44,17.6,17442727
2025-09-01,17.64,17.66,17.32,17.5,15848115
2025-09-02,17.45,17.46,16.9,17.13,18151984
2025-09-03,17.15,17.25,16.12,16.2,22629120
2025-09-04,16.18,16.29,15.85,16.0,15750803
2025-09-05,16.0,16.27,15.96,16.27,10762504
2025-09-08,16.24,16.53,16.11,16.52,13354281
2025-09-09,16.44,16.49,16.11,16.13,11868057
2025-09-10,16.14,16.35,16.09,16.19,8659079
2025-09-11,16.08,16.39,16.01,16.38,10528104
2025-09-12,16.38,16.38,16.17,16.2,11257439
2025-09-15,16.2,16.21,16.06,16.12,7879874
2025-09-16,16.1,16.15,15.93,16.14,9620586
2025-09-17,16.1,16.23,16.01,16.23,9133633
2025-09-18,16.22,16.35,15.84,15.89,14938977
2025-09-19,15.91,16.18,15.88,16.01,10373746
2025-09-22,16.03,16.07,15.7,15.93,8492352
2025-09-23,15.89,15.95,15.37,15.69,10703100
2025-09-24,15.6,15.92,15.51,15.91,6899095
2025-09-25,15.85,15.92,15.71,15.71,7413237
2025-09-26,15.63,16.04,15.61,15.81,9371897
2025-09-29,15.78,16.02,15.6,16.02,8600486
2025-09-30,15.97,16.29,15.9,16.26,12100950
2025-10-09,16.31,16.51,16.19,16.51,15066920
2025-10-10,16.67,16.8,16.39,16.41,15833295
2025-10-13,15.98,16.67,15.9,16.61,16638413
2025-10-14,16.6,17.07,16.48,16.71,19576784
2025-10-15,16.52,16.61,16.33,16.57,12716662
2025-10-16,16.53,16.7,16.2,16.3,9964422
2025-10-17,16.3,16.43,15.86,15.86,10067950
2025-10-20,15.93,16.05,15.88,16.04,6077619
2025-10-21,16.16,16.49,16.06,16.38,12093975
2025-10-22,16.42,16.61,16.23,16.26,12776297
2025-10-23,16.21,16.73,16.12,16.72,18445224
2025-10-24,16.73,16.83,16.56,16.66,14792597
2025-10-27,16.64,16.8,16.58,16.75,12570082
2025-10-28,16.7,16.98,16.64,16.83,14537961
2025-10-29,16.77,16.92,16.66,16.88,12126628
2025-10-30,16.78,16.86,16.6,16.62,11587532
2025-10-31,16.6,16.73,16.52,16.57,9340890
2025-11-03,16.68,16.87,16.48,16.78,12524510
2025-11-04,16.79,16.99,16.69,16.88,14682960
2025-11-05,16.7,17.09,16.61,17.07,16891440
2025-11-06,17.09,18.15,17.05,17.46,40344932
2025-11-07,17.3,17.47,17.08,17.21,21473722
2025-11-10,17.22,17.39,17.1,17.35,16972392
2025-11-11,17.36,17.36,17.02,17.12,14067902
2025-11-12,17.06,17.06,16.73,16.88,11515212
2025-11-13,16.88,17.01,16.78,16.95,9296820
2025-11-14,16.87,16.94,16.64,16.64,9782900
2025-11-17,16.85,16.95,16.66,16.77,11556900
2025-11-18,16.75,16.76,16.4,16.44,10297166
2025-11-19,16.42,16.56,16.27,16.4,8706485
2025-11-20,16.46,16.47,16.14,16.17,8775742
2025-11-21,16.12,16.24,15.65,15.78,15995372
2025-11-24,15.85,16.15,15.76,16.15,11641870
2025-11-25,16.09,16.24,16.0,16.1,9682211
2025-11-26,16.08,16.19,15.87,15.88,8776572
2025-11-27,15.88,16.04,15.8,15.9,6436733
2025-11-28,15.94,16.15,15.9,16.15,6943313
2025-12-01,16.2,16.65,16.19,16.58,14675961
2025-12-02,16.51,16.74,16.42,16.44,8388491
2025-12-03,16.42,16.73,16.28,16.55,11574844
2025-12-04,16.45,16.79,16.42,16.72,15149260
2025-12-05,16.68,16.93,16.59,16.92,15859887
2025-12-08,17.26,17.85,17.25,17.34,41822033
2025-12-09,17.28,17.48,17.06,17.17,17852299
2025-12-10,17.1,17.45,17.06,17.4,17380461
2025-12-11,17.4,17.6,17.23,17.25,17784709
2025-12-12,17.28,18.12,17.21,17.99,47438327
2025-12-15,18.19,20.69,17.94,19.27,104918196
2025-12-16,19.31,19.45,18.34,18.73,68940418
2025-12-17,18.49,18.59,17.8,18.3,44079195
2025-12-18,18.11,19.16,17.98,18.77,59627135
2025-12-19,18.73,19.37,18.59,18.88,44999154
2025-12-22,18.95,19.06,18.47,18.52,36350242
2025-12-23,18.6,18.86,18.1,18.19,37449293
2025-12-24,17.75,19.08,17.74,18.8,38110186
2025-12-25,18.93,19.99,18.81,19.65,58743251
2025-12-26,19.68,20.17,19.38,19.58,53307217
2025-12-29,19.43,20.2,19.21,19.77,50622734
2025-12-30,19.66,19.74,19.09,19.2,41109580
2025-12-31,19.23,19.75,18.93,19.58,36277569
2026-01-05,20.53,20.88,19.58,19.86,52355556
2026-01-06,19.95,20.16,19.6,20.06,38054431
2026-01-07,19.98,20.34,19.73,20.06,32523482
2026-01-08,19.95,21.3,19.85,21.0,55796241
2026-01-09,21.42,21.81,20.79,21.1,60240979
2026-01-12,21.9,22.51,21.43,22.29,63528268
2026-01-13,22.05,22.09,20.54,20.61,59519040
2026-01-14,20.76,23.27,20.59,22.21,83122262
2026-01-15,22.01,23.63,22.01,22.45,63092308
2026-01-16,22.61,23.17,21.7,22.01,49612605
2026-01-19,21.6,22.75,20.56,22.3,64401960
2026-01-20,22.47,23.17,20.99,21.22,47018759
2026-01-21,20.95,21.45,20.75,20.8,32360761
2026-01-22,20.99,24.12,20.83,23.5,89562916
2026-01-23,22.97,23.33,22.37,22.6,61684888
2026-01-26,22.5,23.15,21.84,22.05,49986713
2026-01-27,21.79,22.87,21.45,22.6,47935995
2026-01-28,22.35,22.36,21.51,21.89,35689667
2026-01-29,21.89,22.31,21.38,21.38,35276991
2026-01-30,21.31,21.38,19.8,20.3,42723572
2026-02-02,20.34,20.91,20.15,20.17,27303457
2026-02-03,20.43,21.19,20.27,20.96,25580669
2026-02-04,20.96,22.73,20.81,21.55,37619449
2026-02-05,21.17,22.25,21.11,21.52,26040206
2026-02-06,21.18,21.55,20.61,20.61,25304963
2026-02-09,20.99,21.15,20.65,20.84,18295648
2026-02-10,20.85,21.01,20.28,20.64,17900674
2026-02-11,20.48,20.77,20.33,20.35,16328849
2026-02-12,20.36,21.25,20.21,20.9,22945086
2026-02-13,20.9,21.15,20.54,20.54,17617649
2026-02-24,20.93,21.17,20.73,20.85,17681597
2026-02-25,20.86,22.35,20.76,21.99,38487983
2026-02-26,22.07,25.49,21.94,24.9,101610576
2026-02-27,24.79,25.3,24.07,24.35,51761001
2026-03-02,24.51,24.66,23.2,23.59,56780771
2026-03-03,23.55,23.55,21.19,21.31,58139461
2026-03-04,21.05,21.85,20.96,21.46,30238539
2026-03-05,22.53,22.53,21.31,21.61,28898724
2026-03-06,21.41,23.42,21.32,22.4,48702367
2026-03-09,21.91,22.0,20.99,21.74,40653659
2026-03-10,21.88,22.83,21.88,22.27,29142172
2026-03-11,22.46,22.54,21.65,21.67,28764745
2026-03-12,21.55,21.55,20.89,21.05,23761626
2026-03-13,20.85,20.94,20.14,20.23,25279822
2026-03-16,20.21,20.34,19.77,20.15,19009657
2026-03-17,20.25,20.33,19.49,19.51,18904700
2026-03-18,19.57,19.9,19.3,19.85,14937390
2026-03-19,19.43,19.7,19.16,19.38,16307639
2026-03-20,19.37,19.58,18.59,18.61,22979205
2026-03-23,18.28,18.52,17.51,17.71,25122330
2026-03-24,18.09,18.28,17.47,17.93,17405516
2026-03-25,18.01,18.42,18.0,18.28,16271851
2026-03-26,18.3,18.4,17.83,17.94,13789767
2026-03-27,17.62,18.21,17.59,18.09,11361960
2026-03-30,17.84,18.2,17.7,18.11,12055540
2026-03-31,18.16,18.65,18.08,18.1,16489322
2026-04-01,18.49,18.57,18.01,18.15,13947235
2026-04-02,18.06,18.25,17.73,17.87,11201267
2026-04-03,18.04,18.16,17.3,17.33,11323361
2026-04-07,17.46,17.59,17.38,17.5,8402073
2026-04-08,18.01,18.47,18.01,18.44,15218061
2026-04-09,18.24,18.5,18.17,18.27,10197498
2026-04-10,18.5,18.88,18.47,18.53,13037014
2026-04-13,18.57,19.58,18.56,19.05,27621268
2026-04-14,19.11,19.3,18.91,19.22,16986983
2026-04-15,19.28,19.54,19.06,19.1,15310096
2026-04-16,19.02,19.29,18.98,19.17,12720903
2026-04-17,19.09,19.34,18.96,19.27,12871151
2026-04-20,19.19,19.66,19.19,19.54,15090344
2026-04-21,19.58,19.89,19.48,19.66,18409840
2026-04-22,19.46,19.65,19.3,19.57,13660982
2026-04-23,20.26,21.06,19.95,20.01,39137345
2026-04-24,20.01,20.22,19.61,19.74,19891685
2026-04-27,19.6,19.95,19.52,19.67,14820386
2026-04-28,19.56,19.68,19.01,19.16,13886146
2026-04-29,19.12,19.44,19.03,19.38,11730656
2026-04-30,19.34,19.84,19.31,19.65,14345879
2026-05-06,19.75,20.27,19.75,20.11,22721732
2026-05-07,20.11,20.39,19.98,20.34,17794091
2026-05-08,20.2,20.87,20.05,20.8,23072496
2026-05-11,21.0,21.26,20.7,21.24,28896306
2026-05-12,21.15,21.15,20.53,20.73,22460770
2026-05-13,20.55,21.25,20.5,21.02,20973734
2026-05-14,21.09,21.09,20.2,20.2,20136692
2026-05-15,20.33,20.56,19.77,19.92,17513868
2026-05-18,19.88,20.4,19.57,19.96,15845371
2026-05-19,19.86,20.0,19.31,19.82,17617972
2026-05-20,19.7,19.89,19.38,19.6,12872606
2026-05-21,19.75,20.97,19.42,19.48,29273129
